WARNING: Package name "gazebo_ros_2Dmap_plugin" does not follow the naming conventions. It should start with a lower case letter and only contain lower case letters, digits, underscores, and dashes.
xacro: in-order processing became default in ROS Melodic. You can drop the option.
WARNING: Package name "gazebo_ros_2Dmap_plugin" does not follow the naming conventions. It should start with a lower case letter and only contain lower case letters, digits, underscores, and dashes.
WARNING: Package name "gazebo_ros_2Dmap_plugin" does not follow the naming conventions. It should start with a lower case letter and only contain lower case letters, digits, underscores, and dashes.
[INFO] [1783913938.983044, 0.000000]: Loading model XML from ros parameter robot_description
[INFO] [1783913938.986992, 0.000000]: Waiting for service /gazebo/spawn_urdf_model
[INFO] [1783913939.892055, 0.078000]: Calling service /gazebo/spawn_urdf_model
[INFO] [1783913940.164715, 0.178000]: Spawn status: SpawnModel: Successfully spawned entity
... logging to /home/robot/.ros/log/614cbc80-7e6c-11f1-91bc-3382cc4c3ed1/roslaunch-WP-707144.log
Checking log directory for disk usage. This may take a while.
Press Ctrl-C to interrupt
]2;/home/robot/robot_ws_base_rl/src/tools/thesis_experiment/launch/t11_formal_run.launch
[1mstarted roslaunch server http://WP:37177/[0m

SUMMARY
========

PARAMETERS
 * /gazebo/enable_ros_network: True
 * /m2_gazebo/simulation_only: True
 * /m2_robot_state_publisher/publish_frequency: 30.0
 * /move_base/TebLocalPlannerROS/acc_lim_theta: 0.8
 * /move_base/TebLocalPlannerROS/acc_lim_x: 0.8
 * /move_base/TebLocalPlannerROS/allow_init_with_backwards_motion: True
 * /move_base/TebLocalPlannerROS/cmd_angle_instead_rotvel: False
 * /move_base/TebLocalPlannerROS/costmap_obstacles_behind_robot_dist: 1.5
 * /move_base/TebLocalPlannerROS/dt_hysteresis: 0.1
 * /move_base/TebLocalPlannerROS/dt_ref: 0.3
 * /move_base/TebLocalPlannerROS/enable_homotopy_class_planning: False
 * /move_base/TebLocalPlannerROS/enable_multithreading: True
 * /move_base/TebLocalPlannerROS/feasibility_check_no_poses: 5
 * /move_base/TebLocalPlannerROS/footprint_model/type: polygon
 * /move_base/TebLocalPlannerROS/footprint_model/vertices: [[0.52, 0.35], [0...
 * /move_base/TebLocalPlannerROS/global_plan_overwrite_orientation: True
 * /move_base/TebLocalPlannerROS/include_costmap_obstacles: True
 * /move_base/TebLocalPlannerROS/inflation_dist: 0.55
 * /move_base/TebLocalPlannerROS/map_frame: odom
 * /move_base/TebLocalPlannerROS/max_global_plan_lookahead_dist: 8.0
 * /move_base/TebLocalPlannerROS/max_number_classes: 4
 * /move_base/TebLocalPlannerROS/max_samples: 500
 * /move_base/TebLocalPlannerROS/max_vel_theta: 1.0
 * /move_base/TebLocalPlannerROS/max_vel_x: 1.2
 * /move_base/TebLocalPlannerROS/max_vel_x_backwards: 0.6
 * /move_base/TebLocalPlannerROS/max_vel_y: 0.0
 * /move_base/TebLocalPlannerROS/min_obstacle_dist: 0.25
 * /move_base/TebLocalPlannerROS/min_turning_radius: 1.2
 * /move_base/TebLocalPlannerROS/obstacle_poses_affected: 15
 * /move_base/TebLocalPlannerROS/odom_topic: /odom
 * /move_base/TebLocalPlannerROS/teb_autosize: True
 * /move_base/TebLocalPlannerROS/weight_acc_lim_theta: 1.0
 * /move_base/TebLocalPlannerROS/weight_acc_lim_x: 1.0
 * /move_base/TebLocalPlannerROS/weight_adapt_factor: 2.0
 * /move_base/TebLocalPlannerROS/weight_inflation: 0.1
 * /move_base/TebLocalPlannerROS/weight_kinematics_forward_drive: 10.0
 * /move_base/TebLocalPlannerROS/weight_kinematics_nh: 1000.0
 * /move_base/TebLocalPlannerROS/weight_kinematics_turning_radius: 10.0
 * /move_base/TebLocalPlannerROS/weight_max_vel_theta: 1.0
 * /move_base/TebLocalPlannerROS/weight_max_vel_x: 2.0
 * /move_base/TebLocalPlannerROS/weight_obstacle: 50.0
 * /move_base/TebLocalPlannerROS/weight_optimaltime: 1.0
 * /move_base/TebLocalPlannerROS/weight_viapoint: 1.0
 * /move_base/TebLocalPlannerROS/wheelbase: 0.65
 * /move_base/base_global_planner: navfn/NavfnROS
 * /move_base/base_local_planner: teb_local_planner...
 * /move_base/clearing_rotation_allowed: False
 * /move_base/controller_frequency: 10.0
 * /move_base/controller_patience: 5.0
 * /move_base/global_costmap/footprint: [[0.52, 0.35], [0...
 * /move_base/global_costmap/footprint_padding: 0.05
 * /move_base/global_costmap/global_frame: odom
 * /move_base/global_costmap/height: 30.0
 * /move_base/global_costmap/inflation_layer/cost_scaling_factor: 4.0
 * /move_base/global_costmap/inflation_layer/enabled: True
 * /move_base/global_costmap/inflation_layer/inflation_radius: 0.55
 * /move_base/global_costmap/obstacle_layer/enabled: True
 * /move_base/global_costmap/obstacle_layer/observation_sources: scan
 * /move_base/global_costmap/obstacle_layer/scan/clearing: True
 * /move_base/global_costmap/obstacle_layer/scan/data_type: LaserScan
 * /move_base/global_costmap/obstacle_layer/scan/inf_is_valid: True
 * /move_base/global_costmap/obstacle_layer/scan/marking: True
 * /move_base/global_costmap/obstacle_layer/scan/obstacle_range: 12.0
 * /move_base/global_costmap/obstacle_layer/scan/raytrace_range: 15.0
 * /move_base/global_costmap/obstacle_layer/scan/sensor_frame: laser_link
 * /move_base/global_costmap/obstacle_layer/scan/topic: /scan
 * /move_base/global_costmap/plugins: [{'name': 'obstac...
 * /move_base/global_costmap/publish_frequency: 2.0
 * /move_base/global_costmap/resolution: 0.05
 * /move_base/global_costmap/robot_base_frame: base_link
 * /move_base/global_costmap/rolling_window: True
 * /move_base/global_costmap/transform_tolerance: 0.3
 * /move_base/global_costmap/update_frequency: 5.0
 * /move_base/global_costmap/width: 30.0
 * /move_base/local_costmap/footprint: [[0.52, 0.35], [0...
 * /move_base/local_costmap/footprint_padding: 0.05
 * /move_base/local_costmap/global_frame: odom
 * /move_base/local_costmap/height: 12.0
 * /move_base/local_costmap/inflation_layer/cost_scaling_factor: 4.0
 * /move_base/local_costmap/inflation_layer/enabled: True
 * /move_base/local_costmap/inflation_layer/inflation_radius: 0.55
 * /move_base/local_costmap/obstacle_layer/enabled: True
 * /move_base/local_costmap/obstacle_layer/observation_sources: scan
 * /move_base/local_costmap/obstacle_layer/scan/clearing: True
 * /move_base/local_costmap/obstacle_layer/scan/data_type: LaserScan
 * /move_base/local_costmap/obstacle_layer/scan/inf_is_valid: True
 * /move_base/local_costmap/obstacle_layer/scan/marking: True
 * /move_base/local_costmap/obstacle_layer/scan/obstacle_range: 12.0
 * /move_base/local_costmap/obstacle_layer/scan/raytrace_range: 15.0
 * /move_base/local_costmap/obstacle_layer/scan/sensor_frame: laser_link
 * /move_base/local_costmap/obstacle_layer/scan/topic: /scan
 * /move_base/local_costmap/plugins: [{'name': 'obstac...
 * /move_base/local_costmap/publish_frequency: 5.0
 * /move_base/local_costmap/resolution: 0.05
 * /move_base/local_costmap/robot_base_frame: base_link
 * /move_base/local_costmap/rolling_window: True
 * /move_base/local_costmap/transform_tolerance: 0.3
 * /move_base/local_costmap/update_frequency: 10.0
 * /move_base/local_costmap/width: 12.0
 * /move_base/oscillation_distance: 0.2
 * /move_base/oscillation_timeout: 10.0
 * /move_base/planner_frequency: 1.0
 * /move_base/planner_patience: 5.0
 * /move_base/recovery_behavior_enabled: False
 * /move_base/shutdown_costmaps: False
 * /robot_description: <?xml version="1....
 * /rosdistro: noetic
 * /rosversion: 1.17.4
 * /t11_formal_run/acceptance_eval_seed_limit: 1
 * /t11_formal_run/acceptance_timesteps: 2000
 * /t11_formal_run/algorithm: RL-TEB-Semantic-Eta
 * /t11_formal_run/checkpoint: 
 * /t11_formal_run/config: /home/robot/robot...
 * /t11_formal_run/evaluation_seed_override: 0
 * /t11_formal_run/output_dir: /home/robot/robot...
 * /t11_formal_run/phase: train
 * /t11_formal_run/residual_config: /home/robot/robot...
 * /t11_formal_run/run_id: t12_residual_trai...
 * /t11_formal_run/safety_mode: T12Safety
 * /t11_formal_run/scene_manifest: 
 * /t11_formal_run/semantic_mode: residual_training
 * /t11_formal_run/t12_safety_config: /home/robot/robot...
 * /t11_formal_run/task: T12
 * /t11_formal_run/training_seed: 101
 * /t11_formal_run/zero_action_policy: False
 * /use_sim_time: True

NODES
  /
    gazebo (gazebo_ros/gzserver)
    m2_robot_state_publisher (robot_state_publisher/robot_state_publisher)
    move_base (move_base/move_base)
    spawn_m2 (gazebo_ros/spawn_model)
    t11_formal_run (thesis_experiment/t11_formal_run.py)

auto-starting new master
[1mprocess[master]: started with pid [707230][0m
[1mROS_MASTER_URI=http://localhost:11311[0m
]2;/home/robot/robot_ws_base_rl/src/tools/thesis_experiment/launch/t11_formal_run.launch http://localhost:11311
[1msetting /run_id to 614cbc80-7e6c-11f1-91bc-3382cc4c3ed1[0m
[1mprocess[rosout-1]: started with pid [707274][0m
started core service [/rosout]
[1mprocess[gazebo-2]: started with pid [707284][0m
[1mprocess[spawn_m2-3]: started with pid [707288][0m
[1mprocess[m2_robot_state_publisher-4]: started with pid [707290][0m
[1mprocess[move_base-5]: started with pid [707291][0m
[1mprocess[t11_formal_run-6]: started with pid [707292][0m
[INFO] [1783913940.502819255, 0.400000000]: global_costmap: Using plugin "obstacle_layer"
[INFO] [1783913940.506709537, 0.404000000]:     Subscribed to Topics: scan
[INFO] [1783913940.512844773, 0.410000000]: global_costmap: Using plugin "inflation_layer"
[INFO] [1783913940.527669771, 0.424000000]: local_costmap: Using plugin "obstacle_layer"
[INFO] [1783913940.528473003, 0.426000000]:     Subscribed to Topics: scan
[INFO] [1783913940.533047689, 0.430000000]: local_costmap: Using plugin "inflation_layer"
[INFO] [1783913940.543308211, 0.440000000]: Created local_planner teb_local_planner/TebLocalPlannerROS
[INFO] [1783913940.559600370, 0.456000000]: Footprint model 'polygon' loaded for trajectory optimization.
[INFO] [1783913940.559764764, 0.456000000]: Parallel planning in distinctive topologies disabled.
[INFO] [1783913940.559780779, 0.456000000]: No costmap conversion plugin specified. All occupied costmap cells are treaten as point obstacles.
[INFO] [1783913940.583463317, 0.480000000]: Footprint model 'polygon' loaded for trajectory optimization.
[INFO] [1783913940.752435891, 0.648000000]: Recovery behavior will clear layer 'obstacles'
[INFO] [1783913940.753324267, 0.648000000]: Recovery behavior will clear layer 'obstacles'
[INFO] [1783913940.861038199, 0.758000000]: odom received!
[INFO] [1783913942.666994204, 2.562000000]: Footprint model 'polygon' loaded for trajectory optimization.
[INFO] [1783913943.258786365, 3.154000000]: Footprint model 'polygon' loaded for trajectory optimization.
[INFO] [1783913943.858821124, 3.752000000]: Footprint model 'polygon' loaded for trajectory optimization.
[INFO] [1783913944.409016057, 4.302000000]: Footprint model 'polygon' loaded for trajectory optimization.
[INFO] [1783913946.305916328, 6.198000000]: GOAL Reached!
[INFO] [1783913946.424244536, 6.316000000]: Footprint model 'polygon' loaded for trajectory optimization.
[INFO] [1783913947.251840398, 7.142000000]: Footprint model 'polygon' loaded for trajectory optimization.
[INFO] [1783913947.858620906, 7.750000000]: Footprint model 'polygon' loaded for trajectory optimization.
[INFO] [1783913948.458452960, 8.348000000]: Footprint model 'polygon' loaded for trajectory optimization.
[INFO] [1783913949.055362180, 8.946000000]: Footprint model 'polygon' loaded for trajectory optimization.
[INFO] [1783913951.003051660, 10.892000000]: GOAL Reached!
[INFO] [1783913951.114856746, 11.002000000]: Footprint model 'polygon' loaded for trajectory optimization.
[INFO] [1783913951.955189873, 11.842000000]: Footprint model 'polygon' loaded for trajectory optimization.
[INFO] [1783913952.550982975, 12.436000000]: Footprint model 'polygon' loaded for trajectory optimization.
[INFO] [1783913953.099793745, 12.984000000]: Footprint model 'polygon' loaded for trajectory optimization.
[INFO] [1783913953.748189742, 13.632000000]: Footprint model 'polygon' loaded for trajectory optimization.
[INFO] [1783913955.494104640, 15.378000000]: GOAL Reached!
[INFO] [1783913955.605726859, 15.488000000]: Footprint model 'polygon' loaded for trajectory optimization.
[INFO] [1783913956.441061230, 16.322000000]: Footprint model 'polygon' loaded for trajectory optimization.
[INFO] [1783913956.992003287, 16.872000000]: Footprint model 'polygon' loaded for trajectory optimization.
[INFO] [1783913957.590290373, 17.470000000]: Footprint model 'polygon' loaded for trajectory optimization.
[INFO] [1783913958.238707794, 18.118000000]: Footprint model 'polygon' loaded for trajectory optimization.
[INFO] [1783913960.185203606, 20.064000000]: GOAL Reached!
[INFO] [1783913960.301507776, 20.180000000]: Footprint model 'polygon' loaded for trajectory optimization.
[INFO] [1783913961.144340249, 21.022000000]: Footprint model 'polygon' loaded for trajectory optimization.
[INFO] [1783913961.735690985, 21.612000000]: Footprint model 'polygon' loaded for trajectory optimization.
[INFO] [1783913962.334753957, 22.212000000]: Footprint model 'polygon' loaded for trajectory optimization.
[INFO] [1783913962.888887295, 22.762000000]: Footprint model 'polygon' loaded for trajectory optimization.
[INFO] [1783913964.681872943, 24.556000000]: GOAL Reached!
[INFO] [1783913964.797480301, 24.672000000]: Footprint model 'polygon' loaded for trajectory optimization.
[INFO] [1783913965.628553825, 25.502000000]: Footprint model 'polygon' loaded for trajectory optimization.
[INFO] [1783913966.230023739, 26.104000000]: Footprint model 'polygon' loaded for trajectory optimization.
[INFO] [1783913966.782128096, 26.654000000]: Footprint model 'polygon' loaded for trajectory optimization.
[INFO] [1783913967.430441689, 27.302000000]: Footprint model 'polygon' loaded for trajectory optimization.
[INFO] [1783913969.277703865, 29.148000000]: GOAL Reached!
[INFO] [1783913969.386501668, 29.256000000]: Footprint model 'polygon' loaded for trajectory optimization.
[INFO] [1783913970.212058573, 30.082000000]: Footprint model 'polygon' loaded for trajectory optimization.
[INFO] [1783913970.818941979, 30.686000000]: Footprint model 'polygon' loaded for trajectory optimization.
[INFO] [1783913971.416409025, 31.282000000]: Footprint model 'polygon' loaded for trajectory optimization.
[INFO] [1783913972.017700901, 31.886000000]: Footprint model 'polygon' loaded for trajectory optimization.
[INFO] [1783913973.865266327, 33.730000000]: GOAL Reached!
[INFO] [1783913973.983134770, 33.848000000]: Footprint model 'polygon' loaded for trajectory optimization.
[INFO] [1783913974.816744704, 34.682000000]: Footprint model 'polygon' loaded for trajectory optimization.
[INFO] [1783913975.370976255, 35.234000000]: Footprint model 'polygon' loaded for trajectory optimization.
[INFO] [1783913976.020241897, 35.882000000]: Footprint model 'polygon' loaded for trajectory optimization.
[INFO] [1783913976.619047630, 36.482000000]: Footprint model 'polygon' loaded for trajectory optimization.
[INFO] [1783913978.466960548, 38.326000000]: GOAL Reached!
[INFO] [1783913978.575582615, 38.434000000]: Footprint model 'polygon' loaded for trajectory optimization.
[INFO] [1783913979.402918130, 39.262000000]: Footprint model 'polygon' loaded for trajectory optimization.
[INFO] [1783913980.011460370, 39.870000000]: Footprint model 'polygon' loaded for trajectory optimization.
[INFO] [1783913980.560773300, 40.420000000]: Footprint model 'polygon' loaded for trajectory optimization.
[INFO] [1783913981.210886791, 41.070000000]: Footprint model 'polygon' loaded for trajectory optimization.
[INFO] [1783913983.057294399, 42.914000000]: GOAL Reached!
[INFO] [1783913983.173678388, 43.030000000]: Footprint model 'polygon' loaded for trajectory optimization.
[INFO] [1783913984.007690878, 43.862000000]: Footprint model 'polygon' loaded for trajectory optimization.
[INFO] [1783913984.610951136, 44.466000000]: Footprint model 'polygon' loaded for trajectory optimization.
[INFO] [1783913985.207778926, 45.062000000]: Footprint model 'polygon' loaded for trajectory optimization.
[INFO] [1783913985.805480262, 45.658000000]: Footprint model 'polygon' loaded for trajectory optimization.
[INFO] [1783913987.753728040, 47.606000000]: GOAL Reached!
[INFO] [1783913987.871572650, 47.724000000]: Footprint model 'polygon' loaded for trajectory optimization.
[INFO] [1783913988.710687194, 48.564000000]: Footprint model 'polygon' loaded for trajectory optimization.
[INFO] [1783913989.255284609, 49.106000000]: Footprint model 'polygon' loaded for trajectory optimization.
[INFO] [1783913989.852878414, 49.704000000]: Footprint model 'polygon' loaded for trajectory optimization.
[INFO] [1783913990.505106817, 50.354000000]: Footprint model 'polygon' loaded for trajectory optimization.
[INFO] [1783913992.250305478, 52.098000000]: GOAL Reached!
[INFO] [1783913992.367361429, 52.214000000]: Footprint model 'polygon' loaded for trajectory optimization.
[INFO] [1783913993.195795389, 53.042000000]: Footprint model 'polygon' loaded for trajectory optimization.
[INFO] [1783913993.800218867, 53.646000000]: Footprint model 'polygon' loaded for trajectory optimization.
[INFO] [1783913994.348492424, 54.196000000]: Footprint model 'polygon' loaded for trajectory optimization.
[INFO] [1783913994.998651068, 54.844000000]: Footprint model 'polygon' loaded for trajectory optimization.
[INFO] [1783913996.844736138, 56.690000000]: GOAL Reached!
[INFO] [1783913996.959941137, 56.804000000]: Footprint model 'polygon' loaded for trajectory optimization.
[INFO] [1783913997.800016751, 57.642000000]: Footprint model 'polygon' loaded for trajectory optimization.
[INFO] [1783913998.396975207, 58.240000000]: Footprint model 'polygon' loaded for trajectory optimization.
[INFO] [1783913998.994006523, 58.838000000]: Footprint model 'polygon' loaded for trajectory optimization.
[INFO] [1783913999.596142879, 59.436000000]: Footprint model 'polygon' loaded for trajectory optimization.
[INFO] [1783914001.345428902, 61.182000000]: GOAL Reached!
[INFO] [1783914001.465325667, 61.302000000]: Footprint model 'polygon' loaded for trajectory optimization.
[INFO] [1783914002.304270631, 62.142000000]: Footprint model 'polygon' loaded for trajectory optimization.
[INFO] [1783914002.899701247, 62.738000000]: Footprint model 'polygon' loaded for trajectory optimization.
[INFO] [1783914003.447487168, 63.286000000]: Footprint model 'polygon' loaded for trajectory optimization.
[INFO] [1783914004.095056846, 63.934000000]: Footprint model 'polygon' loaded for trajectory optimization.
[INFO] [1783914005.845512482, 65.680000000]: GOAL Reached!
[INFO] [1783914005.971290497, 65.806000000]: Footprint model 'polygon' loaded for trajectory optimization.
[INFO] [1783914006.807040799, 66.642000000]: Footprint model 'polygon' loaded for trajectory optimization.
[INFO] [1783914007.404612451, 67.240000000]: Footprint model 'polygon' loaded for trajectory optimization.
[INFO] [1783914008.005051028, 67.838000000]: Footprint model 'polygon' loaded for trajectory optimization.
[INFO] [1783914008.604193853, 68.436000000]: Footprint model 'polygon' loaded for trajectory optimization.
[INFO] [1783914010.451009484, 70.282000000]: GOAL Reached!
[INFO] [1783914010.561450750, 70.392000000]: Footprint model 'polygon' loaded for trajectory optimization.
[INFO] [1783914011.391343945, 71.222000000]: Footprint model 'polygon' loaded for trajectory optimization.
[INFO] [1783914012.002669694, 71.832000000]: Footprint model 'polygon' loaded for trajectory optimization.
[INFO] [1783914012.600806103, 72.430000000]: Footprint model 'polygon' loaded for trajectory optimization.
[INFO] [1783914013.197571907, 73.028000000]: Footprint model 'polygon' loaded for trajectory optimization.
[INFO] [1783914015.049232512, 74.874000000]: GOAL Reached!
[INFO] [1783914015.168176208, 74.992000000]: Footprint model 'polygon' loaded for trajectory optimization.
[INFO] [1783914016.000188826, 75.824000000]: Footprint model 'polygon' loaded for trajectory optimization.
[INFO] [1783914016.615610733, 76.440000000]: Footprint model 'polygon' loaded for trajectory optimization.
[INFO] [1783914017.163418559, 76.988000000]: Footprint model 'polygon' loaded for trajectory optimization.
[INFO] [1783914017.812426013, 77.636000000]: Footprint model 'polygon' loaded for trajectory optimization.
[INFO] [1783914019.547480608, 79.372000000]: GOAL Reached!
[INFO] [1783914019.664249460, 79.486000000]: Footprint model 'polygon' loaded for trajectory optimization.
[INFO] [1783914020.508412498, 80.332000000]: Footprint model 'polygon' loaded for trajectory optimization.
[INFO] [1783914021.100792515, 80.924000000]: Footprint model 'polygon' loaded for trajectory optimization.
[INFO] [1783914021.700989960, 81.524000000]: Footprint model 'polygon' loaded for trajectory optimization.
[INFO] [1783914022.301040141, 82.122000000]: Footprint model 'polygon' loaded for trajectory optimization.
[INFO] [1783914024.141651433, 83.962000000]: GOAL Reached!
[INFO] [1783914024.259039701, 84.078000000]: Footprint model 'polygon' loaded for trajectory optimization.
[INFO] [1783914025.092744713, 84.912000000]: Footprint model 'polygon' loaded for trajectory optimization.
[INFO] [1783914025.649583182, 85.468000000]: Footprint model 'polygon' loaded for trajectory optimization.
[INFO] [1783914026.297617234, 86.116000000]: Footprint model 'polygon' loaded for trajectory optimization.
[INFO] [1783914026.898459241, 86.714000000]: Footprint model 'polygon' loaded for trajectory optimization.
[INFO] [1783914028.636946786, 88.454000000]: GOAL Reached!
[INFO] [1783914028.756035194, 88.572000000]: Footprint model 'polygon' loaded for trajectory optimization.
[INFO] [1783914029.596705371, 89.410000000]: Footprint model 'polygon' loaded for trajectory optimization.
[INFO] [1783914030.197644262, 90.012000000]: Footprint model 'polygon' loaded for trajectory optimization.
[INFO] [1783914030.803801332, 90.616000000]: Footprint model 'polygon' loaded for trajectory optimization.
[INFO] [1783914031.348690292, 91.160000000]: Footprint model 'polygon' loaded for trajectory optimization.
[INFO] [1783914033.336873400, 93.148000000]: GOAL Reached!
[INFO] [1783914033.451652378, 93.262000000]: Footprint model 'polygon' loaded for trajectory optimization.
[INFO] [1783914034.299745443, 94.110000000]: Footprint model 'polygon' loaded for trajectory optimization.
[INFO] [1783914034.848233727, 94.658000000]: Footprint model 'polygon' loaded for trajectory optimization.
[INFO] [1783914035.495132586, 95.304000000]: Footprint model 'polygon' loaded for trajectory optimization.
[INFO] [1783914036.092089670, 95.902000000]: Footprint model 'polygon' loaded for trajectory optimization.
[INFO] [1783914037.934322046, 97.742000000]: GOAL Reached!
[INFO] [1783914038.052056126, 97.858000000]: Footprint model 'polygon' loaded for trajectory optimization.
[INFO] [1783914038.883597134, 98.690000000]: Footprint model 'polygon' loaded for trajectory optimization.
[INFO] [1783914039.442240830, 99.248000000]: Footprint model 'polygon' loaded for trajectory optimization.
[INFO] [1783914040.091849738, 99.896000000]: Footprint model 'polygon' loaded for trajectory optimization.
[INFO] [1783914040.695032910, 100.498000000]: Footprint model 'polygon' loaded for trajectory optimization.
[INFO] [1783914042.435473253, 102.236000000]: GOAL Reached!
[INFO] [1783914042.552389023, 102.352000000]: Footprint model 'polygon' loaded for trajectory optimization.
[INFO] [1783914043.388545293, 103.190000000]: Footprint model 'polygon' loaded for trajectory optimization.
[INFO] [1783914043.943364464, 103.742000000]: Footprint model 'polygon' loaded for trajectory optimization.
[INFO] [1783914044.589481862, 104.388000000]: Footprint model 'polygon' loaded for trajectory optimization.
[INFO] [1783914045.186778320, 104.988000000]: Footprint model 'polygon' loaded for trajectory optimization.
[INFO] [1783914046.929070932, 106.728000000]: GOAL Reached!
[INFO] [1783914047.045612291, 106.844000000]: Footprint model 'polygon' loaded for trajectory optimization.
[INFO] [1783914047.896744094, 107.694000000]: Footprint model 'polygon' loaded for trajectory optimization.
[INFO] [1783914048.435610399, 108.234000000]: Footprint model 'polygon' loaded for trajectory optimization.
[INFO] [1783914049.084863092, 108.882000000]: Footprint model 'polygon' loaded for trajectory optimization.
[INFO] [1783914049.682538371, 109.480000000]: Footprint model 'polygon' loaded for trajectory optimization.
[INFO] [1783914051.427703121, 111.220000000]: GOAL Reached!
[INFO] [1783914051.547318426, 111.340000000]: Footprint model 'polygon' loaded for trajectory optimization.
[INFO] [1783914052.398533000, 112.192000000]: Footprint model 'polygon' loaded for trajectory optimization.
[INFO] [1783914052.942855694, 112.736000000]: Footprint model 'polygon' loaded for trajectory optimization.
[INFO] [1783914053.589883814, 113.380000000]: Footprint model 'polygon' loaded for trajectory optimization.
[INFO] [1783914054.139770631, 113.930000000]: Footprint model 'polygon' loaded for trajectory optimization.
[INFO] [1783914056.029558039, 115.818000000]: GOAL Reached!
[INFO] [1783914056.148070653, 115.936000000]: Footprint model 'polygon' loaded for trajectory optimization.
[INFO] [1783914057.004134651, 116.792000000]: Footprint model 'polygon' loaded for trajectory optimization.
[INFO] [1783914057.589807691, 117.378000000]: Footprint model 'polygon' loaded for trajectory optimization.
[INFO] [1783914058.189056828, 117.976000000]: Footprint model 'polygon' loaded for trajectory optimization.
[INFO] [1783914058.739822289, 118.526000000]: Footprint model 'polygon' loaded for trajectory optimization.
[INFO] [1783914060.729318597, 120.514000000]: GOAL Reached!
[INFO] [1783914060.835709697, 120.620000000]: Footprint model 'polygon' loaded for trajectory optimization.
[INFO] [1783914061.687756933, 121.470000000]: Footprint model 'polygon' loaded for trajectory optimization.
[INFO] [1783914062.232738455, 122.016000000]: Footprint model 'polygon' loaded for trajectory optimization.
[INFO] [1783914062.831731397, 122.614000000]: Footprint model 'polygon' loaded for trajectory optimization.
[INFO] [1783914063.477747388, 123.262000000]: Footprint model 'polygon' loaded for trajectory optimization.
[INFO] [1783914065.322465415, 125.102000000]: GOAL Reached!
[INFO] [1783914065.431794293, 125.212000000]: Footprint model 'polygon' loaded for trajectory optimization.
[INFO] [1783914066.271942633, 126.052000000]: Footprint model 'polygon' loaded for trajectory optimization.
[INFO] [1783914066.872591945, 126.652000000]: Footprint model 'polygon' loaded for trajectory optimization.
[INFO] [1783914067.469728017, 127.248000000]: Footprint model 'polygon' loaded for trajectory optimization.
[INFO] [1783914068.020174538, 127.800000000]: Footprint model 'polygon' loaded for trajectory optimization.
[INFO] [1783914069.909974050, 129.688000000]: GOAL Reached!
[INFO] [1783914070.028528695, 129.804000000]: Footprint model 'polygon' loaded for trajectory optimization.
[INFO] [1783914070.876509297, 130.652000000]: Footprint model 'polygon' loaded for trajectory optimization.
[INFO] [1783914071.468532513, 131.244000000]: Footprint model 'polygon' loaded for trajectory optimization.
[INFO] [1783914072.069813295, 131.844000000]: Footprint model 'polygon' loaded for trajectory optimization.
[INFO] [1783914072.669611318, 132.442000000]: Footprint model 'polygon' loaded for trajectory optimization.
[INFO] [1783914074.408921920, 134.182000000]: GOAL Reached!
[INFO] [1783914074.525506709, 134.298000000]: Footprint model 'polygon' loaded for trajectory optimization.
[INFO] [1783914075.378039484, 135.150000000]: Footprint model 'polygon' loaded for trajectory optimization.
[INFO] [1783914075.923099892, 135.694000000]: Footprint model 'polygon' loaded for trajectory optimization.
[INFO] [1783914076.572430156, 136.342000000]: Footprint model 'polygon' loaded for trajectory optimization.
[INFO] [1783914077.122752216, 136.892000000]: Footprint model 'polygon' loaded for trajectory optimization.
[INFO] [1783914078.809871742, 138.580000000]: GOAL Reached!
[INFO] [1783914078.928127354, 138.698000000]: Footprint model 'polygon' loaded for trajectory optimization.
[INFO] [1783914079.784679950, 139.552000000]: Footprint model 'polygon' loaded for trajectory optimization.
[INFO] [1783914080.325068431, 140.092000000]: Footprint model 'polygon' loaded for trajectory optimization.
[INFO] [1783914080.970676989, 140.738000000]: Footprint model 'polygon' loaded for trajectory optimization.
[INFO] [1783914081.518052577, 141.286000000]: Footprint model 'polygon' loaded for trajectory optimization.
[INFO] [1783914083.506833037, 143.274000000]: GOAL Reached!
[INFO] [1783914083.623733118, 143.390000000]: Footprint model 'polygon' loaded for trajectory optimization.
[INFO] [1783914084.466392882, 144.228000000]: Footprint model 'polygon' loaded for trajectory optimization.
[INFO] [1783914085.062608141, 144.826000000]: Footprint model 'polygon' loaded for trajectory optimization.
[INFO] [1783914085.663979535, 145.426000000]: Footprint model 'polygon' loaded for trajectory optimization.
[INFO] [1783914086.214754504, 145.976000000]: Footprint model 'polygon' loaded for trajectory optimization.
[INFO] [1783914087.903140289, 147.664000000]: GOAL Reached!
[INFO] [1783914088.015952458, 147.776000000]: Footprint model 'polygon' loaded for trajectory optimization.
[INFO] [1783914088.870722569, 148.632000000]: Footprint model 'polygon' loaded for trajectory optimization.
[INFO] [1783914089.465041452, 149.222000000]: Footprint model 'polygon' loaded for trajectory optimization.
[INFO] [1783914090.010142410, 149.768000000]: Footprint model 'polygon' loaded for trajectory optimization.
[INFO] [1783914090.657483651, 150.416000000]: Footprint model 'polygon' loaded for trajectory optimization.
[INFO] [1783914092.399257857, 152.154000000]: GOAL Reached!
[INFO] [1783914092.513946912, 152.268000000]: Footprint model 'polygon' loaded for trajectory optimization.
[INFO] [1783914093.356220632, 153.108000000]: Footprint model 'polygon' loaded for trajectory optimization.
[INFO] [1783914093.953992209, 153.708000000]: Footprint model 'polygon' loaded for trajectory optimization.
[INFO] [1783914094.502908598, 154.256000000]: Footprint model 'polygon' loaded for trajectory optimization.
[INFO] [1783914095.151702704, 154.904000000]: Footprint model 'polygon' loaded for trajectory optimization.
[INFO] [1783914096.892192183, 156.644000000]: GOAL Reached!
[INFO] [1783914097.007659613, 156.760000000]: Footprint model 'polygon' loaded for trajectory optimization.
[INFO] [1783914097.861104139, 157.610000000]: Footprint model 'polygon' loaded for trajectory optimization.
[INFO] [1783914098.397986896, 158.148000000]: Footprint model 'polygon' loaded for trajectory optimization.
[INFO] [1783914099.004455348, 158.752000000]: Footprint model 'polygon' loaded for trajectory optimization.
[INFO] [1783914099.648812117, 159.396000000]: Footprint model 'polygon' loaded for trajectory optimization.
[INFO] [1783914101.389274238, 161.136000000]: GOAL Reached!
[INFO] [1783914101.497700389, 161.244000000]: Footprint model 'polygon' loaded for trajectory optimization.
[INFO] [1783914102.344704691, 162.088000000]: Footprint model 'polygon' loaded for trajectory optimization.
[INFO] [1783914102.941811850, 162.686000000]: Footprint model 'polygon' loaded for trajectory optimization.
[INFO] [1783914103.490116176, 163.234000000]: Footprint model 'polygon' loaded for trajectory optimization.
[INFO] [1783914104.136494711, 163.880000000]: Footprint model 'polygon' loaded for trajectory optimization.
[INFO] [1783914105.978746823, 165.722000000]: GOAL Reached!
[INFO] [1783914106.096190247, 165.838000000]: Footprint model 'polygon' loaded for trajectory optimization.
[INFO] [1783914106.928703740, 166.670000000]: Footprint model 'polygon' loaded for trajectory optimization.
[INFO] [1783914107.533497872, 167.274000000]: Footprint model 'polygon' loaded for trajectory optimization.
[INFO] [1783914108.132091190, 167.872000000]: Footprint model 'polygon' loaded for trajectory optimization.
[INFO] [1783914108.683026023, 168.424000000]: Footprint model 'polygon' loaded for trajectory optimization.
[INFO] [1783914110.574757513, 170.312000000]: GOAL Reached!
[INFO] [1783914110.689908357, 170.426000000]: Footprint model 'polygon' loaded for trajectory optimization.
[INFO] [1783914111.533435371, 171.270000000]: Footprint model 'polygon' loaded for trajectory optimization.
[INFO] [1783914112.127919014, 171.864000000]: Footprint model 'polygon' loaded for trajectory optimization.
[INFO] [1783914112.729626196, 172.464000000]: Footprint model 'polygon' loaded for trajectory optimization.
[INFO] [1783914113.330784160, 173.064000000]: Footprint model 'polygon' loaded for trajectory optimization.
[INFO] [1783914115.167426132, 174.902000000]: GOAL Reached!
[INFO] [1783914115.276219324, 175.010000000]: Footprint model 'polygon' loaded for trajectory optimization.
[INFO] [1783914116.116247821, 175.848000000]: Footprint model 'polygon' loaded for trajectory optimization.
[INFO] [1783914116.665810198, 176.398000000]: Footprint model 'polygon' loaded for trajectory optimization.
[INFO] [1783914117.324312418, 177.054000000]: Footprint model 'polygon' loaded for trajectory optimization.
[INFO] [1783914117.917744171, 177.648000000]: Footprint model 'polygon' loaded for trajectory optimization.
[INFO] [1783914119.755910279, 179.486000000]: GOAL Reached!
[INFO] [1783914119.865871713, 179.594000000]: Footprint model 'polygon' loaded for trajectory optimization.
[INFO] [1783914120.701568586, 180.430000000]: Footprint model 'polygon' loaded for trajectory optimization.
[INFO] [1783914121.302339094, 181.032000000]: Footprint model 'polygon' loaded for trajectory optimization.
[INFO] [1783914121.905341938, 181.634000000]: Footprint model 'polygon' loaded for trajectory optimization.
[INFO] [1783914122.501292599, 182.230000000]: Footprint model 'polygon' loaded for trajectory optimization.
[INFO] [1783914124.345426160, 184.070000000]: GOAL Reached!
[INFO] [1783914124.463479788, 184.186000000]: Footprint model 'polygon' loaded for trajectory optimization.
[INFO] [1783914125.305830510, 185.030000000]: Footprint model 'polygon' loaded for trajectory optimization.
[INFO] [1783914125.907437549, 185.632000000]: Footprint model 'polygon' loaded for trajectory optimization.
[INFO] [1783914126.454016840, 186.178000000]: Footprint model 'polygon' loaded for trajectory optimization.
[INFO] [1783914127.105756145, 186.828000000]: Footprint model 'polygon' loaded for trajectory optimization.
[INFO] [1783914128.943055387, 188.666000000]: GOAL Reached!
[INFO] [1783914129.060778789, 188.782000000]: Footprint model 'polygon' loaded for trajectory optimization.
[INFO] [1783914129.910174620, 189.630000000]: Footprint model 'polygon' loaded for trajectory optimization.
[INFO] [1783914130.503020387, 190.222000000]: Footprint model 'polygon' loaded for trajectory optimization.
[INFO] [1783914131.049812082, 190.770000000]: Footprint model 'polygon' loaded for trajectory optimization.
[INFO] [1783914131.651646033, 191.372000000]: Footprint model 'polygon' loaded for trajectory optimization.
[INFO] [1783914133.439607596, 193.158000000]: GOAL Reached!
[INFO] [1783914133.549804468, 193.268000000]: Footprint model 'polygon' loaded for trajectory optimization.
[INFO] [1783914134.394232501, 194.110000000]: Footprint model 'polygon' loaded for trajectory optimization.
[INFO] [1783914134.941870490, 194.656000000]: Footprint model 'polygon' loaded for trajectory optimization.
[INFO] [1783914135.586435078, 195.302000000]: Footprint model 'polygon' loaded for trajectory optimization.
[INFO] [1783914136.185859495, 195.902000000]: Footprint model 'polygon' loaded for trajectory optimization.
[INFO] [1783914138.028623300, 197.742000000]: GOAL Reached!
[INFO] [1783914138.149516286, 197.862000000]: Footprint model 'polygon' loaded for trajectory optimization.
[INFO] [1783914138.997291897, 198.710000000]: Footprint model 'polygon' loaded for trajectory optimization.
[INFO] [1783914139.590057376, 199.302000000]: Footprint model 'polygon' loaded for trajectory optimization.
[INFO] [1783914140.140342286, 199.852000000]: Footprint model 'polygon' loaded for trajectory optimization.
[INFO] [1783914140.789271080, 200.500000000]: Footprint model 'polygon' loaded for trajectory optimization.
[INFO] [1783914142.627815644, 202.338000000]: GOAL Reached!
[INFO] [1783914142.745357606, 202.454000000]: Footprint model 'polygon' loaded for trajectory optimization.
[INFO] [1783914143.581333836, 203.290000000]: Footprint model 'polygon' loaded for trajectory optimization.
[INFO] [1783914144.184980375, 203.892000000]: Footprint model 'polygon' loaded for trajectory optimization.
[INFO] [1783914144.733077852, 204.442000000]: Footprint model 'polygon' loaded for trajectory optimization.
[INFO] [1783914145.338689235, 205.046000000]: Footprint model 'polygon' loaded for trajectory optimization.
[INFO] [1783914147.223195311, 206.930000000]: GOAL Reached!
[INFO] [1783914147.330750062, 207.036000000]: Footprint model 'polygon' loaded for trajectory optimization.
[INFO] [1783914148.184051778, 207.888000000]: Footprint model 'polygon' loaded for trajectory optimization.
[INFO] [1783914148.775139787, 208.478000000]: Footprint model 'polygon' loaded for trajectory optimization.
[INFO] [1783914149.375248542, 209.078000000]: Footprint model 'polygon' loaded for trajectory optimization.
[INFO] [1783914149.975506848, 209.678000000]: Footprint model 'polygon' loaded for trajectory optimization.
[INFO] [1783914151.814544022, 211.516000000]: GOAL Reached!
[INFO] [1783914151.937494076, 211.638000000]: Footprint model 'polygon' loaded for trajectory optimization.
[INFO] [1783914152.790646855, 212.490000000]: Footprint model 'polygon' loaded for trajectory optimization.
[INFO] [1783914153.377853147, 213.078000000]: Footprint model 'polygon' loaded for trajectory optimization.
[INFO] [1783914153.981228131, 213.680000000]: Footprint model 'polygon' loaded for trajectory optimization.
[INFO] [1783914154.528429423, 214.226000000]: Footprint model 'polygon' loaded for trajectory optimization.
[INFO] [1783914156.417312189, 216.114000000]: GOAL Reached!
[INFO] [1783914156.539530859, 216.236000000]: Footprint model 'polygon' loaded for trajectory optimization.
[INFO] [1783914157.372836695, 217.068000000]: Footprint model 'polygon' loaded for trajectory optimization.
[INFO] [1783914157.976450808, 217.672000000]: Footprint model 'polygon' loaded for trajectory optimization.
[INFO] [1783914158.579641437, 218.272000000]: Footprint model 'polygon' loaded for trajectory optimization.
[INFO] [1783914159.179859365, 218.874000000]: Footprint model 'polygon' loaded for trajectory optimization.
[INFO] [1783914160.919542349, 220.610000000]: GOAL Reached!
[INFO] [1783914161.036215777, 220.726000000]: Footprint model 'polygon' loaded for trajectory optimization.
[INFO] [1783914161.878223764, 221.568000000]: Footprint model 'polygon' loaded for trajectory optimization.
[INFO] [1783914162.471688347, 222.164000000]: Footprint model 'polygon' loaded for trajectory optimization.
[INFO] [1783914163.073566000, 222.762000000]: Footprint model 'polygon' loaded for trajectory optimization.
[INFO] [1783914163.675350490, 223.364000000]: Footprint model 'polygon' loaded for trajectory optimization.
[INFO] [1783914165.515586886, 225.202000000]: GOAL Reached!
[INFO] [1783914165.628171859, 225.314000000]: Footprint model 'polygon' loaded for trajectory optimization.
[INFO] [1783914166.464337904, 226.152000000]: Footprint model 'polygon' loaded for trajectory optimization.
[INFO] [1783914167.015496048, 226.702000000]: Footprint model 'polygon' loaded for trajectory optimization.
[INFO] [1783914167.667302288, 227.354000000]: Footprint model 'polygon' loaded for trajectory optimization.
[INFO] [1783914168.217322284, 227.902000000]: Footprint model 'polygon' loaded for trajectory optimization.
[INFO] [1783914170.006530205, 229.690000000]: GOAL Reached!
[INFO] [1783914170.128097049, 229.810000000]: Footprint model 'polygon' loaded for trajectory optimization.
[INFO] [1783914170.965630295, 230.650000000]: Footprint model 'polygon' loaded for trajectory optimization.
[INFO] [1783914171.564173567, 231.246000000]: Footprint model 'polygon' loaded for trajectory optimization.
[INFO] [1783914172.114269583, 231.796000000]: Footprint model 'polygon' loaded for trajectory optimization.
[INFO] [1783914172.764162224, 232.446000000]: Footprint model 'polygon' loaded for trajectory optimization.
[INFO] [1783914174.704832088, 234.384000000]: GOAL Reached!
[INFO] [1783914174.813542344, 234.492000000]: Footprint model 'polygon' loaded for trajectory optimization.
[INFO] [1783914175.651257014, 235.330000000]: Footprint model 'polygon' loaded for trajectory optimization.
[INFO] [1783914176.202753675, 235.880000000]: Footprint model 'polygon' loaded for trajectory optimization.
[INFO] [1783914176.852215188, 236.528000000]: Footprint model 'polygon' loaded for trajectory optimization.
[INFO] [1783914177.406394891, 237.080000000]: Footprint model 'polygon' loaded for trajectory optimization.
[INFO] [1783914179.293790576, 238.968000000]: GOAL Reached!
[INFO] [1783914179.417944296, 239.090000000]: Footprint model 'polygon' loaded for trajectory optimization.
[INFO] [1783914180.257895887, 239.930000000]: Footprint model 'polygon' loaded for trajectory optimization.
[INFO] [1783914180.864294602, 240.534000000]: Footprint model 'polygon' loaded for trajectory optimization.
[INFO] [1783914181.413864658, 241.084000000]: Footprint model 'polygon' loaded for trajectory optimization.
[INFO] [1783914182.014391945, 241.684000000]: Footprint model 'polygon' loaded for trajectory optimization.
[INFO] [1783914183.901214598, 243.570000000]: GOAL Reached!
[INFO] [1783914184.023436385, 243.692000000]: Footprint model 'polygon' loaded for trajectory optimization.
[INFO] [1783914184.864430313, 244.530000000]: Footprint model 'polygon' loaded for trajectory optimization.
[INFO] [1783914185.418594488, 245.082000000]: Footprint model 'polygon' loaded for trajectory optimization.
[INFO] [1783914186.063316415, 245.730000000]: Footprint model 'polygon' loaded for trajectory optimization.
[INFO] [1783914186.666801990, 246.330000000]: Footprint model 'polygon' loaded for trajectory optimization.
[INFO] [1783914188.507199229, 248.168000000]: GOAL Reached!
[INFO] [1783914188.625675367, 248.286000000]: Footprint model 'polygon' loaded for trajectory optimization.
[INFO] [1783914189.468570107, 249.130000000]: Footprint model 'polygon' loaded for trajectory optimization.
[INFO] [1783914190.013562805, 249.676000000]: Footprint model 'polygon' loaded for trajectory optimization.
[INFO] [1783914190.662326532, 250.324000000]: Footprint model 'polygon' loaded for trajectory optimization.
[INFO] [1783914191.266633862, 250.924000000]: Footprint model 'polygon' loaded for trajectory optimization.
[INFO] [1783914193.001484497, 252.662000000]: GOAL Reached!
[INFO] [1783914193.115794825, 252.774000000]: Footprint model 'polygon' loaded for trajectory optimization.
[INFO] [1783914193.950459130, 253.608000000]: Footprint model 'polygon' loaded for trajectory optimization.
[INFO] [1783914194.555693443, 254.212000000]: Footprint model 'polygon' loaded for trajectory optimization.
[INFO] [1783914195.105765064, 254.762000000]: Footprint model 'polygon' loaded for trajectory optimization.
[INFO] [1783914195.707565266, 255.364000000]: Footprint model 'polygon' loaded for trajectory optimization.
[INFO] [1783914197.596311749, 257.250000000]: GOAL Reached!
[INFO] [1783914197.706486316, 257.360000000]: Footprint model 'polygon' loaded for trajectory optimization.
[INFO] [1783914198.555937238, 258.208000000]: Footprint model 'polygon' loaded for trajectory optimization.
[INFO] [1783914199.144836945, 258.798000000]: Footprint model 'polygon' loaded for trajectory optimization.
[INFO] [1783914199.748120336, 259.398000000]: Footprint model 'polygon' loaded for trajectory optimization.
[INFO] [1783914200.296581799, 259.948000000]: Footprint model 'polygon' loaded for trajectory optimization.
[INFO] [1783914202.185397568, 261.836000000]: GOAL Reached!
[INFO] [1783914202.304569134, 261.954000000]: Footprint model 'polygon' loaded for trajectory optimization.
[INFO] [1783914203.142034841, 262.790000000]: Footprint model 'polygon' loaded for trajectory optimization.
[INFO] [1783914203.746008177, 263.394000000]: Footprint model 'polygon' loaded for trajectory optimization.
[INFO] [1783914204.347231761, 263.994000000]: Footprint model 'polygon' loaded for trajectory optimization.
[INFO] [1783914204.944297854, 264.590000000]: Footprint model 'polygon' loaded for trajectory optimization.
[INFO] [1783914206.684805140, 266.330000000]: GOAL Reached!
[INFO] [1783914206.808341079, 266.454000000]: Footprint model 'polygon' loaded for trajectory optimization.
[INFO] [1783914207.646759477, 267.288000000]: Footprint model 'polygon' loaded for trajectory optimization.
[INFO] [1783914208.200969360, 267.844000000]: Footprint model 'polygon' loaded for trajectory optimization.
[INFO] [1783914208.852364563, 268.494000000]: Footprint model 'polygon' loaded for trajectory optimization.
[INFO] [1783914209.454077213, 269.096000000]: Footprint model 'polygon' loaded for trajectory optimization.
[INFO] [1783914211.190078245, 270.830000000]: GOAL Reached!
[INFO] [1783914211.310609805, 270.950000000]: Footprint model 'polygon' loaded for trajectory optimization.
[INFO] [1783914212.153988652, 271.790000000]: Footprint model 'polygon' loaded for trajectory optimization.
[INFO] [1783914212.751333156, 272.390000000]: Footprint model 'polygon' loaded for trajectory optimization.
[INFO] [1783914213.352413564, 272.990000000]: Footprint model 'polygon' loaded for trajectory optimization.
[INFO] [1783914213.949137722, 273.586000000]: Footprint model 'polygon' loaded for trajectory optimization.
[INFO] [1783914215.692438849, 275.328000000]: GOAL Reached!
[INFO] [1783914215.800450069, 275.436000000]: Footprint model 'polygon' loaded for trajectory optimization.
[INFO] [1783914216.633353263, 276.270000000]: Footprint model 'polygon' loaded for trajectory optimization.
[INFO] [1783914217.239935336, 276.874000000]: Footprint model 'polygon' loaded for trajectory optimization.
[INFO] [1783914217.842841726, 277.476000000]: Footprint model 'polygon' loaded for trajectory optimization.
[INFO] [1783914218.391449919, 278.024000000]: Footprint model 'polygon' loaded for trajectory optimization.
[INFO] [1783914220.380347486, 280.012000000]: GOAL Reached!
[INFO] [1783914220.497675084, 280.128000000]: Footprint model 'polygon' loaded for trajectory optimization.
[INFO] [1783914221.341289912, 280.970000000]: Footprint model 'polygon' loaded for trajectory optimization.
[INFO] [1783914221.935339822, 281.566000000]: Footprint model 'polygon' loaded for trajectory optimization.
[INFO] [1783914222.534478514, 282.164000000]: Footprint model 'polygon' loaded for trajectory optimization.
[INFO] [1783914223.134998808, 282.762000000]: Footprint model 'polygon' loaded for trajectory optimization.
[INFO] [1783914224.877362457, 284.502000000]: GOAL Reached!
[INFO] [1783914224.993463053, 284.618000000]: Footprint model 'polygon' loaded for trajectory optimization.
[INFO] [1783914225.846359809, 285.470000000]: Footprint model 'polygon' loaded for trajectory optimization.
[INFO] [1783914226.432987455, 286.058000000]: Footprint model 'polygon' loaded for trajectory optimization.
[INFO] [1783914226.982481398, 286.606000000]: Footprint model 'polygon' loaded for trajectory optimization.
[INFO] [1783914227.633311266, 287.256000000]: Footprint model 'polygon' loaded for trajectory optimization.
[INFO] [1783914229.372268511, 288.996000000]: GOAL Reached!
[INFO] [1783914229.484332435, 289.106000000]: Footprint model 'polygon' loaded for trajectory optimization.
[INFO] [1783914230.325687141, 289.948000000]: Footprint model 'polygon' loaded for trajectory optimization.
[INFO] [1783914230.927851752, 290.548000000]: Footprint model 'polygon' loaded for trajectory optimization.
[INFO] [1783914231.476378841, 291.096000000]: Footprint model 'polygon' loaded for trajectory optimization.
[INFO] [1783914232.125245590, 291.744000000]: Footprint model 'polygon' loaded for trajectory optimization.
[INFO] [1783914234.064610482, 293.684000000]: GOAL Reached!
[INFO] [1783914234.177240122, 293.794000000]: Footprint model 'polygon' loaded for trajectory optimization.
[INFO] [1783914235.011366550, 294.630000000]: Footprint model 'polygon' loaded for trajectory optimization.
[INFO] [1783914235.617414938, 295.234000000]: Footprint model 'polygon' loaded for trajectory optimization.
[INFO] [1783914236.217853254, 295.832000000]: Footprint model 'polygon' loaded for trajectory optimization.
[INFO] [1783914236.816810572, 296.430000000]: Footprint model 'polygon' loaded for trajectory optimization.
[INFO] [1783914238.658897602, 298.270000000]: GOAL Reached!
[INFO] [1783914238.777790764, 298.388000000]: Footprint model 'polygon' loaded for trajectory optimization.
[INFO] [1783914239.615989473, 299.228000000]: Footprint model 'polygon' loaded for trajectory optimization.
[INFO] [1783914240.216436412, 299.826000000]: Footprint model 'polygon' loaded for trajectory optimization.
[INFO] [1783914240.762862264, 300.376000000]: Footprint model 'polygon' loaded for trajectory optimization.
[INFO] [1783914241.364229255, 300.976000000]: Footprint model 'polygon' loaded for trajectory optimization.
[INFO] [1783914243.153078348, 302.764000000]: GOAL Reached!
[INFO] [1783914243.272542573, 302.884000000]: Footprint model 'polygon' loaded for trajectory optimization.
[INFO] [1783914244.124424287, 303.730000000]: Footprint model 'polygon' loaded for trajectory optimization.
[INFO] [1783914244.716998111, 304.322000000]: Footprint model 'polygon' loaded for trajectory optimization.
[INFO] [1783914245.266926688, 304.872000000]: Footprint model 'polygon' loaded for trajectory optimization.
[INFO] [1783914245.917749875, 305.522000000]: Footprint model 'polygon' loaded for trajectory optimization.
[INFO] [1783914246.468341417, 306.074000000]: Footprint model 'polygon' loaded for trajectory optimization.
[INFO] [1783914248.156147825, 307.760000000]: GOAL Reached!
[INFO] [1783914248.272366431, 307.876000000]: Footprint model 'polygon' loaded for trajectory optimization.
[INFO] [1783914249.113456346, 308.712000000]: Footprint model 'polygon' loaded for trajectory optimization.
[INFO] [1783914249.663204337, 309.264000000]: Footprint model 'polygon' loaded for trajectory optimization.
[INFO] [1783914250.310450921, 309.912000000]: Footprint model 'polygon' loaded for trajectory optimization.
[INFO] [1783914250.912228146, 310.510000000]: Footprint model 'polygon' loaded for trajectory optimization.
[INFO] [1783914252.754368722, 312.350000000]: GOAL Reached!
[INFO] [1783914252.863877717, 312.460000000]: Footprint model 'polygon' loaded for trajectory optimization.
[INFO] [1783914253.712892195, 313.310000000]: Footprint model 'polygon' loaded for trajectory optimization.
[INFO] [1783914254.302966307, 313.898000000]: Footprint model 'polygon' loaded for trajectory optimization.
[INFO] [1783914254.901858979, 314.496000000]: Footprint model 'polygon' loaded for trajectory optimization.
[INFO] [1783914255.451923244, 315.048000000]: Footprint model 'polygon' loaded for trajectory optimization.
[INFO] [1783914257.441675348, 317.036000000]: GOAL Reached!
[INFO] [1783914257.554308852, 317.148000000]: Footprint model 'polygon' loaded for trajectory optimization.
[INFO] [1783914258.402547327, 317.994000000]: Footprint model 'polygon' loaded for trajectory optimization.
[INFO] [1783914258.995407870, 318.586000000]: Footprint model 'polygon' loaded for trajectory optimization.
[INFO] [1783914259.598290459, 319.186000000]: Footprint model 'polygon' loaded for trajectory optimization.
[INFO] [1783914260.199355432, 319.788000000]: Footprint model 'polygon' loaded for trajectory optimization.
[INFO] [1783914262.037119700, 321.626000000]: GOAL Reached!
[INFO] [1783914262.145872025, 321.734000000]: Footprint model 'polygon' loaded for trajectory optimization.
[INFO] [1783914262.983847834, 322.570000000]: Footprint model 'polygon' loaded for trajectory optimization.
[INFO] [1783914263.537919831, 323.124000000]: Footprint model 'polygon' loaded for trajectory optimization.
[INFO] [1783914264.182319960, 323.770000000]: Footprint model 'polygon' loaded for trajectory optimization.
[INFO] [1783914264.732699493, 324.318000000]: Footprint model 'polygon' loaded for trajectory optimization.
[INFO] [1783914266.622797742, 326.208000000]: GOAL Reached!
[INFO] [1783914266.739469112, 326.324000000]: Footprint model 'polygon' loaded for trajectory optimization.
[INFO] [1783914267.585896471, 327.168000000]: Footprint model 'polygon' loaded for trajectory optimization.
[INFO] [1783914268.129459955, 327.714000000]: Footprint model 'polygon' loaded for trajectory optimization.
[INFO] [1783914268.778594913, 328.362000000]: Footprint model 'polygon' loaded for trajectory optimization.
[INFO] [1783914269.332535683, 328.914000000]: Footprint model 'polygon' loaded for trajectory optimization.
[INFO] [1783914271.220962187, 330.800000000]: GOAL Reached!
[INFO] [1783914271.338229545, 330.916000000]: Footprint model 'polygon' loaded for trajectory optimization.
[INFO] [1783914272.189605048, 331.770000000]: Footprint model 'polygon' loaded for trajectory optimization.
[INFO] [1783914272.730656072, 332.310000000]: Footprint model 'polygon' loaded for trajectory optimization.
[INFO] [1783914273.378136747, 332.956000000]: Footprint model 'polygon' loaded for trajectory optimization.
[INFO] [1783914273.978812191, 333.556000000]: Footprint model 'polygon' loaded for trajectory optimization.
[INFO] [1783914275.820500176, 335.396000000]: GOAL Reached!
[INFO] [1783914275.929928814, 335.506000000]: Footprint model 'polygon' loaded for trajectory optimization.
[INFO] [1783914276.782790199, 336.356000000]: Footprint model 'polygon' loaded for trajectory optimization.
[INFO] [1783914277.324239632, 336.898000000]: Footprint model 'polygon' loaded for trajectory optimization.
[INFO] [1783914277.924581912, 337.496000000]: Footprint model 'polygon' loaded for trajectory optimization.
[INFO] [1783914278.522563044, 338.096000000]: Footprint model 'polygon' loaded for trajectory optimization.
[INFO] [1783914280.515076022, 340.084000000]: GOAL Reached!
[INFO] [1783914280.627041117, 340.196000000]: Footprint model 'polygon' loaded for trajectory optimization.
[INFO] [1783914281.458157383, 341.028000000]: Footprint model 'polygon' loaded for trajectory optimization.
[INFO] [1783914282.066047837, 341.636000000]: Footprint model 'polygon' loaded for trajectory optimization.
[INFO] [1783914282.667268002, 342.234000000]: Footprint model 'polygon' loaded for trajectory optimization.
[INFO] [1783914283.267664026, 342.832000000]: Footprint model 'polygon' loaded for trajectory optimization.
[INFO] [1783914285.106136053, 344.672000000]: GOAL Reached!
[INFO] [1783914285.216275457, 344.782000000]: Footprint model 'polygon' loaded for trajectory optimization.
[INFO] [1783914286.063861802, 345.630000000]: Footprint model 'polygon' loaded for trajectory optimization.
[INFO] [1783914286.606470370, 346.172000000]: Footprint model 'polygon' loaded for trajectory optimization.
[INFO] [1783914287.204262711, 346.768000000]: Footprint model 'polygon' loaded for trajectory optimization.
[INFO] [1783914287.852177924, 347.416000000]: Footprint model 'polygon' loaded for trajectory optimization.
[INFO] [1783914289.695072711, 349.256000000]: GOAL Reached!
[INFO] [1783914289.816264527, 349.376000000]: Footprint model 'polygon' loaded for trajectory optimization.
[INFO] [1783914290.648689977, 350.210000000]: Footprint model 'polygon' loaded for trajectory optimization.
[INFO] [1783914291.252857684, 350.814000000]: Footprint model 'polygon' loaded for trajectory optimization.
[INFO] [1783914291.854368377, 351.414000000]: Footprint model 'polygon' loaded for trajectory optimization.
[INFO] [1783914292.459304164, 352.020000000]: Footprint model 'polygon' loaded for trajectory optimization.
[INFO] [1783914294.393409701, 353.952000000]: GOAL Reached!
[INFO] [1783914294.512231669, 354.070000000]: Footprint model 'polygon' loaded for trajectory optimization.
[INFO] [1783914295.351729143, 354.910000000]: Footprint model 'polygon' loaded for trajectory optimization.
[INFO] [1783914295.952958686, 355.510000000]: Footprint model 'polygon' loaded for trajectory optimization.
[INFO] [1783914296.505173443, 356.062000000]: Footprint model 'polygon' loaded for trajectory optimization.
[INFO] [1783914297.105441853, 356.660000000]: Footprint model 'polygon' loaded for trajectory optimization.
[INFO] [1783914298.996622852, 358.548000000]: GOAL Reached!
[INFO] [1783914299.116789264, 358.668000000]: Footprint model 'polygon' loaded for trajectory optimization.
[INFO] [1783914299.958362056, 359.508000000]: Footprint model 'polygon' loaded for trajectory optimization.
[INFO] [1783914300.558022037, 360.108000000]: Footprint model 'polygon' loaded for trajectory optimization.
[INFO] [1783914301.108302653, 360.658000000]: Footprint model 'polygon' loaded for trajectory optimization.
[INFO] [1783914301.761037655, 361.312000000]: Footprint model 'polygon' loaded for trajectory optimization.
[INFO] [1783914303.598681673, 363.146000000]: GOAL Reached!
[INFO] [1783914303.716872056, 363.264000000]: Footprint model 'polygon' loaded for trajectory optimization.
[INFO] [1783914304.566064932, 364.110000000]: Footprint model 'polygon' loaded for trajectory optimization.
[INFO] [1783914305.160890588, 364.708000000]: Footprint model 'polygon' loaded for trajectory optimization.
[INFO] [1783914305.708372224, 365.256000000]: Footprint model 'polygon' loaded for trajectory optimization.
[INFO] [1783914306.359339896, 365.906000000]: Footprint model 'polygon' loaded for trajectory optimization.
[INFO] [1783914308.100998951, 367.644000000]: GOAL Reached!
[INFO] [1783914308.221603364, 367.764000000]: Footprint model 'polygon' loaded for trajectory optimization.
[INFO] [1783914309.066128416, 368.608000000]: Footprint model 'polygon' loaded for trajectory optimization.
[INFO] [1783914309.665064699, 369.208000000]: Footprint model 'polygon' loaded for trajectory optimization.
[INFO] [1783914310.265112921, 369.808000000]: Footprint model 'polygon' loaded for trajectory optimization.
[INFO] [1783914310.865177087, 370.406000000]: Footprint model 'polygon' loaded for trajectory optimization.
[INFO] [1783914312.804623055, 372.346000000]: GOAL Reached!
[INFO] [1783914312.925730816, 372.466000000]: Footprint model 'polygon' loaded for trajectory optimization.
[INFO] [1783914313.770824936, 373.310000000]: Footprint model 'polygon' loaded for trajectory optimization.
[INFO] [1783914314.361483171, 373.902000000]: Footprint model 'polygon' loaded for trajectory optimization.
[INFO] [1783914314.915040831, 374.452000000]: Footprint model 'polygon' loaded for trajectory optimization.
[INFO] [1783914315.562312956, 375.098000000]: Footprint model 'polygon' loaded for trajectory optimization.
[INFO] [1783914317.204591469, 376.740000000]: GOAL Reached!
[INFO] [1783914317.323413377, 376.858000000]: Footprint model 'polygon' loaded for trajectory optimization.
[INFO] [1783914318.175894020, 377.710000000]: Footprint model 'polygon' loaded for trajectory optimization.
[INFO] [1783914318.722180918, 378.256000000]: Footprint model 'polygon' loaded for trajectory optimization.
[INFO] [1783914319.368274839, 378.902000000]: Footprint model 'polygon' loaded for trajectory optimization.
[INFO] [1783914319.919282400, 379.452000000]: Footprint model 'polygon' loaded for trajectory optimization.
[INFO] [1783914321.909695481, 381.440000000]: GOAL Reached!
[INFO] [1783914322.027665000, 381.558000000]: Footprint model 'polygon' loaded for trajectory optimization.
[INFO] [1783914322.884388419, 382.414000000]: Footprint model 'polygon' loaded for trajectory optimization.
[INFO] [1783914323.420690300, 382.950000000]: Footprint model 'polygon' loaded for trajectory optimization.
[INFO] [1783914324.069842917, 383.598000000]: Footprint model 'polygon' loaded for trajectory optimization.
[INFO] [1783914324.621439707, 384.148000000]: Footprint model 'polygon' loaded for trajectory optimization.
[INFO] [1783914326.507997341, 386.036000000]: GOAL Reached!
[INFO] [1783914326.628167354, 386.156000000]: Footprint model 'polygon' loaded for trajectory optimization.
[INFO] [1783914327.465207682, 386.990000000]: Footprint model 'polygon' loaded for trajectory optimization.
[INFO] [1783914328.070168641, 387.596000000]: Footprint model 'polygon' loaded for trajectory optimization.
[INFO] [1783914328.619487425, 388.144000000]: Footprint model 'polygon' loaded for trajectory optimization.
[INFO] [1783914329.217537759, 388.744000000]: Footprint model 'polygon' loaded for trajectory optimization.
[INFO] [1783914331.106045060, 390.630000000]: GOAL Reached!
[INFO] [1783914331.228256305, 390.750000000]: Footprint model 'polygon' loaded for trajectory optimization.
[INFO] [1783914332.066262717, 391.590000000]: Footprint model 'polygon' loaded for trajectory optimization.
[INFO] [1783914332.668290203, 392.190000000]: Footprint model 'polygon' loaded for trajectory optimization.
[INFO] [1783914333.267884848, 392.790000000]: Footprint model 'polygon' loaded for trajectory optimization.
[INFO] [1783914333.865891926, 393.388000000]: Footprint model 'polygon' loaded for trajectory optimization.
[INFO] [1783914335.807382720, 395.328000000]: GOAL Reached!
[INFO] [1783914335.927127307, 395.446000000]: Footprint model 'polygon' loaded for trajectory optimization.
[INFO] [1783914336.778795778, 396.294000000]: Footprint model 'polygon' loaded for trajectory optimization.
[INFO] [1783914337.372070789, 396.888000000]: Footprint model 'polygon' loaded for trajectory optimization.
[INFO] [1783914337.969437803, 397.486000000]: Footprint model 'polygon' loaded for trajectory optimization.
[INFO] [1783914338.520352549, 398.036000000]: Footprint model 'polygon' loaded for trajectory optimization.
[INFO] [1783914340.307678415, 399.822000000]: GOAL Reached!
[INFO] [1783914340.425575391, 399.940000000]: Footprint model 'polygon' loaded for trajectory optimization.
[INFO] [1783914341.274627286, 400.790000000]: Footprint model 'polygon' loaded for trajectory optimization.
[INFO] [1783914341.866096519, 401.378000000]: Footprint model 'polygon' loaded for trajectory optimization.
[INFO] [1783914342.415469348, 401.930000000]: Footprint model 'polygon' loaded for trajectory optimization.
[INFO] [1783914343.062372598, 402.574000000]: Footprint model 'polygon' loaded for trajectory optimization.
[INFO] [1783914344.902643578, 404.414000000]: GOAL Reached!
[INFO] [1783914345.022093310, 404.532000000]: Footprint model 'polygon' loaded for trajectory optimization.
[INFO] [1783914345.860345077, 405.370000000]: Footprint model 'polygon' loaded for trajectory optimization.
[INFO] [1783914346.461607699, 405.972000000]: Footprint model 'polygon' loaded for trajectory optimization.
[INFO] [1783914347.012663862, 406.522000000]: Footprint model 'polygon' loaded for trajectory optimization.
[INFO] [1783914347.613704315, 407.122000000]: Footprint model 'polygon' loaded for trajectory optimization.
[INFO] [1783914349.503795638, 409.010000000]: GOAL Reached!
[INFO] [1783914349.619459094, 409.126000000]: Footprint model 'polygon' loaded for trajectory optimization.
[INFO] [1783914350.467854037, 409.970000000]: Footprint model 'polygon' loaded for trajectory optimization.
[INFO] [1783914351.010200376, 410.516000000]: Footprint model 'polygon' loaded for trajectory optimization.
[INFO] [1783914351.610866989, 411.116000000]: Footprint model 'polygon' loaded for trajectory optimization.
[INFO] [1783914352.209582017, 411.712000000]: Footprint model 'polygon' loaded for trajectory optimization.
[INFO] [1783914354.000677423, 413.500000000]: GOAL Reached!
[INFO] [1783914354.115089009, 413.616000000]: Footprint model 'polygon' loaded for trajectory optimization.
[INFO] [1783914354.947486517, 414.450000000]: Footprint model 'polygon' loaded for trajectory optimization.
[INFO] [1783914355.555158717, 415.054000000]: Footprint model 'polygon' loaded for trajectory optimization.
[INFO] [1783914356.154990145, 415.654000000]: Footprint model 'polygon' loaded for trajectory optimization.
[INFO] [1783914356.754567230, 416.252000000]: Footprint model 'polygon' loaded for trajectory optimization.
[INFO] [1783914357.306562218, 416.804000000]: Footprint model 'polygon' loaded for trajectory optimization.
[INFO] [1783914358.994996624, 418.490000000]: GOAL Reached!
[INFO] [1783914359.116382665, 418.612000000]: Footprint model 'polygon' loaded for trajectory optimization.
[INFO] [1783914359.953123180, 419.450000000]: Footprint model 'polygon' loaded for trajectory optimization.
[INFO] [1783914360.556576849, 420.052000000]: Footprint model 'polygon' loaded for trajectory optimization.
[INFO] [1783914361.110254482, 420.604000000]: Footprint model 'polygon' loaded for trajectory optimization.
[INFO] [1783914361.708332543, 421.200000000]: Footprint model 'polygon' loaded for trajectory optimization.
[INFO] [1783914363.599140314, 423.090000000]: GOAL Reached!
[INFO] [1783914363.718621766, 423.210000000]: Footprint model 'polygon' loaded for trajectory optimization.
[INFO] [1783914364.558424300, 424.048000000]: Footprint model 'polygon' loaded for trajectory optimization.
[INFO] [1783914365.156112756, 424.648000000]: Footprint model 'polygon' loaded for trajectory optimization.
[INFO] [1783914365.757057757, 425.248000000]: Footprint model 'polygon' loaded for trajectory optimization.
[INFO] [1783914366.308151844, 425.798000000]: Footprint model 'polygon' loaded for trajectory optimization.
[INFO] [1783914368.197703964, 427.686000000]: GOAL Reached!
[INFO] [1783914368.314229470, 427.802000000]: Footprint model 'polygon' loaded for trajectory optimization.
[INFO] [1783914369.163585069, 428.650000000]: Footprint model 'polygon' loaded for trajectory optimization.
[INFO] [1783914369.751946288, 429.238000000]: Footprint model 'polygon' loaded for trajectory optimization.
[INFO] [1783914370.354878348, 429.840000000]: Footprint model 'polygon' loaded for trajectory optimization.
[INFO] [1783914370.904679142, 430.390000000]: Footprint model 'polygon' loaded for trajectory optimization.
[INFO] [1783914372.793980680, 432.278000000]: GOAL Reached!
[INFO] [1783914372.918266821, 432.402000000]: Footprint model 'polygon' loaded for trajectory optimization.
[INFO] [1783914373.767876222, 433.250000000]: Footprint model 'polygon' loaded for trajectory optimization.
[INFO] [1783914374.359699090, 433.842000000]: Footprint model 'polygon' loaded for trajectory optimization.
[INFO] [1783914374.907715499, 434.390000000]: Footprint model 'polygon' loaded for trajectory optimization.
[INFO] [1783914375.560040108, 435.040000000]: Footprint model 'polygon' loaded for trajectory optimization.
[INFO] [1783914377.297634085, 436.778000000]: GOAL Reached!
[INFO] [1783914377.421165390, 436.900000000]: Footprint model 'polygon' loaded for trajectory optimization.
[INFO] [1783914378.270213789, 437.750000000]: Footprint model 'polygon' loaded for trajectory optimization.
[INFO] [1783914378.863075302, 438.342000000]: Footprint model 'polygon' loaded for trajectory optimization.
[INFO] [1783914379.462765773, 438.938000000]: Footprint model 'polygon' loaded for trajectory optimization.
[INFO] [1783914380.061584326, 439.538000000]: Footprint model 'polygon' loaded for trajectory optimization.
[INFO] [1783914381.805161342, 441.278000000]: GOAL Reached!
[INFO] [1783914381.918738560, 441.392000000]: Footprint model 'polygon' loaded for trajectory optimization.
[INFO] [1783914382.759497684, 442.232000000]: Footprint model 'polygon' loaded for trajectory optimization.
[INFO] [1783914383.360066449, 442.832000000]: Footprint model 'polygon' loaded for trajectory optimization.
[INFO] [1783914383.963214610, 443.434000000]: Footprint model 'polygon' loaded for trajectory optimization.
[INFO] [1783914384.506797190, 443.980000000]: Footprint model 'polygon' loaded for trajectory optimization.
[INFO] [1783914386.497565077, 445.968000000]: GOAL Reached!
[INFO] [1783914386.618970469, 446.090000000]: Footprint model 'polygon' loaded for trajectory optimization.
[INFO] [1783914387.462608253, 446.928000000]: Footprint model 'polygon' loaded for trajectory optimization.
[INFO] [1783914388.057337161, 447.526000000]: Footprint model 'polygon' loaded for trajectory optimization.
[INFO] [1783914388.607703553, 448.076000000]: Footprint model 'polygon' loaded for trajectory optimization.
[INFO] [1783914389.256801061, 448.724000000]: Footprint model 'polygon' loaded for trajectory optimization.
[INFO] [1783914390.996240965, 450.464000000]: GOAL Reached!
[INFO] [1783914391.115411498, 450.582000000]: Footprint model 'polygon' loaded for trajectory optimization.
[INFO] [1783914391.966822089, 451.430000000]: Footprint model 'polygon' loaded for trajectory optimization.
[INFO] [1783914392.552095561, 452.018000000]: Footprint model 'polygon' loaded for trajectory optimization.
[INFO] [1783914393.153086720, 452.618000000]: Footprint model 'polygon' loaded for trajectory optimization.
[INFO] [1783914393.705291201, 453.168000000]: Footprint model 'polygon' loaded for trajectory optimization.
[INFO] [1783914395.694969095, 455.156000000]: GOAL Reached!
[INFO] [1783914395.810992865, 455.272000000]: Footprint model 'polygon' loaded for trajectory optimization.
[INFO] [1783914396.646331311, 456.108000000]: Footprint model 'polygon' loaded for trajectory optimization.
[INFO] [1783914397.250193168, 456.712000000]: Footprint model 'polygon' loaded for trajectory optimization.
[INFO] [1783914397.849510345, 457.308000000]: Footprint model 'polygon' loaded for trajectory optimization.
[INFO] [1783914398.452150714, 457.910000000]: Footprint model 'polygon' loaded for trajectory optimization.
[INFO] [1783914400.388990493, 459.848000000]: GOAL Reached!
[INFO] [1783914400.513466521, 459.970000000]: Footprint model 'polygon' loaded for trajectory optimization.
[INFO] [1783914401.353289683, 460.810000000]: Footprint model 'polygon' loaded for trajectory optimization.
[INFO] [1783914401.956956136, 461.412000000]: Footprint model 'polygon' loaded for trajectory optimization.
[INFO] [1783914402.508743691, 461.964000000]: Footprint model 'polygon' loaded for trajectory optimization.
[INFO] [1783914403.155226711, 462.610000000]: Footprint model 'polygon' loaded for trajectory optimization.
[INFO] [1783914404.897541695, 464.352000000]: GOAL Reached!
[INFO] [1783914405.015742373, 464.470000000]: Footprint model 'polygon' loaded for trajectory optimization.
[INFO] [1783914405.859505087, 465.310000000]: Footprint model 'polygon' loaded for trajectory optimization.
[INFO] [1783914406.458686362, 465.908000000]: Footprint model 'polygon' loaded for trajectory optimization.
[INFO] [1783914407.057920904, 466.510000000]: Footprint model 'polygon' loaded for trajectory optimization.
[INFO] [1783914407.656772501, 467.108000000]: Footprint model 'polygon' loaded for trajectory optimization.
[INFO] [1783914409.498914321, 468.948000000]: GOAL Reached!
[INFO] [1783914409.607909813, 469.056000000]: Footprint model 'polygon' loaded for trajectory optimization.
[INFO] [1783914410.441611840, 469.890000000]: Footprint model 'polygon' loaded for trajectory optimization.
[INFO] [1783914411.000601427, 470.448000000]: Footprint model 'polygon' loaded for trajectory optimization.
[INFO] [1783914411.649207493, 471.096000000]: Footprint model 'polygon' loaded for trajectory optimization.
[INFO] [1783914412.248987904, 471.696000000]: Footprint model 'polygon' loaded for trajectory optimization.
[INFO] [1783914413.987489161, 473.434000000]: GOAL Reached!
[INFO] [1783914414.112622507, 473.558000000]: Footprint model 'polygon' loaded for trajectory optimization.
[INFO] [1783914414.966530146, 474.410000000]: Footprint model 'polygon' loaded for trajectory optimization.
[INFO] [1783914415.556521268, 474.998000000]: Footprint model 'polygon' loaded for trajectory optimization.
[INFO] [1783914416.149944926, 475.594000000]: Footprint model 'polygon' loaded for trajectory optimization.
[INFO] [1783914416.703548425, 476.146000000]: Footprint model 'polygon' loaded for trajectory optimization.
[INFO] [1783914418.494051427, 477.934000000]: GOAL Reached!
[INFO] [1783914418.603818816, 478.044000000]: Footprint model 'polygon' loaded for trajectory optimization.
[INFO] [1783914419.453059394, 478.892000000]: Footprint model 'polygon' loaded for trajectory optimization.
[INFO] [1783914420.045087992, 479.484000000]: Footprint model 'polygon' loaded for trajectory optimization.
[INFO] [1783914420.646672160, 480.086000000]: Footprint model 'polygon' loaded for trajectory optimization.
[INFO] [1783914421.245227126, 480.684000000]: Footprint model 'polygon' loaded for trajectory optimization.
[INFO] [1783914422.987903817, 482.422000000]: GOAL Reached!
[INFO] [1783914423.103908863, 482.538000000]: Footprint model 'polygon' loaded for trajectory optimization.
[INFO] [1783914423.934488156, 483.368000000]: Footprint model 'polygon' loaded for trajectory optimization.
[INFO] [1783914424.543208888, 483.976000000]: Footprint model 'polygon' loaded for trajectory optimization.
[INFO] [1783914425.093611839, 484.528000000]: Footprint model 'polygon' loaded for trajectory optimization.
[INFO] [1783914425.743388951, 485.176000000]: Footprint model 'polygon' loaded for trajectory optimization.
[INFO] [1783914427.582863510, 487.014000000]: GOAL Reached!
[INFO] [1783914427.690753406, 487.122000000]: Footprint model 'polygon' loaded for trajectory optimization.
[INFO] [1783914428.539841082, 487.970000000]: Footprint model 'polygon' loaded for trajectory optimization.
[INFO] [1783914429.131919260, 488.564000000]: Footprint model 'polygon' loaded for trajectory optimization.
[INFO] [1783914429.736546702, 489.164000000]: Footprint model 'polygon' loaded for trajectory optimization.
[INFO] [1783914430.333642998, 489.760000000]: Footprint model 'polygon' loaded for trajectory optimization.
[INFO] [1783914432.072719323, 491.500000000]: GOAL Reached!
[INFO] [1783914432.189437106, 491.616000000]: Footprint model 'polygon' loaded for trajectory optimization.
[INFO] [1783914433.024263239, 492.450000000]: Footprint model 'polygon' loaded for trajectory optimization.
[INFO] [1783914433.580578972, 493.006000000]: Footprint model 'polygon' loaded for trajectory optimization.
[INFO] [1783914434.227233198, 493.652000000]: Footprint model 'polygon' loaded for trajectory optimization.
[INFO] [1783914434.826194134, 494.250000000]: Footprint model 'polygon' loaded for trajectory optimization.
[INFO] [1783914436.668567038, 496.090000000]: GOAL Reached!
[INFO] [1783914436.787942949, 496.208000000]: Footprint model 'polygon' loaded for trajectory optimization.
[INFO] [1783914437.628641629, 497.052000000]: Footprint model 'polygon' loaded for trajectory optimization.
[INFO] [1783914438.175745694, 497.594000000]: Footprint model 'polygon' loaded for trajectory optimization.
[INFO] [1783914438.774527592, 498.192000000]: Footprint model 'polygon' loaded for trajectory optimization.
[INFO] [1783914439.421860109, 498.842000000]: Footprint model 'polygon' loaded for trajectory optimization.
[INFO] [1783914441.264610854, 500.682000000]: GOAL Reached!
[INFO] [1783914441.385222684, 500.802000000]: Footprint model 'polygon' loaded for trajectory optimization.
[INFO] [1783914442.237210038, 501.656000000]: Footprint model 'polygon' loaded for trajectory optimization.
[INFO] [1783914442.778418537, 502.196000000]: Footprint model 'polygon' loaded for trajectory optimization.
[INFO] [1783914443.428387333, 502.842000000]: Footprint model 'polygon' loaded for trajectory optimization.
[INFO] [1783914444.028452733, 503.442000000]: Footprint model 'polygon' loaded for trajectory optimization.
[INFO] [1783914445.769101299, 505.180000000]: GOAL Reached!
[INFO] [1783914445.890920555, 505.302000000]: Footprint model 'polygon' loaded for trajectory optimization.
[INFO] [1783914446.734913889, 506.148000000]: Footprint model 'polygon' loaded for trajectory optimization.
[INFO] [1783914447.327743136, 506.740000000]: Footprint model 'polygon' loaded for trajectory optimization.
[INFO] [1783914447.931979708, 507.340000000]: Footprint model 'polygon' loaded for trajectory optimization.
[INFO] [1783914448.481539759, 507.892000000]: Footprint model 'polygon' loaded for trajectory optimization.
[INFO] [1783914450.469135190, 509.878000000]: GOAL Reached!
[INFO] [1783914450.577526843, 509.986000000]: Footprint model 'polygon' loaded for trajectory optimization.
[INFO] [1783914451.423153873, 510.830000000]: Footprint model 'polygon' loaded for trajectory optimization.
[INFO] [1783914452.023232536, 511.428000000]: Footprint model 'polygon' loaded for trajectory optimization.
[INFO] [1783914452.619996534, 512.026000000]: Footprint model 'polygon' loaded for trajectory optimization.
[INFO] [1783914453.217953931, 512.622000000]: Footprint model 'polygon' loaded for trajectory optimization.
[INFO] [1783914455.059341120, 514.464000000]: GOAL Reached!
[INFO] [1783914455.172636606, 514.576000000]: Footprint model 'polygon' loaded for trajectory optimization.
[INFO] [1783914456.008932739, 515.412000000]: Footprint model 'polygon' loaded for trajectory optimization.
[INFO] [1783914456.609081939, 516.012000000]: Footprint model 'polygon' loaded for trajectory optimization.
[INFO] [1783914457.212509790, 516.614000000]: Footprint model 'polygon' loaded for trajectory optimization.
[INFO] [1783914457.811545643, 517.212000000]: Footprint model 'polygon' loaded for trajectory optimization.
[INFO] [1783914458.409998863, 517.810000000]: Footprint model 'polygon' loaded for trajectory optimization.
[INFO] [1783914460.051941131, 519.452000000]: GOAL Reached!
[INFO] [1783914460.172274629, 519.570000000]: Footprint model 'polygon' loaded for trajectory optimization.
[INFO] [1783914461.013007927, 520.412000000]: Footprint model 'polygon' loaded for trajectory optimization.
[INFO] [1783914461.563524655, 520.960000000]: Footprint model 'polygon' loaded for trajectory optimization.
[INFO] [1783914462.162002178, 521.560000000]: Footprint model 'polygon' loaded for trajectory optimization.
[INFO] [1783914462.811901422, 522.210000000]: Footprint model 'polygon' loaded for trajectory optimization.
[INFO] [1783914464.653288235, 524.048000000]: GOAL Reached!
[INFO] [1783914464.763605858, 524.158000000]: Footprint model 'polygon' loaded for trajectory optimization.
[INFO] [1783914465.615390818, 525.010000000]: Footprint model 'polygon' loaded for trajectory optimization.
[INFO] [1783914466.154188591, 525.548000000]: Footprint model 'polygon' loaded for trajectory optimization.
[INFO] [1783914466.806569679, 526.200000000]: Footprint model 'polygon' loaded for trajectory optimization.
[INFO] [1783914467.403234196, 526.796000000]: Footprint model 'polygon' loaded for trajectory optimization.
[INFO] [1783914469.246892490, 528.636000000]: GOAL Reached!
[INFO] [1783914469.371049386, 528.760000000]: Footprint model 'polygon' loaded for trajectory optimization.
[INFO] [1783914470.218561904, 529.608000000]: Footprint model 'polygon' loaded for trajectory optimization.
[INFO] [1783914470.810105454, 530.198000000]: Footprint model 'polygon' loaded for trajectory optimization.
[INFO] [1783914471.407072565, 530.794000000]: Footprint model 'polygon' loaded for trajectory optimization.
[INFO] [1783914472.007812962, 531.394000000]: Footprint model 'polygon' loaded for trajectory optimization.
[INFO] [1783914473.847359346, 533.234000000]: GOAL Reached!
[INFO] [1783914473.956970741, 533.342000000]: Footprint model 'polygon' loaded for trajectory optimization.
[INFO] [1783914474.805224325, 534.190000000]: Footprint model 'polygon' loaded for trajectory optimization.
[INFO] [1783914475.355755714, 534.738000000]: Footprint model 'polygon' loaded for trajectory optimization.
[INFO] [1783914476.000143938, 535.384000000]: Footprint model 'polygon' loaded for trajectory optimization.
[INFO] [1783914476.600760211, 535.984000000]: Footprint model 'polygon' loaded for trajectory optimization.
[INFO] [1783914478.540591369, 537.922000000]: GOAL Reached!
[INFO] [1783914478.660961388, 538.042000000]: Footprint model 'polygon' loaded for trajectory optimization.
[INFO] [1783914479.509369769, 538.890000000]: Footprint model 'polygon' loaded for trajectory optimization.
[INFO] [1783914480.101772036, 539.482000000]: Footprint model 'polygon' loaded for trajectory optimization.
[INFO] [1783914480.700687332, 540.080000000]: Footprint model 'polygon' loaded for trajectory optimization.
[INFO] [1783914481.252618624, 540.632000000]: Footprint model 'polygon' loaded for trajectory optimization.
[INFO] [1783914483.143452390, 542.520000000]: GOAL Reached!
[INFO] [1783914483.264079509, 542.640000000]: Footprint model 'polygon' loaded for trajectory optimization.
[INFO] [1783914484.115662711, 543.490000000]: Footprint model 'polygon' loaded for trajectory optimization.
[INFO] [1783914484.701557336, 544.078000000]: Footprint model 'polygon' loaded for trajectory optimization.
[INFO] [1783914485.253536457, 544.630000000]: Footprint model 'polygon' loaded for trajectory optimization.
[INFO] [1783914485.854183490, 545.228000000]: Footprint model 'polygon' loaded for trajectory optimization.
[INFO] [1783914487.742707104, 547.116000000]: GOAL Reached!
[INFO] [1783914487.854475255, 547.226000000]: Footprint model 'polygon' loaded for trajectory optimization.
[INFO] [1783914488.694262455, 548.068000000]: Footprint model 'polygon' loaded for trajectory optimization.
[INFO] [1783914489.294221570, 548.666000000]: Footprint model 'polygon' loaded for trajectory optimization.
[INFO] [1783914489.889913253, 549.262000000]: Footprint model 'polygon' loaded for trajectory optimization.
[INFO] [1783914490.492159183, 549.862000000]: Footprint model 'polygon' loaded for trajectory optimization.
[INFO] [1783914492.434043752, 551.802000000]: GOAL Reached!
[INFO] [1783914492.551824111, 551.918000000]: Footprint model 'polygon' loaded for trajectory optimization.
[INFO] [1783914493.385749741, 552.754000000]: Footprint model 'polygon' loaded for trajectory optimization.
[INFO] [1783914493.937945775, 553.306000000]: Footprint model 'polygon' loaded for trajectory optimization.
[INFO] [1783914494.541652122, 553.908000000]: Footprint model 'polygon' loaded for trajectory optimization.
[INFO] [1783914495.139935610, 554.506000000]: Footprint model 'polygon' loaded for trajectory optimization.
[INFO] [1783914496.928840408, 556.294000000]: GOAL Reached!
[INFO] [1783914497.037428101, 556.402000000]: Footprint model 'polygon' loaded for trajectory optimization.
[INFO] [1783914497.886501916, 557.248000000]: Footprint model 'polygon' loaded for trajectory optimization.
[INFO] [1783914498.481472594, 557.844000000]: Footprint model 'polygon' loaded for trajectory optimization.
[INFO] [1783914499.079755869, 558.442000000]: Footprint model 'polygon' loaded for trajectory optimization.
[INFO] [1783914499.632851325, 558.994000000]: Footprint model 'polygon' loaded for trajectory optimization.
[INFO] [1783914501.419983077, 560.780000000]: GOAL Reached!
[INFO] [1783914501.540294086, 560.900000000]: Footprint model 'polygon' loaded for trajectory optimization.
[INFO] [1783914502.386978529, 561.748000000]: Footprint model 'polygon' loaded for trajectory optimization.
[INFO] [1783914502.930106413, 562.290000000]: Footprint model 'polygon' loaded for trajectory optimization.
[INFO] [1783914503.528409374, 562.888000000]: Footprint model 'polygon' loaded for trajectory optimization.
[INFO] [1783914504.177867311, 563.536000000]: Footprint model 'polygon' loaded for trajectory optimization.
[INFO] [1783914505.918453593, 565.276000000]: GOAL Reached!
[INFO] [1783914506.028459633, 565.386000000]: Footprint model 'polygon' loaded for trajectory optimization.
[INFO] [1783914506.876681318, 566.230000000]: Footprint model 'polygon' loaded for trajectory optimization.
[INFO] [1783914507.466150931, 566.822000000]: Footprint model 'polygon' loaded for trajectory optimization.
[INFO] [1783914508.021070245, 567.374000000]: Footprint model 'polygon' loaded for trajectory optimization.
[INFO] [1783914508.671816715, 568.024000000]: Footprint model 'polygon' loaded for trajectory optimization.
[INFO] [1783914510.509214726, 569.860000000]: GOAL Reached!
[INFO] [1783914510.633230619, 569.984000000]: Footprint model 'polygon' loaded for trajectory optimization.
[INFO] [1783914511.478942576, 570.832000000]: Footprint model 'polygon' loaded for trajectory optimization.
[INFO] [1783914512.024358015, 571.374000000]: Footprint model 'polygon' loaded for trajectory optimization.
[INFO] [1783914512.669467694, 572.022000000]: Footprint model 'polygon' loaded for trajectory optimization.
[INFO] [1783914513.223036974, 572.572000000]: Footprint model 'polygon' loaded for trajectory optimization.
[INFO] [1783914515.012759339, 574.362000000]: GOAL Reached!
[INFO] [1783914515.136233998, 574.484000000]: Footprint model 'polygon' loaded for trajectory optimization.
[INFO] [1783914515.980397759, 575.330000000]: Footprint model 'polygon' loaded for trajectory optimization.
[INFO] [1783914516.576403248, 575.924000000]: Footprint model 'polygon' loaded for trajectory optimization.
[INFO] [1783914517.177008835, 576.524000000]: Footprint model 'polygon' loaded for trajectory optimization.
[INFO] [1783914517.776451541, 577.124000000]: Footprint model 'polygon' loaded for trajectory optimization.
[INFO] [1783914519.517656169, 578.862000000]: GOAL Reached!
[INFO] [1783914519.639677152, 578.982000000]: Footprint model 'polygon' loaded for trajectory optimization.
[INFO] [1783914520.487452388, 579.830000000]: Footprint model 'polygon' loaded for trajectory optimization.
[INFO] [1783914521.082897448, 580.426000000]: Footprint model 'polygon' loaded for trajectory optimization.
[INFO] [1783914521.681705521, 581.024000000]: Footprint model 'polygon' loaded for trajectory optimization.
[INFO] [1783914522.235402267, 581.576000000]: Footprint model 'polygon' loaded for trajectory optimization.
[INFO] [1783914523.921186040, 583.262000000]: GOAL Reached!
[INFO] [1783914524.041245330, 583.382000000]: Footprint model 'polygon' loaded for trajectory optimization.
[INFO] [1783914524.891412075, 584.230000000]: Footprint model 'polygon' loaded for trajectory optimization.
[INFO] [1783914525.486692648, 584.824000000]: Footprint model 'polygon' loaded for trajectory optimization.
[INFO] [1783914526.080429340, 585.418000000]: Footprint model 'polygon' loaded for trajectory optimization.
[INFO] [1783914526.686388858, 586.024000000]: Footprint model 'polygon' loaded for trajectory optimization.
[INFO] [1783914528.524712493, 587.858000000]: GOAL Reached!
[INFO] [1783914528.644500534, 587.978000000]: Footprint model 'polygon' loaded for trajectory optimization.
[INFO] [1783914529.471906663, 588.808000000]: Footprint model 'polygon' loaded for trajectory optimization.
[INFO] [1783914530.080026143, 589.414000000]: Footprint model 'polygon' loaded for trajectory optimization.
[INFO] [1783914530.678646060, 590.012000000]: Footprint model 'polygon' loaded for trajectory optimization.
[INFO] [1783914531.279443476, 590.614000000]: Footprint model 'polygon' loaded for trajectory optimization.
[INFO] [1783914533.121362805, 592.452000000]: GOAL Reached!
[INFO] [1783914533.238304976, 592.570000000]: Footprint model 'polygon' loaded for trajectory optimization.
[INFO] [1783914534.079434560, 593.410000000]: Footprint model 'polygon' loaded for trajectory optimization.
[INFO] [1783914534.680565469, 594.008000000]: Footprint model 'polygon' loaded for trajectory optimization.
[INFO] [1783914535.225697738, 594.556000000]: Footprint model 'polygon' loaded for trajectory optimization.
[INFO] [1783914535.878571663, 595.206000000]: Footprint model 'polygon' loaded for trajectory optimization.
[INFO] [1783914537.718904292, 597.044000000]: GOAL Reached!
[INFO] [1783914537.826795581, 597.152000000]: Footprint model 'polygon' loaded for trajectory optimization.
[INFO] [1783914538.662938699, 597.990000000]: Footprint model 'polygon' loaded for trajectory optimization.
[INFO] [1783914539.266079976, 598.592000000]: Footprint model 'polygon' loaded for trajectory optimization.
[INFO] [1783914539.821203337, 599.148000000]: Footprint model 'polygon' loaded for trajectory optimization.
[INFO] [1783914540.464127168, 599.788000000]: Footprint model 'polygon' loaded for trajectory optimization.
[INFO] [1783914542.203065753, 601.528000000]: GOAL Reached!
[INFO] [1783914542.320830698, 601.644000000]: Footprint model 'polygon' loaded for trajectory optimization.
[INFO] [1783914543.169819119, 602.492000000]: Footprint model 'polygon' loaded for trajectory optimization.
[INFO] [1783914543.765503361, 603.086000000]: Footprint model 'polygon' loaded for trajectory optimization.
[INFO] [1783914544.362299285, 603.684000000]: Footprint model 'polygon' loaded for trajectory optimization.
[INFO] [1783914544.962530271, 604.282000000]: Footprint model 'polygon' loaded for trajectory optimization.
[INFO] [1783914546.802873813, 606.122000000]: GOAL Reached!
[INFO] [1783914546.924710778, 606.242000000]: Footprint model 'polygon' loaded for trajectory optimization.
[INFO] [1783914547.774157920, 607.092000000]: Footprint model 'polygon' loaded for trajectory optimization.
[INFO] [1783914548.320531746, 607.638000000]: Footprint model 'polygon' loaded for trajectory optimization.
[INFO] [1783914548.971408382, 608.288000000]: Footprint model 'polygon' loaded for trajectory optimization.
[INFO] [1783914549.518433951, 608.836000000]: Footprint model 'polygon' loaded for trajectory optimization.
[INFO] [1783914551.510342555, 610.824000000]: GOAL Reached!
[INFO] [1783914551.632621456, 610.948000000]: Footprint model 'polygon' loaded for trajectory optimization.
[INFO] [1783914552.477941359, 611.790000000]: Footprint model 'polygon' loaded for trajectory optimization.
[INFO] [1783914553.025912429, 612.338000000]: Footprint model 'polygon' loaded for trajectory optimization.
[INFO] [1783914553.625061100, 612.938000000]: Footprint model 'polygon' loaded for trajectory optimization.
[INFO] [1783914554.272488502, 613.584000000]: Footprint model 'polygon' loaded for trajectory optimization.
[INFO] [1783914556.213562341, 615.524000000]: GOAL Reached!
[INFO] [1783914556.334169030, 615.644000000]: Footprint model 'polygon' loaded for trajectory optimization.
[INFO] [1783914557.180242858, 616.490000000]: Footprint model 'polygon' loaded for trajectory optimization.
[INFO] [1783914557.723141740, 617.034000000]: Footprint model 'polygon' loaded for trajectory optimization.
[INFO] [1783914558.373111689, 617.682000000]: Footprint model 'polygon' loaded for trajectory optimization.
[INFO] [1783914558.923514873, 618.232000000]: Footprint model 'polygon' loaded for trajectory optimization.
[INFO] [1783914560.813611741, 620.120000000]: GOAL Reached!
[INFO] [1783914560.922124649, 620.228000000]: Footprint model 'polygon' loaded for trajectory optimization.
[INFO] [1783914561.764730059, 621.068000000]: Footprint model 'polygon' loaded for trajectory optimization.
[INFO] [1783914562.314558331, 621.620000000]: Footprint model 'polygon' loaded for trajectory optimization.
[INFO] [1783914562.958688423, 622.262000000]: Footprint model 'polygon' loaded for trajectory optimization.
[INFO] [1783914563.556919034, 622.862000000]: Footprint model 'polygon' loaded for trajectory optimization.
[INFO] [1783914565.398663674, 624.702000000]: GOAL Reached!
[INFO] [1783914565.520574595, 624.822000000]: Footprint model 'polygon' loaded for trajectory optimization.
[INFO] [1783914566.373449699, 625.672000000]: Footprint model 'polygon' loaded for trajectory optimization.
[INFO] [1783914566.957920022, 626.260000000]: Footprint model 'polygon' loaded for trajectory optimization.
[INFO] [1783914567.560470038, 626.860000000]: Footprint model 'polygon' loaded for trajectory optimization.
[INFO] [1783914568.156094976, 627.456000000]: Footprint model 'polygon' loaded for trajectory optimization.
[INFO] [1783914569.999130728, 629.296000000]: GOAL Reached!
[INFO] [1783914570.119944061, 629.416000000]: Footprint model 'polygon' loaded for trajectory optimization.
[INFO] [1783914570.955809380, 630.250000000]: Footprint model 'polygon' loaded for trajectory optimization.
[INFO] [1783914571.553694759, 630.850000000]: Footprint model 'polygon' loaded for trajectory optimization.
[INFO] [1783914572.155178953, 631.450000000]: Footprint model 'polygon' loaded for trajectory optimization.
[INFO] [1783914572.763131615, 632.056000000]: Footprint model 'polygon' loaded for trajectory optimization.
[INFO] [1783914574.598500601, 633.890000000]: GOAL Reached!
[INFO] [1783914574.708122290, 633.998000000]: Footprint model 'polygon' loaded for trajectory optimization.
[INFO] [1783914575.562517324, 634.852000000]: Footprint model 'polygon' loaded for trajectory optimization.
[INFO] [1783914576.100155804, 635.392000000]: Footprint model 'polygon' loaded for trajectory optimization.
[INFO] [1783914576.746239261, 636.036000000]: Footprint model 'polygon' loaded for trajectory optimization.
[INFO] [1783914577.345394190, 636.632000000]: Footprint model 'polygon' loaded for trajectory optimization.
[INFO] [1783914579.086595181, 638.374000000]: GOAL Reached!
[INFO] [1783914579.199309742, 638.486000000]: Footprint model 'polygon' loaded for trajectory optimization.
[INFO] [1783914580.042184918, 639.330000000]: Footprint model 'polygon' loaded for trajectory optimization.
[INFO] [1783914580.635645472, 639.922000000]: Footprint model 'polygon' loaded for trajectory optimization.
[INFO] [1783914581.238092930, 640.524000000]: Footprint model 'polygon' loaded for trajectory optimization.
[INFO] [1783914581.837890137, 641.124000000]: Footprint model 'polygon' loaded for trajectory optimization.
[INFO] [1783914583.581047196, 642.862000000]: GOAL Reached!
[INFO] [1783914583.698356381, 642.980000000]: Footprint model 'polygon' loaded for trajectory optimization.
[INFO] [1783914584.525926305, 643.810000000]: Footprint model 'polygon' loaded for trajectory optimization.
[INFO] [1783914585.131519040, 644.416000000]: Footprint model 'polygon' loaded for trajectory optimization.
[INFO] [1783914585.739726507, 645.018000000]: Footprint model 'polygon' loaded for trajectory optimization.
[INFO] [1783914586.334716849, 645.616000000]: Footprint model 'polygon' loaded for trajectory optimization.
[INFO] [1783914588.274726769, 647.554000000]: GOAL Reached!
[INFO] [1783914588.383279813, 647.662000000]: Footprint model 'polygon' loaded for trajectory optimization.
[INFO] [1783914589.231495482, 648.510000000]: Footprint model 'polygon' loaded for trajectory optimization.
[INFO] [1783914589.831230187, 649.108000000]: Footprint model 'polygon' loaded for trajectory optimization.
[INFO] [1783914590.426419300, 649.702000000]: Footprint model 'polygon' loaded for trajectory optimization.
[INFO] [1783914590.977864685, 650.252000000]: Footprint model 'polygon' loaded for trajectory optimization.
[INFO] [1783914592.766763628, 652.040000000]: GOAL Reached!
[INFO] [1783914592.877431234, 652.150000000]: Footprint model 'polygon' loaded for trajectory optimization.
[INFO] [1783914593.715403046, 652.990000000]: Footprint model 'polygon' loaded for trajectory optimization.
[INFO] [1783914594.317315921, 653.588000000]: Footprint model 'polygon' loaded for trajectory optimization.
[INFO] [1783914594.925361860, 654.196000000]: Footprint model 'polygon' loaded for trajectory optimization.
[INFO] [1783914595.519661064, 654.790000000]: Footprint model 'polygon' loaded for trajectory optimization.
[INFO] [1783914597.361456964, 656.630000000]: GOAL Reached!
[INFO] [1783914597.486252227, 656.754000000]: Footprint model 'polygon' loaded for trajectory optimization.
[INFO] [1783914598.319855828, 657.588000000]: Footprint model 'polygon' loaded for trajectory optimization.
[INFO] [1783914598.927549373, 658.196000000]: Footprint model 'polygon' loaded for trajectory optimization.
[INFO] [1783914599.476521336, 658.746000000]: Footprint model 'polygon' loaded for trajectory optimization.
[INFO] [1783914600.126584278, 659.394000000]: Footprint model 'polygon' loaded for trajectory optimization.
[INFO] [1783914601.967546154, 661.232000000]: GOAL Reached!
[INFO] [1783914602.082230567, 661.346000000]: Footprint model 'polygon' loaded for trajectory optimization.
[INFO] [1783914602.925072067, 662.190000000]: Footprint model 'polygon' loaded for trajectory optimization.
[INFO] [1783914603.519709030, 662.782000000]: Footprint model 'polygon' loaded for trajectory optimization.
[INFO] [1783914604.073858873, 663.336000000]: Footprint model 'polygon' loaded for trajectory optimization.
[INFO] [1783914604.674277086, 663.936000000]: Footprint model 'polygon' loaded for trajectory optimization.
[INFO] [1783914606.464182619, 665.724000000]: GOAL Reached!
[INFO] [1783914606.580687449, 665.840000000]: Footprint model 'polygon' loaded for trajectory optimization.
[INFO] [1783914607.430960094, 666.692000000]: Footprint model 'polygon' loaded for trajectory optimization.
[INFO] [1783914608.018471115, 667.278000000]: Footprint model 'polygon' loaded for trajectory optimization.
[INFO] [1783914608.618631053, 667.878000000]: Footprint model 'polygon' loaded for trajectory optimization.
[INFO] [1783914609.216230453, 668.474000000]: Footprint model 'polygon' loaded for trajectory optimization.
[INFO] [1783914610.957247489, 670.216000000]: GOAL Reached!
[INFO] [1783914611.068055489, 670.326000000]: Footprint model 'polygon' loaded for trajectory optimization.
[INFO] [1783914611.911789621, 671.168000000]: Footprint model 'polygon' loaded for trajectory optimization.
[INFO] [1783914612.507868782, 671.762000000]: Footprint model 'polygon' loaded for trajectory optimization.
[INFO] [1783914613.114630843, 672.370000000]: Footprint model 'polygon' loaded for trajectory optimization.
[INFO] [1783914613.658641820, 672.914000000]: Footprint model 'polygon' loaded for trajectory optimization.
[INFO] [1783914615.648865639, 674.902000000]: GOAL Reached!
[INFO] [1783914615.765361619, 675.018000000]: Footprint model 'polygon' loaded for trajectory optimization.
[INFO] [1783914616.617892283, 675.870000000]: Footprint model 'polygon' loaded for trajectory optimization.
[INFO] [1783914617.208023662, 676.458000000]: Footprint model 'polygon' loaded for trajectory optimization.
[INFO] [1783914617.807873431, 677.058000000]: Footprint model 'polygon' loaded for trajectory optimization.
[INFO] [1783914618.408186449, 677.658000000]: Footprint model 'polygon' loaded for trajectory optimization.
[INFO] [1783914620.249502688, 679.496000000]: GOAL Reached!
[INFO] [1783914620.367486003, 679.614000000]: Footprint model 'polygon' loaded for trajectory optimization.
[INFO] [1783914621.224047970, 680.468000000]: Footprint model 'polygon' loaded for trajectory optimization.
[INFO] [1783914621.765020666, 681.010000000]: Footprint model 'polygon' loaded for trajectory optimization.
[INFO] [1783914622.409335045, 681.656000000]: Footprint model 'polygon' loaded for trajectory optimization.
[INFO] [1783914623.007958845, 682.254000000]: Footprint model 'polygon' loaded for trajectory optimization.
[INFO] [1783914624.748906708, 683.994000000]: GOAL Reached!
[INFO] [1783914624.859427448, 684.104000000]: Footprint model 'polygon' loaded for trajectory optimization.
[INFO] [1783914625.708141385, 684.950000000]: Footprint model 'polygon' loaded for trajectory optimization.
[INFO] [1783914626.300689939, 685.542000000]: Footprint model 'polygon' loaded for trajectory optimization.
[INFO] [1783914626.901251620, 686.142000000]: Footprint model 'polygon' loaded for trajectory optimization.
[INFO] [1783914627.453320034, 686.692000000]: Footprint model 'polygon' loaded for trajectory optimization.
[INFO] [1783914629.341040907, 688.580000000]: GOAL Reached!
[INFO] [1783914629.452263823, 688.690000000]: Footprint model 'polygon' loaded for trajectory optimization.
[INFO] [1783914630.294863902, 689.532000000]: Footprint model 'polygon' loaded for trajectory optimization.
[INFO] [1783914630.899448055, 690.136000000]: Footprint model 'polygon' loaded for trajectory optimization.
[INFO] [1783914631.448980054, 690.684000000]: Footprint model 'polygon' loaded for trajectory optimization.
[INFO] [1783914632.097562640, 691.334000000]: Footprint model 'polygon' loaded for trajectory optimization.
[INFO] [1783914633.837193538, 693.072000000]: GOAL Reached!
[INFO] [1783914633.958259275, 693.192000000]: Footprint model 'polygon' loaded for trajectory optimization.
[INFO] [1783914634.818353163, 694.050000000]: Footprint model 'polygon' loaded for trajectory optimization.
[INFO] [1783914635.408178222, 694.640000000]: Footprint model 'polygon' loaded for trajectory optimization.
[INFO] [1783914635.958025452, 695.190000000]: Footprint model 'polygon' loaded for trajectory optimization.
[INFO] [1783914636.558382831, 695.790000000]: Footprint model 'polygon' loaded for trajectory optimization.
[INFO] [1783914638.448706469, 697.678000000]: GOAL Reached!
[INFO] [1783914638.570086250, 697.798000000]: Footprint model 'polygon' loaded for trajectory optimization.
[INFO] [1783914639.422665836, 698.650000000]: Footprint model 'polygon' loaded for trajectory optimization.
[INFO] [1783914639.959402565, 699.188000000]: Footprint model 'polygon' loaded for trajectory optimization.
[INFO] [1783914640.608519618, 699.838000000]: Footprint model 'polygon' loaded for trajectory optimization.
[INFO] [1783914641.165257894, 700.390000000]: Footprint model 'polygon' loaded for trajectory optimization.
[INFO] [1783914643.052590608, 702.276000000]: GOAL Reached!
[INFO] [1783914643.170089556, 702.394000000]: Footprint model 'polygon' loaded for trajectory optimization.
[INFO] [1783914644.009250264, 703.234000000]: Footprint model 'polygon' loaded for trajectory optimization.
[INFO] [1783914644.563283786, 703.786000000]: Footprint model 'polygon' loaded for trajectory optimization.
[INFO] [1783914645.164361132, 704.386000000]: Footprint model 'polygon' loaded for trajectory optimization.
[INFO] [1783914645.809888627, 705.030000000]: Footprint model 'polygon' loaded for trajectory optimization.
[INFO] [1783914647.548516083, 706.770000000]: GOAL Reached!
[INFO] [1783914647.667466554, 706.888000000]: Footprint model 'polygon' loaded for trajectory optimization.
[INFO] [1783914648.509542932, 707.730000000]: Footprint model 'polygon' loaded for trajectory optimization.
[INFO] [1783914649.114942614, 708.336000000]: Footprint model 'polygon' loaded for trajectory optimization.
[INFO] [1783914649.714087816, 708.930000000]: Footprint model 'polygon' loaded for trajectory optimization.
[INFO] [1783914650.311829073, 709.530000000]: Footprint model 'polygon' loaded for trajectory optimization.
[INFO] [1783914652.153944248, 711.370000000]: GOAL Reached!
[INFO] [1783914652.264325808, 711.480000000]: Footprint model 'polygon' loaded for trajectory optimization.
[INFO] [1783914653.115237803, 712.330000000]: Footprint model 'polygon' loaded for trajectory optimization.
[INFO] [1783914653.704819216, 712.918000000]: Footprint model 'polygon' loaded for trajectory optimization.
[INFO] [1783914654.313893599, 713.524000000]: Footprint model 'polygon' loaded for trajectory optimization.
[INFO] [1783914654.854529069, 714.068000000]: Footprint model 'polygon' loaded for trajectory optimization.
[INFO] [1783914656.644679930, 715.856000000]: GOAL Reached!
[INFO] [1783914656.756572034, 715.968000000]: Footprint model 'polygon' loaded for trajectory optimization.
[INFO] [1783914657.598092001, 716.808000000]: Footprint model 'polygon' loaded for trajectory optimization.
[INFO] [1783914658.196454723, 717.408000000]: Footprint model 'polygon' loaded for trajectory optimization.
[INFO] [1783914658.745928278, 717.958000000]: Footprint model 'polygon' loaded for trajectory optimization.
[INFO] [1783914659.394004331, 718.604000000]: Footprint model 'polygon' loaded for trajectory optimization.
[INFO] [1783914661.137595884, 720.344000000]: GOAL Reached!
[INFO] [1783914661.258491098, 720.464000000]: Footprint model 'polygon' loaded for trajectory optimization.
[INFO] [1783914662.102716673, 721.310000000]: Footprint model 'polygon' loaded for trajectory optimization.
[INFO] [1783914662.650781022, 721.858000000]: Footprint model 'polygon' loaded for trajectory optimization.
[INFO] [1783914663.297190388, 722.504000000]: Footprint model 'polygon' loaded for trajectory optimization.
[INFO] [1783914663.903261793, 723.108000000]: Footprint model 'polygon' loaded for trajectory optimization.
[INFO] [1783914665.641393541, 724.844000000]: GOAL Reached!
[INFO] [1783914665.758523671, 724.960000000]: Footprint model 'polygon' loaded for trajectory optimization.
[INFO] [1783914666.607963950, 725.812000000]: Footprint model 'polygon' loaded for trajectory optimization.
[INFO] [1783914667.199871328, 726.402000000]: Footprint model 'polygon' loaded for trajectory optimization.
[INFO] [1783914667.797040155, 727.000000000]: Footprint model 'polygon' loaded for trajectory optimization.
[INFO] [1783914668.396526026, 727.598000000]: Footprint model 'polygon' loaded for trajectory optimization.
[INFO] [1783914670.141628280, 729.338000000]: GOAL Reached!
[INFO] [1783914670.259981072, 729.456000000]: Footprint model 'polygon' loaded for trajectory optimization.
[INFO] [1783914671.092146014, 730.290000000]: Footprint model 'polygon' loaded for trajectory optimization.
[INFO] [1783914671.698403102, 730.896000000]: Footprint model 'polygon' loaded for trajectory optimization.
[INFO] [1783914672.255446262, 731.452000000]: Footprint model 'polygon' loaded for trajectory optimization.
[INFO] [1783914672.895797156, 732.092000000]: Footprint model 'polygon' loaded for trajectory optimization.
[INFO] [1783914674.735193496, 733.932000000]: GOAL Reached!
[INFO] [1783914674.856355797, 734.050000000]: Footprint model 'polygon' loaded for trajectory optimization.
[INFO] [1783914675.698896309, 734.894000000]: Footprint model 'polygon' loaded for trajectory optimization.
[INFO] [1783914676.247686425, 735.442000000]: Footprint model 'polygon' loaded for trajectory optimization.
[INFO] [1783914676.898589631, 736.090000000]: Footprint model 'polygon' loaded for trajectory optimization.
[INFO] [1783914677.495669056, 736.688000000]: Footprint model 'polygon' loaded for trajectory optimization.
[INFO] [1783914679.237521310, 738.426000000]: GOAL Reached!
[INFO] [1783914679.361494925, 738.550000000]: Footprint model 'polygon' loaded for trajectory optimization.
[INFO] [1783914680.199237118, 739.390000000]: Footprint model 'polygon' loaded for trajectory optimization.
[INFO] [1783914680.797954560, 739.988000000]: Footprint model 'polygon' loaded for trajectory optimization.
[INFO] [1783914681.351187577, 740.538000000]: Footprint model 'polygon' loaded for trajectory optimization.
[INFO] [1783914681.999051070, 741.186000000]: Footprint model 'polygon' loaded for trajectory optimization.
[INFO] [1783914683.739960231, 742.926000000]: GOAL Reached!
[INFO] [1783914683.857958589, 743.044000000]: Footprint model 'polygon' loaded for trajectory optimization.
[INFO] [1783914684.703846458, 743.890000000]: Footprint model 'polygon' loaded for trajectory optimization.
[INFO] [1783914685.251562922, 744.436000000]: Footprint model 'polygon' loaded for trajectory optimization.
[INFO] [1783914685.901699597, 745.086000000]: Footprint model 'polygon' loaded for trajectory optimization.
[INFO] [1783914686.451129892, 745.634000000]: Footprint model 'polygon' loaded for trajectory optimization.
[INFO] [1783914688.440993110, 747.622000000]: GOAL Reached!
[INFO] [1783914688.558191404, 747.738000000]: Footprint model 'polygon' loaded for trajectory optimization.
[INFO] [1783914689.411085113, 748.590000000]: Footprint model 'polygon' loaded for trajectory optimization.
[INFO] [1783914690.001861140, 749.182000000]: Footprint model 'polygon' loaded for trajectory optimization.
[INFO] [1783914690.599638588, 749.780000000]: Footprint model 'polygon' loaded for trajectory optimization.
[INFO] [1783914691.158060733, 750.336000000]: Footprint model 'polygon' loaded for trajectory optimization.
[INFO] [1783914693.139960771, 752.318000000]: GOAL Reached!
[INFO] [1783914693.259027413, 752.436000000]: Footprint model 'polygon' loaded for trajectory optimization.
[INFO] [1783914694.112820453, 753.290000000]: Footprint model 'polygon' loaded for trajectory optimization.
[INFO] [1783914694.704160979, 753.878000000]: Footprint model 'polygon' loaded for trajectory optimization.
[INFO] [1783914695.305468823, 754.480000000]: Footprint model 'polygon' loaded for trajectory optimization.
[INFO] [1783914695.852293326, 755.026000000]: Footprint model 'polygon' loaded for trajectory optimization.
[INFO] [1783914697.742505955, 756.916000000]: GOAL Reached!
[INFO] [1783914697.859625125, 757.032000000]: Footprint model 'polygon' loaded for trajectory optimization.
[INFO] [1783914698.699225066, 757.870000000]: Footprint model 'polygon' loaded for trajectory optimization.
[INFO] [1783914699.308511303, 758.478000000]: Footprint model 'polygon' loaded for trajectory optimization.
[INFO] [1783914699.850399038, 759.022000000]: Footprint model 'polygon' loaded for trajectory optimization.
[INFO] [1783914700.456878291, 759.626000000]: Footprint model 'polygon' loaded for trajectory optimization.
[INFO] [1783914702.440534413, 761.608000000]: GOAL Reached!
[INFO] [1783914702.564358648, 761.730000000]: Footprint model 'polygon' loaded for trajectory optimization.
[INFO] [1783914703.403154236, 762.570000000]: Footprint model 'polygon' loaded for trajectory optimization.
[INFO] [1783914704.004729909, 763.170000000]: Footprint model 'polygon' loaded for trajectory optimization.
[INFO] [1783914704.601044938, 763.766000000]: Footprint model 'polygon' loaded for trajectory optimization.
[INFO] [1783914705.151799854, 764.318000000]: Footprint model 'polygon' loaded for trajectory optimization.
[INFO] [1783914706.940453650, 766.106000000]: GOAL Reached!
[INFO] [1783914707.064216925, 766.228000000]: Footprint model 'polygon' loaded for trajectory optimization.
[INFO] [1783914707.908566434, 767.070000000]: Footprint model 'polygon' loaded for trajectory optimization.
[INFO] [1783914708.509749329, 767.670000000]: Footprint model 'polygon' loaded for trajectory optimization.
[INFO] [1783914709.105594315, 768.266000000]: Footprint model 'polygon' loaded for trajectory optimization.
[INFO] [1783914709.706947947, 768.866000000]: Footprint model 'polygon' loaded for trajectory optimization.
[INFO] [1783914711.545290259, 770.704000000]: GOAL Reached!
[INFO] [1783914711.663592167, 770.822000000]: Footprint model 'polygon' loaded for trajectory optimization.
[INFO] [1783914712.509598565, 771.668000000]: Footprint model 'polygon' loaded for trajectory optimization.
[INFO] [1783914713.101634655, 772.260000000]: Footprint model 'polygon' loaded for trajectory optimization.
[INFO] [1783914713.709160117, 772.864000000]: Footprint model 'polygon' loaded for trajectory optimization.
[INFO] [1783914714.306594652, 773.462000000]: Footprint model 'polygon' loaded for trajectory optimization.
[INFO] [1783914716.045254060, 775.198000000]: GOAL Reached!
[INFO] [1783914716.166268108, 775.320000000]: Footprint model 'polygon' loaded for trajectory optimization.
[INFO] [1783914717.017696548, 776.170000000]: Footprint model 'polygon' loaded for trajectory optimization.
[INFO] [1783914717.605928781, 776.760000000]: Footprint model 'polygon' loaded for trajectory optimization.
[INFO] [1783914718.161584006, 777.314000000]: Footprint model 'polygon' loaded for trajectory optimization.
[INFO] [1783914718.758704635, 777.908000000]: Footprint model 'polygon' loaded for trajectory optimization.
[INFO] [1783914720.646723432, 779.796000000]: GOAL Reached!
[INFO] [1783914720.757544991, 779.906000000]: Footprint model 'polygon' loaded for trajectory optimization.
[INFO] [1783914721.660811329, 780.810000000]: Footprint model 'polygon' loaded for trajectory optimization.
[INFO] [1783914722.296697276, 781.446000000]: Footprint model 'polygon' loaded for trajectory optimization.
[INFO] [1783914722.897679783, 782.044000000]: Footprint model 'polygon' loaded for trajectory optimization.
[INFO] [1783914723.495042639, 782.644000000]: Footprint model 'polygon' loaded for trajectory optimization.
[INFO] [1783914725.136819400, 784.284000000]: GOAL Reached!
[INFO] [1783914725.254017866, 784.400000000]: Footprint model 'polygon' loaded for trajectory optimization.
[INFO] [1783914726.104162888, 785.248000000]: Footprint model 'polygon' loaded for trajectory optimization.
[INFO] [1783914726.692234965, 785.836000000]: Footprint model 'polygon' loaded for trajectory optimization.
[INFO] [1783914727.295157718, 786.436000000]: Footprint model 'polygon' loaded for trajectory optimization.
[INFO] [1783914727.894191097, 787.036000000]: Footprint model 'polygon' loaded for trajectory optimization.
[INFO] [1783914729.834679415, 788.974000000]: GOAL Reached!
[INFO] [1783914729.948166794, 789.086000000]: Footprint model 'polygon' loaded for trajectory optimization.
[INFO] [1783914730.789074165, 789.930000000]: Footprint model 'polygon' loaded for trajectory optimization.
[INFO] [1783914731.382847692, 790.522000000]: Footprint model 'polygon' loaded for trajectory optimization.
[INFO] [1783914731.987172370, 791.124000000]: Footprint model 'polygon' loaded for trajectory optimization.
[INFO] [1783914732.583461329, 791.720000000]: Footprint model 'polygon' loaded for trajectory optimization.
[INFO] [1783914734.423107647, 793.560000000]: GOAL Reached!
[INFO] [1783914734.536225885, 793.672000000]: Footprint model 'polygon' loaded for trajectory optimization.
[INFO] [1783914735.374837536, 794.510000000]: Footprint model 'polygon' loaded for trajectory optimization.
[INFO] [1783914735.973546403, 795.108000000]: Footprint model 'polygon' loaded for trajectory optimization.
[INFO] [1783914736.572141675, 795.706000000]: Footprint model 'polygon' loaded for trajectory optimization.
[INFO] [1783914737.174901862, 796.308000000]: Footprint model 'polygon' loaded for trajectory optimization.
[INFO] [1783914738.914559194, 798.046000000]: GOAL Reached!
[INFO] [1783914739.037283120, 798.168000000]: Footprint model 'polygon' loaded for trajectory optimization.
[INFO] [1783914739.878314558, 799.010000000]: Footprint model 'polygon' loaded for trajectory optimization.
[INFO] [1783914740.476179056, 799.606000000]: Footprint model 'polygon' loaded for trajectory optimization.
[INFO] [1783914741.024881492, 800.154000000]: Footprint model 'polygon' loaded for trajectory optimization.
[INFO] [1783914741.626400924, 800.754000000]: Footprint model 'polygon' loaded for trajectory optimization.
[INFO] [1783914743.615394094, 802.744000000]: GOAL Reached!
[INFO] [1783914743.738520581, 802.866000000]: Footprint model 'polygon' loaded for trajectory optimization.
[INFO] [1783914744.586956717, 803.714000000]: Footprint model 'polygon' loaded for trajectory optimization.
[INFO] [1783914745.180298819, 804.304000000]: Footprint model 'polygon' loaded for trajectory optimization.
[INFO] [1783914745.779368634, 804.904000000]: Footprint model 'polygon' loaded for trajectory optimization.
[INFO] [1783914746.380607261, 805.506000000]: Footprint model 'polygon' loaded for trajectory optimization.
[INFO] [1783914748.119311525, 807.242000000]: GOAL Reached!
[INFO] [1783914748.235562867, 807.358000000]: Footprint model 'polygon' loaded for trajectory optimization.
[INFO] [1783914749.073236724, 808.194000000]: Footprint model 'polygon' loaded for trajectory optimization.
[INFO] [1783914749.672883987, 808.794000000]: Footprint model 'polygon' loaded for trajectory optimization.
[INFO] [1783914750.270610060, 809.392000000]: Footprint model 'polygon' loaded for trajectory optimization.
[INFO] [1783914750.875797049, 809.994000000]: Footprint model 'polygon' loaded for trajectory optimization.
[INFO] [1783914752.613351010, 811.732000000]: GOAL Reached!
[INFO] [1783914752.738236641, 811.856000000]: Footprint model 'polygon' loaded for trajectory optimization.
[INFO] [1783914753.571752397, 812.690000000]: Footprint model 'polygon' loaded for trajectory optimization.
[INFO] [1783914754.180510130, 813.296000000]: Footprint model 'polygon' loaded for trajectory optimization.
[INFO] [1783914754.778178594, 813.892000000]: Footprint model 'polygon' loaded for trajectory optimization.
[INFO] [1783914755.330952816, 814.446000000]: Footprint model 'polygon' loaded for trajectory optimization.
[INFO] [1783914757.217743576, 816.332000000]: GOAL Reached!
[INFO] [1783914757.336515841, 816.450000000]: Footprint model 'polygon' loaded for trajectory optimization.
[INFO] [1783914758.182673114, 817.294000000]: Footprint model 'polygon' loaded for trajectory optimization.
[INFO] [1783914758.776011782, 817.890000000]: Footprint model 'polygon' loaded for trajectory optimization.
[INFO] [1783914759.326842957, 818.438000000]: Footprint model 'polygon' loaded for trajectory optimization.
[INFO] [1783914759.926577247, 819.038000000]: Footprint model 'polygon' loaded for trajectory optimization.
[INFO] [1783914761.619006298, 820.726000000]: GOAL Reached!
[INFO] [1783914761.736075675, 820.842000000]: Footprint model 'polygon' loaded for trajectory optimization.
[INFO] [1783914762.586299276, 821.690000000]: Footprint model 'polygon' loaded for trajectory optimization.
[INFO] [1783914763.176910871, 822.282000000]: Footprint model 'polygon' loaded for trajectory optimization.
[INFO] [1783914763.727570347, 822.834000000]: Footprint model 'polygon' loaded for trajectory optimization.
[INFO] [1783914764.382478587, 823.488000000]: Footprint model 'polygon' loaded for trajectory optimization.
[INFO] [1783914766.116196952, 825.222000000]: GOAL Reached!
[INFO] [1783914766.229693967, 825.334000000]: Footprint model 'polygon' loaded for trajectory optimization.
[INFO] [1783914767.069335041, 826.172000000]: Footprint model 'polygon' loaded for trajectory optimization.
[INFO] [1783914767.668170121, 826.772000000]: Footprint model 'polygon' loaded for trajectory optimization.
[INFO] [1783914768.267181660, 827.370000000]: Footprint model 'polygon' loaded for trajectory optimization.
[INFO] [1783914768.870065428, 827.972000000]: Footprint model 'polygon' loaded for trajectory optimization.
[INFO] [1783914770.607690052, 829.710000000]: GOAL Reached!
[INFO] [1783914770.729828435, 829.830000000]: Footprint model 'polygon' loaded for trajectory optimization.
[INFO] [1783914771.569761978, 830.670000000]: Footprint model 'polygon' loaded for trajectory optimization.
[INFO] [1783914772.123362824, 831.220000000]: Footprint model 'polygon' loaded for trajectory optimization.
[INFO] [1783914772.775375240, 831.874000000]: Footprint model 'polygon' loaded for trajectory optimization.
[INFO] [1783914773.320550079, 832.418000000]: Footprint model 'polygon' loaded for trajectory optimization.
[INFO] [1783914775.112687968, 834.206000000]: GOAL Reached!
[INFO] [1783914775.230735626, 834.324000000]: Footprint model 'polygon' loaded for trajectory optimization.
[INFO] [1783914776.075277246, 835.168000000]: Footprint model 'polygon' loaded for trajectory optimization.
[INFO] [1783914776.666895241, 835.760000000]: Footprint model 'polygon' loaded for trajectory optimization.
[INFO] [1783914777.222385360, 836.316000000]: Footprint model 'polygon' loaded for trajectory optimization.
[INFO] [1783914777.864299364, 836.956000000]: Footprint model 'polygon' loaded for trajectory optimization.
[INFO] [1783914779.805908383, 838.898000000]: GOAL Reached!
[INFO] [1783914779.922562626, 839.014000000]: Footprint model 'polygon' loaded for trajectory optimization.
[INFO] [1783914780.762036234, 839.852000000]: Footprint model 'polygon' loaded for trajectory optimization.
[INFO] [1783914781.314863323, 840.406000000]: Footprint model 'polygon' loaded for trajectory optimization.
[INFO] [1783914781.915469390, 841.006000000]: Footprint model 'polygon' loaded for trajectory optimization.
[INFO] [1783914782.519057677, 841.606000000]: Footprint model 'polygon' loaded for trajectory optimization.
[INFO] [1783914784.404154259, 843.492000000]: GOAL Reached!
[INFO] [1783914784.521260831, 843.608000000]: Footprint model 'polygon' loaded for trajectory optimization.
[INFO] [1783914785.363144968, 844.450000000]: Footprint model 'polygon' loaded for trajectory optimization.
[INFO] [1783914785.963137784, 845.048000000]: Footprint model 'polygon' loaded for trajectory optimization.
[INFO] [1783914786.564509195, 845.648000000]: Footprint model 'polygon' loaded for trajectory optimization.
[INFO] [1783914787.163987306, 846.246000000]: Footprint model 'polygon' loaded for trajectory optimization.
[INFO] [1783914789.102390068, 848.186000000]: GOAL Reached!
[INFO] [1783914789.224754777, 848.306000000]: Footprint model 'polygon' loaded for trajectory optimization.
[INFO] [1783914790.069893042, 849.150000000]: Footprint model 'polygon' loaded for trajectory optimization.
[INFO] [1783914790.665756845, 849.746000000]: Footprint model 'polygon' loaded for trajectory optimization.
[INFO] [1783914791.266942337, 850.346000000]: Footprint model 'polygon' loaded for trajectory optimization.
[INFO] [1783914791.867909801, 850.948000000]: Footprint model 'polygon' loaded for trajectory optimization.
[INFO] [1783914793.704005479, 852.784000000]: GOAL Reached!
[INFO] [1783914793.823307404, 852.902000000]: Footprint model 'polygon' loaded for trajectory optimization.
[INFO] [1783914794.671819873, 853.750000000]: Footprint model 'polygon' loaded for trajectory optimization.
[INFO] [1783914795.267250624, 854.342000000]: Footprint model 'polygon' loaded for trajectory optimization.
[INFO] [1783914795.817632550, 854.894000000]: Footprint model 'polygon' loaded for trajectory optimization.
[INFO] [1783914796.464809842, 855.542000000]: Footprint model 'polygon' loaded for trajectory optimization.
[INFO] [1783914798.305324476, 857.380000000]: GOAL Reached!
[INFO] [1783914798.418162109, 857.492000000]: Footprint model 'polygon' loaded for trajectory optimization.
[INFO] [1783914799.255686581, 858.328000000]: Footprint model 'polygon' loaded for trajectory optimization.
[INFO] [1783914799.865281401, 858.938000000]: Footprint model 'polygon' loaded for trajectory optimization.
[INFO] [1783914800.462752119, 859.534000000]: Footprint model 'polygon' loaded for trajectory optimization.
[INFO] [1783914801.008974675, 860.082000000]: Footprint model 'polygon' loaded for trajectory optimization.
[INFO] [1783914802.900633225, 861.970000000]: GOAL Reached!
[INFO] [1783914803.018845293, 862.088000000]: Footprint model 'polygon' loaded for trajectory optimization.
[INFO] [1783914803.859603351, 862.928000000]: Footprint model 'polygon' loaded for trajectory optimization.
[INFO] [1783914804.406485384, 863.476000000]: Footprint model 'polygon' loaded for trajectory optimization.
[INFO] [1783914805.059281741, 864.126000000]: Footprint model 'polygon' loaded for trajectory optimization.
[INFO] [1783914805.608004957, 864.674000000]: Footprint model 'polygon' loaded for trajectory optimization.
[INFO] [1783914807.396773813, 866.462000000]: GOAL Reached!
[INFO] [1783914807.514829110, 866.580000000]: Footprint model 'polygon' loaded for trajectory optimization.
[INFO] [1783914808.343634397, 867.408000000]: Footprint model 'polygon' loaded for trajectory optimization.
[INFO] [1783914808.951886119, 868.016000000]: Footprint model 'polygon' loaded for trajectory optimization.
[INFO] [1783914809.503362324, 868.566000000]: Footprint model 'polygon' loaded for trajectory optimization.
[INFO] [1783914810.103049123, 869.166000000]: Footprint model 'polygon' loaded for trajectory optimization.
[INFO] [1783914811.993200180, 871.054000000]: GOAL Reached!
[INFO] [1783914812.113086611, 871.174000000]: Footprint model 'polygon' loaded for trajectory optimization.
[INFO] [1783914812.969945918, 872.030000000]: Footprint model 'polygon' loaded for trajectory optimization.
[INFO] [1783914813.506547117, 872.566000000]: Footprint model 'polygon' loaded for trajectory optimization.
[INFO] [1783914814.155356346, 873.214000000]: Footprint model 'polygon' loaded for trajectory optimization.
[INFO] [1783914814.707623257, 873.766000000]: Footprint model 'polygon' loaded for trajectory optimization.
[INFO] [1783914816.498523973, 875.554000000]: GOAL Reached!
[INFO] [1783914816.612255121, 875.666000000]: Footprint model 'polygon' loaded for trajectory optimization.
[INFO] [1783914817.453114508, 876.508000000]: Footprint model 'polygon' loaded for trajectory optimization.
[INFO] [1783914818.005706111, 877.062000000]: Footprint model 'polygon' loaded for trajectory optimization.
[INFO] [1783914818.603186450, 877.658000000]: Footprint model 'polygon' loaded for trajectory optimization.
[INFO] [1783914819.202372220, 878.258000000]: Footprint model 'polygon' loaded for trajectory optimization.
[INFO] [1783914820.995878432, 880.046000000]: GOAL Reached!
[INFO] [1783914821.109732082, 880.162000000]: Footprint model 'polygon' loaded for trajectory optimization.
[INFO] [1783914821.961242117, 881.012000000]: Footprint model 'polygon' loaded for trajectory optimization.
[INFO] [1783914822.548199340, 881.600000000]: Footprint model 'polygon' loaded for trajectory optimization.
[INFO] [1783914823.150207525, 882.200000000]: Footprint model 'polygon' loaded for trajectory optimization.
[INFO] [1783914823.745036348, 882.796000000]: Footprint model 'polygon' loaded for trajectory optimization.
[INFO] [1783914825.586217673, 884.636000000]: GOAL Reached!
[INFO] [1783914825.710363613, 884.758000000]: Footprint model 'polygon' loaded for trajectory optimization.
[INFO] [1783914826.540015922, 885.588000000]: Footprint model 'polygon' loaded for trajectory optimization.
[INFO] [1783914827.147771769, 886.194000000]: Footprint model 'polygon' loaded for trajectory optimization.
[INFO] [1783914827.697850850, 886.746000000]: Footprint model 'polygon' loaded for trajectory optimization.
[INFO] [1783914828.296891204, 887.344000000]: Footprint model 'polygon' loaded for trajectory optimization.
[INFO] [1783914830.086545885, 889.132000000]: GOAL Reached!
[INFO] [1783914830.206142370, 889.250000000]: Footprint model 'polygon' loaded for trajectory optimization.
[INFO] [1783914831.045752396, 890.090000000]: Footprint model 'polygon' loaded for trajectory optimization.
[INFO] [1783914831.600056280, 890.644000000]: Footprint model 'polygon' loaded for trajectory optimization.
[INFO] [1783914832.243682645, 891.286000000]: Footprint model 'polygon' loaded for trajectory optimization.
[INFO] [1783914832.797768314, 891.840000000]: Footprint model 'polygon' loaded for trajectory optimization.
[INFO] [1783914834.684939790, 893.726000000]: GOAL Reached!
[INFO] [1783914834.807516115, 893.848000000]: Footprint model 'polygon' loaded for trajectory optimization.
[INFO] [1783914835.652003307, 894.692000000]: Footprint model 'polygon' loaded for trajectory optimization.
[INFO] [1783914836.245705443, 895.286000000]: Footprint model 'polygon' loaded for trajectory optimization.
[INFO] [1783914836.845986971, 895.884000000]: Footprint model 'polygon' loaded for trajectory optimization.
[INFO] [1783914837.445903927, 896.486000000]: Footprint model 'polygon' loaded for trajectory optimization.
[INFO] [1783914839.288408682, 898.324000000]: GOAL Reached!
[INFO] [1783914839.396321245, 898.432000000]: Footprint model 'polygon' loaded for trajectory optimization.
[INFO] [1783914840.232961303, 899.268000000]: Footprint model 'polygon' loaded for trajectory optimization.
[INFO] [1783914840.847914124, 899.882000000]: Footprint model 'polygon' loaded for trajectory optimization.
[INFO] [1783914841.391713306, 900.424000000]: Footprint model 'polygon' loaded for trajectory optimization.
[INFO] [1783914841.990743270, 901.024000000]: Footprint model 'polygon' loaded for trajectory optimization.
[INFO] [1783914843.879603278, 902.912000000]: GOAL Reached!
[INFO] [1783914843.997526963, 903.028000000]: Footprint model 'polygon' loaded for trajectory optimization.
[INFO] [1783914844.839540065, 903.872000000]: Footprint model 'polygon' loaded for trajectory optimization.
[INFO] [1783914845.438231690, 904.468000000]: Footprint model 'polygon' loaded for trajectory optimization.
[INFO] [1783914846.039813562, 905.068000000]: Footprint model 'polygon' loaded for trajectory optimization.
[INFO] [1783914846.638671963, 905.668000000]: Footprint model 'polygon' loaded for trajectory optimization.
[INFO] [1783914848.476477022, 907.506000000]: GOAL Reached!
[INFO] [1783914848.596252899, 907.624000000]: Footprint model 'polygon' loaded for trajectory optimization.
[INFO] [1783914849.445273230, 908.470000000]: Footprint model 'polygon' loaded for trajectory optimization.
[INFO] [1783914850.039582642, 909.062000000]: Footprint model 'polygon' loaded for trajectory optimization.
[INFO] [1783914850.589733257, 909.612000000]: Footprint model 'polygon' loaded for trajectory optimization.
[INFO] [1783914851.234813686, 910.260000000]: Footprint model 'polygon' loaded for trajectory optimization.
[INFO] [1783914853.177267625, 912.200000000]: GOAL Reached!
[INFO] [1783914853.287621064, 912.310000000]: Footprint model 'polygon' loaded for trajectory optimization.
[INFO] [1783914854.130137153, 913.150000000]: Footprint model 'polygon' loaded for trajectory optimization.
[INFO] [1783914854.680201531, 913.700000000]: Footprint model 'polygon' loaded for trajectory optimization.
[INFO] [1783914855.282107270, 914.298000000]: Footprint model 'polygon' loaded for trajectory optimization.
[INFO] [1783914855.879033472, 914.898000000]: Footprint model 'polygon' loaded for trajectory optimization.
[INFO] [1783914857.870781566, 916.886000000]: GOAL Reached!
[INFO] [1783914857.990601698, 917.006000000]: Footprint model 'polygon' loaded for trajectory optimization.
[INFO] [1783914858.834508536, 917.852000000]: Footprint model 'polygon' loaded for trajectory optimization.
[INFO] [1783914859.428384601, 918.444000000]: Footprint model 'polygon' loaded for trajectory optimization.
[INFO] [1783914860.026305830, 919.042000000]: Footprint model 'polygon' loaded for trajectory optimization.
[INFO] [1783914860.626636834, 919.642000000]: Footprint model 'polygon' loaded for trajectory optimization.
[INFO] [1783914862.367966394, 921.382000000]: GOAL Reached!
[INFO] [1783914862.488516880, 921.500000000]: Footprint model 'polygon' loaded for trajectory optimization.
[INFO] [1783914863.349527480, 922.362000000]: Footprint model 'polygon' loaded for trajectory optimization.
[INFO] [1783914863.927866875, 922.940000000]: Footprint model 'polygon' loaded for trajectory optimization.
[INFO] [1783914864.527820683, 923.538000000]: Footprint model 'polygon' loaded for trajectory optimization.
[INFO] [1783914865.076769656, 924.088000000]: Footprint model 'polygon' loaded for trajectory optimization.
[INFO] [1783914866.964834466, 925.976000000]: GOAL Reached!
[INFO] [1783914867.081995100, 926.092000000]: Footprint model 'polygon' loaded for trajectory optimization.
[INFO] [1783914867.926268566, 926.932000000]: Footprint model 'polygon' loaded for trajectory optimization.
[INFO] [1783914868.523383420, 927.530000000]: Footprint model 'polygon' loaded for trajectory optimization.
[INFO] [1783914869.073725305, 928.080000000]: Footprint model 'polygon' loaded for trajectory optimization.
[INFO] [1783914869.724581964, 928.730000000]: Footprint model 'polygon' loaded for trajectory optimization.
[INFO] [1783914871.664963830, 930.668000000]: GOAL Reached!
[INFO] [1783914871.779858658, 930.782000000]: Footprint model 'polygon' loaded for trajectory optimization.
[INFO] [1783914872.627981893, 931.632000000]: Footprint model 'polygon' loaded for trajectory optimization.
[INFO] [1783914873.217551091, 932.220000000]: Footprint model 'polygon' loaded for trajectory optimization.
[INFO] [1783914873.816365761, 932.818000000]: Footprint model 'polygon' loaded for trajectory optimization.
[INFO] [1783914874.417319787, 933.420000000]: Footprint model 'polygon' loaded for trajectory optimization.
[INFO] [1783914876.258290504, 935.258000000]: GOAL Reached!
[INFO] [1783914876.377944292, 935.376000000]: Footprint model 'polygon' loaded for trajectory optimization.
[INFO] [1783914877.212792396, 936.210000000]: Footprint model 'polygon' loaded for trajectory optimization.
[INFO] [1783914877.772219915, 936.768000000]: Footprint model 'polygon' loaded for trajectory optimization.
[INFO] [1783914878.418982011, 937.416000000]: Footprint model 'polygon' loaded for trajectory optimization.
[INFO] [1783914879.015651930, 938.014000000]: Footprint model 'polygon' loaded for trajectory optimization.
[INFO] [1783914880.757786047, 939.754000000]: GOAL Reached!
[INFO] [1783914880.877096608, 939.872000000]: Footprint model 'polygon' loaded for trajectory optimization.
[INFO] [1783914881.736983861, 940.732000000]: Footprint model 'polygon' loaded for trajectory optimization.
[INFO] [1783914882.277976521, 941.270000000]: Footprint model 'polygon' loaded for trajectory optimization.
[INFO] [1783914882.921691397, 941.916000000]: Footprint model 'polygon' loaded for trajectory optimization.
[INFO] [1783914883.477778153, 942.468000000]: Footprint model 'polygon' loaded for trajectory optimization.
[INFO] [1783914885.264255430, 944.254000000]: GOAL Reached!
[INFO] [1783914885.387006725, 944.376000000]: Footprint model 'polygon' loaded for trajectory optimization.
[INFO] [1783914886.219037874, 945.210000000]: Footprint model 'polygon' loaded for trajectory optimization.
[INFO] [1783914886.779300425, 945.768000000]: Footprint model 'polygon' loaded for trajectory optimization.
[INFO] [1783914887.378581371, 946.368000000]: Footprint model 'polygon' loaded for trajectory optimization.
[INFO] [1783914887.977324596, 946.966000000]: Footprint model 'polygon' loaded for trajectory optimization.
[INFO] [1783914889.966151657, 948.954000000]: GOAL Reached!
[INFO] [1783914890.089772655, 949.078000000]: Footprint model 'polygon' loaded for trajectory optimization.
[INFO] [1783914890.928229322, 949.912000000]: Footprint model 'polygon' loaded for trajectory optimization.
[INFO] [1783914891.480417628, 950.464000000]: Footprint model 'polygon' loaded for trajectory optimization.
[INFO] [1783914892.082367047, 951.064000000]: Footprint model 'polygon' loaded for trajectory optimization.
[INFO] [1783914892.679592515, 951.664000000]: Footprint model 'polygon' loaded for trajectory optimization.
[INFO] [1783914894.670475850, 953.652000000]: GOAL Reached!
[INFO] [1783914894.790459890, 953.772000000]: Footprint model 'polygon' loaded for trajectory optimization.
[INFO] [1783914895.630883946, 954.610000000]: Footprint model 'polygon' loaded for trajectory optimization.
[INFO] [1783914896.185194401, 955.166000000]: Footprint model 'polygon' loaded for trajectory optimization.
[INFO] [1783914896.831469962, 955.812000000]: Footprint model 'polygon' loaded for trajectory optimization.
[INFO] [1783914897.382325326, 956.360000000]: Footprint model 'polygon' loaded for trajectory optimization.
[INFO] [1783914899.173109212, 958.150000000]: GOAL Reached!
[INFO] [1783914899.281825433, 958.258000000]: Footprint model 'polygon' loaded for trajectory optimization.
[INFO] [1783914900.111410341, 959.088000000]: Footprint model 'polygon' loaded for trajectory optimization.
[INFO] [1783914900.718777910, 959.696000000]: Footprint model 'polygon' loaded for trajectory optimization.
[INFO] [1783914901.322416584, 960.296000000]: Footprint model 'polygon' loaded for trajectory optimization.
[INFO] [1783914901.871191844, 960.846000000]: Footprint model 'polygon' loaded for trajectory optimization.
[INFO] [1783914903.659438980, 962.634000000]: GOAL Reached!
[INFO] [1783914903.768857504, 962.742000000]: Footprint model 'polygon' loaded for trajectory optimization.
[INFO] [1783914904.617848470, 963.590000000]: Footprint model 'polygon' loaded for trajectory optimization.
[INFO] [1783914905.210532461, 964.184000000]: Footprint model 'polygon' loaded for trajectory optimization.
[INFO] [1783914905.763529084, 964.734000000]: Footprint model 'polygon' loaded for trajectory optimization.
[INFO] [1783914906.361768444, 965.334000000]: Footprint model 'polygon' loaded for trajectory optimization.
[INFO] [1783914908.352430945, 967.322000000]: GOAL Reached!
[INFO] [1783914908.475126480, 967.444000000]: Footprint model 'polygon' loaded for trajectory optimization.
[INFO] [1783914909.325697383, 968.292000000]: Footprint model 'polygon' loaded for trajectory optimization.
[INFO] [1783914909.917989122, 968.886000000]: Footprint model 'polygon' loaded for trajectory optimization.
[INFO] [1783914910.517484376, 969.486000000]: Footprint model 'polygon' loaded for trajectory optimization.
[INFO] [1783914911.114201608, 970.080000000]: Footprint model 'polygon' loaded for trajectory optimization.
[INFO] [1783914912.956973014, 971.922000000]: GOAL Reached!
[INFO] [1783914913.071418459, 972.036000000]: Footprint model 'polygon' loaded for trajectory optimization.
[INFO] [1783914913.907602301, 972.870000000]: Footprint model 'polygon' loaded for trajectory optimization.
[INFO] [1783914914.511145158, 973.476000000]: Footprint model 'polygon' loaded for trajectory optimization.
[INFO] [1783914915.117567019, 974.080000000]: Footprint model 'polygon' loaded for trajectory optimization.
[INFO] [1783914915.709459343, 974.672000000]: Footprint model 'polygon' loaded for trajectory optimization.
[INFO] [1783914917.550969690, 976.512000000]: GOAL Reached!
[INFO] [1783914917.666306554, 976.626000000]: Footprint model 'polygon' loaded for trajectory optimization.
[INFO] [1783914918.511890094, 977.470000000]: Footprint model 'polygon' loaded for trajectory optimization.
[INFO] [1783914919.103090938, 978.062000000]: Footprint model 'polygon' loaded for trajectory optimization.
[INFO] [1783914919.657246262, 978.616000000]: Footprint model 'polygon' loaded for trajectory optimization.
[INFO] [1783914920.253231670, 979.212000000]: Footprint model 'polygon' loaded for trajectory optimization.
[INFO] [1783914922.143533072, 981.100000000]: GOAL Reached!
[INFO] [1783914922.251591260, 981.208000000]: Footprint model 'polygon' loaded for trajectory optimization.
[INFO] [1783914923.093941257, 982.048000000]: Footprint model 'polygon' loaded for trajectory optimization.
[INFO] [1783914923.642581185, 982.598000000]: Footprint model 'polygon' loaded for trajectory optimization.
[INFO] [1783914924.295767471, 983.250000000]: Footprint model 'polygon' loaded for trajectory optimization.
[INFO] [1783914924.847892692, 983.798000000]: Footprint model 'polygon' loaded for trajectory optimization.
[INFO] [1783914926.630473311, 985.584000000]: GOAL Reached!
[INFO] [1783914926.749736398, 985.702000000]: Footprint model 'polygon' loaded for trajectory optimization.
[INFO] [1783914927.601886349, 986.550000000]: Footprint model 'polygon' loaded for trajectory optimization.
[INFO] [1783914928.192867703, 987.142000000]: Footprint model 'polygon' loaded for trajectory optimization.
[INFO] [1783914928.794180994, 987.742000000]: Footprint model 'polygon' loaded for trajectory optimization.
[INFO] [1783914929.389864605, 988.340000000]: Footprint model 'polygon' loaded for trajectory optimization.
[INFO] [1783914931.132546439, 990.080000000]: GOAL Reached!
[INFO] [1783914931.255714519, 990.202000000]: Footprint model 'polygon' loaded for trajectory optimization.
[INFO] [1783914932.104921698, 991.054000000]: Footprint model 'polygon' loaded for trajectory optimization.
[INFO] [1783914932.696860674, 991.644000000]: Footprint model 'polygon' loaded for trajectory optimization.
[INFO] [1783914933.296821286, 992.242000000]: Footprint model 'polygon' loaded for trajectory optimization.
[INFO] [1783914933.900408851, 992.844000000]: Footprint model 'polygon' loaded for trajectory optimization.
[INFO] [1783914935.837483000, 994.780000000]: GOAL Reached!
[INFO] [1783914935.959890667, 994.902000000]: Footprint model 'polygon' loaded for trajectory optimization.
[INFO] [1783914936.808354596, 995.748000000]: Footprint model 'polygon' loaded for trajectory optimization.
[INFO] [1783914937.352931108, 996.294000000]: Footprint model 'polygon' loaded for trajectory optimization.
[INFO] [1783914938.000555371, 996.942000000]: Footprint model 'polygon' loaded for trajectory optimization.
[INFO] [1783914938.601649821, 997.542000000]: Footprint model 'polygon' loaded for trajectory optimization.
[INFO] [1783914939.157250310, 998.094000000]: Footprint model 'polygon' loaded for trajectory optimization.
[INFO] [1783914940.839352006, 999.778000000]: GOAL Reached!
[INFO] [1783914940.959942883, 999.898000000]: Footprint model 'polygon' loaded for trajectory optimization.
[INFO] [1783914941.815589227, 1000.750000000]: Footprint model 'polygon' loaded for trajectory optimization.
[INFO] [1783914942.353615748, 1001.290000000]: Footprint model 'polygon' loaded for trajectory optimization.
[INFO] [1783914942.953555580, 1001.888000000]: Footprint model 'polygon' loaded for trajectory optimization.
[INFO] [1783914943.550509830, 1002.486000000]: Footprint model 'polygon' loaded for trajectory optimization.
[INFO] [1783914945.340503076, 1004.274000000]: GOAL Reached!
[INFO] [1783914945.451403214, 1004.384000000]: Footprint model 'polygon' loaded for trajectory optimization.
[INFO] [1783914946.297868090, 1005.230000000]: Footprint model 'polygon' loaded for trajectory optimization.
[INFO] [1783914946.893394686, 1005.824000000]: Footprint model 'polygon' loaded for trajectory optimization.
[INFO] [1783914947.443411153, 1006.374000000]: Footprint model 'polygon' loaded for trajectory optimization.
[INFO] [1783914948.041601363, 1006.972000000]: Footprint model 'polygon' loaded for trajectory optimization.
[INFO] [1783914949.728382498, 1008.660000000]: GOAL Reached!
[INFO] [1783914949.846218231, 1008.776000000]: Footprint model 'polygon' loaded for trajectory optimization.
[INFO] [1783914950.703454521, 1009.634000000]: Footprint model 'polygon' loaded for trajectory optimization.
[INFO] [1783914951.291820431, 1010.220000000]: Footprint model 'polygon' loaded for trajectory optimization.
[INFO] [1783914951.889477880, 1010.818000000]: Footprint model 'polygon' loaded for trajectory optimization.
[INFO] [1783914952.443506319, 1011.368000000]: Footprint model 'polygon' loaded for trajectory optimization.
[INFO] [1783914954.430913087, 1013.356000000]: GOAL Reached!
[INFO] [1783914954.550000242, 1013.474000000]: Footprint model 'polygon' loaded for trajectory optimization.
[INFO] [1783914955.387073538, 1014.308000000]: Footprint model 'polygon' loaded for trajectory optimization.
[INFO] [1783914955.991950389, 1014.912000000]: Footprint model 'polygon' loaded for trajectory optimization.
[INFO] [1783914956.589997166, 1015.510000000]: Footprint model 'polygon' loaded for trajectory optimization.
[INFO] [1783914957.137985201, 1016.062000000]: Footprint model 'polygon' loaded for trajectory optimization.
[INFO] [1783914959.027845808, 1017.950000000]: GOAL Reached!
[INFO] [1783914959.145703382, 1018.066000000]: Footprint model 'polygon' loaded for trajectory optimization.
[INFO] [1783914959.990495693, 1018.908000000]: Footprint model 'polygon' loaded for trajectory optimization.
[INFO] [1783914960.537704199, 1019.456000000]: Footprint model 'polygon' loaded for trajectory optimization.
[INFO] [1783914961.138252427, 1020.058000000]: Footprint model 'polygon' loaded for trajectory optimization.
[INFO] [1783914961.790085390, 1020.706000000]: Footprint model 'polygon' loaded for trajectory optimization.
[INFO] [1783914963.629179276, 1022.544000000]: GOAL Reached!
[INFO] [1783914963.752005118, 1022.666000000]: Footprint model 'polygon' loaded for trajectory optimization.
[INFO] [1783914964.595931476, 1023.510000000]: Footprint model 'polygon' loaded for trajectory optimization.
[INFO] [1783914965.137993839, 1024.054000000]: Footprint model 'polygon' loaded for trajectory optimization.
[INFO] [1783914965.789561783, 1024.704000000]: Footprint model 'polygon' loaded for trajectory optimization.
[INFO] [1783914966.386772041, 1025.302000000]: Footprint model 'polygon' loaded for trajectory optimization.
[INFO] [1783914968.131295962, 1027.042000000]: GOAL Reached!
[INFO] [1783914968.251691094, 1027.162000000]: Footprint model 'polygon' loaded for trajectory optimization.
[INFO] [1783914969.098706894, 1028.010000000]: Footprint model 'polygon' loaded for trajectory optimization.
[INFO] [1783914969.689172810, 1028.600000000]: Footprint model 'polygon' loaded for trajectory optimization.
[INFO] [1783914970.239244407, 1029.150000000]: Footprint model 'polygon' loaded for trajectory optimization.
[INFO] [1783914970.890385154, 1029.800000000]: Footprint model 'polygon' loaded for trajectory optimization.
[INFO] [1783914972.729661372, 1031.638000000]: GOAL Reached!
[INFO] [1783914972.840132753, 1031.748000000]: Footprint model 'polygon' loaded for trajectory optimization.
[INFO] [1783914973.686708659, 1032.592000000]: Footprint model 'polygon' loaded for trajectory optimization.
[INFO] [1783914974.290895675, 1033.198000000]: Footprint model 'polygon' loaded for trajectory optimization.
[INFO] [1783914974.836484487, 1033.740000000]: Footprint model 'polygon' loaded for trajectory optimization.
[INFO] [1783914975.481302632, 1034.384000000]: Footprint model 'polygon' loaded for trajectory optimization.
[INFO] [1783914977.322108637, 1036.226000000]: GOAL Reached!
[INFO] [1783914977.443150258, 1036.346000000]: Footprint model 'polygon' loaded for trajectory optimization.
[INFO] [1783914978.289882009, 1037.190000000]: Footprint model 'polygon' loaded for trajectory optimization.
[INFO] [1783914978.885924621, 1037.786000000]: Footprint model 'polygon' loaded for trajectory optimization.
[INFO] [1783914979.481313375, 1038.384000000]: Footprint model 'polygon' loaded for trajectory optimization.
[INFO] [1783914980.035511982, 1038.934000000]: Footprint model 'polygon' loaded for trajectory optimization.
[INFO] [1783914981.924357729, 1040.822000000]: GOAL Reached!
[INFO] [1783914982.035966051, 1040.934000000]: Footprint model 'polygon' loaded for trajectory optimization.
[INFO] [1783914982.873516948, 1041.770000000]: Footprint model 'polygon' loaded for trajectory optimization.
[INFO] [1783914983.477616407, 1042.374000000]: Footprint model 'polygon' loaded for trajectory optimization.
[INFO] [1783914984.025631939, 1042.922000000]: Footprint model 'polygon' loaded for trajectory optimization.
[INFO] [1783914984.674085038, 1043.570000000]: Footprint model 'polygon' loaded for trajectory optimization.
[INFO] [1783914986.513936160, 1045.410000000]: GOAL Reached!
[INFO] [1783914986.631886921, 1045.526000000]: Footprint model 'polygon' loaded for trajectory optimization.
[INFO] [1783914987.476577817, 1046.370000000]: Footprint model 'polygon' loaded for trajectory optimization.
[INFO] [1783914988.069878956, 1046.964000000]: Footprint model 'polygon' loaded for trajectory optimization.
[INFO] [1783914988.677912733, 1047.570000000]: Footprint model 'polygon' loaded for trajectory optimization.
[INFO] [1783914989.218122566, 1048.112000000]: Footprint model 'polygon' loaded for trajectory optimization.
[INFO] [1783914991.011087849, 1049.900000000]: GOAL Reached!
[INFO] [1783914991.132079033, 1050.020000000]: Footprint model 'polygon' loaded for trajectory optimization.
[INFO] [1783914991.979957132, 1050.868000000]: Footprint model 'polygon' loaded for trajectory optimization.
[INFO] [1783914992.521896307, 1051.410000000]: Footprint model 'polygon' loaded for trajectory optimization.
[INFO] [1783914993.170632427, 1052.058000000]: Footprint model 'polygon' loaded for trajectory optimization.
[INFO] [1783914993.719534921, 1052.608000000]: Footprint model 'polygon' loaded for trajectory optimization.
[INFO] [1783914995.710065064, 1054.596000000]: GOAL Reached!
[INFO] [1783914995.831824130, 1054.716000000]: Footprint model 'polygon' loaded for trajectory optimization.
[INFO] [1783914996.669395746, 1055.554000000]: Footprint model 'polygon' loaded for trajectory optimization.
[INFO] [1783914997.273552017, 1056.158000000]: Footprint model 'polygon' loaded for trajectory optimization.
[INFO] [1783914997.871274783, 1056.756000000]: Footprint model 'polygon' loaded for trajectory optimization.
[INFO] [1783914998.473144855, 1057.358000000]: Footprint model 'polygon' loaded for trajectory optimization.
[INFO] [1783914999.023236794, 1057.906000000]: Footprint model 'polygon' loaded for trajectory optimization.
[INFO] [1783915000.714356493, 1059.594000000]: GOAL Reached!
[INFO] [1783915000.837269311, 1059.716000000]: Footprint model 'polygon' loaded for trajectory optimization.
[INFO] [1783915001.671452840, 1060.552000000]: Footprint model 'polygon' loaded for trajectory optimization.
[INFO] [1783915002.275737021, 1061.156000000]: Footprint model 'polygon' loaded for trajectory optimization.
[INFO] [1783915002.877890684, 1061.754000000]: Footprint model 'polygon' loaded for trajectory optimization.
[INFO] [1783915003.478219992, 1062.354000000]: Footprint model 'polygon' loaded for trajectory optimization.
[INFO] [1783915005.215586593, 1064.092000000]: GOAL Reached!
[INFO] [1783915005.335992868, 1064.212000000]: Footprint model 'polygon' loaded for trajectory optimization.
[INFO] [1783915006.176659559, 1065.050000000]: Footprint model 'polygon' loaded for trajectory optimization.
[INFO] [1783915006.778959604, 1065.652000000]: Footprint model 'polygon' loaded for trajectory optimization.
[INFO] [1783915007.380077285, 1066.252000000]: Footprint model 'polygon' loaded for trajectory optimization.
[INFO] [1783915007.976526139, 1066.848000000]: Footprint model 'polygon' loaded for trajectory optimization.
[INFO] [1783915009.818711215, 1068.688000000]: GOAL Reached!
[INFO] [1783915009.936837643, 1068.806000000]: Footprint model 'polygon' loaded for trajectory optimization.
[INFO] [1783915010.780160436, 1069.650000000]: Footprint model 'polygon' loaded for trajectory optimization.
[INFO] [1783915011.373045495, 1070.244000000]: Footprint model 'polygon' loaded for trajectory optimization.
[INFO] [1783915011.975619033, 1070.846000000]: Footprint model 'polygon' loaded for trajectory optimization.
[INFO] [1783915012.525830462, 1071.394000000]: Footprint model 'polygon' loaded for trajectory optimization.
[INFO] [1783915014.615766983, 1073.482000000]: GOAL Reached!
[INFO] [1783915014.740684382, 1073.606000000]: Footprint model 'polygon' loaded for trajectory optimization.
[INFO] [1783915015.585701109, 1074.452000000]: Footprint model 'polygon' loaded for trajectory optimization.
[INFO] [1783915016.178348757, 1075.042000000]: Footprint model 'polygon' loaded for trajectory optimization.
[INFO] [1783915016.776954957, 1075.642000000]: Footprint model 'polygon' loaded for trajectory optimization.
[INFO] [1783915017.327315205, 1076.192000000]: Footprint model 'polygon' loaded for trajectory optimization.
[INFO] [1783915019.118635338, 1077.980000000]: GOAL Reached!
[INFO] [1783915019.228691643, 1078.090000000]: Footprint model 'polygon' loaded for trajectory optimization.
[INFO] [1783915020.070340303, 1078.930000000]: Footprint model 'polygon' loaded for trajectory optimization.
[INFO] [1783915020.672014566, 1079.532000000]: Footprint model 'polygon' loaded for trajectory optimization.
[INFO] [1783915021.268463168, 1080.128000000]: Footprint model 'polygon' loaded for trajectory optimization.
[INFO] [1783915021.822178229, 1080.682000000]: Footprint model 'polygon' loaded for trajectory optimization.
[INFO] [1783915023.610928213, 1082.468000000]: GOAL Reached!
[INFO] [1783915023.722279695, 1082.578000000]: Footprint model 'polygon' loaded for trajectory optimization.
[INFO] [1783915024.556141767, 1083.410000000]: Footprint model 'polygon' loaded for trajectory optimization.
[INFO] [1783915025.133100779, 1083.988000000]: Footprint model 'polygon' loaded for trajectory optimization.
[INFO] [1783915025.761061863, 1084.618000000]: Footprint model 'polygon' loaded for trajectory optimization.
[INFO] [1783915026.363759123, 1085.216000000]: Footprint model 'polygon' loaded for trajectory optimization.
[INFO] [1783915028.103340760, 1086.954000000]: GOAL Reached!
[INFO] [1783915028.211522068, 1087.062000000]: Footprint model 'polygon' loaded for trajectory optimization.
[INFO] [1783915029.090073094, 1087.942000000]: Footprint model 'polygon' loaded for trajectory optimization.
[INFO] [1783915029.703128482, 1088.554000000]: Footprint model 'polygon' loaded for trajectory optimization.
[INFO] [1783915030.349414805, 1089.200000000]: Footprint model 'polygon' loaded for trajectory optimization.
[INFO] [1783915030.947006456, 1089.798000000]: Footprint model 'polygon' loaded for trajectory optimization.
[INFO] [1783915032.690786540, 1091.538000000]: GOAL Reached!
[INFO] [1783915032.812870593, 1091.660000000]: Footprint model 'polygon' loaded for trajectory optimization.
[INFO] [1783915033.680669953, 1092.528000000]: Footprint model 'polygon' loaded for trajectory optimization.
[INFO] [1783915034.352272611, 1093.198000000]: Footprint model 'polygon' loaded for trajectory optimization.
[INFO] [1783915034.902080055, 1093.748000000]: Footprint model 'polygon' loaded for trajectory optimization.
[INFO] [1783915035.501827341, 1094.348000000]: Footprint model 'polygon' loaded for trajectory optimization.
[INFO] [1783915037.191238365, 1096.036000000]: GOAL Reached!
[INFO] [1783915037.313924662, 1096.158000000]: Footprint model 'polygon' loaded for trajectory optimization.
[INFO] [1783915038.167961271, 1097.010000000]: Footprint model 'polygon' loaded for trajectory optimization.
[INFO] [1783915038.752258214, 1097.596000000]: Footprint model 'polygon' loaded for trajectory optimization.
[INFO] [1783915039.302233017, 1098.146000000]: Footprint model 'polygon' loaded for trajectory optimization.
[INFO] [1783915039.952088812, 1098.794000000]: Footprint model 'polygon' loaded for trajectory optimization.
[INFO] [1783915041.696807283, 1100.534000000]: GOAL Reached!
[INFO] [1783915041.805957321, 1100.642000000]: Footprint model 'polygon' loaded for trajectory optimization.
[INFO] [1783915042.656625932, 1101.496000000]: Footprint model 'polygon' loaded for trajectory optimization.
[INFO] [1783915043.246941716, 1102.086000000]: Footprint model 'polygon' loaded for trajectory optimization.
[INFO] [1783915043.796181567, 1102.636000000]: Footprint model 'polygon' loaded for trajectory optimization.
[INFO] [1783915044.443732358, 1103.280000000]: Footprint model 'polygon' loaded for trajectory optimization.
[INFO] [1783915046.286193771, 1105.120000000]: GOAL Reached!
[INFO] [1783915046.407673865, 1105.242000000]: Footprint model 'polygon' loaded for trajectory optimization.
[INFO] [1783915047.256962943, 1106.092000000]: Footprint model 'polygon' loaded for trajectory optimization.
[INFO] [1783915047.799674817, 1106.634000000]: Footprint model 'polygon' loaded for trajectory optimization.
[INFO] [1783915048.448790107, 1107.284000000]: Footprint model 'polygon' loaded for trajectory optimization.
[INFO] [1783915049.003449447, 1107.834000000]: Footprint model 'polygon' loaded for trajectory optimization.
[INFO] [1783915051.090794262, 1109.922000000]: GOAL Reached!
[INFO] [1783915051.213410219, 1110.044000000]: Footprint model 'polygon' loaded for trajectory optimization.
[INFO] [1783915052.059402224, 1110.890000000]: Footprint model 'polygon' loaded for trajectory optimization.
[INFO] [1783915052.654112378, 1111.484000000]: Footprint model 'polygon' loaded for trajectory optimization.
[INFO] [1783915053.254507946, 1112.084000000]: Footprint model 'polygon' loaded for trajectory optimization.
[INFO] [1783915053.802132242, 1112.630000000]: Footprint model 'polygon' loaded for trajectory optimization.
[INFO] [1783915055.493694005, 1114.320000000]: GOAL Reached!
[INFO] [1783915055.611724899, 1114.438000000]: Footprint model 'polygon' loaded for trajectory optimization.
[INFO] [1783915056.465690932, 1115.290000000]: Footprint model 'polygon' loaded for trajectory optimization.
[INFO] [1783915057.055224044, 1115.880000000]: Footprint model 'polygon' loaded for trajectory optimization.
[INFO] [1783915057.605056808, 1116.432000000]: Footprint model 'polygon' loaded for trajectory optimization.
[INFO] [1783915058.255932074, 1117.078000000]: Footprint model 'polygon' loaded for trajectory optimization.
[INFO] [1783915059.994669503, 1118.818000000]: GOAL Reached!
[INFO] [1783915060.118226228, 1118.940000000]: Footprint model 'polygon' loaded for trajectory optimization.
[INFO] [1783915060.971624207, 1119.792000000]: Footprint model 'polygon' loaded for trajectory optimization.
[INFO] [1783915061.563214105, 1120.386000000]: Footprint model 'polygon' loaded for trajectory optimization.
[INFO] [1783915062.160295495, 1120.982000000]: Footprint model 'polygon' loaded for trajectory optimization.
[INFO] [1783915062.713616762, 1121.532000000]: Footprint model 'polygon' loaded for trajectory optimization.
[INFO] [1783915064.499871699, 1123.320000000]: GOAL Reached!
[INFO] [1783915064.613515573, 1123.432000000]: Footprint model 'polygon' loaded for trajectory optimization.
[INFO] [1783915065.455762598, 1124.272000000]: Footprint model 'polygon' loaded for trajectory optimization.
[INFO] [1783915066.006342246, 1124.822000000]: Footprint model 'polygon' loaded for trajectory optimization.
[INFO] [1783915066.663249313, 1125.476000000]: Footprint model 'polygon' loaded for trajectory optimization.
[INFO] [1783915067.255440799, 1126.068000000]: Footprint model 'polygon' loaded for trajectory optimization.
[INFO] [1783915069.197523226, 1128.008000000]: GOAL Reached!
[INFO] [1783915069.317405512, 1128.128000000]: Footprint model 'polygon' loaded for trajectory optimization.
[INFO] [1783915070.161101036, 1128.970000000]: Footprint model 'polygon' loaded for trajectory optimization.
[INFO] [1783915070.761666342, 1129.570000000]: Footprint model 'polygon' loaded for trajectory optimization.
[INFO] [1783915071.356025788, 1130.168000000]: Footprint model 'polygon' loaded for trajectory optimization.
[INFO] [1783915071.909217861, 1130.718000000]: Footprint model 'polygon' loaded for trajectory optimization.
[INFO] [1783915073.698217813, 1132.506000000]: GOAL Reached!
[INFO] [1783915073.822984616, 1132.630000000]: Footprint model 'polygon' loaded for trajectory optimization.
[INFO] [1783915074.665853147, 1133.472000000]: Footprint model 'polygon' loaded for trajectory optimization.
[INFO] [1783915075.216978243, 1134.022000000]: Footprint model 'polygon' loaded for trajectory optimization.
[INFO] [1783915075.819768997, 1134.624000000]: Footprint model 'polygon' loaded for trajectory optimization.
[INFO] [1783915076.465280214, 1135.268000000]: Footprint model 'polygon' loaded for trajectory optimization.
[INFO] [1783915078.407346160, 1137.208000000]: GOAL Reached!
[INFO] [1783915078.523205011, 1137.324000000]: Footprint model 'polygon' loaded for trajectory optimization.
[INFO] [1783915079.367866942, 1138.172000000]: Footprint model 'polygon' loaded for trajectory optimization.
[INFO] [1783915079.920721434, 1138.720000000]: Footprint model 'polygon' loaded for trajectory optimization.
[INFO] [1783915080.512346406, 1139.314000000]: Footprint model 'polygon' loaded for trajectory optimization.
[INFO] [1783915081.158407167, 1139.958000000]: Footprint model 'polygon' loaded for trajectory optimization.
[INFO] [1783915083.002483509, 1141.800000000]: GOAL Reached!
[INFO] [1783915083.125620639, 1141.922000000]: Footprint model 'polygon' loaded for trajectory optimization.
[INFO] [1783915083.971930498, 1142.770000000]: Footprint model 'polygon' loaded for trajectory optimization.
[INFO] [1783915084.565977855, 1143.360000000]: Footprint model 'polygon' loaded for trajectory optimization.
[INFO] [1783915085.165702621, 1143.960000000]: Footprint model 'polygon' loaded for trajectory optimization.
[INFO] [1783915085.719087984, 1144.514000000]: Footprint model 'polygon' loaded for trajectory optimization.
[INFO] [1783915087.603963732, 1146.398000000]: GOAL Reached!
[INFO] [1783915087.722449830, 1146.516000000]: Footprint model 'polygon' loaded for trajectory optimization.
[INFO] [1783915088.579980043, 1147.372000000]: Footprint model 'polygon' loaded for trajectory optimization.
[INFO] [1783915089.116014802, 1147.908000000]: Footprint model 'polygon' loaded for trajectory optimization.
[INFO] [1783915089.715345675, 1148.508000000]: Footprint model 'polygon' loaded for trajectory optimization.
[INFO] [1783915090.360969478, 1149.154000000]: Footprint model 'polygon' loaded for trajectory optimization.
[INFO] [1783915092.101771454, 1150.892000000]: GOAL Reached!
[INFO] [1783915092.213604856, 1151.002000000]: Footprint model 'polygon' loaded for trajectory optimization.
[INFO] [1783915093.060745468, 1151.850000000]: Footprint model 'polygon' loaded for trajectory optimization.
[INFO] [1783915093.655909834, 1152.444000000]: Footprint model 'polygon' loaded for trajectory optimization.
[INFO] [1783915094.255322863, 1153.042000000]: Footprint model 'polygon' loaded for trajectory optimization.
[INFO] [1783915094.804518099, 1153.592000000]: Footprint model 'polygon' loaded for trajectory optimization.
[INFO] [1783915095.454358332, 1154.240000000]: Footprint model 'polygon' loaded for trajectory optimization.
[INFO] [1783915097.193634249, 1155.978000000]: GOAL Reached!
[INFO] [1783915097.314204793, 1156.098000000]: Footprint model 'polygon' loaded for trajectory optimization.
[INFO] [1783915098.167553845, 1156.950000000]: Footprint model 'polygon' loaded for trajectory optimization.
[INFO] [1783915098.710773538, 1157.492000000]: Footprint model 'polygon' loaded for trajectory optimization.
[INFO] [1783915099.306641710, 1158.090000000]: Footprint model 'polygon' loaded for trajectory optimization.
[INFO] [1783915099.958097757, 1158.738000000]: Footprint model 'polygon' loaded for trajectory optimization.
[INFO] [1783915101.795223699, 1160.578000000]: GOAL Reached!
[INFO] [1783915101.913720103, 1160.696000000]: Footprint model 'polygon' loaded for trajectory optimization.
[INFO] [1783915102.770947640, 1161.552000000]: Footprint model 'polygon' loaded for trajectory optimization.
[INFO] [1783915103.356749571, 1162.136000000]: Footprint model 'polygon' loaded for trajectory optimization.
[INFO] [1783915103.958609058, 1162.736000000]: Footprint model 'polygon' loaded for trajectory optimization.
[INFO] [1783915104.509797133, 1163.288000000]: Footprint model 'polygon' loaded for trajectory optimization.
[INFO] [1783915106.396255655, 1165.172000000]: GOAL Reached!
[INFO] [1783915106.516811089, 1165.292000000]: Footprint model 'polygon' loaded for trajectory optimization.
[INFO] [1783915107.355192388, 1166.130000000]: Footprint model 'polygon' loaded for trajectory optimization.
[INFO] [1783915107.957113528, 1166.730000000]: Footprint model 'polygon' loaded for trajectory optimization.
[INFO] [1783915108.557421392, 1167.332000000]: Footprint model 'polygon' loaded for trajectory optimization.
[INFO] [1783915109.107832076, 1167.882000000]: Footprint model 'polygon' loaded for trajectory optimization.
[INFO] [1783915110.898829683, 1169.670000000]: GOAL Reached!
[INFO] [1783915111.018398322, 1169.788000000]: Footprint model 'polygon' loaded for trajectory optimization.
[INFO] [1783915111.860735421, 1170.632000000]: Footprint model 'polygon' loaded for trajectory optimization.
[INFO] [1783915112.458044547, 1171.230000000]: Footprint model 'polygon' loaded for trajectory optimization.
[INFO] [1783915113.008218737, 1171.778000000]: Footprint model 'polygon' loaded for trajectory optimization.
[INFO] [1783915113.659430874, 1172.428000000]: Footprint model 'polygon' loaded for trajectory optimization.
[INFO] [1783915115.499089844, 1174.266000000]: GOAL Reached!
[INFO] [1783915115.624536958, 1174.390000000]: Footprint model 'polygon' loaded for trajectory optimization.
[INFO] [1783915116.463547747, 1175.230000000]: Footprint model 'polygon' loaded for trajectory optimization.
[INFO] [1783915117.065106082, 1175.832000000]: Footprint model 'polygon' loaded for trajectory optimization.
[INFO] [1783915117.666341638, 1176.432000000]: Footprint model 'polygon' loaded for trajectory optimization.
[INFO] [1783915118.218559139, 1176.984000000]: Footprint model 'polygon' loaded for trajectory optimization.
[INFO] [1783915120.107176677, 1178.870000000]: GOAL Reached!
[INFO] [1783915120.227435738, 1178.990000000]: Footprint model 'polygon' loaded for trajectory optimization.
[INFO] [1783915121.068672218, 1179.830000000]: Footprint model 'polygon' loaded for trajectory optimization.
[INFO] [1783915121.664325888, 1180.428000000]: Footprint model 'polygon' loaded for trajectory optimization.
[INFO] [1783915122.268446986, 1181.030000000]: Footprint model 'polygon' loaded for trajectory optimization.
[INFO] [1783915122.817315812, 1181.580000000]: Footprint model 'polygon' loaded for trajectory optimization.
[INFO] [1783915124.707399783, 1183.466000000]: GOAL Reached!
[INFO] [1783915124.829017839, 1183.586000000]: Footprint model 'polygon' loaded for trajectory optimization.
[INFO] [1783915125.672320881, 1184.430000000]: Footprint model 'polygon' loaded for trajectory optimization.
[INFO] [1783915126.267776626, 1185.026000000]: Footprint model 'polygon' loaded for trajectory optimization.
[INFO] [1783915126.867325483, 1185.624000000]: Footprint model 'polygon' loaded for trajectory optimization.
[INFO] [1783915127.468183206, 1186.224000000]: Footprint model 'polygon' loaded for trajectory optimization.
[INFO] [1783915129.409502868, 1188.162000000]: GOAL Reached!
[INFO] [1783915129.524177606, 1188.276000000]: Footprint model 'polygon' loaded for trajectory optimization.
[INFO] [1783915130.356035929, 1189.110000000]: Footprint model 'polygon' loaded for trajectory optimization.
[INFO] [1783915130.960303747, 1189.714000000]: Footprint model 'polygon' loaded for trajectory optimization.
[INFO] [1783915131.517899253, 1190.270000000]: Footprint model 'polygon' loaded for trajectory optimization.
[INFO] [1783915132.112212295, 1190.864000000]: Footprint model 'polygon' loaded for trajectory optimization.
[INFO] [1783915134.001985603, 1192.752000000]: GOAL Reached!
[INFO] [1783915134.121824023, 1192.872000000]: Footprint model 'polygon' loaded for trajectory optimization.
[INFO] [1783915134.960025491, 1193.710000000]: Footprint model 'polygon' loaded for trajectory optimization.
[INFO] [1783915135.563702866, 1194.312000000]: Footprint model 'polygon' loaded for trajectory optimization.
[INFO] [1783915136.158626378, 1194.904000000]: Footprint model 'polygon' loaded for trajectory optimization.
[INFO] [1783915136.765818977, 1195.512000000]: Footprint model 'polygon' loaded for trajectory optimization.
[INFO] [1783915138.598141090, 1197.346000000]: GOAL Reached!
[INFO] [1783915138.721377790, 1197.468000000]: Footprint model 'polygon' loaded for trajectory optimization.
[INFO] [1783915139.567468258, 1198.314000000]: Footprint model 'polygon' loaded for trajectory optimization.
[INFO] [1783915140.159431086, 1198.904000000]: Footprint model 'polygon' loaded for trajectory optimization.
[INFO] [1783915140.763588790, 1199.508000000]: Footprint model 'polygon' loaded for trajectory optimization.
[INFO] [1783915141.362232997, 1200.104000000]: Footprint model 'polygon' loaded for trajectory optimization.
[INFO] [1783915143.099843565, 1201.842000000]: GOAL Reached!
[INFO] [1783915143.218286034, 1201.958000000]: Footprint model 'polygon' loaded for trajectory optimization.
[INFO] [1783915144.071958268, 1202.810000000]: Footprint model 'polygon' loaded for trajectory optimization.
[INFO] [1783915144.621677214, 1203.358000000]: Footprint model 'polygon' loaded for trajectory optimization.
[INFO] [1783915145.259314351, 1203.998000000]: Footprint model 'polygon' loaded for trajectory optimization.
[INFO] [1783915145.809880435, 1204.548000000]: Footprint model 'polygon' loaded for trajectory optimization.
[INFO] [1783915147.699823877, 1206.436000000]: GOAL Reached!
[INFO] [1783915147.810925504, 1206.546000000]: Footprint model 'polygon' loaded for trajectory optimization.
[INFO] [1783915148.655189596, 1207.390000000]: Footprint model 'polygon' loaded for trajectory optimization.
[INFO] [1783915149.250954626, 1207.984000000]: Footprint model 'polygon' loaded for trajectory optimization.
[INFO] [1783915149.862330512, 1208.594000000]: Footprint model 'polygon' loaded for trajectory optimization.
[INFO] [1783915150.451223398, 1209.182000000]: Footprint model 'polygon' loaded for trajectory optimization.
[INFO] [1783915152.291282682, 1211.024000000]: GOAL Reached!
[INFO] [1783915152.402878156, 1211.134000000]: Footprint model 'polygon' loaded for trajectory optimization.
[INFO] [1783915153.238429099, 1211.970000000]: Footprint model 'polygon' loaded for trajectory optimization.
[INFO] [1783915153.842046763, 1212.572000000]: Footprint model 'polygon' loaded for trajectory optimization.
[INFO] [1783915154.394152569, 1213.124000000]: Footprint model 'polygon' loaded for trajectory optimization.
[INFO] [1783915155.045325131, 1213.774000000]: Footprint model 'polygon' loaded for trajectory optimization.
[INFO] [1783915156.785681320, 1215.510000000]: GOAL Reached!
[INFO] [1783915156.895630322, 1215.620000000]: Footprint model 'polygon' loaded for trajectory optimization.
[INFO] [1783915157.745031917, 1216.472000000]: Footprint model 'polygon' loaded for trajectory optimization.
[INFO] [1783915158.281023423, 1217.006000000]: Footprint model 'polygon' loaded for trajectory optimization.
[INFO] [1783915158.929828873, 1217.654000000]: Footprint model 'polygon' loaded for trajectory optimization.
[INFO] [1783915159.533249301, 1218.258000000]: Footprint model 'polygon' loaded for trajectory optimization.
[INFO] [1783915161.469592459, 1220.194000000]: GOAL Reached!
[INFO] [1783915161.581835098, 1220.304000000]: Footprint model 'polygon' loaded for trajectory optimization.
[INFO] [1783915162.428292775, 1221.150000000]: Footprint model 'polygon' loaded for trajectory optimization.
[INFO] [1783915162.974448487, 1221.696000000]: Footprint model 'polygon' loaded for trajectory optimization.
[INFO] [1783915163.575818862, 1222.296000000]: Footprint model 'polygon' loaded for trajectory optimization.
[INFO] [1783915164.173693562, 1222.894000000]: Footprint model 'polygon' loaded for trajectory optimization.
[INFO] [1783915166.064808784, 1224.782000000]: GOAL Reached!
[INFO] [1783915166.177394643, 1224.894000000]: Footprint model 'polygon' loaded for trajectory optimization.
[INFO] [1783915167.013783269, 1225.730000000]: Footprint model 'polygon' loaded for trajectory optimization.
[INFO] [1783915167.613462234, 1226.332000000]: Footprint model 'polygon' loaded for trajectory optimization.
[INFO] [1783915168.164234415, 1226.882000000]: Footprint model 'polygon' loaded for trajectory optimization.
[INFO] [1783915168.764648829, 1227.482000000]: Footprint model 'polygon' loaded for trajectory optimization.
[INFO] [1783915170.754666013, 1229.470000000]: GOAL Reached!
[INFO] [1783915170.878460675, 1229.592000000]: Footprint model 'polygon' loaded for trajectory optimization.
[INFO] [1783915171.717157536, 1230.430000000]: Footprint model 'polygon' loaded for trajectory optimization.
[INFO] [1783915172.273533661, 1230.988000000]: Footprint model 'polygon' loaded for trajectory optimization.
[INFO] [1783915172.871086960, 1231.584000000]: Footprint model 'polygon' loaded for trajectory optimization.
[INFO] [1783915173.474273452, 1232.188000000]: Footprint model 'polygon' loaded for trajectory optimization.
[INFO] [1783915175.159496066, 1233.872000000]: GOAL Reached!
[INFO] [1783915175.282181744, 1233.992000000]: Footprint model 'polygon' loaded for trajectory optimization.
[INFO] [1783915176.119770603, 1234.830000000]: Footprint model 'polygon' loaded for trajectory optimization.
[INFO] [1783915176.727045373, 1235.434000000]: Footprint model 'polygon' loaded for trajectory optimization.
[INFO] [1783915177.326982652, 1236.034000000]: Footprint model 'polygon' loaded for trajectory optimization.
[INFO] [1783915177.921852257, 1236.630000000]: Footprint model 'polygon' loaded for trajectory optimization.
[INFO] [1783915179.765541423, 1238.470000000]: GOAL Reached!
[INFO] [1783915179.876734441, 1238.582000000]: Footprint model 'polygon' loaded for trajectory optimization.
[INFO] [1783915180.724823082, 1239.432000000]: Footprint model 'polygon' loaded for trajectory optimization.
[INFO] [1783915181.317016344, 1240.022000000]: Footprint model 'polygon' loaded for trajectory optimization.
[INFO] [1783915181.918428851, 1240.620000000]: Footprint model 'polygon' loaded for trajectory optimization.
[INFO] [1783915182.520009594, 1241.222000000]: Footprint model 'polygon' loaded for trajectory optimization.
[INFO] [1783915184.358781490, 1243.060000000]: GOAL Reached!
[INFO] [1783915184.478229294, 1243.178000000]: Footprint model 'polygon' loaded for trajectory optimization.
[INFO] [1783915185.309281210, 1244.010000000]: Footprint model 'polygon' loaded for trajectory optimization.
[INFO] [1783915185.920276963, 1244.618000000]: Footprint model 'polygon' loaded for trajectory optimization.
[INFO] [1783915186.523127947, 1245.220000000]: Footprint model 'polygon' loaded for trajectory optimization.
[INFO] [1783915187.069775141, 1245.768000000]: Footprint model 'polygon' loaded for trajectory optimization.
[INFO] [1783915188.956999448, 1247.654000000]: GOAL Reached!
[INFO] [1783915189.077573460, 1247.772000000]: Footprint model 'polygon' loaded for trajectory optimization.
[INFO] [1783915189.919008301, 1248.614000000]: Footprint model 'polygon' loaded for trajectory optimization.
[INFO] [1783915190.526576418, 1249.222000000]: Footprint model 'polygon' loaded for trajectory optimization.
[INFO] [1783915191.119095442, 1249.814000000]: Footprint model 'polygon' loaded for trajectory optimization.
[INFO] [1783915191.718357260, 1250.412000000]: Footprint model 'polygon' loaded for trajectory optimization.
[INFO] [1783915193.359377553, 1252.052000000]: GOAL Reached!
[INFO] [1783915193.478518142, 1252.170000000]: Footprint model 'polygon' loaded for trajectory optimization.
[INFO] [1783915194.317209005, 1253.008000000]: Footprint model 'polygon' loaded for trajectory optimization.
[INFO] [1783915194.918589449, 1253.610000000]: Footprint model 'polygon' loaded for trajectory optimization.
[INFO] [1783915195.470039850, 1254.160000000]: Footprint model 'polygon' loaded for trajectory optimization.
[INFO] [1783915196.077638184, 1254.766000000]: Footprint model 'polygon' loaded for trajectory optimization.
[INFO] [1783915197.858746371, 1256.548000000]: GOAL Reached!
[INFO] [1783915197.976194125, 1256.664000000]: Footprint model 'polygon' loaded for trajectory optimization.
[INFO] [1783915198.825971896, 1257.514000000]: Footprint model 'polygon' loaded for trajectory optimization.
[INFO] [1783915199.367123736, 1258.054000000]: Footprint model 'polygon' loaded for trajectory optimization.
[INFO] [1783915200.018529980, 1258.704000000]: Footprint model 'polygon' loaded for trajectory optimization.
[INFO] [1783915200.615964955, 1259.302000000]: Footprint model 'polygon' loaded for trajectory optimization.
[INFO] [1783915202.555559555, 1261.240000000]: GOAL Reached!
[INFO] [1783915202.668074158, 1261.354000000]: Footprint model 'polygon' loaded for trajectory optimization.
[INFO] [1783915203.510759188, 1262.190000000]: Footprint model 'polygon' loaded for trajectory optimization.
[INFO] [1783915204.115923475, 1262.798000000]: Footprint model 'polygon' loaded for trajectory optimization.
[INFO] [1783915204.663087341, 1263.344000000]: Footprint model 'polygon' loaded for trajectory optimization.
[INFO] [1783915205.310514539, 1263.992000000]: Footprint model 'polygon' loaded for trajectory optimization.
[INFO] [1783915207.051229655, 1265.730000000]: GOAL Reached!
[INFO] [1783915207.175583272, 1265.854000000]: Footprint model 'polygon' loaded for trajectory optimization.
[INFO] [1783915208.012069432, 1266.690000000]: Footprint model 'polygon' loaded for trajectory optimization.
[INFO] [1783915208.617042202, 1267.296000000]: Footprint model 'polygon' loaded for trajectory optimization.
[INFO] [1783915209.217167299, 1267.892000000]: Footprint model 'polygon' loaded for trajectory optimization.
[INFO] [1783915209.815530565, 1268.492000000]: Footprint model 'polygon' loaded for trajectory optimization.
[INFO] [1783915211.557222540, 1270.232000000]: GOAL Reached!
[INFO] [1783915211.673541915, 1270.348000000]: Footprint model 'polygon' loaded for trajectory optimization.
[INFO] [1783915212.516702007, 1271.190000000]: Footprint model 'polygon' loaded for trajectory optimization.
[INFO] [1783915213.113700792, 1271.786000000]: Footprint model 'polygon' loaded for trajectory optimization.
[INFO] [1783915213.662740403, 1272.336000000]: Footprint model 'polygon' loaded for trajectory optimization.
[INFO] [1783915214.310855112, 1272.984000000]: Footprint model 'polygon' loaded for trajectory optimization.
[INFO] [1783915216.054519979, 1274.724000000]: GOAL Reached!
[INFO] [1783915216.165849759, 1274.834000000]: Footprint model 'polygon' loaded for trajectory optimization.
[INFO] [1783915216.999871262, 1275.670000000]: Footprint model 'polygon' loaded for trajectory optimization.
[INFO] [1783915217.555364349, 1276.224000000]: Footprint model 'polygon' loaded for trajectory optimization.
[INFO] [1783915218.203674266, 1276.872000000]: Footprint model 'polygon' loaded for trajectory optimization.
[INFO] [1783915218.800637906, 1277.470000000]: Footprint model 'polygon' loaded for trajectory optimization.
[INFO] [1783915220.643335113, 1279.310000000]: GOAL Reached!
[INFO] [1783915220.766450225, 1279.432000000]: Footprint model 'polygon' loaded for trajectory optimization.
[INFO] [1783915221.607158555, 1280.272000000]: Footprint model 'polygon' loaded for trajectory optimization.
[INFO] [1783915222.207210433, 1280.872000000]: Footprint model 'polygon' loaded for trajectory optimization.
[INFO] [1783915222.808099371, 1281.470000000]: Footprint model 'polygon' loaded for trajectory optimization.
[INFO] [1783915223.407055619, 1282.070000000]: Footprint model 'polygon' loaded for trajectory optimization.
[INFO] [1783915225.245775237, 1283.908000000]: GOAL Reached!
[INFO] [1783915225.366257174, 1284.028000000]: Footprint model 'polygon' loaded for trajectory optimization.
[INFO] [1783915226.212622767, 1284.872000000]: Footprint model 'polygon' loaded for trajectory optimization.
[INFO] [1783915226.811443104, 1285.470000000]: Footprint model 'polygon' loaded for trajectory optimization.
[INFO] [1783915227.409901359, 1286.068000000]: Footprint model 'polygon' loaded for trajectory optimization.
[INFO] [1783915227.961076220, 1286.618000000]: Footprint model 'polygon' loaded for trajectory optimization.
[INFO] [1783915228.612776605, 1287.268000000]: Footprint model 'polygon' loaded for trajectory optimization.
[INFO] [1783915230.248324775, 1288.904000000]: GOAL Reached!
[INFO] [1783915230.370681705, 1289.026000000]: Footprint model 'polygon' loaded for trajectory optimization.
[INFO] [1783915231.215139700, 1289.870000000]: Footprint model 'polygon' loaded for trajectory optimization.
[INFO] [1783915231.762224450, 1290.416000000]: Footprint model 'polygon' loaded for trajectory optimization.
[INFO] [1783915232.410441501, 1291.064000000]: Footprint model 'polygon' loaded for trajectory optimization.
[INFO] [1783915232.962637515, 1291.616000000]: Footprint model 'polygon' loaded for trajectory optimization.
[INFO] [1783915234.850417166, 1293.502000000]: GOAL Reached!
[INFO] [1783915234.971312010, 1293.622000000]: Footprint model 'polygon' loaded for trajectory optimization.
[INFO] [1783915235.820612340, 1294.470000000]: Footprint model 'polygon' loaded for trajectory optimization.
[INFO] [1783915236.409781361, 1295.060000000]: Footprint model 'polygon' loaded for trajectory optimization.
[INFO] [1783915237.008270348, 1295.658000000]: Footprint model 'polygon' loaded for trajectory optimization.
[INFO] [1783915237.611223283, 1296.260000000]: Footprint model 'polygon' loaded for trajectory optimization.
[INFO] [1783915239.351592837, 1297.998000000]: GOAL Reached!
[INFO] [1783915239.470192826, 1298.116000000]: Footprint model 'polygon' loaded for trajectory optimization.
[INFO] [1783915240.323012072, 1298.970000000]: Footprint model 'polygon' loaded for trajectory optimization.
[INFO] [1783915240.911466601, 1299.556000000]: Footprint model 'polygon' loaded for trajectory optimization.
[INFO] [1783915241.461380507, 1300.106000000]: Footprint model 'polygon' loaded for trajectory optimization.
[INFO] [1783915242.061865235, 1300.706000000]: Footprint model 'polygon' loaded for trajectory optimization.
[INFO] [1783915243.851292049, 1302.494000000]: GOAL Reached!
[INFO] [1783915243.971407395, 1302.614000000]: Footprint model 'polygon' loaded for trajectory optimization.
[INFO] [1783915244.808052480, 1303.450000000]: Footprint model 'polygon' loaded for trajectory optimization.
[INFO] [1783915245.415002855, 1304.056000000]: Footprint model 'polygon' loaded for trajectory optimization.
[INFO] [1783915245.964130026, 1304.604000000]: Footprint model 'polygon' loaded for trajectory optimization.
[INFO] [1783915246.565117369, 1305.204000000]: Footprint model 'polygon' loaded for trajectory optimization.
[INFO] [1783915248.554348762, 1307.192000000]: GOAL Reached!
[INFO] [1783915248.676069198, 1307.312000000]: Footprint model 'polygon' loaded for trajectory optimization.
[INFO] [1783915249.516726079, 1308.152000000]: Footprint model 'polygon' loaded for trajectory optimization.
[INFO] [1783915250.114484886, 1308.752000000]: Footprint model 'polygon' loaded for trajectory optimization.
[INFO] [1783915250.716821768, 1309.352000000]: Footprint model 'polygon' loaded for trajectory optimization.
[INFO] [1783915251.313205340, 1309.950000000]: Footprint model 'polygon' loaded for trajectory optimization.
[INFO] [1783915253.057259981, 1311.690000000]: GOAL Reached!
[INFO] [1783915253.175361957, 1311.808000000]: Footprint model 'polygon' loaded for trajectory optimization.
[INFO] [1783915254.018940796, 1312.650000000]: Footprint model 'polygon' loaded for trajectory optimization.
[INFO] [1783915254.617096459, 1313.246000000]: Footprint model 'polygon' loaded for trajectory optimization.
[INFO] [1783915255.217358887, 1313.846000000]: Footprint model 'polygon' loaded for trajectory optimization.
[INFO] [1783915255.765913242, 1314.398000000]: Footprint model 'polygon' loaded for trajectory optimization.
[INFO] [1783915257.653588541, 1316.284000000]: GOAL Reached!
[INFO] [1783915257.774298341, 1316.404000000]: Footprint model 'polygon' loaded for trajectory optimization.
[INFO] [1783915258.624818095, 1317.252000000]: Footprint model 'polygon' loaded for trajectory optimization.
[INFO] [1783915259.217067319, 1317.844000000]: Footprint model 'polygon' loaded for trajectory optimization.
[INFO] [1783915259.772521977, 1318.398000000]: Footprint model 'polygon' loaded for trajectory optimization.
[INFO] [1783915260.370585774, 1318.996000000]: Footprint model 'polygon' loaded for trajectory optimization.
[INFO] [1783915262.261634154, 1320.884000000]: GOAL Reached!
[INFO] [1783915262.382030717, 1321.004000000]: Footprint model 'polygon' loaded for trajectory optimization.
[INFO] [1783915263.225462606, 1321.850000000]: Footprint model 'polygon' loaded for trajectory optimization.
[INFO] [1783915263.819650171, 1322.442000000]: Footprint model 'polygon' loaded for trajectory optimization.
[INFO] [1783915264.423118972, 1323.044000000]: Footprint model 'polygon' loaded for trajectory optimization.
[INFO] [1783915265.023221785, 1323.642000000]: Footprint model 'polygon' loaded for trajectory optimization.
[INFO] [1783915266.760486179, 1325.380000000]: GOAL Reached!
[INFO] [1783915266.871922219, 1325.492000000]: Footprint model 'polygon' loaded for trajectory optimization.
[INFO] [1783915267.717693461, 1326.336000000]: Footprint model 'polygon' loaded for trajectory optimization.
[INFO] [1783915268.317521093, 1326.934000000]: Footprint model 'polygon' loaded for trajectory optimization.
[INFO] [1783915268.912849198, 1327.530000000]: Footprint model 'polygon' loaded for trajectory optimization.
[INFO] [1783915269.513308731, 1328.130000000]: Footprint model 'polygon' loaded for trajectory optimization.
[INFO] [1783915271.254007042, 1329.868000000]: GOAL Reached!
[INFO] [1783915271.366362695, 1329.980000000]: Footprint model 'polygon' loaded for trajectory optimization.
[INFO] [1783915272.214965660, 1330.828000000]: Footprint model 'polygon' loaded for trajectory optimization.
[INFO] [1783915272.807089237, 1331.420000000]: Footprint model 'polygon' loaded for trajectory optimization.
[INFO] [1783915273.406798660, 1332.018000000]: Footprint model 'polygon' loaded for trajectory optimization.
[INFO] [1783915273.956929002, 1332.570000000]: Footprint model 'polygon' loaded for trajectory optimization.
[INFO] [1783915275.844768060, 1334.458000000]: GOAL Reached!
[INFO] [1783915275.959703386, 1334.570000000]: Footprint model 'polygon' loaded for trajectory optimization.
[INFO] [1783915276.798894238, 1335.410000000]: Footprint model 'polygon' loaded for trajectory optimization.
[INFO] [1783915277.353885327, 1335.962000000]: Footprint model 'polygon' loaded for trajectory optimization.
[INFO] [1783915277.952526905, 1336.562000000]: Footprint model 'polygon' loaded for trajectory optimization.
[INFO] [1783915278.597984604, 1337.204000000]: Footprint model 'polygon' loaded for trajectory optimization.
[INFO] [1783915280.439820288, 1339.046000000]: GOAL Reached!
[INFO] [1783915280.559069554, 1339.164000000]: Footprint model 'polygon' loaded for trajectory optimization.
[INFO] [1783915281.404904949, 1340.010000000]: Footprint model 'polygon' loaded for trajectory optimization.
[INFO] [1783915281.998728818, 1340.604000000]: Footprint model 'polygon' loaded for trajectory optimization.
[INFO] [1783915282.595388504, 1341.198000000]: Footprint model 'polygon' loaded for trajectory optimization.
[INFO] [1783915283.196483501, 1341.800000000]: Footprint model 'polygon' loaded for trajectory optimization.
[INFO] [1783915284.936258881, 1343.538000000]: GOAL Reached!
[INFO] [1783915285.052136350, 1343.654000000]: Footprint model 'polygon' loaded for trajectory optimization.
[INFO] [1783915285.888040501, 1344.488000000]: Footprint model 'polygon' loaded for trajectory optimization.
[INFO] [1783915286.492274324, 1345.094000000]: Footprint model 'polygon' loaded for trajectory optimization.
[INFO] [1783915287.042273484, 1345.642000000]: Footprint model 'polygon' loaded for trajectory optimization.
[INFO] [1783915287.695001733, 1346.292000000]: Footprint model 'polygon' loaded for trajectory optimization.
[INFO] [1783915289.433099100, 1348.030000000]: GOAL Reached!
[INFO] [1783915289.554595470, 1348.152000000]: Footprint model 'polygon' loaded for trajectory optimization.
[INFO] [1783915290.394030981, 1348.990000000]: Footprint model 'polygon' loaded for trajectory optimization.
[INFO] [1783915290.994871510, 1349.592000000]: Footprint model 'polygon' loaded for trajectory optimization.
[INFO] [1783915291.595852103, 1350.190000000]: Footprint model 'polygon' loaded for trajectory optimization.
[INFO] [1783915292.194961393, 1350.790000000]: Footprint model 'polygon' loaded for trajectory optimization.
[INFO] [1783915294.134620197, 1352.728000000]: GOAL Reached!
[INFO] [1783915294.250049402, 1352.842000000]: Footprint model 'polygon' loaded for trajectory optimization.
[INFO] [1783915295.097238651, 1353.690000000]: Footprint model 'polygon' loaded for trajectory optimization.
[INFO] [1783915295.689827236, 1354.282000000]: Footprint model 'polygon' loaded for trajectory optimization.
[INFO] [1783915296.296327002, 1354.884000000]: Footprint model 'polygon' loaded for trajectory optimization.
[INFO] [1783915296.892294921, 1355.480000000]: Footprint model 'polygon' loaded for trajectory optimization.
[INFO] [1783915298.630729429, 1357.220000000]: GOAL Reached!
[INFO] [1783915298.749874967, 1357.338000000]: Footprint model 'polygon' loaded for trajectory optimization.
[INFO] [1783915299.602052548, 1358.190000000]: Footprint model 'polygon' loaded for trajectory optimization.
[INFO] [1783915300.193946909, 1358.780000000]: Footprint model 'polygon' loaded for trajectory optimization.
[INFO] [1783915300.793392263, 1359.378000000]: Footprint model 'polygon' loaded for trajectory optimization.
[INFO] [1783915301.390973728, 1359.974000000]: Footprint model 'polygon' loaded for trajectory optimization.
[INFO] [1783915303.029332414, 1361.614000000]: GOAL Reached!
[INFO] [1783915303.147615305, 1361.732000000]: Footprint model 'polygon' loaded for trajectory optimization.
[INFO] [1783915303.986423940, 1362.570000000]: Footprint model 'polygon' loaded for trajectory optimization.
[INFO] [1783915304.539759249, 1363.122000000]: Footprint model 'polygon' loaded for trajectory optimization.
[INFO] [1783915305.190491369, 1363.770000000]: Footprint model 'polygon' loaded for trajectory optimization.
[INFO] [1783915305.744214413, 1364.326000000]: Footprint model 'polygon' loaded for trajectory optimization.
[INFO] [1783915307.727589743, 1366.308000000]: GOAL Reached!
[INFO] [1783915307.846862458, 1366.426000000]: Footprint model 'polygon' loaded for trajectory optimization.
[INFO] [1783915308.690084432, 1367.270000000]: Footprint model 'polygon' loaded for trajectory optimization.
[INFO] [1783915309.237817787, 1367.818000000]: Footprint model 'polygon' loaded for trajectory optimization.
[INFO] [1783915309.893081374, 1368.470000000]: Footprint model 'polygon' loaded for trajectory optimization.
[INFO] [1783915310.442806543, 1369.018000000]: Footprint model 'polygon' loaded for trajectory optimization.
[INFO] [1783915312.226750006, 1370.804000000]: GOAL Reached!
[INFO] [1783915312.352148633, 1370.928000000]: Footprint model 'polygon' loaded for trajectory optimization.
[INFO] [1783915313.195229150, 1371.770000000]: Footprint model 'polygon' loaded for trajectory optimization.
[INFO] [1783915313.792850881, 1372.366000000]: Footprint model 'polygon' loaded for trajectory optimization.
[INFO] [1783915314.394359277, 1372.966000000]: Footprint model 'polygon' loaded for trajectory optimization.
[INFO] [1783915314.994235953, 1373.566000000]: Footprint model 'polygon' loaded for trajectory optimization.
[INFO] [1783915316.735328595, 1375.304000000]: GOAL Reached!
[INFO] [1783915316.846029594, 1375.414000000]: Footprint model 'polygon' loaded for trajectory optimization.
[INFO] [1783915317.681058631, 1376.250000000]: Footprint model 'polygon' loaded for trajectory optimization.
[INFO] [1783915318.286793226, 1376.854000000]: Footprint model 'polygon' loaded for trajectory optimization.
[INFO] [1783915318.883896216, 1377.452000000]: Footprint model 'polygon' loaded for trajectory optimization.
[INFO] [1783915319.483380816, 1378.052000000]: Footprint model 'polygon' loaded for trajectory optimization.
[INFO] [1783915321.223451954, 1379.790000000]: GOAL Reached!
[INFO] [1783915321.339455012, 1379.904000000]: Footprint model 'polygon' loaded for trajectory optimization.
[INFO] [1783915322.185860992, 1380.750000000]: Footprint model 'polygon' loaded for trajectory optimization.
[INFO] [1783915322.732756184, 1381.296000000]: Footprint model 'polygon' loaded for trajectory optimization.
[INFO] [1783915323.382487596, 1381.944000000]: Footprint model 'polygon' loaded for trajectory optimization.
[INFO] [1783915323.983196913, 1382.546000000]: Footprint model 'polygon' loaded for trajectory optimization.
[INFO] [1783915325.719478159, 1384.282000000]: GOAL Reached!
[INFO] [1783915325.841132506, 1384.402000000]: Footprint model 'polygon' loaded for trajectory optimization.
[INFO] [1783915326.691718913, 1385.252000000]: Footprint model 'polygon' loaded for trajectory optimization.
[INFO] [1783915327.275984118, 1385.838000000]: Footprint model 'polygon' loaded for trajectory optimization.
[INFO] [1783915327.874692372, 1386.436000000]: Footprint model 'polygon' loaded for trajectory optimization.
[INFO] [1783915328.478341724, 1387.036000000]: Footprint model 'polygon' loaded for trajectory optimization.
[INFO] [1783915330.417198822, 1388.976000000]: GOAL Reached!
[INFO] [1783915330.535416479, 1389.094000000]: Footprint model 'polygon' loaded for trajectory optimization.
[INFO] [1783915331.371213953, 1389.928000000]: Footprint model 'polygon' loaded for trajectory optimization.
[INFO] [1783915331.981712006, 1390.540000000]: Footprint model 'polygon' loaded for trajectory optimization.
[INFO] [1783915332.575127167, 1391.132000000]: Footprint model 'polygon' loaded for trajectory optimization.
[INFO] [1783915333.124247303, 1391.682000000]: Footprint model 'polygon' loaded for trajectory optimization.
[INFO] [1783915333.730818235, 1392.284000000]: Footprint model 'polygon' loaded for trajectory optimization.
[INFO] [1783915335.415582136, 1393.970000000]: GOAL Reached!
[INFO] [1783915335.535967722, 1394.090000000]: Footprint model 'polygon' loaded for trajectory optimization.
[INFO] [1783915336.377624259, 1394.930000000]: Footprint model 'polygon' loaded for trajectory optimization.
[INFO] [1783915336.977150348, 1395.528000000]: Footprint model 'polygon' loaded for trajectory optimization.
[INFO] [1783915337.575043876, 1396.126000000]: Footprint model 'polygon' loaded for trajectory optimization.
[INFO] [1783915338.176171138, 1396.726000000]: Footprint model 'polygon' loaded for trajectory optimization.
[INFO] [1783915339.916192799, 1398.466000000]: GOAL Reached!
[INFO] [1783915340.039143884, 1398.588000000]: Footprint model 'polygon' loaded for trajectory optimization.
[INFO] [1783915340.882355193, 1399.430000000]: Footprint model 'polygon' loaded for trajectory optimization.
[INFO] [1783915341.478500995, 1400.026000000]: Footprint model 'polygon' loaded for trajectory optimization.
[INFO] [1783915342.027945541, 1400.576000000]: Footprint model 'polygon' loaded for trajectory optimization.
[INFO] [1783915342.678239775, 1401.224000000]: Footprint model 'polygon' loaded for trajectory optimization.
[INFO] [1783915344.418861296, 1402.964000000]: GOAL Reached!
[INFO] [1783915344.538245273, 1403.084000000]: Footprint model 'polygon' loaded for trajectory optimization.
[INFO] [1783915345.390329528, 1403.934000000]: Footprint model 'polygon' loaded for trajectory optimization.
[INFO] [1783915345.979337742, 1404.524000000]: Footprint model 'polygon' loaded for trajectory optimization.
[INFO] [1783915346.582119018, 1405.124000000]: Footprint model 'polygon' loaded for trajectory optimization.
[INFO] [1783915347.130022661, 1405.672000000]: Footprint model 'polygon' loaded for trajectory optimization.
[INFO] [1783915349.117451849, 1407.660000000]: GOAL Reached!
[INFO] [1783915349.226876804, 1407.768000000]: Footprint model 'polygon' loaded for trajectory optimization.
[INFO] [1783915350.068186289, 1408.608000000]: Footprint model 'polygon' loaded for trajectory optimization.
[INFO] [1783915350.675940173, 1409.216000000]: Footprint model 'polygon' loaded for trajectory optimization.
[INFO] [1783915351.266292988, 1409.806000000]: Footprint model 'polygon' loaded for trajectory optimization.
[INFO] [1783915351.819929681, 1410.358000000]: Footprint model 'polygon' loaded for trajectory optimization.
[INFO] [1783915353.707379164, 1412.246000000]: GOAL Reached!
[INFO] [1783915353.815841770, 1412.352000000]: Footprint model 'polygon' loaded for trajectory optimization.
[INFO] [1783915354.659641892, 1413.196000000]: Footprint model 'polygon' loaded for trajectory optimization.
[INFO] [1783915355.251359520, 1413.790000000]: Footprint model 'polygon' loaded for trajectory optimization.
[INFO] [1783915355.853457062, 1414.390000000]: Footprint model 'polygon' loaded for trajectory optimization.
[INFO] [1783915356.412575149, 1414.948000000]: Footprint model 'polygon' loaded for trajectory optimization.
[INFO] [1783915358.393072457, 1416.928000000]: GOAL Reached!
[INFO] [1783915358.514740461, 1417.048000000]: Footprint model 'polygon' loaded for trajectory optimization.
[INFO] [1783915359.363124265, 1417.894000000]: Footprint model 'polygon' loaded for trajectory optimization.
[INFO] [1783915359.955085613, 1418.488000000]: Footprint model 'polygon' loaded for trajectory optimization.
[INFO] [1783915360.563484458, 1419.092000000]: Footprint model 'polygon' loaded for trajectory optimization.
[INFO] [1783915361.156384537, 1419.686000000]: Footprint model 'polygon' loaded for trajectory optimization.
[INFO] [1783915363.098703686, 1421.626000000]: GOAL Reached!
[INFO] [1783915363.209040167, 1421.736000000]: Footprint model 'polygon' loaded for trajectory optimization.
[INFO] [1783915364.045387036, 1422.570000000]: Footprint model 'polygon' loaded for trajectory optimization.
[INFO] [1783915364.648102660, 1423.174000000]: Footprint model 'polygon' loaded for trajectory optimization.
[INFO] [1783915365.199938926, 1423.724000000]: Footprint model 'polygon' loaded for trajectory optimization.
[INFO] [1783915365.849304951, 1424.374000000]: Footprint model 'polygon' loaded for trajectory optimization.
[INFO] [1783915367.788684235, 1426.312000000]: GOAL Reached!
[INFO] [1783915367.901144986, 1426.424000000]: Footprint model 'polygon' loaded for trajectory optimization.
[INFO] [1783915368.750901836, 1427.274000000]: Footprint model 'polygon' loaded for trajectory optimization.
[INFO] [1783915369.352420524, 1427.874000000]: Footprint model 'polygon' loaded for trajectory optimization.
[INFO] [1783915369.898545624, 1428.420000000]: Footprint model 'polygon' loaded for trajectory optimization.
[INFO] [1783915370.548035272, 1429.070000000]: Footprint model 'polygon' loaded for trajectory optimization.
[INFO] [1783915372.389533815, 1430.908000000]: GOAL Reached!
[INFO] [1783915372.507815206, 1431.026000000]: Footprint model 'polygon' loaded for trajectory optimization.
[INFO] [1783915373.349819423, 1431.868000000]: Footprint model 'polygon' loaded for trajectory optimization.
[INFO] [1783915373.947785746, 1432.464000000]: Footprint model 'polygon' loaded for trajectory optimization.
[INFO] [1783915374.546513877, 1433.064000000]: Footprint model 'polygon' loaded for trajectory optimization.
[INFO] [1783915375.150306004, 1433.666000000]: Footprint model 'polygon' loaded for trajectory optimization.
[INFO] [1783915376.886570496, 1435.402000000]: GOAL Reached!
[INFO] [1783915377.006063238, 1435.520000000]: Footprint model 'polygon' loaded for trajectory optimization.
[INFO] [1783915377.839958375, 1436.350000000]: Footprint model 'polygon' loaded for trajectory optimization.
[INFO] [1783915378.452371996, 1436.964000000]: Footprint model 'polygon' loaded for trajectory optimization.
[INFO] [1783915378.992526202, 1437.508000000]: Footprint model 'polygon' loaded for trajectory optimization.
[INFO] [1783915379.643182596, 1438.154000000]: Footprint model 'polygon' loaded for trajectory optimization.
[INFO] [1783915381.484252447, 1439.994000000]: GOAL Reached!
[INFO] [1783915381.606000687, 1440.116000000]: Footprint model 'polygon' loaded for trajectory optimization.
[INFO] [1783915382.442714912, 1440.952000000]: Footprint model 'polygon' loaded for trajectory optimization.
[INFO] [1783915382.997794311, 1441.508000000]: Footprint model 'polygon' loaded for trajectory optimization.
[INFO] [1783915383.600334244, 1442.108000000]: Footprint model 'polygon' loaded for trajectory optimization.
[INFO] [1783915384.247821286, 1442.756000000]: Footprint model 'polygon' loaded for trajectory optimization.
[INFO] [1783915384.829351145, 1443.338000000]: Footprint model 'polygon' loaded for trajectory optimization.
[INFO] [1783915386.589579859, 1445.094000000]: GOAL Reached!
[INFO] [1783915386.710082337, 1445.214000000]: Footprint model 'polygon' loaded for trajectory optimization.
[INFO] [1783915387.544998156, 1446.050000000]: Footprint model 'polygon' loaded for trajectory optimization.
[INFO] [1783915388.148530808, 1446.654000000]: Footprint model 'polygon' loaded for trajectory optimization.
[INFO] [1783915388.699973280, 1447.206000000]: Footprint model 'polygon' loaded for trajectory optimization.
[INFO] [1783915389.304735666, 1447.806000000]: Footprint model 'polygon' loaded for trajectory optimization.
[INFO] [1783915391.088942310, 1449.592000000]: GOAL Reached!
[INFO] [1783915391.200128715, 1449.702000000]: Footprint model 'polygon' loaded for trajectory optimization.
[INFO] [1783915392.059963789, 1450.560000000]: Footprint model 'polygon' loaded for trajectory optimization.
[INFO] [1783915392.640038860, 1451.140000000]: Footprint model 'polygon' loaded for trajectory optimization.
[INFO] [1783915393.239115876, 1451.738000000]: Footprint model 'polygon' loaded for trajectory optimization.
[INFO] [1783915393.839796804, 1452.338000000]: Footprint model 'polygon' loaded for trajectory optimization.
[INFO] [1783915395.680160785, 1454.178000000]: GOAL Reached!
[INFO] [1783915395.798990893, 1454.296000000]: Footprint model 'polygon' loaded for trajectory optimization.
[INFO] [1783915396.635259608, 1455.130000000]: Footprint model 'polygon' loaded for trajectory optimization.
[INFO] [1783915397.238332762, 1455.732000000]: Footprint model 'polygon' loaded for trajectory optimization.
[INFO] [1783915397.838165352, 1456.332000000]: Footprint model 'polygon' loaded for trajectory optimization.
[INFO] [1783915398.437208804, 1456.932000000]: Footprint model 'polygon' loaded for trajectory optimization.
[INFO] [1783915400.179111788, 1458.670000000]: GOAL Reached!
[INFO] [1783915400.300420034, 1458.792000000]: Footprint model 'polygon' loaded for trajectory optimization.
[INFO] [1783915401.139923535, 1459.630000000]: Footprint model 'polygon' loaded for trajectory optimization.
[INFO] [1783915401.745174399, 1460.236000000]: Footprint model 'polygon' loaded for trajectory optimization.
[INFO] [1783915402.342360797, 1460.832000000]: Footprint model 'polygon' loaded for trajectory optimization.
[INFO] [1783915402.945532552, 1461.434000000]: Footprint model 'polygon' loaded for trajectory optimization.
[INFO] [1783915404.684476604, 1463.172000000]: GOAL Reached!
[INFO] [1783915404.801491643, 1463.288000000]: Footprint model 'polygon' loaded for trajectory optimization.
[INFO] [1783915405.643536994, 1464.130000000]: Footprint model 'polygon' loaded for trajectory optimization.
[INFO] [1783915406.245693050, 1464.730000000]: Footprint model 'polygon' loaded for trajectory optimization.
[INFO] [1783915406.844357711, 1465.328000000]: Footprint model 'polygon' loaded for trajectory optimization.
[INFO] [1783915407.395708700, 1465.882000000]: Footprint model 'polygon' loaded for trajectory optimization.
[INFO] [1783915409.286016881, 1467.768000000]: GOAL Reached!
[INFO] [1783915409.398969337, 1467.882000000]: Footprint model 'polygon' loaded for trajectory optimization.
[INFO] [1783915410.248988487, 1468.730000000]: Footprint model 'polygon' loaded for trajectory optimization.
[INFO] [1783915410.839741101, 1469.322000000]: Footprint model 'polygon' loaded for trajectory optimization.
[INFO] [1783915411.439181353, 1469.920000000]: Footprint model 'polygon' loaded for trajectory optimization.
[INFO] [1783915412.039730655, 1470.522000000]: Footprint model 'polygon' loaded for trajectory optimization.
[INFO] [1783915413.981352800, 1472.460000000]: GOAL Reached!
[INFO] [1783915414.102605315, 1472.582000000]: Footprint model 'polygon' loaded for trajectory optimization.
[INFO] [1783915414.955129254, 1473.430000000]: Footprint model 'polygon' loaded for trajectory optimization.
[INFO] [1783915415.543955052, 1474.018000000]: Footprint model 'polygon' loaded for trajectory optimization.
[INFO] [1783915416.138206999, 1474.614000000]: Footprint model 'polygon' loaded for trajectory optimization.
[INFO] [1783915416.742754822, 1475.218000000]: Footprint model 'polygon' loaded for trajectory optimization.
[INFO] [1783915418.481548049, 1476.956000000]: GOAL Reached!
[INFO] [1783915418.600298433, 1477.072000000]: Footprint model 'polygon' loaded for trajectory optimization.
[INFO] [1783915419.435968258, 1477.910000000]: Footprint model 'polygon' loaded for trajectory optimization.
[INFO] [1783915420.042300514, 1478.512000000]: Footprint model 'polygon' loaded for trajectory optimization.
[INFO] [1783915420.590797123, 1479.062000000]: Footprint model 'polygon' loaded for trajectory optimization.
[INFO] [1783915421.193980242, 1479.664000000]: Footprint model 'polygon' loaded for trajectory optimization.
[INFO] [1783915423.080144159, 1481.550000000]: GOAL Reached!
[INFO] [1783915423.199684889, 1481.668000000]: Footprint model 'polygon' loaded for trajectory optimization.
[INFO] [1783915424.052224771, 1482.518000000]: Footprint model 'polygon' loaded for trajectory optimization.
[INFO] [1783915424.594591702, 1483.062000000]: Footprint model 'polygon' loaded for trajectory optimization.
[INFO] [1783915425.192761362, 1483.660000000]: Footprint model 'polygon' loaded for trajectory optimization.
[INFO] [1783915425.844324920, 1484.308000000]: Footprint model 'polygon' loaded for trajectory optimization.
[INFO] [1783915427.581334586, 1486.046000000]: GOAL Reached!
[INFO] [1783915427.702076313, 1486.166000000]: Footprint model 'polygon' loaded for trajectory optimization.
[INFO] [1783915428.547352352, 1487.010000000]: Footprint model 'polygon' loaded for trajectory optimization.
[INFO] [1783915429.148082757, 1487.610000000]: Footprint model 'polygon' loaded for trajectory optimization.
[INFO] [1783915429.743743048, 1488.206000000]: Footprint model 'polygon' loaded for trajectory optimization.
[INFO] [1783915430.343831504, 1488.808000000]: Footprint model 'polygon' loaded for trajectory optimization.
[INFO] [1783915432.187266609, 1490.646000000]: GOAL Reached!
[INFO] [1783915432.303357137, 1490.762000000]: Footprint model 'polygon' loaded for trajectory optimization.
[INFO] [1783915433.150719205, 1491.612000000]: Footprint model 'polygon' loaded for trajectory optimization.
[INFO] [1783915433.746203339, 1492.204000000]: Footprint model 'polygon' loaded for trajectory optimization.
[INFO] [1783915434.344897092, 1492.802000000]: Footprint model 'polygon' loaded for trajectory optimization.
[INFO] [1783915434.894378989, 1493.350000000]: Footprint model 'polygon' loaded for trajectory optimization.
[INFO] [1783915436.582711463, 1495.040000000]: GOAL Reached!
[INFO] [1783915436.697432739, 1495.154000000]: Footprint model 'polygon' loaded for trajectory optimization.
[INFO] [1783915437.535316220, 1495.992000000]: Footprint model 'polygon' loaded for trajectory optimization.
[INFO] [1783915438.137087250, 1496.592000000]: Footprint model 'polygon' loaded for trajectory optimization.
[INFO] [1783915438.687763024, 1497.142000000]: Footprint model 'polygon' loaded for trajectory optimization.
[INFO] [1783915439.289561269, 1497.742000000]: Footprint model 'polygon' loaded for trajectory optimization.
[INFO] [1783915441.177536716, 1499.630000000]: GOAL Reached!
[INFO] [1783915441.301718480, 1499.752000000]: Footprint model 'polygon' loaded for trajectory optimization.
[INFO] [1783915442.140161889, 1500.590000000]: Footprint model 'polygon' loaded for trajectory optimization.
[INFO] [1783915442.743239453, 1501.192000000]: Footprint model 'polygon' loaded for trajectory optimization.
[INFO] [1783915443.342509001, 1501.792000000]: Footprint model 'polygon' loaded for trajectory optimization.
[INFO] [1783915443.940826723, 1502.390000000]: Footprint model 'polygon' loaded for trajectory optimization.
[INFO] [1783915445.683092171, 1504.130000000]: GOAL Reached!
[INFO] [1783915445.802844697, 1504.250000000]: Footprint model 'polygon' loaded for trajectory optimization.
[INFO] [1783915446.642738428, 1505.090000000]: Footprint model 'polygon' loaded for trajectory optimization.
[INFO] [1783915447.194366052, 1505.642000000]: Footprint model 'polygon' loaded for trajectory optimization.
[INFO] [1783915447.796570679, 1506.240000000]: Footprint model 'polygon' loaded for trajectory optimization.
[INFO] [1783915448.392196864, 1506.838000000]: Footprint model 'polygon' loaded for trajectory optimization.
[INFO] [1783915450.182106624, 1508.626000000]: GOAL Reached!
[INFO] [1783915450.304554600, 1508.748000000]: Footprint model 'polygon' loaded for trajectory optimization.
[INFO] [1783915451.149966708, 1509.590000000]: Footprint model 'polygon' loaded for trajectory optimization.
[INFO] [1783915451.746522697, 1510.188000000]: Footprint model 'polygon' loaded for trajectory optimization.
[INFO] [1783915452.295933187, 1510.738000000]: Footprint model 'polygon' loaded for trajectory optimization.
[INFO] [1783915452.899975977, 1511.338000000]: Footprint model 'polygon' loaded for trajectory optimization.
[INFO] [1783915454.785662553, 1513.222000000]: GOAL Reached!
[INFO] [1783915454.908448298, 1513.344000000]: Footprint model 'polygon' loaded for trajectory optimization.
[INFO] [1783915455.772539916, 1514.210000000]: Footprint model 'polygon' loaded for trajectory optimization.
[INFO] [1783915456.358421218, 1514.794000000]: Footprint model 'polygon' loaded for trajectory optimization.
[INFO] [1783915456.955343061, 1515.390000000]: Footprint model 'polygon' loaded for trajectory optimization.
[INFO] [1783915457.550802164, 1515.986000000]: Footprint model 'polygon' loaded for trajectory optimization.
[INFO] [1783915459.291496003, 1517.726000000]: GOAL Reached!
[INFO] [1783915459.406658973, 1517.840000000]: Footprint model 'polygon' loaded for trajectory optimization.
[INFO] [1783915460.259467192, 1518.692000000]: Footprint model 'polygon' loaded for trajectory optimization.
[INFO] [1783915460.848733019, 1519.280000000]: Footprint model 'polygon' loaded for trajectory optimization.
[INFO] [1783915461.448054560, 1519.880000000]: Footprint model 'polygon' loaded for trajectory optimization.
[INFO] [1783915462.048712461, 1520.480000000]: Footprint model 'polygon' loaded for trajectory optimization.
[INFO] [1783915463.988398652, 1522.418000000]: GOAL Reached!
[INFO] [1783915464.110516593, 1522.540000000]: Footprint model 'polygon' loaded for trajectory optimization.
[INFO] [1783915464.948012246, 1523.376000000]: Footprint model 'polygon' loaded for trajectory optimization.
[INFO] [1783915465.498758603, 1523.928000000]: Footprint model 'polygon' loaded for trajectory optimization.
[INFO] [1783915466.148162910, 1524.576000000]: Footprint model 'polygon' loaded for trajectory optimization.
[INFO] [1783915466.698607098, 1525.126000000]: Footprint model 'polygon' loaded for trajectory optimization.
[INFO] [1783915468.486943357, 1526.914000000]: GOAL Reached!
[INFO] [1783915468.601993583, 1527.028000000]: Footprint model 'polygon' loaded for trajectory optimization.
[INFO] [1783915469.449052950, 1527.874000000]: Footprint model 'polygon' loaded for trajectory optimization.
[INFO] [1783915470.046438694, 1528.470000000]: Footprint model 'polygon' loaded for trajectory optimization.
[INFO] [1783915470.645583851, 1529.068000000]: Footprint model 'polygon' loaded for trajectory optimization.
[INFO] [1783915471.245118565, 1529.668000000]: Footprint model 'polygon' loaded for trajectory optimization.
[INFO] [1783915473.188751986, 1531.608000000]: GOAL Reached!
[INFO] [1783915473.298030250, 1531.716000000]: Footprint model 'polygon' loaded for trajectory optimization.
[INFO] [1783915474.134751771, 1532.550000000]: Footprint model 'polygon' loaded for trajectory optimization.
[INFO] [1783915474.738622642, 1533.154000000]: Footprint model 'polygon' loaded for trajectory optimization.
[INFO] [1783915475.338910377, 1533.754000000]: Footprint model 'polygon' loaded for trajectory optimization.
[INFO] [1783915475.938601470, 1534.352000000]: Footprint model 'polygon' loaded for trajectory optimization.
[INFO] [1783915477.777021403, 1536.192000000]: GOAL Reached!
[INFO] [1783915477.898565461, 1536.312000000]: Footprint model 'polygon' loaded for trajectory optimization.
[INFO] [1783915478.738070344, 1537.150000000]: Footprint model 'polygon' loaded for trajectory optimization.
[INFO] [1783915479.339953733, 1537.752000000]: Footprint model 'polygon' loaded for trajectory optimization.
[INFO] [1783915479.893452977, 1538.304000000]: Footprint model 'polygon' loaded for trajectory optimization.
[INFO] [1783915480.539756012, 1538.952000000]: Footprint model 'polygon' loaded for trajectory optimization.
[INFO] [1783915482.280016235, 1540.690000000]: GOAL Reached!
[INFO] [1783915482.396168431, 1540.806000000]: Footprint model 'polygon' loaded for trajectory optimization.
[INFO] [1783915483.242725218, 1541.652000000]: Footprint model 'polygon' loaded for trajectory optimization.
[INFO] [1783915483.797186324, 1542.206000000]: Footprint model 'polygon' loaded for trajectory optimization.
[INFO] [1783915484.437841303, 1542.846000000]: Footprint model 'polygon' loaded for trajectory optimization.
[INFO] [1783915484.991660102, 1543.398000000]: Footprint model 'polygon' loaded for trajectory optimization.
[INFO] [1783915486.879859912, 1545.286000000]: GOAL Reached!
[INFO] [1783915486.996151823, 1545.402000000]: Footprint model 'polygon' loaded for trajectory optimization.
[INFO] [1783915487.848201232, 1546.250000000]: Footprint model 'polygon' loaded for trajectory optimization.
[INFO] [1783915488.441354047, 1546.844000000]: Footprint model 'polygon' loaded for trajectory optimization.
[INFO] [1783915488.994372300, 1547.394000000]: Footprint model 'polygon' loaded for trajectory optimization.
[INFO] [1783915489.643014695, 1548.046000000]: Footprint model 'polygon' loaded for trajectory optimization.
[INFO] [1783915491.481333216, 1549.882000000]: GOAL Reached!
[INFO] [1783915491.600108879, 1550.000000000]: Footprint model 'polygon' loaded for trajectory optimization.
[INFO] [1783915492.431847767, 1550.830000000]: Footprint model 'polygon' loaded for trajectory optimization.
[INFO] [1783915493.037093314, 1551.434000000]: Footprint model 'polygon' loaded for trajectory optimization.
[INFO] [1783915493.639647694, 1552.034000000]: Footprint model 'polygon' loaded for trajectory optimization.
[INFO] [1783915494.238888916, 1552.634000000]: Footprint model 'polygon' loaded for trajectory optimization.
[INFO] [1783915495.977449581, 1554.374000000]: GOAL Reached!
[INFO] [1783915496.090199389, 1554.484000000]: Footprint model 'polygon' loaded for trajectory optimization.
[INFO] [1783915496.935064829, 1555.330000000]: Footprint model 'polygon' loaded for trajectory optimization.
[INFO] [1783915497.527965791, 1555.920000000]: Footprint model 'polygon' loaded for trajectory optimization.
[INFO] [1783915498.125960882, 1556.518000000]: Footprint model 'polygon' loaded for trajectory optimization.
[INFO] [1783915498.726443520, 1557.120000000]: Footprint model 'polygon' loaded for trajectory optimization.
[INFO] [1783915500.568325965, 1558.958000000]: GOAL Reached!
[INFO] [1783915500.691673306, 1559.080000000]: Footprint model 'polygon' loaded for trajectory optimization.
[INFO] [1783915501.541631386, 1559.932000000]: Footprint model 'polygon' loaded for trajectory optimization.
[INFO] [1783915502.131343173, 1560.520000000]: Footprint model 'polygon' loaded for trajectory optimization.
[INFO] [1783915502.683339879, 1561.072000000]: Footprint model 'polygon' loaded for trajectory optimization.
[INFO] [1783915503.331333989, 1561.722000000]: Footprint model 'polygon' loaded for trajectory optimization.
[INFO] [1783915505.068923983, 1563.456000000]: GOAL Reached!
[INFO] [1783915505.183741533, 1563.570000000]: Footprint model 'polygon' loaded for trajectory optimization.
[INFO] [1783915506.031965698, 1564.420000000]: Footprint model 'polygon' loaded for trajectory optimization.
[INFO] [1783915506.623016369, 1565.010000000]: Footprint model 'polygon' loaded for trajectory optimization.
[INFO] [1783915507.221060073, 1565.608000000]: Footprint model 'polygon' loaded for trajectory optimization.
[INFO] [1783915507.770603579, 1566.156000000]: Footprint model 'polygon' loaded for trajectory optimization.
[INFO] [1783915509.659222809, 1568.044000000]: GOAL Reached!
[INFO] [1783915509.780357095, 1568.164000000]: Footprint model 'polygon' loaded for trajectory optimization.
[INFO] [1783915510.629700336, 1569.014000000]: Footprint model 'polygon' loaded for trajectory optimization.
[INFO] [1783915511.173313963, 1569.554000000]: Footprint model 'polygon' loaded for trajectory optimization.
[INFO] [1783915511.820328689, 1570.200000000]: Footprint model 'polygon' loaded for trajectory optimization.
[INFO] [1783915512.421012516, 1570.802000000]: Footprint model 'polygon' loaded for trajectory optimization.
[INFO] [1783915514.262943348, 1572.640000000]: GOAL Reached!
[INFO] [1783915514.374283892, 1572.750000000]: Footprint model 'polygon' loaded for trajectory optimization.
[INFO] [1783915515.213339815, 1573.590000000]: Footprint model 'polygon' loaded for trajectory optimization.
[INFO] [1783915515.812581252, 1574.186000000]: Footprint model 'polygon' loaded for trajectory optimization.
[INFO] [1783915516.414425318, 1574.788000000]: Footprint model 'polygon' loaded for trajectory optimization.
[INFO] [1783915517.010719385, 1575.386000000]: Footprint model 'polygon' loaded for trajectory optimization.
[INFO] [1783915518.851304748, 1577.226000000]: GOAL Reached!
[INFO] [1783915518.980579592, 1577.354000000]: Footprint model 'polygon' loaded for trajectory optimization.
[INFO] [1783915519.842966774, 1578.214000000]: Footprint model 'polygon' loaded for trajectory optimization.
[INFO] [1783915520.422598446, 1578.794000000]: Footprint model 'polygon' loaded for trajectory optimization.
[INFO] [1783915520.971272577, 1579.342000000]: Footprint model 'polygon' loaded for trajectory optimization.
[INFO] [1783915521.575517510, 1579.944000000]: Footprint model 'polygon' loaded for trajectory optimization.
[INFO] [1783915523.360649519, 1581.732000000]: GOAL Reached!
[INFO] [1783915523.484280074, 1581.854000000]: Footprint model 'polygon' loaded for trajectory optimization.
[INFO] [1783915524.320831999, 1582.690000000]: Footprint model 'polygon' loaded for trajectory optimization.
[INFO] [1783915524.876866464, 1583.242000000]: Footprint model 'polygon' loaded for trajectory optimization.
[INFO] [1783915525.473088481, 1583.840000000]: Footprint model 'polygon' loaded for trajectory optimization.
[INFO] [1783915526.124240283, 1584.488000000]: Footprint model 'polygon' loaded for trajectory optimization.
[INFO] [1783915527.965397556, 1586.328000000]: GOAL Reached!
[INFO] [1783915528.079452765, 1586.442000000]: Footprint model 'polygon' loaded for trajectory optimization.
[INFO] [1783915528.930252986, 1587.292000000]: Footprint model 'polygon' loaded for trajectory optimization.
[INFO] [1783915529.473256716, 1587.836000000]: Footprint model 'polygon' loaded for trajectory optimization.
[INFO] [1783915530.073089653, 1588.434000000]: Footprint model 'polygon' loaded for trajectory optimization.
[INFO] [1783915530.676659463, 1589.036000000]: Footprint model 'polygon' loaded for trajectory optimization.
[INFO] [1783915532.464041164, 1590.822000000]: GOAL Reached!
[INFO] [1783915532.574112800, 1590.932000000]: Footprint model 'polygon' loaded for trajectory optimization.
[INFO] [1783915533.412288471, 1591.768000000]: Footprint model 'polygon' loaded for trajectory optimization.
[INFO] [1783915534.013308199, 1592.370000000]: Footprint model 'polygon' loaded for trajectory optimization.
[INFO] [1783915534.619560832, 1592.976000000]: Footprint model 'polygon' loaded for trajectory optimization.
[INFO] [1783915535.222561169, 1593.576000000]: Footprint model 'polygon' loaded for trajectory optimization.
[INFO] [1783915536.952951746, 1595.308000000]: GOAL Reached!
[INFO] [1783915537.074982965, 1595.428000000]: Footprint model 'polygon' loaded for trajectory optimization.
[INFO] [1783915537.916331556, 1596.270000000]: Footprint model 'polygon' loaded for trajectory optimization.
[INFO] [1783915538.516327111, 1596.868000000]: Footprint model 'polygon' loaded for trajectory optimization.
[INFO] [1783915539.064524469, 1597.416000000]: Footprint model 'polygon' loaded for trajectory optimization.
[INFO] [1783915539.714847919, 1598.066000000]: Footprint model 'polygon' loaded for trajectory optimization.
[INFO] [1783915541.557660139, 1599.906000000]: GOAL Reached!
[INFO] [1783915541.674272315, 1600.022000000]: Footprint model 'polygon' loaded for trajectory optimization.
[INFO] [1783915542.521955353, 1600.868000000]: Footprint model 'polygon' loaded for trajectory optimization.
[INFO] [1783915543.114387540, 1601.462000000]: Footprint model 'polygon' loaded for trajectory optimization.
[INFO] [1783915543.714049409, 1602.062000000]: Footprint model 'polygon' loaded for trajectory optimization.
[INFO] [1783915544.316126986, 1602.662000000]: Footprint model 'polygon' loaded for trajectory optimization.
[INFO] [1783915546.153448058, 1604.498000000]: GOAL Reached!
[INFO] [1783915546.275222318, 1604.620000000]: Footprint model 'polygon' loaded for trajectory optimization.
[INFO] [1783915547.125121580, 1605.470000000]: Footprint model 'polygon' loaded for trajectory optimization.
[INFO] [1783915547.667424129, 1606.010000000]: Footprint model 'polygon' loaded for trajectory optimization.
[INFO] [1783915548.264655788, 1606.610000000]: Footprint model 'polygon' loaded for trajectory optimization.
[INFO] [1783915548.868430319, 1607.210000000]: Footprint model 'polygon' loaded for trajectory optimization.
[INFO] [1783915550.756414430, 1609.098000000]: GOAL Reached!
[INFO] [1783915550.876992693, 1609.218000000]: Footprint model 'polygon' loaded for trajectory optimization.
[INFO] [1783915551.729981084, 1610.070000000]: Footprint model 'polygon' loaded for trajectory optimization.
[INFO] [1783915552.269745842, 1610.610000000]: Footprint model 'polygon' loaded for trajectory optimization.
[INFO] [1783915552.918467507, 1611.256000000]: Footprint model 'polygon' loaded for trajectory optimization.
[INFO] [1783915553.467347584, 1611.806000000]: Footprint model 'polygon' loaded for trajectory optimization.
[INFO] [1783915555.455945796, 1613.794000000]: GOAL Reached!
[INFO] [1783915555.565639324, 1613.902000000]: Footprint model 'polygon' loaded for trajectory optimization.
[INFO] [1783915556.419302342, 1614.754000000]: Footprint model 'polygon' loaded for trajectory optimization.
[INFO] [1783915557.006380862, 1615.342000000]: Footprint model 'polygon' loaded for trajectory optimization.
[INFO] [1783915557.555700740, 1615.892000000]: Footprint model 'polygon' loaded for trajectory optimization.
[INFO] [1783915558.158988336, 1616.492000000]: Footprint model 'polygon' loaded for trajectory optimization.
[INFO] [1783915560.146861070, 1618.480000000]: GOAL Reached!
[INFO] [1783915560.271205432, 1618.602000000]: Footprint model 'polygon' loaded for trajectory optimization.
[INFO] [1783915561.116257323, 1619.448000000]: Footprint model 'polygon' loaded for trajectory optimization.
[INFO] [1783915561.705840881, 1620.038000000]: Footprint model 'polygon' loaded for trajectory optimization.
[INFO] [1783915562.306367786, 1620.636000000]: Footprint model 'polygon' loaded for trajectory optimization.
[INFO] [1783915562.908042792, 1621.238000000]: Footprint model 'polygon' loaded for trajectory optimization.
[INFO] [1783915564.647932531, 1622.976000000]: GOAL Reached!
[INFO] [1783915564.763464890, 1623.090000000]: Footprint model 'polygon' loaded for trajectory optimization.
[INFO] [1783915565.600575645, 1623.928000000]: Footprint model 'polygon' loaded for trajectory optimization.
[INFO] [1783915566.202747054, 1624.530000000]: Footprint model 'polygon' loaded for trajectory optimization.
[INFO] [1783915566.754132451, 1625.078000000]: Footprint model 'polygon' loaded for trajectory optimization.
[INFO] [1783915567.360415917, 1625.686000000]: Footprint model 'polygon' loaded for trajectory optimization.
[INFO] [1783915569.343173433, 1627.666000000]: GOAL Reached!
[INFO] [1783915569.458161428, 1627.780000000]: Footprint model 'polygon' loaded for trajectory optimization.
[INFO] [1783915570.317171168, 1628.638000000]: Footprint model 'polygon' loaded for trajectory optimization.
[INFO] [1783915570.904997295, 1629.224000000]: Footprint model 'polygon' loaded for trajectory optimization.
[INFO] [1783915571.504478482, 1629.824000000]: Footprint model 'polygon' loaded for trajectory optimization.
[INFO] [1783915572.100358262, 1630.420000000]: Footprint model 'polygon' loaded for trajectory optimization.
[INFO] [1783915573.940785692, 1632.260000000]: GOAL Reached!
[INFO] [1783915574.055055926, 1632.372000000]: Footprint model 'polygon' loaded for trajectory optimization.
[INFO] [1783915574.897985656, 1633.210000000]: Footprint model 'polygon' loaded for trajectory optimization.
[INFO] [1783915575.493280261, 1633.808000000]: Footprint model 'polygon' loaded for trajectory optimization.
[INFO] [1783915576.090614747, 1634.404000000]: Footprint model 'polygon' loaded for trajectory optimization.
[INFO] [1783915576.689381781, 1635.004000000]: Footprint model 'polygon' loaded for trajectory optimization.
[INFO] [1783915578.433189420, 1636.744000000]: GOAL Reached!
[INFO] [1783915578.551278881, 1636.862000000]: Footprint model 'polygon' loaded for trajectory optimization.
[INFO] [1783915579.399953983, 1637.712000000]: Footprint model 'polygon' loaded for trajectory optimization.
[INFO] [1783915579.990915968, 1638.304000000]: Footprint model 'polygon' loaded for trajectory optimization.
[INFO] [1783915580.592177655, 1638.902000000]: Footprint model 'polygon' loaded for trajectory optimization.
[INFO] [1783915581.192339859, 1639.502000000]: Footprint model 'polygon' loaded for trajectory optimization.
[INFO] [1783915583.131148649, 1641.440000000]: GOAL Reached!
[INFO] [1783915583.245878794, 1641.552000000]: Footprint model 'polygon' loaded for trajectory optimization.
[INFO] [1783915584.111041429, 1642.416000000]: Footprint model 'polygon' loaded for trajectory optimization.
[INFO] [1783915584.688040720, 1642.994000000]: Footprint model 'polygon' loaded for trajectory optimization.
[INFO] [1783915585.291071956, 1643.596000000]: Footprint model 'polygon' loaded for trajectory optimization.
[INFO] [1783915585.839471628, 1644.144000000]: Footprint model 'polygon' loaded for trajectory optimization.
[INFO] [1783915587.630675160, 1645.932000000]: GOAL Reached!
[INFO] [1783915587.741151828, 1646.042000000]: Footprint model 'polygon' loaded for trajectory optimization.
[INFO] [1783915588.586911204, 1646.890000000]: Footprint model 'polygon' loaded for trajectory optimization.
[INFO] [1783915589.131963259, 1647.434000000]: Footprint model 'polygon' loaded for trajectory optimization.
[INFO] [1783915589.738580341, 1648.038000000]: Footprint model 'polygon' loaded for trajectory optimization.
[INFO] [1783915590.378574212, 1648.680000000]: Footprint model 'polygon' loaded for trajectory optimization.
[INFO] [1783915592.122091701, 1650.420000000]: GOAL Reached!
[INFO] [1783915592.232093651, 1650.530000000]: Footprint model 'polygon' loaded for trajectory optimization.
[INFO] [1783915593.073131225, 1651.370000000]: Footprint model 'polygon' loaded for trajectory optimization.
[INFO] [1783915593.620279983, 1651.920000000]: Footprint model 'polygon' loaded for trajectory optimization.
[INFO] [1783915594.220921640, 1652.518000000]: Footprint model 'polygon' loaded for trajectory optimization.
[INFO] [1783915594.824047722, 1653.120000000]: Footprint model 'polygon' loaded for trajectory optimization.
[INFO] [1783915596.613708990, 1654.906000000]: GOAL Reached!
[INFO] [1783915596.733668872, 1655.026000000]: Footprint model 'polygon' loaded for trajectory optimization.
[INFO] [1783915597.576957153, 1655.870000000]: Footprint model 'polygon' loaded for trajectory optimization.
[INFO] [1783915598.180116713, 1656.472000000]: Footprint model 'polygon' loaded for trajectory optimization.
[INFO] [1783915598.724437836, 1657.016000000]: Footprint model 'polygon' loaded for trajectory optimization.
[INFO] [1783915599.371439767, 1657.662000000]: Footprint model 'polygon' loaded for trajectory optimization.
[INFO] [1783915601.313395654, 1659.602000000]: GOAL Reached!
[INFO] [1783915601.437893751, 1659.726000000]: Footprint model 'polygon' loaded for trajectory optimization.
[INFO] [1783915602.280838343, 1660.570000000]: Footprint model 'polygon' loaded for trajectory optimization.
[INFO] [1783915602.831418846, 1661.120000000]: Footprint model 'polygon' loaded for trajectory optimization.
[INFO] [1783915603.478472042, 1661.766000000]: Footprint model 'polygon' loaded for trajectory optimization.
[INFO] [1783915604.081121932, 1662.366000000]: Footprint model 'polygon' loaded for trajectory optimization.
[INFO] [1783915606.018601743, 1664.304000000]: GOAL Reached!
[INFO] [1783915606.127222217, 1664.412000000]: Footprint model 'polygon' loaded for trajectory optimization.
[INFO] [1783915606.967276457, 1665.248000000]: Footprint model 'polygon' loaded for trajectory optimization.
[INFO] [1783915607.520301734, 1665.802000000]: Footprint model 'polygon' loaded for trajectory optimization.
[INFO] [1783915608.119781227, 1666.402000000]: Footprint model 'polygon' loaded for trajectory optimization.
[INFO] [1783915608.768778019, 1667.050000000]: Footprint model 'polygon' loaded for trajectory optimization.
[INFO] [1783915610.607549480, 1668.888000000]: GOAL Reached!
[INFO] [1783915610.718271374, 1668.998000000]: Footprint model 'polygon' loaded for trajectory optimization.
[INFO] [1783915611.572564917, 1669.848000000]: Footprint model 'polygon' loaded for trajectory optimization.
[INFO] [1783915612.158843953, 1670.436000000]: Footprint model 'polygon' loaded for trajectory optimization.
[INFO] [1783915612.763953066, 1671.038000000]: Footprint model 'polygon' loaded for trajectory optimization.
[INFO] [1783915613.359614972, 1671.636000000]: Footprint model 'polygon' loaded for trajectory optimization.
[INFO] [1783915615.198975998, 1673.474000000]: GOAL Reached!
[INFO] [1783915615.311234202, 1673.586000000]: Footprint model 'polygon' loaded for trajectory optimization.
[INFO] [1783915616.157911981, 1674.430000000]: Footprint model 'polygon' loaded for trajectory optimization.
[INFO] [1783915616.705139887, 1674.978000000]: Footprint model 'polygon' loaded for trajectory optimization.
[INFO] [1783915617.305333478, 1675.578000000]: Footprint model 'polygon' loaded for trajectory optimization.
[INFO] [1783915617.949906341, 1676.224000000]: Footprint model 'polygon' loaded for trajectory optimization.
[INFO] [1783915619.794956286, 1678.064000000]: GOAL Reached!
[INFO] [1783915619.911948879, 1678.182000000]: Footprint model 'polygon' loaded for trajectory optimization.
[INFO] [1783915620.768740683, 1679.038000000]: Footprint model 'polygon' loaded for trajectory optimization.
[INFO] [1783915621.348548037, 1679.618000000]: Footprint model 'polygon' loaded for trajectory optimization.
[INFO] [1783915621.902009534, 1680.172000000]: Footprint model 'polygon' loaded for trajectory optimization.
[INFO] [1783915622.552742658, 1680.820000000]: Footprint model 'polygon' loaded for trajectory optimization.
[INFO] [1783915624.291548185, 1682.558000000]: GOAL Reached!
[INFO] [1783915624.414368546, 1682.680000000]: Footprint model 'polygon' loaded for trajectory optimization.
[INFO] [1783915625.267211657, 1683.530000000]: Footprint model 'polygon' loaded for trajectory optimization.
[INFO] [1783915625.810467401, 1684.076000000]: Footprint model 'polygon' loaded for trajectory optimization.
[INFO] [1783915626.414059577, 1684.674000000]: Footprint model 'polygon' loaded for trajectory optimization.
[INFO] [1783915627.064264902, 1685.324000000]: Footprint model 'polygon' loaded for trajectory optimization.
[INFO] [1783915629.000412136, 1687.262000000]: GOAL Reached!
[INFO] [1783915629.124378484, 1687.386000000]: Footprint model 'polygon' loaded for trajectory optimization.
[INFO] [1783915629.968288066, 1688.228000000]: Footprint model 'polygon' loaded for trajectory optimization.
[INFO] [1783915630.512791628, 1688.774000000]: Footprint model 'polygon' loaded for trajectory optimization.
[INFO] [1783915631.164033469, 1689.422000000]: Footprint model 'polygon' loaded for trajectory optimization.
[INFO] [1783915631.763779470, 1690.022000000]: Footprint model 'polygon' loaded for trajectory optimization.
[INFO] [1783915633.702824936, 1691.960000000]: GOAL Reached!
[INFO] [1783915633.823955270, 1692.080000000]: Footprint model 'polygon' loaded for trajectory optimization.
[INFO] [1783915634.654133846, 1692.910000000]: Footprint model 'polygon' loaded for trajectory optimization.
[INFO] [1783915635.264192392, 1693.516000000]: Footprint model 'polygon' loaded for trajectory optimization.
[INFO] [1783915635.861368597, 1694.116000000]: Footprint model 'polygon' loaded for trajectory optimization.
[INFO] [1783915636.458274106, 1694.714000000]: Footprint model 'polygon' loaded for trajectory optimization.
[INFO] [1783915638.203146436, 1696.454000000]: GOAL Reached!
[INFO] [1783915638.318267631, 1696.568000000]: Footprint model 'polygon' loaded for trajectory optimization.
[INFO] [1783915639.159837142, 1697.410000000]: Footprint model 'polygon' loaded for trajectory optimization.
[INFO] [1783915639.761458933, 1698.012000000]: Footprint model 'polygon' loaded for trajectory optimization.
[INFO] [1783915640.357333362, 1698.606000000]: Footprint model 'polygon' loaded for trajectory optimization.
[INFO] [1783915640.908766755, 1699.158000000]: Footprint model 'polygon' loaded for trajectory optimization.
[INFO] [1783915642.797007837, 1701.044000000]: GOAL Reached!
[INFO] [1783915642.918039495, 1701.164000000]: Footprint model 'polygon' loaded for trajectory optimization.
[INFO] [1783915643.763281779, 1702.010000000]: Footprint model 'polygon' loaded for trajectory optimization.
[INFO] [1783915644.355077800, 1702.602000000]: Footprint model 'polygon' loaded for trajectory optimization.
[INFO] [1783915644.952246410, 1703.198000000]: Footprint model 'polygon' loaded for trajectory optimization.
[INFO] [1783915645.553172188, 1703.798000000]: Footprint model 'polygon' loaded for trajectory optimization.
[INFO] [1783915647.494093367, 1705.738000000]: GOAL Reached!
[INFO] [1783915647.614002176, 1705.858000000]: Footprint model 'polygon' loaded for trajectory optimization.
[INFO] [1783915648.446687038, 1706.690000000]: Footprint model 'polygon' loaded for trajectory optimization.
[INFO] [1783915649.055972807, 1707.296000000]: Footprint model 'polygon' loaded for trajectory optimization.
[INFO] [1783915649.607097946, 1707.846000000]: Footprint model 'polygon' loaded for trajectory optimization.
[INFO] [1783915650.208355068, 1708.448000000]: Footprint model 'polygon' loaded for trajectory optimization.
[INFO] [1783915651.997108785, 1710.234000000]: GOAL Reached!
[INFO] [1783915652.114996065, 1710.352000000]: Footprint model 'polygon' loaded for trajectory optimization.
[INFO] [1783915652.954812631, 1711.190000000]: Footprint model 'polygon' loaded for trajectory optimization.
[INFO] [1783915653.554270511, 1711.792000000]: Footprint model 'polygon' loaded for trajectory optimization.
[INFO] [1783915654.153747284, 1712.390000000]: Footprint model 'polygon' loaded for trajectory optimization.
[INFO] [1783915654.753599415, 1712.990000000]: Footprint model 'polygon' loaded for trajectory optimization.
[INFO] [1783915656.596124766, 1714.830000000]: GOAL Reached!
[INFO] [1783915656.716146834, 1714.948000000]: Footprint model 'polygon' loaded for trajectory optimization.
[INFO] [1783915657.555771075, 1715.790000000]: Footprint model 'polygon' loaded for trajectory optimization.
[INFO] [1783915658.105521210, 1716.340000000]: Footprint model 'polygon' loaded for trajectory optimization.
[INFO] [1783915658.753968514, 1716.986000000]: Footprint model 'polygon' loaded for trajectory optimization.
[INFO] [1783915659.354420415, 1717.586000000]: Footprint model 'polygon' loaded for trajectory optimization.
[INFO] [1783915661.097270238, 1719.326000000]: GOAL Reached!
[INFO] [1783915661.221495314, 1719.452000000]: Footprint model 'polygon' loaded for trajectory optimization.
[INFO] [1783915662.061682027, 1720.290000000]: Footprint model 'polygon' loaded for trajectory optimization.
[INFO] [1783915662.662083169, 1720.890000000]: Footprint model 'polygon' loaded for trajectory optimization.
[INFO] [1783915663.261018484, 1721.488000000]: Footprint model 'polygon' loaded for trajectory optimization.
[INFO] [1783915663.809071002, 1722.036000000]: Footprint model 'polygon' loaded for trajectory optimization.
[INFO] [1783915665.598389711, 1723.826000000]: GOAL Reached!
[INFO] [1783915665.719315336, 1723.946000000]: Footprint model 'polygon' loaded for trajectory optimization.
[INFO] [1783915666.573699533, 1724.796000000]: Footprint model 'polygon' loaded for trajectory optimization.
[INFO] [1783915667.111595498, 1725.336000000]: Footprint model 'polygon' loaded for trajectory optimization.
[INFO] [1783915667.762874232, 1725.986000000]: Footprint model 'polygon' loaded for trajectory optimization.
[INFO] [1783915668.309404315, 1726.534000000]: Footprint model 'polygon' loaded for trajectory optimization.
[INFO] [1783915670.196999256, 1728.422000000]: GOAL Reached!
[INFO] [1783915670.311532604, 1728.534000000]: Footprint model 'polygon' loaded for trajectory optimization.
[INFO] [1783915671.147996275, 1729.370000000]: Footprint model 'polygon' loaded for trajectory optimization.
[INFO] [1783915671.753032325, 1729.974000000]: Footprint model 'polygon' loaded for trajectory optimization.
[INFO] [1783915672.304403110, 1730.524000000]: Footprint model 'polygon' loaded for trajectory optimization.
[INFO] [1783915672.953521981, 1731.172000000]: Footprint model 'polygon' loaded for trajectory optimization.
[INFO] [1783915674.795168087, 1733.012000000]: GOAL Reached!
[INFO] [1783915674.919326140, 1733.136000000]: Footprint model 'polygon' loaded for trajectory optimization.
[INFO] [1783915675.750762725, 1733.970000000]: Footprint model 'polygon' loaded for trajectory optimization.
[INFO] [1783915676.365310568, 1734.580000000]: Footprint model 'polygon' loaded for trajectory optimization.
[INFO] [1783915676.960505251, 1735.176000000]: Footprint model 'polygon' loaded for trajectory optimization.
[INFO] [1783915677.511235113, 1735.726000000]: Footprint model 'polygon' loaded for trajectory optimization.
[INFO] [1783915679.299006266, 1737.514000000]: GOAL Reached!
[INFO] [1783915679.408030875, 1737.622000000]: Footprint model 'polygon' loaded for trajectory optimization.
[INFO] [1783915680.257294679, 1738.470000000]: Footprint model 'polygon' loaded for trajectory optimization.
[INFO] [1783915680.801707078, 1739.014000000]: Footprint model 'polygon' loaded for trajectory optimization.
[INFO] [1783915681.400943351, 1739.612000000]: Footprint model 'polygon' loaded for trajectory optimization.
[INFO] [1783915682.052116920, 1740.262000000]: Footprint model 'polygon' loaded for trajectory optimization.
[INFO] [1783915683.893407720, 1742.100000000]: GOAL Reached!
[INFO] [1783915684.016737959, 1742.224000000]: Footprint model 'polygon' loaded for trajectory optimization.
[INFO] [1783915684.864432372, 1743.070000000]: Footprint model 'polygon' loaded for trajectory optimization.
[INFO] [1783915685.406799146, 1743.612000000]: Footprint model 'polygon' loaded for trajectory optimization.
[INFO] [1783915686.007445405, 1744.214000000]: Footprint model 'polygon' loaded for trajectory optimization.
[INFO] [1783915686.651653199, 1744.858000000]: Footprint model 'polygon' loaded for trajectory optimization.
[INFO] [1783915688.594918792, 1746.798000000]: GOAL Reached!
[INFO] [1783915688.706874537, 1746.910000000]: Footprint model 'polygon' loaded for trajectory optimization.
[INFO] [1783915689.546518977, 1747.750000000]: Footprint model 'polygon' loaded for trajectory optimization.
[INFO] [1783915690.141024999, 1748.346000000]: Footprint model 'polygon' loaded for trajectory optimization.
[INFO] [1783915690.743944998, 1748.946000000]: Footprint model 'polygon' loaded for trajectory optimization.
[INFO] [1783915691.294544150, 1749.496000000]: Footprint model 'polygon' loaded for trajectory optimization.
[INFO] [1783915693.282445226, 1751.484000000]: GOAL Reached!
[INFO] [1783915693.400418938, 1751.600000000]: Footprint model 'polygon' loaded for trajectory optimization.
[INFO] [1783915694.252267553, 1752.450000000]: Footprint model 'polygon' loaded for trajectory optimization.
[INFO] [1783915694.797974979, 1752.994000000]: Footprint model 'polygon' loaded for trajectory optimization.
[INFO] [1783915695.443768567, 1753.640000000]: Footprint model 'polygon' loaded for trajectory optimization.
[INFO] [1783915695.993413173, 1754.192000000]: Footprint model 'polygon' loaded for trajectory optimization.
[INFO] [1783915697.883506701, 1756.078000000]: GOAL Reached!
[INFO] [1783915698.002331142, 1756.196000000]: Footprint model 'polygon' loaded for trajectory optimization.
[INFO] [1783915698.835557818, 1757.030000000]: Footprint model 'polygon' loaded for trajectory optimization.
[INFO] [1783915699.395927054, 1757.590000000]: Footprint model 'polygon' loaded for trajectory optimization.
[INFO] [1783915699.996520695, 1758.188000000]: Footprint model 'polygon' loaded for trajectory optimization.
[INFO] [1783915700.641982956, 1758.834000000]: Footprint model 'polygon' loaded for trajectory optimization.
[INFO] [1783915702.481146151, 1760.674000000]: GOAL Reached!
[INFO] [1783915702.602109781, 1760.794000000]: Footprint model 'polygon' loaded for trajectory optimization.
[INFO] [1783915703.440521706, 1761.630000000]: Footprint model 'polygon' loaded for trajectory optimization.
[INFO] [1783915704.043310716, 1762.234000000]: Footprint model 'polygon' loaded for trajectory optimization.
[INFO] [1783915704.594917197, 1762.784000000]: Footprint model 'polygon' loaded for trajectory optimization.
[INFO] [1783915705.242654443, 1763.432000000]: Footprint model 'polygon' loaded for trajectory optimization.
[INFO] [1783915706.985452943, 1765.172000000]: GOAL Reached!
[INFO] [1783915707.093057158, 1765.280000000]: Footprint model 'polygon' loaded for trajectory optimization.
[INFO] [1783915707.922536791, 1766.110000000]: Footprint model 'polygon' loaded for trajectory optimization.
[INFO] [1783915708.532052110, 1766.716000000]: Footprint model 'polygon' loaded for trajectory optimization.
[INFO] [1783915709.133019136, 1767.316000000]: Footprint model 'polygon' loaded for trajectory optimization.
[INFO] [1783915709.681792237, 1767.864000000]: Footprint model 'polygon' loaded for trajectory optimization.
[INFO] [1783915711.471527665, 1769.654000000]: GOAL Reached!
[INFO] [1783915711.586797490, 1769.768000000]: Footprint model 'polygon' loaded for trajectory optimization.
[INFO] [1783915712.427660241, 1770.610000000]: Footprint model 'polygon' loaded for trajectory optimization.
[INFO] [1783915712.975790728, 1771.158000000]: Footprint model 'polygon' loaded for trajectory optimization.
[INFO] [1783915713.627341895, 1771.806000000]: Footprint model 'polygon' loaded for trajectory optimization.
[INFO] [1783915714.223202479, 1772.404000000]: Footprint model 'polygon' loaded for trajectory optimization.
[INFO] [1783915715.965363656, 1774.144000000]: GOAL Reached!
[INFO] [1783915716.082541446, 1774.260000000]: Footprint model 'polygon' loaded for trajectory optimization.
[INFO] [1783915716.933981193, 1775.110000000]: Footprint model 'polygon' loaded for trajectory optimization.
[INFO] [1783915717.525374171, 1775.700000000]: Footprint model 'polygon' loaded for trajectory optimization.
[INFO] [1783915718.122273637, 1776.296000000]: Footprint model 'polygon' loaded for trajectory optimization.
[INFO] [1783915718.722049616, 1776.896000000]: Footprint model 'polygon' loaded for trajectory optimization.
[INFO] [1783915720.461006477, 1778.636000000]: GOAL Reached!
[INFO] [1783915720.583508700, 1778.758000000]: Footprint model 'polygon' loaded for trajectory optimization.
[INFO] [1783915721.437966708, 1779.610000000]: Footprint model 'polygon' loaded for trajectory optimization.
[INFO] [1783915722.031693715, 1780.202000000]: Footprint model 'polygon' loaded for trajectory optimization.
[INFO] [1783915722.578952643, 1780.750000000]: Footprint model 'polygon' loaded for trajectory optimization.
[INFO] [1783915723.226295151, 1781.396000000]: Footprint model 'polygon' loaded for trajectory optimization.
[INFO] [1783915724.967088647, 1783.136000000]: GOAL Reached!
[INFO] [1783915725.085698585, 1783.254000000]: Footprint model 'polygon' loaded for trajectory optimization.
[INFO] [1783915725.921029789, 1784.090000000]: Footprint model 'polygon' loaded for trajectory optimization.
[INFO] [1783915726.526223805, 1784.694000000]: Footprint model 'polygon' loaded for trajectory optimization.
[INFO] [1783915727.126404310, 1785.292000000]: Footprint model 'polygon' loaded for trajectory optimization.
[INFO] [1783915727.725615791, 1785.894000000]: Footprint model 'polygon' loaded for trajectory optimization.
[INFO] [1783915729.567460301, 1787.732000000]: GOAL Reached!
[INFO] [1783915729.683142916, 1787.846000000]: Footprint model 'polygon' loaded for trajectory optimization.
[INFO] [1783915730.526395665, 1788.690000000]: Footprint model 'polygon' loaded for trajectory optimization.
[INFO] [1783915731.077641652, 1789.240000000]: Footprint model 'polygon' loaded for trajectory optimization.
[INFO] [1783915731.726038909, 1789.888000000]: Footprint model 'polygon' loaded for trajectory optimization.
[INFO] [1783915732.277505352, 1790.438000000]: Footprint model 'polygon' loaded for trajectory optimization.
[INFO] [1783915734.167749044, 1792.326000000]: GOAL Reached!
[INFO] [1783915734.286194445, 1792.444000000]: Footprint model 'polygon' loaded for trajectory optimization.
[INFO] [1783915735.129196800, 1793.290000000]: Footprint model 'polygon' loaded for trajectory optimization.
[INFO] [1783915735.724059245, 1793.884000000]: Footprint model 'polygon' loaded for trajectory optimization.
[INFO] [1783915736.322374018, 1794.480000000]: Footprint model 'polygon' loaded for trajectory optimization.
[INFO] [1783915736.923334264, 1795.080000000]: Footprint model 'polygon' loaded for trajectory optimization.
[INFO] [1783915738.864095235, 1797.020000000]: GOAL Reached!
[INFO] [1783915738.987649275, 1797.142000000]: Footprint model 'polygon' loaded for trajectory optimization.
[INFO] [1783915739.835099314, 1797.992000000]: Footprint model 'polygon' loaded for trajectory optimization.
[INFO] [1783915740.428325521, 1798.582000000]: Footprint model 'polygon' loaded for trajectory optimization.
[INFO] [1783915741.028125836, 1799.182000000]: Footprint model 'polygon' loaded for trajectory optimization.
[INFO] [1783915741.581488910, 1799.734000000]: Footprint model 'polygon' loaded for trajectory optimization.
[INFO] [1783915743.367509063, 1801.520000000]: GOAL Reached!
[INFO] [1783915743.488110278, 1801.640000000]: Footprint model 'polygon' loaded for trajectory optimization.
[INFO] [1783915744.340512110, 1802.490000000]: Footprint model 'polygon' loaded for trajectory optimization.
[INFO] [1783915744.883873998, 1803.032000000]: Footprint model 'polygon' loaded for trajectory optimization.
[INFO] [1783915745.481629574, 1803.632000000]: Footprint model 'polygon' loaded for trajectory optimization.
[INFO] [1783915746.084099918, 1804.232000000]: Footprint model 'polygon' loaded for trajectory optimization.
[INFO] [1783915747.870719260, 1806.018000000]: GOAL Reached!
[INFO] [1783915747.994197456, 1806.140000000]: Footprint model 'polygon' loaded for trajectory optimization.
[INFO] [1783915748.842401425, 1806.990000000]: Footprint model 'polygon' loaded for trajectory optimization.
[INFO] [1783915749.432138501, 1807.578000000]: Footprint model 'polygon' loaded for trajectory optimization.
[INFO] [1783915749.987664788, 1808.132000000]: Footprint model 'polygon' loaded for trajectory optimization.
[INFO] [1783915750.585514250, 1808.732000000]: Footprint model 'polygon' loaded for trajectory optimization.
[INFO] [1783915752.577205691, 1810.720000000]: GOAL Reached!
[INFO] [1783915752.688160515, 1810.830000000]: Footprint model 'polygon' loaded for trajectory optimization.
[INFO] [1783915753.529489727, 1811.670000000]: Footprint model 'polygon' loaded for trajectory optimization.
[INFO] [1783915754.130793733, 1812.270000000]: Footprint model 'polygon' loaded for trajectory optimization.
[INFO] [1783915754.729618272, 1812.870000000]: Footprint model 'polygon' loaded for trajectory optimization.
[INFO] [1783915755.334861639, 1813.474000000]: Footprint model 'polygon' loaded for trajectory optimization.
[INFO] [1783915757.069400558, 1815.208000000]: GOAL Reached!
[INFO] [1783915757.185334558, 1815.322000000]: Footprint model 'polygon' loaded for trajectory optimization.
[INFO] [1783915758.031678216, 1816.168000000]: Footprint model 'polygon' loaded for trajectory optimization.
[INFO] [1783915758.625092943, 1816.760000000]: Footprint model 'polygon' loaded for trajectory optimization.
[INFO] [1783915759.223455021, 1817.358000000]: Footprint model 'polygon' loaded for trajectory optimization.
[INFO] [1783915759.818643161, 1817.956000000]: Footprint model 'polygon' loaded for trajectory optimization.
[INFO] [1783915761.561203390, 1819.696000000]: GOAL Reached!
[INFO] [1783915761.683692722, 1819.818000000]: Footprint model 'polygon' loaded for trajectory optimization.
[INFO] [1783915762.517914441, 1820.650000000]: Footprint model 'polygon' loaded for trajectory optimization.
[INFO] [1783915763.127523098, 1821.260000000]: Footprint model 'polygon' loaded for trajectory optimization.
[INFO] [1783915763.722699552, 1821.856000000]: Footprint model 'polygon' loaded for trajectory optimization.
[INFO] [1783915764.331393651, 1822.460000000]: Footprint model 'polygon' loaded for trajectory optimization.
[INFO] [1783915766.361962117, 1824.492000000]: GOAL Reached!
[INFO] [1783915766.478798336, 1824.608000000]: Footprint model 'polygon' loaded for trajectory optimization.
[INFO] [1783915767.328332756, 1825.456000000]: Footprint model 'polygon' loaded for trajectory optimization.
[INFO] [1783915767.877786025, 1826.006000000]: Footprint model 'polygon' loaded for trajectory optimization.
[INFO] [1783915768.471673428, 1826.598000000]: Footprint model 'polygon' loaded for trajectory optimization.
[INFO] [1783915769.121993072, 1827.246000000]: Footprint model 'polygon' loaded for trajectory optimization.
[INFO] [1783915770.858547991, 1828.984000000]: GOAL Reached!
[INFO] [1783915770.976117743, 1829.102000000]: Footprint model 'polygon' loaded for trajectory optimization.
[INFO] [1783915771.827954999, 1829.950000000]: Footprint model 'polygon' loaded for trajectory optimization.
[INFO] [1783915772.371670556, 1830.494000000]: Footprint model 'polygon' loaded for trajectory optimization.
[INFO] [1783915773.015760768, 1831.136000000]: Footprint model 'polygon' loaded for trajectory optimization.
[INFO] [1783915773.620423848, 1831.738000000]: Footprint model 'polygon' loaded for trajectory optimization.
[INFO] [1783915775.460962269, 1833.580000000]: GOAL Reached!
[INFO] [1783915775.579786909, 1833.698000000]: Footprint model 'polygon' loaded for trajectory optimization.
[INFO] [1783915776.431932603, 1834.550000000]: Footprint model 'polygon' loaded for trajectory optimization.
[INFO] [1783915777.017682704, 1835.136000000]: Footprint model 'polygon' loaded for trajectory optimization.
[INFO] [1783915777.566960728, 1835.686000000]: Footprint model 'polygon' loaded for trajectory optimization.
[INFO] [1783915778.172856546, 1836.290000000]: Footprint model 'polygon' loaded for trajectory optimization.
[INFO] [1783915780.057311771, 1838.174000000]: GOAL Reached!
[INFO] [1783915780.171838293, 1838.286000000]: Footprint model 'polygon' loaded for trajectory optimization.
[INFO] [1783915781.017631219, 1839.130000000]: Footprint model 'polygon' loaded for trajectory optimization.
[INFO] [1783915781.564150091, 1839.678000000]: Footprint model 'polygon' loaded for trajectory optimization.
[INFO] [1783915782.159983016, 1840.274000000]: Footprint model 'polygon' loaded for trajectory optimization.
[INFO] [1783915782.763451774, 1840.876000000]: Footprint model 'polygon' loaded for trajectory optimization.
[INFO] [1783915784.749803736, 1842.862000000]: GOAL Reached!
[INFO] [1783915784.870294295, 1842.982000000]: Footprint model 'polygon' loaded for trajectory optimization.
[INFO] [1783915785.718887737, 1843.830000000]: Footprint model 'polygon' loaded for trajectory optimization.
[INFO] [1783915786.259673396, 1844.370000000]: Footprint model 'polygon' loaded for trajectory optimization.
[INFO] [1783915786.908005092, 1845.016000000]: Footprint model 'polygon' loaded for trajectory optimization.
[INFO] [1783915787.507018308, 1845.616000000]: Footprint model 'polygon' loaded for trajectory optimization.
[INFO] [1783915789.247221264, 1847.356000000]: GOAL Reached!
[INFO] [1783915789.367250299, 1847.474000000]: Footprint model 'polygon' loaded for trajectory optimization.
[INFO] [1783915790.223627717, 1848.328000000]: Footprint model 'polygon' loaded for trajectory optimization.
[INFO] [1783915790.766621076, 1848.870000000]: Footprint model 'polygon' loaded for trajectory optimization.
[INFO] [1783915791.413974719, 1849.516000000]: Footprint model 'polygon' loaded for trajectory optimization.
[INFO] [1783915792.012317769, 1850.116000000]: Footprint model 'polygon' loaded for trajectory optimization.
[INFO] [1783915792.562655023, 1850.666000000]: Footprint model 'polygon' loaded for trajectory optimization.
[INFO] [1783915795.651081129, 1853.752000000]: GOAL Reached!
[INFO] [1783915795.776133739, 1853.876000000]: Footprint model 'polygon' loaded for trajectory optimization.
[INFO] [1783915796.613012290, 1854.710000000]: Footprint model 'polygon' loaded for trajectory optimization.
[INFO] [1783915797.216346839, 1855.314000000]: Footprint model 'polygon' loaded for trajectory optimization.
[INFO] [1783915797.770268163, 1855.868000000]: Footprint model 'polygon' loaded for trajectory optimization.
[INFO] [1783915798.417564649, 1856.514000000]: Footprint model 'polygon' loaded for trajectory optimization.
[INFO] [1783915800.259002243, 1858.354000000]: GOAL Reached!
[INFO] [1783915800.373404486, 1858.468000000]: Footprint model 'polygon' loaded for trajectory optimization.
[INFO] [1783915801.219465849, 1859.312000000]: Footprint model 'polygon' loaded for trajectory optimization.
[INFO] [1783915801.810016362, 1859.904000000]: Footprint model 'polygon' loaded for trajectory optimization.
[INFO] [1783915802.364340202, 1860.454000000]: Footprint model 'polygon' loaded for trajectory optimization.
[INFO] [1783915802.966488499, 1861.058000000]: Footprint model 'polygon' loaded for trajectory optimization.
[INFO] [1783915804.954825678, 1863.042000000]: GOAL Reached!
[INFO] [1783915805.070626275, 1863.158000000]: Footprint model 'polygon' loaded for trajectory optimization.
[INFO] [1783915805.899044199, 1863.988000000]: Footprint model 'polygon' loaded for trajectory optimization.
[INFO] [1783915806.506662711, 1864.594000000]: Footprint model 'polygon' loaded for trajectory optimization.
[INFO] [1783915807.107781079, 1865.194000000]: Footprint model 'polygon' loaded for trajectory optimization.
[INFO] [1783915807.707674868, 1865.792000000]: Footprint model 'polygon' loaded for trajectory optimization.
[INFO] [1783915809.547740818, 1867.632000000]: GOAL Reached!
[INFO] [1783915809.661164309, 1867.746000000]: Footprint model 'polygon' loaded for trajectory optimization.
[INFO] [1783915810.507546235, 1868.590000000]: Footprint model 'polygon' loaded for trajectory optimization.
[INFO] [1783915811.105474004, 1869.186000000]: Footprint model 'polygon' loaded for trajectory optimization.
[INFO] [1783915811.701084633, 1869.782000000]: Footprint model 'polygon' loaded for trajectory optimization.
[INFO] [1783915812.251276962, 1870.334000000]: Footprint model 'polygon' loaded for trajectory optimization.
[INFO] [1783915814.244764050, 1872.322000000]: GOAL Reached!
[INFO] [1783915814.366935290, 1872.444000000]: Footprint model 'polygon' loaded for trajectory optimization.
[INFO] [1783915815.212443431, 1873.290000000]: Footprint model 'polygon' loaded for trajectory optimization.
[INFO] [1783915815.804039949, 1873.882000000]: Footprint model 'polygon' loaded for trajectory optimization.
[INFO] [1783915816.401028746, 1874.480000000]: Footprint model 'polygon' loaded for trajectory optimization.
[INFO] [1783915816.955011227, 1875.032000000]: Footprint model 'polygon' loaded for trajectory optimization.
[INFO] [1783915818.845171842, 1876.920000000]: GOAL Reached!
[INFO] [1783915818.964110415, 1877.038000000]: Footprint model 'polygon' loaded for trajectory optimization.
[INFO] [1783915819.816704243, 1877.890000000]: Footprint model 'polygon' loaded for trajectory optimization.
[INFO] [1783915820.362085219, 1878.434000000]: Footprint model 'polygon' loaded for trajectory optimization.
[INFO] [1783915821.008334785, 1879.078000000]: Footprint model 'polygon' loaded for trajectory optimization.
[INFO] [1783915821.606132403, 1879.676000000]: Footprint model 'polygon' loaded for trajectory optimization.
[INFO] [1783915823.447372430, 1881.516000000]: GOAL Reached!
[INFO] [1783915823.562201436, 1881.630000000]: Footprint model 'polygon' loaded for trajectory optimization.
[INFO] [1783915824.401007037, 1882.470000000]: Footprint model 'polygon' loaded for trajectory optimization.
[INFO] [1783915825.009019511, 1883.076000000]: Footprint model 'polygon' loaded for trajectory optimization.
[INFO] [1783915825.602187373, 1883.668000000]: Footprint model 'polygon' loaded for trajectory optimization.
[INFO] [1783915826.152450467, 1884.216000000]: Footprint model 'polygon' loaded for trajectory optimization.
[INFO] [1783915827.941506732, 1886.006000000]: GOAL Reached!
[INFO] [1783915828.056167196, 1886.120000000]: Footprint model 'polygon' loaded for trajectory optimization.
[INFO] [1783915828.906184316, 1886.970000000]: Footprint model 'polygon' loaded for trajectory optimization.
[INFO] [1783915829.497841926, 1887.562000000]: Footprint model 'polygon' loaded for trajectory optimization.
[INFO] [1783915830.048917500, 1888.110000000]: Footprint model 'polygon' loaded for trajectory optimization.
[INFO] [1783915830.647846817, 1888.710000000]: Footprint model 'polygon' loaded for trajectory optimization.
[INFO] [1783915832.537531276, 1890.598000000]: GOAL Reached!
[INFO] [1783915832.648664813, 1890.708000000]: Footprint model 'polygon' loaded for trajectory optimization.
[INFO] [1783915833.489915168, 1891.550000000]: Footprint model 'polygon' loaded for trajectory optimization.
[INFO] [1783915834.087208350, 1892.144000000]: Footprint model 'polygon' loaded for trajectory optimization.
[INFO] [1783915834.688072059, 1892.748000000]: Footprint model 'polygon' loaded for trajectory optimization.
[INFO] [1783915835.292294487, 1893.348000000]: Footprint model 'polygon' loaded for trajectory optimization.
[INFO] [1783915837.126041764, 1895.182000000]: GOAL Reached!
[INFO] [1783915837.246438049, 1895.302000000]: Footprint model 'polygon' loaded for trajectory optimization.
[INFO] [1783915838.095896022, 1896.150000000]: Footprint model 'polygon' loaded for trajectory optimization.
[INFO] [1783915838.685145197, 1896.740000000]: Footprint model 'polygon' loaded for trajectory optimization.
[INFO] [1783915839.233538823, 1897.290000000]: Footprint model 'polygon' loaded for trajectory optimization.
[INFO] [1783915839.885327257, 1897.940000000]: Footprint model 'polygon' loaded for trajectory optimization.
[INFO] [1783915841.824485881, 1899.878000000]: GOAL Reached!
[INFO] [1783915841.947983943, 1900.000000000]: Footprint model 'polygon' loaded for trajectory optimization.
[INFO] [1783915842.799758958, 1900.852000000]: Footprint model 'polygon' loaded for trajectory optimization.
[INFO] [1783915843.338279635, 1901.390000000]: Footprint model 'polygon' loaded for trajectory optimization.
[INFO] [1783915843.942449907, 1901.994000000]: Footprint model 'polygon' loaded for trajectory optimization.
[INFO] [1783915844.541241019, 1902.590000000]: Footprint model 'polygon' loaded for trajectory optimization.
[INFO] [1783915846.430682966, 1904.476000000]: GOAL Reached!
[INFO] [1783915846.552700533, 1904.600000000]: Footprint model 'polygon' loaded for trajectory optimization.
[INFO] [1783915847.403739354, 1905.448000000]: Footprint model 'polygon' loaded for trajectory optimization.
[INFO] [1783915847.992416903, 1906.038000000]: Footprint model 'polygon' loaded for trajectory optimization.
[INFO] [1783915848.541050064, 1906.586000000]: Footprint model 'polygon' loaded for trajectory optimization.
[INFO] [1783915849.140938303, 1907.186000000]: Footprint model 'polygon' loaded for trajectory optimization.
[INFO] [1783915851.129035895, 1909.174000000]: GOAL Reached!
[INFO] [1783915851.248732054, 1909.292000000]: Footprint model 'polygon' loaded for trajectory optimization.
[INFO] [1783915852.087511039, 1910.128000000]: Footprint model 'polygon' loaded for trajectory optimization.
[INFO] [1783915852.640637861, 1910.682000000]: Footprint model 'polygon' loaded for trajectory optimization.
[INFO] [1783915853.293922737, 1911.336000000]: Footprint model 'polygon' loaded for trajectory optimization.
[INFO] [1783915853.886752704, 1911.928000000]: Footprint model 'polygon' loaded for trajectory optimization.
[INFO] [1783915855.626916556, 1913.668000000]: GOAL Reached!
[INFO] [1783915855.750452923, 1913.790000000]: Footprint model 'polygon' loaded for trajectory optimization.
[INFO] [1783915856.593901265, 1914.632000000]: Footprint model 'polygon' loaded for trajectory optimization.
[INFO] [1783915857.193807012, 1915.234000000]: Footprint model 'polygon' loaded for trajectory optimization.
[INFO] [1783915857.739878879, 1915.776000000]: Footprint model 'polygon' loaded for trajectory optimization.
[INFO] [1783915858.340643022, 1916.376000000]: Footprint model 'polygon' loaded for trajectory optimization.
[INFO] [1783915860.227569291, 1918.264000000]: GOAL Reached!
[INFO] [1783915860.349743391, 1918.384000000]: Footprint model 'polygon' loaded for trajectory optimization.
[INFO] [1783915861.195138112, 1919.230000000]: Footprint model 'polygon' loaded for trajectory optimization.
[INFO] [1783915861.793221389, 1919.826000000]: Footprint model 'polygon' loaded for trajectory optimization.
[INFO] [1783915862.341815462, 1920.376000000]: Footprint model 'polygon' loaded for trajectory optimization.
[INFO] [1783915862.950916621, 1920.982000000]: Footprint model 'polygon' loaded for trajectory optimization.
[INFO] [1783915864.736342917, 1922.764000000]: GOAL Reached!
[INFO] [1783915864.847631079, 1922.874000000]: Footprint model 'polygon' loaded for trajectory optimization.
[INFO] [1783915865.680471885, 1923.710000000]: Footprint model 'polygon' loaded for trajectory optimization.
[INFO] [1783915866.237389422, 1924.266000000]: Footprint model 'polygon' loaded for trajectory optimization.
[INFO] [1783915866.886259864, 1924.914000000]: Footprint model 'polygon' loaded for trajectory optimization.
[INFO] [1783915867.434381555, 1925.464000000]: Footprint model 'polygon' loaded for trajectory optimization.
[INFO] [1783915869.125853079, 1927.152000000]: GOAL Reached!
[INFO] [1783915869.235899969, 1927.262000000]: Footprint model 'polygon' loaded for trajectory optimization.
[INFO] [1783915870.084230233, 1928.110000000]: Footprint model 'polygon' loaded for trajectory optimization.
[INFO] [1783915870.631290034, 1928.654000000]: Footprint model 'polygon' loaded for trajectory optimization.
[INFO] [1783915871.228517804, 1929.250000000]: Footprint model 'polygon' loaded for trajectory optimization.
[INFO] [1783915871.829568452, 1929.850000000]: Footprint model 'polygon' loaded for trajectory optimization.
[INFO] [1783915873.719054307, 1931.738000000]: GOAL Reached!
[INFO] [1783915873.837811307, 1931.856000000]: Footprint model 'polygon' loaded for trajectory optimization.
[INFO] [1783915874.689011634, 1932.710000000]: Footprint model 'polygon' loaded for trajectory optimization.
[INFO] [1783915875.233592223, 1933.252000000]: Footprint model 'polygon' loaded for trajectory optimization.
[INFO] [1783915875.882504479, 1933.898000000]: Footprint model 'polygon' loaded for trajectory optimization.
[INFO] [1783915876.477141553, 1934.496000000]: Footprint model 'polygon' loaded for trajectory optimization.
[INFO] [1783915878.421337878, 1936.436000000]: GOAL Reached!
[INFO] [1783915878.540740058, 1936.556000000]: Footprint model 'polygon' loaded for trajectory optimization.
[INFO] [1783915879.372700846, 1937.390000000]: Footprint model 'polygon' loaded for trajectory optimization.
[INFO] [1783915879.978316834, 1937.994000000]: Footprint model 'polygon' loaded for trajectory optimization.
[INFO] [1783915880.580345400, 1938.594000000]: Footprint model 'polygon' loaded for trajectory optimization.
[INFO] [1783915881.178417913, 1939.190000000]: Footprint model 'polygon' loaded for trajectory optimization.
[INFO] [1783915883.119555832, 1941.130000000]: GOAL Reached!
[INFO] [1783915883.231462861, 1941.242000000]: Footprint model 'polygon' loaded for trajectory optimization.
[INFO] [1783915884.078489670, 1942.088000000]: Footprint model 'polygon' loaded for trajectory optimization.
[INFO] [1783915884.623763434, 1942.634000000]: Footprint model 'polygon' loaded for trajectory optimization.
[INFO] [1783915885.223424553, 1943.234000000]: Footprint model 'polygon' loaded for trajectory optimization.
[INFO] [1783915885.822115840, 1943.832000000]: Footprint model 'polygon' loaded for trajectory optimization.
[INFO] [1783915887.710938861, 1945.718000000]: GOAL Reached!
[INFO] [1783915887.818773872, 1945.826000000]: Footprint model 'polygon' loaded for trajectory optimization.
[INFO] [1783915888.664761597, 1946.670000000]: Footprint model 'polygon' loaded for trajectory optimization.
[INFO] [1783915889.211996213, 1947.218000000]: Footprint model 'polygon' loaded for trajectory optimization.
[INFO] [1783915889.855647805, 1947.860000000]: Footprint model 'polygon' loaded for trajectory optimization.
[INFO] [1783915890.458376123, 1948.462000000]: Footprint model 'polygon' loaded for trajectory optimization.
[INFO] [1783915892.396119941, 1950.400000000]: GOAL Reached!
[INFO] [1783915892.508883515, 1950.512000000]: Footprint model 'polygon' loaded for trajectory optimization.
[INFO] [1783915893.345029444, 1951.350000000]: Footprint model 'polygon' loaded for trajectory optimization.
[INFO] [1783915893.947959927, 1951.950000000]: Footprint model 'polygon' loaded for trajectory optimization.
[INFO] [1783915894.497683773, 1952.498000000]: Footprint model 'polygon' loaded for trajectory optimization.
[INFO] [1783915895.099070821, 1953.098000000]: Footprint model 'polygon' loaded for trajectory optimization.
[INFO] [1783915896.986810500, 1954.986000000]: GOAL Reached!
[INFO] [1783915897.106957781, 1955.106000000]: Footprint model 'polygon' loaded for trajectory optimization.
[INFO] [1783915897.953998605, 1955.952000000]: Footprint model 'polygon' loaded for trajectory optimization.
[INFO] [1783915898.561099618, 1956.556000000]: Footprint model 'polygon' loaded for trajectory optimization.
[INFO] [1783915899.150696222, 1957.146000000]: Footprint model 'polygon' loaded for trajectory optimization.
[INFO] [1783915899.749384095, 1957.744000000]: Footprint model 'polygon' loaded for trajectory optimization.
[INFO] [1783915901.590340034, 1959.584000000]: GOAL Reached!
[INFO] [1783915901.709463736, 1959.702000000]: Footprint model 'polygon' loaded for trajectory optimization.
[INFO] [1783915902.555175811, 1960.550000000]: Footprint model 'polygon' loaded for trajectory optimization.
[INFO] [1783915903.147563959, 1961.140000000]: Footprint model 'polygon' loaded for trajectory optimization.
[INFO] [1783915903.748234765, 1961.738000000]: Footprint model 'polygon' loaded for trajectory optimization.
[INFO] [1783915904.303752679, 1962.296000000]: Footprint model 'polygon' loaded for trajectory optimization.
[INFO] [1783915906.184484683, 1964.176000000]: GOAL Reached!
[INFO] [1783915906.302848306, 1964.294000000]: Footprint model 'polygon' loaded for trajectory optimization.
[INFO] [1783915907.138689829, 1965.130000000]: Footprint model 'polygon' loaded for trajectory optimization.
[INFO] [1783915907.742526624, 1965.732000000]: Footprint model 'polygon' loaded for trajectory optimization.
[INFO] [1783915908.342284585, 1966.330000000]: Footprint model 'polygon' loaded for trajectory optimization.
[INFO] [1783915908.895077450, 1966.882000000]: Footprint model 'polygon' loaded for trajectory optimization.
[INFO] [1783915910.782540928, 1968.770000000]: GOAL Reached!
[INFO] [1783915910.903372844, 1968.890000000]: Footprint model 'polygon' loaded for trajectory optimization.
[INFO] [1783915911.743251915, 1969.730000000]: Footprint model 'polygon' loaded for trajectory optimization.
[INFO] [1783915912.342800935, 1970.326000000]: Footprint model 'polygon' loaded for trajectory optimization.
[INFO] [1783915912.942836684, 1970.924000000]: Footprint model 'polygon' loaded for trajectory optimization.
[INFO] [1783915913.493176946, 1971.476000000]: Footprint model 'polygon' loaded for trajectory optimization.
[INFO] [1783915915.382163657, 1973.364000000]: GOAL Reached!
[INFO] [1783915915.498511604, 1973.480000000]: Footprint model 'polygon' loaded for trajectory optimization.
[INFO] [1783915916.348274894, 1974.328000000]: Footprint model 'polygon' loaded for trajectory optimization.
[INFO] [1783915916.893459483, 1974.870000000]: Footprint model 'polygon' loaded for trajectory optimization.
[INFO] [1783915917.491500278, 1975.472000000]: Footprint model 'polygon' loaded for trajectory optimization.
[INFO] [1783915918.143861483, 1976.120000000]: Footprint model 'polygon' loaded for trajectory optimization.
[INFO] [1783915918.739039043, 1976.716000000]: Footprint model 'polygon' loaded for trajectory optimization.
[INFO] [1783915920.179538927, 1978.156000000]: GOAL Reached!
[INFO] [1783915920.286623006, 1978.262000000]: Footprint model 'polygon' loaded for trajectory optimization.
[INFO] [1783915921.134414945, 1979.110000000]: Footprint model 'polygon' loaded for trajectory optimization.
[INFO] [1783915921.722122698, 1979.698000000]: Footprint model 'polygon' loaded for trajectory optimization.
[INFO] [1783915922.273497949, 1980.248000000]: Footprint model 'polygon' loaded for trajectory optimization.
[INFO] [1783915922.875283399, 1980.848000000]: Footprint model 'polygon' loaded for trajectory optimization.
[INFO] [1783915924.663913249, 1982.636000000]: GOAL Reached!
[INFO] [1783915924.782633441, 1982.754000000]: Footprint model 'polygon' loaded for trajectory optimization.
[INFO] [1783915925.619244411, 1983.590000000]: Footprint model 'polygon' loaded for trajectory optimization.
[INFO] [1783915926.176146425, 1984.146000000]: Footprint model 'polygon' loaded for trajectory optimization.
[INFO] [1783915926.820370388, 1984.792000000]: Footprint model 'polygon' loaded for trajectory optimization.
[INFO] [1783915927.428903393, 1985.398000000]: Footprint model 'polygon' loaded for trajectory optimization.
[INFO] [1783915929.162966666, 1987.130000000]: GOAL Reached!
[INFO] [1783915929.284271590, 1987.252000000]: Footprint model 'polygon' loaded for trajectory optimization.
[INFO] [1783915930.129063250, 1988.094000000]: Footprint model 'polygon' loaded for trajectory optimization.
[INFO] [1783915930.720746227, 1988.688000000]: Footprint model 'polygon' loaded for trajectory optimization.
[INFO] [1783915931.276229440, 1989.240000000]: Footprint model 'polygon' loaded for trajectory optimization.
[INFO] [1783915931.922801173, 1989.886000000]: Footprint model 'polygon' loaded for trajectory optimization.
[INFO] [1783915933.762061196, 1991.726000000]: GOAL Reached!
[INFO] [1783915933.870753432, 1991.834000000]: Footprint model 'polygon' loaded for trajectory optimization.
[INFO] [1783915934.708082752, 1992.670000000]: Footprint model 'polygon' loaded for trajectory optimization.
[INFO] [1783915935.313996944, 1993.276000000]: Footprint model 'polygon' loaded for trajectory optimization.
[INFO] [1783915935.909792326, 1993.872000000]: Footprint model 'polygon' loaded for trajectory optimization.
[INFO] [1783915936.516536317, 1994.476000000]: Footprint model 'polygon' loaded for trajectory optimization.
[INFO] [1783915938.352614976, 1996.310000000]: GOAL Reached!
[INFO] [1783915938.475859434, 1996.432000000]: Footprint model 'polygon' loaded for trajectory optimization.
[INFO] [1783915939.312488604, 1997.270000000]: Footprint model 'polygon' loaded for trajectory optimization.
[INFO] [1783915939.863541041, 1997.822000000]: Footprint model 'polygon' loaded for trajectory optimization.
[INFO] [1783915940.467185097, 1998.422000000]: Footprint model 'polygon' loaded for trajectory optimization.
[INFO] [1783915941.068218228, 1999.022000000]: Footprint model 'polygon' loaded for trajectory optimization.
[INFO] [1783915942.956439600, 2000.910000000]: GOAL Reached!
[INFO] [1783915943.069629931, 2001.022000000]: Footprint model 'polygon' loaded for trajectory optimization.
[INFO] [1783915943.919511105, 2001.870000000]: Footprint model 'polygon' loaded for trajectory optimization.
[INFO] [1783915944.470450961, 2002.420000000]: Footprint model 'polygon' loaded for trajectory optimization.
[INFO] [1783915945.113458756, 2003.066000000]: Footprint model 'polygon' loaded for trajectory optimization.
[INFO] [1783915945.663981271, 2003.616000000]: Footprint model 'polygon' loaded for trajectory optimization.
[INFO] [1783915946.267533320, 2004.220000000]: Footprint model 'polygon' loaded for trajectory optimization.
[INFO] [1783915947.952825599, 2005.904000000]: GOAL Reached!
[INFO] [1783915948.063717331, 2006.014000000]: Footprint model 'polygon' loaded for trajectory optimization.
[INFO] [1783915948.902107685, 2006.850000000]: Footprint model 'polygon' loaded for trajectory optimization.
[INFO] [1783915949.505210614, 2007.452000000]: Footprint model 'polygon' loaded for trajectory optimization.
[INFO] [1783915950.104494161, 2008.052000000]: Footprint model 'polygon' loaded for trajectory optimization.
[INFO] [1783915950.703293488, 2008.650000000]: Footprint model 'polygon' loaded for trajectory optimization.
[INFO] [1783915952.445230891, 2010.390000000]: GOAL Reached!
[INFO] [1783915952.563751203, 2010.508000000]: Footprint model 'polygon' loaded for trajectory optimization.
[INFO] [1783915953.403951240, 2011.350000000]: Footprint model 'polygon' loaded for trajectory optimization.
[INFO] [1783915954.004853745, 2011.950000000]: Footprint model 'polygon' loaded for trajectory optimization.
[INFO] [1783915954.601589889, 2012.548000000]: Footprint model 'polygon' loaded for trajectory optimization.
[INFO] [1783915955.209036877, 2013.150000000]: Footprint model 'polygon' loaded for trajectory optimization.
[INFO] [1783915957.247557093, 2015.188000000]: GOAL Reached!
[INFO] [1783915957.360269885, 2015.300000000]: Footprint model 'polygon' loaded for trajectory optimization.
[INFO] [1783915958.208374527, 2016.150000000]: Footprint model 'polygon' loaded for trajectory optimization.
[INFO] [1783915958.800224970, 2016.740000000]: Footprint model 'polygon' loaded for trajectory optimization.
[INFO] [1783915959.399812415, 2017.338000000]: Footprint model 'polygon' loaded for trajectory optimization.
[INFO] [1783915959.997538582, 2017.938000000]: Footprint model 'polygon' loaded for trajectory optimization.
[INFO] [1783915961.643257697, 2019.578000000]: GOAL Reached!
[INFO] [1783915961.761299051, 2019.696000000]: Footprint model 'polygon' loaded for trajectory optimization.
[INFO] [1783915962.598022323, 2020.532000000]: Footprint model 'polygon' loaded for trajectory optimization.
[INFO] [1783915963.154456419, 2021.088000000]: Footprint model 'polygon' loaded for trajectory optimization.
[INFO] [1783915963.800586987, 2021.734000000]: Footprint model 'polygon' loaded for trajectory optimization.
[INFO] [1783915964.352543233, 2022.284000000]: Footprint model 'polygon' loaded for trajectory optimization.
[INFO] [1783915966.240037610, 2024.172000000]: GOAL Reached!
[INFO] [1783915966.353771399, 2024.286000000]: Footprint model 'polygon' loaded for trajectory optimization.
[INFO] [1783915967.198741781, 2025.128000000]: Footprint model 'polygon' loaded for trajectory optimization.
[INFO] [1783915967.744060255, 2025.674000000]: Footprint model 'polygon' loaded for trajectory optimization.
[INFO] [1783915968.343033821, 2026.272000000]: Footprint model 'polygon' loaded for trajectory optimization.
[INFO] [1783915968.994014000, 2026.922000000]: Footprint model 'polygon' loaded for trajectory optimization.
[INFO] [1783915970.933354563, 2028.860000000]: GOAL Reached!
[INFO] [1783915971.041538203, 2028.968000000]: Footprint model 'polygon' loaded for trajectory optimization.
[INFO] [1783915971.886670370, 2029.812000000]: Footprint model 'polygon' loaded for trajectory optimization.
[INFO] [1783915972.485335717, 2030.408000000]: Footprint model 'polygon' loaded for trajectory optimization.
[INFO] [1783915973.078583706, 2031.004000000]: Footprint model 'polygon' loaded for trajectory optimization.
[INFO] [1783915973.679599010, 2031.602000000]: Footprint model 'polygon' loaded for trajectory optimization.
[INFO] [1783915975.418746638, 2033.342000000]: GOAL Reached!
[INFO] [1783915975.537228645, 2033.458000000]: Footprint model 'polygon' loaded for trajectory optimization.
[INFO] [1783915976.393947598, 2034.314000000]: Footprint model 'polygon' loaded for trajectory optimization.
[INFO] [1783915976.979344157, 2034.898000000]: Footprint model 'polygon' loaded for trajectory optimization.
[INFO] [1783915977.573913102, 2035.494000000]: Footprint model 'polygon' loaded for trajectory optimization.
[INFO] [1783915978.175983532, 2036.094000000]: Footprint model 'polygon' loaded for trajectory optimization.
[INFO] [1783915980.016133100, 2037.934000000]: GOAL Reached!
[INFO] [1783915980.129289179, 2038.046000000]: Footprint model 'polygon' loaded for trajectory optimization.
[INFO] [1783915980.974932013, 2038.890000000]: Footprint model 'polygon' loaded for trajectory optimization.
[INFO] [1783915981.565825854, 2039.482000000]: Footprint model 'polygon' loaded for trajectory optimization.
[INFO] [1783915982.119294676, 2040.032000000]: Footprint model 'polygon' loaded for trajectory optimization.
[INFO] [1783915982.772125390, 2040.686000000]: Footprint model 'polygon' loaded for trajectory optimization.
[INFO] [1783915984.704984421, 2042.620000000]: GOAL Reached!
[INFO] [1783915984.827944142, 2042.742000000]: Footprint model 'polygon' loaded for trajectory optimization.
[INFO] [1783915985.677050676, 2043.590000000]: Footprint model 'polygon' loaded for trajectory optimization.
[INFO] [1783915986.274580875, 2044.188000000]: Footprint model 'polygon' loaded for trajectory optimization.
[INFO] [1783915986.824133559, 2044.736000000]: Footprint model 'polygon' loaded for trajectory optimization.
[INFO] [1783915987.423361470, 2045.334000000]: Footprint model 'polygon' loaded for trajectory optimization.
[INFO] [1783915989.412412794, 2047.322000000]: GOAL Reached!
[INFO] [1783915989.523398919, 2047.432000000]: Footprint model 'polygon' loaded for trajectory optimization.
[INFO] [1783915990.360628987, 2048.270000000]: Footprint model 'polygon' loaded for trajectory optimization.
[INFO] [1783915990.965750758, 2048.872000000]: Footprint model 'polygon' loaded for trajectory optimization.
[INFO] [1783915991.562673507, 2049.470000000]: Footprint model 'polygon' loaded for trajectory optimization.
[INFO] [1783915992.165009598, 2050.072000000]: Footprint model 'polygon' loaded for trajectory optimization.
[INFO] [1783915993.904221785, 2051.810000000]: GOAL Reached!
[INFO] [1783915994.022423753, 2051.926000000]: Footprint model 'polygon' loaded for trajectory optimization.
[INFO] [1783915994.870865167, 2052.776000000]: Footprint model 'polygon' loaded for trajectory optimization.
[INFO] [1783915995.420740266, 2053.322000000]: Footprint model 'polygon' loaded for trajectory optimization.
[INFO] [1783915996.065552502, 2053.966000000]: Footprint model 'polygon' loaded for trajectory optimization.
[INFO] [1783915996.666326702, 2054.568000000]: Footprint model 'polygon' loaded for trajectory optimization.
[INFO] [1783915998.507664658, 2056.408000000]: GOAL Reached!
[INFO] [1783915998.622555113, 2056.522000000]: Footprint model 'polygon' loaded for trajectory optimization.
[INFO] [1783915999.470650037, 2057.370000000]: Footprint model 'polygon' loaded for trajectory optimization.
[INFO] [1783916000.008740091, 2057.908000000]: Footprint model 'polygon' loaded for trajectory optimization.
[INFO] [1783916000.609953516, 2058.508000000]: Footprint model 'polygon' loaded for trajectory optimization.
[INFO] [1783916001.260120858, 2059.156000000]: Footprint model 'polygon' loaded for trajectory optimization.
[INFO] [1783916003.102426566, 2060.996000000]: GOAL Reached!
[INFO] [1783916003.221393518, 2061.114000000]: Footprint model 'polygon' loaded for trajectory optimization.
[INFO] [1783916004.057097858, 2061.950000000]: Footprint model 'polygon' loaded for trajectory optimization.
[INFO] [1783916004.614671397, 2062.506000000]: Footprint model 'polygon' loaded for trajectory optimization.
[INFO] [1783916005.216283638, 2063.110000000]: Footprint model 'polygon' loaded for trajectory optimization.
[INFO] [1783916005.810424529, 2063.706000000]: Footprint model 'polygon' loaded for trajectory optimization.
[INFO] [1783916007.604234432, 2065.494000000]: GOAL Reached!
[INFO] [1783916007.718008932, 2065.608000000]: Footprint model 'polygon' loaded for trajectory optimization.
[INFO] [1783916008.557441588, 2066.448000000]: Footprint model 'polygon' loaded for trajectory optimization.
[INFO] [1783916009.162020017, 2067.050000000]: Footprint model 'polygon' loaded for trajectory optimization.
[INFO] [1783916009.757675722, 2067.646000000]: Footprint model 'polygon' loaded for trajectory optimization.
[INFO] [1783916010.354683679, 2068.244000000]: Footprint model 'polygon' loaded for trajectory optimization.
[INFO] [1783916012.094654121, 2069.984000000]: GOAL Reached!
[INFO] [1783916012.208244336, 2070.096000000]: Footprint model 'polygon' loaded for trajectory optimization.
[INFO] [1783916013.044362920, 2070.930000000]: Footprint model 'polygon' loaded for trajectory optimization.
[INFO] [1783916013.598382009, 2071.486000000]: Footprint model 'polygon' loaded for trajectory optimization.
[INFO] [1783916014.246921644, 2072.132000000]: Footprint model 'polygon' loaded for trajectory optimization.
[INFO] [1783916014.799155812, 2072.684000000]: Footprint model 'polygon' loaded for trajectory optimization.
[INFO] [1783916016.589445773, 2074.472000000]: GOAL Reached!
[INFO] [1783916016.701833748, 2074.584000000]: Footprint model 'polygon' loaded for trajectory optimization.
[INFO] [1783916017.555144952, 2075.436000000]: Footprint model 'polygon' loaded for trajectory optimization.
[INFO] [1783916018.147062006, 2076.028000000]: Footprint model 'polygon' loaded for trajectory optimization.
[INFO] [1783916018.742597685, 2076.622000000]: Footprint model 'polygon' loaded for trajectory optimization.
[INFO] [1783916019.343641181, 2077.224000000]: Footprint model 'polygon' loaded for trajectory optimization.
[INFO] [1783916021.182817218, 2079.060000000]: GOAL Reached!
[INFO] [1783916021.293539938, 2079.170000000]: Footprint model 'polygon' loaded for trajectory optimization.
[INFO] [1783916022.134632844, 2080.012000000]: Footprint model 'polygon' loaded for trajectory optimization.
[INFO] [1783916022.733647138, 2080.610000000]: Footprint model 'polygon' loaded for trajectory optimization.
[INFO] [1783916023.288288602, 2081.164000000]: Footprint model 'polygon' loaded for trajectory optimization.
[INFO] [1783916023.935378348, 2081.810000000]: Footprint model 'polygon' loaded for trajectory optimization.
[INFO] [1783916025.675476191, 2083.550000000]: GOAL Reached!
[INFO] [1783916025.796293538, 2083.670000000]: Footprint model 'polygon' loaded for trajectory optimization.
[INFO] [1783916026.634944849, 2084.508000000]: Footprint model 'polygon' loaded for trajectory optimization.
[INFO] [1783916027.190276340, 2085.062000000]: Footprint model 'polygon' loaded for trajectory optimization.
[INFO] [1783916027.786551222, 2085.658000000]: Footprint model 'polygon' loaded for trajectory optimization.
[INFO] [1783916028.384847933, 2086.256000000]: Footprint model 'polygon' loaded for trajectory optimization.
[INFO] [1783916030.274881480, 2088.144000000]: GOAL Reached!
[INFO] [1783916030.397689649, 2088.266000000]: Footprint model 'polygon' loaded for trajectory optimization.
[INFO] [1783916031.241864146, 2089.110000000]: Footprint model 'polygon' loaded for trajectory optimization.
[INFO] [1783916031.834985571, 2089.704000000]: Footprint model 'polygon' loaded for trajectory optimization.
[INFO] [1783916032.388227412, 2090.258000000]: Footprint model 'polygon' loaded for trajectory optimization.
[INFO] [1783916033.039985219, 2090.904000000]: Footprint model 'polygon' loaded for trajectory optimization.
[INFO] [1783916034.776696827, 2092.642000000]: GOAL Reached!
[INFO] [1783916034.896795522, 2092.762000000]: Footprint model 'polygon' loaded for trajectory optimization.
[INFO] [1783916035.745925199, 2093.610000000]: Footprint model 'polygon' loaded for trajectory optimization.
[INFO] [1783916036.337934300, 2094.202000000]: Footprint model 'polygon' loaded for trajectory optimization.
[INFO] [1783916036.941084315, 2094.802000000]: Footprint model 'polygon' loaded for trajectory optimization.
[INFO] [1783916037.534055228, 2095.398000000]: Footprint model 'polygon' loaded for trajectory optimization.
[INFO] [1783916039.374091595, 2097.236000000]: GOAL Reached!
[INFO] [1783916039.497650926, 2097.358000000]: Footprint model 'polygon' loaded for trajectory optimization.
[INFO] [1783916040.331715409, 2098.192000000]: Footprint model 'polygon' loaded for trajectory optimization.
[INFO] [1783916040.934753422, 2098.794000000]: Footprint model 'polygon' loaded for trajectory optimization.
[INFO] [1783916041.535138954, 2099.394000000]: Footprint model 'polygon' loaded for trajectory optimization.
[INFO] [1783916042.087283974, 2099.946000000]: Footprint model 'polygon' loaded for trajectory optimization.
[INFO] [1783916043.974850400, 2101.832000000]: GOAL Reached!
[INFO] [1783916044.092869780, 2101.948000000]: Footprint model 'polygon' loaded for trajectory optimization.
[INFO] [1783916044.937224879, 2102.792000000]: Footprint model 'polygon' loaded for trajectory optimization.
[INFO] [1783916045.486161895, 2103.340000000]: Footprint model 'polygon' loaded for trajectory optimization.
[INFO] [1783916046.082698632, 2103.938000000]: Footprint model 'polygon' loaded for trajectory optimization.
[INFO] [1783916046.734803021, 2104.590000000]: Footprint model 'polygon' loaded for trajectory optimization.
[INFO] [1783916048.472404593, 2106.326000000]: GOAL Reached!
[INFO] [1783916048.586151868, 2106.440000000]: Footprint model 'polygon' loaded for trajectory optimization.
[INFO] [1783916049.435096511, 2107.290000000]: Footprint model 'polygon' loaded for trajectory optimization.
[INFO] [1783916049.986255969, 2107.838000000]: Footprint model 'polygon' loaded for trajectory optimization.
[INFO] [1783916050.627381124, 2108.480000000]: Footprint model 'polygon' loaded for trajectory optimization.
[INFO] [1783916051.228588614, 2109.076000000]: Footprint model 'polygon' loaded for trajectory optimization.
[INFO] [1783916053.165969764, 2111.016000000]: GOAL Reached!
[INFO] [1783916053.288937494, 2111.138000000]: Footprint model 'polygon' loaded for trajectory optimization.
[INFO] [1783916054.123316954, 2111.970000000]: Footprint model 'polygon' loaded for trajectory optimization.
[INFO] [1783916054.725368257, 2112.574000000]: Footprint model 'polygon' loaded for trajectory optimization.
[INFO] [1783916055.277768359, 2113.124000000]: Footprint model 'polygon' loaded for trajectory optimization.
[INFO] [1783916055.926080192, 2113.772000000]: Footprint model 'polygon' loaded for trajectory optimization.
[INFO] [1783916057.766562491, 2115.612000000]: GOAL Reached!
[INFO] [1783916057.888154888, 2115.732000000]: Footprint model 'polygon' loaded for trajectory optimization.
[INFO] [1783916058.726239152, 2116.570000000]: Footprint model 'polygon' loaded for trajectory optimization.
[INFO] [1783916059.332971057, 2117.174000000]: Footprint model 'polygon' loaded for trajectory optimization.
[INFO] [1783916059.929699219, 2117.770000000]: Footprint model 'polygon' loaded for trajectory optimization.
[INFO] [1783916060.527860255, 2118.368000000]: Footprint model 'polygon' loaded for trajectory optimization.
[INFO] [1783916062.365969759, 2120.208000000]: GOAL Reached!
[INFO] [1783916062.480240060, 2120.322000000]: Footprint model 'polygon' loaded for trajectory optimization.
[INFO] [1783916063.335346481, 2121.174000000]: Footprint model 'polygon' loaded for trajectory optimization.
[INFO] [1783916063.973550646, 2121.812000000]: Footprint model 'polygon' loaded for trajectory optimization.
[INFO] [1783916064.624418004, 2122.462000000]: Footprint model 'polygon' loaded for trajectory optimization.
[INFO] [1783916065.223996381, 2123.058000000]: Footprint model 'polygon' loaded for trajectory optimization.
[INFO] [1783916066.865282657, 2124.698000000]: GOAL Reached!
[INFO] [1783916066.981879516, 2124.814000000]: Footprint model 'polygon' loaded for trajectory optimization.
[INFO] [1783916067.836991297, 2125.670000000]: Footprint model 'polygon' loaded for trajectory optimization.
[INFO] [1783916068.375666417, 2126.210000000]: Footprint model 'polygon' loaded for trajectory optimization.
[INFO] [1783916069.028595597, 2126.862000000]: Footprint model 'polygon' loaded for trajectory optimization.
[INFO] [1783916069.575010188, 2127.408000000]: Footprint model 'polygon' loaded for trajectory optimization.
[INFO] [1783916071.563836508, 2129.396000000]: GOAL Reached!
[INFO] [1783916071.680075017, 2129.512000000]: Footprint model 'polygon' loaded for trajectory optimization.
[INFO] [1783916072.518532105, 2130.350000000]: Footprint model 'polygon' loaded for trajectory optimization.
[INFO] [1783916073.074565687, 2130.904000000]: Footprint model 'polygon' loaded for trajectory optimization.
[INFO] [1783916073.720690182, 2131.552000000]: Footprint model 'polygon' loaded for trajectory optimization.
[INFO] [1783916074.322109353, 2132.150000000]: Footprint model 'polygon' loaded for trajectory optimization.
[INFO] [1783916076.063700627, 2133.890000000]: GOAL Reached!
[INFO] [1783916076.184240474, 2134.010000000]: Footprint model 'polygon' loaded for trajectory optimization.
[INFO] [1783916077.025244255, 2134.852000000]: Footprint model 'polygon' loaded for trajectory optimization.
[INFO] [1783916077.623388105, 2135.448000000]: Footprint model 'polygon' loaded for trajectory optimization.
[INFO] [1783916078.171505690, 2135.998000000]: Footprint model 'polygon' loaded for trajectory optimization.
[INFO] [1783916078.823490507, 2136.648000000]: Footprint model 'polygon' loaded for trajectory optimization.
[INFO] [1783916080.561276802, 2138.386000000]: GOAL Reached!
[INFO] [1783916080.678384501, 2138.502000000]: Footprint model 'polygon' loaded for trajectory optimization.
[INFO] [1783916081.530135915, 2139.350000000]: Footprint model 'polygon' loaded for trajectory optimization.
[INFO] [1783916082.072532727, 2139.892000000]: Footprint model 'polygon' loaded for trajectory optimization.
[INFO] [1783916082.721729557, 2140.542000000]: Footprint model 'polygon' loaded for trajectory optimization.
[INFO] [1783916083.319276295, 2141.142000000]: Footprint model 'polygon' loaded for trajectory optimization.
[INFO] [1783916083.919784364, 2141.740000000]: Footprint model 'polygon' loaded for trajectory optimization.
[INFO] [1783916085.362613066, 2143.180000000]: GOAL Reached!
[INFO] [1783916085.480024342, 2143.298000000]: Footprint model 'polygon' loaded for trajectory optimization.
[INFO] [1783916086.333580270, 2144.150000000]: Footprint model 'polygon' loaded for trajectory optimization.
[INFO] [1783916086.918161364, 2144.738000000]: Footprint model 'polygon' loaded for trajectory optimization.
[INFO] [1783916087.517665538, 2145.336000000]: Footprint model 'polygon' loaded for trajectory optimization.
[INFO] [1783916088.120438618, 2145.936000000]: Footprint model 'polygon' loaded for trajectory optimization.
[INFO] [1783916089.960853308, 2147.776000000]: GOAL Reached!
[INFO] [1783916090.080959367, 2147.894000000]: Footprint model 'polygon' loaded for trajectory optimization.
[INFO] [1783916090.919219849, 2148.730000000]: Footprint model 'polygon' loaded for trajectory optimization.
[INFO] [1783916091.523790749, 2149.336000000]: Footprint model 'polygon' loaded for trajectory optimization.
[INFO] [1783916092.120419281, 2149.934000000]: Footprint model 'polygon' loaded for trajectory optimization.
[INFO] [1783916092.719681401, 2150.532000000]: Footprint model 'polygon' loaded for trajectory optimization.
[INFO] [1783916094.563013756, 2152.372000000]: GOAL Reached!
[INFO] [1783916094.682253978, 2152.490000000]: Footprint model 'polygon' loaded for trajectory optimization.
[INFO] [1783916095.519083585, 2153.330000000]: Footprint model 'polygon' loaded for trajectory optimization.
[INFO] [1783916096.074243182, 2153.882000000]: Footprint model 'polygon' loaded for trajectory optimization.
[INFO] [1783916096.723733453, 2154.530000000]: Footprint model 'polygon' loaded for trajectory optimization.
[INFO] [1783916097.323347019, 2155.130000000]: Footprint model 'polygon' loaded for trajectory optimization.
[INFO] [1783916099.261563103, 2157.068000000]: GOAL Reached!
[INFO] [1783916099.376332484, 2157.180000000]: Footprint model 'polygon' loaded for trajectory optimization.
[INFO] [1783916100.225352195, 2158.032000000]: Footprint model 'polygon' loaded for trajectory optimization.
[INFO] [1783916100.765544102, 2158.570000000]: Footprint model 'polygon' loaded for trajectory optimization.
[INFO] [1783916101.414027780, 2159.218000000]: Footprint model 'polygon' loaded for trajectory optimization.
[INFO] [1783916101.965859336, 2159.768000000]: Footprint model 'polygon' loaded for trajectory optimization.
[INFO] [1783916104.055115657, 2161.856000000]: GOAL Reached!
[INFO] [1783916104.174464542, 2161.974000000]: Footprint model 'polygon' loaded for trajectory optimization.
[INFO] [1783916105.010718934, 2162.810000000]: Footprint model 'polygon' loaded for trajectory optimization.
[INFO] [1783916105.611572071, 2163.412000000]: Footprint model 'polygon' loaded for trajectory optimization.
[INFO] [1783916106.164623638, 2163.962000000]: Footprint model 'polygon' loaded for trajectory optimization.
[INFO] [1783916106.766664525, 2164.564000000]: Footprint model 'polygon' loaded for trajectory optimization.
[INFO] [1783916108.757201026, 2166.550000000]: GOAL Reached!
[INFO] [1783916108.864012607, 2166.658000000]: Footprint model 'polygon' loaded for trajectory optimization.
[INFO] [1783916109.714819176, 2167.512000000]: Footprint model 'polygon' loaded for trajectory optimization.
[INFO] [1783916110.254283530, 2168.048000000]: Footprint model 'polygon' loaded for trajectory optimization.
[INFO] [1783916110.903282799, 2168.698000000]: Footprint model 'polygon' loaded for trajectory optimization.
[INFO] [1783916111.501845954, 2169.294000000]: Footprint model 'polygon' loaded for trajectory optimization.
[INFO] [1783916113.442353454, 2171.234000000]: GOAL Reached!
[INFO] [1783916113.560317153, 2171.352000000]: Footprint model 'polygon' loaded for trajectory optimization.
[INFO] [1783916114.398097377, 2172.190000000]: Footprint model 'polygon' loaded for trajectory optimization.
[INFO] [1783916114.999250709, 2172.790000000]: Footprint model 'polygon' loaded for trajectory optimization.
[INFO] [1783916115.554993506, 2173.344000000]: Footprint model 'polygon' loaded for trajectory optimization.
[INFO] [1783916116.201164473, 2173.990000000]: Footprint model 'polygon' loaded for trajectory optimization.
[INFO] [1783916117.940751748, 2175.728000000]: GOAL Reached!
[INFO] [1783916118.061905539, 2175.848000000]: Footprint model 'polygon' loaded for trajectory optimization.
[INFO] [1783916118.903790151, 2176.690000000]: Footprint model 'polygon' loaded for trajectory optimization.
[INFO] [1783916119.498737258, 2177.286000000]: Footprint model 'polygon' loaded for trajectory optimization.
[INFO] [1783916120.097671722, 2177.886000000]: Footprint model 'polygon' loaded for trajectory optimization.
[INFO] [1783916120.649918604, 2178.436000000]: Footprint model 'polygon' loaded for trajectory optimization.
[INFO] [1783916122.540613125, 2180.324000000]: GOAL Reached!
[INFO] [1783916122.652149587, 2180.434000000]: Footprint model 'polygon' loaded for trajectory optimization.
[INFO] [1783916123.506167769, 2181.290000000]: Footprint model 'polygon' loaded for trajectory optimization.
[INFO] [1783916124.092001469, 2181.876000000]: Footprint model 'polygon' loaded for trajectory optimization.
[INFO] [1783916124.692872279, 2182.476000000]: Footprint model 'polygon' loaded for trajectory optimization.
[INFO] [1783916125.294285775, 2183.076000000]: Footprint model 'polygon' loaded for trajectory optimization.
[INFO] [1783916125.896505410, 2183.676000000]: Footprint model 'polygon' loaded for trajectory optimization.
[INFO] [1783916127.532540934, 2185.314000000]: GOAL Reached!
[INFO] [1783916127.654134615, 2185.434000000]: Footprint model 'polygon' loaded for trajectory optimization.
[INFO] [1783916128.492772152, 2186.272000000]: Footprint model 'polygon' loaded for trajectory optimization.
[INFO] [1783916129.093873978, 2186.872000000]: Footprint model 'polygon' loaded for trajectory optimization.
[INFO] [1783916129.695206576, 2187.470000000]: Footprint model 'polygon' loaded for trajectory optimization.
[INFO] [1783916130.249584365, 2188.026000000]: Footprint model 'polygon' loaded for trajectory optimization.
[INFO] [1783916132.131673268, 2189.908000000]: GOAL Reached!
[INFO] [1783916132.256157670, 2190.030000000]: Footprint model 'polygon' loaded for trajectory optimization.
[INFO] [1783916133.095298710, 2190.870000000]: Footprint model 'polygon' loaded for trajectory optimization.
[INFO] [1783916133.699504618, 2191.472000000]: Footprint model 'polygon' loaded for trajectory optimization.
[INFO] [1783916134.294997648, 2192.068000000]: Footprint model 'polygon' loaded for trajectory optimization.
[INFO] [1783916134.850400886, 2192.620000000]: Footprint model 'polygon' loaded for trajectory optimization.
[INFO] [1783916136.736059690, 2194.508000000]: GOAL Reached!
[INFO] [1783916136.849237224, 2194.622000000]: Footprint model 'polygon' loaded for trajectory optimization.
[INFO] [1783916137.701124206, 2195.470000000]: Footprint model 'polygon' loaded for trajectory optimization.
[INFO] [1783916138.289288784, 2196.058000000]: Footprint model 'polygon' loaded for trajectory optimization.
[INFO] [1783916138.894561751, 2196.660000000]: Footprint model 'polygon' loaded for trajectory optimization.
[INFO] [1783916139.486512604, 2197.256000000]: Footprint model 'polygon' loaded for trajectory optimization.
[INFO] [1783916141.228567467, 2198.996000000]: GOAL Reached!
[INFO] [1783916141.351552347, 2199.118000000]: Footprint model 'polygon' loaded for trajectory optimization.
[INFO] [1783916142.204511221, 2199.970000000]: Footprint model 'polygon' loaded for trajectory optimization.
[INFO] [1783916142.743088648, 2200.508000000]: Footprint model 'polygon' loaded for trajectory optimization.
[INFO] [1783916143.390896073, 2201.154000000]: Footprint model 'polygon' loaded for trajectory optimization.
[INFO] [1783916143.939323682, 2201.704000000]: Footprint model 'polygon' loaded for trajectory optimization.
[INFO] [1783916145.828904438, 2203.592000000]: GOAL Reached!
[INFO] [1783916145.952088403, 2203.712000000]: Footprint model 'polygon' loaded for trajectory optimization.
[INFO] [1783916146.787039022, 2204.550000000]: Footprint model 'polygon' loaded for trajectory optimization.
[INFO] [1783916147.390422862, 2205.152000000]: Footprint model 'polygon' loaded for trajectory optimization.
[INFO] [1783916147.989866866, 2205.750000000]: Footprint model 'polygon' loaded for trajectory optimization.
[INFO] [1783916148.589681438, 2206.350000000]: Footprint model 'polygon' loaded for trajectory optimization.
[INFO] [1783916150.429144590, 2208.188000000]: GOAL Reached!
[INFO] [1783916150.548600664, 2208.306000000]: Footprint model 'polygon' loaded for trajectory optimization.
[INFO] [1783916151.390194660, 2209.150000000]: Footprint model 'polygon' loaded for trajectory optimization.
[INFO] [1783916151.990786368, 2209.746000000]: Footprint model 'polygon' loaded for trajectory optimization.
[INFO] [1783916152.587179415, 2210.342000000]: Footprint model 'polygon' loaded for trajectory optimization.
[INFO] [1783916153.137986861, 2210.894000000]: Footprint model 'polygon' loaded for trajectory optimization.
[INFO] [1783916155.028997044, 2212.782000000]: GOAL Reached!
[INFO] [1783916155.147507471, 2212.902000000]: Footprint model 'polygon' loaded for trajectory optimization.
[INFO] [1783916155.995369976, 2213.750000000]: Footprint model 'polygon' loaded for trajectory optimization.
[INFO] [1783916156.587936956, 2214.340000000]: Footprint model 'polygon' loaded for trajectory optimization.
[INFO] [1783916157.138911346, 2214.890000000]: Footprint model 'polygon' loaded for trajectory optimization.
[INFO] [1783916157.787301815, 2215.538000000]: Footprint model 'polygon' loaded for trajectory optimization.
[INFO] [1783916159.624654082, 2217.376000000]: GOAL Reached!
[INFO] [1783916159.745253404, 2217.494000000]: Footprint model 'polygon' loaded for trajectory optimization.
[INFO] [1783916160.581356468, 2218.330000000]: Footprint model 'polygon' loaded for trajectory optimization.
[INFO] [1783916161.185550663, 2218.934000000]: Footprint model 'polygon' loaded for trajectory optimization.
[INFO] [1783916161.789358757, 2219.536000000]: Footprint model 'polygon' loaded for trajectory optimization.
[INFO] [1783916162.386141040, 2220.134000000]: Footprint model 'polygon' loaded for trajectory optimization.
[INFO] [1783916164.027413285, 2221.772000000]: GOAL Reached!
[INFO] [1783916164.142022882, 2221.886000000]: Footprint model 'polygon' loaded for trajectory optimization.
[INFO] [1783916164.984496441, 2222.730000000]: Footprint model 'polygon' loaded for trajectory optimization.
[INFO] [1783916165.577089829, 2223.322000000]: Footprint model 'polygon' loaded for trajectory optimization.
[INFO] [1783916166.173849438, 2223.920000000]: Footprint model 'polygon' loaded for trajectory optimization.
[INFO] [1783916166.726798473, 2224.472000000]: Footprint model 'polygon' loaded for trajectory optimization.
[INFO] [1783916168.520420541, 2226.260000000]: GOAL Reached!
[INFO] [1783916168.630808611, 2226.370000000]: Footprint model 'polygon' loaded for trajectory optimization.
[INFO] [1783916169.470662944, 2227.210000000]: Footprint model 'polygon' loaded for trajectory optimization.
[INFO] [1783916170.020225899, 2227.758000000]: Footprint model 'polygon' loaded for trajectory optimization.
[INFO] [1783916170.669345137, 2228.408000000]: Footprint model 'polygon' loaded for trajectory optimization.
[INFO] [1783916171.264111897, 2229.004000000]: Footprint model 'polygon' loaded for trajectory optimization.
[INFO] [1783916173.006633004, 2230.744000000]: GOAL Reached!
[INFO] [1783916173.129627096, 2230.866000000]: Footprint model 'polygon' loaded for trajectory optimization.
[INFO] [1783916173.973248965, 2231.710000000]: Footprint model 'polygon' loaded for trajectory optimization.
[INFO] [1783916174.532058326, 2232.266000000]: Footprint model 'polygon' loaded for trajectory optimization.
[INFO] [1783916175.184208075, 2232.916000000]: Footprint model 'polygon' loaded for trajectory optimization.
[INFO] [1783916175.780307337, 2233.516000000]: Footprint model 'polygon' loaded for trajectory optimization.
[INFO] [1783916177.523246572, 2235.254000000]: GOAL Reached!
[INFO] [1783916177.632079615, 2235.362000000]: Footprint model 'polygon' loaded for trajectory optimization.
[INFO] [1783916178.479507772, 2236.210000000]: Footprint model 'polygon' loaded for trajectory optimization.
[INFO] [1783916179.019233338, 2236.750000000]: Footprint model 'polygon' loaded for trajectory optimization.
[INFO] [1783916179.667174968, 2237.398000000]: Footprint model 'polygon' loaded for trajectory optimization.
[INFO] [1783916180.268814903, 2237.998000000]: Footprint model 'polygon' loaded for trajectory optimization.
[INFO] [1783916182.008627275, 2239.736000000]: GOAL Reached!
[INFO] [1783916182.118502450, 2239.846000000]: Footprint model 'polygon' loaded for trajectory optimization.
[INFO] [1783916182.962660032, 2240.690000000]: Footprint model 'polygon' loaded for trajectory optimization.
[INFO] [1783916183.564192290, 2241.292000000]: Footprint model 'polygon' loaded for trajectory optimization.
[INFO] [1783916184.160073753, 2241.888000000]: Footprint model 'polygon' loaded for trajectory optimization.
[INFO] [1783916184.758476207, 2242.484000000]: Footprint model 'polygon' loaded for trajectory optimization.
[INFO] [1783916186.697142166, 2244.422000000]: GOAL Reached!
[INFO] [1783916186.819551614, 2244.544000000]: Footprint model 'polygon' loaded for trajectory optimization.
[INFO] [1783916187.666641231, 2245.390000000]: Footprint model 'polygon' loaded for trajectory optimization.
[INFO] [1783916188.266719647, 2245.988000000]: Footprint model 'polygon' loaded for trajectory optimization.
[INFO] [1783916188.815424482, 2246.536000000]: Footprint model 'polygon' loaded for trajectory optimization.
[INFO] [1783916189.416628165, 2247.136000000]: Footprint model 'polygon' loaded for trajectory optimization.
[INFO] [1783916191.302176034, 2249.024000000]: GOAL Reached!
[INFO] [1783916191.419505340, 2249.140000000]: Footprint model 'polygon' loaded for trajectory optimization.
[INFO] [1783916192.273905443, 2249.994000000]: Footprint model 'polygon' loaded for trajectory optimization.
[INFO] [1783916192.859579578, 2250.580000000]: Footprint model 'polygon' loaded for trajectory optimization.
[INFO] [1783916193.457762740, 2251.178000000]: Footprint model 'polygon' loaded for trajectory optimization.
[INFO] [1783916194.059966808, 2251.776000000]: Footprint model 'polygon' loaded for trajectory optimization.
[INFO] [1783916195.901236144, 2253.616000000]: GOAL Reached!
[INFO] [1783916196.021788163, 2253.738000000]: Footprint model 'polygon' loaded for trajectory optimization.
[INFO] [1783916196.856752455, 2254.572000000]: Footprint model 'polygon' loaded for trajectory optimization.
[INFO] [1783916197.411769615, 2255.128000000]: Footprint model 'polygon' loaded for trajectory optimization.
[INFO] [1783916198.012556524, 2255.726000000]: Footprint model 'polygon' loaded for trajectory optimization.
[INFO] [1783916198.663703721, 2256.376000000]: Footprint model 'polygon' loaded for trajectory optimization.
[INFO] [1783916200.401465062, 2258.114000000]: GOAL Reached!
[INFO] [1783916200.520000207, 2258.232000000]: Footprint model 'polygon' loaded for trajectory optimization.
[INFO] [1783916201.360522176, 2259.068000000]: Footprint model 'polygon' loaded for trajectory optimization.
[INFO] [1783916201.961802345, 2259.672000000]: Footprint model 'polygon' loaded for trajectory optimization.
[INFO] [1783916202.513565254, 2260.222000000]: Footprint model 'polygon' loaded for trajectory optimization.
[INFO] [1783916203.161396654, 2260.872000000]: Footprint model 'polygon' loaded for trajectory optimization.
[INFO] [1783916204.899936561, 2262.610000000]: GOAL Reached!
[INFO] [1783916205.024358983, 2262.732000000]: Footprint model 'polygon' loaded for trajectory optimization.
[INFO] [1783916205.883711343, 2263.592000000]: Footprint model 'polygon' loaded for trajectory optimization.
[INFO] [1783916206.422891239, 2264.130000000]: Footprint model 'polygon' loaded for trajectory optimization.
[INFO] [1783916207.070266213, 2264.778000000]: Footprint model 'polygon' loaded for trajectory optimization.
[INFO] [1783916207.621247378, 2265.326000000]: Footprint model 'polygon' loaded for trajectory optimization.
[INFO] [1783916209.508179805, 2267.214000000]: GOAL Reached!
[INFO] [1783916209.624159449, 2267.328000000]: Footprint model 'polygon' loaded for trajectory optimization.
[INFO] [1783916210.467943441, 2268.172000000]: Footprint model 'polygon' loaded for trajectory optimization.
[INFO] [1783916211.064189974, 2268.768000000]: Footprint model 'polygon' loaded for trajectory optimization.
[INFO] [1783916211.613825336, 2269.316000000]: Footprint model 'polygon' loaded for trajectory optimization.
[INFO] [1783916212.262761250, 2269.964000000]: Footprint model 'polygon' loaded for trajectory optimization.
[INFO] [1783916214.204822433, 2271.904000000]: GOAL Reached!
[INFO] [1783916214.315529191, 2272.014000000]: Footprint model 'polygon' loaded for trajectory optimization.
[INFO] [1783916215.152766293, 2272.852000000]: Footprint model 'polygon' loaded for trajectory optimization.
[INFO] [1783916215.704751577, 2273.404000000]: Footprint model 'polygon' loaded for trajectory optimization.
[INFO] [1783916216.305362625, 2274.002000000]: Footprint model 'polygon' loaded for trajectory optimization.
[INFO] [1783916216.952039019, 2274.650000000]: Footprint model 'polygon' loaded for trajectory optimization.
[INFO] [1783916218.796285368, 2276.490000000]: GOAL Reached!
[INFO] [1783916218.912300027, 2276.606000000]: Footprint model 'polygon' loaded for trajectory optimization.
[INFO] [1783916219.939562774, 2277.634000000]: Footprint model 'polygon' loaded for trajectory optimization.
[INFO] [1783916220.770706010, 2278.462000000]: Footprint model 'polygon' loaded for trajectory optimization.
[INFO] [1783916221.375513804, 2279.066000000]: Footprint model 'polygon' loaded for trajectory optimization.
[INFO] [1783916221.971895267, 2279.666000000]: Footprint model 'polygon' loaded for trajectory optimization.
[INFO] [1783916222.524130374, 2280.216000000]: Footprint model 'polygon' loaded for trajectory optimization.
[INFO] [1783916223.175524230, 2280.866000000]: Footprint model 'polygon' loaded for trajectory optimization.
[INFO] [1783916224.819324035, 2282.510000000]: GOAL Reached!
[INFO] [1783916224.942927987, 2282.634000000]: Footprint model 'polygon' loaded for trajectory optimization.
[INFO] [1783916225.795084539, 2283.482000000]: Footprint model 'polygon' loaded for trajectory optimization.
[INFO] [1783916226.383321480, 2284.072000000]: Footprint model 'polygon' loaded for trajectory optimization.
[INFO] [1783916226.932334994, 2284.620000000]: Footprint model 'polygon' loaded for trajectory optimization.
[INFO] [1783916227.576792920, 2285.266000000]: Footprint model 'polygon' loaded for trajectory optimization.
[INFO] [1783916228.182377861, 2285.868000000]: Footprint model 'polygon' loaded for trajectory optimization.
[INFO] [1783916230.583880898, 2288.266000000]: Footprint model 'polygon' loaded for trajectory optimization.
[INFO] [1783916234.029898262, 2291.710000000]: GOAL Reached!
[INFO] [1783916234.146438651, 2291.826000000]: Footprint model 'polygon' loaded for trajectory optimization.
[INFO] [1783916234.981582908, 2292.662000000]: Footprint model 'polygon' loaded for trajectory optimization.
[INFO] [1783916235.587388635, 2293.266000000]: Footprint model 'polygon' loaded for trajectory optimization.
[INFO] [1783916236.139484480, 2293.818000000]: Footprint model 'polygon' loaded for trajectory optimization.
[INFO] [1783916236.794331928, 2294.470000000]: Footprint model 'polygon' loaded for trajectory optimization.
[INFO] [1783916237.395922368, 2295.072000000]: Footprint model 'polygon' loaded for trajectory optimization.
[INFO] [1783916240.831064499, 2298.506000000]: GOAL Reached!
[INFO] [1783916240.953432761, 2298.628000000]: Footprint model 'polygon' loaded for trajectory optimization.
[INFO] [1783916241.886573914, 2299.560000000]: Footprint model 'polygon' loaded for trajectory optimization.
[INFO] [1783916242.730919716, 2300.402000000]: Footprint model 'polygon' loaded for trajectory optimization.
[INFO] [1783916243.273146400, 2300.942000000]: Footprint model 'polygon' loaded for trajectory optimization.
[INFO] [1783916243.871110233, 2301.542000000]: Footprint model 'polygon' loaded for trajectory optimization.
[INFO] [1783916244.518533102, 2302.190000000]: Footprint model 'polygon' loaded for trajectory optimization.
[INFO] [1783916245.120318835, 2302.790000000]: Footprint model 'polygon' loaded for trajectory optimization.
[INFO] [1783916246.765886206, 2304.436000000]: GOAL Reached!
[INFO] [1783916246.876525318, 2304.546000000]: Footprint model 'polygon' loaded for trajectory optimization.
[INFO] [1783916247.715794938, 2305.384000000]: Footprint model 'polygon' loaded for trajectory optimization.
[INFO] [1783916248.323137189, 2305.990000000]: Footprint model 'polygon' loaded for trajectory optimization.
[INFO] [1783916248.865275773, 2306.534000000]: Footprint model 'polygon' loaded for trajectory optimization.
[INFO] [1783916249.513394350, 2307.182000000]: Footprint model 'polygon' loaded for trajectory optimization.
[INFO] [1783916250.115287293, 2307.782000000]: Footprint model 'polygon' loaded for trajectory optimization.
[INFO] [1783916252.516095390, 2310.180000000]: Footprint model 'polygon' loaded for trajectory optimization.
[INFO] [1783916256.062176135, 2313.724000000]: GOAL Reached!
[INFO] [1783916256.173759546, 2313.834000000]: Footprint model 'polygon' loaded for trajectory optimization.
[INFO] [1783916257.021147770, 2314.682000000]: Footprint model 'polygon' loaded for trajectory optimization.
[INFO] [1783916257.614916522, 2315.274000000]: Footprint model 'polygon' loaded for trajectory optimization.
[INFO] [1783916258.217547531, 2315.878000000]: Footprint model 'polygon' loaded for trajectory optimization.
[INFO] [1783916258.817941792, 2316.476000000]: Footprint model 'polygon' loaded for trajectory optimization.
[INFO] [1783916259.422274969, 2317.078000000]: Footprint model 'polygon' loaded for trajectory optimization.
[INFO] [1783916262.860653504, 2320.514000000]: GOAL Reached!
[INFO] [1783916262.986620750, 2320.640000000]: Footprint model 'polygon' loaded for trajectory optimization.
[INFO] [1783916264.017935140, 2321.670000000]: Footprint model 'polygon' loaded for trajectory optimization.
[INFO] [1783916264.850179611, 2322.502000000]: Footprint model 'polygon' loaded for trajectory optimization.
[INFO] [1783916265.404136685, 2323.054000000]: Footprint model 'polygon' loaded for trajectory optimization.
[INFO] [1783916266.054055151, 2323.702000000]: Footprint model 'polygon' loaded for trajectory optimization.
[INFO] [1783916266.651764998, 2324.300000000]: Footprint model 'polygon' loaded for trajectory optimization.
[INFO] [1783916267.253663407, 2324.902000000]: Footprint model 'polygon' loaded for trajectory optimization.
[INFO] [1783916268.998520345, 2326.646000000]: GOAL Reached!
[INFO] [1783916269.114246899, 2326.762000000]: Footprint model 'polygon' loaded for trajectory optimization.
[INFO] [1783916269.954875928, 2327.602000000]: Footprint model 'polygon' loaded for trajectory optimization.
[INFO] [1783916270.556725858, 2328.200000000]: Footprint model 'polygon' loaded for trajectory optimization.
[INFO] [1783916271.156172078, 2328.800000000]: Footprint model 'polygon' loaded for trajectory optimization.
[INFO] [1783916271.753823458, 2329.398000000]: Footprint model 'polygon' loaded for trajectory optimization.
[INFO] [1783916272.355411576, 2329.998000000]: Footprint model 'polygon' loaded for trajectory optimization.
[INFO] [1783916275.202176090, 2332.842000000]: GOAL Reached!
[INFO] [1783916275.322578320, 2332.962000000]: Footprint model 'polygon' loaded for trajectory optimization.
[INFO] [1783916276.162453414, 2333.802000000]: Footprint model 'polygon' loaded for trajectory optimization.
[INFO] [1783916276.763870490, 2334.404000000]: Footprint model 'polygon' loaded for trajectory optimization.
[INFO] [1783916277.362574486, 2335.002000000]: Footprint model 'polygon' loaded for trajectory optimization.
[INFO] [1783916277.963736356, 2335.600000000]: Footprint model 'polygon' loaded for trajectory optimization.
[INFO] [1783916278.566132711, 2336.202000000]: Footprint model 'polygon' loaded for trajectory optimization.
[INFO] [1783916280.964057634, 2338.600000000]: Footprint model 'polygon' loaded for trajectory optimization.
[INFO] [1783916285.612907856, 2343.244000000]: GOAL Reached!
[INFO] [1783916285.739296633, 2343.370000000]: Footprint model 'polygon' loaded for trajectory optimization.
[INFO] [1783916286.571324824, 2344.202000000]: Footprint model 'polygon' loaded for trajectory optimization.
[INFO] [1783916287.136942175, 2344.766000000]: Footprint model 'polygon' loaded for trajectory optimization.
[INFO] [1783916287.784406489, 2345.412000000]: Footprint model 'polygon' loaded for trajectory optimization.
[INFO] [1783916288.386116083, 2346.014000000]: Footprint model 'polygon' loaded for trajectory optimization.
[INFO] [1783916288.985002745, 2346.612000000]: Footprint model 'polygon' loaded for trajectory optimization.
[INFO] [1783916291.383455270, 2349.008000000]: Footprint model 'polygon' loaded for trajectory optimization.
[INFO] [1783916293.026967950, 2350.650000000]: GOAL Reached!
[INFO] [1783916293.154392876, 2350.776000000]: Footprint model 'polygon' loaded for trajectory optimization.
[INFO] [1783916293.979415740, 2351.602000000]: Footprint model 'polygon' loaded for trajectory optimization.
[INFO] [1783916294.588691496, 2352.212000000]: Footprint model 'polygon' loaded for trajectory optimization.
[INFO] [1783916295.190269160, 2352.812000000]: Footprint model 'polygon' loaded for trajectory optimization.
[INFO] [1783916295.788366483, 2353.410000000]: Footprint model 'polygon' loaded for trajectory optimization.
[INFO] [1783916296.387855942, 2354.010000000]: Footprint model 'polygon' loaded for trajectory optimization.
[INFO] [1783916298.792370443, 2356.410000000]: Footprint model 'polygon' loaded for trajectory optimization.
[INFO] [1783916302.137720901, 2359.754000000]: GOAL Reached!
[INFO] [1783916302.263430919, 2359.878000000]: Footprint model 'polygon' loaded for trajectory optimization.
[INFO] [1783916303.106265391, 2360.722000000]: Footprint model 'polygon' loaded for trajectory optimization.
[INFO] [1783916303.701864671, 2361.314000000]: Footprint model 'polygon' loaded for trajectory optimization.
[INFO] [1783916304.302241367, 2361.916000000]: Footprint model 'polygon' loaded for trajectory optimization.
[INFO] [1783916304.902150169, 2362.514000000]: Footprint model 'polygon' loaded for trajectory optimization.
[INFO] [1783916305.453554622, 2363.066000000]: Footprint model 'polygon' loaded for trajectory optimization.
[INFO] [1783916307.901902426, 2365.514000000]: Footprint[WARN] [1783916320.129511, 2377.728000]: training environment stop requested: adapter_close
schema_version: '1.0'
task: T12
status: passed
run_id: t12_residual_training_seed101
algorithm: RL-TEB-Eta-FullSafety
training_seed: 101
safety_mode: T12Safety
episode_count: 509
step_count: 2116
failure_count: 0
run_validation:
  valid: true
  run_id: t12_residual_training_seed101
  episode_count: 509
  step_count: 2116
  verified_checksum_count: 4
selected_checkpoint: /home/robot/robot_ws_base_rl/artifacts/t12/residual_training/runs/t12_residual_training_seed101/checkpoints/step_001000
passed: true
acceptance_override: true

 model 'polygon' loaded for trajectory optimization.
[INFO] [1783916311.150177012, 2368.758000000]: GOAL Reached!
[INFO] [1783916311.275327224, 2368.882000000]: Footprint model 'polygon' loaded for trajectory optimization.
[INFO] [1783916312.116495472, 2369.722000000]: Footprint model 'polygon' loaded for trajectory optimization.
[INFO] [1783916312.715246474, 2370.322000000]: Footprint model 'polygon' loaded for trajectory optimization.
[INFO] [1783916313.267820540, 2370.874000000]: Footprint model 'polygon' loaded for trajectory optimization.
[INFO] [1783916313.863991423, 2371.470000000]: Footprint model 'polygon' loaded for trajectory optimization.
[INFO] [1783916314.467435135, 2372.072000000]: Footprint model 'polygon' loaded for trajectory optimization.
[INFO] [1783916315.116445197, 2372.718000000]: Footprint model 'polygon' loaded for trajectory optimization.
[INFO] [1783916318.758626152, 2376.360000000]: GOAL Reached!
[INFO] [1783916318.887653669, 2376.488000000]: Footprint model 'polygon' loaded for trajectory optimization.
[INFO] [1783916320.168431927, 2377.768000000]: Footprint model 'polygon' loaded for trajectory optimization.
[INFO] [1783916320.185766711, 2377.784000000]: Footprint model 'polygon' loaded for trajectory optimization.
[INFO] [1783913939.133685000]: Finished loading Gazebo ROS API Plugin.
[INFO] [1783913939.134282431]: waitForService: Service [/gazebo/set_physics_properties] has not been advertised, waiting...
[INFO] [1783913939.815212084, 0.006000000]: waitForService: Service [/gazebo/set_physics_properties] is now available.
[INFO] [1783913939.849881124, 0.038000000]: Physics dynamic reconfigure ready.
[INFO] [1783913940.049201975, 0.178000000]: <initialOrientationAsReference> is unset, using default value of false to comply with REP 145 (world as orientation reference)
[INFO] [1783913940.049247504, 0.178000000]: <robotNamespace> set to: //
[INFO] [1783913940.049256016, 0.178000000]: <topicName> set to: imu/data
[INFO] [1783913940.049261844, 0.178000000]: <frameName> set to: imu_link
[INFO] [1783913940.049282279, 0.178000000]: <updateRateHZ> set to: 50
[INFO] [1783913940.049290173, 0.178000000]: <gaussianNoise> set to: 0
[INFO] [1783913940.049313240, 0.178000000]: <xyzOffset> set to: 0 0 0
[INFO] [1783913940.049329065, 0.178000000]: <rpyOffset> set to: 0 -0 0
[INFO] [1783913940.169356218, 0.178000000]: Laser Plugin: Using the 'robotNamespace' param: '/'
[INFO] [1783913940.169382170, 0.178000000]: Starting Laser Plugin (ns = /)
[INFO] [1783913940.170254885, 0.178000000]: Laser Plugin (ns = /)  <tf_prefix_>, set to ""
[INFO] [1783913940.279594170, 0.178000000]: M2 simulation-only Ackermann interface loaded; cmd_angle_instead_rotvel=false
[31mWARNING: disk usage in log directory [/home/robot/.ros/log] is over 1GB.
It's recommended that you use the 'rosclean' command.[0m
WARNING: Package name "gazebo_ros_2Dmap_plugin" does not follow the naming conventions. It should start with a lower case letter and only contain lower case letters, digits, underscores, and dashes.
WARNING: Package name "gazebo_ros_2Dmap_plugin" does not follow the naming conventions. It should start with a lower case letter and only contain lower case letters, digits, underscores, and dashes.
[31m================================================================================REQUIRED process [t11_formal_run-6] has died!
process has finished cleanly
log file: /home/robot/.ros/log/614cbc80-7e6c-11f1-91bc-3382cc4c3ed1/t11_formal_run-6*.log
Initiating shutdown!
================================================================================[0m
[1m[spawn_m2-3] process has finished cleanly
log file: /home/robot/.ros/log/614cbc80-7e6c-11f1-91bc-3382cc4c3ed1/spawn_m2-3*.log[0m
[t11_formal_run-6] killing on exit
[move_base-5] killing on exit
[m2_robot_state_publisher-4] killing on exit
[gazebo-2] killing on exit
[rosout-1] killing on exit
[master] killing on exit
shutting down processing monitor...
... shutting down processing monitor complete
[1mdone[0m
