WARNING: Package name "gazebo_ros_2Dmap_plugin" does not follow the naming conventions. It should start with a lower case letter and only contain lower case letters, digits, underscores, and dashes.
xacro: in-order processing became default in ROS Melodic. You can drop the option.
WARNING: Package name "gazebo_ros_2Dmap_plugin" does not follow the naming conventions. It should start with a lower case letter and only contain lower case letters, digits, underscores, and dashes.
WARNING: Package name "gazebo_ros_2Dmap_plugin" does not follow the naming conventions. It should start with a lower case letter and only contain lower case letters, digits, underscores, and dashes.
[INFO] [1783916323.960784, 0.000000]: Loading model XML from ros parameter robot_description
[INFO] [1783916323.965364, 0.000000]: Waiting for service /gazebo/spawn_urdf_model
[INFO] [1783916324.870674, 0.148000]: Calling service /gazebo/spawn_urdf_model
[INFO] [1783916325.072401, 0.178000]: Spawn status: SpawnModel: Successfully spawned entity
... logging to /home/robot/.ros/log/eec9b4be-7e71-11f1-91bc-3382cc4c3ed1/roslaunch-WP-836740.log
Checking log directory for disk usage. This may take a while.
Press Ctrl-C to interrupt
]2;/home/robot/robot_ws_base_rl/src/tools/thesis_experiment/launch/t11_formal_run.launch
[1mstarted roslaunch server http://WP:33001/[0m

SUMMARY
========

PARAMETERS
 * /gazebo/enable_ros_network: True
 * /m2_gazebo/simulation_only: True
 * /m2_robot_state_publisher/publish_frequency: 30.0
 * /move_base/TebLocalPlannerROS/acc_lim_theta: 0.8
 * /move_base/TebLocalPlannerROS/acc_lim_x: 0.8
 * /move_base/TebLocalPlannerROS/allow_init_with_backwards_motion: True
 * /move_base/TebLocalPlannerROS/cmd_angle_instead_rotvel: False
 * /move_base/TebLocalPlannerROS/costmap_obstacles_behind_robot_dist: 1.5
 * /move_base/TebLocalPlannerROS/dt_hysteresis: 0.1
 * /move_base/TebLocalPlannerROS/dt_ref: 0.3
 * /move_base/TebLocalPlannerROS/enable_homotopy_class_planning: False
 * /move_base/TebLocalPlannerROS/enable_multithreading: True
 * /move_base/TebLocalPlannerROS/feasibility_check_no_poses: 5
 * /move_base/TebLocalPlannerROS/footprint_model/type: polygon
 * /move_base/TebLocalPlannerROS/footprint_model/vertices: [[0.52, 0.35], [0...
 * /move_base/TebLocalPlannerROS/global_plan_overwrite_orientation: True
 * /move_base/TebLocalPlannerROS/include_costmap_obstacles: True
 * /move_base/TebLocalPlannerROS/inflation_dist: 0.55
 * /move_base/TebLocalPlannerROS/map_frame: odom
 * /move_base/TebLocalPlannerROS/max_global_plan_lookahead_dist: 8.0
 * /move_base/TebLocalPlannerROS/max_number_classes: 4
 * /move_base/TebLocalPlannerROS/max_samples: 500
 * /move_base/TebLocalPlannerROS/max_vel_theta: 1.0
 * /move_base/TebLocalPlannerROS/max_vel_x: 1.2
 * /move_base/TebLocalPlannerROS/max_vel_x_backwards: 0.6
 * /move_base/TebLocalPlannerROS/max_vel_y: 0.0
 * /move_base/TebLocalPlannerROS/min_obstacle_dist: 0.25
 * /move_base/TebLocalPlannerROS/min_turning_radius: 1.2
 * /move_base/TebLocalPlannerROS/obstacle_poses_affected: 15
 * /move_base/TebLocalPlannerROS/odom_topic: /odom
 * /move_base/TebLocalPlannerROS/teb_autosize: True
 * /move_base/TebLocalPlannerROS/weight_acc_lim_theta: 1.0
 * /move_base/TebLocalPlannerROS/weight_acc_lim_x: 1.0
 * /move_base/TebLocalPlannerROS/weight_adapt_factor: 2.0
 * /move_base/TebLocalPlannerROS/weight_inflation: 0.1
 * /move_base/TebLocalPlannerROS/weight_kinematics_forward_drive: 10.0
 * /move_base/TebLocalPlannerROS/weight_kinematics_nh: 1000.0
 * /move_base/TebLocalPlannerROS/weight_kinematics_turning_radius: 10.0
 * /move_base/TebLocalPlannerROS/weight_max_vel_theta: 1.0
 * /move_base/TebLocalPlannerROS/weight_max_vel_x: 2.0
 * /move_base/TebLocalPlannerROS/weight_obstacle: 50.0
 * /move_base/TebLocalPlannerROS/weight_optimaltime: 1.0
 * /move_base/TebLocalPlannerROS/weight_viapoint: 1.0
 * /move_base/TebLocalPlannerROS/wheelbase: 0.65
 * /move_base/base_global_planner: navfn/NavfnROS
 * /move_base/base_local_planner: teb_local_planner...
 * /move_base/clearing_rotation_allowed: False
 * /move_base/controller_frequency: 10.0
 * /move_base/controller_patience: 5.0
 * /move_base/global_costmap/footprint: [[0.52, 0.35], [0...
 * /move_base/global_costmap/footprint_padding: 0.05
 * /move_base/global_costmap/global_frame: odom
 * /move_base/global_costmap/height: 30.0
 * /move_base/global_costmap/inflation_layer/cost_scaling_factor: 4.0
 * /move_base/global_costmap/inflation_layer/enabled: True
 * /move_base/global_costmap/inflation_layer/inflation_radius: 0.55
 * /move_base/global_costmap/obstacle_layer/enabled: True
 * /move_base/global_costmap/obstacle_layer/observation_sources: scan
 * /move_base/global_costmap/obstacle_layer/scan/clearing: True
 * /move_base/global_costmap/obstacle_layer/scan/data_type: LaserScan
 * /move_base/global_costmap/obstacle_layer/scan/inf_is_valid: True
 * /move_base/global_costmap/obstacle_layer/scan/marking: True
 * /move_base/global_costmap/obstacle_layer/scan/obstacle_range: 12.0
 * /move_base/global_costmap/obstacle_layer/scan/raytrace_range: 15.0
 * /move_base/global_costmap/obstacle_layer/scan/sensor_frame: laser_link
 * /move_base/global_costmap/obstacle_layer/scan/topic: /scan
 * /move_base/global_costmap/plugins: [{'name': 'obstac...
 * /move_base/global_costmap/publish_frequency: 2.0
 * /move_base/global_costmap/resolution: 0.05
 * /move_base/global_costmap/robot_base_frame: base_link
 * /move_base/global_costmap/rolling_window: True
 * /move_base/global_costmap/transform_tolerance: 0.3
 * /move_base/global_costmap/update_frequency: 5.0
 * /move_base/global_costmap/width: 30.0
 * /move_base/local_costmap/footprint: [[0.52, 0.35], [0...
 * /move_base/local_costmap/footprint_padding: 0.05
 * /move_base/local_costmap/global_frame: odom
 * /move_base/local_costmap/height: 12.0
 * /move_base/local_costmap/inflation_layer/cost_scaling_factor: 4.0
 * /move_base/local_costmap/inflation_layer/enabled: True
 * /move_base/local_costmap/inflation_layer/inflation_radius: 0.55
 * /move_base/local_costmap/obstacle_layer/enabled: True
 * /move_base/local_costmap/obstacle_layer/observation_sources: scan
 * /move_base/local_costmap/obstacle_layer/scan/clearing: True
 * /move_base/local_costmap/obstacle_layer/scan/data_type: LaserScan
 * /move_base/local_costmap/obstacle_layer/scan/inf_is_valid: True
 * /move_base/local_costmap/obstacle_layer/scan/marking: True
 * /move_base/local_costmap/obstacle_layer/scan/obstacle_range: 12.0
 * /move_base/local_costmap/obstacle_layer/scan/raytrace_range: 15.0
 * /move_base/local_costmap/obstacle_layer/scan/sensor_frame: laser_link
 * /move_base/local_costmap/obstacle_layer/scan/topic: /scan
 * /move_base/local_costmap/plugins: [{'name': 'obstac...
 * /move_base/local_costmap/publish_frequency: 5.0
 * /move_base/local_costmap/resolution: 0.05
 * /move_base/local_costmap/robot_base_frame: base_link
 * /move_base/local_costmap/rolling_window: True
 * /move_base/local_costmap/transform_tolerance: 0.3
 * /move_base/local_costmap/update_frequency: 10.0
 * /move_base/local_costmap/width: 12.0
 * /move_base/oscillation_distance: 0.2
 * /move_base/oscillation_timeout: 10.0
 * /move_base/planner_frequency: 1.0
 * /move_base/planner_patience: 5.0
 * /move_base/recovery_behavior_enabled: False
 * /move_base/shutdown_costmaps: False
 * /robot_description: <?xml version="1....
 * /rosdistro: noetic
 * /rosversion: 1.17.4
 * /t11_formal_run/acceptance_eval_seed_limit: 1
 * /t11_formal_run/acceptance_timesteps: 2000
 * /t11_formal_run/algorithm: RL-TEB-Semantic-Eta
 * /t11_formal_run/checkpoint: 
 * /t11_formal_run/config: /home/robot/robot...
 * /t11_formal_run/evaluation_seed_override: 0
 * /t11_formal_run/output_dir: /home/robot/robot...
 * /t11_formal_run/phase: train
 * /t11_formal_run/residual_config: /home/robot/robot...
 * /t11_formal_run/run_id: t12_residual_trai...
 * /t11_formal_run/safety_mode: T12Safety
 * /t11_formal_run/scene_manifest: 
 * /t11_formal_run/semantic_mode: residual_training
 * /t11_formal_run/t12_safety_config: /home/robot/robot...
 * /t11_formal_run/task: T12
 * /t11_formal_run/training_seed: 102
 * /t11_formal_run/zero_action_policy: False
 * /use_sim_time: True

NODES
  /
    gazebo (gazebo_ros/gzserver)
    m2_robot_state_publisher (robot_state_publisher/robot_state_publisher)
    move_base (move_base/move_base)
    spawn_m2 (gazebo_ros/spawn_model)
    t11_formal_run (thesis_experiment/t11_formal_run.py)

auto-starting new master
[1mprocess[master]: started with pid [836828][0m
[1mROS_MASTER_URI=http://localhost:11311[0m
]2;/home/robot/robot_ws_base_rl/src/tools/thesis_experiment/launch/t11_formal_run.launch http://localhost:11311
[1msetting /run_id to eec9b4be-7e71-11f1-91bc-3382cc4c3ed1[0m
[1mprocess[rosout-1]: started with pid [836880][0m
started core service [/rosout]
[1mprocess[gazebo-2]: started with pid [836887][0m
[1mprocess[spawn_m2-3]: started with pid [836891][0m
[1mprocess[m2_robot_state_publisher-4]: started with pid [836893][0m
[1mprocess[move_base-5]: started with pid [836894][0m
[1mprocess[t11_formal_run-6]: started with pid [836895][0m
[INFO] [1783916325.406583460, 0.400000000]: global_costmap: Using plugin "obstacle_layer"
[INFO] [1783916325.409469346, 0.402000000]:     Subscribed to Topics: scan
[INFO] [1783916325.414714777, 0.408000000]: global_costmap: Using plugin "inflation_layer"
[INFO] [1783916325.426674334, 0.420000000]: local_costmap: Using plugin "obstacle_layer"
[INFO] [1783916325.427590795, 0.420000000]:     Subscribed to Topics: scan
[INFO] [1783916325.431998932, 0.424000000]: local_costmap: Using plugin "inflation_layer"
[INFO] [1783916325.443209560, 0.436000000]: Created local_planner teb_local_planner/TebLocalPlannerROS
[INFO] [1783916325.463189661, 0.454000000]: Footprint model 'polygon' loaded for trajectory optimization.
[INFO] [1783916325.463333547, 0.456000000]: Parallel planning in distinctive topologies disabled.
[INFO] [1783916325.463349550, 0.456000000]: No costmap conversion plugin specified. All occupied costmap cells are treaten as point obstacles.
[INFO] [1783916325.494706967, 0.486000000]: Footprint model 'polygon' loaded for trajectory optimization.
[INFO] [1783916325.647485111, 0.640000000]: Recovery behavior will clear layer 'obstacles'
[INFO] [1783916325.648672891, 0.640000000]: Recovery behavior will clear layer 'obstacles'
[INFO] [1783916325.661437735, 0.654000000]: odom received!
[INFO] [1783916327.415180501, 2.402000000]: Footprint model 'polygon' loaded for trajectory optimization.
[INFO] [1783916327.965439174, 2.954000000]: Footprint model 'polygon' loaded for trajectory optimization.
[INFO] [1783916328.613821720, 3.602000000]: Footprint model 'polygon' loaded for trajectory optimization.
[INFO] [1783916329.215317551, 4.202000000]: Footprint model 'polygon' loaded for trajectory optimization.
[INFO] [1783916330.960021975, 5.946000000]: GOAL Reached!
[INFO] [1783916331.074159930, 6.060000000]: Footprint model 'polygon' loaded for trajectory optimization.
[INFO] [1783916331.916850987, 6.902000000]: Footprint model 'polygon' loaded for trajectory optimization.
[INFO] [1783916332.509041416, 7.492000000]: Footprint model 'polygon' loaded for trajectory optimization.
[INFO] [1783916333.111618531, 8.092000000]: Footprint model 'polygon' loaded for trajectory optimization.
[INFO] [1783916333.706105501, 8.690000000]: Footprint model 'polygon' loaded for trajectory optimization.
[INFO] [1783916335.655715259, 10.636000000]: GOAL Reached!
[INFO] [1783916335.771455564, 10.752000000]: Footprint model 'polygon' loaded for trajectory optimization.
[INFO] [1783916336.602221424, 11.582000000]: Footprint model 'polygon' loaded for trajectory optimization.
[INFO] [1783916337.156345382, 12.136000000]: Footprint model 'polygon' loaded for trajectory optimization.
[INFO] [1783916337.802186658, 12.782000000]: Footprint model 'polygon' loaded for trajectory optimization.
[INFO] [1783916338.404873232, 13.382000000]: Footprint model 'polygon' loaded for trajectory optimization.
[INFO] [1783916340.150064012, 15.126000000]: GOAL Reached!
[INFO] [1783916340.257866795, 15.234000000]: Footprint model 'polygon' loaded for trajectory optimization.
[INFO] [1783916341.088347232, 16.062000000]: Footprint model 'polygon' loaded for trajectory optimization.
[INFO] [1783916341.689689934, 16.664000000]: Footprint model 'polygon' loaded for trajectory optimization.
[INFO] [1783916342.290410800, 17.264000000]: Footprint model 'polygon' loaded for trajectory optimization.
[INFO] [1783916342.891742418, 17.864000000]: Footprint model 'polygon' loaded for trajectory optimization.
[INFO] [1783916344.735840023, 19.708000000]: GOAL Reached!
[INFO] [1783916344.853446973, 19.824000000]: Footprint model 'polygon' loaded for trajectory optimization.
[INFO] [1783916345.692932341, 20.662000000]: Footprint model 'polygon' loaded for trajectory optimization.
[INFO] [1783916346.237552281, 21.208000000]: Footprint model 'polygon' loaded for trajectory optimization.
[INFO] [1783916346.884678063, 21.854000000]: Footprint model 'polygon' loaded for trajectory optimization.
[INFO] [1783916347.436777713, 22.404000000]: Footprint model 'polygon' loaded for trajectory optimization.
[INFO] [1783916349.231178941, 24.198000000]: GOAL Reached!
[INFO] [1783916349.343491876, 24.310000000]: Footprint model 'polygon' loaded for trajectory optimization.
[INFO] [1783916350.176330010, 25.142000000]: Footprint model 'polygon' loaded for trajectory optimization.
[INFO] [1783916350.731897860, 25.696000000]: Footprint model 'polygon' loaded for trajectory optimization.
[INFO] [1783916351.330638318, 26.294000000]: Footprint model 'polygon' loaded for trajectory optimization.
[INFO] [1783916351.980255571, 26.942000000]: Footprint model 'polygon' loaded for trajectory optimization.
[INFO] [1783916353.823994359, 28.788000000]: GOAL Reached!
[INFO] [1783916353.941526199, 28.904000000]: Footprint model 'polygon' loaded for trajectory optimization.
[INFO] [1783916354.780617606, 29.742000000]: Footprint model 'polygon' loaded for trajectory optimization.
[INFO] [1783916355.378258423, 30.338000000]: Footprint model 'polygon' loaded for trajectory optimization.
[INFO] [1783916355.976208676, 30.934000000]: Footprint model 'polygon' loaded for trajectory optimization.
[INFO] [1783916356.578894793, 31.536000000]: Footprint model 'polygon' loaded for trajectory optimization.
[INFO] [1783916358.424741400, 33.382000000]: GOAL Reached!
[INFO] [1783916358.530291680, 33.488000000]: Footprint model 'polygon' loaded for trajectory optimization.
[INFO] [1783916359.366483711, 34.322000000]: Footprint model 'polygon' loaded for trajectory optimization.
[INFO] [1783916359.970229918, 34.926000000]: Footprint model 'polygon' loaded for trajectory optimization.
[INFO] [1783916360.569574704, 35.526000000]: Footprint model 'polygon' loaded for trajectory optimization.
[INFO] [1783916361.171288288, 36.126000000]: Footprint model 'polygon' loaded for trajectory optimization.
[INFO] [1783916363.015576714, 37.970000000]: GOAL Reached!
[INFO] [1783916363.130450884, 38.084000000]: Footprint model 'polygon' loaded for trajectory optimization.
[INFO] [1783916363.970428430, 38.924000000]: Footprint model 'polygon' loaded for trajectory optimization.
[INFO] [1783916364.563229603, 39.516000000]: Footprint model 'polygon' loaded for trajectory optimization.
[INFO] [1783916365.113617389, 40.066000000]: Footprint model 'polygon' loaded for trajectory optimization.
[INFO] [1783916365.766111912, 40.716000000]: Footprint model 'polygon' loaded for trajectory optimization.
[INFO] [1783916367.608967734, 42.560000000]: GOAL Reached!
[INFO] [1783916367.726370662, 42.676000000]: Footprint model 'polygon' loaded for trajectory optimization.
[INFO] [1783916368.553705881, 43.502000000]: Footprint model 'polygon' loaded for trajectory optimization.
[INFO] [1783916369.112620852, 44.062000000]: Footprint model 'polygon' loaded for trajectory optimization.
[INFO] [1783916369.757887656, 44.708000000]: Footprint model 'polygon' loaded for trajectory optimization.
[INFO] [1783916370.312989455, 45.258000000]: Footprint model 'polygon' loaded for trajectory optimization.
[INFO] [1783916372.308599354, 47.252000000]: GOAL Reached!
[INFO] [1783916372.420214578, 47.364000000]: Footprint model 'polygon' loaded for trajectory optimization.
[INFO] [1783916373.258663590, 48.202000000]: Footprint model 'polygon' loaded for trajectory optimization.
[INFO] [1783916373.849772628, 48.794000000]: Footprint model 'polygon' loaded for trajectory optimization.
[INFO] [1783916374.451029296, 49.394000000]: Footprint model 'polygon' loaded for trajectory optimization.
[INFO] [1783916375.052223638, 49.994000000]: Footprint model 'polygon' loaded for trajectory optimization.
[INFO] [1783916376.799588623, 51.738000000]: GOAL Reached!
[INFO] [1783916376.906103914, 51.844000000]: Footprint model 'polygon' loaded for trajectory optimization.
[INFO] [1783916377.744112486, 52.682000000]: Footprint model 'polygon' loaded for trajectory optimization.
[INFO] [1783916378.289416075, 53.230000000]: Footprint model 'polygon' loaded for trajectory optimization.
[INFO] [1783916378.937568950, 53.876000000]: Footprint model 'polygon' loaded for trajectory optimization.
[INFO] [1783916379.488115869, 54.428000000]: Footprint model 'polygon' loaded for trajectory optimization.
[INFO] [1783916381.387594597, 56.322000000]: GOAL Reached!
[INFO] [1783916381.493051572, 56.428000000]: Footprint model 'polygon' loaded for trajectory optimization.
[INFO] [1783916382.327384524, 57.262000000]: Footprint model 'polygon' loaded for trajectory optimization.
[INFO] [1783916382.925647523, 57.860000000]: Footprint model 'polygon' loaded for trajectory optimization.
[INFO] [1783916383.523612862, 58.458000000]: Footprint model 'polygon' loaded for trajectory optimization.
[INFO] [1783916384.072236696, 59.008000000]: Footprint model 'polygon' loaded for trajectory optimization.
[INFO] [1783916385.871011666, 60.802000000]: GOAL Reached!
[INFO] [1783916385.988205744, 60.918000000]: Footprint model 'polygon' loaded for trajectory optimization.
[INFO] [1783916386.811921552, 61.742000000]: Footprint model 'polygon' loaded for trajectory optimization.
[INFO] [1783916387.371605383, 62.302000000]: Footprint model 'polygon' loaded for trajectory optimization.
[INFO] [1783916388.021393109, 62.950000000]: Footprint model 'polygon' loaded for trajectory optimization.
[INFO] [1783916388.621496571, 63.550000000]: Footprint model 'polygon' loaded for trajectory optimization.
[INFO] [1783916390.368041396, 65.294000000]: GOAL Reached!
[INFO] [1783916390.475270646, 65.400000000]: Footprint model 'polygon' loaded for trajectory optimization.
[INFO] [1783916391.315989494, 66.242000000]: Footprint model 'polygon' loaded for trajectory optimization.
[INFO] [1783916391.910059914, 66.836000000]: Footprint model 'polygon' loaded for trajectory optimization.
[INFO] [1783916392.509279882, 67.434000000]: Footprint model 'polygon' loaded for trajectory optimization.
[INFO] [1783916393.108294525, 68.032000000]: Footprint model 'polygon' loaded for trajectory optimization.
[INFO] [1783916394.954709785, 69.878000000]: GOAL Reached!
[INFO] [1783916395.058174518, 69.980000000]: Footprint model 'polygon' loaded for trajectory optimization.
[INFO] [1783916395.898338105, 70.822000000]: Footprint model 'polygon' loaded for trajectory optimization.
[INFO] [1783916396.496475156, 71.418000000]: Footprint model 'polygon' loaded for trajectory optimization.
[INFO] [1783916397.093973580, 72.014000000]: Footprint model 'polygon' loaded for trajectory optimization.
[INFO] [1783916397.693376632, 72.614000000]: Footprint model 'polygon' loaded for trajectory optimization.
[INFO] [1783916399.539313973, 74.460000000]: GOAL Reached!
[INFO] [1783916399.647412994, 74.566000000]: Footprint model 'polygon' loaded for trajectory optimization.
[INFO] [1783916400.486338266, 75.402000000]: Footprint model 'polygon' loaded for trajectory optimization.
[INFO] [1783916401.040833486, 75.960000000]: Footprint model 'polygon' loaded for trajectory optimization.
[INFO] [1783916401.685619351, 76.604000000]: Footprint model 'polygon' loaded for trajectory optimization.
[INFO] [1783916402.295053086, 77.210000000]: Footprint model 'polygon' loaded for trajectory optimization.
[INFO] [1783916404.025199424, 78.942000000]: GOAL Reached!
[INFO] [1783916404.137380304, 79.054000000]: Footprint model 'polygon' loaded for trajectory optimization.
[INFO] [1783916404.975326205, 79.890000000]: Footprint model 'polygon' loaded for trajectory optimization.
[INFO] [1783916405.587376023, 80.502000000]: Footprint model 'polygon' loaded for trajectory optimization.
[INFO] [1783916406.134518114, 81.048000000]: Footprint model 'polygon' loaded for trajectory optimization.
[INFO] [1783916406.781227880, 81.694000000]: Footprint model 'polygon' loaded for trajectory optimization.
[INFO] [1783916408.620570444, 83.532000000]: GOAL Reached!
[INFO] [1783916408.730986358, 83.642000000]: Footprint model 'polygon' loaded for trajectory optimization.
[INFO] [1783916409.579838779, 84.490000000]: Footprint model 'polygon' loaded for trajectory optimization.
[INFO] [1783916410.122059139, 85.032000000]: Footprint model 'polygon' loaded for trajectory optimization.
[INFO] [1783916410.726248466, 85.634000000]: Footprint model 'polygon' loaded for trajectory optimization.
[INFO] [1783916411.369093169, 86.278000000]: Footprint model 'polygon' loaded for trajectory optimization.
[INFO] [1783916413.111313826, 88.018000000]: GOAL Reached!
[INFO] [1783916413.225989129, 88.132000000]: Footprint model 'polygon' loaded for trajectory optimization.
[INFO] [1783916414.066546514, 88.974000000]: Footprint model 'polygon' loaded for trajectory optimization.
[INFO] [1783916414.615422919, 89.520000000]: Footprint model 'polygon' loaded for trajectory optimization.
[INFO] [1783916415.262620261, 90.168000000]: Footprint model 'polygon' loaded for trajectory optimization.
[INFO] [1783916415.865880288, 90.768000000]: Footprint model 'polygon' loaded for trajectory optimization.
[INFO] [1783916417.803734136, 92.706000000]: GOAL Reached!
[INFO] [1783916417.924246811, 92.826000000]: Footprint model 'polygon' loaded for trajectory optimization.
[INFO] [1783916418.769269600, 93.670000000]: Footprint model 'polygon' loaded for trajectory optimization.
[INFO] [1783916419.317584943, 94.218000000]: Footprint model 'polygon' loaded for trajectory optimization.
[INFO] [1783916419.965051438, 94.866000000]: Footprint model 'polygon' loaded for trajectory optimization.
[INFO] [1783916420.516269690, 95.416000000]: Footprint model 'polygon' loaded for trajectory optimization.
[INFO] [1783916422.205575885, 97.104000000]: GOAL Reached!
[INFO] [1783916422.322790210, 97.220000000]: Footprint model 'polygon' loaded for trajectory optimization.
[INFO] [1783916423.172391424, 98.070000000]: Footprint model 'polygon' loaded for trajectory optimization.
[INFO] [1783916423.766225238, 98.662000000]: Footprint model 'polygon' loaded for trajectory optimization.
[INFO] [1783916424.314163582, 99.212000000]: Footprint model 'polygon' loaded for trajectory optimization.
[INFO] [1783916424.967614097, 99.862000000]: Footprint model 'polygon' loaded for trajectory optimization.
[INFO] [1783916426.704847969, 101.600000000]: GOAL Reached!
[INFO] [1783916426.818393067, 101.712000000]: Footprint model 'polygon' loaded for trajectory optimization.
[INFO] [1783916427.657109267, 102.552000000]: Footprint model 'polygon' loaded for trajectory optimization.
[INFO] [1783916428.257115689, 103.150000000]: Footprint model 'polygon' loaded for trajectory optimization.
[INFO] [1783916428.862087091, 103.752000000]: Footprint model 'polygon' loaded for trajectory optimization.
[INFO] [1783916429.456283265, 104.348000000]: Footprint model 'polygon' loaded for trajectory optimization.
[INFO] [1783916431.199408423, 106.088000000]: GOAL Reached!
[INFO] [1783916431.314977459, 106.204000000]: Footprint model 'polygon' loaded for trajectory optimization.
[INFO] [1783916432.161590642, 107.050000000]: Footprint model 'polygon' loaded for trajectory optimization.
[INFO] [1783916432.754566758, 107.640000000]: Footprint model 'polygon' loaded for trajectory optimization.
[INFO] [1783916433.304141826, 108.192000000]: Footprint model 'polygon' loaded for trajectory optimization.
[INFO] [1783916433.953119310, 108.840000000]: Footprint model 'polygon' loaded for trajectory optimization.
[INFO] [1783916435.690964913, 110.578000000]: GOAL Reached!
[INFO] [1783916435.807921795, 110.694000000]: Footprint model 'polygon' loaded for trajectory optimization.
[INFO] [1783916436.642260823, 111.530000000]: Footprint model 'polygon' loaded for trajectory optimization.
[INFO] [1783916437.250205793, 112.134000000]: Footprint model 'polygon' loaded for trajectory optimization.
[INFO] [1783916437.798956870, 112.684000000]: Footprint model 'polygon' loaded for trajectory optimization.
[INFO] [1783916438.397547661, 113.282000000]: Footprint model 'polygon' loaded for trajectory optimization.
[INFO] [1783916440.287390876, 115.170000000]: GOAL Reached!
[INFO] [1783916440.402650003, 115.284000000]: Footprint model 'polygon' loaded for trajectory optimization.
[INFO] [1783916441.247171218, 116.130000000]: Footprint model 'polygon' loaded for trajectory optimization.
[INFO] [1783916441.794713527, 116.678000000]: Footprint model 'polygon' loaded for trajectory optimization.
[INFO] [1783916442.396380624, 117.276000000]: Footprint model 'polygon' loaded for trajectory optimization.
[INFO] [1783916443.042792698, 117.922000000]: Footprint model 'polygon' loaded for trajectory optimization.
[INFO] [1783916444.985165741, 119.862000000]: GOAL Reached!
[INFO] [1783916445.093030730, 119.968000000]: Footprint model 'polygon' loaded for trajectory optimization.
[INFO] [1783916445.931694383, 120.810000000]: Footprint model 'polygon' loaded for trajectory optimization.
[INFO] [1783916446.481662320, 121.358000000]: Footprint model 'polygon' loaded for trajectory optimization.
[INFO] [1783916447.082831769, 121.958000000]: Footprint model 'polygon' loaded for trajectory optimization.
[INFO] [1783916447.687185105, 122.560000000]: Footprint model 'polygon' loaded for trajectory optimization.
[INFO] [1783916449.573362137, 124.446000000]: GOAL Reached!
[INFO] [1783916449.688950907, 124.562000000]: Footprint model 'polygon' loaded for trajectory optimization.
[INFO] [1783916450.535634743, 125.408000000]: Footprint model 'polygon' loaded for trajectory optimization.
[INFO] [1783916451.079498003, 125.952000000]: Footprint model 'polygon' loaded for trajectory optimization.
[INFO] [1783916451.728087718, 126.600000000]: Footprint model 'polygon' loaded for trajectory optimization.
[INFO] [1783916452.325671627, 127.198000000]: Footprint model 'polygon' loaded for trajectory optimization.
[INFO] [1783916454.365073129, 129.236000000]: GOAL Reached!
[INFO] [1783916454.480552208, 129.350000000]: Footprint model 'polygon' loaded for trajectory optimization.
[INFO] [1783916455.319788946, 130.188000000]: Footprint model 'polygon' loaded for trajectory optimization.
[INFO] [1783916455.924117431, 130.792000000]: Footprint model 'polygon' loaded for trajectory optimization.
[INFO] [1783916456.473462465, 131.342000000]: Footprint model 'polygon' loaded for trajectory optimization.
[INFO] [1783916457.118346961, 131.986000000]: Footprint model 'polygon' loaded for trajectory optimization.
[INFO] [1783916458.861658096, 133.728000000]: GOAL Reached!
[INFO] [1783916458.977619073, 133.844000000]: Footprint model 'polygon' loaded for trajectory optimization.
[INFO] [1783916459.826409961, 134.690000000]: Footprint model 'polygon' loaded for trajectory optimization.
[INFO] [1783916460.419688115, 135.284000000]: Footprint model 'polygon' loaded for trajectory optimization.
[INFO] [1783916460.969591427, 135.834000000]: Footprint model 'polygon' loaded for trajectory optimization.
[INFO] [1783916461.568266092, 136.432000000]: Footprint model 'polygon' loaded for trajectory optimization.
[INFO] [1783916463.255758879, 138.118000000]: GOAL Reached!
[INFO] [1783916463.360824499, 138.222000000]: Footprint model 'polygon' loaded for trajectory optimization.
[INFO] [1783916464.208631366, 139.070000000]: Footprint model 'polygon' loaded for trajectory optimization.
[INFO] [1783916464.804644998, 139.664000000]: Footprint model 'polygon' loaded for trajectory optimization.
[INFO] [1783916465.358495914, 140.216000000]: Footprint model 'polygon' loaded for trajectory optimization.
[INFO] [1783916466.002165396, 140.862000000]: Footprint model 'polygon' loaded for trajectory optimization.
[INFO] [1783916467.944293480, 142.800000000]: GOAL Reached!
[INFO] [1783916468.054280368, 142.910000000]: Footprint model 'polygon' loaded for trajectory optimization.
[INFO] [1783916468.892276669, 143.748000000]: Footprint model 'polygon' loaded for trajectory optimization.
[INFO] [1783916469.499570406, 144.354000000]: Footprint model 'polygon' loaded for trajectory optimization.
[INFO] [1783916470.043514913, 144.898000000]: Footprint model 'polygon' loaded for trajectory optimization.
[INFO] [1783916470.643269916, 145.496000000]: Footprint model 'polygon' loaded for trajectory optimization.
[INFO] [1783916472.333642981, 147.184000000]: GOAL Reached!
[INFO] [1783916472.441425928, 147.292000000]: Footprint model 'polygon' loaded for trajectory optimization.
[INFO] [1783916473.281690609, 148.130000000]: Footprint model 'polygon' loaded for trajectory optimization.
[INFO] [1783916473.831305411, 148.682000000]: Footprint model 'polygon' loaded for trajectory optimization.
[INFO] [1783916474.480870235, 149.330000000]: Footprint model 'polygon' loaded for trajectory optimization.
[INFO] [1783916475.078863731, 149.930000000]: Footprint model 'polygon' loaded for trajectory optimization.
[INFO] [1783916476.920511143, 151.768000000]: GOAL Reached!
[INFO] [1783916477.029524705, 151.876000000]: Footprint model 'polygon' loaded for trajectory optimization.
[INFO] [1783916477.863857113, 152.710000000]: Footprint model 'polygon' loaded for trajectory optimization.
[INFO] [1783916478.466229298, 153.314000000]: Footprint model 'polygon' loaded for trajectory optimization.
[INFO] [1783916479.019178392, 153.864000000]: Footprint model 'polygon' loaded for trajectory optimization.
[INFO] [1783916479.667947226, 154.514000000]: Footprint model 'polygon' loaded for trajectory optimization.
[INFO] [1783916481.409452326, 156.252000000]: GOAL Reached!
[INFO] [1783916481.523872654, 156.364000000]: Footprint model 'polygon' loaded for trajectory optimization.
[INFO] [1783916482.370027393, 157.210000000]: Footprint model 'polygon' loaded for trajectory optimization.
[INFO] [1783916482.963995335, 157.804000000]: Footprint model 'polygon' loaded for trajectory optimization.
[INFO] [1783916483.558574358, 158.400000000]: Footprint model 'polygon' loaded for trajectory optimization.
[INFO] [1783916484.159646449, 159.000000000]: Footprint model 'polygon' loaded for trajectory optimization.
[INFO] [1783916486.001976546, 160.840000000]: GOAL Reached!
[INFO] [1783916486.113991793, 160.952000000]: Footprint model 'polygon' loaded for trajectory optimization.
[INFO] [1783916486.954036017, 161.790000000]: Footprint model 'polygon' loaded for trajectory optimization.
[INFO] [1783916487.554660969, 162.392000000]: Footprint model 'polygon' loaded for trajectory optimization.
[INFO] [1783916488.159752986, 162.996000000]: Footprint model 'polygon' loaded for trajectory optimization.
[INFO] [1783916488.754659602, 163.592000000]: Footprint model 'polygon' loaded for trajectory optimization.
[INFO] [1783916490.595609726, 165.430000000]: GOAL Reached!
[INFO] [1783916490.702207946, 165.536000000]: Footprint model 'polygon' loaded for trajectory optimization.
[INFO] [1783916491.537215342, 166.372000000]: Footprint model 'polygon' loaded for trajectory optimization.
[INFO] [1783916492.141338419, 166.974000000]: Footprint model 'polygon' loaded for trajectory optimization.
[INFO] [1783916492.746325919, 167.576000000]: Footprint model 'polygon' loaded for trajectory optimization.
[INFO] [1783916493.293869072, 168.124000000]: Footprint model 'polygon' loaded for trajectory optimization.
[INFO] [1783916495.180889272, 170.012000000]: GOAL Reached!
[INFO] [1783916495.293102954, 170.124000000]: Footprint model 'polygon' loaded for trajectory optimization.
[INFO] [1783916496.141289950, 170.972000000]: Footprint model 'polygon' loaded for trajectory optimization.
[INFO] [1783916496.683561768, 171.512000000]: Footprint model 'polygon' loaded for trajectory optimization.
[INFO] [1783916497.333682464, 172.160000000]: Footprint model 'polygon' loaded for trajectory optimization.
[INFO] [1783916497.930348801, 172.758000000]: Footprint model 'polygon' loaded for trajectory optimization.
[INFO] [1783916499.769570147, 174.598000000]: GOAL Reached!
[INFO] [1783916499.885593809, 174.712000000]: Footprint model 'polygon' loaded for trajectory optimization.
[INFO] [1783916500.724830492, 175.550000000]: Footprint model 'polygon' loaded for trajectory optimization.
[INFO] [1783916501.331687188, 176.156000000]: Footprint model 'polygon' loaded for trajectory optimization.
[INFO] [1783916501.882189534, 176.704000000]: Footprint model 'polygon' loaded for trajectory optimization.
[INFO] [1783916502.529022004, 177.354000000]: Footprint model 'polygon' loaded for trajectory optimization.
[INFO] [1783916504.368984450, 179.192000000]: GOAL Reached!
[INFO] [1783916504.485963322, 179.308000000]: Footprint model 'polygon' loaded for trajectory optimization.
[INFO] [1783916505.327805885, 180.150000000]: Footprint model 'polygon' loaded for trajectory optimization.
[INFO] [1783916505.924065843, 180.746000000]: Footprint model 'polygon' loaded for trajectory optimization.
[INFO] [1783916506.526110260, 181.346000000]: Footprint model 'polygon' loaded for trajectory optimization.
[INFO] [1783916507.078720873, 181.898000000]: Footprint model 'polygon' loaded for trajectory optimization.
[INFO] [1783916509.067753141, 183.884000000]: GOAL Reached!
[INFO] [1783916509.181314492, 183.998000000]: Footprint model 'polygon' loaded for trajectory optimization.
[INFO] [1783916510.032087298, 184.850000000]: Footprint model 'polygon' loaded for trajectory optimization.
[INFO] [1783916510.573429802, 185.390000000]: Footprint model 'polygon' loaded for trajectory optimization.
[INFO] [1783916511.221992892, 186.038000000]: Footprint model 'polygon' loaded for trajectory optimization.
[INFO] [1783916511.771841084, 186.586000000]: Footprint model 'polygon' loaded for trajectory optimization.
[INFO] [1783916513.458155990, 188.274000000]: GOAL Reached!
[INFO] [1783916513.566138527, 188.380000000]: Footprint model 'polygon' loaded for trajectory optimization.
[INFO] [1783916514.416236311, 189.230000000]: Footprint model 'polygon' loaded for trajectory optimization.
[INFO] [1783916515.006157236, 189.820000000]: Footprint model 'polygon' loaded for trajectory optimization.
[INFO] [1783916515.608427927, 190.422000000]: Footprint model 'polygon' loaded for trajectory optimization.
[INFO] [1783916516.204487531, 191.016000000]: Footprint model 'polygon' loaded for trajectory optimization.
[INFO] [1783916517.947111926, 192.756000000]: GOAL Reached!
[INFO] [1783916518.060199200, 192.870000000]: Footprint model 'polygon' loaded for trajectory optimization.
[INFO] [1783916518.899436740, 193.708000000]: Footprint model 'polygon' loaded for trajectory optimization.
[INFO] [1783916519.498122388, 194.308000000]: Footprint model 'polygon' loaded for trajectory optimization.
[INFO] [1783916520.049860638, 194.858000000]: Footprint model 'polygon' loaded for trajectory optimization.
[INFO] [1783916520.653075273, 195.462000000]: Footprint model 'polygon' loaded for trajectory optimization.
[INFO] [1783916522.537618341, 197.344000000]: GOAL Reached!
[INFO] [1783916522.646550187, 197.452000000]: Footprint model 'polygon' loaded for trajectory optimization.
[INFO] [1783916523.485441745, 198.290000000]: Footprint model 'polygon' loaded for trajectory optimization.
[INFO] [1783916524.088145528, 198.892000000]: Footprint model 'polygon' loaded for trajectory optimization.
[INFO] [1783916524.640605021, 199.444000000]: Footprint model 'polygon' loaded for trajectory optimization.
[INFO] [1783916525.238706180, 200.042000000]: Footprint model 'polygon' loaded for trajectory optimization.
[INFO] [1783916527.127510218, 201.930000000]: GOAL Reached!
[INFO] [1783916527.245134107, 202.046000000]: Footprint model 'polygon' loaded for trajectory optimization.
[INFO] [1783916528.088469352, 202.890000000]: Footprint model 'polygon' loaded for trajectory optimization.
[INFO] [1783916528.681195442, 203.482000000]: Footprint model 'polygon' loaded for trajectory optimization.
[INFO] [1783916529.283412052, 204.082000000]: Footprint model 'polygon' loaded for trajectory optimization.
[INFO] [1783916529.833780845, 204.634000000]: Footprint model 'polygon' loaded for trajectory optimization.
[INFO] [1783916531.723363872, 206.520000000]: GOAL Reached!
[INFO] [1783916531.838974149, 206.634000000]: Footprint model 'polygon' loaded for trajectory optimization.
[INFO] [1783916532.671854902, 207.468000000]: Footprint model 'polygon' loaded for trajectory optimization.
[INFO] [1783916533.230442317, 208.026000000]: Footprint model 'polygon' loaded for trajectory optimization.
[INFO] [1783916533.876125859, 208.672000000]: Footprint model 'polygon' loaded for trajectory optimization.
[INFO] [1783916534.426736631, 209.222000000]: Footprint model 'polygon' loaded for trajectory optimization.
[INFO] [1783916536.317152168, 211.110000000]: GOAL Reached!
[INFO] [1783916536.432061741, 211.226000000]: Footprint model 'polygon' loaded for trajectory optimization.
[INFO] [1783916537.276129504, 212.068000000]: Footprint model 'polygon' loaded for trajectory optimization.
[INFO] [1783916537.872866915, 212.666000000]: Footprint model 'polygon' loaded for trajectory optimization.
[INFO] [1783916538.469772556, 213.262000000]: Footprint model 'polygon' loaded for trajectory optimization.
[INFO] [1783916539.022346286, 213.814000000]: Footprint model 'polygon' loaded for trajectory optimization.
[INFO] [1783916540.914228339, 215.702000000]: GOAL Reached!
[INFO] [1783916541.032871538, 215.820000000]: Footprint model 'polygon' loaded for trajectory optimization.
[INFO] [1783916541.881259915, 216.670000000]: Footprint model 'polygon' loaded for trajectory optimization.
[INFO] [1783916542.420997771, 217.208000000]: Footprint model 'polygon' loaded for trajectory optimization.
[INFO] [1783916543.069785490, 217.856000000]: Footprint model 'polygon' loaded for trajectory optimization.
[INFO] [1783916543.669217912, 218.454000000]: Footprint model 'polygon' loaded for trajectory optimization.
[INFO] [1783916545.509413634, 220.294000000]: GOAL Reached!
[INFO] [1783916545.623908646, 220.408000000]: Footprint model 'polygon' loaded for trajectory optimization.
[INFO] [1783916546.467354017, 221.250000000]: Footprint model 'polygon' loaded for trajectory optimization.
[INFO] [1783916547.061477856, 221.842000000]: Footprint model 'polygon' loaded for trajectory optimization.
[INFO] [1783916547.663242754, 222.444000000]: Footprint model 'polygon' loaded for trajectory optimization.
[INFO] [1783916548.259547805, 223.042000000]: Footprint model 'polygon' loaded for trajectory optimization.
[INFO] [1783916550.101884322, 224.882000000]: GOAL Reached!
[INFO] [1783916550.215327614, 224.994000000]: Footprint model 'polygon' loaded for trajectory optimization.
[INFO] [1783916551.050097467, 225.830000000]: Footprint model 'polygon' loaded for trajectory optimization.
[INFO] [1783916551.649802370, 226.430000000]: Footprint model 'polygon' loaded for trajectory optimization.
[INFO] [1783916552.201563310, 226.980000000]: Footprint model 'polygon' loaded for trajectory optimization.
[INFO] [1783916552.850420472, 227.626000000]: Footprint model 'polygon' loaded for trajectory optimization.
[INFO] [1783916554.591285594, 229.368000000]: GOAL Reached!
[INFO] [1783916554.710565190, 229.486000000]: Footprint model 'polygon' loaded for trajectory optimization.
[INFO] [1783916555.556644452, 230.332000000]: Footprint model 'polygon' loaded for trajectory optimization.
[INFO] [1783916556.144540994, 230.922000000]: Footprint model 'polygon' loaded for trajectory optimization.
[INFO] [1783916556.746767245, 231.522000000]: Footprint model 'polygon' loaded for trajectory optimization.
[INFO] [1783916557.302894775, 232.076000000]: Footprint model 'polygon' loaded for trajectory optimization.
[INFO] [1783916559.287093003, 234.060000000]: GOAL Reached!
[INFO] [1783916559.401724385, 234.174000000]: Footprint model 'polygon' loaded for trajectory optimization.
[INFO] [1783916560.239023680, 235.010000000]: Footprint model 'polygon' loaded for trajectory optimization.
[INFO] [1783916560.838312076, 235.610000000]: Footprint model 'polygon' loaded for trajectory optimization.
[INFO] [1783916561.438108625, 236.208000000]: Footprint model 'polygon' loaded for trajectory optimization.
[INFO] [1783916562.036322677, 236.808000000]: Footprint model 'polygon' loaded for trajectory optimization.
[INFO] [1783916563.878846143, 238.648000000]: GOAL Reached!
[INFO] [1783916563.987772459, 238.756000000]: Footprint model 'polygon' loaded for trajectory optimization.
[INFO] [1783916564.824547300, 239.592000000]: Footprint model 'polygon' loaded for trajectory optimization.
[INFO] [1783916565.378095442, 240.146000000]: Footprint model 'polygon' loaded for trajectory optimization.
[INFO] [1783916565.977687100, 240.744000000]: Footprint model 'polygon' loaded for trajectory optimization.
[INFO] [1783916566.626284691, 241.392000000]: Footprint model 'polygon' loaded for trajectory optimization.
[INFO] [1783916568.366430590, 243.132000000]: GOAL Reached!
[INFO] [1783916568.481433732, 243.246000000]: Footprint model 'polygon' loaded for trajectory optimization.
[INFO] [1783916569.327116209, 244.090000000]: Footprint model 'polygon' loaded for trajectory optimization.
[INFO] [1783916569.871792488, 244.636000000]: Footprint model 'polygon' loaded for trajectory optimization.
[INFO] [1783916570.520481737, 245.284000000]: Footprint model 'polygon' loaded for trajectory optimization.
[INFO] [1783916571.120964166, 245.884000000]: Footprint model 'polygon' loaded for trajectory optimization.
[INFO] [1783916573.060947815, 247.822000000]: GOAL Reached!
[INFO] [1783916573.168867583, 247.930000000]: Footprint model 'polygon' loaded for trajectory optimization.
[INFO] [1783916574.012069949, 248.770000000]: Footprint model 'polygon' loaded for trajectory optimization.
[INFO] [1783916574.604068409, 249.364000000]: Footprint model 'polygon' loaded for trajectory optimization.
[INFO] [1783916575.205474843, 249.964000000]: Footprint model 'polygon' loaded for trajectory optimization.
[INFO] [1783916575.755084299, 250.514000000]: Footprint model 'polygon' loaded for trajectory optimization.
[INFO] [1783916577.546084266, 252.302000000]: GOAL Reached!
[INFO] [1783916577.663069648, 252.418000000]: Footprint model 'polygon' loaded for trajectory optimization.
[INFO] [1783916578.495105577, 253.250000000]: Footprint model 'polygon' loaded for trajectory optimization.
[INFO] [1783916579.099375334, 253.854000000]: Footprint model 'polygon' loaded for trajectory optimization.
[INFO] [1783916579.702403321, 254.458000000]: Footprint model 'polygon' loaded for trajectory optimization.
[INFO] [1783916580.299095921, 255.052000000]: Footprint model 'polygon' loaded for trajectory optimization.
[INFO] [1783916582.140466988, 256.892000000]: GOAL Reached!
[INFO] [1783916582.249669822, 257.000000000]: Footprint model 'polygon' loaded for trajectory optimization.
[INFO] [1783916583.078426880, 257.830000000]: Footprint model 'polygon' loaded for trajectory optimization.
[INFO] [1783916583.636646276, 258.388000000]: Footprint model 'polygon' loaded for trajectory optimization.
[INFO] [1783916584.238105548, 258.988000000]: Footprint model 'polygon' loaded for trajectory optimization.
[INFO] [1783916584.888042190, 259.638000000]: Footprint model 'polygon' loaded for trajectory optimization.
[INFO] [1783916586.728612652, 261.476000000]: GOAL Reached!
[INFO] [1783916586.842988151, 261.590000000]: Footprint model 'polygon' loaded for trajectory optimization.
[INFO] [1783916587.681622816, 262.430000000]: Footprint model 'polygon' loaded for trajectory optimization.
[INFO] [1783916588.236471601, 262.982000000]: Footprint model 'polygon' loaded for trajectory optimization.
[INFO] [1783916588.831203647, 263.578000000]: Footprint model 'polygon' loaded for trajectory optimization.
[INFO] [1783916589.435301461, 264.180000000]: Footprint model 'polygon' loaded for trajectory optimization.
[INFO] [1783916591.223642583, 265.968000000]: GOAL Reached!
[INFO] [1783916591.339267970, 266.082000000]: Footprint model 'polygon' loaded for trajectory optimization.
[INFO] [1783916592.186038428, 266.930000000]: Footprint model 'polygon' loaded for trajectory optimization.
[INFO] [1783916592.776360261, 267.518000000]: Footprint model 'polygon' loaded for trajectory optimization.
[INFO] [1783916593.382124704, 268.124000000]: Footprint model 'polygon' loaded for trajectory optimization.
[INFO] [1783916593.980083738, 268.722000000]: Footprint model 'polygon' loaded for trajectory optimization.
[INFO] [1783916595.617156387, 270.358000000]: GOAL Reached!
[INFO] [1783916595.721904295, 270.462000000]: Footprint model 'polygon' loaded for trajectory optimization.
[INFO] [1783916596.571874637, 271.308000000]: Footprint model 'polygon' loaded for trajectory optimization.
[INFO] [1783916597.158507856, 271.898000000]: Footprint model 'polygon' loaded for trajectory optimization.
[INFO] [1783916597.763153785, 272.498000000]: Footprint model 'polygon' loaded for trajectory optimization.
[INFO] [1783916598.310500990, 273.048000000]: Footprint model 'polygon' loaded for trajectory optimization.
[INFO] [1783916600.200612475, 274.936000000]: GOAL Reached!
[INFO] [1783916600.307425120, 275.044000000]: Footprint model 'polygon' loaded for trajectory optimization.
[INFO] [1783916601.155891061, 275.890000000]: Footprint model 'polygon' loaded for trajectory optimization.
[INFO] [1783916601.745378949, 276.480000000]: Footprint model 'polygon' loaded for trajectory optimization.
[INFO] [1783916602.343039331, 277.078000000]: Footprint model 'polygon' loaded for trajectory optimization.
[INFO] [1783916602.894458050, 277.630000000]: Footprint model 'polygon' loaded for trajectory optimization.
[INFO] [1783916604.787179972, 279.518000000]: GOAL Reached!
[INFO] [1783916604.901932325, 279.632000000]: Footprint model 'polygon' loaded for trajectory optimization.
[INFO] [1783916605.742569557, 280.472000000]: Footprint model 'polygon' loaded for trajectory optimization.
[INFO] [1783916606.291279923, 281.022000000]: Footprint model 'polygon' loaded for trajectory optimization.
[INFO] [1783916606.939587142, 281.670000000]: Footprint model 'polygon' loaded for trajectory optimization.
[INFO] [1783916607.490369111, 282.222000000]: Footprint model 'polygon' loaded for trajectory optimization.
[INFO] [1783916609.180901311, 283.908000000]: GOAL Reached!
[INFO] [1783916609.294852674, 284.022000000]: Footprint model 'polygon' loaded for trajectory optimization.
[INFO] [1783916610.141792318, 284.870000000]: Footprint model 'polygon' loaded for trajectory optimization.
[INFO] [1783916610.686980274, 285.412000000]: Footprint model 'polygon' loaded for trajectory optimization.
[INFO] [1783916611.336228636, 286.060000000]: Footprint model 'polygon' loaded for trajectory optimization.
[INFO] [1783916611.935945006, 286.662000000]: Footprint model 'polygon' loaded for trajectory optimization.
[INFO] [1783916613.676585032, 288.400000000]: GOAL Reached!
[INFO] [1783916613.795605397, 288.520000000]: Footprint model 'polygon' loaded for trajectory optimization.
[INFO] [1783916614.647656158, 289.372000000]: Footprint model 'polygon' loaded for trajectory optimization.
[INFO] [1783916615.238981506, 289.960000000]: Footprint model 'polygon' loaded for trajectory optimization.
[INFO] [1783916615.785982058, 290.508000000]: Footprint model 'polygon' loaded for trajectory optimization.
[INFO] [1783916616.386234061, 291.108000000]: Footprint model 'polygon' loaded for trajectory optimization.
[INFO] [1783916618.376435518, 293.096000000]: GOAL Reached!
[INFO] [1783916618.483235036, 293.202000000]: Footprint model 'polygon' loaded for trajectory optimization.
[INFO] [1783916619.331420773, 294.050000000]: Footprint model 'polygon' loaded for trajectory optimization.
[INFO] [1783916619.924555650, 294.644000000]: Footprint model 'polygon' loaded for trajectory optimization.
[INFO] [1783916620.524710026, 295.242000000]: Footprint model 'polygon' loaded for trajectory optimization.
[INFO] [1783916621.078715531, 295.794000000]: Footprint model 'polygon' loaded for trajectory optimization.
[INFO] [1783916622.965024807, 297.680000000]: GOAL Reached!
[INFO] [1783916623.078327353, 297.792000000]: Footprint model 'polygon' loaded for trajectory optimization.
[INFO] [1783916623.914406418, 298.630000000]: Footprint model 'polygon' loaded for trajectory optimization.
[INFO] [1783916624.513410225, 299.230000000]: Footprint model 'polygon' loaded for trajectory optimization.
[INFO] [1783916625.116917857, 299.830000000]: Footprint model 'polygon' loaded for trajectory optimization.
[INFO] [1783916625.669274537, 300.380000000]: Footprint model 'polygon' loaded for trajectory optimization.
[INFO] [1783916627.456543396, 302.168000000]: GOAL Reached!
[INFO] [1783916627.562804300, 302.274000000]: Footprint model 'polygon' loaded for trajectory optimization.
[INFO] [1783916628.400096418, 303.112000000]: Footprint model 'polygon' loaded for trajectory optimization.
[INFO] [1783916628.997898708, 303.710000000]: Footprint model 'polygon' loaded for trajectory optimization.
[INFO] [1783916629.551824492, 304.260000000]: Footprint model 'polygon' loaded for trajectory optimization.
[INFO] [1783916630.201936962, 304.908000000]: Footprint model 'polygon' loaded for trajectory optimization.
[INFO] [1783916630.801784514, 305.510000000]: Footprint model 'polygon' loaded for trajectory optimization.
[INFO] [1783916632.439778029, 307.148000000]: GOAL Reached!
[INFO] [1783916632.554137688, 307.262000000]: Footprint model 'polygon' loaded for trajectory optimization.
[INFO] [1783916633.404303208, 308.108000000]: Footprint model 'polygon' loaded for trajectory optimization.
[INFO] [1783916633.945922729, 308.652000000]: Footprint model 'polygon' loaded for trajectory optimization.
[INFO] [1783916634.595038229, 309.300000000]: Footprint model 'polygon' loaded for trajectory optimization.
[INFO] [1783916635.192856837, 309.898000000]: Footprint model 'polygon' loaded for trajectory optimization.
[INFO] [1783916637.033534046, 311.738000000]: GOAL Reached!
[INFO] [1783916637.149825261, 311.852000000]: Footprint model 'polygon' loaded for trajectory optimization.
[INFO] [1783916637.989661202, 312.690000000]: Footprint model 'polygon' loaded for trajectory optimization.
[INFO] [1783916638.589793129, 313.290000000]: Footprint model 'polygon' loaded for trajectory optimization.
[INFO] [1783916639.147352604, 313.846000000]: Footprint model 'polygon' loaded for trajectory optimization.
[INFO] [1783916639.793581360, 314.492000000]: Footprint model 'polygon' loaded for trajectory optimization.
[INFO] [1783916641.628815352, 316.328000000]: GOAL Reached!
[INFO] [1783916641.741518632, 316.440000000]: Footprint model 'polygon' loaded for trajectory optimization.
[INFO] [1783916642.592760346, 317.290000000]: Footprint model 'polygon' loaded for trajectory optimization.
[INFO] [1783916643.178818079, 317.876000000]: Footprint model 'polygon' loaded for trajectory optimization.
[INFO] [1783916643.780923419, 318.476000000]: Footprint model 'polygon' loaded for trajectory optimization.
[INFO] [1783916644.333143507, 319.026000000]: Footprint model 'polygon' loaded for trajectory optimization.
[INFO] [1783916646.220438609, 320.914000000]: GOAL Reached!
[INFO] [1783916646.325231370, 321.018000000]: Footprint model 'polygon' loaded for trajectory optimization.
[INFO] [1783916647.181476731, 321.876000000]: Footprint model 'polygon' loaded for trajectory optimization.
[INFO] [1783916647.767987028, 322.458000000]: Footprint model 'polygon' loaded for trajectory optimization.
[INFO] [1783916648.365709095, 323.056000000]: Footprint model 'polygon' loaded for trajectory optimization.
[INFO] [1783916648.963708978, 323.654000000]: Footprint model 'polygon' loaded for trajectory optimization.
[INFO] [1783916650.806092642, 325.494000000]: GOAL Reached!
[INFO] [1783916650.921511667, 325.608000000]: Footprint model 'polygon' loaded for trajectory optimization.
[INFO] [1783916651.763457327, 326.452000000]: Footprint model 'polygon' loaded for trajectory optimization.
[INFO] [1783916652.356826985, 327.044000000]: Footprint model 'polygon' loaded for trajectory optimization.
[INFO] [1783916652.956945940, 327.642000000]: Footprint model 'polygon' loaded for trajectory optimization.
[INFO] [1783916653.554178282, 328.242000000]: Footprint model 'polygon' loaded for trajectory optimization.
[INFO] [1783916655.398726627, 330.082000000]: GOAL Reached!
[INFO] [1783916655.515373011, 330.198000000]: Footprint model 'polygon' loaded for trajectory optimization.
[INFO] [1783916656.345929908, 331.028000000]: Footprint model 'polygon' loaded for trajectory optimization.
[INFO] [1783916656.954775123, 331.638000000]: Footprint model 'polygon' loaded for trajectory optimization.
[INFO] [1783916657.554512849, 332.236000000]: Footprint model 'polygon' loaded for trajectory optimization.
[INFO] [1783916658.151274937, 332.834000000]: Footprint model 'polygon' loaded for trajectory optimization.
[INFO] [1783916660.093403794, 334.774000000]: GOAL Reached!
[INFO] [1783916660.208101389, 334.888000000]: Footprint model 'polygon' loaded for trajectory optimization.
[INFO] [1783916661.052082883, 335.732000000]: Footprint model 'polygon' loaded for trajectory optimization.
[INFO] [1783916661.605977455, 336.286000000]: Footprint model 'polygon' loaded for trajectory optimization.
[INFO] [1783916662.195474927, 336.876000000]: Footprint model 'polygon' loaded for trajectory optimization.
[INFO] [1783916662.846266520, 337.524000000]: Footprint model 'polygon' loaded for trajectory optimization.
[INFO] [1783916664.685848222, 339.364000000]: GOAL Reached!
[INFO] [1783916664.801384032, 339.478000000]: Footprint model 'polygon' loaded for trajectory optimization.
[INFO] [1783916665.632630008, 340.308000000]: Footprint model 'polygon' loaded for trajectory optimization.
[INFO] [1783916666.243213755, 340.918000000]: Footprint model 'polygon' loaded for trajectory optimization.
[INFO] [1783916666.842641317, 341.516000000]: Footprint model 'polygon' loaded for trajectory optimization.
[INFO] [1783916667.442730560, 342.118000000]: Footprint model 'polygon' loaded for trajectory optimization.
[INFO] [1783916669.280834273, 343.954000000]: GOAL Reached!
[INFO] [1783916669.387498356, 344.058000000]: Footprint model 'polygon' loaded for trajectory optimization.
[INFO] [1783916670.240675705, 344.912000000]: Footprint model 'polygon' loaded for trajectory optimization.
[INFO] [1783916670.829450250, 345.500000000]: Footprint model 'polygon' loaded for trajectory optimization.
[INFO] [1783916671.429320723, 346.100000000]: Footprint model 'polygon' loaded for trajectory optimization.
[INFO] [1783916672.026899180, 346.698000000]: Footprint model 'polygon' loaded for trajectory optimization.
[INFO] [1783916673.869404151, 348.536000000]: GOAL Reached!
[INFO] [1783916673.975177182, 348.642000000]: Footprint model 'polygon' loaded for trajectory optimization.
[INFO] [1783916674.822343206, 349.490000000]: Footprint model 'polygon' loaded for trajectory optimization.
[INFO] [1783916675.418303232, 350.082000000]: Footprint model 'polygon' loaded for trajectory optimization.
[INFO] [1783916675.964269181, 350.630000000]: Footprint model 'polygon' loaded for trajectory optimization.
[INFO] [1783916676.614163401, 351.278000000]: Footprint model 'polygon' loaded for trajectory optimization.
[INFO] [1783916678.453568542, 353.118000000]: GOAL Reached!
[INFO] [1783916678.570417911, 353.234000000]: Footprint model 'polygon' loaded for trajectory optimization.
[INFO] [1783916679.410089326, 354.074000000]: Footprint model 'polygon' loaded for trajectory optimization.
[INFO] [1783916680.012192098, 354.672000000]: Footprint model 'polygon' loaded for trajectory optimization.
[INFO] [1783916680.611656650, 355.272000000]: Footprint model 'polygon' loaded for trajectory optimization.
[INFO] [1783916681.216011081, 355.876000000]: Footprint model 'polygon' loaded for trajectory optimization.
[INFO] [1783916683.050735397, 357.712000000]: GOAL Reached!
[INFO] [1783916683.168186947, 357.828000000]: Footprint model 'polygon' loaded for trajectory optimization.
[INFO] [1783916684.012049233, 358.670000000]: Footprint model 'polygon' loaded for trajectory optimization.
[INFO] [1783916684.609862396, 359.268000000]: Footprint model 'polygon' loaded for trajectory optimization.
[INFO] [1783916685.210861777, 359.868000000]: Footprint model 'polygon' loaded for trajectory optimization.
[INFO] [1783916685.810353786, 360.466000000]: Footprint model 'polygon' loaded for trajectory optimization.
[INFO] [1783916687.651407607, 362.306000000]: GOAL Reached!
[INFO] [1783916687.769676855, 362.422000000]: Footprint model 'polygon' loaded for trajectory optimization.
[INFO] [1783916688.614581151, 363.270000000]: Footprint model 'polygon' loaded for trajectory optimization.
[INFO] [1783916689.211083030, 363.864000000]: Footprint model 'polygon' loaded for trajectory optimization.
[INFO] [1783916689.815492157, 364.470000000]: Footprint model 'polygon' loaded for trajectory optimization.
[INFO] [1783916690.412095445, 365.066000000]: Footprint model 'polygon' loaded for trajectory optimization.
[INFO] [1783916692.150043358, 366.800000000]: GOAL Reached!
[INFO] [1783916692.269573591, 366.918000000]: Footprint model 'polygon' loaded for trajectory optimization.
[INFO] [1783916693.118042049, 367.768000000]: Footprint model 'polygon' loaded for trajectory optimization.
[INFO] [1783916693.715590265, 368.364000000]: Footprint model 'polygon' loaded for trajectory optimization.
[INFO] [1783916694.312208990, 368.960000000]: Footprint model 'polygon' loaded for trajectory optimization.
[INFO] [1783916694.864413751, 369.510000000]: Footprint model 'polygon' loaded for trajectory optimization.
[INFO] [1783916696.852011618, 371.498000000]: GOAL Reached!
[INFO] [1783916696.971565169, 371.616000000]: Footprint model 'polygon' loaded for trajectory optimization.
[INFO] [1783916697.803743550, 372.448000000]: Footprint model 'polygon' loaded for trajectory optimization.
[INFO] [1783916698.409462133, 373.054000000]: Footprint model 'polygon' loaded for trajectory optimization.
[INFO] [1783916699.008388934, 373.652000000]: Footprint model 'polygon' loaded for trajectory optimization.
[INFO] [1783916699.559638965, 374.204000000]: Footprint model 'polygon' loaded for trajectory optimization.
[INFO] [1783916701.251085558, 375.892000000]: GOAL Reached!
[INFO] [1783916701.365849205, 376.006000000]: Footprint model 'polygon' loaded for trajectory optimization.
[INFO] [1783916702.210762444, 376.852000000]: Footprint model 'polygon' loaded for trajectory optimization.
[INFO] [1783916702.805056696, 377.444000000]: Footprint model 'polygon' loaded for trajectory optimization.
[INFO] [1783916703.398748479, 378.040000000]: Footprint model 'polygon' loaded for trajectory optimization.
[INFO] [1783916703.954092763, 378.592000000]: Footprint model 'polygon' loaded for trajectory optimization.
[INFO] [1783916705.941650355, 380.580000000]: GOAL Reached!
[INFO] [1783916706.061924725, 380.700000000]: Footprint model 'polygon' loaded for trajectory optimization.
[INFO] [1783916706.913369427, 381.550000000]: Footprint model 'polygon' loaded for trajectory optimization.
[INFO] [1783916707.457222348, 382.094000000]: Footprint model 'polygon' loaded for trajectory optimization.
[INFO] [1783916708.102815925, 382.740000000]: Footprint model 'polygon' loaded for trajectory optimization.
[INFO] [1783916708.653238145, 383.290000000]: Footprint model 'polygon' loaded for trajectory optimization.
[INFO] [1783916710.445292609, 385.078000000]: GOAL Reached!
[INFO] [1783916710.551272457, 385.184000000]: Footprint model 'polygon' loaded for trajectory optimization.
[INFO] [1783916711.396240277, 386.030000000]: Footprint model 'polygon' loaded for trajectory optimization.
[INFO] [1783916711.993828906, 386.626000000]: Footprint model 'polygon' loaded for trajectory optimization.
[INFO] [1783916712.598001022, 387.230000000]: Footprint model 'polygon' loaded for trajectory optimization.
[INFO] [1783916713.147636900, 387.778000000]: Footprint model 'polygon' loaded for trajectory optimization.
[INFO] [1783916715.032629459, 389.662000000]: GOAL Reached!
[INFO] [1783916715.145003259, 389.774000000]: Footprint model 'polygon' loaded for trajectory optimization.
[INFO] [1783916715.980945847, 390.608000000]: Footprint model 'polygon' loaded for trajectory optimization.
[INFO] [1783916716.538371561, 391.166000000]: Footprint model 'polygon' loaded for trajectory optimization.
[INFO] [1783916717.187085196, 391.814000000]: Footprint model 'polygon' loaded for trajectory optimization.
[INFO] [1783916717.737496551, 392.364000000]: Footprint model 'polygon' loaded for trajectory optimization.
[INFO] [1783916719.726319309, 394.352000000]: GOAL Reached!
[INFO] [1783916719.836279804, 394.460000000]: Footprint model 'polygon' loaded for trajectory optimization.
[INFO] [1783916720.686747430, 395.310000000]: Footprint model 'polygon' loaded for trajectory optimization.
[INFO] [1783916721.276790636, 395.900000000]: Footprint model 'polygon' loaded for trajectory optimization.
[INFO] [1783916721.830934154, 396.454000000]: Footprint model 'polygon' loaded for trajectory optimization.
[INFO] [1783916722.429591454, 397.052000000]: Footprint model 'polygon' loaded for trajectory optimization.
[INFO] [1783916724.215655260, 398.836000000]: GOAL Reached!
[INFO] [1783916724.333922966, 398.954000000]: Footprint model 'polygon' loaded for trajectory optimization.
[INFO] [1783916725.171933139, 399.790000000]: Footprint model 'polygon' loaded for trajectory optimization.
[INFO] [1783916725.727410234, 400.346000000]: Footprint model 'polygon' loaded for trajectory optimization.
[INFO] [1783916726.373161909, 400.994000000]: Footprint model 'polygon' loaded for trajectory optimization.
[INFO] [1783916726.974481379, 401.594000000]: Footprint model 'polygon' loaded for trajectory optimization.
[INFO] [1783916728.716251685, 403.332000000]: GOAL Reached!
[INFO] [1783916728.833274563, 403.448000000]: Footprint model 'polygon' loaded for trajectory optimization.
[INFO] [1783916729.674236222, 404.288000000]: Footprint model 'polygon' loaded for trajectory optimization.
[INFO] [1783916730.219728720, 404.836000000]: Footprint model 'polygon' loaded for trajectory optimization.
[INFO] [1783916730.818724447, 405.434000000]: Footprint model 'polygon' loaded for trajectory optimization.
[INFO] [1783916731.467099586, 406.082000000]: Footprint model 'polygon' loaded for trajectory optimization.
[INFO] [1783916733.308273445, 407.922000000]: GOAL Reached!
[INFO] [1783916733.416002454, 408.028000000]: Footprint model 'polygon' loaded for trajectory optimization.
[INFO] [1783916734.257836691, 408.870000000]: Footprint model 'polygon' loaded for trajectory optimization.
[INFO] [1783916734.807731093, 409.420000000]: Footprint model 'polygon' loaded for trajectory optimization.
[INFO] [1783916735.452428204, 410.064000000]: Footprint model 'polygon' loaded for trajectory optimization.
[INFO] [1783916736.003149256, 410.616000000]: Footprint model 'polygon' loaded for trajectory optimization.
[INFO] [1783916737.794254981, 412.404000000]: GOAL Reached!
[INFO] [1783916737.910249361, 412.518000000]: Footprint model 'polygon' loaded for trajectory optimization.
[INFO] [1783916738.747326662, 413.356000000]: Footprint model 'polygon' loaded for trajectory optimization.
[INFO] [1783916739.298353681, 413.908000000]: Footprint model 'polygon' loaded for trajectory optimization.
[INFO] [1783916739.949552078, 414.556000000]: Footprint model 'polygon' loaded for trajectory optimization.
[INFO] [1783916740.547716743, 415.154000000]: Footprint model 'polygon' loaded for trajectory optimization.
[INFO] [1783916741.148659940, 415.754000000]: Footprint model 'polygon' loaded for trajectory optimization.
[INFO] [1783916742.786429347, 417.392000000]: GOAL Reached!
[INFO] [1783916742.904388552, 417.510000000]: Footprint model 'polygon' loaded for trajectory optimization.
[INFO] [1783916743.747534161, 418.350000000]: Footprint model 'polygon' loaded for trajectory optimization.
[INFO] [1783916744.344905710, 418.950000000]: Footprint model 'polygon' loaded for trajectory optimization.
[INFO] [1783916744.947204372, 419.548000000]: Footprint model 'polygon' loaded for trajectory optimization.
[INFO] [1783916745.544778862, 420.146000000]: Footprint model 'polygon' loaded for trajectory optimization.
[INFO] [1783916747.385736576, 421.986000000]: GOAL Reached!
[INFO] [1783916747.502508020, 422.100000000]: Footprint model 'polygon' loaded for trajectory optimization.
[INFO] [1783916748.350163046, 422.950000000]: Footprint model 'polygon' loaded for trajectory optimization.
[INFO] [1783916748.938659294, 423.538000000]: Footprint model 'polygon' loaded for trajectory optimization.
[INFO] [1783916749.538930937, 424.138000000]: Footprint model 'polygon' loaded for trajectory optimization.
[INFO] [1783916750.137914293, 424.736000000]: Footprint model 'polygon' loaded for trajectory optimization.
[INFO] [1783916751.979237322, 426.576000000]: GOAL Reached!
[INFO] [1783916752.093017745, 426.688000000]: Footprint model 'polygon' loaded for trajectory optimization.
[INFO] [1783916752.934703560, 427.530000000]: Footprint model 'polygon' loaded for trajectory optimization.
[INFO] [1783916753.485062339, 428.078000000]: Footprint model 'polygon' loaded for trajectory optimization.
[INFO] [1783916754.081231072, 428.676000000]: Footprint model 'polygon' loaded for trajectory optimization.
[INFO] [1783916754.730770268, 429.324000000]: Footprint model 'polygon' loaded for trajectory optimization.
[INFO] [1783916756.571562199, 431.164000000]: GOAL Reached!
[INFO] [1783916756.685569711, 431.278000000]: Footprint model 'polygon' loaded for trajectory optimization.
[INFO] [1783916757.521395053, 432.110000000]: Footprint model 'polygon' loaded for trajectory optimization.
[INFO] [1783916758.123088905, 432.712000000]: Footprint model 'polygon' loaded for trajectory optimization.
[INFO] [1783916758.673677862, 433.264000000]: Footprint model 'polygon' loaded for trajectory optimization.
[INFO] [1783916759.276653853, 433.864000000]: Footprint model 'polygon' loaded for trajectory optimization.
[INFO] [1783916761.063737954, 435.652000000]: GOAL Reached!
[INFO] [1783916761.178138605, 435.766000000]: Footprint model 'polygon' loaded for trajectory optimization.
[INFO] [1783916762.027659903, 436.612000000]: Footprint model 'polygon' loaded for trajectory optimization.
[INFO] [1783916762.627503338, 437.212000000]: Footprint model 'polygon' loaded for trajectory optimization.
[INFO] [1783916763.218587291, 437.804000000]: Footprint model 'polygon' loaded for trajectory optimization.
[INFO] [1783916763.822946576, 438.406000000]: Footprint model 'polygon' loaded for trajectory optimization.
[INFO] [1783916765.559429033, 440.144000000]: GOAL Reached!
[INFO] [1783916765.672517466, 440.256000000]: Footprint model 'polygon' loaded for trajectory optimization.
[INFO] [1783916766.508791445, 441.090000000]: Footprint model 'polygon' loaded for trajectory optimization.
[INFO] [1783916767.116337603, 441.696000000]: Footprint model 'polygon' loaded for trajectory optimization.
[INFO] [1783916767.710623412, 442.292000000]: Footprint model 'polygon' loaded for trajectory optimization.
[INFO] [1783916768.313114216, 442.894000000]: Footprint model 'polygon' loaded for trajectory optimization.
[INFO] [1783916770.253452909, 444.832000000]: GOAL Reached!
[INFO] [1783916770.359984403, 444.938000000]: Footprint model 'polygon' loaded for trajectory optimization.
[INFO] [1783916771.192477872, 445.770000000]: Footprint model 'polygon' loaded for trajectory optimization.
[INFO] [1783916771.799058629, 446.376000000]: Footprint model 'polygon' loaded for trajectory optimization.
[INFO] [1783916772.350721150, 446.928000000]: Footprint model 'polygon' loaded for trajectory optimization.
[INFO] [1783916773.000582887, 447.576000000]: Footprint model 'polygon' loaded for trajectory optimization.
[INFO] [1783916774.741054420, 449.314000000]: GOAL Reached!
[INFO] [1783916774.852313558, 449.426000000]: Footprint model 'polygon' loaded for trajectory optimization.
[INFO] [1783916775.697520667, 450.270000000]: Footprint model 'polygon' loaded for trajectory optimization.
[INFO] [1783916776.295318185, 450.868000000]: Footprint model 'polygon' loaded for trajectory optimization.
[INFO] [1783916776.892296242, 451.464000000]: Footprint model 'polygon' loaded for trajectory optimization.
[INFO] [1783916777.444123166, 452.016000000]: Footprint model 'polygon' loaded for trajectory optimization.
[INFO] [1783916779.433186164, 454.002000000]: GOAL Reached!
[INFO] [1783916779.547843623, 454.116000000]: Footprint model 'polygon' loaded for trajectory optimization.
[INFO] [1783916780.400162752, 454.970000000]: Footprint model 'polygon' loaded for trajectory optimization.
[INFO] [1783916780.947682735, 455.512000000]: Footprint model 'polygon' loaded for trajectory optimization.
[INFO] [1783916781.539135555, 456.108000000]: Footprint model 'polygon' loaded for trajectory optimization.
[INFO] [1783916782.136803303, 456.706000000]: Footprint model 'polygon' loaded for trajectory optimization.
[INFO] [1783916784.126486477, 458.694000000]: GOAL Reached!
[INFO] [1783916784.239802214, 458.806000000]: Footprint model 'polygon' loaded for trajectory optimization.
[INFO] [1783916785.087701907, 459.650000000]: Footprint model 'polygon' loaded for trajectory optimization.
[INFO] [1783916785.634580054, 460.198000000]: Footprint model 'polygon' loaded for trajectory optimization.
[INFO] [1783916786.232908491, 460.796000000]: Footprint model 'polygon' loaded for trajectory optimization.
[INFO] [1783916786.833755086, 461.396000000]: Footprint model 'polygon' loaded for trajectory optimization.
[INFO] [1783916788.621305458, 463.184000000]: GOAL Reached!
[INFO] [1783916788.735472678, 463.296000000]: Footprint model 'polygon' loaded for trajectory optimization.
[INFO] [1783916789.571060591, 464.130000000]: Footprint model 'polygon' loaded for trajectory optimization.
[INFO] [1783916790.125050135, 464.684000000]: Footprint model 'polygon' loaded for trajectory optimization.
[INFO] [1783916790.725375227, 465.282000000]: Footprint model 'polygon' loaded for trajectory optimization.
[INFO] [1783916791.370718076, 465.930000000]: Footprint model 'polygon' loaded for trajectory optimization.
[INFO] [1783916793.212495791, 467.770000000]: GOAL Reached!
[INFO] [1783916793.327132559, 467.884000000]: Footprint model 'polygon' loaded for trajectory optimization.
[INFO] [1783916794.172891946, 468.730000000]: Footprint model 'polygon' loaded for trajectory optimization.
[INFO] [1783916794.771017537, 469.324000000]: Footprint model 'polygon' loaded for trajectory optimization.
[INFO] [1783916795.364470207, 469.920000000]: Footprint model 'polygon' loaded for trajectory optimization.
[INFO] [1783916795.964296513, 470.520000000]: Footprint model 'polygon' loaded for trajectory optimization.
[INFO] [1783916797.708148218, 472.260000000]: GOAL Reached!
[INFO] [1783916797.822539842, 472.374000000]: Footprint model 'polygon' loaded for trajectory optimization.
[INFO] [1783916798.657979977, 473.210000000]: Footprint model 'polygon' loaded for trajectory optimization.
[INFO] [1783916799.263284518, 473.814000000]: Footprint model 'polygon' loaded for trajectory optimization.
[INFO] [1783916799.821022878, 474.370000000]: Footprint model 'polygon' loaded for trajectory optimization.
[INFO] [1783916800.465154305, 475.014000000]: Footprint model 'polygon' loaded for trajectory optimization.
[INFO] [1783916802.203426115, 476.752000000]: GOAL Reached!
[INFO] [1783916802.320645755, 476.868000000]: Footprint model 'polygon' loaded for trajectory optimization.
[INFO] [1783916803.161855881, 477.710000000]: Footprint model 'polygon' loaded for trajectory optimization.
[INFO] [1783916803.717041152, 478.262000000]: Footprint model 'polygon' loaded for trajectory optimization.
[INFO] [1783916804.314205269, 478.862000000]: Footprint model 'polygon' loaded for trajectory optimization.
[INFO] [1783916804.964708883, 479.510000000]: Footprint model 'polygon' loaded for trajectory optimization.
[INFO] [1783916806.703034236, 481.248000000]: GOAL Reached!
[INFO] [1783916806.808190334, 481.352000000]: Footprint model 'polygon' loaded for trajectory optimization.
[INFO] [1783916807.647720644, 482.190000000]: Footprint model 'polygon' loaded for trajectory optimization.
[INFO] [1783916808.200735927, 482.744000000]: Footprint model 'polygon' loaded for trajectory optimization.
[INFO] [1783916808.854545869, 483.396000000]: Footprint model 'polygon' loaded for trajectory optimization.
[INFO] [1783916809.453602130, 483.994000000]: Footprint model 'polygon' loaded for trajectory optimization.
[INFO] [1783916811.291732554, 485.830000000]: GOAL Reached!
[INFO] [1783916811.405876260, 485.942000000]: Footprint model 'polygon' loaded for trajectory optimization.
[INFO] [1783916812.248245370, 486.788000000]: Footprint model 'polygon' loaded for trajectory optimization.
[INFO] [1783916812.795779711, 487.334000000]: Footprint model 'polygon' loaded for trajectory optimization.
[INFO] [1783916813.444424225, 487.982000000]: Footprint model 'polygon' loaded for trajectory optimization.
[INFO] [1783916814.044340668, 488.582000000]: Footprint model 'polygon' loaded for trajectory optimization.
[INFO] [1783916815.787676813, 490.320000000]: GOAL Reached!
[INFO] [1783916815.900221961, 490.432000000]: Footprint model 'polygon' loaded for trajectory optimization.
[INFO] [1783916816.740591594, 491.272000000]: Footprint model 'polygon' loaded for trajectory optimization.
[INFO] [1783916817.340021308, 491.872000000]: Footprint model 'polygon' loaded for trajectory optimization.
[INFO] [1783916817.940506349, 492.472000000]: Footprint model 'polygon' loaded for trajectory optimization.
[INFO] [1783916818.492329576, 493.024000000]: Footprint model 'polygon' loaded for trajectory optimization.
[INFO] [1783916820.377784070, 494.910000000]: GOAL Reached!
[INFO] [1783916820.492355008, 495.024000000]: Footprint model 'polygon' loaded for trajectory optimization.
[INFO] [1783916821.342308529, 495.870000000]: Footprint model 'polygon' loaded for trajectory optimization.
[INFO] [1783916821.884416763, 496.414000000]: Footprint model 'polygon' loaded for trajectory optimization.
[INFO] [1783916822.486317457, 497.012000000]: Footprint model 'polygon' loaded for trajectory optimization.
[INFO] [1783916823.083929732, 497.612000000]: Footprint model 'polygon' loaded for trajectory optimization.
[INFO] [1783916824.972502091, 499.500000000]: GOAL Reached!
[INFO] [1783916825.078901867, 499.606000000]: Footprint model 'polygon' loaded for trajectory optimization.
[INFO] [1783916825.922327573, 500.448000000]: Footprint model 'polygon' loaded for trajectory optimization.
[INFO] [1783916826.473373868, 500.998000000]: Footprint model 'polygon' loaded for trajectory optimization.
[INFO] [1783916827.067978741, 501.592000000]: Footprint model 'polygon' loaded for trajectory optimization.
[INFO] [1783916827.716568297, 502.240000000]: Footprint model 'polygon' loaded for trajectory optimization.
[INFO] [1783916829.456181543, 503.980000000]: GOAL Reached!
[INFO] [1783916829.568296161, 504.092000000]: Footprint model 'polygon' loaded for trajectory optimization.
[INFO] [1783916830.405171345, 504.928000000]: Footprint model 'polygon' loaded for trajectory optimization.
[INFO] [1783916831.012069467, 505.534000000]: Footprint model 'polygon' loaded for trajectory optimization.
[INFO] [1783916831.609322971, 506.130000000]: Footprint model 'polygon' loaded for trajectory optimization.
[INFO] [1783916832.211053610, 506.730000000]: Footprint model 'polygon' loaded for trajectory optimization.
[INFO] [1783916834.050747742, 508.568000000]: GOAL Reached!
[INFO] [1783916834.163017985, 508.680000000]: Footprint model 'polygon' loaded for trajectory optimization.
[INFO] [1783916835.011540508, 509.530000000]: Footprint model 'polygon' loaded for trajectory optimization.
[INFO] [1783916835.601362087, 510.118000000]: Footprint model 'polygon' loaded for trajectory optimization.
[INFO] [1783916836.200576726, 510.718000000]: Footprint model 'polygon' loaded for trajectory optimization.
[INFO] [1783916836.752466777, 511.268000000]: Footprint model 'polygon' loaded for trajectory optimization.
[INFO] [1783916838.640693824, 513.156000000]: GOAL Reached!
[INFO] [1783916838.745335979, 513.260000000]: Footprint model 'polygon' loaded for trajectory optimization.
[INFO] [1783916839.599566875, 514.114000000]: Footprint model 'polygon' loaded for trajectory optimization.
[INFO] [1783916840.186418075, 514.698000000]: Footprint model 'polygon' loaded for trajectory optimization.
[INFO] [1783916840.737346989, 515.250000000]: Footprint model 'polygon' loaded for trajectory optimization.
[INFO] [1783916841.336376342, 515.848000000]: Footprint model 'polygon' loaded for trajectory optimization.
[INFO] [1783916843.226438098, 517.736000000]: GOAL Reached!
[INFO] [1783916843.341634341, 517.850000000]: Footprint model 'polygon' loaded for trajectory optimization.
[INFO] [1783916844.182920756, 518.690000000]: Footprint model 'polygon' loaded for trajectory optimization.
[INFO] [1783916844.728744535, 519.236000000]: Footprint model 'polygon' loaded for trajectory optimization.
[INFO] [1783916845.327065354, 519.836000000]: Footprint model 'polygon' loaded for trajectory optimization.
[INFO] [1783916845.978918032, 520.486000000]: Footprint model 'polygon' loaded for trajectory optimization.
[INFO] [1783916847.717265679, 522.224000000]: GOAL Reached!
[INFO] [1783916847.826825481, 522.334000000]: Footprint model 'polygon' loaded for trajectory optimization.
[INFO] [1783916848.663449480, 523.170000000]: Footprint model 'polygon' loaded for trajectory optimization.
[INFO] [1783916849.268148407, 523.770000000]: Footprint model 'polygon' loaded for trajectory optimization.
[INFO] [1783916849.815508683, 524.320000000]: Footprint model 'polygon' loaded for trajectory optimization.
[INFO] [1783916850.415503423, 524.920000000]: Footprint model 'polygon' loaded for trajectory optimization.
[INFO] [1783916852.205003054, 526.708000000]: GOAL Reached!
[INFO] [1783916852.319649395, 526.822000000]: Footprint model 'polygon' loaded for trajectory optimization.
[INFO] [1783916853.169598506, 527.670000000]: Footprint model 'polygon' loaded for trajectory optimization.
[INFO] [1783916853.715165914, 528.214000000]: Footprint model 'polygon' loaded for trajectory optimization.
[INFO] [1783916854.313223909, 528.814000000]: Footprint model 'polygon' loaded for trajectory optimization.
[INFO] [1783916854.912448227, 529.414000000]: Footprint model 'polygon' loaded for trajectory optimization.
[INFO] [1783916856.803935719, 531.302000000]: GOAL Reached!
[INFO] [1783916856.922170525, 531.420000000]: Footprint model 'polygon' loaded for trajectory optimization.
[INFO] [1783916857.775950458, 532.272000000]: Footprint model 'polygon' loaded for trajectory optimization.
[INFO] [1783916858.364758294, 532.860000000]: Footprint model 'polygon' loaded for trajectory optimization.
[INFO] [1783916858.962860325, 533.458000000]: Footprint model 'polygon' loaded for trajectory optimization.
[INFO] [1783916859.512168245, 534.008000000]: Footprint model 'polygon' loaded for trajectory optimization.
[INFO] [1783916861.505563347, 535.996000000]: GOAL Reached!
[INFO] [1783916861.615901345, 536.106000000]: Footprint model 'polygon' loaded for trajectory optimization.
[INFO] [1783916862.459113472, 536.950000000]: Footprint model 'polygon' loaded for trajectory optimization.
[INFO] [1783916863.053671521, 537.544000000]: Footprint model 'polygon' loaded for trajectory optimization.
[INFO] [1783916863.653804461, 538.146000000]: Footprint model 'polygon' loaded for trajectory optimization.
[INFO] [1783916864.251075079, 538.742000000]: Footprint model 'polygon' loaded for trajectory optimization.
[INFO] [1783916866.094518602, 540.582000000]: GOAL Reached!
[INFO] [1783916866.210157335, 540.698000000]: Footprint model 'polygon' loaded for trajectory optimization.
[INFO] [1783916867.043535244, 541.532000000]: Footprint model 'polygon' loaded for trajectory optimization.
[INFO] [1783916867.648230563, 542.136000000]: Footprint model 'polygon' loaded for trajectory optimization.
[INFO] [1783916868.199563107, 542.686000000]: Footprint model 'polygon' loaded for trajectory optimization.
[INFO] [1783916868.801313621, 543.288000000]: Footprint model 'polygon' loaded for trajectory optimization.
[INFO] [1783916870.689852193, 545.174000000]: GOAL Reached!
[INFO] [1783916870.797691319, 545.282000000]: Footprint model 'polygon' loaded for trajectory optimization.
[INFO] [1783916871.645532481, 546.130000000]: Footprint model 'polygon' loaded for trajectory optimization.
[INFO] [1783916872.237126574, 546.720000000]: Footprint model 'polygon' loaded for trajectory optimization.
[INFO] [1783916872.838510012, 547.320000000]: Footprint model 'polygon' loaded for trajectory optimization.
[INFO] [1783916873.386086419, 547.866000000]: Footprint model 'polygon' loaded for trajectory optimization.
[INFO] [1783916875.274484030, 549.756000000]: GOAL Reached!
[INFO] [1783916875.386974582, 549.868000000]: Footprint model 'polygon' loaded for trajectory optimization.
[INFO] [1783916876.231817571, 550.710000000]: Footprint model 'polygon' loaded for trajectory optimization.
[INFO] [1783916876.834089052, 551.312000000]: Footprint model 'polygon' loaded for trajectory optimization.
[INFO] [1783916877.379047224, 551.856000000]: Footprint model 'polygon' loaded for trajectory optimization.
[INFO] [1783916878.030747096, 552.506000000]: Footprint model 'polygon' loaded for trajectory optimization.
[INFO] [1783916879.768784205, 554.244000000]: GOAL Reached!
[INFO] [1783916879.888167119, 554.362000000]: Footprint model 'polygon' loaded for trajectory optimization.
[INFO] [1783916880.735303578, 555.210000000]: Footprint model 'polygon' loaded for trajectory optimization.
[INFO] [1783916881.327495210, 555.802000000]: Footprint model 'polygon' loaded for trajectory optimization.
[INFO] [1783916881.925622868, 556.400000000]: Footprint model 'polygon' loaded for trajectory optimization.
[INFO] [1783916882.477495923, 556.950000000]: Footprint model 'polygon' loaded for trajectory optimization.
[INFO] [1783916884.268246848, 558.738000000]: GOAL Reached!
[INFO] [1783916884.384345592, 558.852000000]: Footprint model 'polygon' loaded for trajectory optimization.
[INFO] [1783916885.222287883, 559.694000000]: Footprint model 'polygon' loaded for trajectory optimization.
[INFO] [1783916885.819634885, 560.292000000]: Footprint model 'polygon' loaded for trajectory optimization.
[INFO] [1783916886.371330757, 560.840000000]: Footprint model 'polygon' loaded for trajectory optimization.
[INFO] [1783916886.971328099, 561.442000000]: Footprint model 'polygon' loaded for trajectory optimization.
[INFO] [1783916888.760913303, 563.228000000]: GOAL Reached!
[INFO] [1783916888.865928883, 563.332000000]: Footprint model 'polygon' loaded for trajectory optimization.
[INFO] [1783916889.701064912, 564.168000000]: Footprint model 'polygon' loaded for trajectory optimization.
[INFO] [1783916890.259889659, 564.724000000]: Footprint model 'polygon' loaded for trajectory optimization.
[INFO] [1783916890.904255985, 565.368000000]: Footprint model 'polygon' loaded for trajectory optimization.
[INFO] [1783916891.457592524, 565.922000000]: Footprint model 'polygon' loaded for trajectory optimization.
[INFO] [1783916893.346357367, 567.810000000]: GOAL Reached!
[INFO] [1783916893.455898625, 567.918000000]: Footprint model 'polygon' loaded for trajectory optimization.
[INFO] [1783916894.287936650, 568.750000000]: Footprint model 'polygon' loaded for trajectory optimization.
[INFO] [1783916894.845275239, 569.306000000]: Footprint model 'polygon' loaded for trajectory optimization.
[INFO] [1783916895.446838595, 569.910000000]: Footprint model 'polygon' loaded for trajectory optimization.
[INFO] [1783916896.094504439, 570.554000000]: Footprint model 'polygon' loaded for trajectory optimization.
[INFO] [1783916897.834771909, 572.294000000]: GOAL Reached!
[INFO] [1783916897.941691085, 572.400000000]: Footprint model 'polygon' loaded for trajectory optimization.
[INFO] [1783916898.792870125, 573.250000000]: Footprint model 'polygon' loaded for trajectory optimization.
[INFO] [1783916899.338429842, 573.794000000]: Footprint model 'polygon' loaded for trajectory optimization.
[INFO] [1783916899.985819323, 574.440000000]: Footprint model 'polygon' loaded for trajectory optimization.
[INFO] [1783916900.537960822, 574.992000000]: Footprint model 'polygon' loaded for trajectory optimization.
[INFO] [1783916902.324397544, 576.780000000]: GOAL Reached!
[INFO] [1783916902.441623339, 576.896000000]: Footprint model 'polygon' loaded for trajectory optimization.
[INFO] [1783916903.294466796, 577.750000000]: Footprint model 'polygon' loaded for trajectory optimization.
[INFO] [1783916903.836083909, 578.288000000]: Footprint model 'polygon' loaded for trajectory optimization.
[INFO] [1783916904.482535556, 578.934000000]: Footprint model 'polygon' loaded for trajectory optimization.
[INFO] [1783916905.031684149, 579.486000000]: Footprint model 'polygon' loaded for trajectory optimization.
[INFO] [1783916906.824252616, 581.274000000]: GOAL Reached!
[INFO] [1783916906.939945566, 581.388000000]: Footprint model 'polygon' loaded for trajectory optimization.
[INFO] [1783916907.779452443, 582.230000000]: Footprint model 'polygon' loaded for trajectory optimization.
[INFO] [1783916908.379795125, 582.828000000]: Footprint model 'polygon' loaded for trajectory optimization.
[INFO] [1783916908.928422065, 583.378000000]: Footprint model 'polygon' loaded for trajectory optimization.
[INFO] [1783916909.577165387, 584.024000000]: Footprint model 'polygon' loaded for trajectory optimization.
[INFO] [1783916911.417749917, 585.864000000]: GOAL Reached!
[INFO] [1783916911.524605022, 585.970000000]: Footprint model 'polygon' loaded for trajectory optimization.
[INFO] [1783916912.367216008, 586.812000000]: Footprint model 'polygon' loaded for trajectory optimization.
[INFO] [1783916912.919208689, 587.364000000]: Footprint model 'polygon' loaded for trajectory optimization.
[INFO] [1783916913.522881575, 587.966000000]: Footprint model 'polygon' loaded for trajectory optimization.
[INFO] [1783916914.167460965, 588.610000000]: Footprint model 'polygon' loaded for trajectory optimization.
[INFO] [1783916916.009269210, 590.450000000]: GOAL Reached!
[INFO] [1783916916.120844897, 590.562000000]: Footprint model 'polygon' loaded for trajectory optimization.
[INFO] [1783916916.968906198, 591.410000000]: Footprint model 'polygon' loaded for trajectory optimization.
[INFO] [1783916917.559232343, 591.998000000]: Footprint model 'polygon' loaded for trajectory optimization.
[INFO] [1783916918.158138810, 592.598000000]: Footprint model 'polygon' loaded for trajectory optimization.
[INFO] [1783916918.765859007, 593.202000000]: Footprint model 'polygon' loaded for trajectory optimization.
[INFO] [1783916920.600029446, 595.036000000]: GOAL Reached!
[INFO] [1783916920.718960908, 595.156000000]: Footprint model 'polygon' loaded for trajectory optimization.
[INFO] [1783916921.556851801, 595.992000000]: Footprint model 'polygon' loaded for trajectory optimization.
[INFO] [1783916922.109230516, 596.544000000]: Footprint model 'polygon' loaded for trajectory optimization.
[INFO] [1783916922.704641568, 597.140000000]: Footprint model 'polygon' loaded for trajectory optimization.
[INFO] [1783916923.358264601, 597.792000000]: Footprint model 'polygon' loaded for trajectory optimization.
[INFO] [1783916925.098944572, 599.530000000]: GOAL Reached!
[INFO] [1783916925.213121203, 599.644000000]: Footprint model 'polygon' loaded for trajectory optimization.
[INFO] [1783916926.059535477, 600.490000000]: Footprint model 'polygon' loaded for trajectory optimization.
[INFO] [1783916926.601916905, 601.032000000]: Footprint model 'polygon' loaded for trajectory optimization.
[INFO] [1783916927.249480901, 601.680000000]: Footprint model 'polygon' loaded for trajectory optimization.
[INFO] [1783916927.849005781, 602.280000000]: Footprint model 'polygon' loaded for trajectory optimization.
[INFO] [1783916929.688974573, 604.118000000]: GOAL Reached!
[INFO] [1783916929.804167950, 604.232000000]: Footprint model 'polygon' loaded for trajectory optimization.
[INFO] [1783916930.642251304, 605.070000000]: Footprint model 'polygon' loaded for trajectory optimization.
[INFO] [1783916931.246337694, 605.674000000]: Footprint model 'polygon' loaded for trajectory optimization.
[INFO] [1783916931.845413866, 606.272000000]: Footprint model 'polygon' loaded for trajectory optimization.
[INFO] [1783916932.444707354, 606.872000000]: Footprint model 'polygon' loaded for trajectory optimization.
[INFO] [1783916934.386389193, 608.810000000]: GOAL Reached!
[INFO] [1783916934.502094627, 608.924000000]: Footprint model 'polygon' loaded for trajectory optimization.
[INFO] [1783916935.347935479, 609.768000000]: Footprint model 'polygon' loaded for trajectory optimization.
[INFO] [1783916935.888124176, 610.312000000]: Footprint model 'polygon' loaded for trajectory optimization.
[INFO] [1783916936.539603172, 610.960000000]: Footprint model 'polygon' loaded for trajectory optimization.
[INFO] [1783916937.092290097, 611.512000000]: Footprint model 'polygon' loaded for trajectory optimization.
[INFO] [1783916939.076408141, 613.498000000]: GOAL Reached!
[INFO] [1783916939.191432248, 613.612000000]: Footprint model 'polygon' loaded for trajectory optimization.
[INFO] [1783916940.050162763, 614.468000000]: Footprint model 'polygon' loaded for trajectory optimization.
[INFO] [1783916940.593683331, 615.010000000]: Footprint model 'polygon' loaded for trajectory optimization.
[INFO] [1783916941.189745139, 615.608000000]: Footprint model 'polygon' loaded for trajectory optimization.
[INFO] [1783916941.848152766, 616.262000000]: Footprint model 'polygon' loaded for trajectory optimization.
[INFO] [1783916943.681351824, 618.096000000]: GOAL Reached!
[INFO] [1783916943.794737534, 618.208000000]: Footprint model 'polygon' loaded for trajectory optimization.
[INFO] [1783916944.637695833, 619.052000000]: Footprint model 'polygon' loaded for trajectory optimization.
[INFO] [1783916945.231722439, 619.644000000]: Footprint model 'polygon' loaded for trajectory optimization.
[INFO] [1783916945.779864823, 620.194000000]: Footprint model 'polygon' loaded for trajectory optimization.
[INFO] [1783916946.382347506, 620.796000000]: Footprint model 'polygon' loaded for trajectory optimization.
[INFO] [1783916948.372280358, 622.782000000]: GOAL Reached!
[INFO] [1783916948.484064575, 622.894000000]: Footprint model 'polygon' loaded for trajectory optimization.
[INFO] [1783916949.321760190, 623.730000000]: Footprint model 'polygon' loaded for trajectory optimization.
[INFO] [1783916949.878170487, 624.286000000]: Footprint model 'polygon' loaded for trajectory optimization.
[INFO] [1783916950.523289721, 624.932000000]: Footprint model 'polygon' loaded for trajectory optimization.
[INFO] [1783916951.124904700, 625.530000000]: Footprint model 'polygon' loaded for trajectory optimization.
[INFO] [1783916952.964763516, 627.370000000]: GOAL Reached!
[INFO] [1783916953.080996220, 627.486000000]: Footprint model 'polygon' loaded for trajectory optimization.
[INFO] [1783916953.926540137, 628.328000000]: Footprint model 'polygon' loaded for trajectory optimization.
[INFO] [1783916954.472896203, 628.878000000]: Footprint model 'polygon' loaded for trajectory optimization.
[INFO] [1783916955.126743418, 629.530000000]: Footprint model 'polygon' loaded for trajectory optimization.
[INFO] [1783916955.676893369, 630.078000000]: Footprint model 'polygon' loaded for trajectory optimization.
[INFO] [1783916957.663523537, 632.066000000]: GOAL Reached!
[INFO] [1783916957.777670358, 632.180000000]: Footprint model 'polygon' loaded for trajectory optimization.
[INFO] [1783916958.629390224, 633.030000000]: Footprint model 'polygon' loaded for trajectory optimization.
[INFO] [1783916959.172176040, 633.570000000]: Footprint model 'polygon' loaded for trajectory optimization.
[INFO] [1783916959.818140166, 634.218000000]: Footprint model 'polygon' loaded for trajectory optimization.
[INFO] [1783916960.417158745, 634.816000000]: Footprint model 'polygon' loaded for trajectory optimization.
[INFO] [1783916962.159017410, 636.556000000]: GOAL Reached!
[INFO] [1783916962.267900631, 636.664000000]: Footprint model 'polygon' loaded for trajectory optimization.
[INFO] [1783916963.111974665, 637.510000000]: Footprint model 'polygon' loaded for trajectory optimization.
[INFO] [1783916963.707639441, 638.104000000]: Footprint model 'polygon' loaded for trajectory optimization.
[INFO] [1783916964.308324097, 638.704000000]: Footprint model 'polygon' loaded for trajectory optimization.
[INFO] [1783916964.905627871, 639.302000000]: Footprint model 'polygon' loaded for trajectory optimization.
[INFO] [1783916966.649224424, 641.042000000]: GOAL Reached!
[INFO] [1783916966.768188185, 641.160000000]: Footprint model 'polygon' loaded for trajectory optimization.
[INFO] [1783916967.597589195, 641.990000000]: Footprint model 'polygon' loaded for trajectory optimization.
[INFO] [1783916968.204951164, 642.596000000]: Footprint model 'polygon' loaded for trajectory optimization.
[INFO] [1783916968.756566955, 643.146000000]: Footprint model 'polygon' loaded for trajectory optimization.
[INFO] [1783916969.405889084, 643.796000000]: Footprint model 'polygon' loaded for trajectory optimization.
[INFO] [1783916971.343252994, 645.734000000]: GOAL Reached!
[INFO] [1783916971.460293709, 645.850000000]: Footprint model 'polygon' loaded for trajectory optimization.
[INFO] [1783916972.300489651, 646.690000000]: Footprint model 'polygon' loaded for trajectory optimization.
[INFO] [1783916972.899046049, 647.288000000]: Footprint model 'polygon' loaded for trajectory optimization.
[INFO] [1783916973.498861695, 647.886000000]: Footprint model 'polygon' loaded for trajectory optimization.
[INFO] [1783916974.099117393, 648.486000000]: Footprint model 'polygon' loaded for trajectory optimization.
[INFO] [1783916975.842208483, 650.226000000]: GOAL Reached!
[INFO] [1783916975.947515371, 650.332000000]: Footprint model 'polygon' loaded for trajectory optimization.
[INFO] [1783916976.787524295, 651.170000000]: Footprint model 'polygon' loaded for trajectory optimization.
[INFO] [1783916977.389698145, 651.772000000]: Footprint model 'polygon' loaded for trajectory optimization.
[INFO] [1783916977.992224034, 652.376000000]: Footprint model 'polygon' loaded for trajectory optimization.
[INFO] [1783916978.541660438, 652.922000000]: Footprint model 'polygon' loaded for trajectory optimization.
[INFO] [1783916980.330016971, 654.710000000]: GOAL Reached!
[INFO] [1783916980.445450124, 654.824000000]: Footprint model 'polygon' loaded for trajectory optimization.
[INFO] [1783916981.290900240, 655.670000000]: Footprint model 'polygon' loaded for trajectory optimization.
[INFO] [1783916981.889406353, 656.266000000]: Footprint model 'polygon' loaded for trajectory optimization.
[INFO] [1783916982.488472045, 656.862000000]: Footprint model 'polygon' loaded for trajectory optimization.
[INFO] [1783916983.084781555, 657.462000000]: Footprint model 'polygon' loaded for trajectory optimization.
[INFO] [1783916984.926299776, 659.302000000]: GOAL Reached!
[INFO] [1783916985.040559210, 659.416000000]: Footprint model 'polygon' loaded for trajectory optimization.
[INFO] [1783916985.874749259, 660.250000000]: Footprint model 'polygon' loaded for trajectory optimization.
[INFO] [1783916986.481077145, 660.854000000]: Footprint model 'polygon' loaded for trajectory optimization.
[INFO] [1783916987.079808279, 661.454000000]: Footprint model 'polygon' loaded for trajectory optimization.
[INFO] [1783916987.679227983, 662.052000000]: Footprint model 'polygon' loaded for trajectory optimization.
[INFO] [1783916989.420583954, 663.792000000]: GOAL Reached!
[INFO] [1783916989.524771067, 663.896000000]: Footprint model 'polygon' loaded for trajectory optimization.
[INFO] [1783916990.359991386, 664.728000000]: Footprint model 'polygon' loaded for trajectory optimization.
[INFO] [1783916990.963455800, 665.332000000]: Footprint model 'polygon' loaded for trajectory optimization.
[INFO] [1783916991.515299383, 665.886000000]: Footprint model 'polygon' loaded for trajectory optimization.
[INFO] [1783916992.161528566, 666.530000000]: Footprint model 'polygon' loaded for trajectory optimization.
[INFO] [1783916993.904026297, 668.270000000]: GOAL Reached!
[INFO] [1783916994.019326404, 668.384000000]: Footprint model 'polygon' loaded for trajectory optimization.
[INFO] [1783916994.863161407, 669.230000000]: Footprint model 'polygon' loaded for trajectory optimization.
[INFO] [1783916995.459817172, 669.824000000]: Footprint model 'polygon' loaded for trajectory optimization.
[INFO] [1783916996.056366850, 670.420000000]: Footprint model 'polygon' loaded for trajectory optimization.
[INFO] [1783916996.654075917, 671.020000000]: Footprint model 'polygon' loaded for trajectory optimization.
[INFO] [1783916998.599718372, 672.962000000]: GOAL Reached!
[INFO] [1783916998.708125675, 673.070000000]: Footprint model 'polygon' loaded for trajectory optimization.
[INFO] [1783916999.547248525, 673.910000000]: Footprint model 'polygon' loaded for trajectory optimization.
[INFO] [1783917000.100311911, 674.464000000]: Footprint model 'polygon' loaded for trajectory optimization.
[INFO] [1783917000.748360434, 675.108000000]: Footprint model 'polygon' loaded for trajectory optimization.
[INFO] [1783917001.300976218, 675.662000000]: Footprint model 'polygon' loaded for trajectory optimization.
[INFO] [1783917003.191081214, 677.550000000]: GOAL Reached!
[INFO] [1783917003.302262953, 677.662000000]: Footprint model 'polygon' loaded for trajectory optimization.
[INFO] [1783917004.154143229, 678.510000000]: Footprint model 'polygon' loaded for trajectory optimization.
[INFO] [1783917004.694426679, 679.050000000]: Footprint model 'polygon' loaded for trajectory optimization.
[INFO] [1783917005.339458316, 679.698000000]: Footprint model 'polygon' loaded for trajectory optimization.
[INFO] [1783917005.894164453, 680.250000000]: Footprint model 'polygon' loaded for trajectory optimization.
[INFO] [1783917007.881633386, 682.236000000]: GOAL Reached!
[INFO] [1783917007.984994255, 682.340000000]: Footprint model 'polygon' loaded for trajectory optimization.
[INFO] [1783917008.816180096, 683.168000000]: Footprint model 'polygon' loaded for trajectory optimization.
[INFO] [1783917009.421131904, 683.774000000]: Footprint model 'polygon' loaded for trajectory optimization.
[INFO] [1783917010.028905234, 684.382000000]: Footprint model 'polygon' loaded for trajectory optimization.
[INFO] [1783917010.622062526, 684.976000000]: Footprint model 'polygon' loaded for trajectory optimization.
[INFO] [1783917012.463914628, 686.814000000]: GOAL Reached!
[INFO] [1783917012.571730063, 686.920000000]: Footprint model 'polygon' loaded for trajectory optimization.
[INFO] [1783917013.398070647, 687.748000000]: Footprint model 'polygon' loaded for trajectory optimization.
[INFO] [1783917014.004086857, 688.356000000]: Footprint model 'polygon' loaded for trajectory optimization.
[INFO] [1783917014.607798606, 688.956000000]: Footprint model 'polygon' loaded for trajectory optimization.
[INFO] [1783917015.208033365, 689.556000000]: Footprint model 'polygon' loaded for trajectory optimization.
[INFO] [1783917016.947613370, 691.294000000]: GOAL Reached!
[INFO] [1783917017.061309669, 691.408000000]: Footprint model 'polygon' loaded for trajectory optimization.
[INFO] [1783917017.905881734, 692.250000000]: Footprint model 'polygon' loaded for trajectory optimization.
[INFO] [1783917018.455407066, 692.800000000]: Footprint model 'polygon' loaded for trajectory optimization.
[INFO] [1783917019.108339672, 693.452000000]: Footprint model 'polygon' loaded for trajectory optimization.
[INFO] [1783917019.703735746, 694.048000000]: Footprint model 'polygon' loaded for trajectory optimization.
[INFO] [1783917021.541895049, 695.886000000]: GOAL Reached!
[INFO] [1783917021.659630069, 696.002000000]: Footprint model 'polygon' loaded for trajectory optimization.
[INFO] [1783917022.510057791, 696.850000000]: Footprint model 'polygon' loaded for trajectory optimization.
[INFO] [1783917023.099382463, 697.440000000]: Footprint model 'polygon' loaded for trajectory optimization.
[INFO] [1783917023.698673294, 698.040000000]: Footprint model 'polygon' loaded for trajectory optimization.
[INFO] [1783917024.249867651, 698.590000000]: Footprint model 'polygon' loaded for trajectory optimization.
[INFO] [1783917026.038254258, 700.378000000]: GOAL Reached!
[INFO] [1783917026.156489706, 700.496000000]: Footprint model 'polygon' loaded for trajectory optimization.
[INFO] [1783917027.012068375, 701.350000000]: Footprint model 'polygon' loaded for trajectory optimization.
[INFO] [1783917027.597616588, 701.936000000]: Footprint model 'polygon' loaded for trajectory optimization.
[INFO] [1783917028.199294514, 702.536000000]: Footprint model 'polygon' loaded for trajectory optimization.
[INFO] [1783917028.798040101, 703.134000000]: Footprint model 'polygon' loaded for trajectory optimization.
[INFO] [1783917030.541298217, 704.874000000]: GOAL Reached!
[INFO] [1783917030.654205312, 704.988000000]: Footprint model 'polygon' loaded for trajectory optimization.
[INFO] [1783917031.497210925, 705.830000000]: Footprint model 'polygon' loaded for trajectory optimization.
[INFO] [1783917032.097669201, 706.430000000]: Footprint model 'polygon' loaded for trajectory optimization.
[INFO] [1783917032.703294275, 707.036000000]: Footprint model 'polygon' loaded for trajectory optimization.
[INFO] [1783917033.303664634, 707.636000000]: Footprint model 'polygon' loaded for trajectory optimization.
[INFO] [1783917035.136439002, 709.466000000]: GOAL Reached!
[INFO] [1783917035.275597278, 709.602000000]: Footprint model 'polygon' loaded for trajectory optimization.
[INFO] [1783917036.155543320, 710.480000000]: Footprint model 'polygon' loaded for trajectory optimization.
[INFO] [1783917036.803452988, 711.126000000]: Footprint model 'polygon' loaded for trajectory optimization.
[INFO] [1783917037.451017028, 711.774000000]: Footprint model 'polygon' loaded for trajectory optimization.
[INFO] [1783917038.048581848, 712.370000000]: Footprint model 'polygon' loaded for trajectory optimization.
[INFO] [1783917039.681909016, 714.002000000]: GOAL Reached!
[INFO] [1783917039.825388314, 714.146000000]: Footprint model 'polygon' loaded for trajectory optimization.
[INFO] [1783917040.698747145, 715.020000000]: Footprint model 'polygon' loaded for trajectory optimization.
[INFO] [1783917041.345658929, 715.664000000]: Footprint model 'polygon' loaded for trajectory optimization.
[INFO] [1783917041.995857786, 716.312000000]: Footprint model 'polygon' loaded for trajectory optimization.
[INFO] [1783917042.644210032, 716.962000000]: Footprint model 'polygon' loaded for trajectory optimization.
[INFO] [1783917044.221143642, 718.538000000]: GOAL Reached!
[INFO] [1783917044.338396251, 718.654000000]: Footprint model 'polygon' loaded for trajectory optimization.
[INFO] [1783917045.204625524, 719.520000000]: Footprint model 'polygon' loaded for trajectory optimization.
[INFO] [1783917045.810090848, 720.122000000]: Footprint model 'polygon' loaded for trajectory optimization.
[INFO] [1783917046.461352098, 720.770000000]: Footprint model 'polygon' loaded for trajectory optimization.
[INFO] [1783917047.059535644, 721.370000000]: Footprint model 'polygon' loaded for trajectory optimization.
[INFO] [1783917048.742567210, 723.048000000]: GOAL Reached!
[INFO] [1783917048.884991026, 723.190000000]: Footprint model 'polygon' loaded for trajectory optimization.
[INFO] [1783917049.773262564, 724.078000000]: Footprint model 'polygon' loaded for trajectory optimization.
[INFO] [1783917050.320745741, 724.624000000]: Footprint model 'polygon' loaded for trajectory optimization.
[INFO] [1783917050.924629645, 725.226000000]: Footprint model 'polygon' loaded for trajectory optimization.
[INFO] [1783917051.526518622, 725.826000000]: Footprint model 'polygon' loaded for trajectory optimization.
[INFO] [1783917053.405640778, 727.702000000]: GOAL Reached!
[INFO] [1783917053.546016201, 727.844000000]: Footprint model 'polygon' loaded for trajectory optimization.
[INFO] [1783917054.423105980, 728.720000000]: Footprint model 'polygon' loaded for trajectory optimization.
[INFO] [1783917055.026589964, 729.322000000]: Footprint model 'polygon' loaded for trajectory optimization.
[INFO] [1783917055.722682410, 730.016000000]: Footprint model 'polygon' loaded for trajectory optimization.
[INFO] [1783917056.372632146, 730.664000000]: Footprint model 'polygon' loaded for trajectory optimization.
[INFO] [1783917058.057124305, 732.346000000]: GOAL Reached!
[INFO] [1783917058.207070877, 732.496000000]: Footprint model 'polygon' loaded for trajectory optimization.
[INFO] [1783917059.096680282, 733.382000000]: Footprint model 'polygon' loaded for trajectory optimization.
[INFO] [1783917059.787092615, 734.076000000]: Footprint model 'polygon' loaded for trajectory optimization.
[INFO] [1783917060.432969251, 734.720000000]: Footprint model 'polygon' loaded for trajectory optimization.
[INFO] [1783917061.081346267, 735.364000000]: Footprint model 'polygon' loaded for trajectory optimization.
[INFO] [1783917062.613908489, 736.896000000]: GOAL Reached!
[INFO] [1783917062.758027858, 737.040000000]: Footprint model 'polygon' loaded for trajectory optimization.
[INFO] [1783917063.624099063, 737.902000000]: Footprint model 'polygon' loaded for trajectory optimization.
[INFO] [1783917064.271978907, 738.550000000]: Footprint model 'polygon' loaded for trajectory optimization.
[INFO] [1783917064.872510824, 739.148000000]: Footprint model 'polygon' loaded for trajectory optimization.
[INFO] [1783917065.476206672, 739.752000000]: Footprint model 'polygon' loaded for trajectory optimization.
[INFO] [1783917067.053076292, 741.326000000]: GOAL Reached!
[INFO] [1783917067.196535358, 741.468000000]: Footprint model 'polygon' loaded for trajectory optimization.
[INFO] [1783917068.090676292, 742.360000000]: Footprint model 'polygon' loaded for trajectory optimization.
[INFO] [1783917068.725757015, 742.994000000]: Footprint model 'polygon' loaded for trajectory optimization.
[INFO] [1783917069.373915733, 743.642000000]: Footprint model 'polygon' loaded for trajectory optimization.
[INFO] [1783917069.970642405, 744.236000000]: Footprint model 'polygon' loaded for trajectory optimization.
[INFO] [1783917071.705601455, 745.970000000]: GOAL Reached!
[INFO] [1783917071.853447838, 746.118000000]: Footprint model 'polygon' loaded for trajectory optimization.
[INFO] [1783917072.737028489, 746.998000000]: Footprint model 'polygon' loaded for trajectory optimization.
[INFO] [1783917073.334289747, 747.594000000]: Footprint model 'polygon' loaded for trajectory optimization.
[INFO] [1783917074.033451661, 748.294000000]: Footprint model 'polygon' loaded for trajectory optimization.
[INFO] [1783917074.631478863, 748.890000000]: Footprint model 'polygon' loaded for trajectory optimization.
[INFO] [1783917076.463926976, 750.718000000]: GOAL Reached!
[INFO] [1783917076.610230018, 750.864000000]: Footprint model 'polygon' loaded for trajectory optimization.
[INFO] [1783917077.484291183, 751.738000000]: Footprint model 'polygon' loaded for trajectory optimization.
[INFO] [1783917078.135938819, 752.388000000]: Footprint model 'polygon' loaded for trajectory optimization.
[INFO] [1783917078.788598715, 753.040000000]: Footprint model 'polygon' loaded for trajectory optimization.
[INFO] [1783917079.488549540, 753.736000000]: Footprint model 'polygon' loaded for trajectory optimization.
[INFO] [1783917081.011142364, 755.260000000]: GOAL Reached!
[INFO] [1783917081.144255569, 755.392000000]: Footprint model 'polygon' loaded for trajectory optimization.
[INFO] [1783917082.030447567, 756.276000000]: Footprint model 'polygon' loaded for trajectory optimization.
[INFO] [1783917082.726439786, 756.970000000]: Footprint model 'polygon' loaded for trajectory optimization.
[INFO] [1783917083.376994754, 757.620000000]: Footprint model 'polygon' loaded for trajectory optimization.
[INFO] [1783917083.977186467, 758.218000000]: Footprint model 'polygon' loaded for trajectory optimization.
[INFO] [1783917085.659094112, 759.896000000]: GOAL Reached!
[INFO] [1783917085.794531788, 760.030000000]: Footprint model 'polygon' loaded for trajectory optimization.
[INFO] [1783917086.687366981, 760.922000000]: Footprint model 'polygon' loaded for trajectory optimization.
[INFO] [1783917087.329079042, 761.562000000]: Footprint model 'polygon' loaded for trajectory optimization.
[INFO] [1783917087.974906241, 762.208000000]: Footprint model 'polygon' loaded for trajectory optimization.
[INFO] [1783917088.529633735, 762.762000000]: Footprint model 'polygon' loaded for trajectory optimization.
[INFO] [1783917090.208521325, 764.438000000]: GOAL Reached!
[INFO] [1783917090.359043308, 764.588000000]: Footprint model 'polygon' loaded for trajectory optimization.
[INFO] [1783917091.253030418, 765.480000000]: Footprint model 'polygon' loaded for trajectory optimization.
[INFO] [1783917091.941350245, 766.168000000]: Footprint model 'polygon' loaded for trajectory optimization.
[INFO] [1783917092.491511653, 766.716000000]: Footprint model 'polygon' loaded for trajectory optimization.
[INFO] [1783917093.143759838, 767.368000000]: Footprint model 'polygon' loaded for trajectory optimization.
[INFO] [1783917094.873368641, 769.094000000]: GOAL Reached!
[INFO] [1783917095.015938631, 769.236000000]: Footprint model 'polygon' loaded for trajectory optimization.
[INFO] [1783917095.882251697, 770.100000000]: Footprint model 'polygon' loaded for trajectory optimization.
[INFO] [1783917096.580695354, 770.798000000]: Footprint model 'polygon' loaded for trajectory optimization.
[INFO] [1783917097.282683739, 771.498000000]: Footprint model 'polygon' loaded for trajectory optimization.
[INFO] [1783917097.837093678, 772.052000000]: Footprint model 'polygon' loaded for trajectory optimization.
[INFO] [1783917099.414922486, 773.628000000]: GOAL Reached!
[INFO] [1783917099.546253481, 773.760000000]: Footprint model 'polygon' loaded for trajectory optimization.
[INFO] [1783917100.427497316, 774.638000000]: Footprint model 'polygon' loaded for trajectory optimization.
[INFO] [1783917101.020222035, 775.228000000]: Footprint model 'polygon' loaded for trajectory optimization.
[INFO] [1783917101.617767507, 775.828000000]: Footprint model 'polygon' loaded for trajectory optimization.
[INFO] [1783917102.220592210, 776.428000000]: Footprint model 'polygon' loaded for trajectory optimization.
[INFO] [1783917104.055504605, 778.258000000]: GOAL Reached!
[INFO] [1783917104.191197275, 778.394000000]: Footprint model 'polygon' loaded for trajectory optimization.
[INFO] [1783917105.071274911, 779.278000000]: Footprint model 'polygon' loaded for trajectory optimization.
[INFO] [1783917105.768001846, 779.970000000]: Footprint model 'polygon' loaded for trajectory optimization.
[INFO] [1783917106.427014084, 780.628000000]: Footprint model 'polygon' loaded for trajectory optimization.
[INFO] [1783917107.021663251, 781.220000000]: Footprint model 'polygon' loaded for trajectory optimization.
[INFO] [1783917108.600001979, 782.796000000]: GOAL Reached!
[INFO] [1783917108.750707655, 782.946000000]: Footprint model 'polygon' loaded for trajectory optimization.
[INFO] [1783917109.624317431, 783.818000000]: Footprint model 'polygon' loaded for trajectory optimization.
[INFO] [1783917110.221929752, 784.414000000]: Footprint model 'polygon' loaded for trajectory optimization.
[INFO] [1783917110.825495566, 785.016000000]: Footprint model 'polygon' loaded for trajectory optimization.
[INFO] [1783917111.526299345, 785.716000000]: Footprint model 'polygon' loaded for trajectory optimization.
[INFO] [1783917113.355439765, 787.542000000]: GOAL Reached!
[INFO] [1783917113.483769647, 787.670000000]: Footprint model 'polygon' loaded for trajectory optimization.
[INFO] [1783917114.372983318, 788.562000000]: Footprint model 'polygon' loaded for trajectory optimization.
[INFO] [1783917115.007708501, 789.194000000]: Footprint model 'polygon' loaded for trajectory optimization.
[INFO] [1783917115.605620758, 789.790000000]: Footprint model 'polygon' loaded for trajectory optimization.
[INFO] [1783917116.207716600, 790.390000000]: Footprint model 'polygon' loaded for trajectory optimization.
[INFO] [1783917117.987502026, 792.168000000]: GOAL Reached!
[INFO] [1783917118.139615806, 792.320000000]: Footprint model 'polygon' loaded for trajectory optimization.
[INFO] [1783917119.020891761, 793.200000000]: Footprint model 'polygon' loaded for trajectory optimization.
[INFO] [1783917119.564086009, 793.742000000]: Footprint model 'polygon' loaded for trajectory optimization.
[INFO] [1783917120.156777132, 794.334000000]: Footprint model 'polygon' loaded for trajectory optimization.
[INFO] [1783917120.761376742, 794.940000000]: Footprint model 'polygon' loaded for trajectory optimization.
[INFO] [1783917122.549491088, 796.720000000]: GOAL Reached!
[INFO] [1783917122.687024488, 796.858000000]: Footprint model 'polygon' loaded for trajectory optimization.
[INFO] [1783917123.568014533, 797.742000000]: Footprint model 'polygon' loaded for trajectory optimization.
[INFO] [1783917124.268788975, 798.438000000]: Footprint model 'polygon' loaded for trajectory optimization.
[INFO] [1783917124.917431705, 799.084000000]: Footprint model 'polygon' loaded for trajectory optimization.
[INFO] [1783917125.515266091, 799.682000000]: Footprint model 'polygon' loaded for trajectory optimization.
[INFO] [1783917127.296465533, 801.460000000]: GOAL Reached!
[INFO] [1783917127.440384891, 801.606000000]: Footprint model 'polygon' loaded for trajectory optimization.
[INFO] [1783917128.318022579, 802.478000000]: Footprint model 'polygon' loaded for trajectory optimization.
[INFO] [1783917128.866864282, 803.026000000]: Footprint model 'polygon' loaded for trajectory optimization.
[INFO] [1783917129.518428342, 803.676000000]: Footprint model 'polygon' loaded for trajectory optimization.
[INFO] [1783917130.215048058, 804.372000000]: Footprint model 'polygon' loaded for trajectory optimization.
[INFO] [1783917131.849373221, 806.004000000]: GOAL Reached!
[INFO] [1783917132.004874982, 806.160000000]: Footprint model 'polygon' loaded for trajectory optimization.
[INFO] [1783917132.886427292, 807.038000000]: Footprint model 'polygon' loaded for trajectory optimization.
[INFO] [1783917133.436145205, 807.588000000]: Footprint model 'polygon' loaded for trajectory optimization.
[INFO] [1783917134.085903718, 808.236000000]: Footprint model 'polygon' loaded for trajectory optimization.
[INFO] [1783917134.690985069, 808.840000000]: Footprint model 'polygon' loaded for trajectory optimization.
[INFO] [1783917136.421046485, 810.566000000]: GOAL Reached!
[INFO] [1783917136.553242643, 810.698000000]: Footprint model 'polygon' loaded for trajectory optimization.
[INFO] [1783917137.455554939, 811.600000000]: Footprint model 'polygon' loaded for trajectory optimization.
[INFO] [1783917138.098995673, 812.244000000]: Footprint model 'polygon' loaded for trajectory optimization.
[INFO] [1783917138.750567739, 812.892000000]: Footprint model 'polygon' loaded for trajectory optimization.
[INFO] [1783917139.348389911, 813.488000000]: Footprint model 'polygon' loaded for trajectory optimization.
[INFO] [1783917141.079913503, 815.218000000]: GOAL Reached!
[INFO] [1783917141.228796772, 815.366000000]: Footprint model 'polygon' loaded for trajectory optimization.
[INFO] [1783917142.103384737, 816.238000000]: Footprint model 'polygon' loaded for trajectory optimization.
[INFO] [1783917142.657395898, 816.792000000]: Footprint model 'polygon' loaded for trajectory optimization.
[INFO] [1783917143.252745467, 817.390000000]: Footprint model 'polygon' loaded for trajectory optimization.
[INFO] [1783917143.855446784, 817.992000000]: Footprint model 'polygon' loaded for trajectory optimization.
[INFO] [1783917145.535411551, 819.666000000]: GOAL Reached!
[INFO] [1783917145.667715949, 819.798000000]: Footprint model 'polygon' loaded for trajectory optimization.
[INFO] [1783917146.532272934, 820.660000000]: Footprint model 'polygon' loaded for trajectory optimization.
[INFO] [1783917147.232250840, 821.358000000]: Footprint model 'polygon' loaded for trajectory optimization.
[INFO] [1783917147.831864431, 821.956000000]: Footprint model 'polygon' loaded for trajectory optimization.
[INFO] [1783917148.528079240, 822.656000000]: Footprint model 'polygon' loaded for trajectory optimization.
[INFO] [1783917150.062161435, 824.184000000]: GOAL Reached!
[INFO] [1783917150.201721913, 824.324000000]: Footprint model 'polygon' loaded for trajectory optimization.
[INFO] [1783917151.079781213, 825.200000000]: Footprint model 'polygon' loaded for trajectory optimization.
[INFO] [1783917151.768149146, 825.886000000]: Footprint model 'polygon' loaded for trajectory optimization.
[INFO] [1783917152.467082542, 826.584000000]: Footprint model 'polygon' loaded for trajectory optimization.
[INFO] [1783917153.067772090, 827.184000000]: Footprint model 'polygon' loaded for trajectory optimization.
[INFO] [1783917154.701169070, 828.814000000]: GOAL Reached!
[INFO] [1783917154.839550470, 828.954000000]: Footprint model 'polygon' loaded for trajectory optimization.
[INFO] [1783917155.727619790, 829.838000000]: Footprint model 'polygon' loaded for trajectory optimization.
[INFO] [1783917156.366486556, 830.476000000]: Footprint model 'polygon' loaded for trajectory optimization.
[INFO] [1783917157.014078876, 831.122000000]: Footprint model 'polygon' loaded for trajectory optimization.
[INFO] [1783917157.563339571, 831.670000000]: Footprint model 'polygon' loaded for trajectory optimization.
[INFO] [1783917159.246055182, 833.350000000]: GOAL Reached!
[INFO] [1783917159.382097483, 833.486000000]: Footprint model 'polygon' loaded for trajectory optimization.
[INFO] [1783917160.269755413, 834.374000000]: Footprint model 'polygon' loaded for trajectory optimization.
[INFO] [1783917160.916059107, 835.016000000]: Footprint model 'polygon' loaded for trajectory optimization.
[INFO] [1783917161.517292580, 835.618000000]: Footprint model 'polygon' loaded for trajectory optimization.
[INFO] [1783917162.120018929, 836.218000000]: Footprint model 'polygon' loaded for trajectory optimization.
[INFO] [1783917163.895019879, 837.994000000]: GOAL Reached!
[INFO] [1783917164.032588480, 838.130000000]: Footprint model 'polygon' loaded for trajectory optimization.
[INFO] [1783917164.893506439, 838.990000000]: Footprint model 'polygon' loaded for trajectory optimization.
[INFO] [1783917165.506316163, 839.600000000]: Footprint model 'polygon' loaded for trajectory optimization.
[INFO] [1783917166.054989455, 840.146000000]: Footprint model 'polygon' loaded for trajectory optimization.
[INFO] [1783917166.707891357, 840.796000000]: Footprint model 'polygon' loaded for trajectory optimization.
[INFO] [1783917168.537976374, 842.626000000]: GOAL Reached!
[INFO] [1783917168.686062449, 842.774000000]: Footprint model 'polygon' loaded for trajectory optimization.
[INFO] [1783917169.552516485, 843.638000000]: Footprint model 'polygon' loaded for trajectory optimization.
[INFO] [1783917170.159395286, 844.244000000]: Footprint model 'polygon' loaded for trajectory optimization.
[INFO] [1783917170.810212057, 844.894000000]: Footprint model 'polygon' loaded for trajectory optimization.
[INFO] [1783917171.408993448, 845.494000000]: Footprint model 'polygon' loaded for trajectory optimization.
[INFO] [1783917173.191689367, 847.270000000]: GOAL Reached!
[INFO] [1783917173.321320213, 847.400000000]: Footprint model 'polygon' loaded for trajectory optimization.
[INFO] [1783917174.200591985, 848.278000000]: Footprint model 'polygon' loaded for trajectory optimization.
[INFO] [1783917174.842749377, 848.918000000]: Footprint model 'polygon' loaded for trajectory optimization.
[INFO] [1783917175.445307445, 849.520000000]: Footprint model 'polygon' loaded for trajectory optimization.
[INFO] [1783917176.045434269, 850.120000000]: Footprint model 'polygon' loaded for trajectory optimization.
[INFO] [1783917177.725422747, 851.796000000]: GOAL Reached!
[INFO] [1783917177.882168220, 851.954000000]: Footprint model 'polygon' loaded for trajectory optimization.
[INFO] [1783917178.774565986, 852.842000000]: Footprint model 'polygon' loaded for trajectory optimization.
[INFO] [1783917179.464357527, 853.530000000]: Footprint model 'polygon' loaded for trajectory optimization.
[INFO] [1783917180.148920168, 854.216000000]: Footprint model 'polygon' loaded for trajectory optimization.
[INFO] [1783917180.759292704, 854.824000000]: Footprint model 'polygon' loaded for trajectory optimization.
[INFO] [1783917182.393812814, 856.454000000]: GOAL Reached!
[INFO] [1783917182.540123653, 856.600000000]: Footprint model 'polygon' loaded for trajectory optimization.
[INFO] [1783917183.417815929, 857.478000000]: Footprint model 'polygon' loaded for trajectory optimization.
[INFO] [1783917184.115382742, 858.174000000]: Footprint model 'polygon' loaded for trajectory optimization.
[INFO] [1783917184.805591719, 858.862000000]: Footprint model 'polygon' loaded for trajectory optimization.
[INFO] [1783917185.508593845, 859.564000000]: Footprint model 'polygon' loaded for trajectory optimization.
[INFO] [1783917187.040177502, 861.094000000]: GOAL Reached!
[INFO] [1783917187.186078115, 861.240000000]: Footprint model 'polygon' loaded for trajectory optimization.
[INFO] [1783917188.071049710, 862.122000000]: Footprint model 'polygon' loaded for trajectory optimization.
[INFO] [1783917188.723140083, 862.772000000]: Footprint model 'polygon' loaded for trajectory optimization.
[INFO] [1783917189.310051380, 863.362000000]: Footprint model 'polygon' loaded for trajectory optimization.
[INFO] [1783917189.961462186, 864.012000000]: Footprint model 'polygon' loaded for trajectory optimization.
[INFO] [1783917191.595264246, 865.640000000]: GOAL Reached!
[INFO] [1783917191.730913048, 865.776000000]: Footprint model 'polygon' loaded for trajectory optimization.
[INFO] [1783917192.621329581, 866.664000000]: Footprint model 'polygon' loaded for trajectory optimization.
[INFO] [1783917193.256589563, 867.296000000]: Footprint model 'polygon' loaded for trajectory optimization.
[INFO] [1783917193.843947731, 867.884000000]: Footprint model 'polygon' loaded for trajectory optimization.
[INFO] [1783917194.452567930, 868.492000000]: Footprint model 'polygon' loaded for trajectory optimization.
[INFO] [1783917196.235344952, 870.272000000]: GOAL Reached!
[INFO] [1783917196.380141223, 870.416000000]: Footprint model 'polygon' loaded for trajectory optimization.
[INFO] [1783917197.263219321, 871.300000000]: Footprint model 'polygon' loaded for trajectory optimization.
[INFO] [1783917197.953177055, 871.986000000]: Footprint model 'polygon' loaded for trajectory optimization.
[INFO] [1783917198.607824709, 872.638000000]: Footprint model 'polygon' loaded for trajectory optimization.
[INFO] [1783917199.252594800, 873.282000000]: Footprint model 'polygon' loaded for trajectory optimization.
[INFO] [1783917200.783240985, 874.812000000]: GOAL Reached!
[INFO] [1783917200.928609374, 874.956000000]: Footprint model 'polygon' loaded for trajectory optimization.
[INFO] [1783917201.835559537, 875.862000000]: Footprint model 'polygon' loaded for trajectory optimization.
[INFO] [1783917202.475756383, 876.500000000]: Footprint model 'polygon' loaded for trajectory optimization.
[INFO] [1783917203.069730333, 877.094000000]: Footprint model 'polygon' loaded for trajectory optimization.
[INFO] [1783917203.672783727, 877.696000000]: Footprint model 'polygon' loaded for trajectory optimization.
[INFO] [1783917204.268718372, 878.292000000]: Footprint model 'polygon' loaded for trajectory optimization.
[INFO] [1783917206.049596176, 880.070000000]: GOAL Reached!
[INFO] [1783917206.204367596, 880.224000000]: Footprint model 'polygon' loaded for trajectory optimization.
[INFO] [1783917207.085051191, 881.102000000]: Footprint model 'polygon' loaded for trajectory optimization.
[INFO] [1783917207.638322574, 881.656000000]: Footprint model 'polygon' loaded for trajectory optimization.
[INFO] [1783917208.286219195, 882.302000000]: Footprint model 'polygon' loaded for trajectory optimization.
[INFO] [1783917208.942470334, 882.954000000]: Footprint model 'polygon' loaded for trajectory optimization.
[INFO] [1783917210.720918720, 884.732000000]: GOAL Reached!
[INFO] [1783917210.871754702, 884.884000000]: Footprint model 'polygon' loaded for trajectory optimization.
[INFO] [1783917211.753125859, 885.762000000]: Footprint model 'polygon' loaded for trajectory optimization.
[INFO] [1783917212.446298791, 886.452000000]: Footprint model 'polygon' loaded for trajectory optimization.
[INFO] [1783917213.142963726, 887.148000000]: Footprint model 'polygon' loaded for trajectory optimization.
[INFO] [1783917213.748721093, 887.754000000]: Footprint model 'polygon' loaded for trajectory optimization.
[INFO] [1783917215.276376683, 889.278000000]: GOAL Reached!
[INFO] [1783917215.412291976, 889.414000000]: Footprint model 'polygon' loaded for trajectory optimization.
[INFO] [1783917216.300767001, 890.300000000]: Footprint model 'polygon' loaded for trajectory optimization.
[INFO] [1783917216.937189688, 890.936000000]: Footprint model 'polygon' loaded for trajectory optimization.
[INFO] [1783917217.536095779, 891.536000000]: Footprint model 'polygon' loaded for trajectory optimization.
[INFO] [1783917218.136720577, 892.134000000]: Footprint model 'polygon' loaded for trajectory optimization.
[INFO] [1783917219.917691260, 893.912000000]: GOAL Reached!
[INFO] [1783917220.070248667, 894.066000000]: Footprint model 'polygon' loaded for trajectory optimization.
[INFO] [1783917220.944691469, 894.940000000]: Footprint model 'polygon' loaded for trajectory optimization.
[INFO] [1783917221.599194474, 895.590000000]: Footprint model 'polygon' loaded for trajectory optimization.
[INFO] [1783917222.200255901, 896.190000000]: Footprint model 'polygon' loaded for trajectory optimization.
[INFO] [1783917222.799588101, 896.788000000]: Footprint model 'polygon' loaded for trajectory optimization.
[INFO] [1783917224.478356064, 898.466000000]: GOAL Reached!
[INFO] [1783917224.624586011, 898.612000000]: Footprint model 'polygon' loaded for trajectory optimization.
[INFO] [1783917225.519462854, 899.504000000]: Footprint model 'polygon' loaded for trajectory optimization.
[INFO] [1783917226.151680850, 900.136000000]: Footprint model 'polygon' loaded for trajectory optimization.
[INFO] [1783917226.750261402, 900.734000000]: Footprint model 'polygon' loaded for trajectory optimization.
[INFO] [1783917227.352881906, 901.336000000]: Footprint model 'polygon' loaded for trajectory optimization.
[INFO] [1783917229.133508883, 903.112000000]: GOAL Reached!
[INFO] [1783917229.262619610, 903.240000000]: Footprint model 'polygon' loaded for trajectory optimization.
[INFO] [1783917230.122844206, 904.100000000]: Footprint model 'polygon' loaded for trajectory optimization.
[INFO] [1783917230.678420040, 904.652000000]: Footprint model 'polygon' loaded for trajectory optimization.
[INFO] [1783917231.331130137, 905.306000000]: Footprint model 'polygon' loaded for trajectory optimization.
[INFO] [1783917232.026393386, 905.998000000]: Footprint model 'polygon' loaded for trajectory optimization.
[INFO] [1783917233.756851084, 907.726000000]: GOAL Reached!
[INFO] [1783917233.891026313, 907.860000000]: Footprint model 'polygon' loaded for trajectory optimization.
[INFO] [1783917234.773423161, 908.740000000]: Footprint model 'polygon' loaded for trajectory optimization.
[INFO] [1783917235.412510674, 909.378000000]: Footprint model 'polygon' loaded for trajectory optimization.
[INFO] [1783917236.067743272, 910.034000000]: Footprint model 'polygon' loaded for trajectory optimization.
[INFO] [1783917236.717847069, 910.682000000]: Footprint model 'polygon' loaded for trajectory optimization.
[INFO] [1783917238.394434175, 912.360000000]: GOAL Reached!
[INFO] [1783917238.541255623, 912.504000000]: Footprint model 'polygon' loaded for trajectory optimization.
[INFO] [1783917239.417935141, 913.380000000]: Footprint model 'polygon' loaded for trajectory optimization.
[INFO] [1783917240.019831534, 913.978000000]: Footprint model 'polygon' loaded for trajectory optimization.
[INFO] [1783917240.617252155, 914.578000000]: Footprint model 'polygon' loaded for trajectory optimization.
[INFO] [1783917241.271277295, 915.228000000]: Footprint model 'polygon' loaded for trajectory optimization.
[INFO] [1783917243.152056418, 917.106000000]: GOAL Reached!
[INFO] [1783917243.302965525, 917.258000000]: Footprint model 'polygon' loaded for trajectory optimization.
[INFO] [1783917244.168399744, 918.118000000]: Footprint model 'polygon' loaded for trajectory optimization.
[INFO] [1783917244.773387161, 918.724000000]: Footprint model 'polygon' loaded for trajectory optimization.
[INFO] [1783917245.420934779, 919.370000000]: Footprint model 'polygon' loaded for trajectory optimization.
[INFO] [1783917246.073039770, 920.020000000]: Footprint model 'polygon' loaded for trajectory optimization.
[INFO] [1783917247.803587257, 921.748000000]: GOAL Reached!
[INFO] [1783917247.955483954, 921.902000000]: Footprint model 'polygon' loaded for trajectory optimization.
[INFO] [1783917248.855461399, 922.800000000]: Footprint model 'polygon' loaded for trajectory optimization.
[INFO] [1783917249.540495244, 923.484000000]: Footprint model 'polygon' loaded for trajectory optimization.
[INFO] [1783917250.136331926, 924.078000000]: Footprint model 'polygon' loaded for trajectory optimization.
[INFO] [1783917250.690664230, 924.630000000]: Footprint model 'polygon' loaded for trajectory optimization.
[INFO] [1783917252.471233692, 926.408000000]: GOAL Reached!
[INFO] [1783917252.623663703, 926.560000000]: Footprint model 'polygon' loaded for trajectory optimization.
[INFO] [1783917253.504688374, 927.440000000]: Footprint model 'polygon' loaded for trajectory optimization.
[INFO] [1783917254.153986389, 928.086000000]: Footprint model 'polygon' loaded for trajectory optimization.
[INFO] [1783917254.802759828, 928.734000000]: Footprint model 'polygon' loaded for trajectory optimization.
[INFO] [1783917255.451030168, 929.382000000]: Footprint model 'polygon' loaded for trajectory optimization.
[INFO] [1783917257.133192234, 931.060000000]: GOAL Reached!
[INFO] [1783917257.273380412, 931.202000000]: Footprint model 'polygon' loaded for trajectory optimization.
[INFO] [1783917258.154135420, 932.080000000]: Footprint model 'polygon' loaded for trajectory optimization.
[INFO] [1783917258.803997790, 932.728000000]: Footprint model 'polygon' loaded for trajectory optimization.
[INFO] [1783917259.406733752, 933.330000000]: Footprint model 'polygon' loaded for trajectory optimization.
[INFO] [1783917260.057008293, 933.978000000]: Footprint model 'polygon' loaded for trajectory optimization.
[INFO] [1783917261.686336690, 935.606000000]: GOAL Reached!
[INFO] [1783917261.827131439, 935.746000000]: Footprint model 'polygon' loaded for trajectory optimization.
[INFO] [1783917262.703103031, 936.622000000]: Footprint model 'polygon' loaded for trajectory optimization.
[INFO] [1783917263.397830822, 937.314000000]: Footprint model 'polygon' loaded for trajectory optimization.
[INFO] [1783917264.049700794, 937.966000000]: Footprint model 'polygon' loaded for trajectory optimization.
[INFO] [1783917264.696378341, 938.610000000]: Footprint model 'polygon' loaded for trajectory optimization.
[INFO] [1783917266.227955925, 940.140000000]: GOAL Reached!
[INFO] [1783917266.368786636, 940.280000000]: Footprint model 'polygon' loaded for trajectory optimization.
[INFO] [1783917267.249768344, 941.160000000]: Footprint model 'polygon' loaded for trajectory optimization.
[INFO] [1783917267.796252610, 941.706000000]: Footprint model 'polygon' loaded for trajectory optimization.
[INFO] [1783917268.401029170, 942.308000000]: Footprint model 'polygon' loaded for trajectory optimization.
[INFO] [1783917268.994343961, 942.902000000]: Footprint model 'polygon' loaded for trajectory optimization.
[INFO] [1783917270.776343383, 944.680000000]: GOAL Reached!
[INFO] [1783917270.919056419, 944.822000000]: Footprint model 'polygon' loaded for trajectory optimization.
[INFO] [1783917271.818125936, 945.720000000]: Footprint model 'polygon' loaded for trajectory optimization.
[INFO] [1783917272.504922343, 946.404000000]: Footprint model 'polygon' loaded for trajectory optimization.
[INFO] [1783917273.153717812, 947.052000000]: Footprint model 'polygon' loaded for trajectory optimization.
[INFO] [1783917273.751456512, 947.650000000]: Footprint model 'polygon' loaded for trajectory optimization.
[INFO] [1783917275.533849805, 949.428000000]: GOAL Reached!
[INFO] [1783917275.678147305, 949.572000000]: Footprint model 'polygon' loaded for trajectory optimization.
[INFO] [1783917276.566665133, 950.460000000]: Footprint model 'polygon' loaded for trajectory optimization.
[INFO] [1783917277.201451326, 951.098000000]: Footprint model 'polygon' loaded for trajectory optimization.
[INFO] [1783917277.848884528, 951.742000000]: Footprint model 'polygon' loaded for trajectory optimization.
[INFO] [1783917278.451231771, 952.342000000]: Footprint model 'polygon' loaded for trajectory optimization.
[INFO] [1783917280.185987207, 954.072000000]: GOAL Reached!
[INFO] [1783917280.324229895, 954.210000000]: Footprint model 'polygon' loaded for trajectory optimization.
[INFO] [1783917281.234484837, 955.120000000]: Footprint model 'polygon' loaded for trajectory optimization.
[INFO] [1783917281.878124698, 955.762000000]: Footprint model 'polygon' loaded for trajectory optimization.
[INFO] [1783917282.478435091, 956.360000000]: Footprint model 'polygon' loaded for trajectory optimization.
[INFO] [1783917283.075989503, 956.960000000]: Footprint model 'polygon' loaded for trajectory optimization.
[INFO] [1783917284.857827100, 958.736000000]: GOAL Reached!
[INFO] [1783917284.995235508, 958.874000000]: Footprint model 'polygon' loaded for trajectory optimization.
[INFO] [1783917285.862545811, 959.738000000]: Footprint model 'polygon' loaded for trajectory optimization.
[INFO] [1783917286.510374920, 960.384000000]: Footprint model 'polygon' loaded for trajectory optimization.
[INFO] [1783917287.103869098, 960.980000000]: Footprint model 'polygon' loaded for trajectory optimization.
[INFO] [1783917287.705159222, 961.584000000]: Footprint model 'polygon' loaded for trajectory optimization.
[INFO] [1783917289.389287823, 963.260000000]: GOAL Reached!
[INFO] [1783917289.532159877, 963.402000000]: Footprint model 'polygon' loaded for trajectory optimization.
[INFO] [1783917290.412731246, 964.280000000]: Footprint model 'polygon' loaded for trajectory optimization.
[INFO] [1783917291.013718944, 964.880000000]: Footprint model 'polygon' loaded for trajectory optimization.
[INFO] [1783917291.559445819, 965.426000000]: Footprint model 'polygon' loaded for trajectory optimization.
[INFO] [1783917292.214547293, 966.080000000]: Footprint model 'polygon' loaded for trajectory optimization.
[INFO] [1783917294.145140046, 968.006000000]: GOAL Reached!
[INFO] [1783917294.290774733, 968.152000000]: Footprint model 'polygon' loaded for trajectory optimization.
[INFO] [1783917295.185199127, 969.044000000]: Footprint model 'polygon' loaded for trajectory optimization.
[INFO] [1783917295.827352192, 969.684000000]: Footprint model 'polygon' loaded for trajectory optimization.
[INFO] [1783917296.423322799, 970.280000000]: Footprint model 'polygon' loaded for trajectory optimization.
[INFO] [1783917297.023498265, 970.880000000]: Footprint model 'polygon' loaded for trajectory optimization.
[INFO] [1783917298.703421991, 972.556000000]: GOAL Reached!
[INFO] [1783917298.848438786, 972.700000000]: Footprint model 'polygon' loaded for trajectory optimization.
[INFO] [1783917299.734772958, 973.586000000]: Footprint model 'polygon' loaded for trajectory optimization.
[INFO] [1783917300.374366408, 974.224000000]: Footprint model 'polygon' loaded for trajectory optimization.
[INFO] [1783917300.976580687, 974.826000000]: Footprint model 'polygon' loaded for trajectory optimization.
[INFO] [1783917301.623357960, 975.472000000]: Footprint model 'polygon' loaded for trajectory optimization.
[INFO] [1783917303.355799951, 977.200000000]: GOAL Reached!
[INFO] [1783917303.502441788, 977.346000000]: Footprint model 'polygon' loaded for trajectory optimization.
[INFO] [1783917304.395380241, 978.238000000]: Footprint model 'polygon' loaded for trajectory optimization.
[INFO] [1783917305.033142435, 978.876000000]: Footprint model 'polygon' loaded for trajectory optimization.
[INFO] [1783917305.685141224, 979.526000000]: Footprint model 'polygon' loaded for trajectory optimization.
[INFO] [1783917306.335262494, 980.174000000]: Footprint model 'polygon' loaded for trajectory optimization.
[INFO] [1783917307.912326531, 981.750000000]: GOAL Reached!
[INFO] [1783917308.056533775, 981.892000000]: Footprint model 'polygon' loaded for trajectory optimization.
[INFO] [1783917308.926119753, 982.760000000]: Footprint model 'polygon' loaded for trajectory optimization.
[INFO] [1783917309.528875554, 983.362000000]: Footprint model 'polygon' loaded for trajectory optimization.
[INFO] [1783917310.224066908, 984.054000000]: Footprint model 'polygon' loaded for trajectory optimization.
[INFO] [1783917310.825502082, 984.656000000]: Footprint model 'polygon' loaded for trajectory optimization.
[INFO] [1783917312.357020839, 986.184000000]: GOAL Reached!
[INFO] [1783917312.503869751, 986.330000000]: Footprint model 'polygon' loaded for trajectory optimization.
[INFO] [1783917313.375930889, 987.202000000]: Footprint model 'polygon' loaded for trajectory optimization.
[INFO] [1783917314.027514271, 987.852000000]: Footprint model 'polygon' loaded for trajectory optimization.
[INFO] [1783917314.628038894, 988.452000000]: Footprint model 'polygon' loaded for trajectory optimization.
[INFO] [1783917315.277988963, 989.098000000]: Footprint model 'polygon' loaded for trajectory optimization.
[INFO] [1783917317.006678463, 990.826000000]: GOAL Reached!
[INFO] [1783917317.148748560, 990.968000000]: Footprint model 'polygon' loaded for trajectory optimization.
[INFO] [1783917318.043461388, 991.860000000]: Footprint model 'polygon' loaded for trajectory optimization.
[INFO] [1783917318.686335593, 992.502000000]: Footprint model 'polygon' loaded for trajectory optimization.
[INFO] [1783917319.337536017, 993.152000000]: Footprint model 'polygon' loaded for trajectory optimization.
[INFO] [1783917320.030601475, 993.846000000]: Footprint model 'polygon' loaded for trajectory optimization.
[INFO] [1783917321.763312895, 995.574000000]: GOAL Reached!
[INFO] [1783917321.916566006, 995.726000000]: Footprint model 'polygon' loaded for trajectory optimization.
[INFO] [1783917322.806904903, 996.614000000]: Footprint model 'polygon' loaded for trajectory optimization.
[INFO] [1783917323.447597706, 997.256000000]: Footprint model 'polygon' loaded for trajectory optimization.
[INFO] [1783917324.099773026, 997.908000000]: Footprint model 'polygon' loaded for trajectory optimization.
[INFO] [1783917324.697396228, 998.504000000]: Footprint model 'polygon' loaded for trajectory optimization.
[INFO] [1783917326.328732028, 1000.132000000]: GOAL Reached!
[INFO] [1783917326.459441719, 1000.262000000]: Footprint model 'polygon' loaded for trajectory optimization.
[INFO] [1783917327.336587540, 1001.136000000]: Footprint model 'polygon' loaded for trajectory optimization.
[INFO] [1783917327.976194205, 1001.776000000]: Footprint model 'polygon' loaded for trajectory optimization.
[INFO] [1783917328.625481396, 1002.424000000]: Footprint model 'polygon' loaded for trajectory optimization.
[INFO] [1783917329.326649838, 1003.122000000]: Footprint model 'polygon' loaded for trajectory optimization.
[INFO] [1783917330.855964138, 1004.650000000]: GOAL Reached!
[INFO] [1783917330.994927007, 1004.788000000]: Footprint model 'polygon' loaded for trajectory optimization.
[INFO] [1783917331.886818588, 1005.680000000]: Footprint model 'polygon' loaded for trajectory optimization.
[INFO] [1783917332.492358745, 1006.282000000]: Footprint model 'polygon' loaded for trajectory optimization.
[INFO] [1783917333.042552489, 1006.832000000]: Footprint model 'polygon' loaded for trajectory optimization.
[INFO] [1783917333.637461886, 1007.430000000]: Footprint model 'polygon' loaded for trajectory optimization.
[INFO] [1783917335.423884728, 1009.208000000]: GOAL Reached!
[INFO] [1783917335.554957906, 1009.340000000]: Footprint model 'polygon' loaded for trajectory optimization.
[INFO] [1783917336.438200088, 1010.220000000]: Footprint model 'polygon' loaded for trajectory optimization.
[INFO] [1783917337.123012120, 1010.906000000]: Footprint model 'polygon' loaded for trajectory optimization.
[INFO] [1783917337.725293485, 1011.506000000]: Footprint model 'polygon' loaded for trajectory optimization.
[INFO] [1783917338.325786746, 1012.106000000]: Footprint model 'polygon' loaded for trajectory optimization.
[INFO] [1783917340.056567529, 1013.834000000]: GOAL Reached!
[INFO] [1783917340.207298044, 1013.984000000]: Footprint model 'polygon' loaded for trajectory optimization.
[INFO] [1783917341.108052731, 1014.882000000]: Footprint model 'polygon' loaded for trajectory optimization.
[INFO] [1783917341.745132370, 1015.518000000]: Footprint model 'polygon' loaded for trajectory optimization.
[INFO] [1783917342.343402659, 1016.116000000]: Footprint model 'polygon' loaded for trajectory optimization.
[INFO] [1783917342.950914164, 1016.722000000]: Footprint model 'polygon' loaded for trajectory optimization.
[INFO] [1783917344.723373435, 1018.494000000]: GOAL Reached!
[INFO] [1783917344.875795144, 1018.644000000]: Footprint model 'polygon' loaded for trajectory optimization.
[INFO] [1783917345.751704981, 1019.518000000]: Footprint model 'polygon' loaded for trajectory optimization.
[INFO] [1783917346.303938296, 1020.070000000]: Footprint model 'polygon' loaded for trajectory optimization.
[INFO] [1783917346.956126783, 1020.722000000]: Footprint model 'polygon' loaded for trajectory optimization.
[INFO] [1783917347.507446957, 1021.272000000]: Footprint model 'polygon' loaded for trajectory optimization.
[INFO] [1783917349.387842955, 1023.148000000]: GOAL Reached!
[INFO] [1783917349.532574759, 1023.294000000]: Footprint model 'polygon' loaded for trajectory optimization.
[INFO] [1783917350.423618671, 1024.182000000]: Footprint model 'polygon' loaded for trajectory optimization.
[INFO] [1783917350.972244198, 1024.728000000]: Footprint model 'polygon' loaded for trajectory optimization.
[INFO] [1783917351.618841101, 1025.374000000]: Footprint model 'polygon' loaded for trajectory optimization.
[INFO] [1783917352.222012451, 1025.976000000]: Footprint model 'polygon' loaded for trajectory optimization.
[INFO] [1783917353.952588248, 1027.704000000]: GOAL Reached!
[INFO] [1783917354.091164748, 1027.842000000]: Footprint model 'polygon' loaded for trajectory optimization.
[INFO] [1783917354.951988521, 1028.700000000]: Footprint model 'polygon' loaded for trajectory optimization.
[INFO] [1783917355.501950575, 1029.248000000]: Footprint model 'polygon' loaded for trajectory optimization.
[INFO] [1783917356.151576761, 1029.898000000]: Footprint model 'polygon' loaded for trajectory optimization.
[INFO] [1783917356.704177648, 1030.448000000]: Footprint model 'polygon' loaded for trajectory optimization.
[INFO] [1783917358.585320989, 1032.326000000]: GOAL Reached!
[INFO] [1783917358.726851895, 1032.466000000]: Footprint model 'polygon' loaded for trajectory optimization.
[INFO] [1783917359.621499831, 1033.362000000]: Footprint model 'polygon' loaded for trajectory optimization.
[INFO] [1783917360.304076162, 1034.042000000]: Footprint model 'polygon' loaded for trajectory optimization.
[INFO] [1783917360.856322069, 1034.592000000]: Footprint model 'polygon' loaded for trajectory optimization.
[INFO] [1783917361.455295620, 1035.192000000]: Footprint model 'polygon' loaded for trajectory optimization.
[INFO] [1783917363.234884161, 1036.970000000]: GOAL Reached!
[INFO] [1783917363.387843774, 1037.124000000]: Footprint model 'polygon' loaded for trajectory optimization.
[INFO] [1783917364.272677406, 1038.004000000]: Footprint model 'polygon' loaded for trajectory optimization.
[INFO] [1783917364.870961828, 1038.602000000]: Footprint model 'polygon' loaded for trajectory optimization.
[INFO] [1783917365.467504027, 1039.198000000]: Footprint model 'polygon' loaded for trajectory optimization.
[INFO] [1783917366.073393160, 1039.800000000]: Footprint model 'polygon' loaded for trajectory optimization.
[INFO] [1783917367.803465622, 1041.528000000]: GOAL Reached!
[INFO] [1783917367.940276112, 1041.666000000]: Footprint model 'polygon' loaded for trajectory optimization.
[INFO] [1783917368.838329761, 1042.560000000]: Footprint model 'polygon' loaded for trajectory optimization.
[INFO] [1783917369.472344100, 1043.192000000]: Footprint model 'polygon' loaded for trajectory optimization.
[INFO] [1783917370.121166435, 1043.840000000]: Footprint model 'polygon' loaded for trajectory optimization.
[INFO] [1783917370.821307698, 1044.540000000]: Footprint model 'polygon' loaded for trajectory optimization.
[INFO] [1783917372.455189701, 1046.170000000]: GOAL Reached!
[INFO] [1783917372.599227431, 1046.314000000]: Footprint model 'polygon' loaded for trajectory optimization.
[INFO] [1783917373.464032936, 1047.180000000]: Footprint model 'polygon' loaded for trajectory optimization.
[INFO] [1783917374.115147353, 1047.828000000]: Footprint model 'polygon' loaded for trajectory optimization.
[INFO] [1783917374.719404598, 1048.430000000]: Footprint model 'polygon' loaded for trajectory optimization.
[INFO] [1783917375.317489451, 1049.028000000]: Footprint model 'polygon' loaded for trajectory optimization.
[INFO] [1783917376.996162231, 1050.706000000]: GOAL Reached!
[INFO] [1783917377.140383802, 1050.850000000]: Footprint model 'polygon' loaded for trajectory optimization.
[INFO] [1783917378.015158915, 1051.722000000]: Footprint model 'polygon' loaded for trajectory optimization.
[INFO] [1783917378.567744370, 1052.272000000]: Footprint model 'polygon' loaded for trajectory optimization.
[INFO] [1783917379.168588629, 1052.872000000]: Footprint model 'polygon' loaded for trajectory optimization.
[INFO] [1783917379.817864998, 1053.522000000]: Footprint model 'polygon' loaded for trajectory optimization.
[INFO] [1783917381.647799791, 1055.346000000]: GOAL Reached!
[INFO] [1783917381.785646676, 1055.486000000]: Footprint model 'polygon' loaded for trajectory optimization.
[INFO] [1783917382.662827115, 1056.362000000]: Footprint model 'polygon' loaded for trajectory optimization.
[INFO] [1783917383.258069455, 1056.956000000]: Footprint model 'polygon' loaded for trajectory optimization.
[INFO] [1783917383.862959432, 1057.558000000]: Footprint model 'polygon' loaded for trajectory optimization.
[INFO] [1783917384.414408117, 1058.108000000]: Footprint model 'polygon' loaded for trajectory optimization.
[INFO] [1783917385.014107111, 1058.708000000]: Footprint model 'polygon' loaded for trajectory optimization.
[INFO] [1783917386.695286302, 1060.386000000]: GOAL Reached!
[INFO] [1783917386.834263890, 1060.524000000]: Footprint model 'polygon' loaded for trajectory optimization.
[INFO] [1783917387.712563030, 1061.402000000]: Footprint model 'polygon' loaded for trajectory optimization.
[INFO] [1783917388.364456593, 1062.054000000]: Footprint model 'polygon' loaded for trajectory optimization.
[INFO] [1783917388.961322020, 1062.648000000]: Footprint model 'polygon' loaded for trajectory optimization.
[INFO] [1783917389.610406779, 1063.294000000]: Footprint model 'polygon' loaded for trajectory optimization.
[INFO] [1783917391.141516694, 1064.824000000]: GOAL Reached!
[INFO] [1783917391.296086611, 1064.978000000]: Footprint model 'polygon' loaded for trajectory optimization.
[INFO] [1783917392.199738232, 1065.880000000]: Footprint model 'polygon' loaded for trajectory optimization.
[INFO] [1783917392.846527377, 1066.524000000]: Footprint model 'polygon' loaded for trajectory optimization.
[INFO] [1783917393.437777647, 1067.118000000]: Footprint model 'polygon' loaded for trajectory optimization.
[INFO] [1783917394.044619918, 1067.720000000]: Footprint model 'polygon' loaded for trajectory optimization.
[INFO] [1783917395.817370581, 1069.492000000]: GOAL Reached!
[INFO] [1783917395.964526961, 1069.640000000]: Footprint model 'polygon' loaded for trajectory optimization.
[INFO] [1783917396.827563347, 1070.500000000]: Footprint model 'polygon' loaded for trajectory optimization.
[INFO] [1783917397.435346436, 1071.106000000]: Footprint model 'polygon' loaded for trajectory optimization.
[INFO] [1783917398.083771797, 1071.752000000]: Footprint model 'polygon' loaded for trajectory optimization.
[INFO] [1783917398.683026090, 1072.354000000]: Footprint model 'polygon' loaded for trajectory optimization.
[INFO] [1783917400.664601842, 1074.330000000]: GOAL Reached!
[INFO] [1783917400.800878408, 1074.466000000]: Footprint model 'polygon' loaded for trajectory optimization.
[INFO] [1783917401.671588758, 1075.336000000]: Footprint model 'polygon' loaded for trajectory optimization.
[INFO] [1783917402.229596879, 1075.890000000]: Footprint model 'polygon' loaded for trajectory optimization.
[INFO] [1783917402.881337056, 1076.542000000]: Footprint model 'polygon' loaded for trajectory optimization.
[INFO] [1783917403.529423766, 1077.188000000]: Footprint model 'polygon' loaded for trajectory optimization.
[INFO] [1783917405.209400894, 1078.866000000]: GOAL Reached!
[INFO] [1783917405.349153945, 1079.006000000]: Footprint model 'polygon' loaded for trajectory optimization.
[INFO] [1783917406.225010295, 1079.878000000]: Footprint model 'polygon' loaded for trajectory optimization.
[INFO] [1783917406.877356665, 1080.530000000]: Footprint model 'polygon' loaded for trajectory optimization.
[INFO] [1783917407.474831019, 1081.126000000]: Footprint model 'polygon' loaded for trajectory optimization.
[INFO] [1783917408.123354466, 1081.774000000]: Footprint model 'polygon' loaded for trajectory optimization.
[INFO] [1783917409.753491935, 1083.402000000]: GOAL Reached!
[INFO] [1783917409.896290638, 1083.544000000]: Footprint model 'polygon' loaded for trajectory optimization.
[INFO] [1783917410.769258129, 1084.414000000]: Footprint model 'polygon' loaded for trajectory optimization.
[INFO] [1783917411.326460845, 1084.970000000]: Footprint model 'polygon' loaded for trajectory optimization.
[INFO] [1783917411.973596237, 1085.616000000]: Footprint model 'polygon' loaded for trajectory optimization.
[INFO] [1783917412.677332061, 1086.320000000]: Footprint model 'polygon' loaded for trajectory optimization.
[INFO] [1783917414.309403172, 1087.948000000]: GOAL Reached!
[INFO] [1783917414.458201522, 1088.096000000]: Footprint model 'polygon' loaded for trajectory optimization.
[INFO] [1783917415.342464645, 1088.978000000]: Footprint model 'polygon' loaded for trajectory optimization.
[INFO] [1783917415.986954312, 1089.622000000]: Footprint model 'polygon' loaded for trajectory optimization.
[INFO] [1783917416.583370460, 1090.216000000]: Footprint model 'polygon' loaded for trajectory optimization.
[INFO] [1783917417.186206049, 1090.818000000]: Footprint model 'polygon' loaded for trajectory optimization.
[INFO] [1783917418.964881174, 1092.594000000]: GOAL Reached!
[INFO] [1783917419.106525125, 1092.736000000]: Footprint model 'polygon' loaded for trajectory optimization.
[INFO] [1783917419.989662442, 1093.618000000]: Footprint model 'polygon' loaded for trajectory optimization.
[INFO] [1783917420.639404636, 1094.266000000]: Footprint model 'polygon' loaded for trajectory optimization.
[INFO] [1783917421.290144378, 1094.916000000]: Footprint model 'polygon' loaded for trajectory optimization.
[INFO] [1783917421.838198680, 1095.462000000]: Footprint model 'polygon' loaded for trajectory optimization.
[INFO] [1783917423.519611243, 1097.140000000]: GOAL Reached!
[INFO] [1783917423.664396406, 1097.284000000]: Footprint model 'polygon' loaded for trajectory optimization.
[INFO] [1783917424.543691327, 1098.164000000]: Footprint model 'polygon' loaded for trajectory optimization.
[INFO] [1783917425.239132953, 1098.858000000]: Footprint model 'polygon' loaded for trajectory optimization.
[INFO] [1783917425.943118646, 1099.560000000]: Footprint model 'polygon' loaded for trajectory optimization.
[INFO] [1783917426.589415633, 1100.204000000]: Footprint model 'polygon' loaded for trajectory optimization.
[INFO] [1783917428.071006826, 1101.684000000]: GOAL Reached!
[INFO] [1783917428.215704281, 1101.828000000]: Footprint model 'polygon' loaded for trajectory optimization.
[INFO] [1783917429.107356305, 1102.718000000]: Footprint model 'polygon' loaded for trajectory optimization.
[INFO] [1783917429.811576298, 1103.420000000]: Footprint model 'polygon' loaded for trajectory optimization.
[INFO] [1783917430.454043041, 1104.062000000]: Footprint model 'polygon' loaded for trajectory optimization.
[INFO] [1783917431.055468066, 1104.664000000]: Footprint model 'polygon' loaded for trajectory optimization.
[INFO] [1783917432.738351920, 1106.342000000]: GOAL Reached!
[INFO] [1783917432.880390161, 1106.484000000]: Footprint model 'polygon' loaded for trajectory optimization.
[INFO] [1783917433.756518304, 1107.358000000]: Footprint model 'polygon' loaded for trajectory optimization.
[INFO] [1783917434.305000557, 1107.906000000]: Footprint model 'polygon' loaded for trajectory optimization.
[INFO] [1783917434.905521975, 1108.508000000]: Footprint model 'polygon' loaded for trajectory optimization.
[INFO] [1783917435.500929597, 1109.104000000]: Footprint model 'polygon' loaded for trajectory optimization.
[INFO] [1783917437.485968375, 1111.084000000]: GOAL Reached!
[INFO] [1783917437.641707371, 1111.240000000]: Footprint model 'polygon' loaded for trajectory optimization.
[INFO] [1783917438.529007960, 1112.124000000]: Footprint model 'polygon' loaded for trajectory optimization.
[INFO] [1783917439.172698037, 1112.766000000]: Footprint model 'polygon' loaded for trajectory optimization.
[INFO] [1783917439.819283763, 1113.412000000]: Footprint model 'polygon' loaded for trajectory optimization.
[INFO] [1783917440.370666306, 1113.962000000]: Footprint model 'polygon' loaded for trajectory optimization.
[INFO] [1783917441.943686370, 1115.538000000]: GOAL Reached!
[INFO] [1783917442.092363951, 1115.686000000]: Footprint model 'polygon' loaded for trajectory optimization.
[INFO] [1783917442.970301732, 1116.560000000]: Footprint model 'polygon' loaded for trajectory optimization.
[INFO] [1783917443.670722249, 1117.258000000]: Footprint model 'polygon' loaded for trajectory optimization.
[INFO] [1783917444.269701887, 1117.856000000]: Footprint model 'polygon' loaded for trajectory optimization.
[INFO] [1783917444.971837532, 1118.556000000]: Footprint model 'polygon' loaded for trajectory optimization.
[INFO] [1783917446.401985852, 1119.982000000]: GOAL Reached!
[INFO] [1783917446.540860362, 1120.122000000]: Footprint model 'polygon' loaded for trajectory optimization.
[INFO] [1783917447.417830732, 1120.998000000]: Footprint model 'polygon' loaded for trajectory optimization.
[INFO] [1783917448.005736507, 1121.584000000]: Footprint model 'polygon' loaded for trajectory optimization.
[INFO] [1783917448.608500660, 1122.184000000]: Footprint model 'polygon' loaded for trajectory optimization.
[INFO] [1783917449.165829144, 1122.742000000]: Footprint model 'polygon' loaded for trajectory optimization.
[INFO] [1783917451.041454492, 1124.614000000]: GOAL Reached!
[INFO] [1783917451.180687200, 1124.752000000]: Footprint model 'polygon' loaded for trajectory optimization.
[INFO] [1783917452.066636744, 1125.638000000]: Footprint model 'polygon' loaded for trajectory optimization.
[INFO] [1783917452.706609087, 1126.274000000]: Footprint model 'polygon' loaded for trajectory optimization.
[INFO] [1783917453.304996356, 1126.872000000]: Footprint model 'polygon' loaded for trajectory optimization.
[INFO] [1783917453.908426608, 1127.474000000]: Footprint model 'polygon' loaded for trajectory optimization.
[INFO] [1783917455.687010557, 1129.250000000]: GOAL Reached!
[INFO] [1783917455.832424038, 1129.396000000]: Footprint model 'polygon' loaded for trajectory optimization.
[INFO] [1783917456.720217257, 1130.280000000]: Footprint model 'polygon' loaded for trajectory optimization.
[INFO] [1783917457.365564359, 1130.926000000]: Footprint model 'polygon' loaded for trajectory optimization.
[INFO] [1783917457.961146364, 1131.520000000]: Footprint model 'polygon' loaded for trajectory optimization.
[INFO] [1783917458.560423342, 1132.118000000]: Footprint model 'polygon' loaded for trajectory optimization.
[INFO] [1783917460.139926426, 1133.696000000]: GOAL Reached!
[INFO] [1783917460.287655938, 1133.842000000]: Footprint model 'polygon' loaded for trajectory optimization.
[INFO] [1783917461.168960472, 1134.722000000]: Footprint model 'polygon' loaded for trajectory optimization.
[INFO] [1783917461.811068572, 1135.362000000]: Footprint model 'polygon' loaded for trajectory optimization.
[INFO] [1783917462.408660072, 1135.960000000]: Footprint model 'polygon' loaded for trajectory optimization.
[INFO] [1783917463.067773266, 1136.616000000]: Footprint model 'polygon' loaded for trajectory optimization.
[INFO] [1783917464.790983606, 1138.336000000]: GOAL Reached!
[INFO] [1783917464.938677866, 1138.484000000]: Footprint model 'polygon' loaded for trajectory optimization.
[INFO] [1783917465.834309856, 1139.380000000]: Footprint model 'polygon' loaded for trajectory optimization.
[INFO] [1783917466.476713746, 1140.018000000]: Footprint model 'polygon' loaded for trajectory optimization.
[INFO] [1783917467.075296996, 1140.618000000]: Footprint model 'polygon' loaded for trajectory optimization.
[INFO] [1783917467.723290203, 1141.266000000]: Footprint model 'polygon' loaded for trajectory optimization.
[INFO] [1783917469.455073789, 1142.992000000]: GOAL Reached!
[INFO] [1783917469.605208254, 1143.142000000]: Footprint model 'polygon' loaded for trajectory optimization.
[INFO] [1783917470.528030378, 1144.066000000]: Footprint model 'polygon' loaded for trajectory optimization.
[INFO] [1783917471.129911333, 1144.664000000]: Footprint model 'polygon' loaded for trajectory optimization.
[INFO] [1783917471.728606737, 1145.262000000]: Footprint model 'polygon' loaded for trajectory optimization.
[INFO] [1783917472.330711949, 1145.862000000]: Footprint model 'polygon' loaded for trajectory optimization.
[INFO] [1783917474.107774581, 1147.638000000]: GOAL Reached!
[INFO] [1783917474.255428177, 1147.788000000]: Footprint model 'polygon' loaded for trajectory optimization.
[INFO] [1783917475.131565953, 1148.662000000]: Footprint model 'polygon' loaded for trajectory optimization.
[INFO] [1783917475.832599342, 1149.360000000]: Footprint model 'polygon' loaded for trajectory optimization.
[INFO] [1783917476.477884166, 1150.006000000]: Footprint model 'polygon' loaded for trajectory optimization.
[INFO] [1783917477.076082212, 1150.600000000]: Footprint model 'polygon' loaded for trajectory optimization.
[INFO] [1783917478.657635794, 1152.180000000]: GOAL Reached!
[INFO] [1783917478.811326114, 1152.334000000]: Footprint model 'polygon' loaded for trajectory optimization.
[INFO] [1783917479.681034508, 1153.202000000]: Footprint model 'polygon' loaded for trajectory optimization.
[INFO] [1783917480.235072411, 1153.754000000]: Footprint model 'polygon' loaded for trajectory optimization.
[INFO] [1783917480.886541245, 1154.404000000]: Footprint model 'polygon' loaded for trajectory optimization.
[INFO] [1783917481.534799877, 1155.052000000]: Footprint model 'polygon' loaded for trajectory optimization.
[INFO] [1783917482.136466898, 1155.650000000]: Footprint model 'polygon' loaded for trajectory optimization.
[INFO] [1783917483.712555612, 1157.228000000]: GOAL Reached!
[INFO] [1783917483.843158486, 1157.358000000]: Footprint model 'polygon' loaded for trajectory optimization.
[INFO] [1783917484.725645895, 1158.236000000]: Footprint model 'polygon' loaded for trajectory optimization.
[INFO] [1783917485.271058238, 1158.780000000]: Footprint model 'polygon' loaded for trajectory optimization.
[INFO] [1783917485.875586653, 1159.384000000]: Footprint model 'polygon' loaded for trajectory optimization.
[INFO] [1783917486.525650781, 1160.032000000]: Footprint model 'polygon' loaded for trajectory optimization.
[INFO] [1783917488.357467074, 1161.860000000]: GOAL Reached!
[INFO] [1783917488.505892339, 1162.008000000]: Footprint model 'polygon' loaded for trajectory optimization.
[INFO] [1783917489.399367148, 1162.900000000]: Footprint model 'polygon' loaded for trajectory optimization.
[INFO] [1783917490.093524384, 1163.594000000]: Footprint model 'polygon' loaded for trajectory optimization.
[INFO] [1783917490.683646246, 1164.182000000]: Footprint model 'polygon' loaded for trajectory optimization.
[INFO] [1783917491.286908493, 1164.786000000]: Footprint model 'polygon' loaded for trajectory optimization.
[INFO] [1783917493.017683873, 1166.514000000]: GOAL Reached!
[INFO] [1783917493.166254308, 1166.662000000]: Footprint model 'polygon' loaded for trajectory optimization.
[INFO] [1783917494.046781734, 1167.540000000]: Footprint model 'polygon' loaded for trajectory optimization.
[INFO] [1783917494.739085655, 1168.230000000]: Footprint model 'polygon' loaded for trajectory optimization.
[INFO] [1783917495.386556319, 1168.876000000]: Footprint model 'polygon' loaded for trajectory optimization.
[INFO] [1783917495.982353194, 1169.474000000]: Footprint model 'polygon' loaded for trajectory optimization.
[INFO] [1783917497.664329692, 1171.154000000]: GOAL Reached!
[INFO] [1783917497.808279694, 1171.296000000]: Footprint model 'polygon' loaded for trajectory optimization.
[INFO] [1783917498.675924945, 1172.162000000]: Footprint model 'polygon' loaded for trajectory optimization.
[INFO] [1783917499.225071546, 1172.710000000]: Footprint model 'polygon' loaded for trajectory optimization.
[INFO] [1783917499.830888148, 1173.316000000]: Footprint model 'polygon' loaded for trajectory optimization.
[INFO] [1783917500.477854418, 1173.960000000]: Footprint model 'polygon' loaded for trajectory optimization.
[INFO] [1783917502.305616938, 1175.788000000]: GOAL Reached!
[INFO] [1783917502.459610930, 1175.942000000]: Footprint model 'polygon' loaded for trajectory optimization.
[INFO] [1783917503.340277523, 1176.822000000]: Footprint model 'polygon' loaded for trajectory optimization.
[INFO] [1783917503.987513841, 1177.466000000]: Footprint model 'polygon' loaded for trajectory optimization.
[INFO] [1783917504.586236421, 1178.064000000]: Footprint model 'polygon' loaded for trajectory optimization.
[INFO] [1783917505.233207180, 1178.708000000]: Footprint model 'polygon' loaded for trajectory optimization.
[INFO] [1783917506.869794734, 1180.342000000]: GOAL Reached!
[INFO] [1783917507.015050134, 1180.488000000]: Footprint model 'polygon' loaded for trajectory optimization.
[INFO] [1783917507.888782281, 1181.360000000]: Footprint model 'polygon' loaded for trajectory optimization.
[INFO] [1783917508.488939866, 1181.960000000]: Footprint model 'polygon' loaded for trajectory optimization.
[INFO] [1783917509.091209322, 1182.560000000]: Footprint model 'polygon' loaded for trajectory optimization.
[INFO] [1783917509.791867537, 1183.260000000]: Footprint model 'polygon' loaded for trajectory optimization.
[INFO] [1783917511.524144693, 1184.988000000]: GOAL Reached!
[INFO] [1783917511.670676919, 1185.134000000]: Footprint model 'polygon' loaded for trajectory optimization.
[INFO] [1783917512.555513768, 1186.022000000]: Footprint model 'polygon' loaded for trajectory optimization.
[INFO] [1783917513.200385149, 1186.662000000]: Footprint model 'polygon' loaded for trajectory optimization.
[INFO] [1783917513.802680742, 1187.266000000]: Footprint model 'polygon' loaded for trajectory optimization.
[INFO] [1783917514.444886586, 1187.904000000]: Footprint model 'polygon' loaded for trajectory optimization.
[INFO] [1783917516.373432248, 1189.832000000]: GOAL Reached!
[INFO] [1783917516.509980932, 1189.968000000]: Footprint model 'polygon' loaded for trajectory optimization.
[INFO] [1783917517.384906092, 1190.840000000]: Footprint model 'polygon' loaded for trajectory optimization.
[INFO] [1783917517.986250827, 1191.440000000]: Footprint model 'polygon' loaded for trajectory optimization.
[INFO] [1783917518.587595526, 1192.040000000]: Footprint model 'polygon' loaded for trajectory optimization.
[INFO] [1783917519.288718393, 1192.740000000]: Footprint model 'polygon' loaded for trajectory optimization.
[INFO] [1783917521.020964388, 1194.470000000]: GOAL Reached!
[INFO] [1783917521.164047319, 1194.612000000]: Footprint model 'polygon' loaded for trajectory optimization.
[INFO] [1783917522.054108625, 1195.500000000]: Footprint model 'polygon' loaded for trajectory optimization.
[INFO] [1783917522.708156349, 1196.152000000]: Footprint model 'polygon' loaded for trajectory optimization.
[INFO] [1783917523.305555968, 1196.750000000]: Footprint model 'polygon' loaded for trajectory optimization.
[INFO] [1783917523.905215365, 1197.348000000]: Footprint model 'polygon' loaded for trajectory optimization.
[INFO] [1783917525.687782233, 1199.126000000]: GOAL Reached!
[INFO] [1783917525.827321897, 1199.266000000]: Footprint model 'polygon' loaded for trajectory optimization.
[INFO] [1783917526.728303325, 1200.162000000]: Footprint model 'polygon' loaded for trajectory optimization.
[INFO] [1783917527.412347713, 1200.848000000]: Footprint model 'polygon' loaded for trajectory optimization.
[INFO] [1783917528.011610912, 1201.444000000]: Footprint model 'polygon' loaded for trajectory optimization.
[INFO] [1783917528.710459516, 1202.144000000]: Footprint model 'polygon' loaded for trajectory optimization.
[INFO] [1783917530.245686172, 1203.674000000]: GOAL Reached!
[INFO] [1783917530.391183754, 1203.820000000]: Footprint model 'polygon' loaded for trajectory optimization.
[INFO] [1783917531.293195434, 1204.720000000]: Footprint model 'polygon' loaded for trajectory optimization.
[INFO] [1783917531.884502182, 1205.308000000]: Footprint model 'polygon' loaded for trajectory optimization.
[INFO] [1783917532.433645560, 1205.858000000]: Footprint model 'polygon' loaded for trajectory optimization.
[INFO] [1783917533.039192732, 1206.462000000]: Footprint model 'polygon' loaded for trajectory optimization.
[INFO] [1783917534.816307830, 1208.236000000]: GOAL Reached!
[INFO] [1783917534.954082892, 1208.372000000]: Footprint model 'polygon' loaded for trajectory optimization.
[INFO] [1783917535.843306374, 1209.262000000]: Footprint model 'polygon' loaded for trajectory optimization.
[INFO] [1783917536.531394147, 1209.948000000]: Footprint model 'polygon' loaded for trajectory optimization.
[INFO] [1783917537.226025473, 1210.640000000]: Footprint model 'polygon' loaded for trajectory optimization.
[INFO] [1783917537.776559865, 1211.190000000]: Footprint model 'polygon' loaded for trajectory optimization.
[INFO] [1783917539.459986543, 1212.870000000]: GOAL Reached!
[INFO] [1783917539.595244858, 1213.006000000]: Footprint model 'polygon' loaded for trajectory optimization.
[INFO] [1783917540.472887594, 1213.882000000]: Footprint model 'polygon' loaded for trajectory optimization.
[INFO] [1783917541.028562687, 1214.436000000]: Footprint model 'polygon' loaded for trajectory optimization.
[INFO] [1783917541.675989992, 1215.082000000]: Footprint model 'polygon' loaded for trajectory optimization.
[INFO] [1783917542.219158333, 1215.630000000]: Footprint model 'polygon' loaded for trajectory optimization.
[INFO] [1783917544.003243202, 1217.408000000]: GOAL Reached!
[INFO] [1783917544.151240287, 1217.554000000]: Footprint model 'polygon' loaded for trajectory optimization.
[INFO] [1783917545.038362772, 1218.438000000]: Footprint model 'polygon' loaded for trajectory optimization.
[INFO] [1783917545.585883076, 1218.986000000]: Footprint model 'polygon' loaded for trajectory optimization.
[INFO] [1783917546.188314674, 1219.588000000]: Footprint model 'polygon' loaded for trajectory optimization.
[INFO] [1783917546.836804419, 1220.236000000]: Footprint model 'polygon' loaded for trajectory optimization.
[INFO] [1783917548.769349625, 1222.164000000]: GOAL Reached!
[INFO] [1783917548.910885486, 1222.304000000]: Footprint model 'polygon' loaded for trajectory optimization.
[INFO] [1783917549.806029449, 1223.200000000]: Footprint model 'polygon' loaded for trajectory optimization.
[INFO] [1783917550.444127372, 1223.834000000]: Footprint model 'polygon' loaded for trajectory optimization.
[INFO] [1783917551.099344434, 1224.490000000]: Footprint model 'polygon' loaded for trajectory optimization.
[INFO] [1783917551.742780329, 1225.132000000]: Footprint model 'polygon' loaded for trajectory optimization.
[INFO] [1783917553.421720372, 1226.808000000]: GOAL Reached!
[INFO] [1783917553.574770067, 1226.960000000]: Footprint model 'polygon' loaded for trajectory optimization.
[INFO] [1783917554.455165099, 1227.840000000]: Footprint model 'polygon' loaded for trajectory optimization.
[INFO] [1783917555.107742446, 1228.490000000]: Footprint model 'polygon' loaded for trajectory optimization.
[INFO] [1783917555.704651453, 1229.086000000]: Footprint model 'polygon' loaded for trajectory optimization.
[INFO] [1783917556.355991464, 1229.736000000]: Footprint model 'polygon' loaded for trajectory optimization.
[INFO] [1783917558.083565039, 1231.462000000]: GOAL Reached!
[INFO] [1783917558.222988337, 1231.600000000]: Footprint model 'polygon' loaded for trajectory optimization.
[INFO] [1783917559.103689858, 1232.480000000]: Footprint model 'polygon' loaded for trajectory optimization.
[INFO] [1783917559.794681388, 1233.172000000]: Footprint model 'polygon' loaded for trajectory optimization.
[INFO] [1783917560.443454749, 1233.818000000]: Footprint model 'polygon' loaded for trajectory optimization.
[INFO] [1783917562.525749185, 1235.896000000]: GOAL Reached!
[INFO] [1783917562.677869319, 1236.046000000]: Footprint model 'polygon' loaded for trajectory optimization.
[INFO] [1783917563.549469599, 1236.918000000]: Footprint model 'polygon' loaded for trajectory optimization.
[INFO] [1783917564.141978959, 1237.510000000]: Footprint model 'polygon' loaded for trajectory optimization.
[INFO] [1783917564.751309515, 1238.118000000]: Footprint model 'polygon' loaded for trajectory optimization.
[INFO] [1783917565.399305759, 1238.764000000]: Footprint model 'polygon' loaded for trajectory optimization.
[INFO] [1783917567.179401164, 1240.540000000]: GOAL Reached!
[INFO] [1783917567.323200359, 1240.684000000]: Footprint model 'polygon' loaded for trajectory optimization.
[INFO] [1783917568.199184161, 1241.560000000]: Footprint model 'polygon' loaded for trajectory optimization.
[INFO] [1783917568.745540378, 1242.104000000]: Footprint model 'polygon' loaded for trajectory optimization.
[INFO] [1783917569.342343874, 1242.700000000]: Footprint model 'polygon' loaded for trajectory optimization.
[INFO] [1783917569.942405558, 1243.298000000]: Footprint model 'polygon' loaded for trajectory optimization.
[INFO] [1783917571.823507288, 1245.176000000]: GOAL Reached!
[INFO] [1783917571.968268392, 1245.320000000]: Footprint model 'polygon' loaded for trajectory optimization.
[INFO] [1783917572.846449801, 1246.200000000]: Footprint model 'polygon' loaded for trajectory optimization.
[INFO] [1783917573.541546156, 1246.892000000]: Footprint model 'polygon' loaded for trajectory optimization.
[INFO] [1783917574.242231922, 1247.590000000]: Footprint model 'polygon' loaded for trajectory optimization.
[INFO] [1783917574.934051599, 1248.282000000]: Footprint model 'polygon' loaded for trajectory optimization.
[INFO] [1783917576.467555168, 1249.812000000]: GOAL Reached!
[INFO] [1783917576.614570244, 1249.958000000]: Footprint model 'polygon' loaded for trajectory optimization.
[INFO] [1783917577.496007764, 1250.838000000]: Footprint model 'polygon' loaded for trajectory optimization.
[INFO] [1783917578.141633798, 1251.482000000]: Footprint model 'polygon' loaded for trajectory optimization.
[INFO] [1783917578.739261860, 1252.080000000]: Footprint model 'polygon' loaded for trajectory optimization.
[INFO] [1783917579.340452922, 1252.678000000]: Footprint model 'polygon' loaded for trajectory optimization.
[INFO] [1783917580.921705364, 1254.256000000]: GOAL Reached!
[INFO] [1783917581.064909094, 1254.400000000]: Footprint model 'polygon' loaded for trajectory optimization.
[INFO] [1783917581.926968592, 1255.262000000]: Footprint model 'polygon' loaded for trajectory optimization.
[INFO] [1783917582.529677781, 1255.862000000]: Footprint model 'polygon' loaded for trajectory optimization.
[INFO] [1783917583.175612314, 1256.510000000]: Footprint model 'polygon' loaded for trajectory optimization.
[INFO] [1783917583.828083577, 1257.158000000]: Footprint model 'polygon' loaded for trajectory optimization.
[INFO] [1783917585.458972503, 1258.788000000]: GOAL Reached!
[INFO] [1783917585.604004255, 1258.932000000]: Footprint model 'polygon' loaded for trajectory optimization.
[INFO] [1783917586.493563682, 1259.820000000]: Footprint model 'polygon' loaded for trajectory optimization.
[INFO] [1783917587.136519847, 1260.458000000]: Footprint model 'polygon' loaded for trajectory optimization.
[INFO] [1783917587.773346299, 1261.100000000]: Footprint model 'polygon' loaded for trajectory optimization.
[INFO] [1783917588.334443088, 1261.656000000]: Footprint model 'polygon' loaded for trajectory optimization.
[INFO] [1783917590.112045439, 1263.432000000]: GOAL Reached!
[INFO] [1783917590.250827558, 1263.570000000]: Footprint model 'polygon' loaded for trajectory optimization.
[INFO] [1783917591.122020772, 1264.438000000]: Footprint model 'polygon' loaded for trajectory optimization.
[INFO] [1783917591.675972070, 1264.992000000]: Footprint model 'polygon' loaded for trajectory optimization.
[INFO] [1783917592.319178530, 1265.636000000]: Footprint model 'polygon' loaded for trajectory optimization.
[INFO] [1783917592.972612646, 1266.286000000]: Footprint model 'polygon' loaded for trajectory optimization.
[INFO] [1783917594.753411430, 1268.064000000]: GOAL Reached!
[INFO] [1783917594.902247379, 1268.212000000]: Footprint model 'polygon' loaded for trajectory optimization.
[INFO] [1783917595.790528078, 1269.098000000]: Footprint model 'polygon' loaded for trajectory optimization.
[INFO] [1783917596.389692024, 1269.696000000]: Footprint model 'polygon' loaded for trajectory optimization.
[INFO] [1783917596.988917454, 1270.296000000]: Footprint model 'polygon' loaded for trajectory optimization.
[INFO] [1783917597.586699221, 1270.894000000]: Footprint model 'polygon' loaded for trajectory optimization.
[INFO] [1783917599.321897704, 1272.624000000]: GOAL Reached!
[INFO] [1783917599.479774179, 1272.782000000]: Footprint model 'polygon' loaded for trajectory optimization.
[INFO] [1783917600.359239741, 1273.660000000]: Footprint model 'polygon' loaded for trajectory optimization.
[INFO] [1783917601.007277510, 1274.306000000]: Footprint model 'polygon' loaded for trajectory optimization.
[INFO] [1783917601.609366097, 1274.908000000]: Footprint model 'polygon' loaded for trajectory optimization.
[INFO] [1783917602.257497502, 1275.554000000]: Footprint model 'polygon' loaded for trajectory optimization.
[INFO] [1783917603.889773242, 1277.182000000]: GOAL Reached!
[INFO] [1783917604.034832822, 1277.328000000]: Footprint model 'polygon' loaded for trajectory optimization.
[INFO] [1783917604.927051452, 1278.218000000]: Footprint model 'polygon' loaded for trajectory optimization.
[INFO] [1783917605.613986766, 1278.904000000]: Footprint model 'polygon' loaded for trajectory optimization.
[INFO] [1783917606.215944204, 1279.504000000]: Footprint model 'polygon' loaded for trajectory optimization.
[INFO] [1783917606.813115159, 1280.102000000]: Footprint model 'polygon' loaded for trajectory optimization.
[INFO] [1783917608.542570787, 1281.830000000]: GOAL Reached!
[INFO] [1783917608.697627371, 1281.984000000]: Footprint model 'polygon' loaded for trajectory optimization.
[INFO] [1783917609.580945427, 1282.864000000]: Footprint model 'polygon' loaded for trajectory optimization.
[INFO] [1783917610.231097615, 1283.514000000]: Footprint model 'polygon' loaded for trajectory optimization.
[INFO] [1783917610.829298234, 1284.110000000]: Footprint model 'polygon' loaded for trajectory optimization.
[INFO] [1783917611.424631937, 1284.704000000]: Footprint model 'polygon' loaded for trajectory optimization.
[INFO] [1783917613.103363758, 1286.382000000]: GOAL Reached!
[INFO] [1783917613.231660730, 1286.510000000]: Footprint model 'polygon' loaded for trajectory optimization.
[INFO] [1783917614.127666576, 1287.402000000]: Footprint model 'polygon' loaded for trajectory optimization.
[INFO] [1783917614.816188788, 1288.092000000]: Footprint model 'polygon' loaded for trajectory optimization.
[INFO] [1783917615.512850609, 1288.786000000]: Footprint model 'polygon' loaded for trajectory optimization.
[INFO] [1783917616.057232068, 1289.334000000]: Footprint model 'polygon' loaded for trajectory optimization.
[INFO] [1783917617.843490181, 1291.112000000]: GOAL Reached!
[INFO] [1783917617.974748105, 1291.242000000]: Footprint model 'polygon' loaded for trajectory optimization.
[INFO] [1783917618.866548642, 1292.136000000]: Footprint model 'polygon' loaded for trajectory optimization.
[INFO] [1783917619.522013954, 1292.788000000]: Footprint model 'polygon' loaded for trajectory optimization.
[INFO] [1783917620.120112428, 1293.386000000]: Footprint model 'polygon' loaded for trajectory optimization.
[INFO] [1783917620.769495096, 1294.032000000]: Footprint model 'polygon' loaded for trajectory optimization.
[INFO] [1783917622.499851680, 1295.762000000]: GOAL Reached!
[INFO] [1783917622.652636783, 1295.916000000]: Footprint model 'polygon' loaded for trajectory optimization.
[INFO] [1783917623.519746658, 1296.778000000]: Footprint model 'polygon' loaded for trajectory optimization.
[INFO] [1783917624.073914352, 1297.332000000]: Footprint model 'polygon' loaded for trajectory optimization.
[INFO] [1783917624.676524000, 1297.932000000]: Footprint model 'polygon' loaded for trajectory optimization.
[INFO] [1783917625.276288549, 1298.532000000]: Footprint model 'polygon' loaded for trajectory optimization.
[INFO] [1783917627.055273597, 1300.308000000]: GOAL Reached!
[INFO] [1783917627.196130968, 1300.448000000]: Footprint model 'polygon' loaded for trajectory optimization.
[INFO] [1783917628.086000312, 1301.336000000]: Footprint model 'polygon' loaded for trajectory optimization.
[INFO] [1783917628.785957632, 1302.034000000]: Footprint model 'polygon' loaded for trajectory optimization.
[INFO] [1783917629.482219997, 1302.730000000]: Footprint model 'polygon' loaded for trajectory optimization.
[INFO] [1783917630.135049614, 1303.384000000]: Footprint model 'polygon' loaded for trajectory optimization.
[INFO] [1783917631.614912035, 1304.858000000]: GOAL Reached!
[INFO] [1783917631.759331674, 1305.002000000]: Footprint model 'polygon' loaded for trajectory optimization.
[INFO] [1783917632.638340657, 1305.878000000]: Footprint model 'polygon' loaded for trajectory optimization.
[INFO] [1783917633.224601159, 1306.464000000]: Footprint model 'polygon' loaded for trajectory optimization.
[INFO] [1783917633.778961244, 1307.020000000]: Footprint model 'polygon' loaded for trajectory optimization.
[INFO] [1783917634.379770641, 1307.618000000]: Footprint model 'polygon' loaded for trajectory optimization.
[INFO] [1783917636.357858903, 1309.594000000]: GOAL Reached!
[INFO] [1783917636.488301770, 1309.724000000]: Footprint model 'polygon' loaded for trajectory optimization.
[INFO] [1783917637.386507828, 1310.620000000]: Footprint model 'polygon' loaded for trajectory optimization.
[INFO] [1783917638.024874936, 1311.258000000]: Footprint model 'polygon' loaded for trajectory optimization.
[INFO] [1783917638.668213486, 1311.900000000]: Footprint model 'polygon' loaded for trajectory optimization.
[INFO] [1783917639.270255812, 1312.500000000]: Footprint model 'polygon' loaded for trajectory optimization.
[INFO] [1783917640.903438495, 1314.130000000]: GOAL Reached!
[INFO] [1783917641.060595682, 1314.286000000]: Footprint model 'polygon' loaded for trajectory optimization.
[INFO] [1783917641.954652243, 1315.178000000]: Footprint model 'polygon' loaded for trajectory optimization.
[INFO] [1783917642.494045161, 1315.716000000]: Footprint model 'polygon' loaded for trajectory optimization.
[INFO] [1783917643.095688733, 1316.318000000]: Footprint model 'polygon' loaded for trajectory optimization.
[INFO] [1783917643.697165809, 1316.918000000]: Footprint model 'polygon' loaded for trajectory optimization.
[INFO] [1783917645.677881341, 1318.894000000]: GOAL Reached!
[INFO] [1783917645.822476435, 1319.040000000]: Footprint model 'polygon' loaded for trajectory optimization.
[INFO] [1783917646.705751447, 1319.920000000]: Footprint model 'polygon' loaded for trajectory optimization.
[INFO] [1783917647.350156920, 1320.564000000]: Footprint model 'polygon' loaded for trajectory optimization.
[INFO] [1783917647.952761664, 1321.166000000]: Footprint model 'polygon' loaded for trajectory optimization.
[INFO] [1783917648.552315758, 1321.766000000]: Footprint model 'polygon' loaded for trajectory optimization.
[INFO] [1783917650.330655034, 1323.540000000]: GOAL Reached!
[INFO] [1783917650.470400585, 1323.680000000]: Footprint model 'polygon' loaded for trajectory optimization.
[INFO] [1783917651.352254703, 1324.560000000]: Footprint model 'polygon' loaded for trajectory optimization.
[INFO] [1783917651.990724417, 1325.200000000]: Footprint model 'polygon' loaded for trajectory optimization.
[INFO] [1783917652.645175601, 1325.850000000]: Footprint model 'polygon' loaded for trajectory optimization.
[INFO] [1783917653.339261972, 1326.544000000]: Footprint model 'polygon' loaded for trajectory optimization.
[INFO] [1783917654.873937759, 1328.074000000]: GOAL Reached!
[INFO] [1783917655.020334102, 1328.220000000]: Footprint model 'polygon' loaded for trajectory optimization.
[INFO] [1783917655.900012679, 1329.098000000]: Footprint model 'polygon' loaded for trajectory optimization.
[INFO] [1783917656.553791622, 1329.754000000]: Footprint model 'polygon' loaded for trajectory optimization.
[INFO] [1783917657.149836823, 1330.346000000]: Footprint model 'polygon' loaded for trajectory optimization.
[INFO] [1783917657.801490399, 1330.998000000]: Footprint model 'polygon' loaded for trajectory optimization.
[INFO] [1783917659.329053270, 1332.524000000]: GOAL Reached!
[INFO] [1783917659.472205576, 1332.666000000]: Footprint model 'polygon' loaded for trajectory optimization.
[INFO] [1783917660.345983650, 1333.538000000]: Footprint model 'polygon' loaded for trajectory optimization.
[INFO] [1783917660.949586765, 1334.140000000]: Footprint model 'polygon' loaded for trajectory optimization.
[INFO] [1783917661.504910242, 1334.694000000]: Footprint model 'polygon' loaded for trajectory optimization.
[INFO] [1783917662.103096354, 1335.290000000]: Footprint model 'polygon' loaded for trajectory optimization.
[INFO] [1783917664.083461694, 1337.268000000]: GOAL Reached!
[INFO] [1783917664.228178695, 1337.412000000]: Footprint model 'polygon' loaded for trajectory optimization.
[INFO] [1783917665.115873402, 1338.300000000]: Footprint model 'polygon' loaded for trajectory optimization.
[INFO] [1783917665.759449930, 1338.940000000]: Footprint model 'polygon' loaded for trajectory optimization.
[INFO] [1783917666.411108766, 1339.590000000]: Footprint model 'polygon' loaded for trajectory optimization.
[INFO] [1783917667.050195381, 1340.230000000]: Footprint model 'polygon' loaded for trajectory optimization.
[INFO] [1783917668.729321585, 1341.910000000]: GOAL Reached!
[INFO] [1783917668.880045586, 1342.058000000]: Footprint model 'polygon' loaded for trajectory optimization.
[INFO] [1783917669.767233157, 1342.942000000]: Footprint model 'polygon' loaded for trajectory optimization.
[INFO] [1783917670.413228394, 1343.586000000]: Footprint model 'polygon' loaded for trajectory optimization.
[INFO] [1783917671.059349422, 1344.230000000]: Footprint model 'polygon' loaded for trajectory optimization.
[INFO] [1783917671.711356796, 1344.882000000]: Footprint model 'polygon' loaded for trajectory optimization.
[INFO] [1783917673.290987337, 1346.458000000]: GOAL Reached!
[INFO] [1783917673.437801596, 1346.606000000]: Footprint model 'polygon' loaded for trajectory optimization.
[INFO] [1783917674.314009322, 1347.482000000]: Footprint model 'polygon' loaded for trajectory optimization.
[INFO] [1783917675.009900121, 1348.174000000]: Footprint model 'polygon' loaded for trajectory optimization.
[INFO] [1783917675.657493766, 1348.820000000]: Footprint model 'polygon' loaded for trajectory optimization.
[INFO] [1783917676.259416125, 1349.422000000]: Footprint model 'polygon' loaded for trajectory optimization.
[INFO] [1783917677.737267752, 1350.898000000]: GOAL Reached!
[INFO] [1783917677.880423072, 1351.042000000]: Footprint model 'polygon' loaded for trajectory optimization.
[INFO] [1783917678.755636634, 1351.920000000]: Footprint model 'polygon' loaded for trajectory optimization.
[INFO] [1783917679.444445308, 1352.606000000]: Footprint model 'polygon' loaded for trajectory optimization.
[INFO] [1783917680.092650556, 1353.252000000]: Footprint model 'polygon' loaded for trajectory optimization.
[INFO] [1783917680.696951262, 1353.852000000]: Footprint model 'polygon' loaded for trajectory optimization.
[INFO] [1783917682.375041534, 1355.530000000]: GOAL Reached!
[INFO] [1783917682.529001724, 1355.684000000]: Footprint model 'polygon' loaded for trajectory optimization.
[INFO] [1783917683.411256604, 1356.562000000]: Footprint model 'polygon' loaded for trajectory optimization.
[INFO] [1783917684.109884969, 1357.260000000]: Footprint model 'polygon' loaded for trajectory optimization.
[INFO] [1783917684.810537715, 1357.958000000]: Footprint model 'polygon' loaded for trajectory optimization.
[INFO] [1783917685.404873763, 1358.552000000]: Footprint model 'polygon' loaded for trajectory optimization.
[INFO] [1783917686.939325680, 1360.084000000]: GOAL Reached!
[INFO] [1783917687.076233485, 1360.222000000]: Footprint model 'polygon' loaded for trajectory optimization.
[INFO] [1783917687.953180514, 1361.096000000]: Footprint model 'polygon' loaded for trajectory optimization.
[INFO] [1783917688.500959526, 1361.642000000]: Footprint model 'polygon' loaded for trajectory optimization.
[INFO] [1783917689.101956694, 1362.242000000]: Footprint model 'polygon' loaded for trajectory optimization.
[INFO] [1783917689.753110877, 1362.892000000]: Footprint model 'polygon' loaded for trajectory optimization.
[INFO] [1783917691.383040304, 1364.520000000]: GOAL Reached!
[INFO] [1783917691.529064070, 1364.666000000]: Footprint model 'polygon' loaded for trajectory optimization.
[INFO] [1783917692.422392265, 1365.558000000]: Footprint model 'polygon' loaded for trajectory optimization.
[INFO] [1783917693.073017857, 1366.206000000]: Footprint model 'polygon' loaded for trajectory optimization.
[INFO] [1783917693.710540637, 1366.846000000]: Footprint model 'polygon' loaded for trajectory optimization.
[INFO] [1783917694.319108916, 1367.450000000]: Footprint model 'polygon' loaded for trajectory optimization.
[INFO] [1783917696.048365790, 1369.176000000]: GOAL Reached!
[INFO] [1783917696.196192320, 1369.324000000]: Footprint model 'polygon' loaded for trajectory optimization.
[INFO] [1783917697.071815958, 1370.198000000]: Footprint model 'polygon' loaded for trajectory optimization.
[INFO] [1783917697.621063420, 1370.746000000]: Footprint model 'polygon' loaded for trajectory optimization.
[INFO] [1783917698.275400432, 1371.398000000]: Footprint model 'polygon' loaded for trajectory optimization.
[INFO] [1783917698.824875715, 1371.948000000]: Footprint model 'polygon' loaded for trajectory optimization.
[INFO] [1783917700.603691047, 1373.722000000]: GOAL Reached!
[INFO] [1783917700.732641133, 1373.852000000]: Footprint model 'polygon' loaded for trajectory optimization.
[INFO] [1783917701.625045670, 1374.742000000]: Footprint model 'polygon' loaded for trajectory optimization.
[INFO] [1783917702.262711455, 1375.380000000]: Footprint model 'polygon' loaded for trajectory optimization.
[INFO] [1783917702.908595982, 1376.024000000]: Footprint model 'polygon' loaded for trajectory optimization.
[INFO] [1783917703.507253919, 1376.622000000]: Footprint model 'polygon' loaded for trajectory optimization.
[INFO] [1783917705.042934633, 1378.156000000]: GOAL Reached!
[INFO] [1783917705.153669525, 1378.266000000]: Footprint model 'polygon' loaded for trajectory optimization.
[INFO] [1783917706.030310527, 1379.138000000]: Footprint model 'polygon' loaded for trajectory optimization.
[INFO] [1783917706.579880550, 1379.690000000]: Footprint model 'polygon' loaded for trajectory optimization.
[INFO] [1783917707.231463720, 1380.340000000]: Footprint model 'polygon' loaded for trajectory optimization.
[INFO] [1783917707.884252942, 1380.990000000]: Footprint model 'polygon' loaded for trajectory optimization.
[INFO] [1783917709.665031493, 1382.768000000]: GOAL Reached!
[INFO] [1783917709.813354222, 1382.916000000]: Footprint model 'polygon' loaded for trajectory optimization.
[INFO] [1783917710.695479259, 1383.796000000]: Footprint model 'polygon' loaded for trajectory optimization.
[INFO] [1783917711.295393335, 1384.394000000]: Footprint model 'polygon' loaded for trajectory optimization.
[INFO] [1783917711.895909813, 1384.996000000]: Footprint model 'polygon' loaded for trajectory optimization.
[INFO] [1783917712.496368750, 1385.596000000]: Footprint model 'polygon' loaded for trajectory optimization.
[INFO] [1783917714.229840144, 1387.324000000]: GOAL Reached!
[INFO] [1783917714.385214222, 1387.480000000]: Footprint model 'polygon' loaded for trajectory optimization.
[INFO] [1783917715.287268627, 1388.382000000]: Footprint model 'polygon' loaded for trajectory optimization.
[INFO] [1783917715.932068932, 1389.022000000]: Footprint model 'polygon' loaded for trajectory optimization.
[INFO] [1783917716.579044148, 1389.672000000]: Footprint model 'polygon' loaded for trajectory optimization.
[INFO] [1783917717.228474453, 1390.316000000]: Footprint model 'polygon' loaded for trajectory optimization.
[INFO] [1783917718.909224472, 1391.996000000]: GOAL Reached!
[INFO] [1783917719.040496849, 1392.126000000]: Footprint model 'polygon' loaded for trajectory optimization.
[INFO] [1783917719.934520513, 1393.018000000]: Footprint model 'polygon' loaded for trajectory optimization.
[INFO] [1783917720.578111677, 1393.662000000]: Footprint model 'polygon' loaded for trajectory optimization.
[INFO] [1783917721.175065823, 1394.258000000]: Footprint model 'polygon' loaded for trajectory optimization.
[INFO] [1783917721.777093868, 1394.858000000]: Footprint model 'polygon' loaded for trajectory optimization.
[INFO] [1783917723.751780758, 1396.834000000]: GOAL Reached!
[INFO] [1783917723.900259957, 1396.980000000]: Footprint model 'polygon' loaded for trajectory optimization.
[INFO] [1783917724.765724183, 1397.842000000]: Footprint model 'polygon' loaded for trajectory optimization.
[INFO] [1783917725.365539539, 1398.440000000]: Footprint model 'polygon' loaded for trajectory optimization.
[INFO] [1783917725.964258851, 1399.036000000]: Footprint model 'polygon' loaded for trajectory optimization.
[INFO] [1783917726.565777283, 1399.638000000]: Footprint model 'polygon' loaded for trajectory optimization.
[INFO] [1783917728.299318616, 1401.368000000]: GOAL Reached!
[INFO] [1783917728.446780647, 1401.514000000]: Footprint model 'polygon' loaded for trajectory optimization.
[INFO] [1783917729.329161040, 1402.400000000]: Footprint model 'polygon' loaded for trajectory optimization.
[INFO] [1783917730.027929362, 1403.094000000]: Footprint model 'polygon' loaded for trajectory optimization.
[INFO] [1783917730.626341379, 1403.690000000]: Footprint model 'polygon' loaded for trajectory optimization.
[INFO] [1783917731.318905861, 1404.386000000]: Footprint model 'polygon' loaded for trajectory optimization.
[INFO] [1783917732.854985610, 1405.916000000]: GOAL Reached!
[INFO] [1783917732.985040465, 1406.046000000]: Footprint model 'polygon' loaded for trajectory optimization.
[INFO] [1783917733.859590024, 1406.918000000]: Footprint model 'polygon' loaded for trajectory optimization.
[INFO] [1783917734.501778410, 1407.560000000]: Footprint model 'polygon' loaded for trajectory optimization.
[INFO] [1783917735.099597169, 1408.158000000]: Footprint model 'polygon' loaded for trajectory optimization.
[INFO] [1783917735.748877148, 1408.806000000]: Footprint model 'polygon' loaded for trajectory optimization.
[INFO] [1783917737.481141465, 1410.534000000]: GOAL Reached!
[INFO] [1783917737.631731119, 1410.686000000]: Footprint model 'polygon' loaded for trajectory optimization.
[INFO] [1783917738.509853709, 1411.560000000]: Footprint model 'polygon' loaded for trajectory optimization.
[INFO] [1783917739.110415366, 1412.158000000]: Footprint model 'polygon' loaded for trajectory optimization.
[INFO] [1783917739.707058848, 1412.756000000]: Footprint model 'polygon' loaded for trajectory optimization.
[INFO] [1783917740.410684319, 1413.458000000]: Footprint model 'polygon' loaded for trajectory optimization.
[INFO] [1783917742.039114529, 1415.084000000]: GOAL Reached!
[INFO] [1783917742.162495590, 1415.208000000]: Footprint model 'polygon' loaded for trajectory optimization.
[INFO] [1783917743.035857101, 1416.080000000]: Footprint model 'polygon' loaded for trajectory optimization.
[INFO] [1783917743.640264631, 1416.682000000]: Footprint model 'polygon' loaded for trajectory optimization.
[INFO] [1783917744.185272176, 1417.228000000]: Footprint model 'polygon' loaded for trajectory optimization.
[INFO] [1783917744.791438903, 1417.830000000]: Footprint model 'polygon' loaded for trajectory optimization.
[INFO] [1783917746.769632510, 1419.806000000]: GOAL Reached!
[INFO] [1783917746.927301506, 1419.966000000]: Footprint model 'polygon' loaded for trajectory optimization.
[INFO] [1783917747.803969195, 1420.838000000]: Footprint model 'polygon' loaded for trajectory optimization.
[INFO] [1783917748.398603738, 1421.432000000]: Footprint model 'polygon' loaded for trajectory optimization.
[INFO] [1783917749.049756116, 1422.082000000]: Footprint model 'polygon' loaded for trajectory optimization.
[INFO] [1783917749.705956554, 1422.736000000]: Footprint model 'polygon' loaded for trajectory optimization.
[INFO] [1783917751.530399886, 1424.562000000]: GOAL Reached!
[INFO] [1783917751.664607663, 1424.696000000]: Footprint model 'polygon' loaded for trajectory optimization.
[INFO] [1783917752.556422783, 1425.582000000]: Footprint model 'polygon' loaded for trajectory optimization.
[INFO] [1783917753.197020607, 1426.224000000]: Footprint model 'polygon' loaded for trajectory optimization.
[INFO] [1783917753.848121572, 1426.872000000]: Footprint model 'polygon' loaded for trajectory optimization.
[INFO] [1783917754.547199174, 1427.570000000]: Footprint model 'polygon' loaded for trajectory optimization.
[INFO] [1783917756.281416908, 1429.300000000]: GOAL Reached!
[INFO] [1783917756.427404920, 1429.446000000]: Footprint model 'polygon' loaded for trajectory optimization.
[INFO] [1783917757.326895396, 1430.344000000]: Footprint model 'polygon' loaded for trajectory optimization.
[INFO] [1783917758.011637463, 1431.028000000]: Footprint model 'polygon' loaded for trajectory optimization.
[INFO] [1783917758.711616219, 1431.726000000]: Footprint model 'polygon' loaded for trajectory optimization.
[INFO] [1783917759.410149925, 1432.422000000]: Footprint model 'polygon' loaded for trajectory optimization.
[INFO] [1783917760.942226663, 1433.952000000]: GOAL Reached!
[INFO] [1783917761.087935482, 1434.096000000]: Footprint model 'polygon' loaded for trajectory optimization.
[INFO] [1783917761.970542559, 1434.978000000]: Footprint model 'polygon' loaded for trajectory optimization.
[INFO] [1783917762.656368600, 1435.664000000]: Footprint model 'polygon' loaded for trajectory optimization.
[INFO] [1783917763.256126062, 1436.260000000]: Footprint model 'polygon' loaded for trajectory optimization.
[INFO] [1783917763.857253551, 1436.862000000]: Footprint model 'polygon' loaded for trajectory optimization.
[INFO] [1783917765.587952803, 1438.590000000]: GOAL Reached!
[INFO] [1783917765.726332332, 1438.730000000]: Footprint model 'polygon' loaded for trajectory optimization.
[INFO] [1783917766.600674383, 1439.602000000]: Footprint model 'polygon' loaded for trajectory optimization.
[INFO] [1783917767.306199307, 1440.304000000]: Footprint model 'polygon' loaded for trajectory optimization.
[INFO] [1783917767.952284944, 1440.948000000]: Footprint model 'polygon' loaded for trajectory optimization.
[INFO] [1783917768.599859326, 1441.596000000]: Footprint model 'polygon' loaded for trajectory optimization.
[INFO] [1783917770.233652964, 1443.226000000]: GOAL Reached!
[INFO] [1783917770.374986115, 1443.368000000]: Footprint model 'polygon' loaded for trajectory optimization.
[INFO] [1783917771.270053887, 1444.260000000]: Footprint model 'polygon' loaded for trajectory optimization.
[INFO] [1783917771.911746082, 1444.900000000]: Footprint model 'polygon' loaded for trajectory optimization.
[INFO] [1783917772.560285785, 1445.548000000]: Footprint model 'polygon' loaded for trajectory optimization.
[INFO] [1783917773.156905245, 1446.144000000]: Footprint model 'polygon' loaded for trajectory optimization.
[INFO] [1783917773.708751116, 1446.694000000]: Footprint model 'polygon' loaded for trajectory optimization.
[INFO] [1783917775.590205625, 1448.572000000]: GOAL Reached!
[INFO] [1783917775.738755289, 1448.720000000]: Footprint model 'polygon' loaded for trajectory optimization.
[INFO] [1783917776.623358107, 1449.602000000]: Footprint model 'polygon' loaded for trajectory optimization.
[INFO] [1783917777.259895508, 1450.238000000]: Footprint model 'polygon' loaded for trajectory optimization.
[INFO] [1783917777.909665072, 1450.886000000]: Footprint model 'polygon' loaded for trajectory optimization.
[INFO] [1783917778.508006084, 1451.482000000]: Footprint model 'polygon' loaded for trajectory optimization.
[INFO] [1783917780.139464448, 1453.112000000]: GOAL Reached!
[INFO] [1783917780.281476885, 1453.254000000]: Footprint model 'polygon' loaded for trajectory optimization.
[INFO] [1783917781.150437092, 1454.120000000]: Footprint model 'polygon' loaded for trajectory optimization.
[INFO] [1783917781.713699493, 1454.682000000]: Footprint model 'polygon' loaded for trajectory optimization.
[INFO] [1783917782.356113125, 1455.322000000]: Footprint model 'polygon' loaded for trajectory optimization.
[INFO] [1783917782.909254714, 1455.876000000]: Footprint model 'polygon' loaded for trajectory optimization.
[INFO] [1783917784.788931563, 1457.752000000]: GOAL Reached!
[INFO] [1783917784.933205599, 1457.896000000]: Footprint model 'polygon' loaded for trajectory optimization.
[INFO] [1783917785.801614351, 1458.762000000]: Footprint model 'polygon' loaded for trajectory optimization.
[INFO] [1783917786.353268760, 1459.312000000]: Footprint model 'polygon' loaded for trajectory optimization.
[INFO] [1783917787.003420242, 1459.962000000]: Footprint model 'polygon' loaded for trajectory optimization.
[INFO] [1783917787.551675409, 1460.510000000]: Footprint model 'polygon' loaded for trajectory optimization.
[INFO] [1783917789.332680146, 1462.288000000]: GOAL Reached!
[INFO] [1783917789.475947654, 1462.430000000]: Footprint model 'polygon' loaded for trajectory optimization.
[INFO] [1783917790.367464916, 1463.320000000]: Footprint model 'polygon' loaded for trajectory optimization.
[INFO] [1783917791.050337490, 1464.002000000]: Footprint model 'polygon' loaded for trajectory optimization.
[INFO] [1783917791.601611632, 1464.552000000]: Footprint model 'polygon' loaded for trajectory optimization.
[INFO] [1783917792.203112336, 1465.154000000]: Footprint model 'polygon' loaded for trajectory optimization.
[INFO] [1783917793.880638913, 1466.830000000]: GOAL Reached!
[INFO] [1783917794.028291014, 1466.974000000]: Footprint model 'polygon' loaded for trajectory optimization.
[INFO] [1783917794.915202978, 1467.860000000]: Footprint model 'polygon' loaded for trajectory optimization.
[INFO] [1783917795.607700548, 1468.550000000]: Footprint model 'polygon' loaded for trajectory optimization.
[INFO] [1783917796.305571240, 1469.246000000]: Footprint model 'polygon' loaded for trajectory optimization.
[INFO] [1783917796.855581290, 1469.796000000]: Footprint model 'polygon' loaded for trajectory optimization.
[INFO] [1783917798.535958119, 1471.474000000]: GOAL Reached!
[INFO] [1783917798.664914845, 1471.600000000]: Footprint model 'polygon' loaded for trajectory optimization.
[INFO] [1783917799.540185820, 1472.474000000]: Footprint model 'polygon' loaded for trajectory optimization.
[INFO] [1783917800.089523018, 1473.026000000]: Footprint model 'polygon' loaded for trajectory optimization.
[INFO] [1783917800.742468038, 1473.678000000]: Footprint model 'polygon' loaded for trajectory optimization.
[INFO] [1783917801.394177448, 1474.326000000]: Footprint model 'polygon' loaded for trajectory optimization.
[INFO] [1783917803.175007042, 1476.104000000]: GOAL Reached!
[INFO] [1783917803.328587304, 1476.256000000]: Footprint model 'polygon' loaded for trajectory optimization.
[INFO] [1783917804.209829262, 1477.140000000]: Footprint model 'polygon' loaded for trajectory optimization.
[INFO] [1783917804.861112740, 1477.788000000]: Footprint model 'polygon' loaded for trajectory optimization.
[INFO] [1783917805.455222442, 1478.382000000]: Footprint model 'polygon' loaded for trajectory optimization.
[INFO] [1783917806.107363693, 1479.034000000]: Footprint model 'polygon' loaded for trajectory optimization.
[INFO] [1783917807.641798906, 1480.562000000]: GOAL Reached!
[INFO] [1783917807.768556567, 1480.688000000]: Footprint model 'polygon' loaded for trajectory optimization.
[INFO] [1783917808.658527147, 1481.578000000]: Footprint model 'polygon' loaded for trajectory optimization.
[INFO] [1783917809.345051044, 1482.264000000]: Footprint model 'polygon' loaded for trajectory optimization.
[INFO] [1783917809.945933200, 1482.862000000]: Footprint model 'polygon' loaded for trajectory optimization.
[INFO] [1783917810.646721395, 1483.566000000]: Footprint model 'polygon' loaded for trajectory optimization.
[INFO] [1783917812.175883110, 1485.092000000]: GOAL Reached!
[INFO] [1783917812.313301569, 1485.228000000]: Footprint model 'polygon' loaded for trajectory optimization.
[INFO] [1783917813.203020540, 1486.116000000]: Footprint model 'polygon' loaded for trajectory optimization.
[INFO] [1783917813.758064304, 1486.670000000]: Footprint model 'polygon' loaded for trajectory optimization.
[INFO] [1783917814.361192160, 1487.270000000]: Footprint model 'polygon' loaded for trajectory optimization.
[INFO] [1783917815.011552425, 1487.920000000]: Footprint model 'polygon' loaded for trajectory optimization.
[INFO] [1783917816.640428096, 1489.546000000]: GOAL Reached!
[INFO] [1783917816.792126130, 1489.696000000]: Footprint model 'polygon' loaded for trajectory optimization.
[INFO] [1783917817.677089971, 1490.582000000]: Footprint model 'polygon' loaded for trajectory optimization.
[INFO] [1783917818.365311245, 1491.268000000]: Footprint model 'polygon' loaded for trajectory optimization.
[INFO] [1783917819.066156715, 1491.966000000]: Footprint model 'polygon' loaded for trajectory optimization.
[INFO] [1783917819.664979742, 1492.564000000]: Footprint model 'polygon' loaded for trajectory optimization.
[INFO] [1783917821.192099974, 1494.092000000]: GOAL Reached!
[INFO] [1783917821.336281819, 1494.236000000]: Footprint model 'polygon' loaded for trajectory optimization.
[INFO] [1783917822.210475506, 1495.104000000]: Footprint model 'polygon' loaded for trajectory optimization.
[INFO] [1783917822.856882052, 1495.752000000]: Footprint model 'polygon' loaded for trajectory optimization.
[INFO] [1783917823.510191011, 1496.402000000]: Footprint model 'polygon' loaded for trajectory optimization.
[INFO] [1783917824.060466169, 1496.952000000]: Footprint model 'polygon' loaded for trajectory optimization.
[INFO] [1783917825.639376598, 1498.528000000]: GOAL Reached!
[INFO] [1783917825.796983436, 1498.686000000]: Footprint model 'polygon' loaded for trajectory optimization.
[INFO] [1783917826.672456283, 1499.558000000]: Footprint model 'polygon' loaded for trajectory optimization.
[INFO] [1783917827.269947044, 1500.154000000]: Footprint model 'polygon' loaded for trajectory optimization.
[INFO] [1783917827.920087198, 1500.804000000]: Footprint model 'polygon' loaded for trajectory optimization.
[INFO] [1783917828.567266104, 1501.452000000]: Footprint model 'polygon' loaded for trajectory optimization.
[INFO] [1783917830.295818502, 1503.180000000]: GOAL Reached!
[INFO] [1783917830.440540716, 1503.322000000]: Footprint model 'polygon' loaded for trajectory optimization.
[INFO] [1783917831.317614878, 1504.200000000]: Footprint model 'polygon' loaded for trajectory optimization.
[INFO] [1783917831.869007696, 1504.752000000]: Footprint model 'polygon' loaded for trajectory optimization.
[INFO] [1783917832.473150138, 1505.350000000]: Footprint model 'polygon' loaded for trajectory optimization.
[INFO] [1783917833.065033801, 1505.944000000]: Footprint model 'polygon' loaded for trajectory optimization.
[INFO] [1783917834.851524894, 1507.724000000]: GOAL Reached!
[INFO] [1783917834.994380589, 1507.868000000]: Footprint model 'polygon' loaded for trajectory optimization.
[INFO] [1783917835.889167543, 1508.760000000]: Footprint model 'polygon' loaded for trajectory optimization.
[INFO] [1783917836.528788834, 1509.400000000]: Footprint model 'polygon' loaded for trajectory optimization.
[INFO] [1783917837.177313927, 1510.046000000]: Footprint model 'polygon' loaded for trajectory optimization.
[INFO] [1783917837.880437995, 1510.748000000]: Footprint model 'polygon' loaded for trajectory optimization.
[INFO] [1783917839.409755887, 1512.274000000]: GOAL Reached!
[INFO] [1783917839.543751024, 1512.408000000]: Footprint model 'polygon' loaded for trajectory optimization.
[INFO] [1783917840.416079014, 1513.278000000]: Footprint model 'polygon' loaded for trajectory optimization.
[INFO] [1783917841.020461376, 1513.880000000]: Footprint model 'polygon' loaded for trajectory optimization.
[INFO] [1783917841.619455265, 1514.480000000]: Footprint model 'polygon' loaded for trajectory optimization.
[INFO] [1783917842.223000391, 1515.082000000]: Footprint model 'polygon' loaded for trajectory optimization.
[INFO] [1783917844.055567587, 1516.910000000]: GOAL Reached!
[INFO] [1783917844.207719442, 1517.062000000]: Footprint model 'polygon' loaded for trajectory optimization.
[INFO] [1783917845.086478428, 1517.938000000]: Footprint model 'polygon' loaded for trajectory optimization.
[INFO] [1783917845.775842943, 1518.632000000]: Footprint model 'polygon' loaded for trajectory optimization.
[INFO] [1783917846.472214737, 1519.324000000]: Footprint model 'polygon' loaded for trajectory optimization.
[INFO] [1783917848.607189535, 1521.454000000]: GOAL Reached!
[INFO] [1783917848.754996581, 1521.602000000]: Footprint model 'polygon' loaded for trajectory optimization.
[INFO] [1783917849.631403942, 1522.476000000]: Footprint model 'polygon' loaded for trajectory optimization.
[INFO] [1783917850.190924507, 1523.034000000]: Footprint model 'polygon' loaded for trajectory optimization.
[INFO] [1783917850.843169167, 1523.684000000]: Footprint model 'polygon' loaded for trajectory optimization.
[INFO] [1783917851.537569437, 1524.378000000]: Footprint model 'polygon' loaded for trajectory optimization.
[INFO] [1783917853.373482513, 1526.210000000]: GOAL Reached!
[INFO] [1783917853.523287833, 1526.360000000]: Footprint model 'polygon' loaded for trajectory optimization.
[INFO] [1783917854.404372394, 1527.238000000]: Footprint model 'polygon' loaded for trajectory optimization.
[INFO] [1783917855.045790487, 1527.878000000]: Footprint model 'polygon' loaded for trajectory optimization.
[INFO] [1783917855.694746047, 1528.526000000]: Footprint model 'polygon' loaded for trajectory optimization.
[INFO] [1783917856.346464076, 1529.176000000]: Footprint model 'polygon' loaded for trajectory optimization.
[INFO] [1783917858.027681720, 1530.854000000]: GOAL Reached!
[INFO] [1783917858.178382497, 1531.006000000]: Footprint model 'polygon' loaded for trajectory optimization.
[INFO] [1783917859.055382446, 1531.880000000]: Footprint model 'polygon' loaded for trajectory optimization.
[INFO] [1783917859.603404741, 1532.428000000]: Footprint model 'polygon' loaded for trajectory optimization.
[INFO] [1783917860.254484898, 1533.078000000]: Footprint model 'polygon' loaded for trajectory optimization.
[INFO] [1783917860.853428540, 1533.674000000]: Footprint model 'polygon' loaded for trajectory optimization.
[INFO] [1783917862.684687353, 1535.504000000]: GOAL Reached!
[INFO] [1783917862.822536510, 1535.640000000]: Footprint model 'polygon' loaded for trajectory optimization.
[INFO] [1783917863.705729527, 1536.522000000]: Footprint model 'polygon' loaded for trajectory optimization.
[INFO] [1783917864.303137683, 1537.120000000]: Footprint model 'polygon' loaded for trajectory optimization.
[INFO] [1783917864.904292191, 1537.718000000]: Footprint model 'polygon' loaded for trajectory optimization.
[INFO] [1783917865.454373870, 1538.268000000]: Footprint model 'polygon' loaded for trajectory optimization.
[INFO] [1783917867.234319313, 1540.046000000]: GOAL Reached!
[INFO] [1783917867.380512151, 1540.190000000]: Footprint model 'polygon' loaded for trajectory optimization.
[INFO] [1783917868.251498930, 1541.060000000]: Footprint model 'polygon' loaded for trajectory optimization.
[INFO] [1783917868.806373960, 1541.612000000]: Footprint model 'polygon' loaded for trajectory optimization.
[INFO] [1783917869.406793183, 1542.212000000]: Footprint model 'polygon' loaded for trajectory optimization.
[INFO] [1783917870.005058176, 1542.812000000]: Footprint model 'polygon' loaded for trajectory optimization.
[INFO] [1783917871.786870180, 1544.588000000]: GOAL Reached!
[INFO] [1783917871.927058665, 1544.730000000]: Footprint model 'polygon' loaded for trajectory optimization.
[INFO] [1783917872.800777270, 1545.600000000]: Footprint model 'polygon' loaded for trajectory optimization.
[INFO] [1783917873.404977886, 1546.202000000]: Footprint model 'polygon' loaded for trajectory optimization.
[INFO] [1783917874.059186272, 1546.856000000]: Footprint model 'polygon' loaded for trajectory optimization.
[INFO] [1783917874.703242739, 1547.500000000]: Footprint model 'polygon' loaded for trajectory optimization.
[INFO] [1783917876.439979149, 1549.230000000]: GOAL Reached!
[INFO] [1783917876.583427536, 1549.374000000]: Footprint model 'polygon' loaded for trajectory optimization.
[INFO] [1783917877.473490828, 1550.262000000]: Footprint model 'polygon' loaded for trajectory optimization.
[INFO] [1783917878.157560260, 1550.948000000]: Footprint model 'polygon' loaded for trajectory optimization.
[INFO] [1783917878.710137030, 1551.498000000]: Footprint model 'polygon' loaded for trajectory optimization.
[INFO] [1783917879.308449123, 1552.094000000]: Footprint model 'polygon' loaded for trajectory optimization.
[INFO] [1783917881.087300005, 1553.874000000]: GOAL Reached!
[INFO] [1783917881.237165518, 1554.022000000]: Footprint model 'polygon' loaded for trajectory optimization.
[INFO] [1783917882.114738427, 1554.900000000]: Footprint model 'polygon' loaded for trajectory optimization.
[INFO] [1783917882.807578884, 1555.590000000]: Footprint model 'polygon' loaded for trajectory optimization.
[INFO] [1783917883.408088956, 1556.190000000]: Footprint model 'polygon' loaded for trajectory optimization.
[INFO] [1783917884.060111552, 1556.840000000]: Footprint model 'polygon' loaded for trajectory optimization.
[INFO] [1783917885.641330419, 1558.418000000]: GOAL Reached!
[INFO] [1783917885.772633481, 1558.548000000]: Footprint model 'polygon' loaded for trajectory optimization.
[INFO] [1783917886.646388224, 1559.420000000]: Footprint model 'polygon' loaded for trajectory optimization.
[INFO] [1783917887.246758783, 1560.020000000]: Footprint model 'polygon' loaded for trajectory optimization.
[INFO] [1783917887.798178915, 1560.572000000]: Footprint model 'polygon' loaded for trajectory optimization.
[INFO] [1783917888.397287484, 1561.172000000]: Footprint model 'polygon' loaded for trajectory optimization.
[INFO] [1783917890.275968785, 1563.048000000]: GOAL Reached!
[INFO] [1783917890.434879795, 1563.206000000]: Footprint model 'polygon' loaded for trajectory optimization.
[INFO] [1783917891.313807667, 1564.080000000]: Footprint model 'polygon' loaded for trajectory optimization.
[INFO] [1783917891.909803940, 1564.676000000]: Footprint model 'polygon' loaded for trajectory optimization.
[INFO] [1783917892.561246962, 1565.326000000]: Footprint model 'polygon' loaded for trajectory optimization.
[INFO] [1783917893.160461777, 1565.924000000]: Footprint model 'polygon' loaded for trajectory optimization.
[INFO] [1783917894.841379151, 1567.602000000]: GOAL Reached!
[INFO] [1783917894.979363187, 1567.740000000]: Footprint model 'polygon' loaded for trajectory optimization.
[INFO] [1783917895.860246161, 1568.618000000]: Footprint model 'polygon' loaded for trajectory optimization.
[INFO] [1783917896.512934546, 1569.272000000]: Footprint model 'polygon' loaded for trajectory optimization.
[INFO] [1783917897.159375409, 1569.918000000]: Footprint model 'polygon' loaded for trajectory optimization.
[INFO] [1783917897.764719958, 1570.518000000]: Footprint model 'polygon' loaded for trajectory optimization.
[INFO] [1783917899.390351891, 1572.146000000]: GOAL Reached!
[INFO] [1783917899.525104776, 1572.280000000]: Footprint model 'polygon' loaded for trajectory optimization.
[INFO] [1783917900.405857895, 1573.158000000]: Footprint model 'polygon' loaded for trajectory optimization.
[INFO] [1783917901.054520496, 1573.806000000]: Footprint model 'polygon' loaded for trajectory optimization.
[INFO] [1783917901.650718927, 1574.400000000]: Footprint model 'polygon' loaded for trajectory optimization.
[INFO] [1783917902.302682917, 1575.050000000]: Footprint model 'polygon' loaded for trajectory optimization.
[INFO] [1783917904.033336331, 1576.778000000]: GOAL Reached!
[INFO] [1783917904.184651543, 1576.928000000]: Footprint model 'polygon' loaded for trajectory optimization.
[INFO] [1783917905.058885711, 1577.802000000]: Footprint model 'polygon' loaded for trajectory optimization.
[INFO] [1783917905.711273684, 1578.452000000]: Footprint model 'polygon' loaded for trajectory optimization.
[INFO] [1783917906.357966339, 1579.098000000]: Footprint model 'polygon' loaded for trajectory optimization.
[INFO] [1783917906.960314241, 1579.698000000]: Footprint model 'polygon' loaded for trajectory optimization.
[INFO] [1783917908.690708676, 1581.426000000]: GOAL Reached!
[INFO] [1783917908.832000719, 1581.566000000]: Footprint model 'polygon' loaded for trajectory optimization.
[INFO] [1783917909.707468122, 1582.440000000]: Footprint model 'polygon' loaded for trajectory optimization.
[INFO] [1783917910.302111778, 1583.038000000]: Footprint model 'polygon' loaded for trajectory optimization.
[INFO] [1783917910.860279852, 1583.590000000]: Footprint model 'polygon' loaded for trajectory optimization.
[INFO] [1783917911.458741846, 1584.190000000]: Footprint model 'polygon' loaded for trajectory optimization.
[INFO] [1783917913.239738376, 1585.968000000]: GOAL Reached!
[INFO] [1783917913.393648508, 1586.120000000]: Footprint model 'polygon' loaded for trajectory optimization.
[INFO] [1783917914.277450847, 1587.002000000]: Footprint model 'polygon' loaded for trajectory optimization.
[INFO] [1783917914.971757962, 1587.696000000]: Footprint model 'polygon' loaded for trajectory optimization.
[INFO] [1783917915.616851311, 1588.338000000]: Footprint model 'polygon' loaded for trajectory optimization.
[INFO] [1783917916.219307981, 1588.940000000]: Footprint model 'polygon' loaded for trajectory optimization.
[INFO] [1783917918.297212394, 1591.016000000]: GOAL Reached!
[INFO] [1783917918.447050235, 1591.164000000]: Footprint model 'polygon' loaded for trajectory optimization.
[INFO] [1783917919.322910549, 1592.040000000]: Footprint model 'polygon' loaded for trajectory optimization.
[INFO] [1783917919.922622804, 1592.638000000]: Footprint model 'polygon' loaded for trajectory optimization.
[INFO] [1783917920.521559502, 1593.236000000]: Footprint model 'polygon' loaded for trajectory optimization.
[INFO] [1783917921.073971889, 1593.786000000]: Footprint model 'polygon' loaded for trajectory optimization.
[INFO] [1783917922.855113694, 1595.564000000]: GOAL Reached!
[INFO] [1783917923.008217864, 1595.716000000]: Footprint model 'polygon' loaded for trajectory optimization.
[INFO] [1783917923.891419744, 1596.598000000]: Footprint model 'polygon' loaded for trajectory optimization.
[INFO] [1783917924.582211343, 1597.292000000]: Footprint model 'polygon' loaded for trajectory optimization.
[INFO] [1783917925.232094316, 1597.936000000]: Footprint model 'polygon' loaded for trajectory optimization.
[INFO] [1783917925.833529777, 1598.538000000]: Footprint model 'polygon' loaded for trajectory optimization.
[INFO] [1783917927.311310822, 1600.014000000]: GOAL Reached!
[INFO] [1783917927.451183211, 1600.152000000]: Footprint model 'polygon' loaded for trajectory optimization.
[INFO] [1783917928.339286047, 1601.038000000]: Footprint model 'polygon' loaded for trajectory optimization.
[INFO] [1783917928.872297078, 1601.574000000]: Footprint model 'polygon' loaded for trajectory optimization.
[INFO] [1783917929.477826543, 1602.176000000]: Footprint model 'polygon' loaded for trajectory optimization.
[INFO] [1783917930.077266735, 1602.776000000]: Footprint model 'polygon' loaded for trajectory optimization.
[INFO] [1783917931.959951049, 1604.652000000]: GOAL Reached!
[INFO] [1783917932.103388501, 1604.796000000]: Footprint model 'polygon' loaded for trajectory optimization.
[INFO] [1783917932.988342725, 1605.680000000]: Footprint model 'polygon' loaded for trajectory optimization.
[INFO] [1783917933.531115960, 1606.224000000]: Footprint model 'polygon' loaded for trajectory optimization.
[INFO] [1783917934.136692669, 1606.828000000]: Footprint model 'polygon' loaded for trajectory optimization.
[INFO] [1783917934.785603038, 1607.474000000]: Footprint model 'polygon' loaded for trajectory optimization.
[INFO] [1783917936.615351323, 1609.300000000]: GOAL Reached!
[INFO] [1783917936.757150570, 1609.442000000]: Footprint model 'polygon' loaded for trajectory optimization.
[INFO] [1783917937.637062124, 1610.320000000]: Footprint model 'polygon' loaded for trajectory optimization.
[INFO] [1783917938.192219821, 1610.876000000]: Footprint model 'polygon' loaded for trajectory optimization.
[INFO] [1783917938.788657626, 1611.474000000]: Footprint model 'polygon' loaded for trajectory optimization.
[INFO] [1783917939.444095147, 1612.124000000]: Footprint model 'polygon' loaded for trajectory optimization.
[INFO] [1783917941.372999465, 1614.050000000]: GOAL Reached!
[INFO] [1783917941.525183253, 1614.202000000]: Footprint model 'polygon' loaded for trajectory optimization.
[INFO] [1783917942.407081302, 1615.082000000]: Footprint model 'polygon' loaded for trajectory optimization.
[INFO] [1783917943.010032099, 1615.684000000]: Footprint model 'polygon' loaded for trajectory optimization.
[INFO] [1783917943.707116288, 1616.380000000]: Footprint model 'polygon' loaded for trajectory optimization.
[INFO] [1783917944.357502853, 1617.028000000]: Footprint model 'polygon' loaded for trajectory optimization.
[INFO] [1783917946.139136040, 1618.806000000]: GOAL Reached!
[INFO] [1783917946.288716620, 1618.956000000]: Footprint model 'polygon' loaded for trajectory optimization.
[INFO] [1783917947.175097969, 1619.840000000]: Footprint model 'polygon' loaded for trajectory optimization.
[INFO] [1783917947.862517017, 1620.528000000]: Footprint model 'polygon' loaded for trajectory optimization.
[INFO] [1783917948.416476140, 1621.078000000]: Footprint model 'polygon' loaded for trajectory optimization.
[INFO] [1783917949.011268694, 1621.676000000]: Footprint model 'polygon' loaded for trajectory optimization.
[INFO] [1783917950.795600805, 1623.454000000]: GOAL Reached!
[INFO] [1783917950.950748702, 1623.608000000]: Footprint model 'polygon' loaded for trajectory optimization.
[INFO] [1783917951.826047048, 1624.482000000]: Footprint model 'polygon' loaded for trajectory optimization.
[INFO] [1783917952.521398584, 1625.176000000]: Footprint model 'polygon' loaded for trajectory optimization.
[INFO] [1783917953.072195423, 1625.726000000]: Footprint model 'polygon' loaded for trajectory optimization.
[INFO] [1783917953.675011350, 1626.326000000]: Footprint model 'polygon' loaded for trajectory optimization.
[INFO] [1783917955.353386704, 1628.004000000]: GOAL Reached!
[INFO] [1783917955.507301361, 1628.158000000]: Footprint model 'polygon' loaded for trajectory optimization.
[INFO] [1783917956.393979476, 1629.042000000]: Footprint model 'polygon' loaded for trajectory optimization.
[INFO] [1783917957.086346087, 1629.736000000]: Footprint model 'polygon' loaded for trajectory optimization.
[INFO] [1783917957.778171226, 1630.428000000]: Footprint model 'polygon' loaded for trajectory optimization.
[INFO] [1783917958.383523145, 1631.028000000]: Footprint model 'polygon' loaded for trajectory optimization.
[INFO] [1783917960.013958082, 1632.656000000]: GOAL Reached!
[INFO] [1783917960.157697940, 1632.800000000]: Footprint model 'polygon' loaded for trajectory optimization.
[INFO] [1783917961.036174460, 1633.678000000]: Footprint model 'polygon' loaded for trajectory optimization.
[INFO] [1783917961.600166209, 1634.238000000]: Footprint model 'polygon' loaded for trajectory optimization.
[INFO] [1783917962.248362184, 1634.884000000]: Footprint model 'polygon' loaded for trajectory optimization.
[INFO] [1783917962.894687354, 1635.530000000]: Footprint model 'polygon' loaded for trajectory optimization.
[INFO] [1783917964.675778152, 1637.308000000]: GOAL Reached!
[INFO] [1783917964.818837737, 1637.452000000]: Footprint model 'polygon' loaded for trajectory optimization.
[INFO] [1783917965.714673122, 1638.342000000]: Footprint model 'polygon' loaded for trajectory optimization.
[INFO] [1783917966.360868324, 1638.988000000]: Footprint model 'polygon' loaded for trajectory optimization.
[INFO] [1783917967.003198660, 1639.630000000]: Footprint model 'polygon' loaded for trajectory optimization.
[INFO] [1783917967.603277155, 1640.228000000]: Footprint model 'polygon' loaded for trajectory optimization.
[INFO] [1783917969.236866467, 1641.858000000]: GOAL Reached!
[INFO] [1783917969.372563910, 1641.994000000]: Footprint model 'polygon' loaded for trajectory optimization.
[INFO] [1783917970.256900454, 1642.878000000]: Footprint model 'polygon' loaded for trajectory optimization.
[INFO] [1783917970.957132732, 1643.576000000]: Footprint model 'polygon' loaded for trajectory optimization.
[INFO] [1783917971.601636494, 1644.218000000]: Footprint model 'polygon' loaded for trajectory optimization.
[INFO] [1783917972.201013640, 1644.816000000]: Footprint model 'polygon' loaded for trajectory optimization.
[INFO] [1783917973.882172695, 1646.496000000]: GOAL Reached!
[INFO] [1783917974.028195000, 1646.642000000]: Footprint model 'polygon' loaded for trajectory optimization.
[INFO] [1783917974.932229872, 1647.542000000]: Footprint model 'polygon' loaded for trajectory optimization.
[INFO] [1783917975.565889264, 1648.176000000]: Footprint model 'polygon' loaded for trajectory optimization.
[INFO] [1783917976.168651326, 1648.776000000]: Footprint model 'polygon' loaded for trajectory optimization.
[INFO] [1783917976.816722613, 1649.424000000]: Footprint model 'polygon' loaded for trajectory optimization.
[INFO] [1783917978.440454482, 1651.052000000]: GOAL Reached!
[INFO] [1783917978.592273224, 1651.204000000]: Footprint model 'polygon' loaded for trajectory optimization.
[INFO] [1783917979.481025797, 1652.086000000]: Footprint model 'polygon' loaded for trajectory optimization.
[INFO] [1783917980.130527701, 1652.734000000]: Footprint model 'polygon' loaded for trajectory optimization.
[INFO] [1783917980.772970593, 1653.378000000]: Footprint model 'polygon' loaded for trajectory optimization.
[INFO] [1783917981.375537875, 1653.976000000]: Footprint model 'polygon' loaded for trajectory optimization.
[INFO] [1783917983.006691223, 1655.606000000]: GOAL Reached!
[INFO] [1783917983.146083460, 1655.746000000]: Footprint model 'polygon' loaded for trajectory optimization.
[INFO] [1783917984.043615022, 1656.640000000]: Footprint model 'polygon' loaded for trajectory optimization.
[INFO] [1783917984.728156390, 1657.326000000]: Footprint model 'polygon' loaded for trajectory optimization.
[INFO] [1783917985.427956016, 1658.024000000]: Footprint model 'polygon' loaded for trajectory optimization.
[INFO] [1783917986.125855175, 1658.720000000]: Footprint model 'polygon' loaded for trajectory optimization.
[INFO] [1783917987.763460557, 1660.352000000]: GOAL Reached!
[INFO] [1783917987.900950379, 1660.490000000]: Footprint model 'polygon' loaded for trajectory optimization.
[INFO] [1783917988.790258591, 1661.378000000]: Footprint model 'polygon' loaded for trajectory optimization.
[INFO] [1783917989.485738491, 1662.072000000]: Footprint model 'polygon' loaded for trajectory optimization.
[INFO] [1783917990.184371427, 1662.770000000]: Footprint model 'polygon' loaded for trajectory optimization.
[INFO] [1783917990.830250516, 1663.416000000]: Footprint model 'polygon' loaded for trajectory optimization.
[INFO] [1783917992.315463238, 1664.896000000]: GOAL Reached!
[INFO] [1783917992.461896459, 1665.044000000]: Footprint model 'polygon' loaded for trajectory optimization.
[INFO] [1783917993.343583455, 1665.922000000]: Footprint model 'polygon' loaded for trajectory optimization.
[INFO] [1783917993.983777141, 1666.560000000]: Footprint model 'polygon' loaded for trajectory optimization.
[INFO] [1783917994.628932070, 1667.206000000]: Footprint model 'polygon' loaded for trajectory optimization.
[INFO] [1783917995.229579698, 1667.804000000]: Footprint model 'polygon' loaded for trajectory optimization.
[INFO] [1783917996.959400635, 1669.532000000]: GOAL Reached!
[INFO] [1783917997.111017161, 1669.684000000]: Footprint model 'polygon' loaded for trajectory optimization.
[INFO] [1783917997.987238483, 1670.560000000]: Footprint model 'polygon' loaded for trajectory optimization.
[INFO] [1783917998.686639331, 1671.254000000]: Footprint model 'polygon' loaded for trajectory optimization.
[INFO] [1783917999.282585383, 1671.852000000]: Footprint model 'polygon' loaded for trajectory optimization.
[INFO] [1783917999.831454860, 1672.402000000]: Footprint model 'polygon' loaded for trajectory optimization.
[INFO] [1783918001.615823712, 1674.180000000]: GOAL Reached!
[INFO] [1783918001.765015531, 1674.328000000]: Footprint model 'polygon' loaded for trajectory optimization.
[INFO] [1783918002.637714273, 1675.200000000]: Footprint model 'polygon' loaded for trajectory optimization.
[INFO] [1783918003.183685845, 1675.744000000]: Footprint model 'polygon' loaded for trajectory optimization.
[INFO] [1783918003.781196013, 1676.346000000]: Footprint model 'polygon' loaded for trajectory optimization.
[INFO] [1783918004.435218749, 1676.996000000]: Footprint model 'polygon' loaded for trajectory optimization.
[INFO] [1783918006.267484342, 1678.824000000]: GOAL Reached!
[INFO] [1783918006.406268528, 1678.964000000]: Footprint model 'polygon' loaded for trajectory optimization.
[INFO] [1783918007.282114367, 1679.836000000]: Footprint model 'polygon' loaded for trajectory optimization.
[INFO] [1783918007.834552864, 1680.388000000]: Footprint model 'polygon' loaded for trajectory optimization.
[INFO] [1783918008.483549588, 1681.036000000]: Footprint model 'polygon' loaded for trajectory optimization.
[INFO] [1783918009.188119107, 1681.738000000]: Footprint model 'polygon' loaded for trajectory optimization.
[INFO] [1783918009.784979637, 1682.334000000]: Footprint model 'polygon' loaded for trajectory optimization.
[INFO] [1783918012.717422928, 1685.262000000]: GOAL Reached!
[INFO] [1783918012.865194483, 1685.410000000]: Footprint model 'polygon' loaded for trajectory optimization.
[INFO] [1783918013.739866825, 1686.280000000]: Footprint model 'polygon' loaded for trajectory optimization.
[INFO] [1783918014.294615209, 1686.836000000]: Footprint model 'polygon' loaded for trajectory optimization.
[INFO] [1783918014.892594922, 1687.432000000]: Footprint model 'polygon' loaded for trajectory optimization.
[INFO] [1783918015.547384586, 1688.086000000]: Footprint model 'polygon' loaded for trajectory optimization.
[INFO] [1783918017.275489867, 1689.812000000]: GOAL Reached!
[INFO] [1783918017.408210285, 1689.944000000]: Footprint model 'polygon' loaded for trajectory optimization.
[INFO] [1783918018.283123600, 1690.816000000]: Footprint model 'polygon' loaded for trajectory optimization.
[INFO] [1783918018.843175759, 1691.376000000]: Footprint model 'polygon' loaded for trajectory optimization.
[INFO] [1783918019.441584206, 1691.974000000]: Footprint model 'polygon' loaded for trajectory optimization.
[INFO] [1783918020.089751560, 1692.618000000]: Footprint model 'polygon' loaded for trajectory optimization.
[INFO] [1783918021.919882941, 1694.448000000]: GOAL Reached!
[INFO] [1783918022.065127003, 1694.594000000]: Footprint model 'polygon' loaded for trajectory optimization.
[INFO] [1783918022.934491072, 1695.458000000]: Footprint model 'polygon' loaded for trajectory optimization.
[INFO] [1783918023.640980912, 1696.164000000]: Footprint model 'polygon' loaded for trajectory optimization.
[INFO] [1783918024.334610367, 1696.856000000]: Footprint model 'polygon' loaded for trajectory optimization.
[INFO] [1783918024.931787877, 1697.454000000]: Footprint model 'polygon' loaded for trajectory optimization.
[INFO] [1783918026.564211002, 1699.084000000]: GOAL Reached!
[INFO] [1783918026.701237814, 1699.220000000]: Footprint model 'polygon' loaded for trajectory optimization.
[INFO] [1783918027.585593393, 1700.102000000]: Footprint model 'polygon' loaded for trajectory optimization.
[INFO] [1783918028.283391738, 1700.800000000]: Footprint model 'polygon' loaded for trajectory optimization.
[INFO] [1783918028.933238245, 1701.448000000]: Footprint model 'polygon' loaded for trajectory optimization.
[INFO] [1783918029.587752582, 1702.100000000]: Footprint model 'polygon' loaded for trajectory optimization.
[INFO] [1783918031.016422696, 1703.526000000]: GOAL Reached!
[INFO] [1783918031.162730913, 1703.670000000]: Footprint model 'polygon' loaded for trajectory optimization.
[INFO] [1783918032.033299794, 1704.540000000]: Footprint model 'polygon' loaded for trajectory optimization.
[INFO] [1783918032.732160651, 1705.238000000]: Footprint model 'polygon' loaded for trajectory optimization.
[INFO] [1783918033.327826180, 1705.834000000]: Footprint model 'polygon' loaded for trajectory optimization.
[INFO] [1783918033.930666072, 1706.434000000]: Footprint model 'polygon' loaded for trajectory optimization.
[INFO] [1783918035.663494883, 1708.164000000]: GOAL Reached!
[INFO] [1783918035.807425193, 1708.308000000]: Footprint model 'polygon' loaded for trajectory optimization.
[INFO] [1783918036.702076749, 1709.200000000]: Footprint model 'polygon' loaded for trajectory optimization.
[INFO] [1783918037.343771141, 1709.842000000]: Footprint model 'polygon' loaded for trajectory optimization.
[INFO] [1783918037.940086977, 1710.436000000]: Footprint model 'polygon' loaded for trajectory optimization.
[INFO] [1783918038.593926910, 1711.088000000]: Footprint model 'polygon' loaded for trajectory optimization.
[INFO] [1783918040.419177185, 1712.912000000]: GOAL Reached!
[INFO] [1783918040.573440075, 1713.066000000]: Footprint model 'polygon' loaded for trajectory optimization.
[INFO] [1783918041.468957768, 1713.958000000]: Footprint model 'polygon' loaded for trajectory optimization.
[INFO] [1783918042.108093258, 1714.596000000]: Footprint model 'polygon' loaded for trajectory optimization.
[INFO] [1783918042.707546045, 1715.194000000]: Footprint model 'polygon' loaded for trajectory optimization.
[INFO] [1783918043.307857314, 1715.796000000]: Footprint model 'polygon' loaded for trajectory optimization.
[INFO] [1783918044.987389177, 1717.472000000]: GOAL Reached!
[INFO] [1783918045.143206820, 1717.626000000]: Footprint model 'polygon' loaded for trajectory optimization.
[INFO] [1783918046.039480371, 1718.520000000]: Footprint model 'polygon' loaded for trajectory optimization.
[INFO] [1783918046.687083702, 1719.168000000]: Footprint model 'polygon' loaded for trajectory optimization.
[INFO] [1783918047.289094527, 1719.768000000]: Footprint model 'polygon' loaded for trajectory optimization.
[INFO] [1783918047.941371273, 1720.418000000]: Footprint model 'polygon' loaded for trajectory optimization.
[INFO] [1783918049.667324025, 1722.142000000]: GOAL Reached!
[INFO] [1783918049.812990758, 1722.286000000]: Footprint model 'polygon' loaded for trajectory optimization.
[INFO] [1783918050.683498831, 1723.158000000]: Footprint model 'polygon' loaded for trajectory optimization.
[INFO] [1783918051.233819321, 1723.704000000]: Footprint model 'polygon' loaded for trajectory optimization.
[INFO] [1783918051.835062149, 1724.304000000]: Footprint model 'polygon' loaded for trajectory optimization.
[INFO] [1783918052.486664559, 1724.954000000]: Footprint model 'polygon' loaded for trajectory optimization.
[INFO] [1783918054.217649312, 1726.682000000]: GOAL Reached!
[INFO] [1783918054.359197473, 1726.824000000]: Footprint model 'polygon' loaded for trajectory optimization.
[INFO] [1783918055.239947259, 1727.702000000]: Footprint model 'polygon' loaded for trajectory optimization.
[INFO] [1783918055.881195768, 1728.344000000]: Footprint model 'polygon' loaded for trajectory optimization.
[INFO] [1783918056.480086095, 1728.944000000]: Footprint model 'polygon' loaded for trajectory optimization.
[INFO] [1783918057.080029351, 1729.542000000]: Footprint model 'polygon' loaded for trajectory optimization.
[INFO] [1783918058.763428505, 1731.220000000]: GOAL Reached!
[INFO] [1783918058.903090608, 1731.360000000]: Footprint model 'polygon' loaded for trajectory optimization.
[INFO] [1783918059.783989502, 1732.238000000]: Footprint model 'polygon' loaded for trajectory optimization.
[INFO] [1783918060.471659142, 1732.924000000]: Footprint model 'polygon' loaded for trajectory optimization.
[INFO] [1783918061.025068621, 1733.480000000]: Footprint model 'polygon' loaded for trajectory optimization.
[INFO] [1783918061.623935005, 1734.076000000]: Footprint model 'polygon' loaded for trajectory optimization.
[INFO] [1783918063.404296980, 1735.854000000]: GOAL Reached!
[INFO] [1783918063.560161748, 1736.008000000]: Footprint model 'polygon' loaded for trajectory optimization.
[INFO] [1783918064.426630572, 1736.874000000]: Footprint model 'polygon' loaded for trajectory optimization.
[INFO] [1783918064.985158307, 1737.430000000]: Footprint model 'polygon' loaded for trajectory optimization.
[INFO] [1783918065.587123450, 1738.032000000]: Footprint model 'polygon' loaded for trajectory optimization.
[INFO] [1783918066.237005869, 1738.680000000]: Footprint model 'polygon' loaded for trajectory optimization.
[INFO] [1783918068.064141779, 1740.506000000]: GOAL Reached!
[INFO] [1783918068.212429272, 1740.654000000]: Footprint model 'polygon' loaded for trajectory optimization.
[INFO] [1783918069.107452596, 1741.546000000]: Footprint model 'polygon' loaded for trajectory optimization.
[INFO] [1783918069.793154768, 1742.230000000]: Footprint model 'polygon' loaded for trajectory optimization.
[INFO] [1783918070.490832903, 1742.926000000]: Footprint model 'polygon' loaded for trajectory optimization.
[INFO] [1783918071.088052272, 1743.522000000]: Footprint model 'polygon' loaded for trajectory optimization.
[INFO] [1783918072.621845862, 1745.052000000]: GOAL Reached!
[INFO] [1783918072.767447807, 1745.200000000]: Footprint model 'polygon' loaded for trajectory optimization.
[INFO] [1783918073.653896696, 1746.082000000]: Footprint model 'polygon' loaded for trajectory optimization.
[INFO] [1783918074.296991566, 1746.726000000]: Footprint model 'polygon' loaded for trajectory optimization.
[INFO] [1783918074.897820808, 1747.324000000]: Footprint model 'polygon' loaded for trajectory optimization.
[INFO] [1783918075.493794405, 1747.922000000]: Footprint model 'polygon' loaded for trajectory optimization.
[INFO] [1783918077.176009219, 1749.600000000]: GOAL Reached!
[INFO] [1783918077.310016432, 1749.732000000]: Footprint model 'polygon' loaded for trajectory optimization.
[INFO] [1783918078.198689424, 1750.620000000]: Footprint model 'polygon' loaded for trajectory optimization.
[INFO] [1783918078.782366044, 1751.202000000]: Footprint model 'polygon' loaded for trajectory optimization.
[INFO] [1783918079.383430312, 1751.802000000]: Footprint model 'polygon' loaded for trajectory optimization.
[INFO] [1783918080.084596236, 1752.500000000]: Footprint model 'polygon' loaded for trajectory optimization.
[INFO] [1783918081.911596492, 1754.330000000]: GOAL Reached!
[INFO] [1783918082.068140895, 1754.484000000]: Footprint model 'polygon' loaded for trajectory optimization.
[INFO] [1783918082.944540758, 1755.356000000]: Footprint model 'polygon' loaded for trajectory optimization.
[INFO] [1783918083.498470668, 1755.910000000]: Footprint model 'polygon' loaded for trajectory optimization.
[INFO] [1783918084.154064387, 1756.562000000]: Footprint model 'polygon' loaded for trajectory optimization.
[INFO] [1783918084.851933002, 1757.260000000]: Footprint model 'polygon' loaded for trajectory optimization.
[INFO] [1783918086.680447727, 1759.088000000]: GOAL Reached!
[INFO] [1783918086.834449899, 1759.242000000]: Footprint model 'polygon' loaded for trajectory optimization.
[INFO] [1783918087.714436379, 1760.118000000]: Footprint model 'polygon' loaded for trajectory optimization.
[INFO] [1783918088.271124990, 1760.674000000]: Footprint model 'polygon' loaded for trajectory optimization.
[INFO] [1783918088.924330207, 1761.326000000]: Footprint model 'polygon' loaded for trajectory optimization.
[INFO] [1783918089.572078902, 1761.972000000]: Footprint model 'polygon' loaded for trajectory optimization.
[INFO] [1783918091.353946388, 1763.750000000]: GOAL Reached!
[INFO] [1783918091.505461883, 1763.904000000]: Footprint model 'polygon' loaded for trajectory optimization.
[INFO] [1783918092.384853318, 1764.780000000]: Footprint model 'polygon' loaded for trajectory optimization.
[INFO] [1783918092.933121128, 1765.326000000]: Footprint model 'polygon' loaded for trajectory optimization.
[INFO] [1783918093.531620966, 1765.924000000]: Footprint model 'polygon' loaded for trajectory optimization.
[INFO] [1783918094.137324629, 1766.528000000]: Footprint model 'polygon' loaded for trajectory optimization.
[INFO] [1783918096.111439957, 1768.502000000]: GOAL Reached!
[INFO] [1783918096.269600133, 1768.658000000]: Footprint model 'polygon' loaded for trajectory optimization.
[INFO] [1783918097.154688184, 1769.540000000]: Footprint model 'polygon' loaded for trajectory optimization.
[INFO] [1783918097.809442210, 1770.194000000]: Footprint model 'polygon' loaded for trajectory optimization.
[INFO] [1783918098.406613782, 1770.790000000]: Footprint model 'polygon' loaded for trajectory optimization.
[INFO] [1783918099.050020536, 1771.432000000]: Footprint model 'polygon' loaded for trajectory optimization.
[INFO] [1783918100.685947951, 1773.064000000]: GOAL Reached!
[INFO] [1783918100.820765524, 1773.200000000]: Footprint model 'polygon' loaded for trajectory optimization.
[INFO] [1783918101.706973811, 1774.084000000]: Footprint model 'polygon' loaded for trajectory optimization.
[INFO] [1783918102.342411622, 1774.718000000]: Footprint model 'polygon' loaded for trajectory optimization.
[INFO] [1783918102.984508467, 1775.358000000]: Footprint model 'polygon' loaded for trajectory optimization.
[INFO] [1783918103.594976083, 1775.968000000]: Footprint model 'polygon' loaded for trajectory optimization.
[INFO] [1783918105.225331535, 1777.596000000]: GOAL Reached!
[INFO] [1783918105.374514783, 1777.744000000]: Footprint model 'polygon' loaded for trajectory optimization.
[INFO] [1783918106.253361161, 1778.622000000]: Footprint model 'polygon' loaded for trajectory optimization.
[INFO] [1783918106.847612109, 1779.216000000]: Footprint model 'polygon' loaded for trajectory optimization.
[INFO] [1783918107.553479608, 1779.920000000]: Footprint model 'polygon' loaded for trajectory optimization.
[INFO] [1783918108.201802076, 1780.566000000]: Footprint model 'polygon' loaded for trajectory optimization.
[INFO] [1783918109.780220066, 1782.144000000]: GOAL Reached!
[INFO] [1783918109.916119783, 1782.280000000]: Footprint model 'polygon' loaded for trajectory optimization.
[INFO] [1783918110.796337941, 1783.160000000]: Footprint model 'polygon' loaded for trajectory optimization.
[INFO] [1783918111.491184594, 1783.850000000]: Footprint model 'polygon' loaded for trajectory optimization.
[INFO] [1783918112.036975496, 1784.396000000]: Footprint model 'polygon' loaded for trajectory optimization.
[INFO] [1783918112.683168355, 1785.044000000]: Footprint model 'polygon' loaded for trajectory optimization.
[INFO] [1783918114.316869502, 1786.674000000]: GOAL Reached!
[INFO] [1783918114.463041616, 1786.822000000]: Footprint model 'polygon' loaded for trajectory optimization.
[INFO] [1783918115.349874911, 1787.704000000]: Footprint model 'polygon' loaded for trajectory optimization.
[INFO] [1783918115.984837569, 1788.338000000]: Footprint model 'polygon' loaded for trajectory optimization.
[INFO] [1783918116.586837126, 1788.938000000]: Footprint model 'polygon' loaded for trajectory optimization.
[INFO] [1783918117.232549673, 1789.584000000]: Footprint model 'polygon' loaded for trajectory optimization.
[INFO] [1783918118.868557383, 1791.216000000]: GOAL Reached!
[INFO] [1783918118.991125171, 1791.338000000]: Footprint model 'polygon' loaded for trajectory optimization.
[INFO] [1783918119.894005422, 1792.238000000]: Footprint model 'polygon' loaded for trajectory optimization.
[INFO] [1783918120.530823411, 1792.874000000]: Footprint model 'polygon' loaded for trajectory optimization.
[INFO] [1783918121.180679953, 1793.522000000]: Footprint model 'polygon' loaded for trajectory optimization.
[INFO] [1783918121.778542664, 1794.120000000]: Footprint model 'polygon' loaded for trajectory optimization.
[INFO] [1783918123.411802634, 1795.750000000]: GOAL Reached!
[INFO] [1783918123.547870742, 1795.886000000]: Footprint model 'polygon' loaded for trajectory optimization.
[INFO] [1783918124.424042847, 1796.760000000]: Footprint model 'polygon' loaded for trajectory optimization.
[INFO] [1783918124.968287306, 1797.304000000]: Footprint model 'polygon' loaded for trajectory optimization.
[INFO] [1783918125.567282578, 1797.904000000]: Footprint model 'polygon' loaded for trajectory optimization.
[INFO] [1783918126.217987324, 1798.554000000]: Footprint model 'polygon' loaded for trajectory optimization.
[INFO] [1783918128.051147956, 1800.382000000]: GOAL Reached!
[INFO] [1783918128.192580737, 1800.524000000]: Footprint model 'polygon' loaded for trajectory optimization.
[INFO] [1783918129.071399406, 1801.400000000]: Footprint model 'polygon' loaded for trajectory optimization.
[INFO] [1783918129.763492832, 1802.092000000]: Footprint model 'polygon' loaded for trajectory optimization.
[INFO] [1783918130.309074184, 1802.636000000]: Footprint model 'polygon' loaded for trajectory optimization.
[INFO] [1783918130.960072107, 1803.288000000]: Footprint model 'polygon' loaded for trajectory optimization.
[INFO] [1783918132.889448364, 1805.212000000]: GOAL Reached!
[INFO] [1783918133.030771384, 1805.352000000]: Footprint model 'polygon' loaded for trajectory optimization.
[INFO] [1783918133.917690990, 1806.238000000]: Footprint model 'polygon' loaded for trajectory optimization.
[INFO] [1783918134.561033449, 1806.880000000]: Footprint model 'polygon' loaded for trajectory optimization.
[INFO] [1783918135.206346854, 1807.524000000]: Footprint model 'polygon' loaded for trajectory optimization.
[INFO] [1783918135.752914932, 1808.072000000]: Footprint model 'polygon' loaded for trajectory optimization.
[INFO] [1783918137.437328298, 1809.752000000]: GOAL Reached!
[INFO] [1783918137.576673903, 1809.894000000]: Footprint model 'polygon' loaded for trajectory optimization.
[INFO] [1783918138.466686165, 1810.778000000]: Footprint model 'polygon' loaded for trajectory optimization.
[INFO] [1783918139.167971384, 1811.476000000]: Footprint model 'polygon' loaded for trajectory optimization.
[INFO] [1783918139.861136886, 1812.170000000]: Footprint model 'polygon' loaded for trajectory optimization.
[INFO] [1783918140.508864274, 1812.820000000]: Footprint model 'polygon' loaded for trajectory optimization.
[INFO] [1783918141.988278205, 1814.298000000]: GOAL Reached!
[INFO] [1783918142.139968590, 1814.446000000]: Footprint model 'polygon' loaded for trajectory optimization.
[INFO] [1783918143.015058203, 1815.322000000]: Footprint model 'polygon' loaded for trajectory optimization.
[INFO] [1783918143.715542416, 1816.020000000]: Footprint model 'polygon' loaded for trajectory optimization.
[INFO] [1783918144.416043246, 1816.720000000]: Footprint model 'polygon' loaded for trajectory optimization.
[INFO] [1783918145.011995904, 1817.314000000]: Footprint model 'polygon' loaded for trajectory optimization.
[INFO] [1783918146.644307328, 1818.944000000]: GOAL Reached!
[INFO] [1783918146.800160171, 1819.098000000]: Footprint model 'polygon' loaded for trajectory optimization.
[INFO] [1783918147.687640286, 1819.984000000]: Footprint model 'polygon' loaded for trajectory optimization.
[INFO] [1783918148.326297847, 1820.620000000]: Footprint model 'polygon' loaded for trajectory optimization.
[INFO] [1783918148.974600120, 1821.268000000]: Footprint model 'polygon' loaded for trajectory optimization.
[INFO] [1783918149.674513282, 1821.966000000]: Footprint model 'polygon' loaded for trajectory optimization.
[INFO] [1783918151.204934278, 1823.496000000]: GOAL Reached!
[INFO] [1783918151.353306598, 1823.646000000]: Footprint model 'polygon' loaded for trajectory optimization.
[INFO] [1783918152.233284185, 1824.522000000]: Footprint model 'polygon' loaded for trajectory optimization.
[INFO] [1783918152.891476936, 1825.178000000]: Footprint model 'polygon' loaded for trajectory optimization.
[INFO] [1783918153.485868153, 1825.772000000]: Footprint model 'polygon' loaded for trajectory optimization.
[INFO] [1783918154.082140652, 1826.370000000]: Footprint model 'polygon' loaded for trajectory optimization.
[INFO] [1783918155.764262828, 1828.048000000]: GOAL Reached!
[INFO] [1783918155.918679118, 1828.200000000]: Footprint model 'polygon' loaded for trajectory optimization.
[INFO] [1783918156.857097850, 1829.140000000]: Footprint model 'polygon' loaded for trajectory optimization.
[INFO] [1783918157.438893906, 1829.718000000]: Footprint model 'polygon' loaded for trajectory optimization.
[INFO] [1783918158.042821216, 1830.320000000]: Footprint model 'polygon' loaded for trajectory optimization.
[INFO] [1783918158.640594917, 1830.918000000]: Footprint model 'polygon' loaded for trajectory optimization.
[INFO] [1783918160.422320642, 1832.696000000]: GOAL Reached!
[INFO] [1783918160.569586789, 1832.844000000]: Footprint model 'polygon' loaded for trajectory optimization.
[INFO] [1783918161.468417772, 1833.740000000]: Footprint model 'polygon' loaded for trajectory optimization.
[INFO] [1783918162.105487028, 1834.376000000]: Footprint model 'polygon' loaded for trajectory optimization.
[INFO] [1783918162.750980741, 1835.020000000]: Footprint model 'polygon' loaded for trajectory optimization.
[INFO] [1783918163.393590286, 1835.662000000]: Footprint model 'polygon' loaded for trajectory optimization.
[INFO] [1783918164.982759170, 1837.248000000]: GOAL Reached!
[INFO] [1783918165.116571999, 1837.380000000]: Footprint model 'polygon' loaded for trajectory optimization.
[INFO] [1783918166.000268920, 1838.264000000]: Footprint model 'polygon' loaded for trajectory optimization.
[INFO] [1783918166.645777575, 1838.908000000]: Footprint model 'polygon' loaded for trajectory optimization.
[INFO] [1783918167.237751746, 1839.498000000]: Footprint model 'polygon' loaded for trajectory optimization.
[INFO] [1783918167.838987881, 1840.102000000]: Footprint model 'polygon' loaded for trajectory optimization.
[INFO] [1783918169.519154528, 1841.776000000]: GOAL Reached!
[INFO] [1783918169.663725185, 1841.920000000]: Footprint model 'polygon' loaded for trajectory optimization.
[INFO] [1783918170.543605885, 1842.800000000]: Footprint model 'polygon' loaded for trajectory optimization.
[INFO] [1783918171.136999622, 1843.396000000]: Footprint model 'polygon' loaded for trajectory optimization.
[INFO] [1783918171.839724892, 1844.092000000]: Footprint model 'polygon' loaded for trajectory optimization.
[INFO] [1783918172.542203740, 1844.796000000]: Footprint model 'polygon' loaded for trajectory optimization.
[INFO] [1783918174.068344273, 1846.322000000]: GOAL Reached!
[INFO] [1783918174.206833449, 1846.458000000]: Footprint model 'polygon' loaded for trajectory optimization.
[INFO] [1783918175.089379744, 1847.340000000]: Footprint model 'polygon' loaded for trajectory optimization.
[INFO] [1783918175.730535804, 1847.978000000]: Footprint model 'polygon' loaded for trajectory optimization.
[INFO] [1783918176.331225928, 1848.578000000]: Footprint model 'polygon' loaded for trajectory optimization.
[INFO] [1783918176.981258787, 1849.226000000]: Footprint model 'polygon' loaded for trajectory optimization.
[INFO] [1783918178.711885208, 1850.954000000]: GOAL Reached!
[INFO] [1783918178.855048083, 1851.096000000]: Footprint model 'polygon' loaded for trajectory optimization.
[INFO] [1783918179.735275533, 1851.976000000]: Footprint model 'polygon' loaded for trajectory optimization.
[INFO] [1783918180.333519796, 1852.572000000]: Footprint model 'polygon' loaded for trajectory optimization.
[INFO] [1783918180.983039439, 1853.222000000]: Footprint model 'polygon' loaded for trajectory optimization.
[INFO] [1783918181.580162831, 1853.820000000]: Footprint model 'polygon' loaded for trajectory optimization.
[INFO] [1783918183.263816223, 1855.500000000]: GOAL Reached!
[INFO] [1783918183.410948158, 1855.650000000]: Footprint model 'polygon' loaded for trajectory optimization.
[INFO] [1783918184.309068574, 1856.542000000]: Footprint model 'polygon' loaded for trajectory optimization.
[INFO] [1783918184.997195135, 1857.230000000]: Footprint model 'polygon' loaded for trajectory optimization.
[INFO] [1783918185.646966581, 1857.880000000]: Footprint model 'polygon' loaded for trajectory optimization.
[INFO] [1783918186.241192166, 1858.476000000]: Footprint model 'polygon' loaded for trajectory optimization.
[INFO] [1783918188.123876525, 1860.352000000]: GOAL Reached!
[INFO] [1783918188.273316949, 1860.500000000]: Footprint model 'polygon' loaded for trajectory optimization.
[INFO] [1783918189.175295679, 1861.404000000]: Footprint model 'polygon' loaded for trajectory optimization.
[INFO] [1783918189.807695565, 1862.034000000]: Footprint model 'polygon' loaded for trajectory optimization.
[INFO] [1783918190.409943842, 1862.634000000]: Footprint model 'polygon' loaded for trajectory optimization.
[INFO] [1783918191.057696680, 1863.280000000]: Footprint model 'polygon' loaded for trajectory optimization.
[INFO] [1783918192.790849060, 1865.010000000]: GOAL Reached!
[INFO] [1783918192.944295948, 1865.164000000]: Footprint model 'polygon' loaded for trajectory optimization.
[INFO] [1783918193.823130182, 1866.042000000]: Footprint model 'polygon' loaded for trajectory optimization.
[INFO] [1783918194.419753179, 1866.640000000]: Footprint model 'polygon' loaded for trajectory optimization.
[INFO] [1783918195.017691297, 1867.234000000]: Footprint model 'polygon' loaded for trajectory optimization.
[INFO] [1783918195.620657309, 1867.834000000]: Footprint model 'polygon' loaded for trajectory optimization.
[INFO] [1783918197.551418647, 1869.762000000]: GOAL Reached!
[INFO] [1783918197.710105526, 1869.920000000]: Footprint model 'polygon' loaded for trajectory optimization.
[INFO] [1783918198.571068175, 1870.780000000]: Footprint model 'polygon' loaded for trajectory optimization.
[INFO] [1783918199.182205087, 1871.390000000]: Footprint model 'polygon' loaded for trajectory optimization.
[INFO] [1783918199.875636174, 1872.082000000]: Footprint model 'polygon' loaded for trajectory optimization.
[INFO] [1783918200.475570831, 1872.682000000]: Footprint model 'polygon' loaded for trajectory optimization.
[INFO] [1783918202.206063389, 1874.410000000]: GOAL Reached!
[INFO] [1783918202.353618540, 1874.558000000]: Footprint model 'polygon' loaded for trajectory optimization.
[INFO] [1783918203.239540440, 1875.440000000]: Footprint model 'polygon' loaded for trajectory optimization.
[INFO] [1783918203.881974104, 1876.084000000]: Footprint model 'polygon' loaded for trajectory optimization.
[INFO] [1783918204.483443688, 1876.682000000]: Footprint model 'polygon' loaded for trajectory optimization.
[INFO] [1783918205.134172591, 1877.332000000]: Footprint model 'polygon' loaded for trajectory optimization.
[INFO] [1783918206.964501450, 1879.160000000]: GOAL Reached!
[INFO] [1783918207.101935540, 1879.298000000]: Footprint model 'polygon' loaded for trajectory optimization.
[INFO] [1783918207.966251660, 1880.158000000]: Footprint model 'polygon' loaded for trajectory optimization.
[INFO] [1783918208.521926469, 1880.712000000]: Footprint model 'polygon' loaded for trajectory optimization.
[INFO] [1783918209.168284894, 1881.358000000]: Footprint model 'polygon' loaded for trajectory optimization.
[INFO] [1783918209.772260981, 1881.962000000]: Footprint model 'polygon' loaded for trajectory optimization.
[INFO] [1783918211.603328944, 1883.788000000]: GOAL Reached!
[INFO] [1783918211.750156759, 1883.934000000]: Footprint model 'polygon' loaded for trajectory optimization.
[INFO] [1783918212.612250726, 1884.794000000]: Footprint model 'polygon' loaded for trajectory optimization.
[INFO] [1783918213.171305600, 1885.354000000]: Footprint model 'polygon' loaded for trajectory optimization.
[INFO] [1783918213.771437921, 1885.952000000]: Footprint model 'polygon' loaded for trajectory optimization.
[INFO] [1783918214.369728149, 1886.552000000]: Footprint model 'polygon' loaded for trajectory optimization.
[INFO] [1783918216.251117176, 1888.428000000]: GOAL Reached!
[INFO] [1783918216.400215051, 1888.576000000]: Footprint model 'polygon' loaded for trajectory optimization.
[INFO] [1783918217.264148655, 1889.438000000]: Footprint model 'polygon' loaded for trajectory optimization.
[INFO] [1783918217.863708216, 1890.038000000]: Footprint model 'polygon' loaded for trajectory optimization.
[INFO] [1783918218.515595999, 1890.688000000]: Footprint model 'polygon' loaded for trajectory optimization.
[INFO] [1783918219.115237483, 1891.286000000]: Footprint model 'polygon' loaded for trajectory optimization.
[INFO] [1783918220.793941457, 1892.964000000]: GOAL Reached!
[INFO] [1783918220.948600284, 1893.120000000]: Footprint model 'polygon' loaded for trajectory optimization.
[INFO] [1783918221.834428600, 1894.000000000]: Footprint model 'polygon' loaded for trajectory optimization.
[INFO] [1783918222.522949422, 1894.692000000]: Footprint model 'polygon' loaded for trajectory optimization.
[INFO] [1783918223.172070321, 1895.342000000]: Footprint model 'polygon' loaded for trajectory optimization.
[INFO] [1783918223.773568120, 1895.938000000]: Footprint model 'polygon' loaded for trajectory optimization.
[INFO] [1783918225.453574599, 1897.616000000]: GOAL Reached!
[INFO] [1783918225.592574563, 1897.754000000]: Footprint model 'polygon' loaded for trajectory optimization.
[INFO] [1783918226.480022411, 1898.638000000]: Footprint model 'polygon' loaded for trajectory optimization.
[INFO] [1783918227.073351412, 1899.232000000]: Footprint model 'polygon' loaded for trajectory optimization.
[INFO] [1783918227.777852027, 1899.934000000]: Footprint model 'polygon' loaded for trajectory optimization.
[INFO] [1783918228.475862875, 1900.630000000]: Footprint model 'polygon' loaded for trajectory optimization.
[INFO] [1783918230.107746036, 1902.260000000]: GOAL Reached!
[INFO] [1783918230.255108605, 1902.408000000]: Footprint model 'polygon' loaded for trajectory optimization.
[INFO] [1783918231.132020388, 1903.280000000]: Footprint model 'polygon' loaded for trajectory optimization.
[INFO] [1783918231.735084107, 1903.884000000]: Footprint model 'polygon' loaded for trajectory optimization.
[INFO] [1783918232.435319320, 1904.584000000]: Footprint model 'polygon' loaded for trajectory optimization.
[INFO] [1783918233.132961329, 1905.280000000]: Footprint model 'polygon' loaded for trajectory optimization.
[INFO] [1783918234.761528236, 1906.908000000]: GOAL Reached!
[INFO] [1783918234.902044831, 1907.050000000]: Footprint model 'polygon' loaded for trajectory optimization.
[INFO] [1783918235.776548818, 1907.918000000]: Footprint model 'polygon' loaded for trajectory optimization.
[INFO] [1783918236.380826448, 1908.522000000]: Footprint model 'polygon' loaded for trajectory optimization.
[INFO] [1783918236.979633695, 1909.120000000]: Footprint model 'polygon' loaded for trajectory optimization.
[INFO] [1783918237.580467403, 1909.718000000]: Footprint model 'polygon' loaded for trajectory optimization.
[INFO] [1783918239.412513109, 1911.548000000]: GOAL Reached!
[INFO] [1783918239.560151166, 1911.694000000]: Footprint model 'polygon' loaded for trajectory optimization.
[INFO] [1783918240.447222175, 1912.580000000]: Footprint model 'polygon' loaded for trajectory optimization.
[INFO] [1783918241.131115630, 1913.266000000]: Footprint model 'polygon' loaded for trajectory optimization.
[INFO] [1783918241.785708918, 1913.916000000]: Footprint model 'polygon' loaded for trajectory optimization.
[INFO] [1783918242.377707643, 1914.512000000]: Footprint model 'polygon' loaded for trajectory optimization.
[INFO] [1783918244.164038015, 1916.292000000]: GOAL Reached!
[INFO] [1783918244.312675320, 1916.438000000]: Footprint model 'polygon' loaded for trajectory optimization.
[INFO] [1783918245.193436636, 1917.320000000]: Footprint model 'polygon' loaded for trajectory optimization.
[INFO] [1783918245.882509229, 1918.006000000]: Footprint model 'polygon' loaded for trajectory optimization.
[INFO] [1783918246.578918974, 1918.702000000]: Footprint model 'polygon' loaded for trajectory optimization.
[INFO] [1783918247.182416188, 1919.302000000]: Footprint model 'polygon' loaded for trajectory optimization.
[INFO] [1783918248.712743850, 1920.834000000]: GOAL Reached!
[INFO] [1783918248.849340866, 1920.970000000]: Footprint model 'polygon' loaded for trajectory optimization.
[INFO] [1783918249.736901528, 1921.854000000]: Footprint model 'polygon' loaded for trajectory optimization.
[INFO] [1783918250.379254390, 1922.494000000]: Footprint model 'polygon' loaded for trajectory optimization.
[INFO] [1783918250.975489190, 1923.092000000]: Footprint model 'polygon' loaded for trajectory optimization.
[INFO] [1783918251.625593655, 1923.740000000]: Footprint model 'polygon' loaded for trajectory optimization.
[INFO] [1783918253.359796808, 1925.470000000]: GOAL Reached!
[INFO] [1783918253.495975382, 1925.606000000]: Footprint model 'polygon' loaded for trajectory optimization.
[INFO] [1783918254.372387611, 1926.482000000]: Footprint model 'polygon' loaded for trajectory optimization.
[INFO] [1783918254.926288891, 1927.034000000]: Footprint model 'polygon' loaded for trajectory optimization.
[INFO] [1783918255.576911666, 1927.684000000]: Footprint model 'polygon' loaded for trajectory optimization.
[INFO] [1783918256.126852876, 1928.234000000]: Footprint model 'polygon' loaded for trajectory optimization.
[INFO] [1783918257.907250024, 1930.010000000]: GOAL Reached!
[INFO] [1783918258.055514096, 1930.158000000]: Footprint model 'polygon' loaded for trajectory optimization.
[INFO] [1783918258.935948597, 1931.036000000]: Footprint model 'polygon' loaded for trajectory optimization.
[INFO] [1783918259.630777983, 1931.732000000]: Footprint model 'polygon' loaded for trajectory optimization.
[INFO] [1783918260.274233050, 1932.374000000]: Footprint model 'polygon' loaded for trajectory optimization.
[INFO] [1783918260.920324023, 1933.018000000]: Footprint model 'polygon' loaded for trajectory optimization.
[INFO] [1783918262.555239146, 1934.652000000]: GOAL Reached!
[INFO] [1783918262.701145860, 1934.798000000]: Footprint model 'polygon' loaded for trajectory optimization.
[INFO] [1783918263.562885163, 1935.658000000]: Footprint model 'polygon' loaded for trajectory optimization.
[INFO] [1783918264.126003266, 1936.218000000]: Footprint model 'polygon' loaded for trajectory optimization.
[INFO] [1783918264.770705491, 1936.862000000]: Footprint model 'polygon' loaded for trajectory optimization.
[INFO] [1783918265.423339422, 1937.514000000]: Footprint model 'polygon' loaded for trajectory optimization.
[INFO] [1783918267.202123647, 1939.290000000]: GOAL Reached!
[INFO] [1783918267.335941547, 1939.424000000]: Footprint model 'polygon' loaded for trajectory optimization.
[INFO] [1783918268.215116446, 1940.302000000]: Footprint model 'polygon' loaded for trajectory optimization.
[INFO] [1783918268.869426060, 1940.954000000]: Footprint model 'polygon' loaded for trajectory optimization.
[INFO] [1783918269.464287986, 1941.550000000]: Footprint model 'polygon' loaded for trajectory optimization.
[INFO] [1783918270.118291832, 1942.204000000]: Footprint model 'polygon' loaded for trajectory optimization.
[INFO] [1783918271.848245530, 1943.928000000]: GOAL Reached!
[INFO] [1783918271.989194048, 1944.070000000]: Footprint model 'polygon' loaded for trajectory optimization.
[INFO] [1783918272.861004565, 1944.940000000]: Footprint model 'polygon' loaded for trajectory optimization.
[INFO] [1783918273.460951132, 1945.538000000]: Footprint model 'polygon' loaded for trajectory optimization.
[INFO] [1783918274.013603369, 1946.090000000]: Footprint model 'polygon' loaded for trajectory optimization.
[INFO] [1783918274.658633940, 1946.738000000]: Footprint model 'polygon' loaded for trajectory optimization.
[INFO] [1783918276.593950424, 1948.666000000]: GOAL Reached!
[INFO] [1783918276.744401638, 1948.818000000]: Footprint model 'polygon' loaded for trajectory optimization.
[INFO] [1783918277.627380770, 1949.700000000]: Footprint model 'polygon' loaded for trajectory optimization.
[INFO] [1783918278.229094938, 1950.304000000]: Footprint model 'polygon' loaded for trajectory optimization.
[INFO] [1783918278.931730247, 1951.000000000]: Footprint model 'polygon' loaded for trajectory optimization.
[INFO] [1783918279.525446036, 1951.598000000]: Footprint model 'polygon' loaded for trajectory optimization.
[INFO] [1783918281.263878630, 1953.328000000]: GOAL Reached!
[INFO] [1783918281.404845038, 1953.470000000]: Footprint model 'polygon' loaded for trajectory optimization.
[INFO] [1783918282.295193352, 1954.358000000]: Footprint model 'polygon' loaded for trajectory optimization.
[INFO] [1783918282.888381401, 1954.954000000]: Footprint model 'polygon' loaded for trajectory optimization.
[INFO] [1783918283.442174431, 1955.502000000]: Footprint model 'polygon' loaded for trajectory optimization.
[INFO] [1783918284.041478103, 1956.102000000]: Footprint model 'polygon' loaded for trajectory optimization.
[INFO] [1783918286.021596239, 1958.080000000]: GOAL Reached!
[INFO] [1783918286.173079989, 1958.232000000]: Footprint model 'polygon' loaded for trajectory optimization.
[INFO] [1783918287.044153043, 1959.100000000]: Footprint model 'polygon' loaded for trajectory optimization.
[INFO] [1783918287.592300418, 1959.646000000]: Footprint model 'polygon' loaded for trajectory optimization.
[INFO] [1783918288.242344699, 1960.294000000]: Footprint model 'polygon' loaded for trajectory optimization.
[INFO] [1783918288.941718652, 1960.992000000]: Footprint model 'polygon' loaded for trajectory optimization.
[INFO] [1783918290.674019153, 1962.722000000]: GOAL Reached!
[INFO] [1783918290.821354769, 1962.870000000]: Footprint model 'polygon' loaded for trajectory optimization.
[INFO] [1783918291.691069227, 1963.740000000]: Footprint model 'polygon' loaded for trajectory optimization.
[INFO] [1783918292.352142780, 1964.396000000]: Footprint model 'polygon' loaded for trajectory optimization.
[INFO] [1783918292.946483864, 1964.990000000]: Footprint model 'polygon' loaded for trajectory optimization.
[INFO] [1783918293.543240477, 1965.590000000]: Footprint model 'polygon' loaded for trajectory optimization.
[INFO] [1783918295.327419063, 1967.366000000]: GOAL Reached!
[INFO] [1783918295.470571260, 1967.508000000]: Footprint model 'polygon' loaded for trajectory optimization.
[INFO] [1783918296.341891668, 1968.378000000]: Footprint model 'polygon' loaded for trajectory optimization.
[INFO] [1783918296.890636815, 1968.926000000]: Footprint model 'polygon' loaded for trajectory optimization.
[INFO] [1783918297.491371099, 1969.526000000]: Footprint model 'polygon' loaded for trajectory optimization.
[INFO] [1783918298.088432640, 1970.124000000]: Footprint model 'polygon' loaded for trajectory optimization.
[INFO] [1783918299.874137826, 1971.904000000]: GOAL Reached!
[INFO] [1783918300.032548297, 1972.062000000]: Footprint model 'polygon' loaded for trajectory optimization.
[INFO] [1783918300.912389062, 1972.938000000]: Footprint model 'polygon' loaded for trajectory optimization.
[INFO] [1783918301.512936263, 1973.540000000]: Footprint model 'polygon' loaded for trajectory optimization.
[INFO] [1783918302.065224132, 1974.092000000]: Footprint model 'polygon' loaded for trajectory optimization.
[INFO] [1783918302.714961125, 1974.740000000]: Footprint model 'polygon' loaded for trajectory optimization.
[INFO] [1783918304.647217415, 1976.668000000]: GOAL Reached!
[INFO] [1783918304.803240017, 1976.824000000]: Footprint model 'polygon' loaded for trajectory optimization.
[INFO] [1783918305.701153222, 1977.720000000]: Footprint model 'polygon' loaded for trajectory optimization.
[INFO] [1783918306.389074097, 1978.410000000]: Footprint model 'polygon' loaded for trajectory optimization.
[INFO] [1783918307.040153736, 1979.058000000]: Footprint model 'polygon' loaded for trajectory optimization.
[INFO] [1783918307.687403717, 1979.702000000]: Footprint model 'polygon' loaded for trajectory optimization.
[INFO] [1783918309.222075693, 1981.234000000]: GOAL Reached!
[INFO] [1783918309.354340485, 1981.368000000]: Footprint model 'polygon' loaded for trajectory optimization.
[INFO] [1783918310.250732057, 1982.262000000]: Footprint model 'polygon' loaded for trajectory optimization.
[INFO] [1783918310.889783058, 1982.900000000]: Footprint model 'polygon' loaded for trajectory optimization.
[INFO] [1783918311.490250629, 1983.498000000]: Footprint model 'polygon' loaded for trajectory optimization.
[INFO] [1783918312.139868918, 1984.146000000]: Footprint model 'polygon' loaded for trajectory optimization.
[INFO] [1783918314.269714274, 1986.272000000]: GOAL Reached!
[INFO] [1783918314.404365596, 1986.406000000]: Footprint model 'polygon' loaded for trajectory optimization.
[INFO] [1783918315.283287035, 1987.284000000]: Footprint model 'polygon' loaded for trajectory optimization.
[INFO] [1783918315.977644581, 1987.978000000]: Footprint model 'polygon' loaded for trajectory optimization.
[INFO] [1783918316.676244231, 1988.676000000]: Footprint model 'polygon' loaded for trajectory optimization.
[INFO] [1783918318.807739007, 1990.804000000]: GOAL Reached!
[INFO] [1783918318.959032507, 1990.954000000]: Footprint model 'polygon' loaded for trajectory optimization.
[INFO] [1783918319.845919702, 1991.838000000]: Footprint model 'polygon' loaded for trajectory optimization.
[INFO] [1783918320.491095362, 1992.484000000]: Footprint model 'polygon' loaded for trajectory optimization.
[INFO] [1783918321.136714931, 1993.128000000]: Footprint model 'polygon' loaded for trajectory optimization.
[INFO] [1783918321.787092859, 1993.776000000]: Footprint model 'polygon' loaded for trajectory optimization.
[INFO] [1783918323.368270825, 1995.354000000]: GOAL Reached!
[INFO] [1783918323.521439360, 1995.510000000]: Footprint model 'polygon' loaded for trajectory optimization.
[INFO] [1783918324.395724769, 1996.380000000]: Footprint model 'polygon' loaded for trajectory optimization.
[INFO] [1783918325.091975970, 1997.074000000]: Footprint model 'polygon' loaded for trajectory optimization.
[INFO] [1783918325.741748588, 1997.722000000]: Footprint model 'polygon' loaded for trajectory optimization.
[INFO] [1783918326.341947631, 1998.322000000]: Footprint model 'polygon' loaded for trajectory optimization.
[INFO] [1783918328.022643139, 2000.000000000]: GOAL Reached!
[INFO] [1783918328.168737589, 2000.148000000]: Footprint model 'polygon' loaded for trajectory optimization.
[INFO] [1783918329.043959210, 2001.020000000]: Footprint model 'polygon' loaded for trajectory optimization.
[INFO] [1783918329.743926514, 2001.720000000]: Footprint model 'polygon' loaded for trajectory optimization.
[INFO] [1783918330.287860537, 2002.262000000]: Footprint model 'polygon' loaded for trajectory optimization.
[INFO] [1783918330.938128751, 2002.912000000]: Footprint model 'polygon' loaded for trajectory optimization.
[INFO] [1783918332.670004815, 2004.640000000]: GOAL Reached!
[INFO] [1783918332.827273257, 2004.798000000]: Footprint model 'polygon' loaded for trajectory optimization.
[INFO] [1783918333.734311717, 2005.702000000]: Footprint model 'polygon' loaded for trajectory optimization.
[INFO] [1783918334.367655620, 2006.334000000]: Footprint model 'polygon' loaded for trajectory optimization.
[INFO] [1783918335.014852819, 2006.980000000]: Footprint model 'polygon' loaded for trajectory optimization.
[INFO] [1783918335.617785486, 2007.584000000]: Footprint model 'polygon' loaded for trajectory optimization.
[INFO] [1783918337.247825737, 2009.210000000]: GOAL Reached!
[INFO] [1783918337.399539021, 2009.362000000]: Footprint model 'polygon' loaded for trajectory optimization.
[INFO] [1783918338.279880608, 2010.238000000]: Footprint model 'polygon' loaded for trajectory optimization.
[INFO] [1783918338.970189153, 2010.932000000]: Footprint model 'polygon' loaded for trajectory optimization.
[INFO] [1783918339.616754458, 2011.578000000]: Footprint model 'polygon' loaded for trajectory optimization.
[INFO] [1783918340.223107398, 2012.180000000]: Footprint model 'polygon' loaded for trajectory optimization.
[INFO] [1783918341.897368408, 2013.854000000]: GOAL Reached!
[INFO] [1783918342.049442884, 2014.004000000]: Footprint model 'polygon' loaded for trajectory optimization.
[INFO] [1783918342.927308429, 2014.878000000]: Footprint model 'polygon' loaded for trajectory optimization.
[INFO] [1783918343.628295772, 2015.578000000]: Footprint model 'polygon' loaded for trajectory optimization.
[INFO] [1783918344.268406966, 2016.220000000]: Footprint model 'polygon' loaded for trajectory optimization.
[INFO] [1783918344.873293264, 2016.822000000]: Footprint model 'polygon' loaded for trajectory optimization.
[INFO] [1783918346.448746117, 2018.396000000]: GOAL Reached!
[INFO] [1783918346.596547794, 2018.542000000]: Footprint model 'polygon' loaded for trajectory optimization.
[INFO] [1783918347.475530281, 2019.418000000]: Footprint model 'polygon' loaded for trajectory optimization.
[INFO] [1783918348.172207066, 2020.114000000]: Footprint model 'polygon' loaded for trajectory optimization.
[INFO] [1783918348.818802828, 2020.760000000]: Footprint model 'polygon' loaded for trajectory optimization.
[INFO] [1783918349.464405208, 2021.402000000]: Footprint model 'polygon' loaded for trajectory optimization.
[INFO] [1783918351.098991346, 2023.036000000]: GOAL Reached!
[INFO] [1783918351.245409108, 2023.184000000]: Footprint model 'polygon' loaded for trajectory optimization.
[INFO] [1783918352.122114780, 2024.060000000]: Footprint model 'polygon' loaded for trajectory optimization.
[INFO] [1783918352.676327432, 2024.612000000]: Footprint model 'polygon' loaded for trajectory optimization.
[INFO] [1783918353.277728190, 2025.212000000]: Footprint model 'polygon' loaded for trajectory optimization.
[INFO] [1783918353.927644208, 2025.860000000]: Footprint model 'polygon' loaded for trajectory optimization.
[INFO] [1783918355.559478369, 2027.488000000]: GOAL Reached!
[INFO] [1783918355.698299656, 2027.626000000]: Footprint model 'polygon' loaded for trajectory optimization.
[INFO] [1783918356.597325915, 2028.524000000]: Footprint model 'polygon' loaded for trajectory optimization.
[INFO] [1783918357.231479934, 2029.158000000]: Footprint model 'polygon' loaded for trajectory optimization.
[INFO] [1783918357.827162741, 2029.752000000]: Footprint model 'polygon' loaded for trajectory optimization.
[INFO] [1783918358.478626923, 2030.402000000]: Footprint model 'polygon' loaded for trajectory optimization.
[INFO] [1783918360.209561025, 2032.130000000]: GOAL Reached!
[INFO] [1783918360.358405280, 2032.278000000]: Footprint model 'polygon' loaded for trajectory optimization.
[INFO] [1783918361.240533814, 2033.158000000]: Footprint model 'polygon' loaded for trajectory optimization.
[INFO] [1783918361.883159399, 2033.800000000]: Footprint model 'polygon' loaded for trajectory optimization.
[INFO] [1783918362.535541522, 2034.450000000]: Footprint model 'polygon' loaded for trajectory optimization.
[INFO] [1783918363.183452237, 2035.100000000]: Footprint model 'polygon' loaded for trajectory optimization.
[INFO] [1783918364.963183761, 2036.874000000]: GOAL Reached!
[INFO] [1783918365.089554811, 2037.000000000]: Footprint model 'polygon' loaded for trajectory optimization.
[INFO] [1783918365.974781953, 2037.884000000]: Footprint model 'polygon' loaded for trajectory optimization.
[INFO] [1783918366.567137985, 2038.474000000]: Footprint model 'polygon' loaded for trajectory optimization.
[INFO] [1783918367.117256895, 2039.024000000]: Footprint model 'polygon' loaded for trajectory optimization.
[INFO] [1783918367.715391890, 2039.622000000]: Footprint model 'polygon' loaded for trajectory optimization.
[INFO] [1783918369.497576063, 2041.400000000]: GOAL Reached!
[INFO] [1783918369.652623800, 2041.554000000]: Footprint model 'polygon' loaded for trajectory optimization.
[INFO] [1783918370.537799344, 2042.438000000]: Footprint model 'polygon' loaded for trajectory optimization.
[INFO] [1783918371.232006504, 2043.132000000]: Footprint model 'polygon' loaded for trajectory optimization.
[INFO] [1783918371.879503694, 2043.778000000]: Footprint model 'polygon' loaded for trajectory optimization.
[INFO] [1783918372.527767473, 2044.424000000]: Footprint model 'polygon' loaded for trajectory optimization.
[INFO] [1783918374.161413242, 2046.054000000]: GOAL Reached!
[INFO] [1783918374.316340394, 2046.208000000]: Footprint model 'polygon' loaded for trajectory optimization.
[INFO] [1783918375.190603804, 2047.082000000]: Footprint model 'polygon' loaded for trajectory optimization.
[INFO] [1783918375.876331156, 2047.768000000]: Footprint model 'polygon' loaded for trajectory optimization.
[INFO] [1783918376.528951307, 2048.418000000]: Footprint model 'polygon' loaded for trajectory optimization.
[INFO] [1783918377.136702921, 2049.024000000]: Footprint model 'polygon' loaded for trajectory optimization.
[INFO] [1783918378.909287211, 2050.794000000]: GOAL Reached!
[INFO] [1783918379.046094082, 2050.932000000]: Footprint model 'polygon' loaded for trajectory optimization.
[INFO] [1783918379.936439053, 2051.818000000]: Footprint model 'polygon' loaded for trajectory optimization.
[INFO] [1783918380.616986095, 2052.502000000]: Footprint model 'polygon' loaded for trajectory optimization.
[INFO] [1783918381.167644304, 2053.050000000]: Footprint model 'polygon' loaded for trajectory optimization.
[INFO] [1783918381.772778122, 2053.654000000]: Footprint model 'polygon' loaded for trajectory optimization.
[INFO] [1783918383.651285941, 2055.528000000]: GOAL Reached!
[INFO] [1783918383.791487889, 2055.668000000]: Footprint model 'polygon' loaded for trajectory optimization.
[INFO] [1783918384.663302797, 2056.540000000]: Footprint model 'polygon' loaded for trajectory optimization.
[INFO] [1783918385.261126086, 2057.138000000]: Footprint model 'polygon' loaded for trajectory optimization.
[INFO] [1783918385.865496744, 2057.738000000]: Footprint model 'polygon' loaded for trajectory optimization.
[INFO] [1783918386.467263366, 2058.340000000]: Footprint model 'polygon' loaded for trajectory optimization.
[INFO] [1783918388.296967817, 2060.166000000]: GOAL Reached!
[INFO] [1783918388.451827458, 2060.320000000]: Footprint model 'polygon' loaded for trajectory optimization.
[INFO] [1783918389.328163733, 2061.194000000]: Footprint model 'polygon' loaded for trajectory optimization.
[INFO] [1783918389.976434779, 2061.840000000]: Footprint model 'polygon' loaded for trajectory optimization.
[INFO] [1783918390.574875651, 2062.440000000]: Footprint model 'polygon' loaded for trajectory optimization.
[INFO] [1783918391.181089229, 2063.044000000]: Footprint model 'polygon' loaded for trajectory optimization.
[INFO] [1783918391.824338073, 2063.686000000]: Footprint model 'polygon' loaded for trajectory optimization.
[INFO] [1783918393.355877570, 2065.214000000]: GOAL Reached!
[INFO] [1783918393.508475978, 2065.366000000]: Footprint model 'polygon' loaded for trajectory optimization.
[INFO] [1783918394.381701129, 2066.238000000]: Footprint model 'polygon' loaded for trajectory optimization.
[INFO] [1783918394.979881474, 2066.836000000]: Footprint model 'polygon' loaded for trajectory optimization.
[INFO] [1783918395.584557245, 2067.442000000]: Footprint model 'polygon' loaded for trajectory optimization.
[INFO] [1783918396.283610453, 2068.138000000]: Footprint model 'polygon' loaded for trajectory optimization.
[INFO] [1783918398.012965777, 2069.866000000]: GOAL Reached!
[INFO] [1783918398.158914834, 2070.010000000]: Footprint model 'polygon' loaded for trajectory optimization.
[INFO] [1783918399.052709391, 2070.900000000]: Footprint model 'polygon' loaded for trajectory optimization.
[INFO] [1783918399.696946742, 2071.546000000]: Footprint model 'polygon' loaded for trajectory optimization.
[INFO] [1783918400.340277124, 2072.186000000]: Footprint model 'polygon' loaded for trajectory optimization.
[INFO] [1783918400.891579857, 2072.738000000]: Footprint model 'polygon' loaded for trajectory optimization.
[INFO] [1783918402.568161278, 2074.414000000]: GOAL Reached!
[INFO] [1783918402.699256345, 2074.542000000]: Footprint model 'polygon' loaded for trajectory optimization.
[INFO] [1783918403.575349811, 2075.420000000]: Footprint model 'polygon' loaded for trajectory optimization.
[INFO] [1783918404.126504961, 2075.968000000]: Footprint model 'polygon' loaded for trajectory optimization.
[INFO] [1783918404.778753032, 2076.618000000]: Footprint model 'polygon' loaded for trajectory optimization.
[INFO] [1783918405.377831627, 2077.216000000]: Footprint model 'polygon' loaded for trajectory optimization.
[INFO] [1783918407.108126028, 2078.944000000]: GOAL Reached!
[INFO] [1783918407.253291017, 2079.090000000]: Footprint model 'polygon' loaded for trajectory optimization.
[INFO] [1783918408.145761165, 2079.980000000]: Footprint model 'polygon' loaded for trajectory optimization.
[INFO] [1783918408.787823825, 2080.620000000]: Footprint model 'polygon' loaded for trajectory optimization.
[INFO] [1783918409.430347644, 2081.264000000]: Footprint model 'polygon' loaded for trajectory optimization.
[INFO] [1783918410.030791770, 2081.862000000]: Footprint model 'polygon' loaded for trajectory optimization.
[INFO] [1783918411.664027609, 2083.492000000]: GOAL Reached!
[INFO] [1783918411.815061235, 2083.644000000]: Footprint model 'polygon' loaded for trajectory optimization.
[INFO] [1783918412.693299894, 2084.522000000]: Footprint model 'polygon' loaded for trajectory optimization.
[INFO] [1783918413.334754781, 2085.162000000]: Footprint model 'polygon' loaded for trajectory optimization.
[INFO] [1783918413.932514995, 2085.756000000]: Footprint model 'polygon' loaded for trajectory optimization.
[INFO] [1783918414.584312971, 2086.408000000]: Footprint model 'polygon' loaded for trajectory optimization.
[INFO] [1783918416.415912310, 2088.234000000]: GOAL Reached!
[INFO] [1783918416.556487491, 2088.374000000]: Footprint model 'polygon' loaded for trajectory optimization.
[INFO] [1783918417.419621486, 2089.238000000]: Footprint model 'polygon' loaded for trajectory optimization.
[INFO] [1783918418.023998547, 2089.840000000]: Footprint model 'polygon' loaded for trajectory optimization.
[INFO] [1783918418.625367058, 2090.440000000]: Footprint model 'polygon' loaded for trajectory optimization.
[INFO] [1783918419.324117450, 2091.138000000]: Footprint model 'polygon' loaded for trajectory optimization.
[INFO] [1783918420.959011261, 2092.770000000]: GOAL Reached!
[INFO] [1783918421.105163968, 2092.916000000]: Footprint model 'polygon' loaded for trajectory optimization.
[INFO] [1783918421.978257143, 2093.786000000]: Footprint model 'polygon' loaded for trajectory optimization.
[INFO] [1783918422.628084180, 2094.436000000]: Footprint model 'polygon' loaded for trajectory optimization.
[INFO] [1783918423.229561232, 2095.036000000]: Footprint model 'polygon' loaded for trajectory optimization.
[INFO] [1783918423.825890609, 2095.630000000]: Footprint model 'polygon' loaded for trajectory optimization.
[INFO] [1783918425.510881151, 2097.312000000]: GOAL Reached!
[INFO] [1783918425.646029351, 2097.448000000]: Footprint model 'polygon' loaded for trajectory optimization.
[INFO] [1783918426.521430646, 2098.320000000]: Footprint model 'polygon' loaded for trajectory optimization.
[INFO] [1783918427.069094892, 2098.868000000]: Footprint model 'polygon' loaded for trajectory optimization.
[INFO] [1783918427.668885131, 2099.468000000]: Footprint model 'polygon' loaded for trajectory optimization.
[INFO] [1783918428.322057339, 2100.118000000]: Footprint model 'polygon' loaded for trajectory optimization.
[INFO] [1783918430.051258231, 2101.844000000]: GOAL Reached!
[INFO] [1783918430.180639807, 2101.974000000]: Footprint model 'polygon' loaded for trajectory optimization.
[INFO] [1783918431.072207016, 2102.862000000]: Footprint model 'polygon' loaded for trajectory optimization.
[INFO] [1783918431.769527925, 2103.558000000]: Footprint model 'polygon' loaded for trajectory optimization.
[INFO] [1783918432.407139583, 2104.196000000]: Footprint model 'polygon' loaded for trajectory optimization.
[INFO] [1783918433.009449481, 2104.800000000]: Footprint model 'polygon' loaded for trajectory optimization.
[INFO] [1783918434.693850630, 2106.478000000]: GOAL Reached!
[INFO] [1783918434.838986400, 2106.622000000]: Footprint model 'polygon' loaded for trajectory optimization.
[INFO] [1783918435.722749598, 2107.504000000]: Footprint model 'polygon' loaded for trajectory optimization.
[INFO] [1783918436.362171204, 2108.142000000]: Footprint model 'polygon' loaded for trajectory optimization.
[INFO] [1783918436.958673410, 2108.738000000]: Footprint model 'polygon' loaded for trajectory optimization.
[INFO] [1783918437.612217246, 2109.390000000]: Footprint model 'polygon' loaded for trajectory optimization.
[INFO] [1783918439.138571234, 2110.914000000]: GOAL Reached!
[INFO] [1783918439.288736511, 2111.066000000]: Footprint model 'polygon' loaded for trajectory optimization.
[INFO] [1783918440.178514236, 2111.956000000]: Footprint model 'polygon' loaded for trajectory optimization.
[INFO] [1783918440.826783264, 2112.600000000]: Footprint model 'polygon' loaded for trajectory optimization.
[INFO] [1783918441.423937933, 2113.198000000]: Footprint model 'polygon' loaded for trajectory optimization.
[INFO] [1783918442.024375946, 2113.794000000]: Footprint model 'polygon' loaded for trajectory optimization.
[INFO] [1783918443.704863327, 2115.474000000]: GOAL Reached!
[INFO] [1783918443.855478518, 2115.624000000]: Footprint model 'polygon' loaded for trajectory optimization.
[INFO] [1783918444.733640414, 2116.500000000]: Footprint model 'polygon' loaded for trajectory optimization.
[INFO] [1783918445.291002313, 2117.056000000]: Footprint model 'polygon' loaded for trajectory optimization.
[INFO] [1783918445.889009036, 2117.654000000]: Footprint model 'polygon' loaded for trajectory optimization.
[INFO] [1783918446.487361507, 2118.250000000]: Footprint model 'polygon' loaded for trajectory optimization.
[INFO] [1783918448.465702542, 2120.226000000]: GOAL Reached!
[INFO] [1783918448.612318646, 2120.372000000]: Footprint model 'polygon' loaded for trajectory optimization.
[INFO] [1783918449.487693356, 2121.244000000]: Footprint model 'polygon' loaded for trajectory optimization.
[INFO] [1783918450.140372648, 2121.896000000]: Footprint model 'polygon' loaded for trajectory optimization.
[INFO] [1783918450.739556297, 2122.494000000]: Footprint model 'polygon' loaded for trajectory optimization.
[INFO] [1783918451.392010493, 2123.146000000]: Footprint model 'polygon' loaded for trajectory optimization.
[INFO] [1783918453.119693704, 2124.870000000]: GOAL Reached!
[INFO] [1783918453.250800605, 2125.000000000]: Footprint model 'polygon' loaded for trajectory optimization.
[INFO] [1783918454.133624351, 2125.882000000]: Footprint model 'polygon' loaded for trajectory optimization.
[INFO] [1783918454.780151193, 2126.526000000]: Footprint model 'polygon' loaded for trajectory optimization.
[INFO] [1783918455.374511773, 2127.122000000]: Footprint model 'polygon' loaded for trajectory optimization.
[INFO] [1783918455.972836534, 2127.720000000]: Footprint model 'polygon' loaded for trajectory optimization.
[INFO] [1783918457.755751077, 2129.496000000]: GOAL Reached!
[INFO] [1783918457.906383339, 2129.646000000]: Footprint model 'polygon' loaded for trajectory optimization.
[INFO] [1783918458.781364995, 2130.522000000]: Footprint model 'polygon' loaded for trajectory optimization.
[INFO] [1783918459.381203866, 2131.120000000]: Footprint model 'polygon' loaded for trajectory optimization.
[INFO] [1783918459.983483840, 2131.720000000]: Footprint model 'polygon' loaded for trajectory optimization.
[INFO] [1783918460.580599577, 2132.316000000]: Footprint model 'polygon' loaded for trajectory optimization.
[INFO] [1783918462.314979648, 2134.048000000]: GOAL Reached!
[INFO] [1783918462.470772288, 2134.202000000]: Footprint model 'polygon' loaded for trajectory optimization.
[INFO] [1783918463.346544525, 2135.080000000]: Footprint model 'polygon' loaded for trajectory optimization.
[INFO] [1783918464.047276682, 2135.778000000]: Footprint model 'polygon' loaded for trajectory optimization.
[INFO] [1783918464.696002813, 2136.424000000]: Footprint model 'polygon' loaded for trajectory optimization.
[INFO] [1783918465.344318746, 2137.072000000]: Footprint model 'polygon' loaded for trajectory optimization.
[INFO] [1783918466.974936920, 2138.700000000]: GOAL Reached!
[INFO] [1783918467.091606354, 2138.818000000]: Footprint model 'polygon' loaded for trajectory optimization.
[INFO] [1783918467.976676975, 2139.700000000]: Footprint model 'polygon' loaded for trajectory optimization.
[INFO] [1783918468.535326507, 2140.258000000]: Footprint model 'polygon' loaded for trajectory optimization.
[INFO] [1783918469.130936105, 2140.852000000]: Footprint model 'polygon' loaded for trajectory optimization.
[INFO] [1783918469.733149714, 2141.454000000]: Footprint model 'polygon' loaded for trajectory optimization.
[INFO] [1783918471.511916848, 2143.228000000]: GOAL Reached!
[INFO] [1783918471.661237826, 2143.380000000]: Footprint model 'polygon' loaded for trajectory optimization.
[INFO] [1783918472.525687913, 2144.238000000]: Footprint model 'polygon' loaded for trajectory optimization.
[INFO] [1783918473.133522988, 2144.844000000]: Footprint model 'polygon' loaded for trajectory optimization.
[INFO] [1783918473.726890355, 2145.438000000]: Footprint model 'polygon' loaded for trajectory optimization.
[INFO] [1783918474.327757621, 2146.038000000]: Footprint model 'polygon' loaded for trajectory optimization.
[INFO] [1783918475.962284102, 2147.668000000]: GOAL Reached!
[INFO] [1783918476.101085318, 2147.808000000]: Footprint model 'polygon' loaded for trajectory optimization.
[INFO] [1783918476.974898682, 2148.680000000]: Footprint model 'polygon' loaded for trajectory optimization.
[INFO] [1783918477.575421139, 2149.280000000]: Footprint model 'polygon' loaded for trajectory optimization.
[INFO] [1783918478.172815030, 2149.876000000]: Footprint model 'polygon' loaded for trajectory optimization.
[INFO] [1783918478.778686406, 2150.480000000]: Footprint model 'polygon' loaded for trajectory optimization.
[INFO] [1783918481.007840064, 2152.706000000]: GOAL Reached!
[INFO] [1783918481.164469016, 2152.862000000]: Footprint model 'polygon' loaded for trajectory optimization.
[INFO] [1783918482.046199165, 2153.740000000]: Footprint model 'polygon' loaded for trajectory optimization.
[INFO] [1783918482.699656623, 2154.394000000]: Footprint model 'polygon' loaded for trajectory optimization.
[INFO] [1783918483.346324265, 2155.038000000]: Footprint model 'polygon' loaded for trajectory optimization.
[INFO] [1783918484.044151202, 2155.738000000]: Footprint model 'polygon' loaded for trajectory optimization.
[INFO] [1783918485.575152687, 2157.266000000]: GOAL Reached!
[INFO] [1783918485.725604262, 2157.416000000]: Footprint model 'polygon' loaded for trajectory optimization.
[INFO] [1783918486.593039100, 2158.282000000]: Footprint model 'polygon' loaded for trajectory optimization.
[INFO] [1783918487.198671247, 2158.884000000]: Footprint model 'polygon' loaded for trajectory optimization.
[INFO] [1783918487.899795756, 2159.584000000]: Footprint model 'polygon' loaded for trajectory optimization.
[INFO] [1783918488.539326670, 2160.228000000]: Footprint model 'polygon' loaded for trajectory optimization.
[INFO] [1783918490.224943524, 2161.908000000]: GOAL Reached!
[INFO] [1783918490.364955664, 2162.048000000]: Footprint model 'polygon' loaded for trajectory optimization.
[INFO] [1783918491.241893375, 2162.922000000]: Footprint model 'polygon' loaded for trajectory optimization.
[INFO] [1783918491.790925983, 2163.470000000]: Footprint model 'polygon' loaded for trajectory optimization.
[INFO] [1783918492.385790073, 2164.066000000]: Footprint model 'polygon' loaded for trajectory optimization.
[INFO] [1783918492.996273162, 2164.672000000]: Footprint model 'polygon' loaded for trajectory optimization.
[INFO] [1783918494.972657870, 2166.646000000]: GOAL Reached!
[INFO] [1783918495.114423435, 2166.786000000]: Footprint model 'polygon' loaded for trajectory optimization.
[INFO] [1783918495.989875423, 2167.660000000]: Footprint model 'polygon' loaded for trajectory optimization.
[INFO] [1783918496.694577293, 2168.364000000]: Footprint model 'polygon' loaded for trajectory optimization.
[INFO] [1783918497.392471660, 2169.060000000]: Footprint model 'polygon' loaded for trajectory optimization.
[INFO] [1783918497.984523165, 2169.656000000]: Footprint model 'polygon' loaded for trajectory optimization.
[INFO] [1783918499.819961801, 2171.486000000]: GOAL Reached!
[INFO] [1783918499.968420897, 2171.634000000]: Footprint model 'polygon' loaded for trajectory optimization.
[INFO] [1783918500.856686291, 2172.518000000]: Footprint model 'polygon' loaded for trajectory optimization.
[INFO] [1783918501.447606818, 2173.112000000]: Footprint model 'polygon' loaded for trajectory optimization.
[INFO] [1783918502.051354616, 2173.712000000]: Footprint model 'polygon' loaded for trajectory optimization.
[INFO] [1783918502.651231056, 2174.310000000]: Footprint model 'polygon' loaded for trajectory optimization.
[INFO] [1783918504.581655099, 2176.238000000]: GOAL Reached!
[INFO] [1783918504.732018961, 2176.390000000]: Footprint model 'polygon' loaded for trajectory optimization.
[INFO] [1783918505.605042041, 2177.260000000]: Footprint model 'polygon' loaded for trajectory optimization.
[INFO] [1783918506.154231246, 2177.808000000]: Footprint model 'polygon' loaded for trajectory optimization.
[INFO] [1783918506.751401893, 2178.408000000]: Footprint model 'polygon' loaded for trajectory optimization.
[INFO] [1783918507.405967611, 2179.058000000]: Footprint model 'polygon' loaded for trajectory optimization.
[INFO] [1783918509.237767299, 2180.886000000]: GOAL Reached!
[INFO] [1783918509.382365482, 2181.030000000]: Footprint model 'polygon' loaded for trajectory optimization.
[INFO] [1783918510.253798214, 2181.900000000]: Footprint model 'polygon' loaded for trajectory optimization.
[INFO] [1783918510.854612058, 2182.500000000]: Footprint model 'polygon' loaded for trajectory optimization.
[INFO] [1783918511.451676985, 2183.096000000]: Footprint model 'polygon' loaded for trajectory optimization.
[INFO] [1783918512.004301592, 2183.646000000]: Footprint model 'polygon' loaded for trajectory optimization.
[INFO] [1783918513.787177526, 2185.426000000]: GOAL Reached!
[INFO] [1783918513.933625645, 2185.574000000]: Footprint model 'polygon' loaded for trajectory optimization.
[INFO] [1783918514.802081032, 2186.440000000]: Footprint model 'polygon' loaded for trajectory optimization.
[INFO] [1783918515.354024993, 2186.990000000]: Footprint model 'polygon' loaded for trajectory optimization.
[INFO] [1783918516.001590645, 2187.636000000]: Footprint model 'polygon' loaded for trajectory optimization.
[INFO] [1783918516.601655044, 2188.236000000]: Footprint model 'polygon' loaded for trajectory optimization.
[INFO] [1783918518.432487828, 2190.066000000]: GOAL Reached!
[INFO] [1783918518.564717096, 2190.200000000]: Footprint model 'polygon' loaded for trajectory optimization.
[INFO] [1783918519.448343547, 2191.078000000]: Footprint model 'polygon' loaded for trajectory optimization.
[INFO] [1783918520.095166224, 2191.726000000]: Footprint model 'polygon' loaded for trajectory optimization.
[INFO] [1783918520.690921190, 2192.318000000]: Footprint model 'polygon' loaded for trajectory optimization.
[INFO] [1783918521.343697224, 2192.970000000]: Footprint model 'polygon' loaded for trajectory optimization.
[INFO] [1783918523.272783786, 2194.898000000]: GOAL Reached!
[INFO] [1783918523.418626007, 2195.042000000]: Footprint model 'polygon' loaded for trajectory optimization.
[INFO] [1783918524.303634625, 2195.924000000]: Footprint model 'polygon' loaded for trajectory optimization.
[INFO] [1783918524.992433041, 2196.612000000]: Footprint model 'polygon' loaded for trajectory optimization.
[INFO] [1783918525.688280186, 2197.308000000]: Footprint model 'polygon' loaded for trajectory optimization.
[INFO] [1783918526.240626664, 2197.860000000]: Footprint model 'polygon' loaded for trajectory optimization.
[INFO] [1783918527.923550004, 2199.538000000]: GOAL Reached!
[INFO] [1783918528.071378142, 2199.686000000]: Footprint model 'polygon' loaded for trajectory optimization.
[INFO] [1783918528.947090327, 2200.560000000]: Footprint model 'polygon' loaded for trajectory optimization.
[INFO] [1783918529.642296563, 2201.254000000]: Footprint model 'polygon' loaded for trajectory optimization.
[INFO] [1783918530.192132100, 2201.802000000]: Footprint model 'polygon' loaded for trajectory optimization.
[INFO] [1783918530.794524985, 2202.402000000]: Footprint model 'polygon' loaded for trajectory optimization.
[INFO] [1783918532.475773848, 2204.080000000]: GOAL Reached!
[INFO] [1783918532.632565112, 2204.236000000]: Footprint model 'polygon' loaded for trajectory optimization.
[INFO] [1783918533.521399784, 2205.124000000]: Footprint model 'polygon' loaded for trajectory optimization.
[INFO] [1783918534.160266177, 2205.762000000]: Footprint model 'polygon' loaded for trajectory optimization.
[INFO] [1783918534.762101185, 2206.362000000]: Footprint model 'polygon' loaded for trajectory optimization.
[INFO] [1783918535.410362485, 2207.010000000]: Footprint model 'polygon' loaded for trajectory optimization.
[INFO] [1783918537.141699279, 2208.738000000]: GOAL Reached!
[INFO] [1783918537.291142490, 2208.888000000]: Footprint model 'polygon' loaded for trajectory optimization.
[INFO] [1783918538.184218095, 2209.778000000]: Footprint model 'polygon' loaded for trajectory optimization.
[INFO] [1783918538.834923039, 2210.428000000]: Footprint model 'polygon' loaded for trajectory optimization.
[INFO] [1783918539.472785217, 2211.064000000]: Footprint model 'polygon' loaded for trajectory optimization.
[INFO] [1783918540.029642557, 2211.620000000]: Footprint model 'polygon' loaded for trajectory optimization.
[INFO] [1783918541.808070937, 2213.396000000]: GOAL Reached!
[INFO] [1783918541.959374749, 2213.546000000]: Footprint model 'polygon' loaded for trajectory optimization.
[INFO] [1783918542.835030036, 2214.422000000]: Footprint model 'polygon' loaded for trajectory optimization.
[INFO] [1783918543.432572830, 2215.018000000]: Footprint model 'polygon' loaded for trajectory optimization.
[INFO] [1783918544.134613092, 2215.718000000]: Footprint model 'polygon' loaded for trajectory optimization.
[INFO] [1783918544.835838845, 2216.418000000]: Footprint model 'polygon' loaded for trajectory optimization.
[INFO] [1783918546.464873852, 2218.044000000]: GOAL Reached!
[INFO] [1783918546.617117988, 2218.196000000]: Footprint model 'polygon' loaded for trajectory optimization.
[INFO] [1783918547.501945125, 2219.080000000]: Footprint model 'polygon' loaded for trajectory optimization.
[INFO] [1783918548.087485436, 2219.662000000]: Footprint model 'polygon' loaded for trajectory optimization.
[INFO] [1783918548.689069422, 2220.264000000]: Footprint model 'polygon' loaded for trajectory optimization.
[INFO] [1783918549.390196489, 2220.966000000]: Footprint model 'polygon' loaded for trajectory optimization.
[INFO] [1783918551.124226264, 2222.694000000]: GOAL Reached!
[INFO] [1783918551.265911224, 2222.836000000]: Footprint model 'polygon' loaded for trajectory optimization.
[INFO] [1783918552.130927987, 2223.700000000]: Footprint model 'polygon' loaded for trajectory optimization.
[INFO] [1783918552.734194860, 2224.300000000]: Footprint model 'polygon' loaded for trajectory optimization.
[INFO] [1783918553.287649011, 2224.854000000]: Footprint model 'polygon' loaded for trajectory optimization.
[INFO] [1783918553.935403494, 2225.500000000]: Footprint model 'polygon' loaded for trajectory optimization.
[INFO] [1783918555.767043960, 2227.328000000]: GOAL Reached!
[INFO] [1783918555.902926684, 2227.464000000]: Footprint model 'polygon' loaded for trajectory optimization.
[INFO] [1783918556.782333047, 2228.342000000]: Footprint model 'polygon' loaded for trajectory optimization.
[INFO] [1783918557.436713199, 2228.994000000]: Footprint model 'polygon' loaded for trajectory optimization.
[INFO] [1783918558.078911988, 2229.638000000]: Footprint model 'polygon' loaded for trajectory optimization.
[INFO] [1783918558.675220209, 2230.236000000]: Footprint model 'polygon' loaded for trajectory optimization.
[INFO] [1783918560.212370847, 2231.766000000]: GOAL Reached!
[INFO] [1783918560.360620789, 2231.912000000]: Footprint model 'polygon' loaded for trajectory optimization.
[INFO] [1783918561.244879402, 2232.800000000]: Footprint model 'polygon' loaded for trajectory optimization.
[INFO] [1783918561.938506999, 2233.490000000]: Footprint model 'polygon' loaded for trajectory optimization.
[INFO] [1783918562.536695032, 2234.086000000]: Footprint model 'polygon' loaded for trajectory optimization.
[INFO] [1783918563.088940100, 2234.640000000]: Footprint model 'polygon' loaded for trajectory optimization.
[INFO] [1783918564.766253765, 2236.314000000]: GOAL Reached!
[INFO] [1783918564.905939879, 2236.454000000]: Footprint model 'polygon' loaded for trajectory optimization.
[INFO] [1783918565.793701690, 2237.340000000]: Footprint model 'polygon' loaded for trajectory optimization.
[INFO] [1783918566.491352190, 2238.036000000]: Footprint model 'polygon' loaded for trajectory optimization.
[INFO] [1783918567.135593817, 2238.678000000]: Footprint model 'polygon' loaded for trajectory optimization.
[INFO] [1783918567.785820208, 2239.326000000]: Footprint model 'polygon' loaded for trajectory optimization.
[INFO] [1783918569.414894613, 2240.954000000]: GOAL Reached!
[INFO] [1783918569.568068088, 2241.106000000]: Footprint model 'polygon' loaded for trajectory optimization.
[INFO] [1783918570.443277295, 2241.980000000]: Footprint model 'polygon' loaded for trajectory optimization.
[INFO] [1783918571.045946426, 2242.580000000]: Footprint model 'polygon' loaded for trajectory optimization.
[INFO] [1783918571.645006747, 2243.180000000]: Footprint model 'polygon' loaded for trajectory optimization.
[INFO] [1783918572.199033599, 2243.732000000]: Footprint model 'polygon' loaded for trajectory optimization.
[INFO] [1783918573.973336617, 2245.508000000]: GOAL Reached!
[INFO] [1783918574.111709246, 2245.646000000]: Footprint model 'polygon' loaded for trajectory optimization.
[INFO] [1783918574.994594425, 2246.524000000]: Footprint model 'polygon' loaded for trajectory optimization.
[INFO] [1783918575.695528402, 2247.224000000]: Footprint model 'polygon' loaded for trajectory optimization.
[INFO] [1783918576.334445409, 2247.866000000]: Footprint model 'polygon' loaded for trajectory optimization.
[INFO] [1783918576.937206589, 2248.464000000]: Footprint model 'polygon' loaded for trajectory optimization.
[INFO] [1783918578.519624425, 2250.042000000]: GOAL Reached!
[INFO] [1783918578.668568161, 2250.190000000]: Footprint model 'polygon' loaded for trajectory optimization.
[INFO] [1783918579.565464308, 2251.088000000]: Footprint model 'polygon' loaded for trajectory optimization.
[INFO] [1783918580.259730331, 2251.780000000]: Footprint model 'polygon' loaded for trajectory optimization.
[INFO] [1783918580.810339258, 2252.328000000]: Footprint model 'polygon' loaded for trajectory optimization.
[INFO] [1783918581.410850341, 2252.930000000]: Footprint model 'polygon' loaded for trajectory optimization.
[INFO] [1783918583.293350329, 2254.808000000]: GOAL Reached!
[INFO] [1783918583.435392527, 2254.952000000]: Footprint model 'polygon' loaded for trajectory optimization.
[INFO] [1783918584.305796133, 2255.818000000]: Footprint model 'polygon' loaded for trajectory optimization.
[INFO] [1783918584.915150986, 2256.426000000]: Footprint model 'polygon' loaded for trajectory optimization.
[INFO] [1783918585.512589876, 2257.022000000]: Footprint model 'polygon' loaded for trajectory optimization.
[INFO] [1783918586.161309316, 2257.670000000]: Footprint model 'polygon' loaded for trajectory optimization.
[INFO] [1783918588.041225722, 2259.548000000]: GOAL Reached!
[INFO] [1783918588.187436837, 2259.694000000]: Footprint model 'polygon' loaded for trajectory optimization.
[INFO] [1783918589.073406083, 2260.578000000]: Footprint model 'polygon' loaded for trajectory optimization.
[INFO] [1783918589.713002765, 2261.216000000]: Footprint model 'polygon' loaded for trajectory optimization.
[INFO] [1783918590.311282708, 2261.814000000]: Footprint model 'polygon' loaded for trajectory optimization.
[INFO] [1783918590.963791842, 2262.464000000]: Footprint model 'polygon' loaded for trajectory optimization.
[INFO] [1783918592.693491675, 2264.190000000]: GOAL Reached!
[INFO] [1783918592.849300939, 2264.346000000]: Footprint model 'polygon' loaded for trajectory optimization.
[INFO] [1783918593.743415470, 2265.238000000]: Footprint model 'polygon' loaded for trajectory optimization.
[INFO] [1783918594.333866439, 2265.828000000]: Footprint model 'polygon' loaded for trajectory optimization.
[INFO] [1783918594.941924346, 2266.434000000]: Footprint model 'polygon' loaded for trajectory optimization.
[INFO] [1783918595.640406909, 2267.130000000]: Footprint model 'polygon' loaded for trajectory optimization.
[INFO] [1783918597.272461651, 2268.760000000]: GOAL Reached!
[INFO] [1783918597.405627058, 2268.892000000]: Footprint model 'polygon' loaded for trajectory optimization.
[INFO] [1783918598.297196782, 2269.784000000]: Footprint model 'polygon' loaded for trajectory optimization.
[INFO] [1783918598.985664206, 2270.470000000]: Footprint model 'polygon' loaded for trajectory optimization.
[INFO] [1783918599.685130493, 2271.168000000]: Footprint model 'polygon' loaded for trajectory optimization.
[INFO] [1783918600.283649780, 2271.766000000]: Footprint model 'polygon' loaded for trajectory optimization.
[INFO] [1783918601.816023579, 2273.296000000]: GOAL Reached!
[INFO] [1783918601.958960017, 2273.440000000]: Footprint model 'polygon' loaded for trajectory optimization.
[INFO] [1783918602.842425232, 2274.320000000]: Footprint model 'polygon' loaded for trajectory optimization.
[INFO] [1783918603.443275549, 2274.920000000]: Footprint model 'polygon' loaded for trajectory optimization.
[INFO] [1783918604.094697607, 2275.570000000]: Footprint model 'polygon' loaded for trajectory optimization.
[INFO] [1783918604.742034670, 2276.216000000]: Footprint model 'polygon' loaded for trajectory optimization.
[INFO] [1783918606.469636448, 2277.944000000]: GOAL Reached!
[INFO] [1783918606.605039517, 2278.078000000]: Footprint model 'polygon' loaded for trajectory optimization.
[INFO] [1783918607.491338925, 2278.962000000]: Footprint model 'polygon' loaded for trajectory optimization.
[INFO] [1783918608.126224389, 2279.594000000]: Footprint model 'polygon' loaded for trajectory optimization.
[INFO] [1783918608.724829791, 2280.192000000]: Footprint model 'polygon' loaded for trajectory optimization.
[INFO] [1783918609.326449596, 2280.794000000]: Footprint model 'polygon' loaded for trajectory optimization.
[INFO] [1783918611.107434725, 2282.570000000]: GOAL Reached!
[INFO] [1783918611.263257610, 2282.726000000]: Footprint model 'polygon' loaded for trajectory optimization.
[INFO] [1783918612.136489369, 2283.598000000]: Footprint model 'polygon' loaded for trajectory optimization.
[INFO] [1783918612.733618162, 2284.196000000]: Footprint model 'polygon' loaded for trajectory optimization.
[INFO] [1783918613.334117427, 2284.794000000]: Footprint model 'polygon' loaded for trajectory optimization.
[INFO] [1783918613.987928307, 2285.446000000]: Footprint model 'polygon' loaded for trajectory optimization.
[INFO] [1783918615.869283433, 2287.324000000]: GOAL Reached!
[INFO] [1783918616.010884501, 2287.464000000]: Footprint model 'polygon' loaded for trajectory optimization.
[INFO] [1783918616.911907639, 2288.364000000]: Footprint model 'polygon' loaded for trajectory optimization.
[INFO] [1783918617.607083401, 2289.058000000]: Footprint model 'polygon' loaded for trajectory optimization.
[INFO] [1783918618.257846646, 2289.706000000]: Footprint model 'polygon' loaded for trajectory optimization.
[INFO] [1783918618.858535637, 2290.306000000]: Footprint model 'polygon' loaded for trajectory optimization.
[INFO] [1783918620.437164147, 2291.884000000]: GOAL Reached!
[INFO] [1783918620.584115227, 2292.030000000]: Footprint model 'polygon' loaded for trajectory optimization.
[INFO] [1783918621.457328810, 2292.900000000]: Footprint model 'polygon' loaded for trajectory optimization.
[INFO] [1783918622.005179037, 2293.448000000]: Footprint model 'polygon' loaded for trajectory optimization.
[INFO] [1783918622.608300297, 2294.048000000]: Footprint model 'polygon' loaded for trajectory optimization.
[INFO] [1783918623.205380756, 2294.648000000]: Footprint model 'polygon' loaded for trajectory optimization.
[INFO] [1783918625.089135421, 2296.526000000]: GOAL Reached!
[INFO] [1783918625.226242256, 2296.662000000]: Footprint model 'polygon' loaded for trajectory optimization.
[INFO] [1783918626.102939285, 2297.538000000]: Footprint model 'polygon' loaded for trajectory optimization.
[INFO] [1783918626.982265458, 2298.416000000]: Footprint model 'polygon' loaded for trajectory optimization.
[INFO] [1783918627.854176225, 2299.286000000]: Footprint model 'polygon' loaded for trajectory optimization.
[INFO] [1783918628.439982948, 2299.872000000]: Footprint model 'polygon' loaded for trajectory optimization.
[INFO] [1783918628.996173835, 2300.426000000]: Footprint model 'polygon' loaded for trajectory optimization.
[INFO] [1783918629.593495632, 2301.024000000]: Footprint model 'polygon' loaded for trajectory optimization.
[INFO] [1783918630.194718036, 2301.624000000]: Footprint model 'polygon' loaded for trajectory optimization.
[INFO] [1783918631.888009224, 2303.312000000]: GOAL Reached!
[INFO] [1783918632.039288597, 2303.464000000]: Footprint model 'polygon' loaded for traje[ERROR] [1783918663.285952901, 2334.654000000]: TebOptimalPlanner::getVelocityCommand() - timediff<=0 is invalid!
[WARN] [1783918663.286071628, 2334.656000000]: TebLocalPlannerROS: velocity command invalid. Resetting planner...
ctory optimization.
[INFO] [1783918632.943800204, 2304.368000000]: Footprint model 'polygon' loaded for trajectory optimization.
[INFO] [1783918633.629865921, 2305.052000000]: Footprint model 'polygon' loaded for trajectory optimization.
[INFO] [1783918634.271689076, 2305.694000000]: Footprint model 'polygon' loaded for trajectory optimization.
[INFO] [1783918634.919548447, 2306.340000000]: Footprint model 'polygon' loaded for trajectory optimization.
[INFO] [1783918635.469416039, 2306.890000000]: Footprint model 'polygon' loaded for trajectory optimization.
[INFO] [1783918637.875382863, 2309.290000000]: Footprint model 'polygon' loaded for trajectory optimization.
[INFO] [1783918641.765539169, 2313.174000000]: GOAL Reached!
[INFO] [1783918641.906534806, 2313.316000000]: Footprint model 'polygon' loaded for trajectory optimization.
[INFO] [1783918642.780629507, 2314.188000000]: Footprint model 'polygon' loaded for trajectory optimization.
[INFO] [1783918643.387071883, 2314.792000000]: Footprint model 'polygon' loaded for trajectory optimization.
[INFO] [1783918643.991973990, 2315.396000000]: Footprint model 'polygon' loaded for trajectory optimization.
[INFO] [1783918644.541878174, 2315.944000000]: Footprint model 'polygon' loaded for trajectory optimization.
[INFO] [1783918645.199837514, 2316.602000000]: Footprint model 'polygon' loaded for trajectory optimization.
[INFO] [1783918648.627704926, 2320.024000000]: GOAL Reached!
[INFO] [1783918648.756861530, 2320.152000000]: Footprint model 'polygon' loaded for trajectory optimization.
[INFO] [1783918649.813070197, 2321.208000000]: Footprint model 'polygon' loaded for trajectory optimization.
[INFO] [1783918650.677186808, 2322.068000000]: Footprint model 'polygon' loaded for trajectory optimization.
[INFO] [1783918651.268604660, 2322.658000000]: Footprint model 'polygon' loaded for trajectory optimization.
[INFO] [1783918651.820668999, 2323.210000000]: Footprint model 'polygon' loaded for trajectory optimization.
[INFO] [1783918652.470927344, 2323.862000000]: Footprint model 'polygon' loaded for trajectory optimization.
[INFO] [1783918653.072502734, 2324.458000000]: Footprint model 'polygon' loaded for trajectory optimization.
[INFO] [1783918654.713231644, 2326.098000000]: GOAL Reached!
[INFO] [1783918654.862710696, 2326.246000000]: Footprint model 'polygon' loaded for trajectory optimization.
[INFO] [1783918655.745305905, 2327.128000000]: Footprint model 'polygon' loaded for trajectory optimization.
[INFO] [1783918656.298186880, 2327.678000000]: Footprint model 'polygon' loaded for trajectory optimization.
[INFO] [1783918656.899432650, 2328.280000000]: Footprint model 'polygon' loaded for trajectory optimization.
[INFO] [1783918657.495800521, 2328.874000000]: Footprint model 'polygon' loaded for trajectory optimization.
[INFO] [1783918658.095718073, 2329.472000000]: Footprint model 'polygon' loaded for trajectory optimization.
[INFO] [1783918660.498953047, 2331.872000000]: Footprint model 'polygon' loaded for trajectory optimization.
[INFO] [1783918665.903860918, 2337.266000000]: Footprint model 'polygon' loaded for trajectory optimization.
[INFO] [1783918666.191881152, 2337.554000000]: GOAL Reached!
[INFO] [1783918666.675274734, 2338.038000000]: Footprint model 'polygon' loaded for trajectory optimization.
[INFO] [1783918667.549505963, 2338.910000000]: Footprint model 'polygon' loaded for trajectory optimization.
[INFO] [1783918668.193106052, 2339.552000000]: Footprint model 'polygon' loaded for trajectory optimization.
[INFO] [1783918668.797316900, 2340.156000000]: Footprint model 'polygon' loaded for trajectory optimization.
[INFO] [1783918669.406216668, 2340.764000000]: Footprint model 'polygon' loaded for trajectory optimization.
[INFO] [1783918670.056247362, 2341.412000000]: Footprint model 'polygon' loaded for trajectory optimization.
[INFO] [1783918673.384715175, 2344.734000000]: GOAL Reached!
[INFO] [1783918673.531750452, 2344.882000000]: Footprint model 'polygon' loaded for trajectory optimization.
[INFO] [1783918674.602962645, 2345.948000000]: Footprint model 'polygon' loaded for trajectory optimization.
[INFO] [1783918675.460070029, 2346.806000000]: Footprint model 'polygon' loaded for trajectory optimization.
[INFO] [1783918676.012539685, 2347.356000000]: Footprint model 'polygon' loaded for trajectory optimization.
[INFO] [1783918676.663747689, 2348.006000000]: Footprint model 'polygon' loaded for trajectory optimization.
[INFO] [1783918677.261480869, 2348.604000000]: Footprint model 'polygon' loaded for trajectory optimization.
[INFO] [1783918677.862912889, 2349.204000000]: Footprint model 'polygon' loaded for trajectory optimization.
[INFO] [1783918679.604565831, 2350.942000000]: GOAL Reached!
[INFO] [1783918679.747159431, 2351.086000000]: Footprint model 'polygon' loaded for trajectory optimization.
[INFO] [1783918680.609683903, 2351.948000000]: Footprint model 'polygon' loaded for trajectory optimization.
[INFO] [1783918681.210452054, 2352.548000000]: Footprint model 'polygon' loaded for trajectory optimization.
[INFO] [1783918681.761882018, 2353.098000000]: Footprint model 'polygon' loaded for trajectory optimization.
[INFO] [1783918682.363129945, 2353.696000000]: Footprint model 'polygon' loaded for trajectory optimization.
[INFO] [1783918683.013970227, 2354.346000000]: Footprint model 'polygon' loaded for trajectory optimization.
[INFO] [1783918685.853642397, 2357.184000000]: GOAL Reached!
[INFO] [1783918686.010184505, 2357.338000000]: Footprint model 'polygon' loaded for trajectory optimization.
[INFO] [1783918686.882308467, 2358.208000000]: Footprint model 'polygon' loaded for trajectory optimization.
[INFO] [1783918687.519700817, 2358.846000000]: Footprint model 'polygon' loaded for trajectory optimization.
[INFO] [1783918688.142207381, 2359.466000000]: Footprint model 'polygon' loaded for trajectory optimization.
[INFO] [1783918688.721374349, 2360.044000000]: Footprint model 'polygon' loaded for trajectory optimization.
[INFO] [1783918689.327138890, 2360.650000000]: Footprint model 'polygon' loaded for trajectory optimization.
[INFO] [1783918691.773175692, 2363.092000000]: Footprint model 'polygon' loaded for trajectory optimization.
[INFO] [1783918696.014462596, 2367.328000000]: GOAL Reached!
[INFO] [1783918696.159328689, 2367.472000000]: Footprint model 'polygon' loaded for trajectory optimization.
[INFO] [1783918697.038844904, 2368.348000000]: Footprint model 'polygon' loaded for trajectory optimization.
[INFO] [1783918697.586428216, 2368.894000000]: Footprint model 'polygon' loaded for trajectory optimization.
[INFO] [1783918698.195718702, 2369.502000000]: Footprint model 'polygon' loaded for trajectory optimization.
[INFO] [1783918698.842811330, 2370.148000000]: Footprint model 'polygon' loaded for trajectory optimization.
[INFO] [1783918699.388891803, 2370.694000000]: Footprint model 'polygon' loaded for trajectory optimization.
[INFO] [1783918701.843447143, 2373.144000000]: Footprint model 'polygon' loaded for trajectory optimization.
[INFO] [1783918703.775760615, 2375.072000000]: GOAL Reached!
[INFO] [1783918703.925134122, 2375.222000000]: Footprint model 'polygon' loaded for trajectory optimization.
[INFO] [1783918704.793449419, 2376.088000000]: Footprint model 'polygon' loaded for trajectory optimization.
[INFO] [1783918705.335879149, 2376.632000000]: Footprint model 'polygon' loaded for trajectory optimization.
[INFO] [1783918705.993235138, 2377.286000000]: Footprint model 'polygon' loaded for trajectory optimization.
[INFO] [1783918706.586244612, 2377.880000000]: Footprint model 'polygon' loaded for trajectory optimization.
[INFO] [1783918707.140974400, 2378.432000000]: Footprint model 'polygon' loaded for trajectory optimization.
[INFO] [1783918709.543901776, 2380.830000000]: Footprint model 'polygon' loaded for trajectory optimization.
[INFO] [1783918712.835234934, 2384.116000000]: GOAL Reached!
[INFO] [1783918712.982062558, 2384.264000000]: Footprint model 'polygon' loaded for trajectory optimization.
[INFO] [1783918713.869521447, 2385.148000000]: Footprint model 'polygon' loaded for trajectory optimization.
[INFO] [1783918714.412720542, 2385.690000[WARN] [1783918731.406400, 2402.652000]: training environment stop requested: adapter_close
schema_version: '1.0'
task: T12
status: passed
run_id: t12_residual_training_seed102
algorithm: RL-TEB-Eta-FullSafety
training_seed: 102
safety_mode: T12Safety
episode_count: 512
step_count: 2115
failure_count: 1
run_validation:
  valid: true
  run_id: t12_residual_training_seed102
  episode_count: 512
  step_count: 2115
  verified_checksum_count: 4
selected_checkpoint: /home/robot/robot_ws_base_rl/artifacts/t12/residual_training/runs/t12_residual_training_seed102/checkpoints/step_001000
passed: true
acceptance_override: true

[INFO] [1783916324.104602338]: Finished loading Gazebo ROS API Plugin.
[INFO] [1783916324.105317432]: waitForService: Service [/gazebo/set_physics_properties] has not been advertised, waiting...
[INFO] [1783916324.722247589, 0.002000000]: waitForService: Service [/gazebo/set_physics_properties] is now available.
[INFO] [1783916324.771971635, 0.050000000]: Physics dynamic reconfigure ready.
[INFO] [1783916324.958682366, 0.178000000]: <initialOrientationAsReference> is unset, using default value of false to comply with REP 145 (world as orientation reference)
[INFO] [1783916324.958730647, 0.178000000]: <robotNamespace> set to: //
[INFO] [1783916324.958738432, 0.178000000]: <topicName> set to: imu/data
[INFO] [1783916324.958744264, 0.178000000]: <frameName> set to: imu_link
[INFO] [1783916324.958767327, 0.178000000]: <updateRateHZ> set to: 50
[INFO] [1783916324.958777937, 0.178000000]: <gaussianNoise> set to: 0
[INFO] [1783916324.958802287, 0.178000000]: <xyzOffset> set to: 0 0 0
[INFO] [1783916324.958819452, 0.178000000]: <rpyOffset> set to: 0 -0 0
[INFO] [1783916325.078518983, 0.178000000]: Laser Plugin: Using the 'robotNamespace' param: '/'
[INFO] [1783916325.078542669, 0.178000000]: Starting Laser Plugin (ns = /)
[INFO] [1783916325.079474181, 0.178000000]: Laser Plugin (ns = /)  <tf_prefix_>, set to ""
[INFO] [1783916325.185290871, 0.178000000]: M2 simulation-only Ackermann interface loaded; cmd_angle_instead_rotvel=false
000]: Footprint model 'polygon' loaded for trajectory optimization.
[INFO] [1783918715.064139372, 2386.340000000]: Footprint model 'polygon' loaded for trajectory optimization.
[INFO] [1783918715.613668371, 2386.890000000]: Footprint model 'polygon' loaded for trajectory optimization.
[INFO] [1783918716.216006704, 2387.492000000]: Footprint model 'polygon' loaded for trajectory optimization.
[INFO] [1783918718.618415856, 2389.888000000]: Footprint model 'polygon' loaded for trajectory optimization.
[INFO] [1783918721.910158472, 2393.174000000]: GOAL Reached!
[INFO] [1783918722.060503328, 2393.322000000]: Footprint model 'polygon' loaded for trajectory optimization.
[INFO] [1783918722.925297913, 2394.188000000]: Footprint model 'polygon' loaded for trajectory optimization.
[INFO] [1783918723.479867488, 2394.742000000]: Footprint model 'polygon' loaded for trajectory optimization.
[INFO] [1783918724.082690408, 2395.340000000]: Footprint model 'polygon' loaded for trajectory optimization.
[INFO] [1783918724.733661647, 2395.992000000]: Footprint model 'polygon' loaded for trajectory optimization.
[INFO] [1783918725.328809553, 2396.586000000]: Footprint model 'polygon' loaded for trajectory optimization.
[INFO] [1783918725.934901786, 2397.190000000]: Footprint model 'polygon' loaded for trajectory optimization.
[INFO] [1783918729.973729073, 2401.222000000]: GOAL Reached!
[INFO] [1783918730.128303992, 2401.376000000]: Footprint model 'polygon' loaded for trajectory optimization.
[INFO] [1783918731.440630153, 2402.688000000]: Footprint model 'polygon' loaded for trajectory optimization.
[INFO] [1783918731.468043469, 2402.716000000]: Footprint model 'polygon' loaded for trajectory optimization.
[31mWARNING: disk usage in log directory [/home/robot/.ros/log] is over 1GB.
It's recommended that you use the 'rosclean' command.[0m
WARNING: Package name "gazebo_ros_2Dmap_plugin" does not follow the naming conventions. It should start with a lower case letter and only contain lower case letters, digits, underscores, and dashes.
WARNING: Package name "gazebo_ros_2Dmap_plugin" does not follow the naming conventions. It should start with a lower case letter and only contain lower case letters, digits, underscores, and dashes.
[31m================================================================================REQUIRED process [t11_formal_run-6] has died!
process has finished cleanly
log file: /home/robot/.ros/log/eec9b4be-7e71-11f1-91bc-3382cc4c3ed1/t11_formal_run-6*.log
Initiating shutdown!
================================================================================[0m
[1m[spawn_m2-3] process has finished cleanly
log file: /home/robot/.ros/log/eec9b4be-7e71-11f1-91bc-3382cc4c3ed1/spawn_m2-3*.log[0m
[t11_formal_run-6] killing on exit
[move_base-5] killing on exit
[m2_robot_state_publisher-4] killing on exit
[gazebo-2] killing on exit
[rosout-1] killing on exit
[master] killing on exit
shutting down processing monitor...
... shutting down processing monitor complete
[1mdone[0m
