run_id,episode_id,step_id,config_seq,t_observation,t_decision,t_request,t_ack,t_active,t_window_end,planner_cycle_count,valid_feedback_duration,state_valid,invalid_reason,goal_distance_start,goal_distance_end,path_error_mean,path_heading_error_mean,d_obs_min,obstacle_density_mean,ttc_min,linear_velocity_mean,angular_velocity_mean,eta_before_json,action_raw_json,eta_after_json,theta_previous_json,theta_candidate_json,theta_projected_json,theta_safe_json,theta_applied_json,projection_modified,projection_reason,safety_modified,safety_mode,safety_reason,fallback_active,fallback_reason,reward_total,reward_progress,reward_time,reward_near_obstacle,reward_path_error,reward_smoothness,reward_planner_failure,reward_parameter_adjustment,reward_terminal,cost_collision,cost_near_collision,cost_parameter_violation,cost_planner_failure,cost_emergency_or_fallback,inference_latency,parameter_write_latency,parameter_activation_latency,transition_stored,transition_drop_reason
t12p_residual_seed102,t12p_residual_seed102-episode-000001,0,1,2.878,2.276,2.284,2.302,2.328,2.828,0,0.5,true,,5.191820721651336,4.80762990818865,0.11940112197698871,0.3964824923301678,1.2634204048715474,1.0,1.5859958099383769,0.7966101782580605,-0.6638057484387531,,"[0.11522209644317627,0.13829326629638672,0.04294872283935547,-0.15213638544082642,-0.17213553190231323]",,"{""acc_lim_theta"":0.8,""acc_lim_x"":0.8,""inflation_dist"":0.55,""max_vel_theta"":1.0,""max_vel_x"":1.2,""min_obstacle_dist"":0.25,""weight_obstacle"":50.0,""weight_optimaltime"":1.0,""weight_viapoint"":1.0}","{""acc_lim_theta"":0.598296246686916,""acc_lim_x"":0.6076032925553851,""inflation_dist"":0.7247216589155805,""max_vel_theta"":0.75,""max_vel_x"":0.9164704027812942,""min_obstacle_dist"":0.37771839036223903,""weight_obstacle"":75.69710667505501,""weight_optimaltime"":0.7586433291435242,""weight_viapoint"":2.5}","{""acc_lim_theta"":0.7000000000000001,""acc_lim_x"":0.7000000000000001,""inflation_dist"":0.6000000000000001,""max_vel_theta"":0.9,""max_vel_x"":1.0999999999999999,""min_obstacle_dist"":0.3,""weight_obstacle"":60.0,""weight_optimaltime"":0.9,""weight_viapoint"":1.5}","{""acc_lim_theta"":0.7000000000000001,""acc_lim_x"":0.7000000000000001,""inflation_dist"":0.6000000000000001,""max_vel_theta"":0.9,""max_vel_x"":1.0999999999999999,""min_obstacle_dist"":0.3,""weight_obstacle"":60.0,""weight_optimaltime"":0.9,""weight_viapoint"":1.5}","{""acc_lim_theta"":0.7000000000000001,""acc_lim_x"":0.7000000000000001,""inflation_dist"":0.6000000000000001,""max_vel_theta"":0.9,""max_vel_x"":1.0999999999999999,""min_obstacle_dist"":0.3,""weight_obstacle"":60.0,""weight_optimaltime"":0.9,""weight_viapoint"":1.5}",true,max_vel_x:rate_limit|max_vel_theta:rate_limit|acc_lim_x:rate_limit|acc_lim_theta:rate_limit|min_obstacle_dist:rate_limit|inflation_dist:rate_limit|weight_obstacle:rate_limit|weight_viapoint:rate_limit|weight_optimaltime:rate_limit,false,NORMAL,,false,,1.5735435090671277,1.9209540673134295,-0.05,-0.0,-0.002328190345359204,-0.11746332028189499,-0.0,-0.17761904761904765,0.0,0.0,0.0,1.0,0.0,0.0,7.745516995782964,18.000000000000238,44.00000000000004,true,
t12p_residual_seed102,t12p_residual_seed102-episode-000001,1,2,3.428,2.876,2.88,2.904,2.926,3.426,0,0.4500000000000002,true,,4.734359911606699,4.447158452706505,0.0168610971421637,0.6269139835231279,0.8535492700483992,1.0,0.9031054279684307,0.9451269404597534,-0.30992625250553174,,"[0.41787397861480713,0.603283166885376,-0.06878900527954102,-0.3556632399559021,-0.007946610450744629]",,"{""acc_lim_theta"":0.7000000000000001,""acc_lim_x"":0.7000000000000001,""inflation_dist"":0.6000000000000001,""max_vel_theta"":0.9,""max_vel_x"":1.0999999999999999,""min_obstacle_dist"":0.3,""weight_obstacle"":60.0,""weight_optimaltime"":0.9,""weight_viapoint"":1.5}","{""acc_lim_theta"":0.5876706764264812,""acc_lim_x"":0.6184609275172268,""inflation_dist"":0.7253535233715768,""max_vel_theta"":0.75,""max_vel_x"":0.9137570414199641,""min_obstacle_dist"":0.3809881751413816,""weight_obstacle"":75.02552011807697,""weight_optimaltime"":0.779900142965205,""weight_viapoint"":2.5}","{""acc_lim_theta"":0.6000000000000001,""acc_lim_x"":0.6184609275172268,""inflation_dist"":0.6500000000000001,""max_vel_theta"":0.8,""max_vel_x"":0.9999999999999999,""min_obstacle_dist"":0.35,""weight_obstacle"":70.0,""weight_optimaltime"":0.8,""weight_viapoint"":2.0}","{""acc_lim_theta"":0.6000000000000001,""acc_lim_x"":0.6184609275172268,""inflation_dist"":0.6500000000000001,""max_vel_theta"":0.8,""max_vel_x"":0.9999999999999999,""min_obstacle_dist"":0.35,""weight_obstacle"":70.0,""weight_optimaltime"":0.8,""weight_viapoint"":2.0}","{""acc_lim_theta"":0.6000000000000001,""acc_lim_x"":0.6184609275172268,""inflation_dist"":0.6500000000000001,""max_vel_theta"":0.8,""max_vel_x"":0.9999999999999999,""min_obstacle_dist"":0.35,""weight_obstacle"":70.0,""weight_optimaltime"":0.8,""weight_viapoint"":2.0}",true,max_vel_x:rate_limit|max_vel_theta:rate_limit|acc_lim_theta:rate_limit|min_obstacle_dist:rate_limit|inflation_dist:rate_limit|weight_obstacle:rate_limit|weight_viapoint:rate_limit|weight_optimaltime:rate_limit,false,WARNING,margin:warning|safety_mode:WARNING:conservative_filter,false,,1.1604915153748827,1.4360072945009694,-0.04500000000000002,-0.0,-0.004436455093615897,-0.05307550829273018,-0.0,-0.17300381573974094,0.0,0.0,0.0,1.0,0.0,0.0,1.119259002734907,24.00000000000002,46.00000000000026,true,
t12p_residual_seed102,t12p_residual_seed102-episode-000001,2,3,4.03,3.416,3.432,3.45,3.528,4.0280000000000005,0,0.44999999999999973,true,,4.346240234659359,4.07544200516069,0.0411682376292929,0.7362954147834299,0.6282430156669143,1.0,0.722357489707447,0.8697120534063421,-0.025602831272255773,,"[0.4087100028991699,0.7124078273773193,-0.05789756774902344,-0.39481043815612793,-0.28137195110321045]",,"{""acc_lim_theta"":0.6000000000000001,""acc_lim_x"":0.6184609275172268,""inflation_dist"":0.6500000000000001,""max_vel_theta"":0.8,""max_vel_x"":0.9999999999999999,""min_obstacle_dist"":0.35,""weight_obstacle"":70.0,""weight_optimaltime"":0.8,""weight_viapoint"":2.0}","{""acc_lim_theta"":0.5952908492981334,""acc_lim_x"":0.6118526156656177,""inflation_dist"":0.7251694321561486,""max_vel_theta"":0.75,""max_vel_x"":0.9157167388183174,""min_obstacle_dist"":0.3792037793388294,""weight_obstacle"":75.5145386164584,""weight_optimaltime"":0.7701056054947392,""weight_viapoint"":2.5}","{""acc_lim_theta"":0.5952908492981334,""acc_lim_x"":0.6118526156656177,""inflation_dist"":0.7000000000000002,""max_vel_theta"":0.75,""max_vel_x"":0.9157167388183174,""min_obstacle_dist"":0.3792037793388294,""weight_obstacle"":75.5145386164584,""weight_optimaltime"":0.7701056054947392,""weight_viapoint"":2.5}","{""acc_lim_theta"":0.5952908492981334,""acc_lim_x"":0.6118526156656177,""inflation_dist"":0.7000000000000002,""max_vel_theta"":0.75,""max_vel_x"":0.9157167388183174,""min_obstacle_dist"":0.3792037793388294,""weight_obstacle"":75.5145386164584,""weight_optimaltime"":0.7701056054947392,""weight_viapoint"":2.5}","{""acc_lim_theta"":0.5952908492981334,""acc_lim_x"":0.6118526156656177,""inflation_dist"":0.7000000000000002,""max_vel_theta"":0.75,""max_vel_x"":0.9157167388183174,""min_obstacle_dist"":0.3792037793388294,""weight_obstacle"":75.5145386164584,""weight_optimaltime"":0.7701056054947392,""weight_viapoint"":2.5}",true,inflation_dist:rate_limit,false,WARNING,margin:warning|safety_mode:WARNING:conservative_filter,false,,1.2128916604781694,1.3539911474933453,-0.04499999999999998,-0.0,-0.00012885620123736992,-0.009452206156740858,-0.0,-0.08651842465719778,0.0,0.0,0.0,1.0,0.0,0.0,2.4523280007997528,18.000000000000238,96.00000000000009,true,
t12p_residual_seed102,t12p_residual_seed102-episode-000001,3,4,4.63,4.026,4.03,4.052,4.128,4.628,0,0.4500000000000002,true,,3.9989087307722895,3.768418849835113,0.10528533924716209,0.7334508902178497,0.5018625904620457,1.0,0.5683130501595117,0.8830741970841335,0.10919334285586614,,"[0.2822906970977783,0.3416093587875366,0.2946661710739136,-0.38575589656829834,-0.37993383407592773]",,"{""acc_lim_theta"":0.5952908492981334,""acc_lim_x"":0.6118526156656177,""inflation_dist"":0.7000000000000002,""max_vel_theta"":0.75,""max_vel_x"":0.9157167388183174,""min_obstacle_dist"":0.3792037793388294,""weight_obstacle"":75.5145386164584,""weight_optimaltime"":0.7701056054947392,""weight_viapoint"":2.5}","{""acc_lim_theta"":0.5981161616414813,""acc_lim_x"":0.6074074297109298,""inflation_dist"":0.7243102693500358,""max_vel_theta"":0.75,""max_vel_x"":0.9137678500922704,""min_obstacle_dist"":0.37857058249100767,""weight_obstacle"":75.55572363805797,""weight_optimaltime"":0.757711377464823,""weight_viapoint"":2.5}","{""acc_lim_theta"":0.5981161616414813,""acc_lim_x"":0.6074074297109298,""inflation_dist"":0.7243102693500358,""max_vel_theta"":0.75,""max_vel_x"":0.9137678500922704,""min_obstacle_dist"":0.37857058249100767,""weight_obstacle"":75.55572363805797,""weight_optimaltime"":0.757711377464823,""weight_viapoint"":2.5}","{""acc_lim_theta"":0.5981161616414813,""acc_lim_x"":0.6074074297109298,""inflation_dist"":0.7243102693500358,""max_vel_theta"":0.75,""max_vel_x"":0.9137678500922704,""min_obstacle_dist"":0.3792037793388294,""weight_obstacle"":75.55572363805797,""weight_optimaltime"":0.757711377464823,""weight_viapoint"":2.5}","{""acc_lim_theta"":0.5981161616414813,""acc_lim_x"":0.6074074297109298,""inflation_dist"":0.7243102693500358,""max_vel_theta"":0.75,""max_vel_x"":0.9137678500922704,""min_obstacle_dist"":0.3792037793388294,""weight_obstacle"":75.55572363805797,""weight_optimaltime"":0.757711377464823,""weight_viapoint"":2.5}",false,,true,WARNING,margin:warning|safety_mode:WARNING:conservative_filter,false,,1.0836606418229104,1.1524494046858824,-0.04500000000000002,-0.009823689239988545,-0.0017895834215263665,-0.000526043947223995,-0.0,-0.011649446254233184,0.0,0.0,0.0,0.0,0.0,0.0,0.8246649958891794,21.999999999999353,97.99999999999986,true,
t12p_residual_seed102,t12p_residual_seed102-episode-000001,4,5,5.2780000000000005,4.626,4.632,4.65,4.728,5.228,0,0.5,true,,3.7017331313867583,3.4579920004703526,0.04071826650558265,0.5228178859905008,0.48740899183802205,1.0,0.617112749436404,0.87892180822555,0.4775093064813135,,"[-0.05706429481506348,-0.026854872703552246,0.47004902362823486,-0.6890949606895447,-0.4711371660232544]",,"{""acc_lim_theta"":0.5981161616414813,""acc_lim_x"":0.6074074297109298,""inflation_dist"":0.7243102693500358,""max_vel_theta"":0.75,""max_vel_x"":0.9137678500922704,""min_obstacle_dist"":0.3792037793388294,""weight_obstacle"":75.55572363805797,""weight_optimaltime"":0.757711377464823,""weight_viapoint"":2.5}","{""acc_lim_theta"":0.6000660905093295,""acc_lim_x"":0.6051894961038498,""inflation_dist"":0.7241343788697763,""max_vel_theta"":0.75,""max_vel_x"":0.9126212537180949,""min_obstacle_dist"":0.3771358666675928,""weight_obstacle"":75.54216779142762,""weight_optimaltime"":0.7495230632931937,""weight_viapoint"":2.5}","{""acc_lim_theta"":0.6000660905093295,""acc_lim_x"":0.6051894961038498,""inflation_dist"":0.7241343788697763,""max_vel_theta"":0.75,""max_vel_x"":0.9126212537180949,""min_obstacle_dist"":0.3771358666675928,""weight_obstacle"":75.54216779142762,""weight_optimaltime"":0.7495230632931937,""weight_viapoint"":2.5}","{""acc_lim_theta"":0.6000660905093295,""acc_lim_x"":0.6051894961038498,""inflation_dist"":0.7243102693500358,""max_vel_theta"":0.75,""max_vel_x"":0.9126212537180949,""min_obstacle_dist"":0.3792037793388294,""weight_obstacle"":75.55572363805797,""weight_optimaltime"":0.7495230632931937,""weight_viapoint"":2.5}","{""acc_lim_theta"":0.6000660905093295,""acc_lim_x"":0.6051894961038498,""inflation_dist"":0.7243102693500358,""max_vel_theta"":0.75,""max_vel_x"":0.9126212537180949,""min_obstacle_dist"":0.3792037793388294,""weight_obstacle"":75.55572363805797,""weight_optimaltime"":0.7495230632931937,""weight_viapoint"":2.5}",false,,true,WARNING,margin:warning|safety_mode:WARNING:conservative_filter,false,,1.1252581942104336,1.2187056545820285,-0.05,-0.027892961406798172,-0.012619502178892404,-6.426893715036044e-05,-0.0,-0.0028707278487538034,0.0,0.0,0.0,0.0,0.0,0.0,0.8795129979262128,18.000000000000682,96.00000000000009,true,
t12p_residual_seed102,t12p_residual_seed102-episode-000001,5,6,5.828,5.276,5.2780000000000005,5.296,5.326,5.826,0,0.4500000000000002,true,,3.405721547313707,3.1400110919349604,0.2418138125921204,0.23456330691016397,0.48740899183802205,1.0,0.7878455989366823,0.8767385108064151,0.5501480017756435,,"[-0.009303033351898193,0.37061309814453125,0.5571064949035645,-0.5826629400253296,-0.10506463050842285]",,"{""acc_lim_theta"":0.6000660905093295,""acc_lim_x"":0.6051894961038498,""inflation_dist"":0.7243102693500358,""max_vel_theta"":0.75,""max_vel_x"":0.9126212537180949,""min_obstacle_dist"":0.3792037793388294,""weight_obstacle"":75.55572363805797,""weight_optimaltime"":0.7495230632931937,""weight_viapoint"":2.5}","{""acc_lim_theta"":0.5979466649747014,""acc_lim_x"":0.6076105257458724,""inflation_dist"":0.7238859625102496,""max_vel_theta"":0.75,""max_vel_x"":0.9063018191738541,""min_obstacle_dist"":0.37954122619540237,""weight_obstacle"":75.13128641104365,""weight_optimaltime"":0.7571471896241598,""weight_viapoint"":2.5}","{""acc_lim_theta"":0.5979466649747014,""acc_lim_x"":0.6076105257458724,""inflation_dist"":0.7238859625102496,""max_vel_theta"":0.75,""max_vel_x"":0.9063018191738541,""min_obstacle_dist"":0.37954122619540237,""weight_obstacle"":75.13128641104365,""weight_optimaltime"":0.7571471896241598,""weight_viapoint"":2.5}","{""acc_lim_theta"":0.5979466649747014,""acc_lim_x"":0.6076105257458724,""inflation_dist"":0.7243102693500358,""max_vel_theta"":0.75,""max_vel_x"":0.9063018191738541,""min_obstacle_dist"":0.37954122619540237,""weight_obstacle"":75.55572363805797,""weight_optimaltime"":0.7571471896241598,""weight_viapoint"":2.5}","{""acc_lim_theta"":0.5979466649747014,""acc_lim_x"":0.6076105257458724,""inflation_dist"":0.7243102693500358,""max_vel_theta"":0.75,""max_vel_x"":0.9063018191738541,""min_obstacle_dist"":0.37954122619540237,""weight_obstacle"":75.55572363805797,""weight_optimaltime"":0.7571471896241598,""weight_viapoint"":2.5}",false,,true,WARNING,margin:warning|safety_mode:WARNING:conservative_filter,false,,1.2673618804931974,1.328552276893733,-0.04500000000000002,-0.0017743165597044824,-0.010432869545387594,-0.00013505340175169248,-0.0,-0.0038481568936918663,0.0,0.0,0.0,0.0,0.0,0.0,0.8107280009426177,17.999999999999794,47.999999999999154,true,
t12p_residual_seed102,t12p_residual_seed102-episode-000001,6,7,6.43,5.82,5.83,5.85,5.928,6.428,0,0.4500000000000002,true,,3.0506099132751086,2.721465932167448,0.05826508300832961,0.17397667862791558,0.48740899183802205,1.0,0.8456070616271836,0.8569381685478288,0.6869474020198055,,"[0.13824164867401123,0.5225801467895508,0.6672714948654175,-0.3700718879699707,-0.2172122597694397]",,"{""acc_lim_theta"":0.5979466649747014,""acc_lim_x"":0.6076105257458724,""inflation_dist"":0.7243102693500358,""max_vel_theta"":0.75,""max_vel_x"":0.9063018191738541,""min_obstacle_dist"":0.37954122619540237,""weight_obstacle"":75.55572363805797,""weight_optimaltime"":0.7571471896241598,""weight_viapoint"":2.5}","{""acc_lim_theta"":0.598138920635943,""acc_lim_x"":0.6099156327440939,""inflation_dist"":0.7232965054384756,""max_vel_theta"":0.75,""max_vel_x"":0.909840986342952,""min_obstacle_dist"":0.3823914488977326,""weight_obstacle"":75.34651669766161,""weight_optimaltime"":0.7628660146481198,""weight_viapoint"":2.5}","{""acc_lim_theta"":0.598138920635943,""acc_lim_x"":0.6099156327440939,""inflation_dist"":0.7232965054384756,""max_vel_theta"":0.75,""max_vel_x"":0.909840986342952,""min_obstacle_dist"":0.3823914488977326,""weight_obstacle"":75.34651669766161,""weight_optimaltime"":0.7628660146481198,""weight_viapoint"":2.5}","{""acc_lim_theta"":0.598138920635943,""acc_lim_x"":0.6099156327440939,""inflation_dist"":0.7243102693500358,""max_vel_theta"":0.75,""max_vel_x"":0.9063018191738541,""min_obstacle_dist"":0.3823914488977326,""weight_obstacle"":75.55572363805797,""weight_optimaltime"":0.7628660146481198,""weight_viapoint"":2.5}","{""acc_lim_theta"":0.598138920635943,""acc_lim_x"":0.6099156327440939,""inflation_dist"":0.7243102693500358,""max_vel_theta"":0.75,""max_vel_x"":0.9063018191738541,""min_obstacle_dist"":0.3823914488977326,""weight_obstacle"":75.55572363805797,""weight_optimaltime"":0.7628660146481198,""weight_viapoint"":2.5}",false,,true,WARNING,margin:warning|safety_mode:WARNING:conservative_filter,false,,1.5731155247965007,1.6457199055383032,-0.04500000000000002,-0.0,-0.024524946301404404,-0.00017123968980837953,-0.0,-0.002908194750589843,0.0,0.0,0.0,0.0,0.0,0.0,2.199748996645212,19.999999999999574,97.99999999999986,true,
t12p_residual_seed102,t12p_residual_seed102-episode-000001,7,8,7.076,6.426,6.43,6.448,6.526,7.026,0,0.5,true,,2.610542793254446,2.1952733743272494,0.16358451558080866,0.5807127905045372,0.48740899183802205,1.0,0.7295397674341143,0.7726639639619044,0.6149423802339219,,"[0.04151201248168945,0.4396423101425171,0.6460586786270142,-0.28217029571533203,-0.2629430294036865]",,"{""acc_lim_theta"":0.598138920635943,""acc_lim_x"":0.6099156327440939,""inflation_dist"":0.7243102693500358,""max_vel_theta"":0.75,""max_vel_x"":0.9063018191738541,""min_obstacle_dist"":0.3823914488977326,""weight_obstacle"":75.55572363805797,""weight_optimaltime"":0.7628660146481198,""weight_viapoint"":2.5}","{""acc_lim_theta"":0.5999650348227485,""acc_lim_x"":0.6086431671023312,""inflation_dist"":0.7232297376561351,""max_vel_theta"":0.75,""max_vel_x"":0.9100344592739031,""min_obstacle_dist"":0.38227637859695507,""weight_obstacle"":75.45022435342513,""weight_optimaltime"":0.7616176450639562,""weight_viapoint"":2.5}","{""acc_lim_theta"":0.5999650348227485,""acc_lim_x"":0.6086431671023312,""inflation_dist"":0.7232297376561351,""max_vel_theta"":0.75,""max_vel_x"":0.9100344592739031,""min_obstacle_dist"":0.38227637859695507,""weight_obstacle"":75.45022435342513,""weight_optimaltime"":0.7616176450639562,""weight_viapoint"":2.5}","{""acc_lim_theta"":0.5999650348227485,""acc_lim_x"":0.6086431671023312,""inflation_dist"":0.7243102693500358,""max_vel_theta"":0.75,""max_vel_x"":0.9063018191738541,""min_obstacle_dist"":0.3823914488977326,""weight_obstacle"":75.55572363805797,""weight_optimaltime"":0.7616176450639562,""weight_viapoint"":2.5}","{""acc_lim_theta"":0.5999650348227485,""acc_lim_x"":0.6086431671023312,""inflation_dist"":0.7243102693500358,""max_vel_theta"":0.75,""max_vel_x"":0.9063018191738541,""min_obstacle_dist"":0.3823914488977326,""weight_obstacle"":75.55572363805797,""weight_optimaltime"":0.7616176450639562,""weight_viapoint"":2.5}",false,,true,WARNING,margin:warning|safety_mode:WARNING:conservative_filter,false,,2.0121504353067476,2.076347094635982,-0.05,-1.0604489148798227e-05,-0.009845089241137498,-0.003316646724973624,-0.0,-0.0010243188739747556,0.0,0.0,0.0,0.0,0.0,0.0,0.8237689908128232,18.000000000000682,96.00000000000009,true,
t12p_residual_seed102,t12p_residual_seed102-episode-000001,8,9,7.676,7.076,7.078,7.094,7.126,7.626,0,0.5,true,,2.1184477912156794,1.736426882666375,0.0396760429668956,0.8587461279574624,0.48740899183802205,1.0,0.6325759272048129,0.7785048874929595,0.338794640404027,,"[-0.04435288906097412,0.5412794351577759,0.6589608192443848,-0.2682386636734009,-0.37154656648635864]",,"{""acc_lim_theta"":0.5999650348227485,""acc_lim_x"":0.6086431671023312,""inflation_dist"":0.7243102693500358,""max_vel_theta"":0.75,""max_vel_x"":0.9063018191738541,""min_obstacle_dist"":0.3823914488977326,""weight_obstacle"":75.55572363805797,""weight_optimaltime"":0.7616176450639562,""weight_viapoint"":2.5}","{""acc_lim_theta"":0.6016108280565786,""acc_lim_x"":0.6077715060905595,""inflation_dist"":0.7234422217753955,""max_vel_theta"":0.75,""max_vel_x"":0.9103360914312824,""min_obstacle_dist"":0.38189191242292175,""weight_obstacle"":75.54885919265203,""weight_optimaltime"":0.7623401522888085,""weight_viapoint"":2.5}","{""acc_lim_theta"":0.6016108280565786,""acc_lim_x"":0.6077715060905595,""inflation_dist"":0.7234422217753955,""max_vel_theta"":0.75,""max_vel_x"":0.9103360914312824,""min_obstacle_dist"":0.38189191242292175,""weight_obstacle"":75.54885919265203,""weight_optimaltime"":0.7623401522888085,""weight_viapoint"":2.5}","{""acc_lim_theta"":0.6016108280565786,""acc_lim_x"":0.6077715060905595,""inflation_dist"":0.7243102693500358,""max_vel_theta"":0.75,""max_vel_x"":0.9063018191738541,""min_obstacle_dist"":0.3823914488977326,""weight_obstacle"":75.55572363805797,""weight_optimaltime"":0.7623401522888085,""weight_viapoint"":2.5}","{""acc_lim_theta"":0.6016108280565786,""acc_lim_x"":0.6077715060905595,""inflation_dist"":0.7243102693500358,""max_vel_theta"":0.75,""max_vel_x"":0.9063018191738541,""min_obstacle_dist"":0.3823914488977326,""weight_obstacle"":75.55572363805797,""weight_optimaltime"":0.7623401522888085,""weight_viapoint"":2.5}",false,,true,WARNING,margin:warning|safety_mode:WARNING:conservative_filter,false,,1.7825586647851568,1.9101045427465224,-0.05,-0.0171449278587935,-0.0032868309287464627,-0.056340254167454897,-0.0,-0.0007738650063708941,0.0,0.0,0.0,0.0,0.0,0.0,1.9997549970867112,16.000000000000014,48.00000000000004,true,
t12p_residual_seed102,t12p_residual_seed102-episode-000001,9,10,8.226,7.676,7.678,7.696,7.726,8.225999999999999,0,0.4500000000000002,true,,1.6600269306825335,1.3908338878815187,0.12059104428885249,0.9666006084787907,0.48410168428835243,1.0,0.7321213044671624,0.7107428818456307,0.0721909242140548,,"[-0.058975160121917725,0.6686099767684937,0.6524326801300049,-0.10155123472213745,-0.397235631942749]",,"{""acc_lim_theta"":0.6016108280565786,""acc_lim_x"":0.6077715060905595,""inflation_dist"":0.7243102693500358,""max_vel_theta"":0.75,""max_vel_x"":0.9063018191738541,""min_obstacle_dist"":0.3823914488977326,""weight_obstacle"":75.55572363805797,""weight_optimaltime"":0.7623401522888085,""weight_viapoint"":2.5}","{""acc_lim_theta"":0.6024871384474988,""acc_lim_x"":0.6062562916369953,""inflation_dist"":0.7236626489199749,""max_vel_theta"":0.75,""max_vel_x"":0.9080829265494634,""min_obstacle_dist"":0.3815225002151309,""weight_obstacle"":75.50881461600352,""weight_optimaltime"":0.7632170804997724,""weight_viapoint"":2.5}","{""acc_lim_theta"":0.6024871384474988,""acc_lim_x"":0.6062562916369953,""inflation_dist"":0.7236626489199749,""max_vel_theta"":0.75,""max_vel_x"":0.9080829265494634,""min_obstacle_dist"":0.3815225002151309,""weight_obstacle"":75.50881461600352,""weight_optimaltime"":0.7632170804997724,""weight_viapoint"":2.5}","{""acc_lim_theta"":0.6024871384474988,""acc_lim_x"":0.6062562916369953,""inflation_dist"":0.7243102693500358,""max_vel_theta"":0.75,""max_vel_x"":0.9063018191738541,""min_obstacle_dist"":0.3823914488977326,""weight_obstacle"":75.55572363805797,""weight_optimaltime"":0.7632170804997724,""weight_viapoint"":2.5}","{""acc_lim_theta"":0.6024871384474988,""acc_lim_x"":0.6062562916369953,""inflation_dist"":0.7243102693500358,""max_vel_theta"":0.75,""max_vel_x"":0.9063018191738541,""min_obstacle_dist"":0.3823914488977326,""weight_obstacle"":75.55572363805797,""weight_optimaltime"":0.7632170804997724,""weight_viapoint"":2.5}",false,,true,WARNING,margin:warning|safety_mode:WARNING:conservative_filter,false,,1.2250693656933658,1.3459652140050737,-0.04500000000000002,-0.02619747939693669,-0.0027150365694759643,-0.04621006549198172,-0.0,-0.0007732668533138809,0.0,0.0,0.0,0.0,0.0,0.0,0.8782489894656464,17.999999999999794,48.00000000000004,true,
t12p_residual_seed102,t12p_residual_seed102-episode-000001,10,11,8.876,8.216,8.228,8.25,8.326,8.826,0,0.5,true,,1.288918278482671,0.9166478992373671,0.19299166449191893,0.7607644997334391,0.48410168428835243,1.0,0.6882921939215781,0.8775370265600849,-0.6397628842442917,,"[-0.1189337968826294,0.6868467330932617,0.6219736337661743,-0.14725011587142944,-0.4948842525482178]",,"{""acc_lim_theta"":0.6024871384474988,""acc_lim_x"":0.6062562916369953,""inflation_dist"":0.7243102693500358,""max_vel_theta"":0.75,""max_vel_x"":0.9063018191738541,""min_obstacle_dist"":0.3823914488977326,""weight_obstacle"":75.55572363805797,""weight_optimaltime"":0.7632170804997724,""weight_viapoint"":2.5}","{""acc_lim_theta"":0.6038758242326885,""acc_lim_x"":0.6074325437699017,""inflation_dist"":0.723524456269668,""max_vel_theta"":0.75,""max_vel_x"":0.9115129506824169,""min_obstacle_dist"":0.38245778344245807,""weight_obstacle"":75.73364404918406,""weight_optimaltime"":0.765714222693789,""weight_viapoint"":2.5}","{""acc_lim_theta"":0.6038758242326885,""acc_lim_x"":0.6074325437699017,""inflation_dist"":0.723524456269668,""max_vel_theta"":0.75,""max_vel_x"":0.9115129506824169,""min_obstacle_dist"":0.38245778344245807,""weight_obstacle"":75.73364404918406,""weight_optimaltime"":0.765714222693789,""weight_viapoint"":2.5}","{""acc_lim_theta"":0.6038758242326885,""acc_lim_x"":0.6074325437699017,""inflation_dist"":0.7243102693500358,""max_vel_theta"":0.75,""max_vel_x"":0.9063018191738541,""min_obstacle_dist"":0.38245778344245807,""weight_obstacle"":75.73364404918406,""weight_optimaltime"":0.765714222693789,""weight_viapoint"":2.5}","{""acc_lim_theta"":0.6038758242326885,""acc_lim_x"":0.6074325437699017,""inflation_dist"":0.7243102693500358,""max_vel_theta"":0.75,""max_vel_x"":0.9063018191738541,""min_obstacle_dist"":0.38245778344245807,""weight_obstacle"":75.73364404918406,""weight_optimaltime"":0.765714222693789,""weight_viapoint"":2.5}",false,,true,WARNING,margin:warning|safety_mode:WARNING:conservative_filter,false,,1.7764844527536712,1.8613518962265192,-0.05,-0.005865708986934377,-0.010295442288843128,-0.017183254638601136,-0.0,-0.0015230375584697146,0.0,0.0,0.0,0.0,0.0,0.0,1.3616609940072522,22.00000000000024,98.00000000000075,true,
t12p_residual_seed102,t12p_residual_seed102-episode-000001,11,12,11.034,8.876,8.876,8.896,8.924,9.424,0,0.5,true,,0.8347678029572462,0.43784742867902576,0.048497682810379764,0.07984385268054017,0.48410168428835243,1.0,26.672706762788245,0.0,0.0,,"[-0.1367654800415039,0.5979020595550537,0.6890137195587158,-0.37069469690322876,-0.5279671549797058]",,"{""acc_lim_theta"":0.6038758242326885,""acc_lim_x"":0.6074325437699017,""inflation_dist"":0.7243102693500358,""max_vel_theta"":0.75,""max_vel_x"":0.9063018191738541,""min_obstacle_dist"":0.38245778344245807,""weight_obstacle"":75.73364404918406,""weight_optimaltime"":0.765714222693789,""weight_viapoint"":2.5}","{""acc_lim_theta"":0.6028356679941264,""acc_lim_x"":0.6082611437604922,""inflation_dist"":0.7234632692584123,""max_vel_theta"":0.75,""max_vel_x"":0.913271464021515,""min_obstacle_dist"":0.38195744167007656,""weight_obstacle"":75.73583165960298,""weight_optimaltime"":0.7628603537600431,""weight_viapoint"":2.5}","{""acc_lim_theta"":0.6028356679941264,""acc_lim_x"":0.6082611437604922,""inflation_dist"":0.7234632692584123,""max_vel_theta"":0.75,""max_vel_x"":0.913271464021515,""min_obstacle_dist"":0.38195744167007656,""weight_obstacle"":75.73583165960298,""weight_optimaltime"":0.7628603537600431,""weight_viapoint"":2.5}","{""acc_lim_theta"":0.6028356679941264,""acc_lim_x"":0.6082611437604922,""inflation_dist"":0.7243102693500358,""max_vel_theta"":0.75,""max_vel_x"":0.9063018191738541,""min_obstacle_dist"":0.38245778344245807,""weight_obstacle"":75.73583165960298,""weight_optimaltime"":0.7628603537600431,""weight_viapoint"":2.5}","{""acc_lim_theta"":0.6028356679941264,""acc_lim_x"":0.6082611437604922,""inflation_dist"":0.7243102693500358,""max_vel_theta"":0.75,""max_vel_x"":0.9063018191738541,""min_obstacle_dist"":0.38245778344245807,""weight_obstacle"":75.73583165960298,""weight_optimaltime"":0.7628603537600431,""weight_viapoint"":2.5}",false,,true,WARNING,margin:warning|safety_mode:WARNING:conservative_filter,false,,11.917112004883519,1.984601871391102,-0.05,-5.447012241786527e-05,-0.014139408859940703,-0.0022536494603491537,-0.0,-0.0010423380648751507,10.0,0.0,0.0,0.0,0.0,0.0,0.8485569996992126,20.00000000000135,48.00000000000004,true,
t12p_residual_seed102,t12p_residual_seed102-episode-000002,0,1,12.524000000000001,11.975999999999999,11.978,11.996,12.022,12.522,0,0.45000000000000107,true,,5.778935114674474,5.414935655331446,0.08226682423095963,0.2699772654851763,1.5246126238083737,0.0,1.4286086284788366,1.0672010468197723,0.45518434005824315,,"[0.18168139457702637,0.1657874584197998,-0.02979433536529541,-0.3012501001358032,-0.2151026725769043]",,"{""acc_lim_theta"":0.8,""acc_lim_x"":0.8,""inflation_dist"":0.55,""max_vel_theta"":1.0,""max_vel_x"":1.2,""min_obstacle_dist"":0.25,""weight_obstacle"":50.0,""weight_optimaltime"":1.0,""weight_viapoint"":1.0}","{""acc_lim_theta"":0.5952334926273681,""acc_lim_x"":0.6115830590371492,""inflation_dist"":0.7251930904359171,""max_vel_theta"":0.75,""max_vel_x"":0.924028864185592,""min_obstacle_dist"":0.3768920359316519,""weight_obstacle"":75.87111305387332,""weight_optimaltime"":0.7603617161512375,""weight_viapoint"":2.5}","{""acc_lim_theta"":0.7000000000000001,""acc_lim_x"":0.7000000000000001,""inflation_dist"":0.6000000000000001,""max_vel_theta"":0.9,""max_vel_x"":1.0999999999999999,""min_obstacle_dist"":0.3,""weight_obstacle"":60.0,""weight_optimaltime"":0.9,""weight_viapoint"":1.5}","{""acc_lim_theta"":0.7000000000000001,""acc_lim_x"":0.7000000000000001,""inflation_dist"":0.6000000000000001,""max_vel_theta"":0.9,""max_vel_x"":1.0999999999999999,""min_obstacle_dist"":0.3,""weight_obstacle"":60.0,""weight_optimaltime"":0.9,""weight_viapoint"":1.5}","{""acc_lim_theta"":0.7000000000000001,""acc_lim_x"":0.7000000000000001,""inflation_dist"":0.6000000000000001,""max_vel_theta"":0.9,""max_vel_x"":1.0999999999999999,""min_obstacle_dist"":0.3,""weight_obstacle"":60.0,""weight_optimaltime"":0.9,""weight_viapoint"":1.5}",true,max_vel_x:rate_limit|max_vel_theta:rate_limit|acc_lim_x:rate_limit|acc_lim_theta:rate_limit|min_obstacle_dist:rate_limit|inflation_dist:rate_limit|weight_obstacle:rate_limit|weight_viapoint:rate_limit|weight_optimaltime:rate_limit,false,NORMAL,,false,,1.4335251632945802,1.8199972967151412,-0.04500000000000011,-0.0,-0.0006768728178817936,-0.1631762129836315,-0.0,-0.17761904761904765,0.0,0.0,0.0,1.0,0.0,0.0,1.3931309949839488,18.000000000000682,44.00000000000048,true,
t12p_residual_seed102,t12p_residual_seed102-episode-000002,1,2,13.174,12.516,12.526,12.542,12.624,13.124,0,0.5,true,,5.2529558422809774,4.817827467102875,0.04479060403108351,0.4494548458681566,0.8858354982715835,0.9571428571428572,0.9181592446909898,0.9647950542280005,0.19768804052467917,,"[0.28515052795410156,0.6045390367507935,-0.02556324005126953,-0.1412506103515625,-0.261238694190979]",,"{""acc_lim_theta"":0.7000000000000001,""acc_lim_x"":0.7000000000000001,""inflation_dist"":0.6000000000000001,""max_vel_theta"":0.9,""max_vel_x"":1.0999999999999999,""min_obstacle_dist"":0.3,""weight_obstacle"":60.0,""weight_optimaltime"":0.9,""weight_viapoint"":1.5}","{""acc_lim_theta"":0.5972154437420445,""acc_lim_x"":0.6124742725085555,""inflation_dist"":0.7251183385470041,""max_vel_theta"":0.75,""max_vel_x"":0.9178404379886247,""min_obstacle_dist"":0.38092608783629545,""weight_obstacle"":75.75570012293468,""weight_optimaltime"":0.7769890526298271,""weight_viapoint"":2.5}","{""acc_lim_theta"":0.6000000000000001,""acc_lim_x"":0.6124742725085555,""inflation_dist"":0.6500000000000001,""max_vel_theta"":0.8,""max_vel_x"":0.9999999999999999,""min_obstacle_dist"":0.35,""weight_obstacle"":70.0,""weight_optimaltime"":0.8,""weight_viapoint"":2.0}","{""acc_lim_theta"":0.6000000000000001,""acc_lim_x"":0.6124742725085555,""inflation_dist"":0.6500000000000001,""max_vel_theta"":0.8,""max_vel_x"":0.9999999999999999,""min_obstacle_dist"":0.35,""weight_obstacle"":70.0,""weight_optimaltime"":0.8,""weight_viapoint"":2.0}","{""acc_lim_theta"":0.6000000000000001,""acc_lim_x"":0.6124742725085555,""inflation_dist"":0.6500000000000001,""max_vel_theta"":0.8,""max_vel_x"":0.9999999999999999,""min_obstacle_dist"":0.35,""weight_obstacle"":70.0,""weight_optimaltime"":0.8,""weight_viapoint"":2.0}",true,max_vel_x:rate_limit|max_vel_theta:rate_limit|acc_lim_theta:rate_limit|min_obstacle_dist:rate_limit|inflation_dist:rate_limit|weight_obstacle:rate_limit|weight_viapoint:rate_limit|weight_optimaltime:rate_limit,false,WARNING,margin:warning|safety_mode:WARNING:conservative_filter,false,,1.939266317194235,2.1756418758905127,-0.05,-0.0,-0.002171380022784249,-0.009703699181585033,-0.0,-0.17450047949190878,0.0,0.0,0.0,1.0,0.0,0.0,0.7790820091031492,16.000000000000014,98.00000000000075,true,
t12p_residual_seed102,t12p_residual_seed102-episode-000002,2,3,13.724,13.164,13.176,13.192,13.222,13.722,0,0.4499999999999993,true,,4.735520956913612,4.423060847862604,0.1245662286901505,0.5248868851998698,0.6948524088763484,0.9761904761904762,0.7917783861934599,0.8775844617543918,0.04404053520926008,,"[-0.014041781425476074,0.8068732023239136,-0.06199616193771362,0.1625196933746338,-0.35284745693206787]",,"{""acc_lim_theta"":0.6000000000000001,""acc_lim_x"":0.6124742725085555,""inflation_dist"":0.6500000000000001,""max_vel_theta"":0.8,""max_vel_x"":0.9999999999999999,""min_obstacle_dist"":0.35,""weight_obstacle"":70.0,""weight_optimaltime"":0.8,""weight_viapoint"":2.0}","{""acc_lim_theta"":0.6045673501709243,""acc_lim_x"":0.6051152255055621,""inflation_dist"":0.7251844505186852,""max_vel_theta"":0.75,""max_vel_x"":0.9079398699381365,""min_obstacle_dist"":0.3798681911916835,""weight_obstacle"":75.65599982397038,""weight_optimaltime"":0.7731511903127226,""weight_viapoint"":2.5}","{""acc_lim_theta"":0.6045673501709243,""acc_lim_x"":0.6051152255055621,""inflation_dist"":0.7000000000000002,""max_vel_theta"":0.75,""max_vel_x"":0.9079398699381365,""min_obstacle_dist"":0.3798681911916835,""weight_obstacle"":75.65599982397038,""weight_optimaltime"":0.7731511903127226,""weight_viapoint"":2.5}","{""acc_lim_theta"":0.6045673501709243,""acc_lim_x"":0.6051152255055621,""inflation_dist"":0.7000000000000002,""max_vel_theta"":0.75,""max_vel_x"":0.9079398699381365,""min_obstacle_dist"":0.3798681911916835,""weight_obstacle"":75.65599982397038,""weight_optimaltime"":0.7731511903127226,""weight_viapoint"":2.5}","{""acc_lim_theta"":0.6045673501709243,""acc_lim_x"":0.6051152255055621,""inflation_dist"":0.7000000000000002,""max_vel_theta"":0.75,""max_vel_x"":0.9079398699381365,""min_obstacle_dist"":0.3798681911916835,""weight_obstacle"":75.65599982397038,""weight_optimaltime"":0.7731511903127226,""weight_viapoint"":2.5}",true,inflation_dist:rate_limit,false,WARNING,margin:warning|safety_mode:WARNING:conservative_filter,false,,1.418446836940523,1.5623005452550398,-0.04499999999999993,-0.0,-0.0029141494741851083,-0.008033185522091207,-0.0,-0.08790637331824061,0.0,0.0,0.0,1.0,0.0,0.0,1.0930330026894808,16.000000000000014,45.999999999999375,true,
t12p_residual_seed102,t12p_residual_seed102-episode-000002,3,4,14.372,13.722,13.725999999999999,13.746,13.822,14.322,0,0.5,true,,4.314569815680905,3.981100511033045,0.22968738723612442,0.448492950269643,0.5565574690171747,1.0,0.6343728791663467,0.8874070680854761,-0.3081410251926112,,"[0.3399960994720459,0.7325726747512817,0.23475897312164307,-0.281551718711853,-0.22795915603637695]",,"{""acc_lim_theta"":0.6045673501709243,""acc_lim_x"":0.6051152255055621,""inflation_dist"":0.7000000000000002,""max_vel_theta"":0.75,""max_vel_x"":0.9079398699381365,""min_obstacle_dist"":0.3798681911916835,""weight_obstacle"":75.65599982397038,""weight_optimaltime"":0.7731511903127226,""weight_viapoint"":2.5}","{""acc_lim_theta"":0.596803377825991,""acc_lim_x"":0.6101934832711368,""inflation_dist"":0.7243976860679288,""max_vel_theta"":0.75,""max_vel_x"":0.9108629791022871,""min_obstacle_dist"":0.3807490505306751,""weight_obstacle"":75.36547645394724,""weight_optimaltime"":0.7681261003182499,""weight_viapoint"":2.5}","{""acc_lim_theta"":0.596803377825991,""acc_lim_x"":0.6101934832711368,""inflation_dist"":0.7243976860679288,""max_vel_theta"":0.75,""max_vel_x"":0.9108629791022871,""min_obstacle_dist"":0.3807490505306751,""weight_obstacle"":75.36547645394724,""weight_optimaltime"":0.7681261003182499,""weight_viapoint"":2.5}","{""acc_lim_theta"":0.596803377825991,""acc_lim_x"":0.6101934832711368,""inflation_dist"":0.7243976860679288,""max_vel_theta"":0.75,""max_vel_x"":0.9079398699381365,""min_obstacle_dist"":0.3807490505306751,""weight_obstacle"":75.65599982397038,""weight_optimaltime"":0.7681261003182499,""weight_viapoint"":2.5}","{""acc_lim_theta"":0.596803377825991,""acc_lim_x"":0.6101934832711368,""inflation_dist"":0.7243976860679288,""max_vel_theta"":0.75,""max_vel_x"":0.9079398699381365,""min_obstacle_dist"":0.3807490505306751,""weight_obstacle"":75.65599982397038,""weight_optimaltime"":0.7681261003182499,""weight_viapoint"":2.5}",false,,true,WARNING,margin:warning|safety_mode:WARNING:conservative_filter,false,,1.591852715707875,1.6673465232392992,-0.05,-0.0011002554307132676,-0.012617209484842365,-0.00023765590577070497,-0.0,-0.011538686710097765,0.0,0.0,0.0,0.0,0.0,0.0,1.2010810023639351,20.00000000000135,96.00000000000009,true,
t12p_residual_seed102,t12p_residual_seed102-episode-000002,4,5,14.974,14.356,14.378,14.396,14.424,14.924,0,0.5,true,,3.913201248206618,3.5611067348700196,0.08019883411930571,0.2205636644440957,0.5354297949409736,1.0,0.6371569222248179,0.8749003899640319,-0.34890984160025296,,"[0.12046217918395996,0.6147340536117554,0.45665109157562256,-0.675382137298584,-0.4072158932685852]",,"{""acc_lim_theta"":0.596803377825991,""acc_lim_x"":0.6101934832711368,""inflation_dist"":0.7243976860679288,""max_vel_theta"":0.75,""max_vel_x"":0.9079398699381365,""min_obstacle_dist"":0.3807490505306751,""weight_obstacle"":75.65599982397038,""weight_optimaltime"":0.7681261003182499,""weight_viapoint"":2.5}","{""acc_lim_theta"":0.5983564174042253,""acc_lim_x"":0.6101313711368901,""inflation_dist"":0.7240613013933163,""max_vel_theta"":0.75,""max_vel_x"":0.913849959000339,""min_obstacle_dist"":0.3802501276119702,""weight_obstacle"":75.52307991827543,""weight_optimaltime"":0.7621865816097277,""weight_viapoint"":2.5}","{""acc_lim_theta"":0.5983564174042253,""acc_lim_x"":0.6101313711368901,""inflation_dist"":0.7240613013933163,""max_vel_theta"":0.75,""max_vel_x"":0.913849959000339,""min_obstacle_dist"":0.3802501276119702,""weight_obstacle"":75.52307991827543,""weight_optimaltime"":0.7621865816097277,""weight_viapoint"":2.5}","{""acc_lim_theta"":0.5983564174042253,""acc_lim_x"":0.6101313711368901,""inflation_dist"":0.7243976860679288,""max_vel_theta"":0.75,""max_vel_x"":0.9079398699381365,""min_obstacle_dist"":0.3807490505306751,""weight_obstacle"":75.65599982397038,""weight_optimaltime"":0.7621865816097277,""weight_viapoint"":2.5}","{""acc_lim_theta"":0.5983564174042253,""acc_lim_x"":0.6101313711368901,""inflation_dist"":0.7243976860679288,""max_vel_theta"":0.75,""max_vel_x"":0.9079398699381365,""min_obstacle_dist"":0.3807490505306751,""weight_obstacle"":75.65599982397038,""weight_optimaltime"":0.7621865816097277,""weight_viapoint"":2.5}",false,,true,WARNING,margin:warning|safety_mode:WARNING:conservative_filter,false,,1.6633049104220714,1.7604725666829912,-0.05,-0.009364482690935096,-0.036145745756610954,-6.57361435489963e-05,-0.0,-0.0015916916698246687,0.0,0.0,0.0,0.0,0.0,0.0,6.248398989555426,18.000000000000682,45.999999999999375,true,
t12p_residual_seed102,t12p_residual_seed102-episode-000002,5,6,15.572,14.956,14.975999999999999,14.996,15.022,15.522,0,0.5,true,,3.486759370659075,3.102784154873441,0.1914120543006367,0.05063859374064924,0.5354297949409736,1.0,0.6980156021615097,0.8748538258452719,-0.29863381157918995,,"[0.3417259454727173,0.4330751895904541,0.5975229740142822,-0.48819828033447266,-0.4949803352355957]",,"{""acc_lim_theta"":0.5983564174042253,""acc_lim_x"":0.6101313711368901,""inflation_dist"":0.7243976860679288,""max_vel_theta"":0.75,""max_vel_x"":0.9079398699381365,""min_obstacle_dist"":0.3807490505306751,""weight_obstacle"":75.65599982397038,""weight_optimaltime"":0.7621865816097277,""weight_viapoint"":2.5}","{""acc_lim_theta"":0.598108721234831,""acc_lim_x"":0.6088023239410469,""inflation_dist"":0.7237663326264384,""max_vel_theta"":0.75,""max_vel_x"":0.9155469409943235,""min_obstacle_dist"":0.38019247378371573,""weight_obstacle"":75.63860611227778,""weight_optimaltime"":0.7586230267153558,""weight_viapoint"":2.5}","{""acc_lim_theta"":0.598108721234831,""acc_lim_x"":0.6088023239410469,""inflation_dist"":0.7237663326264384,""max_vel_theta"":0.75,""max_vel_x"":0.9155469409943235,""min_obstacle_dist"":0.38019247378371573,""weight_obstacle"":75.63860611227778,""weight_optimaltime"":0.7586230267153558,""weight_viapoint"":2.5}","{""acc_lim_theta"":0.598108721234831,""acc_lim_x"":0.6088023239410469,""inflation_dist"":0.7243976860679288,""max_vel_theta"":0.75,""max_vel_x"":0.9079398699381365,""min_obstacle_dist"":0.3807490505306751,""weight_obstacle"":75.65599982397038,""weight_optimaltime"":0.7586230267153558,""weight_viapoint"":2.5}","{""acc_lim_theta"":0.598108721234831,""acc_lim_x"":0.6088023239410469,""inflation_dist"":0.7243976860679288,""max_vel_theta"":0.75,""max_vel_x"":0.9079398699381365,""min_obstacle_dist"":0.3807490505306751,""weight_obstacle"":75.65599982397038,""weight_optimaltime"":0.7586230267153558,""weight_viapoint"":2.5}",false,,true,WARNING,margin:warning|safety_mode:WARNING:conservative_filter,false,,1.8579240019357364,1.919876078928171,-0.05,-0.000894140979719038,-0.009919921682644967,-3.111750988708252e-05,-0.0,-0.001106896820183745,0.0,0.0,0.0,0.0,0.0,0.0,1.3679389958269894,20.00000000000135,46.00000000000115,true,
t12p_residual_seed102,t12p_residual_seed102-episode-000002,6,7,16.172,15.556000000000001,15.572,15.594,15.622,16.122,0,0.5,true,,3.0244826475309123,2.6199538050966944,0.08170349511159283,0.19935314242202415,0.5354297949409736,1.0,0.6692218055483075,0.8739551619345248,-0.5624961519589629,,"[0.3810967206954956,0.3760714530944824,0.27251672744750977,-0.663099467754364,-0.4237872362136841]",,"{""acc_lim_theta"":0.598108721234831,""acc_lim_x"":0.6088023239410469,""inflation_dist"":0.7243976860679288,""max_vel_theta"":0.75,""max_vel_x"":0.9079398699381365,""min_obstacle_dist"":0.3807490505306751,""weight_obstacle"":75.65599982397038,""weight_optimaltime"":0.7586230267153558,""weight_viapoint"":2.5}","{""acc_lim_theta"":0.5961500176663499,""acc_lim_x"":0.6098613133611951,""inflation_dist"":0.7243836103174961,""max_vel_theta"":0.75,""max_vel_x"":0.917272533224425,""min_obstacle_dist"":0.3784938820872348,""weight_obstacle"":75.59897917351321,""weight_optimaltime"":0.7582032419308593,""weight_viapoint"":2.5}","{""acc_lim_theta"":0.5961500176663499,""acc_lim_x"":0.6098613133611951,""inflation_dist"":0.7243836103174961,""max_vel_theta"":0.75,""max_vel_x"":0.917272533224425,""min_obstacle_dist"":0.3784938820872348,""weight_obstacle"":75.59897917351321,""weight_optimaltime"":0.7582032419308593,""weight_viapoint"":2.5}","{""acc_lim_theta"":0.5961500176663499,""acc_lim_x"":0.6098613133611951,""inflation_dist"":0.7243976860679288,""max_vel_theta"":0.75,""max_vel_x"":0.9079398699381365,""min_obstacle_dist"":0.3807490505306751,""weight_obstacle"":75.65599982397038,""weight_optimaltime"":0.7582032419308593,""weight_viapoint"":2.5}","{""acc_lim_theta"":0.5961500176663499,""acc_lim_x"":0.6098613133611951,""inflation_dist"":0.7243976860679288,""max_vel_theta"":0.75,""max_vel_x"":0.9079398699381365,""min_obstacle_dist"":0.3807490505306751,""weight_obstacle"":75.65599982397038,""weight_optimaltime"":0.7582032419308593,""weight_viapoint"":2.5}",false,,true,WARNING,margin:warning|safety_mode:WARNING:conservative_filter,false,,1.9535138640457894,2.0226442121710897,-0.05,-8.256026895438212e-07,-0.018268019797708607,-2.312252084566727e-05,-0.0,-0.0008383802040566158,0.0,0.0,0.0,0.0,0.0,0.0,0.7710539939580485,22.00000000000024,50.00000000000071,true,
t12p_residual_seed102,t12p_residual_seed102-episode-000002,7,8,16.772,16.156,16.174,16.192,16.222,16.722,0,0.5,true,,2.5360122008276162,2.1052562188904624,0.1476528859715639,0.49922533710300165,0.5354297949409736,1.0,0.6431605524609604,0.8683276383616167,-0.3851518332445065,,"[0.29432904720306396,0.18333852291107178,0.04201555252075195,-0.658416748046875,-0.4799742102622986]",,"{""acc_lim_theta"":0.5961500176663499,""acc_lim_x"":0.6098613133611951,""inflation_dist"":0.7243976860679288,""max_vel_theta"":0.75,""max_vel_x"":0.9079398699381365,""min_obstacle_dist"":0.3807490505306751,""weight_obstacle"":75.65599982397038,""weight_optimaltime"":0.7582032419308593,""weight_viapoint"":2.5}","{""acc_lim_theta"":0.5974210035409092,""acc_lim_x"":0.6072639143078808,""inflation_dist"":0.7249088876542813,""max_vel_theta"":0.75,""max_vel_x"":0.9170994277694402,""min_obstacle_dist"":0.37612191706879083,""weight_obstacle"":75.6504092450825,""weight_optimaltime"":0.7538341917915345,""weight_viapoint"":2.5}","{""acc_lim_theta"":0.5974210035409092,""acc_lim_x"":0.6072639143078808,""inflation_dist"":0.7249088876542813,""max_vel_theta"":0.75,""max_vel_x"":0.9170994277694402,""min_obstacle_dist"":0.37612191706879083,""weight_obstacle"":75.6504092450825,""weight_optimaltime"":0.7538341917915345,""weight_viapoint"":2.5}","{""acc_lim_theta"":0.5974210035409092,""acc_lim_x"":0.6072639143078808,""inflation_dist"":0.7249088876542813,""max_vel_theta"":0.75,""max_vel_x"":0.9079398699381365,""min_obstacle_dist"":0.3807490505306751,""weight_obstacle"":75.65599982397038,""weight_optimaltime"":0.7538341917915345,""weight_viapoint"":2.5}","{""acc_lim_theta"":0.5974210035409092,""acc_lim_x"":0.6072639143078808,""inflation_dist"":0.7249088876542813,""max_vel_theta"":0.75,""max_vel_x"":0.9079398699381365,""min_obstacle_dist"":0.3807490505306751,""weight_obstacle"":75.65599982397038,""weight_optimaltime"":0.7538341917915345,""weight_viapoint"":2.5}",false,,true,WARNING,margin:warning|safety_mode:WARNING:conservative_filter,false,,2.0901444368113764,2.153779909685769,-0.05,-0.002763193826440475,-0.008877587178497492,-7.728013520465024e-06,-0.0,-0.0019869638559340667,0.0,0.0,0.0,0.0,0.0,0.0,1.2125940120313317,18.000000000000682,48.00000000000182,true,
t12p_residual_seed102,t12p_residual_seed102-episode-000002,8,9,17.372,16.768,16.774,16.792,16.822,17.322,0,0.5,true,,2.0184356047705125,1.58824184535735,0.033062148473293924,0.6533910626876663,0.5354297949409736,1.0,0.7394796941573634,0.8690486533690257,-0.10082227182672507,,"[0.2953205108642578,0.3008742332458496,0.05567526817321777,-0.4741823673248291,-0.489778995513916]",,"{""acc_lim_theta"":0.5974210035409092,""acc_lim_x"":0.6072639143078808,""inflation_dist"":0.7249088876542813,""max_vel_theta"":0.75,""max_vel_x"":0.9079398699381365,""min_obstacle_dist"":0.3807490505306751,""weight_obstacle"":75.65599982397038,""weight_optimaltime"":0.7538341917915345,""weight_viapoint"":2.5}","{""acc_lim_theta"":0.5984917040796411,""acc_lim_x"":0.6064066546868385,""inflation_dist"":0.7248839677316081,""max_vel_theta"":0.75,""max_vel_x"":0.9151887836236261,""min_obstacle_dist"":0.3766976724182728,""weight_obstacle"":75.63784958242206,""weight_optimaltime"":0.7560472011898647,""weight_viapoint"":2.5}","{""acc_lim_theta"":0.5984917040796411,""acc_lim_x"":0.6064066546868385,""inflation_dist"":0.7248839677316081,""max_vel_theta"":0.75,""max_vel_x"":0.9151887836236261,""min_obstacle_dist"":0.3766976724182728,""weight_obstacle"":75.63784958242206,""weight_optimaltime"":0.7560472011898647,""weight_viapoint"":2.5}","{""acc_lim_theta"":0.5984917040796411,""acc_lim_x"":0.6064066546868385,""inflation_dist"":0.7249088876542813,""max_vel_theta"":0.75,""max_vel_x"":0.9079398699381365,""min_obstacle_dist"":0.3807490505306751,""weight_obstacle"":75.65599982397038,""weight_optimaltime"":0.7560472011898647,""weight_viapoint"":2.5}","{""acc_lim_theta"":0.5984917040796411,""acc_lim_x"":0.6064066546868385,""inflation_dist"":0.7249088876542813,""max_vel_theta"":0.75,""max_vel_x"":0.9079398699381365,""min_obstacle_dist"":0.3807490505306751,""weight_obstacle"":75.65599982397038,""weight_optimaltime"":0.7560472011898647,""weight_viapoint"":2.5}",false,,true,WARNING,margin:warning|safety_mode:WARNING:conservative_filter,false,,2.097844927945731,2.150968797065813,-0.05,-0.0005092612113677921,-0.0016770487648292618,-1.296722427520021e-05,-0.0,-0.000924591919609591,0.0,0.0,0.0,0.0,0.0,0.0,0.883449989487417,18.000000000000682,47.999999999998266,true,
t12p_residual_seed102,t12p_residual_seed102-episode-000002,9,10,17.922,17.356,17.374,17.39,17.42,17.92,0,0.4499999999999993,true,,1.502554117725951,1.1276452930703365,0.10395811754158618,0.6465472879833606,0.5354297949409736,0.9868421052631579,0.9147375541510439,0.8787798777544525,0.11445369523282622,,"[0.38428306579589844,-0.041259169578552246,-0.09644341468811035,-0.5757932662963867,-0.4216665029525757]",,"{""acc_lim_theta"":0.5984917040796411,""acc_lim_x"":0.6064066546868385,""inflation_dist"":0.7249088876542813,""max_vel_theta"":0.75,""max_vel_x"":0.9079398699381365,""min_obstacle_dist"":0.3807490505306751,""weight_obstacle"":75.65599982397038,""weight_optimaltime"":0.7560472011898647,""weight_viapoint"":2.5}","{""acc_lim_theta"":0.5963750938633243,""acc_lim_x"":0.6056705185477711,""inflation_dist"":0.72523109784573,""max_vel_theta"":0.75,""max_vel_x"":0.9174873971910378,""min_obstacle_dist"":0.3741801742191442,""weight_obstacle"":75.63138473083326,""weight_optimaltime"":0.7490465525593395,""weight_viapoint"":2.5}","{""acc_lim_theta"":0.5963750938633243,""acc_lim_x"":0.6056705185477711,""inflation_dist"":0.72523109784573,""max_vel_theta"":0.75,""max_vel_x"":0.9174873971910378,""min_obstacle_dist"":0.3741801742191442,""weight_obstacle"":75.63138473083326,""weight_optimaltime"":0.7490465525593395,""weight_viapoint"":2.5}","{""acc_lim_theta"":0.5963750938633243,""acc_lim_x"":0.6056705185477711,""inflation_dist"":0.72523109784573,""max_vel_theta"":0.75,""max_vel_x"":0.9079398699381365,""min_obstacle_dist"":0.3807490505306751,""weight_obstacle"":75.65599982397038,""weight_optimaltime"":0.7490465525593395,""weight_viapoint"":2.5}","{""acc_lim_theta"":0.5963750938633243,""acc_lim_x"":0.6056705185477711,""inflation_dist"":0.72523109784573,""max_vel_theta"":0.75,""max_vel_x"":0.9079398699381365,""min_obstacle_dist"":0.3807490505306751,""weight_obstacle"":75.65599982397038,""weight_optimaltime"":0.7490465525593395,""weight_viapoint"":2.5}",false,,true,WARNING,margin:warning|safety_mode:WARNING:conservative_filter,false,,1.8250218015550899,1.8745441232780724,-0.04499999999999993,-0.0,-0.002260838238058921,-5.6107115272843744e-05,-0.0,-0.0022053763696507356,0.0,0.0,0.0,0.0,0.0,0.0,1.085238007362932,16.00000000000179,46.00000000000293,true,
t12p_residual_seed102,t12p_residual_seed102-episode-000002,10,11,20.03,17.916,17.924,17.942,18.02,18.52,0,0.5,true,,0.9900054649426406,0.5666603672460233,0.008011608335202905,0.0072955345547231374,0.5354297949409736,0.0,35.167253432598336,0.0,0.0,,"[0.32503485679626465,0.06322634220123291,-0.0038176774978637695,-0.5495511889457703,-0.30863940715789795]",,"{""acc_lim_theta"":0.5963750938633243,""acc_lim_x"":0.6056705185477711,""inflation_dist"":0.72523109784573,""max_vel_theta"":0.75,""max_vel_x"":0.9079398699381365,""min_obstacle_dist"":0.3807490505306751,""weight_obstacle"":75.65599982397038,""weight_optimaltime"":0.7490465525593395,""weight_viapoint"":2.5}","{""acc_lim_theta"":0.5953241036949083,""acc_lim_x"":0.6077260158951087,""inflation_dist"":0.725011315996718,""max_vel_theta"":0.75,""max_vel_x"":0.9176535469736462,""min_obstacle_dist"":0.3753880494290437,""weight_obstacle"":75.57167158367237,""weight_optimaltime"":0.7518073596757211,""weight_viapoint"":2.5}","{""acc_lim_theta"":0.5953241036949083,""acc_lim_x"":0.6077260158951087,""inflation_dist"":0.725011315996718,""max_vel_theta"":0.75,""max_vel_x"":0.9176535469736462,""min_obstacle_dist"":0.3753880494290437,""weight_obstacle"":75.57167158367237,""weight_optimaltime"":0.7518073596757211,""weight_viapoint"":2.5}","{""acc_lim_theta"":0.5953241036949083,""acc_lim_x"":0.6077260158951087,""inflation_dist"":0.72523109784573,""max_vel_theta"":0.75,""max_vel_x"":0.9079398699381365,""min_obstacle_dist"":0.3807490505306751,""weight_obstacle"":75.65599982397038,""weight_optimaltime"":0.7518073596757211,""weight_viapoint"":2.5}","{""acc_lim_theta"":0.5953241036949083,""acc_lim_x"":0.6077260158951087,""inflation_dist"":0.72523109784573,""max_vel_theta"":0.75,""max_vel_x"":0.9079398699381365,""min_obstacle_dist"":0.3807490505306751,""weight_obstacle"":75.65599982397038,""weight_optimaltime"":0.7518073596757211,""weight_viapoint"":2.5}",false,,true,WARNING,margin:warning|safety_mode:WARNING:conservative_filter,false,,12.060160884308292,2.1167254884830866,-0.05,-0.0,-0.0029616646042355996,-0.0022741562683445227,-0.0,-0.00132878330221472,10.0,0.0,0.0,0.0,0.0,0.0,1.5526490024058148,18.000000000000682,96.00000000000009,true,
t12p_residual_seed102,t12p_residual_seed102-episode-000003,0,1,21.58,20.976,20.978,21.0,21.03,21.53,0,0.5,true,,4.979128865844196,4.470987682180521,0.002072505684738833,0.0010203394859639497,0.3130177265789465,0.9,0.308596659893091,1.0656880688406976,0.0019588228912421858,,"[0.5023282766342163,-0.20427179336547852,-0.7852413654327393,-0.19331222772598267,0.97163987159729]",,"{""acc_lim_theta"":0.8,""acc_lim_x"":0.8,""inflation_dist"":0.55,""max_vel_theta"":1.0,""max_vel_x"":1.2,""min_obstacle_dist"":0.25,""weight_obstacle"":50.0,""weight_optimaltime"":1.0,""weight_viapoint"":1.0}","{""acc_lim_theta"":0.593038386000052,""acc_lim_x"":0.599841398201687,""inflation_dist"":0.7260177947968469,""max_vel_theta"":0.75,""max_vel_x"":0.8910554442144805,""min_obstacle_dist"":0.3717694327267002,""weight_obstacle"":74.2130193775165,""weight_optimaltime"":0.7474466025829315,""weight_viapoint"":2.5}","{""acc_lim_theta"":0.7000000000000001,""acc_lim_x"":0.7000000000000001,""inflation_dist"":0.6000000000000001,""max_vel_theta"":0.9,""max_vel_x"":1.0999999999999999,""min_obstacle_dist"":0.3,""weight_obstacle"":60.0,""weight_optimaltime"":0.9,""weight_viapoint"":1.5}","{""acc_lim_theta"":0.7000000000000001,""acc_lim_x"":0.7000000000000001,""inflation_dist"":0.6000000000000001,""max_vel_theta"":0.9,""max_vel_x"":1.0999999999999999,""min_obstacle_dist"":0.3,""weight_obstacle"":60.0,""weight_optimaltime"":0.9,""weight_viapoint"":1.5}","{""acc_lim_theta"":0.7000000000000001,""acc_lim_x"":0.7000000000000001,""inflation_dist"":0.6000000000000001,""max_vel_theta"":0.9,""max_vel_x"":1.0999999999999999,""min_obstacle_dist"":0.3,""weight_obstacle"":60.0,""weight_optimaltime"":0.9,""weight_viapoint"":1.5}",true,max_vel_x:rate_limit|max_vel_theta:rate_limit|acc_lim_x:rate_limit|acc_lim_theta:rate_limit|min_obstacle_dist:rate_limit|inflation_dist:rate_limit|weight_obstacle:rate_limit|weight_viapoint:rate_limit|weight_optimaltime:rate_limit,false,WARNING,margin:warning|safety_mode:WARNING:conservative_filter,false,,1.9839900194467843,2.5407059183183733,-0.05,-0.2144504844225469,-2.7147884218112374e-05,-0.11461921894577681,-0.0,-0.17761904761904765,0.0,0.0,0.0,1.0,0.0,0.0,1.5585920045850798,21.999999999998465,51.9999999999996,true,
t12p_residual_seed102,t12p_residual_seed102-episode-000003,1,2,22.134,21.576,21.582,21.598,21.632,22.132,0,0.4499999999999993,true,,4.364419436912618,3.9069409463665434,0.0498642864609608,0.0004224483988262282,0.30481850353181084,0.912751677852349,0.31906766164438954,0.9999999999999999,0.00978760110518521,,"[0.33507418632507324,0.24331068992614746,-0.8167747855186462,-0.3354753255844116,0.9504854679107666]",,"{""acc_lim_theta"":0.7000000000000001,""acc_lim_x"":0.7000000000000001,""inflation_dist"":0.6000000000000001,""max_vel_theta"":0.9,""max_vel_x"":1.0999999999999999,""min_obstacle_dist"":0.3,""weight_obstacle"":60.0,""weight_optimaltime"":0.9,""weight_viapoint"":1.5}","{""acc_lim_theta"":0.5935023884254453,""acc_lim_x"":0.6018061731651264,""inflation_dist"":0.7260586670079952,""max_vel_theta"":0.75,""max_vel_x"":0.8913500215150054,""min_obstacle_dist"":0.37295550047324605,""weight_obstacle"":74.23015340656175,""weight_optimaltime"":0.7530413836240768,""weight_viapoint"":2.5}","{""acc_lim_theta"":0.6000000000000001,""acc_lim_x"":0.6018061731651264,""inflation_dist"":0.6500000000000001,""max_vel_theta"":0.8,""max_vel_x"":0.9999999999999999,""min_obstacle_dist"":0.35,""weight_obstacle"":70.0,""weight_optimaltime"":0.8,""weight_viapoint"":2.0}","{""acc_lim_theta"":0.6000000000000001,""acc_lim_x"":0.6018061731651264,""inflation_dist"":0.6500000000000001,""max_vel_theta"":0.8,""max_vel_x"":0.9999999999999999,""min_obstacle_dist"":0.35,""weight_obstacle"":70.0,""weight_optimaltime"":0.8,""weight_viapoint"":2.0}","{""acc_lim_theta"":0.6000000000000001,""acc_lim_x"":0.6018061731651264,""inflation_dist"":0.6500000000000001,""max_vel_theta"":0.8,""max_vel_x"":0.9999999999999999,""min_obstacle_dist"":0.35,""weight_obstacle"":70.0,""weight_optimaltime"":0.8,""weight_viapoint"":2.0}",true,max_vel_x:rate_limit|max_vel_theta:rate_limit|acc_lim_theta:rate_limit|min_obstacle_dist:rate_limit|inflation_dist:rate_limit|weight_obstacle:rate_limit|weight_viapoint:rate_limit|weight_optimaltime:rate_limit,false,WARNING,margin:warning|safety_mode:WARNING:conservative_filter,false,,1.856503078734733,2.2873924527303724,-0.04499999999999993,-0.20058346284415787,-0.00031839015454740373,-0.00782001666916801,-0.0,-0.17716750432776604,0.0,0.0,0.0,1.0,0.0,0.0,0.7663819997105747,15.999999999998238,50.00000000000071,true,
t12p_residual_seed102,t12p_residual_seed102-episode-000003,2,3,22.79,22.116,22.138,22.156,22.24,22.74,0,0.5,true,,3.7474634445054256,3.297581786423396,0.049579467471156026,0.00221289890897102,0.30481850353181084,0.9027552674230146,0.3646585940777957,0.8843618553778282,-0.010302385966743323,,"[0.3447692394256592,-0.018944144248962402,-0.8391076326370239,-0.2520648241043091,0.9190232753753662]",,"{""acc_lim_theta"":0.6000000000000001,""acc_lim_x"":0.6018061731651264,""inflation_dist"":0.6500000000000001,""max_vel_theta"":0.8,""max_vel_x"":0.9999999999999999,""min_obstacle_dist"":0.35,""weight_obstacle"":70.0,""weight_optimaltime"":0.8,""weight_viapoint"":2.0}","{""acc_lim_theta"":0.5938390768120195,""acc_lim_x"":0.600408569075482,""inflation_dist"":0.7260876138472683,""max_vel_theta"":0.75,""max_vel_x"":0.8913655955948707,""min_obstacle_dist"":0.37212329344014977,""weight_obstacle"":74.25563623882296,""weight_optimaltime"":0.749763198196888,""weight_viapoint"":2.5}","{""acc_lim_theta"":0.5938390768120195,""acc_lim_x"":0.600408569075482,""inflation_dist"":0.7000000000000002,""max_vel_theta"":0.75,""max_vel_x"":0.8999999999999999,""min_obstacle_dist"":0.37212329344014977,""weight_obstacle"":74.25563623882296,""weight_optimaltime"":0.749763198196888,""weight_viapoint"":2.5}","{""acc_lim_theta"":0.5938390768120195,""acc_lim_x"":0.600408569075482,""inflation_dist"":0.7000000000000002,""max_vel_theta"":0.75,""max_vel_x"":0.8999999999999999,""min_obstacle_dist"":0.37212329344014977,""weight_obstacle"":74.25563623882296,""weight_optimaltime"":0.749763198196888,""weight_viapoint"":2.5}","{""acc_lim_theta"":0.5938390768120195,""acc_lim_x"":0.600408569075482,""inflation_dist"":0.7000000000000002,""max_vel_theta"":0.75,""max_vel_x"":0.8999999999999999,""min_obstacle_dist"":0.37212329344014977,""weight_obstacle"":74.25563623882296,""weight_optimaltime"":0.749763198196888,""weight_viapoint"":2.5}",true,max_vel_x:rate_limit|inflation_dist:rate_limit,false,WARNING,margin:warning|safety_mode:WARNING:conservative_filter,false,,1.889196357302022,2.2494082904101487,-0.05,-0.21305372081467422,-0.0012524158471510945,-0.008989166793519255,-0.0,-0.08691662965278213,0.0,0.0,0.0,1.0,0.0,0.0,2.531346006435342,17.99999999999713,101.99999999999676,true,
t12p_residual_seed102,t12p_residual_seed102-episode-000003,3,4,23.396,22.776,22.792,22.81,22.846,23.346,0,0.5,true,,3.209146797054186,2.772661133768561,0.04877134865260766,0.002951177890859475,0.30481850353181084,0.889776357827476,0.3570855996461878,0.8917140970230304,0.01845340805987963,,"[0.4067317247390747,-0.14217853546142578,-0.7611480951309204,-0.284340500831604,0.9232755899429321]",,"{""acc_lim_theta"":0.5938390768120195,""acc_lim_x"":0.600408569075482,""inflation_dist"":0.7000000000000002,""max_vel_theta"":0.75,""max_vel_x"":0.8999999999999999,""min_obstacle_dist"":0.37212329344014977,""weight_obstacle"":74.25563623882296,""weight_optimaltime"":0.749763198196888,""weight_viapoint"":2.5}","{""acc_lim_theta"":0.5934193268926804,""acc_lim_x"":0.6003345447954692,""inflation_dist"":0.7259865661756462,""max_vel_theta"":0.75,""max_vel_x"":0.8917140970230304,""min_obstacle_dist"":0.372029717189498,""weight_obstacle"":74.25219207266305,""weight_optimaltime"":0.7482227683067322,""weight_viapoint"":2.5}","{""acc_lim_theta"":0.5934193268926804,""acc_lim_x"":0.6003345447954692,""inflation_dist"":0.7259865661756462,""max_vel_theta"":0.7430950808525254,""max_vel_x"":0.8917140970230304,""min_obstacle_dist"":0.372029717189498,""weight_obstacle"":74.25219207266305,""weight_optimaltime"":0.7482227683067322,""weight_viapoint"":2.5}","{""acc_lim_theta"":0.5934193268926804,""acc_lim_x"":0.6003345447954692,""inflation_dist"":0.7259865661756462,""max_vel_theta"":0.7430950808525254,""max_vel_x"":0.8917140970230304,""min_obstacle_dist"":0.37212329344014977,""weight_obstacle"":74.25563623882296,""weight_optimaltime"":0.7482227683067322,""weight_viapoint"":2.5}","{""acc_lim_theta"":0.5934193268926804,""acc_lim_x"":0.6003345447954692,""inflation_dist"":0.7259865661756462,""max_vel_theta"":0.7430950808525254,""max_vel_x"":0.8917140970230304,""min_obstacle_dist"":0.37212329344014977,""weight_obstacle"":74.25563623882296,""weight_optimaltime"":0.7482227683067322,""weight_viapoint"":2.5}",true,max_vel_theta:ackermann_turning_radius,true,WARNING,margin:warning|safety_mode:WARNING:conservative_filter,false,,1.8971601106747118,2.1824283164281244,-0.05,-0.21144410700717442,-0.0012093822985441028,-0.0119964860677935,-0.0,-0.01061823037990069,0.0,0.0,0.0,1.0,0.0,0.0,0.9857969998847693,17.99999999999713,53.999999999998494,true,
t12p_residual_seed102,t12p_residual_seed102-episode-000003,4,5,23.992,23.396,23.398,23.422,23.442,23.942,0,0.5,true,,2.6834922387560445,2.2467769333470073,0.04719982390527068,0.001188301365365187,0.30481850353181084,0.8855325914149443,0.37464608217359296,0.8691785836532177,-0.006772181709076059,,"[-0.03995746374130249,-0.10682541131973267,-0.8078379034996033,-0.5527569055557251,0.9061069488525391]",,"{""acc_lim_theta"":0.5934193268926804,""acc_lim_x"":0.6003345447954692,""inflation_dist"":0.7259865661756462,""max_vel_theta"":0.7430950808525254,""max_vel_x"":0.8917140970230304,""min_obstacle_dist"":0.37212329344014977,""weight_obstacle"":74.25563623882296,""weight_optimaltime"":0.7482227683067322,""weight_viapoint"":2.5}","{""acc_lim_theta"":0.5948438824711564,""acc_lim_x"":0.6006965436347743,""inflation_dist"":0.7260470834205538,""max_vel_theta"":0.75,""max_vel_x"":0.8914787493487605,""min_obstacle_dist"":0.37197475424556004,""weight_obstacle"":74.26609782956689,""weight_optimaltime"":0.7486646823585034,""weight_viapoint"":2.5}","{""acc_lim_theta"":0.5948438824711564,""acc_lim_x"":0.6006965436347743,""inflation_dist"":0.7260470834205538,""max_vel_theta"":0.7428989577906338,""max_vel_x"":0.8914787493487605,""min_obstacle_dist"":0.37197475424556004,""weight_obstacle"":74.26609782956689,""weight_optimaltime"":0.7486646823585034,""weight_viapoint"":2.5}","{""acc_lim_theta"":0.5948438824711564,""acc_lim_x"":0.6006965436347743,""inflation_dist"":0.7260470834205538,""max_vel_theta"":0.7428989577906338,""max_vel_x"":0.8914787493487605,""min_obstacle_dist"":0.37212329344014977,""weight_obstacle"":74.26609782956689,""weight_optimaltime"":0.7486646823585034,""weight_viapoint"":2.5}","{""acc_lim_theta"":0.5948438824711564,""acc_lim_x"":0.6006965436347743,""inflation_dist"":0.7260470834205538,""max_vel_theta"":0.7428989577906338,""max_vel_x"":0.8914787493487605,""min_obstacle_dist"":0.37212329344014977,""weight_obstacle"":74.26609782956689,""weight_optimaltime"":0.7486646823585034,""weight_viapoint"":2.5}",true,max_vel_theta:ackermann_turning_radius,true,WARNING,margin:warning|safety_mode:WARNING:conservative_filter,false,,1.9166735546166807,2.1835765270451857,-0.05,-0.2143481254140053,-0.0011548185670774134,-0.0007483439849762336,-0.0,-0.0006516844624461971,0.0,0.0,0.0,1.0,0.0,0.0,0.98436999542173,24.00000000000091,44.00000000000048,true,
t12p_residual_seed102,t12p_residual_seed102-episode-000003,5,6,24.588,23.976,23.994,24.01,24.038,24.538,0,0.5,true,,2.1598610037664554,1.72065508686936,0.04673343357472566,0.0008997319189575381,0.30481850353181084,0.8825396825396825,0.3687628301162345,0.8671346192303742,-0.0020861082382626493,,"[-0.12303280830383301,0.09626483917236328,-0.6971217393875122,-0.4829390048980713,0.9215993881225586]",,"{""acc_lim_theta"":0.5948438824711564,""acc_lim_x"":0.6006965436347743,""inflation_dist"":0.7260470834205538,""max_vel_theta"":0.7428989577906338,""max_vel_x"":0.8914787493487605,""min_obstacle_dist"":0.37212329344014977,""weight_obstacle"":74.26609782956689,""weight_optimaltime"":0.7486646823585034,""weight_viapoint"":2.5}","{""acc_lim_theta"":0.595403365199493,""acc_lim_x"":0.6011695272694199,""inflation_dist"":0.7259035780721084,""max_vel_theta"":0.75,""max_vel_x"":0.8906235210670093,""min_obstacle_dist"":0.3729334034635179,""weight_obstacle"":74.2535497138947,""weight_optimaltime"":0.7512033104896545,""weight_viapoint"":2.5}","{""acc_lim_theta"":0.595403365199493,""acc_lim_x"":0.6011695272694199,""inflation_dist"":0.7259035780721084,""max_vel_theta"":0.742186267555841,""max_vel_x"":0.8906235210670093,""min_obstacle_dist"":0.3729334034635179,""weight_obstacle"":74.2535497138947,""weight_optimaltime"":0.7512033104896545,""weight_viapoint"":2.5}","{""acc_lim_theta"":0.595403365199493,""acc_lim_x"":0.6011695272694199,""inflation_dist"":0.7260470834205538,""max_vel_theta"":0.742186267555841,""max_vel_x"":0.8906235210670093,""min_obstacle_dist"":0.3729334034635179,""weight_obstacle"":74.26609782956689,""weight_optimaltime"":0.7512033104896545,""weight_viapoint"":2.5}","{""acc_lim_theta"":0.595403365199493,""acc_lim_x"":0.6011695272694199,""inflation_dist"":0.7260470834205538,""max_vel_theta"":0.742186267555841,""max_vel_x"":0.8906235210670093,""min_obstacle_dist"":0.3729334034635179,""weight_obstacle"":74.26609782956689,""weight_optimaltime"":0.7512033104896545,""weight_viapoint"":2.5}",true,max_vel_theta:ackermann_turning_radius,true,WARNING,margin:warning|safety_mode:WARNING:conservative_filter,false,,1.9226986577103382,2.196029584485477,-0.05,-0.2189518523437267,-0.0011238849504509446,-0.0018802271607213845,-0.0,-0.0013749623202400883,0.0,0.0,0.0,1.0,0.0,0.0,1.3888300018152222,16.00000000000179,44.00000000000048,true,
t12p_residual_seed102,t12p_residual_seed102-episode-000003,6,7,25.19,24.576,24.59,24.61,24.64,25.14,0,0.5,true,,1.6339434681305833,1.2005356554473212,0.047494036706157795,0.0007288025605436745,0.30481850353181084,0.8926282051282052,0.3682167799364219,0.8726176343963251,0.0036486345103556883,,"[-0.19730639457702637,0.17548871040344238,-0.7384960055351257,-0.37266647815704346,0.8900229930877686]",,"{""acc_lim_theta"":0.595403365199493,""acc_lim_x"":0.6011695272694199,""inflation_dist"":0.7260470834205538,""max_vel_theta"":0.742186267555841,""max_vel_x"":0.8906235210670093,""min_obstacle_dist"":0.3729334034635179,""weight_obstacle"":74.26609782956689,""weight_optimaltime"":0.7512033104896545,""weight_viapoint"":2.5}","{""acc_lim_theta"":0.5962340504788537,""acc_lim_x"":0.6007570472058883,""inflation_dist"":0.7259572055485279,""max_vel_theta"":0.75,""max_vel_x"":0.8901801233775279,""min_obstacle_dist"":0.37302296702923576,""weight_obstacle"":74.27912504457706,""weight_optimaltime"":0.752193608880043,""weight_viapoint"":2.5}","{""acc_lim_theta"":0.5962340504788537,""acc_lim_x"":0.6007570472058883,""inflation_dist"":0.7259572055485279,""max_vel_theta"":0.7418167694812733,""max_vel_x"":0.8901801233775279,""min_obstacle_dist"":0.37302296702923576,""weight_obstacle"":74.27912504457706,""weight_optimaltime"":0.752193608880043,""weight_viapoint"":2.5}","{""acc_lim_theta"":0.5962340504788537,""acc_lim_x"":0.6007570472058883,""inflation_dist"":0.7260470834205538,""max_vel_theta"":0.7418167694812733,""max_vel_x"":0.8901801233775279,""min_obstacle_dist"":0.37302296702923576,""weight_obstacle"":74.27912504457706,""weight_optimaltime"":0.752193608880043,""weight_viapoint"":2.5}","{""acc_lim_theta"":0.5962340504788537,""acc_lim_x"":0.6007570472058883,""inflation_dist"":0.7260470834205538,""max_vel_theta"":0.7418167694812733,""max_vel_x"":0.8901801233775279,""min_obstacle_dist"":0.37302296702923576,""weight_obstacle"":74.27912504457706,""weight_optimaltime"":0.752193608880043,""weight_viapoint"":2.5}",true,max_vel_theta:ackermann_turning_radius,true,WARNING,margin:warning|safety_mode:WARNING:conservative_filter,false,,1.8956555285804224,2.1670390634163104,-0.05,-0.21721997627522172,-0.0011247266054142525,-0.0023203018553169946,-0.0,-0.0007185300999353704,0.0,0.0,0.0,1.0,0.0,0.0,1.1591550137382,19.999999999999574,50.00000000000071,true,
t12p_residual_seed102,t12p_residual_seed102-episode-000003,7,8,25.792,25.176,25.192,25.208,25.242,25.742,0,0.5,true,,1.1132780211798756,0.6722925666454685,0.04796659112392269,0.0014348791181350259,0.30481850353181084,0.9071661237785016,0.3729635402335926,0.8577672530478734,-0.00575231151273051,,"[-0.30448365211486816,0.15740573406219482,-0.7014960050582886,-0.25794005393981934,0.9097877740859985]",,"{""acc_lim_theta"":0.5962340504788537,""acc_lim_x"":0.6007570472058883,""inflation_dist"":0.7260470834205538,""max_vel_theta"":0.7418167694812733,""max_vel_x"":0.8901801233775279,""min_obstacle_dist"":0.37302296702923576,""weight_obstacle"":74.27912504457706,""weight_optimaltime"":0.752193608880043,""weight_viapoint"":2.5}","{""acc_lim_theta"":0.5970328640591293,""acc_lim_x"":0.6000115958597306,""inflation_dist"":0.7259092477999599,""max_vel_theta"":0.75,""max_vel_x"":0.888959366678609,""min_obstacle_dist"":0.37309519891530946,""weight_obstacle"":74.26311654172747,""weight_optimaltime"":0.7519675716757774,""weight_viapoint"":2.5}","{""acc_lim_theta"":0.5970328640591293,""acc_lim_x"":0.6000115958597306,""inflation_dist"":0.7259092477999599,""max_vel_theta"":0.7407994722321741,""max_vel_x"":0.888959366678609,""min_obstacle_dist"":0.37309519891530946,""weight_obstacle"":74.26311654172747,""weight_optimaltime"":0.7519675716757774,""weight_viapoint"":2.5}","{""acc_lim_theta"":0.5970328640591293,""acc_lim_x"":0.6000115958597306,""inflation_dist"":0.7260470834205538,""max_vel_theta"":0.7407994722321741,""max_vel_x"":0.888959366678609,""min_obstacle_dist"":0.37309519891530946,""weight_obstacle"":74.27912504457706,""weight_optimaltime"":0.7519675716757774,""weight_viapoint"":2.5}","{""acc_lim_theta"":0.5970328640591293,""acc_lim_x"":0.6000115958597306,""inflation_dist"":0.7260470834205538,""max_vel_theta"":0.7407994722321741,""max_vel_x"":0.888959366678609,""min_obstacle_dist"":0.37309519891530946,""weight_obstacle"":74.27912504457706,""weight_optimaltime"":0.7519675716757774,""weight_viapoint"":2.5}",true,max_vel_theta:ackermann_turning_radius,true,WARNING,margin:warning|safety_mode:WARNING:conservative_filter,false,,1.9357905006544835,2.2049272726720353,-0.05,-0.21681980736014128,-0.0011499295323595573,-0.0002999497985205382,-0.0,-0.0008670853265305664,0.0,0.0,0.0,1.0,0.0,0.0,0.7893230067566037,15.999999999998238,50.00000000000071,true,
t12p_residual_seed102,t12p_residual_seed102-episode-000003,8,9,29.39,25.776,25.794,25.812,25.84,26.34,0,0.5,true,,0.5865276541238987,0.14693617213182072,0.43669774832049807,0.11633089270397184,0.30481850353181084,0.5974025974025974,0.8293295076221721,0.6714709932914625,-0.13721989559492204,,"[-0.23670494556427002,-0.1056826114654541,-0.6872172951698303,-0.4550516605377197,0.919144868850708]",,"{""acc_lim_theta"":0.5970328640591293,""acc_lim_x"":0.6000115958597306,""inflation_dist"":0.7260470834205538,""max_vel_theta"":0.7407994722321741,""max_vel_x"":0.888959366678609,""min_obstacle_dist"":0.37309519891530946,""weight_obstacle"":74.27912504457706,""weight_optimaltime"":0.7519675716757774,""weight_viapoint"":2.5}","{""acc_lim_theta"":0.5960551887451658,""acc_lim_x"":0.6000546043022533,""inflation_dist"":0.7258907403737469,""max_vel_theta"":0.75,""max_vel_x"":0.8900715620512472,""min_obstacle_dist"":0.37238371457709907,""weight_obstacle"":74.25553775407391,""weight_optimaltime"":0.7486789673566818,""weight_viapoint"":2.5}","{""acc_lim_theta"":0.5960551887451658,""acc_lim_x"":0.6000546043022533,""inflation_dist"":0.7258907403737469,""max_vel_theta"":0.7417263017093727,""max_vel_x"":0.8900715620512472,""min_obstacle_dist"":0.37238371457709907,""weight_obstacle"":74.25553775407391,""weight_optimaltime"":0.7486789673566818,""weight_viapoint"":2.5}","{""acc_lim_theta"":0.5960551887451658,""acc_lim_x"":0.6000546043022533,""inflation_dist"":0.7260470834205538,""max_vel_theta"":0.7407994722321741,""max_vel_x"":0.888959366678609,""min_obstacle_dist"":0.37309519891530946,""weight_obstacle"":74.27912504457706,""weight_optimaltime"":0.7486789673566818,""weight_viapoint"":2.5}","{""acc_lim_theta"":0.5960551887451658,""acc_lim_x"":0.6000546043022533,""inflation_dist"":0.7260470834205538,""max_vel_theta"":0.7407994722321741,""max_vel_x"":0.888959366678609,""min_obstacle_dist"":0.37309519891530946,""weight_obstacle"":74.27912504457706,""weight_optimaltime"":0.7486789673566818,""weight_viapoint"":2.5}",true,max_vel_theta:ackermann_turning_radius,true,WARNING,margin:warning|safety_mode:WARNING:conservative_filter,false,,1.928781272071415,2.19795740996039,-0.05,-0.2143266667529009,-0.0011852674982703428,-0.002751311834862973,-0.0,-0.0009128918029406519,0.0,0.0,0.0,1.0,0.0,0.0,0.9125700016738847,18.000000000000682,45.999999999999375,true,
t12p_residual_seed102,t12p_residual_seed102-episode-000003,9,10,29.976,29.376,29.392,29.41,29.426,29.926,0,0.5,true,,2.467150019139344,2.660593902364759,0.05919874278661452,0.19170599899436822,0.30481850353181084,0.5,14.237452086592327,0.05064448918361587,0.03244467210555092,,"[-0.24039506912231445,-0.3363163471221924,-0.6076073050498962,-0.61758953332901,0.8212935924530029]",,"{""acc_lim_theta"":0.5960551887451658,""acc_lim_x"":0.6000546043022533,""inflation_dist"":0.7260470834205538,""max_vel_theta"":0.7407994722321741,""max_vel_x"":0.888959366678609,""min_obstacle_dist"":0.37309519891530946,""weight_obstacle"":74.27912504457706,""weight_optimaltime"":0.7486789673566818,""weight_viapoint"":2.5}","{""acc_lim_theta"":0.5916341035826698,""acc_lim_x"":0.6000542111597696,""inflation_dist"":0.7266328533062357,""max_vel_theta"":0.75,""max_vel_x"":0.8835029662981178,""min_obstacle_dist"":0.36875025500690023,""weight_obstacle"":73.62080945170065,""weight_optimaltime"":0.7412838415448708,""weight_viapoint"":2.5}","{""acc_lim_theta"":0.5916341035826698,""acc_lim_x"":0.6000542111597696,""inflation_dist"":0.7266328533062357,""max_vel_theta"":0.7362524719150981,""max_vel_x"":0.8835029662981178,""min_obstacle_dist"":0.36875025500690023,""weight_obstacle"":73.62080945170065,""weight_optimaltime"":0.7412838415448708,""weight_viapoint"":2.5}","{""acc_lim_theta"":0.5916341035826698,""acc_lim_x"":0.6000542111597696,""inflation_dist"":0.7266328533062357,""max_vel_theta"":0.7362524719150981,""max_vel_x"":0.8835029662981178,""min_obstacle_dist"":0.37309519891530946,""weight_obstacle"":74.27912504457706,""weight_optimaltime"":0.7412838415448708,""weight_viapoint"":2.5}","{""acc_lim_theta"":0.5916341035826698,""acc_lim_x"":0.6000542111597696,""inflation_dist"":0.7266328533062357,""max_vel_theta"":0.7362524719150981,""max_vel_x"":0.8835029662981178,""min_obstacle_dist"":0.37309519891530946,""weight_obstacle"":74.27912504457706,""weight_optimaltime"":0.7412838415448708,""weight_viapoint"":2.5}",true,max_vel_theta:ackermann_turning_radius,true,WARNING,margin:warning|safety_mode:WARNING:conservative_filter,false,,-1.247698031767919,-0.9672194161270742,-0.05,-0.0006576587629666612,-0.1615479354544344,-0.06370246373352544,-0.0,-0.004570557689918093,0.0,0.0,0.0,1.0,0.0,0.0,1.0916019964497536,18.000000000000682,33.99999999999892,true,
t12p_residual_seed102,t12p_residual_seed102-episode-000003,10,11,30.576,29.96,29.976,29.994,30.026,30.526,0,0.5,true,,2.665607075425702,2.496364635199571,0.008532497026475353,0.3057345069932661,0.30481850353181084,0.5714285714285714,1.9137207828746137,-0.3690372925614851,0.2743026254452481,,"[-0.3180276155471802,-0.28095853328704834,-0.28554368019104004,-0.8588540554046631,0.5963973999023438]",,"{""acc_lim_theta"":0.5916341035826698,""acc_lim_x"":0.6000542111597696,""inflation_dist"":0.7266328533062357,""max_vel_theta"":0.7362524719150981,""max_vel_x"":0.8835029662981178,""min_obstacle_dist"":0.37309519891530946,""weight_obstacle"":74.27912504457706,""weight_optimaltime"":0.7412838415448708,""weight_viapoint"":2.5}","{""acc_lim_theta"":0.5886160883590508,""acc_lim_x"":0.6055057880155108,""inflation_dist"":0.7262052794914435,""max_vel_theta"":0.75,""max_vel_x"":0.8858623143360234,""min_obstacle_dist"":0.36923130539325655,""weight_obstacle"":73.42691347837504,""weight_optimaltime"":0.7385630453893299,""weight_viapoint"":2.5}","{""acc_lim_theta"":0.5886160883590508,""acc_lim_x"":0.6055057880155108,""inflation_dist"":0.7262052794914435,""max_vel_theta"":0.7382185952800195,""max_vel_x"":0.8858623143360234,""min_obstacle_dist"":0.36923130539325655,""weight_obstacle"":73.42691347837504,""weight_optimaltime"":0.7385630453893299,""weight_viapoint"":2.5}","{""acc_lim_theta"":0.5886160883590508,""acc_lim_x"":0.6055057880155108,""inflation_dist"":0.7266328533062357,""max_vel_theta"":0.7362524719150981,""max_vel_x"":0.8835029662981178,""min_obstacle_dist"":0.37309519891530946,""weight_obstacle"":74.27912504457706,""weight_optimaltime"":0.7385630453893299,""weight_viapoint"":2.5}","{""acc_lim_theta"":0.5886160883590508,""acc_lim_x"":0.6055057880155108,""inflation_dist"":0.7266328533062357,""max_vel_theta"":0.7362524719150981,""max_vel_x"":0.8835029662981178,""min_obstacle_dist"":0.37309519891530946,""weight_obstacle"":74.27912504457706,""weight_optimaltime"":0.7385630453893299,""weight_viapoint"":2.5}",true,max_vel_theta:ackermann_turning_radius,true,WARNING,recovery:hysteresis_or_health_time|safety_mode:WARNING:conservative_filter,false,,0.7083361608334108,0.8462122011306561,-0.05,-0.0,-0.000677407749000336,-0.0845370752972967,-0.0,-0.0026615572509482155,0.0,0.0,0.0,1.0,0.0,0.0,0.8671659888932481,18.000000000000682,50.00000000000071,true,
t12p_residual_seed102,t12p_residual_seed102-episode-000003,11,12,31.176,30.576,30.578,30.594,30.626,31.126,0,0.5,true,,2.460764967890907,2.327341512368735,0.0083094718685461,0.26423562500488224,0.30481850353181084,0.6242424242424243,7.084796928707776,0.07824284382661627,0.009514067678643028,,"[-0.47684037685394287,-0.2470635175704956,-0.16225993633270264,-0.7673166394233704,0.17138385772705078]",,"{""acc_lim_theta"":0.5886160883590508,""acc_lim_x"":0.6055057880155108,""inflation_dist"":0.7266328533062357,""max_vel_theta"":0.7362524719150981,""max_vel_x"":0.8835029662981178,""min_obstacle_dist"":0.37309519891530946,""weight_obstacle"":74.27912504457706,""weight_optimaltime"":0.7385630453893299,""weight_viapoint"":2.5}","{""acc_lim_theta"":0.5977002011786188,""acc_lim_x"":0.6040612628937018,""inflation_dist"":0.7256654263190216,""max_vel_theta"":0.75,""max_vel_x"":0.899291994877969,""min_obstacle_dist"":0.37101675007963353,""weight_obstacle"":74.56080211356678,""weight_optimaltime"":0.7402287471973803,""weight_viapoint"":2.5}","{""acc_lim_theta"":0.5977002011786188,""acc_lim_x"":0.6040612628937018,""inflation_dist"":0.7256654263190216,""max_vel_theta"":0.7494099957316408,""max_vel_x"":0.899291994877969,""min_obstacle_dist"":0.37101675007963353,""weight_obstacle"":74.56080211356678,""weight_optimaltime"":0.7402287471973803,""weight_viapoint"":2.5}","{""acc_lim_theta"":0.5977002011786188,""acc_lim_x"":0.6040612628937018,""inflation_dist"":0.7266328533062357,""max_vel_theta"":0.7362524719150981,""max_vel_x"":0.8835029662981178,""min_obstacle_dist"":0.37309519891530946,""weight_obstacle"":74.56080211356678,""weight_optimaltime"":0.7402287471973803,""weight_viapoint"":2.5}","{""acc_lim_theta"":0.5977002011786188,""acc_lim_x"":0.6040612628937018,""inflation_dist"":0.7266328533062357,""max_vel_theta"":0.7362524719150981,""max_vel_x"":0.8835029662981178,""min_obstacle_dist"":0.37309519891530946,""weight_obstacle"":74.56080211356678,""weight_optimaltime"":0.7402287471973803,""weight_viapoint"":2.5}",true,max_vel_theta:ackermann_turning_radius,true,WARNING,margin:warning|safety_mode:WARNING:conservative_filter,false,,0.20762799859097827,0.6671172776108603,-0.05,-0.0005227949929233107,-0.00022592119783883797,-0.40521190884418606,-0.0,-0.0035286539849337787,0.0,0.0,0.0,1.0,0.0,0.0,1.0289080091752112,16.00000000000179,48.00000000000182,true,
t12p_residual_seed102,t12p_residual_seed102-episode-000003,12,13,31.776,31.176,31.178,31.194,31.226,31.726,0,0.5,true,,2.334926190110678,2.3915274840039813,0.013212854893604877,0.3095243977698839,0.30481850353181084,0.6025641025641025,2.7508561566227963,-0.22675188581210948,-0.12316539733028287,,"[0.045651793479919434,-0.12895631790161133,0.4201045036315918,-0.8278799057006836,-0.5717381834983826]",,"{""acc_lim_theta"":0.5977002011786188,""acc_lim_x"":0.6040612628937018,""inflation_dist"":0.7266328533062357,""max_vel_theta"":0.7362524719150981,""max_vel_x"":0.8835029662981178,""min_obstacle_dist"":0.37309519891530946,""weight_obstacle"":74.56080211356678,""weight_optimaltime"":0.7402287471973803,""weight_viapoint"":2.5}","{""acc_lim_theta"":0.5989378752702139,""acc_lim_x"":0.6088941465957245,""inflation_dist"":0.7237941090195092,""max_vel_theta"":0.75,""max_vel_x"":0.9247819090852436,""min_obstacle_dist"":0.3773044569180457,""weight_obstacle"":76.02553281470638,""weight_optimaltime"":0.7464301802334686,""weight_viapoint"":2.5}","{""acc_lim_theta"":0.5989378752702139,""acc_lim_x"":0.6088941465957245,""inflation_dist"":0.7237941090195092,""max_vel_theta"":0.75,""max_vel_x"":0.9247819090852436,""min_obstacle_dist"":0.3773044569180457,""weight_obstacle"":76.02553281470638,""weight_optimaltime"":0.7464301802334686,""weight_viapoint"":2.5}","{""acc_lim_theta"":0.5989378752702139,""acc_lim_x"":0.6088941465957245,""inflation_dist"":0.7266328533062357,""max_vel_theta"":0.7362524719150981,""max_vel_x"":0.8835029662981178,""min_obstacle_dist"":0.3773044569180457,""weight_obstacle"":76.02553281470638,""weight_optimaltime"":0.7464301802334686,""weight_viapoint"":2.5}","{""acc_lim_theta"":0.5989378752702139,""acc_lim_x"":0.6088941465957245,""inflation_dist"":0.7266328533062357,""max_vel_theta"":0.7362524719150981,""max_vel_x"":0.8835029662981178,""min_obstacle_dist"":0.3773044569180457,""weight_obstacle"":76.02553281470638,""weight_optimaltime"":0.7464301802334686,""weight_viapoint"":2.5}",false,,true,WARNING,recovery:hysteresis_or_health_time|safety_mode:WARNING:conservative_filter,false,,-0.5101793844568673,-0.28300646946651575,-0.05,-0.0007507618672102408,-0.00013459897234293825,-0.16891646349180248,-0.0,-0.007371090658995836,0.0,0.0,0.0,0.0,0.0,0.0,0.8058450039243326,15.999999999998238,47.999999999998266,true,
t12p_residual_seed102,t12p_residual_seed102-episode-000003,13,14,32.376,31.756,31.778,31.794,31.826,32.326,0,0.5,true,,2.3697890136034414,2.4216399042580505,0.055301498892558996,0.24585332881662553,0.30481850353181084,0.5947712418300654,8.156855301532447,-0.07976305303799872,-0.06646559956769288,,"[0.09940600395202637,-0.10648292303085327,0.3278374671936035,-0.8078370094299316,-0.3524106740951538]",,"{""acc_lim_theta"":0.5989378752702139,""acc_lim_x"":0.6088941465957245,""inflation_dist"":0.7266328533062357,""max_vel_theta"":0.7362524719150981,""max_vel_x"":0.8835029662981178,""min_obstacle_dist"":0.3773044569180457,""weight_obstacle"":76.02553281470638,""weight_optimaltime"":0.7464301802334686,""weight_viapoint"":2.5}","{""acc_lim_theta"":0.5958608741252465,""acc_lim_x"":0.6105194329322216,""inflation_dist"":0.7238745725952792,""max_vel_theta"":0.75,""max_vel_x"":0.922848590677595,""min_obstacle_dist"":0.3771059690148718,""weight_obstacle"":75.75597878649506,""weight_optimaltime"":0.7464747345796179,""weight_viapoint"":2.5}","{""acc_lim_theta"":0.5958608741252465,""acc_lim_x"":0.6105194329322216,""inflation_dist"":0.7238745725952792,""max_vel_theta"":0.75,""max_vel_x"":0.922848590677595,""min_obstacle_dist"":0.3771059690148718,""weight_obstacle"":75.75597878649506,""weight_optimaltime"":0.7464747345796179,""weight_viapoint"":2.5}","{""acc_lim_theta"":0.5958608741252465,""acc_lim_x"":0.6105194329322216,""inflation_dist"":0.7266328533062357,""max_vel_theta"":0.7362524719150981,""max_vel_x"":0.8835029662981178,""min_obstacle_dist"":0.3773044569180457,""weight_obstacle"":76.02553281470638,""weight_optimaltime"":0.7464747345796179,""weight_viapoint"":2.5}","{""acc_lim_theta"":0.5958608741252465,""acc_lim_x"":0.6105194329322216,""inflation_dist"":0.7266328533062357,""max_vel_theta"":0.7362524719150981,""max_vel_x"":0.8835029662981178,""min_obstacle_dist"":0.3773044569180457,""weight_obstacle"":76.02553281470638,""weight_optimaltime"":0.7464747345796179,""weight_viapoint"":2.5}",false,,true,WARNING,recovery:hysteresis_or_health_time|safety_mode:WARNING:conservative_filter,false,,-0.47143439971639983,-0.25925445327304564,-0.05,-0.00013567290156080305,-0.0002612605123114194,-0.16059853028988602,-0.0,-0.0011844827395959768,0.0,0.0,0.0,0.0,0.0,0.0,1.0142050014110282,16.00000000000179,48.00000000000182,true,
t12p_residual_seed102,t12p_residual_seed102-episode-000003,14,15,32.982,32.356,32.378,32.4,32.432,32.932,0,0.5,true,,2.4138576790586264,2.4037301054919262,0.05720603986182854,0.21617963795718517,0.30481850353181084,0.6,2.1733830762171826,0.28772497149090204,-0.010200454524429591,,"[0.09012281894683838,-0.222298264503479,0.18081653118133545,-0.8662662506103516,-0.33311355113983154]",,"{""acc_lim_theta"":0.5958608741252465,""acc_lim_x"":0.6105194329322216,""inflation_dist"":0.7266328533062357,""max_vel_theta"":0.7362524719150981,""max_vel_x"":0.8835029662981178,""min_obstacle_dist"":0.3773044569180457,""weight_obstacle"":76.02553281470638,""weight_optimaltime"":0.7464747345796179,""weight_viapoint"":2.5}","{""acc_lim_theta"":0.5949997202529183,""acc_lim_x"":0.6099556587225088,""inflation_dist"":0.7243399428965815,""max_vel_theta"":0.75,""max_vel_x"":0.924332496971013,""min_obstacle_dist"":0.3749052524595409,""weight_obstacle"":75.75986655609361,""weight_optimaltime"":0.7421741340566084,""weight_viapoint"":2.5}","{""acc_lim_theta"":0.5949997202529183,""acc_lim_x"":0.6099556587225088,""inflation_dist"":0.7243399428965815,""max_vel_theta"":0.75,""max_vel_x"":0.924332496971013,""min_obstacle_dist"":0.3749052524595409,""weight_obstacle"":75.75986655609361,""weight_optimaltime"":0.7421741340566084,""weight_viapoint"":2.5}","{""acc_lim_theta"":0.5949997202529183,""acc_lim_x"":0.6099556587225088,""inflation_dist"":0.7266328533062357,""max_vel_theta"":0.7362524719150981,""max_vel_x"":0.8835029662981178,""min_obstacle_dist"":0.3773044569180457,""weight_obstacle"":76.02553281470638,""weight_optimaltime"":0.7421741340566084,""weight_viapoint"":2.5}","{""acc_lim_theta"":0.5949997202529183,""acc_lim_x"":0.6099556587225088,""inflation_dist"":0.7266328533062357,""max_vel_theta"":0.7362524719150981,""max_vel_x"":0.8835029662981178,""min_obstacle_dist"":0.3773044569180457,""weight_obstacle"":76.02553281470638,""weight_optimaltime"":0.7421741340566084,""weight_viapoint"":2.5}",false,,true,WARNING,recovery:hysteresis_or_health_time|safety_mode:WARNING:conservative_filter,false,,-0.05604619287281411,0.05063786783350066,-0.05,-3.0246446972594846e-05,-0.0004173206847961207,-0.0550201414494339,-0.0,-0.0012163521251121467,0.0,0.0,0.0,0.0,0.0,0.0,1.270009990548715,21.999999999998465,54.000000000002046,true,
t12p_residual_seed102,t12p_residual_seed102-episode-000003,15,16,33.526,32.976,32.982,33.0,33.024,33.524,0,0.44999999999999574,true,,2.431974419127594,2.594887404896489,0.24031208836445586,0.24598491509644657,0.30481850353181084,0.5373134328358209,7.406582252798404,0.10086791044693405,0.08405202521275051,,"[0.04977250099182129,-0.36959362030029297,0.1923387050628662,-0.8932375907897949,-0.46570485830307007]",,"{""acc_lim_theta"":0.5949997202529183,""acc_lim_x"":0.6099556587225088,""inflation_dist"":0.7266328533062357,""max_vel_theta"":0.7362524719150981,""max_vel_x"":0.8835029662981178,""min_obstacle_dist"":0.3773044569180457,""weight_obstacle"":76.02553281470638,""weight_optimaltime"":0.7421741340566084,""weight_viapoint"":2.5}","{""acc_lim_theta"":0.5970011909896148,""acc_lim_x"":0.6080519677647145,""inflation_dist"":0.7243372701983952,""max_vel_theta"":0.75,""max_vel_x"":0.9271974018215223,""min_obstacle_dist"":0.3738831829725646,""weight_obstacle"":76.00272590629959,""weight_optimaltime"":0.7377186181410218,""weight_viapoint"":2.5}","{""acc_lim_theta"":0.5970011909896148,""acc_lim_x"":0.6080519677647145,""inflation_dist"":0.7243372701983952,""max_vel_theta"":0.75,""max_vel_x"":0.9271974018215223,""min_obstacle_dist"":0.3738831829725646,""weight_obstacle"":76.00272590629959,""weight_optimaltime"":0.7377186181410218,""weight_viapoint"":2.5}","{""acc_lim_theta"":0.5970011909896148,""acc_lim_x"":0.6080519677647145,""inflation_dist"":0.7266328533062357,""max_vel_theta"":0.7362524719150981,""max_vel_x"":0.8835029662981178,""min_obstacle_dist"":0.3773044569180457,""weight_obstacle"":76.02553281470638,""weight_optimaltime"":0.7377186181410218,""weight_viapoint"":2.5}","{""acc_lim_theta"":0.5970011909896148,""acc_lim_x"":0.6080519677647145,""inflation_dist"":0.7266328533062357,""max_vel_theta"":0.7362524719150981,""max_vel_x"":0.8835029662981178,""min_obstacle_dist"":0.3773044569180457,""weight_obstacle"":76.02553281470638,""weight_optimaltime"":0.7377186181410218,""weight_viapoint"":2.5}",false,,true,WARNING,margin:warning|safety_mode:WARNING:conservative_filter,false,,-1.002473094969838,-0.8145649288444767,-0.044999999999999575,-0.0,-0.013991183112106606,-0.12704958940651503,-0.0,-0.0018673936067400256,0.0,0.0,0.0,0.0,0.0,0.0,0.7818050071364269,18.000000000000682,42.00000000000159,true,
t12p_residual_seed102,t12p_residual_seed102-episode-000003,16,17,34.176,33.516,33.528,33.55,33.626,34.126,0,0.5,true,,2.606517528295107,2.525061961348366,0.011232615320125873,0.23909021155574406,0.30481850353181084,0.5563380281690141,4.998667265997357,-0.14141214755792145,0.027732968507680613,,"[0.11811995506286621,-0.17763006687164307,0.044454097747802734,-0.8549990653991699,-0.2997785806655884]",,"{""acc_lim_theta"":0.5970011909896148,""acc_lim_x"":0.6080519677647145,""inflation_dist"":0.7266328533062357,""max_vel_theta"":0.7362524719150981,""max_vel_x"":0.8835029662981178,""min_obstacle_dist"":0.3773044569180457,""weight_obstacle"":76.02553281470638,""weight_optimaltime"":0.7377186181410218,""weight_viapoint"":2.5}","{""acc_lim_theta"":0.59312157824,""acc_lim_x"":0.6119382026334708,""inflation_dist"":0.7248029824777769,""max_vel_theta"":0.75,""max_vel_x"":0.9283386781511744,""min_obstacle_dist"":0.3737577959841847,""weight_obstacle"":75.83022404281775,""weight_optimaltime"":0.7424078900618241,""weight_viapoint"":2.5}","{""acc_lim_theta"":0.59312157824,""acc_lim_x"":0.6119382026334708,""inflation_dist"":0.7248029824777769,""max_vel_theta"":0.75,""max_vel_x"":0.9283386781511744,""min_obstacle_dist"":0.3737577959841847,""weight_obstacle"":75.83022404281775,""weight_optimaltime"":0.7424078900618241,""weight_viapoint"":2.5}","{""acc_lim_theta"":0.59312157824,""acc_lim_x"":0.6119382026334708,""inflation_dist"":0.7266328533062357,""max_vel_theta"":0.7362524719150981,""max_vel_x"":0.8835029662981178,""min_obstacle_dist"":0.3773044569180457,""weight_obstacle"":76.02553281470638,""weight_optimaltime"":0.7424078900618241,""weight_viapoint"":2.5}","{""acc_lim_theta"":0.59312157824,""acc_lim_x"":0.6119382026334708,""inflation_dist"":0.7266328533062357,""max_vel_theta"":0.7362524719150981,""max_vel_x"":0.8835029662981178,""min_obstacle_dist"":0.3773044569180457,""weight_obstacle"":76.02553281470638,""weight_optimaltime"":0.7424078900618241,""weight_viapoint"":2.5}",false,,true,WARNING,recovery:hysteresis_or_health_time|safety_mode:WARNING:conservative_filter,false,,0.1327454543612492,0.4072778347337058,-0.05,-0.0,-0.01617704929364363,-0.2054760147900598,-0.0,-0.00287931628875322,0.0,0.0,0.0,0.0,0.0,0.0,1.8881069991039112,21.999999999998465,97.99999999999898,true,
t12p_residual_seed102,t12p_residual_seed102-episode-000003,17,18,34.728,34.176,34.178,34.198,34.226,34.726,0,0.44999999999999574,true,,2.5112221322613615,2.3904118681190374,0.04244147914608475,0.253242181497609,0.30481850353181084,0.5987261146496815,7.474853641905814,0.08163727413415561,0.0020870528083021048,,"[-0.07259601354598999,-0.10819458961486816,0.15067565441131592,-0.866584062576294,-0.5678290724754333]",,"{""acc_lim_theta"":0.59312157824,""acc_lim_x"":0.6119382026334708,""inflation_dist"":0.7266328533062357,""max_vel_theta"":0.7362524719150981,""max_vel_x"":0.8835029662981178,""min_obstacle_dist"":0.3773044569180457,""weight_obstacle"":76.02553281470638,""weight_optimaltime"":0.7424078900618241,""weight_viapoint"":2.5}","{""acc_lim_theta"":0.5998840156638547,""acc_lim_x"":0.6113837454715045,""inflation_dist"":0.7243813020236315,""max_vel_theta"":0.75,""max_vel_x"":0.9344267039874374,""min_obstacle_dist"":0.37561583301505724,""weight_obstacle"":76.45698435320612,""weight_optimaltime"":0.7457155595651791,""weight_viapoint"":2.5}","{""acc_lim_theta"":0.5998840156638547,""acc_lim_x"":0.6113837454715045,""inflation_dist"":0.7243813020236315,""max_vel_theta"":0.75,""max_vel_x"":0.9344267039874374,""min_obstacle_dist"":0.37561583301505724,""weight_obstacle"":76.45698435320612,""weight_optimaltime"":0.7457155595651791,""weight_viapoint"":2.5}","{""acc_lim_theta"":0.5998840156638547,""acc_lim_x"":0.6113837454715045,""inflation_dist"":0.7266328533062357,""max_vel_theta"":0.7362524719150981,""max_vel_x"":0.8835029662981178,""min_obstacle_dist"":0.3773044569180457,""weight_obstacle"":76.45698435320612,""weight_optimaltime"":0.7457155595651791,""weight_viapoint"":2.5}","{""acc_lim_theta"":0.5998840156638547,""acc_lim_x"":0.6113837454715045,""inflation_dist"":0.7266328533062357,""max_vel_theta"":0.7362524719150981,""max_vel_x"":0.8835029662981178,""min_obstacle_dist"":0.3773044569180457,""weight_obstacle"":76.45698435320612,""weight_optimaltime"":0.7457155595651791,""weight_viapoint"":2.5}",false,,true,WARNING,recovery:hysteresis_or_health_time|safety_mode:WARNING:conservative_filter,false,,0.428579253525919,0.6040513207116205,-0.044999999999999575,-0.0,-0.0004840428429453447,-0.12663436371863077,-0.0,-0.003353660624125736,0.0,0.0,0.0,0.0,0.0,0.0,2.1704020036850125,20.000000000003126,48.00000000000182,true,
t12p_residual_seed102,t12p_residual_seed102-episode-000003,18,19,35.378,34.724,34.73,34.754,34.828,35.328,0,0.5,true,,2.411126299422411,2.493922491416856,0.14449605556176437,0.2142905410801825,0.30481850353181084,0.5655172413793104,2.842257349131116,0.2358020341548429,0.1964910191177966,,"[0.034221529960632324,-0.17478835582733154,0.3246419429779053,-0.8536564111709595,-0.5968181490898132]",,"{""acc_lim_theta"":0.5998840156638547,""acc_lim_x"":0.6113837454715045,""inflation_dist"":0.7266328533062357,""max_vel_theta"":0.7362524719150981,""max_vel_x"":0.8835029662981178,""min_obstacle_dist"":0.3773044569180457,""weight_obstacle"":76.45698435320612,""weight_optimaltime"":0.7457155595651791,""weight_viapoint"":2.5}","{""acc_lim_theta"":0.598968242815999,""acc_lim_x"":0.609689284515393,""inflation_dist"":0.7239211387342088,""max_vel_theta"":0.75,""max_vel_x"":0.9296827124525479,""min_obstacle_dist"":0.37650557096413073,""weight_obstacle"":76.23938046848639,""weight_optimaltime"":0.7443982151411683,""weight_viapoint"":2.5}","{""acc_lim_theta"":0.598968242815999,""acc_lim_x"":0.609689284515393,""inflation_dist"":0.7239211387342088,""max_vel_theta"":0.75,""max_vel_x"":0.9296827124525479,""min_obstacle_dist"":0.37650557096413073,""weight_obstacle"":76.23938046848639,""weight_optimaltime"":0.7443982151411683,""weight_viapoint"":2.5}","{""acc_lim_theta"":0.598968242815999,""acc_lim_x"":0.609689284515393,""inflation_dist"":0.7266328533062357,""max_vel_theta"":0.7362524719150981,""max_vel_x"":0.8835029662981178,""min_obstacle_dist"":0.3773044569180457,""weight_obstacle"":76.45698435320612,""weight_optimaltime"":0.7443982151411683,""weight_viapoint"":2.5}","{""acc_lim_theta"":0.598968242815999,""acc_lim_x"":0.609689284515393,""inflation_dist"":0.7266328533062357,""max_vel_theta"":0.7362524719150981,""max_vel_x"":0.8835029662981178,""min_obstacle_dist"":0.3773044569180457,""weight_obstacle"":76.45698435320612,""weight_optimaltime"":0.7443982151411683,""weight_viapoint"":2.5}",false,,true,WARNING,recovery:hysteresis_or_health_time|safety_mode:WARNING:conservative_filter,false,,-0.6015347440252369,-0.4139809599722244,-0.05,-0.0,-0.006160712546992509,-0.130477044170226,-0.0,-0.0009160273357939786,0.0,0.0,0.0,0.0,0.0,0.0,1.0681800049496815,24.00000000000091,98.00000000000608,true,
t12p_residual_seed102,t12p_residual_seed102-episode-000003,19,20,35.978,35.376,35.39,35.414,35.428,35.928,0,0.5,true,,2.5171158780761624,2.524163538302549,0.03409744051984622,0.2209382750937146,0.30481850353181084,0.5531914893617021,4.758171165122018,-0.14861472960528038,0.08626116041756914,,"[0.14612114429473877,-0.24609267711639404,0.17653822898864746,-0.842288613319397,-0.28027403354644775]",,"{""acc_lim_theta"":0.598968242815999,""acc_lim_x"":0.609689284515393,""inflation_dist"":0.7266328533062357,""max_vel_theta"":0.7362524719150981,""max_vel_x"":0.8835029662981178,""min_obstacle_dist"":0.3773044569180457,""weight_obstacle"":76.45698435320612,""weight_optimaltime"":0.7443982151411683,""weight_viapoint"":2.5}","{""acc_lim_theta"":0.5935705052819932,""acc_lim_x"":0.610117306804524,""inflation_dist"":0.724327537980884,""max_vel_theta"":0.75,""max_vel_x"":0.9237979085722658,""min_obstacle_dist"":0.37465697557235195,""weight_obstacle"":75.66713467293027,""weight_optimaltime"":0.7409597458137516,""weight_viapoint"":2.5}","{""acc_lim_theta"":0.5935705052819932,""acc_lim_x"":0.610117306804524,""inflation_dist"":0.724327537980884,""max_vel_theta"":0.75,""max_vel_x"":0.9237979085722658,""min_obstacle_dist"":0.37465697557235195,""weight_obstacle"":75.66713467293027,""weight_optimaltime"":0.7409597458137516,""weight_viapoint"":2.5}","{""acc_lim_theta"":0.5935705052819932,""acc_lim_x"":0.610117306804524,""inflation_dist"":0.7266328533062357,""max_vel_theta"":0.7362524719150981,""max_vel_x"":0.8835029662981178,""min_obstacle_dist"":0.3773044569180457,""weight_obstacle"":76.45698435320612,""weight_optimaltime"":0.7409597458137516,""weight_viapoint"":2.5}","{""acc_lim_theta"":0.5935705052819932,""acc_lim_x"":0.610117306804524,""inflation_dist"":0.7266328533062357,""max_vel_theta"":0.7362524719150981,""max_vel_x"":0.8835029662981178,""min_obstacle_dist"":0.3773044569180457,""weight_obstacle"":76.45698435320612,""weight_optimaltime"":0.7409597458137516,""weight_viapoint"":2.5}",false,,true,WARNING,recovery:hysteresis_or_health_time|safety_mode:WARNING:conservative_filter,false,,-0.19333978563529666,-0.03523830113193238,-0.05,-0.0,-0.01247986180839134,-0.09347748887370538,-0.0,-0.0021441338212675855,0.0,0.0,0.0,0.0,0.0,0.0,11.80169900180772,24.00000000000091,37.9999999999967,true,
t12p_residual_seed102,t12p_residual_seed102-episode-000003,20,21,36.576,35.976,35.978,36.002,36.026,36.526,0,0.5,true,,2.5095676530064326,2.557790057828698,0.06592208486397597,0.24387361381053554,0.30481850353181084,0.5474452554744526,5.741281880708764,0.12692662984471292,0.09473687131318635,,"[0.18849265575408936,-0.3586006760597229,0.08988893032073975,-0.8815447688102722,-0.4357002377510071]",,"{""acc_lim_theta"":0.5935705052819932,""acc_lim_x"":0.610117306804524,""inflation_dist"":0.7266328533062357,""max_vel_theta"":0.7362524719150981,""max_vel_x"":0.8835029662981178,""min_obstacle_dist"":0.3773044569180457,""weight_obstacle"":76.45698435320612,""weight_optimaltime"":0.7409597458137516,""weight_viapoint"":2.5}","{""acc_lim_theta"":0.5940063472753617,""acc_lim_x"":0.6099360855309431,""inflation_dist"":0.7246307110696736,""max_vel_theta"":0.75,""max_vel_x"":0.9328118942492252,""min_obstacle_dist"":0.37267690874602977,""weight_obstacle"":76.11853487211809,""weight_optimaltime"":0.735792288249468,""weight_viapoint"":2.5}","{""acc_lim_theta"":0.5940063472753617,""acc_lim_x"":0.6099360855309431,""inflation_dist"":0.7246307110696736,""max_vel_theta"":0.75,""max_vel_x"":0.9328118942492252,""min_obstacle_dist"":0.37267690874602977,""weight_obstacle"":76.11853487211809,""weight_optimaltime"":0.735792288249468,""weight_viapoint"":2.5}","{""acc_lim_theta"":0.5940063472753617,""acc_lim_x"":0.6099360855309431,""inflation_dist"":0.7266328533062357,""max_vel_theta"":0.7362524719150981,""max_vel_x"":0.8835029662981178,""min_obstacle_dist"":0.3773044569180457,""weight_obstacle"":76.45698435320612,""weight_optimaltime"":0.735792288249468,""weight_viapoint"":2.5}","{""acc_lim_theta"":0.5940063472753617,""acc_lim_x"":0.6099360855309431,""inflation_dist"":0.7266328533062357,""max_vel_theta"":0.7362524719150981,""max_vel_x"":0.8835029662981178,""min_obstacle_dist"":0.3773044569180457,""weight_obstacle"":76.45698435320612,""weight_optimaltime"":0.735792288249468,""weight_viapoint"":2.5}",false,,true,WARNING,recovery:hysteresis_or_health_time|safety_mode:WARNING:conservative_filter,false,,-0.4563637756092794,-0.24111202411132737,-0.05,-0.0,-0.0008377856165521872,-0.16322620855180575,-0.0,-0.0011877573295940803,0.0,0.0,0.0,0.0,0.0,0.0,0.9121110051637515,24.00000000000091,48.00000000000182,true,
t12p_residual_seed102,t12p_residual_seed102-episode-000003,21,22,37.126,36.576,36.578,36.596,36.624,37.124,0,0.45000000000000284,true,,2.570207891228262,2.468205750799314,0.017635736283393804,0.26172478427038515,0.30481850353181084,0.5771812080536913,1.7853596141927301,-0.38884263049960266,0.08281251017589762,,"[0.04544830322265625,-0.2514696717262268,0.230782151222229,-0.8561556935310364,-0.6187898516654968]",,"{""acc_lim_theta"":0.5940063472753617,""acc_lim_x"":0.6099360855309431,""inflation_dist"":0.7266328533062357,""max_vel_theta"":0.7362524719150981,""max_vel_x"":0.8835029662981178,""min_obstacle_dist"":0.3773044569180457,""weight_obstacle"":76.45698435320612,""weight_optimaltime"":0.735792288249468,""weight_viapoint"":2.5}","{""acc_lim_theta"":0.5987553623836965,""acc_lim_x"":0.6111279534183767,""inflation_dist"":0.7240115235844764,""max_vel_theta"":0.75,""max_vel_x"":0.939328494850761,""min_obstacle_dist"":0.3751658328224824,""weight_obstacle"":76.65618532176921,""weight_optimaltime"":0.7396127002222925,""weight_viapoint"":2.5}","{""acc_lim_theta"":0.5987553623836965,""acc_lim_x"":0.6111279534183767,""inflation_dist"":0.7240115235844764,""max_vel_theta"":0.75,""max_vel_x"":0.939328494850761,""min_obstacle_dist"":0.3751658328224824,""weight_obstacle"":76.65618532176921,""weight_optimaltime"":0.7396127002222925,""weight_viapoint"":2.5}","{""acc_lim_theta"":0.5987553623836965,""acc_lim_x"":0.6111279534183767,""inflation_dist"":0.7266328533062357,""max_vel_theta"":0.7362524719150981,""max_vel_x"":0.8835029662981178,""min_obstacle_dist"":0.3773044569180457,""weight_obstacle"":76.65618532176921,""weight_optimaltime"":0.7396127002222925,""weight_viapoint"":2.5}","{""acc_lim_theta"":0.5987553623836965,""acc_lim_x"":0.6111279534183767,""inflation_dist"":0.7266328533062357,""max_vel_theta"":0.7362524719150981,""max_vel_x"":0.8835029662981178,""min_obstacle_dist"":0.3773044569180457,""weight_obstacle"":76.65618532176921,""weight_optimaltime"":0.7396127002222925,""weight_viapoint"":2.5}",false,,true,WARNING,recovery:hysteresis_or_health_time|safety_mode:WARNING:conservative_filter,false,,0.3307668515282409,0.5100107021447409,-0.04500000000000029,-0.0,-0.0013659268031710038,-0.1302302187326955,-0.0,-0.0026477050806331787,0.0,0.0,0.0,0.0,0.0,0.0,0.8776509930612519,17.999999999993577,45.999999999999375,true,
t12p_residual_seed102,t12p_residual_seed102-episode-000003,22,23,37.776,37.116,37.128,37.146,37.226,37.726,0,0.5,true,,2.415574913262742,2.427781445781462,0.010333486600760495,0.24660729938482503,0.30481850353181084,0.5947712418300654,12.979650295451357,-0.024153641173897025,0.019559533489252476,,"[-0.02981466054916382,-0.16285455226898193,0.33288371562957764,-0.855884850025177,-0.6230577826499939]",,"{""acc_lim_theta"":0.5987553623836965,""acc_lim_x"":0.6111279534183767,""inflation_dist"":0.7266328533062357,""max_vel_theta"":0.7362524719150981,""max_vel_x"":0.8835029662981178,""min_obstacle_dist"":0.3773044569180457,""weight_obstacle"":76.65618532176921,""weight_optimaltime"":0.7396127002222925,""weight_viapoint"":2.5}","{""acc_lim_theta"":0.6000289853193371,""acc_lim_x"":0.611484026738995,""inflation_dist"":0.723667235570365,""max_vel_theta"":0.75,""max_vel_x"":0.9360070123459974,""min_obstacle_dist"":0.3770058843478715,""weight_obstacle"":76.55880152635692,""weight_optimaltime"":0.7437119830749586,""weight_viapoint"":2.5}","{""acc_lim_theta"":0.6000289853193371,""acc_lim_x"":0.611484026738995,""inflation_dist"":0.723667235570365,""max_vel_theta"":0.75,""max_vel_x"":0.9360070123459974,""min_obstacle_dist"":0.3770058843478715,""weight_obstacle"":76.55880152635692,""weight_optimaltime"":0.7437119830749586,""weight_viapoint"":2.5}","{""acc_lim_theta"":0.6000289853193371,""acc_lim_x"":0.611484026738995,""inflation_dist"":0.7266328533062357,""max_vel_theta"":0.7362524719150981,""max_vel_x"":0.8835029662981178,""min_obstacle_dist"":0.3773044569180457,""weight_obstacle"":76.65618532176921,""weight_optimaltime"":0.7437119830749586,""weight_viapoint"":2.5}","{""acc_lim_theta"":0.6000289853193371,""acc_lim_x"":0.611484026738995,""inflation_dist"":0.7266328533062357,""max_vel_theta"":0.7362524719150981,""max_vel_x"":0.8835029662981178,""min_obstacle_dist"":0.3773044569180457,""weight_obstacle"":76.65618532176921,""weight_optimaltime"":0.7437119830749586,""weight_viapoint"":2.5}",false,,true,WARNING,margin:warning|safety_mode:WARNING:conservative_filter,false,,-0.269695921035055,-0.06103266259359863,-0.05,-0.0,-3.13210304451073e-05,-0.15740465677641335,-0.0,-0.0012272806345979494,0.0,0.0,0.0,0.0,0.0,0.0,1.7855899932328612,18.000000000000682,97.99999999999898,true,
t12p_residual_seed102,t12p_residual_seed102-episode-000003,23,24,38.328,37.756,37.778,37.796,37.826,38.326,0,0.44999999999999574,true,,2.4254273345904576,2.435272097439167,0.01809515379141121,0.2570959522737014,0.30481850353181084,0.5921052631578947,6.058275785287095,-0.11114995833733311,-0.06541551156867412,,"[-0.015436172485351562,-0.12360823154449463,0.42145538330078125,-0.8413873910903931,-0.607553243637085]",,"{""acc_lim_theta"":0.6000289853193371,""acc_lim_x"":0.611484026738995,""inflation_dist"":0.7266328533062357,""max_vel_theta"":0.7362524719150981,""max_vel_x"":0.8835029662981178,""min_obstacle_dist"":0.3773044569180457,""weight_obstacle"":76.65618532176921,""weight_optimaltime"":0.7437119830749586,""weight_viapoint"":2.5}","{""acc_lim_theta"":0.5997796345772463,""acc_lim_x"":0.6111556121771451,""inflation_dist"":0.7234670848806292,""max_vel_theta"":0.75,""max_vel_x"":0.9321400598744702,""min_obstacle_dist"":0.3779760839311634,""weight_obstacle"":76.38086906494915,""weight_optimaltime"":0.7456642238558252,""weight_viapoint"":2.5}","{""acc_lim_theta"":0.5997796345772463,""acc_lim_x"":0.6111556121771451,""inflation_dist"":0.7234670848806292,""max_vel_theta"":0.75,""max_vel_x"":0.9321400598744702,""min_obstacle_dist"":0.3779760839311634,""weight_obstacle"":76.38086906494915,""weight_optimaltime"":0.7456642238558252,""weight_viapoint"":2.5}","{""acc_lim_theta"":0.5997796345772463,""acc_lim_x"":0.6111556121771451,""inflation_dist"":0.7266328533062357,""max_vel_theta"":0.7362524719150981,""max_vel_x"":0.8835029662981178,""min_obstacle_dist"":0.3779760839311634,""weight_obstacle"":76.65618532176921,""weight_optimaltime"":0.7456642238558252,""weight_viapoint"":2.5}","{""acc_lim_theta"":0.5997796345772463,""acc_lim_x"":0.6111556121771451,""inflation_dist"":0.7266328533062357,""max_vel_theta"":0.7362524719150981,""max_vel_x"":0.8835029662981178,""min_obstacle_dist"":0.3779760839311634,""weight_obstacle"":76.65618532176921,""weight_optimaltime"":0.7456642238558252,""weight_viapoint"":2.5}",false,,true,WARNING,recovery:hysteresis_or_health_time|safety_mode:WARNING:conservative_filter,false,,-0.15387365491627775,-0.04922381424354638,-0.044999999999999575,-0.0,-0.00031176804555319384,-0.05853453233977299,-0.0,-0.0008035402874056075,0.0,0.0,0.0,0.0,0.0,0.0,1.049184997100383,18.000000000000682,48.00000000000182,true,
t12p_residual_seed102,t12p_residual_seed102-episode-000003,24,25,38.928,38.326,38.33,38.348,38.426,38.926,0,0.45000000000000284,true,,2.4361883315268393,2.3896703653964693,0.01640359120938556,0.2208226480727487,0.30481850353181084,0.6050955414012739,3.4493082847078895,-0.17790799475059296,-0.04171204750498698,,"[-0.06166428327560425,-0.18477463722229004,0.26967453956604004,-0.8175185918807983,-0.40685439109802246]",,"{""acc_lim_theta"":0.5997796345772463,""acc_lim_x"":0.6111556121771451,""inflation_dist"":0.7266328533062357,""max_vel_theta"":0.7362524719150981,""max_vel_x"":0.8835029662981178,""min_obstacle_dist"":0.3779760839311634,""weight_obstacle"":76.65618532176921,""weight_optimaltime"":0.7456642238558252,""weight_viapoint"":2.5}","{""acc_lim_theta"":0.5982659915551085,""acc_lim_x"":0.6097441423847503,""inflation_dist"":0.7239658482628144,""max_vel_theta"":0.75,""max_vel_x"":0.9257591903537982,""min_obstacle_dist"":0.37610511129015295,""weight_obstacle"":75.97495592258666,""weight_optimaltime"":0.7431665560835335,""weight_viapoint"":2.5}","{""acc_lim_theta"":0.5982659915551085,""acc_lim_x"":0.6097441423847503,""inflation_dist"":0.7239658482628144,""max_vel_theta"":0.75,""max_vel_x"":0.9257591903537982,""min_obstacle_dist"":0.37610511129015295,""weight_obstacle"":75.97495592258666,""weight_optimaltime"":0.7431665560835335,""weight_viapoint"":2.5}","{""acc_lim_theta"":0.5982659915551085,""acc_lim_x"":0.6097441423847503,""inflation_dist"":0.7266328533062357,""max_vel_theta"":0.7362524719150981,""max_vel_x"":0.8835029662981178,""min_obstacle_dist"":0.3779760839311634,""weight_obstacle"":76.65618532176921,""weight_optimaltime"":0.7431665560835335,""weight_viapoint"":2.5}","{""acc_lim_theta"":0.5982659915551085,""acc_lim_x"":0.6097441423847503,""inflation_dist"":0.7266328533062357,""max_vel_theta"":0.7362524719150981,""max_vel_x"":0.8835029662981178,""min_obstacle_dist"":0.3779760839311634,""weight_obstacle"":76.65618532176921,""weight_optimaltime"":0.7431665560835335,""weight_viapoint"":2.5}",false,,true,WARNING,recovery:hysteresis_or_health_time|safety_mode:WARNING:conservative_filter,false,,0.06250154862461699,0.23258983065185035,-0.04500000000000029,-0.0,-0.00013409874433665503,-0.12372337152480495,-0.0,-0.0012308117580914714,0.0,0.0,0.0,0.0,0.0,0.0,1.3849950046278536,18.000000000000682,96.00000000000364,true,
t12p_residual_seed102,t12p_residual_seed102-episode-000003,25,26,39.574,38.924,38.93,38.952,39.024,39.524,0,0.5,true,,2.393199357017407,2.3845722364003725,0.032414932411197174,0.2034583910283539,0.30481850353181084,0.6050955414012739,1.6500573610947367,0.3580847207155858,-0.06910888516749052,,"[0.12863802909851074,-0.24868983030319214,0.14461231231689453,-0.8781422972679138,-0.36902278661727905]",,"{""acc_lim_theta"":0.5982659915551085,""acc_lim_x"":0.6097441423847503,""inflation_dist"":0.7266328533062357,""max_vel_theta"":0.7362524719150981,""max_vel_x"":0.8835029662981178,""min_obstacle_dist"":0.3779760839311634,""weight_obstacle"":76.65618532176921,""weight_optimaltime"":0.7431665560835335,""weight_viapoint"":2.5}","{""acc_lim_theta"":0.5952015294720936,""acc_lim_x"":0.6090675614252478,""inflation_dist"":0.7245153978144591,""max_vel_theta"":0.75,""max_vel_x"":0.9240102219419544,""min_obstacle_dist"":0.37440125273837943,""weight_obstacle"":75.77274274508326,""weight_optimaltime"":0.7419630534465568,""weight_viapoint"":2.5}","{""acc_lim_theta"":0.5952015294720936,""acc_lim_x"":0.6090675614252478,""inflation_dist"":0.7245153978144591,""max_vel_theta"":0.75,""max_vel_x"":0.9240102219419544,""min_obstacle_dist"":0.37440125273837943,""weight_obstacle"":75.77274274508326,""weight_optimaltime"":0.7419630534465568,""weight_viapoint"":2.5}","{""acc_lim_theta"":0.5952015294720936,""acc_lim_x"":0.6090675614252478,""inflation_dist"":0.7266328533062357,""max_vel_theta"":0.7362524719150981,""max_vel_x"":0.8835029662981178,""min_obstacle_dist"":0.3779760839311634,""weight_obstacle"":76.65618532176921,""weight_optimaltime"":0.7419630534465568,""weight_viapoint"":2.5}","{""acc_lim_theta"":0.5952015294720936,""acc_lim_x"":0.6090675614252478,""inflation_dist"":0.7266328533062357,""max_vel_theta"":0.7362524719150981,""max_vel_x"":0.8835029662981178,""min_obstacle_dist"":0.3779760839311634,""weight_obstacle"":76.65618532176921,""weight_optimaltime"":0.7419630534465568,""weight_viapoint"":2.5}",false,,true,WARNING,recovery:hysteresis_or_health_time|safety_mode:WARNING:conservative_filter,false,,-0.15138038661679473,0.0431356030851715,-0.05,-0.0020066465540887163,-7.602059090411976e-05,-0.14125736126894867,-0.0,-0.001175961288024713,0.0,0.0,0.0,0.0,0.0,0.0,1.1373500019544736,21.999999999998465,94.0000000000012,true,
t12p_residual_seed102,t12p_residual_seed102-episode-000003,26,27,40.176,39.556,39.574,39.594,39.626,40.126,0,0.5,true,,2.4197699243485458,2.62731212341568,0.11910160175785553,0.2690233047797351,0.30481850353181084,0.5190839694656488,9.218735117723785,-0.08479150150609643,0.006916123255469302,,"[0.06877315044403076,-0.39205968379974365,0.21601343154907227,-0.8620962500572205,-0.3764941692352295]",,"{""acc_lim_theta"":0.5952015294720936,""acc_lim_x"":0.6090675614252478,""inflation_dist"":0.7266328533062357,""max_vel_theta"":0.7362524719150981,""max_vel_x"":0.8835029662981178,""min_obstacle_dist"":0.3779760839311634,""weight_obstacle"":76.65618532176921,""weight_optimaltime"":0.7419630534465568,""weight_viapoint"":2.5}","{""acc_lim_theta"":0.5963755589826882,""acc_lim_x"":0.6070338049598186,""inflation_dist"":0.7243160262666689,""max_vel_theta"":0.75,""max_vel_x"":0.9221447869014817,""min_obstacle_dist"":0.3740097747142104,""weight_obstacle"":75.7449353380411,""weight_optimaltime"":0.7380280799124964,""weight_viapoint"":2.5}","{""acc_lim_theta"":0.5963755589826882,""acc_lim_x"":0.6070338049598186,""inflation_dist"":0.7243160262666689,""max_vel_theta"":0.75,""max_vel_x"":0.9221447869014817,""min_obstacle_dist"":0.3740097747142104,""weight_obstacle"":75.7449353380411,""weight_optimaltime"":0.7380280799124964,""weight_viapoint"":2.5}","{""acc_lim_theta"":0.5963755589826882,""acc_lim_x"":0.6070338049598186,""inflation_dist"":0.7266328533062357,""max_vel_theta"":0.7362524719150981,""max_vel_x"":0.8835029662981178,""min_obstacle_dist"":0.3779760839311634,""weight_obstacle"":76.65618532176921,""weight_optimaltime"":0.7380280799124964,""weight_viapoint"":2.5}","{""acc_lim_theta"":0.5963755589826882,""acc_lim_x"":0.6070338049598186,""inflation_dist"":0.7266328533062357,""max_vel_theta"":0.7362524719150981,""max_vel_x"":0.8835029662981178,""min_obstacle_dist"":0.3779760839311634,""weight_obstacle"":76.65618532176921,""weight_optimaltime"":0.7380280799124964,""weight_viapoint"":2.5}",false,,true,WARNING,margin:warning|safety_mode:WARNING:conservative_filter,false,,-1.2371659803280892,-1.0377109953356722,-0.05,-0.0,-0.007767141598300646,-0.14009890219329815,-0.0,-0.0015889412008180171,0.0,0.0,0.0,0.0,0.0,0.0,0.9479420114075765,20.000000000003126,51.9999999999996,true,
t12p_residual_seed102,t12p_residual_seed102-episode-000003,27,28,40.776,40.16,40.178,40.194,40.226,40.726,0,0.5,true,,2.6190622659516545,2.4584813570278623,0.007506553988446331,0.27659899285836037,0.30481850353181084,0.5866666666666667,2.3262576055887334,-0.28575170938893,-0.17311032970197207,,"[0.052909255027770996,-0.12485164403915405,0.12362480163574219,-0.8247969746589661,-0.3558390140533447]",,"{""acc_lim_theta"":0.5963755589826882,""acc_lim_x"":0.6070338049598186,""inflation_dist"":0.7266328533062357,""max_vel_theta"":0.7362524719150981,""max_vel_x"":0.8835029662981178,""min_obstacle_dist"":0.3779760839311634,""weight_obstacle"":76.65618532176921,""weight_optimaltime"":0.7380280799124964,""weight_viapoint"":2.5}","{""acc_lim_theta"":0.5950048201135572,""acc_lim_x"":0.6129156362030223,""inflation_dist"":0.7244174681970356,""max_vel_theta"":0.75,""max_vel_x"":0.9311520353269379,""min_obstacle_dist"":0.3752011581604269,""weight_obstacle"":76.04777793673267,""weight_optimaltime"":0.7443263668119254,""weight_viapoint"":2.5}","{""acc_lim_theta"":0.5950048201135572,""acc_lim_x"":0.6129156362030223,""inflation_dist"":0.7244174681970356,""max_vel_theta"":0.75,""max_vel_x"":0.9311520353269379,""min_obstacle_dist"":0.3752011581604269,""weight_obstacle"":76.04777793673267,""weight_optimaltime"":0.7443263668119254,""weight_viapoint"":2.5}","{""acc_lim_theta"":0.5950048201135572,""acc_lim_x"":0.6129156362030223,""inflation_dist"":0.7266328533062357,""max_vel_theta"":0.7362524719150981,""max_vel_x"":0.8835029662981178,""min_obstacle_dist"":0.3779760839311634,""weight_obstacle"":76.65618532176921,""weight_optimaltime"":0.7443263668119254,""weight_viapoint"":2.5}","{""acc_lim_theta"":0.5950048201135572,""acc_lim_x"":0.6129156362030223,""inflation_dist"":0.7266328533062357,""max_vel_theta"":0.7362524719150981,""max_vel_x"":0.8835029662981178,""min_obstacle_dist"":0.3779760839311634,""weight_obstacle"":76.65618532176921,""weight_optimaltime"":0.7443263668119254,""weight_viapoint"":2.5}",false,,true,WARNING,recovery:healthy_timer_started|recovery:hysteresis_or_health_time|safety_mode:WARNING:conservative_filter,false,,0.6889261189127046,0.8029045446189609,-0.05,-0.0,-0.0019193571647547333,-0.0589862686335319,-0.0,-0.0030727999079694815,0.0,0.0,0.0,0.0,0.0,0.0,0.9628370025893673,16.000000000005343,48.00000000000182,true,
t12p_residual_seed102,t12p_residual_seed102-episode-000003,28,29,41.374,40.776,40.778,40.794,40.824,41.324,0,0.5,true,,2.4308856277403983,2.367960122937268,0.033562774057507495,0.24594201910104987,0.30481850353181084,0.6125,4.516313954362386,0.12960877417198835,-0.05427452976490456,,"[0.06991398334503174,-0.14749538898468018,0.0822368860244751,-0.8833843469619751,-0.4235116243362427]",,"{""acc_lim_theta"":0.5950048201135572,""acc_lim_x"":0.6129156362030223,""inflation_dist"":0.7266328533062357,""max_vel_theta"":0.7362524719150981,""max_vel_x"":0.8835029662981178,""min_obstacle_dist"":0.3779760839311634,""weight_obstacle"":76.65618532176921,""weight_optimaltime"":0.7443263668119254,""weight_viapoint"":2.5}","{""acc_lim_theta"":0.5960327613611779,""acc_lim_x"":0.6107412003011886,""inflation_dist"":0.7246903961230792,""max_vel_theta"":0.75,""max_vel_x"":0.928310986397558,""min_obstacle_dist"":0.37456655108284037,""weight_obstacle"":75.99633806497808,""weight_optimaltime"":0.7446448562510599,""weight_viapoint"":2.5}","{""acc_lim_theta"":0.5960327613611779,""acc_lim_x"":0.6107412003011886,""inflation_dist"":0.7246903961230792,""max_vel_theta"":0.75,""max_vel_x"":0.928310986397558,""min_obstacle_dist"":0.37456655108284037,""weight_obstacle"":75.99633806497808,""weight_optimaltime"":0.7446448562510599,""weight_viapoint"":2.5}","{""acc_lim_theta"":0.5960327613611779,""acc_lim_x"":0.6107412003011886,""inflation_dist"":0.7266328533062357,""max_vel_theta"":0.7362524719150981,""max_vel_x"":0.8835029662981178,""min_obstacle_dist"":0.3779760839311634,""weight_obstacle"":76.65618532176921,""weight_optimaltime"":0.7446448562510599,""weight_viapoint"":2.5}","{""acc_lim_theta"":0.5960327613611779,""acc_lim_x"":0.6107412003011886,""inflation_dist"":0.7266328533062357,""max_vel_theta"":0.7362524719150981,""max_vel_x"":0.8835029662981178,""min_obstacle_dist"":0.3779760839311634,""weight_obstacle"":76.65618532176921,""weight_optimaltime"":0.7446448562510599,""weight_viapoint"":2.5}",false,,true,WARNING,recovery:hysteresis_or_health_time|safety_mode:WARNING:conservative_filter,false,,0.18195621259472153,0.3146275240156515,-0.05,-3.287825463182041e-05,-0.0006006629163742993,-0.0811734780747334,-0.0,-0.0008642921751904897,0.0,0.0,0.0,0.0,0.0,0.0,0.9868020133581012,15.999999999998238,45.999999999999375,true,
t12p_residual_seed102,t12p_residual_seed102-episode-000003,29,30,41.974,41.356,41.376,41.392,41.424,41.924,0,0.5,true,,2.3805622338838037,2.4324200700611964,0.08857748982322491,0.2301006106256527,0.30481850353181084,0.5921052631578947,3.314871940981083,0.1964371285393717,-0.019151188085165288,,"[0.14362168312072754,-0.20191854238510132,0.27086472511291504,-0.8548123836517334,-0.5160577297210693]",,"{""acc_lim_theta"":0.5960327613611779,""acc_lim_x"":0.6107412003011886,""inflation_dist"":0.7266328533062357,""max_vel_theta"":0.7362524719150981,""max_vel_x"":0.8835029662981178,""min_obstacle_dist"":0.3779760839311634,""weight_obstacle"":76.65618532176921,""weight_optimaltime"":0.7446448562510599,""weight_viapoint"":2.5}","{""acc_lim_theta"":0.596951377370273,""acc_lim_x"":0.6091908043376639,""inflation_dist"":0.7241544305175597,""max_vel_theta"":0.75,""max_vel_x"":0.9265567320481616,""min_obstacle_dist"":0.3757900585934753,""weight_obstacle"":76.00669240461995,""weight_optimaltime"":0.7439210858671788,""weight_viapoint"":2.5}","{""acc_lim_theta"":0.596951377370273,""acc_lim_x"":0.6091908043376639,""inflation_dist"":0.7241544305175597,""max_vel_theta"":0.75,""max_vel_x"":0.9265567320481616,""min_obstacle_dist"":0.3757900585934753,""weight_obstacle"":76.00669240461995,""weight_optimaltime"":0.7439210858671788,""weight_viapoint"":2.5}","{""acc_lim_theta"":0.596951377370273,""acc_lim_x"":0.6091908043376639,""inflation_dist"":0.7266328533062357,""max_vel_theta"":0.7362524719150981,""max_vel_x"":0.8835029662981178,""min_obstacle_dist"":0.3779760839311634,""weight_obstacle"":76.65618532176921,""weight_optimaltime"":0.7439210858671788,""weight_viapoint"":2.5}","{""acc_lim_theta"":0.596951377370273,""acc_lim_x"":0.6091908043376639,""inflation_dist"":0.7266328533062357,""max_vel_theta"":0.7362524719150981,""max_vel_x"":0.8835029662981178,""min_obstacle_dist"":0.3779760839311634,""weight_obstacle"":76.65618532176921,""weight_optimaltime"":0.7439210858671788,""weight_viapoint"":2.5}",false,,true,WARNING,recovery:hysteresis_or_health_time|safety_mode:WARNING:conservative_filter,false,,-0.45319628290681885,-0.2592891808869635,-0.05,-4.9629127363197275e-05,-0.000905181975479037,-0.1421902838470819,-0.0,-0.0007620070699311921,0.0,0.0,0.0,0.0,0.0,0.0,1.0349310032324865,16.000000000005343,48.00000000000182,true,
t12p_residual_seed102,t12p_residual_seed102-episode-000003,30,31,42.578,41.956,41.976,41.99,42.028,42.528,0,0.5,true,,2.451617311041995,2.5156890896781965,0.1870984724569055,0.2563308398532608,0.30481850353181084,0.5563380281690141,1.8797714635102898,0.39350025369900593,0.0823240717706709,,"[0.10621488094329834,-0.2898467183113098,0.2605619430541992,-0.8288854360580444,-0.4408820867538452]",,"{""acc_lim_theta"":0.596951377370273,""acc_lim_x"":0.6091908043376639,""inflation_dist"":0.7266328533062357,""max_vel_theta"":0.7362524719150981,""max_vel_x"":0.8835029662981178,""min_obstacle_dist"":0.3779760839311634,""weight_obstacle"":76.65618532176921,""weight_optimaltime"":0.7439210858671788,""weight_viapoint"":2.5}","{""acc_lim_theta"":0.5963195696977954,""acc_lim_x"":0.609218767642913,""inflation_dist"":0.7240476810527752,""max_vel_theta"":0.75,""max_vel_x"":0.9277350318985412,""min_obstacle_dist"":0.37511151266815057,""weight_obstacle"":76.0069213486367,""weight_optimaltime"":0.7397837200590148,""weight_viapoint"":2.5}","{""acc_lim_theta"":0.5963195696977954,""acc_lim_x"":0.609218767642913,""inflation_dist"":0.7240476810527752,""max_vel_theta"":0.75,""max_vel_x"":0.9277350318985412,""min_obstacle_dist"":0.37511151266815057,""weight_obstacle"":76.0069213486367,""weight_optimaltime"":0.7397837200590148,""weight_viapoint"":2.5}","{""acc_lim_theta"":0.5963195696977954,""acc_lim_x"":0.609218767642913,""inflation_dist"":0.7266328533062357,""max_vel_theta"":0.7362524719150981,""max_vel_x"":0.8835029662981178,""min_obstacle_dist"":0.3779760839311634,""weight_obstacle"":76.65618532176921,""weight_optimaltime"":0.7397837200590148,""weight_viapoint"":2.5}","{""acc_lim_theta"":0.5963195696977954,""acc_lim_x"":0.609218767642913,""inflation_dist"":0.7266328533062357,""max_vel_theta"":0.7362524719150981,""max_vel_x"":0.8835029662981178,""min_obstacle_dist"":0.3779760839311634,""weight_obstacle"":76.65618532176921,""weight_optimaltime"":0.7397837200590148,""weight_viapoint"":2.5}",false,,true,WARNING,recovery:hysteresis_or_health_time|safety_mode:WARNING:conservative_filter,false,,-0.6147021196513762,-0.3203588931810075,-0.05,-0.0,-0.007264113438024014,-0.23608669712628025,-0.0,-0.00099241590606447,0.0,0.0,0.0,0.0,0.0,0.0,0.9238540078513324,14.000000000002899,51.9999999999996,true,
t12p_residual_seed102,t12p_residual_seed102-episode-000003,31,32,43.174,42.576,42.58,42.6,42.624,43.124,0,0.5,true,,2.554006992921978,2.6484619815531723,0.05698301711172252,0.33561521231758523,0.30481850353181084,0.5153846153846153,3.4741696098794184,-0.23695425761205458,0.09970651363247213,,"[0.10861480236053467,-0.08276998996734619,0.015489816665649414,-0.8568433523178101,-0.21767312288284302]",,"{""acc_lim_theta"":0.5963195696977954,""acc_lim_x"":0.609218767642913,""inflation_dist"":0.7266328533062357,""max_vel_theta"":0.7362524719150981,""max_vel_x"":0.8835029662981178,""min_obstacle_dist"":0.3779760839311634,""weight_obstacle"":76.65618532176921,""weight_optimaltime"":0.7397837200590148,""weight_viapoint"":2.5}","{""acc_lim_theta"":0.5922381198332484,""acc_lim_x"":0.612807199451657,""inflation_dist"":0.7249322782513509,""max_vel_theta"":0.75,""max_vel_x"":0.9244803224754996,""min_obstacle_dist"":0.3743697317552257,""weight_obstacle"":75.59468686778064,""weight_optimaltime"":0.7465101420917313,""weight_viapoint"":2.5}","{""acc_lim_theta"":0.5922381198332484,""acc_lim_x"":0.612807199451657,""inflation_dist"":0.7249322782513509,""max_vel_theta"":0.75,""max_vel_x"":0.9244803224754996,""min_obstacle_dist"":0.3743697317552257,""weight_obstacle"":75.59468686778064,""weight_optimaltime"":0.7465101420917313,""weight_viapoint"":2.5}","{""acc_lim_theta"":0.5922381198332484,""acc_lim_x"":0.612807199451657,""inflation_dist"":0.7266328533062357,""max_vel_theta"":0.7362524719150981,""max_vel_x"":0.8835029662981178,""min_obstacle_dist"":0.3779760839311634,""weight_obstacle"":76.65618532176921,""weight_optimaltime"":0.7465101420917313,""weight_viapoint"":2.5}","{""acc_lim_theta"":0.5922381198332484,""acc_lim_x"":0.612807199451657,""inflation_dist"":0.7266328533062357,""max_vel_theta"":0.7362524719150981,""max_vel_x"":0.8835029662981178,""min_obstacle_dist"":0.3779760839311634,""weight_obstacle"":76.65618532176921,""weight_optimaltime"":0.7465101420917313,""weight_viapoint"":2.5}",false,,true,WARNING,margin:warning|safety_mode:WARNING:conservative_filter,false,,-0.6916291890903481,-0.4722749431559703,-0.05,-0.0,-0.021741631874316752,-0.14434985923519492,-0.0,-0.0032627548248660323,0.0,0.0,0.0,0.0,0.0,0.0,0.8732009882805869,20.000000000003126,44.000000000004036,true,
t12p_residual_seed102,t12p_residual_seed102-episode-000003,32,33,43.726,43.156,43.174,43.194,43.224,43.724,0,0.45000000000000284,true,,2.625828165929887,2.5698142374735764,0.02874890193472876,0.33231288199805603,0.30481850353181084,0.5401459854014599,15.775954733984955,0.0,0.0,,"[-0.02604776620864868,0.0036782026290893555,0.17282915115356445,-0.8617440462112427,-0.45744574069976807]",,"{""acc_lim_theta"":0.5922381198332484,""acc_lim_x"":0.612807199451657,""inflation_dist"":0.7266328533062357,""max_vel_theta"":0.7362524719150981,""max_vel_x"":0.8835029662981178,""min_obstacle_dist"":0.3779760839311634,""weight_obstacle"":76.65618532176921,""weight_optimaltime"":0.7465101420917313,""weight_viapoint"":2.5}","{""acc_lim_theta"":0.5972995169541297,""acc_lim_x"":0.6160898704504643,""inflation_dist"":0.7241274406997837,""max_vel_theta"":0.75,""max_vel_x"":0.9377015271731184,""min_obstacle_dist"":0.3773053783842447,""weight_obstacle"":76.4431756659713,""weight_optimaltime"":0.7501790880310055,""weight_viapoint"":2.5}","{""acc_lim_theta"":0.5972995169541297,""acc_lim_x"":0.6160898704504643,""inflation_dist"":0.7241274406997837,""max_vel_theta"":0.75,""max_vel_x"":0.9377015271731184,""min_obstacle_dist"":0.3773053783842447,""weight_obstacle"":76.4431756659713,""weight_optimaltime"":0.7501790880310055,""weight_viapoint"":2.5}","{""acc_lim_theta"":0.5972995169541297,""acc_lim_x"":0.6160898704504643,""inflation_dist"":0.7266328533062357,""max_vel_theta"":0.7362524719150981,""max_vel_x"":0.8835029662981178,""min_obstacle_dist"":0.3779760839311634,""weight_obstacle"":76.65618532176921,""weight_optimaltime"":0.7501790880310055,""weight_viapoint"":2.5}","{""acc_lim_theta"":0.5972995169541297,""acc_lim_x"":0.6160898704504643,""inflation_dist"":0.7266328533062357,""max_vel_theta"":0.7362524719150981,""max_vel_x"":0.8835029662981178,""min_obstacle_dist"":0.3779760839311634,""weight_obstacle"":76.65618532176921,""weight_optimaltime"":0.7501790880310055,""weight_viapoint"":2.5}",false,,true,WARNING,recovery:hysteresis_or_health_time|safety_mode:WARNING:conservative_filter,false,,0.15115634053459828,0.28006964228155296,-0.04500000000000029,-0.0,-0.000505592799143579,-0.08058790273003377,-0.0,-0.0028198062177770215,0.0,0.0,0.0,0.0,0.0,0.0,0.8301339985337108,20.000000000003126,49.99999999999716,true,
t12p_residual_seed102,t12p_residual_seed102-episode-000004,0,1,45.278,44.676,44.678,44.694,44.728,45.228,0,0.5,true,,4.435184618099259,3.922061491877465,0.05153145404655278,0.0014733907072935,0.3024115040583776,0.9047619047619048,0.2816058762805003,1.0999999999999999,-0.004387122710933762,,"[0.4445232152938843,-0.14098870754241943,-0.7994379997253418,-0.20836448669433594,0.9709783792495728]",,"{""acc_lim_theta"":0.8,""acc_lim_x"":0.8,""inflation_dist"":0.55,""max_vel_theta"":1.0,""max_vel_x"":1.2,""min_obstacle_dist"":0.25,""weight_obstacle"":50.0,""weight_optimaltime"":1.0,""weight_viapoint"":1.0}","{""acc_lim_theta"":0.5932772318249993,""acc_lim_x"":0.6000110969508144,""inflation_dist"":0.7260361958403373,""max_vel_theta"":0.75,""max_vel_x"":0.8909100418192206,""min_obstacle_dist"":0.37190437865982534,""weight_obstacle"":74.21355515386202,""weight_optimaltime"":0.7482376411557198,""weight_viapoint"":2.5}","{""acc_lim_theta"":0.7000000000000001,""acc_lim_x"":0.7000000000000001,""inflation_dist"":0.6000000000000001,""max_vel_theta"":0.9,""max_vel_x"":1.0999999999999999,""min_obstacle_dist"":0.3,""weight_obstacle"":60.0,""weight_optimaltime"":0.9,""weight_viapoint"":1.5}","{""acc_lim_theta"":0.7000000000000001,""acc_lim_x"":0.7000000000000001,""inflation_dist"":0.6000000000000001,""max_vel_theta"":0.9,""max_vel_x"":1.0999999999999999,""min_obstacle_dist"":0.3,""weight_obstacle"":60.0,""weight_optimaltime"":0.9,""weight_viapoint"":1.5}","{""acc_lim_theta"":0.7000000000000001,""acc_lim_x"":0.7000000000000001,""inflation_dist"":0.6000000000000001,""max_vel_theta"":0.9,""max_vel_x"":1.0999999999999999,""min_obstacle_dist"":0.3,""weight_obstacle"":60.0,""weight_optimaltime"":0.9,""weight_viapoint"":1.5}",true,max_vel_x:rate_limit|max_vel_theta:rate_limit|acc_lim_x:rate_limit|acc_lim_theta:rate_limit|min_obstacle_dist:rate_limit|inflation_dist:rate_limit|weight_obstacle:rate_limit|weight_viapoint:rate_limit|weight_optimaltime:rate_limit,false,WARNING,margin:warning|safety_mode:WARNING:conservative_filter,false,,1.9833763318539426,2.565615631108973,-0.05,-0.2335981981003453,-0.0012845031348423983,-0.11973755040079555,-0.0,-0.17761904761904765,0.0,0.0,0.0,1.0,0.0,0.0,1.3947849947726354,16.000000000005343,50.00000000000426,true,
t12p_residual_seed102,t12p_residual_seed102-episode-000004,1,2,45.878,45.276,45.28,45.3,45.328,45.828,0,0.5,true,,3.8120616962880876,3.312062829611699,0.011597290770694229,0.00027762156228862135,0.3024115040583776,0.9169435215946844,0.3035222962184118,0.9999999999999998,-0.006031600350270846,,"[0.3101886510848999,0.27152955532073975,-0.8191836476325989,-0.3451422452926636,0.9470083713531494]",,"{""acc_lim_theta"":0.7000000000000001,""acc_lim_x"":0.7000000000000001,""inflation_dist"":0.6000000000000001,""max_vel_theta"":0.9,""max_vel_x"":1.0999999999999999,""min_obstacle_dist"":0.3,""weight_obstacle"":60.0,""weight_optimaltime"":0.9,""weight_viapoint"":1.5}","{""acc_lim_theta"":0.5936082148548074,""acc_lim_x"":0.6019033455345663,""inflation_dist"":0.7260617892675114,""max_vel_theta"":0.75,""max_vel_x"":0.8913419103177643,""min_obstacle_dist"":0.3730288637550999,""weight_obstacle"":74.23296968416969,""weight_optimaltime"":0.7533941194415092,""weight_viapoint"":2.5}","{""acc_lim_theta"":0.6000000000000001,""acc_lim_x"":0.6019033455345663,""inflation_dist"":0.6500000000000001,""max_vel_theta"":0.8,""max_vel_x"":0.9999999999999999,""min_obstacle_dist"":0.35,""weight_obstacle"":70.0,""weight_optimaltime"":0.8,""weight_viapoint"":2.0}","{""acc_lim_theta"":0.6000000000000001,""acc_lim_x"":0.6019033455345663,""inflation_dist"":0.6500000000000001,""max_vel_theta"":0.8,""max_vel_x"":0.9999999999999999,""min_obstacle_dist"":0.35,""weight_obstacle"":70.0,""weight_optimaltime"":0.8,""weight_viapoint"":2.0}","{""acc_lim_theta"":0.6000000000000001,""acc_lim_x"":0.6019033455345663,""inflation_dist"":0.6500000000000001,""max_vel_theta"":0.8,""max_vel_x"":0.9999999999999999,""min_obstacle_dist"":0.35,""weight_obstacle"":70.0,""weight_optimaltime"":0.8,""weight_viapoint"":2.0}",true,max_vel_x:rate_limit|max_vel_theta:rate_limit|acc_lim_theta:rate_limit|min_obstacle_dist:rate_limit|inflation_dist:rate_limit|weight_obstacle:rate_limit|weight_viapoint:rate_limit|weight_optimaltime:rate_limit,false,WARNING,margin:warning|safety_mode:WARNING:conservative_filter,false,,2.030869553254437,2.499994333381943,-0.05,-0.23109951845218574,-0.0008820504399140446,-0.010000000000000564,-0.0,-0.17714321123540608,0.0,0.0,0.0,1.0,0.0,0.0,1.2788379972334951,19.99999999999602,48.00000000000182,true,
t12p_residual_seed102,t12p_residual_seed102-episode-000004,2,3,46.436,45.876,45.878,45.896,45.934,46.434,0,0.45000000000000284,true,,3.1940635664900143,2.79806806679441,0.0037645130007933196,0.0015022894114425688,0.3024115040583776,0.9030694668820679,0.3447530625148969,0.8999999999999999,0.009854628992021433,,"[0.2606520652770996,-0.012434422969818115,-0.8438098430633545,-0.2756030559539795,0.9106426239013672]",,"{""acc_lim_theta"":0.6000000000000001,""acc_lim_x"":0.6019033455345663,""inflation_dist"":0.6500000000000001,""max_vel_theta"":0.8,""max_vel_x"":0.9999999999999999,""min_obstacle_dist"":0.35,""weight_obstacle"":70.0,""weight_optimaltime"":0.8,""weight_viapoint"":2.0}","{""acc_lim_theta"":0.5942114348294009,""acc_lim_x"":0.6003608814368728,""inflation_dist"":0.7260937086424692,""max_vel_theta"":0.75,""max_vel_x"":0.8912524986897155,""min_obstacle_dist"":0.37212627216155786,""weight_obstacle"":74.26242415532023,""weight_optimaltime"":0.7498445697128773,""weight_viapoint"":2.5}","{""acc_lim_theta"":0.5942114348294009,""acc_lim_x"":0.6003608814368728,""inflation_dist"":0.7000000000000002,""max_vel_theta"":0.75,""max_vel_x"":0.8999999999999999,""min_obstacle_dist"":0.37212627216155786,""weight_obstacle"":74.26242415532023,""weight_optimaltime"":0.7498445697128773,""weight_viapoint"":2.5}","{""acc_lim_theta"":0.5942114348294009,""acc_lim_x"":0.6003608814368728,""inflation_dist"":0.7000000000000002,""max_vel_theta"":0.75,""max_vel_x"":0.8999999999999999,""min_obstacle_dist"":0.37212627216155786,""weight_obstacle"":74.26242415532023,""weight_optimaltime"":0.7498445697128773,""weight_viapoint"":2.5}","{""acc_lim_theta"":0.5942114348294009,""acc_lim_x"":0.6003608814368728,""inflation_dist"":0.7000000000000002,""max_vel_theta"":0.75,""max_vel_x"":0.8999999999999999,""min_obstacle_dist"":0.37212627216155786,""weight_obstacle"":74.26242415532023,""weight_optimaltime"":0.7498445697128773,""weight_viapoint"":2.5}",true,max_vel_x:rate_limit|inflation_dist:rate_limit,false,WARNING,margin:warning|safety_mode:WARNING:conservative_filter,false,,1.635711168232596,1.9799774984780227,-0.04500000000000029,-0.20866596060444043,-2.6306965637345227e-05,-0.0037158145065396345,-0.0,-0.08685824816880898,0.0,0.0,0.0,1.0,0.0,0.0,0.74853899423033,18.000000000000682,55.999999999997385,true,
t12p_residual_seed102,t12p_residual_seed102-episode-000004,3,4,47.082,46.432,46.438,46.456,46.532,47.032,0,0.5,true,,2.672068619848075,2.2329771773965215,0.011195474750798738,0.0019912718344472103,0.3024115040583776,0.8929712460063898,0.3452594309210519,0.8913151796989958,0.003931478347943126,,"[0.3313814401626587,-0.15909695625305176,-0.7689999341964722,-0.24706029891967773,0.9168517589569092]",,"{""acc_lim_theta"":0.5942114348294009,""acc_lim_x"":0.6003608814368728,""inflation_dist"":0.7000000000000002,""max_vel_theta"":0.75,""max_vel_x"":0.8999999999999999,""min_obstacle_dist"":0.37212627216155786,""weight_obstacle"":74.26242415532023,""weight_optimaltime"":0.7498445697128773,""weight_viapoint"":2.5}","{""acc_lim_theta"":0.5939287287031219,""acc_lim_x"":0.5999353236244337,""inflation_dist"":0.7259967433788583,""max_vel_theta"":0.75,""max_vel_x"":0.8913151796989958,""min_obstacle_dist"":0.3719544690334439,""weight_obstacle"":74.25739506057646,""weight_optimaltime"":0.7480112880468368,""weight_viapoint"":2.5}","{""acc_lim_theta"":0.5939287287031219,""acc_lim_x"":0.5999353236244337,""inflation_dist"":0.7259967433788583,""max_vel_theta"":0.7427626497491632,""max_vel_x"":0.8913151796989958,""min_obstacle_dist"":0.3719544690334439,""weight_obstacle"":74.25739506057646,""weight_optimaltime"":0.7480112880468368,""weight_viapoint"":2.5}","{""acc_lim_theta"":0.5939287287031219,""acc_lim_x"":0.5999353236244337,""inflation_dist"":0.7259967433788583,""max_vel_theta"":0.7427626497491632,""max_vel_x"":0.8913151796989958,""min_obstacle_dist"":0.37212627216155786,""weight_obstacle"":74.26242415532023,""weight_optimaltime"":0.7480112880468368,""weight_viapoint"":2.5}","{""acc_lim_theta"":0.5939287287031219,""acc_lim_x"":0.5999353236244337,""inflation_dist"":0.7259967433788583,""max_vel_theta"":0.7427626497491632,""max_vel_x"":0.8913151796989958,""min_obstacle_dist"":0.37212627216155786,""weight_obstacle"":74.26242415532023,""weight_optimaltime"":0.7480112880468368,""weight_viapoint"":2.5}",true,max_vel_theta:ackermann_turning_radius,true,WARNING,margin:warning|safety_mode:WARNING:conservative_filter,false,,1.90127626809605,2.1954572122577676,-0.05,-0.23061518736335998,-2.388307397046909e-05,-0.0026755703407767453,-0.0,-0.0108663033836104,0.0,0.0,0.0,1.0,0.0,0.0,1.022188997012563,18.000000000000682,93.99999999999409,true,
t12p_residual_seed102,t12p_residual_seed102-episode-000004,4,5,47.682,47.076,47.084,47.1,47.132,47.632,0,0.5,true,,2.1438483459683333,1.6983750546201517,0.004484565981781712,0.0015756782383773182,0.3024115040583776,0.8888888888888888,0.3538464812338117,0.8909708510426555,-0.010452470313829587,,"[-0.10326570272445679,-0.20135271549224854,-0.8010209202766418,-0.4902450442314148,0.9024109840393066]",,"{""acc_lim_theta"":0.5939287287031219,""acc_lim_x"":0.5999353236244337,""inflation_dist"":0.7259967433788583,""max_vel_theta"":0.7427626497491632,""max_vel_x"":0.8913151796989958,""min_obstacle_dist"":0.37212627216155786,""weight_obstacle"":74.26242415532023,""weight_optimaltime"":0.7480112880468368,""weight_viapoint"":2.5}","{""acc_lim_theta"":0.595361332936363,""acc_lim_x"":0.5999343843239971,""inflation_dist"":0.7260382475512784,""max_vel_theta"":0.75,""max_vel_x"":0.8909708510426555,""min_obstacle_dist"":0.37172479127640007,""weight_obstacle"":74.2690913797231,""weight_optimaltime"":0.7474830910563469,""weight_viapoint"":2.5}","{""acc_lim_theta"":0.595361332936363,""acc_lim_x"":0.5999343843239971,""inflation_dist"":0.7260382475512784,""max_vel_theta"":0.742475709202213,""max_vel_x"":0.8909708510426555,""min_obstacle_dist"":0.37172479127640007,""weight_obstacle"":74.2690913797231,""weight_optimaltime"":0.7474830910563469,""weight_viapoint"":2.5}","{""acc_lim_theta"":0.595361332936363,""acc_lim_x"":0.5999343843239971,""inflation_dist"":0.7260382475512784,""max_vel_theta"":0.742475709202213,""max_vel_x"":0.8909708510426555,""min_obstacle_dist"":0.37212627216155786,""weight_obstacle"":74.2690913797231,""weight_optimaltime"":0.7474830910563469,""weight_viapoint"":2.5}","{""acc_lim_theta"":0.595361332936363,""acc_lim_x"":0.5999343843239971,""inflation_dist"":0.7260382475512784,""max_vel_theta"":0.742475709202213,""max_vel_x"":0.8909708510426555,""min_obstacle_dist"":0.37212627216155786,""weight_obstacle"":74.2690913797231,""weight_optimaltime"":0.7474830910563469,""weight_viapoint"":2.5}",true,max_vel_theta:ackermann_turning_radius,true,WARNING,margin:warning|safety_mode:WARNING:conservative_filter,false,,1.9486646935123824,2.227366456740908,-0.05,-0.22807128663571638,-2.6363746505567768e-05,-1.1856222357707364e-07,-0.0,-0.000603994284080371,0.0,0.0,0.0,1.0,0.0,0.0,0.8098690013866872,15.999999999998238,47.999999999994714,true,
t12p_residual_seed102,t12p_residual_seed102-episode-000004,5,6,48.234,47.676,47.684,47.704,47.732,48.232,0,0.44999999999999574,true,,1.609281729216563,1.1996796031040546,0.0016592541435982175,0.0003352526462425005,0.3024115040583776,0.8873015873015873,0.34267704475278293,0.8904931236668269,-0.0007487533020381847,,"[-0.07889556884765625,0.0004106760025024414,-0.6831650137901306,-0.43177568912506104,0.9260480403900146]",,"{""acc_lim_theta"":0.595361332936363,""acc_lim_x"":0.5999343843239971,""inflation_dist"":0.7260382475512784,""max_vel_theta"":0.742475709202213,""max_vel_x"":0.8909708510426555,""min_obstacle_dist"":0.37212627216155786,""weight_obstacle"":74.2690913797231,""weight_optimaltime"":0.7474830910563469,""weight_viapoint"":2.5}","{""acc_lim_theta"":0.595327617021772,""acc_lim_x"":0.600683831689354,""inflation_dist"":0.7258854879875569,""max_vel_theta"":0.75,""max_vel_x"":0.8904931236668269,""min_obstacle_dist"":0.372703621795471,""weight_obstacle"":74.2499465238312,""weight_optimaltime"":0.7500051334500313,""weight_viapoint"":2.5}","{""acc_lim_theta"":0.595327617021772,""acc_lim_x"":0.600683831689354,""inflation_dist"":0.7258854879875569,""max_vel_theta"":0.742077603055689,""max_vel_x"":0.8904931236668269,""min_obstacle_dist"":0.372703621795471,""weight_obstacle"":74.2499465238312,""weight_optimaltime"":0.7500051334500313,""weight_viapoint"":2.5}","{""acc_lim_theta"":0.595327617021772,""acc_lim_x"":0.600683831689354,""inflation_dist"":0.7260382475512784,""max_vel_theta"":0.742077603055689,""max_vel_x"":0.8904931236668269,""min_obstacle_dist"":0.372703621795471,""weight_obstacle"":74.2690913797231,""weight_optimaltime"":0.7500051334500313,""weight_viapoint"":2.5}","{""acc_lim_theta"":0.595327617021772,""acc_lim_x"":0.600683831689354,""inflation_dist"":0.7260382475512784,""max_vel_theta"":0.742077603055689,""max_vel_x"":0.8904931236668269,""min_obstacle_dist"":0.372703621795471,""weight_obstacle"":74.2690913797231,""weight_optimaltime"":0.7500051334500313,""weight_viapoint"":2.5}",true,max_vel_theta:ackermann_turning_radius,true,WARNING,margin:warning|safety_mode:WARNING:conservative_filter,false,,1.7960683858757083,2.0480106305625423,-0.044999999999999575,-0.20582252274500587,-2.9112107484167395e-05,-2.2822344561613763e-07,-0.0,-0.0010903816108986553,0.0,0.0,0.0,1.0,0.0,0.0,1.0472870053490624,20.000000000003126,48.00000000000182,true,
t12p_residual_seed102,t12p_residual_seed102-episode-000004,6,7,48.834,48.23,48.236,48.252,48.332,48.832,0,0.44999999999999574,true,,1.075018880954804,0.6656698954481665,0.01063508703779103,0.00190970418336326,0.2995898095737034,0.896,0.3446834694487851,0.8899965759587246,0.013699188135715084,,"[-0.18199557065963745,0.08001482486724854,-0.7334587574005127,-0.33106595277786255,0.8933764696121216]",,"{""acc_lim_theta"":0.595327617021772,""acc_lim_x"":0.600683831689354,""inflation_dist"":0.7260382475512784,""max_vel_theta"":0.742077603055689,""max_vel_x"":0.8904931236668269,""min_obstacle_dist"":0.372703621795471,""weight_obstacle"":74.2690913797231,""weight_optimaltime"":0.7500051334500313,""weight_viapoint"":2.5}","{""acc_lim_theta"":0.596274139489454,""acc_lim_x"":0.6002428420350632,""inflation_dist"":0.725950676492409,""max_vel_theta"":0.75,""max_vel_x"":0.8899965759587246,""min_obstacle_dist"":0.3727642859332118,""weight_obstacle"":74.27640889313066,""weight_optimaltime"":0.7510001853108406,""weight_viapoint"":2.5}","{""acc_lim_theta"":0.596274139489454,""acc_lim_x"":0.6002428420350632,""inflation_dist"":0.725950676492409,""max_vel_theta"":0.7416638132989372,""max_vel_x"":0.8899965759587246,""min_obstacle_dist"":0.3727642859332118,""weight_obstacle"":74.27640889313066,""weight_optimaltime"":0.7510001853108406,""weight_viapoint"":2.5}","{""acc_lim_theta"":0.596274139489454,""acc_lim_x"":0.6002428420350632,""inflation_dist"":0.7260382475512784,""max_vel_theta"":0.7416638132989372,""max_vel_x"":0.8899965759587246,""min_obstacle_dist"":0.3727642859332118,""weight_obstacle"":74.27640889313066,""weight_optimaltime"":0.7510001853108406,""weight_viapoint"":2.5}","{""acc_lim_theta"":0.596274139489454,""acc_lim_x"":0.6002428420350632,""inflation_dist"":0.7260382475512784,""max_vel_theta"":0.7416638132989372,""max_vel_x"":0.8899965759587246,""min_obstacle_dist"":0.3727642859332118,""weight_obstacle"":74.27640889313066,""weight_optimaltime"":0.7510001853108406,""weight_viapoint"":2.5}",true,max_vel_theta:ackermann_turning_radius,true,WARNING,margin:warning|safety_mode:WARNING:conservative_filter,false,,1.7911141235615669,2.046744927533188,-0.044999999999999575,-0.2098597605702625,-2.0491854465239863e-05,-2.4655962642161856e-07,-0.0,-0.0007503049872672878,0.0,0.0,0.07499999999999929,1.0,0.0,0.0,1.0356690036132932,16.000000000005343,96.00000000000364,true,
t12p_residual_seed102,t12p_residual_seed102-episode-000004,7,8,52.482,48.832,48.836,48.852,48.932,49.432,0,0.5,true,,0.5410947079567869,0.09719400291496892,0.9026848997262749,0.02805339524938358,0.2995898095737034,0.7121951219512195,0.4692294412387571,0.8802156107911289,0.15651756044358137,,"[-0.346407413482666,0.052770256996154785,-0.6908333897590637,-0.2807042598724365,0.907393217086792]",,"{""acc_lim_theta"":0.596274139489454,""acc_lim_x"":0.6002428420350632,""inflation_dist"":0.7260382475512784,""max_vel_theta"":0.7416638132989372,""max_vel_x"":0.8899965759587246,""min_obstacle_dist"":0.3727642859332118,""weight_obstacle"":74.27640889313066,""weight_optimaltime"":0.7510001853108406,""weight_viapoint"":2.5}","{""acc_lim_theta"":0.5971772116666682,""acc_lim_x"":0.5996454122222293,""inflation_dist"":0.7258954273940947,""max_vel_theta"":0.75,""max_vel_x"":0.8889350063309582,""min_obstacle_dist"":0.3728289881423632,""weight_obstacle"":74.2650560154079,""weight_optimaltime"":0.7506596282124519,""weight_viapoint"":2.5}","{""acc_lim_theta"":0.5971772116666682,""acc_lim_x"":0.5996454122222293,""inflation_dist"":0.7258954273940947,""max_vel_theta"":0.7407791719424652,""max_vel_x"":0.8889350063309582,""min_obstacle_dist"":0.3728289881423632,""weight_obstacle"":74.2650560154079,""weight_optimaltime"":0.7506596282124519,""weight_viapoint"":2.5}","{""acc_lim_theta"":0.5971772116666682,""acc_lim_x"":0.5996454122222293,""inflation_dist"":0.7260382475512784,""max_vel_theta"":0.7407791719424652,""max_vel_x"":0.8889350063309582,""min_obstacle_dist"":0.3728289881423632,""weight_obstacle"":74.27640889313066,""weight_optimaltime"":0.7506596282124519,""weight_viapoint"":2.5}","{""acc_lim_theta"":0.5971772116666682,""acc_lim_x"":0.5996454122222293,""inflation_dist"":0.7260382475512784,""max_vel_theta"":0.7407791719424652,""max_vel_x"":0.8889350063309582,""min_obstacle_dist"":0.3728289881423632,""weight_obstacle"":74.27640889313066,""weight_optimaltime"":0.7506596282124519,""weight_viapoint"":2.5}",true,max_vel_theta:ackermann_turning_radius,true,WARNING,margin:warning|safety_mode:WARNING:conservative_filter,false,,1.9391861830430788,2.21950352520909,-0.05,-0.22946819041914976,-2.5050473347910024e-05,-1.1269300745961124e-06,-0.0,-0.0008229743434390758,0.0,0.0,0.0,1.0,0.0,0.0,0.884419001522474,15.999999999998238,96.00000000000364,true,
t12p_residual_seed102,t12p_residual_seed102-episode-000004,8,9,53.07,52.476,52.484,52.506,52.52,53.02,0,0.5,true,,2.6467445360665134,2.995150860092523,0.4024644522952235,0.04148755038585944,0.2995898095737034,0.5945945945945946,1.6930199832126767,0.3424440345604317,0.2552823282723567,,"[-0.0973462462425232,-0.26298773288726807,-0.5169414281845093,-0.5610741376876831,0.8893953561782837]",,"{""acc_lim_theta"":0.5971772116666682,""acc_lim_x"":0.5996454122222293,""inflation_dist"":0.7260382475512784,""max_vel_theta"":0.7407791719424652,""max_vel_x"":0.8889350063309582,""min_obstacle_dist"":0.3728289881423632,""weight_obstacle"":74.27640889313066,""weight_optimaltime"":0.7506596282124519,""weight_viapoint"":2.5}","{""acc_lim_theta"":0.5943294199577793,""acc_lim_x"":0.6005748066728175,""inflation_dist"":0.7257860020113475,""max_vel_theta"":0.75,""max_vel_x"":0.890026567116143,""min_obstacle_dist"":0.37206995624585537,""weight_obstacle"":74.15495695661048,""weight_optimaltime"":0.7461437004076457,""weight_viapoint"":2.5}","{""acc_lim_theta"":0.5943294199577793,""acc_lim_x"":0.6005748066728175,""inflation_dist"":0.7257860020113475,""max_vel_theta"":0.7416888059301192,""max_vel_x"":0.890026567116143,""min_obstacle_dist"":0.37206995624585537,""weight_obstacle"":74.15495695661048,""weight_optimaltime"":0.7461437004076457,""weight_viapoint"":2.5}","{""acc_lim_theta"":0.5943294199577793,""acc_lim_x"":0.6005748066728175,""inflation_dist"":0.7260382475512784,""max_vel_theta"":0.7407791719424652,""max_vel_x"":0.8889350063309582,""min_obstacle_dist"":0.3728289881423632,""weight_obstacle"":74.27640889313066,""weight_optimaltime"":0.7461437004076457,""weight_viapoint"":2.5}","{""acc_lim_theta"":0.5943294199577793,""acc_lim_x"":0.6005748066728175,""inflation_dist"":0.7260382475512784,""max_vel_theta"":0.7407791719424652,""max_vel_x"":0.8889350063309582,""min_obstacle_dist"":0.3728289881423632,""weight_obstacle"":74.27640889313066,""weight_optimaltime"":0.7461437004076457,""weight_viapoint"":2.5}",true,max_vel_theta:ackermann_turning_radius,true,WARNING,margin:warning|safety_mode:WARNING:conservative_filter,false,,-2.0760047578762983,-1.742031620130049,-0.05,-0.043892338291479996,-0.15146347573545654,-0.08676984161848245,-0.0,-0.0018474821008304942,0.0,0.0,0.0,1.0,0.0,0.0,1.319729009992443,21.999999999998465,36.000000000001364,true,
t12p_residual_seed102,t12p_residual_seed102-episode-000004,9,10,53.668,53.056,53.07,53.09,53.118,53.618,0,0.5,true,,3.029358008323312,3.0769761287362227,0.022286730210737526,0.06624767018065726,0.2995898095737034,0.5652173913043478,6.219883944428452,0.10822367299010963,-0.02917521475306768,,"[-0.0908239483833313,-0.44567757844924927,-0.130895733833313,-0.861831784248352,0.6510981321334839]",,"{""acc_lim_theta"":0.5943294199577793,""acc_lim_x"":0.6005748066728175,""inflation_dist"":0.7260382475512784,""max_vel_theta"":0.7407791719424652,""max_vel_x"":0.8889350063309582,""min_obstacle_dist"":0.3728289881423632,""weight_obstacle"":74.27640889313066,""weight_optimaltime"":0.7461437004076457,""weight_viapoint"":2.5}","{""acc_lim_theta"":0.5885217990825451,""acc_lim_x"":0.6042393177744485,""inflation_dist"":0.7254026957427481,""max_vel_theta"":0.75,""max_vel_x"":0.8902618112490849,""min_obstacle_dist"":0.37090130343038613,""weight_obstacle"":73.74830173610195,""weight_optimaltime"":0.7367771434003532,""weight_viapoint"":2.5}","{""acc_lim_theta"":0.5885217990825451,""acc_lim_x"":0.6042393177744485,""inflation_dist"":0.7254026957427481,""max_vel_theta"":0.7418848427075707,""max_vel_x"":0.8902618112490849,""min_obstacle_dist"":0.37090130343038613,""weight_obstacle"":73.74830173610195,""weight_optimaltime"":0.7367771434003532,""weight_viapoint"":2.5}","{""acc_lim_theta"":0.5885217990825451,""acc_lim_x"":0.6042393177744485,""inflation_dist"":0.7260382475512784,""max_vel_theta"":0.7407791719424652,""max_vel_x"":0.8889350063309582,""min_obstacle_dist"":0.3728289881423632,""weight_obstacle"":74.27640889313066,""weight_optimaltime"":0.7367771434003532,""weight_viapoint"":2.5}","{""acc_lim_theta"":0.5885217990825451,""acc_lim_x"":0.6042393177744485,""inflation_dist"":0.7260382475512784,""max_vel_theta"":0.7407791719424652,""max_vel_x"":0.8889350063309582,""min_obstacle_dist"":0.3728289881423632,""weight_obstacle"":74.27640889313066,""weight_optimaltime"":0.7367771434003532,""weight_viapoint"":2.5}",true,max_vel_theta:ackermann_turning_radius,true,WARNING,margin:warning|safety_mode:WARNING:conservative_filter,false,,-0.4575944077414548,-0.23809060206455346,-0.05,-0.0,-0.10629814566567986,-0.058964315615546714,-0.0,-0.0042413443956748125,0.0,0.0,0.0,1.0,0.0,0.0,0.8700500038685277,20.000000000003126,48.00000000000182,true,
t12p_residual_seed102,t12p_residual_seed102-episode-000004,10,11,54.22,53.656,53.668,53.69,53.718,54.218,0,0.45000000000000284,true,,3.08777249307873,3.1519244660615904,0.11098502805069892,0.07160287172485036,0.2995898095737034,0.5343511450381679,2.3266640459341454,0.30148243347276305,0.07554664552994389,,"[-0.5753808617591858,-0.547951877117157,-0.31476056575775146,-0.7907261848449707,0.27536261081695557]",,"{""acc_lim_theta"":0.5885217990825451,""acc_lim_x"":0.6042393177744485,""inflation_dist"":0.7260382475512784,""max_vel_theta"":0.7407791719424652,""max_vel_x"":0.8889350063309582,""min_obstacle_dist"":0.3728289881423632,""weight_obstacle"":74.27640889313066,""weight_optimaltime"":0.7367771434003532,""weight_viapoint"":2.5}","{""acc_lim_theta"":0.5978248847289575,""acc_lim_x"":0.5993761963888965,""inflation_dist"":0.7262064403413002,""max_vel_theta"":0.75,""max_vel_x"":0.8947798535746566,""min_obstacle_dist"":0.3671918821594138,""weight_obstacle"":74.3404736392971,""weight_optimaltime"":0.7297455288162962,""weight_viapoint"":2.5}","{""acc_lim_theta"":0.5978248847289575,""acc_lim_x"":0.5993761963888965,""inflation_dist"":0.7262064403413002,""max_vel_theta"":0.7456498779788805,""max_vel_x"":0.8947798535746566,""min_obstacle_dist"":0.3671918821594138,""weight_obstacle"":74.3404736392971,""weight_optimaltime"":0.7297455288162962,""weight_viapoint"":2.5}","{""acc_lim_theta"":0.5978248847289575,""acc_lim_x"":0.5993761963888965,""inflation_dist"":0.7262064403413002,""max_vel_theta"":0.7407791719424652,""max_vel_x"":0.8889350063309582,""min_obstacle_dist"":0.3728289881423632,""weight_obstacle"":74.3404736392971,""weight_optimaltime"":0.7297455288162962,""weight_viapoint"":2.5}","{""acc_lim_theta"":0.5978248847289575,""acc_lim_x"":0.5993761963888965,""inflation_dist"":0.7262064403413002,""max_vel_theta"":0.7407791719424652,""max_vel_x"":0.8889350063309582,""min_obstacle_dist"":0.3728289881423632,""weight_obstacle"":74.3404736392971,""weight_optimaltime"":0.7297455288162962,""weight_viapoint"":2.5}",true,max_vel_theta:ackermann_turning_radius,true,WARNING,recovery:hysteresis_or_health_time|safety_mode:WARNING:conservative_filter,false,,-0.566167823265113,-0.32075986491430175,-0.04500000000000029,-0.0,-0.0010522312460126357,-0.19423166785479964,-0.0,-0.0051240592499987294,0.0,0.0,0.0,1.0,0.0,0.0,0.7779040024615824,21.999999999998465,50.00000000000426,true,
t12p_residual_seed102,t12p_residual_seed102-episode-000004,11,12,54.822,54.218,54.222,54.242,54.32,54.82,0,0.44999999999999574,true,,3.188093162401494,3.1261620913063966,0.008996537649546315,0.051313109475125074,0.2995898095737034,0.5481481481481482,3.5896054691440145,-0.18823133353248137,-0.05387570074064397,,"[0.22488534450531006,-0.3502398729324341,0.24614274501800537,-0.8389493823051453,-0.546724796295166]",,"{""acc_lim_theta"":0.5978248847289575,""acc_lim_x"":0.5993761963888965,""inflation_dist"":0.7262064403413002,""max_vel_theta"":0.7407791719424652,""max_vel_x"":0.8889350063309582,""min_obstacle_dist"":0.3728289881423632,""weight_obstacle"":74.3404736392971,""weight_optimaltime"":0.7297455288162962,""weight_viapoint"":2.5}","{""acc_lim_theta"":0.5953276597412757,""acc_lim_x"":0.6103475858079473,""inflation_dist"":0.7240001144081308,""max_vel_theta"":0.75,""max_vel_x"":0.9364874170524686,""min_obstacle_dist"":0.3744255446492066,""weight_obstacle"":76.38782177236732,""weight_optimaltime"":0.7362791248173406,""weight_viapoint"":2.5}","{""acc_lim_theta"":0.5953276597412757,""acc_lim_x"":0.6103475858079473,""inflation_dist"":0.7240001144081308,""max_vel_theta"":0.75,""max_vel_x"":0.9364874170524686,""min_obstacle_dist"":0.3744255446492066,""weight_obstacle"":76.38782177236732,""weight_optimaltime"":0.7362791248173406,""weight_viapoint"":2.5}","{""acc_lim_theta"":0.5953276597412757,""acc_lim_x"":0.6103475858079473,""inflation_dist"":0.7262064403413002,""max_vel_theta"":0.7407791719424652,""max_vel_x"":0.8889350063309582,""min_obstacle_dist"":0.3744255446492066,""weight_obstacle"":76.38782177236732,""weight_optimaltime"":0.7362791248173406,""weight_viapoint"":2.5}","{""acc_lim_theta"":0.5953276597412757,""acc_lim_x"":0.6103475858079473,""inflation_dist"":0.7262064403413002,""max_vel_theta"":0.7407791719424652,""max_vel_x"":0.8889350063309582,""min_obstacle_dist"":0.3744255446492066,""weight_obstacle"":76.38782177236732,""weight_optimaltime"":0.7362791248173406,""weight_viapoint"":2.5}",false,,true,WARNING,recovery:hysteresis_or_health_time|safety_mode:WARNING:conservative_filter,false,,0.18148684684397742,0.3096553554754866,-0.044999999999999575,-0.0,-0.0045812596048669186,-0.06918005735587285,-0.0,-0.009407191670769824,0.0,0.0,0.0,0.0,0.0,0.0,0.7806669891579077,19.99999999999602,97.99999999999898,true,
t12p_residual_seed102,t12p_residual_seed102-episode-000004,12,13,55.42,54.82,54.824,54.84,54.918,55.418,0,0.44999999999999574,true,,3.079642591405767,3.1587834180795444,0.010470354592343238,0.06066617671323835,0.2995898095737034,0.5461538461538461,9.80682460365603,0.0726053228671037,0.0543598875771005,,"[0.06098437309265137,-0.4780611991882324,0.28944146633148193,-0.8774490356445312,-0.5522914528846741]",,"{""acc_lim_theta"":0.5953276597412757,""acc_lim_x"":0.6103475858079473,""inflation_dist"":0.7262064403413002,""max_vel_theta"":0.7407791719424652,""max_vel_x"":0.8889350063309582,""min_obstacle_dist"":0.3744255446492066,""weight_obstacle"":76.38782177236732,""weight_optimaltime"":0.7362791248173406,""weight_viapoint"":2.5}","{""acc_lim_theta"":0.5976636790214788,""acc_lim_x"":0.6080929840740585,""inflation_dist"":0.7238846548876149,""max_vel_theta"":0.75,""max_vel_x"":0.9334598182999247,""min_obstacle_dist"":0.3737909459788765,""weight_obstacle"":76.32989849745532,""weight_optimaltime"":0.7322341917015509,""weight_viapoint"":2.5}","{""acc_lim_theta"":0.5976636790214788,""acc_lim_x"":0.6080929840740585,""inflation_dist"":0.7238846548876149,""max_vel_theta"":0.75,""max_vel_x"":0.9334598182999247,""min_obstacle_dist"":0.3737909459788765,""weight_obstacle"":76.32989849745532,""weight_optimaltime"":0.7322341917015509,""weight_viapoint"":2.5}","{""acc_lim_theta"":0.5976636790214788,""acc_lim_x"":0.6080929840740585,""inflation_dist"":0.7262064403413002,""max_vel_theta"":0.7407791719424652,""max_vel_x"":0.8889350063309582,""min_obstacle_dist"":0.3744255446492066,""weight_obstacle"":76.38782177236732,""weight_optimaltime"":0.7322341917015509,""weight_viapoint"":2.5}","{""acc_lim_theta"":0.5976636790214788,""acc_lim_x"":0.6080929840740585,""inflation_dist"":0.7262064403413002,""max_vel_theta"":0.7407791719424652,""max_vel_x"":0.8889350063309582,""min_obstacle_dist"":0.3744255446492066,""weight_obstacle"":76.38782177236732,""weight_optimaltime"":0.7322341917015509,""weight_viapoint"":2.5}",false,,true,WARNING,recovery:hysteresis_or_health_time|safety_mode:WARNING:conservative_filter,false,,-0.9191117389871015,-0.3957041333688882,-0.044999999999999575,-0.0,-7.505252834367447e-05,-0.4763759112131892,-0.0,-0.0019566418766809148,0.0,0.0,0.0,0.0,0.0,0.0,0.9997789893532172,16.000000000005343,94.0000000000012,true,
t12p_residual_seed102,t12p_residual_seed102-episode-000004,13,14,56.072,55.418,55.42,55.44,55.522,56.022,0,0.5,true,,3.174112638236831,3.071227405394776,0.007154336184539492,0.09241856765821825,0.2995898095737034,0.5571428571428572,5.397192656607401,-0.12573290827849246,-0.09001504993701848,,"[0.07606101036071777,-0.36258459091186523,0.3519606590270996,-0.8455321192741394,-0.6078264713287354]",,"{""acc_lim_theta"":0.5976636790214788,""acc_lim_x"":0.6080929840740585,""inflation_dist"":0.7262064403413002,""max_vel_theta"":0.7407791719424652,""max_vel_x"":0.8889350063309582,""min_obstacle_dist"":0.3744255446492066,""weight_obstacle"":76.38782177236732,""weight_optimaltime"":0.7322341917015509,""weight_viapoint"":2.5}","{""acc_lim_theta"":0.598279460426702,""acc_lim_x"":0.6100882637667078,""inflation_dist"":0.7235400949044106,""max_vel_theta"":0.75,""max_vel_x"":0.9378773228664503,""min_obstacle_dist"":0.3754382492363545,""weight_obstacle"":76.57547590855091,""weight_optimaltime"":0.735495832652526,""weight_viapoint"":2.5}","{""acc_lim_theta"":0.598279460426702,""acc_lim_x"":0.6100882637667078,""inflation_dist"":0.7235400949044106,""max_vel_theta"":0.75,""max_vel_x"":0.9378773228664503,""min_obstacle_dist"":0.3754382492363545,""weight_obstacle"":76.57547590855091,""weight_optimaltime"":0.735495832652526,""weight_viapoint"":2.5}","{""acc_lim_theta"":0.598279460426702,""acc_lim_x"":0.6100882637667078,""inflation_dist"":0.7262064403413002,""max_vel_theta"":0.7407791719424652,""max_vel_x"":0.8889350063309582,""min_obstacle_dist"":0.3754382492363545,""weight_obstacle"":76.57547590855091,""weight_optimaltime"":0.735495832652526,""weight_viapoint"":2.5}","{""acc_lim_theta"":0.598279460426702,""acc_lim_x"":0.6100882637667078,""inflation_dist"":0.7262064403413002,""max_vel_theta"":0.7407791719424652,""max_vel_x"":0.8889350063309582,""min_obstacle_dist"":0.3754382492363545,""weight_obstacle"":76.57547590855091,""weight_optimaltime"":0.735495832652526,""weight_viapoint"":2.5}",false,,true,WARNING,recovery:hysteresis_or_health_time|safety_mode:WARNING:conservative_filter,false,,0.3652346554304338,0.5144261642102754,-0.05,-0.0,-8.649172905810207e-05,-0.09701953347889404,-0.0,-0.002085483571889502,0.0,0.0,0.0,0.0,0.0,0.0,0.7419210014631972,19.99999999999602,101.99999999999676,true,
t12p_residual_seed102,t12p_residual_seed102-episode-000004,14,15,56.62,56.056,56.074,56.09,56.118,56.618,0,0.45000000000000284,true,,3.058712376182715,3.066820485751732,0.0020170040242990872,0.10344407945281808,0.2995898095737034,0.5563380281690141,4.602018423319403,-0.144517424988159,0.12042464441827581,,"[0.06486451625823975,-0.5244793891906738,0.3511594533920288,-0.8571508526802063,-0.5852091312408447]",,"{""acc_lim_theta"":0.598279460426702,""acc_lim_x"":0.6100882637667078,""inflation_dist"":0.7262064403413002,""max_vel_theta"":0.7407791719424652,""max_vel_x"":0.8889350063309582,""min_obstacle_dist"":0.3754382492363545,""weight_obstacle"":76.57547590855091,""weight_optimaltime"":0.735495832652526,""weight_viapoint"":2.5}","{""acc_lim_theta"":0.5981760910838576,""acc_lim_x"":0.6076593600662104,""inflation_dist"":0.7236384975594211,""max_vel_theta"":0.75,""max_vel_x"":0.9346171501115355,""min_obstacle_dist"":0.37400354368249017,""weight_obstacle"":76.41783864072204,""weight_optimaltime"":0.7303891940575621,""weight_viapoint"":2.5}","{""acc_lim_theta"":0.5981760910838576,""acc_lim_x"":0.6076593600662104,""inflation_dist"":0.7236384975594211,""max_vel_theta"":0.75,""max_vel_x"":0.9346171501115355,""min_obstacle_dist"":0.37400354368249017,""weight_obstacle"":76.41783864072204,""weight_optimaltime"":0.7303891940575621,""weight_viapoint"":2.5}","{""acc_lim_theta"":0.5981760910838576,""acc_lim_x"":0.6076593600662104,""inflation_dist"":0.7262064403413002,""max_vel_theta"":0.7407791719424652,""max_vel_x"":0.8889350063309582,""min_obstacle_dist"":0.3754382492363545,""weight_obstacle"":76.57547590855091,""weight_optimaltime"":0.7303891940575621,""weight_viapoint"":2.5}","{""acc_lim_theta"":0.5981760910838576,""acc_lim_x"":0.6076593600662104,""inflation_dist"":0.7262064403413002,""max_vel_theta"":0.7407791719424652,""max_vel_x"":0.8889350063309582,""min_obstacle_dist"":0.3754382492363545,""weight_obstacle"":76.57547590855091,""weight_optimaltime"":0.7303891940575621,""weight_viapoint"":2.5}",false,,true,WARNING,recovery:hysteresis_or_health_time|safety_mode:WARNING:conservative_filter,false,,-0.1970859509916557,-0.04054054784508487,-0.04500000000000029,-0.0,-3.222638937871876e-05,-0.10985878077736358,-0.0,-0.0016543959798282438,0.0,0.0,0.0,0.0,0.0,0.0,1.1624659964581951,16.000000000005343,44.000000000004036,true,
t12p_residual_seed102,t12p_residual_seed102-episode-000004,15,16,57.27,56.616,56.622,56.638,56.72,57.22,0,0.5,true,,3.0444053442682493,3.0194179723097214,0.007761057254695903,0.10046053420694318,0.2995898095737034,0.5793103448275863,9.346006369057944,-0.06579417530220304,0.05482550056652818,,"[0.10424315929412842,-0.4558147192001343,0.34987545013427734,-0.8703402280807495,-0.5412925481796265]",,"{""acc_lim_theta"":0.5981760910838576,""acc_lim_x"":0.6076593600662104,""inflation_dist"":0.7262064403413002,""max_vel_theta"":0.7407791719424652,""max_vel_x"":0.8889350063309582,""min_obstacle_dist"":0.3754382492363545,""weight_obstacle"":76.57547590855091,""weight_optimaltime"":0.7303891940575621,""weight_viapoint"":2.5}","{""acc_lim_theta"":0.597036105687053,""acc_lim_x"":0.6086074421877226,""inflation_dist"":0.723681832500072,""max_vel_theta"":0.75,""max_vel_x"":0.93271643624543,""min_obstacle_dist"":0.3745953531892266,""weight_obstacle"":76.2743561879314,""weight_optimaltime"":0.7334385472064285,""weight_viapoint"":2.5}","{""acc_lim_theta"":0.597036105687053,""acc_lim_x"":0.6086074421877226,""inflation_dist"":0.723681832500072,""max_vel_theta"":0.75,""max_vel_x"":0.93271643624543,""min_obstacle_dist"":0.3745953531892266,""weight_obstacle"":76.2743561879314,""weight_optimaltime"":0.7334385472064285,""weight_viapoint"":2.5}","{""acc_lim_theta"":0.597036105687053,""acc_lim_x"":0.6086074421877226,""inflation_dist"":0.7262064403413002,""max_vel_theta"":0.7407791719424652,""max_vel_x"":0.8889350063309582,""min_obstacle_dist"":0.3754382492363545,""weight_obstacle"":76.57547590855091,""weight_optimaltime"":0.7334385472064285,""weight_viapoint"":2.5}","{""acc_lim_theta"":0.597036105687053,""acc_lim_x"":0.6086074421877226,""inflation_dist"":0.7262064403413002,""max_vel_theta"":0.7407791719424652,""max_vel_x"":0.8889350063309582,""min_obstacle_dist"":0.3754382492363545,""weight_obstacle"":76.57547590855091,""weight_optimaltime"":0.7334385472064285,""weight_viapoint"":2.5}",false,,true,WARNING,recovery:hysteresis_or_health_time|safety_mode:WARNING:conservative_filter,false,,-0.06009400568327285,0.12493685979263924,-0.05,-0.0,-8.2991501422786e-05,-0.13381598646513682,-0.0,-0.0011318875093524916,0.0,0.0,0.0,0.0,0.0,0.0,0.7428870012518018,15.999999999998238,97.99999999999898,true,
t12p_residual_seed102,t12p_residual_seed102-episode-000004,16,17,57.868,57.256,57.27,57.3,57.318,57.818,0,0.5,true,,3.012875516715272,3.029419563022927,0.04971262812320465,0.08525320230009903,0.2995898095737034,0.5753424657534246,3.778527925421797,-0.16483194676387136,-0.1367786748439652,,"[0.09090292453765869,-0.4577375650405884,0.3604097366333008,-0.8696922063827515,-0.575685441493988]",,"{""acc_lim_theta"":0.597036105687053,""acc_lim_x"":0.6086074421877226,""inflation_dist"":0.7262064403413002,""max_vel_theta"":0.7407791719424652,""max_vel_x"":0.8889350063309582,""min_obstacle_dist"":0.3754382492363545,""weight_obstacle"":76.57547590855091,""weight_optimaltime"":0.7334385472064285,""weight_viapoint"":2.5}","{""acc_lim_theta"":0.5978888746204558,""acc_lim_x"":0.6076262192011628,""inflation_dist"":0.7237885920965089,""max_vel_theta"":0.75,""max_vel_x"":0.9301323789701937,""min_obstacle_dist"":0.37471647247628354,""weight_obstacle"":76.20915169407354,""weight_optimaltime"":0.7351624088849995,""weight_viapoint"":2.5}","{""acc_lim_theta"":0.5978888746204558,""acc_lim_x"":0.6076262192011628,""inflation_dist"":0.7237885920965089,""max_vel_theta"":0.75,""max_vel_x"":0.9301323789701937,""min_obstacle_dist"":0.37471647247628354,""weight_obstacle"":76.20915169407354,""weight_optimaltime"":0.7351624088849995,""weight_viapoint"":2.5}","{""acc_lim_theta"":0.5978888746204558,""acc_lim_x"":0.6076262192011628,""inflation_dist"":0.7262064403413002,""max_vel_theta"":0.7407791719424652,""max_vel_x"":0.8889350063309582,""min_obstacle_dist"":0.3754382492363545,""weight_obstacle"":76.57547590855091,""weight_optimaltime"":0.7351624088849995,""weight_viapoint"":2.5}","{""acc_lim_theta"":0.5978888746204558,""acc_lim_x"":0.6076262192011628,""inflation_dist"":0.7262064403413002,""max_vel_theta"":0.7407791719424652,""max_vel_x"":0.8889350063309582,""min_obstacle_dist"":0.3754382492363545,""weight_obstacle"":76.57547590855091,""weight_optimaltime"":0.7351624088849995,""weight_viapoint"":2.5}",false,,true,WARNING,recovery:hysteresis_or_health_time|safety_mode:WARNING:conservative_filter,false,,-0.29829415385789787,-0.08272023153827357,-0.05,-0.0,-0.0004889197069518666,-0.16428173229696763,-0.0,-0.0008032703157048404,0.0,0.0,0.0,0.0,0.0,0.0,0.8440300007350743,29.99999999999403,47.999999999994714,true,
t12p_residual_seed102,t12p_residual_seed102-episode-000004,17,18,58.42,57.856,57.87,57.888,57.918,58.418,0,0.44999999999999574,true,,3.013004181643734,3.028679266750663,0.0488292037795142,0.049759852320061713,0.2995898095737034,0.5793103448275863,4.025399141214912,-0.1514328038363811,-0.11476203633536468,,"[0.08008158206939697,-0.44628745317459106,0.34075450897216797,-0.8720611929893494,-0.5676258206367493]",,"{""acc_lim_theta"":0.5978888746204558,""acc_lim_x"":0.6076262192011628,""inflation_dist"":0.7262064403413002,""max_vel_theta"":0.7407791719424652,""max_vel_x"":0.8889350063309582,""min_obstacle_dist"":0.3754382492363545,""weight_obstacle"":76.57547590855091,""weight_optimaltime"":0.7351624088849995,""weight_viapoint"":2.5}","{""acc_lim_theta"":0.5978834635736243,""acc_lim_x"":0.6077734477339107,""inflation_dist"":0.7238328239202647,""max_vel_theta"":0.75,""max_vel_x"":0.9303651550235046,""min_obstacle_dist"":0.37462373459792736,""weight_obstacle"":76.21495044466269,""weight_optimaltime"":0.7352577965362863,""weight_viapoint"":2.5}","{""acc_lim_theta"":0.5978834635736243,""acc_lim_x"":0.6077734477339107,""inflation_dist"":0.7238328239202647,""max_vel_theta"":0.75,""max_vel_x"":0.9303651550235046,""min_obstacle_dist"":0.37462373459792736,""weight_obstacle"":76.21495044466269,""weight_optimaltime"":0.7352577965362863,""weight_viapoint"":2.5}","{""acc_lim_theta"":0.5978834635736243,""acc_lim_x"":0.6077734477339107,""inflation_dist"":0.7262064403413002,""max_vel_theta"":0.7407791719424652,""max_vel_x"":0.8889350063309582,""min_obstacle_dist"":0.3754382492363545,""weight_obstacle"":76.57547590855091,""weight_optimaltime"":0.7352577965362863,""weight_viapoint"":2.5}","{""acc_lim_theta"":0.5978834635736243,""acc_lim_x"":0.6077734477339107,""inflation_dist"":0.7262064403413002,""max_vel_theta"":0.7407791719424652,""max_vel_x"":0.8889350063309582,""min_obstacle_dist"":0.3754382492363545,""weight_obstacle"":76.57547590855091,""weight_optimaltime"":0.7352577965362863,""weight_viapoint"":2.5}",false,,true,WARNING,recovery:hysteresis_or_health_time|safety_mode:WARNING:conservative_filter,false,,-0.24388707638898988,-0.07837542553464472,-0.044999999999999575,-0.0,-0.0010704387835750518,-0.11938397464561833,-0.0,-5.723742515222341e-05,0.0,0.0,0.0,0.0,0.0,0.0,0.9342920093331486,18.000000000000682,48.00000000000182,true,
t12p_residual_seed102,t12p_residual_seed102-episode-000004,18,19,59.072,58.416,58.422,58.44,58.522,59.022,0,0.5,true,,3.0002787492515988,2.9987553025387457,0.06431320846869924,0.0005045951729447059,0.2995898095737034,0.5945945945945946,5.345192106556443,0.10925201220076257,-0.06362605727129246,,"[0.08461189270019531,-0.45249587297439575,0.302304744720459,-0.8778164386749268,-0.5557051301002502]",,"{""acc_lim_theta"":0.5978834635736243,""acc_lim_x"":0.6077734477339107,""inflation_dist"":0.7262064403413002,""max_vel_theta"":0.7407791719424652,""max_vel_x"":0.8889350063309582,""min_obstacle_dist"":0.3754382492363545,""weight_obstacle"":76.57547590855091,""weight_optimaltime"":0.7352577965362863,""weight_viapoint"":2.5}","{""acc_lim_theta"":0.5977248188047266,""acc_lim_x"":0.6073998159449348,""inflation_dist"":0.7239969603390289,""max_vel_theta"":0.75,""max_vel_x"":0.9291588782990932,""min_obstacle_dist"":0.37425862247387576,""weight_obstacle"":76.15217700276187,""weight_optimaltime"":0.7355209282272518,""weight_viapoint"":2.5}","{""acc_lim_theta"":0.5977248188047266,""acc_lim_x"":0.6073998159449348,""inflation_dist"":0.7239969603390289,""max_vel_theta"":0.75,""max_vel_x"":0.9291588782990932,""min_obstacle_dist"":0.37425862247387576,""weight_obstacle"":76.15217700276187,""weight_optimaltime"":0.7355209282272518,""weight_viapoint"":2.5}","{""acc_lim_theta"":0.5977248188047266,""acc_lim_x"":0.6073998159449348,""inflation_dist"":0.7262064403413002,""max_vel_theta"":0.7407791719424652,""max_vel_x"":0.8889350063309582,""min_obstacle_dist"":0.3754382492363545,""weight_obstacle"":76.57547590855091,""weight_optimaltime"":0.7355209282272518,""weight_viapoint"":2.5}","{""acc_lim_theta"":0.5977248188047266,""acc_lim_x"":0.6073998159449348,""inflation_dist"":0.7262064403413002,""max_vel_theta"":0.7407791719424652,""max_vel_x"":0.8889350063309582,""min_obstacle_dist"":0.3754382492363545,""weight_obstacle"":76.57547590855091,""weight_optimaltime"":0.7355209282272518,""weight_viapoint"":2.5}",false,,true,WARNING,recovery:hysteresis_or_health_time|safety_mode:WARNING:conservative_filter,false,,-0.20312737835268257,0.007617233564265469,-0.05,-0.0006514932887886006,-0.002077649878968038,-0.1578297732715299,-0.0,-0.0001856954776615183,0.0,0.0,0.0,0.0,0.0,0.0,2.2164359979797155,18.000000000000682,100.00000000000142,true,
t12p_residual_seed102,t12p_residual_seed102-episode-000004,19,20,59.646,59.064,59.074,59.094,59.118,59.618,0,0.47799999999999443,true,,3.009680343764877,3.045949695740929,0.06253194249901287,0.017141516456109777,0.2995898095737034,0.574468085106383,3.093702702848065,0.19897921280267286,0.14471277532753113,,"[0.05267798900604248,-0.4001741409301758,0.3245943784713745,-0.8688194751739502,-0.5081119537353516]",,"{""acc_lim_theta"":0.5977248188047266,""acc_lim_x"":0.6073998159449348,""inflation_dist"":0.7262064403413002,""max_vel_theta"":0.7407791719424652,""max_vel_x"":0.8889350063309582,""min_obstacle_dist"":0.3754382492363545,""weight_obstacle"":76.57547590855091,""weight_optimaltime"":0.7355209282272518,""weight_viapoint"":2.5}","{""acc_lim_theta"":0.5978490270954872,""acc_lim_x"":0.6072513571488203,""inflation_dist"":0.7239903316385077,""max_vel_theta"":0.75,""max_vel_x"":0.92553627340594,""min_obstacle_dist"":0.37484735357309973,""weight_obstacle"":75.98764033909922,""weight_optimaltime"":0.7379956201007363,""weight_viapoint"":2.5}","{""acc_lim_theta"":0.5978490270954872,""acc_lim_x"":0.6072513571488203,""inflation_dist"":0.7239903316385077,""max_vel_theta"":0.75,""max_vel_x"":0.92553627340594,""min_obstacle_dist"":0.37484735357309973,""weight_obstacle"":75.98764033909922,""weight_optimaltime"":0.7379956201007363,""weight_viapoint"":2.5}","{""acc_lim_theta"":0.5978490270954872,""acc_lim_x"":0.6072513571488203,""inflation_dist"":0.7262064403413002,""max_vel_theta"":0.7407791719424652,""max_vel_x"":0.8889350063309582,""min_obstacle_dist"":0.3754382492363545,""weight_obstacle"":76.57547590855091,""weight_optimaltime"":0.7379956201007363,""weight_viapoint"":2.5}","{""acc_lim_theta"":0.5978490270954872,""acc_lim_x"":0.6072513571488203,""inflation_dist"":0.7262064403413002,""max_vel_theta"":0.7407791719424652,""max_vel_x"":0.8889350063309582,""min_obstacle_dist"":0.3754382492363545,""weight_obstacle"":76.57547590855091,""weight_optimaltime"":0.7379956201007363,""weight_viapoint"":2.5}",false,,true,WARNING,recovery:hysteresis_or_health_time|safety_mode:WARNING:conservative_filter,false,,-0.26738410196702583,-0.18134675988026094,-0.04779999999999945,-0.0002556728247101052,-0.003880143975723719,-0.033538420139915946,-0.0,-0.000563105146415649,0.0,0.0,0.0,0.0,0.0,0.0,1.078946006600745,20.000000000003126,44.000000000004036,true,
t12p_residual_seed102,t12p_residual_seed102-episode-000004,20,21,60.22,59.636,59.646,59.67,59.718,60.218,0,0.45000000000000284,true,,3.067105726553503,3.051905364826572,0.05935750024801915,0.010731888436460594,0.2995898095737034,0.5714285714285714,6.53403080711325,-0.09327318228460214,-0.05299953110126943,,"[0.027564048767089844,-0.3953566551208496,0.22915256023406982,-0.8306161761283875,-0.4868127107620239]",,"{""acc_lim_theta"":0.5978490270954872,""acc_lim_x"":0.6072513571488203,""inflation_dist"":0.7262064403413002,""max_vel_theta"":0.7407791719424652,""max_vel_x"":0.8889350063309582,""min_obstacle_dist"":0.3754382492363545,""weight_obstacle"":76.57547590855091,""weight_optimaltime"":0.7379956201007363,""weight_viapoint"":2.5}","{""acc_lim_theta"":0.5980747728064174,""acc_lim_x"":0.6069141332959771,""inflation_dist"":0.7242285299527573,""max_vel_theta"":0.75,""max_vel_x"":0.9262238921641666,""min_obstacle_dist"":0.3740371949663413,""weight_obstacle"":76.02413667480808,""weight_optimaltime"":0.7371638032517264,""weight_viapoint"":2.5}","{""acc_lim_theta"":0.5980747728064174,""acc_lim_x"":0.6069141332959771,""inflation_dist"":0.7242285299527573,""max_vel_theta"":0.75,""max_vel_x"":0.9262238921641666,""min_obstacle_dist"":0.3740371949663413,""weight_obstacle"":76.02413667480808,""weight_optimaltime"":0.7371638032517264,""weight_viapoint"":2.5}","{""acc_lim_theta"":0.5980747728064174,""acc_lim_x"":0.6069141332959771,""inflation_dist"":0.7262064403413002,""max_vel_theta"":0.7407791719424652,""max_vel_x"":0.8889350063309582,""min_obstacle_dist"":0.3754382492363545,""weight_obstacle"":76.57547590855091,""weight_optimaltime"":0.7371638032517264,""weight_viapoint"":2.5}","{""acc_lim_theta"":0.5980747728064174,""acc_lim_x"":0.6069141332959771,""inflation_dist"":0.7262064403413002,""max_vel_theta"":0.7407791719424652,""max_vel_x"":0.8889350063309582,""min_obstacle_dist"":0.3754382492363545,""weight_obstacle"":76.57547590855091,""weight_optimaltime"":0.7371638032517264,""weight_viapoint"":2.5}",false,,true,WARNING,recovery:hysteresis_or_health_time|safety_mode:WARNING:conservative_filter,false,,-0.08814347621376119,0.07600180863465367,-0.04500000000000029,-0.0,-0.0023929063924901708,-0.11644527269517904,-0.0,-0.0003071057607453409,0.0,0.0,0.0,0.0,0.0,0.0,0.7376490102615207,24.00000000000091,72.00000000000273,true,
t12p_residual_seed102,t12p_residual_seed102-episode-000004,21,22,60.866,60.218,60.222,60.242,60.316,60.816,0,0.5,true,,3.0429062165780847,3.0523770871190687,0.06656882941948655,0.005742166544555886,0.2995898095737034,0.5673758865248227,8.857792358034024,0.07047640280962984,0.030201821766982474,,"[0.018335580825805664,-0.39634716510772705,0.1639043092727661,-0.7878342866897583,-0.4306159019470215]",,"{""acc_lim_theta"":0.5980747728064174,""acc_lim_x"":0.6069141332959771,""inflation_dist"":0.7262064403413002,""max_vel_theta"":0.7407791719424652,""max_vel_x"":0.8889350063309582,""min_obstacle_dist"":0.3754382492363545,""weight_obstacle"":76.57547590855091,""weight_optimaltime"":0.7371638032517264,""weight_viapoint"":2.5}","{""acc_lim_theta"":0.5979782231594719,""acc_lim_x"":0.6059897604892144,""inflation_dist"":0.7244563390261675,""max_vel_theta"":0.75,""max_vel_x"":0.9234557749880368,""min_obstacle_dist"":0.3734825312680341,""weight_obstacle"":75.89254373246725,""weight_optimaltime"":0.7373215401621868,""weight_viapoint"":2.5}","{""acc_lim_theta"":0.5979782231594719,""acc_lim_x"":0.6059897604892144,""inflation_dist"":0.7244563390261675,""max_vel_theta"":0.75,""max_vel_x"":0.9234557749880368,""min_obstacle_dist"":0.3734825312680341,""weight_obstacle"":75.89254373246725,""weight_optimaltime"":0.7373215401621868,""weight_viapoint"":2.5}","{""acc_lim_theta"":0.5979782231594719,""acc_lim_x"":0.6059897604892144,""inflation_dist"":0.7262064403413002,""max_vel_theta"":0.7407791719424652,""max_vel_x"":0.8889350063309582,""min_obstacle_dist"":0.3754382492363545,""weight_obstacle"":76.57547590855091,""weight_optimaltime"":0.7373215401621868,""weight_viapoint"":2.5}","{""acc_lim_theta"":0.5979782231594719,""acc_lim_x"":0.6059897604892144,""inflation_dist"":0.7262064403413002,""max_vel_theta"":0.7407791719424652,""max_vel_x"":0.8889350063309582,""min_obstacle_dist"":0.3754382492363545,""weight_obstacle"":76.57547590855091,""weight_optimaltime"":0.7373215401621868,""weight_viapoint"":2.5}",false,,true,WARNING,recovery:hysteresis_or_health_time|safety_mode:WARNING:conservative_filter,false,,-0.15124383243776962,-0.04735435270492028,-0.05,-2.3772007351645255e-05,-0.001569455198399561,-0.052009474531579,-0.0,-0.000286777995519133,0.0,0.0,0.0,0.0,0.0,0.0,1.1142620060127228,19.99999999999602,94.0000000000012,true,
t12p_residual_seed102,t12p_residual_seed102-episode-000004,22,23,61.468,60.856,60.866,60.884,60.918,61.418,0,0.5,true,,3.061466011105879,3.091579827501469,0.09551276228561531,0.012465981867555643,0.2995898095737034,0.5514705882352942,9.542553093394414,0.06947775094627105,-0.009778094333501564,,"[0.03977632522583008,-0.3207113742828369,0.07005000114440918,-0.8350092172622681,-0.4339231848716736]",,"{""acc_lim_theta"":0.5979782231594719,""acc_lim_x"":0.6059897604892144,""inflation_dist"":0.7262064403413002,""max_vel_theta"":0.7407791719424652,""max_vel_x"":0.8889350063309582,""min_obstacle_dist"":0.3754382492363545,""weight_obstacle"":76.57547590855091,""weight_optimaltime"":0.7373215401621868,""weight_viapoint"":2.5}","{""acc_lim_theta"":0.5972760999466836,""acc_lim_x"":0.607252281973458,""inflation_dist"":0.7247592408635034,""max_vel_theta"":0.75,""max_vel_x"":0.9252441179923758,""min_obstacle_dist"":0.37316963998098696,""weight_obstacle"":75.9319425482096,""weight_optimaltime"":0.7393697874244689,""weight_viapoint"":2.5}","{""acc_lim_theta"":0.5972760999466836,""acc_lim_x"":0.607252281973458,""inflation_dist"":0.7247592408635034,""max_vel_theta"":0.75,""max_vel_x"":0.9252441179923758,""min_obstacle_dist"":0.37316963998098696,""weight_obstacle"":75.9319425482096,""weight_optimaltime"":0.7393697874244689,""weight_viapoint"":2.5}","{""acc_lim_theta"":0.5972760999466836,""acc_lim_x"":0.607252281973458,""inflation_dist"":0.7262064403413002,""max_vel_theta"":0.7407791719424652,""max_vel_x"":0.8889350063309582,""min_obstacle_dist"":0.3754382492363545,""weight_obstacle"":76.57547590855091,""weight_optimaltime"":0.7393697874244689,""weight_viapoint"":2.5}","{""acc_lim_theta"":0.5972760999466836,""acc_lim_x"":0.607252281973458,""inflation_dist"":0.7262064403413002,""max_vel_theta"":0.7407791719424652,""max_vel_x"":0.8889350063309582,""min_obstacle_dist"":0.3754382492363545,""weight_obstacle"":76.57547590855091,""weight_optimaltime"":0.7393697874244689,""weight_viapoint"":2.5}",false,,true,WARNING,recovery:hysteresis_or_health_time|safety_mode:WARNING:conservative_filter,false,,-0.297875745854135,-0.15056908197794927,-0.05,-0.0,-0.003995946743923187,-0.09240990650554816,-0.0,-0.0009008106267144157,0.0,0.0,0.0,0.0,0.0,0.0,0.9410049970028922,18.000000000000682,51.9999999999996,true,
t12p_residual_seed102,t12p_residual_seed102-episode-000004,23,24,62.068,61.444,61.468,61.486,61.518,62.018,0,0.5,true,,3.098526480939267,3.028829675256472,0.050315175508746625,0.018558111057242088,0.2995898095737034,0.5763888888888888,11.857171602516047,0.04340522786143482,-0.03616905803252309,,"[0.10995805263519287,-0.3001200556755066,0.008549928665161133,-0.8214245438575745,-0.5042423009872437]",,"{""acc_lim_theta"":0.5972760999466836,""acc_lim_x"":0.607252281973458,""inflation_dist"":0.7262064403413002,""max_vel_theta"":0.7407791719424652,""max_vel_x"":0.8889350063309582,""min_obstacle_dist"":0.3754382492363545,""weight_obstacle"":76.57547590855091,""weight_optimaltime"":0.7393697874244689,""weight_viapoint"":2.5}","{""acc_lim_theta"":0.5969742595047827,""acc_lim_x"":0.6080904778977481,""inflation_dist"":0.7249679316964598,""max_vel_theta"":0.75,""max_vel_x"":0.9306371476832134,""min_obstacle_dist"":0.3725760552241011,""weight_obstacle"":76.18182840698259,""weight_optimaltime"":0.739144209112728,""weight_viapoint"":2.5}","{""acc_lim_theta"":0.5969742595047827,""acc_lim_x"":0.6080904778977481,""inflation_dist"":0.7249679316964598,""max_vel_theta"":0.75,""max_vel_x"":0.9306371476832134,""min_obstacle_dist"":0.3725760552241011,""weight_obstacle"":76.18182840698259,""weight_optimaltime"":0.739144209112728,""weight_viapoint"":2.5}","{""acc_lim_theta"":0.5969742595047827,""acc_lim_x"":0.6080904778977481,""inflation_dist"":0.7262064403413002,""max_vel_theta"":0.7407791719424652,""max_vel_x"":0.8889350063309582,""min_obstacle_dist"":0.3754382492363545,""weight_obstacle"":76.57547590855091,""weight_optimaltime"":0.739144209112728,""weight_viapoint"":2.5}","{""acc_lim_theta"":0.5969742595047827,""acc_lim_x"":0.6080904778977481,""inflation_dist"":0.7262064403413002,""max_vel_theta"":0.7407791719424652,""max_vel_x"":0.8889350063309582,""min_obstacle_dist"":0.3754382492363545,""weight_obstacle"":76.57547590855091,""weight_optimaltime"":0.739144209112728,""weight_viapoint"":2.5}",false,,true,WARNING,recovery:hysteresis_or_health_time|safety_mode:WARNING:conservative_filter,false,,0.2357470038971213,0.34848402841397563,-0.05,-1.8021326365111027e-06,-0.0021801748196580463,-0.0602249228106639,-0.0,-0.00033012475389591623,0.0,0.0,0.0,0.0,0.0,0.0,0.9588640095898882,17.999999999993577,49.99999999999716,true,
t12p_residual_seed102,t12p_residual_seed102-episode-000004,24,25,62.62,62.056,62.068,62.086,62.118,62.618,0,0.45000000000000284,true,,3.031242172626797,3.0745914955784697,0.05244387145955335,0.047105895019395015,0.2995898095737034,0.5611510791366906,3.1846063974981162,0.2066336487926611,-0.17218535192379705,,"[0.09907054901123047,-0.2850968837738037,0.024814724922180176,-0.8504968881607056,-0.4008122682571411]",,"{""acc_lim_theta"":0.5969742595047827,""acc_lim_x"":0.6080904778977481,""inflation_dist"":0.7262064403413002,""max_vel_theta"":0.7407791719424652,""max_vel_x"":0.8889350063309582,""min_obstacle_dist"":0.3754382492363545,""weight_obstacle"":76.57547590855091,""weight_optimaltime"":0.739144209112728,""weight_viapoint"":2.5}","{""acc_lim_theta"":0.5963213835618655,""acc_lim_x"":0.607338663513812,""inflation_dist"":0.7249210262460903,""max_vel_theta"":0.75,""max_vel_x"":0.9231398033194156,""min_obstacle_dist"":0.37318404419799256,""weight_obstacle"":75.79710581481369,""weight_optimaltime"":0.7412497846126822,""weight_viapoint"":2.5}","{""acc_lim_theta"":0.5963213835618655,""acc_lim_x"":0.607338663513812,""inflation_dist"":0.7249210262460903,""max_vel_theta"":0.75,""max_vel_x"":0.9231398033194156,""min_obstacle_dist"":0.37318404419799256,""weight_obstacle"":75.79710581481369,""weight_optimaltime"":0.7412497846126822,""weight_viapoint"":2.5}","{""acc_lim_theta"":0.5963213835618655,""acc_lim_x"":0.607338663513812,""inflation_dist"":0.7262064403413002,""max_vel_theta"":0.7407791719424652,""max_vel_x"":0.8889350063309582,""min_obstacle_dist"":0.3754382492363545,""weight_obstacle"":76.57547590855091,""weight_optimaltime"":0.7412497846126822,""weight_viapoint"":2.5}","{""acc_lim_theta"":0.5963213835618655,""acc_lim_x"":0.607338663513812,""inflation_dist"":0.7262064403413002,""max_vel_theta"":0.7407791719424652,""max_vel_x"":0.8889350063309582,""min_obstacle_dist"":0.3754382492363545,""weight_obstacle"":76.57547590855091,""weight_optimaltime"":0.7412497846126822,""weight_viapoint"":2.5}",false,,true,WARNING,recovery:hysteresis_or_health_time|safety_mode:WARNING:conservative_filter,false,,-0.3253487120498048,-0.216746614758363,-0.04500000000000029,-7.083316363831752e-06,-0.0010497818993352465,-0.061772944394038354,-0.0,-0.0007722876817041314,0.0,0.0,0.0,0.0,0.0,0.0,0.8267350058304146,18.000000000000682,50.00000000000426,true,
t12p_residual_seed102,t12p_residual_seed102-episode-000004,25,26,63.222,62.616,62.622,62.64,62.72,63.22,0,0.44999999999999574,true,,3.0941856698680517,3.0939940393688836,0.052643459510630375,0.034109037315219644,0.2995898095737034,0.5611510791366906,4.003534923852814,-0.16226326336588243,0.11827635908303342,,"[0.06575500965118408,-0.24606627225875854,0.01190030574798584,-0.8712528944015503,-0.5128487944602966]",,"{""acc_lim_theta"":0.5963213835618655,""acc_lim_x"":0.607338663513812,""inflation_dist"":0.7262064403413002,""max_vel_theta"":0.7407791719424652,""max_vel_x"":0.8889350063309582,""min_obstacle_dist"":0.3754382492363545,""weight_obstacle"":76.57547590855091,""weight_optimaltime"":0.7412497846126822,""weight_viapoint"":2.5}","{""acc_lim_theta"":0.5972840496242044,""acc_lim_x"":0.6089986165274183,""inflation_dist"":0.724955842438243,""max_vel_theta"":0.75,""max_vel_x"":0.9308089116666003,""min_obstacle_dist"":0.3730809484860014,""weight_obstacle"":76.18915361006312,""weight_optimaltime"":0.7411945407492161,""weight_viapoint"":2.5}","{""acc_lim_theta"":0.5972840496242044,""acc_lim_x"":0.6089986165274183,""inflation_dist"":0.724955842438243,""max_vel_theta"":0.75,""max_vel_x"":0.9308089116666003,""min_obstacle_dist"":0.3730809484860014,""weight_obstacle"":76.18915361006312,""weight_optimaltime"":0.7411945407492161,""weight_viapoint"":2.5}","{""acc_lim_theta"":0.5972840496242044,""acc_lim_x"":0.6089986165274183,""inflation_dist"":0.7262064403413002,""max_vel_theta"":0.7407791719424652,""max_vel_x"":0.8889350063309582,""min_obstacle_dist"":0.3754382492363545,""weight_obstacle"":76.57547590855091,""weight_optimaltime"":0.7411945407492161,""weight_viapoint"":2.5}","{""acc_lim_theta"":0.5972840496242044,""acc_lim_x"":0.6089986165274183,""inflation_dist"":0.7262064403413002,""max_vel_theta"":0.7407791719424652,""max_vel_x"":0.8889350063309582,""min_obstacle_dist"":0.3754382492363545,""weight_obstacle"":76.57547590855091,""weight_optimaltime"":0.7411945407492161,""weight_viapoint"":2.5}",false,,true,WARNING,recovery:hysteresis_or_health_time|safety_mode:WARNING:conservative_filter,false,,-0.1607539629410603,0.0009581524958401921,-0.044999999999999575,-0.0,-0.0014638220339861772,-0.11458158986123523,-0.0,-0.0006667035416795198,0.0,0.0,0.0,0.0,0.0,0.0,0.7555379997938871,18.000000000000682,97.99999999999898,true,
t12p_residual_seed102,t12p_residual_seed102-episode-000004,26,27,63.222,63.222,,,,63.222,0,0.0,true,,3.0875066933972115,3.0875066933972115,0.052643459510630375,0.034109037315219644,0.2995898095737034,0.5611510791366906,4.003534923852814,-0.16226326336588243,0.11827635908303342,,"[0.03209042549133301,-0.29804158210754395,0.0942847728729248,-0.8053704500198364,-0.5359631776809692]",,"{""acc_lim_theta"":0.5972840496242044,""acc_lim_x"":0.6089986165274183,""inflation_dist"":0.7262064403413002,""max_vel_theta"":0.7407791719424652,""max_vel_x"":0.8889350063309582,""min_obstacle_dist"":0.3754382492363545,""weight_obstacle"":76.57547590855091,""weight_optimaltime"":0.7411945407492161,""weight_viapoint"":2.5}","{""acc_lim_theta"":0.8,""acc_lim_x"":0.8,""inflation_dist"":0.55,""max_vel_theta"":1.0,""max_vel_x"":1.2,""min_obstacle_dist"":0.25,""weight_obstacle"":50.0,""weight_optimaltime"":1.0,""weight_viapoint"":1.0}","{""acc_lim_theta"":0.5972840496242044,""acc_lim_x"":0.6089986165274183,""inflation_dist"":0.7262064403413002,""max_vel_theta"":0.7407791719424652,""max_vel_x"":0.8889350063309582,""min_obstacle_dist"":0.3754382492363545,""weight_obstacle"":76.57547590855091,""weight_optimaltime"":0.7411945407492161,""weight_viapoint"":2.5}","{""acc_lim_theta"":0.5972840496242044,""acc_lim_x"":0.6089986165274183,""inflation_dist"":0.7262064403413002,""max_vel_theta"":0.7407791719424652,""max_vel_x"":0.8889350063309582,""min_obstacle_dist"":0.3754382492363545,""weight_obstacle"":76.57547590855091,""weight_optimaltime"":0.7411945407492161,""weight_viapoint"":2.5}","{""acc_lim_theta"":0.8,""acc_lim_x"":0.8,""inflation_dist"":0.55,""max_vel_theta"":1.0,""max_vel_x"":1.2,""min_obstacle_dist"":0.25,""weight_obstacle"":50.0,""weight_optimaltime"":1.0,""weight_viapoint"":1.0}",false,,false,NORMAL,,false,,0.0,0.0,0.0,0.0,0.0,0.0,0.0,0.0,0.0,0.0,0.0,0.0,0.0,0.0,1.1173829989274964,0.0,0.0,false,terminal_before_parameter_activation
