stamp_s,x_m,y_m,yaw_rad,linear_velocity_mps,angular_velocity_radps,commanded_speed_mps,clearance_m,goal_distance_m,collision,goal_reached,contact_count,topology_id,global_replan_count,recovery_count,gear,predicted_ttc_s
3.284,0.0,0.0,0.0,0.0,0.0,0.0,7.801776025935121,18.0,false,false,0,single_teb,0,0,NEUTRAL,
3.384,0.0,0.0,0.0,0.0,0.0,0.0,7.82023534600348,18.0,false,false,0,single_teb,2,0,NEUTRAL,
3.484,0.0,0.0,0.0,0.0,0.0,0.2254360555305621,7.812398050471254,18.0,false,false,0,single_teb,2,0,NEUTRAL,
3.584,0.005239019198821507,0.0,0.0,0.08234559223269318,0.0,0.22545920059616575,7.824450586481996,17.99476098080118,false,false,0,single_teb,2,0,FORWARD,
3.684,0.016799440308761848,0.0,0.0,0.13461978132191324,0.0,0.2663476713855159,7.815100763483949,17.983200559691237,false,false,0,single_teb,2,0,FORWARD,
3.784,0.03332268406051214,0.0,0.0,0.18273518217198562,0.0,0.2999922193082939,7.804742906733461,17.96667731593949,false,false,0,single_teb,2,0,FORWARD,
3.884,0.054352836765341875,0.0,0.0,0.2271479846260048,0.0,0.318209598064843,7.79590902154059,17.945647163234657,false,false,0,single_teb,2,0,FORWARD,
3.984,0.07918384453143373,0.0,0.0,0.2604094756477506,0.0,0.36848047156126124,7.752717111750551,17.920816155468565,false,false,0,single_teb,2,0,FORWARD,
4.084,0.10778045047203186,0.0,0.0,0.30209201038997474,0.0,0.3938907588696981,7.755793665095277,17.89221954952797,false,false,0,single_teb,2,0,FORWARD,
4.184,0.14012299132618794,0.0,0.0,0.3356227499964789,0.0,0.454938653290156,7.713059302952433,17.859877008673813,false,false,0,single_teb,2,0,FORWARD,
4.284,0.1764736204410352,0.0,0.0,0.37998123093952973,0.0,0.4638768953031767,7.697002288487101,17.823526379558963,false,false,0,single_teb,2,0,FORWARD,
4.384,0.21645323201779917,0.0,0.0,0.4122158072495766,0.0,0.48218021658673693,7.642303344395304,17.7835467679822,false,false,0,single_teb,4,0,FORWARD,
4.484,0.2593007375244654,0.0,0.0,0.43777125795079574,0.0,0.4828874028077135,7.636985656407023,17.740699262475534,false,false,0,single_teb,4,0,FORWARD,
4.584,0.3041248302465726,0.0,0.0,0.4541754791819064,0.0,0.48202360509011793,7.574651595738078,17.69587516975343,false,false,0,single_teb,4,0,FORWARD,
4.684,0.35019450730989177,0.0,0.0,0.4645952774233753,0.0,0.484876241335531,7.548508190435484,17.64980549269011,false,false,0,single_teb,4,0,FORWARD,
4.784,0.39712109116671707,0.0,0.0,0.471790197611881,0.0,0.4824253889432029,7.486079716009215,17.602878908833283,false,false,0,single_teb,4,0,FORWARD,
4.884,0.4445449747687393,0.0,0.0,0.47556031091196593,0.0,0.4811073715102745,7.418082737249449,17.55545502523126,false,false,0,single_teb,4,0,FORWARD,
4.984,0.4922540609246637,0.0,0.0,0.47879370959517314,0.0,0.49500000000000005,7.394332881026353,17.507745939075335,false,false,0,single_teb,4,0,FORWARD,
5.084,0.5404962526185046,0.0,0.0,0.48402316151407104,0.0,0.4870584414446437,7.353360648207749,17.459503747381497,false,false,0,single_teb,4,0,FORWARD,
5.184,0.5889691065891444,0.0,0.0,0.4851318387310307,0.0,0.49500000000000005,7.291371817641343,17.411030893410857,false,false,0,single_teb,4,0,FORWARD,
5.284,0.6376980832023792,0.0,0.0,0.488059491419499,0.0,0.4872113600233031,7.263950343184556,17.36230191679762,false,false,0,single_teb,4,0,FORWARD,
5.384,0.686497858898362,0.0,0.0,0.4884265271436256,0.0,0.49500000000000005,7.25186317774531,17.313502141101637,false,false,0,single_teb,6,0,FORWARD,
5.484,0.7354932746035127,0.0,0.0,0.4908275773791438,0.0,0.49500000000000005,7.184521373240916,17.264506725396487,false,false,0,single_teb,6,0,FORWARD,
5.584,0.7846729965751466,0.0,0.0,0.4923516114073323,0.0,0.49500000000000005,7.145590957133738,17.215327003424854,false,false,0,single_teb,6,0,FORWARD,
5.684,0.8339518108331566,0.0,0.0,0.4924242906487455,0.0,0.48470439545982474,7.095666836029604,17.166048189166844,false,false,0,single_teb,6,0,FORWARD,
5.784,0.8830153852385583,0.0,0.0,0.4896320140021249,0.0,0.4850210829434603,7.066147754913882,17.116984614761442,false,false,0,single_teb,6,0,FORWARD,
5.884,0.9318714317703732,0.0,0.0,0.4879478088116176,0.0,0.48172196806845885,6.979719589478091,17.06812856822963,false,false,0,single_teb,6,0,FORWARD,
5.984,0.9805214967086763,0.0,0.0,0.4856721517551283,0.0,0.4817037380961523,6.963755708593985,17.019478503291325,false,false,0,single_teb,6,0,FORWARD,
6.084,1.0289964886785146,0.0,0.0,0.4842226347709244,0.0,0.48025747077455244,6.898139577765128,16.971003511321484,false,false,0,single_teb,6,0,FORWARD,
6.184,1.0773266044698577,0.0,0.0,0.4827743047701205,0.0,0.49500000000000005,6.8662034090944735,16.922673395530143,false,false,0,single_teb,6,0,FORWARD,
6.284,1.1258722150099252,0.0,0.0,0.486443071463874,0.0,0.48583036714726824,6.817985943872423,16.874127784990076,false,false,0,single_teb,6,0,FORWARD,
6.384,1.1744964864686707,0.0,0.0,0.48592942986719817,0.0,0.48249497689476445,6.7831076899356555,16.82550351353133,false,false,0,single_teb,8,0,FORWARD,
6.484,1.2230096273180293,0.0,0.0,0.4846755587247846,0.0,0.48250199017787543,6.710606507379503,16.776990372681972,false,false,0,single_teb,8,0,FORWARD,
6.584,1.2714240880629222,0.0,0.0,0.48375248886382843,0.0,0.48101585100263444,6.68706362636754,16.728575911937078,false,false,0,single_teb,8,0,FORWARD,
6.684,1.3197357393664877,0.0,0.0,0.48275289471858507,0.0,0.49500000000000005,6.651878972198715,16.680264260633514,false,false,0,single_teb,8,0,FORWARD,
6.784,1.3682813033431553,0.0,0.0,0.4865093260680652,0.0,0.48674918189712824,6.582926888611069,16.631718696656844,false,false,0,single_teb,8,0,FORWARD,
6.884,1.4169521498382247,0.0,0.0,0.4873139268503517,0.0,0.49500000000000005,6.557829317472266,16.583047850161776,false,false,0,single_teb,8,0,FORWARD,
6.984,1.465847972619684,0.0,0.0,0.4894119214325764,0.0,0.48683597389585787,6.498617109678077,16.534152027380316,false,false,0,single_teb,8,0,FORWARD,
7.084,1.514724738941668,0.0,0.0,0.4882428930534953,0.0,0.48421076747944614,6.434740480802344,16.485275261058334,false,false,0,single_teb,8,0,FORWARD,
7.184,1.56345532442023,0.0,0.0,0.4867701044270356,0.0,0.4836227976868079,6.4347223551849915,16.43654467557977,false,false,0,single_teb,8,0,FORWARD,
7.284,1.6120475168758055,0.0,0.0,0.4850366708042734,0.0,0.47690424872811144,6.371984413443048,16.387952483124195,false,false,0,single_teb,8,0,FORWARD,
7.384,1.6603621920571483,0.0,0.0,0.48206619319404537,0.0,0.49500000000000005,6.30485050993963,16.33963780794285,false,false,0,single_teb,10,0,FORWARD,
7.484,1.7088513453356722,0.0,0.0,0.4858885007463203,0.0,0.48462084611269857,6.297546107991378,16.291148654664326,false,false,0,single_teb,10,0,FORWARD,
7.584,1.7574107359879638,0.0,0.0,0.4854254726752967,0.0,0.49500000000000005,6.224639613850753,16.242589264012036,false,false,0,single_teb,10,0,FORWARD,
7.684,1.8061757886892973,0.0,0.0,0.488922698812872,0.0,0.49500000000000005,6.217068005483201,16.1938242113107,false,false,0,single_teb,10,0,FORWARD,
7.784,1.8551920692732575,0.0,0.0,0.49028143562894666,0.0,0.4850910578099688,6.135178852956345,16.144807930726742,false,false,0,single_teb,10,0,FORWARD,
7.884,1.9040952416630197,0.0,0.0,0.48816806162380083,0.0,0.48258795298991536,6.111682701985886,16.09590475833698,false,false,0,single_teb,10,0,FORWARD,
7.984,1.9527813932368057,0.0,0.0,0.48608101618496896,0.0,0.48202598084897963,6.08495729587743,16.047218606763195,false,false,0,single_teb,10,0,FORWARD,
8.084,2.0012952586213952,0.0,0.0,0.48459985945682177,0.0,0.47605507213525733,6.032544309122059,15.998704741378605,false,false,0,single_teb,10,0,FORWARD,
8.184,2.0495895955963674,0.0,0.0,0.48312506050188386,0.0,0.49500000000000005,5.987311140312592,15.950410404403632,false,false,0,single_teb,10,0,FORWARD,
8.284,2.0981622333130954,0.0,0.0,0.48667085518056014,0.0,0.4858895883440803,5.936091200127045,15.901837766686905,false,false,0,single_teb,10,0,FORWARD,
8.384,2.146806787812763,0.0,0.0,0.48616674115179026,0.0,0.48337235578524124,5.879537976326127,15.853193212187238,false,false,0,single_teb,12,0,FORWARD,
8.484,2.1953575702659816,0.0,0.0,0.48509845060530854,0.0,0.4828245567862326,5.853251374305863,15.804642429734018,false,false,0,single_teb,12,0,FORWARD,
8.584,2.243814571597158,0.0,0.0,0.4842678800060033,0.0,0.47648445542141105,5.816771424354691,15.756185428402842,false,false,0,single_teb,12,0,FORWARD,
8.684,2.2920604781604883,0.0,0.0,0.48142487846932686,0.0,0.48328105244813874,5.7738460714965925,15.707939521839512,false,false,0,single_teb,12,0,FORWARD,
8.784,2.340246102214814,0.0,0.0,0.4821028712238975,0.0,0.48333138325369024,5.6902312452942,15.659753897785187,false,false,0,single_teb,12,0,FORWARD,
8.884,2.3884849391123364,0.0,0.0,0.48255160192727453,0.0,0.48182812539142017,5.696208399072276,15.611515060887664,false,false,0,single_teb,12,0,FORWARD,
8.984,2.4367232862076653,0.0,0.0,0.4822873422969757,0.0,0.48376472358185363,5.621735586488432,15.563276713792334,false,false,0,single_teb,12,0,FORWARD,
9.084,2.484981882978972,0.0,0.0,0.48260343667834144,0.0,0.4811923295668991,5.6044564383866255,15.515018117021029,false,false,0,single_teb,12,0,FORWARD,
9.184,2.53320704924494,0.0,0.0,0.4819687985142836,0.0,0.4798204871054488,5.556571833802076,15.46679295075506,false,false,0,single_teb,12,0,FORWARD,
9.284,2.5813803855918622,0.0,0.0,0.48250318739358183,0.0,0.49500000000000005,5.52007491441174,15.418619614408138,false,false,0,single_teb,12,0,FORWARD,
9.384,2.629921121666286,0.0,0.0,0.48706781791803444,0.0,0.4853400476331346,5.48942477555676,15.370078878333715,false,false,0,single_teb,14,0,FORWARD,
9.484,2.678587751264282,0.0,0.0,0.4864367263565234,0.0,0.48191241885079394,5.43286378236218,15.321412248735719,false,false,0,single_teb,14,0,FORWARD,
9.584,2.727126282103365,0.0,0.0,0.4847841615951653,0.0,0.48045041740320416,5.382699639753521,15.272873717896635,false,false,0,single_teb,14,0,FORWARD,
9.684,2.775529271992858,0.0,0.0,0.48446555097826643,0.0,0.49500000000000005,5.331314713911236,15.224470728007141,false,false,0,single_teb,14,0,FORWARD,
9.784,2.8242206404449086,0.0,0.0,0.48831340155243586,0.0,0.4860358398435164,5.306841915355168,15.175779359555092,false,false,0,single_teb,14,0,FORWARD,
9.884,2.872993214020442,0.0,0.0,0.4871896106506591,0.0,0.4826770025389366,5.24468905280634,15.127006785979559,false,false,0,single_teb,14,0,FORWARD,
9.984,2.921607289026302,0.0,0.0,0.4855405118262712,0.0,0.4826677110287371,5.21645610453084,15.078392710973699,false,false,0,single_teb,14,0,FORWARD,
10.084,2.9700919587260395,0.0,0.0,0.4843602039680224,0.0,0.4811604678655389,5.164230991615801,15.029908041273961,false,false,0,single_teb,14,0,FORWARD,
10.184,3.018477672363805,0.0,0.0,0.4843941023302564,0.0,0.49500000000000005,5.135439862391342,14.981522327636196,false,false,0,single_teb,14,0,FORWARD,
10.284,3.0671635563685222,0.0,0.0,0.4882680504934599,0.0,0.4869078856311073,5.118257989069809,14.932836443631478,false,false,0,single_teb,14,0,FORWARD,
10.384,3.115952773728161,0.0,0.0,0.48747231214302533,0.0,0.48346804528730175,5.065113871989845,14.88404722627184,false,false,0,single_teb,16,0,FORWARD,
10.484,3.1646069292939516,0.0,0.0,0.48600873733231414,0.0,0.4834569754668188,4.994304349683349,14.835393070706049,false,false,0,single_teb,16,0,FORWARD,
10.584,3.2131485018354278,0.0,0.0,0.4850766716553117,0.0,0.4818962365120834,4.977225473187987,14.786851498164573,false,false,0,single_teb,16,0,FORWARD,
10.684,3.2615855724103513,0.0,0.0,0.48408070132516284,0.0,0.48380335004058195,4.970160914274503,14.73841442758965,false,false,0,single_teb,16,0,FORWARD,
10.784,3.309987197089656,0.0,0.0,0.4839793950017453,0.0,0.48120669146830103,4.9111666210616125,14.690012802910344,false,false,0,single_teb,16,0,FORWARD,
10.884,3.3583182907478357,0.0,0.0,0.4828461214926422,0.0,0.47981996096714075,4.897619763939081,14.641681709252165,false,false,0,single_teb,16,0,FORWARD,
10.984,3.4065589596969477,0.0,0.0,0.4830599097809988,0.0,0.49500000000000005,4.844748059837518,14.593441040303052,false,false,0,single_teb,16,0,FORWARD,
11.084,3.4551255832206373,0.0,0.0,0.4865788426992921,0.0,0.4853066267380146,4.83088044033284,14.544874416779363,false,false,0,single_teb,16,0,FORWARD,
11.184,3.503748210623597,0.0,0.0,0.48582957641589997,0.0,0.48203189174228256,4.784475351664751,14.496251789376403,false,false,0,single_teb,16,0,FORWARD,
11.284,3.552242912683779,0.0,0.0,0.48444242051227887,0.0,0.4820387636739197,4.7624354613754445,14.447757087316221,false,false,0,single_teb,16,0,FORWARD,
11.384,3.600628768873774,0.0,0.0,0.4834381257825504,0.0,0.4805850528962678,4.709714048883163,14.399371231126226,false,false,0,single_teb,18,0,FORWARD,
11.484,3.6489313309708256,0.0,0.0,0.4836486507412258,0.0,0.49500000000000005,4.681631201287948,14.351068669029175,false,false,0,single_teb,18,0,FORWARD,
11.584,3.6975447538398827,0.0,0.0,0.4870328972570244,0.0,0.4862313665691889,4.625084866310211,14.302455246160118,false,false,0,single_teb,18,0,FORWARD,
11.684,3.7462236583647113,0.0,0.0,0.4864522183559253,0.0,0.48291823302638254,4.601357125344563,14.25377634163529,false,false,0,single_teb,18,0,FORWARD,
11.784,3.794786752810393,0.0,0.0,0.48516138221904404,0.0,0.48286731826361895,4.576446675362874,14.205213247189608,false,false,0,single_teb,18,0,FORWARD,
11.884,3.843249578562839,0.0,0.0,0.4843234442035054,0.0,0.4813496079754102,4.5433156259832295,14.156750421437161,false,false,0,single_teb,18,0,FORWARD,
11.984,3.8916160686751815,0.0,0.0,0.4833999902240245,0.0,0.48322281203088896,4.467195495802476,14.108383931324818,false,false,0,single_teb,18,0,FORWARD,
12.084,3.939958684443441,0.0,0.0,0.4836719857466311,0.0,0.4870975535651308,4.478181823927476,14.060041315556559,false,false,0,single_teb,18,0,FORWARD,
12.184,3.98840549085958,0.0,0.0,0.4849232209151792,0.0,0.4837195602442966,4.440478182236789,14.01159450914042,false,false,0,single_teb,18,0,FORWARD,
12.284,4.036869840704464,0.0,0.0,0.48448356750815186,0.0,0.4837477510993475,4.3830031705181005,13.963130159295536,false,false,0,single_teb,18,0,FORWARD,
12.384,4.085298390329494,0.0,0.0,0.4840794376606553,0.0,0.4821900522873086,4.388287105265209,13.914701609670505,false,false,0,single_teb,20,0,FORWARD,
12.484,4.133662426078186,0.0,0.0,0.4833893139931848,0.0,0.47921621398721453,4.373643912973949,13.866337573921815,false,false,0,single_teb,20,0,FORWARD,
12.584,4.181931809495799,0.0,0.0,0.4832366322397489,0.0,0.49500000000000005,4.317234706865836,13.818068190504201,false,false,0,single_teb,20,0,FORWARD,
12.684,4.230528845300761,0.0,0.0,0.48753336207318065,0.0,0.4817216977370636,4.261970688845796,13.76947115469924,false,false,0,single_teb,20,0,FORWARD,
12.784,4.279137008152506,0.0,0.0,0.48490485918817033,0.0,0.47590216118799616,4.261718736047236,13.720862991847493,false,false,0,single_teb,20,0,FORWARD,
12.884,4.32745146932823,0.0,0.0,0.4832760899907475,0.0,0.49500000000000005,4.206593899601837,13.672548530671769,false,false,0,single_teb,20,0,FORWARD,
12.984,4.376051533937281,0.0,0.0,0.487558407344749,0.0,0.4855405649702463,4.180729383512089,13.623948466062718,false,false,0,single_teb,20,0,FORWARD,
13.084,4.424756250195059,0.0,0.0,0.486609802667357,0.0,0.48310601848590157,4.152912134213993,13.57524374980494,false,false,0,single_teb,20,0,FORWARD,
13.184,4.473334749130037,0.0,0.0,0.48527720812151437,0.0,0.4824985360510022,4.1206351304466615,13.526665250869964,false,false,0,single_teb,20,0,FORWARD,
13.284,4.521797895513239,0.0,0.0,0.48426226041044845,0.0,0.4763094571861223,4.080053217651271,13.478202104486762,false,false,0,single_teb,20,0,FORWARD,
13.384,4.570039303873853,0.0,0.0,0.4813573910252678,0.0,0.49500000000000005,4.0642727687376965,13.429960696126148,false,false,0,single_teb,22,0,FORWARD,
13.484,4.618477229540721,0.0,0.0,0.48559762469737133,0.0,0.4864508554590881,4.0635707861507155,13.381522770459279,false,false,0,single_teb,22,0,FORWARD,
13.584,4.667071678797617,0.0,0.0,0.48665219335787097,0.0,0.49500000000000005,4.007422109591076,13.332928321202383,false,false,0,single_teb,22,0,FORWARD,
13.684,4.715916732641438,0.0,0.0,0.4889932040901596,0.0,0.48685103736746926,3.9694551970871634,13.284083267358561,false,false,0,single_teb,22,0,FORWARD,
13.784,4.764766922255645,0.0,0.0,0.4882433329703114,0.0,0.4872260044226007,3.9436158683212943,13.235233077744354,false,false,0,single_teb,22,0,FORWARD,
13.884,4.813581124629453,0.0,0.0,0.4885472945491611,0.0,0.49500000000000005,3.8876501985584504,13.186418875370547,false,false,0,single_teb,22,0,FORWARD,
13.984,4.862585810523664,0.0,0.0,0.49090423284965806,0.0,0.4844293970349501,3.881307068679956,13.137414189476335,false,false,0,single_teb,22,0,FORWARD,
14.084,4.91152604523461,0.0,0.0,0.48855331911918165,0.0,0.4845917457376548,3.772255841110376,13.08847395476539,false,false,0,single_teb,22,0,FORWARD,
14.184,4.9602893129042,0.0,0.0,0.4871063006392143,0.0,0.4813506900390101,3.719843331192163,13.0397106870958,false,false,0,single_teb,22,0,FORWARD,
14.284,5.008866171983484,0.0,0.0,0.4850032581746868,0.0,0.48134231798482846,3.630231089213968,12.991133828016515,false,false,0,single_teb,22,0,FORWARD,
14.384,5.057281420067353,0.0,0.0,0.48366605005089375,0.0,0.49500000000000005,3.5135211416279084,12.942718579932647,false,false,0,single_teb,24,0,FORWARD,
14.484,5.105911418278667,0.0,0.0,0.48780592919685595,0.0,0.4816844517686528,3.452394678822393,12.894088581721334,false,false,0,single_teb,24,0,FORWARD,
14.584,5.154549752270627,0.0,0.0,0.48556997643005423,0.0,0.4758811300761641,3.287649909661307,12.845450247729373,false,false,0,single_teb,24,0,FORWARD,
14.684,5.202914816106208,0.0,0.0,0.48369240981636885,0.0,0.49500000000000005,3.2361608943811144,12.797085183893792,false,false,0,single_teb,24,0,FORWARD,
14.784,5.251546837711238,0.0,0.0,0.4878226606999977,0.0,0.48548434908568605,3.0937033182704665,12.748453162288762,false,false,0,single_teb,24,0,FORWARD,
14.884,5.300274763026603,0.0,0.0,0.4869685606261207,0.0,0.4830504194857649,3.0302785708922375,12.699725236973396,false,false,0,single_teb,24,0,FORWARD,
14.984,5.348879506096492,0.0,0.0,0.48548450207083643,0.0,0.48244161940137803,2.9070464158470517,12.651120493903509,false,false,0,single_teb,24,0,FORWARD,
15.084,5.397346529239707,0.0,0.0,0.483837419739746,0.0,0.47627783890073166,2.8290101075584775,12.602653470760293,false,false,0,single_teb,24,0,FORWARD,
15.184,5.445554591751196,0.0,0.0,0.48107618017117715,0.0,0.49500000000000005,2.6736923741044007,12.554445408248803,false,false,0,single_teb,24,0,FORWARD,
15.284,5.49398578977035,0.0,0.0,0.4861620444638833,0.0,0.4863869115524334,2.6041635559739076,12.506014210229651,false,false,0,single_teb,24,0,FORWARD,
15.384,5.542607219973309,0.0,0.0,0.48624418022190957,0.0,0.49500000000000005,2.544487645175142,12.45739278002669,false,false,0,single_teb,26,0,FORWARD,
15.484,5.591421241820762,0.0,0.0,0.4887485919136268,0.0,0.48701638533874375,2.4109842300286783,12.408578758179239,false,false,0,single_teb,26,0,FORWARD,
15.584,5.640249825546305,0.0,0.0,0.48781487115284017,0.0,0.4835525042659451,2.350575399385978,12.359750174453694,false,false,0,single_teb,26,0,FORWARD,
15.684,5.688932258184952,0.0,0.0,0.4862579837599425,0.0,0.4835369649148233,2.2126475338145477,12.311067741815048,false,false,0,single_teb,26,0,FORWARD,
15.784,5.737494821953326,0.0,0.0,0.4852640946724433,0.0,0.481968350947873,2.1357195226732038,12.262505178046673,false,false,0,single_teb,26,0,FORWARD,
15.884,5.785944640601799,0.0,0.0,0.48406027951735164,0.0,0.4791272188109568,1.9878384104397777,12.214055359398202,false,false,0,single_teb,26,0,FORWARD,
15.984,5.834263614279865,0.0,0.0,0.4836377454140851,0.0,0.49500000000000005,1.9211360154358972,12.165736385720134,false,false,0,single_teb,26,0,FORWARD,2.0788562144013603
16.084,5.882869095488534,0.0,0.0,0.4866707472496792,0.0,0.4821435538295314,1.7795000327560593,12.117130904511466,false,false,0,single_teb,26,0,FORWARD,1.7555239236452593
16.184,5.931430961350265,0.0,0.0,0.485017128368886,0.0,0.48162257961826066,1.718023101417718,12.068569038649734,false,false,0,single_teb,26,0,FORWARD,1.7829181854987264
16.284,5.979843759200156,0.0,0.0,0.4832758229693049,0.0,0.4758526774350091,1.5610319074970473,12.020156240799844,false,false,0,single_teb,26,0,FORWARD,1.7099132792663518
16.384,6.0279988326973015,0.0,0.0,0.4805644182487206,0.0,0.49500000000000005,1.5043730032582567,11.972001167302698,false,false,0,single_teb,28,0,FORWARD,1.6846694810955583
16.484,6.076390747519518,0.0,0.0,0.48583721053387324,0.0,0.485595559406157,1.3789863094846768,11.923609252480482,false,false,0,single_teb,28,0,FORWARD,1.4241621970698357
16.584,6.1249688527668,0.0,0.0,0.48574894417759645,0.0,0.49500000000000005,1.3448215231458707,11.8750311472332,false,false,0,single_teb,28,0,FORWARD,1.4090005681877085
16.684,6.173758734860373,-5.250561124462689e-06,-0.000379938098666258,0.48912801795587096,-0.005908090919682121,0.4858410057886997,1.2301023161548765,11.826241265140792,false,false,0,single_teb,28,0,FORWARD,1.2223082050007559
16.784,6.222595135537591,-3.926257826773585e-05,-0.0012542761911616953,0.48792739212070313,-0.010306441878867555,0.48619570045332716,1.1734081103641194,11.777404864527854,false,false,0,single_teb,28,0,FORWARD,1.119955771378647
16.884,6.2713475248395145,-0.00013708352693150787,-0.0034857900790356607,0.4872948682209861,-0.02894419558293566,0.48324523845647777,1.0781178292223421,11.728652475961594,false,false,0,single_teb,28,0,FORWARD,1.045072152194326
16.984,6.319983830547015,-0.0003953863174836309,-0.00858140326472286,0.4858988444875747,-0.05764277322516743,0.48420219152652916,1.0188111765447412,11.6800161761452,false,false,0,single_teb,28,0,FORWARD,0.9558841419314514
17.084,6.3685314278406935,-0.0009170682992015375,-0.013847185789220689,0.4852791189512077,-0.04990761331738517,0.49500000000000005,0.9823491351837113,11.631468608311847,false,false,0,single_teb,28,0,FORWARD,0.9007582821843677
17.184,6.417200622814867,-0.0016634313984182486,-0.016471915989437518,0.4881775340566518,-0.005454560842977517,0.42586374990302384,0.8864557154675807,11.58279949662966,false,false,0,single_teb,28,0,FORWARD,0.709665405578971
17.284,6.464564354703847,-0.0024098029054276005,-0.013525704984179949,0.46541657810731535,0.05195479362456526,0.29047937816054237,0.8421952151195232,11.535435897005328,false,false,0,single_teb,28,0,FORWARD,0.6446662009110863
17.384,6.508026981785495,-0.0028790046734229547,-0.005626925758338838,0.4096966227107773,0.09556912065111389,0.35180305772291875,0.7514741011871657,11.491973378843083,false,false,0,single_teb,30,0,FORWARD,0.5237776293875132
17.484,6.547203010328266,-0.0029253415977960814,0.006483096011558852,0.3848458010897983,0.13892795338964223,0.23144404053620218,0.6972917924520075,11.452797363275812,false,false,0,single_teb,30,0,FORWARD,0.47162518385248225
17.584,6.582998807532653,-0.002482080371868299,0.02217717204696331,0.33608431315826043,0.16589880669567234,0.13527792267034322,0.64605709142086,11.417001462272122,false,false,0,single_teb,30,0,FORWARD,0.4127086983055012
17.684,6.611928568612479,-0.0016574841241126246,0.03873365037444654,0.2627370518689677,0.16424741851241512,-0.017617564499348905,0.6161095700939658,11.388071552007313,false,false,0,single_teb,30,0,FORWARD,0.3343681385898929
17.784,6.632077401930107,-0.0007838504332828974,0.049745484876874226,0.16676877542623558,0.0810443643710802,-0.06806604765690613,0.5565653612020296,11.367922625094245,false,false,0,single_teb,30,0,FORWARD,0.3294123116552626
17.884,6.644861388676951,-0.00011888459378719346,0.0550055558198465,0.10585421530510483,0.037437647383986535,-0.09427135648695967,0.5592202747979911,11.35513861194539,false,false,0,single_teb,30,0,FORWARD,
17.984,6.652974093930108,0.0003358608906849433,0.057292588303022085,0.0671895255524958,0.015195808526879018,-0.18361417748412784,0.5449204498309671,11.34702591104047,false,false,0,single_teb,30,0,FORWARD,
18.084,6.658123036405769,0.0006330846852921923,0.058096002134303,0.04264763883948773,0.004334086426059614,-0.2458055445755245,0.525131639839121,11.341876981263097,false,false,0,single_teb,30,0,FORWARD,
18.184,6.661391161710037,0.0008234010923143306,0.058201124060296316,0.027070009553234915,-0.0005847202640926265,-0.20593110328231345,0.5229173203530264,11.338608868187341,false,false,0,single_teb,30,0,FORWARD,
18.284,6.663465562674656,0.0009441535374396756,0.05801174517798419,0.017182320924499547,-0.0024932198899700582,-0.3,0.5342344542565298,11.336534476641852,false,false,0,single_teb,30,0,FORWARD,
18.384,6.664782278418795,0.0010204912671155004,0.05772742811105317,0.010906244852699514,-0.0029500221581409947,-0.21709449338976877,0.512227734438494,11.335217767517792,false,false,0,single_teb,32,0,FORWARD,
18.484,6.665618059858656,0.0010687034513818337,0.05744042479807476,0.006922590801888371,-0.002765298296636642,-0.23365782765250928,0.5379935061588564,11.334381990524642,false,false,0,single_teb,32,0,NEUTRAL,
18.584,6.666148569201033,0.0010991590978966124,0.057188167650004944,0.004394020495379557,-0.0023460305227522723,-0.2095442030302391,0.5518268484410253,11.333851484097297,false,false,0,single_teb,32,0,NEUTRAL,
18.684,6.66648530734813,0.001118411044664349,0.05698361081934928,0.002789044833987422,-0.0018270810375318096,-0.20966483287776788,0.5540520221799103,11.333514747835249,false,false,0,single_teb,32,0,NEUTRAL,
18.784,6.666699049566494,0.0011305914922545728,0.05683374655747327,0.0017703083301890687,-0.0012907124431225634,-0.20894808470441603,0.5847318540790848,11.33330100682648,false,false,0,single_teb,32,0,NEUTRAL,
18.884,6.666834720554551,0.0011383049861632742,0.05673105740548014,0.0011236791699243593,-0.0008683910598780852,-0.22229031731265128,0.5976221166125938,11.33316533661122,false,false,0,single_teb,32,0,NEUTRAL,
18.984,6.666920836307779,0.0011431933452847503,0.0566630577331758,0.0007132400923555761,-0.0005694159643179313,-0.19985458213706775,0.6173084485209676,11.333079221350472,false,false,0,single_teb,32,0,NEUTRAL,
19.084,6.666975497294399,0.0011462929605959595,0.05661885483754329,0.00045271946206641424,-0.0003681345527217957,-0.20304548037407968,0.6454510623906081,11.33302456067722,false,false,0,single_teb,32,0,NEUTRAL,
19.184,6.667010192687965,0.0011482590822660392,0.05659041540801725,0.0002873575301366065,-0.00023612578327465256,-0.19788424133943341,0.659442758943492,11.332989865482869,false,false,0,single_teb,32,0,NEUTRAL,
19.284,6.667032215148237,0.0011495065145922265,0.056572223994334585,0.0001823962896344337,-0.0001507758279315582,-0.19543354330433946,0.7189913076307967,11.332967843149168,false,false,0,single_teb,32,0,NEUTRAL,
19.384,6.667046193618134,0.0011502980876779033,0.05656062616161667,0.00011577356771055488,-9.603070329327683e-05,-0.1917648103257053,0.7856344082442293,11.332953864759661,false,false,0,single_teb,34,0,NEUTRAL,
19.484,6.667055066267041,0.0011508004399311096,0.0565532459627159,7.348569977653783e-05,-6.107370607973642e-05,-0.19067796715645594,0.921309975020339,11.3329449921618,false,false,0,single_teb,34,0,NEUTRAL,
19.584,6.667060698062447,0.0011511192656663354,0.056548554689987936,4.664404991948029e-05,-3.880926333918587e-05,-0.18831864712946705,0.9639039169401302,11.332939360398802,false,false,0,single_teb,34,0,NEUTRAL,
19.684,6.667064272768907,0.0011513216216375668,0.05654557449361278,2.9606677210762647e-05,-2.4649522169541324e-05,-0.1864815271811694,1.083892196109196,11.332935785712912,false,false,0,single_teb,34,0,NEUTRAL,
19.784,6.667066541765611,0.0011514500585629356,0.05654368195291459,1.8792436269480332e-05,-1.56517300866335e-05,-0.18494632933812788,1.1472716887193277,11.332933516729272,false,false,0,single_teb,34,0,NEUTRAL,
19.884,6.667067981980586,0.0011515315798277003,0.05654248036003331,1.1928243700853412e-05,-9.936828594797314e-06,-0.18449537919792758,1.2458157726435137,11.332932076522587,false,false,0,single_teb,34,0,NEUTRAL,
19.984,6.667068896137535,0.0011515833234046942,0.05654171754567026,7.571290690926668e-06,-6.308033837599456e-06,-0.18294318717227592,1.3115962061242277,11.3329311623709,false,false,0,single_teb,34,0,NEUTRAL,
20.084,6.667069476386265,0.0011516161665592272,0.05654123331605425,4.805773939914684e-06,-4.004218090116063e-06,-0.18268766142364554,1.4188254264546503,11.33293058212551,false,false,0,single_teb,34,0,NEUTRAL,
20.184,6.667069844691274,0.001151637013153125,0.056540925942017956,3.0503997408579745e-06,-2.5417247630510925e-06,-0.18112762850239475,1.4704659490659782,11.332930213822623,false,false,0,single_teb,34,0,NEUTRAL,
20.284,6.66707007846788,0.0011516502451840807,0.05654073083474542,1.9361998078485542e-06,-1.6133623162135067e-06,-0.1788223356657851,1.5862449557266127,11.332929980047362,false,false,0,single_teb,34,0,NEUTRAL,
20.384,6.667070226854407,0.001151658644011286,0.056540606990949885,1.2289765323866528e-06,-1.0240733092603673e-06,-0.17588145227152824,1.6428755614392239,11.33292983166169,false,false,0,single_teb,36,0,NEUTRAL,
20.484,6.666765097433842,0.0011343880493713562,0.05679527205932921,-0.015283972221631274,0.012735821961234302,-0.1742176319317799,1.7655447452498227,11.333234959338837,false,false,0,single_teb,36,0,REVERSE,
20.584,6.66155212616627,0.0008290980860057573,0.061146593553712776,-0.07333664991828683,0.06111019788185856,-0.18255380975251084,1.8195212509847076,11.33844790414668,false,false,0,single_teb,36,0,REVERSE,
20.684,6.651761593548971,0.00019764850299882396,0.06932186423646011,-0.11272613309195277,0.0939330259424313,-0.22344709482994185,1.8690482172607243,11.348238408172215,false,false,0,single_teb,36,0,REVERSE,
20.784,6.638251606605255,-0.0008016022631459883,0.08061035365928523,-0.1506982065696387,0.12557477460149116,-0.25064911326071987,1.975493968404993,11.361748421672354,false,false,0,single_teb,36,0,REVERSE,
20.884,6.621121890181398,-0.0022842057257677333,0.09493779948975672,-0.18556342649213864,0.15462761682501425,-0.27781118064764404,2.0458055106864514,11.378878339085304,false,false,0,single_teb,36,0,REVERSE,
20.984,6.600529250023333,-0.0043885185123007705,0.11218694612483432,-0.21925817151969504,0.18270510037862522,-0.2934246199041012,2.1559901801810804,11.399471594712994,false,false,0,single_teb,36,0,REVERSE,
21.084,6.57716360221712,-0.007206635996171421,0.13179864994910465,-0.24540530507149833,0.20449323587323326,-0.3,2.2191277303271346,11.422838671106048,false,false,0,single_teb,36,0,REVERSE,
21.184,6.551656258079955,-0.010811177056484699,0.15326517692887795,-0.2649495565126089,0.2207792554456158,-0.3,2.324423613808194,11.4483488466551,false,false,0,single_teb,36,0,REVERSE,
21.284,6.52470650029825,-0.015225804381587429,0.17602185693960487,-0.27775220701854464,0.23144756954475917,-0.3,2.3922263476483305,11.475303600751323,false,false,0,single_teb,36,0,REVERSE,
21.384,6.496899997685621,-0.020442517235160662,0.19959744405718716,-0.2858785155536263,0.2382191367252861,-0.2431715993177213,2.5075870848409276,11.503118166817032,false,false,0,single_teb,38,0,REVERSE,
21.484,6.469499234284895,-0.02625222812614331,0.222938273941891,-0.27371209654501394,0.22808101241577938,-0.18566891226005164,2.5894986540756117,11.530530650739287,false,false,0,single_teb,38,0,REVERSE,
21.584,6.444441383838291,-0.03215946325828579,0.24439145713489102,-0.2450267218775188,0.2041778366285987,-0.09135945656109226,2.690490534789855,11.555603366446348,false,false,0,single_teb,38,0,REVERSE,
21.684,6.424167860956397,-0.037365504946450696,0.2618334679700568,-0.188897666256387,0.15740616744110877,0.038043718141646504,2.7625456241322626,11.575892444743719,false,false,0,single_teb,38,0,REVERSE,
21.784,6.410179162675758,-0.041181472669966246,0.27265174067246,-0.11990022822575555,0.08158039465336676,0.02949277627173168,2.8934426852137802,11.589894001023758,false,false,0,single_teb,38,0,REVERSE,
21.884,6.401321245365743,-0.04368022406150827,0.2781680280425359,-0.07610504149413856,0.04094352164869836,0.13173674673545613,2.956833674721128,11.598761003451107,false,false,0,single_teb,38,0,REVERSE,
21.984,6.395706131863743,-0.045292046318363775,0.28172475885310083,-0.048306641501291055,0.031666107141974625,0.16781698180227153,3.063565566353208,11.604382256179104,false,false,0,single_teb,38,0,REVERSE,
22.084,6.392145309931368,-0.0463265420923257,0.28431950716563903,-0.030661984637561476,0.022349316063735004,0.19267514093570492,3.095117643145224,11.607947133505157,false,false,0,single_teb,38,0,REVERSE,
22.184,6.389886630493349,-0.04698833018255269,0.28609775220759526,-0.0194622783264477,0.015038417782396573,0.20659113633717593,3.090392424873716,11.610208454458103,false,false,0,single_teb,38,0,REVERSE,
22.284,6.388453614431675,-0.04741060383111964,0.28727538798065005,-0.012353416849348474,0.009861538034222345,0.20832971745192547,3.088315322212583,11.611643175259928,false,false,0,single_teb,38,0,REVERSE,
22.384,6.387544299498507,-0.047679559600478934,0.2880409411581,-0.007841163572631987,0.0063758384037703834,0.21439492483894532,3.0962312963282073,11.612553583795137,false,false,0,single_teb,40,0,NEUTRAL,
22.484,6.386967236546989,-0.04785065505015562,0.2885334987547328,-0.004977072086417413,0.004089620351896623,0.18297283405099846,3.0836862787208084,11.613131345602778,false,false,0,single_teb,40,0,NEUTRAL,
22.584,6.386600999525706,-0.0479594100929782,0.28884792776384743,-0.0031591289129402253,0.0026027039148742268,0.18064308775429486,3.100692675968123,11.61349802812373,false,false,0,single_teb,40,0,NEUTRAL,
22.684,6.38636855408323,-0.0480285032612165,0.28904607408238814,-0.002005214173170384,0.0016298312376925618,0.18119376962622222,3.0990260384601416,11.613730757112995,false,false,0,single_teb,40,0,NEUTRAL,
22.784,6.386221019894993,-0.04807238409797621,0.289170543923675,-0.0012727824634864672,0.0010258809661492102,0.18273257924137162,3.1012678883594336,11.613878471589143,false,false,0,single_teb,40,0,NEUTRAL,
22.884,6.38612737752913,-0.048100246801410014,0.2892491008051887,-0.0008078813829633902,0.0006485195867382178,0.1827218498904853,3.087563446457785,11.613972228515133,false,false,0,single_teb,40,0,NEUTRAL,
22.984,6.3860679404950496,-0.048117936259155385,0.2892987982294961,-0.0005127917359507046,0.00041050885487464375,0.18279139652828805,3.09859435405345,11.614031738314939,false,false,0,single_teb,40,0,NEUTRAL,
23.084,6.386030214121363,-0.04812916600308175,0.2893302747211393,-0.00032548759013952076,0.0002600979783365187,0.18328778224651238,3.0884516980921233,11.614069510895915,false,false,0,single_teb,40,0,NEUTRAL,
23.184,6.386006268009666,-0.04813629457429905,0.28935022996811605,-0.00020659882737466154,0.0001649573973117199,0.18317861708023805,3.1091674115931,11.614093486345203,false,false,0,single_teb,40,0,NEUTRAL,
23.284,6.385991068617619,-0.04814081959717928,0.2893628872832544,-0.00013113579984505412,0.00010463311487068347,0.18411007777643185,3.0846487745246414,11.614108704362176,false,false,0,single_teb,40,0,NEUTRAL,
23.384,6.385981421041003,-0.048143691898333306,0.2893709213263576,-8.32366679885192e-05,6.644607839472449e-05,0.18434471600467034,3.087547138003012,11.614118363762028,false,false,0,single_teb,42,0,NEUTRAL,
23.484,6.385975297385288,-0.048145515094527504,0.2893760231101311,-5.2833344563553864e-05,4.2193871705011357e-05,0.1795884120218435,3.0777703985175613,11.614124494922915,false,false,0,single_teb,42,0,NEUTRAL,
23.584,6.385971410483031,-0.04814667236049017,0.28937925287598487,-3.353524792890818e-05,2.6624870046849285e-05,0.17961421608935219,3.0818979009589675,11.614128386589194,false,false,0,single_teb,42,0,NEUTRAL,
23.684,6.3859689433266364,-0.04814740692613606,0.28938128835887955,-2.1286043178669678e-05,1.677847380750773e-05,0.17974045412356593,3.0911660936151946,11.614130856769572,false,false,0,single_teb,42,0,NEUTRAL,
23.784,6.38596737733343,-0.04814787318442217,0.2893825744834863,-1.3511026820637001e-05,1.0625476705102847e-05,0.1802956063715695,3.0975998189722502,11.614132424682246,false,false,0,single_teb,42,0,NEUTRAL,
23.884,6.385966383340835,-0.048148169136629074,0.2893833907904001,-8.57594078033723e-06,6.753704210813048e-06,0.1798163811892543,3.1048127922372037,11.61413341989321,false,false,0,single_teb,42,0,NEUTRAL,
23.984,6.3859657524176665,-0.04814835698871312,0.28938390831829686,-5.443461939955179e-06,4.2747448878579374e-06,0.1798310963054185,3.082424329181624,11.61413405158973,false,false,0,single_teb,42,0,NEUTRAL,
24.084,6.385965351947806,-0.048148476225449176,0.2893842359712812,-3.455163538404869e-06,2.706839007862733e-06,0.17983645145206106,3.090333774355551,11.614134452550465,false,false,0,single_teb,42,0,NEUTRAL,
24.184,6.385965097755022,-0.04814855190941915,0.28938444358993515,-2.193118131220139e-06,1.7159582800573583e-06,0.1796113746376055,3.096906827350569,11.614134707054825,false,false,0,single_teb,42,0,NEUTRAL,
24.284,6.385964936409614,-0.04814859994881984,0.2893845752468791,-1.3920519489236737e-06,1.0883517456893732e-06,0.18023506364185665,3.0912245973548416,11.614134868598004,false,false,0,single_teb,42,0,NEUTRAL,
24.384,6.385964850934736,-0.048148625398341735,0.2893846451119695,0.0,-0.0,0.17967702813069422,3.0847739442786697,11.61413495417765,false,false,0,single_teb,44,0,NEUTRAL,
24.484,6.389968281789736,-0.046962067160425655,0.28612364542257845,0.06562947472918511,-0.05117514807752657,0.17984934288469237,3.081821368595076,11.610126697568823,false,false,0,single_teb,44,0,FORWARD,
24.584,6.398817073033985,-0.044386275760968055,0.27894298819971275,0.10733942369470256,-0.08364033447118503,0.2273435428760981,3.0810211442035498,11.601267837887534,false,false,0,single_teb,44,0,FORWARD,
24.684,6.411831460214786,-0.04071348499801077,0.2695298736261809,0.15117255800881635,-0.09903846927016917,0.25504113858786415,3.0858612797778906,11.588240060264908,false,false,0,single_teb,44,0,FORWARD,
24.784,6.428553785974272,-0.03616958505160592,0.2594665418141319,0.18743882493577038,-0.09966040553604523,0.28599052266504965,3.0890016940785516,11.571502742642076,false,false,0,single_teb,44,0,FORWARD,
24.884,6.448905232378437,-0.03085440716604887,0.2499983229563012,0.22343617096788182,-0.08990032680518018,0.3411398884448206,3.0682774095609733,11.551135975522747,false,false,0,single_teb,44,0,FORWARD,
24.984,6.472835396190317,-0.02483333634215392,0.2418272857776753,0.26309761648257274,-0.07557191245276527,0.3693037940049797,3.0524491221389662,11.527191353400738,false,false,0,single_teb,44,0,FORWARD,
25.084,6.500794475813959,-0.018017480120765605,0.23576301099487146,0.30189086521507125,-0.049417922050381397,0.4087258971116737,3.0584129244766127,11.49921963948253,false,false,0,single_teb,44,0,FORWARD,
25.184,6.532574570941419,-0.010436265792242687,0.23235576244252082,0.34091381154825345,-0.024813782033709653,0.44146095877194375,3.04040397139711,11.467430177972005,false,false,0,single_teb,44,0,FORWARD,
25.284,6.568028751812768,-0.0020695407551074795,0.23129602241874425,0.3776400226085173,-0.0021642119846486214,0.4789819498316963,3.019691017259149,11.431971435512708,false,false,0,single_teb,44,0,FORWARD,
25.384,6.607078890798055,0.007129934462091911,0.23162492318824782,0.414656537857549,0.0064980610613594916,0.49500000000000005,2.9999993770552424,11.392923340234706,false,false,0,single_teb,46,0,FORWARD,
25.484,6.6492551326354565,0.017074504567724493,0.2311057124251016,0.4440030785544366,-0.011958647501866914,0.4810042839024626,2.984676661751309,11.350757709629292,false,false,0,single_teb,46,0,FORWARD,
25.584,6.693315022153212,0.02742877469524238,0.23058564989151487,0.4575182713233825,-0.0013916778419543908,0.49500000000000005,2.960552767711168,11.306718247393782,false,false,0,single_teb,46,0,FORWARD,
25.684,6.738699532412326,0.03810297546389764,0.2320943093102617,0.47120898176411263,0.024379675069085654,0.490803431397134,2.960632142232472,11.261364928729979,false,false,0,single_teb,46,0,FORWARD,
25.784,6.78501818799594,0.04910295023976524,0.2346332603343664,0.4786196248635356,0.02289803487850242,0.4918207883408815,2.9338667957053723,11.215089306077957,false,false,0,single_teb,46,0,FORWARD,
25.884,6.831856924975752,0.060343951220466686,0.2368811034160424,0.4834415291094257,0.022247332717505612,0.4796830090940361,2.9063170574112855,11.168306099702898,false,false,0,single_teb,46,0,FORWARD,
25.984,6.878752372919545,0.07172527388836088,0.24024222421252364,0.4820686786291199,0.03987826409993931,0.4553024079697674,2.9026429577644857,11.121478916841813,false,false,0,single_teb,46,0,FORWARD,
26.084,6.925120917816877,0.08318178916338459,0.24587880491241662,0.4737647061494917,0.06879513612612477,0.4556174931873951,2.86880729814795,11.075191460874423,false,false,0,single_teb,46,0,FORWARD,
26.184,6.9706243847980645,0.09475563635407638,0.2544431640997535,0.46711715664343884,0.09631951162010689,0.465507291331282,2.8454880638893636,11.029782640280448,false,false,0,single_teb,46,0,FORWARD,
26.284,7.015679439928103,0.10666266147843084,0.2640516007489663,0.4659317133995761,0.092108339304091,0.46247999135627926,2.796538236799738,10.98483841891959,false,false,0,single_teb,46,0,FORWARD,
26.384,7.0605530716683464,0.11898546992114599,0.27469260057783396,0.46485379669709276,0.12065043459109864,0.4414452316038649,2.8116291791825505,10.940093995932449,false,false,0,single_teb,48,0,FORWARD,
26.484,7.10470541410704,0.13167997282501262,0.28839378435514507,0.45630350038367085,0.14593930148598921,0.44667518771004366,2.7754475893619395,10.896090295543242,false,false,0,single_teb,48,0,FORWARD,
26.584,7.14811718554649,0.1448581777856375,0.30504778170785557,0.4524706997939871,0.18187542089714007,0.41161446171921995,2.7598819555881358,10.85284960322877,false,false,0,single_teb,48,0,FORWARD,
26.684,7.190507378001657,0.15857101581231317,0.32551893295314116,0.4396653351030852,0.21950325106935034,0.4404350419840298,2.713502290907404,10.810655646726168,false,false,0,single_teb,48,0,FORWARD,
26.784,7.232050172190153,0.1730189372826443,0.34888179086193005,0.43994648099478534,0.24148802183271906,0.4390916858897292,2.713802698317072,10.769339768383599,false,false,0,single_teb,48,0,FORWARD,
26.884,7.273219914639164,0.18846989279274656,0.3747747445994743,0.4396342554736402,0.26864495750339223,0.4408822449602886,2.6787016316231282,10.728435668828105,false,false,0,single_teb,48,0,FORWARD,
26.984,7.313966415557221,0.20501645636705484,0.40232604322551463,0.4399819373686673,0.2781768477125909,0.42964242568742866,2.6653454908506715,10.688000070884183,false,false,0,single_teb,48,0,FORWARD,
27.084,7.35403060871714,0.22260873127589972,0.43127342641173216,0.4362052903055693,0.2956925490950354,0.44975530702663713,2.6281078848480046,10.648296527021204,false,false,0,single_teb,48,0,FORWARD,
27.184,7.393583574698486,0.24139312308761346,0.46181127980872977,0.4399396488667877,0.31191304909513673,0.35954926908010504,2.595516065084821,10.609163021972082,false,false,0,single_teb,48,0,FORWARD,
27.284,7.431060579709682,0.26062626757124624,0.49307374003194665,0.41057597086315323,0.3124460734987364,0.4224467619265317,2.594692054054776,10.572152407202367,false,false,0,single_teb,48,0,FORWARD,
27.384,7.467217489962316,0.28065112732204023,0.5249702311461878,0.41491193851697455,0.3226314711119706,0.41047456292956935,2.542238974013844,10.536520889697076,false,false,0,single_teb,50,0,FORWARD,
27.484,7.502832534494915,0.30190298271293026,0.5577333069714322,0.4140143375435611,0.3307623721771003,0.42461349196475584,2.5329920563058073,10.501507996941651,false,false,0,single_teb,50,0,FORWARD,
27.584,7.537782160545641,0.3243598540519784,0.5913139351728666,0.41703172515422415,0.33925068712632905,0.4179562712235172,2.475237626883259,10.467244691661588,false,false,0,single_teb,50,0,FORWARD,
27.684,7.5721398676595575,0.3481168058045221,0.6255223359324095,0.4177715742872431,0.3433674310501622,0.36673278319404246,2.424206882913226,10.433669165261986,false,false,0,single_teb,50,0,FORWARD,
27.784,7.605020233853144,0.3725479088293507,0.659318868091489,0.40222324601722464,0.3325368078367214,0.39451987593659316,2.406678732176359,10.40165353599973,false,false,0,single_teb,50,0,FORWARD,
27.884,7.636341366936128,0.3974940805149825,0.692496324894272,0.3994094854753449,0.3313230231676315,0.3596767280415992,2.368345049254348,10.371278696801266,false,false,0,single_teb,50,0,FORWARD,
27.984,7.666044876370664,0.42279121138227876,0.7249027140421271,0.3848965562097178,0.31989991199230094,0.3954675803092223,2.3036991303830776,10.342600297101649,false,false,0,single_teb,50,0,FORWARD,
28.084,7.694515042818179,0.44866719202167077,0.7569023752320561,0.3865957300808837,0.321667287927696,0.37687052430445334,2.280924347273757,10.315247086323112,false,false,0,single_teb,50,0,FORWARD,
28.184,7.722210205004943,0.47550849302431203,0.7890071788460585,0.38416686842895226,0.31984891266795096,0.3577567676040496,2.212728257989579,10.288783766657883,false,false,0,single_teb,50,0,FORWARD,
28.284,7.748503329005921,0.5026676466298863,0.8204884210805455,0.3745202204255001,0.31193065233697603,0.37981677188592733,2.1734324911993834,10.26381307109454,false,false,0,single_teb,50,0,FORWARD,
28.384,7.773670453816032,0.5303499751943956,0.8516539701638217,0.37512226786188857,0.3124972209091248,0.47524010349678664,2.110794810667296,10.24007261123396,false,false,0,single_teb,52,0,FORWARD,
28.484,7.799518634768237,0.5606629546417825,0.8841518099076484,0.41169166703383975,0.33202210937290827,0.39917655155091325,2.088784725172384,10.21587798630877,false,false,0,single_teb,52,0,FORWARD,
28.584,7.825354117521505,0.5930535261901976,0.9176504021453243,0.41171516086879495,0.33499246842551605,0.44983933689526395,2.037501601591368,10.191914997622538,false,false,0,single_teb,52,0,FORWARD,
28.684,7.850449030042062,0.6268012929280968,0.9520973284108951,0.42564053392917406,0.34987471833337125,0.4128459111439752,1.9987900491059807,10.168887095085205,false,false,0,single_teb,52,0,FORWARD,
28.784,7.874479388094574,0.6615697140237502,0.9869710153906808,0.420967124192344,0.34805587757534473,0.4413932608813968,1.9590543629969326,10.147110039249357,false,false,0,single_teb,52,0,FORWARD,
28.884,7.897331265225239,0.6972380072324855,1.0220721933141221,0.42670357372732154,0.3539775270009239,0.43748891423710484,1.9223512532557216,10.126700173468402,false,false,0,single_teb,52,0,FORWARD,
28.984,7.919207627381081,0.7341960772892123,1.0577454761401437,0.4308789176817182,0.35812497430235174,0.4306892004301525,1.8875919701899257,10.107493197611298,false,false,0,single_teb,52,0,FORWARD,
29.084,7.939813484217119,0.7720298521253928,1.093579593734284,0.4308096208790225,0.3584598775158449,0.4701624142999552,1.8628138425196377,10.089766242332498,false,false,0,single_teb,52,0,FORWARD,
29.184,7.9593205020518525,0.8111398089493259,1.12996137524384,0.4427992845884544,0.36866756436269876,0.4268067549879607,1.8465059840166012,10.073390321544114,false,false,0,single_teb,52,0,FORWARD,
29.284,7.977472198424632,0.8511178734403573,1.1665271733484517,0.4369577959563745,0.3639351672910536,0.4633908829747986,1.812588778192128,10.058601551301296,false,false,0,single_teb,52,0,FORWARD,
29.384,7.994297204583196,0.892106750804099,1.2034372472543418,0.4466128399791872,0.37205360922988523,0.44735280691353596,1.7759137569715575,10.045394112977446,false,false,0,single_teb,54,0,FORWARD,
29.484,8.009720138044486,0.9340361976055578,1.2406597778823198,0.44688312295149324,0.3723229274956129,0.48346555698547555,1.7408688707249569,10.033848480948441,false,false,0,single_teb,54,0,FORWARD,
29.584,8.023748244682139,0.9770800613809407,1.2783822399684133,0.4580638725190799,0.3816641957898733,0.4266859164617512,1.7199690290820482,10.023985461473439,false,false,0,single_teb,54,0,FORWARD,
29.684,8.036199311000528,1.020832222509883,1.316287638451115,0.45003256459523816,0.3749870554594978,0.4121448105614172,1.6657867036334677,10.015958396310399,false,false,0,single_teb,54,0,FORWARD,
29.784,8.046678387050152,1.06369008204758,1.3530532132878665,0.4361935478785349,0.36346391548818174,0.41466884818951577,1.6473616927825985,10.009997388684022,false,false,0,single_teb,54,0,FORWARD,
29.884,8.055386805897426,1.105918397388154,1.3889830875633469,0.42833135898888874,0.3569172319043821,0.39097826089958415,1.6038620740979401,10.005917603198649,false,false,0,single_teb,54,0,FORWARD,
29.984,8.062422790994805,1.1474628510635794,1.4240958566012647,0.41611872199291067,0.34674332016351883,0.32622670999432296,1.5666467643212916,10.00360493919619,false,false,0,single_teb,54,0,FORWARD,
30.084,8.067741048214367,1.1871017378062516,1.457423697673255,0.3871959237054117,0.32264390195930354,0.3940851208667534,1.5282256869397242,10.002948486382827,false,false,0,single_teb,54,0,FORWARD,
30.184,8.071638373626806,1.2257839634275647,1.4898215473977263,0.38971229653118983,0.3247415417088357,0.4342155687370292,1.4964757349992466,10.003744844258872,false,false,0,single_teb,54,0,FORWARD,
30.284,8.074326254261676,1.265403458510339,1.5229132471976667,0.40354354069666876,0.3362673829635253,0.3838428783007988,1.4495173958859522,10.006010454704162,false,false,0,single_teb,54,0,FORWARD,
30.384,8.075705741672435,1.3052743556659299,1.556158499139686,0.3963476062007048,0.3302713718327066,0.3228380943629741,1.4106437340838762,10.009763117548415,false,false,0,single_teb,56,0,FORWARD,
30.484,8.075781497674198,1.3431991944414392,1.587762132352923,0.3694972586649035,0.30789746310436933,0.349547081967886,1.3960629934885156,10.01470403745682,false,false,0,single_teb,56,0,FORWARD,
30.584,8.074718953785723,1.3796684622384547,1.6181655480388777,0.3622101856817767,0.3018253153515445,0.35899530756206216,1.3521820603705061,10.020712994195362,false,false,0,single_teb,56,0,FORWARD,
30.684,8.072572578179633,1.4157496720085725,1.6482858262746933,0.36103590778709926,0.30084684935682554,0.46466764885464645,1.327639184205893,10.02786928261948,false,false,0,single_teb,56,0,FORWARD,
30.784,8.069098901421956,1.454103051671438,1.6803773455989959,0.398888808640885,0.33238924197448905,0.4083497129933238,1.2719518614050243,10.036792929746971,false,false,0,single_teb,56,0,FORWARD,
30.884,8.064180171273891,1.4939072482200442,1.7137994816530797,0.40234453244472024,0.3352688716736769,0.4194657128582483,1.2526045662820051,10.047500909937321,false,false,0,single_teb,56,0,FORWARD,
30.984,8.057845560624333,1.5340408826175898,1.7476579217936516,0.40859827611453503,0.3404800509488646,0.38612717114960665,1.1856148849126398,10.059806972598402,false,false,0,single_teb,56,0,FORWARD,
31.084,8.050166347187394,1.573886949604565,1.781473718260484,0.4024042981182771,0.335318688735274,0.45992346610611545,1.1456911154999099,10.07354504872926,false,false,0,single_teb,56,0,FORWARD,
31.184,8.040909509278121,1.6144184777353285,1.8161194484063383,0.4234139553970904,0.3528257881742629,0.43897798606605287,1.0949485375992734,10.089094628540273,false,false,0,single_teb,56,0,FORWARD,
31.284,8.029950224759007,1.655689096593965,1.8517034254463776,0.42909892897495894,0.35756301063216706,0.4580978029824959,1.0561568432468778,10.106591854100131,false,false,0,single_teb,56,0,FORWARD,
31.384,8.017303837276174,1.6972494687499071,1.8879049010934044,0.4385361810204248,0.36542696113403056,0.44177575317079815,0.9889422259380583,10.125950742346758,false,false,0,single_teb,58,0,FORWARD,
31.484,8.00299701215135,1.738780861365937,1.9245103316981143,0.43971947874517153,0.36641298964247493,0.4520693716624606,0.9631910068234872,10.147089613426466,false,false,0,single_teb,58,0,FORWARD,
31.584,7.987084582863388,1.7799972099512271,1.9613281255493962,0.4436086330014463,0.36965377580819975,0.4812593111083936,0.8819592484641574,10.169899961069733,false,false,0,single_teb,58,0,FORWARD,
31.684,7.969323558760308,1.8213657198182078,1.998844919385901,0.4555977629729405,0.3796441748473155,0.3994630953780346,0.8439020618955655,10.194696805406714,false,false,0,single_teb,58,0,FORWARD,
31.784,7.950362547332732,1.8613506147621386,2.035722286701005,0.43509381326562824,0.36255847854878215,0.4381384959095455,0.7639077360491374,10.220559624655005,false,false,0,single_teb,58,0,FORWARD,
31.884,7.9303943258176375,1.8997662050768354,2.07180166250365,0.4338696403279136,0.3615383899287356,0.3851361641380986,0.734319974197893,10.247246950643753,false,false,0,single_teb,58,0,FORWARD,
31.984,7.909348674762857,1.9369321945129245,2.1073940517123684,0.42284880055394036,0.35235485579694853,0.4263100984413731,0.6935125514992198,10.274869852881388,false,false,0,single_teb,58,0,FORWARD,
32.084,7.887180015581384,1.9730319438492578,2.1426965654713936,0.42411308661541847,0.3534083702960873,0.403649188580768,0.6501139891286181,10.303493732162218,false,false,0,single_teb,58,0,FORWARD,
32.184,7.863900118562212,2.0081088520923953,2.1777790641862365,0.41800725906358605,0.3483204571258918,0.4191675268228947,0.5994573290209392,10.333103210959184,false,false,0,single_teb,58,0,FORWARD,
32.284,7.839566478910346,2.0421273707964906,2.2126335785328255,0.4184310626203393,0.34867360757592036,0.4069704623872155,0.5825546276707934,10.363623571658636,false,false,0,single_teb,58,0,FORWARD,
32.384,7.814162602489819,2.0751503967455736,2.2473532526457576,0.4149817170233601,0.3457993090861878,0.465789560345199,0.5482305939058879,10.395072518151583,false,false,0,single_teb,60,0,FORWARD,
32.484,7.787249920123856,2.107716159537875,2.2825590244405234,0.42998685660477304,0.35830291271054,-0.06505398402490727,0.5502482351642837,10.427978308530724,false,false,0,single_teb,60,0,FORWARD,
32.584,7.765015577810488,2.1329573599050247,2.3076532982355498,0.27862593545918696,0.18957773846406703,-0.12002023342297502,0.5442558756497387,10.454875093545356,false,false,0,single_teb,60,0,FORWARD,
32.684,7.750559740746826,2.1487195880079715,2.320472129159621,0.1768540284972504,0.09514516684032995,-0.1945378017251974,0.5381855730220063,10.472250068437486,false,false,0,single_teb,60,0,FORWARD,
32.784,7.741283297353256,2.1586311677224206,2.3267375581191736,0.11225569272350726,0.0452771161746415,-0.3,0.5541553782166445,10.483365724013732,false,false,0,single_teb,60,0,FORWARD,
32.884,7.735364755365179,2.1648937919428746,2.3295826148904357,0.07125277640497964,0.01954000418779166,-0.29811190609042615,0.5354915717787421,10.490448123688147,false,false,0,single_teb,60,0,FORWARD,
32.984,7.7315996114751,2.1688609264854586,2.330694385530241,0.04522673213484937,0.00672832722222726,-0.3,0.551946276708195,10.4949513699442,false,false,0,single_teb,60,0,FORWARD,
33.084,7.729207807691566,2.1713771785447658,2.331013409103918,0.02870705399564566,0.001629734454787774,-0.3,0.5375383185090029,10.497811729550541,false,false,0,single_teb,60,0,FORWARD,
33.184,7.727689322392614,2.17297403083267,2.3310730211241713,0.01822141265152143,0.00016057733568582467,-0.3,0.5423112200440371,10.499627745589837,false,false,0,single_teb,60,0,FORWARD,
33.284,7.726725457768386,2.1739875857423385,2.3310603483459564,0.011565794214459857,-0.00023695442682896195,-0.3,0.5549051547462828,10.500780534942438,false,false,0,single_teb,60,0,FORWARD,
33.384,7.726113674863713,2.1746309421936636,2.3310020802626013,0.007341230801886477,-0.0008073450969309701,-0.3,0.5378756466346476,10.501512269981333,false,false,0,single_teb,62,0,NEUTRAL,
33.484,7.725725380892564,2.175039329559811,2.330943933687297,0.004659746549803516,-0.0004605976810014754,-0.3,0.542082436324977,10.501976720311623,false,false,0,single_teb,62,0,NEUTRAL,
33.584,7.725478929054824,2.1752985597662367,2.330910167109268,0.002957710838191617,-0.0002708171786661861,-0.3,0.53984140781934,10.502271519124683,false,false,0,single_teb,62,0,NEUTRAL,
33.684,7.725322501731374,2.1754631070241075,2.330890269465355,0.001877366785694606,-0.00015982754397645226,-0.3,0.5469524803596232,10.502458637074017,false,false,0,single_teb,62,0,NEUTRAL,
33.784,7.72522321333258,2.1755675527967164,2.3308790082423907,0.0011916330705892216,-8.779600284588086e-05,-0.3,0.5535584474022276,10.502577407123528,false,false,0,single_teb,62,0,NEUTRAL,
33.884,7.725160191982013,2.1756338489142903,2.3308726605113446,0.0007563729079166144,-5.033035107980008e-05,-0.3,0.5442274882811537,10.502652794650155,false,false,0,single_teb,62,0,NEUTRAL,
33.984,7.72512019026025,2.1756759296880643,2.3308686979477935,0.00048009743095443926,-3.3290853740298225e-05,-0.3,0.5451061799544326,10.502700645815894,false,false,0,single_teb,62,0,NEUTRAL,
34.084,7.725094799802662,2.1757026399752055,2.3308660283928786,0.00030473532406644993,-2.2678021158000467e-05,-0.3,0.5399645352775938,10.502731018674972,false,false,0,single_teb,62,0,NEUTRAL,
34.184,7.725078683593921,2.1757195940046508,2.330864254965529,0.00019342660832254464,-1.4805073398483288e-05,-0.3,0.5429199719841368,10.502750297425516,false,false,0,single_teb,62,0,NEUTRAL,
34.284,7.725068454065671,2.1757303553601517,2.3308631290892268,0.0001227749126944165,-9.181311367365997e-06,-0.3,0.5392722869331724,10.502762534346477,false,false,0,single_teb,62,0,NEUTRAL,
34.384,7.725061961018031,2.175737185990573,2.3308624477808393,7.792970841935965e-05,-5.457370129969638e-06,-0.3,0.53839454893421,10.502770301564288,false,false,0,single_teb,64,0,NEUTRAL,
34.484,7.725057839646709,2.175741521642829,2.330862020221817,4.946482405116466e-05,-3.6558847819055936e-06,-0.3,0.5351923904290881,10.502775231699772,false,false,0,single_teb,64,0,NEUTRAL,
34.584,7.725055223663255,2.1757442736401846,2.3308617495853836,3.1397125281747376e-05,-2.119444125818031e-06,-0.3,0.5446401777702067,10.502778361036086,false,false,0,single_teb,64,0,NEUTRAL,
34.684,7.72505356320369,2.175746020433515,2.3308615640223818,1.9928898866355713e-05,-1.655385883656735e-06,-0.3,0.5374404265898696,10.50278034733972,false,false,0,single_teb,64,0,NEUTRAL,
34.784,7.725052509249715,2.175747129187033,2.33086143675173,1.2649597899853664e-05,-1.0242745349985051e-06,-0.3,0.5438101077492125,10.502781608118928,false,false,0,single_teb,64,0,NEUTRAL,
34.884,7.725051840266819,2.175747832953343,2.3308613536729754,8.029160471987624e-06,-7.105350660079584e-07,-0.3,0.5215750875907633,10.502782408381385,false,false,0,single_teb,64,0,NEUTRAL,
34.984,7.7250514156390455,2.1757482796594823,2.3308612897993437,5.096400565086287e-06,-5.775454867318393e-07,-0.3,0.5333354258949644,10.502782916337098,false,false,0,single_teb,64,0,NEUTRAL,
35.084,7.7250511461123486,2.1757485632001528,2.33086124829149,3.2348710441680976e-06,-3.0595199298999415e-07,-0.3,0.5382212797861242,10.50278323875508,false,false,0,single_teb,64,0,NEUTRAL,
35.184,7.725050975033944,2.1757487431737483,2.3308612298529083,2.053290462308868e-06,-1.258112610201255e-07,-0.3,0.5255337896781657,10.502783443405516,false,false,0,single_teb,64,0,NEUTRAL,
35.284,7.725050866444252,2.175748857409545,2.3308612201101826,1.3032982350901664e-06,-8.791014154231633e-08,-0.3,0.5385180002773027,10.5027835733046,false,false,0,single_teb,64,0,NEUTRAL,
35.384,7.725381526270335,2.1754010049676498,2.330898814778429,-0.024,0.0018799682741117093,-0.3,0.5335928144889567,10.502388029068491,false,false,0,single_teb,66,0,REVERSE,
35.484,7.731456119603728,2.169014550877469,2.3315984408116357,-0.12481274837248223,0.009863298468940388,-0.3,0.5497125870311479,10.495123512638711,false,false,0,single_teb,66,0,REVERSE,
35.584,7.742875231263874,2.157031674940752,2.332866005855016,-0.18880227125795931,0.014232753035655691,-0.3,0.5465123938263857,10.481478625085195,false,false,0,single_teb,66,0,REVERSE,
35.684,7.757705282186092,2.141514286448009,2.334612901080231,-0.22941875186398425,0.019387791888748288,-0.3,0.5516592124647772,10.463779648177786,false,false,0,single_teb,66,0,REVERSE,
35.784,7.774723982670944,2.1237760522638136,2.336873157827606,-0.25519951131380997,0.024479550909580875,-0.3,0.5645759601852125,10.44350010057615,false,false,0,single_teb,66,0,REVERSE,
35.884,7.793160474241662,2.1046557359884597,2.339761551284877,-0.2715634982445531,0.031418605603527536,-0.3,0.5731005191674722,10.421571324498613,false,false,0,single_teb,66,0,REVERSE,
35.984,7.812530439632786,2.0846907640717736,2.34300559975504,-0.28195031670855863,0.032414263409804224,-0.3,0.577455796900341,10.398580269691374,false,false,0,single_teb,66,0,REVERSE,
36.084,7.8325221737530155,2.0642183648652046,2.3462769260313054,-0.28854320866458427,0.03288613493871989,-0.3,0.6036715886026115,10.374902544364977,false,false,0,single_teb,66,0,REVERSE,
36.184,7.852935950385988,2.043450974510314,2.34960793718498,-0.29272795729521217,0.033550853055893,-0.3,0.5951698867860576,10.350777782958936,false,false,0,single_teb,66,0,REVERSE,
36.284,7.873645796764061,2.0225244221457452,2.3531321817177773,-0.2953841696551822,0.03667499875062033,-0.3,0.627808387307346,10.326357270962987,false,false,0,single_teb,66,0,REVERSE,
36.384,7.89458172584305,2.0015350940389225,2.3583436294318294,-0.2970701643764944,0.06705421684700263,-0.3,0.6382415187607731,10.301729040716157,false,false,0,single_teb,68,0,REVERSE,
36.484,7.915750077079727,1.9805958379331425,2.3673340302401784,-0.2981403266282524,0.10530711925354776,-0.3,0.6682795224396815,10.27690889232534,false,false,0,single_teb,68,0,REVERSE,
36.584,7.937196938065896,1.9598238283331229,2.380236571371146,-0.2988195975836183,0.14507378639096583,-0.3,0.6652441276046922,10.251873726366936,false,false,0,single_teb,68,0,REVERSE,
36.684,7.958981042046523,1.9393298082020487,2.397186911076162,-0.2992507555973175,0.18501494750396277,-0.3,0.6954141793458094,10.226586029509658,false,false,0,single_teb,68,0,REVERSE,
36.784,7.981162400406901,1.9192173431067288,2.41740445926922,-0.29952442729093026,0.21179859643885574,-0.3,0.7129893554184129,10.201004953292694,false,false,0,single_teb,68,0,REVERSE,
36.884,8.003778814953142,1.8995634925525846,2.439607548153074,-0.2996981366816993,0.22773771650357438,-0.3,0.7527804267655338,10.175105868865355,false,false,0,single_teb,68,0,REVERSE,
36.984,8.026846126770616,1.8804200764191277,2.4629829256065214,-0.2998083963583324,0.2370967061346973,-0.3,0.7709348094712223,10.148880620192081,false,false,0,single_teb,68,0,REVERSE,
37.084,8.05036682576876,1.8618229529160677,2.487043046130778,-0.29987838219063195,0.24254404979823377,-0.3,0.8058485022213939,10.122331006728041,false,false,0,single_teb,68,0,REVERSE,
37.184,8.07433557020392,1.8437980727349235,2.511500436385376,-0.29992280474720234,0.24569767453506228,-0.3,0.8483370391908428,10.095464610702184,false,false,0,single_teb,68,0,REVERSE,
37.284,8.098742481182724,1.8263652475987477,2.536187380723365,-0.29995100136168,0.2475176453181369,-0.3,0.8576123563829204,10.068292331451849,false,false,0,single_teb,68,0,REVERSE,
37.384,8.123575046875139,1.809540452863121,2.56100665783075,-0.29996889877977984,0.2485660734771482,-0.3,0.9023573947231175,10.040826983135178,false,false,0,single_teb,70,0,REVERSE,
37.484,8.148819200452992,1.793337216239726,2.5859021221937715,-0.29998025892285274,0.24916944867652766,-0.3,0.9188240070602125,10.013082518211565,false,false,0,single_teb,70,0,REVERSE,
37.584,8.174459922499722,1.7777674477960275,2.6108414192737572,-0.2999874696193855,0.2495165225176405,-0.3,0.9586127782280333,9.985073605788159,false,false,0,single_teb,70,0,REVERSE,
37.684,8.20048157549148,1.7628419326043747,2.635805926516869,-0.2999920465110808,0.2497161260161884,-0.3,0.9786170192753081,9.956815406124102,false,false,0,single_teb,70,0,REVERSE,
37.784,8.226868089572946,1.7485706213146082,2.6607849318419787,-0.2999949516309254,0.24983091574173807,-0.3,1.01071014868631,9.928323451435903,false,false,0,single_teb,70,0,REVERSE,
37.884,8.253603066782036,1.7349628003111828,2.685772275182994,-0.29999679561629206,0.24989693564195725,-0.3,1.0256344933223134,9.899613583282134,false,false,0,single_teb,70,0,REVERSE,
37.984,8.280669841039963,1.722027190383952,2.710764414431847,-0.29999796606096024,0.24993491223589637,-0.3,1.060967292280138,9.870701919483325,false,false,0,single_teb,70,0,REVERSE,
38.084,8.308051514423816,1.709772003093345,2.735759312745007,-0.29999870898481756,0.2499567621595575,-0.3,1.0808837988280513,9.841604836083611,false,false,0,single_teb,70,0,REVERSE,
38.184,8.335730980895464,1.6982049721811665,2.7607557987138023,-0.2999991805456463,0.2499693367950045,-0.3,1.1002979633235779,9.812338956699598,false,false,0,single_teb,70,0,REVERSE,
38.284,8.363690943513568,1.6873333703239475,2.7857531985258404,-0.2999994798624781,0.24997657563609668,-0.3,1.1222680173802693,9.782921145278193,false,false,0,single_teb,70,0,REVERSE,
38.384,8.391913928344044,1.6771640173312043,2.8107511245054684,-0.29999966984977194,0.2499807442021327,-0.3,1.1296720212952593,9.753368500235174,false,false,0,single_teb,72,0,REVERSE,
38.484,8.420382296761796,1.6677032834016514,2.8357493535455935,-0.2999997904416265,0.2499831456009761,-0.3,1.1525194434255184,9.723698348964938,false,false,0,single_teb,72,0,REVERSE,
38.584,8.4490782570196,1.658957089575116,2.8607477572096327,-0.29999986698566844,0.24998452954495048,-0.3,1.1750143442498249,9.693928242234275,false,false,0,single_teb,72,0,REVERSE,
38.684,8.47798387552653,1.6509309066444413,2.8857462615354126,-0.29999991557095956,0.24998532747894908,-0.3,1.17940400828119,9.664075948234608,false,false,0,single_teb,72,0,REVERSE,
38.784,8.507081088051365,1.6436297532749347,2.9107448239148783,-0.29999994640981326,0.24998578776581515,-0.3,1.1944100532876056,9.634159446193667,false,false,0,single_teb,72,0,REVERSE,
38.884,8.536351710949706,1.6370581937733888,2.935743419792394,-0.29999996598435674,0.24998605342429164,-0.3,1.2100441804230018,9.604196919505824,false,false,0,single_teb,72,0,REVERSE,
38.984,8.565777452454817,1.6312203357681552,2.9607420350098343,-0.2999999784090324,0.2499862068415241,-0.27525269360655463,1.2275147273976352,9.57420674836477,false,false,0,single_teb,72,0,REVERSE,
39.084,8.594772264272384,1.6262120393448063,2.985261429029907,-0.2909606965405746,0.24245396662004173,-0.19281783710767902,1.2328658452331824,9.544782572579118,false,false,0,single_teb,72,0,REVERSE,
39.184,8.621295290775885,1.6222671982984331,3.006709369200699,-0.2551126842486746,0.19918357028796932,-0.18889403122796353,1.2474119989242285,9.517975251359799,false,false,0,single_teb,72,0,REVERSE,
39.284,8.645100866172596,1.6192126754549399,3.0245335323273213,-0.23116244925417137,0.16509358667517773,-0.16682553395090366,1.2644963612854285,9.493997445356653,false,false,0,single_teb,72,0,REVERSE,
39.384,8.666588078822304,1.6168118726381557,3.038614626806989,-0.20766251717616402,0.12789726046848582,-0.0980633285186778,1.2688834338437958,9.472415675100287,false,false,0,single_teb,74,0,REVERSE,
39.484,8.684718231858797,1.6150131053430787,3.048350497460235,-0.16762992504589094,0.07999855113649547,-0.059797213302016816,1.2704523595467747,9.454244641973983,false,false,0,single_teb,74,0,REVERSE,
39.584,8.698916492615403,1.6137201144987003,3.0540588591387654,-0.12824256259894315,0.044282859922511825,0.08527145922965701,1.2844664091624902,9.44003427002675,false,false,0,single_teb,74,0,REVERSE,
39.684,8.709159196013138,1.6128356886949846,3.0578292260956577,-0.08501242566791739,0.036026352522895884,0.09699094110139614,1.2892252440013574,9.429791185586001,false,false,0,single_teb,74,0,REVERSE,
39.784,8.715662593399882,1.6122977295691951,3.0610900817247604,-0.053960482633880785,0.030189422571914544,0.16687690633132704,1.2922956077422827,9.423291624924286,false,false,0,single_teb,74,0,REVERSE,
39.884,8.71979155319494,1.6119687804146356,3.06368928093842,-0.034250683511318755,0.023009258199124877,0.18978074048445306,1.285219586228727,9.41916727557078,false,false,0,single_teb,74,0,REVERSE,
39.984,8.722412833441686,1.6117660830294183,3.0655415643428,-0.021740156198231424,0.015700006578298814,0.198980259174709,1.306726728945951,9.416549980724975,false,false,0,single_teb,74,0,REVERSE,
40.084,8.72407686051102,1.6116401013334045,3.0667672689323693,-0.013799268892467784,0.01022244338588856,0.20490704512987845,1.2948304740752905,9.414888948146602,false,false,0,single_teb,74,0,REVERSE,
40.184,8.725133162787268,1.611561248874234,3.067557244458073,-0.008758898520799027,0.006560357566925206,0.20902695047806671,1.289074063444291,9.413834739727568,false,false,0,single_teb,74,0,NEUTRAL,
40.284,8.72580367005669,1.611511652321639,3.0680628801454466,-0.005559591880953304,0.004192449642020812,0.2116143844889019,1.3044874994125097,9.413165640309447,false,false,0,single_teb,74,0,NEUTRAL,
40.384,8.726229279030955,1.6114803558299273,3.06838560730803,-0.003528875441285765,0.0026739310291998748,0.19953835282014837,1.3052889110089883,9.41274095693324,false,false,0,single_teb,76,0,NEUTRAL,
40.484,8.72649943402268,1.611460565400851,3.0685911087098234,-0.002239905760488033,0.0017006119100680757,0.21460064626310182,1.3047228845254124,9.412471402401376,false,false,0,single_teb,76,0,NEUTRAL,
40.584,8.7266709134394,1.611448033824575,3.0687217957731447,-0.0014217497611758829,0.0010816343478635786,0.2147561054864316,1.3003820506896704,9.412300309348824,false,false,0,single_teb,76,0,NEUTRAL,
40.684,8.726779758558592,1.6114400917407548,3.0688049388602723,-0.0009024363520379809,0.0006881265818400312,0.21529571498326014,1.3003455726470678,9.41219171158068,false,false,0,single_teb,76,0,NEUTRAL,
40.784,8.726848846877976,1.611435055522368,3.0688578021641524,-0.0005728092184141194,0.0004373515529599841,0.2152208518014102,1.2999272672500342,9.412122781116633,false,false,0,single_teb,76,0,NEUTRAL,
40.884,8.726892699894824,1.6114318608327782,3.068891391789109,-0.00036358287203215985,0.0002778601046898563,0.21593444273505724,1.2956701843108862,9.412079028640319,false,false,0,single_teb,76,0,NEUTRAL,
40.984,8.726920535059909,1.611429833846132,3.0689127330248023,-0.0002307792901817159,0.0001765374222082505,0.2164063874040359,1.2971154777373999,9.412051257430708,false,false,0,single_teb,76,0,NEUTRAL,
41.084,8.726938203076378,1.6114285475661563,3.0689262862925144,-0.00014648402021552245,0.0001120749658276251,0.2164534624168893,1.3025103808881386,9.412033630065052,false,false,0,single_teb,76,0,NEUTRAL,
41.184,8.726949417619338,1.6114277312472878,3.0689348881049514,-9.297874242357657e-05,7.1117893885346e-05,0.21622906908747883,1.3008254560128392,9.41202244134719,false,false,0,single_teb,76,0,NEUTRAL,
41.284,8.726956535901985,1.611427213152285,3.06894034490198,-5.901699400351184e-05,4.511046408819723e-05,0.21662152563353584,1.3079108360761391,9.412015339465754,false,false,0,single_teb,76,0,NEUTRAL,
41.384,8.726961054136753,1.6114268843195851,3.0689438091470196,-3.7460235430409194e-05,2.865406038688376e-05,0.21670970477263382,1.2939563123550146,9.41201083164509,false,false,0,single_teb,78,0,NEUTRAL,
41.484,8.726963922025526,1.6114266756059856,3.068946008977257,-2.3777375689757793e-05,1.8191338642486824e-05,0.21651922072380816,1.2879857810631932,9.412007970368,false,false,0,single_teb,78,0,NEUTRAL,
41.584,8.726965742379226,1.6114265431312846,3.068947405262224,-1.509236629711457e-05,1.1545421562861429e-05,0.21623274735992512,1.297031675845365,9.412006154211571,false,false,0,single_teb,78,0,NEUTRAL,
41.684,8.726966897824116,1.611426459046146,3.0689482915392765,-9.579674536765503e-06,7.329153023882341e-06,0.2161939533175019,1.2936799874603553,9.412005001431082,false,false,0,single_teb,78,0,NEUTRAL,
41.784,8.726967631227108,1.6114264056748018,3.068948854108053,-6.080568310079939e-06,4.651578279797807e-06,0.21712808622430124,1.3079412969247044,9.412004269719377,false,false,0,single_teb,78,0,NEUTRAL,
41.884,8.726968096744711,1.6114263717982897,3.0689492112667884,-3.859558154261901e-06,2.953887005751696e-06,0.2020326947129293,1.2968269947522866,9.412003805275335,false,false,0,single_teb,78,0,NEUTRAL,
41.984,8.726968392225695,1.6114263502957238,3.068949437968969,-2.449802121527962e-06,1.874118879560466e-06,0.19151787273325763,1.2918905252971338,9.412003510475797,false,false,0,single_teb,78,0,NEUTRAL,
42.084,8.726968579778237,1.6114263366472987,3.0689495850398534,-1.5549786257309636e-06,1.233202583882129e-06,0.21780211900751656,1.3060334922315224,9.412003323355798,false,false,0,single_teb,78,0,NEUTRAL,
42.184,8.726968698824667,1.6114263279841612,3.0689496787983264,-9.870015644251525e-07,7.705287945962005e-07,0.2176377673876562,1.2835874351159275,9.412003204583922,false,false,0,single_teb,78,0,NEUTRAL,
42.284,8.723510237749794,1.6116813178494676,3.0662623563629428,0.06634819479783952,-0.05133432173875792,0.19148903135019565,1.3026112678998696,9.415454263042111,false,false,0,single_teb,78,0,FORWARD,
42.384,8.713996501703498,1.6124279262252674,3.0587209518024006,0.112057584893762,-0.08943579964464225,0.2546102660158458,1.2983563932076634,9.424955426294916,false,false,0,single_teb,80,0,FORWARD,
42.484,8.699533505340993,1.6136963695195186,3.047193292122381,0.16412688769007844,-0.1299821210144279,0.2836053639187259,1.3026482227796303,9.439422280588747,false,false,0,single_teb,80,0,FORWARD,
42.584,8.680651776906835,1.6155985915758349,3.0321487926363746,0.20601650212609146,-0.16360146174136198,0.3288423521308123,1.2866382600308999,9.458351342193392,false,false,0,single_teb,80,0,FORWARD,
42.684,8.657356150978398,1.6183344218821818,3.0134708352884,0.25088031194551963,-0.20005931678473468,0.35806140517061724,1.2844863263931006,9.48177200689354,false,false,0,single_teb,80,0,FORWARD,
42.784,8.630035971635621,1.6220989658805174,2.9914231109640874,0.2900296618788143,-0.2321709199262748,0.38856914325709313,1.2623472539748877,9.509333885606976,false,false,0,single_teb,80,0,FORWARD,
42.884,8.5991444335985,1.6270903404829635,2.9663528376723747,0.32602254572281186,-0.2613032995022183,0.43265561424738785,1.2545636061185585,9.540624107281191,false,false,0,single_teb,80,0,FORWARD,
42.984,8.56467207094031,1.633587496725576,2.9389218833327497,0.36497172219148477,-0.28160545816806687,0.4578785183603386,1.2433200565670415,9.575699516920524,false,false,0,single_teb,80,0,FORWARD,
43.084,8.527081784931486,1.641770836761284,2.909982986492668,0.39738353844612934,-0.29371826673885565,0.48481795178573756,1.2433343961674717,9.614134957957305,false,false,0,single_teb,80,0,FORWARD,
43.184,8.486546774818091,1.6518477853000444,2.8801598390149894,0.42932014537041024,-0.3007430003799288,0.4843356282486374,1.2226884041176838,9.655795843612516,false,false,0,single_teb,80,0,FORWARD,
43.284,8.443982673906214,1.6637945638314906,2.8498370403616016,0.4494152976602411,-0.3046735939066018,0.48354819485840483,1.1869779496442718,9.699777290600018,false,false,0,single_teb,80,0,FORWARD,
43.384,8.400345212339332,1.6774798756767908,2.819741801128328,0.46188280192278564,-0.29893012947890013,0.48171393224975056,1.1805001168500824,9.745117278696908,false,false,0,single_teb,82,0,FORWARD,
43.484,8.356268039280952,1.6927507609435546,2.7909998430873917,0.4691263916024748,-0.2810922347593159,0.48099518033439614,1.151338558241063,9.791168023727765,false,false,0,single_teb,82,0,FORWARD,
43.584,8.312125838124349,1.709441583365159,2.7643556601575154,0.4735050458906628,-0.2556094451963575,0.4818443025962918,1.1359696731208984,9.837535072530915,false,false,0,single_teb,82,0,FORWARD,
43.684,8.268104867254136,1.727383713227447,2.7405355275458354,0.4764997792972701,-0.22649479287314048,0.4808004523496474,1.101948702612529,9.884009174797749,false,false,0,single_teb,82,0,FORWARD,
43.784,8.224304969671861,1.7463980223106732,2.7198391212483526,0.4780706585373485,-0.19624586378819753,0.4803097722146048,1.0957616157843126,9.93046420759437,false,false,0,single_teb,82,0,FORWARD,
43.884,8.180783531496315,1.7663143525671146,2.7018826523854504,0.4789181659824016,-0.16846380328431992,0.478935972393224,1.057498068238924,9.976817049912189,false,false,0,single_teb,82,0,FORWARD,
43.984,8.137566843903882,1.7869759628358701,2.686913879542036,0.47900765784148863,-0.13685796004376294,0.47827321642819887,1.0381865172442803,10.02301705327379,false,false,0,single_teb,82,0,FORWARD,
44.084,8.094649245887982,1.8082213168493493,2.675103250062287,0.47877942857801786,-0.10589736417435794,0.4766420387306225,0.9925387912104109,10.0690435440858,false,false,0,single_teb,82,0,FORWARD,
44.184,8.052011743508597,1.8298909277397586,2.6663301418360663,0.4779987179082375,-0.07773938058703603,0.48102272324801537,0.9860887515606365,10.114888588546844,false,false,0,single_teb,82,0,FORWARD,
44.284,8.009533164287886,1.8518920967181765,2.660479793760638,0.4788386506863689,-0.04483906796698913,0.4781896866259056,0.9587606365836365,10.160656077899244,false,false,0,single_teb,82,0,FORWARD,
44.384,7.96710912343835,1.8741092388198575,2.657808963663813,0.47877274443621165,-0.01535173509056571,0.4771234435724102,0.9413506655749689,10.206428600643026,false,false,0,single_teb,84,0,FORWARD,
44.484,7.9247576457247195,1.8963727147259513,2.65783769895561,0.47823472398379385,0.010241719284437982,0.47618758418704743,0.9342047259461124,10.252157722671827,false,false,0,single_teb,84,0,FORWARD,
44.584,7.882439408915074,1.918561800713028,2.6604861594743303,0.47754351130537764,0.03748023978407408,0.4767082912854264,0.9046927361544977,10.297859568737085,false,false,0,single_teb,84,0,FORWARD,
44.684,7.8400840433827454,1.9405681554286227,2.665886558060044,0.47720698123094696,0.06488792369290279,0.4789755023969069,0.8798894011561063,10.343582407047839,false,false,0,single_teb,84,0,FORWARD,
44.784,7.797575244894046,1.9623074912609741,2.6737777881795877,0.47771600102854395,0.08759926364621885,0.4779843320859158,0.8726979212575727,10.389423543866991,false,false,0,single_teb,84,0,FORWARD,
44.884,7.754847554193268,1.9836861723927048,2.683899650588805,0.47781401259146916,0.10876145100905063,0.47762466887039456,0.8532535396504718,10.435428092242391,false,false,0,single_teb,84,0,FORWARD,
44.984,7.711896705610583,2.004616963443406,2.6939879008316385,0.4777665785849518,0.09115483015501352,0.47439764215325764,0.8303510952436264,10.481581873274255,false,false,0,single_teb,84,0,FORWARD,
45.084,7.668833744353071,2.0251280684624415,2.701154944510421,0.47653602879954865,0.06095665083207012,0.46640199330698545,0.8320333837389537,10.527779438015038,false,false,0,single_teb,84,0,FORWARD,
45.184,7.625901427856916,2.045259834628069,2.705584927387324,0.47283443470494874,0.03515865796872963,0.4717342350994634,0.8154331447126014,10.573788771092602,false,false,0,single_teb,84,0,FORWARD,
45.284,7.583079135745441,2.0651564896674577,2.707743312025617,0.472110464410654,0.012672871642686974,0.4760104276307125,0.8050495179787814,10.61965685033926,false,false,0,single_teb,84,0,FORWARD,
45.384,7.540181881525026,2.0850139819526383,2.70840718161616,0.47327666480163555,0.004405550470176924,0.4692109613569759,0.8013310296454761,10.66560257915676,false,false,0,single_teb,86,0,FORWARD,
45.484,7.497269030492493,2.1048673297740788,2.7074609657716042,0.47220235022515644,-0.02106402368937771,0.4743257221079111,0.7954066014000233,10.711574314441476,false,false,0,single_teb,86,0,FORWARD,
45.584,7.454408172362216,2.124801177524105,2.7041141129573747,0.47297794064297294,-0.04033312041904737,0.48291907414156443,0.7874772564103327,10.757522346672056,false,false,0,single_teb,86,0,FORWARD,
45.684,7.4113947849166735,2.1450207856628083,2.6989158450098953,0.47660907466446123,-0.05846187253694218,0.4700455126434748,0.7693862658463724,10.803688007889496,false,false,0,single_teb,86,0,FORWARD,
45.784,7.368513995364201,2.1654726131832427,2.6929922284058407,0.47421164449616815,-0.05965832206083406,0.46992218373882755,0.7578236505338024,10.849781855190157,false,false,0,single_teb,86,0,FORWARD,
45.884,7.325916234748699,2.1861185017078797,2.685936902296028,0.4734414576921408,-0.07479329378345358,0.4790890831531135,0.7415349046871189,10.895649513962482,false,false,0,single_teb,86,0,FORWARD,
45.984,7.283347795633363,2.207138270729723,2.678402927675467,0.4755043295924997,-0.07564616799131656,0.49500000000000005,0.755232840620919,10.941576386219497,false,false,0,single_teb,86,0,FORWARD,
46.084,7.240471643395981,2.228724361849506,2.6701973163127444,0.4826253879807033,-0.08564609359647525,0.48704745398279337,0.7428659688634536,10.987932596155998,false,false,0,single_teb,86,0,FORWARD,
46.184,7.197456723272217,2.250835574080209,2.661668550865208,0.4842406076443092,-0.08509255879582908,0.4611556336751988,0.7618836151068383,11.034545845983947,false,false,0,single_teb,86,0,FORWARD,
46.284,7.155056190897974,2.2730931857005925,2.652873450658918,0.4758085073836816,-0.08948645857137544,0.45281835548282345,0.7581879965320277,11.080602819948869,false,false,0,single_teb,86,0,FORWARD,
46.384,7.113605952823011,2.295347159138365,2.642401633319051,0.4674110421712672,-0.1130270159587371,0.45819350247637713,0.7662789167463973,11.125744646151787,false,false,0,single_teb,88,0,FORWARD,
46.484,7.072821060089749,2.3178150982509043,2.6316681278759306,0.46591540709332746,-0.1069926806996487,0.47972643577021007,0.7420170395421577,11.170295717414913,false,false,0,single_teb,88,0,FORWARD,
46.584,7.031979297188901,2.3408956293618073,2.620385123202604,0.47096007288596403,-0.11609299229678122,0.48822832279597433,0.7552693594054619,11.21504661090885,false,false,0,single_teb,88,0,FORWARD,
46.684,6.99092656607474,2.364724246479899,2.60862748805146,0.47577238040005376,-0.11713063760429014,0.47102271162510045,0.7657394589061093,11.26017844598605,false,false,0,single_teb,88,0,FORWARD,
46.784,6.950154493183011,2.3890289213573497,2.597240271375976,0.4740374993744669,-0.11207263109577623,0.4912976593061388,0.7702711858441345,11.305155678344526,false,false,0,single_teb,88,0,FORWARD,
46.884,6.909370469694185,2.4139677628305902,2.5861189517144347,0.48034200720077275,-0.11074805695267818,0.48794810356501617,0.7829086681864994,11.350299720204603,false,false,0,single_teb,88,0,FORWARD,
46.984,6.868528021146571,2.439583480295654,2.5741267907090277,0.48312023719666153,-0.12502531699695466,0.49500000000000005,0.7796147336307934,11.395667421144342,false,false,0,single_teb,88,0,FORWARD,
47.084,6.827687942341508,2.4659057422536934,2.561489269218555,0.48745948190034905,-0.12713692600864188,0.4655910811315704,0.7947977845594694,11.441208320950242,false,false,0,single_teb,88,0,FORWARD,
47.184,6.787302716164645,2.492676102398307,2.5478421538466973,0.48124827106820767,-0.14448614902712523,0.49500000000000005,0.801759658910858,11.486427405002667,false,false,0,single_teb,88,0,FORWARD,
47.284,6.747318213051646,2.5200266839511802,2.532030187603197,0.48627127682359667,-0.16574494677018298,0.44459155111170356,0.8255983351459802,11.531408495328971,false,false,0,single_teb,88,0,FORWARD,
47.384,6.70807610859523,2.5478357775585754,2.514068447744304,0.4776171064634201,-0.18862793613775536,0.4851542175356606,0.8431831272184688,11.575794241376501,false,false,0,single_teb,90,0,FORWARD,
47.484,6.669492792042635,2.5762822298541335,2.4943972722431904,0.48037013864451145,-0.20121731480448996,0.4706896098564718,0.8476243885099727,11.619708417918066,false,false,0,single_teb,90,0,FORWARD,
47.584,6.63150002796953,2.605481245229737,2.4742900729574515,0.47770796495803586,-0.19931283277352885,0.4852970892547312,0.8617617662568273,11.663246723502882,false,false,0,single_teb,90,0,FORWARD,
47.684,6.594169919508447,2.63539928864119,2.4526961950043877,0.4795975942258375,-0.2315908157484518,0.460128902542173,0.8750692418403038,11.7063354315352,false,false,0,single_teb,90,0,FORWARD,
47.784,6.557789031652917,2.6659487610843002,2.4282751230748048,0.47248639018291466,-0.2511043024050672,0.4488006313590162,0.8874199703753376,11.748679697774097,false,false,0,single_teb,90,0,FORWARD,
47.884,6.522777377648296,2.6968486299147,2.403983598180337,0.4638348450947807,-0.23838078143456995,0.47326854023984277,0.9169950184472198,11.789810501263135,false,false,0,single_teb,90,0,FORWARD,
47.984,6.488691215194832,2.728455713037574,2.3781195095556056,0.4614653168445394,-0.27307344842476083,0.40634838540356805,0.9347064933010355,11.830245158792781,false,false,0,single_teb,90,0,FORWARD,
48.084,6.456635995469076,2.759844453030684,2.3487258372131468,0.4413331090893872,-0.3050600818418839,0.4555271442614966,0.9520622929760233,11.868698072915345,false,false,0,single_teb,90,0,FORWARD,
48.184,6.4258069108510965,2.7918820495359666,2.3198961509885176,0.44651767320603947,-0.27910842953122544,0.4469565700826273,0.9525449713894144,11.906156014575961,false,false,0,single_teb,90,0,FORWARD,
48.284,6.395757603074618,2.8249215539924584,2.2923460935722018,0.44667798625089783,-0.27351271697519836,0.49500000000000005,0.9748295983501688,11.94314126990097,false,false,0,single_teb,90,0,FORWARD,
48.384,6.365884207163886,2.859623939998012,2.2657941897332403,0.46432825803691186,-0.26107577901377527,0.49500000000000005,1.0018018922039285,11.980404807823833,false,false,0,single_teb,92,0,FORWARD,
48.484,6.3360743880203305,2.8961473932177633,2.2396364187085616,0.4755315283436891,-0.26365510385277735,0.461871317654898,1.0110792467178213,12.01810427667514,false,false,0,single_teb,92,0,FORWARD,
48.584,6.307177381586569,2.9335111453458254,2.2132468667630296,0.470541950869471,-0.2639868173809532,0.4550494785396462,1.0307791670986428,12.0551892737339,false,false,0,single_teb,92,0,FORWARD,
48.684,6.279578128413882,2.9711743560053185,2.1885446077142934,0.4648831149468106,-0.23774192125045976,0.4418718650529733,1.0572272977062478,12.091160651556073,false,false,0,single_teb,92,0,FORWARD,
48.784,6.253268652686388,3.0089671483481877,2.1637957334298843,0.45727397021726546,-0.25944141278496463,0.49500000000000005,1.06947582419683,12.125987821443616,false,false,0,single_teb,92,0,FORWARD,
48.884,6.2276387243953675,3.0478892184653126,2.1370007641251076,0.47105391495487264,-0.27278967629206013,0.44056121387928987,1.0884504719754813,12.160514737929173,false,false,0,single_teb,92,0,FORWARD,
48.984,6.203133073832489,3.087381810158117,2.110102336392003,0.46403970983904547,-0.2590531687616438,0.48801463235185244,1.1228576248483804,12.194178763467432,false,false,0,single_teb,92,0,FORWARD,
49.084,6.17939300839692,3.127913335194693,2.087737552358421,0.4734038993368317,-0.20007073230241768,0.49500000000000005,1.1361908262567666,12.227452370891672,false,false,0,single_teb,92,0,FORWARD,
49.184,6.156043668568506,3.169670222298466,2.071270253649443,0.48129216840198674,-0.14093791004725476,0.4757001860824777,1.137032443840995,12.26075490738567,false,false,0,single_teb,92,0,FORWARD,
49.284,6.133200995496971,3.2119018273958573,2.0608472053599542,0.4799731963701646,-0.0801289453621725,0.48402678469719834,1.1724916508979208,12.293788348678488,false,false,0,single_teb,92,0,FORWARD,
49.384,6.110661575099493,3.2543843442098357,2.056359502421034,0.48145382455863883,-0.022404911867992584,0.4795563985550242,1.1804834832386266,12.32669402725864,false,false,0,single_teb,94,0,FORWARD,
49.484,6.08821153893689,3.2969252610892563,2.057401724359647,0.48076076394176276,0.02918498420308693,0.467320850304854,1.2194657325265006,12.359628656166201,false,false,0,single_teb,94,0,FORWARD,
49.584,6.065787402852328,3.3390978457177836,2.0637439069945502,0.4758516529576121,0.08421991018868398,0.4672718834296184,1.221539497327526,12.392538268538665,false,false,0,single_teb,94,0,FORWARD,
49.684,6.043187254768524,3.3807466536217565,2.0752079388453732,0.4727177756151501,0.13146697160805684,0.46565647484420164,1.2449130243888125,12.425571172405094,false,false,0,single_teb,94,0,FORWARD,
49.784,6.020170654064535,3.4218480627327277,2.091257662981712,0.4701385396086137,0.17660399226946086,0.46505903686133987,1.25950638719704,12.458946798271683,false,false,0,single_teb,94,0,FORWARD,
49.884,5.996527943410001,3.4623473032124714,2.112142218484441,0.46829512828535436,0.22940016885046413,0.46519650681162616,1.2627311641400576,12.49284556301724,false,false,0,single_teb,94,0,FORWARD,
49.984,5.972037449615048,3.502176534316105,2.1378350124556014,0.46716331470951183,0.2722989793652022,0.4647304057013759,1.2766870410901854,12.527454793012714,false,false,0,single_teb,94,0,FORWARD,
50.084,5.94652367177484,3.5412451066013992,2.1673180335373496,0.4663028176600338,0.30955872992018163,0.47081345206432335,1.2998035104734251,12.562910033113852,false,false,0,single_teb,94,0,FORWARD,
50.184,5.919769884352898,3.579562420208952,2.2004561217529366,0.46795038813539575,0.34361538942854297,0.4683258931643997,1.3069967700118779,12.599413746962966,false,false,0,single_teb,94,0,FORWARD,
50.284,5.891674065621501,3.617008318738499,2.2358482496117684,0.46872613155848347,0.36020274485640863,0.47567445904627786,1.3138656617356064,12.637021251504109,false,false,0,single_teb,94,0,FORWARD,
50.384,5.862112011958709,3.6535877119612863,2.272657061682564,0.47126410253905093,0.37249591819742267,0.4758269898233472,1.3130967406733305,12.675844270865415,false,false,0,single_teb,96,0,FORWARD,
50.484,5.831077989768218,3.689190223569153,2.3105306782623396,0.47293075908848486,0.3822161176747786,0.48040031767420543,1.3287079108894861,12.715847883518494,false,false,0,single_teb,96,0,FORWARD,
50.584,5.7985539486245266,3.723758182842426,2.3483437779111442,0.4756233989397397,0.37348174283382685,0.479989291654511,1.3207111341263462,12.757023976967044,false,false,0,single_teb,96,0,FORWARD,
50.684,5.764621477405715,3.7572312661609755,2.3846117014663597,0.4773565582043847,0.3539507838213126,0.48158260348864373,1.3373390326915504,12.79926850951175,false,false,0,single_teb,96,0,FORWARD,
50.784,5.729403982473477,3.789597822852269,2.418509834220454,0.4789001786386337,0.3307833444857624,0.48362127699400864,1.3517450717550235,12.842452191240751,false,false,0,single_teb,96,0,FORWARD,
50.884,5.693017785089559,3.8209001977004977,2.4495116256766964,0.4806246239304532,0.29866634501666367,0.48177495433260753,1.3835362486772311,12.88646924331524,false,false,0,single_teb,96,0,FORWARD,
50.984,5.655655106228171,3.851161827261249,2.477059452219875,0.4806857524592882,0.26052884497310314,0.4776432140247814,1.4035431437425387,12.931136774318986,false,false,0,single_teb,96,0,FORWARD,
51.084,5.617582273341905,3.8803876012895895,2.5010997643387816,0.4795744239751884,0.22939082286615023,0.4853554878799531,1.4560839228563083,12.976196541887711,false,false,0,single_teb,96,0,FORWARD,
51.184,5.578810365724067,3.9087433655453605,2.5237271863763575,0.4812201568235242,0.22738077510686702,0.4855903841768541,1.4872273097453834,13.02168294147645,false,false,0,single_teb,96,0,FORWARD,
51.284,5.539250136209465,3.936318804945787,2.546541517717038,0.4828164417166466,0.22857417841203478,0.49500000000000005,1.5510061361357834,13.0677041940092,false,false,0,single_teb,96,0,FORWARD,
51.384,5.498794976855934,3.9631856675026143,2.5681965315090487,0.48726665184527407,0.20992556097875695,0.48541784821675726,1.5961150261799104,13.114380186107942,false,false,0,single_teb,98,0,FORWARD,
51.484,5.457689381148643,3.9892693677604005,2.587643156144825,0.4865913512112458,0.185978136975809,0.491867705050203,1.642016611737232,13.161452265928064,false,false,0,single_teb,98,0,FORWARD,
51.584,5.416078453616094,4.014609759027375,2.6041864009736044,0.48740786180346196,0.1494459069209895,0.48356925324007133,1.6897212714046055,13.208791504252877,false,false,0,single_teb,98,0,FORWARD,
51.684,5.374149650753707,4.039286017289568,2.6173339175824712,0.48600575789331135,0.12160783825073224,0.4774586841274693,1.7509079620316137,13.256241117716355,false,false,0,single_teb,98,0,FORWARD,
51.784,5.3321473062664575,4.063338716860769,2.6271417988944803,0.4828838231220183,0.08518935194841633,0.48005333249985127,1.809406382813711,13.303578969513126,false,false,0,single_teb,98,0,FORWARD,
51.884,5.290114924386014,4.086947512907579,2.6331289884616265,0.48116776688461343,0.046462534698639354,0.4722030825620957,1.8324412277154747,13.350817151342332,false,false,0,single_teb,98,0,FORWARD,
51.984,5.248232367882539,4.11020838362235,2.6365067008927983,0.4778932941859007,0.02680673471979093,0.48628523779308463,1.8978378560371825,13.397812907348646,false,false,0,single_teb,98,0,FORWARD,
52.084,5.2062005759141785,4.133356227685921,2.641359226686777,0.4809585655599119,0.06059864210255528,0.4838344469011407,1.9388168937182406,13.4449223652905,false,false,0,single_teb,98,0,FORWARD,
52.184,5.1638728027626914,4.156334346735879,2.6490528574043197,0.48200902027731196,0.08599576396551535,0.4807629238889229,2.004686719099045,13.492267290026227,false,false,0,single_teb,98,0,FORWARD,
52.284,5.12134357130077,4.17895700130942,2.658482464713145,0.4815538666481434,0.09888303415792109,0.4796188992344517,2.0176850813795904,13.539699886898124,false,false,0,single_teb,98,0,FORWARD,
52.384,5.0786455843754155,4.2011447285736985,2.667882084902937,0.4812721582598275,0.08458727261083732,0.48451036347049387,2.0851832687053684,13.587163683587665,false,false,0,single_teb,100,0,FORWARD,
52.484,5.035692056708272,4.223018571211425,2.6739062186201847,0.48245495669128174,0.046815956054154374,0.47926219520646,2.116694468683239,13.634777823686514,false,false,0,single_teb,100,0,FORWARD,
52.584,4.992662349436896,4.2446730422140835,2.677086376675035,0.48128875719786623,0.023530379613880686,0.4819074971988976,2.1910848377566037,13.682400446963081,false,false,0,single_teb,100,0,FORWARD,
52.684,4.949615563306725,4.266209062468358,2.678359348151598,0.4810231269509857,0.008134050484810506,0.47624998870896523,2.2305276242197545,13.730006325933473,false,false,0,single_teb,100,0,FORWARD,
52.784,4.906675982651587,4.2876418802569125,2.6789948539278132,0.4792796733838122,0.005374695324712501,0.4742937083100675,2.2936544266642125,13.777481871394562,false,false,0,single_teb,100,0,FORWARD,
52.884,4.863889086766522,4.308981978321084,2.6786071961550526,0.4775220898714886,-0.008405389425201222,0.47502568149591917,2.3234187393597003,13.824787000683504,false,false,0,single_teb,100,0,FORWARD,
52.984,4.821225236404972,4.330301729566354,2.67742147877358,0.4766102428084406,-0.013760925238439114,0.48902815804379,2.350399474559928,13.871972366561815,false,false,0,single_teb,100,0,FORWARD,
53.084,4.778372749905083,4.351787964796044,2.6759234733979045,0.4805356528784843,-0.014444146335682986,0.48200391006380966,2.4181773466454994,13.919392430382736,false,false,0,single_teb,100,0,FORWARD,
53.184,4.735415900035543,4.373401256934976,2.674800128663295,0.4810719537559129,-0.00945912851497566,0.4824165186173038,2.445487241207267,13.96695492579504,false,false,0,single_teb,100,0,FORWARD,
53.284,4.692433628355787,4.39507690807631,2.674189623754976,0.48156307433215156,-0.004251475876986599,0.4839632623896737,2.5247903732260193,14.014564701182179,false,false,0,single_teb,100,0,FORWARD,
53.384,4.649403882272533,4.416821925640821,2.6725494096112867,0.4824397756172589,-0.02312380952159888,0.4856603175642702,2.557239380260321,14.062244935340203,false,false,0,single_teb,102,0,FORWARD,
53.484,4.606323283673971,4.438702727966737,2.6703003321525656,0.4836161223017773,-0.022141225410146487,0.48177222180000545,2.619190099757039,14.110019769253102,false,false,0,single_teb,102,0,FORWARD,
53.584,4.5632903706257775,4.4606770379785745,2.6682794110958357,0.48294261260138227,-0.01914291561626475,0.4721358140877049,2.628781881709906,14.157782499433562,false,false,0,single_teb,102,0,FORWARD,
53.684,4.520544030123748,4.48260626750594,2.6666396719908394,0.4789952826764856,-0.014887768691565694,0.478860924335356,2.7093387889220546,14.205262834362344,false,false,0,single_teb,102,0,FORWARD,
53.784,4.477961120470005,4.504532534108319,2.6653132797501558,0.47894620646765934,-0.012367169220811894,0.47513168152543445,2.7317281990459796,14.25259095078369,false,false,0,single_teb,102,0,FORWARD,
53.884,4.43548659288169,4.526471662185192,2.6640562823483465,0.4775528994272206,-0.012681279359301847,0.47704587707034884,2.801142099421346,14.29982411361965,false,false,0,single_teb,102,0,FORWARD,
53.984,4.393094898549717,4.548434960042159,2.6628519023961372,0.4773677026254723,-0.011691764911158942,0.4815083785119062,2.816950443308675,14.346990173050495,false,false,0,single_teb,102,0,FORWARD,
54.084,4.350652943545129,4.570495684401814,2.6611815160446586,0.4788801407277588,-0.01947906637605335,0.4805809971204788,2.893130884808059,14.39423863456101,false,false,0,single_teb,102,0,FORWARD,
54.184,4.3081588122730485,4.592660924561834,2.660670553817311,0.47950140162463206,0.0028316856753568707,0.48569341620085826,2.931610946591122,14.441573649638508,false,false,0,single_teb,102,0,FORWARD,
54.284,4.265518488935088,4.614905909231682,2.6608157199980407,0.48176311904271846,0.0006870985739275621,0.4820452168767914,2.9847460848507836,14.489076538166449,false,false,0,single_teb,102,0,FORWARD,
54.384,4.2227994460733145,4.637187392311846,2.660830205442438,0.4817584291343764,-0.0002833173690923047,0.48080550615863765,3.0231443046894886,14.536669564055371,false,false,0,single_teb,104,0,FORWARD,
54.484,4.180100691941419,4.659459953718645,2.6607071608648925,0.48165539798603463,-0.0025184995783869594,0.48362528671110555,3.0609131454792835,14.584244373473238,false,false,0,single_teb,104,0,FORWARD,
54.584,4.137361379140146,4.6817687488151165,2.660153980822321,0.4823749265960432,-0.007197877832152326,0.4803822359172974,3.1185859305081323,14.631873022615288,false,false,0,single_teb,104,0,FORWARD,
54.684,4.094651939849853,4.704091248118564,2.6598436656883218,0.48164706926278017,-0.0008440179808550908,0.48715597231897956,3.1800763182651104,14.679481569338447,false,false,0,single_teb,104,0,FORWARD,
54.784,4.0518745457725975,4.72646369795272,2.6594348216931416,0.4827501669798942,-0.0057747116329576655,0.4766943907959705,3.2060659527150013,14.727174297024233,false,false,0,single_teb,104,0,FORWARD,
54.884,4.009233846948668,4.748794843621666,2.6587068468022133,0.48053821248485806,-0.008107920418955233,0.4752226390238505,3.2488045268069805,14.774728086031718,false,false,0,single_teb,104,0,FORWARD,
54.984,3.9667933207747472,4.771068467182397,2.6575579130326057,0.47859662708710443,-0.013351201867416554,0.4734596349828314,3.317904668332249,14.82207758785503,false,false,0,single_teb,104,0,FORWARD,
55.084,3.9245392271868997,4.793316064623624,2.6559618040396056,0.4768267696385056,-0.017633329128967427,0.4877635552222009,3.352269368649632,14.869245941283616,false,false,0,single_teb,104,0,FORWARD,
55.184,3.8821616687958924,4.8157232630280244,2.6540356922846398,0.4808215791060884,-0.02016700979568616,0.4813400315361744,3.417693604192558,14.916586395421884,false,false,0,single_teb,104,0,FORWARD,
55.284,3.839685138158553,4.838279784492619,2.652716288657011,0.4810109508973108,-0.009342706107100288,0.48118105924437504,3.43429993506414,14.9640725826734,false,false,0,single_teb,104,0,FORWARD,
55.384,3.7972213321302464,4.860883341117149,2.6521219200426933,0.48107308528132764,-0.0040663582649364425,0.48794447187677337,3.50566600676519,15.01156583253214,false,false,0,single_teb,106,0,FORWARD,
55.484,3.7546286692077233,4.883589457525712,2.651215645364942,0.4835829525560259,-0.011832830420747424,0.486491739214058,3.5392798953067364,15.059218118541708,false,false,0,single_teb,106,0,FORWARD,
55.584,3.711924441186695,4.906423981802905,2.649394429269861,0.4846454263872774,-0.021741933159945173,0.47766715492645395,3.6053289942752422,15.107021528533306,false,false,0,single_teb,106,0,FORWARD,
55.684,3.669373255290019,4.929282571253631,2.647582156346831,0.4820965179638902,-0.016130039035541624,0.47669924019790866,3.6213757884119184,15.154691998304083,false,false,0,single_teb,106,0,FORWARD,
55.784,3.627060579295823,4.952123950703045,2.6447632472035116,0.48012508895911377,-0.03483303414588721,0.4756853320735421,3.684736002645317,15.202135350481486,false,false,0,single_teb,106,0,FORWARD,
55.884,3.584943091199012,4.975028909665817,2.6415869489546275,0.48018183826811045,-0.03471798938626107,0.49500000000000005,3.7253730189417036,15.249418950766017,false,false,0,single_teb,106,0,FORWARD,
55.984,3.542542258690034,4.998290496104934,2.6366529162945835,0.48559437308702247,-0.06172361200386884,0.49500000000000005,3.759861696920219,15.297090972639745,false,false,0,single_teb,106,0,FORWARD,
56.084,3.499925185422616,5.022019539859004,2.6282384225665356,0.4890299060553683,-0.09663508731066256,0.49500000000000005,3.835878599843803,15.345124629245179,false,false,0,single_teb,106,0,FORWARD,
56.184,3.4573161597632986,5.046299885087946,2.6160102370651517,0.49121056394884743,-0.13657259418396153,0.49500000000000005,3.9061424624536665,15.393336084400948,false,false,0,single_teb,106,0,FORWARD,
56.284,3.414879148164487,5.071211827205427,2.603222867508683,0.4925947069310882,-0.11954595438583535,0.49500000000000005,3.925242767971511,15.441597704222037,false,false,0,single_teb,106,0,FORWARD,
56.384,3.372649509768389,5.096680268828063,2.592897242844971,0.49347327289093706,-0.09427965998946372,0.49500000000000005,3.9587563139615014,15.489852553421557,false,false,0,single_teb,108,0,FORWARD,
56.484,3.330611410711258,5.12258553899565,2.5841584466799876,0.49384782811838007,-0.08378727692279676,0.4928929333375288,4.020876529734456,15.538077235870661,false,false,0,single_teb,108,0,FORWARD,
56.584,3.2888069665534263,5.1488351321101025,2.576109009790702,0.4934990398311911,-0.0786767598773414,0.49500000000000005,4.041776302378499,15.586202349673838,false,false,0,single_teb,108,0,FORWARD,
56.684,3.247199902319314,5.175409172081645,2.5693514170820944,0.4939200032681351,-0.0582935471021385,0.49500000000000005,4.107575264354559,15.634256324513618,false,false,0,single_teb,108,0,FORWARD,
56.784,3.205712061096679,5.202256955797397,2.564307334481921,0.4943144867419489,-0.04610523164938598,0.4934739875000131,4.163490143199774,15.682296804145835,false,false,0,single_teb,108,0,FORWARD,
56.884,3.16435550989357,5.229301936650584,2.559606639372119,0.4941400923721546,-0.04875121277499685,0.49500000000000005,4.202651719509269,15.730287542873551,false,false,0,single_teb,108,0,FORWARD,
56.984,3.123116329551292,5.256560774338126,2.554277491530216,0.494454185311682,-0.055801631304968353,0.4946901917442214,4.241626004635002,15.778247650432341,false,false,0,single_teb,108,0,FORWARD,
57.084,3.0820205754565233,5.28406573379145,2.547747338674204,0.4945403898663845,-0.07055481997421563,0.48940384211627463,4.318398694454338,15.826163805235034,false,false,0,single_teb,108,0,FORWARD,
57.184,3.0412207037612653,5.311801396027493,2.5393744738251898,0.4926641960408952,-0.09099593408759435,0.4874018265598211,4.342942456661369,15.873887743852174,false,false,0,single_teb,108,0,FORWARD,
57.284,3.0008123095559043,5.339770929412855,2.5316966287878007,0.49074204411937866,-0.06895921610737223,0.49500000000000005,4.409172281354764,15.92133113002089,false,false,0,single_teb,108,0,FORWARD,
57.384,2.9606216515571897,5.368006493655008,2.5256007009252475,0.491838333598373,-0.05656938857176873,0.49500000000000005,4.41429354590797,15.968669162567451,false,false,0,single_teb,110,0,FORWARD,
57.484,2.9204776133998793,5.396550030173244,2.5205906681707964,0.49299317519034747,-0.0445070837999295,0.49500000000000005,4.488554257577892,16.01607778565455,false,false,0,single_teb,110,0,FORWARD,
57.584,2.880387634732266,5.425321793695168,2.5171619758504766,0.49372619520688066,-0.02864117827494873,0.49500000000000005,4.530236977762218,16.063523730523784,false,false,0,single_teb,110,0,FORWARD,
57.684,2.840329876339472,5.454234679134356,2.5156514957053826,0.49419146970718647,-0.007481793729995292,0.49500000000000005,4.57076384467506,16.110998547367494,false,false,0,single_teb,110,0,FORWARD,
57.784,2.800266682482389,5.483201040217792,2.5156992229148627,0.49448679637733484,0.0038976642835651274,0.49500000000000005,4.637113351053234,16.15850817900899,false,false,0,single_teb,110,0,FORWARD,
57.884,2.760176143060535,5.512168265779233,2.516140117635112,0.4946742509703624,0.0015526433984532914,0.49500000000000005,4.6961476985874135,16.20605535535421,false,false,0,single_teb,110,0,FORWARD,
57.984,2.720073111373447,5.541142770205196,2.515242868686375,0.4947932352274546,-0.01720749633334553,0.49500000000000005,4.731815118021007,16.253628177166167,false,false,0,single_teb,110,0,FORWARD,
58.084,2.68001380745649,5.570193234405809,2.5120543500486794,0.49486875886871157,-0.04283711724553136,0.49500000000000005,4.750138506025174,16.301197183285158,false,false,0,single_teb,110,0,FORWARD,
58.184,2.6400757447457672,5.599419887931704,2.506008326631266,0.4949166964743083,-0.07021199954760611,0.49500000000000005,4.8208377544345815,16.348723993281933,false,false,0,single_teb,110,0,FORWARD,
58.284,2.6003238043941574,5.6289053575994075,2.5002904585235024,0.4949471242184174,-0.04205583910905871,0.49500000000000005,4.854278344339367,16.396176458379575,false,false,0,single_teb,110,0,FORWARD,
58.384,2.5606958503827792,5.658561253954447,2.4981315370660453,0.4949664378157496,-0.007186901378387372,0.49500000000000005,4.90903927726173,16.44358318886556,false,false,0,single_teb,112,0,FORWARD,
58.484,2.521089706737319,5.688248762574815,2.4992900594494056,0.49497869685935714,0.02290137382694648,0.49500000000000005,4.951732892221447,16.49099262785013,false,false,0,single_teb,112,0,FORWARD,
58.584,2.481416721878003,5.7178484245595955,2.5029639762291467,0.49498647812079616,0.044388379184462735,0.49500000000000005,5.032356042093273,16.538446649133842,false,false,0,single_teb,112,0,FORWARD,
58.684,2.4416142555659968,5.747274700781091,2.5081568214113075,0.4949914171708168,0.05406322023579556,0.49500000000000005,5.048844560712674,16.585973997894897,false,false,0,single_teb,112,0,FORWARD,
58.784,2.401656469806947,5.776490361037289,2.5133413352360554,0.4949945521657399,0.05062036779258138,0.49500000000000005,5.116985539852287,16.633585355450947,false,false,0,single_teb,112,0,FORWARD,
58.884,2.361561248908787,5.8055175715011025,2.51699988744466,0.49499654206119076,0.028842063761109305,0.49500000000000005,5.158682565151359,16.681270960110904,false,false,0,single_teb,112,0,FORWARD,
58.984,2.3213855057385855,5.834433534293861,2.5181355220815314,0.49499780512030334,-0.003912738156778347,0.49500000000000005,5.209234085460516,16.7290037696737,false,false,0,single_teb,112,0,FORWARD,
59.084,2.281220577411248,5.8633646735481415,2.5155808559591377,0.49499860682992136,-0.037504996063552724,0.49500000000000005,5.252139213602864,16.776741990953187,false,false,0,single_teb,112,0,FORWARD,
59.184,2.2411356110822975,5.892406608106581,2.5136852486646073,0.49499911570421334,-0.00871961252906996,0.49500000000000005,5.318866375010335,16.82445429913127,false,false,0,single_teb,112,0,FORWARD,
59.284,2.2010803692492957,5.921489607846494,2.513680210375176,0.49499943870525914,0.004737430453527656,0.49500000000000005,5.365154388468587,16.87216348530188,false,false,0,single_teb,112,0,FORWARD,
59.384,2.161011460878323,5.950553814463676,2.514807929016146,0.49499964372578625,0.015314518394680282,0.49500000000000005,5.407388809244954,16.919889143882003,false,false,0,single_teb,114,0,FORWARD,
59.484,2.120898581541677,5.979557321798482,2.5168517571055893,0.4949997738597814,0.02326861670601318,-0.3,5.435129287760579,16.967644728198398,false,false,0,single_teb,114,0,FORWARD,
59.584,2.0859277290487808,6.004749534035438,2.5170108527649293,0.3669997935112044,-0.018060974877999417,-0.13361019406754165,5.489065294201596,17.00925375234191,false,false,0,single_teb,114,0,FORWARD,
59.684,2.0630927120311533,6.021247273865573,2.5136618861148072,0.23294813468512476,-0.04029916711387066,-0.06535402736796561,5.5394378947570155,17.03644424867901,false,false,0,single_teb,114,0,FORWARD,
59.784,2.048638868896553,6.031774636419752,2.5093025379793454,0.14786066480885451,-0.04421510857574765,-0.054264437356719555,5.572253351147396,17.053686616079073,false,false,0,single_teb,114,0,FORWARD,
59.884,2.0394937312917407,6.038496703802489,2.505081203555265,0.09385254888290165,-0.040268225325849304,-0.0858766606096417,5.564113739054524,17.064618448570982,false,false,0,single_teb,114,0,FORWARD,
59.984,2.0337062075851677,6.04278678665343,2.5014421433864134,0.05957163078635073,-0.033659876658044756,-0.10573376274246332,5.5772300987652175,17.07154971332883,false,false,0,single_teb,114,0,FORWARD,
60.084,2.0300418749873024,6.045522253656011,2.498553323472206,0.037812283595760894,-0.025528688262505022,-0.14298398815058752,5.594841804881903,17.07594512271895,false,false,0,single_teb,114,0,FORWARD,
60.184,2.027720489777604,6.047264566983398,2.496477647984226,0.02400083348152763,-0.01778447629399377,-0.1564258729030281,5.601271274607503,17.07873301787235,false,false,0,single_teb,114,0,FORWARD,
60.284,2.0262490355498284,6.048373154646851,2.495069021122936,0.01523420309564686,-0.01187944207484538,-0.1637180089919401,5.594614830394598,17.080501681511745,false,false,0,single_teb,114,0,FORWARD,
60.384,2.0253159093356596,6.049077954923198,2.494141205270694,0.009669703518339842,-0.00775676257470716,-0.16918332414881299,5.6103175548513855,17.081623924594002,false,false,0,single_teb,116,0,NEUTRAL,
60.484,2.0247239776988537,6.049525790348028,2.493540195544463,0.006137712983445274,-0.004999415543038873,-0.17211784268463223,5.610833492656561,17.082336089563274,false,false,0,single_teb,116,0,NEUTRAL,
60.584,2.0243484037893267,6.04981024155194,2.4931541483650284,0.0038958299595953268,-0.003204352574106846,-0.17232316379359766,5.624656896053459,17.082788059397544,false,false,0,single_teb,116,0,NEUTRAL,
60.684,2.0241100730806827,6.049990871929181,2.492907343551168,0.0024728251573538002,-0.002045262423079989,-0.1735006621413456,5.611335973201896,17.083074913711187,false,false,0,single_teb,116,0,NEUTRAL,
60.784,2.02395882011947,6.0501055565573685,2.4927500425196447,0.00156959218504419,-0.001302341613001239,-0.17348700646724854,5.602673855205389,17.083256979473347,false,false,0,single_teb,116,0,NEUTRAL,
60.884,2.023862824150345,6.050178363982586,2.4926499625693066,0.000996277322731601,-0.0008281527262553999,-0.17300238821589506,5.61615451850495,17.083372538745632,false,false,0,single_teb,116,0,NEUTRAL,
60.984,2.0238018959669257,6.050224582720162,2.4925863524303833,0.0006323735001020678,-0.0005262086301803641,-0.17273013284138788,5.613551835476066,17.083445886607926,false,false,0,single_teb,116,0,NEUTRAL,
61.084,2.0237632242250623,6.050253921538771,2.49254594551476,0.00040139049088751846,-0.0003342041324171428,-0.1729162273907395,5.6206348804434265,17.083492442434565,false,false,0,single_teb,116,0,NEUTRAL,
61.184,2.023738678505222,6.050272544803085,2.4925202863921783,0.00025477716278262525,-0.0002122045140254777,-0.17304642829073674,5.623634557186271,17.083521992817758,false,false,0,single_teb,116,0,NEUTRAL,
61.284,2.023723098702118,6.050284366008817,2.4925039954669295,0.00016171634393240877,-0.00013472051452709442,-0.17310759118385421,5.609731893001701,17.083540749403063,false,false,0,single_teb,116,0,NEUTRAL,
61.384,2.0237132097381454,6.050291869496277,2.4924936535134563,0.0001026472530317721,-8.55216980341829e-05,-0.1731611490453191,5.614515523372795,17.08355265484285,false,false,0,single_teb,118,0,NEUTRAL,
61.484,2.023706932894657,6.050296632288509,2.492487088549029,6.515394980344399e-05,-5.4287262173270266e-05,-0.1778170227382063,5.615342941661688,17.083560211639725,false,false,0,single_teb,118,0,NEUTRAL,
61.584,2.0237029487704583,6.050299655428544,2.4924829213267428,4.135558477805291e-05,-3.44593864570503e-05,-0.1780239241237585,5.6127574247705,17.083565008206122,false,false,0,single_teb,118,0,NEUTRAL,
61.684,2.023700419908565,6.05030157433463,2.4924802761660536,2.6249895785202528e-05,-2.1873095200680762e-05,-0.17804281757515206,5.616535511394354,17.083568052758356,false,false,0,single_teb,118,0,NEUTRAL,
61.784,2.023698814750576,6.050302792337836,2.4924785971596677,1.6661764848255048e-05,-1.3883820427027604e-05,-0.17805134082628435,5.601724472423407,17.08356998524527,false,false,0,single_teb,118,0,NEUTRAL,
61.884,2.023697795899451,6.05030356545029,2.4924775314234924,1.0575828953006475e-05,-8.812628482549324e-06,-0.17805776224259065,5.60486825980744,17.08357121186459,false,false,0,single_teb,118,0,NEUTRAL,
61.984,2.0236971491979836,6.050304056173508,2.492476854958406,6.712863796956278e-06,-5.593718832370987e-06,-0.1780619612418404,5.605472889324042,17.083571990444334,false,false,0,single_teb,118,0,NEUTRAL,
62.084,2.02369673871319,6.050304367653644,2.492476425580097,4.260899127313891e-06,-3.5505452863431257e-06,-0.17806454771731733,5.597821083446356,17.083572484637173,false,false,0,single_teb,118,0,NEUTRAL,
62.184,2.0236964781636146,6.050304565361526,2.4924761530375794,2.7045478535369905e-06,-2.253663396149497e-06,-0.1780662125683263,5.59910939162841,17.08357279831933,false,false,0,single_teb,118,0,NEUTRAL,
62.284,2.02369631278334,6.050304690853958,2.4924759800447474,1.7166750194066947e-06,-1.4304833245901727e-06,-0.17806726052384542,5.611415233989569,17.08357299742481,false,false,0,single_teb,118,0,NEUTRAL,
62.384,2.023696207810468,6.050304770508589,2.4924758702398346,1.089636154302444e-06,-9.079802601348448e-07,-0.1780679201291929,5.614076833187248,17.0835731238043,false,false,0,single_teb,120,0,NEUTRAL,
62.484,2.0250920584425343,6.049246576030095,2.4939354742567788,-0.04250477953050874,0.03541871322138856,-0.1780683327215283,5.629906776469075,17.08189298288827,false,false,0,single_teb,120,0,REVERSE,
62.584,2.03100515705816,6.044795939085806,2.500102539166317,-0.09202120843024014,0.07668015920066588,-0.19998036284248513,5.614002552409979,17.074787092057438,false,false,0,single_teb,120,0,REVERSE,
62.684,2.0402862836805085,6.03791959755691,2.5097278015697784,-0.13013110461224708,0.10843668338617247,-0.23673490875049208,5.583856907268378,17.06367296256695,false,false,0,single_teb,120,0,REVERSE,
62.784,2.052871882409092,6.028806857953666,2.5226757775903548,-0.1714649458283921,0.1428796826073048,-0.26429962343561353,5.584429387982113,17.048677583008242,false,false,0,single_teb,120,0,REVERSE,
62.884,2.0686665921658327,6.017709084445065,2.5387614934262164,-0.20537407261773025,0.17113575587137647,-0.2948210072926234,5.577183113735671,17.02997964698096,false,false,0,single_teb,120,0,REVERSE,
62.984,2.0873920668522024,6.005027203481565,2.5576072127617793,-0.2380457802918964,0.19836070181084067,-0.3,5.593047099591404,17.007981742365313,false,false,0,single_teb,120,0,REVERSE,
63.084,2.10856870283818,5.991286563180726,2.578643029087944,-0.26067540044423887,0.21721769559062068,-0.3,5.552918519901633,16.983318384655103,false,false,0,single_teb,120,0,REVERSE,
63.184,2.1315145813173952,5.977093101071134,2.6011263212226545,-0.2750392445017156,0.229186916344446,-0.3,5.505554596390704,16.956841434117813,false,false,0,single_teb,120,0,REVERSE,
63.284,2.1557294110935756,5.962869231459762,2.624528378969279,-0.284156499440975,0.23678421665285282,-0.3,5.499893117415454,16.92916772809504,false,false,0,single_teb,120,0,REVERSE,
63.384,2.1808852410660253,5.948881529902104,2.648513610708432,-0.28994355319168613,0.24160649982402543,-0.3,5.4704024097216255,16.900697713796703,false,false,0,single_teb,122,0,REVERSE,
63.484,2.2067645872288075,5.935298507224601,2.6728690042173677,-0.2936168069656274,0.244667378558435,-0.3,5.438019534633164,16.871693844219454,false,false,0,single_teb,122,0,REVERSE,
63.584,2.2332210350570594,5.922227329493231,2.6974593528811237,-0.2959483549119578,0.24661022975361005,-0.3,5.389878679967696,16.842330464385373,false,false,0,single_teb,122,0,REVERSE,
63.684,2.2601539664417416,5.9097369174746275,2.7221988361375757,-0.2974282733059991,0.24784342815647484,-0.3,5.397003781231018,16.8127256444005,false,false,0,single_teb,122,0,REVERSE,
63.784,2.2874922796407327,5.897872375539142,2.7470329805507885,-0.29836763140775674,0.24862618409011633,-0.3,5.366865671791499,16.782961521152856,false,false,0,single_teb,122,0,REVERSE,
63.884,2.315183880428508,5.886663958531572,2.7719272098473264,-0.29896387620536896,0.249123027785704,-0.3,5.333624521670242,16.753097303646403,false,false,0,single_teb,122,0,REVERSE,
63.984,2.343188893552982,5.876132622303983,2.796859577207346,-0.2993423344930171,0.24943839257226852,-0.3,5.2949452209455945,16.72317758734469,false,false,0,single_teb,122,0,REVERSE,
64.084,2.3714752780440898,5.86629344834253,2.8218161521850913,-0.29958255575123716,0.24963856608665333,-0.3,5.259472978191233,16.693237666997184,false,false,0,single_teb,122,0,REVERSE,
64.184,2.400015997331405,5.857157750617484,2.8467880926193576,-0.29973503293243303,0.24976562350582043,-0.3,5.237521672121524,16.663306928672185,false,false,0,single_teb,122,0,REVERSE,
64.284,2.428787195230031,5.848734368142331,2.8717697860684335,-0.2998318157523954,0.24984627147676225,-0.3,5.1981389237514986,16.633411012793545,false,false,0,single_teb,122,0,REVERSE,
64.384,2.457767022500776,5.841030455718211,2.896757670111182,-0.29989324733295325,0.24989746168085983,-0.3,5.16793295918507,16.603573191078244,false,false,0,single_teb,124,0,REVERSE,
64.484,2.4869348839711374,5.834051966201805,2.921749483549177,-0.2999322401944064,0.24992995396759432,-0.16558444385803256,5.151152620312659,16.57381524087,false,false,0,single_teb,124,0,REVERSE,
64.584,2.51320648888273,5.828409930613206,2.9417067578454184,-0.2508598829971008,0.17068565139780986,-0.20701061761738276,5.11147344906318,16.54723951525615,false,false,0,single_teb,124,0,REVERSE,
64.684,2.536822290102041,5.823772853959952,2.9560253799614054,-0.23484334329766707,0.1263426638871848,-0.2788666185492473,5.049689823107762,16.523504323914036,false,false,0,single_teb,124,0,REVERSE,
64.784,2.560834199965829,5.819382304776355,2.967161576603986,-0.24606020714964377,0.09924571587287646,-0.22290257479268724,5.060869087600541,16.499486386251206,false,false,0,single_teb,124,0,REVERSE,
64.884,2.5845507688820657,5.815285621590456,2.975004264299712,-0.23760156742607744,0.06515866267709258,-0.22448077450893755,5.033959422430208,16.475849655111908,false,false,0,single_teb,124,0,REVERSE,
64.984,2.60767801724685,5.811446767364662,2.979667858951542,-0.232713684504533,0.034620538441659986,-0.2321192711447551,5.013791461748219,16.452856577222665,false,false,0,single_teb,124,0,REVERSE,
65.084,2.6306435277927602,5.80771700873921,2.9814023233099527,-0.2329394630770732,0.005877768807893837,-0.2372159313934285,4.969401260179615,16.43005463239174,false,false,0,single_teb,124,0,REVERSE,
65.184,2.65373650881233,5.803980431590621,2.980262619787145,-0.23450150120859356,-0.022976057400050556,-0.24254414556142992,4.9673270185414315,16.407132351244275,false,false,0,single_teb,124,0,REVERSE,
65.284,2.677022887751065,5.800157379042856,2.9761890229773567,-0.2371173221383493,-0.052747757616034494,-0.24468664700120582,4.957813163560963,16.38399991467804,false,false,0,single_teb,124,0,REVERSE,
65.384,2.700558694033279,5.796165457097232,2.969058356446358,-0.2397526976679723,-0.08387748263747115,-0.2409171194155103,4.895126243394947,16.36057573194684,false,false,0,single_teb,126,0,REVERSE,
65.484,2.7242155687570473,5.791948561793989,2.9587571872918486,-0.2404057262986292,-0.11587006562042075,-0.3,4.910880261967365,16.336959880353263,false,false,0,single_teb,126,0,REVERSE,
65.584,2.749196821627352,5.787217015388269,2.948551735710475,-0.2621733441214449,-0.09172134592624383,-0.3,4.859921965917757,16.31192442260142,false,false,0,single_teb,126,0,REVERSE,
65.684,2.7757729184087205,5.781932842504105,2.941164813587863,-0.2759900439071596,-0.061395160037947774,-0.3,4.857714523696733,16.28520302689177,false,false,0,single_teb,126,0,REVERSE,
65.784,2.80335528917702,5.776273600608395,2.9370170596535328,-0.2847600064507171,-0.02790030008221832,-0.3,4.805384212451024,16.25740899331962,false,false,0,single_teb,126,0,REVERSE,
65.884,2.8315808075968607,5.770400051458942,2.936191112542247,-0.29032662106985513,0.004097268901195997,-0.3,4.7850699958372545,16.2289388916941,false,false,0,single_teb,126,0,REVERSE,
65.984,2.8602270403281658,5.76445090400352,2.938266172433489,-0.2938599540988274,0.030041152145534416,-0.3,4.745092739486528,16.20004998433886,false,false,0,single_teb,126,0,REVERSE,
66.084,2.889156566180597,5.758532738150436,2.942455495948107,-0.2961026892525607,0.048492075861272195,-0.3,4.739602913284135,16.170908712182918,false,false,0,single_teb,126,0,REVERSE,
66.184,2.9182747905057242,5.752716697784523,2.9474444397201833,-0.2971551550996662,0.04917748671670597,-0.29572977109671006,4.672711243057084,16.141628935756888,false,false,0,single_teb,126,0,REVERSE,
66.284,2.9474100603921065,5.74704405433488,2.951964321828181,-0.29663451423436127,0.04300504968093131,-0.3,4.6679339745847495,16.112385895715466,false,false,0,single_teb,126,0,REVERSE,
66.384,2.9765957147350193,5.7414844878133655,2.95471430091798,-0.2976058497242581,0.012863860442484748,-0.3,4.653692418644611,16.08313776731144,false,false,0,single_teb,128,0,REVERSE,
66.484,3.005892752733968,5.735944566708632,2.954147953683096,-0.2984803456275707,-0.015918585368177654,-0.3,4.6240212264754215,16.053794324547393,false,false,0,single_teb,128,0,REVERSE,
66.584,3.0352465358904905,5.730343727947815,2.9509421500103907,-0.2990354200256173,-0.0410046693855434,-0.3,4.584921056339923,16.024377850076068,false,false,0,single_teb,128,0,REVERSE,
66.684,3.064618314052995,5.724611410329602,2.945249597727177,-0.29938774596127876,-0.06576382070134701,-0.3,4.554403001377765,15.99489924645345,false,false,0,single_teb,128,0,REVERSE,
66.784,3.093977344679571,5.718676344115823,2.9368790839337615,-0.29961138006398036,-0.09545953360037099,-0.3,4.551675353368929,15.965361584683128,false,false,0,single_teb,128,0,REVERSE,
66.884,3.123295228683468,5.712458298554447,2.925700232079409,-0.2997533287734821,-0.12088691586017147,-0.3,4.505357136154008,15.935762443812838,false,false,0,single_teb,128,0,REVERSE,
66.984,3.1525465720175827,5.705884799744229,2.912514105214548,-0.2998434287890244,-0.13625480581026805,-0.3,4.46689754100327,15.90609929065134,false,false,0,single_teb,128,0,REVERSE,
67.084,3.1817132127214434,5.698915395014645,2.898803296203565,-0.2999006185502362,-0.13757998191913767,-0.3,4.430319764032099,15.876374270896022,false,false,0,single_teb,128,0,REVERSE,
67.184,3.2107861828404465,5.691547111779546,2.885320708399502,-0.29993691897446784,-0.13330752548683283,-0.3,4.427119233026239,15.846594392968766,false,false,0,single_teb,128,0,REVERSE,
67.284,3.239761926974723,5.683794438998899,2.8725916092367294,-0.29995996017575066,-0.12398003515460565,-0.3,4.390637404466988,15.81676791247756,false,false,0,single_teb,128,0,REVERSE,
67.384,3.2686429814126075,5.6756894331598495,2.8615472505515953,-0.29997458526534093,-0.10053828958014631,-0.3,4.357601649309517,15.786903754402456,false,false,0,single_teb,130,0,REVERSE,
67.484,3.297442424643896,5.667294818559048,2.8530438778839593,-0.2999838683423342,-0.07652705670376111,-0.29609661467622994,4.319655427929846,15.75701208405729,false,false,0,single_teb,130,0,REVERSE,
67.584,3.3260922100401924,5.658711195988413,2.847198533218744,-0.29856399614776546,-0.04855426733466767,-0.3,4.300928602215735,15.727192445819686,false,false,0,single_teb,130,0,REVERSE,
67.684,3.354684312279268,5.649999740243742,2.8445591558930543,-0.2990885160572482,-0.011651202425430418,-0.3,4.247073880575112,15.697380948991245,false,false,0,single_teb,130,0,REVERSE,
67.784,3.383303974701071,5.641240640218481,2.84515950328785,-0.29942144794625614,0.015763608094132946,-0.3,4.258430234334877,15.66752688387169,false,false,0,single_teb,130,0,REVERSE,
67.884,3.41196327146672,5.6325239138892025,2.8486537510600964,-0.2996327719412361,0.04557189972281249,-0.3,4.209792844198159,15.637651397622651,false,false,0,single_teb,130,0,REVERSE,
67.984,3.440678386346031,5.623936193656278,2.8550357959625954,-0.29976690697704583,0.07395728532111444,-0.3,4.183361283681801,15.60777063389031,false,false,0,single_teb,130,0,REVERSE,
68.084,3.469466663905073,5.6155602606973964,2.864131211547092,-0.2998520473693301,0.10222998753854119,-0.3,4.147329383434816,15.577898320148636,false,false,0,single_teb,130,0,REVERSE,
68.184,3.4983451926885314,5.607476969188066,2.8759472248546913,-0.2999060890770358,0.12703625632870988,-0.3,4.115860515179201,15.54804779097345,false,false,0,single_teb,130,0,REVERSE,
68.284,3.527329595868886,5.5997661335990925,2.890608404959887,-0.29994039131705835,0.1575640596990461,-0.3,4.0916296385402084,15.518233448998503,false,false,0,single_teb,130,0,REVERSE,
68.384,3.5564348661956964,5.592514429310613,2.908133943952256,-0.29996216419805194,0.185159130193004,-0.3,4.07155225457165,15.488472856175807,false,false,0,single_teb,132,0,REVERSE,
68.484,3.5856705532053037,5.585800791580583,2.9278089259262767,-0.29997598423856375,0.20321358273731172,-0.3,4.030846097407548,15.458785977040854,false,false,0,single_teb,132,0,REVERSE,
68.584,3.6150381923482415,5.579685385498932,2.949380268441842,-0.2999847563215878,0.22269404567784856,-0.3,3.9997096398679526,15.429193602024382,false,false,0,single_teb,132,0,REVERSE,
68.684,3.64453425041261,5.574219471640511,2.971744448521119,-0.2999903242821531,0.2219778688484129,-0.3,3.9570206602040288,15.399718166433852,false,false,0,single_teb,132,0,REVERSE,
68.784,3.6741433397966237,5.56940012703443,2.9921551239381543,-0.2999938584695032,0.18816465688521794,-0.3,3.9112368181254906,15.370373672221003,false,false,0,single_teb,132,0,REVERSE,
68.884,3.7038388253929444,5.5651423924744154,3.0092190669604224,-0.29999610174692565,0.16108905321803693,-0.3,3.9124018228154815,15.341154916721818,false,false,0,single_teb,132,0,REVERSE,
68.984,3.733598740607605,5.561358965354647,3.023435743491616,-0.29999752563680343,0.1300668682359832,-0.3,3.8670169265426515,15.312051411731982,false,false,0,single_teb,132,0,REVERSE,
69.084,3.763405661681307,5.557963917093204,3.034828442304976,-0.29999842943156546,0.10509214445364003,-0.3,3.8327230251329936,15.283048820754251,false,false,0,single_teb,132,0,REVERSE,
69.184,3.793246267891158,5.554877630406334,3.0435806403887358,-0.29999900310301614,0.0778928253328251,-0.3,3.7914920219247423,15.254131148432453,false,false,0,single_teb,132,0,REVERSE,
69.284,3.8231096918332557,5.552019565393764,3.0495454151715653,-0.29999936723317844,0.049628371009433715,-0.3,3.778546863675133,15.225279638295888,false,false,0,single_teb,132,0,REVERSE,
69.384,3.852986646987512,5.549305932576306,3.0526870011820075,-0.2999995983598537,0.021389334209463467,-0.3,3.7457967280791222,15.196472720458527,false,false,0,single_teb,134,0,REVERSE,
69.484,3.882869074214214,5.546652885456089,3.053058786342072,-0.2999997450643719,-0.006035606741274095,-0.3,3.690721082632345,15.167687490435574,false,false,0,single_teb,134,0,REVERSE,
69.584,3.912751542488211,5.544000167400933,3.053287333250955,-0.29999983818307235,0.006881248978398634,-0.3,3.686371561682323,15.13890705961992,false,false,0,single_teb,134,0,REVERSE,
69.684,3.942635997084997,5.5413698701215255,3.054953776195001,-0.29999989728890275,0.0237883612799179,-0.3,3.6498353449464833,15.11013774748401,false,false,0,single_teb,134,0,REVERSE,
69.784,3.9725263845674723,5.53880791019792,3.0579841921004425,-0.29999993480552595,0.033906190093931615,-0.3,3.6382882563234364,15.081392810272092,false,false,0,single_teb,134,0,REVERSE,
69.884,4.00242414864972,5.53633344372393,3.060231836942574,-0.299999958618693,0.01617285661591956,-0.3,3.587769358706412,15.052678091103942,false,false,0,single_teb,134,0,REVERSE,
69.984,4.03232507745242,5.533897411507143,3.059774064093342,-0.29999997373377735,-0.01657115685471257,-0.3,3.574672226916956,15.023979609379468,false,false,0,single_teb,134,0,REVERSE,
70.084,4.062221881035793,5.531411389922907,3.0564168826653977,-0.2999999833278719,-0.042985223289980834,-0.3,3.531745438586878,14.995271616681247,false,false,0,single_teb,134,0,REVERSE,
70.184,4.092107523477672,5.528794899993635,3.050527006186079,-0.2999999894175931,-0.06990697385670423,-0.3,3.5205822038761845,14.966530866727332,false,false,0,single_teb,134,0,REVERSE,
70.284,4.121974079845921,5.5259693614224235,3.041899081782746,-0.29999999328296095,-0.09538160211733117,-0.3,3.4767192297696443,14.937735465051182,false,false,0,single_teb,134,0,REVERSE,
70.384,4.151811948022935,5.522856007424924,3.030742104620885,-0.2999999957364507,-0.12058550313685484,-0.3,3.469969599795279,14.908864839472853,false,false,0,single_teb,136,0,REVERSE,
70.484,4.181610391271021,5.519386006988165,3.017788937966833,-0.29999999729376997,-0.13449903511723166,-0.3,3.4137775866151845,14.879902999440747,false,false,0,single_teb,136,0,REVERSE,
70.584,4.211360305428592,5.515522078717346,3.0046427472722805,-0.29999999828225726,-0.12695539922688415,-0.3,3.424319553320211,14.850844030812823,false,false,0,single_teb,136,0,REVERSE,
70.684,4.241058619899777,5.511279528009317,2.9924741732541027,-0.2999999989096861,-0.11682022839511917,-0.3,3.3692584403817736,14.821695919728242,false,false,0,single_teb,136,0,REVERSE,
70.784,4.270705608260829,5.50669176693093,2.981785836768511,-0.299999999307938,-0.09910230794210942,-0.3,3.3533081919833254,14.792470338352059,false,false,0,single_teb,136,0,REVERSE,
70.884,4.300305905071636,5.5018115141520765,2.9731768039125215,-0.29999999956072304,-0.07894397408086952,-0.3,3.3267949855822123,14.763182185148006,false,false,0,single_teb,136,0,REVERSE,
70.984,4.329867985027245,5.496704604401214,2.9670797590467974,-0.2999999997211749,-0.05110043056276413,-0.3,3.3085407169021486,14.7338477939345,false,false,0,single_teb,136,0,REVERSE,
71.084,4.359404019582546,5.491448972434422,2.963593669196138,-0.2999999998230195,-0.02591963934279515,-0.3,3.2590319068588136,14.704484707660853,false,false,0,single_teb,136,0,REVERSE,
71.184,4.388927151329339,5.486121252360148,2.9627598291139305,-0.299999999887664,0.0013613398937468975,-0.3,3.253732804109434,14.675109215519226,false,false,0,single_teb,136,0,REVERSE,
71.284,4.418451495821986,5.4808002657924195,2.9645516726960865,-0.2999999999286963,0.027073837357194257,-0.3,3.2114919574416994,14.645737650417281,false,false,0,single_teb,136,0,REVERSE,
71.384,4.4479894493245276,5.47555541413028,2.9680590409204193,-0.29999999995474097,0.03949785275501964,-0.3,3.18640411262689,14.616384541288955,false,false,0,single_teb,138,0,REVERSE,
71.484,4.477546672450109,5.4704202854356385,2.97178131129765,-0.2999999999712724,0.03596669365883612,-0.3,3.133669367520435,14.5870573487277,false,false,0,single_teb,138,0,REVERSE,
71.584,4.507119558274542,5.465376064012765,2.9733374274863063,-0.2999999999817655,0.003949428158583611,-0.3,3.121995440213306,14.557752509772277,false,false,0,single_teb,138,0,REVERSE,
71.684,4.536694148518704,5.460341830453383,2.9719373181257778,-0.29999999998842586,-0.023924251505384755,-0.3,3.0842978865786623,14.528452682785238,false,false,0,single_teb,138,0,REVERSE,
71.784,4.566255840433068,5.455232505812548,2.96761311131067,-0.2999999999926535,-0.05560997154648105,-0.3,3.062522164075,14.499139417123091,false,false,0,single_teb,138,0,REVERSE,
71.884,4.5957887938722575,5.449959828265832,2.960389822733309,-0.2999999999953369,-0.08146545957588155,-0.3,3.0499711402719103,14.469794061706335,false,false,0,single_teb,138,0,REVERSE,
71.984,4.625278070020707,5.444448326374478,2.951163481717832,-0.2999999999970401,-0.09825522197005374,-0.3,3.009364834515674,14.440401804757057,false,false,0,single_teb,138,0,REVERSE,
72.084,4.654712401911175,5.438650686548555,2.9409150384746874,-0.29999999999812127,-0.10482501559198318,-0.3,2.984307411958555,14.410954942889745,false,false,0,single_teb,138,0,REVERSE,
72.184,4.68408480437882,5.432547081384579,2.930382318100151,-0.29999999999880744,-0.10560462864597746,-0.3,2.9646405017870463,14.381452127251796,false,false,0,single_teb,138,0,REVERSE,
72.284,4.713391068287466,5.426133440865057,2.9197602001668757,-0.29999999999924304,-0.1065618021576306,-0.3,2.9427778129163595,14.351895380831666,false,false,0,single_teb,138,0,REVERSE,
72.384,4.742628740473647,5.41941397376174,2.90981782903985,-0.29999999999951954,-0.09464479315276175,-0.3,2.9073187713209006,14.322288243570558,false,false,0,single_teb,140,0,REVERSE,
72.484,4.771801503292938,5.4124179581681275,2.9010314092491796,-0.29999999999969507,-0.08413028452202297,-0.3,2.877700954107107,14.292638091765419,false,false,0,single_teb,140,0,REVERSE,
72.584,4.800914840834422,5.405178537318049,2.893345791268791,-0.2999999999998064,-0.07284991059870093,-0.3,2.831793086484092,14.262952150911419,false,false,0,single_teb,140,0,REVERSE,
72.684,4.829970868871318,5.397712467611671,2.884815637396034,-0.2999999999998772,-0.09220418065892544,-0.3,2.8256809877902445,14.23323460067277,false,false,0,single_teb,140,0,REVERSE,
72.784,4.85895728880279,5.389980683762011,2.874874389648184,-0.29999999999992205,-0.10340712280086706,-0.3,2.7633641317393822,14.203481802320054,false,false,0,single_teb,140,0,REVERSE,
72.884,4.887863303668445,5.381953571771791,2.8644727402974053,-0.29999999999995053,-0.10435314647004702,-0.3,2.7698603271162883,14.173692285074898,false,false,0,single_teb,140,0,REVERSE,
72.984,4.916684397033694,5.3736266933453125,2.8541670043063587,-0.2999999999999686,-0.10234216501761453,-0.3,2.757121141245608,14.14386831832985,false,false,0,single_teb,140,0,REVERSE,
73.084,4.945419690609167,5.365008343585616,2.844405631615794,-0.29999999999998006,-0.09500808866824166,-0.3,2.708946748493157,14.114013659518617,false,false,0,single_teb,140,0,REVERSE,
73.184,4.974073451469578,5.356122589983969,2.8359040863216576,-0.2999999999999874,-0.07951982888033318,-0.3,2.6621328790608403,14.08413332962473,false,false,0,single_teb,140,0,REVERSE,
73.284,5.002657407147547,5.347014669269292,2.829451062542308,-0.299999999999992,-0.0535762292903361,-0.3,2.6428245504323002,14.054233538309996,false,false,0,single_teb,140,0,REVERSE,
73.384,5.031192435161612,5.337754480796506,2.82581084272276,-0.29999999999999494,-0.02694948055723295,-0.3,2.6237789931990543,14.02432146490776,false,false,0,single_teb,142,0,REVERSE,
73.484,5.059703407240257,5.328420438159089,2.82478520824011,-0.29999999999999677,-0.001047424954148965,-0.3,2.5828751523915288,13.99440389135532,false,false,0,single_teb,142,0,REVERSE,
73.584,5.088215398921208,5.3190895153084305,2.826731760537794,-0.29999999999999793,0.031229108823353578,-0.3,2.5563103158894536,13.96448691705211,false,false,0,single_teb,142,0,REVERSE,
73.684,5.116756980517392,5.309849574519896,2.831763629935049,-0.29999999999999866,0.06292588479216156,-0.3,2.5175503690663334,13.934577611218666,false,false,0,single_teb,142,0,REVERSE,
73.784,5.14535623848088,5.3007898880517335,2.8399395145187416,-0.29999999999999916,0.09223512088157586,-0.3,2.5101088483754155,13.904684091083622,false,false,0,single_teb,142,0,REVERSE,
73.884,5.174038872948224,5.291997960282348,2.851047033995963,-0.29999999999999943,0.12158139677980158,-0.3,2.4532599885444264,13.874816079655822,false,false,0,single_teb,142,0,REVERSE,
73.984,5.202827169957391,5.283558747607164,2.8651215320597667,-0.2999999999999997,0.15348016337153947,-0.3,2.425910293928422,13.84498557172946,false,false,0,single_teb,142,0,REVERSE,
74.084,5.231741390682914,5.275562045376582,2.8822776938358325,-0.2999999999999997,0.18168383502070926,-0.3,2.406388190994803,13.815208388186472,false,false,0,single_teb,142,0,REVERSE,
74.184,5.260796856882972,5.268095328653701,2.902251568660029,-0.2999999999999997,0.20986240925572908,-0.3,2.3746897274530543,13.785504166093663,false,false,0,single_teb,142,0,REVERSE,
74.284,5.2900009056592605,5.261233087709985,2.9237297858216102,-0.2999999999999997,0.21525187033781107,-0.3,2.3084783465548586,13.755895121051076,false,false,0,single_teb,142,0,REVERSE,
74.384,5.3193451923488615,5.254997652384379,2.94470200355323,-0.2999999999999997,0.20284181179651142,-0.3,2.3067219792604603,13.726398168396953,false,false,0,single_teb,144,0,REVERSE,
74.484,5.348809364057296,5.249355251623761,2.963464084311875,-0.2999999999999997,0.17931814976291013,-0.3,2.262691025745081,13.697019933719684,false,false,0,single_teb,144,0,REVERSE,
74.584,5.37836865701815,5.244233773645924,2.9792794950455814,-0.2999999999999997,0.14664300717488518,-0.3,2.244972101580654,13.667756422719506,false,false,0,single_teb,144,0,REVERSE,
74.684,5.407999560312294,5.239543641931113,2.9920601892180825,-0.2999999999999997,0.11752279109484656,-0.3,2.1959195003340426,13.638595699293829,false,false,0,single_teb,144,0,REVERSE,
74.784,5.437683145897578,5.235198847380275,3.00202826845394,-0.2999999999999997,0.08991316994389073,-0.3,2.162154661391551,13.60952283199075,false,false,0,single_teb,144,0,REVERSE,
74.884,5.4674041583122985,5.231117499146017,3.0092556095046814,-0.2999999999999997,0.06259461829916103,-0.3,2.1248457780371157,13.580520933342708,false,false,0,single_teb,144,0,REVERSE,
74.984,5.497149323587416,5.227215739209345,3.0133392669518577,-0.2999999999999997,0.027684813468081854,-0.3,2.1141082069847257,13.55157036733782,false,false,0,single_teb,144,0,REVERSE,
75.084,5.526905144934751,5.223395923583329,3.014244966169648,-0.2999999999999997,-0.0012186167770007227,-0.3,2.0885247013542325,13.522646199541054,false,false,0,single_teb,144,0,REVERSE,
75.184,5.556659935065319,5.219568101195962,3.0121928144522574,-0.2999999999999997,-0.03119980739180403,-0.3,2.0515420459003266,13.493724583473275,false,false,0,single_teb,144,0,REVERSE,
75.284,5.586402308075991,5.215645130657014,3.007268415862246,-0.2999999999999997,-0.06130830703811613,-0.3,2.0247961635419527,13.464782277700866,false,false,0,single_teb,144,0,REVERSE,
75.384,5.616120066252507,5.211540174648105,2.9994174871822157,-0.2999999999999997,-0.08806954717268203,-0.3,2.0163900874347505,13.435796708995154,false,false,0,single_teb,146,0,REVERSE,
75.484,5.6458001113431635,5.207171257425511,2.989007393647315,-0.2999999999999997,-0.11302401323274104,-0.3,1.9720885775775727,13.406747830590646,false,false,0,single_teb,146,0,REVERSE,
75.584,5.675427824341635,5.202461008887383,2.9756885760904948,-0.2999999999999997,-0.14611134454179467,-0.3,1.941550733873349,13.37761861700377,false,false,0,single_teb,146,0,REVERSE,
75.684,5.7049836150472935,5.197319362472735,2.959271676942355,-0.2999999999999997,-0.17642052181562037,-0.3,1.9331765197009858,13.348391530884516,false,false,0,single_teb,146,0,REVERSE,
75.784,5.734443976327659,5.19165715409121,2.9398412665476834,-0.2999999999999997,-0.20432732318038088,-0.3,1.8897048811594204,13.319052840779305,false,false,0,single_teb,146,0,REVERSE,
75.884,5.763782677478756,5.185395575304676,2.9181874691860625,-0.2999999999999997,-0.22335536614891618,-0.3,1.8749596457163051,13.289595239748964,false,false,0,single_teb,146,0,REVERSE,
75.984,5.792974568174127,5.178482141340534,2.8951321643171486,-0.2999999999999997,-0.23455485336872567,-0.3,1.8563539848158543,13.26002063276775,false,false,0,single_teb,146,0,REVERSE,
76.084,5.821996519497059,5.170887044593788,2.8712568726797834,-0.2999999999999997,-0.24108070249166946,-0.3,1.8324215680964726,13.230337924599267,false,false,0,single_teb,146,0,REVERSE,
76.184,5.850827103945226,5.162595191896514,2.8469055817283375,-0.2999999999999997,-0.24485933076110145,-0.3,1.7917951040982578,13.200560259838404,false,false,0,single_teb,146,0,REVERSE,
76.284,5.879446609263372,5.153601811924935,2.822464106942489,-0.2999999999999997,-0.2441693127332432,-0.3,1.7858364550233874,13.17070332721731,false,false,0,single_teb,146,0,REVERSE,
76.384,5.90784037657356,5.14391916346501,2.7989238912921395,-0.2999999999999997,-0.23059991256016713,-0.3,1.7684397608920166,13.140784935409576,false,false,0,single_teb,148,0,REVERSE,
76.484,5.93600743622072,5.133595209381865,2.7779527647921904,-0.2999999999999997,-0.19563088514541221,-0.3,1.7347757727786133,13.110824396379893,false,false,0,single_teb,148,0,REVERSE,
76.584,5.963968372918895,5.122724880289162,2.7608487615537403,-0.2999999999999997,-0.15655781876577898,-0.3,1.6860353046930447,13.080839710325566,false,false,0,single_teb,148,0,REVERSE,
76.684,5.991756591924982,5.111419955201861,2.7474907285981702,-0.2999999999999997,-0.11901813417619136,-0.3,1.6698960358179227,13.050843792874579,false,false,0,single_teb,148,0,REVERSE,
76.784,6.019408691524617,5.099785774759726,2.7377856630794435,-0.2999999999999997,-0.08438532804272907,-0.3,1.6688868099725858,13.020844175749803,false,false,0,single_teb,148,0,REVERSE,
76.884,6.0469625221891565,5.087920567112087,2.7313282501852734,-0.2999999999999997,-0.053690344182962056,-0.3,1.6333613562137064,12.990844493072528,false,false,0,single_teb,148,0,REVERSE,
76.984,6.074454036363182,5.075911583261224,2.7280301145346,-0.2999999999999997,-0.019700541167877225,-0.3,1.6076717927959008,12.960845841684094,false,false,0,single_teb,148,0,REVERSE,
77.084,6.101921950957089,5.063848679286597,2.727983260710679,-0.2999999999999997,0.010148607558991954,-0.3,1.5528407648112816,12.930847795401096,false,false,0,single_teb,148,0,REVERSE,
77.184,6.129403758788715,5.051817482222977,2.7309525174871037,-0.2999999999999997,0.04058720761152518,-0.3,1.5410866903811868,12.900849390468567,false,false,0,single_teb,148,0,REVERSE,
77.284,6.156935172044155,5.039900309538508,2.7368134805902544,-0.2999999999999997,0.06861227538337723,-0.3,1.4974338090520538,12.870849997154469,false,false,0,single_teb,148,0,REVERSE,
77.384,6.184549732598,5.028177224782418,2.745734639352327,-0.2999999999999997,0.10250851483982873,-0.3,1.4737144982915558,12.840850097453462,false,false,0,single_teb,150,0,REVERSE,
77.484,6.212282559892376,5.016736933887933,2.757779923453221,-0.2999999999999997,0.13046220807254932,-0.3,1.433865443006885,12.810852114970837,false,false,0,single_teb,150,0,REVERSE,
77.584,6.240163813724241,5.005663535772503,2.7727840324275594,-0.2999999999999997,0.16298172578007847,-0.3,1.416817430307249,12.780861260549043,false,false,0,single_teb,150,0,REVERSE,
77.684,6.2682215586091825,4.9950456289963014,2.790906692750739,-0.2999999999999997,0.19144758021303349,-0.3,1.3699952899217762,12.750886488148085,false,false,0,single_teb,150,0,REVERSE,
77.784,6.296477722894713,4.9849679827208275,2.811606422860792,-0.2999999999999997,0.2157009830197241,-0.3,1.3465668439314782,12.72094098246869,false,false,0,single_teb,150,0,REVERSE,
77.884,6.324943840987384,4.975499926006461,2.834099158824434,-0.2999999999999997,0.23006603759866662,-0.3,1.3019620097990376,12.691041558114476,false,false,0,single_teb,150,0,REVERSE,
77.984,6.35361976153724,4.966687894066743,2.85764625487565,-0.2999999999999997,0.2384712336374272,-0.3,1.276930080396909,12.661206944676524,false,false,0,single_teb,150,0,REVERSE,
78.084,6.382497388935364,4.958561347864818,2.8817588332045108,-0.2999999999999997,0.24092356102486873,-0.3,1.247963940192267,12.63145666812156,false,false,0,single_teb,150,0,REVERSE,
78.184,6.411561834642297,4.95113051010288,2.9054672144764995,-0.2999999999999997,0.23497082101139757,-0.3,1.2145501727887789,12.601809093951177,false,false,0,single_teb,150,0,REVERSE,
78.284,6.440788874587117,4.9443668443314595,2.926510756170027,-0.2999999999999997,0.1961374613392601,-0.3,1.1516944447697617,12.572276060172763,false,false,0,single_teb,150,0,REVERSE,
78.384,6.470143741716868,4.938180739577124,2.9445070123949466,-0.2999999999999997,0.17114314302699174,-0.3,1.1389998804202959,12.542855111712054,false,false,0,single_teb,152,0,REVERSE,
78.484,6.49959923175152,4.932492437062487,2.9597193439802956,-0.2999999999999997,0.14007335143787789,-0.3,1.0899092485019586,12.513540644917763,false,false,0,single_teb,152,0,REVERSE,
78.584,6.52913180615327,4.927218391700926,2.9721399504558703,-0.2999999999999997,0.11552486119699068,-0.3,1.0576222214832243,12.484322096138035,false,false,0,single_teb,152,0,REVERSE,
78.684,6.55872213498779,4.922278186757662,2.9815699622325122,-0.2999999999999997,0.08236311577767307,-0.3,1.049738911165231,12.455186138000855,false,false,0,single_teb,152,0,REVERSE,
78.784,6.588351840347974,4.917579523979408,2.987897243944756,-0.2999999999999997,0.052795635964398305,-0.3,1.0359614066409684,12.426113716458214,false,false,0,single_teb,152,0,REVERSE,
78.884,6.618005316161402,4.913033049171077,2.9912298210941537,-0.2999999999999997,0.02260238774855093,-0.3,1.0226463570303936,12.397084202552524,false,false,0,single_teb,152,0,REVERSE,
78.984,6.647668244612343,4.908548559300297,2.9913141288245173,-0.2999999999999997,-0.013365094186276306,-0.3,1.002999255375896,12.368075244086771,false,false,0,single_teb,152,0,REVERSE,
79.084,6.6773251206071995,4.904024291336489,2.9879194133099967,-0.2999999999999997,-0.04577380977849756,-0.3,1.000784227566753,12.339060769542028,false,false,0,single_teb,152,0,REVERSE,
79.184,6.706960820221669,4.899363534619685,2.9816218607600495,-0.2999999999999997,-0.07252411728742451,-0.3,0.9608158126167404,12.310016123481299,false,false,0,single_teb,152,0,REVERSE,
79.284,6.736560938479559,4.8944822256259695,2.972325999041908,-0.2999999999999997,-0.10567846343595445,-0.3,0.9580854430488693,12.280920802185518,false,false,0,single_teb,152,0,REVERSE,
79.384,6.766108010432609,4.889289903899545,2.9601274251764234,-0.2999999999999997,-0.13107486282382613,-0.3,0.9142416163216154,12.251754364075392,false,false,0,single_teb,154,0,REVERSE,
79.484,6.795589918750599,4.8837394045389155,2.949243903363343,-0.2999999999999997,-0.09601951367509193,-0.3,0.9192330284843961,12.222508573948694,false,false,0,single_teb,154,0,REVERSE,
79.584,6.825016554000539,4.877902624127006,2.9409841557074774,-0.2999999999999997,-0.07522568940119231,-0.3,0.8903362844208544,12.193202574747419,false,false,0,single_teb,154,0,REVERSE,
79.684,6.854399735258242,4.871850678832914,2.935195183076453,-0.2999999999999997,-0.04836537938302855,-0.3,0.8640759084442919,12.163853595725998,false,false,0,single_teb,154,0,REVERSE,
79.784,6.883753983378986,4.865659775403682,2.932034448745369,-0.2999999999999997,-0.022379117630125876,-0.3,0.8464670274475878,12.134478585914763,false,false,0,single_teb,154,0,REVERSE,
79.884,6.913095573633942,4.859409091281641,2.931786940708192,-0.2999999999999997,0.008718095730201244,-0.3,0.8333911155554776,12.105094236552063,false,false,0,single_teb,154,0,REVERSE,
79.984,6.942442870221662,4.853185283489201,2.934350697051026,-0.2999999999999997,0.03499964930320378,-0.3,0.8121891742099956,12.075718491012779,false,false,0,single_teb,154,0,REVERSE,
80.084,6.971812791773009,4.847069255292741,2.9397938321718504,-0.2999999999999997,0.06700513163865918,-0.3,0.8168131464208815,12.046368476238204,false,false,0,single_teb,154,0,REVERSE,
80.184,7.001222827127509,4.841149374291208,2.94827528076184,-0.2999999999999997,0.09694279574975792,-0.3,0.7888122379439126,12.017063974311743,false,false,0,single_teb,154,0,REVERSE,
80.284,7.030688801066315,4.835514900191087,2.959742792430825,-0.2999999999999997,0.12456082545768049,-0.3,0.789353116157061,11.987826847640985,false,false,0,single_teb,154,0,REVERSE,
80.384,7.060223910015969,4.830255405290788,2.974564201315896,-0.2999999999999997,0.16309853564329652,-0.3,0.7718661837653638,11.95868170741772,false,false,0,single_teb,156,0,REVERSE,
80.484,7.089840662744631,4.825477909642246,2.9929021887195817,-0.2999999999999997,0.19476114051718513,-0.3,0.7746002727756669,11.929661094127772,false,false,0,single_teb,156,0,REVERSE,
80.584,7.119544451865147,4.821276222971216,3.0137680972385854,-0.2999999999999997,0.2170358818858425,-0.3,0.7737954560399002,11.900799021625652,false,false,0,single_teb,156,0,REVERSE,
80.684,7.149332068745226,4.8177179192666495,3.0363590642141385,-0.2999999999999997,0.23085049800093585,-0.3,0.7792010276035315,11.872127042109335,false,false,0,single_teb,156,0,REVERSE,
80.784,7.17919369662288,4.8148468040006005,3.059963560308158,-0.2999999999999997,0.23892785956466922,-0.3,0.7599924020085662,11.84367336602968,false,false,0,single_teb,156,0,REVERSE,
80.884,7.209115300797206,4.812689120188992,3.0841579721491312,-0.2999999999999997,0.24361477450639235,-0.3,0.7673239906343845,11.815463137730761,false,false,0,single_teb,156,0,REVERSE,
80.984,7.239080317139092,4.811255087434673,3.1080598903518086,-0.2999999999999997,0.23649211065062412,-0.3,0.753688739914149,11.787517462865084,false,false,0,single_teb,156,0,REVERSE,
81.084,7.269070545364613,4.810511330776619,3.1291032159384047,-0.2999999999999997,0.1952604962237267,-0.3,0.7496263896544204,11.759841249944301,false,false,0,single_teb,156,0,REVERSE,
81.184,7.299069755528821,4.810357698523147,-3.1361173799169504,-0.2999999999999997,0.17105026104566307,-0.3,0.7345218730736931,11.732410207829373,false,false,0,single_teb,156,0,REVERSE,
81.284,7.329067402301502,4.810710091288487,-3.1210181475082774,-0.2999999999999997,0.14006844919562222,-0.3,0.7317929036987909,11.705201155343266,false,false,0,single_teb,156,0,REVERSE,
81.384,7.359057326865771,4.811480290321465,-3.108774601822026,-0.2999999999999997,0.11279733217200379,-0.3,0.7341971352274385,11.678184942750349,false,false,0,single_teb,158,0,REVERSE,
81.484,7.389036904107774,4.8125840205879244,-3.0993629887533336,-0.2999999999999997,0.08388883621925305,-0.3,0.729843525085353,11.65133051533622,false,false,0,single_teb,158,0,REVERSE,
81.584,7.4190064697861775,4.813933823740272,-3.093024529212099,-0.2999999999999997,0.051881674322638474,-0.3,0.7208877407154142,11.624602485495037,false,false,0,single_teb,158,0,REVERSE,
81.684,7.448968766072921,4.815437103236716,-3.0896459947770283,-0.2999999999999997,0.0238246636660978,-0.3,0.7125483104849089,11.597960794662724,false,false,0,single_teb,158,0,REVERSE,
81.784,7.47892744428815,4.817011114069244,-3.0888468376863885,-0.2999999999999997,-0.002637700669351935,-0.3,0.7214273951534375,11.57136827672595,false,false,0,single_teb,158,0,REVERSE,
81.884,7.508886683819116,4.8185743546057935,-3.0909074448123675,-0.2999999999999997,-0.030545017156987164,-0.3,0.6967654564254999,11.544787456848761,false,false,0,single_teb,158,0,REVERSE,
81.984,7.538850671565627,4.820043356045863,-3.09564824249887,-0.2999999999999997,-0.056755733274583255,-0.3,0.7035022926216954,11.518179683698497,false,false,0,single_teb,158,0,REVERSE,
82.084,7.568822626092181,4.82133883566452,-3.1030145462677106,-0.2999999999999997,-0.08305549755087843,-0.3,0.7012367188495745,11.491508585656335,false,false,0,single_teb,158,0,REVERSE,
82.184,7.598804372105129,4.822381919860479,-3.1130163618586995,-0.2999999999999997,-0.10946083113586609,-0.3,0.689171846915873,11.464738892392473,false,false,0,single_teb,158,0,REVERSE,
82.284,7.628795733784226,4.823094141509537,-3.1255726397403536,-0.2999999999999997,-0.1345385837720227,-0.3,0.6981056635953435,11.437836990857837,false,false,0,single_teb,158,0,REVERSE,
82.384,7.658793886046973,4.823403601453639,-3.1402366358209584,-0.2999999999999997,-0.1542814121983276,-0.3,0.6904962642859301,11.410774127716989,false,false,0,single_teb,160,0,REVERSE,
82.484,7.688793206147032,4.823253832795404,3.12689427959275,-0.2999999999999997,-0.1640182056328566,-0.3,0.6921237095068774,11.383530343490774,false,false,0,single_teb,160,0,REVERSE,
82.584,7.718786336381851,4.822625395478428,3.1115826201153625,-0.2999999999999997,-0.14714149187187184,-0.3,0.6811131574981928,11.35610276908773,false,false,0,single_teb,160,0,REVERSE,
82.684,7.74876745091675,4.821566714017639,3.0989787712512338,-0.2999999999999997,-0.1144731510223523,-0.3,0.6872343026930963,11.32851598194162,false,false,0,single_teb,160,0,REVERSE,
82.784,7.7787346426547215,4.820166590426274,3.089309508772055,-0.2999999999999997,-0.08695611347181918,-0.3,0.6759525873535395,11.300808442971164,false,false,0,single_teb,160,0,REVERSE,
82.884,7.808688900600379,4.8185116179583725,3.0826201437145784,-0.2999999999999997,-0.055800781572396145,-0.3,0.668527097044135,11.27301539682909,false,false,0,single_teb,160,0,REVERSE,
82.984,7.838633683004719,4.816692587038111,3.078919524847867,-0.2999999999999997,-0.026665725978068936,-0.3,0.6722442129737832,11.245171982063862,false,false,0,single_teb,160,0,REVERSE,
83.084,7.868573564686615,4.8147943367515795,3.0778888881728554,-0.2999999999999997,0.0006587734407029796,-0.3,0.6656913793591996,11.217310110689725,false,false,0,single_teb,160,0,REVERSE,
83.184,7.898513791256121,4.812901558376703,3.0798723571517823,-0.2999999999999997,0.03044161913509523,-0.3,0.6648363774396429,11.18946133806573,false,false,0,single_teb,160,0,REVERSE,
