stamp_s,x_m,y_m,yaw_rad,linear_velocity_mps,angular_velocity_radps,commanded_speed_mps,clearance_m,goal_distance_m,collision,goal_reached,contact_count,topology_id,global_replan_count,recovery_count,gear,predicted_ttc_s
5.678,0.0,0.0,0.0,0.0,0.0,0.0,2.4570993726769155,13.0,false,false,0,anchor_balanced,0,0,NEUTRAL,
5.7780000000000005,0.0,0.0,0.0,0.0,0.0,0.0,2.4761311357536977,13.0,false,false,0,anchor_balanced,2,0,NEUTRAL,
5.878,0.0,0.0,0.0,0.0,0.0,0.29218675007233097,2.467610294155187,13.0,false,false,0,anchor_balanced,2,0,NEUTRAL,
5.978,0.006673298631749437,5.945602073027862e-07,0.00031004418264121995,0.10575835908252257,0.006468388367173679,0.2830931018437749,2.467608150840708,12.993326701368261,false,false,0,anchor_balanced,2,0,FORWARD,
6.078,0.02137026677559891,1.2043915514436644e-05,0.0015972524444578726,0.17053228226980155,0.01709845307751387,0.36053532456251836,2.459363157085485,12.97862973322999,false,false,0,anchor_balanced,2,0,FORWARD,
6.178,0.04283896554123361,6.513600221514896e-05,0.0038072521510989473,0.2399334739098804,0.025018640538217847,0.41697994673538974,2.4329223006972756,12.957161034622485,false,false,0,anchor_balanced,2,0,FORWARD,
6.2780000000000005,0.07053406219066419,0.0002018703880779903,0.006570097952303696,0.3011924235403234,0.02879734257712759,0.46343230086454684,2.424167093635508,12.929465939385258,false,false,0,anchor_balanced,2,0,FORWARD,
6.378,0.10442261696314174,0.0004647661808700377,0.00943029135552316,0.3604527421224586,0.028309865998682713,0.5144820900650605,2.3866557449111427,12.895577391412118,false,false,0,anchor_balanced,2,0,FORWARD,
6.478,0.14412904565028137,0.0008837571279230386,0.012117808874459849,0.42090607463177776,0.026442459865390986,0.5627220882810111,2.366944776265428,12.85587098472598,false,false,0,anchor_balanced,2,0,FORWARD,
6.578,0.18951138380529653,0.001483509568946513,0.014816600031474579,0.47270629962891064,0.027262234045147576,0.605828497071379,2.300371368952608,12.81048870209309,false,false,0,anchor_balanced,2,0,FORWARD,
6.678,0.23986923881987032,0.0022880675809107986,0.017711348203531478,0.5213309901852855,0.02990924488747575,0.6522627526971494,2.3027381501873494,12.760130966321178,false,false,0,anchor_balanced,2,0,FORWARD,
6.7780000000000005,0.2950994659048922,0.003341669228294445,0.02122044361304646,0.5723775215073555,0.03836884470743908,0.6893393169067166,2.2173677060014976,12.704900973561479,false,false,0,anchor_balanced,4,0,FORWARD,
6.878,0.3550395679895401,0.004714505738731739,0.025491819775295372,0.6150994057421003,0.0452188874631481,0.8193540773095642,2.182737546672133,12.64496131088089,false,false,0,anchor_balanced,4,0,FORWARD,
6.978,0.4212718029389542,0.006512597681064099,0.029312358799417043,0.6897061985270088,0.03394501104785556,0.8455010087747218,2.0894995518936477,12.578729882999603,false,false,0,anchor_balanced,4,0,FORWARD,
7.078,0.4938619870514119,0.008719608844793064,0.031625244122434,0.7482404212890361,0.015605866075334053,0.8642359441018814,2.0356805542326297,12.506141052718704,false,false,0,anchor_balanced,4,0,FORWARD,
7.178,0.5713437742788844,0.01119489521796124,0.031986465200661354,0.7906902913887046,-0.005665612985621346,0.8651672527006639,1.9440202299332516,12.428661267523351,false,false,0,anchor_balanced,4,0,FORWARD,
7.2780000000000005,0.6521039662515054,0.013724867947557796,0.029861284912855446,0.817894012983957,-0.030067047418052644,0.8885929496146777,1.8986872391625007,12.347903661442373,false,false,0,anchor_balanced,4,0,FORWARD,
7.378,0.7355035757086686,0.016060648231948076,0.024553913672245388,0.8437177597548082,-0.06607110433162666,0.8844232509941534,1.843169647810449,12.264506940186243,false,false,0,anchor_balanced,4,0,FORWARD,
7.478,0.8208016402194888,0.017882037679403228,0.01599622821986916,0.8585859932536865,-0.09650175999612287,0.8645241081825721,1.738427485389415,12.17921148737273,false,false,0,anchor_balanced,4,0,FORWARD,
7.578,0.9067917578001059,0.01890759301468004,0.005609860594793198,0.8607549703773554,-0.10794152713089569,0.8883959472371179,1.6703742398449815,12.093223023093765,false,false,0,anchor_balanced,4,0,FORWARD,
7.678,0.9935091584372479,0.019037551160191183,-0.004422498824172051,0.870851212569141,-0.0960959819443414,0.9714057015606229,1.579503621024791,12.006505934570825,false,false,0,anchor_static_dense,4,0,FORWARD,
7.7780000000000005,1.0829279858324015,0.018324325657121884,-0.012902569336592935,0.9075801053097997,-0.07839572642577439,0.9825070741753062,1.51253841237946,11.917086102389598,false,false,0,anchor_static_dense,6,0,FORWARD,
7.878,1.1756075528072252,0.016865406766557425,-0.019389669626773545,0.9445463090734139,-0.04972636761431985,1.0929580512975723,1.3875330342480576,11.824404474948198,false,false,0,anchor_static_dense,6,0,FORWARD,4.324672578040863
7.978,1.2734907212646849,0.01486534339001026,-0.020943158488371274,0.9987557135095216,0.00408148847164557,1.0687398345585555,1.317618127338465,11.726518700906059,false,false,0,anchor_static_dense,6,0,FORWARD,
8.078,1.37512039827382,0.012855221471306796,-0.01694957424341412,1.031700877088554,0.06195198024400203,1.1536946534190307,1.1984201743714291,11.624886709613495,false,false,0,anchor_static_dense,6,0,FORWARD,
8.178,1.4811153478229988,0.011408548109010054,-0.007916711159333642,1.0762607606980223,0.10648423943685835,1.1619873565239647,1.131917812314408,11.518890301809842,false,false,0,anchor_static_dense,6,0,FORWARD,
8.278,1.5907324572929706,0.01110193669898172,0.00568776605630686,1.1075735640814652,0.1527372304175757,1.1770172613015581,0.9766246684094753,11.409272944147956,false,false,0,anchor_static_dense,6,0,FORWARD,
8.378,1.7030676857639426,0.01259548591510176,0.026173468746195607,1.1317255935535182,0.23446028738446453,1.163055994825234,0.9088499484303934,11.296939335886348,false,false,0,anchor_static_dense,6,0,FORWARD,
8.478,1.8168824598156212,0.016749106135761672,0.052944121677759144,1.1428203662966934,0.29009567347465215,1.1590389096844225,0.7588304797000601,11.183130082858549,false,false,0,anchor_static_dense,6,0,FORWARD,
8.578,1.931291155087398,0.024249856250482902,0.08516328616212505,1.1487444095340678,0.34005609415562416,1.1646519727772615,0.6879772102970274,11.068735408752648,false,false,0,anchor_static_dense,6,0,FORWARD,
8.678,2.045959126096358,0.03569836346427811,0.12175699469000303,1.1545548630502107,0.3803412861764138,1.1874206820037154,0.5143769875973357,10.95409904283806,false,false,0,anchor_static_dense,6,0,FORWARD,
8.778,2.1610862613666963,0.05154603897223438,0.1590642762307523,1.1665595497756283,0.3690742751776872,1.059856199268096,0.4896470201264347,10.839036305302585,false,false,0,anchor_static_dense,8,0,FORWARD,
8.878,2.273547781349819,0.07122631784580126,0.19422765800893568,1.1275847018581766,0.34198367597763707,0.9628826005772827,0.4689396421175146,10.726688696300423,false,false,0,anchor_static_dense,8,0,FORWARD,
8.978,2.3801508311593396,0.09360452730739564,0.22540902100084942,1.067425022536257,0.295351074495149,0.44235304065668984,0.45790164122272825,10.620261681166717,false,false,0,anchor_static_dense,8,0,FORWARD,0.0
9.078,2.474548601184515,0.11651476963070093,0.25961639217676236,0.9074250225362568,0.36831250119117953,0.21644459128601912,0.43438003737542674,10.526096277365552,false,false,0,anchor_static_dense,8,0,FORWARD,0.0
9.178,2.552649415981237,0.13850499436048844,0.29889641339473083,0.7474250225362566,0.4041053703802165,0.2679412043413368,0.4058954468071266,10.448268653650707,false,false,0,anchor_static_dense,8,0,FORWARD,0.0
9.278,2.6149020382846793,0.15874744792470644,0.33911472089915207,0.6035647120935024,0.3981433851489306,0.43691131512445647,0.3859831664810842,10.386311204014941,false,false,0,anchor_static_dense,8,0,FORWARD,0.0
9.378,2.6678653332167035,0.17836570411852246,0.37895647463402393,0.5426922955208218,0.39714268812895115,-0.6,0.38923790967653743,10.333674133479867,false,false,0,anchor_static_dense,8,0,FORWARD,0.0
9.478,2.709161824889621,0.19538892780277853,0.4078902172941293,0.3826922955208216,0.22429955027466597,-0.6,0.3896723893286547,10.292692902220342,false,false,0,anchor_static_dense,8,0,FORWARD,0.0
9.578,2.7361502829120945,0.20725279183989448,0.42287338126025203,0.24378161996756437,0.10947107257979569,-0.539619301698317,0.40141112960700936,10.265941979900866,false,false,0,anchor_static_dense,8,0,FORWARD,0.0
9.678,2.7531917846467215,0.2149830028453475,0.4298885329407777,0.1547370724616725,0.04924755185920332,-0.6,0.3954213344712971,10.249063191030869,false,false,0,anchor_static_dense,8,0,FORWARD,0.0
9.778,2.763982427851423,0.2199470969613447,0.4328182648938205,0.09821725525162489,0.01883273734650718,-0.6,0.39775416809191616,10.238380363260399,false,false,0,anchor_static_dense,10,0,FORWARD,
9.878,2.7708250592251615,0.22311226514540342,0.43373570491207264,0.06234206887655998,0.004222353257710772,-0.29140067545095916,0.39764209400361294,10.231607842946005,false,false,0,anchor_static_dense,10,0,FORWARD,
9.978,2.775167112176659,0.22512393635035458,0.4341567366325653,0.039570781548036074,0.005616354948343717,-0.27192642210852047,0.4011103994774893,10.227310906129317,false,false,0,anchor_static_dense,10,0,FORWARD,
10.078,2.777922499047104,0.22640226730296442,0.4348017758115204,0.025117016174468598,0.006712489045409233,-0.30445125148649566,0.4056273964649844,10.224584413174322,false,false,0,anchor_static_dense,10,0,FORWARD,
10.178,2.7796709134205724,0.2272148119767864,0.4354211237026478,0.015942684901047333,0.005612045882412224,-0.27609867993053544,0.40545932695546705,10.222854455031781,false,false,0,anchor_static_dense,10,0,FORWARD,
10.278,2.78078039695711,0.22773120602628266,0.43594053774085945,0.010119402722384084,0.004825853798400265,-0.2964205254289933,0.3929769298098819,10.221756737342867,false,false,0,anchor_static_dense,10,0,FORWARD,
10.378,2.7814844702379102,0.22805931580545394,0.43632096401444254,0.006423153445820612,0.0030981442543929275,-0.27744873043352536,0.39330021783986646,10.221060154578618,false,false,0,anchor_static_dense,10,0,NEUTRAL,
10.478,2.7819313030822284,0.2282677251241699,0.4365744089677086,0.004077009416504107,0.0021789536499878057,-0.2987922020402277,0.3964995643161075,10.220618085481142,false,false,0,anchor_static_dense,10,0,NEUTRAL,
10.578,2.7822148954602746,0.22840007162894407,0.43672649470831243,0.002587826357017624,0.0011497547147400018,-0.3078777937110768,0.39472841229660677,10.22033752061418,false,false,0,anchor_static_dense,10,0,NEUTRAL,
10.678,2.7823948916997727,0.22848409856677285,0.4368019523371644,0.0016425876346926418,0.000557072119716979,-0.31459606761905673,0.40443301460365905,10.220159447506715,false,false,0,anchor_static_dense,10,0,NEUTRAL,
10.778,2.7825091387147975,0.22853744027902329,0.43683800832546954,0.001042610193040395,0.00025368972143082955,-0.30388312130282863,0.406664652082115,10.220046421717267,false,false,0,anchor_static_dense,12,0,NEUTRAL,
10.878,2.782581654531142,0.2285713001872087,0.43685293486507715,0.0006617826602810963,9.951841111174831e-05,-0.29258087314001685,0.4139758970461334,10.219974681259874,false,false,0,anchor_static_dense,12,0,NEUTRAL,
10.978,2.7826276827337693,0.22859279279012926,0.4368571443430597,0.00042005755590359604,1.5021806982481866e-05,-0.2805625084686303,0.39386456217987703,10.219929145280503,false,false,0,anchor_static_dense,12,0,NEUTRAL,
11.078,2.7826568984834505,0.22860643498538724,0.43685610963511196,0.0002666258287830558,-2.145420097036597e-05,-0.28028204739981005,0.3984009024311809,10.219900241989869,false,false,0,anchor_static_dense,12,0,NEUTRAL,
11.178,2.7826754427992126,0.22861509415050252,0.43685367542812,0.00016923712375874152,-2.42996353127779e-05,-0.2769936864169046,0.40389006343109773,10.219881896012874,false,false,0,anchor_static_dense,12,0,NEUTRAL,
11.278,2.7826872135647056,0.22862059041030114,0.43685158910461236,0.00010742096588637686,-2.009968950990456e-05,-0.3232286126617715,0.38833313193543123,10.219870251143783,false,false,0,anchor_static_dense,12,0,NEUTRAL,
11.378,2.7826946849054397,0.22862407907115065,0.4368494609159559,6.818399920582502e-05,-2.1376261852074624e-05,-0.33198424808209104,0.3923743255066946,10.219862859715422,false,false,0,anchor_static_dense,12,0,NEUTRAL,
11.478,2.7826994272420706,0.2286262934414608,0.4368476413126536,4.3278867484932386e-05,-1.5996417565296184e-05,-0.32469606234895737,0.3903777425018843,10.219858168102546,false,false,0,anchor_static_dense,12,0,NEUTRAL,
11.578,2.78270243737811,0.22862769897808238,0.43684639371406875,2.747067336317698e-05,-1.0255006768024921e-05,-0.33607791506841866,0.40279108545403136,10.219855190162884,false,false,0,anchor_static_dense,12,0,NEUTRAL,
11.678,2.782704348022055,0.22862859112127715,0.43684550080385115,1.743663683642114e-05,-7.94773179916314e-06,-0.3429073474607594,0.39786039039769727,10.219853299955215,false,false,0,anchor_static_dense,12,0,NEUTRAL,
11.778,2.7827055607778086,0.22862915739607334,0.43684483461981366,1.1067668423912158e-05,-5.814294750214803e-06,-0.3444461518866793,0.4007981916926639,10.219852100171137,false,false,0,anchor_static_dense,14,0,NEUTRAL,
11.878,2.7827063305582653,0.22862951683085422,0.4368443659836294,7.025052221412434e-06,-3.993932083948519e-06,-0.3352984226505354,0.4000159327713545,10.219851338624277,false,false,0,anchor_static_dense,14,0,NEUTRAL,
11.978,2.7827068191660507,0.2286297449769963,0.4368440238828646,4.459056489887799e-06,-3.0198936843033518e-06,-0.3261621816382771,0.386522514077812,10.21985085524266,false,false,0,anchor_static_dense,14,0,NEUTRAL,
12.078,2.7827071293032493,0.22862988978957005,0.43684381820737855,2.8303255482438038e-06,-1.5926296424864675e-06,-0.3366562627227851,0.3868683006487335,10.219850548422704,false,false,0,anchor_static_dense,14,0,NEUTRAL,
12.178,2.78270732615864,0.2286299817073512,0.43684369599172507,1.7965107029274614e-06,-1.010416212154551e-06,-0.33516607181248276,0.40739141151586133,10.219850353672886,false,false,0,anchor_static_dense,14,0,NEUTRAL,
12.278,2.782707451109932,0.22863004005090107,0.43684360914582493,1.1403107701640648e-06,-7.680851039291122e-07,-0.3467753628791238,0.4023972651026981,10.21985023005808,false,false,0,anchor_static_dense,14,0,NEUTRAL,
12.378,2.78140285756198,0.22802051492173603,0.43790415563427787,-0.048,0.035523116229618894,-0.3603466731331762,0.39624784633794385,10.221140881265049,false,false,0,anchor_static_dense,14,0,REVERSE,
12.478,2.7708051089150856,0.22301513376892626,0.4463499676769713,-0.1590994486548571,0.1134173489458255,-0.37175184333992595,0.38649112245659484,10.231625670913088,false,false,0,anchor_static_dense,14,0,REVERSE,
12.578,2.75205185383056,0.21389883433262252,0.4619178697838597,-0.23677362385844994,0.18072440906066867,-0.47961232300359946,0.3929022547413616,10.250180189533575,false,false,0,anchor_static_dense,14,0,REVERSE,
12.678,2.725916829282178,0.20060827891224509,0.4828861390544561,-0.3254737567280908,0.22499382023759532,-0.5295566430445389,0.382812499683073,10.276041488841672,false,false,0,anchor_static_dense,14,0,REVERSE,
12.778,2.693070647525765,0.1829557659431431,0.5084926523317143,-0.40001780261704,0.273733329152616,-0.5821868944350551,0.3988470104939151,10.30855302596765,false,false,0,anchor_static_dense,16,0,REVERSE,
12.878,2.6546654103050917,0.16094661523067394,0.5381382962125013,-0.46810548356726694,0.31381414042522965,-0.6,0.3957393391363261,10.346586470217707,false,false,0,anchor_static_dense,16,0,REVERSE,
12.978,2.612193720301991,0.13480258890045685,0.5726386750742504,-0.5162817469616269,0.3663253722722516,-0.6,0.3844243376302315,10.388680909649098,false,false,0,anchor_static_dense,16,0,REVERSE,
13.078,2.5676307634822724,0.1050715979928932,0.612444260934539,-0.5468609758664867,0.4163369629700654,-0.6,0.3730784794704655,10.432898347427058,false,false,0,anchor_static_dense,16,0,REVERSE,0.0
13.178,2.5224413094885727,0.07213830007153332,0.656113240074228,-0.5662707261155125,0.4482948867550901,-0.6,0.37670812305830237,10.477807024728445,false,false,0,anchor_static_dense,16,0,REVERSE,0.0
13.278,2.4776052636095938,0.036288802651360856,0.7022161017189924,-0.5785908014811044,0.4682485078026427,-0.6,0.38603758326074766,10.522457311180426,false,false,0,anchor_static_dense,16,0,REVERSE,0.0
13.378,2.4337831886767485,-0.002240480654498901,0.7498270202189008,-0.5864108019997346,0.480553010954395,-0.6,0.3797397004072839,10.566217048861132,false,false,0,anchor_static_dense,16,0,REVERSE,0.0
13.478,2.3914292216778206,-0.043245388081343684,0.7983642694200113,-0.5913744411250411,0.48809330618990804,-0.6,0.37871552536248626,10.608658921949633,false,false,0,anchor_static_dense,16,0,REVERSE,0.0
13.578,2.3508644674016006,-0.08654444889336049,0.8474682055405125,-0.59452504364835,0.49270176873023774,-0.6,0.3665749641425679,10.64948719578948,false,false,0,anchor_static_dense,16,0,REVERSE,0.0
13.678,2.3123240760577755,-0.13197230206435334,0.8969183327034292,-0.5965248458114993,0.49551676726788724,-0.6,0.3752158580655296,10.688490695309905,false,false,0,anchor_static_dense,16,0,REVERSE,0.0
13.778,2.275987120387684,-0.17937465116169815,0.9465799856911451,-0.5977941930751258,0.49723737907286086,-0.6,0.3948831217147316,10.72551292515049,false,false,0,anchor_static_dense,18,0,REVERSE,0.0
13.878,2.241995385641165,-0.22860434432206697,0.9963710215832328,-0.5985998940116317,0.4982904828529093,-0.6,0.38235121760601976,10.760433226818003,false,false,0,anchor_static_dense,18,0,REVERSE,0.0
13.978,2.2104650887474997,-0.2795184060034202,1.046241321345174,-0.5991113017388063,0.4989361489144821,-0.6,0.3973453685590099,10.793154966942298,false,false,0,anchor_static_dense,18,0,REVERSE,0.0
14.078,2.1814941262028364,-0.3319758750290653,1.0961602701323412,-0.5994359108481715,0.4993327704709509,-0.6,0.4190734640290461,10.823598168954032,false,false,0,anchor_static_dense,18,0,REVERSE,0.0
14.178,2.1551665147958676,-0.3858363001817473,1.1461091365124703,-0.5996419520718053,0.4995768939839943,-0.5898995606514589,0.43573249203209585,10.851694935462511,false,false,0,anchor_static_dense,18,0,REVERSE,0.0
14.278,2.131643183393866,-0.4407412027510162,1.1958808685366686,-0.596083411293524,0.49665353040810567,-0.5728763141426588,0.4429288124748524,10.877289768176235,false,false,0,anchor_static_dense,18,0,REVERSE,0.0
14.378,2.1111443929334253,-0.495991644312743,1.244987770389741,-0.5809694858034123,0.4840838100949146,-0.4964980312060046,0.445124509148962,10.90014606061649,false,false,0,anchor_static_dense,18,0,REVERSE,0.0
14.478,2.0941768512590193,-0.5494945312521038,1.2917612840297756,-0.5501151397998398,0.458387467036139,-0.42150471315868104,0.4573908935454869,10.919657631605974,false,false,0,anchor_static_dense,18,0,REVERSE,0.0
14.578,2.0805860546468504,-0.6002736641753412,1.3355665125312548,-0.5076685943725473,0.42302522380077107,-0.35786768491455606,0.47220056160960433,10.935900940566137,false,false,0,anchor_static_dense,18,0,REVERSE,0.0
14.678,2.0703171223111902,-0.6462998281261989,1.3748644304925428,-0.44671190338552247,0.3722351742669462,-0.2860618645965837,0.4943927579957121,10.948774875513694,false,false,0,anchor_static_dense,18,0,REVERSE,0.0
14.778,2.0629234580281155,-0.6863964165148557,1.4088410447934547,-0.37986830652917825,0.31653751804286995,-0.19211415822156072,0.5006108499201452,10.958594039636475,false,false,0,anchor_static_dense,20,0,REVERSE,
14.878,2.057920133073548,-0.7193068525733114,1.436394795825393,-0.2945939712180306,0.23618141882752308,0.06384306742278982,0.5168872689911183,10.965697158063236,false,false,0,anchor_static_dense,20,0,REVERSE,
14.978,2.055040380249497,-0.7417357013125145,1.4525835456380893,-0.18698952233232918,0.12176256970920672,0.11753034233162289,0.5174915058532092,10.97006439947235,false,false,0,anchor_static_dense,20,0,REVERSE,
15.078,2.053396300701019,-0.7559946316726963,1.4607816979619563,-0.11868905978457646,0.06059191810775652,0.16655590283077168,0.5232084517460823,10.972677906173319,false,false,0,anchor_static_dense,20,0,REVERSE,
15.178,2.052411138556494,-0.7650518579315359,1.4647430505694976,-0.07533626877505108,0.028412055630726334,0.270234196802428,0.5346804186173945,10.97428841540655,false,false,0,anchor_static_dense,20,0,REVERSE,
15.278,2.051803351906285,-0.7708026925641324,1.4665039033091656,-0.0478186734585985,0.011902287408383533,0.2925324824285074,0.5307059782424379,10.975297109244677,false,false,0,anchor_static_dense,20,0,REVERSE,
15.378,2.051422308545402,-0.7744534551527303,1.4671582251000483,-0.03035225354958551,0.0037623628835290724,0.28595967567174146,0.5319424991589546,10.975934202609603,false,false,0,anchor_static_dense,20,0,REVERSE,
15.478,2.0511814456355766,-0.7767708312436818,1.467291074657016,-0.019265680724831362,0.00032265114419039636,0.33195406999886834,0.5276252525725771,10.976338217304788,false,false,0,anchor_static_dense,20,0,REVERSE,
15.578,2.0510286534509237,-0.778241763834692,1.467288090316782,-0.012228629191726273,-0.0001713828231523943,0.32434523791458253,0.5370674214983434,10.976594817634895,false,false,0,anchor_static_dense,20,0,REVERSE,
15.678,2.0509316572959917,-0.7791754169289286,1.4672609192656405,-0.007761956301704926,-0.0002855377597809538,0.33862191237394457,0.5291711384982477,10.9767578047231,false,false,0,anchor_static_dense,20,0,NEUTRAL,
15.778,2.0508700741641825,-0.7797680388735341,1.4672368496522898,-0.004926796346915138,-0.00021040723640842552,0.3421424215207082,0.5255464890980241,10.976861314933434,false,false,0,anchor_static_dense,22,0,NEUTRAL,
15.878,2.0508309772487068,-0.7801441967876898,1.467221210854899,-0.003127217070088976,-0.00014390809205331193,0.3161733396356913,0.534565656544671,10.976927040686663,false,false,0,anchor_static_dense,22,0,NEUTRAL,
15.978,2.050806157452313,-0.7803829575450045,1.4672065194359298,-0.001984958564317197,-0.0001397338073515076,0.3101699927145839,0.5326255354166619,10.976968769296505,false,false,0,anchor_static_dense,22,0,NEUTRAL,
16.078,2.0507904013257927,-0.7805345074749962,1.4671946937068319,-0.0012599254908595404,-0.00010360223380208493,0.3131669379197962,0.5309592759730828,10.976995260683072,false,false,0,anchor_static_dense,22,0,NEUTRAL,
16.178,2.050780399356317,-0.780630701632734,1.4671874638440774,-0.0007997205941997613,-5.596436947088551e-05,0.3154030232911585,0.5346843759700779,10.977012077767402,false,false,0,anchor_static_dense,22,0,NEUTRAL,
16.278,2.050774050380865,-0.7806917595303856,1.4671833834552348,-0.0005076117861151508,-3.2637234272664886e-05,0.3141715523500175,0.5352216416436308,10.977022752969573,false,false,0,anchor_static_dense,22,0,NEUTRAL,
16.378,2.050770020322844,-0.7807305151879549,1.4671809487670768,-0.00032219968733061106,-1.9759470534786995e-05,0.3162539565352478,0.5227086758323963,10.977029529212658,false,false,0,anchor_static_dense,22,0,NEUTRAL,
16.478,2.050767462247415,-0.7807551148099682,1.4671794116466823,-0.00020451187571991056,-1.281818223550717e-05,0.31663140461012446,0.5348740153152083,10.977033830460844,false,false,0,anchor_static_dense,22,0,NEUTRAL,
16.578,2.0507658385230445,-0.7807707290837961,1.4671783966237686,-0.00012981113562521597,-8.557624299152497e-06,0.31711139041587894,0.5175745351233814,10.977036560668276,false,false,0,anchor_static_dense,22,0,NEUTRAL,
16.678,2.0507648078772984,-0.7807806400311397,1.46717771425775,-8.239585536532081e-05,-5.777199757621585e-06,0.31633861596643836,0.5297252265777319,10.977038293650327,false,false,0,anchor_static_dense,22,0,NEUTRAL,
16.778,2.050764153685171,-0.7807869308699762,1.467177256330169,-5.229965017010513e-05,-3.87285973021927e-06,0.316342346215711,0.5351696353875406,10.977039393645398,false,false,0,anchor_static_dense,24,0,NEUTRAL,
16.878,2.050763738444014,-0.7807909238943262,1.467176947277768,-3.3196492660802025e-05,-2.775296568938845e-06,0.3010888904637851,0.5321242516824471,10.977040091855738,false,false,0,anchor_static_dense,24,0,NEUTRAL,
16.978,2.050763474874608,-0.780793458412228,1.4671766934569415,-2.1071022872894824e-05,-2.3633129676353793e-06,0.30114794917771,0.5261280022287816,10.977040535036723,false,false,0,anchor_static_dense,24,0,NEUTRAL,
17.078,2.050763307577125,-0.780795067163005,1.467176486285171,-1.3374545601750026e-05,-1.849432572185943e-06,0.3009250524222589,0.5288052813865151,10.977040816340509,false,false,0,anchor_static_dense,24,0,NEUTRAL,
17.178,2.050763201387128,-0.780796088295692,1.467176330963544,-8.489311180208308e-06,-1.3550415350796172e-06,0.30129327061309197,0.5338515932292353,10.977040994894574,false,false,0,anchor_static_dense,24,0,NEUTRAL,
17.278,2.0507631339843804,-0.7807967364457878,1.467176221539376,-5.388474977795117e-06,-9.348555322967778e-07,0.3014390411897255,0.5291321257137773,10.977041108229482,false,false,0,anchor_static_dense,24,0,NEUTRAL,
17.378,2.050763091201362,-0.7807971478502546,1.4671761474780394,-3.4202613109549866e-06,-6.251038062989367e-07,0.3016414857264041,0.5348846938007639,10.977041180167335,false,false,0,anchor_static_dense,24,0,NEUTRAL,
17.478,2.0507630640454053,-0.7807974089836507,1.4671760985324163,-2.1709644163555617e-06,-4.101018437477396e-07,0.3016355158608785,0.5236588202143163,10.977041225828932,false,false,0,anchor_static_dense,24,0,NEUTRAL,
17.578,2.0507630468085236,-0.7807975747345267,1.4671760666394025,-1.3779901792843081e-06,-2.659097621529529e-07,0.30179227862945057,0.5123541288215254,10.977041254812022,false,false,0,anchor_static_dense,24,0,NEUTRAL,
17.678,2.050763037677054,-0.7807976625432625,1.4671760494285975,0.0,0.0,0.3019475086963979,0.5275543587066139,10.977041270166202,false,false,0,anchor_static_dense,24,0,NEUTRAL,
17.778,2.0514647752455755,-0.77401581042287,1.4685303328050032,0.1086171721251225,0.021640913004101568,0.301928232051414,0.5329066769935097,10.975860970442044,false,false,0,anchor_static_dense,26,0,FORWARD,
17.878,2.0530135221404175,-0.7587399919176017,1.4716131988936432,0.1792266621322495,0.036117744399638996,0.38052736835756157,0.5311839513618086,10.973249259985652,false,false,0,anchor_static_dense,26,0,FORWARD,
17.978,2.0552083929241154,-0.7362460855736624,1.4765068358425957,0.2527544789579573,0.056618823724943965,0.4320476404780489,0.5327846618659566,10.969526955199175,false,false,0,anchor_static_dense,26,0,FORWARD,
18.078,2.0578997833180837,-0.7069273145363402,1.483499062611021,0.31824374119430443,0.07779160228123748,0.5923309725582436,0.5268714434292272,10.964912374476507,false,false,0,anchor_static_dense,26,0,FORWARD,
18.178,2.0610630863555675,-0.6688016754359544,1.4956682326073905,0.4215014820947507,0.15130224076308776,0.6285068432353988,0.5274548504601186,10.95936295966872,false,false,0,anchor_static_dense,26,0,FORWARD,
18.278,2.0642405316278953,-0.6219491378990432,1.5149050159575053,0.4971130016035441,0.21696928672547933,0.6793377390592332,0.5247177141937136,10.953431237754838,false,false,0,anchor_static_dense,26,0,FORWARD,
18.378,2.066711292111841,-0.5680610497359387,1.540774610458979,0.5636730617642761,0.28331555079169796,0.7301127168753522,0.5217543223881242,10.948036140160566,false,false,0,anchor_static_dense,26,0,FORWARD,
18.478,2.0677603135301275,-0.5078373256152353,1.5728042596288958,0.6244674062204921,0.3418442058256821,0.8487565101539949,0.5239828120870254,10.944028660037167,false,false,0,anchor_static_dense,26,0,FORWARD,
18.578,2.066573822458248,-0.4401927376180098,1.6123825535908374,0.7063920475159187,0.4274364122887553,0.83171625649811,0.5190148508040839,10.942283930971945,false,false,0,anchor_static_dense,26,0,FORWARD,
18.678,2.0621592530944772,-0.36678000187694637,1.659270963478056,0.7521684168822305,0.49279893921818485,0.853348250412508,0.5284601606935739,10.943988659279743,false,false,0,anchor_static_dense,26,0,FORWARD,
18.778,2.053695297080033,-0.2896834917798476,1.712014410432981,0.7891257252085256,0.5472874322625311,1.1274648040995157,0.5261104430592558,10.950137130400586,false,false,0,anchor_static_dense,28,0,FORWARD,
18.878,2.039616494022155,-0.20487523912575026,1.7700345962261337,0.9033595145666504,0.6122664754890133,1.1039398080053375,0.5353390273697967,10.96229813778653,false,false,0,anchor_static_dense,28,0,FORWARD,
18.978,2.0183471331231204,-0.11230685166252685,1.8374581262695442,0.9766241908380744,0.7101253659480827,1.1404636168643345,0.5482060273688212,10.982227120102534,false,false,0,anchor_static_dense,28,0,FORWARD,
19.078,1.9887835985367008,-0.015486317512967657,1.912022606484201,1.0257559081869185,0.7635514189000855,1.0171846016416835,0.5611944652518717,11.011227291536784,false,false,0,anchor_static_dense,28,0,FORWARD,
19.178,1.9515675831197463,0.07985965494958068,1.9897498415583579,1.0226251220638454,0.7848377486451957,1.0053856649865627,0.5599543679383242,11.04872103163344,false,false,0,anchor_static_dense,28,0,FORWARD,
19.278,1.9072726414165957,0.17155914468243785,2.0669384862898923,1.0163237689615428,0.7589393341520848,1.0053349479433322,0.5475892918695254,11.094053938573985,false,false,0,anchor_static_dense,28,0,FORWARD,
19.378,1.856406856006582,0.25922617635342093,2.1402510645279724,1.012309952844807,0.718952537221054,1.09225195469533,0.673704677260333,11.146607841373262,false,false,0,anchor_static_dense,28,0,FORWARD,
19.478,1.7984334994266482,0.3444456536074574,2.208647718444777,1.0415098547178117,0.6646823806635064,0.9715005379700169,0.8228397595741064,11.206861062539152,false,false,0,anchor_static_dense,28,0,FORWARD,
19.578,1.7353183639591763,0.42521867101299876,2.271489969510876,1.015938000974968,0.6085344592348201,0.9153682452467343,0.8974034546236693,11.272704346319628,false,false,0,anchor_static_dense,28,0,FORWARD,
19.678,1.669617536998546,0.4996011069635207,2.3275179867709275,0.9792035318513722,0.5340036047240799,0.9608814003543777,0.9796225600253642,11.34139180277139,false,false,0,anchor_static_dense,28,0,FORWARD,
19.778,1.6012899766802011,0.5691330866490321,2.376013659729522,0.9725111244881329,0.4582031785621853,0.8361999028051368,1.1184611766403452,11.412909474189739,false,false,0,anchor_static_dense,30,0,FORWARD,
19.878,1.5323894641321867,0.633189290727711,2.4163560140454816,0.9227215995175767,0.373879810632131,0.783549266321144,1.2010369794138023,11.485078148634372,false,false,0,anchor_static_dense,30,0,FORWARD,
19.978,1.4650531924376446,0.6913154966151048,2.447612346408227,0.8678820961520062,0.2718325152116738,0.7374623667925614,1.3221805303259009,11.555644290525438,false,false,0,anchor_static_dense,30,0,FORWARD,
20.078,1.400065631879882,0.744385506996609,2.4690321480485724,0.8276396854438538,0.17795534342130523,0.8225627998702182,1.3896346307334375,11.623794007453888,false,false,0,anchor_static_dense,30,0,FORWARD,
20.178,1.3351324323377023,0.795512259566196,2.4813441596964276,0.8257852840385972,0.0927619486987715,0.7674667649062132,1.4964713209576208,11.691961987888083,false,false,0,anchor_static_dense,30,0,FORWARD,
20.278,1.2708969103143444,0.8451685439207519,2.4850927335006094,0.8028658286466649,0.002603611266756489,0.7488495314570526,1.5338121772573945,11.759513984689448,false,false,0,anchor_static_dense,30,0,FORWARD,
20.378,1.2085956280460028,0.8933101331035842,2.479904256239103,0.7682809525692134,-0.08535972902520453,0.577908077225531,1.6573484000044494,11.82519429256202,false,false,0,anchor_static_dense,30,0,FORWARD,
20.478,1.1516792881875277,0.9380627513903597,2.4665214728759257,0.6987446743845446,-0.16477118654662565,0.5590193983148855,1.7086538427776892,11.885397150096015,false,false,0,anchor_static_dense,30,0,FORWARD,
20.578,1.0999854752613476,0.980096194382357,2.4457717546477267,0.6477081196827831,-0.2355188056887987,0.5890134672984579,1.8084847736334981,11.940307124996144,false,false,0,anchor_static_dense,30,0,FORWARD,
20.678,1.0517248345510697,1.021274319231149,2.417699722776862,0.6280613172565,-0.3117472224506043,0.6096375324920487,1.8430236793097925,11.991842254816595,false,false,0,anchor_static_dense,30,0,FORWARD,
20.778,1.0055627380458112,1.0632229563509832,2.3819065618248927,0.6213317796567632,-0.38481053015875866,0.6489721261960573,1.9451873423194224,12.041468693056792,false,false,0,anchor_static_dense,32,0,FORWARD,
20.878,0.9607712322797664,1.1071994918295127,2.339553854555041,0.6314277916154373,-0.44547688289826415,0.7676544617929187,1.9776645828976398,12.090033913774187,false,false,0,anchor_static_dense,32,0,FORWARD,
20.978,0.9155488171793515,1.1557980584534626,2.2906297526221184,0.6852859369063318,-0.5159791999964587,0.8148298092830352,2.040062664410047,12.139597585665689,false,false,0,anchor_static_dense,32,0,FORWARD,
21.078,0.8694542822008027,1.210754292354044,2.235565983689157,0.7424705989138347,-0.5749602807090137,0.9283750867204738,2.0974087004537845,12.19081889653317,false,false,0,anchor_static_dense,32,0,FORWARD,
21.178,0.8225203730578511,1.273748100395613,2.174347206887847,0.8103747378651605,-0.6335283407494153,0.9670957935989004,2.1380063690805233,12.24391458185872,false,false,0,anchor_static_dense,32,0,FORWARD,
21.278,0.7762349805239801,1.344861020166475,2.1078638234223153,0.8768382374934914,-0.689030829101858,1.0731841891432201,2.2417323393212807,12.297523426077658,false,false,0,anchor_static_dense,32,0,FORWARD,
21.378,0.7313791770843165,1.4254454676499229,2.034827422256062,0.9485562629196496,-0.7540599718360401,1.1070734075369164,2.290622549589279,12.351151836072779,false,false,0,anchor_static_dense,32,0,FORWARD,
21.478,0.6900377240691533,1.514962584654524,1.9563322704882067,1.0108034404327335,-0.8049812133120537,1.1570926645993607,2.4016848972253624,12.40283366282656,false,false,0,anchor_static_dense,32,0,FORWARD,
21.578,0.654001856933845,1.6130008188127507,1.8730742216465779,1.0642375663222836,-0.8483606157725879,1.1726212772823421,2.467989131817203,12.450921322941669,false,false,0,anchor_static_dense,32,0,FORWARD,
21.678,0.6252425984518947,1.7180442109881913,1.7851520967530197,1.103826188716096,-0.8968256129598028,1.1602681087339408,2.5529091932341723,12.493450150301944,false,false,0,anchor_static_dense,32,0,FORWARD,
21.778,0.6054860101567819,1.82793963235648,1.693766464631276,1.1244423665437002,-0.9235213528900027,1.1734902396717128,2.581509215612299,12.52858093895549,false,false,0,anchor_static_dense,34,0,FORWARD,
21.878,0.5957842144528475,1.9410687732523546,1.6001048964745046,1.1423577683258008,-0.9440546946285054,0.13536953568301394,2.8045340407517396,12.555170936188507,false,false,0,anchor_static_dense,34,0,FORWARD,
21.978,0.5962695892940677,2.045672576195889,1.5158379585683366,0.9823577683258007,-0.7791843352891654,0.34123067046583866,2.8683412290073194,12.57128889137749,false,false,0,anchor_static_dense,34,0,FORWARD,
22.078,0.6035068465547044,2.1339961719006637,1.4501333530865301,0.8223577683258005,-0.5849711139112641,0.5259953123690271,3.029759282177019,12.578830715336888,false,false,0,anchor_static_dense,34,0,FORWARD,
22.178,0.6141139630597117,2.208586196571286,1.3994851624825004,0.7141073563713765,-0.4640304667792505,0.5247405517968629,3.0698975679210236,12.581256928771372,false,false,0,anchor_static_dense,34,0,FORWARD,
22.278,0.6265830484051244,2.2744092464311074,1.3615713405770766,0.6443294548758328,-0.32812295216486487,0.5177312382932051,3.1603658241873798,12.580714784075933,false,false,0,anchor_static_dense,34,0,FORWARD,
22.378,0.6400279931937286,2.334410373737406,1.3351334827983918,0.5980877369310885,-0.22613309836932446,0.5986287734147953,3.18326408991041,12.578488772585024,false,false,0,anchor_static_dense,34,0,FORWARD,
22.478,0.6545102571421807,2.392705209197402,1.317077797647795,0.6106019002788563,-0.15254726017440268,0.7403623055834958,3.2257151754417492,12.575219887108453,false,false,0,anchor_static_dense,34,0,FORWARD,
22.578,0.6708627760520541,2.454472278981115,1.3059540577581394,0.6489819163942144,-0.08103524490344602,0.6366015630293602,3.2721333520909845,12.571080258085445,false,false,0,anchor_static_dense,34,0,FORWARD,
22.678,0.6878966385944417,2.5167968798941827,1.3026380455227111,0.6444598241893831,-0.002485336947175218,0.6575347762721884,3.2980876119651867,12.566708229149715,false,false,0,anchor_static_dense,34,0,FORWARD,
22.778,0.7050146769973461,2.579358111598509,1.306505775430458,0.654789840060374,0.06079146328835906,0.7214502864285453,3.3603524120313475,12.562633177830186,false,false,0,anchor_static_dense,36,0,FORWARD,
22.878,0.7223107548726236,2.644059326220717,1.3150359164693963,0.6763977066641953,0.10694508465457515,0.6899107082594238,3.3442941440028173,12.559168082340932,false,false,0,anchor_static_dense,36,0,FORWARD,
22.978,0.7391335780141179,2.709897245776684,1.3304157213279912,0.6813335140177341,0.18063733012371466,0.6479394947946617,3.404288492975808,12.556766641952416,false,false,0,anchor_static_dense,36,0,FORWARD,
23.078,0.7546218660769044,2.7754483611400484,1.3525754070558271,0.6691358949703377,0.2440826637470049,0.6941928512746294,3.440618321987101,12.555970661327496,false,false,0,anchor_static_dense,36,0,FORWARD,
23.178,0.7685104127851408,2.841497723602946,1.3811507558581582,0.6782882885605002,0.3092426386683153,0.5958991448148113,3.498152369564104,12.55720696792827,false,false,0,anchor_static_dense,36,0,FORWARD,
23.278,0.7800662454832697,2.9063878249689177,1.4162502882238217,0.6481945348755058,0.37502454144958397,0.6060963703445839,3.5031789260492263,12.5608069467652,false,false,0,anchor_static_dense,36,0,FORWARD,
23.378,0.7888948538868398,2.969700656767674,1.4575010201778027,0.6372445648880753,0.43521669936856966,0.6570399012435805,3.53520632549269,12.567028721230713,false,false,0,anchor_static_dense,36,0,FORWARD,
23.478,0.7949809178207806,3.0335407974817588,1.5038842933061805,0.6420014856532397,0.4786943545342052,0.6285748256468267,3.5487068072307766,12.576361181452494,false,false,0,anchor_static_dense,36,0,FORWARD,
23.578,0.7980084172382077,3.097304849480308,1.552997624538158,0.6347913916626998,0.49672353902417904,0.6020403828266112,3.5571675923925357,12.588959286470182,false,false,0,anchor_static_dense,36,0,FORWARD,
23.678,0.7978806453791227,3.159906035482956,1.6028504023097292,0.6173044499876902,0.4962999345356022,0.5384703432602905,3.5905328965019034,12.604631009969907,false,false,0,anchor_static_dense,36,0,FORWARD,
23.778,0.7948004694826016,3.219719470066774,1.6514843752122055,0.5885092218547963,0.48046801826978636,0.46063778733170024,3.703029069606424,12.622736987106606,false,false,0,anchor_static_dense,38,0,FORWARD,
23.878,0.7892775755691976,3.2753203520777654,1.6973607644201252,0.5418024437656469,0.4462222655519154,0.5486992703276875,3.7219463778139685,12.642367876914202,false,false,0,anchor_static_dense,38,0,FORWARD,
23.978,0.7814641561712738,3.32902158770024,1.7422020302537513,0.540847499983737,0.447668489936503,0.508720766463455,3.8239494731836143,12.663925256345347,false,false,0,anchor_static_dense,38,0,FORWARD,
24.078,0.7714513174950699,3.3813477873154225,1.7863837581991722,0.526193750076149,0.43678784962480555,0.4751298776858207,3.869592522167324,12.687431408255021,false,false,0,anchor_static_dense,38,0,FORWARD,
24.178,0.7595926640911966,3.4313908128767703,1.8291224503679089,0.5075419771840812,0.42199685883066457,0.4085196786042054,3.908455687101486,12.712278106604856,false,false,0,anchor_static_dense,38,0,FORWARD,
24.278,0.7464621114326266,3.4780273985711045,1.8694330051326176,0.47137273780003114,0.3922926381410039,0.34237769272959107,3.9865895538738605,12.737576903468236,false,false,0,anchor_static_dense,38,0,FORWARD,
24.378,0.7328577758959868,3.520015543833074,1.9061800483201232,0.42425554569864243,0.353270584799119,0.20201579054155527,4.0353208445781465,12.7621819363,false,false,0,anchor_static_dense,38,0,FORWARD,
24.478,0.7202830829613058,3.5547156725365276,1.9367144030958996,0.3255244293783961,0.2608560612765004,-0.17009592366936044,4.074971219539803,12.783874650323474,false,false,0,anchor_static_dense,38,0,FORWARD,
24.578,0.7111699801014889,3.577981684087465,1.9545938372229419,0.20662221058122177,0.13447452347498,-0.13300760129467998,4.102311178929163,12.799113101681078,false,false,0,anchor_static_dense,38,0,FORWARD,
24.678,0.7051756710832427,3.5926657112043507,1.963647381960677,0.13115064201784948,0.06691045544785203,-0.14389605531141128,4.1611400056093455,12.808979357910873,false,false,0,anchor_static_dense,38,0,FORWARD,
24.778,0.7013045645213402,3.6019588882822626,1.9680214217876757,0.08324608885612862,0.03136893882737935,-0.24584147698322548,4.158257266566758,12.815304024779874,false,false,0,anchor_static_dense,40,0,FORWARD,
24.878,0.6988275863114827,3.607849305021378,1.969965180267966,0.05283932433132358,0.013135853083250982,-0.28615017939913884,4.167343138119153,12.819337711404385,false,false,0,anchor_static_dense,40,0,FORWARD,
24.978,0.6972500000807661,3.6115859101313066,1.9706869806762637,0.03353904350528843,0.004147364844590784,-0.3049427243735561,4.183813093563489,12.821903538350758,false,false,0,anchor_static_dense,40,0,FORWARD,
25.078,0.6962475211584214,3.6139571932087633,1.970826143149197,0.02128845236922909,6.719067532651888e-06,-0.3142694299740575,4.195806501766614,12.823533508941507,false,false,0,anchor_static_dense,40,0,FORWARD,
25.178,0.6956111662071297,3.6154623138847937,1.9707131383054235,0.013512556021625228,-0.001662348658328536,-0.3166857940465216,4.1792478546108525,12.824568309159098,false,false,0,anchor_static_dense,40,0,FORWARD,
25.278,0.6952073949892646,3.6164177306942604,1.970512689126124,0.008576911419896336,-0.0021266646052518763,-0.3189013057277852,4.198841093441419,12.825225076200677,false,false,0,anchor_static_dense,40,0,NEUTRAL,
25.378,0.6949512327849048,3.6170242218111737,1.9703020887579024,0.005444078040233008,-0.0020478048178616103,-0.32059472264951333,4.198988436123304,12.825641870281208,false,false,0,anchor_static_dense,40,0,NEUTRAL,
25.478,0.6947887158119184,3.6174092169604886,1.970113700293396,0.0034555545996889266,-0.0017605345635735203,-0.3218014997062035,4.208428858181409,12.825906369199036,false,false,0,anchor_static_dense,40,0,NEUTRAL,
25.578,0.6946856035778036,3.6176536056375013,1.9699586253167747,0.002193366352059168,-0.001398069450890141,-0.3226345721345521,4.1840085967983525,12.826074224219091,false,false,0,anchor_static_dense,40,0,NEUTRAL,
25.678,0.6946201763471641,3.617808737252421,1.9698430186718607,0.0013922095037301452,-0.0010003799472281505,-0.3232070366433476,4.191669462582044,12.826180751248684,false,false,0,anchor_static_dense,40,0,NEUTRAL,
25.778,0.6945786573454917,3.6179072091738282,1.9697631057328882,0.0008836860748122992,-0.0006774545932749121,-0.32360825322751896,4.200147150417737,12.82624836007977,false,false,0,anchor_static_dense,42,0,NEUTRAL,
25.878,0.6945523080665232,3.6179697147197722,1.9697099423329192,0.0005609077345937526,-0.0004457819044898102,-0.31838408146035596,4.207440374752454,12.826291270493602,false,false,0,anchor_static_dense,42,0,NEUTRAL,
25.978,0.6945355850396042,3.6180093900333685,1.9696752954468524,0.0003560285668119445,-0.000288767575164327,-0.3185509619656181,4.197058199306897,12.826318505877913,false,false,0,anchor_static_dense,42,0,NEUTRAL,
26.078,0.6945249710750915,3.6180345737158284,1.9696529722899776,0.00022598429753865445,-0.00018542315087420892,-0.31866621547789387,4.1694331153835575,12.82633579258307,false,false,0,anchor_static_dense,42,0,NEUTRAL,
26.178,0.6945182343111428,3.6180505588451615,1.9696386816000921,0.00014344046375642066,-0.00011847432958762484,-0.3187403331215777,4.200305937191419,12.826346764845425,false,false,0,anchor_static_dense,42,0,NEUTRAL,
26.278,0.6945139583658423,3.6180607052412204,1.9696295664432861,9.104688629588373e-05,-7.548451145648209e-05,-0.3187882522429094,4.18774032439845,12.826353729242918,false,false,0,anchor_static_dense,42,0,NEUTRAL,
26.378,0.6945112443178489,3.6180671455494813,1.9696237645466699,5.779077456311225e-05,-4.8016531273613416e-05,-0.31881801539420807,4.184175012966565,12.826358149760376,false,false,0,anchor_static_dense,42,0,NEUTRAL,
26.478,0.6945095216330234,3.618071233456229,1.9696200759751081,3.6681909293975e-05,-3.0515658704199237e-05,-0.3188371355325619,4.188111303707532,12.826360955607939,false,false,0,anchor_static_dense,42,0,NEUTRAL,
26.578,0.6945084281904073,3.618073828202967,1.969617732555761,2.3283343745149926e-05,-1.9383178500564174e-05,-0.3188498894747532,4.196974275967054,12.826362736575176,false,false,0,anchor_static_dense,42,0,NEUTRAL,
26.678,0.6945077341458553,3.6180754751846096,1.9696162443193965,1.4778786229752071e-05,-1.2308228491707942e-05,-0.31885718285667597,4.205595968624524,12.82636386701736,false,false,0,anchor_static_dense,42,0,NEUTRAL,
26.778,0.6945072936118315,3.6180765205843994,1.9696152993964544,9.380633847756776e-06,-7.814309039123085e-06,-0.31886201418684973,4.1947202667202275,12.826364584549143,false,false,0,anchor_static_dense,44,0,NEUTRAL,
26.878,0.6945070139893786,3.618077184137944,1.9696146995156023,5.954229935915131e-06,-4.960692375897864e-06,-0.3136458987501259,4.210704801937513,12.826365039992279,false,false,0,anchor_static_dense,44,0,NEUTRAL,
26.978,0.6945068365030401,3.6180776053196357,1.9696143187115562,3.7793665870697936e-06,-3.14897461279582e-06,-0.313646608094468,4.193385122677259,12.826365329078456,false,false,0,anchor_static_dense,44,0,NEUTRAL,
27.078,0.6945067238460841,3.6180778726590317,1.9696140769875856,2.3989016133392353e-06,-1.9988571851785584e-06,-0.3136475783822948,4.189235208889417,12.826365512571915,false,false,0,anchor_static_dense,44,0,NEUTRAL,
27.178,0.6945066523386465,3.618078042349097,1.9696139235515617,1.5226702194410106e-06,-1.2687796153581858e-06,-0.31364928955209104,4.192874430080823,12.826365629041865,false,false,0,anchor_static_dense,44,0,NEUTRAL,
27.278,0.6945066069502855,3.618078150057567,1.969613826158302,9.66494242315e-07,-8.053523430168478e-07,-0.3136492077774653,4.204695006892686,12.826365702969573,false,false,0,anchor_static_dense,44,0,NEUTRAL,
27.378,0.6963396538725768,3.613744953228149,1.973534365718346,-0.09216340583739265,0.07679780280747255,-0.3136492104098111,4.198853491207532,12.823385297956632,false,false,0,anchor_static_dense,44,0,REVERSE,
27.478,0.7020707234031197,3.600469185441321,1.985583665052767,-0.17789116664500826,0.14823362944150115,-0.3691969947998433,4.173131396032149,12.814150102425488,false,false,0,anchor_static_dense,44,0,REVERSE,
27.578,0.7112159570745672,3.5801114914107472,2.0041807303395416,-0.2519112754156228,0.2099138812697961,-0.41687353163577023,4.157023184968739,12.7996645090639,false,false,0,anchor_static_dense,44,0,REVERSE,
27.678,0.7236952975206541,3.553814078862392,2.0284367357595765,-0.31637239789710314,0.2636287817373681,-0.4652792014509742,4.165495589588767,12.780346304198375,false,false,0,anchor_static_dense,44,0,REVERSE,
27.778,0.7396284848551166,3.522398842033738,2.0577900390994817,-0.37717263578715243,0.3142930706304844,-0.5390428195796009,4.1088324992818945,12.756331890153088,false,false,0,anchor_static_dense,46,0,REVERSE,
27.878,0.7595432888373023,3.4860154761455235,2.092353976941668,-0.43629791878597696,0.3635615915449302,-0.5805519963143974,4.0784832634304955,12.727178964632108,false,false,0,anchor_static_dense,46,0,REVERSE,
27.978,0.7835847005316743,3.44565375213434,2.1315036279728936,-0.48898867972647403,0.4074682640419935,-0.6,4.0230437637136935,12.693042682851155,false,false,0,anchor_static_dense,46,0,REVERSE,
28.078,0.8117021780948269,3.4025367112513107,2.1744001971227,-0.5295370721077495,0.44125681701447766,-0.6,4.011612439028262,12.654321786127904,false,false,0,anchor_static_dense,46,0,REVERSE,
28.178,0.8434988751637396,3.3581668775944147,2.2198903989338796,-0.5552746134816257,0.4627036432981924,-0.6,3.950848962109241,12.611812097233193,false,false,0,anchor_static_dense,46,0,REVERSE,
28.278,0.8785319594540683,3.313760506776387,2.267026873837008,-0.5716111683256071,0.4763167243453923,-0.6,3.908648020769478,12.566264208357522,false,false,0,anchor_static_dense,46,0,REVERSE,
28.378,0.9164587646550798,3.270123482976787,2.3152082981422737,-0.5819805746450974,0.4849574417913775,-0.6,3.846308102035356,12.518213785528559,false,false,0,anchor_static_dense,46,0,REVERSE,
28.478,0.95700478736348,3.227799767692217,2.364052989812701,-0.5885624144788674,0.4904420191644822,-0.6,3.754797036936526,12.468056184983288,false,false,0,anchor_static_dense,46,0,REVERSE,
28.578,0.9999425556737568,3.1871662065173845,2.4133186813814334,-0.5927401479249931,0.49392327971349265,-0.6,3.7251407508436056,12.41609467969281,false,false,0,anchor_static_dense,46,0,REVERSE,
28.678,1.0450768140420696,3.148492651978153,2.462851596883421,-0.5953919074918739,0.4961329622848143,-0.6,3.6183819818608036,12.362572319776937,false,false,0,anchor_static_dense,46,0,REVERSE,
28.778,1.0922339116404987,3.111979857510379,2.51255412912669,-0.5970750758632464,0.49753552811622237,-0.6,3.5868545126130553,12.307693197696914,false,false,0,anchor_static_dense,48,0,REVERSE,
28.878,1.1412542075547896,3.077783223393662,2.5623643232802804,-0.598143444127765,0.4984257876282019,-0.6,3.476677993010044,12.251636680053831,false,false,0,anchor_static_dense,48,0,REVERSE,
28.978,1.1919867010248055,3.046027589909314,2.612242854361859,-0.5988215763740949,0.49899086770357753,-0.6,3.453843502158067,12.194566911016716,false,false,0,anchor_static_dense,48,0,REVERSE,
29.078,1.2442853052617304,3.016816394316359,2.6621647613760673,-0.5992520116076984,0.49934954457266445,-0.6,3.3408361650320706,12.13663912049383,false,false,0,anchor_static_dense,48,0,REVERSE,
29.178,1.2980063243184454,2.990237296815229,2.712114200671915,-0.5995252245264615,0.4995772098242341,-0.6,3.3457495150734404,12.078003770365198,false,false,0,anchor_static_dense,48,0,REVERSE,
29.278,1.353006799800637,2.9663656053087237,2.762044740524344,-0.5996986427161255,0.4979029580479254,-0.6,3.332091641937657,12.018809238433267,false,false,0,anchor_static_dense,48,0,REVERSE,
29.378,1.409138763627107,2.945253422895727,2.8114171285122893,-0.5998087175568119,0.4914214172065547,-0.6,3.321591216291691,11.959204903584968,false,false,0,anchor_static_dense,48,0,REVERSE,
29.478,1.4662313537230416,2.92686684847213,2.8567999660420957,-0.5998785860670045,0.42996002005012035,-0.6,3.3108355652563155,11.899343206014633,false,false,0,anchor_static_dense,48,0,REVERSE,
29.578,1.5240689893380417,2.9109538750746995,2.89652064569441,-0.5999229341549609,0.37490335826454385,-0.6,3.294384387681694,11.839368438573285,false,false,0,anchor_static_dense,48,0,REVERSE,
29.678,1.5824668461145348,2.897219480514955,2.9306871404234034,-0.5999510835014972,0.3196687701745236,-0.6,3.2932033589440124,11.779386403304253,false,false,0,anchor_static_dense,48,0,REVERSE,
29.778,1.6412771558078778,2.8853599090073607,2.9595894623846686,-0.5999689509169132,0.2722710001334395,-0.6,3.257667173731985,11.719466133560816,false,false,0,anchor_static_dense,50,0,REVERSE,
29.878,1.7003863047733572,2.8750809614548967,2.9829538188593974,-0.59998029201619,0.20841894975052355,-0.6,3.2516617051546275,11.65964665829432,false,false,0,anchor_static_dense,50,0,REVERSE,
29.978,1.759698748131455,2.8660387967842835,3.000226060269096,-0.5999874906249318,0.14944965041577707,-0.6,3.1983085533916706,11.599937526445144,false,false,0,anchor_static_dense,50,0,REVERSE,
30.078,1.819141025173819,2.857886640826557,3.0119795409748296,-0.5999920598440661,0.0999942505155362,-0.6,3.1896942288229138,11.540325968826274,false,false,0,anchor_static_dense,50,0,REVERSE,
30.178,1.8786610963916852,2.8503188018519467,3.01885763353612,-0.5999949600938567,0.04805586071401017,-0.6,3.183170914184171,11.480788138499138,false,false,0,anchor_static_dense,50,0,REVERSE,
30.278,1.9382173663753564,2.8430385064762937,3.0205951123592087,-0.5999968009880228,-0.0048088839575081265,-0.6,3.152479433793963,11.421291651247975,false,false,0,anchor_static_dense,50,0,REVERSE,
30.378,1.9977684749543165,2.8357151941338667,3.01583198991962,-0.5999979694705935,-0.07360832062176036,-0.6,3.129145630819428,11.361794717074885,false,false,0,anchor_static_dense,50,0,REVERSE,
30.478,2.057265764470717,2.8279675284078207,3.0055848184204974,-0.599998711149036,-0.12229995179127445,-0.6,3.10219730430817,11.302249019162234,false,false,0,anchor_static_dense,50,0,REVERSE,
30.578,2.116663569898178,2.819492503173129,2.990273123598158,-0.5999991819193545,-0.17575543394309542,-0.6,3.083503618776554,11.242622017404614,false,false,0,anchor_static_dense,50,0,REVERSE,
30.678,2.175900294886122,2.809959832254786,2.9683396248329643,-0.5999994807344207,-0.24455199094652227,-0.6,3.063012257158512,11.182889102782502,false,false,0,anchor_static_dense,50,0,REVERSE,
30.778,2.2348883521127716,2.7989962921130704,2.9413063598723865,-0.5999996704032257,-0.284684775524645,-0.6,3.021688632156624,11.123039559164571,false,false,0,anchor_static_dense,52,0,REVERSE,
30.878,2.293535905681069,2.7863399792564083,2.9099912871637432,-0.5999997907929238,-0.3209702549721535,-0.6,3.0238591949007647,11.06309467929038,false,false,0,anchor_static_dense,52,0,REVERSE,
30.978,2.3517538436236336,2.771835225474853,2.8788832380865714,-0.5999998672086496,-0.3038448396076007,-0.6,2.9761713815499506,11.003100323271042,false,false,0,anchor_static_dense,52,0,REVERSE,
31.078,2.409504814634967,2.7555694591117397,2.849633787210898,-0.5999999157124938,-0.28624966037495064,-0.6,2.952366375703753,10.943114333462358,false,false,0,anchor_static_dense,52,0,REVERSE,
31.178,2.466755958357165,2.7376236545920007,2.819958904690825,-0.59999994649965,-0.29633726197270044,-0.6,2.930579304229337,10.883189482637244,false,false,0,anchor_static_dense,52,0,REVERSE,
31.278,2.523456272778531,2.7180062870930173,2.791579829228826,-0.5999999660413795,-0.28167846642603295,-0.6,2.894357323180753,10.823378707458252,false,false,0,anchor_static_dense,52,0,REVERSE,
31.378,2.5795761237897517,2.6967855023323244,2.7626103266025788,-0.5999999784452268,-0.2931565794936713,-0.6,2.859823527986732,10.763730106495723,false,false,0,anchor_static_dense,52,0,REVERSE,
31.478,2.635051614253373,2.673933366624125,2.733147835225359,-0.5999999863184003,-0.2954362641168967,-0.6,2.833915098808395,10.704301690831468,false,false,0,anchor_static_dense,52,0,REVERSE,
31.578,2.6898309047421898,2.649459245697287,2.704207742600173,-0.5999999913157904,-0.27644739772981985,-0.6,2.7981986917475976,10.645150119534252,false,false,0,anchor_static_dense,52,0,REVERSE,
31.678,2.7439220269537605,2.623498225868917,2.680036232429924,-0.5999999944878158,-0.21993405666835644,-0.6,2.7351967667758523,10.58630617025323,false,false,0,anchor_static_dense,52,0,REVERSE,
31.778,2.797427505670236,2.59634949411014,2.660990527013304,-0.5999999965012159,-0.17020165759183584,-0.6,2.6908152340569487,10.52774981644322,false,false,0,anchor_static_dense,54,0,REVERSE,
31.878,2.8504635856610845,2.5682939431856457,2.6470498426600244,-0.5999999977791943,-0.1184702545705625,-0.6,2.5911204871016174,10.469442354041389,false,false,0,anchor_static_dense,54,0,REVERSE,
31.978,2.9031636549648856,2.5396115778938726,2.6382309725526825,-0.5999999985903737,-0.07152373171661992,-0.6,2.5766700857586464,10.411327059745778,false,false,0,anchor_static_dense,54,0,REVERSE,
32.078,2.955672771638377,2.5105807504789306,2.6353691590927735,-0.5999999991052588,-0.003135598897958399,-0.6,2.4737004234893796,10.353334012533454,false,false,0,anchor_static_dense,54,0,REVERSE,
32.178,3.00816524333341,2.4815197923624526,2.637801293443537,-0.5999999994320752,0.04532797637545715,-0.6,2.4279943897827145,10.295372857959885,false,false,0,anchor_static_dense,54,0,REVERSE,
32.278,3.0607967386889983,2.4527116974743213,2.6466515137747533,-0.5999999996395174,0.11664632724603242,-0.6,2.3672408058746335,10.237360799570494,false,false,0,anchor_static_dense,54,0,REVERSE,
32.378,3.113757311788316,2.4245139213681646,2.6619310650296084,-0.5999999997711886,0.17288971052300406,-0.6,2.3203508013195595,10.179197524614947,false,false,0,anchor_static_dense,54,0,REVERSE,
32.478,3.16719729880935,2.397236532881492,2.6821846615487757,-0.599999999854765,0.22498245356053054,-0.6,2.2358242393301486,10.120807870675335,false,false,0,anchor_static_dense,54,0,REVERSE,
32.578,3.221243093247217,2.371181691545689,2.7089417929884196,-0.599999999907814,0.2918083022808419,-0.6,2.185124035641934,10.062136416074209,false,false,0,anchor_static_dense,54,0,REVERSE,
32.678,3.27602843746841,2.3467222891047124,2.742000019971426,-0.5999999999414862,0.35476575734426263,-0.6,2.1245407116819948,10.00313593085208,false,false,0,anchor_static_dense,54,0,REVERSE,
32.778,3.331643923091923,2.3242167805384275,2.780605048139323,-0.5999999999628591,0.40355127365565047,-0.6,2.048293123242346,9.943796703112033,false,false,0,anchor_static_dense,56,0,REVERSE,
32.878,3.3881160148904215,2.303958347116652,2.822416241744064,-0.5999999999764254,0.42620475201384495,-0.6,2.0329173945063954,9.88415589761991,false,false,0,anchor_static_dense,56,0,REVERSE,
32.978,3.4453759283516874,2.286045921433442,2.861198152774441,-0.5999999999850364,0.36232576947604617,-0.6,1.9521533790327945,9.824298809860368,false,false,0,anchor_static_dense,56,0,REVERSE,
33.078,3.5032487460456756,2.2702212411324885,2.8938686935050963,-0.5999999999905021,0.3072899907935164,-0.6,1.9037883282975652,9.764332484259851,false,false,0,anchor_static_dense,56,0,REVERSE,
33.178,3.561579490954286,2.256174987510186,2.9213998089917332,-0.5999999999939714,0.25343723705870075,-0.6,1.8162307147565695,9.704334458366597,false,false,0,anchor_static_dense,56,0,REVERSE,
33.278,3.62024815064195,2.2436114973349195,2.9434187101908376,-0.5999999999961734,0.19682341986766347,-0.6,1.7394552142306396,9.644352612099434,false,false,0,anchor_static_dense,56,0,REVERSE,
33.378,3.6791530269759978,2.2322037978695124,2.9594887014213906,-0.599999999997571,0.13708411592589526,-0.6,1.6838054625154528,9.584410367349353,false,false,0,anchor_static_dense,56,0,REVERSE,
33.478,3.7382095861724967,2.2216071690483132,2.9699461049647673,-0.5999999999984582,0.08669912930962971,-0.6,1.6327754176969869,9.524510490478441,false,false,0,anchor_static_dense,56,0,REVERSE,
33.578,3.7973538421752133,2.2115102950324603,2.9753726148598156,-0.5999999999990214,0.03495427575271927,-0.6,1.5449385509321873,9.464643368408654,false,false,0,anchor_static_dense,56,0,REVERSE,
33.678,3.856534222079094,2.2016268774737173,2.9765270881069474,-0.5999999999993788,-0.0022473335761240432,-0.6,1.5108053552849836,9.404792785576161,false,false,0,anchor_static_dense,56,0,REVERSE,
33.778,3.9157132448401155,2.1917353419136347,2.9747408984499484,-0.5999999999996056,-0.024375818750034858,-0.6,1.4448120942602602,9.344943534284546,false,false,0,anchor_static_dense,58,0,REVERSE,
33.878,3.9748702423299997,2.1817129629484304,2.9730083305908632,-0.5999999999997497,0.0029433777701697683,-0.6,1.3987617841253726,9.285086892187804,false,false,0,anchor_static_dense,58,0,REVERSE,
33.978,4.034032639168343,2.171722667951619,2.977733830868401,-0.5999999999998411,0.07665883851582458,-0.6,1.3116934652158418,9.225234417725842,false,false,0,anchor_static_dense,58,0,REVERSE,
34.078,4.093267670958478,2.162173929213546,2.988935541411019,-0.5999999999998992,0.13571957703916424,-0.6,1.2922673578092256,9.165417441740672,false,false,0,anchor_static_dense,58,0,REVERSE,
34.178,4.152626321669968,2.153429100021253,3.0058391503493085,-0.599999999999936,0.18550185071199338,-0.6,1.212918190115831,9.105672841302033,false,false,0,anchor_static_dense,58,0,REVERSE,
34.278,4.212134760506933,2.145771785544418,3.0256634993541285,-0.5999999999999595,0.20530175221951244,-0.6,1.156436925257272,9.046043998518304,false,false,0,anchor_static_dense,58,0,REVERSE,
34.378,4.271785194295214,2.139313530921529,3.045635484110805,-0.5999999999999742,0.19335960093897142,-0.6,1.0851412102456508,8.986567535945422,false,false,0,anchor_static_dense,58,0,REVERSE,
34.478,4.331549002265607,2.1340038820450244,3.0635911525253317,-0.5999999999999835,0.17161244253207947,-0.6,1.0409325532245255,8.927262473384864,false,false,0,anchor_static_dense,58,0,REVERSE,
34.578,4.391395523947582,2.1297241022466586,3.079855837742147,-0.5999999999999897,0.15770410637024193,-0.6,1.0323395027823468,8.86813372569449,false,false,0,anchor_static_dense,58,0,REVERSE,
34.678,4.451301311260207,2.126371867562812,3.094311256098587,-0.5999999999999934,0.14932803103326772,-0.6,1.000372574219418,8.809183083011957,false,false,0,anchor_static_dense,58,0,REVERSE,
34.778,4.51125156005652,2.1239474458769987,3.1125077590691093,-0.5999999999999959,0.2041004019068095,-0.6,0.9919870620121196,8.750428722610698,false,false,0,anchor_static_dense,60,0,REVERSE,
34.878,4.571238254882662,2.122746835944672,3.1362051047407,-0.5999999999999973,0.25767967089249777,-0.6,0.9659675415389766,8.691954825323622,false,false,0,anchor_static_dense,60,0,REVERSE,
34.978,4.631235386844195,2.12308805397227,-3.1184949573959413,-0.5999999999999983,0.2999917900241871,-0.6,0.9431266074369719,8.633870744650315,false,false,0,anchor_static_dense,60,0,REVERSE,
35.078,4.6911928973885075,2.1252706985906773,-3.0841028539823423,-0.5999999999999989,0.360519150255997,-0.6,0.9383947301688333,8.576307539419007,false,false,0,anchor_static_dense,60,0,REVERSE,
35.178,4.75103507503219,2.1295769871043864,-3.0485124077584627,-0.5999999999999994,0.3464085250237004,-0.6,0.9136203725847629,8.519420196078707,false,false,0,anchor_static_dense,60,0,REVERSE,
35.278,4.810694292873639,2.135938862661141,-3.016490917897076,-0.5999999999999994,0.3006842812019813,-0.6,0.9000945006926284,8.463271399984675,false,false,0,anchor_static_dense,60,0,REVERSE,
35.378,4.870136474025346,2.1440881673594654,-2.989057498233143,-0.5999999999999994,0.276171446757237,-0.6,0.8841883570501476,8.407841281826382,false,false,0,anchor_static_dense,60,0,REVERSE,
35.478,4.929320319521046,2.1539361494259652,-2.9565434527760592,-0.5999999999999994,0.3576132838433153,-0.6,0.8815592947527753,8.353161763111009,false,false,0,anchor_static_dense,60,0,REVERSE,
35.578,4.98811580716539,2.1658798665343713,-2.917024287321736,-0.5999999999999994,0.4162727064187763,-0.6,0.8761389970561217,8.29947732785939,false,false,0,anchor_static_dense,60,0,REVERSE,
35.678,5.046365141021202,2.1802488782456404,-2.8731539967721367,-0.5999999999999994,0.45121605937488757,-0.6,0.8451593923318179,8.247047510536971,false,false,0,anchor_static_dense,60,0,REVERSE,
35.778,5.103908431856078,2.1972239579414987,-2.8267129130550774,-0.5999999999999994,0.47174306443482245,-0.6,0.8406056117897862,8.196099997795638,false,false,0,anchor_static_dense,62,0,REVERSE,
35.878,5.160588210478274,2.216889756427729,-2.7787700328916576,-0.5999999999999994,0.48368907576684234,-0.6,0.8502167653413438,8.146838490963622,false,false,0,anchor_static_dense,62,0,REVERSE,
35.978,5.216251548665203,2.2392707366347286,-2.7299562007017673,-0.5999999999999994,0.4906008533676709,-0.6,0.8371485402364968,8.099448955676275,false,false,0,anchor_static_dense,62,0,REVERSE,
36.078,5.270750805602391,2.264353231989649,-2.680639505751987,-0.5999999999999994,0.4945859400516433,-0.6,0.8576505315546992,8.054103840174774,false,false,0,anchor_static_dense,62,0,REVERSE,
36.178,5.32394368592387,2.2920986712688736,-2.6310332363914286,-0.5999999999999994,0.49687887662696045,-0.6,0.8585709607055024,8.010964789318486,false,false,0,anchor_static_dense,62,0,REVERSE,
36.278,5.375693068227229,2.3224514033333894,-2.581260471941012,-0.5999999999999994,0.49819660566314977,-0.6,0.8653906224829675,7.970184233173255,false,false,0,anchor_static_dense,62,0,REVERSE,
36.378,5.425866830702238,2.355343310975198,-2.5313920642370524,-0.5999999999999994,0.4989533675951127,-0.6,0.8654785840003659,7.931906163011019,false,false,0,anchor_static_dense,62,0,REVERSE,
36.478,5.474337757842175,2.3906965511837197,-2.4814687425376585,-0.5999999999999994,0.49938779676788425,-0.6,0.8737613720340376,7.896266344474563,false,false,0,anchor_static_dense,62,0,REVERSE,
36.578,5.52098354203096,2.428425217152883,-2.431513901097072,-0.5999999999999994,0.49963712927101783,-0.6,0.8855056858769995,7.863392156943197,false,false,0,anchor_static_dense,62,0,REVERSE,
36.678,5.56568686574591,2.4684363870962103,-2.3816144732854285,-0.5999999999999994,0.49610509228334015,-0.6,0.9073981508216384,7.8334021967012175,false,false,0,anchor_static_dense,62,0,REVERSE,
36.778,5.608355240678591,2.510611282865806,-2.3328521836584266,-0.5999999999999994,0.4829572611578808,-0.6,0.9016966583997585,7.806380804294442,false,false,0,anchor_static_dense,64,0,REVERSE,
36.878,5.648923996892247,2.5548096208793796,-2.284091640015184,-0.5999999999999994,0.4901783111566123,-0.6,0.8972875152583817,7.782375640021787,false,false,0,anchor_static_dense,64,0,REVERSE,
36.978,5.6872794136390015,2.6009416434000996,-2.2348056643444476,-0.5999999999999994,0.4943426145418876,-0.6,0.8957281290070305,7.7614934005358,false,false,0,anchor_static_dense,64,0,REVERSE,
37.078,5.723309023473556,2.6489120474332446,-2.1852170685371552,-0.5999999999999994,0.4967389718806791,-0.6,0.8884091611207512,7.743834102232457,false,false,0,anchor_static_dense,64,0,REVERSE,
37.178,5.756912668362038,2.698611969652488,-2.135454460349688,-0.5999999999999994,0.4981162369011055,-0.6,0.9604222895945279,7.729477385728352,false,false,0,anchor_static_dense,64,0,REVERSE,
37.278,5.788000246894974,2.7499232419635065,-2.0855918851254773,-0.5999999999999994,0.4989072234035628,-0.6,0.9810415786650374,7.71848549104538,false,false,0,anchor_static_dense,64,0,REVERSE,
37.378,5.816490382265399,2.8027209186053565,-2.035671911576537,-0.5999999999999994,0.4993613107153354,-0.6,1.0595855901312432,7.710904938830045,false,false,0,anchor_static_dense,64,0,REVERSE,
37.478,5.84230966609341,2.8568748294438575,-1.9857189917240234,-0.5999999999999994,0.4996219292934154,-0.6,1.1052929396928337,7.706767461602153,false,false,0,anchor_static_dense,64,0,REVERSE,
37.578,5.865392255262833,2.9122505911269703,-1.9357471642631527,-0.5999999999999994,0.4997714879110442,-0.572796201659459,1.2109035222595068,7.706090524824047,false,false,0,anchor_static_dense,64,0,REVERSE,
37.678,5.885477728494046,2.968111292457608,-1.8862911459998248,-0.5900634431997073,0.4915792059719458,-0.5051245366374614,1.2673798246281551,7.708833361551449,false,false,0,anchor_static_dense,64,0,REVERSE,
37.778,5.902087195350753,3.0224680301809315,-1.838932587637964,-0.5495629529229276,0.4578835318723518,-0.3960856505939985,1.2885474781182857,7.714640573342969,false,false,0,anchor_static_dense,66,0,REVERSE,
37.878,5.914850653719072,3.0722434110095795,-1.796114394819794,-0.4935032838628778,0.4111991112325438,-0.06744133186553658,1.3992759543732087,7.722565689950253,false,false,0,anchor_static_dense,66,0,REVERSE,
37.978,5.92327853862558,3.111372969360835,-1.7632221567848003,-0.3430792359293373,0.27946288763563376,0.03382118218505172,1.470465800797597,7.73049988010779,false,false,0,anchor_static_dense,66,0,REVERSE,
38.078,5.928105233713641,3.1372613968532996,-1.7433511338320962,-0.21776488562655563,0.1561045576901128,0.11213027262120558,1.5127042594280884,7.7365434567133615,false,false,0,anchor_static_dense,66,0,REVERSE,
38.178,5.930894963818953,3.153742631533658,-1.7309892592757148,-0.13822330367353994,0.10454330442493524,0.1850911745247019,1.5254628551891396,7.740693676829815,false,false,0,anchor_static_dense,66,0,REVERSE,
38.278,5.932553258723008,3.164222324008235,-1.7227551087748565,-0.08773536478783783,0.06920164800092889,0.23541626047412442,1.5585719246262553,7.7434557115372495,false,false,0,anchor_static_dense,66,0,REVERSE,
38.378,5.933558476087188,3.1708814998720407,-1.717365798515913,-0.055688831259851475,0.0449746836598323,0.27352377881173207,1.562218048199704,7.745262119328822,false,false,0,anchor_static_dense,66,0,REVERSE,
38.478,5.934176927353294,3.175111236235644,-1.713885102593639,-0.03534772932884774,0.028932467035053994,0.29300130928999096,1.5701141495045627,7.746430601019826,false,false,0,anchor_static_dense,66,0,REVERSE,
38.578,5.934561464941452,3.1777971646350065,-1.7116538292504757,-0.02243649113186318,0.018505496534721885,0.304124858105477,1.5705311592112206,7.747181197845612,false,false,0,anchor_static_dense,66,0,REVERSE,
38.678,5.934802288276292,3.17950248450938,-1.7102319017725593,-0.014241258034624227,0.011756838040649089,0.31262795094850887,1.5753620055223179,7.747661244191518,false,false,0,anchor_static_dense,66,0,REVERSE,
38.778,5.934953832685207,3.180585098076595,-1.7093308561342282,-0.009039445126101896,0.007443283632275454,0.3163954754563129,1.5794682768902857,7.747967405222892,false,false,0,anchor_static_dense,68,0,NEUTRAL,
38.878,5.935049494659562,3.1812723461616423,-1.7087596557620757,-0.005737665028549102,0.004727506067803698,0.30384438245497164,1.5837631708474689,7.748162322987491,false,false,0,anchor_static_dense,68,0,NEUTRAL,
38.978,5.935110001681153,3.1817085971657946,-1.7083957007845068,-0.003641904953300145,0.0030152067433333036,0.305449436169776,1.567377443970116,7.748286280567104,false,false,0,anchor_static_dense,68,0,NEUTRAL,
39.078,5.935148321459868,3.181985513513324,-1.7081638616537502,-0.002311649708178608,0.0019191462139812702,0.3069359839343375,1.581709851115043,7.748365056447712,false,false,0,anchor_static_dense,68,0,NEUTRAL,
39.178,5.935172609571578,3.1821612872230265,-1.7080164045680768,-0.001467288257613637,0.0012200784651200558,0.30774944961014133,1.573701030286853,7.748415096937475,false,false,0,anchor_static_dense,68,0,NEUTRAL,
39.278,5.9351880120564795,3.182272859140588,-1.7079226987237894,-0.0009313412941908056,0.0007751302160830824,0.30816247395842084,1.5853667152813027,7.748446875020394,false,false,0,anchor_static_dense,68,0,NEUTRAL,
39.378,5.9351977829026135,3.182343678682795,-1.7078631803307442,-0.0005911562378858793,0.0004922591088047827,0.30854149227330085,1.5824293983867714,7.748467052001738,false,false,0,anchor_static_dense,68,0,NEUTRAL,
39.478,5.935203982528002,3.182388630740816,-1.7078253873115756,-0.0003752283934698923,0.0003125479339301734,0.30868911690090267,1.5702550185771722,7.748479861595861,false,false,0,anchor_static_dense,68,0,NEUTRAL,
39.578,5.935207916734508,3.182417163576225,-1.7078013934145262,-0.00023817112675579447,0.00019841948351437556,0.3088637219032088,1.5819242266736109,7.748487993331042,false,false,0,anchor_static_dense,68,0,NEUTRAL,
39.678,5.93521041354732,3.182435274457193,-1.7077861616870476,-0.0001511758880919449,0.0001259564288441674,0.3090019383902401,1.580392408976131,7.74849315525023,false,false,0,anchor_static_dense,68,0,NEUTRAL,
39.778,5.935211998215717,3.1824467701135495,-1.707776492853013,-9.59568418375979e-05,7.99536327364673e-05,0.308990875814301,1.5823215996876039,7.7484964318738205,false,false,0,anchor_static_dense,70,0,NEUTRAL,
39.878,5.935213004002174,3.1824540668336088,-1.707770355436304,-6.09073021608159e-05,5.07511214316126e-05,0.3088901580209348,1.5853963282108774,7.748498511732822,false,false,0,anchor_static_dense,70,0,NEUTRAL,
39.978,5.935213642387178,3.182458698330917,-1.707766459701307,-3.8660082860869966e-05,3.221418194240144e-05,0.3087833649128303,1.577019729852723,7.748499831921941,false,false,0,anchor_static_dense,70,0,NEUTRAL,
40.078,5.935214047583603,3.182461638112281,-1.7077639869025227,-2.453896255104316e-05,2.0447731855233933e-05,0.30878707589387744,1.5846973088933947,7.748500669904879,false,false,0,anchor_static_dense,70,0,NEUTRAL,
40.178,5.935214304772589,3.182463504099121,-1.7077624173147294,-1.5575773214158817e-05,1.297899925583421e-05,0.30881497033101957,1.5838451769853306,7.748501201807528,false,false,0,anchor_static_dense,70,0,NEUTRAL,
40.278,5.935214468018215,3.182464688509144,-1.7077614210356977,-9.88651051218113e-06,8.23827233874577e-06,0.3088022930637221,1.5689158705792505,7.748501539427269,false,false,0,anchor_static_dense,70,0,NEUTRAL,
40.378,5.93521457163552,3.182465440297408,-1.7077607886594761,-6.2753282783173e-06,5.229141981815419e-06,0.3089878891770169,1.5874676478954095,7.748501753727521,false,false,0,anchor_static_dense,70,0,NEUTRAL,
40.478,5.935214637404939,3.182465917484835,-1.7077603872666622,-3.983179399053806e-06,3.31913067931594e-06,0.3089410414947482,1.5753553048683222,7.7485018897519815,false,false,0,anchor_static_dense,70,0,NEUTRAL,
40.578,5.935214679151081,3.1824662203730876,-1.7077601324878064,-2.528269027752116e-06,2.1067745138889544e-06,0.30893462389343157,1.586712814673974,7.748501976091774,false,false,0,anchor_static_dense,70,0,NEUTRAL,
40.678,5.935214705648836,3.1824664126272983,-1.7077599707703082,-1.604784428793006e-06,1.3372470175862174e-06,0.30899120534614766,1.5804061070544573,7.748502030894833,false,false,0,anchor_static_dense,70,0,NEUTRAL,
40.778,5.935214722467909,3.18246653465805,-1.7077598681222956,-1.0186151215031981e-06,8.487995678674177e-07,0.3088267382150295,1.5734161097416004,7.748502065680348,false,false,0,anchor_static_dense,72,0,NEUTRAL,
40.878,5.934823070715689,3.179640138557136,-1.7101375742257168,0.07067107355083073,-0.05888935174137431,0.3088890727393091,1.5800297632613223,7.7476987843368645,false,false,0,anchor_static_dense,72,0,FORWARD,
40.978,5.933020658351786,3.1671666078201826,-1.7206396106328647,0.15768343300729543,-0.13139570900389885,0.3468803408882277,1.5723008884044427,7.744232779105611,false,false,0,anchor_static_dense,72,0,FORWARD,
41.078,5.9298767105145895,3.147248268330755,-1.737442987651167,0.2267901731053104,-0.1889815324705435,0.45592977932636336,1.5606059886795474,7.738980229399409,false,false,0,anchor_static_dense,72,0,FORWARD,
41.178,5.924974447872234,3.119677211141748,-1.7607784390470107,0.3104865262362259,-0.25872470627672906,0.5059769103745771,1.5307535935587926,7.732294126905542,false,false,0,anchor_static_dense,72,0,FORWARD,
41.278,5.917825059901467,3.084741813184769,-1.7904940329052574,0.38533885016188824,-0.321098256283303,0.545641289700694,1.5156428948951777,7.724819346507083,false,false,0,anchor_static_dense,72,0,FORWARD,
41.378,5.90803598466861,3.043634127915066,-1.82570812208101,0.4438914932804414,-0.3698894765420577,0.5961534419266934,1.491257331406728,7.717490673746527,false,false,0,anchor_static_dense,72,0,FORWARD,
41.478,5.895212207141786,2.997457076066895,-1.865645628804254,0.4995072379021024,-0.41623341374261774,0.6610858925055206,1.4324414702247044,7.711209924804964,false,false,0,anchor_static_dense,72,0,FORWARD,
41.578,5.878666922010583,2.946294046824984,-1.91045617314395,0.5620401022725084,-0.46832435053877997,0.701524273776469,1.3919753393311003,7.70675245599744,false,false,0,anchor_static_dense,72,0,FORWARD,
41.678,5.8577401103127364,2.8906101764419705,-1.9600245622000856,0.6153167097515483,-0.5126687478785743,0.7283152828015531,1.3081998522367515,7.705031052759321,false,false,0,anchor_static_dense,72,0,FORWARD,
41.778,5.832133316842723,2.8317920615578656,-2.013481312954972,0.6565909731984312,-0.5470882015368113,0.672725679008551,1.2528133327458328,7.706968215025818,false,false,0,anchor_static_dense,74,0,FORWARD,
41.878,5.802543793119765,2.772767468864864,-2.068503698146791,0.6624843936219806,-0.5520164739050923,0.6724716806607626,1.1518957803320489,7.713080790861332,false,false,0,anchor_static_dense,74,0,FORWARD,
41.978,5.769522740444204,2.7150770179768315,-2.1238993992750115,0.6661323858508374,-0.5550663970357522,0.6140435154258623,1.0981946112955776,7.72343476793191,false,false,0,anchor_static_dense,74,0,FORWARD,
42.078,5.7340334732991325,2.660296741536609,-2.178294853784107,0.6409331773111305,-0.5340743635864608,0.5430067826608842,1.0103881547522149,7.737664267734016,false,false,0,anchor_static_dense,74,0,FORWARD,
42.178,5.6977865108305075,2.6103800054579307,-2.22970446717241,0.5990617788328776,-0.4991869511601143,0.47278235011137687,0.9614947076142815,7.754766638287927,false,false,0,anchor_static_dense,74,0,FORWARD,
42.278,5.662173343108679,2.566144838779173,-2.2770305189097035,0.5440942368398551,-0.4533851063967306,0.3710293175690992,0.9130867999937727,7.773596296449786,false,false,0,anchor_static_dense,74,0,FORWARD,
42.378,5.628836584655968,2.528366598039389,-2.3190176891156593,0.48087992467120777,-0.40071042170647897,0.28184232187554625,0.8771913269919251,7.792733009014717,false,false,0,anchor_static_dense,74,0,FORWARD,
42.478,5.598966955068634,2.4971021115211403,-2.354923396768853,0.3971495549092474,-0.3294354289875129,0.15492318367988825,0.9040344028154993,7.810941626176026,false,false,0,anchor_static_dense,74,0,FORWARD,
42.578,5.574818367848455,2.4734289062152706,-2.3828216362288424,0.295279619301883,-0.23602676631844074,0.0007968980302616785,0.8979506765361527,7.826312849902049,false,false,0,anchor_static_dense,74,0,FORWARD,
42.678,5.558253646118234,2.457933221131996,-2.3990081883140446,0.18764655610197392,-0.12177528774281055,-0.14244043809810256,0.8981228397446965,7.8371566601068325,false,false,0,anchor_static_dense,74,0,FORWARD,
42.778,5.547608779657107,2.4482297547731315,-2.407204378623054,0.11910610304664355,-0.0605567278745634,-0.20193475375684738,0.8954831917481973,7.844231245520515,false,false,0,anchor_static_dense,76,0,FORWARD,
42.878,5.540812513399806,2.4421142833089515,-2.411161113966242,0.07560098132175871,-0.028361493084620916,0.5181655923547513,0.9015588519444749,7.848783353679379,false,false,0,anchor_static_dense,76,0,FORWARD,
42.978,5.529793009331661,2.4322943863447635,-2.417999938110368,0.19560098132175868,-0.0994487695837102,0.41341585325529356,0.8849231191782427,7.856210821081265,false,false,0,anchor_static_dense,76,0,FORWARD,
43.078,5.511086223839154,2.415953845691818,-2.432698544940713,0.28600316751571747,-0.18207291226712238,0.5884725733508184,0.898416657301655,7.868968326997179,false,false,0,anchor_static_dense,76,0,FORWARD,
43.178,5.48397852517613,2.3931515995478856,-2.4571652033766203,0.3947449162860324,-0.28345859244874,0.5871441198833411,0.8829581282657444,7.887823108338079,false,false,0,anchor_static_dense,76,0,FORWARD,
43.278,5.4495730810050365,2.3658142508224893,-2.490108445482514,0.4650213383850232,-0.35636639790344554,0.5987028627766058,0.8791540213496443,7.912396838409873,false,false,0,anchor_static_dense,76,0,FORWARD,
43.378,5.409701385272211,2.3363730339699744,-2.529003086323791,0.5117300924456749,-0.40661467287506303,0.574304062585955,0.8726852926849187,7.941742379012346,false,false,0,anchor_static_dense,76,0,FORWARD,
43.478,5.366142170060018,2.306846397888528,-2.5713780452838204,0.5345860848602375,-0.43354162880552555,0.5197010066315386,0.8676287553711852,7.97479314284623,false,false,0,anchor_static_dense,76,0,FORWARD,
43.578,5.321042153538876,2.2790131855683087,-2.614683724716264,0.5235719341580745,-0.4295693707770931,0.45552126330810844,0.8693639284047647,8.010012154030797,false,false,0,anchor_static_dense,76,0,FORWARD,
43.678,5.276735881994488,2.2542187023121767,-2.6565206181119922,0.4987155024298997,-0.41189736713525377,0.33798790075821605,0.8600360424584212,8.045514936554742,false,false,0,anchor_static_dense,76,0,FORWARD,
43.778,5.235785445765446,2.2334235277379983,-2.694546824942178,0.4297245382533305,-0.3562652768370344,0.21965522441267935,0.8387673677255103,8.079059864764051,false,false,0,anchor_static_dense,78,0,FORWARD,
43.878,5.20158260138997,2.2175488779824177,-2.7256396748596754,0.3339059867428157,-0.2668084228013653,-0.13432846124442202,0.8463603592677365,8.107578981988686,false,false,0,anchor_static_dense,78,0,FORWARD,
43.978,5.178059844937567,2.2073704416178,-2.7439233105124385,0.21194229028785605,-0.13748711793800794,-0.09462027657323446,0.8248199266840723,8.127436991813967,false,false,0,anchor_static_dense,78,0,FORWARD,
44.078,5.163036390831403,2.2011279445717413,-2.7531766230461563,0.13452749035931538,-0.06836440810842317,-0.12579364670791443,0.8445859044125896,8.140206560020912,false,false,0,anchor_static_dense,78,0,FORWARD,
44.178,5.153471843454679,2.1972350998225836,-2.7576431976527305,0.08538949747969513,-0.03201364102180622,-0.1874228299655444,0.8300477801733419,8.14836463318566,false,false,0,anchor_static_dense,78,0,FORWARD,
44.278,5.147392417514829,2.1947850436232597,-2.7596247327687906,0.05419982384537189,-0.013373920193343974,-0.2321023505031666,0.8262672834828602,8.153559175735218,false,false,0,anchor_static_dense,78,0,FORWARD,
44.378,5.143531317568678,2.193235538752393,-2.7603575212590896,0.034402602094805446,-0.0041917913578935085,-0.27661248962425444,0.8225982600565189,8.15686105597433,false,false,0,anchor_static_dense,78,0,FORWARD,
44.478,5.141080063764532,2.192253190980174,-2.760495502315728,0.021836584455884243,3.243923601684205e-05,-0.306542996147542,0.8243772914190529,8.158958059551601,false,false,0,anchor_static_dense,78,0,FORWARD,
44.578,5.139524147087393,2.1916297005315273,-2.760376560944056,0.013860475419414986,0.001730277582484042,-0.30859490953769136,0.8332335879583596,8.160289295023436,false,false,0,anchor_static_dense,78,0,FORWARD,
44.678,5.138536613372742,2.1912337905990555,-2.760169002767654,0.008797748532529268,0.0021976825530179594,-0.31071790221735185,0.8310429508210735,8.16113424128926,false,false,0,anchor_static_dense,78,0,NEUTRAL,
44.778,5.137909843789092,2.1909823574195872,-2.7599517099576567,0.005584251398274746,0.0021111939008992445,-0.31240447982813935,0.8278906755879627,8.161670497815527,false,false,0,anchor_static_dense,80,0,NEUTRAL,
44.878,5.137512043875418,2.190822679972406,-2.759757631778398,0.0035445277350031733,0.0018129517433317776,-0.3076801020263773,0.8315067701771961,8.162010835283521,false,false,0,anchor_static_dense,80,0,NEUTRAL,
44.978,5.137259564241032,2.190721280908578,-2.7595980618270506,0.002249840841350422,0.0014374699834856666,-0.30856287196208787,0.8258511950750588,8.162226834065862,false,false,0,anchor_static_dense,80,0,NEUTRAL,
45.078,5.137099315550772,2.190656896006415,-2.7594792810049866,0.0014280559188243574,0.0010274260063157222,-0.30916572443485,0.8355283667822121,8.162363922879976,false,false,0,anchor_static_dense,80,0,NEUTRAL,
45.178,5.136997604153397,2.1906160179071157,-2.759397236281427,0.0009064390999610464,0.0006953783936850225,-0.3095873135266817,0.8217327525396584,8.16245093185868,false,false,0,anchor_static_dense,80,0,NEUTRAL,
45.278,5.136933046076291,2.1905900664835323,-2.759342676499454,0.0005753499082967265,0.00045743752401731515,-0.30987087877139446,0.8297245433111428,8.16250615688977,false,false,0,anchor_static_dense,80,0,NEUTRAL,
45.378,5.136892069489097,2.1905735922408565,-2.759307127387354,0.0003651955404298837,0.00029626799725116507,-0.31005686406376853,0.8409963064625965,8.162541209077384,false,false,0,anchor_static_dense,80,0,NEUTRAL,
45.478,5.13686606047628,2.190563134644642,-2.7592842257385666,0.00023180290954542528,0.00019022129266310666,-0.3101739515188417,0.8426463062287883,8.162563457502426,false,false,0,anchor_static_dense,80,0,NEUTRAL,
45.578,5.136849551738932,2.190556496503393,-2.7592695657346065,0.00014713374870480128,0.00012153351674298299,-0.31025101102606795,0.8233398849488811,8.162577579194053,false,false,0,anchor_static_dense,80,0,NEUTRAL,
45.678,5.136839073094983,2.1905522829018884,-2.759260215385851,9.339114875814487e-05,7.743125956224097e-05,-0.31030029930091185,0.8397131376698719,8.162586542667247,false,false,0,anchor_static_dense,80,0,NEUTRAL,
45.778,5.136832421939439,2.1905496083223626,-2.759254263921887,5.927876332346402e-05,4.9254014684948264e-05,-0.31033169684600853,0.8266516854543923,8.162592232078241,false,false,0,anchor_static_dense,82,0,NEUTRAL,
45.878,5.136828200217425,2.1905479106478505,-2.7592504803115636,3.762638995114407e-05,3.1301794474038136e-05,-0.31034696547216506,0.830606572844529,8.162595843341725,false,false,0,anchor_static_dense,82,0,NEUTRAL,
45.978,5.136825520540198,2.190546833063343,-2.7592480765301586,2.3882840015239787e-05,1.9882407913271558e-05,-0.31036435649442057,0.8312564306691395,8.16259813553698,false,false,0,anchor_static_dense,82,0,NEUTRAL,
46.078,5.136823819652875,2.190546149077717,-2.7592465499661425,1.5159308345396964e-05,1.2625195145889096e-05,-0.31036771623505965,0.836912029006028,8.162599590474692,false,false,0,anchor_static_dense,82,0,NEUTRAL,
46.178,5.136822740038313,2.190545714925722,-2.759245580710269,9.622165092768795e-06,8.0155312100134e-06,-0.31037753598112244,0.826211851163219,8.162600513975802,false,false,0,anchor_static_dense,82,0,NEUTRAL,
46.278,5.136822054767861,2.190545439353071,-2.759244965382608,6.107538613436249e-06,5.0884270310311155e-06,-0.310380787452903,0.8343572547216652,8.162601100155248,false,false,0,anchor_static_dense,82,0,NEUTRAL,
46.378,5.13682161980184,2.190545264436845,-2.7592445747732497,3.876677188032018e-06,3.230056680442204e-06,-0.3103828452265519,0.8293645951169824,8.162601472224553,false,false,0,anchor_static_dense,82,0,NEUTRAL,
46.478,5.136821343713104,2.190545153411054,-2.75924432682525,2.4606681957189242e-06,2.050324466976132e-06,-0.31038415853674267,0.8200785332158314,8.162601708390435,false,false,0,anchor_static_dense,82,0,NEUTRAL,
46.578,5.136821168469542,2.1905450829389035,-2.7592441694385204,1.5618757187508744e-06,1.3014483345406655e-06,-0.310384989358942,0.8362940480489968,8.1626018582935,false,false,0,anchor_static_dense,82,0,NEUTRAL,
46.678,5.1368210572360775,2.190545038207649,-2.759244069537573,9.913794005497087e-07,8.260885731644714e-07,-0.3103855150132218,0.812120860290678,8.162601953442428,false,false,0,anchor_static_dense,82,0,NEUTRAL,
46.778,5.141173346672122,2.192288316023933,-2.763150840537204,-0.09162082621028905,-0.07634568970549752,-0.31038114955914453,0.836107771916698,8.158877645095046,false,false,0,anchor_static_dense,84,0,REVERSE,
46.878,5.154435883657265,2.1974892160222055,-2.775021703681045,-0.17152600531047388,-0.14292965815565542,-0.36201899065294013,0.8335227343458032,8.14750484247654,false,false,0,anchor_static_dense,84,0,REVERSE,
46.978,5.174636468413852,2.2050787500518676,-2.7930035832184417,-0.24110615530341953,-0.20091014302351426,-0.40715902868354187,0.8248402290776478,8.130109882123902,false,false,0,anchor_static_dense,84,0,REVERSE,
47.078,5.201089193699268,2.2144136791751277,-2.816379003729622,-0.3058858441032594,-0.2548904846087035,-0.45464643533656285,0.829681318326305,8.107196661433116,false,false,0,anchor_static_dense,84,0,REVERSE,
47.178,5.233470578540898,2.2249247091926616,-2.8447488178652724,-0.36022267037769673,-0.3001688870223096,-0.5344791277568195,0.8264182736654518,8.078939857182123,false,false,0,anchor_static_dense,84,0,REVERSE,
47.278,5.272051012211432,2.236163209566225,-2.878235087382182,-0.4295659248892691,-0.35795190736611127,-0.6,0.8300869875386463,8.044974919642687,false,false,0,anchor_static_dense,84,0,REVERSE,
47.378,5.317533414840462,2.247666584994998,-2.9173307463499,-0.49181928549881565,-0.409826974413474,-0.6,0.8289806219953393,8.004517343937481,false,false,0,anchor_static_dense,84,0,REVERSE,
47.478,5.36812172960603,2.2582922698527557,-2.9604083717469796,-0.5313337606791172,-0.442753976624919,-0.6,0.8372258598329143,7.958985482471265,false,false,0,anchor_static_dense,84,0,REVERSE,
47.578,5.422121474312181,2.2671698535567195,-3.006013496564025,-0.5564150371513665,-0.4636539450930972,-0.6,0.8354401791744114,7.909759926505796,false,false,0,anchor_static_dense,84,0,REVERSE,
47.678,5.4783855545276205,2.2737655947061604,-3.0532229172871603,-0.5723350367618132,-0.47691991551545,-0.6,0.8392505863792398,7.857779193004105,false,false,0,anchor_static_dense,84,0,REVERSE,
47.778,5.536118584554597,2.2777600761481365,-3.1014506429611544,-0.5824400403040788,-0.4853403091920865,-0.6,0.8265201071388223,7.803698914510069,false,false,0,anchor_static_dense,86,0,REVERSE,
47.878,5.594752643741495,2.2789676640521175,3.132860583383463,-0.5888540540658753,-0.49068503904250776,-0.6,0.8395744598416826,7.747992128362595,false,false,0,anchor_static_dense,86,0,REVERSE,
47.978,5.6538674098009185,2.277285644027517,3.083576237442117,-0.5929252621920716,-0.4940775332765966,-0.6,0.8393010794656126,7.6910138432640265,false,false,0,anchor_static_dense,86,0,REVERSE,
48.078,5.713138523282873,2.2726629789439894,3.0340314813307825,-0.5955094062588542,-0.49623087263632015,-0.6,0.8438258101721047,7.633043115083701,false,false,0,anchor_static_dense,86,0,REVERSE,
48.178,5.772304163191215,2.265081511521002,2.984321433421751,-0.5971496566098294,-0.49759767538037414,-0.6,0.8387242971149182,7.574310619670764,false,false,0,anchor_static_dense,86,0,REVERSE,
48.278,5.831143452558644,2.254544842606967,2.9345064688015183,-0.5981907832437732,-0.4984652347590387,-0.6,0.8340184628528704,7.5150167428368695,false,false,0,anchor_static_dense,86,0,REVERSE,
48.378,5.889462568914013,2.2410718446620193,2.8846249097311047,-0.5988516242350658,-0.4990159062335137,-0.6,0.8252630435759698,7.455343424136258,false,false,0,anchor_static_dense,86,0,REVERSE,
48.478,5.9470858729706455,2.2246929241420377,2.8347010807421538,-0.5992710840793678,-0.4993654374391232,-0.6,0.7948874950190734,7.395461871308505,false,false,0,anchor_static_dense,86,0,REVERSE,
48.578,6.003850300663706,2.20544788567865,2.7847504214989676,-0.5995373305188293,-0.49958729760516235,-0.6,0.7833147594595182,7.335537539401441,false,false,0,anchor_static_dense,86,0,REVERSE,
48.678,6.0596018720539115,2.183384711711661,2.7347827321177225,-0.5997063268303687,-0.49972812032109387,-0.6,0.7468601743315688,7.27573329457133,false,false,0,anchor_static_dense,86,0,REVERSE,
48.778,6.114193569000952,2.1585588528873694,2.684804233088458,-0.5998135949439695,-0.4998175056209694,-0.6,0.7315794465731991,7.216211369310511,false,false,0,anchor_static_dense,88,0,REVERSE,
48.878,6.167484094401347,2.131032794066201,2.635197589593777,-0.5998816819222629,-0.4809384011532118,-0.6,0.6928277079438164,7.15713450828222,false,false,0,anchor_static_dense,88,0,REVERSE,
48.978,6.219413310129239,2.1010043079668583,2.5918523045455673,-0.5999248992070413,-0.40778099774119675,-0.6,0.6716100041245415,7.098631907695159,false,false,0,anchor_static_dense,88,0,REVERSE,
49.078,6.2700771784649945,2.068878514244605,2.5543716216902284,-0.5999523307916178,-0.3568386797523652,-0.6,0.6545569124743329,7.040747083266139,false,false,0,anchor_static_dense,88,0,REVERSE,
49.178,6.319576465711871,2.034980484185037,2.5223115742127957,-0.5999697426173778,-0.300848975853752,-0.6,0.6385477866955876,6.983495125543131,false,false,0,anchor_static_dense,88,0,REVERSE,
49.278,6.368042966238954,1.9996179602128514,2.495814221641257,-0.5999807945373079,-0.24057854876686585,-0.6,0.6065854356112662,6.926855425404692,false,false,0,anchor_static_dense,88,0,REVERSE,
49.378,6.415645645886766,1.9630983661721633,2.475388162890218,-0.5999878095933867,-0.18040777997972784,-0.6,0.5895417823009889,6.870769786261051,false,false,0,anchor_static_dense,88,0,REVERSE,0.0
49.478,6.462581070114859,1.9257234122189522,2.4606476365885315,-0.5999922623049608,-0.1292909997432677,-0.6,0.5824842571994018,6.815149075786148,false,false,0,anchor_static_dense,88,0,REVERSE,0.0
49.578,6.509039556966669,1.887756205273938,2.4512002409918363,-0.59999508860316,-0.07179875901525616,-0.6,0.5600895585242633,6.759895780526036,false,false,0,anchor_static_dense,88,0,REVERSE,0.0
49.678,6.55522284153979,1.849454076184304,2.447232183195131,-0.5999968825575576,-0.01845470131975723,-0.6,0.5414372287830411,6.704896196222966,false,false,0,anchor_static_dense,88,0,REVERSE,0.0
49.778,6.601334394629585,1.8110653314729666,2.448356861881617,-0.5999980212457479,0.027653861271140372,-0.6,0.539210575140006,6.6500285085263835,false,false,0,anchor_static_dense,90,0,REVERSE,0.0
49.878,6.647559053569428,1.7728128209005494,2.454119374992564,-0.599998744012612,0.07726610524277343,-0.6,0.5254300188904637,6.595177880530373,false,false,0,anchor_static_dense,90,0,REVERSE,0.0
49.978,6.69407655676194,1.7349171616426502,2.4645679005484227,-0.599999202779063,0.11956860089051942,-0.6,0.5321566090985161,6.540229967649574,false,false,0,anchor_static_dense,90,0,REVERSE,0.0
50.078,6.74105150776685,1.697590403027886,2.4794274879171376,-0.5999994939748373,0.16768949677572728,-0.6,0.5097721713583319,6.485078982162053,false,false,0,anchor_static_dense,90,0,REVERSE,0.0
50.178,6.788644444540137,1.6610554485294302,2.4988590472457557,-0.5999996788074003,0.20911060344668642,-0.6,0.5180573984712334,6.4296223092364775,false,false,0,anchor_static_dense,90,0,REVERSE,0.0
50.278,6.837000519780785,1.6255374601513513,2.522878221251538,-0.5999997961273595,0.26018443822075105,-0.6,0.5225934435427952,6.373769263751051,false,false,0,anchor_static_dense,90,0,REVERSE,0.0
50.378,6.886262115373081,1.5912874720797408,2.5516025264614006,-0.5999998705946102,0.3023191760758249,-0.6,0.5408360937365262,6.317435139415391,false,false,0,anchor_static_dense,90,0,REVERSE,0.0
50.478,6.9365405088132155,1.5585494410396588,2.584399894756934,-0.5999999178616863,0.3422747959137131,-0.6,0.5534619958466354,6.260560467037126,false,false,0,anchor_static_dense,90,0,REVERSE,0.0
50.578,6.987903248303795,1.5275412345486743,2.6197025344365543,-0.5999999478638208,0.35233681501449654,-0.6,0.5602664683806413,6.203119342315007,false,false,0,anchor_static_dense,90,0,REVERSE,
50.678,7.040317401891737,1.4983449239065725,2.653314885181224,-0.5999999669072684,0.32341027574868264,-0.6,0.5692520150320377,6.14514883311959,false,false,0,anchor_static_dense,90,0,REVERSE,
50.778,7.093647039202806,1.4708552616500963,2.6835312629128425,-0.5999999789948381,0.2905155120891379,-0.6,0.5815610828323423,6.086741369422685,false,false,0,anchor_static_dense,92,0,REVERSE,
50.878,7.1477427246388485,1.444904246623966,2.7094017897502867,-0.5999999866672588,0.2354234982001298,-0.6,0.5951759084662918,6.027990004879695,false,false,0,anchor_static_dense,92,0,REVERSE,
50.978,7.2024288898719195,1.42022002616258,2.728508871055928,-0.5999999915372235,0.16510664880757542,-0.6,0.6117762882905557,5.968991179395809,false,false,0,anchor_static_dense,92,0,REVERSE,
51.078,7.257510876976706,1.396430791203353,2.74049689135765,-0.5999999946283675,0.09001858526881595,-0.6,0.613248831360851,5.909839277227567,false,false,0,anchor_static_dense,92,0,REVERSE,
51.178,7.312805218280967,1.3731385721103195,2.745103275136049,-0.5999999965904292,0.018313930744858306,-0.6,0.6200944281160691,5.850614841487121,false,false,0,anchor_static_dense,92,0,REVERSE,
51.278,7.368140138613683,1.3499427677089237,2.742501638080444,-0.5999999978358213,-0.05560172538412588,-0.6,0.6561272114608332,5.791389382038126,false,false,0,anchor_static_dense,92,0,REVERSE,
51.378,7.423344914650811,1.326439413483018,2.732473092126502,-0.5999999986263169,-0.13023474149377748,-0.6,0.6735906778351555,5.732235467825109,false,false,0,anchor_static_dense,92,0,REVERSE,
51.478,7.478239229675789,1.3022209427127627,2.715189421627101,-0.5999999991280732,-0.19951124193184477,-0.6,0.7233755548950965,5.673237293497527,false,false,0,anchor_static_dense,92,0,REVERSE,
51.578,7.5326423514684215,1.276919746146642,2.691943752477574,-0.5999999994465564,-0.25081373801221585,-0.6,0.7837903717917298,5.614492291833336,false,false,0,anchor_static_dense,92,0,REVERSE,
51.678,7.586385796933247,1.2502473975929858,2.6632632765399653,-0.5999999996487091,-0.3095764790852454,-0.6,0.8080273827072914,5.556108106834685,false,false,0,anchor_static_dense,92,0,REVERSE,
51.778,7.639279206345535,1.2219284492095932,2.6292948433785166,-0.5999999997770228,-0.3564998962106694,-0.6,0.8952031095978553,5.498221218040169,false,false,0,anchor_static_dense,94,0,REVERSE,
51.878,7.691141528006031,1.1917636038778519,2.5931545068206563,-0.5999999998584683,-0.35091274513608245,-0.6,0.9057597226928307,5.440981415442445,false,false,0,anchor_static_dense,94,0,REVERSE,
51.978,7.741935227660588,1.1598305928368735,2.562431758515747,-0.5999999999101647,-0.282259602019661,-0.6,0.9631532614706872,5.384463961639733,false,false,0,anchor_static_dense,94,0,REVERSE,
52.078,7.791801801799888,1.126466944900214,2.5370047263168254,-0.5999999999429783,-0.23894218980885273,-0.6,1.0352612917899011,5.3286261127693795,false,false,0,anchor_static_dense,94,0,REVERSE,
52.178,7.840879991343877,1.091952952140096,2.517691270892541,-0.5999999999638063,-0.1648233383695748,-0.6,1.0727778643462702,5.2734126060269,false,false,0,anchor_static_dense,94,0,REVERSE,
52.278,7.889375859217748,1.0566245422686722,2.5044060344353545,-0.5999999999770266,-0.11529133274830984,-0.6,1.0270386911246,5.218710044797548,false,false,0,anchor_static_dense,94,0,REVERSE,
52.378,7.937468347019193,1.0207485066315771,2.4960636029386043,-0.599999999985418,-0.0624087805317917,-0.6,0.9962614945697404,5.164412285170809,false,false,0,anchor_static_dense,94,0,REVERSE,
52.478,7.985335005514339,0.9845714563159205,2.492883504170042,-0.5999999999907443,-0.010411289446068298,-0.6,0.9398903244353798,5.110405655083746,false,false,0,anchor_static_dense,94,0,REVERSE,
52.578,8.033164657005855,0.9483454507966592,2.495143853050497,-0.599999999994125,0.04417145250859529,-0.6,0.9064547992560087,5.056561323514477,false,false,0,anchor_static_dense,94,0,REVERSE,
52.678,8.081152369454005,0.9123292698145499,2.502688431445157,-0.599999999996271,0.09798200288282785,-0.6,0.8508450961920438,5.002739920192565,false,false,0,anchor_static_dense,94,0,REVERSE,
52.778,8.129499112626116,0.8767970342926069,2.516859658624703,-0.5999999999976331,0.1690891380964603,-0.6,0.8493364033867337,4.948792977409148,false,false,0,anchor_static_dense,96,0,REVERSE,
52.878,8.178432336748303,0.8420777480307915,2.5369801404744066,-0.5999999999984977,0.22240519934122022,-0.6,0.8396575668236751,4.894548974629127,false,false,0,anchor_static_dense,96,0,REVERSE,
52.978,8.228124192500594,0.8084542130408209,2.5622653837956086,-0.5999999999990464,0.2722227051232462,-0.6,0.803278995071812,4.8398757150139256,false,false,0,anchor_static_dense,96,0,REVERSE,
53.078,8.278710517994917,0.7761931867802028,2.59225422276869,-0.5999999999993947,0.32173944265846016,-0.6,0.8061722999057858,4.784668247234686,false,false,0,anchor_static_dense,96,0,REVERSE,
53.178,8.330311559849791,0.7455832044825159,2.6282154659113974,-0.5999999999996158,0.381696686078249,-0.6,0.7849758969207048,4.728835421420258,false,false,0,anchor_static_dense,96,0,REVERSE,
53.278,8.383037917935578,0.7169569596634928,2.6688894933940897,-0.5999999999997563,0.41945784081921733,-0.6,0.7707179607419484,4.672297737647994,false,false,0,anchor_static_dense,96,0,REVERSE,
53.378,8.436913138118465,0.6905574987996137,2.7118966678428267,-0.5999999999998453,0.4359613711595039,-0.6,0.7533119783799249,4.615044026683197,false,false,0,anchor_static_dense,96,0,REVERSE,
53.478,8.491873875277745,0.6664993095790411,2.754095641816147,-0.5999999999999018,0.4086043647552138,-0.6,0.7511776387780555,4.557128754607734,false,false,0,anchor_static_dense,96,0,REVERSE,
53.578,8.547769096013061,0.6446980519437182,2.7922048743937258,-0.5999999999999376,0.3605280666520685,-0.6,0.7434078971407548,4.498665980109702,false,false,0,anchor_static_dense,96,0,REVERSE,
53.678,8.604413510293373,0.624921993737774,2.824913619427371,-0.5999999999999605,0.306301714372306,-0.6,0.7333925666037922,4.439786941594002,false,false,0,anchor_static_dense,96,0,REVERSE,
53.778,8.661639186292,0.6068944887295722,2.852880052632393,-0.5999999999999749,0.2650800423857623,-0.6,0.7321045570735998,4.380604464040034,false,false,0,anchor_static_dense,98,0,REVERSE,
53.878,8.719317760249364,0.5903712016475771,2.8760924847625353,-0.5999999999999841,0.2085691939687137,-0.6,0.722348922447597,4.321201059132903,false,false,0,anchor_static_dense,98,0,REVERSE,
53.978,8.77732526095506,0.5750399830841687,2.8923474725551395,-0.5999999999999899,0.13217086726853167,-0.6,0.7031932189029154,4.261649086200516,false,false,0,anchor_static_dense,98,0,REVERSE,
54.078,8.835533571365758,0.5604879011050535,2.9018579387623262,-0.5999999999999935,0.07097162410761,-0.6,0.7191456924365871,4.20201467423744,false,false,0,anchor_static_dense,98,0,REVERSE,
54.178,8.893844568581825,0.5463520481336219,2.9055192036242383,-0.5999999999999959,0.01329547831923654,-0.6,0.7226305152435927,4.142343900192834,false,false,0,anchor_static_dense,98,0,REVERSE,
54.278,8.95217443774127,0.5322941135010751,2.9034736504915255,-0.5999999999999973,-0.0391066412113108,-0.6,0.7125783111115126,4.082674222337989,false,false,0,anchor_static_dense,98,0,REVERSE,
54.378,9.010445413415153,0.5179944706652099,2.896038223430635,-0.5999999999999983,-0.09838323397099893,-0.6,0.7206681419909764,4.023041644201551,false,false,0,anchor_static_dense,98,0,REVERSE,
54.478,9.06857011419628,0.5031126969483187,2.8819538060339887,-0.5999999999999989,-0.1683755204924772,-0.6,0.7226159358319943,3.9634913060105554,false,false,0,anchor_static_dense,98,0,REVERSE,
54.578,9.126434974729557,0.4872527272712526,2.861061841261051,-0.5999999999999994,-0.23163494771631293,-0.5219537912983634,0.7334863898659081,3.904090319809684,false,false,0,anchor_static_dense,98,0,REVERSE,
54.678,9.182307268858052,0.4705332595393418,2.8339153713821768,-0.578274721954563,-0.30062008685716707,-0.6,0.7509256545641827,3.846580213351437,false,false,0,anchor_static_dense,98,0,REVERSE,
54.778,9.237656007207836,0.45212506602884284,2.79898681264555,-0.5862101748129575,-0.37825646501321647,-0.6,0.7072362890572051,3.7894128035133456,false,false,0,anchor_static_dense,100,0,REVERSE,
54.878,9.292843481686374,0.431437288104434,2.758004394254787,-0.5912470957429642,-0.4276105232730309,-0.6,0.6477931810215392,3.7321773249461385,false,false,0,anchor_static_dense,100,0,REVERSE,
54.978,9.347455101985796,0.4082674450762754,2.7133368612630435,-0.5944442128965619,-0.4573496661089231,-0.6,0.6106464753566505,3.6752913542627748,false,false,0,anchor_static_dense,100,0,REVERSE,
55.078,9.401173764993912,0.38252464654183727,2.666468608157631,-0.5964735395895692,-0.47500269230393327,-0.6,0.5256257033180047,3.619098696496139,false,false,0,anchor_static_dense,100,0,REVERSE,
55.178,9.45374809021508,0.35418967249267846,2.6183011943785623,-0.5977616271475484,-0.4853861007987136,-0.6,0.43802904990620417,3.563895752088388,false,false,0,anchor_static_dense,100,0,REVERSE,
55.278,9.50497132479155,0.323288095291433,2.569372026619511,-0.5985792232313818,-0.49146201318814664,-0.6,0.43148407287205903,3.509948807758669,false,false,0,anchor_static_dense,100,0,REVERSE,
55.378,9.554667338791711,0.28987354297738616,2.519997847508531,-0.5990981812417736,-0.4950079301025848,-0.6,0.4284916747239077,3.4575054327226806,false,false,0,anchor_static_dense,100,0,REVERSE,
55.478,9.60268143075884,0.25401775436963214,2.470364143156245,-0.5994275827908702,-0.4970750787650746,-0.6,0.44696113682877037,3.406801796472138,false,false,0,anchor_static_dense,100,0,REVERSE,0.0
55.578,9.648874389446911,0.21580483266940906,2.420579164023232,-0.5996366659505371,-0.49828001465974414,-0.6,0.43740694369446775,3.358067090382246,false,false,0,anchor_static_dense,100,0,REVERSE,
