run_id,episode_id,step_id,config_seq,t_observation,t_decision,t_request,t_ack,t_active,t_window_end,planner_cycle_count,valid_feedback_duration,state_valid,invalid_reason,goal_distance_start,goal_distance_end,path_error_mean,path_heading_error_mean,d_obs_min,obstacle_density_mean,ttc_min,linear_velocity_mean,angular_velocity_mean,eta_before_json,action_raw_json,eta_after_json,theta_previous_json,theta_candidate_json,theta_projected_json,theta_safe_json,theta_applied_json,projection_modified,projection_reason,safety_modified,safety_mode,safety_reason,fallback_active,fallback_reason,reward_total,reward_progress,reward_time,reward_near_obstacle,reward_path_error,reward_smoothness,reward_planner_failure,reward_parameter_adjustment,reward_terminal,cost_collision,cost_near_collision,cost_parameter_violation,cost_planner_failure,cost_emergency_or_fallback,inference_latency,parameter_write_latency,parameter_activation_latency,transition_stored,transition_drop_reason
t12p_directional_seed102,t12p_directional_seed102-episode-000001,0,1,2.844,2.304,2.306,2.324,2.342,2.842,0,0.4500000000000002,true,,5.188316573246222,4.910672763488033,0.09573504442729218,0.2980970732237582,1.3736414274353483,0.8793103448275862,1.6216558503224494,0.8470610007432922,-0.7058458163329283,"[0.0,0.0,0.0,0.0,0.0]","[0.11900460720062256,0.1584634780883789,0.04758739471435547,-0.15028727054595947,-0.17616766691207886]","[0.11900460720062256,0.1584634780883789,0.04758739471435547,-0.15028727054595947,-0.17616766691207886]","{""acc_lim_theta"":0.8,""acc_lim_x"":0.8,""inflation_dist"":0.55,""max_vel_theta"":1.0,""max_vel_x"":1.2,""min_obstacle_dist"":0.25,""weight_obstacle"":50.0,""weight_optimaltime"":1.0,""weight_viapoint"":1.0}","{""acc_lim_theta"":0.7971890152304395,""acc_lim_x"":0.8,""inflation_dist"":0.55,""max_vel_theta"":1.0,""max_vel_x"":1.2,""min_obstacle_dist"":0.2549400600987445,""weight_obstacle"":50.95124777688138,""weight_optimaltime"":1.0,""weight_viapoint"":1.0}","{""acc_lim_theta"":0.7971890152304395,""acc_lim_x"":0.8,""inflation_dist"":0.55,""max_vel_theta"":1.0,""max_vel_x"":1.2,""min_obstacle_dist"":0.2549400600987445,""weight_obstacle"":50.95124777688138,""weight_optimaltime"":1.0,""weight_viapoint"":1.0}","{""acc_lim_theta"":0.7971890152304395,""acc_lim_x"":0.8,""inflation_dist"":0.55,""max_vel_theta"":1.0,""max_vel_x"":1.2,""min_obstacle_dist"":0.2549400600987445,""weight_obstacle"":50.95124777688138,""weight_optimaltime"":1.0,""weight_viapoint"":1.0}","{""acc_lim_theta"":0.7971890152304395,""acc_lim_x"":0.8,""inflation_dist"":0.55,""max_vel_theta"":1.0,""max_vel_x"":1.2,""min_obstacle_dist"":0.2549400600987445,""weight_obstacle"":50.95124777688138,""weight_optimaltime"":1.0,""weight_viapoint"":1.0}",false,,false,NORMAL,,false,,1.1924405185488318,1.3882190487909485,-0.04500000000000002,-0.0,-0.0009774102306440587,-0.14521985422582176,-0.0,-0.0045812657856506905,0.0,0.0,0.0,0.0,0.0,0.0,1.9343729945831,17.999999999999794,36.00000000000003,true,
t12p_directional_seed102,t12p_directional_seed102-episode-000001,1,2,3.492,2.842,2.846,2.862,2.942,3.442,0,0.5,true,,4.806811694886424,4.419456168466084,0.016923078303444933,0.5981305053371472,0.8246517740976818,1.0,0.7156124145909989,1.152372090371019,-0.2012942850913201,"[0.11900460720062256,0.1584634780883789,0.04758739471435547,-0.15028727054595947,-0.17616766691207886]","[0.3225569725036621,0.3619283437728882,-0.07162833213806152,-0.12863439321517944,0.08528149127960205]","[0.44156157970428467,0.5203918218612671,-0.024040937423706055,-0.2789216637611389,-0.0908861756324768]","{""acc_lim_theta"":0.7971890152304395,""acc_lim_x"":0.8,""inflation_dist"":0.55,""max_vel_theta"":1.0,""max_vel_x"":1.2,""min_obstacle_dist"":0.2549400600987445,""weight_obstacle"":50.95124777688138,""weight_optimaltime"":1.0,""weight_viapoint"":1.0}","{""acc_lim_theta"":0.7778766215560365,""acc_lim_x"":0.8,""inflation_dist"":0.5506631531850881,""max_vel_theta"":1.0,""max_vel_x"":1.2,""min_obstacle_dist"":0.26137166314447435,""weight_obstacle"":50.49075561954733,""weight_optimaltime"":1.0,""weight_viapoint"":1.0}","{""acc_lim_theta"":0.7778766215560365,""acc_lim_x"":0.8,""inflation_dist"":0.5506631531850881,""max_vel_theta"":1.0,""max_vel_x"":1.2,""min_obstacle_dist"":0.26137166314447435,""weight_obstacle"":50.49075561954733,""weight_optimaltime"":1.0,""weight_viapoint"":1.0}","{""acc_lim_theta"":0.7778766215560365,""acc_lim_x"":0.8,""inflation_dist"":0.5506631531850881,""max_vel_theta"":1.0,""max_vel_x"":1.2,""min_obstacle_dist"":0.26137166314447435,""weight_obstacle"":50.95124777688138,""weight_optimaltime"":1.0,""weight_viapoint"":1.0}","{""acc_lim_theta"":0.7778766215560365,""acc_lim_x"":0.8,""inflation_dist"":0.5506631531850881,""max_vel_theta"":1.0,""max_vel_x"":1.2,""min_obstacle_dist"":0.26137166314447435,""weight_obstacle"":50.95124777688138,""weight_optimaltime"":1.0,""weight_viapoint"":1.0}",false,,true,WARNING,margin:warning|safety_mode:WARNING:conservative_filter,false,,1.7942487382141288,1.9367776321016983,-0.05,-0.0,-0.004125977658234814,-0.08081270425384535,-0.0,-0.007590211975489269,0.0,0.0,0.0,0.0,0.0,0.0,0.9639310010243207,16.000000000000014,96.00000000000009,true,
t12p_directional_seed102,t12p_directional_seed102-episode-000001,2,3,4.042,3.484,3.4939999999999998,3.51,3.54,4.04,0,0.4500000000000002,true,,4.3290419503917335,3.9452904085825944,0.01508364914663704,0.6474987625323998,0.4941949191017209,1.0,0.4258538900432981,1.1604799924487583,0.03820474959464493,"[0.44156157970428467,0.5203918218612671,-0.024040937423706055,-0.2789216637611389,-0.0908861756324768]","[0.5096211433410645,0.35280168056488037,-0.04618114233016968,-0.4371527433395386,-0.1725093126296997]","[0.9511827230453491,0.8731935024261475,-0.07022207975387573,-0.7160744071006775,-0.2633954882621765]","{""acc_lim_theta"":0.7778766215560365,""acc_lim_x"":0.8,""inflation_dist"":0.5506631531850881,""max_vel_theta"":1.0,""max_vel_x"":1.2,""min_obstacle_dist"":0.26137166314447435,""weight_obstacle"":50.95124777688138,""weight_optimaltime"":1.0,""weight_viapoint"":1.0}","{""acc_lim_theta"":0.7516446286945816,""acc_lim_x"":0.8,""inflation_dist"":0.5510907098615192,""max_vel_theta"":1.0,""max_vel_x"":1.2,""min_obstacle_dist"":0.26827714029460387,""weight_obstacle"":51.8827416372856,""weight_optimaltime"":1.0,""weight_viapoint"":1.0}","{""acc_lim_theta"":0.7516446286945816,""acc_lim_x"":0.8,""inflation_dist"":0.5510907098615192,""max_vel_theta"":1.0,""max_vel_x"":1.2,""min_obstacle_dist"":0.26827714029460387,""weight_obstacle"":51.8827416372856,""weight_optimaltime"":1.0,""weight_viapoint"":1.0}","{""acc_lim_theta"":0.7516446286945816,""acc_lim_x"":0.8,""inflation_dist"":0.5510907098615192,""max_vel_theta"":1.0,""max_vel_x"":1.2,""min_obstacle_dist"":0.26827714029460387,""weight_obstacle"":51.8827416372856,""weight_optimaltime"":1.0,""weight_viapoint"":1.0}","{""acc_lim_theta"":0.7516446286945816,""acc_lim_x"":0.8,""inflation_dist"":0.5510907098615192,""max_vel_theta"":1.0,""max_vel_x"":1.2,""min_obstacle_dist"":0.26827714029460387,""weight_obstacle"":51.8827416372856,""weight_optimaltime"":1.0,""weight_viapoint"":1.0}",false,,false,WARNING,margin:warning|safety_mode:WARNING:conservative_filter,false,,1.858981860374259,1.9187577090456953,-0.04500000000000002,-0.002926792314206331,-5.4869778415446344e-05,-0.0004888507321818937,-0.0,-0.01130533584663287,0.0,0.0,0.0,0.0,0.0,0.0,1.528886001324281,16.000000000000014,46.00000000000026,true,
t12p_directional_seed102,t12p_directional_seed102-episode-000001,3,4,4.642,4.04,4.044,4.062,4.14,4.64,0,0.4499999999999993,true,,3.834952136232514,3.4893229316862655,0.03753106731323313,0.5282368826203871,0.36193280396865285,1.0,0.3041909455892196,1.1898210949954047,0.4585764696714416,"[0.9511827230453491,0.8731935024261475,-0.07022207975387573,-0.7160744071006775,-0.2633954882621765]","[0.4452850818634033,0.10947155952453613,0.14735591411590576,-0.4091482162475586,-0.3590632677078247]","[1.0,0.9826650619506836,0.07713383436203003,-1.0,-0.6224587559700012]","{""acc_lim_theta"":0.7516446286945816,""acc_lim_x"":0.8,""inflation_dist"":0.5510907098615192,""max_vel_theta"":1.0,""max_vel_x"":1.2,""min_obstacle_dist"":0.26827714029460387,""weight_obstacle"":51.8827416372856,""weight_optimaltime"":1.0,""weight_viapoint"":1.0}","{""acc_lim_theta"":0.7350082559858077,""acc_lim_x"":0.8,""inflation_dist"":0.55,""max_vel_theta"":1.0,""max_vel_x"":1.2,""min_obstacle_dist"":0.27476999436502086,""weight_obstacle"":53.82156583331299,""weight_optimaltime"":1.0,""weight_viapoint"":1.0}","{""acc_lim_theta"":0.7350082559858077,""acc_lim_x"":0.8,""inflation_dist"":0.55,""max_vel_theta"":1.0,""max_vel_x"":1.2,""min_obstacle_dist"":0.27476999436502086,""weight_obstacle"":53.82156583331299,""weight_optimaltime"":1.0,""weight_viapoint"":1.0}","{""acc_lim_theta"":0.7350082559858077,""acc_lim_x"":0.8,""inflation_dist"":0.5510907098615192,""max_vel_theta"":1.0,""max_vel_x"":1.2,""min_obstacle_dist"":0.27476999436502086,""weight_obstacle"":53.82156583331299,""weight_optimaltime"":1.0,""weight_viapoint"":1.0}","{""acc_lim_theta"":0.7350082559858077,""acc_lim_x"":0.8,""inflation_dist"":0.5510907098615192,""max_vel_theta"":1.0,""max_vel_x"":1.2,""min_obstacle_dist"":0.27476999436502086,""weight_obstacle"":53.82156583331299,""weight_optimaltime"":1.0,""weight_viapoint"":1.0}",false,,true,WARNING,margin:warning|safety_mode:WARNING:conservative_filter,false,,1.5649463786565219,1.7281460227312428,-0.04499999999999993,-0.10380425262367354,-0.00046069093242234467,-0.0033008173212100557,-0.0,-0.010633883197415065,0.0,0.0,0.0,0.0,0.0,0.0,1.1215730046387762,18.000000000000682,96.00000000000009,true,
t12p_directional_seed102,t12p_directional_seed102-episode-000001,4,5,5.242,4.624,4.644,4.666,4.74,5.24,0,0.4500000000000002,true,,3.380556587399864,3.0206031466774235,0.01048141394735826,0.1503687228661887,0.36193280396865285,1.0,0.4643724925153428,1.0722252664421086,0.7460814293575297,"[1.0,0.9826650619506836,0.07713383436203003,-1.0,-0.6224587559700012]","[0.17373442649841309,-0.18750429153442383,0.18306922912597656,-0.5353753566741943,-0.023622632026672363]","[1.0,0.7951607704162598,0.2602030634880066,-1.0,-0.6460813879966736]","{""acc_lim_theta"":0.7350082559858077,""acc_lim_x"":0.8,""inflation_dist"":0.5510907098615192,""max_vel_theta"":1.0,""max_vel_x"":1.2,""min_obstacle_dist"":0.27476999436502086,""weight_obstacle"":53.82156583331299,""weight_optimaltime"":1.0,""weight_viapoint"":1.0}","{""acc_lim_theta"":0.714945279366549,""acc_lim_x"":0.8,""inflation_dist"":0.55,""max_vel_theta"":1.0,""max_vel_x"":1.2,""min_obstacle_dist"":0.27536503623910086,""weight_obstacle"":53.94912031929408,""weight_optimaltime"":0.9812495708465576,""weight_viapoint"":1.0}","{""acc_lim_theta"":0.714945279366549,""acc_lim_x"":0.8,""inflation_dist"":0.55,""max_vel_theta"":1.0,""max_vel_x"":1.2,""min_obstacle_dist"":0.27536503623910086,""weight_obstacle"":53.94912031929408,""weight_optimaltime"":0.9812495708465576,""weight_viapoint"":1.0}","{""acc_lim_theta"":0.6350082559858077,""acc_lim_x"":0.7000000000000001,""inflation_dist"":0.55,""max_vel_theta"":0.9,""max_vel_x"":1.0999999999999999,""min_obstacle_dist"":0.25,""weight_obstacle"":60.0,""weight_optimaltime"":0.9,""weight_viapoint"":1.5}","{""acc_lim_theta"":0.6350082559858077,""acc_lim_x"":0.7000000000000001,""inflation_dist"":0.55,""max_vel_theta"":0.9,""max_vel_x"":1.0999999999999999,""min_obstacle_dist"":0.25,""weight_obstacle"":60.0,""weight_optimaltime"":0.9,""weight_viapoint"":1.5}",false,,true,WARNING,margin:warning|safety_mode:WARNING:conservative_filter|warning:corridor_feasibility_profile,false,,1.505121261339518,1.7997672036122037,-0.04500000000000002,-0.08631696357643658,-0.007625140877407257,-0.009794007017120724,-0.0,-0.14590983080172118,0.0,0.0,0.0,0.0,0.0,0.0,2.9004009993514046,22.00000000000024,96.00000000000009,true,
t12p_directional_seed102,t12p_directional_seed102-episode-000001,5,6,5.842,5.24,5.244,5.2620000000000005,5.34,5.84,0,0.4500000000000002,true,,2.8975087565700384,2.4605373893020124,0.1398332769096407,0.2826300231362531,0.36193280396865285,1.0,0.42893364225396585,1.057365834407181,0.6658235237706732,"[1.0,0.7951607704162598,0.2602030634880066,-1.0,-0.6460813879966736]","[-0.14245939254760742,-0.132354736328125,0.15707194805145264,-0.12283831834793091,0.14143478870391846]","[0.8575406074523926,0.6628060340881348,0.41727501153945923,-1.0,-0.5046465992927551]","{""acc_lim_theta"":0.6350082559858077,""acc_lim_x"":0.7000000000000001,""inflation_dist"":0.55,""max_vel_theta"":0.9,""max_vel_x"":1.0999999999999999,""min_obstacle_dist"":0.25,""weight_obstacle"":60.0,""weight_optimaltime"":0.9,""weight_viapoint"":1.5}","{""acc_lim_theta"":0.6329117054532245,""acc_lim_x"":0.7000976879995373,""inflation_dist"":0.55,""max_vel_theta"":0.9,""max_vel_x"":1.0919691860906877,""min_obstacle_dist"":0.251169269286531,""weight_obstacle"":59.23629840431823,""weight_optimaltime"":0.8867645263671875,""weight_viapoint"":1.5}","{""acc_lim_theta"":0.6329117054532245,""acc_lim_x"":0.7000976879995373,""inflation_dist"":0.55,""max_vel_theta"":0.9,""max_vel_x"":1.0919691860906877,""min_obstacle_dist"":0.251169269286531,""weight_obstacle"":59.23629840431823,""weight_optimaltime"":0.8867645263671875,""weight_viapoint"":1.5}","{""acc_lim_theta"":0.6329117054532245,""acc_lim_x"":0.7000976879995373,""inflation_dist"":0.55,""max_vel_theta"":0.9,""max_vel_x"":1.0919691860906877,""min_obstacle_dist"":0.251169269286531,""weight_obstacle"":60.0,""weight_optimaltime"":0.8867645263671875,""weight_viapoint"":1.5}","{""acc_lim_theta"":0.6329117054532245,""acc_lim_x"":0.7000976879995373,""inflation_dist"":0.55,""max_vel_theta"":0.9,""max_vel_x"":1.0919691860906877,""min_obstacle_dist"":0.251169269286531,""weight_obstacle"":60.0,""weight_optimaltime"":0.8867645263671875,""weight_viapoint"":1.5}",false,,true,WARNING,margin:warning|safety_mode:WARNING:conservative_filter,false,,2.1012273599536586,2.18485683634013,-0.04500000000000002,-0.0195483891409206,-0.008552023275490405,-0.005527232910970025,-0.0,-0.005001831059090366,0.0,0.0,0.0,0.0,0.0,0.0,0.6783779972465709,18.000000000000682,96.00000000000009,true,
t12p_directional_seed102,t12p_directional_seed102-episode-000001,6,7,6.442,5.84,5.842,5.858,5.9399999999999995,6.4399999999999995,0,0.4500000000000002,true,,2.3366483429383114,1.9063878670207088,0.021317701088675305,0.6104722758465967,0.3454066330309146,1.0,0.5353248435582338,0.6928686527320213,0.4704028673609635,"[0.8575406074523926,0.6628060340881348,0.41727501153945923,-1.0,-0.5046465992927551]","[-0.08747738599777222,0.12809574604034424,0.4303886890411377,-0.02580934762954712,0.2736039161682129]","[0.7700632214546204,0.790901780128479,0.8476637005805969,-1.0,-0.23104268312454224]","{""acc_lim_theta"":0.6329117054532245,""acc_lim_x"":0.7000976879995373,""inflation_dist"":0.55,""max_vel_theta"":0.9,""max_vel_x"":1.0919691860906877,""min_obstacle_dist"":0.251169269286531,""weight_obstacle"":60.0,""weight_optimaltime"":0.8867645263671875,""weight_viapoint"":1.5}","{""acc_lim_theta"":0.6266408554913859,""acc_lim_x"":0.7094808061735638,""inflation_dist"":0.55,""max_vel_theta"":0.9,""max_vel_x"":1.0750337083671453,""min_obstacle_dist"":0.2657072285421573,""weight_obstacle"":58.52262834853263,""weight_optimaltime"":0.8995741009712219,""weight_viapoint"":1.5}","{""acc_lim_theta"":0.6266408554913859,""acc_lim_x"":0.7094808061735638,""inflation_dist"":0.55,""max_vel_theta"":0.8958614236392878,""max_vel_x"":1.0750337083671453,""min_obstacle_dist"":0.2657072285421573,""weight_obstacle"":58.52262834853263,""weight_optimaltime"":0.8995741009712219,""weight_viapoint"":1.5}","{""acc_lim_theta"":0.6266408554913859,""acc_lim_x"":0.7094808061735638,""inflation_dist"":0.55,""max_vel_theta"":0.8958614236392878,""max_vel_x"":1.0750337083671453,""min_obstacle_dist"":0.2657072285421573,""weight_obstacle"":60.0,""weight_optimaltime"":0.8995741009712219,""weight_viapoint"":1.5}","{""acc_lim_theta"":0.6266408554913859,""acc_lim_x"":0.7094808061735638,""inflation_dist"":0.55,""max_vel_theta"":0.8958614236392878,""max_vel_x"":1.0750337083671453,""min_obstacle_dist"":0.2657072285421573,""weight_obstacle"":60.0,""weight_optimaltime"":0.8995741009712219,""weight_viapoint"":1.5}",true,max_vel_theta:ackermann_turning_radius,true,WARNING,margin:warning|safety_mode:WARNING:conservative_filter,false,,1.9016258525084055,2.151302379588013,-0.04500000000000002,-0.10395324295404045,-0.0040553788129312745,-0.08072701976287919,-0.0,-0.015940885549756516,0.0,0.0,0.0,1.0,0.0,0.0,0.8409090078203008,16.000000000000014,97.99999999999986,true,
t12p_directional_seed102,t12p_directional_seed102-episode-000001,7,8,7.09,6.44,6.442,6.46,6.54,7.04,0,0.5,true,,1.8198059014470793,1.5042090593897135,0.07122702591671756,0.8048210618534429,0.3454066330309146,1.0,0.44637544664280515,0.8956498208084276,0.14423163404143563,"[0.7700632214546204,0.790901780128479,0.8476637005805969,-1.0,-0.23104268312454224]","[0.08265054225921631,0.4821434020996094,0.4665529727935791,0.18018662929534912,0.23239409923553467]","[0.8527137637138367,1.0,1.0,-0.8198133707046509,0.0013514161109924316]","{""acc_lim_theta"":0.6266408554913859,""acc_lim_x"":0.7094808061735638,""inflation_dist"":0.55,""max_vel_theta"":0.8958614236392878,""max_vel_x"":1.0750337083671453,""min_obstacle_dist"":0.2657072285421573,""weight_obstacle"":60.0,""weight_optimaltime"":0.8995741009712219,""weight_viapoint"":1.5}","{""acc_lim_theta"":0.6201191360838646,""acc_lim_x"":0.725792228617395,""inflation_dist"":0.55,""max_vel_theta"":0.8958614236392878,""max_vel_x"":1.0588922350717844,""min_obstacle_dist"":0.28939493916152154,""weight_obstacle"":58.74514788023797,""weight_optimaltime"":0.9477884411811829,""weight_viapoint"":1.5}","{""acc_lim_theta"":0.6201191360838646,""acc_lim_x"":0.725792228617395,""inflation_dist"":0.55,""max_vel_theta"":0.8824101958931537,""max_vel_x"":1.0588922350717844,""min_obstacle_dist"":0.28939493916152154,""weight_obstacle"":58.74514788023797,""weight_optimaltime"":0.9477884411811829,""weight_viapoint"":1.5}","{""acc_lim_theta"":0.6,""acc_lim_x"":0.6094808061735638,""inflation_dist"":0.55,""max_vel_theta"":0.7958614236392878,""max_vel_x"":0.9750337083671453,""min_obstacle_dist"":0.25,""weight_obstacle"":60.0,""weight_optimaltime"":0.799574100971222,""weight_viapoint"":2.0}","{""acc_lim_theta"":0.6,""acc_lim_x"":0.6094808061735638,""inflation_dist"":0.55,""max_vel_theta"":0.7958614236392878,""max_vel_x"":0.9750337083671453,""min_obstacle_dist"":0.25,""weight_obstacle"":60.0,""weight_optimaltime"":0.799574100971222,""weight_viapoint"":2.0}",true,max_vel_theta:ackermann_turning_radius,true,WARNING,margin:warning|safety_mode:WARNING:conservative_filter|warning:corridor_feasibility_profile,false,,1.2557006192788533,1.5779842102868291,-0.05,-0.12663333405679542,-0.0007792336647643581,-0.03359458466337333,-0.0,-0.1112764386230427,0.0,0.0,0.0,1.0,0.0,0.0,0.8106239984044805,17.999999999999794,97.99999999999986,true,
t12p_directional_seed102,t12p_directional_seed102-episode-000001,8,9,7.6899999999999995,7.084,7.09,7.116,7.14,7.64,0,0.5,true,,1.4172053485399287,1.0411838873774855,0.12349266497065728,0.7725690540228751,0.3454066330309146,1.0,0.6433687455553933,0.8320543447228798,-0.32839877008156476,"[0.8527137637138367,1.0,1.0,-0.8198133707046509,0.0013514161109924316]","[-0.04068803787231445,0.5979527235031128,0.4643479585647583,0.14047908782958984,-0.018188536167144775]","[0.8120257258415222,1.0,1.0,-0.679334282875061,-0.016837120056152344]","{""acc_lim_theta"":0.6,""acc_lim_x"":0.6094808061735638,""inflation_dist"":0.55,""max_vel_theta"":0.7958614236392878,""max_vel_x"":0.9750337083671453,""min_obstacle_dist"":0.25,""weight_obstacle"":60.0,""weight_optimaltime"":0.799574100971222,""weight_viapoint"":2.0}","{""acc_lim_theta"":0.6058822452183616,""acc_lim_x"":0.6288605938759638,""inflation_dist"":0.55,""max_vel_theta"":0.7958614236392878,""max_vel_x"":0.9720709634578497,""min_obstacle_dist"":0.2763030086715215,""weight_obstacle"":60.098212145832406,""weight_optimaltime"":0.8593693733215333,""weight_viapoint"":2.0}","{""acc_lim_theta"":0.6058822452183616,""acc_lim_x"":0.6288605938759638,""inflation_dist"":0.55,""max_vel_theta"":0.7958614236392878,""max_vel_x"":0.9720709634578497,""min_obstacle_dist"":0.2763030086715215,""weight_obstacle"":60.098212145832406,""weight_optimaltime"":0.8593693733215333,""weight_viapoint"":2.0}","{""acc_lim_theta"":0.6,""acc_lim_x"":0.5094808061735638,""inflation_dist"":0.55,""max_vel_theta"":0.6958614236392878,""max_vel_x"":0.8750337083671453,""min_obstacle_dist"":0.25,""weight_obstacle"":60.0,""weight_optimaltime"":0.699574100971222,""weight_viapoint"":2.5}","{""acc_lim_theta"":0.6,""acc_lim_x"":0.5094808061735638,""inflation_dist"":0.55,""max_vel_theta"":0.6958614236392878,""max_vel_x"":0.8750337083671453,""min_obstacle_dist"":0.25,""weight_obstacle"":60.0,""weight_optimaltime"":0.699574100971222,""weight_viapoint"":2.5}",false,,true,WARNING,margin:warning|safety_mode:WARNING:conservative_filter|warning:corridor_feasibility_profile,false,,1.664677792103441,1.8801073058122164,-0.05,-0.0525081023434408,-0.003322159543814318,-0.011265918488186658,-0.0,-0.09833333333333331,0.0,0.0,0.0,0.0,0.0,0.0,0.874944991664961,25.9999999999998,49.99999999999982,true,
t12p_directional_seed102,t12p_directional_seed102-episode-000001,9,10,10.15,7.684,7.692,7.716,7.74,8.24,0,0.5,true,,0.9626223633597998,0.5648526647171638,0.01257799217886982,0.01342299100215832,0.3454066330309146,0.8813559322033898,28.308637616472225,0.0,0.0,"[0.8120257258415222,1.0,1.0,-0.679334282875061,-0.016837120056152344]","[0.0984795093536377,0.3386509418487549,0.5061826705932617,-0.40642476081848145,-0.22545629739761353]","[0.9105052351951599,1.0,1.0,-1.0,-0.24229341745376587]","{""acc_lim_theta"":0.6,""acc_lim_x"":0.5094808061735638,""inflation_dist"":0.55,""max_vel_theta"":0.6958614236392878,""max_vel_x"":0.8750337083671453,""min_obstacle_dist"":0.25,""weight_obstacle"":60.0,""weight_optimaltime"":0.699574100971222,""weight_viapoint"":2.5}","{""acc_lim_theta"":0.593087123562059,""acc_lim_x"":0.5440808487855563,""inflation_dist"":0.55,""max_vel_theta"":0.6958614236392878,""max_vel_x"":0.8994057139995446,""min_obstacle_dist"":0.27143997734879305,""weight_obstacle"":61.217390259192236,""weight_optimaltime"":0.7334391951560975,""weight_viapoint"":2.5}","{""acc_lim_theta"":0.593087123562059,""acc_lim_x"":0.5440808487855563,""inflation_dist"":0.55,""max_vel_theta"":0.6958614236392878,""max_vel_x"":0.8994057139995446,""min_obstacle_dist"":0.27143997734879305,""weight_obstacle"":61.217390259192236,""weight_optimaltime"":0.7334391951560975,""weight_viapoint"":2.5}","{""acc_lim_theta"":0.593087123562059,""acc_lim_x"":0.5440808487855563,""inflation_dist"":0.55,""max_vel_theta"":0.6958614236392878,""max_vel_x"":0.8750337083671453,""min_obstacle_dist"":0.27143997734879305,""weight_obstacle"":61.217390259192236,""weight_optimaltime"":0.7334391951560975,""weight_viapoint"":2.5}","{""acc_lim_theta"":0.593087123562059,""acc_lim_x"":0.5440808487855563,""inflation_dist"":0.55,""max_vel_theta"":0.6958614236392878,""max_vel_x"":0.8750337083671453,""min_obstacle_dist"":0.27143997734879305,""weight_obstacle"":61.217390259192236,""weight_optimaltime"":0.7334391951560975,""weight_viapoint"":2.5}",false,,true,WARNING,margin:warning|safety_mode:WARNING:conservative_filter,false,,11.895047190832402,1.98884849321318,-0.05,-0.0030928779220500808,-0.01112415264979899,-0.001422251751569039,-0.0,-0.02816202005736016,10.0,0.0,0.0,0.0,0.0,0.0,1.0337550047552213,24.00000000000002,48.00000000000004,true,
t12p_directional_seed102,t12p_directional_seed102-episode-000002,0,1,11.646,11.104,11.106,11.122,11.144,11.644,0,0.4499999999999993,true,,5.771341981773499,5.3543041511784475,0.07634192461945609,0.2757183323321311,1.4917466244747404,0.0,1.2797942619486593,1.1656144028989122,0.408720715029022,"[0.0,0.0,0.0,0.0,0.0]","[0.18808984756469727,0.1739954948425293,-0.03762716054916382,-0.3093116283416748,-0.21065884828567505]","[0.18808984756469727,0.1739954948425293,-0.03762716054916382,-0.3093116283416748,-0.21065884828567505]","{""acc_lim_theta"":0.8,""acc_lim_x"":0.8,""inflation_dist"":0.55,""max_vel_theta"":1.0,""max_vel_x"":1.2,""min_obstacle_dist"":0.25,""weight_obstacle"":50.0,""weight_optimaltime"":1.0,""weight_viapoint"":1.0}","{""acc_lim_theta"":0.7914382975888856,""acc_lim_x"":0.8,""inflation_dist"":0.5503483617532222,""max_vel_theta"":1.0,""max_vel_x"":1.2,""min_obstacle_dist"":0.25300608097443744,""weight_obstacle"":51.13748887423337,""weight_optimaltime"":1.0,""weight_viapoint"":1.0}","{""acc_lim_theta"":0.7914382975888856,""acc_lim_x"":0.8,""inflation_dist"":0.5503483617532222,""max_vel_theta"":1.0,""max_vel_x"":1.2,""min_obstacle_dist"":0.25300608097443744,""weight_obstacle"":51.13748887423337,""weight_optimaltime"":1.0,""weight_viapoint"":1.0}","{""acc_lim_theta"":0.7914382975888856,""acc_lim_x"":0.8,""inflation_dist"":0.5503483617532222,""max_vel_theta"":1.0,""max_vel_x"":1.2,""min_obstacle_dist"":0.25300608097443744,""weight_obstacle"":51.13748887423337,""weight_optimaltime"":1.0,""weight_viapoint"":1.0}","{""acc_lim_theta"":0.7914382975888856,""acc_lim_x"":0.8,""inflation_dist"":0.5503483617532222,""max_vel_theta"":1.0,""max_vel_x"":1.2,""min_obstacle_dist"":0.25300608097443744,""weight_obstacle"":51.13748887423337,""weight_optimaltime"":1.0,""weight_viapoint"":1.0}",false,,false,NORMAL,,false,,1.846449795364143,2.0851891529752598,-0.04499999999999993,-0.0,-0.0005472462482870388,-0.18747474369231712,-0.0,-0.0057173676705123706,0.0,0.0,0.0,0.0,0.0,0.0,1.128304997109808,16.000000000000014,38.000000000000256,true,
t12p_directional_seed102,t12p_directional_seed102-episode-000002,1,2,12.292,11.644,11.646,11.662,11.742,12.242,0,0.5,true,,5.199460537113672,4.67308636029859,0.08879530216810162,0.4079197987018486,0.7319051530585926,0.96,0.6264053115583496,1.1684210519188993,0.011762071773318604,"[0.18808984756469727,0.1739954948425293,-0.03762716054916382,-0.3093116283416748,-0.21065884828567505]","[0.19030046463012695,0.49045777320861816,0.02124631404876709,-0.13568443059921265,-0.026805996894836426]","[0.3783903121948242,0.6644532680511475,-0.01638084650039673,-0.44499605894088745,-0.23746484518051147]","{""acc_lim_theta"":0.7914382975888856,""acc_lim_x"":0.8,""inflation_dist"":0.5503483617532222,""max_vel_theta"":1.0,""max_vel_x"":1.2,""min_obstacle_dist"":0.25300608097443744,""weight_obstacle"":51.13748887423337,""weight_optimaltime"":1.0,""weight_viapoint"":1.0}","{""acc_lim_theta"":0.7810910937171927,""acc_lim_x"":0.8,""inflation_dist"":0.5501516580130644,""max_vel_theta"":1.0,""max_vel_x"":1.2,""min_obstacle_dist"":0.26490486586959827,""weight_obstacle"":51.2822324892239,""weight_optimaltime"":1.0,""weight_viapoint"":1.0}","{""acc_lim_theta"":0.7810910937171927,""acc_lim_x"":0.8,""inflation_dist"":0.5501516580130644,""max_vel_theta"":1.0,""max_vel_x"":1.2,""min_obstacle_dist"":0.26490486586959827,""weight_obstacle"":51.2822324892239,""weight_optimaltime"":1.0,""weight_viapoint"":1.0}","{""acc_lim_theta"":0.7810910937171927,""acc_lim_x"":0.8,""inflation_dist"":0.5503483617532222,""max_vel_theta"":1.0,""max_vel_x"":1.2,""min_obstacle_dist"":0.26490486586959827,""weight_obstacle"":51.2822324892239,""weight_optimaltime"":1.0,""weight_viapoint"":1.0}","{""acc_lim_theta"":0.7810910937171927,""acc_lim_x"":0.8,""inflation_dist"":0.5503483617532222,""max_vel_theta"":1.0,""max_vel_x"":1.2,""min_obstacle_dist"":0.26490486586959827,""weight_obstacle"":51.2822324892239,""weight_optimaltime"":1.0,""weight_viapoint"":1.0}",false,,true,WARNING,margin:warning|safety_mode:WARNING:conservative_filter,false,,2.5712654127863894,2.6318708840754113,-0.05,-0.0,-0.0028355288722984144,-0.00013414026075461637,-0.0,-0.007635802155968637,0.0,0.0,0.0,0.0,0.0,0.0,0.7784909976180643,16.000000000000014,96.00000000000009,true,
t12p_directional_seed102,t12p_directional_seed102-episode-000002,2,3,12.844,12.284,12.292,12.312,12.342,12.842,0,0.45000000000000107,true,,4.551597903192429,4.119800911230924,0.16209925859526536,0.3891900672305984,0.48886777833237777,1.0,0.41979204187319324,1.1645475129803682,-0.194634189539595,"[0.3783903121948242,0.6644532680511475,-0.01638084650039673,-0.44499605894088745,-0.23746484518051147]","[-0.02006399631500244,0.4695202112197876,-0.10271191596984863,-0.0001468062400817871,0.06873619556427002]","[0.3583263158798218,1.0,-0.11909276247024536,-0.44514286518096924,-0.16872864961624146]","{""acc_lim_theta"":0.7810910937171927,""acc_lim_x"":0.8,""inflation_dist"":0.5503483617532222,""max_vel_theta"":1.0,""max_vel_x"":1.2,""min_obstacle_dist"":0.26490486586959827,""weight_obstacle"":51.2822324892239,""weight_optimaltime"":1.0,""weight_viapoint"":1.0}","{""acc_lim_theta"":0.7796008204775159,""acc_lim_x"":0.8,""inflation_dist"":0.5512992946060299,""max_vel_theta"":1.0,""max_vel_x"":1.1956340787732764,""min_obstacle_dist"":0.2729850082981298,""weight_obstacle"":50.91107951678641,""weight_optimaltime"":1.0,""weight_viapoint"":1.0}","{""acc_lim_theta"":0.7796008204775159,""acc_lim_x"":0.8,""inflation_dist"":0.5512992946060299,""max_vel_theta"":0.9963617323110637,""max_vel_x"":1.1956340787732764,""min_obstacle_dist"":0.2729850082981298,""weight_obstacle"":50.91107951678641,""weight_optimaltime"":1.0,""weight_viapoint"":1.0}","{""acc_lim_theta"":0.7796008204775159,""acc_lim_x"":0.8,""inflation_dist"":0.5512992946060299,""max_vel_theta"":0.9963617323110637,""max_vel_x"":1.1956340787732764,""min_obstacle_dist"":0.2729850082981298,""weight_obstacle"":51.2822324892239,""weight_optimaltime"":1.0,""weight_viapoint"":1.0}","{""acc_lim_theta"":0.7796008204775159,""acc_lim_x"":0.8,""inflation_dist"":0.5512992946060299,""max_vel_theta"":0.9963617323110637,""max_vel_x"":1.1956340787732764,""min_obstacle_dist"":0.2729850082981298,""weight_obstacle"":51.2822324892239,""weight_optimaltime"":1.0,""weight_viapoint"":1.0}",true,max_vel_theta:ackermann_turning_radius,true,WARNING,margin:warning|safety_mode:WARNING:conservative_filter,false,,2.098641604904524,2.158984959807526,-0.04500000000000011,-0.0025441051805119566,-0.0073372218390252595,-0.00013040042575701008,-0.0,-0.0053316274577085146,0.0,0.0,0.0,1.0,0.0,0.0,0.7099229987943545,19.999999999999574,50.00000000000071,true,
t12p_directional_seed102,t12p_directional_seed102-episode-000002,3,4,13.492,12.844,12.844,12.868,12.942,13.442,0,0.5,true,,3.9643734759179474,3.4956645484575897,0.1487065614814648,0.19643948736295072,0.38184745142220916,1.0,0.34682662997685665,1.1511302743876197,-0.32367303819226717,"[0.3583263158798218,1.0,-0.11909276247024536,-0.44514286518096924,-0.16872864961624146]","[0.3778296709060669,0.6092631816864014,-0.1887386441230774,0.03964042663574219,0.2847607135772705]","[0.7361559867858887,1.0,-0.30783140659332275,-0.40550243854522705,0.11603206396102905]","{""acc_lim_theta"":0.7796008204775159,""acc_lim_x"":0.8,""inflation_dist"":0.5512992946060299,""max_vel_theta"":0.9963617323110637,""max_vel_x"":1.1956340787732764,""min_obstacle_dist"":0.2729850082981298,""weight_obstacle"":51.2822324892239,""weight_optimaltime"":1.0,""weight_viapoint"":1.0}","{""acc_lim_theta"":0.7556791675936487,""acc_lim_x"":0.8,""inflation_dist"":0.553046684629829,""max_vel_theta"":0.9963617323110637,""max_vel_x"":1.1852258844679011,""min_obstacle_dist"":0.28197798020515463,""weight_obstacle"":50.0,""weight_optimaltime"":1.0,""weight_viapoint"":1.0}","{""acc_lim_theta"":0.7556791675936487,""acc_lim_x"":0.8,""inflation_dist"":0.553046684629829,""max_vel_theta"":0.9876882370565843,""max_vel_x"":1.1852258844679011,""min_obstacle_dist"":0.28197798020515463,""weight_obstacle"":50.0,""weight_optimaltime"":1.0,""weight_viapoint"":1.0}","{""acc_lim_theta"":0.7556791675936487,""acc_lim_x"":0.8,""inflation_dist"":0.553046684629829,""max_vel_theta"":0.9876882370565843,""max_vel_x"":1.1852258844679011,""min_obstacle_dist"":0.28197798020515463,""weight_obstacle"":51.2822324892239,""weight_optimaltime"":1.0,""weight_viapoint"":1.0}","{""acc_lim_theta"":0.7556791675936487,""acc_lim_x"":0.8,""inflation_dist"":0.553046684629829,""max_vel_theta"":0.9876882370565843,""max_vel_x"":1.1852258844679011,""min_obstacle_dist"":0.28197798020515463,""weight_obstacle"":51.2822324892239,""weight_optimaltime"":1.0,""weight_viapoint"":1.0}",true,max_vel_theta:ackermann_turning_radius,true,WARNING,margin:warning|safety_mode:WARNING:conservative_filter,false,,2.165627132379655,2.3435446373017887,-0.05,-0.10419406480532765,-0.010083404661669211,-9.378107705485015e-05,-0.0,-0.01354625437808252,0.0,0.0,0.0,1.0,0.0,0.0,0.7293209928320721,24.00000000000091,98.00000000000075,true,
t12p_directional_seed102,t12p_directional_seed102-episode-000002,4,5,14.092,13.484,13.494,13.518,13.542,14.042,0,0.5,true,,3.3946211660976164,2.9118305906305837,0.030798731596387338,0.07134309520407396,0.38184745142220916,1.0,0.4298154281396419,1.0531044560944856,-0.39250396719508995,"[0.7361559867858887,1.0,-0.30783140659332275,-0.40550243854522705,0.11603206396102905]","[-0.02536606788635254,0.28464269638061523,-0.06721782684326172,-0.16086703538894653,0.38181543350219727]","[0.7107899188995361,1.0,-0.3750492334365845,-0.5663694739341736,0.4978474974632263]","{""acc_lim_theta"":0.7556791675936487,""acc_lim_x"":0.8,""inflation_dist"":0.553046684629829,""max_vel_theta"":0.9876882370565843,""max_vel_x"":1.1852258844679011,""min_obstacle_dist"":0.28197798020515463,""weight_obstacle"":51.2822324892239,""weight_optimaltime"":1.0,""weight_viapoint"":1.0}","{""acc_lim_theta"":0.7397749519021388,""acc_lim_x"":0.8,""inflation_dist"":0.5536690042432452,""max_vel_theta"":0.9876882370565843,""max_vel_x"":1.1662961925609923,""min_obstacle_dist"":0.2867433305512871,""weight_obstacle"":50.0,""weight_optimaltime"":1.0,""weight_viapoint"":1.0}","{""acc_lim_theta"":0.7397749519021388,""acc_lim_x"":0.8,""inflation_dist"":0.5536690042432452,""max_vel_theta"":0.9719134938008269,""max_vel_x"":1.1662961925609923,""min_obstacle_dist"":0.2867433305512871,""weight_obstacle"":50.0,""weight_optimaltime"":1.0,""weight_viapoint"":1.0}","{""acc_lim_theta"":0.6556791675936487,""acc_lim_x"":0.7000000000000001,""inflation_dist"":0.55,""max_vel_theta"":0.8876882370565843,""max_vel_x"":1.085225884467901,""min_obstacle_dist"":0.25,""weight_obstacle"":60.0,""weight_optimaltime"":0.9,""weight_viapoint"":1.5}","{""acc_lim_theta"":0.6556791675936487,""acc_lim_x"":0.7000000000000001,""inflation_dist"":0.55,""max_vel_theta"":0.8876882370565843,""max_vel_x"":1.085225884467901,""min_obstacle_dist"":0.25,""weight_obstacle"":60.0,""weight_optimaltime"":0.9,""weight_viapoint"":1.5}",true,max_vel_theta:ackermann_turning_radius,true,WARNING,margin:warning|safety_mode:WARNING:conservative_filter|warning:corridor_feasibility_profile,false,,2.105761464792722,2.4139528773351637,-0.05,-0.07623472922703618,-0.01734186448253249,-0.010184277073117965,-0.0,-0.15443054175975568,0.0,0.0,0.0,1.0,0.0,0.0,1.569454005220905,24.00000000000091,48.00000000000004,true,
t12p_directional_seed102,t12p_directional_seed102-episode-000002,5,6,14.692,14.084,14.094,14.112,14.142,14.642,0,0.5,true,,2.811637853139676,2.2999457737420017,0.05659807230208373,0.35761226713812094,0.37046973973530145,1.0,0.35807685776713855,1.0470273238861263,-0.4137642558709751,"[0.7107899188995361,1.0,-0.3750492334365845,-0.5663694739341736,0.4978474974632263]","[0.21094703674316406,-0.009290933609008789,0.023860692977905273,-0.2057684063911438,0.2752366065979004]","[0.9217369556427002,0.9907090663909912,-0.3511885404586792,-0.7721378803253174,0.7730841040611267]","{""acc_lim_theta"":0.6556791675936487,""acc_lim_x"":0.7000000000000001,""inflation_dist"":0.55,""max_vel_theta"":0.8876882370565843,""max_vel_x"":1.085225884467901,""min_obstacle_dist"":0.25,""weight_obstacle"":60.0,""weight_optimaltime"":0.9,""weight_viapoint"":1.5}","{""acc_lim_theta"":0.6325626789320522,""acc_lim_x"":0.7113446884103094,""inflation_dist"":0.55,""max_vel_theta"":0.8876882370565843,""max_vel_x"":1.0779470782935583,""min_obstacle_dist"":0.2504273956748579,""weight_obstacle"":58.513812354265355,""weight_optimaltime"":0.8990709066390992,""weight_viapoint"":1.5}","{""acc_lim_theta"":0.6325626789320522,""acc_lim_x"":0.7113446884103094,""inflation_dist"":0.55,""max_vel_theta"":0.8876882370565843,""max_vel_x"":1.0779470782935583,""min_obstacle_dist"":0.2504273956748579,""weight_obstacle"":58.513812354265355,""weight_optimaltime"":0.8990709066390992,""weight_viapoint"":1.5}","{""acc_lim_theta"":0.6325626789320522,""acc_lim_x"":0.7113446884103094,""inflation_dist"":0.55,""max_vel_theta"":0.8876882370565843,""max_vel_x"":1.0779470782935583,""min_obstacle_dist"":0.2504273956748579,""weight_obstacle"":60.0,""weight_optimaltime"":0.8990709066390992,""weight_viapoint"":1.5}","{""acc_lim_theta"":0.6325626789320522,""acc_lim_x"":0.7113446884103094,""inflation_dist"":0.55,""max_vel_theta"":0.8876882370565843,""max_vel_x"":1.0779470782935583,""min_obstacle_dist"":0.2504273956748579,""weight_obstacle"":60.0,""weight_optimaltime"":0.8990709066390992,""weight_viapoint"":1.5}",false,,true,WARNING,margin:warning|safety_mode:WARNING:conservative_filter,false,,2.3908777018955076,2.5584603969883712,-0.05,-0.10667002758667075,-0.0006701107845554987,-5.735114914760936e-05,-0.0,-0.010185205572490252,0.0,0.0,0.0,0.0,0.0,0.0,1.056863009580411,18.000000000000682,48.00000000000004,true,
t12p_directional_seed102,t12p_directional_seed102-episode-000002,6,7,15.242,14.684,14.693999999999999,14.72,14.74,15.24,0,0.4499999999999993,true,,2.195536387634617,1.7603251161603137,0.020180826958177526,0.5034798744436242,0.3662111867026726,1.0,0.48124866806107613,0.9446782561366087,-0.21352463120754073,"[0.9217369556427002,0.9907090663909912,-0.3511885404586792,-0.7721378803253174,0.7730841040611267]","[0.11310756206512451,-0.07773518562316895,-0.0757836103439331,-0.33182573318481445,0.15417003631591797]","[1.0,0.9129738807678223,-0.4269721508026123,-1.0,0.9272541403770447]","{""acc_lim_theta"":0.6325626789320522,""acc_lim_x"":0.7113446884103094,""inflation_dist"":0.55,""max_vel_theta"":0.8876882370565843,""max_vel_x"":1.0779470782935583,""min_obstacle_dist"":0.2504273956748579,""weight_obstacle"":60.0,""weight_optimaltime"":0.8990709066390992,""weight_viapoint"":1.5}","{""acc_lim_theta"":0.6142478236578003,""acc_lim_x"":0.7222416881978997,""inflation_dist"":0.5507016237999258,""max_vel_theta"":0.8876882370565843,""max_vel_x"":1.078800481072224,""min_obstacle_dist"":0.25,""weight_obstacle"":59.16753223291292,""weight_optimaltime"":0.8912973880767823,""weight_viapoint"":1.5}","{""acc_lim_theta"":0.6142478236578003,""acc_lim_x"":0.7222416881978997,""inflation_dist"":0.5507016237999258,""max_vel_theta"":0.8876882370565843,""max_vel_x"":1.078800481072224,""min_obstacle_dist"":0.25,""weight_obstacle"":59.16753223291292,""weight_optimaltime"":0.8912973880767823,""weight_viapoint"":1.5}","{""acc_lim_theta"":0.6,""acc_lim_x"":0.6113446884103094,""inflation_dist"":0.55,""max_vel_theta"":0.7876882370565843,""max_vel_x"":0.9779470782935583,""min_obstacle_dist"":0.25,""weight_obstacle"":60.0,""weight_optimaltime"":0.7990709066390992,""weight_viapoint"":2.0}","{""acc_lim_theta"":0.6,""acc_lim_x"":0.6113446884103094,""inflation_dist"":0.55,""max_vel_theta"":0.7876882370565843,""max_vel_x"":0.9779470782935583,""min_obstacle_dist"":0.25,""weight_obstacle"":60.0,""weight_optimaltime"":0.7990709066390992,""weight_viapoint"":2.0}",false,,true,WARNING,margin:warning|safety_mode:WARNING:conservative_filter|warning:corridor_feasibility_profile,false,,1.9069171202922335,2.1760563573715164,-0.04499999999999993,-0.10702563231799941,-0.0009224101464290211,-0.009546233278565398,-0.0,-0.10664496133628952,0.0,0.0,0.0,0.0,0.0,0.0,1.1013719922630116,26.000000000001577,46.00000000000115,true,
t12p_directional_seed102,t12p_directional_seed102-episode-000002,7,8,15.842,15.24,15.244,15.262,15.34,15.84,0,0.4499999999999993,true,,1.6286961228651569,1.1996369893556522,0.0650078009298582,0.5402857244744476,0.3662111867026726,0.9875,0.6949523932120457,0.9427227638485493,0.04368348382094845,"[1.0,0.9129738807678223,-0.4269721508026123,-1.0,0.9272541403770447]","[0.2624478340148926,-0.12791657447814941,-0.302270770072937,-0.5414536595344543,-0.012688100337982178]","[1.0,0.7850573062896729,-0.7292429208755493,-1.0,0.9145660400390625]","{""acc_lim_theta"":0.6,""acc_lim_x"":0.6113446884103094,""inflation_dist"":0.55,""max_vel_theta"":0.7876882370565843,""max_vel_x"":0.9779470782935583,""min_obstacle_dist"":0.25,""weight_obstacle"":60.0,""weight_optimaltime"":0.7990709066390992,""weight_viapoint"":2.0}","{""acc_lim_theta"":0.5757991010807382,""acc_lim_x"":0.6280030232571738,""inflation_dist"":0.5527984991127047,""max_vel_theta"":0.7876882370565843,""max_vel_x"":0.9961513426103239,""min_obstacle_dist"":0.25,""weight_obstacle"":60.068511591547484,""weight_optimaltime"":0.7862792491912842,""weight_viapoint"":2.0}","{""acc_lim_theta"":0.5757991010807382,""acc_lim_x"":0.6280030232571738,""inflation_dist"":0.5527984991127047,""max_vel_theta"":0.7876882370565843,""max_vel_x"":0.9961513426103239,""min_obstacle_dist"":0.25,""weight_obstacle"":60.068511591547484,""weight_optimaltime"":0.7862792491912842,""weight_viapoint"":2.0}","{""acc_lim_theta"":0.5757991010807382,""acc_lim_x"":0.6280030232571738,""inflation_dist"":0.5527984991127047,""max_vel_theta"":0.7876882370565843,""max_vel_x"":0.9779470782935583,""min_obstacle_dist"":0.25,""weight_obstacle"":60.068511591547484,""weight_optimaltime"":0.7862792491912842,""weight_viapoint"":2.0}","{""acc_lim_theta"":0.5757991010807382,""acc_lim_x"":0.6280030232571738,""inflation_dist"":0.5527984991127047,""max_vel_theta"":0.7876882370565843,""max_vel_x"":0.9779470782935583,""min_obstacle_dist"":0.25,""weight_obstacle"":60.068511591547484,""weight_optimaltime"":0.7862792491912842,""weight_viapoint"":2.0}",false,,true,WARNING,margin:warning|safety_mode:WARNING:conservative_filter,false,,2.078251803149798,2.145295667547523,-0.04499999999999993,-0.007524936915331322,-0.0008077325298967595,-1.460663248850559e-06,-0.0,-0.013709734289248,0.0,0.0,0.0,0.0,0.0,0.0,0.9607309912098572,18.000000000000682,96.00000000000009,true,
t12p_directional_seed102,t12p_directional_seed102-episode-000002,8,9,16.44,15.824,15.844,15.864,15.94,16.439999999999998,0,0.45000000000000107,true,,1.0696503384529181,0.6524922507603838,0.08694489805248819,0.42063288429077167,0.3662111867026726,1.0,1.2893936201346692,0.8185817080873412,0.30116459060224215,"[1.0,0.7850573062896729,-0.7292429208755493,-1.0,0.9145660400390625]","[0.5585987567901611,-0.095706045627594,0.0994788408279419,-0.585242748260498,-0.11153024435043335]","[1.0,0.6893512606620789,-0.6297640800476074,-1.0,0.8030357956886292]","{""acc_lim_theta"":0.5757991010807382,""acc_lim_x"":0.6280030232571738,""inflation_dist"":0.5527984991127047,""max_vel_theta"":0.7876882370565843,""max_vel_x"":0.9779470782935583,""min_obstacle_dist"":0.25,""weight_obstacle"":60.068511591547484,""weight_optimaltime"":0.7862792491912842,""weight_viapoint"":2.0}","{""acc_lim_theta"":0.5417168708824903,""acc_lim_x"":0.6577822503118012,""inflation_dist"":0.5518774988859123,""max_vel_theta"":0.7876882370565843,""max_vel_x"":1.0084448885379982,""min_obstacle_dist"":0.2504661343831023,""weight_obstacle"":60.6707384294969,""weight_optimaltime"":0.7767086446285248,""weight_viapoint"":2.0}","{""acc_lim_theta"":0.5417168708824903,""acc_lim_x"":0.6577822503118012,""inflation_dist"":0.5518774988859123,""max_vel_theta"":0.7876882370565843,""max_vel_x"":1.0084448885379982,""min_obstacle_dist"":0.2504661343831023,""weight_obstacle"":60.6707384294969,""weight_optimaltime"":0.7767086446285248,""weight_viapoint"":2.0}","{""acc_lim_theta"":0.5417168708824903,""acc_lim_x"":0.6577822503118012,""inflation_dist"":0.5527984991127047,""max_vel_theta"":0.7876882370565843,""max_vel_x"":0.9779470782935583,""min_obstacle_dist"":0.2504661343831023,""weight_obstacle"":60.6707384294969,""weight_optimaltime"":0.7767086446285248,""weight_viapoint"":2.0}","{""acc_lim_theta"":0.5417168708824903,""acc_lim_x"":0.6577822503118012,""inflation_dist"":0.5527984991127047,""max_vel_theta"":0.7876882370565843,""max_vel_x"":0.9779470782935583,""min_obstacle_dist"":0.2504661343831023,""weight_obstacle"":60.6707384294969,""weight_optimaltime"":0.7767086446285248,""weight_viapoint"":2.0}",false,,true,WARNING,margin:warning|safety_mode:WARNING:conservative_filter,false,,2.013925141508662,2.0857904384626718,-0.04500000000000011,-0.0,-0.0019656870206621723,-0.005629217278436813,-0.0,-0.019270392654910415,0.0,0.0,0.0,0.0,0.0,0.0,1.0904380033025518,20.00000000000135,96.00000000000009,true,
t12p_directional_seed102,t12p_directional_seed102-episode-000002,9,10,18.15,16.424,16.442,16.46,16.54,17.04,0,0.5,true,,0.5437855677386297,0.22288672915077257,0.005983302907202903,0.002406188371059182,0.3662111867026726,0.0,35.22459945675369,0.0,0.0,"[1.0,0.6893512606620789,-0.6297640800476074,-1.0,0.8030357956886292]","[0.48668527603149414,-0.2115200161933899,0.1455073356628418,-0.7376477718353271,-0.3199703097343445]","[1.0,0.47783124446868896,-0.4842567443847656,-1.0,0.48306548595428467]","{""acc_lim_theta"":0.5417168708824903,""acc_lim_x"":0.6577822503118012,""inflation_dist"":0.5527984991127047,""max_vel_theta"":0.7876882370565843,""max_vel_x"":0.9779470782935583,""min_obstacle_dist"":0.2504661343831023,""weight_obstacle"":60.6707384294969,""weight_optimaltime"":0.7767086446285248,""weight_viapoint"":2.0}","{""acc_lim_theta"":0.5136307035090724,""acc_lim_x"":0.688998060816459,""inflation_dist"":0.5514513554585359,""max_vel_theta"":0.7876882370565843,""max_vel_x"":1.0227503500656867,""min_obstacle_dist"":0.25,""weight_obstacle"":62.398473439774044,""weight_optimaltime"":0.7555566430091858,""weight_viapoint"":2.0}","{""acc_lim_theta"":0.5136307035090724,""acc_lim_x"":0.688998060816459,""inflation_dist"":0.5514513554585359,""max_vel_theta"":0.7876882370565843,""max_vel_x"":1.0227503500656867,""min_obstacle_dist"":0.25,""weight_obstacle"":62.398473439774044,""weight_optimaltime"":0.7555566430091858,""weight_viapoint"":2.0}","{""acc_lim_theta"":0.5136307035090724,""acc_lim_x"":0.688998060816459,""inflation_dist"":0.5527984991127047,""max_vel_theta"":0.7876882370565843,""max_vel_x"":0.9779470782935583,""min_obstacle_dist"":0.2504661343831023,""weight_obstacle"":62.398473439774044,""weight_optimaltime"":0.7555566430091858,""weight_viapoint"":2.0}","{""acc_lim_theta"":0.5136307035090724,""acc_lim_x"":0.688998060816459,""inflation_dist"":0.5527984991127047,""max_vel_theta"":0.7876882370565843,""max_vel_x"":0.9779470782935583,""min_obstacle_dist"":0.2504661343831023,""weight_obstacle"":62.398473439774044,""weight_optimaltime"":0.7555566430091858,""weight_viapoint"":2.0}",false,,true,WARNING,margin:warning|safety_mode:WARNING:conservative_filter,false,,11.495945656005075,1.6044941929392857,-0.05,-0.0,-0.0035985242977747316,-0.03243864782249533,-0.0,-0.022511364813941045,10.0,0.0,0.0,0.0,0.0,0.0,1.3597740035038441,18.000000000000682,97.99999999999898,true,
t12p_directional_seed102,t12p_directional_seed102-episode-000003,0,1,19.648,19.104,19.106,19.124,19.146,19.646,0,0.4499999999999993,true,,4.979053899053987,4.5145550467125615,0.011936557827623293,9.69480971135392e-06,0.30986901117426374,0.899641577060932,0.29054375364637736,1.1240439448864148,9.891876291620232e-05,"[0.0,0.0,0.0,0.0,0.0]","[0.5015641450881958,-0.1842130422592163,-0.7911727428436279,-0.19375884532928467,0.9724714756011963]","[0.5015641450881958,-0.1842130422592163,-0.7911727428436279,-0.19375884532928467,0.9724714756011963]","{""acc_lim_theta"":0.8,""acc_lim_x"":0.8,""inflation_dist"":0.55,""max_vel_theta"":1.0,""max_vel_x"":1.2,""min_obstacle_dist"":0.25,""weight_obstacle"":50.0,""weight_optimaltime"":1.0,""weight_viapoint"":1.0}","{""acc_lim_theta"":0.7419783201846903,""acc_lim_x"":0.7992424814925867,""inflation_dist"":0.557324877024364,""max_vel_theta"":1.0,""max_vel_x"":1.1573546355292805,""min_obstacle_dist"":0.25,""weight_obstacle"":50.0,""weight_optimaltime"":0.9815786957740784,""weight_viapoint"":1.0}","{""acc_lim_theta"":0.7419783201846903,""acc_lim_x"":0.7992424814925867,""inflation_dist"":0.557324877024364,""max_vel_theta"":0.9644621962744004,""max_vel_x"":1.1573546355292805,""min_obstacle_dist"":0.25,""weight_obstacle"":50.0,""weight_optimaltime"":0.9815786957740784,""weight_viapoint"":1.0}","{""acc_lim_theta"":0.7419783201846903,""acc_lim_x"":0.7992424814925867,""inflation_dist"":0.557324877024364,""max_vel_theta"":0.9644621962744004,""max_vel_x"":1.1573546355292805,""min_obstacle_dist"":0.25,""weight_obstacle"":50.0,""weight_optimaltime"":0.9815786957740784,""weight_viapoint"":1.0}","{""acc_lim_theta"":0.7419783201846903,""acc_lim_x"":0.7992424814925867,""inflation_dist"":0.557324877024364,""max_vel_theta"":0.9644621962744004,""max_vel_x"":1.1573546355292805,""min_obstacle_dist"":0.25,""weight_obstacle"":50.0,""weight_optimaltime"":0.9815786957740784,""weight_viapoint"":1.0}",true,max_vel_theta:ackermann_turning_radius,false,WARNING,margin:warning|safety_mode:WARNING:conservative_filter,false,,1.9001378072594566,2.3224942617071287,-0.04499999999999993,-0.20019994571705954,-2.843391796686651e-05,-0.1424410708895801,-0.0,-0.034687003923066013,0.0,0.0,0.0,1.0,0.0,0.0,1.143251996836625,17.99999999999713,39.99999999999915,true,
t12p_directional_seed102,t12p_directional_seed102-episode-000003,1,2,20.3,19.644,19.65,19.67,19.75,20.25,0,0.5,true,,4.334705906031887,3.7868555522509246,0.05071220344241428,0.0001236327295898479,0.30986901117426374,0.9172185430463576,0.2973596051482634,1.086319703335932,-0.00034056954443550404,"[0.5015641450881958,-0.1842130422592163,-0.7911727428436279,-0.19375884532928467,0.9724714756011963]","[0.47028279304504395,-0.11857116222381592,-0.7716928720474243,-0.2681891918182373,0.9646027088165283]","[0.9718469381332397,-0.3027842044830322,-1.0,-0.461948037147522,1.0]","{""acc_lim_theta"":0.7419783201846903,""acc_lim_x"":0.7992424814925867,""inflation_dist"":0.557324877024364,""max_vel_theta"":0.9644621962744004,""max_vel_x"":1.1573546355292805,""min_obstacle_dist"":0.25,""weight_obstacle"":50.0,""weight_optimaltime"":0.9815786957740784,""weight_viapoint"":1.0}","{""acc_lim_theta"":0.683579989093748,""acc_lim_x"":0.8,""inflation_dist"":0.5644694044862292,""max_vel_theta"":0.9644621962744004,""max_vel_x"":1.1163090284014667,""min_obstacle_dist"":0.25,""weight_obstacle"":50.0,""weight_optimaltime"":0.9697215795516968,""weight_viapoint"":1.0}","{""acc_lim_theta"":0.683579989093748,""acc_lim_x"":0.8,""inflation_dist"":0.5644694044862292,""max_vel_theta"":0.9302575236678889,""max_vel_x"":1.1163090284014667,""min_obstacle_dist"":0.25,""weight_obstacle"":50.0,""weight_optimaltime"":0.9697215795516968,""weight_viapoint"":1.0}","{""acc_lim_theta"":0.683579989093748,""acc_lim_x"":0.8,""inflation_dist"":0.5644694044862292,""max_vel_theta"":0.9302575236678889,""max_vel_x"":1.1163090284014667,""min_obstacle_dist"":0.25,""weight_obstacle"":50.0,""weight_optimaltime"":0.9697215795516968,""weight_viapoint"":1.0}","{""acc_lim_theta"":0.683579989093748,""acc_lim_x"":0.8,""inflation_dist"":0.5644694044862292,""max_vel_theta"":0.9302575236678889,""max_vel_x"":1.1163090284014667,""min_obstacle_dist"":0.25,""weight_obstacle"":50.0,""weight_optimaltime"":0.9697215795516968,""weight_viapoint"":1.0}",true,max_vel_theta:ackermann_turning_radius,false,WARNING,margin:warning|safety_mode:WARNING:conservative_filter,false,,2.4355680234115455,2.7392517689048135,-0.05,-0.21716531216385712,-0.0005830390216484815,-0.0030518460605600995,-0.0,-0.03288354824720278,0.0,0.0,0.0,1.0,0.0,0.0,2.003264002269134,20.000000000003126,100.00000000000142,true,
t12p_directional_seed102,t12p_directional_seed102-episode-000003,2,3,20.848,20.292,20.302,20.32,20.346,20.846,0,0.45000000000000284,true,,3.678223886467635,3.216212389217414,0.05018717791641451,0.000180880543670155,0.30986901117426374,0.8983870967741936,0.30985380730307305,1.0449757798795354,0.0017550458386618602,"[0.9718469381332397,-0.3027842044830322,-1.0,-0.461948037147522,1.0]","[0.5668003559112549,-0.16840416193008423,-0.7956417202949524,-0.2758960723876953,0.9477944374084473]","[1.0,-0.47118836641311646,-1.0,-0.7378441095352173,1.0]","{""acc_lim_theta"":0.683579989093748,""acc_lim_x"":0.8,""inflation_dist"":0.5644694044862292,""max_vel_theta"":0.9302575236678889,""max_vel_x"":1.1163090284014667,""min_obstacle_dist"":0.25,""weight_obstacle"":50.0,""weight_optimaltime"":0.9697215795516968,""weight_viapoint"":1.0}","{""acc_lim_theta"":0.621613778117658,""acc_lim_x"":0.8,""inflation_dist"":0.5718356564322542,""max_vel_theta"":0.9302575236678889,""max_vel_x"":1.0782224362901123,""min_obstacle_dist"":0.25,""weight_obstacle"":50.0,""weight_optimaltime"":0.9528811633586884,""weight_viapoint"":1.0}","{""acc_lim_theta"":0.621613778117658,""acc_lim_x"":0.8,""inflation_dist"":0.5718356564322542,""max_vel_theta"":0.8985186969084269,""max_vel_x"":1.0782224362901123,""min_obstacle_dist"":0.25,""weight_obstacle"":50.0,""weight_optimaltime"":0.9528811633586884,""weight_viapoint"":1.0}","{""acc_lim_theta"":0.621613778117658,""acc_lim_x"":0.8,""inflation_dist"":0.5718356564322542,""max_vel_theta"":0.8985186969084269,""max_vel_x"":1.0782224362901123,""min_obstacle_dist"":0.25,""weight_obstacle"":50.0,""weight_optimaltime"":0.9528811633586884,""weight_viapoint"":1.0}","{""acc_lim_theta"":0.621613778117658,""acc_lim_x"":0.8,""inflation_dist"":0.5718356564322542,""max_vel_theta"":0.8985186969084269,""max_vel_x"":1.0782224362901123,""min_obstacle_dist"":0.25,""weight_obstacle"":50.0,""weight_optimaltime"":0.9528811633586884,""weight_viapoint"":1.0}",true,max_vel_theta:ackermann_turning_radius,false,WARNING,margin:warning|safety_mode:WARNING:conservative_filter,false,,2.03267900033119,2.3100574862511047,-0.04500000000000029,-0.19513804805565477,-0.0011416273584792887,-0.002439000406220966,-0.0,-0.033659810099559005,0.0,0.0,0.0,1.0,0.0,0.0,0.9793539938982576,18.000000000000682,44.00000000000048,true,
t12p_directional_seed102,t12p_directional_seed102-episode-000003,3,4,21.45,20.844,20.85,20.874,20.948,21.448,0,0.4499999999999993,true,,3.0463556191622283,2.59848650137378,0.04999349842420328,0.00027538455384459035,0.30986901117426374,0.889776357827476,0.3147052093429884,1.0344751986271596,0.0010322621286158306,"[1.0,-0.47118836641311646,-1.0,-0.7378441095352173,1.0]","[0.5702223777770996,-0.08794587850570679,-0.7552611231803894,-0.2146274447441101,0.9565016031265259]","[1.0,-0.5591342449188232,-1.0,-0.9524715542793274,1.0]","{""acc_lim_theta"":0.621613778117658,""acc_lim_x"":0.8,""inflation_dist"":0.5718356564322542,""max_vel_theta"":0.8985186969084269,""max_vel_x"":1.0782224362901123,""min_obstacle_dist"":0.25,""weight_obstacle"":50.0,""weight_optimaltime"":0.9528811633586884,""weight_viapoint"":1.0}","{""acc_lim_theta"":0.5607927046049375,""acc_lim_x"":0.8,""inflation_dist"":0.5788280546140918,""max_vel_theta"":0.8985186969084269,""max_vel_x"":1.0382722008735752,""min_obstacle_dist"":0.25,""weight_obstacle"":50.0,""weight_optimaltime"":0.9440865755081178,""weight_viapoint"":1.0}","{""acc_lim_theta"":0.5607927046049375,""acc_lim_x"":0.8,""inflation_dist"":0.5788280546140918,""max_vel_theta"":0.8652268340613127,""max_vel_x"":1.0382722008735752,""min_obstacle_dist"":0.25,""weight_obstacle"":50.0,""weight_optimaltime"":0.9440865755081178,""weight_viapoint"":1.0}","{""acc_lim_theta"":0.5607927046049375,""acc_lim_x"":0.8,""inflation_dist"":0.5788280546140918,""max_vel_theta"":0.8652268340613127,""max_vel_x"":1.0382722008735752,""min_obstacle_dist"":0.25,""weight_obstacle"":50.0,""weight_optimaltime"":0.9440865755081178,""weight_viapoint"":1.0}","{""acc_lim_theta"":0.5607927046049375,""acc_lim_x"":0.8,""inflation_dist"":0.5788280546140918,""max_vel_theta"":0.8652268340613127,""max_vel_x"":1.0382722008735752,""min_obstacle_dist"":0.25,""weight_obstacle"":50.0,""weight_optimaltime"":0.9440865755081178,""weight_viapoint"":1.0}",true,max_vel_theta:ackermann_turning_radius,false,WARNING,margin:warning|safety_mode:WARNING:conservative_filter,false,,1.9596040643988513,2.239345588942241,-0.04499999999999993,-0.19616334647169037,-0.0011526481150748009,-0.005146770817530934,-0.0,-0.03227875913909353,0.0,0.0,0.0,1.0,0.0,0.0,1.9482759962556884,23.999999999997357,97.99999999999898,true,
t12p_directional_seed102,t12p_directional_seed102-episode-000003,4,5,22.094,21.448,21.45,21.472,21.544,22.044,0,0.5,true,,2.4343445893386466,1.9695663933442424,0.04993902212073981,1.3232774259694405e-05,0.30986901117426374,0.8825396825396825,0.3372904163927332,0.9675685712216916,-5.6527797560341415e-05,"[1.0,-0.5591342449188232,-1.0,-0.9524715542793274,1.0]","[0.21931934356689453,0.17117953300476074,-0.8070526123046875,-0.551005482673645,0.9680891036987305]","[1.0,-0.3879547119140625,-1.0,-1.0,1.0]","{""acc_lim_theta"":0.5607927046049375,""acc_lim_x"":0.8,""inflation_dist"":0.5788280546140918,""max_vel_theta"":0.8652268340613127,""max_vel_x"":1.0382722008735752,""min_obstacle_dist"":0.25,""weight_obstacle"":50.0,""weight_optimaltime"":0.9440865755081178,""weight_viapoint"":1.0}","{""acc_lim_theta"":0.5052271354307928,""acc_lim_x"":0.8,""inflation_dist"":0.5862999514795932,""max_vel_theta"":0.8652268340613127,""max_vel_x"":0.998896812300572,""min_obstacle_dist"":0.25,""weight_obstacle"":50.0,""weight_optimaltime"":0.9612045288085939,""weight_viapoint"":1.0}","{""acc_lim_theta"":0.5052271354307928,""acc_lim_x"":0.8,""inflation_dist"":0.5862999514795932,""max_vel_theta"":0.8324140102504767,""max_vel_x"":0.998896812300572,""min_obstacle_dist"":0.25,""weight_obstacle"":50.0,""weight_optimaltime"":0.9612045288085939,""weight_viapoint"":1.0}","{""acc_lim_theta"":0.5052271354307928,""acc_lim_x"":0.8,""inflation_dist"":0.5862999514795932,""max_vel_theta"":0.8324140102504767,""max_vel_x"":0.998896812300572,""min_obstacle_dist"":0.25,""weight_obstacle"":50.0,""weight_optimaltime"":0.9612045288085939,""weight_viapoint"":1.0}","{""acc_lim_theta"":0.5052271354307928,""acc_lim_x"":0.8,""inflation_dist"":0.5862999514795932,""max_vel_theta"":0.8324140102504767,""max_vel_x"":0.998896812300572,""min_obstacle_dist"":0.25,""weight_obstacle"":50.0,""weight_optimaltime"":0.9612045288085939,""weight_viapoint"":1.0}",true,max_vel_theta:ackermann_turning_radius,false,WARNING,margin:warning|safety_mode:WARNING:conservative_filter,false,,2.021047398442415,2.323890979972021,-0.05,-0.21647541574791535,-0.0012666353119769244,-0.002526590315890924,-0.0,-0.03257494015382333,0.0,0.0,0.0,1.0,0.0,0.0,0.7096329936757684,22.000000000002018,94.0000000000012,true,
t12p_directional_seed102,t12p_directional_seed102-episode-000003,5,6,22.696,22.084,22.096,22.114,22.146,22.646,0,0.5,true,,1.8534904649858859,1.384098164953364,0.05109422318846832,0.0001848604121949183,0.30986901117426374,0.8913738019169329,0.33930943673234276,0.9546991638379418,0.0008375463831313848,"[1.0,-0.3879547119140625,-1.0,-1.0,1.0]","[0.16016030311584473,0.37672269344329834,-0.7899348139762878,-0.512405514717102,0.964370608329773]","[1.0,-0.01123201847076416,-1.0,-1.0,1.0]","{""acc_lim_theta"":0.5052271354307928,""acc_lim_x"":0.8,""inflation_dist"":0.5862999514795932,""max_vel_theta"":0.8324140102504767,""max_vel_x"":0.998896812300572,""min_obstacle_dist"":0.25,""weight_obstacle"":50.0,""weight_optimaltime"":0.9612045288085939,""weight_viapoint"":1.0}","{""acc_lim_theta"":0.45319007543209544,""acc_lim_x"":0.8,""inflation_dist"":0.5936133674459263,""max_vel_theta"":0.8324140102504767,""max_vel_x"":0.9577365140676464,""min_obstacle_dist"":0.25,""weight_obstacle"":50.0,""weight_optimaltime"":0.9988767981529236,""weight_viapoint"":1.0}","{""acc_lim_theta"":0.45319007543209544,""acc_lim_x"":0.8,""inflation_dist"":0.5936133674459263,""max_vel_theta"":0.7981137617230387,""max_vel_x"":0.9577365140676464,""min_obstacle_dist"":0.25,""weight_obstacle"":50.0,""weight_optimaltime"":0.9988767981529236,""weight_viapoint"":1.0}","{""acc_lim_theta"":0.45319007543209544,""acc_lim_x"":0.8,""inflation_dist"":0.5936133674459263,""max_vel_theta"":0.7981137617230387,""max_vel_x"":0.9577365140676464,""min_obstacle_dist"":0.25,""weight_obstacle"":50.0,""weight_optimaltime"":0.9988767981529236,""weight_viapoint"":1.0}","{""acc_lim_theta"":0.45319007543209544,""acc_lim_x"":0.8,""inflation_dist"":0.5936133674459263,""max_vel_theta"":0.7981137617230387,""max_vel_x"":0.9577365140676464,""min_obstacle_dist"":0.25,""weight_obstacle"":50.0,""weight_optimaltime"":0.9988767981529236,""weight_viapoint"":1.0}",true,max_vel_theta:ackermann_turning_radius,false,WARNING,margin:warning|safety_mode:WARNING:conservative_filter,false,,2.042313400969367,2.34696150016261,-0.05,-0.21493034588921997,-0.001263641235089374,-0.00210074637046641,-0.0,-0.036353365698467796,0.0,0.0,0.0,1.0,0.0,0.0,1.6134860052261502,18.000000000000682,50.00000000000071,true,
t12p_directional_seed102,t12p_directional_seed102-episode-000003,6,7,23.292,22.684,22.698,22.718,22.742,23.242,0,0.5,true,,1.3077242160880755,0.8590876316412555,0.04977387853892547,0.00046917729986117374,0.30986901117426374,0.8996763754045307,0.3674512974997103,0.886569256464658,-0.008140239883327786,"[1.0,-0.01123201847076416,-1.0,-1.0,1.0]","[0.05175817012786865,0.3247520923614502,-0.7261831760406494,-0.4737706780433655,0.966766357421875]","[1.0,0.31352007389068604,-1.0,-1.0,1.0]","{""acc_lim_theta"":0.45319007543209544,""acc_lim_x"":0.8,""inflation_dist"":0.5936133674459263,""max_vel_theta"":0.7981137617230387,""max_vel_x"":0.9577365140676464,""min_obstacle_dist"":0.25,""weight_obstacle"":50.0,""weight_optimaltime"":0.9988767981529236,""weight_viapoint"":1.0}","{""acc_lim_theta"":0.40648408064629665,""acc_lim_x"":0.8,""inflation_dist"":0.6003365546509626,""max_vel_theta"":0.7981137617230387,""max_vel_x"":0.9135150787956132,""min_obstacle_dist"":0.25,""weight_obstacle"":50.0,""weight_optimaltime"":1.0,""weight_viapoint"":1.0}","{""acc_lim_theta"":0.40648408064629665,""acc_lim_x"":0.8,""inflation_dist"":0.6003365546509626,""max_vel_theta"":0.7612625656630111,""max_vel_x"":0.9135150787956132,""min_obstacle_dist"":0.25,""weight_obstacle"":50.0,""weight_optimaltime"":1.0,""weight_viapoint"":1.0}","{""acc_lim_theta"":0.40648408064629665,""acc_lim_x"":0.8,""inflation_dist"":0.6003365546509626,""max_vel_theta"":0.7612625656630111,""max_vel_x"":0.9135150787956132,""min_obstacle_dist"":0.25,""weight_obstacle"":50.0,""weight_optimaltime"":1.0,""weight_viapoint"":1.0}","{""acc_lim_theta"":0.40648408064629665,""acc_lim_x"":0.8,""inflation_dist"":0.6003365546509626,""max_vel_theta"":0.7612625656630111,""max_vel_x"":0.9135150787956132,""min_obstacle_dist"":0.25,""weight_obstacle"":50.0,""weight_optimaltime"":1.0,""weight_viapoint"":1.0}",true,max_vel_theta:ackermann_turning_radius,false,WARNING,margin:warning|safety_mode:WARNING:conservative_filter,false,,1.943082749044321,2.2431829222341007,-0.05,-0.21589604481052393,-0.0012587679375620085,-0.004382832321807281,-0.0,-0.028562528119886396,0.0,0.0,0.0,1.0,0.0,0.0,0.8243850024882704,19.999999999999574,44.00000000000048,true,
t12p_directional_seed102,t12p_directional_seed102-episode-000003,7,8,24.842,23.284,23.296,23.32,23.34,23.84,0,0.45000000000000284,true,,0.7704370449300991,0.386437687596622,0.010625912821687006,4.117292723135817e-05,0.30986901117426374,0.9117147707979627,6.520827887402383,0.0,0.0,"[1.0,0.31352007389068604,-1.0,-1.0,1.0]","[0.07030177116394043,0.03661394119262695,-0.7337400317192078,-0.5787038803100586,0.9722250699996948]","[1.0,0.350134015083313,-1.0,-1.0,1.0]","{""acc_lim_theta"":0.40648408064629665,""acc_lim_x"":0.8,""inflation_dist"":0.6003365546509626,""max_vel_theta"":0.7612625656630111,""max_vel_x"":0.9135150787956132,""min_obstacle_dist"":0.25,""weight_obstacle"":50.0,""weight_optimaltime"":1.0,""weight_viapoint"":1.0}","{""acc_lim_theta"":0.4,""acc_lim_x"":0.8,""inflation_dist"":0.607129705133977,""max_vel_theta"":0.7612625656630111,""max_vel_x"":0.8717576278333059,""min_obstacle_dist"":0.25,""weight_obstacle"":50.0,""weight_optimaltime"":1.0,""weight_viapoint"":1.0}","{""acc_lim_theta"":0.4,""acc_lim_x"":0.8,""inflation_dist"":0.607129705133977,""max_vel_theta"":0.7264646898610883,""max_vel_x"":0.8717576278333059,""min_obstacle_dist"":0.25,""weight_obstacle"":50.0,""weight_optimaltime"":1.0,""weight_viapoint"":1.0}","{""acc_lim_theta"":0.4,""acc_lim_x"":0.8,""inflation_dist"":0.607129705133977,""max_vel_theta"":0.7264646898610883,""max_vel_x"":0.8717576278333059,""min_obstacle_dist"":0.25,""weight_obstacle"":50.0,""weight_optimaltime"":1.0,""weight_viapoint"":1.0}","{""acc_lim_theta"":0.4,""acc_lim_x"":0.8,""inflation_dist"":0.607129705133977,""max_vel_theta"":0.7264646898610883,""max_vel_x"":0.8717576278333059,""min_obstacle_dist"":0.25,""weight_obstacle"":50.0,""weight_optimaltime"":1.0,""weight_viapoint"":1.0}",true,max_vel_theta:ackermann_turning_radius,false,WARNING,margin:warning|safety_mode:WARNING:conservative_filter,false,,11.65707557038715,1.9199967866673857,-0.04500000000000029,-0.19449403623284844,-0.0011287098833296328,-0.004817399543709494,-0.0,-0.017481070620347403,10.0,0.0,0.0,1.0,0.0,0.0,2.908273003413342,24.00000000000091,44.00000000000048,true,
t12p_directional_seed102,t12p_directional_seed102-episode-000004,0,1,26.394,25.804,25.806,25.822,25.844,26.344,0,0.5,true,,4.445757788175182,3.9457678153355618,0.010308573861015987,0.0003969260922003355,0.29816243191179603,0.9035714285714286,0.27616023650398763,1.122522248067879,0.0029022143559591035,"[0.0,0.0,0.0,0.0,0.0]","[0.509982705116272,-0.17719191312789917,-0.7907302379608154,-0.1748138666152954,0.9727530479431152]","[0.509982705116272,-0.17719191312789917,-0.7907302379608154,-0.1748138666152954,0.9727530479431152]","{""acc_lim_theta"":0.8,""acc_lim_x"":0.8,""inflation_dist"":0.55,""max_vel_theta"":1.0,""max_vel_x"":1.2,""min_obstacle_dist"":0.25,""weight_obstacle"":50.0,""weight_optimaltime"":1.0,""weight_viapoint"":1.0}","{""acc_lim_theta"":0.7421132902964938,""acc_lim_x"":0.7989027888259026,""inflation_dist"":0.5573207802024264,""max_vel_theta"":1.0,""max_vel_x"":1.1570560011533417,""min_obstacle_dist"":0.25,""weight_obstacle"":50.0,""weight_optimaltime"":0.9822808086872101,""weight_viapoint"":1.0}","{""acc_lim_theta"":0.7421132902964938,""acc_lim_x"":0.7989027888259026,""inflation_dist"":0.5573207802024264,""max_vel_theta"":0.9642133342944514,""max_vel_x"":1.1570560011533417,""min_obstacle_dist"":0.25,""weight_obstacle"":50.0,""weight_optimaltime"":0.9822808086872101,""weight_viapoint"":1.0}","{""acc_lim_theta"":0.7421132902964938,""acc_lim_x"":0.7989027888259026,""inflation_dist"":0.5573207802024264,""max_vel_theta"":0.9642133342944514,""max_vel_x"":1.1570560011533417,""min_obstacle_dist"":0.25,""weight_obstacle"":50.0,""weight_optimaltime"":0.9822808086872101,""weight_viapoint"":1.0}","{""acc_lim_theta"":0.7421132902964938,""acc_lim_x"":0.7989027888259026,""inflation_dist"":0.5573207802024264,""max_vel_theta"":0.9642133342944514,""max_vel_x"":1.1570560011533417,""min_obstacle_dist"":0.25,""weight_obstacle"":50.0,""weight_optimaltime"":0.9822808086872101,""weight_viapoint"":1.0}",true,max_vel_theta:ackermann_turning_radius,false,WARNING,margin:warning|safety_mode:WARNING:conservative_filter,false,,2.0098826254522044,2.4999498641981033,-0.05,-0.23595004285163784,-1.4483100556401439e-05,-0.16940657654311922,-0.0,-0.034696136250585846,0.0,0.0,0.049999999999998934,1.0,0.0,0.0,0.9530070092296228,15.999999999998238,38.000000000000256,true,
t12p_directional_seed102,t12p_directional_seed102-episode-000004,1,2,26.994,26.384,26.396,26.414,26.444,26.944,0,0.5,true,,3.833516552510512,3.3099397958681878,0.04971424756287523,6.716245360691535e-05,0.29816243191179603,0.9169435215946844,0.2869668505939803,1.082215914616242,5.1371502088578775e-05,"[0.509982705116272,-0.17719191312789917,-0.7907302379608154,-0.1748138666152954,0.9727530479431152]","[0.47658658027648926,-0.11201423406600952,-0.7767235636711121,-0.25452184677124023,0.9653985500335693]","[0.9865692853927612,-0.2892061471939087,-1.0,-0.42933571338653564,1.0]","{""acc_lim_theta"":0.7421132902964938,""acc_lim_x"":0.7989027888259026,""inflation_dist"":0.5573207802024264,""max_vel_theta"":0.9642133342944514,""max_vel_x"":1.1570560011533417,""min_obstacle_dist"":0.25,""weight_obstacle"":50.0,""weight_optimaltime"":0.9822808086872101,""weight_viapoint"":1.0}","{""acc_lim_theta"":0.6837830713767892,""acc_lim_x"":0.8,""inflation_dist"":0.5645118830775934,""max_vel_theta"":0.9642133342944514,""max_vel_x"":1.115764814342607,""min_obstacle_dist"":0.25,""weight_obstacle"":50.0,""weight_optimaltime"":0.9710793852806092,""weight_viapoint"":1.0}","{""acc_lim_theta"":0.6837830713767892,""acc_lim_x"":0.8,""inflation_dist"":0.5645118830775934,""max_vel_theta"":0.9298040119521727,""max_vel_x"":1.115764814342607,""min_obstacle_dist"":0.25,""weight_obstacle"":50.0,""weight_optimaltime"":0.9710793852806092,""weight_viapoint"":1.0}","{""acc_lim_theta"":0.6837830713767892,""acc_lim_x"":0.8,""inflation_dist"":0.5645118830775934,""max_vel_theta"":0.9298040119521727,""max_vel_x"":1.115764814342607,""min_obstacle_dist"":0.25,""weight_obstacle"":50.0,""weight_optimaltime"":0.9710793852806092,""weight_viapoint"":1.0}","{""acc_lim_theta"":0.6837830713767892,""acc_lim_x"":0.8,""inflation_dist"":0.5645118830775934,""max_vel_theta"":0.9298040119521727,""max_vel_x"":1.115764814342607,""min_obstacle_dist"":0.25,""weight_obstacle"":50.0,""weight_optimaltime"":0.9710793852806092,""weight_viapoint"":1.0}",true,max_vel_theta:ackermann_turning_radius,false,WARNING,margin:warning|safety_mode:WARNING:conservative_filter,false,,2.3026867019961825,2.617883783211621,-0.05,-0.22911560085997312,-0.0005768518174226818,-0.0025891565748847522,-0.0,-0.032915471963158506,0.0,0.0,0.0,1.0,0.0,0.0,1.1137880064779893,18.000000000000682,47.999999999998266,true,
t12p_directional_seed102,t12p_directional_seed102-episode-000004,2,3,27.596,26.984,26.998,27.016,27.046,27.546,0,0.5,true,,3.180075159598538,2.655229301061838,0.04960668707109387,7.964401877505058e-05,0.29816243191179603,0.9032258064516129,0.29541031363059356,1.0448395109723847,-5.664282229099083e-05,"[0.9865692853927612,-0.2892061471939087,-1.0,-0.42933571338653564,1.0]","[0.5680469274520874,-0.15646398067474365,-0.7989449501037598,-0.263150155544281,0.9474351406097412]","[1.0,-0.44567012786865234,-1.0,-0.6924858689308167,1.0]","{""acc_lim_theta"":0.6837830713767892,""acc_lim_x"":0.8,""inflation_dist"":0.5645118830775934,""max_vel_theta"":0.9298040119521727,""max_vel_x"":1.115764814342607,""min_obstacle_dist"":0.25,""weight_obstacle"":50.0,""weight_optimaltime"":0.9710793852806092,""weight_viapoint"":1.0}","{""acc_lim_theta"":0.6221060622016571,""acc_lim_x"":0.8,""inflation_dist"":0.5719087171592538,""max_vel_theta"":0.9298040119521727,""max_vel_x"":1.0774266562295005,""min_obstacle_dist"":0.25,""weight_obstacle"":50.0,""weight_optimaltime"":0.9554329872131349,""weight_viapoint"":1.0}","{""acc_lim_theta"":0.6221060622016571,""acc_lim_x"":0.8,""inflation_dist"":0.5719087171592538,""max_vel_theta"":0.8978555468579171,""max_vel_x"":1.0774266562295005,""min_obstacle_dist"":0.25,""weight_obstacle"":50.0,""weight_optimaltime"":0.9554329872131349,""weight_viapoint"":1.0}","{""acc_lim_theta"":0.6221060622016571,""acc_lim_x"":0.8,""inflation_dist"":0.5719087171592538,""max_vel_theta"":0.8978555468579171,""max_vel_x"":1.0774266562295005,""min_obstacle_dist"":0.25,""weight_obstacle"":50.0,""weight_optimaltime"":0.9554329872131349,""weight_viapoint"":1.0}","{""acc_lim_theta"":0.6221060622016571,""acc_lim_x"":0.8,""inflation_dist"":0.5719087171592538,""max_vel_theta"":0.8978555468579171,""max_vel_x"":1.0774266562295005,""min_obstacle_dist"":0.25,""weight_obstacle"":50.0,""weight_optimaltime"":0.9554329872131349,""weight_viapoint"":1.0}",true,max_vel_theta:ackermann_turning_radius,false,WARNING,margin:warning|safety_mode:WARNING:conservative_filter,false,,2.302311921652409,2.6242292926835,-0.05,-0.23535953124601602,-0.0012530455776501768,-0.0018634950962556204,-0.0,-0.033441299111168804,0.0,0.0,0.0,1.0,0.0,0.0,3.1648519943701103,17.99999999999713,47.999999999998266,true,
t12p_directional_seed102,t12p_directional_seed102-episode-000004,3,4,28.148,27.584,27.598,27.616,27.646,28.146,0,0.4499999999999993,true,,2.5507469343934095,2.105408191983323,0.04976349819116078,7.421569301491093e-05,0.29816243191179603,0.8901273885350318,0.30835311534785775,1.012717952084534,6.66522610283906e-05,"[1.0,-0.44567012786865234,-1.0,-0.6924858689308167,1.0]","[0.5675499439239502,-0.11158150434494019,-0.7550118565559387,-0.19880717992782593,0.9576132297515869]","[1.0,-0.5572516322135925,-1.0,-0.8912930488586426,1.0]","{""acc_lim_theta"":0.6221060622016571,""acc_lim_x"":0.8,""inflation_dist"":0.5719087171592538,""max_vel_theta"":0.8978555468579171,""max_vel_x"":1.0774266562295005,""min_obstacle_dist"":0.25,""weight_obstacle"":50.0,""weight_optimaltime"":0.9554329872131349,""weight_viapoint"":1.0}","{""acc_lim_theta"":0.5617636836091804,""acc_lim_x"":0.8,""inflation_dist"":0.5788988075677425,""max_vel_theta"":0.8978555468579171,""max_vel_x"":1.0369948166676648,""min_obstacle_dist"":0.25,""weight_obstacle"":50.0,""weight_optimaltime"":0.9442748367786409,""weight_viapoint"":1.0}","{""acc_lim_theta"":0.5617636836091804,""acc_lim_x"":0.8,""inflation_dist"":0.5788988075677425,""max_vel_theta"":0.8641623472230541,""max_vel_x"":1.0369948166676648,""min_obstacle_dist"":0.25,""weight_obstacle"":50.0,""weight_optimaltime"":0.9442748367786409,""weight_viapoint"":1.0}","{""acc_lim_theta"":0.5617636836091804,""acc_lim_x"":0.8,""inflation_dist"":0.5788988075677425,""max_vel_theta"":0.8641623472230541,""max_vel_x"":1.0369948166676648,""min_obstacle_dist"":0.25,""weight_obstacle"":50.0,""weight_optimaltime"":0.9442748367786409,""weight_viapoint"":1.0}","{""acc_lim_theta"":0.5617636836091804,""acc_lim_x"":0.8,""inflation_dist"":0.5788988075677425,""max_vel_theta"":0.8641623472230541,""max_vel_x"":1.0369948166676648,""min_obstacle_dist"":0.25,""weight_obstacle"":50.0,""weight_optimaltime"":0.9442748367786409,""weight_viapoint"":1.0}",true,max_vel_theta:ackermann_turning_radius,false,WARNING,margin:warning|safety_mode:WARNING:conservative_filter,false,,1.9348075303983934,2.2266937120504315,-0.04499999999999993,-0.21042085277970668,-0.0011328168073827215,-0.002540838787846106,-0.0,-0.03279167327710281,0.0,0.0,0.0,1.0,0.0,0.0,1.6390499949920923,18.000000000000682,48.00000000000182,true,
t12p_directional_seed102,t12p_directional_seed102-episode-000004,4,5,28.8,28.144,28.152,28.172,28.25,28.75,0,0.5,true,,1.9513330290090256,1.4614216299169285,0.05015534441084162,5.627676699319895e-05,0.2968415664448045,0.8873015873015873,0.31272996136256387,0.9652844962809007,-5.696141461247631e-05,"[1.0,-0.5572516322135925,-1.0,-0.8912930488586426,1.0]","[0.23844492435455322,0.10067296028137207,-0.8580811023712158,-0.4624605178833008,0.9654290676116943]","[1.0,-0.45657867193222046,-1.0,-1.0,1.0]","{""acc_lim_theta"":0.5617636836091804,""acc_lim_x"":0.8,""inflation_dist"":0.5788988075677425,""max_vel_theta"":0.8641623472230541,""max_vel_x"":1.0369948166676648,""min_obstacle_dist"":0.25,""weight_obstacle"":50.0,""weight_optimaltime"":0.9442748367786409,""weight_viapoint"":1.0}","{""acc_lim_theta"":0.5077862071687804,""acc_lim_x"":0.8,""inflation_dist"":0.5868431390789736,""max_vel_theta"":0.8641623472230541,""max_vel_x"":0.9960769009506956,""min_obstacle_dist"":0.25,""weight_obstacle"":50.0,""weight_optimaltime"":0.954342132806778,""weight_viapoint"":1.0}","{""acc_lim_theta"":0.5077862071687804,""acc_lim_x"":0.8,""inflation_dist"":0.5868431390789736,""max_vel_theta"":0.8300640841255796,""max_vel_x"":0.9960769009506956,""min_obstacle_dist"":0.25,""weight_obstacle"":50.0,""weight_optimaltime"":0.954342132806778,""weight_viapoint"":1.0}","{""acc_lim_theta"":0.5077862071687804,""acc_lim_x"":0.8,""inflation_dist"":0.5868431390789736,""max_vel_theta"":0.8300640841255796,""max_vel_x"":0.9960769009506956,""min_obstacle_dist"":0.25,""weight_obstacle"":50.0,""weight_optimaltime"":0.954342132806778,""weight_viapoint"":1.0}","{""acc_lim_theta"":0.5077862071687804,""acc_lim_x"":0.8,""inflation_dist"":0.5868431390789736,""max_vel_theta"":0.8300640841255796,""max_vel_x"":0.9960769009506956,""min_obstacle_dist"":0.25,""weight_obstacle"":50.0,""weight_optimaltime"":0.954342132806778,""weight_viapoint"":1.0}",true,max_vel_theta:ackermann_turning_radius,false,WARNING,margin:warning|safety_mode:WARNING:conservative_filter,false,,2.129780269468757,2.449556995460486,-0.05,-0.23410620884245262,-0.0012493650531773,-0.003004209538172663,-0.0,-0.03141694255792607,0.0,0.0,0.07500000000000107,1.0,0.0,0.0,2.133693007635884,19.999999999999574,97.99999999999898,true,
t12p_directional_seed102,t12p_directional_seed102-episode-000004,5,6,29.4,28.792,28.806,28.824,28.85,29.35,0,0.5,true,,1.3648981867240912,0.8983916674852727,0.0498450618920667,4.693910002071282e-05,0.2968415664448045,0.8885350318471338,0.3438300563289057,0.9245155709200038,-7.759012677742458e-05,"[1.0,-0.45657867193222046,-1.0,-1.0,1.0]","[0.12276911735534668,0.3497222661972046,-0.7507449388504028,-0.521536648273468,0.974146842956543]","[1.0,-0.10685640573501587,-1.0,-1.0,1.0]","{""acc_lim_theta"":0.5077862071687804,""acc_lim_x"":0.8,""inflation_dist"":0.5868431390789736,""max_vel_theta"":0.8300640841255796,""max_vel_x"":0.9960769009506956,""min_obstacle_dist"":0.25,""weight_obstacle"":50.0,""weight_optimaltime"":0.954342132806778,""weight_viapoint"":1.0}","{""acc_lim_theta"":0.45671015312970076,""acc_lim_x"":0.8,""inflation_dist"":0.5937937252859476,""max_vel_theta"":0.8300640841255796,""max_vel_x"":0.9538616946763065,""min_obstacle_dist"":0.25,""weight_obstacle"":50.0,""weight_optimaltime"":0.9893143594264985,""weight_viapoint"":1.0}","{""acc_lim_theta"":0.45671015312970076,""acc_lim_x"":0.8,""inflation_dist"":0.5937937252859476,""max_vel_theta"":0.7948847455635888,""max_vel_x"":0.9538616946763065,""min_obstacle_dist"":0.25,""weight_obstacle"":50.0,""weight_optimaltime"":0.9893143594264985,""weight_viapoint"":1.0}","{""acc_lim_theta"":0.45671015312970076,""acc_lim_x"":0.8,""inflation_dist"":0.5937937252859476,""max_vel_theta"":0.7948847455635888,""max_vel_x"":0.9538616946763065,""min_obstacle_dist"":0.25,""weight_obstacle"":50.0,""weight_optimaltime"":0.9893143594264985,""weight_viapoint"":1.0}","{""acc_lim_theta"":0.45671015312970076,""acc_lim_x"":0.8,""inflation_dist"":0.5937937252859476,""max_vel_theta"":0.7948847455635888,""max_vel_x"":0.9538616946763065,""min_obstacle_dist"":0.25,""weight_obstacle"":50.0,""weight_optimaltime"":0.9893143594264985,""weight_viapoint"":1.0}",true,max_vel_theta:ackermann_turning_radius,false,WARNING,margin:warning|safety_mode:WARNING:conservative_filter,false,,2.0089561626889236,2.332532596194093,-0.05,-0.2334421862871903,-0.0012612527472874158,-0.003051918438760489,-0.0,-0.03582107603193151,0.0,0.0,0.0,1.0,0.0,0.0,5.750067008193582,18.000000000000682,44.00000000000048,true,
t12p_directional_seed102,t12p_directional_seed102-episode-000004,6,7,33.002,29.384,29.402,29.42,29.452,29.952,0,0.49999999999999645,true,,0.8059533427850997,0.35814438426752737,0.35740762995990855,0.0017394698552553856,0.2968415664448045,0.7739463601532567,0.4588024381346,0.7634473095669545,0.004737928454192132,"[1.0,-0.10685640573501587,-1.0,-1.0,1.0]","[0.07366013526916504,0.3524460792541504,-0.7969325184822083,-0.5873168110847473,0.9598307609558105]","[1.0,0.24558967351913452,-1.0,-1.0,1.0]","{""acc_lim_theta"":0.45671015312970076,""acc_lim_x"":0.8,""inflation_dist"":0.5937937252859476,""max_vel_theta"":0.7948847455635888,""max_vel_x"":0.9538616946763065,""min_obstacle_dist"":0.25,""weight_obstacle"":50.0,""weight_optimaltime"":0.9893143594264985,""weight_viapoint"":1.0}","{""acc_lim_theta"":0.40642259732885727,""acc_lim_x"":0.8,""inflation_dist"":0.6011719277675168,""max_vel_theta"":0.7948847455635888,""max_vel_x"":0.9130871009148728,""min_obstacle_dist"":0.25,""weight_obstacle"":50.0,""weight_optimaltime"":1.0,""weight_viapoint"":1.0}","{""acc_lim_theta"":0.40642259732885727,""acc_lim_x"":0.8,""inflation_dist"":0.6011719277675168,""max_vel_theta"":0.7609059174290607,""max_vel_x"":0.9130871009148728,""min_obstacle_dist"":0.25,""weight_obstacle"":50.0,""weight_optimaltime"":1.0,""weight_viapoint"":1.0}","{""acc_lim_theta"":0.40642259732885727,""acc_lim_x"":0.8,""inflation_dist"":0.6011719277675168,""max_vel_theta"":0.7609059174290607,""max_vel_x"":0.9130871009148728,""min_obstacle_dist"":0.25,""weight_obstacle"":50.0,""weight_optimaltime"":1.0,""weight_viapoint"":1.0}","{""acc_lim_theta"":0.40642259732885727,""acc_lim_x"":0.8,""inflation_dist"":0.6011719277675168,""max_vel_theta"":0.7609059174290607,""max_vel_x"":0.9130871009148728,""min_obstacle_dist"":0.25,""weight_obstacle"":50.0,""weight_optimaltime"":1.0,""weight_viapoint"":1.0}",true,max_vel_theta:ackermann_turning_radius,false,WARNING,margin:warning|safety_mode:WARNING:conservative_filter,false,,1.9215099482889486,2.2390447925878614,-0.04999999999999965,-0.2333842140172634,-0.001259147137206176,-0.0024828769738439805,-0.0,-0.030408606170599334,0.0,0.0,0.0,1.0,0.0,0.0,0.8215400011977181,18.000000000000682,50.00000000000071,true,
t12p_directional_seed102,t12p_directional_seed102-episode-000004,7,8,33.546,32.984,33.004,33.022,33.044,33.544,0,0.45000000000000284,true,,2.412712528811201,2.6740554497860294,0.6801110884836853,0.000792212457495891,0.2968415664448045,0.6875,2.6170283764796163,0.17464029448078677,-0.020175092140216955,"[1.0,0.24558967351913452,-1.0,-1.0,1.0]","[-0.05865156650543213,0.42728936672210693,-0.6240487098693848,-0.5963236093521118,0.9543545246124268]","[0.9413484334945679,0.6728790402412415,-1.0,-1.0,1.0]","{""acc_lim_theta"":0.40642259732885727,""acc_lim_x"":0.8,""inflation_dist"":0.6011719277675168,""max_vel_theta"":0.7609059174290607,""max_vel_x"":0.9130871009148728,""min_obstacle_dist"":0.25,""weight_obstacle"":50.0,""weight_optimaltime"":1.0,""weight_viapoint"":1.0}","{""acc_lim_theta"":0.4,""acc_lim_x"":0.8,""inflation_dist"":0.6069495282957869,""max_vel_theta"":0.7609059174290607,""max_vel_x"":0.8703674894470885,""min_obstacle_dist"":0.25,""weight_obstacle"":50.0,""weight_optimaltime"":1.0,""weight_viapoint"":1.0}","{""acc_lim_theta"":0.4,""acc_lim_x"":0.8,""inflation_dist"":0.6069495282957869,""max_vel_theta"":0.7253062412059071,""max_vel_x"":0.8703674894470885,""min_obstacle_dist"":0.25,""weight_obstacle"":50.0,""weight_optimaltime"":1.0,""weight_viapoint"":1.0}","{""acc_lim_theta"":0.5064225973288573,""acc_lim_x"":0.7000000000000001,""inflation_dist"":0.5511719277675168,""max_vel_theta"":0.6609059174290607,""max_vel_x"":0.8130871009148728,""min_obstacle_dist"":0.25,""weight_obstacle"":60.0,""weight_optimaltime"":0.9,""weight_viapoint"":1.5}","{""acc_lim_theta"":0.5064225973288573,""acc_lim_x"":0.7000000000000001,""inflation_dist"":0.5511719277675168,""max_vel_theta"":0.6609059174290607,""max_vel_x"":0.8130871009148728,""min_obstacle_dist"":0.25,""weight_obstacle"":60.0,""weight_optimaltime"":0.9,""weight_viapoint"":1.5}",true,max_vel_theta:ackermann_turning_radius,true,WARNING,margin:warning|safety_mode:WARNING:conservative_filter|warning:corridor_feasibility_profile,false,,-1.9329983102154338,-1.3067146048741418,-0.04500000000000029,-0.08889422515902685,-0.1373330707656354,-0.19743736179758167,-0.0,-0.15761904761904763,0.0,0.0,0.0,1.0,0.0,0.0,1.1130009952466935,18.000000000000682,39.99999999999915,true,
t12p_directional_seed102,t12p_directional_seed102-episode-000004,8,9,34.192,33.544,33.548,33.564,33.642,34.142,0,0.5,true,,2.7035772147161836,2.673913144250155,0.0010446069055136376,0.001184664098735384,0.2968415664448045,0.6907216494845361,2.0247903640566505,-0.2239173791915279,0.08345111865912654,"[0.9413484334945679,0.6728790402412415,-1.0,-1.0,1.0]","[0.07017850875854492,-0.19596683979034424,-0.36479127407073975,-0.8921369314193726,0.8624703884124756]","[1.0,0.4769122004508972,-1.0,-1.0,1.0]","{""acc_lim_theta"":0.5064225973288573,""acc_lim_x"":0.7000000000000001,""inflation_dist"":0.5511719277675168,""max_vel_theta"":0.6609059174290607,""max_vel_x"":0.8130871009148728,""min_obstacle_dist"":0.25,""weight_obstacle"":60.0,""weight_optimaltime"":0.9,""weight_viapoint"":1.5}","{""acc_lim_theta"":0.4516974299714118,""acc_lim_x"":0.7235715825616491,""inflation_dist"":0.5545492574926604,""max_vel_theta"":0.6609059174290607,""max_vel_x"":0.7849779125825462,""min_obstacle_dist"":0.25,""weight_obstacle"":55.342942016636684,""weight_optimaltime"":0.8804033160209657,""weight_viapoint"":1.5}","{""acc_lim_theta"":0.4516974299714118,""acc_lim_x"":0.7235715825616491,""inflation_dist"":0.5545492574926604,""max_vel_theta"":0.6541482604854553,""max_vel_x"":0.7849779125825462,""min_obstacle_dist"":0.25,""weight_obstacle"":55.342942016636684,""weight_optimaltime"":0.8804033160209657,""weight_viapoint"":1.5}","{""acc_lim_theta"":0.4516974299714118,""acc_lim_x"":0.7235715825616491,""inflation_dist"":0.5545492574926604,""max_vel_theta"":0.6541482604854553,""max_vel_x"":0.7849779125825462,""min_obstacle_dist"":0.25,""weight_obstacle"":60.0,""weight_optimaltime"":0.8804033160209657,""weight_viapoint"":1.5}","{""acc_lim_theta"":0.4516974299714118,""acc_lim_x"":0.7235715825616491,""inflation_dist"":0.5545492574926604,""max_vel_theta"":0.6541482604854553,""max_vel_x"":0.7849779125825462,""min_obstacle_dist"":0.25,""weight_obstacle"":60.0,""weight_optimaltime"":0.8804033160209657,""weight_viapoint"":1.5}",true,max_vel_theta:ackermann_turning_radius,true,WARNING,margin:warning|safety_mode:WARNING:conservative_filter,false,,-0.08047183988045647,0.1483203523301424,-0.05,-0.04949563796067685,-0.0618070175234806,-0.03699466499004438,-0.0,-0.03049487173639704,0.0,0.0,0.0,1.0,0.0,0.0,1.2808739993488416,15.999999999998238,94.0000000000012,true,
t12p_directional_seed102,t12p_directional_seed102-episode-000004,9,10,34.742,34.184,34.194,34.212,34.24,34.74,0,0.45000000000000284,true,,2.6515215290268745,2.567130822989782,0.006205636157870005,0.00650921642807927,0.2968415664448045,0.722488038277512,1.5507646949631702,0.2790998786785356,0.01651808375898123,"[1.0,0.4769122004508972,-1.0,-1.0,1.0]","[-0.22256314754486084,-0.5261117815971375,-0.2855403423309326,-0.7645987868309021,0.5539683103561401]","[0.7774368524551392,-0.049199581146240234,-1.0,-1.0,1.0]","{""acc_lim_theta"":0.4516974299714118,""acc_lim_x"":0.7235715825616491,""inflation_dist"":0.5545492574926604,""max_vel_theta"":0.6541482604854553,""max_vel_x"":0.7849779125825462,""min_obstacle_dist"":0.25,""weight_obstacle"":60.0,""weight_optimaltime"":0.8804033160209657,""weight_viapoint"":1.5}","{""acc_lim_theta"":0.4225240142919457,""acc_lim_x"":0.7279084928340729,""inflation_dist"":0.5571928620808966,""max_vel_theta"":0.6541482604854553,""max_vel_x"":0.7663674843928223,""min_obstacle_dist"":0.25,""weight_obstacle"":57.00875232711116,""weight_optimaltime"":0.8277921378612519,""weight_viapoint"":1.5}","{""acc_lim_theta"":0.4225240142919457,""acc_lim_x"":0.7279084928340729,""inflation_dist"":0.5571928620808966,""max_vel_theta"":0.638639570327352,""max_vel_x"":0.7663674843928223,""min_obstacle_dist"":0.25,""weight_obstacle"":57.00875232711116,""weight_optimaltime"":0.8277921378612519,""weight_viapoint"":1.5}","{""acc_lim_theta"":0.4225240142919457,""acc_lim_x"":0.7279084928340729,""inflation_dist"":0.5571928620808966,""max_vel_theta"":0.638639570327352,""max_vel_x"":0.7663674843928223,""min_obstacle_dist"":0.25,""weight_obstacle"":60.0,""weight_optimaltime"":0.8277921378612519,""weight_viapoint"":1.5}","{""acc_lim_theta"":0.4225240142919457,""acc_lim_x"":0.7279084928340729,""inflation_dist"":0.5571928620808966,""max_vel_theta"":0.638639570327352,""max_vel_x"":0.7663674843928223,""min_obstacle_dist"":0.25,""weight_obstacle"":60.0,""weight_optimaltime"":0.8277921378612519,""weight_viapoint"":1.5}",true,max_vel_theta:ackermann_turning_radius,true,WARNING,margin:warning|safety_mode:WARNING:conservative_filter,false,,0.0955270334245709,0.4219535301854638,-0.04500000000000029,-0.07199068848564795,-2.980300410139362e-05,-0.18354739649134785,-0.0,-0.025858608779795445,0.0,0.0,0.0,1.0,0.0,0.0,0.9460559958824888,18.000000000000682,45.999999999999375,true,
t12p_directional_seed102,t12p_directional_seed102-episode-000004,10,11,35.344,34.724,34.744,34.76,34.842,35.342,0,0.44999999999999574,true,,2.631247335091569,2.7031115581976213,0.19928024827647858,0.005286864755447722,0.2968415664448045,0.6774193548387096,3.2323474326454664,0.14164503270599632,0.05893053777858575,"[0.7774368524551392,-0.049199581146240234,-1.0,-1.0,1.0]","[0.07251560688018799,-0.529071569442749,0.032758355140686035,-0.8850401043891907,-0.2233206033706665]","[0.8499524593353271,-0.5782711505889893,-0.967241644859314,-1.0,0.7766793966293335]","{""acc_lim_theta"":0.4225240142919457,""acc_lim_x"":0.7279084928340729,""inflation_dist"":0.5571928620808966,""max_vel_theta"":0.638639570327352,""max_vel_x"":0.7663674843928223,""min_obstacle_dist"":0.25,""weight_obstacle"":60.0,""weight_optimaltime"":0.8277921378612519,""weight_viapoint"":1.5}","{""acc_lim_theta"":0.4042826997786643,""acc_lim_x"":0.7459827226058006,""inflation_dist"":0.5568895769575194,""max_vel_theta"":0.638639570327352,""max_vel_x"":0.8012353413112435,""min_obstacle_dist"":0.25,""weight_obstacle"":61.20585821003224,""weight_optimaltime"":0.7748849809169771,""weight_viapoint"":1.5}","{""acc_lim_theta"":0.4042826997786643,""acc_lim_x"":0.7459827226058006,""inflation_dist"":0.5568895769575194,""max_vel_theta"":0.638639570327352,""max_vel_x"":0.8012353413112435,""min_obstacle_dist"":0.25,""weight_obstacle"":61.20585821003224,""weight_optimaltime"":0.7748849809169771,""weight_viapoint"":1.5}","{""acc_lim_theta"":0.5225240142919457,""acc_lim_x"":0.6279084928340729,""inflation_dist"":0.55,""max_vel_theta"":0.538639570327352,""max_vel_x"":0.6663674843928223,""min_obstacle_dist"":0.25,""weight_obstacle"":60.0,""weight_optimaltime"":0.727792137861252,""weight_viapoint"":2.0}","{""acc_lim_theta"":0.5225240142919457,""acc_lim_x"":0.6279084928340729,""inflation_dist"":0.55,""max_vel_theta"":0.538639570327352,""max_vel_x"":0.6663674843928223,""min_obstacle_dist"":0.25,""weight_obstacle"":60.0,""weight_optimaltime"":0.727792137861252,""weight_viapoint"":2.0}",false,,true,WARNING,margin:warning|safety_mode:WARNING:conservative_filter|warning:corridor_feasibility_profile,false,,-0.7562864204590767,-0.35932111553026225,-0.044999999999999575,-0.05034108461746074,-0.014222933939205129,-0.16201284958713094,-0.0,-0.12538843678501804,0.0,0.0,0.0,0.0,0.0,0.0,1.746941008605063,15.999999999998238,97.99999999999898,true,
t12p_directional_seed102,t12p_directional_seed102-episode-000004,11,12,35.942,35.342,35.344,35.364,35.44,35.94,0,0.45000000000000284,true,,2.729056506921243,2.7482038635398953,0.05924197577169205,0.004665560101671048,0.2968415664448045,0.6703296703296703,2.9418450433645242,-0.16397707327702252,0.011482248228480284,"[0.8499524593353271,-0.5782711505889893,-0.967241644859314,-1.0,0.7766793966293335]","[0.3389441967010498,-0.599442720413208,0.0029671192169189453,-0.8862026333808899,-0.1179661750793457]","[1.0,-1.0,-0.964274525642395,-1.0,0.6587132215499878]","{""acc_lim_theta"":0.5225240142919457,""acc_lim_x"":0.6279084928340729,""inflation_dist"":0.55,""max_vel_theta"":0.538639570327352,""max_vel_x"":0.6663674843928223,""min_obstacle_dist"":0.25,""weight_obstacle"":60.0,""weight_optimaltime"":0.727792137861252,""weight_viapoint"":2.0}","{""acc_lim_theta"":0.48986450195771636,""acc_lim_x"":0.6478983677832378,""inflation_dist"":0.55,""max_vel_theta"":0.538639570327352,""max_vel_x"":0.7001181068030184,""min_obstacle_dist"":0.25,""weight_obstacle"":60.6369787586926,""weight_optimaltime"":0.6678478658199312,""weight_viapoint"":2.0}","{""acc_lim_theta"":0.48986450195771636,""acc_lim_x"":0.6478983677832378,""inflation_dist"":0.55,""max_vel_theta"":0.538639570327352,""max_vel_x"":0.7001181068030184,""min_obstacle_dist"":0.25,""weight_obstacle"":60.6369787586926,""weight_optimaltime"":0.6678478658199312,""weight_viapoint"":2.0}","{""acc_lim_theta"":0.48986450195771636,""acc_lim_x"":0.6478983677832378,""inflation_dist"":0.55,""max_vel_theta"":0.538639570327352,""max_vel_x"":0.6663674843928223,""min_obstacle_dist"":0.25,""weight_obstacle"":60.6369787586926,""weight_optimaltime"":0.6678478658199312,""weight_viapoint"":2.0}","{""acc_lim_theta"":0.48986450195771636,""acc_lim_x"":0.6478983677832378,""inflation_dist"":0.55,""max_vel_theta"":0.538639570327352,""max_vel_x"":0.6663674843928223,""min_obstacle_dist"":0.25,""weight_obstacle"":60.6369787586926,""weight_optimaltime"":0.6678478658199312,""weight_viapoint"":2.0}",false,,true,WARNING,margin:warning|safety_mode:WARNING:conservative_filter,false,,-0.24649604952895426,-0.09573678309326095,-0.04500000000000029,-0.03479096609896262,-0.016166572085157697,-0.028376569505074768,-0.0,-0.026425158746497937,0.0,0.0,0.0,0.0,0.0,0.0,0.8461300021735951,19.99999999999602,95.99999999999653,true,
t12p_directional_seed102,t12p_directional_seed102-episode-000004,12,13,36.59,35.932,35.944,35.964,36.04,36.54,0,0.5,true,,2.72371487944541,2.7501529727301324,0.05723338719187221,0.00734264714205277,0.2968415664448045,0.6685082872928176,2.239925264951528,-0.21221437871713894,0.0022842637791754736,"[1.0,-1.0,-0.964274525642395,-1.0,0.6587132215499878]","[0.29731500148773193,-0.5622259378433228,-0.11284619569778442,-0.9051654934883118,-0.07703417539596558]","[1.0,-1.0,-1.0,-1.0,0.5816790461540222]","{""acc_lim_theta"":0.48986450195771636,""acc_lim_x"":0.6478983677832378,""inflation_dist"":0.55,""max_vel_theta"":0.538639570327352,""max_vel_x"":0.6663674843928223,""min_obstacle_dist"":0.25,""weight_obstacle"":60.6369787586926,""weight_optimaltime"":0.6678478658199312,""weight_viapoint"":2.0}","{""acc_lim_theta"":0.4570413553743524,""acc_lim_x"":0.6675207217790855,""inflation_dist"":0.5510447585734345,""max_vel_theta"":0.538639570327352,""max_vel_x"":0.697401593175963,""min_obstacle_dist"":0.25,""weight_obstacle"":61.052938107952045,""weight_optimaltime"":0.6116252720355989,""weight_viapoint"":2.0}","{""acc_lim_theta"":0.4570413553743524,""acc_lim_x"":0.6675207217790855,""inflation_dist"":0.5510447585734345,""max_vel_theta"":0.538639570327352,""max_vel_x"":0.697401593175963,""min_obstacle_dist"":0.25,""weight_obstacle"":61.052938107952045,""weight_optimaltime"":0.6116252720355989,""weight_viapoint"":2.0}","{""acc_lim_theta"":0.4570413553743524,""acc_lim_x"":0.6675207217790855,""inflation_dist"":0.5510447585734345,""max_vel_theta"":0.538639570327352,""max_vel_x"":0.6663674843928223,""min_obstacle_dist"":0.25,""weight_obstacle"":61.052938107952045,""weight_optimaltime"":0.6116252720355989,""weight_viapoint"":2.0}","{""acc_lim_theta"":0.4570413553743524,""acc_lim_x"":0.6675207217790855,""inflation_dist"":0.5510447585734345,""max_vel_theta"":0.538639570327352,""max_vel_x"":0.6663674843928223,""min_obstacle_dist"":0.25,""weight_obstacle"":61.052938107952045,""weight_optimaltime"":0.6116252720355989,""weight_viapoint"":2.0}",false,,true,WARNING,margin:warning|safety_mode:WARNING:conservative_filter,false,,-0.3927633492900646,-0.13219046642361176,-0.05,-0.04325495532889569,-0.0018743150129543198,-0.13995729747486194,-0.0,-0.02548631504974094,0.0,0.0,0.0,0.0,0.0,0.0,1.626463999855332,19.99999999999602,95.99999999999653,true,
t12p_directional_seed102,t12p_directional_seed102-episode-000004,13,14,37.142,36.584,36.608,36.63,36.64,37.14,0,0.44999999999999574,true,,2.7289331806271435,2.652478719465679,0.04933670662197338,0.004856233022898192,0.2968415664448045,0.6938775510204082,2.7825406733419515,0.1650426265494137,-0.04044385438607182,"[1.0,-1.0,-1.0,-1.0,0.5816790461540222]","[0.21108436584472656,-0.5808293223381042,0.1506330966949463,-0.8459405303001404,-0.2662506699562073]","[1.0,-1.0,-0.8493669033050537,-1.0,0.31542837619781494]","{""acc_lim_theta"":0.4570413553743524,""acc_lim_x"":0.6675207217790855,""inflation_dist"":0.5510447585734345,""max_vel_theta"":0.538639570327352,""max_vel_x"":0.6663674843928223,""min_obstacle_dist"":0.25,""weight_obstacle"":61.052938107952045,""weight_optimaltime"":0.6116252720355989,""weight_viapoint"":2.0}","{""acc_lim_theta"":0.4355985709177258,""acc_lim_x"":0.6864133541494126,""inflation_dist"":0.55,""max_vel_theta"":0.538639570327352,""max_vel_x"":0.7054120544835033,""min_obstacle_dist"":0.25,""weight_obstacle"":62.49060463512142,""weight_optimaltime"":0.5535423398017885,""weight_viapoint"":2.0}","{""acc_lim_theta"":0.4355985709177258,""acc_lim_x"":0.6864133541494126,""inflation_dist"":0.55,""max_vel_theta"":0.538639570327352,""max_vel_x"":0.7054120544835033,""min_obstacle_dist"":0.25,""weight_obstacle"":62.49060463512142,""weight_optimaltime"":0.5535423398017885,""weight_viapoint"":2.0}","{""acc_lim_theta"":0.4355985709177258,""acc_lim_x"":0.6864133541494126,""inflation_dist"":0.5510447585734345,""max_vel_theta"":0.538639570327352,""max_vel_x"":0.6663674843928223,""min_obstacle_dist"":0.25,""weight_obstacle"":62.49060463512142,""weight_optimaltime"":0.5535423398017885,""weight_viapoint"":2.0}","{""acc_lim_theta"":0.4355985709177258,""acc_lim_x"":0.6864133541494126,""inflation_dist"":0.5510447585734345,""max_vel_theta"":0.538639570327352,""max_vel_x"":0.6663674843928223,""min_obstacle_dist"":0.25,""weight_obstacle"":62.49060463512142,""weight_optimaltime"":0.5535423398017885,""weight_viapoint"":2.0}",false,,true,WARNING,margin:warning|safety_mode:WARNING:conservative_filter,false,,0.1839781625557971,0.38227230580732297,-0.044999999999999575,-0.05339016712960645,-0.0011685520965283446,-0.07415965031755221,-0.0,-0.02457577370783928,0.0,0.0,0.0,0.0,0.0,0.0,17.547057010233402,22.00000000000557,32.00000000000358,true,
t12p_directional_seed102,t12p_directional_seed102-episode-000004,14,15,37.742,37.14,37.144,37.16,37.24,37.74,0,0.45000000000000284,true,,2.665825560084164,2.7085780049667987,0.04981248799661393,0.022029803550448767,0.2968415664448045,0.6827956989247311,3.2738875882016565,0.14319495312663472,0.11932264440900159,"[1.0,-1.0,-0.8493669033050537,-1.0,0.31542837619781494]","[0.21045267581939697,-0.5045760273933411,0.14214301109313965,-0.876590371131897,-0.197210431098938]","[1.0,-1.0,-0.7072238922119141,-1.0,0.11821794509887695]","{""acc_lim_theta"":0.4355985709177258,""acc_lim_x"":0.6864133541494126,""inflation_dist"":0.5510447585734345,""max_vel_theta"":0.538639570327352,""max_vel_x"":0.6663674843928223,""min_obstacle_dist"":0.25,""weight_obstacle"":62.49060463512142,""weight_optimaltime"":0.5535423398017885,""weight_viapoint"":2.0}","{""acc_lim_theta"":0.4110786238255565,""acc_lim_x"":0.708767971901384,""inflation_dist"":0.55,""max_vel_theta"":0.538639570327352,""max_vel_x"":0.702099304161279,""min_obstacle_dist"":0.25,""weight_obstacle"":63.555476455523674,""weight_optimaltime"":0.5030847370624544,""weight_viapoint"":2.0}","{""acc_lim_theta"":0.4110786238255565,""acc_lim_x"":0.708767971901384,""inflation_dist"":0.55,""max_vel_theta"":0.538639570327352,""max_vel_x"":0.702099304161279,""min_obstacle_dist"":0.25,""weight_obstacle"":63.555476455523674,""weight_optimaltime"":0.5030847370624544,""weight_viapoint"":2.0}","{""acc_lim_theta"":0.4110786238255565,""acc_lim_x"":0.708767971901384,""inflation_dist"":0.5510447585734345,""max_vel_theta"":0.538639570327352,""max_vel_x"":0.6663674843928223,""min_obstacle_dist"":0.25,""weight_obstacle"":63.555476455523674,""weight_optimaltime"":0.5030847370624544,""weight_viapoint"":2.0}","{""acc_lim_theta"":0.4110786238255565,""acc_lim_x"":0.708767971901384,""inflation_dist"":0.5510447585734345,""max_vel_theta"":0.538639570327352,""max_vel_x"":0.6663674843928223,""min_obstacle_dist"":0.25,""weight_obstacle"":63.555476455523674,""weight_optimaltime"":0.5030847370624544,""weight_viapoint"":2.0}",false,,true,WARNING,margin:warning|safety_mode:WARNING:conservative_filter,false,,-0.43036156601090486,-0.21376222441317427,-0.04500000000000029,-0.052665365280981806,-0.0011551718728984104,-0.09383889904414362,-0.0,-0.023939905399706488,0.0,0.0,0.0,0.0,0.0,0.0,1.2589450052473694,15.999999999998238,96.00000000000364,true,
t12p_directional_seed102,t12p_directional_seed102-episode-000004,15,16,38.344,37.724,37.744,37.76,37.842,38.342,0,0.44999999999999574,true,,2.7193864727439343,2.7144146609597386,0.0656818693312445,0.014053402778245155,0.2968415664448045,0.6774193548387096,1.5461334419968402,-0.29672359143009264,0.020075054292314855,"[1.0,-1.0,-0.7072238922119141,-1.0,0.11821794509887695]","[0.2581617832183838,-0.45594000816345215,0.1769024133682251,-0.8485189080238342,-0.21590977907180786]","[1.0,-1.0,-0.530321478843689,-1.0,-0.09769183397293091]","{""acc_lim_theta"":0.4110786238255565,""acc_lim_x"":0.708767971901384,""inflation_dist"":0.5510447585734345,""max_vel_theta"":0.538639570327352,""max_vel_x"":0.6663674843928223,""min_obstacle_dist"":0.25,""weight_obstacle"":63.555476455523674,""weight_optimaltime"":0.5030847370624544,""weight_viapoint"":2.0}","{""acc_lim_theta"":0.4,""acc_lim_x"":0.7328977713060203,""inflation_dist"":0.55,""max_vel_theta"":0.538639570327352,""max_vel_x"":0.7034260825574801,""min_obstacle_dist"":0.25,""weight_obstacle"":64.7213186384227,""weight_optimaltime"":0.5,""weight_viapoint"":2.0}","{""acc_lim_theta"":0.4,""acc_lim_x"":0.7328977713060203,""inflation_dist"":0.55,""max_vel_theta"":0.538639570327352,""max_vel_x"":0.7034260825574801,""min_obstacle_dist"":0.25,""weight_obstacle"":64.7213186384227,""weight_optimaltime"":0.5,""weight_viapoint"":2.0}","{""acc_lim_theta"":0.4,""acc_lim_x"":0.7328977713060203,""inflation_dist"":0.5510447585734345,""max_vel_theta"":0.538639570327352,""max_vel_x"":0.6663674843928223,""min_obstacle_dist"":0.25,""weight_obstacle"":64.7213186384227,""weight_optimaltime"":0.5,""weight_viapoint"":2.0}","{""acc_lim_theta"":0.4,""acc_lim_x"":0.7328977713060203,""inflation_dist"":0.5510447585734345,""max_vel_theta"":0.538639570327352,""max_vel_x"":0.6663674843928223,""min_obstacle_dist"":0.25,""weight_obstacle"":64.7213186384227,""weight_optimaltime"":0.5,""weight_viapoint"":2.0}",false,,true,WARNING,margin:warning|safety_mode:WARNING:conservative_filter,false,,-0.1340922147705658,0.024859058920978505,-0.044999999999999575,-0.04135786570029251,-0.0039179945694071,-0.05692467583600798,-0.0,-0.01175073758583713,0.0,0.0,0.0,0.0,0.0,0.0,1.3929729902883992,15.999999999998238,97.99999999999898,true,
t12p_directional_seed102,t12p_directional_seed102-episode-000004,16,17,38.942,38.34,38.344,38.362,38.44,38.94,0,0.45000000000000284,true,,2.695824056744834,2.7013665143665815,0.06258277992449447,0.004092775577163018,0.2968415664448045,0.6808510638297872,4.912276588119374,-0.09219467682613464,0.009755185202059685,"[1.0,-1.0,-0.530321478843689,-1.0,-0.09769183397293091]","[0.18726038932800293,-0.49040907621383667,0.1063997745513916,-0.8535402417182922,-0.21353673934936523]","[1.0,-1.0,-0.42392170429229736,-1.0,-0.31122857332229614]","{""acc_lim_theta"":0.4,""acc_lim_x"":0.7328977713060203,""inflation_dist"":0.5510447585734345,""max_vel_theta"":0.538639570327352,""max_vel_x"":0.6663674843928223,""min_obstacle_dist"":0.25,""weight_obstacle"":64.7213186384227,""weight_optimaltime"":0.5,""weight_viapoint"":2.0}","{""acc_lim_theta"":0.4,""acc_lim_x"":0.7539618225934577,""inflation_dist"":0.5500596825946946,""max_vel_theta"":0.538639570327352,""max_vel_x"":0.70207989869877,""min_obstacle_dist"":0.25,""weight_obstacle"":65.87434718304183,""weight_optimaltime"":0.5,""weight_viapoint"":2.0}","{""acc_lim_theta"":0.4,""acc_lim_x"":0.7539618225934577,""inflation_dist"":0.5500596825946946,""max_vel_theta"":0.538639570327352,""max_vel_x"":0.70207989869877,""min_obstacle_dist"":0.25,""weight_obstacle"":65.87434718304183,""weight_optimaltime"":0.5,""weight_viapoint"":2.0}","{""acc_lim_theta"":0.4,""acc_lim_x"":0.7539618225934577,""inflation_dist"":0.5510447585734345,""max_vel_theta"":0.538639570327352,""max_vel_x"":0.6663674843928223,""min_obstacle_dist"":0.25,""weight_obstacle"":65.87434718304183,""weight_optimaltime"":0.5,""weight_viapoint"":2.0}","{""acc_lim_theta"":0.4,""acc_lim_x"":0.7539618225934577,""inflation_dist"":0.5510447585734345,""max_vel_theta"":0.538639570327352,""max_vel_x"":0.6663674843928223,""min_obstacle_dist"":0.25,""weight_obstacle"":65.87434718304183,""weight_optimaltime"":0.5,""weight_viapoint"":2.0}",false,,true,WARNING,margin:warning|safety_mode:WARNING:conservative_filter,false,,-0.21019034015298832,-0.027712288108736605,-0.04500000000000029,-0.04543048557945069,-0.001923793780012356,-0.08255170277369078,-0.0,-0.007572069911097611,0.0,0.0,0.0,0.0,0.0,0.0,0.8046500006457791,18.000000000000682,95.99999999999653,true,
t12p_directional_seed102,t12p_directional_seed102-episode-000004,17,18,39.542,38.94,38.944,38.96,39.04,39.54,0,0.44999999999999574,true,,2.671723457771823,2.721075051013297,0.08679521617061971,0.006660421199238212,0.2968415664448045,0.6721311475409836,1.9345051720389015,0.24615599653333325,-0.034001108973951234,"[1.0,-1.0,-0.42392170429229736,-1.0,-0.31122857332229614]","[0.2256476879119873,-0.5260773301124573,0.10879158973693848,-0.8624260425567627,-0.16511160135269165]","[1.0,-1.0,-0.3151301145553589,-1.0,-0.4763401746749878]","{""acc_lim_theta"":0.4,""acc_lim_x"":0.7539618225934577,""inflation_dist"":0.5510447585734345,""max_vel_theta"":0.538639570327352,""max_vel_x"":0.6663674843928223,""min_obstacle_dist"":0.25,""weight_obstacle"":65.87434718304183,""weight_optimaltime"":0.5,""weight_viapoint"":2.0}","{""acc_lim_theta"":0.4,""acc_lim_x"":0.7749050261676423,""inflation_dist"":0.5500375385657735,""max_vel_theta"":0.538639570327352,""max_vel_x"":0.7001892299262016,""min_obstacle_dist"":0.25,""weight_obstacle"":66.76589582234156,""weight_optimaltime"":0.5,""weight_viapoint"":2.0}","{""acc_lim_theta"":0.4,""acc_lim_x"":0.7749050261676423,""inflation_dist"":0.5500375385657735,""max_vel_theta"":0.538639570327352,""max_vel_x"":0.7001892299262016,""min_obstacle_dist"":0.25,""weight_obstacle"":66.76589582234156,""weight_optimaltime"":0.5,""weight_viapoint"":2.0}","{""acc_lim_theta"":0.4,""acc_lim_x"":0.7749050261676423,""inflation_dist"":0.5510447585734345,""max_vel_theta"":0.538639570327352,""max_vel_x"":0.6663674843928223,""min_obstacle_dist"":0.25,""weight_obstacle"":66.76589582234156,""weight_optimaltime"":0.5,""weight_viapoint"":2.0}","{""acc_lim_theta"":0.4,""acc_lim_x"":0.7749050261676423,""inflation_dist"":0.5510447585734345,""max_vel_theta"":0.538639570327352,""max_vel_x"":0.6663674843928223,""min_obstacle_dist"":0.25,""weight_obstacle"":66.76589582234156,""weight_optimaltime"":0.5,""weight_viapoint"":2.0}",false,,true,WARNING,margin:warning|safety_mode:WARNING:conservative_filter,false,,-0.4432402625823384,-0.24675796620736934,-0.044999999999999575,-0.05275572366722336,-0.0014188652533468251,-0.09028880928225363,-0.0,-0.007018898172145623,0.0,0.0,0.0,0.0,0.0,0.0,0.8619830041425303,15.999999999998238,95.99999999999653,true,
t12p_directional_seed102,t12p_directional_seed102-episode-000004,18,19,40.192,39.536,39.544,39.56,39.642,40.142,0,0.5,true,,2.7470031935564543,2.6781358045508368,0.05347687991319479,0.005028363181743302,0.2968415664448045,0.6875,9.126050359116547,0.029645171954283216,-0.01070172555305987,"[1.0,-1.0,-0.3151301145553589,-1.0,-0.4763401746749878]","[0.29109978675842285,-0.43536484241485596,0.15499484539031982,-0.8202013969421387,-0.13865816593170166]","[1.0,-1.0,-0.16013526916503906,-1.0,-0.6149983406066895]","{""acc_lim_theta"":0.4,""acc_lim_x"":0.7749050261676423,""inflation_dist"":0.5510447585734345,""max_vel_theta"":0.538639570327352,""max_vel_x"":0.6663674843928223,""min_obstacle_dist"":0.25,""weight_obstacle"":66.76589582234156,""weight_optimaltime"":0.5,""weight_viapoint"":2.0}","{""acc_lim_theta"":0.4,""acc_lim_x"":0.7988897236261048,""inflation_dist"":0.55,""max_vel_theta"":0.538639570327352,""max_vel_x"":0.6988952035185009,""min_obstacle_dist"":0.25,""weight_obstacle"":67.51460456328667,""weight_optimaltime"":0.5,""weight_viapoint"":2.0}","{""acc_lim_theta"":0.4,""acc_lim_x"":0.7988897236261048,""inflation_dist"":0.55,""max_vel_theta"":0.538639570327352,""max_vel_x"":0.6988952035185009,""min_obstacle_dist"":0.25,""weight_obstacle"":67.51460456328667,""weight_optimaltime"":0.5,""weight_viapoint"":2.0}","{""acc_lim_theta"":0.4,""acc_lim_x"":0.7988897236261048,""inflation_dist"":0.5510447585734345,""max_vel_theta"":0.538639570327352,""max_vel_x"":0.6663674843928223,""min_obstacle_dist"":0.25,""weight_obstacle"":67.51460456328667,""weight_optimaltime"":0.5,""weight_viapoint"":2.0}","{""acc_lim_theta"":0.4,""acc_lim_x"":0.7988897236261048,""inflation_dist"":0.5510447585734345,""max_vel_theta"":0.538639570327352,""max_vel_x"":0.6663674843928223,""min_obstacle_dist"":0.25,""weight_obstacle"":67.51460456328667,""weight_optimaltime"":0.5,""weight_viapoint"":2.0}",false,,true,WARNING,margin:warning|safety_mode:WARNING:conservative_filter,false,,0.16993548646050927,0.34433694502808754,-0.05,-0.0475775048655141,-0.0022405130443618865,-0.0670898488111965,-0.0,-0.007493591846505818,0.0,0.0,0.0,0.0,0.0,0.0,1.2046850024489686,16.000000000005343,98.00000000000608,true,
t12p_directional_seed102,t12p_directional_seed102-episode-000004,19,20,40.79,40.184,40.194,40.216,40.24,40.74,0,0.5,true,,2.681100320961893,2.7501780105568283,0.05971028275791594,0.01059953722758191,0.2968415664448045,0.6666666666666666,4.207252077573313,-0.11318759791125121,0.0640406771120669,"[1.0,-1.0,-0.16013526916503906,-1.0,-0.6149983406066895]","[0.23280072212219238,-0.49729812145233154,0.05710804462432861,-0.8387598395347595,-0.08463478088378906]","[1.0,-1.0,-0.10302722454071045,-1.0,-0.6996331214904785]","{""acc_lim_theta"":0.4,""acc_lim_x"":0.7988897236261048,""inflation_dist"":0.5510447585734345,""max_vel_theta"":0.538639570327352,""max_vel_x"":0.6663674843928223,""min_obstacle_dist"":0.25,""weight_obstacle"":67.51460456328667,""weight_optimaltime"":0.5,""weight_viapoint"":2.0}","{""acc_lim_theta"":0.4,""acc_lim_x"":0.8,""inflation_dist"":0.5505160378765213,""max_vel_theta"":0.538639570327352,""max_vel_x"":0.6950970575832974,""min_obstacle_dist"":0.25,""weight_obstacle"":67.9716046960223,""weight_optimaltime"":0.5,""weight_viapoint"":2.0}","{""acc_lim_theta"":0.4,""acc_lim_x"":0.8,""inflation_dist"":0.5505160378765213,""max_vel_theta"":0.538639570327352,""max_vel_x"":0.6950970575832974,""min_obstacle_dist"":0.25,""weight_obstacle"":67.9716046960223,""weight_optimaltime"":0.5,""weight_viapoint"":2.0}","{""acc_lim_theta"":0.4,""acc_lim_x"":0.8,""inflation_dist"":0.5510447585734345,""max_vel_theta"":0.538639570327352,""max_vel_x"":0.6663674843928223,""min_obstacle_dist"":0.25,""weight_obstacle"":67.9716046960223,""weight_optimaltime"":0.5,""weight_viapoint"":2.0}","{""acc_lim_theta"":0.4,""acc_lim_x"":0.8,""inflation_dist"":0.5510447585734345,""max_vel_theta"":0.538639570327352,""max_vel_x"":0.6663674843928223,""min_obstacle_dist"":0.25,""weight_obstacle"":67.9716046960223,""weight_optimaltime"":0.5,""weight_viapoint"":2.0}",false,,true,WARNING,recovery:hysteresis_or_health_time|safety_mode:WARNING:conservative_filter,false,,-0.6007263118261401,-0.34538844797467716,-0.05,-0.04874945555297523,-0.001573610428980074,-0.15382322851056263,-0.0,-0.0011915693589450763,0.0,0.0,0.0,0.0,0.0,0.0,1.2595349980983883,21.999999999998465,45.999999999999375,true,
t12p_directional_seed102,t12p_directional_seed102-episode-000004,20,21,41.39,40.784,40.792,40.822,40.84,41.34,0,0.5,true,,2.7388595032734795,2.797014208135251,0.09642159642442309,0.006512266819352476,0.2968415664448045,0.6473988439306358,6.688982149926948,-0.07168002251681115,0.05858482936575132,"[1.0,-1.0,-0.10302722454071045,-1.0,-0.6996331214904785]","[0.25868988037109375,-0.5450260043144226,0.08495306968688965,-0.8758267164230347,-0.1891511082649231]","[1.0,-1.0,-0.0180741548538208,-1.0,-0.8887842297554016]","{""acc_lim_theta"":0.4,""acc_lim_x"":0.8,""inflation_dist"":0.5510447585734345,""max_vel_theta"":0.538639570327352,""max_vel_x"":0.6663674843928223,""min_obstacle_dist"":0.25,""weight_obstacle"":67.9716046960223,""weight_optimaltime"":0.5,""weight_viapoint"":2.0}","{""acc_lim_theta"":0.4,""acc_lim_x"":0.8,""inflation_dist"":0.5502582416036231,""max_vel_theta"":0.538639570327352,""max_vel_x"":0.7025145472166497,""min_obstacle_dist"":0.25,""weight_obstacle"":68.99295880932537,""weight_optimaltime"":0.5,""weight_viapoint"":2.0}","{""acc_lim_theta"":0.4,""acc_lim_x"":0.8,""inflation_dist"":0.5502582416036231,""max_vel_theta"":0.538639570327352,""max_vel_x"":0.7025145472166497,""min_obstacle_dist"":0.25,""weight_obstacle"":68.99295880932537,""weight_optimaltime"":0.5,""weight_viapoint"":2.0}","{""acc_lim_theta"":0.4,""acc_lim_x"":0.8,""inflation_dist"":0.5510447585734345,""max_vel_theta"":0.538639570327352,""max_vel_x"":0.6663674843928223,""min_obstacle_dist"":0.25,""weight_obstacle"":68.99295880932537,""weight_optimaltime"":0.5,""weight_viapoint"":2.0}","{""acc_lim_theta"":0.4,""acc_lim_x"":0.8,""inflation_dist"":0.5510447585734345,""max_vel_theta"":0.538639570327352,""max_vel_x"":0.6663674843928223,""min_obstacle_dist"":0.25,""weight_obstacle"":68.99295880932537,""weight_optimaltime"":0.5,""weight_viapoint"":2.0}",false,,true,WARNING,recovery:hysteresis_or_health_time|safety_mode:WARNING:conservative_filter,false,,-0.7177811186773848,-0.2907735243088583,-0.05,-0.03743573008085787,-0.003097526421089662,-0.3344316296399729,-0.0,-0.002042708226606152,0.0,0.0,0.0,0.0,0.0,0.0,1.0483869991730899,30.000000000001137,48.00000000000182,true,
t12p_directional_seed102,t12p_directional_seed102-episode-000004,21,22,41.942,41.384,41.394,41.416,41.44,41.94,0,0.45000000000000284,true,,2.7898462326181948,2.6646054727270982,0.04977674309961651,0.02109328528790962,0.2968415664448045,0.6958762886597938,1.0271118976061948,-0.4405892796897266,0.15410155644117796,"[1.0,-1.0,-0.0180741548538208,-1.0,-0.8887842297554016]","[0.21512556076049805,-0.581498920917511,0.08554542064666748,-0.8740794658660889,-0.2684403657913208]","[1.0,-1.0,0.06747126579284668,-1.0,-1.0]","{""acc_lim_theta"":0.4,""acc_lim_x"":0.8,""inflation_dist"":0.5510447585734345,""max_vel_theta"":0.538639570327352,""max_vel_x"":0.6663674843928223,""min_obstacle_dist"":0.25,""weight_obstacle"":68.99295880932537,""weight_optimaltime"":0.5,""weight_viapoint"":2.0}","{""acc_lim_theta"":0.4,""acc_lim_x"":0.8,""inflation_dist"":0.5502527574688689,""max_vel_theta"":0.538639570327352,""max_vel_x"":0.7062677077137196,""min_obstacle_dist"":0.25,""weight_obstacle"":70.44244897775485,""weight_optimaltime"":0.5,""weight_viapoint"":2.0}","{""acc_lim_theta"":0.4,""acc_lim_x"":0.8,""inflation_dist"":0.5502527574688689,""max_vel_theta"":0.538639570327352,""max_vel_x"":0.7062677077137196,""min_obstacle_dist"":0.25,""weight_obstacle"":70.44244897775485,""weight_optimaltime"":0.5,""weight_viapoint"":2.0}","{""acc_lim_theta"":0.4,""acc_lim_x"":0.8,""inflation_dist"":0.5510447585734345,""max_vel_theta"":0.538639570327352,""max_vel_x"":0.6663674843928223,""min_obstacle_dist"":0.25,""weight_obstacle"":70.44244897775485,""weight_optimaltime"":0.5,""weight_viapoint"":2.0}","{""acc_lim_theta"":0.4,""acc_lim_x"":0.8,""inflation_dist"":0.5510447585734345,""max_vel_theta"":0.538639570327352,""max_vel_x"":0.6663674843928223,""min_obstacle_dist"":0.25,""weight_obstacle"":70.44244897775485,""weight_optimaltime"":0.5,""weight_viapoint"":2.0}",false,,true,WARNING,recovery:hysteresis_or_health_time|safety_mode:WARNING:conservative_filter,false,,0.49059639087411594,0.6262037994554825,-0.04500000000000029,-0.03639777078242216,-0.0018797459213049312,-0.04943091154078031,-0.0,-0.002898980336858955,0.0,0.0,0.0,0.0,0.0,0.0,3.5545209975680336,21.999999999998465,45.999999999999375,true,
t12p_directional_seed102,t12p_directional_seed102-episode-000004,22,23,42.544,41.924,41.944,41.96,42.042,42.542,0,0.45000000000000284,true,,2.647315827081797,2.709351695346708,0.049702314334543786,0.002075482270758282,0.2968415664448045,0.6756756756756757,1.6982128999859902,0.27915542981144,-0.0031858855708525903,"[1.0,-1.0,0.06747126579284668,-1.0,-1.0]","[0.16234397888183594,-0.6680651903152466,0.08912444114685059,-0.8978128433227539,-0.28209954500198364]","[1.0,-1.0,0.15659570693969727,-1.0,-1.0]","{""acc_lim_theta"":0.4,""acc_lim_x"":0.8,""inflation_dist"":0.5510447585734345,""max_vel_theta"":0.538639570327352,""max_vel_x"":0.6663674843928223,""min_obstacle_dist"":0.25,""weight_obstacle"":70.44244897775485,""weight_optimaltime"":0.5,""weight_viapoint"":2.0}","{""acc_lim_theta"":0.4,""acc_lim_x"":0.8,""inflation_dist"":0.5502196219933756,""max_vel_theta"":0.538639570327352,""max_vel_x"":0.7066259310659903,""min_obstacle_dist"":0.25,""weight_obstacle"":71.96569424600439,""weight_optimaltime"":0.5,""weight_viapoint"":2.0}","{""acc_lim_theta"":0.4,""acc_lim_x"":0.8,""inflation_dist"":0.5502196219933756,""max_vel_theta"":0.538639570327352,""max_vel_x"":0.7066259310659903,""min_obstacle_dist"":0.25,""weight_obstacle"":71.96569424600439,""weight_optimaltime"":0.5,""weight_viapoint"":2.0}","{""acc_lim_theta"":0.4,""acc_lim_x"":0.8,""inflation_dist"":0.5510447585734345,""max_vel_theta"":0.538639570327352,""max_vel_x"":0.6663674843928223,""min_obstacle_dist"":0.25,""weight_obstacle"":71.96569424600439,""weight_optimaltime"":0.5,""weight_viapoint"":2.0}","{""acc_lim_theta"":0.4,""acc_lim_x"":0.8,""inflation_dist"":0.5510447585734345,""max_vel_theta"":0.538639570327352,""max_vel_x"":0.6663674843928223,""min_obstacle_dist"":0.25,""weight_obstacle"":71.96569424600439,""weight_optimaltime"":0.5,""weight_viapoint"":2.0}",false,,true,WARNING,margin:warning|safety_mode:WARNING:conservative_filter,false,,-0.5042705328263517,-0.3101793413245546,-0.04500000000000029,-0.05481337943354169,-0.0011218444378301015,-0.09010947709392596,-0.0,-0.0030464905364990785,0.0,0.0,0.0,0.0,0.0,0.0,1.4310260012280196,15.999999999998238,97.99999999999898,true,
t12p_directional_seed102,t12p_directional_seed102-episode-000004,23,24,43.192,42.544,42.546,42.564,42.642,43.142,0,0.5,true,,2.7418717102246157,2.825204624414382,0.09903540382350688,0.011786348031385343,0.2968415664448045,0.650887573964497,1.0291872490172032,-0.4934319803480689,-0.014827344362649849,"[1.0,-1.0,0.15659570693969727,-1.0,-1.0]","[0.20300757884979248,-0.46557867527008057,0.22076773643493652,-0.8201902508735657,-0.20075148344039917]","[1.0,-1.0,0.3773634433746338,-1.0,-1.0]","{""acc_lim_theta"":0.4,""acc_lim_x"":0.8,""inflation_dist"":0.5510447585734345,""max_vel_theta"":0.538639570327352,""max_vel_x"":0.6663674843928223,""min_obstacle_dist"":0.25,""weight_obstacle"":71.96569424600439,""weight_optimaltime"":0.5,""weight_viapoint"":2.0}","{""acc_lim_theta"":0.4,""acc_lim_x"":0.8,""inflation_dist"":0.55,""max_vel_theta"":0.538639570327352,""max_vel_x"":0.7008573458799724,""min_obstacle_dist"":0.25,""weight_obstacle"":73.04968659077231,""weight_optimaltime"":0.5,""weight_viapoint"":2.0}","{""acc_lim_theta"":0.4,""acc_lim_x"":0.8,""inflation_dist"":0.55,""max_vel_theta"":0.538639570327352,""max_vel_x"":0.7008573458799724,""min_obstacle_dist"":0.25,""weight_obstacle"":73.04968659077231,""weight_optimaltime"":0.5,""weight_viapoint"":2.0}","{""acc_lim_theta"":0.4,""acc_lim_x"":0.8,""inflation_dist"":0.5510447585734345,""max_vel_theta"":0.538639570327352,""max_vel_x"":0.6663674843928223,""min_obstacle_dist"":0.25,""weight_obstacle"":73.04968659077231,""weight_optimaltime"":0.5,""weight_viapoint"":2.0}","{""acc_lim_theta"":0.4,""acc_lim_x"":0.8,""inflation_dist"":0.5510447585734345,""max_vel_theta"":0.538639570327352,""max_vel_x"":0.6663674843928223,""min_obstacle_dist"":0.25,""weight_obstacle"":73.04968659077231,""weight_optimaltime"":0.5,""weight_viapoint"":2.0}",false,,true,WARNING,margin:warning|safety_mode:WARNING:conservative_filter,false,,-0.7941370729471743,-0.41666457094883036,-0.05,-0.027122689278842465,-0.008495991816703024,-0.28968583621326266,-0.0,-0.0021679846895358425,0.0,0.0,0.0,0.0,0.0,0.0,1.1688509985106066,18.000000000000682,96.00000000000364,true,
t12p_directional_seed102,t12p_directional_seed102-episode-000004,24,25,43.792,43.184,43.192,43.214,43.242,43.742,0,0.5,true,,2.7758623363100767,2.633593877530745,0.028881725644522502,0.00037841696218242793,0.2968415664448045,0.7070707070707071,5.518053176482244,0.07973296915102193,-0.042736575729407485,"[1.0,-1.0,0.3773634433746338,-1.0,-1.0]","[0.16305160522460938,-0.5314132571220398,0.27569425106048584,-0.838334321975708,-0.15371137857437134]","[1.0,-1.0,0.6530576944351196,-1.0,-1.0]","{""acc_lim_theta"":0.4,""acc_lim_x"":0.8,""inflation_dist"":0.5510447585734345,""max_vel_theta"":0.538639570327352,""max_vel_x"":0.6663674843928223,""min_obstacle_dist"":0.25,""weight_obstacle"":73.04968659077231,""weight_optimaltime"":0.5,""weight_viapoint"":2.0}","{""acc_lim_theta"":0.4,""acc_lim_x"":0.8,""inflation_dist"":0.55,""max_vel_theta"":0.538639570327352,""max_vel_x"":0.6977981409754757,""min_obstacle_dist"":0.25,""weight_obstacle"":73.87967775608199,""weight_optimaltime"":0.5,""weight_viapoint"":2.0}","{""acc_lim_theta"":0.4,""acc_lim_x"":0.8,""inflation_dist"":0.55,""max_vel_theta"":0.538639570327352,""max_vel_x"":0.6977981409754757,""min_obstacle_dist"":0.25,""weight_obstacle"":73.87967775608199,""weight_optimaltime"":0.5,""weight_viapoint"":2.0}","{""acc_lim_theta"":0.4,""acc_lim_x"":0.8,""inflation_dist"":0.5510447585734345,""max_vel_theta"":0.538639570327352,""max_vel_x"":0.6663674843928223,""min_obstacle_dist"":0.25,""weight_obstacle"":73.87967775608199,""weight_optimaltime"":0.5,""weight_viapoint"":2.0}","{""acc_lim_theta"":0.4,""acc_lim_x"":0.8,""inflation_dist"":0.5510447585734345,""max_vel_theta"":0.538639570327352,""max_vel_x"":0.6663674843928223,""min_obstacle_dist"":0.25,""weight_obstacle"":73.87967775608199,""weight_optimaltime"":0.5,""weight_viapoint"":2.0}",false,,true,WARNING,margin:warning|safety_mode:WARNING:conservative_filter,false,,0.5144826722793601,0.7113422938966596,-0.05,-0.05071779212218438,-0.001480036133878839,-0.09300181103061689,-0.0,-0.0016599823306193571,0.0,0.0,0.0,0.0,0.0,0.0,0.8038099913392216,21.999999999998465,49.99999999999716,true,
t12p_directional_seed102,t12p_directional_seed102-episode-000004,25,26,44.342,43.784,43.792,43.816,43.84,44.34,0,0.45000000000000284,true,,2.641567033663682,2.7074895493880957,0.10069701917907284,0.006939255812157151,0.2968415664448045,0.6827956989247311,6.896180092514188,0.06758966003965627,0.02186806488580631,"[1.0,-1.0,0.6530576944351196,-1.0,-1.0]","[0.13249802589416504,-0.6015737056732178,0.006497859954833984,-0.8610671758651733,-0.08759808540344238]","[1.0,-1.0,0.6595555543899536,-1.0,-1.0]","{""acc_lim_theta"":0.4,""acc_lim_x"":0.8,""inflation_dist"":0.5510447585734345,""max_vel_theta"":0.538639570327352,""max_vel_x"":0.6663674843928223,""min_obstacle_dist"":0.25,""weight_obstacle"":73.87967775608199,""weight_optimaltime"":0.5,""weight_viapoint"":2.0}","{""acc_lim_theta"":0.4,""acc_lim_x"":0.8,""inflation_dist"":0.550984599745263,""max_vel_theta"":0.538639570327352,""max_vel_x"":0.6939126998321201,""min_obstacle_dist"":0.25,""weight_obstacle"":74.35267876392685,""weight_optimaltime"":0.5,""weight_viapoint"":2.0}","{""acc_lim_theta"":0.4,""acc_lim_x"":0.8,""inflation_dist"":0.550984599745263,""max_vel_theta"":0.538639570327352,""max_vel_x"":0.6939126998321201,""min_obstacle_dist"":0.25,""weight_obstacle"":74.35267876392685,""weight_optimaltime"":0.5,""weight_viapoint"":2.0}","{""acc_lim_theta"":0.5,""acc_lim_x"":0.7000000000000001,""inflation_dist"":0.55,""max_vel_theta"":0.5,""max_vel_x"":0.6,""min_obstacle_dist"":0.25,""weight_obstacle"":63.87967775608199,""weight_optimaltime"":0.6,""weight_viapoint"":2.5}","{""acc_lim_theta"":0.5,""acc_lim_x"":0.7000000000000001,""inflation_dist"":0.55,""max_vel_theta"":0.5,""max_vel_x"":0.6,""min_obstacle_dist"":0.25,""weight_obstacle"":63.87967775608199,""weight_optimaltime"":0.6,""weight_viapoint"":2.5}",false,,true,WARNING,margin:warning|safety_mode:WARNING:conservative_filter|warning:corridor_feasibility_profile,false,,-0.6084629499344838,-0.3296125786220694,-0.04500000000000029,-0.05050204046655467,-0.002684224706861709,-0.05490977555850432,-0.0,-0.12575433058049348,0.0,0.0,0.0,0.0,0.0,0.0,0.7508039998356253,24.00000000000091,48.00000000000182,true,
t12p_directional_seed102,t12p_directional_seed102-episode-000004,26,27,44.99,44.324,44.35,44.366,44.44,44.94,0,0.5,true,,2.7092884369184103,2.7234068526202257,0.08552632957560051,0.0011204493186624776,0.2968415664448045,0.6813186813186813,5.34618610385899,0.09084785776100594,-0.07570243496884636,"[1.0,-1.0,0.6595555543899536,-1.0,-1.0]","[0.29061973094940186,-0.49039626121520996,0.13475561141967773,-0.8673415184020996,-0.21359169483184814]","[1.0,-1.0,0.7943111658096313,-1.0,-1.0]","{""acc_lim_theta"":0.5,""acc_lim_x"":0.7000000000000001,""inflation_dist"":0.55,""max_vel_theta"":0.5,""max_vel_x"":0.6,""min_obstacle_dist"":0.25,""weight_obstacle"":63.87967775608199,""weight_optimaltime"":0.6,""weight_viapoint"":2.5}","{""acc_lim_theta"":0.47300040212426564,""acc_lim_x"":0.7237198814286109,""inflation_dist"":0.55,""max_vel_theta"":0.5,""max_vel_x"":0.6379670958115978,""min_obstacle_dist"":0.25,""weight_obstacle"":65.03300304233059,""weight_optimaltime"":0.550960373878479,""weight_viapoint"":2.5}","{""acc_lim_theta"":0.47300040212426564,""acc_lim_x"":0.7237198814286109,""inflation_dist"":0.55,""max_vel_theta"":0.5,""max_vel_x"":0.6379670958115978,""min_obstacle_dist"":0.25,""weight_obstacle"":65.03300304233059,""weight_optimaltime"":0.550960373878479,""weight_viapoint"":2.5}","{""acc_lim_theta"":0.47300040212426564,""acc_lim_x"":0.7237198814286109,""inflation_dist"":0.55,""max_vel_theta"":0.5,""max_vel_x"":0.6,""min_obstacle_dist"":0.25,""weight_obstacle"":65.03300304233059,""weight_optimaltime"":0.550960373878479,""weight_viapoint"":2.5}","{""acc_lim_theta"":0.47300040212426564,""acc_lim_x"":0.7237198814286109,""inflation_dist"":0.55,""max_vel_theta"":0.5,""max_vel_x"":0.6,""min_obstacle_dist"":0.25,""weight_obstacle"":65.03300304233059,""weight_optimaltime"":0.550960373878479,""weight_viapoint"":2.5}",false,,true,WARNING,recovery:hysteresis_or_health_time|safety_mode:WARNING:conservative_filter,false,,-0.2962417616072865,-0.07059207850907745,-0.05,-0.05379980329945248,-0.003026547204672739,-0.09402888697119612,-0.0,-0.0247944456228877,0.0,0.0,0.0,0.0,0.0,0.0,7.273490991792642,15.999999999998238,89.9999999999963,true,
t12p_directional_seed102,t12p_directional_seed102-episode-000004,27,28,45.542,44.984,44.99,45.008,45.04,45.54,0,0.44999999999999574,true,,2.7324914775189644,2.7601001433426964,0.11443771001412821,0.00140307841906598,0.2968415664448045,0.6629213483146067,8.289440176570205,0.05862131305933876,0.003977880357295322,"[1.0,-1.0,0.7943111658096313,-1.0,-1.0]","[0.09257328510284424,-0.4595770835876465,0.01784372329711914,-0.8402824401855469,-0.0834662914276123]","[1.0,-1.0,0.8121548891067505,-1.0,-1.0]","{""acc_lim_theta"":0.47300040212426564,""acc_lim_x"":0.7237198814286109,""inflation_dist"":0.55,""max_vel_theta"":0.5,""max_vel_x"":0.6,""min_obstacle_dist"":0.25,""weight_obstacle"":65.03300304233059,""weight_optimaltime"":0.550960373878479,""weight_viapoint"":2.5}","{""acc_lim_theta"":0.4504053613638858,""acc_lim_x"":0.7424681137834019,""inflation_dist"":0.55,""max_vel_theta"":0.5,""max_vel_x"":0.6260768562830978,""min_obstacle_dist"":0.25,""weight_obstacle"":65.48369371421578,""weight_optimaltime"":0.5050026655197143,""weight_viapoint"":2.5}","{""acc_lim_theta"":0.4504053613638858,""acc_lim_x"":0.7424681137834019,""inflation_dist"":0.55,""max_vel_theta"":0.5,""max_vel_x"":0.6260768562830978,""min_obstacle_dist"":0.25,""weight_obstacle"":65.48369371421578,""weight_optimaltime"":0.5050026655197143,""weight_viapoint"":2.5}","{""acc_lim_theta"":0.4504053613638858,""acc_lim_x"":0.7424681137834019,""inflation_dist"":0.55,""max_vel_theta"":0.5,""max_vel_x"":0.6,""min_obstacle_dist"":0.25,""weight_obstacle"":65.48369371421578,""weight_optimaltime"":0.5050026655197143,""weight_viapoint"":2.5}","{""acc_lim_theta"":0.4504053613638858,""acc_lim_x"":0.7424681137834019,""inflation_dist"":0.55,""max_vel_theta"":0.5,""max_vel_x"":0.6,""min_obstacle_dist"":0.25,""weight_obstacle"":65.48369371421578,""weight_optimaltime"":0.5050026655197143,""weight_viapoint"":2.5}",false,,true,WARNING,recovery:hysteresis_or_health_time|safety_mode:WARNING:conservative_filter,false,,-0.34573034243997025,-0.13804332911866002,-0.044999999999999575,-0.03887510337521224,-0.004015546469836444,-0.09936762218194595,-0.0,-0.020428741294316023,0.0,0.0,0.0,0.0,0.0,0.0,0.7326909981202334,18.000000000000682,49.99999999999716,true,
t12p_directional_seed102,t12p_directional_seed102-episode-000004,28,29,46.144,45.524,45.544,45.56,45.642,46.142,0,0.45000000000000284,true,,2.747210488485636,2.66931758653295,0.05116842907241572,0.006990075612022158,0.2968415664448045,0.694300518134715,9.023977629409291,0.0,0.0,"[1.0,-1.0,0.8121548891067505,-1.0,-1.0]","[0.30203843116760254,-0.549793004989624,0.1247398853302002,-0.8527766466140747,-0.1798763871192932]","[1.0,-1.0,0.9368947744369507,-1.0,-1.0]","{""acc_lim_theta"":0.4504053613638858,""acc_lim_x"":0.7424681137834019,""inflation_dist"":0.55,""max_vel_theta"":0.5,""max_vel_x"":0.6,""min_obstacle_dist"":0.25,""weight_obstacle"":65.48369371421578,""weight_optimaltime"":0.5050026655197143,""weight_viapoint"":2.5}","{""acc_lim_theta"":0.42218505708328363,""acc_lim_x"":0.7638025255700461,""inflation_dist"":0.55,""max_vel_theta"":0.5,""max_vel_x"":0.6358832301978771,""min_obstacle_dist"":0.25,""weight_obstacle"":66.45496736709373,""weight_optimaltime"":0.5,""weight_viapoint"":2.5}","{""acc_lim_theta"":0.42218505708328363,""acc_lim_x"":0.7638025255700461,""inflation_dist"":0.55,""max_vel_theta"":0.5,""max_vel_x"":0.6358832301978771,""min_obstacle_dist"":0.25,""weight_obstacle"":66.45496736709373,""weight_optimaltime"":0.5,""weight_viapoint"":2.5}","{""acc_lim_theta"":0.42218505708328363,""acc_lim_x"":0.7638025255700461,""inflation_dist"":0.55,""max_vel_theta"":0.5,""max_vel_x"":0.6,""min_obstacle_dist"":0.25,""weight_obstacle"":66.45496736709373,""weight_optimaltime"":0.5,""weight_viapoint"":2.5}","{""acc_lim_theta"":0.42218505708328363,""acc_lim_x"":0.7638025255700461,""inflation_dist"":0.55,""max_vel_theta"":0.5,""max_vel_x"":0.6,""min_obstacle_dist"":0.25,""weight_obstacle"":66.45496736709373,""weight_optimaltime"":0.5,""weight_viapoint"":2.5}",false,,true,WARNING,recovery:hysteresis_or_health_time|safety_mode:WARNING:conservative_filter,false,,0.017917888934251412,0.3894645097634286,-0.04500000000000029,-0.051703034652336124,-0.0016089638768895468,-0.25790286287344094,-0.0,-0.015331759426510362,0.0,0.0,0.0,0.0,0.0,0.0,1.6451520059490576,16.000000000005343,98.00000000000608,true,
