run_id,episode_id,algorithm,scene_id,scene_split,training_seed,seed,config_version,git_commit,git_dirty,submodule_commits_json,policy_checkpoint_sha256,scenario_manifest_sha256,localization_mode,success,collision,terminated,truncated,termination_reason,path_length,navigation_time,path_efficiency,smoothness,linear_acc_rms,angular_acc_rms,min_obstacle_distance,near_collision_time_ratio,parameter_adjustment_count,parameter_total_variation,projection_intervention_count,safety_filter_intervention_count,safety_fallback_count,fallback_duration,fallback_recovery_count,planner_failure_count,candidate_parameter_violation_count,semantic_direction_consistency,inference_latency_mean,parameter_write_latency_mean,parameter_activation_latency_mean,operator_intervention_count,bag_uri,notes
t11_direct_theta_fullsafety_seed101,t11_direct_theta_fullsafety_seed101-episode-000001,RL-TEB-Direct-Theta,t11-train-clear-straight,train,101,101,t11_gazebo_formal_v1+FullSafety,e9b9a9e17ac5e7e35d95eec2a7ad7c7667049da7,true,{},,7bd16763e0c650dd14798c7b42d22c312d871906ff5cae53e5f8ed1e9de71f4f,gazebo,true,false,true,false,goal,2.508474082913796,3.1559999999999997,1.001904870492097,0.23952928710246257,,,30.0,0.0,4,3.563396540709905,2,0,0,0.0,0,0,2,,0.0,30.999999999999915,72.5,0,,T11 train phase; undiscounted_return=18.640309
t11_direct_theta_fullsafety_seed101,t11_direct_theta_fullsafety_seed101-episode-000002,RL-TEB-Direct-Theta,t11-train-clear-straight,train,101,101,t11_gazebo_formal_v1+FullSafety,e9b9a9e17ac5e7e35d95eec2a7ad7c7667049da7,true,{},,7bd16763e0c650dd14798c7b42d22c312d871906ff5cae53e5f8ed1e9de71f4f,gazebo,true,false,true,false,goal,2.578526736654715,3.354000000000001,1.0002691982137237,0.24147827025464605,,,30.0,0.0,4,5.099465818064553,3,0,0,0.0,0,0,3,,0.0,34.5000000000002,58.49999999999977,0,,T11 train phase; undiscounted_return=18.6374111
t11_direct_theta_fullsafety_seed101,t11_direct_theta_fullsafety_seed101-episode-000003,RL-TEB-Direct-Theta,t11-train-clear-straight,train,101,101,t11_gazebo_formal_v1+FullSafety,e9b9a9e17ac5e7e35d95eec2a7ad7c7667049da7,true,{},,7bd16763e0c650dd14798c7b42d22c312d871906ff5cae53e5f8ed1e9de71f4f,gazebo,true,false,true,false,goal,2.52467702268774,3.66,0.9924342994162774,0.34039998288797313,,,30.0,0.0,4,4.346788656427744,2,0,0,0.0,0,0,2,,0.0,31.49999999999986,48.99999999999993,0,,T11 train phase; undiscounted_return=18.0269162
t11_direct_theta_fullsafety_seed101,t11_direct_theta_fullsafety_seed101-episode-000004,RL-TEB-Direct-Theta,t11-train-clear-straight,train,101,101,t11_gazebo_formal_v1+FullSafety,e9b9a9e17ac5e7e35d95eec2a7ad7c7667049da7,true,{},,7bd16763e0c650dd14798c7b42d22c312d871906ff5cae53e5f8ed1e9de71f4f,gazebo,true,false,true,false,goal,2.5838482654247446,3.3580000000000005,1.0004934769936067,0.19342113140899875,,,30.0,0.0,4,5.610381707407182,0,0,0,0.0,0,0,0,,0.0,32.50000000000108,59.000000000000604,0,,T11 train phase; undiscounted_return=18.9041664
t11_direct_theta_fullsafety_seed101,t11_direct_theta_fullsafety_seed101-episode-000005,RL-TEB-Direct-Theta,t11-train-clear-straight,train,101,101,t11_gazebo_formal_v1+FullSafety,e9b9a9e17ac5e7e35d95eec2a7ad7c7667049da7,true,{},,7bd16763e0c650dd14798c7b42d22c312d871906ff5cae53e5f8ed1e9de71f4f,gazebo,true,false,true,false,goal,2.4794408972286845,3.3540000000000028,0.9986845272502703,0.2276101595979678,,,30.0,0.0,4,5.2305241593292795,3,0,0,0.0,0,0,3,,0.0,35.99999999999959,59.500000000000774,0,,T11 train phase; undiscounted_return=18.3245144
t11_direct_theta_fullsafety_seed101,t11_direct_theta_fullsafety_seed101-episode-000006,RL-TEB-Direct-Theta,t11-train-clear-straight,train,101,101,t11_gazebo_formal_v1+FullSafety,e9b9a9e17ac5e7e35d95eec2a7ad7c7667049da7,true,{},,7bd16763e0c650dd14798c7b42d22c312d871906ff5cae53e5f8ed1e9de71f4f,gazebo,true,false,true,false,goal,2.561778298851773,3.3599999999999994,1.001293665972411,0.22953573196089516,,,30.0,0.0,4,4.770637347584676,1,0,0,0.0,0,0,1,,0.0,36.5000000000002,72.49999999999979,0,,T11 train phase; undiscounted_return=18.4578145
t11_direct_theta_fullsafety_seed101,t11_direct_theta_fullsafety_seed101-episode-000007,RL-TEB-Direct-Theta,t11-train-clear-straight,train,101,101,t11_gazebo_formal_v1+FullSafety,e9b9a9e17ac5e7e35d95eec2a7ad7c7667049da7,true,{},,7bd16763e0c650dd14798c7b42d22c312d871906ff5cae53e5f8ed1e9de71f4f,gazebo,true,false,true,false,goal,2.523248170467008,3.338000000000001,1.0013248661025098,0.2455114178339742,,,30.0,0.0,4,5.40946813906942,3,0,0,0.0,0,0,3,,0.0,39.00000000000059,70.00000000000117,0,,T11 train phase; undiscounted_return=18.2705937
t11_direct_theta_fullsafety_seed101,t11_direct_theta_fullsafety_seed101-episode-000008,RL-TEB-Direct-Theta,t11-train-clear-straight,train,101,101,t11_gazebo_formal_v1+FullSafety,e9b9a9e17ac5e7e35d95eec2a7ad7c7667049da7,true,{},,7bd16763e0c650dd14798c7b42d22c312d871906ff5cae53e5f8ed1e9de71f4f,gazebo,true,false,true,false,goal,2.5380003003588847,3.6500000000000057,1.0011096746348729,0.1293384775329275,,,30.0,0.0,4,7.3434603035449975,1,0,0,0.0,0,0,1,,0.0,36.5000000000002,57.49999999999922,0,,T11 train phase; undiscounted_return=17.8412498
t11_direct_theta_fullsafety_seed101,t11_direct_theta_fullsafety_seed101-episode-000009,RL-TEB-Direct-Theta,t11-train-clear-straight,train,101,101,t11_gazebo_formal_v1+FullSafety,e9b9a9e17ac5e7e35d95eec2a7ad7c7667049da7,true,{},,7bd16763e0c650dd14798c7b42d22c312d871906ff5cae53e5f8ed1e9de71f4f,gazebo,true,false,true,false,goal,2.540958664972539,3.353999999999999,0.998535414144836,0.20877304264190005,,,30.0,0.0,4,3.8661638538042706,3,0,0,0.0,0,0,3,,0.0,32.500000000002416,49.000000000001265,0,,T11 train phase; undiscounted_return=18.9616377
t11_direct_theta_fullsafety_seed101,t11_direct_theta_fullsafety_seed101-episode-000010,RL-TEB-Direct-Theta,t11-train-clear-straight,train,101,101,t11_gazebo_formal_v1+FullSafety,e9b9a9e17ac5e7e35d95eec2a7ad7c7667049da7,true,{},,7bd16763e0c650dd14798c7b42d22c312d871906ff5cae53e5f8ed1e9de71f4f,gazebo,true,false,true,false,goal,2.551124980396828,3.246000000000002,1.0020546378823822,0.23921702268314535,,,30.0,0.0,4,2.9301115947110308,2,0,0,0.0,0,0,2,,0.0,34.999999999998366,56.99999999999861,0,,T11 train phase; undiscounted_return=18.8433396
t11_direct_theta_fullsafety_seed101,t11_direct_theta_fullsafety_seed101-episode-000011,RL-TEB-Direct-Theta,t11-train-clear-straight,train,101,101,t11_gazebo_formal_v1+FullSafety,e9b9a9e17ac5e7e35d95eec2a7ad7c7667049da7,true,{},,7bd16763e0c650dd14798c7b42d22c312d871906ff5cae53e5f8ed1e9de71f4f,gazebo,true,false,true,false,goal,2.4590535847544053,3.1439999999999984,1.0011527316408517,0.14783407022871084,,,30.0,0.0,4,6.163236880870093,2,0,0,0.0,0,0,2,,0.0,34.999999999998366,58.49999999999689,0,,T11 train phase; undiscounted_return=18.3681518
t11_direct_theta_fullsafety_seed101,t11_direct_theta_fullsafety_seed101-episode-000012,RL-TEB-Direct-Theta,t11-train-clear-straight,train,101,101,t11_gazebo_formal_v1+FullSafety,e9b9a9e17ac5e7e35d95eec2a7ad7c7667049da7,true,{},,7bd16763e0c650dd14798c7b42d22c312d871906ff5cae53e5f8ed1e9de71f4f,gazebo,true,false,true,false,goal,2.535976767522417,3.3460000000000036,1.0014395490646926,0.14809043928604348,,,30.0,0.0,4,5.526121408598766,2,0,0,0.0,0,0,2,,0.0,34.49999999999953,82.00000000000074,0,,T11 train phase; undiscounted_return=18.6700644
t11_direct_theta_fullsafety_seed101,t11_direct_theta_fullsafety_seed101-episode-000013,RL-TEB-Direct-Theta,t11-train-clear-straight,train,101,101,t11_gazebo_formal_v1+FullSafety,e9b9a9e17ac5e7e35d95eec2a7ad7c7667049da7,true,{},,7bd16763e0c650dd14798c7b42d22c312d871906ff5cae53e5f8ed1e9de71f4f,gazebo,true,false,true,false,goal,2.4623907712579785,3.1499999999999986,0.9984573704645481,0.10426039127344454,,,30.0,0.0,3,4.271799583662125,2,0,0,0.0,0,0,2,,0.0,41.33333333333411,110.66666666666691,0,,T11 train phase; undiscounted_return=17.2243744
t11_direct_theta_fullsafety_seed101,t11_direct_theta_fullsafety_seed101-episode-000014,RL-TEB-Direct-Theta,t11-train-clear-straight,train,101,101,t11_gazebo_formal_v1+FullSafety,e9b9a9e17ac5e7e35d95eec2a7ad7c7667049da7,true,{},,7bd16763e0c650dd14798c7b42d22c312d871906ff5cae53e5f8ed1e9de71f4f,gazebo,true,false,true,false,goal,2.4743596248187205,3.0519999999999996,0.9950603804271593,0.16743940372231017,,,30.0,0.0,3,3.0663923956099013,1,0,0,0.0,0,0,1,,0.0,33.333333333333805,94.00000000000357,0,,T11 train phase; undiscounted_return=17.1926418
t11_direct_theta_fullsafety_seed101,t11_direct_theta_fullsafety_seed101-episode-000015,RL-TEB-Direct-Theta,t11-train-clear-straight,train,101,101,t11_gazebo_formal_v1+FullSafety,e9b9a9e17ac5e7e35d95eec2a7ad7c7667049da7,true,{},,7bd16763e0c650dd14798c7b42d22c312d871906ff5cae53e5f8ed1e9de71f4f,gazebo,true,false,true,false,goal,2.5748706863232815,3.3359999999999914,0.9993227514405142,0.18498023834012764,,,30.0,0.0,4,6.103664941447123,3,0,0,0.0,0,0,3,,0.0,35.50000000000075,56.49999999999977,0,,T11 train phase; undiscounted_return=18.7108928
t11_direct_theta_fullsafety_seed101,t11_direct_theta_fullsafety_seed101-episode-000016,RL-TEB-Direct-Theta,t11-train-clear-straight,train,101,101,t11_gazebo_formal_v1+FullSafety,e9b9a9e17ac5e7e35d95eec2a7ad7c7667049da7,true,{},,7bd16763e0c650dd14798c7b42d22c312d871906ff5cae53e5f8ed1e9de71f4f,gazebo,true,false,true,false,goal,2.534900904333807,3.2560000000000002,1.0006053867936475,0.22255611658172064,,,30.0,0.0,4,5.573194952238174,2,0,0,0.0,0,0,2,,0.0,36.5000000000002,83.49999999999724,0,,T11 train phase; undiscounted_return=18.2212592
t11_direct_theta_fullsafety_seed101,t11_direct_theta_fullsafety_seed101-episode-000017,RL-TEB-Direct-Theta,t11-train-clear-straight,train,101,101,t11_gazebo_formal_v1+FullSafety,e9b9a9e17ac5e7e35d95eec2a7ad7c7667049da7,true,{},,7bd16763e0c650dd14798c7b42d22c312d871906ff5cae53e5f8ed1e9de71f4f,gazebo,true,false,true,false,goal,2.4091996804648383,3.548000000000002,0.9990677230979551,0.2903431990897231,,,30.0,0.0,4,6.0835026485579355,4,0,0,0.0,0,0,4,,0.0,34.50000000000131,77.49999999999702,0,,T11 train phase; undiscounted_return=17.1589473
t11_direct_theta_fullsafety_seed101,t11_direct_theta_fullsafety_seed101-episode-000018,RL-TEB-Direct-Theta,t11-train-clear-straight,train,101,101,t11_gazebo_formal_v1+FullSafety,e9b9a9e17ac5e7e35d95eec2a7ad7c7667049da7,true,{},,7bd16763e0c650dd14798c7b42d22c312d871906ff5cae53e5f8ed1e9de71f4f,gazebo,true,false,true,false,goal,2.542824327001601,3.3459999999999894,0.9989046919390854,0.13074440224791542,,,30.0,0.0,3,3.1866293333825615,1,0,0,0.0,0,0,1,,0.0,36.66666666666648,95.33333333332905,0,,T11 train phase; undiscounted_return=17.2358446
t11_direct_theta_fullsafety_seed101,t11_direct_theta_fullsafety_seed101-episode-000019,RL-TEB-Direct-Theta,t11-train-clear-straight,train,101,101,t11_gazebo_formal_v1+FullSafety,e9b9a9e17ac5e7e35d95eec2a7ad7c7667049da7,true,{},,7bd16763e0c650dd14798c7b42d22c312d871906ff5cae53e5f8ed1e9de71f4f,gazebo,true,false,true,false,goal,2.41084677873265,3.1500000000000057,1.000961261272121,0.17012568674150538,,,30.0,0.0,3,3.361661873261136,1,0,0,0.0,0,0,1,,0.0,28.666666666666174,98.00000000000371,0,,T11 train phase; undiscounted_return=17.1639675
t11_direct_theta_fullsafety_seed101,t11_direct_theta_fullsafety_seed101-episode-000020,RL-TEB-Direct-Theta,t11-train-clear-straight,train,101,101,t11_gazebo_formal_v1+FullSafety,e9b9a9e17ac5e7e35d95eec2a7ad7c7667049da7,true,{},,7bd16763e0c650dd14798c7b42d22c312d871906ff5cae53e5f8ed1e9de71f4f,gazebo,true,false,true,false,goal,2.4690989569723736,3.2579999999999956,1.0025782065818956,0.18781793215255416,,,30.0,0.0,4,4.846108051141101,1,0,0,0.0,0,0,1,,0.0,31.49999999999764,95.99999999999653,0,,T11 train phase; undiscounted_return=17.7057651
t11_direct_theta_fullsafety_seed101,t11_direct_theta_fullsafety_seed101-episode-000021,RL-TEB-Direct-Theta,t11-train-clear-straight,train,101,101,t11_gazebo_formal_v1+FullSafety,e9b9a9e17ac5e7e35d95eec2a7ad7c7667049da7,true,{},,7bd16763e0c650dd14798c7b42d22c312d871906ff5cae53e5f8ed1e9de71f4f,gazebo,true,false,true,false,goal,2.4135908930698857,3.152000000000001,0.9956256386214052,0.18604951088722316,,,30.0,0.0,3,4.4412397606032235,0,0,0,0.0,0,0,0,,0.0,34.66666666666166,83.3333333333286,0,,T11 train phase; undiscounted_return=16.5970551
t11_direct_theta_fullsafety_seed101,t11_direct_theta_fullsafety_seed101-episode-000022,RL-TEB-Direct-Theta,t11-train-clear-straight,train,101,101,t11_gazebo_formal_v1+FullSafety,e9b9a9e17ac5e7e35d95eec2a7ad7c7667049da7,true,{},,7bd16763e0c650dd14798c7b42d22c312d871906ff5cae53e5f8ed1e9de71f4f,gazebo,true,false,true,false,goal,2.444263683429277,3.2560000000000002,0.9985128286820968,0.13293948650133122,,,30.0,0.0,3,4.29829881957599,1,0,0,0.0,0,0,1,,0.0,27.333333333326475,98.66666666666409,0,,T11 train phase; undiscounted_return=16.7177273
t11_direct_theta_fullsafety_seed101,t11_direct_theta_fullsafety_seed101-episode-000023,RL-TEB-Direct-Theta,t11-train-clear-straight,train,101,101,t11_gazebo_formal_v1+FullSafety,e9b9a9e17ac5e7e35d95eec2a7ad7c7667049da7,true,{},,7bd16763e0c650dd14798c7b42d22c312d871906ff5cae53e5f8ed1e9de71f4f,gazebo,true,false,true,false,goal,2.4375281720760245,3.039999999999992,1.0009236076560395,0.13319058691235053,,,30.0,0.0,3,4.078300036702838,1,0,0,0.0,0,0,1,,0.0,34.000000000001286,109.33333333333432,0,,T11 train phase; undiscounted_return=16.7815426
t11_direct_theta_fullsafety_seed101,t11_direct_theta_fullsafety_seed101-episode-000024,RL-TEB-Direct-Theta,t11-train-clear-straight,train,101,101,t11_gazebo_formal_v1+FullSafety,e9b9a9e17ac5e7e35d95eec2a7ad7c7667049da7,true,{},,7bd16763e0c650dd14798c7b42d22c312d871906ff5cae53e5f8ed1e9de71f4f,gazebo,true,false,true,false,goal,2.4687279149068333,3.2620000000000005,0.997362006823788,0.19547559158455585,,,30.0,0.0,3,2.860913038253784,3,0,0,0.0,0,0,3,,0.0,35.33333333333625,102.00000000000387,0,,T11 train phase; undiscounted_return=16.9509399
t11_direct_theta_fullsafety_seed101,t11_direct_theta_fullsafety_seed101-episode-000025,RL-TEB-Direct-Theta,t11-train-clear-straight,train,101,101,t11_gazebo_formal_v1+FullSafety,e9b9a9e17ac5e7e35d95eec2a7ad7c7667049da7,true,{},,7bd16763e0c650dd14798c7b42d22c312d871906ff5cae53e5f8ed1e9de71f4f,gazebo,true,false,true,false,goal,2.4815448072548185,3.3499999999999943,0.9881923436853937,0.1564756294546193,,,30.0,0.0,3,3.4357361058394122,1,0,0,0.0,0,0,1,,0.0,33.3333333333267,98.66666666665935,0,,T11 train phase; undiscounted_return=16.8443872
t11_direct_theta_fullsafety_seed101,t11_direct_theta_fullsafety_seed101-episode-000026,RL-TEB-Direct-Theta,t11-train-clear-straight,train,101,101,t11_gazebo_formal_v1+FullSafety,e9b9a9e17ac5e7e35d95eec2a7ad7c7667049da7,true,{},,7bd16763e0c650dd14798c7b42d22c312d871906ff5cae53e5f8ed1e9de71f4f,gazebo,true,false,true,false,goal,2.5206594994523157,3.146000000000001,1.0026824245800274,0.14285251009710884,,,30.0,0.0,4,5.779794760261265,1,0,0,0.0,0,0,1,,0.0,32.500000000002416,71.0000000000015,0,,T11 train phase; undiscounted_return=18.3731961
t11_direct_theta_fullsafety_seed101,t11_direct_theta_fullsafety_seed101-episode-000027,RL-TEB-Direct-Theta,t11-train-clear-straight,train,101,101,t11_gazebo_formal_v1+FullSafety,e9b9a9e17ac5e7e35d95eec2a7ad7c7667049da7,true,{},,7bd16763e0c650dd14798c7b42d22c312d871906ff5cae53e5f8ed1e9de71f4f,gazebo,true,false,true,false,goal,2.5785602314711276,3.25,0.9996342717623246,0.1223800787779501,,,30.0,0.0,3,4.374601470288775,1,0,0,0.0,0,0,1,,0.0,40.66666666666663,133.33333333333522,0,,T11 train phase; undiscounted_return=17.2383757
t11_direct_theta_fullsafety_seed101,t11_direct_theta_fullsafety_seed101-episode-000028,RL-TEB-Direct-Theta,t11-train-clear-straight,train,101,101,t11_gazebo_formal_v1+FullSafety,e9b9a9e17ac5e7e35d95eec2a7ad7c7667049da7,true,{},,7bd16763e0c650dd14798c7b42d22c312d871906ff5cae53e5f8ed1e9de71f4f,gazebo,true,false,true,false,goal,2.4495760898060515,3.0520000000000067,1.0042563997437994,0.18919897187660611,,,30.0,0.0,4,4.253263325918288,1,0,0,0.0,0,0,1,,0.0,27.000000000004576,58.50000000000577,0,,T11 train phase; undiscounted_return=18.409938
t11_direct_theta_fullsafety_seed101,t11_direct_theta_fullsafety_seed101-episode-000029,RL-TEB-Direct-Theta,t11-train-clear-straight,train,101,101,t11_gazebo_formal_v1+FullSafety,e9b9a9e17ac5e7e35d95eec2a7ad7c7667049da7,true,{},,7bd16763e0c650dd14798c7b42d22c312d871906ff5cae53e5f8ed1e9de71f4f,gazebo,true,false,true,false,goal,2.404159064410913,3.0319999999999965,1.001430780232862,0.1436777528616433,,,30.0,0.0,3,3.9761633651597164,1,0,0,0.0,0,0,1,,0.0,30.66666666666625,73.99999999999334,0,,T11 train phase; undiscounted_return=17.0369967
t11_direct_theta_fullsafety_seed101,t11_direct_theta_fullsafety_seed101-episode-000030,RL-TEB-Direct-Theta,t11-train-clear-straight,train,101,101,t11_gazebo_formal_v1+FullSafety,e9b9a9e17ac5e7e35d95eec2a7ad7c7667049da7,true,{},,7bd16763e0c650dd14798c7b42d22c312d871906ff5cae53e5f8ed1e9de71f4f,gazebo,true,false,true,false,goal,2.4224486641553122,3.1580000000000013,0.9982987111097487,0.15789107993423507,,,30.0,0.0,3,5.718333587760016,0,0,0,0.0,0,0,0,,0.0,29.333333333331286,84.00000000000318,0,,T11 train phase; undiscounted_return=16.8614991
t11_direct_theta_fullsafety_seed101,t11_direct_theta_fullsafety_seed101-episode-000031,RL-TEB-Direct-Theta,t11-train-clear-straight,train,101,101,t11_gazebo_formal_v1+FullSafety,e9b9a9e17ac5e7e35d95eec2a7ad7c7667049da7,true,{},,7bd16763e0c650dd14798c7b42d22c312d871906ff5cae53e5f8ed1e9de71f4f,gazebo,true,false,true,false,goal,2.5528948681916943,3.356000000000023,1.0000187735154196,0.1929068735755309,,,30.0,0.0,4,5.9175089779354275,0,0,0,0.0,0,0,0,,0.0,35.49999999999187,57.49999999999034,0,,T11 train phase; undiscounted_return=18.4476196
t11_direct_theta_fullsafety_seed101,t11_direct_theta_fullsafety_seed101-episode-000032,RL-TEB-Direct-Theta,t11-train-clear-straight,train,101,101,t11_gazebo_formal_v1+FullSafety,e9b9a9e17ac5e7e35d95eec2a7ad7c7667049da7,true,{},,7bd16763e0c650dd14798c7b42d22c312d871906ff5cae53e5f8ed1e9de71f4f,gazebo,true,false,true,false,goal,2.403221486505862,3.1599999999999966,1.0007186708639815,0.17031314673875844,,,30.0,0.0,3,3.5468828263736922,2,0,0,0.0,0,0,2,,0.0,25.333333333340608,66.66666666667236,0,,T11 train phase; undiscounted_return=16.7962178
t11_direct_theta_fullsafety_seed101,t11_direct_theta_fullsafety_seed101-episode-000033,RL-TEB-Direct-Theta,t11-train-clear-straight,train,101,101,t11_gazebo_formal_v1+FullSafety,e9b9a9e17ac5e7e35d95eec2a7ad7c7667049da7,true,{},,7bd16763e0c650dd14798c7b42d22c312d871906ff5cae53e5f8ed1e9de71f4f,gazebo,true,false,true,false,goal,2.5193886391471674,3.2379999999999995,1.0003255641660196,0.13676666309997637,,,30.0,0.0,4,4.509027204059422,4,0,0,0.0,0,0,4,,0.0,31.999999999996476,80.99999999998886,0,,T11 train phase; undiscounted_return=18.8864232
t11_direct_theta_fullsafety_seed101,t11_direct_theta_fullsafety_seed101-episode-000034,RL-TEB-Direct-Theta,t11-train-clear-straight,train,101,101,t11_gazebo_formal_v1+FullSafety,e9b9a9e17ac5e7e35d95eec2a7ad7c7667049da7,true,{},,7bd16763e0c650dd14798c7b42d22c312d871906ff5cae53e5f8ed1e9de71f4f,gazebo,true,false,true,false,goal,2.4306755218571,3.0500000000000114,1.002851170476722,0.16828286566953962,,,30.0,0.0,3,2.7783038735389707,0,0,0,0.0,0,0,0,,0.0,26.000000000000984,63.33333333334205,0,,T11 train phase; undiscounted_return=17.5279403
t11_direct_theta_fullsafety_seed101,t11_direct_theta_fullsafety_seed101-episode-000035,RL-TEB-Direct-Theta,t11-train-clear-straight,train,101,101,t11_gazebo_formal_v1+FullSafety,e9b9a9e17ac5e7e35d95eec2a7ad7c7667049da7,true,{},,7bd16763e0c650dd14798c7b42d22c312d871906ff5cae53e5f8ed1e9de71f4f,gazebo,true,false,true,false,goal,2.5221955084557752,3.254000000000019,0.9990233692909917,0.2488011642140002,,,30.0,0.0,4,5.3844445614587695,3,0,0,0.0,0,0,3,,0.0,26.499999999998636,57.99999999999983,0,,T11 train phase; undiscounted_return=18.3004562
t11_direct_theta_fullsafety_seed101,t11_direct_theta_fullsafety_seed101-episode-000036,RL-TEB-Direct-Theta,t11-train-clear-straight,train,101,101,t11_gazebo_formal_v1+FullSafety,e9b9a9e17ac5e7e35d95eec2a7ad7c7667049da7,true,{},,7bd16763e0c650dd14798c7b42d22c312d871906ff5cae53e5f8ed1e9de71f4f,gazebo,true,false,true,false,goal,2.5419587978009104,3.26400000000001,0.9994043907998776,0.16332247227452512,,,30.0,0.0,4,3.237648005996431,1,0,0,0.0,0,0,1,,0.0,28.50000000000108,58.50000000000932,0,,T11 train phase; undiscounted_return=18.7314525
t11_direct_theta_fullsafety_seed101,t11_direct_theta_fullsafety_seed101-episode-000037,RL-TEB-Direct-Theta,t11-train-clear-straight,train,101,101,t11_gazebo_formal_v1+FullSafety,e9b9a9e17ac5e7e35d95eec2a7ad7c7667049da7,true,{},,7bd16763e0c650dd14798c7b42d22c312d871906ff5cae53e5f8ed1e9de71f4f,gazebo,true,false,true,false,goal,2.4908557854760374,3.25,1.0030316163816033,0.112881255319142,,,30.0,0.0,3,3.323748301040559,3,0,0,0.0,0,0,3,,0.0,30.000000000001137,110.66666666667402,0,,T11 train phase; undiscounted_return=16.9925003
t11_direct_theta_fullsafety_seed101,t11_direct_theta_fullsafety_seed101-episode-000038,RL-TEB-Direct-Theta,t11-train-clear-straight,train,101,101,t11_gazebo_formal_v1+FullSafety,e9b9a9e17ac5e7e35d95eec2a7ad7c7667049da7,true,{},,7bd16763e0c650dd14798c7b42d22c312d871906ff5cae53e5f8ed1e9de71f4f,gazebo,true,false,true,false,goal,2.529956864438176,3.3479999999999848,1.0007866386327504,0.14878134513503244,,,30.0,0.0,4,5.105032480046863,1,0,0,0.0,0,0,1,,0.0,30.50000000001063,82.50000000000313,0,,T11 train phase; undiscounted_return=18.7895304
t11_direct_theta_fullsafety_seed101,t11_direct_theta_fullsafety_seed101-episode-000039,RL-TEB-Direct-Theta,t11-train-clear-straight,train,101,101,t11_gazebo_formal_v1+FullSafety,e9b9a9e17ac5e7e35d95eec2a7ad7c7667049da7,true,{},,7bd16763e0c650dd14798c7b42d22c312d871906ff5cae53e5f8ed1e9de71f4f,gazebo,true,false,true,false,goal,2.5430517271683657,3.447999999999979,1.0009993317262063,0.14371985340793908,,,30.0,0.0,4,4.698443468979426,3,0,0,0.0,0,0,3,,0.0,30.999999999998806,69.00000000000261,0,,T11 train phase; undiscounted_return=17.7845895
t11_direct_theta_fullsafety_seed101,t11_direct_theta_fullsafety_seed101-episode-000040,RL-TEB-Direct-Theta,t11-train-clear-straight,train,101,101,t11_gazebo_formal_v1+FullSafety,e9b9a9e17ac5e7e35d95eec2a7ad7c7667049da7,true,{},,7bd16763e0c650dd14798c7b42d22c312d871906ff5cae53e5f8ed1e9de71f4f,gazebo,true,false,true,false,goal,2.588304714117187,3.25,1.0006136231334137,0.17451503690319162,,,30.0,0.0,4,4.934250781649636,0,0,0,0.0,0,0,0,,0.0,36.499999999996646,71.99999999998852,0,,T11 train phase; undiscounted_return=19.0970009
t11_direct_theta_fullsafety_seed101,t11_direct_theta_fullsafety_seed101-episode-000041,RL-TEB-Direct-Theta,t11-train-clear-straight,train,101,101,t11_gazebo_formal_v1+FullSafety,e9b9a9e17ac5e7e35d95eec2a7ad7c7667049da7,true,{},,7bd16763e0c650dd14798c7b42d22c312d871906ff5cae53e5f8ed1e9de71f4f,gazebo,true,false,true,false,goal,2.4163911835620033,3.2580000000000098,0.9984848445914405,0.17580779048418851,,,30.0,0.0,3,3.742022028991154,1,0,0,0.0,0,0,1,,0.0,38.66666666666182,100.66666666666417,0,,T11 train phase; undiscounted_return=16.7957324
t11_direct_theta_fullsafety_seed101,t11_direct_theta_fullsafety_seed101-episode-000042,RL-TEB-Direct-Theta,t11-train-clear-straight,train,101,101,t11_gazebo_formal_v1+FullSafety,e9b9a9e17ac5e7e35d95eec2a7ad7c7667049da7,true,{},,7bd16763e0c650dd14798c7b42d22c312d871906ff5cae53e5f8ed1e9de71f4f,gazebo,true,false,true,false,goal,2.4804338520436655,3.358000000000004,0.9989725805900166,0.15298557228085097,,,30.0,0.0,3,4.173243227175304,0,0,0,0.0,0,0,0,,0.0,32.66666666666159,82.66666666666349,0,,T11 train phase; undiscounted_return=17.0166472
t11_direct_theta_fullsafety_seed101,t11_direct_theta_fullsafety_seed101-episode-000043,RL-TEB-Direct-Theta,t11-train-clear-straight,train,101,101,t11_gazebo_formal_v1+FullSafety,e9b9a9e17ac5e7e35d95eec2a7ad7c7667049da7,true,{},,7bd16763e0c650dd14798c7b42d22c312d871906ff5cae53e5f8ed1e9de71f4f,gazebo,true,false,true,false,goal,2.520484108415698,3.1640000000000157,1.003093891346403,0.21441775968029902,,,30.0,0.0,3,2.9643066167831424,0,0,0,0.0,0,0,0,,0.0,32.000000000001215,85.33333333333341,0,,T11 train phase; undiscounted_return=17.1580188
t11_direct_theta_fullsafety_seed101,t11_direct_theta_fullsafety_seed101-episode-000044,RL-TEB-Direct-Theta,t11-train-clear-straight,train,101,101,t11_gazebo_formal_v1+FullSafety,e9b9a9e17ac5e7e35d95eec2a7ad7c7667049da7,true,{},,7bd16763e0c650dd14798c7b42d22c312d871906ff5cae53e5f8ed1e9de71f4f,gazebo,true,false,true,false,goal,2.578549947815693,3.254000000000019,0.999096770702582,0.19643561767330386,,,30.0,0.0,3,3.1839416813282746,1,0,0,0.0,0,0,1,,0.0,29.999999999991662,86.66666666666363,0,,T11 train phase; undiscounted_return=17.1064599
t11_direct_theta_fullsafety_seed101,t11_direct_theta_fullsafety_seed101-episode-000045,RL-TEB-Direct-Theta,t11-train-clear-straight,train,101,101,t11_gazebo_formal_v1+FullSafety,e9b9a9e17ac5e7e35d95eec2a7ad7c7667049da7,true,{},,7bd16763e0c650dd14798c7b42d22c312d871906ff5cae53e5f8ed1e9de71f4f,gazebo,true,false,true,false,goal,2.4957086447916854,3.342000000000013,0.9993636962406025,0.1550790264648786,,,30.0,0.0,4,6.141755909295309,3,0,0,0.0,0,0,3,,0.0,32.999999999994145,92.49999999999403,0,,T11 train phase; undiscounted_return=17.7626792
t11_direct_theta_fullsafety_seed101,t11_direct_theta_fullsafety_seed101-episode-000046,RL-TEB-Direct-Theta,t11-train-clear-straight,train,101,101,t11_gazebo_formal_v1+FullSafety,e9b9a9e17ac5e7e35d95eec2a7ad7c7667049da7,true,{},,7bd16763e0c650dd14798c7b42d22c312d871906ff5cae53e5f8ed1e9de71f4f,gazebo,true,false,true,false,goal,2.488263581929702,3.2479999999999905,1.0023753152807384,0.22344845201344582,,,30.0,0.0,4,5.2943596788815075,3,0,0,0.0,0,0,3,,0.0,28.999999999989257,69.99999999999318,0,,T11 train phase; undiscounted_return=17.7755145
t11_direct_theta_fullsafety_seed101,t11_direct_theta_fullsafety_seed101-episode-000047,RL-TEB-Direct-Theta,t11-train-clear-straight,train,101,101,t11_gazebo_formal_v1+FullSafety,e9b9a9e17ac5e7e35d95eec2a7ad7c7667049da7,true,{},,7bd16763e0c650dd14798c7b42d22c312d871906ff5cae53e5f8ed1e9de71f4f,gazebo,true,false,true,false,goal,2.5260133002250282,3.2460000000000093,1.0015171811032089,0.20020506550919856,,,30.0,0.0,4,5.133661114034199,0,0,0,0.0,0,0,0,,0.0,33.00000000000125,82.00000000000784,0,,T11 train phase; undiscounted_return=18.2824918
t11_direct_theta_fullsafety_seed101,t11_direct_theta_fullsafety_seed101-episode-000048,RL-TEB-Direct-Theta,t11-train-clear-straight,train,101,101,t11_gazebo_formal_v1+FullSafety,e9b9a9e17ac5e7e35d95eec2a7ad7c7667049da7,true,{},,7bd16763e0c650dd14798c7b42d22c312d871906ff5cae53e5f8ed1e9de71f4f,gazebo,true,false,true,false,goal,2.4905406482016392,3.157999999999987,0.9989142630179361,0.18207195082221309,,,30.0,0.0,3,1.9651869140920188,0,0,0,0.0,0,0,0,,0.0,36.66666666666174,85.99999999999379,0,,T11 train phase; undiscounted_return=17.4046527
t11_direct_theta_fullsafety_seed101,t11_direct_theta_fullsafety_seed101-episode-000049,RL-TEB-Direct-Theta,t11-train-clear-straight,train,101,101,t11_gazebo_formal_v1+FullSafety,e9b9a9e17ac5e7e35d95eec2a7ad7c7667049da7,true,{},,7bd16763e0c650dd14798c7b42d22c312d871906ff5cae53e5f8ed1e9de71f4f,gazebo,true,false,true,false,goal,2.565614035588213,3.25,1.0000997699586232,0.20793452490697212,,,30.0,0.0,4,4.745398332675299,2,0,0,0.0,0,0,2,,0.0,32.00000000000358,48.000000000008924,0,,T11 train phase; undiscounted_return=18.7470511
t11_direct_theta_fullsafety_seed101,t11_direct_theta_fullsafety_seed101-episode-000050,RL-TEB-Direct-Theta,t11-train-clear-straight,train,101,101,t11_gazebo_formal_v1+FullSafety,e9b9a9e17ac5e7e35d95eec2a7ad7c7667049da7,true,{},,7bd16763e0c650dd14798c7b42d22c312d871906ff5cae53e5f8ed1e9de71f4f,gazebo,true,false,true,false,goal,2.4770376733367656,3.240000000000009,0.9987643620597767,0.15027635098788625,,,30.0,0.0,3,3.211506895224253,0,0,0,0.0,0,0,0,,0.0,30.666666666670988,96.00000000000364,0,,T11 train phase; undiscounted_return=16.7313615
t11_direct_theta_fullsafety_seed101,t11_direct_theta_fullsafety_seed101-episode-000051,RL-TEB-Direct-Theta,t11-train-clear-straight,train,101,101,t11_gazebo_formal_v1+FullSafety,e9b9a9e17ac5e7e35d95eec2a7ad7c7667049da7,true,{},,7bd16763e0c650dd14798c7b42d22c312d871906ff5cae53e5f8ed1e9de71f4f,gazebo,true,false,true,false,goal,2.5842753024529745,3.3359999999999843,1.0006517273298339,0.17952509787072035,,,30.0,0.0,4,6.666974002974373,2,0,0,0.0,0,0,2,,0.0,29.000000000003467,79.00000000000063,0,,T11 train phase; undiscounted_return=18.4972893
t11_direct_theta_fullsafety_seed101,t11_direct_theta_fullsafety_seed101-episode-000052,RL-TEB-Direct-Theta,t11-train-clear-straight,train,101,101,t11_gazebo_formal_v1+FullSafety,e9b9a9e17ac5e7e35d95eec2a7ad7c7667049da7,true,{},,7bd16763e0c650dd14798c7b42d22c312d871906ff5cae53e5f8ed1e9de71f4f,gazebo,true,false,true,false,goal,2.498512720555164,3.343999999999994,1.000925889088424,0.13350835394332936,,,30.0,0.0,4,3.486574185462225,3,0,0,0.0,0,0,3,,0.0,31.49999999999409,82.00000000000074,0,,T11 train phase; undiscounted_return=18.0613545
t11_direct_theta_fullsafety_seed101,t11_direct_theta_fullsafety_seed101-episode-000053,RL-TEB-Direct-Theta,t11-train-clear-straight,train,101,101,t11_gazebo_formal_v1+FullSafety,e9b9a9e17ac5e7e35d95eec2a7ad7c7667049da7,true,{},,7bd16763e0c650dd14798c7b42d22c312d871906ff5cae53e5f8ed1e9de71f4f,gazebo,true,false,true,false,goal,2.4621506525429617,3.0519999999999925,1.0043623132817792,0.1695275196901338,,,30.0,0.0,3,2.585720032453537,0,0,0,0.0,0,0,0,,0.0,27.333333333321736,97.99999999999424,0,,T11 train phase; undiscounted_return=17.4879774
t11_direct_theta_fullsafety_seed101,t11_direct_theta_fullsafety_seed101-episode-000054,RL-TEB-Direct-Theta,t11-train-clear-straight,train,101,101,t11_gazebo_formal_v1+FullSafety,e9b9a9e17ac5e7e35d95eec2a7ad7c7667049da7,true,{},,7bd16763e0c650dd14798c7b42d22c312d871906ff5cae53e5f8ed1e9de71f4f,gazebo,true,false,true,false,goal,2.5776894897915983,3.3559999999999945,0.9997756869778838,0.19719440030662921,,,30.0,0.0,4,6.424230698744456,2,0,0,0.0,0,0,2,,0.0,30.000000000001137,73.0000000000075,0,,T11 train phase; undiscounted_return=18.238766
t11_direct_theta_fullsafety_seed101,t11_direct_theta_fullsafety_seed101-episode-000055,RL-TEB-Direct-Theta,t11-train-clear-straight,train,101,101,t11_gazebo_formal_v1+FullSafety,e9b9a9e17ac5e7e35d95eec2a7ad7c7667049da7,true,{},,7bd16763e0c650dd14798c7b42d22c312d871906ff5cae53e5f8ed1e9de71f4f,gazebo,true,false,true,false,goal,2.442037745695648,3.4520000000000266,1.000698705212345,0.1361374441027472,,,30.0,0.0,4,6.490357483568647,1,0,0,0.0,0,0,1,,0.0,32.50000000000597,85.00000000000796,0,,T11 train phase; undiscounted_return=17.4655053
t11_direct_theta_fullsafety_seed101,t11_direct_theta_fullsafety_seed101-episode-000056,RL-TEB-Direct-Theta,t11-train-clear-straight,train,101,101,t11_gazebo_formal_v1+FullSafety,e9b9a9e17ac5e7e35d95eec2a7ad7c7667049da7,true,{},,7bd16763e0c650dd14798c7b42d22c312d871906ff5cae53e5f8ed1e9de71f4f,gazebo,true,false,true,false,goal,2.528722451687729,3.2379999999999995,1.000856118159849,0.10146481164621908,,,30.0,0.0,4,4.4626313391185946,0,0,0,0.0,0,0,0,,0.0,28.50000000000108,84.49999999999136,0,,T11 train phase; undiscounted_return=18.2185928
t11_direct_theta_fullsafety_seed101,t11_direct_theta_fullsafety_seed101-episode-000057,RL-TEB-Direct-Theta,t11-train-clear-straight,train,101,101,t11_gazebo_formal_v1+FullSafety,e9b9a9e17ac5e7e35d95eec2a7ad7c7667049da7,true,{},,7bd16763e0c650dd14798c7b42d22c312d871906ff5cae53e5f8ed1e9de71f4f,gazebo,true,false,true,false,goal,2.5404670082695833,3.2420000000000186,1.0003430516741747,0.13984631325645003,,,30.0,0.0,4,5.826512861535663,3,0,0,0.0,0,0,3,,0.0,30.000000000001137,69.00000000000261,0,,T11 train phase; undiscounted_return=18.5605617
t11_direct_theta_fullsafety_seed101,t11_direct_theta_fullsafety_seed101-episode-000058,RL-TEB-Direct-Theta,t11-train-clear-straight,train,101,101,t11_gazebo_formal_v1+FullSafety,e9b9a9e17ac5e7e35d95eec2a7ad7c7667049da7,true,{},,7bd16763e0c650dd14798c7b42d22c312d871906ff5cae53e5f8ed1e9de71f4f,gazebo,true,false,true,false,goal,2.428161403763526,3.147999999999996,1.0012096431891426,0.21286348217085974,,,30.0,0.0,4,5.238533151433584,3,0,0,0.0,0,0,3,,0.0,27.50000000000341,66.99999999999307,0,,T11 train phase; undiscounted_return=17.8741017
t11_direct_theta_fullsafety_seed101,t11_direct_theta_fullsafety_seed101-episode-000059,RL-TEB-Direct-Theta,t11-train-clear-straight,train,101,101,t11_gazebo_formal_v1+FullSafety,e9b9a9e17ac5e7e35d95eec2a7ad7c7667049da7,true,{},,7bd16763e0c650dd14798c7b42d22c312d871906ff5cae53e5f8ed1e9de71f4f,gazebo,true,false,true,false,goal,2.4353264675674193,3.147999999999996,0.9982126603192208,0.16318112364577622,,,30.0,0.0,3,2.1342061144965037,1,0,0,0.0,0,0,1,,0.0,28.66666666667091,80.00000000000303,0,,T11 train phase; undiscounted_return=17.3164233
t11_direct_theta_fullsafety_seed101,t11_direct_theta_fullsafety_seed101-episode-000060,RL-TEB-Direct-Theta,t11-train-clear-straight,train,101,101,t11_gazebo_formal_v1+FullSafety,e9b9a9e17ac5e7e35d95eec2a7ad7c7667049da7,true,{},,7bd16763e0c650dd14798c7b42d22c312d871906ff5cae53e5f8ed1e9de71f4f,gazebo,true,false,true,false,goal,2.5205806971357387,3.1639999999999873,1.0012305648273154,0.19044873351247363,,,30.0,0.0,3,1.7986655669552951,2,0,0,0.0,0,0,2,,0.0,34.000000000010765,69.3333333333328,0,,T11 train phase; undiscounted_return=17.5438104
t11_direct_theta_fullsafety_seed101,t11_direct_theta_fullsafety_seed101-episode-000061,RL-TEB-Direct-Theta,t11-train-clear-straight,train,101,101,t11_gazebo_formal_v1+FullSafety,e9b9a9e17ac5e7e35d95eec2a7ad7c7667049da7,true,{},,7bd16763e0c650dd14798c7b42d22c312d871906ff5cae53e5f8ed1e9de71f4f,gazebo,true,false,true,false,goal,2.598990032804526,3.245999999999981,1.0001650756952831,0.10929875382147286,,,30.0,0.0,3,4.093832559244975,1,0,0,0.0,0,0,1,,0.0,29.33333333334076,95.99999999999416,0,,T11 train phase; undiscounted_return=17.5222618
t11_direct_theta_fullsafety_seed101,t11_direct_theta_fullsafety_seed101-episode-000062,RL-TEB-Direct-Theta,t11-train-clear-straight,train,101,101,t11_gazebo_formal_v1+FullSafety,e9b9a9e17ac5e7e35d95eec2a7ad7c7667049da7,true,{},,7bd16763e0c650dd14798c7b42d22c312d871906ff5cae53e5f8ed1e9de71f4f,gazebo,true,false,true,false,goal,2.44282393030392,3.5360000000000014,0.9985795024370755,0.221888338787827,,,30.0,0.0,4,5.895832152877533,3,0,0,0.0,0,0,3,,0.0,22.500000000007958,43.99999999999693,0,,T11 train phase; undiscounted_return=17.5731764
t11_direct_theta_fullsafety_seed101,t11_direct_theta_fullsafety_seed101-episode-000063,RL-TEB-Direct-Theta,t11-train-clear-straight,train,101,101,t11_gazebo_formal_v1+FullSafety,e9b9a9e17ac5e7e35d95eec2a7ad7c7667049da7,true,{},,7bd16763e0c650dd14798c7b42d22c312d871906ff5cae53e5f8ed1e9de71f4f,gazebo,true,false,true,false,goal,2.437901814789481,3.1539999999999964,1.0011388559439371,0.13573865278368902,,,30.0,0.0,3,4.924172865492957,1,0,0,0.0,0,0,1,,0.0,33.999999999991815,115.33333333333455,0,,T11 train phase; undiscounted_return=16.9352514
t11_direct_theta_fullsafety_seed101,t11_direct_theta_fullsafety_seed101-episode-000064,RL-TEB-Direct-Theta,t11-train-clear-straight,train,101,101,t11_gazebo_formal_v1+FullSafety,e9b9a9e17ac5e7e35d95eec2a7ad7c7667049da7,true,{},,7bd16763e0c650dd14798c7b42d22c312d871906ff5cae53e5f8ed1e9de71f4f,gazebo,true,false,true,false,goal,2.5800858343168462,3.245999999999981,0.9992192555603705,0.18366510875020595,,,30.0,0.0,4,3.134380470571063,0,0,0,0.0,0,0,0,,0.0,33.50000000000364,59.00000000001171,0,,T11 train phase; undiscounted_return=19.0683113
t11_direct_theta_fullsafety_seed101,t11_direct_theta_fullsafety_seed101-episode-000065,RL-TEB-Direct-Theta,t11-train-clear-straight,train,101,101,t11_gazebo_formal_v1+FullSafety,e9b9a9e17ac5e7e35d95eec2a7ad7c7667049da7,true,{},,7bd16763e0c650dd14798c7b42d22c312d871906ff5cae53e5f8ed1e9de71f4f,gazebo,true,false,true,false,goal,2.560321767440195,3.339999999999975,0.9986806789027017,0.15092204947803575,,,30.0,0.0,4,4.521519439561027,1,0,0,0.0,0,0,1,,0.0,32.49999999999886,93.99999999999409,0,,T11 train phase; undiscounted_return=18.0042746
t11_direct_theta_fullsafety_seed101,t11_direct_theta_fullsafety_seed101-episode-000066,RL-TEB-Direct-Theta,t11-train-clear-straight,train,101,101,t11_gazebo_formal_v1+FullSafety,e9b9a9e17ac5e7e35d95eec2a7ad7c7667049da7,true,{},,7bd16763e0c650dd14798c7b42d22c312d871906ff5cae53e5f8ed1e9de71f4f,gazebo,true,false,true,false,goal,2.437589666531324,3.25,0.9986898776516218,0.1621462407503495,,,30.0,0.0,4,6.048540136927653,2,0,0,0.0,0,0,2,,0.0,32.49999999997044,80.99999999998886,0,,T11 train phase; undiscounted_return=18.128145
t11_direct_theta_fullsafety_seed101,t11_direct_theta_fullsafety_seed101-episode-000067,RL-TEB-Direct-Theta,t11-train-clear-straight,train,101,101,t11_gazebo_formal_v1+FullSafety,e9b9a9e17ac5e7e35d95eec2a7ad7c7667049da7,true,{},,7bd16763e0c650dd14798c7b42d22c312d871906ff5cae53e5f8ed1e9de71f4f,gazebo,true,false,true,false,goal,2.525128125426868,3.1499999999999773,1.0013506420983773,0.13629215412040016,,,30.0,0.0,3,3.894836175157911,1,0,0,0.0,0,0,1,,0.0,38.000000000010914,112.66666666667409,0,,T11 train phase; undiscounted_return=17.1143274
t11_direct_theta_fullsafety_seed101,t11_direct_theta_fullsafety_seed101-episode-000068,RL-TEB-Direct-Theta,t11-train-clear-straight,train,101,101,t11_gazebo_formal_v1+FullSafety,e9b9a9e17ac5e7e35d95eec2a7ad7c7667049da7,true,{},,7bd16763e0c650dd14798c7b42d22c312d871906ff5cae53e5f8ed1e9de71f4f,gazebo,true,false,true,false,goal,2.558428340178276,3.55600000000004,0.9983245953141057,0.33547648242505895,,,30.0,0.0,4,3.9681834053425566,2,0,0,0.0,0,0,2,,0.0,37.9999999999967,84.49999999997715,0,,T11 train phase; undiscounted_return=17.6774421
t11_direct_theta_fullsafety_seed101,t11_direct_theta_fullsafety_seed101-episode-000069,RL-TEB-Direct-Theta,t11-train-clear-straight,train,101,101,t11_gazebo_formal_v1+FullSafety,e9b9a9e17ac5e7e35d95eec2a7ad7c7667049da7,true,{},,7bd16763e0c650dd14798c7b42d22c312d871906ff5cae53e5f8ed1e9de71f4f,gazebo,true,false,true,false,goal,2.593754685807348,3.343999999999994,0.9996780458538025,0.1436299365116192,,,30.0,0.0,4,3.444696850152242,0,0,0,0.0,0,0,0,,0.0,32.99999999998704,71.49999999998613,0,,T11 train phase; undiscounted_return=18.9058726
t11_direct_theta_fullsafety_seed101,t11_direct_theta_fullsafety_seed101-episode-000070,RL-TEB-Direct-Theta,t11-train-clear-straight,train,101,101,t11_gazebo_formal_v1+FullSafety,e9b9a9e17ac5e7e35d95eec2a7ad7c7667049da7,true,{},,7bd16763e0c650dd14798c7b42d22c312d871906ff5cae53e5f8ed1e9de71f4f,gazebo,true,false,true,false,goal,2.5440330016443915,3.433999999999969,0.9992114364930393,0.1537016425684389,,,30.0,0.0,4,6.436653629371098,1,0,0,0.0,0,0,1,,0.0,30.000000000001137,78.49999999999113,0,,T11 train phase; undiscounted_return=18.3153877
t11_direct_theta_fullsafety_seed101,t11_direct_theta_fullsafety_seed101-episode-000071,RL-TEB-Direct-Theta,t11-train-clear-straight,train,101,101,t11_gazebo_formal_v1+FullSafety,e9b9a9e17ac5e7e35d95eec2a7ad7c7667049da7,true,{},,7bd16763e0c650dd14798c7b42d22c312d871906ff5cae53e5f8ed1e9de71f4f,gazebo,true,false,true,false,goal,2.507418928230182,3.156000000000006,0.9996595199348187,0.1562574002157495,,,30.0,0.0,3,2.7866163994584783,0,0,0,0.0,0,0,0,,0.0,31.33333333335031,99.33333333333394,0,,T11 train phase; undiscounted_return=17.178029
t11_direct_theta_fullsafety_seed101,t11_direct_theta_fullsafety_seed101-episode-000072,RL-TEB-Direct-Theta,t11-train-clear-straight,train,101,101,t11_gazebo_formal_v1+FullSafety,e9b9a9e17ac5e7e35d95eec2a7ad7c7667049da7,true,{},,7bd16763e0c650dd14798c7b42d22c312d871906ff5cae53e5f8ed1e9de71f4f,gazebo,true,false,true,false,goal,2.5677439047710084,3.1520000000000437,1.002577200076438,0.15532741886002044,,,30.0,0.0,4,4.9660955976872225,2,0,0,0.0,0,0,2,,0.0,30.500000000003524,46.50000000000887,0,,T11 train phase; undiscounted_return=18.9887649
t11_direct_theta_fullsafety_seed101,t11_direct_theta_fullsafety_seed101-episode-000073,RL-TEB-Direct-Theta,t11-train-clear-straight,train,101,101,t11_gazebo_formal_v1+FullSafety,e9b9a9e17ac5e7e35d95eec2a7ad7c7667049da7,true,{},,7bd16763e0c650dd14798c7b42d22c312d871906ff5cae53e5f8ed1e9de71f4f,gazebo,true,false,true,false,goal,2.575174037517898,3.358000000000004,1.0015779873222292,0.47654520439692605,,,30.0,0.0,4,3.610354334967478,0,0,0,0.0,0,0,0,,0.0,33.999999999991815,81.49999999999125,0,,T11 train phase; undiscounted_return=18.4004521
t11_direct_theta_fullsafety_seed101,t11_direct_theta_fullsafety_seed101-episode-000074,RL-TEB-Direct-Theta,t11-train-clear-straight,train,101,101,t11_gazebo_formal_v1+FullSafety,e9b9a9e17ac5e7e35d95eec2a7ad7c7667049da7,true,{},,7bd16763e0c650dd14798c7b42d22c312d871906ff5cae53e5f8ed1e9de71f4f,gazebo,true,false,true,false,goal,2.5651043259027415,3.259999999999991,1.001639532875264,0.16706883983263965,,,30.0,0.0,4,6.268689187083927,2,0,0,0.0,0,0,2,,0.0,39.500000000018076,110.50000000001603,0,,T11 train phase; undiscounted_return=18.5209503
t11_direct_theta_fullsafety_seed101,t11_direct_theta_fullsafety_seed101-episode-000075,RL-TEB-Direct-Theta,t11-train-clear-straight,train,101,101,t11_gazebo_formal_v1+FullSafety,e9b9a9e17ac5e7e35d95eec2a7ad7c7667049da7,true,{},,7bd16763e0c650dd14798c7b42d22c312d871906ff5cae53e5f8ed1e9de71f4f,gazebo,true,false,true,false,goal,2.5372317495871104,3.2560000000000286,0.9980447459979397,0.21907213989334856,,,30.0,0.0,3,3.734796294711884,1,0,0,0.0,0,0,1,,0.0,40.66666666667137,83.33333333333333,0,,T11 train phase; undiscounted_return=17.0719959
t11_direct_theta_fullsafety_seed101,t11_direct_theta_fullsafety_seed101-episode-000076,RL-TEB-Direct-Theta,t11-train-clear-straight,train,101,101,t11_gazebo_formal_v1+FullSafety,e9b9a9e17ac5e7e35d95eec2a7ad7c7667049da7,true,{},,7bd16763e0c650dd14798c7b42d22c312d871906ff5cae53e5f8ed1e9de71f4f,gazebo,true,false,true,false,goal,2.511961992577739,3.354000000000042,1.0037479975446062,0.13030721380956156,,,30.0,0.0,3,4.716970345519838,0,0,0,0.0,0,0,0,,0.0,33.999999999991815,97.99999999997529,0,,T11 train phase; undiscounted_return=17.2398458
t11_direct_theta_fullsafety_seed101,t11_direct_theta_fullsafety_seed101-episode-000077,RL-TEB-Direct-Theta,t11-train-clear-straight,train,101,101,t11_gazebo_formal_v1+FullSafety,e9b9a9e17ac5e7e35d95eec2a7ad7c7667049da7,true,{},,7bd16763e0c650dd14798c7b42d22c312d871906ff5cae53e5f8ed1e9de71f4f,gazebo,true,false,true,false,goal,2.585317454846115,3.1579999999999586,1.0026246561376937,0.18296952778884418,,,30.0,0.0,4,4.5272671347572695,3,0,0,0.0,0,0,3,,0.0,29.50000000001296,96.00000000000364,0,,T11 train phase; undiscounted_return=18.6109673
t11_direct_theta_fullsafety_seed101,t11_direct_theta_fullsafety_seed101-episode-000078,RL-TEB-Direct-Theta,t11-train-clear-straight,train,101,101,t11_gazebo_formal_v1+FullSafety,e9b9a9e17ac5e7e35d95eec2a7ad7c7667049da7,true,{},,7bd16763e0c650dd14798c7b42d22c312d871906ff5cae53e5f8ed1e9de71f4f,gazebo,true,false,true,false,goal,2.5351378513568688,3.2479999999999905,0.9990738121181993,0.1400280775235425,,,30.0,0.0,3,3.0848951200644166,0,0,0,0.0,0,0,0,,0.0,33.999999999991815,99.33333333333394,0,,T11 train phase; undiscounted_return=17.6093237
t11_direct_theta_fullsafety_seed101,t11_direct_theta_fullsafety_seed101-episode-000079,RL-TEB-Direct-Theta,t11-train-clear-straight,train,101,101,t11_gazebo_formal_v1+FullSafety,e9b9a9e17ac5e7e35d95eec2a7ad7c7667049da7,true,{},,7bd16763e0c650dd14798c7b42d22c312d871906ff5cae53e5f8ed1e9de71f4f,gazebo,true,false,true,false,goal,2.517249611890763,3.2560000000000286,1.0029828490069452,0.19820717155867662,,,30.0,0.0,4,5.368449426548821,2,0,0,0.0,0,0,2,,0.0,31.49999999999409,59.99999999998806,0,,T11 train phase; undiscounted_return=18.4836863
t11_direct_theta_fullsafety_seed101,t11_direct_theta_fullsafety_seed101-episode-000080,RL-TEB-Direct-Theta,t11-train-clear-straight,train,101,101,t11_gazebo_formal_v1+FullSafety,e9b9a9e17ac5e7e35d95eec2a7ad7c7667049da7,true,{},,7bd16763e0c650dd14798c7b42d22c312d871906ff5cae53e5f8ed1e9de71f4f,gazebo,true,false,true,false,goal,2.4527539203999416,3.3600000000000136,0.998912430137292,0.17777820146903597,,,30.0,0.0,4,5.00150746873447,1,0,0,0.0,0,0,1,,0.0,28.99999999998215,46.49999999999466,0,,T11 train phase; undiscounted_return=18.4163895
t11_direct_theta_fullsafety_seed101,t11_direct_theta_fullsafety_seed101-episode-000081,RL-TEB-Direct-Theta,t11-train-clear-straight,train,101,101,t11_gazebo_formal_v1+FullSafety,e9b9a9e17ac5e7e35d95eec2a7ad7c7667049da7,true,{},,7bd16763e0c650dd14798c7b42d22c312d871906ff5cae53e5f8ed1e9de71f4f,gazebo,true,false,true,false,goal,2.564428820443914,3.466000000000008,0.9960289300555597,0.22644336824746555,,,30.0,0.0,4,6.138957663377125,3,0,0,0.0,0,0,3,,0.0,32.49999999999886,49.000000000006594,0,,T11 train phase; undiscounted_return=18.3231184
t11_direct_theta_fullsafety_seed101,t11_direct_theta_fullsafety_seed101-episode-000082,RL-TEB-Direct-Theta,t11-train-clear-straight,train,101,101,t11_gazebo_formal_v1+FullSafety,e9b9a9e17ac5e7e35d95eec2a7ad7c7667049da7,true,{},,7bd16763e0c650dd14798c7b42d22c312d871906ff5cae53e5f8ed1e9de71f4f,gazebo,true,false,true,false,goal,2.4219732721315377,3.1439999999999486,1.000926862056509,0.11035688731704066,,,30.0,0.0,3,3.5580898205439246,2,0,0,0.0,0,0,2,,0.0,30.666666666661513,64.00000000000243,0,,T11 train phase; undiscounted_return=17.4579891
t11_direct_theta_fullsafety_seed101,t11_direct_theta_fullsafety_seed101-episode-000083,RL-TEB-Direct-Theta,t11-train-clear-straight,train,101,101,t11_gazebo_formal_v1+FullSafety,e9b9a9e17ac5e7e35d95eec2a7ad7c7667049da7,true,{},,7bd16763e0c650dd14798c7b42d22c312d871906ff5cae53e5f8ed1e9de71f4f,gazebo,true,false,true,false,goal,2.5439898535014693,3.637999999999977,0.9995753068821465,0.14733970094735596,,,30.0,0.0,4,5.907070681594669,0,0,0,0.0,0,0,0,,0.0,29.999999999986926,106.99999999999932,0,,T11 train phase; undiscounted_return=17.3071954
t11_direct_theta_fullsafety_seed101,t11_direct_theta_fullsafety_seed101-episode-000084,RL-TEB-Direct-Theta,t11-train-clear-straight,train,101,101,t11_gazebo_formal_v1+FullSafety,e9b9a9e17ac5e7e35d95eec2a7ad7c7667049da7,true,{},,7bd16763e0c650dd14798c7b42d22c312d871906ff5cae53e5f8ed1e9de71f4f,gazebo,true,false,true,false,goal,2.5095182140333367,3.244000000000028,0.998436653924826,0.1412064723243906,,,30.0,0.0,4,4.785224345184507,3,0,0,0.0,0,0,3,,0.0,28.999999999996362,72.99999999999329,0,,T11 train phase; undiscounted_return=18.1734019
t11_direct_theta_fullsafety_seed101,t11_direct_theta_fullsafety_seed101-episode-000085,RL-TEB-Direct-Theta,t11-train-clear-straight,train,101,101,t11_gazebo_formal_v1+FullSafety,e9b9a9e17ac5e7e35d95eec2a7ad7c7667049da7,true,{},,7bd16763e0c650dd14798c7b42d22c312d871906ff5cae53e5f8ed1e9de71f4f,gazebo,true,false,true,false,goal,2.507199168276541,3.362000000000023,1.0002021700752233,0.18150680510675843,,,30.0,0.0,3,2.5480432680674965,1,0,0,0.0,0,0,1,,0.0,34.66666666666166,101.99999999999439,0,,T11 train phase; undiscounted_return=16.699978
t11_direct_theta_fullsafety_seed101,t11_direct_theta_fullsafety_seed101-episode-000086,RL-TEB-Direct-Theta,t11-train-clear-straight,train,101,101,t11_gazebo_formal_v1+FullSafety,e9b9a9e17ac5e7e35d95eec2a7ad7c7667049da7,true,{},,7bd16763e0c650dd14798c7b42d22c312d871906ff5cae53e5f8ed1e9de71f4f,gazebo,true,false,true,false,goal,2.5629717222041033,3.3379999999999654,0.9992655067140038,0.1553611269462945,,,30.0,0.0,4,5.710802834090731,3,0,0,0.0,0,0,3,,0.0,29.000000000010573,80.50000000000068,0,,T11 train phase; undiscounted_return=18.4445678
t11_direct_theta_fullsafety_seed101,t11_direct_theta_fullsafety_seed101-episode-000087,RL-TEB-Direct-Theta,t11-train-clear-straight,train,101,101,t11_gazebo_formal_v1+FullSafety,e9b9a9e17ac5e7e35d95eec2a7ad7c7667049da7,true,{},,7bd16763e0c650dd14798c7b42d22c312d871906ff5cae53e5f8ed1e9de71f4f,gazebo,true,false,true,false,goal,2.4867815069571484,3.258000000000038,0.9992464229646942,0.24903360036229005,,,30.0,0.0,3,2.9411190597783956,0,0,0,0.0,0,0,0,,0.0,30.666666666661513,67.33333333331377,0,,T11 train phase; undiscounted_return=17.3124801
t11_direct_theta_fullsafety_seed101,t11_direct_theta_fullsafety_seed101-episode-000088,RL-TEB-Direct-Theta,t11-train-clear-straight,train,101,101,t11_gazebo_formal_v1+FullSafety,e9b9a9e17ac5e7e35d95eec2a7ad7c7667049da7,true,{},,7bd16763e0c650dd14798c7b42d22c312d871906ff5cae53e5f8ed1e9de71f4f,gazebo,true,false,true,false,goal,2.4181416979767407,3.23599999999999,0.9990673955506547,0.1344285688028847,,,30.0,0.0,3,4.051350771813165,1,0,0,0.0,0,0,1,,0.0,39.333333333350616,113.33333333334394,0,,T11 train phase; undiscounted_return=16.7801596
t11_direct_theta_fullsafety_seed101,t11_direct_theta_fullsafety_seed101-episode-000089,RL-TEB-Direct-Theta,t11-train-clear-straight,train,101,101,t11_gazebo_formal_v1+FullSafety,e9b9a9e17ac5e7e35d95eec2a7ad7c7667049da7,true,{},,7bd16763e0c650dd14798c7b42d22c312d871906ff5cae53e5f8ed1e9de71f4f,gazebo,true,false,true,false,goal,2.5646172540839998,3.156000000000006,1.001940823254336,0.23453722845999014,,,30.0,0.0,3,3.921888798475266,0,0,0,0.0,0,0,0,,0.0,30.666666666642566,81.33333333330484,0,,T11 train phase; undiscounted_return=17.2355479
t11_direct_theta_fullsafety_seed101,t11_direct_theta_fullsafety_seed101-episode-000090,RL-TEB-Direct-Theta,t11-train-clear-straight,train,101,101,t11_gazebo_formal_v1+FullSafety,e9b9a9e17ac5e7e35d95eec2a7ad7c7667049da7,true,{},,7bd16763e0c650dd14798c7b42d22c312d871906ff5cae53e5f8ed1e9de71f4f,gazebo,true,false,true,false,goal,2.4512768345582323,3.1440000000000055,1.0020230929690717,0.2610675540399333,,,30.0,0.0,4,5.555291220403851,3,0,0,0.0,0,0,3,,0.0,27.999999999991587,44.49999999999932,0,,T11 train phase; undiscounted_return=18.4066176
t11_direct_theta_fullsafety_seed101,t11_direct_theta_fullsafety_seed101-episode-000091,RL-TEB-Direct-Theta,t11-train-clear-straight,train,101,101,t11_gazebo_formal_v1+FullSafety,e9b9a9e17ac5e7e35d95eec2a7ad7c7667049da7,true,{},,7bd16763e0c650dd14798c7b42d22c312d871906ff5cae53e5f8ed1e9de71f4f,gazebo,true,false,true,false,goal,2.469782844300872,3.159999999999968,1.002303775585989,0.10997743833777882,,,30.0,0.0,3,4.205990877037958,1,0,0,0.0,0,0,1,,0.0,38.000000000029864,100.66666666669259,0,,T11 train phase; undiscounted_return=17.1388233
t11_direct_theta_fullsafety_seed101,t11_direct_theta_fullsafety_seed101-episode-000092,RL-TEB-Direct-Theta,t11-train-clear-straight,train,101,101,t11_gazebo_formal_v1+FullSafety,e9b9a9e17ac5e7e35d95eec2a7ad7c7667049da7,true,{},,7bd16763e0c650dd14798c7b42d22c312d871906ff5cae53e5f8ed1e9de71f4f,gazebo,true,false,true,false,goal,2.5084140828398738,3.3500000000000227,1.0025811903672546,0.17601946131277438,,,30.0,0.0,3,2.855514838014331,2,0,0,0.0,0,0,2,,0.0,34.66666666664272,99.333333333315,0,,T11 train phase; undiscounted_return=16.8759874
t11_direct_theta_fullsafety_seed101,t11_direct_theta_fullsafety_seed101-episode-000093,RL-TEB-Direct-Theta,t11-train-clear-straight,train,101,101,t11_gazebo_formal_v1+FullSafety,e9b9a9e17ac5e7e35d95eec2a7ad7c7667049da7,true,{},,7bd16763e0c650dd14798c7b42d22c312d871906ff5cae53e5f8ed1e9de71f4f,gazebo,true,false,true,false,goal,2.545271279310585,3.348000000000013,1.0009440911398308,0.21552516350720166,,,30.0,0.0,4,5.76345813359533,2,0,0,0.0,0,0,2,,0.0,28.000000000005798,71.50000000000034,0,,T11 train phase; undiscounted_return=17.9561761
t11_direct_theta_fullsafety_seed101,t11_direct_theta_fullsafety_seed101-episode-000094,RL-TEB-Direct-Theta,t11-train-clear-straight,train,101,101,t11_gazebo_formal_v1+FullSafety,e9b9a9e17ac5e7e35d95eec2a7ad7c7667049da7,true,{},,7bd16763e0c650dd14798c7b42d22c312d871906ff5cae53e5f8ed1e9de71f4f,gazebo,true,false,true,false,goal,2.49678288244137,3.258000000000038,1.0001359761826054,0.20718084985698612,,,30.0,0.0,3,4.785385017167954,2,0,0,0.0,0,0,2,,0.0,32.66666666667106,83.99999999998424,0,,T11 train phase; undiscounted_return=16.8099993
t11_direct_theta_fullsafety_seed101,t11_direct_theta_fullsafety_seed101-episode-000095,RL-TEB-Direct-Theta,t11-train-clear-straight,train,101,101,t11_gazebo_formal_v1+FullSafety,e9b9a9e17ac5e7e35d95eec2a7ad7c7667049da7,true,{},,7bd16763e0c650dd14798c7b42d22c312d871906ff5cae53e5f8ed1e9de71f4f,gazebo,true,false,true,false,goal,2.5328903258626436,3.0459999999999923,1.0027613814071092,0.10200783338180801,,,30.0,0.0,3,2.896422756002062,0,0,0,0.0,0,0,0,,0.0,24.66666666667076,81.99999999999363,0,,T11 train phase; undiscounted_return=17.301238
t11_direct_theta_fullsafety_seed101,t11_direct_theta_fullsafety_seed101-episode-000096,RL-TEB-Direct-Theta,t11-train-clear-straight,train,101,101,t11_gazebo_formal_v1+FullSafety,e9b9a9e17ac5e7e35d95eec2a7ad7c7667049da7,true,{},,7bd16763e0c650dd14798c7b42d22c312d871906ff5cae53e5f8ed1e9de71f4f,gazebo,true,false,true,false,goal,2.482382088159496,3.145999999999958,1.001010568310022,0.08478129395511075,,,30.0,0.0,3,4.455502898352487,1,0,0,0.0,0,0,1,,0.0,32.000000000001215,97.99999999999424,0,,T11 train phase; undiscounted_return=17.478166
t11_direct_theta_fullsafety_seed101,t11_direct_theta_fullsafety_seed101-episode-000097,RL-TEB-Direct-Theta,t11-train-clear-straight,train,101,101,t11_gazebo_formal_v1+FullSafety,e9b9a9e17ac5e7e35d95eec2a7ad7c7667049da7,true,{},,7bd16763e0c650dd14798c7b42d22c312d871906ff5cae53e5f8ed1e9de71f4f,gazebo,true,false,true,false,goal,2.571351181165642,3.3500000000000227,1.0019765640718654,0.22564300331839668,,,30.0,0.0,4,5.553680900165016,0,0,0,0.0,0,0,0,,0.0,32.99999999998704,96.49999999999181,0,,T11 train phase; undiscounted_return=18.2485603
t11_direct_theta_fullsafety_seed101,t11_direct_theta_fullsafety_seed101-episode-000098,RL-TEB-Direct-Theta,t11-train-clear-straight,train,101,101,t11_gazebo_formal_v1+FullSafety,e9b9a9e17ac5e7e35d95eec2a7ad7c7667049da7,true,{},,7bd16763e0c650dd14798c7b42d22c312d871906ff5cae53e5f8ed1e9de71f4f,gazebo,true,false,true,false,goal,2.411328748929566,3.2520000000000095,1.0024909982559436,0.1259309614354221,,,30.0,0.0,3,4.155433845803854,3,0,0,0.0,0,0,3,,0.0,40.00000000000151,96.00000000000364,0,,T11 train phase; undiscounted_return=16.4625876
t11_direct_theta_fullsafety_seed101,t11_direct_theta_fullsafety_seed101-episode-000099,RL-TEB-Direct-Theta,t11-train-clear-straight,train,101,101,t11_gazebo_formal_v1+FullSafety,e9b9a9e17ac5e7e35d95eec2a7ad7c7667049da7,true,{},,7bd16763e0c650dd14798c7b42d22c312d871906ff5cae53e5f8ed1e9de71f4f,gazebo,true,false,true,false,goal,2.5816988162437213,3.348000000000013,1.002335295763131,0.19428779967203966,,,30.0,0.0,4,5.411579786028183,1,0,0,0.0,0,0,1,,0.0,27.50000000001762,71.50000000000034,0,,T11 train phase; undiscounted_return=18.3333844
t11_direct_theta_fullsafety_seed101,t11_direct_theta_fullsafety_seed101-episode-000100,RL-TEB-Direct-Theta,t11-train-clear-straight,train,101,101,t11_gazebo_formal_v1+FullSafety,e9b9a9e17ac5e7e35d95eec2a7ad7c7667049da7,true,{},,7bd16763e0c650dd14798c7b42d22c312d871906ff5cae53e5f8ed1e9de71f4f,gazebo,true,false,true,false,goal,2.573364399937952,3.3420000000000414,0.9992319486950646,0.1649789294388555,,,30.0,0.0,4,4.293048247269223,3,0,0,0.0,0,0,3,,0.0,36.000000000001364,105.00000000000398,0,,T11 train phase; undiscounted_return=18.5693351
t11_direct_theta_fullsafety_seed101,t11_direct_theta_fullsafety_seed101-episode-000101,RL-TEB-Direct-Theta,t11-train-clear-straight,train,101,101,t11_gazebo_formal_v1+FullSafety,e9b9a9e17ac5e7e35d95eec2a7ad7c7667049da7,true,{},,7bd16763e0c650dd14798c7b42d22c312d871906ff5cae53e5f8ed1e9de71f4f,gazebo,true,false,true,false,goal,2.4271003409399197,3.2539999999999623,0.9995105414739232,0.22385492203244842,,,30.0,0.0,4,5.4405266267912715,0,0,0,0.0,0,0,0,,0.0,33.50000000000364,60.49999999999045,0,,T11 train phase; undiscounted_return=18.2332399
t11_direct_theta_fullsafety_seed101,t11_direct_theta_fullsafety_seed101-episode-000102,RL-TEB-Direct-Theta,t11-train-clear-straight,train,101,101,t11_gazebo_formal_v1+FullSafety,e9b9a9e17ac5e7e35d95eec2a7ad7c7667049da7,true,{},,7bd16763e0c650dd14798c7b42d22c312d871906ff5cae53e5f8ed1e9de71f4f,gazebo,true,false,true,false,goal,2.5031587663842165,3.354000000000042,1.0040323590040963,0.12629776150385078,,,30.0,0.0,3,3.583589947223664,0,0,0,0.0,0,0,0,,0.0,36.000000000020314,113.33333333334394,0,,T11 train phase; undiscounted_return=16.8075308
t11_direct_theta_fullsafety_seed101,t11_direct_theta_fullsafety_seed101-episode-000103,RL-TEB-Direct-Theta,t11-train-clear-straight,train,101,101,t11_gazebo_formal_v1+FullSafety,e9b9a9e17ac5e7e35d95eec2a7ad7c7667049da7,true,{},,7bd16763e0c650dd14798c7b42d22c312d871906ff5cae53e5f8ed1e9de71f4f,gazebo,true,false,true,false,goal,2.4732944999437394,3.136000000000024,1.0001499613388836,0.14090102210300817,,,30.0,0.0,3,4.423410850479489,0,0,0,0.0,0,0,0,,0.0,31.333333333331364,94.66666666666394,0,,T11 train phase; undiscounted_return=16.8784375
t11_direct_theta_fullsafety_seed101,t11_direct_theta_fullsafety_seed101-episode-000104,RL-TEB-Direct-Theta,t11-train-clear-straight,train,101,101,t11_gazebo_formal_v1+FullSafety,e9b9a9e17ac5e7e35d95eec2a7ad7c7667049da7,true,{},,7bd16763e0c650dd14798c7b42d22c312d871906ff5cae53e5f8ed1e9de71f4f,gazebo,true,false,true,false,goal,2.467438576381313,3.1440000000000055,0.9987030419463648,0.10987226016469903,,,30.0,0.0,3,3.6182582798458274,1,0,0,0.0,0,0,1,,0.0,32.000000000001215,98.66666666668304,0,,T11 train phase; undiscounted_return=16.8795483
t11_direct_theta_fullsafety_seed101,t11_direct_theta_fullsafety_seed101-episode-000105,RL-TEB-Direct-Theta,t11-train-clear-straight,train,101,101,t11_gazebo_formal_v1+FullSafety,e9b9a9e17ac5e7e35d95eec2a7ad7c7667049da7,true,{},,7bd16763e0c650dd14798c7b42d22c312d871906ff5cae53e5f8ed1e9de71f4f,gazebo,true,false,true,false,goal,2.477225234954995,3.255999999999972,1.0000329852411962,0.2253220767155049,,,30.0,0.0,4,5.549912365277606,2,0,0,0.0,0,0,2,,0.0,26.499999999984425,59.499999999985675,0,,T11 train phase; undiscounted_return=18.4017119
t11_direct_theta_fullsafety_seed101,t11_direct_theta_fullsafety_seed101-episode-000106,RL-TEB-Direct-Theta,t11-train-clear-straight,train,101,101,t11_gazebo_formal_v1+FullSafety,e9b9a9e17ac5e7e35d95eec2a7ad7c7667049da7,true,{},,7bd16763e0c650dd14798c7b42d22c312d871906ff5cae53e5f8ed1e9de71f4f,gazebo,true,false,true,false,goal,2.5299721960594557,3.2579999999999814,0.9964645702455489,0.1730027130722117,,,30.0,0.0,3,3.6424623373008904,3,0,0,0.0,0,0,3,,0.0,29.333333333359707,81.33333333334274,0,,T11 train phase; undiscounted_return=17.0681269
t11_direct_theta_fullsafety_seed101,t11_direct_theta_fullsafety_seed101-episode-000107,RL-TEB-Direct-Theta,t11-train-clear-straight,train,101,101,t11_gazebo_formal_v1+FullSafety,e9b9a9e17ac5e7e35d95eec2a7ad7c7667049da7,true,{},,7bd16763e0c650dd14798c7b42d22c312d871906ff5cae53e5f8ed1e9de71f4f,gazebo,true,false,true,false,goal,2.4181815933350164,3.6520000000000437,0.9995535311167317,0.43302579366879185,,,30.0,0.0,4,3.402415926683518,0,0,0,0.0,0,0,0,,0.0,32.00000000001069,47.000000000011255,0,,T11 train phase; undiscounted_return=17.2679229
t11_direct_theta_fullsafety_seed101,t11_direct_theta_fullsafety_seed101-episode-000108,RL-TEB-Direct-Theta,t11-train-clear-straight,train,101,101,t11_gazebo_formal_v1+FullSafety,e9b9a9e17ac5e7e35d95eec2a7ad7c7667049da7,true,{},,7bd16763e0c650dd14798c7b42d22c312d871906ff5cae53e5f8ed1e9de71f4f,gazebo,true,false,true,false,goal,2.477303267555952,3.240000000000009,1.000510926447076,0.14686765722522802,,,30.0,0.0,3,3.574959790138972,1,0,0,0.0,0,0,1,,0.0,26.00000000001046,63.333333333332575,0,,T11 train phase; undiscounted_return=17.2183257
t11_direct_theta_fullsafety_seed101,t11_direct_theta_fullsafety_seed101-episode-000109,RL-TEB-Direct-Theta,t11-train-clear-straight,train,101,101,t11_gazebo_formal_v1+FullSafety,e9b9a9e17ac5e7e35d95eec2a7ad7c7667049da7,true,{},,7bd16763e0c650dd14798c7b42d22c312d871906ff5cae53e5f8ed1e9de71f4f,gazebo,true,false,true,false,goal,2.5637810148162723,3.3519999999999754,0.9985360213151289,0.1908349589087369,,,30.0,0.0,4,4.246054517655146,1,0,0,0.0,0,0,1,,0.0,27.4999999999892,84.50000000000557,0,,T11 train phase; undiscounted_return=18.3651323
t11_direct_theta_fullsafety_seed101,t11_direct_theta_fullsafety_seed101-episode-000110,RL-TEB-Direct-Theta,t11-train-clear-straight,train,101,101,t11_gazebo_formal_v1+FullSafety,e9b9a9e17ac5e7e35d95eec2a7ad7c7667049da7,true,{},,7bd16763e0c650dd14798c7b42d22c312d871906ff5cae53e5f8ed1e9de71f4f,gazebo,true,false,true,false,goal,2.4755158000110744,3.1439999999999486,1.0006191140278196,0.13598364093520107,,,30.0,0.0,3,4.495506540934246,0,0,0,0.0,0,0,0,,0.0,29.333333333321814,80.00000000000303,0,,T11 train phase; undiscounted_return=17.1743173
t11_direct_theta_fullsafety_seed101,t11_direct_theta_fullsafety_seed101-episode-000111,RL-TEB-Direct-Theta,t11-train-clear-straight,train,101,101,t11_gazebo_formal_v1+FullSafety,e9b9a9e17ac5e7e35d95eec2a7ad7c7667049da7,true,{},,7bd16763e0c650dd14798c7b42d22c312d871906ff5cae53e5f8ed1e9de71f4f,gazebo,true,false,true,false,goal,2.5947424117618674,3.348000000000013,0.9987172839730932,0.13274493574666807,,,30.0,0.0,4,5.647669423761822,0,0,0,0.0,0,0,0,,0.0,31.999999999996476,93.00000000000352,0,,T11 train phase; undiscounted_return=18.631446
t11_direct_theta_fullsafety_seed101,t11_direct_theta_fullsafety_seed101-episode-000112,RL-TEB-Direct-Theta,t11-train-clear-straight,train,101,101,t11_gazebo_formal_v1+FullSafety,e9b9a9e17ac5e7e35d95eec2a7ad7c7667049da7,true,{},,7bd16763e0c650dd14798c7b42d22c312d871906ff5cae53e5f8ed1e9de71f4f,gazebo,true,false,true,false,goal,2.4290637815266143,3.458000000000027,1.0024996969743472,0.1703765018822406,,,30.0,0.0,4,6.228361114433833,4,0,0,0.0,0,0,4,,0.0,29.49999999998454,59.499999999999886,0,,T11 train phase; undiscounted_return=17.6444511
t11_direct_theta_fullsafety_seed101,t11_direct_theta_fullsafety_seed101-episode-000113,RL-TEB-Direct-Theta,t11-train-clear-straight,train,101,101,t11_gazebo_formal_v1+FullSafety,e9b9a9e17ac5e7e35d95eec2a7ad7c7667049da7,true,{},,7bd16763e0c650dd14798c7b42d22c312d871906ff5cae53e5f8ed1e9de71f4f,gazebo,true,false,true,false,goal,2.485240712960758,3.348000000000013,1.0025911835088008,0.14220420078145513,,,30.0,0.0,4,6.5704107747191465,0,0,0,0.0,0,0,0,,0.0,28.499999999993975,73.99999999999807,0,,T11 train phase; undiscounted_return=17.7881016
t11_direct_theta_fullsafety_seed101,t11_direct_theta_fullsafety_seed101-episode-000114,RL-TEB-Direct-Theta,t11-train-clear-straight,train,101,101,t11_gazebo_formal_v1+FullSafety,e9b9a9e17ac5e7e35d95eec2a7ad7c7667049da7,true,{},,7bd16763e0c650dd14798c7b42d22c312d871906ff5cae53e5f8ed1e9de71f4f,gazebo,true,false,true,false,goal,2.5077484706681425,3.156000000000006,1.0010191599124862,0.16978126330353582,,,30.0,0.0,3,3.622333552723841,3,0,0,0.0,0,0,3,,0.0,30.666666666661513,66.66666666666288,0,,T11 train phase; undiscounted_return=17.4648041
t11_direct_theta_fullsafety_seed101,t11_direct_theta_fullsafety_seed101-episode-000115,RL-TEB-Direct-Theta,t11-train-clear-straight,train,101,101,t11_gazebo_formal_v1+FullSafety,e9b9a9e17ac5e7e35d95eec2a7ad7c7667049da7,true,{},,7bd16763e0c650dd14798c7b42d22c312d871906ff5cae53e5f8ed1e9de71f4f,gazebo,true,false,true,false,goal,2.490061509361686,3.141999999999996,0.9994442231720142,0.13586810974502078,,,30.0,0.0,3,2.5528018891811364,1,0,0,0.0,0,0,1,,0.0,29.999999999991662,64.00000000000243,0,,T11 train phase; undiscounted_return=17.4957232
t11_direct_theta_fullsafety_seed101,t11_direct_theta_fullsafety_seed101-episode-000116,RL-TEB-Direct-Theta,t11-train-clear-straight,train,101,101,t11_gazebo_formal_v1+FullSafety,e9b9a9e17ac5e7e35d95eec2a7ad7c7667049da7,true,{},,7bd16763e0c650dd14798c7b42d22c312d871906ff5cae53e5f8ed1e9de71f4f,gazebo,true,false,true,false,goal,2.5508328691400415,3.2600000000000477,0.997771098410514,0.18737158809763518,,,30.0,0.0,3,3.3478375065894364,1,0,0,0.0,0,0,1,,0.0,39.333333333331666,84.66666666665408,0,,T11 train phase; undiscounted_return=17.2791271
t11_direct_theta_fullsafety_seed101,t11_direct_theta_fullsafety_seed101-episode-000117,RL-TEB-Direct-Theta,t11-train-clear-straight,train,101,101,t11_gazebo_formal_v1+FullSafety,e9b9a9e17ac5e7e35d95eec2a7ad7c7667049da7,true,{},,7bd16763e0c650dd14798c7b42d22c312d871906ff5cae53e5f8ed1e9de71f4f,gazebo,true,false,true,false,goal,2.601082229600474,3.451999999999998,0.9990744945215426,0.1648290715801641,,,30.0,0.0,4,5.919946511018844,3,0,0,0.0,0,0,3,,0.0,32.00000000001069,81.00000000000307,0,,T11 train phase; undiscounted_return=18.453251
t11_direct_theta_fullsafety_seed101,t11_direct_theta_fullsafety_seed101-episode-000118,RL-TEB-Direct-Theta,t11-train-clear-straight,train,101,101,t11_gazebo_formal_v1+FullSafety,e9b9a9e17ac5e7e35d95eec2a7ad7c7667049da7,true,{},,7bd16763e0c650dd14798c7b42d22c312d871906ff5cae53e5f8ed1e9de71f4f,gazebo,true,false,true,false,goal,2.5236405341963555,3.145999999999958,1.0009720908412536,0.15427310124093035,,,30.0,0.0,3,4.29221540462403,0,0,0,0.0,0,0,0,,0.0,35.33333333333152,132.66666666667484,0,,T11 train phase; undiscounted_return=17.167431
t11_direct_theta_fullsafety_seed101,t11_direct_theta_fullsafety_seed101-episode-000119,RL-TEB-Direct-Theta,t11-train-clear-straight,train,101,101,t11_gazebo_formal_v1+FullSafety,e9b9a9e17ac5e7e35d95eec2a7ad7c7667049da7,true,{},,7bd16763e0c650dd14798c7b42d22c312d871906ff5cae53e5f8ed1e9de71f4f,gazebo,true,false,true,false,goal,2.488295704614258,3.1340000000000146,1.0007604786667927,0.15418856108778742,,,30.0,0.0,3,1.8126040535313743,0,0,0,0.0,0,0,0,,0.0,30.666666666661513,80.66666666665394,0,,T11 train phase; undiscounted_return=17.4379129
t11_direct_theta_fullsafety_seed101,t11_direct_theta_fullsafety_seed101-episode-000120,RL-TEB-Direct-Theta,t11-train-clear-straight,train,101,101,t11_gazebo_formal_v1+FullSafety,e9b9a9e17ac5e7e35d95eec2a7ad7c7667049da7,true,{},,7bd16763e0c650dd14798c7b42d22c312d871906ff5cae53e5f8ed1e9de71f4f,gazebo,true,false,true,false,goal,2.5540742031304986,3.25,1.0007217557103298,0.2471708151175177,,,30.0,0.0,4,5.760941263891403,1,0,0,0.0,0,0,1,,0.0,32.99999999998704,70.49999999998136,0,,T11 train phase; undiscounted_return=18.3348384
t11_direct_theta_fullsafety_seed101,t11_direct_theta_fullsafety_seed101-episode-000121,RL-TEB-Direct-Theta,t11-train-clear-straight,train,101,101,t11_gazebo_formal_v1+FullSafety,e9b9a9e17ac5e7e35d95eec2a7ad7c7667049da7,true,{},,7bd16763e0c650dd14798c7b42d22c312d871906ff5cae53e5f8ed1e9de71f4f,gazebo,true,false,true,false,goal,2.4367928144275144,3.150000000000034,0.9986375457163036,0.13271145903234555,,,30.0,0.0,3,3.1783904095490767,2,0,0,0.0,0,0,2,,0.0,34.66666666666166,97.33333333334333,0,,T11 train phase; undiscounted_return=16.8292268
t11_direct_theta_fullsafety_seed101,t11_direct_theta_fullsafety_seed101-episode-000122,RL-TEB-Direct-Theta,t11-train-clear-straight,train,101,101,t11_gazebo_formal_v1+FullSafety,e9b9a9e17ac5e7e35d95eec2a7ad7c7667049da7,true,{},,7bd16763e0c650dd14798c7b42d22c312d871906ff5cae53e5f8ed1e9de71f4f,gazebo,true,false,true,false,goal,2.4259992788736615,3.3500000000000227,0.9985775345606076,0.37826723753050545,,,30.0,0.0,4,5.312749545914786,1,0,0,0.0,0,0,1,,0.0,27.000000000029445,46.0000000000349,0,,T11 train phase; undiscounted_return=17.8344016
t11_direct_theta_fullsafety_seed101,t11_direct_theta_fullsafety_seed101-episode-000123,RL-TEB-Direct-Theta,t11-train-clear-straight,train,101,101,t11_gazebo_formal_v1+FullSafety,e9b9a9e17ac5e7e35d95eec2a7ad7c7667049da7,true,{},,7bd16763e0c650dd14798c7b42d22c312d871906ff5cae53e5f8ed1e9de71f4f,gazebo,true,false,true,false,goal,2.408961660559557,3.160000000000082,0.9994644326809395,0.18195700541649792,,,30.0,0.0,3,4.157599380754291,0,0,0,0.0,0,0,0,,0.0,31.99999999996332,83.33333333329544,0,,T11 train phase; undiscounted_return=16.884931
t11_direct_theta_fullsafety_seed101,t11_direct_theta_fullsafety_seed101-episode-000124,RL-TEB-Direct-Theta,t11-train-clear-straight,train,101,101,t11_gazebo_formal_v1+FullSafety,e9b9a9e17ac5e7e35d95eec2a7ad7c7667049da7,true,{},,7bd16763e0c650dd14798c7b42d22c312d871906ff5cae53e5f8ed1e9de71f4f,gazebo,true,false,true,false,goal,2.477008388082438,3.6499999999999773,1.0040097729797806,0.12928832657080633,,,30.0,0.0,4,4.878028617586408,0,0,0,0.0,0,0,0,,0.0,37.499999999965894,108.49999999999227,0,,T11 train phase; undiscounted_return=17.2548443
t11_direct_theta_fullsafety_seed101,t11_direct_theta_fullsafety_seed101-episode-000125,RL-TEB-Direct-Theta,t11-train-clear-straight,train,101,101,t11_gazebo_formal_v1+FullSafety,e9b9a9e17ac5e7e35d95eec2a7ad7c7667049da7,true,{},,7bd16763e0c650dd14798c7b42d22c312d871906ff5cae53e5f8ed1e9de71f4f,gazebo,true,false,true,false,goal,2.4237722772298786,3.1499999999999773,0.9998945039497591,0.22533430960614648,,,30.0,0.0,4,6.21024477453459,1,0,0,0.0,0,0,1,,0.0,29.000000000024784,59.5000000000141,0,,T11 train phase; undiscounted_return=18.1071341
t11_direct_theta_fullsafety_seed101,t11_direct_theta_fullsafety_seed101-episode-000126,RL-TEB-Direct-Theta,t11-train-clear-straight,train,101,101,t11_gazebo_formal_v1+FullSafety,e9b9a9e17ac5e7e35d95eec2a7ad7c7667049da7,true,{},,7bd16763e0c650dd14798c7b42d22c312d871906ff5cae53e5f8ed1e9de71f4f,gazebo,true,false,true,false,goal,2.443382043231755,3.25,0.9977578908394595,0.13556618229069145,,,30.0,0.0,3,3.8355120624814725,2,0,0,0.0,0,0,2,,0.0,35.33333333333152,100.00000000006064,0,,T11 train phase; undiscounted_return=17.0145554
t11_direct_theta_fullsafety_seed101,t11_direct_theta_fullsafety_seed101-episode-000127,RL-TEB-Direct-Theta,t11-train-clear-straight,train,101,101,t11_gazebo_formal_v1+FullSafety,e9b9a9e17ac5e7e35d95eec2a7ad7c7667049da7,true,{},,7bd16763e0c650dd14798c7b42d22c312d871906ff5cae53e5f8ed1e9de71f4f,gazebo,true,false,true,false,goal,2.4075502167493505,3.1440000000000055,0.9989954683070061,0.15944126574872183,,,30.0,0.0,3,4.04541820174172,0,0,0,0.0,0,0,0,,0.0,28.000000000057906,80.00000000000303,0,,T11 train phase; undiscounted_return=17.2534173
t11_direct_theta_fullsafety_seed101,t11_direct_theta_fullsafety_seed101-episode-000128,RL-TEB-Direct-Theta,t11-train-clear-straight,train,101,101,t11_gazebo_formal_v1+FullSafety,e9b9a9e17ac5e7e35d95eec2a7ad7c7667049da7,true,{},,7bd16763e0c650dd14798c7b42d22c312d871906ff5cae53e5f8ed1e9de71f4f,gazebo,true,false,true,false,goal,2.561022240364419,4.031999999999925,0.9991311040449528,0.41540696000169075,,,30.0,0.0,5,6.493708254609787,2,0,0,0.0,0,0,2,,0.0,30.40000000000873,71.20000000002165,0,,T11 train phase; undiscounted_return=18.1257723
t11_direct_theta_fullsafety_seed101,t11_direct_theta_fullsafety_seed101-episode-000129,RL-TEB-Direct-Theta,t11-train-clear-straight,train,101,101,t11_gazebo_formal_v1+FullSafety,e9b9a9e17ac5e7e35d95eec2a7ad7c7667049da7,true,{},,7bd16763e0c650dd14798c7b42d22c312d871906ff5cae53e5f8ed1e9de71f4f,gazebo,true,false,true,false,goal,2.535316266113422,3.354000000000042,0.9996130586940014,0.14766021390328898,,,30.0,0.0,3,3.6233178147247855,1,0,0,0.0,0,0,1,,0.0,40.000000000039414,133.33333333332575,0,,T11 train phase; undiscounted_return=16.8886127
t11_direct_theta_fullsafety_seed101,t11_direct_theta_fullsafety_seed101-episode-000130,RL-TEB-Direct-Theta,t11-train-clear-straight,train,101,101,t11_gazebo_formal_v1+FullSafety,e9b9a9e17ac5e7e35d95eec2a7ad7c7667049da7,true,{},,7bd16763e0c650dd14798c7b42d22c312d871906ff5cae53e5f8ed1e9de71f4f,gazebo,true,false,true,false,goal,2.474392526548246,3.353999999999928,1.0020860189405116,0.1491977308586814,,,30.0,0.0,4,7.069426378182001,2,0,0,0.0,0,0,2,,0.0,29.999999999972715,81.99999999999363,0,,T11 train phase; undiscounted_return=18.0296605
t11_direct_theta_fullsafety_seed101,t11_direct_theta_fullsafety_seed101-episode-000131,RL-TEB-Direct-Theta,t11-train-clear-straight,train,101,101,t11_gazebo_formal_v1+FullSafety,e9b9a9e17ac5e7e35d95eec2a7ad7c7667049da7,true,{},,7bd16763e0c650dd14798c7b42d22c312d871906ff5cae53e5f8ed1e9de71f4f,gazebo,true,false,true,false,goal,2.468472233501493,3.26400000000001,0.9996486005529195,0.1743965379598859,,,30.0,0.0,3,3.2235483461902263,2,0,0,0.0,0,0,2,,0.0,29.333333333397604,84.00000000006003,0,,T11 train phase; undiscounted_return=16.9014473
t11_direct_theta_fullsafety_seed101,t11_direct_theta_fullsafety_seed101-episode-000132,RL-TEB-Direct-Theta,t11-train-clear-straight,train,101,101,t11_gazebo_formal_v1+FullSafety,e9b9a9e17ac5e7e35d95eec2a7ad7c7667049da7,true,{},,7bd16763e0c650dd14798c7b42d22c312d871906ff5cae53e5f8ed1e9de71f4f,gazebo,true,false,true,false,goal,2.567069518287157,3.54200000000003,0.9993345690005043,0.08283363989094032,,,30.0,0.0,4,6.194387499207543,2,0,0,0.0,0,0,2,,0.0,34.99999999996817,105.99999999999454,0,,T11 train phase; undiscounted_return=17.819129
t11_direct_theta_fullsafety_seed101,t11_direct_theta_fullsafety_seed101-episode-000133,RL-TEB-Direct-Theta,t11-train-clear-straight,train,101,101,t11_gazebo_formal_v1+FullSafety,e9b9a9e17ac5e7e35d95eec2a7ad7c7667049da7,true,{},,7bd16763e0c650dd14798c7b42d22c312d871906ff5cae53e5f8ed1e9de71f4f,gazebo,true,false,true,false,goal,2.4999673172412313,3.2479999999999336,1.0032584418614023,0.13751447915050108,,,30.0,0.0,4,6.436334159260705,0,0,0,0.0,0,0,0,,0.0,33.999999999991815,93.99999999999409,0,,T11 train phase; undiscounted_return=18.0346281
t11_direct_theta_fullsafety_seed101,t11_direct_theta_fullsafety_seed101-episode-000134,RL-TEB-Direct-Theta,t11-train-clear-straight,train,101,101,t11_gazebo_formal_v1+FullSafety,e9b9a9e17ac5e7e35d95eec2a7ad7c7667049da7,true,{},,7bd16763e0c650dd14798c7b42d22c312d871906ff5cae53e5f8ed1e9de71f4f,gazebo,true,false,true,false,goal,2.52300825323085,3.240000000000009,0.9988668970488301,0.13708905924861586,,,30.0,0.0,3,3.2495646116279424,0,0,0,0.0,0,0,0,,0.0,30.666666666661513,130.66666666668425,0,,T11 train phase; undiscounted_return=17.0383496
t11_direct_theta_fullsafety_seed101,t11_direct_theta_fullsafety_seed101-episode-000135,RL-TEB-Direct-Theta,t11-train-clear-straight,train,101,101,t11_gazebo_formal_v1+FullSafety,e9b9a9e17ac5e7e35d95eec2a7ad7c7667049da7,true,{},,7bd16763e0c650dd14798c7b42d22c312d871906ff5cae53e5f8ed1e9de71f4f,gazebo,true,false,true,false,goal,2.543991094217094,3.3640000000000327,0.9987980464100211,0.17274627124353226,,,30.0,0.0,3,3.339697410095307,2,0,0,0.0,0,0,2,,0.0,35.999999999982414,104.66666666665485,0,,T11 train phase; undiscounted_return=17.1351228
t11_direct_theta_fullsafety_seed101,t11_direct_theta_fullsafety_seed101-episode-000136,RL-TEB-Direct-Theta,t11-train-clear-straight,train,101,101,t11_gazebo_formal_v1+FullSafety,e9b9a9e17ac5e7e35d95eec2a7ad7c7667049da7,true,{},,7bd16763e0c650dd14798c7b42d22c312d871906ff5cae53e5f8ed1e9de71f4f,gazebo,true,false,true,false,goal,2.5953465144533885,3.4580000000000837,1.0009580394960738,0.10923388536074241,,,30.0,0.0,4,7.144191458963212,1,0,0,0.0,0,0,1,,0.0,36.49999999998954,121.00000000003774,0,,T11 train phase; undiscounted_return=18.2254891
t11_direct_theta_fullsafety_seed101,t11_direct_theta_fullsafety_seed101-episode-000137,RL-TEB-Direct-Theta,t11-train-clear-straight,train,101,101,t11_gazebo_formal_v1+FullSafety,e9b9a9e17ac5e7e35d95eec2a7ad7c7667049da7,true,{},,7bd16763e0c650dd14798c7b42d22c312d871906ff5cae53e5f8ed1e9de71f4f,gazebo,true,false,true,false,goal,2.54975581013903,3.3479999999999563,0.998898466346877,0.14835021924099723,,,30.0,0.0,4,5.44366464245887,2,0,0,0.0,0,0,2,,0.0,31.00000000000591,94.50000000003911,0,,T11 train phase; undiscounted_return=18.4354331
t11_direct_theta_fullsafety_seed101,t11_direct_theta_fullsafety_seed101-episode-000138,RL-TEB-Direct-Theta,t11-train-clear-straight,train,101,101,t11_gazebo_formal_v1+FullSafety,e9b9a9e17ac5e7e35d95eec2a7ad7c7667049da7,true,{},,7bd16763e0c650dd14798c7b42d22c312d871906ff5cae53e5f8ed1e9de71f4f,gazebo,true,false,true,false,goal,2.59817061207144,3.4400000000000546,0.9993260832925523,0.2987212167568061,,,30.0,0.0,4,6.086810697828021,3,0,0,0.0,0,0,3,,0.0,32.00000000001069,57.50000000003297,0,,T11 train phase; undiscounted_return=18.5382329
t11_direct_theta_fullsafety_seed101,t11_direct_theta_fullsafety_seed101-episode-000139,RL-TEB-Direct-Theta,t11-train-clear-straight,train,101,101,t11_gazebo_formal_v1+FullSafety,e9b9a9e17ac5e7e35d95eec2a7ad7c7667049da7,true,{},,7bd16763e0c650dd14798c7b42d22c312d871906ff5cae53e5f8ed1e9de71f4f,gazebo,true,false,true,false,goal,2.4026097943647717,3.4400000000000546,1.0009413517389278,0.14691064477330715,,,30.0,0.0,4,5.036424630880358,1,0,0,0.0,0,0,1,,0.0,28.500000000008185,106.50000000001114,0,,T11 train phase; undiscounted_return=17.0798502
t11_direct_theta_fullsafety_seed101,t11_direct_theta_fullsafety_seed101-episode-000140,RL-TEB-Direct-Theta,t11-train-clear-straight,train,101,101,t11_gazebo_formal_v1+FullSafety,e9b9a9e17ac5e7e35d95eec2a7ad7c7667049da7,true,{},,7bd16763e0c650dd14798c7b42d22c312d871906ff5cae53e5f8ed1e9de71f4f,gazebo,true,false,true,false,goal,2.428179842404799,3.254000000000019,1.0017116478566512,0.14353018052620276,,,30.0,0.0,3,4.648458962781089,0,0,0,0.0,0,0,0,,0.0,32.000000000001215,96.00000000004154,0,,T11 train phase; undiscounted_return=16.4500814
t11_direct_theta_fullsafety_seed101,t11_direct_theta_fullsafety_seed101-episode-000141,RL-TEB-Direct-Theta,t11-train-clear-straight,train,101,101,t11_gazebo_formal_v1+FullSafety,e9b9a9e17ac5e7e35d95eec2a7ad7c7667049da7,true,{},,7bd16763e0c650dd14798c7b42d22c312d871906ff5cae53e5f8ed1e9de71f4f,gazebo,false,false,false,true,operator_stop,0.6510789579927608,0.6499999999999773,3.9767359981399237,0.20048140593339397,,,30.0,0.0,1,1.6053522010644274,0,0,0,0.0,0,0,0,,0.0,19.99999999998181,33.999999999991815,0,,T11 train phase; undiscounted_return=2.15529648
t11_direct_theta_fullsafety_seed101,t11_direct_theta_fullsafety_seed101-episode-000142,RL-TEB-Direct-Theta,t11-validation-clear-offset,validation,101,301,t11_gazebo_formal_v1+FullSafety,e9b9a9e17ac5e7e35d95eec2a7ad7c7667049da7,true,{},7f379704610343e98b5f39cd44d2131902fd86d0babfc45fea3cd43b2fe62fed,7bd16763e0c650dd14798c7b42d22c312d871906ff5cae53e5f8ed1e9de71f4f,gazebo,true,false,true,false,goal,2.8077401661695953,3.3460000000000036,1.0006779034393405,0.20789243402805788,,,30.0,0.0,4,0.9944836556911459,3,0,0,0.0,0,0,3,,1.4952225001252373,34.99999999999659,57.999999999992724,0,,T11 validation phase; undiscounted_return=19.2873725
t11_direct_theta_fullsafety_seed101,t11_direct_theta_fullsafety_seed101-episode-000143,RL-TEB-Direct-Theta,t11-validation-obstacle-offset,validation,101,301,t11_gazebo_formal_v1+FullSafety,e9b9a9e17ac5e7e35d95eec2a7ad7c7667049da7,true,{},7f379704610343e98b5f39cd44d2131902fd86d0babfc45fea3cd43b2fe62fed,7bd16763e0c650dd14798c7b42d22c312d871906ff5cae53e5f8ed1e9de71f4f,gazebo,false,false,true,false,emergency_stop,1.019738621393307,1.183999999999969,4.971832351945297,0.18129815306658464,,,0.7014191455672814,0.0,3,0.9393628120422362,0,1,0,0.0,0,0,0,,1.6342546684124197,22.666666666623314,43.99999999998272,0,,T11 validation phase; undiscounted_return=3.14127258
t11_direct_theta_fullsafety_seed101,t11_direct_theta_fullsafety_seed101-episode-000144,RL-TEB-Direct-Theta,t11-validation-corridor,validation,101,301,t11_gazebo_formal_v1+FullSafety,e9b9a9e17ac5e7e35d95eec2a7ad7c7667049da7,true,{},7f379704610343e98b5f39cd44d2131902fd86d0babfc45fea3cd43b2fe62fed,7bd16763e0c650dd14798c7b42d22c312d871906ff5cae53e5f8ed1e9de71f4f,gazebo,false,false,true,false,emergency_stop,0.024566147990743116,0.04399999999998272,181.88047284204302,0.0,,,0.5286657740850685,0.0,1,0.0,0,1,0,0.0,0,0,0,,1.3334340001165401,0.0,0.0,0,,T11 validation phase; undiscounted_return=0
t11_direct_theta_fullsafety_seed101,t11_direct_theta_fullsafety_seed101-episode-000146,RL-TEB-Direct-Theta,t11-validation-clear-offset,validation,101,301,t11_gazebo_formal_v1+FullSafety,e9b9a9e17ac5e7e35d95eec2a7ad7c7667049da7,true,{},7f379704610343e98b5f39cd44d2131902fd86d0babfc45fea3cd43b2fe62fed,7bd16763e0c650dd14798c7b42d22c312d871906ff5cae53e5f8ed1e9de71f4f,gazebo,true,false,true,false,goal,2.814257829604747,3.4480000000000928,0.9983603894884149,0.21364258015243628,,,30.0,0.0,4,1.9919266819953911,4,0,0,0.0,0,0,4,,1.3006957506149774,38.000000000010914,81.99999999999363,0,,T11 validation phase; undiscounted_return=19.3160769
t11_direct_theta_fullsafety_seed101,t11_direct_theta_fullsafety_seed101-episode-000147,RL-TEB-Direct-Theta,t11-validation-obstacle-offset,validation,101,301,t11_gazebo_formal_v1+FullSafety,e9b9a9e17ac5e7e35d95eec2a7ad7c7667049da7,true,{},7f379704610343e98b5f39cd44d2131902fd86d0babfc45fea3cd43b2fe62fed,7bd16763e0c650dd14798c7b42d22c312d871906ff5cae53e5f8ed1e9de71f4f,gazebo,false,false,true,false,emergency_stop,0.8793045109232753,1.1959999999999127,5.765885885252471,0.1552592236189253,,,0.7788838382066277,0.0,3,0.866651791334152,0,1,0,0.0,0,0,0,,1.1563533347119421,22.000000000010306,47.33333333331302,0,,T11 validation phase; undiscounted_return=2.76676336
t11_direct_theta_fullsafety_seed101,t11_direct_theta_fullsafety_seed101-episode-000148,RL-TEB-Direct-Theta,t11-validation-corridor,validation,101,301,t11_gazebo_formal_v1+FullSafety,e9b9a9e17ac5e7e35d95eec2a7ad7c7667049da7,true,{},7f379704610343e98b5f39cd44d2131902fd86d0babfc45fea3cd43b2fe62fed,7bd16763e0c650dd14798c7b42d22c312d871906ff5cae53e5f8ed1e9de71f4f,gazebo,false,false,true,false,emergency_stop,0.027823067922057458,0.041999999999916326,160.58986108148625,0.0,,,0.5166922433371539,0.0,1,0.0,0,1,0,0.0,0,0,0,,1.587344999279594,0.0,0.0,0,,T11 validation phase; undiscounted_return=0
t11_direct_theta_fullsafety_seed101,t11_direct_theta_fullsafety_seed101-episode-000150,RL-TEB-Direct-Theta,t11-validation-clear-offset,validation,101,301,t11_gazebo_formal_v1+FullSafety,e9b9a9e17ac5e7e35d95eec2a7ad7c7667049da7,true,{},7f379704610343e98b5f39cd44d2131902fd86d0babfc45fea3cd43b2fe62fed,7bd16763e0c650dd14798c7b42d22c312d871906ff5cae53e5f8ed1e9de71f4f,gazebo,true,false,true,false,goal,2.8193810571331377,3.5419999999999163,0.9965462227166899,0.2085660018095038,,,30.0,0.0,4,1.8945525328318258,4,0,0,0.0,0,0,4,,1.2342205000095419,33.999999999991815,45.50000000000409,0,,T11 validation phase; undiscounted_return=19.2089105
t11_direct_theta_fullsafety_seed101,t11_direct_theta_fullsafety_seed101-episode-000151,RL-TEB-Direct-Theta,t11-validation-obstacle-offset,validation,101,301,t11_gazebo_formal_v1+FullSafety,e9b9a9e17ac5e7e35d95eec2a7ad7c7667049da7,true,{},7f379704610343e98b5f39cd44d2131902fd86d0babfc45fea3cd43b2fe62fed,7bd16763e0c650dd14798c7b42d22c312d871906ff5cae53e5f8ed1e9de71f4f,gazebo,false,false,true,false,emergency_stop,0.4007443190490221,0.5779999999999745,12.65138200936329,0.0962897763007481,,,1.2216448399548745,0.0,2,0.28346548080444356,0,1,0,0.0,0,0,0,,1.5713635002612136,14.000000000010004,16.000000000019554,0,,T11 validation phase; undiscounted_return=1.42624985
t11_direct_theta_fullsafety_seed101,t11_direct_theta_fullsafety_seed101-episode-000152,RL-TEB-Direct-Theta,t11-validation-corridor,validation,101,301,t11_gazebo_formal_v1+FullSafety,e9b9a9e17ac5e7e35d95eec2a7ad7c7667049da7,true,{},7f379704610343e98b5f39cd44d2131902fd86d0babfc45fea3cd43b2fe62fed,7bd16763e0c650dd14798c7b42d22c312d871906ff5cae53e5f8ed1e9de71f4f,gazebo,false,false,true,false,emergency_stop,0.025569504406834018,0.04399999999998272,174.74341861979005,0.0,,,0.5267570669175701,0.0,1,0.0,0,1,0,0.0,0,0,0,,1.3005420005356427,0.0,0.0,0,,T11 validation phase; undiscounted_return=0
t11_direct_theta_fullsafety_seed101,t11_direct_theta_fullsafety_seed101-episode-000154,RL-TEB-Direct-Theta,t11-validation-clear-offset,validation,101,301,t11_gazebo_formal_v1+FullSafety,e9b9a9e17ac5e7e35d95eec2a7ad7c7667049da7,true,{},7f379704610343e98b5f39cd44d2131902fd86d0babfc45fea3cd43b2fe62fed,7bd16763e0c650dd14798c7b42d22c312d871906ff5cae53e5f8ed1e9de71f4f,gazebo,true,false,true,false,goal,2.8180954906205944,3.4640000000000555,0.997000829899587,0.22712843888044953,,,30.0,0.0,4,2.1393687049547823,4,0,0,0.0,0,0,4,,1.3704557504752302,38.000000000010914,84.49999999996294,0,,T11 validation phase; undiscounted_return=19.0471187
t11_direct_theta_fullsafety_seed101,t11_direct_theta_fullsafety_seed101-episode-000155,RL-TEB-Direct-Theta,t11-validation-obstacle-offset,validation,101,301,t11_gazebo_formal_v1+FullSafety,e9b9a9e17ac5e7e35d95eec2a7ad7c7667049da7,true,{},7f379704610343e98b5f39cd44d2131902fd86d0babfc45fea3cd43b2fe62fed,7bd16763e0c650dd14798c7b42d22c312d871906ff5cae53e5f8ed1e9de71f4f,gazebo,false,false,true,false,emergency_stop,0.660798808492444,1.25,7.672485790248385,0.12621537958810572,,,0.9270171160996941,0.0,3,1.008054957503365,0,1,0,0.0,0,0,0,,1.3126263341594797,19.33333333333091,48.66666666669062,0,,T11 validation phase; undiscounted_return=2.03989301
t11_direct_theta_fullsafety_seed101,t11_direct_theta_fullsafety_seed101-episode-000156,RL-TEB-Direct-Theta,t11-validation-corridor,validation,101,301,t11_gazebo_formal_v1+FullSafety,e9b9a9e17ac5e7e35d95eec2a7ad7c7667049da7,true,{},7f379704610343e98b5f39cd44d2131902fd86d0babfc45fea3cd43b2fe62fed,7bd16763e0c650dd14798c7b42d22c312d871906ff5cae53e5f8ed1e9de71f4f,gazebo,false,false,true,false,emergency_stop,0.02499298581239106,0.04200000000003001,178.7742627473009,0.0,,,0.5205718381142563,0.0,1,0.0,0,1,0,0.0,0,0,0,,2.3440859986294527,0.0,0.0,0,,T11 validation phase; undiscounted_return=0
t11_direct_theta_fullsafety_seed101,t11_direct_theta_fullsafety_seed101-episode-000158,RL-TEB-Direct-Theta,t11-validation-clear-offset,validation,101,301,t11_gazebo_formal_v1+FullSafety,e9b9a9e17ac5e7e35d95eec2a7ad7c7667049da7,true,{},7f379704610343e98b5f39cd44d2131902fd86d0babfc45fea3cd43b2fe62fed,7bd16763e0c650dd14798c7b42d22c312d871906ff5cae53e5f8ed1e9de71f4f,gazebo,true,false,true,false,goal,2.81382779885995,3.5639999999999645,0.9985129665800342,0.21380626708494882,,,30.0,0.0,4,2.9419774932520735,4,0,0,0.0,0,0,4,,1.526666499557905,34.000000000020236,72.50000000001933,0,,T11 validation phase; undiscounted_return=19.0598717
t11_direct_theta_fullsafety_seed101,t11_direct_theta_fullsafety_seed101-episode-000159,RL-TEB-Direct-Theta,t11-validation-obstacle-offset,validation,101,301,t11_gazebo_formal_v1+FullSafety,e9b9a9e17ac5e7e35d95eec2a7ad7c7667049da7,true,{},7f379704610343e98b5f39cd44d2131902fd86d0babfc45fea3cd43b2fe62fed,7bd16763e0c650dd14798c7b42d22c312d871906ff5cae53e5f8ed1e9de71f4f,gazebo,false,false,true,false,emergency_stop,0.9276453995773853,1.27800000000002,5.465417573009154,0.1801972203238491,,,0.7482603632890621,0.0,3,1.541792325178783,0,1,0,0.0,0,0,0,,1.4380636663797002,24.00000000000091,57.333333333303926,0,,T11 validation phase; undiscounted_return=2.81547643
t11_direct_theta_fullsafety_seed101,t11_direct_theta_fullsafety_seed101-episode-000160,RL-TEB-Direct-Theta,t11-validation-corridor,validation,101,301,t11_gazebo_formal_v1+FullSafety,e9b9a9e17ac5e7e35d95eec2a7ad7c7667049da7,true,{},7f379704610343e98b5f39cd44d2131902fd86d0babfc45fea3cd43b2fe62fed,7bd16763e0c650dd14798c7b42d22c312d871906ff5cae53e5f8ed1e9de71f4f,gazebo,false,false,true,false,emergency_stop,0.02405077748364065,0.038000000000010914,185.77788661938968,0.0,,,0.5214470815034532,0.0,1,0.0,0,1,0,0.0,0,0,0,,1.7915279968292452,0.0,0.0,0,,T11 validation phase; undiscounted_return=0
t11_direct_theta_fullsafety_seed101,t11_direct_theta_fullsafety_seed101-episode-000162,RL-TEB-Direct-Theta,t11-test-id-clear-straight,test_id,101,201,t11_gazebo_formal_v1+FullSafety,e9b9a9e17ac5e7e35d95eec2a7ad7c7667049da7,true,{},7f379704610343e98b5f39cd44d2131902fd86d0babfc45fea3cd43b2fe62fed,7bd16763e0c650dd14798c7b42d22c312d871906ff5cae53e5f8ed1e9de71f4f,gazebo,true,false,true,false,goal,2.95103775451181,3.552000000000021,1.00145801633273,0.2088364021846476,,,30.0,0.0,4,0.36929695890063247,2,0,0,0.0,0,0,2,,0.9378580007251003,34.99999999999659,47.9999999999734,0,,T11 test phase; undiscounted_return=19.9681523
t11_direct_theta_fullsafety_seed101,t11_direct_theta_fullsafety_seed101-episode-000163,RL-TEB-Direct-Theta,t11-test-id-left,test_id,101,201,t11_gazebo_formal_v1+FullSafety,e9b9a9e17ac5e7e35d95eec2a7ad7c7667049da7,true,{},7f379704610343e98b5f39cd44d2131902fd86d0babfc45fea3cd43b2fe62fed,7bd16763e0c650dd14798c7b42d22c312d871906ff5cae53e5f8ed1e9de71f4f,gazebo,true,false,true,false,goal,3.98833948085246,4.548000000000002,0.9636682781284638,0.11603007081005631,,,30.0,0.0,6,1.9225313564141584,4,0,0,0.0,0,0,4,,1.1864203327907792,36.33333333334576,78.66666666666333,0,,T11 test phase; undiscounted_return=23.6938779
t11_direct_theta_fullsafety_seed101,t11_direct_theta_fullsafety_seed101-episode-000164,RL-TEB-Direct-Theta,t11-test-id-obstacle,test_id,101,201,t11_gazebo_formal_v1+FullSafety,e9b9a9e17ac5e7e35d95eec2a7ad7c7667049da7,true,{},7f379704610343e98b5f39cd44d2131902fd86d0babfc45fea3cd43b2fe62fed,7bd16763e0c650dd14798c7b42d22c312d871906ff5cae53e5f8ed1e9de71f4f,gazebo,false,false,true,false,emergency_stop,0.4582936128648239,0.5900000000000318,11.263242507314336,0.13388444648005207,,,1.3284845305014503,0.0,2,0.3176079273223878,0,1,0,0.0,0,0,0,,1.6115860016725492,17.99999999997226,26.00000000001046,0,,T11 test phase; undiscounted_return=1.59312871
t11_direct_theta_fullsafety_seed101,t11_direct_theta_fullsafety_seed101-episode-000165,RL-TEB-Direct-Theta,t11-test-id-corridor,test_id,101,201,t11_gazebo_formal_v1+FullSafety,e9b9a9e17ac5e7e35d95eec2a7ad7c7667049da7,true,{},7f379704610343e98b5f39cd44d2131902fd86d0babfc45fea3cd43b2fe62fed,7bd16763e0c650dd14798c7b42d22c312d871906ff5cae53e5f8ed1e9de71f4f,gazebo,false,false,true,false,emergency_stop,0.027340174425274342,0.03600000000005821,185.21888851736614,0.0,,,0.5158730308696751,0.0,1,0.0,0,1,0,0.0,0,0,0,,1.765748002071632,0.0,0.0,0,,T11 test phase; undiscounted_return=0
t11_direct_theta_fullsafety_seed101,t11_direct_theta_fullsafety_seed101-episode-000166,RL-TEB-Direct-Theta,t11-test-id-clear-straight,test_id,101,202,t11_gazebo_formal_v1+FullSafety,e9b9a9e17ac5e7e35d95eec2a7ad7c7667049da7,true,{},7f379704610343e98b5f39cd44d2131902fd86d0babfc45fea3cd43b2fe62fed,7bd16763e0c650dd14798c7b42d22c312d871906ff5cae53e5f8ed1e9de71f4f,gazebo,true,false,true,false,goal,3.090595374076886,3.7519999999999527,0.9987093295327153,0.24617064162232316,,,30.0,0.0,5,0.7195374290148446,4,0,0,0.0,0,0,4,,2.063069600990275,33.60000000000127,73.60000000001037,0,,T11 test phase; undiscounted_return=20.852652
t11_direct_theta_fullsafety_seed101,t11_direct_theta_fullsafety_seed101-episode-000167,RL-TEB-Direct-Theta,t11-test-id-left,test_id,101,202,t11_gazebo_formal_v1+FullSafety,e9b9a9e17ac5e7e35d95eec2a7ad7c7667049da7,true,{},7f379704610343e98b5f39cd44d2131902fd86d0babfc45fea3cd43b2fe62fed,7bd16763e0c650dd14798c7b42d22c312d871906ff5cae53e5f8ed1e9de71f4f,gazebo,true,false,true,false,goal,4.1363425665700335,4.752000000000066,0.9628893250192082,0.21358969772585432,,,30.0,0.0,6,2.0577726304531065,4,0,0,0.0,0,0,4,,1.3622989990835777,34.99999999994922,70.66666666664408,0,,T11 test phase; undiscounted_return=23.8676433
t11_direct_theta_fullsafety_seed101,t11_direct_theta_fullsafety_seed101-episode-000168,RL-TEB-Direct-Theta,t11-test-id-obstacle,test_id,101,202,t11_gazebo_formal_v1+FullSafety,e9b9a9e17ac5e7e35d95eec2a7ad7c7667049da7,true,{},7f379704610343e98b5f39cd44d2131902fd86d0babfc45fea3cd43b2fe62fed,7bd16763e0c650dd14798c7b42d22c312d871906ff5cae53e5f8ed1e9de71f4f,gazebo,false,false,true,false,emergency_stop,0.511415662821847,0.6380000000000337,10.201927229896127,0.15543770233542645,,,1.2763307020195445,0.0,2,0.42250986099243165,0,1,0,0.0,0,0,0,,1.7721135009196587,21.99999999999136,22.999999999967713,0,,T11 test phase; undiscounted_return=1.81565073
t11_direct_theta_fullsafety_seed101,t11_direct_theta_fullsafety_seed101-episode-000169,RL-TEB-Direct-Theta,t11-test-id-corridor,test_id,101,202,t11_gazebo_formal_v1+FullSafety,e9b9a9e17ac5e7e35d95eec2a7ad7c7667049da7,true,{},7f379704610343e98b5f39cd44d2131902fd86d0babfc45fea3cd43b2fe62fed,7bd16763e0c650dd14798c7b42d22c312d871906ff5cae53e5f8ed1e9de71f4f,gazebo,false,false,true,false,emergency_stop,0.027113653955733168,0.05000000000006821,180.81685154040667,0.0,,,0.5252468180032396,0.0,1,0.0,0,1,0,0.0,0,0,0,,1.5085390004969668,0.0,0.0,0,,T11 test phase; undiscounted_return=0
t11_direct_theta_fullsafety_seed101,t11_direct_theta_fullsafety_seed101-episode-000170,RL-TEB-Direct-Theta,t11-test-id-clear-straight,test_id,101,203,t11_gazebo_formal_v1+FullSafety,e9b9a9e17ac5e7e35d95eec2a7ad7c7667049da7,true,{},7f379704610343e98b5f39cd44d2131902fd86d0babfc45fea3cd43b2fe62fed,7bd16763e0c650dd14798c7b42d22c312d871906ff5cae53e5f8ed1e9de71f4f,gazebo,true,false,true,false,goal,2.949224487327879,3.552000000000021,0.9997264310362363,0.1429100639157901,,,30.0,0.0,4,0.4794705368223622,4,0,0,0.0,0,0,4,,1.4748435005458305,34.99999999999659,94.49999999998226,0,,T11 test phase; undiscounted_return=19.5966505
t11_direct_theta_fullsafety_seed101,t11_direct_theta_fullsafety_seed101-episode-000171,RL-TEB-Direct-Theta,t11-test-id-left,test_id,101,203,t11_gazebo_formal_v1+FullSafety,e9b9a9e17ac5e7e35d95eec2a7ad7c7667049da7,true,{},7f379704610343e98b5f39cd44d2131902fd86d0babfc45fea3cd43b2fe62fed,7bd16763e0c650dd14798c7b42d22c312d871906ff5cae53e5f8ed1e9de71f4f,gazebo,true,false,true,false,goal,4.098604298280465,4.653999999999996,0.9643296052060263,0.23916366814060364,,,30.0,0.0,6,2.0472931881745664,4,0,0,0.0,0,0,4,,1.6293593331890104,37.666666666685465,71.66666666667727,0,,T11 test phase; undiscounted_return=23.5455908
t11_direct_theta_fullsafety_seed101,t11_direct_theta_fullsafety_seed101-episode-000172,RL-TEB-Direct-Theta,t11-test-id-obstacle,test_id,101,203,t11_gazebo_formal_v1+FullSafety,e9b9a9e17ac5e7e35d95eec2a7ad7c7667049da7,true,{},7f379704610343e98b5f39cd44d2131902fd86d0babfc45fea3cd43b2fe62fed,7bd16763e0c650dd14798c7b42d22c312d871906ff5cae53e5f8ed1e9de71f4f,gazebo,false,false,true,false,emergency_stop,0.5757512892484181,0.6399999999999864,9.037717172399269,0.18127299491302665,,,1.4495194353723324,0.0,2,0.4558653831481932,0,1,0,0.0,0,0,0,,1.3124944998708088,18.000000000029104,20.000000000038654,0,,T11 test phase; undiscounted_return=2.20744116
t11_direct_theta_fullsafety_seed101,t11_direct_theta_fullsafety_seed101-episode-000173,RL-TEB-Direct-Theta,t11-test-id-corridor,test_id,101,203,t11_gazebo_formal_v1+FullSafety,e9b9a9e17ac5e7e35d95eec2a7ad7c7667049da7,true,{},7f379704610343e98b5f39cd44d2131902fd86d0babfc45fea3cd43b2fe62fed,7bd16763e0c650dd14798c7b42d22c312d871906ff5cae53e5f8ed1e9de71f4f,gazebo,false,false,true,false,emergency_stop,0.0278718343448653,0.038000000000010914,182.36472645125787,0.0,,,0.5642846213286096,0.0,1,0.0,0,1,0,0.0,0,0,0,,1.9178719994670246,0.0,0.0,0,,T11 test phase; undiscounted_return=0
t11_direct_theta_fullsafety_seed101,t11_direct_theta_fullsafety_seed101-episode-000174,RL-TEB-Direct-Theta,t11-test-id-clear-straight,test_id,101,204,t11_gazebo_formal_v1+FullSafety,e9b9a9e17ac5e7e35d95eec2a7ad7c7667049da7,true,{},7f379704610343e98b5f39cd44d2131902fd86d0babfc45fea3cd43b2fe62fed,7bd16763e0c650dd14798c7b42d22c312d871906ff5cae53e5f8ed1e9de71f4f,gazebo,true,false,true,false,goal,3.093688253153032,3.7519999999999527,0.9986292752460763,0.23484443958649787,,,30.0,0.0,5,0.7328546643257149,4,0,0,0.0,0,0,4,,1.4400907995877787,34.80000000004111,75.99999999999909,0,,T11 test phase; undiscounted_return=21.1036031
t11_direct_theta_fullsafety_seed101,t11_direct_theta_fullsafety_seed101-episode-000175,RL-TEB-Direct-Theta,t11-test-id-left,test_id,101,204,t11_gazebo_formal_v1+FullSafety,e9b9a9e17ac5e7e35d95eec2a7ad7c7667049da7,true,{},7f379704610343e98b5f39cd44d2131902fd86d0babfc45fea3cd43b2fe62fed,7bd16763e0c650dd14798c7b42d22c312d871906ff5cae53e5f8ed1e9de71f4f,gazebo,true,false,true,false,goal,4.078767869579208,4.755999999999972,0.961818688639785,0.22988357479598376,,,30.0,0.0,6,2.032284190257391,4,0,0,0.0,0,0,4,,1.3856784995975129,30.000000000010612,62.66666666666273,0,,T11 test phase; undiscounted_return=23.7829905
t11_direct_theta_fullsafety_seed101,t11_direct_theta_fullsafety_seed101-episode-000176,RL-TEB-Direct-Theta,t11-test-id-obstacle,test_id,101,204,t11_gazebo_formal_v1+FullSafety,e9b9a9e17ac5e7e35d95eec2a7ad7c7667049da7,true,{},7f379704610343e98b5f39cd44d2131902fd86d0babfc45fea3cd43b2fe62fed,7bd16763e0c650dd14798c7b42d22c312d871906ff5cae53e5f8ed1e9de71f4f,gazebo,false,false,true,false,emergency_stop,0.9084374138711714,1.2419999999999618,5.74066367377533,0.25365273223304735,,,0.793072957761248,0.0,3,1.0443251212437956,0,1,0,0.0,0,0,0,,1.4503206669663389,22.66666666666121,46.66666666666212,0,,T11 test phase; undiscounted_return=2.73697613
t11_direct_theta_fullsafety_seed101,t11_direct_theta_fullsafety_seed101-episode-000177,RL-TEB-Direct-Theta,t11-test-id-corridor,test_id,101,204,t11_gazebo_formal_v1+FullSafety,e9b9a9e17ac5e7e35d95eec2a7ad7c7667049da7,true,{},7f379704610343e98b5f39cd44d2131902fd86d0babfc45fea3cd43b2fe62fed,7bd16763e0c650dd14798c7b42d22c312d871906ff5cae53e5f8ed1e9de71f4f,gazebo,false,false,true,false,emergency_stop,0.023238635166422224,0.038000000000010914,217.52381690222808,0.0,,,0.5104557964066047,0.0,1,0.0,0,1,0,0.0,0,0,0,,1.6445850014861207,0.0,0.0,0,,T11 test phase; undiscounted_return=0
t11_direct_theta_fullsafety_seed101,t11_direct_theta_fullsafety_seed101-episode-000178,RL-TEB-Direct-Theta,t11-test-id-clear-straight,test_id,101,205,t11_gazebo_formal_v1+FullSafety,e9b9a9e17ac5e7e35d95eec2a7ad7c7667049da7,true,{},7f379704610343e98b5f39cd44d2131902fd86d0babfc45fea3cd43b2fe62fed,7bd16763e0c650dd14798c7b42d22c312d871906ff5cae53e5f8ed1e9de71f4f,gazebo,true,false,true,false,goal,2.964375843826356,3.5559999999999263,1.0011401395983095,0.20602013103408082,,,30.0,0.0,4,0.4948206067085261,4,0,0,0.0,0,0,4,,1.4796915002079913,31.000000000062755,72.00000000003115,0,,T11 test phase; undiscounted_return=19.5200792
t11_direct_theta_fullsafety_seed101,t11_direct_theta_fullsafety_seed101-episode-000179,RL-TEB-Direct-Theta,t11-test-id-left,test_id,101,205,t11_gazebo_formal_v1+FullSafety,e9b9a9e17ac5e7e35d95eec2a7ad7c7667049da7,true,{},7f379704610343e98b5f39cd44d2131902fd86d0babfc45fea3cd43b2fe62fed,7bd16763e0c650dd14798c7b42d22c312d871906ff5cae53e5f8ed1e9de71f4f,gazebo,true,false,true,false,goal,4.0615438179605645,4.543999999999983,0.9656739111356772,0.18256944521362745,,,30.0,0.0,6,1.993133819103242,4,0,0,0.0,0,0,4,,1.7174781666350707,33.33333333330302,69.66666666664878,0,,T11 test phase; undiscounted_return=23.2094182
t11_direct_theta_fullsafety_seed101,t11_direct_theta_fullsafety_seed101-episode-000180,RL-TEB-Direct-Theta,t11-test-id-obstacle,test_id,101,205,t11_gazebo_formal_v1+FullSafety,e9b9a9e17ac5e7e35d95eec2a7ad7c7667049da7,true,{},7f379704610343e98b5f39cd44d2131902fd86d0babfc45fea3cd43b2fe62fed,7bd16763e0c650dd14798c7b42d22c312d871906ff5cae53e5f8ed1e9de71f4f,gazebo,false,false,true,false,emergency_stop,0.4425874436328906,0.58400000000006,11.68682804795582,0.15775225103421753,,,1.032471037294322,0.0,2,0.3769086996714273,0,1,0,0.0,0,0,0,,3.411505998883513,16.999999999995907,20.000000000038654,0,,T11 test phase; undiscounted_return=1.51317181
t11_direct_theta_fullsafety_seed101,t11_direct_theta_fullsafety_seed101-episode-000181,RL-TEB-Direct-Theta,t11-test-id-corridor,test_id,101,205,t11_gazebo_formal_v1+FullSafety,e9b9a9e17ac5e7e35d95eec2a7ad7c7667049da7,true,{},7f379704610343e98b5f39cd44d2131902fd86d0babfc45fea3cd43b2fe62fed,7bd16763e0c650dd14798c7b42d22c312d871906ff5cae53e5f8ed1e9de71f4f,gazebo,false,false,true,false,emergency_stop,0.024474977028199618,0.044000000000096406,208.31159291075735,0.0,,,0.5363961041791141,0.0,1,0.0,0,1,0,0.0,0,0,0,,1.8112510006176308,0.0,0.0,0,,T11 test phase; undiscounted_return=0
t11_direct_theta_fullsafety_seed101,t11_direct_theta_fullsafety_seed101-episode-000182,RL-TEB-Direct-Theta,t11-test-id-clear-straight,test_id,101,206,t11_gazebo_formal_v1+FullSafety,e9b9a9e17ac5e7e35d95eec2a7ad7c7667049da7,true,{},7f379704610343e98b5f39cd44d2131902fd86d0babfc45fea3cd43b2fe62fed,7bd16763e0c650dd14798c7b42d22c312d871906ff5cae53e5f8ed1e9de71f4f,gazebo,true,false,true,false,goal,3.057311273449371,3.6420000000000528,1.00082548810751,0.12974830509246124,,,30.0,0.0,4,0.4998299519220998,3,0,0,0.0,0,0,3,,1.3299517486302648,34.000000000020236,69.99999999999318,0,,T11 test phase; undiscounted_return=20.1265733
t11_direct_theta_fullsafety_seed101,t11_direct_theta_fullsafety_seed101-episode-000183,RL-TEB-Direct-Theta,t11-test-id-left,test_id,101,206,t11_gazebo_formal_v1+FullSafety,e9b9a9e17ac5e7e35d95eec2a7ad7c7667049da7,true,{},7f379704610343e98b5f39cd44d2131902fd86d0babfc45fea3cd43b2fe62fed,7bd16763e0c650dd14798c7b42d22c312d871906ff5cae53e5f8ed1e9de71f4f,gazebo,true,false,true,false,goal,4.058243976613197,4.645999999999958,0.9646875698397137,0.21033434411497745,,,30.0,0.0,6,2.082337637742359,4,0,0,0.0,0,0,4,,1.1903158338100184,32.99999999997757,70.66666666666303,0,,T11 test phase; undiscounted_return=23.1124789
t11_direct_theta_fullsafety_seed101,t11_direct_theta_fullsafety_seed101-episode-000184,RL-TEB-Direct-Theta,t11-test-id-obstacle,test_id,101,206,t11_gazebo_formal_v1+FullSafety,e9b9a9e17ac5e7e35d95eec2a7ad7c7667049da7,true,{},7f379704610343e98b5f39cd44d2131902fd86d0babfc45fea3cd43b2fe62fed,7bd16763e0c650dd14798c7b42d22c312d871906ff5cae53e5f8ed1e9de71f4f,gazebo,false,false,true,false,emergency_stop,0.6990691616772894,1.2719999999999345,7.358416925307389,0.1621392278536918,,,0.8303622496266649,0.0,3,0.7822166204452514,0,1,0,0.0,0,0,0,,2.293997000379022,25.999999999991513,57.999999999992724,0,,T11 test phase; undiscounted_return=2.18896488
t11_direct_theta_fullsafety_seed101,t11_direct_theta_fullsafety_seed101-episode-000185,RL-TEB-Direct-Theta,t11-test-id-corridor,test_id,101,206,t11_gazebo_formal_v1+FullSafety,e9b9a9e17ac5e7e35d95eec2a7ad7c7667049da7,true,{},7f379704610343e98b5f39cd44d2131902fd86d0babfc45fea3cd43b2fe62fed,7bd16763e0c650dd14798c7b42d22c312d871906ff5cae53e5f8ed1e9de71f4f,gazebo,false,false,true,false,emergency_stop,0.022832450243810948,0.038000000000010914,216.67301830756878,0.0,,,0.4730790821681553,0.0,1,0.0,0,1,0,0.0,0,0,0,,2.1907789996475913,0.0,0.0,0,,T11 test phase; undiscounted_return=0
t11_direct_theta_fullsafety_seed101,t11_direct_theta_fullsafety_seed101-episode-000186,RL-TEB-Direct-Theta,t11-test-id-clear-straight,test_id,101,207,t11_gazebo_formal_v1+FullSafety,e9b9a9e17ac5e7e35d95eec2a7ad7c7667049da7,true,{},7f379704610343e98b5f39cd44d2131902fd86d0babfc45fea3cd43b2fe62fed,7bd16763e0c650dd14798c7b42d22c312d871906ff5cae53e5f8ed1e9de71f4f,gazebo,true,false,true,false,goal,2.9264170411027455,3.5359999999999445,1.003009493569837,0.3481724440269703,,,30.0,0.0,4,0.447661952745347,3,0,0,0.0,0,0,3,,1.349399499304127,34.49999999997999,55.999999999983174,0,,T11 test phase; undiscounted_return=19.2767296
t11_direct_theta_fullsafety_seed101,t11_direct_theta_fullsafety_seed101-episode-000187,RL-TEB-Direct-Theta,t11-test-id-left,test_id,101,207,t11_gazebo_formal_v1+FullSafety,e9b9a9e17ac5e7e35d95eec2a7ad7c7667049da7,true,{},7f379704610343e98b5f39cd44d2131902fd86d0babfc45fea3cd43b2fe62fed,7bd16763e0c650dd14798c7b42d22c312d871906ff5cae53e5f8ed1e9de71f4f,gazebo,true,false,true,false,goal,4.065562445943751,4.653999999999996,0.9643785592668402,0.2002234717662259,,,30.0,0.0,6,2.0246570785840343,4,0,0,0.0,0,0,4,,1.3262984994071303,32.000000000001215,55.666666666657726,0,,T11 test phase; undiscounted_return=23.880264
t11_direct_theta_fullsafety_seed101,t11_direct_theta_fullsafety_seed101-episode-000188,RL-TEB-Direct-Theta,t11-test-id-obstacle,test_id,101,207,t11_gazebo_formal_v1+FullSafety,e9b9a9e17ac5e7e35d95eec2a7ad7c7667049da7,true,{},7f379704610343e98b5f39cd44d2131902fd86d0babfc45fea3cd43b2fe62fed,7bd16763e0c650dd14798c7b42d22c312d871906ff5cae53e5f8ed1e9de71f4f,gazebo,false,false,true,false,emergency_stop,0.47329768415924744,0.5860000000000127,11.003114446706482,0.1682108424390339,,,1.102784124070729,0.0,2,0.3968931198120117,0,1,0,0.0,0,0,0,,1.6972770008578664,18.000000000029104,24.00000000000091,0,,T11 test phase; undiscounted_return=1.66047255
t11_direct_theta_fullsafety_seed101,t11_direct_theta_fullsafety_seed101-episode-000189,RL-TEB-Direct-Theta,t11-test-id-corridor,test_id,101,207,t11_gazebo_formal_v1+FullSafety,e9b9a9e17ac5e7e35d95eec2a7ad7c7667049da7,true,{},7f379704610343e98b5f39cd44d2131902fd86d0babfc45fea3cd43b2fe62fed,7bd16763e0c650dd14798c7b42d22c312d871906ff5cae53e5f8ed1e9de71f4f,gazebo,false,false,true,false,emergency_stop,0.3571058526707236,0.6259999999999764,13.851019742452742,0.04278205443576963,,,0.5307662431338238,0.0,2,0.5868153095245361,0,1,0,0.0,0,0,0,,1.0929899999609916,16.000000000019554,30.00000000002956,0,,T11 test phase; undiscounted_return=1.27286114
t11_direct_theta_fullsafety_seed101,t11_direct_theta_fullsafety_seed101-episode-000190,RL-TEB-Direct-Theta,t11-test-id-clear-straight,test_id,101,208,t11_gazebo_formal_v1+FullSafety,e9b9a9e17ac5e7e35d95eec2a7ad7c7667049da7,true,{},7f379704610343e98b5f39cd44d2131902fd86d0babfc45fea3cd43b2fe62fed,7bd16763e0c650dd14798c7b42d22c312d871906ff5cae53e5f8ed1e9de71f4f,gazebo,true,false,true,false,goal,2.9435671070086045,3.447999999999979,1.0022061042897623,0.19140340794317662,,,30.0,0.0,4,0.49106153192974056,4,0,0,0.0,0,0,4,,1.6199669998968602,34.99999999999659,43.49999999996612,0,,T11 test phase; undiscounted_return=19.9754692
t11_direct_theta_fullsafety_seed101,t11_direct_theta_fullsafety_seed101-episode-000191,RL-TEB-Direct-Theta,t11-test-id-left,test_id,101,208,t11_gazebo_formal_v1+FullSafety,e9b9a9e17ac5e7e35d95eec2a7ad7c7667049da7,true,{},7f379704610343e98b5f39cd44d2131902fd86d0babfc45fea3cd43b2fe62fed,7bd16763e0c650dd14798c7b42d22c312d871906ff5cae53e5f8ed1e9de71f4f,gazebo,true,false,true,false,goal,4.046241252789214,4.662000000000035,0.9629058558486248,0.20729833434751893,,,30.0,0.0,6,1.991328227519988,4,0,0,0.0,0,0,4,,1.3841085001331521,38.000000000029864,72.00000000002167,0,,T11 test phase; undiscounted_return=23.6421842
t11_direct_theta_fullsafety_seed101,t11_direct_theta_fullsafety_seed101-episode-000192,RL-TEB-Direct-Theta,t11-test-id-obstacle,test_id,101,208,t11_gazebo_formal_v1+FullSafety,e9b9a9e17ac5e7e35d95eec2a7ad7c7667049da7,true,{},7f379704610343e98b5f39cd44d2131902fd86d0babfc45fea3cd43b2fe62fed,7bd16763e0c650dd14798c7b42d22c312d871906ff5cae53e5f8ed1e9de71f4f,gazebo,false,false,true,false,emergency_stop,0.46038398441818995,0.5660000000000309,11.318759580940714,0.11016889577707896,,,1.223907884289027,0.0,2,0.3745226065317788,0,1,0,0.0,0,0,0,,2.107657001033658,9.999999999990905,16.000000000019554,0,,T11 test phase; undiscounted_return=1.67080094
t11_direct_theta_fullsafety_seed101,t11_direct_theta_fullsafety_seed101-episode-000193,RL-TEB-Direct-Theta,t11-test-id-corridor,test_id,101,208,t11_gazebo_formal_v1+FullSafety,e9b9a9e17ac5e7e35d95eec2a7ad7c7667049da7,true,{},7f379704610343e98b5f39cd44d2131902fd86d0babfc45fea3cd43b2fe62fed,7bd16763e0c650dd14798c7b42d22c312d871906ff5cae53e5f8ed1e9de71f4f,gazebo,false,false,true,false,emergency_stop,0.02617182024398241,0.038000000000010914,190.6619643587952,0.0,,,0.549874201962226,0.0,1,0.0,0,1,0,0.0,0,0,0,,1.4202700003806967,0.0,0.0,0,,T11 test phase; undiscounted_return=0
t11_direct_theta_fullsafety_seed101,t11_direct_theta_fullsafety_seed101-episode-000194,RL-TEB-Direct-Theta,t11-test-id-clear-straight,test_id,101,209,t11_gazebo_formal_v1+FullSafety,e9b9a9e17ac5e7e35d95eec2a7ad7c7667049da7,true,{},7f379704610343e98b5f39cd44d2131902fd86d0babfc45fea3cd43b2fe62fed,7bd16763e0c650dd14798c7b42d22c312d871906ff5cae53e5f8ed1e9de71f4f,gazebo,true,false,true,false,goal,3.0408646541283795,3.660000000000082,0.9994321604500195,0.21877590059244972,,,30.0,0.0,4,0.5289500395456941,4,0,0,0.0,0,0,4,,1.577782250024029,34.49999999997999,71.00000000002638,0,,T11 test phase; undiscounted_return=19.7995265
t11_direct_theta_fullsafety_seed101,t11_direct_theta_fullsafety_seed101-episode-000195,RL-TEB-Direct-Theta,t11-test-id-left,test_id,101,209,t11_gazebo_formal_v1+FullSafety,e9b9a9e17ac5e7e35d95eec2a7ad7c7667049da7,true,{},7f379704610343e98b5f39cd44d2131902fd86d0babfc45fea3cd43b2fe62fed,7bd16763e0c650dd14798c7b42d22c312d871906ff5cae53e5f8ed1e9de71f4f,gazebo,true,false,true,false,goal,4.0128813456241925,4.538000000000011,0.9649282086249368,0.15319316957226686,,,30.0,0.0,6,1.9829637885093705,4,0,0,0.0,0,0,4,,1.5376569990621647,36.66666666667121,85.99999999997483,0,,T11 test phase; undiscounted_return=23.5495318
t11_direct_theta_fullsafety_seed101,t11_direct_theta_fullsafety_seed101-episode-000196,RL-TEB-Direct-Theta,t11-test-id-obstacle,test_id,101,209,t11_gazebo_formal_v1+FullSafety,e9b9a9e17ac5e7e35d95eec2a7ad7c7667049da7,true,{},7f379704610343e98b5f39cd44d2131902fd86d0babfc45fea3cd43b2fe62fed,7bd16763e0c650dd14798c7b42d22c312d871906ff5cae53e5f8ed1e9de71f4f,gazebo,false,false,true,false,emergency_stop,0.9529767244199979,1.1739999999999782,5.509840278473247,0.32949436075169847,,,0.7884096557955363,0.0,3,0.7462989807128909,0,1,0,0.0,0,0,0,,1.2236449983902276,19.333333333293012,27.333333333293314,0,,T11 test phase; undiscounted_return=3.04145523
t11_direct_theta_fullsafety_seed101,t11_direct_theta_fullsafety_seed101-episode-000197,RL-TEB-Direct-Theta,t11-test-id-corridor,test_id,101,209,t11_gazebo_formal_v1+FullSafety,e9b9a9e17ac5e7e35d95eec2a7ad7c7667049da7,true,{},7f379704610343e98b5f39cd44d2131902fd86d0babfc45fea3cd43b2fe62fed,7bd16763e0c650dd14798c7b42d22c312d871906ff5cae53e5f8ed1e9de71f4f,gazebo,false,false,true,false,emergency_stop,0.02366777779504563,0.033999999999991815,211.14800162455123,0.0,,,0.5450029427529888,0.0,1,0.0,0,1,0,0.0,0,0,0,,1.20746199900168,0.0,0.0,0,,T11 test phase; undiscounted_return=0
t11_direct_theta_fullsafety_seed101,t11_direct_theta_fullsafety_seed101-episode-000198,RL-TEB-Direct-Theta,t11-test-id-clear-straight,test_id,101,210,t11_gazebo_formal_v1+FullSafety,e9b9a9e17ac5e7e35d95eec2a7ad7c7667049da7,true,{},7f379704610343e98b5f39cd44d2131902fd86d0babfc45fea3cd43b2fe62fed,7bd16763e0c650dd14798c7b42d22c312d871906ff5cae53e5f8ed1e9de71f4f,gazebo,true,false,true,false,goal,2.917598483347758,3.5580000000001064,1.0007220345173942,0.21142330772965862,,,30.0,0.0,4,0.4447873830795268,4,0,0,0.0,0,0,4,,1.6774052501205006,33.00000000001546,58.50000000000932,0,,T11 test phase; undiscounted_return=19.815429
t11_direct_theta_fullsafety_seed101,t11_direct_theta_fullsafety_seed101-episode-000199,RL-TEB-Direct-Theta,t11-test-id-left,test_id,101,210,t11_gazebo_formal_v1+FullSafety,e9b9a9e17ac5e7e35d95eec2a7ad7c7667049da7,true,{},7f379704610343e98b5f39cd44d2131902fd86d0babfc45fea3cd43b2fe62fed,7bd16763e0c650dd14798c7b42d22c312d871906ff5cae53e5f8ed1e9de71f4f,gazebo,true,false,true,false,goal,4.054920583998766,4.648000000000025,0.9645352281518307,0.19216889936171677,,,30.0,0.0,6,2.061102320750555,4,0,0,0.0,0,0,4,,1.562002000961608,34.99999999998712,61.99999999999287,0,,T11 test phase; undiscounted_return=23.4408253
t11_direct_theta_fullsafety_seed101,t11_direct_theta_fullsafety_seed101-episode-000200,RL-TEB-Direct-Theta,t11-test-id-obstacle,test_id,101,210,t11_gazebo_formal_v1+FullSafety,e9b9a9e17ac5e7e35d95eec2a7ad7c7667049da7,true,{},7f379704610343e98b5f39cd44d2131902fd86d0babfc45fea3cd43b2fe62fed,7bd16763e0c650dd14798c7b42d22c312d871906ff5cae53e5f8ed1e9de71f4f,gazebo,false,false,true,false,emergency_stop,0.5512921096895148,0.6779999999999973,9.36245435168999,0.15478479883921922,,,1.186095437717936,0.0,2,0.4078773578008015,0,1,0,0.0,0,0,0,,1.5872214989940403,16.999999999995907,67.99999999998363,0,,T11 test phase; undiscounted_return=1.69064099
t11_direct_theta_fullsafety_seed101,t11_direct_theta_fullsafety_seed101-episode-000201,RL-TEB-Direct-Theta,t11-test-id-corridor,test_id,101,210,t11_gazebo_formal_v1+FullSafety,e9b9a9e17ac5e7e35d95eec2a7ad7c7667049da7,true,{},7f379704610343e98b5f39cd44d2131902fd86d0babfc45fea3cd43b2fe62fed,7bd16763e0c650dd14798c7b42d22c312d871906ff5cae53e5f8ed1e9de71f4f,gazebo,false,false,true,false,emergency_stop,0.43241474132928276,0.6320000000000618,11.398994001115414,0.040204070777841744,,,0.5259837889966672,0.0,2,0.5880140781402589,0,1,0,0.0,0,0,0,,1.1872094983118586,19.000000000005457,26.999999999986812,0,,T11 test phase; undiscounted_return=1.4796533
t11_direct_theta_fullsafety_seed101,t11_direct_theta_fullsafety_seed101-episode-000202,RL-TEB-Direct-Theta,t11-test-ood-long-turn,test_ood,101,201,t11_gazebo_formal_v1+FullSafety,e9b9a9e17ac5e7e35d95eec2a7ad7c7667049da7,true,{},7f379704610343e98b5f39cd44d2131902fd86d0babfc45fea3cd43b2fe62fed,7bd16763e0c650dd14798c7b42d22c312d871906ff5cae53e5f8ed1e9de71f4f,gazebo,true,false,true,false,goal,5.779669661865212,7.038000000000011,0.9366772786671949,1.7527041222569368,,,30.0,0.0,10,2.9045364280541737,5,0,0,0.0,0,0,5,,1.1165594005433377,36.999999999989086,70.19999999997708,0,,T11 test phase; undiscounted_return=27.9185946
t11_direct_theta_fullsafety_seed101,t11_direct_theta_fullsafety_seed101-episode-000203,RL-TEB-Direct-Theta,t11-test-ood-obstacle-offset,test_ood,101,201,t11_gazebo_formal_v1+FullSafety,e9b9a9e17ac5e7e35d95eec2a7ad7c7667049da7,true,{},7f379704610343e98b5f39cd44d2131902fd86d0babfc45fea3cd43b2fe62fed,7bd16763e0c650dd14798c7b42d22c312d871906ff5cae53e5f8ed1e9de71f4f,gazebo,false,false,true,false,emergency_stop,0.6197663921251761,0.6879999999999882,9.301016811740725,0.14748355793778434,,,1.2079630436725357,0.0,2,0.12673885822296144,0,1,0,0.0,0,0,0,,1.795055000911816,19.000000000005457,66.00000000003092,0,,T11 test phase; undiscounted_return=2.05432808
t11_direct_theta_fullsafety_seed101,t11_direct_theta_fullsafety_seed101-episode-000204,RL-TEB-Direct-Theta,t11-test-ood-narrow-corridor,test_ood,101,201,t11_gazebo_formal_v1+FullSafety,e9b9a9e17ac5e7e35d95eec2a7ad7c7667049da7,true,{},7f379704610343e98b5f39cd44d2131902fd86d0babfc45fea3cd43b2fe62fed,7bd16763e0c650dd14798c7b42d22c312d871906ff5cae53e5f8ed1e9de71f4f,gazebo,false,false,true,false,emergency_stop,0.022734938732399262,0.038000000000010914,223.24582996825515,0.0,,,0.3867686427144548,0.0,1,0.0,0,1,0,0.0,0,0,0,,1.2671159965975676,0.0,0.0,0,,T11 test phase; undiscounted_return=0
t11_direct_theta_fullsafety_seed101,t11_direct_theta_fullsafety_seed101-episode-000205,RL-TEB-Direct-Theta,t11-test-ood-long-turn,test_ood,101,202,t11_gazebo_formal_v1+FullSafety,e9b9a9e17ac5e7e35d95eec2a7ad7c7667049da7,true,{},7f379704610343e98b5f39cd44d2131902fd86d0babfc45fea3cd43b2fe62fed,7bd16763e0c650dd14798c7b42d22c312d871906ff5cae53e5f8ed1e9de71f4f,gazebo,true,false,true,false,goal,5.464201558838491,6.043999999999983,0.9626559001883199,0.175808655989386,,,30.0,0.0,8,2.5146943310896557,4,0,0,0.0,0,0,4,,1.4158718745420629,35.24999999999068,87.00000000001751,0,,T11 test phase; undiscounted_return=28.2703372
t11_direct_theta_fullsafety_seed101,t11_direct_theta_fullsafety_seed101-episode-000206,RL-TEB-Direct-Theta,t11-test-ood-obstacle-offset,test_ood,101,202,t11_gazebo_formal_v1+FullSafety,e9b9a9e17ac5e7e35d95eec2a7ad7c7667049da7,true,{},7f379704610343e98b5f39cd44d2131902fd86d0babfc45fea3cd43b2fe62fed,7bd16763e0c650dd14798c7b42d22c312d871906ff5cae53e5f8ed1e9de71f4f,gazebo,false,false,true,false,emergency_stop,0.5543005097982345,0.6359999999999673,10.51314931171045,0.1972567878065318,,,1.5015573280090286,0.0,2,0.3057686090469359,0,1,0,0.0,0,0,0,,1.1348129992256872,7.999999999981355,23.000000000024556,0,,T11 test phase; undiscounted_return=1.96275703
t11_direct_theta_fullsafety_seed101,t11_direct_theta_fullsafety_seed101-episode-000207,RL-TEB-Direct-Theta,t11-test-ood-narrow-corridor,test_ood,101,202,t11_gazebo_formal_v1+FullSafety,e9b9a9e17ac5e7e35d95eec2a7ad7c7667049da7,true,{},7f379704610343e98b5f39cd44d2131902fd86d0babfc45fea3cd43b2fe62fed,7bd16763e0c650dd14798c7b42d22c312d871906ff5cae53e5f8ed1e9de71f4f,gazebo,false,false,true,false,emergency_stop,0.029959610456542718,0.04000000000007731,164.97889092359833,0.0,,,0.34538538146491776,0.0,1,0.0,0,1,0,0.0,0,0,0,,1.8416409984638449,0.0,0.0,0,,T11 test phase; undiscounted_return=0
t11_direct_theta_fullsafety_seed101,t11_direct_theta_fullsafety_seed101-episode-000208,RL-TEB-Direct-Theta,t11-test-ood-long-turn,test_ood,101,203,t11_gazebo_formal_v1+FullSafety,e9b9a9e17ac5e7e35d95eec2a7ad7c7667049da7,true,{},7f379704610343e98b5f39cd44d2131902fd86d0babfc45fea3cd43b2fe62fed,7bd16763e0c650dd14798c7b42d22c312d871906ff5cae53e5f8ed1e9de71f4f,gazebo,true,false,true,false,goal,5.514815737115654,6.05600000000004,0.9637599005992218,0.21408341273154008,,,30.0,0.0,8,2.478075287739437,4,0,0,0.0,0,0,4,,1.1547425001481315,33.999999999991815,76.74999999997567,0,,T11 test phase; undiscounted_return=28.1994565
t11_direct_theta_fullsafety_seed101,t11_direct_theta_fullsafety_seed101-episode-000209,RL-TEB-Direct-Theta,t11-test-ood-obstacle-offset,test_ood,101,203,t11_gazebo_formal_v1+FullSafety,e9b9a9e17ac5e7e35d95eec2a7ad7c7667049da7,true,{},7f379704610343e98b5f39cd44d2131902fd86d0babfc45fea3cd43b2fe62fed,7bd16763e0c650dd14798c7b42d22c312d871906ff5cae53e5f8ed1e9de71f4f,gazebo,false,false,true,false,emergency_stop,0.5214792872543976,0.6019999999999754,11.131305668195283,0.19251935863689731,,,1.57033628301824,0.0,2,0.1320275068283081,0,1,0,0.0,0,0,0,,1.1368645009497413,14.000000000010004,25.000000000034106,0,,T11 test phase; undiscounted_return=1.83053079
t11_direct_theta_fullsafety_seed101,t11_direct_theta_fullsafety_seed101-episode-000210,RL-TEB-Direct-Theta,t11-test-ood-narrow-corridor,test_ood,101,203,t11_gazebo_formal_v1+FullSafety,e9b9a9e17ac5e7e35d95eec2a7ad7c7667049da7,true,{},7f379704610343e98b5f39cd44d2131902fd86d0babfc45fea3cd43b2fe62fed,7bd16763e0c650dd14798c7b42d22c312d871906ff5cae53e5f8ed1e9de71f4f,gazebo,false,false,true,false,emergency_stop,0.02181825484525817,0.045999999999935426,229.67160435651866,0.0,,,0.31657965436178725,0.0,1,0.0,0,1,0,0.0,0,0,0,,1.8089500008500181,0.0,0.0,0,,T11 test phase; undiscounted_return=0
t11_direct_theta_fullsafety_seed101,t11_direct_theta_fullsafety_seed101-episode-000211,RL-TEB-Direct-Theta,t11-test-ood-long-turn,test_ood,101,204,t11_gazebo_formal_v1+FullSafety,e9b9a9e17ac5e7e35d95eec2a7ad7c7667049da7,true,{},7f379704610343e98b5f39cd44d2131902fd86d0babfc45fea3cd43b2fe62fed,7bd16763e0c650dd14798c7b42d22c312d871906ff5cae53e5f8ed1e9de71f4f,gazebo,true,false,true,false,goal,5.6247184381047575,6.155999999999949,0.9640089474731226,0.19768336793845526,,,30.0,0.0,8,2.4622272133827208,4,0,0,0.0,0,0,4,,1.5592652503073623,31.24999999998579,70.75000000000387,0,,T11 test phase; undiscounted_return=28.3780909
t11_direct_theta_fullsafety_seed101,t11_direct_theta_fullsafety_seed101-episode-000212,RL-TEB-Direct-Theta,t11-test-ood-obstacle-offset,test_ood,101,204,t11_gazebo_formal_v1+FullSafety,e9b9a9e17ac5e7e35d95eec2a7ad7c7667049da7,true,{},7f379704610343e98b5f39cd44d2131902fd86d0babfc45fea3cd43b2fe62fed,7bd16763e0c650dd14798c7b42d22c312d871906ff5cae53e5f8ed1e9de71f4f,gazebo,false,false,true,false,emergency_stop,0.5046603238242177,0.5800000000000409,11.489674594195714,0.2020719687159577,,,1.6156718317246335,0.0,2,0.19285297393798828,0,1,0,0.0,0,0,0,,1.2328990014793817,19.000000000005457,20.000000000038654,0,,T11 test phase; undiscounted_return=1.73594591
t11_direct_theta_fullsafety_seed101,t11_direct_theta_fullsafety_seed101-episode-000213,RL-TEB-Direct-Theta,t11-test-ood-narrow-corridor,test_ood,101,204,t11_gazebo_formal_v1+FullSafety,e9b9a9e17ac5e7e35d95eec2a7ad7c7667049da7,true,{},7f379704610343e98b5f39cd44d2131902fd86d0babfc45fea3cd43b2fe62fed,7bd16763e0c650dd14798c7b42d22c312d871906ff5cae53e5f8ed1e9de71f4f,gazebo,false,false,true,false,emergency_stop,0.02498744365457362,0.05200000000002092,200.3809836281355,0.0,,,0.361875734675596,0.0,1,0.0,0,1,0,0.0,0,0,0,,1.7846209993876982,0.0,0.0,0,,T11 test phase; undiscounted_return=0
t11_direct_theta_fullsafety_seed101,t11_direct_theta_fullsafety_seed101-episode-000214,RL-TEB-Direct-Theta,t11-test-ood-long-turn,test_ood,101,205,t11_gazebo_formal_v1+FullSafety,e9b9a9e17ac5e7e35d95eec2a7ad7c7667049da7,true,{},7f379704610343e98b5f39cd44d2131902fd86d0babfc45fea3cd43b2fe62fed,7bd16763e0c650dd14798c7b42d22c312d871906ff5cae53e5f8ed1e9de71f4f,gazebo,true,false,true,false,goal,5.496132427771787,6.0499999999999545,0.9631232872469111,0.22571270996655152,,,30.0,0.0,8,2.4921461999416357,5,0,0,0.0,0,0,5,,1.3390399994932523,33.49999999998943,70.99999999998374,0,,T11 test phase; undiscounted_return=28.6121292
t11_direct_theta_fullsafety_seed101,t11_direct_theta_fullsafety_seed101-episode-000215,RL-TEB-Direct-Theta,t11-test-ood-obstacle-offset,test_ood,101,205,t11_gazebo_formal_v1+FullSafety,e9b9a9e17ac5e7e35d95eec2a7ad7c7667049da7,true,{},7f379704610343e98b5f39cd44d2131902fd86d0babfc45fea3cd43b2fe62fed,7bd16763e0c650dd14798c7b42d22c312d871906ff5cae53e5f8ed1e9de71f4f,gazebo,false,false,true,false,emergency_stop,0.6501159721186919,0.6899999999999409,8.879184353711363,0.08424878375444544,,,1.4840316137957248,0.0,2,0.3066234827041628,0,1,0,0.0,0,0,0,,1.8885814988607308,16.999999999995907,66.99999999995043,0,,T11 test phase; undiscounted_return=2.20770278
t11_direct_theta_fullsafety_seed101,t11_direct_theta_fullsafety_seed101-episode-000216,RL-TEB-Direct-Theta,t11-test-ood-narrow-corridor,test_ood,101,205,t11_gazebo_formal_v1+FullSafety,e9b9a9e17ac5e7e35d95eec2a7ad7c7667049da7,true,{},7f379704610343e98b5f39cd44d2131902fd86d0babfc45fea3cd43b2fe62fed,7bd16763e0c650dd14798c7b42d22c312d871906ff5cae53e5f8ed1e9de71f4f,gazebo,false,false,true,false,emergency_stop,0.02245892206632447,0.038000000000010914,222.15434658255776,0.0,,,0.3382716978244663,0.0,1,0.0,0,1,0,0.0,0,0,0,,2.686055999220116,0.0,0.0,0,,T11 test phase; undiscounted_return=0
t11_direct_theta_fullsafety_seed101,t11_direct_theta_fullsafety_seed101-episode-000217,RL-TEB-Direct-Theta,t11-test-ood-long-turn,test_ood,101,206,t11_gazebo_formal_v1+FullSafety,e9b9a9e17ac5e7e35d95eec2a7ad7c7667049da7,true,{},7f379704610343e98b5f39cd44d2131902fd86d0babfc45fea3cd43b2fe62fed,7bd16763e0c650dd14798c7b42d22c312d871906ff5cae53e5f8ed1e9de71f4f,gazebo,true,false,true,false,goal,5.488258142904542,5.830000000000041,0.9642385153507738,0.10642124264150811,,,30.0,0.0,8,2.3961210866769145,4,0,0,0.0,0,0,4,,1.156363249720016,36.49999999998954,66.2500000000108,0,,T11 test phase; undiscounted_return=29.2395655
t11_direct_theta_fullsafety_seed101,t11_direct_theta_fullsafety_seed101-episode-000218,RL-TEB-Direct-Theta,t11-test-ood-obstacle-offset,test_ood,101,206,t11_gazebo_formal_v1+FullSafety,e9b9a9e17ac5e7e35d95eec2a7ad7c7667049da7,true,{},7f379704610343e98b5f39cd44d2131902fd86d0babfc45fea3cd43b2fe62fed,7bd16763e0c650dd14798c7b42d22c312d871906ff5cae53e5f8ed1e9de71f4f,gazebo,false,false,true,false,emergency_stop,0.6278911421278648,0.6759999999999309,9.317941155861803,0.13361736951741396,,,1.2684907851460916,0.0,2,0.12322657108306867,0,1,0,0.0,0,0,0,,2.233571498436504,17.99999999997226,59.00000000002592,0,,T11 test phase; undiscounted_return=2.140641
t11_direct_theta_fullsafety_seed101,t11_direct_theta_fullsafety_seed101-episode-000219,RL-TEB-Direct-Theta,t11-test-ood-narrow-corridor,test_ood,101,206,t11_gazebo_formal_v1+FullSafety,e9b9a9e17ac5e7e35d95eec2a7ad7c7667049da7,true,{},7f379704610343e98b5f39cd44d2131902fd86d0babfc45fea3cd43b2fe62fed,7bd16763e0c650dd14798c7b42d22c312d871906ff5cae53e5f8ed1e9de71f4f,gazebo,false,false,true,false,emergency_stop,0.048,0.05200000000002092,105.76408704643747,0.0,,,0.10760111831080599,0.0,1,0.0,0,1,0,0.0,0,0,0,,1.7178929992951453,0.0,0.0,0,,T11 test phase; undiscounted_return=0
t11_direct_theta_fullsafety_seed101,t11_direct_theta_fullsafety_seed101-episode-000220,RL-TEB-Direct-Theta,t11-test-ood-long-turn,test_ood,101,207,t11_gazebo_formal_v1+FullSafety,e9b9a9e17ac5e7e35d95eec2a7ad7c7667049da7,true,{},7f379704610343e98b5f39cd44d2131902fd86d0babfc45fea3cd43b2fe62fed,7bd16763e0c650dd14798c7b42d22c312d871906ff5cae53e5f8ed1e9de71f4f,gazebo,true,false,true,false,goal,5.565586418386054,6.143999999999892,0.9627908030442247,0.15091223433862663,,,30.0,0.0,8,2.4815881272157023,4,0,0,0.0,0,0,4,,1.2747207506436098,33.749999999983515,76.4999999999958,0,,T11 test phase; undiscounted_return=28.5353282
t11_direct_theta_fullsafety_seed101,t11_direct_theta_fullsafety_seed101-episode-000221,RL-TEB-Direct-Theta,t11-test-ood-obstacle-offset,test_ood,101,207,t11_gazebo_formal_v1+FullSafety,e9b9a9e17ac5e7e35d95eec2a7ad7c7667049da7,true,{},7f379704610343e98b5f39cd44d2131902fd86d0babfc45fea3cd43b2fe62fed,7bd16763e0c650dd14798c7b42d22c312d871906ff5cae53e5f8ed1e9de71f4f,gazebo,false,false,true,false,emergency_stop,0.5574780047428085,0.5940000000000509,10.509799442054229,0.21923678576711128,,,1.464092316521806,0.0,2,0.13599767684936506,0,1,0,0.0,0,0,0,,1.512520999312983,14.999999999986358,24.00000000000091,0,,T11 test phase; undiscounted_return=1.98116394
t11_direct_theta_fullsafety_seed101,t11_direct_theta_fullsafety_seed101-episode-000222,RL-TEB-Direct-Theta,t11-test-ood-narrow-corridor,test_ood,101,207,t11_gazebo_formal_v1+FullSafety,e9b9a9e17ac5e7e35d95eec2a7ad7c7667049da7,true,{},7f379704610343e98b5f39cd44d2131902fd86d0babfc45fea3cd43b2fe62fed,7bd16763e0c650dd14798c7b42d22c312d871906ff5cae53e5f8ed1e9de71f4f,gazebo,false,false,true,false,emergency_stop,0.03577317967106239,0.033999999999991815,142.15696990275944,0.0,,,0.28858296207935674,0.0,1,0.0,0,1,0,0.0,0,0,0,,1.6928980003285687,0.0,0.0,0,,T11 test phase; undiscounted_return=0
t11_direct_theta_fullsafety_seed101,t11_direct_theta_fullsafety_seed101-episode-000223,RL-TEB-Direct-Theta,t11-test-ood-long-turn,test_ood,101,208,t11_gazebo_formal_v1+FullSafety,e9b9a9e17ac5e7e35d95eec2a7ad7c7667049da7,true,{},7f379704610343e98b5f39cd44d2131902fd86d0babfc45fea3cd43b2fe62fed,7bd16763e0c650dd14798c7b42d22c312d871906ff5cae53e5f8ed1e9de71f4f,gazebo,true,false,true,false,goal,5.435717785465707,6.053999999999974,0.9626933245224316,0.2695684047811843,,,30.0,0.0,8,2.5523082713286085,4,0,0,0.0,0,0,4,,1.42567687544215,36.24999999999545,82.74999999999011,0,,T11 test phase; undiscounted_return=27.4372673
t11_direct_theta_fullsafety_seed101,t11_direct_theta_fullsafety_seed101-episode-000224,RL-TEB-Direct-Theta,t11-test-ood-obstacle-offset,test_ood,101,208,t11_gazebo_formal_v1+FullSafety,e9b9a9e17ac5e7e35d95eec2a7ad7c7667049da7,true,{},7f379704610343e98b5f39cd44d2131902fd86d0babfc45fea3cd43b2fe62fed,7bd16763e0c650dd14798c7b42d22c312d871906ff5cae53e5f8ed1e9de71f4f,gazebo,false,false,true,false,emergency_stop,0.5758273802243972,0.6319999999999482,10.21446134199356,0.21964035673886967,,,1.504450520043588,0.0,2,0.3072289466857911,0,1,0,0.0,0,0,0,,1.4330454996525077,13.000000000033651,20.000000000038654,0,,T11 test phase; undiscounted_return=2.13719786
t11_direct_theta_fullsafety_seed101,t11_direct_theta_fullsafety_seed101-episode-000225,RL-TEB-Direct-Theta,t11-test-ood-narrow-corridor,test_ood,101,208,t11_gazebo_formal_v1+FullSafety,e9b9a9e17ac5e7e35d95eec2a7ad7c7667049da7,true,{},7f379704610343e98b5f39cd44d2131902fd86d0babfc45fea3cd43b2fe62fed,7bd16763e0c650dd14798c7b42d22c312d871906ff5cae53e5f8ed1e9de71f4f,gazebo,false,false,true,false,emergency_stop,0.02397317746108496,0.03999999999996362,204.96765008286553,0.0,,,0.38658996409512786,0.0,1,0.0,0,1,0,0.0,0,0,0,,1.6834219968586694,0.0,0.0,0,,T11 test phase; undiscounted_return=0
t11_direct_theta_fullsafety_seed101,t11_direct_theta_fullsafety_seed101-episode-000226,RL-TEB-Direct-Theta,t11-test-ood-long-turn,test_ood,101,209,t11_gazebo_formal_v1+FullSafety,e9b9a9e17ac5e7e35d95eec2a7ad7c7667049da7,true,{},7f379704610343e98b5f39cd44d2131902fd86d0babfc45fea3cd43b2fe62fed,7bd16763e0c650dd14798c7b42d22c312d871906ff5cae53e5f8ed1e9de71f4f,gazebo,true,false,true,false,goal,5.5045457228135755,6.052000000000021,0.9635369364423176,0.10998767928435257,,,30.0,0.0,8,2.4366699198881814,4,0,0,0.0,0,0,4,,1.3847853742845473,34.75000000001671,88.75000000001876,0,,T11 test phase; undiscounted_return=28.480452
t11_direct_theta_fullsafety_seed101,t11_direct_theta_fullsafety_seed101-episode-000227,RL-TEB-Direct-Theta,t11-test-ood-obstacle-offset,test_ood,101,209,t11_gazebo_formal_v1+FullSafety,e9b9a9e17ac5e7e35d95eec2a7ad7c7667049da7,true,{},7f379704610343e98b5f39cd44d2131902fd86d0babfc45fea3cd43b2fe62fed,7bd16763e0c650dd14798c7b42d22c312d871906ff5cae53e5f8ed1e9de71f4f,gazebo,false,false,true,false,emergency_stop,0.552917098515078,0.5960000000000036,10.473202739675738,0.20745457364547068,,,1.3180287450769412,0.0,2,0.1434683561325075,0,1,0,0.0,0,0,0,,1.1882574981427751,18.000000000029104,27.000000000043656,0,,T11 test phase; undiscounted_return=1.91279062
t11_direct_theta_fullsafety_seed101,t11_direct_theta_fullsafety_seed101-episode-000228,RL-TEB-Direct-Theta,t11-test-ood-narrow-corridor,test_ood,101,209,t11_gazebo_formal_v1+FullSafety,e9b9a9e17ac5e7e35d95eec2a7ad7c7667049da7,true,{},7f379704610343e98b5f39cd44d2131902fd86d0babfc45fea3cd43b2fe62fed,7bd16763e0c650dd14798c7b42d22c312d871906ff5cae53e5f8ed1e9de71f4f,gazebo,false,false,true,false,emergency_stop,0.019797668776908084,0.038000000000010914,252.23377734460357,0.0,,,0.3466810267345858,0.0,1,0.0,0,1,0,0.0,0,0,0,,1.9763069976761471,0.0,0.0,0,,T11 test phase; undiscounted_return=0
t11_direct_theta_fullsafety_seed101,t11_direct_theta_fullsafety_seed101-episode-000229,RL-TEB-Direct-Theta,t11-test-ood-long-turn,test_ood,101,210,t11_gazebo_formal_v1+FullSafety,e9b9a9e17ac5e7e35d95eec2a7ad7c7667049da7,true,{},7f379704610343e98b5f39cd44d2131902fd86d0babfc45fea3cd43b2fe62fed,7bd16763e0c650dd14798c7b42d22c312d871906ff5cae53e5f8ed1e9de71f4f,gazebo,true,false,true,false,goal,5.4743575632109875,6.057999999999993,0.9625856336358483,0.23178841514146406,,,30.0,0.0,8,2.4600098669528956,4,0,0,0.0,0,0,4,,1.4056775003155053,34.50000000000841,70.75000000001808,0,,T11 test phase; undiscounted_return=28.4944173
t11_direct_theta_fullsafety_seed101,t11_direct_theta_fullsafety_seed101-episode-000230,RL-TEB-Direct-Theta,t11-test-ood-obstacle-offset,test_ood,101,210,t11_gazebo_formal_v1+FullSafety,e9b9a9e17ac5e7e35d95eec2a7ad7c7667049da7,true,{},7f379704610343e98b5f39cd44d2131902fd86d0babfc45fea3cd43b2fe62fed,7bd16763e0c650dd14798c7b42d22c312d871906ff5cae53e5f8ed1e9de71f4f,gazebo,false,false,true,false,emergency_stop,0.584791460494619,0.6380000000000337,9.89581260636701,0.20706590411026912,,,1.359059151141611,0.0,2,0.3112663745880123,0,1,0,0.0,0,0,0,,1.7812089990911772,20.000000000038654,23.000000000024556,0,,T11 test phase; undiscounted_return=2.07078063
t11_direct_theta_fullsafety_seed101,t11_direct_theta_fullsafety_seed101-episode-000231,RL-TEB-Direct-Theta,t11-test-ood-narrow-corridor,test_ood,101,210,t11_gazebo_formal_v1+FullSafety,e9b9a9e17ac5e7e35d95eec2a7ad7c7667049da7,true,{},7f379704610343e98b5f39cd44d2131902fd86d0babfc45fea3cd43b2fe62fed,7bd16763e0c650dd14798c7b42d22c312d871906ff5cae53e5f8ed1e9de71f4f,gazebo,false,false,true,false,emergency_stop,0.03328576775286521,0.03999999999996362,148.45129827569775,0.0,,,0.33115340201649845,0.0,1,0.0,0,1,0,0.0,0,0,0,,1.8795580035657622,0.0,0.0,0,,T11 test phase; undiscounted_return=0
