run_id,episode_id,step_id,config_seq,t_observation,t_decision,t_request,t_ack,t_active,t_window_end,planner_cycle_count,valid_feedback_duration,state_valid,invalid_reason,goal_distance_start,goal_distance_end,path_error_mean,path_heading_error_mean,d_obs_min,obstacle_density_mean,ttc_min,linear_velocity_mean,angular_velocity_mean,eta_before_json,action_raw_json,eta_after_json,theta_previous_json,theta_candidate_json,theta_projected_json,theta_safe_json,theta_applied_json,projection_modified,projection_reason,safety_modified,safety_mode,safety_reason,fallback_active,fallback_reason,reward_total,reward_progress,reward_time,reward_near_obstacle,reward_path_error,reward_smoothness,reward_planner_failure,reward_parameter_adjustment,reward_terminal,cost_collision,cost_near_collision,cost_parameter_violation,cost_planner_failure,cost_emergency_or_fallback,inference_latency,parameter_write_latency,parameter_activation_latency,transition_stored,transition_drop_reason
t12p_residual_seed102,t12p_residual_seed102-episode-000001,0,1,2.942,2.338,2.338,2.36,2.392,2.892,0,0.5,true,,5.189594391934803,4.8028031564664895,0.11883851496854189,0.40039871174961256,1.2330978476297862,1.0,1.72556874754053,0.7146037208817863,-0.5954707468266675,,"[0.0,0.0,0.0,0.0,0.0]",,"{""acc_lim_theta"":0.8,""acc_lim_x"":0.8,""inflation_dist"":0.55,""max_vel_theta"":1.0,""max_vel_x"":1.2,""min_obstacle_dist"":0.25,""weight_obstacle"":50.0,""weight_optimaltime"":1.0,""weight_viapoint"":1.0}","{""acc_lim_theta"":0.6,""acc_lim_x"":0.6,""inflation_dist"":0.725,""max_vel_theta"":0.75,""max_vel_x"":0.9,""min_obstacle_dist"":0.375,""weight_obstacle"":75.0,""weight_optimaltime"":0.75,""weight_viapoint"":2.5}","{""acc_lim_theta"":0.7000000000000001,""acc_lim_x"":0.7000000000000001,""inflation_dist"":0.6000000000000001,""max_vel_theta"":0.9,""max_vel_x"":1.0999999999999999,""min_obstacle_dist"":0.3,""weight_obstacle"":60.0,""weight_optimaltime"":0.9,""weight_viapoint"":1.5}","{""acc_lim_theta"":0.7000000000000001,""acc_lim_x"":0.7000000000000001,""inflation_dist"":0.6000000000000001,""max_vel_theta"":0.9,""max_vel_x"":1.0999999999999999,""min_obstacle_dist"":0.3,""weight_obstacle"":60.0,""weight_optimaltime"":0.9,""weight_viapoint"":1.5}","{""acc_lim_theta"":0.7000000000000001,""acc_lim_x"":0.7000000000000001,""inflation_dist"":0.6000000000000001,""max_vel_theta"":0.9,""max_vel_x"":1.0999999999999999,""min_obstacle_dist"":0.3,""weight_obstacle"":60.0,""weight_optimaltime"":0.9,""weight_viapoint"":1.5}",true,max_vel_x:rate_limit|max_vel_theta:rate_limit|acc_lim_x:rate_limit|acc_lim_theta:rate_limit|min_obstacle_dist:rate_limit|inflation_dist:rate_limit|weight_obstacle:rate_limit|weight_viapoint:rate_limit|weight_optimaltime:rate_limit,false,NORMAL,,false,,1.5917625520931802,1.9339561773415692,-0.05,-0.0,-0.0024301521776460434,-0.1121444254516955,-0.0,-0.17761904761904765,0.0,0.0,0.0,1.0,0.0,0.0,0.01012500433716923,21.999999999999797,53.99999999999983,true,
t12p_residual_seed102,t12p_residual_seed102-episode-000001,1,2,3.54,2.9379999999999997,2.942,2.9619999999999997,2.99,3.49,0,0.5,true,,4.737227736858909,4.401387845787721,0.012825664504207112,0.6467836662276016,0.7909354092920987,1.0,0.8425400357530861,0.9387511284079674,-0.2696867708799851,,"[0.0,0.0,0.0,0.0,0.0]",,"{""acc_lim_theta"":0.7000000000000001,""acc_lim_x"":0.7000000000000001,""inflation_dist"":0.6000000000000001,""max_vel_theta"":0.9,""max_vel_x"":1.0999999999999999,""min_obstacle_dist"":0.3,""weight_obstacle"":60.0,""weight_optimaltime"":0.9,""weight_viapoint"":1.5}","{""acc_lim_theta"":0.6,""acc_lim_x"":0.6,""inflation_dist"":0.725,""max_vel_theta"":0.75,""max_vel_x"":0.9,""min_obstacle_dist"":0.375,""weight_obstacle"":75.0,""weight_optimaltime"":0.75,""weight_viapoint"":2.5}","{""acc_lim_theta"":0.6000000000000001,""acc_lim_x"":0.6000000000000001,""inflation_dist"":0.6500000000000001,""max_vel_theta"":0.8,""max_vel_x"":0.9999999999999999,""min_obstacle_dist"":0.35,""weight_obstacle"":70.0,""weight_optimaltime"":0.8,""weight_viapoint"":2.0}","{""acc_lim_theta"":0.6000000000000001,""acc_lim_x"":0.6000000000000001,""inflation_dist"":0.6500000000000001,""max_vel_theta"":0.8,""max_vel_x"":0.9999999999999999,""min_obstacle_dist"":0.35,""weight_obstacle"":70.0,""weight_optimaltime"":0.8,""weight_viapoint"":2.0}","{""acc_lim_theta"":0.6000000000000001,""acc_lim_x"":0.6000000000000001,""inflation_dist"":0.6500000000000001,""max_vel_theta"":0.8,""max_vel_x"":0.9999999999999999,""min_obstacle_dist"":0.35,""weight_obstacle"":70.0,""weight_optimaltime"":0.8,""weight_viapoint"":2.0}",true,max_vel_x:rate_limit|max_vel_theta:rate_limit|acc_lim_x:rate_limit|acc_lim_theta:rate_limit|min_obstacle_dist:rate_limit|inflation_dist:rate_limit|weight_obstacle:rate_limit|weight_viapoint:rate_limit|weight_optimaltime:rate_limit,false,WARNING,margin:warning|safety_mode:WARNING:conservative_filter,false,,1.4288895428234945,1.6791994553559375,-0.05,-0.0,-0.005101778336936463,-0.017589086576458905,-0.0,-0.17761904761904762,0.0,0.0,0.0,1.0,0.0,0.0,0.0053480034694075584,19.999999999999574,48.00000000000004,true,
t12p_residual_seed102,t12p_residual_seed102-episode-000001,2,3,4.14,3.5380000000000003,3.54,3.556,3.59,4.09,0,0.5,true,,4.3308265964837664,4.038893136166024,0.048420226411289895,0.7352393627974239,0.6008817559752957,1.0,0.6888345281041133,0.872316545497667,-0.07336953900666134,,"[0.0,0.0,0.0,0.0,0.0]",,"{""acc_lim_theta"":0.6000000000000001,""acc_lim_x"":0.6000000000000001,""inflation_dist"":0.6500000000000001,""max_vel_theta"":0.8,""max_vel_x"":0.9999999999999999,""min_obstacle_dist"":0.35,""weight_obstacle"":70.0,""weight_optimaltime"":0.8,""weight_viapoint"":2.0}","{""acc_lim_theta"":0.6,""acc_lim_x"":0.6,""inflation_dist"":0.725,""max_vel_theta"":0.75,""max_vel_x"":0.9,""min_obstacle_dist"":0.375,""weight_obstacle"":75.0,""weight_optimaltime"":0.75,""weight_viapoint"":2.5}","{""acc_lim_theta"":0.6,""acc_lim_x"":0.6,""inflation_dist"":0.7000000000000002,""max_vel_theta"":0.75,""max_vel_x"":0.9,""min_obstacle_dist"":0.375,""weight_obstacle"":75.0,""weight_optimaltime"":0.75,""weight_viapoint"":2.5}","{""acc_lim_theta"":0.6,""acc_lim_x"":0.6,""inflation_dist"":0.7000000000000002,""max_vel_theta"":0.75,""max_vel_x"":0.9,""min_obstacle_dist"":0.375,""weight_obstacle"":75.0,""weight_optimaltime"":0.75,""weight_viapoint"":2.5}","{""acc_lim_theta"":0.6,""acc_lim_x"":0.6,""inflation_dist"":0.7000000000000002,""max_vel_theta"":0.75,""max_vel_x"":0.9,""min_obstacle_dist"":0.375,""weight_obstacle"":75.0,""weight_optimaltime"":0.75,""weight_viapoint"":2.5}",true,inflation_dist:rate_limit,false,WARNING,margin:warning|safety_mode:WARNING:conservative_filter,false,,1.3131756409217,1.4596673015887118,-0.05,-0.0,-0.00021174113933535962,-0.00866087190862867,-0.0,-0.0876190476190477,0.0,0.0,0.0,1.0,0.0,0.0,0.008176997653208673,16.000000000000014,49.99999999999982,true,
t12p_residual_seed102,t12p_residual_seed102-episode-000001,3,4,4.694,4.138,4.14,4.16,4.192,4.692,0,0.4500000000000002,true,,3.9849268200995063,3.7572445379033677,0.1225389044091039,0.7284495512626787,0.4928732645754816,1.0,0.5644006646462221,0.8732683985842303,0.12077015651711911,,"[0.0,0.0,0.0,0.0,0.0]",,"{""acc_lim_theta"":0.6,""acc_lim_x"":0.6,""inflation_dist"":0.7000000000000002,""max_vel_theta"":0.75,""max_vel_x"":0.9,""min_obstacle_dist"":0.375,""weight_obstacle"":75.0,""weight_optimaltime"":0.75,""weight_viapoint"":2.5}","{""acc_lim_theta"":0.6,""acc_lim_x"":0.6,""inflation_dist"":0.725,""max_vel_theta"":0.75,""max_vel_x"":0.9,""min_obstacle_dist"":0.375,""weight_obstacle"":75.0,""weight_optimaltime"":0.75,""weight_viapoint"":2.5}","{""acc_lim_theta"":0.6,""acc_lim_x"":0.6,""inflation_dist"":0.725,""max_vel_theta"":0.75,""max_vel_x"":0.9,""min_obstacle_dist"":0.375,""weight_obstacle"":75.0,""weight_optimaltime"":0.75,""weight_viapoint"":2.5}","{""acc_lim_theta"":0.6,""acc_lim_x"":0.6,""inflation_dist"":0.725,""max_vel_theta"":0.75,""max_vel_x"":0.9,""min_obstacle_dist"":0.375,""weight_obstacle"":75.0,""weight_optimaltime"":0.75,""weight_viapoint"":2.5}","{""acc_lim_theta"":0.6,""acc_lim_x"":0.6,""inflation_dist"":0.725,""max_vel_theta"":0.75,""max_vel_x"":0.9,""min_obstacle_dist"":0.375,""weight_obstacle"":75.0,""weight_optimaltime"":0.75,""weight_viapoint"":2.5}",false,,false,WARNING,margin:warning|safety_mode:WARNING:conservative_filter,false,,1.0723625040857667,1.138411410980693,-0.04500000000000002,-0.011388263217042406,-0.002079847167103295,-0.00043793936792374777,-0.0,-0.007142857142857086,0.0,0.0,0.0,0.0,0.0,0.0,0.00900300801731646,20.000000000000462,52.00000000000049,true,
t12p_residual_seed102,t12p_residual_seed102-episode-000001,4,5,5.292,4.6899999999999995,4.694,4.694,4.79,5.29,0,0.4500000000000002,true,,3.6908591871411334,3.4687906101438197,0.0202494788602772,0.550670128593113,0.4744067176054797,1.0,0.6135822601738873,0.8714288041551691,0.36913504266299135,,"[0.0,0.0,0.0,0.0,0.0]",,"{""acc_lim_theta"":0.6,""acc_lim_x"":0.6,""inflation_dist"":0.725,""max_vel_theta"":0.75,""max_vel_x"":0.9,""min_obstacle_dist"":0.375,""weight_obstacle"":75.0,""weight_optimaltime"":0.75,""weight_viapoint"":2.5}","{""acc_lim_theta"":0.6,""acc_lim_x"":0.6,""inflation_dist"":0.725,""max_vel_theta"":0.75,""max_vel_x"":0.9,""min_obstacle_dist"":0.375,""weight_obstacle"":75.0,""weight_optimaltime"":0.75,""weight_viapoint"":2.5}","{""acc_lim_theta"":0.6,""acc_lim_x"":0.6,""inflation_dist"":0.725,""max_vel_theta"":0.75,""max_vel_x"":0.9,""min_obstacle_dist"":0.375,""weight_obstacle"":75.0,""weight_optimaltime"":0.75,""weight_viapoint"":2.5}","{""acc_lim_theta"":0.6,""acc_lim_x"":0.6,""inflation_dist"":0.725,""max_vel_theta"":0.75,""max_vel_x"":0.9,""min_obstacle_dist"":0.375,""weight_obstacle"":75.0,""weight_optimaltime"":0.75,""weight_viapoint"":2.5}","{""acc_lim_theta"":0.6,""acc_lim_x"":0.6,""inflation_dist"":0.725,""max_vel_theta"":0.75,""max_vel_x"":0.9,""min_obstacle_dist"":0.375,""weight_obstacle"":75.0,""weight_optimaltime"":0.75,""weight_viapoint"":2.5}",false,,false,WARNING,margin:warning|safety_mode:WARNING:conservative_filter,false,,1.0156671572904057,1.1103428849865682,-0.04500000000000002,-0.03152254124638646,-0.01797745685105434,-0.00017572959872188865,-0.0,-0.0,0.0,0.0,0.0,0.0,0.0,0.0,0.0077169970609247684,0.0,96.00000000000009,true,
t12p_residual_seed102,t12p_residual_seed102-episode-000001,5,6,5.942,5.29,5.292,5.292,5.392,5.892,0,0.5,true,,3.3970647955813678,3.1074928710765635,0.25519779752678906,0.18868269554332887,0.4744067176054797,1.0,0.8101225313166481,0.8542149560082918,0.679765716526764,,"[0.0,0.0,0.0,0.0,0.0]",,"{""acc_lim_theta"":0.6,""acc_lim_x"":0.6,""inflation_dist"":0.725,""max_vel_theta"":0.75,""max_vel_x"":0.9,""min_obstacle_dist"":0.375,""weight_obstacle"":75.0,""weight_optimaltime"":0.75,""weight_viapoint"":2.5}","{""acc_lim_theta"":0.6,""acc_lim_x"":0.6,""inflation_dist"":0.725,""max_vel_theta"":0.75,""max_vel_x"":0.9,""min_obstacle_dist"":0.375,""weight_obstacle"":75.0,""weight_optimaltime"":0.75,""weight_viapoint"":2.5}","{""acc_lim_theta"":0.6,""acc_lim_x"":0.6,""inflation_dist"":0.725,""max_vel_theta"":0.75,""max_vel_x"":0.9,""min_obstacle_dist"":0.375,""weight_obstacle"":75.0,""weight_optimaltime"":0.75,""weight_viapoint"":2.5}","{""acc_lim_theta"":0.6,""acc_lim_x"":0.6,""inflation_dist"":0.725,""max_vel_theta"":0.75,""max_vel_x"":0.9,""min_obstacle_dist"":0.375,""weight_obstacle"":75.0,""weight_optimaltime"":0.75,""weight_viapoint"":2.5}","{""acc_lim_theta"":0.6,""acc_lim_x"":0.6,""inflation_dist"":0.725,""max_vel_theta"":0.75,""max_vel_x"":0.9,""min_obstacle_dist"":0.375,""weight_obstacle"":75.0,""weight_optimaltime"":0.75,""weight_viapoint"":2.5}",false,,false,WARNING,margin:warning|safety_mode:WARNING:conservative_filter,false,,1.3822052084086969,1.4478596225240215,-0.05,-0.001907028991341076,-0.01346713956018116,-0.0002802455638023897,-0.0,-0.0,0.0,0.0,0.0,0.0,0.0,0.0,0.00573799479752779,0.0,100.00000000000054,true,
t12p_residual_seed102,t12p_residual_seed102-episode-000001,6,7,6.542,5.938,5.942,5.942,5.992,6.492,0,0.5,true,,3.0435476310229403,2.687526310442013,0.08651947451065393,0.2067743634995397,0.4744067176054797,1.0,0.8199080986766887,0.8690718093988374,0.6330405764356464,,"[0.0,0.0,0.0,0.0,0.0]",,"{""acc_lim_theta"":0.6,""acc_lim_x"":0.6,""inflation_dist"":0.725,""max_vel_theta"":0.75,""max_vel_x"":0.9,""min_obstacle_dist"":0.375,""weight_obstacle"":75.0,""weight_optimaltime"":0.75,""weight_viapoint"":2.5}","{""acc_lim_theta"":0.6,""acc_lim_x"":0.6,""inflation_dist"":0.725,""max_vel_theta"":0.75,""max_vel_x"":0.9,""min_obstacle_dist"":0.375,""weight_obstacle"":75.0,""weight_optimaltime"":0.75,""weight_viapoint"":2.5}","{""acc_lim_theta"":0.6,""acc_lim_x"":0.6,""inflation_dist"":0.725,""max_vel_theta"":0.75,""max_vel_x"":0.9,""min_obstacle_dist"":0.375,""weight_obstacle"":75.0,""weight_optimaltime"":0.75,""weight_viapoint"":2.5}","{""acc_lim_theta"":0.6,""acc_lim_x"":0.6,""inflation_dist"":0.725,""max_vel_theta"":0.75,""max_vel_x"":0.9,""min_obstacle_dist"":0.375,""weight_obstacle"":75.0,""weight_optimaltime"":0.75,""weight_viapoint"":2.5}","{""acc_lim_theta"":0.6,""acc_lim_x"":0.6,""inflation_dist"":0.725,""max_vel_theta"":0.75,""max_vel_x"":0.9,""min_obstacle_dist"":0.375,""weight_obstacle"":75.0,""weight_optimaltime"":0.75,""weight_viapoint"":2.5}",false,,false,WARNING,margin:warning|safety_mode:WARNING:conservative_filter,false,,1.7051922898990883,1.7801066029046364,-0.05,-0.0,-0.022862240361120136,-0.0020520726444280784,-0.0,-0.0,0.0,0.0,0.0,0.0,0.0,0.0,0.005623995093628764,0.0,49.99999999999982,true,
t12p_residual_seed102,t12p_residual_seed102-episode-000001,7,8,7.14,6.538,6.542,6.542,6.59,7.09,0,0.5,true,,2.608381450590618,2.1983702725571197,0.16966977879316633,0.600316781143132,0.4744067176054797,1.0,0.6512879699498958,0.8576315496447057,0.601609697223836,,"[0.0,0.0,0.0,0.0,0.0]",,"{""acc_lim_theta"":0.6,""acc_lim_x"":0.6,""inflation_dist"":0.725,""max_vel_theta"":0.75,""max_vel_x"":0.9,""min_obstacle_dist"":0.375,""weight_obstacle"":75.0,""weight_optimaltime"":0.75,""weight_viapoint"":2.5}","{""acc_lim_theta"":0.6,""acc_lim_x"":0.6,""inflation_dist"":0.725,""max_vel_theta"":0.75,""max_vel_x"":0.9,""min_obstacle_dist"":0.375,""weight_obstacle"":75.0,""weight_optimaltime"":0.75,""weight_viapoint"":2.5}","{""acc_lim_theta"":0.6,""acc_lim_x"":0.6,""inflation_dist"":0.725,""max_vel_theta"":0.75,""max_vel_x"":0.9,""min_obstacle_dist"":0.375,""weight_obstacle"":75.0,""weight_optimaltime"":0.75,""weight_viapoint"":2.5}","{""acc_lim_theta"":0.6,""acc_lim_x"":0.6,""inflation_dist"":0.725,""max_vel_theta"":0.75,""max_vel_x"":0.9,""min_obstacle_dist"":0.375,""weight_obstacle"":75.0,""weight_optimaltime"":0.75,""weight_viapoint"":2.5}","{""acc_lim_theta"":0.6,""acc_lim_x"":0.6,""inflation_dist"":0.725,""max_vel_theta"":0.75,""max_vel_x"":0.9,""min_obstacle_dist"":0.375,""weight_obstacle"":75.0,""weight_optimaltime"":0.75,""weight_viapoint"":2.5}",false,,false,WARNING,margin:warning|safety_mode:WARNING:conservative_filter,false,,1.9829070355398186,2.0500558901674926,-0.05,-0.00014085486030991325,-0.01121232474961123,-0.005795675017752997,-0.0,-0.0,0.0,0.0,0.0,0.0,0.0,0.0,0.0073260016506537795,0.0,48.00000000000004,true,
t12p_residual_seed102,t12p_residual_seed102-episode-000001,8,9,7.74,7.138,7.14,7.14,7.19,7.69,0,0.4999999999999991,true,,2.112926751830788,1.7369630336895834,0.04137768770395249,0.8674977030989123,0.4726213305524212,1.0,0.9645391627249865,0.4899970357006406,0.299076928035379,,"[0.0,0.0,0.0,0.0,0.0]",,"{""acc_lim_theta"":0.6,""acc_lim_x"":0.6,""inflation_dist"":0.725,""max_vel_theta"":0.75,""max_vel_x"":0.9,""min_obstacle_dist"":0.375,""weight_obstacle"":75.0,""weight_optimaltime"":0.75,""weight_viapoint"":2.5}","{""acc_lim_theta"":0.6,""acc_lim_x"":0.6,""inflation_dist"":0.725,""max_vel_theta"":0.75,""max_vel_x"":0.9,""min_obstacle_dist"":0.375,""weight_obstacle"":75.0,""weight_optimaltime"":0.75,""weight_viapoint"":2.5}","{""acc_lim_theta"":0.6,""acc_lim_x"":0.6,""inflation_dist"":0.725,""max_vel_theta"":0.75,""max_vel_x"":0.9,""min_obstacle_dist"":0.375,""weight_obstacle"":75.0,""weight_optimaltime"":0.75,""weight_viapoint"":2.5}","{""acc_lim_theta"":0.6,""acc_lim_x"":0.6,""inflation_dist"":0.725,""max_vel_theta"":0.75,""max_vel_x"":0.9,""min_obstacle_dist"":0.375,""weight_obstacle"":75.0,""weight_optimaltime"":0.75,""weight_viapoint"":2.5}","{""acc_lim_theta"":0.6,""acc_lim_x"":0.6,""inflation_dist"":0.725,""max_vel_theta"":0.75,""max_vel_x"":0.9,""min_obstacle_dist"":0.375,""weight_obstacle"":75.0,""weight_optimaltime"":0.75,""weight_viapoint"":2.5}",false,,false,WARNING,margin:warning|safety_mode:WARNING:conservative_filter,false,,1.7870736242624272,1.8798185907060239,-0.04999999999999991,-0.020382819281657978,-0.0035050247336887498,-0.018857122428250054,-0.0,-0.0,0.0,0.0,0.0,0.0,0.0,0.0,0.006397996912710369,0.0,50.00000000000071,true,
t12p_residual_seed102,t12p_residual_seed102-episode-000001,9,10,8.29,7.7379999999999995,7.74,7.74,7.788,8.288,0,0.4500000000000002,true,,1.6889710643100566,1.3912103151206958,0.12509771115749374,0.9576622504281173,0.47126937275214403,1.0,0.6346946294586979,0.7901958237871484,0.040951619795916834,,"[0.0,0.0,0.0,0.0,0.0]",,"{""acc_lim_theta"":0.6,""acc_lim_x"":0.6,""inflation_dist"":0.725,""max_vel_theta"":0.75,""max_vel_x"":0.9,""min_obstacle_dist"":0.375,""weight_obstacle"":75.0,""weight_optimaltime"":0.75,""weight_viapoint"":2.5}","{""acc_lim_theta"":0.6,""acc_lim_x"":0.6,""inflation_dist"":0.725,""max_vel_theta"":0.75,""max_vel_x"":0.9,""min_obstacle_dist"":0.375,""weight_obstacle"":75.0,""weight_optimaltime"":0.75,""weight_viapoint"":2.5}","{""acc_lim_theta"":0.6,""acc_lim_x"":0.6,""inflation_dist"":0.725,""max_vel_theta"":0.75,""max_vel_x"":0.9,""min_obstacle_dist"":0.375,""weight_obstacle"":75.0,""weight_optimaltime"":0.75,""weight_viapoint"":2.5}","{""acc_lim_theta"":0.6,""acc_lim_x"":0.6,""inflation_dist"":0.725,""max_vel_theta"":0.75,""max_vel_x"":0.9,""min_obstacle_dist"":0.375,""weight_obstacle"":75.0,""weight_optimaltime"":0.75,""weight_viapoint"":2.5}","{""acc_lim_theta"":0.6,""acc_lim_x"":0.6,""inflation_dist"":0.725,""max_vel_theta"":0.75,""max_vel_x"":0.9,""min_obstacle_dist"":0.375,""weight_obstacle"":75.0,""weight_optimaltime"":0.75,""weight_viapoint"":2.5}",false,,false,WARNING,margin:warning|safety_mode:WARNING:conservative_filter,false,,1.364929281222158,1.488803745946804,-0.04500000000000002,-0.03174107064885256,-0.002781389417944073,-0.04435200465784936,-0.0,-0.0,0.0,0.0,0.0,0.0,0.0,0.0,0.009722003596834838,0.0,48.00000000000004,true,
t12p_residual_seed102,t12p_residual_seed102-episode-000001,10,11,8.89,8.278,8.29,8.29,8.388,8.888,0,0.4499999999999993,true,,1.288500486737543,0.9285382238365449,0.18858873604118231,0.7774748072121644,0.47126937275214403,1.0,0.6580943106328297,0.8885337285084858,-0.5332651758223705,,"[0.0,0.0,0.0,0.0,0.0]",,"{""acc_lim_theta"":0.6,""acc_lim_x"":0.6,""inflation_dist"":0.725,""max_vel_theta"":0.75,""max_vel_x"":0.9,""min_obstacle_dist"":0.375,""weight_obstacle"":75.0,""weight_optimaltime"":0.75,""weight_viapoint"":2.5}","{""acc_lim_theta"":0.6,""acc_lim_x"":0.6,""inflation_dist"":0.725,""max_vel_theta"":0.75,""max_vel_x"":0.9,""min_obstacle_dist"":0.375,""weight_obstacle"":75.0,""weight_optimaltime"":0.75,""weight_viapoint"":2.5}","{""acc_lim_theta"":0.6,""acc_lim_x"":0.6,""inflation_dist"":0.725,""max_vel_theta"":0.75,""max_vel_x"":0.9,""min_obstacle_dist"":0.375,""weight_obstacle"":75.0,""weight_optimaltime"":0.75,""weight_viapoint"":2.5}","{""acc_lim_theta"":0.6,""acc_lim_x"":0.6,""inflation_dist"":0.725,""max_vel_theta"":0.75,""max_vel_x"":0.9,""min_obstacle_dist"":0.375,""weight_obstacle"":75.0,""weight_optimaltime"":0.75,""weight_viapoint"":2.5}","{""acc_lim_theta"":0.6,""acc_lim_x"":0.6,""inflation_dist"":0.725,""max_vel_theta"":0.75,""max_vel_x"":0.9,""min_obstacle_dist"":0.375,""weight_obstacle"":75.0,""weight_optimaltime"":0.75,""weight_viapoint"":2.5}",false,,false,WARNING,margin:warning|safety_mode:WARNING:conservative_filter,false,,1.7337777371550447,1.7998113145049899,-0.04499999999999993,-0.006719917764692801,-0.009490337922856359,-0.004823321662395966,-0.0,-0.0,0.0,0.0,0.0,0.0,0.0,0.0,0.007221999112516642,0.0,98.00000000000075,true,
t12p_residual_seed102,t12p_residual_seed102-episode-000001,11,12,10.9,8.882,8.89,8.89,8.99,9.49,0,0.5,true,,0.8108992006675149,0.4326748238126399,0.011634464885243057,0.020862856566589167,0.47126937275214403,0.7758620689655172,28.615456013885495,0.0,0.0,,"[0.0,0.0,0.0,0.0,0.0]",,"{""acc_lim_theta"":0.6,""acc_lim_x"":0.6,""inflation_dist"":0.725,""max_vel_theta"":0.75,""max_vel_x"":0.9,""min_obstacle_dist"":0.375,""weight_obstacle"":75.0,""weight_optimaltime"":0.75,""weight_viapoint"":2.5}","{""acc_lim_theta"":0.6,""acc_lim_x"":0.6,""inflation_dist"":0.725,""max_vel_theta"":0.75,""max_vel_x"":0.9,""min_obstacle_dist"":0.375,""weight_obstacle"":75.0,""weight_optimaltime"":0.75,""weight_viapoint"":2.5}","{""acc_lim_theta"":0.6,""acc_lim_x"":0.6,""inflation_dist"":0.725,""max_vel_theta"":0.75,""max_vel_x"":0.9,""min_obstacle_dist"":0.375,""weight_obstacle"":75.0,""weight_optimaltime"":0.75,""weight_viapoint"":2.5}","{""acc_lim_theta"":0.6,""acc_lim_x"":0.6,""inflation_dist"":0.725,""max_vel_theta"":0.75,""max_vel_x"":0.9,""min_obstacle_dist"":0.375,""weight_obstacle"":75.0,""weight_optimaltime"":0.75,""weight_viapoint"":2.5}","{""acc_lim_theta"":0.6,""acc_lim_x"":0.6,""inflation_dist"":0.725,""max_vel_theta"":0.75,""max_vel_x"":0.9,""min_obstacle_dist"":0.375,""weight_obstacle"":75.0,""weight_optimaltime"":0.75,""weight_viapoint"":2.5}",false,,false,WARNING,margin:warning|safety_mode:WARNING:conservative_filter,false,,11.816970311902287,1.8911218842743749,-0.05,-1.2216247291586745e-05,-0.013686766992330962,-0.010452589132464971,-0.0,-0.0,10.0,0.0,0.0,0.0,0.0,0.0,0.009060007869265974,0.0,99.99999999999964,true,
t12p_residual_seed102,t12p_residual_seed102-episode-000002,0,1,12.388,11.838,11.838,11.854,11.886,12.386,0,0.4499999999999993,true,,5.777952185744685,5.396274276865209,0.08392454542757449,0.27355410682261994,1.5146140990499002,0.0,1.4203722898969735,1.0663500758380484,0.4373998879755616,,"[0.0,0.0,0.0,0.0,0.0]",,"{""acc_lim_theta"":0.8,""acc_lim_x"":0.8,""inflation_dist"":0.55,""max_vel_theta"":1.0,""max_vel_x"":1.2,""min_obstacle_dist"":0.25,""weight_obstacle"":50.0,""weight_optimaltime"":1.0,""weight_viapoint"":1.0}","{""acc_lim_theta"":0.6,""acc_lim_x"":0.6,""inflation_dist"":0.725,""max_vel_theta"":0.75,""max_vel_x"":0.9,""min_obstacle_dist"":0.375,""weight_obstacle"":75.0,""weight_optimaltime"":0.75,""weight_viapoint"":2.5}","{""acc_lim_theta"":0.7000000000000001,""acc_lim_x"":0.7000000000000001,""inflation_dist"":0.6000000000000001,""max_vel_theta"":0.9,""max_vel_x"":1.0999999999999999,""min_obstacle_dist"":0.3,""weight_obstacle"":60.0,""weight_optimaltime"":0.9,""weight_viapoint"":1.5}","{""acc_lim_theta"":0.7000000000000001,""acc_lim_x"":0.7000000000000001,""inflation_dist"":0.6000000000000001,""max_vel_theta"":0.9,""max_vel_x"":1.0999999999999999,""min_obstacle_dist"":0.3,""weight_obstacle"":60.0,""weight_optimaltime"":0.9,""weight_viapoint"":1.5}","{""acc_lim_theta"":0.7000000000000001,""acc_lim_x"":0.7000000000000001,""inflation_dist"":0.6000000000000001,""max_vel_theta"":0.9,""max_vel_x"":1.0999999999999999,""min_obstacle_dist"":0.3,""weight_obstacle"":60.0,""weight_optimaltime"":0.9,""weight_viapoint"":1.5}",true,max_vel_x:rate_limit|max_vel_theta:rate_limit|acc_lim_x:rate_limit|acc_lim_theta:rate_limit|min_obstacle_dist:rate_limit|inflation_dist:rate_limit|weight_obstacle:rate_limit|weight_viapoint:rate_limit|weight_optimaltime:rate_limit,false,NORMAL,,false,,1.4955435631623395,1.908389544397382,-0.04499999999999993,-0.0,-0.0008303590280306729,-0.18939657458796422,-0.0,-0.17761904761904765,0.0,0.0,0.0,1.0,0.0,0.0,0.017027006833814085,16.000000000000014,48.00000000000004,true,
t12p_residual_seed102,t12p_residual_seed102-episode-000002,1,2,12.988,12.386,12.388,12.41,12.486,12.986,0,0.45000000000000107,true,,5.234580240060776,4.8496559469224225,0.062176936405234334,0.44653544304247145,0.8881841194768236,0.9565217391304348,0.9143114015206742,0.9714240881165914,0.21107097667090277,,"[0.0,0.0,0.0,0.0,0.0]",,"{""acc_lim_theta"":0.7000000000000001,""acc_lim_x"":0.7000000000000001,""inflation_dist"":0.6000000000000001,""max_vel_theta"":0.9,""max_vel_x"":1.0999999999999999,""min_obstacle_dist"":0.3,""weight_obstacle"":60.0,""weight_optimaltime"":0.9,""weight_viapoint"":1.5}","{""acc_lim_theta"":0.6,""acc_lim_x"":0.6,""inflation_dist"":0.725,""max_vel_theta"":0.75,""max_vel_x"":0.9,""min_obstacle_dist"":0.375,""weight_obstacle"":75.0,""weight_optimaltime"":0.75,""weight_viapoint"":2.5}","{""acc_lim_theta"":0.6000000000000001,""acc_lim_x"":0.6000000000000001,""inflation_dist"":0.6500000000000001,""max_vel_theta"":0.8,""max_vel_x"":0.9999999999999999,""min_obstacle_dist"":0.35,""weight_obstacle"":70.0,""weight_optimaltime"":0.8,""weight_viapoint"":2.0}","{""acc_lim_theta"":0.6000000000000001,""acc_lim_x"":0.6000000000000001,""inflation_dist"":0.6500000000000001,""max_vel_theta"":0.8,""max_vel_x"":0.9999999999999999,""min_obstacle_dist"":0.35,""weight_obstacle"":70.0,""weight_optimaltime"":0.8,""weight_viapoint"":2.0}","{""acc_lim_theta"":0.6000000000000001,""acc_lim_x"":0.6000000000000001,""inflation_dist"":0.6500000000000001,""max_vel_theta"":0.8,""max_vel_x"":0.9999999999999999,""min_obstacle_dist"":0.35,""weight_obstacle"":70.0,""weight_optimaltime"":0.8,""weight_viapoint"":2.0}",true,max_vel_x:rate_limit|max_vel_theta:rate_limit|acc_lim_x:rate_limit|acc_lim_theta:rate_limit|min_obstacle_dist:rate_limit|inflation_dist:rate_limit|weight_obstacle:rate_limit|weight_viapoint:rate_limit|weight_optimaltime:rate_limit,false,WARNING,margin:warning|safety_mode:WARNING:conservative_filter,false,,1.6917078473563372,1.924621465691767,-0.04500000000000011,-0.0,-0.0024406027067378293,-0.007853968009644432,-0.0,-0.17761904761904762,0.0,0.0,0.0,1.0,0.0,0.0,0.007800001185387373,22.00000000000024,98.00000000000075,true,
t12p_residual_seed102,t12p_residual_seed102-episode-000002,2,3,13.588,12.986,12.988,13.006,13.086,13.586,0,0.45000000000000107,true,,4.71716435398815,4.394288790946024,0.1418641413364545,0.5228760072134225,0.7017720192538401,0.9880952380952381,0.8101782342221234,0.8661946095449388,0.04098191610476394,,"[0.0,0.0,0.0,0.0,0.0]",,"{""acc_lim_theta"":0.6000000000000001,""acc_lim_x"":0.6000000000000001,""inflation_dist"":0.6500000000000001,""max_vel_theta"":0.8,""max_vel_x"":0.9999999999999999,""min_obstacle_dist"":0.35,""weight_obstacle"":70.0,""weight_optimaltime"":0.8,""weight_viapoint"":2.0}","{""acc_lim_theta"":0.6,""acc_lim_x"":0.6,""inflation_dist"":0.725,""max_vel_theta"":0.75,""max_vel_x"":0.9,""min_obstacle_dist"":0.375,""weight_obstacle"":75.0,""weight_optimaltime"":0.75,""weight_viapoint"":2.5}","{""acc_lim_theta"":0.6,""acc_lim_x"":0.6,""inflation_dist"":0.7000000000000002,""max_vel_theta"":0.75,""max_vel_x"":0.9,""min_obstacle_dist"":0.375,""weight_obstacle"":75.0,""weight_optimaltime"":0.75,""weight_viapoint"":2.5}","{""acc_lim_theta"":0.6,""acc_lim_x"":0.6,""inflation_dist"":0.7000000000000002,""max_vel_theta"":0.75,""max_vel_x"":0.9,""min_obstacle_dist"":0.375,""weight_obstacle"":75.0,""weight_optimaltime"":0.75,""weight_viapoint"":2.5}","{""acc_lim_theta"":0.6,""acc_lim_x"":0.6,""inflation_dist"":0.7000000000000002,""max_vel_theta"":0.75,""max_vel_x"":0.9,""min_obstacle_dist"":0.375,""weight_obstacle"":75.0,""weight_optimaltime"":0.75,""weight_viapoint"":2.5}",true,inflation_dist:rate_limit,false,WARNING,margin:warning|safety_mode:WARNING:conservative_filter,false,,1.4682429438669418,1.6143778152106325,-0.04500000000000011,-0.0,-0.004384724715403722,-0.009131099009239306,-0.0,-0.0876190476190477,0.0,0.0,0.0,1.0,0.0,0.0,0.006575006409548223,18.000000000000682,98.00000000000075,true,
t12p_residual_seed102,t12p_residual_seed102-episode-000002,3,4,14.236,13.578,13.588,13.606,13.686,14.186,0,0.5,true,,4.300128564934355,3.9708646319874754,0.22552601840996692,0.4470660123968891,0.5648852890321481,1.0,0.6522112672096819,0.8685611172127672,-0.2807398472703446,,"[0.0,0.0,0.0,0.0,0.0]",,"{""acc_lim_theta"":0.6,""acc_lim_x"":0.6,""inflation_dist"":0.7000000000000002,""max_vel_theta"":0.75,""max_vel_x"":0.9,""min_obstacle_dist"":0.375,""weight_obstacle"":75.0,""weight_optimaltime"":0.75,""weight_viapoint"":2.5}","{""acc_lim_theta"":0.6,""acc_lim_x"":0.6,""inflation_dist"":0.725,""max_vel_theta"":0.75,""max_vel_x"":0.9,""min_obstacle_dist"":0.375,""weight_obstacle"":75.0,""weight_optimaltime"":0.75,""weight_viapoint"":2.5}","{""acc_lim_theta"":0.6,""acc_lim_x"":0.6,""inflation_dist"":0.725,""max_vel_theta"":0.75,""max_vel_x"":0.9,""min_obstacle_dist"":0.375,""weight_obstacle"":75.0,""weight_optimaltime"":0.75,""weight_viapoint"":2.5}","{""acc_lim_theta"":0.6,""acc_lim_x"":0.6,""inflation_dist"":0.725,""max_vel_theta"":0.75,""max_vel_x"":0.9,""min_obstacle_dist"":0.375,""weight_obstacle"":75.0,""weight_optimaltime"":0.75,""weight_viapoint"":2.5}","{""acc_lim_theta"":0.6,""acc_lim_x"":0.6,""inflation_dist"":0.725,""max_vel_theta"":0.75,""max_vel_x"":0.9,""min_obstacle_dist"":0.375,""weight_obstacle"":75.0,""weight_optimaltime"":0.75,""weight_viapoint"":2.5}",false,,false,WARNING,margin:warning|safety_mode:WARNING:conservative_filter,false,,1.5751091201981273,1.6463196647343992,-0.05,-0.0008433744457029795,-0.013172243512224685,-5.206943548689083e-05,-0.0,-0.007142857142857086,0.0,0.0,0.0,0.0,0.0,0.0,0.0061350001487880945,18.000000000000682,98.00000000000075,true,
t12p_residual_seed102,t12p_residual_seed102-episode-000002,4,5,14.836,14.218,14.236,14.236,14.286,14.786,0,0.5,true,,3.9043724853801085,3.558848608502473,0.08238180195111892,0.23526819140335248,0.5246651219143175,1.0,0.6467855628882162,0.8657268557523722,-0.47970572105763565,,"[0.0,0.0,0.0,0.0,0.0]",,"{""acc_lim_theta"":0.6,""acc_lim_x"":0.6,""inflation_dist"":0.725,""max_vel_theta"":0.75,""max_vel_x"":0.9,""min_obstacle_dist"":0.375,""weight_obstacle"":75.0,""weight_optimaltime"":0.75,""weight_viapoint"":2.5}","{""acc_lim_theta"":0.6,""acc_lim_x"":0.6,""inflation_dist"":0.725,""max_vel_theta"":0.75,""max_vel_x"":0.9,""min_obstacle_dist"":0.375,""weight_obstacle"":75.0,""weight_optimaltime"":0.75,""weight_viapoint"":2.5}","{""acc_lim_theta"":0.6,""acc_lim_x"":0.6,""inflation_dist"":0.725,""max_vel_theta"":0.75,""max_vel_x"":0.9,""min_obstacle_dist"":0.375,""weight_obstacle"":75.0,""weight_optimaltime"":0.75,""weight_viapoint"":2.5}","{""acc_lim_theta"":0.6,""acc_lim_x"":0.6,""inflation_dist"":0.725,""max_vel_theta"":0.75,""max_vel_x"":0.9,""min_obstacle_dist"":0.375,""weight_obstacle"":75.0,""weight_optimaltime"":0.75,""weight_viapoint"":2.5}","{""acc_lim_theta"":0.6,""acc_lim_x"":0.6,""inflation_dist"":0.725,""max_vel_theta"":0.75,""max_vel_x"":0.9,""min_obstacle_dist"":0.375,""weight_obstacle"":75.0,""weight_optimaltime"":0.75,""weight_viapoint"":2.5}",false,,false,WARNING,margin:warning|safety_mode:WARNING:conservative_filter,false,,1.6326808334239684,1.727619384388177,-0.05,-0.009845499494237837,-0.03508365677436068,-9.39469561011633e-06,-0.0,-0.0,0.0,0.0,0.0,0.0,0.0,0.0,0.008467002771794796,0.0,49.999999999998934,true,
t12p_residual_seed102,t12p_residual_seed102-episode-000002,5,6,15.388,14.818,14.836,14.836,14.886,15.386,0,0.4499999999999993,true,,3.486012108434942,3.1359098879076894,0.17865736729875423,0.04854859797035134,0.5246651219143175,1.0,0.6987833285082561,0.8674240312784828,-0.29214164015719335,,"[0.0,0.0,0.0,0.0,0.0]",,"{""acc_lim_theta"":0.6,""acc_lim_x"":0.6,""inflation_dist"":0.725,""max_vel_theta"":0.75,""max_vel_x"":0.9,""min_obstacle_dist"":0.375,""weight_obstacle"":75.0,""weight_optimaltime"":0.75,""weight_viapoint"":2.5}","{""acc_lim_theta"":0.6,""acc_lim_x"":0.6,""inflation_dist"":0.725,""max_vel_theta"":0.75,""max_vel_x"":0.9,""min_obstacle_dist"":0.375,""weight_obstacle"":75.0,""weight_optimaltime"":0.75,""weight_viapoint"":2.5}","{""acc_lim_theta"":0.6,""acc_lim_x"":0.6,""inflation_dist"":0.725,""max_vel_theta"":0.75,""max_vel_x"":0.9,""min_obstacle_dist"":0.375,""weight_obstacle"":75.0,""weight_optimaltime"":0.75,""weight_viapoint"":2.5}","{""acc_lim_theta"":0.6,""acc_lim_x"":0.6,""inflation_dist"":0.725,""max_vel_theta"":0.75,""max_vel_x"":0.9,""min_obstacle_dist"":0.375,""weight_obstacle"":75.0,""weight_optimaltime"":0.75,""weight_viapoint"":2.5}","{""acc_lim_theta"":0.6,""acc_lim_x"":0.6,""inflation_dist"":0.725,""max_vel_theta"":0.75,""max_vel_x"":0.9,""min_obstacle_dist"":0.375,""weight_obstacle"":75.0,""weight_optimaltime"":0.75,""weight_viapoint"":2.5}",false,,false,WARNING,margin:warning|safety_mode:WARNING:conservative_filter,false,,1.6962729695372611,1.750511102636263,-0.04499999999999993,-0.0008585420366492847,-0.008302625056494655,-7.696600585794752e-05,-0.0,-0.0,0.0,0.0,0.0,0.0,0.0,0.0,0.005855996278114617,0.0,49.999999999998934,true,
t12p_residual_seed102,t12p_residual_seed102-episode-000002,6,7,16.036,15.378,15.388,15.388,15.486,15.986,0,0.5,true,,3.0267528953433382,2.626165457120699,0.12248711173048475,0.17980153445960073,0.5246651219143175,1.0,0.6858732734831026,0.8615378873948617,-0.49378753647997475,,"[0.0,0.0,0.0,0.0,0.0]",,"{""acc_lim_theta"":0.6,""acc_lim_x"":0.6,""inflation_dist"":0.725,""max_vel_theta"":0.75,""max_vel_x"":0.9,""min_obstacle_dist"":0.375,""weight_obstacle"":75.0,""weight_optimaltime"":0.75,""weight_viapoint"":2.5}","{""acc_lim_theta"":0.6,""acc_lim_x"":0.6,""inflation_dist"":0.725,""max_vel_theta"":0.75,""max_vel_x"":0.9,""min_obstacle_dist"":0.375,""weight_obstacle"":75.0,""weight_optimaltime"":0.75,""weight_viapoint"":2.5}","{""acc_lim_theta"":0.6,""acc_lim_x"":0.6,""inflation_dist"":0.725,""max_vel_theta"":0.75,""max_vel_x"":0.9,""min_obstacle_dist"":0.375,""weight_obstacle"":75.0,""weight_optimaltime"":0.75,""weight_viapoint"":2.5}","{""acc_lim_theta"":0.6,""acc_lim_x"":0.6,""inflation_dist"":0.725,""max_vel_theta"":0.75,""max_vel_x"":0.9,""min_obstacle_dist"":0.375,""weight_obstacle"":75.0,""weight_optimaltime"":0.75,""weight_viapoint"":2.5}","{""acc_lim_theta"":0.6,""acc_lim_x"":0.6,""inflation_dist"":0.725,""max_vel_theta"":0.75,""max_vel_x"":0.9,""min_obstacle_dist"":0.375,""weight_obstacle"":75.0,""weight_optimaltime"":0.75,""weight_viapoint"":2.5}",false,,false,WARNING,margin:warning|safety_mode:WARNING:conservative_filter,false,,1.935828706414637,2.0029371911131966,-0.05,-9.146508434701241e-07,-0.01707850510980318,-2.906493791291058e-05,-0.0,-0.0,0.0,0.0,0.0,0.0,0.0,0.0,0.00900399754755199,0.0,98.00000000000075,true,
t12p_residual_seed102,t12p_residual_seed102-episode-000002,7,8,16.636,16.022,16.036,16.036,16.086,16.586,0,0.5,true,,2.5438638043507322,2.1179404807562,0.19926936307335322,0.48996176404276964,0.5246651219143175,1.0,0.6593022239377632,0.8605809734474528,-0.40074631469950744,,"[0.0,0.0,0.0,0.0,0.0]",,"{""acc_lim_theta"":0.6,""acc_lim_x"":0.6,""inflation_dist"":0.725,""max_vel_theta"":0.75,""max_vel_x"":0.9,""min_obstacle_dist"":0.375,""weight_obstacle"":75.0,""weight_optimaltime"":0.75,""weight_viapoint"":2.5}","{""acc_lim_theta"":0.6,""acc_lim_x"":0.6,""inflation_dist"":0.725,""max_vel_theta"":0.75,""max_vel_x"":0.9,""min_obstacle_dist"":0.375,""weight_obstacle"":75.0,""weight_optimaltime"":0.75,""weight_viapoint"":2.5}","{""acc_lim_theta"":0.6,""acc_lim_x"":0.6,""inflation_dist"":0.725,""max_vel_theta"":0.75,""max_vel_x"":0.9,""min_obstacle_dist"":0.375,""weight_obstacle"":75.0,""weight_optimaltime"":0.75,""weight_viapoint"":2.5}","{""acc_lim_theta"":0.6,""acc_lim_x"":0.6,""inflation_dist"":0.725,""max_vel_theta"":0.75,""max_vel_x"":0.9,""min_obstacle_dist"":0.375,""weight_obstacle"":75.0,""weight_optimaltime"":0.75,""weight_viapoint"":2.5}","{""acc_lim_theta"":0.6,""acc_lim_x"":0.6,""inflation_dist"":0.725,""max_vel_theta"":0.75,""max_vel_x"":0.9,""min_obstacle_dist"":0.375,""weight_obstacle"":75.0,""weight_optimaltime"":0.75,""weight_viapoint"":2.5}",false,,false,WARNING,margin:warning|safety_mode:WARNING:conservative_filter,false,,2.060412093280703,2.1296166179726606,-0.05,-0.0028668655756305178,-0.016311082468757704,-2.6576647569920505e-05,-0.0,-0.0,0.0,0.0,0.0,0.0,0.0,0.0,0.008937000529840589,0.0,49.99999999999716,true,
t12p_residual_seed102,t12p_residual_seed102-episode-000002,8,9,17.236,16.634,16.636,16.636,16.686,17.186,0,0.5,true,,2.031911822797457,1.6058267084724929,0.028100422360177707,0.6532692647239579,0.5246651219143175,1.0,0.7535918538435747,0.8563600390263766,-0.13309698839045972,,"[0.0,0.0,0.0,0.0,0.0]",,"{""acc_lim_theta"":0.6,""acc_lim_x"":0.6,""inflation_dist"":0.725,""max_vel_theta"":0.75,""max_vel_x"":0.9,""min_obstacle_dist"":0.375,""weight_obstacle"":75.0,""weight_optimaltime"":0.75,""weight_viapoint"":2.5}","{""acc_lim_theta"":0.6,""acc_lim_x"":0.6,""inflation_dist"":0.725,""max_vel_theta"":0.75,""max_vel_x"":0.9,""min_obstacle_dist"":0.375,""weight_obstacle"":75.0,""weight_optimaltime"":0.75,""weight_viapoint"":2.5}","{""acc_lim_theta"":0.6,""acc_lim_x"":0.6,""inflation_dist"":0.725,""max_vel_theta"":0.75,""max_vel_x"":0.9,""min_obstacle_dist"":0.375,""weight_obstacle"":75.0,""weight_optimaltime"":0.75,""weight_viapoint"":2.5}","{""acc_lim_theta"":0.6,""acc_lim_x"":0.6,""inflation_dist"":0.725,""max_vel_theta"":0.75,""max_vel_x"":0.9,""min_obstacle_dist"":0.375,""weight_obstacle"":75.0,""weight_optimaltime"":0.75,""weight_viapoint"":2.5}","{""acc_lim_theta"":0.6,""acc_lim_x"":0.6,""inflation_dist"":0.725,""max_vel_theta"":0.75,""max_vel_x"":0.9,""min_obstacle_dist"":0.375,""weight_obstacle"":75.0,""weight_optimaltime"":0.75,""weight_viapoint"":2.5}",false,,false,WARNING,margin:warning|safety_mode:WARNING:conservative_filter,false,,2.074408501814825,2.13042557162482,-0.05,-0.0011200199317115912,-0.004883358326562274,-1.369155172152045e-05,-0.0,-0.0,0.0,0.0,0.0,0.0,0.0,0.0,0.0062789913499727845,0.0,50.00000000000071,true,
t12p_residual_seed102,t12p_residual_seed102-episode-000002,9,10,17.836,17.218,17.236,17.236,17.286,17.786,0,0.5,true,,1.521327565027463,1.0978021559771949,0.030951510707431008,0.6470130337451491,0.5246651219143175,0.9866666666666667,0.9057060472189667,0.8821849134409525,0.1551378748815902,,"[0.0,0.0,0.0,0.0,0.0]",,"{""acc_lim_theta"":0.6,""acc_lim_x"":0.6,""inflation_dist"":0.725,""max_vel_theta"":0.75,""max_vel_x"":0.9,""min_obstacle_dist"":0.375,""weight_obstacle"":75.0,""weight_optimaltime"":0.75,""weight_viapoint"":2.5}","{""acc_lim_theta"":0.6,""acc_lim_x"":0.6,""inflation_dist"":0.725,""max_vel_theta"":0.75,""max_vel_x"":0.9,""min_obstacle_dist"":0.375,""weight_obstacle"":75.0,""weight_optimaltime"":0.75,""weight_viapoint"":2.5}","{""acc_lim_theta"":0.6,""acc_lim_x"":0.6,""inflation_dist"":0.725,""max_vel_theta"":0.75,""max_vel_x"":0.9,""min_obstacle_dist"":0.375,""weight_obstacle"":75.0,""weight_optimaltime"":0.75,""weight_viapoint"":2.5}","{""acc_lim_theta"":0.6,""acc_lim_x"":0.6,""inflation_dist"":0.725,""max_vel_theta"":0.75,""max_vel_x"":0.9,""min_obstacle_dist"":0.375,""weight_obstacle"":75.0,""weight_optimaltime"":0.75,""weight_viapoint"":2.5}","{""acc_lim_theta"":0.6,""acc_lim_x"":0.6,""inflation_dist"":0.725,""max_vel_theta"":0.75,""max_vel_x"":0.9,""min_obstacle_dist"":0.375,""weight_obstacle"":75.0,""weight_optimaltime"":0.75,""weight_viapoint"":2.5}",false,,false,WARNING,margin:warning|safety_mode:WARNING:conservative_filter,false,,2.0650701771449294,2.11762704525134,-0.05,-0.0,-0.002375020211139238,-0.00018184789527176626,-0.0,-0.0,0.0,0.0,0.0,0.0,0.0,0.0,0.007848997483961284,0.0,50.00000000000071,true,
t12p_residual_seed102,t12p_residual_seed102-episode-000002,10,11,19.994,17.818,17.836,17.836,17.884,18.384,0,0.5,true,,1.0121558026981599,0.5960554022357589,0.007128882280655934,0.007491574511355233,0.5246651219143175,0.0,35.36397481269704,0.0,0.0,,"[0.0,0.0,0.0,0.0,0.0]",,"{""acc_lim_theta"":0.6,""acc_lim_x"":0.6,""inflation_dist"":0.725,""max_vel_theta"":0.75,""max_vel_x"":0.9,""min_obstacle_dist"":0.375,""weight_obstacle"":75.0,""weight_optimaltime"":0.75,""weight_viapoint"":2.5}","{""acc_lim_theta"":0.6,""acc_lim_x"":0.6,""inflation_dist"":0.725,""max_vel_theta"":0.75,""max_vel_x"":0.9,""min_obstacle_dist"":0.375,""weight_obstacle"":75.0,""weight_optimaltime"":0.75,""weight_viapoint"":2.5}","{""acc_lim_theta"":0.6,""acc_lim_x"":0.6,""inflation_dist"":0.725,""max_vel_theta"":0.75,""max_vel_x"":0.9,""min_obstacle_dist"":0.375,""weight_obstacle"":75.0,""weight_optimaltime"":0.75,""weight_viapoint"":2.5}","{""acc_lim_theta"":0.6,""acc_lim_x"":0.6,""inflation_dist"":0.725,""max_vel_theta"":0.75,""max_vel_x"":0.9,""min_obstacle_dist"":0.375,""weight_obstacle"":75.0,""weight_optimaltime"":0.75,""weight_viapoint"":2.5}","{""acc_lim_theta"":0.6,""acc_lim_x"":0.6,""inflation_dist"":0.725,""max_vel_theta"":0.75,""max_vel_x"":0.9,""min_obstacle_dist"":0.375,""weight_obstacle"":75.0,""weight_optimaltime"":0.75,""weight_viapoint"":2.5}",false,,false,WARNING,margin:warning|safety_mode:WARNING:conservative_filter,false,,12.026139479280847,2.080502002312005,-0.05,-0.0,-0.0026711333265197887,-0.0016913897046392902,-0.0,-0.0,10.0,0.0,0.0,0.0,0.0,0.0,0.006517992005683482,0.0,48.00000000000182,true,
t12p_residual_seed102,t12p_residual_seed102-episode-000003,0,1,21.544,20.938,20.938,20.954,20.994,21.494,0,0.5,true,,4.990562352877876,4.519012457649972,0.05015579386839462,9.78815390935661e-06,0.31256445954992285,0.9,0.30178496114328796,1.065698922245863,0.00014216468140047976,,"[0.0,0.0,0.0,0.0,0.0]",,"{""acc_lim_theta"":0.8,""acc_lim_x"":0.8,""inflation_dist"":0.55,""max_vel_theta"":1.0,""max_vel_x"":1.2,""min_obstacle_dist"":0.25,""weight_obstacle"":50.0,""weight_optimaltime"":1.0,""weight_viapoint"":1.0}","{""acc_lim_theta"":0.6,""acc_lim_x"":0.6,""inflation_dist"":0.725,""max_vel_theta"":0.75,""max_vel_x"":0.9,""min_obstacle_dist"":0.375,""weight_obstacle"":75.0,""weight_optimaltime"":0.75,""weight_viapoint"":2.5}","{""acc_lim_theta"":0.7000000000000001,""acc_lim_x"":0.7000000000000001,""inflation_dist"":0.6000000000000001,""max_vel_theta"":0.9,""max_vel_x"":1.0999999999999999,""min_obstacle_dist"":0.3,""weight_obstacle"":60.0,""weight_optimaltime"":0.9,""weight_viapoint"":1.5}","{""acc_lim_theta"":0.7000000000000001,""acc_lim_x"":0.7000000000000001,""inflation_dist"":0.55,""max_vel_theta"":0.9,""max_vel_x"":1.0999999999999999,""min_obstacle_dist"":0.25,""weight_obstacle"":50.0,""weight_optimaltime"":0.9,""weight_viapoint"":1.5}","{""acc_lim_theta"":0.7000000000000001,""acc_lim_x"":0.7000000000000001,""inflation_dist"":0.55,""max_vel_theta"":0.9,""max_vel_x"":1.0999999999999999,""min_obstacle_dist"":0.25,""weight_obstacle"":50.0,""weight_optimaltime"":0.9,""weight_viapoint"":1.5}",true,max_vel_x:rate_limit|max_vel_theta:rate_limit|acc_lim_x:rate_limit|acc_lim_theta:rate_limit|min_obstacle_dist:rate_limit|inflation_dist:rate_limit|weight_obstacle:rate_limit|weight_viapoint:rate_limit|weight_optimaltime:rate_limit,true,WARNING,margin:warning|safety_mode:WARNING:conservative_filter|warning:corridor_feasibility_profile,false,,1.8296008327913826,2.357749476139519,-0.05,-0.21738779499791716,-0.0012759123817163136,-0.13615160263516998,-0.0,-0.12333333333333335,0.0,0.0,0.0,1.0,0.0,0.0,0.014520992408506572,16.00000000000179,56.00000000000094,true,
t12p_residual_seed102,t12p_residual_seed102-episode-000003,1,2,22.144,21.538,21.544,21.562,21.594,22.094,0,0.5,true,,4.412442787364909,3.926711757722416,0.009783327082555821,0.00016000528806921145,0.3112403061987719,0.9130434782608695,0.33077898930862937,0.9646480173067125,-0.0010283605140586367,,"[0.0,0.0,0.0,0.0,0.0]",,"{""acc_lim_theta"":0.7000000000000001,""acc_lim_x"":0.7000000000000001,""inflation_dist"":0.55,""max_vel_theta"":0.9,""max_vel_x"":1.0999999999999999,""min_obstacle_dist"":0.25,""weight_obstacle"":50.0,""weight_optimaltime"":0.9,""weight_viapoint"":1.5}","{""acc_lim_theta"":0.6,""acc_lim_x"":0.6,""inflation_dist"":0.725,""max_vel_theta"":0.75,""max_vel_x"":0.9,""min_obstacle_dist"":0.375,""weight_obstacle"":75.0,""weight_optimaltime"":0.75,""weight_viapoint"":2.5}","{""acc_lim_theta"":0.6000000000000001,""acc_lim_x"":0.6000000000000001,""inflation_dist"":0.6000000000000001,""max_vel_theta"":0.8,""max_vel_x"":0.9999999999999999,""min_obstacle_dist"":0.3,""weight_obstacle"":60.0,""weight_optimaltime"":0.8,""weight_viapoint"":2.0}","{""acc_lim_theta"":0.6000000000000001,""acc_lim_x"":0.6000000000000001,""inflation_dist"":0.55,""max_vel_theta"":0.8,""max_vel_x"":0.9999999999999999,""min_obstacle_dist"":0.25,""weight_obstacle"":50.0,""weight_optimaltime"":0.8,""weight_viapoint"":2.0}","{""acc_lim_theta"":0.6000000000000001,""acc_lim_x"":0.6000000000000001,""inflation_dist"":0.55,""max_vel_theta"":0.8,""max_vel_x"":0.9999999999999999,""min_obstacle_dist"":0.25,""weight_obstacle"":50.0,""weight_optimaltime"":0.8,""weight_viapoint"":2.0}",true,max_vel_x:rate_limit|max_vel_theta:rate_limit|acc_lim_x:rate_limit|acc_lim_theta:rate_limit|min_obstacle_dist:rate_limit|inflation_dist:rate_limit|weight_obstacle:rate_limit|weight_viapoint:rate_limit|weight_optimaltime:rate_limit,true,WARNING,margin:warning|safety_mode:WARNING:conservative_filter|warning:corridor_feasibility_profile,false,,2.024507492275576,2.428655148212464,-0.05,-0.21650882152546702,-0.0008398909456844592,-0.013465610132403414,-0.0,-0.12333333333333332,0.0,0.0,0.0,1.0,0.0,0.0,0.006814996595494449,18.000000000000682,50.00000000000071,true,
t12p_residual_seed102,t12p_residual_seed102-episode-000003,2,3,22.746,22.142,22.144,22.162,22.196,22.696,0,0.5,true,,3.8302471790441293,3.3927073697298886,0.005640195425107898,4.339453907306553e-05,0.3112403061987719,0.9025974025974026,0.3579257383167629,0.8932875922680076,7.461578145180087e-05,,"[0.0,0.0,0.0,0.0,0.0]",,"{""acc_lim_theta"":0.6000000000000001,""acc_lim_x"":0.6000000000000001,""inflation_dist"":0.55,""max_vel_theta"":0.8,""max_vel_x"":0.9999999999999999,""min_obstacle_dist"":0.25,""weight_obstacle"":50.0,""weight_optimaltime"":0.8,""weight_viapoint"":2.0}","{""acc_lim_theta"":0.6,""acc_lim_x"":0.6,""inflation_dist"":0.725,""max_vel_theta"":0.75,""max_vel_x"":0.9,""min_obstacle_dist"":0.375,""weight_obstacle"":75.0,""weight_optimaltime"":0.75,""weight_viapoint"":2.5}","{""acc_lim_theta"":0.6,""acc_lim_x"":0.6,""inflation_dist"":0.6000000000000001,""max_vel_theta"":0.75,""max_vel_x"":0.9,""min_obstacle_dist"":0.3,""weight_obstacle"":60.0,""weight_optimaltime"":0.75,""weight_viapoint"":2.5}","{""acc_lim_theta"":0.6,""acc_lim_x"":0.6,""inflation_dist"":0.55,""max_vel_theta"":0.7000000000000001,""max_vel_x"":0.8999999999999999,""min_obstacle_dist"":0.25,""weight_obstacle"":50.0,""weight_optimaltime"":0.7000000000000001,""weight_viapoint"":2.5}","{""acc_lim_theta"":0.6,""acc_lim_x"":0.6,""inflation_dist"":0.55,""max_vel_theta"":0.7000000000000001,""max_vel_x"":0.8999999999999999,""min_obstacle_dist"":0.25,""weight_obstacle"":50.0,""weight_optimaltime"":0.7000000000000001,""weight_viapoint"":2.5}",true,min_obstacle_dist:rate_limit|inflation_dist:rate_limit|weight_obstacle:rate_limit,true,WARNING,margin:warning|safety_mode:WARNING:conservative_filter|warning:corridor_feasibility_profile,false,,1.8358272054163747,2.187699046571203,-0.05,-0.21708612680581865,-2.2802439912852124e-05,-0.011429578575763598,-0.0,-0.07333333333333338,0.0,0.0,0.0,1.0,0.0,0.0,0.008306000381708145,18.000000000000682,52.000000000003155,true,
t12p_residual_seed102,t12p_residual_seed102-episode-000003,3,4,23.344,22.738,22.746,22.766,22.794,23.294,0,0.5,true,,3.3039602578333005,2.9135362072797992,0.008634010296640005,0.00028160064794502344,0.3112403061987719,0.8926282051282052,0.4187012939475171,0.764136556669829,0.0016111438274743557,,"[0.0,0.0,0.0,0.0,0.0]",,"{""acc_lim_theta"":0.6,""acc_lim_x"":0.6,""inflation_dist"":0.55,""max_vel_theta"":0.7000000000000001,""max_vel_x"":0.8999999999999999,""min_obstacle_dist"":0.25,""weight_obstacle"":50.0,""weight_optimaltime"":0.7000000000000001,""weight_viapoint"":2.5}","{""acc_lim_theta"":0.6,""acc_lim_x"":0.6,""inflation_dist"":0.725,""max_vel_theta"":0.75,""max_vel_x"":0.9,""min_obstacle_dist"":0.375,""weight_obstacle"":75.0,""weight_optimaltime"":0.75,""weight_viapoint"":2.5}","{""acc_lim_theta"":0.6,""acc_lim_x"":0.6,""inflation_dist"":0.6000000000000001,""max_vel_theta"":0.75,""max_vel_x"":0.9,""min_obstacle_dist"":0.3,""weight_obstacle"":60.0,""weight_optimaltime"":0.75,""weight_viapoint"":2.5}","{""acc_lim_theta"":0.6,""acc_lim_x"":0.6,""inflation_dist"":0.55,""max_vel_theta"":0.65,""max_vel_x"":0.8,""min_obstacle_dist"":0.25,""weight_obstacle"":50.0,""weight_optimaltime"":0.7,""weight_viapoint"":3.0}","{""acc_lim_theta"":0.6,""acc_lim_x"":0.6,""inflation_dist"":0.55,""max_vel_theta"":0.65,""max_vel_x"":0.8,""min_obstacle_dist"":0.25,""weight_obstacle"":50.0,""weight_optimaltime"":0.7,""weight_viapoint"":3.0}",true,min_obstacle_dist:rate_limit|inflation_dist:rate_limit|weight_obstacle:rate_limit,true,WARNING,margin:warning|safety_mode:WARNING:conservative_filter|warning:corridor_feasibility_profile,false,,1.6314694661385847,1.9521202527675063,-0.05,-0.21596847203134995,-3.7867964246511435e-05,-0.011311113299991592,-0.0,-0.04333333333333335,0.0,0.0,0.0,1.0,0.0,0.0,0.006774993380531669,19.999999999999574,48.00000000000182,true,
t12p_residual_seed102,t12p_residual_seed102-episode-000003,4,5,23.894,23.338,23.344,23.366,23.392,23.892,0,0.45000000000000284,true,,2.837123018230054,2.480320436495664,0.009389730004610191,3.6794441598875873e-06,0.3085298517727373,0.8853503184713376,0.40260541558465335,0.7663330889990589,0.00025749024856800925,,"[0.0,0.0,0.0,0.0,0.0]",,"{""acc_lim_theta"":0.6,""acc_lim_x"":0.6,""inflation_dist"":0.55,""max_vel_theta"":0.65,""max_vel_x"":0.8,""min_obstacle_dist"":0.25,""weight_obstacle"":50.0,""weight_optimaltime"":0.7,""weight_viapoint"":3.0}","{""acc_lim_theta"":0.6,""acc_lim_x"":0.6,""inflation_dist"":0.725,""max_vel_theta"":0.75,""max_vel_x"":0.9,""min_obstacle_dist"":0.375,""weight_obstacle"":75.0,""weight_optimaltime"":0.75,""weight_viapoint"":2.5}","{""acc_lim_theta"":0.6,""acc_lim_x"":0.6,""inflation_dist"":0.6000000000000001,""max_vel_theta"":0.75,""max_vel_x"":0.9,""min_obstacle_dist"":0.3,""weight_obstacle"":60.0,""weight_optimaltime"":0.75,""weight_viapoint"":2.5}","{""acc_lim_theta"":0.6,""acc_lim_x"":0.6,""inflation_dist"":0.55,""max_vel_theta"":0.65,""max_vel_x"":0.8,""min_obstacle_dist"":0.25,""weight_obstacle"":50.0,""weight_optimaltime"":0.7,""weight_viapoint"":3.5}","{""acc_lim_theta"":0.6,""acc_lim_x"":0.6,""inflation_dist"":0.55,""max_vel_theta"":0.65,""max_vel_x"":0.8,""min_obstacle_dist"":0.25,""weight_obstacle"":50.0,""weight_optimaltime"":0.7,""weight_viapoint"":3.5}",true,min_obstacle_dist:rate_limit|inflation_dist:rate_limit|weight_obstacle:rate_limit,true,WARNING,margin:warning|safety_mode:WARNING:conservative_filter|warning:corridor_feasibility_profile,false,,1.5271048255683959,1.7840129086719503,-0.04500000000000029,-0.19432398613247737,-9.282935743263044e-06,-0.0009081473686670324,-0.0,-0.016666666666666666,0.0,0.0,0.0,1.0,0.0,0.0,0.008048999006859958,21.999999999998465,47.999999999998266,true,
t12p_residual_seed102,t12p_residual_seed102-episode-000003,5,6,24.544,23.878,23.894,23.914,23.994,24.494,0,0.5,true,,2.369667906464338,1.983703297387392,0.05004131141785863,5.182553579197943e-06,0.3085298517727373,0.8841269841269841,0.41118311545510566,0.7853243625939088,-0.00011105108845825422,,"[0.0,0.0,0.0,0.0,0.0]",,"{""acc_lim_theta"":0.6,""acc_lim_x"":0.6,""inflation_dist"":0.55,""max_vel_theta"":0.65,""max_vel_x"":0.8,""min_obstacle_dist"":0.25,""weight_obstacle"":50.0,""weight_optimaltime"":0.7,""weight_viapoint"":3.5}","{""acc_lim_theta"":0.6,""acc_lim_x"":0.6,""inflation_dist"":0.725,""max_vel_theta"":0.75,""max_vel_x"":0.9,""min_obstacle_dist"":0.375,""weight_obstacle"":75.0,""weight_optimaltime"":0.75,""weight_viapoint"":2.5}","{""acc_lim_theta"":0.6,""acc_lim_x"":0.6,""inflation_dist"":0.6000000000000001,""max_vel_theta"":0.75,""max_vel_x"":0.9,""min_obstacle_dist"":0.3,""weight_obstacle"":60.0,""weight_optimaltime"":0.75,""weight_viapoint"":3.0}","{""acc_lim_theta"":0.6,""acc_lim_x"":0.6,""inflation_dist"":0.55,""max_vel_theta"":0.65,""max_vel_x"":0.8,""min_obstacle_dist"":0.25,""weight_obstacle"":50.0,""weight_optimaltime"":0.7,""weight_viapoint"":4.0}","{""acc_lim_theta"":0.6,""acc_lim_x"":0.6,""inflation_dist"":0.55,""max_vel_theta"":0.65,""max_vel_x"":0.8,""min_obstacle_dist"":0.25,""weight_obstacle"":50.0,""weight_optimaltime"":0.7,""weight_viapoint"":4.0}",true,min_obstacle_dist:rate_limit|inflation_dist:rate_limit|weight_obstacle:rate_limit|weight_viapoint:rate_limit,true,WARNING,margin:warning|safety_mode:WARNING:conservative_filter|warning:corridor_feasibility_profile,false,,1.6489380716668267,1.9298230453847298,-0.05,-0.21237034899727758,-0.0012749952351257877,-0.0005729628188328827,-0.0,-0.016666666666666666,0.0,0.0,0.0,1.0,0.0,0.0,0.00683699909131974,20.000000000003126,100.00000000000142,true,
t12p_residual_seed102,t12p_residual_seed102-episode-000003,6,7,25.146,24.538,24.544,24.544,24.596,25.096,0,0.5,true,,1.905554195694384,1.5171016946378233,0.051118185080660176,0.000304697127046184,0.3085298517727373,0.8837579617834395,0.41277153692086266,0.7800280856072249,-0.0006640954727740065,,"[0.0,0.0,0.0,0.0,0.0]",,"{""acc_lim_theta"":0.6,""acc_lim_x"":0.6,""inflation_dist"":0.55,""max_vel_theta"":0.65,""max_vel_x"":0.8,""min_obstacle_dist"":0.25,""weight_obstacle"":50.0,""weight_optimaltime"":0.7,""weight_viapoint"":4.0}","{""acc_lim_theta"":0.6,""acc_lim_x"":0.6,""inflation_dist"":0.725,""max_vel_theta"":0.75,""max_vel_x"":0.9,""min_obstacle_dist"":0.375,""weight_obstacle"":75.0,""weight_optimaltime"":0.75,""weight_viapoint"":2.5}","{""acc_lim_theta"":0.6,""acc_lim_x"":0.6,""inflation_dist"":0.6000000000000001,""max_vel_theta"":0.75,""max_vel_x"":0.9,""min_obstacle_dist"":0.3,""weight_obstacle"":60.0,""weight_optimaltime"":0.75,""weight_viapoint"":3.5}","{""acc_lim_theta"":0.6,""acc_lim_x"":0.6,""inflation_dist"":0.55,""max_vel_theta"":0.65,""max_vel_x"":0.8,""min_obstacle_dist"":0.25,""weight_obstacle"":50.0,""weight_optimaltime"":0.7,""weight_viapoint"":4.0}","{""acc_lim_theta"":0.6,""acc_lim_x"":0.6,""inflation_dist"":0.55,""max_vel_theta"":0.65,""max_vel_x"":0.8,""min_obstacle_dist"":0.25,""weight_obstacle"":50.0,""weight_optimaltime"":0.7,""weight_viapoint"":4.0}",true,min_obstacle_dist:rate_limit|inflation_dist:rate_limit|weight_obstacle:rate_limit|weight_viapoint:rate_limit,true,WARNING,margin:warning|safety_mode:WARNING:conservative_filter|warning:corridor_feasibility_profile,false,,1.672600776172658,1.9422625052828035,-0.05,-0.2170942872606727,-0.001278709823289201,-0.0012887320261836018,-0.0,-0.0,0.0,0.0,0.0,1.0,0.0,0.0,0.009001989383250475,0.0,51.9999999999996,true,
t12p_residual_seed102,t12p_residual_seed102-episode-000003,7,8,25.756,25.138,25.146,25.146,25.206,25.706,0,0.5,true,,1.423100552536758,1.0356355785118334,0.05021628221927179,7.795573115497804e-06,0.3085298517727373,0.8938906752411575,0.41349281464653986,0.7765782549949914,-0.00015506283341092596,,"[0.0,0.0,0.0,0.0,0.0]",,"{""acc_lim_theta"":0.6,""acc_lim_x"":0.6,""inflation_dist"":0.55,""max_vel_theta"":0.65,""max_vel_x"":0.8,""min_obstacle_dist"":0.25,""weight_obstacle"":50.0,""weight_optimaltime"":0.7,""weight_viapoint"":4.0}","{""acc_lim_theta"":0.6,""acc_lim_x"":0.6,""inflation_dist"":0.725,""max_vel_theta"":0.75,""max_vel_x"":0.9,""min_obstacle_dist"":0.375,""weight_obstacle"":75.0,""weight_optimaltime"":0.75,""weight_viapoint"":2.5}","{""acc_lim_theta"":0.6,""acc_lim_x"":0.6,""inflation_dist"":0.6000000000000001,""max_vel_theta"":0.75,""max_vel_x"":0.9,""min_obstacle_dist"":0.3,""weight_obstacle"":60.0,""weight_optimaltime"":0.75,""weight_viapoint"":3.5}","{""acc_lim_theta"":0.6,""acc_lim_x"":0.6,""inflation_dist"":0.55,""max_vel_theta"":0.65,""max_vel_x"":0.8,""min_obstacle_dist"":0.25,""weight_obstacle"":50.0,""weight_optimaltime"":0.7,""weight_viapoint"":4.0}","{""acc_lim_theta"":0.6,""acc_lim_x"":0.6,""inflation_dist"":0.55,""max_vel_theta"":0.65,""max_vel_x"":0.8,""min_obstacle_dist"":0.25,""weight_obstacle"":50.0,""weight_optimaltime"":0.7,""weight_viapoint"":4.0}",true,min_obstacle_dist:rate_limit|inflation_dist:rate_limit|weight_obstacle:rate_limit|weight_viapoint:rate_limit,true,WARNING,margin:warning|safety_mode:WARNING:conservative_filter|warning:corridor_feasibility_profile,false,,1.6705308612708476,1.9373248701246226,-0.05,-0.21413867937198966,-0.0012756692481322978,-0.0013796602336528727,-0.0,-0.0,0.0,0.0,0.0,1.0,0.0,0.0,0.006907997885718942,0.0,59.99999999999872,true,
t12p_residual_seed102,t12p_residual_seed102-episode-000003,8,9,29.35,25.746,25.756,25.756,25.8,26.3,0,0.5,true,,0.9579810089575559,0.5710276210006268,0.46392075488228973,0.02719299102963704,0.3085298517727373,0.7692307692307693,0.46352761077583415,0.8,0.06039886098106739,,"[0.0,0.0,0.0,0.0,0.0]",,"{""acc_lim_theta"":0.6,""acc_lim_x"":0.6,""inflation_dist"":0.55,""max_vel_theta"":0.65,""max_vel_x"":0.8,""min_obstacle_dist"":0.25,""weight_obstacle"":50.0,""weight_optimaltime"":0.7,""weight_viapoint"":4.0}","{""acc_lim_theta"":0.6,""acc_lim_x"":0.6,""inflation_dist"":0.725,""max_vel_theta"":0.75,""max_vel_x"":0.9,""min_obstacle_dist"":0.375,""weight_obstacle"":75.0,""weight_optimaltime"":0.75,""weight_viapoint"":2.5}","{""acc_lim_theta"":0.6,""acc_lim_x"":0.6,""inflation_dist"":0.6000000000000001,""max_vel_theta"":0.75,""max_vel_x"":0.9,""min_obstacle_dist"":0.3,""weight_obstacle"":60.0,""weight_optimaltime"":0.75,""weight_viapoint"":3.5}","{""acc_lim_theta"":0.6,""acc_lim_x"":0.6,""inflation_dist"":0.55,""max_vel_theta"":0.65,""max_vel_x"":0.8,""min_obstacle_dist"":0.25,""weight_obstacle"":50.0,""weight_optimaltime"":0.7,""weight_viapoint"":4.0}","{""acc_lim_theta"":0.6,""acc_lim_x"":0.6,""inflation_dist"":0.55,""max_vel_theta"":0.65,""max_vel_x"":0.8,""min_obstacle_dist"":0.25,""weight_obstacle"":50.0,""weight_optimaltime"":0.7,""weight_viapoint"":4.0}",true,min_obstacle_dist:rate_limit|inflation_dist:rate_limit|weight_obstacle:rate_limit|weight_viapoint:rate_limit,true,WARNING,margin:warning|safety_mode:WARNING:conservative_filter|warning:corridor_feasibility_profile,false,,1.6638666825860529,1.9347669397846456,-0.05,-0.21925768353119962,-0.00034799823893848686,-0.0012945754284545098,-0.0,-0.0,0.0,0.0,0.0,1.0,0.0,0.0,0.004838002496398985,0.0,44.00000000000048,true,
t12p_residual_seed102,t12p_residual_seed102-episode-000003,9,10,29.942,29.338,29.35,29.35,29.392,29.892,0,0.5,true,,1.8618276708398778,2.1066960330046522,0.061477245415443194,0.026119038668967014,0.3085298517727373,0.6938775510204082,1.4516136435580318,0.3163932746857623,0.014919047312205185,,"[0.0,0.0,0.0,0.0,0.0]",,"{""acc_lim_theta"":0.6,""acc_lim_x"":0.6,""inflation_dist"":0.55,""max_vel_theta"":0.65,""max_vel_x"":0.8,""min_obstacle_dist"":0.25,""weight_obstacle"":50.0,""weight_optimaltime"":0.7,""weight_viapoint"":4.0}","{""acc_lim_theta"":0.6,""acc_lim_x"":0.6,""inflation_dist"":0.725,""max_vel_theta"":0.75,""max_vel_x"":0.9,""min_obstacle_dist"":0.375,""weight_obstacle"":75.0,""weight_optimaltime"":0.75,""weight_viapoint"":2.5}","{""acc_lim_theta"":0.6,""acc_lim_x"":0.6,""inflation_dist"":0.6000000000000001,""max_vel_theta"":0.75,""max_vel_x"":0.9,""min_obstacle_dist"":0.3,""weight_obstacle"":60.0,""weight_optimaltime"":0.75,""weight_viapoint"":3.5}","{""acc_lim_theta"":0.6,""acc_lim_x"":0.6,""inflation_dist"":0.55,""max_vel_theta"":0.65,""max_vel_x"":0.8,""min_obstacle_dist"":0.25,""weight_obstacle"":50.0,""weight_optimaltime"":0.7,""weight_viapoint"":4.0}","{""acc_lim_theta"":0.6,""acc_lim_x"":0.6,""inflation_dist"":0.55,""max_vel_theta"":0.65,""max_vel_x"":0.8,""min_obstacle_dist"":0.25,""weight_obstacle"":50.0,""weight_optimaltime"":0.7,""weight_viapoint"":4.0}",true,min_obstacle_dist:rate_limit|inflation_dist:rate_limit|weight_obstacle:rate_limit|weight_viapoint:rate_limit,true,WARNING,margin:warning|safety_mode:WARNING:conservative_filter|warning:corridor_feasibility_profile,false,,-1.6081680963771627,-1.2243418108238724,-0.05,-0.09107073630504034,-0.1895533311545305,-0.0532022180937195,-0.0,-0.0,0.0,0.0,0.0,1.0,0.0,0.0,0.006848000339232385,0.0,41.99999999999804,true,
t12p_residual_seed102,t12p_residual_seed102-episode-000003,10,11,30.49,29.938,29.942,29.942,29.988,30.488,0,0.45000000000000284,true,,2.138326796204536,2.2144595067597157,0.15357202734764552,0.08527050315497077,0.3085298517727373,0.664804469273743,4.788950669310348,0.0970204420985881,0.07897413841363414,,"[0.0,0.0,0.0,0.0,0.0]",,"{""acc_lim_theta"":0.6,""acc_lim_x"":0.6,""inflation_dist"":0.55,""max_vel_theta"":0.65,""max_vel_x"":0.8,""min_obstacle_dist"":0.25,""weight_obstacle"":50.0,""weight_optimaltime"":0.7,""weight_viapoint"":4.0}","{""acc_lim_theta"":0.6,""acc_lim_x"":0.6,""inflation_dist"":0.725,""max_vel_theta"":0.75,""max_vel_x"":0.9,""min_obstacle_dist"":0.375,""weight_obstacle"":75.0,""weight_optimaltime"":0.75,""weight_viapoint"":2.5}","{""acc_lim_theta"":0.6,""acc_lim_x"":0.6,""inflation_dist"":0.6000000000000001,""max_vel_theta"":0.75,""max_vel_x"":0.9,""min_obstacle_dist"":0.3,""weight_obstacle"":60.0,""weight_optimaltime"":0.75,""weight_viapoint"":3.5}","{""acc_lim_theta"":0.6,""acc_lim_x"":0.6,""inflation_dist"":0.55,""max_vel_theta"":0.65,""max_vel_x"":0.8,""min_obstacle_dist"":0.25,""weight_obstacle"":50.0,""weight_optimaltime"":0.7,""weight_viapoint"":4.0}","{""acc_lim_theta"":0.6,""acc_lim_x"":0.6,""inflation_dist"":0.55,""max_vel_theta"":0.65,""max_vel_x"":0.8,""min_obstacle_dist"":0.25,""weight_obstacle"":50.0,""weight_optimaltime"":0.7,""weight_viapoint"":4.0}",true,min_obstacle_dist:rate_limit|inflation_dist:rate_limit|weight_obstacle:rate_limit|weight_viapoint:rate_limit,true,WARNING,margin:warning|safety_mode:WARNING:conservative_filter|warning:corridor_feasibility_profile,false,,-0.5038544123615957,-0.38066355277589947,-0.04500000000000029,-0.04292900513432387,-0.0063268728161280634,-0.028934981635244068,-0.0,-0.0,0.0,0.0,0.0,1.0,0.0,0.0,0.005542999133467674,0.0,45.999999999999375,true,
t12p_residual_seed102,t12p_residual_seed102-episode-000003,11,12,31.138,30.488,30.49,30.49,30.588,31.088,0,0.5,true,,2.222883362716897,2.1726500062324496,0.015718006793236608,0.059847691886532946,0.3085298517727373,0.6774193548387096,3.844232801930994,-0.12367268400925953,-0.046482460672624834,,"[0.0,0.0,0.0,0.0,0.0]",,"{""acc_lim_theta"":0.6,""acc_lim_x"":0.6,""inflation_dist"":0.55,""max_vel_theta"":0.65,""max_vel_x"":0.8,""min_obstacle_dist"":0.25,""weight_obstacle"":50.0,""weight_optimaltime"":0.7,""weight_viapoint"":4.0}","{""acc_lim_theta"":0.6,""acc_lim_x"":0.6,""inflation_dist"":0.725,""max_vel_theta"":0.75,""max_vel_x"":0.9,""min_obstacle_dist"":0.375,""weight_obstacle"":75.0,""weight_optimaltime"":0.75,""weight_viapoint"":2.5}","{""acc_lim_theta"":0.6,""acc_lim_x"":0.6,""inflation_dist"":0.6000000000000001,""max_vel_theta"":0.75,""max_vel_x"":0.9,""min_obstacle_dist"":0.3,""weight_obstacle"":60.0,""weight_optimaltime"":0.75,""weight_viapoint"":3.5}","{""acc_lim_theta"":0.6,""acc_lim_x"":0.6,""inflation_dist"":0.55,""max_vel_theta"":0.65,""max_vel_x"":0.8,""min_obstacle_dist"":0.25,""weight_obstacle"":50.0,""weight_optimaltime"":0.7,""weight_viapoint"":4.0}","{""acc_lim_theta"":0.6,""acc_lim_x"":0.6,""inflation_dist"":0.55,""max_vel_theta"":0.65,""max_vel_x"":0.8,""min_obstacle_dist"":0.25,""weight_obstacle"":50.0,""weight_optimaltime"":0.7,""weight_viapoint"":4.0}",true,min_obstacle_dist:rate_limit|inflation_dist:rate_limit|weight_obstacle:rate_limit|weight_viapoint:rate_limit,true,WARNING,recovery:hysteresis_or_health_time|safety_mode:WARNING:conservative_filter|warning:corridor_feasibility_profile,false,,0.1144132114423656,0.25116678242223633,-0.05,-0.05033465778188396,-0.007895818478118021,-0.02852309471986878,-0.0,-0.0,0.0,0.0,0.0,1.0,0.0,0.0,0.00890500086825341,0.0,98.00000000000253,true,
t12p_residual_seed102,t12p_residual_seed102-episode-000003,12,13,31.742,31.138,31.138,31.138,31.192,31.692,0,0.5,true,,2.160303338629759,2.089063850150499,0.01445391069600923,0.04380487615037014,0.3085298517727373,0.696969696969697,2.9014958572321747,0.15625347232170025,-0.03771797869214937,,"[0.0,0.0,0.0,0.0,0.0]",,"{""acc_lim_theta"":0.6,""acc_lim_x"":0.6,""inflation_dist"":0.55,""max_vel_theta"":0.65,""max_vel_x"":0.8,""min_obstacle_dist"":0.25,""weight_obstacle"":50.0,""weight_optimaltime"":0.7,""weight_viapoint"":4.0}","{""acc_lim_theta"":0.6,""acc_lim_x"":0.6,""inflation_dist"":0.725,""max_vel_theta"":0.75,""max_vel_x"":0.9,""min_obstacle_dist"":0.375,""weight_obstacle"":75.0,""weight_optimaltime"":0.75,""weight_viapoint"":2.5}","{""acc_lim_theta"":0.6,""acc_lim_x"":0.6,""inflation_dist"":0.6000000000000001,""max_vel_theta"":0.75,""max_vel_x"":0.9,""min_obstacle_dist"":0.3,""weight_obstacle"":60.0,""weight_optimaltime"":0.75,""weight_viapoint"":3.5}","{""acc_lim_theta"":0.6,""acc_lim_x"":0.6,""inflation_dist"":0.55,""max_vel_theta"":0.65,""max_vel_x"":0.8,""min_obstacle_dist"":0.25,""weight_obstacle"":50.0,""weight_optimaltime"":0.7,""weight_viapoint"":4.0}","{""acc_lim_theta"":0.6,""acc_lim_x"":0.6,""inflation_dist"":0.55,""max_vel_theta"":0.65,""max_vel_x"":0.8,""min_obstacle_dist"":0.25,""weight_obstacle"":50.0,""weight_optimaltime"":0.7,""weight_viapoint"":4.0}",true,min_obstacle_dist:rate_limit|inflation_dist:rate_limit|weight_obstacle:rate_limit|weight_viapoint:rate_limit,true,WARNING,margin:warning|safety_mode:WARNING:conservative_filter|warning:corridor_feasibility_profile,false,,0.17077002255132143,0.35619744239630213,-0.05,-0.053351261045700586,-0.00010134764824036199,-0.08197481115103974,-0.0,-0.0,0.0,0.0,0.0,1.0,0.0,0.0,0.007801994797773659,0.0,53.999999999998494,true,
t12p_residual_seed102,t12p_residual_seed102-episode-000003,13,14,32.29,31.738,31.742,31.742,31.788,32.288,0,0.45000000000000284,true,,2.1046747087555446,2.1657748578398177,0.10533160944915246,0.050532558553249424,0.3085298517727373,0.6737967914438503,4.418693779805375,0.10700106444042078,-0.0240347449766734,,"[0.0,0.0,0.0,0.0,0.0]",,"{""acc_lim_theta"":0.6,""acc_lim_x"":0.6,""inflation_dist"":0.55,""max_vel_theta"":0.65,""max_vel_x"":0.8,""min_obstacle_dist"":0.25,""weight_obstacle"":50.0,""weight_optimaltime"":0.7,""weight_viapoint"":4.0}","{""acc_lim_theta"":0.6,""acc_lim_x"":0.6,""inflation_dist"":0.725,""max_vel_theta"":0.75,""max_vel_x"":0.9,""min_obstacle_dist"":0.375,""weight_obstacle"":75.0,""weight_optimaltime"":0.75,""weight_viapoint"":2.5}","{""acc_lim_theta"":0.6,""acc_lim_x"":0.6,""inflation_dist"":0.6000000000000001,""max_vel_theta"":0.75,""max_vel_x"":0.9,""min_obstacle_dist"":0.3,""weight_obstacle"":60.0,""weight_optimaltime"":0.75,""weight_viapoint"":3.5}","{""acc_lim_theta"":0.6,""acc_lim_x"":0.6,""inflation_dist"":0.55,""max_vel_theta"":0.65,""max_vel_x"":0.8,""min_obstacle_dist"":0.25,""weight_obstacle"":50.0,""weight_optimaltime"":0.7,""weight_viapoint"":4.0}","{""acc_lim_theta"":0.6,""acc_lim_x"":0.6,""inflation_dist"":0.55,""max_vel_theta"":0.65,""max_vel_x"":0.8,""min_obstacle_dist"":0.25,""weight_obstacle"":50.0,""weight_optimaltime"":0.7,""weight_viapoint"":4.0}",true,min_obstacle_dist:rate_limit|inflation_dist:rate_limit|weight_obstacle:rate_limit|weight_viapoint:rate_limit,true,WARNING,margin:warning|safety_mode:WARNING:conservative_filter|warning:corridor_feasibility_profile,false,,-0.4117494149951115,-0.3055007454213654,-0.04500000000000029,-0.052378000881300034,-0.002463008937070533,-0.006407659755375297,-0.0,-0.0,0.0,0.0,0.0,1.0,0.0,0.0,0.008673989214003086,0.0,45.999999999999375,true,
t12p_residual_seed102,t12p_residual_seed102-episode-000003,14,15,32.89,32.278,32.29,32.29,32.388,32.888,0,0.45000000000000284,true,,2.168371073942987,2.1722040500409583,0.10860546955651319,0.07633750152301232,0.3085298517727373,0.6666666666666666,9.236709045212194,0.028651941129130068,0.01965120718998598,,"[0.0,0.0,0.0,0.0,0.0]",,"{""acc_lim_theta"":0.6,""acc_lim_x"":0.6,""inflation_dist"":0.55,""max_vel_theta"":0.65,""max_vel_x"":0.8,""min_obstacle_dist"":0.25,""weight_obstacle"":50.0,""weight_optimaltime"":0.7,""weight_viapoint"":4.0}","{""acc_lim_theta"":0.6,""acc_lim_x"":0.6,""inflation_dist"":0.725,""max_vel_theta"":0.75,""max_vel_x"":0.9,""min_obstacle_dist"":0.375,""weight_obstacle"":75.0,""weight_optimaltime"":0.75,""weight_viapoint"":2.5}","{""acc_lim_theta"":0.6,""acc_lim_x"":0.6,""inflation_dist"":0.6000000000000001,""max_vel_theta"":0.75,""max_vel_x"":0.9,""min_obstacle_dist"":0.3,""weight_obstacle"":60.0,""weight_optimaltime"":0.75,""weight_viapoint"":3.5}","{""acc_lim_theta"":0.6,""acc_lim_x"":0.6,""inflation_dist"":0.55,""max_vel_theta"":0.65,""max_vel_x"":0.8,""min_obstacle_dist"":0.25,""weight_obstacle"":50.0,""weight_optimaltime"":0.7,""weight_viapoint"":4.0}","{""acc_lim_theta"":0.6,""acc_lim_x"":0.6,""inflation_dist"":0.55,""max_vel_theta"":0.65,""max_vel_x"":0.8,""min_obstacle_dist"":0.25,""weight_obstacle"":50.0,""weight_optimaltime"":0.7,""weight_viapoint"":4.0}",true,min_obstacle_dist:rate_limit|inflation_dist:rate_limit|weight_obstacle:rate_limit|weight_viapoint:rate_limit,true,WARNING,recovery:hysteresis_or_health_time|safety_mode:WARNING:conservative_filter|warning:corridor_feasibility_profile,false,,-0.18082756698049926,-0.019164880489856984,-0.04500000000000029,-0.041210034212311744,-0.005917836455991583,-0.06953481582233866,-0.0,-0.0,0.0,0.0,0.0,1.0,0.0,0.0,0.007994996849447489,0.0,97.99999999999898,true,
t12p_residual_seed102,t12p_residual_seed102-episode-000003,15,16,33.442,32.886,32.89,32.89,32.892,33.392,0,0.5,true,,2.173347119212936,2.2339336497370024,0.06389502807507795,0.09906740589217333,0.3085298517727373,0.6536312849162011,3.5761835088655745,-0.1285106238477412,-0.10708636818088227,,"[0.0,0.0,0.0,0.0,0.0]",,"{""acc_lim_theta"":0.6,""acc_lim_x"":0.6,""inflation_dist"":0.55,""max_vel_theta"":0.65,""max_vel_x"":0.8,""min_obstacle_dist"":0.25,""weight_obstacle"":50.0,""weight_optimaltime"":0.7,""weight_viapoint"":4.0}","{""acc_lim_theta"":0.6,""acc_lim_x"":0.6,""inflation_dist"":0.725,""max_vel_theta"":0.75,""max_vel_x"":0.9,""min_obstacle_dist"":0.375,""weight_obstacle"":75.0,""weight_optimaltime"":0.75,""weight_viapoint"":2.5}","{""acc_lim_theta"":0.6,""acc_lim_x"":0.6,""inflation_dist"":0.6000000000000001,""max_vel_theta"":0.75,""max_vel_x"":0.9,""min_obstacle_dist"":0.3,""weight_obstacle"":60.0,""weight_optimaltime"":0.75,""weight_viapoint"":3.5}","{""acc_lim_theta"":0.6,""acc_lim_x"":0.6,""inflation_dist"":0.55,""max_vel_theta"":0.65,""max_vel_x"":0.8,""min_obstacle_dist"":0.25,""weight_obstacle"":50.0,""weight_optimaltime"":0.7,""weight_viapoint"":4.0}","{""acc_lim_theta"":0.6,""acc_lim_x"":0.6,""inflation_dist"":0.55,""max_vel_theta"":0.65,""max_vel_x"":0.8,""min_obstacle_dist"":0.25,""weight_obstacle"":50.0,""weight_optimaltime"":0.7,""weight_viapoint"":4.0}",true,min_obstacle_dist:rate_limit|inflation_dist:rate_limit|weight_obstacle:rate_limit|weight_viapoint:rate_limit,true,WARNING,recovery:hysteresis_or_health_time|safety_mode:WARNING:conservative_filter|warning:corridor_feasibility_profile,false,,-0.4867746216264365,-0.3029326526203313,-0.05,-0.05441540175685654,-0.0011964426102136936,-0.07823012463903495,-0.0,-0.0,0.0,0.0,0.0,1.0,0.0,0.0,0.00598400947637856,0.0,2.0000000000024443,true,
t12p_residual_seed102,t12p_residual_seed102-episode-000003,16,17,34.038,33.438,33.442,33.442,33.488,33.988,0,0.5,true,,2.2211414733702792,2.138005032972208,0.03187718445992063,0.06833355654062281,0.3085298517727373,0.6858638743455497,2.8398291201690014,0.16350287303913547,0.1362449915552928,,"[0.0,0.0,0.0,0.0,0.0]",,"{""acc_lim_theta"":0.6,""acc_lim_x"":0.6,""inflation_dist"":0.55,""max_vel_theta"":0.65,""max_vel_x"":0.8,""min_obstacle_dist"":0.25,""weight_obstacle"":50.0,""weight_optimaltime"":0.7,""weight_viapoint"":4.0}","{""acc_lim_theta"":0.6,""acc_lim_x"":0.6,""inflation_dist"":0.725,""max_vel_theta"":0.75,""max_vel_x"":0.9,""min_obstacle_dist"":0.375,""weight_obstacle"":75.0,""weight_optimaltime"":0.75,""weight_viapoint"":2.5}","{""acc_lim_theta"":0.6,""acc_lim_x"":0.6,""inflation_dist"":0.6000000000000001,""max_vel_theta"":0.75,""max_vel_x"":0.9,""min_obstacle_dist"":0.3,""weight_obstacle"":60.0,""weight_optimaltime"":0.75,""weight_viapoint"":3.5}","{""acc_lim_theta"":0.6,""acc_lim_x"":0.6,""inflation_dist"":0.55,""max_vel_theta"":0.65,""max_vel_x"":0.8,""min_obstacle_dist"":0.25,""weight_obstacle"":50.0,""weight_optimaltime"":0.7,""weight_viapoint"":4.0}","{""acc_lim_theta"":0.6,""acc_lim_x"":0.6,""inflation_dist"":0.55,""max_vel_theta"":0.65,""max_vel_x"":0.8,""min_obstacle_dist"":0.25,""weight_obstacle"":50.0,""weight_optimaltime"":0.7,""weight_viapoint"":4.0}",true,min_obstacle_dist:rate_limit|inflation_dist:rate_limit|weight_obstacle:rate_limit|weight_viapoint:rate_limit,true,WARNING,margin:warning|safety_mode:WARNING:conservative_filter|warning:corridor_feasibility_profile,false,,0.23332724853095374,0.4156822019903572,-0.05,-0.055407806614949685,-0.0004563187697792763,-0.07649082807467453,-0.0,-0.0,0.0,0.0,0.0,1.0,0.0,0.0,0.005993002559989691,0.0,45.999999999999375,true,
t12p_residual_seed102,t12p_residual_seed102-episode-000003,17,18,34.638,34.018,34.038,34.038,34.088,34.588,0,0.5,true,,2.1543196679771994,2.133166018797997,0.018704200263217754,0.06454571423677638,0.3085298517727373,0.6910994764397905,4.653689023888996,-0.09646670781308109,0.015007985019632797,,"[0.0,0.0,0.0,0.0,0.0]",,"{""acc_lim_theta"":0.6,""acc_lim_x"":0.6,""inflation_dist"":0.55,""max_vel_theta"":0.65,""max_vel_x"":0.8,""min_obstacle_dist"":0.25,""weight_obstacle"":50.0,""weight_optimaltime"":0.7,""weight_viapoint"":4.0}","{""acc_lim_theta"":0.6,""acc_lim_x"":0.6,""inflation_dist"":0.725,""max_vel_theta"":0.75,""max_vel_x"":0.9,""min_obstacle_dist"":0.375,""weight_obstacle"":75.0,""weight_optimaltime"":0.75,""weight_viapoint"":2.5}","{""acc_lim_theta"":0.6,""acc_lim_x"":0.6,""inflation_dist"":0.6000000000000001,""max_vel_theta"":0.75,""max_vel_x"":0.9,""min_obstacle_dist"":0.3,""weight_obstacle"":60.0,""weight_optimaltime"":0.75,""weight_viapoint"":3.5}","{""acc_lim_theta"":0.6,""acc_lim_x"":0.6,""inflation_dist"":0.55,""max_vel_theta"":0.65,""max_vel_x"":0.8,""min_obstacle_dist"":0.25,""weight_obstacle"":50.0,""weight_optimaltime"":0.7,""weight_viapoint"":4.0}","{""acc_lim_theta"":0.6,""acc_lim_x"":0.6,""inflation_dist"":0.55,""max_vel_theta"":0.65,""max_vel_x"":0.8,""min_obstacle_dist"":0.25,""weight_obstacle"":50.0,""weight_optimaltime"":0.7,""weight_viapoint"":4.0}",true,min_obstacle_dist:rate_limit|inflation_dist:rate_limit|weight_obstacle:rate_limit|weight_viapoint:rate_limit,true,WARNING,margin:warning|safety_mode:WARNING:conservative_filter|warning:corridor_feasibility_profile,false,,-0.03465688173347601,0.10576824589601186,-0.05,-0.05910610362291746,-0.0009023513041768946,-0.03041667270239351,-0.0,-0.0,0.0,0.0,0.0,1.0,0.0,0.0,0.005752997822128236,0.0,50.00000000000426,true,
t12p_residual_seed102,t12p_residual_seed102-episode-000003,18,19,35.19,34.618,34.638,34.638,34.688,35.188,0,0.45000000000000284,true,,2.123538314567361,2.088129374613379,0.024392825230755318,0.03508537039641152,0.3085298517727373,0.6965174129353234,2.915046198925197,0.15203043454755355,-0.0884121908644179,,"[0.0,0.0,0.0,0.0,0.0]",,"{""acc_lim_theta"":0.6,""acc_lim_x"":0.6,""inflation_dist"":0.55,""max_vel_theta"":0.65,""max_vel_x"":0.8,""min_obstacle_dist"":0.25,""weight_obstacle"":50.0,""weight_optimaltime"":0.7,""weight_viapoint"":4.0}","{""acc_lim_theta"":0.6,""acc_lim_x"":0.6,""inflation_dist"":0.725,""max_vel_theta"":0.75,""max_vel_x"":0.9,""min_obstacle_dist"":0.375,""weight_obstacle"":75.0,""weight_optimaltime"":0.75,""weight_viapoint"":2.5}","{""acc_lim_theta"":0.6,""acc_lim_x"":0.6,""inflation_dist"":0.6000000000000001,""max_vel_theta"":0.75,""max_vel_x"":0.9,""min_obstacle_dist"":0.3,""weight_obstacle"":60.0,""weight_optimaltime"":0.75,""weight_viapoint"":3.5}","{""acc_lim_theta"":0.6,""acc_lim_x"":0.6,""inflation_dist"":0.55,""max_vel_theta"":0.65,""max_vel_x"":0.8,""min_obstacle_dist"":0.25,""weight_obstacle"":50.0,""weight_optimaltime"":0.7,""weight_viapoint"":4.0}","{""acc_lim_theta"":0.6,""acc_lim_x"":0.6,""inflation_dist"":0.55,""max_vel_theta"":0.65,""max_vel_x"":0.8,""min_obstacle_dist"":0.25,""weight_obstacle"":50.0,""weight_optimaltime"":0.7,""weight_viapoint"":4.0}",true,min_obstacle_dist:rate_limit|inflation_dist:rate_limit|weight_obstacle:rate_limit|weight_viapoint:rate_limit,true,WARNING,margin:warning|safety_mode:WARNING:conservative_filter|warning:corridor_feasibility_profile,false,,0.0035989824210299892,0.17704469976991044,-0.04500000000000029,-0.060243675491939916,-0.00014408784873816495,-0.06805795400820208,-0.0,-0.0,0.0,0.0,0.0,1.0,0.0,0.0,0.006753994966857135,0.0,50.00000000000426,true,
t12p_residual_seed102,t12p_residual_seed102-episode-000003,19,20,35.79,35.188,35.19,35.19,35.288,35.788,0,0.45000000000000284,true,,2.122401770336006,2.2302333467954583,0.11935653024607851,0.07566987133779204,0.3085298517727373,0.6573033707865169,4.879376423117402,0.09714970517837607,0.03904454972498517,,"[0.0,0.0,0.0,0.0,0.0]",,"{""acc_lim_theta"":0.6,""acc_lim_x"":0.6,""inflation_dist"":0.55,""max_vel_theta"":0.65,""max_vel_x"":0.8,""min_obstacle_dist"":0.25,""weight_obstacle"":50.0,""weight_optimaltime"":0.7,""weight_viapoint"":4.0}","{""acc_lim_theta"":0.6,""acc_lim_x"":0.6,""inflation_dist"":0.725,""max_vel_theta"":0.75,""max_vel_x"":0.9,""min_obstacle_dist"":0.375,""weight_obstacle"":75.0,""weight_optimaltime"":0.75,""weight_viapoint"":2.5}","{""acc_lim_theta"":0.6,""acc_lim_x"":0.6,""inflation_dist"":0.6000000000000001,""max_vel_theta"":0.75,""max_vel_x"":0.9,""min_obstacle_dist"":0.3,""weight_obstacle"":60.0,""weight_optimaltime"":0.75,""weight_viapoint"":3.5}","{""acc_lim_theta"":0.6,""acc_lim_x"":0.6,""inflation_dist"":0.55,""max_vel_theta"":0.65,""max_vel_x"":0.8,""min_obstacle_dist"":0.25,""weight_obstacle"":50.0,""weight_optimaltime"":0.7,""weight_viapoint"":4.0}","{""acc_lim_theta"":0.6,""acc_lim_x"":0.6,""inflation_dist"":0.55,""max_vel_theta"":0.65,""max_vel_x"":0.8,""min_obstacle_dist"":0.25,""weight_obstacle"":50.0,""weight_optimaltime"":0.7,""weight_viapoint"":4.0}",true,min_obstacle_dist:rate_limit|inflation_dist:rate_limit|weight_obstacle:rate_limit|weight_viapoint:rate_limit,true,WARNING,margin:warning|safety_mode:WARNING:conservative_filter|warning:corridor_feasibility_profile,false,,-0.6799495078690235,-0.5391578822972609,-0.04500000000000029,-0.039028809882709,-0.0028301368780698825,-0.05393267881098347,-0.0,-0.0,0.0,0.0,0.0,1.0,0.0,0.0,0.007333990652114153,0.0,97.99999999999898,true,
t12p_residual_seed102,t12p_residual_seed102-episode-000003,20,21,36.438,35.788,35.79,35.79,35.888,36.388,0,0.5,true,,2.2314926510365094,2.0921675230692767,0.014296109711404163,0.0341848948628473,0.3085298517727373,0.6965174129353234,1.7720792413955826,-0.2572168463021164,0.028496001928749345,,"[0.0,0.0,0.0,0.0,0.0]",,"{""acc_lim_theta"":0.6,""acc_lim_x"":0.6,""inflation_dist"":0.55,""max_vel_theta"":0.65,""max_vel_x"":0.8,""min_obstacle_dist"":0.25,""weight_obstacle"":50.0,""weight_optimaltime"":0.7,""weight_viapoint"":4.0}","{""acc_lim_theta"":0.6,""acc_lim_x"":0.6,""inflation_dist"":0.725,""max_vel_theta"":0.75,""max_vel_x"":0.9,""min_obstacle_dist"":0.375,""weight_obstacle"":75.0,""weight_optimaltime"":0.75,""weight_viapoint"":2.5}","{""acc_lim_theta"":0.6,""acc_lim_x"":0.6,""inflation_dist"":0.6000000000000001,""max_vel_theta"":0.75,""max_vel_x"":0.9,""min_obstacle_dist"":0.3,""weight_obstacle"":60.0,""weight_optimaltime"":0.75,""weight_viapoint"":3.5}","{""acc_lim_theta"":0.6,""acc_lim_x"":0.6,""inflation_dist"":0.55,""max_vel_theta"":0.65,""max_vel_x"":0.8,""min_obstacle_dist"":0.25,""weight_obstacle"":50.0,""weight_optimaltime"":0.7,""weight_viapoint"":4.0}","{""acc_lim_theta"":0.6,""acc_lim_x"":0.6,""inflation_dist"":0.55,""max_vel_theta"":0.65,""max_vel_x"":0.8,""min_obstacle_dist"":0.25,""weight_obstacle"":50.0,""weight_optimaltime"":0.7,""weight_viapoint"":4.0}",true,min_obstacle_dist:rate_limit|inflation_dist:rate_limit|weight_obstacle:rate_limit|weight_viapoint:rate_limit,true,WARNING,recovery:hysteresis_or_health_time|safety_mode:WARNING:conservative_filter|warning:corridor_feasibility_profile,false,,0.5396161027508307,0.6966256398361637,-0.05,-0.04560753412334509,-0.0001703508417269146,-0.06123165212026094,-0.0,-0.0,0.0,0.0,0.0,1.0,0.0,0.0,0.005697002052329481,0.0,97.99999999999898,true,
t12p_residual_seed102,t12p_residual_seed102-episode-000003,21,22,37.04,36.438,36.438,36.438,36.49,36.99,0,0.5,true,,2.0664602445138316,2.1339853437358207,0.07629318979478762,0.054985932650945486,0.3085298517727373,0.680628272251309,3.7192107528853486,0.12318036257659441,0.07978694966992247,,"[0.0,0.0,0.0,0.0,0.0]",,"{""acc_lim_theta"":0.6,""acc_lim_x"":0.6,""inflation_dist"":0.55,""max_vel_theta"":0.65,""max_vel_x"":0.8,""min_obstacle_dist"":0.25,""weight_obstacle"":50.0,""weight_optimaltime"":0.7,""weight_viapoint"":4.0}","{""acc_lim_theta"":0.6,""acc_lim_x"":0.6,""inflation_dist"":0.725,""max_vel_theta"":0.75,""max_vel_x"":0.9,""min_obstacle_dist"":0.375,""weight_obstacle"":75.0,""weight_optimaltime"":0.75,""weight_viapoint"":2.5}","{""acc_lim_theta"":0.6,""acc_lim_x"":0.6,""inflation_dist"":0.6000000000000001,""max_vel_theta"":0.75,""max_vel_x"":0.9,""min_obstacle_dist"":0.3,""weight_obstacle"":60.0,""weight_optimaltime"":0.75,""weight_viapoint"":3.5}","{""acc_lim_theta"":0.6,""acc_lim_x"":0.6,""inflation_dist"":0.55,""max_vel_theta"":0.65,""max_vel_x"":0.8,""min_obstacle_dist"":0.25,""weight_obstacle"":50.0,""weight_optimaltime"":0.7,""weight_viapoint"":4.0}","{""acc_lim_theta"":0.6,""acc_lim_x"":0.6,""inflation_dist"":0.55,""max_vel_theta"":0.65,""max_vel_x"":0.8,""min_obstacle_dist"":0.25,""weight_obstacle"":50.0,""weight_optimaltime"":0.7,""weight_viapoint"":4.0}",true,min_obstacle_dist:rate_limit|inflation_dist:rate_limit|weight_obstacle:rate_limit|weight_viapoint:rate_limit,true,WARNING,margin:warning|safety_mode:WARNING:conservative_filter|warning:corridor_feasibility_profile,false,,-0.5580962013785913,-0.33762549610994563,-0.05,-0.06086921748944401,-0.0003627547204113732,-0.10923873305879024,-0.0,-0.0,0.0,0.0,0.0,1.0,0.0,0.0,0.006936999852769077,0.0,51.9999999999996,true,
t12p_residual_seed102,t12p_residual_seed102-episode-000003,22,23,37.638,37.038,37.04,37.04,37.088,37.588,0,0.5,true,,2.146286529371431,2.1951179919666677,0.12803668504612178,0.045729265667601104,0.3085298517727373,0.6648351648351648,9.633160315278603,-0.032057238659643314,-0.026712914148142745,,"[0.0,0.0,0.0,0.0,0.0]",,"{""acc_lim_theta"":0.6,""acc_lim_x"":0.6,""inflation_dist"":0.55,""max_vel_theta"":0.65,""max_vel_x"":0.8,""min_obstacle_dist"":0.25,""weight_obstacle"":50.0,""weight_optimaltime"":0.7,""weight_viapoint"":4.0}","{""acc_lim_theta"":0.6,""acc_lim_x"":0.6,""inflation_dist"":0.725,""max_vel_theta"":0.75,""max_vel_x"":0.9,""min_obstacle_dist"":0.375,""weight_obstacle"":75.0,""weight_optimaltime"":0.75,""weight_viapoint"":2.5}","{""acc_lim_theta"":0.6,""acc_lim_x"":0.6,""inflation_dist"":0.6000000000000001,""max_vel_theta"":0.75,""max_vel_x"":0.9,""min_obstacle_dist"":0.3,""weight_obstacle"":60.0,""weight_optimaltime"":0.75,""weight_viapoint"":3.5}","{""acc_lim_theta"":0.6,""acc_lim_x"":0.6,""inflation_dist"":0.55,""max_vel_theta"":0.65,""max_vel_x"":0.8,""min_obstacle_dist"":0.25,""weight_obstacle"":50.0,""weight_optimaltime"":0.7,""weight_viapoint"":4.0}","{""acc_lim_theta"":0.6,""acc_lim_x"":0.6,""inflation_dist"":0.55,""max_vel_theta"":0.65,""max_vel_x"":0.8,""min_obstacle_dist"":0.25,""weight_obstacle"":50.0,""weight_optimaltime"":0.7,""weight_viapoint"":4.0}",true,min_obstacle_dist:rate_limit|inflation_dist:rate_limit|weight_obstacle:rate_limit|weight_viapoint:rate_limit,true,WARNING,margin:warning|safety_mode:WARNING:conservative_filter|warning:corridor_feasibility_profile,false,,-0.387745871730837,-0.24415731297618315,-0.05,-0.046699332179749226,-0.006968727764346059,-0.039920498810558584,-0.0,-0.0,0.0,0.0,0.0,1.0,0.0,0.0,0.007556009222753346,0.0,48.00000000000182,true,
t12p_residual_seed102,t12p_residual_seed102-episode-000003,23,24,38.19,37.638,37.638,37.638,37.688,38.188,0,0.45000000000000284,true,,2.1919153550414414,2.1065343135509176,0.0159738966407777,0.028777808765725436,0.3085298517727373,0.6938775510204082,4.270917878426308,-0.1077334393655887,-0.012144849123487718,,"[0.0,0.0,0.0,0.0,0.0]",,"{""acc_lim_theta"":0.6,""acc_lim_x"":0.6,""inflation_dist"":0.55,""max_vel_theta"":0.65,""max_vel_x"":0.8,""min_obstacle_dist"":0.25,""weight_obstacle"":50.0,""weight_optimaltime"":0.7,""weight_viapoint"":4.0}","{""acc_lim_theta"":0.6,""acc_lim_x"":0.6,""inflation_dist"":0.725,""max_vel_theta"":0.75,""max_vel_x"":0.9,""min_obstacle_dist"":0.375,""weight_obstacle"":75.0,""weight_optimaltime"":0.75,""weight_viapoint"":2.5}","{""acc_lim_theta"":0.6,""acc_lim_x"":0.6,""inflation_dist"":0.6000000000000001,""max_vel_theta"":0.75,""max_vel_x"":0.9,""min_obstacle_dist"":0.3,""weight_obstacle"":60.0,""weight_optimaltime"":0.75,""weight_viapoint"":3.5}","{""acc_lim_theta"":0.6,""acc_lim_x"":0.6,""inflation_dist"":0.55,""max_vel_theta"":0.65,""max_vel_x"":0.8,""min_obstacle_dist"":0.25,""weight_obstacle"":50.0,""weight_optimaltime"":0.7,""weight_viapoint"":4.0}","{""acc_lim_theta"":0.6,""acc_lim_x"":0.6,""inflation_dist"":0.55,""max_vel_theta"":0.65,""max_vel_x"":0.8,""min_obstacle_dist"":0.25,""weight_obstacle"":50.0,""weight_optimaltime"":0.7,""weight_viapoint"":4.0}",true,min_obstacle_dist:rate_limit|inflation_dist:rate_limit|weight_obstacle:rate_limit|weight_viapoint:rate_limit,true,WARNING,recovery:hysteresis_or_health_time|safety_mode:WARNING:conservative_filter|warning:corridor_feasibility_profile,false,,0.29482939252153206,0.4269052074526192,-0.04500000000000029,-0.03971563453779267,-0.002215108491975694,-0.04514507190131846,-0.0,-0.0,0.0,0.0,0.0,1.0,0.0,0.0,0.0056569988373667,0.0,50.00000000000426,true,
t12p_residual_seed102,t12p_residual_seed102-episode-000003,24,25,38.84,38.188,38.19,38.19,38.29,38.79,0,0.5,true,,2.1116033901196425,2.176745277003917,0.016193428951149873,0.04285897914161147,0.3085298517727373,0.6756756756756757,9.418820914235654,-0.043081269269492524,-0.034378469374474536,,"[0.0,0.0,0.0,0.0,0.0]",,"{""acc_lim_theta"":0.6,""acc_lim_x"":0.6,""inflation_dist"":0.55,""max_vel_theta"":0.65,""max_vel_x"":0.8,""min_obstacle_dist"":0.25,""weight_obstacle"":50.0,""weight_optimaltime"":0.7,""weight_viapoint"":4.0}","{""acc_lim_theta"":0.6,""acc_lim_x"":0.6,""inflation_dist"":0.725,""max_vel_theta"":0.75,""max_vel_x"":0.9,""min_obstacle_dist"":0.375,""weight_obstacle"":75.0,""weight_optimaltime"":0.75,""weight_viapoint"":2.5}","{""acc_lim_theta"":0.6,""acc_lim_x"":0.6,""inflation_dist"":0.6000000000000001,""max_vel_theta"":0.75,""max_vel_x"":0.9,""min_obstacle_dist"":0.3,""weight_obstacle"":60.0,""weight_optimaltime"":0.75,""weight_viapoint"":3.5}","{""acc_lim_theta"":0.6,""acc_lim_x"":0.6,""inflation_dist"":0.55,""max_vel_theta"":0.65,""max_vel_x"":0.8,""min_obstacle_dist"":0.25,""weight_obstacle"":50.0,""weight_optimaltime"":0.7,""weight_viapoint"":4.0}","{""acc_lim_theta"":0.6,""acc_lim_x"":0.6,""inflation_dist"":0.55,""max_vel_theta"":0.65,""max_vel_x"":0.8,""min_obstacle_dist"":0.25,""weight_obstacle"":50.0,""weight_optimaltime"":0.7,""weight_viapoint"":4.0}",true,min_obstacle_dist:rate_limit|inflation_dist:rate_limit|weight_obstacle:rate_limit|weight_viapoint:rate_limit,true,WARNING,margin:warning|safety_mode:WARNING:conservative_filter|warning:corridor_feasibility_profile,false,,-0.4507606724866121,-0.3257094344213729,-0.05,-0.044261814355529686,-0.00017857533888335675,-0.030610848370826144,-0.0,-0.0,0.0,0.0,0.0,1.0,0.0,0.0,0.0073590053943917155,0.0,100.00000000000142,true,
t12p_residual_seed102,t12p_residual_seed102-episode-000003,25,26,39.39,38.838,38.84,38.84,38.888,39.388,0,0.45000000000000284,true,,2.1724408291482877,2.1633980398308346,0.014400374213683169,0.043729593928454484,0.3085298517727373,0.679144385026738,6.9548835666393805,-0.06959167859912872,-0.015727900671480066,,"[0.0,0.0,0.0,0.0,0.0]",,"{""acc_lim_theta"":0.6,""acc_lim_x"":0.6,""inflation_dist"":0.55,""max_vel_theta"":0.65,""max_vel_x"":0.8,""min_obstacle_dist"":0.25,""weight_obstacle"":50.0,""weight_optimaltime"":0.7,""weight_viapoint"":4.0}","{""acc_lim_theta"":0.6,""acc_lim_x"":0.6,""inflation_dist"":0.725,""max_vel_theta"":0.75,""max_vel_x"":0.9,""min_obstacle_dist"":0.375,""weight_obstacle"":75.0,""weight_optimaltime"":0.75,""weight_viapoint"":2.5}","{""acc_lim_theta"":0.6,""acc_lim_x"":0.6,""inflation_dist"":0.6000000000000001,""max_vel_theta"":0.75,""max_vel_x"":0.9,""min_obstacle_dist"":0.3,""weight_obstacle"":60.0,""weight_optimaltime"":0.75,""weight_viapoint"":3.5}","{""acc_lim_theta"":0.6,""acc_lim_x"":0.6,""inflation_dist"":0.55,""max_vel_theta"":0.65,""max_vel_x"":0.8,""min_obstacle_dist"":0.25,""weight_obstacle"":50.0,""weight_optimaltime"":0.7,""weight_viapoint"":4.0}","{""acc_lim_theta"":0.6,""acc_lim_x"":0.6,""inflation_dist"":0.55,""max_vel_theta"":0.65,""max_vel_x"":0.8,""min_obstacle_dist"":0.25,""weight_obstacle"":50.0,""weight_optimaltime"":0.7,""weight_viapoint"":4.0}",true,min_obstacle_dist:rate_limit|inflation_dist:rate_limit|weight_obstacle:rate_limit|weight_viapoint:rate_limit,true,WARNING,recovery:hysteresis_or_health_time|safety_mode:WARNING:conservative_filter|warning:corridor_feasibility_profile,false,,-0.0703440464325582,0.04521394658726585,-0.04500000000000029,-0.0371348481588092,-0.000102206445362995,-0.03332093841565157,-0.0,-0.0,0.0,0.0,0.0,1.0,0.0,0.0,0.005555004463531077,0.0,47.999999999994714,true,
t12p_residual_seed102,t12p_residual_seed102-episode-000003,26,27,40.04,39.388,39.39,39.39,39.49,39.99,0,0.5,true,,2.1434531786367192,2.111690821230796,0.015178447524278358,0.027906160137992058,0.3085298517727373,0.6887755102040817,4.980371779273284,-0.09331550569504281,0.03550905654602239,,"[0.0,0.0,0.0,0.0,0.0]",,"{""acc_lim_theta"":0.6,""acc_lim_x"":0.6,""inflation_dist"":0.55,""max_vel_theta"":0.65,""max_vel_x"":0.8,""min_obstacle_dist"":0.25,""weight_obstacle"":50.0,""weight_optimaltime"":0.7,""weight_viapoint"":4.0}","{""acc_lim_theta"":0.6,""acc_lim_x"":0.6,""inflation_dist"":0.725,""max_vel_theta"":0.75,""max_vel_x"":0.9,""min_obstacle_dist"":0.375,""weight_obstacle"":75.0,""weight_optimaltime"":0.75,""weight_viapoint"":2.5}","{""acc_lim_theta"":0.6,""acc_lim_x"":0.6,""inflation_dist"":0.6000000000000001,""max_vel_theta"":0.75,""max_vel_x"":0.9,""min_obstacle_dist"":0.3,""weight_obstacle"":60.0,""weight_optimaltime"":0.75,""weight_viapoint"":3.5}","{""acc_lim_theta"":0.6,""acc_lim_x"":0.6,""inflation_dist"":0.55,""max_vel_theta"":0.65,""max_vel_x"":0.8,""min_obstacle_dist"":0.25,""weight_obstacle"":50.0,""weight_optimaltime"":0.7,""weight_viapoint"":4.0}","{""acc_lim_theta"":0.6,""acc_lim_x"":0.6,""inflation_dist"":0.55,""max_vel_theta"":0.65,""max_vel_x"":0.8,""min_obstacle_dist"":0.25,""weight_obstacle"":50.0,""weight_optimaltime"":0.7,""weight_viapoint"":4.0}",true,min_obstacle_dist:rate_limit|inflation_dist:rate_limit|weight_obstacle:rate_limit|weight_viapoint:rate_limit,true,WARNING,recovery:hysteresis_or_health_time|safety_mode:WARNING:conservative_filter|warning:corridor_feasibility_profile,false,,0.009919249639262821,0.15881178702961574,-0.05,-0.04830730780539307,-0.00015738333994708256,-0.05042784624501276,-0.0,-0.0,0.0,0.0,0.0,1.0,0.0,0.0,0.007260998245328665,0.0,100.00000000000142,true,
t12p_residual_seed102,t12p_residual_seed102-episode-000003,27,28,40.638,40.038,40.04,40.04,40.088,40.588,0,0.5,true,,2.102362441692594,2.099647439064694,0.019873175277653782,0.028395781566495543,0.3085298517727373,0.6903553299492385,9.21943786103121,0.0,0.0,,"[0.0,0.0,0.0,0.0,0.0]",,"{""acc_lim_theta"":0.6,""acc_lim_x"":0.6,""inflation_dist"":0.55,""max_vel_theta"":0.65,""max_vel_x"":0.8,""min_obstacle_dist"":0.25,""weight_obstacle"":50.0,""weight_optimaltime"":0.7,""weight_viapoint"":4.0}","{""acc_lim_theta"":0.6,""acc_lim_x"":0.6,""inflation_dist"":0.725,""max_vel_theta"":0.75,""max_vel_x"":0.9,""min_obstacle_dist"":0.375,""weight_obstacle"":75.0,""weight_optimaltime"":0.75,""weight_viapoint"":2.5}","{""acc_lim_theta"":0.6,""acc_lim_x"":0.6,""inflation_dist"":0.6000000000000001,""max_vel_theta"":0.75,""max_vel_x"":0.9,""min_obstacle_dist"":0.3,""weight_obstacle"":60.0,""weight_optimaltime"":0.75,""weight_viapoint"":3.5}","{""acc_lim_theta"":0.6,""acc_lim_x"":0.6,""inflation_dist"":0.55,""max_vel_theta"":0.65,""max_vel_x"":0.8,""min_obstacle_dist"":0.25,""weight_obstacle"":50.0,""weight_optimaltime"":0.7,""weight_viapoint"":4.0}","{""acc_lim_theta"":0.6,""acc_lim_x"":0.6,""inflation_dist"":0.55,""max_vel_theta"":0.65,""max_vel_x"":0.8,""min_obstacle_dist"":0.25,""weight_obstacle"":50.0,""weight_optimaltime"":0.7,""weight_viapoint"":4.0}",true,min_obstacle_dist:rate_limit|inflation_dist:rate_limit|weight_obstacle:rate_limit|weight_viapoint:rate_limit,true,WARNING,recovery:hysteresis_or_health_time|safety_mode:WARNING:conservative_filter|warning:corridor_feasibility_profile,false,,-0.0984243949799995,0.013575013139499603,-0.05,-0.05669222279901493,-0.000193014518983665,-0.005114170801500485,-0.0,-0.0,0.0,0.0,0.0,1.0,0.0,0.0,0.007670998456887901,0.0,48.00000000000182,true,
t12p_residual_seed102,t12p_residual_seed102-episode-000004,0,1,42.136,41.578,41.578,41.596,41.634,42.134,0,0.44999999999999574,true,,4.442910977972911,3.998971612159538,0.05110455589373262,6.723494256429797e-06,0.3048566519194051,0.9035714285714286,0.2811126573250359,1.0999999999999999,0.00011066904773770071,,"[0.0,0.0,0.0,0.0,0.0]",,"{""acc_lim_theta"":0.8,""acc_lim_x"":0.8,""inflation_dist"":0.55,""max_vel_theta"":1.0,""max_vel_x"":1.2,""min_obstacle_dist"":0.25,""weight_obstacle"":50.0,""weight_optimaltime"":1.0,""weight_viapoint"":1.0}","{""acc_lim_theta"":0.6,""acc_lim_x"":0.6,""inflation_dist"":0.725,""max_vel_theta"":0.75,""max_vel_x"":0.9,""min_obstacle_dist"":0.375,""weight_obstacle"":75.0,""weight_optimaltime"":0.75,""weight_viapoint"":2.5}","{""acc_lim_theta"":0.7000000000000001,""acc_lim_x"":0.7000000000000001,""inflation_dist"":0.6000000000000001,""max_vel_theta"":0.9,""max_vel_x"":1.0999999999999999,""min_obstacle_dist"":0.3,""weight_obstacle"":60.0,""weight_optimaltime"":0.9,""weight_viapoint"":1.5}","{""acc_lim_theta"":0.7000000000000001,""acc_lim_x"":0.7000000000000001,""inflation_dist"":0.55,""max_vel_theta"":0.9,""max_vel_x"":1.0999999999999999,""min_obstacle_dist"":0.25,""weight_obstacle"":50.0,""weight_optimaltime"":0.9,""weight_viapoint"":1.5}","{""acc_lim_theta"":0.7000000000000001,""acc_lim_x"":0.7000000000000001,""inflation_dist"":0.55,""max_vel_theta"":0.9,""max_vel_x"":1.0999999999999999,""min_obstacle_dist"":0.25,""weight_obstacle"":50.0,""weight_optimaltime"":0.9,""weight_viapoint"":1.5}",true,max_vel_x:rate_limit|max_vel_theta:rate_limit|acc_lim_x:rate_limit|acc_lim_theta:rate_limit|min_obstacle_dist:rate_limit|inflation_dist:rate_limit|weight_obstacle:rate_limit|weight_viapoint:rate_limit|weight_optimaltime:rate_limit,true,WARNING,margin:warning|safety_mode:WARNING:conservative_filter|warning:corridor_feasibility_profile,false,,1.7069613828185073,2.219696829066866,-0.044999999999999575,-0.21326258498305853,-0.0011490086136810432,-0.1299905193182866,-0.0,-0.12333333333333335,0.0,0.0,0.0,1.0,0.0,0.0,0.014154997188597918,17.999999999993577,55.999999999997385,true,
t12p_residual_seed102,t12p_residual_seed102-episode-000004,1,2,42.782,42.134,42.136,42.152,42.232,42.732,0,0.5,true,,3.8467318024847144,3.361398097557622,0.05146265350395944,1.4411973227480193e-05,0.3048566519194051,0.9165275459098498,0.3195618044185761,0.9712662447146435,7.875896705855351e-06,,"[0.0,0.0,0.0,0.0,0.0]",,"{""acc_lim_theta"":0.7000000000000001,""acc_lim_x"":0.7000000000000001,""inflation_dist"":0.55,""max_vel_theta"":0.9,""max_vel_x"":1.0999999999999999,""min_obstacle_dist"":0.25,""weight_obstacle"":50.0,""weight_optimaltime"":0.9,""weight_viapoint"":1.5}","{""acc_lim_theta"":0.6,""acc_lim_x"":0.6,""inflation_dist"":0.725,""max_vel_theta"":0.75,""max_vel_x"":0.9,""min_obstacle_dist"":0.375,""weight_obstacle"":75.0,""weight_optimaltime"":0.75,""weight_viapoint"":2.5}","{""acc_lim_theta"":0.6000000000000001,""acc_lim_x"":0.6000000000000001,""inflation_dist"":0.6000000000000001,""max_vel_theta"":0.8,""max_vel_x"":0.9999999999999999,""min_obstacle_dist"":0.3,""weight_obstacle"":60.0,""weight_optimaltime"":0.8,""weight_viapoint"":2.0}","{""acc_lim_theta"":0.6000000000000001,""acc_lim_x"":0.6000000000000001,""inflation_dist"":0.55,""max_vel_theta"":0.8,""max_vel_x"":0.9999999999999999,""min_obstacle_dist"":0.25,""weight_obstacle"":50.0,""weight_optimaltime"":0.8,""weight_viapoint"":2.0}","{""acc_lim_theta"":0.6000000000000001,""acc_lim_x"":0.6000000000000001,""inflation_dist"":0.55,""max_vel_theta"":0.8,""max_vel_x"":0.9999999999999999,""min_obstacle_dist"":0.25,""weight_obstacle"":50.0,""weight_optimaltime"":0.8,""weight_viapoint"":2.0}",true,max_vel_x:rate_limit|max_vel_theta:rate_limit|acc_lim_x:rate_limit|acc_lim_theta:rate_limit|min_obstacle_dist:rate_limit|inflation_dist:rate_limit|weight_obstacle:rate_limit|weight_viapoint:rate_limit|weight_optimaltime:rate_limit,true,WARNING,margin:warning|safety_mode:WARNING:conservative_filter|warning:corridor_feasibility_profile,false,,2.007846150770288,2.4266685246354625,-0.05,-0.23070949428203472,-0.0012785648570560952,-0.013500981392750154,-0.0,-0.12333333333333332,0.0,0.0,0.0,1.0,0.0,0.0,0.005473993951454759,15.999999999998238,95.99999999999653,true,
t12p_residual_seed102,t12p_residual_seed102-episode-000004,2,3,43.384,42.778,42.782,42.802,42.834,43.334,0,0.5,true,,3.26390563507905,2.8290202194559853,0.05099168082968575,1.4097730867296241e-05,0.30312375367834504,0.9045307443365695,0.38342457325592066,0.8069268534543906,2.974370234525019e-05,,"[0.0,0.0,0.0,0.0,0.0]",,"{""acc_lim_theta"":0.6000000000000001,""acc_lim_x"":0.6000000000000001,""inflation_dist"":0.55,""max_vel_theta"":0.8,""max_vel_x"":0.9999999999999999,""min_obstacle_dist"":0.25,""weight_obstacle"":50.0,""weight_optimaltime"":0.8,""weight_viapoint"":2.0}","{""acc_lim_theta"":0.6,""acc_lim_x"":0.6,""inflation_dist"":0.725,""max_vel_theta"":0.75,""max_vel_x"":0.9,""min_obstacle_dist"":0.375,""weight_obstacle"":75.0,""weight_optimaltime"":0.75,""weight_viapoint"":2.5}","{""acc_lim_theta"":0.6,""acc_lim_x"":0.6,""inflation_dist"":0.6000000000000001,""max_vel_theta"":0.75,""max_vel_x"":0.9,""min_obstacle_dist"":0.3,""weight_obstacle"":60.0,""weight_optimaltime"":0.75,""weight_viapoint"":2.5}","{""acc_lim_theta"":0.6,""acc_lim_x"":0.6,""inflation_dist"":0.55,""max_vel_theta"":0.7000000000000001,""max_vel_x"":0.8999999999999999,""min_obstacle_dist"":0.25,""weight_obstacle"":50.0,""weight_optimaltime"":0.7000000000000001,""weight_viapoint"":2.5}","{""acc_lim_theta"":0.6,""acc_lim_x"":0.6,""inflation_dist"":0.55,""max_vel_theta"":0.7000000000000001,""max_vel_x"":0.8999999999999999,""min_obstacle_dist"":0.25,""weight_obstacle"":50.0,""weight_optimaltime"":0.7000000000000001,""weight_viapoint"":2.5}",true,min_obstacle_dist:rate_limit|inflation_dist:rate_limit|weight_obstacle:rate_limit,true,WARNING,margin:warning|safety_mode:WARNING:conservative_filter|warning:corridor_feasibility_profile,false,,1.80891558825263,2.174427078115324,-0.05,-0.22975401576882493,-0.001279379458568029,-0.011144761301967968,-0.0,-0.07333333333333338,0.0,0.0,0.0,1.0,0.0,0.0,0.007344002369791269,20.000000000003126,52.00000000000671,true,
t12p_residual_seed102,t12p_residual_seed102-episode-000004,3,4,43.982,43.378,43.384,43.404,43.432,43.932,0,0.5,true,,2.748328559315542,2.3691081487060495,0.007288007094017136,1.8928367111993906e-05,0.3009590107832077,0.8945686900958466,0.40265109591549486,0.7706117697767096,8.245795419792581e-06,,"[0.0,0.0,0.0,0.0,0.0]",,"{""acc_lim_theta"":0.6,""acc_lim_x"":0.6,""inflation_dist"":0.55,""max_vel_theta"":0.7000000000000001,""max_vel_x"":0.8999999999999999,""min_obstacle_dist"":0.25,""weight_obstacle"":50.0,""weight_optimaltime"":0.7000000000000001,""weight_viapoint"":2.5}","{""acc_lim_theta"":0.6,""acc_lim_x"":0.6,""inflation_dist"":0.725,""max_vel_theta"":0.75,""max_vel_x"":0.9,""min_obstacle_dist"":0.375,""weight_obstacle"":75.0,""weight_optimaltime"":0.75,""weight_viapoint"":2.5}","{""acc_lim_theta"":0.6,""acc_lim_x"":0.6,""inflation_dist"":0.6000000000000001,""max_vel_theta"":0.75,""max_vel_x"":0.9,""min_obstacle_dist"":0.3,""weight_obstacle"":60.0,""weight_optimaltime"":0.75,""weight_viapoint"":2.5}","{""acc_lim_theta"":0.6,""acc_lim_x"":0.6,""inflation_dist"":0.55,""max_vel_theta"":0.65,""max_vel_x"":0.8,""min_obstacle_dist"":0.25,""weight_obstacle"":50.0,""weight_optimaltime"":0.7,""weight_viapoint"":3.0}","{""acc_lim_theta"":0.6,""acc_lim_x"":0.6,""inflation_dist"":0.55,""max_vel_theta"":0.65,""max_vel_x"":0.8,""min_obstacle_dist"":0.25,""weight_obstacle"":50.0,""weight_optimaltime"":0.7,""weight_viapoint"":3.0}",true,min_obstacle_dist:rate_limit|inflation_dist:rate_limit|weight_obstacle:rate_limit,true,WARNING,margin:warning|safety_mode:WARNING:conservative_filter|warning:corridor_feasibility_profile,false,,1.552666622538299,1.8961020530474637,-0.05,-0.2319517143681837,-0.0003584727397664903,-0.017791910067880955,-0.0,-0.04333333333333335,0.0,0.0,0.0,1.0,0.0,0.0,0.008386006811633706,20.000000000003126,48.00000000000182,true,
t12p_residual_seed102,t12p_residual_seed102-episode-000004,4,5,44.584,43.978,43.982,44.008,44.034,44.534,0,0.5,true,,2.292048370854838,1.905047169809172,0.008546450601205019,1.245545918231667e-05,0.3009590107832077,0.8873015873015873,0.38592617725043893,0.8,-7.39761020093519e-05,,"[0.0,0.0,0.0,0.0,0.0]",,"{""acc_lim_theta"":0.6,""acc_lim_x"":0.6,""inflation_dist"":0.55,""max_vel_theta"":0.65,""max_vel_x"":0.8,""min_obstacle_dist"":0.25,""weight_obstacle"":50.0,""weight_optimaltime"":0.7,""weight_viapoint"":3.0}","{""acc_lim_theta"":0.6,""acc_lim_x"":0.6,""inflation_dist"":0.725,""max_vel_theta"":0.75,""max_vel_x"":0.9,""min_obstacle_dist"":0.375,""weight_obstacle"":75.0,""weight_optimaltime"":0.75,""weight_viapoint"":2.5}","{""acc_lim_theta"":0.6,""acc_lim_x"":0.6,""inflation_dist"":0.6000000000000001,""max_vel_theta"":0.75,""max_vel_x"":0.9,""min_obstacle_dist"":0.3,""weight_obstacle"":60.0,""weight_optimaltime"":0.75,""weight_viapoint"":2.5}","{""acc_lim_theta"":0.6,""acc_lim_x"":0.6,""inflation_dist"":0.55,""max_vel_theta"":0.65,""max_vel_x"":0.8,""min_obstacle_dist"":0.25,""weight_obstacle"":50.0,""weight_optimaltime"":0.7,""weight_viapoint"":3.5}","{""acc_lim_theta"":0.6,""acc_lim_x"":0.6,""inflation_dist"":0.55,""max_vel_theta"":0.65,""max_vel_x"":0.8,""min_obstacle_dist"":0.25,""weight_obstacle"":50.0,""weight_optimaltime"":0.7,""weight_viapoint"":3.5}",true,min_obstacle_dist:rate_limit|inflation_dist:rate_limit|weight_obstacle:rate_limit,true,WARNING,margin:warning|safety_mode:WARNING:conservative_filter|warning:corridor_feasibility_profile,false,,1.6336689801996154,1.935006005228329,-0.05,-0.2326809762042148,-1.0822445191444726e-05,-0.001978559712641033,-0.0,-0.016666666666666666,0.0,0.0,0.0,1.0,0.0,0.0,0.007661001291126013,26.000000000003354,51.9999999999996,true,
t12p_residual_seed102,t12p_residual_seed102-episode-000004,5,6,45.142,44.582,44.584,44.602,44.64,45.14,0,0.44999999999999574,true,,1.8090499202872425,1.4641901787351892,0.0005813262570535161,1.7977290087275277e-05,0.3009590107832077,0.8876582278481012,0.39877222266494555,0.8,-8.303511778719748e-06,,"[0.0,0.0,0.0,0.0,0.0]",,"{""acc_lim_theta"":0.6,""acc_lim_x"":0.6,""inflation_dist"":0.55,""max_vel_theta"":0.65,""max_vel_x"":0.8,""min_obstacle_dist"":0.25,""weight_obstacle"":50.0,""weight_optimaltime"":0.7,""weight_viapoint"":3.5}","{""acc_lim_theta"":0.6,""acc_lim_x"":0.6,""inflation_dist"":0.725,""max_vel_theta"":0.75,""max_vel_x"":0.9,""min_obstacle_dist"":0.375,""weight_obstacle"":75.0,""weight_optimaltime"":0.75,""weight_viapoint"":2.5}","{""acc_lim_theta"":0.6,""acc_lim_x"":0.6,""inflation_dist"":0.6000000000000001,""max_vel_theta"":0.75,""max_vel_x"":0.9,""min_obstacle_dist"":0.3,""weight_obstacle"":60.0,""weight_optimaltime"":0.75,""weight_viapoint"":3.0}","{""acc_lim_theta"":0.6,""acc_lim_x"":0.6,""inflation_dist"":0.55,""max_vel_theta"":0.65,""max_vel_x"":0.8,""min_obstacle_dist"":0.25,""weight_obstacle"":50.0,""weight_optimaltime"":0.7,""weight_viapoint"":4.0}","{""acc_lim_theta"":0.6,""acc_lim_x"":0.6,""inflation_dist"":0.55,""max_vel_theta"":0.65,""max_vel_x"":0.8,""min_obstacle_dist"":0.25,""weight_obstacle"":50.0,""weight_optimaltime"":0.7,""weight_viapoint"":4.0}",true,min_obstacle_dist:rate_limit|inflation_dist:rate_limit|weight_obstacle:rate_limit|weight_viapoint:rate_limit,true,WARNING,margin:warning|safety_mode:WARNING:conservative_filter|warning:corridor_feasibility_profile,false,,1.4512422625266825,1.7242987077602667,-0.044999999999999575,-0.21028946090572453,-2.6740166490267632e-05,-0.001073577494703593,-0.0,-0.016666666666666666,0.0,0.0,0.0,1.0,0.0,0.0,0.008860995876602829,17.999999999993577,55.999999999997385,true,
t12p_residual_seed102,t12p_residual_seed102-episode-000004,6,7,45.792,45.14,45.142,45.142,45.242,45.742,0,0.5,true,,1.3379568531204704,0.9499181715958669,0.00356757614719846,2.2044997120960484e-05,0.2996873904765416,0.8901273885350318,0.390414193487029,0.7676139737642461,-8.31171817271048e-07,,"[0.0,0.0,0.0,0.0,0.0]",,"{""acc_lim_theta"":0.6,""acc_lim_x"":0.6,""inflation_dist"":0.55,""max_vel_theta"":0.65,""max_vel_x"":0.8,""min_obstacle_dist"":0.25,""weight_obstacle"":50.0,""weight_optimaltime"":0.7,""weight_viapoint"":4.0}","{""acc_lim_theta"":0.6,""acc_lim_x"":0.6,""inflation_dist"":0.725,""max_vel_theta"":0.75,""max_vel_x"":0.9,""min_obstacle_dist"":0.375,""weight_obstacle"":75.0,""weight_optimaltime"":0.75,""weight_viapoint"":2.5}","{""acc_lim_theta"":0.6,""acc_lim_x"":0.6,""inflation_dist"":0.6000000000000001,""max_vel_theta"":0.75,""max_vel_x"":0.9,""min_obstacle_dist"":0.3,""weight_obstacle"":60.0,""weight_optimaltime"":0.75,""weight_viapoint"":3.5}","{""acc_lim_theta"":0.6,""acc_lim_x"":0.6,""inflation_dist"":0.55,""max_vel_theta"":0.65,""max_vel_x"":0.8,""min_obstacle_dist"":0.25,""weight_obstacle"":50.0,""weight_optimaltime"":0.7,""weight_viapoint"":4.0}","{""acc_lim_theta"":0.6,""acc_lim_x"":0.6,""inflation_dist"":0.55,""max_vel_theta"":0.65,""max_vel_x"":0.8,""min_obstacle_dist"":0.25,""weight_obstacle"":50.0,""weight_optimaltime"":0.7,""weight_viapoint"":4.0}",true,min_obstacle_dist:rate_limit|inflation_dist:rate_limit|weight_obstacle:rate_limit|weight_viapoint:rate_limit,true,WARNING,margin:warning|safety_mode:WARNING:conservative_filter|warning:corridor_feasibility_profile,false,,1.6542049525471985,1.9401934076230176,-0.05,-0.23408522821791872,-3.8564933976849275e-05,-0.0018646619239235003,-0.0,-0.0,0.0,0.0,0.02499999999999858,1.0,0.0,0.0,0.007627997547388077,0.0,99.99999999999432,true,
t12p_residual_seed102,t12p_residual_seed102-episode-000004,7,8,49.392,45.778,45.792,45.792,45.842,46.342,0,0.5,true,,0.8731659867585511,0.48593654533154357,0.7895021645469747,0.0013980379111627698,0.2996873904765416,0.8515625,0.3943212893511483,0.8,0.0017506321980777153,,"[0.0,0.0,0.0,0.0,0.0]",,"{""acc_lim_theta"":0.6,""acc_lim_x"":0.6,""inflation_dist"":0.55,""max_vel_theta"":0.65,""max_vel_x"":0.8,""min_obstacle_dist"":0.25,""weight_obstacle"":50.0,""weight_optimaltime"":0.7,""weight_viapoint"":4.0}","{""acc_lim_theta"":0.6,""acc_lim_x"":0.6,""inflation_dist"":0.725,""max_vel_theta"":0.75,""max_vel_x"":0.9,""min_obstacle_dist"":0.375,""weight_obstacle"":75.0,""weight_optimaltime"":0.75,""weight_viapoint"":2.5}","{""acc_lim_theta"":0.6,""acc_lim_x"":0.6,""inflation_dist"":0.6000000000000001,""max_vel_theta"":0.75,""max_vel_x"":0.9,""min_obstacle_dist"":0.3,""weight_obstacle"":60.0,""weight_optimaltime"":0.75,""weight_viapoint"":3.5}","{""acc_lim_theta"":0.6,""acc_lim_x"":0.6,""inflation_dist"":0.55,""max_vel_theta"":0.65,""max_vel_x"":0.8,""min_obstacle_dist"":0.25,""weight_obstacle"":50.0,""weight_optimaltime"":0.7,""weight_viapoint"":4.0}","{""acc_lim_theta"":0.6,""acc_lim_x"":0.6,""inflation_dist"":0.55,""max_vel_theta"":0.65,""max_vel_x"":0.8,""min_obstacle_dist"":0.25,""weight_obstacle"":50.0,""weight_optimaltime"":0.7,""weight_viapoint"":4.0}",true,min_obstacle_dist:rate_limit|inflation_dist:rate_limit|weight_obstacle:rate_limit|weight_viapoint:rate_limit,true,WARNING,margin:warning|safety_mode:WARNING:conservative_filter|warning:corridor_feasibility_profile,false,,1.6529720453299321,1.9361472071350374,-0.05,-0.23250038028850387,-9.355654041112193e-06,-0.0006654258625602939,-0.0,-0.0,0.0,0.0,0.0,1.0,0.0,0.0,0.0063019979279488325,0.0,49.99999999999716,true,
t12p_residual_seed102,t12p_residual_seed102-episode-000004,8,9,49.986,49.378,49.392,49.392,49.436,49.936,0,0.5,true,,1.9310130718551646,2.331009527934953,0.46965094614992187,0.004978330621247614,0.2996873904765416,0.7716535433070866,0.48011675542353754,0.7607031502218803,-0.004586440708511896,,"[0.0,0.0,0.0,0.0,0.0]",,"{""acc_lim_theta"":0.6,""acc_lim_x"":0.6,""inflation_dist"":0.55,""max_vel_theta"":0.65,""max_vel_x"":0.8,""min_obstacle_dist"":0.25,""weight_obstacle"":50.0,""weight_optimaltime"":0.7,""weight_viapoint"":4.0}","{""acc_lim_theta"":0.6,""acc_lim_x"":0.6,""inflation_dist"":0.725,""max_vel_theta"":0.75,""max_vel_x"":0.9,""min_obstacle_dist"":0.375,""weight_obstacle"":75.0,""weight_optimaltime"":0.75,""weight_viapoint"":2.5}","{""acc_lim_theta"":0.6,""acc_lim_x"":0.6,""inflation_dist"":0.6000000000000001,""max_vel_theta"":0.75,""max_vel_x"":0.9,""min_obstacle_dist"":0.3,""weight_obstacle"":60.0,""weight_optimaltime"":0.75,""weight_viapoint"":3.5}","{""acc_lim_theta"":0.6,""acc_lim_x"":0.6,""inflation_dist"":0.55,""max_vel_theta"":0.65,""max_vel_x"":0.8,""min_obstacle_dist"":0.25,""weight_obstacle"":50.0,""weight_optimaltime"":0.7,""weight_viapoint"":4.0}","{""acc_lim_theta"":0.6,""acc_lim_x"":0.6,""inflation_dist"":0.55,""max_vel_theta"":0.65,""max_vel_x"":0.8,""min_obstacle_dist"":0.25,""weight_obstacle"":50.0,""weight_optimaltime"":0.7,""weight_viapoint"":4.0}",true,min_obstacle_dist:rate_limit|inflation_dist:rate_limit|weight_obstacle:rate_limit|weight_viapoint:rate_limit,true,WARNING,margin:warning|safety_mode:WARNING:conservative_filter|warning:corridor_feasibility_profile,false,,-2.3454335768792816,-1.999982280398942,-0.05,-0.20776432929347996,-0.08768696718685969,-0.0,-0.0,-0.0,0.0,0.0,0.0,1.0,0.0,0.0,0.008175993571057916,0.0,43.99999999999693,true,
t12p_residual_seed102,t12p_residual_seed102-episode-000004,9,10,50.532,49.978,49.986,49.986,50.03,50.53,0,0.45000000000000284,true,,2.4070797333465035,2.657503106380095,0.07714607004499181,0.004472262532832369,0.2996873904765416,0.6907216494845361,1.379226665911304,0.3289495707774183,0.0018550234564247757,,"[0.0,0.0,0.0,0.0,0.0]",,"{""acc_lim_theta"":0.6,""acc_lim_x"":0.6,""inflation_dist"":0.55,""max_vel_theta"":0.65,""max_vel_x"":0.8,""min_obstacle_dist"":0.25,""weight_obstacle"":50.0,""weight_optimaltime"":0.7,""weight_viapoint"":4.0}","{""acc_lim_theta"":0.6,""acc_lim_x"":0.6,""inflation_dist"":0.725,""max_vel_theta"":0.75,""max_vel_x"":0.9,""min_obstacle_dist"":0.375,""weight_obstacle"":75.0,""weight_optimaltime"":0.75,""weight_viapoint"":2.5}","{""acc_lim_theta"":0.6,""acc_lim_x"":0.6,""inflation_dist"":0.6000000000000001,""max_vel_theta"":0.75,""max_vel_x"":0.9,""min_obstacle_dist"":0.3,""weight_obstacle"":60.0,""weight_optimaltime"":0.75,""weight_viapoint"":3.5}","{""acc_lim_theta"":0.6,""acc_lim_x"":0.6,""inflation_dist"":0.55,""max_vel_theta"":0.65,""max_vel_x"":0.8,""min_obstacle_dist"":0.25,""weight_obstacle"":50.0,""weight_optimaltime"":0.7,""weight_viapoint"":4.0}","{""acc_lim_theta"":0.6,""acc_lim_x"":0.6,""inflation_dist"":0.55,""max_vel_theta"":0.65,""max_vel_x"":0.8,""min_obstacle_dist"":0.25,""weight_obstacle"":50.0,""weight_optimaltime"":0.7,""weight_viapoint"":4.0}",true,min_obstacle_dist:rate_limit|inflation_dist:rate_limit|weight_obstacle:rate_limit|weight_viapoint:rate_limit,true,WARNING,margin:warning|safety_mode:WARNING:conservative_filter|warning:corridor_feasibility_profile,false,,-1.7415433863234624,-1.2521168651679582,-0.04500000000000029,-0.09082200777187677,-0.18362691304406406,-0.16997760033956313,-0.0,-0.0,0.0,0.0,0.0,1.0,0.0,0.0,0.007963986718095839,0.0,44.000000000004036,true,
t12p_residual_seed102,t12p_residual_seed102-episode-000004,10,11,51.18,50.53,50.532,50.532,50.63,51.13,0,0.5,true,,2.693266346122106,2.768874481319734,0.14624565259809855,0.006869357643284169,0.2996873904765416,0.6666666666666666,1.386145151945284,-0.34585620940921796,-0.003973653250757163,,"[0.0,0.0,0.0,0.0,0.0]",,"{""acc_lim_theta"":0.6,""acc_lim_x"":0.6,""inflation_dist"":0.55,""max_vel_theta"":0.65,""max_vel_x"":0.8,""min_obstacle_dist"":0.25,""weight_obstacle"":50.0,""weight_optimaltime"":0.7,""weight_viapoint"":4.0}","{""acc_lim_theta"":0.6,""acc_lim_x"":0.6,""inflation_dist"":0.725,""max_vel_theta"":0.75,""max_vel_x"":0.9,""min_obstacle_dist"":0.375,""weight_obstacle"":75.0,""weight_optimaltime"":0.75,""weight_viapoint"":2.5}","{""acc_lim_theta"":0.6,""acc_lim_x"":0.6,""inflation_dist"":0.6000000000000001,""max_vel_theta"":0.75,""max_vel_x"":0.9,""min_obstacle_dist"":0.3,""weight_obstacle"":60.0,""weight_optimaltime"":0.75,""weight_viapoint"":3.5}","{""acc_lim_theta"":0.6,""acc_lim_x"":0.6,""inflation_dist"":0.55,""max_vel_theta"":0.65,""max_vel_x"":0.8,""min_obstacle_dist"":0.25,""weight_obstacle"":50.0,""weight_optimaltime"":0.7,""weight_viapoint"":4.0}","{""acc_lim_theta"":0.6,""acc_lim_x"":0.6,""inflation_dist"":0.55,""max_vel_theta"":0.65,""max_vel_x"":0.8,""min_obstacle_dist"":0.25,""weight_obstacle"":50.0,""weight_optimaltime"":0.7,""weight_viapoint"":4.0}",true,min_obstacle_dist:rate_limit|inflation_dist:rate_limit|weight_obstacle:rate_limit|weight_viapoint:rate_limit,true,WARNING,margin:warning|safety_mode:WARNING:conservative_filter|warning:corridor_feasibility_profile,false,,-0.7102668158866049,-0.3780406759881405,-0.05,-0.03405485563813164,-0.014040445349569698,-0.23413083891076303,-0.0,-0.0,0.0,0.0,0.0,1.0,0.0,0.0,0.00724500569049269,0.0,98.00000000000608,true,
t12p_residual_seed102,t12p_residual_seed102-episode-000004,11,12,51.78,51.178,51.18,51.18,51.23,51.73,0,0.5,true,,2.734288863888638,2.641142236985179,0.05037568613272198,0.012743351932074692,0.2996873904765416,0.696969696969697,8.902016649624446,0.021688684085383075,0.017704977102150268,,"[0.0,0.0,0.0,0.0,0.0]",,"{""acc_lim_theta"":0.6,""acc_lim_x"":0.6,""inflation_dist"":0.55,""max_vel_theta"":0.65,""max_vel_x"":0.8,""min_obstacle_dist"":0.25,""weight_obstacle"":50.0,""weight_optimaltime"":0.7,""weight_viapoint"":4.0}","{""acc_lim_theta"":0.6,""acc_lim_x"":0.6,""inflation_dist"":0.725,""max_vel_theta"":0.75,""max_vel_x"":0.9,""min_obstacle_dist"":0.375,""weight_obstacle"":75.0,""weight_optimaltime"":0.75,""weight_viapoint"":2.5}","{""acc_lim_theta"":0.6,""acc_lim_x"":0.6,""inflation_dist"":0.6000000000000001,""max_vel_theta"":0.75,""max_vel_x"":0.9,""min_obstacle_dist"":0.3,""weight_obstacle"":60.0,""weight_optimaltime"":0.75,""weight_viapoint"":3.5}","{""acc_lim_theta"":0.6,""acc_lim_x"":0.6,""inflation_dist"":0.55,""max_vel_theta"":0.65,""max_vel_x"":0.8,""min_obstacle_dist"":0.25,""weight_obstacle"":50.0,""weight_optimaltime"":0.7,""weight_viapoint"":4.0}","{""acc_lim_theta"":0.6,""acc_lim_x"":0.6,""inflation_dist"":0.55,""max_vel_theta"":0.65,""max_vel_x"":0.8,""min_obstacle_dist"":0.25,""weight_obstacle"":50.0,""weight_optimaltime"":0.7,""weight_viapoint"":4.0}",true,min_obstacle_dist:rate_limit|inflation_dist:rate_limit|weight_obstacle:rate_limit|weight_viapoint:rate_limit,true,WARNING,margin:warning|safety_mode:WARNING:conservative_filter|warning:corridor_feasibility_profile,false,,0.20848581847748432,0.46573313451729437,-0.05,-0.05062630470381879,-0.004111449621844824,-0.15250956171414642,-0.0,-0.0,0.0,0.0,0.0,1.0,0.0,0.0,0.006333008059300482,0.0,49.99999999999716,true,
t12p_residual_seed102,t12p_residual_seed102-episode-000004,12,13,52.33,51.778,51.78,51.78,51.828,52.328,0,0.45000000000000284,true,,2.6433110553215373,2.718725253875225,0.07970987763274051,0.017668588263276087,0.2996873904765416,0.6774193548387096,3.1873823535746837,0.14628802857977524,-0.02991255392617966,,"[0.0,0.0,0.0,0.0,0.0]",,"{""acc_lim_theta"":0.6,""acc_lim_x"":0.6,""inflation_dist"":0.55,""max_vel_theta"":0.65,""max_vel_x"":0.8,""min_obstacle_dist"":0.25,""weight_obstacle"":50.0,""weight_optimaltime"":0.7,""weight_viapoint"":4.0}","{""acc_lim_theta"":0.6,""acc_lim_x"":0.6,""inflation_dist"":0.725,""max_vel_theta"":0.75,""max_vel_x"":0.9,""min_obstacle_dist"":0.375,""weight_obstacle"":75.0,""weight_optimaltime"":0.75,""weight_viapoint"":2.5}","{""acc_lim_theta"":0.6,""acc_lim_x"":0.6,""inflation_dist"":0.6000000000000001,""max_vel_theta"":0.75,""max_vel_x"":0.9,""min_obstacle_dist"":0.3,""weight_obstacle"":60.0,""weight_optimaltime"":0.75,""weight_viapoint"":3.5}","{""acc_lim_theta"":0.6,""acc_lim_x"":0.6,""inflation_dist"":0.55,""max_vel_theta"":0.65,""max_vel_x"":0.8,""min_obstacle_dist"":0.25,""weight_obstacle"":50.0,""weight_optimaltime"":0.7,""weight_viapoint"":4.0}","{""acc_lim_theta"":0.6,""acc_lim_x"":0.6,""inflation_dist"":0.55,""max_vel_theta"":0.65,""max_vel_x"":0.8,""min_obstacle_dist"":0.25,""weight_obstacle"":50.0,""weight_optimaltime"":0.7,""weight_viapoint"":4.0}",true,min_obstacle_dist:rate_limit|inflation_dist:rate_limit|weight_obstacle:rate_limit|weight_viapoint:rate_limit,true,WARNING,recovery:hysteresis_or_health_time|safety_mode:WARNING:conservative_filter|warning:corridor_feasibility_profile,false,,-0.494485893125352,-0.3770709927684379,-0.04500000000000029,-0.05519599778640749,-0.0013697949436174848,-0.015849107626888865,-0.0,-0.0,0.0,0.0,0.0,1.0,0.0,0.0,0.0053910043789073825,0.0,48.00000000000182,true,
t12p_residual_seed102,t12p_residual_seed102-episode-000004,13,14,52.98,52.318,52.33,52.33,52.43,52.93,0,0.5,true,,2.7319576925080655,2.669579127638243,0.048612431582746855,0.010692166794509152,0.2996873904765416,0.694300518134715,5.621767932820756,0.08148989994275732,0.011926748654652517,,"[0.0,0.0,0.0,0.0,0.0]",,"{""acc_lim_theta"":0.6,""acc_lim_x"":0.6,""inflation_dist"":0.55,""max_vel_theta"":0.65,""max_vel_x"":0.8,""min_obstacle_dist"":0.25,""weight_obstacle"":50.0,""weight_optimaltime"":0.7,""weight_viapoint"":4.0}","{""acc_lim_theta"":0.6,""acc_lim_x"":0.6,""inflation_dist"":0.725,""max_vel_theta"":0.75,""max_vel_x"":0.9,""min_obstacle_dist"":0.375,""weight_obstacle"":75.0,""weight_optimaltime"":0.75,""weight_viapoint"":2.5}","{""acc_lim_theta"":0.6,""acc_lim_x"":0.6,""inflation_dist"":0.6000000000000001,""max_vel_theta"":0.75,""max_vel_x"":0.9,""min_obstacle_dist"":0.3,""weight_obstacle"":60.0,""weight_optimaltime"":0.75,""weight_viapoint"":3.5}","{""acc_lim_theta"":0.6,""acc_lim_x"":0.6,""inflation_dist"":0.55,""max_vel_theta"":0.65,""max_vel_x"":0.8,""min_obstacle_dist"":0.25,""weight_obstacle"":50.0,""weight_optimaltime"":0.7,""weight_viapoint"":4.0}","{""acc_lim_theta"":0.6,""acc_lim_x"":0.6,""inflation_dist"":0.55,""max_vel_theta"":0.65,""max_vel_x"":0.8,""min_obstacle_dist"":0.25,""weight_obstacle"":50.0,""weight_optimaltime"":0.7,""weight_viapoint"":4.0}",true,min_obstacle_dist:rate_limit|inflation_dist:rate_limit|weight_obstacle:rate_limit|weight_viapoint:rate_limit,true,WARNING,margin:warning|safety_mode:WARNING:conservative_filter|warning:corridor_feasibility_profile,false,,0.16228738706809087,0.3118928243491137,-0.05,-0.0456354766800417,-0.0018892263343173905,-0.05208073426666372,-0.0,-0.0,0.0,0.0,0.0,1.0,0.0,0.0,0.00543201167602092,0.0,100.00000000000142,true,
t12p_residual_seed102,t12p_residual_seed102-episode-000004,14,15,53.532,52.978,52.98,52.98,53.03,53.53,0,0.45000000000000284,true,,2.6777280432132393,2.719330941581352,0.048103416279667154,0.016895580034447903,0.2996873904765416,0.6739130434782609,3.3181941530898467,0.14310253668736636,-0.02357565510302941,,"[0.0,0.0,0.0,0.0,0.0]",,"{""acc_lim_theta"":0.6,""acc_lim_x"":0.6,""inflation_dist"":0.55,""max_vel_theta"":0.65,""max_vel_x"":0.8,""min_obstacle_dist"":0.25,""weight_obstacle"":50.0,""weight_optimaltime"":0.7,""weight_viapoint"":4.0}","{""acc_lim_theta"":0.6,""acc_lim_x"":0.6,""inflation_dist"":0.725,""max_vel_theta"":0.75,""max_vel_x"":0.9,""min_obstacle_dist"":0.375,""weight_obstacle"":75.0,""weight_optimaltime"":0.75,""weight_viapoint"":2.5}","{""acc_lim_theta"":0.6,""acc_lim_x"":0.6,""inflation_dist"":0.6000000000000001,""max_vel_theta"":0.75,""max_vel_x"":0.9,""min_obstacle_dist"":0.3,""weight_obstacle"":60.0,""weight_optimaltime"":0.75,""weight_viapoint"":3.5}","{""acc_lim_theta"":0.6,""acc_lim_x"":0.6,""inflation_dist"":0.55,""max_vel_theta"":0.65,""max_vel_x"":0.8,""min_obstacle_dist"":0.25,""weight_obstacle"":50.0,""weight_optimaltime"":0.7,""weight_viapoint"":4.0}","{""acc_lim_theta"":0.6,""acc_lim_x"":0.6,""inflation_dist"":0.55,""max_vel_theta"":0.65,""max_vel_x"":0.8,""min_obstacle_dist"":0.25,""weight_obstacle"":50.0,""weight_optimaltime"":0.7,""weight_viapoint"":4.0}",true,min_obstacle_dist:rate_limit|inflation_dist:rate_limit|weight_obstacle:rate_limit|weight_viapoint:rate_limit,true,WARNING,recovery:hysteresis_or_health_time|safety_mode:WARNING:conservative_filter|warning:corridor_feasibility_profile,false,,-0.3085434227612418,-0.20801449184056242,-0.04500000000000029,-0.046273077879462866,-0.0010542354227393816,-0.008201617618476853,-0.0,-0.0,0.0,0.0,0.0,1.0,0.0,0.0,0.007794005796313286,0.0,50.00000000000426,true,
t12p_residual_seed102,t12p_residual_seed102-episode-000004,15,16,54.18,53.528,53.532,53.532,53.63,54.13,0,0.5,true,,2.742335663694809,2.780282935419706,0.07384100401733949,0.03079836014794057,0.2996873904765416,0.6666666666666666,2.468151601332408,-0.19773957476714202,-0.055492828670118094,,"[0.0,0.0,0.0,0.0,0.0]",,"{""acc_lim_theta"":0.6,""acc_lim_x"":0.6,""inflation_dist"":0.55,""max_vel_theta"":0.65,""max_vel_x"":0.8,""min_obstacle_dist"":0.25,""weight_obstacle"":50.0,""weight_optimaltime"":0.7,""weight_viapoint"":4.0}","{""acc_lim_theta"":0.6,""acc_lim_x"":0.6,""inflation_dist"":0.725,""max_vel_theta"":0.75,""max_vel_x"":0.9,""min_obstacle_dist"":0.375,""weight_obstacle"":75.0,""weight_optimaltime"":0.75,""weight_viapoint"":2.5}","{""acc_lim_theta"":0.6,""acc_lim_x"":0.6,""inflation_dist"":0.6000000000000001,""max_vel_theta"":0.75,""max_vel_x"":0.9,""min_obstacle_dist"":0.3,""weight_obstacle"":60.0,""weight_optimaltime"":0.75,""weight_viapoint"":3.5}","{""acc_lim_theta"":0.6,""acc_lim_x"":0.6,""inflation_dist"":0.55,""max_vel_theta"":0.65,""max_vel_x"":0.8,""min_obstacle_dist"":0.25,""weight_obstacle"":50.0,""weight_optimaltime"":0.7,""weight_viapoint"":4.0}","{""acc_lim_theta"":0.6,""acc_lim_x"":0.6,""inflation_dist"":0.55,""max_vel_theta"":0.65,""max_vel_x"":0.8,""min_obstacle_dist"":0.25,""weight_obstacle"":50.0,""weight_optimaltime"":0.7,""weight_viapoint"":4.0}",true,min_obstacle_dist:rate_limit|inflation_dist:rate_limit|weight_obstacle:rate_limit|weight_viapoint:rate_limit,true,WARNING,margin:warning|safety_mode:WARNING:conservative_filter|warning:corridor_feasibility_profile,false,,-0.31920043504969353,-0.1897363586244838,-0.05,-0.035958567326402555,-0.003041672671567905,-0.04046383642723929,-0.0,-0.0,0.0,0.0,0.0,1.0,0.0,0.0,0.008702001650817692,0.0,98.00000000000608,true,
t12p_residual_seed102,t12p_residual_seed102-episode-000004,16,17,54.73,54.178,54.18,54.18,54.228,54.728,0,0.45000000000000284,true,,2.7605140575266267,2.5647733520155858,0.04775726958375695,0.0060389330862963535,0.2996873904765416,0.7216981132075472,0.7815593601061512,-0.5161130020922535,0.002104721187808683,,"[0.0,0.0,0.0,0.0,0.0]",,"{""acc_lim_theta"":0.6,""acc_lim_x"":0.6,""inflation_dist"":0.55,""max_vel_theta"":0.65,""max_vel_x"":0.8,""min_obstacle_dist"":0.25,""weight_obstacle"":50.0,""weight_optimaltime"":0.7,""weight_viapoint"":4.0}","{""acc_lim_theta"":0.6,""acc_lim_x"":0.6,""inflation_dist"":0.725,""max_vel_theta"":0.75,""max_vel_x"":0.9,""min_obstacle_dist"":0.375,""weight_obstacle"":75.0,""weight_optimaltime"":0.75,""weight_viapoint"":2.5}","{""acc_lim_theta"":0.6,""acc_lim_x"":0.6,""inflation_dist"":0.6000000000000001,""max_vel_theta"":0.75,""max_vel_x"":0.9,""min_obstacle_dist"":0.3,""weight_obstacle"":60.0,""weight_optimaltime"":0.75,""weight_viapoint"":3.5}","{""acc_lim_theta"":0.6,""acc_lim_x"":0.6,""inflation_dist"":0.55,""max_vel_theta"":0.65,""max_vel_x"":0.8,""min_obstacle_dist"":0.25,""weight_obstacle"":50.0,""weight_optimaltime"":0.7,""weight_viapoint"":4.0}","{""acc_lim_theta"":0.6,""acc_lim_x"":0.6,""inflation_dist"":0.55,""max_vel_theta"":0.65,""max_vel_x"":0.8,""min_obstacle_dist"":0.25,""weight_obstacle"":50.0,""weight_optimaltime"":0.7,""weight_viapoint"":4.0}",true,min_obstacle_dist:rate_limit|inflation_dist:rate_limit|weight_obstacle:rate_limit|weight_viapoint:rate_limit,true,WARNING,margin:warning|safety_mode:WARNING:conservative_filter|warning:corridor_feasibility_profile,false,,0.8357644667092987,0.9787035275552047,-0.04500000000000029,-0.05085920625972802,-0.0011301664110692394,-0.045949688175108507,-0.0,-0.0,0.0,0.0,0.0,1.0,0.0,0.0,0.006267990102060139,0.0,48.00000000000182,true,
t12p_residual_seed102,t12p_residual_seed102-episode-000004,17,18,55.33,54.718,54.73,54.73,54.828,55.328,0,0.45000000000000284,true,,2.499660687392831,2.2658491417666755,0.04990253218134842,0.0055374909055752345,0.2996873904765416,0.7913669064748201,0.6339692405279784,-0.5301683428245249,0.04783214489863877,,"[0.0,0.0,0.0,0.0,0.0]",,"{""acc_lim_theta"":0.6,""acc_lim_x"":0.6,""inflation_dist"":0.55,""max_vel_theta"":0.65,""max_vel_x"":0.8,""min_obstacle_dist"":0.25,""weight_obstacle"":50.0,""weight_optimaltime"":0.7,""weight_viapoint"":4.0}","{""acc_lim_theta"":0.6,""acc_lim_x"":0.6,""inflation_dist"":0.725,""max_vel_theta"":0.75,""max_vel_x"":0.9,""min_obstacle_dist"":0.375,""weight_obstacle"":75.0,""weight_optimaltime"":0.75,""weight_viapoint"":2.5}","{""acc_lim_theta"":0.6,""acc_lim_x"":0.6,""inflation_dist"":0.6000000000000001,""max_vel_theta"":0.75,""max_vel_x"":0.9,""min_obstacle_dist"":0.3,""weight_obstacle"":60.0,""weight_optimaltime"":0.75,""weight_viapoint"":3.5}","{""acc_lim_theta"":0.6,""acc_lim_x"":0.6,""inflation_dist"":0.55,""max_vel_theta"":0.65,""max_vel_x"":0.8,""min_obstacle_dist"":0.25,""weight_obstacle"":50.0,""weight_optimaltime"":0.7,""weight_viapoint"":4.0}","{""acc_lim_theta"":0.6,""acc_lim_x"":0.6,""inflation_dist"":0.55,""max_vel_theta"":0.65,""max_vel_x"":0.8,""min_obstacle_dist"":0.25,""weight_obstacle"":50.0,""weight_optimaltime"":0.7,""weight_viapoint"":4.0}",true,min_obstacle_dist:rate_limit|inflation_dist:rate_limit|weight_obstacle:rate_limit|weight_viapoint:rate_limit,true,WARNING,margin:warning|safety_mode:WARNING:conservative_filter|warning:corridor_feasibility_profile,false,,0.9527696764792949,1.169057728130778,-0.04500000000000029,-0.1325750980743216,-0.0010351581178853256,-0.037677795459275666,-0.0,-0.0,0.0,0.0,0.0,1.0,0.0,0.0,0.009213006705977023,0.0,98.00000000000608,true,
t12p_residual_seed102,t12p_residual_seed102-episode-000004,18,19,55.984,55.326,55.33,55.33,55.434,55.934,0,0.5,true,,2.1846427682938425,1.894694920779762,0.04901856736848701,0.0054701064682854275,0.2996873904765416,0.8473684210526315,0.5071686858699352,-0.6,0.010459999931164374,,"[0.0,0.0,0.0,0.0,0.0]",,"{""acc_lim_theta"":0.6,""acc_lim_x"":0.6,""inflation_dist"":0.55,""max_vel_theta"":0.65,""max_vel_x"":0.8,""min_obstacle_dist"":0.25,""weight_obstacle"":50.0,""weight_optimaltime"":0.7,""weight_viapoint"":4.0}","{""acc_lim_theta"":0.6,""acc_lim_x"":0.6,""inflation_dist"":0.725,""max_vel_theta"":0.75,""max_vel_x"":0.9,""min_obstacle_dist"":0.375,""weight_obstacle"":75.0,""weight_optimaltime"":0.75,""weight_viapoint"":2.5}","{""acc_lim_theta"":0.6,""acc_lim_x"":0.6,""inflation_dist"":0.6000000000000001,""max_vel_theta"":0.75,""max_vel_x"":0.9,""min_obstacle_dist"":0.3,""weight_obstacle"":60.0,""weight_optimaltime"":0.75,""weight_viapoint"":3.5}","{""acc_lim_theta"":0.6,""acc_lim_x"":0.6,""inflation_dist"":0.55,""max_vel_theta"":0.65,""max_vel_x"":0.8,""min_obstacle_dist"":0.25,""weight_obstacle"":50.0,""weight_optimaltime"":0.7,""weight_viapoint"":4.0}","{""acc_lim_theta"":0.6,""acc_lim_x"":0.6,""inflation_dist"":0.55,""max_vel_theta"":0.65,""max_vel_x"":0.8,""min_obstacle_dist"":0.25,""weight_obstacle"":50.0,""weight_optimaltime"":0.7,""weight_viapoint"":4.0}",true,min_obstacle_dist:rate_limit|inflation_dist:rate_limit|weight_obstacle:rate_limit|weight_viapoint:rate_limit,true,WARNING,margin:warning|safety_mode:WARNING:conservative_filter|warning:corridor_feasibility_profile,false,,1.1578881988986016,1.4497392375704021,-0.05,-0.21985868774549366,-0.0012499963141912884,-0.020742354612115654,-0.0,-0.0,0.0,0.0,0.0,1.0,0.0,0.0,0.0072690017987042665,0.0,103.9999999999992,true,
t12p_residual_seed102,t12p_residual_seed102-episode-000004,19,20,56.582,55.978,55.984,55.984,56.032,56.532,0,0.5,true,,1.8347002632936218,1.5408096014943715,0.049527585523246855,0.0019144007625931112,0.2996873904765416,0.884453781512605,0.5092249291646769,-0.6,0.006431674135082614,,"[0.0,0.0,0.0,0.0,0.0]",,"{""acc_lim_theta"":0.6,""acc_lim_x"":0.6,""inflation_dist"":0.55,""max_vel_theta"":0.65,""max_vel_x"":0.8,""min_obstacle_dist"":0.25,""weight_obstacle"":50.0,""weight_optimaltime"":0.7,""weight_viapoint"":4.0}","{""acc_lim_theta"":0.6,""acc_lim_x"":0.6,""inflation_dist"":0.725,""max_vel_theta"":0.75,""max_vel_x"":0.9,""min_obstacle_dist"":0.375,""weight_obstacle"":75.0,""weight_optimaltime"":0.75,""weight_viapoint"":2.5}","{""acc_lim_theta"":0.6,""acc_lim_x"":0.6,""inflation_dist"":0.6000000000000001,""max_vel_theta"":0.75,""max_vel_x"":0.9,""min_obstacle_dist"":0.3,""weight_obstacle"":60.0,""weight_optimaltime"":0.75,""weight_viapoint"":3.5}","{""acc_lim_theta"":0.6,""acc_lim_x"":0.6,""inflation_dist"":0.55,""max_vel_theta"":0.65,""max_vel_x"":0.8,""min_obstacle_dist"":0.25,""weight_obstacle"":50.0,""weight_optimaltime"":0.7,""weight_viapoint"":4.0}","{""acc_lim_theta"":0.6,""acc_lim_x"":0.6,""inflation_dist"":0.55,""max_vel_theta"":0.65,""max_vel_x"":0.8,""min_obstacle_dist"":0.25,""weight_obstacle"":50.0,""weight_optimaltime"":0.7,""weight_viapoint"":4.0}",true,min_obstacle_dist:rate_limit|inflation_dist:rate_limit|weight_obstacle:rate_limit|weight_viapoint:rate_limit,true,WARNING,margin:warning|safety_mode:WARNING:conservative_filter|warning:corridor_feasibility_profile,false,,1.183362510097151,1.4694533089962514,-0.05,-0.23144260352250395,-0.0012198103587545387,-0.0034283850178419015,-0.0,-0.0,0.0,0.0,0.0,1.0,0.0,0.0,0.005803987733088434,0.0,47.999999999994714,true,
t12p_residual_seed102,t12p_residual_seed102-episode-000004,20,21,57.182,56.578,56.582,56.582,56.632,57.132,0,0.5,true,,1.480811411233688,1.185299040961027,0.05050307923841142,0.00023025576880077473,0.2996873904765416,0.8996282527881041,0.5325729006876542,-0.5869101487126459,0.001028985527549207,,"[0.0,0.0,0.0,0.0,0.0]",,"{""acc_lim_theta"":0.6,""acc_lim_x"":0.6,""inflation_dist"":0.55,""max_vel_theta"":0.65,""max_vel_x"":0.8,""min_obstacle_dist"":0.25,""weight_obstacle"":50.0,""weight_optimaltime"":0.7,""weight_viapoint"":4.0}","{""acc_lim_theta"":0.6,""acc_lim_x"":0.6,""inflation_dist"":0.725,""max_vel_theta"":0.75,""max_vel_x"":0.9,""min_obstacle_dist"":0.375,""weight_obstacle"":75.0,""weight_optimaltime"":0.75,""weight_viapoint"":2.5}","{""acc_lim_theta"":0.6,""acc_lim_x"":0.6,""inflation_dist"":0.6000000000000001,""max_vel_theta"":0.75,""max_vel_x"":0.9,""min_obstacle_dist"":0.3,""weight_obstacle"":60.0,""weight_optimaltime"":0.75,""weight_viapoint"":3.5}","{""acc_lim_theta"":0.6,""acc_lim_x"":0.6,""inflation_dist"":0.55,""max_vel_theta"":0.65,""max_vel_x"":0.8,""min_obstacle_dist"":0.25,""weight_obstacle"":50.0,""weight_optimaltime"":0.7,""weight_viapoint"":4.0}","{""acc_lim_theta"":0.6,""acc_lim_x"":0.6,""inflation_dist"":0.55,""max_vel_theta"":0.65,""max_vel_x"":0.8,""min_obstacle_dist"":0.25,""weight_obstacle"":50.0,""weight_optimaltime"":0.7,""weight_viapoint"":4.0}",true,min_obstacle_dist:rate_limit|inflation_dist:rate_limit|weight_obstacle:rate_limit|weight_viapoint:rate_limit,true,WARNING,margin:warning|safety_mode:WARNING:conservative_filter|warning:corridor_feasibility_profile,false,,1.1964409003902856,1.477561851363306,-0.05,-0.22970234784658655,-0.001253114019378442,-0.00016548910705550988,-0.0,-0.0,0.0,0.0,0.0,1.0,0.0,0.0,0.007718001143075526,0.0,49.99999999999716,true,
t12p_residual_seed102,t12p_residual_seed102-episode-000004,21,22,57.784,57.178,57.182,57.182,57.234,57.734,0,0.5,true,,1.1266124599463818,0.8405826202224732,0.04989389621807473,5.27543698894276e-05,0.2996873904765416,0.9073426573426573,0.5197505375154816,-0.6,-5.6408582286108185e-05,,"[0.0,0.0,0.0,0.0,0.0]",,"{""acc_lim_theta"":0.6,""acc_lim_x"":0.6,""inflation_dist"":0.55,""max_vel_theta"":0.65,""max_vel_x"":0.8,""min_obstacle_dist"":0.25,""weight_obstacle"":50.0,""weight_optimaltime"":0.7,""weight_viapoint"":4.0}","{""acc_lim_theta"":0.6,""acc_lim_x"":0.6,""inflation_dist"":0.725,""max_vel_theta"":0.75,""max_vel_x"":0.9,""min_obstacle_dist"":0.375,""weight_obstacle"":75.0,""weight_optimaltime"":0.75,""weight_viapoint"":2.5}","{""acc_lim_theta"":0.6,""acc_lim_x"":0.6,""inflation_dist"":0.6000000000000001,""max_vel_theta"":0.75,""max_vel_x"":0.9,""min_obstacle_dist"":0.3,""weight_obstacle"":60.0,""weight_optimaltime"":0.75,""weight_viapoint"":3.5}","{""acc_lim_theta"":0.6,""acc_lim_x"":0.6,""inflation_dist"":0.55,""max_vel_theta"":0.65,""max_vel_x"":0.8,""min_obstacle_dist"":0.25,""weight_obstacle"":50.0,""weight_optimaltime"":0.7,""weight_viapoint"":4.0}","{""acc_lim_theta"":0.6,""acc_lim_x"":0.6,""inflation_dist"":0.55,""max_vel_theta"":0.65,""max_vel_x"":0.8,""min_obstacle_dist"":0.25,""weight_obstacle"":50.0,""weight_optimaltime"":0.7,""weight_viapoint"":4.0}",true,min_obstacle_dist:rate_limit|inflation_dist:rate_limit|weight_obstacle:rate_limit|weight_viapoint:rate_limit,true,WARNING,margin:warning|safety_mode:WARNING:conservative_filter|warning:corridor_feasibility_profile,false,,1.1484306718891022,1.4301491986195431,-0.05,-0.22986311475763196,-0.0012603741282729525,-0.0005950378445361534,-0.0,-0.0,0.0,0.0,0.0,1.0,0.0,0.0,0.006276008207350969,0.0,51.9999999999996,true,
t12p_residual_seed102,t12p_residual_seed102-episode-000004,22,23,61.386,57.778,57.784,57.784,57.836,58.336,0,0.5,true,,0.7805921229685874,0.48191387109361933,0.5103810226457528,3.995391742814411e-05,0.2996873904765416,0.884493670886076,0.5273670517575173,-0.580636935239719,-2.647534738785018e-05,,"[0.0,0.0,0.0,0.0,0.0]",,"{""acc_lim_theta"":0.6,""acc_lim_x"":0.6,""inflation_dist"":0.55,""max_vel_theta"":0.65,""max_vel_x"":0.8,""min_obstacle_dist"":0.25,""weight_obstacle"":50.0,""weight_optimaltime"":0.7,""weight_viapoint"":4.0}","{""acc_lim_theta"":0.6,""acc_lim_x"":0.6,""inflation_dist"":0.725,""max_vel_theta"":0.75,""max_vel_x"":0.9,""min_obstacle_dist"":0.375,""weight_obstacle"":75.0,""weight_optimaltime"":0.75,""weight_viapoint"":2.5}","{""acc_lim_theta"":0.6,""acc_lim_x"":0.6,""inflation_dist"":0.6000000000000001,""max_vel_theta"":0.75,""max_vel_x"":0.9,""min_obstacle_dist"":0.3,""weight_obstacle"":60.0,""weight_optimaltime"":0.75,""weight_viapoint"":3.5}","{""acc_lim_theta"":0.6,""acc_lim_x"":0.6,""inflation_dist"":0.55,""max_vel_theta"":0.65,""max_vel_x"":0.8,""min_obstacle_dist"":0.25,""weight_obstacle"":50.0,""weight_optimaltime"":0.7,""weight_viapoint"":4.0}","{""acc_lim_theta"":0.6,""acc_lim_x"":0.6,""inflation_dist"":0.55,""max_vel_theta"":0.65,""max_vel_x"":0.8,""min_obstacle_dist"":0.25,""weight_obstacle"":50.0,""weight_optimaltime"":0.7,""weight_viapoint"":4.0}",true,min_obstacle_dist:rate_limit|inflation_dist:rate_limit|weight_obstacle:rate_limit|weight_viapoint:rate_limit,true,WARNING,margin:warning|safety_mode:WARNING:conservative_filter|warning:corridor_feasibility_profile,false,,1.2124620343985801,1.4933912593748402,-0.05,-0.2293732295233801,-0.0012589566056509798,-0.00029703884722909185,-0.0,-0.0,0.0,0.0,0.0,1.0,0.0,0.0,0.007355993147939444,0.0,51.9999999999996,true,
t12p_residual_seed102,t12p_residual_seed102-episode-000004,23,24,61.948,61.378,61.386,61.386,61.446,61.946,0,0.45000000000000284,true,,1.3334177682520485,1.6002679968455564,0.2872639652424518,3.672468914671842e-05,0.2996873904765416,0.884493670886076,0.5387693681549097,-0.581902296334925,2.2391358739741925e-05,,"[0.0,0.0,0.0,0.0,0.0]",,"{""acc_lim_theta"":0.6,""acc_lim_x"":0.6,""inflation_dist"":0.55,""max_vel_theta"":0.65,""max_vel_x"":0.8,""min_obstacle_dist"":0.25,""weight_obstacle"":50.0,""weight_optimaltime"":0.7,""weight_viapoint"":4.0}","{""acc_lim_theta"":0.6,""acc_lim_x"":0.6,""inflation_dist"":0.725,""max_vel_theta"":0.75,""max_vel_x"":0.9,""min_obstacle_dist"":0.375,""weight_obstacle"":75.0,""weight_optimaltime"":0.75,""weight_viapoint"":2.5}","{""acc_lim_theta"":0.6,""acc_lim_x"":0.6,""inflation_dist"":0.6000000000000001,""max_vel_theta"":0.75,""max_vel_x"":0.9,""min_obstacle_dist"":0.3,""weight_obstacle"":60.0,""weight_optimaltime"":0.75,""weight_viapoint"":3.5}","{""acc_lim_theta"":0.6,""acc_lim_x"":0.6,""inflation_dist"":0.55,""max_vel_theta"":0.65,""max_vel_x"":0.8,""min_obstacle_dist"":0.25,""weight_obstacle"":50.0,""weight_optimaltime"":0.7,""weight_viapoint"":4.0}","{""acc_lim_theta"":0.6,""acc_lim_x"":0.6,""inflation_dist"":0.55,""max_vel_theta"":0.65,""max_vel_x"":0.8,""min_obstacle_dist"":0.25,""weight_obstacle"":50.0,""weight_optimaltime"":0.7,""weight_viapoint"":4.0}",true,min_obstacle_dist:rate_limit|inflation_dist:rate_limit|weight_obstacle:rate_limit|weight_viapoint:rate_limit,true,WARNING,margin:warning|safety_mode:WARNING:conservative_filter|warning:corridor_feasibility_profile,false,,-1.620769779268273,-1.3342511429675397,-0.04500000000000029,-0.20673767576321603,-0.0346526192834461,-0.0001283412540706102,-0.0,-0.0,0.0,0.0,0.0,1.0,0.0,0.0,0.005127003532834351,0.0,59.99999999999517,true,
t12p_residual_seed102,t12p_residual_seed102-episode-000004,24,25,62.6,61.944,61.948,61.948,62.05,62.55,0,0.5,true,,1.681889641636557,1.9730435721394317,0.08380113200826253,5.1123055331244494e-05,0.2996873904765416,0.8901273885350318,0.5407387378093316,-0.5835595353615582,0.00014015962186670944,,"[0.0,0.0,0.0,0.0,0.0]",,"{""acc_lim_theta"":0.6,""acc_lim_x"":0.6,""inflation_dist"":0.55,""max_vel_theta"":0.65,""max_vel_x"":0.8,""min_obstacle_dist"":0.25,""weight_obstacle"":50.0,""weight_optimaltime"":0.7,""weight_viapoint"":4.0}","{""acc_lim_theta"":0.6,""acc_lim_x"":0.6,""inflation_dist"":0.725,""max_vel_theta"":0.75,""max_vel_x"":0.9,""min_obstacle_dist"":0.375,""weight_obstacle"":75.0,""weight_optimaltime"":0.75,""weight_viapoint"":2.5}","{""acc_lim_theta"":0.6,""acc_lim_x"":0.6,""inflation_dist"":0.6000000000000001,""max_vel_theta"":0.75,""max_vel_x"":0.9,""min_obstacle_dist"":0.3,""weight_obstacle"":60.0,""weight_optimaltime"":0.75,""weight_viapoint"":3.5}","{""acc_lim_theta"":0.6,""acc_lim_x"":0.6,""inflation_dist"":0.55,""max_vel_theta"":0.65,""max_vel_x"":0.8,""min_obstacle_dist"":0.25,""weight_obstacle"":50.0,""weight_optimaltime"":0.7,""weight_viapoint"":4.0}","{""acc_lim_theta"":0.6,""acc_lim_x"":0.6,""inflation_dist"":0.55,""max_vel_theta"":0.65,""max_vel_x"":0.8,""min_obstacle_dist"":0.25,""weight_obstacle"":50.0,""weight_optimaltime"":0.7,""weight_viapoint"":4.0}",true,min_obstacle_dist:rate_limit|inflation_dist:rate_limit|weight_obstacle:rate_limit|weight_viapoint:rate_limit,true,WARNING,margin:warning|safety_mode:WARNING:conservative_filter|warning:corridor_feasibility_profile,false,,-1.8470853590391088,-1.4557696525143737,-0.05,-0.22662438746242697,-0.11459603425560416,-9.528480670377606e-05,-0.0,-0.0,0.0,0.0,0.0,1.0,0.0,0.0,0.007219990948215127,0.0,101.99999999999676,true,
t12p_residual_seed102,t12p_residual_seed102-episode-000004,25,26,63.2,62.598,62.6,62.6,62.65,63.15,0,0.5,true,,2.031397995900785,2.327420461758383,0.4247093893908329,0.000676494930230271,0.29841210437876203,0.8913738019169329,0.5380967070525194,-0.5825799796797592,0.01182520148955542,,"[0.0,0.0,0.0,0.0,0.0]",,"{""acc_lim_theta"":0.6,""acc_lim_x"":0.6,""inflation_dist"":0.55,""max_vel_theta"":0.65,""max_vel_x"":0.8,""min_obstacle_dist"":0.25,""weight_obstacle"":50.0,""weight_optimaltime"":0.7,""weight_viapoint"":4.0}","{""acc_lim_theta"":0.6,""acc_lim_x"":0.6,""inflation_dist"":0.725,""max_vel_theta"":0.75,""max_vel_x"":0.9,""min_obstacle_dist"":0.375,""weight_obstacle"":75.0,""weight_optimaltime"":0.75,""weight_viapoint"":2.5}","{""acc_lim_theta"":0.6,""acc_lim_x"":0.6,""inflation_dist"":0.6000000000000001,""max_vel_theta"":0.75,""max_vel_x"":0.9,""min_obstacle_dist"":0.3,""weight_obstacle"":60.0,""weight_optimaltime"":0.75,""weight_viapoint"":3.5}","{""acc_lim_theta"":0.6,""acc_lim_x"":0.6,""inflation_dist"":0.55,""max_vel_theta"":0.65,""max_vel_x"":0.8,""min_obstacle_dist"":0.25,""weight_obstacle"":50.0,""weight_optimaltime"":0.7,""weight_viapoint"":4.0}","{""acc_lim_theta"":0.6,""acc_lim_x"":0.6,""inflation_dist"":0.55,""max_vel_theta"":0.65,""max_vel_x"":0.8,""min_obstacle_dist"":0.25,""weight_obstacle"":50.0,""weight_optimaltime"":0.7,""weight_viapoint"":4.0}",true,min_obstacle_dist:rate_limit|inflation_dist:rate_limit|weight_obstacle:rate_limit|weight_viapoint:rate_limit,true,WARNING,margin:warning|safety_mode:WARNING:conservative_filter|warning:corridor_feasibility_profile,false,,-1.8004929563269279,-1.4801123292879903,-0.05,-0.23554287781840436,-0.034446503958346225,-0.0003912452621869832,-0.0,-0.0,0.0,0.0,0.09999999999999787,1.0,0.0,0.0,0.00518599699717015,0.0,49.99999999999716,true,
t12p_residual_seed102,t12p_residual_seed102-episode-000004,26,27,63.802,63.198,63.2,63.2,63.252,63.752,0,0.5,true,,2.385677521273954,2.6767551088225905,0.22676763001928943,1.714308951720489e-05,0.29841210437876203,0.9061488673139159,0.5320384372409878,-0.5863421116891999,-0.00038153194095424925,,"[0.0,0.0,0.0,0.0,0.0]",,"{""acc_lim_theta"":0.6,""acc_lim_x"":0.6,""inflation_dist"":0.55,""max_vel_theta"":0.65,""max_vel_x"":0.8,""min_obstacle_dist"":0.25,""weight_obstacle"":50.0,""weight_optimaltime"":0.7,""weight_viapoint"":4.0}","{""acc_lim_theta"":0.6,""acc_lim_x"":0.6,""inflation_dist"":0.725,""max_vel_theta"":0.75,""max_vel_x"":0.9,""min_obstacle_dist"":0.375,""weight_obstacle"":75.0,""weight_optimaltime"":0.75,""weight_viapoint"":2.5}","{""acc_lim_theta"":0.6,""acc_lim_x"":0.6,""inflation_dist"":0.6000000000000001,""max_vel_theta"":0.75,""max_vel_x"":0.9,""min_obstacle_dist"":0.3,""weight_obstacle"":60.0,""weight_optimaltime"":0.75,""weight_viapoint"":3.5}","{""acc_lim_theta"":0.6,""acc_lim_x"":0.6,""inflation_dist"":0.55,""max_vel_theta"":0.65,""max_vel_x"":0.8,""min_obstacle_dist"":0.25,""weight_obstacle"":50.0,""weight_optimaltime"":0.7,""weight_viapoint"":4.0}","{""acc_lim_theta"":0.6,""acc_lim_x"":0.6,""inflation_dist"":0.55,""max_vel_theta"":0.65,""max_vel_x"":0.8,""min_obstacle_dist"":0.25,""weight_obstacle"":50.0,""weight_optimaltime"":0.7,""weight_viapoint"":4.0}",true,min_obstacle_dist:rate_limit|inflation_dist:rate_limit|weight_obstacle:rate_limit|weight_viapoint:rate_limit,true,WARNING,margin:warning|safety_mode:WARNING:conservative_filter|warning:corridor_feasibility_profile,false,,-1.836600337926244,-1.4553879377431822,-0.05,-0.2300371363836038,-0.10098527833201758,-0.00018998546744047477,-0.0,-0.0,0.0,0.0,0.0,1.0,0.0,0.0,0.005819994839839637,0.0,51.9999999999996,true,
t12p_residual_seed102,t12p_residual_seed102-episode-000004,27,28,64.406,63.798,63.802,63.802,63.856,64.356,0,0.4999999999999929,true,,2.7353178242347926,3.028278164719304,0.5747076268277095,3.954308830946921e-05,0.29841210437876203,0.9150326797385621,0.5332315209568499,-0.5802670041085246,-1.6241415985205729e-06,,"[0.0,0.0,0.0,0.0,0.0]",,"{""acc_lim_theta"":0.6,""acc_lim_x"":0.6,""inflation_dist"":0.55,""max_vel_theta"":0.65,""max_vel_x"":0.8,""min_obstacle_dist"":0.25,""weight_obstacle"":50.0,""weight_optimaltime"":0.7,""weight_viapoint"":4.0}","{""acc_lim_theta"":0.6,""acc_lim_x"":0.6,""inflation_dist"":0.725,""max_vel_theta"":0.75,""max_vel_x"":0.9,""min_obstacle_dist"":0.375,""weight_obstacle"":75.0,""weight_optimaltime"":0.75,""weight_viapoint"":2.5}","{""acc_lim_theta"":0.6,""acc_lim_x"":0.6,""inflation_dist"":0.6000000000000001,""max_vel_theta"":0.75,""max_vel_x"":0.9,""min_obstacle_dist"":0.3,""weight_obstacle"":60.0,""weight_optimaltime"":0.75,""weight_viapoint"":3.5}","{""acc_lim_theta"":0.6,""acc_lim_x"":0.6,""inflation_dist"":0.55,""max_vel_theta"":0.65,""max_vel_x"":0.8,""min_obstacle_dist"":0.25,""weight_obstacle"":50.0,""weight_optimaltime"":0.7,""weight_viapoint"":4.0}","{""acc_lim_theta"":0.6,""acc_lim_x"":0.6,""inflation_dist"":0.55,""max_vel_theta"":0.65,""max_vel_x"":0.8,""min_obstacle_dist"":0.25,""weight_obstacle"":50.0,""weight_optimaltime"":0.7,""weight_viapoint"":4.0}",true,min_obstacle_dist:rate_limit|inflation_dist:rate_limit|weight_obstacle:rate_limit|weight_viapoint:rate_limit,true,WARNING,margin:warning|safety_mode:WARNING:conservative_filter|warning:corridor_feasibility_profile,false,,-1.8309548886694451,-1.464801702422558,-0.049999999999999295,-0.23315318236119115,-0.08268768004680963,-0.0003123238388868449,-0.0,-0.0,0.0,0.0,0.0,1.0,0.0,0.0,0.007679002010263503,0.0,54.000000000002046,true,
t12p_residual_seed102,t12p_residual_seed102-episode-000004,28,29,65.006,64.398,64.406,64.406,64.456,64.956,0,0.5,true,,3.086351723436089,3.381692498138828,0.33063260610674994,0.0003065754949165133,0.29808176642221607,0.9130434782608695,0.5196358530078586,-0.5963517190431381,-0.0013936494781568891,,"[0.0,0.0,0.0,0.0,0.0]",,"{""acc_lim_theta"":0.6,""acc_lim_x"":0.6,""inflation_dist"":0.55,""max_vel_theta"":0.65,""max_vel_x"":0.8,""min_obstacle_dist"":0.25,""weight_obstacle"":50.0,""weight_optimaltime"":0.7,""weight_viapoint"":4.0}","{""acc_lim_theta"":0.6,""acc_lim_x"":0.6,""inflation_dist"":0.725,""max_vel_theta"":0.75,""max_vel_x"":0.9,""min_obstacle_dist"":0.375,""weight_obstacle"":75.0,""weight_optimaltime"":0.75,""weight_viapoint"":2.5}","{""acc_lim_theta"":0.6,""acc_lim_x"":0.6,""inflation_dist"":0.6000000000000001,""max_vel_theta"":0.75,""max_vel_x"":0.9,""min_obstacle_dist"":0.3,""weight_obstacle"":60.0,""weight_optimaltime"":0.75,""weight_viapoint"":3.5}","{""acc_lim_theta"":0.6,""acc_lim_x"":0.6,""inflation_dist"":0.55,""max_vel_theta"":0.65,""max_vel_x"":0.8,""min_obstacle_dist"":0.25,""weight_obstacle"":50.0,""weight_optimaltime"":0.7,""weight_viapoint"":4.0}","{""acc_lim_theta"":0.6,""acc_lim_x"":0.6,""inflation_dist"":0.55,""max_vel_theta"":0.65,""max_vel_x"":0.8,""min_obstacle_dist"":0.25,""weight_obstacle"":50.0,""weight_optimaltime"":0.7,""weight_viapoint"":4.0}",true,min_obstacle_dist:rate_limit|inflation_dist:rate_limit|weight_obstacle:rate_limit|weight_viapoint:rate_limit,true,WARNING,margin:warning|safety_mode:WARNING:conservative_filter|warning:corridor_feasibility_profile,false,,-1.8119361915716123,-1.4767038735136961,-0.05,-0.24048856852073955,-0.044178691777054704,-0.0005650577601216338,-0.0,-0.0,0.0,0.0,0.10000000000000142,1.0,0.0,0.0,0.005890993634238839,0.0,49.99999999999716,true,
t12p_residual_seed102,t12p_residual_seed102-episode-000004,29,30,65.562,64.998,65.006,65.006,65.06,65.56,0,0.45000000000000284,true,,3.4532541486214154,3.7112246647899307,0.07438948176112688,2.8356582376851334e-05,0.29808176642221607,0.9100346020761245,0.541810094810762,-0.5811357978660725,-0.00017629482154275143,,"[0.0,0.0,0.0,0.0,0.0]",,"{""acc_lim_theta"":0.6,""acc_lim_x"":0.6,""inflation_dist"":0.55,""max_vel_theta"":0.65,""max_vel_x"":0.8,""min_obstacle_dist"":0.25,""weight_obstacle"":50.0,""weight_optimaltime"":0.7,""weight_viapoint"":4.0}","{""acc_lim_theta"":0.6,""acc_lim_x"":0.6,""inflation_dist"":0.725,""max_vel_theta"":0.75,""max_vel_x"":0.9,""min_obstacle_dist"":0.375,""weight_obstacle"":75.0,""weight_optimaltime"":0.75,""weight_viapoint"":2.5}","{""acc_lim_theta"":0.6,""acc_lim_x"":0.6,""inflation_dist"":0.6000000000000001,""max_vel_theta"":0.75,""max_vel_x"":0.9,""min_obstacle_dist"":0.3,""weight_obstacle"":60.0,""weight_optimaltime"":0.75,""weight_viapoint"":3.5}","{""acc_lim_theta"":0.6,""acc_lim_x"":0.6,""inflation_dist"":0.55,""max_vel_theta"":0.65,""max_vel_x"":0.8,""min_obstacle_dist"":0.25,""weight_obstacle"":50.0,""weight_optimaltime"":0.7,""weight_viapoint"":4.0}","{""acc_lim_theta"":0.6,""acc_lim_x"":0.6,""inflation_dist"":0.55,""max_vel_theta"":0.65,""max_vel_x"":0.8,""min_obstacle_dist"":0.25,""weight_obstacle"":50.0,""weight_optimaltime"":0.7,""weight_viapoint"":4.0}",true,min_obstacle_dist:rate_limit|inflation_dist:rate_limit|weight_obstacle:rate_limit|weight_viapoint:rate_limit,true,WARNING,margin:warning|safety_mode:WARNING:conservative_filter|warning:corridor_feasibility_profile,false,,-1.6575886910013593,-1.2898525808425765,-0.04500000000000029,-0.2099318891486479,-0.1127536707815662,-5.055022856827217e-05,-0.0,-0.0,0.0,0.0,0.05000000000000426,1.0,0.0,0.0,0.008925009751692414,0.0,54.000000000002046,true,
t12p_residual_seed102,t12p_residual_seed102-episode-000004,30,31,66.204,65.558,65.562,65.562,65.654,66.154,0,0.5,true,,3.7923421410762286,4.087694987514496,0.4359496847627944,0.00010493921533156372,0.29808176642221607,0.9025735294117647,0.5169563862072822,-0.6,-0.0008413618097846864,,"[0.0,0.0,0.0,0.0,0.0]",,"{""acc_lim_theta"":0.6,""acc_lim_x"":0.6,""inflation_dist"":0.55,""max_vel_theta"":0.65,""max_vel_x"":0.8,""min_obstacle_dist"":0.25,""weight_obstacle"":50.0,""weight_optimaltime"":0.7,""weight_viapoint"":4.0}","{""acc_lim_theta"":0.6,""acc_lim_x"":0.6,""inflation_dist"":0.725,""max_vel_theta"":0.75,""max_vel_x"":0.9,""min_obstacle_dist"":0.375,""weight_obstacle"":75.0,""weight_optimaltime"":0.75,""weight_viapoint"":2.5}","{""acc_lim_theta"":0.6,""acc_lim_x"":0.6,""inflation_dist"":0.6000000000000001,""max_vel_theta"":0.75,""max_vel_x"":0.9,""min_obstacle_dist"":0.3,""weight_obstacle"":60.0,""weight_optimaltime"":0.75,""weight_viapoint"":3.5}","{""acc_lim_theta"":0.6,""acc_lim_x"":0.6,""inflation_dist"":0.55,""max_vel_theta"":0.65,""max_vel_x"":0.8,""min_obstacle_dist"":0.25,""weight_obstacle"":50.0,""weight_optimaltime"":0.7,""weight_viapoint"":4.0}","{""acc_lim_theta"":0.6,""acc_lim_x"":0.6,""inflation_dist"":0.55,""max_vel_theta"":0.65,""max_vel_x"":0.8,""min_obstacle_dist"":0.25,""weight_obstacle"":50.0,""weight_optimaltime"":0.7,""weight_viapoint"":4.0}",true,min_obstacle_dist:rate_limit|inflation_dist:rate_limit|weight_obstacle:rate_limit|weight_viapoint:rate_limit,true,WARNING,margin:warning|safety_mode:WARNING:conservative_filter|warning:corridor_feasibility_profile,false,,-1.7986789376863523,-1.4767642321913366,-0.05,-0.23498780202295821,-0.0365220158566466,-0.00040488761541076433,-0.0,-0.0,0.0,0.0,0.0,1.0,0.0,0.0,0.005911002517677844,0.0,91.99999999999875,true,
t12p_residual_seed102,t12p_residual_seed102-episode-000004,31,32,66.802,66.198,66.204,66.204,66.252,66.752,0,0.5,true,,4.147694592668402,4.447692780743845,0.1993868470825271,0.0009471983494646001,0.29808176642221607,0.8875255623721882,0.5178083431514421,-0.6,-0.014319584612446578,,"[0.0,0.0,0.0,0.0,0.0]",,"{""acc_lim_theta"":0.6,""acc_lim_x"":0.6,""inflation_dist"":0.55,""max_vel_theta"":0.65,""max_vel_x"":0.8,""min_obstacle_dist"":0.25,""weight_obstacle"":50.0,""weight_optimaltime"":0.7,""weight_viapoint"":4.0}","{""acc_lim_theta"":0.6,""acc_lim_x"":0.6,""inflation_dist"":0.725,""max_vel_theta"":0.75,""max_vel_x"":0.9,""min_obstacle_dist"":0.375,""weight_obstacle"":75.0,""weight_optimaltime"":0.75,""weight_viapoint"":2.5}","{""acc_lim_theta"":0.6,""acc_lim_x"":0.6,""inflation_dist"":0.6000000000000001,""max_vel_theta"":0.75,""max_vel_x"":0.9,""min_obstacle_dist"":0.3,""weight_obstacle"":60.0,""weight_optimaltime"":0.75,""weight_viapoint"":3.5}","{""acc_lim_theta"":0.6,""acc_lim_x"":0.6,""inflation_dist"":0.55,""max_vel_theta"":0.65,""max_vel_x"":0.8,""min_obstacle_dist"":0.25,""weight_obstacle"":50.0,""weight_optimaltime"":0.7,""weight_viapoint"":4.0}","{""acc_lim_theta"":0.6,""acc_lim_x"":0.6,""inflation_dist"":0.55,""max_vel_theta"":0.65,""max_vel_x"":0.8,""min_obstacle_dist"":0.25,""weight_obstacle"":50.0,""weight_optimaltime"":0.7,""weight_viapoint"":4.0}",true,min_obstacle_dist:rate_limit|inflation_dist:rate_limit|weight_obstacle:rate_limit|weight_viapoint:rate_limit,true,WARNING,margin:warning|safety_mode:WARNING:conservative_filter|warning:corridor_feasibility_profile,false,,-1.8864913424501168,-1.4999909403772138,-0.05,-0.23123275211624172,-0.10526764995666113,-0.0,-0.0,-0.0,0.0,0.0,0.0,1.0,0.0,0.0,0.004973000613972545,0.0,48.00000000000182,true,
t12p_residual_seed102,t12p_residual_seed102-episode-000004,32,33,67.396,66.798,66.802,66.802,66.846,67.346,0,0.5,true,,4.507692318315226,4.807690107052758,0.5434144594340694,0.0005925979817307016,0.29808176642221607,0.8527918781725888,0.532239807861749,-0.6,0.001069600012584018,,"[0.0,0.0,0.0,0.0,0.0]",,"{""acc_lim_theta"":0.6,""acc_lim_x"":0.6,""inflation_dist"":0.55,""max_vel_theta"":0.65,""max_vel_x"":0.8,""min_obstacle_dist"":0.25,""weight_obstacle"":50.0,""weight_optimaltime"":0.7,""weight_viapoint"":4.0}","{""acc_lim_theta"":0.6,""acc_lim_x"":0.6,""inflation_dist"":0.725,""max_vel_theta"":0.75,""max_vel_x"":0.9,""min_obstacle_dist"":0.375,""weight_obstacle"":75.0,""weight_optimaltime"":0.75,""weight_viapoint"":2.5}","{""acc_lim_theta"":0.6,""acc_lim_x"":0.6,""inflation_dist"":0.6000000000000001,""max_vel_theta"":0.75,""max_vel_x"":0.9,""min_obstacle_dist"":0.3,""weight_obstacle"":60.0,""weight_optimaltime"":0.75,""weight_viapoint"":3.5}","{""acc_lim_theta"":0.6,""acc_lim_x"":0.6,""inflation_dist"":0.55,""max_vel_theta"":0.65,""max_vel_x"":0.8,""min_obstacle_dist"":0.25,""weight_obstacle"":50.0,""weight_optimaltime"":0.7,""weight_viapoint"":4.0}","{""acc_lim_theta"":0.6,""acc_lim_x"":0.6,""inflation_dist"":0.55,""max_vel_theta"":0.65,""max_vel_x"":0.8,""min_obstacle_dist"":0.25,""weight_obstacle"":50.0,""weight_optimaltime"":0.7,""weight_viapoint"":4.0}",true,min_obstacle_dist:rate_limit|inflation_dist:rate_limit|weight_obstacle:rate_limit|weight_viapoint:rate_limit,true,WARNING,margin:warning|safety_mode:WARNING:conservative_filter|warning:corridor_feasibility_profile,false,,-1.8534441430747548,-1.499988943687658,-0.05,-0.23209384534066618,-0.0713613540464307,-0.0,-0.0,-0.0,0.0,0.0,0.0,1.0,0.0,0.0,0.011961004929617047,0.0,43.99999999999693,true,
t12p_residual_seed102,t12p_residual_seed102-episode-000004,33,34,67.998,67.378,67.396,67.396,67.448,67.948,0,0.5,true,,4.86768972959072,5.16768861629625,0.30518593857336707,0.0030291478175748414,0.29808176642221607,0.7993079584775087,0.5480134394332448,-0.6,0.0044898490248932235,,"[0.0,0.0,0.0,0.0,0.0]",,"{""acc_lim_theta"":0.6,""acc_lim_x"":0.6,""inflation_dist"":0.55,""max_vel_theta"":0.65,""max_vel_x"":0.8,""min_obstacle_dist"":0.25,""weight_obstacle"":50.0,""weight_optimaltime"":0.7,""weight_viapoint"":4.0}","{""acc_lim_theta"":0.6,""acc_lim_x"":0.6,""inflation_dist"":0.725,""max_vel_theta"":0.75,""max_vel_x"":0.9,""min_obstacle_dist"":0.375,""weight_obstacle"":75.0,""weight_optimaltime"":0.75,""weight_viapoint"":2.5}","{""acc_lim_theta"":0.6,""acc_lim_x"":0.6,""inflation_dist"":0.6000000000000001,""max_vel_theta"":0.75,""max_vel_x"":0.9,""min_obstacle_dist"":0.3,""weight_obstacle"":60.0,""weight_optimaltime"":0.75,""weight_viapoint"":3.5}","{""acc_lim_theta"":0.6,""acc_lim_x"":0.6,""inflation_dist"":0.55,""max_vel_theta"":0.65,""max_vel_x"":0.8,""min_obstacle_dist"":0.25,""weight_obstacle"":50.0,""weight_optimaltime"":0.7,""weight_viapoint"":4.0}","{""acc_lim_theta"":0.6,""acc_lim_x"":0.6,""inflation_dist"":0.55,""max_vel_theta"":0.65,""max_vel_x"":0.8,""min_obstacle_dist"":0.25,""weight_obstacle"":50.0,""weight_optimaltime"":0.7,""weight_viapoint"":4.0}",true,min_obstacle_dist:rate_limit|inflation_dist:rate_limit|weight_obstacle:rate_limit|weight_viapoint:rate_limit,true,WARNING,margin:warning|safety_mode:WARNING:conservative_filter|warning:corridor_feasibility_profile,false,,-1.8125561777130939,-1.4999944335276494,-0.05,-0.2220743270054251,-0.040487417180019414,-0.0,-0.0,-0.0,0.0,0.0,0.0,1.0,0.0,0.0,0.005803012754768133,0.0,51.9999999999925,true,
t12p_residual_seed102,t12p_residual_seed102-episode-000004,34,35,68.594,67.978,67.998,67.998,68.044,68.544,0,0.5,true,,5.227688614126518,5.518070159771778,0.06775133097693586,0.005251897352724311,0.29808176642221607,0.7169811320754716,0.9052177284662791,-0.4588979277358886,-0.008384733802513433,,"[0.0,0.0,0.0,0.0,0.0]",,"{""acc_lim_theta"":0.6,""acc_lim_x"":0.6,""inflation_dist"":0.55,""max_vel_theta"":0.65,""max_vel_x"":0.8,""min_obstacle_dist"":0.25,""weight_obstacle"":50.0,""weight_optimaltime"":0.7,""weight_viapoint"":4.0}","{""acc_lim_theta"":0.6,""acc_lim_x"":0.6,""inflation_dist"":0.725,""max_vel_theta"":0.75,""max_vel_x"":0.9,""min_obstacle_dist"":0.375,""weight_obstacle"":75.0,""weight_optimaltime"":0.75,""weight_viapoint"":2.5}","{""acc_lim_theta"":0.6,""acc_lim_x"":0.6,""inflation_dist"":0.6000000000000001,""max_vel_theta"":0.75,""max_vel_x"":0.9,""min_obstacle_dist"":0.3,""weight_obstacle"":60.0,""weight_optimaltime"":0.75,""weight_viapoint"":3.5}","{""acc_lim_theta"":0.6,""acc_lim_x"":0.6,""inflation_dist"":0.55,""max_vel_theta"":0.65,""max_vel_x"":0.8,""min_obstacle_dist"":0.25,""weight_obstacle"":50.0,""weight_optimaltime"":0.7,""weight_viapoint"":4.0}","{""acc_lim_theta"":0.6,""acc_lim_x"":0.6,""inflation_dist"":0.55,""max_vel_theta"":0.65,""max_vel_x"":0.8,""min_obstacle_dist"":0.25,""weight_obstacle"":50.0,""weight_optimaltime"":0.7,""weight_viapoint"":4.0}",true,min_obstacle_dist:rate_limit|inflation_dist:rate_limit|weight_obstacle:rate_limit|weight_viapoint:rate_limit,true,WARNING,margin:warning|safety_mode:WARNING:conservative_filter|warning:corridor_feasibility_profile,false,,-1.7894763701891296,-1.4519077282262982,-0.05,-0.15660255911263676,-0.12172114013063598,-0.00924494271955874,-0.0,-0.0,0.0,0.0,0.0,1.0,0.0,0.0,0.0075029965955764055,0.0,45.99999999999227,true,
t12p_residual_seed102,t12p_residual_seed102-episode-000004,35,36,69.192,68.586,68.594,68.594,68.642,69.142,0,0.5,true,,5.563959786536362,5.753109010919357,0.27547805091748584,0.0009116029486735141,0.29808176642221607,0.6629213483146067,2.312777064510415,-0.21159495863750355,0.004416617804932459,,"[0.0,0.0,0.0,0.0,0.0]",,"{""acc_lim_theta"":0.6,""acc_lim_x"":0.6,""inflation_dist"":0.55,""max_vel_theta"":0.65,""max_vel_x"":0.8,""min_obstacle_dist"":0.25,""weight_obstacle"":50.0,""weight_optimaltime"":0.7,""weight_viapoint"":4.0}","{""acc_lim_theta"":0.6,""acc_lim_x"":0.6,""inflation_dist"":0.725,""max_vel_theta"":0.75,""max_vel_x"":0.9,""min_obstacle_dist"":0.375,""weight_obstacle"":75.0,""weight_optimaltime"":0.75,""weight_viapoint"":2.5}","{""acc_lim_theta"":0.6,""acc_lim_x"":0.6,""inflation_dist"":0.6000000000000001,""max_vel_theta"":0.75,""max_vel_x"":0.9,""min_obstacle_dist"":0.3,""weight_obstacle"":60.0,""weight_optimaltime"":0.75,""weight_viapoint"":3.5}","{""acc_lim_theta"":0.6,""acc_lim_x"":0.6,""inflation_dist"":0.55,""max_vel_theta"":0.65,""max_vel_x"":0.8,""min_obstacle_dist"":0.25,""weight_obstacle"":50.0,""weight_optimaltime"":0.7,""weight_viapoint"":4.0}","{""acc_lim_theta"":0.6,""acc_lim_x"":0.6,""inflation_dist"":0.55,""max_vel_theta"":0.65,""max_vel_x"":0.8,""min_obstacle_dist"":0.25,""weight_obstacle"":50.0,""weight_optimaltime"":0.7,""weight_viapoint"":4.0}",true,min_obstacle_dist:rate_limit|inflation_dist:rate_limit|weight_obstacle:rate_limit|weight_viapoint:rate_limit,true,WARNING,margin:warning|safety_mode:WARNING:conservative_filter|warning:corridor_feasibility_profile,false,,-1.1968505625017811,-0.9457461219149765,-0.05,-0.06151310984821286,-0.017150213725930702,-0.12244111701266087,-0.0,-0.0,0.0,0.0,0.0,1.0,0.0,0.0,0.005483001586981118,0.0,48.00000000000182,true,
t12p_residual_seed102,t12p_residual_seed102-episode-000004,36,37,69.744,69.178,69.192,69.192,69.242,69.742,0,0.45000000000000284,true,,5.7742683798231536,5.7178662866995245,0.05030392835466673,0.0013020746717839452,0.29808176642221607,0.6756756756756757,1.3787893776883562,0.34608809969571275,-0.015895180695859792,,"[0.0,0.0,0.0,0.0,0.0]",,"{""acc_lim_theta"":0.6,""acc_lim_x"":0.6,""inflation_dist"":0.55,""max_vel_theta"":0.65,""max_vel_x"":0.8,""min_obstacle_dist"":0.25,""weight_obstacle"":50.0,""weight_optimaltime"":0.7,""weight_viapoint"":4.0}","{""acc_lim_theta"":0.6,""acc_lim_x"":0.6,""inflation_dist"":0.725,""max_vel_theta"":0.75,""max_vel_x"":0.9,""min_obstacle_dist"":0.375,""weight_obstacle"":75.0,""weight_optimaltime"":0.75,""weight_viapoint"":2.5}","{""acc_lim_theta"":0.6,""acc_lim_x"":0.6,""inflation_dist"":0.6000000000000001,""max_vel_theta"":0.75,""max_vel_x"":0.9,""min_obstacle_dist"":0.3,""weight_obstacle"":60.0,""weight_optimaltime"":0.75,""weight_viapoint"":3.5}","{""acc_lim_theta"":0.6,""acc_lim_x"":0.6,""inflation_dist"":0.55,""max_vel_theta"":0.65,""max_vel_x"":0.8,""min_obstacle_dist"":0.25,""weight_obstacle"":50.0,""weight_optimaltime"":0.7,""weight_viapoint"":4.0}","{""acc_lim_theta"":0.6,""acc_lim_x"":0.6,""inflation_dist"":0.55,""max_vel_theta"":0.65,""max_vel_x"":0.8,""min_obstacle_dist"":0.25,""weight_obstacle"":50.0,""weight_optimaltime"":0.7,""weight_viapoint"":4.0}",true,min_obstacle_dist:rate_limit|inflation_dist:rate_limit|weight_obstacle:rate_limit|weight_viapoint:rate_limit,true,WARNING,margin:warning|safety_mode:WARNING:conservative_filter|warning:corridor_feasibility_profile,false,,0.11353068127341194,0.28201046561814547,-0.04500000000000029,-0.026814246262265494,-0.027349253552967526,-0.06931628452950021,-0.0,-0.0,0.0,0.0,0.0,1.0,0.0,0.0,0.006713002221658826,0.0,50.00000000001137,true,
t12p_residual_seed102,t12p_residual_seed102-episode-000004,37,38,70.298,69.742,69.744,69.744,69.748,70.248,0,0.5,true,,5.697101004647241,5.586816344782701,0.05014055255603071,0.012732382368124504,0.29808176642221607,0.71,1.4276692513517586,-0.30941167598199637,0.06822715785616627,,"[0.0,0.0,0.0,0.0,0.0]",,"{""acc_lim_theta"":0.6,""acc_lim_x"":0.6,""inflation_dist"":0.55,""max_vel_theta"":0.65,""max_vel_x"":0.8,""min_obstacle_dist"":0.25,""weight_obstacle"":50.0,""weight_optimaltime"":0.7,""weight_viapoint"":4.0}","{""acc_lim_theta"":0.6,""acc_lim_x"":0.6,""inflation_dist"":0.725,""max_vel_theta"":0.75,""max_vel_x"":0.9,""min_obstacle_dist"":0.375,""weight_obstacle"":75.0,""weight_optimaltime"":0.75,""weight_viapoint"":2.5}","{""acc_lim_theta"":0.6,""acc_lim_x"":0.6,""inflation_dist"":0.6000000000000001,""max_vel_theta"":0.75,""max_vel_x"":0.9,""min_obstacle_dist"":0.3,""weight_obstacle"":60.0,""weight_optimaltime"":0.75,""weight_viapoint"":3.5}","{""acc_lim_theta"":0.6,""acc_lim_x"":0.6,""inflation_dist"":0.55,""max_vel_theta"":0.65,""max_vel_x"":0.8,""min_obstacle_dist"":0.25,""weight_obstacle"":50.0,""weight_optimaltime"":0.7,""weight_viapoint"":4.0}","{""acc_lim_theta"":0.6,""acc_lim_x"":0.6,""inflation_dist"":0.55,""max_vel_theta"":0.65,""max_vel_x"":0.8,""min_obstacle_dist"":0.25,""weight_obstacle"":50.0,""weight_optimaltime"":0.7,""weight_viapoint"":4.0}",true,min_obstacle_dist:rate_limit|inflation_dist:rate_limit|weight_obstacle:rate_limit|weight_viapoint:rate_limit,true,WARNING,margin:warning|safety_mode:WARNING:conservative_filter|warning:corridor_feasibility_profile,false,,0.2303830190907274,0.5514232993226997,-0.05,-0.06707259083634674,-0.001251930864739573,-0.20271575853088597,-0.0,-0.0,0.0,0.0,0.0,1.0,0.0,0.0,0.0070269888965412974,0.0,4.0000000000048885,true,
t12p_residual_seed102,t12p_residual_seed102-episode-000004,38,39,70.896,70.286,70.298,70.298,70.346,70.846,0,0.5,true,,5.617753807104609,5.777910070184448,0.10262580693077156,0.008108257494370092,0.29808176642221607,0.6551724137931034,6.542928685514479,-0.07571913562576967,-0.057124860041399037,,"[0.0,0.0,0.0,0.0,0.0]",,"{""acc_lim_theta"":0.6,""acc_lim_x"":0.6,""inflation_dist"":0.55,""max_vel_theta"":0.65,""max_vel_x"":0.8,""min_obstacle_dist"":0.25,""weight_obstacle"":50.0,""weight_optimaltime"":0.7,""weight_viapoint"":4.0}","{""acc_lim_theta"":0.6,""acc_lim_x"":0.6,""inflation_dist"":0.725,""max_vel_theta"":0.75,""max_vel_x"":0.9,""min_obstacle_dist"":0.375,""weight_obstacle"":75.0,""weight_optimaltime"":0.75,""weight_viapoint"":2.5}","{""acc_lim_theta"":0.6,""acc_lim_x"":0.6,""inflation_dist"":0.6000000000000001,""max_vel_theta"":0.75,""max_vel_x"":0.9,""min_obstacle_dist"":0.3,""weight_obstacle"":60.0,""weight_optimaltime"":0.75,""weight_viapoint"":3.5}","{""acc_lim_theta"":0.6,""acc_lim_x"":0.6,""inflation_dist"":0.55,""max_vel_theta"":0.65,""max_vel_x"":0.8,""min_obstacle_dist"":0.25,""weight_obstacle"":50.0,""weight_optimaltime"":0.7,""weight_viapoint"":4.0}","{""acc_lim_theta"":0.6,""acc_lim_x"":0.6,""inflation_dist"":0.55,""max_vel_theta"":0.65,""max_vel_x"":0.8,""min_obstacle_dist"":0.25,""weight_obstacle"":50.0,""weight_optimaltime"":0.7,""weight_viapoint"":4.0}",true,min_obstacle_dist:rate_limit|inflation_dist:rate_limit|weight_obstacle:rate_limit|weight_viapoint:rate_limit,true,WARNING,margin:warning|safety_mode:WARNING:conservative_filter|warning:corridor_feasibility_profile,false,,-0.9673930978791893,-0.8007813153991927,-0.05,-0.045061788349194457,-0.0021610894700952623,-0.06938890466070667,-0.0,-0.0,0.0,0.0,0.0,1.0,0.0,0.0,0.008208997314795852,0.0,48.00000000000182,true,
t12p_residual_seed102,t12p_residual_seed102-episode-000004,39,40,71.482,70.878,70.896,70.896,70.948,71.448,0,0.48400000000000887,true,,5.785481862192465,5.690311580418697,0.04980777171100008,0.004457235079578875,0.29808176642221607,0.679144385026738,1.9047026388149386,0.23822784333348834,0.12114246718377839,,"[0.0,0.0,0.0,0.0,0.0]",,"{""acc_lim_theta"":0.6,""acc_lim_x"":0.6,""inflation_dist"":0.55,""max_vel_theta"":0.65,""max_vel_x"":0.8,""min_obstacle_dist"":0.25,""weight_obstacle"":50.0,""weight_optimaltime"":0.7,""weight_viapoint"":4.0}","{""acc_lim_theta"":0.6,""acc_lim_x"":0.6,""inflation_dist"":0.725,""max_vel_theta"":0.75,""max_vel_x"":0.9,""min_obstacle_dist"":0.375,""weight_obstacle"":75.0,""weight_optimaltime"":0.75,""weight_viapoint"":2.5}","{""acc_lim_theta"":0.6,""acc_lim_x"":0.6,""inflation_dist"":0.6000000000000001,""max_vel_theta"":0.75,""max_vel_x"":0.9,""min_obstacle_dist"":0.3,""weight_obstacle"":60.0,""weight_optimaltime"":0.75,""weight_viapoint"":3.5}","{""acc_lim_theta"":0.6,""acc_lim_x"":0.6,""inflation_dist"":0.55,""max_vel_theta"":0.65,""max_vel_x"":0.8,""min_obstacle_dist"":0.25,""weight_obstacle"":50.0,""weight_optimaltime"":0.7,""weight_viapoint"":4.0}","{""acc_lim_theta"":0.6,""acc_lim_x"":0.6,""inflation_dist"":0.55,""max_vel_theta"":0.65,""max_vel_x"":0.8,""min_obstacle_dist"":0.25,""weight_obstacle"":50.0,""weight_optimaltime"":0.7,""weight_viapoint"":4.0}",true,min_obstacle_dist:rate_limit|inflation_dist:rate_limit|weight_obstacle:rate_limit|weight_viapoint:rate_limit,true,WARNING,recovery:hysteresis_or_health_time|safety_mode:WARNING:conservative_filter|warning:corridor_feasibility_profile,false,,0.33850846603149537,0.4758514088688415,-0.04840000000000089,-0.03017766100950995,-0.0032367372779783903,-0.055528544549856854,-0.0,-0.0,0.0,0.0,0.0,1.0,0.0,0.0,0.007537993951700628,0.0,51.9999999999925,true,
t12p_residual_seed102,t12p_residual_seed102-episode-000004,40,41,72.046,71.478,71.482,71.482,71.544,72.044,0,0.44999999999998863,true,,5.665987873073469,5.639833040969891,0.052037813046271385,0.0112475784411459,0.29808176642221607,0.6907216494845361,1.2132505827695161,-0.37219392459780537,0.04939264510753033,,"[0.0,0.0,0.0,0.0,0.0]",,"{""acc_lim_theta"":0.6,""acc_lim_x"":0.6,""inflation_dist"":0.55,""max_vel_theta"":0.65,""max_vel_x"":0.8,""min_obstacle_dist"":0.25,""weight_obstacle"":50.0,""weight_optimaltime"":0.7,""weight_viapoint"":4.0}","{""acc_lim_theta"":0.6,""acc_lim_x"":0.6,""inflation_dist"":0.725,""max_vel_theta"":0.75,""max_vel_x"":0.9,""min_obstacle_dist"":0.375,""weight_obstacle"":75.0,""weight_optimaltime"":0.75,""weight_viapoint"":2.5}","{""acc_lim_theta"":0.6,""acc_lim_x"":0.6,""inflation_dist"":0.6000000000000001,""max_vel_theta"":0.75,""max_vel_x"":0.9,""min_obstacle_dist"":0.3,""weight_obstacle"":60.0,""weight_optimaltime"":0.75,""weight_viapoint"":3.5}","{""acc_lim_theta"":0.6,""acc_lim_x"":0.6,""inflation_dist"":0.55,""max_vel_theta"":0.65,""max_vel_x"":0.8,""min_obstacle_dist"":0.25,""weight_obstacle"":50.0,""weight_optimaltime"":0.7,""weight_viapoint"":4.0}","{""acc_lim_theta"":0.6,""acc_lim_x"":0.6,""inflation_dist"":0.55,""max_vel_theta"":0.65,""max_vel_x"":0.8,""min_obstacle_dist"":0.25,""weight_obstacle"":50.0,""weight_optimaltime"":0.7,""weight_viapoint"":4.0}",true,min_obstacle_dist:rate_limit|inflation_dist:rate_limit|weight_obstacle:rate_limit|weight_viapoint:rate_limit,true,WARNING,margin:warning|safety_mode:WARNING:conservative_filter|warning:corridor_feasibility_profile,false,,-0.15618708492261502,0.13077416051789026,-0.04499999999999887,-0.061842289433508835,-0.0010639453936626083,-0.17905501061333495,-0.0,-0.0,0.0,0.0,0.0,1.0,0.0,0.0,0.009315001079812646,0.0,61.99999999999761,true,
t12p_residual_seed102,t12p_residual_seed102-episode-000004,41,42,72.598,72.038,72.046,72.046,72.048,72.548,0,0.5,true,,5.662164222486468,5.7149641271951985,0.05146182049724458,0.025018580668759553,0.29808176642221607,0.6758241758241759,3.7329099159395076,0.1283535951777614,0.049153296468773686,,"[0.0,0.0,0.0,0.0,0.0]",,"{""acc_lim_theta"":0.6,""acc_lim_x"":0.6,""inflation_dist"":0.55,""max_vel_theta"":0.65,""max_vel_x"":0.8,""min_obstacle_dist"":0.25,""weight_obstacle"":50.0,""weight_optimaltime"":0.7,""weight_viapoint"":4.0}","{""acc_lim_theta"":0.6,""acc_lim_x"":0.6,""inflation_dist"":0.725,""max_vel_theta"":0.75,""max_vel_x"":0.9,""min_obstacle_dist"":0.375,""weight_obstacle"":75.0,""weight_optimaltime"":0.75,""weight_viapoint"":2.5}","{""acc_lim_theta"":0.6,""acc_lim_x"":0.6,""inflation_dist"":0.6000000000000001,""max_vel_theta"":0.75,""max_vel_x"":0.9,""min_obstacle_dist"":0.3,""weight_obstacle"":60.0,""weight_optimaltime"":0.75,""weight_viapoint"":3.5}","{""acc_lim_theta"":0.6,""acc_lim_x"":0.6,""inflation_dist"":0.55,""max_vel_theta"":0.65,""max_vel_x"":0.8,""min_obstacle_dist"":0.25,""weight_obstacle"":50.0,""weight_optimaltime"":0.7,""weight_viapoint"":4.0}","{""acc_lim_theta"":0.6,""acc_lim_x"":0.6,""inflation_dist"":0.55,""max_vel_theta"":0.65,""max_vel_x"":0.8,""min_obstacle_dist"":0.25,""weight_obstacle"":50.0,""weight_optimaltime"":0.7,""weight_viapoint"":4.0}",true,min_obstacle_dist:rate_limit|inflation_dist:rate_limit|weight_obstacle:rate_limit|weight_viapoint:rate_limit,true,WARNING,margin:warning|safety_mode:WARNING:conservative_filter|warning:corridor_feasibility_profile,false,,-0.4100857257781532,-0.2639995235436521,-0.05,-0.04783761794073034,-0.0013508766401309493,-0.04689770765363988,-0.0,-0.0,0.0,0.0,0.0,1.0,0.0,0.0,0.005756010068580508,0.0,1.9999999999953388,true,
t12p_residual_seed102,t12p_residual_seed102-episode-000004,42,43,73.196,72.558,72.598,72.598,72.646,73.146,0,0.5,true,,5.702132161576054,5.707970838124452,0.04875734415881382,0.04173264496814344,0.29808176642221607,0.6703296703296703,1.5731395078671309,-0.2877144811369605,-0.09814187426074576,,"[0.0,0.0,0.0,0.0,0.0]",,"{""acc_lim_theta"":0.6,""acc_lim_x"":0.6,""inflation_dist"":0.55,""max_vel_theta"":0.65,""max_vel_x"":0.8,""min_obstacle_dist"":0.25,""weight_obstacle"":50.0,""weight_optimaltime"":0.7,""weight_viapoint"":4.0}","{""acc_lim_theta"":0.6,""acc_lim_x"":0.6,""inflation_dist"":0.725,""max_vel_theta"":0.75,""max_vel_x"":0.9,""min_obstacle_dist"":0.375,""weight_obstacle"":75.0,""weight_optimaltime"":0.75,""weight_viapoint"":2.5}","{""acc_lim_theta"":0.6,""acc_lim_x"":0.6,""inflation_dist"":0.6000000000000001,""max_vel_theta"":0.75,""max_vel_x"":0.9,""min_obstacle_dist"":0.3,""weight_obstacle"":60.0,""weight_optimaltime"":0.75,""weight_viapoint"":3.5}","{""acc_lim_theta"":0.6,""acc_lim_x"":0.6,""inflation_dist"":0.55,""max_vel_theta"":0.65,""max_vel_x"":0.8,""min_obstacle_dist"":0.25,""weight_obstacle"":50.0,""weight_optimaltime"":0.7,""weight_viapoint"":4.0}","{""acc_lim_theta"":0.6,""acc_lim_x"":0.6,""inflation_dist"":0.55,""max_vel_theta"":0.65,""max_vel_x"":0.8,""min_obstacle_dist"":0.25,""weight_obstacle"":50.0,""weight_optimaltime"":0.7,""weight_viapoint"":4.0}",true,min_obstacle_dist:rate_limit|inflation_dist:rate_limit|weight_obstacle:rate_limit|weight_viapoint:rate_limit,true,WARNING,margin:warning|safety_mode:WARNING:conservative_filter|warning:corridor_feasibility_profile,false,,-0.22812886045763928,-0.029193382741992124,-0.05,-0.056841530242425005,-0.001157189536749873,-0.09093675793647227,-0.0,-0.0,0.0,0.0,0.0,1.0,0.0,0.0,0.00630300201009959,0.0,48.00000000000182,true,
t12p_residual_seed102,t12p_residual_seed102-episode-000004,43,44,73.796,73.178,73.196,73.196,73.246,73.746,0,0.5,true,,5.740735954883532,5.746556939590177,0.04503889390068122,0.03456352502754354,0.29808176642221607,0.6629213483146067,3.270754344275058,0.14497263551210926,-0.12033719824482911,,"[0.0,0.0,0.0,0.0,0.0]",,"{""acc_lim_theta"":0.6,""acc_lim_x"":0.6,""inflation_dist"":0.55,""max_vel_theta"":0.65,""max_vel_x"":0.8,""min_obstacle_dist"":0.25,""weight_obstacle"":50.0,""weight_optimaltime"":0.7,""weight_viapoint"":4.0}","{""acc_lim_theta"":0.6,""acc_lim_x"":0.6,""inflation_dist"":0.725,""max_vel_theta"":0.75,""max_vel_x"":0.9,""min_obstacle_dist"":0.375,""weight_obstacle"":75.0,""weight_optimaltime"":0.75,""weight_viapoint"":2.5}","{""acc_lim_theta"":0.6,""acc_lim_x"":0.6,""inflation_dist"":0.6000000000000001,""max_vel_theta"":0.75,""max_vel_x"":0.9,""min_obstacle_dist"":0.3,""weight_obstacle"":60.0,""weight_optimaltime"":0.75,""weight_viapoint"":3.5}","{""acc_lim_theta"":0.6,""acc_lim_x"":0.6,""inflation_dist"":0.55,""max_vel_theta"":0.65,""max_vel_x"":0.8,""min_obstacle_dist"":0.25,""weight_obstacle"":50.0,""weight_optimaltime"":0.7,""weight_viapoint"":4.0}","{""acc_lim_theta"":0.6,""acc_lim_x"":0.6,""inflation_dist"":0.55,""max_vel_theta"":0.65,""max_vel_x"":0.8,""min_obstacle_dist"":0.25,""weight_obstacle"":50.0,""weight_optimaltime"":0.7,""weight_viapoint"":4.0}",true,min_obstacle_dist:rate_limit|inflation_dist:rate_limit|weight_obstacle:rate_limit|weight_viapoint:rate_limit,true,WARNING,margin:warning|safety_mode:WARNING:conservative_filter|warning:corridor_feasibility_profile,false,,-0.16674193746483001,-0.029104923533225247,-0.05,-0.04443940572682661,-0.0012368829570154126,-0.04196072524776276,-0.0,-0.0,0.0,0.0,0.0,1.0,0.0,0.0,0.005149995558895171,0.0,49.99999999999716,true,
t12p_residual_seed102,t12p_residual_seed102-episode-000004,44,45,74.396,73.758,73.796,73.796,73.846,74.346,0,0.5,true,,5.732065788189536,5.661948094358232,0.046828109143504174,0.015976671478714642,0.29808176642221607,0.6825396825396826,2.8881171967647865,-0.15998082262951246,0.02025045189112262,,"[0.0,0.0,0.0,0.0,0.0]",,"{""acc_lim_theta"":0.6,""acc_lim_x"":0.6,""inflation_dist"":0.55,""max_vel_theta"":0.65,""max_vel_x"":0.8,""min_obstacle_dist"":0.25,""weight_obstacle"":50.0,""weight_optimaltime"":0.7,""weight_viapoint"":4.0}","{""acc_lim_theta"":0.6,""acc_lim_x"":0.6,""inflation_dist"":0.725,""max_vel_theta"":0.75,""max_vel_x"":0.9,""min_obstacle_dist"":0.375,""weight_obstacle"":75.0,""weight_optimaltime"":0.75,""weight_viapoint"":2.5}","{""acc_lim_theta"":0.6,""acc_lim_x"":0.6,""inflation_dist"":0.6000000000000001,""max_vel_theta"":0.75,""max_vel_x"":0.9,""min_obstacle_dist"":0.3,""weight_obstacle"":60.0,""weight_optimaltime"":0.75,""weight_viapoint"":3.5}","{""acc_lim_theta"":0.6,""acc_lim_x"":0.6,""inflation_dist"":0.55,""max_vel_theta"":0.65,""max_vel_x"":0.8,""min_obstacle_dist"":0.25,""weight_obstacle"":50.0,""weight_optimaltime"":0.7,""weight_viapoint"":4.0}","{""acc_lim_theta"":0.6,""acc_lim_x"":0.6,""inflation_dist"":0.55,""max_vel_theta"":0.65,""max_vel_x"":0.8,""min_obstacle_dist"":0.25,""weight_obstacle"":50.0,""weight_optimaltime"":0.7,""weight_viapoint"":4.0}",true,min_obstacle_dist:rate_limit|inflation_dist:rate_limit|weight_obstacle:rate_limit|weight_viapoint:rate_limit,true,WARNING,margin:warning|safety_mode:WARNING:conservative_filter|warning:corridor_feasibility_profile,false,,0.11092871918516398,0.35058846915652087,-0.05,-0.049920227320289834,-0.0010940239082120533,-0.138645498742855,-0.0,-0.0,0.0,0.0,0.0,1.0,0.0,0.0,0.00922799517866224,0.0,49.99999999999716,true,
t12p_residual_seed102,t12p_residual_seed102-episode-000004,45,46,74.952,74.378,74.396,74.396,74.45,74.95,0,0.45000000000000284,true,,5.680813349079571,5.718295407610928,0.05392533188139994,0.02646430642308923,0.29808176642221607,0.6703296703296703,9.469999620429475,-0.027943904442031778,-0.02328532186596652,,"[0.0,0.0,0.0,0.0,0.0]",,"{""acc_lim_theta"":0.6,""acc_lim_x"":0.6,""inflation_dist"":0.55,""max_vel_theta"":0.65,""max_vel_x"":0.8,""min_obstacle_dist"":0.25,""weight_obstacle"":50.0,""weight_optimaltime"":0.7,""weight_viapoint"":4.0}","{""acc_lim_theta"":0.6,""acc_lim_x"":0.6,""inflation_dist"":0.725,""max_vel_theta"":0.75,""max_vel_x"":0.9,""min_obstacle_dist"":0.375,""weight_obstacle"":75.0,""weight_optimaltime"":0.75,""weight_viapoint"":2.5}","{""acc_lim_theta"":0.6,""acc_lim_x"":0.6,""inflation_dist"":0.6000000000000001,""max_vel_theta"":0.75,""max_vel_x"":0.9,""min_obstacle_dist"":0.3,""weight_obstacle"":60.0,""weight_optimaltime"":0.75,""weight_viapoint"":3.5}","{""acc_lim_theta"":0.6,""acc_lim_x"":0.6,""inflation_dist"":0.55,""max_vel_theta"":0.65,""max_vel_x"":0.8,""min_obstacle_dist"":0.25,""weight_obstacle"":50.0,""weight_optimaltime"":0.7,""weight_viapoint"":4.0}","{""acc_lim_theta"":0.6,""acc_lim_x"":0.6,""inflation_dist"":0.55,""max_vel_theta"":0.65,""max_vel_x"":0.8,""min_obstacle_dist"":0.25,""weight_obstacle"":50.0,""weight_optimaltime"":0.7,""weight_viapoint"":4.0}",true,min_obstacle_dist:rate_limit|inflation_dist:rate_limit|weight_obstacle:rate_limit|weight_viapoint:rate_limit,true,WARNING,margin:warning|safety_mode:WARNING:conservative_filter|warning:corridor_feasibility_profile,false,,-0.34012099119762595,-0.18741029265678222,-0.04500000000000029,-0.047627800820544824,-0.0010641899667757652,-0.05901870775352285,-0.0,-0.0,0.0,0.0,0.0,1.0,0.0,0.0,0.006121001206338406,0.0,54.000000000002046,true,
t12p_residual_seed102,t12p_residual_seed102-episode-000004,46,47,75.548,74.946,74.952,74.952,75.046,75.546,0,0.45000000000000284,true,,5.715169933577663,5.636949543692295,0.047634527095695926,0.007760535998068216,0.29808176642221607,0.6938775510204082,1.5073739393088286,0.29287891909742325,-0.011374233711208692,,"[0.0,0.0,0.0,0.0,0.0]",,"{""acc_lim_theta"":0.6,""acc_lim_x"":0.6,""inflation_dist"":0.55,""max_vel_theta"":0.65,""max_vel_x"":0.8,""min_obstacle_dist"":0.25,""weight_obstacle"":50.0,""weight_optimaltime"":0.7,""weight_viapoint"":4.0}","{""acc_lim_theta"":0.6,""acc_lim_x"":0.6,""inflation_dist"":0.725,""max_vel_theta"":0.75,""max_vel_x"":0.9,""min_obstacle_dist"":0.375,""weight_obstacle"":75.0,""weight_optimaltime"":0.75,""weight_viapoint"":2.5}","{""acc_lim_theta"":0.6,""acc_lim_x"":0.6,""inflation_dist"":0.6000000000000001,""max_vel_theta"":0.75,""max_vel_x"":0.9,""min_obstacle_dist"":0.3,""weight_obstacle"":60.0,""weight_optimaltime"":0.75,""weight_viapoint"":3.5}","{""acc_lim_theta"":0.6,""acc_lim_x"":0.6,""inflation_dist"":0.55,""max_vel_theta"":0.65,""max_vel_x"":0.8,""min_obstacle_dist"":0.25,""weight_obstacle"":50.0,""weight_optimaltime"":0.7,""weight_viapoint"":4.0}","{""acc_lim_theta"":0.6,""acc_lim_x"":0.6,""inflation_dist"":0.55,""max_vel_theta"":0.65,""max_vel_x"":0.8,""min_obstacle_dist"":0.25,""weight_obstacle"":50.0,""weight_optimaltime"":0.7,""weight_viapoint"":4.0}",true,min_obstacle_dist:rate_limit|inflation_dist:rate_limit|weight_obstacle:rate_limit|weight_viapoint:rate_limit,true,WARNING,recovery:hysteresis_or_health_time|safety_mode:WARNING:conservative_filter|warning:corridor_feasibility_profile,false,,0.2804419214453135,0.3911019494268375,-0.04500000000000029,-0.045221967654170844,-0.0010492976605276047,-0.019388762666825314,-0.0,-0.0,0.0,0.0,0.0,1.0,0.0,0.0,0.005223002517595887,0.0,94.0000000000083,true,
t12p_residual_seed102,t12p_residual_seed102-episode-000004,47,48,76.198,75.546,75.548,75.548,75.648,76.148,0,0.5,true,,5.62276113120644,5.712590960030688,0.0519208547803776,0.012921513200244816,0.29808176642221607,0.6758241758241759,3.367963892741106,-0.14040873453075653,0.0425062387953036,,"[0.0,0.0,0.0,0.0,0.0]",,"{""acc_lim_theta"":0.6,""acc_lim_x"":0.6,""inflation_dist"":0.55,""max_vel_theta"":0.65,""max_vel_x"":0.8,""min_obstacle_dist"":0.25,""weight_obstacle"":50.0,""weight_optimaltime"":0.7,""weight_viapoint"":4.0}","{""acc_lim_theta"":0.6,""acc_lim_x"":0.6,""inflation_dist"":0.725,""max_vel_theta"":0.75,""max_vel_x"":0.9,""min_obstacle_dist"":0.375,""weight_obstacle"":75.0,""weight_optimaltime"":0.75,""weight_viapoint"":2.5}","{""acc_lim_theta"":0.6,""acc_lim_x"":0.6,""inflation_dist"":0.6000000000000001,""max_vel_theta"":0.75,""max_vel_x"":0.9,""min_obstacle_dist"":0.3,""weight_obstacle"":60.0,""weight_optimaltime"":0.75,""weight_viapoint"":3.5}","{""acc_lim_theta"":0.6,""acc_lim_x"":0.6,""inflation_dist"":0.55,""max_vel_theta"":0.65,""max_vel_x"":0.8,""min_obstacle_dist"":0.25,""weight_obstacle"":50.0,""weight_optimaltime"":0.7,""weight_viapoint"":4.0}","{""acc_lim_theta"":0.6,""acc_lim_x"":0.6,""inflation_dist"":0.55,""max_vel_theta"":0.65,""max_vel_x"":0.8,""min_obstacle_dist"":0.25,""weight_obstacle"":50.0,""weight_optimaltime"":0.7,""weight_viapoint"":4.0}",true,min_obstacle_dist:rate_limit|inflation_dist:rate_limit|weight_obstacle:rate_limit|weight_viapoint:rate_limit,true,WARNING,margin:warning|safety_mode:WARNING:conservative_filter|warning:corridor_feasibility_profile,false,,-0.6221641444840398,-0.4491491441212414,-0.05,-0.0587479057272073,-0.001168206826066562,-0.0630988878095245,-0.0,-0.0,0.0,0.0,0.0,1.0,0.0,0.0,0.006596004823222756,0.0,99.99999999999432,true,
t12p_residual_seed102,t12p_residual_seed102-episode-000004,48,49,76.796,76.158,76.198,76.198,76.246,76.746,0,0.5,true,,5.726631045484813,5.687512099040746,0.04700173993447738,0.02165439440641818,0.29808176642221607,0.679144385026738,1.2728624102452906,0.36422426603963587,-0.0594637445744437,,"[0.0,0.0,0.0,0.0,0.0]",,"{""acc_lim_theta"":0.6,""acc_lim_x"":0.6,""inflation_dist"":0.55,""max_vel_theta"":0.65,""max_vel_x"":0.8,""min_obstacle_dist"":0.25,""weight_obstacle"":50.0,""weight_optimaltime"":0.7,""weight_viapoint"":4.0}","{""acc_lim_theta"":0.6,""acc_lim_x"":0.6,""inflation_dist"":0.725,""max_vel_theta"":0.75,""max_vel_x"":0.9,""min_obstacle_dist"":0.375,""weight_obstacle"":75.0,""weight_optimaltime"":0.75,""weight_viapoint"":2.5}","{""acc_lim_theta"":0.6,""acc_lim_x"":0.6,""inflation_dist"":0.6000000000000001,""max_vel_theta"":0.75,""max_vel_x"":0.9,""min_obstacle_dist"":0.3,""weight_obstacle"":60.0,""weight_optimaltime"":0.75,""weight_viapoint"":3.5}","{""acc_lim_theta"":0.6,""acc_lim_x"":0.6,""inflation_dist"":0.55,""max_vel_theta"":0.65,""max_vel_x"":0.8,""min_obstacle_dist"":0.25,""weight_obstacle"":50.0,""weight_optimaltime"":0.7,""weight_viapoint"":4.0}","{""acc_lim_theta"":0.6,""acc_lim_x"":0.6,""inflation_dist"":0.55,""max_vel_theta"":0.65,""max_vel_x"":0.8,""min_obstacle_dist"":0.25,""weight_obstacle"":50.0,""weight_optimaltime"":0.7,""weight_viapoint"":4.0}",true,min_obstacle_dist:rate_limit|inflation_dist:rate_limit|weight_obstacle:rate_limit|weight_viapoint:rate_limit,true,WARNING,margin:warning|safety_mode:WARNING:conservative_filter|warning:corridor_feasibility_profile,false,,0.037803884290038434,0.1955947322203322,-0.05,-0.0432057835391844,-0.0015808382760494279,-0.06300422611505993,-0.0,-0.0,0.0,0.0,0.0,1.0,0.0,0.0,0.005798996426165104,0.0,48.00000000000182,true,
t12p_residual_seed102,t12p_residual_seed102-episode-000004,49,50,77.348,76.778,76.796,76.796,76.846,77.346,0,0.45000000000000284,true,,5.645598146812776,5.635345797456202,0.049044495555093305,0.003950170456293901,0.29808176642221607,0.6923076923076923,1.3670529291223819,-0.3311654058244622,0.021542562624486904,,"[0.0,0.0,0.0,0.0,0.0]",,"{""acc_lim_theta"":0.6,""acc_lim_x"":0.6,""inflation_dist"":0.55,""max_vel_theta"":0.65,""max_vel_x"":0.8,""min_obstacle_dist"":0.25,""weight_obstacle"":50.0,""weight_optimaltime"":0.7,""weight_viapoint"":4.0}","{""acc_lim_theta"":0.6,""acc_lim_x"":0.6,""inflation_dist"":0.725,""max_vel_theta"":0.75,""max_vel_x"":0.9,""min_obstacle_dist"":0.375,""weight_obstacle"":75.0,""weight_optimaltime"":0.75,""weight_viapoint"":2.5}","{""acc_lim_theta"":0.6,""acc_lim_x"":0.6,""inflation_dist"":0.6000000000000001,""max_vel_theta"":0.75,""max_vel_x"":0.9,""min_obstacle_dist"":0.3,""weight_obstacle"":60.0,""weight_optimaltime"":0.75,""weight_viapoint"":3.5}","{""acc_lim_theta"":0.6,""acc_lim_x"":0.6,""inflation_dist"":0.55,""max_vel_theta"":0.65,""max_vel_x"":0.8,""min_obstacle_dist"":0.25,""weight_obstacle"":50.0,""weight_optimaltime"":0.7,""weight_viapoint"":4.0}","{""acc_lim_theta"":0.6,""acc_lim_x"":0.6,""inflation_dist"":0.55,""max_vel_theta"":0.65,""max_vel_x"":0.8,""min_obstacle_dist"":0.25,""weight_obstacle"":50.0,""weight_optimaltime"":0.7,""weight_viapoint"":4.0}",true,min_obstacle_dist:rate_limit|inflation_dist:rate_limit|weight_obstacle:rate_limit|weight_viapoint:rate_limit,true,WARNING,margin:warning|safety_mode:WARNING:conservative_filter|warning:corridor_feasibility_profile,false,,-0.210558424824622,0.05126174678287132,-0.04500000000000029,-0.06456691382663987,-0.001050478993309001,-0.15120277878754418,-0.0,-0.0,0.0,0.0,0.0,1.0,0.0,0.0,0.005465990398079157,0.0,49.99999999999716,true,
t12p_residual_seed102,t12p_residual_seed102-episode-000004,50,51,77.996,77.346,77.348,77.348,77.446,77.946,0,0.5,true,,5.679338660299063,5.688048734239039,0.048059514145744886,0.0022784866345039387,0.29808176642221607,0.6810810810810811,2.6785925432783277,-0.1735913209116889,0.10081352719074899,,"[0.0,0.0,0.0,0.0,0.0]",,"{""acc_lim_theta"":0.6,""acc_lim_x"":0.6,""inflation_dist"":0.55,""max_vel_theta"":0.65,""max_vel_x"":0.8,""min_obstacle_dist"":0.25,""weight_obstacle"":50.0,""weight_optimaltime"":0.7,""weight_viapoint"":4.0}","{""acc_lim_theta"":0.6,""acc_lim_x"":0.6,""inflation_dist"":0.725,""max_vel_theta"":0.75,""max_vel_x"":0.9,""min_obstacle_dist"":0.375,""weight_obstacle"":75.0,""weight_optimaltime"":0.75,""weight_viapoint"":2.5}","{""acc_lim_theta"":0.6,""acc_lim_x"":0.6,""inflation_dist"":0.6000000000000001,""max_vel_theta"":0.75,""max_vel_x"":0.9,""min_obstacle_dist"":0.3,""weight_obstacle"":60.0,""weight_optimaltime"":0.75,""weight_viapoint"":3.5}","{""acc_lim_theta"":0.6,""acc_lim_x"":0.6,""inflation_dist"":0.55,""max_vel_theta"":0.65,""max_vel_x"":0.8,""min_obstacle_dist"":0.25,""weight_obstacle"":50.0,""weight_optimaltime"":0.7,""weight_viapoint"":4.0}","{""acc_lim_theta"":0.6,""acc_lim_x"":0.6,""inflation_dist"":0.55,""max_vel_theta"":0.65,""max_vel_x"":0.8,""min_obstacle_dist"":0.25,""weight_obstacle"":50.0,""weight_optimaltime"":0.7,""weight_viapoint"":4.0}",true,min_obstacle_dist:rate_limit|inflation_dist:rate_limit|weight_obstacle:rate_limit|weight_viapoint:rate_limit,true,WARNING,margin:warning|safety_mode:WARNING:conservative_filter|warning:corridor_feasibility_profile,false,,-0.26987753950343396,-0.043550369699878466,-0.05,-0.05171641034124072,-0.0012478881714933024,-0.12336287129082146,-0.0,-0.0,0.0,0.0,0.0,1.0,0.0,0.0,0.006829999620094895,0.0,97.99999999999898,true,
t12p_residual_seed102,t12p_residual_seed102-episode-000004,51,52,78.596,77.978,77.996,77.996,78.046,78.546,0,0.5,true,,5.70540756705879,5.76210148653535,0.049916132663475624,0.022832604409332866,0.29808176642221607,0.6647727272727273,4.280705585404606,0.11560298127406492,-0.02854339706612206,,"[0.0,0.0,0.0,0.0,0.0]",,"{""acc_lim_theta"":0.6,""acc_lim_x"":0.6,""inflation_dist"":0.55,""max_vel_theta"":0.65,""max_vel_x"":0.8,""min_obstacle_dist"":0.25,""weight_obstacle"":50.0,""weight_optimaltime"":0.7,""weight_viapoint"":4.0}","{""acc_lim_theta"":0.6,""acc_lim_x"":0.6,""inflation_dist"":0.725,""max_vel_theta"":0.75,""max_vel_x"":0.9,""min_obstacle_dist"":0.375,""weight_obstacle"":75.0,""weight_optimaltime"":0.75,""weight_viapoint"":2.5}","{""acc_lim_theta"":0.6,""acc_lim_x"":0.6,""inflation_dist"":0.6000000000000001,""max_vel_theta"":0.75,""max_vel_x"":0.9,""min_obstacle_dist"":0.3,""weight_obstacle"":60.0,""weight_optimaltime"":0.75,""weight_viapoint"":3.5}","{""acc_lim_theta"":0.6,""acc_lim_x"":0.6,""inflation_dist"":0.55,""max_vel_theta"":0.65,""max_vel_x"":0.8,""min_obstacle_dist"":0.25,""weight_obstacle"":50.0,""weight_optimaltime"":0.7,""weight_viapoint"":4.0}","{""acc_lim_theta"":0.6,""acc_lim_x"":0.6,""inflation_dist"":0.55,""max_vel_theta"":0.65,""max_vel_x"":0.8,""min_obstacle_dist"":0.25,""weight_obstacle"":50.0,""weight_optimaltime"":0.7,""weight_viapoint"":4.0}",true,min_obstacle_dist:rate_limit|inflation_dist:rate_limit|weight_obstacle:rate_limit|weight_viapoint:rate_limit,true,WARNING,margin:warning|safety_mode:WARNING:conservative_filter|warning:corridor_feasibility_profile,false,,-0.4444482356755155,-0.2834695973827994,-0.05,-0.040331912029181405,-0.0030225005658047017,-0.06762422569772998,-0.0,-0.0,0.0,0.0,0.0,1.0,0.0,0.0,0.007880007615312934,0.0,50.00000000001137,true,
t12p_residual_seed102,t12p_residual_seed102-episode-000004,52,53,79.2,78.582,78.596,78.596,78.65,79.15,0,0.5,true,,5.750543471801422,5.616739186164902,0.049290759135568206,0.00822430236774406,0.29808176642221607,0.7014925373134329,1.0990158332777105,0.39894412243276495,0.00426884764585999,,"[0.0,0.0,0.0,0.0,0.0]",,"{""acc_lim_theta"":0.6,""acc_lim_x"":0.6,""inflation_dist"":0.55,""max_vel_theta"":0.65,""max_vel_x"":0.8,""min_obstacle_dist"":0.25,""weight_obstacle"":50.0,""weight_optimaltime"":0.7,""weight_viapoint"":4.0}","{""acc_lim_theta"":0.6,""acc_lim_x"":0.6,""inflation_dist"":0.725,""max_vel_theta"":0.75,""max_vel_x"":0.9,""min_obstacle_dist"":0.375,""weight_obstacle"":75.0,""weight_optimaltime"":0.75,""weight_viapoint"":2.5}","{""acc_lim_theta"":0.6,""acc_lim_x"":0.6,""inflation_dist"":0.6000000000000001,""max_vel_theta"":0.75,""max_vel_x"":0.9,""min_obstacle_dist"":0.3,""weight_obstacle"":60.0,""weight_optimaltime"":0.75,""weight_viapoint"":3.5}","{""acc_lim_theta"":0.6,""acc_lim_x"":0.6,""inflation_dist"":0.55,""max_vel_theta"":0.65,""max_vel_x"":0.8,""min_obstacle_dist"":0.25,""weight_obstacle"":50.0,""weight_optimaltime"":0.7,""weight_viapoint"":4.0}","{""acc_lim_theta"":0.6,""acc_lim_x"":0.6,""inflation_dist"":0.55,""max_vel_theta"":0.65,""max_vel_x"":0.8,""min_obstacle_dist"":0.25,""weight_obstacle"":50.0,""weight_optimaltime"":0.7,""weight_viapoint"":4.0}",true,min_obstacle_dist:rate_limit|inflation_dist:rate_limit|weight_obstacle:rate_limit|weight_viapoint:rate_limit,true,WARNING,recovery:hysteresis_or_health_time|safety_mode:WARNING:conservative_filter|warning:corridor_feasibility_profile,false,,0.512474986113207,0.6690214281826012,-0.05,-0.050783673602132165,-0.001192067248476224,-0.054570701218785794,-0.0,-0.0,0.0,0.0,0.0,1.0,0.0,0.0,0.00818700937088579,0.0,54.000000000002046,true,
t12p_residual_seed102,t12p_residual_seed102-episode-000004,53,54,79.748,79.198,79.2,79.2,79.246,79.746,0,0.44999999999998863,true,,5.576845372864196,5.361748676402318,0.0502693484527257,0.00021198376033000195,0.29808176642221607,0.7698412698412699,0.7181470650273177,0.5175136446800186,-0.009257974916991858,,"[0.0,0.0,0.0,0.0,0.0]",,"{""acc_lim_theta"":0.6,""acc_lim_x"":0.6,""inflation_dist"":0.55,""max_vel_theta"":0.65,""max_vel_x"":0.8,""min_obstacle_dist"":0.25,""weight_obstacle"":50.0,""weight_optimaltime"":0.7,""weight_viapoint"":4.0}","{""acc_lim_theta"":0.6,""acc_lim_x"":0.6,""inflation_dist"":0.725,""max_vel_theta"":0.75,""max_vel_x"":0.9,""min_obstacle_dist"":0.375,""weight_obstacle"":75.0,""weight_optimaltime"":0.75,""weight_viapoint"":2.5}","{""acc_lim_theta"":0.6,""acc_lim_x"":0.6,""inflation_dist"":0.6000000000000001,""max_vel_theta"":0.75,""max_vel_x"":0.9,""min_obstacle_dist"":0.3,""weight_obstacle"":60.0,""weight_optimaltime"":0.75,""weight_viapoint"":3.5}","{""acc_lim_theta"":0.6,""acc_lim_x"":0.6,""inflation_dist"":0.55,""max_vel_theta"":0.65,""max_vel_x"":0.8,""min_obstacle_dist"":0.25,""weight_obstacle"":50.0,""weight_optimaltime"":0.7,""weight_viapoint"":4.0}","{""acc_lim_theta"":0.6,""acc_lim_x"":0.6,""inflation_dist"":0.55,""max_vel_theta"":0.65,""max_vel_x"":0.8,""min_obstacle_dist"":0.25,""weight_obstacle"":50.0,""weight_optimaltime"":0.7,""weight_viapoint"":4.0}",true,min_obstacle_dist:rate_limit|inflation_dist:rate_limit|weight_obstacle:rate_limit|weight_viapoint:rate_limit,true,WARNING,margin:warning|safety_mode:WARNING:conservative_filter|warning:corridor_feasibility_profile,false,,0.9052105309969891,1.0754834823093917,-0.04499999999999887,-0.09490612150788208,-0.0011353335962323088,-0.02923149620828935,-0.0,-0.0,0.0,0.0,0.0,1.0,0.0,0.0,0.005833993782289326,0.0,45.99999999999227,true,
t12p_residual_seed102,t12p_residual_seed102-episode-000004,54,55,80.396,79.746,79.748,79.748,79.846,80.346,0,0.5,true,,5.268859977024075,4.877509084831672,0.050637924562367244,0.0035062289418672787,0.29808176642221607,0.8475935828877005,0.39165846919746033,0.8,-0.007278630158139542,,"[0.0,0.0,0.0,0.0,0.0]",,"{""acc_lim_theta"":0.6,""acc_lim_x"":0.6,""inflation_dist"":0.55,""max_vel_theta"":0.65,""max_vel_x"":0.8,""min_obstacle_dist"":0.25,""weight_obstacle"":50.0,""weight_optimaltime"":0.7,""weight_viapoint"":4.0}","{""acc_lim_theta"":0.6,""acc_lim_x"":0.6,""inflation_dist"":0.725,""max_vel_theta"":0.75,""max_vel_x"":0.9,""min_obstacle_dist"":0.375,""weight_obstacle"":75.0,""weight_optimaltime"":0.75,""weight_viapoint"":2.5}","{""acc_lim_theta"":0.6,""acc_lim_x"":0.6,""inflation_dist"":0.6000000000000001,""max_vel_theta"":0.75,""max_vel_x"":0.9,""min_obstacle_dist"":0.3,""weight_obstacle"":60.0,""weight_optimaltime"":0.75,""weight_viapoint"":3.5}","{""acc_lim_theta"":0.6,""acc_lim_x"":0.6,""inflation_dist"":0.55,""max_vel_theta"":0.65,""max_vel_x"":0.8,""min_obstacle_dist"":0.25,""weight_obstacle"":50.0,""weight_optimaltime"":0.7,""weight_viapoint"":4.0}","{""acc_lim_theta"":0.6,""acc_lim_x"":0.6,""inflation_dist"":0.55,""max_vel_theta"":0.65,""max_vel_x"":0.8,""min_obstacle_dist"":0.25,""weight_obstacle"":50.0,""weight_optimaltime"":0.7,""weight_viapoint"":4.0}",true,min_obstacle_dist:rate_limit|inflation_dist:rate_limit|weight_obstacle:rate_limit|weight_viapoint:rate_limit,true,WARNING,margin:warning|safety_mode:WARNING:conservative_filter|warning:corridor_feasibility_profile,false,,1.6875927695040507,1.9567544609620136,-0.05,-0.2067770862211264,-0.0012804952384556645,-0.011104109998380535,-0.0,-0.0,0.0,0.0,0.0,1.0,0.0,0.0,0.006453003152273595,0.0,97.99999999999898,true,
t12p_residual_seed102,t12p_residual_seed102-episode-000004,55,56,80.996,80.378,80.396,80.396,80.446,80.946,0,0.5,true,,4.7975091048908425,4.412006950095107,0.009228332754103862,7.718927949951409e-05,0.29808176642221607,0.8877755511022044,0.4070925345288295,0.7655865062891468,-0.0014454158242840894,,"[0.0,0.0,0.0,0.0,0.0]",,"{""acc_lim_theta"":0.6,""acc_lim_x"":0.6,""inflation_dist"":0.55,""max_vel_theta"":0.65,""max_vel_x"":0.8,""min_obstacle_dist"":0.25,""weight_obstacle"":50.0,""weight_optimaltime"":0.7,""weight_viapoint"":4.0}","{""acc_lim_theta"":0.6,""acc_lim_x"":0.6,""inflation_dist"":0.725,""max_vel_theta"":0.75,""max_vel_x"":0.9,""min_obstacle_dist"":0.375,""weight_obstacle"":75.0,""weight_optimaltime"":0.75,""weight_viapoint"":2.5}","{""acc_lim_theta"":0.6,""acc_lim_x"":0.6,""inflation_dist"":0.6000000000000001,""max_vel_theta"":0.75,""max_vel_x"":0.9,""min_obstacle_dist"":0.3,""weight_obstacle"":60.0,""weight_optimaltime"":0.75,""weight_viapoint"":3.5}","{""acc_lim_theta"":0.6,""acc_lim_x"":0.6,""inflation_dist"":0.55,""max_vel_theta"":0.65,""max_vel_x"":0.8,""min_obstacle_dist"":0.25,""weight_obstacle"":50.0,""weight_optimaltime"":0.7,""weight_viapoint"":4.0}","{""acc_lim_theta"":0.6,""acc_lim_x"":0.6,""inflation_dist"":0.55,""max_vel_theta"":0.65,""max_vel_x"":0.8,""min_obstacle_dist"":0.25,""weight_obstacle"":50.0,""weight_optimaltime"":0.7,""weight_viapoint"":4.0}",true,min_obstacle_dist:rate_limit|inflation_dist:rate_limit|weight_obstacle:rate_limit|weight_viapoint:rate_limit,true,WARNING,margin:warning|safety_mode:WARNING:conservative_filter|warning:corridor_feasibility_profile,false,,1.6345979881180515,1.9275107739786757,-0.05,-0.231786343493659,-0.0003330850573003561,-0.01079335730966454,-0.0,-0.0,0.0,0.0,0.0,1.0,0.0,0.0,0.0062789913499727845,0.0,49.99999999999716,true,
t12p_residual_seed102,t12p_residual_seed102-episode-000004,56,57,81.596,80.978,80.996,80.996,81.046,81.546,0,0.5,true,,4.335448627289713,3.9438643925593713,0.002924037486640509,0.00014564331344698488,0.29808176642221607,0.9039145907473309,0.3854823077151485,0.7768476605249436,-0.00013530877198307016,,"[0.0,0.0,0.0,0.0,0.0]",,"{""acc_lim_theta"":0.6,""acc_lim_x"":0.6,""inflation_dist"":0.55,""max_vel_theta"":0.65,""max_vel_x"":0.8,""min_obstacle_dist"":0.25,""weight_obstacle"":50.0,""weight_optimaltime"":0.7,""weight_viapoint"":4.0}","{""acc_lim_theta"":0.6,""acc_lim_x"":0.6,""inflation_dist"":0.725,""max_vel_theta"":0.75,""max_vel_x"":0.9,""min_obstacle_dist"":0.375,""weight_obstacle"":75.0,""weight_optimaltime"":0.75,""weight_viapoint"":2.5}","{""acc_lim_theta"":0.6,""acc_lim_x"":0.6,""inflation_dist"":0.6000000000000001,""max_vel_theta"":0.75,""max_vel_x"":0.9,""min_obstacle_dist"":0.3,""weight_obstacle"":60.0,""weight_optimaltime"":0.75,""weight_viapoint"":3.5}","{""acc_lim_theta"":0.6,""acc_lim_x"":0.6,""inflation_dist"":0.55,""max_vel_theta"":0.65,""max_vel_x"":0.8,""min_obstacle_dist"":0.25,""weight_obstacle"":50.0,""weight_optimaltime"":0.7,""weight_viapoint"":4.0}","{""acc_lim_theta"":0.6,""acc_lim_x"":0.6,""inflation_dist"":0.55,""max_vel_theta"":0.65,""max_vel_x"":0.8,""min_obstacle_dist"":0.25,""weight_obstacle"":50.0,""weight_optimaltime"":0.7,""weight_viapoint"":4.0}",true,min_obstacle_dist:rate_limit|inflation_dist:rate_limit|weight_obstacle:rate_limit|weight_viapoint:rate_limit,true,WARNING,margin:warning|safety_mode:WARNING:conservative_filter|warning:corridor_feasibility_profile,false,,1.6710932355482242,1.9579211736517088,-0.05,-0.23396185204128,-3.490825509269733e-05,-0.0028311778071117713,-0.0,-0.0,0.0,0.0,0.0,1.0,0.0,0.0,0.007170994649641216,0.0,50.00000000001137,true,
t12p_residual_seed102,t12p_residual_seed102-episode-000004,57,58,82.196,81.578,81.596,81.596,81.646,82.146,0,0.5,true,,3.866180107642867,3.4754849882140766,0.004355678741572401,0.00016119079083525077,0.29808176642221607,0.912751677852349,0.40046753385656264,0.7661925143666872,0.00014069705721681677,,"[0.0,0.0,0.0,0.0,0.0]",,"{""acc_lim_theta"":0.6,""acc_lim_x"":0.6,""inflation_dist"":0.55,""max_vel_theta"":0.65,""max_vel_x"":0.8,""min_obstacle_dist"":0.25,""weight_obstacle"":50.0,""weight_optimaltime"":0.7,""weight_viapoint"":4.0}","{""acc_lim_theta"":0.6,""acc_lim_x"":0.6,""inflation_dist"":0.725,""max_vel_theta"":0.75,""max_vel_x"":0.9,""min_obstacle_dist"":0.375,""weight_obstacle"":75.0,""weight_optimaltime"":0.75,""weight_viapoint"":2.5}","{""acc_lim_theta"":0.6,""acc_lim_x"":0.6,""inflation_dist"":0.6000000000000001,""max_vel_theta"":0.75,""max_vel_x"":0.9,""min_obstacle_dist"":0.3,""weight_obstacle"":60.0,""weight_optimaltime"":0.75,""weight_viapoint"":3.5}","{""acc_lim_theta"":0.6,""acc_lim_x"":0.6,""inflation_dist"":0.55,""max_vel_theta"":0.65,""max_vel_x"":0.8,""min_obstacle_dist"":0.25,""weight_obstacle"":50.0,""weight_optimaltime"":0.7,""weight_viapoint"":4.0}","{""acc_lim_theta"":0.6,""acc_lim_x"":0.6,""inflation_dist"":0.55,""max_vel_theta"":0.65,""max_vel_x"":0.8,""min_obstacle_dist"":0.25,""weight_obstacle"":50.0,""weight_optimaltime"":0.7,""weight_viapoint"":4.0}",true,min_obstacle_dist:rate_limit|inflation_dist:rate_limit|weight_obstacle:rate_limit|weight_viapoint:rate_limit,true,WARNING,margin:warning|safety_mode:WARNING:conservative_filter|warning:corridor_feasibility_profile,false,,1.6696595414586026,1.9534755971439521,-0.05,-0.2318603432589017,-2.8598317120823758e-05,-0.001927114109326876,-0.0,-0.0,0.0,0.0,0.0,1.0,0.0,0.0,0.005809997674077749,0.0,49.99999999999716,true,
t12p_residual_seed102,t12p_residual_seed102-episode-000004,58,59,82.794,82.186,82.196,82.196,82.244,82.744,0,0.5,true,,3.3988663542503637,3.012562815627209,0.010039737547165216,0.0001264004005571316,0.29808176642221607,0.9117647058823529,0.37923933760976725,0.8,-0.00014160395813757348,,"[0.0,0.0,0.0,0.0,0.0]",,"{""acc_lim_theta"":0.6,""acc_lim_x"":0.6,""inflation_dist"":0.55,""max_vel_theta"":0.65,""max_vel_x"":0.8,""min_obstacle_dist"":0.25,""weight_obstacle"":50.0,""weight_optimaltime"":0.7,""weight_viapoint"":4.0}","{""acc_lim_theta"":0.6,""acc_lim_x"":0.6,""inflation_dist"":0.725,""max_vel_theta"":0.75,""max_vel_x"":0.9,""min_obstacle_dist"":0.375,""weight_obstacle"":75.0,""weight_optimaltime"":0.75,""weight_viapoint"":2.5}","{""acc_lim_theta"":0.6,""acc_lim_x"":0.6,""inflation_dist"":0.6000000000000001,""max_vel_theta"":0.75,""max_vel_x"":0.9,""min_obstacle_dist"":0.3,""weight_obstacle"":60.0,""weight_optimaltime"":0.75,""weight_viapoint"":3.5}","{""acc_lim_theta"":0.6,""acc_lim_x"":0.6,""inflation_dist"":0.55,""max_vel_theta"":0.65,""max_vel_x"":0.8,""min_obstacle_dist"":0.25,""weight_obstacle"":50.0,""weight_optimaltime"":0.7,""weight_viapoint"":4.0}","{""acc_lim_theta"":0.6,""acc_lim_x"":0.6,""inflation_dist"":0.55,""max_vel_theta"":0.65,""max_vel_x"":0.8,""min_obstacle_dist"":0.25,""weight_obstacle"":50.0,""weight_optimaltime"":0.7,""weight_viapoint"":4.0}",true,min_obstacle_dist:rate_limit|inflation_dist:rate_limit|weight_obstacle:rate_limit|weight_viapoint:rate_limit,true,WARNING,margin:warning|safety_mode:WARNING:conservative_filter|warning:corridor_feasibility_profile,false,,1.6491869947306528,1.931517693115774,-0.05,-0.23150231370584196,-1.0045610142961638e-05,-0.0008183390691363928,-0.0,-0.0,0.0,0.0,0.0,1.0,0.0,0.0,0.007003007340244949,0.0,48.00000000000182,true,
t12p_residual_seed102,t12p_residual_seed102-episode-000004,59,60,83.346,82.778,82.794,82.794,82.844,83.344,0,0.45000000000000284,true,,2.932563663091042,2.5888687978657194,0.0014856734784378862,0.0001371889976105668,0.29808176642221607,0.8987138263665595,0.39170422317074266,0.7833991149937501,-8.024289348725812e-05,,"[0.0,0.0,0.0,0.0,0.0]",,"{""acc_lim_theta"":0.6,""acc_lim_x"":0.6,""inflation_dist"":0.55,""max_vel_theta"":0.65,""max_vel_x"":0.8,""min_obstacle_dist"":0.25,""weight_obstacle"":50.0,""weight_optimaltime"":0.7,""weight_viapoint"":4.0}","{""acc_lim_theta"":0.6,""acc_lim_x"":0.6,""inflation_dist"":0.725,""max_vel_theta"":0.75,""max_vel_x"":0.9,""min_obstacle_dist"":0.375,""weight_obstacle"":75.0,""weight_optimaltime"":0.75,""weight_viapoint"":2.5}","{""acc_lim_theta"":0.6,""acc_lim_x"":0.6,""inflation_dist"":0.6000000000000001,""max_vel_theta"":0.75,""max_vel_x"":0.9,""min_obstacle_dist"":0.3,""weight_obstacle"":60.0,""weight_optimaltime"":0.75,""weight_viapoint"":3.5}","{""acc_lim_theta"":0.6,""acc_lim_x"":0.6,""inflation_dist"":0.55,""max_vel_theta"":0.65,""max_vel_x"":0.8,""min_obstacle_dist"":0.25,""weight_obstacle"":50.0,""weight_optimaltime"":0.7,""weight_viapoint"":4.0}","{""acc_lim_theta"":0.6,""acc_lim_x"":0.6,""inflation_dist"":0.55,""max_vel_theta"":0.65,""max_vel_x"":0.8,""min_obstacle_dist"":0.25,""weight_obstacle"":50.0,""weight_optimaltime"":0.7,""weight_viapoint"":4.0}",true,min_obstacle_dist:rate_limit|inflation_dist:rate_limit|weight_obstacle:rate_limit|weight_viapoint:rate_limit,true,WARNING,margin:warning|safety_mode:WARNING:conservative_filter|warning:corridor_feasibility_profile,false,,1.4612597881103997,1.7184743261266133,-0.04500000000000029,-0.21050927918868806,-3.117420023043498e-05,-0.0016740846272948096,-0.0,-0.0,0.0,0.0,0.0,1.0,0.0,0.0,0.006230999133549631,0.0,49.99999999999716,true,
