WARNING: Package name "gazebo_ros_2Dmap_plugin" does not follow the naming conventions. It should start with a lower case letter and only contain lower case letters, digits, underscores, and dashes.
xacro: in-order processing became default in ROS Melodic. You can drop the option.
WARNING: Package name "gazebo_ros_2Dmap_plugin" does not follow the naming conventions. It should start with a lower case letter and only contain lower case letters, digits, underscores, and dashes.
WARNING: Package name "gazebo_ros_2Dmap_plugin" does not follow the naming conventions. It should start with a lower case letter and only contain lower case letters, digits, underscores, and dashes.
[INFO] [1783868030.980077, 0.000000]: Loading model XML from ros parameter robot_description
[INFO] [1783868030.983123, 0.000000]: Waiting for service /gazebo/spawn_urdf_model
[INFO] [1783868031.586465, 0.076000]: Calling service /gazebo/spawn_urdf_model
[INFO] [1783868031.856939, 0.178000]: Spawn status: SpawnModel: Successfully spawned entity
[INFO] [1783868032.195139810, 0.400000000]: global_costmap: Using plugin "obstacle_layer"
[INFO] [1783868032.197739232, 0.402000000]:     Subscribed to Topics: scan
[INFO] [1783868032.202278008, 0.406000000]: global_costmap: Using plugin "inflation_layer"
[INFO] [1783868032.213378697, 0.418000000]: local_costmap: Using plugin "obstacle_layer"
[INFO] [1783868032.214152747, 0.418000000]:     Subscribed to Topics: scan
[INFO] [1783868032.218236636, 0.422000000]: local_costmap: Using plugin "inflation_layer"
[INFO] [1783868032.228128159, 0.432000000]: Created local_planner teb_local_planner/TebLocalPlannerROS
[INFO] [1783868032.244474699, 0.448000000]: Footprint model 'polygon' loaded for trajectory optimization.
[INFO] [1783868032.244597090, 0.448000000]: Parallel planning in distinctive topologies disabled.
[INFO] [1783868032.244614484, 0.448000000]: No costmap conversion plugin specified. All occupied costmap cells are treaten as point obstacles.
[INFO] [1783868032.265790545, 0.468000000]: Footprint model 'polygon' loaded for trajectory optimization.
[INFO] [1783868032.433701230, 0.636000000]: Recovery behavior will clear layer 'obstacles'
[INFO] [1783868032.434743781, 0.638000000]: Recovery behavior will clear layer 'obstacles'
[INFO] [1783868032.444278070, 0.646000000]: odom received!
[INFO] [1783868034.248747746, 2.446000000]: Footprint model 'polygon' loaded for trajectory optimization.
[INFO] [1783868034.788598842, 2.986000000]: Footprint model 'polygon' loaded for trajectory optimization.
[INFO] [1783868035.442775677, 3.640000000]: Footprint model 'polygon' loaded for trajectory optimization.
[INFO] [1783868036.039970254, 4.234000000]: Footprint model 'polygon' loaded for trajectory optimization.
[INFO] [1783868037.481347594, 5.674000000]: GOAL Reached!
[INFO] [1783868037.634763140, 5.828000000]: Footprint model 'polygon' loaded for trajectory optimization.
[INFO] [1783868038.495769160, 6.686000000]: Footprint model 'polygon' loaded for trajectory optimization.
[INFO] [1783868039.156078854, 7.346000000]: Footprint model 'polygon' loaded for trajectory optimization.
[INFO] [1783868039.803005286, 7.992000000]: Footprint model 'polygon' loaded for trajectory optimization.
[INFO] [1783868040.401963131, 8.588000000]: Footprint model 'polygon' loaded for trajectory optimization.
[INFO] [1783868041.845677514, 10.030000000]: GOAL Reached!
[INFO] [1783868041.985245954, 10.170000000]: Footprint model 'polygon' loaded for trajectory optimization.
[INFO] [1783868042.865340871, 11.048000000]: Footprint model 'polygon' loaded for trajectory optimization.
[INFO] [1783868043.549520987, 11.730000000]: Footprint model 'polygon' loaded for trajectory optimization.
[INFO] [1783868044.104115302, 12.284000000]: Footprint model 'polygon' loaded for trajectory optimization.
[INFO] [1783868044.751949683, 12.932000000]: Footprint model 'polygon' loaded for trajectory optimization.
[INFO] [1783868046.491849447, 14.670000000]: GOAL Reached!
[INFO] [1783868046.646391670, 14.824000000]: Footprint model 'polygon' loaded for trajectory optimization.
[INFO] [1783868047.512818730, 15.686000000]: Footprint model 'polygon' loaded for trajectory optimization.
[INFO] [1783868048.061134961, 16.234000000]: Footprint model 'polygon' loaded for trajectory optimization.
[INFO] [1783868048.662588964, 16.834000000]: Footprint model 'polygon' loaded for trajectory optimization.
[INFO] [1783868049.313082171, 17.484000000]: Footprint model 'polygon' loaded for trajectory optimization.
[INFO] [1783868050.851752409, 19.022000000]: GOAL Reached!
[INFO] [1783868050.997099792, 19.168000000]: Footprint model 'polygon' loaded for trajectory optimization.
[INFO] [1783868051.879945989, 20.046000000]: Footprint model 'polygon' loaded for trajectory optimization.
[INFO] [1783868052.418684316, 20.586000000]: Footprint model 'polygon' loaded for trajectory optimization.
[INFO] [1783868053.066627087, 21.234000000]: Footprint model 'polygon' loaded for trajectory optimization.
[INFO] [1783868053.619813909, 21.784000000]: Footprint model 'polygon' loaded for trajectory optimization.
[INFO] [1783868055.111970596, 23.272000000]: GOAL Reached!
[INFO] [1783868055.263688070, 23.424000000]: Footprint model 'polygon' loaded for trajectory optimization.
[INFO] [1783868056.128772810, 24.288000000]: Footprint model 'polygon' loaded for trajectory optimization.
[INFO] [1783868056.728272817, 24.888000000]: Footprint model 'polygon' loaded for trajectory optimization.
[INFO] [1783868057.328144564, 25.488000000]: Footprint model 'polygon' loaded for trajectory optimization.
[INFO] [1783868059.371501227, 27.524000000]: GOAL Reached!
[INFO] [1783868059.503362535, 27.656000000]: Footprint model 'polygon' loaded for trajectory optimization.
[INFO] [1783868060.374064089, 28.524000000]: Footprint model 'polygon' loaded for trajectory optimization.
[INFO] [1783868060.926758644, 29.078000000]: Footprint model 'polygon' loaded for trajectory optimization.
[INFO] [1783868061.580042249, 29.728000000]: Footprint model 'polygon' loaded for trajectory optimization.
[INFO] [1783868062.132045781, 30.280000000]: Footprint model 'polygon' loaded for trajectory optimization.
[INFO] [1783868063.525075600, 31.670000000]: GOAL Reached!
[INFO] [1783868063.656288239, 31.800000000]: Footprint model 'polygon' loaded for trajectory optimization.
[INFO] [1783868064.525619272, 32.668000000]: Footprint model 'polygon' loaded for trajectory optimization.
[INFO] [1783868065.216438412, 33.358000000]: Footprint model 'polygon' loaded for trajectory optimization.
[INFO] [1783868065.760326803, 33.902000000]: Footprint model 'polygon' loaded for trajectory optimization.
[INFO] [1783868066.363668165, 34.502000000]: Footprint model 'polygon' loaded for trajectory optimization.
[INFO] [1783868067.753490346, 35.892000000]: GOAL Reached!
[INFO] [1783868067.895449044, 36.034000000]: Footprint model 'polygon' loaded for trajectory optimization.
[INFO] [1783868068.752104477, 36.888000000]: Footprint model 'polygon' loaded for trajectory optimization.
[INFO] [1783868069.357941427, 37.492000000]: Footprint model 'polygon' loaded for trajectory optimization.
[INFO] [1783868069.956053667, 38.092000000]: Footprint model 'polygon' loaded for trajectory optimization.
[INFO] [1783868070.557561769, 38.690000000]: Footprint model 'polygon' loaded for trajectory optimization.
[INFO] [1783868071.899888430, 40.030000000]: GOAL Reached!
[INFO] [1783868072.051526932, 40.182000000]: Footprint model 'polygon' loaded for trajectory optimization.
[INFO] [1783868072.939615130, 41.068000000]: Footprint model 'polygon' loaded for trajectory optimization.
[INFO] [1783868073.577202577, 41.704000000]: Footprint model 'polygon' loaded for trajectory optimization.
[INFO] [1783868074.178608579, 42.304000000]: Footprint model 'polygon' loaded for trajectory optimization.
[INFO] [1783868074.826295393, 42.952000000]: Footprint model 'polygon' loaded for trajectory optimization.
[INFO] [1783868076.465023786, 44.586000000]: GOAL Reached!
[INFO] [1783868076.621087527, 44.742000000]: Footprint model 'polygon' loaded for trajectory optimization.
[INFO] [1783868077.488102978, 45.606000000]: Footprint model 'polygon' loaded for trajectory optimization.
[INFO] [1783868078.046687879, 46.166000000]: Footprint model 'polygon' loaded for trajectory optimization.
[INFO] [1783868078.694591431, 46.812000000]: Footprint model 'polygon' loaded for trajectory optimization.
[INFO] [1783868080.639550242, 48.752000000]: GOAL Reached!
[INFO] [1783868080.771866846, 48.886000000]: Footprint model 'polygon' loaded for trajectory optimization.
[INFO] [1783868081.634906070, 49.746000000]: Footprint model 'polygon' loaded for trajectory optimization.
[INFO] [1783868082.239499129, 50.348000000]: Footprint model 'polygon' loaded for trajectory optimization.
[INFO] [1783868082.834495890, 50.944000000]: Footprint model 'polygon' loaded for trajectory optimization.
[INFO] [1783868083.434328132, 51.542000000]: Footprint model 'polygon' loaded for trajectory optimization.
[INFO] [1783868084.975267450, 53.082000000]: GOAL Reached!
[INFO] [1783868085.116172755, 53.222000000]: Footprint model 'polygon' loaded for trajectory optimization.
[INFO] [1783868085.983539301, 54.088000000]: Footprint model 'polygon' loaded for trajectory optimization.
[INFO] [1783868086.589049319, 54.690000000]: Footprint model 'polygon' loaded for trajectory optimization.
[INFO] [1783868087.185118580, 55.286000000]: Footprint model 'polygon' loaded for trajectory optimization.
[INFO] [1783868087.733227552, 55.834000000]: Footprint model 'polygon' loaded for trajectory optimization.
[INFO] [1783868089.125455604, 57.224000000]: GOAL Reached!
[INFO] [1783868089.261516492, 57.360000000]: Footprint model 'polygon' loaded for trajectory optimization.
[INFO] [1783868090.152618952, 58.248000000]: Footprint model 'polygon' loaded for trajectory optimization.
[INFO] [1783868090.835147829, 58.934000000]: Footprint model 'polygon' loaded for trajectory optimization.
[INFO] [1783868091.434288370, 59.530000000]: Footprint model 'polygon' loaded for trajectory optimization.
[INFO] [1783868093.279776023, 61.372000000]: GOAL Reached!
[INFO] [1783868093.438042270, 61.530000000]: Footprint model 'polygon' loaded for trajectory optimization.
[INFO] [1783868094.318899709, 62.410000000]: Footprint model 'polygon' loaded for trajectory optimization.
[INFO] [1783868094.912492945, 63.000000000]: Footprint model 'polygon' loaded for trajectory optimization.
[INFO] [1783868095.509346047, 63.596000000]: Footprint model 'polygon' loaded for trajectory optimization.
[INFO] [1783868096.108050810, 64.196000000]: Footprint model 'polygon' loaded for trajectory optimization.
[INFO] [1783868097.551135059, 65.636000000]: GOAL Reached!
[INFO] [1783868097.688322730, 65.772000000]: Footprint model 'polygon' loaded for trajectory optimization.
[INFO] [1783868098.542390889, 66.624000000]: Footprint model 'polygon' loaded for trajectory optimization.
[INFO] [1783868099.153857731, 67.234000000]: Footprint model 'polygon' loaded for trajectory optimization.
[INFO] [1783868099.798018015, 67.880000000]: Footprint model 'polygon' loaded for trajectory optimization.
[INFO] [1783868101.791169147, 69.868000000]: GOAL Reached!
[INFO] [1783868101.937805932, 70.014000000]: Footprint model 'polygon' loaded for trajectory optimization.
[INFO] [1783868102.808634200, 70.886000000]: Footprint model 'polygon' loaded for trajectory optimization.
[INFO] [1783868103.354080681, 71.432000000]: Footprint model 'polygon' loaded for trajectory optimization.
[INFO] [1783868103.957578119, 72.032000000]: Footprint model 'polygon' loaded for trajectory optimization.
[INFO] [1783868104.604303002, 72.676000000]: Footprint model 'polygon' loaded for trajectory optimization.
[INFO] [1783868105.945576445, 74.016000000]: GOAL Reached!
[INFO] [1783868106.086587489, 74.156000000]: Footprint model 'polygon' loaded for trajectory optimization.
[INFO] [1783868106.941756898, 75.008000000]: Footprint model 'polygon' loaded for trajectory optimization.
[INFO] [1783868107.545014757, 75.612000000]: Footprint model 'polygon' loaded for trajectory optimization.
[INFO] [1783868108.239476811, 76.306000000]: Footprint model 'polygon' loaded for trajectory optimization.
[INFO] [1783868110.173281931, 78.236000000]: GOAL Reached!
[INFO] [1783868110.330391372, 78.392000000]: Footprint model 'polygon' loaded for trajectory optimization.
[INFO] [1783868111.199480384, 79.260000000]: Footprint model 'polygon' loaded for trajectory optimization.
[INFO] [1783868111.902324845, 79.964000000]: Footprint model 'polygon' loaded for trajectory optimization.
[INFO] [1783868112.595521307, 80.654000000]: Footprint model 'polygon' loaded for trajectory optimization.
[INFO] [1783868114.428588522, 82.484000000]: GOAL Reached!
[INFO] [1783868114.575026787, 82.630000000]: Footprint model 'polygon' loaded for trajectory optimization.
[INFO] [1783868115.469175621, 83.522000000]: Footprint model 'polygon' loaded for trajectory optimization.
[INFO] [1783868116.151090234, 84.202000000]: Footprint model 'polygon' loaded for trajectory optimization.
[INFO] [1783868116.750711850, 84.800000000]: Footprint model 'polygon' loaded for trajectory optimization.
[INFO] [1783868118.581562948, 86.628000000]: GOAL Reached!
[INFO] [1783868118.719320591, 86.768000000]: Footprint model 'polygon' loaded for trajectory optimization.
[INFO] [1783868119.611614331, 87.656000000]: Footprint model 'polygon' loaded for trajectory optimization.
[INFO] [1783868120.257056599, 88.304000000]: Footprint model 'polygon' loaded for trajectory optimization.
[INFO] [1783868120.854962991, 88.900000000]: Footprint model 'polygon' loaded for trajectory optimization.
[INFO] [1783868121.455543574, 89.498000000]: Footprint model 'polygon' loaded for trajectory optimization.
[INFO] [1783868122.932018112, 90.976000000]: GOAL Reached!
[INFO] [1783868123.082502224, 91.126000000]: Footprint model 'polygon' loaded for trajectory optimization.
[INFO] [1783868123.959884018, 92.000000000]: Footprint model 'polygon' loaded for trajectory optimization.
[INFO] [1783868124.606806337, 92.646000000]: Footprint model 'polygon' loaded for trajectory optimization.
[INFO] [1783868125.258630966, 93.294000000]: Footprint model 'polygon' loaded for trajectory optimization.
[INFO] [1783868127.091179737, 95.124000000]: GOAL Reached!
[INFO] [1783868127.239675643, 95.272000000]: Footprint model 'polygon' loaded for trajectory optimization.
[INFO] [1783868128.128643525, 96.160000000]: Footprint model 'polygon' loaded for trajectory optimization.
[INFO] [1783868128.775680747, 96.804000000]: Footprint model 'polygon' loaded for trajectory optimization.
[INFO] [1783868129.370396492, 97.400000000]: Footprint model 'polygon' loaded for trajectory optimization.
[INFO] [1783868131.253361245, 99.280000000]: GOAL Reached!
[INFO] [1783868131.397443059, 99.424000000]: Footprint model 'polygon' loaded for trajectory optimization.
[INFO] [1783868132.271130786, 100.296000000]: Footprint model 'polygon' loaded for trajectory optimization.
[INFO] [1783868132.867382529, 100.890000000]: Footprint model 'polygon' loaded for trajectory optimization.
[INFO] [1783868133.415082882, 101.438000000]: Footprint model 'polygon' loaded for trajectory optimization.
[INFO] [1783868134.019055117, 102.040000000]: Footprint model 'polygon' loaded for trajectory optimization.
[INFO] [1783868135.796685607, 103.814000000]: GOAL Reached!
[INFO] [1783868135.933694739, 103.950000000]: Footprint model 'polygon' loaded for trajectory optimization.
[INFO] [1783868136.828223703, 104.844000000]: Footprint model 'polygon' loaded for trajectory optimization.
[INFO] [1783868137.473919054, 105.488000000]: Footprint model 'polygon' loaded for trajectory optimization.
[INFO] [1783868138.121918433, 106.134000000]: Footprint model 'polygon' loaded for trajectory optimization.
[INFO] [1783868138.766663847, 106.778000000]: Footprint model 'polygon' loaded for trajectory optimization.
[INFO] [1783868140.246501285, 108.256000000]: GOAL Reached!
[INFO] [1783868140.404246129, 108.414000000]: Footprint model 'polygon' loaded for trajectory optimization.
[INFO] [1783868141.289513891, 109.296000000]: Footprint model 'polygon' loaded for trajectory optimization.
[INFO] [1783868141.881817601, 109.888000000]: Footprint model 'polygon' loaded for trajectory optimization.
[INFO] [1783868142.435065944, 110.440000000]: Footprint model 'polygon' loaded for trajectory optimization.
[INFO] [1783868143.038669218, 111.040000000]: Footprint model 'polygon' loaded for trajectory optimization.
[INFO] [1783868143.633941991, 111.636000000]: Footprint model 'polygon' loaded for trajectory optimization.
[INFO] [1783868145.315261813, 113.314000000]: GOAL Reached!
[INFO] [1783868145.466194531, 113.464000000]: Footprint model 'polygon' loaded for trajectory optimization.
[INFO] [1783868146.344305188, 114.338000000]: Footprint model 'polygon' loaded for trajectory optimization.
[INFO] [1783868147.040374133, 115.036000000]: Footprint model 'polygon' loaded for trajectory optimization.
[INFO] [1783868147.739665386, 115.734000000]: Footprint model 'polygon' loaded for trajectory optimization.
[INFO] [1783868149.571451491, 117.562000000]: GOAL Reached!
[INFO] [1783868149.718211224, 117.708000000]: Footprint model 'polygon' loaded for trajectory optimization.
[INFO] [1783868150.606695343, 118.598000000]: Footprint model 'polygon' loaded for trajectory optimization.
[INFO] [1783868151.249917290, 119.238000000]: Footprint model 'polygon' loaded for trajectory optimization.
[INFO] [1783868151.858226880, 119.842000000]: Footprint model 'polygon' loaded for trajectory optimization.
[INFO] [1783868153.739268968, 121.720000000]: GOAL Reached!
[INFO] [1783868153.893808036, 121.874000000]: Footprint model 'polygon' loaded for trajectory optimization.
[INFO] [1783868154.778586009, 122.760000000]: Footprint model 'polygon' loaded for trajectory optimization.
[INFO] [1783868155.474176715, 123.454000000]: Footprint model 'polygon' loaded for trajectory optimization.
[INFO] [1783868156.168525099, 124.144000000]: Footprint model 'polygon' loaded for trajectory optimization.
[INFO] [1783868157.897532852, 125.872000000]: GOAL Reached!
[INFO] [1783868158.048579141, 126.022000000]: Footprint model 'polygon' loaded for trajectory optimization.
[INFO] [1783868158.946994873, 126.920000000]: Footprint model 'polygon' loaded for trajectory optimization.
[INFO] [1783868159.636561186, 127.606000000]: Footprint model 'polygon' loaded for trajectory optimization.
[INFO] [1783868160.234646902, 128.204000000]: Footprint model 'polygon' loaded for trajectory optimization.
[INFO] [1783868161.964834286, 129.932000000]: GOAL Reached!
[INFO] [1783868162.107037004, 130.074000000]: Footprint model 'polygon' loaded for trajectory optimization.
[INFO] [1783868162.991569709, 130.956000000]: Footprint model 'polygon' loaded for trajectory optimization.
[INFO] [1783868163.589364802, 131.554000000]: Footprint model 'polygon' loaded for trajectory optimization.
[INFO] [1783868164.187377968, 132.152000000]: Footprint model 'polygon' loaded for trajectory optimization.
[INFO] [1783868164.781014292, 132.746000000]: Footprint model 'polygon' loaded for trajectory optimization.
[INFO] [1783868166.117397197, 134.078000000]: GOAL Reached!
[INFO] [1783868166.256777943, 134.218000000]: Footprint model 'polygon' loaded for trajectory optimization.
[INFO] [1783868167.143657892, 135.104000000]: Footprint model 'polygon' loaded for trajectory optimization.
[INFO] [1783868167.794922888, 135.754000000]: Footprint model 'polygon' loaded for trajectory optimization.
[INFO] [1783868168.392405042, 136.348000000]: Footprint model 'polygon' loaded for trajectory optimization.
[INFO] [1783868170.272273042, 138.226000000]: GOAL Reached!
[INFO] [1783868170.409850375, 138.362000000]: Footprint model 'polygon' loaded for trajectory optimization.
[INFO] [1783868171.286296307, 139.236000000]: Footprint model 'polygon' loaded for trajectory optimization.
[INFO] [1783868171.933940786, 139.884000000]: Footprint model 'polygon' loaded for trajectory optimization.
[INFO] [1783868172.578590075, 140.530000000]: Footprint model 'polygon' loaded for trajectory optimization.
[INFO] [1783868174.415228682, 142.360000000]: GOAL Reached!
[INFO] [1783868174.554126437, 142.498000000]: Footprint model 'polygon' loaded for trajectory optimization.
[INFO] [1783868175.436036439, 143.380000000]: Footprint model 'polygon' loaded for trajectory optimization.
[INFO] [1783868176.131513795, 144.072000000]: Footprint model 'polygon' loaded for trajectory optimization.
[INFO] [1783868176.828058424, 144.770000000]: Footprint model 'polygon' loaded for trajectory optimization.
[INFO] [1783868178.461446029, 146.398000000]: GOAL Reached!
[INFO] [1783868178.608127952, 146.544000000]: Footprint model 'polygon' loaded for trajectory optimization.
[INFO] [1783868179.486092685, 147.422000000]: Footprint model 'polygon' loaded for trajectory optimization.
[INFO] [1783868180.083045607, 148.018000000]: Footprint model 'polygon' loaded for trajectory optimization.
[INFO] [1783868180.686018594, 148.618000000]: Footprint model 'polygon' loaded for trajectory optimization.
[INFO] [1783868181.234896373, 149.166000000]: Footprint model 'polygon' loaded for trajectory optimization.
[INFO] [1783868182.614255817, 150.544000000]: GOAL Reached!
[INFO] [1783868182.743620178, 150.674000000]: Footprint model 'polygon' loaded for trajectory optimization.
[INFO] [1783868183.630467254, 151.558000000]: Footprint model 'polygon' loaded for trajectory optimization.
[INFO] [1783868184.226944986, 152.154000000]: Footprint model 'polygon' loaded for trajectory optimization.
[INFO] [1783868184.828204121, 152.754000000]: Footprint model 'polygon' loaded for trajectory optimization.
[INFO] [1783868185.426839723, 153.352000000]: Footprint model 'polygon' loaded for trajectory optimization.
[INFO] [1783868186.858016528, 154.780000000]: GOAL Reached!
[INFO] [1783868186.995001764, 154.916000000]: Footprint model 'polygon' loaded for trajectory optimization.
[INFO] [1783868187.878679867, 155.798000000]: Footprint model 'polygon' loaded for trajectory optimization.
[INFO] [1783868188.428318303, 156.346000000]: Footprint model 'polygon' loaded for trajectory optimization.
[INFO] [1783868189.082606177, 156.998000000]: Footprint model 'polygon' loaded for trajectory optimization.
[INFO] [1783868189.730767251, 157.646000000]: Footprint model 'polygon' loaded for trajectory optimization.
[INFO] [1783868191.112806047, 159.026000000]: GOAL Reached!
[INFO] [1783868191.270025171, 159.182000000]: Footprint model 'polygon' loaded for trajectory optimization.
[INFO] [1783868192.151196719, 160.062000000]: Footprint model 'polygon' loaded for trajectory optimization.
[INFO] [1783868192.840668148, 160.752000000]: Footprint model 'polygon' loaded for trajectory optimization.
[INFO] [1783868193.539956079, 161.448000000]: Footprint model 'polygon' loaded for trajectory optimization.
[INFO] [1783868195.271440919, 163.178000000]: GOAL Reached!
[INFO] [1783868195.416355864, 163.322000000]: Footprint model 'polygon' loaded for trajectory optimization.
[INFO] [1783868196.314469046, 164.218000000]: Footprint model 'polygon' loaded for trajectory optimization.
[INFO] [1783868196.910666242, 164.814000000]: Footprint model 'polygon' loaded for trajectory optimization.
[INFO] [1783868197.557949851, 165.460000000]: Footprint model 'polygon' loaded for trajectory optimization.
[INFO] [1783868199.440660057, 167.340000000]: GOAL Reached!
[INFO] [1783868199.594356079, 167.494000000]: Footprint model 'polygon' loaded for trajectory optimization.
[INFO] [1783868200.481888011, 168.378000000]: Footprint model 'polygon' loaded for trajectory optimization.
[INFO] [1783868201.169731950, 169.064000000]: Footprint model 'polygon' loaded for trajectory optimization.
[INFO] [1783868201.764479833, 169.658000000]: Footprint model 'polygon' loaded for trajectory optimization.
[INFO] [1783868202.368276966, 170.262000000]: Footprint model 'polygon' loaded for trajectory optimization.
[INFO] [1783868203.702783975, 171.592000000]: GOAL Reached!
[INFO] [1783868203.833539678, 171.724000000]: Footprint model 'polygon' loaded for trajectory optimization.
[INFO] [1783868204.708940893, 172.598000000]: Footprint model 'polygon' loaded for trajectory optimization.
[INFO] [1783868205.359670822, 173.246000000]: Footprint model 'polygon' loaded for trajectory optimization.
[INFO] [1783868205.961148710, 173.848000000]: Footprint model 'polygon' loaded for trajectory optimization.
[INFO] [1783868207.836904594, 175.720000000]: GOAL Reached!
[INFO] [1783868207.981542326, 175.864000000]: Footprint model 'polygon' loaded for trajectory optimization.
[INFO] [1783868208.855576297, 176.736000000]: Footprint model 'polygon' loaded for trajectory optimization.
[INFO] [1783868209.403655320, 177.284000000]: Footprint model 'polygon' loaded for trajectory optimization.
[INFO] [1783868210.056294530, 177.936000000]: Footprint model 'polygon' loaded for trajectory optimization.
[INFO] [1783868212.084858675, 179.960000000]: GOAL Reached!
[INFO] [1783868212.238845392, 180.114000000]: Footprint model 'polygon' loaded for trajectory optimization.
[INFO] [1783868213.124282831, 180.998000000]: Footprint model 'polygon' loaded for trajectory optimization.
[INFO] [1783868213.824540815, 181.698000000]: Footprint model 'polygon' loaded for trajectory optimization.
[INFO] [1783868214.421563301, 182.292000000]: Footprint model 'polygon' loaded for trajectory optimization.
[INFO] [1783868216.354840823, 184.222000000]: GOAL Reached!
[INFO] [1783868216.494988195, 184.364000000]: Footprint model 'polygon' loaded for trajectory optimization.
[INFO] [1783868217.379710961, 185.244000000]: Footprint model 'polygon' loaded for trajectory optimization.
[INFO] [1783868218.068686206, 185.932000000]: Footprint model 'polygon' loaded for trajectory optimization.
[INFO] [1783868218.719257877, 186.582000000]: Footprint model 'polygon' loaded for trajectory optimization.
[INFO] [1783868220.601138151, 188.460000000]: GOAL Reached!
[INFO] [1783868220.748750199, 188.608000000]: Footprint model 'polygon' loaded for trajectory optimization.
[INFO] [1783868221.644175310, 189.500000000]: Footprint model 'polygon' loaded for trajectory optimization.
[INFO] [1783868222.279255305, 190.136000000]: Footprint model 'polygon' loaded for trajectory optimization.
[INFO] [1783868222.923410489, 190.780000000]: Footprint model 'polygon' loaded for trajectory optimization.
[INFO] [1783868224.759627585, 192.610000000]: GOAL Reached!
[INFO] [1783868224.903043607, 192.754000000]: Footprint model 'polygon' loaded for trajectory optimization.
[INFO] [1783868225.789672193, 193.640000000]: Footprint model 'polygon' loaded for trajectory optimization.
[INFO] [1783868226.431252070, 194.280000000]: Footprint model 'polygon' loaded for trajectory optimization.
[INFO] [1783868227.079048848, 194.926000000]: Footprint model 'polygon' loaded for trajectory optimization.
[INFO] [1783868227.628692164, 195.476000000]: Footprint model 'polygon' loaded for trajectory optimization.
[INFO] [1783868228.911636724, 196.756000000]: GOAL Reached!
[INFO] [1783868229.057447484, 196.902000000]: Footprint model 'polygon' loaded for trajectory optimization.
[INFO] [1783868229.934686852, 197.778000000]: Footprint model 'polygon' loaded for trajectory optimization.
[INFO] [1783868230.624994131, 198.468000000]: Footprint model 'polygon' loaded for trajectory optimization.
[INFO] [1783868231.327141769, 199.168000000]: Footprint model 'polygon' loaded for trajectory optimization.
[INFO] [1783868233.157604473, 200.994000000]: GOAL Reached!
[INFO] [1783868233.309635047, 201.148000000]: Footprint model 'polygon' loaded for trajectory optimization.
[INFO] [1783868234.187084093, 202.022000000]: Footprint model 'polygon' loaded for trajectory optimization.
[INFO] [1783868234.881933840, 202.716000000]: Footprint model 'polygon' loaded for trajectory optimization.
[INFO] [1783868235.481877159, 203.314000000]: Footprint model 'polygon' loaded for trajectory optimization.
[INFO] [1783868237.411987470, 205.242000000]: GOAL Reached!
[INFO] [1783868237.559003950, 205.388000000]: Footprint model 'polygon' loaded for trajectory optimization.
[INFO] [1783868238.436639451, 206.262000000]: Footprint model 'polygon' loaded for trajectory optimization.
[INFO] [1783868239.132924771, 206.960000000]: Footprint model 'polygon' loaded for trajectory optimization.
[INFO] [1783868239.781647600, 207.606000000]: Footprint model 'polygon' loaded for trajectory optimization.
[INFO] [1783868241.663490007, 209.484000000]: GOAL Reached!
[INFO] [1783868241.798660155, 209.618000000]: Footprint model 'polygon' loaded for trajectory optimization.
[INFO] [1783868242.685050224, 210.506000000]: Footprint model 'polygon' loaded for trajectory optimization.
[INFO] [1783868243.323933833, 211.142000000]: Footprint model 'polygon' loaded for trajectory optimization.
[INFO] [1783868243.929145314, 211.746000000]: Footprint model 'polygon' loaded for trajectory optimization.
[INFO] [1783868245.809146282, 213.622000000]: GOAL Reached!
[INFO] [1783868245.959686442, 213.772000000]: Footprint model 'polygon' loaded for trajectory optimization.
[INFO] [1783868246.829012938, 214.638000000]: Footprint model 'polygon' loaded for trajectory optimization.
[INFO] [1783868247.430180416, 215.238000000]: Footprint model 'polygon' loaded for trajectory optimization.
[INFO] [1783868248.025412711, 215.834000000]: Footprint model 'polygon' loaded for trajectory optimization.
[INFO] [1783868248.584853018, 216.392000000]: Footprint model 'polygon' loaded for trajectory optimization.
[INFO] [1783868250.063078385, 217.866000000]: GOAL Reached!
[INFO] [1783868250.200418704, 218.004000000]: Footprint model 'polygon' loaded for trajectory optimization.
[INFO] [1783868251.101307476, 218.902000000]: Footprint model 'polygon' loaded for trajectory optimization.
[INFO] [1783868251.785094203, 219.586000000]: Footprint model 'polygon' loaded for trajectory optimization.
[INFO] [1783868252.481945551, 220.282000000]: Footprint model 'polygon' loaded for trajectory optimization.
[INFO] [1783868254.316129505, 222.112000000]: GOAL Reached!
[INFO] [1783868254.466568527, 222.264000000]: Footprint model 'polygon' loaded for trajectory optimization.
[INFO] [1783868255.364551996, 223.158000000]: Footprint model 'polygon' loaded for trajectory optimization.
[INFO] [1783868256.049320112, 223.842000000]: Footprint model 'polygon' loaded for trajectory optimization.
[INFO] [1783868256.642702071, 224.436000000]: Footprint model 'polygon' loaded for trajectory optimization.
[INFO] [1783868258.481879989, 226.270000000]: GOAL Reached!
[INFO] [1783868258.628159924, 226.418000000]: Footprint model 'polygon' loaded for trajectory optimization.
[INFO] [1783868259.515541564, 227.302000000]: Footprint model 'polygon' loaded for trajectory optimization.
[INFO] [1783868260.151534130, 227.936000000]: Footprint model 'polygon' loaded for trajectory optimization.
[INFO] [1783868260.801811758, 228.588000000]: Footprint model 'polygon' loaded for trajectory optimization.
[INFO] [1783868261.353982010, 229.138000000]: Footprint model 'polygon' loaded for trajectory optimization.
[INFO] [1783868262.731466287, 230.514000000]: GOAL Reached!
[INFO] [1783868262.852100728, 230.634000000]: Footprint model 'polygon' loaded for trajectory optimization.
[INFO] [1783868263.738652577, 231.518000000]: Footprint model 'polygon' loaded for trajectory optimization.
[INFO] [1783868264.380191591, 232.158000000]: Footprint model 'polygon' loaded for trajectory optimization.
[INFO] [1783868264.974937931, 232.754000000]: Footprint model 'polygon' loaded for trajectory optimization.
[INFO] [1783868266.955103804, 234.730000000]: GOAL Reached!
[INFO] [1783868267.109098467, 234.884000000]: Footprint model 'polygon' loaded for trajectory optimization.
[INFO] [1783868268.004599827, 235.780000000]: Footprint model 'polygon' loaded for trajectory optimization.
[INFO] [1783868268.643434335, 236.416000000]: Footprint model 'polygon' loaded for trajectory optimization.
[INFO] [1783868269.240717546, 237.010000000]: Footprint model 'polygon' loaded for trajectory optimization.
[INFO] [1783868271.122483194, 238.890000000]: GOAL Reached!
[INFO] [1783868271.278951160, 239.046000000]: Footprint model 'polygon' loaded for trajectory optimization.
[INFO] [1783868272.155049031, 239.920000000]: Footprint model 'polygon' loaded for trajectory optimization.
[INFO] [1783868272.791431511, 240.556000000]: Footprint model 'polygon' loaded for trajectory optimization.
[INFO] [1783868273.394701102, 241.160000000]: Footprint model 'polygon' loaded for trajectory optimization.
[INFO] [1783868275.375820624, 243.136000000]: GOAL Reached!
[INFO] [1783868275.518966787, 243.280000000]: Footprint model 'polygon' loaded for trajectory optimization.
[INFO] [1783868276.402953829, 244.160000000]: Footprint model 'polygon' loaded for trajectory optimization.
[INFO] [1783868277.003256699, 244.760000000]: Footprint model 'polygon' loaded for trajectory optimization.
[INFO] [1783868277.700333198, 245.454000000]: Footprint model 'polygon' loaded for trajectory optimization.
[INFO] [1783868279.535843817, 247.288000000]: GOAL Reached!
[INFO] [1783868279.678990162, 247.432000000]: Footprint model 'polygon' loaded for trajectory optimization.
[INFO] [1783868280.606439996, 248.358000000]: Footprint model 'polygon' loaded for trajectory optimization.
[INFO] [1783868281.209489002, 248.960000000]: Footprint model 'polygon' loaded for trajectory optimization.
[INFO] [1783868281.805963119, 249.554000000]: Footprint model 'polygon' loaded for trajectory optimization.
[INFO] [1783868283.690967341, 251.436000000]: GOAL Reached!
[INFO] [1783868283.820702553, 251.566000000]: Footprint model 'polygon' loaded for trajectory optimization.
[INFO] [1783868284.695835057, 252.438000000]: Footprint model 'polygon' loaded for trajectory optimization.
[INFO] [1783868285.247854167, 252.990000000]: Footprint model 'polygon' loaded for trajectory optimization.
[INFO] [1783868285.853076273, 253.592000000]: Footprint model 'polygon' loaded for trajectory optimization.
[INFO] [1783868286.493298869, 254.236000000]: Footprint model 'polygon' loaded for trajectory optimization.
[INFO] [1783868287.929112853, 255.666000000]: GOAL Reached!
[INFO] [1783868288.068279152, 255.806000000]: Footprint model 'polygon' loaded for trajectory optimization.
[INFO] [1783868288.945072557, 256.680000000]: Footprint model 'polygon' loaded for trajectory optimization.
[INFO] [1783868289.645802999, 257.382000000]: Footprint model 'polygon' loaded for trajectory optimization.
[INFO] [1783868290.345426090, 258.078000000]: Footprint model 'polygon' loaded for trajectory optimization.
[INFO] [1783868292.177408643, 259.908000000]: GOAL Reached!
[INFO] [1783868292.316804617, 260.046000000]: Footprint model 'polygon' loaded for trajectory optimization.
[INFO] [1783868293.209539309, 260.936000000]: Footprint model 'polygon' loaded for trajectory optimization.
[INFO] [1783868293.903888200, 261.630000000]: Footprint model 'polygon' loaded for trajectory optimization.
[INFO] [1783868294.597031010, 262.322000000]: Footprint model 'polygon' loaded for trajectory optimization.
[INFO] [1783868296.330031735, 264.052000000]: GOAL Reached!
[INFO] [1783868296.470082624, 264.190000000]: Footprint model 'polygon' loaded for trajectory optimization.
[INFO] [1783868297.359393810, 265.080000000]: Footprint model 'polygon' loaded for trajectory optimization.
[INFO] [1783868298.051652303, 265.770000000]: Footprint model 'polygon' loaded for trajectory optimization.
[INFO] [1783868298.751363945, 266.468000000]: Footprint model 'polygon' loaded for trajectory optimization.
[INFO] [1783868300.480921065, 268.196000000]: GOAL Reached!
[INFO] [1783868300.624320125, 268.338000000]: Footprint model 'polygon' loaded for trajectory optimization.
[INFO] [1783868301.504281846, 269.218000000]: Footprint model 'polygon' loaded for trajectory optimization.
[INFO] [1783868302.143497459, 269.856000000]: Footprint model 'polygon' loaded for trajectory optimization.
[INFO] [1783868302.746920964, 270.456000000]: Footprint model 'polygon' loaded for trajectory optimization.
[INFO] [1783868303.344290961, 271.054000000]: Footprint model 'polygon' loaded for trajectory optimization.
[INFO] [1783868304.725822943, 272.432000000]: GOAL Reached!
[INFO] [1783868304.856184079, 272.562000000]: Footprint model 'polygon' loaded for trajectory optimization.
[INFO] [1783868305.734463843, 273.438000000]: Footprint model 'polygon' loaded for trajectory optimization.
[INFO] [1783868306.439579176, 274.142000000]: Footprint model 'polygon' loaded for trajectory optimization.
[INFO] [1783868307.085603693, 274.786000000]: Footprint model 'polygon' loaded for trajectory optimization.
[INFO] [1783868308.961667670, 276.660000000]: GOAL Reached!
[INFO] [1783868309.103406053, 276.802000000]: Footprint model 'polygon' loaded for trajectory optimization.
[INFO] [1783868310.002636456, 277.698000000]: Footprint model 'polygon' loaded for trajectory optimization.
[INFO] [1783868310.639555321, 278.336000000]: Footprint model 'polygon' loaded for trajectory optimization.
[INFO] [1783868311.239967686, 278.934000000]: Footprint model 'polygon' loaded for trajectory optimization.
[INFO] [1783868313.119553184, 280.810000000]: GOAL Reached!
[INFO] [1783868313.254848907, 280.946000000]: Footprint model 'polygon' loaded for trajectory optimization.
[INFO] [1783868314.138315885, 281.824000000]: Footprint model 'polygon' loaded for trajectory optimization.
[INFO] [1783868314.784304160, 282.470000000]: Footprint model 'polygon' loaded for trajectory optimization.
[INFO] [1783868315.435203013, 283.120000000]: Footprint model 'polygon' loaded for trajectory optimization.
[INFO] [1783868315.985626671, 283.668000000]: Footprint model 'polygon' loaded for trajectory optimization.
[INFO] [1783868317.365142420, 285.046000000]: GOAL Reached!
[INFO] [1783868317.509490036, 285.190000000]: Footprint model 'polygon' loaded for trajectory optimization.
[INFO] [1783868318.404303920, 286.082000000]: Footprint model 'polygon' loaded for trajectory optimization.
[INFO] [1783868319.087362525, 286.764000000]: Footprint model 'polygon' loaded for trajectory optimization.
[INFO] [1783868319.639615883, 287.316000000]: Footprint model 'polygon' loaded for trajectory optimization.
[INFO] [1783868320.291625682, 287.968000000]: Footprint model 'polygon' loaded for trajectory optimization.
[INFO] [1783868322.116854991, 289.790000000]: GOAL Reached!
[INFO] [1783868322.254575755, 289.926000000]: Footprint model 'polygon' loaded for trajectory optimization.
[INFO] [1783868323.130346414, 290.800000000]: Footprint model 'polygon' loaded for trajectory optimization.
[INFO] [1783868323.826459944, 291.496000000]: Footprint model 'polygon' loaded for trajectory optimization.
[INFO] [1783868324.427773166, 292.096000000]: Footprint model 'polygon' loaded for trajectory optimization.
[INFO] [1783868326.257794576, 293.922000000]: GOAL Reached!
[INFO] [1783868326.406475981, 294.068000000]: Footprint model 'polygon' loaded for trajectory optimization.
[INFO] [1783868327.276048275, 294.938000000]: Footprint model 'polygon' loaded for trajectory optimization.
[INFO] [1783868327.830841778, 295.492000000]: Footprint model 'polygon' loaded for trajectory optimization.
[INFO] [1783868328.432263401, 296.092000000]: Footprint model 'polygon' loaded for trajectory optimization.
[INFO] [1783868329.081778317, 296.740000000]: Footprint model 'polygon' loaded for trajectory optimization.
[INFO] [1783868330.512271848, 298.170000000]: GOAL Reached!
[INFO] [1783868330.658364037, 298.314000000]: Footprint model 'polygon' loaded for trajectory optimization.
[INFO] [1783868331.543219581, 299.200000000]: Footprint model 'polygon' loaded for trajectory optimization.
[INFO] [1783868332.238121261, 299.890000000]: Footprint model 'polygon' loaded for trajectory optimization.
[INFO] [1783868332.934775561, 300.586000000]: Footprint model 'polygon' loaded for trajectory optimization.
[INFO] [1783868334.666718451, 302.316000000]: GOAL Reached!
[INFO] [1783868334.822912736, 302.472000000]: Footprint model 'polygon' loaded for trajectory optimization.
[INFO] [1783868335.711974433, 303.358000000]: Footprint model 'polygon' loaded for trajectory optimization.
[INFO] [1783868336.304946831, 303.952000000]: Footprint model 'polygon' loaded for trajectory optimization.
[INFO] [1783868336.956391267, 304.600000000]: Footprint model 'polygon' loaded for trajectory optimization.
[INFO] [1783868338.939926636, 306.580000000]: GOAL Reached!
[INFO] [1783868339.090821797, 306.730000000]: Footprint model 'polygon' loaded for trajectory optimization.
[INFO] [1783868339.963036118, 307.602000000]: Footprint model 'polygon' loaded for trajectory optimization.
[INFO] [1783868340.562657716, 308.200000000]: Footprint model 'polygon' loaded for trajectory optimization.
[INFO] [1783868341.258170177, 308.894000000]: Footprint model 'polygon' loaded for trajectory optimization.
[INFO] [1783868343.290748152, 310.926000000]: GOAL Reached!
[INFO] [1783868343.446254049, 311.080000000]: Footprint model 'polygon' loaded for trajectory optimization.
[INFO] [1783868344.309434825, 311.940000000]: Footprint model 'polygon' loaded for trajectory optimization.
[INFO] [1783868344.908388729, 312.538000000]: Footprint model 'polygon' loaded for trajectory optimization.
[INFO] [1783868345.613662167, 313.244000000]: Footprint model 'polygon' loaded for trajectory optimization.
[INFO] [1783868347.547828341, 315.172000000]: GOAL Reached!
[INFO] [1783868347.700427509, 315.324000000]: Footprint model 'polygon' loaded for trajectory optimization.
[INFO] [1783868348.573741714, 316.196000000]: Footprint model 'polygon' loaded for trajectory optimization.
[INFO] [1783868349.277058429, 316.898000000]: Footprint model 'polygon' loaded for trajectory optimization.
[INFO] [1783868349.870404013, 317.494000000]: Footprint model 'polygon' loaded for trajectory optimization.
[INFO] [1783868351.807367762, 319.424000000]: GOAL Reached!
[INFO] [1783868351.949194703, 319.568000000]: Footprint model 'polygon' loaded for trajectory optimization.
[INFO] [1783868352.820391620, 320.436000000]: Footprint model 'polygon' loaded for trajectory optimization.
[INFO] [1783868353.524146508, 321.138000000]: Footprint model 'polygon' loaded for trajectory optimization.
[INFO] [1783868354.220225142, 321.834000000]: Footprint model 'polygon' loaded for trajectory optimization.
[INFO] [1783868356.050382783, 323.662000000]: GOAL Reached!
[INFO] [1783868356.190633132, 323.802000000]: Footprint model 'polygon' loaded for trajectory optimization.
[INFO] [1783868357.070609991, 324.678000000]: Footprint model 'polygon' loaded for trajectory optimization.
[INFO] [1783868357.725905140, 325.332000000]: Footprint model 'polygon' loaded for trajectory optimization.
[INFO] [1783868358.328140173, 325.932000000]: Footprint model 'polygon' loaded for trajectory optimization.
[INFO] [1783868358.920312052, 326.526000000]: Footprint model 'polygon' loaded for trajectory optimization.
[INFO] [1783868360.301841594, 327.904000000]: GOAL Reached!
[INFO] [1783868360.452235700, 328.054000000]: Footprint model 'polygon' loaded for trajectory optimization.
[INFO] [1783868361.316157049, 328.916000000]: Footprint model 'polygon' loaded for trajectory optimization.
[INFO] [1783868361.923059690, 329.524000000]: Footprint model 'polygon' loaded for trajectory optimization.
[INFO] [1783868362.574078057, 330.172000000]: Footprint model 'polygon' loaded for trajectory optimization.
[INFO] [1783868364.557279522, 332.150000000]: GOAL Reached!
[INFO] [1783868364.697250458, 332.290000000]: Footprint model 'polygon' loaded for trajectory optimization.
[INFO] [1783868365.565992067, 333.158000000]: Footprint model 'polygon' loaded for trajectory optimization.
[INFO] [1783868366.163682000, 333.756000000]: Footprint model 'polygon' loaded for trajectory optimization.
[INFO] [1783868366.766711859, 334.356000000]: Footprint model 'polygon' loaded for trajectory optimization.
[INFO] [1783868367.315128161, 334.904000000]: Footprint model 'polygon' loaded for trajectory optimization.
[INFO] [1783868368.699724592, 336.284000000]: GOAL Reached!
[INFO] [1783868368.840667583, 336.424000000]: Footprint model 'polygon' loaded for trajectory optimization.
[INFO] [1783868369.717887401, 337.298000000]: Footprint model 'polygon' loaded for trajectory optimization.
[INFO] [1783868370.313753267, 337.894000000]: Footprint model 'polygon' loaded for trajectory optimization.
[INFO] [1783868371.018159250, 338.598000000]: Footprint model 'polygon' loaded for trajectory optimization.
[INFO] [1783868372.847624095, 340.424000000]: GOAL Reached!
[INFO] [1783868372.974757303, 340.550000000]: Footprint model 'polygon' loaded for trajectory optimization.
[INFO] [1783868373.847503710, 341.420000000]: Footprint model 'polygon' loaded for trajectory optimization.
[INFO] [1783868374.496277082, 342.068000000]: Footprint model 'polygon' loaded for trajectory optimization.
[INFO] [1783868375.091993422, 342.664000000]: Footprint model 'polygon' loaded for trajectory optimization.
[INFO] [1783868375.693688051, 343.264000000]: Footprint model 'polygon' loaded for trajectory optimization.
[INFO] [1783868377.073113946, 344.642000000]: GOAL Reached!
[INFO] [1783868377.201165493, 344.770000000]: Footprint model 'polygon' loaded for trajectory optimization.
[INFO] [1783868378.091739250, 345.658000000]: Footprint model 'polygon' loaded for trajectory optimization.
[INFO] [1783868378.784912536, 346.350000000]: Footprint model 'polygon' loaded for trajectory optimization.
[INFO] [1783868379.386179556, 346.950000000]: Footprint model 'polygon' loaded for trajectory optimization.
[INFO] [1783868381.116408317, 348.678000000]: GOAL Reached!
[INFO] [1783868381.262817695, 348.824000000]: Footprint model 'polygon' loaded for trajectory optimization.
[INFO] [1783868382.141946727, 349.700000000]: Footprint model 'polygon' loaded for trajectory optimization.
[INFO] [1783868382.787735298, 350.346000000]: Footprint model 'polygon' loaded for trajectory optimization.
[INFO] [1783868383.439350341, 350.996000000]: Footprint model 'polygon' loaded for trajectory optimization.
[INFO] [1783868385.369042798, 352.922000000]: GOAL Reached!
[INFO] [1783868385.510144181, 353.062000000]: Footprint model 'polygon' loaded for trajectory optimization.
[INFO] [1783868386.385007708, 353.938000000]: Footprint model 'polygon' loaded for trajectory optimization.
[INFO] [1783868387.085306638, 354.636000000]: Footprint model 'polygon' loaded for trajectory optimization.
[INFO] [1783868387.678096370, 355.228000000]: Footprint model 'polygon' loaded for trajectory optimization.
[INFO] [1783868389.515989639, 357.062000000]: GOAL Reached!
[INFO] [1783868389.665148908, 357.212000000]: Footprint model 'polygon' loaded for trajectory optimization.
[INFO] [1783868390.554027085, 358.098000000]: Footprint model 'polygon' loaded for trajectory optimization.
[INFO] [1783868391.145571835, 358.688000000]: Footprint model 'polygon' loaded for trajectory optimization.
[INFO] [1783868391.696889141, 359.238000000]: Footprint model 'polygon' loaded for trajectory optimization.
[INFO] [1783868392.296322981, 359.838000000]: Footprint model 'polygon' loaded for trajectory optimization.
[INFO] [1783868393.774882798, 361.314000000]: GOAL Reached!
[INFO] [1783868393.906265896, 361.446000000]: Footprint model 'polygon' loaded for trajectory optimization.
[INFO] [1783868394.787864499, 362.326000000]: Footprint model 'polygon' loaded for trajectory optimization.
[INFO] [1783868395.430715246, 362.966000000]: Footprint model 'polygon' loaded for trajectory optimization.
[INFO] [1783868396.078589259, 363.612000000]: Footprint model 'polygon' loaded for trajectory optimization.
[INFO] [1783868398.008463394, 365.540000000]: GOAL Reached!
[INFO] [1783868398.161936027, 365.694000000]: Footprint model 'polygon' loaded for trajectory optimization.
[INFO] [1783868399.051602944, 366.582000000]: Footprint model 'polygon' loaded for trajectory optimization.
[INFO] [1783868399.691859165, 367.220000000]: Footprint model 'polygon' loaded for trajectory optimization.
[INFO] [1783868400.344957789, 367.872000000]: Footprint model 'polygon' loaded for trajectory optimization.
[INFO] [1783868400.897550375, 368.422000000]: Footprint model 'polygon' loaded for trajectory optimization.
[INFO] [1783868402.275887918, 369.800000000]: GOAL Reached!
[INFO] [1783868402.419074457, 369.944000000]: Footprint model 'polygon' loaded for trajectory optimization.
[INFO] [1783868403.314446980, 370.836000000]: Footprint model 'polygon' loaded for trajectory optimization.
[INFO] [1783868403.961432508, 371.482000000]: Footprint model 'polygon' loaded for trajectory optimization.
[INFO] [1783868404.554940282, 372.074000000]: Footprint model 'polygon' loaded for trajectory optimization.
[INFO] [1783868406.436119468, 373.952000000]: GOAL Reached!
[INFO] [1783868406.575369567, 374.092000000]: Footprint model 'polygon' loaded for trajectory optimization.
[INFO] [1783868407.479778517, 374.994000000]: Footprint model 'polygon' loaded for trajectory optimization.
[INFO] [1783868408.088157515, 375.606000000]: Footprint model 'polygon' loaded for trajectory optimization.
[INFO] [1783868408.696623193, 376.208000000]: Footprint model 'polygon' loaded for trajectory optimization.
[INFO] [1783868409.299809067, 376.810000000]: Footprint model 'polygon' loaded for trajectory optimization.
[INFO] [1783868410.677752271, 378.186000000]: GOAL Reached!
[INFO] [1783868410.832331249, 378.340000000]: Footprint model 'polygon' loaded for trajectory optimization.
[INFO] [1783868411.714590380, 379.220000000]: Footprint model 'polygon' loaded for trajectory optimization.
[INFO] [1783868412.361885377, 379.866000000]: Footprint model 'polygon' loaded for trajectory optimization.
[INFO] [1783868412.959350170, 380.464000000]: Footprint model 'polygon' loaded for trajectory optimization.
[INFO] [1783868414.838782567, 382.340000000]: GOAL Reached!
[INFO] [1783868414.968674304, 382.468000000]: Footprint model 'polygon' loaded for trajectory optimization.
[INFO] [1783868415.860191853, 383.358000000]: Footprint model 'polygon' loaded for trajectory optimization.
[INFO] [1783868416.398273619, 383.896000000]: Footprint model 'polygon' loaded for trajectory optimization.
[INFO] [1783868416.998374910, 384.494000000]: Footprint model 'polygon' loaded for trajectory optimization.
[INFO] [1783868417.596027094, 385.092000000]: Footprint model 'polygon' loaded for trajectory optimization.
[INFO] [1783868418.977355443, 386.472000000]: GOAL Reached!
[INFO] [1783868419.114228205, 386.608000000]: Footprint model 'polygon' loaded for trajectory optimization.
[INFO] [1783868419.985470101, 387.478000000]: Footprint model 'polygon' loaded for trajectory optimization.
[INFO] [1783868420.584532427, 388.076000000]: Footprint model 'polygon' loaded for trajectory optimization.
[INFO] [1783868421.172910546, 388.664000000]: Footprint model 'polygon' loaded for trajectory optimization.
[INFO] [1783868421.736476637, 389.222000000]: Footprint model 'polygon' loaded for trajectory optimization.
[INFO] [1783868423.216953720, 390.702000000]: GOAL Reached!
[INFO] [1783868423.374138196, 390.860000000]: Footprint model 'polygon' loaded for trajectory optimization.
[INFO] [1783868424.255182256, 391.740000000]: Footprint model 'polygon' loaded for trajectory optimization.
[INFO] [1783868424.900670332, 392.384000000]: Footprint model 'polygon' loaded for trajectory optimization.
[INFO] [1783868425.505419760, 392.986000000]: Footprint model 'polygon' loaded for trajectory optimization.
[INFO] [1783868426.154986276, 393.636000000]: Footprint model 'polygon' loaded for trajectory optimization.
[INFO] [1783868426.858506541, 394.336000000]: Footprint model 'polygon' loaded for trajectory optimization.
[INFO] [1783868427.506007358, 394.986000000]: Footprint model 'polygon' loaded for trajectory optimization.
[INFO] [1783868428.107483056, 395.584000000]: Footprint model 'polygon' loaded for trajectory optimization.
[INFO] [1783868429.587497559, 397.062000000]: GOAL Reached!
[INFO] [1783868429.719218687, 397.194000000]: Footprint model 'polygon' loaded for trajectory optimization.
[INFO] [1783868430.607224813, 398.080000000]: Footprint model 'polygon' loaded for trajectory optimization.
[INFO] [1783868431.206521329, 398.680000000]: Footprint model 'polygon' loaded for trajectory optimization.
[INFO] [1783868431.909388358, 399.378000000]: Footprint model 'polygon' loaded for trajectory optimization.
[INFO] [1783868433.839342443, 401.306000000]: GOAL Reached!
[INFO] [1783868433.976156372, 401.442000000]: Footprint model 'polygon' loaded for trajectory optimization.
[INFO] [1783868434.853174887, 402.320000000]: Footprint model 'polygon' loaded for trajectory optimization.
[INFO] [1783868435.547049888, 403.012000000]: Footprint model 'polygon' loaded for trajectory optimization.
[INFO] [1783868436.196424502, 403.658000000]: Footprint model 'polygon' loaded for trajectory optimization.
[INFO] [1783868437.974515792, 405.436000000]: GOAL Reached!
[INFO] [1783868438.115349363, 405.576000000]: Footprint model 'polygon' loaded for trajectory optimization.
[INFO] [1783868439.021553005, 406.478000000]: Footprint model 'polygon' loaded for trajectory optimization.
[INFO] [1783868439.711051550, 407.168000000]: Footprint model 'polygon' loaded for trajectory optimization.
[INFO] [1783868440.408114815, 407.862000000]: Footprint model 'polygon' loaded for trajectory optimization.
[INFO] [1783868442.141885119, 409.592000000]: GOAL Reached!
[INFO] [1783868442.298323900, 409.750000000]: Footprint model 'polygon' loaded for trajectory optimization.
[INFO] [1783868443.187163589, 410.636000000]: Footprint model 'polygon' loaded for trajectory optimization.
[INFO] [1783868443.743018015, 411.192000000]: Footprint model 'polygon' loaded for trajectory optimization.
[INFO] [1783868444.342260762, 411.788000000]: Footprint model 'polygon' loaded for trajectory optimization.
[INFO] [1783868444.944263711, 412.392000000]: Footprint model 'polygon' loaded for trajectory optimization.
[INFO] [1783868446.421935328, 413.866000000]: GOAL Reached!
[INFO] [1783868446.557177493, 414.002000000]: Footprint model 'polygon' loaded for trajectory optimization.
[INFO] [1783868447.434918349, 414.878000000]: Footprint model 'polygon' loaded for trajectory optimization.
[INFO] [1783868448.124776859, 415.566000000]: Footprint model 'polygon' loaded for trajectory optimization.
[INFO] [1783868448.822461529, 416.262000000]: Footprint model 'polygon' loaded for trajectory optimization.
[INFO] [1783868450.555310779, 417.992000000]: GOAL Reached!
[INFO] [1783868450.694410608, 418.130000000]: Footprint model 'polygon' loaded for trajectory optimization.
[INFO] [1783868451.568424094, 419.002000000]: Footprint model 'polygon' loaded for trajectory optimization.
[INFO] [1783868452.119868411, 419.552000000]: Footprint model 'polygon' loaded for trajectory optimization.
[INFO] [1783868452.770742812, 420.202000000]: Footprint model 'polygon' loaded for trajectory optimization.
[INFO] [1783868453.468376670, 420.898000000]: Footprint model 'polygon' loaded for trajectory optimization.
[INFO] [1783868454.799370649, 422.228000000]: GOAL Reached!
[INFO] [1783868454.935629134, 422.364000000]: Footprint model 'polygon' loaded for trajectory optimization.
[INFO] [1783868455.831039854, 423.258000000]: Footprint model 'polygon' loaded for trajectory optimization.
[INFO] [1783868456.523906782, 423.948000000]: Footprint model 'polygon' loaded for trajectory optimization.
[INFO] [1783868457.165656394, 424.590000000]: Footprint model 'polygon' loaded for trajectory optimization.
[INFO] [1783868459.149755299, 426.570000000]: GOAL Reached!
[INFO] [1783868459.295938495, 426.716000000]: Footprint model 'polygon' loaded for trajectory optimization.
[INFO] [1783868460.160533218, 427.580000000]: Footprint model 'polygon' loaded for trajectory optimization.
[INFO] [1783868460.759239524, 428.176000000]: Footprint model 'polygon' loaded for trajectory optimization.
[INFO] [1783868461.463214208, 428.878000000]: Footprint model 'polygon' loaded for trajectory optimization.
[INFO] [1783868463.295750209, 430.708000000]: GOAL Reached!
[INFO] [1783868463.421915121, 430.834000000]: Footprint model 'polygon' loaded for trajectory optimization.
[INFO] [1783868464.290023311, 431.700000000]: Footprint model 'polygon' loaded for trajectory optimization.
[INFO] [1783868464.845379407, 432.254000000]: Footprint model 'polygon' loaded for trajectory optimization.
[INFO] [1783868465.443097898, 432.852000000]: Footprint model 'polygon' loaded for trajectory optimization.
[INFO] [1783868466.042611317, 433.448000000]: Footprint model 'polygon' loaded for trajectory optimization.
[INFO] [1783868467.423398987, 434.828000000]: GOAL Reached!
[INFO] [1783868467.569654980, 434.974000000]: Footprint model 'polygon' loaded for trajectory optimization.
[INFO] [1783868468.453683586, 435.856000000]: Footprint model 'polygon' loaded for trajectory optimization.
[INFO] [1783868469.008681205, 436.412000000]: Footprint model 'polygon' loaded for trajectory optimization.
[INFO] [1783868469.653819478, 437.054000000]: Footprint model 'polygon' loaded for trajectory optimization.
[INFO] [1783868470.248640255, 437.650000000]: Footprint model 'polygon' loaded for trajectory optimization.
[INFO] [1783868471.683563328, 439.082000000]: GOAL Reached!
[INFO] [1783868471.830107455, 439.228000000]: Footprint model 'polygon' loaded for trajectory optimization.
[INFO] [1783868472.724045933, 440.120000000]: Footprint model 'polygon' loaded for trajectory optimization.
[INFO] [1783868473.367770325, 440.762000000]: Footprint model 'polygon' loaded for trajectory optimization.
[INFO] [1783868474.012646345, 441.408000000]: Footprint model 'polygon' loaded for trajectory optimization.
[INFO] [1783868475.843598668, 443.234000000]: GOAL Reached!
[INFO] [1783868475.990095163, 443.380000000]: Footprint model 'polygon' loaded for trajectory optimization.
[INFO] [1783868476.870418420, 444.258000000]: Footprint model 'polygon' loaded for trajectory optimization.
[INFO] [1783868477.568304381, 444.954000000]: Footprint model 'polygon' loaded for trajectory optimization.
[INFO] [1783868478.169152932, 445.554000000]: Footprint model 'polygon' loaded for trajectory optimization.
[INFO] [1783868479.998304255, 447.382000000]: GOAL Reached!
[INFO] [1783868480.160229879, 447.544000000]: Footprint model 'polygon' loaded for trajectory optimization.
[INFO] [1783868481.041159299, 448.422000000]: Footprint model 'polygon' loaded for trajectory optimization.
[INFO] [1783868481.690214379, 449.068000000]: Footprint model 'polygon' loaded for trajectory optimization.
[INFO] [1783868482.334217281, 449.712000000]: Footprint model 'polygon' loaded for trajectory optimization.
[INFO] [1783868482.939922738, 450.316000000]: Footprint model 'polygon' loaded for trajectory optimization.
[INFO] [1783868484.263530345, 451.642000000]: GOAL Reached!
[INFO] [1783868484.398183448, 451.774000000]: Footprint model 'polygon' loaded for trajectory optimization.
[INFO] [1783868485.265218424, 452.640000000]: Footprint model 'polygon' loaded for trajectory optimization.
[INFO] [1783868485.872367019, 453.246000000]: Footprint model 'polygon' loaded for trajectory optimization.
[INFO] [1783868486.468971906, 453.842000000]: Footprint model 'polygon' loaded for trajectory optimization.
[INFO] [1783868487.070365955, 454.440000000]: Footprint model 'polygon' loaded for trajectory optimization.
[INFO] [1783868487.771366307, 455.140000000]: Footprint model 'polygon' loaded for trajectory optimization.
[INFO] [1783868489.299278127, 456.666000000]: GOAL Reached!
[INFO] [1783868489.441710275, 456.808000000]: Footprint model 'polygon' loaded for trajectory optimization.
[INFO] [1783868490.317138029, 457.682000000]: Footprint model 'polygon' loaded for trajectory optimization.
[INFO] [1783868490.965418709, 458.328000000]: Footprint model 'polygon' loaded for trajectory optimization.
[INFO] [1783868491.563062347, 458.924000000]: Footprint model 'polygon' loaded for trajectory optimization.
[INFO] [1783868493.546181219, 460.904000000]: GOAL Reached!
[INFO] [1783868493.676912680, 461.034000000]: Footprint model 'polygon' loaded for trajectory optimization.
[INFO] [1783868494.564901063, 461.920000000]: Footprint model 'polygon' loaded for trajectory optimization.
[INFO] [1783868495.260127125, 462.614000000]: Footprint model 'polygon' loaded for trajectory optimization.
[INFO] [1783868495.909181575, 463.262000000]: Footprint model 'polygon' loaded for trajectory optimization.
[INFO] [1783868497.687182502, 465.038000000]: GOAL Reached!
[INFO] [1783868497.832297131, 465.184000000]: Footprint model 'polygon' loaded for trajectory optimization.
[INFO] [1783868498.710940130, 466.060000000]: Footprint model 'polygon' loaded for trajectory optimization.
[INFO] [1783868499.319013793, 466.666000000]: Footprint model 'polygon' loaded for trajectory optimization.
[INFO] [1783868500.009860277, 467.356000000]: Footprint model 'polygon' loaded for trajectory optimization.
[INFO] [1783868501.841454417, 469.184000000]: GOAL Reached!
[INFO] [1783868501.981557058, 469.324000000]: Footprint model 'polygon' loaded for trajectory optimization.
[INFO] [1783868502.841902436, 470.182000000]: Footprint model 'polygon' loaded for trajectory optimization.
[INFO] [1783868503.439106615, 470.778000000]: Footprint model 'polygon' loaded for trajectory optimization.
[INFO] [1783868504.042599007, 471.380000000]: Footprint model 'polygon' loaded for trajectory optimization.
[INFO] [1783868504.642036234, 471.978000000]: Footprint model 'polygon' loaded for trajectory optimization.
[INFO] [1783868506.072853186, 473.408000000]: GOAL Reached!
[INFO] [1783868506.215396007, 473.550000000]: Footprint model 'polygon' loaded for trajectory optimization.
[INFO] [1783868507.089970046, 474.422000000]: Footprint model 'polygon' loaded for trajectory optimization.
[INFO] [1783868507.741928170, 475.072000000]: Footprint model 'polygon' loaded for trajectory optimization.
[INFO] [1783868508.340086897, 475.670000000]: Footprint model 'polygon' loaded for trajectory optimization.
[INFO] [1783868508.990551835, 476.318000000]: Footprint model 'polygon' loaded for trajectory optimization.
[INFO] [1783868509.540676601, 476.868000000]: Footprint model 'polygon' loaded for trajectory optimization.
[INFO] [1783868510.139709877, 477.466000000]: Footprint model 'polygon' loaded for trajectory optimization.
[INFO] [1783868511.819583967, 479.142000000]: GOAL Reached!
[INFO] [1783868511.972504810, 479.294000000]: Footprint model 'polygon' loaded for trajectory optimization.
[INFO] [1783868512.838260798, 480.160000000]: Footprint model 'polygon' loaded for trajectory optimization.
[INFO] [1783868513.439680993, 480.760000000]: Footprint model 'polygon' loaded for trajectory optimization.
[INFO] [1783868514.088162212, 481.408000000]: Footprint model 'polygon' loaded for trajectory optimization.
[INFO] [1783868515.970914668, 483.286000000]: GOAL Reached!
[INFO] [1783868516.114375021, 483.430000000]: Footprint model 'polygon' loaded for trajectory optimization.
[INFO] [1783868517.005832673, 484.318000000]: Footprint model 'polygon' loaded for trajectory optimization.
[INFO] [1783868517.606356798, 484.918000000]: Footprint model 'polygon' loaded for trajectory optimization.
[INFO] [1783868518.160169613, 485.470000000]: Footprint model 'polygon' loaded for trajectory optimization.
[INFO] [1783868518.809007298, 486.120000000]: Footprint model 'polygon' loaded for trajectory optimization.
[INFO] [1783868520.340594749, 487.648000000]: GOAL Reached!
[INFO] [1783868520.493690102, 487.800000000]: Footprint model 'polygon' loaded for trajectory optimization.
[INFO] [1783868521.372598773, 488.678000000]: Footprint model 'polygon' loaded for trajectory optimization.
[INFO] [1783868522.071023531, 489.376000000]: Footprint model 'polygon' loaded for trajectory optimization.
[INFO] [1783868522.673384459, 489.976000000]: Footprint model 'polygon' loaded for trajectory optimization.
[INFO] [1783868524.501651483, 491.802000000]: GOAL Reached!
[INFO] [1783868524.655261434, 491.956000000]: Footprint model 'polygon' loaded for trajectory optimization.
[INFO] [1783868525.579631049, 492.876000000]: Footprint model 'polygon' loaded for trajectory optimization.
[INFO] [1783868526.247120325, 493.544000000]: Footprint model 'polygon' loaded for trajectory optimization.
[INFO] [1783868526.942564787, 494.236000000]: Footprint model 'polygon' loaded for trajectory optimization.
[INFO] [1783868528.673140820, 495.964000000]: GOAL Reached!
[INFO] [1783868528.806799862, 496.098000000]: Footprint model 'polygon' loaded for trajectory optimization.
[INFO] [1783868529.670622531, 496.960000000]: Footprint model 'polygon' loaded for trajectory optimization.
[INFO] [1783868530.272385378, 497.562000000]: Footprint model 'polygon' loaded for trajectory optimization.
[INFO] [1783868530.829675284, 498.116000000]: Footprint model 'polygon' loaded for trajectory optimization.
[INFO] [1783868531.426197257, 498.712000000]: Footprint model 'polygon' loaded for trajectory optimization.
[INFO] [1783868532.909456657, 500.192000000]: GOAL Reached!
[INFO] [1783868533.065858647, 500.348000000]: Footprint model 'polygon' loaded for trajectory optimization.
[INFO] [1783868533.938272119, 501.220000000]: Footprint model 'polygon' loaded for trajectory optimization.
[INFO] [1783868534.637707485, 501.918000000]: Footprint model 'polygon' loaded for trajectory optimization.
[INFO] [1783868535.338893264, 502.618000000]: Footprint model 'polygon' loaded for trajectory optimization.
[INFO] [1783868537.068311917, 504.344000000]: GOAL Reached!
[INFO] [1783868537.213295011, 504.488000000]: Footprint model 'polygon' loaded for trajectory optimization.
[INFO] [1783868538.086707456, 505.362000000]: Footprint model 'polygon' loaded for trajectory optimization.
[INFO] [1783868538.781856937, 506.054000000]: Footprint model 'polygon' loaded for trajectory optimization.
[INFO] [1783868539.434132437, 506.706000000]: Footprint model 'polygon' loaded for trajectory optimization.
[INFO] [1783868541.317710643, 508.584000000]: GOAL Reached!
[INFO] [1783868541.424658003, 508.690000000]: Footprint model 'polygon' loaded for trajectory optimization.
[INFO] [1783868542.314621434, 509.582000000]: Footprint model 'polygon' loaded for trajectory optimization.
[INFO] [1783868542.950789621, 510.216000000]: Footprint model 'polygon' loaded for trajectory optimization.
[INFO] [1783868543.599750267, 510.862000000]: Footprint model 'polygon' loaded for trajectory optimization.
[INFO] [1783868544.297821851, 511.560000000]: Footprint model 'polygon' loaded for trajectory optimization.
[INFO] [1783868545.729844036, 512.990000000]: GOAL Reached!
[INFO] [1783868545.885413800, 513.144000000]: Footprint model 'polygon' loaded for trajectory optimization.
[INFO] [1783868546.763080042, 514.022000000]: Footprint model 'polygon' loaded for trajectory optimization.
[INFO] [1783868547.404391847, 514.664000000]: Footprint model 'polygon' loaded for trajectory optimization.
[INFO] [1783868548.050962575, 515.306000000]: Footprint model 'polygon' loaded for trajectory optimization.
[INFO] [1783868549.888098947, 517.140000000]: GOAL Reached!
[INFO] [1783868550.038640972, 517.290000000]: Footprint model 'polygon' loaded for trajectory optimization.
[INFO] [1783868550.930227584, 518.178000000]: Footprint model 'polygon' loaded for trajectory optimization.
[INFO] [1783868551.571308703, 518.820000000]: Footprint model 'polygon' loaded for trajectory optimization.
[INFO] [1783868552.219948719, 519.468000000]: Footprint model 'polygon' loaded for trajectory optimization.
[INFO] [1783868554.045445475, 521.292000000]: GOAL Reached!
[INFO] [1783868554.196619259, 521.442000000]: Footprint model 'polygon' loaded for trajectory optimization.
[INFO] [1783868555.077998858, 522.320000000]: Footprint model 'polygon' loaded for trajectory optimization.
[INFO] [1783868555.625628831, 522.870000000]: Footprint model 'polygon' loaded for trajectory optimization.
[INFO] [1783868556.276627737, 523.518000000]: Footprint model 'polygon' loaded for trajectory optimization.
[INFO] [1783868558.105741496, 525.346000000]: GOAL Reached!
[INFO] [1783868558.236406741, 525.476000000]: Footprint model 'polygon' loaded for trajectory optimization.
[INFO] [1783868559.121350091, 526.360000000]: Footprint model 'polygon' loaded for trajectory optimization.
[INFO] [1783868559.763686429, 526.998000000]: Footprint model 'polygon' loaded for trajectory optimization.
[INFO] [1783868560.406088980, 527.640000000]: Footprint model 'polygon' loaded for trajectory optimization.
[INFO] [1783868562.241261944, 529.472000000]: GOAL Reached!
[INFO] [1783868562.385438815, 529.616000000]: Footprint model 'polygon' loaded for trajectory optimization.
[INFO] [1783868563.247744424, 530.476000000]: Footprint model 'polygon' loaded for trajectory optimization.
[INFO] [1783868563.805885354, 531.032000000]: Footprint model 'polygon' loaded for trajectory optimization.
[INFO] [1783868564.452749518, 531.680000000]: Footprint model 'polygon' loaded for trajectory optimization.
[INFO] [1783868566.386636056, 533.612000000]: GOAL Reached!
[INFO] [1783868566.543292104, 533.768000000]: Footprint model 'polygon' loaded for trajectory optimization.
[INFO] [1783868567.422163484, 534.642000000]: Footprint model 'polygon' loaded for trajectory optimization.
[INFO] [1783868567.980466708, 535.200000000]: Footprint model 'polygon' loaded for trajectory optimization.
[INFO] [1783868568.626883277, 535.846000000]: Footprint model 'polygon' loaded for trajectory optimization.
[INFO] [1783868569.176687871, 536.394000000]: Footprint model 'polygon' loaded for trajectory optimization.
[INFO] [1783868570.659063213, 537.874000000]: GOAL Reached!
[INFO] [1783868570.800175158, 538.014000000]: Footprint model 'polygon' loaded for trajectory optimization.
[INFO] [1783868571.707020029, 538.920000000]: Footprint model 'polygon' loaded for trajectory optimization.
[INFO] [1783868572.337077611, 539.552000000]: Footprint model 'polygon' loaded for trajectory optimization.
[INFO] [1783868572.943608725, 540.154000000]: Footprint model 'polygon' loaded for trajectory optimization.
[INFO] [1783868574.819934033, 542.028000000]: GOAL Reached!
[INFO] [1783868574.961340398, 542.170000000]: Footprint model 'polygon' loaded for trajectory optimization.
[INFO] [1783868575.856343485, 543.062000000]: Footprint model 'polygon' loaded for trajectory optimization.
[INFO] [1783868576.541530859, 543.746000000]: Footprint model 'polygon' loaded for trajectory optimization.
[INFO] [1783868577.239234735, 544.442000000]: Footprint model 'polygon' loaded for trajectory optimization.
[INFO] [1783868579.168300601, 546.368000000]: GOAL Reached!
[INFO] [1783868579.313465237, 546.514000000]: Footprint model 'polygon' loaded for trajectory optimization.
[INFO] [1783868580.201327348, 547.400000000]: Footprint model 'polygon' loaded for trajectory optimization.
[INFO] [1783868580.838414993, 548.036000000]: Footprint model 'polygon' loaded for trajectory optimization.
[INFO] [1783868581.437653086, 548.638000000]: Footprint model 'polygon' loaded for trajectory optimization.
[INFO] [1783868582.090939621, 549.288000000]: Footprint model 'polygon' loaded for trajectory optimization.
[INFO] [1783868583.418915452, 550.614000000]: GOAL Reached!
[INFO] [1783868583.556688700, 550.750000000]: Footprint model 'polygon' loaded for trajectory optimization.
[INFO] [1783868584.448942607, 551.642000000]: Footprint model 'polygon' loaded for trajectory optimization.
[INFO] [1783868585.093486946, 552.284000000]: Footprint model 'polygon' loaded for trajectory optimization.
[INFO] [1783868585.687397953, 552.878000000]: Footprint model 'polygon' loaded for trajectory optimization.
[INFO] [1783868587.570513606, 554.756000000]: GOAL Reached!
[INFO] [1783868587.710674738, 554.894000000]: Footprint model 'polygon' loaded for trajectory optimization.
[INFO] [1783868588.576869472, 555.760000000]: Footprint model 'polygon' loaded for trajectory optimization.
[INFO] [1783868589.125988449, 556.308000000]: Footprint model 'polygon' loaded for trajectory optimization.
[INFO] [1783868589.782594698, 556.962000000]: Footprint model 'polygon' loaded for trajectory optimization.
[INFO] [1783868590.327074753, 557.508000000]: Footprint model 'polygon' loaded for trajectory optimization.
[INFO] [1783868591.709487672, 558.886000000]: GOAL Reached!
[INFO] [1783868591.846975822, 559.024000000]: Footprint model 'polygon' loaded for trajectory optimization.
[INFO] [1783868592.728130225, 559.904000000]: Footprint model 'polygon' loaded for trajectory optimization.
[INFO] [1783868593.372667785, 560.548000000]: Footprint model 'polygon' loaded for trajectory optimization.
[INFO] [1783868594.020450446, 561.196000000]: Footprint model 'polygon' loaded for trajectory optimization.
[INFO] [1783868594.622103880, 561.796000000]: Footprint model 'polygon' loaded for trajectory optimization.
[INFO] [1783868596.151659054, 563.324000000]: GOAL Reached!
[INFO] [1783868596.294979825, 563.466000000]: Footprint model 'polygon' loaded for trajectory optimization.
[INFO] [1783868597.190350530, 564.358000000]: Footprint model 'polygon' loaded for trajectory optimization.
[INFO] [1783868597.882656245, 565.048000000]: Footprint model 'polygon' loaded for trajectory optimization.
[INFO] [1783868598.578882169, 565.744000000]: Footprint model 'polygon' loaded for trajectory optimization.
[INFO] [1783868600.409088482, 567.574000000]: GOAL Reached!
[INFO] [1783868600.553271319, 567.718000000]: Footprint model 'polygon' loaded for trajectory optimization.
[INFO] [1783868601.437644003, 568.600000000]: Footprint model 'polygon' loaded for trajectory optimization.
[INFO] [1783868602.089958242, 569.250000000]: Footprint model 'polygon' loaded for trajectory optimization.
[INFO] [1783868602.687617822, 569.846000000]: Footprint model 'polygon' loaded for trajectory optimization.
[INFO] [1783868603.288276037, 570.446000000]: Footprint model 'polygon' loaded for trajectory optimization.
[INFO] [1783868604.662949601, 571.818000000]: GOAL Reached!
[INFO] [1783868604.818628717, 571.972000000]: Footprint model 'polygon' loaded for trajectory optimization.
[INFO] [1783868605.705794608, 572.860000000]: Footprint model 'polygon' loaded for trajectory optimization.
[INFO] [1783868606.343373803, 573.496000000]: Footprint model 'polygon' loaded for trajectory optimization.
[INFO] [1783868606.991760607, 574.142000000]: Footprint model 'polygon' loaded for trajectory optimization.
[INFO] [1783868608.923547625, 576.072000000]: GOAL Reached!
[INFO] [1783868609.068984253, 576.216000000]: Footprint model 'polygon' loaded for trajectory optimization.
[INFO] [1783868609.954248886, 577.102000000]: Footprint model 'polygon' loaded for trajectory optimization.
[INFO] [1783868610.659639388, 577.804000000]: Footprint model 'polygon' loaded for trajectory optimization.
[INFO] [1783868611.302951374, 578.448000000]: Footprint model 'polygon' loaded for trajectory optimization.
[INFO] [1783868611.905765105, 579.048000000]: Footprint model 'polygon' loaded for trajectory optimization.
[INFO] [1783868613.188086463, 580.326000000]: GOAL Reached!
[INFO] [1783868613.329361193, 580.470000000]: Footprint model 'polygon' loaded for trajectory optimization.
[INFO] [1783868614.197455061, 581.334000000]: Footprint model 'polygon' loaded for trajectory optimization.
[INFO] [1783868614.760303348, 581.896000000]: Footprint model 'polygon' loaded for trajectory optimization.
[INFO] [1783868615.403554792, 582.538000000]: Footprint model 'polygon' loaded for trajectory optimization.
[INFO] [1783868616.007140754, 583.142000000]: Footprint model 'polygon' loaded for trajectory optimization.
[INFO] [1783868617.336138001, 584.468000000]: GOAL Reached!
[INFO] [1783868617.492063817, 584.622000000]: Footprint model 'polygon' loaded for trajectory optimization.
[INFO] [1783868618.364199203, 585.496000000]: Footprint model 'polygon' loaded for trajectory optimization.
[INFO] [1783868618.963574083, 586.092000000]: Footprint model 'polygon' loaded for trajectory optimization.
[INFO] [1783868619.566732048, 586.694000000]: Footprint model 'polygon' loaded for trajectory optimization.
[INFO] [1783868620.167258472, 587.294000000]: Footprint model 'polygon' loaded for trajectory optimization.
[INFO] [1783868621.496042167, 588.622000000]: GOAL Reached!
[INFO] [1783868621.631364287, 588.756000000]: Footprint model 'polygon' loaded for trajectory optimization.
[INFO] [1783868622.516073511, 589.638000000]: Footprint model 'polygon' loaded for trajectory optimization.
[INFO] [1783868623.115515255, 590.236000000]: Footprint model 'polygon' loaded for trajectory optimization.
[INFO] [1783868623.766603921, 590.886000000]: Footprint model 'polygon' loaded for trajectory optimization.
[INFO] [1783868624.365789850, 591.484000000]: Footprint model 'polygon' loaded for trajectory optimization.
[INFO] [1783868625.747735767, 592.862000000]: GOAL Reached!
[INFO] [1783868625.896217417, 593.010000000]: Footprint model 'polygon' loaded for trajectory optimization.
[INFO] [1783868626.763977891, 593.878000000]: Footprint model 'polygon' loaded for trajectory optimization.
[INFO] [1783868627.320493361, 594.434000000]: Footprint model 'polygon' loaded for trajectory optimization.
[INFO] [1783868627.925435042, 595.036000000]: Footprint model 'polygon' loaded for trajectory optimization.
[INFO] [1783868629.801527425, 596.910000000]: GOAL Reached!
[INFO] [1783868629.931524106, 597.040000000]: Footprint model 'polygon' loaded for trajectory optimization.
[INFO] [1783868630.813866911, 597.918000000]: Footprint model 'polygon' loaded for trajectory optimization.
[INFO] [1783868631.402619322, 598.506000000]: Footprint model 'polygon' loaded for trajectory optimization.
[INFO] [1783868631.965969451, 599.070000000]: Footprint model 'polygon' loaded for trajectory optimization.
[INFO] [1783868632.607817344, 599.710000000]: Footprint model 'polygon' loaded for trajectory optimization.
[INFO] [1783868633.940126067, 601.040000000]: GOAL Reached!
[INFO] [1783868634.086568822, 601.184000000]: Footprint model 'polygon' loaded for trajectory optimization.
[INFO] [1783868634.961528157, 602.060000000]: Footprint model 'polygon' loaded for trajectory optimization.
[INFO] [1783868635.660340385, 602.756000000]: Footprint model 'polygon' loaded for trajectory optimization.
[INFO] [1783868636.315771601, 603.410000000]: Footprint model 'polygon' loaded for trajectory optimization.
[INFO] [1783868638.088909264, 605.182000000]: GOAL Reached!
[INFO] [1783868638.228134916, 605.320000000]: Footprint model 'polygon' loaded for trajectory optimization.
[INFO] [1783868639.107541313, 606.198000000]: Footprint model 'polygon' loaded for trajectory optimization.
[INFO] [1783868639.659245664, 606.750000000]: Footprint model 'polygon' loaded for trajectory optimization.
[INFO] [1783868640.302658648, 607.390000000]: Footprint model 'polygon' loaded for trajectory optimization.
[INFO] [1783868640.905784390, 607.992000000]: Footprint model 'polygon' loaded for trajectory optimization.
[INFO] [1783868642.235804243, 609.322000000]: GOAL Reached!
[INFO] [1783868642.383920059, 609.468000000]: Footprint model 'polygon' loaded for trajectory optimization.
[INFO] [1783868643.278637682, 610.362000000]: Footprint model 'polygon' loaded for trajectory optimization.
[INFO] [1783868643.912566581, 610.994000000]: Footprint model 'polygon' loaded for trajectory optimization.
[INFO] [1783868644.509487018, 611.590000000]: Footprint model 'polygon' loaded for trajectory optimization.
[INFO] [1783868645.341738376, 612.420000000]: Footprint model 'polygon' loaded for trajectory optimization.
[INFO] [1783868646.189087952, 613.266000000]: Footprint model 'polygon' loaded for trajectory optimization.
[INFO] [1783868646.789406871, 613.870000000]: Footprint model 'polygon' loaded for trajectory optimization.
[INFO] [1783868647.394879149, 614.472000000]: Footprint model 'polygon' loaded for trajectory optimization.
[INFO] [1783868647.995140755, 615.070000000]: Footprint model 'polygon' loaded for trajectory optimization.
[INFO] [1783868649.638447624, 616.710000000]: GOAL Reached!
[INFO] [1783868649.783647195, 616.854000000]: Footprint model 'polygon' loaded for trajectory optimization.
[INFO] [1783868650.658084025, 617.726000000]: Footprint model 'polygon' loaded for trajectory optimization.
[INFO] [1783868651.215448424, 618.282000000]: Footprint model 'polygon' loaded for trajectory optimization.
[INFO] [1783868651.948286945, 619.014000000]: Footprint model 'polygon' loaded for trajectory optimization.
[INFO] [1783868652.979319873, 620.044000000]: Footprint model 'polygon' loaded for trajectory optimization.
[INFO] [1783868654.113446819, 621.176000000]: Footprint model 'polygon' loaded for trajectory optimization.
[INFO] [1783868654.965130308, 622.026000000]: Footprint model 'polygon' loaded for trajectory optimization.
[INFO] [1783868655.524727997, 622.584000000]: Footprint model 'polygon' loaded for trajectory optimization.
[INFO] [1783868656.177745262, 623.236000000]: Footprint model 'polygon' loaded for trajectory optimization.
[INFO] [1783868656.775088249, 623.834000000]: Footprint model 'polygon' loaded for trajectory optimization.
[INFO] [1783868658.417625804, 625.472000000]: GOAL Reached!
[INFO] [1783868658.563228264, 625.618000000]: Footprint model 'polygon' loaded for trajectory optimization.
[INFO] [1783868659.526312784, 626.576000000]: Footprint model 'polygon' loaded for trajectory optimization.
[INFO] [1783868660.479271344, 627.528000000]: Footprint model 'polygon' loaded for trajectory optimization.
[INFO] [1783868661.253780328, 628.302000000]: Footprint model 'polygon' loaded for trajectory optimization.
[INFO] [1783868662.377714552, 629.424000000]: Footprint model 'polygon' loaded for trajectory optimization.
[INFO] [1783868663.263247216, 630.308000000]: Footprint model 'polygon' loaded for trajectory optimization.
[INFO] [1783868663.861186503, 630.904000000]: Footprint model 'polygon' loaded for trajectory optimization.
[INFO] [1783868664.462052051, 631.504000000]: Footprint model 'polygon' loaded for trajectory optimization.
[INFO] [1783868665.117864969, 632.158000000]: Footprint model 'polygon' loaded for trajectory optimization.
[INFO] [17838686[WARN] [1783868689.379215679, 656.378000000]: Control loop missed its desired rate of 10.0000Hz... the loop actually took 0.1100 seconds
[WARN] [1783868689.509098037, 656.508000000]: Control loop missed its desired rate of 10.0000Hz... the loop actually took 0.1400 seconds
66.704683363, 633.744000000]: GOAL Reached!
[INFO] [1783868666.867417312, 633.906000000]: Footprint model 'polygon' loaded for trajectory optimization.
[INFO] [1783868667.750293133, 634.786000000]: Footprint model 'polygon' loaded for trajectory optimization.
[INFO] [1783868668.349451102, 635.384000000]: Footprint model 'polygon' loaded for trajectory optimization.
[INFO] [1783868668.947044688, 635.982000000]: Footprint model 'polygon' loaded for trajectory optimization.
[INFO] [1783868669.634348178, 636.666000000]: Footprint model 'polygon' loaded for trajectory optimization.
[INFO] [1783868670.674135731, 637.706000000]: Footprint model 'polygon' loaded for trajectory optimization.
[INFO] [1783868671.837881701, 638.866000000]: Footprint model 'polygon' loaded for trajectory optimization.
[INFO] [1783868672.701927161, 639.728000000]: Footprint model 'polygon' loaded for trajectory optimization.
[INFO] [1783868673.304082193, 640.330000000]: Footprint model 'polygon' loaded for trajectory optimization.
[INFO] [1783868673.858337885, 640.884000000]: Footprint model 'polygon' loaded for trajectory optimization.
[INFO] [1783868674.458565825, 641.486000000]: Footprint model 'polygon' loaded for trajectory optimization.
[INFO] [1783868676.149856413, 643.170000000]: GOAL Reached!
[INFO] [1783868676.284001761, 643.304000000]: Footprint model 'polygon' loaded for trajectory optimization.
[INFO] [1783868677.166641011, 644.186000000]: Footprint model 'polygon' loaded for trajectory optimization.
[INFO] [1783868677.771928280, 644.790000000]: Footprint model 'polygon' loaded for trajectory optimization.
[INFO] [1783868678.366782620, 645.382000000]: Footprint model 'polygon' loaded for trajectory optimization.
[INFO] [1783868679.051151063, 646.070000000]: Footprint model 'polygon' loaded for trajectory optimization.
[INFO] [1783868680.092300614, 647.106000000]: Footprint model 'polygon' loaded for trajectory optimization.
[INFO] [1783868681.236674493, 648.248000000]: Footprint model 'polygon' loaded for trajectory optimization.
[INFO] [1783868682.094295199, 649.104000000]: Footprint model 'polygon' loaded for trajectory optimization.
[INFO] [1783868682.699099877, 649.710000000]: Footprint model 'polygon' loaded for trajectory optimization.
[INFO] [1783868683.249508589, 650.258000000]: Footprint model 'polygon' loaded for trajectory optimization.
[INFO] [1783868683.898854474, 650.906000000]: Footprint model 'polygon' loaded for trajectory optimization.
[INFO] [1783868685.541665968, 652.546000000]: GOAL Reached!
[INFO] [1783868685.697826102, 652.702000000]: Footprint model 'polygon' loaded for trajectory optimization.
[INFO] [1783868686.585879187, 653.588000000]: Footprint model 'polygon' loaded for trajectory optimization.
[INFO] [1783868687.130552777, 654.132000000]: Footprint model 'polygon' loaded for trajectory optimization.
[INFO] [1783868687.870078897, 654.870000000]: Footprint model 'polygon' loaded for trajectory optimization.
[INFO] [1783868688.850767554, 655.850000000]: Footprint model 'polygon' loaded for trajectory optimization.
[INFO] [1783868689.566325926, 656.564000000]: Footprint model 'polygon' loaded for trajectory optimization.
[INFO] [1783868690.589026511, 657.584000000]: Footprint model 'polygon' loaded for trajectory optimization.
[INFO] [1783868691.455626821, 658.448000000]: Footprint model 'polygon' loaded for trajectory optimization.
[INFO] [1783868692.000025057, 658.992000000]: Footprint model 'polygon' loaded for trajectory optimization.
[INFO] [1783868692.601890395, 659.594000000]: Footprint model 'polygon' loaded for trajectory optimization.
[INFO] [1783868693.196030426, 660.190000000]: Footprint model 'polygon' loaded for trajectory optimization.
[INFO] [1783868695.090834311, 662.078000000]: GOAL Reached!
[INFO] [1783868695.236608422, 662.224000000]: Footprint model 'polygon' loaded for trajectory optimization.
[INFO] [1783868696.100122202, 663.086000000]: Footprint model 'polygon' loaded for trajectory optimization.
[INFO] [1783868696.698286694, 663.686000000]: Footprint model 'polygon' loaded for trajectory optimization.
[INFO] [1783868697.302309770, 664.286000000]: Footprint model 'polygon' loaded for trajectory optimization.
[INFO] [1783868697.848164611, 664.834000000]: Footprint model 'polygon' loaded for trajectory optimization.
[INFO] [1783868698.500419539, 665.482000000]: Footprint model 'polygon' loaded for trajectory optimization.
[INFO] [1783868699.100221399, 666.082000000]: Footprint model 'polygon' loaded for trajectory optimization.
[INFO] [1783868700.845125090, 667.822000000]: GOAL Reached!
[INFO] [1783868700.989510457, 667.968000000]: Footprint model 'polygon' loaded for trajectory optimization.
[INFO] [1783868701.870688553, 668.846000000]: Footprint model 'polygon' loaded for trajectory optimization.
[INFO] [1783868702.648362345, 669.622000000]: Footprint model 'polygon' loaded for trajectory optimization.
[INFO] [1783868703.697725260, 670.670000000]: Footprint model 'polygon' loaded for trajectory optimization.
[INFO] [1783868704.657342169, 671.628000000]: Footprint model 'polygon' loaded for trajectory optimization.
[INFO] [1783868705.259024302, 672.230000000]: Footprint model 'polygon' loaded for trajectory optimization.
[INFO] [1783868705.859408384, 672.828000000]: Footprint model 'polygon' loaded for trajectory optimization.
[INFO] [1783868706.459673602, 673.428000000]: Footprint model 'polygon' loaded for trajectory optimization.
[INFO] [1783868708.301972214, 675.268000000]: GOAL Reached!
[INFO] [1783868708.440374970, 675.404000000]: Footprint model 'polygon' loaded for trajectory optimization.
[INFO] [1783868709.307116440, 676.270000000]: Footprint model 'polygon' loaded for trajectory optimization.
[INFO] [1783868709.900294983, 676.862000000]: Footprint model 'polygon' loaded for trajectory optimization.
[INFO] [1783868710.451796386, 677.412000000]: Footprint model 'polygon' loaded for trajectory optimization.
[INFO] [1783868711.054780251, 678.016000000]: Footprint model 'polygon' loaded for trajectory optimization.
[INFO] [1783868711.654371087, 678.612000000]: Footprint model 'polygon' loaded for trajectory optimization.
[INFO] [1783868712.308447311, 679.264000000]: Footprint model 'polygon' loaded for trajectory optimization.
[INFO] [1783868713.847435704, 680.802000000]: GOAL Reached!
[INFO] [1783868713.994084482, 680.948000000]: Footprint model 'polygon' loaded for trajectory optimization.
[INFO] [1783868714.889381283, 681.846000000]: Footprint model 'polygon' loaded for trajectory optimization.
[INFO] [1783868715.568392556, 682.522000000]: Footprint model 'polygon' loaded for trajectory optimization.
[INFO] [1783868716.617445822, 683.568000000]: Footprint model 'polygon' loaded for trajectory optimization.
[INFO] [1783868717.560740384, 684.508000000]: Footprint model 'polygon' loaded for trajectory optimization.
[INFO] [1783868718.161818443, 685.110000000]: Footprint model 'polygon' loaded for trajectory optimization.
[INFO] [1783868718.762948119, 685.710000000]: Footprint model 'polygon' loaded for trajectory optimization.
[INFO] [1783868719.314619681, 686.260000000]: Footprint model 'polygon' loaded for trajectory optimization.
[INFO] [1783868721.101878791, 688.048000000]: GOAL Reached!
[INFO] [1783868721.261227743, 688.206000000]: Footprint model 'polygon' loaded for trajectory optimization.
[INFO] [1783868722.105822856, 689.050000000]: Footprint model 'polygon' loaded for trajectory optimization.
[INFO] [1783868722.659106185, 689.600000000]: Footprint model 'polygon' loaded for trajectory optimization.
[INFO] [1783868723.261558133, 690.202000000]: Footprint model 'polygon' loaded for trajectory optimization.
[INFO] [1783868723.860894959, 690.802000000]: Footprint model 'polygon' loaded for trajectory optimization.
[INFO] [1783868724.463868985, 691.402000000]: Footprint model 'polygon' loaded for trajectory optimization.
[INFO] [1783868725.061658161, 692.000000000]: Footprint model 'polygon' loaded for trajectory optimization.
[INFO] [1783868726.655651026, 693.588000000]: GOAL Reached!
[INFO] [1783868726.811304998, 693.744000000]: Footprint model 'polygon' loaded for trajectory optimization.
[WARN] [1783868729.780351922, 696.710000000]: Control loop missed its desired rate of 10.0000Hz... the loop actually took 0.1020 seconds
[WARN] [1783868729.896667880, 696.826000000]: Control loop missed its desired rate of 10.0000Hz... the loop actually took 0.1180 seconds
[WARN] [1783868729.897119053, 696.828000000]: Map update loop missed its desired rate of 10.0000Hz... the loop actually took 0.2000 seconds
[WARN] [1783868730.022390844, 696.952000000]: Control loop missed its desired rate of 10.0000Hz... the loop actually took 0.1440 seconds
[WARN] [1783868730.022823142, 696.954000000]: Map update loop missed its desired rate of 10.0000Hz... the loop actually took 0.2260 seconds
[WARN] [1783868756.862136425, 723.742000000]: Control loop missed its desired rate of 10.0000Hz... the loop actually took 0.1080 seconds
[WARN] [1783868756.993412034, 723.874000000]: Control loop missed its desired rate of 10.0000Hz... the loop actually took 0.1400 seconds
[WARN] [1783868756.994087840, 723.874000000]: Map update loop missed its desired rate of 10.0000Hz... the loop actually took 0.1200 seconds
[WARN] [1783868757.151136980, 724.032000000]: Control loop missed its desired rate of 10.0000Hz... the loop actually took 0.1980 seconds
[WARN] [1783868757.312529148, 724.192000000]: Control loop missed its desired rate of 10.0000Hz... the loop actually took 0.2580 seconds
[WARN] [1783868757.313174761, 724.194000000]: Map update loop missed its desired rate of 10.0000Hz... the loop actually took 0.2400 seconds
[INFO] [1783868727.691576670, 694.626000000]: Footprint model 'polygon' loaded for trajectory optimization.
[INFO] [1783868728.384124210, 695.314000000]: Footprint model 'polygon' loaded for trajectory optimization.
[INFO] [1783868729.376560928, 696.306000000]: Footprint model 'polygon' loaded for trajectory optimization.
[INFO] [1783868730.078675559, 697.008000000]: Footprint model 'polygon' loaded for trajectory optimization.
[INFO] [1783868731.020131829, 697.946000000]: Footprint model 'polygon' loaded for trajectory optimization.
[INFO] [1783868731.574942659, 698.500000000]: Footprint model 'polygon' loaded for trajectory optimization.
[INFO] [1783868732.220287102, 699.144000000]: Footprint model 'polygon' loaded for trajectory optimization.
[INFO] [1783868732.824987916, 699.750000000]: Footprint model 'polygon' loaded for trajectory optimization.
[INFO] [1783868734.665273166, 701.586000000]: GOAL Reached!
[INFO] [1783868734.812711044, 701.732000000]: Footprint model 'polygon' loaded for trajectory optimization.
[INFO] [1783868735.685439279, 702.606000000]: Footprint model 'polygon' loaded for trajectory optimization.
[INFO] [1783868736.285491659, 703.204000000]: Footprint model 'polygon' loaded for trajectory optimization.
[INFO] [1783868736.892492071, 703.808000000]: Footprint model 'polygon' loaded for trajectory optimization.
[INFO] [1783868737.492890930, 704.408000000]: Footprint model 'polygon' loaded for trajectory optimization.
[INFO] [1783868738.088705813, 705.002000000]: Footprint model 'polygon' loaded for trajectory optimization.
[INFO] [1783868738.691108528, 705.604000000]: Footprint model 'polygon' loaded for trajectory optimization.
[INFO] [1783868740.234071783, 707.144000000]: GOAL Reached!
[INFO] [1783868740.382002148, 707.292000000]: Footprint model 'polygon' loaded for trajectory optimization.
[INFO] [1783868741.277812127, 708.186000000]: Footprint model 'polygon' loaded for trajectory optimization.
[INFO] [1783868742.051460159, 708.958000000]: Footprint model 'polygon' loaded for trajectory optimization.
[INFO] [1783868743.021879399, 709.928000000]: Footprint model 'polygon' loaded for trajectory optimization.
[INFO] [1783868743.689795488, 710.594000000]: Footprint model 'polygon' loaded for trajectory optimization.
[INFO] [1783868744.644754888, 711.548000000]: Footprint model 'polygon' loaded for trajectory optimization.
[INFO] [1783868745.199061528, 712.102000000]: Footprint model 'polygon' loaded for trajectory optimization.
[INFO] [1783868745.847239163, 712.748000000]: Footprint model 'polygon' loaded for trajectory optimization.
[INFO] [1783868746.548554996, 713.448000000]: Footprint model 'polygon' loaded for trajectory optimization.
[INFO] [1783868748.188552123, 715.086000000]: GOAL Reached!
[INFO] [1783868748.339250489, 715.236000000]: Footprint model 'polygon' loaded for trajectory optimization.
[INFO] [1783868749.213977522, 716.108000000]: Footprint model 'polygon' loaded for trajectory optimization.
[INFO] [1783868749.806171546, 716.702000000]: Footprint model 'polygon' loaded for trajectory optimization.
[INFO] [1783868750.410458371, 717.302000000]: Footprint model 'polygon' loaded for trajectory optimization.
[INFO] [1783868751.010757903, 717.902000000]: Footprint model 'polygon' loaded for trajectory optimization.
[INFO] [1783868751.664828916, 718.556000000]: Footprint model 'polygon' loaded for trajectory optimization.
[INFO] [1783868752.311645504, 719.202000000]: Footprint model 'polygon' loaded for trajectory optimization.
[INFO] [1783868753.754647882, 720.642000000]: GOAL Reached!
[INFO] [1783868753.904669667, 720.790000000]: Footprint model 'polygon' loaded for trajectory optimization.
[INFO] [1783868754.801297031, 721.686000000]: Footprint model 'polygon' loaded for trajectory optimization.
[INFO] [1783868755.575799895, 722.458000000]: Footprint model 'polygon' loaded for trajectory optimization.
[INFO] [1783868756.546164934, 723.426000000]: Footprint model 'polygon' loaded for trajectory optimization.
[INFO] [1783868757.369898388, 724.250000000]: Footprint model 'polygon' loaded for trajectory optimization.
[INFO] [1783868758.350080990, 725.226000000]: Footprint model 'polygon' loaded for trajectory optimization.
[INFO] [1783868758.896614274, 725.772000000]: Footprint model 'polygon' loaded for trajectory optimization.
[INFO] [1783868759.496222831, 726.372000000]: Footprint model 'polygon' loaded for trajectory optimization.
[INFO] [1783868760.098203868, 726.972000000]: Footprint model 'polygon' loaded for trajectory optimization.
[INFO] [1783868761.987942119, 728.862000000]: GOAL Reached!
[INFO] [1783868762.137144249, 729.008000000]: Footprint model 'polygon' loaded for trajectory optimization.
[INFO] [1783868763.017893755, 729.890000000]: Footprint model 'polygon' loaded for trajectory optimization.
[INFO] [1783868763.612087052, 730.482000000]: Footprint model 'polygon' loaded for trajectory optimization.
[INFO] [1783868764.214330591, 731.082000000]: Footprint model 'polygon' loaded for trajectory optimization.
[INFO] [1783868764.767829684, 731.634000000]: Footprint model 'polygon' loaded for trajectory optimization.
[INFO] [1783868765.370090782, 732.234000000]: Footprint model 'polygon' loaded for trajectory optimization.
[INFO] [1783868766.017056843, 732.882000000]: Footprint model 'polygon' loaded for trajectory optimization.
[INFO] [1783868767.559562378, 734.422000000]: GOAL Reached!
[INFO] [1783868767.702664093, 734.564000000]: Footprint model 'polygon' loaded for trajectory optimization.
[INFO] [1783868768.588545671, 735.448000000]: Footprint model 'polygon' loaded for trajectory optimization.
[INFO] [1783868769.272750112, 736.132000000]: Footprint model 'polygon' loaded for trajectory optimization.
[INFO] [1783868769.956289051, 736.814000000]: Footprint model 'polygon' loaded for trajectory optimization.
[INFO] [1783868770.992248503, 737.846000000]: Footprint model 'polygon' loaded for trajectory optimization.
[INFO] [1783868771.955015998, 738.808000000]: Footprint model 'polygon' loaded for trajectory optimization.
[INFO] [1783868772.591621735, 739.444000000]: Footprint model 'polygon' loaded for trajectory optimization.
[INFO] [1783868773.240068848, 740.090000000]: Footprint model 'polygon' loaded for trajectory optimization.
[INFO] [1783868773.788248438, 740.640000000]: Footprint model 'polygon' loaded for trajectory optimization.
[INFO] [1783868775.583588691, 742.430000000]: GOAL Reached!
[INFO] [1783868775.725187647, 742.572000000]: Footprint model 'polygon' loaded for trajectory optimization.
[INFO] [1783868776.596364619, 743.446000000]: Footprint model 'polygon' loaded for trajectory optimization.
[INFO] [1783868777.239453555, 744.086000000]: Footprint model 'polygon' loaded for trajectory optimization.
[INFO] [1783868777.887940452, 744.734000000]: Footprint model 'polygon' loaded for trajectory optimization.
[INFO] [1783868778.444763882, 745.288000000]: Footprint model 'polygon' loaded for trajectory optimization.
[INFO] [1783868779.043620274, 745.884000000]: Footprint model 'polygon' loaded for trajectory optimization.
[INFO] [1783868779.689987138, 746.530000000]: Footprint model 'polygon' loaded for trajectory optimization.
[INFO] [1783868781.129855955, 747.972000000]: GOAL Reached!
[INFO] [1783868781.284128403, 748.124000000]: Footprint model 'polygon' loaded for trajectory optimization.
[INFO] [1783868782.170731215, 749.006000000]: Footprint model 'polygon' loaded for trajectory optimization.
[INFO] [1783868782.851487111, 749.686000000]: Footprint model 'polygon' loaded for trajectory optimization.
[INFO] [1783868783.881762447, 750.716000000]: Footprint model 'polygon' loaded for trajectory optimization.
[INFO] [1783868784.857277265, 751.688000000]: Footprint model 'polygon' loaded for trajectory optimization.
[INFO] [1783868785.440986452, 752.272000000]: Footprint model 'polygon' loaded for trajectory optimization.
[INFO] [1783868786.098597196, 752.926000000]: Footprint model 'polygon' loaded for trajectory optimization.
[INFO] [1783868786.745375993, 753.572000000]: Footprint model 'polygon' loaded for trajectory optimization.
[INFO] [1783868788.287118383, 755.112000000]: GOAL Reached!
[INFO] [1783868788.434789087, 755.258000000]: Footprint model 'polygon' loaded for trajectory optimization.
[INFO] [1783868789.323662443, 756.146000000]: Footprint model 'polygon' loaded for trajectory optimization.
[INFO] [1783868789.963599561, 756.786000000]: Footprint model 'polygon' loaded for trajectory optimization.
[INFO] [1783868790.563446869, 757.384000000]: Footprint model 'polygon' loaded for trajectory optimization.
[INFO] [1783868791.163395262, 757.982000000]: Footprint model 'polygon' loaded for trajectory optimization.
[INFO] [1783868791.765369364, 758.584000000]: Footprint model 'polygon' loaded for trajectory optimization.
[INFO] [1783868792.411230592, 759.228000000]: Footprint model 'polygon' loaded for trajectory optimization.
[INFO] [1783868793.856001087, 760.670000000]: GOAL Reached!
[INFO] [1783868794.003627886, 760.818000000]: Footprint model 'polygon' loaded for trajectory optimization.
[INFO] [1783868794.893714401, 761.706000000]: Footprint model 'polygon' loaded for trajectory optimization.
[INFO] [1783868795.585816979, 762.396000000]: Footprint model 'polygon' loaded for trajectory optimization.
[INFO] [1783868796.268784217, 763.080000000]: Footprint model 'polygon' loaded for trajectory optimization.
[INFO] [1783868797.198709443, 764.006000000]: Footprint model 'polygon' loaded for trajectory optimization.
[INFO] [1783868797.880281365, 764.688000000]: Footprint model 'polygon' loaded for trajectory optimization.
[INFO] [1783868798.822513836, 765.626000000]: Footprint model 'polygon' loaded for trajectory optimization.
[INFO] [1783868799.470048143, 766.274000000]: Footprint model 'polygon' loaded for trajectory optimization.
[INFO] [1783868800.071205502, 766.874000000]: Footprint model 'polygon' loaded for trajectory optimization.
[INFO] [1783868800.669336341, 767.472000000]: Footprint model 'polygon' loaded for trajectory optimization.
[INFO] [1783868802.459768270, 769.260000000]: GOAL Reached!
[INFO] [1783868802.595489981, 769.396000000]: Footprint model 'polygon' loaded for trajectory optimization.
[INFO] [1783868803.467935581, 770.266000000]: Footprint model 'polygon' loaded for trajectory optimization.
[INFO] [1783868804.163367306, 770.960000000]: Footprint model 'polygon' loaded for trajectory optimization.
[INFO] [1783868804.711746380, 771.510000000]: Footprint model 'polygon' loaded for trajectory optimization.
[INFO] [1783868805.363212496, 772.158000000]: Footprint model 'polygon' loaded for trajectory optimization.
[INFO] [1783868805.959743876, 772.756000000]: Footprint model 'polygon' loaded for trajectory optimization.
[INFO] [1783868806.513458861, 773.306000000]: Footprint model 'polygon' loaded for trajectory optimization.
[INFO] [1783868807.902852403, 774.696000000]: GOAL Reached!
[INFO] [1783868808.061479078, 774.852000000]: Footprint model 'polygon' loaded for trajectory optimization.
[INFO] [1783868808.936591696, 775.728000000]: Footprint model 'polygon' loaded for trajectory optimization.
[INFO] [1783868809.715573227, 776.504000000]: Footprint model 'polygon' loaded for trajectory optimization.
[INFO] [1783868810.682727358, 777.468000000]: Footprint model 'polygon' loaded for trajectory optimization.
[INFO] [1783868811.353606329, 778.138000000]: Footprint model 'polygon' loaded for trajectory optimization.
[INFO] [1783868812.286027486, 779.068000000]: Footprint model 'polygon' loaded for trajectory optimization.
[INFO] [1783868812.842795658, 779.624000000]: Footprint model 'polygon' loaded for trajectory optimization.
[INFO] [1783868813.492298198, 780.272000000]: Footprint model 'polygon' loaded for trajectory optimization.
[INFO] [1783868814.044556867, 780.822000000]: Footprint model 'polygon' loaded for trajectory optimization.
[INFO] [1783868815.833784279, 782.610000000]: GOAL Reached!
[INFO] [1783868815.971796396, 782.748000000]: Footprint model 'polygon' loaded for trajectory optimization.
[INFO] [1783868816.833245525, 783.608000000]: Footprint model 'polygon' loaded for trajectory optimization.
[INFO] [1783868817.377382730, 784.154000000]: Footprint model 'polygon' loaded for trajectory optimization.
[INFO] [1783868818.027613319, 784.800000000]: Footprint model 'polygon' loaded for trajectory optimization.
[INFO] [1783868818.580364773, 785.354000000]: Footprint model 'polygon' loaded for trajectory optimization.
[INFO] [1783868819.229427644, 786.000000000]: Footprint model 'polygon' loaded for trajectory optimization.
[INFO] [1783868819.782014835, 786.550000000]: Footprint model 'polygon' loaded for trajectory optimization.
[INFO] [1783868821.373445805, 788.140000000]: GOAL Reached!
[INFO] [1783868821.535230698, 788.302000000]: Footprint model 'polygon' loaded for trajectory optimization.
[INFO] [1783868822.422998383, 789.188000000]: Footprint model 'polygon' loaded for trajectory optimization.
[INFO] [1783868823.106034399, 789.868000000]: Footprint model 'polygon' loaded for trajectory optimization.
[INFO] [1783868824.256480005, 791.018000000]: Footprint model 'polygon' loaded for trajectory optimization.
[INFO] [1783868825.188184310, 791.948000000]: Footprint model 'polygon' loaded for trajectory optimization.
[INFO] [1783868825.843730853, 792.602000000]: Footprint model 'polygon' loaded for trajectory optimization.
[INFO] [1783868826.442619721, 793.198000000]: Footprint model 'polygon' loaded for trajectory optimization.
[INFO] [1783868827.090372704, 793.846000000]: Footprint model 'polygon' loaded for trajectory optimization.
[INFO] [1783868827.687937768, 794.442000000]: Footprint model 'polygon' loaded for trajectory optimization.
[INFO] [1783868828.242177193, 794.998000000]: Footprint model 'polygon' loaded for trajectory optimization.
[INFO] [1783868828.894367958, 795.646000000]: Footprint model 'polygon' loaded for trajectory optimization.
[INFO] [1783868829.496016698, 796.246000000]: Footprint model 'polygon' loaded for trajectory optimization.
[INFO] [1783868831.035299414, 797.784000000]: GOAL Reached!
[INFO] [1783868831.180023643, 797.928000000]: Footprint model 'polygon' loaded for trajectory optimization.
[INFO] [1783868832.039723121, 798.786000000]: Footprint model 'polygon' loaded for trajectory optimization.
[INFO] [1783868832.734182441, 799.480000000]: Footprint model 'polygon' loaded for trajectory optimization.
[INFO] [1783868833.784182309, 800.526000000]: Footprint model 'polygon' loaded for trajectory optimization.
[INFO] [1783868834.745305811, 801.486000000]: Footprint model 'polygon' loaded for trajectory optimization.
[INFO] [1783868835.350133435, 802.090000000]: Footprint model 'polygon' loaded for trajectory optimization.
[INFO] [1783868835.903193919, 802.640000000]: Footprint model 'polygon' loaded for trajectory optimization.
[INFO] [1783868836.550463296, 803.286000000]: Footprint model 'polygon' loaded for trajectory optimization.
[INFO] [1783868837.151303144, 803.888000000]: Footprint model 'polygon' loaded for trajectory optimization.
[INFO] [1783868837.753813851, 804.490000000]: Footprint model 'polygon' loaded for trajectory optimization.
[INFO] [1783868838.349920724, 805.086000000]: Footprint model 'polygon' loaded for trajectory optimization.
[INFO] [1783868838.949689895, 805.686000000]: Footprint model 'polygon' loaded for trajectory optimization.
[INFO] [1783868840.493218007, 807.226000000]: GOAL Reached!
[INFO] [1783868840.649681409, 807.382000000]: Footprint model 'polygon' loaded for trajectory optimization.
[INFO] [1783868841.514423489, 808.242000000]: Footprint model 'polygon' loaded for trajectory optimization.
[INFO] [1783868842.214318491, 808.942000000]: Footprint model 'polygon' loaded for trajectory optimization.
[INFO] [1783868843.264271379, 809.988000000]: Footprint model 'polygon' loaded for trajectory optimization.
[INFO] [1783868844.223045944, 810.948000000]: Footprint model 'polygon' loaded for trajectory optimization.
[INFO] [1783868844.929939414, 811.654000000]: Footprint model 'polygon' loaded for trajectory optimization.
[INFO] [1783868845.537096182, 812.260000000]: Footprint model 'polygon' loaded for trajectory optimization.
[INFO] [1783868846.080733360, 812.800000000]: Footprint model 'polygon' loaded for trajectory optimization.
[INFO] [1783868846.678881259, 813.398000000]: Footprint model 'polygon' loaded for trajectory optimization.
[INFO] [1783868847.278164383, 813.996000000]: Footprint model 'polygon' loaded for trajectory optimization.
[INFO] [1783868847.927771994, 814.646000000]: Footprint model 'polygon' loaded for trajectory optimization.
[INFO] [1783868848.529175094, 815.248000000]: Footprint model 'polygon' loaded for trajectory optimization.
[INFO] [1783868850.071196090, 816.786000000]: GOAL Reached!
[INFO] [1783868850.209667221, 816.926000000]: Footprint model 'polygon' loaded for trajectory optimization.
[INFO] [1783868851.074905395, 817.786000000]: Footprint model 'polygon' loaded for trajectory optimization.
[INFO] [1783868851.761790679, 818.472000000]: Footprint model 'polygon' loaded for trajectory optimization.
[INFO] [1783868852.789645193, 819.498000000]: Footprint model 'polygon' loaded for trajectory optimization.
[INFO] [1783868853.743731713, 820.450000000]: Footprint model 'polygon' loaded for trajectory optimization.
[INFO] [1783868854.293594449, 821.002000000]: Footprint model 'polygon' loaded for trajectory optimization.
[INFO] [1783868854.899158863, 821.604000000]: Footprint model 'polygon' loaded for trajectory optimization.
[INFO] [1783868855.546770785, 822.250000000]: Footprint model 'polygon' loaded for trajectory optimization.
[INFO] [1783868856.100379645, 822.802000000]: Footprint model 'polygon' loaded for trajectory optimization.
[INFO] [1783868856.747989553, 823.450000000]: Footprint model 'polygon' loaded for trajectory optimization.
[INFO] [1783868857.397024885, 824.098000000]: Footprint model 'polygon' loaded for trajectory optimization.
[INFO] [1783868858.001884675, 824.702000000]: Footprint model 'polygon' loaded for trajectory optimization.
[INFO] [1783868859.792407292, 826.488000000]: GOAL Reached!
[INFO] [1783868859.936256015, 826.634000000]: Footprint model 'polygon' loaded for trajectory optimization.
[INFO] [1783868860.813375392, 827.508000000]: Footprint model 'polygon' loaded for trajectory optimization.
[INFO] [1783868861.500152101, 828.192000000]: Footprint model 'polygon' loaded for trajectory optimization.
[INFO] [1783868862.548148277, 829.238000000]: Footprint model 'polygon' loaded for trajectory optimization.
[INFO] [1783868863.498637406, 830.188000000]: Footprint model 'polygon' loaded for trajectory optimization.
[INFO] [1783868864.045031080, 830.734000000]: Footprint model 'polygon' loaded for trajectory optimization.
[INFO] [1783868864.650119388, 831.336000000]: Footprint model 'polygon' loaded for trajectory optimization.
[INFO] [1783868865.296491586, 831.982000000]: Footprint model 'polygon' loaded for trajectory optimization.
[INFO] [1783868865.899757047, 832.586000000]: Footprint model 'polygon' loaded for trajectory optimization.
[INFO] [1783868866.495546093, 833.180000000]: Footprint model 'polygon' loaded for trajectory optimization.
[INFO] [1783868867.047487282, 833.730000000]: Footprint model 'polygon' loaded for trajectory optimization.
[INFO] [1783868867.698505974, 834.380000000]: Footprint model 'polygon' loaded for trajectory optimization.
[INFO] [1783868869.340786966, 836.020000000]: GOAL Reached!
[INFO] [1783868869.482177214, 836.160000000]: Footprint model 'polygon' loaded for trajectory optimization.
[INFO] [1783868870.349585355, 837.026000000]: Footprint model 'polygon' loaded for trajectory optimization.
[INFO] [1783868871.035556159, 837.714000000]: Footprint model 'polygon' loaded for trajectory optimization.
[INFO] [1783868872.075493155, 838.754000000]: Footprint model 'polygon' loaded for trajectory optimization.
[INFO] [1783868873.036684445, 839.708000000]: Footprint model 'polygon' loaded for trajectory optimization.
[INFO] [1783868873.585451357, 840.256000000]: Footprint model 'polygon' loaded for trajectory optimization.
[INFO] [1783868874.236035376, 840.906000000]: Footprint model 'polygon' loaded for trajectory optimization.
[INFO] [1783868874.785755906, 841.456000000]: Footprint model 'polygon' loaded for trajectory optimization.
[INFO] [1783868875.389855803, 842.058000000]: Footprint model 'polygon' loaded for trajectory optimization.
[INFO] [1783868875.987486872, 842.654000000]: Footprint model 'polygon' loaded for trajectory optimization.
[INFO] [1783868876.636971331, 843.304000000]: Footprint model 'polygon' loaded for trajectory optimization.
[INFO] [1783868877.188751730, 843.852000000]: Footprint model 'polygon' loaded for trajectory optimization.
[INFO] [1783868878.779177583, 845.442000000]: GOAL Reached!
[INFO] [1783868878.926549329, 845.588000000]: Footprint model 'polygon' loaded for trajectory optimization.
[INFO] [1783868879.808017717, 846.468000000]: Footprint model 'polygon' loaded for trajectory optimization.
[INFO] [1783868880.500987822, 847.160000000]: Footprint model 'polygon' loaded for trajectory optimization.
[INFO] [1783868881.551372743, 848.210000000]: Footprint model 'polygon' loaded for trajectory optimization.
[INFO] [1783868882.492593968, 849.146000000]: Footprint model 'polygon' loaded for trajectory optimization.
[INFO] [1783868883.192535334, 849.848000000]: Footprint model 'polygon' loaded for trajectory optimization.
[INFO] [1783868883.793334599, 850.446000000]: Footprint model 'polygon' loaded for trajectory optimization.
[INFO] [1783868884.392296779, 851.046000000]: Footprint model 'polygon' loaded for trajectory optimization.
[INFO] [1783868884.994538354, 851.644000000]: Footprint model 'polygon' loaded for trajectory optimization.
[INFO] [1783868885.648054599, 852.296000000]: Footprint model 'polygon' loaded for trajectory optimization.
[INFO] [1783868886.295083703, 852.944000000]: Footprint model 'polygon' loaded for trajectory optimization.
[INFO] [1783868886.847388263, 853.494000000]: Footprint model 'polygon' loaded for trajectory optimization.
[INFO] [1783868888.339463255, 854.984000000]: GOAL Reached!
[INFO] [1783868888.485199025, 855.130000000]: Footprint model 'polygon' loaded for trajectory optimization.
[INFO] [1783868889.363355010, 856.006000000]: Footprint model 'polygon' loaded for trajectory optimization.
[INFO] [1783868890.043893672, 856.686000000]: Footprint model 'polygon' loaded for trajectory optimization.
[INFO] [1783868891.089122162, 857.728000000]: Footprint model 'polygon' loaded for trajectory optimization.
[INFO] [1783868892.051451037, 858.690000000]: Footprint model 'polygon' loaded for trajectory optimization.
[INFO] [1783868892.605371594, 859.242000000]: Footprint model 'polygon' loaded for trajectory optimization.
[INFO] [1783868893.255003964, 859.890000000]: Footprint model 'polygon' loaded for trajectory optimization.
[INFO] [1783868893.805703028, 860.440000000]: Footprint model 'polygon' loaded for trajectory optimization.
[INFO] [1783868894.407846663, 861.040000000]: Footprint model 'polygon' loaded for trajectory optimization.
[INFO] [1783868895.008136143, 861.638000000]: Footprint model 'polygon' loaded for trajectory optimization.
[INFO] [1783868895.608369469, 862.238000000]: Footprint model 'polygon' loaded for trajectory optimization.
[INFO] [1783868896.204618141, 862.838000000]: Footprint model 'polygon' loaded for trajectory optimization.
[INFO] [1783868897.798772453, 864.426000000]: GOAL Reached!
[INFO] [1783868897.966627468, 864.592000000]: Footprint model 'polygon' loaded for trajectory optimization.
[INFO] [1783868898.840996371, 865.466000000]: Footprint model 'polygon' loaded for trajectory optimization.
[INFO] [1783868899.524006838, 866.148000000]: Footprint model 'polygon' loaded for trajectory optimization.
[INFO] [1783868900.558802978, 867.184000000]: Footprint model 'polygon' loaded for trajectory optimization.
[INFO] [1783868901.501968880, 868.124000000]: Footprint model 'polygon' loaded for trajectory optimization.
[INFO] [1783868902.099010041, 868.720000000]: Footprint model 'polygon' loaded for trajectory optimization.
[INFO] [1783868902.652687544, 869.274000000]: Footprint model 'polygon' loaded for trajectory optimization.
[INFO] [1783868903.255144395, 869.874000000]: Footprint model 'polygon' loaded for trajectory optimization.
[INFO] [1783868903.852405594, 870.47[WARN] [1783868651.808381, 618.874000]: training environment stop requested: safety adapter requested emergency stop
[WARN] [1783868652.919190, 619.982000]: training environment stop requested: safety adapter requested emergency stop
[WARN] [1783868659.432556, 626.482000]: training environment stop requested: safety adapter requested emergency stop
[WARN] [1783868661.160569, 628.208000]: training environment stop requested: safety adapter requested emergency stop
[WARN] [1783868669.494634, 636.526000]: training environment stop requested: safety adapter requested emergency stop
[WARN] [1783868670.611571, 637.642000]: training environment stop requested: safety adapter requested emergency stop
[WARN] [1783868678.914610, 645.932000]: training environment stop requested: safety adapter requested emergency stop
[WARN] [1783868680.008433, 647.022000]: training environment stop requested: safety adapter requested emergency stop
[WARN] [1783868687.777475, 654.778000]: training environment stop requested: safety adapter requested emergency stop
[WARN] [1783868689.402670, 656.400000]: training environment stop requested: safety adapter requested emergency stop
[WARN] [1783868702.555362, 669.528000]: training environment stop requested: safety adapter requested emergency stop
[WARN] [1783868703.610428, 670.582000]: training environment stop requested: safety adapter requested emergency stop
[WARN] [1783868715.425961, 682.380000]: training environment stop requested: safety adapter requested emergency stop
[WARN] [1783868716.552149, 683.502000]: training environment stop requested: safety adapter requested emergency stop
[WARN] [1783868728.286045, 695.216000]: training environment stop requested: safety adapter requested emergency stop
[WARN] [1783868729.927835, 696.858000]: training environment stop requested: safety adapter requested emergency stop
[WARN] [1783868741.964249, 708.870000]: training environment stop requested: safety adapter requested emergency stop
[WARN] [1783868743.586309, 710.490000]: training environment stop requested: safety adapter requested emergency stop
[WARN] [1783868755.434888, 722.318000]: training environment stop requested: safety adapter requested emergency stop
[WARN] [1783868757.169418, 724.050000]: training environment stop requested: safety adapter requested emergency stop
[WARN] [1783868769.814624, 736.672000]: training environment stop requested: safety adapter requested emergency stop
[WARN] [1783868770.908973, 737.762000]: training environment stop requested: safety adapter requested emergency stop
[WARN] [1783868782.761322, 749.596000]: training environment stop requested: safety adapter requested emergency stop
[WARN] [1783868783.808332, 750.642000]: training environment stop requested: safety adapter requested emergency stop
[WARN] [1783868796.173560, 762.984000]: training environment stop requested: safety adapter requested emergency stop
[WARN] [1783868797.798937, 764.606000]: training environment stop requested: safety adapter requested emergency stop
[WARN] [1783868809.571801, 776.360000]: training environment stop requested: safety adapter requested emergency stop
[WARN] [1783868811.224308, 778.008000]: training environment stop requested: safety adapter requested emergency stop
[WARN] [1783868822.965693, 789.728000]: training environment stop requested: safety adapter requested emergency stop
[WARN] [1783868824.100843, 790.862000]: training environment stop requested: safety adapter requested emergency stop
[WARN] [1783868832.641541, 799.386000]: training environment stop requested: safety adapter requested emergency stop
[WARN] [1783868833.701584, 800.442000]: training environment stop requested: safety adapter requested emergency stop
[WARN] [1783868842.123393, 808.850000]: training environment stop requested: safety adapter requested emergency stop
[WARN] [1783868843.177928, 809.902000]: training environment stop requested: safety adapter requested emergency stop
[WARN] [1783868851.619997, 818.330000]: training environment stop requested: safety adapter requested emergency stop
[WARN] [1783868852.711665, 819.420000]: training environment stop requested: safety adapter requested emergency stop
[WARN] [1783868861.352600, 828.044000]: training environment stop requested: safety adapter requested emergency stop
[WARN] [1783868862.473152, 829.162000]: training environment stop requested: safety adapter requested emergency stop
[WARN] [1783868870.892713, 837.570000]: training environment stop requested: safety adapter requested emergency stop
[WARN] [1783868872.004467, 838.682000]: training environment stop requested: safety adapter requested emergency stop
[WARN] [1783868880.360892, 847.018000]: training environment stop requested: safety adapter requested emergency stop
[WARN] [1783868881.465696, 848.122000]: training environment stop requested: safety adapter requested emergency stop
[WARN] [1783868889.948994, 856.590000]: training environment stop requested: safety adapter requested emergency stop
[WARN] [1783868891.003200, 857.642000]: training environment stop requested: safety adapter requested emergency stop
[WARN] [1783868899.375973, 866.000000]: training environment stop requested: safety adapter requested emergency stop
[WARN] [1783868900.476936, 867.102000]: training environment stop requested: safety adapter requested emergency stop
[WARN] [1783868909.457223, 876.064000]: training environment stop requested: safety adapter requested emergency stop
[WARN] [1783868910.519580, 877.124000]: training environment stop requested: safety adapter requested emergency stop
[WARN] [1783868918.905783, 885.498000]: training environment stop requested: safety adapter requested emergency stop
[WARN] [1783868919.973748, 886.564000]: training environment stop requested: safety adapter requested emergency stop
[WARN] [1783868921.189891, 887.776000]: training environment stop requested: adapter_close
schema_version: '1.0'
task: T11
status: passed
run_id: t11_semantic_eta_fullsafety_seed104
algorithm: RL-TEB-Semantic-Eta
training_seed: 104
safety_mode: FullSafety
episode_count: 229
step_count: 790
failure_count: 51
run_validation:
  valid: true
  run_id: t11_semantic_eta_fullsafety_seed104
  episode_count: 229
  step_count: 790
  verified_checksum_count: 4
selected_checkpoint: /home/robot/robot_ws_base_rl/artifacts/t11/runs/t11_semantic_eta_fullsafety_seed104/checkpoints/step_000500
passed: true
acceptance_override: false

[INFO] [1783868031.093896925]: Finished loading Gazebo ROS API Plugin.
[INFO] [1783868031.094647221]: waitForService: Service [/gazebo/set_physics_properties] has not been advertised, waiting...
[INFO] [1783868031.505175034]: waitForService: Service [/gazebo/set_physics_properties] is now available.
[INFO] [1783868031.549677419, 0.040000000]: Physics dynamic reconfigure ready.
[INFO] [1783868031.743557688, 0.178000000]: <initialOrientationAsReference> is unset, using default value of false to comply with REP 145 (world as orientation reference)
[INFO] [1783868031.743593684, 0.178000000]: <robotNamespace> set to: //
[INFO] [1783868031.743600910, 0.178000000]: <topicName> set to: imu/data
[INFO] [1783868031.743606463, 0.178000000]: <frameName> set to: imu_link
[INFO] [1783868031.743624615, 0.178000000]: <updateRateHZ> set to: 50
[INFO] [1783868031.743631792, 0.178000000]: <gaussianNoise> set to: 0
[INFO] [1783868031.743649453, 0.178000000]: <xyzOffset> set to: 0 0 0
[INFO] [1783868031.743664430, 0.178000000]: <rpyOffset> set to: 0 -0 0
[INFO] [1783868031.860292969, 0.178000000]: Laser Plugin: Using the 'robotNamespace' param: '/'
[INFO] [1783868031.860313760, 0.178000000]: Starting Laser Plugin (ns = /)
[INFO] [1783868031.860993232, 0.178000000]: Laser Plugin (ns = /)  <tf_prefix_>, set to ""
[INFO] [1783868031.971579975, 0.178000000]: M2 simulation-only Ackermann interface loaded; cmd_angle_instead_rotvel=false
0000000]: Footprint model 'polygon' loaded for trajectory optimization.
[INFO] [1783868904.502688255, 871.120000000]: Footprint model 'polygon' loaded for trajectory optimization.
[INFO] [1783868905.054689238, 871.670000000]: Footprint model 'polygon' loaded for trajectory optimization.
[INFO] [1783868905.702147923, 872.316000000]: Footprint model 'polygon' loaded for trajectory optimization.
[INFO] [1783868906.303222716, 872.916000000]: Footprint model 'polygon' loaded for trajectory optimization.
[INFO] [1783868907.845682811, 874.456000000]: GOAL Reached!
[INFO] [1783868907.994680904, 874.606000000]: Footprint model 'polygon' loaded for trajectory optimization.
[INFO] [1783868908.858642540, 875.466000000]: Footprint model 'polygon' loaded for trajectory optimization.
[INFO] [1783868909.552896206, 876.160000000]: Footprint model 'polygon' loaded for trajectory optimization.
[INFO] [1783868910.591320679, 877.198000000]: Footprint model 'polygon' loaded for trajectory optimization.
[INFO] [1783868911.563962837, 878.168000000]: Footprint model 'polygon' loaded for trajectory optimization.
[INFO] [1783868912.106264004, 878.708000000]: Footprint model 'polygon' loaded for trajectory optimization.
[INFO] [1783868912.710430303, 879.312000000]: Footprint model 'polygon' loaded for trajectory optimization.
[INFO] [1783868913.359839359, 879.960000000]: Footprint model 'polygon' loaded for trajectory optimization.
[INFO] [1783868914.009322529, 880.608000000]: Footprint model 'polygon' loaded for trajectory optimization.
[INFO] [1783868914.611477479, 881.208000000]: Footprint model 'polygon' loaded for trajectory optimization.
[INFO] [1783868915.257935727, 881.854000000]: Footprint model 'polygon' loaded for trajectory optimization.
[INFO] [1783868915.856775170, 882.452000000]: Footprint model 'polygon' loaded for trajectory optimization.
[INFO] [1783868917.300471095, 883.894000000]: GOAL Reached!
[INFO] [1783868917.444423094, 884.040000000]: Footprint model 'polygon' loaded for trajectory optimization.
[INFO] [1783868918.313151038, 884.906000000]: Footprint model 'polygon' loaded for trajectory optimization.
[INFO] [1783868919.002252548, 885.594000000]: Footprint model 'polygon' loaded for trajectory optimization.
[INFO] [1783868920.040983385, 886.632000000]: Footprint model 'polygon' loaded for trajectory optimization.
[INFO] [1783868921.232717834, 887.818000000]: Footprint model 'polygon' loaded for trajectory optimization.
[INFO] [1783868921.261558675, 887.848000000]: Footprint model 'polygon' loaded for trajectory optimization.
[31mWARNING: disk usage in log directory [/home/robot/.ros/log] is over 1GB.
It's recommended that you use the 'rosclean' command.[0m
WARNING: Package name "gazebo_ros_2Dmap_plugin" does not follow the naming conventions. It should start with a lower case letter and only contain lower case letters, digits, underscores, and dashes.
WARNING: Package name "gazebo_ros_2Dmap_plugin" does not follow the naming conventions. It should start with a lower case letter and only contain lower case letters, digits, underscores, and dashes.
[31m================================================================================REQUIRED process [t11_formal_run-6] has died!
process has finished cleanly
log file: /home/robot/.ros/log/7e09d8be-7e01-11f1-91bc-3382cc4c3ed1/t11_formal_run-6*.log
Initiating shutdown!
================================================================================[0m
... logging to /home/robot/.ros/log/7e09d8be-7e01-11f1-91bc-3382cc4c3ed1/roslaunch-WP-256891.log
Checking log directory for disk usage. This may take a while.
Press Ctrl-C to interrupt
]2;/home/robot/robot_ws_base_rl/src/tools/thesis_experiment/launch/t11_formal_run.launch
[1mstarted roslaunch server http://WP:43183/[0m

SUMMARY
========

PARAMETERS
 * /gazebo/enable_ros_network: True
 * /m2_gazebo/simulation_only: True
 * /m2_robot_state_publisher/publish_frequency: 30.0
 * /move_base/TebLocalPlannerROS/acc_lim_theta: 0.8
 * /move_base/TebLocalPlannerROS/acc_lim_x: 0.8
 * /move_base/TebLocalPlannerROS/allow_init_with_backwards_motion: True
 * /move_base/TebLocalPlannerROS/cmd_angle_instead_rotvel: False
 * /move_base/TebLocalPlannerROS/costmap_obstacles_behind_robot_dist: 1.5
 * /move_base/TebLocalPlannerROS/dt_hysteresis: 0.1
 * /move_base/TebLocalPlannerROS/dt_ref: 0.3
 * /move_base/TebLocalPlannerROS/enable_homotopy_class_planning: False
 * /move_base/TebLocalPlannerROS/enable_multithreading: True
 * /move_base/TebLocalPlannerROS/feasibility_check_no_poses: 5
 * /move_base/TebLocalPlannerROS/footprint_model/type: polygon
 * /move_base/TebLocalPlannerROS/footprint_model/vertices: [[0.52, 0.35], [0...
 * /move_base/TebLocalPlannerROS/global_plan_overwrite_orientation: True
 * /move_base/TebLocalPlannerROS/include_costmap_obstacles: True
 * /move_base/TebLocalPlannerROS/inflation_dist: 0.55
 * /move_base/TebLocalPlannerROS/map_frame: odom
 * /move_base/TebLocalPlannerROS/max_global_plan_lookahead_dist: 8.0
 * /move_base/TebLocalPlannerROS/max_number_classes: 4
 * /move_base/TebLocalPlannerROS/max_samples: 500
 * /move_base/TebLocalPlannerROS/max_vel_theta: 1.0
 * /move_base/TebLocalPlannerROS/max_vel_x: 1.2
 * /move_base/TebLocalPlannerROS/max_vel_x_backwards: 0.6
 * /move_base/TebLocalPlannerROS/max_vel_y: 0.0
 * /move_base/TebLocalPlannerROS/min_obstacle_dist: 0.25
 * /move_base/TebLocalPlannerROS/min_turning_radius: 1.2
 * /move_base/TebLocalPlannerROS/obstacle_poses_affected: 15
 * /move_base/TebLocalPlannerROS/odom_topic: /odom
 * /move_base/TebLocalPlannerROS/teb_autosize: True
 * /move_base/TebLocalPlannerROS/weight_acc_lim_theta: 1.0
 * /move_base/TebLocalPlannerROS/weight_acc_lim_x: 1.0
 * /move_base/TebLocalPlannerROS/weight_adapt_factor: 2.0
 * /move_base/TebLocalPlannerROS/weight_inflation: 0.1
 * /move_base/TebLocalPlannerROS/weight_kinematics_forward_drive: 10.0
 * /move_base/TebLocalPlannerROS/weight_kinematics_nh: 1000.0
 * /move_base/TebLocalPlannerROS/weight_kinematics_turning_radius: 10.0
 * /move_base/TebLocalPlannerROS/weight_max_vel_theta: 1.0
 * /move_base/TebLocalPlannerROS/weight_max_vel_x: 2.0
 * /move_base/TebLocalPlannerROS/weight_obstacle: 50.0
 * /move_base/TebLocalPlannerROS/weight_optimaltime: 1.0
 * /move_base/TebLocalPlannerROS/weight_viapoint: 1.0
 * /move_base/TebLocalPlannerROS/wheelbase: 0.65
 * /move_base/base_global_planner: navfn/NavfnROS
 * /move_base/base_local_planner: teb_local_planner...
 * /move_base/clearing_rotation_allowed: False
 * /move_base/controller_frequency: 10.0
 * /move_base/controller_patience: 5.0
 * /move_base/global_costmap/footprint: [[0.52, 0.35], [0...
 * /move_base/global_costmap/footprint_padding: 0.05
 * /move_base/global_costmap/global_frame: odom
 * /move_base/global_costmap/height: 30.0
 * /move_base/global_costmap/inflation_layer/cost_scaling_factor: 4.0
 * /move_base/global_costmap/inflation_layer/enabled: True
 * /move_base/global_costmap/inflation_layer/inflation_radius: 0.55
 * /move_base/global_costmap/obstacle_layer/enabled: True
 * /move_base/global_costmap/obstacle_layer/observation_sources: scan
 * /move_base/global_costmap/obstacle_layer/scan/clearing: True
 * /move_base/global_costmap/obstacle_layer/scan/data_type: LaserScan
 * /move_base/global_costmap/obstacle_layer/scan/inf_is_valid: True
 * /move_base/global_costmap/obstacle_layer/scan/marking: True
 * /move_base/global_costmap/obstacle_layer/scan/obstacle_range: 12.0
 * /move_base/global_costmap/obstacle_layer/scan/raytrace_range: 15.0
 * /move_base/global_costmap/obstacle_layer/scan/sensor_frame: laser_link
 * /move_base/global_costmap/obstacle_layer/scan/topic: /scan
 * /move_base/global_costmap/plugins: [{'name': 'obstac...
 * /move_base/global_costmap/publish_frequency: 2.0
 * /move_base/global_costmap/resolution: 0.05
 * /move_base/global_costmap/robot_base_frame: base_link
 * /move_base/global_costmap/rolling_window: True
 * /move_base/global_costmap/transform_tolerance: 0.3
 * /move_base/global_costmap/update_frequency: 5.0
 * /move_base/global_costmap/width: 30.0
 * /move_base/local_costmap/footprint: [[0.52, 0.35], [0...
 * /move_base/local_costmap/footprint_padding: 0.05
 * /move_base/local_costmap/global_frame: odom
 * /move_base/local_costmap/height: 12.0
 * /move_base/local_costmap/inflation_layer/cost_scaling_factor: 4.0
 * /move_base/local_costmap/inflation_layer/enabled: True
 * /move_base/local_costmap/inflation_layer/inflation_radius: 0.55
 * /move_base/local_costmap/obstacle_layer/enabled: True
 * /move_base/local_costmap/obstacle_layer/observation_sources: scan
 * /move_base/local_costmap/obstacle_layer/scan/clearing: True
 * /move_base/local_costmap/obstacle_layer/scan/data_type: LaserScan
 * /move_base/local_costmap/obstacle_layer/scan/inf_is_valid: True
 * /move_base/local_costmap/obstacle_layer/scan/marking: True
 * /move_base/local_costmap/obstacle_layer/scan/obstacle_range: 12.0
 * /move_base/local_costmap/obstacle_layer/scan/raytrace_range: 15.0
 * /move_base/local_costmap/obstacle_layer/scan/sensor_frame: laser_link
 * /move_base/local_costmap/obstacle_layer/scan/topic: /scan
 * /move_base/local_costmap/plugins: [{'name': 'obstac...
 * /move_base/local_costmap/publish_frequency: 5.0
 * /move_base/local_costmap/resolution: 0.05
 * /move_base/local_costmap/robot_base_frame: base_link
 * /move_base/local_costmap/rolling_window: True
 * /move_base/local_costmap/transform_tolerance: 0.3
 * /move_base/local_costmap/update_frequency: 10.0
 * /move_base/local_costmap/width: 12.0
 * /move_base/oscillation_distance: 0.2
 * /move_base/oscillation_timeout: 10.0
 * /move_base/planner_frequency: 1.0
 * /move_base/planner_patience: 5.0
 * /move_base/recovery_behavior_enabled: False
 * /move_base/shutdown_costmaps: False
 * /robot_description: <?xml version="1....
 * /rosdistro: noetic
 * /rosversion: 1.17.4
 * /t11_formal_run/acceptance_eval_seed_limit: 0
 * /t11_formal_run/acceptance_timesteps: 0
 * /t11_formal_run/algorithm: RL-TEB-Semantic-Eta
 * /t11_formal_run/checkpoint: 
 * /t11_formal_run/config: /home/robot/robot...
 * /t11_formal_run/output_dir: /home/robot/robot...
 * /t11_formal_run/phase: train
 * /t11_formal_run/run_id: t11_semantic_eta_...
 * /t11_formal_run/safety_mode: FullSafety
 * /t11_formal_run/training_seed: 104
 * /use_sim_time: True

NODES
  /
    gazebo (gazebo_ros/gzserver)
    m2_robot_state_publisher (robot_state_publisher/robot_state_publisher)
    move_base (move_base/move_base)
    spawn_m2 (gazebo_ros/spawn_model)
    t11_formal_run (thesis_experiment/t11_formal_run.py)

auto-starting new master
[1mprocess[master]: started with pid [256947][0m
[1mROS_MASTER_URI=http://localhost:11311[0m
]2;/home/robot/robot_ws_base_rl/src/tools/thesis_experiment/launch/t11_formal_run.launch http://localhost:11311
[1msetting /run_id to 7e09d8be-7e01-11f1-91bc-3382cc4c3ed1[0m
[1mprocess[rosout-1]: started with pid [256980][0m
started core service [/rosout]
[1mprocess[gazebo-2]: started with pid [256987][0m
[1mprocess[spawn_m2-3]: started with pid [256991][0m
[1mprocess[m2_robot_state_publisher-4]: started with pid [256993][0m
[1mprocess[move_base-5]: started with pid [256994][0m
[1mprocess[t11_formal_run-6]: started with pid [256995][0m
[1m[spawn_m2-3] process has finished cleanly
log file: /home/robot/.ros/log/7e09d8be-7e01-11f1-91bc-3382cc4c3ed1/spawn_m2-3*.log[0m
[t11_formal_run-6] killing on exit
[move_base-5] killing on exit
[m2_robot_state_publisher-4] killing on exit
[gazebo-2] killing on exit
[rosout-1] killing on exit
[master] killing on exit
shutting down processing monitor...
... shutting down processing monitor complete
[1mdone[0m
