WARNING: Package name "gazebo_ros_2Dmap_plugin" does not follow the naming conventions. It should start with a lower case letter and only contain lower case letters, digits, underscores, and dashes.
xacro: in-order processing became default in ROS Melodic. You can drop the option.
WARNING: Package name "gazebo_ros_2Dmap_plugin" does not follow the naming conventions. It should start with a lower case letter and only contain lower case letters, digits, underscores, and dashes.
WARNING: Package name "gazebo_ros_2Dmap_plugin" does not follow the naming conventions. It should start with a lower case letter and only contain lower case letters, digits, underscores, and dashes.
[INFO] [1783865560.827706, 0.000000]: Loading model XML from ros parameter robot_description
[INFO] [1783865560.831057, 0.000000]: Waiting for service /gazebo/spawn_urdf_model
[INFO] [1783865561.735872, 0.200000]: Calling service /gazebo/spawn_urdf_model
[INFO] [1783865562.089158, 0.376000]: Spawn status: SpawnModel: Successfully spawned entity
[INFO] [1783865562.424334605, 0.596000000]: global_costmap: Using plugin "obstacle_layer"
[INFO] [1783865562.427370463, 0.600000000]:     Subscribed to Topics: scan
[INFO] [1783865562.432167252, 0.604000000]: global_costmap: Using plugin "inflation_layer"
[INFO] [1783865562.444686078, 0.618000000]: local_costmap: Using plugin "obstacle_layer"
[INFO] [1783865562.445436341, 0.618000000]:     Subscribed to Topics: scan
[INFO] [1783865562.450791083, 0.624000000]: local_costmap: Using plugin "inflation_layer"
[INFO] [1783865562.461516263, 0.634000000]: Created local_planner teb_local_planner/TebLocalPlannerROS
[INFO] [1783865562.477575001, 0.650000000]: Footprint model 'polygon' loaded for trajectory optimization.
[INFO] [1783865562.477712498, 0.650000000]: Parallel planning in distinctive topologies disabled.
[INFO] [1783865562.477726692, 0.650000000]: No costmap conversion plugin specified. All occupied costmap cells are treaten as point obstacles.
[INFO] [1783865562.498856583, 0.672000000]: Footprint model 'polygon' loaded for trajectory optimization.
[INFO] [1783865562.663877841, 0.838000000]: Recovery behavior will clear layer 'obstacles'
[INFO] [1783865562.664755488, 0.838000000]: Recovery behavior will clear layer 'obstacles'
[INFO] [1783865562.673263959, 0.848000000]: odom received!
[INFO] [1783865564.295674418, 2.464000000]: Footprint model 'polygon' loaded for trajectory optimization.
[INFO] [1783865564.893920032, 3.062000000]: Footprint model 'polygon' loaded for trajectory optimization.
[INFO] [1783865565.443307165, 3.612000000]: Footprint model 'polygon' loaded for trajectory optimization.
[INFO] [1783865566.094667126, 4.262000000]: Footprint model 'polygon' loaded for trajectory optimization.
[INFO] [1783865567.535462406, 5.700000000]: GOAL Reached!
[INFO] [1783865567.682184353, 5.848000000]: Footprint model 'polygon' loaded for trajectory optimization.
[INFO] [1783865568.542782087, 6.706000000]: Footprint model 'polygon' loaded for trajectory optimization.
[INFO] [1783865569.147929102, 7.310000000]: Footprint model 'polygon' loaded for trajectory optimization.
[INFO] [1783865569.694114501, 7.858000000]: Footprint model 'polygon' loaded for trajectory optimization.
[INFO] [1783865570.344288627, 8.506000000]: Footprint model 'polygon' loaded for trajectory optimization.
[INFO] [1783865571.987952163, 10.146000000]: GOAL Reached!
[INFO] [1783865572.124540518, 10.282000000]: Footprint model 'polygon' loaded for trajectory optimization.
[INFO] [1783865572.987382751, 11.144000000]: Footprint model 'polygon' loaded for trajectory optimization.
[INFO] [1783865573.541314165, 11.696000000]: Footprint model 'polygon' loaded for trajectory optimization.
[INFO] [1783865574.187724873, 12.344000000]: Footprint model 'polygon' loaded for trajectory optimization.
[INFO] [1783865574.792565077, 12.944000000]: Footprint model 'polygon' loaded for trajectory optimization.
[INFO] [1783865576.233699303, 14.384000000]: GOAL Reached!
[INFO] [1783865576.372976435, 14.524000000]: Footprint model 'polygon' loaded for trajectory optimization.
[INFO] [1783865577.234927738, 15.384000000]: Footprint model 'polygon' loaded for trajectory optimization.
[INFO] [1783865577.833122068, 15.982000000]: Footprint model 'polygon' loaded for trajectory optimization.
[INFO] [1783865578.431243106, 16.580000000]: Footprint model 'polygon' loaded for trajectory optimization.
[INFO] [1783865579.031421043, 17.178000000]: Footprint model 'polygon' loaded for trajectory optimization.
[INFO] [1783865580.374304966, 18.520000000]: GOAL Reached!
[INFO] [1783865580.508796968, 18.654000000]: Footprint model 'polygon' loaded for trajectory optimization.
[INFO] [1783865581.380697668, 19.522000000]: Footprint model 'polygon' loaded for trajectory optimization.
[INFO] [1783865582.023837282, 20.166000000]: Footprint model 'polygon' loaded for trajectory optimization.
[INFO] [1783865582.620705931, 20.762000000]: Footprint model 'polygon' loaded for trajectory optimization.
[INFO] [1783865584.508147754, 22.648000000]: GOAL Reached!
[INFO] [1783865584.659145857, 22.798000000]: Footprint model 'polygon' loaded for trajectory optimization.
[INFO] [1783865585.528110333, 23.664000000]: Footprint model 'polygon' loaded for trajectory optimization.
[INFO] [1783865586.081964808, 24.216000000]: Footprint model 'polygon' loaded for trajectory optimization.
[INFO] [1783865586.684285015, 24.816000000]: Footprint model 'polygon' loaded for trajectory optimization.
[INFO] [1783865587.335312848, 25.468000000]: Footprint model 'polygon' loaded for trajectory optimization.
[INFO] [1783865588.873256184, 27.006000000]: GOAL Reached!
[INFO] [1783865589.004541931, 27.136000000]: Footprint model 'polygon' loaded for trajectory optimization.
[INFO] [1783865589.896577629, 28.024000000]: Footprint model 'polygon' loaded for trajectory optimization.
[INFO] [1783865590.484190169, 28.612000000]: Footprint model 'polygon' loaded for trajectory optimization.
[INFO] [1783865591.089792827, 29.216000000]: Footprint model 'polygon' loaded for trajectory optimization.
[INFO] [1783865593.131597524, 31.256000000]: GOAL Reached!
[INFO] [1783865593.269493052, 31.394000000]: Footprint model 'polygon' loaded for trajectory optimization.
[INFO] [1783865594.143286932, 32.264000000]: Footprint model 'polygon' loaded for trajectory optimization.
[INFO] [1783865594.697502949, 32.818000000]: Footprint model 'polygon' loaded for trajectory optimization.
[INFO] [1783865595.344907825, 33.464000000]: Footprint model 'polygon' loaded for trajectory optimization.
[INFO] [1783865595.945673913, 34.064000000]: Footprint model 'polygon' loaded for trajectory optimization.
[INFO] [1783865597.389526441, 35.504000000]: GOAL Reached!
[INFO] [1783865597.522286293, 35.638000000]: Footprint model 'polygon' loaded for trajectory optimization.
[INFO] [1783865598.389136852, 36.504000000]: Footprint model 'polygon' loaded for trajectory optimization.
[INFO] [1783865598.935309117, 37.048000000]: Footprint model 'polygon' loaded for trajectory optimization.
[INFO] [1783865599.533453026, 37.646000000]: Footprint model 'polygon' loaded for trajectory optimization.
[INFO] [1783865600.137653533, 38.248000000]: Footprint model 'polygon' loaded for trajectory optimization.
[INFO] [1783865601.724483240, 39.836000000]: GOAL Reached!
[INFO] [1783865601.850950307, 39.962000000]: Footprint model 'polygon' loaded for trajectory optimization.
[INFO] [1783865602.716699609, 40.824000000]: Footprint model 'polygon' loaded for trajectory optimization.
[INFO] [1783865603.273700072, 41.380000000]: Footprint model 'polygon' loaded for trajectory optimization.
[INFO] [1783865603.921583620, 42.026000000]: Footprint model 'polygon' loaded for trajectory optimization.
[INFO] [1783865604.469758667, 42.574000000]: Footprint model 'polygon' loaded for trajectory optimization.
[INFO] [1783865605.963381854, 44.064000000]: GOAL Reached!
[INFO] [1783865606.111678160, 44.212000000]: Footprint model 'polygon' loaded for trajectory optimization.
[INFO] [1783865606.965468037, 45.064000000]: Footprint model 'polygon' loaded for trajectory optimization.
[INFO] [1783865607.518437446, 45.618000000]: Footprint model 'polygon' loaded for trajectory optimization.
[INFO] [1783865608.167916827, 46.266000000]: Footprint model 'polygon' loaded for trajectory optimization.
[INFO] [1783865608.716973871, 46.814000000]: Footprint model 'polygon' loaded for trajectory optimization.
[INFO] [1783865610.209459444, 48.304000000]: GOAL Reached!
[INFO] [1783865610.360578149, 48.454000000]: Footprint model 'polygon' loaded for trajectory optimization.
[INFO] [1783865611.229449034, 49.324000000]: Footprint model 'polygon' loaded for trajectory optimization.
[INFO] [1783865611.836033504, 49.928000000]: Footprint model 'polygon' loaded for trajectory optimization.
[INFO] [1783865612.433258788, 50.526000000]: Footprint model 'polygon' loaded for trajectory optimization.
[INFO] [1783865612.985063844, 51.076000000]: Footprint model 'polygon' loaded for trajectory optimization.
[INFO] [1783865614.579689159, 52.666000000]: GOAL Reached!
[INFO] [1783865614.728342029, 52.814000000]: Footprint model 'polygon' loaded for trajectory optimization.
[INFO] [1783865615.617671572, 53.704000000]: Footprint model 'polygon' loaded for trajectory optimization.
[INFO] [1783865616.166311309, 54.250000000]: Footprint model 'polygon' loaded for trajectory optimization.
[INFO] [1783865616.812667955, 54.898000000]: Footprint model 'polygon' loaded for trajectory optimization.
[INFO] [1783865618.855713266, 56.936000000]: GOAL Reached!
[INFO] [1783865618.996644364, 57.078000000]: Footprint model 'polygon' loaded for trajectory optimization.
[INFO] [1783865619.865271503, 57.944000000]: Footprint model 'polygon' loaded for trajectory optimization.
[INFO] [1783865620.466703741, 58.546000000]: Footprint model 'polygon' loaded for trajectory optimization.
[INFO] [1783865621.020149621, 59.096000000]: Footprint model 'polygon' loaded for trajectory optimization.
[INFO] [1783865621.671150240, 59.746000000]: Footprint model 'polygon' loaded for trajectory optimization.
[INFO] [1783865623.010114173, 61.084000000]: GOAL Reached!
[INFO] [1783865623.158622782, 61.230000000]: Footprint model 'polygon' loaded for trajectory optimization.
[INFO] [1783865624.013834633, 62.084000000]: Footprint model 'polygon' loaded for trajectory optimization.
[INFO] [1783865624.614753890, 62.686000000]: Footprint model 'polygon' loaded for trajectory optimization.
[INFO] [1783865625.215453811, 63.284000000]: Footprint model 'polygon' loaded for trajectory optimization.
[INFO] [1783865625.811895522, 63.880000000]: Footprint model 'polygon' loaded for trajectory optimization.
[INFO] [1783865627.252986995, 65.322000000]: GOAL Reached!
[INFO] [1783865627.387102969, 65.454000000]: Footprint model 'polygon' loaded for trajectory optimization.
[INFO] [1783865628.261906019, 66.326000000]: Footprint model 'polygon' loaded for trajectory optimization.
[INFO] [1783865628.852191749, 66.914000000]: Footprint model 'polygon' loaded for trajectory optimization.
[INFO] [1783865629.449005506, 67.512000000]: Footprint model 'polygon' loaded for trajectory optimization.
[INFO] [1783865630.050993692, 68.114000000]: Footprint model 'polygon' loaded for trajectory optimization.
[INFO] [1783865631.592535867, 69.652000000]: GOAL Reached!
[INFO] [1783865631.728216198, 69.788000000]: Footprint model 'polygon' loaded for trajectory optimization.
[INFO] [1783865632.586603872, 70.642000000]: Footprint model 'polygon' loaded for trajectory optimization.
[INFO] [1783865633.191763729, 71.248000000]: Footprint model 'polygon' loaded for trajectory optimization.
[INFO] [1783865633.790125048, 71.844000000]: Footprint model 'polygon' loaded for trajectory optimization.
[INFO] [1783865635.631712936, 73.684000000]: GOAL Reached!
[INFO] [1783865635.786587007, 73.838000000]: Footprint model 'polygon' loaded for trajectory optimization.
[INFO] [1783865636.675713233, 74.726000000]: Footprint model 'polygon' loaded for trajectory optimization.
[INFO] [1783865637.326454554, 75.376000000]: Footprint model 'polygon' loaded for trajectory optimization.
[INFO] [1783865637.970939863, 76.020000000]: Footprint model 'polygon' loaded for trajectory optimization.
[INFO] [1783865638.570589335, 76.622000000]: Footprint model 'polygon' loaded for trajectory optimization.
[INFO] [1783865640.002886653, 78.050000000]: GOAL Reached!
[INFO] [1783865640.134730089, 78.180000000]: Footprint model 'polygon' loaded for trajectory optimization.
[INFO] [1783865641.010598315, 79.054000000]: Footprint model 'polygon' loaded for trajectory optimization.
[INFO] [1783865641.607988917, 79.652000000]: Footprint model 'polygon' loaded for trajectory optimization.
[INFO] [1783865642.199977774, 80.244000000]: Footprint model 'polygon' loaded for trajectory optimization.
[INFO] [1783865642.802877755, 80.844000000]: Footprint model 'polygon' loaded for trajectory optimization.
[INFO] [1783865644.334719175, 82.376000000]: GOAL Reached!
[INFO] [1783865644.478586223, 82.518000000]: Footprint model 'polygon' loaded for trajectory optimization.
[INFO] [1783865645.356159298, 83.398000000]: Footprint model 'polygon' loaded for trajectory optimization.
[INFO] [1783865646.003907246, 84.040000000]: Footprint model 'polygon' loaded for trajectory optimization.
[INFO] [1783865646.651205449, 84.688000000]: Footprint model 'polygon' loaded for trajectory optimization.
[INFO] [1783865647.251476781, 85.288000000]: Footprint model 'polygon' loaded for trajectory optimization.
[INFO] [1783865649.380181441, 87.412000000]: GOAL Reached!
[INFO] [1783865649.534560253, 87.568000000]: Footprint model 'polygon' loaded for trajectory optimization.
[INFO] [1783865650.407003420, 88.438000000]: Footprint model 'polygon' loaded for trajectory optimization.
[INFO] [1783865651.012786221, 89.046000000]: Footprint model 'polygon' loaded for trajectory optimization.
[INFO] [1783865651.557033073, 89.586000000]: Footprint model 'polygon' loaded for trajectory optimization.
[INFO] [1783865652.209894445, 90.238000000]: Footprint model 'polygon' loaded for trajectory optimization.
[INFO] [1783865653.940075601, 91.966000000]: GOAL Reached!
[INFO] [1783865654.064732427, 92.088000000]: Footprint model 'polygon' loaded for trajectory optimization.
[INFO] [1783865654.932625780, 92.956000000]: Footprint model 'polygon' loaded for trajectory optimization.
[INFO] [1783865655.533931462, 93.556000000]: Footprint model 'polygon' loaded for trajectory optimization.
[INFO] [1783865656.133962596, 94.154000000]: Footprint model 'polygon' loaded for trajectory optimization.
[INFO] [1783865656.737620146, 94.758000000]: Footprint model 'polygon' loaded for trajectory optimization.
[INFO] [1783865658.163932510, 96.184000000]: GOAL Reached!
[INFO] [1783865658.307166656, 96.326000000]: Footprint model 'polygon' loaded for trajectory optimization.
[INFO] [1783865659.180971852, 97.198000000]: Footprint model 'polygon' loaded for trajectory optimization.
[INFO] [1783865659.734877032, 97.750000000]: Footprint model 'polygon' loaded for trajectory optimization.
[INFO] [1783865660.335888582, 98.350000000]: Footprint model 'polygon' loaded for trajectory optimization.
[INFO] [1783865660.931319286, 98.946000000]: Footprint model 'polygon' loaded for trajectory optimization.
[INFO] [1783865662.314035249, 100.326000000]: GOAL Reached!
[INFO] [1783865662.452715870, 100.464000000]: Footprint model 'polygon' loaded for trajectory optimization.
[INFO] [1783865663.350299499, 101.360000000]: Footprint model 'polygon' loaded for trajectory optimization.
[INFO] [1783865663.987318812, 101.998000000]: Footprint model 'polygon' loaded for trajectory optimization.
[INFO] [1783865664.631668126, 102.638000000]: Footprint model 'polygon' loaded for trajectory optimization.
[INFO] [1783865666.465442904, 104.470000000]: GOAL Reached!
[INFO] [1783865666.614856425, 104.620000000]: Footprint model 'polygon' loaded for trajectory optimization.
[INFO] [1783865667.493841761, 105.496000000]: Footprint model 'polygon' loaded for trajectory optimization.
[INFO] [1783865668.046969984, 106.050000000]: Footprint model 'polygon' loaded for trajectory optimization.
[INFO] [1783865668.644302274, 106.646000000]: Footprint model 'polygon' loaded for trajectory optimization.
[INFO] [1783865669.243207429, 107.246000000]: Footprint model 'polygon' loaded for trajectory optimization.
[INFO] [1783865671.527865198, 109.524000000]: GOAL Reached!
[INFO] [1783865671.685722108, 109.682000000]: Footprint model 'polygon' loaded for trajectory optimization.
[INFO] [1783865672.584246933, 110.578000000]: Footprint model 'polygon' loaded for trajectory optimization.
[INFO] [1783865673.271832611, 111.266000000]: Footprint model 'polygon' loaded for trajectory optimization.
[INFO] [1783865673.917057939, 111.910000000]: Footprint model 'polygon' loaded for trajectory optimization.
[INFO] [1783865675.693505643, 113.686000000]: GOAL Reached!
[INFO] [1783865675.845750235, 113.838000000]: Footprint model 'polygon' loaded for trajectory optimization.
[INFO] [1783865676.727086766, 114.716000000]: Footprint model 'polygon' loaded for trajectory optimization.
[INFO] [1783865677.367958015, 115.356000000]: Footprint model 'polygon' loaded for trajectory optimization.
[INFO] [1783865678.011851073, 115.998000000]: Footprint model 'polygon' loaded for trajectory optimization.
[INFO] [1783865678.618134069, 116.602000000]: Footprint model 'polygon' loaded for trajectory optimization.
[INFO] [1783865680.048958776, 118.034000000]: GOAL Reached!
[INFO] [1783865680.205876504, 118.190000000]: Footprint model 'polygon' loaded for trajectory optimization.
[INFO] [1783865681.082352738, 119.062000000]: Footprint model 'polygon' loaded for trajectory optimization.
[INFO] [1783865681.781468249, 119.762000000]: Footprint model 'polygon' loaded for trajectory optimization.
[INFO] [1783865682.426538442, 120.406000000]: Footprint model 'polygon' loaded for trajectory optimization.
[INFO] [1783865684.304992941, 122.282000000]: GOAL Reached!
[INFO] [1783865684.448654733, 122.424000000]: Footprint model 'polygon' loaded for trajectory optimization.
[INFO] [1783865685.321352446, 123.296000000]: Footprint model 'polygon' loaded for trajectory optimization.
[INFO] [1783865685.979293786, 123.952000000]: Footprint model 'polygon' loaded for trajectory optimization.
[INFO] [1783865686.627076911, 124.600000000]: Footprint model 'polygon' loaded for trajectory optimization.
[INFO] [1783865687.224051703, 125.196000000]: Footprint model 'polygon' loaded for trajectory optimization.
[INFO] [1783865688.654982671, 126.624000000]: GOAL Reached!
[INFO] [1783865688.792526544, 126.760000000]: Footprint model 'polygon' loaded for trajectory optimization.
[INFO] [1783865689.671503733, 127.636000000]: Footprint model 'polygon' loaded for trajectory optimization.
[INFO] [1783865690.370704599, 128.336000000]: Footprint model 'polygon' loaded for trajectory optimization.
[INFO] [1783865691.068078114, 129.030000000]: Footprint model 'polygon' loaded for trajectory optimization.
[INFO] [1783865692.896915150, 130.858000000]: GOAL Reached!
[INFO] [1783865693.050653204, 131.010000000]: Footprint model 'polygon' loaded for trajectory optimization.
[INFO] [1783865693.955571189, 131.916000000]: Footprint model 'polygon' loaded for trajectory optimization.
[INFO] [1783865694.600609401, 132.560000000]: Footprint model 'polygon' loaded for trajectory optimization.
[INFO] [1783865695.193946430, 133.152000000]: Footprint model 'polygon' loaded for trajectory optimization.
[INFO] [1783865695.792942247, 133.750000000]: Footprint model 'polygon' loaded for trajectory optimization.
[INFO] [1783865697.375135734, 135.328000000]: GOAL Reached!
[INFO] [1783865697.514632202, 135.468000000]: Footprint model 'polygon' loaded for trajectory optimization.
[INFO] [1783865698.407296920, 136.360000000]: Footprint model 'polygon' loaded for trajectory optimization.
[INFO] [1783865699.044851455, 136.996000000]: Footprint model 'polygon' loaded for trajectory optimization.
[INFO] [1783865699.640983952, 137.590000000]: Footprint model 'polygon' loaded for trajectory optimization.
[INFO] [1783865701.525725607, 139.470000000]: GOAL Reached!
[INFO] [1783865701.674931580, 139.620000000]: Footprint model 'polygon' loaded for trajectory optimization.
[INFO] [1783865702.548863959, 140.494000000]: Footprint model 'polygon' loaded for trajectory optimization.
[INFO] [1783865703.111146670, 141.054000000]: Footprint model 'polygon' loaded for trajectory optimization.
[INFO] [1783865703.754675246, 141.698000000]: Footprint model 'polygon' loaded for trajectory optimization.
[INFO] [1783865704.305765198, 142.250000000]: Footprint model 'polygon' loaded for trajectory optimization.
[INFO] [1783865705.791735853, 143.730000000]: GOAL Reached!
[INFO] [1783865705.944572641, 143.884000000]: Footprint model 'polygon' loaded for trajectory optimization.
[INFO] [1783865706.822576490, 144.760000000]: Footprint model 'polygon' loaded for trajectory optimization.
[INFO] [1783865707.464435841, 145.400000000]: Footprint model 'polygon' loaded for trajectory optimization.
[INFO] [1783865708.121194572, 146.056000000]: Footprint model 'polygon' loaded for trajectory optimization.
[INFO] [1783865708.668214397, 146.604000000]: Footprint model 'polygon' loaded for trajectory optimization.
[INFO] [1783865710.045041364, 147.978000000]: GOAL Reached!
[INFO] [1783865710.188151484, 148.120000000]: Footprint model 'polygon' loaded for trajectory optimization.
[INFO] [1783865711.064413069, 148.994000000]: Footprint model 'polygon' loaded for trajectory optimization.
[INFO] [1783865711.652005145, 149.582000000]: Footprint model 'polygon' loaded for trajectory optimization.
[INFO] [1783865712.305113858, 150.234000000]: Footprint model 'polygon' loaded for trajectory optimization.
[INFO] [1783865712.948973735, 150.878000000]: Footprint model 'polygon' loaded for trajectory optimization.
[INFO] [1783865714.382452935, 152.308000000]: GOAL Reached!
[INFO] [1783865714.514825066, 152.442000000]: Footprint model 'polygon' loaded for trajectory optimization.
[INFO] [1783865715.391952974, 153.316000000]: Footprint model 'polygon' loaded for trajectory optimization.
[INFO] [1783865716.081244481, 154.004000000]: Footprint model 'polygon' loaded for trajectory optimization.
[INFO] [1783865716.686688507, 154.608000000]: Footprint model 'polygon' loaded for trajectory optimization.
[INFO] [1783865718.617334835, 156.534000000]: GOAL Reached!
[INFO] [1783865718.761101300, 156.678000000]: Footprint model 'polygon' loaded for trajectory optimization.
[INFO] [1783865719.611333477, 157.526000000]: Footprint model 'polygon' loaded for trajectory optimization.
[INFO] [1783865720.230493198, 158.144000000]: Footprint model 'polygon' loaded for trajectory optimization.
[INFO] [1783865720.878251339, 158.794000000]: Footprint model 'polygon' loaded for trajectory optimization.
[INFO] [1783865722.858459952, 160.772000000]: GOAL Reached!
[INFO] [1783865722.997251449, 160.908000000]: Footprint model 'polygon' loaded for trajectory optimization.
[INFO] [1783865723.869174962, 161.778000000]: Footprint model 'polygon' loaded for trajectory optimization.
[INFO] [1783865724.415007746, 162.326000000]: Footprint model 'polygon' loaded for trajectory optimization.
[INFO] [1783865725.022699477, 162.928000000]: Footprint model 'polygon' loaded for trajectory optimization.
[INFO] [1783865725.620449795, 163.528000000]: Footprint model 'polygon' loaded for trajectory optimization.
[INFO] [1783865727.301242699, 165.204000000]: GOAL Reached!
[INFO] [1783865727.449725019, 165.354000000]: Footprint model 'polygon' loaded for trajectory optimization.
[INFO] [1783865728.338544418, 166.240000000]: Footprint model 'polygon' loaded for trajectory optimization.
[INFO] [1783865729.027594711, 166.928000000]: Footprint model 'polygon' loaded for trajectory optimization.
[INFO] [1783865729.720624381, 167.622000000]: Footprint model 'polygon' loaded for trajectory optimization.
[INFO] [1783865730.275394141, 168.174000000]: Footprint model 'polygon' loaded for trajectory optimization.
[INFO] [1783865731.751836455, 169.652000000]: GOAL Reached!
[INFO] [1783865731.876058852, 169.776000000]: Footprint model 'polygon' loaded for trajectory optimization.
[INFO] [1783865732.761220945, 170.656000000]: Footprint model 'polygon' loaded for trajectory optimization.
[INFO] [1783865733.407291442, 171.302000000]: Footprint model 'polygon' loaded for trajectory optimization.
[INFO] [1783865734.056333194, 171.946000000]: Footprint model 'polygon' loaded for trajectory optimization.
[INFO] [1783865735.985664927, 173.876000000]: GOAL Reached!
[INFO] [1783865736.137581030, 174.026000000]: Footprint model 'polygon' loaded for trajectory optimization.
[INFO] [1783865737.011832112, 174.898000000]: Footprint model 'polygon' loaded for trajectory optimization.
[INFO] [1783865737.659126590, 175.544000000]: Footprint model 'polygon' loaded for trajectory optimization.
[INFO] [1783865738.304769063, 176.192000000]: Footprint model 'polygon' loaded for trajectory optimization.
[INFO] [1783865738.947345969, 176.832000000]: Footprint model 'polygon' loaded for trajectory optimization.
[INFO] [1783865740.437055271, 178.318000000]: GOAL Reached!
[INFO] [1783865740.578703112, 178.458000000]: Footprint model 'polygon' loaded for trajectory optimization.
[INFO] [1783865741.463220119, 179.342000000]: Footprint model 'polygon' loaded for trajectory optimization.
[INFO] [1783865742.099203042, 179.978000000]: Footprint model 'polygon' loaded for trajectory optimization.
[INFO] [1783865742.750415713, 180.626000000]: Footprint model 'polygon' loaded for trajectory optimization.
[INFO] [1783865744.577720116, 182.452000000]: GOAL Reached!
[INFO] [1783865744.720698030, 182.594000000]: Footprint model 'polygon' loaded for trajectory optimization.
[INFO] [1783865745.606429544, 183.478000000]: Footprint model 'polygon' loaded for trajectory optimization.
[INFO] [1783865746.299414644, 184.174000000]: Footprint model 'polygon' loaded for trajectory optimization.
[INFO] [1783865747.001337246, 184.872000000]: Footprint model 'polygon' loaded for trajectory optimization.
[INFO] [1783865748.835141688, 186.702000000]: GOAL Reached!
[INFO] [1783865748.968954957, 186.836000000]: Footprint model 'polygon' loaded for trajectory optimization.
[INFO] [1783865749.855775363, 187.722000000]: Footprint model 'polygon' loaded for trajectory optimization.
[INFO] [1783865750.445027915, 188.312000000]: Footprint model 'polygon' loaded for trajectory optimization.
[INFO] [1783865751.106486951, 188.970000000]: Footprint model 'polygon' loaded for trajectory optimization.
[INFO] [1783865751.751388062, 189.614000000]: Footprint model 'polygon' loaded for trajectory optimization.
[INFO] [1783865753.183332311, 191.042000000]: GOAL Reached!
[INFO] [1783865753.314974118, 191.174000000]: Footprint model 'polygon' loaded for trajectory optimization.
[INFO] [1783865754.199740699, 192.058000000]: Footprint model 'polygon' loaded for trajectory optimization.
[INFO] [1783865754.845550853, 192.704000000]: Footprint model 'polygon' loaded for trajectory optimization.
[INFO] [1783865755.443475291, 193.300000000]: Footprint model 'polygon' loaded for trajectory optimization.
[INFO] [1783865757.325667530, 195.178000000]: GOAL Reached!
[INFO] [1783865757.469276989, 195.322000000]: Footprint model 'polygon' loaded for trajectory optimization.
[INFO] [1783865758.367220693, 196.218000000]: Footprint model 'polygon' loaded for trajectory optimization.
[INFO] [1783865759.004762903, 196.856000000]: Footprint model 'polygon' loaded for trajectory optimization.
[INFO] [1783865759.611582598, 197.460000000]: Footprint model 'polygon' loaded for trajectory optimization.
[INFO] [1783865760.205627365, 198.054000000]: Footprint model 'polygon' loaded for trajectory optimization.
[INFO] [1783865761.585624331, 199.432000000]: GOAL Reached!
[INFO] [1783865761.723306726, 199.570000000]: Footprint model 'polygon' loaded for trajectory optimization.
[INFO] [1783865762.613929811, 200.456000000]: Footprint model 'polygon' loaded for trajectory optimization.
[INFO] [1783865763.171115798, 201.014000000]: Footprint model 'polygon' loaded for trajectory optimization.
[INFO] [1783865763.811280647, 201.656000000]: Footprint model 'polygon' loaded for trajectory optimization.
[INFO] [1783865764.466259023, 202.306000000]: Footprint model 'polygon' loaded for trajectory optimization.
[INFO] [1783865766.047625863, 203.886000000]: GOAL Reached!
[INFO] [1783865766.178174744, 204.016000000]: Footprint model 'polygon' loaded for trajectory optimization.
[INFO] [1783865767.060712077, 204.896000000]: Footprint model 'polygon' loaded for trajectory optimization.
[INFO] [1783865767.749840773, 205.586000000]: Footprint model 'polygon' loaded for trajectory optimization.
[INFO] [1783865768.449309619, 206.282000000]: Footprint model 'polygon' loaded for trajectory optimization.
[INFO] [1783865770.379545818, 208.210000000]: GOAL Reached!
[INFO] [1783865770.534852873, 208.366000000]: Footprint model 'polygon' loaded for trajectory optimization.
[INFO] [1783865771.408499552, 209.236000000]: Footprint model 'polygon' loaded for trajectory optimization.
[INFO] [1783865772.009254793, 209.836000000]: Footprint model 'polygon' loaded for trajectory optimization.
[INFO] [1783865772.709088112, 210.536000000]: Footprint model 'polygon' loaded for trajectory optimization.
[INFO] [1783865773.262533195, 211.086000000]: Footprint model 'polygon' loaded for trajectory optimization.
[INFO] [1783865774.641403241, 212.464000000]: GOAL Reached!
[INFO] [1783865774.787765262, 212.610000000]: Footprint model 'polygon' loaded for trajectory optimization.
[INFO] [1783865775.654270942, 213.476000000]: Footprint model 'polygon' loaded for trajectory optimization.
[INFO] [1783865776.253743836, 214.074000000]: Footprint model 'polygon' loaded for trajectory optimization.
[INFO] [1783865776.858046523, 214.676000000]: Footprint model 'polygon' loaded for trajectory optimization.
[INFO] [1783865778.889209033, 216.704000000]: GOAL Reached!
[INFO] [1783865779.028733517, 216.844000000]: Footprint model 'polygon' loaded for trajectory optimization.
[INFO] [1783865779.922066725, 217.738000000]: Footprint model 'polygon' loaded for trajectory optimization.
[INFO] [1783865780.559740773, 218.376000000]: Footprint model 'polygon' loaded for trajectory optimization.
[INFO] [1783865781.207223489, 219.020000000]: Footprint model 'polygon' loaded for trajectory optimization.
[INFO] [1783865781.809378963, 219.622000000]: Footprint model 'polygon' loaded for trajectory optimization.
[INFO] [1783865783.239327138, 221.050000000]: GOAL Reached!
[INFO] [1783865783.376573712, 221.188000000]: Footprint model 'polygon' loaded for trajectory optimization.
[INFO] [1783865784.250691580, 222.058000000]: Footprint model 'polygon' loaded for trajectory optimization.
[INFO] [1783865784.803173349, 222.610000000]: Footprint model 'polygon' loaded for trajectory optimization.
[INFO] [1783865785.401102737, 223.208000000]: Footprint model 'polygon' loaded for trajectory optimization.
[INFO] [1783865786.051665191, 223.856000000]: Footprint model 'polygon' loaded for trajectory optimization.
[INFO] [1783865787.483265200, 225.286000000]: GOAL Reached!
[INFO] [1783865787.633360646, 225.436000000]: Footprint model 'polygon' loaded for trajectory optimization.
[INFO] [1783865788.514350984, 226.316000000]: Footprint model 'polygon' loaded for trajectory optimization.
[INFO] [1783865789.065274907, 226.864000000]: Footprint model 'polygon' loaded for trajectory optimization.
[INFO] [1783865789.663837903, 227.460000000]: Footprint model 'polygon' loaded for trajectory optimization.
[INFO] [1783865790.312536918, 228.110000000]: Footprint model 'polygon' loaded for trajectory optimization.
[INFO] [1783865791.742293099, 229.540000000]: GOAL Reached!
[INFO] [1783865791.893316503, 229.692000000]: Footprint model 'polygon' loaded for trajectory optimization.
[INFO] [1783865792.780211919, 230.574000000]: Footprint model 'polygon' loaded for trajectory optimization.
[INFO] [1783865793.466828782, 231.262000000]: Footprint model 'polygon' loaded for trajectory optimization.
[INFO] [1783865794.021184160, 231.814000000]: Footprint model 'polygon' loaded for trajectory optimization.
[INFO] [1783865794.620359869, 232.410000000]: Footprint model 'polygon' loaded for trajectory optimization.
[INFO] [1783865796.100000580, 233.890000000]: GOAL Reached!
[INFO] [1783865796.230767510, 234.020000000]: Footprint model 'polygon' loaded for trajectory optimization.
[INFO] [1783865797.109706999, 234.896000000]: Footprint model 'polygon' loaded for trajectory optimization.
[INFO] [1783865797.832987983, 235.618000000]: Footprint model 'polygon' loaded for trajectory optimization.
[INFO] [1783865798.446407258, 236.228000000]: Footprint model 'polygon' loaded for trajectory optimization.
[INFO] [1783865800.225814876, 238.008000000]: GOAL Reached!
[INFO] [1783865800.364287764, 238.146000000]: Footprint model 'polygon' loaded for trajectory optimization.
[INFO] [1783865801.237125103, 239.016000000]: Footprint model 'polygon' loaded for trajectory optimization.
[INFO] [1783865801.895834290, 239.674000000]: Footprint model 'polygon' loaded for trajectory optimization.
[INFO] [1783865802.540749347, 240.320000000]: Footprint model 'polygon' loaded for trajectory optimization.
[INFO] [1783865803.093216329, 240.870000000]: Footprint model 'polygon' loaded for trajectory optimization.
[INFO] [1783865804.475318643, 242.248000000]: GOAL Reached!
[INFO] [1783865804.602811495, 242.376000000]: Footprint model 'polygon' loaded for trajectory optimization.
[INFO] [1783865805.486059204, 243.256000000]: Footprint model 'polygon' loaded for trajectory optimization.
[INFO] [1783865806.082017382, 243.852000000]: Footprint model 'polygon' loaded for trajectory optimization.
[INFO] [1783865806.730673471, 244.504000000]: Footprint model 'polygon' loaded for trajectory optimization.
[INFO] [1783865808.713188559, 246.482000000]: GOAL Reached!
[INFO] [1783865808.858914538, 246.626000000]: Footprint model 'polygon' loaded for trajectory optimization.
[INFO] [1783865809.731383786, 247.496000000]: Footprint model 'polygon' loaded for trajectory optimization.
[INFO] [1783865810.376799925, 248.142000000]: Footprint model 'polygon' loaded for trajectory optimization.
[INFO] [1783865811.027467610, 248.792000000]: Footprint model 'polygon' loaded for trajectory optimization.
[INFO] [1783865812.956289021, 250.720000000]: GOAL Reached!
[INFO] [1783865813.093374602, 250.856000000]: Footprint model 'polygon' loaded for trajectory optimization.
[INFO] [1783865813.977529762, 251.736000000]: Footprint model 'polygon' loaded for trajectory optimization.
[INFO] [1783865814.536674780, 252.294000000]: Footprint model 'polygon' loaded for trajectory optimization.
[INFO] [1783865815.134366802, 252.890000000]: Footprint model 'polygon' loaded for trajectory optimization.
[INFO] [1783865815.734629215, 253.490000000]: Footprint model 'polygon' loaded for trajectory optimization.
[INFO] [1783865817.115736419, 254.868000000]: GOAL Reached!
[INFO] [1783865817.257004081, 255.010000000]: Footprint model 'polygon' loaded for trajectory optimization.
[INFO] [1783865818.145074310, 255.898000000]: Footprint model 'polygon' loaded for trajectory optimization.
[INFO] [1783865818.833876906, 256.584000000]: Footprint model 'polygon' loaded for trajectory optimization.
[INFO] [1783865819.380628084, 257.132000000]: Footprint model 'polygon' loaded for trajectory optimization.
[INFO] [1783865820.027523469, 257.778000000]: Footprint model 'polygon' loaded for trajectory optimization.
[INFO] [1783865821.466829122, 259.212000000]: GOAL Reached!
[INFO] [1783865821.612385150, 259.358000000]: Footprint model 'polygon' loaded for trajectory optimization.
[INFO] [1783865822.493831796, 260.238000000]: Footprint model 'polygon' loaded for trajectory optimization.
[INFO] [1783865823.191718658, 260.934000000]: Footprint model 'polygon' loaded for trajectory optimization.
[INFO] [1783865823.788106350, 261.528000000]: Footprint model 'polygon' loaded for trajectory optimization.
[INFO] [1783865825.719129411, 263.458000000]: GOAL Reached!
[INFO] [1783865825.851089801, 263.590000000]: Footprint model 'polygon' loaded for trajectory optimization.
[INFO] [1783865826.739867663, 264.476000000]: Footprint model 'polygon' loaded for trajectory optimization.
[INFO] [1783865827.433407883, 265.170000000]: Footprint model 'polygon' loaded for trajectory optimization.
[INFO] [1783865828.126940429, 265.860000000]: Footprint model 'polygon' loaded for trajectory optimization.
[INFO] [1783865829.957343749, 267.690000000]: GOAL Reached!
[INFO] [1783865830.096946380, 267.828000000]: Footprint model 'polygon' loaded for trajectory optimization.
[INFO] [1783865830.987518094, 268.716000000]: Footprint model 'polygon' loaded for trajectory optimization.
[INFO] [1783865831.587519070, 269.316000000]: Footprint model 'polygon' loaded for trajectory optimization.
[INFO] [1783865832.184239075, 269.914000000]: Footprint model 'polygon' loaded for trajectory optimization.
[INFO] [1783865832.786360537, 270.512000000]: Footprint model 'polygon' loaded for trajectory optimization.
[INFO] [1783865834.119700205, 271.844000000]: GOAL Reached!
[INFO] [1783865834.268046059, 271.992000000]: Footprint model 'polygon' loaded for trajectory optimization.
[INFO] [1783865835.133799214, 272.856000000]: Footprint model 'polygon' loaded for trajectory optimization.
[INFO] [1783865835.787979516, 273.508000000]: Footprint model 'polygon' loaded for trajectory optimization.
[INFO] [1783865836.392974311, 274.112000000]: Footprint model 'polygon' loaded for trajectory optimization.
[INFO] [1783865836.991390081, 274.710000000]: Footprint model 'polygon' loaded for trajectory optimization.
[INFO] [1783865838.568461921, 276.284000000]: GOAL Reached!
[INFO] [1783865838.701370058, 276.416000000]: Footprint model 'polygon' loaded for trajectory optimization.
[INFO] [1783865839.572383344, 277.286000000]: Footprint model 'polygon' loaded for trajectory optimization.
[INFO] [1783865840.128558091, 277.844000000]: Footprint model 'polygon' loaded for trajectory optimization.
[INFO] [1783865840.733633835, 278.448000000]: Footprint model 'polygon' loaded for trajectory optimization.
[INFO] [1783865841.331358311, 279.044000000]: Footprint model 'polygon' loaded for trajectory optimization.
[INFO] [1783865842.811274505, 280.520000000]: GOAL Reached!
[INFO] [1783865842.938870927, 280.646000000]: Footprint model 'polygon' loaded for trajectory optimization.
[INFO] [1783865843.833037988, 281.540000000]: Footprint model 'polygon' loaded for trajectory optimization.
[INFO] [1783865844.424113050, 282.130000000]: Footprint model 'polygon' loaded for trajectory optimization.
[INFO] [1783865844.974351960, 282.682000000]: Footprint model 'polygon' loaded for trajectory optimization.
[INFO] [1783865845.613447623, 283.320000000]: Footprint model 'polygon' loaded for trajectory optimization.
[INFO] [1783865847.055743468, 284.758000000]: GOAL Reached!
[INFO] [1783865847.200387821, 284.902000000]: Footprint model 'polygon' loaded for trajectory optimization.
[INFO] [1783865848.077246110, 285.778000000]: Footprint model 'polygon' loaded for trajectory optimization.
[INFO] [1783865848.619264101, 286.318000000]: Footprint model 'polygon' loaded for trajectory optimization.
[INFO] [1783865849.271340095, 286.970000000]: Footprint model 'polygon' loaded for trajectory optimization.
[INFO] [1783865849.968543142, 287.668000000]: Footprint model 'polygon' loaded for trajectory optimization.
[INFO] [1783865851.400375587, 289.098000000]: GOAL Reached!
[INFO] [1783865851.546033348, 289.244000000]: Footprint model 'polygon' loaded for trajectory optimization.
[INFO] [1783865852.424067827, 290.120000000]: Footprint model 'polygon' loaded for trajectory optimization.
[INFO] [1783865852.979209914, 290.674000000]: Footprint model 'polygon' loaded for trajectory optimization.
[INFO] [1783865853.624619258, 291.318000000]: Footprint model 'polygon' loaded for trajectory optimization.
[INFO] [1783865854.176387324, 291.868000000]: Footprint model 'polygon' loaded for trajectory optimization.
[INFO] [1783865855.957769588, 293.648000000]: GOAL Reached!
[INFO] [1783865856.096223138, 293.786000000]: Footprint model 'polygon' loaded for trajectory optimization.
[INFO] [1783865856.970260671, 294.656000000]: Footprint model 'polygon' loaded for trajectory optimization.
[INFO] [1783865857.575488614, 295.262000000]: Footprint model 'polygon' loaded for trajectory optimization.
[INFO] [1783865858.225125102, 295.910000000]: Footprint model 'polygon' loaded for trajectory optimization.
[INFO] [1783865858.825175887, 296.508000000]: Footprint model 'polygon' loaded for trajectory optimization.
[INFO] [1783865860.206920942, 297.888000000]: GOAL Reached!
[INFO] [1783865860.365121011, 298.046000000]: Footprint model 'polygon' loaded for trajectory optimization.
[INFO] [1783865861.241187643, 298.922000000]: Footprint model 'polygon' loaded for trajectory optimization.
[INFO] [1783865861.934494369, 299.612000000]: Footprint model 'polygon' loaded for trajectory optimization.
[INFO] [1783865862.639605534, 300.316000000]: Footprint model 'polygon' loaded for trajectory optimization.
[INFO] [1783865864.464164776, 302.140000000]: GOAL Reached!
[INFO] [1783865864.606822829, 302.282000000]: Footprint model 'polygon' loaded for trajectory optimization.
[INFO] [1783865865.484239864, 303.156000000]: Footprint model 'polygon' loaded for trajectory optimization.
[INFO] [1783865866.033841320, 303.706000000]: Footprint model 'polygon' loaded for trajectory optimization.
[INFO] [1783865866.629518309, 304.300000000]: Footprint model 'polygon' loaded for trajectory optimization.
[INFO] [1783865867.279419430, 304.950000000]: Footprint model 'polygon' loaded for trajectory optimization.
[INFO] [1783865868.711811064, 306.380000000]: GOAL Reached!
[INFO] [1783865868.856972556, 306.524000000]: Footprint model 'polygon' loaded for trajectory optimization.
[INFO] [1783865869.728293318, 307.396000000]: Footprint model 'polygon' loaded for trajectory optimization.
[INFO] [1783865870.277469077, 307.948000000]: Footprint model 'polygon' loaded for trajectory optimization.
[INFO] [1783865870.929992682, 308.596000000]: Footprint model 'polygon' loaded for trajectory optimization.
[INFO] [1783865872.961914490, 310.624000000]: GOAL Reached!
[INFO] [1783865873.108933150, 310.772000000]: Footprint model 'polygon' loaded for trajectory optimization.
[INFO] [1783865873.994918289, 311.656000000]: Footprint model 'polygon' loaded for trajectory optimization.
[INFO] [1783865874.647408503, 312.306000000]: Footprint model 'polygon' loaded for trajectory optimization.
[INFO] [1783865875.287169668, 312.946000000]: Footprint model 'polygon' loaded for trajectory optimization.
[INFO] [1783865877.215497192, 314.874000000]: GOAL Reached!
[INFO] [1783865877.365335282, 315.022000000]: Footprint model 'polygon' loaded for trajectory optimization.
[INFO] [1783865878.238889923, 315.896000000]: Footprint model 'polygon' loaded for trajectory optimization.
[INFO] [1783865878.934140512, 316.590000000]: Footprint model 'polygon' loaded for trajectory optimization.
[INFO] [1783865879.584963234, 317.238000000]: Footprint model 'polygon' loaded for trajectory optimization.
[INFO] [1783865880.184477061, 317.836000000]: Footprint model 'polygon' loaded for trajectory optimization.
[INFO] [1783865881.667233677, 319.316000000]: GOAL Reached!
[INFO] [1783865881.793093917, 319.442000000]: Footprint model 'polygon' loaded for trajectory optimization.
[INFO] [1783865882.669225101, 320.316000000]: Footprint model 'polygon' loaded for trajectory optimization.
[INFO] [1783865883.268065584, 320.914000000]: Footprint model 'polygon' loaded for trajectory optimization.
[INFO] [1783865883.914979850, 321.560000000]: Footprint model 'polygon' loaded for trajectory optimization.
[INFO] [1783865885.800836501, 323.442000000]: GOAL Reached!
[INFO] [1783865885.947523426, 323.588000000]: Footprint model 'polygon' loaded for trajectory optimization.
[INFO] [1783865886.838583687, 324.478000000]: Footprint model 'polygon' loaded for trajectory optimization.
[INFO] [1783865887.524061747, 325.162000000]: Footprint model 'polygon' loaded for trajectory optimization.
[INFO] [1783865888.117314965, 325.756000000]: Footprint model 'polygon' loaded for trajectory optimization.
[INFO] [1783865890.148371851, 327.786000000]: GOAL Reached!
[INFO] [1783865890.289501379, 327.926000000]: Footprint model 'polygon' loaded for trajectory optimization.
[INFO] [1783865891.166474850, 328.800000000]: Footprint model 'polygon' loaded for trajectory optimization.
[INFO] [1783865891.817201061, 329.450000000]: Footprint model 'polygon' loaded for trajectory optimization.
[INFO] [1783865892.463070789, 330.094000000]: Footprint model 'polygon' loaded for trajectory optimization.
[INFO] [1783865894.394553832, 332.026000000]: GOAL Reached!
[INFO] [1783865894.543856386, 332.174000000]: Footprint model 'polygon' loaded for trajectory optimization.
[INFO] [1783865895.427543618, 333.056000000]: Footprint model 'polygon' loaded for trajectory optimization.
[INFO] [1783865895.978206239, 333.606000000]: Footprint model 'polygon' loaded for trajectory optimization.
[INFO] [1783865896.625255011, 334.250000000]: Footprint model 'polygon' loaded for trajectory optimization.
[INFO] [1783865897.228570684, 334.854000000]: Footprint model 'polygon' loaded for trajectory optimization.
[INFO] [1783865898.553844146, 336.180000000]: GOAL Reached!
[INFO] [1783865898.701499056, 336.326000000]: Footprint model 'polygon' loaded for trajectory optimization.
[INFO] [1783865899.574877448, 337.196000000]: Footprint model 'polygon' loaded for trajectory optimization.
[INFO] [1783865900.174283545, 337.794000000]: Footprint model 'polygon' loaded for trajectory optimization.
[INFO] [1783865900.874202189, 338.494000000]: Footprint model 'polygon' loaded for trajectory optimization.
[INFO] [1783865901.429328701, 339.046000000]: Footprint model 'polygon' loaded for trajectory optimization.
[INFO] [1783865902.809416951, 340.424000000]: GOAL Reached!
[INFO] [1783865902.928532435, 340.542000000]: Footprint model 'polygon' loaded for trajectory optimization.
[INFO] [1783865903.804530990, 341.418000000]: Footprint model 'polygon' loaded for trajectory optimization.
[INFO] [1783865904.407173800, 342.020000000]: Footprint model 'polygon' loaded for trajectory optimization.
[INFO] [1783865905.060280064, 342.670000000]: Footprint model 'polygon' loaded for trajectory optimization.
[INFO] [1783865906.836987470, 344.448000000]: GOAL Reached!
[INFO] [1783865906.992013317, 344.600000000]: Footprint model 'polygon' loaded for trajectory optimization.
[INFO] [1783865907.870031594, 345.476000000]: Footprint model 'polygon' loaded for trajectory optimization.
[INFO] [1783865908.415517322, 346.022000000]: Footprint model 'polygon' loaded for trajectory optimization.
[INFO] [1783865909.071491545, 346.674000000]: Footprint model 'polygon' loaded for trajectory optimization.
[INFO] [1783865909.714046300, 347.316000000]: Footprint model 'polygon' loaded for trajectory optimization.
[INFO] [1783865911.097202837, 348.698000000]: GOAL Reached!
[INFO] [1783865911.226333613, 348.826000000]: Footprint model 'polygon' loaded for trajectory optimization.
[INFO] [1783865912.099578036, 349.700000000]: Footprint model 'polygon' loaded for trajectory optimization.
[INFO] [1783865912.648321243, 350.250000000]: Footprint model 'polygon' loaded for trajectory optimization.
[INFO] [1783865913.300777083, 350.898000000]: Footprint model 'polygon' loaded for trajectory optimization.
[INFO] [1783865915.132436397, 352.726000000]: GOAL Reached!
[INFO] [1783865915.277271218, 352.872000000]: Footprint model 'polygon' loaded for trajectory optimization.
[INFO] [1783865916.147262962, 353.738000000]: Footprint model 'polygon' loaded for trajectory optimization.
[INFO] [1783865916.800099170, 354.392000000]: Footprint model 'polygon' loaded for trajectory optimization.
[INFO] [1783865917.430018612, 355.024000000]: Footprint model 'polygon' loaded for trajectory optimization.
[INFO] [1783865918.045956287, 355.636000000]: Footprint model 'polygon' loaded for trajectory optimization.
[INFO] [1783865919.583723077, 357.168000000]: GOAL Reached!
[INFO] [1783865919.735709485, 357.320000000]: Footprint model 'polygon' loaded for trajectory optimization.
[INFO] [1783865920.613010988, 358.198000000]: Footprint model 'polygon' loaded for trajectory optimization.
[INFO] [1783865921.159949909, 358.744000000]: Footprint model 'polygon' loaded for trajectory optimization.
[INFO] [1783865921.806436964, 359.390000000]: Footprint model 'polygon' loaded for trajectory optimization.
[INFO] [1783865923.741307638, 361.320000000]: GOAL Reached!
[INFO] [1783865923.884514352, 361.462000000]: Footprint model 'polygon' loaded for trajectory optimization.
[INFO] [1783865924.763154054, 362.342000000]: Footprint model 'polygon' loaded for trajectory optimization.
[INFO] [1783865925.404412458, 362.980000000]: Footprint model 'polygon' loaded for trajectory optimization.
[INFO] [1783865926.055640339, 363.630000000]: Footprint model 'polygon' loaded for trajectory optimization.
[INFO] [1783865927.978927070, 365.552000000]: GOAL Reached!
[INFO] [1783865928.126330495, 365.700000000]: Footprint model 'polygon' loaded for trajectory optimization.
[INFO] [1783865929.003007439, 366.574000000]: Footprint model 'polygon' loaded for trajectory optimization.
[INFO] [1783865929.562577228, 367.130000000]: Footprint model 'polygon' loaded for trajectory optimization.
[INFO] [1783865930.156927355, 367.728000000]: Footprint model 'polygon' loaded for trajectory optimization.
[INFO] [1783865930.808735138, 368.378000000]: Footprint model 'polygon' loaded for trajectory optimization.
[INFO] [1783865932.440721905, 370.006000000]: GOAL Reached!
[INFO] [1783865932.568297588, 370.134000000]: Footprint model 'polygon' loaded for trajectory optimization.
[INFO] [1783865933.454085469, 371.016000000]: Footprint model 'polygon' loaded for trajectory optimization.
[INFO] [1783865933.999733549, 371.566000000]: Footprint model 'polygon' loaded for trajectory optimization.
[INFO] [1783865934.654252054, 372.214000000]: Footprint model 'polygon' loaded for trajectory optimization.
[INFO] [1783865935.247284924, 372.808000000]: Footprint model 'polygon' loaded for trajectory optimization.
[INFO] [1783865936.777322063, 374.338000000]: GOAL Reached!
[INFO] [1783865936.922531144, 374.482000000]: Footprint model 'polygon' loaded for trajectory optimization.
[INFO] [1783865937.799826512, 375.356000000]: Footprint model 'polygon' loaded for trajectory optimization.
[INFO] [1783865938.507620019, 376.064000000]: Footprint model 'polygon' loaded for trajectory optimization.
[INFO] [1783865939.194979985, 376.754000000]: Footprint model 'polygon' loaded for trajectory optimization.
[INFO] [1783865940.931642045, 378.484000000]: GOAL Reached!
[INFO] [1783865941.068611908, 378.620000000]: Footprint model 'polygon' loaded for trajectory optimization.
[INFO] [1783865941.948274409, 379.498000000]: Footprint model 'polygon' loaded for trajectory optimization.
[INFO] [1783865942.641444176, 380.190000000]: Footprint model 'polygon' loaded for trajectory optimization.
[INFO] [1783865943.243372722, 380.792000000]: Footprint model 'polygon' loaded for trajectory optimization.
[INFO] [1783865945.273377196, 382.820000000]: GOAL Reached!
[INFO] [1783865945.419698738, 382.966000000]: Footprint model 'polygon' loaded for trajectory optimization.
[INFO] [1783865946.291284674, 383.834000000]: Footprint model 'polygon' loaded for trajectory optimization.
[INFO] [1783865946.844100610, 384.386000000]: Footprint model 'polygon' loaded for trajectory optimization.
[INFO] [1783865947.440667479, 384.984000000]: Footprint model 'polygon' loaded for trajectory optimization.
[INFO] [1783865948.041611791, 385.582000000]: Footprint model 'polygon' loaded for trajectory optimization.
[INFO] [1783865949.420831624, 386.960000000]: GOAL Reached!
[INFO] [1783865949.570852601, 387.110000000]: Footprint model 'polygon' loaded for trajectory optimization.
[INFO] [1783865950.435880634, 387.976000000]: Footprint model 'polygon' loaded for trajectory optimization.
[INFO] [1783865950.997237848, 388.532000000]: Footprint model 'polygon' loaded for trajectory optimization.
[INFO] [1783865951.594405956, 389.128000000]: Footprint model 'polygon' loaded for trajectory optimization.
[INFO] [1783865952.242251844, 389.776000000]: Footprint model 'polygon' loaded for trajectory optimization.
[INFO] [1783865954.170628328, 391.702000000]: GOAL Reached!
[INFO] [1783865954.298273434, 391.830000000]: Footprint model 'polygon' loaded for trajectory optimization.
[INFO] [1783865955.187207195, 392.716000000]: Footprint model 'polygon' loaded for trajectory optimization.
[INFO] [1783865955.877804230, 393.406000000]: Footprint model 'polygon' loaded for trajectory optimization.
[INFO] [1783865956.575471916, 394.104000000]: Footprint model 'polygon' loaded for trajectory optimization.
[INFO] [1783865958.409598664, 395.932000000]: GOAL Reached!
[INFO] [1783865958.554909069, 396.078000000]: Footprint model 'polygon' loaded for trajectory optimization.
[INFO] [1783865959.432871551, 396.956000000]: Footprint model 'polygon' loaded for trajectory optimization.
[INFO] [1783865960.132244412, 397.654000000]: Footprint model 'polygon' loaded for trajectory optimization.
[INFO] [1783865960.826725491, 398.348000000]: Footprint model 'polygon' loaded for trajectory optimization.
[INFO] [1783865962.560324738, 400.078000000]: GOAL Reached!
[INFO] [1783865962.703684054, 400.222000000]: Footprint model 'polygon' loaded for trajectory optimization.
[INFO] [1783865963.582540260, 401.098000000]: Footprint model 'polygon' loaded for trajectory optimization.
[INFO] [1783865964.219536092, 401.736000000]: Footprint model 'polygon' loaded for trajectory optimization.
[INFO] [1783865964.821355668, 402.334000000]: Footprint model 'polygon' loaded for trajectory optimization.
[INFO] [1783865965.422796552, 402.936000000]: Footprint model 'polygon' loaded for trajectory optimization.
[INFO] [1783865967.001506474, 404.512000000]: GOAL Reached!
[INFO] [1783865967.148501359, 404.660000000]: Footprint model 'polygon' loaded for trajectory optimization.
[INFO] [1783865968.029571418, 405.538000000]: Footprint model 'polygon' loaded for trajectory optimization.
[INFO] [1783865968.734467660, 406.240000000]: Footprint model 'polygon' loaded for trajectory optimization.
[INFO] [1783865969.376959429, 406.884000000]: Footprint model 'polygon' loaded for trajectory optimization.
[INFO] [1783865971.259238756, 408.764000000]: GOAL Reached!
[INFO] [1783865971.417568552, 408.922000000]: Footprint model 'polygon' loaded for trajectory optimization.
[INFO] [1783865972.294682001, 409.796000000]: Footprint model 'polygon' loaded for trajectory optimization.
[INFO] [1783865972.937593472, 410.440000000]: Footprint model 'polygon' loaded for trajectory optimization.
[INFO] [1783865973.538200305, 411.036000000]: Footprint model 'polygon' loaded for trajectory optimization.
[INFO] [1783865975.419459204, 412.916000000]: GOAL Reached!
[INFO] [1783865975.565823639, 413.062000000]: Footprint model 'polygon' loaded for trajectory optimization.
[INFO] [1783865976.443426732, 413.938000000]: Footprint model 'polygon' loaded for trajectory optimization.
[INFO] [1783865977.049268803, 414.542000000]: Footprint model 'polygon' loaded for trajectory optimization.
[INFO] [1783865977.708268943, 415.200000000]: Footprint model 'polygon' loaded for trajectory optimization.
[INFO] [1783865978.346549633, 415.838000000]: Footprint model 'polygon' loaded for trajectory optimization.
[INFO] [1783865979.780283010, 417.270000000]: GOAL Reached!
[INFO] [1783865979.920282675, 417.410000000]: Footprint model 'polygon' loaded for trajectory optimization.
[INFO] [1783865980.790731104, 418.276000000]: Footprint model 'polygon' loaded for trajectory optimization.
[INFO] [1783865981.497015588, 418.982000000]: Footprint model 'polygon' loaded for trajectory optimization.
[INFO] [1783865982.093839422, 419.578000000]: Footprint model 'polygon' loaded for trajectory optimization.
[INFO] [1783865984.027562120, 421.508000000]: GOAL Reached!
[INFO] [1783865984.166869019, 421.646000000]: Footprint model 'polygon' loaded for trajectory optimization.
[INFO] [1783865985.038064862, 422.516000000]: Footprint model 'polygon' loaded for trajectory optimization.
[INFO] [1783865985.638383808, 423.114000000]: Footprint model 'polygon' loaded for trajectory optimization.
[INFO] [1783865986.289369831, 423.766000000]: Footprint model 'polygon' loaded for trajectory optimization.
[INFO] [1783865986.939924236, 424.416000000]: Footprint model 'polygon' loaded for trajectory optimization.
[INFO] [1783865988.368737321, 425.844000000]: GOAL Reached!
[INFO] [1783865988.524425310, 425.998000000]: Footprint model 'polygon' loaded for trajectory optimization.
[INFO] [1783865989.403598972, 426.874000000]: Footprint model 'polygon' loaded for trajectory optimization.
[INFO] [1783865990.001762519, 427.470000000]: Footprint model 'polygon' loaded for trajectory optimization.
[INFO] [1783865990.598542318, 428.066000000]: Footprint model 'polygon' loaded for trajectory optimization.
[INFO] [1783865991.198815245, 428.666000000]: Footprint model 'polygon' loaded for trajectory optimization.
[INFO] [1783865993.033365972, 430.496000000]: GOAL Reached!
[INFO] [1783865993.189731765, 430.652000000]: Footprint model 'polygon' loaded for trajectory optimization.
[INFO] [1783865994.074723454, 431.536000000]: Footprint model 'polygon' loaded for trajectory optimization.
[INFO] [1783865994.675989657, 432.136000000]: Footprint model 'polygon' loaded for trajectory optimization.
[INFO] [1783865995.377523857, 432.836000000]: Footprint model 'polygon' loaded for trajectory optimization.
[INFO] [1783865997.108899981, 434.566000000]: GOAL Reached!
[INFO] [1783865997.251164692, 434.708000000]: Footprint model 'polygon' loaded for trajectory optimization.
[INFO] [1783865998.121938989, 435.576000000]: Footprint model 'polygon' loaded for trajectory optimization.
[INFO] [1783865998.670295100, 436.124000000]: Footprint model 'polygon' loaded for trajectory optimization.
[INFO] [1783865999.266030381, 436.718000000]: Footprint model 'polygon' loaded for trajectory optimization.
[INFO] [1783865999.916031546, 437.368000000]: Footprint model 'polygon' loaded for trajectory optimization.
[INFO] [1783866001.449255872, 438.900000000]: GOAL Reached!
[INFO] [1783866001.609471967, 439.060000000]: Footprint model 'polygon' loaded for trajectory optimization.
[INFO] [1783866002.487157439, 439.936000000]: Footprint model 'polygon' loaded for trajectory optimization.
[INFO] [1783866003.133202195, 440.582000000]: Footprint model 'polygon' loaded for trajectory optimization.
[INFO] [1783866003.733971689, 441.180000000]: Footprint model 'polygon' loaded for trajectory optimization.
[INFO] [1783866005.715507354, 443.158000000]: GOAL Reached!
[INFO] [1783866005.863013733, 443.306000000]: Footprint model 'polygon' loaded for trajectory optimization.
[INFO] [1783866006.756113535, 444.198000000]: Footprint model 'polygon' loaded for trajectory optimization.
[INFO] [1783866007.399115203, 444.838000000]: Footprint model 'polygon' loaded for trajectory optimization.
[INFO] [1783866008.042746429, 445.480000000]: Footprint model 'polygon' loaded for trajectory optimization.
[INFO] [1783866008.643896117, 446.080000000]: Footprint model 'polygon' loaded for trajectory optimization.
[INFO] [1783866009.975753518, 447.410000000]: GOAL Reached!
[INFO] [1783866010.117677514, 447.552000000]: Footprint model 'polygon' loaded for trajectory optimization.
[INFO] [1783866010.983388594, 448.418000000]: Footprint model 'polygon' loaded for trajectory optimization.
[INFO] [1783866011.541553484, 448.974000000]: Footprint model 'polygon' loaded for trajectory optimization.
[INFO] [1783866012.179425983, 449.610000000]: Footprint model 'polygon' loaded for trajectory optimization.
[INFO] [1783866012.785183963, 450.216000000]: Footprint model 'polygon' loaded for trajectory optimization.
[INFO] [1783866014.215194499, 451.646000000]: GOAL Reached!
[INFO] [1783866014.355879839, 451.786000000]: Footprint model 'polygon' loaded for trajectory optimization.
[INFO] [1783866015.247347261, 452.674000000]: Footprint model 'polygon' loaded for trajectory optimization.
[INFO] [1783866015.800810181, 453.226000000]: Footprint model 'polygon' loaded for trajectory optimization.
[INFO] [1783866016.452534305, 453.876000000]: Footprint model 'polygon' loaded for trajectory optimization.
[INFO] [1783866017.052716089, 454.476000000]: Footprint model 'polygon' loaded for trajectory optimization.
[INFO] [1783866018.585666662, 456.004000000]: GOAL Reached!
[INFO] [1783866018.722945520, 456.142000000]: Footprint model 'polygon' loaded for trajectory optimization.
[INFO] [1783866019.602841917, 457.020000000]: Footprint model 'polygon' loaded for trajectory optimization.
[INFO] [1783866020.300906868, 457.718000000]: Footprint model 'polygon' loaded for trajectory optimization.
[INFO] [1783866020.850169078, 458.264000000]: Footprint model 'polygon' loaded for trajectory optimization.
[INFO] [1783866022.833187117, 460.246000000]: GOAL Reached!
[INFO] [1783866022.978680614, 460.390000000]: Footprint model 'polygon' loaded for trajectory optimization.
[INFO] [1783866023.858367141, 461.274000000]: Footprint model 'polygon' loaded for trajectory optimization.
[INFO] [1783866024.551660675, 461.964000000]: Footprint model 'polygon' loaded for trajectory optimization.
[INFO] [1783866025.153589090, 462.562000000]: Footprint model 'polygon' loaded for trajectory optimization.
[INFO] [1783866026.983273576, 464.392000000]: GOAL Reached!
[INFO] [1783866027.127632825, 464.534000000]: Footprint model 'polygon' loaded for trajectory optimization.
[INFO] [1783866027.994646495, 465.398000000]: Footprint model 'polygon' loaded for trajectory optimization.
[INFO] [1783866028.598627212, 466.000000000]: Footprint model 'polygon' loaded for trajectory optimization.
[INFO] [1783866029.192410448, 466.598000000]: Footprint model 'polygon' loaded for trajectory optimization.
[INFO] [1783866029.746750780, 467.150000000]: Footprint model 'polygon' loaded for trajectory optimization.
[INFO] [1783866031.227800259, 468.628000000]: GOAL Reached!
[INFO] [1783866031.365036856, 468.766000000]: Footprint model 'polygon' loaded for trajectory optimization.
[INFO] [1783866032.236643733, 469.634000000]: Footprint model 'polygon' loaded for trajectory optimization.
[INFO] [1783866032.846112592, 470.244000000]: Footprint model 'polygon' loaded for trajectory optimization.
[INFO] [1783866033.542658999, 470.938000000]: Footprint model 'polygon' loaded for trajectory optimization.
[INFO] [1783866035.377855156, 472.770000000]: GOAL Reached!
[INFO] [1783866035.516809610, 472.910000000]: Footprint model 'polygon' loaded for trajectory optimization.
[INFO] [1783866036.385089334, 473.774000000]: Footprint model 'polygon' loaded for trajectory optimization.
[INFO] [1783866036.943153294, 474.332000000]: Footprint model 'polygon' loaded for trajectory optimization.
[INFO] [1783866037.589200614, 474.976000000]: Footprint model 'polygon' loaded for trajectory optimization.
[INFO] [1783866038.193310545, 475.580000000]: Footprint model 'polygon' loaded for trajectory optimization.
[INFO] [1783866039.723619274, 477.106000000]: GOAL Reached!
[INFO] [1783866039.859075064, 477.242000000]: Footprint model 'polygon' loaded for trajectory optimization.
[INFO] [1783866040.775365548, 478.156000000]: Footprint model 'polygon' loaded for trajectory optimization.
[INFO] [1783866041.387953206, 478.770000000]: Footprint model 'polygon' loaded for trajectory optimization.
[INFO] [1783866041.982022184, 479.362000000]: Footprint model 'polygon' loaded for trajectory optimization.
[INFO] [1783866042.583383250, 479.962000000]: Footprint model 'polygon' loaded for trajectory optimization.
[INFO] [1783866044.563264963, 481.938000000]: GOAL Reached!
[INFO] [1783866044.719877071, 482.094000000]: Footprint model 'polygon' loaded for trajectory optimization.
[INFO] [1783866045.606124014, 482.980000000]: Footprint model 'polygon' loaded for trajectory optimization.
[INFO] [1783866046.209049754, 483.582000000]: Footprint model 'polygon' loaded for trajectory optimization.
[INFO] [1783866046.906886970, 484.278000000]: Footprint model 'polygon' loaded for trajectory optimization.
[INFO] [1783866048.839230732, 486.206000000]: GOAL Reached!
[INFO] [1783866048.970439950, 486.338000000]: Footprint model 'polygon' loaded for trajectory optimization.
[INFO] [1783866049.831536608, 487.198000000]: Footprint model 'polygon' loaded for trajectory optimization.
[INFO] [1783866050.528460567, 487.896000000]: Footprint model 'polygon' loaded for trajectory optimization.
[INFO] [1783866051.130081246, 488.496000000]: Footprint model 'polygon' loaded for trajectory optimization.
[INFO] [1783866051.679413936, 489.044000000]: Footprint model 'polygon' loaded for trajectory optimization.
[INFO] [1783866053.060244551, 490.422000000]: GOAL Reached!
[INFO] [1783866053.188707816, 490.550000000]: Footprint model 'polygon' loaded for trajectory optimization.
[INFO] [1783866054.075863273, 491.434000000]: Footprint model 'polygon' loaded for trajectory optimization.
[INFO] [1783866054.773501256, 492.132000000]: Footprint model 'polygon' loaded for trajectory optimization.
[INFO] [1783866055.416421113, 492.776000000]: Footprint model 'polygon' loaded for trajectory optimization.
[INFO] [1783866057.301171952, 494.654000000]: GOAL Reached!
[INFO] [1783866057.451337630, 494.804000000]: Footprint model 'polygon' loaded for trajectory optimization.
[INFO] [1783866058.322000844, 495.676000000]: Footprint model 'polygon' loaded for trajectory optimization.
[INFO] [1783866059.026092796, 496.378000000]: Footprint model 'polygon' loaded for trajectory optimization.
[INFO] [1783866059.670058941, 497.020000000]: Footprint model 'polygon' loaded for trajectory optimization.
[INFO] [1783866061.553764920, 498.900000000]: GOAL Reached!
[INFO] [1783866061.697669783, 499.044000000]: Footprint model 'polygon' loaded for trajectory optimization.
[INFO] [1783866062.569394161, 499.914000000]: Footprint model 'polygon' loaded for trajectory optimization.
[INFO] [1783866063.175901750, 500.520000000]: Footprint model 'polygon' loaded for trajectory optimization.
[INFO] [1783866063.774927835, 501.118000000]: Footprint model 'polygon' loaded for trajectory optimization.
[INFO] [1783866064.475796296, 501.816000000]: Footprint model 'polygon' loaded for trajectory optimization.
[INFO] [1783866065.905260657, 503.246000000]: GOAL Reached!
[INFO] [1783866066.037273802, 503.378000000]: Footprint model 'polygon' loaded for trajectory optimization.
[INFO] [1783866066.920748032, 504.258000000]: Footprint model 'polygon' loaded for trajectory optimization.
[INFO] [1783866067.568279303, 504.902000000]: Footprint model 'polygon' loaded for trajectory optimization.
[INFO] [1783866068.209124435, 505.546000000]: Footprint model 'polygon' loaded for trajectory optimization.
[INFO] [1783866068.806888687, 506.144000000]: Footprint model 'polygon' loaded for trajectory optimization.
[INFO] [1783866070.242339619, 507.576000000]: GOAL Reached!
[INFO] [1783866070.385476470, 507.718000000]: Footprint model 'polygon' loaded for trajectory optimization.
[INFO] [1783866071.285015480, 508.616000000]: Footprint model 'polygon' loaded for trajectory optimization.
[INFO] [1783866071.930699260, 509.260000000]: Footprint model 'polygon' loaded for trajectory optimization.
[INFO] [1783866072.529124446, 509.860000000]: Footprint model 'polygon' loaded for trajectory optimization.
[INFO] [1783866073.130676952, 510.458000000]: Footprint model 'polygon' loaded for trajectory optimization.
[INFO] [1783866074.509764786, 511.836000000]: GOAL Reached!
[INFO] [1783866074.649499725, 511.976000000]: Footprint model 'polygon' loaded for trajectory optimization.
[INFO] [1783866075.534680809, 512.858000000]: Footprint model 'polygon' loaded for trajectory optimization.
[INFO] [1783866076.119810650, 513.444000000]: Footprint model 'polygon' loaded for trajectory optimization.
[INFO] [1783866076.723147419, 514.048000000]: Footprint model 'polygon' loaded for trajectory optimization.
[INFO] [1783866078.652109678, 515.974000000]: GOAL Reached!
[INFO] [1783866078.801111933, 516.122000000]: Footprint model 'polygon' loaded for trajectory optimization.
[INFO] [1783866079.679191745, 516.996000000]: Footprint model 'polygon' loaded for trajectory optimization.
[INFO] [1783866080.365478288, 517.682000000]: Footprint model 'polygon' loaded for trajectory optimization.
[INFO] [1783866080.918777668, 518.232000000]: Footprint model 'polygon' loaded for trajectory optimization.
[INFO] [1783866082.800272801, 520.112000000]: GOAL Reached!
[INFO] [1783866082.935657575, 520.248000000]: Footprint model 'polygon' loaded for trajectory optimization.
[INFO] [1783866083.824343120, 521.138000000]: Footprint model 'polygon' loaded for trajectory optimization.
[INFO] [1783866084.516666455, 521.830000000]: Footprint model 'polygon' loaded for trajectory optimization.
[INFO] [1783866085.220312289, 522.528000000]: Footprint model 'polygon' loaded for trajectory optimization.
[INFO] [1783866086.945416310, 524.254000000]: GOAL Reached!
[INFO] [1783866087.087457901, 524.396000000]: Footprint model 'polygon' loaded for trajectory optimization.
[INFO] [1783866087.970925667, 525.276000000]: Footprint model 'polygon' loaded for trajectory optimization.
[INFO] [1783866088.667460480, 525.972000000]: Footprint model 'polygon' loaded for trajectory optimization.
[INFO] [1783866089.353396524, 526.658000000]: Footprint model 'polygon' loaded for trajectory optimization.
[INFO] [1783866091.089363603, 528.390000000]: GOAL Reached!
[INFO] [1783866091.219714449, 528.520000000]: Footprint model 'polygon' loaded for trajectory optimization.
[INFO] [1783866092.096272467, 529.396000000]: Footprint model 'polygon' loaded for trajectory optimization.
[INFO] [1783866092.791895220, 530.090000000]: Footprint model 'polygon' loaded for trajectory optimization.
[INFO] [1783866093.392044536, 530.690000000]: Footprint model 'polygon' loaded for trajectory optimization.
[INFO] [1783866095.525171538, 532.818000000]: GOAL Reached!
[INFO] [1783866095.672018450, 532.964000000]: Footprint model 'polygon' loaded for trajectory optimization.
[INFO] [1783866096.547383305, 533.838000000]: Footprint model 'polygon' loaded for trajectory optimization.
[INFO] [1783866097.239089433, 534.528000000]: Footprint model 'polygon' loaded for trajectory optimization.
[INFO] [1783866097.938757195, 535.230000000]: Footprint model 'polygon' loaded for trajectory optimization.
[INFO] [1783866099.871379402, 537.156000000]: GOAL Reached!
[INFO] [1783866100.006374849, 537.292000000]: Footprint model 'polygon' loaded for trajectory optimization.
[INFO] [1783866100.867668777, 538.156000000]: Footprint model 'polygon' loaded for trajectory optimization.
[INFO] [1783866101.483654750, 538.768000000]: Footprint model 'polygon' loaded for trajectory optimization.
[INFO] [1783866102.078992405, 539.362000000]: Footprint model 'polygon' loaded for trajectory optimization.
[INFO] [1783866102.628217592, 539.908000000]: Footprint model 'polygon' loaded for trajectory optimization.
[INFO] [1783866104.111010384, 541.390000000]: GOAL Reached!
[INFO] [1783866104.236574196, 541.514000000]: Footprint model 'polygon' loaded for trajectory optimization.
[INFO] [1783866105.118801664, 542.396000000]: Footprint model 'polygon' loaded for trajectory optimization.
[INFO] [1783866105.706202689, 542.982000000]: Footprint model 'polygon' loaded for trajectory optimization.
[INFO] [1783866106.409501642, 543.686000000]: Footprint model 'polygon' loaded for trajectory optimization.
[INFO] [1783866108.337132354, 545.612000000]: GOAL Reached!
[INFO] [1783866108.490203237, 545.764000000]: Footprint model 'polygon' loaded for trajectory optimization.
[INFO] [1783866109.388481407, 546.658000000]: Footprint model 'polygon' loaded for trajectory optimization.
[INFO] [1783866110.025414369, 547.296000000]: Footprint model 'polygon' loaded for trajectory optimization.
[INFO] [1783866110.620367434, 547.890000000]: Footprint model 'polygon' loaded for trajectory optimization.
[INFO] [1783866112.603121124, 549.868000000]: GOAL Reached!
[INFO] [1783866112.753612216, 550.020000000]: Footprint model 'polygon' loaded for trajectory optimization.
[INFO] [1783866113.632849219, 550.896000000]: Footprint model 'polygon' loaded for trajectory optimization.
[INFO] [1783866114.282825288, 551.546000000]: Footprint model 'polygon' loaded for trajectory optimization.
[INFO] [1783866114.934552154, 552.194000000]: Footprint model 'polygon' loaded for trajectory optimization.
[INFO] [1783866115.485972676, 552.746000000]: Footprint model 'polygon' loaded for trajectory optimization.
[INFO] [1783866116.964321035, 554.224000000]: GOAL Reached!
[INFO] [1783866117.094525792, 554.352000000]: Footprint model 'polygon' loaded for trajectory optimization.
[INFO] [1783866117.997837133, 555.254000000]: Footprint model 'polygon' loaded for trajectory optimization.
[INFO] [1783866118.685101239, 555.940000000]: Footprint model 'polygon' loaded for trajectory optimization.
[INFO] [1783866119.238317549, 556.492000000]: Footprint model 'polygon' loaded for trajectory optimization.
[INFO] [1783866121.117276113, 558.368000000]: GOAL Reached!
[INFO] [1783866121.260616193, 558.510000000]: Footprint model 'polygon' loaded for trajectory optimization.
[INFO] [1783866122.148045515, 559.398000000]: Footprint model 'polygon' loaded for trajectory optimization.
[INFO] [1783866122.838935980, 560.086000000]: Footprint model 'polygon' loaded for trajectory optimization.
[INFO] [1783866123.435733685, 560.682000000]: Footprint model 'polygon' loaded for trajectory optimization.
[INFO] [1783866123.987005392, 561.234000000]: Footprint model 'polygon' loaded for trajectory optimization.
[INFO] [1783866125.369303237, 562.612000000]: GOAL Reached!
[INFO] [1783866125.500418961, 562.742000000]: Footprint model 'polygon' loaded for trajectory optimization.
[INFO] [1783866126.374906276, 563.616000000]: Footprint model 'polygon' loaded for trajectory optimization.
[INFO] [1783866127.018990021, 564.258000000]: Footprint model 'polygon' loaded for trajectory optimization.
[INFO] [1783866127.666149015, 564.906000000]: Footprint model 'polygon' loaded for trajectory optimization.
[INFO] [1783866128.223181978, 565.460000000]: Footprint model 'polygon' loaded for trajectory optimization.
[INFO] [1783866129.699008082, 566.934000000]: GOAL Reached!
[INFO] [1783866129.844763116, 567.078000000]: Footprint model 'polygon' loaded for trajectory optimization.
[INFO] [1783866130.725295707, 567.958000000]: Footprint model 'polygon' loaded for trajectory optimization.
[INFO] [1783866131.411923579, 568.644000000]: Footprint model 'polygon' loaded for trajectory optimization.
[INFO] [1783866132.010767570, 569.240000000]: Footprint model 'polygon' loaded for trajectory optimization.
[INFO] [1783866132.616242171, 569.844000000]: Footprint model 'polygon' loaded for trajectory optimization.
[INFO] [1783866133.941853665, 571.172000000]: GOAL Reached!
[INFO] [1783866134.093479817, 571.322000000]: Footprint model 'polygon' loaded for trajectory optimization.
[INFO] [1783866134.974943251, 572.200000000]: Footprint model 'polygon' loaded for trajectory optimization.
[INFO] [1783866135.663386911, 572.888000000]: Footprint model 'polygon' loaded for trajectory optimization.
[INFO] [1783866136.359662899, 573.582000000]: Footprint model 'polygon' loaded for trajectory optimization.
[INFO] [1783866138.192872175, 575.412000000]: GOAL Reached!
[INFO] [1783866138.336487877, 575.556000000]: Footprint model 'polygon' loaded for trajectory optimization.
[INFO] [1783866139.218290464, 576.434000000]: Footprint model 'polygon' loaded for trajectory optimization.
[INFO] [1783866139.909004510, 577.126000000]: Footprint model 'polygon' loaded for trajectory optimization.
[INFO] [1783866140.458578643, 577.674000000]: Footprint model 'polygon' loaded for trajectory optimization.
[INFO] [1783866141.111948645, 578.326000000]: Footprint model 'polygon' loaded for trajectory optimization.
[INFO] [1783866142.443106706, 579.654000000]: GOAL Reached!
[INFO] [1783866142.588479873, 579.802000000]: Footprint model 'polygon' loaded for trajectory optimization.
[INFO] [1783866143.467054812, 580.678000000]: Footprint model 'polygon' loaded for trajectory optimization.
[INFO] [1783866144.110567528, 581.320000000]: Footprint model 'polygon' loaded for trajectory optimization.
[INFO] [1783866144.704891123, 581.914000000]: Footprint model 'polygon' loaded for trajectory optimization.
[INFO] [1783866145.360318910, 582.566000000]: Footprint model 'polygon' loaded for trajectory optimization.
[INFO] [1783866146.886708468, 584.094000000]: GOAL Reached!
[INFO] [1783866147.022854648, 584.228000000]: Footprint model 'polygon' loaded for trajectory optimization.
[INFO] [1783866147.913071459, 585.118000000]: Footprint model 'polygon' loaded for trajectory optimization.
[INFO] [1783866148.555733071, 585.756000000]: Footprint model 'polygon' loaded for trajectory optimization.
[INFO] [1783866149.152726901, 586.356000000]: Footprint model 'polygon' loaded for trajectory optimization.
[INFO] [1783866151.135454580, 588.334000000]: GOAL Reached!
[INFO] [1783866151.273842785, 588.472000000]: Footprint model 'polygon' loaded for trajectory optimization.
[INFO] [1783866152.154896500, 589.352000000]: Footprint model 'polygon' loaded for trajectory optimization.
[INFO] [1783866152.800939648, 589.996000000]: Footprint model 'polygon' loaded for trajectory optimization.
[INFO] [1783866153.404129454, 590.596000000]: Footprint model 'polygon' loaded for trajectory optimization.
[INFO] [1783866154.056212454, 591.248000000]: Footprint model 'polygon' loaded for trajectory optimization.
[INFO] [1783866155.580009107, 592.772000000]: GOAL Reached!
[INFO] [1783866155.721956965, 592.912000000]: Footprint model 'polygon' loaded for trajectory optimization.
[INFO] [1783866156.589390168, 593.778000000]: Footprint model 'polygon' loaded for trajectory optimization.
[INFO] [1783866157.139032170, 594.328000000]: Footprint model 'polygon' loaded for trajectory optimization.
[INFO] [1783866157.790130793, 594.976000000]: Footprint model 'polygon' loaded for trajectory optimization.
[INFO] [1783866158.437669931, 595.624000000]: Footprint model 'polygon' loaded for trajectory optimization.
[INFO] [1783866159.915995175, 597.102000000]: GOAL Reached!
[INFO] [1783866160.056737863, 597.240000000]: Footprint model 'polygon' loaded for trajectory optimization.
[INFO] [1783866160.929300537, 598.112000000]: Footprint model 'polygon' loaded for trajectory optimization.
[INFO] [1783866161.479675406, 598.660000000]: Footprint model 'polygon' loaded for trajectory optimization.
[INFO] [1783866162.312561546, 599.494000000]: Footprint model 'polygon' loaded for trajectory optimization.
[INFO] [1783866163.186618701, 600.364000000]: Footprint model 'polygon' loaded for trajectory optimization.
[INFO] [1783866163.830915749, 601.008000000]: Footprint model 'polygon' loaded for trajectory optimization.
[INFO] [1783866164.432382403, 601.608000000]: Footprint model 'polygon' loaded for trajectory optimization.
[INFO] [1783866165.080991756, 602.256000000]: Footprint model 'polygon' loaded for trajectory optimization.
[INFO] [1783866166.623348502, 603.796000000]: GOAL Reached!
[INFO] [1783866166.754967838, 603.926000000]: Footprint model 'polygon' loaded for trajectory optimization.
[INFO] [1783866167.707092170, 604.878000000]: Footprint model 'polygon' loaded for trajectory optimization.
[INFO] [1783866168.754127085, 605.924000000]: Footprint model 'polygon' loaded for trajectory optimization.
[INFO] [1783866169.894391403, 607.064000000]: Footprint model 'polygon' loaded for trajectory optimization.
[INFO] [1783866170.779227748, 607.944000000]: Footprint model 'polygon' loaded for trajectory optimization.
[INFO] [1783866171.419078749, 608.584000000]: Footprint model 'polygon' loaded for trajectory optimization.
[INFO] [1783866172.019274908, 609.182000000]: Footprint model 'polygon' loaded for trajectory optimization.
[INFO] [1783866172.619051192, 609.782000000]: Footprint model 'polygon' loaded for trajectory optimization.
[INFO] [1783866174.211047780, 611.370000000]: GOAL Reached!
[INFO] [1783866174.340445158, 611.498000000]: Footprint model 'polygon' loaded for trajectory optimization.
[INFO] [1783866175.303898493, 612.462000000]: Footprint model 'polygon' loaded for trajectory optimization.
[INFO] [1783866176.453069924, 613.610000000]: Footprint model 'polygon' loaded for trajectory optimization.
[INFO] [1783866177.566344737, 614.722000000]: Footprint model 'polygon' loaded for trajectory optimization.
[INFO] [1783866178.449156198, 615.604000000]: Footprint model 'polygon' loaded for trajectory optimization.
[INFO] [1783866179.093216589, 616.246000000]: Footprint model 'polygon' loaded for trajectory optimization.
[INFO] [1783866179.690532058, 616.844000000]: Footprint model 'polygon' loaded for trajectory optimization.
[INFO] [1783866180.337813540, 617.492000000]: Footprint model 'polygon' loaded for trajectory optimization.
[INFO] [1783866181.883827750, 619.032000000]: GOAL Reached!
[INFO] [1783866182.026854265, 619.174000000]: Footprint model 'polygon' loaded for trajectory optimization.
[INFO] [1783866182.899573960, 620.046000000]: Footprint model 'polygon' loaded for trajectory optimization.
[INFO] [1783866183.458397575, 620.604000000]: Footprint model 'polygon' loaded for trajectory optimization.
[INFO] [1783866184.187917581, 621.334000000]: Footprint model 'polygon' loaded for trajectory optimization.
[INFO] [1783866185.205883537, 622.350000000]: Footprint model 'polygon' loaded for trajectory optimization.
[INFO] [1783866186.331898312, 623.474000000]: Footprint model 'polygon' loaded for trajectory optimization.
[INFO] [1783866187.224376941, 624.364000000]: Footprint model 'polygon' loaded for trajectory optimization.
[INFO] [1783866187.865865394, 625.004000000]: Footprint model 'polygon' loaded for trajectory optimization.
[INFO] [1783866188.464685760, 625.604000000]: Footprint model 'polygon' loaded for trajecto[WARN] [1783866202.156329049, 639.272000000]: Control loop missed its desired rate of 10.0000Hz... the loop actually took 0.1020 seconds
[WARN] [1783866202.269933047, 639.386000000]: Control loop missed its desired rate of 10.0000Hz... the loop actually took 0.1160 seconds
[WARN] [1783866202.270601855, 639.388000000]: Map update loop missed its desired rate of 10.0000Hz... the loop actually took 0.1580 seconds
ry optimization.
[INFO] [1783866189.067637468, 626.204000000]: Footprint model 'polygon' loaded for trajectory optimization.
[INFO] [1783866190.655560007, 627.792000000]: GOAL Reached!
[INFO] [1783866190.793561955, 627.930000000]: Footprint model 'polygon' loaded for trajectory optimization.
[INFO] [1783866191.713182529, 628.846000000]: Footprint model 'polygon' loaded for trajectory optimization.
[INFO] [1783866192.488461517, 629.618000000]: Footprint model 'polygon' loaded for trajectory optimization.
[INFO] [1783866193.526903779, 630.658000000]: Footprint model 'polygon' loaded for trajectory optimization.
[INFO] [1783866194.654471794, 631.782000000]: Footprint model 'polygon' loaded for trajectory optimization.
[INFO] [1783866195.538259441, 632.664000000]: Footprint model 'polygon' loaded for trajectory optimization.
[INFO] [1783866196.181804573, 633.306000000]: Footprint model 'polygon' loaded for trajectory optimization.
[INFO] [1783866196.777457701, 633.904000000]: Footprint model 'polygon' loaded for trajectory optimization.
[INFO] [1783866197.430819101, 634.554000000]: Footprint model 'polygon' loaded for trajectory optimization.
[INFO] [1783866198.969001897, 636.092000000]: GOAL Reached!
[INFO] [1783866199.105236080, 636.228000000]: Footprint model 'polygon' loaded for trajectory optimization.
[INFO] [1783866199.986022646, 637.106000000]: Footprint model 'polygon' loaded for trajectory optimization.
[INFO] [1783866200.671728202, 637.790000000]: Footprint model 'polygon' loaded for trajectory optimization.
[INFO] [1783866201.647666325, 638.764000000]: Footprint model 'polygon' loaded for trajectory optimization.
[INFO] [1783866202.327990695, 639.444000000]: Footprint model 'polygon' loaded for trajectory optimization.
[INFO] [1783866203.470342434, 640.586000000]: Footprint model 'polygon' loaded for trajectory optimization.
[INFO] [1783866204.333469197, 641.444000000]: Footprint model 'polygon' loaded for trajectory optimization.
[INFO] [1783866204.933146229, 642.044000000]: Footprint model 'polygon' loaded for trajectory optimization.
[INFO] [1783866205.530658050, 642.642000000]: Footprint model 'polygon' loaded for trajectory optimization.
[INFO] [1783866206.084064110, 643.192000000]: Footprint model 'polygon' loaded for trajectory optimization.
[INFO] [1783866207.877516249, 644.982000000]: GOAL Reached!
[INFO] [1783866208.020187178, 645.124000000]: Footprint model 'polygon' loaded for trajectory optimization.
[INFO] [1783866208.877887440, 645.984000000]: Footprint model 'polygon' loaded for trajectory optimization.
[INFO] [1783866209.431841763, 646.538000000]: Footprint model 'polygon' loaded for trajectory optimization.
[INFO] [1783866210.079078987, 647.182000000]: Footprint model 'polygon' loaded for trajectory optimization.
[INFO] [1783866210.679023601, 647.780000000]: Footprint model 'polygon' loaded for trajectory optimization.
[INFO] [1783866211.281651894, 648.382000000]: Footprint model 'polygon' loaded for trajectory optimization.
[INFO] [1783866211.881628339, 648.980000000]: Footprint model 'polygon' loaded for trajectory optimization.
[INFO] [1783866213.120498519, 650.222000000]: GOAL Reached!
[INFO] [1783866213.266237571, 650.368000000]: Footprint model 'polygon' loaded for trajectory optimization.
[INFO] [1783866214.125497821, 651.224000000]: Footprint model 'polygon' loaded for trajectory optimization.
[INFO] [1783866214.824302162, 651.920000000]: Footprint model 'polygon' loaded for trajectory optimization.
[INFO] [1783866215.795674061, 652.886000000]: Footprint model 'polygon' loaded for trajectory optimization.
[INFO] [1783866216.457385684, 653.550000000]: Footprint model 'polygon' loaded for trajectory optimization.
[INFO] [1783866217.395777136, 654.486000000]: Footprint model 'polygon' loaded for trajectory optimization.
[INFO] [1783866217.997748108, 655.086000000]: Footprint model 'polygon' loaded for trajectory optimization.
[INFO] [1783866218.596170304, 655.682000000]: Footprint model 'polygon' loaded for trajectory optimization.
[INFO] [1783866219.146106391, 656.234000000]: Footprint model 'polygon' loaded for trajectory optimization.
[INFO] [1783866221.041251732, 658.124000000]: GOAL Reached!
[INFO] [1783866221.184919770, 658.266000000]: Footprint model 'polygon' loaded for trajectory optimization.
[INFO] [1783866222.062555489, 659.144000000]: Footprint model 'polygon' loaded for trajectory optimization.
[INFO] [1783866222.606962267, 659.686000000]: Footprint model 'polygon' loaded for trajectory optimization.
[INFO] [1783866223.254387456, 660.332000000]: Footprint model 'polygon' loaded for trajectory optimization.
[INFO] [1783866223.807897583, 660.886000000]: Footprint model 'polygon' loaded for trajectory optimization.
[INFO] [1783866224.409498385, 661.486000000]: Footprint model 'polygon' loaded for trajectory optimization.
[INFO] [1783866225.058485489, 662.132000000]: Footprint model 'polygon' loaded for trajectory optimization.
[INFO] [1783866226.600772440, 663.674000000]: GOAL Reached!
[INFO] [1783866226.743408956, 663.816000000]: Footprint model 'polygon' loaded for trajectory optimization.
[INFO] [1783866227.615634893, 664.686000000]: Footprint model 'polygon' loaded for trajectory optimization.
[INFO] [1783866228.303403296, 665.374000000]: Footprint model 'polygon' loaded for trajectory optimization.
[INFO] [1783866229.331107176, 666.400000000]: Footprint model 'polygon' loaded for trajectory optimization.
[INFO] [1783866230.274808354, 667.344000000]: Footprint model 'polygon' loaded for trajectory optimization.
[INFO] [1783866230.971001392, 668.036000000]: Footprint model 'polygon' loaded for trajectory optimization.
[INFO] [1783866231.566581703, 668.632000000]: Footprint model 'polygon' loaded for trajectory optimization.
[INFO] [1783866232.121771389, 669.186000000]: Footprint model 'polygon' loaded for trajectory optimization.
[INFO] [1783866233.813045679, 670.874000000]: GOAL Reached!
[INFO] [1783866233.956749793, 671.018000000]: Footprint model 'polygon' loaded for trajectory optimization.
[INFO] [1783866234.825111249, 671.888000000]: Footprint model 'polygon' loaded for trajectory optimization.
[INFO] [1783866235.429002925, 672.488000000]: Footprint model 'polygon' loaded for trajectory optimization.
[INFO] [1783866235.981275019, 673.040000000]: Footprint model 'polygon' loaded for trajectory optimization.
[INFO] [1783866236.581683963, 673.640000000]: Footprint model 'polygon' loaded for trajectory optimization.
[INFO] [1783866237.179907499, 674.236000000]: Footprint model 'polygon' loaded for trajectory optimization.
[INFO] [1783866237.827647284, 674.882000000]: Footprint model 'polygon' loaded for trajectory optimization.
[INFO] [1783866239.375425428, 676.426000000]: GOAL Reached!
[INFO] [1783866239.505070472, 676.556000000]: Footprint model 'polygon' loaded for trajectory optimization.
[INFO] [1783866240.371268294, 677.424000000]: Footprint model 'polygon' loaded for trajectory optimization.
[INFO] [1783866240.919209312, 677.970000000]: Footprint model 'polygon' loaded for trajectory optimization.
[INFO] [1783866241.661513884, 678.710000000]: Footprint model 'polygon' loaded for trajectory optimization.
[INFO] [1783866242.688661646, 679.736000000]: Footprint model 'polygon' loaded for trajectory optimization.
[INFO] [1783866243.640102008, 680.686000000]: Footprint model 'polygon' loaded for trajectory optimization.
[INFO] [1783866244.237353833, 681.282000000]: Footprint model 'polygon' loaded for trajectory optimization.
[INFO] [1783866244.834607244, 681.880000000]: Footprint model 'polygon' loaded for trajectory optimization.
[INFO] [1783866245.438978354, 682.482000000]: Footprint model 'polygon' loaded for trajectory optimization.
[INFO] [1783866247.279478233, 684.320000000]: GOAL Reached!
[INFO] [1783866247.426818569, 684.466000000]: Footprint model 'polygon' loaded for trajectory optimization.
[INFO] [1783866248.304983768, 685.344000000]: Footprint model 'polygon' loaded for trajectory optimization.
[INFO] [1783866248.909853972, 685.946000000]: Footprint model 'polygon' loaded for trajectory optimization.
[INFO] [1783866249.455977003, 686.494000000]: Footprint model 'polygon' loa[WARN] [1783866256.767171583, 693.792000000]: Control loop missed its desired rate of 10.0000Hz... the loop actually took 0.1180 seconds
[WARN] [1783866256.767820088, 693.794000000]: Map update loop missed its desired rate of 10.0000Hz... the loop actually took 0.1640 seconds
ded for trajectory optimization.
[INFO] [1783866250.059297730, 687.096000000]: Footprint model 'polygon' loaded for trajectory optimization.
[INFO] [1783866250.658111439, 687.692000000]: Footprint model 'polygon' loaded for trajectory optimization.
[INFO] [1783866251.306840141, 688.340000000]: Footprint model 'polygon' loaded for trajectory optimization.
[INFO] [1783866252.851100762, 689.882000000]: GOAL Reached!
[INFO] [1783866252.997968172, 690.028000000]: Footprint model 'polygon' loaded for trajectory optimization.
[INFO] [1783866253.876997365, 690.906000000]: Footprint model 'polygon' loaded for trajectory optimization.
[INFO] [1783866254.422802204, 691.452000000]: Footprint model 'polygon' loaded for trajectory optimization.
[INFO] [1783866255.164556985, 692.190000000]: Footprint model 'polygon' loaded for trajectory optimization.
[INFO] [1783866256.140787147, 693.166000000]: Footprint model 'polygon' loaded for trajectory optimization.
[INFO] [1783866256.825559154, 693.850000000]: Footprint model 'polygon' loaded for trajectory optimization.
[INFO] [1783866257.762277376, 694.784000000]: Footprint model 'polygon' loaded for trajectory optimization.
[INFO] [1783866258.361736052, 695.384000000]: Footprint model 'polygon' loaded for trajectory optimization.
[INFO] [1783866258.958595466, 695.980000000]: Footprint model 'polygon' loaded for trajectory optimization.
[INFO] [1783866259.559677783, 696.578000000]: Footprint model 'polygon' loaded for trajectory optimization.
[INFO] [1783866261.303462466, 698.320000000]: GOAL Reached!
[INFO] [1783866261.449552002, 698.468000000]: Footprint model 'polygon' loaded for trajectory optimization.
[INFO] [1783866262.312058068, 699.326000000]: Footprint model 'polygon' loaded for trajectory optimization.
[INFO] [1783866262.870920273, 699.884000000]: Footprint model 'polygon' loaded for trajectory optimization.
[INFO] [1783866263.515431321, 700.528000000]: Footprint model 'polygon' loaded for trajectory optimization.
[INFO] [1783866264.117017959, 701.128000000]: Footprint model 'polygon' loaded for trajectory optimization.
[INFO] [1783866264.669438602, 701.680000000]: Footprint model 'polygon' loaded for trajectory optimization.
[INFO] [1783866265.267880113, 702.278000000]: Footprint model 'polygon' loaded for trajectory optimization.
[INFO] [1783866266.860664675, 703.868000000]: GOAL Reached!
[INFO] [1783866266.997012362, 704.004000000]: Footprint model 'polygon' loaded for trajectory optimization.
[INFO] [1783866267.880017561, 704.884000000]: Footprint model 'polygon' loaded for trajectory optimization.
[INFO] [1783866268.557258753, 705.562000000]: Footprint model 'polygon' loaded for trajectory optimization.
[INFO] [1783866269.603950226, 706.606000000]: Footprint model 'polygon' loaded for trajectory optimization.
[INFO] [1783866270.562030521, 707.564000000]: Footprint model 'polygon' loaded for trajectory optimization.
[INFO] [1783866271.103940175, 708.104000000]: Footprint model 'polygon' loaded for trajectory optimization.
[INFO] [1783866271.702867316, 708.702000000]: Footprint model 'polygon' loaded for trajectory optimization.
[INFO] [1783866272.301576573, 709.304000000]: Footprint model 'polygon' loaded for trajectory optimization.
[INFO] [1783866274.197134322, 711.192000000]: GOAL Reached!
[INFO] [1783866274.339614073, 711.334000000]: Footprint model 'polygon' loaded for trajectory optimization.
[INFO] [1783866275.210261182, 712.202000000]: Footprint model 'polygon' loaded for trajectory optimization.
[INFO] [1783866275.907783722, 712.900000000]: Footprint model 'polygon' loaded for trajectory optimization.
[INFO] [1783866276.507954154, 713.498000000]: Footprint model 'polygon' loaded for trajectory optimization.
[INFO] [1783866277.105038964, 714.096000000]: Footprint model 'polygon' loaded for trajectory optimization.
[INFO] [1783866277.705669222, 714.696000000]: Footprint model 'polygon' loaded for trajectory optimization.
[INFO] [1783866278.306676453, 715.294000000]: Footprint model 'polygon' loaded for trajectory optimization.
[INFO] [1783866279.648776670, 716.636000000]: GOAL Reached!
[INFO] [1783866279.783157952, 716.770000000]: Footprint model 'polygon' loaded for trajectory optimization.
[INFO] [1783866280.661117394, 717.646000000]: Footprint model 'polygon' loaded for trajectory optimization.
[INFO] [1783866281.339018745, 718.322000000]: Footprint model 'polygon' loaded for trajectory optimization.
[INFO] [1783866282.304241460, 719.284000000]: Footprint model 'polygon' loaded for trajectory optimization.
[INFO] [1783866282.980969318, 719.962000000]: Footprint model 'polygon' loaded for trajectory optimization.
[INFO] [1783866283.925067482, 720.904000000]: Footprint model 'polygon' loaded for trajectory optimization.
[INFO] [1783866284.469825594, 721.450000000]: Footprint model 'polygon' loaded for trajectory optimization.
[INFO] [1783866285.073036950, 722.050000000]: Footprint model 'polygon' loaded for trajectory optimization.
[INFO] [1783866285.669517854, 722.648000000]: Footprint model 'polygon' loaded for trajectory optimization.
[INFO] [1783866286.273240944, 723.248000000]: Footprint model 'polygon' loaded for trajectory optimization.
[INFO] [1783866287.763196581, 724.736000000]: GOAL Reached!
[INFO] [1783866287.905672508, 724.878000000]: Footprint model 'polygon' loaded for trajectory optimization.
[INFO] [1783866288.755290461, 725.726000000]: Footprint model 'polygon' loaded for trajectory optimization.
[INFO] [1783866289.328882825, 726.300000000]: Footprint model 'polygon' loaded for trajectory optimization.
[INFO] [1783866289.913248656, 726.882000000]: Footprint model 'polygon' loaded for trajectory optimization.
[INFO] [1783866290.511980247, 727.482000000]: Footprint model 'polygon' loaded for trajectory optimization.
[INFO] [1783866291.114351236, 728.082000000]: Footprint model 'polygon' loaded for trajectory optimization.
[INFO] [1783866291.715934146, 728.682000000]: Footprint model 'polygon' loaded for trajectory optimization.
[INFO] [1783866293.305481847, 730.270000000]: GOAL Reached!
[INFO] [1783866293.470021898, 730.434000000]: Footprint model 'polygon' loaded for trajectory optimization.
[INFO] [1783866294.341759034, 731.304000000]: Footprint model 'polygon' loaded for trajectory optimization.
[INFO] [1783866295.031539031, 731.994000000]: Footprint model 'polygon' loaded for trajectory optimization.
[INFO] [1783866296.177475554, 733.138000000]: Footprint model 'polygon' loaded for trajectory optimization.
[INFO] [1783866297.105343368, 734.064000000]: Footprint model 'polygon' loaded for trajectory optimization.
[INFO] [1783866297.705622934, 734.664000000]: Footprint model 'polygon' loaded for trajectory optimization.
[INFO] [1783866298.255093679, 735.212000000]: Footprint model 'polygon' loaded for trajectory optimization.
[INFO] [1783866298.856110885, 735.810000000]: Footprint model 'polygon' loaded for trajectory optimization.
[INFO] [1783866300.645160722, 737.600000000]: GOAL Reached!
[INFO] [1783866300.796454529, 737.748000000]: Footprint model 'polygon' loaded for trajectory optimization.
[INFO] [1783866301.674261293, 738.624000000]: Footprint model 'polygon' loaded for trajectory optimization.
[INFO] [1783866302.233985319, 739.182000000]: Footprint model 'polygon' loaded for trajectory optimization.
[INFO] [1783866302.833216148, 739.782000000]: Footprint model 'polygon' loaded for trajectory optimization.
[INFO] [1783866303.431971307, 740.380000000]: Footprint model 'polygon' loaded for trajectory optimization.
[INFO] [1783866304.034148305, 740.980000000]: Footprint model 'polygon' loaded for trajectory optimization.
[INFO] [1783866304.631921533, 741.578000000]: Footprint model 'polygon' loaded for trajectory optimization.
[INFO] [1783866306.023353139, 742.968000000]: GOAL Reached!
[INFO] [1783866306.157553383, 743.102000000]: Footprint model 'polygon' loaded for trajectory optimization.
[INFO] [1783866307.024367431, 743.966000000]: Footprint model 'polygon' loaded for trajectory optimization.
[INFO] [1783866307.714022486, 744.654000000]: Footprint model 'polygon' loaded for trajectory optimization.
[INFO] [1783866308.703558141, 745.644000000]: Footprint mod[WARN] [1783866309.112728119, 746.056000000]: Control loop missed its desired rate of 10.0000Hz... the loop actually took 0.1020 seconds
[WARN] [1783866309.224614312, 746.168000000]: Control loop missed its desired rate of 10.0000Hz... the loop actually took 0.1140 seconds
[WARN] [1783866309.356307459, 746.300000000]: Control loop missed its desired rate of 10.0000Hz... the loop actually took 0.1460 seconds
el 'polygon' loaded for trajectory optimization.
[INFO] [1783866309.413912128, 746.356000000]: Footprint model 'polygon' loaded for trajectory optimization.
[INFO] [1783866310.347197992, 747.286000000]: Footprint model 'polygon' loaded for trajectory optimization.
[INFO] [1783866310.937535685, 747.874000000]: Footprint model 'polygon' loaded for trajectory optimization.
[INFO] [1783866311.487314557, 748.424000000]: Footprint model 'polygon' loaded for trajectory optimization.
[INFO] [1783866312.141883654, 749.076000000]: Footprint model 'polygon' loaded for trajectory optimization.
[INFO] [1783866313.980548292, 750.912000000]: GOAL Reached!
[INFO] [1783866314.138657147, 751.068000000]: Footprint model 'polygon' loaded for trajectory optimization.
[INFO] [1783866315.016041231, 751.944000000]: Footprint model 'polygon' loaded for trajectory optimization.
[INFO] [1783866315.557993200, 752.486000000]: Footprint model 'polygon' loaded for trajectory optimization.
[INFO] [1783866316.158477831, 753.084000000]: Footprint model 'polygon' loaded for trajectory optimization.
[INFO] [1783866316.758756451, 753.684000000]: Footprint model 'polygon' loaded for trajectory optimization.
[INFO] [1783866317.404031144, 754.328000000]: Footprint model 'polygon' loaded for trajectory optimization.
[INFO] [1783866318.005969632, 754.930000000]: Footprint model 'polygon' loaded for trajectory optimization.
[INFO] [1783866319.449681008, 756.370000000]: GOAL Reached!
[INFO] [1783866319.583321633, 756.504000000]: Footprint model 'polygon' loaded for trajectory optimization.
[INFO] [1783866320.467382176, 757.386000000]: Footprint model 'polygon' loaded for trajectory optimization.
[INFO] [1783866321.240187530, 758.162000000]: Footprint model 'polygon' loaded for trajectory optimization.
[INFO] [1783866322.283279281, 759.198000000]: Footprint model 'polygon' loaded for trajectory optimization.
[INFO] [1783866323.229558989, 760.146000000]: Footprint model 'polygon' loaded for trajectory optimization.
[INFO] [1783866323.776676292, 760.690000000]: Footprint model 'polygon' loaded for trajectory optimization.
[INFO] [1783866324.376995465, 761.290000000]: Footprint model 'polygon' loaded for trajectory optimization.
[INFO] [1783866324.972973798, 761.888000000]: Footprint model 'polygon' loaded for trajectory optimization.
[INFO] [1783866326.767846825, 763.678000000]: GOAL Reached!
[INFO] [1783866326.899165484, 763.810000000]: Footprint model 'polygon' loaded for trajectory optimization.
[INFO] [1783866327.757847025, 764.666000000]: Footprint model 'polygon' loaded for trajectory optimization.
[INFO] [1783866328.314936232, 765.222000000]: Footprint model 'polygon' loaded for trajectory optimization.
[INFO] [1783866328.912599556, 765.818000000]: Footprint model 'polygon' loaded for trajectory optimization.
[INFO] [1783866329.563865643, 766.468000000]: Footprint model 'polygon' loaded for trajectory optimization.
[INFO] [1783866330.114070450, 767.018000000]: Footprint model 'polygon' loaded for trajectory optimization.
[INFO] [1783866330.763750514, 767.668000000]: Footprint model 'polygon' loaded for trajectory optimization.
[INFO] [1783866332.306954916, 769.206000000]: GOAL Reached!
[INFO] [1783866332.448320278, 769.348000000]: Footprint model 'polygon' loaded for trajectory optimization.
[INFO] [1783866333.345639338, 770.244000000]: Footprint model 'polygon' loaded for trajectory optimization.
[INFO] [1783866334.025607453, 770.922000000]: Footprint model 'polygon' loaded for trajectory optimization.
[INFO] [1783866335.065692235, 771.962000000]: Footprint model 'polygon' loaded for trajectory optimization.
[INFO] [1783866335.991924983, 772.886000000]: Footprint model 'polygon' loaded for trajectory optimization.
[INFO] [1783866336.540420752, 773.434000000]: Footprint model 'polygon' loaded for trajectory optimization.
[INFO] [1783866337.191805126, 774.084000000]: Footprint model 'polygon' loaded for trajectory optimization.
[INFO] [1783866337.787494521, 774.678000000]: Footprint model 'polygon' loaded for trajectory optimization.
[INFO] [1783866338.338744707, 775.230000000]: Footprint model 'polygon' loaded for trajectory optimization.
[INFO] [1783866338.988308273, 775.876000000]: Footprint model 'polygon' loaded for trajectory optimization.
[INFO] [1783866339.540449432, 776.428000000]: Footprint model 'polygon' loaded for trajectory optimization.
[INFO] [1783866340.140138764, 777.026000000]: Footprint model 'polygon' loaded for trajectory optimization.
[INFO] [1783866341.831718128, 778.716000000]: GOAL Reached!
[INFO] [1783866341.977622705, 778.862000000]: Footprint model 'polygon' loaded for trajectory optimization.
[INFO] [1783866342.863648568, 779.744000000]: Footprint model 'polygon' loaded for trajectory optimization.
[INFO] [1783866343.549359654, 780.430000000]: Footprint model 'polygon' loaded for trajectory optimization.
[INFO] [1783866344.601031112, 781.480000000]: Footprint model 'polygon' loaded for trajectory optimization.
[INFO] [1783866345.527612412, 782.404000000]: Footprint model 'polygon' loaded for trajectory optimization.
[INFO] [1783866346.179618255, 783.056000000]: Footprint model 'polygon' loaded for trajectory optimization.
[INFO] [1783866346.830248492, 783.704000000]: Footprint model 'polygon' loaded for trajectory optimization.
[INFO] [1783866347.378844780, 784.252000000]: Footprint model 'polygon' loaded for trajectory optimization.
[INFO] [1783866347.975318072, 784.852000000]: Footprint model 'polygon' loaded for trajectory optimization.
[INFO] [1783866348.580623056, 785.452000000]: Footprint model 'polygon' loaded for trajectory optimization.
[INFO] [1783866349.181208208, 786.052000000]: Footprint model 'polygon' loaded for trajectory optimization.
[INFO] [1783866349.829628035, 786.700000000]: Footprint model 'polygon' loaded for trajectory optimization.
[INFO] [1783866351.170731348, 788.040000000]: GOAL Reached!
[INFO] [1783866351.294097831, 788.162000000]: Footprint model 'polygon' loaded for trajectory optimization.
[INFO] [1783866352.176335580, 789.046000000]: Footprint model 'polygon' loaded for trajectory optimization.
[INFO] [1783866352.952951052, 789.818000000]: Footprint model 'polygon' loaded for trajectory optimization.
[INFO] [1783866353.999455979, 790.864000000]: Footprint model 'polygon' loaded for trajectory optimization.
[INFO] [1783866354.944131885, 791.804000000]: Footprint model 'polygon' loaded for trajectory optimization.
[INFO] [1783866355.549842092, 792.410000000]: Footprint model 'polygon' loaded for trajectory optimization.
[INFO] [1783866356.104546772, 792.962000000]: Footprint model 'polygon' loaded for trajectory optimization.
[INFO] [1783866356.750347596, 793.608000000]: Footprint model 'polygon' loaded for trajectory optimization.
[INFO] [1783866357.347985342, 794.206000000]: Footprint model 'polygon' loaded for trajectory optimization.
[INFO] [1783866357.900473490, 794.758000000]: Footprint model 'polygon' loaded for trajectory optimization.
[INFO] [1783866358.505282798, 795.360000000]: Footprint model 'polygon' loaded for trajectory optimization.
[INFO] [1783866359.152636040, 796.008000000]: Footprint model 'polygon' loaded for trajectory optimization.
[INFO] [1783866360.792839146, 797.646000000]: GOAL Reached!
[INFO] [1783866360.949010044, 797.802000000]: Footprint model 'polygon' loaded for trajectory optimization.
[INFO] [1783866361.835886340, 798.686000000]: Footprint model 'polygon' loaded for trajectory optimization.
[INFO] [1783866362.611589727, 799.462000000]: Footprint model 'polygon' loaded for trajectory optimization.
[INFO] [1783866363.659500482, 800.506000000]: Footprint model 'polygon' loaded for trajectory optimization.
[INFO] [1783866364.619633841, 801.464000000]: Footprint model 'polygon' loaded for trajectory optimization.
[INFO] [1783866365.314715849, 802.158000000]: Footprint model 'polygon' loaded for trajectory optimization.
[INFO] [1783866365.865449003, 802.710000000]: Footprint model 'polygon' loaded for trajectory optimization.
[INFO] [1783866366.513689634, 803.358000000]: Footprint model 'polygon' loaded for trajectory optimization.
[INFO] [1783866367.119078799, 803.960000000]: Footprint model 'polygon' loaded for trajectory optimization.
[INFO] [1783866367.667215883, 804.508000000]: Footprint model 'polygon' loaded for trajectory optimization.
[INFO] [1783866368.270654733, 805.110000000]: Footprint model 'polygon' loaded for trajectory optimization.
[INFO] [1783866368.916330132, 805.756000000]: Footprint model 'polygon' loaded for trajectory optimization.
[INFO] [1783866369.466694316, 806.304000000]: Footprint model 'polygon' loaded for trajectory optimization.
[INFO] [1783866371.159379393, 807.994000000]: GOAL Reached!
[INFO] [1783866371.322046193, 808.156000000]: Footprint model 'polygon' loaded for trajectory optimization.
[INFO] [1783866372.213104065, 809.046000000]: Footprint model 'polygon' loaded for trajectory optimization.
[INFO] [1783866372.991634090, 809.822000000]: Footprint model 'polygon' loaded for trajectory optimization.
[INFO] [1783866374.028107972, 810.858000000]: Footprint model 'polygon' loaded for trajectory optimization.
[INFO] [1783866374.995308162, 811.824000000]: Footprint model 'polygon' loaded for trajectory optimization.
[INFO] [1783866375.683591959, 812.510000000]: Footprint model 'polygon' loaded for trajectory optimization.
[INFO] [1783866376.234675660, 813.060000000]: Footprint model 'polygon' loaded for trajectory optimization.
[INFO] [1783866376.857926110, 813.682000000]: Footprint model 'polygon' loaded for trajectory optimization.
[INFO] [1783866377.483462067, 814.308000000]: Footprint model 'polygon' loaded for trajectory optimization.
[INFO] [1783866378.079170932, 814.904000000]: Footprint model 'polygon' loaded for trajectory optimization.
[INFO] [1783866378.682999858, 815.506000000]: Footprint model 'polygon' loaded for trajectory optimization.
[INFO] [1783866379.287917400, 816.108000000]: Footprint model 'polygon' loaded for trajectory optimization.
[INFO] [1783866380.725504557, 817.546000000]: GOAL Reached!
[INFO] [1783866380.879745432, 817.700000000]: Footprint model 'polygon' loaded for trajectory optimization.
[INFO] [1783866381.765692449, 818.584000000]: Footprint model 'polygon' loaded for trajectory optimization.
[INFO] [1783866382.545505076, 819.362000000]: Footprint model 'polygon' loaded for trajectory optimization.
[INFO] [1783866383.585369566, 820.400000000]: Footprint model 'polygon' loaded for trajectory optimization.
[INFO] [1783866384.528919674, 821.344000000]: Footprint model 'polygon' loaded for trajectory optimization.
[INFO] [1783866385.074193022, 821.888000000]: Footprint model 'polygon' loaded for trajectory optimization.
[INFO] [1783866385.680943376, 822.492000000]: Footprint model 'polygon' loaded for trajectory optimization.
[INFO] [1783866386.276092568, 823.088000000]: Footprint model 'polygon' loaded for trajectory optimization.
[INFO] [1783866386.877890947, 823.690000000]: Footprint model 'polygon' loaded for trajectory optimization.
[INFO] [1783866387.526752769, 824.336000000]: Footprint model 'polygon' loaded for trajectory optimization.
[INFO] [1783866388.128015689, 824.936000000]: Footprint model 'polygon' loaded for trajectory optimization.
[INFO] [1783866388.679582902, 825.486000000]: Footprint model 'polygon' loaded for trajectory optimization.
[INFO] [1783866389.325385124, 826.132000000]: Footprint model 'polygon' loaded for trajectory optimization.
[INFO] [1783866390.668023103, 827.474000000]: GOAL Reached!
[INFO] [1783866390.815233301, 827.622000000]: Footprint model 'polygon' loaded for trajectory optimization.
[INFO] [1783866391.684796500, 828.486000000]: Footprint model 'polygon' loaded for trajectory optimization.
[INFO] [1783866392.372889381, 829.174000000]: Footprint model 'polygon' loaded for trajectory optimization.
[INFO] [1783866393.424471418, 830.222000000]: Footprint model 'polygon' loaded for trajectory optimization.
[INFO] [1783866394.369454009, 831.166000000]: Footprint model 'polygon' loaded for trajectory optimization.
[INFO] [1783866395.057024413, 831.856000000]: Footprint model 'polygon' loaded for trajectory optimization.
[INFO] [1783866395.614033204, 832.408000000]: Footprint model 'polygon' loaded for trajectory optimization.
[INFO] [1783866396.216048165, 833.010000000]: Footprint model 'polygon' loaded for trajectory optimization.
[INFO] [1783866396.814169486, 833.608000000]: Footprint model 'polygon' loaded for trajectory optimization.
[INFO] [1783866397.412244377, 834.206000000]: Footprint model 'polygon' loaded for trajectory optimization.
[INFO] [1783866398.014660884, 834.808000000]: Footprint model 'polygon' loaded for trajectory optimization.
[INFO] [1783866398.618966178, 835.410000000]: Footprint model 'polygon' loaded for trajectory optimization.
[INFO] [1783866399.216412861, 836.006000000]: Footprint model 'polygon' loaded for trajectory optimization.
[INFO] [1783866401.106302330, 837.894000000]: GOAL Reached!
[INFO] [1783866401.256738014, 838.046000000]: Footprint model 'polygon' loaded for trajectory optimization.
[INFO] [1783866402.119693499, 838.904000000]: Footprint model 'polygon' loaded for trajectory optimization.
[INFO] [1783866402.813899369, 839.600000000]: Footprint model 'polygon' loaded for trajectory optimization.
[INFO] [1783866403.857026804, 840.638000000]: Footprint model 'polygon' loaded for trajectory optimization.
[INFO] [1783866404.824340320, 841.604000000]: Footprint model 'polygon' loaded for trajectory optimization.
[INFO] [1783866405.370389838, 842.148000000]: Footprint model 'polygon' loaded for trajectory optimization.
[INFO] [1783866405.970635294, 842.748000000]: Footprint model 'polygon' loaded for trajectory optimization.
[INFO] [1783866406.572628144, 843.348000000]: Footprint model 'polygon' loaded for trajectory optimization.
[INFO] [1783866407.218474972, 843.994000000]: Footprint model 'polygon' loaded for trajectory optimization.
[INFO] [1783866407.771258831, 844.546000000]: Footprint model 'polygon' loaded for trajectory optimization.
[INFO] [1783866408.421875040, 845.194000000]: Footprint model 'polygon' loaded for trajectory optimization.
[INFO] [1783866408.972708526, 845.744000000]: Footprint model 'polygon' loaded for trajectory optimization.
[INFO] [1783866410.464392923, 847.234000000]: GOAL Reached!
[INFO] [1783866410.605621819, 847.374000000]: Footprint model 'polygon' loaded for trajectory optimization.
[INFO] [1783866411.475012681, 848.244000000]: Footprint model 'polygon' loaded for trajectory optimization.
[INFO] [1783866412.160972370, 848.928000000]: Footprint model 'polygon' loaded for trajectory optimization.
[INFO] [1783866413.192870927, 849.958000000]: Footprint model 'polygon' loaded for trajectory optimization.
[INFO] [1783866414.141636557, 850.906000000]: Footprint model 'polygon' loaded for trajectory optimization.
[INFO] [1783866414.727247308, 851.490000000]: Footprint model 'polygon' loaded for trajectory optimization.
[INFO] [1783866415.282559578, 852.042000000]: Footprint model 'polygon' loaded for trajectory optimization.
[INFO] [1783866415.928459097, 852.690000000]: Footprint model 'polygon' loaded for trajectory optimization.
[INFO] [1783866416.480184135, 853.240000000]: Footprint model 'polygon' loaded for trajectory optimization.
[INFO] [1783866417.129748943, 853.888000000]: Footprint model 'polygon' loaded for trajectory optimization.
[INFO] [1783866417.729054690, 854.488000000]: Footprint model 'polygon' loaded for trajectory optimization.
[INFO] [1783866418.330310870, 855.086000000]: Footprint model 'polygon' loaded for trajectory optimization.
[INFO] [1783866419.774687227, 856.528000000]: GOAL Reached!
[INFO] [1783866419.916799013, 856.670000000]: Footprint model 'polygon' loaded for trajectory optimization.
[INFO] [1783866420.789669308, 857.542000000]: Footprint model 'polygon' loaded for trajectory optimization.
[INFO] [1783866421.481747900, 858.234000000]: Footprint model 'polygon' loaded for trajectory optimization.
[INFO] [1783866422.533447379, 859.282000000]: Footprint model 'polygon' loaded for trajectory optimization.
[INFO] [1783866423.474095256, 860.224000000]: Footprint model 'polygon' loaded for trajectory optimization.
[INFO] [1783866424.084184603, 860.830000000]: Footprint model 'polygon' loaded for trajectory optimization.
[IN[WARN] [1783866167.629698, 604.800000]: training environment stop requested: safety adapter requested emergency stop
[WARN] [1783866168.689233, 605.858000]: training environment stop requested: safety adapter requested emergency stop
[WARN] [1783866175.223722, 612.380000]: training environment stop requested: safety adapter requested emergency stop
[WARN] [1783866176.301177, 613.458000]: training environment stop requested: safety adapter requested emergency stop
[WARN] [1783866184.100192, 621.242000]: training environment stop requested: safety adapter requested emergency stop
[WARN] [1783866185.136165, 622.280000]: training environment stop requested: safety adapter requested emergency stop
[WARN] [1783866192.396100, 629.526000]: training environment stop requested: safety adapter requested emergency stop
[WARN] [1783866193.448904, 630.578000]: training environment stop requested: safety adapter requested emergency stop
[WARN] [1783866200.586582, 637.704000]: training environment stop requested: safety adapter requested emergency stop
[WARN] [1783866202.248789, 639.364000]: training environment stop requested: safety adapter requested emergency stop
[WARN] [1783866214.677459, 651.774000]: training environment stop requested: safety adapter requested emergency stop
[WARN] [1783866216.391481, 653.484000]: training environment stop requested: safety adapter requested emergency stop
[WARN] [1783866228.164008, 665.234000]: training environment stop requested: safety adapter requested emergency stop
[WARN] [1783866229.252705, 666.320000]: training environment stop requested: safety adapter requested emergency stop
[WARN] [1783866241.565847, 678.614000]: training environment stop requested: safety adapter requested emergency stop
[WARN] [1783866242.614907, 679.660000]: training environment stop requested: safety adapter requested emergency stop
[WARN] [1783866255.021946, 692.048000]: training environment stop requested: safety adapter requested emergency stop
[WARN] [1783866256.681534, 693.708000]: training environment stop requested: safety adapter requested emergency stop
[WARN] [1783866268.466922, 705.470000]: training environment stop requested: safety adapter requested emergency stop
[WARN] [1783866269.538672, 706.540000]: training environment stop requested: safety adapter requested emergency stop
[WARN] [1783866281.197893, 718.180000]: training environment stop requested: safety adapter requested emergency stop
[WARN] [1783866282.863596, 719.846000]: training environment stop requested: safety adapter requested emergency stop
[WARN] [1783866294.894154, 731.856000]: training environment stop requested: safety adapter requested emergency stop
[WARN] [1783866296.020872, 732.980000]: training environment stop requested: safety adapter requested emergency stop
[WARN] [1783866307.626032, 744.566000]: training environment stop requested: safety adapter requested emergency stop
[WARN] [1783866309.310205, 746.252000]: training environment stop requested: safety adapter requested emergency stop
[WARN] [1783866321.152531, 758.074000]: training environment stop requested: safety adapter requested emergency stop
[WARN] [1783866322.205076, 759.120000]: training environment stop requested: safety adapter requested emergency stop
[WARN] [1783866333.884180, 770.782000]: training environment stop requested: safety adapter requested emergency stop
[WARN] [1783866334.984380, 771.880000]: training environment stop requested: safety adapter requested emergency stop
[WARN] [1783866343.406852, 780.286000]: training environment stop requested: safety adapter requested emergency stop
[WARN] [1783866344.522793, 781.400000]: training environment stop requested: safety adapter requested emergency stop
[WARN] [1783866352.860269, 789.726000]: training environment stop requested: safety adapter requested emergency stop
[WARN] [1783866353.917406, 790.780000]: training environment stop requested: safety adapter requested emergency stop
[WARN] [1783866362.469560, 799.320000]: training environment stop requested: safety adapter requested emergency stop
[WARN] [1783866363.594787, 800.440000]: training environment stop requested: safety adapter requested emergency stop
[WARN] [1783866372.848940, 809.678000]: training environment stop requested: safety adapter requested emergency stop
[WARN] [1783866373.949782, 810.780000]: training environment stop requested: safety adapter requested emergency stop
[WARN] [1783866382.401270, 819.218000]: training environment stop requested: safety adapter requested emergency stop
[WARN] [1783866383.505572, 820.320000]: training environment stop requested: safety adapter requested emergency stop
[WARN] [1783866392.230825, 829.030000]: training environment stop requested: safety adapter requested emergency stop
[WARN] [1783866393.342856, 830.140000]: training environment stop requested: safety adapter requested emergency stop
[WARN] [1783866402.670454, 839.456000]: training environment stop requested: safety adapter requested emergency stop
[WARN] [1783866403.779455, 840.560000]: training environment stop requested: safety adapter requested emergency stop
[WARN] [1783866412.020509, 848.786000]: training environment stop requested: safety adapter requested emergency stop
[WARN] [1783866413.117785, 849.882000]: training environment stop requested: safety adapter requested emergency stop
[WARN] [1783866421.334233, 858.088000]: training environment stop requested: safety adapter requested emergency stop
[WARN] [1783866422.452416, 859.200000]: training environment stop requested: safety adapter requested emergency stop
[WARN] [1783866430.677454, 867.414000]: training environment stop requested: safety adapter requested emergency stop
[WARN] [1783866431.784037, 868.518000]: training environment stop requested: safety adapter requested emergency stop
[WARN] [1783866432.990859, 869.722000]: training environment stop requested: adapter_close
schema_version: '1.0'
task: T11
status: passed
run_id: t11_direct_theta_fullsafety_seed103
algorithm: RL-TEB-Direct-Theta
training_seed: 103
safety_mode: FullSafety
episode_count: 225
step_count: 785
failure_count: 51
run_validation:
  valid: true
  run_id: t11_direct_theta_fullsafety_seed103
  episode_count: 225
  step_count: 785
  verified_checksum_count: 4
selected_checkpoint: /home/robot/robot_ws_base_rl/artifacts/t11/runs/t11_direct_theta_fullsafety_seed103/checkpoints/step_000300
passed: true
acceptance_override: false

[INFO] [1783865560.948345277]: Finished loading Gazebo ROS API Plugin.
[INFO] [1783865560.949068030]: waitForService: Service [/gazebo/set_physics_properties] has not been advertised, waiting...
[INFO] [1783865561.545546375, 0.014000000]: waitForService: Service [/gazebo/set_physics_properties] is now available.
[INFO] [1783865561.585581886, 0.052000000]: Physics dynamic reconfigure ready.
[INFO] [1783865561.978940333, 0.376000000]: <initialOrientationAsReference> is unset, using default value of false to comply with REP 145 (world as orientation reference)
[INFO] [1783865561.978977802, 0.376000000]: <robotNamespace> set to: //
[INFO] [1783865561.978984171, 0.376000000]: <topicName> set to: imu/data
[INFO] [1783865561.978988847, 0.376000000]: <frameName> set to: imu_link
[INFO] [1783865561.979005123, 0.376000000]: <updateRateHZ> set to: 50
[INFO] [1783865561.979011553, 0.376000000]: <gaussianNoise> set to: 0
[INFO] [1783865561.979027597, 0.376000000]: <xyzOffset> set to: 0 0 0
[INFO] [1783865561.979041981, 0.376000000]: <rpyOffset> set to: 0 -0 0
[INFO] [1783865562.096235605, 0.376000000]: Laser Plugin: Using the 'robotNamespace' param: '/'
[INFO] [1783865562.096258033, 0.376000000]: Starting Laser Plugin (ns = /)
[INFO] [1783865562.097015572, 0.376000000]: Laser Plugin (ns = /)  <tf_prefix_>, set to ""
[INFO] [1783865562.202798996, 0.376000000]: M2 simulation-only Ackermann interface loaded; cmd_angle_instead_rotvel=false
FO] [1783866424.633271479, 861.380000000]: Footprint model 'polygon' loaded for trajectory optimization.
[INFO] [1783866425.235135296, 861.982000000]: Footprint model 'polygon' loaded for trajectory optimization.
[INFO] [1783866425.878369718, 862.626000000]: Footprint model 'polygon' loaded for trajectory optimization.
[INFO] [1783866426.484387796, 863.226000000]: Footprint model 'polygon' loaded for trajectory optimization.
[INFO] [1783866427.084606815, 863.828000000]: Footprint model 'polygon' loaded for trajectory optimization.
[INFO] [1783866427.635061184, 864.376000000]: Footprint model 'polygon' loaded for trajectory optimization.
[INFO] [1783866429.123983226, 865.866000000]: GOAL Reached!
[INFO] [1783866429.258613451, 865.998000000]: Footprint model 'polygon' loaded for trajectory optimization.
[INFO] [1783866430.126077054, 866.862000000]: Footprint model 'polygon' loaded for trajectory optimization.
[INFO] [1783866430.821667779, 867.556000000]: Footprint model 'polygon' loaded for trajectory optimization.
[INFO] [1783866431.861279946, 868.596000000]: Footprint model 'polygon' loaded for trajectory optimization.
[INFO] [1783866433.048713968, 869.780000000]: Footprint model 'polygon' loaded for trajectory optimization.
[INFO] [1783866433.082552834, 869.814000000]: Footprint model 'polygon' loaded for trajectory optimization.
[31mWARNING: disk usage in log directory [/home/robot/.ros/log] is over 1GB.
It's recommended that you use the 'rosclean' command.[0m
WARNING: Package name "gazebo_ros_2Dmap_plugin" does not follow the naming conventions. It should start with a lower case letter and only contain lower case letters, digits, underscores, and dashes.
WARNING: Package name "gazebo_ros_2Dmap_plugin" does not follow the naming conventions. It should start with a lower case letter and only contain lower case letters, digits, underscores, and dashes.
[31m================================================================================REQUIRED process [t11_formal_run-6] has died!
process has finished cleanly
log file: /home/robot/.ros/log/bdb4068e-7dfb-11f1-91bc-3382cc4c3ed1/t11_formal_run-6*.log
Initiating shutdown!
================================================================================[0m
... logging to /home/robot/.ros/log/bdb4068e-7dfb-11f1-91bc-3382cc4c3ed1/roslaunch-WP-217287.log
Checking log directory for disk usage. This may take a while.
Press Ctrl-C to interrupt
]2;/home/robot/robot_ws_base_rl/src/tools/thesis_experiment/launch/t11_formal_run.launch
[1mstarted roslaunch server http://WP:43099/[0m

SUMMARY
========

PARAMETERS
 * /gazebo/enable_ros_network: True
 * /m2_gazebo/simulation_only: True
 * /m2_robot_state_publisher/publish_frequency: 30.0
 * /move_base/TebLocalPlannerROS/acc_lim_theta: 0.8
 * /move_base/TebLocalPlannerROS/acc_lim_x: 0.8
 * /move_base/TebLocalPlannerROS/allow_init_with_backwards_motion: True
 * /move_base/TebLocalPlannerROS/cmd_angle_instead_rotvel: False
 * /move_base/TebLocalPlannerROS/costmap_obstacles_behind_robot_dist: 1.5
 * /move_base/TebLocalPlannerROS/dt_hysteresis: 0.1
 * /move_base/TebLocalPlannerROS/dt_ref: 0.3
 * /move_base/TebLocalPlannerROS/enable_homotopy_class_planning: False
 * /move_base/TebLocalPlannerROS/enable_multithreading: True
 * /move_base/TebLocalPlannerROS/feasibility_check_no_poses: 5
 * /move_base/TebLocalPlannerROS/footprint_model/type: polygon
 * /move_base/TebLocalPlannerROS/footprint_model/vertices: [[0.52, 0.35], [0...
 * /move_base/TebLocalPlannerROS/global_plan_overwrite_orientation: True
 * /move_base/TebLocalPlannerROS/include_costmap_obstacles: True
 * /move_base/TebLocalPlannerROS/inflation_dist: 0.55
 * /move_base/TebLocalPlannerROS/map_frame: odom
 * /move_base/TebLocalPlannerROS/max_global_plan_lookahead_dist: 8.0
 * /move_base/TebLocalPlannerROS/max_number_classes: 4
 * /move_base/TebLocalPlannerROS/max_samples: 500
 * /move_base/TebLocalPlannerROS/max_vel_theta: 1.0
 * /move_base/TebLocalPlannerROS/max_vel_x: 1.2
 * /move_base/TebLocalPlannerROS/max_vel_x_backwards: 0.6
 * /move_base/TebLocalPlannerROS/max_vel_y: 0.0
 * /move_base/TebLocalPlannerROS/min_obstacle_dist: 0.25
 * /move_base/TebLocalPlannerROS/min_turning_radius: 1.2
 * /move_base/TebLocalPlannerROS/obstacle_poses_affected: 15
 * /move_base/TebLocalPlannerROS/odom_topic: /odom
 * /move_base/TebLocalPlannerROS/teb_autosize: True
 * /move_base/TebLocalPlannerROS/weight_acc_lim_theta: 1.0
 * /move_base/TebLocalPlannerROS/weight_acc_lim_x: 1.0
 * /move_base/TebLocalPlannerROS/weight_adapt_factor: 2.0
 * /move_base/TebLocalPlannerROS/weight_inflation: 0.1
 * /move_base/TebLocalPlannerROS/weight_kinematics_forward_drive: 10.0
 * /move_base/TebLocalPlannerROS/weight_kinematics_nh: 1000.0
 * /move_base/TebLocalPlannerROS/weight_kinematics_turning_radius: 10.0
 * /move_base/TebLocalPlannerROS/weight_max_vel_theta: 1.0
 * /move_base/TebLocalPlannerROS/weight_max_vel_x: 2.0
 * /move_base/TebLocalPlannerROS/weight_obstacle: 50.0
 * /move_base/TebLocalPlannerROS/weight_optimaltime: 1.0
 * /move_base/TebLocalPlannerROS/weight_viapoint: 1.0
 * /move_base/TebLocalPlannerROS/wheelbase: 0.65
 * /move_base/base_global_planner: navfn/NavfnROS
 * /move_base/base_local_planner: teb_local_planner...
 * /move_base/clearing_rotation_allowed: False
 * /move_base/controller_frequency: 10.0
 * /move_base/controller_patience: 5.0
 * /move_base/global_costmap/footprint: [[0.52, 0.35], [0...
 * /move_base/global_costmap/footprint_padding: 0.05
 * /move_base/global_costmap/global_frame: odom
 * /move_base/global_costmap/height: 30.0
 * /move_base/global_costmap/inflation_layer/cost_scaling_factor: 4.0
 * /move_base/global_costmap/inflation_layer/enabled: True
 * /move_base/global_costmap/inflation_layer/inflation_radius: 0.55
 * /move_base/global_costmap/obstacle_layer/enabled: True
 * /move_base/global_costmap/obstacle_layer/observation_sources: scan
 * /move_base/global_costmap/obstacle_layer/scan/clearing: True
 * /move_base/global_costmap/obstacle_layer/scan/data_type: LaserScan
 * /move_base/global_costmap/obstacle_layer/scan/inf_is_valid: True
 * /move_base/global_costmap/obstacle_layer/scan/marking: True
 * /move_base/global_costmap/obstacle_layer/scan/obstacle_range: 12.0
 * /move_base/global_costmap/obstacle_layer/scan/raytrace_range: 15.0
 * /move_base/global_costmap/obstacle_layer/scan/sensor_frame: laser_link
 * /move_base/global_costmap/obstacle_layer/scan/topic: /scan
 * /move_base/global_costmap/plugins: [{'name': 'obstac...
 * /move_base/global_costmap/publish_frequency: 2.0
 * /move_base/global_costmap/resolution: 0.05
 * /move_base/global_costmap/robot_base_frame: base_link
 * /move_base/global_costmap/rolling_window: True
 * /move_base/global_costmap/transform_tolerance: 0.3
 * /move_base/global_costmap/update_frequency: 5.0
 * /move_base/global_costmap/width: 30.0
 * /move_base/local_costmap/footprint: [[0.52, 0.35], [0...
 * /move_base/local_costmap/footprint_padding: 0.05
 * /move_base/local_costmap/global_frame: odom
 * /move_base/local_costmap/height: 12.0
 * /move_base/local_costmap/inflation_layer/cost_scaling_factor: 4.0
 * /move_base/local_costmap/inflation_layer/enabled: True
 * /move_base/local_costmap/inflation_layer/inflation_radius: 0.55
 * /move_base/local_costmap/obstacle_layer/enabled: True
 * /move_base/local_costmap/obstacle_layer/observation_sources: scan
 * /move_base/local_costmap/obstacle_layer/scan/clearing: True
 * /move_base/local_costmap/obstacle_layer/scan/data_type: LaserScan
 * /move_base/local_costmap/obstacle_layer/scan/inf_is_valid: True
 * /move_base/local_costmap/obstacle_layer/scan/marking: True
 * /move_base/local_costmap/obstacle_layer/scan/obstacle_range: 12.0
 * /move_base/local_costmap/obstacle_layer/scan/raytrace_range: 15.0
 * /move_base/local_costmap/obstacle_layer/scan/sensor_frame: laser_link
 * /move_base/local_costmap/obstacle_layer/scan/topic: /scan
 * /move_base/local_costmap/plugins: [{'name': 'obstac...
 * /move_base/local_costmap/publish_frequency: 5.0
 * /move_base/local_costmap/resolution: 0.05
 * /move_base/local_costmap/robot_base_frame: base_link
 * /move_base/local_costmap/rolling_window: True
 * /move_base/local_costmap/transform_tolerance: 0.3
 * /move_base/local_costmap/update_frequency: 10.0
 * /move_base/local_costmap/width: 12.0
 * /move_base/oscillation_distance: 0.2
 * /move_base/oscillation_timeout: 10.0
 * /move_base/planner_frequency: 1.0
 * /move_base/planner_patience: 5.0
 * /move_base/recovery_behavior_enabled: False
 * /move_base/shutdown_costmaps: False
 * /robot_description: <?xml version="1....
 * /rosdistro: noetic
 * /rosversion: 1.17.4
 * /t11_formal_run/acceptance_eval_seed_limit: 0
 * /t11_formal_run/acceptance_timesteps: 0
 * /t11_formal_run/algorithm: RL-TEB-Direct-Theta
 * /t11_formal_run/checkpoint: 
 * /t11_formal_run/config: /home/robot/robot...
 * /t11_formal_run/output_dir: /home/robot/robot...
 * /t11_formal_run/phase: train
 * /t11_formal_run/run_id: t11_direct_theta_...
 * /t11_formal_run/safety_mode: FullSafety
 * /t11_formal_run/training_seed: 103
 * /use_sim_time: True

NODES
  /
    gazebo (gazebo_ros/gzserver)
    m2_robot_state_publisher (robot_state_publisher/robot_state_publisher)
    move_base (move_base/move_base)
    spawn_m2 (gazebo_ros/spawn_model)
    t11_formal_run (thesis_experiment/t11_formal_run.py)

auto-starting new master
[1mprocess[master]: started with pid [217343][0m
[1mROS_MASTER_URI=http://localhost:11311[0m
]2;/home/robot/robot_ws_base_rl/src/tools/thesis_experiment/launch/t11_formal_run.launch http://localhost:11311
[1msetting /run_id to bdb4068e-7dfb-11f1-91bc-3382cc4c3ed1[0m
[1mprocess[rosout-1]: started with pid [217376][0m
started core service [/rosout]
[1mprocess[gazebo-2]: started with pid [217383][0m
[1mprocess[spawn_m2-3]: started with pid [217386][0m
[1mprocess[m2_robot_state_publisher-4]: started with pid [217389][0m
[1mprocess[move_base-5]: started with pid [217390][0m
[1mprocess[t11_formal_run-6]: started with pid [217391][0m
[1m[spawn_m2-3] process has finished cleanly
log file: /home/robot/.ros/log/bdb4068e-7dfb-11f1-91bc-3382cc4c3ed1/spawn_m2-3*.log[0m
[t11_formal_run-6] killing on exit
[move_base-5] killing on exit
[m2_robot_state_publisher-4] killing on exit
[gazebo-2] killing on exit
[rosout-1] killing on exit
[master] killing on exit
shutting down processing monitor...
... shutting down processing monitor complete
[1mdone[0m
