WARNING: Package name "gazebo_ros_2Dmap_plugin" does not follow the naming conventions. It should start with a lower case letter and only contain lower case letters, digits, underscores, and dashes.
xacro: in-order processing became default in ROS Melodic. You can drop the option.
WARNING: Package name "gazebo_ros_2Dmap_plugin" does not follow the naming conventions. It should start with a lower case letter and only contain lower case letters, digits, underscores, and dashes.
WARNING: Package name "gazebo_ros_2Dmap_plugin" does not follow the naming conventions. It should start with a lower case letter and only contain lower case letters, digits, underscores, and dashes.
[INFO] [1783873939.335278, 0.000000]: Loading model XML from ros parameter robot_description
[INFO] [1783873939.338773, 0.000000]: Waiting for service /gazebo/spawn_urdf_model
[INFO] [1783873939.941873, 0.000000]: Calling service /gazebo/spawn_urdf_model
[INFO] [1783873940.265285, 0.180000]: Spawn status: SpawnModel: Successfully spawned entity
[ERROR] [1783873958.565933743, 18.306000000]: TebOptimalPlanner::getVelocityCommand() - timediff<=0 is invalid!
[WARN] [1783873958.566075143, 18.306000000]: TebLocalPlannerROS: velocity command invalid. Resetting planner...
[INFO] [1783873940.644023939, 0.420000000]: global_costmap: Using plugin "obstacle_layer"
[INFO] [1783873940.646383020, 0.422000000]:     Subscribed to Topics: scan
[INFO] [1783873940.650941987, 0.428000000]: global_costmap: Using plugin "inflation_layer"
[INFO] [1783873940.664288524, 0.440000000]: local_costmap: Using plugin "obstacle_layer"
[INFO] [1783873940.665070721, 0.442000000]:     Subscribed to Topics: scan
[INFO] [1783873940.669169170, 0.446000000]: local_costmap: Using plugin "inflation_layer"
[INFO] [1783873940.679090515, 0.454000000]: Created local_planner teb_local_planner/TebLocalPlannerROS
[INFO] [1783873940.694826866, 0.470000000]: Footprint model 'polygon' loaded for trajectory optimization.
[INFO] [1783873940.694939959, 0.470000000]: Parallel planning in distinctive topologies disabled.
[INFO] [1783873940.694953551, 0.470000000]: No costmap conversion plugin specified. All occupied costmap cells are treaten as point obstacles.
[INFO] [1783873940.716646748, 0.492000000]: Footprint model 'polygon' loaded for trajectory optimization.
[INFO] [1783873940.882336080, 0.658000000]: Recovery behavior will clear layer 'obstacles'
[INFO] [1783873940.883520147, 0.660000000]: Recovery behavior will clear layer 'obstacles'
[INFO] [1783873940.903206145, 0.680000000]: odom received!
[INFO] [1783873942.697328199, 2.470000000]: Footprint model 'polygon' loaded for trajectory optimization.
[INFO] [1783873943.254472072, 3.024000000]: Footprint model 'polygon' loaded for trajectory optimization.
[INFO] [1783873943.856024456, 3.624000000]: Footprint model 'polygon' loaded for trajectory optimization.
[INFO] [1783873944.452083612, 4.218000000]: Footprint model 'polygon' loaded for trajectory optimization.
[INFO] [1783873946.243489280, 6.008000000]: GOAL Reached!
[INFO] [1783873946.372047107, 6.138000000]: Footprint model 'polygon' loaded for trajectory optimization.
[INFO] [1783873947.242585716, 7.008000000]: Footprint model 'polygon' loaded for trajectory optimization.
[INFO] [1783873947.789216038, 7.550000000]: Footprint model 'polygon' loaded for trajectory optimization.
[INFO] [1783873948.390172177, 8.150000000]: Footprint model 'polygon' loaded for trajectory optimization.
[INFO] [1783873948.994551727, 8.752000000]: Footprint model 'polygon' loaded for trajectory optimization.
[INFO] [1783873949.640659447, 9.398000000]: Footprint model 'polygon' loaded for trajectory optimization.
[INFO] [1783873950.237023291, 9.994000000]: Footprint model 'polygon' loaded for trajectory optimization.
[INFO] [1783873951.684171387, 11.438000000]: GOAL Reached!
[INFO] [1783873951.827159227, 11.582000000]: Footprint model 'polygon' loaded for trajectory optimization.
[INFO] [1783873952.717131710, 12.470000000]: Footprint model 'polygon' loaded for trajectory optimization.
[INFO] [1783873953.276390553, 13.026000000]: Footprint model 'polygon' loaded for trajectory optimization.
[INFO] [1783873953.870553323, 13.626000000]: Footprint model 'polygon' loaded for trajectory optimization.
[INFO] [1783873954.518619511, 14.270000000]: Footprint model 'polygon' loaded for trajectory optimization.
[INFO] [1783873955.124718533, 14.874000000]: Footprint model 'polygon' loaded for trajectory optimization.
[INFO] [1783873955.672007048, 15.422000000]: Footprint model 'polygon' loaded for trajectory optimization.
[INFO] [1783873956.324450806, 16.070000000]: Footprint model 'polygon' loaded for trajectory optimization.
[INFO] [1783873956.923885468, 16.668000000]: Footprint model 'polygon' loaded for trajectory optimization.
[INFO] [1783873957.522854934, 17.268000000]: Footprint model 'polygon' loaded for trajectory optimization.
[INFO] [1783873958.126104492, 17.868000000]: Footprint model 'polygon' loaded for trajectory optimization.
[INFO] [1783873960.768166380, 20.506000000]: GOAL Reached!
[INFO] [1783873960.916395078, 20.654000000]: Footprint model 'polygon' loaded for trajectory optimization.
[INFO] [1783873961.799113364, 21.536000000]: Footprint model 'polygon' loaded for trajectory optimization.
[INFO] [1783873962.333302910, 22.070000000]: Footprint model 'polygon' loaded for trajectory optimization.
[INFO] [1783873962.936547034, 22.670000000]: Footprint model 'polygon' loaded for trajectory optimization.
[INFO] [1783873963.538529158, 23.270000000]: Footprint model 'polygon' loaded for trajectory optimization.
[INFO] [1783873964.139324897, 23.870000000]: Footprint model 'polygon' loaded for trajectory optimization.
[INFO] [1783873964.739494844, 24.470000000]: Footprint model 'polygon' loaded for trajectory optimization.
[INFO] [1783873965.342557280, 25.072000000]: Footprint model 'polygon' loaded for trajectory optimization.
[INFO] [1783873965.939190630, 25.668000000]: Footprint model 'polygon' loaded for trajectory optimization.
[INFO] [1783873966.590343245, 26.316000000]: Footprint model 'polygon' loaded for trajectory optimization.
[INFO] [1783873967.190220427, 26.916000000]: Footprint model 'polygon' loaded for trajectory optimization.
[INFO] [1783873968.926452479, 28.652000000]: GOAL Reached!
[INFO] [1783873969.072616089, 28.796000000]: Footprint model 'polygon' loaded for trajectory optimization.
[INFO] [1783873969.949450570, 29.670000000]: Footprint model 'polygon' loaded for trajectory optimization.
[INFO] [1783873970.490833570, 30.214000000]: Footprint model 'polygon' loaded for trajectory optimization.
[INFO] [1783873971.141571436, 30.862000000]: Footprint model 'polygon' loaded for trajectory optimization.
[INFO] [1783873971.745453538, 31.464000000]: Footprint model 'polygon' loaded for trajectory optimization.
[INFO] [1783873973.582410484, 33.302000000]: GOAL Reached!
[INFO] [1783873973.726569724, 33.446000000]: Footprint model 'polygon' loaded for trajectory optimization.
[INFO] [1783873974.595510838, 34.310000000]: Footprint model 'polygon' loaded for trajectory optimization.
[INFO] [1783873975.148690896, 34.862000000]: Footprint model 'polygon' loaded for trajectory optimization.
[INFO] [1783873975.799538558, 35.510000000]: Footprint model 'polygon' loaded for trajectory optimization.
[INFO] [1783873976.396290417, 36.106000000]: Footprint model 'polygon' loaded for trajectory optimization.
[INFO] [1783873976.947230443, 36.658000000]: Footprint model 'polygon' loaded for trajectory optimization.
[INFO] [1783873977.548107450, 37.256000000]: Footprint model 'polygon' loaded for trajectory optimization.
[INFO] [1783873979.137585303, 38.846000000]: GOAL Reached!
[INFO] [1783873979.290040574, 38.998000000]: Footprint model 'polygon' loaded for trajectory optimization.
[INFO] [1783873980.163712810, 39.870000000]: Footprint model 'polygon' loaded for trajectory optimization.
[INFO] [1783873980.772412486, 40.474000000]: Footprint model 'polygon' loaded for trajectory optimization.
[INFO] [1783873981.361715910, 41.066000000]: Footprint model 'polygon' loaded for trajectory optimization.
[INFO] [1783873981.969980219, 41.670000000]: Footprint model 'polygon' loaded for trajectory optimization.
[INFO] [1783873982.570368125, 42.272000000]: Footprint model 'polygon' loaded for trajectory optimization.
[INFO] [1783873983.169432241, 42.868000000]: Footprint model 'polygon' loaded for trajectory optimization.
[INFO] [1783873983.721327199, 43.420000000]: Footprint model 'polygon' loaded for trajectory optimization.
[INFO] [1783873984.373816192, 44.070000000]: Footprint model 'polygon' loaded for trajectory optimization.
[INFO] [1783873984.971023981, 44.666000000]: Footprint model 'polygon' loaded for trajectory optimization.
[INFO] [1783873985.571325685, 45.266000000]: Footprint model 'polygon' loaded for trajectory optimization.
[INFO] [1783873987.213655481, 46.904000000]: GOAL Reached!
[INFO] [1783873987.341885490, 47.032000000]: Footprint model 'polygon' loaded for trajectory optimization.
[INFO] [1783873988.220987228, 47.914000000]: Footprint model 'polygon' loaded for trajectory optimization.
[INFO] [1783873988.766120161, 48.454000000]: Footprint model 'polygon' loaded for trajectory optimization.
[INFO] [1783873989.414041835, 49.102000000]: Footprint model 'polygon' loaded for trajectory optimization.
[INFO] [1783873989.974707719, 49.662000000]: Footprint model 'polygon' loaded for trajectory optimization.
[INFO] [1783873990.568489579, 50.252000000]: Footprint model 'polygon' loaded for trajectory optimization.
[INFO] [1783873991.213978697, 50.900000000]: Footprint model 'polygon' loaded for trajectory optimization.
[INFO] [1783873991.814475039, 51.496000000]: Footprint model 'polygon' loaded for trajectory optimization.
[INFO] [1783873992.363683229, 52.046000000]: Footprint model 'polygon' loaded for trajectory optimization.
[INFO] [1783873993.017041752, 52.698000000]: Footprint model 'polygon' loaded for trajectory optimization.
[INFO] [1783873995.053419170, 54.734000000]: GOAL Reached!
[INFO] [1783873995.184485759, 54.862000000]: Footprint model 'polygon' loaded for trajectory optimization.
[INFO] [1783873996.052996065, 55.728000000]: Footprint model 'polygon' loaded for trajectory optimization.
[INFO] [1783873996.598410433, 56.272000000]: Footprint model 'polygon' loaded for trajectory optimization.
[INFO] [1783873997.248292401, 56.922000000]: Footprint model 'polygon' loaded for trajectory optimization.
[INFO] [1783873997.849367561, 57.522000000]: Footprint model 'polygon' loaded for trajectory optimization.
[INFO] [1783873999.591300298, 59.260000000]: GOAL Reached!
[INFO] [1783873999.737352705, 59.406000000]: Footprint model 'polygon' loaded for trajectory optimization.
[INFO] [1783874000.603004963, 60.270000000]: Footprint model 'polygon' loaded for trajectory optimization.
[INFO] [1783874001.209298268, 60.876000000]: Footprint model 'polygon' loaded for trajectory optimization.
[INFO] [1783874001.903931968, 61.570000000]: Footprint model 'polygon' loaded for trajectory optimization.
[INFO] [1783874002.503581198, 62.170000000]: Footprint model 'polygon' loaded for trajectory optimization.
[INFO] [1783874003.060409783, 62.722000000]: Footprint model 'polygon' loaded for trajectory optimization.
[INFO] [1783874003.706325014, 63.370000000]: Footprint model 'polygon' loaded for trajectory optimization.
[INFO] [1783874005.150960984, 64.810000000]: GOAL Reached!
[INFO] [1783874005.300362544, 64.960000000]: Footprint model 'polygon' loaded for trajectory optimization.
[INFO] [1783874006.172243207, 65.830000000]: Footprint model 'polygon' loaded for trajectory optimization.
[INFO] [1783874006.714872945, 66.376000000]: Footprint model 'polygon' loaded for trajectory optimization.
[INFO] [1783874007.315814641, 66.972000000]: Footprint model 'polygon' loaded for trajectory optimization.
[INFO] [1783874007.984430711, 67.638000000]: Footprint model 'polygon' loaded for trajectory optimization.
[INFO] [1783874008.619008766, 68.272000000]: Footprint model 'polygon' loaded for trajectory optimization.
[INFO] [1783874009.218407378, 68.870000000]: Footprint model 'polygon' loaded for trajectory optimization.
[INFO] [1783874009.815861517, 69.468000000]: Footprint model 'polygon' loaded for trajectory optimization.
[INFO] [1783874010.470625115, 70.120000000]: Footprint model 'polygon' loaded for trajectory optimization.
[INFO] [1783874011.070660001, 70.722000000]: Footprint model 'polygon' loaded for trajectory optimization.
[INFO] [1783874011.669146959, 71.318000000]: Footprint model 'polygon' loaded for trajectory optimization.
[INFO] [1783874013.306446545, 72.954000000]: GOAL Reached!
[INFO] [1783874013.448301671, 73.094000000]: Footprint model 'polygon' loaded for trajectory optimization.
[INFO] [1783874014.325422980, 73.968000000]: Footprint model 'polygon' loaded for trajectory optimization.
[INFO] [1783874014.917921203, 74.560000000]: Footprint model 'polygon' loaded for trajectory optimization.
[INFO] [1783874015.518850716, 75.162000000]: Footprint model 'polygon' loaded for trajectory optimization.
[INFO] [1783874016.067115967, 75.708000000]: Footprint model 'polygon' loaded for trajectory optimization.
[INFO] [1783874016.716668482, 76.356000000]: Footprint model 'polygon' loaded for trajectory optimization.
[INFO] [1783874017.317707789, 76.956000000]: Footprint model 'polygon' loaded for trajectory optimization.
[INFO] [1783874017.873122823, 77.510000000]: Footprint model 'polygon' loaded for trajectory optimization.
[INFO] [1783874018.523346930, 78.158000000]: Footprint model 'polygon' loaded for trajectory optimization.
[INFO] [1783874019.122557225, 78.756000000]: Footprint model 'polygon' loaded for trajectory optimization.
[INFO] [1783874019.668881420, 79.304000000]: Footprint model 'polygon' loaded for trajectory optimization.
[INFO] [1783874021.460063467, 81.092000000]: GOAL Reached!
[INFO] [1783874021.607843994, 81.238000000]: Footprint model 'polygon' loaded for trajectory optimization.
[INFO] [1783874022.479968432, 82.108000000]: Footprint model 'polygon' loaded for trajectory optimization.
[INFO] [1783874023.081840113, 82.710000000]: Footprint model 'polygon' loaded for trajectory optimization.
[INFO] [1783874023.632001504, 83.260000000]: Footprint model 'polygon' loaded for trajectory optimization.
[INFO] [1783874024.230384287, 83.856000000]: Footprint model 'polygon' loaded for trajectory optimization.
[INFO] [1783874026.121958078, 85.746000000]: GOAL Reached!
[INFO] [1783874026.264253846, 85.888000000]: Footprint model 'polygon' loaded for trajectory optimization.
[INFO] [1783874027.149402032, 86.770000000]: Footprint model 'polygon' loaded for trajectory optimization.
[INFO] [1783874027.733397339, 87.354000000]: Footprint model 'polygon' loaded for trajectory optimization.
[INFO] [1783874028.339212225, 87.958000000]: Footprint model 'polygon' loaded for trajectory optimization.
[INFO] [1783874028.890503060, 88.508000000]: Footprint model 'polygon' loaded for trajectory optimization.
[INFO] [1783874029.491390342, 89.108000000]: Footprint model 'polygon' loaded for trajectory optimization.
[INFO] [1783874030.085732615, 89.704000000]: Footprint model 'polygon' loaded for trajectory optimization.
[INFO] [1783874031.681821842, 91.294000000]: GOAL Reached!
[INFO] [1783874031.829237541, 91.442000000]: Footprint model 'polygon' loaded for trajectory optimization.
[INFO] [1783874032.694412123, 92.308000000]: Footprint model 'polygon' loaded for trajectory optimization.
[INFO] [1783874033.249530124, 92.860000000]: Footprint model 'polygon' loaded for trajectory optimization.
[INFO] [1783874033.843731583, 93.454000000]: Footprint model 'polygon' loaded for trajectory optimization.
[INFO] [1783874034.494405766, 94.102000000]: Footprint model 'polygon' loaded for trajectory optimization.
[INFO] [1783874035.042959500, 94.650000000]: Footprint model 'polygon' loaded for trajectory optimization.
[INFO] [1783874035.642792687, 95.250000000]: Footprint model 'polygon' loaded for trajectory optimization.
[INFO] [1783874036.294035469, 95.900000000]: Footprint model 'polygon' loaded for trajectory optimization.
[INFO] [1783874036.845974026, 96.450000000]: Footprint model 'polygon' loaded for trajectory optimization.
[INFO] [1783874037.443286568, 97.048000000]: Footprint model 'polygon' loaded for trajectory optimization.
[INFO] [1783874038.093593379, 97.696000000]: Footprint model 'polygon' loaded for trajectory optimization.
[INFO] [1783874039.737722316, 99.336000000]: GOAL Reached!
[INFO] [1783874039.877258655, 99.478000000]: Footprint model 'polygon' loaded for trajectory optimization.
[INFO] [1783874040.727614543, 100.324000000]: Footprint model 'polygon' loaded for trajectory optimization.
[INFO] [1783874041.292757422, 100.892000000]: Footprint model 'polygon' loaded for trajectory optimization.
[INFO] [1783874041.890954360, 101.488000000]: Footprint model 'polygon' loaded for trajectory optimization.
[INFO] [1783874042.492323653, 102.088000000]: Footprint model 'polygon' loaded for trajectory optimization.
[INFO] [1783874043.138135472, 102.734000000]: Footprint model 'polygon' loaded for trajectory optimization.
[INFO] [1783874043.744299414, 103.336000000]: Footprint model 'polygon' loaded for trajectory optimization.
[INFO] [1783874044.295061046, 103.886000000]: Footprint model 'polygon' loaded for trajectory optimization.
[INFO] [1783874044.893470872, 104.486000000]: Footprint model 'polygon' loaded for trajectory optimization.
[INFO] [1783874045.537805762, 105.132000000]: Footprint model 'polygon' loaded for trajectory optimization.
[INFO] [1783874046.089918598, 105.682000000]: Footprint model 'polygon' loaded for trajectory optimization.
[INFO] [1783874047.883520857, 107.470000000]: GOAL Reached!
[INFO] [1783874048.013892777, 107.600000000]: Footprint model 'polygon' loaded for trajectory optimization.
[INFO] [1783874048.884212178, 108.468000000]: Footprint model 'polygon' loaded for trajectory optimization.
[INFO] [1783874049.473231075, 109.058000000]: Footprint model 'polygon' loaded for trajectory optimization.
[INFO] [1783874050.030097374, 109.612000000]: Footprint model 'polygon' loaded for trajectory optimization.
[INFO] [1783874050.630245211, 110.210000000]: Footprint model 'polygon' loaded for trajectory optimization.
[INFO] [1783874052.321042662, 111.898000000]: GOAL Reached!
[INFO] [1783874052.468026771, 112.046000000]: Footprint model 'polygon' loaded for trajectory optimization.
[INFO] [1783874053.327391089, 112.908000000]: Footprint model 'polygon' loaded for trajectory optimization.
[INFO] [1783874053.886944683, 113.464000000]: Footprint model 'polygon' loaded for trajectory optimization.
[INFO] [1783874054.539326089, 114.114000000]: Footprint model 'polygon' loaded for trajectory optimization.
[INFO] [1783874055.138907776, 114.714000000]: Footprint model 'polygon' loaded for trajectory optimization.
[INFO] [1783874055.741406691, 115.314000000]: Footprint model 'polygon' loaded for trajectory optimization.
[INFO] [1783874056.287557321, 115.860000000]: Footprint model 'polygon' loaded for trajectory optimization.
[INFO] [1783874057.777495020, 117.350000000]: GOAL Reached!
[INFO] [1783874057.928016894, 117.498000000]: Footprint model 'polygon' loaded for trajectory optimization.
[INFO] [1783874058.803511162, 118.370000000]: Footprint model 'polygon' loaded for trajectory optimization.
[INFO] [1783874059.397201278, 118.966000000]: Footprint model 'polygon' loaded for trajectory optimization.
[INFO] [1783874059.953577950, 119.522000000]: Footprint model 'polygon' loaded for trajectory optimization.
[INFO] [1783874060.550151332, 120.114000000]: Footprint model 'polygon' loaded for trajectory optimization.
[INFO] [1783874061.196909143, 120.762000000]: Footprint model 'polygon' loaded for trajectory optimization.
[INFO] [1783874061.746616017, 121.310000000]: Footprint model 'polygon' loaded for trajectory optimization.
[INFO] [1783874062.395339634, 121.958000000]: Footprint model 'polygon' loaded for trajectory optimization.
[INFO] [1783874062.948185341, 122.512000000]: Footprint model 'polygon' loaded for trajectory optimization.
[INFO] [1783874063.550436110, 123.110000000]: Footprint model 'polygon' loaded for trajectory optimization.
[INFO] [1783874065.640318565, 125.196000000]: GOAL Reached!
[INFO] [1783874065.798404391, 125.352000000]: Footprint model 'polygon' loaded for trajectory optimization.
[INFO] [1783874066.675998721, 126.230000000]: Footprint model 'polygon' loaded for trajectory optimization.
[INFO] [1783874067.262062293, 126.816000000]: Footprint model 'polygon' loaded for trajectory optimization.
[INFO] [1783874067.820583018, 127.372000000]: Footprint model 'polygon' loaded for trajectory optimization.
[INFO] [1783874068.419913734, 127.970000000]: Footprint model 'polygon' loaded for trajectory optimization.
[INFO] [1783874069.019385411, 128.570000000]: Footprint model 'polygon' loaded for trajectory optimization.
[INFO] [1783874069.664343735, 129.216000000]: Footprint model 'polygon' loaded for trajectory optimization.
[INFO] [1783874070.268809194, 129.816000000]: Footprint model 'polygon' loaded for trajectory optimization.
[INFO] [1783874070.818297265, 130.368000000]: Footprint model 'polygon' loaded for trajectory optimization.
[INFO] [1783874071.472612805, 131.016000000]: Footprint model 'polygon' loaded for trajectory optimization.
[INFO] [1783874072.072654620, 131.618000000]: Footprint model 'polygon' loaded for trajectory optimization.
[INFO] [1783874073.911547872, 133.452000000]: GOAL Reached!
[INFO] [1783874074.069297494, 133.610000000]: Footprint model 'polygon' loaded for trajectory optimization.
[INFO] [1783874074.930556184, 134.470000000]: Footprint model 'polygon' loaded for trajectory optimization.
[INFO] [1783874075.476750774, 135.016000000]: Footprint model 'polygon' loaded for trajectory optimization.
[INFO] [1783874076.075033286, 135.616000000]: Footprint model 'polygon' loaded for trajectory optimization.
[INFO] [1783874076.730484622, 136.268000000]: Footprint model 'polygon' loaded for trajectory optimization.
[INFO] [1783874078.569218783, 138.102000000]: GOAL Reached!
[INFO] [1783874078.723409735, 138.256000000]: Footprint model 'polygon' loaded for trajectory optimization.
[INFO] [1783874079.576456349, 139.108000000]: Footprint model 'polygon' loaded for trajectory optimization.
[INFO] [1783874080.136402725, 139.668000000]: Footprint model 'polygon' loaded for trajectory optimization.
[INFO] [1783874080.784844822, 140.314000000]: Footprint model 'polygon' loaded for trajectory optimization.
[INFO] [1783874081.337510884, 140.866000000]: Footprint model 'polygon' loaded for trajectory optimization.
[INFO] [1783874081.934583957, 141.462000000]: Footprint model 'polygon' loaded for trajectory optimization.
[INFO] [1783874082.584105674, 142.110000000]: Footprint model 'polygon' loaded for trajectory optimization.
[INFO] [1783874084.026871795, 143.550000000]: GOAL Reached!
[INFO] [1783874084.172627128, 143.694000000]: Footprint model 'polygon' loaded for trajectory optimization.
[INFO] [1783874085.068437665, 144.590000000]: Footprint model 'polygon' loaded for trajectory optimization.
[INFO] [1783874085.754572490, 145.276000000]: Footprint model 'polygon' loaded for trajectory optimization.
[INFO] [1783874086.301578304, 145.820000000]: Footprint model 'polygon' loaded for trajectory optimization.
[INFO] [1783874086.952235780, 146.470000000]: Footprint model 'polygon' loaded for trajectory optimization.
[INFO] [1783874087.506528044, 147.024000000]: Footprint model 'polygon' loaded for trajectory optimization.
[INFO] [1783874088.148237056, 147.668000000]: Footprint model 'polygon' loaded for trajectory optimization.
[INFO] [1783874088.749521933, 148.264000000]: Footprint model 'polygon' loaded for trajectory optimization.
[INFO] [1783874089.352779632, 148.868000000]: Footprint model 'polygon' loaded for trajectory optimization.
[INFO] [1783874089.904332229, 149.416000000]: Footprint model 'polygon' loaded for trajectory optimization.
[INFO] [1783874090.555110958, 150.068000000]: Footprint model 'polygon' loaded for trajectory optimization.
[INFO] [1783874092.195579687, 151.704000000]: GOAL Reached!
[INFO] [1783874092.335212900, 151.844000000]: Footprint model 'polygon' loaded for trajectory optimization.
[INFO] [1783874093.202102794, 152.708000000]: Footprint model 'polygon' loaded for trajectory optimization.
[INFO] [1783874093.813414850, 153.320000000]: Footprint model 'polygon' loaded for trajectory optimization.
[INFO] [1783874094.362568278, 153.866000000]: Footprint model 'polygon' loaded for trajectory optimization.
[INFO] [1783874095.013240693, 154.516000000]: Footprint model 'polygon' loaded for trajectory optimization.
[INFO] [1783874095.612076353, 155.114000000]: Footprint model 'polygon' loaded for trajectory optimization.
[INFO] [1783874096.213103597, 155.714000000]: Footprint model 'polygon' loaded for trajectory optimization.
[INFO] [1783874096.814562304, 156.314000000]: Footprint model 'polygon' loaded for trajectory optimization.
[INFO] [1783874097.367257371, 156.866000000]: Footprint model 'polygon' loaded for trajectory optimization.
[INFO] [1783874098.017154960, 157.514000000]: Footprint model 'polygon' loaded for trajectory optimization.
[INFO] [1783874098.564720431, 158.064000000]: Footprint model 'polygon' loaded for trajectory optimization.
[INFO] [1783874100.257106476, 159.750000000]: GOAL Reached!
[INFO] [1783874100.409371031, 159.902000000]: Footprint model 'polygon' loaded for trajectory optimization.
[INFO] [1783874101.283241265, 160.776000000]: Footprint model 'polygon' loaded for trajectory optimization.
[INFO] [1783874101.921254976, 161.412000000]: Footprint model 'polygon' loaded for trajectory optimization.
[INFO] [1783874102.517465894, 162.010000000]: Footprint model 'polygon' loaded for trajectory optimization.
[INFO] [1783874103.115939299, 162.608000000]: Footprint model 'polygon' loaded for trajectory optimization.
[INFO] [1783874104.910251187, 164.396000000]: GOAL Reached!
[INFO] [1783874105.052369801, 164.538000000]: Footprint model 'polygon' loaded for trajectory optimization.
[INFO] [1783874105.946317137, 165.430000000]: Footprint model 'polygon' loaded for trajectory optimization.
[INFO] [1783874106.537816253, 166.020000000]: Footprint model 'polygon' loaded for trajectory optimization.
[INFO] [1783874107.135753838, 166.620000000]: Footprint model 'polygon' loaded for trajectory optimization.
[INFO] [1783874107.738498568, 167.220000000]: Footprint model 'polygon' loaded for trajectory optimization.
[INFO] [1783874108.285167089, 167.768000000]: Footprint model 'polygon' loaded for trajectory optimization.
[INFO] [1783874108.888299576, 168.368000000]: Footprint model 'polygon' loaded for trajectory optimization.
[INFO] [1783874110.381866217, 169.858000000]: GOAL Reached!
[INFO] [1783874110.516662354, 169.992000000]: Footprint model 'polygon' loaded for trajectory optimization.
[INFO] [1783874111.417068846, 170.892000000]: Footprint model 'polygon' loaded for trajectory optimization.
[INFO] [1783874111.950985911, 171.428000000]: Footprint model 'polygon' loaded for trajectory optimization.
[INFO] [1783874112.556519220, 172.028000000]: Footprint model 'polygon' loaded for trajectory optimization.
[INFO] [1783874113.200674992, 172.674000000]: Footprint model 'polygon' loaded for trajectory optimization.
[INFO] [1783874113.755262743, 173.226000000]: Footprint model 'polygon' loaded for trajectory optimization.
[INFO] [1783874114.375851337, 173.844000000]: Footprint model 'polygon' loaded for trajectory optimization.
[INFO] [1783874114.950513254, 174.424000000]: Footprint model 'polygon' loaded for trajectory optimization.
[INFO] [1783874115.602900743, 175.072000000]: Footprint model 'polygon' loaded for trajectory optimization.
[INFO] [1783874116.156670916, 175.622000000]: Footprint model 'polygon' loaded for trajectory optimization.
[INFO] [1783874118.445308234, 177.910000000]: GOAL Reached!
[INFO] [1783874118.579550488, 178.044000000]: Footprint model 'polygon' loaded for trajectory optimization.
[INFO] [1783874119.465027061, 178.930000000]: Footprint model 'polygon' loaded for trajectory optimization.
[INFO] [1783874120.005067485, 179.466000000]: Footprint model 'polygon' loaded for trajectory optimization.
[INFO] [1783874120.654559504, 180.118000000]: Footprint model 'polygon' loaded for trajectory optimization.
[INFO] [1783874121.205933176, 180.666000000]: Footprint model 'polygon' loaded for trajectory optimization.
[INFO] [1783874121.860640520, 181.320000000]: Footprint model 'polygon' loaded for trajectory optimization.
[INFO] [1783874122.456407478, 181.916000000]: Footprint model 'polygon' loaded for trajectory optimization.
[INFO] [1783874123.009549599, 182.466000000]: Footprint model 'polygon' loaded for trajectory optimization.
[INFO] [1783874123.658605837, 183.114000000]: Footprint model 'polygon' loaded for trajectory optimization.
[INFO] [1783874124.208925456, 183.664000000]: Footprint model 'polygon' loaded for trajectory optimization.
[INFO] [1783874126.499353712, 185.950000000]: GOAL Reached!
[INFO] [1783874126.651230382, 186.100000000]: Footprint model 'polygon' loaded for trajectory optimization.
[INFO] [1783874127.520284356, 186.968000000]: Footprint model 'polygon' loaded for trajectory optimization.
[INFO] [1783874128.120524287, 187.566000000]: Footprint model 'polygon' loaded for trajectory optimization.
[INFO] [1783874128.665903878, 188.112000000]: Footprint model 'polygon' loaded for trajectory optimization.
[INFO] [1783874129.316410138, 188.762000000]: Footprint model 'polygon' loaded for trajectory optimization.
[INFO] [1783874131.057336032, 190.500000000]: GOAL Reached!
[INFO] [1783874131.204547188, 190.646000000]: Footprint model 'polygon' loaded for trajectory optimization.
[INFO] [1783874132.070677546, 191.510000000]: Footprint model 'polygon' loaded for trajectory optimization.
[INFO] [1783874132.669220024, 192.108000000]: Footprint model 'polygon' loaded for trajectory optimization.
[INFO] [1783874133.268311875, 192.706000000]: Footprint model 'polygon' loaded for trajectory optimization.
[INFO] [1783874133.867863063, 193.306000000]: Footprint model 'polygon' loaded for trajectory optimization.
[INFO] [1783874134.465250835, 193.902000000]: Footprint model 'polygon' loaded for trajectory optimization.
[INFO] [1783874135.071873440, 194.506000000]: Footprint model 'polygon' loaded for trajectory optimization.
[INFO] [1783874136.711824312, 196.142000000]: GOAL Reached!
[INFO] [1783874136.859751486, 196.290000000]: Footprint model 'polygon' loaded for trajectory optimization.
[INFO] [1783874137.738698948, 197.170000000]: Footprint model 'polygon' loaded for trajectory optimization.
[INFO] [1783874138.335135262, 197.764000000]: Footprint model 'polygon' loaded for trajectory optimization.
[INFO] [1783874138.883591497, 198.312000000]: Footprint model 'polygon' loaded for trajectory optimization.
[INFO] [1783874139.484026733, 198.910000000]: Footprint model 'polygon' loaded for trajectory optimization.
[INFO] [1783874140.132428519, 199.558000000]: Footprint model 'polygon' loaded for trajectory optimization.
[INFO] [1783874140.685883383, 200.112000000]: Footprint model 'polygon' loaded for trajectory optimization.
[INFO] [1783874141.285029812, 200.710000000]: Footprint model 'polygon' loaded for trajectory optimization.
[INFO] [1783874141.934024050, 201.358000000]: Footprint model 'polygon' loaded for trajectory optimization.
[INFO] [1783874142.482375489, 201.906000000]: Footprint model 'polygon' loaded for trajectory optimization.
[INFO] [1783874143.134962785, 202.556000000]: Footprint model 'polygon' loaded for trajectory optimization.
[INFO] [1783874144.775004740, 204.194000000]: GOAL Reached!
[INFO] [1783874144.917302226, 204.336000000]: Footprint model 'polygon' loaded for trajectory optimization.
[INFO] [1783874145.795116685, 205.212000000]: Footprint model 'polygon' loaded for trajectory optimization.
[INFO] [1783874146.330034242, 205.746000000]: Footprint model 'polygon' loaded for trajectory optimization.
[INFO] [1783874146.936292091, 206.352000000]: Footprint model 'polygon' loaded for trajectory optimization.
[INFO] [1783874147.536790895, 206.952000000]: Footprint model 'polygon' loaded for trajectory optimization.
[INFO] [1783874148.186921316, 207.600000000]: Footprint model 'polygon' loaded for trajectory optimization.
[INFO] [1783874148.785155482, 208.196000000]: Footprint model 'polygon' loaded for trajectory optimization.
[INFO] [1783874149.390025487, 208.802000000]: Footprint model 'polygon' loaded for trajectory optimization.
[INFO] [1783874149.981529444, 209.394000000]: Footprint model 'polygon' loaded for trajectory optimization.
[INFO] [1783874150.587116839, 209.996000000]: Footprint model 'polygon' loaded for trajectory optimization.
[INFO] [1783874151.132170209, 210.544000000]: Footprint model 'polygon' loaded for trajectory optimization.
[INFO] [1783874152.827911919, 212.232000000]: GOAL Reached!
[INFO] [1783874152.967336516, 212.372000000]: Footprint model 'polygon' loaded for trajectory optimization.
[INFO] [1783874153.827350182, 213.230000000]: Footprint model 'polygon' loaded for trajectory optimization.
[INFO] [1783874154.387017413, 213.788000000]: Footprint model 'polygon' loaded for trajectory optimization.
[INFO] [1783874154.984878152, 214.386000000]: Footprint model 'polygon' loaded for trajectory optimization.
[INFO] [1783874155.636211811, 215.034000000]: Footprint model 'polygon' loaded for trajectory optimization.
[INFO] [1783874157.476951658, 216.874000000]: GOAL Reached!
[INFO] [1783874157.634621468, 217.032000000]: Footprint model 'polygon' loaded for trajectory optimization.
[INFO] [1783874158.508116093, 217.906000000]: Footprint model 'polygon' loaded for trajectory optimization.
[INFO] [1783874159.096152392, 218.492000000]: Footprint model 'polygon' loaded for trajectory optimization.
[INFO] [1783874159.658696275, 219.052000000]: Footprint model 'polygon' loaded for trajectory optimization.
[INFO] [1783874160.255829692, 219.646000000]: Footprint model 'polygon' loaded for trajectory optimization.
[INFO] [1783874160.903293916, 220.294000000]: Footprint model 'polygon' loaded for trajectory optimization.
[INFO] [1783874161.503699385, 220.894000000]: Footprint model 'polygon' loaded for trajectory optimization.
[INFO] [1783874162.941620095, 222.332000000]: GOAL Reached!
[INFO] [1783874163.096494128, 222.486000000]: Footprint model 'polygon' loaded for trajectory optimization.
[INFO] [1783874164.004440046, 223.388000000]: Footprint model 'polygon' loaded for trajectory optimization.
[INFO] [1783874164.551869066, 223.936000000]: Footprint model 'polygon' loaded for trajectory optimization.
[INFO] [1783874165.201314646, 224.584000000]: Footprint model 'polygon' loaded for trajectory optimization.
[INFO] [1783874165.751111999, 225.134000000]: Footprint model 'polygon' loaded for trajectory optimization.
[INFO] [1783874166.347882699, 225.728000000]: Footprint model 'polygon' loaded for trajectory optimization.
[INFO] [1783874166.997751720, 226.376000000]: Footprint model 'polygon' loaded for trajectory optimization.
[INFO] [1783874167.553337158, 226.932000000]: Footprint model 'polygon' loaded for trajectory optimization.
[INFO] [1783874168.143528361, 227.524000000]: Footprint model 'polygon' loaded for trajectory optimization.
[INFO] [1783874168.750483456, 228.126000000]: Footprint model 'polygon' loaded for trajectory optimization.
[INFO] [1783874169.397168892, 228.774000000]: Footprint model 'polygon' loaded for trajectory optimization.
[INFO] [1783874171.439978741, 230.812000000]: GOAL Reached!
[INFO] [1783874171.584687458, 230.956000000]: Footprint model 'polygon' loaded for trajectory optimization.
[INFO] [1783874172.461822328, 231.830000000]: Footprint model 'polygon' loaded for trajectory optimization.
[INFO] [1783874173.002351270, 232.370000000]: Footprint model 'polygon' loaded for trajectory optimization.
[INFO] [1783874173.604535934, 232.972000000]: Footprint model 'polygon' loaded for trajectory optimization.
[INFO] [1783874174.205300816, 233.572000000]: Footprint model 'polygon' loaded for trajectory optimization.
[INFO] [1783874174.852843474, 234.218000000]: Footprint model 'polygon' loaded for trajectory optimization.
[INFO] [1783874175.456125060, 234.818000000]: Footprint model 'polygon' loaded for trajectory optimization.
[INFO] [1783874176.007592138, 235.370000000]: Footprint model 'polygon' loaded for trajectory optimization.
[INFO] [1783874176.607721808, 235.970000000]: Footprint model 'polygon' loaded for trajectory optimization.
[INFO] [1783874177.256287288, 236.616000000]: Footprint model 'polygon' loaded for trajectory optimization.
[INFO] [1783874177.806825001, 237.168000000]: Footprint model 'polygon' loaded for trajectory optimization.
[INFO] [1783874179.497487130, 238.854000000]: GOAL Reached!
[INFO] [1783874179.648758809, 239.004000000]: Footprint model 'polygon' loaded for trajectory optimization.
[INFO] [1783874180.513309023, 239.870000000]: Footprint model 'polygon' loaded for trajectory optimization.
[INFO] [1783874181.063760288, 240.416000000]: Footprint model 'polygon' loaded for trajectory optimization.
[INFO] [1783874181.661533169, 241.014000000]: Footprint model 'polygon' loaded for trajectory optimization.
[INFO] [1783874182.262980252, 241.616000000]: Footprint model 'polygon' loaded for trajectory optimization.
[INFO] [1783874184.053149161, 243.402000000]: GOAL Reached!
[INFO] [1783874184.206522104, 243.554000000]: Footprint model 'polygon' loaded for trajectory optimization.
[INFO] [1783874185.085039869, 244.432000000]: Footprint model 'polygon' loaded for trajectory optimization.
[INFO] [1783874185.668230507, 245.014000000]: Footprint model 'polygon' loaded for trajectory optimization.
[INFO] [1783874186.271178269, 245.616000000]: Footprint model 'polygon' loaded for trajectory optimization.
[INFO] [1783874186.872910545, 246.216000000]: Footprint model 'polygon' loaded for trajectory optimization.
[INFO] [1783874187.423315760, 246.766000000]: Footprint model 'polygon' loaded for trajectory optimization.
[INFO] [1783874188.025115303, 247.366000000]: Footprint model 'polygon' loaded for trajectory optimization.
[INFO] [1783874189.514954799, 248.854000000]: GOAL Reached!
[INFO] [1783874189.653902430, 248.994000000]: Footprint model 'polygon' loaded for trajectory optimization.
[INFO] [1783874190.534700969, 249.872000000]: Footprint model 'polygon' loaded for trajectory optimization.
[INFO] [1783874191.088246445, 250.424000000]: Footprint model 'polygon' loaded for trajectory optimization.
[INFO] [1783874191.684427668, 251.018000000]: Footprint model 'polygon' loaded for trajectory optimization.
[INFO] [1783874192.282583146, 251.616000000]: Footprint model 'polygon' loaded for trajectory optimization.
[INFO] [1783874192.885288356, 252.218000000]: Footprint model 'polygon' loaded for trajectory optimization.
[INFO] [1783874193.481876337, 252.812000000]: Footprint model 'polygon' loaded for trajectory optimization.
[INFO] [1783874194.132134695, 253.462000000]: Footprint model 'polygon' loaded for trajectory optimization.
[INFO] [1783874194.736534158, 254.064000000]: Footprint model 'polygon' loaded for trajectory optimization.
[INFO] [1783874195.283341080, 254.612000000]: Footprint model 'polygon' loaded for trajectory optimization.
[INFO] [1783874195.931793737, 255.262000000]: Footprint model 'polygon' loaded for trajectory optimization.
[INFO] [1783874197.573452859, 256.900000000]: GOAL Reached!
[INFO] [1783874197.727790008, 257.054000000]: Footprint model 'polygon' loaded for trajectory optimization.
[INFO] [1783874198.603895083, 257.928000000]: Footprint model 'polygon' loaded for trajectory optimization.
[INFO] [1783874199.192926407, 258.516000000]: Footprint model 'polygon' loaded for trajectory optimization.
[INFO] [1783874199.795130792, 259.118000000]: Footprint model 'polygon' loaded for trajectory optimization.
[INFO] [1783874200.344804750, 259.668000000]: Footprint model 'polygon' loaded for trajectory optimization.
[INFO] [1783874200.947143389, 260.268000000]: Footprint model 'polygon' loaded for trajectory optimization.
[INFO] [1783874201.549292873, 260.868000000]: Footprint model 'polygon' loaded for trajectory optimization.
[INFO] [1783874202.194995225, 261.514000000]: Footprint model 'polygon' loaded for trajectory optimization.
[INFO] [1783874202.798618049, 262.114000000]: Footprint model 'polygon' loaded for trajectory optimization.
[INFO] [1783874203.402347022, 262.718000000]: Footprint model 'polygon' loaded for trajectory optimization.
[INFO] [1783874205.639999894, 264.950000000]: GOAL Reached!
[INFO] [1783874205.789825032, 265.102000000]: Footprint model 'polygon' loaded for trajectory optimization.
[INFO] [1783874206.680079156, 265.990000000]: Footprint model 'polygon' loaded for trajectory optimization.
[INFO] [1783874207.224042615, 266.532000000]: Footprint model 'polygon' loaded for trajectory optimization.
[INFO] [1783874207.823393195, 267.130000000]: Footprint model 'polygon' loaded for trajectory optimization.
[INFO] [1783874208.474687982, 267.780000000]: Footprint model 'polygon' loaded for trajectory optimization.
[INFO] [1783874209.022655899, 268.328000000]: Footprint model 'polygon' loaded for trajectory optimization.
[INFO] [1783874209.671436750, 268.976000000]: Footprint model 'polygon' loaded for trajectory optimization.
[INFO] [1783874210.223145030, 269.528000000]: Footprint model 'polygon' loaded for trajectory optimization.
[INFO] [1783874210.873579950, 270.178000000]: Footprint model 'polygon' loaded for trajectory optimization.
[INFO] [1783874211.426931142, 270.728000000]: Footprint model 'polygon' loaded for trajectory optimization.
[INFO] [1783874213.217033602, 272.514000000]: GOAL Reached!
[INFO] [1783874213.369313668, 272.668000000]: Footprint model 'polygon' loaded for trajectory optimization.
[INFO] [1783874214.232556909, 273.530000000]: Footprint model 'polygon' loaded for trajectory optimization.
[INFO] [1783874214.788369762, 274.084000000]: Footprint model 'polygon' loaded for trajectory optimization.
[INFO] [1783874215.403816982, 274.698000000]: Footprint model 'polygon' loaded for trajectory optimization.
[INFO] [1783874216.037150730, 275.330000000]: Footprint model 'polygon' loaded for trajectory optimization.
[INFO] [1783874216.640420564, 275.930000000]: Footprint model 'polygon' loaded for trajectory optimization.
[INFO] [1783874217.240045304, 276.530000000]: Footprint model 'polygon' loaded for trajectory optimization.
[INFO] [1783874217.840042307, 277.128000000]: Footprint model 'polygon' loaded for trajectory optimization.
[INFO] [1783874218.392316505, 277.678000000]: Footprint model 'polygon' loaded for trajectory optimization.
[INFO] [1783874219.041489794, 278.328000000]: Footprint model 'polygon' loaded for trajectory optimization.
[INFO] [1783874220.983877203, 280.266000000]: GOAL Reached!
[INFO] [1783874221.132042755, 280.414000000]: Footprint model 'polygon' loaded for trajectory optimization.
[INFO] [1783874222.006947231, 281.290000000]: Footprint model 'polygon' loaded for trajectory optimization.
[INFO] [1783874222.564554085, 281.846000000]: Footprint model 'polygon' loaded for trajectory optimization.
[INFO] [1783874223.210566959, 282.492000000]: Footprint model 'polygon' loaded for trajectory optimization.
[INFO] [1783874223.809989346, 283.088000000]: Footprint model 'polygon' loaded for trajectory optimization.
[INFO] [1783874224.362467369, 283.640000000]: Footprint model 'polygon' loaded for trajectory optimization.
[INFO] [1783874225.011004902, 284.288000000]: Footprint model 'polygon' loaded for trajectory optimization.
[INFO] [1783874225.560624471, 284.838000000]: Footprint model 'polygon' loaded for trajectory optimization.
[INFO] [1783874226.161075157, 285.438000000]: Footprint model 'polygon' loaded for trajectory optimization.
[INFO] [1783874226.816441227, 286.092000000]: Footprint model 'polygon' loaded for trajectory optimization.
[INFO] [1783874227.362358369, 286.636000000]: Footprint model 'polygon' loaded for trajectory optimization.
[INFO] [1783874229.350833026, 288.620000000]: GOAL Reached!
[INFO] [1783874229.490406640, 288.762000000]: Footprint model 'polygon' loaded for trajectory optimization.
[INFO] [1783874230.403362886, 289.670000000]: Footprint model 'polygon' loaded for trajectory optimization.
[INFO] [1783874230.983760239, 290.250000000]: Footprint model 'polygon' loaded for trajectory optimization.
[INFO] [1783874231.587550262, 290.854000000]: Footprint model 'polygon' loaded for trajectory optimization.
[INFO] [1783874232.185170998, 291.450000000]: Footprint model 'polygon' loaded for trajectory optimization.
[INFO] [1783874232.739002224, 292.006000000]: Footprint model 'polygon' loaded for trajectory optimization.
[INFO] [1783874233.342862631, 292.606000000]: Footprint model 'polygon' loaded for trajectory optimization.
[INFO] [1783874233.942155165, 293.202000000]: Footprint model 'polygon' loaded for trajectory optimization.
[INFO] [1783874234.592497482, 293.850000000]: Footprint model 'polygon' loaded for trajectory optimization.
[INFO] [1783874236.032831494, 295.290000000]: GOAL Reached!
[INFO] [1783874236.187071323, 295.444000000]: Footprint model 'polygon' loaded for trajectory optimization.
[INFO] [1783874237.054563289, 296.310000000]: Footprint model 'polygon' loaded for trajectory optimization.
[INFO] [1783874237.602534138, 296.856000000]: Footprint model 'polygon' loaded for trajectory optimization.
[INFO] [1783874238.248062196, 297.502000000]: Footprint model 'polygon' loaded for trajectory optimization.
[INFO] [1783874238.799895888, 298.052000000]: Footprint model 'polygon' loaded for trajectory optimization.
[INFO] [1783874239.402489745, 298.654000000]: Footprint model 'polygon' loaded for trajectory optimization.
[INFO] [1783874240.050885005, 299.302000000]: Footprint model 'polygon' loaded for trajectory optimization.
[INFO] [1783874240.602452674, 299.852000000]: Footprint model 'polygon' loaded for trajectory optimization.
[INF[WARN] [1783874263.291620543, 322.502000000]: TebLocalPlannerROS: possible oscillation (of the robot or its local plan) detected. Activating recovery strategy (prefer current turning direction during optimization).
O] [1783874241.203199412, 300.452000000]: Footprint model 'polygon' loaded for trajectory optimization.
[INFO] [1783874241.851081983, 301.098000000]: Footprint model 'polygon' loaded for trajectory optimization.
[INFO] [1783874242.404715505, 301.652000000]: Footprint model 'polygon' loaded for trajectory optimization.
[INFO] [1783874244.092271210, 303.338000000]: GOAL Reached!
[INFO] [1783874244.254819890, 303.500000000]: Footprint model 'polygon' loaded for trajectory optimization.
[INFO] [1783874245.126092471, 304.370000000]: Footprint model 'polygon' loaded for trajectory optimization.
[INFO] [1783874245.736057246, 304.976000000]: Footprint model 'polygon' loaded for trajectory optimization.
[INFO] [1783874246.281624547, 305.520000000]: Footprint model 'polygon' loaded for trajectory optimization.
[INFO] [1783874246.888723811, 306.128000000]: Footprint model 'polygon' loaded for trajectory optimization.
[INFO] [1783874247.537212052, 306.776000000]: Footprint model 'polygon' loaded for trajectory optimization.
[INFO] [1783874248.089706082, 307.328000000]: Footprint model 'polygon' loaded for trajectory optimization.
[INFO] [1783874248.691966751, 307.928000000]: Footprint model 'polygon' loaded for trajectory optimization.
[INFO] [1783874249.333499095, 308.570000000]: Footprint model 'polygon' loaded for trajectory optimization.
[INFO] [1783874249.891018028, 309.124000000]: Footprint model 'polygon' loaded for trajectory optimization.
[INFO] [1783874253.544936963, 312.774000000]: Footprint model 'polygon' loaded for trajectory optimization.
[INFO] [1783874254.144204950, 313.372000000]: Footprint model 'polygon' loaded for trajectory optimization.
[INFO] [1783874254.744243934, 313.970000000]: Footprint model 'polygon' loaded for trajectory optimization.
[INFO] [1783874255.302123380, 314.526000000]: Footprint model 'polygon' loaded for trajectory optimization.
[INFO] [1783874258.952692338, 318.172000000]: Footprint model 'polygon' loaded for trajectory optimization.
[INFO] [1783874262.558742576, 321.774000000]: Footprint model 'polygon' loaded for trajectory optimization.
[INFO] [1783874263.106416238, 322.318000000]: Footprint model 'polygon' loaded for trajectory optimization.
[INFO] [1783874263.711977265, 322.922000000]: Footprint model 'polygon' loaded for trajectory optimization.
[INFO] [1783874264.360690522, 323.570000000]: Footprint model 'polygon' loaded for trajectory optimization.
[INFO] [1783874264.913074334, 324.124000000]: Footprint model 'polygon' loaded for trajectory optimization.
[INFO] [1783874268.518733077, 327.722000000]: Footprint model 'polygon' loaded for trajectory optimization.
[INFO] [1783874269.184095487, 328.388000000]: Footprint model 'polygon' loaded for trajectory optimization.
[INFO] [1783874269.775201388, 328.976000000]: Footprint model 'polygon' loaded for trajectory optimization.
[INFO] [1783874270.378783105, 329.580000000]: Footprint model 'polygon' loaded for trajectory optimization.
[INFO] [1783874270.987882237, 330.186000000]: Footprint model 'polygon' loaded for trajectory optimization.
[INFO] [1783874271.582591916, 330.778000000]: Footprint model 'polygon' loaded for trajectory optimization.
[INFO] [1783874272.184675784, 331.380000000]: Footprint model 'polygon' loaded for trajectory optimization.
[INFO] [1783874272.740564619, 331.936000000]: Footprint model 'polygon' loaded for trajectory optimization.
[INFO] [1783874273.397227147, 332.592000000]: Footprint model 'polygon' loaded for trajectory optimization.
[INFO] [1783874273.994540620, 333.186000000]: Footprint model 'polygon' loaded for trajectory optimization.
[INFO] [1783874274.591032491, 333.784000000]: Footprint model 'polygon' loaded for trajectory optimization.
[INFO] [1783874275.136391476, 334.328000000]: Footprint model 'polygon' loaded for trajectory optimization.
[INFO] [1783874275.801048982, 334.992000000]: Footprint model 'polygon' loaded for trajectory optimization.
[INFO] [1783874276.385239861, 335.578000000]: Footprint model 'polygon' loaded for trajectory optimization.
[INFO] [1783874276.931048063, 336.122000000][WARN] [1783874281.221192503, 340.402000000]: TebLocalPlannerROS: possible oscillation (of the robot or its local plan) detected. Activating recovery strategy (prefer current turning direction during optimization).
[WARN] [1783874295.846025166, 355.002000000]: TebLocalPlannerROS: possible oscillation (of the robot or its local plan) detected. Activating recovery strategy (prefer current turning direction during optimization).
: Footprint model 'polygon' loaded for trajectory optimization.
[INFO] [1783874277.538564885, 336.728000000]: Footprint model 'polygon' loaded for trajectory optimization.
[INFO] [1783874278.143918078, 337.330000000]: Footprint model 'polygon' loaded for trajectory optimization.
[INFO] [1783874278.213481397, 337.402000000]: TebLocalPlannerROS: oscillation recovery disabled/expired.
[INFO] [1783874278.747141156, 337.934000000]: Footprint model 'polygon' loaded for trajectory optimization.
[INFO] [1783874279.346138909, 338.532000000]: Footprint model 'polygon' loaded for trajectory optimization.
[INFO] [1783874279.946583171, 339.130000000]: Footprint model 'polygon' loaded for trajectory optimization.
[INFO] [1783874280.544937237, 339.728000000]: Footprint model 'polygon' loaded for trajectory optimization.
[INFO] [1783874281.197294930, 340.378000000]: Footprint model 'polygon' loaded for trajectory optimization.
[INFO] [1783874281.743324749, 340.924000000]: Footprint model 'polygon' loaded for trajectory optimization.
[INFO] [1783874282.397973098, 341.576000000]: Footprint model 'polygon' loaded for trajectory optimization.
[INFO] [1783874282.993839900, 342.170000000]: Footprint model 'polygon' loaded for trajectory optimization.
[INFO] [1783874283.593539480, 342.770000000]: Footprint model 'polygon' loaded for trajectory optimization.
[INFO] [1783874284.144879681, 343.322000000]: Footprint model 'polygon' loaded for trajectory optimization.
[INFO] [1783874284.795841929, 343.970000000]: Footprint model 'polygon' loaded for trajectory optimization.
[INFO] [1783874285.398768252, 344.572000000]: Footprint model 'polygon' loaded for trajectory optimization.
[INFO] [1783874288.997916265, 348.164000000]: Footprint model 'polygon' loaded for trajectory optimization.
[INFO] [1783874289.613325643, 348.780000000]: Footprint model 'polygon' loaded for trajectory optimization.
[INFO] [1783874290.206600436, 349.372000000]: Footprint model 'polygon' loaded for trajectory optimization.
[INFO] [1783874290.764413306, 349.928000000]: Footprint model 'polygon' loaded for trajectory optimization.
[INFO] [1783874291.411247141, 350.574000000]: Footprint model 'polygon' loaded for trajectory optimization.
[INFO] [1783874291.959073192, 351.122000000]: Footprint model 'polygon' loaded for trajectory optimization.
[INFO] [1783874292.141267394, 351.302000000]: TebLocalPlannerROS: oscillation recovery disabled/expired.
[INFO] [1783874292.560901394, 351.722000000]: Footprint model 'polygon' loaded for trajectory optimization.
[INFO] [1783874293.210597974, 352.370000000]: Footprint model 'polygon' loaded for trajectory optimization.
[INFO] [1783874293.762361873, 352.920000000]: Footprint model 'polygon' loaded for trajectory optimization.
[INFO] [1783874294.369040575, 353.526000000]: Footprint model 'polygon' loaded for trajectory optimization.
[INFO] [1783874298.024813238, 357.176000000]: Footprint model 'polygon' loaded for trajectory optimization.
[INFO] [1783874298.588283875, 357.738000000]: Footprint model 'polygon' loaded for trajectory optimization.
[INFO] [1783874299.407844022, 358.560000000]: Footprint model 'polygon' loaded for trajectory optimization.
[INFO] [1783874300.282309479, 359.430000000]: Footprint model 'polygon' loaded for trajectory optimization.
[INFO] [1783874300.833532604, 359.982000000]: Footprint model 'polygon' loaded for trajectory optimization.
[INFO] [1783874301.441831331, 360.586000000]: Footprint model 'polygon' loaded for trajectory optimization.
[INFO] [1783874302.039298190, 361.184000000]: Footprint model 'polygon' loaded for trajectory optimization.
[INFO] [1783874302.638561461, 361.782000000]: Footprint model 'polygon' loaded for trajectory optimization.
[INFO] [1783874303.285437308, 362.428000000]: Footprint model 'polygon' loaded for trajectory optimization.
[INFO] [1783874303.889332469, 363.030000000]: Footprint model 'polygon' loaded for trajectory optimization.
[INFO] [1783874304.488192591, 363.628000000]: Footprint model 'polygon' loaded for trajectory optimization.
[INFO] [1783874305.088263523, 364.23000000[ERROR] [1783874308.833162719, 367.966000000]: TebOptimalPlanner::getVelocityCommand() - timediff<=0 is invalid!
[WARN] [1783874308.833228759, 367.966000000]: TebLocalPlannerROS: velocity command invalid. Resetting planner...
0]: Footprint model 'polygon' loaded for trajectory optimization.
[INFO] [1783874305.640296540, 364.778000000]: Footprint model 'polygon' loaded for trajectory optimization.
[INFO] [1783874306.239789413, 365.378000000]: Footprint model 'polygon' loaded for trajectory optimization.
[INFO] [1783874306.893939951, 366.030000000]: Footprint model 'polygon' loaded for trajectory optimization.
[INFO] [1783874307.441685733, 366.578000000]: Footprint model 'polygon' loaded for trajectory optimization.
[INFO] [1783874308.041814690, 367.176000000]: Footprint model 'polygon' loaded for trajectory optimization.
[INFO] [1783874310.536970563, 369.666000000]: GOAL Reached!
[INFO] [1783874310.696621679, 369.826000000]: Footprint model 'polygon' loaded for trajectory optimization.
[INFO] [1783874311.560375241, 370.692000000]: Footprint model 'polygon' loaded for trajectory optimization.
[INFO] [1783874312.158819869, 371.286000000]: Footprint model 'polygon' loaded for trajectory optimization.
[INFO] [1783874312.758340271, 371.886000000]: Footprint model 'polygon' loaded for trajectory optimization.
[INFO] [1783874313.360039686, 372.484000000]: Footprint model 'polygon' loaded for trajectory optimization.
[INFO] [1783874313.962774830, 373.090000000]: Footprint model 'polygon' loaded for trajectory optimization.
[INFO] [1783874314.509494832, 373.632000000]: Footprint model 'polygon' loaded for trajectory optimization.
[INFO] [1783874315.163253931, 374.284000000]: Footprint model 'polygon' loaded for trajectory optimization.
[INFO] [1783874315.498930678, 374.620000000]: TebLocalPlannerROS: oscillation recovery disabled/expired.
[INFO] [1783874315.732257390, 374.852000000]: Footprint model 'polygon' loaded for trajectory optimization.
[INFO] [1783874316.363399160, 375.482000000]: Footprint model 'polygon' loaded for trajectory optimization.
[INFO] [1783874318.301821409, 377.420000000]: GOAL Reached!
[INFO] [1783874318.450795659, 377.566000000]: Footprint model 'polygon' loaded for trajectory optimization.
[INFO] [1783874319.334003569, 378.448000000]: Footprint model 'polygon' loaded for trajectory optimization.
[INFO] [1783874319.878858719, 378.992000000]: Footprint model 'polygon' loaded for trajectory optimization.
[INFO] [1783874320.534306243, 379.646000000]: Footprint model 'polygon' loaded for trajectory optimization.
[INFO] [1783874321.126170739, 380.238000000]: Footprint model 'polygon' loaded for trajectory optimization.
[INFO] [1783874321.728518056, 380.838000000]: Footprint model 'polygon' loaded for trajectory optimization.
[INFO] [1783874322.335275831, 381.444000000]: Footprint model 'polygon' loaded for trajectory optimization.
[INFO] [1783874322.884293286, 381.992000000]: Footprint model 'polygon' loaded for trajectory optimization.
[INFO] [1783874323.539237652, 382.646000000]: Footprint model 'polygon' loaded for trajectory optimization.
[INFO] [1783874324.131621027, 383.240000000]: Footprint model 'polygon' loaded for trajectory optimization.
[INFO] [1783874324.742007142, 383.846000000]: Footprint model 'polygon' loaded for trajectory optimization.
[INFO] [1783874328.289272745, 387.388000000]: Footprint model 'polygon' loaded for trajectory optimization.
[INFO] [1783874328.900254762, 387.996000000]: Footprint model 'polygon' loaded for trajectory optimization.
[INFO] [1783874329.545354450, 388.642000000]: Footprint model 'polygon' loaded for trajectory optimization.
[INFO] [1783874330.084992520, 389.180000000]: Footprint model 'polygon' loaded for trajectory optimization.
[INFO] [1783874330.740264146, 389.834000000]: Footprint model 'polygon' loaded for trajectory optimization.
[INFO] [1783874331.343555728, 390.436000000]: Footprint model 'polygon' loaded for trajectory optimization.
[INFO] [1783874331.891882739, 390.984000000]: Footprint model 'polygon' loaded for trajectory optimization.
[INFO] [1783874332.491727324, 391.584000000]: Footprint model 'polygon' loaded for trajectory optimization.
[INFO] [1783874333.092537715, 392.182000000]: Footprint model 'polygon' loaded for trajectory optimization.
[INFO] [1783874333.746625[WARN] [1783874338.579533040, 397.664000000]: TebLocalPlannerROS: possible oscillation (of the robot or its local plan) detected. Activating recovery strategy (prefer current turning direction during optimization).
[ERROR] [1783874339.883421791, 398.964000000]: Aborting because the robot appears to be oscillating over and over. Even after executing all recovery behaviors
[WARN] [1783874340.573778991, 399.652000000]: The origin for the sensor at (7.22, -0.00) is out of map bounds. So, the costmap cannot raytrace for it.
025, 392.836000000]: Footprint model 'polygon' loaded for trajectory optimization.
[INFO] [1783874334.350754290, 393.438000000]: Footprint model 'polygon' loaded for trajectory optimization.
[INFO] [1783874334.894195168, 393.982000000]: Footprint model 'polygon' loaded for trajectory optimization.
[INFO] [1783874335.501391859, 394.588000000]: Footprint model 'polygon' loaded for trajectory optimization.
[INFO] [1783874336.147903555, 395.236000000]: Footprint model 'polygon' loaded for trajectory optimization.
[INFO] [1783874336.747268226, 395.832000000]: Footprint model 'polygon' loaded for trajectory optimization.
[INFO] [1783874337.296471256, 396.380000000]: Footprint model 'polygon' loaded for trajectory optimization.
[INFO] [1783874337.896072820, 396.980000000]: Footprint model 'polygon' loaded for trajectory optimization.
[INFO] [1783874338.546292075, 397.632000000]: Footprint model 'polygon' loaded for trajectory optimization.
[INFO] [1783874339.154159513, 398.238000000]: Footprint model 'polygon' loaded for trajectory optimization.
[INFO] [1783874339.751492068, 398.832000000]: Footprint model 'polygon' loaded for trajectory optimization.
[INFO] [1783874340.494640396, 399.572000000]: Footprint model 'polygon' loaded for trajectory optimization.
[INFO] [1783874341.363849664, 400.444000000]: Footprint model 'polygon' loaded for trajectory optimization.
[INFO] [1783874341.909730434, 400.990000000]: Footprint model 'polygon' loaded for trajectory optimization.
[INFO] [1783874342.556978626, 401.638000000]: Footprint model 'polygon' loaded for trajectory optimization.
[INFO] [1783874343.107052266, 402.188000000]: Footprint model 'polygon' loaded for trajectory optimization.
[INFO] [1783874343.715878241, 402.794000000]: Footprint model 'polygon' loaded for trajectory optimization.
[INFO] [1783874344.309862970, 403.390000000]: Footprint model 'polygon' loaded for trajectory optimization.
[INFO] [1783874344.910854832, 403.988000000]: Footprint model 'polygon' loaded for trajectory optimization.
[INFO] [1783874345.558518507, 404.636000000]: Footprint model 'polygon' loaded for trajectory optimization.
[INFO] [1783874346.107862830, 405.186000000]: Footprint model 'polygon' loaded for trajectory optimization.
[INFO] [1783874346.758134288, 405.836000000]: Footprint model 'polygon' loaded for trajectory optimization.
[INFO] [1783874347.363654372, 406.438000000]: Footprint model 'polygon' loaded for trajectory optimization.
[INFO] [1783874347.960415968, 407.036000000]: Footprint model 'polygon' loaded for trajectory optimization.
[INFO] [1783874348.509953135, 407.586000000]: Footprint model 'polygon' loaded for trajectory optimization.
[INFO] [1783874349.163314235, 408.236000000]: Footprint model 'polygon' loaded for trajectory optimization.
[INFO] [1783874349.715111155, 408.788000000]: Footprint model 'polygon' loaded for trajectory optimization.
[INFO] [1783874351.208676939, 410.280000000]: GOAL Reached!
[INFO] [1783874351.321941179, 410.392000000]: Footprint model 'polygon' loaded for trajectory optimization.
[INFO] [1783874352.151085945, 411.224000000]: Footprint model 'polygon' loaded for trajectory optimization.
[INFO] [1783874352.756007483, 411.828000000]: Footprint model 'polygon' loaded for trajectory optimization.
[INFO] [1783874353.355204312, 412.426000000]: Footprint model 'polygon' loaded for trajectory optimization.
[INFO] [1783874353.398593646, 412.470000000]: TebLocalPlannerROS: oscillation recovery disabled/expired.
[INFO] [1783874353.917911630, 412.988000000]: Footprint model 'polygon' loaded for trajectory optimization.
[INFO] [1783874354.556771107, 413.626000000]: Footprint model 'polygon' loaded for trajectory optimization.
[INFO] [1783874355.107873435, 414.176000000]: Footprint model 'polygon' loaded for trajectory optimization.
[INFO] [1783874355.757243358, 414.826000000]: Footprint model 'polygon' loaded for trajectory optimization.
[INFO] [1783874356.356887632, 415.426000000]: Footprint model 'polygon' loaded for trajectory optimization.
[INFO] [1783874356.959850950, 416.028000000]: Footprint model 'polygon' loaded for trajectory optimization.
[INFO] [1783874357.509470610, 416.576000000]: Footprint model 'polygon' loaded for trajectory optimization.
[INFO] [1783874358.911397872, 417.970000000]: GOAL Reached!
[INFO] [1783874359.033824753, 418.092000000]: Footprint model 'polygon' loaded for trajectory optimization.
[INFO] [1783874359.886177789, 418.944000000]: Footprint model 'polygon' loaded for trajectory optimization.
[INFO] [1783874360.435142194, 419.492000000]: Footprint model 'polygon' loaded for trajectory optimization.
[INFO] [1783874361.076857152, 420.134000000]: Footprint model 'polygon' loaded for trajectory optimization.
[INFO] [1783874361.683642166, 420.740000000]: Footprint model 'polygon' loaded for trajectory optimization.
[INFO] [1783874362.280107426, 421.336000000]: Footprint model 'polygon' loaded for trajectory optimization.
[INFO] [1783874362.832965914, 421.886000000]: Footprint model 'polygon' loaded for trajectory optimization.
[INFO] [1783874363.479442117, 422.534000000]: Footprint model 'polygon' loaded for trajectory optimization.
[INFO] [1783874364.031043812, 423.084000000]: Footprint model 'polygon' loaded for trajectory optimization.
[INFO] [1783874364.629768647, 423.684000000]: Footprint model 'polygon' loaded for trajectory optimization.
[INFO] [1783874365.282478624, 424.334000000]: Footprint model 'polygon' loaded for trajectory optimization.
[INFO] [1783874366.933281632, 425.976000000]: GOAL Reached!
[INFO] [1783874367.045369644, 426.088000000]: Footprint model 'polygon' loaded for trajectory optimization.
[INFO] [1783874367.908283830, 426.950000000]: Footprint model 'polygon' loaded for trajectory optimization.
[INFO] [1783874368.442726732, 427.486000000]: Footprint model 'polygon' loaded for trajectory optimization.
[INFO] [1783874369.043706195, 428.086000000]: Footprint model 'polygon' loaded for trajectory optimization.
[INFO] [1783874369.647311387, 428.686000000]: Footprint model 'polygon' loaded for trajectory optimization.
[INFO] [1783874370.243631422, 429.284000000]: Footprint model 'polygon' loaded for trajectory optimization.
[INFO] [1783874370.892641171, 429.932000000]: Footprint model 'polygon' loaded for trajectory optimization.
[INFO] [1783874371.492029229, 430.532000000]: Footprint model 'polygon' loaded for trajectory optimization.
[INFO] [1783874372.096067216, 431.136000000]: Footprint model 'polygon' loaded for trajectory optimization.
[INFO] [1783874372.693908784, 431.730000000]: Footprint model 'polygon' loaded for trajectory optimization.
[INFO] [1783874374.539235858, 433.576000000]: GOAL Reached!
[INFO] [1783874374.668223625, 433.704000000]: Footprint model 'polygon' loaded for trajectory optimization.
[INFO] [1783874375.509152014, 434.544000000]: Footprint model 'polygon' loaded for trajectory optimization.
[INFO] [1783874376.106314816, 435.142000000]: Footprint model 'polygon' loaded for trajectory optimization.
[INFO] [1783874376.711626599, 435.742000000]: Footprint model 'polygon' loaded for trajectory optimization.
[INFO] [1783874377.260155604, 436.290000000]: Footprint model 'polygon' loaded for trajectory optimization.
[INFO] [1783874377.907526690, 436.934000000]: Footprint model 'polygon' loaded for trajectory optimization.
[INFO] [1783874378.507822946, 437.538000000]: Footprint model 'polygon' loaded for trajectory optimization.
[INFO] [1783874379.107963633, 438.138000000]: Footprint model 'polygon' loaded for trajectory optimization.
[INFO] [1783874379.709474265, 438.738000000]: Footprint model 'polygon' loaded for trajectory optimization.
[INFO] [1783874380.311516146, 439.340000000]: Footprint model 'polygon' loaded for trajectory optimization.
[INFO] [1783874380.861247412, 439.888000000]: Footprint model 'polygon' loaded for trajectory optimization.
[INFO] [1783874382.655137477, 441.682000000]: GOAL Reached!
[INFO] [1783874382.779122618, 441.804000000]: Footprint model 'polygon' loaded for trajectory optimization.
[INFO] [1783874383.620956328, 442.646000000]: Footprint model 'polygon' loaded for trajectory optimization.
[INFO] [1783874384.229007181, 443.25[WARN] [1783874398.371513319, 457.384000000]: TebLocalPlannerROS: possible oscillation (of the robot or its local plan) detected. Activating recovery strategy (prefer current turning direction during optimization).
4000000]: Footprint model 'polygon' loaded for trajectory optimization.
[INFO] [1783874384.774649882, 443.798000000]: Footprint model 'polygon' loaded for trajectory optimization.
[INFO] [1783874385.376982445, 444.398000000]: Footprint model 'polygon' loaded for trajectory optimization.
[INFO] [1783874386.022476508, 445.044000000]: Footprint model 'polygon' loaded for trajectory optimization.
[INFO] [1783874386.621766581, 445.642000000]: Footprint model 'polygon' loaded for trajectory optimization.
[INFO] [1783874387.180244023, 446.198000000]: Footprint model 'polygon' loaded for trajectory optimization.
[INFO] [1783874387.827234100, 446.846000000]: Footprint model 'polygon' loaded for trajectory optimization.
[INFO] [1783874388.422493433, 447.442000000]: Footprint model 'polygon' loaded for trajectory optimization.
[INFO] [1783874392.029873207, 451.046000000]: Footprint model 'polygon' loaded for trajectory optimization.
[INFO] [1783874392.631369967, 451.648000000]: Footprint model 'polygon' loaded for trajectory optimization.
[INFO] [1783874393.230164567, 452.246000000]: Footprint model 'polygon' loaded for trajectory optimization.
[INFO] [1783874393.779930538, 452.796000000]: Footprint model 'polygon' loaded for trajectory optimization.
[INFO] [1783874394.379959774, 453.394000000]: Footprint model 'polygon' loaded for trajectory optimization.
[INFO] [1783874394.979744872, 453.994000000]: Footprint model 'polygon' loaded for trajectory optimization.
[INFO] [1783874395.585795912, 454.598000000]: Footprint model 'polygon' loaded for trajectory optimization.
[INFO] [1783874396.227555925, 455.242000000]: Footprint model 'polygon' loaded for trajectory optimization.
[INFO] [1783874396.789940141, 455.802000000]: Footprint model 'polygon' loaded for trajectory optimization.
[INFO] [1783874400.434948439, 459.444000000]: Footprint model 'polygon' loaded for trajectory optimization.
[INFO] [1783874401.044444634, 460.054000000]: Footprint model 'polygon' loaded for trajectory optimization.
[INFO] [1783874401.645398495, 460.654000000]: Footprint model 'polygon' loaded for trajectory optimization.
[INFO] [1783874402.249213327, 461.256000000]: Footprint model 'polygon' loaded for trajectory optimization.
[INFO] [1783874402.846870755, 461.854000000]: Footprint model 'polygon' loaded for trajectory optimization.
[INFO] [1783874403.452903316, 462.460000000]: Footprint model 'polygon' loaded for trajectory optimization.
[INFO] [1783874404.049826522, 463.056000000]: Footprint model 'polygon' loaded for trajectory optimization.
[INFO] [1783874404.654078191, 463.660000000]: Footprint model 'polygon' loaded for trajectory optimization.
[INFO] [1783874405.249201428, 464.256000000]: Footprint model 'polygon' loaded for trajectory optimization.
[INFO] [1783874405.855004989, 464.860000000]: Footprint model 'polygon' loaded for trajectory optimization.
[INFO] [1783874406.403910062, 465.408000000]: Footprint model 'polygon' loaded for trajectory optimization.
[INFO] [1783874407.059954971, 466.064000000]: Footprint model 'polygon' loaded for trajectory optimization.
[INFO] [1783874407.649444579, 466.654000000]: Footprint model 'polygon' loaded for trajectory optimization.
[INFO] [1783874408.201983485, 467.206000000]: Footprint model 'polygon' loaded for trajectory optimization.
[INFO] [1783874408.850608167, 467.852000000]: Footprint model 'polygon' loaded for trajectory optimization.
[INFO] [1783874409.281013445, 468.284000000]: TebLocalPlannerROS: oscillation recovery disabled/expired.
[INFO] [1783874409.403773130, 468.406000000]: Footprint model 'polygon' loaded for trajectory optimization.
[INFO] [1783874410.047200996, 469.048000000]: Footprint model 'polygon' loaded for trajectory optimization.
[INFO] [1783874410.599299859, 469.600000000]: Footprint model 'polygon' loaded for trajectory optimization.
[INFO] [1783874411.200393718, 470.200000000]: Footprint model 'polygon' loaded for trajectory optimization.
[INFO] [1783874411.850560076, 470.850000000]: Footprint model 'polygon' loaded for trajectory optimization.
[INFO] [1783874412.400714744, 4[WARN] [1783874412.983636087, 471.984000000]: TebLocalPlannerROS: possible oscillation (of the robot or its local plan) detected. Activating recovery strategy (prefer current turning direction during optimization).
[WARN] [1783874427.603194501, 486.584000000]: TebLocalPlannerROS: possible oscillation (of the robot or its local plan) detected. Activating recovery strategy (prefer current turning direction during optimization).
71.400000000]: Footprint model 'polygon' loaded for trajectory optimization.
[INFO] [1783874413.048280488, 472.048000000]: Footprint model 'polygon' loaded for trajectory optimization.
[INFO] [1783874413.604087732, 472.604000000]: Footprint model 'polygon' loaded for trajectory optimization.
[INFO] [1783874414.246982387, 473.246000000]: Footprint model 'polygon' loaded for trajectory optimization.
[INFO] [1783874414.802408282, 473.800000000]: Footprint model 'polygon' loaded for trajectory optimization.
[INFO] [1783874415.455288501, 474.452000000]: Footprint model 'polygon' loaded for trajectory optimization.
[INFO] [1783874416.048242700, 475.046000000]: Footprint model 'polygon' loaded for trajectory optimization.
[INFO] [1783874416.645355018, 475.642000000]: Footprint model 'polygon' loaded for trajectory optimization.
[INFO] [1783874417.266523414, 476.252000000]: Footprint model 'polygon' loaded for trajectory optimization.
[INFO] [1783874417.855907498, 476.842000000]: Footprint model 'polygon' loaded for trajectory optimization.
[INFO] [1783874421.460771571, 480.446000000]: Footprint model 'polygon' loaded for trajectory optimization.
[INFO] [1783874422.074221010, 481.058000000]: Footprint model 'polygon' loaded for trajectory optimization.
[INFO] [1783874422.619612680, 481.604000000]: Footprint model 'polygon' loaded for trajectory optimization.
[INFO] [1783874423.261116808, 482.246000000]: Footprint model 'polygon' loaded for trajectory optimization.
[INFO] [1783874423.858414002, 482.842000000]: Footprint model 'polygon' loaded for trajectory optimization.
[INFO] [1783874423.900302572, 482.884000000]: TebLocalPlannerROS: oscillation recovery disabled/expired.
[INFO] [1783874424.459970496, 483.442000000]: Footprint model 'polygon' loaded for trajectory optimization.
[INFO] [1783874425.014888551, 483.996000000]: Footprint model 'polygon' loaded for trajectory optimization.
[INFO] [1783874425.665974440, 484.648000000]: Footprint model 'polygon' loaded for trajectory optimization.
[INFO] [1783874426.226125187, 485.208000000]: Footprint model 'polygon' loaded for trajectory optimization.
[INFO] [1783874429.826993561, 488.806000000]: Footprint model 'polygon' loaded for trajectory optimization.
[INFO] [1783874430.440204195, 489.418000000]: Footprint model 'polygon' loaded for trajectory optimization.
[INFO] [1783874431.088667240, 490.056000000]: Footprint model 'polygon' loaded for trajectory optimization.
[INFO] [1783874431.769820013, 490.738000000]: Footprint model 'polygon' loaded for trajectory optimization.
[INFO] [1783874432.617329593, 491.584000000]: Footprint model 'polygon' loaded for trajectory optimization.
[INFO] [1783874433.158874006, 492.126000000]: Footprint model 'polygon' loaded for trajectory optimization.
[INFO] [1783874433.808190628, 492.774000000]: Footprint model 'polygon' loaded for trajectory optimization.
[INFO] [1783874434.356567184, 493.324000000]: Footprint model 'polygon' loaded for trajectory optimization.
[INFO] [1783874435.008840119, 493.974000000]: Footprint model 'polygon' loaded for trajectory optimization.
[INFO] [1783874435.559809481, 494.524000000]: Footprint model 'polygon' loaded for trajectory optimization.
[INFO] [1783874436.206556259, 495.172000000]: Footprint model 'polygon' loaded for trajectory optimization.
[INFO] [1783874436.808675190, 495.772000000]: Footprint model 'polygon' loaded for trajectory optimization.
[INFO] [1783874437.363667770, 496.326000000]: Footprint model 'polygon' loaded for trajectory optimization.
[INFO] [1783874438.011420383, 496.972000000]: Footprint model 'polygon' loaded for trajectory optimization.
[INFO] [1783874438.561932675, 497.524000000]: Footprint model 'polygon' loaded for trajectory optimization.
[INFO] [1783874439.163200137, 498.124000000]: Footprint model 'polygon' loaded for trajectory optimization.
[INFO] [1783874439.759517615, 498.722000000]: Footprint model 'polygon' loaded for trajectory optimization.
[INFO] [1783874443.414924220, 502.372000000]: Footprint model 'polygon' loaded for trajectory optimization.
[INFO] [1783874444.2587804[WARN] [1783874468.075619404, 527.012000000]: TebLocalPlannerROS: possible oscillation (of the robot or its local plan) detected. Activating recovery strategy (prefer current turning direction during optimization).
10, 503.216000000]: GOAL Reached!
[INFO] [1783874444.381581763, 503.338000000]: Footprint model 'polygon' loaded for trajectory optimization.
[INFO] [1783874445.227891093, 504.184000000]: Footprint model 'polygon' loaded for trajectory optimization.
[INFO] [1783874445.814368081, 504.770000000]: Footprint model 'polygon' loaded for trajectory optimization.
[INFO] [1783874446.416020726, 505.372000000]: Footprint model 'polygon' loaded for trajectory optimization.
[INFO] [1783874447.014435095, 505.970000000]: Footprint model 'polygon' loaded for trajectory optimization.
[INFO] [1783874447.617194759, 506.570000000]: Footprint model 'polygon' loaded for trajectory optimization.
[INFO] [1783874447.759305014, 506.714000000]: TebLocalPlannerROS: oscillation recovery disabled/expired.
[INFO] [1783874448.169736519, 507.122000000]: Footprint model 'polygon' loaded for trajectory optimization.
[INFO] [1783874448.816234075, 507.770000000]: Footprint model 'polygon' loaded for trajectory optimization.
[INFO] [1783874449.368448867, 508.320000000]: Footprint model 'polygon' loaded for trajectory optimization.
[INFO] [1783874449.967587488, 508.920000000]: Footprint model 'polygon' loaded for trajectory optimization.
[INFO] [1783874450.568300009, 509.520000000]: Footprint model 'polygon' loaded for trajectory optimization.
[INFO] [1783874452.263658561, 511.214000000]: GOAL Reached!
[INFO] [1783874452.384319286, 511.334000000]: Footprint model 'polygon' loaded for trajectory optimization.
[INFO] [1783874453.236818998, 512.186000000]: Footprint model 'polygon' loaded for trajectory optimization.
[INFO] [1783874453.825037801, 512.772000000]: Footprint model 'polygon' loaded for trajectory optimization.
[INFO] [1783874454.424755611, 513.372000000]: Footprint model 'polygon' loaded for trajectory optimization.
[INFO] [1783874455.024583133, 513.972000000]: Footprint model 'polygon' loaded for trajectory optimization.
[INFO] [1783874455.627841431, 514.572000000]: Footprint model 'polygon' loaded for trajectory optimization.
[INFO] [1783874456.225905915, 515.172000000]: Footprint model 'polygon' loaded for trajectory optimization.
[INFO] [1783874456.827834277, 515.772000000]: Footprint model 'polygon' loaded for trajectory optimization.
[INFO] [1783874457.428304755, 516.372000000]: Footprint model 'polygon' loaded for trajectory optimization.
[INFO] [1783874458.035764090, 516.980000000]: Footprint model 'polygon' loaded for trajectory optimization.
[INFO] [1783874461.635726729, 520.576000000]: Footprint model 'polygon' loaded for trajectory optimization.
[INFO] [1783874462.235671889, 521.176000000]: Footprint model 'polygon' loaded for trajectory optimization.
[INFO] [1783874462.836332367, 521.776000000]: Footprint model 'polygon' loaded for trajectory optimization.
[INFO] [1783874463.434905007, 522.374000000]: Footprint model 'polygon' loaded for trajectory optimization.
[INFO] [1783874464.030242000, 522.970000000]: Footprint model 'polygon' loaded for trajectory optimization.
[INFO] [1783874464.630236234, 523.570000000]: Footprint model 'polygon' loaded for trajectory optimization.
[INFO] [1783874465.232668508, 524.170000000]: Footprint model 'polygon' loaded for trajectory optimization.
[INFO] [1783874465.788253235, 524.724000000]: Footprint model 'polygon' loaded for trajectory optimization.
[INFO] [1783874466.443312536, 525.380000000]: Footprint model 'polygon' loaded for trajectory optimization.
[INFO] [1783874470.041208171, 528.974000000]: Footprint model 'polygon' loaded for trajectory optimization.
[INFO] [1783874470.664565290, 529.596000000]: Footprint model 'polygon' loaded for trajectory optimization.
[INFO] [1783874471.258685242, 530.190000000]: Footprint model 'polygon' loaded for trajectory optimization.
[INFO] [1783874471.808859996, 530.740000000]: Footprint model 'polygon' loaded for trajectory optimization.
[INFO] [1783874472.461435058, 531.394000000]: Footprint model 'polygon' loaded for trajectory optimization.
[INFO] [1783874473.011632755, 531.944000000]: Footprint model 'polygon' loaded for trajectory optimization.
[INFO] [1[WARN] [1783874483.196633236, 542.112000000]: TebLocalPlannerROS: possible oscillation (of the robot or its local plan) detected. Activating recovery strategy (prefer current turning direction during optimization).
[WARN] [1783874498.509663239, 557.412000000]: TebLocalPlannerROS: possible oscillation (of the robot or its local plan) detected. Activating recovery strategy (prefer current turning direction during optimization).
783874473.655960371, 532.588000000]: Footprint model 'polygon' loaded for trajectory optimization.
[INFO] [1783874474.267016115, 533.194000000]: Footprint model 'polygon' loaded for trajectory optimization.
[INFO] [1783874474.871426873, 533.800000000]: Footprint model 'polygon' loaded for trajectory optimization.
[INFO] [1783874475.417228703, 534.344000000]: Footprint model 'polygon' loaded for trajectory optimization.
[INFO] [1783874476.023589718, 534.944000000]: Footprint model 'polygon' loaded for trajectory optimization.
[INFO] [1783874476.630666310, 535.550000000]: Footprint model 'polygon' loaded for trajectory optimization.
[INFO] [1783874477.272127212, 536.194000000]: Footprint model 'polygon' loaded for trajectory optimization.
[INFO] [1783874477.814398437, 536.734000000]: Footprint model 'polygon' loaded for trajectory optimization.
[INFO] [1783874478.414742575, 537.334000000]: Footprint model 'polygon' loaded for trajectory optimization.
[INFO] [1783874478.993073658, 537.912000000]: TebLocalPlannerROS: oscillation recovery disabled/expired.
[INFO] [1783874479.059369145, 537.978000000]: Footprint model 'polygon' loaded for trajectory optimization.
[INFO] [1783874479.661204477, 538.578000000]: Footprint model 'polygon' loaded for trajectory optimization.
[INFO] [1783874480.264023039, 539.180000000]: Footprint model 'polygon' loaded for trajectory optimization.
[INFO] [1783874480.815556706, 539.732000000]: Footprint model 'polygon' loaded for trajectory optimization.
[INFO] [1783874481.414020214, 540.330000000]: Footprint model 'polygon' loaded for trajectory optimization.
[INFO] [1783874482.068058615, 540.982000000]: Footprint model 'polygon' loaded for trajectory optimization.
[INFO] [1783874482.663311953, 541.578000000]: Footprint model 'polygon' loaded for trajectory optimization.
[INFO] [1783874483.215046648, 542.130000000]: Footprint model 'polygon' loaded for trajectory optimization.
[INFO] [1783874483.815400460, 542.728000000]: Footprint model 'polygon' loaded for trajectory optimization.
[INFO] [1783874484.415228965, 543.330000000]: Footprint model 'polygon' loaded for trajectory optimization.
[INFO] [1783874485.064082790, 543.976000000]: Footprint model 'polygon' loaded for trajectory optimization.
[INFO] [1783874485.615625966, 544.528000000]: Footprint model 'polygon' loaded for trajectory optimization.
[INFO] [1783874486.212692037, 545.124000000]: Footprint model 'polygon' loaded for trajectory optimization.
[INFO] [1783874486.820614284, 545.730000000]: Footprint model 'polygon' loaded for trajectory optimization.
[INFO] [1783874487.465400199, 546.374000000]: Footprint model 'polygon' loaded for trajectory optimization.
[INFO] [1783874488.018299810, 546.926000000]: Footprint model 'polygon' loaded for trajectory optimization.
[INFO] [1783874488.671932681, 547.580000000]: Footprint model 'polygon' loaded for trajectory optimization.
[INFO] [1783874492.271897206, 551.180000000]: Footprint model 'polygon' loaded for trajectory optimization.
[INFO] [1783874492.822689148, 551.728000000]: Footprint model 'polygon' loaded for trajectory optimization.
[INFO] [1783874493.470902753, 552.376000000]: Footprint model 'polygon' loaded for trajectory optimization.
[INFO] [1783874494.025653994, 552.930000000]: Footprint model 'polygon' loaded for trajectory optimization.
[INFO] [1783874494.107478698, 553.012000000]: TebLocalPlannerROS: oscillation recovery disabled/expired.
[INFO] [1783874494.620131037, 553.524000000]: Footprint model 'polygon' loaded for trajectory optimization.
[INFO] [1783874495.268245194, 554.172000000]: Footprint model 'polygon' loaded for trajectory optimization.
[INFO] [1783874495.820706858, 554.724000000]: Footprint model 'polygon' loaded for trajectory optimization.
[INFO] [1783874496.471570907, 555.374000000]: Footprint model 'polygon' loaded for trajectory optimization.
[INFO] [1783874497.073829732, 555.974000000]: Footprint model 'polygon' loaded for trajectory optimization.
[INFO] [1783874500.640475621, 559.540000000]: Footprint model 'polygon' loaded for trajectory optimization.
[INFO] [1783874501.364488342, 560.264000000]: Footprint model 'polygon' loaded for trajectory optimization.
[INFO] [1783874502.207729715, 561.104000000]: Footprint model 'polygon' loaded for trajectory optimization.
[INFO] [1783874502.748848479, 561.648000000]: Footprint model 'polygon' loaded for trajectory optimization.
[INFO] [1783874503.399416072, 562.296000000]: Footprint model 'polygon' loaded for trajectory optimization.
[INFO] [1783874503.998939301, 562.894000000]: Footprint model 'polygon' loaded for trajectory optimization.
[INFO] [1783874504.551179551, 563.446000000]: Footprint model 'polygon' loaded for trajectory optimization.
[INFO] [1783874505.196862088, 564.094000000]: Footprint model 'polygon' loaded for trajectory optimization.
[INFO] [1783874505.801525391, 564.696000000]: Footprint model 'polygon' loaded for trajectory optimization.
[INFO] [1783874506.396821706, 565.292000000]: Footprint model 'polygon' loaded for trajectory optimization.
[INFO] [1783874506.952108700, 565.846000000]: Footprint model 'polygon' loaded for trajectory optimization.
[INFO] [1783874508.652035989, 567.538000000]: GOAL Reached!
[INFO] [1783874508.778355573, 567.664000000]: Footprint model 'polygon' loaded for trajectory optimization.
[INFO] [1783874509.552859739, 568.438000000]: TebLocalPlannerROS: oscillation recovery disabled/expired.
[INFO] [1783874509.619673353, 568.504000000]: Footprint model 'polygon' loaded for trajectory optimization.
[INFO] [1783874510.189328961, 569.074000000]: Footprint model 'polygon' loaded for trajectory optimization.
[INFO] [1783874510.763207207, 569.646000000]: Footprint model 'polygon' loaded for trajectory optimization.
[INFO] [1783874511.410231590, 570.294000000]: Footprint model 'polygon' loaded for trajectory optimization.
[INFO] [1783874512.012926413, 570.894000000]: Footprint model 'polygon' loaded for trajectory optimization.
[INFO] [1783874512.613115910, 571.494000000]: Footprint model 'polygon' loaded for trajectory optimization.
[INFO] [1783874513.210089908, 572.094000000]: Footprint model 'polygon' loaded for trajectory optimization.
[INFO] [1783874513.811638490, 572.694000000]: Footprint model 'polygon' loaded for trajectory optimization.
[INFO] [1783874514.409065738, 573.290000000]: Footprint model 'polygon' loaded for trajectory optimization.
[INFO] [1783874516.257336370, 575.138000000]: GOAL Reached!
[INFO] [1783874516.376544380, 575.256000000]: Footprint model 'polygon' loaded for trajectory optimization.
[INFO] [1783874517.227601204, 576.104000000]: Footprint model 'polygon' loaded for trajectory optimization.
[INFO] [1783874517.828553042, 576.704000000]: Footprint model 'polygon' loaded for trajectory optimization.
[INFO] [1783874518.425362682, 577.300000000]: Footprint model 'polygon' loaded for trajectory optimization.
[INFO] [1783874518.978242473, 577.854000000]: Footprint model 'polygon' loaded for trajectory optimization.
[INFO] [1783874519.629773472, 578.506000000]: Footprint model 'polygon' loaded for trajectory optimization.
[INFO] [1783874520.227590006, 579.102000000]: Footprint model 'polygon' loaded for trajectory optimization.
[INFO] [1783874520.827868829, 579.702000000]: Footprint model 'polygon' loaded for trajectory optimization.
[INFO] [1783874521.426734274, 580.302000000]: Footprint model 'polygon' loaded for trajectory optimization.
[INFO] [1783874522.030334678, 580.904000000]: Footprint model 'polygon' loaded for trajectory optimization.
[INFO] [1783874522.632175089, 581.504000000]: Footprint model 'polygon' loaded for trajectory optimization.
[INFO] [1783874526.240329412, 585.110000000]: Footprint model 'polygon' loaded for trajectory optimization.
[INFO] [1783874526.829223408, 585.700000000]: Footprint model 'polygon' loaded for trajectory optimization.
[INFO] [1783874527.427616263, 586.296000000]: Footprint model 'polygon' loaded for trajectory optimization.
[INFO] [1783874528.025442020, 586.894000000]: Footprint model 'polygon' loaded for trajectory optimization.
[INFO] [1783874528.631070506, 587.498000000]: Footprint model 'polygon' loaded for trajectory opti[WARN] [1783874536.378172504, 595.234000000]: TebLocalPlannerROS: possible oscillation (of the robot or its local plan) detected. Activating recovery strategy (prefer current turning direction during optimization).
mization.
[INFO] [1783874529.226759090, 588.096000000]: Footprint model 'polygon' loaded for trajectory optimization.
[INFO] [1783874529.828267491, 588.696000000]: Footprint model 'polygon' loaded for trajectory optimization.
[INFO] [1783874530.427409293, 589.294000000]: Footprint model 'polygon' loaded for trajectory optimization.
[INFO] [1783874531.028459539, 589.894000000]: Footprint model 'polygon' loaded for trajectory optimization.
[INFO] [1783874531.630007827, 590.496000000]: Footprint model 'polygon' loaded for trajectory optimization.
[INFO] [1783874532.235527658, 591.100000000]: Footprint model 'polygon' loaded for trajectory optimization.
[INFO] [1783874532.833725766, 591.700000000]: Footprint model 'polygon' loaded for trajectory optimization.
[INFO] [1783874533.439815492, 592.304000000]: Footprint model 'polygon' loaded for trajectory optimization.
[INFO] [1783874533.980201626, 592.844000000]: Footprint model 'polygon' loaded for trajectory optimization.
[INFO] [1783874534.628799876, 593.492000000]: Footprint model 'polygon' loaded for trajectory optimization.
[INFO] [1783874535.238530628, 594.094000000]: Footprint model 'polygon' loaded for trajectory optimization.
[INFO] [1783874535.792470784, 594.648000000]: Footprint model 'polygon' loaded for trajectory optimization.
[INFO] [1783874536.391781295, 595.248000000]: Footprint model 'polygon' loaded for trajectory optimization.
[INFO] [1783874537.047145098, 595.894000000]: Footprint model 'polygon' loaded for trajectory optimization.
[INFO] [1783874537.647745863, 596.494000000]: Footprint model 'polygon' loaded for trajectory optimization.
[INFO] [1783874538.247431718, 597.094000000]: Footprint model 'polygon' loaded for trajectory optimization.
[INFO] [1783874538.847517244, 597.694000000]: Footprint model 'polygon' loaded for trajectory optimization.
[INFO] [1783874539.451333124, 598.296000000]: Footprint model 'polygon' loaded for trajectory optimization.
[INFO] [1783874540.051946502, 598.896000000]: Footprint model 'polygon' loaded for trajectory optimization.
[INFO] [1783874540.653066680, 599.496000000]: Footprint model 'polygon' loaded for trajectory optimization.
[INFO] [1783874541.253102613, 600.096000000]: Footprint model 'polygon' loaded for trajectory optimization.
[INFO] [1783874541.852209619, 600.694000000]: Footprint model 'polygon' loaded for trajectory optimization.
[INFO] [1783874542.453437303, 601.294000000]: Footprint model 'polygon' loaded for trajectory optimization.
[INFO] [1783874543.052014009, 601.894000000]: Footprint model 'polygon' loaded for trajectory optimization.
[INFO] [1783874543.660827052, 602.502000000]: Footprint model 'polygon' loaded for trajectory optimization.
[INFO] [1783874544.255387495, 603.096000000]: Footprint model 'polygon' loaded for trajectory optimization.
[INFO] [1783874544.863985648, 603.704000000]: Footprint model 'polygon' loaded for trajectory optimization.
[INFO] [1783874545.410131132, 604.250000000]: Footprint model 'polygon' loaded for trajectory optimization.
[INFO] [1783874546.059381490, 604.898000000]: Footprint model 'polygon' loaded for trajectory optimization.
[INFO] [1783874546.656923583, 605.496000000]: Footprint model 'polygon' loaded for trajectory optimization.
[INFO] [1783874547.212939826, 606.052000000]: Footprint model 'polygon' loaded for trajectory optimization.
[INFO] [1783874547.815484079, 606.652000000]: Footprint model 'polygon' loaded for trajectory optimization.
[INFO] [1783874548.465254556, 607.304000000]: Footprint model 'polygon' loaded for trajectory optimization.
[INFO] [1783874549.061160574, 607.898000000]: Footprint model 'polygon' loaded for trajectory optimization.
[INFO] [1783874549.663713823, 608.500000000]: Footprint model 'polygon' loaded for trajectory optimization.
[INFO] [1783874550.220053589, 609.056000000]: Footprint model 'polygon' loaded for trajectory optimization.
[INFO] [1783874550.870165960, 609.704000000]: Footprint model 'polygon' loaded for trajectory optimization.
[INFO] [1783874551.466120963, 610.300000000]: Footprint model 'polygon' loaded for traject[WARN] [1783874556.521311334, 615.352000000]: The origin for the sensor at (7.26, 0.00) is out of map bounds. So, the costmap cannot raytrace for it.
ory optimization.
[INFO] [1783874552.068217134, 610.902000000]: Footprint model 'polygon' loaded for trajectory optimization.
[INFO] [1783874552.619221243, 611.452000000]: Footprint model 'polygon' loaded for trajectory optimization.
[INFO] [1783874553.216464674, 612.048000000]: Footprint model 'polygon' loaded for trajectory optimization.
[INFO] [1783874553.815489569, 612.648000000]: Footprint model 'polygon' loaded for trajectory optimization.
[INFO] [1783874554.464150974, 613.296000000]: Footprint model 'polygon' loaded for trajectory optimization.
[INFO] [1783874555.064938150, 613.896000000]: Footprint model 'polygon' loaded for trajectory optimization.
[INFO] [1783874555.663972610, 614.496000000]: Footprint model 'polygon' loaded for trajectory optimization.
[INFO] [1783874556.456071501, 615.286000000]: Footprint model 'polygon' loaded for trajectory optimization.
[INFO] [1783874557.296705698, 616.126000000]: Footprint model 'polygon' loaded for trajectory optimization.
[INFO] [1783874557.886137131, 616.716000000]: Footprint model 'polygon' loaded for trajectory optimization.
[INFO] [1783874558.487396537, 617.316000000]: Footprint model 'polygon' loaded for trajectory optimization.
[INFO] [1783874559.055039773, 617.882000000]: Footprint model 'polygon' loaded for trajectory optimization.
[INFO] [1783874559.690253526, 618.516000000]: Footprint model 'polygon' loaded for trajectory optimization.
[INFO] [1783874560.288849980, 619.116000000]: Footprint model 'polygon' loaded for trajectory optimization.
[INFO] [1783874560.891214657, 619.718000000]: Footprint model 'polygon' loaded for trajectory optimization.
[INFO] [1783874561.489532303, 620.316000000]: Footprint model 'polygon' loaded for trajectory optimization.
[INFO] [1783874562.043959889, 620.868000000]: Footprint model 'polygon' loaded for trajectory optimization.
[INFO] [1783874562.691914576, 621.516000000]: Footprint model 'polygon' loaded for trajectory optimization.
[INFO] [1783874563.292091679, 622.116000000]: Footprint model 'polygon' loaded for trajectory optimization.
[INFO] [1783874563.893193520, 622.716000000]: Footprint model 'polygon' loaded for trajectory optimization.
[INFO] [1783874564.493790172, 623.316000000]: Footprint model 'polygon' loaded for trajectory optimization.
[INFO] [1783874565.044338596, 623.866000000]: Footprint model 'polygon' loaded for trajectory optimization.
[INFO] [1783874566.939035908, 625.760000000]: GOAL Reached!
[INFO] [1783874567.057587568, 625.878000000]: Footprint model 'polygon' loaded for trajectory optimization.
[INFO] [1783874567.834905484, 626.654000000]: TebLocalPlannerROS: oscillation recovery disabled/expired.
[INFO] [1783874567.885702336, 626.704000000]: Footprint model 'polygon' loaded for trajectory optimization.
[INFO] [1783874568.444032466, 627.262000000]: Footprint model 'polygon' loaded for trajectory optimization.
[INFO] [1783874569.046394164, 627.862000000]: Footprint model 'polygon' loaded for trajectory optimization.
[INFO] [1783874569.646539351, 628.464000000]: Footprint model 'polygon' loaded for trajectory optimization.
[INFO] [1783874570.294131751, 629.112000000]: Footprint model 'polygon' loaded for trajectory optimization.
[INFO] [1783874570.891640752, 629.710000000]: Footprint model 'polygon' loaded for trajectory optimization.
[INFO] [1783874571.445237305, 630.262000000]: Footprint model 'polygon' loaded for trajectory optimization.
[INFO] [1783874572.045723859, 630.860000000]: Footprint model 'polygon' loaded for trajectory optimization.
[INFO] [1783874572.693765513, 631.510000000]: Footprint model 'polygon' loaded for trajectory optimization.
[INFO] [1783874573.295764749, 632.110000000]: Footprint model 'polygon' loaded for trajectory optimization.
[INFO] [1783874574.939894278, 633.754000000]: GOAL Reached!
[INFO] [1783874575.060345800, 633.874000000]: Footprint model 'polygon' loaded for trajectory optimization.
[INFO] [1783874575.893104489, 634.706000000]: Footprint model 'polygon' loaded for trajectory optimization.
[INFO] [1783874576.452277261, 635.266000000]: Footprint model 'polygon' loaded for trajectory optimization.
[INFO] [1783874577.097564669, 635.910000000]: Footprint model 'polygon' loaded for trajectory optimization.
[INFO] [1783874577.652390222, 636.462000000]: Footprint model 'polygon' loaded for trajectory optimization.
[INFO] [1783874578.300536963, 637.110000000]: Footprint model 'polygon' loaded for trajectory optimization.
[INFO] [1783874578.902352602, 637.708000000]: Footprint model 'polygon' loaded for trajectory optimization.
[INFO] [1783874579.500150276, 638.308000000]: Footprint model 'polygon' loaded for trajectory optimization.
[INFO] [1783874580.101416922, 638.910000000]: Footprint model 'polygon' loaded for trajectory optimization.
[INFO] [1783874580.699182255, 639.510000000]: Footprint model 'polygon' loaded for trajectory optimization.
[INFO] [1783874584.047500112, 642.852000000]: GOAL Reached!
[INFO] [1783874584.171977863, 642.976000000]: Footprint model 'polygon' loaded for trajectory optimization.
[INFO] [1783874584.999502599, 643.806000000]: Footprint model 'polygon' loaded for trajectory optimization.
[INFO] [1783874585.605065518, 644.410000000]: Footprint model 'polygon' loaded for trajectory optimization.
[INFO] [1783874586.156903062, 644.960000000]: Footprint model 'polygon' loaded for trajectory optimization.
[INFO] [1783874586.806921978, 645.608000000]: Footprint model 'polygon' loaded for trajectory optimization.
[INFO] [1783874587.405165835, 646.208000000]: Footprint model 'polygon' loaded for trajectory optimization.
[INFO] [1783874588.003820044, 646.806000000]: Footprint model 'polygon' loaded for trajectory optimization.
[INFO] [1783874588.602868354, 647.406000000]: Footprint model 'polygon' loaded for trajectory optimization.
[INFO] [1783874589.169607995, 647.970000000]: Footprint model 'polygon' loaded for trajectory optimization.
[INFO] [1783874590.652312398, 649.452000000]: GOAL Reached!
[INFO] [1783874590.774292923, 649.574000000]: Footprint model 'polygon' loaded for trajectory optimization.
[INFO] [1783874591.605877273, 650.404000000]: Footprint model 'polygon' loaded for trajectory optimization.
[INFO] [1783874592.206920753, 651.006000000]: Footprint model 'polygon' loaded for trajectory optimization.
[INFO] [1783874592.762387764, 651.558000000]: Footprint model 'polygon' loaded for trajectory optimization.
[INFO] [1783874593.369063155, 652.166000000]: Footprint model 'polygon' loaded for trajectory optimization.
[INFO] [1783874594.010814780, 652.808000000]: Footprint model 'polygon' loaded for trajectory optimization.
[INFO] [1783874594.608889726, 653.406000000]: Footprint model 'polygon' loaded for trajectory optimization.
[INFO] [1783874595.210204024, 654.006000000]: Footprint model 'polygon' loaded for trajectory optimization.
[INFO] [1783874595.810687051, 654.604000000]: Footprint model 'polygon' loaded for trajectory optimization.
[INFO] [1783874596.407887541, 655.204000000]: Footprint model 'polygon' loaded for trajectory optimization.
[INFO] [1783874598.157183179, 656.950000000]: GOAL Reached!
[INFO] [1783874598.269329126, 657.062000000]: Footprint model 'polygon' loaded for trajectory optimization.
[INFO] [1783874599.114280866, 657.904000000]: Footprint model 'polygon' loaded for trajectory optimization.
[INFO] [1783874599.714021730, 658.506000000]: Footprint model 'polygon' loaded for trajectory optimization.
[INFO] [1783874600.314091054, 659.104000000]: Footprint model 'polygon' loaded for trajectory optimization.
[INFO] [1783874600.863315973, 659.654000000]: Footprint model 'polygon' loaded for trajectory optimization.
[INFO] [1783874601.462858173, 660.254000000]: Footprint model 'polygon' loaded for trajectory optimization.
[INFO] [1783874602.113139377, 660.902000000]: Footprint model 'polygon' loaded for trajectory optimization.
[INFO] [1783874602.712685812, 661.502000000]: Footprint model 'polygon' loaded for trajectory optimization.
[INFO] [1783874603.263884435, 662.052000000]: Footprint model 'polygon' loaded for trajectory optimization.
[INFO] [1783874603.913937101, 662.700000000]: Footprint model 'polygon' loaded for trajectory optimization.
[INFO] [1783874606.160126382, 664.942000000]: GOAL Reached!
[INFO] [1783874606.287825743, 665.070000000]: Footprint model 'polygon' loaded for trajectory optimization.
[INFO] [1783874607.124334065, 665.904000000]: Footprint model 'polygon' loaded for trajectory optimization.
[INFO] [1783874607.724483091, 666.504000000]: Footprint model 'polygon' loaded for trajectory optimization.
[INFO] [1783874608.320311860, 667.102000000]: Footprint model 'polygon' loaded for trajectory optimization.
[INFO] [1783874608.922318272, 667.702000000]: Footprint model 'polygon' loaded for trajectory optimization.
[INFO] [1783874609.521727025, 668.302000000]: Footprint model 'polygon' loaded for trajectory optimization.
[INFO] [1783874610.121921011, 668.902000000]: Footprint model 'polygon' loaded for trajectory optimization.
[INFO] [1783874610.724390395, 669.502000000]: Footprint model 'polygon' loaded for trajectory optimization.
[INFO] [1783874611.322401858, 670.100000000]: Footprint model 'polygon' loaded for trajectory optimization.
[INFO] [1783874612.869069844, 671.646000000]: GOAL Reached!
[INFO] [1783874612.996091581, 671.772000000]: Footprint model 'polygon' loaded for trajectory optimization.
[INFO] [1783874613.826729617, 672.604000000]: Footprint model 'polygon' loaded for trajectory optimization.
[INFO] [1783874614.425319336, 673.202000000]: Footprint model 'polygon' loaded for trajectory optimization.
[INFO] [1783874614.980486635, 673.754000000]: Footprint model 'polygon' loaded for trajectory optimization.
[INFO] [1783874615.632599630, 674.404000000]: Footprint model 'polygon' loaded for trajectory optimization.
[INFO] [1783874616.205097059, 674.978000000]: Footprint model 'polygon' loaded for trajectory optimization.
[INFO] [1783874616.829167802, 675.602000000]: Footprint model 'polygon' loaded for trajectory optimization.
[INFO] [1783874617.429303477, 676.202000000]: Footprint model 'polygon' loaded for trajectory optimization.
[INFO] [1783874618.029191670, 676.802000000]: Footprint model 'polygon' loaded for trajectory optimization.
[INFO] [1783874618.628946170, 677.402000000]: Footprint model 'polygon' loaded for trajectory optimization.
[INFO] [1783874619.227312865, 678.000000000]: Footprint model 'polygon' loaded for trajectory optimization.
[INFO] [1783874620.675884314, 679.446000000]: GOAL Reached!
[INFO] [1783874620.795665416, 679.566000000]: Footprint model 'polygon' loaded for trajectory optimization.
[INFO] [1783874621.662926243, 680.432000000]: Footprint model 'polygon' loaded for trajectory optimization.
[INFO] [1783874622.187697171, 680.956000000]: Footprint model 'polygon' loaded for trajectory optimization.
[INFO] [1783874622.846177274, 681.614000000]: Footprint model 'polygon' loaded for trajectory optimization.
[INFO] [1783874623.390062257, 682.156000000]: Footprint model 'polygon' loaded for trajectory optimization.
[INFO] [1783874624.047525312, 682.814000000]: Footprint model 'polygon' loaded for trajectory optimization.
[INFO] [1783874624.636913378, 683.402000000]: Footprint model 'polygon' loaded for trajectory optimization.
[INFO] [1783874625.239666845, 684.006000000]: Footprint model 'polygon' loaded for trajectory optimization.
[INFO] [1783874625.837274903, 684.604000000]: Footprint model 'polygon' loaded for trajectory optimization.
[INFO] [1783874626.437290549, 685.202000000]: Footprint model 'polygon' loaded for trajectory optimization.
[INFO] [1783874629.995597718, 688.758000000]: Footprint model 'polygon' loaded for trajectory optimization.
[INFO] [1783874630.644652955, 689.406000000]: Footprint model 'polygon' loaded for trajectory optimization.
[INFO] [1783874631.242280943, 690.004000000]: Footprint model 'polygon' loaded for trajectory optimization.
[INFO] [1783874631.841770725, 690.604000000]: Footprint model 'polygon' loaded for trajectory optimization.
[INFO] [1783874632.393627312, 691.154000000]: Footprint model 'polygon' loaded for trajectory optimization.
[INFO] [1783874633.042982155, 691.802000000]: Footprint model 'polygon' loaded for trajectory optimization.
[INFO] [1783874633.64[WARN] [1783874636.187654830, 694.944000000]: TebLocalPlannerROS: possible oscillation (of the robot or its local plan) detected. Activating recovery strategy (prefer current turning direction during optimization).
[WARN] [1783874650.801535259, 709.544000000]: TebLocalPlannerROS: possible oscillation (of the robot or its local plan) detected. Activating recovery strategy (prefer current turning direction during optimization).
2558219, 692.402000000]: Footprint model 'polygon' loaded for trajectory optimization.
[INFO] [1783874634.242681129, 693.002000000]: Footprint model 'polygon' loaded for trajectory optimization.
[INFO] [1783874637.850157982, 696.604000000]: Footprint model 'polygon' loaded for trajectory optimization.
[INFO] [1783874638.462192425, 697.216000000]: Footprint model 'polygon' loaded for trajectory optimization.
[INFO] [1783874639.063693900, 697.818000000]: Footprint model 'polygon' loaded for trajectory optimization.
[INFO] [1783874639.614471811, 698.368000000]: Footprint model 'polygon' loaded for trajectory optimization.
[INFO] [1783874640.267052273, 699.018000000]: Footprint model 'polygon' loaded for trajectory optimization.
[INFO] [1783874640.866339507, 699.618000000]: Footprint model 'polygon' loaded for trajectory optimization.
[INFO] [1783874641.469258150, 700.222000000]: Footprint model 'polygon' loaded for trajectory optimization.
[INFO] [1783874642.072082938, 700.822000000]: Footprint model 'polygon' loaded for trajectory optimization.
[INFO] [1783874642.621169004, 701.372000000]: Footprint model 'polygon' loaded for trajectory optimization.
[INFO] [1783874643.220710558, 701.970000000]: Footprint model 'polygon' loaded for trajectory optimization.
[INFO] [1783874643.872336700, 702.620000000]: Footprint model 'polygon' loaded for trajectory optimization.
[INFO] [1783874644.470033049, 703.218000000]: Footprint model 'polygon' loaded for trajectory optimization.
[INFO] [1783874645.072223946, 703.822000000]: Footprint model 'polygon' loaded for trajectory optimization.
[INFO] [1783874645.664908694, 704.414000000]: Footprint model 'polygon' loaded for trajectory optimization.
[INFO] [1783874646.263286918, 705.010000000]: Footprint model 'polygon' loaded for trajectory optimization.
[INFO] [1783874646.860410230, 705.608000000]: Footprint model 'polygon' loaded for trajectory optimization.
[INFO] [1783874647.096739824, 705.844000000]: TebLocalPlannerROS: oscillation recovery disabled/expired.
[INFO] [1783874647.416054927, 706.162000000]: Footprint model 'polygon' loaded for trajectory optimization.
[INFO] [1783874648.016196681, 706.762000000]: Footprint model 'polygon' loaded for trajectory optimization.
[INFO] [1783874648.664750780, 707.412000000]: Footprint model 'polygon' loaded for trajectory optimization.
[INFO] [1783874649.221836392, 707.964000000]: Footprint model 'polygon' loaded for trajectory optimization.
[INFO] [1783874649.868929695, 708.612000000]: Footprint model 'polygon' loaded for trajectory optimization.
[INFO] [1783874650.419668611, 709.162000000]: Footprint model 'polygon' loaded for trajectory optimization.
[INFO] [1783874651.017452979, 709.760000000]: Footprint model 'polygon' loaded for trajectory optimization.
[INFO] [1783874651.667188265, 710.410000000]: Footprint model 'polygon' loaded for trajectory optimization.
[INFO] [1783874652.218032923, 710.960000000]: Footprint model 'polygon' loaded for trajectory optimization.
[INFO] [1783874652.817837694, 711.558000000]: Footprint model 'polygon' loaded for trajectory optimization.
[INFO] [1783874653.415786099, 712.156000000]: Footprint model 'polygon' loaded for trajectory optimization.
[INFO] [1783874654.066661986, 712.804000000]: Footprint model 'polygon' loaded for trajectory optimization.
[INFO] [1783874654.667613807, 713.406000000]: Footprint model 'polygon' loaded for trajectory optimization.
[INFO] [1783874655.216064711, 713.956000000]: Footprint model 'polygon' loaded for trajectory optimization.
[INFO] [1783874655.863349239, 714.604000000]: Footprint model 'polygon' loaded for trajectory optimization.
[INFO] [1783874659.474205511, 718.208000000]: Footprint model 'polygon' loaded for trajectory optimization.
[INFO] [1783874660.024617381, 718.760000000]: Footprint model 'polygon' loaded for trajectory optimization.
[INFO] [1783874660.672469989, 719.406000000]: Footprint model 'polygon' loaded for trajectory optimization.
[INFO] [1783874661.270004424, 720.006000000]: Footprint model 'polygon' loaded for trajectory optimization.
[INFO] [17838746[WARN] [1783874665.613496832, 724.344000000]: TebLocalPlannerROS: possible oscillation (of the robot or its local plan) detected. Activating recovery strategy (prefer current turning direction during optimization).
[WARN] [1783874670.911831, 729.636000]: training environment stop requested: adapter_close
schema_version: '1.0'
task: T11
status: passed
run_id: t11_semantic_eta_projection_only_seed105
algorithm: RL-TEB-Eta-ProjectionOnly
training_seed: 105
safety_mode: ProjectionOnly
episode_count: 70
step_count: 867
failure_count: 6
run_validation:
  valid: true
  run_id: t11_semantic_eta_projection_only_seed105
  episode_count: 70
  step_count: 867
  verified_checksum_count: 4
selected_checkpoint: /home/robot/robot_ws_base_rl/artifacts/t11/runs/t11_semantic_eta_fullsafety_seed105/checkpoints/step_000400
passed: true
acceptance_override: false

[INFO] [1783873939.471460163]: Finished loading Gazebo ROS API Plugin.
[INFO] [1783873939.472165058]: waitForService: Service [/gazebo/set_physics_properties] has not been advertised, waiting...
[INFO] [1783873939.924170893, 0.012000000]: waitForService: Service [/gazebo/set_physics_properties] is now available.
[INFO] [1783873940.150584340, 0.180000000]: <initialOrientationAsReference> is unset, using default value of false to comply with REP 145 (world as orientation reference)
[INFO] [1783873940.150621612, 0.180000000]: <robotNamespace> set to: //
[INFO] [1783873940.150629369, 0.180000000]: <topicName> set to: imu/data
[INFO] [1783873940.150634801, 0.180000000]: <frameName> set to: imu_link
[INFO] [1783873940.150653759, 0.180000000]: <updateRateHZ> set to: 50
[INFO] [1783873940.150661793, 0.180000000]: <gaussianNoise> set to: 0
[INFO] [1783873940.150682861, 0.180000000]: <xyzOffset> set to: 0 0 0
[INFO] [1783873940.150698948, 0.180000000]: <rpyOffset> set to: 0 -0 0
[INFO] [1783873940.268378057, 0.180000000]: Physics dynamic reconfigure ready.
[INFO] [1783873940.269490558, 0.180000000]: Laser Plugin: Using the 'robotNamespace' param: '/'
[INFO] [1783873940.269509933, 0.180000000]: Starting Laser Plugin (ns = /)
[INFO] [1783873940.270514519, 0.180000000]: Laser Plugin (ns = /)  <tf_prefix_>, set to ""
[INFO] [1783873940.402770305, 0.180000000]: M2 simulation-only Ackermann interface loaded; cmd_angle_instead_rotvel=false
61.711590891, 720.444000000]: TebLocalPlannerROS: oscillation recovery disabled/expired.
[INFO] [1783874661.823185678, 720.554000000]: Footprint model 'polygon' loaded for trajectory optimization.
[INFO] [1783874662.476037301, 721.208000000]: Footprint model 'polygon' loaded for trajectory optimization.
[INFO] [1783874663.068359377, 721.802000000]: Footprint model 'polygon' loaded for trajectory optimization.
[INFO] [1783874663.673052703, 722.404000000]: Footprint model 'polygon' loaded for trajectory optimization.
[INFO] [1783874664.273434799, 723.004000000]: Footprint model 'polygon' loaded for trajectory optimization.
[INFO] [1783874667.888008521, 726.616000000]: Footprint model 'polygon' loaded for trajectory optimization.
[INFO] [1783874668.488127216, 727.216000000]: Footprint model 'polygon' loaded for trajectory optimization.
[INFO] [1783874669.038419015, 727.766000000]: Footprint model 'polygon' loaded for trajectory optimization.
[INFO] [1783874669.869470324, 728.596000000]: Footprint model 'polygon' loaded for trajectory optimization.
[INFO] [1783874670.954446975, 729.680000000]: Footprint model 'polygon' loaded for trajectory optimization.
[INFO] [1783874670.971075475, 729.696000000]: Footprint model 'polygon' loaded for trajectory optimization.
... logging to /home/robot/.ros/log/3fb1e904-7e0f-11f1-91bc-3382cc4c3ed1/roslaunch-WP-332396.log
Checking log directory for disk usage. This may take a while.
Press Ctrl-C to interrupt
]2;/home/robot/robot_ws_base_rl/src/tools/thesis_experiment/launch/t11_formal_run.launch
[1mstarted roslaunch server http://WP:44501/[0m

SUMMARY
========

PARAMETERS
 * /gazebo/enable_ros_network: True
 * /m2_gazebo/simulation_only: True
 * /m2_robot_state_publisher/publish_frequency: 30.0
 * /move_base/TebLocalPlannerROS/acc_lim_theta: 0.8
 * /move_base/TebLocalPlannerROS/acc_lim_x: 0.8
 * /move_base/TebLocalPlannerROS/allow_init_with_backwards_motion: True
 * /move_base/TebLocalPlannerROS/cmd_angle_instead_rotvel: False
 * /move_base/TebLocalPlannerROS/costmap_obstacles_behind_robot_dist: 1.5
 * /move_base/TebLocalPlannerROS/dt_hysteresis: 0.1
 * /move_base/TebLocalPlannerROS/dt_ref: 0.3
 * /move_base/TebLocalPlannerROS/enable_homotopy_class_planning: False
 * /move_base/TebLocalPlannerROS/enable_multithreading: True
 * /move_base/TebLocalPlannerROS/feasibility_check_no_poses: 5
 * /move_base/TebLocalPlannerROS/footprint_model/type: polygon
 * /move_base/TebLocalPlannerROS/footprint_model/vertices: [[0.52, 0.35], [0...
 * /move_base/TebLocalPlannerROS/global_plan_overwrite_orientation: True
 * /move_base/TebLocalPlannerROS/include_costmap_obstacles: True
 * /move_base/TebLocalPlannerROS/inflation_dist: 0.55
 * /move_base/TebLocalPlannerROS/map_frame: odom
 * /move_base/TebLocalPlannerROS/max_global_plan_lookahead_dist: 8.0
 * /move_base/TebLocalPlannerROS/max_number_classes: 4
 * /move_base/TebLocalPlannerROS/max_samples: 500
 * /move_base/TebLocalPlannerROS/max_vel_theta: 1.0
 * /move_base/TebLocalPlannerROS/max_vel_x: 1.2
 * /move_base/TebLocalPlannerROS/max_vel_x_backwards: 0.6
 * /move_base/TebLocalPlannerROS/max_vel_y: 0.0
 * /move_base/TebLocalPlannerROS/min_obstacle_dist: 0.25
 * /move_base/TebLocalPlannerROS/min_turning_radius: 1.2
 * /move_base/TebLocalPlannerROS/obstacle_poses_affected: 15
 * /move_base/TebLocalPlannerROS/odom_topic: /odom
 * /move_base/TebLocalPlannerROS/teb_autosize: True
 * /move_base/TebLocalPlannerROS/weight_acc_lim_theta: 1.0
 * /move_base/TebLocalPlannerROS/weight_acc_lim_x: 1.0
 * /move_base/TebLocalPlannerROS/weight_adapt_factor: 2.0
 * /move_base/TebLocalPlannerROS/weight_inflation: 0.1
 * /move_base/TebLocalPlannerROS/weight_kinematics_forward_drive: 10.0
 * /move_base/TebLocalPlannerROS/weight_kinematics_nh: 1000.0
 * /move_base/TebLocalPlannerROS/weight_kinematics_turning_radius: 10.0
 * /move_base/TebLocalPlannerROS/weight_max_vel_theta: 1.0
 * /move_base/TebLocalPlannerROS/weight_max_vel_x: 2.0
 * /move_base/TebLocalPlannerROS/weight_obstacle: 50.0
 * /move_base/TebLocalPlannerROS/weight_optimaltime: 1.0
 * /move_base/TebLocalPlannerROS/weight_viapoint: 1.0
 * /move_base/TebLocalPlannerROS/wheelbase: 0.65
 * /move_base/base_global_planner: navfn/NavfnROS
 * /move_base/base_local_planner: teb_local_planner...
 * /move_base/clearing_rotation_allowed: False
 * /move_base/controller_frequency: 10.0
 * /move_base/controller_patience: 5.0
 * /move_base/global_costmap/footprint: [[0.52, 0.35], [0...
 * /move_base/global_costmap/footprint_padding: 0.05
 * /move_base/global_costmap/global_frame: odom
 * /move_base/global_costmap/height: 30.0
 * /move_base/global_costmap/inflation_layer/cost_scaling_factor: 4.0
 * /move_base/global_costmap/inflation_layer/enabled: True
 * /move_base/global_costmap/inflation_layer/inflation_radius: 0.55
 * /move_base/global_costmap/obstacle_layer/enabled: True
 * /move_base/global_costmap/obstacle_layer/observation_sources: scan
 * /move_base/global_costmap/obstacle_layer/scan/clearing: True
 * /move_base/global_costmap/obstacle_layer/scan/data_type: LaserScan
 * /move_base/global_costmap/obstacle_layer/scan/inf_is_valid: True
 * /move_base/global_costmap/obstacle_layer/scan/marking: True
 * /move_base/global_costmap/obstacle_layer/scan/obstacle_range: 12.0
 * /move_base/global_costmap/obstacle_layer/scan/raytrace_range: 15.0
 * /move_base/global_costmap/obstacle_layer/scan/sensor_frame: laser_link
 * /move_base/global_costmap/obstacle_layer/scan/topic: /scan
 * /move_base/global_costmap/plugins: [{'name': 'obstac...
 * /move_base/global_costmap/publish_frequency: 2.0
 * /move_base/global_costmap/resolution: 0.05
 * /move_base/global_costmap/robot_base_frame: base_link
 * /move_base/global_costmap/rolling_window: True
 * /move_base/global_costmap/transform_tolerance: 0.3
 * /move_base/global_costmap/update_frequency: 5.0
 * /move_base/global_costmap/width: 30.0
 * /move_base/local_costmap/footprint: [[0.52, 0.35], [0...
 * /move_base/local_costmap/footprint_padding: 0.05
 * /move_base/local_costmap/global_frame: odom
 * /move_base/local_costmap/height: 12.0
 * /move_base/local_costmap/inflation_layer/cost_scaling_factor: 4.0
 * /move_base/local_costmap/inflation_layer/enabled: True
 * /move_base/local_costmap/inflation_layer/inflation_radius: 0.55
 * /move_base/local_costmap/obstacle_layer/enabled: True
 * /move_base/local_costmap/obstacle_layer/observation_sources: scan
 * /move_base/local_costmap/obstacle_layer/scan/clearing: True
 * /move_base/local_costmap/obstacle_layer/scan/data_type: LaserScan
 * /move_base/local_costmap/obstacle_layer/scan/inf_is_valid: True
 * /move_base/local_costmap/obstacle_layer/scan/marking: True
 * /move_base/local_costmap/obstacle_layer/scan/obstacle_range: 12.0
 * /move_base/local_costmap/obstacle_layer/scan/raytrace_range: 15.0
 * /move_base/local_costmap/obstacle_layer/scan/sensor_frame: laser_link
 * /move_base/local_costmap/obstacle_layer/scan/topic: /scan
 * /move_base/local_costmap/plugins: [{'name': 'obstac...
 * /move_base/local_costmap/publish_frequency: 5.0
 * /move_base/local_costmap/resolution: 0.05
 * /move_base/local_costmap/robot_base_frame: base_link
 * /move_base/local_costmap/rolling_window: True
 * /move_base/local_costmap/transform_tolerance: 0.3
 * /move_base/local_costmap/update_frequency: 10.0
 * /move_base/local_costmap/width: 12.0
 * /move_base/oscillation_distance: 0.2
 * /move_base/oscillation_timeout: 10.0
 * /move_base/planner_frequency: 1.0
 * /move_base/planner_patience: 5.0
 * /move_base/recovery_behavior_enabled: False
 * /move_base/shutdown_costmaps: False
 * /robot_description: <?xml version="1....
 * /rosdistro: noetic
 * /rosversion: 1.17.4
 * /t11_formal_run/acceptance_eval_seed_limit: 0
 * /t11_formal_run/acceptance_timesteps: 0
 * /t11_formal_run/algorithm: RL-TEB-Semantic-Eta
 * /t11_formal_run/checkpoint: /home/robot/robot...
 * /t11_formal_run/config: /home/robot/robot...
 * /t11_formal_run/output_dir: /home/robot/robot...
 * /t11_formal_run/phase: ablation
 * /t11_formal_run/run_id: t11_semantic_eta_...
 * /t11_formal_run/safety_mode: ProjectionOnly
 * /t11_formal_run/training_seed: 105
 * /use_sim_time: True

NODES
  /
    gazebo (gazebo_ros/gzserver)
    m2_robot_state_publisher (robot_state_publisher/robot_state_publisher)
    move_base (move_base/move_base)
    spawn_m2 (gazebo_ros/spawn_model)
    t11_formal_run (thesis_experiment/t11_formal_run.py)

auto-starting new master
[1mprocess[master]: started with pid [332452][0m
[1mROS_MASTER_URI=http://localhost:11311[0m
]2;/home/robot/robot_ws_base_rl/src/tools/thesis_experiment/launch/t11_formal_run.launch http://localhost:11311
[1msetting /run_id to 3fb1e904-7e0f-11f1-91bc-3382cc4c3ed1[0m
[1mprocess[rosout-1]: started with pid [332485][0m
started core service [/rosout]
[1mprocess[gazebo-2]: started with pid [332492][0m
[1mprocess[spawn_m2-3]: started with pid [332496][0m
[1mprocess[m2_robot_state_publisher-4]: started with pid [332498][0m
[1mprocess[move_base-5]: started with pid [332499][0m
[1mprocess[t11_formal_run-6]: started with pid [332500][0m
[1m[spawn_m2-3] process has finished cleanly
log file: /home/robot/.ros/log/3fb1e904-7e0f-11f1-91bc-3382cc4c3ed1/spawn_m2-3*.log[0m
[t11_formal_run-6] killing on exit
[move_base-5] killing on exit
[m2_robot_state_publisher-4] killing on exit
[gazebo-2] killing on exit
[rosout-1] killing on exit
[master] killing on exit
shutting down processing monitor...
[31mWARNING: disk usage in log directory [/home/robot/.ros/log] is over 1GB.
It's recommended that you use the 'rosclean' command.[0m
WARNING: Package name "gazebo_ros_2Dmap_plugin" does not follow the naming conventions. It should start with a lower case letter and only contain lower case letters, digits, underscores, and dashes.
WARNING: Package name "gazebo_ros_2Dmap_plugin" does not follow the naming conventions. It should start with a lower case letter and only contain lower case letters, digits, underscores, and dashes.
[31m================================================================================REQUIRED process [t11_formal_run-6] has died!
process has finished cleanly
log file: /home/robot/.ros/log/3fb1e904-7e0f-11f1-91bc-3382cc4c3ed1/t11_formal_run-6*.log
Initiating shutdown!
================================================================================[0m
... shutting down processing monitor complete
[1mdone[0m
