WARNING: Package name "gazebo_ros_2Dmap_plugin" does not follow the naming conventions. It should start with a lower case letter and only contain lower case letters, digits, underscores, and dashes.
xacro: in-order processing became default in ROS Melodic. You can drop the option.
WARNING: Package name "gazebo_ros_2Dmap_plugin" does not follow the naming conventions. It should start with a lower case letter and only contain lower case letters, digits, underscores, and dashes.
WARNING: Package name "gazebo_ros_2Dmap_plugin" does not follow the naming conventions. It should start with a lower case letter and only contain lower case letters, digits, underscores, and dashes.
[INFO] [1783863727.554390, 0.000000]: Loading model XML from ros parameter robot_description
[INFO] [1783863727.557800, 0.000000]: Waiting for service /gazebo/spawn_urdf_model
[INFO] [1783863728.462368, 0.196000]: Calling service /gazebo/spawn_urdf_model
[INFO] [1783863728.816599, 0.374000]: Spawn status: SpawnModel: Successfully spawned entity
[INFO] [1783863729.055228141, 0.496000000]: global_costmap: Using plugin "obstacle_layer"
[INFO] [1783863729.060020357, 0.502000000]:     Subscribed to Topics: scan
[INFO] [1783863729.068128843, 0.510000000]: global_costmap: Using plugin "inflation_layer"
[INFO] [1783863729.083021956, 0.524000000]: local_costmap: Using plugin "obstacle_layer"
[INFO] [1783863729.083798955, 0.524000000]:     Subscribed to Topics: scan
[INFO] [1783863729.088018254, 0.528000000]: local_costmap: Using plugin "inflation_layer"
[INFO] [1783863729.100134056, 0.540000000]: Created local_planner teb_local_planner/TebLocalPlannerROS
[INFO] [1783863729.116737374, 0.558000000]: Footprint model 'polygon' loaded for trajectory optimization.
[INFO] [1783863729.116859935, 0.558000000]: Parallel planning in distinctive topologies disabled.
[INFO] [1783863729.116875427, 0.558000000]: No costmap conversion plugin specified. All occupied costmap cells are treaten as point obstacles.
[INFO] [1783863729.138465462, 0.580000000]: Footprint model 'polygon' loaded for trajectory optimization.
[INFO] [1783863729.308550089, 0.750000000]: Recovery behavior will clear layer 'obstacles'
[INFO] [1783863729.309818599, 0.752000000]: Recovery behavior will clear layer 'obstacles'
[INFO] [1783863729.323442829, 0.764000000]: odom received!
[INFO] [1783863730.903821920, 2.342000000]: Footprint model 'polygon' loaded for trajectory optimization.
[INFO] [1783863731.500591304, 2.936000000]: Footprint model 'polygon' loaded for trajectory optimization.
[INFO] [1783863732.047529243, 3.486000000]: Footprint model 'polygon' loaded for trajectory optimization.
[INFO] [1783863732.695452818, 4.132000000]: Footprint model 'polygon' loaded for trajectory optimization.
[INFO] [1783863734.437482338, 5.872000000]: GOAL Reached!
[INFO] [1783863734.583901926, 6.018000000]: Footprint model 'polygon' loaded for trajectory optimization.
[INFO] [1783863735.453646859, 6.884000000]: Footprint model 'polygon' loaded for trajectory optimization.
[INFO] [1783863736.001776053, 7.432000000]: Footprint model 'polygon' loaded for trajectory optimization.
[INFO] [1783863736.649352612, 8.078000000]: Footprint model 'polygon' loaded for trajectory optimization.
[INFO] [1783863737.201743710, 8.628000000]: Footprint model 'polygon' loaded for trajectory optimization.
[INFO] [1783863737.845708136, 9.274000000]: Footprint model 'polygon' loaded for trajectory optimization.
[INFO] [1783863738.444494409, 9.870000000]: Footprint model 'polygon' loaded for trajectory optimization.
[INFO] [1783863739.990575465, 11.414000000]: GOAL Reached!
[INFO] [1783863740.132246244, 11.554000000]: Footprint model 'polygon' loaded for trajectory optimization.
[INFO] [1783863741.000973907, 12.422000000]: Footprint model 'polygon' loaded for trajectory optimization.
[INFO] [1783863741.592208721, 13.014000000]: Footprint model 'polygon' loaded for trajectory optimization.
[INFO] [1783863742.145818581, 13.566000000]: Footprint model 'polygon' loaded for trajectory optimization.
[INFO] [1783863742.793288866, 14.212000000]: Footprint model 'polygon' loaded for trajectory optimization.
[INFO] [1783863743.347513380, 14.766000000]: Footprint model 'polygon' loaded for trajectory optimization.
[INFO] [1783863743.948372539, 15.364000000]: Footprint model 'polygon' loaded for trajectory optimization.
[INFO] [1783863744.596409890, 16.012000000]: Footprint model 'polygon' loaded for trajectory optimization.
[INFO] [1783863745.196295723, 16.612000000]: Footprint model 'polygon' loaded for trajectory optimization.
[INFO] [1783863745.795727957, 17.212000000]: Footprint model 'polygon' loaded for trajectory optimization.
[INFO] [1783863746.399856238, 17.812000000]: Footprint model 'polygon' loaded for trajectory optimization.
[INFO] [1783863748.135731868, 19.548000000]: GOAL Reached!
[INFO] [1783863748.280784834, 19.690000000]: Footprint model 'polygon' loaded for trajectory optimization.
[INFO] [1783863749.175150049, 20.584000000]: Footprint model 'polygon' loaded for trajectory optimization.
[INFO] [1783863749.730440889, 21.138000000]: Footprint model 'polygon' loaded for trajectory optimization.
[INFO] [1783863750.322277560, 21.728000000]: Footprint model 'polygon' loaded for trajectory optimization.
[INFO] [1783863750.923580595, 22.328000000]: Footprint model 'polygon' loaded for trajectory optimization.
[INFO] [1783863751.523727230, 22.926000000]: Footprint model 'polygon' loaded for trajectory optimization.
[INFO] [1783863752.171971197, 23.574000000]: Footprint model 'polygon' loaded for trajectory optimization.
[INFO] [1783863752.769541784, 24.170000000]: Footprint model 'polygon' loaded for trajectory optimization.
[INFO] [1783863753.370554559, 24.772000000]: Footprint model 'polygon' loaded for trajectory optimization.
[INFO] [1783863755.213108566, 26.610000000]: GOAL Reached!
[INFO] [1783863755.372492908, 26.770000000]: Footprint model 'polygon' loaded for trajectory optimization.
[INFO] [1783863756.247582906, 27.644000000]: Footprint model 'polygon' loaded for trajectory optimization.
[INFO] [1783863756.798405595, 28.192000000]: Footprint model 'polygon' loaded for trajectory optimization.
[INFO] [1783863757.445586780, 28.840000000]: Footprint model 'polygon' loaded for trajectory optimization.
[INFO] [1783863758.043331818, 29.436000000]: Footprint model 'polygon' loaded for trajectory optimization.
[INFO] [1783863759.881614717, 31.274000000]: GOAL Reached!
[INFO] [1783863760.025243104, 31.416000000]: Footprint model 'polygon' loaded for trajectory optimization.
[INFO] [1783863760.897188794, 32.284000000]: Footprint model 'polygon' loaded for trajectory optimization.
[INFO] [1783863761.482447845, 32.868000000]: Footprint model 'polygon' loaded for trajectory optimization.
[INFO] [1783863762.085677658, 33.472000000]: Footprint model 'polygon' loaded for trajectory optimization.
[INFO] [1783863762.637382136, 34.022000000]: Footprint model 'polygon' loaded for trajectory optimization.
[INFO] [1783863763.280733834, 34.664000000]: Footprint model 'polygon' loaded for trajectory optimization.
[INFO] [1783863763.836287340, 35.218000000]: Footprint model 'polygon' loaded for trajectory optimization.
[INFO] [1783863765.426195376, 36.808000000]: GOAL Reached!
[INFO] [1783863765.578819049, 36.958000000]: Footprint model 'polygon' loaded for trajectory optimization.
[INFO] [1783863766.440449832, 37.824000000]: Footprint model 'polygon' loaded for trajectory optimization.
[INFO] [1783863767.045150096, 38.424000000]: Footprint model 'polygon' loaded for trajectory optimization.
[INFO] [1783863767.641693683, 39.020000000]: Footprint model 'polygon' loaded for trajectory optimization.
[INFO] [1783863768.193890947, 39.572000000]: Footprint model 'polygon' loaded for trajectory optimization.
[INFO] [1783863768.794322158, 40.172000000]: Footprint model 'polygon' loaded for trajectory optimization.
[INFO] [1783863769.446068513, 40.820000000]: Footprint model 'polygon' loaded for trajectory optimization.
[INFO] [1783863769.997228698, 41.370000000]: Footprint model 'polygon' loaded for trajectory optimization.
[INFO] [1783863770.596246907, 41.968000000]: Footprint model 'polygon' loaded for trajectory optimization.
[INFO] [1783863771.202189718, 42.572000000]: Footprint model 'polygon' loaded for trajectory optimization.
[INFO] [1783863771.798727288, 43.168000000]: Footprint model 'polygon' loaded for trajectory optimization.
[INFO] [1783863774.089478571, 45.456000000]: GOAL Reached!
[INFO] [1783863774.242713653, 45.608000000]: Footprint model 'polygon' loaded for trajectory optimization.
[INFO] [1783863775.136281552, 46.500000000]: Footprint model 'polygon' loaded for trajectory optimization.
[INFO] [1783863775.672580799, 47.036000000]: Footprint model 'polygon' loaded for trajectory optimization.
[INFO] [1783863776.273210553, 47.636000000]: Footprint model 'polygon' loaded for trajectory optimization.
[INFO] [1783863776.870458195, 48.232000000]: Footprint model 'polygon' loaded for trajectory optimization.
[INFO] [1783863777.519838184, 48.880000000]: Footprint model 'polygon' loaded for trajectory optimization.
[INFO] [1783863778.121356389, 49.480000000]: Footprint model 'polygon' loaded for trajectory optimization.
[INFO] [1783863778.721908215, 50.082000000]: Footprint model 'polygon' loaded for trajectory optimization.
[INFO] [1783863779.274367027, 50.632000000]: Footprint model 'polygon' loaded for trajectory optimization.
[INFO] [1783863781.161722219, 52.516000000]: GOAL Reached!
[INFO] [1783863781.308664326, 52.664000000]: Footprint model 'polygon' loaded for trajectory optimization.
[INFO] [1783863782.172257787, 53.524000000]: Footprint model 'polygon' loaded for trajectory optimization.
[INFO] [1783863782.755527195, 54.108000000]: Footprint model 'polygon' loaded for trajectory optimization.
[INFO] [1783863783.358891156, 54.708000000]: Footprint model 'polygon' loaded for trajectory optimization.
[INFO] [1783863783.907994923, 55.256000000]: Footprint model 'polygon' loaded for trajectory optimization.
[INFO] [1783863785.599921703, 56.946000000]: GOAL Reached!
[INFO] [1783863785.748493813, 57.094000000]: Footprint model 'polygon' loaded for trajectory optimization.
[INFO] [1783863786.617145462, 57.964000000]: Footprint model 'polygon' loaded for trajectory optimization.
[INFO] [1783863787.214448070, 58.558000000]: Footprint model 'polygon' loaded for trajectory optimization.
[INFO] [1783863787.766448664, 59.108000000]: Footprint model 'polygon' loaded for trajectory optimization.
[INFO] [1783863788.364324061, 59.706000000]: Footprint model 'polygon' loaded for trajectory optimization.
[INFO] [1783863789.014762500, 60.356000000]: Footprint model 'polygon' loaded for trajectory optimization.
[INFO] [1783863789.618397210, 60.958000000]: Footprint model 'polygon' loaded for trajectory optimization.
[INFO] [1783863790.956432665, 62.294000000]: GOAL Reached!
[INFO] [1783863791.091746658, 62.428000000]: Footprint model 'polygon' loaded for trajectory optimization.
[INFO] [1783863791.969514650, 63.304000000]: Footprint model 'polygon' loaded for trajectory optimization.
[INFO] [1783863792.604318009, 63.940000000]: Footprint model 'polygon' loaded for trajectory optimization.
[INFO] [1783863793.206593797, 64.540000000]: Footprint model 'polygon' loaded for trajectory optimization.
[INFO] [1783863793.852009042, 65.184000000]: Footprint model 'polygon' loaded for trajectory optimization.
[INFO] [1783863794.430940671, 65.762000000]: Footprint model 'polygon' loaded for trajectory optimization.
[INFO] [1783863795.053271734, 66.386000000]: Footprint model 'polygon' loaded for trajectory optimization.
[INFO] [1783863795.607857123, 66.938000000]: Footprint model 'polygon' loaded for trajectory optimization.
[INFO] [1783863796.258759102, 67.588000000]: Footprint model 'polygon' loaded for trajectory optimization.
[INFO] [1783863796.806858936, 68.134000000]: Footprint model 'polygon' loaded for trajectory optimization.
[INFO] [1783863797.459875699, 68.786000000]: Footprint model 'polygon' loaded for trajectory optimization.
[INFO] [1783863799.097870727, 70.422000000]: GOAL Reached!
[INFO] [1783863799.230716318, 70.554000000]: Footprint model 'polygon' loaded for trajectory optimization.
[INFO] [1783863800.121191632, 71.444000000]: Footprint model 'polygon' loaded for trajectory optimization.
[INFO] [1783863800.669119817, 71.990000000]: Footprint model 'polygon' loaded for trajectory optimization.
[INFO] [1783863801.322348124, 72.640000000]: Footprint model 'polygon' loaded for trajectory optimization.
[INFO] [1783863801.869595764, 73.188000000]: Footprint model 'polygon' loaded for trajectory optimization.
[INFO] [1783863802.520478318, 73.838000000]: Footprint model 'polygon' loaded for trajectory optimization.
[INFO] [1783863803.072537249, 74.388000000]: Footprint model 'polygon' loaded for trajectory optimization.
[INFO] [1783863803.722151999, 75.038000000]: Footprint model 'polygon' loaded for trajectory optimization.
[INFO] [1783863804.318206861, 75.634000000]: Footprint model 'polygon' loaded for trajectory optimization.
[INFO] [1783863806.161277222, 77.472000000]: GOAL Reached!
[INFO] [1783863806.311251604, 77.622000000]: Footprint model 'polygon' loaded for trajectory optimization.
[INFO] [1783863807.171209045, 78.482000000]: Footprint model 'polygon' loaded for trajectory optimization.
[INFO] [1783863807.718567166, 79.028000000]: Footprint model 'polygon' loaded for trajectory optimization.
[INFO] [1783863808.370715750, 79.678000000]: Footprint model 'polygon' loaded for trajectory optimization.
[INFO] [1783863808.967466057, 80.274000000]: Footprint model 'polygon' loaded for trajectory optimization.
[INFO] [1783863810.811679098, 82.116000000]: GOAL Reached!
[INFO] [1783863810.952933157, 82.256000000]: Footprint model 'polygon' loaded for trajectory optimization.
[INFO] [1783863811.822687275, 83.122000000]: Footprint model 'polygon' loaded for trajectory optimization.
[INFO] [1783863812.374686519, 83.674000000]: Footprint model 'polygon' loaded for trajectory optimization.
[INFO] [1783863813.025044626, 84.324000000]: Footprint model 'polygon' loaded for trajectory optimization.
[INFO] [1783863813.575159173, 84.874000000]: Footprint model 'polygon' loaded for trajectory optimization.
[INFO] [1783863814.175569332, 85.472000000]: Footprint model 'polygon' loaded for trajectory optimization.
[INFO] [1783863814.775032045, 86.070000000]: Footprint model 'polygon' loaded for trajectory optimization.
[INFO] [1783863816.367279191, 87.660000000]: GOAL Reached!
[INFO] [1783863816.503977217, 87.796000000]: Footprint model 'polygon' loaded for trajectory optimization.
[INFO] [1783863817.393151446, 88.684000000]: Footprint model 'polygon' loaded for trajectory optimization.
[INFO] [1783863817.986893881, 89.276000000]: Footprint model 'polygon' loaded for trajectory optimization.
[INFO] [1783863818.588063350, 89.876000000]: Footprint model 'polygon' loaded for trajectory optimization.
[INFO] [1783863819.137681033, 90.426000000]: Footprint model 'polygon' loaded for trajectory optimization.
[INFO] [1783863819.740641258, 91.026000000]: Footprint model 'polygon' loaded for trajectory optimization.
[INFO] [1783863820.387343223, 91.674000000]: Footprint model 'polygon' loaded for trajectory optimization.
[INFO] [1783863820.991223239, 92.276000000]: Footprint model 'polygon' loaded for trajectory optimization.
[INFO] [1783863821.589410178, 92.872000000]: Footprint model 'polygon' loaded for trajectory optimization.
[INFO] [1783863822.137547250, 93.422000000]: Footprint model 'polygon' loaded for trajectory optimization.
[INFO] [1783863822.740905898, 94.022000000]: Footprint model 'polygon' loaded for trajectory optimization.
[INFO] [1783863824.228978547, 95.510000000]: GOAL Reached!
[INFO] [1783863824.359777270, 95.640000000]: Footprint model 'polygon' loaded for trajectory optimization.
[INFO] [1783863825.245512983, 96.524000000]: Footprint model 'polygon' loaded for trajectory optimization.
[INFO] [1783863825.783793537, 97.060000000]: Footprint model 'polygon' loaded for trajectory optimization.
[INFO] [1783863826.433522561, 97.710000000]: Footprint model 'polygon' loaded for trajectory optimization.
[INFO] [1783863827.033838719, 98.308000000]: Footprint model 'polygon' loaded for trajectory optimization.
[INFO] [1783863827.635043783, 98.910000000]: Footprint model 'polygon' loaded for trajectory optimization.
[INFO] [1783863828.236287019, 99.508000000]: Footprint model 'polygon' loaded for trajectory optimization.
[INFO] [1783863828.790736435, 100.062000000]: Footprint model 'polygon' loaded for trajectory optimization.
[INFO] [1783863829.437060036, 100.708000000]: Footprint model 'polygon' loaded for trajectory optimization.
[INFO] [1783863831.276088966, 102.544000000]: GOAL Reached!
[INFO] [1783863831.421915706, 102.688000000]: Footprint model 'polygon' loaded for trajectory optimization.
[INFO] [1783863832.297590709, 103.562000000]: Footprint model 'polygon' loaded for trajectory optimization.
[INFO] [1783863832.844459989, 104.110000000]: Footprint model 'polygon' loaded for trajectory optimization.
[INFO] [1783863833.491963142, 104.756000000]: Footprint model 'polygon' loaded for trajectory optimization.
[INFO] [1783863834.042620154, 105.306000000]: Footprint model 'polygon' loaded for trajectory optimization.
[INFO] [1783863835.836147977, 107.094000000]: GOAL Reached!
[INFO] [1783863835.966798368, 107.224000000]: Footprint model 'polygon' loaded for trajectory optimization.
[INFO] [1783863836.842399549, 108.102000000]: Footprint model 'polygon' loaded for trajectory optimization.
[INFO] [1783863837.386746706, 108.644000000]: Footprint model 'polygon' loaded for trajectory optimization.
[INFO] [1783863838.035414818, 109.292000000]: Footprint model 'polygon' loaded for trajectory optimization.
[INFO] [1783863838.589249298, 109.844000000]: Footprint model 'polygon' loaded for trajectory optimization.
[INFO] [1783863839.235866282, 110.490000000]: Footprint model 'polygon' loaded for trajectory optimization.
[INFO] [1783863839.788101287, 111.042000000]: Footprint model 'polygon' loaded for trajectory optimization.
[INFO] [1783863841.279422847, 112.530000000]: GOAL Reached!
[INFO] [1783863841.414583740, 112.664000000]: Footprint model 'polygon' loaded for trajectory optimization.
[INFO] [1783863842.294526125, 113.542000000]: Footprint model 'polygon' loaded for trajectory optimization.
[INFO] [1783863842.841827979, 114.090000000]: Footprint model 'polygon' loaded for trajectory optimization.
[INFO] [1783863843.486702724, 114.734000000]: Footprint model 'polygon' loaded for trajectory optimization.
[INFO] [1783863844.086455882, 115.334000000]: Footprint model 'polygon' loaded for trajectory optimization.
[INFO] [1783863844.679399435, 115.926000000]: Footprint model 'polygon' loaded for trajectory optimization.
[INFO] [1783863845.235963902, 116.480000000]: Footprint model 'polygon' loaded for trajectory optimization.
[INFO] [1783863845.889794371, 117.132000000]: Footprint model 'polygon' loaded for trajectory optimization.
[INFO] [1783863846.437230822, 117.680000000]: Footprint model 'polygon' loaded for trajectory optimization.
[INFO] [1783863847.038014857, 118.280000000]: Footprint model 'polygon' loaded for trajectory optimization.
[INFO] [1783863849.027745319, 120.266000000]: GOAL Reached!
[INFO] [1783863849.171143941, 120.410000000]: Footprint model 'polygon' loaded for trajectory optimization.
[INFO] [1783863850.066761926, 121.304000000]: Footprint model 'polygon' loaded for trajectory optimization.
[INFO] [1783863850.608328995, 121.844000000]: Footprint model 'polygon' loaded for trajectory optimization.
[INFO] [1783863851.211327130, 122.446000000]: Footprint model 'polygon' loaded for trajectory optimization.
[INFO] [1783863851.810762331, 123.044000000]: Footprint model 'polygon' loaded for trajectory optimization.
[INFO] [1783863852.412907567, 123.646000000]: Footprint model 'polygon' loaded for trajectory optimization.
[INFO] [1783863853.059039705, 124.290000000]: Footprint model 'polygon' loaded for trajectory optimization.
[INFO] [1783863853.661067195, 124.892000000]: Footprint model 'polygon' loaded for trajectory optimization.
[INFO] [1783863854.262029511, 125.494000000]: Footprint model 'polygon' loaded for trajectory optimization.
[INFO] [1783863856.098888361, 127.328000000]: GOAL Reached!
[INFO] [1783863856.247187134, 127.476000000]: Footprint model 'polygon' loaded for trajectory optimization.
[INFO] [1783863857.117634745, 128.344000000]: Footprint model 'polygon' loaded for trajectory optimization.
[INFO] [1783863857.656759330, 128.880000000]: Footprint model 'polygon' loaded for trajectory optimization.
[INFO] [1783863858.255543949, 129.482000000]: Footprint model 'polygon' loaded for trajectory optimization.
[INFO] [1783863858.906992360, 130.130000000]: Footprint model 'polygon' loaded for trajectory optimization.
[INFO] [1783863860.747938437, 131.968000000]: GOAL Reached!
[INFO] [1783863860.884637549, 132.104000000]: Footprint model 'polygon' loaded for trajectory optimization.
[INFO] [1783863861.742983434, 132.962000000]: Footprint model 'polygon' loaded for trajectory optimization.
[INFO] [1783863862.289555216, 133.506000000]: Footprint model 'polygon' loaded for trajectory optimization.
[INFO] [1783863862.937796976, 134.154000000]: Footprint model 'polygon' loaded for trajectory optimization.
[INFO] [1783863863.540297430, 134.756000000]: Footprint model 'polygon' loaded for trajectory optimization.
[INFO] [1783863864.141007350, 135.354000000]: Footprint model 'polygon' loaded for trajectory optimization.
[INFO] [1783863864.692377766, 135.904000000]: Footprint model 'polygon' loaded for trajectory optimization.
[INFO] [1783863866.285110621, 137.494000000]: GOAL Reached!
[INFO] [1783863866.428985789, 137.638000000]: Footprint model 'polygon' loaded for trajectory optimization.
[INFO] [1783863867.316979007, 138.524000000]: Footprint model 'polygon' loaded for trajectory optimization.
[INFO] [1783863867.848607411, 139.054000000]: Footprint model 'polygon' loaded for trajectory optimization.
[INFO] [1783863868.449741176, 139.656000000]: Footprint model 'polygon' loaded for trajectory optimization.
[INFO] [1783863869.102152643, 140.308000000]: Footprint model 'polygon' loaded for trajectory optimization.
[INFO] [1783863869.646811161, 140.850000000]: Footprint model 'polygon' loaded for trajectory optimization.
[INFO] [1783863870.298543116, 141.500000000]: Footprint model 'polygon' loaded for trajectory optimization.
[INFO] [1783863870.900304224, 142.104000000]: Footprint model 'polygon' loaded for trajectory optimization.
[INFO] [1783863871.502408982, 142.704000000]: Footprint model 'polygon' loaded for trajectory optimization.
[INFO] [1783863872.098648509, 143.298000000]: Footprint model 'polygon' loaded for trajectory optimization.
[INFO] [1783863872.651299939, 143.850000000]: Footprint model 'polygon' loaded for trajectory optimization.
[INFO] [1783863874.743975908, 145.938000000]: GOAL Reached!
[INFO] [1783863874.891274209, 146.086000000]: Footprint model 'polygon' loaded for trajectory optimization.
[INFO] [1783863875.771826889, 146.964000000]: Footprint model 'polygon' loaded for trajectory optimization.
[INFO] [1783863876.334721789, 147.526000000]: Footprint model 'polygon' loaded for trajectory optimization.
[INFO] [1783863876.929836516, 148.120000000]: Footprint model 'polygon' loaded for trajectory optimization.
[INFO] [1783863877.532091315, 148.720000000]: Footprint model 'polygon' loaded for trajectory optimization.
[INFO] [1783863878.177202068, 149.366000000]: Footprint model 'polygon' loaded for trajectory optimization.
[INFO] [1783863878.729010499, 149.916000000]: Footprint model 'polygon' loaded for trajectory optimization.
[INFO] [1783863879.330917221, 150.518000000]: Footprint model 'polygon' loaded for trajectory optimization.
[INFO] [1783863879.929128643, 151.116000000]: Footprint model 'polygon' loaded for trajectory optimization.
[INFO] [1783863881.616945542, 152.802000000]: GOAL Reached!
[INFO] [1783863881.769635080, 152.954000000]: Footprint model 'polygon' loaded for trajectory optimization.
[INFO] [1783863882.642588272, 153.824000000]: Footprint model 'polygon' loaded for trajectory optimization.
[INFO] [1783863883.233396413, 154.414000000]: Footprint model 'polygon' loaded for trajectory optimization.
[INFO] [1783863883.782614399, 154.962000000]: Footprint model 'polygon' loaded for trajectory optimization.
[INFO] [1783863884.383243042, 155.560000000]: Footprint model 'polygon' loaded for trajectory optimization.
[INFO] [1783863886.376043906, 157.550000000]: GOAL Reached!
[INFO] [1783863886.522328871, 157.696000000]: Footprint model 'polygon' loaded for trajectory optimization.
[INFO] [1783863887.390498712, 158.562000000]: Footprint model 'polygon' loaded for trajectory optimization.
[INFO] [1783863887.995246771, 159.168000000]: Footprint model 'polygon' loaded for trajectory optimization.
[INFO] [1783863888.548177814, 159.720000000]: Footprint model 'polygon' loaded for trajectory optimization.
[INFO] [1783863889.199082254, 160.368000000]: Footprint model 'polygon' loaded for trajectory optimization.
[INFO] [1783863889.797817685, 160.966000000]: Footprint model 'polygon' loaded for trajectory optimization.
[INFO] [1783863890.349895593, 161.518000000]: Footprint model 'polygon' loaded for trajectory optimization.
[INFO] [1783863891.941017133, 163.106000000]: GOAL Reached!
[INFO] [1783863892.095038380, 163.262000000]: Footprint model 'polygon' loaded for trajectory optimization.
[INFO] [1783863892.979454119, 164.142000000]: Footprint model 'polygon' loaded for trajectory optimization.
[INFO] [1783863893.574713592, 164.734000000]: Footprint model 'polygon' loaded for trajectory optimization.
[INFO] [1783863894.175319725, 165.336000000]: Footprint model 'polygon' loaded for trajectory optimization.
[INFO] [1783863894.721563606, 165.884000000]: Footprint model 'polygon' loaded for trajectory optimization.
[INFO] [1783863895.327061196, 166.486000000]: Footprint model 'polygon' loaded for trajectory optimization.
[INFO] [1783863895.928686119, 167.086000000]: Footprint model 'polygon' loaded for trajectory optimization.
[INFO] [1783863896.544987600, 167.702000000]: Footprint model 'polygon' loaded for trajectory optimization.
[INFO] [1783863897.178234670, 168.334000000]: Footprint model 'polygon' loaded for trajectory optimization.
[INFO] [1783863897.726302577, 168.880000000]: Footprint model 'polygon' loaded for trajectory optimization.
[INFO] [1783863898.372472772, 169.526000000]: Footprint model 'polygon' loaded for trajectory optimization.
[INFO] [1783863899.817744854, 170.968000000]: GOAL Reached!
[INFO] [1783863899.963217876, 171.112000000]: Footprint model 'polygon' loaded for trajectory optimization.
[INFO] [1783863900.835167613, 171.984000000]: Footprint model 'polygon' loaded for trajectory optimization.
[INFO] [1783863901.388205824, 172.538000000]: Footprint model 'polygon' loaded for trajectory optimization.
[INFO] [1783863902.037987487, 173.184000000]: Footprint model 'polygon' loaded for trajectory optimization.
[INFO] [1783863902.642492599, 173.788000000]: Footprint model 'polygon' loaded for trajectory optimization.
[INFO] [1783863903.238964747, 174.384000000]: Footprint model 'polygon' loaded for trajectory optimization.
[INFO] [1783863903.791550210, 174.936000000]: Footprint model 'polygon' loaded for trajectory optimization.
[INFO] [1783863904.391566615, 175.534000000]: Footprint model 'polygon' loaded for trajectory optimization.
[INFO] [1783863905.041879898, 176.182000000]: Footprint model 'polygon' loaded for trajectory optimization.
[INFO] [1783863906.680852874, 177.820000000]: GOAL Reached!
[INFO] [1783863906.810768025, 177.950000000]: Footprint model 'polygon' loaded for trajectory optimization.
[INFO] [1783863907.660902331, 178.798000000]: Footprint model 'polygon' loaded for trajectory optimization.
[INFO] [1783863908.271164779, 179.406000000]: Footprint model 'polygon' loaded for trajectory optimization.
[INFO] [1783863908.873646036, 180.008000000]: Footprint model 'polygon' loaded for trajectory optimization.
[INFO] [1783863909.470248311, 180.606000000]: Footprint model 'polygon' loaded for trajectory optimization.
[INFO] [1783863911.212455929, 182.346000000]: GOAL Reached!
[INFO] [1783863911.341182670, 182.474000000]: Footprint model 'polygon' loaded for trajectory optimization.
[INFO] [1783863912.212367826, 183.342000000]: Footprint model 'polygon' loaded for trajectory optimization.
[INFO] [1783863912.752653374, 183.882000000]: Footprint model 'polygon' loaded for trajectory optimization.
[INFO] [1783863913.400913242, 184.530000000]: Footprint model 'polygon' loaded for trajectory optimization.
[INFO] [1783863914.000255689, 185.128000000]: Footprint model 'polygon' loaded for trajectory optimization.
[INFO] [1783863914.557710584, 185.682000000]: Footprint model 'polygon' loaded for trajectory optimization.
[INFO] [1783863915.200326534, 186.328000000]: Footprint model 'polygon' loaded for trajectory optimization.
[INFO] [1783863916.746398369, 187.868000000]: GOAL Reached!
[INFO] [1783863916.888246113, 188.010000000]: Footprint model 'polygon' loaded for trajectory optimization.
[INFO] [1783863917.758117180, 188.882000000]: Footprint model 'polygon' loaded for trajectory optimization.
[INFO] [1783863918.358981402, 189.478000000]: Footprint model 'polygon' loaded for trajectory optimization.
[INFO] [1783863918.905468731, 190.024000000]: Footprint model 'polygon' loaded for trajectory optimization.
[INFO] [1783863919.502581311, 190.620000000]: Footprint model 'polygon' loaded for trajectory optimization.
[INFO] [1783863920.106105849, 191.222000000]: Footprint model 'polygon' loaded for trajectory optimization.
[INFO] [1783863920.753773817, 191.870000000]: Footprint model 'polygon' loaded for trajectory optimization.
[INFO] [1783863921.306277357, 192.420000000]: Footprint model 'polygon' loaded for trajectory optimization.
[INFO] [1783863921.909001739, 193.022000000]: Footprint model 'polygon' loaded for trajectory optimization.
[INFO] [1783863922.506674358, 193.620000000]: Footprint model 'polygon' loaded for trajectory optimization.
[INFO] [1783863923.158519364, 194.268000000]: Footprint model 'polygon' loaded for trajectory optimization.
[INFO] [1783863925.396267151, 196.506000000]: GOAL Reached!
[INFO] [1783863925.552648721, 196.660000000]: Footprint model 'polygon' loaded for trajectory optimization.
[INFO] [1783863926.419651906, 197.524000000]: Footprint model 'polygon' loaded for trajectory optimization.
[INFO] [1783863926.971561901, 198.076000000]: Footprint model 'polygon' loaded for trajectory optimization.
[INFO] [1783863927.620997079, 198.724000000]: Footprint model 'polygon' loaded for trajectory optimization.
[INFO] [1783863928.172804772, 199.276000000]: Footprint model 'polygon' loaded for trajectory optimization.
[INFO] [1783863928.821153999, 199.922000000]: Footprint model 'polygon' loaded for trajectory optimization.
[INFO] [1783863929.422019688, 200.522000000]: Footprint model 'polygon' loaded for trajectory optimization.
[INFO] [1783863930.020680579, 201.120000000]: Footprint model 'polygon' loaded for trajectory optimization.
[INFO] [1783863930.621163992, 201.720000000]: Footprint model 'polygon' loaded for trajectory optimization.
[INFO] [1783863932.459870240, 203.556000000]: GOAL Reached!
[INFO] [1783863932.619379464, 203.714000000]: Footprint model 'polygon' loaded for trajectory optimization.
[INFO] [1783863933.469431199, 204.562000000]: Footprint model 'polygon' loaded for trajectory optimization.
[INFO] [1783863934.073746437, 205.168000000]: Footprint model 'polygon' loaded for trajectory optimization.
[INFO] [1783863934.629968170, 205.720000000]: Footprint model 'polygon' loaded for trajectory optimization.
[INFO] [1783863935.276715938, 206.364000000]: Footprint model 'polygon' loaded for trajectory optimization.
[INFO] [1783863937.117743411, 208.206000000]: GOAL Reached!
[INFO] [1783863937.261251897, 208.348000000]: Footprint model 'polygon' loaded for trajectory optimization.
[INFO] [1783863938.118411202, 209.202000000]: Footprint model 'polygon' loaded for trajectory optimization.
[INFO] [1783863938.678272719, 209.760000000]: Footprint model 'polygon' loaded for trajectory optimization.
[INFO] [1783863939.325512463, 210.408000000]: Footprint model 'polygon' loaded for trajectory optimization.
[INFO] [1783863939.925879602, 211.010000000]: Footprint model 'polygon' loaded for trajectory optimization.
[INFO] [1783863940.522847742, 211.604000000]: Footprint model 'polygon' loaded for trajectory optimization.
[INFO] [1783863941.078883896, 212.158000000]: Footprint model 'polygon' loaded for trajectory optimization.
[INFO] [1783863942.567374282, 213.646000000]: GOAL Reached!
[INFO] [1783863942.716814387, 213.796000000]: Footprint model 'polygon' loaded for trajectory optimization.
[INFO] [1783863943.611119976, 214.688000000]: Footprint model 'polygon' loaded for trajectory optimization.
[INFO] [1783863944.301647666, 215.376000000]: Footprint model 'polygon' loaded for trajectory optimization.
[INFO] [1783863944.894401592, 215.970000000]: Footprint model 'polygon' loaded for trajectory optimization.
[INFO] [1783863945.497042813, 216.570000000]: Footprint model 'polygon' loaded for trajectory optimization.
[INFO] [1783863946.095493791, 217.168000000]: Footprint model 'polygon' loaded for trajectory optimization.
[INFO] [1783863946.648315665, 217.718000000]: Footprint model 'polygon' loaded for trajectory optimization.
[INFO] [1783863947.249085505, 218.320000000]: Footprint model 'polygon' loaded for trajectory optimization.
[INFO] [1783863947.849193177, 218.918000000]: Footprint model 'polygon' loaded for trajectory optimization.
[INFO] [1783863948.447812230, 219.518000000]: Footprint model 'polygon' loaded for trajectory optimization.
[INFO] [1783863949.047142015, 220.116000000]: Footprint model 'polygon' loaded for trajectory optimization.
[INFO] [1783863950.936066932, 222.004000000]: GOAL Reached!
[INFO] [1783863951.083658133, 222.148000000]: Footprint model 'polygon' loaded for trajectory optimization.
[INFO] [1783863951.961380746, 223.024000000]: Footprint model 'polygon' loaded for trajectory optimization.
[INFO] [1783863952.515665179, 223.576000000]: Footprint model 'polygon' loaded for trajectory optimization.
[INFO] [1783863953.164232402, 224.224000000]: Footprint model 'polygon' loaded for trajectory optimization.
[INFO] [1783863953.715019873, 224.774000000]: Footprint model 'polygon' loaded for trajectory optimization.
[INFO] [1783863954.364269945, 225.422000000]: Footprint model 'polygon' loaded for trajectory optimization.
[INFO] [1783863954.917592289, 225.974000000]: Footprint model 'polygon' loaded for trajectory optimization.
[INFO] [1783863955.510093767, 226.568000000]: Footprint model 'polygon' loaded for trajectory optimization.
[INFO] [1783863956.111754953, 227.168000000]: Footprint model 'polygon' loaded for trajectory optimization.
[INFO] [1783863958.003610446, 229.056000000]: GOAL Reached!
[INFO] [1783863958.141258095, 229.194000000]: Footprint model 'polygon' loaded for trajectory optimization.
[INFO] [1783863958.991513315, 230.042000000]: Footprint model 'polygon' loaded for trajectory optimization.
[INFO] [1783863959.552476406, 230.604000000]: Footprint model 'polygon' loaded for trajectory optimization.
[INFO] [1783863960.196527973, 231.250000000]: Footprint model 'polygon' loaded for trajectory optimization.
[INFO] [1783863960.801900682, 231.850000000]: Footprint model 'polygon' loaded for trajectory optimization.
[INFO] [1783863962.443371730, 233.488000000]: GOAL Reached!
[INFO] [1783863962.585863410, 233.630000000]: Footprint model 'polygon' loaded for trajectory optimization.
[INFO] [1783863963.463138239, 234.508000000]: Footprint model 'polygon' loaded for trajectory optimization.
[INFO] [1783863964.055150628, 235.098000000]: Footprint model 'polygon' loaded for trajectory optimization.
[INFO] [1783863964.650337215, 235.692000000]: Footprint model 'polygon' loaded for trajectory optimization.
[INFO] [1783863965.252417561, 236.292000000]: Footprint model 'polygon' loaded for trajectory optimization.
[INFO] [1783863965.804810239, 236.844000000]: Footprint model 'polygon' loaded for trajectory optimization.
[INFO] [1783863966.453324534, 237.490000000]: Footprint model 'polygon' loaded for trajectory optimization.
[INFO] [1783863967.995554022, 239.030000000]: GOAL Reached!
[INFO] [1783863968.138866263, 239.174000000]: Footprint model 'polygon' loaded for trajectory optimization.
[INFO] [1783863969.010887968, 240.044000000]: Footprint model 'polygon' loaded for trajectory optimization.
[INFO] [1783863969.610179539, 240.642000000]: Footprint model 'polygon' loaded for trajectory optimization.
[INFO] [1783863970.159454021, 241.192000000]: Footprint model 'polygon' loaded for trajectory optimization.
[INFO] [1783863970.757514065, 241.788000000]: Footprint model 'polygon' loaded for trajectory optimization.
[INFO] [1783863971.358154525, 242.386000000]: Footprint model 'polygon' loaded for trajectory optimization.
[INFO] [1783863972.006427800, 243.034000000]: Footprint model 'polygon' loaded for trajectory optimization.
[INFO] [1783863972.608965017, 243.636000000]: Footprint model 'polygon' loaded for trajectory optimization.
[INFO] [1783863973.157979841, 244.184000000]: Footprint model 'polygon' loaded for trajectory optimization.
[INFO] [1783863973.762924249, 244.788000000]: Footprint model 'polygon' loaded for trajectory optimization.
[INFO] [1783863974.408199229, 245.432000000]: Footprint model 'polygon' loaded for trajectory optimization.
[INFO] [1783863976.249254377, 247.270000000]: GOAL Reached!
[INFO] [1783863976.380526151, 247.402000000]: Footprint model 'polygon' loaded for trajectory optimization.
[INFO] [1783863977.262261277, 248.284000000]: Footprint model 'polygon' loaded for trajectory optimization.
[INFO] [1783863977.806363923, 248.824000000]: Footprint model 'polygon' loaded for trajectory optimization.
[INFO] [1783863978.410543849, 249.426000000]: Footprint model 'polygon' loaded for trajectory optimization.
[INFO] [1783863979.008660272, 250.026000000]: Footprint model 'polygon' loaded for trajectory optimization.
[INFO] [1783863979.660402544, 250.676000000]: Footprint model 'polygon' loaded for trajectory optimization.
[INFO] [1783863980.213079370, 251.228000000]: Footprint model 'polygon' loaded for trajectory optimization.
[INFO] [1783863980.861634999, 251.874000000]: Footprint model 'polygon' loaded for trajectory optimization.
[INFO] [1783863981.409258977, 252.422000000]: Footprint model 'polygon' loaded for trajectory optimization.
[INFO] [1783863983.101973060, 254.110000000]: GOAL Reached!
[INFO] [1783863983.240297516, 254.250000000]: Footprint model 'polygon' loaded for trajectory optimization.
[INFO] [1783863984.096726491, 255.104000000]: Footprint model 'polygon' loaded for trajectory optimization.
[INFO] [1783863984.705901508, 255.712000000]: Footprint model 'polygon' loaded for trajectory optimization.
[INFO] [1783863985.299839771, 256.306000000]: Footprint model 'polygon' loaded for trajectory optimization.
[INFO] [1783863985.856428828, 256.860000000]: Footprint model 'polygon' loaded for trajectory optimization.
[INFO] [1783863986.455040827, 257.460000000]: Footprint model 'polygon' loaded for trajectory optimization.
[INFO] [1783863987.055480571, 258.062000000]: Footprint model 'polygon' loaded for trajectory optimization.
[INFO] [1783863987.708208157, 258.710000000]: Footprint model 'polygon' loaded for trajectory optimization.
[INFO] [1783863988.258713112, 259.260000000]: Footprint model 'polygon' loaded for trajectory optimization.
[INFO] [1783863990.147158343, 261.146000000]: GOAL Reached!
[INFO] [1783863990.279443013, 261.278000000]: Footprint model 'polygon' loaded for trajectory optimization.
[INFO] [1783863991.166041291, 262.164000000]: Footprint model 'polygon' loaded for trajectory optimization.
[INFO] [1783863991.706940738, 262.702000000]: Footprint model 'polygon' loaded for trajectory optimization.
[INFO] [1783863992.310363711, 263.304000000]: Footprint model 'polygon' loaded for trajectory optimization.
[INFO] [1783863992.958605166, 263.952000000]: Footprint model 'polygon' loaded for trajectory optimization.
[INFO] [1783863993.559229144, 264.552000000]: Footprint model 'polygon' loaded for trajectory optimization.
[INFO] [1783863994.127521316, 265.118000000]: Footprint model 'polygon' loaded for trajectory optimization.
[INFO] [1783863994.709768879, 265.700000000]: Footprint model 'polygon' loaded for trajectory optimization.
[INFO] [1783863995.359372245, 266.348000000]: Footprint model 'polygon' loaded for trajectory optimization.
[INFO] [1783863995.958477912, 266.946000000]: Footprint model 'polygon' loaded for trajectory optimization.
[INFO] [1783863997.601514737, 268.586000000]: GOAL Reached!
[INFO] [1783863997.740152895, 268.724000000]: Footprint model 'polygon' loaded for trajectory optimization.
[INFO] [1783863998.621067384, 269.604000000]: Footprint model 'polygon' loaded for trajectory optimization.
[INFO] [1783863999.223744636, 270.206000000]: Footprint model 'polygon' loaded for trajectory optimization.
[INFO] [1783863999.771564582, 270.752000000]: Footprint model 'polygon' loaded for trajectory optimization.
[INFO] [1783864000.376402316, 271.356000000]: Footprint model 'polygon' loaded for trajectory optimization.
[INFO] [1783864001.019972390, 272.000000000]: Footprint model 'polygon' loaded for trajectory optimization.
[INFO] [1783864001.576588336, 272.554000000]: Footprint model 'polygon' loaded for trajectory optimization.
[INFO] [1783864002.175955228, 273.152000000]: Footprint model 'polygon' loaded for trajectory optimization.
[INFO] [1783864002.824448[WARN] [1783864032.124991726, 303.052000000]: TebLocalPlannerROS: possible oscillation (of the robot or its local plan) detected. Activating recovery strategy (prefer current turning direction during optimization).
730, 273.802000000]: Footprint model 'polygon' loaded for trajectory optimization.
[INFO] [1783864004.659535997, 275.634000000]: GOAL Reached!
[INFO] [1783864004.807176963, 275.780000000]: Footprint model 'polygon' loaded for trajectory optimization.
[INFO] [1783864005.671413521, 276.642000000]: Footprint model 'polygon' loaded for trajectory optimization.
[INFO] [1783864006.222307530, 277.194000000]: Footprint model 'polygon' loaded for trajectory optimization.
[INFO] [1783864006.871126890, 277.840000000]: Footprint model 'polygon' loaded for trajectory optimization.
[INFO] [1783864007.470590921, 278.440000000]: Footprint model 'polygon' loaded for trajectory optimization.
[INFO] [1783864008.077091992, 279.044000000]: Footprint model 'polygon' loaded for trajectory optimization.
[INFO] [1783864008.620852394, 279.590000000]: Footprint model 'polygon' loaded for trajectory optimization.
[INFO] [1783864009.225701171, 280.190000000]: Footprint model 'polygon' loaded for trajectory optimization.
[INFO] [1783864009.822975319, 280.788000000]: Footprint model 'polygon' loaded for trajectory optimization.
[INFO] [1783864011.513950127, 282.478000000]: GOAL Reached!
[INFO] [1783864011.654879355, 282.618000000]: Footprint model 'polygon' loaded for trajectory optimization.
[INFO] [1783864012.546445106, 283.506000000]: Footprint model 'polygon' loaded for trajectory optimization.
[INFO] [1783864013.126988591, 284.086000000]: Footprint model 'polygon' loaded for trajectory optimization.
[INFO] [1783864013.679729261, 284.640000000]: Footprint model 'polygon' loaded for trajectory optimization.
[INFO] [1783864014.280846057, 285.240000000]: Footprint model 'polygon' loaded for trajectory optimization.
[INFO] [1783864014.926635708, 285.886000000]: Footprint model 'polygon' loaded for trajectory optimization.
[INFO] [1783864015.486005467, 286.444000000]: Footprint model 'polygon' loaded for trajectory optimization.
[INFO] [1783864016.079059313, 287.036000000]: Footprint model 'polygon' loaded for trajectory optimization.
[INFO] [1783864016.727117229, 287.684000000]: Footprint model 'polygon' loaded for trajectory optimization.
[INFO] [1783864017.281764684, 288.234000000]: Footprint model 'polygon' loaded for trajectory optimization.
[INFO] [1783864019.173754790, 290.122000000]: GOAL Reached!
[INFO] [1783864019.301025678, 290.250000000]: Footprint model 'polygon' loaded for trajectory optimization.
[INFO] [1783864020.178190878, 291.126000000]: Footprint model 'polygon' loaded for trajectory optimization.
[INFO] [1783864020.782703286, 291.728000000]: Footprint model 'polygon' loaded for trajectory optimization.
[INFO] [1783864021.326605023, 292.272000000]: Footprint model 'polygon' loaded for trajectory optimization.
[INFO] [1783864021.933472352, 292.878000000]: Footprint model 'polygon' loaded for trajectory optimization.
[INFO] [1783864022.578649059, 293.522000000]: Footprint model 'polygon' loaded for trajectory optimization.
[INFO] [1783864023.129443942, 294.072000000]: Footprint model 'polygon' loaded for trajectory optimization.
[INFO] [1783864023.776574471, 294.718000000]: Footprint model 'polygon' loaded for trajectory optimization.
[INFO] [1783864024.380227220, 295.322000000]: Footprint model 'polygon' loaded for trajectory optimization.
[INFO] [1783864027.983050382, 298.920000000]: Footprint model 'polygon' loaded for trajectory optimization.
[INFO] [1783864028.580466879, 299.516000000]: Footprint model 'polygon' loaded for trajectory optimization.
[INFO] [1783864029.187065913, 300.122000000]: Footprint model 'polygon' loaded for trajectory optimization.
[INFO] [1783864029.787125689, 300.720000000]: Footprint model 'polygon' loaded for trajectory optimization.
[INFO] [1783864033.349240356, 304.276000000]: Footprint model 'polygon' loaded for trajectory optimization.
[INFO] [1783864034.018733267, 304.944000000]: Footprint model 'polygon' loaded for trajectory optimization.
[INFO] [1783864034.699620835, 305.624000000]: Footprint model 'polygon' loaded for trajectory optimization.
[INFO] [1783864038.254533419, 309.172000000]: Footpri[ERROR] [1783864085.165707231, 356.006000000]: TebOptimalPlanner::getVelocityCommand() - timediff<=0 is invalid!
[WARN] [1783864085.165813877, 356.006000000]: TebLocalPlannerROS: velocity command invalid. Resetting planner...
nt model 'polygon' loaded for trajectory optimization.
[INFO] [1783864038.919792257, 309.836000000]: Footprint model 'polygon' loaded for trajectory optimization.
[INFO] [1783864039.513558588, 310.428000000]: Footprint model 'polygon' loaded for trajectory optimization.
[INFO] [1783864040.112599515, 311.026000000]: Footprint model 'polygon' loaded for trajectory optimization.
[INFO] [1783864040.709212666, 311.622000000]: Footprint model 'polygon' loaded for trajectory optimization.
[INFO] [1783864044.272063092, 315.180000000]: Footprint model 'polygon' loaded for trajectory optimization.
[INFO] [1783864047.921715044, 318.824000000]: Footprint model 'polygon' loaded for trajectory optimization.
[INFO] [1783864051.528373373, 322.424000000]: Footprint model 'polygon' loaded for trajectory optimization.
[INFO] [1783864055.131835364, 326.020000000]: Footprint model 'polygon' loaded for trajectory optimization.
[INFO] [1783864058.740056032, 329.624000000]: Footprint model 'polygon' loaded for trajectory optimization.
[INFO] [1783864062.337345803, 333.218000000]: Footprint model 'polygon' loaded for trajectory optimization.
[INFO] [1783864062.898002746, 333.776000000]: Footprint model 'polygon' loaded for trajectory optimization.
[INFO] [1783864063.544456645, 334.420000000]: Footprint model 'polygon' loaded for trajectory optimization.
[INFO] [1783864064.148034497, 335.022000000]: Footprint model 'polygon' loaded for trajectory optimization.
[INFO] [1783864067.760249661, 338.630000000]: Footprint model 'polygon' loaded for trajectory optimization.
[INFO] [1783864068.358259343, 339.226000000]: Footprint model 'polygon' loaded for trajectory optimization.
[INFO] [1783864068.951381864, 339.818000000]: Footprint model 'polygon' loaded for trajectory optimization.
[INFO] [1783864069.555392954, 340.422000000]: Footprint model 'polygon' loaded for trajectory optimization.
[INFO] [1783864070.154717412, 341.020000000]: Footprint model 'polygon' loaded for trajectory optimization.
[INFO] [1783864070.709232697, 341.574000000]: Footprint model 'polygon' loaded for trajectory optimization.
[INFO] [1783864074.367447694, 345.226000000]: Footprint model 'polygon' loaded for trajectory optimization.
[INFO] [1783864074.974091677, 345.832000000]: Footprint model 'polygon' loaded for trajectory optimization.
[INFO] [1783864075.750935480, 346.608000000]: Footprint model 'polygon' loaded for trajectory optimization.
[INFO] [1783864076.608999648, 347.464000000]: Footprint model 'polygon' loaded for trajectory optimization.
[INFO] [1783864077.214533883, 348.072000000]: Footprint model 'polygon' loaded for trajectory optimization.
[INFO] [1783864077.819710421, 348.672000000]: Footprint model 'polygon' loaded for trajectory optimization.
[INFO] [1783864078.419432022, 349.272000000]: Footprint model 'polygon' loaded for trajectory optimization.
[INFO] [1783864078.970839280, 349.822000000]: Footprint model 'polygon' loaded for trajectory optimization.
[INFO] [1783864079.572056779, 350.422000000]: Footprint model 'polygon' loaded for trajectory optimization.
[INFO] [1783864080.170750375, 351.020000000]: Footprint model 'polygon' loaded for trajectory optimization.
[INFO] [1783864080.773046527, 351.622000000]: Footprint model 'polygon' loaded for trajectory optimization.
[INFO] [1783864081.371585657, 352.222000000]: Footprint model 'polygon' loaded for trajectory optimization.
[INFO] [1783864081.973290503, 352.822000000]: Footprint model 'polygon' loaded for trajectory optimization.
[INFO] [1783864082.573930568, 353.418000000]: Footprint model 'polygon' loaded for trajectory optimization.
[INFO] [1783864083.174990960, 354.020000000]: Footprint model 'polygon' loaded for trajectory optimization.
[INFO] [1783864083.772134851, 354.616000000]: Footprint model 'polygon' loaded for trajectory optimization.
[INFO] [1783864084.374440214, 355.218000000]: Footprint model 'polygon' loaded for trajectory optimization.
[INFO] [1783864086.567524583, 357.406000000]: GOAL Reached!
[INFO] [1783864086.703837379, 357.544000000]: Footprint model 'polygon' loaded for trajectory[WARN] [1783864111.686008234, 382.488000000]: TebLocalPlannerROS: possible oscillation (of the robot or its local plan) detected. Activating recovery strategy (prefer current turning direction during optimization).
 optimization.
[INFO] [1783864087.566387787, 358.404000000]: Footprint model 'polygon' loaded for trajectory optimization.
[INFO] [1783864088.125780774, 358.962000000]: Footprint model 'polygon' loaded for trajectory optimization.
[INFO] [1783864088.722914163, 359.560000000]: Footprint model 'polygon' loaded for trajectory optimization.
[INFO] [1783864089.322439870, 360.158000000]: Footprint model 'polygon' loaded for trajectory optimization.
[INFO] [1783864089.925127918, 360.760000000]: Footprint model 'polygon' loaded for trajectory optimization.
[INFO] [1783864090.527385923, 361.360000000]: Footprint model 'polygon' loaded for trajectory optimization.
[INFO] [1783864091.172757005, 362.004000000]: Footprint model 'polygon' loaded for trajectory optimization.
[INFO] [1783864091.730227536, 362.560000000]: Footprint model 'polygon' loaded for trajectory optimization.
[INFO] [1783864091.813191011, 362.644000000]: TebLocalPlannerROS: oscillation recovery disabled/expired.
[INFO] [1783864092.375686629, 363.204000000]: Footprint model 'polygon' loaded for trajectory optimization.
[INFO] [1783864094.117037412, 364.944000000]: GOAL Reached!
[INFO] [1783864094.264935295, 365.092000000]: Footprint model 'polygon' loaded for trajectory optimization.
[INFO] [1783864095.140017251, 365.964000000]: Footprint model 'polygon' loaded for trajectory optimization.
[INFO] [1783864095.686198281, 366.512000000]: Footprint model 'polygon' loaded for trajectory optimization.
[INFO] [1783864096.347149529, 367.170000000]: Footprint model 'polygon' loaded for trajectory optimization.
[INFO] [1783864096.940366227, 367.762000000]: Footprint model 'polygon' loaded for trajectory optimization.
[INFO] [1783864097.545303183, 368.366000000]: Footprint model 'polygon' loaded for trajectory optimization.
[INFO] [1783864098.140673998, 368.960000000]: Footprint model 'polygon' loaded for trajectory optimization.
[INFO] [1783864098.743739091, 369.562000000]: Footprint model 'polygon' loaded for trajectory optimization.
[INFO] [1783864099.345872551, 370.164000000]: Footprint model 'polygon' loaded for trajectory optimization.
[INFO] [1783864102.962702522, 373.776000000]: Footprint model 'polygon' loaded for trajectory optimization.
[INFO] [1783864103.596923516, 374.408000000]: Footprint model 'polygon' loaded for trajectory optimization.
[INFO] [1783864104.198095364, 375.008000000]: Footprint model 'polygon' loaded for trajectory optimization.
[INFO] [1783864104.851256445, 375.662000000]: Footprint model 'polygon' loaded for trajectory optimization.
[INFO] [1783864105.395626981, 376.208000000]: Footprint model 'polygon' loaded for trajectory optimization.
[INFO] [1783864106.045765921, 376.854000000]: Footprint model 'polygon' loaded for trajectory optimization.
[INFO] [1783864106.650989442, 377.458000000]: Footprint model 'polygon' loaded for trajectory optimization.
[INFO] [1783864107.202808145, 378.012000000]: Footprint model 'polygon' loaded for trajectory optimization.
[INFO] [1783864107.801920425, 378.608000000]: Footprint model 'polygon' loaded for trajectory optimization.
[INFO] [1783864108.400556593, 379.206000000]: Footprint model 'polygon' loaded for trajectory optimization.
[INFO] [1783864109.056645195, 379.860000000]: Footprint model 'polygon' loaded for trajectory optimization.
[INFO] [1783864109.602927817, 380.406000000]: Footprint model 'polygon' loaded for trajectory optimization.
[INFO] [1783864110.210016837, 381.010000000]: Footprint model 'polygon' loaded for trajectory optimization.
[INFO] [1783864110.806672886, 381.608000000]: Footprint model 'polygon' loaded for trajectory optimization.
[INFO] [1783864111.409140400, 382.210000000]: Footprint model 'polygon' loaded for trajectory optimization.
[INFO] [1783864112.005093327, 382.806000000]: Footprint model 'polygon' loaded for trajectory optimization.
[INFO] [1783864112.663098564, 383.462000000]: Footprint model 'polygon' loaded for trajectory optimization.
[INFO] [1783864113.259341213, 384.056000000]: Footprint model 'polygon' loaded for trajectory optimization.
[INFO] [1783864113.861615878[ERROR] [1783864119.698712868, 390.488000000]: Aborting because the robot appears to be oscillating over and over. Even after executing all recovery behaviors
[WARN] [1783864120.148266936, 390.936000000]: The origin for the sensor at (7.26, 0.01) is out of map bounds. So, the costmap cannot raytrace for it.
, 384.658000000]: Footprint model 'polygon' loaded for trajectory optimization.
[INFO] [1783864114.469307141, 385.264000000]: Footprint model 'polygon' loaded for trajectory optimization.
[INFO] [1783864115.055622334, 385.850000000]: Footprint model 'polygon' loaded for trajectory optimization.
[INFO] [1783864115.665462058, 386.460000000]: Footprint model 'polygon' loaded for trajectory optimization.
[INFO] [1783864116.215525494, 387.008000000]: Footprint model 'polygon' loaded for trajectory optimization.
[INFO] [1783864116.867108111, 387.660000000]: Footprint model 'polygon' loaded for trajectory optimization.
[INFO] [1783864117.418439460, 388.208000000]: Footprint model 'polygon' loaded for trajectory optimization.
[INFO] [1783864118.068118870, 388.858000000]: Footprint model 'polygon' loaded for trajectory optimization.
[INFO] [1783864118.674748333, 389.464000000]: Footprint model 'polygon' loaded for trajectory optimization.
[INFO] [1783864119.266787129, 390.052000000]: Footprint model 'polygon' loaded for trajectory optimization.
[INFO] [1783864120.001724157, 390.788000000]: Footprint model 'polygon' loaded for trajectory optimization.
[INFO] [1783864120.878779324, 391.664000000]: Footprint model 'polygon' loaded for trajectory optimization.
[INFO] [1783864121.486534310, 392.268000000]: Footprint model 'polygon' loaded for trajectory optimization.
[INFO] [1783864122.085115213, 392.868000000]: Footprint model 'polygon' loaded for trajectory optimization.
[INFO] [1783864122.685988842, 393.470000000]: Footprint model 'polygon' loaded for trajectory optimization.
[INFO] [1783864123.285514361, 394.068000000]: Footprint model 'polygon' loaded for trajectory optimization.
[INFO] [1783864123.842755647, 394.622000000]: Footprint model 'polygon' loaded for trajectory optimization.
[INFO] [1783864124.441652388, 395.220000000]: Footprint model 'polygon' loaded for trajectory optimization.
[INFO] [1783864125.087840012, 395.864000000]: Footprint model 'polygon' loaded for trajectory optimization.
[INFO] [1783864125.690201036, 396.466000000]: Footprint model 'polygon' loaded for trajectory optimization.
[INFO] [1783864126.242917071, 397.018000000]: Footprint model 'polygon' loaded for trajectory optimization.
[INFO] [1783864126.891081892, 397.668000000]: Footprint model 'polygon' loaded for trajectory optimization.
[INFO] [1783864127.489890911, 398.266000000]: Footprint model 'polygon' loaded for trajectory optimization.
[INFO] [1783864128.042796353, 398.818000000]: Footprint model 'polygon' loaded for trajectory optimization.
[INFO] [1783864128.692141467, 399.464000000]: Footprint model 'polygon' loaded for trajectory optimization.
[INFO] [1783864130.434604541, 401.204000000]: GOAL Reached!
[INFO] [1783864130.593884399, 401.362000000]: Footprint model 'polygon' loaded for trajectory optimization.
[INFO] [1783864131.476492339, 402.244000000]: Footprint model 'polygon' loaded for trajectory optimization.
[INFO] [1783864132.075548770, 402.844000000]: Footprint model 'polygon' loaded for trajectory optimization.
[INFO] [1783864132.623822452, 403.390000000]: Footprint model 'polygon' loaded for trajectory optimization.
[INFO] [1783864132.909823236, 403.674000000]: TebLocalPlannerROS: oscillation recovery disabled/expired.
[INFO] [1783864133.273557187, 404.038000000]: Footprint model 'polygon' loaded for trajectory optimization.
[INFO] [1783864133.875294750, 404.640000000]: Footprint model 'polygon' loaded for trajectory optimization.
[INFO] [1783864134.426117708, 405.188000000]: Footprint model 'polygon' loaded for trajectory optimization.
[INFO] [1783864135.027841967, 405.788000000]: Footprint model 'polygon' loaded for trajectory optimization.
[INFO] [1783864135.679474419, 406.438000000]: Footprint model 'polygon' loaded for trajectory optimization.
[INFO] [1783864136.275951512, 407.036000000]: Footprint model 'polygon' loaded for trajectory optimization.
[INFO] [1783864138.119579343, 408.874000000]: GOAL Reached!
[INFO] [1783864138.258545686, 409.016000000]: Footprint model 'polygon' loaded for trajectory optimization.
[INFO] [1783864139.146297285, 409.902000000]: Footprint model 'polygon' loaded for trajectory optimization.
[INFO] [1783864139.717736236, 410.472000000]: Footprint model 'polygon' loaded for trajectory optimization.
[INFO] [1783864140.293856093, 411.050000000]: Footprint model 'polygon' loaded for trajectory optimization.
[INFO] [1783864140.950131014, 411.700000000]: Footprint model 'polygon' loaded for trajectory optimization.
[INFO] [1783864141.549427225, 412.300000000]: Footprint model 'polygon' loaded for trajectory optimization.
[INFO] [1783864142.098676051, 412.848000000]: Footprint model 'polygon' loaded for trajectory optimization.
[INFO] [1783864142.748805883, 413.496000000]: Footprint model 'polygon' loaded for trajectory optimization.
[INFO] [1783864143.343578796, 414.092000000]: Footprint model 'polygon' loaded for trajectory optimization.
[INFO] [1783864145.184573105, 415.930000000]: GOAL Reached!
[INFO] [1783864145.325130029, 416.070000000]: Footprint model 'polygon' loaded for trajectory optimization.
[INFO] [1783864146.182012475, 416.922000000]: Footprint model 'polygon' loaded for trajectory optimization.
[INFO] [1783864146.786032147, 417.526000000]: Footprint model 'polygon' loaded for trajectory optimization.
[INFO] [1783864147.386749579, 418.124000000]: Footprint model 'polygon' loaded for trajectory optimization.
[INFO] [1783864147.941066098, 418.678000000]: Footprint model 'polygon' loaded for trajectory optimization.
[INFO] [1783864148.589077894, 419.326000000]: Footprint model 'polygon' loaded for trajectory optimization.
[INFO] [1783864149.187508215, 419.922000000]: Footprint model 'polygon' loaded for trajectory optimization.
[INFO] [1783864149.738913740, 420.474000000]: Footprint model 'polygon' loaded for trajectory optimization.
[INFO] [1783864150.391542202, 421.124000000]: Footprint model 'polygon' loaded for trajectory optimization.
[INFO] [1783864152.029383718, 422.762000000]: GOAL Reached!
[INFO] [1783864152.139172952, 422.872000000]: Footprint model 'polygon' loaded for trajectory optimization.
[INFO] [1783864153.034301523, 423.764000000]: Footprint model 'polygon' loaded for trajectory optimization.
[INFO] [1783864153.572108442, 424.300000000]: Footprint model 'polygon' loaded for trajectory optimization.
[INFO] [1783864154.223864858, 424.952000000]: Footprint model 'polygon' loaded for trajectory optimization.
[INFO] [1783864154.820245754, 425.548000000]: Footprint model 'polygon' loaded for trajectory optimization.
[INFO] [1783864155.370721939, 426.098000000]: Footprint model 'polygon' loaded for trajectory optimization.
[INFO] [1783864156.022349653, 426.746000000]: Footprint model 'polygon' loaded for trajectory optimization.
[INFO] [1783864156.623503996, 427.346000000]: Footprint model 'polygon' loaded for trajectory optimization.
[INFO] [1783864157.223585632, 427.946000000]: Footprint model 'polygon' loaded for trajectory optimization.
[INFO] [1783864157.771602533, 428.496000000]: Footprint model 'polygon' loaded for trajectory optimization.
[INFO] [1783864158.424944737, 429.146000000]: Footprint model 'polygon' loaded for trajectory optimization.
[INFO] [1783864159.863357094, 430.582000000]: GOAL Reached!
[INFO] [1783864160.003578728, 430.722000000]: Footprint model 'polygon' loaded for trajectory optimization.
[INFO] [1783864160.888006710, 431.604000000]: Footprint model 'polygon' loaded for trajectory optimization.
[INFO] [1783864161.571699075, 432.288000000]: Footprint model 'polygon' loaded for trajectory optimization.
[INFO] [1783864162.120066959, 432.836000000]: Footprint model 'polygon' loaded for trajectory optimization.
[INFO] [1783864162.771256971, 433.484000000]: Footprint model 'polygon' loaded for trajectory optimization.
[INFO] [1783864163.325357021, 434.038000000]: Footprint model 'polygon' loaded for trajectory optimization.
[INFO] [1783864163.972655469, 434.684000000]: Footprint model 'polygon' loaded for trajectory optimization.
[INFO] [1783864164.523532429, 435.236000000]: Footprint model 'polygon' loaded for trajectory optimization.
[INFO] [1783864168.174175718, 438.88200[WARN] [1783864172.820405839, 443.516000000]: TebLocalPlannerROS: possible oscillation (of the robot or its local plan) detected. Activating recovery strategy (prefer current turning direction during optimization).
[WARN] [1783864186.640567094, 457.316000000]: TebLocalPlannerROS: possible oscillation (of the robot or its local plan) detected. Activating recovery strategy (prefer current turning direction during optimization).
0000]: Footprint model 'polygon' loaded for trajectory optimization.
[INFO] [1783864168.731457015, 439.436000000]: Footprint model 'polygon' loaded for trajectory optimization.
[INFO] [1783864169.377589381, 440.080000000]: Footprint model 'polygon' loaded for trajectory optimization.
[INFO] [1783864169.931509751, 440.632000000]: Footprint model 'polygon' loaded for trajectory optimization.
[INFO] [1783864170.585875727, 441.286000000]: Footprint model 'polygon' loaded for trajectory optimization.
[INFO] [1783864174.146596458, 444.840000000]: Footprint model 'polygon' loaded for trajectory optimization.
[INFO] [1783864174.806347254, 445.500000000]: Footprint model 'polygon' loaded for trajectory optimization.
[INFO] [1783864175.404338832, 446.094000000]: Footprint model 'polygon' loaded for trajectory optimization.
[INFO] [1783864176.003089599, 446.696000000]: Footprint model 'polygon' loaded for trajectory optimization.
[INFO] [1783864176.605043777, 447.294000000]: Footprint model 'polygon' loaded for trajectory optimization.
[INFO] [1783864177.153395795, 447.846000000]: Footprint model 'polygon' loaded for trajectory optimization.
[INFO] [1783864177.758846445, 448.448000000]: Footprint model 'polygon' loaded for trajectory optimization.
[INFO] [1783864178.417394984, 449.108000000]: Footprint model 'polygon' loaded for trajectory optimization.
[INFO] [1783864179.009884381, 449.700000000]: Footprint model 'polygon' loaded for trajectory optimization.
[INFO] [1783864179.555682069, 450.242000000]: Footprint model 'polygon' loaded for trajectory optimization.
[INFO] [1783864180.164629479, 450.848000000]: Footprint model 'polygon' loaded for trajectory optimization.
[INFO] [1783864180.768435555, 451.452000000]: Footprint model 'polygon' loaded for trajectory optimization.
[INFO] [1783864181.366366466, 452.050000000]: Footprint model 'polygon' loaded for trajectory optimization.
[INFO] [1783864182.014769513, 452.698000000]: Footprint model 'polygon' loaded for trajectory optimization.
[INFO] [1783864182.556366763, 453.238000000]: Footprint model 'polygon' loaded for trajectory optimization.
[INFO] [1783864183.212008353, 453.892000000]: Footprint model 'polygon' loaded for trajectory optimization.
[INFO] [1783864183.736790495, 454.416000000]: TebLocalPlannerROS: oscillation recovery disabled/expired.
[INFO] [1783864183.756306951, 454.434000000]: Footprint model 'polygon' loaded for trajectory optimization.
[INFO] [1783864184.373908657, 455.052000000]: Footprint model 'polygon' loaded for trajectory optimization.
[INFO] [1783864185.018496093, 455.694000000]: Footprint model 'polygon' loaded for trajectory optimization.
[INFO] [1783864185.560266836, 456.236000000]: Footprint model 'polygon' loaded for trajectory optimization.
[INFO] [1783864186.218103598, 456.894000000]: Footprint model 'polygon' loaded for trajectory optimization.
[INFO] [1783864186.814172372, 457.488000000]: Footprint model 'polygon' loaded for trajectory optimization.
[INFO] [1783864187.420365627, 458.092000000]: Footprint model 'polygon' loaded for trajectory optimization.
[INFO] [1783864187.964186168, 458.636000000]: Footprint model 'polygon' loaded for trajectory optimization.
[INFO] [1783864188.617640738, 459.288000000]: Footprint model 'polygon' loaded for trajectory optimization.
[INFO] [1783864189.163433667, 459.836000000]: Footprint model 'polygon' loaded for trajectory optimization.
[INFO] [1783864189.763973903, 460.436000000]: Footprint model 'polygon' loaded for trajectory optimization.
[INFO] [1783864190.370240016, 461.038000000]: Footprint model 'polygon' loaded for trajectory optimization.
[INFO] [1783864191.017845746, 461.686000000]: Footprint model 'polygon' loaded for trajectory optimization.
[INFO] [1783864194.582229860, 465.242000000]: Footprint model 'polygon' loaded for trajectory optimization.
[INFO] [1783864195.229214679, 465.890000000]: Footprint model 'polygon' loaded for trajectory optimization.
[INFO] [1783864195.824475554, 466.484000000]: Footprint model 'polygon' loaded for trajectory optimization.
[INFO] [1783864196.423759777, 467.[WARN] [1783864200.464631721, 471.116000000]: TebLocalPlannerROS: possible oscillation (of the robot or its local plan) detected. Activating recovery strategy (prefer current turning direction during optimization).
082000000]: Footprint model 'polygon' loaded for trajectory optimization.
[INFO] [1783864197.025497526, 467.684000000]: Footprint model 'polygon' loaded for trajectory optimization.
[INFO] [1783864197.557055425, 468.216000000]: TebLocalPlannerROS: oscillation recovery disabled/expired.
[INFO] [1783864197.629435252, 468.288000000]: Footprint model 'polygon' loaded for trajectory optimization.
[INFO] [1783864198.225553589, 468.884000000]: Footprint model 'polygon' loaded for trajectory optimization.
[INFO] [1783864201.791496719, 472.440000000]: Footprint model 'polygon' loaded for trajectory optimization.
[INFO] [1783864202.449003908, 473.098000000]: Footprint model 'polygon' loaded for trajectory optimization.
[INFO] [1783864203.042033125, 473.690000000]: Footprint model 'polygon' loaded for trajectory optimization.
[INFO] [1783864203.596789482, 474.244000000]: Footprint model 'polygon' loaded for trajectory optimization.
[INFO] [1783864204.254756964, 474.900000000]: Footprint model 'polygon' loaded for trajectory optimization.
[INFO] [1783864204.795620974, 475.440000000]: Footprint model 'polygon' loaded for trajectory optimization.
[INFO] [1783864205.456174058, 476.098000000]: Footprint model 'polygon' loaded for trajectory optimization.
[INFO] [1783864206.054743395, 476.698000000]: Footprint model 'polygon' loaded for trajectory optimization.
[INFO] [1783864206.602393742, 477.244000000]: Footprint model 'polygon' loaded for trajectory optimization.
[INFO] [1783864207.260457814, 477.900000000]: Footprint model 'polygon' loaded for trajectory optimization.
[INFO] [1783864207.859108429, 478.496000000]: Footprint model 'polygon' loaded for trajectory optimization.
[INFO] [1783864208.456414204, 479.096000000]: Footprint model 'polygon' loaded for trajectory optimization.
[INFO] [1783864209.230770579, 479.870000000]: Footprint model 'polygon' loaded for trajectory optimization.
[INFO] [1783864210.126880344, 480.764000000]: Footprint model 'polygon' loaded for trajectory optimization.
[INFO] [1783864210.659702479, 481.298000000]: Footprint model 'polygon' loaded for trajectory optimization.
[INFO] [1783864211.265064736, 481.898000000]: Footprint model 'polygon' loaded for trajectory optimization.
[INFO] [1783864211.448498189, 482.084000000]: TebLocalPlannerROS: oscillation recovery disabled/expired.
[INFO] [1783864211.910547059, 482.544000000]: Footprint model 'polygon' loaded for trajectory optimization.
[INFO] [1783864212.514125241, 483.146000000]: Footprint model 'polygon' loaded for trajectory optimization.
[INFO] [1783864213.067756817, 483.698000000]: Footprint model 'polygon' loaded for trajectory optimization.
[INFO] [1783864213.713452929, 484.346000000]: Footprint model 'polygon' loaded for trajectory optimization.
[INFO] [1783864214.317153800, 484.946000000]: Footprint model 'polygon' loaded for trajectory optimization.
[INFO] [1783864214.866973797, 485.496000000]: Footprint model 'polygon' loaded for trajectory optimization.
[INFO] [1783864216.555772800, 487.184000000]: GOAL Reached!
[INFO] [1783864216.700043719, 487.328000000]: Footprint model 'polygon' loaded for trajectory optimization.
[INFO] [1783864217.559896357, 488.184000000]: Footprint model 'polygon' loaded for trajectory optimization.
[INFO] [1783864218.162782707, 488.784000000]: Footprint model 'polygon' loaded for trajectory optimization.
[INFO] [1783864218.711949067, 489.336000000]: Footprint model 'polygon' loaded for trajectory optimization.
[INFO] [1783864219.360003332, 489.982000000]: Footprint model 'polygon' loaded for trajectory optimization.
[INFO] [1783864219.932676980, 490.556000000]: Footprint model 'polygon' loaded for trajectory optimization.
[INFO] [1783864220.563832037, 491.182000000]: Footprint model 'polygon' loaded for trajectory optimization.
[INFO] [1783864221.115201416, 491.734000000]: Footprint model 'polygon' loaded for trajectory optimization.
[INFO] [1783864221.717789910, 492.334000000]: Footprint model 'polygon' loaded for trajectory optimization.
[INFO] [1783864222.316316782, 492.930000000]: Footprint model 'polygon' loaded f[WARN] [1783864237.650865915, 508.242000000]: TebLocalPlannerROS: possible oscillation (of the robot or its local plan) detected. Activating recovery strategy (prefer current turning direction during optimization).
or trajectory optimization.
[INFO] [1783864224.105072903, 494.720000000]: GOAL Reached!
[INFO] [1783864224.232386819, 494.844000000]: Footprint model 'polygon' loaded for trajectory optimization.
[INFO] [1783864225.113542592, 495.724000000]: Footprint model 'polygon' loaded for trajectory optimization.
[INFO] [1783864225.654015055, 496.264000000]: Footprint model 'polygon' loaded for trajectory optimization.
[INFO] [1783864226.257895435, 496.868000000]: Footprint model 'polygon' loaded for trajectory optimization.
[INFO] [1783864226.902850231, 497.512000000]: Footprint model 'polygon' loaded for trajectory optimization.
[INFO] [1783864227.507536608, 498.116000000]: Footprint model 'polygon' loaded for trajectory optimization.
[INFO] [1783864228.100130144, 498.708000000]: Footprint model 'polygon' loaded for trajectory optimization.
[INFO] [1783864228.709490740, 499.314000000]: Footprint model 'polygon' loaded for trajectory optimization.
[INFO] [1783864229.309856289, 499.914000000]: Footprint model 'polygon' loaded for trajectory optimization.
[INFO] [1783864232.865885026, 503.464000000]: Footprint model 'polygon' loaded for trajectory optimization.
[INFO] [1783864233.513050447, 504.112000000]: Footprint model 'polygon' loaded for trajectory optimization.
[INFO] [1783864234.066229319, 504.662000000]: Footprint model 'polygon' loaded for trajectory optimization.
[INFO] [1783864234.713385615, 505.312000000]: Footprint model 'polygon' loaded for trajectory optimization.
[INFO] [1783864235.267028894, 505.862000000]: Footprint model 'polygon' loaded for trajectory optimization.
[INFO] [1783864235.923953104, 506.518000000]: Footprint model 'polygon' loaded for trajectory optimization.
[INFO] [1783864239.527820185, 510.118000000]: Footprint model 'polygon' loaded for trajectory optimization.
[INFO] [1783864240.084856144, 510.674000000]: Footprint model 'polygon' loaded for trajectory optimization.
[INFO] [1783864240.689203266, 511.278000000]: Footprint model 'polygon' loaded for trajectory optimization.
[INFO] [1783864241.342172422, 511.932000000]: Footprint model 'polygon' loaded for trajectory optimization.
[INFO] [1783864241.931365420, 512.518000000]: Footprint model 'polygon' loaded for trajectory optimization.
[INFO] [1783864242.490830520, 513.076000000]: Footprint model 'polygon' loaded for trajectory optimization.
[INFO] [1783864243.149538771, 513.734000000]: Footprint model 'polygon' loaded for trajectory optimization.
[INFO] [1783864243.742030523, 514.324000000]: Footprint model 'polygon' loaded for trajectory optimization.
[INFO] [1783864244.296249779, 514.878000000]: Footprint model 'polygon' loaded for trajectory optimization.
[INFO] [1783864244.947024510, 515.530000000]: Footprint model 'polygon' loaded for trajectory optimization.
[INFO] [1783864245.489336811, 516.070000000]: Footprint model 'polygon' loaded for trajectory optimization.
[INFO] [1783864246.149448637, 516.728000000]: Footprint model 'polygon' loaded for trajectory optimization.
[INFO] [1783864246.739869233, 517.318000000]: Footprint model 'polygon' loaded for trajectory optimization.
[INFO] [1783864247.290349359, 517.870000000]: Footprint model 'polygon' loaded for trajectory optimization.
[INFO] [1783864247.941064203, 518.520000000]: Footprint model 'polygon' loaded for trajectory optimization.
[INFO] [1783864248.501673843, 519.078000000]: Footprint model 'polygon' loaded for trajectory optimization.
[INFO] [1783864248.565486787, 519.142000000]: TebLocalPlannerROS: oscillation recovery disabled/expired.
[INFO] [1783864249.147987181, 519.722000000]: Footprint model 'polygon' loaded for trajectory optimization.
[INFO] [1783864249.742020064, 520.318000000]: Footprint model 'polygon' loaded for trajectory optimization.
[INFO] [1783864250.349947417, 520.922000000]: Footprint model 'polygon' loaded for trajectory optimization.
[INFO] [1783864250.945813234, 521.518000000]: Footprint model 'polygon' loaded for trajectory optimization.
[INFO] [1783864251.495738080, 522.068000000]: Footprint model 'polygon' loaded for trajectory optimization.
[INFO] [1783864[WARN] [1783864252.772749856, 523.342000000]: TebLocalPlannerROS: possible oscillation (of the robot or its local plan) detected. Activating recovery strategy (prefer current turning direction during optimization).
[WARN] [1783864267.597754748, 538.142000000]: TebLocalPlannerROS: possible oscillation (of the robot or its local plan) detected. Activating recovery strategy (prefer current turning direction during optimization).
252.099887782, 522.672000000]: Footprint model 'polygon' loaded for trajectory optimization.
[INFO] [1783864252.752747805, 523.322000000]: Footprint model 'polygon' loaded for trajectory optimization.
[INFO] [1783864253.294770699, 523.864000000]: Footprint model 'polygon' loaded for trajectory optimization.
[INFO] [1783864253.955918776, 524.522000000]: Footprint model 'polygon' loaded for trajectory optimization.
[INFO] [1783864254.546912748, 525.116000000]: Footprint model 'polygon' loaded for trajectory optimization.
[INFO] [1783864255.149348197, 525.716000000]: Footprint model 'polygon' loaded for trajectory optimization.
[INFO] [1783864255.757622770, 526.324000000]: Footprint model 'polygon' loaded for trajectory optimization.
[INFO] [1783864256.345487346, 526.910000000]: Footprint model 'polygon' loaded for trajectory optimization.
[INFO] [1783864256.957235898, 527.520000000]: Footprint model 'polygon' loaded for trajectory optimization.
[INFO] [1783864257.555594381, 528.118000000]: Footprint model 'polygon' loaded for trajectory optimization.
[INFO] [1783864258.106216538, 528.666000000]: Footprint model 'polygon' loaded for trajectory optimization.
[INFO] [1783864261.763461539, 532.320000000]: Footprint model 'polygon' loaded for trajectory optimization.
[INFO] [1783864262.359415468, 532.916000000]: Footprint model 'polygon' loaded for trajectory optimization.
[INFO] [1783864262.962606301, 533.516000000]: Footprint model 'polygon' loaded for trajectory optimization.
[INFO] [1783864263.505900915, 534.058000000]: Footprint model 'polygon' loaded for trajectory optimization.
[INFO] [1783864263.688694095, 534.242000000]: TebLocalPlannerROS: oscillation recovery disabled/expired.
[INFO] [1783864264.158475187, 534.712000000]: Footprint model 'polygon' loaded for trajectory optimization.
[INFO] [1783864264.758466053, 535.308000000]: Footprint model 'polygon' loaded for trajectory optimization.
[INFO] [1783864265.358320391, 535.908000000]: Footprint model 'polygon' loaded for trajectory optimization.
[INFO] [1783864268.927681972, 539.472000000]: Footprint model 'polygon' loaded for trajectory optimization.
[INFO] [1783864269.589315072, 540.132000000]: Footprint model 'polygon' loaded for trajectory optimization.
[INFO] [1783864270.179370683, 540.722000000]: Footprint model 'polygon' loaded for trajectory optimization.
[INFO] [1783864270.783809664, 541.324000000]: Footprint model 'polygon' loaded for trajectory optimization.
[INFO] [1783864271.385262987, 541.924000000]: Footprint model 'polygon' loaded for trajectory optimization.
[INFO] [1783864271.934818384, 542.472000000]: Footprint model 'polygon' loaded for trajectory optimization.
[INFO] [1783864272.591420653, 543.130000000]: Footprint model 'polygon' loaded for trajectory optimization.
[INFO] [1783864273.261727442, 543.798000000]: Footprint model 'polygon' loaded for trajectory optimization.
[INFO] [1783864274.125543214, 544.662000000]: Footprint model 'polygon' loaded for trajectory optimization.
[INFO] [1783864274.713882831, 545.250000000]: Footprint model 'polygon' loaded for trajectory optimization.
[INFO] [1783864275.270964598, 545.804000000]: Footprint model 'polygon' loaded for trajectory optimization.
[INFO] [1783864275.867445648, 546.402000000]: Footprint model 'polygon' loaded for trajectory optimization.
[INFO] [1783864276.471263917, 547.004000000]: Footprint model 'polygon' loaded for trajectory optimization.
[INFO] [1783864277.071844817, 547.602000000]: Footprint model 'polygon' loaded for trajectory optimization.
[INFO] [1783864277.720535153, 548.250000000]: Footprint model 'polygon' loaded for trajectory optimization.
[INFO] [1783864278.273194194, 548.802000000]: Footprint model 'polygon' loaded for trajectory optimization.
[INFO] [1783864278.559255943, 549.088000000]: TebLocalPlannerROS: oscillation recovery disabled/expired.
[INFO] [1783864278.920985726, 549.448000000]: Footprint model 'polygon' loaded for trajectory optimization.
[INFO] [1783864279.472183091, 550.000000000]: Footprint model 'polygon' loaded for trajectory optimization.
[INFO] [17838[WARN] [1783864307.811661087, 578.290000000]: TebLocalPlannerROS: possible oscillation (of the robot or its local plan) detected. Activating recovery strategy (prefer current turning direction during optimization).
64280.070177621, 550.600000000]: Footprint model 'polygon' loaded for trajectory optimization.
[INFO] [1783864280.673921554, 551.200000000]: Footprint model 'polygon' loaded for trajectory optimization.
[INFO] [1783864282.967635798, 553.488000000]: GOAL Reached!
[INFO] [1783864283.105813614, 553.626000000]: Footprint model 'polygon' loaded for trajectory optimization.
[INFO] [1783864283.984144226, 554.502000000]: Footprint model 'polygon' loaded for trajectory optimization.
[INFO] [1783864284.539408671, 555.058000000]: Footprint model 'polygon' loaded for trajectory optimization.
[INFO] [1783864285.136589862, 555.654000000]: Footprint model 'polygon' loaded for trajectory optimization.
[INFO] [1783864285.786256410, 556.302000000]: Footprint model 'polygon' loaded for trajectory optimization.
[INFO] [1783864286.338702966, 556.852000000]: Footprint model 'polygon' loaded for trajectory optimization.
[INFO] [1783864286.985925514, 557.500000000]: Footprint model 'polygon' loaded for trajectory optimization.
[INFO] [1783864287.590361843, 558.102000000]: Footprint model 'polygon' loaded for trajectory optimization.
[INFO] [1783864288.137928533, 558.648000000]: Footprint model 'polygon' loaded for trajectory optimization.
[INFO] [1783864288.735853283, 559.250000000]: Footprint model 'polygon' loaded for trajectory optimization.
[INFO] [1783864290.330061384, 560.838000000]: GOAL Reached!
[INFO] [1783864290.487341856, 560.996000000]: Footprint model 'polygon' loaded for trajectory optimization.
[INFO] [1783864291.356926267, 561.864000000]: Footprint model 'polygon' loaded for trajectory optimization.
[INFO] [1783864291.961980642, 562.472000000]: Footprint model 'polygon' loaded for trajectory optimization.
[INFO] [1783864292.556390457, 563.060000000]: Footprint model 'polygon' loaded for trajectory optimization.
[INFO] [1783864293.156346898, 563.662000000]: Footprint model 'polygon' loaded for trajectory optimization.
[INFO] [1783864293.759738131, 564.262000000]: Footprint model 'polygon' loaded for trajectory optimization.
[INFO] [1783864294.370814854, 564.872000000]: Footprint model 'polygon' loaded for trajectory optimization.
[INFO] [1783864294.961842755, 565.464000000]: Footprint model 'polygon' loaded for trajectory optimization.
[INFO] [1783864295.514395358, 566.014000000]: Footprint model 'polygon' loaded for trajectory optimization.
[INFO] [1783864299.181129167, 569.676000000]: Footprint model 'polygon' loaded for trajectory optimization.
[INFO] [1783864299.867782286, 570.360000000]: Footprint model 'polygon' loaded for trajectory optimization.
[INFO] [1783864300.466155142, 570.958000000]: Footprint model 'polygon' loaded for trajectory optimization.
[INFO] [1783864301.065422505, 571.556000000]: Footprint model 'polygon' loaded for trajectory optimization.
[INFO] [1783864301.620768524, 572.112000000]: Footprint model 'polygon' loaded for trajectory optimization.
[INFO] [1783864302.224472802, 572.714000000]: Footprint model 'polygon' loaded for trajectory optimization.
[INFO] [1783864302.875919503, 573.364000000]: Footprint model 'polygon' loaded for trajectory optimization.
[INFO] [1783864303.468532170, 573.956000000]: Footprint model 'polygon' loaded for trajectory optimization.
[INFO] [1783864304.022122287, 574.508000000]: Footprint model 'polygon' loaded for trajectory optimization.
[INFO] [1783864304.672597159, 575.160000000]: Footprint model 'polygon' loaded for trajectory optimization.
[INFO] [1783864305.224882596, 575.708000000]: Footprint model 'polygon' loaded for trajectory optimization.
[INFO] [1783864305.826381368, 576.312000000]: Footprint model 'polygon' loaded for trajectory optimization.
[INFO] [1783864306.480375888, 576.960000000]: Footprint model 'polygon' loaded for trajectory optimization.
[INFO] [1783864307.033900428, 577.516000000]: Footprint model 'polygon' loaded for trajectory optimization.
[INFO] [1783864307.680734416, 578.160000000]: Footprint model 'polygon' loaded for trajectory optimization.
[INFO] [1783864308.232685942, 578.712000000]: Footprint model 'polygon' loaded for trajectory optimiz[ERROR] [1783864313.016445887, 583.490000000]: Aborting because the robot appears to be oscillating over and over. Even after executing all recovery behaviors
[WARN] [1783864313.263671439, 583.736000000]: The origin for the sensor at (7.25, 0.01) is out of map bounds. So, the costmap cannot raytrace for it.
ation.
[INFO] [1783864308.832138636, 579.310000000]: Footprint model 'polygon' loaded for trajectory optimization.
[INFO] [1783864309.479437227, 579.958000000]: Footprint model 'polygon' loaded for trajectory optimization.
[INFO] [1783864310.086125238, 580.564000000]: Footprint model 'polygon' loaded for trajectory optimization.
[INFO] [1783864310.677670667, 581.152000000]: Footprint model 'polygon' loaded for trajectory optimization.
[INFO] [1783864311.256252837, 581.730000000]: Footprint model 'polygon' loaded for trajectory optimization.
[INFO] [1783864311.839424136, 582.314000000]: Footprint model 'polygon' loaded for trajectory optimization.
[INFO] [1783864312.485474382, 582.960000000]: Footprint model 'polygon' loaded for trajectory optimization.
[INFO] [1783864313.208252107, 583.680000000]: Footprint model 'polygon' loaded for trajectory optimization.
[INFO] [1783864314.096180114, 584.564000000]: Footprint model 'polygon' loaded for trajectory optimization.
[INFO] [1783864314.778563379, 585.248000000]: Footprint model 'polygon' loaded for trajectory optimization.
[INFO] [1783864315.379986952, 585.848000000]: Footprint model 'polygon' loaded for trajectory optimization.
[INFO] [1783864315.932235263, 586.398000000]: Footprint model 'polygon' loaded for trajectory optimization.
[INFO] [1783864316.580854975, 587.046000000]: Footprint model 'polygon' loaded for trajectory optimization.
[INFO] [1783864317.133784007, 587.598000000]: Footprint model 'polygon' loaded for trajectory optimization.
[INFO] [1783864317.734249823, 588.198000000]: Footprint model 'polygon' loaded for trajectory optimization.
[INFO] [1783864318.383158933, 588.846000000]: Footprint model 'polygon' loaded for trajectory optimization.
[INFO] [1783864319.824013349, 590.284000000]: GOAL Reached!
[INFO] [1783864319.973091414, 590.432000000]: Footprint model 'polygon' loaded for trajectory optimization.
[INFO] [1783864320.844179227, 591.304000000]: Footprint model 'polygon' loaded for trajectory optimization.
[INFO] [1783864321.384852586, 591.844000000]: Footprint model 'polygon' loaded for trajectory optimization.
[INFO] [1783864321.992421077, 592.448000000]: Footprint model 'polygon' loaded for trajectory optimization.
[INFO] [1783864322.640648000, 593.096000000]: Footprint model 'polygon' loaded for trajectory optimization.
[INFO] [1783864323.193577802, 593.650000000]: Footprint model 'polygon' loaded for trajectory optimization.
[INFO] [1783864323.840707633, 594.296000000]: Footprint model 'polygon' loaded for trajectory optimization.
[INFO] [1783864324.441026060, 594.896000000]: Footprint model 'polygon' loaded for trajectory optimization.
[INFO] [1783864325.044715529, 595.500000000]: Footprint model 'polygon' loaded for trajectory optimization.
[INFO] [1783864325.378451422, 595.832000000]: TebLocalPlannerROS: oscillation recovery disabled/expired.
[INFO] [1783864325.591894031, 596.046000000]: Footprint model 'polygon' loaded for trajectory optimization.
[INFO] [1783864326.195173863, 596.646000000]: Footprint model 'polygon' loaded for trajectory optimization.
[INFO] [1783864326.846706360, 597.296000000]: Footprint model 'polygon' loaded for trajectory optimization.
[INFO] [1783864327.395106893, 597.844000000]: Footprint model 'polygon' loaded for trajectory optimization.
[INFO] [1783864329.285026198, 599.732000000]: GOAL Reached!
[INFO] [1783864329.424550260, 599.870000000]: Footprint model 'polygon' loaded for trajectory optimization.
[INFO] [1783864330.297471627, 600.742000000]: Footprint model 'polygon' loaded for trajectory optimization.
[INFO] [1783864330.890655317, 601.334000000]: Footprint model 'polygon' loaded for trajectory optimization.
[INFO] [1783864331.490672361, 601.934000000]: Footprint model 'polygon' loaded for trajectory optimization.
[INFO] [1783864332.046587052, 602.488000000]: Footprint model 'polygon' loaded for trajectory optimization.
[INFO] [1783864332.693493424, 603.134000000]: Footprint model 'polygon' loaded for trajectory optimization.
[INFO] [1783864333.292320738, 603.734000000]: Footprint model 'polygon' loaded for trajectory optimization.
[INFO] [1783864333.847558041, 604.286000000]: Footprint model 'polygon' loaded for trajectory optimization.
[INFO] [1783864334.493766934, 604.932000000]: Footprint model 'polygon' loaded for trajectory optimization.
[INFO] [1783864338.100397894, 608.532000000]: Footprint model 'polygon' loaded for trajectory optimization.
[INFO] [1783864339.739516577, 610.168000000]: GOAL Reached!
[INFO] [1783864339.897349994, 610.326000000]: Footprint model 'polygon' loaded for trajectory optimization.
[INFO] [1783864340.776213260, 611.202000000]: Footprint model 'polygon' loaded for trajectory optimization.
[INFO] [1783864341.315270750, 611.742000000]: Footprint model 'polygon' loaded for trajectory optimization.
[INFO] [1783864341.963390853, 612.390000000]: Footprint model 'polygon' loaded for trajectory optimization.
[INFO] [1783864342.515407724, 612.940000000]: Footprint model 'polygon' loaded for trajectory optimization.
[INFO] [1783864343.165403215, 613.588000000]: Footprint model 'polygon' loaded for trajectory optimization.
[INFO] [1783864343.765654719, 614.188000000]: Footprint model 'polygon' loaded for trajectory optimization.
[INFO] [1783864344.366397428, 614.788000000]: Footprint model 'polygon' loaded for trajectory optimization.
[INFO] [1783864344.967448310, 615.386000000]: Footprint model 'polygon' loaded for trajectory optimization.
[INFO] [1783864346.507322076, 616.926000000]: GOAL Reached!
[INFO] [1783864346.646632806, 617.066000000]: Footprint model 'polygon' loaded for trajectory optimization.
[INFO] [1783864347.527600162, 617.944000000]: Footprint model 'polygon' loaded for trajectory optimization.
[INFO] [1783864348.065714495, 618.480000000]: Footprint model 'polygon' loaded for trajectory optimization.
[INFO] [1783864348.712643002, 619.126000000]: Footprint model 'polygon' loaded for trajectory optimization.
[INFO] [1783864349.316538391, 619.728000000]: Footprint model 'polygon' loaded for trajectory optimization.
[INFO] [1783864349.914959500, 620.326000000]: Footprint model 'polygon' loaded for trajectory optimization.
[INFO] [1783864350.470578902, 620.882000000]: Footprint model 'polygon' loaded for trajectory optimization.
[INFO] [1783864351.115373479, 621.526000000]: Footprint model 'polygon' loaded for trajectory optimization.
[INFO] [1783864351.668171729, 622.078000000]: Footprint model 'polygon' loaded for trajectory optimization.
[INFO] [1783864352.266820179, 622.676000000]: Footprint model 'polygon' loaded for trajectory optimization.
[INFO] [1783864353.959967591, 624.364000000]: GOAL Reached!
[INFO] [1783864354.103876027, 624.508000000]: Footprint model 'polygon' loaded for trajectory optimization.
[INFO] [1783864354.978530924, 625.382000000]: Footprint model 'polygon' loaded for trajectory optimization.
[INFO] [1783864355.524666856, 625.928000000]: Footprint model 'polygon' loaded for trajectory optimization.
[INFO] [1783864356.172410267, 626.574000000]: Footprint model 'polygon' loaded for trajectory optimization.
[INFO] [1783864356.765980706, 627.166000000]: Footprint model 'polygon' loaded for trajectory optimization.
[INFO] [1783864357.375403871, 627.774000000]: Footprint model 'polygon' loaded for trajectory optimization.
[INFO] [1783864357.924466953, 628.322000000]: Footprint model 'polygon' loaded for trajectory optimization.
[INFO] [1783864358.516305994, 628.918000000]: Footprint model 'polygon' loaded for trajectory optimization.
[INFO] [1783864359.169372448, 629.568000000]: Footprint model 'polygon' loaded for trajectory optimization.
[INFO] [1783864360.708173660, 631.102000000]: GOAL Reached!
[INFO] [1783864360.858848785, 631.254000000]: Footprint model 'polygon' loaded for trajectory optimization.
[INFO] [1783864361.748374915, 632.144000000]: Footprint model 'polygon' loaded for trajectory optimization.
[INFO] [1783864362.387265623, 632.780000000]: Footprint model 'polygon' loaded for trajectory optimization.
[INFO] [1783864363.035197727, 633.428000000]: Footprint model 'polygon' loaded for trajectory optimization.
[INFO] [1783864363.593981248, 633.984000000]: Footpr[WARN] [1783864389.018729743, 659.370000000]: TebLocalPlannerROS: possible oscillation (of the robot or its local plan) detected. Activating recovery strategy (prefer current turning direction during optimization).
int model 'polygon' loaded for trajectory optimization.
[INFO] [1783864364.189708382, 634.578000000]: Footprint model 'polygon' loaded for trajectory optimization.
[INFO] [1783864364.786852185, 635.178000000]: Footprint model 'polygon' loaded for trajectory optimization.
[INFO] [1783864365.438106450, 635.826000000]: Footprint model 'polygon' loaded for trajectory optimization.
[INFO] [1783864366.037080794, 636.424000000]: Footprint model 'polygon' loaded for trajectory optimization.
[INFO] [1783864367.579137888, 637.964000000]: GOAL Reached!
[INFO] [1783864367.736294314, 638.120000000]: Footprint model 'polygon' loaded for trajectory optimization.
[INFO] [1783864368.596832889, 638.984000000]: Footprint model 'polygon' loaded for trajectory optimization.
[INFO] [1783864369.148432579, 639.530000000]: Footprint model 'polygon' loaded for trajectory optimization.
[INFO] [1783864369.750576849, 640.130000000]: Footprint model 'polygon' loaded for trajectory optimization.
[INFO] [1783864370.399722861, 640.778000000]: Footprint model 'polygon' loaded for trajectory optimization.
[INFO] [1783864370.950715460, 641.328000000]: Footprint model 'polygon' loaded for trajectory optimization.
[INFO] [1783864371.552405037, 641.928000000]: Footprint model 'polygon' loaded for trajectory optimization.
[INFO] [1783864372.152425282, 642.528000000]: Footprint model 'polygon' loaded for trajectory optimization.
[INFO] [1783864372.752199647, 643.126000000]: Footprint model 'polygon' loaded for trajectory optimization.
[INFO] [1783864373.403106693, 643.776000000]: Footprint model 'polygon' loaded for trajectory optimization.
[INFO] [1783864375.643165909, 646.014000000]: GOAL Reached!
[INFO] [1783864375.788685650, 646.160000000]: Footprint model 'polygon' loaded for trajectory optimization.
[INFO] [1783864376.678698020, 647.046000000]: Footprint model 'polygon' loaded for trajectory optimization.
[INFO] [1783864377.275432953, 647.642000000]: Footprint model 'polygon' loaded for trajectory optimization.
[INFO] [1783864377.870978941, 648.238000000]: Footprint model 'polygon' loaded for trajectory optimization.
[INFO] [1783864378.477753249, 648.846000000]: Footprint model 'polygon' loaded for trajectory optimization.
[INFO] [1783864379.021520166, 649.386000000]: Footprint model 'polygon' loaded for trajectory optimization.
[INFO] [1783864379.677965411, 650.042000000]: Footprint model 'polygon' loaded for trajectory optimization.
[INFO] [1783864380.275167902, 650.638000000]: Footprint model 'polygon' loaded for trajectory optimization.
[INFO] [1783864380.829509915, 651.190000000]: Footprint model 'polygon' loaded for trajectory optimization.
[INFO] [1783864384.433701513, 654.788000000]: Footprint model 'polygon' loaded for trajectory optimization.
[INFO] [1783864385.086455500, 655.438000000]: Footprint model 'polygon' loaded for trajectory optimization.
[INFO] [1783864385.680407872, 656.032000000]: Footprint model 'polygon' loaded for trajectory optimization.
[INFO] [1783864386.286105406, 656.636000000]: Footprint model 'polygon' loaded for trajectory optimization.
[INFO] [1783864386.888276344, 657.238000000]: Footprint model 'polygon' loaded for trajectory optimization.
[INFO] [1783864390.487582586, 660.834000000]: Footprint model 'polygon' loaded for trajectory optimization.
[INFO] [1783864391.109531777, 661.456000000]: Footprint model 'polygon' loaded for trajectory optimization.
[INFO] [1783864391.699164704, 662.044000000]: Footprint model 'polygon' loaded for trajectory optimization.
[INFO] [1783864392.250218005, 662.594000000]: Footprint model 'polygon' loaded for trajectory optimization.
[INFO] [1783864392.911639875, 663.254000000]: Footprint model 'polygon' loaded for trajectory optimization.
[INFO] [1783864393.510156545, 663.852000000]: Footprint model 'polygon' loaded for trajectory optimization.
[INFO] [1783864394.054526090, 664.396000000]: Footprint model 'polygon' loaded for trajectory optimization.
[INFO] [1783864394.666735964, 665.008000000]: Footprint model 'polygon' loaded for trajectory optimization.
[INFO] [1783864395.315175023, 66[WARN] [1783864403.143351943, 673.470000000]: TebLocalPlannerROS: possible oscillation (of the robot or its local plan) detected. Activating recovery strategy (prefer current turning direction during optimization).
[WARN] [1783864417.265831445, 687.570000000]: TebLocalPlannerROS: possible oscillation (of the robot or its local plan) detected. Activating recovery strategy (prefer current turning direction during optimization).
5.656000000]: Footprint model 'polygon' loaded for trajectory optimization.
[INFO] [1783864395.910128794, 666.246000000]: Footprint model 'polygon' loaded for trajectory optimization.
[INFO] [1783864396.509653292, 666.848000000]: Footprint model 'polygon' loaded for trajectory optimization.
[INFO] [1783864397.116660754, 667.452000000]: Footprint model 'polygon' loaded for trajectory optimization.
[INFO] [1783864397.660817453, 667.996000000]: Footprint model 'polygon' loaded for trajectory optimization.
[INFO] [1783864398.285967992, 668.618000000]: Footprint model 'polygon' loaded for trajectory optimization.
[INFO] [1783864398.865974211, 669.198000000]: Footprint model 'polygon' loaded for trajectory optimization.
[INFO] [1783864399.517412392, 669.850000000]: Footprint model 'polygon' loaded for trajectory optimization.
[INFO] [1783864399.940045933, 670.270000000]: TebLocalPlannerROS: oscillation recovery disabled/expired.
[INFO] [1783864400.109982217, 670.440000000]: Footprint model 'polygon' loaded for trajectory optimization.
[INFO] [1783864400.666311253, 670.998000000]: Footprint model 'polygon' loaded for trajectory optimization.
[INFO] [1783864401.266877953, 671.598000000]: Footprint model 'polygon' loaded for trajectory optimization.
[INFO] [1783864401.921908809, 672.252000000]: Footprint model 'polygon' loaded for trajectory optimization.
[INFO] [1783864402.508334116, 672.838000000]: Footprint model 'polygon' loaded for trajectory optimization.
[INFO] [1783864403.077524375, 673.404000000]: Footprint model 'polygon' loaded for trajectory optimization.
[INFO] [1783864403.721514041, 674.046000000]: Footprint model 'polygon' loaded for trajectory optimization.
[INFO] [1783864404.315028046, 674.640000000]: Footprint model 'polygon' loaded for trajectory optimization.
[INFO] [1783864404.921062260, 675.246000000]: Footprint model 'polygon' loaded for trajectory optimization.
[INFO] [1783864405.512980776, 675.838000000]: Footprint model 'polygon' loaded for trajectory optimization.
[INFO] [1783864406.118156980, 676.442000000]: Footprint model 'polygon' loaded for trajectory optimization.
[INFO] [1783864406.667742773, 676.988000000]: Footprint model 'polygon' loaded for trajectory optimization.
[INFO] [1783864407.268438676, 677.588000000]: Footprint model 'polygon' loaded for trajectory optimization.
[INFO] [1783864407.929100271, 678.248000000]: Footprint model 'polygon' loaded for trajectory optimization.
[INFO] [1783864411.533710850, 681.844000000]: Footprint model 'polygon' loaded for trajectory optimization.
[INFO] [1783864412.120519354, 682.432000000]: Footprint model 'polygon' loaded for trajectory optimization.
[INFO] [1783864412.726219736, 683.036000000]: Footprint model 'polygon' loaded for trajectory optimization.
[INFO] [1783864413.280522227, 683.590000000]: Footprint model 'polygon' loaded for trajectory optimization.
[INFO] [1783864413.934185447, 684.240000000]: Footprint model 'polygon' loaded for trajectory optimization.
[INFO] [1783864414.062511911, 684.370000000]: TebLocalPlannerROS: oscillation recovery disabled/expired.
[INFO] [1783864414.528173788, 684.836000000]: Footprint model 'polygon' loaded for trajectory optimization.
[INFO] [1783864415.082126804, 685.390000000]: Footprint model 'polygon' loaded for trajectory optimization.
[INFO] [1783864418.742757801, 689.044000000]: Footprint model 'polygon' loaded for trajectory optimization.
[INFO] [1783864419.348202856, 689.650000000]: Footprint model 'polygon' loaded for trajectory optimization.
[INFO] [1783864419.946016138, 690.244000000]: Footprint model 'polygon' loaded for trajectory optimization.
[INFO] [1783864420.554198841, 690.852000000]: Footprint model 'polygon' loaded for trajectory optimization.
[INFO] [1783864421.147818389, 691.444000000]: Footprint model 'polygon' loaded for trajectory optimization.
[INFO] [1783864421.763881210, 692.060000000]: Footprint model 'polygon' loaded for trajectory optimization.
[INFO] [1783864422.359442124, 692.656000000]: Footprint model 'polygon' loaded for trajectory optimization.
[INFO] [1783864422.956089770, [WARN] [1783864425.851552, 696.142000]: training environment stop requested: adapter_close
schema_version: '1.0'
task: T11
status: passed
run_id: t11_semantic_eta_no_safety_seed102
algorithm: RL-TEB-Eta-NoSafety
training_seed: 102
safety_mode: NoSafety
episode_count: 70
step_count: 787
failure_count: 6
run_validation:
  valid: true
  run_id: t11_semantic_eta_no_safety_seed102
  episode_count: 70
  step_count: 787
  verified_checksum_count: 4
selected_checkpoint: /home/robot/robot_ws_base_rl/artifacts/t11/runs/t11_semantic_eta_fullsafety_seed102/checkpoints/step_000200
passed: true
acceptance_override: false

693.250000000]: Footprint model 'polygon' loaded for trajectory optimization.
[INFO] [1783864423.505474875, 693.802000000]: Footprint model 'polygon' loaded for trajectory optimization.
[INFO] [1783864424.111107727, 694.406000000]: Footprint model 'polygon' loaded for trajectory optimization.
[INFO] [1783864424.832356274, 695.124000000]: Footprint model 'polygon' loaded for trajectory optimization.
[INFO] [1783864425.934215911, 696.224000000]: Footprint model 'polygon' loaded for trajectory optimization.
[INFO] [1783864425.962564032, 696.252000000]: Footprint model 'polygon' loaded for trajectory optimization.
[INFO] [1783863727.680410446]: Finished loading Gazebo ROS API Plugin.
[INFO] [1783863727.681347830]: waitForService: Service [/gazebo/set_physics_properties] has not been advertised, waiting...
[INFO] [1783863728.257131575]: waitForService: Service [/gazebo/set_physics_properties] is now available.
[INFO] [1783863728.291209230, 0.030000000]: Physics dynamic reconfigure ready.
[INFO] [1783863728.707196712, 0.374000000]: <initialOrientationAsReference> is unset, using default value of false to comply with REP 145 (world as orientation reference)
[INFO] [1783863728.707233407, 0.374000000]: <robotNamespace> set to: //
[INFO] [1783863728.707240308, 0.374000000]: <topicName> set to: imu/data
[INFO] [1783863728.707245350, 0.374000000]: <frameName> set to: imu_link
[INFO] [1783863728.707262771, 0.374000000]: <updateRateHZ> set to: 50
[INFO] [1783863728.707269232, 0.374000000]: <gaussianNoise> set to: 0
[INFO] [1783863728.707290714, 0.374000000]: <xyzOffset> set to: 0 0 0
[INFO] [1783863728.707304754, 0.374000000]: <rpyOffset> set to: 0 -0 0
[INFO] [1783863728.820407937, 0.374000000]: Laser Plugin: Using the 'robotNamespace' param: '/'
[INFO] [1783863728.820428580, 0.374000000]: Starting Laser Plugin (ns = /)
[INFO] [1783863728.821546687, 0.374000000]: Laser Plugin (ns = /)  <tf_prefix_>, set to ""
[INFO] [1783863728.932888215, 0.374000000]: M2 simulation-only Ackermann interface loaded; cmd_angle_instead_rotvel=false
... logging to /home/robot/.ros/log/78fd1048-7df7-11f1-91bc-3382cc4c3ed1/roslaunch-WP-194059.log
Checking log directory for disk usage. This may take a while.
Press Ctrl-C to interrupt
]2;/home/robot/robot_ws_base_rl/src/tools/thesis_experiment/launch/t11_formal_run.launch
[1mstarted roslaunch server http://WP:43405/[0m

SUMMARY
========

PARAMETERS
 * /gazebo/enable_ros_network: True
 * /m2_gazebo/simulation_only: True
 * /m2_robot_state_publisher/publish_frequency: 30.0
 * /move_base/TebLocalPlannerROS/acc_lim_theta: 0.8
 * /move_base/TebLocalPlannerROS/acc_lim_x: 0.8
 * /move_base/TebLocalPlannerROS/allow_init_with_backwards_motion: True
 * /move_base/TebLocalPlannerROS/cmd_angle_instead_rotvel: False
 * /move_base/TebLocalPlannerROS/costmap_obstacles_behind_robot_dist: 1.5
 * /move_base/TebLocalPlannerROS/dt_hysteresis: 0.1
 * /move_base/TebLocalPlannerROS/dt_ref: 0.3
 * /move_base/TebLocalPlannerROS/enable_homotopy_class_planning: False
 * /move_base/TebLocalPlannerROS/enable_multithreading: True
 * /move_base/TebLocalPlannerROS/feasibility_check_no_poses: 5
 * /move_base/TebLocalPlannerROS/footprint_model/type: polygon
 * /move_base/TebLocalPlannerROS/footprint_model/vertices: [[0.52, 0.35], [0...
 * /move_base/TebLocalPlannerROS/global_plan_overwrite_orientation: True
 * /move_base/TebLocalPlannerROS/include_costmap_obstacles: True
 * /move_base/TebLocalPlannerROS/inflation_dist: 0.55
 * /move_base/TebLocalPlannerROS/map_frame: odom
 * /move_base/TebLocalPlannerROS/max_global_plan_lookahead_dist: 8.0
 * /move_base/TebLocalPlannerROS/max_number_classes: 4
 * /move_base/TebLocalPlannerROS/max_samples: 500
 * /move_base/TebLocalPlannerROS/max_vel_theta: 1.0
 * /move_base/TebLocalPlannerROS/max_vel_x: 1.2
 * /move_base/TebLocalPlannerROS/max_vel_x_backwards: 0.6
 * /move_base/TebLocalPlannerROS/max_vel_y: 0.0
 * /move_base/TebLocalPlannerROS/min_obstacle_dist: 0.25
 * /move_base/TebLocalPlannerROS/min_turning_radius: 1.2
 * /move_base/TebLocalPlannerROS/obstacle_poses_affected: 15
 * /move_base/TebLocalPlannerROS/odom_topic: /odom
 * /move_base/TebLocalPlannerROS/teb_autosize: True
 * /move_base/TebLocalPlannerROS/weight_acc_lim_theta: 1.0
 * /move_base/TebLocalPlannerROS/weight_acc_lim_x: 1.0
 * /move_base/TebLocalPlannerROS/weight_adapt_factor: 2.0
 * /move_base/TebLocalPlannerROS/weight_inflation: 0.1
 * /move_base/TebLocalPlannerROS/weight_kinematics_forward_drive: 10.0
 * /move_base/TebLocalPlannerROS/weight_kinematics_nh: 1000.0
 * /move_base/TebLocalPlannerROS/weight_kinematics_turning_radius: 10.0
 * /move_base/TebLocalPlannerROS/weight_max_vel_theta: 1.0
 * /move_base/TebLocalPlannerROS/weight_max_vel_x: 2.0
 * /move_base/TebLocalPlannerROS/weight_obstacle: 50.0
 * /move_base/TebLocalPlannerROS/weight_optimaltime: 1.0
 * /move_base/TebLocalPlannerROS/weight_viapoint: 1.0
 * /move_base/TebLocalPlannerROS/wheelbase: 0.65
 * /move_base/base_global_planner: navfn/NavfnROS
 * /move_base/base_local_planner: teb_local_planner...
 * /move_base/clearing_rotation_allowed: False
 * /move_base/controller_frequency: 10.0
 * /move_base/controller_patience: 5.0
 * /move_base/global_costmap/footprint: [[0.52, 0.35], [0...
 * /move_base/global_costmap/footprint_padding: 0.05
 * /move_base/global_costmap/global_frame: odom
 * /move_base/global_costmap/height: 30.0
 * /move_base/global_costmap/inflation_layer/cost_scaling_factor: 4.0
 * /move_base/global_costmap/inflation_layer/enabled: True
 * /move_base/global_costmap/inflation_layer/inflation_radius: 0.55
 * /move_base/global_costmap/obstacle_layer/enabled: True
 * /move_base/global_costmap/obstacle_layer/observation_sources: scan
 * /move_base/global_costmap/obstacle_layer/scan/clearing: True
 * /move_base/global_costmap/obstacle_layer/scan/data_type: LaserScan
 * /move_base/global_costmap/obstacle_layer/scan/inf_is_valid: True
 * /move_base/global_costmap/obstacle_layer/scan/marking: True
 * /move_base/global_costmap/obstacle_layer/scan/obstacle_range: 12.0
 * /move_base/global_costmap/obstacle_layer/scan/raytrace_range: 15.0
 * /move_base/global_costmap/obstacle_layer/scan/sensor_frame: laser_link
 * /move_base/global_costmap/obstacle_layer/scan/topic: /scan
 * /move_base/global_costmap/plugins: [{'name': 'obstac...
 * /move_base/global_costmap/publish_frequency: 2.0
 * /move_base/global_costmap/resolution: 0.05
 * /move_base/global_costmap/robot_base_frame: base_link
 * /move_base/global_costmap/rolling_window: True
 * /move_base/global_costmap/transform_tolerance: 0.3
 * /move_base/global_costmap/update_frequency: 5.0
 * /move_base/global_costmap/width: 30.0
 * /move_base/local_costmap/footprint: [[0.52, 0.35], [0...
 * /move_base/local_costmap/footprint_padding: 0.05
 * /move_base/local_costmap/global_frame: odom
 * /move_base/local_costmap/height: 12.0
 * /move_base/local_costmap/inflation_layer/cost_scaling_factor: 4.0
 * /move_base/local_costmap/inflation_layer/enabled: True
 * /move_base/local_costmap/inflation_layer/inflation_radius: 0.55
 * /move_base/local_costmap/obstacle_layer/enabled: True
 * /move_base/local_costmap/obstacle_layer/observation_sources: scan
 * /move_base/local_costmap/obstacle_layer/scan/clearing: True
 * /move_base/local_costmap/obstacle_layer/scan/data_type: LaserScan
 * /move_base/local_costmap/obstacle_layer/scan/inf_is_valid: True
 * /move_base/local_costmap/obstacle_layer/scan/marking: True
 * /move_base/local_costmap/obstacle_layer/scan/obstacle_range: 12.0
 * /move_base/local_costmap/obstacle_layer/scan/raytrace_range: 15.0
 * /move_base/local_costmap/obstacle_layer/scan/sensor_frame: laser_link
 * /move_base/local_costmap/obstacle_layer/scan/topic: /scan
 * /move_base/local_costmap/plugins: [{'name': 'obstac...
 * /move_base/local_costmap/publish_frequency: 5.0
 * /move_base/local_costmap/resolution: 0.05
 * /move_base/local_costmap/robot_base_frame: base_link
 * /move_base/local_costmap/rolling_window: True
 * /move_base/local_costmap/transform_tolerance: 0.3
 * /move_base/local_costmap/update_frequency: 10.0
 * /move_base/local_costmap/width: 12.0
 * /move_base/oscillation_distance: 0.2
 * /move_base/oscillation_timeout: 10.0
 * /move_base/planner_frequency: 1.0
 * /move_base/planner_patience: 5.0
 * /move_base/recovery_behavior_enabled: False
 * /move_base/shutdown_costmaps: False
 * /robot_description: <?xml version="1....
 * /rosdistro: noetic
 * /rosversion: 1.17.4
 * /t11_formal_run/acceptance_eval_seed_limit: 0
 * /t11_formal_run/acceptance_timesteps: 0
 * /t11_formal_run/algorithm: RL-TEB-Semantic-Eta
 * /t11_formal_run/checkpoint: /home/robot/robot...
 * /t11_formal_run/config: /home/robot/robot...
 * /t11_formal_run/output_dir: /home/robot/robot...
 * /t11_formal_run/phase: ablation
 * /t11_formal_run/run_id: t11_semantic_eta_...
 * /t11_formal_run/safety_mode: NoSafety
 * /t11_formal_run/training_seed: 102
 * /use_sim_time: True

NODES
  /
    gazebo (gazebo_ros/gzserver)
    m2_robot_state_publisher (robot_state_publisher/robot_state_publisher)
    move_base (move_base/move_base)
    spawn_m2 (gazebo_ros/spawn_model)
    t11_formal_run (thesis_experiment/t11_formal_run.py)

auto-starting new master
[1mprocess[master]: started with pid [194115][0m
[1mROS_MASTER_URI=http://localhost:11311[0m
]2;/home/robot/robot_ws_base_rl/src/tools/thesis_experiment/launch/t11_formal_run.launch http://localhost:11311
[1msetting /run_id to 78fd1048-7df7-11f1-91bc-3382cc4c3ed1[0m
[1mprocess[rosout-1]: started with pid [194148][0m
started core service [/rosout]
[1mprocess[gazebo-2]: started with pid [194155][0m
[1mprocess[spawn_m2-3]: started with pid [194159][0m
[1mprocess[m2_robot_state_publisher-4]: started with pid [194161][0m
[1mprocess[move_base-5]: started with pid [194162][0m
[1mprocess[t11_formal_run-6]: started with pid [194163][0m
[1m[spawn_m2-3] process has finished cleanly
log file: /home/robot/.ros/log/78fd1048-7df7-11f1-91bc-3382cc4c3ed1/spawn_m2-3*.log[0m
[t11_formal_run-6] killing on exit
[move_base-5] killing on exit
[m2_robot_state_publisher-4] killing on exit
[gazebo-2] killing on exit
[rosout-1] killing on exit
[master] killing on exit
shutting down processing monitor...
[31mWARNING: disk usage in log directory [/home/robot/.ros/log] is over 1GB.
It's recommended that you use the 'rosclean' command.[0m
WARNING: Package name "gazebo_ros_2Dmap_plugin" does not follow the naming conventions. It should start with a lower case letter and only contain lower case letters, digits, underscores, and dashes.
WARNING: Package name "gazebo_ros_2Dmap_plugin" does not follow the naming conventions. It should start with a lower case letter and only contain lower case letters, digits, underscores, and dashes.
[31m================================================================================REQUIRED process [t11_formal_run-6] has died!
process has finished cleanly
log file: /home/robot/.ros/log/78fd1048-7df7-11f1-91bc-3382cc4c3ed1/t11_formal_run-6*.log
Initiating shutdown!
================================================================================[0m
... shutting down processing monitor complete
[1mdone[0m
