WARNING: Package name "gazebo_ros_2Dmap_plugin" does not follow the naming conventions. It should start with a lower case letter and only contain lower case letters, digits, underscores, and dashes.
xacro: in-order processing became default in ROS Melodic. You can drop the option.
WARNING: Package name "gazebo_ros_2Dmap_plugin" does not follow the naming conventions. It should start with a lower case letter and only contain lower case letters, digits, underscores, and dashes.
WARNING: Package name "gazebo_ros_2Dmap_plugin" does not follow the naming conventions. It should start with a lower case letter and only contain lower case letters, digits, underscores, and dashes.
[INFO] [1783858943.335147, 0.000000]: Loading model XML from ros parameter robot_description
[INFO] [1783858943.338536, 0.000000]: Waiting for service /gazebo/spawn_urdf_model
[INFO] [1783858944.243351, 0.214000]: Calling service /gazebo/spawn_urdf_model
[INFO] [1783858944.584140, 0.374000]: Spawn status: SpawnModel: Successfully spawned entity
[INFO] [1783858944.955090847, 0.620000000]: global_costmap: Using plugin "obstacle_layer"
[INFO] [1783858944.963152397, 0.628000000]:     Subscribed to Topics: scan
[INFO] [1783858944.975914845, 0.640000000]: global_costmap: Using plugin "inflation_layer"
[INFO] [1783858944.997280795, 0.662000000]: local_costmap: Using plugin "obstacle_layer"
[INFO] [1783858944.998287468, 0.662000000]:     Subscribed to Topics: scan
[INFO] [1783858945.002752832, 0.666000000]: local_costmap: Using plugin "inflation_layer"
[INFO] [1783858945.012834908, 0.678000000]: Created local_planner teb_local_planner/TebLocalPlannerROS
[INFO] [1783858945.030045187, 0.694000000]: Footprint model 'polygon' loaded for trajectory optimization.
[INFO] [1783858945.030179308, 0.694000000]: Parallel planning in distinctive topologies disabled.
[INFO] [1783858945.030195688, 0.694000000]: No costmap conversion plugin specified. All occupied costmap cells are treaten as point obstacles.
[INFO] [1783858945.052144504, 0.716000000]: Footprint model 'polygon' loaded for trajectory optimization.
[INFO] [1783858945.217192686, 0.884000000]: Recovery behavior will clear layer 'obstacles'
[INFO] [1783858945.218566580, 0.884000000]: Recovery behavior will clear layer 'obstacles'
[INFO] [1783858945.237157034, 0.904000000]: odom received!
[INFO] [1783858946.980293616, 2.642000000]: Footprint model 'polygon' loaded for trajectory optimization.
[INFO] [1783858947.674702735, 3.334000000]: Footprint model 'polygon' loaded for trajectory optimization.
[INFO] [1783858948.222337808, 3.882000000]: Footprint model 'polygon' loaded for trajectory optimization.
[INFO] [1783858950.215349227, 5.870000000]: GOAL Reached!
[INFO] [1783858950.311450411, 5.966000000]: Footprint model 'polygon' loaded for trajectory optimization.
[INFO] [1783858951.189202279, 6.842000000]: Footprint model 'polygon' loaded for trajectory optimization.
[INFO] [1783858951.779163471, 7.432000000]: Footprint model 'polygon' loaded for trajectory optimization.
[INFO] [1783858952.329792578, 7.982000000]: Footprint model 'polygon' loaded for trajectory optimization.
[INFO] [1783858952.979211671, 8.632000000]: Footprint model 'polygon' loaded for trajectory optimization.
[INFO] [1783858954.321338001, 9.972000000]: GOAL Reached!
[INFO] [1783858954.410537491, 10.060000000]: Footprint model 'polygon' loaded for trajectory optimization.
[INFO] [1783858955.272397286, 10.922000000]: Footprint model 'polygon' loaded for trajectory optimization.
[INFO] [1783858955.828436757, 11.474000000]: Footprint model 'polygon' loaded for trajectory optimization.
[INFO] [1783858956.479912448, 12.126000000]: Footprint model 'polygon' loaded for trajectory optimization.
[INFO] [1783858957.076950720, 12.722000000]: Footprint model 'polygon' loaded for trajectory optimization.
[INFO] [1783858958.418377215, 14.062000000]: GOAL Reached!
[INFO] [1783858958.492089261, 14.136000000]: Footprint model 'polygon' loaded for trajectory optimization.
[INFO] [1783858959.342475607, 14.982000000]: Footprint model 'polygon' loaded for trajectory optimization.
[INFO] [1783858959.951225123, 15.590000000]: Footprint model 'polygon' loaded for trajectory optimization.
[INFO] [1783858960.544552572, 16.188000000]: Footprint model 'polygon' loaded for trajectory optimization.
[INFO] [1783858961.149813284, 16.788000000]: Footprint model 'polygon' loaded for trajectory optimization.
[INFO] [1783858962.691711677, 18.328000000]: GOAL Reached!
[INFO] [1783858962.778693861, 18.414000000]: Footprint model 'polygon' loaded for trajectory optimization.
[INFO] [1783858963.648621425, 19.282000000]: Footprint model 'polygon' loaded for trajectory optimization.
[INFO] [1783858964.239047555, 19.872000000]: Footprint model 'polygon' loaded for trajectory optimization.
[INFO] [1783858964.787407946, 20.420000000]: Footprint model 'polygon' loaded for trajectory optimization.
[INFO] [1783858966.678667858, 22.308000000]: GOAL Reached!
[INFO] [1783858966.784573882, 22.414000000]: Footprint model 'polygon' loaded for trajectory optimization.
[INFO] [1783858967.655845875, 23.284000000]: Footprint model 'polygon' loaded for trajectory optimization.
[INFO] [1783858968.263587930, 23.890000000]: Footprint model 'polygon' loaded for trajectory optimization.
[INFO] [1783858968.862560535, 24.486000000]: Footprint model 'polygon' loaded for trajectory optimization.
[INFO] [1783858969.462022548, 25.086000000]: Footprint model 'polygon' loaded for trajectory optimization.
[INFO] [1783858970.901722037, 26.526000000]: GOAL Reached!
[INFO] [1783858970.997129371, 26.620000000]: Footprint model 'polygon' loaded for trajectory optimization.
[INFO] [1783858971.860536718, 27.482000000]: Footprint model 'polygon' loaded for trajectory optimization.
[INFO] [1783858972.418194988, 28.038000000]: Footprint model 'polygon' loaded for trajectory optimization.
[INFO] [1783858973.071477719, 28.690000000]: Footprint model 'polygon' loaded for trajectory optimization.
[INFO] [1783858973.669177114, 29.286000000]: Footprint model 'polygon' loaded for trajectory optimization.
[INFO] [1783858975.110306361, 30.728000000]: GOAL Reached!
[INFO] [1783858975.186867935, 30.804000000]: Footprint model 'polygon' loaded for trajectory optimization.
[INFO] [1783858976.050412021, 31.664000000]: Footprint model 'polygon' loaded for trajectory optimization.
[INFO] [1783858976.645450575, 32.258000000]: Footprint model 'polygon' loaded for trajectory optimization.
[INFO] [1783858977.344536501, 32.956000000]: Footprint model 'polygon' loaded for trajectory optimization.
[INFO] [1783858979.187217501, 34.796000000]: GOAL Reached!
[INFO] [1783858979.294358550, 34.902000000]: Footprint model 'polygon' loaded for trajectory optimization.
[INFO] [1783858980.175289335, 35.782000000]: Footprint model 'polygon' loaded for trajectory optimization.
[INFO] [1783858980.817002136, 36.424000000]: Footprint model 'polygon' loaded for trajectory optimization.
[INFO] [1783858981.414890279, 37.020000000]: Footprint model 'polygon' loaded for trajectory optimization.
[INFO] [1783858982.015962634, 37.622000000]: Footprint model 'polygon' loaded for trajectory optimization.
[INFO] [1783858983.405711927, 39.010000000]: GOAL Reached!
[INFO] [1783858983.493193285, 39.098000000]: Footprint model 'polygon' loaded for trajectory optimization.
[INFO] [1783858984.361708218, 39.962000000]: Footprint model 'polygon' loaded for trajectory optimization.
[INFO] [1783858984.910937886, 40.510000000]: Footprint model 'polygon' loaded for trajectory optimization.
[INFO] [1783858985.560928449, 41.160000000]: Footprint model 'polygon' loaded for trajectory optimization.
[INFO] [1783858986.156133584, 41.756000000]: Footprint model 'polygon' loaded for trajectory optimization.
[INFO] [1783858987.600521303, 43.196000000]: GOAL Reached!
[INFO] [1783858987.689978750, 43.286000000]: Footprint model 'polygon' loaded for trajectory optimization.
[INFO] [1783858988.545186587, 44.142000000]: Footprint model 'polygon' loaded for trajectory optimization.
[INFO] [1783858989.155696713, 44.748000000]: Footprint model 'polygon' loaded for trajectory optimization.
[INFO] [1783858989.706121329, 45.300000000]: Footprint model 'polygon' loaded for trajectory optimization.
[INFO] [1783858991.697688955, 47.286000000]: GOAL Reached!
[INFO] [1783858991.804242117, 47.392000000]: Footprint model 'polygon' loaded for trajectory optimization.
[INFO] [1783858992.676155629, 48.262000000]: Footprint model 'polygon' loaded for trajectory optimization.
[INFO] [1783858993.215211979, 48.802000000]: Footprint model 'polygon' loaded for trajectory optimization.
[INFO] [1783858993.817567373, 49.402000000]: Footprint model 'polygon' loaded for trajectory optimization.
[INFO] [1783858994.470219527, 50.052000000]: Footprint model 'polygon' loaded for trajectory optimization.
[INFO] [1783858995.909339078, 51.490000000]: GOAL Reached!
[INFO] [1783858995.992144913, 51.572000000]: Footprint model 'polygon' loaded for trajectory optimization.
[INFO] [1783858996.864113960, 52.444000000]: Footprint model 'polygon' loaded for trajectory optimization.
[INFO] [1783858997.554578611, 53.134000000]: Footprint model 'polygon' loaded for trajectory optimization.
[INFO] [1783858998.147401927, 53.726000000]: Footprint model 'polygon' loaded for trajectory optimization.
[INFO] [1783858998.700150917, 54.276000000]: Footprint model 'polygon' loaded for trajectory optimization.
[INFO] [1783859000.091133474, 55.666000000]: GOAL Reached!
[INFO] [1783859000.177725455, 55.752000000]: Footprint model 'polygon' loaded for trajectory optimization.
[INFO] [1783859001.050234066, 56.622000000]: Footprint model 'polygon' loaded for trajectory optimization.
[INFO] [1783859001.638524999, 57.210000000]: Footprint model 'polygon' loaded for trajectory optimization.
[INFO] [1783859002.235003330, 57.806000000]: Footprint model 'polygon' loaded for trajectory optimization.
[INFO] [1783859002.838302696, 58.406000000]: Footprint model 'polygon' loaded for trajectory optimization.
[INFO] [1783859004.275053266, 59.846000000]: GOAL Reached!
[INFO] [1783859004.369161884, 59.940000000]: Footprint model 'polygon' loaded for trajectory optimization.
[INFO] [1783859005.235570892, 60.802000000]: Footprint model 'polygon' loaded for trajectory optimization.
[INFO] [1783859005.834130634, 61.402000000]: Footprint model 'polygon' loaded for trajectory optimization.
[INFO] [1783859006.535559582, 62.100000000]: Footprint model 'polygon' loaded for trajectory optimization.
[INFO] [1783859007.134981058, 62.698000000]: Footprint model 'polygon' loaded for trajectory optimization.
[INFO] [1783859008.575990436, 64.138000000]: GOAL Reached!
[INFO] [1783859008.659303329, 64.222000000]: Footprint model 'polygon' loaded for trajectory optimization.
[INFO] [1783859009.522027787, 65.084000000]: Footprint model 'polygon' loaded for trajectory optimization.
[INFO] [1783859010.123425586, 65.682000000]: Footprint model 'polygon' loaded for trajectory optimization.
[INFO] [1783859010.667643167, 66.226000000]: Footprint model 'polygon' loaded for trajectory optimization.
[INFO] [1783859011.316535928, 66.874000000]: Footprint model 'polygon' loaded for trajectory optimization.
[INFO] [1783859012.760369422, 68.316000000]: GOAL Reached!
[INFO] [1783859012.855176146, 68.410000000]: Footprint model 'polygon' loaded for trajectory optimization.
[INFO] [1783859013.728567103, 69.282000000]: Footprint model 'polygon' loaded for trajectory optimization.
[INFO] [1783859014.328088411, 69.880000000]: Footprint model 'polygon' loaded for trajectory optimization.
[INFO] [1783859014.884715990, 70.436000000]: Footprint model 'polygon' loaded for trajectory optimization.
[INFO] [1783859015.477935192, 71.028000000]: Footprint model 'polygon' loaded for trajectory optimization.
[INFO] [1783859016.869398351, 72.418000000]: GOAL Reached!
[INFO] [1783859016.950973409, 72.500000000]: Footprint model 'polygon' loaded for trajectory optimization.
[INFO] [1783859017.817401751, 73.362000000]: Footprint model 'polygon' loaded for trajectory optimization.
[INFO] [1783859018.377166278, 73.922000000]: Footprint model 'polygon' loaded for trajectory optimization.
[INFO] [1783859018.968332335, 74.514000000]: Footprint model 'polygon' loaded for trajectory optimization.
[INFO] [1783859019.621247185, 75.166000000]: Footprint model 'polygon' loaded for trajectory optimization.
[INFO] [1783859021.055039137, 76.596000000]: GOAL Reached!
[INFO] [1783859021.150621569, 76.690000000]: Footprint model 'polygon' loaded for trajectory optimization.
[INFO] [1783859022.035910569, 77.574000000]: Footprint model 'polygon' loaded for trajectory optimization.
[INFO] [1783859022.591019415, 78.128000000]: Footprint model 'polygon' loaded for trajectory optimization.
[INFO] [1783859023.238868043, 78.776000000]: Footprint model 'polygon' loaded for trajectory optimization.
[INFO] [1783859025.165448350, 80.700000000]: GOAL Reached!
[INFO] [1783859025.258412111, 80.792000000]: Footprint model 'polygon' loaded for trajectory optimization.
[INFO] [1783859026.142584751, 81.674000000]: Footprint model 'polygon' loaded for trajectory optimization.
[INFO] [1783859026.792429862, 82.322000000]: Footprint model 'polygon' loaded for trajectory optimization.
[INFO] [1783859027.381660335, 82.912000000]: Footprint model 'polygon' loaded for trajectory optimization.
[INFO] [1783859027.983487378, 83.514000000]: Footprint model 'polygon' loaded for trajectory optimization.
[INFO] [1783859029.365621386, 84.892000000]: GOAL Reached!
[INFO] [1783859029.451847247, 84.978000000]: Footprint model 'polygon' loaded for trajectory optimization.
[INFO] [1783859030.353337971, 85.878000000]: Footprint model 'polygon' loaded for trajectory optimization.
[INFO] [1783859031.038572312, 86.562000000]: Footprint model 'polygon' loaded for trajectory optimization.
[INFO] [1783859031.736359481, 87.260000000]: Footprint model 'polygon' loaded for trajectory optimization.
[INFO] [1783859033.367765461, 88.888000000]: GOAL Reached!
[INFO] [1783859033.453924890, 88.976000000]: Footprint model 'polygon' loaded for trajectory optimization.
[INFO] [1783859034.311772372, 89.832000000]: Footprint model 'polygon' loaded for trajectory optimization.
[INFO] [1783859034.920439048, 90.438000000]: Footprint model 'polygon' loaded for trajectory optimization.
[INFO] [1783859035.574371178, 91.094000000]: Footprint model 'polygon' loaded for trajectory optimization.
[INFO] [1783859037.455039024, 92.968000000]: GOAL Reached!
[INFO] [1783859037.543052998, 93.056000000]: Footprint model 'polygon' loaded for trajectory optimization.
[INFO] [1783859038.424310161, 93.936000000]: Footprint model 'polygon' loaded for trajectory optimization.
[INFO] [1783859039.117289032, 94.626000000]: Footprint model 'polygon' loaded for trajectory optimization.
[INFO] [1783859039.664781455, 95.174000000]: Footprint model 'polygon' loaded for trajectory optimization.
[INFO] [1783859041.448101298, 96.954000000]: GOAL Reached!
[INFO] [1783859041.555568934, 97.060000000]: Footprint model 'polygon' loaded for trajectory optimization.
[INFO] [1783859042.431148491, 97.934000000]: Footprint model 'polygon' loaded for trajectory optimization.
[INFO] [1783859042.987751946, 98.490000000]: Footprint model 'polygon' loaded for trajectory optimization.
[INFO] [1783859043.587617482, 99.090000000]: Footprint model 'polygon' loaded for trajectory optimization.
[INFO] [1783859045.464986500, 100.966000000]: GOAL Reached!
[INFO] [1783859045.560095703, 101.062000000]: Footprint model 'polygon' loaded for trajectory optimization.
[INFO] [1783859046.437341125, 101.936000000]: Footprint model 'polygon' loaded for trajectory optimization.
[INFO] [1783859047.132512575, 102.630000000]: Footprint model 'polygon' loaded for trajectory optimization.
[INFO] [1783859047.780146829, 103.280000000]: Footprint model 'polygon' loaded for trajectory optimization.
[INFO] [1783859049.563857636, 105.056000000]: GOAL Reached!
[INFO] [1783859049.642528728, 105.136000000]: Footprint model 'polygon' loaded for trajectory optimization.
[INFO] [1783859050.525295566, 106.018000000]: Footprint model 'polygon' loaded for trajectory optimization.
[INFO] [1783859051.123073908, 106.614000000]: Footprint model 'polygon' loaded for trajectory optimization.
[INFO] [1783859051.816718288, 107.308000000]: Footprint model 'polygon' loaded for trajectory optimization.
[INFO] [1783859053.653389934, 109.138000000]: GOAL Reached!
[INFO] [1783859053.735321657, 109.220000000]: Footprint model 'polygon' loaded for trajectory optimization.
[INFO] [1783859054.609541820, 110.094000000]: Footprint model 'polygon' loaded for trajectory optimization.
[INFO] [1783859055.304812344, 110.788000000]: Footprint model 'polygon' loaded for trajectory optimization.
[INFO] [1783859055.859875262, 111.342000000]: Footprint model 'polygon' loaded for trajectory optimization.
[INFO] [1783859056.506217552, 111.990000000]: Footprint model 'polygon' loaded for trajectory optimization.
[INFO] [1783859057.835169451, 113.318000000]: GOAL Reached!
[INFO] [1783859057.945229797, 113.426000000]: Footprint model 'polygon' loaded for trajectory optimization.
[INFO] [1783859058.837523710, 114.316000000]: Footprint model 'polygon' loaded for trajectory optimization.
[INFO] [1783859059.389264408, 114.866000000]: Footprint model 'polygon' loaded for trajectory optimization.
[INFO] [1783859060.037166378, 115.512000000]: Footprint model 'polygon' loaded for trajectory optimization.
[INFO] [1783859061.968334139, 117.440000000]: GOAL Reached!
[INFO] [1783859062.066061275, 117.538000000]: Footprint model 'polygon' loaded for trajectory optimization.
[INFO] [1783859062.997060754, 118.468000000]: Footprint model 'polygon' loaded for trajectory optimization.
[INFO] [1783859063.597169433, 119.070000000]: Footprint model 'polygon' loaded for trajectory optimization.
[INFO] [1783859064.201042519, 119.672000000]: Footprint model 'polygon' loaded for trajectory optimization.
[INFO] [1783859064.801083477, 120.268000000]: Footprint model 'polygon' loaded for trajectory optimization.
[INFO] [1783859066.479235935, 121.944000000]: GOAL Reached!
[INFO] [1783859066.556972827, 122.022000000]: Footprint model 'polygon' loaded for trajectory optimization.
[INFO] [1783859067.431018718, 122.894000000]: Footprint model 'polygon' loaded for trajectory optimization.
[INFO] [1783859068.030690313, 123.492000000]: Footprint model 'polygon' loaded for trajectory optimization.
[INFO] [1783859068.625867240, 124.086000000]: Footprint model 'polygon' loaded for trajectory optimization.
[INFO] [1783859069.234239961, 124.692000000]: Footprint model 'polygon' loaded for trajectory optimization.
[INFO] [1783859070.561666048, 126.018000000]: GOAL Reached!
[INFO] [1783859070.653240518, 126.110000000]: Footprint model 'polygon' loaded for trajectory optimization.
[INFO] [1783859071.540492391, 126.994000000]: Footprint model 'polygon' loaded for trajectory optimization.
[INFO] [1783859072.128587707, 127.584000000]: Footprint model 'polygon' loaded for trajectory optimization.
[INFO] [1783859072.777869695, 128.232000000]: Footprint model 'polygon' loaded for trajectory optimization.
[INFO] [1783859073.376503657, 128.828000000]: Footprint model 'polygon' loaded for trajectory optimization.
[INFO] [1783859074.855698355, 130.308000000]: GOAL Reached!
[INFO] [1783859074.959219084, 130.410000000]: Footprint model 'polygon' loaded for trajectory optimization.
[INFO] [1783859075.849889746, 131.298000000]: Footprint model 'polygon' loaded for trajectory optimization.
[INFO] [1783859076.494792269, 131.944000000]: Footprint model 'polygon' loaded for trajectory optimization.
[INFO] [1783859077.088960287, 132.540000000]: Footprint model 'polygon' loaded for trajectory optimization.
[INFO] [1783859078.870812927, 134.318000000]: GOAL Reached!
[INFO] [1783859078.963676824, 134.410000000]: Footprint model 'polygon' loaded for trajectory optimization.
[INFO] [1783859079.832180923, 135.276000000]: Footprint model 'polygon' loaded for trajectory optimization.
[INFO] [1783859080.476803393, 135.918000000]: Footprint model 'polygon' loaded for trajectory optimization.
[INFO] [1783859081.077111794, 136.520000000]: Footprint model 'polygon' loaded for trajectory optimization.
[INFO] [1783859081.729577390, 137.170000000]: Footprint model 'polygon' loaded for trajectory optimization.
[INFO] [1783859083.057223966, 138.498000000]: GOAL Reached!
[INFO] [1783859083.160892249, 138.602000000]: Footprint model 'polygon' loaded for trajectory optimization.
[INFO] [1783859084.038766177, 139.474000000]: Footprint model 'polygon' loaded for trajectory optimization.
[INFO] [1783859084.628277607, 140.062000000]: Footprint model 'polygon' loaded for trajectory optimization.
[INFO] [1783859085.186521530, 140.620000000]: Footprint model 'polygon' loaded for trajectory optimization.
[INFO] [1783859085.836235894, 141.268000000]: Footprint model 'polygon' loaded for trajectory optimization.
[INFO] [1783859087.169388209, 142.598000000]: GOAL Reached!
[INFO] [1783859087.258771446, 142.688000000]: Footprint model 'polygon' loaded for trajectory optimization.
[INFO] [1783859088.142907012, 143.572000000]: Footprint model 'polygon' loaded for trajectory optimization.
[INFO] [1783859088.686744938, 144.114000000]: Footprint model 'polygon' loaded for trajectory optimization.
[INFO] [1783859089.289082069, 144.716000000]: Footprint model 'polygon' loaded for trajectory optimization.
[INFO] [1783859089.937981872, 145.362000000]: Footprint model 'polygon' loaded for trajectory optimization.
[INFO] [1783859091.269356010, 146.692000000]: GOAL Reached!
[INFO] [1783859091.361982849, 146.784000000]: Footprint model 'polygon' loaded for trajectory optimization.
[INFO] [1783859092.235261856, 147.656000000]: Footprint model 'polygon' loaded for trajectory optimization.
[INFO] [1783859092.786447386, 148.206000000]: Footprint model 'polygon' loaded for trajectory optimization.
[INFO] [1783859093.432836872, 148.852000000]: Footprint model 'polygon' loaded for trajectory optimization.
[INFO] [1783859094.041362440, 149.458000000]: Footprint model 'polygon' loaded for trajectory optimization.
[INFO] [1783859095.366820504, 150.782000000]: GOAL Reached!
[INFO] [1783859095.456188634, 150.870000000]: Footprint model 'polygon' loaded for trajectory optimization.
[INFO] [1783859096.341599408, 151.754000000]: Footprint model 'polygon' loaded for trajectory optimization.
[INFO] [1783859096.979673546, 152.390000000]: Footprint model 'polygon' loaded for trajectory optimization.
[INFO] [1783859097.580084970, 152.990000000]: Footprint model 'polygon' loaded for trajectory optimization.
[INFO] [1783859099.559845790, 154.968000000]: GOAL Reached!
[INFO] [1783859099.653767379, 155.062000000]: Footprint model 'polygon' loaded for trajectory optimization.
[INFO] [1783859100.533668647, 155.938000000]: Footprint model 'polygon' loaded for trajectory optimization.
[INFO] [1783859101.231385442, 156.636000000]: Footprint model 'polygon' loaded for trajectory optimization.
[INFO] [1783859101.829340945, 157.234000000]: Footprint model 'polygon' loaded for trajectory optimization.
[INFO] [1783859103.765197421, 159.164000000]: GOAL Reached!
[INFO] [1783859103.856519179, 159.254000000]: Footprint model 'polygon' loaded for trajectory optimization.
[INFO] [1783859104.735607127, 160.136000000]: Footprint model 'polygon' loaded for trajectory optimization.
[INFO] [1783859105.341165131, 160.738000000]: Footprint model 'polygon' loaded for trajectory optimization.
[INFO] [1783859105.885619875, 161.282000000]: Footprint model 'polygon' loaded for trajectory optimization.
[INFO] [1783859106.538975440, 161.934000000]: Footprint model 'polygon' loaded for trajectory optimization.
[INFO] [1783859107.972199993, 163.364000000]: GOAL Reached!
[INFO] [1783859108.059130910, 163.450000000]: Footprint model 'polygon' loaded for trajectory optimization.
[INFO] [1783859108.925614057, 164.316000000]: Footprint model 'polygon' loaded for trajectory optimization.
[INFO] [1783859109.578931307, 164.968000000]: Footprint model 'polygon' loaded for trajectory optimization.
[INFO] [1783859110.227789652, 165.616000000]: Footprint model 'polygon' loaded for trajectory optimization.
[INFO] [1783859110.823664122, 166.212000000]: Footprint model 'polygon' loaded for trajectory optimization.
[INFO] [1783859112.159389291, 167.544000000]: GOAL Reached!
[INFO] [1783859112.260745554, 167.646000000]: Footprint model 'polygon' loaded for trajectory optimization.
[INFO] [1783859113.130426637, 168.516000000]: Footprint model 'polygon' loaded for trajectory optimization.
[INFO] [1783859113.728663894, 169.110000000]: Footprint model 'polygon' loaded for trajectory optimization.
[INFO] [1783859114.381458838, 169.762000000]: Footprint model 'polygon' loaded for trajectory optimization.
[INFO] [1783859116.160972122, 171.540000000]: GOAL Reached!
[INFO] [1783859116.242677111, 171.622000000]: Footprint model 'polygon' loaded for trajectory optimization.
[INFO] [1783859117.099163261, 172.476000000]: Footprint model 'polygon' loaded for trajectory optimization.
[INFO] [1783859117.695127015, 173.070000000]: Footprint model 'polygon' loaded for trajectory optimization.
[INFO] [1783859118.297395408, 173.672000000]: Footprint model 'polygon' loaded for trajectory optimization.
[INFO] [1783859118.897370856, 174.270000000]: Footprint model 'polygon' loaded for trajectory optimization.
[INFO] [1783859120.228729123, 175.602000000]: GOAL Reached!
[INFO] [1783859120.314012163, 175.688000000]: Footprint model 'polygon' loaded for trajectory optimization.
[INFO] [1783859121.187472706, 176.556000000]: Footprint model 'polygon' loaded for trajectory optimization.
[INFO] [1783859121.735834919, 177.106000000]: Footprint model 'polygon' loaded for trajectory optimization.
[INFO] [1783859122.336380149, 177.706000000]: Footprint model 'polygon' loaded for trajectory optimization.
[INFO] [1783859122.987662769, 178.354000000]: Footprint model 'polygon' loaded for trajectory optimization.
[INFO] [1783859124.519951218, 179.882000000]: GOAL Reached!
[INFO] [1783859124.621715369, 179.984000000]: Footprint model 'polygon' loaded for trajectory optimization.
[INFO] [1783859125.495537146, 180.856000000]: Footprint model 'polygon' loaded for trajectory optimization.
[INFO] [1783859126.136229055, 181.496000000]: Footprint model 'polygon' loaded for trajectory optimization.
[INFO] [1783859126.732260233, 182.094000000]: Footprint model 'polygon' loaded for trajectory optimization.
[INFO] [1783859127.386130995, 182.744000000]: Footprint model 'polygon' loaded for trajectory optimization.
[INFO] [1783859128.817065236, 184.172000000]: GOAL Reached!
[INFO] [1783859128.898272455, 184.252000000]: Footprint model 'polygon' loaded for trajectory optimization.
[INFO] [1783859129.784089752, 185.136000000]: Footprint model 'polygon' loaded for trajectory optimization.
[INFO] [1783859130.471703983, 185.824000000]: Footprint model 'polygon' loaded for trajectory optimization.
[INFO] [1783859131.166017018, 186.520000000]: Footprint model 'polygon' loaded for trajectory optimization.
[INFO] [1783859132.901346144, 188.250000000]: GOAL Reached!
[INFO] [1783859132.995004092, 188.344000000]: Footprint model 'polygon' loaded for trajectory optimization.
[INFO] [1783859133.869340281, 189.216000000]: Footprint model 'polygon' loaded for trajectory optimization.
[INFO] [1783859134.560708695, 189.908000000]: Footprint model 'polygon' loaded for trajectory optimization.
[INFO] [1783859135.264219123, 190.608000000]: Footprint model 'polygon' loaded for trajectory optimization.
[INFO] [1783859137.095727761, 192.436000000]: GOAL Reached!
[INFO] [1783859137.181143377, 192.522000000]: Footprint model 'polygon' loaded for trajectory optimization.
[INFO] [1783859138.056182588, 193.394000000]: Footprint model 'polygon' loaded for trajectory optimization.
[INFO] [1783859138.691373722, 194.032000000]: Footprint model 'polygon' loaded for trajectory optimization.
[INFO] [1783859139.344338161, 194.680000000]: Footprint model 'polygon' loaded for trajectory optimization.
[INFO] [1783859139.894873438, 195.232000000]: Footprint model 'polygon' loaded for trajectory optimization.
[INFO] [1783859141.275989835, 196.610000000]: GOAL Reached!
[INFO] [1783859141.369977885, 196.704000000]: Footprint model 'polygon' loaded for trajectory optimization.
[INFO] [1783859142.242591622, 197.574000000]: Footprint model 'polygon' loaded for trajectory optimization.
[INFO] [1783859142.844495139, 198.176000000]: Footprint model 'polygon' loaded for trajectory optimization.
[INFO] [1783859143.543328450, 198.874000000]: Footprint model 'polygon' loaded for trajectory optimization.
[INFO] [1783859145.375363831, 200.702000000]: GOAL Reached!
[INFO] [1783859145.462233501, 200.788000000]: Footprint model 'polygon' loaded for trajectory optimization.
[INFO] [1783859146.353970264, 201.676000000]: Footprint model 'polygon' loaded for trajectory optimization.
[INFO] [1783859146.989744448, 202.314000000]: Footprint model 'polygon' loaded for trajectory optimization.
[INFO] [1783859147.592632139, 202.916000000]: Footprint model 'polygon' loaded for trajectory optimization.
[INFO] [1783859148.240246945, 203.564000000]: Footprint model 'polygon' loaded for trajectory optimization.
[INFO] [1783859149.672341812, 204.992000000]: GOAL Reached!
[INFO] [1783859149.754392482, 205.072000000]: Footprint model 'polygon' loaded for trajectory optimization.
[INFO] [1783859150.639124796, 205.958000000]: Footprint model 'polygon' loaded for trajectory optimization.
[INFO] [1783859151.275039095, 206.596000000]: Footprint model 'polygon' loaded for trajectory optimization.
[INFO] [1783859151.878192379, 207.196000000]: Footprint model 'polygon' loaded for trajectory optimization.
[INFO] [1783859153.761689761, 209.074000000]: GOAL Reached!
[INFO] [1783859153.854882643, 209.168000000]: Footprint model 'polygon' loaded for trajectory optimization.
[INFO] [1783859154.721912399, 210.034000000]: Footprint model 'polygon' loaded for trajectory optimization.
[INFO] [1783859155.270395280, 210.586000000]: Footprint model 'polygon' loaded for trajectory optimization.
[INFO] [1783859155.923189342, 211.234000000]: Footprint model 'polygon' loaded for trajectory optimization.
[INFO] [1783859156.525003280, 211.834000000]: Footprint model 'polygon' loaded for trajectory optimization.
[INFO] [1783859157.959524076, 213.264000000]: GOAL Reached!
[INFO] [1783859158.044501939, 213.350000000]: Footprint model 'polygon' loaded for trajectory optimization.
[INFO] [1783859158.906956200, 214.212000000]: Footprint model 'polygon' loaded for trajectory optimization.
[INFO] [1783859159.522697770, 214.826000000]: Footprint model 'polygon' loaded for trajectory optimization.
[INFO] [1783859160.167970468, 215.470000000]: Footprint model 'polygon' loaded for trajectory optimization.
[INFO] [1783859160.768453925, 216.070000000]: Footprint model 'polygon' loaded for trajectory optimization.
[INFO] [1783859162.147247629, 217.448000000]: GOAL Reached!
[INFO] [1783859162.230719182, 217.530000000]: Footprint model 'polygon' loaded for trajectory optimization.
[INFO] [1783859163.097419220, 218.396000000]: Footprint model 'polygon' loaded for trajectory optimization.
[INFO] [1783859163.751503546, 219.048000000]: Footprint model 'polygon' loaded for trajectory optimization.
[INFO] [1783859164.395646801, 219.694000000]: Footprint model 'polygon' loaded for trajectory optimization.
[INFO] [1783859166.229465557, 221.522000000]: GOAL Reached!
[INFO] [1783859166.323348856, 221.616000000]: Footprint model 'polygon' loaded for trajectory optimization.
[INFO] [1783859167.182629683, 222.476000000]: Footprint model 'polygon' loaded for trajectory optimization.
[INFO] [1783859167.779145119, 223.074000000]: Footprint model 'polygon' loaded for trajectory optimization.
[INFO] [1783859168.384078745, 223.674000000]: Footprint model 'polygon' loaded for trajectory optimization.
[INFO] [1783859170.416005313, 225.704000000]: GOAL Reached!
[INFO] [1783859170.501122386, 225.790000000]: Footprint model 'polygon' loaded for trajectory optimization.
[INFO] [1783859171.388613377, 226.674000000]: Footprint model 'polygon' loaded for trajectory optimization.
[INFO] [1783859172.081785097, 227.368000000]: Footprint model 'polygon' loaded for trajectory optimization.
[INFO] [1783859172.735574245, 228.020000000]: Footprint model 'polygon' loaded for trajectory optimization.
[INFO] [1783859173.330785003, 228.614000000]: Footprint model 'polygon' loaded for trajectory optimization.
[INFO] [1783859173.984279361, 229.266000000]: Footprint model 'polygon' loaded for trajectory optimization.
[INFO] [1783859175.413932715, 230.694000000]: GOAL Reached!
[INFO] [1783859175.479153888, 230.760000000]: Footprint model 'polygon' loaded for trajectory optimization.
[INFO] [1783859176.327905452, 231.604000000]: Footprint model 'polygon' loaded for trajectory optimization.
[INFO] [1783859176.977566997, 232.254000000]: Footprint model 'polygon' loaded for trajectory optimization.
[INFO] [1783859177.647334546, 232.920000000]: Footprint model 'polygon' loaded for trajectory optimization.
[INFO] [1783859179.475995882, 234.746000000]: GOAL Reached!
[INFO] [1783859179.559659020, 234.830000000]: Footprint model 'polygon' loaded for trajectory optimization.
[INFO] [1783859180.430150897, 235.698000000]: Footprint model 'polygon' loaded for trajectory optimization.
[INFO] [1783859181.123461328, 236.392000000]: Footprint model 'polygon' loaded for trajectory optimization.
[INFO] [1783859181.773546634, 237.042000000]: Footprint model 'polygon' loaded for trajectory optimization.
[INFO] [1783859183.556566595, 238.820000000]: GOAL Reached!
[INFO] [1783859183.645987452, 238.908000000]: Footprint model 'polygon' loaded for trajectory optimization.
[INFO] [1783859184.514160452, 239.776000000]: Footprint model 'polygon' loaded for trajectory optimization.
[INFO] [1783859185.165282233, 240.426000000]: Footprint model 'polygon' loaded for trajectory optimization.
[INFO] [1783859185.764751234, 241.024000000]: Footprint model 'polygon' loaded for trajectory optimization.
[INFO] [1783859187.643656120, 242.902000000]: GOAL Reached!
[INFO] [1783859187.749118254, 243.006000000]: Footprint model 'polygon' loaded for trajectory optimization.
[INFO] [1783859188.621796346, 243.876000000]: Footprint model 'polygon' loaded for trajectory optimization.
[INFO] [1783859189.272929516, 244.528000000]: Footprint model 'polygon' loaded for trajectory optimization.
[INFO] [1783859189.919758477, 245.172000000]: Footprint model 'polygon' loaded for trajectory optimization.
[INFO] [1783859191.751540611, 247.002000000]: GOAL Reached!
[INFO] [1783859191.856148459, 247.106000000]: Footprint model 'polygon' loaded for trajectory optimization.
[INFO] [1783859192.727128602, 247.976000000]: Footprint model 'polygon' loaded for trajectory optimization.
[INFO] [1783859193.325643996, 248.574000000]: Footprint model 'polygon' loaded for trajectory optimization.
[INFO] [1783859193.930173231, 249.176000000]: Footprint model 'polygon' loaded for trajectory optimization.
[INFO] [1783859194.530529204, 249.774000000]: Footprint model 'polygon' loaded for trajectory optimization.
[INFO] [1783859195.961751713, 251.204000000]: GOAL Reached!
[INFO] [1783859196.053505682, 251.296000000]: Footprint model 'polygon' loaded for trajectory optimization.
[INFO] [1783859196.934923817, 252.176000000]: Footprint model 'polygon' loaded for trajectory optimization.
[INFO] [1783859197.574469161, 252.816000000]: Footprint model 'polygon' loaded for trajectory optimization.
[INFO] [1783859198.222590287, 253.462000000]: Footprint model 'polygon' loaded for trajectory optimization.
[INFO] [1783859200.257482593, 255.492000000]: GOAL Reached!
[INFO] [1783859200.363417705, 255.598000000]: Footprint model 'polygon' loaded for trajectory optimization.
[INFO] [1783859201.239887482, 256.472000000]: Footprint model 'polygon' loaded for trajectory optimization.
[INFO] [1783859201.796064332, 257.028000000]: Footprint model 'polygon' loaded for trajectory optimization.
[INFO] [1783859202.438314499, 257.668000000]: Footprint model 'polygon' loaded for trajectory optimization.
[INFO] [1783859202.988145476, 258.222000000]: Footprint model 'polygon' loaded for trajectory optimization.
[INFO] [1783859204.371066366, 259.600000000]: GOAL Reached!
[INFO] [1783859204.463541031, 259.692000000]: Footprint model 'polygon' loaded for trajectory optimization.
[INFO] [1783859205.348557357, 260.576000000]: Footprint model 'polygon' loaded for trajectory optimization.
[INFO] [1783859205.988945567, 261.216000000]: Footprint model 'polygon' loaded for trajectory optimization.
[INFO] [1783859206.596124713, 261.820000000]: Footprint model 'polygon' loaded for trajectory optimization.
[INFO] [1783859208.371955180, 263.592000000]: GOAL Reached!
[INFO] [1783859208.452033347, 263.672000000]: Footprint model 'polygon' loaded for trajectory optimization.
[INFO] [1783859209.302365039, 264.524000000]: Footprint model 'polygon' loaded for trajectory optimization.
[INFO] [1783859209.916343859, 265.134000000]: Footprint model 'polygon' loaded for trajectory optimization.
[INFO] [1783859210.515929667, 265.734000000]: Footprint model 'polygon' loaded for trajectory optimization.
[INFO] [1783859211.118087520, 266.336000000]: Footprint model 'polygon' loaded for trajectory optimization.
[INFO] [1783859212.549486706, 267.764000000]: GOAL Reached!
[INFO] [1783859212.633965760, 267.848000000]: Footprint model 'polygon' loaded for trajectory optimization.
[INFO] [1783859213.496985655, 268.710000000]: Footprint model 'polygon' loaded for trajectory optimization.
[INFO] [1783859214.100875371, 269.314000000]: Footprint model 'polygon' loaded for trajectory optimization.
[INFO] [1783859214.800752076, 270.010000000]: Footprint model 'polygon' loaded for trajectory optimization.
[INFO] [1783859216.733906818, 271.940000000]: GOAL Reached!
[INFO] [1783859216.840561040, 272.048000000]: Footprint model 'polygon' loaded for trajectory optimization.
[INFO] [1783859217.730160901, 272.934000000]: Footprint model 'polygon' loaded for trajectory optimization.
[INFO] [1783859218.417172024, 273.624000000]: Footprint model 'polygon' loaded for trajectory optimization.
[INFO] [1783859219.073469011, 274.276000000]: Footprint model 'polygon' loaded for trajectory optimization.
[INFO] [1783859220.851991844, 276.052000000]: GOAL Reached!
[INFO] [1783859220.954534285, 276.154000000]: Footprint model 'polygon' loaded for trajectory optimization.
[INFO] [1783859221.815395497, 277.014000000]: Footprint model 'polygon' loaded for trajectory optimization.
[INFO] [1783859222.428633978, 277.626000000]: Footprint model 'polygon' loaded for trajectory optimization.
[INFO] [1783859223.073687841, 278.270000000]: Footprint model 'polygon' loaded for trajectory optimization.
[INFO] [1783859223.727180887, 278.922000000]: Footprint model 'polygon' loaded for trajectory optimization.
[INFO] [1783859225.052405537, 280.248000000]: GOAL Reached!
[INFO] [1783859225.151825940, 280.346000000]: Footprint model 'polygon' loaded for trajectory optimization.
[INFO] [1783859226.018683504, 281.210000000]: Footprint model 'polygon' loaded for trajectory optimization.
[INFO] [1783859226.630556925, 281.822000000]: Footprint model 'polygon' loaded for trajectory optimization.
[INFO] [1783859227.280212421, 282.470000000]: Footprint model 'polygon' loaded for trajectory optimization.
[INFO] [1783859229.261341342, 284.446000000]: GOAL Reached!
[INFO] [1783859229.359554704, 284.544000000]: Footprint model 'polygon' loaded for trajectory optimization.
[INFO] [1783859230.251067849, 285.436000000]: Footprint model 'polygon' loaded for trajectory optimization.
[INFO] [1783859230.940257572, 286.122000000]: Footprint model 'polygon' loaded for trajectory optimization.
[INFO] [1783859231.592389007, 286.776000000]: Footprint model 'polygon' loaded for trajectory optimization.
[INFO] [1783859233.471926693, 288.650000000]: GOAL Reached!
[INFO] [1783859233.565664863, 288.744000000]: Footprint model 'polygon' loaded for trajectory optimization.
[INFO] [1783859234.436485411, 289.612000000]: Footprint model 'polygon' loaded for trajectory optimization.
[INFO] [1783859235.036121854, 290.212000000]: Footprint model 'polygon' loaded for trajectory optimization.
[INFO] [1783859235.585652395, 290.764000000]: Footprint model 'polygon' loaded for trajectory optimization.
[INFO] [1783859236.186962940, 291.362000000]: Footprint model 'polygon' loaded for trajectory optimization.
[INFO] [1783859237.667106198, 292.842000000]: GOAL Reached!
[INFO] [1783859237.759263853, 292.934000000]: Footprint model 'polygon' loaded for trajectory optimization.
[INFO] [1783859238.644518992, 293.816000000]: Footprint model 'polygon' loaded for trajectory optimization.
[INFO] [1783859239.287816295, 294.458000000]: Footprint model 'polygon' loaded for trajectory optimization.
[INFO] [1783859239.935670828, 295.104000000]: Footprint model 'polygon' loaded for trajectory optimization.
[INFO] [1783859241.863264045, 297.028000000]: GOAL Reached!
[INFO] [1783859241.960056265, 297.124000000]: Footprint model 'polygon' loaded for trajectory optimization.
[INFO] [1783859242.832896308, 297.998000000]: Footprint model 'polygon' loaded for trajectory optimization.
[INFO] [1783859243.480964483, 298.644000000]: Footprint model 'polygon' loaded for trajectory optimization.
[INFO] [1783859244.130498534, 299.292000000]: Footprint model 'polygon' loaded for trajectory optimization.
[INFO] [1783859245.959834576, 301.118000000]: GOAL Reached!
[INFO] [1783859246.044585616, 301.202000000]: Footprint model 'polygon' loaded for trajectory optimization.
[INFO] [1783859246.916084512, 302.074000000]: Footprint model 'polygon' loaded for trajectory optimization.
[INFO] [1783859247.604121453, 302.760000000]: Footprint model 'polygon' loaded for trajectory optimization.
[INFO] [1783859248.256837300, 303.410000000]: Footprint model 'polygon' loaded for trajectory optimization.
[INFO] [1783859250.135642670, 305.286000000]: GOAL Reached!
[INFO] [1783859250.213213910, 305.364000000]: Footprint model 'polygon' loaded for trajectory optimization.
[INFO] [1783859251.108171546, 306.258000000]: Footprint model 'polygon' loaded for trajectory optimization.
[INFO] [1783859251.799763551, 306.948000000]: Footprint model 'polygon' loaded for trajectory optimization.
[INFO] [1783859252.493999949, 307.642000000]: Footprint model 'polygon' loaded for trajectory optimization.
[INFO] [1783859254.327853809, 309.472000000]: GOAL Reached!
[INFO] [1783859254.418587902, 309.564000000]: Footprint model 'polygon' loaded for trajectory optimization.
[INFO] [1783859255.295103162, 310.438000000]: Footprint model 'polygon' loaded for trajectory optimization.
[INFO] [1783859255.845292127, 310.986000000]: Footprint model 'polygon' loaded for trajectory optimization.
[INFO] [1783859256.495680229, 311.636000000]: Footprint model 'polygon' loaded for trajectory optimization.
[INFO] [1783859258.529674971, 313.666000000]: GOAL Reached!
[INFO] [1783859258.632588680, 313.768000000]: Footprint model 'polygon' loaded for trajectory optimization.
[INFO] [1783859259.498693738, 314.634000000]: Footprint model 'polygon' loaded for trajectory optimization.
[INFO] [1783859260.057740377, 315.192000000]: Footprint model 'polygon' loaded for trajectory optimization.
[INFO] [1783859260.703777763, 315.836000000]: Footprint model 'polygon' loaded for trajectory optimization.
[INFO] [1783859261.302574518, 316.434000000]: Footprint model 'polygon' loaded for trajectory optimization.
[INFO] [1783859262.732053250, 317.864000000]: GOAL Reached!
[INFO] [1783859262.833227203, 317.964000000]: Footprint model 'polygon' loaded for trajectory optimization.
[INFO] [1783859263.708132565, 318.834000000]: Footprint model 'polygon' loaded for trajectory optimization.
[INFO] [1783859264.253709784, 319.382000000]: Footprint model 'polygon' loaded for trajectory optimization.
[INFO] [1783859264.857296100, 319.982000000]: Footprint model 'polygon' loaded for trajectory optimization.
[INFO] [1783859265.502947834, 320.628000000]: Footprint model 'polygon' loaded for trajectory optimization.
[INFO] [1783859266.837504576, 321.958000000]: GOAL Reached!
[INFO] [1783859266.933137732, 322.054000000]: Footprint model 'polygon' loaded for trajectory optimization.
[INFO] [1783859267.816339931, 322.936000000]: Footprint model 'polygon' loaded for trajectory optimization.
[INFO] [1783859268.417225854, 323.538000000]: Footprint model 'polygon' loaded for trajectory optimization.
[INFO] [1783859269.115847477, 324.234000000]: Footprint model 'polygon' loaded for trajectory optimization.
[INFO] [1783859271.050041806, 326.164000000]: GOAL Reached!
[INFO] [1783859271.144970704, 326.260000000]: Footprint model 'polygon' loaded for trajectory optimization.
[INFO] [1783859272.043896588, 327.156000000]: Footprint model 'polygon' loaded for trajectory optimization.
[INFO] [1783859272.738350026, 327.848000000]: Footprint model 'polygon' loaded for trajectory optimization.
[INFO] [1783859273.333566360, 328.444000000]: Footprint model 'polygon' loaded for trajectory optimization.
[INFO] [1783859275.168122614, 330.274000000]: GOAL Reached!
[INFO] [1783859275.251515167, 330.358000000]: Footprint model 'polygon' loaded for trajectory optimization.
[INFO] [1783859276.127619442, 331.234000000]: Footprint model 'polygon' loaded for trajectory optimization.
[INFO] [1783859276.762363156, 331.868000000]: Footprint model 'polygon' loaded for trajectory optimization.
[INFO] [1783859277.364594576, 332.468000000]: Footprint model 'polygon' loaded for trajectory optimization.
[INFO] [1783859279.244614507, 334.346000000]: GOAL Reached!
[INFO] [1783859279.325139863, 334.426000000]: Footprint model 'polygon' loaded for trajectory optimization.
[INFO] [1783859280.221031657, 335.320000000]: Footprint model 'polygon' loaded for trajectory optimization.
[INFO] [1783859280.855194749, 335.952000000]: Footprint model 'polygon' loaded for trajectory optimization.
[INFO] [1783859281.456125133, 336.552000000]: Footprint model 'polygon' loaded for trajectory optimization.
[INFO] [1783859282.103758376, 337.198000000]: Footprint model 'polygon' loaded for trajectory optimization.
[INFO] [1783859283.633078359, 338.726000000]: GOAL Reached!
[INFO] [1783859283.723120689, 338.816000000]: Footprint model 'polygon' loaded for trajectory optimization.
[INFO] [1783859284.604533049, 339.694000000]: Footprint model 'polygon' loaded for trajectory optimization.
[INFO] [1783859285.244547935, 340.332000000]: Footprint model 'polygon' loaded for trajectory optimization.
[INFO] [1783859285.849606003, 340.938000000]: Footprint model 'polygon' loaded for trajectory optimization.
[INFO] [1783859287.625687780, 342.710000000]: GOAL Reached!
[INFO] [1783859287.718596907, 342.802000000]: Footprint model 'polygon' loaded for trajectory optimization.
[INFO] [1783859288.612285885, 343.696000000]: Footprint model 'polygon' loaded for trajectory optimization.
[INFO] [1783859289.255557804, 344.338000000]: Footprint model 'polygon' loaded for trajectory optimization.
[INFO] [1783859289.855607469, 344.936000000]: Footprint model 'polygon' loaded for trajectory optimization.
[INFO] [1783859290.503406067, 345.584000000]: Footprint model 'polygon' loaded for trajectory optimization.
[INFO] [1783859291.831851037, 346.912000000]: GOAL Reached!
[INFO] [1783859291.923433707, 347.004000000]: Footprint model 'polygon' loaded for trajectory optimization.
[INFO] [1783859292.820423171, 347.894000000]: Footprint model 'polygon' loaded for trajectory optimization.
[INFO] [1783859293.458379804, 348.532000000]: Footprint model 'polygon' loaded for trajectory optimization.
[INFO] [1783859294.057736029, 349.130000000]: Footprint model 'polygon' loaded for trajectory optimization.
[INFO] [1783859296.039761009, 351.108000000]: GOAL Reached!
[INFO] [1783859296.114798911, 351.184000000]: Footprint model 'polygon' loaded for trajectory optimization.
[INFO] [1783859296.985271990, 352.056000000]: Footprint model 'polygon' loaded for trajectory optimization.
[INFO] [1783859297.635380716, 352.702000000]: Footprint model 'polygon' loaded for trajectory optimization.
[INFO] [1783859298.229753503, 353.298000000]: Footprint model 'polygon' loaded for trajectory optimization.
[INFO] [1783859300.105243689, 355.170000000]: GOAL Reached!
[INFO] [1783859300.187118843, 355.252000000]: Footprint model 'polygon' loaded for trajectory optimization.
[INFO] [1783859301.052122927, 356.114000000]: Footprint model 'polygon' loaded for trajectory optimization.
[INFO] [1783859301.604419095, 356.664000000]: Footprint model 'polygon' loaded for trajectory optimization.
[INFO] [1783859302.240220860, 357.298000000]: Footprint model 'polygon' loaded for trajectory optimization.
[INFO] [1783859302.850665621, 357.910000000]: Footprint model 'polygon' loaded for trajectory optimization.
[INFO] [1783859304.285251476, 359.340000000]: GOAL Reached!
[INFO] [1783859304.376250642, 359.432000000]: Footprint model 'polygon' loaded for trajectory optimization.
[INFO] [1783859305.243762960, 360.298000000]: Footprint model 'polygon' loaded for trajectory optimization.
[INFO] [1783859305.839201550, 360.892000000]: Footprint model 'polygon' loaded for trajectory optimization.
[INFO] [1783859306.437153658, 361.490000000]: Footprint model 'polygon' loaded for trajectory optimization.
[INFO] [1783859308.371342058, 363.420000000]: GOAL Reached!
[INFO] [1783859308.467317321, 363.516000000]: Footprint model 'polygon' loaded for trajectory optimization.
[INFO] [1783859309.347522807, 364.394000000]: Footprint model 'polygon' loaded for trajectory optimization.
[INFO] [1783859309.987957560, 365.032000000]: Footprint model 'polygon' loaded for trajectory optimization.
[INFO] [1783859310.586159502, 365.628000000]: Footprint model 'polygon' loaded for trajectory optimization.
[INFO] [1783859312.464143938, 367.506000000]: GOAL Reached!
[INFO] [1783859312.567751571, 367.610000000]: Footprint model 'polygon' loaded for trajectory optimization.
[INFO] [1783859313.437004570, 368.476000000]: Footprint model 'polygon' loaded for trajectory optimization.
[INFO] [1783859313.988995226, 369.026000000]: Footprint model 'polygon' loaded for trajectory optimization.
[INFO] [1783859314.636740905, 369.676000000]: Footprint model 'polygon' loaded for trajectory optimization.
[INFO] [1783859316.670852637, 371.704000000]: GOAL Reached!
[INFO] [1783859316.762304056, 371.796000000]: Footprint model 'polygon' loaded for trajectory optimization.
[INFO] [1783859317.638396225, 372.670000000]: Footprint model 'polygon' loaded for trajectory optimization.
[INFO] [1783859318.195039861, 373.226000000]: Footprint model 'polygon' loaded for trajectory optimization.
[INFO] [1783859318.838163706, 373.870000000]: Footprint model 'polygon' loaded for trajectory optimization.
[INFO] [1783859320.770509693, 375.798000000]: GOAL Reached!
[INFO] [1783859320.859231704, 375.886000000]: Footprint model 'polygon' loaded for trajectory optimization.
[INFO] [1783859321.748310511, 376.774000000]: Footprint model 'polygon' loaded for trajectory optimization.
[INFO] [1783859322.439493981, 377.462000000]: Footprint model 'polygon' loaded for trajectory optimization.
[INFO] [1783859323.034555942, 378.058000000]: Footprint model 'polygon' loaded for trajectory optimization.
[INFO] [1783859323.588224040, 378.610000000]: Footprint model 'polygon' loaded for trajectory optimization.
[INFO] [1783859324.968205989, 379.988000000]: GOAL Reached!
[INFO] [1783859325.057030468, 380.076000000]: Footprint model 'polygon' loaded for trajectory optimization.
[INFO] [1783859325.939425744, 380.958000000]: Footprint model 'polygon' loaded for trajectory optimization.
[INFO] [1783859326.580345741, 381.596000000]: Footprint model 'polygon' loaded for trajectory optimization.
[INFO] [1783859327.229389518, 382.244000000]: Footprint model 'polygon' loaded for trajectory optimization.
[INFO] [1783859329.161039969, 384.174000000]: GOAL Reached!
[INFO] [1783859329.247890416, 384.262000000]: Footprint model 'polygon' loaded for trajectory optimization.
[INFO] [1783859330.124595170, 385.134000000]: Footprint model 'polygon' loaded for trajectory optimization.
[INFO] [1783859330.677775124, 385.686000000]: Footprint model 'polygon' loaded for trajectory optimization.
[INFO] [1783859331.276136813, 386.284000000]: Footprint model 'polygon' loaded for trajectory optimization.
[INFO] [1783859331.921465865, 386.928000000]: Footprint model 'polygon' loaded for trajectory optimization.
[INFO] [1783859333.357736334, 388.362000000]: GOAL Reached!
[INFO] [1783859333.447928647, 388.452000000]: Footprint model 'polygon' loaded for trajectory optimization.
[INFO] [1783859334.330893226, 389.334000000]: Footprint model 'polygon' loaded for trajectory optimization.
[INFO] [1783859334.888400396, 389.890000000]: Footprint model 'polygon' loaded for trajectory optimization.
[INFO] [1783859335.480628879, 390.484000000]: Footprint model 'polygon' loaded for trajectory optimization.
[INFO] [1783859336.084000068, 391.084000000]: Footprint model 'polygon' loaded for trajectory optimization.
[INFO] [1783859337.562295405, 392.564000000]: GOAL Reached!
[INFO] [1783859337.636692920, 392.636000000]: Footprint model 'polygon' loaded for trajectory optimization.
[INFO] [1783859338.517248481, 393.516000000]: Footprint model 'polygon' loaded for trajectory optimization.
[INFO] [1783859339.220934645, 394.216000000]: Footprint model 'polygon' loaded for trajectory optimization.
[INFO] [1783859339.817112869, 394.812000000]: Footprint model 'polygon' loaded for trajectory optimization.
[INFO] [1783859340.366681699, 395.360000000]: Footprint model 'polygon' loaded for trajectory optimization.
[INFO] [1783859341.749317140, 396.740000000]: GOAL Reached!
[INFO] [1783859341.840533377, 396.832000000]: Footprint model 'polygon' loaded for trajectory optimization.
[INFO] [1783859342.728037454, 397.716000000]: Footprint model 'polygon' loaded for trajectory optimization.
[INFO] [1783859343.358814481, 398.348000000]: Footprint model 'polygon' loaded for trajectory optimization.
[INFO] [1783859343.961129030, 398.948000000]: Footprint model 'polygon' loaded for trajectory optimization.
[INFO] [1783859345.840936025, 400.826000000]: GOAL Reached!
[INFO] [1783859345.927621214, 400.914000000]: Footprint model 'polygon' loaded for trajectory optimization.
[INFO] [1783859346.795307169, 401.778000000]: Footprint model 'polygon' loaded for trajectory optimization.
[INFO] [1783859347.491919378, 402.476000000]: Footprint model 'polygon' loaded for trajectory optimization.
[INFO] [1783859348.141168694, 403.124000000]: Footprint model 'polygon' loaded for trajectory optimization.
[INFO] [1783859350.021461460, 405.002000000]: GOAL Reached!
[INFO] [1783859350.123534429, 405.106000000]: Footprint model 'polygon' loaded for trajectory optimization.
[INFO] [1783859351.016983716, 405.994000000]: Footprint model 'polygon' loaded for trajectory optimization.
[INFO] [1783859351.567192216, 406.544000000]: Footprint model 'polygon' loaded for trajectory optimization.
[INFO] [1783859352.167925082, 407.144000000]: Footprint model 'polygon' loaded for trajectory optimization.
[INFO] [1783859354.050044415, 409.022000000]: GOAL Reached!
[INFO] [1783859354.142612496, 409.114000000]: Footprint model 'polygon' loaded for trajectory optimization.
[INFO] [1783859355.003231337, 409.974000000]: Footprint model 'polygon' loaded for trajectory optimization.
[INFO] [1783859355.608166780, 410.578000000]: Footprint model 'polygon' loaded for trajectory optimization.
[INFO] [1783859356.298536534, 411.266000000]: Footprint model 'polygon' loaded for trajectory optimization.
[INFO] [1783859358.240755414, 413.206000000]: GOAL Reached!
[INFO] [1783859358.330434313, 413.294000000]: Footprint model 'polygon' loaded for trajectory optimization.
[INFO] [1783859359.199458114, 414.166000000]: Footprint model 'polygon' loaded for trajectory optimization.
[INFO] [1783859359.800315642, 414.764000000]: Footprint model 'polygon' loaded for trajectory optimization.
[INFO] [1783859360.400908130, 415.362000000]: Footprint model 'polygon' loaded for trajectory optimization.
[INFO] [1783859361.101757011, 416.062000000]: Footprint model 'polygon' loaded for trajectory optimization.
[INFO] [1783859362.533695319, 417.490000000]: GOAL Reached!
[INFO] [1783859362.612265758, 417.568000000]: Footprint model 'polygon' loaded for trajectory optimization.
[INFO] [1783859363.497823034, 418.454000000]: Footprint model 'polygon' loaded for trajectory optimization.
[INFO] [1783859364.193959187, 419.146000000]: Footprint model 'polygon' loaded for trajectory optimization.
[INFO] [1783859364.893471042, 419.848000000]: Footprint model 'polygon' loaded for trajectory optimization.
[INFO] [1783859366.627507254, 421.576000000]: GOAL Reached!
[INFO] [1783859366.712238486, 421.662000000]: Footprint model 'polygon' loaded for trajectory optimization.
[INFO] [1783859367.569085187, 422.516000000]: Footprint model 'polygon' loaded for trajectory optimization.
[INFO] [1783859368.178685282, 423.124000000]: Footprint model 'polygon' loaded for trajectory optimization.
[INFO] [1783859368.871732511, 423.816000000]: Footprint model 'polygon' loaded for trajectory optimization.
[INFO] [1783859370.705814772, 425.646000000]: GOAL Reached!
[INFO] [1783859370.792305133, 425.732000000]: Footprint model 'polygon' loaded for trajectory optimization.
[INFO] [1783859371.676990987, 426.616000000]: Footprint model 'polygon' loaded for trajectory optimization.
[INFO] [1783859372.320393595, 427.258000000]: Footprint model 'polygon' loaded for trajectory optimization.
[INFO] [1783859372.970980858, 427.908000000]: Footprint model 'polygon' loaded for trajectory optimization.
[INFO] [1783859374.900834694, 429.834000000]: GOAL Reached!
[INFO] [1783859374.994899388, 429.928000000]: Footprint model 'polygon' loaded for trajectory optimization.
[INFO] [1783859375.880368902, 430.814000000]: Footprint model 'polygon' loaded for trajectory optimization.
[INFO] [1783859376.435650364, 431.368000000]: Footprint model 'polygon' loaded for trajectory optimization.
[INFO] [1783859377.036088164, 431.966000000]: Footprint model 'polygon' loaded for trajectory optimization.
[INFO] [1783859379.010910701, 433.938000000]: GOAL Reached!
[INFO] [1783859379.102159846, 434.028000000]: Footprint model 'polygon' loaded for trajectory optimization.
[INFO] [1783859379.976553654, 434.900000000]: Footprint model 'polygon' loaded for trajectory optimization.
[INFO] [1783859380.618688938, 435.544000000]: Footprint model 'polygon' loaded for trajectory optimization.
[INFO] [1783859381.267501019, 436.190000000]: Footprint model 'polygon' loaded for trajectory optimization.
[INFO] [1783859383.101808472, 438.020000000]: GOAL Reached!
[INFO] [1783859383.190905361, 438.110000000]: Footprint model 'polygon' loaded for trajectory optimization.
[INFO] [1783859384.079146689, 438.996000000]: Footprint model 'polygon' loaded for trajectory optimization.
[INFO] [1783859384.726210296, 439.642000000]: Footprint model 'polygon' loaded for trajectory optimization.
[INFO] [1783859385.372958006, 440.288000000]: Footprint model 'polygon' loaded for trajectory optimization.
[INFO] [1783859385.923970967, 440.838000000]: Footprint model 'polygon' loaded for trajectory optimization.
[INFO] [1783859387.203943668, 442.116000000]: GOAL Reached!
[INFO] [1783859387.305364113, 442.218000000]: Footprint model 'polygon' loaded for trajectory optimization.
[INFO] [1783859388.186676165, 443.096000000]: Footprint model 'polygon' loaded for trajectory optimization.
[INFO] [1783859388.881855069, 443.790000000]: Footprint model 'polygon' loaded for trajectory optimization.
[INFO] [1783859389.474957310, 444.384000000]: Footprint model 'polygon' loaded for trajectory optimization.
[INFO] [1783859390.081925715, 444.988000000]: Footprint model 'polygon' loaded for trajectory optimization.
[INFO] [1783859391.409625736, 446.316000000]: GOAL Reached!
[INFO] [1783859391.512088439, 446.418000000]: Footprint model 'polygon' loaded for trajectory optimization.
[INFO] [1783859392.370532517, 447.274000000]: Footprint model 'polygon' loaded for trajectory optimization.
[INFO] [1783859393.074897458, 447.978000000]: Footprint model 'polygon' loaded for trajectory optimization.
[INFO] [1783859393.627436937, 448.528000000]: Footprint model 'polygon' loaded for trajectory optimization.
[INFO] [1783859395.508789335, 450.406000000]: GOAL Reached!
[INFO] [1783859395.610430685, 450.506000000]: Footprint model 'polygon' loaded for trajectory optimization.
[INFO] [1783859396.477088172, 451.374000000]: Footprint model 'polygon' loaded for trajectory optimization.
[INFO] [1783859397.127245080, 452.022000000]: Footprint model 'polygon' loaded for trajectory optimization.
[INFO] [1783859397.774758332, 452.670000000]: Footprint model 'polygon' loaded for trajectory optimization.
[INFO] [1783859399.609309577, 454.500000000]: GOAL Reached!
[INFO] [1783859399.698212878, 454.588000000]: Footprint model 'polygon' loaded for trajectory optimization.
[INFO] [1783859400.567142417, 455.456000000]: Footprint model 'polygon' loaded for trajectory optimization.
[INFO] [1783859401.181767132, 456.068000000]: Footprint model 'polygon' loaded for trajectory optimization.
[INFO] [1783859401.873965637, 456.760000000]: Footprint model 'polygon' loaded for trajectory optimization.
[INFO] [1783859403.706037314, 458.588000000]: GOAL Reached!
[INFO] [1783859403.789241803, 458.672000000]: Footprint model 'polygon' loaded for trajectory optimization.
[INFO] [1783859404.653518799, 459.534000000]: Footprint model 'polygon' loaded for trajectory optimization.
[INFO] [1783859405.360155629, 460.240000000]: Footprint model 'polygon' loaded for trajectory optimization.
[INFO] [1783859406.054113289, 460.932000000]: Footprint model 'polygon' loaded for trajectory optimization.
[INFO] [1783859407.887902613, 462.764000000]: GOAL Reached!
[INFO] [1783859407.989903065, 462.866000000]: Footprint model 'polygon' loaded for trajectory optimization.
[INFO] [1783859408.859597947, 463.736000000]: Footprint model 'polygon' loaded for trajectory optimization.
[INFO] [1783859409.455424276, 464.330000000]: Footprint model 'polygon' loaded for trajectory optimization.
[INFO] [1783859410.006072560, 464.878000000]: Footprint model 'polygon' loaded for trajectory optimization.
[INFO] [1783859410.607583333, 465.478000000]: Footprint model 'polygon' loaded for trajectory optimization.
[INFO] [1783859412.185935020, 467.056000000]: GOAL Reached!
[INFO] [1783859412.274788177, 467.146000000]: Footprint model 'polygon' loaded for trajectory optimization.
[INFO] [1783859413.147971700, 468.014000000]: Footprint model 'polygon' loaded for trajectory optimization.
[INFO] [1783859413.843323424, 468.712000000]: Footprint model 'polygon' loaded for trajectory optimization.
[INFO] [1783859414.393843493, 469.258000000]: Footprint model 'polygon' loaded for trajectory optimization.
[INFO] [1783859416.275502131, 471.138000000]: GOAL Reached!
[INFO] [1783859416.358413099, 471.222000000]: Footprint model 'polygon' loaded for trajectory optimization.
[INFO] [1783859417.239081268, 472.100000000]: Footprint model 'polygon' loaded for trajectory optimization.
[INFO] [1783859417.871096066, 472.730000000]: Footprint model 'polygon' loaded for trajectory optimization.
[INFO] [1783859418.519627921, 473.378000000]: Footprint model 'polygon' loaded for trajectory optimization.
[INFO] [1783859420.350487605, 475.206000000]: GOAL Reached!
[INFO] [1783859420.447521042, 475.302000000]: Footprint model 'polygon' loaded for trajectory optimization.
[INFO] [1783859421.324539279, 476.176000000]: Footprint model 'polygon' loaded for trajectory optimization.
[INFO] [1783859422.019600886, 476.870000000]: Footprint model 'polygon' loaded for trajectory optimization.
[INFO] [1783859422.618479568, 477.466000000]: Footprint model 'polygon' loaded for trajectory optimization.
[INFO] [1783859424.449509950, 479.296000000]: GOAL Reached!
[INFO] [1783859424.546902823, 479.394000000]: Footprint model 'polygon' loaded for trajectory optimization.
[INFO] [1783859425.408812813, 480.252000000]: Footprint model 'polygon' loaded for trajectory optimization.
[INFO] [1783859426.063315177, 480.906000000]: Footprint model 'polygon' loaded for trajectory optimization.
[INFO] [1783859426.708051012, 481.550000000]: Footprint model 'polygon' loaded for trajectory optimization.
[INFO] [1783859428.543527492, 483.380000000]: GOAL Reached!
[INFO] [1783859428.640270317, 483.478000000]: Footprint model 'polygon' loaded for trajectory optimization.
[INFO] [1783859429.551882200, 484.388000000]: Footprint model 'polygon' loaded for trajectory optimization.
[INFO] [1783859430.172025716, 485.006000000]: Footprint model 'polygon' loaded for trajectory optimization.
[INFO] [1783859430.823233806, 485.658000000]: Footprint model 'polygon' loaded for trajectory optimization.
[INFO] [1783859432.753552939, 487.584000000]: GOAL Reached!
[INFO] [1783859432.850599193, 487.680000000]: Footprint model 'polygon' loaded for trajectory optimization.
[INFO] [1783859433.730947630, 488.560000000]: Footprint model 'polygon' loaded for trajectory optimization.
[INFO] [1783859434.424391755, 489.250000000]: Footprint model 'polygon' loaded for trajectory optimization.
[INFO] [1783859435.073590134, 489.900000000]: Footprint model 'polygon' loaded for trajectory optimization.
[INFO] [1783859436.955163335, 491.778000000]: GOAL Reached!
[INFO] [1783859437.047447871, 491.870000000]: Footprint model 'polygon' loaded for trajectory optimization.
[INFO] [1783859437.915778726, 492.736000000]: Footprint model 'polygon' loaded for trajectory optimization.
[INFO] [1783859438.466676285, 493.288000000]: Footprint model 'polygon' loaded for trajectory optimization.
[INFO] [1783859439.119866579, 493.938000000]: Footprint model 'polygon' loaded for trajectory optimization.
[INFO] [1783859439.667965028, 494.486000000]: Footprint model 'polygon' loaded for trajectory optimization.
[INFO] [1783859441.047971119, 495.864000000]: GOAL Reached!
[INFO] [1783859441.151938607, 495.966000000]: Footprint model 'polygon' loaded for trajectory optimization.
[INFO] [1783859442.043390455, 496.856000000]: Footprint model 'polygon' loaded for trajectory optimization.
[INFO] [1783859442.736557343, 497.548000000]: Footprint model 'polygon' loaded for trajectory optimization.
[INFO] [1783859443.384589038, 498.194000000]: Footprint model 'polygon' loaded for trajectory optimization.
[INFO] [1783859445.361262205, 500.170000000]: GOAL Reached!
[INFO] [1783859445.468403176, 500.276000000]: Footprint model 'polygon' loaded for trajectory optimization.
[INFO] [1783859446.370002340, 501.174000000]: Footprint model 'polygon' loaded for trajectory optimization.
[INFO] [1783859446.957736000, 501.762000000]: Footprint model 'polygon' loaded for trajectory optimization.
[INFO] [1783859447.606729609, 502.410000000]: Footprint model 'polygon' loaded for trajectory optimization.
[INFO] [1783859449.488837235, 504.288000000]: GOAL Reached!
[INFO] [1783859449.575295227, 504.376000000]: Footprint model 'polygon' loaded for trajectory optimization.
[INFO] [1783859450.475135533, 505.274000000]: Footprint model 'polygon' loaded for trajectory optimization.
[INFO] [1783859451.064262286, 505.860000000]: Footprint model 'polygon' loaded for trajectory optimization.
[INFO] [1783859451.718088409, 506.516000000]: Footprint model 'polygon' loaded for trajectory optimization.
[INFO] [1783859452.319883209, 507.114000000]: Footprint model 'polygon' loaded for trajectory optimization.
[INFO] [1783859452.913613736, 507.708000000]: Footprint model 'polygon' loaded for trajectory optimization.
[INFO] [1783859454.494612508, 509.286000000]: GOAL Reached!
[INFO] [1783859454.593918877, 509.386000000]: Footprint model 'polygon' loaded for trajectory optimization.
[INFO] [1783859455.462152351, 510.254000000]: Footprint model 'polygon' loaded for trajectory optimization.
[INFO] [1783859456.113807620, 510.904000000]: Footprint model 'polygon' loaded for trajectory optimization.
[INFO] [1783859456.712251060, 511.500000000]: Footprint model 'polygon' loaded for trajectory optimization.
[INFO] [1783859458.590502811, 513.376000000]: GOAL Reached!
[INFO] [1783859458.684689840, 513.470000000]: Footprint model 'polygon' loaded for trajectory optimization.
[INFO] [1783859459.572260116, 514.358000000]: Footprint model 'polygon' loaded for trajectory optimization.
[INFO] [1783859460.271374881, 515.054000000]: Footprint model 'polygon' loaded for trajectory optimization.
[INFO] [1783859460.971631045, 515.752000000]: Footprint model 'polygon' loaded for trajectory optimization.
[INFO] [1783859462.701441269, 517.480000000]: GOAL Reached!
[INFO] [1783859462.806493744, 517.586000000]: Footprint model 'polygon' loaded for trajectory optimization.
[INFO] [1783859463.677287186, 518.454000000]: Footprint model 'polygon' loaded for trajectory optimization.
[INFO] [1783859464.322914892, 519.100000000]: Footprint model 'polygon' loaded for trajectory optimization.
[INFO] [1783859464.926281968, 519.700000000]: Footprint model 'polygon' loaded for trajectory optimization.
[INFO] [1783859466.801232764, 521.576000000]: GOAL Reached!
[INFO] [1783859466.900606838, 521.674000000]: Footprint model 'polygon' loaded for trajectory optimization.
[INFO] [1783859467.786125885, 522.556000000]: Footprint model 'polygon' loaded for trajectory optimization.
[INFO] [1783859468.373909700, 523.144000000]: Footprint model 'polygon' loaded for trajectory optimization.
[INFO] [1783859469.018434612, 523.784000000]: Footprint model 'polygon' loaded for trajectory optimization.
[INFO] [1783859470.808371946, 525.572000000]: GOAL Reached!
[INFO] [1783859470.890253413, 525.654000000]: Footprint model 'polygon' loaded for trajectory optimization.
[INFO] [1783859471.751429096, 526.514000000]: Footprint model 'polygon' loaded for trajectory optimization.
[INFO] [1783859472.407812511, 527.168000000]: Footprint model 'polygon' loaded for trajectory optimization.
[INFO] [1783859473.052227342, 527.812000000]: Footprint model 'polygon' loaded for trajectory optimization.
[INFO] [1783859474.785162201, 529.542000000]: GOAL Reached!
[INFO] [1783859474.887945721, 529.644000000]: Footprint model 'polygon' loaded for trajectory optimization.
[INFO] [1783859475.784687481, 530.538000000]: Footprint model 'polygon' loaded for trajectory optimization.
[INFO] [1783859476.412400202, 531.166000000]: Footprint model 'polygon' loaded for trajectory optimization.
[INFO] [1783859477.062266507, 531.814000000]: Footprint model 'polygon' loaded for trajectory optimization.
[INFO] [1783859477.621000246, 532.372000000]: Footprint model 'polygon' loaded for trajectory optimization.
[INFO] [1783859479.098605559, 533.846000000]: GOAL Reached!
[INFO] [1783859479.201927925, 533.950000000]: Footprint model 'polygon' loaded for trajectory optimization.
[INFO] [1783859480.086777778, 534.834000000]: Footprint model 'polygon' loaded for trajectory optimization.
[INFO] [1783859480.635729153, 535.382000000]: Footprint model 'polygon' loaded for trajectory optimization.
[INFO] [1783859481.287142706, 536.032000000]: Footprint model 'polygon' loaded for trajectory optimization.
[INFO] [1783859481.883933904, 536.626000000]: Footprint model 'polygon' loaded for trajectory optimization.
[INFO] [1783859483.312196122, 538.058000000]: GOAL Reached!
[INFO] [1783859483.409224399, 538.154000000]: Footprint model 'polygon' loaded for trajectory optimization.
[INFO] [1783859484.277782352, 539.018000000]: Footprint model 'polygon' loaded for trajectory optimization.
[INFO] [1783859484.874343069, 539.614000000]: Footprint model 'polygon' loaded for trajectory optimization.
[INFO] [1783859485.426601274, 540.164000000]: Footprint model 'polygon' loaded for trajectory optimization.
[INFO] [1783859486.032118739, 540.768000000]: Footprint model 'polygon' loaded for trajectory optimization.
[INFO] [1783859487.409341242, 542.144000000]: GOAL Reached!
[INFO] [1783859487.515742886, 542.250000000]: Footprint model 'polygon' loaded for trajectory optimization.
[INFO] [1783859488.409397317, 543.140000000]: Footprint model 'polygon' loaded for trajectory optimization.
[INFO] [1783859489.038363156, 543.768000000]: Footprint model 'polygon' loaded for trajectory optimization.
[INFO] [1783859489.644554239, 544.374000000]: Footprint model 'polygon' loaded for trajectory optimization.
[INFO] [1783859491.524758860, 546.252000000]: GOAL Reached!
[INFO] [1783859491.599339751, 546.326000000]: Footprint model 'polygon' loaded for trajectory optimization.
[INFO] [1783859492.471717371, 547.194000000]: Footprint model 'polygon' loaded for trajectory optimization.
[INFO] [1783859493.154438259, 547.882000000]: Footprint model 'polygon' loaded for trajectory optimization.
[INFO] [1783859493.857653810, 548.580000000]: Footprint model 'polygon' loaded for trajectory optimization.
[INFO] [1783859495.592056937, 550.310000000]: GOAL Reached!
[INFO] [1783859495.698991989, 550.418000000]: Footprint model 'polygon' loaded for trajectory optimization.
[INFO] [1783859496.578998258, 551.298000000]: Footprint model 'polygon' loaded for trajectory optimization.
[INFO] [1783859497.217247315, 551.934000000]: Footprint model 'polygon' loaded for trajectory optimization.
[INFO] [1783859497.865117563, 552.582000000]: Footprint model 'polygon' loaded for trajectory optimization.
[INFO] [1783859499.799145950, 554.510000000]: GOAL Reached!
[INFO] [1783859499.909641977, 554.620000000]: Footprint model 'polygon' loaded for trajectory optimization.
[INFO] [1783859500.787071129, 555.498000000]: Footprint model 'polygon' loaded for trajectory optimization.
[INFO] [1783859501.391060324, 556.100000000]: Footprint model 'polygon' loaded for trajectory optimization.
[INFO] [1783859501.939402441, 556.648000000]: Footprint model 'polygon' loaded for trajectory optimization.
[INFO] [1783859502.537712786, 557.246000000]: Footprint model 'polygon' loaded for trajectory optimization.
[INFO] [1783859503.919309385, 558.624000000]: GOAL Reached!
[INFO] [1783859504.023074184, 558.728000000]: Footprint model 'polygon' loaded for trajectory optimization.
[INFO] [1783859504.891686277, 559.594000000]: Footprint model 'polygon' loaded for trajectory optimization.
[INFO] [1783859505.492340936, 560.194000000]: Footprint model 'polygon' loaded for trajectory optimization.
[INFO] [1783859506.088478281, 560.792000000]: Footprint model 'polygon' loaded for trajectory optimization.
[INFO] [1783859506.643398864, 561.344000000]: Footprint model 'polygon' loaded for trajectory optimization.
[INFO] [1783859508.125209298, 562.822000000]: GOAL Reached!
[INFO] [1783859508.215923245, 562.912000000]: Footprint model 'polygon' loaded for trajectory optimization.
[INFO] [1783859509.138295444, 563.834000000]: Footprint model 'polygon' loaded for trajectory optimization.
[INFO] [1783859509.734405032, 564.428000000]: Footprint model 'polygon' loaded for trajectory optimization.
[INFO] [1783859510.333907452, 565.026000000]: Footprint model 'polygon' loaded for trajectory optimization.
[INFO] [1783859510.935057808, 565.628000000]: Footprint model 'polygon' loaded for trajectory optimization.
[INFO] [1783859512.315264264, 567.004000000]: GOAL Reached!
[INFO] [1783859512.405388076, 567.094000000]: Footprint model 'polygon' loaded for trajectory optimization.
[INFO] [1783859513.293083957, 567.982000000]: Footprint model 'polygon' loaded for trajectory optimization.
[INFO] [1783859513.931597241, 568.618000000]: Footprint model 'polygon' loaded for trajectory optimization.
[INFO] [1783859514.532323440, 569.218000000]: Footprint model 'polygon' loaded for trajectory optimization.
[INFO] [1783859516.410953094, 571.094000000]: GOAL Reached!
[INFO] [1783859516.507503772, 571.190000000]: Footprint model 'polygon' loaded for trajectory optimization.
[INFO] [1783859517.393573318, 572.074000000]: Footprint model 'polygon' loaded for trajectory optimization.
[INFO] [1783859517.994156388, 572.676000000]: Footprint model 'polygon' loaded for trajectory optimization.
[INFO] [1783859518.639560684, 573.320000000]: Footprint model 'polygon' loaded for trajectory optimization.
[INFO] [1783859520.618907157, 575.298000000]: GOAL Reached!
[INFO] [1783859520.726179317, 575.404000000]: Footprint model 'polygon' loaded for trajectory optimization.
[INFO] [1783859521.600969259, 576.278000000]: Footprint model 'polygon' loaded for trajectory optimization.
[INFO] [1783859522.197532863, 576.876000000]: Footprint model 'polygon' loaded for trajectory optimization.
[INFO] [1783859522.903580355, 577.580000000]: Footprint model 'polygon' loaded for trajectory optimization.
[INFO] [1783859523.605062614, 578.278000000]: Footprint model 'polygon' loaded for trajectory optimization.
[INFO] [1783859524.932943390, 579.604000000]: GOAL Reached!
[INFO] [1783859525.023674139, 579.696000000]: Footprint model 'polygon' loaded for trajectory optimization.
[INFO] [1783859525.908037777, 580.576000000]: Footprint model 'polygon' loaded for trajectory optimization.
[INFO] [1783859526.546747425, 581.216000000]: Footprint model 'polygon' loaded for trajectory optimization.
[INFO] [1783859527.147035597, 581.816000000]: Footprint model 'polygon' loaded for trajectory optimization.
[INFO] [1783859527.745644626, 582.412000000]: Footprint model 'polygon' loaded for trajectory optimization.
[INFO] [1783859529.327203182, 583.990000000]: GOAL Reached!
[INFO] [1783859529.418636335, 584.082000000]: Footprint model 'polygon' loaded for trajectory optimization.
[INFO] [1783859530.290941528, 584.954000000]: Footprint model 'polygon' loaded for trajectory optimization.
[INFO] [1783859530.936200935, 585.598000000]: Footprint model 'polygon' loaded for trajectory optimization.
[INFO] [1783859531.528859048, 586.192000000]: Footprint model 'polygon' loaded for trajectory optimization.
[INFO] [1783859533.518074549, 588.174000000]: GOAL Reached!
[INFO] [1783859533.615204374, 588.272000000]: Footprint model 'polygon' loaded for trajectory optimization.
[INFO] [1783859534.478885403, 589.134000000]: Footprint model 'polygon' loaded for trajectory optimization.
[INFO] [1783859535.074971047, 589.730000000]: Footprint model 'polygon' loaded for trajectory optimization.
[INFO] [1783859535.667899779, 590.320000000]: Footprint model 'polygon' loaded for trajectory optimization.
[INFO] [1783859536.223606689, 590.880000000]: Footprint model 'polygon' loaded for trajectory optimization.
[INFO] [1783859537.606855346, 592.258000000]: GOAL Reached!
[INFO] [1783859537.702445342, 592.354000000]: Footprint model 'polygon' loaded for trajectory optimization.
[INFO] [1783859538.587678917, 593.236000000]: Footprint model 'polygon' loaded for trajectory optimization.
[INFO] [1783859539.229795100, 593.878000000]: Footprint model 'polygon' loaded for trajectory optimization.
[INFO] [1783859539.830978808, 594.478000000]: Footprint model 'polygon' loaded for trajectory optimization.
[INFO] [1783859540.431911161, 595.076000000]: Footprint model 'polygon' loaded for trajectory optimization.
[INFO] [1783859541.812448938, 596.456000000]: GOAL Reached!
[INFO] [1783859541.910697389, 596.556000000]: Footprint model 'polygon' loaded for trajectory optimization.
[INFO] [1783859542.792692323, 597.438000000]: Footprint model 'polygon' loaded for trajectory optimization.
[INFO] [1783859543.484680603, 598.126000000]: Footprint model 'polygon' loaded for trajectory optimization.
[INFO] [1783859544.180123174, 598.820000000]: Footprint model 'polygon' loaded for trajectory optimization.
[INFO] [1783859546.009048230, 600.646000000]: GOAL Reached!
[INFO] [1783859546.101360134, 600.738000000]: Footprint model 'polygon' loaded for trajectory optimization.
[INFO] [1783859546.960866694, 601.596000000]: Footprint model 'polygon' loaded for trajectory optimization.
[INFO] [1783859547.563020173, 602.196000000]: Footprint model 'polygon' loaded for trajectory optimization.
[INFO] [1783859548.160096598, 602.790000000]: Footprint model 'polygon' loaded for trajectory optimization.
[INFO] [1783859548.861737247, 603.494000000]: Footprint model 'polygon' loaded for trajectory optimization.
[INFO] [1783859549.713865412, 604.342000000]: Footprint model 'polygon' loaded for trajectory optimization.
[INFO] [1783859550.260550643, 604.888000000]: Footprint model 'polygon' loaded for trajectory optimization.
[INFO] [1783859550.910788211, 605.536000000]: Footprint model 'polygon' loaded for trajectory optimization.
[INFO] [1783859551.510431998, 606.136000000]: Footprint model 'polygon' loaded for trajectory optimization.
[INFO] [1783859553.153421872, 607.776000000]: GOAL Reached!
[INFO] [1783859553.251267608, 607.874000000]: Footprint model 'polygon' loaded for trajectory optimization.
[INFO] [1783859554.120346586, 608.742000000]: Footprint model 'polygon' loaded for trajectory optimization.
[INFO] [1783859554.669591355, 609.290000000]: Footprint model 'polygon' loaded for trajectory optimization.
[INFO] [1783859555.282584049, 609.904000000]: Footprint model 'polygon' loaded for trajectory optimization.
[INFO] [1783859556.247274097, 610.866000000]: Footprint model 'polygon' loaded for trajectory optimization.
[INFO] [1783859557.267114264, 611.884000000]: Footprint model 'polygon' loaded for trajectory optimization.
[INFO] [1783859558.105629996, 612.724000000]: Footprint model 'polygon' loaded for trajectory optimization.
[INFO] [1783859558.713033789, 613.326000000]: Footprint model 'polygon' loaded for trajectory optimization.
[INFO] [1783859559.264137013, 613.876000000]: Footprint model 'polygon' loaded for trajectory optimization.
[INFO] [1783859559.914988390, 614.526000000]: Footprint model 'polygon' loaded for trajectory optimization.
[INFO] [1783859561.557221547, 616.166000000]: GOAL Reached!
[INFO] [1783859561.642965059, 616.252000000]: Footprint model 'polygon' loaded for trajectory optimization.
[INFO] [1783859562.518106135, 617.124000000]: Footprint model 'polygon' loaded for trajectory optimization.
[INFO] [1783859563.171378381, 617.778000000]: Footprint model 'polygon' loaded for trajectory optimization.
[INFO] [1783859563.813474094, 618.418000000]: Footprint model 'polygon' loaded for trajectory optimization.
[INFO] [1783859564.374130241, 618.978000000]: Footprint model 'polygon' loaded for trajectory optimization.
[INFO] [1783859564.970825297, 619.576000000]: Footprint model 'polygon' loaded for trajectory optimization.
[INFO] [1783859565.626670064, 620.228000000]: Footprint model 'polygon' loaded for trajectory optimization.
[INFO] [1783859566.586578822, 621.188000000]: Footprint model 'polygon' loaded for trajectory optimization.
[INFO] [1783859567.549347194, 622.148000000]: Footprint model 'polygon' loaded for trajectory optimization.
[INFO] [1783859568.406316390, 623.002000000]: Footprint model 'polygon' loaded for trajectory optimization.
[INFO] [1783859568.949915899, 623.546000000]: Footprint model 'polygon' loaded for trajectory optimization.
[INFO] [1783859569.602886998, 624.198000000]: Footprint model 'polygon' loaded for trajectory optimization.
[INFO] [1783859570.201614776, 624.796000000]: Footprint model 'polygon' loaded for trajectory optimization.
[INFO] [1783859571.843132905, 626.436000000]: GOAL Reached!
[INFO] [1783859571.932991646, 626.526000000]: Footprint model 'polygon' loaded for trajectory optimization.
[INFO] [1783859572.813972347, 627.402000000]: Footprint model 'polygon' loaded for trajectory optimization.
[INFO] [1783859573.358500758, 627.946000000]: Footprint model 'polygon' loaded for trajectory optimization.
[INFO] [1783859574.338994421, 628.928000000]: Footprint model 'polygon' loaded for trajectory optimization.
[INFO] [1783859575.327041001, 629.912000000]: Footprint model 'polygon' loaded for trajectory optimization.
[INFO] [1783859576.172553863, 630.760000000]: Footprint model 'polygon' loaded for trajectory optimization.
[INFO] [1783859576.719990032, 631.304000000]: Footprint model 'polygon' loaded for trajectory optimization.
[INFO] [1783859577.319350762, 631.902000000]: Footprint model 'polygon' loaded for trajectory optimization.
[INFO] [1783859577.917902143, 632.502000000]: Footprint model 'polygon' loaded for trajectory optimization.
[INFO] [1783859579.609113100, 634.190000000]: GOAL Reached!
[INFO] [1783859579.704247609, 634.286000000]: Footprint model 'polygon' loaded for trajectory optimization.
[INFO] [1783859580.587542183, 635.164000000]: Footprint model 'polygon' loaded for trajectory optimization.
[INFO] [1783859581.128369625, 635.708000000]: Footprint model 'polygon' loaded for trajectory optimization.
[INFO] [1783859581.734667776, 636.310000000]: Footprint model 'polygon' loaded for trajectory optimization.
[INFO] [1783859582.710226897, 637.284000000]: Footprint model 'polygon' loaded for trajectory optimization.
[INFO] [1783859583.696034596, 638.270000000]: Footprint model 'polygon' loaded for trajectory optimization.
[INFO] [1783859584.551853939, 639.122000000]: Footprint model 'polygon' loaded for trajectory optimization.
[INFO] [1783859585.242387483, 639.816000000]: Footprint model 'polygon' loaded for trajectory optimization.
[INFO] [1783859585.797016857, 640.366000000]: Footprint model 'polygon' loaded for trajectory optimization.
[INFO] [1783859586.444767258, 641.012000000]: Footprint model 'polygon' loaded for trajectory optimization.
[INFO] [1783859587.886881113, 642.452000000]: GOAL Reached!
[INFO] [1783859587.974980968, 642.540000000]: Footprint model 'polygon' loaded for trajectory optimization.
[INFO] [1783859588.860016812, 643.424000000]: Footprint model 'polygon' loaded for trajectory optimization.
[INFO] [1783859589.547898069, 644.114000000]: Footprint model 'polygon' loaded for trajectory optimization.
[INFO] [1783859590.546014581, 645.108000000]: Footprint model 'polygon' loaded for trajectory optimization.
[INFO] [1783859591.572104852, 646.132000000]: Footprint model 'polygon' loaded for trajectory optimization.
[INFO] [1783859592.423289109, 646.982000000]: Footprint model 'polygon' loaded for trajectory optimization.
[INFO] [1783859593.024582680, 647.582000000]: Footprint model 'polygon' loaded for trajectory optimization.
[INFO] [1783859593.575136121, 648.132000000]: Footprint model 'polygon' loaded for trajectory optimization.
[INFO] [1783859594.171049523, 648.728000000]: Footprint model 'polygon' loaded for trajectory optimization.
[INFO] [1783859595.965750480, 650.518000000]: GOAL Reached!
[INFO] [1783859596.045851393, 650.598000000]: Footprint model 'polygon' loaded for trajectory optimization.
[INFO] [1783859596.910129537, 651.464000000]: Footprint model 'polygon' loaded for trajectory optimization.
[INFO] [1783859597.602178945, 652.152000000]: Footprint model 'polygon' loaded for trajectory optimization.
[INFO] [1783859598.151091703, 652.700000000]: Footprint model 'polygon' loaded for trajectory optimization.
[INFO] [1783859598.751478122, 653.300000000]: Footprint model 'polygon' loaded for trajectory optimization.
[INFO] [1783859599.400476744, 653.946000000]: Footprint model 'polygon' loaded for trajectory optimization.
[INFO] [1783859601.143356539, 655.688000000]: GOAL Reached!
[INFO] [1783859601.251778193, 655.796000000]: Footprint model 'polygon' loaded for trajectory optimization.
[INFO] [1783859602.121299719, 656.662000000]: Footprint model 'polygon' loaded for trajectory optimization.
[INFO] [1783859602.710162534, 657.250000000]: Footprint model 'polygon' loaded for trajectory optimization.
[INFO] [1783859603.685706297, 658.224000000]: Footprint model 'polygon' loaded for trajectory optimization.
[INFO] [1783859604.297901808, 658.836000000]: Footprint model 'polygon' loaded for trajectory optimization.
[INFO] [1783859605.228715090, 659.764000000]: Footprint model 'polygon' loaded for trajectory optimization.
[INFO] [1783859605.871117207, 660.406000000]: Footprint model 'polygon' loaded for trajectory optimization.
[INFO] [1783859606.467647774, 661.004000000]: Footprint model 'polygon' loaded for trajectory optimization.
[INFO] [1783859607.070418909, 661.602000000]: Footprint model 'polygon' loaded for trajectory optimization.
[INFO] [1783859608.759510890, 663.292000000]: GOAL Reached!
[INFO] [1783859608.839468339, 663.372000000]: Footprint model 'polygon' loaded for trajectory optimization.
[INFO] [1783859609.693321524, 664.224000000]: Footprint model 'polygon' loaded for trajectory optimization.
[INFO] [1783859610.251526021, 664.780000000]: Footprint model 'polygon' loaded for trajectory optimization.
[INFO] [1783859610.901556278, 665.428000000]: Footprint model 'polygon' loaded for trajectory optimization.
[INFO] [1783859611.496659160, 666.024000000]: Footprint model 'polygon' loaded for trajectory optimization.
[INFO] [1783859612.101797409, 666.626000000]: Footprint model 'polygon' loaded for trajectory optimization.
[INFO] [1783859612.652148451, 667.176000000]: Footprint model 'polygon' loaded for trajectory optimization.
[INFO] [1783859614.244472553, 668.766000000]: GOAL Reached!
[INFO] [1783859614.340652001, 668.862000000]: Footprint model 'polygon' loaded for trajectory optimization.
[INFO] [1783859615.201985396, 669.722000000]: Footprint model 'polygon' loaded for trajectory optimization.
[INFO] [1783859615.746632891, 670.264000000]: Footprint model 'polygon' loaded for trajectory optimization.
[INFO] [1783859616.350852084, 670.868000000]: Footprint model 'polygon' loaded for trajectory optimization.
[INFO] [1783859617.347790833, 671.864000000]: Footprint model 'polygon' loaded for trajectory optimization.
[INFO] [1783859617.937264847, 672.454000000]: Footprint model 'polygon' loaded for trajectory optimization.
[INFO] [1783859618.870937763, 673.384000000]: Footprint model 'polygon' loaded for trajectory optimization.
[INFO] [1783859619.469267959, 673.982000000]: Footprint model 'polygon' loaded for trajectory optimization.
[INFO] [1783859620.021013846, 674.532000000]: Footprint model 'polygon' loaded for trajectory optimization.
[INFO] [1783859620.621215298, 675.132000000]: Footprint model 'polygon' loaded for trajectory optimization.
[INFO] [1783859622.411000352, 676.920000000]: GOAL Reached!
[INFO] [1783859622.519898925, 677.028000000]: Footprint model 'polygon' loaded for trajectory optimization.
[INFO] [1783859623.375188801, 677.882000000]: Footprint model 'polygon' loaded for trajectory optimization.
[INFO] [1783859623.934619346, 678.440000000]: Footprint model 'polygon' loaded for trajectory optimization.
[INFO] [1783859624.535604226, 679.038000000]: Footprint model 'polygon' loaded for trajectory optimization.
[INFO] [1783859625.135630054, 679.638000000]: Footprint model 'polygon' loaded for trajectory optimization.
[INFO] [1783859625.782456391, 680.284000000]: Footprint model 'polygon' loaded for trajectory optimization.
[INFO] [1783859626.335750942, 680.836000000]: Footprint model 'polygon' loaded for trajectory optimization.
[INFO] [1783859628.027691019, 682.524000000]: GOAL Reached!
[INFO] [1783859628.131828411, 682.628000000]: Footprint model 'polygon' loaded for trajectory optimization.
[INFO] [1783859629.004936562, 683.502000000]: Footprint model 'polygon' loaded for trajectory optimization.
[INFO] [1783859629.592119252, 684.086000000]: Footprint model 'polygon' loaded for trajectory optimization.
[INFO] [1783859630.144692165, 684.638000000]: Footprint model 'polygon' loaded for trajectory optimization.
[INFO] [1783859631.088700006, 685.584000000]: Footprint model 'polygon' loaded for trajectory optimization.
[INFO] [1783859632.012137991, 686.504000000]: Footprint model 'polygon' loaded for trajectory optimization.
[INFO] [1783859632.611409416, 687.102000000]: Footprint model 'polygon' loaded for trajectory optimization.
[INFO] [1783859633.164371241, 687.652000000]: Footprint model 'polygon' loaded for trajectory optimization.
[INFO] [1783859633.810343778, 688.302000000]: Footprint model 'polygon' loaded for trajectory optimization.
[INFO] [1783859635.657427354, 690.142000000]: GOAL Reached!
[INFO] [1783859635.754434585, 690.238000000]: Footprint model 'polygon' loaded for trajectory optimization.
[INFO] [1783859636.619527572, 691.102000000]: Footprint model 'polygon' loaded for trajectory optimization.
[INFO] [1783859637.197055767, 691.678000000]: Footprint model 'polygon' loaded for trajectory optimization.
[INFO] [1783859637.777639128, 692.258000000]: Footprint model 'polygon' loaded for trajectory optimization.
[INFO] [1783859638.426857102, 692.906000000]: Footprint model 'polygon' loaded for trajectory optimization.
[INFO] [1783859638.979316530, 693.458000000]: Footprint model 'polygon' loaded for trajectory optimization.
[INFO] [1783859639.626428941, 694.102000000]: Footprint model 'polygon' loaded for trajectory optimization.
[INFO] [1783859641.169502808, 695.644000000]: GOAL Reached!
[INFO] [1783859641.254700421, 695.728000000]: Footprint model 'polygon' loaded for trajectory optimization.
[INFO] [1783859642.130457926, 696.602000000]: Footprint model 'polygon' loaded for trajectory optimization.
[INFO] [1783859642.821003998, 697.294000000]: Footprint model 'polygon' loaded for trajectory optimization.
[INFO] [1783859643.372457203, 697.842000000]: Footprint model 'polygon' loaded for trajectory optimization.
[INFO] [1783859643.970494135, 698.440000000]: Footprint model 'polygon' loaded for trajectory optimization.
[INFO] [1783859644.938105836, 699.406000000]: Footprint model 'polygon' loaded for trajectory optimization.
[INFO] [1783859645.896073738, 700.362000000]: Footprint model 'polygon' loaded for trajectory optimization.
[INFO] [1783859646.441697272, 700.906000000]: Footprint model 'polygon' loaded for trajectory optimization.
[INFO] [1783859647.090553257, 701.554000000]: Footprint model 'polygon' loaded for trajectory optimization.
[INFO] [1783859647.790726230, 702.252000000]: Footprint model 'polygon' loaded for trajectory optimization.
[INFO] [1783859649.433313872, 703.892000000]: GOAL Reached!
[INFO] [1783859649.529818711, 703.988000000]: Footprint model 'polygon' loaded for trajectory optimization.
[INFO] [1783859650.384784545, 704.844000000]: Footprint model 'polygon' loaded for trajectory optimization.
[INFO] [1783859650.944534450, 705.402000000]: Footprint model 'polygon' loaded for trajectory optimization.
[INFO] [1783859651.540226736, 705.998000000]: Footprint model 'polygon' loaded for trajectory optimization.
[INFO] [1783859652.187097647, 706.644000000]: Footprint model 'polygon' loaded for trajectory optimization.
[INFO] [1783859652.741543161, 707.198000000]: Footprint model 'polygon' loaded for trajectory optimization.
[INFO] [1783859653.343107730, 707.800000000]: Footprint model 'polygon' loaded for trajectory optimization.
[INFO] [1783859655.033649905, 709.486000000]: GOAL Reached!
[INFO] [1783859655.113864850, 709.566000000]: Footprint model 'polygon' loaded for trajectory optimization.
[INFO] [1783859655.9[ERROR] [1783859675.122827254, 729.538000000]: Aborting because a valid plan could not be found. Even after executing all recovery behaviors
[WARN] [1783859555.275541, 609.894000]: training environment stop requested: safety adapter requested emergency stop
[WARN] [1783859556.239826, 610.858000]: training environment stop requested: safety adapter requested emergency stop
[WARN] [1783859565.619218, 620.220000]: training environment stop requested: safety adapter requested emergency stop
[WARN] [1783859566.576857, 621.176000]: training environment stop requested: safety adapter requested emergency stop
[WARN] [1783859573.351200, 627.938000]: training environment stop requested: safety adapter requested emergency stop
[WARN] [1783859574.330532, 628.918000]: training environment stop requested: safety adapter requested emergency stop
[WARN] [1783859581.727287, 636.302000]: training environment stop requested: safety adapter requested emergency stop
[WARN] [1783859582.702606, 637.276000]: training environment stop requested: safety adapter requested emergency stop
[WARN] [1783859589.540011, 644.104000]: training environment stop requested: safety adapter requested emergency stop
[WARN] [1783859590.536954, 645.098000]: training environment stop requested: safety adapter requested emergency stop
[WARN] [1783859602.702042, 657.242000]: training environment stop requested: safety adapter requested emergency stop
[WARN] [1783859604.233023, 658.770000]: training environment stop requested: safety adapter requested emergency stop
[WARN] [1783859616.344020, 670.860000]: training environment stop requested: safety adapter requested emergency stop
[WARN] [1783859617.893617, 672.410000]: training environment stop requested: safety adapter requested emergency stop
[WARN] [1783859630.138905, 684.632000]: training environment stop requested: safety adapter requested emergency stop
[WARN] [1783859631.082444, 685.576000]: training environment stop requested: safety adapter requested emergency stop
[WARN] [1783859643.964264, 698.434000]: training environment stop requested: safety adapter requested emergency stop
[WARN] [1783859644.930899, 699.398000]: training environment stop requested: safety adapter requested emergency stop
[WARN] [1783859656.629133, 711.078000]: training environment stop requested: safety adapter requested emergency stop
[WARN] [1783859657.613343, 712.056000]: training environment stop requested: safety adapter requested emergency stop
[WARN] [1783859669.233853, 723.658000]: training environment stop requested: safety adapter requested emergency stop
[WARN] [1783859680.029841, 734.434000]: training environment stop requested: adapter_close
Traceback (most recent call last):
  File "/home/robot/robot_ws_base_rl/devel/lib/thesis_experiment/t11_formal_run.py", line 15, in <module>
    exec(compile(fh.read(), python_script, 'exec'), context)
  File "/home/robot/robot_ws_base_rl/src/tools/thesis_experiment/scripts/t11_formal_run.py", line 20, in <module>
    sys.exit(main())
  File "/home/robot/robot_ws_base_rl/src/tools/thesis_experiment/scripts/t11_formal_run.py", line 14, in main
    report = T11FormalRunner().run()
  File "/home/robot/robot_ws_base_rl/src/tools/thesis_experiment/src/thesis_experiment/t11_training.py", line 451, in run
    return self._train(raw_vec, recorded, recorder)
  File "/home/robot/robot_ws_base_rl/src/tools/thesis_experiment/src/thesis_experiment/t11_training.py", line 503, in _train
    test_returns = self._evaluate(
  File "/home/robot/robot_ws_base_rl/src/tools/thesis_experiment/src/thesis_experiment/t11_training.py", line 434, in _evaluate
    observation, rewards, dones, _ = vec.step(action)
  File "/home/robot/robot_ws_base_rl/.venv/lib/python3.8/site-packages/stable_baselines3/common/vec_env/base_vec_env.py", line 206, in step
    return self.step_wait()
  File "/home/robot/robot_ws_base_rl/.venv/lib/python3.8/site-packages/stable_baselines3/common/vec_env/vec_normalize.py", line 181, in step_wait
    obs, rewards, dones, infos = self.venv.step_wait()
  File "/home/robot/robot_ws_base_rl/.venv/lib/python3.8/site-packages/stable_baselines3/common/vec_env/dummy_vec_env.py", line 70, in step_wait
    obs, self.reset_infos[env_idx] = self.envs[env_idx].reset()
  File "/home/robot/robot_ws_base_rl/src/tools/thesis_experiment/src/thesis_experiment/t11_training.py", line 250, in reset
    observation, info = self.env.reset(**kwargs)
  File "/home/robot/robot_ws_base_rl/src/application/teb_rl_tuner/src/teb_rl_tuner/sac_environment.py", line 89, in reset
    observation, info = self.core.reset(seed=seed)
  File "/home/robot/robot_ws_base_rl/src/application/teb_rl_tuner/src/teb_rl_tuner/training_environment.py", line 219, in reset
    self.adapter.reset(seed)
  File "/home/robot/robot_ws_base_rl/src/tools/thesis_experiment/src/thesis_experiment/gazebo_training_adapter.py", line 257, in reset
    raise RuntimeError("local plan unavailable after reset")
RuntimeError: local plan unavailable after reset
[INFO] [1783858943.468044392]: Finished loading Gazebo ROS API Plugin.
[INFO] [1783858943.468596899]: waitForService: Service [/gazebo/set_physics_properties] has not been advertised, waiting...
[INFO] [1783858944.023067668]: waitForService: Service [/gazebo/set_physics_properties] is now available.
[INFO] [1783858944.057972387, 0.034000000]: Physics dynamic reconfigure ready.
[INFO] [1783858944.476840081, 0.374000000]: <initialOrientationAsReference> is unset, using default value of false to comply with REP 145 (world as orientation reference)
[INFO] [1783858944.476895199, 0.374000000]: <robotNamespace> set to: //
[INFO] [1783858944.476910596, 0.374000000]: <topicName> set to: imu/data
[INFO] [1783858944.476922869, 0.374000000]: <frameName> set to: imu_link
[INFO] [1783858944.476952417, 0.374000000]: <updateRateHZ> set to: 50
[INFO] [1783858944.476966428, 0.374000000]: <gaussianNoise> set to: 0
[INFO] [1783858944.476993598, 0.374000000]: <xyzOffset> set to: 0 0 0
[INFO] [1783858944.477020424, 0.374000000]: <rpyOffset> set to: 0 -0 0
[INFO] [1783858944.588610722, 0.374000000]: Laser Plugin: Using the 'robotNamespace' param: '/'
[INFO] [1783858944.588631983, 0.374000000]: Starting Laser Plugin (ns = /)
[INFO] [1783858944.589382875, 0.374000000]: Laser Plugin (ns = /)  <tf_prefix_>, set to ""
[INFO] [1783858944.708887282, 0.374000000]: M2 simulation-only Ackermann interface loaded; cmd_angle_instead_rotvel=false
94514537, 710.442000000]: Footprint model 'polygon' loaded for trajectory optimization.
[INFO] [1783859656.635877946, 711.086000000]: Footprint model 'polygon' loaded for trajectory optimization.
[INFO] [1783859657.619633370, 712.064000000]: Footprint model 'polygon' loaded for trajectory optimization.
[INFO] [1783859658.557043165, 713.002000000]: Footprint model 'polygon' loaded for trajectory optimization.
[INFO] [1783859659.143322078, 713.586000000]: Footprint model 'polygon' loaded for trajectory optimization.
[INFO] [1783859659.741077948, 714.186000000]: Footprint model 'polygon' loaded for trajectory optimization.
[INFO] [1783859660.300817713, 714.742000000]: Footprint model 'polygon' loaded for trajectory optimization.
[INFO] [1783859662.187393265, 716.628000000]: GOAL Reached!
[INFO] [1783859662.271389385, 716.710000000]: Footprint model 'polygon' loaded for trajectory optimization.
[INFO] [1783859663.146033515, 717.582000000]: Footprint model 'polygon' loaded for trajectory optimization.
[INFO] [1783859663.836695619, 718.272000000]: Footprint model 'polygon' loaded for trajectory optimization.
[INFO] [1783859664.384154016, 718.820000000]: Footprint model 'polygon' loaded for trajectory optimization.
[INFO] [1783859664.986231745, 719.420000000]: Footprint model 'polygon' loaded for trajectory optimization.
[INFO] [1783859665.589251044, 720.022000000]: Footprint model 'polygon' loaded for trajectory optimization.
[INFO] [1783859666.188655236, 720.620000000]: Footprint model 'polygon' loaded for trajectory optimization.
[INFO] [1783859667.681662428, 722.110000000]: GOAL Reached!
[INFO] [1783859667.763321207, 722.192000000]: Footprint model 'polygon' loaded for trajectory optimization.
[INFO] [1783859668.637579591, 723.064000000]: Footprint model 'polygon' loaded for trajectory optimization.
[INFO] [1783859669.240444262, 723.666000000]: Footprint model 'polygon' loaded for trajectory optimization.
[INFO] [1783859680.040057604, 734.444000000]: Footprint model 'polygon' loaded for trajectory optimization.
[INFO] [1783859680.075394306, 734.480000000]: Footprint model 'polygon' loaded for trajectory optimization.
[31mWARNING: disk usage in log directory [/home/robot/.ros/log] is over 1GB.
It's recommended that you use the 'rosclean' command.[0m
WARNING: Package name "gazebo_ros_2Dmap_plugin" does not follow the naming conventions. It should start with a lower case letter and only contain lower case letters, digits, underscores, and dashes.
WARNING: Package name "gazebo_ros_2Dmap_plugin" does not follow the naming conventions. It should start with a lower case letter and only contain lower case letters, digits, underscores, and dashes.
[31m================================================================================REQUIRED process [t11_formal_run-6] has died!
process has died [pid 130584, exit code 1, cmd /home/robot/robot_ws_base_rl/.venv/bin/python /home/robot/robot_ws_base_rl/devel/lib/thesis_experiment/t11_formal_run.py __name:=t11_formal_run __log:=/home/robot/.ros/log/556422b2-7dec-11f1-91bc-3382cc4c3ed1/t11_formal_run-6.log].
log file: /home/robot/.ros/log/556422b2-7dec-11f1-91bc-3382cc4c3ed1/t11_formal_run-6*.log
Initiating shutdown!
================================================================================[0m
... logging to /home/robot/.ros/log/556422b2-7dec-11f1-91bc-3382cc4c3ed1/roslaunch-WP-130480.log
Checking log directory for disk usage. This may take a while.
Press Ctrl-C to interrupt
]2;/home/robot/robot_ws_base_rl/src/tools/thesis_experiment/launch/t11_formal_run.launch
[1mstarted roslaunch server http://WP:39591/[0m

SUMMARY
========

PARAMETERS
 * /gazebo/enable_ros_network: True
 * /m2_gazebo/simulation_only: True
 * /m2_robot_state_publisher/publish_frequency: 30.0
 * /move_base/TebLocalPlannerROS/acc_lim_theta: 0.8
 * /move_base/TebLocalPlannerROS/acc_lim_x: 0.8
 * /move_base/TebLocalPlannerROS/allow_init_with_backwards_motion: True
 * /move_base/TebLocalPlannerROS/cmd_angle_instead_rotvel: False
 * /move_base/TebLocalPlannerROS/costmap_obstacles_behind_robot_dist: 1.5
 * /move_base/TebLocalPlannerROS/dt_hysteresis: 0.1
 * /move_base/TebLocalPlannerROS/dt_ref: 0.3
 * /move_base/TebLocalPlannerROS/enable_homotopy_class_planning: False
 * /move_base/TebLocalPlannerROS/enable_multithreading: True
 * /move_base/TebLocalPlannerROS/feasibility_check_no_poses: 5
 * /move_base/TebLocalPlannerROS/footprint_model/type: polygon
 * /move_base/TebLocalPlannerROS/footprint_model/vertices: [[0.52, 0.35], [0...
 * /move_base/TebLocalPlannerROS/global_plan_overwrite_orientation: True
 * /move_base/TebLocalPlannerROS/include_costmap_obstacles: True
 * /move_base/TebLocalPlannerROS/inflation_dist: 0.55
 * /move_base/TebLocalPlannerROS/map_frame: odom
 * /move_base/TebLocalPlannerROS/max_global_plan_lookahead_dist: 8.0
 * /move_base/TebLocalPlannerROS/max_number_classes: 4
 * /move_base/TebLocalPlannerROS/max_samples: 500
 * /move_base/TebLocalPlannerROS/max_vel_theta: 1.0
 * /move_base/TebLocalPlannerROS/max_vel_x: 1.2
 * /move_base/TebLocalPlannerROS/max_vel_x_backwards: 0.6
 * /move_base/TebLocalPlannerROS/max_vel_y: 0.0
 * /move_base/TebLocalPlannerROS/min_obstacle_dist: 0.25
 * /move_base/TebLocalPlannerROS/min_turning_radius: 1.2
 * /move_base/TebLocalPlannerROS/obstacle_poses_affected: 15
 * /move_base/TebLocalPlannerROS/odom_topic: /odom
 * /move_base/TebLocalPlannerROS/teb_autosize: True
 * /move_base/TebLocalPlannerROS/weight_acc_lim_theta: 1.0
 * /move_base/TebLocalPlannerROS/weight_acc_lim_x: 1.0
 * /move_base/TebLocalPlannerROS/weight_adapt_factor: 2.0
 * /move_base/TebLocalPlannerROS/weight_inflation: 0.1
 * /move_base/TebLocalPlannerROS/weight_kinematics_forward_drive: 10.0
 * /move_base/TebLocalPlannerROS/weight_kinematics_nh: 1000.0
 * /move_base/TebLocalPlannerROS/weight_kinematics_turning_radius: 10.0
 * /move_base/TebLocalPlannerROS/weight_max_vel_theta: 1.0
 * /move_base/TebLocalPlannerROS/weight_max_vel_x: 2.0
 * /move_base/TebLocalPlannerROS/weight_obstacle: 50.0
 * /move_base/TebLocalPlannerROS/weight_optimaltime: 1.0
 * /move_base/TebLocalPlannerROS/weight_viapoint: 1.0
 * /move_base/TebLocalPlannerROS/wheelbase: 0.65
 * /move_base/base_global_planner: navfn/NavfnROS
 * /move_base/base_local_planner: teb_local_planner...
 * /move_base/clearing_rotation_allowed: False
 * /move_base/controller_frequency: 10.0
 * /move_base/controller_patience: 5.0
 * /move_base/global_costmap/footprint: [[0.52, 0.35], [0...
 * /move_base/global_costmap/footprint_padding: 0.05
 * /move_base/global_costmap/global_frame: odom
 * /move_base/global_costmap/height: 30.0
 * /move_base/global_costmap/inflation_layer/cost_scaling_factor: 4.0
 * /move_base/global_costmap/inflation_layer/enabled: True
 * /move_base/global_costmap/inflation_layer/inflation_radius: 0.55
 * /move_base/global_costmap/obstacle_layer/enabled: True
 * /move_base/global_costmap/obstacle_layer/observation_sources: scan
 * /move_base/global_costmap/obstacle_layer/scan/clearing: True
 * /move_base/global_costmap/obstacle_layer/scan/data_type: LaserScan
 * /move_base/global_costmap/obstacle_layer/scan/inf_is_valid: True
 * /move_base/global_costmap/obstacle_layer/scan/marking: True
 * /move_base/global_costmap/obstacle_layer/scan/obstacle_range: 12.0
 * /move_base/global_costmap/obstacle_layer/scan/raytrace_range: 15.0
 * /move_base/global_costmap/obstacle_layer/scan/sensor_frame: laser_link
 * /move_base/global_costmap/obstacle_layer/scan/topic: /scan
 * /move_base/global_costmap/plugins: [{'name': 'obstac...
 * /move_base/global_costmap/publish_frequency: 2.0
 * /move_base/global_costmap/resolution: 0.05
 * /move_base/global_costmap/robot_base_frame: base_link
 * /move_base/global_costmap/rolling_window: True
 * /move_base/global_costmap/transform_tolerance: 0.3
 * /move_base/global_costmap/update_frequency: 5.0
 * /move_base/global_costmap/width: 30.0
 * /move_base/local_costmap/footprint: [[0.52, 0.35], [0...
 * /move_base/local_costmap/footprint_padding: 0.05
 * /move_base/local_costmap/global_frame: odom
 * /move_base/local_costmap/height: 12.0
 * /move_base/local_costmap/inflation_layer/cost_scaling_factor: 4.0
 * /move_base/local_costmap/inflation_layer/enabled: True
 * /move_base/local_costmap/inflation_layer/inflation_radius: 0.55
 * /move_base/local_costmap/obstacle_layer/enabled: True
 * /move_base/local_costmap/obstacle_layer/observation_sources: scan
 * /move_base/local_costmap/obstacle_layer/scan/clearing: True
 * /move_base/local_costmap/obstacle_layer/scan/data_type: LaserScan
 * /move_base/local_costmap/obstacle_layer/scan/inf_is_valid: True
 * /move_base/local_costmap/obstacle_layer/scan/marking: True
 * /move_base/local_costmap/obstacle_layer/scan/obstacle_range: 12.0
 * /move_base/local_costmap/obstacle_layer/scan/raytrace_range: 15.0
 * /move_base/local_costmap/obstacle_layer/scan/sensor_frame: laser_link
 * /move_base/local_costmap/obstacle_layer/scan/topic: /scan
 * /move_base/local_costmap/plugins: [{'name': 'obstac...
 * /move_base/local_costmap/publish_frequency: 5.0
 * /move_base/local_costmap/resolution: 0.05
 * /move_base/local_costmap/robot_base_frame: base_link
 * /move_base/local_costmap/rolling_window: True
 * /move_base/local_costmap/transform_tolerance: 0.3
 * /move_base/local_costmap/update_frequency: 10.0
 * /move_base/local_costmap/width: 12.0
 * /move_base/oscillation_distance: 0.2
 * /move_base/oscillation_timeout: 10.0
 * /move_base/planner_frequency: 1.0
 * /move_base/planner_patience: 5.0
 * /move_base/recovery_behavior_enabled: False
 * /move_base/shutdown_costmaps: False
 * /robot_description: <?xml version="1....
 * /rosdistro: noetic
 * /rosversion: 1.17.4
 * /t11_formal_run/acceptance_eval_seed_limit: 0
 * /t11_formal_run/acceptance_timesteps: 0
 * /t11_formal_run/algorithm: RL-TEB-Semantic-Eta
 * /t11_formal_run/checkpoint: 
 * /t11_formal_run/config: /home/robot/robot...
 * /t11_formal_run/output_dir: /home/robot/robot...
 * /t11_formal_run/phase: train
 * /t11_formal_run/run_id: t11_semantic_eta_...
 * /t11_formal_run/safety_mode: FullSafety
 * /t11_formal_run/training_seed: 102
 * /use_sim_time: True

NODES
  /
    gazebo (gazebo_ros/gzserver)
    m2_robot_state_publisher (robot_state_publisher/robot_state_publisher)
    move_base (move_base/move_base)
    spawn_m2 (gazebo_ros/spawn_model)
    t11_formal_run (thesis_experiment/t11_formal_run.py)

auto-starting new master
[1mprocess[master]: started with pid [130536][0m
[1mROS_MASTER_URI=http://localhost:11311[0m
]2;/home/robot/robot_ws_base_rl/src/tools/thesis_experiment/launch/t11_formal_run.launch http://localhost:11311
[1msetting /run_id to 556422b2-7dec-11f1-91bc-3382cc4c3ed1[0m
[1mprocess[rosout-1]: started with pid [130569][0m
started core service [/rosout]
[1mprocess[gazebo-2]: started with pid [130576][0m
[1mprocess[spawn_m2-3]: started with pid [130579][0m
[1mprocess[m2_robot_state_publisher-4]: started with pid [130582][0m
[1mprocess[move_base-5]: started with pid [130583][0m
[1mprocess[t11_formal_run-6]: started with pid [130584][0m
[1m[spawn_m2-3] process has finished cleanly
log file: /home/robot/.ros/log/556422b2-7dec-11f1-91bc-3382cc4c3ed1/spawn_m2-3*.log[0m
[t11_formal_run-6] killing on exit
[move_base-5] killing on exit
[gazebo-2] killing on exit
[m2_robot_state_publisher-4] killing on exit
[rosout-1] killing on exit
[master] killing on exit
shutting down processing monitor...
... shutting down processing monitor complete
[1mdone[0m
