WARNING: Package name "gazebo_ros_2Dmap_plugin" does not follow the naming conventions. It should start with a lower case letter and only contain lower case letters, digits, underscores, and dashes.
xacro: in-order processing became default in ROS Melodic. You can drop the option.
WARNING: Package name "gazebo_ros_2Dmap_plugin" does not follow the naming conventions. It should start with a lower case letter and only contain lower case letters, digits, underscores, and dashes.
WARNING: Package name "gazebo_ros_2Dmap_plugin" does not follow the naming conventions. It should start with a lower case letter and only contain lower case letters, digits, underscores, and dashes.
[INFO] [1783871198.098684, 0.000000]: Loading model XML from ros parameter robot_description
[INFO] [1783871198.102069, 0.000000]: Waiting for service /gazebo/spawn_urdf_model
[INFO] [1783871198.706347, 0.000000]: Calling service /gazebo/spawn_urdf_model
[INFO] [1783871199.032253, 0.178000]: Spawn status: SpawnModel: Successfully spawned entity
[INFO] [1783871199.318228597, 0.338000000]: global_costmap: Using plugin "obstacle_layer"
[INFO] [1783871199.320687005, 0.340000000]:     Subscribed to Topics: scan
[INFO] [1783871199.325238460, 0.346000000]: global_costmap: Using plugin "inflation_layer"
[INFO] [1783871199.336802203, 0.358000000]: local_costmap: Using plugin "obstacle_layer"
[INFO] [1783871199.337630766, 0.358000000]:     Subscribed to Topics: scan
[INFO] [1783871199.341868277, 0.362000000]: local_costmap: Using plugin "inflation_layer"
[INFO] [1783871199.352056094, 0.372000000]: Created local_planner teb_local_planner/TebLocalPlannerROS
[INFO] [1783871199.367914420, 0.388000000]: Footprint model 'polygon' loaded for trajectory optimization.
[INFO] [1783871199.368037748, 0.390000000]: Parallel planning in distinctive topologies disabled.
[INFO] [1783871199.368054542, 0.390000000]: No costmap conversion plugin specified. All occupied costmap cells are treaten as point obstacles.
[INFO] [1783871199.389579155, 0.410000000]: Footprint model 'polygon' loaded for trajectory optimization.
[INFO] [1783871199.553470404, 0.576000000]: Recovery behavior will clear layer 'obstacles'
[INFO] [1783871199.554247974, 0.576000000]: Recovery behavior will clear layer 'obstacles'
[INFO] [1783871199.562725672, 0.584000000]: odom received!
[INFO] [1783871201.452286131, 2.468000000]: Footprint model 'polygon' loaded for trajectory optimization.
[INFO] [1783871202.047110060, 3.062000000]: Footprint model 'polygon' loaded for trajectory optimization.
[INFO] [1783871202.642212402, 3.656000000]: Footprint model 'polygon' loaded for trajectory optimization.
[INFO] [1783871203.241923063, 4.254000000]: Footprint model 'polygon' loaded for trajectory optimization.
[INFO] [1783871204.983755942, 5.994000000]: GOAL Reached!
[INFO] [1783871205.124668241, 6.134000000]: Footprint model 'polygon' loaded for trajectory optimization.
[INFO] [1783871206.001525684, 7.008000000]: Footprint model 'polygon' loaded for trajectory optimization.
[INFO] [1783871206.535787150, 7.542000000]: Footprint model 'polygon' loaded for trajectory optimization.
[INFO] [1783871207.185666920, 8.190000000]: Footprint model 'polygon' loaded for trajectory optimization.
[INFO] [1783871207.787417263, 8.794000000]: Footprint model 'polygon' loaded for trajectory optimization.
[INFO] [1783871208.385589833, 9.390000000]: Footprint model 'polygon' loaded for trajectory optimization.
[INFO] [1783871208.990493941, 9.992000000]: Footprint model 'polygon' loaded for trajectory optimization.
[INFO] [1783871210.427171653, 11.430000000]: GOAL Reached!
[INFO] [1783871210.578686763, 11.580000000]: Footprint model 'polygon' loaded for trajectory optimization.
[INFO] [1783871211.471390010, 12.468000000]: Footprint model 'polygon' loaded for trajectory optimization.
[INFO] [1783871212.010023093, 13.008000000]: Footprint model 'polygon' loaded for trajectory optimization.
[INFO] [1783871212.611147643, 13.608000000]: Footprint model 'polygon' loaded for trajectory optimization.
[INFO] [1783871213.209703040, 14.208000000]: Footprint model 'polygon' loaded for trajectory optimization.
[INFO] [1783871213.810643427, 14.806000000]: Footprint model 'polygon' loaded for trajectory optimization.
[INFO] [1783871214.413643595, 15.406000000]: Footprint model 'polygon' loaded for trajectory optimization.
[INFO] [1783871215.013961554, 16.006000000]: Footprint model 'polygon' loaded for trajectory optimization.
[INFO] [1783871215.612221903, 16.602000000]: Footprint model 'polygon' loaded for trajectory optimization.
[INFO] [1783871216.262045433, 17.252000000]: Footprint model 'polygon' loaded for trajectory optimization.
[INFO] [1783871216.814124211, 17.804000000]: Footprint model 'polygon' loaded for trajectory optimization.
[INFO] [1783871218.303640900, 19.290000000]: GOAL Reached!
[INFO] [1783871218.448313286, 19.434000000]: Footprint model 'polygon' loaded for trajectory optimization.
[INFO] [1783871219.323842188, 20.310000000]: Footprint model 'polygon' loaded for trajectory optimization.
[INFO] [1783871219.882043844, 20.866000000]: Footprint model 'polygon' loaded for trajectory optimization.
[INFO] [1783871220.478315395, 21.460000000]: Footprint model 'polygon' loaded for trajectory optimization.
[INFO] [1783871221.127311571, 22.108000000]: Footprint model 'polygon' loaded for trajectory optimization.
[INFO] [1783871221.677614844, 22.658000000]: Footprint model 'polygon' loaded for trajectory optimization.
[INFO] [1783871222.325050529, 23.304000000]: Footprint model 'polygon' loaded for trajectory optimization.
[INFO] [1783871222.930004244, 23.908000000]: Footprint model 'polygon' loaded for trajectory optimization.
[INFO] [1783871223.477127547, 24.456000000]: Footprint model 'polygon' loaded for trajectory optimization.
[INFO] [1783871224.967298528, 25.942000000]: GOAL Reached!
[INFO] [1783871225.115176550, 26.090000000]: Footprint model 'polygon' loaded for trajectory optimization.
[INFO] [1783871225.993857505, 26.964000000]: Footprint model 'polygon' loaded for trajectory optimization.
[INFO] [1783871226.544461771, 27.514000000]: Footprint model 'polygon' loaded for trajectory optimization.
[INFO] [1783871227.194056546, 28.164000000]: Footprint model 'polygon' loaded for trajectory optimization.
[INFO] [1783871227.786032452, 28.760000000]: Footprint model 'polygon' loaded for trajectory optimization.
[INFO] [1783871229.632994094, 30.600000000]: GOAL Reached!
[INFO] [1783871229.780975833, 30.748000000]: Footprint model 'polygon' loaded for trajectory optimization.
[INFO] [1783871230.659143220, 31.628000000]: Footprint model 'polygon' loaded for trajectory optimization.
[INFO] [1783871231.259488921, 32.224000000]: Footprint model 'polygon' loaded for trajectory optimization.
[INFO] [1783871231.812064970, 32.774000000]: Footprint model 'polygon' loaded for trajectory optimization.
[INFO] [1783871232.413114374, 33.374000000]: Footprint model 'polygon' loaded for trajectory optimization.
[INFO] [1783871233.063151820, 34.024000000]: Footprint model 'polygon' loaded for trajectory optimization.
[INFO] [1783871233.665904075, 34.624000000]: Footprint model 'polygon' loaded for trajectory optimization.
[INFO] [1783871235.204914361, 36.162000000]: GOAL Reached!
[INFO] [1783871235.360571790, 36.316000000]: Footprint model 'polygon' loaded for trajectory optimization.
[INFO] [1783871236.232258724, 37.186000000]: Footprint model 'polygon' loaded for trajectory optimization.
[INFO] [1783871236.776078437, 37.718000000]: Footprint model 'polygon' loaded for trajectory optimization.
[INFO] [1783871237.375208097, 38.328000000]: Footprint model 'polygon' loaded for trajectory optimization.
[INFO] [1783871238.023054955, 38.974000000]: Footprint model 'polygon' loaded for trajectory optimization.
[INFO] [1783871238.625905827, 39.576000000]: Footprint model 'polygon' loaded for trajectory optimization.
[INFO] [1783871239.176526826, 40.124000000]: Footprint model 'polygon' loaded for trajectory optimization.
[INFO] [1783871239.825150503, 40.772000000]: Footprint model 'polygon' loaded for trajectory optimization.
[INFO] [1783871240.425851089, 41.372000000]: Footprint model 'polygon' loaded for trajectory optimization.
[INFO] [1783871240.980532670, 41.926000000]: Footprint model 'polygon' loaded for trajectory optimization.
[INFO] [1783871241.628004989, 42.570000000]: Footprint model 'polygon' loaded for trajectory optimization.
[INFO] [1783871243.269252533, 44.210000000]: GOAL Reached!
[INFO] [1783871243.402526042, 44.342000000]: Footprint model 'polygon' loaded for trajectory optimization.
[INFO] [1783871244.291739517, 45.230000000]: Footprint model 'polygon' loaded for trajectory optimization.
[INFO] [1783871244.981498001, 45.920000000]: Footprint model 'polygon' loaded for trajectory optimization.
[INFO] [1783871245.576684806, 46.512000000]: Footprint model 'polygon' loaded for trajectory optimization.
[INFO] [1783871246.135453646, 47.070000000]: Footprint model 'polygon' loaded for trajectory optimization.
[INFO] [1783871246.736942548, 47.672000000]: Footprint model 'polygon' loaded for trajectory optimization.
[INFO] [1783871247.329263488, 48.264000000]: Footprint model 'po[ERROR] [1783871268.894234229, 69.788000000]: TebOptimalPlanner::getVelocityCommand() - timediff<=0 is invalid!
[WARN] [1783871268.894338730, 69.788000000]: TebLocalPlannerROS: velocity command invalid. Resetting planner...
lygon' loaded for trajectory optimization.
[INFO] [1783871247.980469466, 48.912000000]: Footprint model 'polygon' loaded for trajectory optimization.
[INFO] [1783871248.530381572, 49.462000000]: Footprint model 'polygon' loaded for trajectory optimization.
[INFO] [1783871249.133835728, 50.064000000]: Footprint model 'polygon' loaded for trajectory optimization.
[INFO] [1783871249.781263900, 50.712000000]: Footprint model 'polygon' loaded for trajectory optimization.
[INFO] [1783871251.820766884, 52.746000000]: GOAL Reached!
[INFO] [1783871251.975155464, 52.902000000]: Footprint model 'polygon' loaded for trajectory optimization.
[INFO] [1783871252.844989606, 53.768000000]: Footprint model 'polygon' loaded for trajectory optimization.
[INFO] [1783871253.444622999, 54.366000000]: Footprint model 'polygon' loaded for trajectory optimization.
[INFO] [1783871254.047903408, 54.968000000]: Footprint model 'polygon' loaded for trajectory optimization.
[INFO] [1783871254.647163315, 55.568000000]: Footprint model 'polygon' loaded for trajectory optimization.
[INFO] [1783871256.388385733, 57.306000000]: GOAL Reached!
[INFO] [1783871256.536332881, 57.452000000]: Footprint model 'polygon' loaded for trajectory optimization.
[INFO] [1783871257.410595795, 58.328000000]: Footprint model 'polygon' loaded for trajectory optimization.
[INFO] [1783871258.049262400, 58.964000000]: Footprint model 'polygon' loaded for trajectory optimization.
[INFO] [1783871258.652524500, 59.564000000]: Footprint model 'polygon' loaded for trajectory optimization.
[INFO] [1783871259.299971706, 60.210000000]: Footprint model 'polygon' loaded for trajectory optimization.
[INFO] [1783871259.851398987, 60.764000000]: Footprint model 'polygon' loaded for trajectory optimization.
[INFO] [1783871260.452516486, 61.362000000]: Footprint model 'polygon' loaded for trajectory optimization.
[INFO] [1783871261.943308470, 62.850000000]: GOAL Reached!
[INFO] [1783871262.088957654, 62.996000000]: Footprint model 'polygon' loaded for trajectory optimization.
[INFO] [1783871262.961453056, 63.866000000]: Footprint model 'polygon' loaded for trajectory optimization.
[INFO] [1783871263.550586095, 64.454000000]: Footprint model 'polygon' loaded for trajectory optimization.
[INFO] [1783871264.121241696, 65.024000000]: Footprint model 'polygon' loaded for trajectory optimization.
[INFO] [1783871264.702597900, 65.604000000]: Footprint model 'polygon' loaded for trajectory optimization.
[INFO] [1783871265.301804999, 66.202000000]: Footprint model 'polygon' loaded for trajectory optimization.
[INFO] [1783871265.954138827, 66.852000000]: Footprint model 'polygon' loaded for trajectory optimization.
[INFO] [1783871266.505026844, 67.404000000]: Footprint model 'polygon' loaded for trajectory optimization.
[INFO] [1783871267.104415368, 68.000000000]: Footprint model 'polygon' loaded for trajectory optimization.
[INFO] [1783871267.757142894, 68.652000000]: Footprint model 'polygon' loaded for trajectory optimization.
[INFO] [1783871268.306257702, 69.202000000]: Footprint model 'polygon' loaded for trajectory optimization.
[INFO] [1783871270.497497685, 71.388000000]: GOAL Reached!
[INFO] [1783871270.633441383, 71.524000000]: Footprint model 'polygon' loaded for trajectory optimization.
[INFO] [1783871271.521862251, 72.410000000]: Footprint model 'polygon' loaded for trajectory optimization.
[INFO] [1783871272.059581264, 72.950000000]: Footprint model 'polygon' loaded for trajectory optimization.
[INFO] [1783871272.667087649, 73.554000000]: Footprint model 'polygon' loaded for trajectory optimization.
[INFO] [1783871273.313822773, 74.202000000]: Footprint model 'polygon' loaded for trajectory optimization.
[INFO] [1783871273.914986867, 74.800000000]: Footprint model 'polygon' loaded for trajectory optimization.
[INFO] [1783871274.463881628, 75.348000000]: Footprint model 'polygon' loaded for trajectory optimization.
[INFO] [1783871275.064422880, 75.948000000]: Footprint model 'polygon' loaded for trajectory optimization.
[INFO] [1783871275.717405059, 76.600000000]: Footprint model 'polygon' loaded for trajectory optimization.
[INFO] [1783871277.255395887, 78.134000000]: GOAL Reached!
[INFO] [1783871277.399045741, 78.278000000]: Footprint model 'polygon' loaded for trajectory optimization.
[INFO] [1783871278.271480088, 79.148000000]: Footprint model 'polygon' loaded for trajectory optimization.
[INFO] [1783871278.858031639, 79.734000000]: Footprint model 'polygon' loaded for trajectory optimization.
[INFO] [1783871279.461202196, 80.336000000]: Footprint model 'polygon' loaded for trajectory optimization.
[INFO] [1783871280.007778883, 80.882000000]: Footprint model 'polygon' loaded for trajectory optimization.
[INFO] [1783871281.900713285, 82.772000000]: GOAL Reached!
[INFO] [1783871282.057714139, 82.928000000]: Footprint model 'polygon' loaded for trajectory optimization.
[INFO] [1783871282.923122199, 83.788000000]: Footprint model 'polygon' loaded for trajectory optimization.
[INFO] [1783871283.522630850, 84.386000000]: Footprint model 'polygon' loaded for trajectory optimization.
[INFO] [1783871284.073888154, 84.936000000]: Footprint model 'polygon' loaded for trajectory optimization.
[INFO] [1783871284.673954788, 85.536000000]: Footprint model 'polygon' loaded for trajectory optimization.
[INFO] [1783871285.322814406, 86.184000000]: Footprint model 'polygon' loaded for trajectory optimization.
[INFO] [1783871285.918232904, 86.780000000]: Footprint model 'polygon' loaded for trajectory optimization.
[INFO] [1783871287.465201112, 88.322000000]: GOAL Reached!
[INFO] [1783871287.597312989, 88.456000000]: Footprint model 'polygon' loaded for trajectory optimization.
[INFO] [1783871288.472429405, 89.328000000]: Footprint model 'polygon' loaded for trajectory optimization.
[INFO] [1783871289.015013105, 89.870000000]: Footprint model 'polygon' loaded for trajectory optimization.
[INFO] [1783871289.618997126, 90.472000000]: Footprint model 'polygon' loaded for trajectory optimization.
[INFO] [1783871290.216302658, 91.070000000]: Footprint model 'polygon' loaded for trajectory optimization.
[INFO] [1783871290.821933678, 91.674000000]: Footprint model 'polygon' loaded for trajectory optimization.
[INFO] [1783871291.420522093, 92.270000000]: Footprint model 'polygon' loaded for trajectory optimization.
[INFO] [1783871292.018440557, 92.868000000]: Footprint model 'polygon' loaded for trajectory optimization.
[INFO] [1783871292.619888289, 93.468000000]: Footprint model 'polygon' loaded for trajectory optimization.
[INFO] [1783871293.910997866, 94.756000000]: GOAL Reached!
[INFO] [1783871294.050147501, 94.894000000]: Footprint model 'polygon' loaded for trajectory optimization.
[INFO] [1783871294.923522971, 95.766000000]: Footprint model 'polygon' loaded for trajectory optimization.
[INFO] [1783871295.476606836, 96.318000000]: Footprint model 'polygon' loaded for trajectory optimization.
[INFO] [1783871296.075276289, 96.918000000]: Footprint model 'polygon' loaded for trajectory optimization.
[INFO] [1783871296.726483370, 97.566000000]: Footprint model 'polygon' loaded for trajectory optimization.
[INFO] [1783871297.275367213, 98.114000000]: Footprint model 'polygon' loaded for trajectory optimization.
[INFO] [1783871297.878439248, 98.716000000]: Footprint model 'polygon' loaded for trajectory optimization.
[INFO] [1783871298.477442755, 99.314000000]: Footprint model 'polygon' loaded for trajectory optimization.
[INFO] [1783871300.565511940, 101.398000000]: GOAL Reached!
[INFO] [1783871300.717097159, 101.550000000]: Footprint model 'polygon' loaded for trajectory optimization.
[INFO] [1783871301.595657727, 102.428000000]: Footprint model 'polygon' loaded for trajectory optimization.
[INFO] [1783871302.177951036, 103.010000000]: Footprint model 'polygon' loaded for trajectory optimization.
[INFO] [1783871302.779467615, 103.608000000]: Footprint model 'polygon' loaded for trajectory optimization.
[INFO] [1783871303.378123535, 104.206000000]: Footprint model 'polygon' loaded for trajectory optimization.
[INFO] [1783871305.123431805, 105.948000000]: GOAL Reached!
[INFO] [1783871305.249137113, 106.074000000]: Footprint model 'polygon' loaded for trajectory optimization.
[INFO] [1783871306.125562918, 106.948000000]: Footprint model 'polygon' loaded for trajectory optimization.
[INFO] [1783871306.710242076, 107.532000000]: Footprint model 'polygon' loaded for trajectory optimization.
[INFO] [1783871307.263767995, 108.086000000]: Footprint model 'polygon' loaded for trajectory optimization.
[INFO] [1783871307.861216597, 108.682000000]: Footprint model 'polygon' loaded for trajectory optimization.
[INFO] [1783871308.464316512, 109.282000000]: Footprint model 'polygon' loaded for trajectory optimization.
[INFO] [1783871309.111194778, 109.932000000]: Footprint model 'polygon' loaded for trajectory optimization.
[INFO] [1783871310.556823839, 111.372000000]: GOAL Reached!
[INFO] [1783871310.709683894, 111.524000000]: Footprint model 'polygon' loaded for trajectory optimization.
[INFO] [1783871311.594580098, 112.408000000]: Footprint model 'polygon' loaded for trajectory optimization.
[INFO] [1783871312.189553126, 113.004000000]: Footprint model 'polygon' loaded for trajectory optimization.
[INFO] [1783871312.793672681, 113.608000000]: Footprint model 'polygon' loaded for trajectory optimization.
[INFO] [1783871313.344243787, 114.154000000]: Footprint model 'polygon' loaded for trajectory optimization.
[INFO] [1783871313.995018432, 114.804000000]: Footprint model 'polygon' loaded for trajectory optimization.
[INFO] [1783871314.546600599, 115.354000000]: Footprint model 'polygon' loaded for trajectory optimization.
[INFO] [1783871315.147105312, 115.954000000]: Footprint model 'polygon' loaded for trajectory optimization.
[INFO] [1783871315.746075516, 116.550000000]: Footprint model 'polygon' loaded for trajectory optimization.
[INFO] [1783871316.347112742, 117.152000000]: Footprint model 'polygon' loaded for trajectory optimization.
[INFO] [1783871316.946253325, 117.750000000]: Footprint model 'polygon' loaded for trajectory optimization.
[INFO] [1783871318.437855550, 119.238000000]: GOAL Reached!
[INFO] [1783871318.579603116, 119.380000000]: Footprint model 'polygon' loaded for trajectory optimization.
[INFO] [1783871319.468180932, 120.266000000]: Footprint model 'polygon' loaded for trajectory optimization.
[INFO] [1783871320.053138313, 120.852000000]: Footprint model 'polygon' loaded for trajectory optimization.
[INFO] [1783871320.617876126, 121.414000000]: Footprint model 'polygon' loaded for trajectory optimization.
[INFO] [1783871321.214736982, 122.010000000]: Footprint model 'polygon' loaded for trajectory optimization.
[INFO] [1783871321.814773795, 122.610000000]: Footprint model 'polygon' loaded for trajectory optimization.
[INFO] [1783871322.413848725, 123.208000000]: Footprint model 'polygon' loaded for trajectory optimization.
[INFO] [1783871323.017129227, 123.810000000]: Footprint model 'polygon' loaded for trajectory optimization.
[INFO] [1783871323.618622059, 124.410000000]: Footprint model 'polygon' loaded for trajectory optimization.
[INFO] [1783871325.203258550, 125.992000000]: GOAL Reached!
[INFO] [1783871325.351376248, 126.140000000]: Footprint model 'polygon' loaded for trajectory optimization.
[INFO] [1783871326.223324117, 127.008000000]: Footprint model 'polygon' loaded for trajectory optimization.
[INFO] [1783871326.812309483, 127.598000000]: Footprint model 'polygon' loaded for trajectory optimization.
[INFO] [1783871327.366130812, 128.150000000]: Footprint model 'polygon' loaded for trajectory optimization.
[INFO] [1783871328.012767537, 128.794000000]: Footprint model 'polygon' loaded for trajectory optimization.
[INFO] [1783871329.854012682, 130.634000000]: GOAL Reached!
[INFO] [1783871330.001568739, 130.782000000]: Footprint model 'polygon' loaded for trajectory optimization.
[INFO] [1783871330.869806954, 131.648000000]: Footprint model 'polygon' loaded for trajectory optimization.
[INFO] [1783871331.467007114, 132.244000000]: Footprint model 'polygon' loaded for trajectory optimization.
[INFO] [1783871332.067706933, 132.842000000]: Footprint model 'polygon' loaded for trajectory optimization.
[INFO] [1783871332.616567098, 133.392000000]: Footprint model 'polygon' loaded for trajectory optimization.
[INFO] [1783871333.265376030, 134.040000000]: Footprint model 'polygon' loaded for trajectory optimization.
[INFO] [1783871333.818840771, 134.592000000]: Footprint model 'polygon' loaded for trajectory optimization.
[INFO] [1783871335.409799663, 136.178000000]: GOAL Reached!
[INFO] [1783871335.548825801, 136.316000000]: Footprint model 'polygon' loaded for trajectory optimization.
[INFO] [1783871336.442565348, 137.210000000]: Footprint model 'polygon' loaded for trajectory optimization.
[INFO] [1783871336.977697220, 137.744000000]: Footprint model 'polygon' loaded for trajectory optimization.
[INFO] [1783871337.626330150, 138.390000000]: Footprint model 'polygon' loaded for trajectory optimization.
[INFO] [1783871338.225275223, 138.988000000]: Footprint model 'polygon' loaded for trajectory optimization.
[INFO] [1783871338.826095724, 139.588000000]: Footprint model 'polygon' loaded for trajectory optimization.
[INFO] [1783871339.424874136, 140.186000000]: Footprint model 'polygon' loaded for trajectory optimization.
[INFO] [1783871339.978475307, 140.738000000]: Footprint model 'polygon' loaded for trajectory optimization.
[INFO] [1783871340.574606913, 141.334000000]: Footprint model 'polygon' loaded for trajectory optimization.
[INFO] [1783871341.176322984, 141.934000000]: Footprint model 'polygon' loaded for trajectory optimization.
[INFO] [1783871341.778747612, 142.536000000]: Footprint model 'polygon' loaded for trajectory optimization.
[INFO] [1783871343.869009298, 144.622000000]: GOAL Reached!
[INFO] [1783871344.026401178, 144.778000000]: Footprint model 'polygon' loaded for trajectory optimization.
[INFO] [1783871344.896580740, 145.648000000]: Footprint model 'polygon' loaded for trajectory optimization.
[INFO] [1783871345.499660145, 146.248000000]: Footprint model 'polygon' loaded for trajectory optimization.
[INFO] [1783871346.098531077, 146.846000000]: Footprint model 'polygon' loaded for trajectory optimization.
[INFO] [1783871346.700325584, 147.450000000]: Footprint model 'polygon' loaded for trajectory optimization.
[INFO] [1783871347.250304454, 147.996000000]: Footprint model 'polygon' loaded for trajectory optimization.
[INFO] [1783871347.847401221, 148.594000000]: Footprint model 'polygon' loaded for trajectory optimization.
[INFO] [1783871348.449777998, 149.194000000]: Footprint model 'polygon' loaded for trajectory optimization.
[INFO] [1783871350.439940893, 151.180000000]: GOAL Reached!
[INFO] [1783871350.581573194, 151.322000000]: Footprint model 'polygon' loaded for trajectory optimization.
[INFO] [1783871351.449638510, 152.188000000]: Footprint model 'polygon' loaded for trajectory optimization.
[INFO] [1783871352.001005154, 152.738000000]: Footprint model 'polygon' loaded for trajectory optimization.
[INFO] [1783871352.598896250, 153.336000000]: Footprint model 'polygon' loaded for trajectory optimization.
[INFO] [1783871353.245979763, 153.982000000]: Footprint model 'polygon' loaded for trajectory optimization.
[INFO] [1783871353.796812667, 154.532000000]: Footprint model 'polygon' loaded for trajectory optimization.
[INFO] [1783871355.090083002, 155.822000000]: GOAL Reached!
[INFO] [1783871355.245235508, 155.978000000]: Footprint model 'polygon' loaded for trajectory optimization.
[INFO] [1783871356.116343663, 156.848000000]: Footprint model 'polygon' loaded for trajectory optimization.
[INFO] [1783871356.671268282, 157.404000000]: Footprint model 'polygon' loaded for trajectory optimization.
[INFO] [1783871357.274467424, 158.004000000]: Footprint model 'polygon' loaded for trajectory optimization.
[INFO] [1783871357.869007683, 158.598000000]: Footprint model 'polygon' loaded for trajectory optimization.
[INFO] [1783871358.473417469, 159.200000000]: Footprint model 'polygon' loaded for trajectory optimization.
[INFO] [1783871359.125819285, 159.850000000]: Footprint model 'polygon' loaded for trajectory optimization.
[INFO] [1783871360.665321628, 161.388000000]: GOAL Reached!
[INFO] [1783871360.798738125, 161.520000000]: Footprint model 'polygon' loaded for trajectory optimization.
[INFO] [1783871361.685775526, 162.406000000]: Footprint model 'polygon' loaded for trajectory optimization.
[INFO] [1783871362.225488295, 162.948000000]: Footprint model 'polygon' loaded for trajectory optimization.
[INFO] [1783871362.830655428, 163.548000000]: Footprint model 'polygon' loaded for trajectory optimization.
[INFO] [1783871363.471492600, 164.188000000]: Footprint model 'polygon' loaded for trajectory optimization.
[INFO] [1783871364.078440844, 164.794000000]: Footprint model 'polygon' loaded for trajectory optimization.
[INFO] [1783871364.676950872, 165.390000000]: Footprint model 'polygon' loaded for trajectory optimization.
[INFO] [1783871365.230162994, 165.942000000]: Footprint model 'polygon' loaded for trajectory optimization.
[INFO] [1783871365.878359989, 166.590000000]: Footprint model 'polygon' loaded for trajectory optimization.
[INFO] [1783871366.432365406, 167.142000000]: Footprint model 'polygon' loaded for trajectory optimization.
[INFO] [1783871368.422076689, 169.128000000]: GOAL Reached!
[INFO] [1783871368.564052361, 169.270000000]: Footprint model 'polygon' loaded for trajectory optimization.
[INFO] [1783871369.425036354, 170.130000000]: Footprint model 'polygon' loaded for trajectory optimization.
[INFO] [1783871369.985022881, 170.690000000]: Footprint model 'polygon' loaded for trajectory optimization.
[INFO] [1783871370.605934883, 171.308000000]: Footprint model 'polygon' loaded for trajectory optimization.
[INFO] [1783871371.230707168, 171.932000000]: Footprint model 'polygon' loaded for trajectory optimization.
[INFO] [1783871371.783218774, 172.484000000]: Footprint model 'polygon' loaded for trajectory optimization.
[INFO] [1783871372.431674086, 173.130000000]: Footprint model 'polygon' loaded for trajectory optimization.
[INFO] [1783871372.983034936, 173.682000000]: Footprint model 'polygon' loaded for trajectory optimization.
[INFO] [1783871374.971878801, 175.666000000]: GOAL Reached!
[INFO] [1783871375.115349341, 175.810000000]: Footprint model 'polygon' loaded for trajectory optimization.
[INFO] [1783871375.975216942, 176.668000000]: Footprint model 'polygon' loaded for trajectory optimization.
[INFO] [1783871376.531365765, 177.222000000]: Footprint model 'polygon' loaded for trajectory optimization.
[INFO] [1783871377.134082482, 177.824000000]: Footprint model 'polygon' loaded for trajectory optimization.
[INFO] [1783871377.729548707, 178.422000000]: Footprint model 'polygon' loaded for trajectory optimization.
[INFO] [1783871379.520763577, 180.208000000]: GOAL Reached!
[INFO] [1783871379.663492682, 180.350000000]: Footprint model 'polygon' loaded for trajectory optimization.
[INFO] [1783871380.542956447, 181.228000000]: Footprint model 'polygon' loaded for trajectory optimization.
[INFO] [1783871381.129395003, 181.816000000]: Footprint model 'polygon' loaded for trajectory optimization.
[INFO] [1783871381.684334923, 182.366000000]: Footprint model 'polygon' loaded for trajectory optimization.
[INFO] [1783871382.331512181, 183.012000000]: Footprint model 'polygon' loaded for trajectory optimization.
[INFO] [1783871382.886045080, 183.568000000]: Footprint model 'polygon' loaded for trajectory optimization.
[INFO] [1783871383.483991961, 184.164000000]: Footprint model 'polygon' loaded for trajectory optimization.
[INFO] [1783871384.875961658, 185.552000000]: GOAL Reached!
[INFO] [1783871385.002477480, 185.678000000]: Footprint model 'polygon' loaded for trajectory optimization.
[INFO] [1783871385.873343934, 186.548000000]: Footprint model 'polygon' loaded for trajectory optimization.
[INFO] [1783871386.417432086, 187.092000000]: Footprint model 'polygon' loaded for trajectory optimization.
[INFO] [1783871387.067989315, 187.740000000]: Footprint model 'polygon' loaded for trajectory optimization.
[INFO] [1783871387.670613333, 188.342000000]: Footprint model 'polygon' loaded for trajectory optimization.
[INFO] [1783871388.273806265, 188.944000000]: Footprint model 'polygon' loaded for trajectory optimization.
[INFO] [1783871388.821217137, 189.490000000]: Footprint model 'polygon' loaded for trajectory optimization.
[INFO] [1783871389.421384941, 190.090000000]: Footprint model 'polygon' loaded for trajectory optimization.
[INFO] [1783871390.025231454, 190.692000000]: Footprint model 'polygon' loaded for trajectory optimization.
[INFO] [1783871390.673462866, 191.340000000]: Footprint model 'polygon' loaded for trajectory optimization.
[INFO] [1783871391.222920828, 191.888000000]: Footprint model 'polygon' loaded for trajectory optimization.
[INFO] [1783871392.914221410, 193.576000000]: GOAL Reached!
[INFO] [1783871393.050904466, 193.714000000]: Footprint model 'polygon' loaded for trajectory optimization.
[INFO] [1783871393.947463018, 194.608000000]: Footprint model 'polygon' loaded for trajectory optimization.
[INFO] [1783871394.598073489, 195.254000000]: Footprint model 'polygon' loaded for trajectory optimization.
[INFO] [1783871395.242541452, 195.898000000]: Footprint model 'polygon' loaded for trajectory optimization.
[INFO] [1783871395.798354290, 196.454000000]: Footprint model 'polygon' loaded for trajectory optimization.
[INFO] [1783871396.446372454, 197.100000000]: Footprint model 'polygon' loaded for trajectory optimization.
[INFO] [1783871397.041138440, 197.696000000]: Footprint model 'polygon' loaded for trajectory optimization.
[INFO] [1783871397.595592686, 198.250000000]: Footprint model 'polygon' loaded for trajectory optimization.
[INFO] [1783871398.243947134, 198.896000000]: Footprint model 'polygon' loaded for trajectory optimization.
[INFO] [1783871398.845256454, 199.496000000]: Footprint model 'polygon' loaded for trajectory optimization.
[INFO] [1783871399.393129885, 200.044000000]: Footprint model 'polygon' loaded for trajectory optimization.
[INFO] [1783871400.045068401, 200.694000000]: Footprint model 'polygon' loaded for trajectory optimization.
[INFO] [1783871400.648012728, 201.296000000]: Footprint model 'polygon' loaded for trajectory optimization.
[INFO] [1783871402.985159789, 203.630000000]: GOAL Reached!
[INFO] [1783871403.129050559, 203.774000000]: Footprint model 'polygon' loaded for trajectory optimization.
[INFO] [1783871404.003762636, 204.646000000]: Footprint model 'polygon' loaded for trajectory optimization.
[INFO] [1783871404.550226111, 205.190000000]: Footprint model 'polygon' loaded for trajectory optimization.
[INFO] [1783871405.197503560, 205.836000000]: Footprint model 'polygon' loaded for trajectory optimization.
[INFO] [1783871405.798284723, 206.436000000]: Footprint model 'polygon' loaded for trajectory optimization.
[INFO] [1783871407.541349112, 208.176000000]: GOAL Reached!
[INFO] [1783871407.684558305, 208.320000000]: Footprint model 'polygon' loaded for trajectory optimization.
[INFO] [1783871408.554949698, 209.186000000]: Footprint model 'polygon' loaded for trajectory optimization.
[INFO] [1783871409.102489203, 209.736000000]: Footprint model 'polygon' loaded for trajectory optimization.
[INFO] [1783871409.702712003, 210.336000000]: Footprint model 'polygon' loaded for trajectory optimization.
[INFO] [1783871410.305043218, 210.936000000]: Footprint model 'polygon' loaded for trajectory optimization.
[INFO] [1783871410.953727170, 211.582000000]: Footprint model 'polygon' loaded for trajectory optimization.
[INFO] [1783871411.503773842, 212.134000000]: Footprint model 'polygon' loaded for trajectory optimization.
[INFO] [1783871412.997183434, 213.622000000]: GOAL Reached!
[INFO] [1783871413.157422671, 213.782000000]: Footprint model 'polygon' loaded for trajectory optimization.
[INFO] [1783871414.041735063, 214.666000000]: Footprint model 'polygon' loaded for trajectory optimization.
[INFO] [1783871414.589744716, 215.212000000]: Footprint model 'polygon' loaded for trajectory optimization.
[INFO] [1783871415.233271244, 215.858000000]: Footprint model 'polygon' loaded for trajectory optimization.
[INFO] [1783871415.787647482, 216.408000000]: Footprint model 'polygon' loaded for trajectory optimization.
[INFO] [1783871416.431456525, 217.054000000]: Footprint model 'polygon' loaded for trajectory optimization.
[INFO] [1783871416.987231850, 217.606000000]: Footprint model 'polygon' loaded for trajectory optimization.
[INFO] [1783871417.584642405, 218.204000000]: Footprint model 'polygon' loaded for trajectory optimization.
[INFO] [1783871418.186265251, 218.804000000]: Footprint model 'polygon' loaded for trajectory optimization.
[INFO] [1783871418.834454037, 219.450000000]: Footprint model 'polygon' loaded for trajectory optimization.
[INFO] [1783871420.779221228, 221.390000000]: GOAL Reached!
[INFO] [1783871420.920343781, 221.530000000]: Footprint model 'polygon' loaded for trajectory optimization.
[INFO] [1783871421.798957647, 222.408000000]: Footprint model 'polygon' loaded for trajectory optimization.
[INFO] [1783871422.394568953, 223.004000000]: Footprint model 'polygon' loaded for trajectory optimization.
[INFO] [1783871422.993597941, 223.602000000]: Footprint model 'polygon' loaded for trajectory optimization.
[INFO] [1783871423.597243290, 224.204000000]: Footprint model 'polygon' loaded for trajectory optimization.
[INFO] [1783871424.146402907, 224.752000000]: Footprint model 'polygon' loaded for trajectory optimization.
[INFO] [1783871424.750384293, 225.356000000]: Footprint model 'polygon' loaded for trajectory optimization.
[INFO] [1783871425.349959256, 225.952000000]: Footprint model 'polygon' loaded for trajectory optimization.
[INFO] [1783871425.950729471, 226.552000000]: Footprint model 'polygon' loaded for trajectory optimization.
[INFO] [1783871427.536138082, 228.138000000]: GOAL Reached!
[INFO] [1783871427.696516535, 228.296000000]: Footprint model 'polygon' loaded for trajectory optimization.
[INFO] [1783871428.591609833, 229.190000000]: Footprint model 'polygon' loaded for trajectory optimization.
[INFO] [1783871429.191987648, 229.788000000]: Footprint model 'polygon' loaded for trajectory optimization.
[INFO] [1783871429.788885583, 230.386000000]: Footprint model 'polygon' loaded for trajectory optimization.
[INFO] [1783871430.391467832, 230.986000000]: Footprint model 'polygon' loaded for trajectory optimization.
[INFO] [1783871432.134744451, 232.726000000]: GOAL Reached!
[INFO] [1783871432.272656073, 232.864000000]: Footprint model 'polygon' loaded for trajectory optimization.
[INFO] [1783871433.159463741, 233.748000000]: Footprint model 'polygon' loaded for trajectory optimization.
[INFO] [1783871433.803639475, 234.390000000]: Footprint model 'polygon' loaded for trajectory optimization.
[INFO] [1783871434.402877382, 234.990000000]: Footprint model 'polygon' loaded for trajectory optimization.
[INFO] [1783871435.002695106, 235.588000000]: Footprint model 'polygon' loaded for trajectory optimization.
[INFO] [1783871435.652121924, 236.236000000]: Footprint model 'polygon' loaded for trajectory optimization.
[INFO] [1783871436.252673101, 236.836000000]: Footprint model 'polygon' loaded for trajectory optimization.
[INFO] [1783871437.594850231, 238.174000000]: GOAL Reached!
[INFO] [1783871437.742409437, 238.322000000]: Footprint model 'polygon' loaded for trajectory optimization.
[INFO] [1783871438.633264665, 239.210000000]: Footprint model 'polygon' loaded for trajectory optimization.
[INFO] [1783871439.178965930, 239.756000000]: Footprint model 'polygon' loaded for trajectory optimization.
[INFO] [1783871439.776196403, 240.352000000]: Footprint model 'polygon' loaded for trajectory optimization.
[INFO] [1783871440.423386244, 241.000000000]: Footprint model 'polygon' loaded for trajectory optimization.
[INFO] [1783871440.974965797, 241.550000000]: Footprint model 'polygon' loaded for trajectory optimization.
[INFO] [1783871441.627218913, 242.198000000]: Footprint model 'polygon' loaded for trajectory optimization.
[INFO] [1783871442.228402061, 242.800000000]: Footprint model 'polygon' loaded for trajectory optimization.
[INFO] [1783871442.778416432, 243.350000000]: Footprint model 'polygon' loaded for trajectory optimization.
[INFO] [1783871443.428646688, 243.998000000]: Footprint model 'polygon' loaded for trajectory optimization.
[INFO] [1783871443.979513618, 244.548000000]: Footprint model 'polygon' loaded for trajectory optimization.
[INFO] [1783871445.667866905, 246.234000000]: GOAL Reached!
[INFO] [1783871445.831327763, 246.396000000]: Footprint model 'polygon' loaded for trajectory optimization.
[INFO] [1783871446.721732173, 247.286000000]: Footprint model 'polygon' loaded for trajectory optimization.
[INFO] [1783871447.409748671, 247.974000000]: Footprint model 'polygon' loaded for trajectory optimization.
[INFO] [1783871448.014894760, 248.578000000]: Footprint model 'polygon' loaded for trajectory optimization.
[INFO] [1783871448.565671793, 249.128000000]: Footprint model 'polygon' loaded for trajectory optimization.
[INFO] [1783871449.165100954, 249.724000000]: Footprint model 'polygon' loaded for trajectory optimization.
[INFO] [1783871449.767471117, 250.326000000]: Footprint model 'polygon' loaded for trajectory optimization.
[INFO] [1783871450.413368504, 250.972000000]: Footprint model 'polygon' loaded for trajectory optimization.
[INFO] [1783871452.255183996, 252.810000000]: GOAL Reached!
[INFO] [1783871452.405236083, 252.960000000]: Footprint model 'polygon' loaded for trajectory optimization.
[INFO] [1783871453.276751928, 253.828000000]: Footprint model 'polygon' loaded for trajectory optimization.
[INFO] [1783871453.833015030, 254.384000000]: Footprint model 'polygon' loaded for trajectory optimization.
[INFO] [1783871454.480991380, 255.030000000]: Footprint model 'polygon' loaded for trajectory optimization.
[INFO] [1783871455.033113373, 255.582000000]: Footprint model 'polygon' loaded for trajectory optimization.
[INFO] [1783871455.633060372, 256.182000000]: Footprint model 'polygon' loaded for trajectory optimization.
[INFO] [1783871456.232567827, 256.778000000]: Footprint model 'polygon' loaded for trajectory optimization.
[INFO] [1783871456.882042652, 257.428000000]: Footprint model 'polygon' loaded for trajectory optimization.
[INFO] [1783871457.433313524, 257.978000000]: Footprint model 'polygon' loaded for trajectory optimization.
[INFO] [1783871459.324696117, 259.866000000]: GOAL Reached!
[INFO] [1783871459.466563795, 260.006000000]: Footprint model 'polygon' loaded for trajectory optimization.
[INFO] [1783871460.352236428, 260.890000000]: Footprint model 'polygon' loaded for trajectory optimization.
[INFO] [1783871460.938730337, 261.478000000]: Footprint model 'polygon' loaded for trajectory optimization.
[INFO] [1783871461.492712073, 262.028000000]: Footprint model 'polygon' loaded for trajectory optimization.
[INFO] [1783871462.140337557, 262.676000000]: Footprint model 'polygon' loaded for trajectory optimization.
[INFO] [1783871462.760460146, 263.294000000]: Footprint model 'polygon' loaded for trajectory optimization.
[INFO] [1783871463.290725114, 263.824000000]: Footprint model 'polygon' loaded for trajectory optimization.
[INFO] [1783871463.941937805, 264.474000000]: Footprint model 'polygon' loaded for trajectory optimization.
[INFO] [1783871464.541985288, 265.074000000]: Footprint model 'polygon' loaded for trajectory optimization.
[INFO] [1783871465.141805433, 265.674000000]: Footprint model 'polygon' loaded for trajectory optimization.
[INFO] [1783871466.685057436, 267.212000000]: GOAL Reached!
[INFO] [1783871466.839046742, 267.366000000]: Footprint model 'polygon' loaded for trajectory optimization.
[INFO] [1783871467.723403659, 268.248000000]: Footprint model 'polygon' loaded for trajectory optimization.
[INFO] [1783871468.260801031, 268.786000000]: Footprint model 'polygon' loaded for trajectory optimization.
[INFO] [1783871468.863622090, 269.388000000]: Footprint model 'polygon' loaded for trajectory optimization.
[INFO] [1783871469.515184976, 270.038000000]: Footprint model 'polygon' loaded for trajectory optimization.
[INFO] [1783871470.061119558, 270.584000000]: Footprint model 'polygon' loaded for trajectory optimization.
[INFO] [1783871470.663683210, 271.184000000]: Footprint model 'polygon' loaded for trajectory optimization.
[INFO] [1783871471.264369775, 271.784000000]: Footprint model 'polygon' loaded for trajectory optimization.
[INFO] [1783871474.9279789[WARN] [1783871483.968908076, 284.466000000]: TebLocalPlannerROS: possible oscillation (of the robot or its local plan) detected. Activating recovery strategy (prefer current turning direction during optimization).
[ERROR] [1783871494.083261337, 294.566000000]: Aborting because the robot appears to be oscillating over and over. Even after executing all recovery behaviors
[WARN] [1783871494.386026580, 294.870000000]: The origin for the sensor at (7.57, -0.05) is out of map bounds. So, the costmap cannot raytrace for it.
80, 275.440000000]: Footprint model 'polygon' loaded for trajectory optimization.
[INFO] [1783871475.472925679, 275.984000000]: Footprint model 'polygon' loaded for trajectory optimization.
[INFO] [1783871476.129530486, 276.640000000]: Footprint model 'polygon' loaded for trajectory optimization.
[INFO] [1783871476.676978257, 277.186000000]: Footprint model 'polygon' loaded for trajectory optimization.
[INFO] [1783871477.279355833, 277.788000000]: Footprint model 'polygon' loaded for trajectory optimization.
[INFO] [1783871477.881461437, 278.390000000]: Footprint model 'polygon' loaded for trajectory optimization.
[INFO] [1783871478.529755185, 279.038000000]: Footprint model 'polygon' loaded for trajectory optimization.
[INFO] [1783871479.136693542, 279.642000000]: Footprint model 'polygon' loaded for trajectory optimization.
[INFO] [1783871479.682588486, 280.186000000]: Footprint model 'polygon' loaded for trajectory optimization.
[INFO] [1783871480.284224336, 280.790000000]: Footprint model 'polygon' loaded for trajectory optimization.
[INFO] [1783871480.889959188, 281.396000000]: Footprint model 'polygon' loaded for trajectory optimization.
[INFO] [1783871481.485734196, 281.988000000]: Footprint model 'polygon' loaded for trajectory optimization.
[INFO] [1783871482.146389938, 282.646000000]: Footprint model 'polygon' loaded for trajectory optimization.
[INFO] [1783871482.740805328, 283.238000000]: Footprint model 'polygon' loaded for trajectory optimization.
[INFO] [1783871483.343477728, 283.842000000]: Footprint model 'polygon' loaded for trajectory optimization.
[INFO] [1783871483.938082984, 284.434000000]: Footprint model 'polygon' loaded for trajectory optimization.
[INFO] [1783871484.550088849, 285.046000000]: Footprint model 'polygon' loaded for trajectory optimization.
[INFO] [1783871485.092234752, 285.588000000]: Footprint model 'polygon' loaded for trajectory optimization.
[INFO] [1783871485.696662493, 286.192000000]: Footprint model 'polygon' loaded for trajectory optimization.
[INFO] [1783871486.296666264, 286.792000000]: Footprint model 'polygon' loaded for trajectory optimization.
[INFO] [1783871486.956595938, 287.448000000]: Footprint model 'polygon' loaded for trajectory optimization.
[INFO] [1783871487.547842933, 288.038000000]: Footprint model 'polygon' loaded for trajectory optimization.
[INFO] [1783871488.160185881, 288.652000000]: Footprint model 'polygon' loaded for trajectory optimization.
[INFO] [1783871488.752859598, 289.242000000]: Footprint model 'polygon' loaded for trajectory optimization.
[INFO] [1783871489.318422953, 289.806000000]: Footprint model 'polygon' loaded for trajectory optimization.
[INFO] [1783871489.957525875, 290.446000000]: Footprint model 'polygon' loaded for trajectory optimization.
[INFO] [1783871490.557673049, 291.044000000]: Footprint model 'polygon' loaded for trajectory optimization.
[INFO] [1783871491.155820902, 291.640000000]: Footprint model 'polygon' loaded for trajectory optimization.
[INFO] [1783871491.766427389, 292.250000000]: Footprint model 'polygon' loaded for trajectory optimization.
[INFO] [1783871492.308485030, 292.792000000]: Footprint model 'polygon' loaded for trajectory optimization.
[INFO] [1783871492.919275822, 293.402000000]: Footprint model 'polygon' loaded for trajectory optimization.
[INFO] [1783871493.567575604, 294.050000000]: Footprint model 'polygon' loaded for trajectory optimization.
[INFO] [1783871494.243207447, 294.726000000]: Footprint model 'polygon' loaded for trajectory optimization.
[INFO] [1783871495.128500243, 295.608000000]: Footprint model 'polygon' loaded for trajectory optimization.
[INFO] [1783871495.665416963, 296.146000000]: Footprint model 'polygon' loaded for trajectory optimization.
[INFO] [1783871496.320894662, 296.798000000]: Footprint model 'polygon' loaded for trajectory optimization.
[INFO] [1783871496.914233713, 297.390000000]: Footprint model 'polygon' loaded for trajectory optimization.
[INFO] [1783871497.468995876, 297.944000000]: Footprint model 'polygon' loaded for trajectory optimization.
[INFO] [1783871498[ERROR] [1783871512.230710584, 312.682000000]: TebOptimalPlanner::getVelocityCommand() - timediff<=0 is invalid!
[WARN] [1783871512.230779972, 312.682000000]: TebLocalPlannerROS: velocity command invalid. Resetting planner...
.069887512, 298.544000000]: Footprint model 'polygon' loaded for trajectory optimization.
[INFO] [1783871498.718274437, 299.192000000]: Footprint model 'polygon' loaded for trajectory optimization.
[INFO] [1783871499.273546258, 299.746000000]: Footprint model 'polygon' loaded for trajectory optimization.
[INFO] [1783871499.926172276, 300.396000000]: Footprint model 'polygon' loaded for trajectory optimization.
[INFO] [1783871500.524751721, 300.994000000]: Footprint model 'polygon' loaded for trajectory optimization.
[INFO] [1783871501.120808058, 301.592000000]: Footprint model 'polygon' loaded for trajectory optimization.
[INFO] [1783871501.676405389, 302.144000000]: Footprint model 'polygon' loaded for trajectory optimization.
[INFO] [1783871502.277767593, 302.744000000]: Footprint model 'polygon' loaded for trajectory optimization.
[INFO] [1783871502.927673760, 303.394000000]: Footprint model 'polygon' loaded for trajectory optimization.
[INFO] [1783871503.476161206, 303.944000000]: Footprint model 'polygon' loaded for trajectory optimization.
[INFO] [1783871504.074931954, 304.540000000]: Footprint model 'polygon' loaded for trajectory optimization.
[INFO] [1783871505.869194044, 306.330000000]: GOAL Reached!
[INFO] [1783871506.007379924, 306.468000000]: Footprint model 'polygon' loaded for trajectory optimization.
[INFO] [1783871506.823055756, 307.282000000]: TebLocalPlannerROS: oscillation recovery disabled/expired.
[INFO] [1783871506.891171230, 307.350000000]: Footprint model 'polygon' loaded for trajectory optimization.
[INFO] [1783871507.442701787, 307.902000000]: Footprint model 'polygon' loaded for trajectory optimization.
[INFO] [1783871508.090006264, 308.546000000]: Footprint model 'polygon' loaded for trajectory optimization.
[INFO] [1783871508.693443531, 309.148000000]: Footprint model 'polygon' loaded for trajectory optimization.
[INFO] [1783871509.242655581, 309.696000000]: Footprint model 'polygon' loaded for trajectory optimization.
[INFO] [1783871509.844085617, 310.298000000]: Footprint model 'polygon' loaded for trajectory optimization.
[INFO] [1783871510.442049818, 310.894000000]: Footprint model 'polygon' loaded for trajectory optimization.
[INFO] [1783871511.092047012, 311.544000000]: Footprint model 'polygon' loaded for trajectory optimization.
[INFO] [1783871511.692558166, 312.144000000]: Footprint model 'polygon' loaded for trajectory optimization.
[INFO] [1783871514.437589203, 314.882000000]: GOAL Reached!
[INFO] [1783871514.574022392, 315.018000000]: Footprint model 'polygon' loaded for trajectory optimization.
[INFO] [1783871515.444708570, 315.886000000]: Footprint model 'polygon' loaded for trajectory optimization.
[INFO] [1783871515.993290894, 316.436000000]: Footprint model 'polygon' loaded for trajectory optimization.
[INFO] [1783871516.597311466, 317.038000000]: Footprint model 'polygon' loaded for trajectory optimization.
[INFO] [1783871517.198085676, 317.638000000]: Footprint model 'polygon' loaded for trajectory optimization.
[INFO] [1783871517.852369499, 318.292000000]: Footprint model 'polygon' loaded for trajectory optimization.
[INFO] [1783871518.390479547, 318.828000000]: Footprint model 'polygon' loaded for trajectory optimization.
[INFO] [1783871519.061818178, 319.498000000]: Footprint model 'polygon' loaded for trajectory optimization.
[INFO] [1783871522.658487051, 323.090000000]: Footprint model 'polygon' loaded for trajectory optimization.
[INFO] [1783871523.250371447, 323.680000000]: Footprint model 'polygon' loaded for trajectory optimization.
[INFO] [1783871523.804272591, 324.232000000]: Footprint model 'polygon' loaded for trajectory optimization.
[INFO] [1783871524.409164937, 324.838000000]: Footprint model 'polygon' loaded for trajectory optimization.
[INFO] [1783871525.059626823, 325.488000000]: Footprint model 'polygon' loaded for trajectory optimization.
[INFO] [1783871525.605056518, 326.036000000]: Footprint model 'polygon' loaded for trajectory optimization.
[INFO] [1783871526.212910655, 326.638000000]: Footprint model 'polygon' loaded for trajectory optimization.
[[WARN] [1783871531.596171154, 332.012000000]: TebLocalPlannerROS: possible oscillation (of the robot or its local plan) detected. Activating recovery strategy (prefer current turning direction during optimization).
INFO] [1783871526.812113486, 327.236000000]: Footprint model 'polygon' loaded for trajectory optimization.
[INFO] [1783871527.412178615, 327.834000000]: Footprint model 'polygon' loaded for trajectory optimization.
[INFO] [1783871528.062984502, 328.486000000]: Footprint model 'polygon' loaded for trajectory optimization.
[INFO] [1783871528.662768103, 329.084000000]: Footprint model 'polygon' loaded for trajectory optimization.
[INFO] [1783871529.222045424, 329.642000000]: Footprint model 'polygon' loaded for trajectory optimization.
[INFO] [1783871529.865987842, 330.284000000]: Footprint model 'polygon' loaded for trajectory optimization.
[INFO] [1783871530.470364962, 330.888000000]: Footprint model 'polygon' loaded for trajectory optimization.
[INFO] [1783871531.070139231, 331.486000000]: Footprint model 'polygon' loaded for trajectory optimization.
[INFO] [1783871531.667226169, 332.084000000]: Footprint model 'polygon' loaded for trajectory optimization.
[INFO] [1783871532.218228746, 332.636000000]: Footprint model 'polygon' loaded for trajectory optimization.
[INFO] [1783871532.876730918, 333.292000000]: Footprint model 'polygon' loaded for trajectory optimization.
[INFO] [1783871533.415868190, 333.832000000]: Footprint model 'polygon' loaded for trajectory optimization.
[INFO] [1783871534.024777609, 334.436000000]: Footprint model 'polygon' loaded for trajectory optimization.
[INFO] [1783871534.626777386, 335.038000000]: Footprint model 'polygon' loaded for trajectory optimization.
[INFO] [1783871535.229383733, 335.640000000]: Footprint model 'polygon' loaded for trajectory optimization.
[INFO] [1783871535.879548075, 336.290000000]: Footprint model 'polygon' loaded for trajectory optimization.
[INFO] [1783871536.424700021, 336.834000000]: Footprint model 'polygon' loaded for trajectory optimization.
[INFO] [1783871537.035418815, 337.444000000]: Footprint model 'polygon' loaded for trajectory optimization.
[INFO] [1783871537.694072277, 338.100000000]: Footprint model 'polygon' loaded for trajectory optimization.
[INFO] [1783871538.280782290, 338.686000000]: Footprint model 'polygon' loaded for trajectory optimization.
[INFO] [1783871538.894615504, 339.298000000]: Footprint model 'polygon' loaded for trajectory optimization.
[INFO] [1783871539.436887537, 339.842000000]: Footprint model 'polygon' loaded for trajectory optimization.
[INFO] [1783871540.088413536, 340.496000000]: Footprint model 'polygon' loaded for trajectory optimization.
[INFO] [1783871540.638367621, 341.040000000]: Footprint model 'polygon' loaded for trajectory optimization.
[INFO] [1783871541.296482383, 341.696000000]: Footprint model 'polygon' loaded for trajectory optimization.
[INFO] [1783871541.887540136, 342.288000000]: Footprint model 'polygon' loaded for trajectory optimization.
[INFO] [1783871542.449204559, 342.848000000]: Footprint model 'polygon' loaded for trajectory optimization.
[INFO] [1783871543.096015079, 343.496000000]: Footprint model 'polygon' loaded for trajectory optimization.
[INFO] [1783871543.644316793, 344.040000000]: Footprint model 'polygon' loaded for trajectory optimization.
[INFO] [1783871544.250346924, 344.646000000]: Footprint model 'polygon' loaded for trajectory optimization.
[INFO] [1783871544.846061898, 345.240000000]: Footprint model 'polygon' loaded for trajectory optimization.
[INFO] [1783871545.506365795, 345.900000000]: Footprint model 'polygon' loaded for trajectory optimization.
[INFO] [1783871546.050019956, 346.442000000]: Footprint model 'polygon' loaded for trajectory optimization.
[INFO] [1783871546.660277020, 347.052000000]: Footprint model 'polygon' loaded for trajectory optimization.
[INFO] [1783871547.305619050, 347.698000000]: Footprint model 'polygon' loaded for trajectory optimization.
[INFO] [1783871547.894047103, 348.288000000]: Footprint model 'polygon' loaded for trajectory optimization.
[INFO] [1783871548.447868772, 348.838000000]: Footprint model 'polygon' loaded for trajectory optimization.
[INFO] [1783871549.107904174, 349.498000000]: Footprint model 'polygon' loaded for trajectory optimiz[ERROR] [1783871553.029383950, 353.412000000]: Aborting because the robot appears to be oscillating over and over. Even after executing all recovery behaviors
[WARN] [1783871553.488986105, 353.870000000]: The origin for the sensor at (7.59, -0.00) is out of map bounds. So, the costmap cannot raytrace for it.
ation.
[INFO] [1783871549.644748036, 350.034000000]: Footprint model 'polygon' loaded for trajectory optimization.
[INFO] [1783871550.306009687, 350.692000000]: Footprint model 'polygon' loaded for trajectory optimization.
[INFO] [1783871550.850344173, 351.238000000]: Footprint model 'polygon' loaded for trajectory optimization.
[INFO] [1783871551.507748210, 351.892000000]: Footprint model 'polygon' loaded for trajectory optimization.
[INFO] [1783871552.097950885, 352.480000000]: Footprint model 'polygon' loaded for trajectory optimization.
[INFO] [1783871552.659953823, 353.042000000]: Footprint model 'polygon' loaded for trajectory optimization.
[INFO] [1783871553.396603929, 353.776000000]: Footprint model 'polygon' loaded for trajectory optimization.
[INFO] [1783871554.252510649, 354.634000000]: Footprint model 'polygon' loaded for trajectory optimization.
[INFO] [1783871554.803308897, 355.182000000]: Footprint model 'polygon' loaded for trajectory optimization.
[INFO] [1783871555.401731144, 355.778000000]: Footprint model 'polygon' loaded for trajectory optimization.
[INFO] [1783871556.047021333, 356.426000000]: Footprint model 'polygon' loaded for trajectory optimization.
[INFO] [1783871556.649945410, 357.026000000]: Footprint model 'polygon' loaded for trajectory optimization.
[INFO] [1783871557.252269637, 357.626000000]: Footprint model 'polygon' loaded for trajectory optimization.
[INFO] [1783871557.854532919, 358.226000000]: Footprint model 'polygon' loaded for trajectory optimization.
[INFO] [1783871558.451888435, 358.826000000]: Footprint model 'polygon' loaded for trajectory optimization.
[INFO] [1783871559.994277094, 360.364000000]: GOAL Reached!
[INFO] [1783871560.138052656, 360.506000000]: Footprint model 'polygon' loaded for trajectory optimization.
[INFO] [1783871561.021327203, 361.388000000]: Footprint model 'polygon' loaded for trajectory optimization.
[INFO] [1783871561.559977671, 361.926000000]: Footprint model 'polygon' loaded for trajectory optimization.
[INFO] [1783871562.209264245, 362.574000000]: Footprint model 'polygon' loaded for trajectory optimization.
[INFO] [1783871562.813310414, 363.176000000]: Footprint model 'polygon' loaded for trajectory optimization.
[INFO] [1783871563.411813046, 363.774000000]: Footprint model 'polygon' loaded for trajectory optimization.
[INFO] [1783871564.015159116, 364.376000000]: Footprint model 'polygon' loaded for trajectory optimization.
[INFO] [1783871564.562482502, 364.924000000]: Footprint model 'polygon' loaded for trajectory optimization.
[INFO] [1783871565.212000513, 365.572000000]: Footprint model 'polygon' loaded for trajectory optimization.
[INFO] [1783871565.451923060, 365.810000000]: TebLocalPlannerROS: oscillation recovery disabled/expired.
[INFO] [1783871565.767279688, 366.126000000]: Footprint model 'polygon' loaded for trajectory optimization.
[INFO] [1783871566.418613655, 366.776000000]: Footprint model 'polygon' loaded for trajectory optimization.
[INFO] [1783871567.014794037, 367.372000000]: Footprint model 'polygon' loaded for trajectory optimization.
[INFO] [1783871568.756125408, 369.110000000]: GOAL Reached!
[INFO] [1783871568.907029361, 369.262000000]: Footprint model 'polygon' loaded for trajectory optimization.
[INFO] [1783871569.797882308, 370.148000000]: Footprint model 'polygon' loaded for trajectory optimization.
[INFO] [1783871570.391283249, 370.742000000]: Footprint model 'polygon' loaded for trajectory optimization.
[INFO] [1783871570.943445781, 371.292000000]: Footprint model 'polygon' loaded for trajectory optimization.
[INFO] [1783871571.602084513, 371.950000000]: Footprint model 'polygon' loaded for trajectory optimization.
[INFO] [1783871572.145470932, 372.492000000]: Footprint model 'polygon' loaded for trajectory optimization.
[INFO] [1783871572.750146028, 373.096000000]: Footprint model 'polygon' loaded for trajectory optimization.
[INFO] [1783871573.355051705, 373.700000000]: Footprint model 'polygon' loaded for trajectory optimization.
[INFO] [1783871576.961430177, 377.302000000]: Footprint model 'polygon' loaded for t[WARN] [1783871585.842483826, 386.168000000]: TebLocalPlannerROS: possible oscillation (of the robot or its local plan) detected. Activating recovery strategy (prefer current turning direction during optimization).
[ERROR] [1783871598.862763272, 399.168000000]: Aborting because the robot appears to be oscillating over and over. Even after executing all recovery behaviors
[WARN] [1783871599.568982470, 399.870000000]: The origin for the sensor at (7.57, 0.02) is out of map bounds. So, the costmap cannot raytrace for it.
rajectory optimization.
[INFO] [1783871577.550213052, 377.892000000]: Footprint model 'polygon' loaded for trajectory optimization.
[INFO] [1783871578.196288114, 378.536000000]: Footprint model 'polygon' loaded for trajectory optimization.
[INFO] [1783871578.751615605, 379.090000000]: Footprint model 'polygon' loaded for trajectory optimization.
[INFO] [1783871579.354480567, 379.690000000]: Footprint model 'polygon' loaded for trajectory optimization.
[INFO] [1783871579.954373316, 380.292000000]: Footprint model 'polygon' loaded for trajectory optimization.
[INFO] [1783871580.601943501, 380.938000000]: Footprint model 'polygon' loaded for trajectory optimization.
[INFO] [1783871581.202564454, 381.538000000]: Footprint model 'polygon' loaded for trajectory optimization.
[INFO] [1783871581.807375527, 382.138000000]: Footprint model 'polygon' loaded for trajectory optimization.
[INFO] [1783871582.362402535, 382.692000000]: Footprint model 'polygon' loaded for trajectory optimization.
[INFO] [1783871583.019463628, 383.348000000]: Footprint model 'polygon' loaded for trajectory optimization.
[INFO] [1783871583.553675770, 383.884000000]: Footprint model 'polygon' loaded for trajectory optimization.
[INFO] [1783871584.214387001, 384.542000000]: Footprint model 'polygon' loaded for trajectory optimization.
[INFO] [1783871584.765249181, 385.092000000]: Footprint model 'polygon' loaded for trajectory optimization.
[INFO] [1783871585.372941158, 385.698000000]: Footprint model 'polygon' loaded for trajectory optimization.
[INFO] [1783871586.016887332, 386.344000000]: Footprint model 'polygon' loaded for trajectory optimization.
[INFO] [1783871586.572990391, 386.896000000]: Footprint model 'polygon' loaded for trajectory optimization.
[INFO] [1783871587.176862384, 387.500000000]: Footprint model 'polygon' loaded for trajectory optimization.
[INFO] [1783871587.775766179, 388.102000000]: Footprint model 'polygon' loaded for trajectory optimization.
[INFO] [1783871588.433305992, 388.756000000]: Footprint model 'polygon' loaded for trajectory optimization.
[INFO] [1783871588.980515754, 389.300000000]: Footprint model 'polygon' loaded for trajectory optimization.
[INFO] [1783871589.642262020, 389.964000000]: Footprint model 'polygon' loaded for trajectory optimization.
[INFO] [1783871590.180633824, 390.502000000]: Footprint model 'polygon' loaded for trajectory optimization.
[INFO] [1783871590.836347618, 391.154000000]: Footprint model 'polygon' loaded for trajectory optimization.
[INFO] [1783871591.429242476, 391.748000000]: Footprint model 'polygon' loaded for trajectory optimization.
[INFO] [1783871592.031155745, 392.348000000]: Footprint model 'polygon' loaded for trajectory optimization.
[INFO] [1783871592.629497104, 392.944000000]: Footprint model 'polygon' loaded for trajectory optimization.
[INFO] [1783871593.189824978, 393.504000000]: Footprint model 'polygon' loaded for trajectory optimization.
[INFO] [1783871593.846705787, 394.160000000]: Footprint model 'polygon' loaded for trajectory optimization.
[INFO] [1783871594.389383030, 394.702000000]: Footprint model 'polygon' loaded for trajectory optimization.
[INFO] [1783871594.988074861, 395.300000000]: Footprint model 'polygon' loaded for trajectory optimization.
[INFO] [1783871595.645290463, 395.954000000]: Footprint model 'polygon' loaded for trajectory optimization.
[INFO] [1783871596.188039339, 396.496000000]: Footprint model 'polygon' loaded for trajectory optimization.
[INFO] [1783871596.852408090, 397.160000000]: Footprint model 'polygon' loaded for trajectory optimization.
[INFO] [1783871597.487140363, 397.794000000]: Footprint model 'polygon' loaded for trajectory optimization.
[INFO] [1783871598.145210433, 398.450000000]: Footprint model 'polygon' loaded for trajectory optimization.
[INFO] [1783871598.692933012, 398.994000000]: Footprint model 'polygon' loaded for trajectory optimization.
[INFO] [1783871599.477676653, 399.780000000]: Footprint model 'polygon' loaded for trajectory optimization.
[INFO] [1783871600.346232435, 400.646000000]: Footprint model 'polygon' loaded for trajectory optimization.
[INFO] [1783871600.925987962, 401.224000000]: Footprint model 'polygon' loaded for trajectory optimization.
[INFO] [1783871601.508933499, 401.806000000]: Footprint model 'polygon' loaded for trajectory optimization.
[INFO] [1783871602.153129206, 402.450000000]: Footprint model 'polygon' loaded for trajectory optimization.
[INFO] [1783871602.706758297, 403.000000000]: Footprint model 'polygon' loaded for trajectory optimization.
[INFO] [1783871603.353000360, 403.648000000]: Footprint model 'polygon' loaded for trajectory optimization.
[INFO] [1783871603.954326530, 404.248000000]: Footprint model 'polygon' loaded for trajectory optimization.
[INFO] [1783871604.551780833, 404.848000000]: Footprint model 'polygon' loaded for trajectory optimization.
[INFO] [1783871605.157967476, 405.450000000]: Footprint model 'polygon' loaded for trajectory optimization.
[INFO] [1783871605.758162799, 406.048000000]: Footprint model 'polygon' loaded for trajectory optimization.
[INFO] [1783871606.312859531, 406.602000000]: Footprint model 'polygon' loaded for trajectory optimization.
[INFO] [1783871606.961639162, 407.250000000]: Footprint model 'polygon' loaded for trajectory optimization.
[INFO] [1783871607.564056620, 407.850000000]: Footprint model 'polygon' loaded for trajectory optimization.
[INFO] [1783871608.161427590, 408.448000000]: Footprint model 'polygon' loaded for trajectory optimization.
[INFO] [1783871610.103579502, 410.386000000]: GOAL Reached!
[INFO] [1783871610.245071232, 410.528000000]: Footprint model 'polygon' loaded for trajectory optimization.
[INFO] [1783871611.126764985, 411.408000000]: Footprint model 'polygon' loaded for trajectory optimization.
[INFO] [1783871611.724710672, 412.004000000]: Footprint model 'polygon' loaded for trajectory optimization.
[INFO] [1783871612.319650496, 412.600000000]: Footprint model 'polygon' loaded for trajectory optimization.
[INFO] [1783871612.357107309, 412.638000000]: TebLocalPlannerROS: oscillation recovery disabled/expired.
[INFO] [1783871612.921618661, 413.202000000]: Footprint model 'polygon' loaded for trajectory optimization.
[INFO] [1783871613.526524874, 413.802000000]: Footprint model 'polygon' loaded for trajectory optimization.
[INFO] [1783871614.124002941, 414.400000000]: Footprint model 'polygon' loaded for trajectory optimization.
[INFO] [1783871614.677191725, 414.952000000]: Footprint model 'polygon' loaded for trajectory optimization.
[INFO] [1783871615.325987680, 415.600000000]: Footprint model 'polygon' loaded for trajectory optimization.
[INFO] [1783871617.169835584, 417.438000000]: GOAL Reached!
[INFO] [1783871617.317869686, 417.586000000]: Footprint model 'polygon' loaded for trajectory optimization.
[INFO] [1783871618.201542307, 418.468000000]: Footprint model 'polygon' loaded for trajectory optimization.
[INFO] [1783871618.741574057, 419.008000000]: Footprint model 'polygon' loaded for trajectory optimization.
[INFO] [1783871619.388226405, 419.652000000]: Footprint model 'polygon' loaded for trajectory optimization.
[INFO] [1783871619.988237180, 420.252000000]: Footprint model 'polygon' loaded for trajectory optimization.
[INFO] [1783871620.588275691, 420.850000000]: Footprint model 'polygon' loaded for trajectory optimization.
[INFO] [1783871621.201760576, 421.462000000]: Footprint model 'polygon' loaded for trajectory optimization.
[INFO] [1783871621.793830841, 422.054000000]: Footprint model 'polygon' loaded for trajectory optimization.
[INFO] [1783871622.403344557, 422.662000000]: Footprint model 'polygon' loaded for trajectory optimization.
[INFO] [1783871623.927453505, 424.184000000]: GOAL Reached!
[INFO] [1783871624.078779242, 424.334000000]: Footprint model 'polygon' loaded for trajectory optimization.
[INFO] [1783871624.950055273, 425.206000000]: Footprint model 'polygon' loaded for trajectory optimization.
[INFO] [1783871625.497755863, 425.754000000]: Footprint model 'polygon' loaded for trajectory optimization.
[INFO] [1783871626.100332526, 426.352000000]: Footprint model 'polygon' loaded for trajectory optimization.
[INFO] [1783871626.698006655, 426.950000000]: Footprint model 'polygon' loaded for trajectory optimization.
[INFO] [1783871627.297813817, 427.548000000]: Footprint model 'polygon' loaded for trajectory optimization.
[INFO] [1783871627.948873064, 428.198000000]: Footprint model 'polygon' loaded for trajectory optimization.
[INFO] [1783871628.551525305, 428.800000000]: Footprint model 'polygon' loaded for trajectory optimization.
[INFO] [1783871629.144937463, 429.394000000]: Footprint model 'polygon' loaded for trajectory optimization.
[INFO] [1783871630.689883018, 430.936000000]: GOAL Reached!
[INFO] [1783871630.849586645, 431.094000000]: Footprint model 'polygon' loaded for trajectory optimization.
[INFO] [1783871631.724889460, 431.968000000]: Footprint model 'polygon' loaded for trajectory optimization.
[INFO] [1783871632.268807345, 432.510000000]: Footprint model 'polygon' loaded for trajectory optimization.
[INFO] [1783871632.916831009, 433.156000000]: Footprint model 'polygon' loaded for trajectory optimization.
[INFO] [1783871633.463677965, 433.704000000]: Footprint model 'polygon' loaded for trajectory optimization.
[INFO] [1783871634.064421454, 434.304000000]: Footprint model 'polygon' loaded for trajectory optimization.
[INFO] [1783871634.718483458, 434.954000000]: Footprint model 'polygon' loaded for trajectory optimization.
[INFO] [1783871635.306219018, 435.544000000]: Footprint model 'polygon' loaded for trajectory optimization.
[INFO] [1783871635.913131717, 436.148000000]: Footprint model 'polygon' loaded for trajectory optimization.
[INFO] [1783871636.512342284, 436.748000000]: Footprint model 'polygon' loaded for trajectory optimization.
[INFO] [1783871638.359008507, 438.588000000]: GOAL Reached!
[INFO] [1783871638.502733085, 438.730000000]: Footprint model 'polygon' loaded for trajectory optimization.
[INFO] [1783871639.381379437, 439.608000000]: Footprint model 'polygon' loaded for trajectory optimization.
[INFO] [1783871639.975321360, 440.202000000]: Footprint model 'polygon' loaded for trajectory optimization.
[INFO] [1783871640.573752266, 440.800000000]: Footprint model 'polygon' loaded for trajectory optimization.
[INFO] [1783871641.180328018, 441.404000000]: Footprint model 'polygon' loaded for trajectory optimization.
[INFO] [1783871641.733302312, 441.956000000]: Footprint model 'polygon' loaded for trajectory optimization.
[INFO] [1783871642.335392181, 442.558000000]: Footprint model 'polygon' loaded for trajectory optimization.
[INFO] [1783871642.984390654, 443.204000000]: Footprint model 'polygon' loaded for trajectory optimization.
[INFO] [1783871646.591164827, 446.806000000]: Footprint model 'polygon' loaded for trajectory optimization.
[INFO] [1783871647.140983840, 447.356000000]: Footprint model 'polygon' loaded for trajectory optimization.
[INFO] [1783871647.742982104, 447.956000000]: Footprint model 'polygon' loaded for trajectory optimization.
[INFO] [1783871648.393558724, 448.606000000]: Footprint model 'polygon' loaded for trajectory optimization.
[INFO] [1783871648.993248808, 449.204000000]: Footprint model 'polygon' loaded for trajectory optimization.
[INFO] [1783871649.591366962, 449.802000000]: Footprint model 'polygon' loaded for trajectory optimization.
[INFO] [1783871650.151391129, 450.360000000]: Footprint model 'polygon' loaded for trajectory optimization.
[INFO] [1783871650.794878247, 451.004000000]: Footprint model 'polygon' loaded for trajectory optimization.
[INFO] [1783871651.399817427, 451.606000000]: Footprint model 'polygon' loaded for trajectory optimization.
[INFO] [1783871651.953704158, 452.160000000]: Footprint model 'polygon' loaded for trajectory optimization.
[INFO] [1783871652.610086738, 452.814000000]: Footprint model 'polygon' loaded for trajectory optimization.
[INFO] [1783871653.202711017, 453.406000000]: Footprint model 'polygon' loaded for trajectory optimization.
[INFO] [1783871653.756212898, 453.960000000]: Footprint model 'polygon' loaded for trajectory optimization.
[INFO] [1783871654.413866610, 454.614000000]: Footprint model 'polygon' loaded for traj[WARN] [1783871655.435113861, 455.634000000]: TebLocalPlannerROS: possible oscillation (of the robot or its local plan) detected. Activating recovery strategy (prefer current turning direction during optimization).
[ERROR] [1783871665.553640884, 465.734000000]: Aborting because the robot appears to be oscillating over and over. Even after executing all recovery behaviors
[WARN] [1783871666.089307353, 466.270000000]: The origin for the sensor at (6.10, 0.02) is out of map bounds. So, the costmap cannot raytrace for it.
ectory optimization.
[INFO] [1783871655.007406140, 455.208000000]: Footprint model 'polygon' loaded for trajectory optimization.
[INFO] [1783871655.611433449, 455.810000000]: Footprint model 'polygon' loaded for trajectory optimization.
[INFO] [1783871656.218921257, 456.418000000]: Footprint model 'polygon' loaded for trajectory optimization.
[INFO] [1783871656.755975566, 456.956000000]: Footprint model 'polygon' loaded for trajectory optimization.
[INFO] [1783871657.412047093, 457.610000000]: Footprint model 'polygon' loaded for trajectory optimization.
[INFO] [1783871658.014401301, 458.210000000]: Footprint model 'polygon' loaded for trajectory optimization.
[INFO] [1783871658.614500939, 458.810000000]: Footprint model 'polygon' loaded for trajectory optimization.
[INFO] [1783871659.166353794, 459.360000000]: Footprint model 'polygon' loaded for trajectory optimization.
[INFO] [1783871659.775499856, 459.968000000]: Footprint model 'polygon' loaded for trajectory optimization.
[INFO] [1783871660.375367729, 460.566000000]: Footprint model 'polygon' loaded for trajectory optimization.
[INFO] [1783871660.976987528, 461.170000000]: Footprint model 'polygon' loaded for trajectory optimization.
[INFO] [1783871661.625048335, 461.816000000]: Footprint model 'polygon' loaded for trajectory optimization.
[INFO] [1783871662.220274164, 462.408000000]: Footprint model 'polygon' loaded for trajectory optimization.
[INFO] [1783871662.824637576, 463.012000000]: Footprint model 'polygon' loaded for trajectory optimization.
[INFO] [1783871663.424291604, 463.610000000]: Footprint model 'polygon' loaded for trajectory optimization.
[INFO] [1783871663.972749114, 464.158000000]: Footprint model 'polygon' loaded for trajectory optimization.
[INFO] [1783871664.634545982, 464.820000000]: Footprint model 'polygon' loaded for trajectory optimization.
[INFO] [1783871665.181445593, 465.364000000]: Footprint model 'polygon' loaded for trajectory optimization.
[INFO] [1783871665.968663586, 466.148000000]: Footprint model 'polygon' loaded for trajectory optimization.
[INFO] [1783871666.851622975, 467.030000000]: Footprint model 'polygon' loaded for trajectory optimization.
[INFO] [1783871667.447579958, 467.624000000]: Footprint model 'polygon' loaded for trajectory optimization.
[INFO] [1783871668.001359085, 468.178000000]: Footprint model 'polygon' loaded for trajectory optimization.
[INFO] [1783871668.600974870, 468.776000000]: Footprint model 'polygon' loaded for trajectory optimization.
[INFO] [1783871669.201600704, 469.376000000]: Footprint model 'polygon' loaded for trajectory optimization.
[INFO] [1783871669.802287481, 469.976000000]: Footprint model 'polygon' loaded for trajectory optimization.
[INFO] [1783871670.397746690, 470.572000000]: Footprint model 'polygon' loaded for trajectory optimization.
[INFO] [1783871670.999865220, 471.170000000]: Footprint model 'polygon' loaded for trajectory optimization.
[INFO] [1783871672.692073792, 472.860000000]: GOAL Reached!
[INFO] [1783871672.823649758, 472.992000000]: Footprint model 'polygon' loaded for trajectory optimization.
[INFO] [1783871673.699054899, 473.870000000]: Footprint model 'polygon' loaded for trajectory optimization.
[INFO] [1783871674.394328561, 474.560000000]: Footprint model 'polygon' loaded for trajectory optimization.
[INFO] [1783871674.945207871, 475.112000000]: Footprint model 'polygon' loaded for trajectory optimization.
[INFO] [1783871675.595049427, 475.760000000]: Footprint model 'polygon' loaded for trajectory optimization.
[INFO] [1783871676.150713625, 476.312000000]: Footprint model 'polygon' loaded for trajectory optimization.
[INFO] [1783871676.793390127, 476.958000000]: Footprint model 'polygon' loaded for trajectory optimization.
[INFO] [1783871677.398813561, 477.560000000]: Footprint model 'polygon' loaded for trajectory optimization.
[INFO] [1783871677.733457020, 477.894000000]: TebLocalPlannerROS: oscillation recovery disabled/expired.
[INFO] [1783871677.948803894, 478.108000000]: Footprint model 'polygon' loaded for trajectory optimization.
[INFO] [1783871678.547[WARN] [1783871697.923351770, 498.050000000]: TebLocalPlannerROS: possible oscillation (of the robot or its local plan) detected. Activating recovery strategy (prefer current turning direction during optimization).
945315, 478.708000000]: Footprint model 'polygon' loaded for trajectory optimization.
[INFO] [1783871679.202340898, 479.360000000]: Footprint model 'polygon' loaded for trajectory optimization.
[INFO] [1783871681.141862712, 481.294000000]: GOAL Reached!
[INFO] [1783871681.288485496, 481.440000000]: Footprint model 'polygon' loaded for trajectory optimization.
[INFO] [1783871682.177483210, 482.328000000]: Footprint model 'polygon' loaded for trajectory optimization.
[INFO] [1783871682.823824102, 482.976000000]: Footprint model 'polygon' loaded for trajectory optimization.
[INFO] [1783871683.422727535, 483.572000000]: Footprint model 'polygon' loaded for trajectory optimization.
[INFO] [1783871684.076438695, 484.224000000]: Footprint model 'polygon' loaded for trajectory optimization.
[INFO] [1783871684.622798892, 484.770000000]: Footprint model 'polygon' loaded for trajectory optimization.
[INFO] [1783871685.225850350, 485.372000000]: Footprint model 'polygon' loaded for trajectory optimization.
[INFO] [1783871685.884658782, 486.030000000]: Footprint model 'polygon' loaded for trajectory optimization.
[INFO] [1783871689.483499657, 489.624000000]: Footprint model 'polygon' loaded for trajectory optimization.
[INFO] [1783871690.028418002, 490.168000000]: Footprint model 'polygon' loaded for trajectory optimization.
[INFO] [1783871690.684783832, 490.822000000]: Footprint model 'polygon' loaded for trajectory optimization.
[INFO] [1783871691.279735966, 491.416000000]: Footprint model 'polygon' loaded for trajectory optimization.
[INFO] [1783871691.835008905, 491.970000000]: Footprint model 'polygon' loaded for trajectory optimization.
[INFO] [1783871692.489622409, 492.624000000]: Footprint model 'polygon' loaded for trajectory optimization.
[INFO] [1783871693.086553055, 493.218000000]: Footprint model 'polygon' loaded for trajectory optimization.
[INFO] [1783871693.693624263, 493.824000000]: Footprint model 'polygon' loaded for trajectory optimization.
[INFO] [1783871694.242177651, 494.372000000]: Footprint model 'polygon' loaded for trajectory optimization.
[INFO] [1783871694.893885363, 495.022000000]: Footprint model 'polygon' loaded for trajectory optimization.
[INFO] [1783871695.488414858, 495.616000000]: Footprint model 'polygon' loaded for trajectory optimization.
[INFO] [1783871696.094184348, 496.224000000]: Footprint model 'polygon' loaded for trajectory optimization.
[INFO] [1783871696.700234356, 496.826000000]: Footprint model 'polygon' loaded for trajectory optimization.
[INFO] [1783871697.254483714, 497.380000000]: Footprint model 'polygon' loaded for trajectory optimization.
[INFO] [1783871697.902481289, 498.028000000]: Footprint model 'polygon' loaded for trajectory optimization.
[INFO] [1783871698.493129674, 498.620000000]: Footprint model 'polygon' loaded for trajectory optimization.
[INFO] [1783871699.104314645, 499.228000000]: Footprint model 'polygon' loaded for trajectory optimization.
[INFO] [1783871699.704332020, 499.826000000]: Footprint model 'polygon' loaded for trajectory optimization.
[INFO] [1783871700.304479629, 500.426000000]: Footprint model 'polygon' loaded for trajectory optimization.
[INFO] [1783871700.902636347, 501.024000000]: Footprint model 'polygon' loaded for trajectory optimization.
[INFO] [1783871701.508380205, 501.628000000]: Footprint model 'polygon' loaded for trajectory optimization.
[INFO] [1783871702.057566617, 502.174000000]: Footprint model 'polygon' loaded for trajectory optimization.
[INFO] [1783871702.713222545, 502.832000000]: Footprint model 'polygon' loaded for trajectory optimization.
[INFO] [1783871703.310686163, 503.426000000]: Footprint model 'polygon' loaded for trajectory optimization.
[INFO] [1783871703.916133048, 504.030000000]: Footprint model 'polygon' loaded for trajectory optimization.
[INFO] [1783871704.508631489, 504.622000000]: Footprint model 'polygon' loaded for trajectory optimization.
[INFO] [1783871705.117028555, 505.230000000]: Footprint model 'polygon' loaded for trajectory optimization.
[INFO] [1783871705.706274281, 505.820000000]: Footprint model [ERROR] [1783871706.838572478, 506.950000000]: Aborting because the robot appears to be oscillating over and over. Even after executing all recovery behaviors
[WARN] [1783871707.159338269, 507.270000000]: The origin for the sensor at (7.60, 0.00) is out of map bounds. So, the costmap cannot raytrace for it.
'polygon' loaded for trajectory optimization.
[INFO] [1783871706.261545673, 506.376000000]: Footprint model 'polygon' loaded for trajectory optimization.
[INFO] [1783871707.062216846, 507.172000000]: Footprint model 'polygon' loaded for trajectory optimization.
[INFO] [1783871707.919635973, 508.028000000]: Footprint model 'polygon' loaded for trajectory optimization.
[INFO] [1783871708.477918887, 508.584000000]: Footprint model 'polygon' loaded for trajectory optimization.
[INFO] [1783871709.126466781, 509.232000000]: Footprint model 'polygon' loaded for trajectory optimization.
[INFO] [1783871709.698664755, 509.802000000]: Footprint model 'polygon' loaded for trajectory optimization.
[INFO] [1783871710.274922990, 510.378000000]: Footprint model 'polygon' loaded for trajectory optimization.
[INFO] [1783871710.877578671, 510.980000000]: Footprint model 'polygon' loaded for trajectory optimization.
[INFO] [1783871711.479212871, 511.580000000]: Footprint model 'polygon' loaded for trajectory optimization.
[INFO] [1783871712.077781265, 512.176000000]: Footprint model 'polygon' loaded for trajectory optimization.
[INFO] [1783871712.729332481, 512.830000000]: Footprint model 'polygon' loaded for trajectory optimization.
[INFO] [1783871713.329723295, 513.428000000]: Footprint model 'polygon' loaded for trajectory optimization.
[INFO] [1783871713.931494746, 514.028000000]: Footprint model 'polygon' loaded for trajectory optimization.
[INFO] [1783871714.531366935, 514.628000000]: Footprint model 'polygon' loaded for trajectory optimization.
[INFO] [1783871715.086053475, 515.182000000]: Footprint model 'polygon' loaded for trajectory optimization.
[INFO] [1783871715.732987432, 515.828000000]: Footprint model 'polygon' loaded for trajectory optimization.
[INFO] [1783871716.285717516, 516.378000000]: Footprint model 'polygon' loaded for trajectory optimization.
[INFO] [1783871716.934269606, 517.026000000]: Footprint model 'polygon' loaded for trajectory optimization.
[INFO] [1783871718.674042488, 518.764000000]: GOAL Reached!
[INFO] [1783871718.827266492, 518.916000000]: Footprint model 'polygon' loaded for trajectory optimization.
[INFO] [1783871719.642322008, 519.730000000]: TebLocalPlannerROS: oscillation recovery disabled/expired.
[INFO] [1783871719.720209100, 519.806000000]: Footprint model 'polygon' loaded for trajectory optimization.
[INFO] [1783871720.306279829, 520.392000000]: Footprint model 'polygon' loaded for trajectory optimization.
[INFO] [1783871720.863910307, 520.948000000]: Footprint model 'polygon' loaded for trajectory optimization.
[INFO] [1783871721.460128421, 521.544000000]: Footprint model 'polygon' loaded for trajectory optimization.
[INFO] [1783871722.064487654, 522.146000000]: Footprint model 'polygon' loaded for trajectory optimization.
[INFO] [1783871722.713351859, 522.794000000]: Footprint model 'polygon' loaded for trajectory optimization.
[INFO] [1783871723.306307004, 523.390000000]: Footprint model 'polygon' loaded for trajectory optimization.
[INFO] [1783871723.910372724, 523.990000000]: Footprint model 'polygon' loaded for trajectory optimization.
[INFO] [1783871724.512543247, 524.590000000]: Footprint model 'polygon' loaded for trajectory optimization.
[INFO] [1783871726.052822545, 526.130000000]: GOAL Reached!
[INFO] [1783871726.195355903, 526.272000000]: Footprint model 'polygon' loaded for trajectory optimization.
[INFO] [1783871727.092396575, 527.166000000]: Footprint model 'polygon' loaded for trajectory optimization.
[INFO] [1783871727.629609980, 527.702000000]: Footprint model 'polygon' loaded for trajectory optimization.
[INFO] [1783871728.228339954, 528.300000000]: Footprint model 'polygon' loaded for trajectory optimization.
[INFO] [1783871728.827663241, 528.900000000]: Footprint model 'polygon' loaded for trajectory optimization.
[INFO] [1783871729.478982471, 529.552000000]: Footprint model 'polygon' loaded for trajectory optimization.
[INFO] [1783871730.082833579, 530.152000000]: Footprint model 'polygon' loaded for trajectory optimization.
[INFO] [1783871730.790456231, 530.856000000]:[WARN] [1783871743.629703355, 543.672000000]: TebLocalPlannerROS: possible oscillation (of the robot or its local plan) detected. Activating recovery strategy (prefer current turning direction during optimization).
[ERROR] [1783871752.741786641, 552.772000000]: Aborting because the robot appears to be oscillating over and over. Even after executing all recovery behaviors
[WARN] [1783871753.239995131, 553.270000000]: The origin for the sensor at (7.63, -0.03) is out of map bounds. So, the costmap cannot raytrace for it.
 Footprint model 'polygon' loaded for trajectory optimization.
[INFO] [1783871734.380189941, 534.442000000]: Footprint model 'polygon' loaded for trajectory optimization.
[INFO] [1783871734.985867216, 535.046000000]: Footprint model 'polygon' loaded for trajectory optimization.
[INFO] [1783871735.537366094, 535.596000000]: Footprint model 'polygon' loaded for trajectory optimization.
[INFO] [1783871736.183654043, 536.242000000]: Footprint model 'polygon' loaded for trajectory optimization.
[INFO] [1783871736.785876802, 536.844000000]: Footprint model 'polygon' loaded for trajectory optimization.
[INFO] [1783871737.386714692, 537.442000000]: Footprint model 'polygon' loaded for trajectory optimization.
[INFO] [1783871737.991189465, 538.046000000]: Footprint model 'polygon' loaded for trajectory optimization.
[INFO] [1783871738.539746771, 538.592000000]: Footprint model 'polygon' loaded for trajectory optimization.
[INFO] [1783871739.196102877, 539.248000000]: Footprint model 'polygon' loaded for trajectory optimization.
[INFO] [1783871739.789134780, 539.840000000]: Footprint model 'polygon' loaded for trajectory optimization.
[INFO] [1783871740.399857475, 540.450000000]: Footprint model 'polygon' loaded for trajectory optimization.
[INFO] [1783871740.994046196, 541.042000000]: Footprint model 'polygon' loaded for trajectory optimization.
[INFO] [1783871741.545480852, 541.594000000]: Footprint model 'polygon' loaded for trajectory optimization.
[INFO] [1783871742.205115122, 542.252000000]: Footprint model 'polygon' loaded for trajectory optimization.
[INFO] [1783871742.812137079, 542.856000000]: Footprint model 'polygon' loaded for trajectory optimization.
[INFO] [1783871743.350402699, 543.394000000]: Footprint model 'polygon' loaded for trajectory optimization.
[INFO] [1783871744.008343526, 544.050000000]: Footprint model 'polygon' loaded for trajectory optimization.
[INFO] [1783871744.607294892, 544.650000000]: Footprint model 'polygon' loaded for trajectory optimization.
[INFO] [1783871745.156375427, 545.200000000]: Footprint model 'polygon' loaded for trajectory optimization.
[INFO] [1783871745.817166119, 545.858000000]: Footprint model 'polygon' loaded for trajectory optimization.
[INFO] [1783871746.414944160, 546.454000000]: Footprint model 'polygon' loaded for trajectory optimization.
[INFO] [1783871746.960764725, 547.002000000]: Footprint model 'polygon' loaded for trajectory optimization.
[INFO] [1783871747.564279305, 547.602000000]: Footprint model 'polygon' loaded for trajectory optimization.
[INFO] [1783871748.223698974, 548.260000000]: Footprint model 'polygon' loaded for trajectory optimization.
[INFO] [1783871748.815513408, 548.850000000]: Footprint model 'polygon' loaded for trajectory optimization.
[INFO] [1783871749.365049682, 549.400000000]: Footprint model 'polygon' loaded for trajectory optimization.
[INFO] [1783871750.024461302, 550.058000000]: Footprint model 'polygon' loaded for trajectory optimization.
[INFO] [1783871750.619339545, 550.652000000]: Footprint model 'polygon' loaded for trajectory optimization.
[INFO] [1783871751.216263495, 551.248000000]: Footprint model 'polygon' loaded for trajectory optimization.
[INFO] [1783871751.820346788, 551.852000000]: Footprint model 'polygon' loaded for trajectory optimization.
[INFO] [1783871752.371796412, 552.404000000]: Footprint model 'polygon' loaded for trajectory optimization.
[INFO] [1783871753.104968863, 553.134000000]: Footprint model 'polygon' loaded for trajectory optimization.
[INFO] [1783871753.959449784, 553.986000000]: Footprint model 'polygon' loaded for trajectory optimization.
[INFO] [1783871754.570022667, 554.594000000]: Footprint model 'polygon' loaded for trajectory optimization.
[INFO] [1783871755.179079830, 555.204000000]: Footprint model 'polygon' loaded for trajectory optimization.
[INFO] [1783871755.866325349, 555.890000000]: Footprint model 'polygon' loaded for trajectory optimization.
[INFO] [1783871756.473037249, 556.498000000]: Footprint model 'polygon' loaded for trajectory optimization.
[INFO] [1783871757.075405969, 557.098000000]: Footprint model 'polygon' loaded for trajectory optimization.
[INFO] [1783871757.618324878, 557.642000000]: Footprint model 'polygon' loaded for trajectory optimization.
[INFO] [1783871758.271766724, 558.292000000]: Footprint model 'polygon' loaded for trajectory optimization.
[INFO] [1783871758.826916144, 558.846000000]: Footprint model 'polygon' loaded for trajectory optimization.
[INFO] [1783871759.425099824, 559.444000000]: Footprint model 'polygon' loaded for trajectory optimization.
[INFO] [1783871760.026972101, 560.046000000]: Footprint model 'polygon' loaded for trajectory optimization.
[INFO] [1783871760.630229792, 560.646000000]: Footprint model 'polygon' loaded for trajectory optimization.
[INFO] [1783871761.227762616, 561.242000000]: Footprint model 'polygon' loaded for trajectory optimization.
[INFO] [1783871761.831597444, 561.844000000]: Footprint model 'polygon' loaded for trajectory optimization.
[INFO] [1783871762.430198785, 562.444000000]: Footprint model 'polygon' loaded for trajectory optimization.
[INFO] [1783871764.017723006, 564.030000000]: GOAL Reached!
[INFO] [1783871764.155075305, 564.166000000]: Footprint model 'polygon' loaded for trajectory optimization.
[INFO] [1783871765.039737613, 565.048000000]: Footprint model 'polygon' loaded for trajectory optimization.
[INFO] [1783871765.168886946, 565.178000000]: TebLocalPlannerROS: oscillation recovery disabled/expired.
[INFO] [1783871765.629602301, 565.638000000]: Footprint model 'polygon' loaded for trajectory optimization.
[INFO] [1783871766.185346870, 566.196000000]: Footprint model 'polygon' loaded for trajectory optimization.
[INFO] [1783871766.786678666, 566.794000000]: Footprint model 'polygon' loaded for trajectory optimization.
[INFO] [1783871767.436102349, 567.440000000]: Footprint model 'polygon' loaded for trajectory optimization.
[INFO] [1783871768.034405704, 568.042000000]: Footprint model 'polygon' loaded for trajectory optimization.
[INFO] [1783871768.585031809, 568.592000000]: Footprint model 'polygon' loaded for trajectory optimization.
[INFO] [1783871769.236450412, 569.238000000]: Footprint model 'polygon' loaded for trajectory optimization.
[INFO] [1783871771.079357829, 571.078000000]: GOAL Reached!
[INFO] [1783871771.221095926, 571.220000000]: Footprint model 'polygon' loaded for trajectory optimization.
[INFO] [1783871772.110833068, 572.108000000]: Footprint model 'polygon' loaded for trajectory optimization.
[INFO] [1783871772.714661260, 572.712000000]: Footprint model 'polygon' loaded for trajectory optimization.
[INFO] [1783871773.261949221, 573.256000000]: Footprint model 'polygon' loaded for trajectory optimization.
[INFO] [1783871773.912263136, 573.904000000]: Footprint model 'polygon' loaded for trajectory optimization.
[INFO] [1783871774.511796795, 574.504000000]: Footprint model 'polygon' loaded for trajectory optimization.
[INFO] [1783871775.063401055, 575.054000000]: Footprint model 'polygon' loaded for trajectory optimization.
[INFO] [1783871775.713959302, 575.704000000]: Footprint model 'polygon' loaded for trajectory optimization.
[INFO] [1783871779.271438630, 579.254000000]: Footprint model 'polygon' loaded for trajectory optimization.
[INFO] [1783871779.877199855, 579.860000000]: Footprint model 'polygon' loaded for trajectory optimization.
[INFO] [1783871780.478721682, 580.460000000]: Footprint model 'polygon' loaded for trajectory optimization.
[INFO] [1783871781.125859715, 581.108000000]: Footprint model 'polygon' loaded for trajectory optimization.
[INFO] [1783871781.725487564, 581.704000000]: Footprint model 'polygon' loaded for trajectory optimization.
[INFO] [1783871782.333888239, 582.312000000]: Footprint model 'polygon' loaded for trajectory optimization.
[INFO] [1783871782.928430284, 582.906000000]: Footprint model 'polygon' loaded for trajectory optimization.
[INFO] [1783871783.538671314, 583.516000000]: Footprint model 'polygon' loaded for trajectory optimization.
[INFO] [1783871784.134451741, 584.112000000]: Footprint model 'polygon' loaded for trajectory optimization.
[INFO] [1783871784.6[WARN] [1783871788.168512465, 588.136000000]: TebLocalPlannerROS: possible oscillation (of the robot or its local plan) detected. Activating recovery strategy (prefer current turning direction during optimization).
93473567, 584.668000000]: Footprint model 'polygon' loaded for trajectory optimization.
[INFO] [1783871785.337731013, 585.310000000]: Footprint model 'polygon' loaded for trajectory optimization.
[INFO] [1783871785.885330094, 585.858000000]: Footprint model 'polygon' loaded for trajectory optimization.
[INFO] [1783871786.539138456, 586.510000000]: Footprint model 'polygon' loaded for trajectory optimization.
[INFO] [1783871787.089450542, 587.060000000]: Footprint model 'polygon' loaded for trajectory optimization.
[INFO] [1783871787.745150323, 587.714000000]: Footprint model 'polygon' loaded for trajectory optimization.
[INFO] [1783871788.295313041, 588.262000000]: Footprint model 'polygon' loaded for trajectory optimization.
[INFO] [1783871788.955965099, 588.922000000]: Footprint model 'polygon' loaded for trajectory optimization.
[INFO] [1783871789.495921743, 589.462000000]: Footprint model 'polygon' loaded for trajectory optimization.
[INFO] [1783871790.101303534, 590.066000000]: Footprint model 'polygon' loaded for trajectory optimization.
[INFO] [1783871790.763512245, 590.726000000]: Footprint model 'polygon' loaded for trajectory optimization.
[INFO] [1783871791.345634866, 591.308000000]: Footprint model 'polygon' loaded for trajectory optimization.
[INFO] [1783871791.906318939, 591.866000000]: Footprint model 'polygon' loaded for trajectory optimization.
[INFO] [1783871792.504109118, 592.464000000]: Footprint model 'polygon' loaded for trajectory optimization.
[INFO] [1783871793.108851334, 593.068000000]: Footprint model 'polygon' loaded for trajectory optimization.
[INFO] [1783871793.705711798, 593.664000000]: Footprint model 'polygon' loaded for trajectory optimization.
[INFO] [1783871794.305705313, 594.264000000]: Footprint model 'polygon' loaded for trajectory optimization.
[INFO] [1783871794.908203785, 594.864000000]: Footprint model 'polygon' loaded for trajectory optimization.
[INFO] [1783871795.504208405, 595.458000000]: Footprint model 'polygon' loaded for trajectory optimization.
[INFO] [1783871796.161868506, 596.116000000]: Footprint model 'polygon' loaded for trajectory optimization.
[INFO] [1783871796.758349828, 596.710000000]: Footprint model 'polygon' loaded for trajectory optimization.
[INFO] [1783871797.309065920, 597.262000000]: Footprint model 'polygon' loaded for trajectory optimization.
[INFO] [1783871797.917932959, 597.868000000]: Footprint model 'polygon' loaded for trajectory optimization.
[INFO] [1783871798.559644129, 598.510000000]: Footprint model 'polygon' loaded for trajectory optimization.
[INFO] [1783871799.117081377, 599.066000000]: Footprint model 'polygon' loaded for trajectory optimization.
[INFO] [1783871799.764588154, 599.712000000]: Footprint model 'polygon' loaded for trajectory optimization.
[INFO] [1783871800.365397940, 600.312000000]: Footprint model 'polygon' loaded for trajectory optimization.
[INFO] [1783871800.970272575, 600.914000000]: Footprint model 'polygon' loaded for trajectory optimization.
[INFO] [1783871801.567445437, 601.512000000]: Footprint model 'polygon' loaded for trajectory optimization.
[INFO] [1783871802.169462473, 602.114000000]: Footprint model 'polygon' loaded for trajectory optimization.
[INFO] [1783871802.718526993, 602.660000000]: Footprint model 'polygon' loaded for trajectory optimization.
[INFO] [1783871803.371702395, 603.316000000]: Footprint model 'polygon' loaded for trajectory optimization.
[INFO] [1783871803.968082395, 603.910000000]: Footprint model 'polygon' loaded for trajectory optimization.
[INFO] [1783871804.574750503, 604.516000000]: Footprint model 'polygon' loaded for trajectory optimization.
[INFO] [1783871805.122221437, 605.060000000]: Footprint model 'polygon' loaded for trajectory optimization.
[INFO] [1783871805.727872512, 605.666000000]: Footprint model 'polygon' loaded for trajectory optimization.
[INFO] [1783871806.326049935, 606.264000000]: Footprint model 'polygon' loaded for trajectory optimization.
[INFO] [1783871806.927283622, 606.868000000]: Footprint model 'polygon' loaded for trajectory optimization.
[INFO] [1783[WARN] [1783871811.438169639, 611.370000000]: The origin for the sensor at (7.48, 0.04) is out of map bounds. So, the costmap cannot raytrace for it.
871807.584652800, 607.520000000]: Footprint model 'polygon' loaded for trajectory optimization.
[INFO] [1783871808.125666399, 608.060000000]: Footprint model 'polygon' loaded for trajectory optimization.
[INFO] [1783871808.727806651, 608.662000000]: Footprint model 'polygon' loaded for trajectory optimization.
[INFO] [1783871809.335102938, 609.268000000]: Footprint model 'polygon' loaded for trajectory optimization.
[INFO] [1783871809.982641320, 609.916000000]: Footprint model 'polygon' loaded for trajectory optimization.
[INFO] [1783871810.572186862, 610.506000000]: Footprint model 'polygon' loaded for trajectory optimization.
[INFO] [1783871811.361540935, 611.294000000]: Footprint model 'polygon' loaded for trajectory optimization.
[INFO] [1783871812.234000202, 612.166000000]: Footprint model 'polygon' loaded for trajectory optimization.
[INFO] [1783871812.790440754, 612.718000000]: Footprint model 'polygon' loaded for trajectory optimization.
[INFO] [1783871813.387918462, 613.316000000]: Footprint model 'polygon' loaded for trajectory optimization.
[INFO] [1783871813.988257787, 613.914000000]: Footprint model 'polygon' loaded for trajectory optimization.
[INFO] [1783871814.587896128, 614.512000000]: Footprint model 'polygon' loaded for trajectory optimization.
[INFO] [1783871815.238589941, 615.162000000]: Footprint model 'polygon' loaded for trajectory optimization.
[INFO] [1783871815.840828902, 615.762000000]: Footprint model 'polygon' loaded for trajectory optimization.
[INFO] [1783871816.391121585, 616.312000000]: Footprint model 'polygon' loaded for trajectory optimization.
[INFO] [1783871817.980094973, 617.900000000]: GOAL Reached!
[INFO] [1783871818.113455212, 618.032000000]: Footprint model 'polygon' loaded for trajectory optimization.
[INFO] [1783871818.991651413, 618.908000000]: Footprint model 'polygon' loaded for trajectory optimization.
[INFO] [1783871819.530224732, 619.446000000]: Footprint model 'polygon' loaded for trajectory optimization.
[INFO] [1783871820.182046310, 620.096000000]: Footprint model 'polygon' loaded for trajectory optimization.
[INFO] [1783871820.731656226, 620.646000000]: Footprint model 'polygon' loaded for trajectory optimization.
[INFO] [1783871821.330941165, 621.246000000]: Footprint model 'polygon' loaded for trajectory optimization.
[INFO] [1783871821.935464178, 621.846000000]: Footprint model 'polygon' loaded for trajectory optimization.
[INFO] [1783871822.586234182, 622.496000000]: Footprint model 'polygon' loaded for trajectory optimization.
[INFO] [1783871823.136732911, 623.046000000]: Footprint model 'polygon' loaded for trajectory optimization.
[INFO] [1783871823.421188723, 623.330000000]: TebLocalPlannerROS: oscillation recovery disabled/expired.
[INFO] [1783871823.783628745, 623.692000000]: Footprint model 'polygon' loaded for trajectory optimization.
[INFO] [1783871824.335837034, 624.244000000]: Footprint model 'polygon' loaded for trajectory optimization.
[INFO] [1783871824.939052085, 624.844000000]: Footprint model 'polygon' loaded for trajectory optimization.
[INFO] [1783871826.825075550, 626.730000000]: GOAL Reached!
[INFO] [1783871826.983025170, 626.886000000]: Footprint model 'polygon' loaded for trajectory optimization.
[INFO] [1783871827.866094525, 627.766000000]: Footprint model 'polygon' loaded for trajectory optimization.
[INFO] [1783871828.482202503, 628.382000000]: Footprint model 'polygon' loaded for trajectory optimization.
[INFO] [1783871829.166143625, 629.064000000]: Footprint model 'polygon' loaded for trajectory optimization.
[INFO] [1783871829.716862602, 629.614000000]: Footprint model 'polygon' loaded for trajectory optimization.
[INFO] [1783871830.370401578, 630.266000000]: Footprint model 'polygon' loaded for trajectory optimization.
[INFO] [1783871830.920260175, 630.816000000]: Footprint model 'polygon' loaded for trajectory optimization.
[INFO] [1783871831.568594064, 631.464000000]: Footprint model 'polygon' loaded for trajectory optimization.
[INFO] [1783871835.167544241, 635.056000000]: Footprint model 'polygon' loaded for trajectory optimizat[WARN] [1783871844.418533638, 644.292000000]: TebLocalPlannerROS: possible oscillation (of the robot or its local plan) detected. Activating recovery strategy (prefer current turning direction during optimization).
[ERROR] [1783871852.431205620, 652.292000000]: Aborting because the robot appears to be oscillating over and over. Even after executing all recovery behaviors
[WARN] [1783871852.809533412, 652.670000000]: The origin for the sensor at (7.58, -0.04) is out of map bounds. So, the costmap cannot raytrace for it.
ion.
[INFO] [1783871835.734738588, 635.622000000]: Footprint model 'polygon' loaded for trajectory optimization.
[INFO] [1783871836.381860180, 636.268000000]: Footprint model 'polygon' loaded for trajectory optimization.
[INFO] [1783871836.929082017, 636.814000000]: Footprint model 'polygon' loaded for trajectory optimization.
[INFO] [1783871837.532692981, 637.416000000]: Footprint model 'polygon' loaded for trajectory optimization.
[INFO] [1783871838.186015655, 638.068000000]: Footprint model 'polygon' loaded for trajectory optimization.
[INFO] [1783871838.727138586, 638.610000000]: Footprint model 'polygon' loaded for trajectory optimization.
[INFO] [1783871839.335372487, 639.216000000]: Footprint model 'polygon' loaded for trajectory optimization.
[INFO] [1783871839.990779668, 639.872000000]: Footprint model 'polygon' loaded for trajectory optimization.
[INFO] [1783871840.531145567, 640.410000000]: Footprint model 'polygon' loaded for trajectory optimization.
[INFO] [1783871841.138471776, 641.016000000]: Footprint model 'polygon' loaded for trajectory optimization.
[INFO] [1783871841.741508143, 641.618000000]: Footprint model 'polygon' loaded for trajectory optimization.
[INFO] [1783871842.340846144, 642.218000000]: Footprint model 'polygon' loaded for trajectory optimization.
[INFO] [1783871842.995208119, 642.870000000]: Footprint model 'polygon' loaded for trajectory optimization.
[INFO] [1783871843.590449920, 643.466000000]: Footprint model 'polygon' loaded for trajectory optimization.
[INFO] [1783871844.195148829, 644.070000000]: Footprint model 'polygon' loaded for trajectory optimization.
[INFO] [1783871844.790781749, 644.664000000]: Footprint model 'polygon' loaded for trajectory optimization.
[INFO] [1783871845.395300649, 645.266000000]: Footprint model 'polygon' loaded for trajectory optimization.
[INFO] [1783871845.995953860, 645.866000000]: Footprint model 'polygon' loaded for trajectory optimization.
[INFO] [1783871846.551876224, 646.422000000]: Footprint model 'polygon' loaded for trajectory optimization.
[INFO] [1783871847.150221394, 647.022000000]: Footprint model 'polygon' loaded for trajectory optimization.
[INFO] [1783871847.811497968, 647.680000000]: Footprint model 'polygon' loaded for trajectory optimization.
[INFO] [1783871848.349916190, 648.218000000]: Footprint model 'polygon' loaded for trajectory optimization.
[INFO] [1783871849.011443930, 648.876000000]: Footprint model 'polygon' loaded for trajectory optimization.
[INFO] [1783871849.608339580, 649.474000000]: Footprint model 'polygon' loaded for trajectory optimization.
[INFO] [1783871850.162163403, 650.026000000]: Footprint model 'polygon' loaded for trajectory optimization.
[INFO] [1783871850.765919923, 650.628000000]: Footprint model 'polygon' loaded for trajectory optimization.
[INFO] [1783871851.408375779, 651.272000000]: Footprint model 'polygon' loaded for trajectory optimization.
[INFO] [1783871851.958573414, 651.820000000]: Footprint model 'polygon' loaded for trajectory optimization.
[INFO] [1783871852.696968175, 652.556000000]: Footprint model 'polygon' loaded for trajectory optimization.
[INFO] [1783871853.570123205, 653.428000000]: Footprint model 'polygon' loaded for trajectory optimization.
[INFO] [1783871854.115818048, 653.974000000]: Footprint model 'polygon' loaded for trajectory optimization.
[INFO] [1783871854.719381704, 654.576000000]: Footprint model 'polygon' loaded for trajectory optimization.
[INFO] [1783871855.319848824, 655.174000000]: Footprint model 'polygon' loaded for trajectory optimization.
[INFO] [1783871855.968944528, 655.822000000]: Footprint model 'polygon' loaded for trajectory optimization.
[INFO] [1783871856.520700328, 656.374000000]: Footprint model 'polygon' loaded for trajectory optimization.
[INFO] [1783871857.171848164, 657.024000000]: Footprint model 'polygon' loaded for trajectory optimization.
[INFO] [1783871857.720343208, 657.570000000]: Footprint model 'polygon' loaded for trajectory optimization.
[INFO] [1783871858.372435370, 658.222000000]: Footprint model 'polygon' loaded for trajectory o[ERROR] [1783871863.518223067, 663.358000000]: TebOptimalPlanner::getVelocityCommand() - timediff<=0 is invalid!
[WARN] [1783871863.518312806, 663.358000000]: TebLocalPlannerROS: velocity command invalid. Resetting planner...
ptimization.
[INFO] [1783871858.968429719, 658.820000000]: Footprint model 'polygon' loaded for trajectory optimization.
[INFO] [1783871859.572097857, 659.422000000]: Footprint model 'polygon' loaded for trajectory optimization.
[INFO] [1783871860.123348362, 659.970000000]: Footprint model 'polygon' loaded for trajectory optimization.
[INFO] [1783871860.778705845, 660.624000000]: Footprint model 'polygon' loaded for trajectory optimization.
[INFO] [1783871861.325787542, 661.170000000]: Footprint model 'polygon' loaded for trajectory optimization.
[INFO] [1783871861.924798328, 661.768000000]: Footprint model 'polygon' loaded for trajectory optimization.
[INFO] [1783871862.529503479, 662.372000000]: Footprint model 'polygon' loaded for trajectory optimization.
[INFO] [1783871863.176489854, 663.016000000]: Footprint model 'polygon' loaded for trajectory optimization.
[INFO] [1783871864.819991294, 664.658000000]: GOAL Reached!
[INFO] [1783871864.971106221, 664.810000000]: Footprint model 'polygon' loaded for trajectory optimization.
[INFO] [1783871865.765313055, 665.600000000]: TebLocalPlannerROS: oscillation recovery disabled/expired.
[INFO] [1783871865.833305758, 665.668000000]: Footprint model 'polygon' loaded for trajectory optimization.
[INFO] [1783871866.382628695, 666.220000000]: Footprint model 'polygon' loaded for trajectory optimization.
[INFO] [1783871866.985572203, 666.820000000]: Footprint model 'polygon' loaded for trajectory optimization.
[INFO] [1783871867.583132537, 667.418000000]: Footprint model 'polygon' loaded for trajectory optimization.
[INFO] [1783871868.183486235, 668.016000000]: Footprint model 'polygon' loaded for trajectory optimization.
[INFO] [1783871868.830464503, 668.660000000]: Footprint model 'polygon' loaded for trajectory optimization.
[INFO] [1783871869.438283865, 669.266000000]: Footprint model 'polygon' loaded for trajectory optimization.
[INFO] [1783871869.991031682, 669.820000000]: Footprint model 'polygon' loaded for trajectory optimization.
[INFO] [1783871870.630138521, 670.460000000]: Footprint model 'polygon' loaded for trajectory optimization.
[INFO] [1783871872.375473335, 672.200000000]: GOAL Reached!
[INFO] [1783871872.538673864, 672.364000000]: Footprint model 'polygon' loaded for trajectory optimization.
[INFO] [1783871873.423706478, 673.246000000]: Footprint model 'polygon' loaded for trajectory optimization.
[INFO] [1783871873.969306237, 673.790000000]: Footprint model 'polygon' loaded for trajectory optimization.
[INFO] [1783871874.570927509, 674.392000000]: Footprint model 'polygon' loaded for trajectory optimization.
[INFO] [1783871875.169696189, 674.990000000]: Footprint model 'polygon' loaded for trajectory optimization.
[INFO] [1783871875.770920691, 675.588000000]: Footprint model 'polygon' loaded for trajectory optimization.
[INFO] [1783871876.426137026, 676.242000000]: Footprint model 'polygon' loaded for trajectory optimization.
[INFO] [1783871877.024485214, 676.842000000]: Footprint model 'polygon' loaded for trajectory optimization.
[INFO] [1783871880.630128214, 680.440000000]: Footprint model 'polygon' loaded for trajectory optimization.
[INFO] [1783871881.230412265, 681.040000000]: Footprint model 'polygon' loaded for trajectory optimization.
[INFO] [1783871881.830919781, 681.638000000]: Footprint model 'polygon' loaded for trajectory optimization.
[INFO] [1783871882.436169789, 682.242000000]: Footprint model 'polygon' loaded for trajectory optimization.
[INFO] [1783871883.033009412, 682.840000000]: Footprint model 'polygon' loaded for trajectory optimization.
[INFO] [1783871883.635316615, 683.440000000]: Footprint model 'polygon' loaded for trajectory optimization.
[INFO] [1783871884.241874488, 684.044000000]: Footprint model 'polygon' loaded for trajectory optimization.
[INFO] [1783871884.833778380, 684.636000000]: Footprint model 'polygon' loaded for trajectory optimization.
[INFO] [1783871885.433116904, 685.234000000]: Footprint model 'polygon' loaded for trajectory optimization.
[INFO] [1783871886.043530979, 685.844000000]: Footprint model 'polygon' loaded[WARN] [1783871889.473397455, 689.268000000]: TebLocalPlannerROS: possible oscillation (of the robot or its local plan) detected. Activating recovery strategy (prefer current turning direction during optimization).
[ERROR] [1783871895.182818048, 694.968000000]: Aborting because the robot appears to be oscillating over and over. Even after executing all recovery behaviors
[WARN] [1783871895.885730109, 695.670000000]: The origin for the sensor at (7.63, 0.05) is out of map bounds. So, the costmap cannot raytrace for it.
[WARN] [1783871896.797659, 696.580000]: training environment stop requested: adapter_close
schema_version: '1.0'
task: T11
status: passed
run_id: t11_semantic_eta_no_safety_seed104
algorithm: RL-TEB-Eta-NoSafety
training_seed: 104
safety_mode: NoSafety
episode_count: 70
step_count: 880
failure_count: 9
run_validation:
  valid: true
  run_id: t11_semantic_eta_no_safety_seed104
  episode_count: 70
  step_count: 880
  verified_checksum_count: 4
selected_checkpoint: /home/robot/robot_ws_base_rl/artifacts/t11/runs/t11_semantic_eta_fullsafety_seed104/checkpoints/step_000500
passed: true
acceptance_override: false

[INFO] [1783871198.239723986]: Finished loading Gazebo ROS API Plugin.
[INFO] [1783871198.240523693]: waitForService: Service [/gazebo/set_physics_properties] has not been advertised, waiting...
[INFO] [1783871198.671653677]: waitForService: Service [/gazebo/set_physics_properties] is now available.
[INFO] [1783871198.714014009, 0.034000000]: Physics dynamic reconfigure ready.
[INFO] [1783871198.916640730, 0.178000000]: <initialOrientationAsReference> is unset, using default value of false to comply with REP 145 (world as orientation reference)
[INFO] [1783871198.916677385, 0.178000000]: <robotNamespace> set to: //
[INFO] [1783871198.916686202, 0.178000000]: <topicName> set to: imu/data
[INFO] [1783871198.916691989, 0.178000000]: <frameName> set to: imu_link
[INFO] [1783871198.916710724, 0.178000000]: <updateRateHZ> set to: 50
[INFO] [1783871198.916718900, 0.178000000]: <gaussianNoise> set to: 0
[INFO] [1783871198.916741507, 0.178000000]: <xyzOffset> set to: 0 0 0
[INFO] [1783871198.916757842, 0.178000000]: <rpyOffset> set to: 0 -0 0
[INFO] [1783871199.036860984, 0.178000000]: Laser Plugin: Using the 'robotNamespace' param: '/'
[INFO] [1783871199.036883541, 0.178000000]: Starting Laser Plugin (ns = /)
[INFO] [1783871199.037655183, 0.178000000]: Laser Plugin (ns = /)  <tf_prefix_>, set to ""
[INFO] [1783871199.154699345, 0.178000000]: M2 simulation-only Ackermann interface loaded; cmd_angle_instead_rotvel=false
 for trajectory optimization.
[INFO] [1783871886.585344159, 686.388000000]: Footprint model 'polygon' loaded for trajectory optimization.
[INFO] [1783871887.195083841, 686.994000000]: Footprint model 'polygon' loaded for trajectory optimization.
[INFO] [1783871887.794534336, 687.592000000]: Footprint model 'polygon' loaded for trajectory optimization.
[INFO] [1783871888.398506792, 688.194000000]: Footprint model 'polygon' loaded for trajectory optimization.
[INFO] [1783871889.045051253, 688.840000000]: Footprint model 'polygon' loaded for trajectory optimization.
[INFO] [1783871889.649638802, 689.442000000]: Footprint model 'polygon' loaded for trajectory optimization.
[INFO] [1783871890.195171721, 689.990000000]: Footprint model 'polygon' loaded for trajectory optimization.
[INFO] [1783871890.803396307, 690.596000000]: Footprint model 'polygon' loaded for trajectory optimization.
[INFO] [1783871891.406031537, 691.202000000]: Footprint model 'polygon' loaded for trajectory optimization.
[INFO] [1783871892.060806635, 691.850000000]: Footprint model 'polygon' loaded for trajectory optimization.
[INFO] [1783871892.651509925, 692.444000000]: Footprint model 'polygon' loaded for trajectory optimization.
[INFO] [1783871893.257049552, 693.046000000]: Footprint model 'polygon' loaded for trajectory optimization.
[INFO] [1783871893.854914963, 693.646000000]: Footprint model 'polygon' loaded for trajectory optimization.
[INFO] [1783871894.458719049, 694.246000000]: Footprint model 'polygon' loaded for trajectory optimization.
[INFO] [1783871895.008078771, 694.794000000]: Footprint model 'polygon' loaded for trajectory optimization.
[INFO] [1783871895.755165173, 695.540000000]: Footprint model 'polygon' loaded for trajectory optimization.
[INFO] [1783871896.865845304, 696.648000000]: Footprint model 'polygon' loaded for trajectory optimization.
[INFO] [1783871896.904176914, 696.686000000]: Footprint model 'polygon' loaded for trajectory optimization.
... logging to /home/robot/.ros/log/ddccf108-7e08-11f1-91bc-3382cc4c3ed1/roslaunch-WP-298608.log
Checking log directory for disk usage. This may take a while.
Press Ctrl-C to interrupt
]2;/home/robot/robot_ws_base_rl/src/tools/thesis_experiment/launch/t11_formal_run.launch
[1mstarted roslaunch server http://WP:36535/[0m

SUMMARY
========

PARAMETERS
 * /gazebo/enable_ros_network: True
 * /m2_gazebo/simulation_only: True
 * /m2_robot_state_publisher/publish_frequency: 30.0
 * /move_base/TebLocalPlannerROS/acc_lim_theta: 0.8
 * /move_base/TebLocalPlannerROS/acc_lim_x: 0.8
 * /move_base/TebLocalPlannerROS/allow_init_with_backwards_motion: True
 * /move_base/TebLocalPlannerROS/cmd_angle_instead_rotvel: False
 * /move_base/TebLocalPlannerROS/costmap_obstacles_behind_robot_dist: 1.5
 * /move_base/TebLocalPlannerROS/dt_hysteresis: 0.1
 * /move_base/TebLocalPlannerROS/dt_ref: 0.3
 * /move_base/TebLocalPlannerROS/enable_homotopy_class_planning: False
 * /move_base/TebLocalPlannerROS/enable_multithreading: True
 * /move_base/TebLocalPlannerROS/feasibility_check_no_poses: 5
 * /move_base/TebLocalPlannerROS/footprint_model/type: polygon
 * /move_base/TebLocalPlannerROS/footprint_model/vertices: [[0.52, 0.35], [0...
 * /move_base/TebLocalPlannerROS/global_plan_overwrite_orientation: True
 * /move_base/TebLocalPlannerROS/include_costmap_obstacles: True
 * /move_base/TebLocalPlannerROS/inflation_dist: 0.55
 * /move_base/TebLocalPlannerROS/map_frame: odom
 * /move_base/TebLocalPlannerROS/max_global_plan_lookahead_dist: 8.0
 * /move_base/TebLocalPlannerROS/max_number_classes: 4
 * /move_base/TebLocalPlannerROS/max_samples: 500
 * /move_base/TebLocalPlannerROS/max_vel_theta: 1.0
 * /move_base/TebLocalPlannerROS/max_vel_x: 1.2
 * /move_base/TebLocalPlannerROS/max_vel_x_backwards: 0.6
 * /move_base/TebLocalPlannerROS/max_vel_y: 0.0
 * /move_base/TebLocalPlannerROS/min_obstacle_dist: 0.25
 * /move_base/TebLocalPlannerROS/min_turning_radius: 1.2
 * /move_base/TebLocalPlannerROS/obstacle_poses_affected: 15
 * /move_base/TebLocalPlannerROS/odom_topic: /odom
 * /move_base/TebLocalPlannerROS/teb_autosize: True
 * /move_base/TebLocalPlannerROS/weight_acc_lim_theta: 1.0
 * /move_base/TebLocalPlannerROS/weight_acc_lim_x: 1.0
 * /move_base/TebLocalPlannerROS/weight_adapt_factor: 2.0
 * /move_base/TebLocalPlannerROS/weight_inflation: 0.1
 * /move_base/TebLocalPlannerROS/weight_kinematics_forward_drive: 10.0
 * /move_base/TebLocalPlannerROS/weight_kinematics_nh: 1000.0
 * /move_base/TebLocalPlannerROS/weight_kinematics_turning_radius: 10.0
 * /move_base/TebLocalPlannerROS/weight_max_vel_theta: 1.0
 * /move_base/TebLocalPlannerROS/weight_max_vel_x: 2.0
 * /move_base/TebLocalPlannerROS/weight_obstacle: 50.0
 * /move_base/TebLocalPlannerROS/weight_optimaltime: 1.0
 * /move_base/TebLocalPlannerROS/weight_viapoint: 1.0
 * /move_base/TebLocalPlannerROS/wheelbase: 0.65
 * /move_base/base_global_planner: navfn/NavfnROS
 * /move_base/base_local_planner: teb_local_planner...
 * /move_base/clearing_rotation_allowed: False
 * /move_base/controller_frequency: 10.0
 * /move_base/controller_patience: 5.0
 * /move_base/global_costmap/footprint: [[0.52, 0.35], [0...
 * /move_base/global_costmap/footprint_padding: 0.05
 * /move_base/global_costmap/global_frame: odom
 * /move_base/global_costmap/height: 30.0
 * /move_base/global_costmap/inflation_layer/cost_scaling_factor: 4.0
 * /move_base/global_costmap/inflation_layer/enabled: True
 * /move_base/global_costmap/inflation_layer/inflation_radius: 0.55
 * /move_base/global_costmap/obstacle_layer/enabled: True
 * /move_base/global_costmap/obstacle_layer/observation_sources: scan
 * /move_base/global_costmap/obstacle_layer/scan/clearing: True
 * /move_base/global_costmap/obstacle_layer/scan/data_type: LaserScan
 * /move_base/global_costmap/obstacle_layer/scan/inf_is_valid: True
 * /move_base/global_costmap/obstacle_layer/scan/marking: True
 * /move_base/global_costmap/obstacle_layer/scan/obstacle_range: 12.0
 * /move_base/global_costmap/obstacle_layer/scan/raytrace_range: 15.0
 * /move_base/global_costmap/obstacle_layer/scan/sensor_frame: laser_link
 * /move_base/global_costmap/obstacle_layer/scan/topic: /scan
 * /move_base/global_costmap/plugins: [{'name': 'obstac...
 * /move_base/global_costmap/publish_frequency: 2.0
 * /move_base/global_costmap/resolution: 0.05
 * /move_base/global_costmap/robot_base_frame: base_link
 * /move_base/global_costmap/rolling_window: True
 * /move_base/global_costmap/transform_tolerance: 0.3
 * /move_base/global_costmap/update_frequency: 5.0
 * /move_base/global_costmap/width: 30.0
 * /move_base/local_costmap/footprint: [[0.52, 0.35], [0...
 * /move_base/local_costmap/footprint_padding: 0.05
 * /move_base/local_costmap/global_frame: odom
 * /move_base/local_costmap/height: 12.0
 * /move_base/local_costmap/inflation_layer/cost_scaling_factor: 4.0
 * /move_base/local_costmap/inflation_layer/enabled: True
 * /move_base/local_costmap/inflation_layer/inflation_radius: 0.55
 * /move_base/local_costmap/obstacle_layer/enabled: True
 * /move_base/local_costmap/obstacle_layer/observation_sources: scan
 * /move_base/local_costmap/obstacle_layer/scan/clearing: True
 * /move_base/local_costmap/obstacle_layer/scan/data_type: LaserScan
 * /move_base/local_costmap/obstacle_layer/scan/inf_is_valid: True
 * /move_base/local_costmap/obstacle_layer/scan/marking: True
 * /move_base/local_costmap/obstacle_layer/scan/obstacle_range: 12.0
 * /move_base/local_costmap/obstacle_layer/scan/raytrace_range: 15.0
 * /move_base/local_costmap/obstacle_layer/scan/sensor_frame: laser_link
 * /move_base/local_costmap/obstacle_layer/scan/topic: /scan
 * /move_base/local_costmap/plugins: [{'name': 'obstac...
 * /move_base/local_costmap/publish_frequency: 5.0
 * /move_base/local_costmap/resolution: 0.05
 * /move_base/local_costmap/robot_base_frame: base_link
 * /move_base/local_costmap/rolling_window: True
 * /move_base/local_costmap/transform_tolerance: 0.3
 * /move_base/local_costmap/update_frequency: 10.0
 * /move_base/local_costmap/width: 12.0
 * /move_base/oscillation_distance: 0.2
 * /move_base/oscillation_timeout: 10.0
 * /move_base/planner_frequency: 1.0
 * /move_base/planner_patience: 5.0
 * /move_base/recovery_behavior_enabled: False
 * /move_base/shutdown_costmaps: False
 * /robot_description: <?xml version="1....
 * /rosdistro: noetic
 * /rosversion: 1.17.4
 * /t11_formal_run/acceptance_eval_seed_limit: 0
 * /t11_formal_run/acceptance_timesteps: 0
 * /t11_formal_run/algorithm: RL-TEB-Semantic-Eta
 * /t11_formal_run/checkpoint: /home/robot/robot...
 * /t11_formal_run/config: /home/robot/robot...
 * /t11_formal_run/output_dir: /home/robot/robot...
 * /t11_formal_run/phase: ablation
 * /t11_formal_run/run_id: t11_semantic_eta_...
 * /t11_formal_run/safety_mode: NoSafety
 * /t11_formal_run/training_seed: 104
 * /use_sim_time: True

NODES
  /
    gazebo (gazebo_ros/gzserver)
    m2_robot_state_publisher (robot_state_publisher/robot_state_publisher)
    move_base (move_base/move_base)
    spawn_m2 (gazebo_ros/spawn_model)
    t11_formal_run (thesis_experiment/t11_formal_run.py)

auto-starting new master
[1mprocess[master]: started with pid [298664][0m
[1mROS_MASTER_URI=http://localhost:11311[0m
]2;/home/robot/robot_ws_base_rl/src/tools/thesis_experiment/launch/t11_formal_run.launch http://localhost:11311
[1msetting /run_id to ddccf108-7e08-11f1-91bc-3382cc4c3ed1[0m
[1mprocess[rosout-1]: started with pid [298697][0m
started core service [/rosout]
[1mprocess[gazebo-2]: started with pid [298704][0m
[1mprocess[spawn_m2-3]: started with pid [298708][0m
[1mprocess[m2_robot_state_publisher-4]: started with pid [298710][0m
[1mprocess[move_base-5]: started with pid [298711][0m
[1mprocess[t11_formal_run-6]: started with pid [298712][0m
[1m[spawn_m2-3] process has finished cleanly
log file: /home/robot/.ros/log/ddccf108-7e08-11f1-91bc-3382cc4c3ed1/spawn_m2-3*.log[0m
[t11_formal_run-6] killing on exit
[move_base-5] killing on exit
[m2_robot_state_publisher-4] killing on exit
[gazebo-2] killing on exit
[rosout-1] killing on exit
[master] killing on exit
shutting down processing monitor...
[31mWARNING: disk usage in log directory [/home/robot/.ros/log] is over 1GB.
It's recommended that you use the 'rosclean' command.[0m
WARNING: Package name "gazebo_ros_2Dmap_plugin" does not follow the naming conventions. It should start with a lower case letter and only contain lower case letters, digits, underscores, and dashes.
WARNING: Package name "gazebo_ros_2Dmap_plugin" does not follow the naming conventions. It should start with a lower case letter and only contain lower case letters, digits, underscores, and dashes.
[31m================================================================================REQUIRED process [t11_formal_run-6] has died!
process has finished cleanly
log file: /home/robot/.ros/log/ddccf108-7e08-11f1-91bc-3382cc4c3ed1/t11_formal_run-6*.log
Initiating shutdown!
================================================================================[0m
... shutting down processing monitor complete
[1mdone[0m
