WARNING: Package name "gazebo_ros_2Dmap_plugin" does not follow the naming conventions. It should start with a lower case letter and only contain lower case letters, digits, underscores, and dashes.
xacro: in-order processing became default in ROS Melodic. You can drop the option.
WARNING: Package name "gazebo_ros_2Dmap_plugin" does not follow the naming conventions. It should start with a lower case letter and only contain lower case letters, digits, underscores, and dashes.
WARNING: Package name "gazebo_ros_2Dmap_plugin" does not follow the naming conventions. It should start with a lower case letter and only contain lower case letters, digits, underscores, and dashes.
[INFO] [1783863015.141811, 0.000000]: Loading model XML from ros parameter robot_description
[INFO] [1783863015.144956, 0.000000]: Waiting for service /gazebo/spawn_urdf_model
[INFO] [1783863016.049572, 0.216000]: Calling service /gazebo/spawn_urdf_model
[INFO] [1783863016.379484, 0.372000]: Spawn status: SpawnModel: Successfully spawned entity
[INFO] [1783863016.766945604, 0.636000000]: global_costmap: Using plugin "obstacle_layer"
[INFO] [1783863016.772168313, 0.640000000]:     Subscribed to Topics: scan
[INFO] [1783863016.782942600, 0.652000000]: global_costmap: Using plugin "inflation_layer"
[INFO] [1783863016.808924628, 0.678000000]: local_costmap: Using plugin "obstacle_layer"
[INFO] [1783863016.809935112, 0.678000000]:     Subscribed to Topics: scan
[INFO] [1783863016.814409442, 0.682000000]: local_costmap: Using plugin "inflation_layer"
[INFO] [1783863016.825695488, 0.694000000]: Created local_planner teb_local_planner/TebLocalPlannerROS
[INFO] [1783863016.846870525, 0.716000000]: Footprint model 'polygon' loaded for trajectory optimization.
[INFO] [1783863016.847056468, 0.716000000]: Parallel planning in distinctive topologies disabled.
[INFO] [1783863016.847085241, 0.716000000]: No costmap conversion plugin specified. All occupied costmap cells are treaten as point obstacles.
[INFO] [1783863016.874575885, 0.744000000]: Footprint model 'polygon' loaded for trajectory optimization.
[INFO] [1783863017.035277067, 0.904000000]: Recovery behavior will clear layer 'obstacles'
[INFO] [1783863017.038571176, 0.906000000]: Recovery behavior will clear layer 'obstacles'
[INFO] [1783863017.056265225, 0.924000000]: odom received!
[INFO] [1783863018.794666503, 2.662000000]: Footprint model 'polygon' loaded for trajectory optimization.
[INFO] [1783863019.354023926, 3.220000000]: Footprint model 'polygon' loaded for trajectory optimization.
[INFO] [1783863019.947768769, 3.812000000]: Footprint model 'polygon' loaded for trajectory optimization.
[INFO] [1783863020.597135227, 4.460000000]: Footprint model 'polygon' loaded for trajectory optimization.
[INFO] [1783863022.236638330, 6.100000000]: GOAL Reached!
[INFO] [1783863022.377880597, 6.240000000]: Footprint model 'polygon' loaded for trajectory optimization.
[INFO] [1783863023.261545476, 7.120000000]: Footprint model 'polygon' loaded for trajectory optimization.
[INFO] [1783863023.850548064, 7.708000000]: Footprint model 'polygon' loaded for trajectory optimization.
[INFO] [1783863024.447718616, 8.306000000]: Footprint model 'polygon' loaded for trajectory optimization.
[INFO] [1783863025.051387677, 8.908000000]: Footprint model 'polygon' loaded for trajectory optimization.
[INFO] [1783863025.647650345, 9.506000000]: Footprint model 'polygon' loaded for trajectory optimization.
[INFO] [1783863026.254690469, 10.110000000]: Footprint model 'polygon' loaded for trajectory optimization.
[INFO] [1783863027.690675169, 11.546000000]: GOAL Reached!
[INFO] [1783863027.824358103, 11.680000000]: Footprint model 'polygon' loaded for trajectory optimization.
[INFO] [1783863028.707307705, 12.560000000]: Footprint model 'polygon' loaded for trajectory optimization.
[INFO] [1783863029.296949962, 13.148000000]: Footprint model 'polygon' loaded for trajectory optimization.
[INFO] [1783863029.901167852, 13.750000000]: Footprint model 'polygon' loaded for trajectory optimization.
[INFO] [1783863030.499729661, 14.348000000]: Footprint model 'polygon' loaded for trajectory optimization.
[INFO] [1783863031.055730693, 14.902000000]: Footprint model 'polygon' loaded for trajectory optimization.
[INFO] [1783863031.654248131, 15.502000000]: Footprint model 'polygon' loaded for trajectory optimization.
[INFO] [1783863032.257671770, 16.102000000]: Footprint model 'polygon' loaded for trajectory optimization.
[INFO] [1783863032.899933618, 16.748000000]: Footprint model 'polygon' loaded for trajectory optimization.
[INFO] [1783863033.504570712, 17.348000000]: Footprint model 'polygon' loaded for trajectory optimization.
[INFO] [1783863034.106119025, 17.950000000]: Footprint model 'polygon' loaded for trajectory optimization.
[INFO] [1783863035.741043570, 19.586000000]: GOAL Reached!
[INFO] [1783863035.888092528, 19.732000000]: Footprint model 'polygon' loaded for trajectory optimization.
[INFO] [1783863036.742182305, 20.582000000]: Footprint model 'polygon' loaded for trajectory optimization.
[INFO] [1783863037.353892151, 21.194000000]: Footprint model 'polygon' loaded for trajectory optimization.
[INFO] [1783863037.895925239, 21.736000000]: Footprint model 'polygon' loaded for trajectory optimization.
[INFO] [1783863038.497806655, 22.336000000]: Footprint model 'polygon' loaded for trajectory optimization.
[INFO] [1783863039.146732325, 22.984000000]: Footprint model 'polygon' loaded for trajectory optimization.
[INFO] [1783863039.699853767, 23.534000000]: Footprint model 'polygon' loaded for trajectory optimization.
[INFO] [1783863040.346714678, 24.182000000]: Footprint model 'polygon' loaded for trajectory optimization.
[INFO] [1783863040.896897923, 24.732000000]: Footprint model 'polygon' loaded for trajectory optimization.
[INFO] [1783863042.788138074, 26.618000000]: GOAL Reached!
[INFO] [1783863042.942537084, 26.772000000]: Footprint model 'polygon' loaded for trajectory optimization.
[INFO] [1783863043.812276936, 27.640000000]: Footprint model 'polygon' loaded for trajectory optimization.
[INFO] [1783863044.400096633, 28.228000000]: Footprint model 'polygon' loaded for trajectory optimization.
[INFO] [1783863045.002545527, 28.830000000]: Footprint model 'polygon' loaded for trajectory optimization.
[INFO] [1783863045.554584906, 29.382000000]: Footprint model 'polygon' loaded for trajectory optimization.
[INFO] [1783863047.443490168, 31.268000000]: GOAL Reached!
[INFO] [1783863047.579340782, 31.404000000]: Footprint model 'polygon' loaded for trajectory optimization.
[INFO] [1783863048.440024159, 32.264000000]: Footprint model 'polygon' loaded for trajectory optimization.
[INFO] [1783863048.989245980, 32.812000000]: Footprint model 'polygon' loaded for trajectory optimization.
[INFO] [1783863049.586266602, 33.408000000]: Footprint model 'polygon' loaded for trajectory optimization.
[INFO] [1783863050.236127967, 34.058000000]: Footprint model 'polygon' loaded for trajectory optimization.
[INFO] [1783863050.791731768, 34.612000000]: Footprint model 'polygon' loaded for trajectory optimization.
[INFO] [1783863051.441298836, 35.262000000]: Footprint model 'polygon' loaded for trajectory optimization.
[INFO] [1783863052.884128615, 36.702000000]: GOAL Reached!
[INFO] [1783863053.017248464, 36.834000000]: Footprint model 'polygon' loaded for trajectory optimization.
[INFO] [1783863053.904657335, 37.720000000]: Footprint model 'polygon' loaded for trajectory optimization.
[INFO] [1783863054.507077227, 38.322000000]: Footprint model 'polygon' loaded for trajectory optimization.
[INFO] [1783863055.049754379, 38.866000000]: Footprint model 'polygon' loaded for trajectory optimization.
[INFO] [1783863055.651626141, 39.464000000]: Footprint model 'polygon' loaded for trajectory optimization.
[INFO] [1783863056.254640747, 40.068000000]: Footprint model 'polygon' loaded for trajectory optimization.
[INFO] [1783863056.857189030, 40.668000000]: Footprint model 'polygon' loaded for trajectory optimization.
[INFO] [1783863057.452228778, 41.262000000]: Footprint model 'polygon' loaded for trajectory optimization.
[INFO] [1783863058.093199984, 41.906000000]: Footprint model 'polygon' loaded for trajectory optimization.
[INFO] [1783863058.646791648, 42.460000000]: Footprint model 'polygon' loaded for trajectory optimization.
[INFO] [1783863059.296577842, 43.108000000]: Footprint model 'polygon' loaded for trajectory optimization.
[INFO] [1783863060.939098157, 44.748000000]: GOAL Reached!
[INFO] [1783863061.095868908, 44.902000000]: Footprint model 'polygon' loaded for trajectory optimization.
[INFO] [1783863061.974839886, 45.780000000]: Footprint model 'polygon' loaded for trajectory optimization.
[INFO] [1783863062.572560355, 46.376000000]: Footprint model 'polygon' loaded for trajectory optimization.
[INFO] [1783863063.173031911, 46.976000000]: Footprint model 'polygon' loaded for trajectory optimization.
[INFO] [1783863063.774865595, 47.576000000]: Footprint model 'polygon' loaded for trajectory optimization.
[INFO] [1783863064.371875819, 48.172000000]: Footprint model 'polygon' loaded for trajectory optimization.
[INFO] [1783863064.974723521, 48.774000000]: Footprint model 'polygon' loaded for trajectory optimization.
[INFO] [1783863065.524556917, 49.324000000]: Footprint model 'polygon' loaded for trajectory optimization.
[INFO] [1783863066.168053113, 49.968000000]: Footprint model 'polygon' loaded for trajectory optimization.
[INFO] [1783863067.706130632, 51.506000000]: GOAL Reached!
[INFO] [1783863067.847034870, 51.646000000]: Footprint model 'polygon' loaded for trajectory optimization.
[INFO] [1783863068.704084895, 52.502000000]: Footprint model 'polygon' loaded for trajectory optimization.
[INFO] [1783863069.298758049, 53.094000000]: Footprint model 'polygon' loaded for trajectory optimization.
[INFO] [1783863069.903802358, 53.698000000]: Footprint model 'polygon' loaded for trajectory optimization.
[INFO] [1783863070.456907546, 54.250000000]: Footprint model 'polygon' loaded for trajectory optimization.
[INFO] [1783863072.249333150, 56.038000000]: GOAL Reached!
[INFO] [1783863072.396639284, 56.186000000]: Footprint model 'polygon' loaded for trajectory optimization.
[INFO] [1783863073.292109891, 57.080000000]: Footprint model 'polygon' loaded for trajectory optimization.
[INFO] [1783863073.833709612, 57.620000000]: Footprint model 'polygon' loaded for trajectory optimization.
[INFO] [1783863074.431467299, 58.220000000]: Footprint model 'polygon' loaded for trajectory optimization.
[INFO] [1783863075.035325482, 58.820000000]: Footprint model 'polygon' loaded for trajectory optimization.
[INFO] [1783863075.632385115, 59.418000000]: Footprint model 'polygon' loaded for trajectory optimization.
[INFO] [1783863076.235288834, 60.018000000]: Footprint model 'polygon' loaded for trajectory optimization.
[INFO] [1783863077.825062706, 61.606000000]: GOAL Reached!
[INFO] [1783863077.966893173, 61.746000000]: Footprint model 'polygon' loaded for trajectory optimization.
[INFO] [1783863078.843952412, 62.622000000]: Footprint model 'polygon' loaded for trajectory optimization.
[INFO] [1783863079.430204915, 63.210000000]: Footprint model 'polygon' loaded for trajectory optimization.
[INFO] [1783863079.980161081, 63.756000000]: Footprint model 'polygon' loaded for trajectory optimization.
[INFO] [1783863080.598107785, 64.374000000]: Footprint model 'polygon' loaded for trajectory optimization.
[INFO] [1783863081.182949277, 64.958000000]: Footprint model 'polygon' loaded for trajectory optimization.
[INFO] [1783863081.781485995, 65.556000000]: Footprint model 'polygon' loaded for trajectory optimization.
[INFO] [1783863082.431438400, 66.204000000]: Footprint model 'polygon' loaded for trajectory optimization.
[INFO] [1783863083.031222116, 66.802000000]: Footprint model 'polygon' loaded for trajectory optimization.
[INFO] [1783863083.634048442, 67.404000000]: Footprint model 'polygon' loaded for trajectory optimization.
[INFO] [1783863084.184231130, 67.952000000]: Footprint model 'polygon' loaded for trajectory optimization.
[INFO] [1783863085.873954979, 69.640000000]: GOAL Reached!
[INFO] [1783863086.006641905, 69.772000000]: Footprint model 'polygon' loaded for trajectory optimization.
[INFO] [1783863086.879809058, 70.644000000]: Footprint model 'polygon' loaded for trajectory optimization.
[INFO] [1783863087.416057638, 71.178000000]: Footprint model 'polygon' loaded for trajectory optimization.
[INFO] [1783863088.018700336, 71.782000000]: Footprint model 'polygon' loaded for trajectory optimization.
[INFO] [1783863088.667681141, 72.430000000]: Footprint model 'polygon' loaded for trajectory optimization.
[INFO] [1783863089.269380821, 73.032000000]: Footprint model 'polygon' loaded for trajectory optimization.
[INFO] [1783863089.865211505, 73.628000000]: Footprint model 'polygon' loaded for trajectory optimization.
[INFO] [1783863090.416089386, 74.176000000]: Footprint model 'polygon' loaded for trajectory optimization.
[INFO] [1783863091.067278934, 74.826000000]: Footprint model 'polygon' loaded for trajectory optimization.
[INFO] [1783863092.906730136, 76.664000000]: GOAL Reached!
[INFO] [1783863093.021945674, 76.780000000]: Footprint model 'polygon' loaded for trajectory optimization.
[INFO] [1783863093.864543142, 77.620000000]: Footprint model 'polygon' loaded for trajectory optimization.
[INFO] [1783863094.421996691, 78.174000000]: Footprint model 'polygon' loaded for trajectory optimization.
[INFO] [1783863095.019949276, 78.772000000]: Footprint model 'polygon' loaded for trajectory optimization.
[INFO] [1783863095.665888483, 79.420000000]: Footprint model 'polygon' loaded for trajectory optimization.
[INFO] [1783863097.509803980, 81.260000000]: GOAL Reached!
[INFO] [1783863097.648693134, 81.398000000]: Footprint model 'polygon' loaded for trajectory optimization.
[INFO] [1783863098.511666451, 82.260000000]: Footprint model 'polygon' loaded for trajectory optimization.
[INFO] [1783863099.058010751, 82.808000000]: Footprint model 'polygon' loaded for trajectory optimization.
[INFO] [1783863099.666233842, 83.412000000]: Footprint model 'polygon' loaded for trajectory optimization.
[INFO] [1783863100.262452899, 84.010000000]: Footprint model 'polygon' loaded for trajectory optimization.
[INFO] [1783863100.862668890, 84.610000000]: Footprint model 'polygon' loaded for trajectory optimization.
[INFO] [1783863101.465899409, 85.208000000]: Footprint model 'polygon' loaded for trajectory optimization.
[INFO] [1783863103.057650546, 86.798000000]: GOAL Reached!
[INFO] [1783863103.198933337, 86.940000000]: Footprint model 'polygon' loaded for trajectory optimization.
[INFO] [1783863104.078540571, 87.820000000]: Footprint model 'polygon' loaded for trajectory optimization.
[INFO] [1783863104.668215198, 88.408000000]: Footprint model 'polygon' loaded for trajectory optimization.
[INFO] [1783863105.225040050, 88.962000000]: Footprint model 'polygon' loaded for trajectory optimization.
[INFO] [1783863105.867535364, 89.606000000]: Footprint model 'polygon' loaded for trajectory optimization.
[INFO] [1783863106.421587464, 90.158000000]: Footprint model 'polygon' loaded for trajectory optimization.
[INFO] [1783863107.022659478, 90.758000000]: Footprint model 'polygon' loaded for trajectory optimization.
[INFO] [1783863107.624431488, 91.356000000]: Footprint model 'polygon' loaded for trajectory optimization.
[INFO] [1783863108.267498465, 92.000000000]: Footprint model 'polygon' loaded for trajectory optimization.
[INFO] [1783863108.871632547, 92.604000000]: Footprint model 'polygon' loaded for trajectory optimization.
[INFO] [1783863109.423089587, 93.154000000]: Footprint model 'polygon' loaded for trajectory optimization.
[INFO] [1783863111.214677514, 94.942000000]: GOAL Reached!
[INFO] [1783863111.355186172, 95.082000000]: Footprint model 'polygon' loaded for trajectory optimization.
[INFO] [1783863112.234435946, 95.960000000]: Footprint model 'polygon' loaded for trajectory optimization.
[INFO] [1783863112.819241535, 96.544000000]: Footprint model 'polygon' loaded for trajectory optimization.
[INFO] [1783863113.381107760, 97.106000000]: Footprint model 'polygon' loaded for trajectory optimization.
[INFO] [1783863114.024919109, 97.746000000]: Footprint model 'polygon' loaded for trajectory optimization.
[INFO] [1783863114.577668776, 98.298000000]: Footprint model 'polygon' loaded for trajectory optimization.
[INFO] [1783863115.226319792, 98.946000000]: Footprint model 'polygon' loaded for trajectory optimization.
[INFO] [1783863115.828826916, 99.548000000]: Footprint model 'polygon' loaded for trajectory optimization.
[INFO] [1783863116.422476976, 100.142000000]: Footprint model 'polygon' loaded for trajectory optimization.
[INFO] [1783863118.265394678, 101.982000000]: GOAL Reached!
[INFO] [1783863118.410298200, 102.126000000]: Footprint model 'polygon' loaded for trajectory optimization.
[INFO] [1783863119.287527401, 103.002000000]: Footprint model 'polygon' loaded for trajectory optimization.
[INFO] [1783863119.823824351, 103.540000000]: Footprint model 'polygon' loaded for trajectory optimization.
[INFO] [1783863120.476617281, 104.190000000]: Footprint model 'polygon' loaded for trajectory optimization.
[INFO] [1783863121.030215684, 104.740000000]: Footprint model 'polygon' loaded for trajectory optimization.
[INFO] [1783863122.817432611, 106.528000000]: GOAL Reached!
[INFO] [1783863122.963837813, 106.674000000]: Footprint model 'polygon' loaded for trajectory optimization.
[INFO] [1783863123.836125689, 107.542000000]: Footprint model 'polygon' loaded for trajectory optimization.
[INFO] [1783863124.390391312, 108.096000000]: Footprint model 'polygon' loaded for trajectory optimization.
[INFO] [1783863125.040449018, 108.744000000]: Footprint model 'polygon' loaded for trajectory optimization.
[INFO] [1783863125.589146689, 109.294000000]: Footprint model 'polygon' loaded for trajectory optimization.
[INFO] [1783863126.240179719, 109.942000000]: Footprint model 'polygon' loaded for trajectory optimization.
[INFO] [1783863126.790130619, 110.492000000]: Footprint model 'polygon' loaded for trajectory optimization.
[INFO] [1783863128.283669746, 111.982000000]: GOAL Reached!
[INFO] [1783863128.423257510, 112.122000000]: Footprint model 'polygon' loaded for trajectory optimization.
[INFO] [1783863129.304431696, 113.000000000]: Footprint model 'polygon' loaded for trajectory optimization.
[INFO] [1783863129.844787219, 113.542000000]: Footprint model 'polygon' loaded for trajectory optimization.
[INFO] [1783863130.445621590, 114.140000000]: Footprint model 'polygon' loaded for trajectory optimization.
[INFO] [1783863131.042510408, 114.738000000]: Footprint model 'polygon' loaded for trajectory optimization.
[INFO] [1783863131.642979682, 115.338000000]: Footprint model 'polygon' loaded for trajectory optimization.
[INFO] [1783863132.242591030, 115.936000000]: Footprint model 'polygon' loaded for trajectory optimization.
[INFO] [1783863132.890331974, 116.584000000]: Footprint model 'polygon' loaded for trajectory optimization.
[INFO] [1783863133.443815501, 117.134000000]: Footprint model 'polygon' loaded for trajectory optimization.
[INFO] [1783863134.039699182, 117.732000000]: Footprint model 'polygon' loaded for trajectory optimization.
[INFO] [1783863136.134967081, 119.822000000]: GOAL Reached!
[INFO] [1783863136.289523593, 119.976000000]: Footprint model 'polygon' loaded for trajectory optimization.
[INFO] [1783863137.176266827, 120.860000000]: Footprint model 'polygon' loaded for trajectory optimization.
[INFO] [1783863137.758405093, 121.442000000]: Footprint model 'polygon' loaded for trajectory optimization.
[INFO] [1783863138.309234409, 121.994000000]: Footprint model 'polygon' loaded for trajectory optimization.
[INFO] [1783863138.911014406, 122.594000000]: Footprint model 'polygon' loaded for trajectory optimization.
[INFO] [1783863139.560430270, 123.242000000]: Footprint model 'polygon' loaded for trajectory optimization.
[INFO] [1783863140.165813057, 123.848000000]: Footprint model 'polygon' loaded for trajectory optimization.
[INFO] [1783863140.764778579, 124.444000000]: Footprint model 'polygon' loaded for trajectory optimization.
[INFO] [1783863141.310111608, 124.992000000]: Footprint model 'polygon' loaded for trajectory optimization.
[INFO] [1783863143.205303262, 126.880000000]: GOAL Reached!
[INFO] [1783863143.362551115, 127.036000000]: Footprint model 'polygon' loaded for trajectory optimization.
[INFO] [1783863144.226531998, 127.902000000]: Footprint model 'polygon' loaded for trajectory optimization.
[INFO] [1783863144.830034894, 128.502000000]: Footprint model 'polygon' loaded for trajectory optimization.
[INFO] [1783863145.381717832, 129.052000000]: Footprint model 'polygon' loaded for trajectory optimization.
[INFO] [1783863145.977467317, 129.648000000]: Footprint model 'polygon' loaded for trajectory optimization.
[INFO] [1783863147.867751215, 131.538000000]: GOAL Reached!
[INFO] [1783863148.016328492, 131.686000000]: Footprint model 'polygon' loaded for trajectory optimization.
[INFO] [1783863148.876072879, 132.542000000]: Footprint model 'polygon' loaded for trajectory optimization.
[INFO] [1783863149.481586076, 133.148000000]: Footprint model 'polygon' loaded for trajectory optimization.
[INFO] [1783863150.034488215, 133.698000000]: Footprint model 'polygon' loaded for trajectory optimization.
[INFO] [1783863150.677775438, 134.342000000]: Footprint model 'polygon' loaded for trajectory optimization.
[INFO] [1783863151.230491614, 134.892000000]: Footprint model 'polygon' loaded for trajectory optimization.
[INFO] [1783863151.881328646, 135.542000000]: Footprint model 'polygon' loaded for trajectory optimization.
[INFO] [1783863153.420691400, 137.080000000]: GOAL Reached!
[INFO] [1783863153.559704271, 137.218000000]: Footprint model 'polygon' loaded for trajectory optimization.
[INFO] [1783863154.445917941, 138.102000000]: Footprint model 'polygon' loaded for trajectory optimization.
[INFO] [1783863154.990389166, 138.648000000]: Footprint model 'polygon' loaded for trajectory optimization.
[INFO] [1783863155.589693340, 139.244000000]: Footprint model 'polygon' loaded for trajectory optimization.
[INFO] [1783863156.194031260, 139.846000000]: Footprint model 'polygon' loaded for trajectory optimization.
[INFO] [1783863156.790775165, 140.446000000]: Footprint model 'polygon' loaded for trajectory optimization.
[INFO] [1783863157.442963825, 141.094000000]: Footprint model 'polygon' loaded for trajectory optimization.
[INFO] [1783863158.043614377, 141.694000000]: Footprint model 'polygon' loaded for trajectory optimization.
[INFO] [1783863158.642626423, 142.292000000]: Footprint model 'polygon' loaded for trajectory optimization.
[INFO] [1783863159.194508878, 142.842000000]: Footprint model 'polygon' loaded for trajectory optimization.
[INFO] [1783863159.792961353, 143.444000000]: Footprint model 'polygon' loaded for trajectory optimization.
[INFO] [1783863161.585349810, 145.230000000]: GOAL Reached!
[INFO] [1783863161.739887695, 145.384000000]: Footprint model 'polygon' loaded for trajectory optimization.
[INFO] [1783863162.621420364, 146.264000000]: Footprint model 'polygon' loaded for trajectory optimization.
[INFO] [1783863163.221781213, 146.864000000]: Footprint model 'polygon' loaded for trajectory optimization.
[INFO] [1783863163.773933160, 147.414000000]: Footprint model 'polygon' loaded for trajectory optimization.
[INFO] [1783863164.420344623, 148.062000000]: Footprint model 'polygon' loaded for trajectory optimization.
[INFO] [1783863164.972632310, 148.614000000]: Footprint model 'polygon' loaded for trajectory optimization.
[INFO] [1783863165.570099138, 149.210000000]: Footprint model 'polygon' loaded for trajectory optimization.
[INFO] [1783863166.220937631, 149.858000000]: Footprint model 'polygon' loaded for trajectory optimization.
[INFO] [1783863166.773012158, 150.410000000]: Footprint model 'polygon' loaded for trajectory optimization.
[INFO] [1783863168.461484619, 152.096000000]: GOAL Reached!
[INFO] [1783863168.622732067, 152.256000000]: Footprint model 'polygon' loaded for trajectory optimization.
[INFO] [1783863169.488387311, 153.120000000]: Footprint model 'polygon' loaded for trajectory optimization.
[INFO] [1783863170.085383172, 153.718000000]: Footprint model 'polygon' loaded for trajectory optimization.
[INFO] [1783863170.680847246, 154.312000000]: Footprint model 'polygon' loaded for trajectory optimization.
[INFO] [1783863171.234157658, 154.864000000]: Footprint model 'polygon' loaded for trajectory optimization.
[INFO] [1783863173.125726093, 156.752000000]: GOAL Reached!
[INFO] [1783863173.280981741, 156.908000000]: Footprint model 'polygon' loaded for trajectory optimization.
[INFO] [1783863174.161842349, 157.786000000]: Footprint model 'polygon' loaded for trajectory optimization.
[INFO] [1783863174.702495670, 158.324000000]: Footprint model 'polygon' loaded for trajectory optimization.
[INFO] [1783863175.350418943, 158.972000000]: Footprint model 'polygon' loaded for trajectory optimization.
[INFO] [1783863175.898919079, 159.524000000]: Footprint model 'polygon' loaded for trajectory optimization.
[INFO] [1783863176.504109012, 160.124000000]: Footprint model 'polygon' loaded for trajectory optimization.
[INFO] [1783863177.106354766, 160.724000000]: Footprint model 'polygon' loaded for trajectory optimization.
[INFO] [1783863178.592889779, 162.210000000]: GOAL Reached!
[INFO] [1783863178.743728569, 162.362000000]:[ERROR] [1783863185.156711547, 168.760000000]: TebOptimalPlanner::getVelocityCommand() - timediff<=0 is invalid!
[WARN] [1783863185.156795647, 168.760000000]: TebLocalPlannerROS: velocity command invalid. Resetting planner...
 Footprint model 'polygon' loaded for trajectory optimization.
[INFO] [1783863179.627317642, 163.242000000]: Footprint model 'polygon' loaded for trajectory optimization.
[INFO] [1783863180.270320287, 163.884000000]: Footprint model 'polygon' loaded for trajectory optimization.
[INFO] [1783863180.863936709, 164.478000000]: Footprint model 'polygon' loaded for trajectory optimization.
[INFO] [1783863181.512432290, 165.122000000]: Footprint model 'polygon' loaded for trajectory optimization.
[INFO] [1783863182.066377102, 165.676000000]: Footprint model 'polygon' loaded for trajectory optimization.
[INFO] [1783863182.685882928, 166.296000000]: Footprint model 'polygon' loaded for trajectory optimization.
[INFO] [1783863183.313854679, 166.924000000]: Footprint model 'polygon' loaded for trajectory optimization.
[INFO] [1783863183.865631836, 167.474000000]: Footprint model 'polygon' loaded for trajectory optimization.
[INFO] [1783863184.466352078, 168.074000000]: Footprint model 'polygon' loaded for trajectory optimization.
[INFO] [1783863187.960017880, 171.560000000]: GOAL Reached!
[INFO] [1783863188.088258524, 171.688000000]: Footprint model 'polygon' loaded for trajectory optimization.
[INFO] [1783863188.966412395, 172.566000000]: Footprint model 'polygon' loaded for trajectory optimization.
[INFO] [1783863189.563182145, 173.162000000]: Footprint model 'polygon' loaded for trajectory optimization.
[INFO] [1783863190.117443168, 173.714000000]: Footprint model 'polygon' loaded for trajectory optimization.
[INFO] [1783863190.764269951, 174.360000000]: Footprint model 'polygon' loaded for trajectory optimization.
[INFO] [1783863191.314019357, 174.912000000]: Footprint model 'polygon' loaded for trajectory optimization.
[INFO] [1783863191.916671311, 175.510000000]: Footprint model 'polygon' loaded for trajectory optimization.
[INFO] [1783863192.517779345, 176.110000000]: Footprint model 'polygon' loaded for trajectory optimization.
[INFO] [1783863193.163357941, 176.758000000]: Footprint model 'polygon' loaded for trajectory optimization.
[INFO] [1783863194.805487079, 178.396000000]: GOAL Reached!
[INFO] [1783863194.949376158, 178.540000000]: Footprint model 'polygon' loaded for trajectory optimization.
[INFO] [1783863195.813448239, 179.400000000]: Footprint model 'polygon' loaded for trajectory optimization.
[INFO] [1783863196.422497360, 180.008000000]: Footprint model 'polygon' loaded for trajectory optimization.
[INFO] [1783863197.015937773, 180.602000000]: Footprint model 'polygon' loaded for trajectory optimization.
[INFO] [1783863197.572300297, 181.156000000]: Footprint model 'polygon' loaded for trajectory optimization.
[INFO] [1783863199.363264515, 182.944000000]: GOAL Reached!
[INFO] [1783863199.503808327, 183.086000000]: Footprint model 'polygon' loaded for trajectory optimization.
[INFO] [1783863200.382014611, 183.962000000]: Footprint model 'polygon' loaded for trajectory optimization.
[INFO] [1783863200.933988655, 184.512000000]: Footprint model 'polygon' loaded for trajectory optimization.
[INFO] [1783863201.579492508, 185.156000000]: Footprint model 'polygon' loaded for trajectory optimization.
[INFO] [1783863202.185574451, 185.762000000]: Footprint model 'polygon' loaded for trajectory optimization.
[INFO] [1783863202.786783840, 186.364000000]: Footprint model 'polygon' loaded for trajectory optimization.
[INFO] [1783863203.383515137, 186.958000000]: Footprint model 'polygon' loaded for trajectory optimization.
[INFO] [1783863204.925099298, 188.496000000]: GOAL Reached!
[INFO] [1783863205.061062693, 188.634000000]: Footprint model 'polygon' loaded for trajectory optimization.
[INFO] [1783863205.937134682, 189.508000000]: Footprint model 'polygon' loaded for trajectory optimization.
[INFO] [1783863206.494676190, 190.062000000]: Footprint model 'polygon' loaded for trajectory optimization.
[INFO] [1783863207.083805901, 190.654000000]: Footprint model 'polygon' loaded for trajectory optimization.
[INFO] [1783863207.736047549, 191.304000000]: Footprint model 'polygon' loaded for trajectory optimization.
[INFO] [1783863208.290276541, 191.858000000]: Footprint model 'polygon' loaded for trajectory optimization.
[INFO] [1783863208.889827474, 192.454000000]: Footprint model 'polygon' loaded for trajectory optimization.
[INFO] [1783863209.488067306, 193.052000000]: Footprint model 'polygon' loaded for trajectory optimization.
[INFO] [1783863210.137642747, 193.700000000]: Footprint model 'polygon' loaded for trajectory optimization.
[INFO] [1783863210.738507427, 194.300000000]: Footprint model 'polygon' loaded for trajectory optimization.
[INFO] [1783863211.339731569, 194.900000000]: Footprint model 'polygon' loaded for trajectory optimization.
[INFO] [1783863212.478943819, 196.038000000]: GOAL Reached!
[INFO] [1783863212.623015595, 196.182000000]: Footprint model 'polygon' loaded for trajectory optimization.
[INFO] [1783863213.504983338, 197.062000000]: Footprint model 'polygon' loaded for trajectory optimization.
[INFO] [1783863214.032639689, 197.590000000]: Footprint model 'polygon' loaded for trajectory optimization.
[INFO] [1783863214.643659470, 198.198000000]: Footprint model 'polygon' loaded for trajectory optimization.
[INFO] [1783863215.240928349, 198.796000000]: Footprint model 'polygon' loaded for trajectory optimization.
[INFO] [1783863215.890399125, 199.446000000]: Footprint model 'polygon' loaded for trajectory optimization.
[INFO] [1783863216.441595972, 199.994000000]: Footprint model 'polygon' loaded for trajectory optimization.
[INFO] [1783863217.093639184, 200.644000000]: Footprint model 'polygon' loaded for trajectory optimization.
[INFO] [1783863217.644183862, 201.194000000]: Footprint model 'polygon' loaded for trajectory optimization.
[INFO] [1783863219.333278890, 202.880000000]: GOAL Reached!
[INFO] [1783863219.470285338, 203.016000000]: Footprint model 'polygon' loaded for trajectory optimization.
[INFO] [1783863220.332827393, 203.880000000]: Footprint model 'polygon' loaded for trajectory optimization.
[INFO] [1783863220.885827174, 204.430000000]: Footprint model 'polygon' loaded for trajectory optimization.
[INFO] [1783863221.490224333, 205.032000000]: Footprint model 'polygon' loaded for trajectory optimization.
[INFO] [1783863222.135212773, 205.678000000]: Footprint model 'polygon' loaded for trajectory optimization.
[INFO] [1783863223.977332877, 207.518000000]: GOAL Reached!
[INFO] [1783863224.135296680, 207.674000000]: Footprint model 'polygon' loaded for trajectory optimization.
[INFO] [1783863225.007433067, 208.544000000]: Footprint model 'polygon' loaded for trajectory optimization.
[INFO] [1783863225.558732161, 209.094000000]: Footprint model 'polygon' loaded for trajectory optimization.
[INFO] [1783863226.157378433, 209.694000000]: Footprint model 'polygon' loaded for trajectory optimization.
[INFO] [1783863226.759465382, 210.294000000]: Footprint model 'polygon' loaded for trajectory optimization.
[INFO] [1783863227.356309317, 210.892000000]: Footprint model 'polygon' loaded for trajectory optimization.
[INFO] [1783863227.958834492, 211.492000000]: Footprint model 'polygon' loaded for trajectory optimization.
[INFO] [1783863229.449371962, 212.980000000]: GOAL Reached!
[INFO] [1783863229.584503750, 213.116000000]: Footprint model 'polygon' loaded for trajectory optimization.
[INFO] [1783863230.453953191, 213.982000000]: Footprint model 'polygon' loaded for trajectory optimization.
[INFO] [1783863230.999477831, 214.530000000]: Footprint model 'polygon' loaded for trajectory optimization.
[INFO] [1783863231.603427294, 215.132000000]: Footprint model 'polygon' loaded for trajectory optimization.
[INFO] [1783863232.202273081, 215.730000000]: Footprint model 'polygon' loaded for trajectory optimization.
[INFO] [1783863232.855521867, 216.380000000]: Footprint model 'polygon' loaded for trajectory optimization.
[INFO] [1783863233.399150416, 216.926000000]: Footprint model 'polygon' loaded for trajectory optimization.
[INFO] [1783863234.050529084, 217.574000000]: Footprint model 'polygon' loaded for trajectory optimization.
[INFO] [1783863234.603492115, 218.126000000]: Footprint model 'polygon' loaded for trajectory optimization.
[INFO] [1783863235.993732760, 219.514000000]: GOAL Reached!
[INFO] [1783863236.149750868, 219.670000000]: Footprint model 'polygon' loaded for trajectory optimization.
[INFO] [1783863237.042527659, 220.560000000]: Footprint model 'polygon' loaded for trajectory optimization.
[INFO] [1783863237.588110476, 221.108000000]: Footprint model 'polygon' loaded for trajectory optimization.
[INFO] [1783863238.185631954, 221.702000000]: Footprint model 'polygon' loaded for trajectory optimization.
[INFO] [1783863238.839191550, 222.354000000]: Footprint model 'polygon' loaded for trajectory optimization.
[INFO] [1783863239.390189322, 222.906000000]: Footprint model 'polygon' loaded for trajectory optimization.
[INFO] [1783863240.038564480, 223.552000000]: Footprint model 'polygon' loaded for trajectory optimization.
[INFO] [1783863240.640670046, 224.152000000]: Footprint model 'polygon' loaded for trajectory optimization.
[INFO] [1783863241.237405628, 224.748000000]: Footprint model 'polygon' loaded for trajectory optimization.
[INFO] [1783863243.078896353, 226.588000000]: GOAL Reached!
[INFO] [1783863243.224145544, 226.734000000]: Footprint model 'polygon' loaded for trajectory optimization.
[INFO] [1783863244.092821763, 227.600000000]: Footprint model 'polygon' loaded for trajectory optimization.
[INFO] [1783863244.641661876, 228.150000000]: Footprint model 'polygon' loaded for trajectory optimization.
[INFO] [1783863245.289428795, 228.796000000]: Footprint model 'polygon' loaded for trajectory optimization.
[INFO] [1783863245.890231138, 229.394000000]: Footprint model 'polygon' loaded for trajectory optimization.
[INFO] [1783863247.631403942, 231.134000000]: GOAL Reached!
[INFO] [1783863247.773424771, 231.276000000]: Footprint model 'polygon' loaded for trajectory optimization.
[INFO] [1783863248.639945413, 232.140000000]: Footprint model 'polygon' loaded for trajectory optimization.
[INFO] [1783863249.197146080, 232.696000000]: Footprint model 'polygon' loaded for trajectory optimization.
[INFO] [1783863249.841314025, 233.340000000]: Footprint model 'polygon' loaded for trajectory optimization.
[INFO] [1783863250.441234091, 233.938000000]: Footprint model 'polygon' loaded for trajectory optimization.
[INFO] [1783863250.994367322, 234.490000000]: Footprint model 'polygon' loaded for trajectory optimization.
[INFO] [1783863251.635930562, 235.132000000]: Footprint model 'polygon' loaded for trajectory optimization.
[INFO] [1783863253.080120793, 236.576000000]: GOAL Reached!
[INFO] [1783863253.208603604, 236.704000000]: Footprint model 'polygon' loaded for trajectory optimization.
[INFO] [1783863254.090186010, 237.580000000]: Footprint model 'polygon' loaded for trajectory optimization.
[INFO] [1783863254.686332306, 238.178000000]: Footprint model 'polygon' loaded for trajectory optimization.
[INFO] [1783863255.234613592, 238.726000000]: Footprint model 'polygon' loaded for trajectory optimization.
[INFO] [1783863255.837202664, 239.326000000]: Footprint model 'polygon' loaded for trajectory optimization.
[INFO] [1783863256.482736408, 239.974000000]: Footprint model 'polygon' loaded for trajectory optimization.
[INFO] [1783863257.081485598, 240.570000000]: Footprint model 'polygon' loaded for trajectory optimization.
[INFO] [1783863257.635125718, 241.122000000]: Footprint model 'polygon' loaded for trajectory optimization.
[INFO] [1783863258.231545405, 241.718000000]: Footprint model 'polygon' loaded for trajectory optimization.
[INFO] [1783863258.885735119, 242.370000000]: Footprint model 'polygon' loaded for trajectory optimization.
[INFO] [1783863259.490071566, 242.976000000]: Footprint model 'polygon' loaded for trajectory optimization.
[INFO] [1783863261.828899836, 245.308000000]: GOAL Reached!
[INFO] [1783863261.954166350, 245.434000000]: Footprint model 'polygon' loaded for trajectory optimization.
[INFO] [1783863262.800151634, 246.282000000]: Footprint model 'polygon' loaded for trajectory optimization.
[INFO] [1783863263.356807406, 246.836000000]: Footprint model 'polygon' loaded for trajectory optimization.
[INFO] [1783863264.007752094, 247.484000000]: Footprint model 'polygon' loaded for trajectory optimization.
[INFO] [1783863264.566511884, 248.044000000]: Footprint model 'polygon' loaded for trajectory optimization.
[INFO] [1783863265.161551575, 248.636000000]: Footprint model 'polygon' loaded for trajectory optimization.
[INFO] [1783863265.760453920, 249.234000000]: Footprint model 'polygon' loaded for trajectory optimization.
[INFO] [1783863266.361602611, 249.834000000]: Footprint model 'polygon' loaded for trajectory optimization.
[INFO] [1783863266.959454993, 250.434000000]: Footprint model 'polygon' loaded for trajectory optimization.
[INFO] [1783863268.549194722, 252.020000000]: GOAL Reached!
[INFO] [1783863268.687201052, 252.158000000]: Footprint model 'polygon' loaded for trajectory optimization.
[INFO] [1783863269.571403727, 253.042000000]: Footprint model 'polygon' loaded for trajectory optimization.
[INFO] [1783863270.159442873, 253.626000000]: Footprint model 'polygon' loaded for trajectory optimization.
[INFO] [1783863270.763534574, 254.230000000]: Footprint model 'polygon' loaded for trajectory optimization.
[INFO] [1783863271.314168396, 254.780000000]: Footprint model 'polygon' loaded for trajectory optimization.
[INFO] [1783863271.959843691, 255.426000000]: Footprint model 'polygon' loaded for trajectory optimization.
[INFO] [1783863272.512099558, 255.980000000]: Footprint model 'polygon' loaded for trajectory optimization.
[INFO] [1783863273.114923086, 256.578000000]: Footprint model 'polygon' loaded for trajectory optimization.
[INFO] [1783863273.763011598, 257.226000000]: Footprint model 'polygon' loaded for trajectory optimization.
[INFO] [1783863274.363940870, 257.826000000]: Footprint model 'polygon' loaded for trajectory optimization.
[INFO] [1783863276.306235458, 259.766000000]: GOAL Reached!
[INFO] [1783863276.432706884, 259.892000000]: Footprint model 'polygon' loaded for trajectory optimization.
[INFO] [1783863277.302443270, 260.760000000]: Footprint model 'polygon' loaded for trajectory optimization.
[INFO] [1783863277.855514130, 261.312000000]: Footprint model 'polygon' loaded for trajectory optimization.
[INFO] [1783863278.455021709, 261.912000000]: Footprint model 'polygon' loaded for trajectory optimization.
[INFO] [1783863279.053121295, 262.508000000]: Footprint model 'polygon' loaded for trajectory optimization.
[INFO] [1783863279.702332461, 263.156000000]: Footprint model 'polygon' loaded for trajectory optimization.
[INFO] [1783863280.256162216, 263.708000000]: Footprint model 'polygon' loaded for trajectory optimization.
[INFO] [1783863280.904564913, 264.356000000]: Footprint model 'polygon' loaded for trajectory optimization.
[INFO] [1783863281.504149204, 264.954000000]: Footprint model 'polygon' loaded for trajectory optimization.
[INFO] [1783863282.055854846, 265.506000000]: Footprint model 'polygon' loaded for trajectory optimization.
[INFO] [1783863283.845448159, 267.294000000]: GOAL Reached!
[INFO] [1783863283.984029309, 267.434000000]: Footprint model 'polygon' loaded for trajectory optimization.
[INFO] [1783863284.914169785, 268.362000000]: Footprint model 'polygon' loaded for trajectory optimization.
[INFO] [1783863285.562204278, 269.010000000]: Footprint model 'polygon' loaded for trajectory optimization.
[INFO] [1783863286.118490591, 269.562000000]: Footprint model 'polygon' loaded for trajectory optimization.
[INFO] [1783863286.709143767, 270.154000000]: Footprint model 'polygon' loaded for trajectory optimization.
[INFO] [1783863287.353820356, 270.798000000]: Footprint model 'polygon' loaded for trajectory optimization.
[INFO] [1783863287.908203325, 271.352000000]: Footprint model 'polygon' loaded for trajectory optimization.
[INFO] [1783863288.512075484, 271.952000000]: Footprint model 'polygon' loaded for trajectory optimization.
[INFO] [1783863289.106418856, 272.546000000]: Footprint model 'polygon' loaded for trajectory optimization.
[INFO] [1783863291.899964029, 275.336000000]: GOAL Reached!
[INFO] [1783863292.056386090, 275.492000000]: Footprint model 'polygon' l[WARN] [1783863319.378782069, 302.780000000]: TebLocalPlannerROS: possible oscillation (of the robot or its local plan) detected. Activating recovery strategy (prefer current turning direction during optimization).
oaded for trajectory optimization.
[INFO] [1783863292.922382883, 276.360000000]: Footprint model 'polygon' loaded for trajectory optimization.
[INFO] [1783863293.526723896, 276.960000000]: Footprint model 'polygon' loaded for trajectory optimization.
[INFO] [1783863294.075370165, 277.508000000]: Footprint model 'polygon' loaded for trajectory optimization.
[INFO] [1783863294.723253177, 278.156000000]: Footprint model 'polygon' loaded for trajectory optimization.
[INFO] [1783863295.275312964, 278.706000000]: Footprint model 'polygon' loaded for trajectory optimization.
[INFO] [1783863295.878360253, 279.308000000]: Footprint model 'polygon' loaded for trajectory optimization.
[INFO] [1783863296.478002791, 279.908000000]: Footprint model 'polygon' loaded for trajectory optimization.
[INFO] [1783863297.124313388, 280.552000000]: Footprint model 'polygon' loaded for trajectory optimization.
[INFO] [1783863298.667905517, 282.092000000]: GOAL Reached!
[INFO] [1783863298.817629734, 282.242000000]: Footprint model 'polygon' loaded for trajectory optimization.
[INFO] [1783863299.695188851, 283.122000000]: Footprint model 'polygon' loaded for trajectory optimization.
[INFO] [1783863300.333493018, 283.758000000]: Footprint model 'polygon' loaded for trajectory optimization.
[INFO] [1783863300.931525459, 284.354000000]: Footprint model 'polygon' loaded for trajectory optimization.
[INFO] [1783863301.535312192, 284.956000000]: Footprint model 'polygon' loaded for trajectory optimization.
[INFO] [1783863302.182497628, 285.604000000]: Footprint model 'polygon' loaded for trajectory optimization.
[INFO] [1783863302.736301205, 286.156000000]: Footprint model 'polygon' loaded for trajectory optimization.
[INFO] [1783863303.384555451, 286.802000000]: Footprint model 'polygon' loaded for trajectory optimization.
[INFO] [1783863303.984694994, 287.402000000]: Footprint model 'polygon' loaded for trajectory optimization.
[INFO] [1783863304.536440540, 287.954000000]: Footprint model 'polygon' loaded for trajectory optimization.
[INFO] [1783863306.226501394, 289.640000000]: GOAL Reached!
[INFO] [1783863306.360085305, 289.774000000]: Footprint model 'polygon' loaded for trajectory optimization.
[INFO] [1783863307.247968951, 290.660000000]: Footprint model 'polygon' loaded for trajectory optimization.
[INFO] [1783863307.787916285, 291.200000000]: Footprint model 'polygon' loaded for trajectory optimization.
[INFO] [1783863308.439255367, 291.852000000]: Footprint model 'polygon' loaded for trajectory optimization.
[INFO] [1783863309.038828840, 292.452000000]: Footprint model 'polygon' loaded for trajectory optimization.
[INFO] [1783863309.632097884, 293.044000000]: Footprint model 'polygon' loaded for trajectory optimization.
[INFO] [1783863310.234186555, 293.644000000]: Footprint model 'polygon' loaded for trajectory optimization.
[INFO] [1783863310.842126422, 294.250000000]: Footprint model 'polygon' loaded for trajectory optimization.
[INFO] [1783863311.440806839, 294.848000000]: Footprint model 'polygon' loaded for trajectory optimization.
[INFO] [1783863315.045002687, 298.450000000]: Footprint model 'polygon' loaded for trajectory optimization.
[INFO] [1783863315.640001816, 299.044000000]: Footprint model 'polygon' loaded for trajectory optimization.
[INFO] [1783863316.197504647, 299.602000000]: Footprint model 'polygon' loaded for trajectory optimization.
[INFO] [1783863316.845439990, 300.248000000]: Footprint model 'polygon' loaded for trajectory optimization.
[INFO] [1783863317.446207935, 300.846000000]: Footprint model 'polygon' loaded for trajectory optimization.
[INFO] [1783863321.047840222, 304.446000000]: Footprint model 'polygon' loaded for trajectory optimization.
[INFO] [1783863321.658254129, 305.054000000]: Footprint model 'polygon' loaded for trajectory optimization.
[INFO] [1783863322.253776084, 305.650000000]: Footprint model 'polygon' loaded for trajectory optimization.
[INFO] [1783863322.858022416, 306.254000000]: Footprint model 'polygon' loaded for trajectory optimization.
[INFO] [1783863326.453088546, 309.844000000]: Footprint model 'polygon' loaded for trajectory optimization.
[INFO] [1783863330.018005905, 313.400000000]: Footprint model 'polygon' loaded for trajectory optimization.
[INFO] [1783863330.666374390, 314.050000000]: Footprint model 'polygon' loaded for trajectory optimization.
[INFO] [1783863331.262358753, 314.644000000]: Footprint model 'polygon' loaded for trajectory optimization.
[INFO] [1783863331.868119642, 315.248000000]: Footprint model 'polygon' loaded for trajectory optimization.
[INFO] [1783863332.472981027, 315.852000000]: Footprint model 'polygon' loaded for trajectory optimization.
[INFO] [1783863336.071087391, 319.446000000]: Footprint model 'polygon' loaded for trajectory optimization.
[INFO] [1783863339.684118082, 323.052000000]: Footprint model 'polygon' loaded for trajectory optimization.
[INFO] [1783863343.290708241, 326.654000000]: Footprint model 'polygon' loaded for trajectory optimization.
[INFO] [1783863343.838900497, 327.204000000]: Footprint model 'polygon' loaded for trajectory optimization.
[INFO] [1783863344.491534026, 327.852000000]: Footprint model 'polygon' loaded for trajectory optimization.
[INFO] [1783863345.042793093, 328.404000000]: Footprint model 'polygon' loaded for trajectory optimization.
[INFO] [1783863348.698857980, 332.056000000]: Footprint model 'polygon' loaded for trajectory optimization.
[INFO] [1783863349.250734424, 332.606000000]: Footprint model 'polygon' loaded for trajectory optimization.
[INFO] [1783863349.897443441, 333.252000000]: Footprint model 'polygon' loaded for trajectory optimization.
[INFO] [1783863350.445996799, 333.800000000]: Footprint model 'polygon' loaded for trajectory optimization.
[INFO] [1783863351.096608639, 334.448000000]: Footprint model 'polygon' loaded for trajectory optimization.
[INFO] [1783863351.651022995, 335.002000000]: Footprint model 'polygon' loaded for trajectory optimization.
[INFO] [1783863352.253037164, 335.604000000]: Footprint model 'polygon' loaded for trajectory optimization.
[INFO] [1783863355.904394852, 339.250000000]: Footprint model 'polygon' loaded for trajectory optimization.
[INFO] [1783863356.511950199, 339.856000000]: Footprint model 'polygon' loaded for trajectory optimization.
[INFO] [1783863360.116021994, 343.454000000]: Footprint model 'polygon' loaded for trajectory optimization.
[INFO] [1783863363.803511535, 347.138000000]: Footprint model 'polygon' loaded for trajectory optimization.
[INFO] [1783863364.665473852, 348.000000000]: Footprint model 'polygon' loaded for trajectory optimization.
[INFO] [1783863365.221512688, 348.554000000]: Footprint model 'polygon' loaded for trajectory optimization.
[INFO] [1783863365.817577786, 349.148000000]: Footprint model 'polygon' loaded for trajectory optimization.
[INFO] [1783863366.417779655, 349.746000000]: Footprint model 'polygon' loaded for trajectory optimization.
[INFO] [1783863367.066550604, 350.394000000]: Footprint model 'polygon' loaded for trajectory optimization.
[INFO] [1783863367.670087248, 350.996000000]: Footprint model 'polygon' loaded for trajectory optimization.
[INFO] [1783863368.222258577, 351.548000000]: Footprint model 'polygon' loaded for trajectory optimization.
[INFO] [1783863368.871816363, 352.196000000]: Footprint model 'polygon' loaded for trajectory optimization.
[INFO] [1783863369.421649774, 352.744000000]: Footprint model 'polygon' loaded for trajectory optimization.
[INFO] [1783863370.074184136, 353.398000000]: Footprint model 'polygon' loaded for trajectory optimization.
[INFO] [1783863370.673915298, 353.994000000]: Footprint model 'polygon' loaded for trajectory optimization.
[INFO] [1783863371.224607318, 354.544000000]: Footprint model 'polygon' loaded for trajectory optimization.
[INFO] [1783863371.825010168, 355.146000000]: Footprint model 'polygon' loaded for trajectory optimization.
[INFO] [1783863373.714329870, 357.032000000]: GOAL Reached!
[INFO] [1783863373.849232048, 357.168000000]: Footprint model 'polygon' loaded for trajectory optimization.
[INFO] [1783863374.725275381, 358.040000000]: Footprint model 'polygon' loaded for trajectory[WARN] [1783863398.837394710, 382.114000000]: TebLocalPlannerROS: possible oscillation (of the robot or its local plan) detected. Activating recovery strategy (prefer current turning direction during optimization).
[ERROR] [1783863400.340266653, 383.614000000]: Aborting because the robot appears to be oscillating over and over. Even after executing all recovery behaviors
[WARN] [1783863400.616393656, 383.890000000]: The origin for the sensor at (7.21, 0.00) is out of map bounds. So, the costmap cannot raytrace for it.
 optimization.
[INFO] [1783863375.322957969, 358.636000000]: Footprint model 'polygon' loaded for trajectory optimization.
[INFO] [1783863375.869693670, 359.186000000]: Footprint model 'polygon' loaded for trajectory optimization.
[INFO] [1783863376.454408790, 359.770000000]: TebLocalPlannerROS: oscillation recovery disabled/expired.
[INFO] [1783863376.471215528, 359.786000000]: Footprint model 'polygon' loaded for trajectory optimization.
[INFO] [1783863377.074678915, 360.386000000]: Footprint model 'polygon' loaded for trajectory optimization.
[INFO] [1783863377.675567884, 360.986000000]: Footprint model 'polygon' loaded for trajectory optimization.
[INFO] [1783863378.319447376, 361.628000000]: Footprint model 'polygon' loaded for trajectory optimization.
[INFO] [1783863378.920752468, 362.230000000]: Footprint model 'polygon' loaded for trajectory optimization.
[INFO] [1783863379.523226951, 362.832000000]: Footprint model 'polygon' loaded for trajectory optimization.
[INFO] [1783863381.264750409, 364.570000000]: GOAL Reached!
[INFO] [1783863381.410207172, 364.716000000]: Footprint model 'polygon' loaded for trajectory optimization.
[INFO] [1783863382.299507280, 365.602000000]: Footprint model 'polygon' loaded for trajectory optimization.
[INFO] [1783863382.994034624, 366.298000000]: Footprint model 'polygon' loaded for trajectory optimization.
[INFO] [1783863383.586012782, 366.886000000]: Footprint model 'polygon' loaded for trajectory optimization.
[INFO] [1783863384.140372198, 367.442000000]: Footprint model 'polygon' loaded for trajectory optimization.
[INFO] [1783863384.796396723, 368.094000000]: Footprint model 'polygon' loaded for trajectory optimization.
[INFO] [1783863385.337690422, 368.636000000]: Footprint model 'polygon' loaded for trajectory optimization.
[INFO] [1783863385.942335216, 369.240000000]: Footprint model 'polygon' loaded for trajectory optimization.
[INFO] [1783863386.597287291, 369.896000000]: Footprint model 'polygon' loaded for trajectory optimization.
[INFO] [1783863390.197564420, 373.488000000]: Footprint model 'polygon' loaded for trajectory optimization.
[INFO] [1783863390.784872840, 374.074000000]: Footprint model 'polygon' loaded for trajectory optimization.
[INFO] [1783863391.346829785, 374.636000000]: Footprint model 'polygon' loaded for trajectory optimization.
[INFO] [1783863391.993269124, 375.282000000]: Footprint model 'polygon' loaded for trajectory optimization.
[INFO] [1783863392.594598033, 375.880000000]: Footprint model 'polygon' loaded for trajectory optimization.
[INFO] [1783863393.148200886, 376.434000000]: Footprint model 'polygon' loaded for trajectory optimization.
[INFO] [1783863393.749279133, 377.034000000]: Footprint model 'polygon' loaded for trajectory optimization.
[INFO] [1783863394.402666447, 377.686000000]: Footprint model 'polygon' loaded for trajectory optimization.
[INFO] [1783863394.947490620, 378.230000000]: Footprint model 'polygon' loaded for trajectory optimization.
[INFO] [1783863395.597853025, 378.880000000]: Footprint model 'polygon' loaded for trajectory optimization.
[INFO] [1783863396.202256271, 379.482000000]: Footprint model 'polygon' loaded for trajectory optimization.
[INFO] [1783863396.802225808, 380.084000000]: Footprint model 'polygon' loaded for trajectory optimization.
[INFO] [1783863397.402193415, 380.680000000]: Footprint model 'polygon' loaded for trajectory optimization.
[INFO] [1783863398.004180744, 381.284000000]: Footprint model 'polygon' loaded for trajectory optimization.
[INFO] [1783863398.606345988, 381.884000000]: Footprint model 'polygon' loaded for trajectory optimization.
[INFO] [1783863399.203530751, 382.480000000]: Footprint model 'polygon' loaded for trajectory optimization.
[INFO] [1783863399.758249866, 383.032000000]: Footprint model 'polygon' loaded for trajectory optimization.
[INFO] [1783863400.488929991, 383.762000000]: Footprint model 'polygon' loaded for trajectory optimization.
[INFO] [1783863401.370529363, 384.642000000]: Footprint model 'polygon' loaded for trajectory optimization.
[INFO] [1783863401.907472473[WARN] [1783863415.816598217, 399.066000000]: TebLocalPlannerROS: possible oscillation (of the robot or its local plan) detected. Activating recovery strategy (prefer current turning direction during optimization).
, 385.182000000]: Footprint model 'polygon' loaded for trajectory optimization.
[INFO] [1783863402.557705858, 385.828000000]: Footprint model 'polygon' loaded for trajectory optimization.
[INFO] [1783863403.157201452, 386.428000000]: Footprint model 'polygon' loaded for trajectory optimization.
[INFO] [1783863403.715452606, 386.984000000]: Footprint model 'polygon' loaded for trajectory optimization.
[INFO] [1783863404.312771265, 387.580000000]: Footprint model 'polygon' loaded for trajectory optimization.
[INFO] [1783863404.915078350, 388.182000000]: Footprint model 'polygon' loaded for trajectory optimization.
[INFO] [1783863405.564067733, 388.830000000]: Footprint model 'polygon' loaded for trajectory optimization.
[INFO] [1783863406.113583603, 389.378000000]: Footprint model 'polygon' loaded for trajectory optimization.
[INFO] [1783863406.719971774, 389.982000000]: Footprint model 'polygon' loaded for trajectory optimization.
[INFO] [1783863407.365443161, 390.630000000]: Footprint model 'polygon' loaded for trajectory optimization.
[INFO] [1783863407.922469766, 391.184000000]: Footprint model 'polygon' loaded for trajectory optimization.
[INFO] [1783863408.571001933, 391.834000000]: Footprint model 'polygon' loaded for trajectory optimization.
[INFO] [1783863409.123109955, 392.382000000]: Footprint model 'polygon' loaded for trajectory optimization.
[INFO] [1783863409.779204089, 393.038000000]: Footprint model 'polygon' loaded for trajectory optimization.
[INFO] [1783863410.322507451, 393.582000000]: Footprint model 'polygon' loaded for trajectory optimization.
[INFO] [1783863410.975333342, 394.234000000]: Footprint model 'polygon' loaded for trajectory optimization.
[INFO] [1783863411.526704008, 394.782000000]: Footprint model 'polygon' loaded for trajectory optimization.
[INFO] [1783863412.125115985, 395.384000000]: Footprint model 'polygon' loaded for trajectory optimization.
[INFO] [1783863412.725998814, 395.980000000]: Footprint model 'polygon' loaded for trajectory optimization.
[INFO] [1783863413.210283879, 396.466000000]: TebLocalPlannerROS: oscillation recovery disabled/expired.
[INFO] [1783863413.374352971, 396.630000000]: Footprint model 'polygon' loaded for trajectory optimization.
[INFO] [1783863413.977064410, 397.230000000]: Footprint model 'polygon' loaded for trajectory optimization.
[INFO] [1783863414.572558537, 397.826000000]: Footprint model 'polygon' loaded for trajectory optimization.
[INFO] [1783863416.017224443, 399.266000000]: GOAL Reached!
[INFO] [1783863416.144630018, 399.394000000]: Footprint model 'polygon' loaded for trajectory optimization.
[INFO] [1783863417.033875728, 400.282000000]: Footprint model 'polygon' loaded for trajectory optimization.
[INFO] [1783863417.584409032, 400.832000000]: Footprint model 'polygon' loaded for trajectory optimization.
[INFO] [1783863418.230365992, 401.476000000]: Footprint model 'polygon' loaded for trajectory optimization.
[INFO] [1783863418.789993814, 402.034000000]: Footprint model 'polygon' loaded for trajectory optimization.
[INFO] [1783863419.433030875, 402.678000000]: Footprint model 'polygon' loaded for trajectory optimization.
[INFO] [1783863419.986025078, 403.230000000]: Footprint model 'polygon' loaded for trajectory optimization.
[INFO] [1783863420.636103723, 403.878000000]: Footprint model 'polygon' loaded for trajectory optimization.
[INFO] [1783863421.233249336, 404.474000000]: Footprint model 'polygon' loaded for trajectory optimization.
[INFO] [1783863421.787368041, 405.026000000]: Footprint model 'polygon' loaded for trajectory optimization.
[INFO] [1783863422.383338787, 405.622000000]: Footprint model 'polygon' loaded for trajectory optimization.
[INFO] [1783863424.476791045, 407.712000000]: GOAL Reached!
[INFO] [1783863424.615186685, 407.850000000]: Footprint model 'polygon' loaded for trajectory optimization.
[INFO] [1783863425.506277463, 408.742000000]: Footprint model 'polygon' loaded for trajectory optimization.
[INFO] [1783863426.142719539, 409.378000000]: Footprint model 'polygon' loaded for trajectory optimization.
[INFO] [1783863426.750380614, 409.982000000]: Footprint model 'polygon' loaded for trajectory optimization.
[INFO] [1783863427.364149134, 410.596000000]: Footprint model 'polygon' loaded for trajectory optimization.
[INFO] [1783863427.991993579, 411.222000000]: Footprint model 'polygon' loaded for trajectory optimization.
[INFO] [1783863428.545947771, 411.774000000]: Footprint model 'polygon' loaded for trajectory optimization.
[INFO] [1783863429.193859083, 412.424000000]: Footprint model 'polygon' loaded for trajectory optimization.
[INFO] [1783863429.742498666, 412.970000000]: Footprint model 'polygon' loaded for trajectory optimization.
[INFO] [1783863431.531918749, 414.756000000]: GOAL Reached!
[INFO] [1783863431.685326958, 414.910000000]: Footprint model 'polygon' loaded for trajectory optimization.
[INFO] [1783863432.558693683, 415.784000000]: Footprint model 'polygon' loaded for trajectory optimization.
[INFO] [1783863432.888147414, 416.110000000]: TebLocalPlannerROS: oscillation recovery disabled/expired.
[INFO] [1783863433.107050508, 416.328000000]: Footprint model 'polygon' loaded for trajectory optimization.
[INFO] [1783863433.705619040, 416.928000000]: Footprint model 'polygon' loaded for trajectory optimization.
[INFO] [1783863434.351121014, 417.572000000]: Footprint model 'polygon' loaded for trajectory optimization.
[INFO] [1783863434.902014867, 418.122000000]: Footprint model 'polygon' loaded for trajectory optimization.
[INFO] [1783863435.556002052, 418.774000000]: Footprint model 'polygon' loaded for trajectory optimization.
[INFO] [1783863436.149691027, 419.370000000]: Footprint model 'polygon' loaded for trajectory optimization.
[INFO] [1783863436.709478508, 419.924000000]: Footprint model 'polygon' loaded for trajectory optimization.
[INFO] [1783863438.297655454, 421.510000000]: GOAL Reached!
[INFO] [1783863438.426122554, 421.638000000]: Footprint model 'polygon' loaded for trajectory optimization.
[INFO] [1783863439.289794116, 422.500000000]: Footprint model 'polygon' loaded for trajectory optimization.
[INFO] [1783863439.879133381, 423.090000000]: Footprint model 'polygon' loaded for trajectory optimization.
[INFO] [1783863440.435454768, 423.646000000]: Footprint model 'polygon' loaded for trajectory optimization.
[INFO] [1783863441.035307500, 424.244000000]: Footprint model 'polygon' loaded for trajectory optimization.
[INFO] [1783863441.638499307, 424.846000000]: Footprint model 'polygon' loaded for trajectory optimization.
[INFO] [1783863442.238091639, 425.444000000]: Footprint model 'polygon' loaded for trajectory optimization.
[INFO] [1783863442.837468174, 426.044000000]: Footprint model 'polygon' loaded for trajectory optimization.
[INFO] [1783863443.435594299, 426.640000000]: Footprint model 'polygon' loaded for trajectory optimization.
[INFO] [1783863444.083526205, 427.288000000]: Footprint model 'polygon' loaded for trajectory optimization.
[INFO] [1783863446.028150594, 429.228000000]: GOAL Reached!
[INFO] [1783863446.175589954, 429.374000000]: Footprint model 'polygon' loaded for trajectory optimization.
[INFO] [1783863447.066468839, 430.264000000]: Footprint model 'polygon' loaded for trajectory optimization.
[INFO] [1783863447.702708033, 430.900000000]: Footprint model 'polygon' loaded for trajectory optimization.
[INFO] [1783863448.350597146, 431.550000000]: Footprint model 'polygon' loaded for trajectory optimization.
[INFO] [1783863448.949577758, 432.146000000]: Footprint model 'polygon' loaded for trajectory optimization.
[INFO] [1783863449.500493927, 432.696000000]: Footprint model 'polygon' loaded for trajectory optimization.
[INFO] [1783863450.100038212, 433.294000000]: Footprint model 'polygon' loaded for trajectory optimization.
[INFO] [1783863450.696754967, 433.892000000]: Footprint model 'polygon' loaded for trajectory optimization.
[INFO] [1783863451.301086567, 434.494000000]: Footprint model 'polygon' loaded for trajectory optimization.
[INFO] [1783863454.956691263, 438.142000000]: Footprint model 'polygon' loaded for trajectory optimization.
[INFO] [1783863455.505211544, 438.69200000[WARN] [1783863459.195493212, 442.376000000]: TebLocalPlannerROS: possible oscillation (of the robot or its local plan) detected. Activating recovery strategy (prefer current turning direction during optimization).
[WARN] [1783863473.117533680, 456.276000000]: TebLocalPlannerROS: possible oscillation (of the robot or its local plan) detected. Activating recovery strategy (prefer current turning direction during optimization).
0]: Footprint model 'polygon' loaded for trajectory optimization.
[INFO] [1783863456.109496378, 439.292000000]: Footprint model 'polygon' loaded for trajectory optimization.
[INFO] [1783863456.757353086, 439.942000000]: Footprint model 'polygon' loaded for trajectory optimization.
[INFO] [1783863457.315662395, 440.498000000]: Footprint model 'polygon' loaded for trajectory optimization.
[INFO] [1783863460.971603159, 444.148000000]: Footprint model 'polygon' loaded for trajectory optimization.
[INFO] [1783863461.576888866, 444.752000000]: Footprint model 'polygon' loaded for trajectory optimization.
[INFO] [1783863462.173158246, 445.346000000]: Footprint model 'polygon' loaded for trajectory optimization.
[INFO] [1783863462.728308879, 445.900000000]: Footprint model 'polygon' loaded for trajectory optimization.
[INFO] [1783863463.331609914, 446.504000000]: Footprint model 'polygon' loaded for trajectory optimization.
[INFO] [1783863463.986716011, 447.160000000]: Footprint model 'polygon' loaded for trajectory optimization.
[INFO] [1783863464.527334798, 447.702000000]: Footprint model 'polygon' loaded for trajectory optimization.
[INFO] [1783863465.137209670, 448.308000000]: Footprint model 'polygon' loaded for trajectory optimization.
[INFO] [1783863465.790200212, 448.958000000]: Footprint model 'polygon' loaded for trajectory optimization.
[INFO] [1783863466.383742609, 449.554000000]: Footprint model 'polygon' loaded for trajectory optimization.
[INFO] [1783863466.988596098, 450.160000000]: Footprint model 'polygon' loaded for trajectory optimization.
[INFO] [1783863467.532788063, 450.704000000]: Footprint model 'polygon' loaded for trajectory optimization.
[INFO] [1783863468.137106590, 451.304000000]: Footprint model 'polygon' loaded for trajectory optimization.
[INFO] [1783863468.789491588, 451.956000000]: Footprint model 'polygon' loaded for trajectory optimization.
[INFO] [1783863469.385737218, 452.550000000]: Footprint model 'polygon' loaded for trajectory optimization.
[INFO] [1783863469.941182942, 453.106000000]: Footprint model 'polygon' loaded for trajectory optimization.
[INFO] [1783863470.112531327, 453.276000000]: TebLocalPlannerROS: oscillation recovery disabled/expired.
[INFO] [1783863470.591017020, 453.754000000]: Footprint model 'polygon' loaded for trajectory optimization.
[INFO] [1783863471.193776493, 454.354000000]: Footprint model 'polygon' loaded for trajectory optimization.
[INFO] [1783863471.784210506, 454.946000000]: Footprint model 'polygon' loaded for trajectory optimization.
[INFO] [1783863472.394379428, 455.554000000]: Footprint model 'polygon' loaded for trajectory optimization.
[INFO] [1783863472.992578256, 456.150000000]: Footprint model 'polygon' loaded for trajectory optimization.
[INFO] [1783863473.541110643, 456.700000000]: Footprint model 'polygon' loaded for trajectory optimization.
[INFO] [1783863474.193109389, 457.350000000]: Footprint model 'polygon' loaded for trajectory optimization.
[INFO] [1783863474.790193243, 457.946000000]: Footprint model 'polygon' loaded for trajectory optimization.
[INFO] [1783863475.393533996, 458.548000000]: Footprint model 'polygon' loaded for trajectory optimization.
[INFO] [1783863475.990148049, 459.142000000]: Footprint model 'polygon' loaded for trajectory optimization.
[INFO] [1783863476.542826385, 459.696000000]: Footprint model 'polygon' loaded for trajectory optimization.
[INFO] [1783863477.190983817, 460.342000000]: Footprint model 'polygon' loaded for trajectory optimization.
[INFO] [1783863477.796382288, 460.946000000]: Footprint model 'polygon' loaded for trajectory optimization.
[INFO] [1783863481.396642843, 464.542000000]: Footprint model 'polygon' loaded for trajectory optimization.
[INFO] [1783863481.953577749, 465.098000000]: Footprint model 'polygon' loaded for trajectory optimization.
[INFO] [1783863482.601388036, 465.744000000]: Footprint model 'polygon' loaded for trajectory optimization.
[INFO] [1783863483.200093474, 466.342000000]: Footprint model 'polygon' loaded for trajectory optimization.
[INFO] [1783863483.758419674, 466.900[WARN] [1783863487.039455064, 470.176000000]: TebLocalPlannerROS: possible oscillation (of the robot or its local plan) detected. Activating recovery strategy (prefer current turning direction during optimization).
000000]: Footprint model 'polygon' loaded for trajectory optimization.
[INFO] [1783863484.035458325, 467.176000000]: TebLocalPlannerROS: oscillation recovery disabled/expired.
[INFO] [1783863484.398043885, 467.540000000]: Footprint model 'polygon' loaded for trajectory optimization.
[INFO] [1783863485.010173858, 468.148000000]: Footprint model 'polygon' loaded for trajectory optimization.
[INFO] [1783863488.564290643, 471.700000000]: Footprint model 'polygon' loaded for trajectory optimization.
[INFO] [1783863489.172725986, 472.306000000]: Footprint model 'polygon' loaded for trajectory optimization.
[INFO] [1783863489.825842798, 472.956000000]: Footprint model 'polygon' loaded for trajectory optimization.
[INFO] [1783863490.428038289, 473.558000000]: Footprint model 'polygon' loaded for trajectory optimization.
[INFO] [1783863491.021181317, 474.152000000]: Footprint model 'polygon' loaded for trajectory optimization.
[INFO] [1783863491.629371762, 474.762000000]: Footprint model 'polygon' loaded for trajectory optimization.
[INFO] [1783863492.231864715, 475.360000000]: Footprint model 'polygon' loaded for trajectory optimization.
[INFO] [1783863492.777266724, 475.906000000]: Footprint model 'polygon' loaded for trajectory optimization.
[INFO] [1783863493.440790419, 476.566000000]: Footprint model 'polygon' loaded for trajectory optimization.
[INFO] [1783863494.028207513, 477.154000000]: Footprint model 'polygon' loaded for trajectory optimization.
[INFO] [1783863494.580462588, 477.706000000]: Footprint model 'polygon' loaded for trajectory optimization.
[INFO] [1783863495.406329628, 478.532000000]: Footprint model 'polygon' loaded for trajectory optimization.
[INFO] [1783863496.274897712, 479.400000000]: Footprint model 'polygon' loaded for trajectory optimization.
[INFO] [1783863496.824673797, 479.946000000]: Footprint model 'polygon' loaded for trajectory optimization.
[INFO] [1783863497.472036206, 480.594000000]: Footprint model 'polygon' loaded for trajectory optimization.
[INFO] [1783863498.008769039, 481.130000000]: TebLocalPlannerROS: oscillation recovery disabled/expired.
[INFO] [1783863498.025359247, 481.146000000]: Footprint model 'polygon' loaded for trajectory optimization.
[INFO] [1783863498.627442344, 481.746000000]: Footprint model 'polygon' loaded for trajectory optimization.
[INFO] [1783863499.275945180, 482.392000000]: Footprint model 'polygon' loaded for trajectory optimization.
[INFO] [1783863499.876275250, 482.992000000]: Footprint model 'polygon' loaded for trajectory optimization.
[INFO] [1783863500.476878252, 483.592000000]: Footprint model 'polygon' loaded for trajectory optimization.
[INFO] [1783863501.028214077, 484.142000000]: Footprint model 'polygon' loaded for trajectory optimization.
[INFO] [1783863502.819699844, 485.930000000]: GOAL Reached!
[INFO] [1783863502.950128136, 486.060000000]: Footprint model 'polygon' loaded for trajectory optimization.
[INFO] [1783863503.831866944, 486.942000000]: Footprint model 'polygon' loaded for trajectory optimization.
[INFO] [1783863504.469322047, 487.578000000]: Footprint model 'polygon' loaded for trajectory optimization.
[INFO] [1783863505.068214677, 488.174000000]: Footprint model 'polygon' loaded for trajectory optimization.
[INFO] [1783863505.671587560, 488.776000000]: Footprint model 'polygon' loaded for trajectory optimization.
[INFO] [1783863506.270130385, 489.374000000]: Footprint model 'polygon' loaded for trajectory optimization.
[INFO] [1783863506.916050468, 490.024000000]: Footprint model 'polygon' loaded for trajectory optimization.
[INFO] [1783863507.522344215, 490.624000000]: Footprint model 'polygon' loaded for trajectory optimization.
[INFO] [1783863508.119273794, 491.224000000]: Footprint model 'polygon' loaded for trajectory optimization.
[INFO] [1783863508.721337127, 491.824000000]: Footprint model 'polygon' loaded for trajectory optimization.
[INFO] [1783863510.362806774, 493.460000000]: GOAL Reached!
[INFO] [1783863510.502790273, 493.600000000]: Footprint model 'polygon' loaded for trajectory optimization.
[INFO] [1783863511.3833[WARN] [1783863523.925365633, 507.002000000]: TebLocalPlannerROS: possible oscillation (of the robot or its local plan) detected. Activating recovery strategy (prefer current turning direction during optimization).
[WARN] [1783863538.948541265, 522.002000000]: TebLocalPlannerROS: possible oscillation (of the robot or its local plan) detected. Activating recovery strategy (prefer current turning direction during optimization).
25720, 494.480000000]: Footprint model 'polygon' loaded for trajectory optimization.
[INFO] [1783863511.980577877, 495.078000000]: Footprint model 'polygon' loaded for trajectory optimization.
[INFO] [1783863512.577990492, 495.674000000]: Footprint model 'polygon' loaded for trajectory optimization.
[INFO] [1783863513.181165775, 496.278000000]: Footprint model 'polygon' loaded for trajectory optimization.
[INFO] [1783863513.748252389, 496.840000000]: Footprint model 'polygon' loaded for trajectory optimization.
[INFO] [1783863514.329296937, 497.422000000]: Footprint model 'polygon' loaded for trajectory optimization.
[INFO] [1783863514.932364427, 498.022000000]: Footprint model 'polygon' loaded for trajectory optimization.
[INFO] [1783863515.585616034, 498.674000000]: Footprint model 'polygon' loaded for trajectory optimization.
[INFO] [1783863519.199382218, 502.284000000]: Footprint model 'polygon' loaded for trajectory optimization.
[INFO] [1783863519.785251053, 502.868000000]: Footprint model 'polygon' loaded for trajectory optimization.
[INFO] [1783863520.338962291, 503.420000000]: Footprint model 'polygon' loaded for trajectory optimization.
[INFO] [1783863520.991780864, 504.072000000]: Footprint model 'polygon' loaded for trajectory optimization.
[INFO] [1783863521.543702590, 504.624000000]: Footprint model 'polygon' loaded for trajectory optimization.
[INFO] [1783863522.147666467, 505.226000000]: Footprint model 'polygon' loaded for trajectory optimization.
[INFO] [1783863525.806396938, 508.878000000]: Footprint model 'polygon' loaded for trajectory optimization.
[INFO] [1783863526.420793960, 509.492000000]: Footprint model 'polygon' loaded for trajectory optimization.
[INFO] [1783863527.012943953, 510.082000000]: Footprint model 'polygon' loaded for trajectory optimization.
[INFO] [1783863527.568018729, 510.638000000]: Footprint model 'polygon' loaded for trajectory optimization.
[INFO] [1783863528.163573579, 511.232000000]: Footprint model 'polygon' loaded for trajectory optimization.
[INFO] [1783863528.824462059, 511.890000000]: Footprint model 'polygon' loaded for trajectory optimization.
[INFO] [1783863529.373747800, 512.440000000]: Footprint model 'polygon' loaded for trajectory optimization.
[INFO] [1783863529.974294308, 513.038000000]: Footprint model 'polygon' loaded for trajectory optimization.
[INFO] [1783863530.626235977, 513.692000000]: Footprint model 'polygon' loaded for trajectory optimization.
[INFO] [1783863531.167811272, 514.232000000]: Footprint model 'polygon' loaded for trajectory optimization.
[INFO] [1783863531.831399203, 514.894000000]: Footprint model 'polygon' loaded for trajectory optimization.
[INFO] [1783863532.420327990, 515.482000000]: Footprint model 'polygon' loaded for trajectory optimization.
[INFO] [1783863532.972447977, 516.032000000]: Footprint model 'polygon' loaded for trajectory optimization.
[INFO] [1783863533.568139749, 516.630000000]: Footprint model 'polygon' loaded for trajectory optimization.
[INFO] [1783863534.220175920, 517.280000000]: Footprint model 'polygon' loaded for trajectory optimization.
[INFO] [1783863534.814128040, 517.872000000]: Footprint model 'polygon' loaded for trajectory optimization.
[INFO] [1783863534.843834386, 517.902000000]: TebLocalPlannerROS: oscillation recovery disabled/expired.
[INFO] [1783863535.369370942, 518.428000000]: Footprint model 'polygon' loaded for trajectory optimization.
[INFO] [1783863535.973782022, 519.032000000]: Footprint model 'polygon' loaded for trajectory optimization.
[INFO] [1783863536.624199931, 519.682000000]: Footprint model 'polygon' loaded for trajectory optimization.
[INFO] [1783863537.225148834, 520.282000000]: Footprint model 'polygon' loaded for trajectory optimization.
[INFO] [1783863537.776027944, 520.830000000]: Footprint model 'polygon' loaded for trajectory optimization.
[INFO] [1783863538.430749456, 521.484000000]: Footprint model 'polygon' loaded for trajectory optimization.
[INFO] [1783863539.020844757, 522.072000000]: Footprint model 'polygon' loaded for trajectory optimization.
[INFO] [1783863539[WARN] [1783863554.872797164, 537.902000000]: TebLocalPlannerROS: possible oscillation (of the robot or its local plan) detected. Activating recovery strategy (prefer current turning direction during optimization).
.621432920, 522.672000000]: Footprint model 'polygon' loaded for trajectory optimization.
[INFO] [1783863540.172273453, 523.224000000]: Footprint model 'polygon' loaded for trajectory optimization.
[INFO] [1783863540.825669083, 523.878000000]: Footprint model 'polygon' loaded for trajectory optimization.
[INFO] [1783863541.372161984, 524.422000000]: Footprint model 'polygon' loaded for trajectory optimization.
[INFO] [1783863542.024295758, 525.074000000]: Footprint model 'polygon' loaded for trajectory optimization.
[INFO] [1783863542.627563137, 525.676000000]: Footprint model 'polygon' loaded for trajectory optimization.
[INFO] [1783863543.230842093, 526.278000000]: Footprint model 'polygon' loaded for trajectory optimization.
[INFO] [1783863543.824459860, 526.870000000]: Footprint model 'polygon' loaded for trajectory optimization.
[INFO] [1783863547.442825067, 530.482000000]: Footprint model 'polygon' loaded for trajectory optimization.
[INFO] [1783863548.029199550, 531.070000000]: Footprint model 'polygon' loaded for trajectory optimization.
[INFO] [1783863548.584233647, 531.624000000]: Footprint model 'polygon' loaded for trajectory optimization.
[INFO] [1783863549.233185861, 532.272000000]: Footprint model 'polygon' loaded for trajectory optimization.
[INFO] [1783863549.831713420, 532.868000000]: Footprint model 'polygon' loaded for trajectory optimization.
[INFO] [1783863549.865441499, 532.902000000]: TebLocalPlannerROS: oscillation recovery disabled/expired.
[INFO] [1783863550.432247986, 533.468000000]: Footprint model 'polygon' loaded for trajectory optimization.
[INFO] [1783863551.037208532, 534.072000000]: Footprint model 'polygon' loaded for trajectory optimization.
[INFO] [1783863551.632364142, 534.664000000]: Footprint model 'polygon' loaded for trajectory optimization.
[INFO] [1783863552.185134180, 535.220000000]: Footprint model 'polygon' loaded for trajectory optimization.
[INFO] [1783863552.847424159, 535.878000000]: Footprint model 'polygon' loaded for trajectory optimization.
[INFO] [1783863553.392388225, 536.422000000]: Footprint model 'polygon' loaded for trajectory optimization.
[INFO] [1783863553.991201543, 537.022000000]: Footprint model 'polygon' loaded for trajectory optimization.
[INFO] [1783863557.655732649, 540.678000000]: Footprint model 'polygon' loaded for trajectory optimization.
[INFO] [1783863558.268368147, 541.290000000]: Footprint model 'polygon' loaded for trajectory optimization.
[INFO] [1783863558.857363508, 541.880000000]: Footprint model 'polygon' loaded for trajectory optimization.
[INFO] [1783863559.635155698, 542.656000000]: Footprint model 'polygon' loaded for trajectory optimization.
[INFO] [1783863560.497222435, 543.516000000]: Footprint model 'polygon' loaded for trajectory optimization.
[INFO] [1783863561.103408764, 544.122000000]: Footprint model 'polygon' loaded for trajectory optimization.
[INFO] [1783863561.704312696, 544.720000000]: Footprint model 'polygon' loaded for trajectory optimization.
[INFO] [1783863562.257607193, 545.276000000]: Footprint model 'polygon' loaded for trajectory optimization.
[INFO] [1783863562.858422225, 545.872000000]: Footprint model 'polygon' loaded for trajectory optimization.
[INFO] [1783863563.506799746, 546.520000000]: Footprint model 'polygon' loaded for trajectory optimization.
[INFO] [1783863564.109485537, 547.122000000]: Footprint model 'polygon' loaded for trajectory optimization.
[INFO] [1783863564.665590569, 547.676000000]: Footprint model 'polygon' loaded for trajectory optimization.
[INFO] [1783863565.260266563, 548.272000000]: Footprint model 'polygon' loaded for trajectory optimization.
[INFO] [1783863565.910995415, 548.922000000]: Footprint model 'polygon' loaded for trajectory optimization.
[INFO] [1783863566.511592419, 549.522000000]: Footprint model 'polygon' loaded for trajectory optimization.
[INFO] [1783863567.113788199, 550.122000000]: Footprint model 'polygon' loaded for trajectory optimization.
[INFO] [1783863567.670255437, 550.676000000]: Footprint model 'polygon' loaded for trajectory optimization.
[INFO] [1783863568.313514324, 551.320000000]: Footprint model 'polygon' loaded for trajectory optimization.
[INFO] [1783863568.866385173, 551.872000000]: Footprint model 'polygon' loaded for trajectory optimization.
[INFO] [1783863569.462704079, 552.468000000]: Footprint model 'polygon' loaded for trajectory optimization.
[INFO] [1783863570.114675004, 553.120000000]: Footprint model 'polygon' loaded for trajectory optimization.
[INFO] [1783863570.664078165, 553.668000000]: Footprint model 'polygon' loaded for trajectory optimization.
[INFO] [1783863571.323961606, 554.324000000]: Footprint model 'polygon' loaded for trajectory optimization.
[INFO] [1783863573.059031694, 556.058000000]: GOAL Reached!
[INFO] [1783863573.206712489, 556.204000000]: Footprint model 'polygon' loaded for trajectory optimization.
[INFO] [1783863574.083110450, 557.080000000]: Footprint model 'polygon' loaded for trajectory optimization.
[INFO] [1783863574.623339984, 557.622000000]: Footprint model 'polygon' loaded for trajectory optimization.
[INFO] [1783863575.227570571, 558.222000000]: Footprint model 'polygon' loaded for trajectory optimization.
[INFO] [1783863575.511862150, 558.506000000]: TebLocalPlannerROS: oscillation recovery disabled/expired.
[INFO] [1783863575.830156260, 558.824000000]: Footprint model 'polygon' loaded for trajectory optimization.
[INFO] [1783863576.434170055, 559.426000000]: Footprint model 'polygon' loaded for trajectory optimization.
[INFO] [1783863577.030306973, 560.022000000]: Footprint model 'polygon' loaded for trajectory optimization.
[INFO] [1783863577.677899378, 560.668000000]: Footprint model 'polygon' loaded for trajectory optimization.
[INFO] [1783863578.278059635, 561.266000000]: Footprint model 'polygon' loaded for trajectory optimization.
[INFO] [1783863578.876216458, 561.864000000]: Footprint model 'polygon' loaded for trajectory optimization.
[INFO] [1783863580.421180487, 563.406000000]: GOAL Reached!
[INFO] [1783863580.552107152, 563.538000000]: Footprint model 'polygon' loaded for trajectory optimization.
[INFO] [1783863581.435006560, 564.420000000]: Footprint model 'polygon' loaded for trajectory optimization.
[INFO] [1783863581.984745443, 564.968000000]: Footprint model 'polygon' loaded for trajectory optimization.
[INFO] [1783863582.589558518, 565.572000000]: Footprint model 'polygon' loaded for trajectory optimization.
[INFO] [1783863583.243992143, 566.228000000]: Footprint model 'polygon' loaded for trajectory optimization.
[INFO] [1783863583.834303429, 566.816000000]: Footprint model 'polygon' loaded for trajectory optimization.
[INFO] [1783863584.393958355, 567.372000000]: Footprint model 'polygon' loaded for trajectory optimization.
[INFO] [1783863585.046990615, 568.026000000]: Footprint model 'polygon' loaded for trajectory optimization.
[INFO] [1783863585.642140772, 568.620000000]: Footprint model 'polygon' loaded for trajectory optimization.
[INFO] [1783863586.246080755, 569.224000000]: Footprint model 'polygon' loaded for trajectory optimization.
[INFO] [1783863589.843704718, 572.814000000]: Footprint model 'polygon' loaded for trajectory optimization.
[INFO] [1783863590.438330260, 573.408000000]: Footprint model 'polygon' loaded for trajectory optimization.
[INFO] [1783863590.998661229, 573.968000000]: Footprint model 'polygon' loaded for trajectory optimization.
[INFO] [1783863591.645183251, 574.612000000]: Footprint model 'polygon' loaded for trajectory optimization.
[INFO] [1783863592.199480136, 575.166000000]: Footprint model 'polygon' loaded for trajectory optimization.
[INFO] [1783863592.847465324, 575.814000000]: Footprint model 'polygon' loaded for trajectory optimization.
[INFO] [1783863593.445071387, 576.412000000]: Footprint model 'polygon' loaded for trajectory optimization.
[INFO] [1783863593.999275101, 576.964000000]: Footprint model 'polygon' loaded for trajectory optimization.
[INFO] [1783863594.652952778, 577.616000000]: Footprint model 'polygon' loaded for trajectory optimization.
[INFO] [1783863595.254475269, 578.216000000]: Footprint model 'polygon' loaded for trajectory optimizati[WARN] [1783863598.187223896, 581.144000000]: TebLocalPlannerROS: possible oscillation (of the robot or its local plan) detected. Activating recovery strategy (prefer current turning direction during optimization).
[ERROR] [1783863610.207147618, 593.144000000]: Aborting because the robot appears to be oscillating over and over. Even after executing all recovery behaviors
[WARN] [1783863610.553333651, 593.490000000]: The origin for the sensor at (7.25, 0.01) is out of map bounds. So, the costmap cannot raytrace for it.
on.
[INFO] [1783863595.847329800, 578.808000000]: Footprint model 'polygon' loaded for trajectory optimization.
[INFO] [1783863596.454377061, 579.414000000]: Footprint model 'polygon' loaded for trajectory optimization.
[INFO] [1783863596.999615724, 579.958000000]: Footprint model 'polygon' loaded for trajectory optimization.
[INFO] [1783863597.655325110, 580.614000000]: Footprint model 'polygon' loaded for trajectory optimization.
[INFO] [1783863598.255912281, 581.212000000]: Footprint model 'polygon' loaded for trajectory optimization.
[INFO] [1783863598.856591743, 581.812000000]: Footprint model 'polygon' loaded for trajectory optimization.
[INFO] [1783863599.461676494, 582.416000000]: Footprint model 'polygon' loaded for trajectory optimization.
[INFO] [1783863600.061573298, 583.016000000]: Footprint model 'polygon' loaded for trajectory optimization.
[INFO] [1783863600.658999805, 583.610000000]: Footprint model 'polygon' loaded for trajectory optimization.
[INFO] [1783863601.214015293, 584.168000000]: Footprint model 'polygon' loaded for trajectory optimization.
[INFO] [1783863601.812727883, 584.764000000]: Footprint model 'polygon' loaded for trajectory optimization.
[INFO] [1783863602.416103288, 585.366000000]: Footprint model 'polygon' loaded for trajectory optimization.
[INFO] [1783863603.065987869, 586.018000000]: Footprint model 'polygon' loaded for trajectory optimization.
[INFO] [1783863603.658218458, 586.608000000]: Footprint model 'polygon' loaded for trajectory optimization.
[INFO] [1783863604.216406098, 587.164000000]: Footprint model 'polygon' loaded for trajectory optimization.
[INFO] [1783863604.868269821, 587.814000000]: Footprint model 'polygon' loaded for trajectory optimization.
[INFO] [1783863605.472316401, 588.416000000]: Footprint model 'polygon' loaded for trajectory optimization.
[INFO] [1783863606.060172731, 589.006000000]: Footprint model 'polygon' loaded for trajectory optimization.
[INFO] [1783863606.623582762, 589.566000000]: Footprint model 'polygon' loaded for trajectory optimization.
[INFO] [1783863607.274307573, 590.218000000]: Footprint model 'polygon' loaded for trajectory optimization.
[INFO] [1783863607.974110179, 590.918000000]: Footprint model 'polygon' loaded for trajectory optimization.
[INFO] [1783863608.522242159, 591.460000000]: Footprint model 'polygon' loaded for trajectory optimization.
[INFO] [1783863609.130072768, 592.068000000]: Footprint model 'polygon' loaded for trajectory optimization.
[INFO] [1783863609.785518153, 592.722000000]: Footprint model 'polygon' loaded for trajectory optimization.
[INFO] [1783863610.483496107, 593.420000000]: Footprint model 'polygon' loaded for trajectory optimization.
[INFO] [1783863611.369655372, 594.304000000]: Footprint model 'polygon' loaded for trajectory optimization.
[INFO] [1783863611.953434728, 594.888000000]: Footprint model 'polygon' loaded for trajectory optimization.
[INFO] [1783863612.559171838, 595.492000000]: Footprint model 'polygon' loaded for trajectory optimization.
[INFO] [1783863613.114211511, 596.044000000]: Footprint model 'polygon' loaded for trajectory optimization.
[INFO] [1783863613.709595398, 596.640000000]: Footprint model 'polygon' loaded for trajectory optimization.
[INFO] [1783863614.356293198, 597.286000000]: Footprint model 'polygon' loaded for trajectory optimization.
[INFO] [1783863614.911880385, 597.842000000]: Footprint model 'polygon' loaded for trajectory optimization.
[INFO] [1783863615.513649616, 598.440000000]: Footprint model 'polygon' loaded for trajectory optimization.
[INFO] [1783863616.112579691, 599.038000000]: Footprint model 'polygon' loaded for trajectory optimization.
[INFO] [1783863616.765139148, 599.690000000]: Footprint model 'polygon' loaded for trajectory optimization.
[INFO] [1783863617.362495463, 600.286000000]: Footprint model 'polygon' loaded for trajectory optimization.
[INFO] [1783863617.914397535, 600.840000000]: Footprint model 'polygon' loaded for trajectory optimization.
[INFO] [1783863618.563175036, 601.488000000]: Footprint model 'polygon' loaded for trajectory op[ERROR] [1783863628.187867245, 611.092000000]: TebOptimalPlanner::getVelocityCommand() - timediff<=0 is invalid!
[WARN] [1783863628.187965978, 611.092000000]: TebLocalPlannerROS: velocity command invalid. Resetting planner...
timization.
[INFO] [1783863621.609801927, 604.526000000]: GOAL Reached!
[INFO] [1783863621.774583216, 604.692000000]: Footprint model 'polygon' loaded for trajectory optimization.
[INFO] [1783863622.645135528, 605.560000000]: Footprint model 'polygon' loaded for trajectory optimization.
[INFO] [1783863622.877199847, 605.792000000]: TebLocalPlannerROS: oscillation recovery disabled/expired.
[INFO] [1783863623.195598526, 606.110000000]: Footprint model 'polygon' loaded for trajectory optimization.
[INFO] [1783863623.842303528, 606.756000000]: Footprint model 'polygon' loaded for trajectory optimization.
[INFO] [1783863624.445678923, 607.356000000]: Footprint model 'polygon' loaded for trajectory optimization.
[INFO] [1783863625.011738242, 607.922000000]: Footprint model 'polygon' loaded for trajectory optimization.
[INFO] [1783863625.647434766, 608.558000000]: Footprint model 'polygon' loaded for trajectory optimization.
[INFO] [1783863626.249075672, 609.158000000]: Footprint model 'polygon' loaded for trajectory optimization.
[INFO] [1783863626.798124902, 609.706000000]: Footprint model 'polygon' loaded for trajectory optimization.
[INFO] [1783863627.397439054, 610.304000000]: Footprint model 'polygon' loaded for trajectory optimization.
[INFO] [1783863629.987488813, 612.892000000]: GOAL Reached!
[INFO] [1783863630.134894032, 613.040000000]: Footprint model 'polygon' loaded for trajectory optimization.
[INFO] [1783863631.027059363, 613.928000000]: Footprint model 'polygon' loaded for trajectory optimization.
[INFO] [1783863631.568863488, 614.470000000]: Footprint model 'polygon' loaded for trajectory optimization.
[INFO] [1783863632.172690604, 615.072000000]: Footprint model 'polygon' loaded for trajectory optimization.
[INFO] [1783863632.768056055, 615.668000000]: Footprint model 'polygon' loaded for trajectory optimization.
[INFO] [1783863633.418284246, 616.314000000]: Footprint model 'polygon' loaded for trajectory optimization.
[INFO] [1783863633.971243678, 616.870000000]: Footprint model 'polygon' loaded for trajectory optimization.
[INFO] [1783863634.624363528, 617.518000000]: Footprint model 'polygon' loaded for trajectory optimization.
[INFO] [1783863635.222603048, 618.118000000]: Footprint model 'polygon' loaded for trajectory optimization.
[INFO] [1783863638.361568948, 621.250000000]: GOAL Reached!
[INFO] [1783863638.519103545, 621.408000000]: Footprint model 'polygon' loaded for trajectory optimization.
[INFO] [1783863639.372172983, 622.260000000]: Footprint model 'polygon' loaded for trajectory optimization.
[INFO] [1783863639.980343163, 622.866000000]: Footprint model 'polygon' loaded for trajectory optimization.
[INFO] [1783863640.579341135, 623.464000000]: Footprint model 'polygon' loaded for trajectory optimization.
[INFO] [1783863641.129990074, 624.016000000]: Footprint model 'polygon' loaded for trajectory optimization.
[INFO] [1783863641.732053930, 624.614000000]: Footprint model 'polygon' loaded for trajectory optimization.
[INFO] [1783863642.329549161, 625.214000000]: Footprint model 'polygon' loaded for trajectory optimization.
[INFO] [1783863642.977222187, 625.860000000]: Footprint model 'polygon' loaded for trajectory optimization.
[INFO] [1783863643.580221467, 626.460000000]: Footprint model 'polygon' loaded for trajectory optimization.
[INFO] [1783863645.122599212, 628.000000000]: GOAL Reached!
[INFO] [1783863645.270287739, 628.146000000]: Footprint model 'polygon' loaded for trajectory optimization.
[INFO] [1783863646.143958499, 629.020000000]: Footprint model 'polygon' loaded for trajectory optimization.
[INFO] [1783863646.737493763, 629.612000000]: Footprint model 'polygon' loaded for trajectory optimization.
[INFO] [1783863647.285187729, 630.162000000]: Footprint model 'polygon' loaded for trajectory optimization.
[INFO] [1783863647.890587755, 630.764000000]: Footprint model 'polygon' loaded for trajectory optimization.
[INFO] [1783863648.489711164, 631.362000000]: Footprint model 'polygon' loaded for trajectory optimization.
[INFO] [1783863649.139769536, 632.010000000]: Footprint model 'polygon' loaded for trajectory optimization.
[INFO] [1783863649.737565196, 632.608000000]: Footprint model 'polygon' loaded for trajectory optimization.
[INFO] [1783863650.340117697, 633.210000000]: Footprint model 'polygon' loaded for trajectory optimization.
[INFO] [1783863650.890582255, 633.758000000]: Footprint model 'polygon' loaded for trajectory optimization.
[INFO] [1783863652.576521347, 635.446000000]: GOAL Reached!
[INFO] [1783863652.722666353, 635.590000000]: Footprint model 'polygon' loaded for trajectory optimization.
[INFO] [1783863653.596338947, 636.460000000]: Footprint model 'polygon' loaded for trajectory optimization.
[INFO] [1783863654.207364935, 637.070000000]: Footprint model 'polygon' loaded for trajectory optimization.
[INFO] [1783863654.796210436, 637.660000000]: Footprint model 'polygon' loaded for trajectory optimization.
[INFO] [1783863655.356021407, 638.218000000]: Footprint model 'polygon' loaded for trajectory optimization.
[INFO] [1783863655.953117800, 638.816000000]: Footprint model 'polygon' loaded for trajectory optimization.
[INFO] [1783863656.554757242, 639.414000000]: Footprint model 'polygon' loaded for trajectory optimization.
[INFO] [1783863657.152796182, 640.012000000]: Footprint model 'polygon' loaded for trajectory optimization.
[INFO] [1783863657.802542866, 640.660000000]: Footprint model 'polygon' loaded for trajectory optimization.
[INFO] [1783863659.138893406, 641.996000000]: GOAL Reached!
[INFO] [1783863659.297769980, 642.154000000]: Footprint model 'polygon' loaded for trajectory optimization.
[INFO] [1783863660.183636980, 643.038000000]: Footprint model 'polygon' loaded for trajectory optimization.
[INFO] [1783863660.726748015, 643.580000000]: Footprint model 'polygon' loaded for trajectory optimization.
[INFO] [1783863661.371561135, 644.224000000]: Footprint model 'polygon' loaded for trajectory optimization.
[INFO] [1783863661.979179697, 644.830000000]: Footprint model 'polygon' loaded for trajectory optimization.
[INFO] [1783863662.576576863, 645.426000000]: Footprint model 'polygon' loaded for trajectory optimization.
[INFO] [1783863663.175622189, 646.024000000]: Footprint model 'polygon' loaded for trajectory optimization.
[INFO] [1783863663.723426243, 646.572000000]: Footprint model 'polygon' loaded for trajectory optimization.
[INFO] [1783863664.373368661, 647.222000000]: Footprint model 'polygon' loaded for trajectory optimization.
[INFO] [1783863665.918063288, 648.762000000]: GOAL Reached!
[INFO] [1783863666.051361027, 648.896000000]: Footprint model 'polygon' loaded for trajectory optimization.
[INFO] [1783863666.918283894, 649.762000000]: Footprint model 'polygon' loaded for trajectory optimization.
[INFO] [1783863667.505493852, 650.348000000]: Footprint model 'polygon' loaded for trajectory optimization.
[INFO] [1783863668.060278560, 650.904000000]: Footprint model 'polygon' loaded for trajectory optimization.
[INFO] [1783863668.662290256, 651.502000000]: Footprint model 'polygon' loaded for trajectory optimization.
[INFO] [1783863669.307759074, 652.150000000]: Footprint model 'polygon' loaded for trajectory optimization.
[INFO] [1783863669.912191440, 652.750000000]: Footprint model 'polygon' loaded for trajectory optimization.
[INFO] [1783863670.509524994, 653.348000000]: Footprint model 'polygon' loaded for trajectory optimization.
[INFO] [1783863671.113248260, 653.948000000]: Footprint model 'polygon' loaded for trajectory optimization.
[INFO] [1783863671.665408668, 654.500000000]: Footprint model 'polygon' loaded for trajectory optimization.
[INFO] [1783863673.655513256, 656.486000000]: GOAL Reached!
[INFO] [1783863673.801725895, 656.634000000]: Footprint model 'polygon' loaded for trajectory optimization.
[INFO] [1783863674.692089848, 657.520000000]: Footprint model 'polygon' loaded for trajectory optimization.
[INFO] [1783863675.332987529, 658.162000000]: Footprint model 'polygon' loaded for trajectory optimization.
[INFO] [1783863675.937034120, 658.764000000]: Footprint model 'polygon' loaded for trajectory optimization.
[INFO] [1783863676.533130981, 659.3[WARN] [1783863686.629702403, 669.440000000]: TebLocalPlannerROS: possible oscillation (of the robot or its local plan) detected. Activating recovery strategy (prefer current turning direction during optimization).
[WARN] [1783863700.848434927, 683.640000000]: TebLocalPlannerROS: possible oscillation (of the robot or its local plan) detected. Activating recovery strategy (prefer current turning direction during optimization).
60000000]: Footprint model 'polygon' loaded for trajectory optimization.
[INFO] [1783863677.184120503, 660.008000000]: Footprint model 'polygon' loaded for trajectory optimization.
[INFO] [1783863677.730233606, 660.558000000]: Footprint model 'polygon' loaded for trajectory optimization.
[INFO] [1783863678.379669790, 661.204000000]: Footprint model 'polygon' loaded for trajectory optimization.
[INFO] [1783863681.942724369, 664.760000000]: Footprint model 'polygon' loaded for trajectory optimization.
[INFO] [1783863682.588930503, 665.406000000]: Footprint model 'polygon' loaded for trajectory optimization.
[INFO] [1783863683.194283993, 666.010000000]: Footprint model 'polygon' loaded for trajectory optimization.
[INFO] [1783863683.745594578, 666.562000000]: Footprint model 'polygon' loaded for trajectory optimization.
[INFO] [1783863684.390813831, 667.206000000]: Footprint model 'polygon' loaded for trajectory optimization.
[INFO] [1783863684.948057778, 667.760000000]: Footprint model 'polygon' loaded for trajectory optimization.
[INFO] [1783863688.601473250, 671.410000000]: Footprint model 'polygon' loaded for trajectory optimization.
[INFO] [1783863689.217469028, 672.024000000]: Footprint model 'polygon' loaded for trajectory optimization.
[INFO] [1783863689.811587159, 672.618000000]: Footprint model 'polygon' loaded for trajectory optimization.
[INFO] [1783863690.354615707, 673.162000000]: Footprint model 'polygon' loaded for trajectory optimization.
[INFO] [1783863691.022252569, 673.826000000]: Footprint model 'polygon' loaded for trajectory optimization.
[INFO] [1783863691.615003183, 674.418000000]: Footprint model 'polygon' loaded for trajectory optimization.
[INFO] [1783863692.164116352, 674.966000000]: Footprint model 'polygon' loaded for trajectory optimization.
[INFO] [1783863692.773875933, 675.574000000]: Footprint model 'polygon' loaded for trajectory optimization.
[INFO] [1783863693.427471154, 676.228000000]: Footprint model 'polygon' loaded for trajectory optimization.
[INFO] [1783863694.021349826, 676.820000000]: Footprint model 'polygon' loaded for trajectory optimization.
[INFO] [1783863694.569857354, 677.368000000]: Footprint model 'polygon' loaded for trajectory optimization.
[INFO] [1783863695.223653624, 678.022000000]: Footprint model 'polygon' loaded for trajectory optimization.
[INFO] [1783863695.814025383, 678.612000000]: Footprint model 'polygon' loaded for trajectory optimization.
[INFO] [1783863696.371963973, 679.170000000]: Footprint model 'polygon' loaded for trajectory optimization.
[INFO] [1783863696.974002231, 679.768000000]: Footprint model 'polygon' loaded for trajectory optimization.
[INFO] [1783863697.545549018, 680.340000000]: TebLocalPlannerROS: oscillation recovery disabled/expired.
[INFO] [1783863697.571061392, 680.366000000]: Footprint model 'polygon' loaded for trajectory optimization.
[INFO] [1783863698.181752350, 680.974000000]: Footprint model 'polygon' loaded for trajectory optimization.
[INFO] [1783863698.777072142, 681.568000000]: Footprint model 'polygon' loaded for trajectory optimization.
[INFO] [1783863699.375957694, 682.166000000]: Footprint model 'polygon' loaded for trajectory optimization.
[INFO] [1783863699.973021166, 682.764000000]: Footprint model 'polygon' loaded for trajectory optimization.
[INFO] [1783863700.583756703, 683.372000000]: Footprint model 'polygon' loaded for trajectory optimization.
[INFO] [1783863701.179326390, 683.970000000]: Footprint model 'polygon' loaded for trajectory optimization.
[INFO] [1783863701.823492036, 684.612000000]: Footprint model 'polygon' loaded for trajectory optimization.
[INFO] [1783863702.375905869, 685.164000000]: Footprint model 'polygon' loaded for trajectory optimization.
[INFO] [1783863703.029347914, 685.814000000]: Footprint model 'polygon' loaded for trajectory optimization.
[INFO] [1783863703.629976850, 686.414000000]: Footprint model 'polygon' loaded for trajectory optimization.
[INFO] [1783863704.223376863, 687.006000000]: Footprint model 'polygon' loaded for trajectory optimization.
[INFO] [1783863704.829814555, [WARN] [1783863715.074534887, 697.840000000]: TebLocalPlannerROS: possible oscillation (of the robot or its local plan) detected. Activating recovery strategy (prefer current turning direction during optimization).
[WARN] [1783863724.076432, 706.826000]: training environment stop requested: adapter_close
schema_version: '1.0'
task: T11
status: passed
run_id: t11_semantic_eta_projection_only_seed102
algorithm: RL-TEB-Eta-ProjectionOnly
training_seed: 102
safety_mode: ProjectionOnly
episode_count: 70
step_count: 804
failure_count: 6
run_validation:
  valid: true
  run_id: t11_semantic_eta_projection_only_seed102
  episode_count: 70
  step_count: 804
  verified_checksum_count: 4
selected_checkpoint: /home/robot/robot_ws_base_rl/artifacts/t11/runs/t11_semantic_eta_fullsafety_seed102/checkpoints/step_000200
passed: true
acceptance_override: false

[INFO] [1783863015.259705909]: Finished loading Gazebo ROS API Plugin.
[INFO] [1783863015.260294319]: waitForService: Service [/gazebo/set_physics_properties] has not been advertised, waiting...
[INFO] [1783863015.835483061, 0.008000000]: waitForService: Service [/gazebo/set_physics_properties] is now available.
[INFO] [1783863015.891044689, 0.062000000]: Physics dynamic reconfigure ready.
[INFO] [1783863016.267443790, 0.372000000]: <initialOrientationAsReference> is unset, using default value of false to comply with REP 145 (world as orientation reference)
[INFO] [1783863016.267500836, 0.372000000]: <robotNamespace> set to: //
[INFO] [1783863016.267515490, 0.372000000]: <topicName> set to: imu/data
[INFO] [1783863016.267526683, 0.372000000]: <frameName> set to: imu_link
[INFO] [1783863016.267556751, 0.372000000]: <updateRateHZ> set to: 50
[INFO] [1783863016.267572980, 0.372000000]: <gaussianNoise> set to: 0
[INFO] [1783863016.267603374, 0.372000000]: <xyzOffset> set to: 0 0 0
[INFO] [1783863016.267632799, 0.372000000]: <rpyOffset> set to: 0 -0 0
[INFO] [1783863016.383914030, 0.372000000]: Laser Plugin: Using the 'robotNamespace' param: '/'
[INFO] [1783863016.383939175, 0.372000000]: Starting Laser Plugin (ns = /)
[INFO] [1783863016.384745481, 0.372000000]: Laser Plugin (ns = /)  <tf_prefix_>, set to ""
[INFO] [1783863016.503907451, 0.372000000]: M2 simulation-only Ackermann interface loaded; cmd_angle_instead_rotvel=false
687.612000000]: Footprint model 'polygon' loaded for trajectory optimization.
[INFO] [1783863705.421415593, 688.206000000]: Footprint model 'polygon' loaded for trajectory optimization.
[INFO] [1783863709.036024921, 691.810000000]: Footprint model 'polygon' loaded for trajectory optimization.
[INFO] [1783863709.588453105, 692.364000000]: Footprint model 'polygon' loaded for trajectory optimization.
[INFO] [1783863710.238151063, 693.010000000]: Footprint model 'polygon' loaded for trajectory optimization.
[INFO] [1783863710.832505435, 693.604000000]: Footprint model 'polygon' loaded for trajectory optimization.
[INFO] [1783863711.438161446, 694.208000000]: Footprint model 'polygon' loaded for trajectory optimization.
[INFO] [1783863711.767202297, 694.540000000]: TebLocalPlannerROS: oscillation recovery disabled/expired.
[INFO] [1783863712.038081618, 694.808000000]: Footprint model 'polygon' loaded for trajectory optimization.
[INFO] [1783863712.640173929, 695.412000000]: Footprint model 'polygon' loaded for trajectory optimization.
[INFO] [1783863713.185927434, 695.956000000]: Footprint model 'polygon' loaded for trajectory optimization.
[INFO] [1783863716.802494107, 699.564000000]: Footprint model 'polygon' loaded for trajectory optimization.
[INFO] [1783863717.458303958, 700.218000000]: Footprint model 'polygon' loaded for trajectory optimization.
[INFO] [1783863718.007804551, 700.770000000]: Footprint model 'polygon' loaded for trajectory optimization.
[INFO] [1783863718.663562850, 701.422000000]: Footprint model 'polygon' loaded for trajectory optimization.
[INFO] [1783863719.261651411, 702.020000000]: Footprint model 'polygon' loaded for trajectory optimization.
[INFO] [1783863719.816819198, 702.574000000]: Footprint model 'polygon' loaded for trajectory optimization.
[INFO] [1783863720.433726358, 703.188000000]: Footprint model 'polygon' loaded for trajectory optimization.
[INFO] [1783863721.079255136, 703.834000000]: Footprint model 'polygon' loaded for trajectory optimization.
[INFO] [1783863721.669847254, 704.424000000]: Footprint model 'polygon' loaded for trajectory optimization.
[INFO] [1783863722.217618325, 704.970000000]: Footprint model 'polygon' loaded for trajectory optimization.
[INFO] [1783863723.045572911, 705.798000000]: Footprint model 'polygon' loaded for trajectory optimization.
[INFO] [1783863724.145778329, 706.896000000]: Footprint model 'polygon' loaded for trajectory optimization.
[INFO] [1783863724.172045434, 706.922000000]: Footprint model 'polygon' loaded for trajectory optimization.
... logging to /home/robot/.ros/log/d0445822-7df5-11f1-91bc-3382cc4c3ed1/roslaunch-WP-184051.log
Checking log directory for disk usage. This may take a while.
Press Ctrl-C to interrupt
]2;/home/robot/robot_ws_base_rl/src/tools/thesis_experiment/launch/t11_formal_run.launch
[1mstarted roslaunch server http://WP:44659/[0m

SUMMARY
========

PARAMETERS
 * /gazebo/enable_ros_network: True
 * /m2_gazebo/simulation_only: True
 * /m2_robot_state_publisher/publish_frequency: 30.0
 * /move_base/TebLocalPlannerROS/acc_lim_theta: 0.8
 * /move_base/TebLocalPlannerROS/acc_lim_x: 0.8
 * /move_base/TebLocalPlannerROS/allow_init_with_backwards_motion: True
 * /move_base/TebLocalPlannerROS/cmd_angle_instead_rotvel: False
 * /move_base/TebLocalPlannerROS/costmap_obstacles_behind_robot_dist: 1.5
 * /move_base/TebLocalPlannerROS/dt_hysteresis: 0.1
 * /move_base/TebLocalPlannerROS/dt_ref: 0.3
 * /move_base/TebLocalPlannerROS/enable_homotopy_class_planning: False
 * /move_base/TebLocalPlannerROS/enable_multithreading: True
 * /move_base/TebLocalPlannerROS/feasibility_check_no_poses: 5
 * /move_base/TebLocalPlannerROS/footprint_model/type: polygon
 * /move_base/TebLocalPlannerROS/footprint_model/vertices: [[0.52, 0.35], [0...
 * /move_base/TebLocalPlannerROS/global_plan_overwrite_orientation: True
 * /move_base/TebLocalPlannerROS/include_costmap_obstacles: True
 * /move_base/TebLocalPlannerROS/inflation_dist: 0.55
 * /move_base/TebLocalPlannerROS/map_frame: odom
 * /move_base/TebLocalPlannerROS/max_global_plan_lookahead_dist: 8.0
 * /move_base/TebLocalPlannerROS/max_number_classes: 4
 * /move_base/TebLocalPlannerROS/max_samples: 500
 * /move_base/TebLocalPlannerROS/max_vel_theta: 1.0
 * /move_base/TebLocalPlannerROS/max_vel_x: 1.2
 * /move_base/TebLocalPlannerROS/max_vel_x_backwards: 0.6
 * /move_base/TebLocalPlannerROS/max_vel_y: 0.0
 * /move_base/TebLocalPlannerROS/min_obstacle_dist: 0.25
 * /move_base/TebLocalPlannerROS/min_turning_radius: 1.2
 * /move_base/TebLocalPlannerROS/obstacle_poses_affected: 15
 * /move_base/TebLocalPlannerROS/odom_topic: /odom
 * /move_base/TebLocalPlannerROS/teb_autosize: True
 * /move_base/TebLocalPlannerROS/weight_acc_lim_theta: 1.0
 * /move_base/TebLocalPlannerROS/weight_acc_lim_x: 1.0
 * /move_base/TebLocalPlannerROS/weight_adapt_factor: 2.0
 * /move_base/TebLocalPlannerROS/weight_inflation: 0.1
 * /move_base/TebLocalPlannerROS/weight_kinematics_forward_drive: 10.0
 * /move_base/TebLocalPlannerROS/weight_kinematics_nh: 1000.0
 * /move_base/TebLocalPlannerROS/weight_kinematics_turning_radius: 10.0
 * /move_base/TebLocalPlannerROS/weight_max_vel_theta: 1.0
 * /move_base/TebLocalPlannerROS/weight_max_vel_x: 2.0
 * /move_base/TebLocalPlannerROS/weight_obstacle: 50.0
 * /move_base/TebLocalPlannerROS/weight_optimaltime: 1.0
 * /move_base/TebLocalPlannerROS/weight_viapoint: 1.0
 * /move_base/TebLocalPlannerROS/wheelbase: 0.65
 * /move_base/base_global_planner: navfn/NavfnROS
 * /move_base/base_local_planner: teb_local_planner...
 * /move_base/clearing_rotation_allowed: False
 * /move_base/controller_frequency: 10.0
 * /move_base/controller_patience: 5.0
 * /move_base/global_costmap/footprint: [[0.52, 0.35], [0...
 * /move_base/global_costmap/footprint_padding: 0.05
 * /move_base/global_costmap/global_frame: odom
 * /move_base/global_costmap/height: 30.0
 * /move_base/global_costmap/inflation_layer/cost_scaling_factor: 4.0
 * /move_base/global_costmap/inflation_layer/enabled: True
 * /move_base/global_costmap/inflation_layer/inflation_radius: 0.55
 * /move_base/global_costmap/obstacle_layer/enabled: True
 * /move_base/global_costmap/obstacle_layer/observation_sources: scan
 * /move_base/global_costmap/obstacle_layer/scan/clearing: True
 * /move_base/global_costmap/obstacle_layer/scan/data_type: LaserScan
 * /move_base/global_costmap/obstacle_layer/scan/inf_is_valid: True
 * /move_base/global_costmap/obstacle_layer/scan/marking: True
 * /move_base/global_costmap/obstacle_layer/scan/obstacle_range: 12.0
 * /move_base/global_costmap/obstacle_layer/scan/raytrace_range: 15.0
 * /move_base/global_costmap/obstacle_layer/scan/sensor_frame: laser_link
 * /move_base/global_costmap/obstacle_layer/scan/topic: /scan
 * /move_base/global_costmap/plugins: [{'name': 'obstac...
 * /move_base/global_costmap/publish_frequency: 2.0
 * /move_base/global_costmap/resolution: 0.05
 * /move_base/global_costmap/robot_base_frame: base_link
 * /move_base/global_costmap/rolling_window: True
 * /move_base/global_costmap/transform_tolerance: 0.3
 * /move_base/global_costmap/update_frequency: 5.0
 * /move_base/global_costmap/width: 30.0
 * /move_base/local_costmap/footprint: [[0.52, 0.35], [0...
 * /move_base/local_costmap/footprint_padding: 0.05
 * /move_base/local_costmap/global_frame: odom
 * /move_base/local_costmap/height: 12.0
 * /move_base/local_costmap/inflation_layer/cost_scaling_factor: 4.0
 * /move_base/local_costmap/inflation_layer/enabled: True
 * /move_base/local_costmap/inflation_layer/inflation_radius: 0.55
 * /move_base/local_costmap/obstacle_layer/enabled: True
 * /move_base/local_costmap/obstacle_layer/observation_sources: scan
 * /move_base/local_costmap/obstacle_layer/scan/clearing: True
 * /move_base/local_costmap/obstacle_layer/scan/data_type: LaserScan
 * /move_base/local_costmap/obstacle_layer/scan/inf_is_valid: True
 * /move_base/local_costmap/obstacle_layer/scan/marking: True
 * /move_base/local_costmap/obstacle_layer/scan/obstacle_range: 12.0
 * /move_base/local_costmap/obstacle_layer/scan/raytrace_range: 15.0
 * /move_base/local_costmap/obstacle_layer/scan/sensor_frame: laser_link
 * /move_base/local_costmap/obstacle_layer/scan/topic: /scan
 * /move_base/local_costmap/plugins: [{'name': 'obstac...
 * /move_base/local_costmap/publish_frequency: 5.0
 * /move_base/local_costmap/resolution: 0.05
 * /move_base/local_costmap/robot_base_frame: base_link
 * /move_base/local_costmap/rolling_window: True
 * /move_base/local_costmap/transform_tolerance: 0.3
 * /move_base/local_costmap/update_frequency: 10.0
 * /move_base/local_costmap/width: 12.0
 * /move_base/oscillation_distance: 0.2
 * /move_base/oscillation_timeout: 10.0
 * /move_base/planner_frequency: 1.0
 * /move_base/planner_patience: 5.0
 * /move_base/recovery_behavior_enabled: False
 * /move_base/shutdown_costmaps: False
 * /robot_description: <?xml version="1....
 * /rosdistro: noetic
 * /rosversion: 1.17.4
 * /t11_formal_run/acceptance_eval_seed_limit: 0
 * /t11_formal_run/acceptance_timesteps: 0
 * /t11_formal_run/algorithm: RL-TEB-Semantic-Eta
 * /t11_formal_run/checkpoint: /home/robot/robot...
 * /t11_formal_run/config: /home/robot/robot...
 * /t11_formal_run/output_dir: /home/robot/robot...
 * /t11_formal_run/phase: ablation
 * /t11_formal_run/run_id: t11_semantic_eta_...
 * /t11_formal_run/safety_mode: ProjectionOnly
 * /t11_formal_run/training_seed: 102
 * /use_sim_time: True

NODES
  /
    gazebo (gazebo_ros/gzserver)
    m2_robot_state_publisher (robot_state_publisher/robot_state_publisher)
    move_base (move_base/move_base)
    spawn_m2 (gazebo_ros/spawn_model)
    t11_formal_run (thesis_experiment/t11_formal_run.py)

auto-starting new master
[1mprocess[master]: started with pid [184111][0m
[1mROS_MASTER_URI=http://localhost:11311[0m
]2;/home/robot/robot_ws_base_rl/src/tools/thesis_experiment/launch/t11_formal_run.launch http://localhost:11311
[1msetting /run_id to d0445822-7df5-11f1-91bc-3382cc4c3ed1[0m
[1mprocess[rosout-1]: started with pid [184147][0m
started core service [/rosout]
[1mprocess[gazebo-2]: started with pid [184154][0m
[1mprocess[spawn_m2-3]: started with pid [184158][0m
[1mprocess[m2_robot_state_publisher-4]: started with pid [184160][0m
[1mprocess[move_base-5]: started with pid [184161][0m
[1mprocess[t11_formal_run-6]: started with pid [184162][0m
[1m[spawn_m2-3] process has finished cleanly
log file: /home/robot/.ros/log/d0445822-7df5-11f1-91bc-3382cc4c3ed1/spawn_m2-3*.log[0m
[t11_formal_run-6] killing on exit
[gazebo-2] killing on exit
[m2_robot_state_publisher-4] killing on exit
[move_base-5] killing on exit
[rosout-1] killing on exit
[master] killing on exit
shutting down processing monitor...
[31mWARNING: disk usage in log directory [/home/robot/.ros/log] is over 1GB.
It's recommended that you use the 'rosclean' command.[0m
WARNING: Package name "gazebo_ros_2Dmap_plugin" does not follow the naming conventions. It should start with a lower case letter and only contain lower case letters, digits, underscores, and dashes.
WARNING: Package name "gazebo_ros_2Dmap_plugin" does not follow the naming conventions. It should start with a lower case letter and only contain lower case letters, digits, underscores, and dashes.
[31m================================================================================REQUIRED process [t11_formal_run-6] has died!
process has finished cleanly
log file: /home/robot/.ros/log/d0445822-7df5-11f1-91bc-3382cc4c3ed1/t11_formal_run-6*.log
Initiating shutdown!
================================================================================[0m
... shutting down processing monitor complete
[1mdone[0m
