WARNING: Package name "gazebo_ros_2Dmap_plugin" does not follow the naming conventions. It should start with a lower case letter and only contain lower case letters, digits, underscores, and dashes.
xacro: in-order processing became default in ROS Melodic. You can drop the option.
WARNING: Package name "gazebo_ros_2Dmap_plugin" does not follow the naming conventions. It should start with a lower case letter and only contain lower case letters, digits, underscores, and dashes.
WARNING: Package name "gazebo_ros_2Dmap_plugin" does not follow the naming conventions. It should start with a lower case letter and only contain lower case letters, digits, underscores, and dashes.
[INFO] [1783857379.398321, 0.000000]: Loading model XML from ros parameter robot_description
[INFO] [1783857379.401337, 0.000000]: Waiting for service /gazebo/spawn_urdf_model
[INFO] [1783857380.305675, 0.234000]: Calling service /gazebo/spawn_urdf_model
[INFO] [1783857380.622319, 0.374000]: Spawn status: SpawnModel: Successfully spawned entity
[INFO] [1783857381.015971183, 0.640000000]: global_costmap: Using plugin "obstacle_layer"
[INFO] [1783857381.021238648, 0.646000000]:     Subscribed to Topics: scan
[INFO] [1783857381.034859097, 0.658000000]: global_costmap: Using plugin "inflation_layer"
[INFO] [1783857381.055194392, 0.680000000]: local_costmap: Using plugin "obstacle_layer"
[INFO] [1783857381.056134914, 0.680000000]:     Subscribed to Topics: scan
[INFO] [1783857381.060519187, 0.684000000]: local_costmap: Using plugin "inflation_layer"
[INFO] [1783857381.070622486, 0.694000000]: Created local_planner teb_local_planner/TebLocalPlannerROS
[INFO] [1783857381.086735369, 0.710000000]: Footprint model 'polygon' loaded for trajectory optimization.
[INFO] [1783857381.086848029, 0.710000000]: Parallel planning in distinctive topologies disabled.
[INFO] [1783857381.086859529, 0.710000000]: No costmap conversion plugin specified. All occupied costmap cells are treaten as point obstacles.
[INFO] [1783857381.119115944, 0.744000000]: Footprint model 'polygon' loaded for trajectory optimization.
[INFO] [1783857381.280538405, 0.906000000]: Recovery behavior will clear layer 'obstacles'
[INFO] [1783857381.283394744, 0.908000000]: Recovery behavior will clear layer 'obstacles'
[INFO] [1783857381.306337267, 0.932000000]: odom received!
[INFO] [1783857383.063629506, 2.684000000]: Footprint model 'polygon' loaded for trajectory optimization.
[INFO] [1783857383.700181474, 3.322000000]: Footprint model 'polygon' loaded for trajectory optimization.
[INFO] [1783857384.346867404, 3.966000000]: Footprint model 'polygon' loaded for trajectory optimization.
[INFO] [1783857384.897202324, 4.516000000]: Footprint model 'polygon' loaded for trajectory optimization.
[INFO] [1783857386.589984343, 6.204000000]: GOAL Reached!
[INFO] [1783857386.681823074, 6.296000000]: Footprint model 'polygon' loaded for trajectory optimization.
[INFO] [1783857387.546596578, 7.164000000]: Footprint model 'polygon' loaded for trajectory optimization.
[INFO] [1783857388.102446158, 7.718000000]: Footprint model 'polygon' loaded for trajectory optimization.
[INFO] [1783857388.751470573, 8.364000000]: Footprint model 'polygon' loaded for trajectory optimization.
[INFO] [1783857389.351855829, 8.966000000]: Footprint model 'polygon' loaded for trajectory optimization.
[INFO] [1783857389.904859358, 9.516000000]: Footprint model 'polygon' loaded for trajectory optimization.
[INFO] [1783857390.504332430, 10.114000000]: Footprint model 'polygon' loaded for trajectory optimization.
[INFO] [1783857392.197834171, 11.804000000]: GOAL Reached!
[INFO] [1783857392.273498547, 11.880000000]: Footprint model 'polygon' loaded for trajectory optimization.
[INFO] [1783857393.141198669, 12.746000000]: Footprint model 'polygon' loaded for trajectory optimization.
[INFO] [1783857393.685213700, 13.290000000]: Footprint model 'polygon' loaded for trajectory optimization.
[INFO] [1783857394.286145859, 13.888000000]: Footprint model 'polygon' loaded for trajectory optimization.
[INFO] [1783857394.885684463, 14.488000000]: Footprint model 'polygon' loaded for trajectory optimization.
[INFO] [1783857395.486904970, 15.088000000]: Footprint model 'polygon' loaded for trajectory optimization.
[INFO] [1783857396.135430136, 15.734000000]: Footprint model 'polygon' loaded for trajectory optimization.
[INFO] [1783857396.686393223, 16.284000000]: Footprint model 'polygon' loaded for trajectory optimization.
[INFO] [1783857397.332620919, 16.932000000]: Footprint model 'polygon' loaded for trajectory optimization.
[INFO] [1783857397.889685972, 17.486000000]: Footprint model 'polygon' loaded for trajectory optimization.
[INFO] [1783857398.534312574, 18.130000000]: Footprint model 'polygon' loaded for trajectory optimization.
[INFO] [1783857400.177714053, 19.770000000]: GOAL Reached!
[INFO] [1783857400.256330015, 19.848000000]: Footprint model 'polygon' loaded for trajectory optimization.
[INFO] [1783857401.132135648, 20.724000000]: Footprint model 'polygon' loaded for trajectory optimization.
[INFO] [1783857401.671545637, 21.262000000]: Footprint model 'polygon' loaded for trajectory optimization.
[INFO] [1783857402.317742030, 21.908000000]: Footprint model 'polygon' loaded for trajectory optimization.
[INFO] [1783857402.866912940, 22.458000000]: Footprint model 'polygon' loaded for trajectory optimization.
[INFO] [1783857403.520499408, 23.108000000]: Footprint model 'polygon' loaded for trajectory optimization.
[INFO] [1783857404.121363778, 23.708000000]: Footprint model 'polygon' loaded for trajectory optimization.
[INFO] [1783857404.715416534, 24.302000000]: Footprint model 'polygon' loaded for trajectory optimization.
[INFO] [1783857406.661150942, 26.244000000]: GOAL Reached!
[INFO] [1783857406.740209143, 26.324000000]: Footprint model 'polygon' loaded for trajectory optimization.
[INFO] [1783857407.622166963, 27.204000000]: Footprint model 'polygon' loaded for trajectory optimization.
[INFO] [1783857408.157599955, 27.742000000]: Footprint model 'polygon' loaded for trajectory optimization.
[INFO] [1783857408.807956436, 28.388000000]: Footprint model 'polygon' loaded for trajectory optimization.
[INFO] [1783857409.412929894, 28.990000000]: Footprint model 'polygon' loaded for trajectory optimization.
[INFO] [1783857411.151999821, 30.726000000]: GOAL Reached!
[INFO] [1783857411.252423012, 30.826000000]: Footprint model 'polygon' loaded for trajectory optimization.
[INFO] [1783857412.129887654, 31.702000000]: Footprint model 'polygon' loaded for trajectory optimization.
[INFO] [1783857412.672694934, 32.244000000]: Footprint model 'polygon' loaded for trajectory optimization.
[INFO] [1783857413.321158663, 32.892000000]: Footprint model 'polygon' loaded for trajectory optimization.
[INFO] [1783857413.921230167, 33.492000000]: Footprint model 'polygon' loaded for trajectory optimization.
[INFO] [1783857414.521947754, 34.092000000]: Footprint model 'polygon' loaded for trajectory optimization.
[INFO] [1783857415.121651699, 34.690000000]: Footprint model 'polygon' loaded for trajectory optimization.
[INFO] [1783857416.666010670, 36.230000000]: GOAL Reached!
[INFO] [1783857416.743124907, 36.308000000]: Footprint model 'polygon' loaded for trajectory optimization.
[INFO] [1783857417.617710149, 37.184000000]: Footprint model 'polygon' loaded for trajectory optimization.
[INFO] [1783857418.179163008, 37.742000000]: Footprint model 'polygon' loaded for trajectory optimization.
[INFO] [1783857418.774395121, 38.338000000]: Footprint model 'polygon' loaded for trajectory optimization.
[INFO] [1783857419.373541110, 38.936000000]: Footprint model 'polygon' loaded for trajectory optimization.
[INFO] [1783857420.027815407, 39.586000000]: Footprint model 'polygon' loaded for trajectory optimization.
[INFO] [1783857420.625372659, 40.184000000]: Footprint model 'polygon' loaded for trajectory optimization.
[INFO] [1783857421.178630755, 40.734000000]: Footprint model 'polygon' loaded for trajectory optimization.
[INFO] [1783857421.776246733, 41.332000000]: Footprint model 'polygon' loaded for trajectory optimization.
[INFO] [1783857422.378610684, 41.934000000]: Footprint model 'polygon' loaded for trajectory optimization.
[INFO] [1783857422.977292742, 42.532000000]: Footprint model 'polygon' loaded for trajectory optimization.
[INFO] [1783857424.770022374, 44.320000000]: GOAL Reached!
[INFO] [1783857424.830839751, 44.382000000]: Footprint model 'polygon' loaded for trajectory optimization.
[INFO] [1783857425.713116786, 45.264000000]: Footprint model 'polygon' loaded for trajectory optimization.
[INFO] [1783857426.248070865, 45.798000000]: Footprint model 'polygon' loaded for trajectory optimization.
[INFO] [1783857426.848282628, 46.398000000]: Footprint model 'polygon' loaded for trajectory optimization.
[INFO] [1783857427.499882541, 47.046000000]: Footprint model 'polygon' loaded for trajectory optimization.
[INFO] [1783857428.098029625, 47.644000000]: Footprint model 'polygon' loaded for trajectory optimization.
[INFO] [1783857428.695160373, 48.242000000]: Footprint model 'polygon' loaded for trajectory optimization.
[INFO] [1783857429.250748108, 48.792000000]: Footprint model 'polygon' loaded for trajectory optimization.
[INFO] [1783857431.040098127, 50.580000000]: GOAL Reached!
[INFO] [1783857431.125537318, 50.666000000]: Footprint model 'polygon' loaded for trajectory optimization.
[INFO] [1783857431.978375484, 51.522000000]: Footprint model 'polygon' loaded for trajectory optimization.
[INFO] [1783857432.539176070, 52.078000000]: Footprint model 'polygon' loaded for trajectory optimization.
[INFO] [1783857433.187282650, 52.724000000]: Footprint model 'polygon' loaded for trajectory optimization.
[INFO] [1783857433.738068490, 53.274000000]: Footprint model 'polygon' loaded for trajectory optimization.
[INFO] [1783857435.428801362, 54.962000000]: GOAL Reached!
[INFO] [1783857435.492108213, 55.024000000]: Footprint model 'polygon' loaded for trajectory optimization.
[INFO] [1783857436.351180143, 55.882000000]: Footprint model 'polygon' loaded for trajectory optimization.
[INFO] [1783857436.942307518, 56.472000000]: Footprint model 'polygon' loaded for trajectory optimization.
[INFO] [1783857437.496481971, 57.024000000]: Footprint model 'polygon' loaded for trajectory optimization.
[INFO] [1783857438.146944563, 57.674000000]: Footprint model 'polygon' loaded for trajectory optimization.
[INFO] [1783857438.742061331, 58.270000000]: Footprint model 'polygon' loaded for trajectory optimization.
[INFO] [1783857439.298762514, 58.826000000]: Footprint model 'polygon' loaded for trajectory optimization.
[INFO] [1783857440.787838295, 60.310000000]: GOAL Reached!
[INFO] [1783857440.882486376, 60.404000000]: Footprint model 'polygon' loaded for trajectory optimization.
[INFO] [1783857441.761975360, 61.282000000]: Footprint model 'polygon' loaded for trajectory optimization.
[INFO] [1783857442.345056737, 61.864000000]: Footprint model 'polygon' loaded for trajectory optimization.
[INFO] [1783857442.960144109, 62.480000000]: Footprint model 'polygon' loaded for trajectory optimization.
[INFO] [1783857443.496346868, 63.014000000]: Footprint model 'polygon' loaded for trajectory optimization.
[INFO] [1783857444.148087853, 63.666000000]: Footprint model 'polygon' loaded for trajectory optimization.
[INFO] [1783857444.748722102, 64.264000000]: Footprint model 'polygon' loaded for trajectory optimization.
[INFO] [1783857445.304560223, 64.818000000]: Footprint model 'polygon' loaded for trajectory optimization.
[INFO] [1783857445.899079238, 65.414000000]: Footprint model 'polygon' loaded for trajectory optimization.
[INFO] [1783857446.546336646, 66.062000000]: Footprint model 'polygon' loaded for trajectory optimization.
[INFO] [1783857447.099213324, 66.612000000]: Footprint model 'polygon' loaded for trajectory optimization.
[INFO] [1783857448.790436734, 68.300000000]: GOAL Reached!
[INFO] [1783857448.876546343, 68.386000000]: Footprint model 'polygon' loaded for trajectory optimization.
[INFO] [1783857449.755529179, 69.262000000]: Footprint model 'polygon' loaded for trajectory optimization.
[INFO] [1783857450.351328635, 69.858000000]: Footprint model 'polygon' loaded for trajectory optimization.
[INFO] [1783857450.898628637, 70.404000000]: Footprint model 'polygon' loaded for trajectory optimization.
[INFO] [1783857451.550878509, 71.056000000]: Footprint model 'polygon' loaded for trajectory optimization.
[INFO] [1783857452.096451397, 71.600000000]: Footprint model 'polygon' loaded for trajectory optimization.
[INFO] [1783857452.745663077, 72.250000000]: Footprint model 'polygon' loaded for trajectory optimization.
[INFO] [1783857453.348325253, 72.850000000]: Footprint model 'polygon' loaded for trajectory optimization.
[INFO] [1783857455.188548857, 74.688000000]: GOAL Reached!
[INFO] [1783857455.277179209, 74.776000000]: Footprint model 'polygon' loaded for trajectory optimization.
[INFO] [1783857456.146876986, 75.644000000]: Footprint model 'polygon' loaded for trajectory optimization.
[INFO] [1783857456.686176319, 76.184000000]: Footprint model 'polygon' loaded for trajectory optimization.
[INFO] [1783857457.334173488, 76.832000000]: Footprint model 'polygon' loaded for trajectory optimization.
[INFO] [1783857457.889684855, 77.384000000]: Footprint model 'polygon' loaded for trajectory optimization.
[INFO] [1783857459.779899882, 79.270000000]: GOAL Reached!
[INFO] [1783857459.867082379, 79.358000000]: Footprint model 'polygon' loaded for trajectory optimization.
[INFO] [1783857460.733064227, 80.224000000]: Footprint model 'polygon' loaded for trajectory optimization.
[INFO] [1783857461.284653451, 80.772000000]: Footprint model 'polygon' loaded for trajectory optimization.
[INFO] [1783857461.886312912, 81.372000000]: Footprint model 'polygon' loaded for trajectory optimization.
[INFO] [1783857462.482313339, 81.970000000]: Footprint model 'polygon' loaded for trajectory optimization.
[INFO] [1783857463.131605567, 82.618000000]: Footprint model 'polygon' loaded for trajectory optimization.
[INFO] [1783857463.734393857, 83.218000000]: Footprint model 'polygon' loaded for trajectory optimization.
[INFO] [1783857465.176538364, 84.658000000]: GOAL Reached!
[INFO] [1783857465.272992322, 84.754000000]: Footprint model 'polygon' loaded for trajectory optimization.
[INFO] [1783857466.145828703, 85.624000000]: Footprint model 'polygon' loaded for trajectory optimization.
[INFO] [1783857466.706293601, 86.184000000]: Footprint model 'polygon' loaded for trajectory optimization.
[INFO] [1783857467.295301953, 86.772000000]: Footprint model 'polygon' loaded for trajectory optimization.
[INFO] [1783857467.894570060, 87.372000000]: Footprint model 'polygon' loaded for trajectory optimization.
[INFO] [1783857468.493679306, 87.972000000]: Footprint model 'polygon' loaded for trajectory optimization.
[INFO] [1783857469.097181908, 88.572000000]: Footprint model 'polygon' loaded for trajectory optimization.
[INFO] [1783857469.695462943, 89.170000000]: Footprint model 'polygon' loaded for trajectory optimization.
[INFO] [1783857470.346580494, 89.818000000]: Footprint model 'polygon' loaded for trajectory optimization.
[INFO] [1783857470.895131193, 90.370000000]: Footprint model 'polygon' loaded for trajectory optimization.
[INFO] [1783857472.985283446, 92.456000000]: GOAL Reached!
[INFO] [1783857473.081931868, 92.552000000]: Footprint model 'polygon' loaded for trajectory optimization.
[INFO] [1783857473.975925855, 93.442000000]: Footprint model 'polygon' loaded for trajectory optimization.
[INFO] [1783857474.562832117, 94.028000000]: Footprint model 'polygon' loaded for trajectory optimization.
[INFO] [1783857475.171812366, 94.636000000]: Footprint model 'polygon' loaded for trajectory optimization.
[INFO] [1783857475.720534780, 95.184000000]: Footprint model 'polygon' loaded for trajectory optimization.
[INFO] [1783857476.370413154, 95.832000000]: Footprint model 'polygon' loaded for trajectory optimization.
[INFO] [1783857476.921972382, 96.382000000]: Footprint model 'polygon' loaded for trajectory optimization.
[INFO] [1783857477.569574569, 97.028000000]: Footprint model 'polygon' loaded for trajectory optimization.
[INFO] [1783857479.310004316, 98.766000000]: GOAL Reached!
[INFO] [1783857479.402978993, 98.860000000]: Footprint model 'polygon' loaded for trajectory optimization.
[INFO] [1783857480.269891727, 99.724000000]: Footprint model 'polygon' loaded for trajectory optimization.
[INFO] [1783857480.822103417, 100.276000000]: Footprint model 'polygon' loaded for trajectory optimization.
[INFO] [1783857481.469835774, 100.922000000]: Footprint model 'polygon' loaded for trajectory optimization.
[INFO] [1783857482.069522204, 101.522000000]: Footprint model 'polygon' loaded for trajectory optimization.
[INFO] [1783857483.811435417, 103.260000000]: GOAL Reached!
[INFO] [1783857483.908382044, 103.356000000]: Footprint model 'polygon' loaded for trajectory optimization.
[INFO] [1783857484.776692521, 104.224000000]: Footprint model 'polygon' loaded for trajectory optimization.
[INFO] [1783857485.419674026, 104.864000000]: Footprint model 'polygon' loaded for trajectory optimization.
[INFO] [1783857486.069989456, 105.514000000]: Footprint model 'polygon' loaded for trajectory optimization.
[INFO] [1783857486.618214282, 106.062000000]: Footprint model 'polygon' loaded for trajectory optimization.
[INFO] [1783857487.271954484, 106.712000000]: Footprint model 'polygon' loaded for trajectory optimization.
[INFO] [1783857487.819344281, 107.260000000]: Footprint model 'polygon' loaded for trajectory optimization.
[INFO] [1783857489.207551069, 108.648000000]: GOAL Reached!
[INFO] [1783857489.293029723, 108.734000000]: Footprint model 'polygon' loaded for trajectory optimization.
[INFO] [1783857490.165916012, 109.604000000]: Footprint model 'polygon' loaded for trajectory optimization.
[INFO] [1783857490.768266885, 110.204000000]: Footprint model 'polygon' loaded for trajectory optimization.
[INFO] [1783857491.315005953, 110.750000000]: Footprint model 'polygon' loaded for trajectory optimization.
[INFO] [1783857491.911688088, 111.348000000]: Footprint model 'polygon' loaded for trajectory optimization.
[INFO] [1783857492.566208281, 112.000000000]: Footprint model 'polygon' loaded for trajectory optimization.
[INFO] [1783857493.161072412, 112.596000000]: Footprint model 'polygon' loaded for trajectory optimization.
[INFO] [1783857493.713507254, 113.144000000]: Footprint model 'polygon' loaded for trajectory optimization.
[INFO] [1783857494.318137509, 113.748000000]: Footprint model 'polygon' loaded for trajectory optimization.
[INFO] [1783857494.965013672, 114.396000000]: Footprint model 'polygon' loaded for trajectory optimization.
[INFO] [1783857496.805324952, 116.232000000]: GOAL Reached!
[INFO] [1783857496.897383633, 116.324000000]: Footprint model 'polygon' loaded for trajectory optimization.
[INFO] [1783857497.762135377, 117.186000000]: Footprint model 'polygon' loaded for trajectory optimization.
[INFO] [1783857498.369080035, 117.792000000]: Footprint model 'polygon' loaded for trajectory optimization.
[INFO] [1783857498.966356818, 118.390000000]: Footprint model 'polygon' loaded for trajectory optimization.
[INFO] [1783857499.515200916, 118.936000000]: Footprint model 'polygon' loaded for trajectory optimization.
[INFO] [1783857500.165792293, 119.584000000]: Footprint model 'polygon' loaded for trajectory optimization.
[INFO] [1783857500.718661316, 120.138000000]: Footprint model 'polygon' loaded for trajectory optimization.
[INFO] [1783857501.366835906, 120.786000000]: Footprint model 'polygon' loaded for trajectory optimization.
[INFO] [1783857503.108034263, 122.522000000]: GOAL Reached!
[INFO] [1783857503.214209878, 122.628000000]: Footprint model 'polygon' loaded for trajectory optimization.
[INFO] [1783857504.067435190, 123.480000000]: Footprint model 'polygon' loaded for trajectory optimization.
[INFO] [1783857504.671269555, 124.084000000]: Footprint model 'polygon' loaded for trajectory optimization.
[INFO] [1783857505.269551825, 124.682000000]: Footprint model 'polygon' loaded for trajectory optimization.
[INFO] [1783857505.874895326, 125.284000000]: Footprint model 'polygon' loaded for trajectory optimization.
[INFO] [1783857507.715106860, 127.122000000]: GOAL Reached!
[INFO] [1783857507.793848108, 127.200000000]: Footprint model 'polygon' loaded for trajectory optimization.
[INFO] [1783857508.676596020, 128.084000000]: Footprint model 'polygon' loaded for trajectory optimization.
[INFO] [1783857509.317470162, 128.724000000]: Footprint model 'polygon' loaded for trajectory optimization.
[INFO] [1783857509.922057374, 129.324000000]: Footprint model 'polygon' loaded for trajectory optimization.
[INFO] [1783857510.567972730, 129.970000000]: Footprint model 'polygon' loaded for trajectory optimization.
[INFO] [1783857511.121115894, 130.522000000]: Footprint model 'polygon' loaded for trajectory optimization.
[INFO] [1783857511.767416074, 131.168000000]: Footprint model 'polygon' loaded for trajectory optimization.
[INFO] [1783857513.211364020, 132.608000000]: GOAL Reached!
[INFO] [1783857513.302632529, 132.698000000]: Footprint model 'polygon' loaded for trajectory optimization.
[INFO] [1783857514.189333678, 133.584000000]: Footprint model 'polygon' loaded for trajectory optimization.
[INFO] [1783857514.727339974, 134.122000000]: Footprint model 'polygon' loaded for trajectory optimization.
[INFO] [1783857515.335316299, 134.728000000]: Footprint model 'polygon' loaded for trajectory optimization.
[INFO] [1783857515.984040341, 135.376000000]: Footprint model 'polygon' loaded for trajectory optimization.
[INFO] [1783857516.576459601, 135.966000000]: Footprint model 'polygon' loaded for trajectory optimization.
[INFO] [1783857517.128934024, 136.520000000]: Footprint model 'polygon' loaded for trajectory optimization.
[INFO] [1783857517.728683670, 137.118000000]: Footprint model 'polygon' loaded for trajectory optimization.
[INFO] [1783857518.332632830, 137.720000000]: Footprint model 'polygon' loaded for trajectory optimization.
[INFO] [1783857518.933593480, 138.320000000]: Footprint model 'polygon' loaded for trajectory optimization.
[INFO] [1783857519.578427682, 138.964000000]: Footprint model 'polygon' loaded for trajectory optimization.
[INFO] [1783857520.183433137, 139.566000000]: Footprint model 'polygon' loaded for trajectory optimization.
[INFO] [1783857520.732691657, 140.120000000]: Footprint model 'polygon' loaded for trajectory optimization.
[INFO] [1783857521.378451587, 140.762000000]: Footprint model 'polygon' loaded for trajectory optimization.
[INFO] [1783857523.022815933, 142.404000000]: GOAL Reached!
[INFO] [1783857523.105232073, 142.486000000]: Footprint model 'polygon' loaded for trajectory optimization.
[INFO] [1783857523.986008457, 143.364000000]: Footprint model 'polygon' loaded for trajectory optimization.
[INFO] [1783857524.580646854, 143.958000000]: Footprint model 'polygon' loaded for trajectory optimization.
[INFO] [1783857525.136200140, 144.514000000]: Footprint model 'polygon' loaded for trajectory optimization.
[INFO] [1783857525.782165705, 145.162000000]: Footprint model 'polygon' loaded for trajectory optimization.
[INFO] [1783857526.383609538, 145.760000000]: Footprint model 'polygon' loaded for trajectory optimization.
[INFO] [1783857526.984538950, 146.360000000]: Footprint model 'polygon' loaded for trajectory optimization.
[INFO] [1783857527.587147106, 146.960000000]: Footprint model 'polygon' loaded for trajectory optimization.
[INFO] [1783857529.323989399, 148.694000000]: GOAL Reached!
[INFO] [1783857529.415120997, 148.784000000]: Footprint model 'polygon' loaded for trajectory optimization.
[INFO] [1783857530.273205583, 149.642000000]: Footprint model 'polygon' loaded for trajectory optimization.
[INFO] [1783857530.823776019, 150.190000000]: Footprint model 'polygon' loaded for trajectory optimization.
[INFO] [1783857531.466557246, 150.834000000]: Footprint model 'polygon' loaded for trajectory optimization.
[INFO] [1783857532.065926948, 151.432000000]: Footprint model 'polygon' loaded for trajectory optimization.
[INFO] [1783857533.811336516, 153.172000000]: GOAL Reached!
[INFO] [1783857533.905904639, 153.266000000]: Footprint model 'polygon' loaded for trajectory optimization.
[INFO] [1783857534.762162372, 154.124000000]: Footprint model 'polygon' loaded for trajectory optimization.
[INFO] [1783857535.326245337, 154.684000000]: Footprint model 'polygon' loaded for trajectory optimization.
[INFO] [1783857535.918723521, 155.280000000]: Footprint model 'polygon' loaded for trajectory optimization.
[INFO] [1783857536.517819220, 155.876000000]: Footprint model 'polygon' loaded for trajectory optimization.
[INFO] [1783857537.165169845, 156.524000000]: Footprint model 'polygon' loaded for trajectory optimization.
[INFO] [1783857537.764850784, 157.124000000]: Footprint model 'polygon' loaded for trajectory optimization.
[INFO] [1783857539.310411580, 158.664000000]: GOAL Reached!
[INFO] [1783857539.411297591, 158.764000000]: Footprint model 'polygon' loaded for trajectory optimization.
[INFO] [1783857540.291854501, 159.644000000]: Footprint model 'polygon' loaded for trajectory optimization.
[INFO] [1783857540.834676290, 160.186000000]: Footprint model 'polygon' loaded for trajectory optimization.
[INFO] [1783857541.499956551, 160.848000000]: Footprint model 'polygon' loaded for trajectory optimization.
[INFO] [1783857542.077271429, 161.426000000]: Footprint model 'polygon' loaded for trajectory optimization.
[INFO] [1783857542.685829023, 162.032000000]: Footprint model 'polygon' loaded for trajectory optimization.
[INFO] [1783857543.237827942, 162.584000000]: Footprint model 'polygon' loaded for trajectory optimization.
[INFO] [1783857543.881448484, 163.228000000]: Footprint model 'polygon' loaded for trajectory optimization.
[INFO] [1783857544.483512309, 163.826000000]: Footprint model 'polygon' loaded for trajectory optimization.
[INFO] [1783857545.038666412, 164.382000000]: Footprint model 'polygon' loaded for trajectory optimization.
[INFO] [1783857545.683121044, 165.028000000]: Footprint model 'polygon' loaded for trajectory optimization.
[INFO] [1783857547.325046994, 166.666000000]: GOAL Reached!
[INFO] [1783857547.428660057, 166.768000000]: Footprint model 'polygon' loaded for trajectory optimization.
[INFO] [1783857548.286332257, 167.626000000]: Footprint model 'polygon' loaded for trajectory optimization.
[INFO] [1783857548.854354372, 168.192000000]: Footprint model 'polygon' loaded for trajectory optimization.
[INFO] [1783857549.443668707, 168.780000000]: Footprint model 'polygon' loaded for trajectory optimization.
[INFO] [1783857550.042251519, 169.376000000]: Footprint model 'polygon' loaded for trajectory optimization.
[INFO] [1783857550.645890529, 169.980000000]: Footprint model 'polygon' loaded for trajectory optimization.
[INFO] [1783857551.242642018, 170.578000000]: Footprint model 'polygon' loaded for trajectory optimization.
[INFO] [1783857551.846044213, 171.178000000]: Footprint model 'polygon' loaded for trajectory optimization.
[INFO] [1783857553.633315148, 172.962000000]: GOAL Reached!
[INFO] [1783857553.726609643, 173.054000000]: Footprint model 'polygon' loaded for trajectory optimization.
[INFO] [1783857554.574705683, 173.902000000]: Footprint model 'polygon' loaded for trajectory optimization.
[INFO] [1783857555.137891851, 174.462000000]: Footprint model 'polygon' loaded for trajectory optimization.
[INFO] [1783857555.733651186, 175.058000000]: Footprint model 'polygon' loaded for trajectory optimization.
[INFO] [1783857556.384852277, 175.708000000]: Footprint model 'polygon' loaded for trajectory optimization.
[INFO] [1783857558.125299495, 177.446000000]: GOAL Reached!
[INFO] [1783857558.233997100, 177.554000000]: Footprint model 'polygon' loaded for trajectory optimization.
[INFO] [1783857559.106503158, 178.424000000]: Footprint model 'polygon' loaded for trajectory optimization.
[INFO] [1783857559.691410815, 179.008000000]: Footprint model 'polygon' loaded for trajectory optimization.
[INFO] [1783857560.245613383, 179.562000000]: Footprint model 'polygon' loaded for trajectory optimization.
[INFO] [1783857560.895061185, 180.210000000]: Footprint model 'polygon' loaded for trajectory optimization.
[INFO] [1783857561.444745590, 180.758000000]: Footprint model 'polygon' loaded for trajectory optimization.
[INFO] [1783857562.046239867, 181.362000000]: Footprint model 'polygon' loaded for trajectory optimization.
[INFO] [1783857563.637468999, 182.948000000]: GOAL Reached!
[INFO] [1783857563.735346858, 183.046000000]: Footprint model 'polygon' loaded for trajectory optimization.
[INFO] [1783857564.613108703, 183.924000000]: Footprint model 'polygon' loaded for trajectory optimization.
[INFO] [1783857565.156050516, 184.464000000]: Footprint model 'polygon' loaded for trajectory optimization.
[INFO] [1783857565.758056430, 185.066000000]: Footprint model 'polygon' loaded for trajectory optimization.
[INFO] [1783857566.357781962, 185.664000000]: Footprint model 'polygon' loaded for trajectory optimization.
[INFO] [1783857567.006013497, 186.310000000]: Footprint model 'polygon' loaded for trajectory optimization.
[INFO] [1783857567.608475098, 186.912000000]: Footprint model 'polygon' loaded for trajectory optimization.
[INFO] [1783857568.155511363, 187.458000000]: Footprint model 'polygon' loaded for trajectory optimization.
[INFO] [1783857568.758384362, 188.062000000]: Footprint model 'polygon' loaded for trajectory optimization.
[INFO] [1783857569.406283190, 188.710000000]: Footprint model 'polygon' loaded for trajectory optimization.
[INFO] [1783857569.953747027, 189.258000000]: Footprint model 'polygon' loaded for trajectory optimization.
[INFO] [1783857571.647715270, 190.946000000]: GOAL Reached!
[INFO] [1783857571.752891152, 191.050000000]: Footprint model 'polygon' loaded for trajectory optimization.
[INFO] [1783857572.647670978, 191.944000000]: Footprint model 'polygon' loaded for trajectory optimization.
[INFO] [1783857573.285322189, 192.580000000]: Footprint model 'polygon' loaded for trajectory optimization.
[INFO] [1783857573.930096992, 193.226000000]: Footprint model 'polygon' loaded for trajectory optimization.
[INFO] [1783857574.533125837, 193.828000000]: Footprint model 'polygon' loaded for trajectory optimization.
[INFO] [1783857575.130478510, 194.424000000]: Footprint model 'polygon' loaded for trajectory optimization.
[INFO] [1783857575.682512694, 194.974000000]: Footprint model 'polygon' loaded for trajectory optimization.
[INFO] [1783857576.280245864, 195.570000000]: Footprint model 'polygon' loaded for trajectory optimization.
[INFO] [1783857577.973199639, 197.260000000]: GOAL Reached!
[INFO] [1783857578.060248462, 197.346000000]: Footprint model 'polygon' loaded for trajectory optimization.
[INFO] [1783857578.912305645, 198.202000000]: Footprint model 'polygon' loaded for trajectory optimization.
[INFO] [1783857579.521674890, 198.810000000]: Footprint model 'polygon' loaded for trajectory optimization.
[INFO] [1783857580.125243161, 199.410000000]: Footprint model 'polygon' loaded for trajectory optimization.
[INFO] [1783857580.674553310, 199.960000000]: Footprint model 'polygon' loaded for trajectory optimization.
[INFO] [1783857582.567340494, 201.848000000]: GOAL Reached!
[INFO] [1783857582.659346787, 201.940000000]: Footprint model 'polygon' loaded for trajectory optimization.
[INFO] [1783857583.523876921, 202.802000000]: Footprint model 'polygon' loaded for trajectory optimization.
[INFO] [1783857584.120035292, 203.398000000]: Footprint model 'polygon' loaded for trajectory optimization.
[INFO] [1783857584.671080451, 203.948000000]: Footprint model 'polygon' loaded for trajectory optimization.
[INFO] [1783857585.271051402, 204.548000000]: Footprint model 'polygon' loaded for trajectory optimization.
[INFO] [1783857585.917502280, 205.194000000]: Footprint model 'polygon' loaded for trajectory optimization.
[INFO] [1783857586.469990238, 205.746000000]: Footprint model 'polygon' loaded for trajectory optimization.
[INFO] [1783857587.962177849, 207.234000000]: GOAL Reached!
[INFO] [1783857588.061112086, 207.332000000]: Footprint model 'polygon' loaded for trajectory optimization.
[INFO] [1783857588.934773549, 208.204000000]: Footprint model 'polygon' loaded for trajectory optimization.
[INFO] [1783857589.478107337, 208.748000000]: Footprint model 'polygon' loaded for trajectory optimization.
[INFO] [1783857590.128034200, 209.396000000]: Footprint model 'polygon' loaded for trajectory optimization.
[INFO] [1783857590.676985792, 209.946000000]: Footprint model 'polygon' loaded for trajectory optimization.
[INFO] [1783857591.327361491, 210.592000000]: Footprint model 'polygon' loaded for trajectory optimization.
[INFO] [1783857591.876362315, 211.140000000]: Footprint model 'polygon' loaded for trajectory optimization.
[INFO] [1783857592.477786090, 211.742000000]: Footprint model 'polygon' loaded for trajectory optimization.
[INFO] [1783857593.129521008, 212.392000000]: Footprint model 'polygon' loaded for trajectory optimization.
[INFO] [1783857593.678813545, 212.940000000]: Footprint model 'polygon' loaded for trajectory optimization.
[INFO] [1783857594.280657995, 213.540000000]: Footprint model 'polygon' loaded for trajectory optimization.
[INFO] [1783857595.971053839, 215.228000000]: GOAL Reached!
[INFO] [1783857596.058338532, 215.316000000]: Footprint model 'polygon' loaded for trajectory optimization.
[INFO] [1783857596.945982852, 216.204000000]: Footprint model 'polygon' loaded for trajectory optimization.
[INFO] [1783857597.483303880, 216.738000000]: Footprint model 'polygon' loaded for trajectory optimization.
[INFO] [1783857598.088621440, 217.342000000]: Footprint model 'polygon' loaded for trajectory optimization.
[INFO] [1783857598.688307320, 217.940000000]: Footprint model 'polygon' loaded for trajectory optimization.
[INFO] [1783857599.335411085, 218.586000000]: Footprint model 'polygon' loaded for trajectory optimization.
[INFO] [1783857599.885522871, 219.136000000]: Footprint model 'polygon' loaded for trajectory optimization.
[INFO] [1783857600.482520232, 219.734000000]: Footprint model 'polygon' loaded for trajectory optimization.
[INFO] [1783857602.374922283, 221.622000000]: GOAL Reached!
[INFO] [1783857602.450446669, 221.698000000]: Footprint model 'polygon' loaded for trajectory optimization.
[INFO] [1783857603.317501376, 222.562000000]: Footprint model 'polygon' loaded for trajectory optimization.
[INFO] [1783857603.862040467, 223.106000000]: Footprint model 'polygon' loaded for trajectory optimization.
[INFO] [1783857604.508188895, 223.752000000]: Footprint model 'polygon' loaded for trajectory optimization.
[INFO] [1783857605.061539924, 224.302000000]: Footprint model 'polygon' loaded for trajectory optimization.
[INFO] [1783857606.849694647, 226.090000000]: GOAL Reached!
[INFO] [1783857606.951075978, 226.192000000]: Footprint model 'polygon' loaded for trajectory optimization.
[INFO] [1783857607.830023292, 227.066000000]: Footprint model 'polygon' loaded for trajectory optimization.
[INFO] [1783857608.469179921, 227.706000000]: Footprint model 'polygon' loaded for trajectory optimization.
[INFO] [1783857609.067051919, 228.302000000]: Footprint model 'polygon' loaded for trajectory optimization.
[INFO] [1783857609.715749875, 228.948000000]: Footprint model 'polygon' loaded for trajectory optimization.
[INFO] [1783857610.265451749, 229.500000000]: Footprint model 'polygon' loaded for trajectory optimization.
[INFO] [1783857610.917456459, 230.150000000]: Footprint model 'polygon' loaded for trajectory optimization.
[INFO] [1783857612.357906322, 231.588000000]: GOAL Reached!
[INFO] [1783857612.457008101, 231.686000000]: Footprint model 'polygon' loaded for trajectory optimization.
[INFO] [1783857613.334736968, 232.564000000]: Footprint model 'polygon' loaded for trajectory optimization.
[INFO] [1783857613.933492827, 233.162000000]: Footprint model 'polygon' loaded for trajectory optimization.
[INFO] [1783857614.527479715, 233.756000000]: Footprint model 'polygon' loaded for trajectory optimization.
[INFO] [1783857615.081738721, 234.308000000]: Footprint model 'polygon' loaded for trajectory optimization.
[INFO] [1783857615.726926343, 234.952000000]: Footprint model 'polygon' loaded for trajectory optimization.
[INFO] [1783857616.328500563, 235.550000000]: Footprint model 'polygon' loaded for trajectory optimization.
[INFO] [1783857616.930076372, 236.152000000]: Footprint model 'polygon' loaded for trajectory optimization.
[INFO] [1783857617.479596295, 236.702000000]: Footprint model 'polygon' loaded for trajectory optimization.
[INFO] [1783857618.127880009, 237.350000000]: Footprint model 'polygon' loaded for trajectory optimization.
[INFO] [1783857618.685160369, 237.904000000]: Footprint model 'polygon' loaded for trajectory optimization.
[INFO] [1783857620.371295911, 239.588000000]: GOAL Reached!
[INFO] [1783857620.466853342, 239.684000000]: Footprint model 'polygon' loaded for trajectory optimization.
[INFO] [1783857621.329366232, 240.544000000]: Footprint model 'polygon' loaded for trajectory optimization.
[INFO] [1783857621.933469403, 241.146000000]: Footprint model 'polygon' loaded for trajectory optimization.
[INFO] [1783857622.531515345, 241.746000000]: Footprint model 'polygon' loaded for trajectory optimization.
[INFO] [1783857623.136881406, 242.348000000]: Footprint model 'polygon' loaded for trajectory optimization.
[INFO] [1783857623.733434354, 242.946000000]: Footprint model 'polygon' loaded for trajectory optimization.
[INFO] [1783857624.286490046, 243.494000000]: Footprint model 'polygon' loaded for trajectory optimizati[ERROR] [1783857646.848173276, 266.020000000]: TebOptimalPlanner::getVelocityCommand() - timediff<=0 is invalid!
[WARN] [1783857646.848300553, 266.020000000]: TebLocalPlannerROS: velocity command invalid. Resetting planner...
on.
[INFO] [1783857624.935946770, 244.144000000]: Footprint model 'polygon' loaded for trajectory optimization.
[INFO] [1783857626.673281610, 245.880000000]: GOAL Reached!
[INFO] [1783857626.772542721, 245.978000000]: Footprint model 'polygon' loaded for trajectory optimization.
[INFO] [1783857627.662434117, 246.864000000]: Footprint model 'polygon' loaded for trajectory optimization.
[INFO] [1783857628.243595449, 247.448000000]: Footprint model 'polygon' loaded for trajectory optimization.
[INFO] [1783857628.850862154, 248.052000000]: Footprint model 'polygon' loaded for trajectory optimization.
[INFO] [1783857629.450976845, 248.652000000]: Footprint model 'polygon' loaded for trajectory optimization.
[INFO] [1783857630.004452099, 249.204000000]: Footprint model 'polygon' loaded for trajectory optimization.
[INFO] [1783857630.651633470, 249.852000000]: Footprint model 'polygon' loaded for trajectory optimization.
[INFO] [1783857631.201613574, 250.400000000]: Footprint model 'polygon' loaded for trajectory optimization.
[INFO] [1783857631.805822677, 251.002000000]: Footprint model 'polygon' loaded for trajectory optimization.
[INFO] [1783857632.450344466, 251.646000000]: Footprint model 'polygon' loaded for trajectory optimization.
[INFO] [1783857634.195284652, 253.388000000]: GOAL Reached!
[INFO] [1783857634.302706825, 253.496000000]: Footprint model 'polygon' loaded for trajectory optimization.
[INFO] [1783857635.193204139, 254.384000000]: Footprint model 'polygon' loaded for trajectory optimization.
[INFO] [1783857635.834317547, 255.024000000]: Footprint model 'polygon' loaded for trajectory optimization.
[INFO] [1783857636.485506747, 255.674000000]: Footprint model 'polygon' loaded for trajectory optimization.
[INFO] [1783857637.057660444, 256.244000000]: Footprint model 'polygon' loaded for trajectory optimization.
[INFO] [1783857637.682109890, 256.870000000]: Footprint model 'polygon' loaded for trajectory optimization.
[INFO] [1783857638.239610689, 257.424000000]: Footprint model 'polygon' loaded for trajectory optimization.
[INFO] [1783857638.884185326, 258.070000000]: Footprint model 'polygon' loaded for trajectory optimization.
[INFO] [1783857639.484642568, 258.666000000]: Footprint model 'polygon' loaded for trajectory optimization.
[INFO] [1783857640.036769078, 259.220000000]: Footprint model 'polygon' loaded for trajectory optimization.
[INFO] [1783857641.728567324, 260.908000000]: GOAL Reached!
[INFO] [1783857641.833565804, 261.012000000]: Footprint model 'polygon' loaded for trajectory optimization.
[INFO] [1783857642.706201166, 261.882000000]: Footprint model 'polygon' loaded for trajectory optimization.
[INFO] [1783857643.265236117, 262.442000000]: Footprint model 'polygon' loaded for trajectory optimization.
[INFO] [1783857643.908044434, 263.084000000]: Footprint model 'polygon' loaded for trajectory optimization.
[INFO] [1783857644.511338765, 263.688000000]: Footprint model 'polygon' loaded for trajectory optimization.
[INFO] [1783857645.057127474, 264.232000000]: Footprint model 'polygon' loaded for trajectory optimization.
[INFO] [1783857645.709463010, 264.882000000]: Footprint model 'polygon' loaded for trajectory optimization.
[INFO] [1783857646.257486870, 265.430000000]: Footprint model 'polygon' loaded for trajectory optimization.
[INFO] [1783857648.147457384, 267.316000000]: GOAL Reached!
[INFO] [1783857648.234350971, 267.402000000]: Footprint model 'polygon' loaded for trajectory optimization.
[INFO] [1783857649.114589739, 268.280000000]: Footprint model 'polygon' loaded for trajectory optimization.
[INFO] [1783857649.701450684, 268.866000000]: Footprint model 'polygon' loaded for trajectory optimization.
[INFO] [1783857650.306913779, 269.472000000]: Footprint model 'polygon' loaded for trajectory optimization.
[INFO] [1783857650.906615268, 270.070000000]: Footprint model 'polygon' loaded for trajectory optimization.
[INFO] [1783857651.502793551, 270.668000000]: Footprint model 'polygon' loaded for trajectory optimization.
[INFO] [1783857652.058630102, 271.220000000]: Footprint model 'polygon' [WARN] [1783857674.483466960, 293.606000000]: TebLocalPlannerROS: possible oscillation (of the robot or its local plan) detected. Activating recovery strategy (prefer current turning direction during optimization).
loaded for trajectory optimization.
[INFO] [1783857652.709179745, 271.870000000]: Footprint model 'polygon' loaded for trajectory optimization.
[INFO] [1783857653.308133452, 272.466000000]: Footprint model 'polygon' loaded for trajectory optimization.
[INFO] [1783857654.947126301, 274.106000000]: GOAL Reached!
[INFO] [1783857655.036581773, 274.196000000]: Footprint model 'polygon' loaded for trajectory optimization.
[INFO] [1783857655.910016962, 275.064000000]: Footprint model 'polygon' loaded for trajectory optimization.
[INFO] [1783857656.505342664, 275.660000000]: Footprint model 'polygon' loaded for trajectory optimization.
[INFO] [1783857657.055091527, 276.210000000]: Footprint model 'polygon' loaded for trajectory optimization.
[INFO] [1783857657.650482746, 276.808000000]: Footprint model 'polygon' loaded for trajectory optimization.
[INFO] [1783857658.303977847, 277.456000000]: Footprint model 'polygon' loaded for trajectory optimization.
[INFO] [1783857658.856672153, 278.006000000]: Footprint model 'polygon' loaded for trajectory optimization.
[INFO] [1783857659.455922135, 278.606000000]: Footprint model 'polygon' loaded for trajectory optimization.
[INFO] [1783857660.057667671, 279.206000000]: Footprint model 'polygon' loaded for trajectory optimization.
[INFO] [1783857660.708048585, 279.854000000]: Footprint model 'polygon' loaded for trajectory optimization.
[INFO] [1783857662.347219601, 281.492000000]: GOAL Reached!
[INFO] [1783857662.451901769, 281.596000000]: Footprint model 'polygon' loaded for trajectory optimization.
[INFO] [1783857663.343228423, 282.484000000]: Footprint model 'polygon' loaded for trajectory optimization.
[INFO] [1783857663.887872104, 283.032000000]: Footprint model 'polygon' loaded for trajectory optimization.
[INFO] [1783857664.543804143, 283.682000000]: Footprint model 'polygon' loaded for trajectory optimization.
[INFO] [1783857665.137449640, 284.276000000]: Footprint model 'polygon' loaded for trajectory optimization.
[INFO] [1783857665.742717656, 284.878000000]: Footprint model 'polygon' loaded for trajectory optimization.
[INFO] [1783857666.344504401, 285.482000000]: Footprint model 'polygon' loaded for trajectory optimization.
[INFO] [1783857666.940047501, 286.074000000]: Footprint model 'polygon' loaded for trajectory optimization.
[INFO] [1783857670.500180367, 289.630000000]: Footprint model 'polygon' loaded for trajectory optimization.
[INFO] [1783857671.146230394, 290.274000000]: Footprint model 'polygon' loaded for trajectory optimization.
[INFO] [1783857671.699544448, 290.826000000]: Footprint model 'polygon' loaded for trajectory optimization.
[INFO] [1783857672.349605704, 291.474000000]: Footprint model 'polygon' loaded for trajectory optimization.
[INFO] [1783857672.903669620, 292.030000000]: Footprint model 'polygon' loaded for trajectory optimization.
[INFO] [1783857676.562190357, 295.680000000]: Footprint model 'polygon' loaded for trajectory optimization.
[INFO] [1783857677.111820732, 296.230000000]: Footprint model 'polygon' loaded for trajectory optimization.
[INFO] [1783857677.768026795, 296.886000000]: Footprint model 'polygon' loaded for trajectory optimization.
[INFO] [1783857678.310295622, 297.426000000]: Footprint model 'polygon' loaded for trajectory optimization.
[INFO] [1783857678.974562204, 298.088000000]: Footprint model 'polygon' loaded for trajectory optimization.
[INFO] [1783857679.568664094, 298.682000000]: Footprint model 'polygon' loaded for trajectory optimization.
[INFO] [1783857680.115833058, 299.228000000]: Footprint model 'polygon' loaded for trajectory optimization.
[INFO] [1783857680.723753443, 299.834000000]: Footprint model 'polygon' loaded for trajectory optimization.
[INFO] [1783857681.323282371, 300.436000000]: Footprint model 'polygon' loaded for trajectory optimization.
[INFO] [1783857681.981199530, 301.090000000]: Footprint model 'polygon' loaded for trajectory optimization.
[INFO] [1783857682.567961745, 301.678000000]: Footprint model 'polygon' loaded for trajectory optimization.
[INFO] [1783857683.171373878, 302.280000000]: Footpr[WARN] [1783857689.209700295, 308.306000000]: TebLocalPlannerROS: possible oscillation (of the robot or its local plan) detected. Activating recovery strategy (prefer current turning direction during optimization).
int model 'polygon' loaded for trajectory optimization.
[INFO] [1783857683.776029810, 302.882000000]: Footprint model 'polygon' loaded for trajectory optimization.
[INFO] [1783857684.375188917, 303.482000000]: Footprint model 'polygon' loaded for trajectory optimization.
[INFO] [1783857684.970977692, 304.076000000]: Footprint model 'polygon' loaded for trajectory optimization.
[INFO] [1783857685.401724365, 304.506000000]: TebLocalPlannerROS: oscillation recovery disabled/expired.
[INFO] [1783857685.576234673, 304.680000000]: Footprint model 'polygon' loaded for trajectory optimization.
[INFO] [1783857686.127520684, 305.230000000]: Footprint model 'polygon' loaded for trajectory optimization.
[INFO] [1783857686.727322878, 305.830000000]: Footprint model 'polygon' loaded for trajectory optimization.
[INFO] [1783857687.375314031, 306.476000000]: Footprint model 'polygon' loaded for trajectory optimization.
[INFO] [1783857687.930083336, 307.030000000]: Footprint model 'polygon' loaded for trajectory optimization.
[INFO] [1783857688.578555628, 307.676000000]: Footprint model 'polygon' loaded for trajectory optimization.
[INFO] [1783857689.178991410, 308.276000000]: Footprint model 'polygon' loaded for trajectory optimization.
[INFO] [1783857689.771998282, 308.868000000]: Footprint model 'polygon' loaded for trajectory optimization.
[INFO] [1783857693.335707311, 312.426000000]: Footprint model 'polygon' loaded for trajectory optimization.
[INFO] [1783857693.987231767, 313.076000000]: Footprint model 'polygon' loaded for trajectory optimization.
[INFO] [1783857694.529845137, 313.620000000]: Footprint model 'polygon' loaded for trajectory optimization.
[INFO] [1783857695.136559486, 314.224000000]: Footprint model 'polygon' loaded for trajectory optimization.
[INFO] [1783857695.785835615, 314.874000000]: Footprint model 'polygon' loaded for trajectory optimization.
[INFO] [1783857696.390934067, 315.476000000]: Footprint model 'polygon' loaded for trajectory optimization.
[INFO] [1783857699.995089751, 319.076000000]: Footprint model 'polygon' loaded for trajectory optimization.
[INFO] [1783857700.562421318, 319.642000000]: Footprint model 'polygon' loaded for trajectory optimization.
[INFO] [1783857701.156460035, 320.236000000]: Footprint model 'polygon' loaded for trajectory optimization.
[INFO] [1783857701.760157999, 320.838000000]: Footprint model 'polygon' loaded for trajectory optimization.
[INFO] [1783857702.358356177, 321.438000000]: Footprint model 'polygon' loaded for trajectory optimization.
[INFO] [1783857703.016566725, 322.092000000]: Footprint model 'polygon' loaded for trajectory optimization.
[INFO] [1783857703.552332757, 322.630000000]: Footprint model 'polygon' loaded for trajectory optimization.
[INFO] [1783857704.210319388, 323.284000000]: Footprint model 'polygon' loaded for trajectory optimization.
[INFO] [1783857704.806525830, 323.878000000]: Footprint model 'polygon' loaded for trajectory optimization.
[INFO] [1783857705.416289685, 324.486000000]: Footprint model 'polygon' loaded for trajectory optimization.
[INFO] [1783857705.956487863, 325.026000000]: Footprint model 'polygon' loaded for trajectory optimization.
[INFO] [1783857706.616391213, 325.688000000]: Footprint model 'polygon' loaded for trajectory optimization.
[INFO] [1783857707.157966063, 326.226000000]: Footprint model 'polygon' loaded for trajectory optimization.
[INFO] [1783857707.763208541, 326.834000000]: Footprint model 'polygon' loaded for trajectory optimization.
[INFO] [1783857708.417657371, 327.484000000]: Footprint model 'polygon' loaded for trajectory optimization.
[INFO] [1783857708.537585496, 327.606000000]: TebLocalPlannerROS: oscillation recovery disabled/expired.
[INFO] [1783857708.961961337, 328.028000000]: Footprint model 'polygon' loaded for trajectory optimization.
[INFO] [1783857709.617663125, 328.682000000]: Footprint model 'polygon' loaded for trajectory optimization.
[INFO] [1783857710.213061861, 329.278000000]: Footprint model 'polygon' loaded for trajectory optimization.
[INFO] [1783857710.816118072, 329.878000000]: Foot[WARN] [1783857713.763598218, 332.822000000]: TebLocalPlannerROS: possible oscillation (of the robot or its local plan) detected. Activating recovery strategy (prefer current turning direction during optimization).
print model 'polygon' loaded for trajectory optimization.
[INFO] [1783857711.457322494, 330.520000000]: Footprint model 'polygon' loaded for trajectory optimization.
[INFO] [1783857712.322928990, 331.384000000]: Footprint model 'polygon' loaded for trajectory optimization.
[INFO] [1783857712.929320907, 331.990000000]: Footprint model 'polygon' loaded for trajectory optimization.
[INFO] [1783857713.499584893, 332.558000000]: Footprint model 'polygon' loaded for trajectory optimization.
[INFO] [1783857714.130573067, 333.186000000]: Footprint model 'polygon' loaded for trajectory optimization.
[INFO] [1783857714.680203297, 333.736000000]: Footprint model 'polygon' loaded for trajectory optimization.
[INFO] [1783857715.329438524, 334.384000000]: Footprint model 'polygon' loaded for trajectory optimization.
[INFO] [1783857715.878965197, 334.934000000]: Footprint model 'polygon' loaded for trajectory optimization.
[INFO] [1783857716.527342025, 335.584000000]: Footprint model 'polygon' loaded for trajectory optimization.
[INFO] [1783857718.369067207, 337.422000000]: GOAL Reached!
[INFO] [1783857718.473794278, 337.526000000]: Footprint model 'polygon' loaded for trajectory optimization.
[INFO] [1783857719.350775004, 338.402000000]: Footprint model 'polygon' loaded for trajectory optimization.
[INFO] [1783857719.889958570, 338.940000000]: Footprint model 'polygon' loaded for trajectory optimization.
[INFO] [1783857720.491961841, 339.540000000]: Footprint model 'polygon' loaded for trajectory optimization.
[INFO] [1783857721.093967603, 340.142000000]: Footprint model 'polygon' loaded for trajectory optimization.
[INFO] [1783857721.695715436, 340.742000000]: Footprint model 'polygon' loaded for trajectory optimization.
[INFO] [1783857722.295370814, 341.340000000]: Footprint model 'polygon' loaded for trajectory optimization.
[INFO] [1783857722.945001283, 341.988000000]: Footprint model 'polygon' loaded for trajectory optimization.
[INFO] [1783857723.544229874, 342.590000000]: Footprint model 'polygon' loaded for trajectory optimization.
[INFO] [1783857724.146473150, 343.192000000]: Footprint model 'polygon' loaded for trajectory optimization.
[INFO] [1783857724.685120489, 343.726000000]: TebLocalPlannerROS: oscillation recovery disabled/expired.
[INFO] [1783857724.699289242, 343.740000000]: Footprint model 'polygon' loaded for trajectory optimization.
[INFO] [1783857725.345615526, 344.386000000]: Footprint model 'polygon' loaded for trajectory optimization.
[INFO] [1783857726.888988792, 345.926000000]: GOAL Reached!
[INFO] [1783857726.982228681, 346.020000000]: Footprint model 'polygon' loaded for trajectory optimization.
[INFO] [1783857727.867449324, 346.904000000]: Footprint model 'polygon' loaded for trajectory optimization.
[INFO] [1783857728.504705330, 347.542000000]: Footprint model 'polygon' loaded for trajectory optimization.
[INFO] [1783857729.107524357, 348.142000000]: Footprint model 'polygon' loaded for trajectory optimization.
[INFO] [1783857729.709114966, 348.742000000]: Footprint model 'polygon' loaded for trajectory optimization.
[INFO] [1783857730.308872994, 349.342000000]: Footprint model 'polygon' loaded for trajectory optimization.
[INFO] [1783857730.908513547, 349.938000000]: Footprint model 'polygon' loaded for trajectory optimization.
[INFO] [1783857731.562624185, 350.592000000]: Footprint model 'polygon' loaded for trajectory optimization.
[INFO] [1783857735.158636362, 354.186000000]: Footprint model 'polygon' loaded for trajectory optimization.
[INFO] [1783857735.707970527, 354.732000000]: Footprint model 'polygon' loaded for trajectory optimization.
[INFO] [1783857736.361944113, 355.384000000]: Footprint model 'polygon' loaded for trajectory optimization.
[INFO] [1783857736.960030579, 355.980000000]: Footprint model 'polygon' loaded for trajectory optimization.
[INFO] [1783857737.558657124, 356.580000000]: Footprint model 'polygon' loaded for trajectory optimization.
[INFO] [1783857738.164161371, 357.184000000]: Footprint model 'polygon' loaded for trajectory optimization.
[INFO] [1783857738.762472883, 357[WARN] [1783857743.000552486, 362.012000000]: TebLocalPlannerROS: possible oscillation (of the robot or its local plan) detected. Activating recovery strategy (prefer current turning direction during optimization).
[ERROR] [1783857744.504332153, 363.512000000]: Aborting because the robot appears to be oscillating over and over. Even after executing all recovery behaviors
.780000000]: Footprint model 'polygon' loaded for trajectory optimization.
[INFO] [1783857739.318297676, 358.334000000]: Footprint model 'polygon' loaded for trajectory optimization.
[INFO] [1783857739.914587297, 358.930000000]: Footprint model 'polygon' loaded for trajectory optimization.
[INFO] [1783857740.516558492, 359.530000000]: Footprint model 'polygon' loaded for trajectory optimization.
[INFO] [1783857741.170544870, 360.186000000]: Footprint model 'polygon' loaded for trajectory optimization.
[INFO] [1783857741.770938940, 360.784000000]: Footprint model 'polygon' loaded for trajectory optimization.
[INFO] [1783857742.320289968, 361.330000000]: Footprint model 'polygon' loaded for trajectory optimization.
[INFO] [1783857742.970649875, 361.980000000]: Footprint model 'polygon' loaded for trajectory optimization.
[INFO] [1783857743.576110032, 362.586000000]: Footprint model 'polygon' loaded for trajectory optimization.
[INFO] [1783857744.177217874, 363.186000000]: Footprint model 'polygon' loaded for trajectory optimization.
[INFO] [1783857744.858138484, 363.864000000]: Footprint model 'polygon' loaded for trajectory optimization.
[INFO] [1783857745.718249089, 364.726000000]: Footprint model 'polygon' loaded for trajectory optimization.
[INFO] [1783857746.315256172, 365.320000000]: Footprint model 'polygon' loaded for trajectory optimization.
[INFO] [1783857746.867345717, 365.872000000]: Footprint model 'polygon' loaded for trajectory optimization.
[INFO] [1783857747.468965003, 366.472000000]: Footprint model 'polygon' loaded for trajectory optimization.
[INFO] [1783857748.070922672, 367.074000000]: Footprint model 'polygon' loaded for trajectory optimization.
[INFO] [1783857748.666732265, 367.670000000]: Footprint model 'polygon' loaded for trajectory optimization.
[INFO] [1783857749.316087606, 368.318000000]: Footprint model 'polygon' loaded for trajectory optimization.
[INFO] [1783857749.918035285, 368.918000000]: Footprint model 'polygon' loaded for trajectory optimization.
[INFO] [1783857750.470180141, 369.468000000]: Footprint model 'polygon' loaded for trajectory optimization.
[INFO] [1783857751.119130462, 370.116000000]: Footprint model 'polygon' loaded for trajectory optimization.
[INFO] [1783857752.763803085, 371.756000000]: GOAL Reached!
[INFO] [1783857752.852149025, 371.844000000]: Footprint model 'polygon' loaded for trajectory optimization.
[INFO] [1783857753.734172994, 372.724000000]: Footprint model 'polygon' loaded for trajectory optimization.
[INFO] [1783857754.282847888, 373.274000000]: Footprint model 'polygon' loaded for trajectory optimization.
[INFO] [1783857754.927981718, 373.916000000]: Footprint model 'polygon' loaded for trajectory optimization.
[INFO] [1783857755.529914152, 374.522000000]: Footprint model 'polygon' loaded for trajectory optimization.
[INFO] [1783857756.131677195, 375.120000000]: Footprint model 'polygon' loaded for trajectory optimization.
[INFO] [1783857756.686574514, 375.676000000]: Footprint model 'polygon' loaded for trajectory optimization.
[INFO] [1783857757.285120517, 376.272000000]: Footprint model 'polygon' loaded for trajectory optimization.
[INFO] [1783857757.885923525, 376.870000000]: Footprint model 'polygon' loaded for trajectory optimization.
[INFO] [1783857758.171871197, 377.156000000]: TebLocalPlannerROS: oscillation recovery disabled/expired.
[INFO] [1783857758.536944833, 377.520000000]: Footprint model 'polygon' loaded for trajectory optimization.
[INFO] [1783857759.085759205, 378.068000000]: Footprint model 'polygon' loaded for trajectory optimization.
[INFO] [1783857759.735700306, 378.718000000]: Footprint model 'polygon' loaded for trajectory optimization.
[INFO] [1783857761.477050564, 380.456000000]: GOAL Reached!
[INFO] [1783857761.582151807, 380.560000000]: Footprint model 'polygon' loaded for trajectory optimization.
[INFO] [1783857762.466162680, 381.444000000]: Footprint model 'polygon' loaded for trajectory optimization.
[INFO] [1783857763.059371558, 382.036000000]: Footprint model 'polygon' loaded for trajectory optimization.
[INFO] [1783857763.606849362, 382.582000000]: Footprint model 'polygon' loaded for trajectory optimization.
[INFO] [1783857764.260424523, 383.236000000]: Footprint model 'polygon' loaded for trajectory optimization.
[INFO] [1783857764.863591466, 383.836000000]: Footprint model 'polygon' loaded for trajectory optimization.
[INFO] [1783857765.463475948, 384.436000000]: Footprint model 'polygon' loaded for trajectory optimization.
[INFO] [1783857766.011045325, 384.982000000]: Footprint model 'polygon' loaded for trajectory optimization.
[INFO] [1783857767.697824452, 386.666000000]: GOAL Reached!
[INFO] [1783857767.790374419, 386.760000000]: Footprint model 'polygon' loaded for trajectory optimization.
[INFO] [1783857768.656594006, 387.624000000]: Footprint model 'polygon' loaded for trajectory optimization.
[INFO] [1783857769.241867589, 388.208000000]: Footprint model 'polygon' loaded for trajectory optimization.
[INFO] [1783857769.804658123, 388.768000000]: Footprint model 'polygon' loaded for trajectory optimization.
[INFO] [1783857770.403036268, 389.366000000]: Footprint model 'polygon' loaded for trajectory optimization.
[INFO] [1783857771.000100776, 389.962000000]: Footprint model 'polygon' loaded for trajectory optimization.
[INFO] [1783857771.647907443, 390.610000000]: Footprint model 'polygon' loaded for trajectory optimization.
[INFO] [1783857772.302902839, 391.264000000]: Footprint model 'polygon' loaded for trajectory optimization.
[INFO] [1783857772.950277928, 391.910000000]: Footprint model 'polygon' loaded for trajectory optimization.
[INFO] [1783857773.498527572, 392.460000000]: Footprint model 'polygon' loaded for trajectory optimization.
[INFO] [1783857775.192243122, 394.148000000]: GOAL Reached!
[INFO] [1783857775.298717137, 394.256000000]: Footprint model 'polygon' loaded for trajectory optimization.
[INFO] [1783857776.189156460, 395.144000000]: Footprint model 'polygon' loaded for trajectory optimization.
[INFO] [1783857776.773150364, 395.728000000]: Footprint model 'polygon' loaded for trajectory optimization.
[INFO] [1783857777.330371729, 396.282000000]: Footprint model 'polygon' loaded for trajectory optimization.
[INFO] [1783857777.974440983, 396.924000000]: Footprint model 'polygon' loaded for trajectory optimization.
[INFO] [1783857778.571892450, 397.522000000]: Footprint model 'polygon' loaded for trajectory optimization.
[INFO] [1783857779.123523764, 398.072000000]: Footprint model 'polygon' loaded for trajectory optimization.
[INFO] [1783857779.772393409, 398.720000000]: Footprint model 'polygon' loaded for trajectory optimization.
[INFO] [1783857780.374353105, 399.320000000]: Footprint model 'polygon' loaded for trajectory optimization.
[INFO] [1783857780.924433785, 399.870000000]: Footprint model 'polygon' loaded for trajectory optimization.
[INFO] [1783857782.818146467, 401.760000000]: GOAL Reached!
[INFO] [1783857782.919491180, 401.862000000]: Footprint model 'polygon' loaded for trajectory optimization.
[INFO] [1783857783.802173783, 402.742000000]: Footprint model 'polygon' loaded for trajectory optimization.
[INFO] [1783857784.353984063, 403.292000000]: Footprint model 'polygon' loaded for trajectory optimization.
[INFO] [1783857784.997026247, 403.936000000]: Footprint model 'polygon' loaded for trajectory optimization.
[INFO] [1783857785.601466626, 404.538000000]: Footprint model 'polygon' loaded for trajectory optimization.
[INFO] [1783857786.198920627, 405.136000000]: Footprint model 'polygon' loaded for trajectory optimization.
[INFO] [1783857786.747748246, 405.684000000]: Footprint model 'polygon' loaded for trajectory optimization.
[INFO] [1783857787.348072603, 406.282000000]: Footprint model 'polygon' loaded for trajectory optimization.
[INFO] [1783857791.012544356, 409.938000000]: Footprint model 'polygon' loaded for trajectory optimization.
[INFO] [1783857791.554723033, 410.484000000]: Footprint model 'polygon' loaded for trajectory optimization.
[INFO] [1783857792.155490134, 411.084000000]: Footprint model 'polygon' loaded for trajectory optimization.
[INFO] [1783857792.759909481, 411.684000000][WARN] [1783857795.245282203, 414.166000000]: TebLocalPlannerROS: possible oscillation (of the robot or its local plan) detected. Activating recovery strategy (prefer current turning direction during optimization).
[WARN] [1783857810.971368120, 429.866000000]: TebLocalPlannerROS: possible oscillation (of the robot or its local plan) detected. Activating recovery strategy (prefer current turning direction during optimization).
: Footprint model 'polygon' loaded for trajectory optimization.
[INFO] [1783857793.357833182, 412.282000000]: Footprint model 'polygon' loaded for trajectory optimization.
[INFO] [1783857794.012843826, 412.934000000]: Footprint model 'polygon' loaded for trajectory optimization.
[INFO] [1783857797.624616182, 416.542000000]: Footprint model 'polygon' loaded for trajectory optimization.
[INFO] [1783857798.229998673, 417.142000000]: Footprint model 'polygon' loaded for trajectory optimization.
[INFO] [1783857798.780999419, 417.694000000]: Footprint model 'polygon' loaded for trajectory optimization.
[INFO] [1783857799.433064281, 418.346000000]: Footprint model 'polygon' loaded for trajectory optimization.
[INFO] [1783857800.027397305, 418.938000000]: Footprint model 'polygon' loaded for trajectory optimization.
[INFO] [1783857800.589465278, 419.502000000]: Footprint model 'polygon' loaded for trajectory optimization.
[INFO] [1783857801.184153467, 420.094000000]: Footprint model 'polygon' loaded for trajectory optimization.
[INFO] [1783857801.790006519, 420.698000000]: Footprint model 'polygon' loaded for trajectory optimization.
[INFO] [1783857802.386319282, 421.292000000]: Footprint model 'polygon' loaded for trajectory optimization.
[INFO] [1783857803.041642185, 421.948000000]: Footprint model 'polygon' loaded for trajectory optimization.
[INFO] [1783857803.632955332, 422.538000000]: Footprint model 'polygon' loaded for trajectory optimization.
[INFO] [1783857804.233155814, 423.138000000]: Footprint model 'polygon' loaded for trajectory optimization.
[INFO] [1783857804.844316448, 423.748000000]: Footprint model 'polygon' loaded for trajectory optimization.
[INFO] [1783857805.382863709, 424.286000000]: Footprint model 'polygon' loaded for trajectory optimization.
[INFO] [1783857806.052508576, 424.954000000]: Footprint model 'polygon' loaded for trajectory optimization.
[INFO] [1783857806.164824602, 425.066000000]: TebLocalPlannerROS: oscillation recovery disabled/expired.
[INFO] [1783857806.582279505, 425.486000000]: Footprint model 'polygon' loaded for trajectory optimization.
[INFO] [1783857807.190010390, 426.090000000]: Footprint model 'polygon' loaded for trajectory optimization.
[INFO] [1783857807.834885693, 426.734000000]: Footprint model 'polygon' loaded for trajectory optimization.
[INFO] [1783857808.436705239, 427.336000000]: Footprint model 'polygon' loaded for trajectory optimization.
[INFO] [1783857808.990159249, 427.886000000]: Footprint model 'polygon' loaded for trajectory optimization.
[INFO] [1783857809.589954066, 428.486000000]: Footprint model 'polygon' loaded for trajectory optimization.
[INFO] [1783857810.245402847, 429.140000000]: Footprint model 'polygon' loaded for trajectory optimization.
[INFO] [1783857810.790054874, 429.684000000]: Footprint model 'polygon' loaded for trajectory optimization.
[INFO] [1783857811.391058629, 430.284000000]: Footprint model 'polygon' loaded for trajectory optimization.
[INFO] [1783857815.050892129, 433.938000000]: Footprint model 'polygon' loaded for trajectory optimization.
[INFO] [1783857815.649743664, 434.534000000]: Footprint model 'polygon' loaded for trajectory optimization.
[INFO] [1783857816.245710357, 435.130000000]: Footprint model 'polygon' loaded for trajectory optimization.
[INFO] [1783857816.847817535, 435.732000000]: Footprint model 'polygon' loaded for trajectory optimization.
[INFO] [1783857817.404682773, 436.288000000]: Footprint model 'polygon' loaded for trajectory optimization.
[INFO] [1783857818.003572474, 436.884000000]: Footprint model 'polygon' loaded for trajectory optimization.
[INFO] [1783857821.613825529, 440.492000000]: Footprint model 'polygon' loaded for trajectory optimization.
[INFO] [1783857822.275864338, 441.150000000]: Footprint model 'polygon' loaded for trajectory optimization.
[INFO] [1783857822.820480779, 441.694000000]: Footprint model 'polygon' loaded for trajectory optimization.
[INFO] [1783857823.478793252, 442.352000000]: Footprint model 'polygon' loaded for trajectory optimization.
[INFO] [1783857824.070732558, 442.94400[WARN] [1783857835.725629861, 454.578000000]: TebLocalPlannerROS: possible oscillation (of the robot or its local plan) detected. Activating recovery strategy (prefer current turning direction during optimization).
0000]: Footprint model 'polygon' loaded for trajectory optimization.
[INFO] [1783857824.620264927, 443.492000000]: Footprint model 'polygon' loaded for trajectory optimization.
[INFO] [1783857825.224569022, 444.094000000]: Footprint model 'polygon' loaded for trajectory optimization.
[INFO] [1783857825.885147413, 444.754000000]: Footprint model 'polygon' loaded for trajectory optimization.
[INFO] [1783857826.473460814, 445.342000000]: Footprint model 'polygon' loaded for trajectory optimization.
[INFO] [1783857827.075330447, 445.942000000]: Footprint model 'polygon' loaded for trajectory optimization.
[INFO] [1783857827.619989128, 446.488000000]: Footprint model 'polygon' loaded for trajectory optimization.
[INFO] [1783857828.277143238, 447.144000000]: Footprint model 'polygon' loaded for trajectory optimization.
[INFO] [1783857828.871505773, 447.736000000]: Footprint model 'polygon' loaded for trajectory optimization.
[INFO] [1783857829.431742447, 448.298000000]: Footprint model 'polygon' loaded for trajectory optimization.
[INFO] [1783857830.074390037, 448.936000000]: Footprint model 'polygon' loaded for trajectory optimization.
[INFO] [1783857830.304296090, 449.166000000]: TebLocalPlannerROS: oscillation recovery disabled/expired.
[INFO] [1783857830.680202067, 449.540000000]: Footprint model 'polygon' loaded for trajectory optimization.
[INFO] [1783857831.223408545, 450.086000000]: Footprint model 'polygon' loaded for trajectory optimization.
[INFO] [1783857831.918081046, 450.780000000]: Footprint model 'polygon' loaded for trajectory optimization.
[INFO] [1783857832.786619721, 451.644000000]: Footprint model 'polygon' loaded for trajectory optimization.
[INFO] [1783857833.385822133, 452.242000000]: Footprint model 'polygon' loaded for trajectory optimization.
[INFO] [1783857833.941267947, 452.796000000]: Footprint model 'polygon' loaded for trajectory optimization.
[INFO] [1783857834.584516461, 453.440000000]: Footprint model 'polygon' loaded for trajectory optimization.
[INFO] [1783857835.138385364, 453.994000000]: Footprint model 'polygon' loaded for trajectory optimization.
[INFO] [1783857835.740928485, 454.594000000]: Footprint model 'polygon' loaded for trajectory optimization.
[INFO] [1783857836.341203774, 455.192000000]: Footprint model 'polygon' loaded for trajectory optimization.
[INFO] [1783857836.940124299, 455.790000000]: Footprint model 'polygon' loaded for trajectory optimization.
[INFO] [1783857837.588954526, 456.438000000]: Footprint model 'polygon' loaded for trajectory optimization.
[INFO] [1783857839.331845615, 458.178000000]: GOAL Reached!
[INFO] [1783857839.429296599, 458.276000000]: Footprint model 'polygon' loaded for trajectory optimization.
[INFO] [1783857840.300280339, 459.144000000]: Footprint model 'polygon' loaded for trajectory optimization.
[INFO] [1783857840.895268767, 459.740000000]: Footprint model 'polygon' loaded for trajectory optimization.
[INFO] [1783857841.450556376, 460.294000000]: Footprint model 'polygon' loaded for trajectory optimization.
[INFO] [1783857842.098957387, 460.940000000]: Footprint model 'polygon' loaded for trajectory optimization.
[INFO] [1783857842.699661284, 461.540000000]: Footprint model 'polygon' loaded for trajectory optimization.
[INFO] [1783857843.248461638, 462.088000000]: Footprint model 'polygon' loaded for trajectory optimization.
[INFO] [1783857843.848667403, 462.688000000]: Footprint model 'polygon' loaded for trajectory optimization.
[INFO] [1783857844.450007444, 463.288000000]: Footprint model 'polygon' loaded for trajectory optimization.
[INFO] [1783857846.340929203, 465.176000000]: GOAL Reached!
[INFO] [1783857846.450229874, 465.284000000]: Footprint model 'polygon' loaded for trajectory optimization.
[INFO] [1783857847.251301228, 466.084000000]: TebLocalPlannerROS: oscillation recovery disabled/expired.
[INFO] [1783857847.332287757, 466.164000000]: Footprint model 'polygon' loaded for trajectory optimization.
[INFO] [1783857847.925623590, 466.760000000]: Footprint model 'polygon' loaded for trajectory optimization.
[INFO] [1783857848.520309[WARN] [1783857861.874805114, 480.684000000]: TebLocalPlannerROS: possible oscillation (of the robot or its local plan) detected. Activating recovery strategy (prefer current turning direction during optimization).
542, 467.350000000]: Footprint model 'polygon' loaded for trajectory optimization.
[INFO] [1783857849.120741644, 467.954000000]: Footprint model 'polygon' loaded for trajectory optimization.
[INFO] [1783857849.726684007, 468.554000000]: Footprint model 'polygon' loaded for trajectory optimization.
[INFO] [1783857850.324609369, 469.152000000]: Footprint model 'polygon' loaded for trajectory optimization.
[INFO] [1783857850.928016568, 469.756000000]: Footprint model 'polygon' loaded for trajectory optimization.
[INFO] [1783857854.479835831, 473.302000000]: Footprint model 'polygon' loaded for trajectory optimization.
[INFO] [1783857855.081781380, 473.902000000]: Footprint model 'polygon' loaded for trajectory optimization.
[INFO] [1783857855.732545995, 474.552000000]: Footprint model 'polygon' loaded for trajectory optimization.
[INFO] [1783857856.282608777, 475.104000000]: Footprint model 'polygon' loaded for trajectory optimization.
[INFO] [1783857856.935277096, 475.752000000]: Footprint model 'polygon' loaded for trajectory optimization.
[INFO] [1783857857.536340561, 476.354000000]: Footprint model 'polygon' loaded for trajectory optimization.
[INFO] [1783857858.134082328, 476.952000000]: Footprint model 'polygon' loaded for trajectory optimization.
[INFO] [1783857858.739690323, 477.556000000]: Footprint model 'polygon' loaded for trajectory optimization.
[INFO] [1783857859.289399936, 478.104000000]: Footprint model 'polygon' loaded for trajectory optimization.
[INFO] [1783857859.889065269, 478.702000000]: Footprint model 'polygon' loaded for trajectory optimization.
[INFO] [1783857860.490451757, 479.304000000]: Footprint model 'polygon' loaded for trajectory optimization.
[INFO] [1783857861.142441860, 479.954000000]: Footprint model 'polygon' loaded for trajectory optimization.
[INFO] [1783857861.693321770, 480.504000000]: Footprint model 'polygon' loaded for trajectory optimization.
[INFO] [1783857862.344483596, 481.152000000]: Footprint model 'polygon' loaded for trajectory optimization.
[INFO] [1783857862.895540932, 481.702000000]: Footprint model 'polygon' loaded for trajectory optimization.
[INFO] [1783857863.501295375, 482.308000000]: Footprint model 'polygon' loaded for trajectory optimization.
[INFO] [1783857864.154070493, 482.958000000]: Footprint model 'polygon' loaded for trajectory optimization.
[INFO] [1783857864.703745246, 483.508000000]: Footprint model 'polygon' loaded for trajectory optimization.
[INFO] [1783857868.364413006, 487.162000000]: Footprint model 'polygon' loaded for trajectory optimization.
[INFO] [1783857868.919097434, 487.716000000]: Footprint model 'polygon' loaded for trajectory optimization.
[INFO] [1783857869.527882851, 488.324000000]: Footprint model 'polygon' loaded for trajectory optimization.
[INFO] [1783857870.175029475, 488.970000000]: Footprint model 'polygon' loaded for trajectory optimization.
[INFO] [1783857870.718347003, 489.510000000]: Footprint model 'polygon' loaded for trajectory optimization.
[INFO] [1783857871.376956873, 490.170000000]: Footprint model 'polygon' loaded for trajectory optimization.
[INFO] [1783857871.925673371, 490.718000000]: Footprint model 'polygon' loaded for trajectory optimization.
[INFO] [1783857872.523707052, 491.314000000]: Footprint model 'polygon' loaded for trajectory optimization.
[INFO] [1783857873.094230729, 491.884000000]: TebLocalPlannerROS: oscillation recovery disabled/expired.
[INFO] [1783857873.126632493, 491.916000000]: Footprint model 'polygon' loaded for trajectory optimization.
[INFO] [1783857873.790355873, 492.578000000]: Footprint model 'polygon' loaded for trajectory optimization.
[INFO] [1783857874.425633653, 493.214000000]: Footprint model 'polygon' loaded for trajectory optimization.
[INFO] [1783857875.025009556, 493.812000000]: Footprint model 'polygon' loaded for trajectory optimization.
[INFO] [1783857875.674905116, 494.462000000]: Footprint model 'polygon' loaded for trajectory optimization.
[INFO] [1783857876.274344253, 495.060000000]: Footprint model 'polygon' loaded for trajectory optimization.
[INFO] [1783857876.8[WARN] [1783857883.309044490, 502.084000000]: TebLocalPlannerROS: possible oscillation (of the robot or its local plan) detected. Activating recovery strategy (prefer current turning direction during optimization).
14666592, 495.602000000]: Footprint model 'polygon' loaded for trajectory optimization.
[INFO] [1783857877.474409294, 496.258000000]: Footprint model 'polygon' loaded for trajectory optimization.
[INFO] [1783857878.070431605, 496.852000000]: Footprint model 'polygon' loaded for trajectory optimization.
[INFO] [1783857878.624963491, 497.408000000]: Footprint model 'polygon' loaded for trajectory optimization.
[INFO] [1783857879.231775549, 498.012000000]: Footprint model 'polygon' loaded for trajectory optimization.
[INFO] [1783857879.850013854, 498.628000000]: Footprint model 'polygon' loaded for trajectory optimization.
[INFO] [1783857880.430169557, 499.210000000]: Footprint model 'polygon' loaded for trajectory optimization.
[INFO] [1783857881.081730831, 499.858000000]: Footprint model 'polygon' loaded for trajectory optimization.
[INFO] [1783857881.625752983, 500.406000000]: Footprint model 'polygon' loaded for trajectory optimization.
[INFO] [1783857882.232376464, 501.010000000]: Footprint model 'polygon' loaded for trajectory optimization.
[INFO] [1783857882.836415959, 501.612000000]: Footprint model 'polygon' loaded for trajectory optimization.
[INFO] [1783857883.479453014, 502.254000000]: Footprint model 'polygon' loaded for trajectory optimization.
[INFO] [1783857884.033720999, 502.806000000]: Footprint model 'polygon' loaded for trajectory optimization.
[INFO] [1783857884.688361752, 503.460000000]: Footprint model 'polygon' loaded for trajectory optimization.
[INFO] [1783857885.233311901, 504.004000000]: Footprint model 'polygon' loaded for trajectory optimization.
[INFO] [1783857888.847795722, 507.614000000]: Footprint model 'polygon' loaded for trajectory optimization.
[INFO] [1783857889.437904364, 508.202000000]: Footprint model 'polygon' loaded for trajectory optimization.
[INFO] [1783857890.037380192, 508.802000000]: Footprint model 'polygon' loaded for trajectory optimization.
[INFO] [1783857890.640998047, 509.404000000]: Footprint model 'polygon' loaded for trajectory optimization.
[INFO] [1783857891.296105429, 510.056000000]: Footprint model 'polygon' loaded for trajectory optimization.
[INFO] [1783857891.888469675, 510.648000000]: Footprint model 'polygon' loaded for trajectory optimization.
[INFO] [1783857892.578511446, 511.338000000]: Footprint model 'polygon' loaded for trajectory optimization.
[INFO] [1783857893.470593375, 512.228000000]: Footprint model 'polygon' loaded for trajectory optimization.
[INFO] [1783857894.008658023, 512.764000000]: Footprint model 'polygon' loaded for trajectory optimization.
[INFO] [1783857894.392414743, 513.148000000]: TebLocalPlannerROS: oscillation recovery disabled/expired.
[INFO] [1783857894.610885682, 513.364000000]: Footprint model 'polygon' loaded for trajectory optimization.
[INFO] [1783857895.208684873, 513.964000000]: Footprint model 'polygon' loaded for trajectory optimization.
[INFO] [1783857895.810118686, 514.562000000]: Footprint model 'polygon' loaded for trajectory optimization.
[INFO] [1783857896.412237889, 515.162000000]: Footprint model 'polygon' loaded for trajectory optimization.
[INFO] [1783857897.007853845, 515.760000000]: Footprint model 'polygon' loaded for trajectory optimization.
[INFO] [1783857897.614308481, 516.364000000]: Footprint model 'polygon' loaded for trajectory optimization.
[INFO] [1783857898.259416110, 517.008000000]: Footprint model 'polygon' loaded for trajectory optimization.
[INFO] [1783857899.703406318, 518.448000000]: GOAL Reached!
[INFO] [1783857899.796095551, 518.542000000]: Footprint model 'polygon' loaded for trajectory optimization.
[INFO] [1783857900.660203151, 519.402000000]: Footprint model 'polygon' loaded for trajectory optimization.
[INFO] [1783857901.256955251, 519.998000000]: Footprint model 'polygon' loaded for trajectory optimization.
[INFO] [1783857901.813895831, 520.554000000]: Footprint model 'polygon' loaded for trajectory optimization.
[INFO] [1783857902.458350186, 521.198000000]: Footprint model 'polygon' loaded for trajectory optimization.
[INFO] [1783857903.010607458, 521.748000000]: Footprint model '[WARN] [1783857923.212653321, 541.920000000]: TebLocalPlannerROS: possible oscillation (of the robot or its local plan) detected. Activating recovery strategy (prefer current turning direction during optimization).
[ERROR] [1783857924.714540237, 543.420000000]: Aborting because the robot appears to be oscillating over and over. Even after executing all recovery behaviors
[WARN] [1783857924.988489707, 543.692000000]: The origin for the sensor at (7.38, -0.04) is out of map bounds. So, the costmap cannot raytrace for it.
polygon' loaded for trajectory optimization.
[INFO] [1783857903.611265712, 522.348000000]: Footprint model 'polygon' loaded for trajectory optimization.
[INFO] [1783857904.261225182, 522.998000000]: Footprint model 'polygon' loaded for trajectory optimization.
[INFO] [1783857904.807069667, 523.542000000]: Footprint model 'polygon' loaded for trajectory optimization.
[INFO] [1783857905.457583442, 524.194000000]: Footprint model 'polygon' loaded for trajectory optimization.
[INFO] [1783857907.003502827, 525.734000000]: GOAL Reached!
[INFO] [1783857907.091171270, 525.822000000]: Footprint model 'polygon' loaded for trajectory optimization.
[INFO] [1783857907.975492278, 526.704000000]: Footprint model 'polygon' loaded for trajectory optimization.
[INFO] [1783857908.566270935, 527.296000000]: Footprint model 'polygon' loaded for trajectory optimization.
[INFO] [1783857909.119999498, 527.848000000]: Footprint model 'polygon' loaded for trajectory optimization.
[INFO] [1783857909.771107663, 528.498000000]: Footprint model 'polygon' loaded for trajectory optimization.
[INFO] [1783857910.321994730, 529.046000000]: Footprint model 'polygon' loaded for trajectory optimization.
[INFO] [1783857910.974391793, 529.698000000]: Footprint model 'polygon' loaded for trajectory optimization.
[INFO] [1783857911.514477695, 530.240000000]: Footprint model 'polygon' loaded for trajectory optimization.
[INFO] [1783857915.177030787, 533.896000000]: Footprint model 'polygon' loaded for trajectory optimization.
[INFO] [1783857915.771175773, 534.488000000]: Footprint model 'polygon' loaded for trajectory optimization.
[INFO] [1783857916.377485425, 535.092000000]: Footprint model 'polygon' loaded for trajectory optimization.
[INFO] [1783857916.969299708, 535.684000000]: Footprint model 'polygon' loaded for trajectory optimization.
[INFO] [1783857917.527319153, 536.242000000]: Footprint model 'polygon' loaded for trajectory optimization.
[INFO] [1783857918.175447517, 536.888000000]: Footprint model 'polygon' loaded for trajectory optimization.
[INFO] [1783857918.730512845, 537.442000000]: Footprint model 'polygon' loaded for trajectory optimization.
[INFO] [1783857919.334027016, 538.046000000]: Footprint model 'polygon' loaded for trajectory optimization.
[INFO] [1783857919.978468723, 538.688000000]: Footprint model 'polygon' loaded for trajectory optimization.
[INFO] [1783857920.577011203, 539.288000000]: Footprint model 'polygon' loaded for trajectory optimization.
[INFO] [1783857921.181535451, 539.892000000]: Footprint model 'polygon' loaded for trajectory optimization.
[INFO] [1783857921.782798087, 540.490000000]: Footprint model 'polygon' loaded for trajectory optimization.
[INFO] [1783857922.381863649, 541.090000000]: Footprint model 'polygon' loaded for trajectory optimization.
[INFO] [1783857922.935189204, 541.644000000]: Footprint model 'polygon' loaded for trajectory optimization.
[INFO] [1783857923.586424594, 542.292000000]: Footprint model 'polygon' loaded for trajectory optimization.
[INFO] [1783857924.182535369, 542.886000000]: Footprint model 'polygon' loaded for trajectory optimization.
[INFO] [1783857924.875329569, 543.580000000]: Footprint model 'polygon' loaded for trajectory optimization.
[INFO] [1783857925.742425640, 544.444000000]: Footprint model 'polygon' loaded for trajectory optimization.
[INFO] [1783857926.291603467, 544.992000000]: Footprint model 'polygon' loaded for trajectory optimization.
[INFO] [1783857926.942736945, 545.642000000]: Footprint model 'polygon' loaded for trajectory optimization.
[INFO] [1783857927.545495257, 546.244000000]: Footprint model 'polygon' loaded for trajectory optimization.
[INFO] [1783857928.094256589, 546.790000000]: Footprint model 'polygon' loaded for trajectory optimization.
[INFO] [1783857928.695445300, 547.392000000]: Footprint model 'polygon' loaded for trajectory optimization.
[INFO] [1783857929.294141659, 547.988000000]: Footprint model 'polygon' loaded for trajectory optimization.
[INFO] [1783857929.944376643, 548.638000000]: Footprint model 'polygon' loaded for trajectory optimization.
[INFO] [1783857931.485746879, 550.178000000]: GOAL Reached!
[INFO] [1783857931.582583174, 550.274000000]: Footprint model 'polygon' loaded for trajectory optimization.
[INFO] [1783857932.473987129, 551.164000000]: Footprint model 'polygon' loaded for trajectory optimization.
[INFO] [1783857933.057966378, 551.746000000]: Footprint model 'polygon' loaded for trajectory optimization.
[INFO] [1783857933.611931882, 552.300000000]: Footprint model 'polygon' loaded for trajectory optimization.
[INFO] [1783857934.213760809, 552.902000000]: Footprint model 'polygon' loaded for trajectory optimization.
[INFO] [1783857934.817389441, 553.502000000]: Footprint model 'polygon' loaded for trajectory optimization.
[INFO] [1783857935.414863146, 554.100000000]: Footprint model 'polygon' loaded for trajectory optimization.
[INFO] [1783857936.015522838, 554.700000000]: Footprint model 'polygon' loaded for trajectory optimization.
[INFO] [1783857936.613859468, 555.298000000]: Footprint model 'polygon' loaded for trajectory optimization.
[INFO] [1783857936.901577831, 555.584000000]: TebLocalPlannerROS: oscillation recovery disabled/expired.
[INFO] [1783857937.215910623, 555.898000000]: Footprint model 'polygon' loaded for trajectory optimization.
[INFO] [1783857937.817585358, 556.500000000]: Footprint model 'polygon' loaded for trajectory optimization.
[INFO] [1783857938.464656331, 557.146000000]: Footprint model 'polygon' loaded for trajectory optimization.
[INFO] [1783857939.068281115, 557.746000000]: Footprint model 'polygon' loaded for trajectory optimization.
[INFO] [1783857940.708631564, 559.384000000]: GOAL Reached!
[INFO] [1783857940.791092888, 559.466000000]: Footprint model 'polygon' loaded for trajectory optimization.
[INFO] [1783857941.669726107, 560.344000000]: Footprint model 'polygon' loaded for trajectory optimization.
[INFO] [1783857942.228153214, 560.902000000]: Footprint model 'polygon' loaded for trajectory optimization.
[INFO] [1783857942.873823332, 561.546000000]: Footprint model 'polygon' loaded for trajectory optimization.
[INFO] [1783857943.423773231, 562.094000000]: Footprint model 'polygon' loaded for trajectory optimization.
[INFO] [1783857944.073455134, 562.746000000]: Footprint model 'polygon' loaded for trajectory optimization.
[INFO] [1783857944.677768574, 563.346000000]: Footprint model 'polygon' loaded for trajectory optimization.
[INFO] [1783857945.275030562, 563.942000000]: Footprint model 'polygon' loaded for trajectory optimization.
[INFO] [1783857947.814325045, 566.478000000]: GOAL Reached!
[INFO] [1783857947.912247840, 566.576000000]: Footprint model 'polygon' loaded for trajectory optimization.
[INFO] [1783857948.780095943, 567.442000000]: Footprint model 'polygon' loaded for trajectory optimization.
[INFO] [1783857949.331864514, 567.994000000]: Footprint model 'polygon' loaded for trajectory optimization.
[INFO] [1783857949.934134428, 568.596000000]: Footprint model 'polygon' loaded for trajectory optimization.
[INFO] [1783857950.580946813, 569.242000000]: Footprint model 'polygon' loaded for trajectory optimization.
[INFO] [1783857951.180470522, 569.838000000]: Footprint model 'polygon' loaded for trajectory optimization.
[INFO] [1783857951.735490011, 570.392000000]: Footprint model 'polygon' loaded for trajectory optimization.
[INFO] [1783857952.330890489, 570.990000000]: Footprint model 'polygon' loaded for trajectory optimization.
[INFO] [1783857952.935222720, 571.590000000]: Footprint model 'polygon' loaded for trajectory optimization.
[INFO] [1783857954.526344167, 573.178000000]: GOAL Reached!
[INFO] [1783857954.609008952, 573.262000000]: Footprint model 'polygon' loaded for trajectory optimization.
[INFO] [1783857955.473261752, 574.124000000]: Footprint model 'polygon' loaded for trajectory optimization.
[INFO] [1783857956.056326811, 574.706000000]: Footprint model 'polygon' loaded for trajectory optimization.
[INFO] [1783857956.613212087, 575.262000000]: Footprint model 'polygon' loaded for trajectory optimization.
[INFO] [1783857957.279270385, 575.930000000]: Footprint model 'polygon' loaded for trajectory optimization.
[INFO] [1783857957.858817001, 576.506000000]: Footprint model 'polygon' loaded for trajectory optimization.
[INFO] [1783857958.409980771, 577.060000000]: Footprint model 'polygon' loaded for trajectory optimization.
[INFO] [1783857959.012484251, 577.658000000]: Footprint model 'polygon' loaded for trajectory optimization.
[INFO] [1783857959.661770461, 578.308000000]: Footprint model 'polygon' loaded for trajectory optimization.
[INFO] [1783857960.260757818, 578.906000000]: Footprint model 'polygon' loaded for trajectory optimization.
[INFO] [1783857961.805200220, 580.446000000]: GOAL Reached!
[INFO] [1783857961.893886781, 580.534000000]: Footprint model 'polygon' loaded for trajectory optimization.
[INFO] [1783857962.780397900, 581.422000000]: Footprint model 'polygon' loaded for trajectory optimization.
[INFO] [1783857963.427376069, 582.066000000]: Footprint model 'polygon' loaded for trajectory optimization.
[INFO] [1783857964.020835619, 582.660000000]: Footprint model 'polygon' loaded for trajectory optimization.
[INFO] [1783857964.619599119, 583.256000000]: Footprint model 'polygon' loaded for trajectory optimization.
[INFO] [1783857965.219157555, 583.856000000]: Footprint model 'polygon' loaded for trajectory optimization.
[INFO] [1783857965.869154250, 584.504000000]: Footprint model 'polygon' loaded for trajectory optimization.
[INFO] [1783857966.467809516, 585.102000000]: Footprint model 'polygon' loaded for trajectory optimization.
[INFO] [1783857967.806036200, 586.436000000]: GOAL Reached!
[INFO] [1783857967.891816991, 586.522000000]: Footprint model 'polygon' loaded for trajectory optimization.
[INFO] [1783857968.754761489, 587.384000000]: Footprint model 'polygon' loaded for trajectory optimization.
[INFO] [1783857969.309929092, 587.938000000]: Footprint model 'polygon' loaded for trajectory optimization.
[INFO] [1783857969.907691749, 588.536000000]: Footprint model 'polygon' loaded for trajectory optimization.
[INFO] [1783857970.513888286, 589.140000000]: Footprint model 'polygon' loaded for trajectory optimization.
[INFO] [1783857971.110356350, 589.738000000]: Footprint model 'polygon' loaded for trajectory optimization.
[INFO] [1783857971.755054054, 590.382000000]: Footprint model 'polygon' loaded for trajectory optimization.
[INFO] [1783857972.310323099, 590.936000000]: Footprint model 'polygon' loaded for trajectory optimization.
[INFO] [1783857972.911493958, 591.534000000]: Footprint model 'polygon' loaded for trajectory optimization.
[INFO] [1783857974.501578879, 593.122000000]: GOAL Reached!
[INFO] [1783857974.585020165, 593.206000000]: Footprint model 'polygon' loaded for trajectory optimization.
[INFO] [1783857975.464425776, 594.084000000]: Footprint model 'polygon' loaded for trajectory optimization.
[INFO] [1783857976.063939185, 594.682000000]: Footprint model 'polygon' loaded for trajectory optimization.
[INFO] [1783857976.669437841, 595.286000000]: Footprint model 'polygon' loaded for trajectory optimization.
[INFO] [1783857977.219485199, 595.836000000]: Footprint model 'polygon' loaded for trajectory optimization.
[INFO] [1783857977.816859636, 596.434000000]: Footprint model 'polygon' loaded for trajectory optimization.
[INFO] [1783857978.467684799, 597.082000000]: Footprint model 'polygon' loaded for trajectory optimization.
[INFO] [1783857979.070792673, 597.684000000]: Footprint model 'polygon' loaded for trajectory optimization.
[INFO] [1783857979.615798356, 598.230000000]: Footprint model 'polygon' loaded for trajectory optimization.
[INFO] [1783857980.223327638, 598.836000000]: Footprint model 'polygon' loaded for trajectory optimization.
[INFO] [1783857982.112143307, 600.720000000]: GOAL Reached!
[INFO] [1783857982.210557961, 600.816000000]: Footprint model 'polygon' loaded for trajectory optimization.
[INFO] [1783857983.096566041, 601.704000000]: Footprint model 'polygon' loaded for trajectory optimization.
[INFO] [1783857983.681784783, 602.290000000]: Footprint model 'polygon' loaded for trajectory optimization.
[INFO] [1783857984.239524435, 602.84400000[WARN] [1783857994.633620382, 613.222000000]: TebLocalPlannerROS: possible oscillation (of the robot or its local plan) detected. Activating recovery strategy (prefer current turning direction during optimization).
[WARN] [1783858010.561396758, 629.122000000]: TebLocalPlannerROS: possible oscillation (of the robot or its local plan) detected. Activating recovery strategy (prefer current turning direction during optimization).
0]: Footprint model 'polygon' loaded for trajectory optimization.
[INFO] [1783857984.888072105, 603.490000000]: Footprint model 'polygon' loaded for trajectory optimization.
[INFO] [1783857985.437393406, 604.042000000]: Footprint model 'polygon' loaded for trajectory optimization.
[INFO] [1783857986.037889545, 604.640000000]: Footprint model 'polygon' loaded for trajectory optimization.
[INFO] [1783857986.688274355, 605.288000000]: Footprint model 'polygon' loaded for trajectory optimization.
[INFO] [1783857990.294147395, 608.892000000]: Footprint model 'polygon' loaded for trajectory optimization.
[INFO] [1783857990.896343190, 609.490000000]: Footprint model 'polygon' loaded for trajectory optimization.
[INFO] [1783857991.450342994, 610.044000000]: Footprint model 'polygon' loaded for trajectory optimization.
[INFO] [1783857992.047103432, 610.640000000]: Footprint model 'polygon' loaded for trajectory optimization.
[INFO] [1783857992.696942833, 611.288000000]: Footprint model 'polygon' loaded for trajectory optimization.
[INFO] [1783857993.301081491, 611.892000000]: Footprint model 'polygon' loaded for trajectory optimization.
[INFO] [1783857993.905426300, 612.494000000]: Footprint model 'polygon' loaded for trajectory optimization.
[INFO] [1783857997.507667246, 616.090000000]: Footprint model 'polygon' loaded for trajectory optimization.
[INFO] [1783857998.124259123, 616.708000000]: Footprint model 'polygon' loaded for trajectory optimization.
[INFO] [1783857998.713163201, 617.294000000]: Footprint model 'polygon' loaded for trajectory optimization.
[INFO] [1783857999.319430001, 617.902000000]: Footprint model 'polygon' loaded for trajectory optimization.
[INFO] [1783857999.918053840, 618.498000000]: Footprint model 'polygon' loaded for trajectory optimization.
[INFO] [1783858000.519560187, 619.098000000]: Footprint model 'polygon' loaded for trajectory optimization.
[INFO] [1783858001.125544032, 619.702000000]: Footprint model 'polygon' loaded for trajectory optimization.
[INFO] [1783858001.722651600, 620.300000000]: Footprint model 'polygon' loaded for trajectory optimization.
[INFO] [1783858002.273843258, 620.848000000]: Footprint model 'polygon' loaded for trajectory optimization.
[INFO] [1783858002.929212228, 621.506000000]: Footprint model 'polygon' loaded for trajectory optimization.
[INFO] [1783858003.470298659, 622.042000000]: Footprint model 'polygon' loaded for trajectory optimization.
[INFO] [1783858004.125427256, 622.700000000]: Footprint model 'polygon' loaded for trajectory optimization.
[INFO] [1783858004.778657805, 623.350000000]: Footprint model 'polygon' loaded for trajectory optimization.
[INFO] [1783858005.429466248, 624.000000000]: Footprint model 'polygon' loaded for trajectory optimization.
[INFO] [1783858005.552263072, 624.122000000]: TebLocalPlannerROS: oscillation recovery disabled/expired.
[INFO] [1783858005.972440545, 624.542000000]: Footprint model 'polygon' loaded for trajectory optimization.
[INFO] [1783858006.627971447, 625.196000000]: Footprint model 'polygon' loaded for trajectory optimization.
[INFO] [1783858007.176186921, 625.742000000]: Footprint model 'polygon' loaded for trajectory optimization.
[INFO] [1783858007.824506839, 626.392000000]: Footprint model 'polygon' loaded for trajectory optimization.
[INFO] [1783858008.425888106, 626.990000000]: Footprint model 'polygon' loaded for trajectory optimization.
[INFO] [1783858008.983415425, 627.548000000]: Footprint model 'polygon' loaded for trajectory optimization.
[INFO] [1783858009.578707037, 628.142000000]: Footprint model 'polygon' loaded for trajectory optimization.
[INFO] [1783858010.232751981, 628.796000000]: Footprint model 'polygon' loaded for trajectory optimization.
[INFO] [1783858010.780528490, 629.340000000]: Footprint model 'polygon' loaded for trajectory optimization.
[INFO] [1783858014.437933112, 632.994000000]: Footprint model 'polygon' loaded for trajectory optimization.
[INFO] [1783858014.986521130, 633.542000000]: Footprint model 'polygon' loaded for trajectory optimization.
[INFO] [1783858015.634596524, 634.192[WARN] [1783858032.321931, 650.852000]: training environment stop requested: adapter_close
schema_version: '1.0'
task: T11
status: passed
run_id: t11_semantic_eta_projection_only_seed101
algorithm: RL-TEB-Eta-ProjectionOnly
training_seed: 101
safety_mode: ProjectionOnly
episode_count: 70
step_count: 767
failure_count: 6
run_validation:
  valid: true
  run_id: t11_semantic_eta_projection_only_seed101
  episode_count: 70
  step_count: 767
  verified_checksum_count: 4
selected_checkpoint: /home/robot/robot_ws_base_rl/artifacts/t11/runs/t11_semantic_eta_fullsafety_seed101/checkpoints/step_000300
passed: true
acceptance_override: false

[INFO] [1783857379.537309948]: Finished loading Gazebo ROS API Plugin.
[INFO] [1783857379.538109006]: waitForService: Service [/gazebo/set_physics_properties] has not been advertised, waiting...
[INFO] [1783857380.073482071, 0.008000000]: waitForService: Service [/gazebo/set_physics_properties] is now available.
[INFO] [1783857380.105293560, 0.040000000]: Physics dynamic reconfigure ready.
[INFO] [1783857380.510587909, 0.374000000]: <initialOrientationAsReference> is unset, using default value of false to comply with REP 145 (world as orientation reference)
[INFO] [1783857380.510623048, 0.374000000]: <robotNamespace> set to: //
[INFO] [1783857380.510629438, 0.374000000]: <topicName> set to: imu/data
[INFO] [1783857380.510634221, 0.374000000]: <frameName> set to: imu_link
[INFO] [1783857380.510651834, 0.374000000]: <updateRateHZ> set to: 50
[INFO] [1783857380.510658033, 0.374000000]: <gaussianNoise> set to: 0
[INFO] [1783857380.510675279, 0.374000000]: <xyzOffset> set to: 0 0 0
[INFO] [1783857380.510689234, 0.374000000]: <rpyOffset> set to: 0 -0 0
[INFO] [1783857380.626692984, 0.374000000]: Laser Plugin: Using the 'robotNamespace' param: '/'
[INFO] [1783857380.626716595, 0.374000000]: Starting Laser Plugin (ns = /)
[INFO] [1783857380.627615535, 0.374000000]: Laser Plugin (ns = /)  <tf_prefix_>, set to ""
[INFO] [1783857380.746652852, 0.374000000]: M2 simulation-only Ackermann interface loaded; cmd_angle_instead_rotvel=false
000000]: Footprint model 'polygon' loaded for trajectory optimization.
[INFO] [1783858016.184842737, 634.738000000]: Footprint model 'polygon' loaded for trajectory optimization.
[INFO] [1783858016.789496076, 635.340000000]: Footprint model 'polygon' loaded for trajectory optimization.
[INFO] [1783858017.437939616, 635.990000000]: Footprint model 'polygon' loaded for trajectory optimization.
[INFO] [1783858017.993240772, 636.544000000]: Footprint model 'polygon' loaded for trajectory optimization.
[INFO] [1783858018.652197702, 637.200000000]: Footprint model 'polygon' loaded for trajectory optimization.
[INFO] [1783858022.246135534, 640.790000000]: Footprint model 'polygon' loaded for trajectory optimization.
[INFO] [1783858022.857944824, 641.400000000]: Footprint model 'polygon' loaded for trajectory optimization.
[INFO] [1783858023.460142363, 642.000000000]: Footprint model 'polygon' loaded for trajectory optimization.
[INFO] [1783858024.061307028, 642.602000000]: Footprint model 'polygon' loaded for trajectory optimization.
[INFO] [1783858024.660195340, 643.198000000]: Footprint model 'polygon' loaded for trajectory optimization.
[INFO] [1783858025.261645567, 643.800000000]: Footprint model 'polygon' loaded for trajectory optimization.
[INFO] [1783858025.863131014, 644.400000000]: Footprint model 'polygon' loaded for trajectory optimization.
[INFO] [1783858026.463194368, 645.000000000]: Footprint model 'polygon' loaded for trajectory optimization.
[INFO] [1783858027.067716508, 645.602000000]: Footprint model 'polygon' loaded for trajectory optimization.
[INFO] [1783858027.661164603, 646.198000000]: Footprint model 'polygon' loaded for trajectory optimization.
[INFO] [1783858028.218999978, 646.754000000]: Footprint model 'polygon' loaded for trajectory optimization.
[INFO] [1783858028.815972870, 647.348000000]: Footprint model 'polygon' loaded for trajectory optimization.
[INFO] [1783858029.417824567, 647.950000000]: Footprint model 'polygon' loaded for trajectory optimization.
[INFO] [1783858030.014896184, 648.548000000]: Footprint model 'polygon' loaded for trajectory optimization.
[INFO] [1783858030.090239527, 648.622000000]: TebLocalPlannerROS: oscillation recovery disabled/expired.
[INFO] [1783858030.617572992, 649.148000000]: Footprint model 'polygon' loaded for trajectory optimization.
[INFO] [1783858031.289356758, 649.820000000]: Footprint model 'polygon' loaded for trajectory optimization.
[INFO] [1783858032.326719562, 650.858000000]: Footprint model 'polygon' loaded for trajectory optimization.
[INFO] [1783858032.344959141, 650.876000000]: Footprint model 'polygon' loaded for trajectory optimization.
... logging to /home/robot/.ros/log/b1331e58-7de8-11f1-91bc-3382cc4c3ed1/roslaunch-WP-109043.log
Checking log directory for disk usage. This may take a while.
Press Ctrl-C to interrupt
]2;/home/robot/robot_ws_base_rl/src/tools/thesis_experiment/launch/t11_formal_run.launch
[1mstarted roslaunch server http://WP:39747/[0m

SUMMARY
========

PARAMETERS
 * /gazebo/enable_ros_network: True
 * /m2_gazebo/simulation_only: True
 * /m2_robot_state_publisher/publish_frequency: 30.0
 * /move_base/TebLocalPlannerROS/acc_lim_theta: 0.8
 * /move_base/TebLocalPlannerROS/acc_lim_x: 0.8
 * /move_base/TebLocalPlannerROS/allow_init_with_backwards_motion: True
 * /move_base/TebLocalPlannerROS/cmd_angle_instead_rotvel: False
 * /move_base/TebLocalPlannerROS/costmap_obstacles_behind_robot_dist: 1.5
 * /move_base/TebLocalPlannerROS/dt_hysteresis: 0.1
 * /move_base/TebLocalPlannerROS/dt_ref: 0.3
 * /move_base/TebLocalPlannerROS/enable_homotopy_class_planning: False
 * /move_base/TebLocalPlannerROS/enable_multithreading: True
 * /move_base/TebLocalPlannerROS/feasibility_check_no_poses: 5
 * /move_base/TebLocalPlannerROS/footprint_model/type: polygon
 * /move_base/TebLocalPlannerROS/footprint_model/vertices: [[0.52, 0.35], [0...
 * /move_base/TebLocalPlannerROS/global_plan_overwrite_orientation: True
 * /move_base/TebLocalPlannerROS/include_costmap_obstacles: True
 * /move_base/TebLocalPlannerROS/inflation_dist: 0.55
 * /move_base/TebLocalPlannerROS/map_frame: odom
 * /move_base/TebLocalPlannerROS/max_global_plan_lookahead_dist: 8.0
 * /move_base/TebLocalPlannerROS/max_number_classes: 4
 * /move_base/TebLocalPlannerROS/max_samples: 500
 * /move_base/TebLocalPlannerROS/max_vel_theta: 1.0
 * /move_base/TebLocalPlannerROS/max_vel_x: 1.2
 * /move_base/TebLocalPlannerROS/max_vel_x_backwards: 0.6
 * /move_base/TebLocalPlannerROS/max_vel_y: 0.0
 * /move_base/TebLocalPlannerROS/min_obstacle_dist: 0.25
 * /move_base/TebLocalPlannerROS/min_turning_radius: 1.2
 * /move_base/TebLocalPlannerROS/obstacle_poses_affected: 15
 * /move_base/TebLocalPlannerROS/odom_topic: /odom
 * /move_base/TebLocalPlannerROS/teb_autosize: True
 * /move_base/TebLocalPlannerROS/weight_acc_lim_theta: 1.0
 * /move_base/TebLocalPlannerROS/weight_acc_lim_x: 1.0
 * /move_base/TebLocalPlannerROS/weight_adapt_factor: 2.0
 * /move_base/TebLocalPlannerROS/weight_inflation: 0.1
 * /move_base/TebLocalPlannerROS/weight_kinematics_forward_drive: 10.0
 * /move_base/TebLocalPlannerROS/weight_kinematics_nh: 1000.0
 * /move_base/TebLocalPlannerROS/weight_kinematics_turning_radius: 10.0
 * /move_base/TebLocalPlannerROS/weight_max_vel_theta: 1.0
 * /move_base/TebLocalPlannerROS/weight_max_vel_x: 2.0
 * /move_base/TebLocalPlannerROS/weight_obstacle: 50.0
 * /move_base/TebLocalPlannerROS/weight_optimaltime: 1.0
 * /move_base/TebLocalPlannerROS/weight_viapoint: 1.0
 * /move_base/TebLocalPlannerROS/wheelbase: 0.65
 * /move_base/base_global_planner: navfn/NavfnROS
 * /move_base/base_local_planner: teb_local_planner...
 * /move_base/clearing_rotation_allowed: False
 * /move_base/controller_frequency: 10.0
 * /move_base/controller_patience: 5.0
 * /move_base/global_costmap/footprint: [[0.52, 0.35], [0...
 * /move_base/global_costmap/footprint_padding: 0.05
 * /move_base/global_costmap/global_frame: odom
 * /move_base/global_costmap/height: 30.0
 * /move_base/global_costmap/inflation_layer/cost_scaling_factor: 4.0
 * /move_base/global_costmap/inflation_layer/enabled: True
 * /move_base/global_costmap/inflation_layer/inflation_radius: 0.55
 * /move_base/global_costmap/obstacle_layer/enabled: True
 * /move_base/global_costmap/obstacle_layer/observation_sources: scan
 * /move_base/global_costmap/obstacle_layer/scan/clearing: True
 * /move_base/global_costmap/obstacle_layer/scan/data_type: LaserScan
 * /move_base/global_costmap/obstacle_layer/scan/inf_is_valid: True
 * /move_base/global_costmap/obstacle_layer/scan/marking: True
 * /move_base/global_costmap/obstacle_layer/scan/obstacle_range: 12.0
 * /move_base/global_costmap/obstacle_layer/scan/raytrace_range: 15.0
 * /move_base/global_costmap/obstacle_layer/scan/sensor_frame: laser_link
 * /move_base/global_costmap/obstacle_layer/scan/topic: /scan
 * /move_base/global_costmap/plugins: [{'name': 'obstac...
 * /move_base/global_costmap/publish_frequency: 2.0
 * /move_base/global_costmap/resolution: 0.05
 * /move_base/global_costmap/robot_base_frame: base_link
 * /move_base/global_costmap/rolling_window: True
 * /move_base/global_costmap/transform_tolerance: 0.3
 * /move_base/global_costmap/update_frequency: 5.0
 * /move_base/global_costmap/width: 30.0
 * /move_base/local_costmap/footprint: [[0.52, 0.35], [0...
 * /move_base/local_costmap/footprint_padding: 0.05
 * /move_base/local_costmap/global_frame: odom
 * /move_base/local_costmap/height: 12.0
 * /move_base/local_costmap/inflation_layer/cost_scaling_factor: 4.0
 * /move_base/local_costmap/inflation_layer/enabled: True
 * /move_base/local_costmap/inflation_layer/inflation_radius: 0.55
 * /move_base/local_costmap/obstacle_layer/enabled: True
 * /move_base/local_costmap/obstacle_layer/observation_sources: scan
 * /move_base/local_costmap/obstacle_layer/scan/clearing: True
 * /move_base/local_costmap/obstacle_layer/scan/data_type: LaserScan
 * /move_base/local_costmap/obstacle_layer/scan/inf_is_valid: True
 * /move_base/local_costmap/obstacle_layer/scan/marking: True
 * /move_base/local_costmap/obstacle_layer/scan/obstacle_range: 12.0
 * /move_base/local_costmap/obstacle_layer/scan/raytrace_range: 15.0
 * /move_base/local_costmap/obstacle_layer/scan/sensor_frame: laser_link
 * /move_base/local_costmap/obstacle_layer/scan/topic: /scan
 * /move_base/local_costmap/plugins: [{'name': 'obstac...
 * /move_base/local_costmap/publish_frequency: 5.0
 * /move_base/local_costmap/resolution: 0.05
 * /move_base/local_costmap/robot_base_frame: base_link
 * /move_base/local_costmap/rolling_window: True
 * /move_base/local_costmap/transform_tolerance: 0.3
 * /move_base/local_costmap/update_frequency: 10.0
 * /move_base/local_costmap/width: 12.0
 * /move_base/oscillation_distance: 0.2
 * /move_base/oscillation_timeout: 10.0
 * /move_base/planner_frequency: 1.0
 * /move_base/planner_patience: 5.0
 * /move_base/recovery_behavior_enabled: False
 * /move_base/shutdown_costmaps: False
 * /robot_description: <?xml version="1....
 * /rosdistro: noetic
 * /rosversion: 1.17.4
 * /t11_formal_run/acceptance_eval_seed_limit: 0
 * /t11_formal_run/acceptance_timesteps: 0
 * /t11_formal_run/algorithm: RL-TEB-Semantic-Eta
 * /t11_formal_run/checkpoint: /home/robot/robot...
 * /t11_formal_run/config: /home/robot/robot...
 * /t11_formal_run/output_dir: /home/robot/robot...
 * /t11_formal_run/phase: ablation
 * /t11_formal_run/run_id: t11_semantic_eta_...
 * /t11_formal_run/safety_mode: ProjectionOnly
 * /t11_formal_run/training_seed: 101
 * /use_sim_time: True

NODES
  /
    gazebo (gazebo_ros/gzserver)
    m2_robot_state_publisher (robot_state_publisher/robot_state_publisher)
    move_base (move_base/move_base)
    spawn_m2 (gazebo_ros/spawn_model)
    t11_formal_run (thesis_experiment/t11_formal_run.py)

auto-starting new master
[1mprocess[master]: started with pid [109099][0m
[1mROS_MASTER_URI=http://localhost:11311[0m
]2;/home/robot/robot_ws_base_rl/src/tools/thesis_experiment/launch/t11_formal_run.launch http://localhost:11311
[1msetting /run_id to b1331e58-7de8-11f1-91bc-3382cc4c3ed1[0m
[1mprocess[rosout-1]: started with pid [109132][0m
started core service [/rosout]
[1mprocess[gazebo-2]: started with pid [109139][0m
[1mprocess[spawn_m2-3]: started with pid [109143][0m
[1mprocess[m2_robot_state_publisher-4]: started with pid [109145][0m
[1mprocess[move_base-5]: started with pid [109146][0m
[1mprocess[t11_formal_run-6]: started with pid [109147][0m
[1m[spawn_m2-3] process has finished cleanly
log file: /home/robot/.ros/log/b1331e58-7de8-11f1-91bc-3382cc4c3ed1/spawn_m2-3*.log[0m
[t11_formal_run-6] killing on exit
[move_base-5] killing on exit
[m2_robot_state_publisher-4] killing on exit
[gazebo-2] killing on exit
[rosout-1] killing on exit
[master] killing on exit
shutting down processing monitor...
[31mWARNING: disk usage in log directory [/home/robot/.ros/log] is over 1GB.
It's recommended that you use the 'rosclean' command.[0m
WARNING: Package name "gazebo_ros_2Dmap_plugin" does not follow the naming conventions. It should start with a lower case letter and only contain lower case letters, digits, underscores, and dashes.
WARNING: Package name "gazebo_ros_2Dmap_plugin" does not follow the naming conventions. It should start with a lower case letter and only contain lower case letters, digits, underscores, and dashes.
[31m================================================================================REQUIRED process [t11_formal_run-6] has died!
process has finished cleanly
log file: /home/robot/.ros/log/b1331e58-7de8-11f1-91bc-3382cc4c3ed1/t11_formal_run-6*.log
Initiating shutdown!
================================================================================[0m
... shutting down processing monitor complete
[1mdone[0m
