WARNING: Package name "gazebo_ros_2Dmap_plugin" does not follow the naming conventions. It should start with a lower case letter and only contain lower case letters, digits, underscores, and dashes.
xacro: in-order processing became default in ROS Melodic. You can drop the option.
WARNING: Package name "gazebo_ros_2Dmap_plugin" does not follow the naming conventions. It should start with a lower case letter and only contain lower case letters, digits, underscores, and dashes.
WARNING: Package name "gazebo_ros_2Dmap_plugin" does not follow the naming conventions. It should start with a lower case letter and only contain lower case letters, digits, underscores, and dashes.
[INFO] [1783855624.731207, 0.000000]: Loading model XML from ros parameter robot_description
[INFO] [1783855624.734397, 0.000000]: Waiting for service /gazebo/spawn_urdf_model
[INFO] [1783855625.639422, 0.238000]: Calling service /gazebo/spawn_urdf_model
[INFO] [1783855625.951725, 0.378000]: Spawn status: SpawnModel: Successfully spawned entity
[INFO] [1783855626.323702621, 0.622000000]: global_costmap: Using plugin "obstacle_layer"
[INFO] [1783855626.328407532, 0.626000000]:     Subscribed to Topics: scan
[INFO] [1783855626.339415345, 0.638000000]: global_costmap: Using plugin "inflation_layer"
[INFO] [1783855626.355876616, 0.654000000]: local_costmap: Using plugin "obstacle_layer"
[INFO] [1783855626.356652813, 0.656000000]:     Subscribed to Topics: scan
[INFO] [1783855626.361345344, 0.660000000]: local_costmap: Using plugin "inflation_layer"
[INFO] [1783855626.371417272, 0.670000000]: Created local_planner teb_local_planner/TebLocalPlannerROS
[INFO] [1783855626.388898385, 0.688000000]: Footprint model 'polygon' loaded for trajectory optimization.
[INFO] [1783855626.389092904, 0.688000000]: Parallel planning in distinctive topologies disabled.
[INFO] [1783855626.389115222, 0.688000000]: No costmap conversion plugin specified. All occupied costmap cells are treaten as point obstacles.
[INFO] [1783855626.413255873, 0.712000000]: Footprint model 'polygon' loaded for trajectory optimization.
[INFO] [1783855626.575594514, 0.874000000]: Recovery behavior will clear layer 'obstacles'
[INFO] [1783855626.577028079, 0.876000000]: Recovery behavior will clear layer 'obstacles'
[INFO] [1783855626.590629195, 0.890000000]: odom received!
[INFO] [1783855628.271303090, 2.566000000]: Footprint model 'polygon' loaded for trajectory optimization.
[INFO] [1783855628.874154105, 3.166000000]: Footprint model 'polygon' loaded for trajectory optimization.
[INFO] [1783855629.474709721, 3.766000000]: Footprint model 'polygon' loaded for trajectory optimization.
[INFO] [1783855630.074462112, 4.366000000]: Footprint model 'polygon' loaded for trajectory optimization.
[INFO] [1783855631.416244220, 5.706000000]: GOAL Reached!
[INFO] [1783855631.518268683, 5.808000000]: Footprint model 'polygon' loaded for trajectory optimization.
[INFO] [1783855632.375873026, 6.664000000]: Footprint model 'polygon' loaded for trajectory optimization.
[INFO] [1783855632.979544001, 7.266000000]: Footprint model 'polygon' loaded for trajectory optimization.
[INFO] [1783855633.580401922, 7.864000000]: Footprint model 'polygon' loaded for trajectory optimization.
[INFO] [1783855634.133530942, 8.416000000]: Footprint model 'polygon' loaded for trajectory optimization.
[INFO] [1783855635.723640468, 10.004000000]: GOAL Reached!
[INFO] [1783855635.816055391, 10.098000000]: Footprint model 'polygon' loaded for trajectory optimization.
[INFO] [1783855636.688497290, 10.968000000]: Footprint model 'polygon' loaded for trajectory optimization.
[INFO] [1783855637.294033344, 11.572000000]: Footprint model 'polygon' loaded for trajectory optimization.
[INFO] [1783855637.890908199, 12.168000000]: Footprint model 'polygon' loaded for trajectory optimization.
[INFO] [1783855638.484925531, 12.764000000]: Footprint model 'polygon' loaded for trajectory optimization.
[INFO] [1783855639.929673810, 14.206000000]: GOAL Reached!
[INFO] [1783855640.016309351, 14.294000000]: Footprint model 'polygon' loaded for trajectory optimization.
[INFO] [1783855640.896134168, 15.168000000]: Footprint model 'polygon' loaded for trajectory optimization.
[INFO] [1783855641.500198729, 15.770000000]: Footprint model 'polygon' loaded for trajectory optimization.
[INFO] [1783855642.197878092, 16.468000000]: Footprint model 'polygon' loaded for trajectory optimization.
[INFO] [1783855642.753428486, 17.022000000]: Footprint model 'polygon' loaded for trajectory optimization.
[INFO] [1783855644.141238626, 18.410000000]: GOAL Reached!
[INFO] [1783855644.235950864, 18.506000000]: Footprint model 'polygon' loaded for trajectory optimization.
[INFO] [1783855645.099041061, 19.366000000]: Footprint model 'polygon' loaded for trajectory optimization.
[INFO] [1783855645.660569164, 19.924000000]: Footprint model 'polygon' loaded for trajectory optimization.
[INFO] [1783855646.302564124, 20.564000000]: Footprint model 'polygon' loaded for trajectory optimization.
[INFO] [1783855648.247116225, 22.506000000]: GOAL Reached!
[INFO] [1783855648.334937448, 22.594000000]: Footprint model 'polygon' loaded for trajectory optimization.
[INFO] [1783855649.209255106, 23.466000000]: Footprint model 'polygon' loaded for trajectory optimization.
[INFO] [1783855649.808156069, 24.064000000]: Footprint model 'polygon' loaded for trajectory optimization.
[INFO] [1783855650.405581537, 24.662000000]: Footprint model 'polygon' loaded for trajectory optimization.
[INFO] [1783855650.956242063, 25.212000000]: Footprint model 'polygon' loaded for trajectory optimization.
[INFO] [1783855652.449052523, 26.702000000]: GOAL Reached!
[INFO] [1783855652.527384611, 26.780000000]: Footprint model 'polygon' loaded for trajectory optimization.
[INFO] [1783855653.415572128, 27.666000000]: Footprint model 'polygon' loaded for trajectory optimization.
[INFO] [1783855653.959042820, 28.208000000]: Footprint model 'polygon' loaded for trajectory optimization.
[INFO] [1783855654.561828707, 28.810000000]: Footprint model 'polygon' loaded for trajectory optimization.
[INFO] [1783855655.209809493, 29.456000000]: Footprint model 'polygon' loaded for trajectory optimization.
[INFO] [1783855656.552177918, 30.796000000]: GOAL Reached!
[INFO] [1783855656.643222173, 30.888000000]: Footprint model 'polygon' loaded for trajectory optimization.
[INFO] [1783855657.499422258, 31.744000000]: Footprint model 'polygon' loaded for trajectory optimization.
[INFO] [1783855658.094956440, 32.336000000]: Footprint model 'polygon' loaded for trajectory optimization.
[INFO] [1783855658.646075088, 32.888000000]: Footprint model 'polygon' loaded for trajectory optimization.
[INFO] [1783855659.296820652, 33.536000000]: Footprint model 'polygon' loaded for trajectory optimization.
[INFO] [1783855660.636485258, 34.876000000]: GOAL Reached!
[INFO] [1783855660.731491163, 34.970000000]: Footprint model 'polygon' loaded for trajectory optimization.
[INFO] [1783855661.606691674, 35.846000000]: Footprint model 'polygon' loaded for trajectory optimization.
[INFO] [1783855662.192401713, 36.430000000]: Footprint model 'polygon' loaded for trajectory optimization.
[INFO] [1783855662.746488007, 36.980000000]: Footprint model 'polygon' loaded for trajectory optimization.
[INFO] [1783855663.395632228, 37.628000000]: Footprint model 'polygon' loaded for trajectory optimization.
[INFO] [1783855664.839461736, 39.070000000]: GOAL Reached!
[INFO] [1783855664.932099008, 39.164000000]: Footprint model 'polygon' loaded for trajectory optimization.
[INFO] [1783855665.796727009, 40.026000000]: Footprint model 'polygon' loaded for trajectory optimization.
[INFO] [1783855666.336190011, 40.566000000]: Footprint model 'polygon' loaded for trajectory optimization.
[INFO] [1783855666.982326909, 41.212000000]: Footprint model 'polygon' loaded for trajectory optimization.
[INFO] [1783855667.583288186, 41.810000000]: Footprint model 'polygon' loaded for trajectory optimization.
[INFO] [1783855669.227433309, 43.452000000]: GOAL Reached!
[INFO] [1783855669.308441200, 43.532000000]: Footprint model 'polygon' loaded for trajectory optimization.
[INFO] [1783855670.185316856, 44.408000000]: Footprint model 'polygon' loaded for trajectory optimization.
[INFO] [1783855670.828291335, 45.048000000]: Footprint model 'polygon' loaded for trajectory optimization.
[INFO] [1783855671.430104031, 45.650000000]: Footprint model 'polygon' loaded for trajectory optimization.
[INFO] [1783855673.320501265, 47.536000000]: GOAL Reached!
[INFO] [1783855673.414686954, 47.632000000]: Footprint model 'polygon' loaded for trajectory optimization.
[INFO] [1783855674.291578263, 48.506000000]: Footprint model 'polygon' loaded for trajectory optimization.
[INFO] [1783855674.983665507, 49.196000000]: Footprint model 'polygon' loaded for trajectory optimization.
[INFO] [1783855675.633125285, 49.846000000]: Footprint model 'polygon' loaded for trajectory optimization.
[INFO] [1783855677.521600595, 51.734000000]: GOAL Reached!
[INFO] [1783855677.614168855, 51.826000000]: Footprint model 'polygon' loaded for trajectory optimization.
[INFO] [1783855678.498998186, 52.708000000]: Footprint model 'polygon' loaded for trajectory optimization.
[INFO] [1783855679.082521426, 53.290000000]: Footprint model 'polygon' loaded for trajectory optimization.
[INFO] [1783855679.681672021, 53.888000000]: Footprint model 'polygon' loaded for trajectory optimization.
[INFO] [1783855680.282609793, 54.488000000]: Footprint model 'polygon' loaded for trajectory optimization.
[INFO] [1783855681.724079561, 55.928000000]: GOAL Reached!
[INFO] [1783855681.807757977, 56.012000000]: Footprint model 'polygon' loaded for trajectory optimization.
[INFO] [1783855682.664861095, 56.866000000]: Footprint model 'polygon' loaded for trajectory optimization.
[INFO] [1783855683.268552550, 57.470000000]: Footprint model 'polygon' loaded for trajectory optimization.
[INFO] [1783855683.816777208, 58.016000000]: Footprint model 'polygon' loaded for trajectory optimization.
[INFO] [1783855685.807932250, 60.006000000]: GOAL Reached!
[INFO] [1783855685.896657400, 60.094000000]: Footprint model 'polygon' loaded for trajectory optimization.
[INFO] [1783855686.772405520, 60.966000000]: Footprint model 'polygon' loaded for trajectory optimization.
[INFO] [1783855687.367581483, 61.560000000]: Footprint model 'polygon' loaded for trajectory optimization.
[INFO] [1783855687.967961550, 62.160000000]: Footprint model 'polygon' loaded for trajectory optimization.
[INFO] [1783855688.565579416, 62.756000000]: Footprint model 'polygon' loaded for trajectory optimization.
[INFO] [1783855690.012132585, 64.200000000]: GOAL Reached!
[INFO] [1783855690.097614582, 64.286000000]: Footprint model 'polygon' loaded for trajectory optimization.
[INFO] [1783855690.961561095, 65.148000000]: Footprint model 'polygon' loaded for trajectory optimization.
[INFO] [1783855691.515772568, 65.702000000]: Footprint model 'polygon' loaded for trajectory optimization.
[INFO] [1783855692.115778915, 66.300000000]: Footprint model 'polygon' loaded for trajectory optimization.
[INFO] [1783855692.762117848, 66.944000000]: Footprint model 'polygon' loaded for trajectory optimization.
[INFO] [1783855694.205106279, 68.388000000]: GOAL Reached!
[INFO] [1783855694.292373815, 68.476000000]: Footprint model 'polygon' loaded for trajectory optimization.
[INFO] [1783855695.144860622, 69.326000000]: Footprint model 'polygon' loaded for trajectory optimization.
[INFO] [1783855695.744034721, 69.922000000]: Footprint model 'polygon' loaded for trajectory optimization.
[INFO] [1783855696.344236744, 70.522000000]: Footprint model 'polygon' loaded for trajectory optimization.
[INFO] [1783855698.183065810, 72.358000000]: GOAL Reached!
[INFO] [1783855698.267670702, 72.442000000]: Footprint model 'polygon' loaded for trajectory optimization.
[INFO] [1783855699.133715216, 73.308000000]: Footprint model 'polygon' loaded for trajectory optimization.
[INFO] [1783855699.688275785, 73.862000000]: Footprint model 'polygon' loaded for trajectory optimization.
[INFO] [1783855700.349235948, 74.520000000]: Footprint model 'polygon' loaded for trajectory optimization.
[INFO] [1783855700.898279045, 75.068000000]: Footprint model 'polygon' loaded for trajectory optimization.
[INFO] [1783855702.376967436, 76.548000000]: GOAL Reached!
[INFO] [1783855702.474787715, 76.644000000]: Footprint model 'polygon' loaded for trajectory optimization.
[INFO] [1783855703.350918686, 77.518000000]: Footprint model 'polygon' loaded for trajectory optimization.
[INFO] [1783855703.999144921, 78.166000000]: Footprint model 'polygon' loaded for trajectory optimization.
[INFO] [1783855704.645761952, 78.812000000]: Footprint model 'polygon' loaded for trajectory optimization.
[INFO] [1783855706.476422990, 80.638000000]: GOAL Reached!
[INFO] [1783855706.576013964, 80.736000000]: Footprint model 'polygon' loaded for trajectory optimization.
[INFO] [1783855707.458926755, 81.618000000]: Footprint model 'polygon' loaded for trajectory optimization.
[INFO] [1783855708.102596355, 82.262000000]: Footprint model 'polygon' loaded for trajectory optimization.
[INFO] [1783855708.695783304, 82.856000000]: Footprint model 'polygon' loaded for trajectory optimization.
[INFO] [1783855709.299852476, 83.458000000]: Footprint model 'polygon' loaded for trajectory optimization.
[INFO] [1783855710.679426853, 84.834000000]: GOAL Reached!
[INFO] [1783855710.762142772, 84.916000000]: Footprint model 'polygon' loaded for trajectory optimization.
[INFO] [1783855711.612200564, 85.768000000]: Footprint model 'polygon' loaded for trajectory optimization.
[INFO] [1783855712.158731748, 86.314000000]: Footprint model 'polygon' loaded for trajectory optimization.
[INFO] [1783855712.813598017, 86.966000000]: Footprint model 'polygon' loaded for trajectory optimization.
[INFO] [1783855713.356433955, 87.510000000]: Footprint model 'polygon' loaded for trajectory optimization.
[INFO] [1783855715.150248620, 89.300000000]: GOAL Reached!
[INFO] [1783855715.242615270, 89.394000000]: Footprint model 'polygon' loaded for trajectory optimization.
[INFO] [1783855716.113950108, 90.262000000]: Footprint model 'polygon' loaded for trajectory optimization.
[INFO] [1783855716.720109251, 90.866000000]: Footprint model 'polygon' loaded for trajectory optimization.
[INFO] [1783855717.367384913, 91.512000000]: Footprint model 'polygon' loaded for trajectory optimization.
[INFO] [1783855719.251492955, 93.392000000]: GOAL Reached!
[INFO] [1783855719.342790195, 93.484000000]: Footprint model 'polygon' loaded for trajectory optimization.
[INFO] [1783855720.202426356, 94.340000000]: Footprint model 'polygon' loaded for trajectory optimization.
[INFO] [1783855720.757056902, 94.896000000]: Footprint model 'polygon' loaded for trajectory optimization.
[INFO] [1783855721.405248169, 95.546000000]: Footprint model 'polygon' loaded for trajectory optimization.
[INFO] [1783855723.234967070, 97.370000000]: GOAL Reached!
[INFO] [1783855723.334468505, 97.468000000]: Footprint model 'polygon' loaded for trajectory optimization.
[INFO] [1783855724.205813005, 98.338000000]: Footprint model 'polygon' loaded for trajectory optimization.
[INFO] [1783855724.751291585, 98.884000000]: Footprint model 'polygon' loaded for trajectory optimization.
[INFO] [1783855725.352322895, 99.482000000]: Footprint model 'polygon' loaded for trajectory optimization.
[INFO] [1783855725.957399059, 100.086000000]: Footprint model 'polygon' loaded for trajectory optimization.
[INFO] [1783855727.431679493, 101.560000000]: GOAL Reached!
[INFO] [1783855727.519708681, 101.648000000]: Footprint model 'polygon' loaded for trajectory optimization.
[INFO] [1783855728.390614938, 102.518000000]: Footprint model 'polygon' loaded for trajectory optimization.
[INFO] [1783855728.990344222, 103.118000000]: Footprint model 'polygon' loaded for trajectory optimization.
[INFO] [1783855729.542013897, 103.668000000]: Footprint model 'polygon' loaded for trajectory optimization.
[INFO] [1783855730.193734030, 104.318000000]: Footprint model 'polygon' loaded for trajectory optimization.
[INFO] [1783855731.624882963, 105.746000000]: GOAL Reached!
[INFO] [1783855731.720150515, 105.840000000]: Footprint model 'polygon' loaded for trajectory optimization.
[INFO] [1783855732.601794102, 106.720000000]: Footprint model 'polygon' loaded for trajectory optimization.
[INFO] [1783855733.253491610, 107.372000000]: Footprint model 'polygon' loaded for trajectory optimization.
[INFO] [1783855733.898261802, 108.014000000]: Footprint model 'polygon' loaded for trajectory optimization.
[INFO] [1783855735.828930749, 109.942000000]: GOAL Reached!
[INFO] [1783855735.923237890, 110.036000000]: Footprint model 'polygon' loaded for trajectory optimization.
[INFO] [1783855736.804213041, 110.918000000]: Footprint model 'polygon' loaded for trajectory optimization.
[INFO] [1783855737.455510969, 111.566000000]: Footprint model 'polygon' loaded for trajectory optimization.
[INFO] [1783855738.055352092, 112.164000000]: Footprint model 'polygon' loaded for trajectory optimization.
[INFO] [1783855738.645059760, 112.756000000]: Footprint model 'polygon' loaded for trajectory optimization.
[INFO] [1783855740.036017927, 114.142000000]: GOAL Reached!
[INFO] [1783855740.119763908, 114.226000000]: Footprint model 'polygon' loaded for trajectory optimization.
[INFO] [1783855740.995953887, 115.100000000]: Footprint model 'polygon' loaded for trajectory optimization.
[INFO] [1783855741.642003916, 115.748000000]: Footprint model 'polygon' loaded for trajectory optimization.
[INFO] [1783855742.249390973, 116.352000000]: Footprint model 'polygon' loaded for trajectory optimization.
[INFO] [1783855744.129997034, 118.228000000]: GOAL Reached!
[INFO] [1783855744.223784996, 118.322000000]: Footprint model 'polygon' loaded for trajectory optimization.
[INFO] [1783855745.098954459, 119.196000000]: Footprint model 'polygon' loaded for trajectory optimization.
[INFO] [1783855745.798391615, 119.894000000]: Footprint model 'polygon' loaded for trajectory optimization.
[INFO] [1783855746.494003230, 120.588000000]: Footprint model 'polygon' loaded for trajectory optimization.
[INFO] [1783855748.120847944, 122.216000000]: GOAL Reached!
[INFO] [1783855748.217861274, 122.312000000]: Footprint model 'polygon' loaded for trajectory optimization.
[INFO] [1783855749.089350119, 123.180000000]: Footprint model 'polygon' loaded for trajectory optimization.
[INFO] [1783855749.738213166, 123.826000000]: Footprint model 'polygon' loaded for trajectory optimization.
[INFO] [1783855750.377392332, 124.466000000]: Footprint model 'polygon' loaded for trajectory optimization.
[INFO] [1783855752.210027977, 126.296000000]: GOAL Reached!
[INFO] [1783855752.293613257, 126.380000000]: Footprint model 'polygon' loaded for trajectory optimization.
[INFO] [1783855753.175773069, 127.260000000]: Footprint model 'polygon' loaded for trajectory optimization.
[INFO] [1783855753.870143776, 127.954000000]: Footprint model 'polygon' loaded for trajectory optimization.
[INFO] [1783855754.511973925, 128.596000000]: Footprint model 'polygon' loaded for trajectory optimization.
[INFO] [1783855756.495665064, 130.574000000]: GOAL Reached!
[INFO] [1783855756.579003297, 130.658000000]: Footprint model 'polygon' loaded for trajectory optimization.
[INFO] [1783855757.442979153, 131.522000000]: Footprint model 'polygon' loaded for trajectory optimization.
[INFO] [1783855758.140200984, 132.216000000]: Footprint model 'polygon' loaded for trajectory optimization.
[INFO] [1783855758.791734986, 132.866000000]: Footprint model 'polygon' loaded for trajectory optimization.
[INFO] [1783855760.469043663, 134.542000000]: GOAL Reached!
[INFO] [1783855760.542086942, 134.616000000]: Footprint model 'polygon' loaded for trajectory optimization.
[INFO] [1783855761.428936802, 135.500000000]: Footprint model 'polygon' loaded for trajectory optimization.
[INFO] [1783855762.125449835, 136.194000000]: Footprint model 'polygon' loaded for trajectory optimization.
[INFO] [1783855762.776598444, 136.844000000]: Footprint model 'polygon' loaded for trajectory optimization.
[INFO] [1783855764.754123634, 138.818000000]: GOAL Reached!
[INFO] [1783855764.846658446, 138.910000000]: Footprint model 'polygon' loaded for trajectory optimization.
[INFO] [1783855765.717870134, 139.780000000]: Footprint model 'polygon' loaded for trajectory optimization.
[INFO] [1783855766.410093263, 140.470000000]: Footprint model 'polygon' loaded for trajectory optimization.
[INFO] [1783855767.112480206, 141.172000000]: Footprint model 'polygon' loaded for trajectory optimization.
[INFO] [1783855768.743207218, 142.800000000]: GOAL Reached!
[INFO] [1783855768.827826522, 142.886000000]: Footprint model 'polygon' loaded for trajectory optimization.
[INFO] [1783855769.703784566, 143.760000000]: Footprint model 'polygon' loaded for trajectory optimization.
[INFO] [1783855770.352860095, 144.408000000]: Footprint model 'polygon' loaded for trajectory optimization.
[INFO] [1783855770.952408202, 145.006000000]: Footprint model 'polygon' loaded for trajectory optimization.
[INFO] [1783855772.931238099, 146.980000000]: GOAL Reached!
[INFO] [1783855773.021827583, 147.072000000]: Footprint model 'polygon' loaded for trajectory optimization.
[INFO] [1783855773.890887171, 147.938000000]: Footprint model 'polygon' loaded for trajectory optimization.
[INFO] [1783855774.495699434, 148.544000000]: Footprint model 'polygon' loaded for trajectory optimization.
[INFO] [1783855775.142419586, 149.190000000]: Footprint model 'polygon' loaded for trajectory optimization.
[INFO] [1783855777.126136075, 151.168000000]: GOAL Reached!
[INFO] [1783855777.204433610, 151.248000000]: Footprint model 'polygon' loaded for trajectory optimization.
[INFO] [1783855778.062584843, 152.104000000]: Footprint model 'polygon' loaded for trajectory optimization.
[INFO] [1783855778.716352245, 152.758000000]: Footprint model 'polygon' loaded for trajectory optimization.
[INFO] [1783855779.363504118, 153.402000000]: Footprint model 'polygon' loaded for trajectory optimization.
[INFO] [1783855781.294462840, 155.330000000]: GOAL Reached!
[INFO] [1783855781.390931786, 155.428000000]: Footprint model 'polygon' loaded for trajectory optimization.
[INFO] [1783855782.269939960, 156.304000000]: Footprint model 'polygon' loaded for trajectory optimization.
[INFO] [1783855782.963953379, 157.000000000]: Footprint model 'polygon' loaded for trajectory optimization.
[INFO] [1783855783.564867558, 157.596000000]: Footprint model 'polygon' loaded for trajectory optimization.
[INFO] [1783855785.499385007, 159.528000000]: GOAL Reached!
[INFO] [1783855785.592004268, 159.620000000]: Footprint model 'polygon' loaded for trajectory optimization.
[INFO] [1783855786.455458165, 160.482000000]: Footprint model 'polygon' loaded for trajectory optimization.
[INFO] [1783855787.152806170, 161.180000000]: Footprint model 'polygon' loaded for trajectory optimization.
[INFO] [1783855787.754103228, 161.780000000]: Footprint model 'polygon' loaded for trajectory optimization.
[INFO] [1783855789.685860090, 163.708000000]: GOAL Reached!
[INFO] [1783855789.770200603, 163.792000000]: Footprint model 'polygon' loaded for trajectory optimization.
[INFO] [1783855790.638573913, 164.662000000]: Footprint model 'polygon' loaded for trajectory optimization.
[INFO] [1783855791.238771913, 165.260000000]: Footprint model 'polygon' loaded for trajectory optimization.
[INFO] [1783855791.790724410, 165.810000000]: Footprint model 'polygon' loaded for trajectory optimization.
[INFO] [1783855792.441574704, 166.460000000]: Footprint model 'polygon' loaded for trajectory optimization.
[INFO] [1783855793.873449149, 167.888000000]: GOAL Reached!
[INFO] [1783855793.959519623, 167.974000000]: Footprint model 'polygon' loaded for trajectory optimization.
[INFO] [1783855794.844409259, 168.860000000]: Footprint model 'polygon' loaded for trajectory optimization.
[INFO] [1783855795.540168403, 169.556000000]: Footprint model 'polygon' loaded for trajectory optimization.
[INFO] [1783855796.228053738, 170.240000000]: Footprint model 'polygon' loaded for trajectory optimization.
[INFO] [1783855797.969248167, 171.978000000]: GOAL Reached!
[INFO] [1783855798.049338709, 172.058000000]: Footprint model 'polygon' loaded for trajectory optimization.
[INFO] [1783855798.927796976, 172.936000000]: Footprint model 'polygon' loaded for trajectory optimization.
[INFO] [1783855799.572902095, 173.582000000]: Footprint model 'polygon' loaded for trajectory optimization.
[INFO] [1783855800.171211492, 174.176000000]: Footprint model 'polygon' loaded for trajectory optimization.
[INFO] [1783855802.045475912, 176.052000000]: GOAL Reached!
[INFO] [1783855802.137222380, 176.142000000]: Footprint model 'polygon' loaded for trajectory optimization.
[INFO] [1783855803.025166761, 177.026000000]: Footprint model 'polygon' loaded for trajectory optimization.
[INFO] [1783855803.704509319, 177.704000000]: Footprint model 'polygon' loaded for trajectory optimization.
[INFO] [1783855804.307037809, 178.304000000]: Footprint model 'polygon' loaded for trajectory optimization.
[INFO] [1783855804.856713848, 178.854000000]: Footprint model 'polygon' loaded for trajectory optimization.
[INFO] [1783855806.237884756, 180.234000000]: GOAL Reached!
[INFO] [1783855806.326188313, 180.322000000]: Footprint model 'polygon' loaded for trajectory optimization.
[INFO] [1783855807.202898550, 181.200000000]: Footprint model 'polygon' loaded for trajectory optimization.
[INFO] [1783855807.853940896, 181.846000000]: Footprint model 'polygon' loaded for trajectory optimization.
[INFO] [1783855808.450798855, 182.444000000]: Footprint model 'polygon' loaded for trajectory optimization.
[INFO] [1783855809.053759446, 183.044000000]: Footprint model 'polygon' loaded for trajectory optimization.
[INFO] [1783855810.434045609, 184.422000000]: GOAL Reached!
[INFO] [1783855810.521386261, 184.510000000]: Footprint model 'polygon' loaded for trajectory optimization.
[INFO] [1783855811.411764508, 185.398000000]: Footprint model 'polygon' loaded for trajectory optimization.
[INFO] [1783855811.999772966, 185.986000000]: Footprint model 'polygon' loaded for trajectory optimization.
[INFO] [1783855812.601107981, 186.586000000]: Footprint model 'polygon' loaded for trajectory optimization.
[INFO] [1783855813.152133819, 187.136000000]: Footprint model 'polygon' loaded for trajectory optimization.
[INFO] [1783855814.531582802, 188.516000000]: GOAL Reached!
[INFO] [1783855814.620668747, 188.604000000]: Footprint model 'polygon' loaded for trajectory optimization.
[INFO] [1783855815.498297044, 189.478000000]: Footprint model 'polygon' loaded for trajectory optimization.
[INFO] [1783855816.146775215, 190.126000000]: Footprint model 'polygon' loaded for trajectory optimization.
[INFO] [1783855816.794706906, 190.772000000]: Footprint model 'polygon' loaded for trajectory optimization.
[INFO] [1783855818.729742329, 192.704000000]: GOAL Reached!
[INFO] [1783855818.824989505, 192.800000000]: Footprint model 'polygon' loaded for trajectory optimization.
[INFO] [1783855819.706801023, 193.680000000]: Footprint model 'polygon' loaded for trajectory optimization.
[INFO] [1783855820.395087493, 194.368000000]: Footprint model 'polygon' loaded for trajectory optimization.
[INFO] [1783855821.044845243, 195.016000000]: Footprint model 'polygon' loaded for trajectory optimization.
[INFO] [1783855822.927470691, 196.894000000]: GOAL Reached!
[INFO] [1783855823.020959780, 196.988000000]: Footprint model 'polygon' loaded for trajectory optimization.
[INFO] [1783855823.894146085, 197.860000000]: Footprint model 'polygon' loaded for trajectory optimization.
[INFO] [1783855824.492427305, 198.456000000]: Footprint model 'polygon' loaded for trajectory optimization.
[INFO] [1783855825.048732304, 199.012000000]: Footprint model 'polygon' loaded for trajectory optimization.
[INFO] [1783855825.696071954, 199.658000000]: Footprint model 'polygon' loaded for trajectory optimization.
[INFO] [1783855827.124129577, 201.084000000]: GOAL Reached!
[INFO] [1783855827.208463189, 201.168000000]: Footprint model 'polygon' loaded for trajectory optimization.
[INFO] [1783855828.080572859, 202.038000000]: Footprint model 'polygon' loaded for trajectory optimization.
[INFO] [1783855828.685717051, 202.642000000]: Footprint model 'polygon' loaded for trajectory optimization.
[INFO] [1783855829.279393324, 203.238000000]: Footprint model 'polygon' loaded for trajectory optimization.
[INFO] [1783855831.311932182, 205.266000000]: GOAL Reached!
[INFO] [1783855831.396946441, 205.352000000]: Footprint model 'polygon' loaded for trajectory optimization.
[INFO] [1783855832.267749633, 206.220000000]: Footprint model 'polygon' loaded for trajectory optimization.
[INFO] [1783855832.964055390, 206.914000000]: Footprint model 'polygon' loaded for trajectory optimization.
[INFO] [1783855833.662933184, 207.612000000]: Footprint model 'polygon' loaded for trajectory optimization.
[INFO] [1783855835.392908533, 209.342000000]: GOAL Reached!
[INFO] [1783855835.472982339, 209.422000000]: Footprint model 'polygon' loaded for trajectory optimization.
[INFO] [1783855836.355603957, 210.300000000]: Footprint model 'polygon' loaded for trajectory optimization.
[INFO] [1783855837.049822990, 210.994000000]: Footprint model 'polygon' loaded for trajectory optimization.
[INFO] [1783855837.690855225, 211.638000000]: Footprint model 'polygon' loaded for trajectory optimization.
[INFO] [1783855839.577023399, 213.518000000]: GOAL Reached!
[INFO] [1783855839.671627125, 213.612000000]: Footprint model 'polygon' loaded for trajectory optimization.
[INFO] [1783855840.540281794, 214.478000000]: Footprint model 'polygon' loaded for trajectory optimization.
[INFO] [1783855841.235466044, 215.172000000]: Footprint model 'polygon' loaded for trajectory optimization.
[INFO] [1783855841.881012083, 215.820000000]: Footprint model 'polygon' loaded for trajectory optimization.
[INFO] [1783855843.764841594, 217.700000000]: GOAL Reached!
[INFO] [1783855843.859629008, 217.794000000]: Footprint model 'polygon' loaded for trajectory optimization.
[INFO] [1783855844.745619641, 218.680000000]: Footprint model 'polygon' loaded for trajectory optimization.
[INFO] [1783855845.383027828, 219.316000000]: Footprint model 'polygon' loaded for trajectory optimization.
[INFO] [1783855846.030952070, 219.966000000]: Footprint model 'polygon' loaded for trajectory optimization.
[INFO] [1783855847.964001573, 221.892000000]: GOAL Reached!
[INFO] [1783855848.067083632, 221.996000000]: Footprint model 'polygon' loaded for trajectory optimization.
[INFO] [1783855848.934717442, 222.862000000]: Footprint model 'polygon' loaded for trajectory optimization.
[INFO] [1783855849.593020650, 223.518000000]: Footprint model 'polygon' loaded for trajectory optimization.
[INFO] [1783855850.233860367, 224.160000000]: Footprint model 'polygon' loaded for trajectory optimization.
[INFO] [1783855852.168590491, 226.090000000]: GOAL Reached!
[INFO] [1783855852.257454222, 226.180000000]: Footprint model 'polygon' loaded for trajectory optimization.
[INFO] [1783855853.133541354, 227.056000000]: Footprint model 'polygon' loaded for trajectory optimization.
[INFO] [1783855853.688275029, 227.612000000]: Footprint model 'polygon' loaded for trajectory optimization.
[INFO] [1783855854.291854382, 228.210000000]: Footprint model 'polygon' loaded for trajectory optimization.
[INFO] [1783855854.940658201, 228.856000000]: Footprint model 'polygon' loaded for trajectory optimization.
[INFO] [1783855856.270553422, 230.186000000]: GOAL Reached!
[INFO] [1783855856.363132612, 230.278000000]: Footprint model 'polygon' loaded for trajectory optimization.
[INFO] [1783855857.248657073, 231.162000000]: Footprint model 'polygon' loaded for trajectory optimization.
[INFO] [1783855857.935394264, 231.848000000]: Footprint model 'polygon' loaded for trajectory optimization.
[INFO] [1783855858.634807828, 232.546000000]: Footprint model 'polygon' loaded for trajectory optimization.
[INFO] [1783855860.467401185, 234.374000000]: GOAL Reached!
[INFO] [1783855860.557416765, 234.464000000]: Footprint model 'polygon' loaded for trajectory optimization.
[INFO] [1783855861.433973233, 235.338000000]: Footprint model 'polygon' loaded for trajectory optimization.
[INFO] [1783855862.034072066, 235.936000000]: Footprint model 'polygon' loaded for trajectory optimization.
[INFO] [1783855862.633506980, 236.536000000]: Footprint model 'polygon' loaded for trajectory optimization.
[INFO] [1783855864.663408407, 238.564000000]: GOAL Reached!
[INFO] [1783855864.767352806, 238.668000000]: Footprint model 'polygon' loaded for trajectory optimization.
[INFO] [1783855865.642342690, 239.542000000]: Footprint model 'polygon' loaded for trajectory optimization.
[INFO] [1783855866.285935377, 240.182000000]: Footprint model 'polygon' loaded for trajectory optimization.
[INFO] [1783855866.934499970, 240.830000000]: Footprint model 'polygon' loaded for trajectory optimization.
[INFO] [1783855868.667965279, 242.560000000]: GOAL Reached!
[INFO] [1783855868.751294482, 242.644000000]: Footprint model 'polygon' loaded for trajectory optimization.
[INFO] [1783855869.627332917, 243.520000000]: Footprint model 'polygon' loaded for trajectory optimization.
[INFO] [1783855870.317390696, 244.206000000]: Footprint model 'polygon' loaded for trajectory optimization.
[INFO] [1783855870.906999529, 244.796000000]: Footprint model 'polygon' loaded for trajectory optimization.
[INFO] [1783855872.747240391, 246.634000000]: GOAL Reached!
[INFO] [1783855872.836572685, 246.722000000]: Footprint model 'polygon' loaded for trajectory optimization.
[INFO] [1783855873.712135665, 247.598000000]: Footprint model 'polygon' loaded for trajectory optimization.
[INFO] [1783855874.364191849, 248.248000000]: Footprint model 'polygon' loaded for trajectory optimization.
[INFO] [1783855874.961721453, 248.844000000]: Footprint model 'polygon' loaded for trajectory optimization.
[INFO] [1783855876.844219840, 250.722000000]: GOAL Reached!
[INFO] [1783855876.936282793, 250.816000000]: Footprint model 'polygon' loaded for trajectory optimization.
[INFO] [1783855877.820334301, 251.700000000]: Footprint model 'polygon' loaded for trajectory optimization.
[INFO] [1783855878.468008055, 252.348000000]: Footprint model 'polygon' loaded for trajectory optimization.
[INFO] [1783855879.073101671, 252.950000000]: Footprint model 'polygon' loaded for trajectory optimization.
[INFO] [1783855881.053251133, 254.926000000]: GOAL Reached!
[INFO] [1783855881.156216145, 255.028000000]: Footprint model 'polygon' loaded for trajectory optimization.
[INFO] [1783855882.047847038, 255.918000000]: Footprint model 'polygon' loaded for trajectory optimization.
[INFO] [1783855882.689784155, 256.560000000]: Footprint model 'polygon' loaded for trajectory optimization.
[INFO] [1783855883.333422292, 257.206000000]: Footprint model 'polygon' loaded for trajectory optimization.
[INFO] [1783855883.893083054, 257.762000000]: Footprint model 'polygon' loaded for trajectory optimization.
[INFO] [1783855885.270105392, 259.136000000]: GOAL Reached!
[INFO] [1783855885.340013057, 259.206000000]: Footprint model 'polygon' loaded for trajectory optimization.
[INFO] [1783855886.216980328, 260.082000000]: Footprint model 'polygon' loaded for trajectory optimization.
[INFO] [1783855886.811037094, 260.674000000]: Footprint model 'polygon' loaded for trajectory optimization.
[INFO] [1783855887.515482057, 261.376000000]: Footprint model 'polygon' loaded for trajectory optimization.
[INFO] [1783855889.445031693, 263.304000000]: GOAL Reached!
[INFO] [1783855889.552402862, 263.412000000]: Footprint model 'polygon' loaded for trajectory optimization.
[INFO] [1783855890.425132512, 264.282000000]: Footprint model 'polygon' loaded for trajectory optimization.
[INFO] [1783855891.072700077, 264.932000000]: Footprint model 'polygon' loaded for trajectory optimization.
[INFO] [1783855891.724593177, 265.578000000]: Footprint model 'polygon' loaded for trajectory optimization.
[INFO] [1783855892.273485639, 266.126000000]: Footprint model 'polygon' loaded for trajectory optimization.
[INFO] [1783855893.655026971, 267.506000000]: GOAL Reached!
[INFO] [1783855893.754665345, 267.604000000]: Footprint model 'polygon' loaded for trajectory optimization.
[INFO] [1783855894.649657427, 268.498000000]: Footprint model 'polygon' loaded for trajectory optimization.
[INFO] [1783855895.343102262, 269.192000000]: Footprint model 'polygon' loaded for trajectory optimization.
[INFO] [1783855895.986248008, 269.836000000]: Footprint model 'polygon' loaded for trajectory optimization.
[INFO] [1783855897.969217467, 271.814000000]: GOAL Reached!
[INFO] [1783855898.060165956, 271.904000000]: Footprint model 'polygon' loaded for trajectory optimization.
[INFO] [1783855898.937595640, 272.780000000]: Footprint model 'polygon' loaded for trajectory optimization.
[INFO] [1783855899.632684745, 273.476000000]: Footprint model 'polygon' loaded for trajectory optimization.
[INFO] [1783855900.231994562, 274.072000000]: Footprint model 'polygon' loaded for trajectory optimization.
[INFO] [1783855902.067957606, 275.904000000]: GOAL Reached!
[INFO] [1783855902.169092982, 276.006000000]: Footprint model 'polygon' loaded for trajectory optimization.
[INFO] [1783855903.064216203, 276.898000000]: Footprint model 'polygon' loaded for trajectory optimization.
[INFO] [1783855903.749781039, 277.586000000]: Footprint model 'polygon' loaded for trajectory optimization.
[INFO] [1783855904.452541858, 278.284000000]: Footprint model 'polygon' loaded for trajectory optimization.
[INFO] [1783855906.278928134, 280.112000000]: GOAL Reached!
[INFO] [1783855906.369003389, 280.200000000]: Footprint model 'polygon' loaded for trajectory optimization.
[INFO] [1783855907.250085172, 281.080000000]: Footprint model 'polygon' loaded for trajectory optimization.
[INFO] [1783855907.888222053, 281.716000000]: Footprint model 'polygon' loaded for trajectory optimization.
[INFO] [1783855908.536219069, 282.364000000]: Footprint model 'polygon' loaded for trajectory optimization.
[INFO] [1783855910.467928902, 284.292000000]: GOAL Reached!
[INFO] [1783855910.561005454, 284.386000000]: Footprint model 'polygon' loaded for trajectory optimization.
[INFO] [1783855911.434198686, 285.260000000]: Footprint model 'polygon' loaded for trajectory optimization.
[INFO] [1783855912.084050135, 285.904000000]: Footprint model 'polygon' loaded for trajectory optimization.
[INFO] [1783855912.736242956, 286.556000000]: Footprint model 'polygon' loaded for trajectory optimization.
[INFO] [1783855913.285360031, 287.104000000]: Footprint model 'polygon' loaded for trajectory optimization.
[INFO] [1783855914.661097232, 288.482000000]: GOAL Reached!
[INFO] [1783855914.753315421, 288.572000000]: Footprint model 'polygon' loaded for trajectory optimization.
[INFO] [1783855915.642161073, 289.458000000]: Footprint model 'polygon' loaded for trajectory optimization.
[INFO] [1783855916.331326230, 290.146000000]: Footprint model 'polygon' loaded for trajectory optimization.
[INFO] [1783855917.026528827, 290.840000000]: Footprint model 'polygon' loaded for trajectory optimization.
[INFO] [1783855918.759905113, 292.570000000]: GOAL Reached!
[INFO] [1783855918.837917314, 292.648000000]: Footprint model 'polygon' loaded for trajectory optimization.
[INFO] [1783855919.730449761, 293.540000000]: Footprint model 'polygon' loaded for trajectory optimization.
[INFO] [1783855920.375274786, 294.182000000]: Footprint model 'polygon' loaded for trajectory optimization.
[INFO] [1783855920.974888325, 294.780000000]: Footprint model 'polygon' loaded for trajectory optimization.
[INFO] [1783855922.847014132, 296.652000000]: GOAL Reached!
[INFO] [1783855922.939622807, 296.744000000]: Footprint model 'polygon' loaded for trajectory optimization.
[INFO] [1783855923.820129656, 297.620000000]: Footprint model 'polygon' loaded for trajectory optimization.
[INFO] [1783855924.514211991, 298.312000000]: Footprint model 'polygon' loaded for trajectory optimization.
[INFO] [1783855925.116092318, 298.912000000]: Footprint model 'polygon' loaded for trajectory optimization.
[INFO] [1783855927.047146296, 300.842000000]: GOAL Reached!
[INFO] [1783855927.132412260, 300.926000000]: Footprint model 'polygon' loaded for trajectory optimization.
[INFO] [1783855928.007252534, 301.800000000]: Footprint model 'polygon' loaded for trajectory optimization.
[INFO] [1783855928.658724091, 302.450000000]: Footprint model 'polygon' loaded for trajectory optimization.
[INFO] [1783855929.261235653, 303.052000000]: Footprint model 'polygon' loaded for trajectory optimization.
[INFO] [1783855931.238713613, 305.026000000]: GOAL Reached!
[INFO] [1783855931.320292716, 305.108000000]: Footprint model 'polygon' loaded for trajectory optimization.
[INFO] [1783855932.191242940, 305.978000000]: Footprint model 'polygon' loaded for trajectory optimization.
[INFO] [1783855932.836228067, 306.622000000]: Footprint model 'polygon' loaded for trajectory optimization.
[INFO] [1783855933.434589647, 307.220000000]: Footprint model 'polygon' loaded for trajectory optimization.
[INFO] [1783855934.036858583, 307.820000000]: Footprint model 'polygon' loaded for trajectory optimization.
[INFO] [1783855935.417303902, 309.198000000]: GOAL Reached!
[INFO] [1783855935.492932705, 309.274000000]: Footprint model 'polygon' loaded for trajectory optimization.
[INFO] [1783855936.361029399, 310.138000000]: Footprint model 'polygon' loaded for trajectory optimization.
[INFO] [1783855936.911703372, 310.690000000]: Footprint model 'polygon' loaded for trajectory optimization.
[INFO] [1783855937.562714824, 311.342000000]: Footprint model 'polygon' loaded for trajectory optimization.
[INFO] [1783855938.158387959, 311.936000000]: Footprint model 'polygon' loaded for trajectory optimization.
[INFO] [1783855939.595007065, 313.368000000]: GOAL Reached!
[INFO] [1783855939.673444690, 313.446000000]: Footprint model 'polygon' loaded for trajectory optimization.
[INFO] [1783855940.548591266, 314.322000000]: Footprint model 'polygon' loaded for trajectory optimization.
[INFO] [1783855941.241921972, 315.016000000]: Footprint model 'polygon' loaded for trajectory optimization.
[INFO] [1783855941.946652175, 315.718000000]: Footprint model 'polygon' loaded for trajectory optimization.
[INFO] [1783855943.670418885, 317.440000000]: GOAL Reached!
[INFO] [1783855943.759446373, 317.528000000]: Footprint model 'polygon' loaded for trajectory optimization.
[INFO] [1783855944.635888624, 318.400000000]: Footprint model 'polygon' loaded for trajectory optimization.
[INFO] [1783855945.235487499, 319.002000000]: Footprint model 'polygon' loaded for trajectory optimization.
[INFO] [1783855945.790147423, 319.554000000]: Footprint model 'polygon' loaded for trajectory optimization.
[INFO] [1783855946.435449614, 320.200000000]: Footprint model 'polygon' loaded for trajectory optimization.
[INFO] [1783855947.869917378, 321.630000000]: GOAL Reached!
[INFO] [1783855947.954100795, 321.714000000]: Footprint model 'polygon' loaded for trajectory optimization.
[INFO] [1783855948.840616020, 322.602000000]: Footprint model 'polygon' loaded for trajectory optimization.
[INFO] [1783855949.533858057, 323.294000000]: Footprint model 'polygon' loaded for trajectory optimization.
[INFO] [1783855950.132630028, 323.890000000]: Footprint model 'polygon' loaded for trajectory optimization.
[INFO] [1783855952.064676511, 325.820000000]: GOAL Reached!
[INFO] [1783855952.154642373, 325.910000000]: Footprint model 'polygon' loaded for trajectory optimization.
[INFO] [1783855953.026853194, 326.780000000]: Footprint model 'polygon' loaded for trajectory optimization.
[INFO] [1783855953.628427154, 327.378000000]: Footprint model 'polygon' loaded for trajectory optimization.
[INFO] [1783855954.281463472, 328.034000000]: Footprint model 'polygon' loaded for trajectory optimization.
[INFO] [1783855956.261421737, 330.008000000]: GOAL Reached!
[INFO] [1783855956.358446403, 330.104000000]: Footprint model 'polygon' loaded for trajectory optimization.
[INFO] [1783855957.232054689, 330.980000000]: Footprint model 'polygon' loaded for trajectory optimization.
[INFO] [1783855957.785380976, 331.530000000]: Footprint model 'polygon' loaded for trajectory optimization.
[INFO] [1783855958.386696247, 332.130000000]: Footprint model 'polygon' loaded for trajectory optimization.
[INFO] [1783855958.985879095, 332.732000000]: Footprint model 'polygon' loaded for trajectory optimization.
[INFO] [1783855960.365348462, 334.108000000]: GOAL Reached!
[INFO] [1783855960.455613948, 334.198000000]: Footprint model 'polygon' loaded for trajectory optimization.
[INFO] [1783855961.342388106, 335.080000000]: Footprint model 'polygon' loaded for trajectory optimization.
[INFO] [1783855961.978000435, 335.718000000]: Footprint model 'polygon' loaded for trajectory optimization.
[INFO] [1783855962.631238714, 336.368000000]: Footprint model 'polygon' loaded for trajectory optimization.
[INFO] [1783855963.224705440, 336.960000000]: Footprint model 'polygon' loaded for trajectory optimization.
[INFO] [1783855964.659173339, 338.394000000]: GOAL Reached!
[INFO] [1783855964.746406875, 338.482000000]: Footprint model 'polygon' loaded for trajectory optimization.
[INFO] [1783855965.608596278, 339.340000000]: Footprint model 'polygon' loaded for trajectory optimization.
[INFO] [1783855966.207957672, 339.940000000]: Footprint model 'polygon' loaded for trajectory optimization.
[INFO] [1783855966.764116541, 340.494000000]: Footprint model 'polygon' loaded for trajectory optimization.
[INFO] [1783855968.645874164, 342.372000000]: GOAL Reached!
[INFO] [1783855968.725162114, 342.452000000]: Footprint model 'polygon' loaded for trajectory optimization.
[INFO] [1783855969.595508529, 343.320000000]: Footprint model 'polygon' loaded for trajectory optimization.
[INFO] [1783855970.202218377, 343.924000000]: Footprint model 'polygon' loaded for trajectory optimization.
[INFO] [1783855970.899349468, 344.622000000]: Footprint model 'polygon' loaded for trajectory optimization.
[INFO] [1783855972.831627657, 346.550000000]: GOAL Reached!
[INFO] [1783855972.918654855, 346.638000000]: Footprint model 'polygon' loaded for trajectory optimization.
[INFO] [1783855973.819881361, 347.538000000]: Footprint model 'polygon' loaded for trajectory optimization.
[INFO] [1783855974.458187737, 348.174000000]: Footprint model 'polygon' loaded for trajectory optimization.
[INFO] [1783855975.104517289, 348.822000000]: Footprint model 'polygon' loaded for trajectory optimization.
[INFO] [1783855976.933694970, 350.650000000]: GOAL Reached!
[INFO] [1783855977.013373705, 350.730000000]: Footprint model 'polygon' loaded for trajectory optimization.
[INFO] [1783855977.887086564, 351.602000000]: Footprint model 'polygon' loaded for trajectory optimization.
[INFO] [1783855978.588358914, 352.298000000]: Footprint model 'polygon' loaded for trajectory optimization.
[INFO] [1783855979.232561074, 352.942000000]: Footprint model 'polygon' loaded for trajectory optimization.
[INFO] [1783855981.113189911, 354.820000000]: GOAL Reached!
[INFO] [1783855981.193633156, 354.900000000]: Footprint model 'polygon' loaded for trajectory optimization.
[INFO] [1783855982.069324519, 355.776000000]: Footprint model 'polygon' loaded for trajectory optimization.
[INFO] [1783855982.766685635, 356.470000000]: Footprint model 'polygon' loaded for trajectory optimization.
[INFO] [1783855983.462566666, 357.168000000]: Footprint model 'polygon' loaded for trajectory optimization.
[INFO] [1783855985.195366178, 358.894000000]: GOAL Reached!
[INFO] [1783855985.294468829, 358.994000000]: Footprint model 'polygon' loaded for trajectory optimization.
[INFO] [1783855986.175359974, 359.876000000]: Footprint model 'polygon' loaded for trajectory optimization.
[INFO] [1783855986.862176143, 360.562000000]: Footprint model 'polygon' loaded for trajectory optimization.
[INFO] [1783855987.466249488, 361.166000000]: Footprint model 'polygon' loaded for trajectory optimization.
[INFO] [1783855989.397713841, 363.092000000]: GOAL Reached!
[INFO] [1783855989.489702762, 363.184000000]: Footprint model 'polygon' loaded for trajectory optimization.
[INFO] [1783855990.366869577, 364.058000000]: Footprint model 'polygon' loaded for trajectory optimization.
[INFO] [1783855991.020622520, 364.710000000]: Footprint model 'polygon' loaded for trajectory optimization.
[INFO] [1783855991.659442584, 365.352000000]: Footprint model 'polygon' loaded for trajectory optimization.
[INFO] [1783855992.211025551, 365.900000000]: Footprint model 'polygon' loaded for trajectory optimization.
[INFO] [1783855993.493917109, 367.180000000]: GOAL Reached!
[INFO] [1783855993.582098419, 367.268000000]: Footprint model 'polygon' loaded for trajectory optimization.
[INFO] [1783855994.479252372, 368.164000000]: Footprint model 'polygon' loaded for trajectory optimization.
[INFO] [1783855995.156378703, 368.844000000]: Footprint model 'polygon' loaded for trajectory optimization.
[INFO] [1783855995.759387934, 369.442000000]: Footprint model 'polygon' loaded for trajectory optimization.
[INFO] [1783855997.690913141, 371.374000000]: GOAL Reached!
[INFO] [1783855997.780433935, 371.464000000]: Footprint model 'polygon' loaded for trajectory optimization.
[INFO] [1783855998.691641416, 372.370000000]: Footprint model 'polygon' loaded for trajectory optimization.
[INFO] [1783855999.308674128, 372.986000000]: Footprint model 'polygon' loaded for trajectory optimization.
[INFO] [1783855999.904932545, 373.580000000]: Footprint model 'polygon' loaded for trajectory optimization.
[INFO] [1783856001.785001889, 375.458000000]: GOAL Reached!
[INFO] [1783856001.878886622, 375.552000000]: Footprint model 'polygon' loaded for trajectory optimization.
[INFO] [1783856002.768620701, 376.440000000]: Footprint model 'polygon' loaded for trajectory optimization.
[INFO] [1783856003.458540829, 377.130000000]: Footprint model 'polygon' loaded for trajectory optimization.
[INFO] [1783856004.154589983, 377.822000000]: Footprint model 'polygon' loaded for trajectory optimization.
[INFO] [1783856005.986870835, 379.652000000]: GOAL Reached!
[INFO] [1783856006.086767139, 379.752000000]: Footprint model 'polygon' loaded for trajectory optimization.
[INFO] [1783856006.973986963, 380.638000000]: Footprint model 'polygon' loaded for trajectory optimization.
[INFO] [1783856007.614721109, 381.278000000]: Footprint model 'polygon' loaded for trajectory optimization.
[INFO] [1783856008.261168747, 381.924000000]: Footprint model 'polygon' loaded for trajectory optimization.
[INFO] [1783856010.193117170, 383.852000000]: GOAL Reached!
[INFO] [1783856010.289638827, 383.948000000]: Footprint model 'polygon' loaded for trajectory optimization.
[INFO] [1783856011.180294521, 384.836000000]: Footprint model 'polygon' loaded for trajectory optimization.
[INFO] [1783856011.870423688, 385.526000000]: Footprint model 'polygon' loaded for trajectory optimization.
[INFO] [1783856012.570478644, 386.226000000]: Footprint model 'polygon' loaded for trajectory optimization.
[INFO] [1783856014.599928724, 388.252000000]: GOAL Reached!
[INFO] [1783856014.690669013, 388.344000000]: Footprint model 'polygon' loaded for trajectory optimization.
[INFO] [1783856015.545250032, 389.196000000]: Footprint model 'polygon' loaded for trajectory optimization.
[INFO] [1783856016.104897055, 389.754000000]: Footprint model 'polygon' loaded for trajectory optimization.
[INFO] [1783856016.701076021, 390.352000000]: Footprint model 'polygon' loaded for trajectory optimization.
[INFO] [1783856017.345640611, 390.994000000]: Footprint model 'polygon' loaded for trajectory optimization.
[INFO] [1783856018.781571789, 392.428000000]: GOAL Reached!
[INFO] [1783856018.886757889, 392.532000000]: Footprint model 'polygon' loaded for trajectory optimization.
[INFO] [1783856019.755279124, 393.398000000]: Footprint model 'polygon' loaded for trajectory optimization.
[INFO] [1783856020.454237240, 394.100000000]: Footprint model 'polygon' loaded for trajectory optimization.
[INFO] [1783856021.057870579, 394.700000000]: Footprint model 'polygon' loaded for trajectory optimization.
[INFO] [1783856022.989566328, 396.628000000]: GOAL Reached!
[INFO] [1783856023.080331429, 396.720000000]: Footprint model 'polygon' loaded for trajectory optimization.
[INFO] [1783856023.963002941, 397.600000000]: Footprint model 'polygon' loaded for trajectory optimization.
[INFO] [1783856024.611535773, 398.248000000]: Footprint model 'polygon' loaded for trajectory optimization.
[INFO] [1783856025.205872942, 398.842000000]: Footprint model 'polygon' loaded for trajectory optimization.
[INFO] [1783856027.087441346, 400.720000000]: GOAL Reached!
[INFO] [1783856027.183812889, 400.816000000]: Footprint model 'polygon' loaded for trajectory optimization.
[INFO] [1783856028.049214546, 401.682000000]: Footprint model 'polygon' loaded for trajectory optimization.
[INFO] [1783856028.648191423, 402.278000000]: Footprint model 'polygon' loaded for trajectory optimization.
[INFO] [1783856029.303387353, 402.932000000]: Footprint model 'polygon' loaded for trajectory optimization.
[INFO] [1783856031.282052071, 404.910000000]: GOAL Reached!
[INFO] [1783856031.360988234, 404.988000000]: Footprint model 'polygon' loaded for trajectory optimization.
[INFO] [1783856032.219608646, 405.844000000]: Footprint model 'polygon' loaded for trajectory optimization.
[INFO] [1783856032.914003604, 406.536000000]: Footprint model 'polygon' loaded for trajectory optimization.
[INFO] [1783856033.470029780, 407.092000000]: Footprint model 'polygon' loaded for trajectory optimization.
[INFO] [1783856035.247482452, 408.866000000]: GOAL Reached!
[INFO] [1783856035.334631459, 408.952000000]: Footprint model 'polygon' loaded for trajectory optimization.
[INFO] [1783856036.222002641, 409.838000000]: Footprint model 'polygon' loaded for trajectory optimization.
[INFO] [1783856036.866501512, 410.482000000]: Footprint model 'polygon' loaded for trajectory optimization.
[INFO] [1783856037.465892673, 411.080000000]: Footprint model 'polygon' loaded for trajectory optimization.
[INFO] [1783856039.449708102, 413.060000000]: GOAL Reached!
[INFO] [1783856039.539213933, 413.150000000]: Footprint model 'polygon' loaded for trajectory optimization.
[INFO] [1783856040.430366420, 414.038000000]: Footprint model 'polygon' loaded for trajectory optimization.
[INFO] [1783856041.082556286, 414.692000000]: Footprint model 'polygon' loaded for trajectory optimization.
[INFO] [1783856041.678405432, 415.286000000]: Footprint model 'polygon' loaded for trajectory optimization.
[INFO] [1783856042.281577050, 415.888000000]: Footprint model 'polygon' loaded for trajectory optimization.
[INFO] [1783856043.759539753, 417.362000000]: GOAL Reached!
[INFO] [1783856043.844636632, 417.448000000]: Footprint model 'polygon' loaded for trajectory optimization.
[INFO] [1783856044.715005295, 418.318000000]: Footprint model 'polygon' loaded for trajectory optimization.
[INFO] [1783856045.313187026, 418.914000000]: Footprint model 'polygon' loaded for trajectory optimization.
[INFO] [1783856045.868392522, 419.468000000]: Footprint model 'polygon' loaded for trajectory optimization.
[INFO] [1783856047.847699436, 421.444000000]: GOAL Reached!
[INFO] [1783856047.934127414, 421.530000000]: Footprint model 'polygon' loaded for trajectory optimization.
[INFO] [1783856048.800401720, 422.396000000]: Footprint model 'polygon' loaded for trajectory optimization.
[INFO] [1783856049.343431484, 422.936000000]: Footprint model 'polygon' loaded for trajectory optimization.
[INFO] [1783856049.982291331, 423.576000000]: Footprint model 'polygon' loaded for trajectory optimization.
[INFO] [1783856050.548092254, 424.138000000]: Footprint model 'polygon' loaded for trajectory optimization.
[INFO] [1783856052.024123840, 425.614000000]: GOAL Reached!
[INFO] [1783856052.113063532, 425.704000000]: Footprint model 'polygon' loaded for trajectory optimization.
[INFO] [1783856052.992222351, 426.578000000]: Footprint model 'polygon' loaded for trajectory optimization.
[INFO] [1783856053.584249267, 427.172000000]: Footprint model 'polygon' loaded for trajectory optimization.
[INFO] [1783856054.237009709, 427.824000000]: Footprint model 'polygon' loaded for trajectory optimization.
[INFO] [1783856054.835623917, 428.420000000]: Footprint model 'polygon' loaded for trajectory optimization.
[INFO] [1783856056.218648520, 429.802000000]: GOAL Reached!
[INFO] [1783856056.305230975, 429.888000000]: Footprint model 'polygon' loaded for trajectory optimization.
[INFO] [1783856057.201735318, 430.782000000]: Footprint model 'polygon' loaded for trajectory optimization.
[INFO] [1783856057.886387383, 431.466000000]: Footprint model 'polygon' loaded for trajectory optimization.
[INFO] [1783856058.437311930, 432.016000000]: Footprint model 'polygon' loaded for trajectory optimization.
[INFO] [1783856060.317482409, 433.892000000]: GOAL Reached!
[INFO] [1783856060.402312489, 433.976000000]: Footprint model 'polygon' loaded for trajectory optimization.
[INFO] [1783856061.280060652, 434.854000000]: Footprint model 'polygon' loaded for trajectory optimization.
[INFO] [1783856061.889650923, 435.462000000]: Footprint model 'polygon' loaded for trajectory optimization.
[INFO] [1783856062.537067458, 436.110000000]: Footprint model 'polygon' loaded for trajectory optimization.
[INFO] [1783856064.417573009, 437.986000000]: GOAL Reached!
[INFO] [1783856064.510275722, 438.078000000]: Footprint model 'polygon' loaded for trajectory optimization.
[INFO] [1783856065.389305366, 438.956000000]: Footprint model 'polygon' loaded for trajectory optimization.
[INFO] [1783856066.038772371, 439.608000000]: Footprint model 'polygon' loaded for trajectory optimization.
[INFO] [1783856066.687693350, 440.254000000]: Footprint model 'polygon' loaded for trajectory optimization.
[INFO] [1783856068.517580031, 442.080000000]: GOAL Reached!
[INFO] [1783856068.596947266, 442.160000000]: Footprint model 'polygon' loaded for trajectory optimization.
[INFO] [1783856069.479710784, 443.040000000]: Footprint model 'polygon' loaded for trajectory optimization.
[INFO] [1783856070.174234065, 443.732000000]: Footprint model 'polygon' loaded for trajectory optimization.
[INFO] [1783856070.817020992, 444.374000000]: Footprint model 'polygon' loaded for trajectory optimization.
[INFO] [1783856072.597168684, 446.154000000]: GOAL Reached!
[INFO] [1783856072.698571546, 446.256000000]: Footprint model 'polygon' loaded for trajectory optimization.
[INFO] [1783856073.588153543, 447.142000000]: Footprint model 'polygon' loaded for trajectory optimization.
[INFO] [1783856074.274492375, 447.828000000]: Footprint model 'polygon' loaded for trajectory optimization.
[INFO] [1783856074.921525204, 448.474000000]: Footprint model 'polygon' loaded for trajectory optimization.
[INFO] [1783856076.703167383, 450.252000000]: GOAL Reached!
[INFO] [1783856076.799773871, 450.348000000]: Footprint model 'polygon' loaded for trajectory optimization.
[INFO] [1783856077.671583069, 451.218000000]: Footprint model 'polygon' loaded for trajectory optimization.
[INFO] [1783856078.361859805, 451.910000000]: Footprint model 'polygon' loaded for trajectory optimization.
[INFO] [1783856078.955559242, 452.502000000]: Footprint model 'polygon' loaded for trajectory optimization.
[INFO] [1783856079.559557945, 453.104000000]: Footprint model 'polygon' loaded for trajectory optimization.
[INFO] [1783856081.091402596, 454.634000000]: GOAL Reached!
[INFO] [1783856081.159176383, 454.702000000]: Footprint model 'polygon' loaded for trajectory optimization.
[INFO] [1783856082.022567974, 455.564000000]: Footprint model 'polygon' loaded for trajectory optimization.
[INFO] [1783856082.717472486, 456.256000000]: Footprint model 'polygon' loaded for trajectory optimization.
[INFO] [1783856083.264362605, 456.802000000]: Footprint model 'polygon' loaded for trajectory optimization.
[INFO] [1783856085.145283660, 458.682000000]: GOAL Reached!
[INFO] [1783856085.228290458, 458.764000000]: Footprint model 'polygon' loaded for trajectory optimization.
[INFO] [1783856086.106072236, 459.638000000]: Footprint model 'polygon' loaded for trajectory optimization.
[INFO] [1783856086.755195250, 460.290000000]: Footprint model 'polygon' loaded for trajectory optimization.
[INFO] [1783856087.400768452, 460.936000000]: Footprint model 'polygon' loaded for trajectory optimization.
[INFO] [1783856089.335376493, 462.864000000]: GOAL Reached!
[INFO] [1783856089.425051656, 462.954000000]: Footprint model 'polygon' loaded for trajectory optimization.
[INFO] [1783856090.292311102, 463.822000000]: Footprint model 'polygon' loaded for trajectory optimization.
[INFO] [1783856090.843808874, 464.370000000]: Footprint model 'polygon' loaded for trajectory optimization.
[INFO] [1783856091.498399334, 465.022000000]: Footprint model 'polygon' loaded for trajectory optimization.
[INFO] [1783856092.143288223, 465.668000000]: Footprint model 'polygon' loaded for trajectory optimization.
[INFO] [1783856093.725919269, 467.246000000]: GOAL Reached!
[INFO] [1783856093.806174220, 467.326000000]: Footprint model 'polygon' loaded for trajectory optimization.
[INFO] [1783856094.701379480, 468.222000000]: Footprint model 'polygon' loaded for trajectory optimization.
[INFO] [1783856095.334020302, 468.854000000]: Footprint model 'polygon' loaded for trajectory optimization.
[INFO] [1783856095.983887540, 469.504000000]: Footprint model 'polygon' loaded for trajectory optimization.
[INFO] [1783856097.915651504, 471.430000000]: GOAL Reached!
[INFO] [1783856097.993548107, 471.508000000]: Footprint model 'polygon' loaded for trajectory optimization.
[INFO] [1783856098.868560030, 472.380000000]: Footprint model 'polygon' loaded for trajectory optimization.
[INFO] [1783856099.509064451, 473.022000000]: Footprint model 'polygon' loaded for trajectory optimization.
[INFO] [1783856100.109285399, 473.620000000]: Footprint model 'polygon' loaded for trajectory optimization.
[INFO] [1783856101.891261911, 475.398000000]: GOAL Reached!
[INFO] [1783856101.978966103, 475.486000000]: Footprint model 'polygon' loaded for trajectory optimization.
[INFO] [1783856102.854106897, 476.358000000]: Footprint model 'polygon' loaded for trajectory optimization.
[INFO] [1783856103.451819546, 476.956000000]: Footprint model 'polygon' loaded for trajectory optimization.
[INFO] [1783856104.052026289, 477.554000000]: Footprint model 'polygon' loaded for trajectory optimization.
[INFO] [1783856104.652002299, 478.156000000]: Footprint model 'polygon' loaded for trajectory optimization.
[INFO] [1783856106.083661230, 479.584000000]: GOAL Reached!
[INFO] [1783856106.166797565, 479.668000000]: Footprint model 'polygon' loaded for trajectory optimization.
[INFO] [1783856107.038413461, 480.540000000]: Footprint model 'polygon' loaded for trajectory optimization.
[INFO] [1783856107.686584270, 481.186000000]: Footprint model 'polygon' loaded for trajectory optimization.
[INFO] [1783856108.332249055, 481.830000000]: Footprint model 'polygon' loaded for trajectory optimization.
[INFO] [1783856108.881932063, 482.380000000]: Footprint model 'polygon' loaded for trajectory optimization.
[INFO] [1783856110.264261826, 483.760000000]: GOAL Reached!
[INFO] [1783856110.364836635, 483.860000000]: Footprint model 'polygon' loaded for trajectory optimization.
[INFO] [1783856111.246749419, 484.738000000]: Footprint model 'polygon' loaded for trajectory optimization.
[INFO] [1783856111.942425880, 485.432000000]: Footprint model 'polygon' loaded for trajectory optimization.
[INFO] [1783856112.490621963, 485.980000000]: Footprint model 'polygon' loaded for trajectory optimization.
[INFO] [1783856113.093534646, 486.584000000]: Footprint model 'polygon' loaded for trajectory optimization.
[INFO] [1783856114.472131429, 487.960000000]: GOAL Reached!
[INFO] [1783856114.559509666, 488.048000000]: Footprint model 'polygon' loaded for trajectory optimization.
[INFO] [1783856115.428987004, 488.916000000]: Footprint model 'polygon' loaded for trajectory optimization.
[INFO] [1783856116.070100144, 489.556000000]: Footprint model 'polygon' loaded for trajectory optimization.
[INFO] [1783856116.672191634, 490.154000000]: Footprint model 'polygon' loaded for trajectory optimization.
[INFO] [1783856118.551633446, 492.032000000]: GOAL Reached!
[INFO] [1783856118.642778462, 492.124000000]: Footprint model 'polygon' loaded for trajectory optimization.
[INFO] [1783856119.522723703, 493.000000000]: Footprint model 'polygon' loaded for trajectory optimization.
[INFO] [1783856120.169067268, 493.648000000]: Footprint model 'polygon' loaded for trajectory optimization.
[INFO] [1783856120.818448691, 494.294000000]: Footprint model 'polygon' loaded for trajectory optimization.
[INFO] [1783856122.649006511, 496.124000000]: GOAL Reached!
[INFO] [1783856122.743852479, 496.218000000]: Footprint model 'polygon' loaded for trajectory optimization.
[INFO] [1783856123.629463497, 497.102000000]: Footprint model 'polygon' loaded for trajectory optimization.
[INFO] [1783856124.304191785, 497.776000000]: Footprint model 'polygon' loaded for trajectory optimization.
[INFO] [1783856124.868387829, 498.340000000]: Footprint model 'polygon' loaded for trajectory optimization.
[INFO] [1783856125.467977768, 498.936000000]: Footprint model 'polygon' loaded for trajectory optimization.
[INFO] [1783856126.748778380, 500.216000000]: GOAL Reached!
[INFO] [1783856126.838329156, 500.306000000]: Footprint model 'polygon' loaded for trajectory optimization.
[INFO] [1783856127.712453158, 501.178000000]: Footprint model 'polygon' loaded for trajectory optimization.
[INFO] [1783856128.405913813, 501.872000000]: Footprint model 'polygon' loaded for trajectory optimization.
[INFO] [1783856129.109113504, 502.572000000]: Footprint model 'polygon' loaded for trajectory optimization.
[INFO] [1783856130.736829816, 504.198000000]: GOAL Reached!
[INFO] [1783856130.839200286, 504.300000000]: Footprint model 'polygon' loaded for trajectory optimization.
[INFO] [1783856131.705870614, 505.162000000]: Footprint model 'polygon' loaded for trajectory optimization.
[INFO] [1783856132.356687706, 505.812000000]: Footprint model 'polygon' loaded for trajectory optimization.
[INFO] [1783856132.954350538, 506.408000000]: Footprint model 'polygon' loaded for trajectory optimization.
[INFO] [1783856133.553779810, 507.006000000]: Footprint model 'polygon' loaded for trajectory optimization.
[INFO] [1783856135.033968160, 508.484000000]: GOAL Reached!
[INFO] [1783856135.124131450, 508.574000000]: Footprint model 'polygon' loaded for trajectory optimization.
[INFO] [1783856136.030104214, 509.478000000]: Footprint model 'polygon' loaded for trajectory optimization.
[INFO] [1783856136.723069086, 510.170000000]: Footprint model 'polygon' loaded for trajectory optimization.
[INFO] [1783856137.315413661, 510.760000000]: Footprint model 'polygon' loaded for trajectory optimization.
[INFO] [1783856139.144737640, 512.592000000]: GOAL Reached!
[INFO] [1783856139.226930841, 512.674000000]: Footprint model 'polygon' loaded for trajectory optimization.
[INFO] [1783856140.114441609, 513.558000000]: Footprint model 'polygon' loaded for trajectory optimization.
[INFO] [1783856140.803405804, 514.244000000]: Footprint model 'polygon' loaded for trajectory optimization.
[INFO] [1783856141.456730635, 514.896000000]: Footprint model 'polygon' loaded for trajectory optimization.
[INFO] [1783856142.059043705, 515.498000000]: Footprint model 'polygon' loaded for trajectory optimization.
[INFO] [1783856142.708033302, 516.146000000]: Footprint model 'polygon' loaded for trajectory optimization.
[INFO] [1783856144.537341987, 517.972000000]: GOAL Reached!
[INFO] [1783856144.627397091, 518.064000000]: Footprint model 'polygon' loaded for trajectory optimization.
[INFO] [1783856145.506529917, 518.940000000]: Footprint model 'polygon' loaded for trajectory optimization.
[INFO] [1783856146.193037526, 519.626000000]: Footprint model 'polygon' loaded for trajectory optimization.
[INFO] [1783856146.789339456, 520.222000000]: Footprint model 'polygon' loaded for trajectory optimization.
[INFO] [1783856148.621760325, 522.052000000]: GOAL Reached!
[INFO] [1783856148.696779289, 522.128000000]: Footprint model 'polygon' loaded for trajectory optimization.
[INFO] [1783856149.573551228, 523.000000000]: Footprint model 'polygon' loaded for trajectory optimization.
[INFO] [1783856150.230743074, 523.656000000]: Footprint model 'polygon' loaded for trajectory optimization.
[INFO] [1783856150.879925350, 524.304000000]: Footprint model 'polygon' loaded for trajectory optimization.
[INFO] [1783856152.708936771, 526.130000000]: GOAL Reached!
[INFO] [1783856152.795895739, 526.216000000]: Footprint model 'polygon' loaded for trajectory optimization.
[INFO] [1783856153.657932432, 527.076000000]: Footprint model 'polygon' loaded for trajectory optimization.
[INFO] [1783856154.268579951, 527.686000000]: Footprint model 'polygon' loaded for trajectory optimization.
[INFO] [1783856154.915196016, 528.332000000]: Footprint model 'polygon' loaded for trajectory optimization.
[INFO] [1783856156.791485223, 530.206000000]: GOAL Reached!
[INFO] [1783856156.881493303, 530.296000000]: Footprint model 'polygon' loaded for trajectory optimization.
[INFO] [1783856157.760930371, 531.174000000]: Footprint model 'polygon' loaded for trajectory optimization.
[INFO] [1783856158.404548664, 531.818000000]: Footprint model 'polygon' loaded for trajectory optimization.
[INFO] [1783856159.003566353, 532.414000000]: Footprint model 'polygon' loaded for trajectory optimization.
[INFO] [1783856159.603812067, 533.012000000]: Footprint model 'polygon' loaded for trajectory optimization.
[INFO] [1783856160.979653849, 534.390000000]: GOAL Reached!
[INFO] [1783856161.078950034, 534.488000000]: Footprint model 'polygon' loaded for trajectory optimization.
[INFO] [1783856161.971912807, 535.378000000]: Footprint model 'polygon' loaded for trajectory optimization.
[INFO] [1783856162.606448322, 536.014000000]: Footprint model 'polygon' loaded for trajectory optimization.
[INFO] [1783856163.224574359, 536.628000000]: Footprint model 'polygon' loaded for trajectory optimization.
[INFO] [1783856165.089456586, 538.492000000]: GOAL Reached!
[INFO] [1783856165.169614656, 538.572000000]: Footprint model 'polygon' loaded for trajectory optimization.
[INFO] [1783856166.036131799, 539.436000000]: Footprint model 'polygon' loaded for trajectory optimization.
[INFO] [1783856166.595651643, 539.994000000]: Footprint model 'polygon' loaded for trajectory optimization.
[INFO] [1783856167.194242876, 540.592000000]: Footprint model 'polygon' loaded for trajectory optimization.
[INFO] [1783856167.791852151, 541.190000000]: Footprint model 'polygon' loaded for trajectory optimization.
[INFO] [1783856169.171822867, 542.568000000]: GOAL Reached!
[INFO] [1783856169.260026068, 542.656000000]: Footprint model 'polygon' loaded for trajectory optimization.
[INFO] [1783856170.146671019, 543.540000000]: Footprint model 'polygon' loaded for trajectory optimization.
[INFO] [1783856170.832556524, 544.226000000]: Footprint model 'polygon' loaded for trajectory optimization.
[INFO] [1783856171.385067314, 544.780000000]: Footprint model 'polygon' loaded for trajectory optimization.
[INFO] [1783856173.262997706, 546.654000000]: GOAL Reached!
[INFO] [1783856173.356882304, 546.746000000]: Footprint model 'polygon' loaded for trajectory optimization.
[INFO] [1783856174.230823562, 547.618000000]: Footprint model 'polygon' loaded for trajectory optimization.
[INFO] [1783856174.776357850, 548.162000000]: Footprint model 'polygon' loaded for trajectory optimization.
[INFO] [1783856175.381899466, 548.770000000]: Footprint model 'polygon' loaded for trajectory optimization.
[INFO] [1783856175.983705459, 549.368000000]: Footprint model 'polygon' loaded for trajectory optimization.
[INFO] [1783856177.363378275, 550.746000000]: GOAL Reached!
[INFO] [1783856177.450684309, 550.834000000]: Footprint model 'polygon' loaded for trajectory optimization.
[INFO] [1783856178.319556933, 551.700000000]: Footprint model 'polygon' loaded for trajectory optimization.
[INFO] [1783856178.913559692, 552.294000000]: Footprint model 'polygon' loaded for trajectory optimization.
[INFO] [1783856179.513878930, 552.892000000]: Footprint model 'polygon' loaded for trajectory optimization.
[INFO] [1783856181.447926986, 554.822000000]: GOAL Reached!
[INFO] [1783856181.548101896, 554.922000000]: Footprint model 'polygon' loaded for trajectory optimization.
[INFO] [1783856182.421278760, 555.794000000]: Footprint model 'polygon' loaded for trajectory optimization.
[INFO] [1783856183.016435163, 556.390000000]: Footprint model 'polygon' loaded for trajectory optimization.
[INFO] [1783856183.718758561, 557.090000000]: Footprint model 'polygon' loaded for trajectory optimization.
[INFO] [1783856184.363961171, 557.736000000]: Footprint model 'polygon' loaded for trajectory optimization.
[INFO] [1783856185.745043131, 559.116000000]: GOAL Reached!
[INFO] [1783856185.832519758, 559.202000000]: Footprint model 'polygon' loaded for trajectory optimization.
[INFO] [1783856186.712982555, 560.080000000]: Footprint model 'polygon' loaded for trajectory optimization.
[INFO] [1783856187.404718107, 560.768000000]: Footprint model 'polygon' loaded for trajectory optimization.
[INFO] [1783856188.048219301, 561.416000000]: Footprint model 'polygon' loaded for trajectory optimization.
[INFO] [1783856189.836070565, 563.196000000]: GOAL Reached!
[INFO] [1783856189.922247315, 563.282000000]: Footprint model 'polygon' loaded for trajectory optimization.
[INFO] [1783856190.796069240, 564.156000000]: Footprint model 'polygon' loaded for trajectory optimization.
[INFO] [1783856191.347345699, 564.706000000]: Footprint model 'polygon' loaded for trajectory optimization.
[INFO] [1783856191.994572276, 565.356000000]: Footprint model 'polygon' loaded for trajectory optimization.
[INFO] [1783856192.593450436, 565.950000000]: Footprint model 'polygon' loaded for trajectory optimization.
[INFO] [1783856194.129751558, 567.484000000]: GOAL Reached!
[INFO] [1783856194.205730268, 567.560000000]: Footprint model 'polygon' loaded for trajectory optimization.
[INFO] [1783856195.085701758, 568.438000000]: Footprint model 'polygon' loaded for trajectory optimization.
[INFO] [1783856195.726750255, 569.076000000]: Footprint model 'polygon' loaded for trajectory optimization.
[INFO] [1783856196.375156042, 569.726000000]: Footprint model 'polygon' loaded for trajectory optimization.
[INFO] [1783856198.307538902, 571.654000000]: GOAL Reached!
[INFO] [1783856198.404004901, 571.750000000]: Footprint model 'polygon' loaded for trajectory optimization.
[INFO] [1783856199.295529521, 572.640000000]: Footprint model 'polygon' loaded for trajectory optimization.
[INFO] [1783856199.847150093, 573.192000000]: Footprint model 'polygon' loaded for trajectory optimization.
[INFO] [1783856200.442241564, 573.786000000]: Footprint model 'polygon' loaded for trajectory optimization.
[INFO] [1783856201.042759784, 574.388000000]: Footprint model 'polygon' loaded for trajectory optimization.
[INFO] [1783856202.522929048, 575.864000000]: GOAL Reached!
[INFO] [1783856202.617348883, 575.958000000]: Footprint model 'polygon' loaded for trajectory optimization.
[INFO] [1783856203.504617867, 576.844000000]: Footprint model 'polygon' loaded for trajectory optimization.
[INFO] [1783856204.152304335, 577.490000000]: Footprint model 'polygon' loaded for trajectory optimization.
[INFO] [1783856204.749062352, 578.088000000]: Footprint model 'polygon' loaded for trajectory optimization.
[INFO] [1783856205.397909402, 578.734000000]: Footprint model 'polygon' loaded for trajectory optimization.
[INFO] [1783856207.025455408, 580.360000000]: GOAL Reached!
[INFO] [1783856207.121171594, 580.456000000]: Footprint model 'polygon' loaded for trajectory optimization.
[INFO] [1783856208.004285927, 581.338000000]: Footprint model 'polygon' loaded for trajectory optimization.
[INFO] [1783856208.651967347, 581.982000000]: Footprint model 'polygon' loaded for trajectory optimization.
[INFO] [1783856209.298357807, 582.632000000]: Footprint model 'polygon' loaded for trajectory optimization.
[INFO] [1783856211.229597147, 584.558000000]: GOAL Reached!
[INFO] [1783856211.290233532, 584.618000000]: Footprint model 'polygon' loaded for trajectory optimization.
[INFO] [1783856212.150791846, 585.478000000]: Footprint model 'polygon' loaded for trajectory optimization.
[INFO] [1783856212.843570456, 586.170000000]: Footprint model 'polygon' loaded for trajectory optimization.
[INFO] [1783856213.441557889, 586.766000000]: Footprint model 'polygon' loaded for trajectory optimization.
[INFO] [1783856214.049557043, 587.372000000]: Footprint model 'polygon' loaded for trajectory optimization.
[INFO] [1783856215.375578898, 588.696000000]: GOAL Reached!
[INFO] [1783856215.458345901, 588.778000000]: Footprint model 'polygon' loaded for trajectory optimization.
[INFO] [1783856216.336550192, 589.658000000]: Footprint model 'polygon' loaded for trajectory optimization.
[INFO] [1783856217.039233105, 590.358000000]: Footprint model 'polygon' loaded for trajectory optimization.
[INFO] [1783856217.732438338, 591.052000000]: Footprint model 'polygon' loaded for trajectory optimization.
[INFO] [1783856219.466686940, 592.782000000]: GOAL Reached!
[INFO] [1783856219.559154414, 592.876000000]: Footprint model 'polygon' loaded for trajectory optimization.
[INFO] [1783856220.429238060, 593.742000000]: Footprint model 'polygon' loaded for trajectory optimization.
[INFO] [1783856221.127507982, 594.442000000]: Footprint model 'polygon' loaded for trajectory optimization.
[INFO] [1783856221.680027175, 594.992000000]: Footprint model 'polygon' loaded for trajectory optimization.
[INFO] [1783856223.559291222, 596.868000000]: GOAL Reached!
[INFO] [1783856223.634010734, 596.942000000]: Footprint model 'polygon' loaded for trajectory optimization.
[INFO] [1783856224.512039376, 597.820000000]: Footprint model 'polygon' loaded for trajectory optimization.
[INFO] [1783856225.150832282, 598.456000000]: Footprint model 'polygon' loaded for trajectory optimization.
[INFO] [1783856225.794953169, 599.100000000]: Footprint model 'polygon' loaded for trajectory optimization.
[INFO] [1783856226.396289061, 599.698000000]: Footprint model 'polygon' loaded for trajectory optimization.
[INFO] [1783856227.727637307, 601.028000000]: GOAL Reached!
[INFO] [1783856227.816648401, 601.118000000]: Footprint model 'polygon' loaded for trajectory optimization.
[INFO] [1783856228.681451840, 601.980000000]: Footprint model 'polygon' loaded for trajectory optimization.
[INFO] [1783856229.380011534, 602.678000000]: Footprint model 'polygon' loaded for trajectory optimization.
[INFO] [1783856230.078773618, 603.374000000]: Footprint model 'polygon' loaded for trajectory optimization.
[INFO] [1783856231.807957817, 605.104000000]: GOAL Reached!
[INFO] [1783856231.904670793, 605.200000000]: Footprint model 'polygon' loaded for trajectory optimization.
[INFO] [1783856232.783938693, 606.078000000]: Footprint model 'polygon' loaded for trajectory optimization.
[INFO] [1783856233.376064026, 606.666000000]: Footprint model 'polygon' loaded for trajectory optimization.
[INFO] [1783856233.975642963, 607.264000000]: Footprint model 'polygon' loaded for trajectory optimization.
[INFO] [1783856234.626254559, 607.916000000]: Footprint model 'polygon' loaded for trajectory optimization.
[INFO] [1783856236.006517057, 609.294000000]: GOAL Reached!
[INFO] [1783856236.105857269, 609.392000000]: Footprint model 'polygon' loaded for trajectory optimization.
[INFO] [1783856236.975409951, 610.260000000]: Footprint model 'polygon' loaded for trajectory optimization.
[INFO] [1783856237.671443606, 610.958000000]: Footprint model 'polygon' loaded for trajectory optimization.
[INFO] [1783856238.269341811, 611.552000000]: Footprint model 'polygon' loaded for trajectory optimization.
[INFO] [1783856238.872388721, 612.154000000]: Footprint model 'polygon' loaded for trajectory optimization.
[INFO] [1783856240.204977883, 613.484000000]: GOAL Reached!
[INFO] [1783856240.295196825, 613.574000000]: Footprint model 'polygon' loaded for trajectory optimization.
[INFO] [1783856241.161441540, 614.440000000]: Footprint model 'polygon' loaded for trajectory optimization.
[INFO] [1783856241.866713670, 615.142000000]: Footprint model 'polygon' loaded for trajectory optimization.
[INFO] [1783856242.642354560, 615.916000000]: Footprint model 'polygon' loaded for trajectory optimization.
[INFO] [1783856243.494147507, 616.766000000]: Footprint model 'polygon' loaded for trajectory optimization.
[INFO] [1783856244.093096607, 617.366000000]: Footprint model 'polygon' loaded for trajectory optimization.
[INFO] [1783856244.644416599, 617.916000000]: Footprint model 'polygon' loaded for trajectory optimization.
[INFO] [1783856245.244555929, 618.516000000]: Footprint model 'polygon' loaded for trajectory optimization.
[INFO] [1783856246.937594246, 620.206000000]: GOAL Reached!
[INFO] [1783856247.031581113, 620.298000000]: Footprint model 'polygon' loaded for trajectory optimization.
[INFO] [1783856247.898019079, 621.164000000]: Footprint model 'polygon' loaded for trajectory optimization.
[INFO] [1783856248.446686161, 621.710000000]: Footprint model 'polygon' loaded for trajectory optimization.
[INFO] [1783856249.103597635, 622.366000000]: Footprint model 'polygon' loaded for trajectory optimization.
[INFO] [1783856250.088016729, 623.350000000]: Footprint model 'polygon' loaded for trajectory optimization.
[INFO] [1783856251.047480613, 624.308000000]: Footprint model 'polygon' loaded for trajectory optimization.
[INFO] [1783856251.904573927, 625.164000000]: Footprint model 'polygon' loaded for trajectory optimization.
[INFO] [1783856252.496310810, 625.754000000]: Footprint model 'polygon' loaded for trajectory optimization.
[INFO] [1783856253.049174920, 626.306000000]: Footprint model 'polygon' loaded for trajectory optimization.
[INFO] [1783856253.693726047, 626.952000000]: Footprint model 'polygon' loaded for trajectory optimization.
[INFO] [1783856255.339895690, 628.592000000]: GOAL Reached!
[INFO] [1783856255.429153943, 628.682000000]: Footprint model 'polygon' loaded for trajectory optimization.
[INFO] [1783856256.315545801, 629.568000000]: Footprint model 'polygon' loaded for trajectory optimization.
[INFO] [1783856256.906611519, 630.158000000]: Footprint model 'polygon' loaded for trajectory optimizati[WARN] [1783856266.893336945, 640.126000000]: Control loop missed its desired rate of 10.0000Hz... the loop actually took 0.1020 seconds
on.
[INFO] [1783856257.902620863, 631.150000000]: Footprint model 'polygon' loaded for trajectory optimization.
[INFO] [1783856258.886766579, 632.132000000]: Footprint model 'polygon' loaded for trajectory optimization.
[INFO] [1783856259.743211630, 632.986000000]: Footprint model 'polygon' loaded for trajectory optimization.
[INFO] [1783856260.331401845, 633.574000000]: Footprint model 'polygon' loaded for trajectory optimization.
[INFO] [1783856260.882382509, 634.124000000]: Footprint model 'polygon' loaded for trajectory optimization.
[INFO] [1783856261.531703141, 634.772000000]: Footprint model 'polygon' loaded for trajectory optimization.
[INFO] [1783856263.174657803, 636.412000000]: GOAL Reached!
[INFO] [1783856263.258532119, 636.496000000]: Footprint model 'polygon' loaded for trajectory optimization.
[INFO] [1783856264.131479556, 637.368000000]: Footprint model 'polygon' loaded for trajectory optimization.
[INFO] [1783856264.728174208, 637.962000000]: Footprint model 'polygon' loaded for trajectory optimization.
[INFO] [1783856265.324875384, 638.560000000]: Footprint model 'polygon' loaded for trajectory optimization.
[INFO] [1783856266.275175135, 639.508000000]: Footprint model 'polygon' loaded for trajectory optimization.
[INFO] [1783856266.893744464, 640.126000000]: Footprint model 'polygon' loaded for trajectory optimization.
[INFO] [1783856267.858855238, 641.088000000]: Footprint model 'polygon' loaded for trajectory optimization.
[INFO] [1783856268.696368136, 641.924000000]: Footprint model 'polygon' loaded for trajectory optimization.
[INFO] [1783856269.301661499, 642.530000000]: Footprint model 'polygon' loaded for trajectory optimization.
[INFO] [1783856269.851105950, 643.080000000]: Footprint model 'polygon' loaded for trajectory optimization.
[INFO] [1783856270.449515458, 643.680000000]: Footprint model 'polygon' loaded for trajectory optimization.
[INFO] [1783856272.143419805, 645.368000000]: GOAL Reached!
[INFO] [1783856272.232040403, 645.456000000]: Footprint model 'polygon' loaded for trajectory optimization.
[INFO] [1783856273.104453716, 646.326000000]: Footprint model 'polygon' loaded for trajectory optimization.
[INFO] [1783856273.650515094, 646.872000000]: Footprint model 'polygon' loaded for trajectory optimization.
[INFO] [1783856274.300272543, 647.524000000]: Footprint model 'polygon' loaded for trajectory optimization.
[INFO] [1783856274.893490041, 648.114000000]: Footprint model 'polygon' loaded for trajectory optimization.
[INFO] [1783856275.869661899, 649.090000000]: Footprint model 'polygon' loaded for trajectory optimization.
[INFO] [1783856276.476272085, 649.694000000]: Footprint model 'polygon' loaded for trajectory optimization.
[INFO] [1783856277.454974840, 650.670000000]: Footprint model 'polygon' loaded for trajectory optimization.
[INFO] [1783856278.308186698, 651.526000000]: Footprint model 'polygon' loaded for trajectory optimization.
[INFO] [1783856278.858433187, 652.074000000]: Footprint model 'polygon' loaded for trajectory optimization.
[INFO] [1783856279.460295858, 652.672000000]: Footprint model 'polygon' loaded for trajectory optimization.
[INFO] [1783856280.061350293, 653.272000000]: Footprint model 'polygon' loaded for trajectory optimization.
[INFO] [1783856281.751374307, 654.960000000]: GOAL Reached!
[INFO] [1783856281.851734132, 655.060000000]: Footprint model 'polygon' loaded for trajectory optimization.
[INFO] [1783856282.723375182, 655.930000000]: Footprint model 'polygon' loaded for trajectory optimization.
[INFO] [1783856283.774636689, 656.980000000]: Footprint model 'polygon' loaded for trajectory optimization.
[INFO] [1783856284.752283893, 657.954000000]: Footprint model 'polygon' loaded for trajectory optimization.
[INFO] [1783856285.604222532, 658.804000000]: Footprint model 'polygon' loaded for trajectory optimization.
[INFO] [1783856286.299035483, 659.500000000]: Footprint model 'polygon' loaded for trajectory optimization.
[INFO] [1783856286.850949527, 660.050000000]: Footprint model 'polygon' loaded for trajectory optimization.
[INFO] [1783856287.45128[WARN] [1783856297.774507417, 670.956000000]: Control loop missed its desired rate of 10.0000Hz... the loop actually took 0.1100 seconds
1828, 660.650000000]: Footprint model 'polygon' loaded for trajectory optimization.
[INFO] [1783856289.143999686, 662.338000000]: GOAL Reached!
[INFO] [1783856289.242318456, 662.436000000]: Footprint model 'polygon' loaded for trajectory optimization.
[INFO] [1783856290.115564148, 663.308000000]: Footprint model 'polygon' loaded for trajectory optimization.
[INFO] [1783856290.755046645, 663.950000000]: Footprint model 'polygon' loaded for trajectory optimization.
[INFO] [1783856291.353533970, 664.548000000]: Footprint model 'polygon' loaded for trajectory optimization.
[INFO] [1783856291.956512745, 665.148000000]: Footprint model 'polygon' loaded for trajectory optimization.
[INFO] [1783856292.602301156, 665.792000000]: Footprint model 'polygon' loaded for trajectory optimization.
[INFO] [1783856294.547482946, 667.734000000]: GOAL Reached!
[INFO] [1783856294.625783732, 667.812000000]: Footprint model 'polygon' loaded for trajectory optimization.
[INFO] [1783856295.480597148, 668.666000000]: Footprint model 'polygon' loaded for trajectory optimization.
[INFO] [1783856296.174881990, 669.358000000]: Footprint model 'polygon' loaded for trajectory optimization.
[INFO] [1783856297.144138921, 670.326000000]: Footprint model 'polygon' loaded for trajectory optimization.
[INFO] [1783856297.775325356, 670.956000000]: Footprint model 'polygon' loaded for trajectory optimization.
[INFO] [1783856298.690244994, 671.868000000]: Footprint model 'polygon' loaded for trajectory optimization.
[INFO] [1783856299.294898123, 672.472000000]: Footprint model 'polygon' loaded for trajectory optimization.
[INFO] [1783856299.843595721, 673.020000000]: Footprint model 'polygon' loaded for trajectory optimization.
[INFO] [1783856300.491468828, 673.668000000]: Footprint model 'polygon' loaded for trajectory optimization.
[INFO] [1783856302.336152381, 675.508000000]: GOAL Reached!
[INFO] [1783856302.428706284, 675.600000000]: Footprint model 'polygon' loaded for trajectory optimization.
[INFO] [1783856303.295582735, 676.466000000]: Footprint model 'polygon' loaded for trajectory optimization.
[INFO] [1783856303.837412026, 677.008000000]: Footprint model 'polygon' loaded for trajectory optimization.
[INFO] [1783856304.485220987, 677.656000000]: Footprint model 'polygon' loaded for trajectory optimization.
[INFO] [1783856305.083022022, 678.252000000]: Footprint model 'polygon' loaded for trajectory optimization.
[INFO] [1783856305.688341930, 678.854000000]: Footprint model 'polygon' loaded for trajectory optimization.
[INFO] [1783856306.287430842, 679.454000000]: Footprint model 'polygon' loaded for trajectory optimization.
[INFO] [1783856307.931571566, 681.094000000]: GOAL Reached!
[INFO] [1783856308.023325810, 681.186000000]: Footprint model 'polygon' loaded for trajectory optimization.
[INFO] [1783856308.907284121, 682.068000000]: Footprint model 'polygon' loaded for trajectory optimization.
[INFO] [1783856309.461421705, 682.622000000]: Footprint model 'polygon' loaded for trajectory optimization.
[INFO] [1783856310.430419746, 683.590000000]: Footprint model 'polygon' loaded for trajectory optimization.
[INFO] [1783856311.368706831, 684.528000000]: Footprint model 'polygon' loaded for trajectory optimization.
[INFO] [1783856312.057207953, 685.214000000]: Footprint model 'polygon' loaded for trajectory optimization.
[INFO] [1783856312.609086250, 685.764000000]: Footprint model 'polygon' loaded for trajectory optimization.
[INFO] [1783856313.209318449, 686.364000000]: Footprint model 'polygon' loaded for trajectory optimization.
[INFO] [1783856314.897614836, 688.052000000]: GOAL Reached!
[INFO] [1783856314.990730756, 688.144000000]: Footprint model 'polygon' loaded for trajectory optimization.
[INFO] [1783856315.839568410, 688.988000000]: Footprint model 'polygon' loaded for trajectory optimization.
[INFO] [1783856316.442540909, 689.590000000]: Footprint model 'polygon' loaded for trajectory optimization.
[INFO] [1783856316.994824837, 690.142000000]: Footprint model 'polygon' loaded for trajectory optimization.
[INFO] [1783856317.595794283, 690.742000000]: Footprint model 'polygon' loaded for trajectory optimization.
[INFO] [1783856318.195397722, 691.340000000]: Footprint model 'polygon' loaded for trajectory optimization.
[INFO] [1783856318.842845979, 691.988000000]: Footprint model 'polygon' loaded for trajectory optimization.
[INFO] [1783856320.384056469, 693.528000000]: GOAL Reached!
[INFO] [1783856320.466531210, 693.612000000]: Footprint model 'polygon' loaded for trajectory optimization.
[INFO] [1783856321.345307643, 694.486000000]: Footprint model 'polygon' loaded for trajectory optimization.
[INFO] [1783856322.032303734, 695.174000000]: Footprint model 'polygon' loaded for trajectory optimization.
[INFO] [1783856323.008477794, 696.148000000]: Footprint model 'polygon' loaded for trajectory optimization.
[INFO] [1783856323.617672203, 696.756000000]: Footprint model 'polygon' loaded for trajectory optimization.
[INFO] [1783856324.529216478, 697.666000000]: Footprint model 'polygon' loaded for trajectory optimization.
[INFO] [1783856325.220461692, 698.356000000]: Footprint model 'polygon' loaded for trajectory optimization.
[INFO] [1783856325.772300686, 698.908000000]: Footprint model 'polygon' loaded for trajectory optimization.
[INFO] [1783856326.420934657, 699.554000000]: Footprint model 'polygon' loaded for trajectory optimization.
[INFO] [1783856328.164855660, 701.294000000]: GOAL Reached!
[INFO] [1783856328.271981293, 701.400000000]: Footprint model 'polygon' loaded for trajectory optimization.
[INFO] [1783856329.118792786, 702.246000000]: Footprint model 'polygon' loaded for trajectory optimization.
[INFO] [1783856329.668960671, 702.796000000]: Footprint model 'polygon' loaded for trajectory optimization.
[INFO] [1783856330.276984842, 703.402000000]: Footprint model 'polygon' loaded for trajectory optimization.
[INFO] [1783856330.890825812, 704.016000000]: Footprint model 'polygon' loaded for trajectory optimization.
[INFO] [1783856331.470546370, 704.596000000]: Footprint model 'polygon' loaded for trajectory optimization.
[INFO] [1783856332.072241229, 705.194000000]: Footprint model 'polygon' loaded for trajectory optimization.
[INFO] [1783856333.565748689, 706.684000000]: GOAL Reached!
[INFO] [1783856333.649772134, 706.768000000]: Footprint model 'polygon' loaded for trajectory optimization.
[INFO] [1783856334.508691393, 707.626000000]: Footprint model 'polygon' loaded for trajectory optimization.
[INFO] [1783856335.059245810, 708.178000000]: Footprint model 'polygon' loaded for trajectory optimization.
[INFO] [1783856335.661164667, 708.778000000]: Footprint model 'polygon' loaded for trajectory optimization.
[INFO] [1783856336.617046494, 709.732000000]: Footprint model 'polygon' loaded for trajectory optimization.
[INFO] [1783856337.551372095, 710.666000000]: Footprint model 'polygon' loaded for trajectory optimization.
[INFO] [1783856338.144066236, 711.256000000]: Footprint model 'polygon' loaded for trajectory optimization.
[INFO] [1783856338.744579412, 711.854000000]: Footprint model 'polygon' loaded for trajectory optimization.
[INFO] [1783856339.393520983, 712.502000000]: Footprint model 'polygon' loaded for trajectory optimization.
[INFO] [1783856341.080615825, 714.192000000]: GOAL Reached!
[INFO] [1783856341.171894245, 714.282000000]: Footprint model 'polygon' loaded for trajectory optimization.
[INFO] [1783856342.018846103, 715.126000000]: Footprint model 'polygon' loaded for trajectory optimization.
[INFO] [1783856342.563492347, 715.670000000]: Footprint model 'polygon' loaded for trajectory optimization.
[INFO] [1783856343.217202055, 716.322000000]: Footprint model 'polygon' loaded for trajectory optimization.
[INFO] [1783856343.766592281, 716.870000000]: Footprint model 'polygon' loaded for trajectory optimization.
[INFO] [1783856344.418013796, 717.520000000]: Footprint model 'polygon' loaded for trajectory optimization.
[INFO] [1783856345.015923811, 718.118000000]: Footprint model 'polygon' loaded for trajectory optimization.
[INFO] [1783856346.559677142, 719.658000000]: GOAL Reached!
[INFO] [1783856346.654632819, 719.752000000]: Footprint model 'polygon' loaded for trajectory optimization.
[INFO] [1783856347.529670472, 720.626000000]: Footprint model 'polygon' loaded for trajectory optimization.
[INFO] [1783856348.224194292, 721.320000000]: Footprint model 'polygon' loaded for trajectory optimization.
[INFO] [1783856349.196909473, 722.290000000]: Footprint model 'polygon' loaded for trajectory optimization.
[INFO] [1783856350.157112400, 723.248000000]: Footprint model 'polygon' loaded for trajectory optimization.
[INFO] [1783856350.802950890, 723.892000000]: Footprint model 'polygon' loaded for trajectory optimization.
[INFO] [1783856351.402457939, 724.492000000]: Footprint model 'polygon' loaded for trajectory optimization.
[INFO] [1783856352.002311743, 725.092000000]: Footprint model 'polygon' loaded for trajectory optimization.
[INFO] [1783856353.793482063, 726.880000000]: GOAL Reached!
[INFO] [1783856353.887158603, 726.974000000]: Footprint model 'polygon' loaded for trajectory optimization.
[INFO] [1783856354.740150008, 727.822000000]: Footprint model 'polygon' loaded for trajectory optimization.
[INFO] [1783856355.295135867, 728.378000000]: Footprint model 'polygon' loaded for trajectory optimization.
[INFO] [1783856355.943996136, 729.026000000]: Footprint model 'polygon' loaded for trajectory optimization.
[INFO] [1783856356.494482270, 729.576000000]: Footprint model 'polygon' loaded for trajectory optimization.
[INFO] [1783856357.141057517, 730.224000000]: Footprint model 'polygon' loaded for trajectory optimization.
[INFO] [1783856357.697757921, 730.776000000]: Footprint model 'polygon' loaded for trajectory optimization.
[INFO] [1783856359.286006581, 732.364000000]: GOAL Reached!
[INFO] [1783856359.381084699, 732.458000000]: Footprint model 'polygon' loaded for trajectory optimization.
[INFO] [1783856360.254062768, 733.328000000]: Footprint model 'polygon' loaded for trajectory optimization.
[INFO] [1783856360.797177189, 733.870000000]: Footprint model 'polygon' loaded for trajectory optimization.
[INFO] [1783856361.397102966, 734.472000000]: Footprint model 'polygon' loaded for trajectory optimization.
[INFO] [1783856362.045101649, 735.116000000]: Footprint model 'polygon' loaded for trajectory optimization.
[INFO] [1783856363.022633964, 736.090000000]: Footprint model 'polygon' loaded for trajectory optimization.
[INFO] [1783856363.981006520, 737.048000000]: Footprint model 'polygon' loaded for trajectory optimization.
[INFO] [1783856364.618115155, 737.686000000]: Footprint model 'polygon' loaded for trajectory optimization.
[INFO] [1783856365.268100261, 738.332000000]: Footprint model 'polygon' loaded for trajectory optimization.
[INFO] [1783856365.816517122, 738.882000000]: Footprint model 'polygon' loaded for trajectory optimization.
[INFO] [1783856367.609554330, 740.670000000]: GOAL Reached!
[INFO] [1783856367.713954808, 740.774000000]: Footprint model 'polygon' loaded for trajectory optimization.
[INFO] [1783856368.568422989, 741.626000000]: Footprint model 'polygon' loaded for trajectory optimization.
[INFO] [1783856369.171120359, 742.230000000]: Footprint model 'polygon' loaded for trajectory optimization.
[INFO] [1783856369.723285400, 742.782000000]: Footprint model 'polygon' loaded for trajectory optimization.
[INFO] [1783856370.373343644, 743.430000000]: Footprint model 'polygon' loaded for trajectory optimization.
[INFO] [1783856370.972241618, 744.028000000]: Footprint model 'polygon' loaded for trajectory optimization.
[INFO] [1783856371.575216735, 744.628000000]: Footprint model 'polygon' loaded for trajectory optimization.
[INFO] [1783856373.118131719, 746.168000000]: GOAL Reached!
[INFO] [1783856373.215299635, 746.266000000]: Footprint model 'polygon' loaded for trajectory optimization.
[INFO] [1783856374.098673880, 747.146000000]: Footprint model 'polygon' loaded for trajectory optimization.
[INFO] [1783856374.646263342, 747.692000000]: Footprint model 'polygon' loaded for trajectory optimization.
[INFO] [1783856375.663517894, 748.712000000]: Footprint model 'polygon' loaded for trajectory optimization.
[INFO] [1783856376.582485699, 749.626000000]: Footprint model 'polygon' loaded for trajectory optimization.
[INFO] [1783856377.178530604, 750.224000000]: Footprint model 'polygon' loaded for trajectory optimization.
[INFO] [1783856377.729107850, 750.770000000]: Footprint model 'polygon' loaded for trajectory optimization.
[INFO] [1783856378.379098707, 751.420000000]: Footprint model 'polygon' loaded for trajectory optimization.
[INFO] [1783856380.121869036, 753.158000000]: GOAL Reached!
[INFO] [1783856380.213831335, 753.250000000]: Footprint model 'polygon' loaded for trajectory optimization.
[INFO] [1783856381.069448847, 754.106000000]: Footprint model 'polygon' loaded for trajectory optimization.
[INFO] [1783856381.622662213, 754.660000000]: Footprint model 'polygon' loaded for trajectory optimization.
[INFO] [1783856382.268582386, 755.306000000]: Footprint model 'polygon' loaded for trajectory optimization.
[INFO] [1783856382.871601631, 755.908000000]: Footprint model 'polygon' loaded for trajectory optimization.
[INFO] [1783856383.420048055, 756.452000000]: Footprint model 'polygon' loaded for trajectory optimization.
[INFO] [1783856384.073963623, 757.106000000]: Footprint model 'polygon' loaded for trajectory optimization.
[INFO] [1783856385.517658410, 758.546000000]: GOAL Reached!
[INFO] [1783856385.614057762, 758.644000000]: Footprint model 'polygon' loaded for trajectory optimization.
[INFO] [1783856386.497371564, 759.526000000]: Footprint model 'polygon' loaded for trajectory optimization.
[INFO] [1783856387.089016212, 760.118000000]: Footprint model 'polygon' loaded for trajectory optimization.
[INFO] [1783856388.063334943, 761.090000000]: Footprint model 'polygon' loaded for trajectory optimization.
[INFO] [1783856389.003569511, 762.028000000]: Footprint model 'polygon' loaded for trajectory optimization.
[INFO] [1783856389.691209692, 762.714000000]: Footprint model 'polygon' loaded for trajectory optimization.
[INFO] [1783856390.243009383, 763.266000000]: Footprint model 'polygon' loaded for trajectory optimization.
[INFO] [1783856390.842343015, 763.862000000]: Footprint model 'polygon' loaded for trajectory optimization.
[INFO] [1783856392.633491016, 765.652000000]: GOAL Reached!
[INFO] [1783856392.727880112, 765.746000000]: Footprint model 'polygon' loaded for trajectory optimization.
[INFO] [1783856393.589705559, 766.606000000]: Footprint model 'polygon' loaded for trajectory optimization.
[INFO] [1783856394.237462655, 767.254000000]: Footprint model 'polygon' loaded for trajectory optimization.
[INFO] [1783856394.838994553, 767.854000000]: Footprint model 'polygon' loaded for trajectory optimization.
[INFO] [1783856395.490202919, 768.502000000]: Footprint model 'polygon' loaded for trajectory optimization.
[INFO] [1783856396.037362547, 769.052000000]: Footprint model 'polygon' loaded for trajectory optimization.
[INFO] [1783856398.032117429, 771.040000000]: GOAL Reached!
[INFO] [1783856398.133020584, 771.142000000]: Footprint model 'polygon' loaded for trajectory optimization.
[INFO] [1783856399.001669500, 772.008000000]: Footprint model 'polygon' loaded for trajectory optimization.
[INFO] [1783856399.552209830, 772.560000000]: Footprint model 'polygon' loaded for trajectory optimization.
[INFO] [1783856400.523868956, 773.530000000]: Footprint model 'polygon' loaded for trajectory optimization.
[INFO] [1783856401.484458135, 774.488000000]: Footprint model 'polygon' loaded for trajectory optimization.
[INFO] [1783856402.168233233, 775.172000000]: Footprint model 'polygon' loaded for trajectory optimization.
[INFO] [1783856402.722849897, 775.724000000]: Footprint model 'polygon' loaded for trajectory optimization.
[INFO] [1783856403.374191652, 776.374000000]: Footprint model 'polygon' loaded for trajectory optimization.
[INFO] [1783856405.015364011, 778.012000000]: GOAL Reached!
[INFO] [1783856405.092170391, 778.088000000]: Footprint model 'polygon' loaded for trajectory optimization.
[INFO] [1783856405.950550861, 778.946000000]: Footprint model 'polygon' loaded for trajectory optimization.
[INFO] [1783856406.504270444, 779.504000000]: Footprint model 'polygon' loaded for trajectory optimization.
[INFO] [1783856407.102930447, 780.102000000]: Footprint model 'polygon' loaded for trajectory optimization.
[INFO] [1783856407.703885400, 780.700000000]: Footprint model 'polygon' loaded for trajectory optimization.
[INFO] [1783856408.307943428, 781.300000000]: Footprint model 'polygon' loaded for trajectory optimization.
[INFO] [1783856408.907945759, 781.900000000]: Footprint model 'polygon' loaded for trajectory optimization.
[INFO] [1783856410.397876954, 783.388000000]: GOAL Reached!
[INFO] [1783856410.477386199, 783.468000000]: Footprint model 'polygon' loaded for trajectory optimization.
[INFO] [1783856411.359917882, 784.348000000]: Footprint model 'polygon' loaded for trajectory optimization.
[INFO] [1783856411.895380561, 784.882000000]: Footprint model 'polygon' loaded for trajectory optimization.
[INFO] [1783856412.864009119, 785.852000000]: Footprint model 'polygon' loaded for trajectory optimization.
[INFO] [1783856413.822773408, 786.808000000]: Footprint model 'polygon' loaded for trajectory optimization.
[INFO] [1783856414.422681441, 787.406000000]: Footprint model 'polygon' loaded for trajectory optimization.
[INFO] [1783856414.971060812, 787.954000000]: Footprint model 'polygon' loaded for trajectory optimization.
[INFO] [1783856415.623131448, 788.604000000]: Footprint model 'polygon' loaded for trajectory optimization.
[INFO] [1783856416.222721572, 789.202000000]: Footprint model 'polygon' loaded for trajectory optimization.
[INFO] [1783856416.874784393, 789.852000000]: Footprint model 'polygon' loaded for trajectory optimization.
[INFO] [1783856417.526101747, 790.502000000]: Footprint model 'polygon' loaded for trajectory optimization.
[INFO] [1783856418.124035400, 791.100000000]: Footprint model 'polygon' loaded for trajectory optimization.
[INFO] [1783856419.864910712, 792.840000000]: GOAL Reached!
[INFO] [1783856419.960465911, 792.934000000]: Footprint model 'polygon' loaded for trajectory optimization.
[INFO] [1783856420.838650190, 793.808000000]: Footprint model 'polygon' loaded for trajectory optimization.
[INFO] [1783856421.487009862, 794.456000000]: Footprint model 'polygon' loaded for trajectory optimization.
[INFO] [1783856422.444182947, 795.412000000]: Footprint model 'polygon' loaded for trajectory optimization.
[INFO] [1783856423.358377566, 796.326000000]: Footprint model 'polygon' loaded for trajectory optimization.
[INFO] [1783856423.961327564, 796.926000000]: Footprint model 'polygon' loaded for trajectory optimization.
[INFO] [1783856424.510100507, 797.474000000]: Footprint model 'polygon' loaded for trajectory optimization.
[INFO] [1783856425.112738695, 798.074000000]: Footprint model 'polygon' loaded for trajectory optimization.
[INFO] [1783856425.713427027, 798.674000000]: Footprint model 'polygon' loaded for trajectory optimization.
[INFO] [1783856426.312429131, 799.272000000]: Footprint model 'polygon' loaded for trajectory optimization.
[INFO] [1783856426.913798619, 799.874000000]: Footprint model 'polygon' loaded for trajectory optimization.
[INFO] [1783856427.560501221, 800.524000000]: Footprint model 'polygon' loaded for trajectory optimization.
[INFO] [1783856429.102895129, 802.062000000]: GOAL Reached!
[INFO] [1783856429.156857464, 802.116000000]: Footprint model 'polygon' loaded for trajectory optimization.
[INFO] [1783856430.028157917, 802.984000000]: Footprint model 'polygon' loaded for trajectory optimization.
[INFO] [1783856430.625457939, 803.580000000]: Footprint model 'polygon' loaded for trajectory optimization.
[INFO] [1783856431.596804022, 804.550000000]: Footprint model 'polygon' loaded for trajectory optimization.
[INFO] [1783856432.534198311, 805.486000000]: Footprint model 'polygon' loaded for trajectory optimization.
[INFO] [1783856433.073832284, 806.024000000]: Footprint model 'polygon' loaded for trajectory optimization.
[INFO] [1783856433.674577180, 806.626000000]: Footprint model 'polygon' loaded for trajectory optimization.
[INFO] [1783856434.324557936, 807.274000000]: Footprint model 'polygon' loaded for trajectory optimization.
[INFO] [1783856434.875846261, 807.824000000]: Footprint model 'polygon' loaded for trajectory optimization.
[INFO] [1783856435.523841541, 808.474000000]: Footprint model 'polygon' loaded for trajectory optimization.
[INFO] [1783856436.076118733, 809.022000000]: Footprint model 'polygon' loaded for trajectory optimization.
[INFO] [1783856436.675867384, 809.624000000]: Footprint model 'polygon' loaded for trajectory optimization.
[INFO] [1783856438.369670844, 811.312000000]: GOAL Reached!
[INFO] [1783856438.469080022, 811.414000000]: Footprint model 'polygon' loaded for trajectory optimization.
[INFO] [1783856439.348020384, 812.288000000]: Footprint model 'polygon' loaded for trajectory optimization.
[INFO] [1783856440.003868809, 812.942000000]: Footprint model 'polygon' loaded for trajectory optimization.
[INFO] [1783856440.950904786, 813.890000000]: Footprint model 'polygon' loaded for trajectory optimization.
[INFO] [1783856441.912178036, 814.848000000]: Footprint model 'polygon' loaded for trajectory optimization.
[INFO] [1783856442.494333367, 815.432000000]: Footprint model 'polygon' loaded for trajectory optimization.
[INFO] [1783856443.053765698, 815.988000000]: Footprint model 'polygon' loaded for trajectory optimization.
[INFO] [1783856443.701796327, 816.634000000]: Footprint model 'polygon' loaded for trajectory optimization.
[INFO] [1783856444.254865995, 817.186000000]: Footprint model 'polygon' loaded for trajectory optimization.
[INFO] [1783856444.900452775, 817.832000000]: Footprint model 'polygon' loaded for trajectory optimization.
[INFO] [1783856445.452232269, 818.384000000]: Footprint model 'polygon' loaded for trajectory optimization.
[INFO] [1783856446.101188468, 819.032000000]: Footprint model 'polygon' loaded for trajectory optimization.
[INFO] [1783856446.651553812, 819.582000000]: Footprint model 'polygon' loaded for trajectory optimization.
[INFO] [1783856448.445709815, 821.372000000]: GOAL Reached!
[INFO] [1783856448.537085405, 821.462000000]: Footprint model 'polygon' loaded for trajectory optimization.
[INFO] [1783856449.402009116, 822.326000000]: Footprint model 'polygon' loaded for trajectory optimization.
[INFO] [1783856449.956200214, 822.878000000]: Footprint model 'polygon' loaded for trajectory optimization.
[INFO] [1783856450.930559108, 823.850000000]: Footprint model 'polygon' loaded for trajectory optimization.
[INFO] [1783856451.866236720, 824.786000000]: Footprint model 'polygon' loaded for trajectory optimization.
[INFO] [1783856452.418332482, 825.336000000]: Footprint model 'polygon' loaded for trajectory optimization.
[INFO] [1783856453.067702069, 825.984000000]: Footprint model 'polygon' loaded for trajectory optimization.
[INFO] [1783856453.618751670, 826.536000000]: Footprint model 'polygon' loaded for trajectory optimization.
[INFO] [1783856454.218315160, 827.132000000]: Footprint model 'polygon' loaded for trajectory optimization.
[INFO] [1783856454.865653721, 827.780000000]: Footprint model 'polygon' loaded for trajectory optimization.
[INFO] [1783856455.470001483, 828.382000000]: Footprint model 'polygon' loaded for trajectory optimization.
[INFO] [1783856456.064596007, 828.978000000]: Footprint model 'polygon' loaded for trajectory optimization.
[INFO] [1783856457.610120046, 830.520000000]: GOAL Reached!
[INFO] [1783856457.688515998, 830.600000000]: Footprint model 'polygon' loaded for trajectory optimization.
[INFO] [1783856458.557138018, 831.466000000]: Footprint model 'polygon' loaded for trajectory optimization.
[INFO] [1783856459.155549232, 832.062000000]: Footprint model 'polygon' loaded for trajectory optimization.
[INFO] [1783856460.145236465, 833.050000000]: Footprint model 'polygon' loaded for trajectory optimization.
[INFO] [1783856461.084165722, 833.988000000]: Footprint model 'polygon' loaded for trajectory optimization.
[INFO] [1783856461.681894916, 834.584000000]: Footprint model 'polygon' loaded for trajectory optimization.
[INFO] [1783856462.282209174, 835.184000000]: Footprint model 'polygon' loaded for trajectory optimization.
[INFO] [1783856462.836251001, 835.738000000]: Footprint model 'polygon' loaded for trajectory optimization.
[INFO] [1783856463.437053107, 836.336000000]: Footprint model 'polygon' loaded for trajectory optimization.
[INFO] [1783856464.033549447, 836.932000000]: Footprint model 'polygon' loaded for trajectory optimization.
[INFO] [1783856464.639318459, 837.536000000]: Footprint model 'polygon' loaded for trajectory optimization.
[INFO] [1783856465.237611172, 838.134000000]: Footprint model 'polygon' loaded for trajectory optimization.
[INFO] [1783856466.828024091, 839.722000000]: GOAL Reached!
[INFO] [1783856466.915688527, 839.808000000]: Footprint model 'polygon' loaded for trajectory optimization.
[INFO] [1783856467.819446037, 840.710000000]: Footprint model 'polygon' loaded for trajectory optimization.
[INFO] [1783856468.500599760, 841.392000000]: Footprint model 'polygon' loaded for trajectory optimization.
[INFO] [1783856469.463030592, 842.352000000]: Footprint model 'polygon' loaded for trajectory optimization.
[INFO] [1783856470.401656731, 843.288000000]: Footprint model 'polygon' loaded for trajectory optimization.
[INFO] [1783856471.041326347, 843.928000000]: Footprint model 'polygon' loaded for trajectory optimization.
[INFO] [1783856471.643549303, 844.530000000]: Footprint model 'polygon' loaded for trajectory optimization.
[INFO] [1783856472.291274701, 845.176000000]: Footprint model 'polygon' loaded for trajectory optimization.
[INFO] [1783856472.843859294, 845.726000000]: Footprint model 'polygon' loaded for trajectory optimization.
[INFO] [1783856473.493764844, 846.376000000]: Footprint model 'polygon' loaded for trajectory optimization.
[INFO] [1783856474.042567869, 846.924000000]: Footprint model 'polygon' loaded for trajectory optimization.
[INFO] [1783856474.689144245, 847.570000000]: Footprint model 'polygon' loaded for trajectory optimization.
[INFO] [1783856475.291994502, 848.170000000]: Footprint model 'polygon' loaded for trajectory optimization.
[INFO] [1783856476.935056741, 849.812000000]: GOAL Reached!
[INFO] [1783856477.022670147, 849.898000000]: Footprint model 'polygon' loaded for trajectory optimization.
[INFO] [1783856477.892333286, 850.766000000]: Footprint model 'polygon' loaded for trajectory optimization.
[INFO] [1783856478.594432193, 851.468000000]: Footprint model 'polygon' loaded for trajectory optimization.
[INFO] [1783856479.556021070, 852.430000000]: Footprint model 'polygon' loaded for trajectory optimization.
[INFO] [1783856480.497767145, 853.368000000]: Footprint model 'polygon' loaded for trajectory optimization.
[INFO] [1783856481.046199837, 853.916000000]: Footprint model 'polygon' loaded for trajectory optimization.
[INFO] [1783856481.648500550, 854.516000000]: Footprint model 'polygon' loaded for trajectory optimization.
[INFO] [1783856482.249720806, 855.116000000]: Footprint model 'polygon' loaded for trajectory optimization.
[INFO] [1783856482.845774658, 855.714000000]: Footprint model 'polygon' loaded for trajectory optimization.
[INFO] [1783856483.450990191, 856.316000000]: Footprint model 'polygon' loaded for trajectory optimization.
[INFO] [1783856484.047601853, 856.912000000]: Footprint model 'polygon' loaded for trajectory optimization.
[INFO] [1783856484.696021175, 857.560000000]: Footprint model 'polygon' loaded for trajectory optimization.
[INFO] [1783856486.240343163, 859.102000000]: GOAL Reached!
[INFO] [1783856486.331411246, 859.192000000]: Footprint model 'polygon' loaded for trajectory optimization.
[INFO] [1783856487.207288498, 860.066000000]: Footprint model 'polygon' loaded for trajectory optimization.
[INFO] [1783856487.750860591, 860.612000000]: Footprint model 'polygon' loaded for trajectory optimization.
[INFO] [1783856488.733116315, 861.590000000]: Footprint model 'polygon' loaded for trajectory optimization.
[INFO] [1783856489.692176537, 862.546000000]: Footprint model 'polygon' loaded for trajectory optimization.
[INFO] [1783856490.244745505, 863.098000000]: Footprint model 'polygon' loaded for trajectory optimization.
[INFO] [17838564[WARN] [1783856249.096551, 622.358000]: training environment stop requested: safety adapter requested emergency stop
[WARN] [1783856250.080927, 623.342000]: training environment stop requested: safety adapter requested emergency stop
[WARN] [1783856256.899039, 630.150000]: training environment stop requested: safety adapter requested emergency stop
[WARN] [1783856257.896112, 631.142000]: training environment stop requested: safety adapter requested emergency stop
[WARN] [1783856265.318733, 638.554000]: training environment stop requested: safety adapter requested emergency stop
[WARN] [1783856266.830639, 640.062000]: training environment stop requested: safety adapter requested emergency stop
[WARN] [1783856274.886810, 648.106000]: training environment stop requested: safety adapter requested emergency stop
[WARN] [1783856276.418772, 649.636000]: training environment stop requested: safety adapter requested emergency stop
[WARN] [1783856282.717022, 655.922000]: training environment stop requested: safety adapter requested emergency stop
[WARN] [1783856283.718822, 656.924000]: training environment stop requested: safety adapter requested emergency stop
[WARN] [1783856296.168079, 669.350000]: training environment stop requested: safety adapter requested emergency stop
[WARN] [1783856297.747528, 670.928000]: training environment stop requested: safety adapter requested emergency stop
[WARN] [1783856309.454278, 682.614000]: training environment stop requested: safety adapter requested emergency stop
[WARN] [1783856310.423727, 683.584000]: training environment stop requested: safety adapter requested emergency stop
[WARN] [1783856322.024910, 695.164000]: training environment stop requested: safety adapter requested emergency stop
[WARN] [1783856323.613243, 696.752000]: training environment stop requested: safety adapter requested emergency stop
[WARN] [1783856335.654352, 708.770000]: training environment stop requested: safety adapter requested emergency stop
[WARN] [1783856336.609331, 709.722000]: training environment stop requested: safety adapter requested emergency stop
[WARN] [1783856348.217274, 721.312000]: training environment stop requested: safety adapter requested emergency stop
[WARN] [1783856349.189746, 722.282000]: training environment stop requested: safety adapter requested emergency stop
[WARN] [1783856362.038411, 735.108000]: training environment stop requested: safety adapter requested emergency stop
[WARN] [1783856363.015650, 736.082000]: training environment stop requested: safety adapter requested emergency stop
[WARN] [1783856374.639924, 747.686000]: training environment stop requested: safety adapter requested emergency stop
[WARN] [1783856375.614157, 748.660000]: training environment stop requested: safety adapter requested emergency stop
[WARN] [1783856387.081956, 760.108000]: training environment stop requested: safety adapter requested emergency stop
[WARN] [1783856388.055935, 761.082000]: training environment stop requested: safety adapter requested emergency stop
[WARN] [1783856399.545491, 772.552000]: training environment stop requested: safety adapter requested emergency stop
[WARN] [1783856400.516944, 773.522000]: training environment stop requested: safety adapter requested emergency stop
[WARN] [1783856411.889337, 784.876000]: training environment stop requested: safety adapter requested emergency stop
[WARN] [1783856412.856271, 785.844000]: training environment stop requested: safety adapter requested emergency stop
[WARN] [1783856421.479826, 794.448000]: training environment stop requested: safety adapter requested emergency stop
[WARN] [1783856422.436498, 795.402000]: training environment stop requested: safety adapter requested emergency stop
[WARN] [1783856430.618187, 803.572000]: training environment stop requested: safety adapter requested emergency stop
[WARN] [1783856431.589974, 804.542000]: training environment stop requested: safety adapter requested emergency stop
[WARN] [1783856439.996276, 812.934000]: training environment stop requested: safety adapter requested emergency stop
[WARN] [1783856440.944099, 813.882000]: training environment stop requested: safety adapter requested emergency stop
[WARN] [1783856449.950545, 822.872000]: training environment stop requested: safety adapter requested emergency stop
[WARN] [1783856450.923376, 823.842000]: training environment stop requested: safety adapter requested emergency stop
[WARN] [1783856459.148506, 832.054000]: training environment stop requested: safety adapter requested emergency stop
[WARN] [1783856460.139191, 833.042000]: training environment stop requested: safety adapter requested emergency stop
[WARN] [1783856468.494478, 841.386000]: training environment stop requested: safety adapter requested emergency stop
[WARN] [1783856469.454798, 842.342000]: training environment stop requested: safety adapter requested emergency stop
[WARN] [1783856478.588125, 851.462000]: training environment stop requested: safety adapter requested emergency stop
[WARN] [1783856479.548718, 852.422000]: training environment stop requested: safety adapter requested emergency stop
[WARN] [1783856487.745133, 860.606000]: training environment stop requested: safety adapter requested emergency stop
[WARN] [1783856488.726247, 861.582000]: training environment stop requested: safety adapter requested emergency stop
[WARN] [1783856497.036986, 869.878000]: training environment stop requested: safety adapter requested emergency stop
[WARN] [1783856498.001910, 870.842000]: training environment stop requested: safety adapter requested emergency stop
[WARN] [1783856506.315411, 879.142000]: training environment stop requested: safety adapter requested emergency stop
[WARN] [1783856507.298520, 880.122000]: training environment stop requested: safety adapter requested emergency stop
[WARN] [1783856508.418691, 881.242000]: training environment stop requested: adapter_close
schema_version: '1.0'
task: T11
status: passed
run_id: t11_semantic_eta_fullsafety_seed101
algorithm: RL-TEB-Semantic-Eta
training_seed: 101
safety_mode: FullSafety
episode_count: 233
step_count: 785
failure_count: 51
run_validation:
  valid: true
  run_id: t11_semantic_eta_fullsafety_seed101
  episode_count: 233
  step_count: 785
  verified_checksum_count: 4
selected_checkpoint: /home/robot/robot_ws_base_rl/artifacts/t11/runs/t11_semantic_eta_fullsafety_seed101/checkpoints/step_000300
passed: true
acceptance_override: false

[INFO] [1783855624.840635702]: Finished loading Gazebo ROS API Plugin.
[INFO] [1783855624.841555771]: waitForService: Service [/gazebo/set_physics_properties] has not been advertised, waiting...
[INFO] [1783855625.394216513]: waitForService: Service [/gazebo/set_physics_properties] is now available.
[INFO] [1783855625.417429267, 0.020000000]: Physics dynamic reconfigure ready.
[INFO] [1783855625.844220159, 0.378000000]: <initialOrientationAsReference> is unset, using default value of false to comply with REP 145 (world as orientation reference)
[INFO] [1783855625.844272213, 0.378000000]: <robotNamespace> set to: //
[INFO] [1783855625.844284950, 0.378000000]: <topicName> set to: imu/data
[INFO] [1783855625.844294907, 0.378000000]: <frameName> set to: imu_link
[INFO] [1783855625.844323152, 0.378000000]: <updateRateHZ> set to: 50
[INFO] [1783855625.844338972, 0.378000000]: <gaussianNoise> set to: 0
[INFO] [1783855625.844371472, 0.378000000]: <xyzOffset> set to: 0 0 0
[INFO] [1783855625.844401057, 0.378000000]: <rpyOffset> set to: 0 -0 0
[INFO] [1783855625.956611060, 0.378000000]: Laser Plugin: Using the 'robotNamespace' param: '/'
[INFO] [1783855625.956632355, 0.378000000]: Starting Laser Plugin (ns = /)
[INFO] [1783855625.957873551, 0.378000000]: Laser Plugin (ns = /)  <tf_prefix_>, set to ""
[INFO] [1783855626.079968216, 0.378000000]: M2 simulation-only Ackermann interface loaded; cmd_angle_instead_rotvel=false
90.841652580, 863.696000000]: Footprint model 'polygon' loaded for trajectory optimization.
[INFO] [1783856491.492109352, 864.344000000]: Footprint model 'polygon' loaded for trajectory optimization.
[INFO] [1783856492.194044083, 865.046000000]: Footprint model 'polygon' loaded for trajectory optimization.
[INFO] [1783856492.791528480, 865.644000000]: Footprint model 'polygon' loaded for trajectory optimization.
[INFO] [1783856493.392666207, 866.242000000]: Footprint model 'polygon' loaded for trajectory optimization.
[INFO] [1783856493.993683897, 866.842000000]: Footprint model 'polygon' loaded for trajectory optimization.
[INFO] [1783856495.435104095, 868.282000000]: GOAL Reached!
[INFO] [1783856495.528122688, 868.374000000]: Footprint model 'polygon' loaded for trajectory optimization.
[INFO] [1783856496.402431305, 869.246000000]: Footprint model 'polygon' loaded for trajectory optimization.
[INFO] [1783856497.043468994, 869.886000000]: Footprint model 'polygon' loaded for trajectory optimization.
[INFO] [1783856498.008572128, 870.848000000]: Footprint model 'polygon' loaded for trajectory optimization.
[INFO] [1783856498.969723748, 871.810000000]: Footprint model 'polygon' loaded for trajectory optimization.
[INFO] [1783856499.518783108, 872.356000000]: Footprint model 'polygon' loaded for trajectory optimization.
[INFO] [1783856500.118434153, 872.956000000]: Footprint model 'polygon' loaded for trajectory optimization.
[INFO] [1783856500.768935945, 873.606000000]: Footprint model 'polygon' loaded for trajectory optimization.
[INFO] [1783856501.319041253, 874.156000000]: Footprint model 'polygon' loaded for trajectory optimization.
[INFO] [1783856501.967520048, 874.804000000]: Footprint model 'polygon' loaded for trajectory optimization.
[INFO] [1783856502.521669824, 875.356000000]: Footprint model 'polygon' loaded for trajectory optimization.
[INFO] [1783856503.117043035, 875.952000000]: Footprint model 'polygon' loaded for trajectory optimization.
[INFO] [1783856504.711337001, 877.542000000]: GOAL Reached!
[INFO] [1783856504.801045481, 877.632000000]: Footprint model 'polygon' loaded for trajectory optimization.
[INFO] [1783856505.679726844, 878.508000000]: Footprint model 'polygon' loaded for trajectory optimization.
[INFO] [1783856506.321735938, 879.148000000]: Footprint model 'polygon' loaded for trajectory optimization.
[INFO] [1783856507.305429997, 880.130000000]: Footprint model 'polygon' loaded for trajectory optimization.
[INFO] [1783856508.422753087, 881.246000000]: Footprint model 'polygon' loaded for trajectory optimization.
[INFO] [1783856508.441718201, 881.266000000]: Footprint model 'polygon' loaded for trajectory optimization.
[31mWARNING: disk usage in log directory [/home/robot/.ros/log] is over 1GB.
It's recommended that you use the 'rosclean' command.[0m
WARNING: Package name "gazebo_ros_2Dmap_plugin" does not follow the naming conventions. It should start with a lower case letter and only contain lower case letters, digits, underscores, and dashes.
WARNING: Package name "gazebo_ros_2Dmap_plugin" does not follow the naming conventions. It should start with a lower case letter and only contain lower case letters, digits, underscores, and dashes.
[31m================================================================================REQUIRED process [t11_formal_run-6] has died!
process has finished cleanly
log file: /home/robot/.ros/log/9b54c900-7de4-11f1-91bc-3382cc4c3ed1/t11_formal_run-6*.log
Initiating shutdown!
================================================================================[0m
... logging to /home/robot/.ros/log/9b54c900-7de4-11f1-91bc-3382cc4c3ed1/roslaunch-WP-87897.log
Checking log directory for disk usage. This may take a while.
Press Ctrl-C to interrupt
]2;/home/robot/robot_ws_base_rl/src/tools/thesis_experiment/launch/t11_formal_run.launch
[1mstarted roslaunch server http://WP:41119/[0m

SUMMARY
========

PARAMETERS
 * /gazebo/enable_ros_network: True
 * /m2_gazebo/simulation_only: True
 * /m2_robot_state_publisher/publish_frequency: 30.0
 * /move_base/TebLocalPlannerROS/acc_lim_theta: 0.8
 * /move_base/TebLocalPlannerROS/acc_lim_x: 0.8
 * /move_base/TebLocalPlannerROS/allow_init_with_backwards_motion: True
 * /move_base/TebLocalPlannerROS/cmd_angle_instead_rotvel: False
 * /move_base/TebLocalPlannerROS/costmap_obstacles_behind_robot_dist: 1.5
 * /move_base/TebLocalPlannerROS/dt_hysteresis: 0.1
 * /move_base/TebLocalPlannerROS/dt_ref: 0.3
 * /move_base/TebLocalPlannerROS/enable_homotopy_class_planning: False
 * /move_base/TebLocalPlannerROS/enable_multithreading: True
 * /move_base/TebLocalPlannerROS/feasibility_check_no_poses: 5
 * /move_base/TebLocalPlannerROS/footprint_model/type: polygon
 * /move_base/TebLocalPlannerROS/footprint_model/vertices: [[0.52, 0.35], [0...
 * /move_base/TebLocalPlannerROS/global_plan_overwrite_orientation: True
 * /move_base/TebLocalPlannerROS/include_costmap_obstacles: True
 * /move_base/TebLocalPlannerROS/inflation_dist: 0.55
 * /move_base/TebLocalPlannerROS/map_frame: odom
 * /move_base/TebLocalPlannerROS/max_global_plan_lookahead_dist: 8.0
 * /move_base/TebLocalPlannerROS/max_number_classes: 4
 * /move_base/TebLocalPlannerROS/max_samples: 500
 * /move_base/TebLocalPlannerROS/max_vel_theta: 1.0
 * /move_base/TebLocalPlannerROS/max_vel_x: 1.2
 * /move_base/TebLocalPlannerROS/max_vel_x_backwards: 0.6
 * /move_base/TebLocalPlannerROS/max_vel_y: 0.0
 * /move_base/TebLocalPlannerROS/min_obstacle_dist: 0.25
 * /move_base/TebLocalPlannerROS/min_turning_radius: 1.2
 * /move_base/TebLocalPlannerROS/obstacle_poses_affected: 15
 * /move_base/TebLocalPlannerROS/odom_topic: /odom
 * /move_base/TebLocalPlannerROS/teb_autosize: True
 * /move_base/TebLocalPlannerROS/weight_acc_lim_theta: 1.0
 * /move_base/TebLocalPlannerROS/weight_acc_lim_x: 1.0
 * /move_base/TebLocalPlannerROS/weight_adapt_factor: 2.0
 * /move_base/TebLocalPlannerROS/weight_inflation: 0.1
 * /move_base/TebLocalPlannerROS/weight_kinematics_forward_drive: 10.0
 * /move_base/TebLocalPlannerROS/weight_kinematics_nh: 1000.0
 * /move_base/TebLocalPlannerROS/weight_kinematics_turning_radius: 10.0
 * /move_base/TebLocalPlannerROS/weight_max_vel_theta: 1.0
 * /move_base/TebLocalPlannerROS/weight_max_vel_x: 2.0
 * /move_base/TebLocalPlannerROS/weight_obstacle: 50.0
 * /move_base/TebLocalPlannerROS/weight_optimaltime: 1.0
 * /move_base/TebLocalPlannerROS/weight_viapoint: 1.0
 * /move_base/TebLocalPlannerROS/wheelbase: 0.65
 * /move_base/base_global_planner: navfn/NavfnROS
 * /move_base/base_local_planner: teb_local_planner...
 * /move_base/clearing_rotation_allowed: False
 * /move_base/controller_frequency: 10.0
 * /move_base/controller_patience: 5.0
 * /move_base/global_costmap/footprint: [[0.52, 0.35], [0...
 * /move_base/global_costmap/footprint_padding: 0.05
 * /move_base/global_costmap/global_frame: odom
 * /move_base/global_costmap/height: 30.0
 * /move_base/global_costmap/inflation_layer/cost_scaling_factor: 4.0
 * /move_base/global_costmap/inflation_layer/enabled: True
 * /move_base/global_costmap/inflation_layer/inflation_radius: 0.55
 * /move_base/global_costmap/obstacle_layer/enabled: True
 * /move_base/global_costmap/obstacle_layer/observation_sources: scan
 * /move_base/global_costmap/obstacle_layer/scan/clearing: True
 * /move_base/global_costmap/obstacle_layer/scan/data_type: LaserScan
 * /move_base/global_costmap/obstacle_layer/scan/inf_is_valid: True
 * /move_base/global_costmap/obstacle_layer/scan/marking: True
 * /move_base/global_costmap/obstacle_layer/scan/obstacle_range: 12.0
 * /move_base/global_costmap/obstacle_layer/scan/raytrace_range: 15.0
 * /move_base/global_costmap/obstacle_layer/scan/sensor_frame: laser_link
 * /move_base/global_costmap/obstacle_layer/scan/topic: /scan
 * /move_base/global_costmap/plugins: [{'name': 'obstac...
 * /move_base/global_costmap/publish_frequency: 2.0
 * /move_base/global_costmap/resolution: 0.05
 * /move_base/global_costmap/robot_base_frame: base_link
 * /move_base/global_costmap/rolling_window: True
 * /move_base/global_costmap/transform_tolerance: 0.3
 * /move_base/global_costmap/update_frequency: 5.0
 * /move_base/global_costmap/width: 30.0
 * /move_base/local_costmap/footprint: [[0.52, 0.35], [0...
 * /move_base/local_costmap/footprint_padding: 0.05
 * /move_base/local_costmap/global_frame: odom
 * /move_base/local_costmap/height: 12.0
 * /move_base/local_costmap/inflation_layer/cost_scaling_factor: 4.0
 * /move_base/local_costmap/inflation_layer/enabled: True
 * /move_base/local_costmap/inflation_layer/inflation_radius: 0.55
 * /move_base/local_costmap/obstacle_layer/enabled: True
 * /move_base/local_costmap/obstacle_layer/observation_sources: scan
 * /move_base/local_costmap/obstacle_layer/scan/clearing: True
 * /move_base/local_costmap/obstacle_layer/scan/data_type: LaserScan
 * /move_base/local_costmap/obstacle_layer/scan/inf_is_valid: True
 * /move_base/local_costmap/obstacle_layer/scan/marking: True
 * /move_base/local_costmap/obstacle_layer/scan/obstacle_range: 12.0
 * /move_base/local_costmap/obstacle_layer/scan/raytrace_range: 15.0
 * /move_base/local_costmap/obstacle_layer/scan/sensor_frame: laser_link
 * /move_base/local_costmap/obstacle_layer/scan/topic: /scan
 * /move_base/local_costmap/plugins: [{'name': 'obstac...
 * /move_base/local_costmap/publish_frequency: 5.0
 * /move_base/local_costmap/resolution: 0.05
 * /move_base/local_costmap/robot_base_frame: base_link
 * /move_base/local_costmap/rolling_window: True
 * /move_base/local_costmap/transform_tolerance: 0.3
 * /move_base/local_costmap/update_frequency: 10.0
 * /move_base/local_costmap/width: 12.0
 * /move_base/oscillation_distance: 0.2
 * /move_base/oscillation_timeout: 10.0
 * /move_base/planner_frequency: 1.0
 * /move_base/planner_patience: 5.0
 * /move_base/recovery_behavior_enabled: False
 * /move_base/shutdown_costmaps: False
 * /robot_description: <?xml version="1....
 * /rosdistro: noetic
 * /rosversion: 1.17.4
 * /t11_formal_run/acceptance_eval_seed_limit: 0
 * /t11_formal_run/acceptance_timesteps: 0
 * /t11_formal_run/algorithm: RL-TEB-Semantic-Eta
 * /t11_formal_run/checkpoint: 
 * /t11_formal_run/config: /home/robot/robot...
 * /t11_formal_run/output_dir: /home/robot/robot...
 * /t11_formal_run/phase: train
 * /t11_formal_run/run_id: t11_semantic_eta_...
 * /t11_formal_run/safety_mode: FullSafety
 * /t11_formal_run/training_seed: 101
 * /use_sim_time: True

NODES
  /
    gazebo (gazebo_ros/gzserver)
    m2_robot_state_publisher (robot_state_publisher/robot_state_publisher)
    move_base (move_base/move_base)
    spawn_m2 (gazebo_ros/spawn_model)
    t11_formal_run (thesis_experiment/t11_formal_run.py)

auto-starting new master
[1mprocess[master]: started with pid [87953][0m
[1mROS_MASTER_URI=http://localhost:11311[0m
]2;/home/robot/robot_ws_base_rl/src/tools/thesis_experiment/launch/t11_formal_run.launch http://localhost:11311
[1msetting /run_id to 9b54c900-7de4-11f1-91bc-3382cc4c3ed1[0m
[1mprocess[rosout-1]: started with pid [87986][0m
started core service [/rosout]
[1mprocess[gazebo-2]: started with pid [87993][0m
[1mprocess[spawn_m2-3]: started with pid [87996][0m
[1mprocess[m2_robot_state_publisher-4]: started with pid [87999][0m
[1mprocess[move_base-5]: started with pid [88000][0m
[1mprocess[t11_formal_run-6]: started with pid [88001][0m
[1m[spawn_m2-3] process has finished cleanly
log file: /home/robot/.ros/log/9b54c900-7de4-11f1-91bc-3382cc4c3ed1/spawn_m2-3*.log[0m
[t11_formal_run-6] killing on exit
[move_base-5] killing on exit
[m2_robot_state_publisher-4] killing on exit
[gazebo-2] killing on exit
[rosout-1] killing on exit
[master] killing on exit
shutting down processing monitor...
... shutting down processing monitor complete
[1mdone[0m
