WARNING: Package name "gazebo_ros_2Dmap_plugin" does not follow the naming conventions. It should start with a lower case letter and only contain lower case letters, digits, underscores, and dashes.
xacro: in-order processing became default in ROS Melodic. You can drop the option.
WARNING: Package name "gazebo_ros_2Dmap_plugin" does not follow the naming conventions. It should start with a lower case letter and only contain lower case letters, digits, underscores, and dashes.
WARNING: Package name "gazebo_ros_2Dmap_plugin" does not follow the naming conventions. It should start with a lower case letter and only contain lower case letters, digits, underscores, and dashes.
[INFO] [1783868924.765290, 0.000000]: Loading model XML from ros parameter robot_description
[INFO] [1783868924.768289, 0.000000]: Waiting for service /gazebo/spawn_urdf_model
[INFO] [1783868925.372231, 0.000000]: Calling service /gazebo/spawn_urdf_model
[INFO] [1783868925.701896, 0.178000]: Spawn status: SpawnModel: Successfully spawned entity
[INFO] [1783868926.100659692, 0.458000000]: global_costmap: Using plugin "obstacle_layer"
[INFO] [1783868926.103926910, 0.462000000]:     Subscribed to Topics: scan
[INFO] [1783868926.108966956, 0.468000000]: global_costmap: Using plugin "inflation_layer"
[INFO] [1783868926.121995913, 0.480000000]: local_costmap: Using plugin "obstacle_layer"
[INFO] [1783868926.122775694, 0.482000000]:     Subscribed to Topics: scan
[INFO] [1783868926.127005134, 0.486000000]: local_costmap: Using plugin "inflation_layer"
[INFO] [1783868926.142722003, 0.502000000]: Created local_planner teb_local_planner/TebLocalPlannerROS
[INFO] [1783868926.159372922, 0.518000000]: Footprint model 'polygon' loaded for trajectory optimization.
[INFO] [1783868926.159493571, 0.518000000]: Parallel planning in distinctive topologies disabled.
[INFO] [1783868926.159510908, 0.518000000]: No costmap conversion plugin specified. All occupied costmap cells are treaten as point obstacles.
[INFO] [1783868926.181531725, 0.540000000]: Footprint model 'polygon' loaded for trajectory optimization.
[INFO] [1783868926.351875589, 0.710000000]: Recovery behavior will clear layer 'obstacles'
[INFO] [1783868926.354889707, 0.712000000]: Recovery behavior will clear layer 'obstacles'
[INFO] [1783868926.369467388, 0.726000000]: odom received!
[INFO] [1783868928.054890119, 2.406000000]: Footprint model 'polygon' loaded for trajectory optimization.
[INFO] [1783868928.701375287, 3.054000000]: Footprint model 'polygon' loaded for trajectory optimization.
[INFO] [1783868929.301607519, 3.654000000]: Footprint model 'polygon' loaded for trajectory optimization.
[INFO] [1783868931.195754156, 5.542000000]: GOAL Reached!
[INFO] [1783868931.331439777, 5.678000000]: Footprint model 'polygon' loaded for trajectory optimization.
[INFO] [1783868932.201657938, 6.546000000]: Footprint model 'polygon' loaded for trajectory optimization.
[INFO] [1783868932.751019224, 7.096000000]: Footprint model 'polygon' loaded for trajectory optimization.
[INFO] [1783868933.351342483, 7.692000000]: Footprint model 'polygon' loaded for trajectory optimization.
[INFO] [1783868933.949804265, 8.294000000]: Footprint model 'polygon' loaded for trajectory optimization.
[INFO] [1783868935.441489653, 9.782000000]: GOAL Reached!
[INFO] [1783868935.596527097, 9.936000000]: Footprint model 'polygon' loaded for trajectory optimization.
[INFO] [1783868936.469363219, 10.806000000]: Footprint model 'polygon' loaded for trajectory optimization.
[INFO] [1783868937.019689696, 11.356000000]: Footprint model 'polygon' loaded for trajectory optimization.
[INFO] [1783868937.670402510, 12.004000000]: Footprint model 'polygon' loaded for trajectory optimization.
[INFO] [1783868938.270741637, 12.602000000]: Footprint model 'polygon' loaded for trajectory optimization.
[INFO] [1783868939.908976358, 14.242000000]: GOAL Reached!
[INFO] [1783868940.046474007, 14.380000000]: Footprint model 'polygon' loaded for trajectory optimization.
[INFO] [1783868940.899125408, 15.228000000]: Footprint model 'polygon' loaded for trajectory optimization.
[INFO] [1783868941.502599431, 15.832000000]: Footprint model 'polygon' loaded for trajectory optimization.
[INFO] [1783868942.102474339, 16.428000000]: Footprint model 'polygon' loaded for trajectory optimization.
[INFO] [1783868942.701748339, 17.028000000]: Footprint model 'polygon' loaded for trajectory optimization.
[INFO] [1783868944.347470729, 18.670000000]: GOAL Reached!
[INFO] [1783868944.501594880, 18.824000000]: Footprint model 'polygon' loaded for trajectory optimization.
[INFO] [1783868945.385922963, 19.706000000]: Footprint model 'polygon' loaded for trajectory optimization.
[INFO] [1783868946.073111811, 20.394000000]: Footprint model 'polygon' loaded for trajectory optimization.
[INFO] [1783868946.667264773, 20.986000000]: Footprint model 'polygon' loaded for trajectory optimization.
[INFO] [1783868948.513103664, 22.828000000]: GOAL Reached!
[INFO] [1783868948.651104546, 22.966000000]: Footprint model 'polygon' loaded for trajectory optimization.
[INFO] [1783868949.514724743, 23.826000000]: Footprint model 'polygon' loaded for trajectory optimization.
[INFO] [1783868950.066022599, 24.378000000]: Footprint model 'polygon' loaded for trajectory optimization.
[INFO] [1783868950.664551790, 24.976000000]: Footprint model 'polygon' loaded for trajectory optimization.
[INFO] [1783868951.265010240, 25.576000000]: Footprint model 'polygon' loaded for trajectory optimization.
[INFO] [1783868952.756827076, 27.064000000]: GOAL Reached!
[INFO] [1783868952.908559380, 27.216000000]: Footprint model 'polygon' loaded for trajectory optimization.
[INFO] [1783868953.782342802, 28.088000000]: Footprint model 'polygon' loaded for trajectory optimization.
[INFO] [1783868954.479415503, 28.784000000]: Footprint model 'polygon' loaded for trajectory optimization.
[INFO] [1783868955.078833609, 29.384000000]: Footprint model 'polygon' loaded for trajectory optimization.
[INFO] [1783868957.020828953, 31.322000000]: GOAL Reached!
[INFO] [1783868957.158918375, 31.460000000]: Footprint model 'polygon' loaded for trajectory optimization.
[INFO] [1783868958.027365765, 32.326000000]: Footprint model 'polygon' loaded for trajectory optimization.
[INFO] [1783868958.673384289, 32.972000000]: Footprint model 'polygon' loaded for trajectory optimization.
[INFO] [1783868959.321922204, 33.618000000]: Footprint model 'polygon' loaded for trajectory optimization.
[INFO] [1783868959.918127943, 34.214000000]: Footprint model 'polygon' loaded for trajectory optimization.
[INFO] [1783868960.521726019, 34.814000000]: Footprint model 'polygon' loaded for trajectory optimization.
[INFO] [1783868962.062485674, 36.354000000]: GOAL Reached!
[INFO] [1783868962.206389731, 36.498000000]: Footprint model 'polygon' loaded for trajectory optimization.
[INFO] [1783868963.073773994, 37.366000000]: Footprint model 'polygon' loaded for trajectory optimization.
[INFO] [1783868963.767115759, 38.058000000]: Footprint model 'polygon' loaded for trajectory optimization.
[INFO] [1783868964.371460291, 38.660000000]: Footprint model 'polygon' loaded for trajectory optimization.
[INFO] [1783868964.920004677, 39.208000000]: Footprint model 'polygon' loaded for trajectory optimization.
[INFO] [1783868966.312981765, 40.598000000]: GOAL Reached!
[INFO] [1783868966.455214221, 40.740000000]: Footprint model 'polygon' loaded for trajectory optimization.
[INFO] [1783868967.323373926, 41.606000000]: Footprint model 'polygon' loaded for trajectory optimization.
[INFO] [1783868967.916572930, 42.198000000]: Footprint model 'polygon' loaded for trajectory optimization.
[INFO] [1783868968.465233333, 42.746000000]: Footprint model 'polygon' loaded for trajectory optimization.
[INFO] [1783868969.063350932, 43.344000000]: Footprint model 'polygon' loaded for trajectory optimization.
[INFO] [1783868970.655427627, 44.932000000]: GOAL Reached!
[INFO] [1783868970.786717358, 45.062000000]: Footprint model 'polygon' loaded for trajectory optimization.
[INFO] [1783868971.652338972, 45.926000000]: Footprint model 'polygon' loaded for trajectory optimization.
[INFO] [1783868972.248388696, 46.524000000]: Footprint model 'polygon' loaded for trajectory optimization.
[INFO] [1783868972.849430868, 47.122000000]: Footprint model 'polygon' loaded for trajectory optimization.
[INFO] [1783868974.791534768, 49.060000000]: GOAL Reached!
[INFO] [1783868974.929693991, 49.198000000]: Footprint model 'polygon' loaded for trajectory optimization.
[INFO] [1783868975.801736021, 50.068000000]: Footprint model 'polygon' loaded for trajectory optimization.
[INFO] [1783868976.448331500, 50.714000000]: Footprint model 'polygon' loaded for trajectory optimization.
[INFO] [1783868977.048319486, 51.312000000]: Footprint model 'polygon' loaded for trajectory optimization.
[INFO] [1783868977.648692058, 51.912000000]: Footprint model 'polygon' loaded for trajectory optimization.
[INFO] [1783868979.039444504, 53.302000000]: GOAL Reached!
[INFO] [1783868979.199754602, 53.460000000]: Footprint model 'polygon' loaded for trajectory optimization.
[INFO] [1783868980.070074672, 54.328000000]: Footprint model 'polygon' loaded for trajectory optimization.
[INFO] [1783868980.767867658, 55.024000000]: Footprint model 'polygon' loaded for trajectory optimization.
[INFO] [1783868981.310559994, 55.566000000]: Footprint model 'polygon' loaded for trajectory optimization.
[INFO] [1783868983.201279023, 57.454000000]: GOAL Reached!
[INFO] [1783868983.344145291, 57.596000000]: Footprint model 'polygon' loaded for trajectory optimization.
[INFO] [1783868984.195890345, 58.446000000]: Footprint model 'polygon' loaded for trajectory optimization.
[INFO] [1783868984.753350964, 59.004000000]: Footprint model 'polygon' loaded for trajectory optimization.
[INFO] [1783868985.350964727, 59.602000000]: Footprint model 'polygon' loaded for trajectory optimization.
[INFO] [1783868986.002295356, 60.250000000]: Footprint model 'polygon' loaded for trajectory optimization.
[INFO] [1783868987.545237379, 61.790000000]: GOAL Reached!
[INFO] [1783868987.696588610, 61.942000000]: Footprint model 'polygon' loaded for trajectory optimization.
[INFO] [1783868988.564914052, 62.808000000]: Footprint model 'polygon' loaded for trajectory optimization.
[INFO] [1783868989.121211005, 63.364000000]: Footprint model 'polygon' loaded for trajectory optimization.
[INFO] [1783868989.772013951, 64.014000000]: Footprint model 'polygon' loaded for trajectory optimization.
[INFO] [1783868990.371101293, 64.612000000]: Footprint model 'polygon' loaded for trajectory optimization.
[INFO] [1783868990.970828925, 65.208000000]: Footprint model 'polygon' loaded for trajectory optimization.
[INFO] [1783868992.812986351, 67.050000000]: GOAL Reached!
[INFO] [1783868992.951189443, 67.186000000]: Footprint model 'polygon' loaded for trajectory optimization.
[INFO] [1783868993.813569887, 68.048000000]: Footprint model 'polygon' loaded for trajectory optimization.
[INFO] [1783868994.409880044, 68.642000000]: Footprint model 'polygon' loaded for trajectory optimization.
[INFO] [1783868994.957186918, 69.188000000]: Footprint model 'polygon' loaded for trajectory optimization.
[INFO] [1783868995.608417408, 69.838000000]: Footprint model 'polygon' loaded for trajectory optimization.
[INFO] [1783868997.150013424, 71.378000000]: GOAL Reached!
[INFO] [1783868997.275635665, 71.504000000]: Footprint model 'polygon' loaded for trajectory optimization.
[INFO] [1783868998.141649940, 72.368000000]: Footprint model 'polygon' loaded for trajectory optimization.
[INFO] [1783868998.747625033, 72.972000000]: Footprint model 'polygon' loaded for trajectory optimization.
[INFO] [1783868999.294081031, 73.520000000]: Footprint model 'polygon' loaded for trajectory optimization.
[INFO] [1783868999.894821266, 74.118000000]: Footprint model 'polygon' loaded for trajectory optimization.
[INFO] [1783869001.484734573, 75.706000000]: GOAL Reached!
[INFO] [1783869001.629227522, 75.848000000]: Footprint model 'polygon' loaded for trajectory optimization.
[INFO] [1783869002.522528436, 76.740000000]: Footprint model 'polygon' loaded for trajectory optimization.
[INFO] [1783869003.164575789, 77.380000000]: Footprint model 'polygon' loaded for trajectory optimization.
[INFO] [1783869003.764279327, 77.982000000]: Footprint model 'polygon' loaded for trajectory optimization.
[INFO] [1783869004.368325115, 78.582000000]: Footprint model 'polygon' loaded for trajectory optimization.
[INFO] [1783869005.748915317, 79.960000000]: GOAL Reached!
[INFO] [1783869005.885022330, 80.096000000]: Footprint model 'polygon' loaded for trajectory optimization.
[INFO] [1783869006.772070225, 80.982000000]: Footprint model 'polygon' loaded for trajectory optimization.
[INFO] [1783869007.405897268, 81.616000000]: Footprint model 'polygon' loaded for trajectory optimization.
[INFO] [1783869008.003962555, 82.210000000]: Footprint model 'polygon' loaded for trajectory optimization.
[INFO] [1783869009.884462492, 84.090000000]: GOAL Reached!
[INFO] [1783869010.033219429, 84.238000000]: Footprint model 'polygon' loaded for trajectory optimization.
[INFO] [1783869010.920309562, 85.122000000]: Footprint model 'polygon' loaded for trajectory optimization.
[INFO] [1783869011.558289693, 85.762000000]: Footprint model 'polygon' loaded for trajectory optimization.
[INFO] [1783869012.216459699, 86.414000000]: Footprint model 'polygon' loaded for trajectory optimization.
[INFO] [1783869012.857194929, 87.056000000]: Footprint model 'polygon' loaded for trajectory optimization.
[INFO] [1783869014.737203498, 88.932000000]: GOAL Reached!
[INFO] [1783869014.887885904, 89.084000000]: Footprint model 'polygon' loaded for trajectory optimization.
[INFO] [1783869015.783896368, 89.976000000]: Footprint model 'polygon' loaded for trajectory optimization.
[INFO] [1783869016.429403352, 90.622000000]: Footprint model 'polygon' loaded for trajectory optimization.
[INFO] [1783869017.078574317, 91.268000000]: Footprint model 'polygon' loaded for trajectory optimization.
[INFO] [1783869019.005977144, 93.194000000]: GOAL Reached!
[INFO] [1783869019.150137163, 93.338000000]: Footprint model 'polygon' loaded for trajectory optimization.
[INFO] [1783869020.031030824, 94.218000000]: Footprint model 'polygon' loaded for trajectory optimization.
[INFO] [1783869020.686080234, 94.872000000]: Footprint model 'polygon' loaded for trajectory optimization.
[INFO] [1783869021.283241603, 95.466000000]: Footprint model 'polygon' loaded for trajectory optimization.
[INFO] [1783869023.269976902, 97.448000000]: GOAL Reached!
[INFO] [1783869023.423125770, 97.602000000]: Footprint model 'polygon' loaded for trajectory optimization.
[INFO] [1783869024.299569361, 98.478000000]: Footprint model 'polygon' loaded for trajectory optimization.
[INFO] [1783869024.945787511, 99.122000000]: Footprint model 'polygon' loaded for trajectory optimization.
[INFO] [1783869025.594410091, 99.768000000]: Footprint model 'polygon' loaded for trajectory optimization.
[INFO] [1783869027.428978780, 101.600000000]: GOAL Reached!
[INFO] [1783869027.589390197, 101.762000000]: Footprint model 'polygon' loaded for trajectory optimization.
[INFO] [1783869028.468037053, 102.638000000]: Footprint model 'polygon' loaded for trajectory optimization.
[INFO] [1783869029.164539372, 103.336000000]: Footprint model 'polygon' loaded for trajectory optimization.
[INFO] [1783869029.720260330, 103.886000000]: Footprint model 'polygon' loaded for trajectory optimization.
[INFO] [1783869030.319987902, 104.486000000]: Footprint model 'polygon' loaded for trajectory optimization.
[INFO] [1783869031.699460646, 105.864000000]: GOAL Reached!
[INFO] [1783869031.852568018, 106.014000000]: Footprint model 'polygon' loaded for trajectory optimization.
[INFO] [1783869032.738129954, 106.898000000]: Footprint model 'polygon' loaded for trajectory optimization.
[INFO] [1783869033.386782562, 107.548000000]: Footprint model 'polygon' loaded for trajectory optimization.
[INFO] [1783869033.979612392, 108.138000000]: Footprint model 'polygon' loaded for trajectory optimization.
[INFO] [1783869034.626651771, 108.786000000]: Footprint model 'polygon' loaded for trajectory optimization.
[INFO] [1783869037.359994334, 111.514000000]: GOAL Reached!
[INFO] [1783869037.496657988, 111.650000000]: Footprint model 'polygon' loaded for trajectory optimization.
[INFO] [1783869038.392177097, 112.542000000]: Footprint model 'polygon' loaded for trajectory optimization.
[INFO] [1783869039.032320925, 113.182000000]: Footprint model 'polygon' loaded for trajectory optimization.
[INFO] [1783869039.626779794, 113.776000000]: Footprint model 'polygon' loaded for trajectory optimization.
[INFO] [1783869041.610907130, 115.756000000]: GOAL Reached!
[INFO] [1783869041.760743779, 115.904000000]: Footprint model 'polygon' loaded for trajectory optimization.
[INFO] [1783869042.639767231, 116.782000000]: Footprint model 'polygon' loaded for trajectory optimization.
[INFO] [1783869043.337696941, 117.478000000]: Footprint model 'polygon' loaded for trajectory optimization.
[INFO] [1783869044.031408263, 118.176000000]: Footprint model 'polygon' loaded for trajectory optimization.
[INFO] [1783869045.968625840, 120.106000000]: GOAL Reached!
[INFO] [1783869046.123191487, 120.260000000]: Footprint model 'polygon' loaded for trajectory optimization.
[INFO] [1783869047.021528316, 121.158000000]: Footprint model 'polygon' loaded for trajectory optimization.
[INFO] [1783869047.752505437, 121.890000000]: Footprint model 'polygon' loaded for trajectory optimization.
[INFO] [1783869048.360139289, 122.492000000]: Footprint model 'polygon' loaded for trajectory optimization.
[INFO] [1783869050.139699615, 124.270000000]: GOAL Reached!
[INFO] [1783869050.261045328, 124.392000000]: Footprint model 'polygon' loaded for trajectory optimization.
[INFO] [1783869051.170782857, 125.298000000]: Footprint model 'polygon' loaded for trajectory optimization.
[INFO] [1783869051.817536999, 125.944000000]: Footprint model 'polygon' loaded for trajectory optimization.
[INFO] [1783869052.466205536, 126.592000000]: Footprint model 'polygon' loaded for trajectory optimization.
[INFO] [1783869054.293311911, 128.416000000]: GOAL Reached!
[INFO] [1783869054.432588871, 128.554000000]: Footprint model 'polygon' loaded for trajectory optimization.
[INFO] [1783869055.320284397, 129.440000000]: Footprint model 'polygon' loaded for trajectory optimization.
[INFO] [1783869056.009407313, 130.128000000]: Footprint model 'polygon' loaded for trajectory optimization.
[INFO] [1783869056.716574395, 130.834000000]: Footprint model 'polygon' loaded for trajectory optimization.
[INFO] [1783869057.363193865, 131.480000000]: Footprint model 'polygon' loaded for trajectory optimization.
[INFO] [1783869058.836533127, 132.956000000]: GOAL Reached!
[INFO] [1783869058.987079746, 133.106000000]: Footprint model 'polygon' loaded for trajectory optimization.
[INFO] [1783869059.867258268, 133.980000000]: Footprint model 'polygon' loaded for trajectory optimization.
[INFO] [1783869060.566171340, 134.680000000]: Footprint model 'polygon' loaded for trajectory optimization.
[INFO] [1783869061.268725195, 135.380000000]: Footprint model 'polygon' loaded for trajectory optimization.
[INFO] [1783869063.197835881, 137.304000000]: GOAL Reached!
[INFO] [1783869063.350502149, 137.456000000]: Footprint model 'polygon' loaded for trajectory optimization.
[INFO] [1783869064.230866800, 138.336000000]: Footprint model 'polygon' loaded for trajectory optimization.
[INFO] [1783869064.930344259, 139.032000000]: Footprint model 'polygon' loaded for trajectory optimization.
[INFO] [1783869065.578763452, 139.680000000]: Footprint model 'polygon' loaded for trajectory optimization.
[INFO] [1783869067.259179250, 141.358000000]: GOAL Reached!
[INFO] [1783869067.398939234, 141.498000000]: Footprint model 'polygon' loaded for trajectory optimization.
[INFO] [1783869068.283677257, 142.382000000]: Footprint model 'polygon' loaded for trajectory optimization.
[INFO] [1783869068.920389542, 143.016000000]: Footprint model 'polygon' loaded for trajectory optimization.
[INFO] [1783869069.518661861, 143.612000000]: Footprint model 'polygon' loaded for trajectory optimization.
[INFO] [1783869070.168602082, 144.262000000]: Footprint model 'polygon' loaded for trajectory optimization.
[INFO] [1783869071.701991851, 145.792000000]: GOAL Reached!
[INFO] [1783869071.849572987, 145.942000000]: Footprint model 'polygon' loaded for trajectory optimization.
[INFO] [1783869072.731822336, 146.822000000]: Footprint model 'polygon' loaded for trajectory optimization.
[INFO] [1783869073.371204511, 147.458000000]: Footprint model 'polygon' loaded for trajectory optimization.
[INFO] [1783869074.017034903, 148.104000000]: Footprint model 'polygon' loaded for trajectory optimization.
[INFO] [1783869075.951521975, 150.034000000]: GOAL Reached!
[INFO] [1783869076.101662181, 150.184000000]: Footprint model 'polygon' loaded for trajectory optimization.
[INFO] [1783869076.995790792, 151.076000000]: Footprint model 'polygon' loaded for trajectory optimization.
[INFO] [1783869077.633727281, 151.714000000]: Footprint model 'polygon' loaded for trajectory optimization.
[INFO] [1783869078.278888023, 152.358000000]: Footprint model 'polygon' loaded for trajectory optimization.
[INFO] [1783869080.210414213, 154.286000000]: GOAL Reached!
[INFO] [1783869080.359697677, 154.436000000]: Footprint model 'polygon' loaded for trajectory optimization.
[INFO] [1783869081.226815378, 155.300000000]: Footprint model 'polygon' loaded for trajectory optimization.
[INFO] [1783869081.878028201, 155.950000000]: Footprint model 'polygon' loaded for trajectory optimization.
[INFO] [1783869082.529242542, 156.602000000]: Footprint model 'polygon' loaded for trajectory optimization.
[INFO] [1783869084.459219663, 158.526000000]: GOAL Reached!
[INFO] [1783869084.608440028, 158.674000000]: Footprint model 'polygon' loaded for trajectory optimization.
[INFO] [1783869085.491508618, 159.558000000]: Footprint model 'polygon' loaded for trajectory optimization.
[INFO] [1783869086.125267782, 160.194000000]: Footprint model 'polygon' loaded for trajectory optimization.
[INFO] [1783869086.773437739, 160.840000000]: Footprint model 'polygon' loaded for trajectory optimization.
[INFO] [1783869088.608622816, 162.670000000]: GOAL Reached!
[INFO] [1783869088.750339139, 162.812000000]: Footprint model 'polygon' loaded for trajectory optimization.
[INFO] [1783869089.618968466, 163.678000000]: Footprint model 'polygon' loaded for trajectory optimization.
[INFO] [1783869090.275426623, 164.336000000]: Footprint model 'polygon' loaded for trajectory optimization.
[INFO] [1783869090.919188696, 164.976000000]: Footprint model 'polygon' loaded for trajectory optimization.
[INFO] [1783869092.953229098, 167.006000000]: GOAL Reached!
[INFO] [1783869093.090441880, 167.142000000]: Footprint model 'polygon' loaded for trajectory optimization.
[INFO] [1783869093.975595460, 168.026000000]: Footprint model 'polygon' loaded for trajectory optimization.
[INFO] [1783869094.621436394, 168.672000000]: Footprint model 'polygon' loaded for trajectory optimization.
[INFO] [1783869095.267918374, 169.316000000]: Footprint model 'polygon' loaded for trajectory optimization.
[INFO] [1783869095.969021775, 170.016000000]: Footprint model 'polygon' loaded for trajectory optimization.
[INFO] [1783869097.500007563, 171.544000000]: GOAL Reached!
[INFO] [1783869097.639351596, 171.684000000]: Footprint model 'polygon' loaded for trajectory optimization.
[INFO] [1783869098.515853844, 172.558000000]: Footprint model 'polygon' loaded for trajectory optimization.
[INFO] [1783869099.071868171, 173.112000000]: Footprint model 'polygon' loaded for trajectory optimization.
[INFO] [1783869099.719639360, 173.760000000]: Footprint model 'polygon' loaded for trajectory optimization.
[INFO] [1783869100.420197504, 174.458000000]: Footprint model 'polygon' loaded for trajectory optimization.
[INFO] [1783869102.052193278, 176.088000000]: GOAL Reached!
[INFO] [1783869102.188128636, 176.226000000]: Footprint model 'polygon' loaded for trajectory optimization.
[INFO] [1783869103.067547642, 177.100000000]: Footprint model 'polygon' loaded for trajectory optimization.
[INFO] [1783869103.773704803, 177.804000000]: Footprint model 'polygon' loaded for trajectory optimization.
[INFO] [1783869104.464003857, 178.494000000]: Footprint model 'polygon' loaded for trajectory optimization.
[INFO] [1783869106.096119587, 180.124000000]: GOAL Reached!
[INFO] [1783869106.243298929, 180.272000000]: Footprint model 'polygon' loaded for trajectory optimization.
[INFO] [1783869107.112532464, 181.138000000]: Footprint model 'polygon' loaded for trajectory optimization.
[INFO] [1783869107.771611277, 181.794000000]: Footprint model 'polygon' loaded for trajectory optimization.
[INFO] [1783869108.365606125, 182.386000000]: Footprint model 'polygon' loaded for trajectory optimization.
[INFO] [1783869108.966472530, 182.986000000]: Footprint model 'polygon' loaded for trajectory optimization.
[INFO] [1783869110.447346638, 184.466000000]: GOAL Reached!
[INFO] [1783869110.579987796, 184.600000000]: Footprint model 'polygon' loaded for trajectory optimization.
[INFO] [1783869111.468415182, 185.484000000]: Footprint model 'polygon' loaded for trajectory optimization.
[INFO] [1783869112.013400379, 186.028000000]: Footprint model 'polygon' loaded for trajectory optimization.
[INFO] [1783869112.663611390, 186.678000000]: Footprint model 'polygon' loaded for trajectory optimization.
[INFO] [1783869114.693325373, 188.704000000]: GOAL Reached!
[INFO] [1783869114.828172793, 188.838000000]: Footprint model 'polygon' loaded for trajectory optimization.
[INFO] [1783869115.689342397, 189.700000000]: Footprint model 'polygon' loaded for trajectory optimization.
[INFO] [1783869116.240651823, 190.250000000]: Footprint model 'polygon' loaded for trajectory optimization.
[INFO] [1783869116.837966980, 190.844000000]: Footprint model 'polygon' loaded for trajectory optimization.
[INFO] [1783869117.489842407, 191.496000000]: Footprint model 'polygon' loaded for trajectory optimization.
[INFO] [1783869118.923393049, 192.926000000]: GOAL Reached!
[INFO] [1783869119.069148268, 193.072000000]: Footprint model 'polygon' loaded for trajectory optimization.
[INFO] [1783869119.956885542, 193.958000000]: Footprint model 'polygon' loaded for trajectory optimization.
[INFO] [1783869120.599582058, 194.600000000]: Footprint model 'polygon' loaded for trajectory optimization.
[INFO] [1783869121.204686116, 195.202000000]: Footprint model 'polygon' loaded for trajectory optimization.
[INFO] [1783869123.179317906, 197.174000000]: GOAL Reached!
[INFO] [1783869123.314605759, 197.308000000]: Footprint model 'polygon' loaded for trajectory optimization.
[INFO] [1783869124.186584851, 198.178000000]: Footprint model 'polygon' loaded for trajectory optimization.
[INFO] [1783869124.835667048, 198.826000000]: Footprint model 'polygon' loaded for trajectory optimization.
[INFO] [1783869125.482844688, 199.474000000]: Footprint model 'polygon' loaded for trajectory optimization.
[INFO] [1783869126.080312811, 200.072000000]: Footprint model 'polygon' loaded for trajectory optimization.
[INFO] [1783869127.515123606, 201.502000000]: GOAL Reached!
[INFO] [1783869127.648845647, 201.636000000]: Footprint model 'polygon' loaded for trajectory optimization.
[INFO] [1783869128.558044656, 202.540000000]: Footprint model 'polygon' loaded for trajectory optimization.
[INFO] [1783869129.245537818, 203.230000000]: Footprint model 'polygon' loaded for trajectory optimization.
[INFO] [1783869129.845802006, 203.828000000]: Footprint model 'polygon' loaded for trajectory optimization.
[INFO] [1783869130.448911445, 204.430000000]: Footprint model 'polygon' loaded for trajectory optimization.
[INFO] [1783869131.877369198, 205.856000000]: GOAL Reached!
[INFO] [1783869132.022807019, 206.002000000]: Footprint model 'polygon' loaded for trajectory optimization.
[INFO] [1783869132.900328258, 206.876000000]: Footprint model 'polygon' loaded for trajectory optimization.
[INFO] [1783869133.598202294, 207.572000000]: Footprint model 'polygon' loaded for trajectory optimization.
[INFO] [1783869134.251152525, 208.224000000]: Footprint model 'polygon' loaded for trajectory optimization.
[INFO] [1783869134.903630145, 208.878000000]: Footprint model 'polygon' loaded for trajectory optimization.
[INFO] [1783869136.234179534, 210.204000000]: GOAL Reached!
[INFO] [1783869136.360461606, 210.330000000]: Footprint model 'polygon' loaded for trajectory optimization.
[INFO] [1783869137.248228388, 211.216000000]: Footprint model 'polygon' loaded for trajectory optimization.
[INFO] [1783869137.930235111, 211.900000000]: Footprint model 'polygon' loaded for trajectory optimization.
[INFO] [1783869138.493602794, 212.460000000]: Footprint model 'polygon' loaded for trajectory optimization.
[INFO] [1783869139.138221297, 213.104000000]: Footprint model 'polygon' loaded for trajectory optimization.
[INFO] [1783869140.568552703, 214.532000000]: GOAL Reached!
[INFO] [1783869140.705329924, 214.668000000]: Footprint model 'polygon' loaded for trajectory optimization.
[INFO] [1783869141.581794599, 215.542000000]: Footprint model 'polygon' loaded for trajectory optimization.
[INFO] [1783869142.276916175, 216.236000000]: Footprint model 'polygon' loaded for trajectory optimization.
[INFO] [1783869142.875944434, 216.838000000]: Footprint model 'polygon' loaded for trajectory optimization.
[INFO] [1783869144.709095614, 218.666000000]: GOAL Reached!
[INFO] [1783869144.864676528, 218.822000000]: Footprint model 'polygon' loaded for trajectory optimization.
[INFO] [1783869145.745407964, 219.700000000]: Footprint model 'polygon' loaded for trajectory optimization.
[INFO] [1783869146.339025136, 220.292000000]: Footprint model 'polygon' loaded for trajectory optimization.
[INFO] [1783869147.040845917, 220.994000000]: Footprint model 'polygon' loaded for trajectory optimization.
[INFO] [1783869147.642139915, 221.592000000]: Footprint model 'polygon' loaded for trajectory optimization.
[INFO] [1783869149.072604772, 223.022000000]: GOAL Reached!
[INFO] [1783869149.216406123, 223.166000000]: Footprint model 'polygon' loaded for trajectory optimization.
[INFO] [1783869150.092984409, 224.040000000]: Footprint model 'polygon' loaded for trajectory optimization.
[INFO] [1783869150.644442448, 224.590000000]: Footprint model 'polygon' loaded for trajectory optimization.
[INFO] [1783869151.295919477, 225.240000000]: Footprint model 'polygon' loaded for trajectory optimization.
[INFO] [1783869151.945777575, 225.888000000]: Footprint model 'polygon' loaded for trajectory optimization.
[INFO] [1783869153.427896382, 227.368000000]: GOAL Reached!
[INFO] [1783869153.582335480, 227.522000000]: Footprint model 'polygon' loaded for trajectory optimization.
[INFO] [1783869154.480708679, 228.418000000]: Footprint model 'polygon' loaded for trajectory optimization.
[INFO] [1783869155.110973903, 229.052000000]: Footprint model 'polygon' loaded for trajectory optimization.
[INFO] [1783869155.763189154, 229.700000000]: Footprint model 'polygon' loaded for trajectory optimization.
[INFO] [1783869156.311361084, 230.248000000]: Footprint model 'polygon' loaded for trajectory optimization.
[INFO] [1783869157.692057711, 231.628000000]: GOAL Reached!
[INFO] [1783869157.839331599, 231.774000000]: Footprint model 'polygon' loaded for trajectory optimization.
[INFO] [1783869158.705095543, 232.638000000]: Footprint model 'polygon' loaded for trajectory optimization.
[INFO] [1783869159.261507361, 233.192000000]: Footprint model 'polygon' loaded for trajectory optimization.
[INFO] [1783869159.860984556, 233.792000000]: Footprint model 'polygon' loaded for trajectory optimization.
[INFO] [1783869160.510195873, 234.438000000]: Footprint model 'polygon' loaded for trajectory optimization.
[INFO] [1783869161.941943446, 235.870000000]: GOAL Reached!
[INFO] [1783869162.080032778, 236.008000000]: Footprint model 'polygon' loaded for trajectory optimization.
[INFO] [1783869162.955320338, 236.880000000]: Footprint model 'polygon' loaded for trajectory optimization.
[INFO] [1783869163.608116559, 237.532000000]: Footprint model 'polygon' loaded for trajectory optimization.
[INFO] [1783869164.252070776, 238.174000000]: Footprint model 'polygon' loaded for trajectory optimization.
[INFO] [1783869166.083173122, 240.002000000]: GOAL Reached!
[INFO] [1783869166.208266888, 240.126000000]: Footprint model 'polygon' loaded for trajectory optimization.
[INFO] [1783869167.102859177, 241.020000000]: Footprint model 'polygon' loaded for trajectory optimization.
[INFO] [1783869167.738681956, 241.656000000]: Footprint model 'polygon' loaded for trajectory optimization.
[INFO] [1783869168.344445222, 242.258000000]: Footprint model 'polygon' loaded for trajectory optimization.
[INFO] [1783869170.322074843, 244.234000000]: GOAL Reached!
[INFO] [1783869170.472120718, 244.384000000]: Footprint model 'polygon' loaded for trajectory optimization.
[INFO] [1783869171.385787829, 245.296000000]: Footprint model 'polygon' loaded for trajectory optimization.
[INFO] [1783869171.996076257, 245.906000000]: Footprint model 'polygon' loaded for trajectory optimization.
[INFO] [1783869172.594694894, 246.502000000]: Footprint model 'polygon' loaded for trajectory optimization.
[INFO] [1783869173.192430918, 247.102000000]: Footprint model 'polygon' loaded for trajectory optimization.
[INFO] [1783869174.477806863, 248.382000000]: GOAL Reached!
[INFO] [1783869174.621095257, 248.524000000]: Footprint model 'polygon' loaded for trajectory optimization.
[INFO] [1783869175.502245828, 249.402000000]: Footprint model 'polygon' loaded for trajectory optimization.
[INFO] [1783869176.149921207, 250.048000000]: Footprint model 'polygon' loaded for trajectory optimization.
[INFO] [1783869176.800802174, 250.700000000]: Footprint model 'polygon' loaded for trajectory optimization.
[INFO] [1783869178.630652033, 252.526000000]: GOAL Reached!
[INFO] [1783869178.766419570, 252.660000000]: Footprint model 'polygon' loaded for trajectory optimization.
[INFO] [1783869179.645829120, 253.540000000]: Footprint model 'polygon' loaded for trajectory optimization.
[INFO] [1783869180.286892854, 254.180000000]: Footprint model 'polygon' loaded for trajectory optimization.
[INFO] [1783869180.886964110, 254.778000000]: Footprint model 'polygon' loaded for trajectory optimization.
[INFO] [1783869182.866283279, 256.756000000]: GOAL Reached!
[INFO] [1783869183.013319408, 256.902000000]: Footprint model 'polygon' loaded for trajectory optimization.
[INFO] [1783869183.897054684, 257.782000000]: Footprint model 'polygon' loaded for trajectory optimization.
[INFO] [1783869184.535665936, 258.420000000]: Footprint model 'polygon' loaded for trajectory optimization.
[INFO] [1783869185.187323774, 259.070000000]: Footprint model 'polygon' loaded for trajectory optimization.
[INFO] [1783869185.788639097, 259.670000000]: Footprint model 'polygon' loaded for trajectory optimization.
[INFO] [1783869187.216947951, 261.096000000]: GOAL Reached!
[INFO] [1783869187.352227520, 261.230000000]: Footprint model 'polygon' loaded for trajectory optimization.
[INFO] [1783869188.239166221, 262.118000000]: Footprint model 'polygon' loaded for trajectory optimization.
[INFO] [1783869188.927751005, 262.804000000]: Footprint model 'polygon' loaded for trajectory optimization.
[INFO] [1783869189.529053208, 263.404000000]: Footprint model 'polygon' loaded for trajectory optimization.
[INFO] [1783869190.083163110, 263.956000000]: Footprint model 'polygon' loaded for trajectory optimization.
[INFO] [1783869191.359602370, 265.232000000]: GOAL Reached!
[INFO] [1783869191.503693638, 265.376000000]: Footprint model 'polygon' loaded for trajectory optimization.
[INFO] [1783869192.393154391, 266.262000000]: Footprint model 'polygon' loaded for trajectory optimization.
[INFO] [1783869193.041862153, 266.908000000]: Footprint model 'polygon' loaded for trajectory optimization.
[INFO] [1783869193.641982456, 267.508000000]: Footprint model 'polygon' loaded for trajectory optimization.
[INFO] [1783869194.287914986, 268.152000000]: Footprint model 'polygon' loaded for trajectory optimization.
[INFO] [1783869195.820516596, 269.682000000]: GOAL Reached!
[INFO] [1783869195.949117501, 269.810000000]: Footprint model 'polygon' loaded for trajectory optimization.
[INFO] [1783869196.817776159, 270.676000000]: Footprint model 'polygon' loaded for trajectory optimization.
[INFO] [1783869197.368866572, 271.228000000]: Footprint model 'polygon' loaded for trajectory optimization.
[INFO] [1783869197.975133554, 271.832000000]: Footprint model 'polygon' loaded for trajectory optimization.
[INFO] [1783869198.566352924, 272.424000000]: Footprint model 'polygon' loaded for trajectory optimization.
[INFO] [1783869200.151081748, 274.004000000]: GOAL Reached!
[INFO] [1783869200.294231630, 274.146000000]: Footprint model 'polygon' loaded for trajectory optimization.
[INFO] [1783869201.168080022, 275.018000000]: Footprint model 'polygon' loaded for trajectory optimization.
[INFO] [1783869201.760219524, 275.610000000]: Footprint model 'polygon' loaded for trajectory optimization.
[INFO] [1783869202.323682471, 276.172000000]: Footprint model 'polygon' loaded for trajectory optimization.
[INFO] [1783869202.923718650, 276.772000000]: Footprint model 'polygon' loaded for trajectory optimization.
[INFO] [1783869204.505137919, 278.350000000]: GOAL Reached!
[INFO] [1783869204.663274103, 278.508000000]: Footprint model 'polygon' loaded for trajectory optimization.
[INFO] [1783869205.556138679, 279.400000000]: Footprint model 'polygon' loaded for trajectory optimization.
[INFO] [1783869206.192190272, 280.036000000]: Footprint model 'polygon' loaded for trajectory optimization.
[INFO] [1783869206.843391465, 280.684000000]: Footprint model 'polygon' loaded for trajectory optimization.
[INFO] [1783869208.874855974, 282.710000000]: GOAL Reached!
[INFO] [1783869209.012906551, 282.848000000]: Footprint model 'polygon' loaded for trajectory optimization.
[INFO] [1783869209.888540859, 283.722000000]: Footprint model 'polygon' loaded for trajectory optimization.
[INFO] [1783869210.538914376, 284.376000000]: Footprint model 'polygon' loaded for trajectory optimization.
[INFO] [1783869211.183396143, 285.016000000]: Footprint model 'polygon' loaded for trajectory optimization.
[INFO] [1783869213.121011663, 286.950000000]: GOAL Reached!
[INFO] [1783869213.265479302, 287.094000000]: Footprint model 'polygon' loaded for trajectory optimization.
[INFO] [1783869214.130293955, 287.960000000]: Footprint model 'polygon' loaded for trajectory optimization.
[INFO] [1783869214.728628004, 288.554000000]: Footprint model 'polygon' loaded for trajectory optimization.
[INFO] [1783869215.287532066, 289.112000000]: Footprint model 'polygon' loaded for trajectory optimization.
[INFO] [1783869215.885991026, 289.710000000]: Footprint model 'polygon' loaded for trajectory optimization.
[INFO] [1783869217.767103185, 291.588000000]: GOAL Reached!
[INFO] [1783869217.914853798, 291.734000000]: Footprint model 'polygon' loaded for trajectory optimization.
[INFO] [1783869218.783771535, 292.602000000]: Footprint model 'polygon' loaded for trajectory optimization.
[INFO] [1783869219.382393472, 293.200000000]: Footprint model 'polygon' loaded for trajectory optimization.
[INFO] [1783869219.939547020, 293.756000000]: Footprint model 'polygon' loaded for trajectory optimization.
[INFO] [1783869220.538837711, 294.354000000]: Footprint model 'polygon' loaded for trajectory optimization.
[INFO] [1783869222.217287907, 296.030000000]: GOAL Reached!
[INFO] [1783869222.366095459, 296.178000000]: Footprint model 'polygon' loaded for trajectory optimization.
[INFO] [1783869223.248152620, 297.060000000]: Footprint model 'polygon' loaded for trajectory optimization.
[INFO] [1783869223.932989909, 297.742000000]: Footprint model 'polygon' loaded for trajectory optimization.
[INFO] [1783869224.536492476, 298.344000000]: Footprint model 'polygon' loaded for trajectory optimization.
[INFO] [1783869225.235506485, 299.042000000]: Footprint model 'polygon' loaded for trajectory optimization.
[INFO] [1783869226.665790961, 300.470000000]: GOAL Reached!
[INFO] [1783869226.817274887, 300.620000000]: Footprint model 'polygon' loaded for trajectory optimization.
[INFO] [1783869227.701150350, 301.502000000]: Footprint model 'polygon' loaded for trajectory optimization.
[INFO] [1783869228.340933846, 302.140000000]: Footprint model 'polygon' loaded for trajectory optimization.
[INFO] [1783869228.936882095, 302.738000000]: Footprint model 'polygon' loaded for trajectory optimization.
[INFO] [1783869229.587200445, 303.384000000]: Footprint model 'polygon' loaded for trajectory optimization.
[INFO] [1783869231.020095083, 304.814000000]: GOAL Reached!
[INFO] [1783869231.168824307, 304.962000000]: Footprint model 'polygon' loaded for trajectory optimization.
[INFO] [1783869232.070292213, 305.864000000]: Footprint model 'polygon' loaded for trajectory optimization.
[INFO] [1783869232.760173944, 306.552000000]: Footprint model 'polygon' loaded for trajectory optimization.
[INFO] [1783869233.359722263, 307.150000000]: Footprint model 'polygon' loaded for trajectory optimization.
[INFO] [1783869235.289347618, 309.076000000]: GOAL Reached!
[INFO] [1783869235.422708279, 309.208000000]: Footprint model 'polygon' loaded for trajectory optimization.
[INFO] [1783869236.315967024, 310.102000000]: Footprint model 'polygon' loaded for trajectory optimization.
[INFO] [1783869236.998401687, 310.782000000]: Footprint model 'polygon' loaded for trajectory optimization.
[INFO] [1783869237.650336485, 311.430000000]: Footprint model 'polygon' loaded for trajectory optimization.
[INFO] [1783869239.429465667, 313.208000000]: GOAL Reached!
[INFO] [1783869239.588379765, 313.368000000]: Footprint model 'polygon' loaded for trajectory optimization.
[INFO] [1783869240.464320906, 314.242000000]: Footprint model 'polygon' loaded for trajectory optimization.
[INFO] [1783869241.159900310, 314.938000000]: Footprint model 'polygon' loaded for trajectory optimization.
[INFO] [1783869241.763188006, 315.540000000]: Footprint model 'polygon' loaded for trajectory optimization.
[INFO] [1783869242.465660269, 316.240000000]: Footprint model 'polygon' loaded for trajectory optimization.
[INFO] [1783869243.895363217, 317.668000000]: GOAL Reached!
[INFO] [1783869244.032861227, 317.806000000]: Footprint model 'polygon' loaded for trajectory optimization.
[INFO] [1783869244.909860860, 318.680000000]: Footprint model 'polygon' loaded for trajectory optimization.
[INFO] [1783869245.563899367, 319.332000000]: Footprint model 'polygon' loaded for trajectory optimization.
[INFO] [1783869246.215976526, 319.982000000]: Footprint model 'polygon' loaded for trajectory optimization.
[INFO] [1783869248.243888322, 322.008000000]: GOAL Reached!
[INFO] [1783869248.392344834, 322.154000000]: Footprint model 'polygon' loaded for trajectory optimization.
[INFO] [1783869249.276745026, 323.038000000]: Footprint model 'polygon' loaded for trajectory optimization.
[INFO] [1783869249.917804460, 323.678000000]: Footprint model 'polygon' loaded for trajectory optimization.
[INFO] [1783869250.568978095, 324.328000000]: Footprint model 'polygon' loaded for trajectory optimization.
[INFO] [1783869252.400875779, 326.156000000]: GOAL Reached!
[INFO] [1783869252.548513319, 326.304000000]: Footprint model 'polygon' loaded for trajectory optimization.
[INFO] [1783869253.425166372, 327.180000000]: Footprint model 'polygon' loaded for trajectory optimization.
[INFO] [1783869254.026659726, 327.778000000]: Footprint model 'polygon' loaded for trajectory optimization.
[INFO] [1783869254.573164016, 328.324000000]: Footprint model 'polygon' loaded for trajectory optimization.
[INFO] [1783869255.220037496, 328.972000000]: Footprint model 'polygon' loaded for trajectory optimization.
[INFO] [1783869256.654471801, 330.402000000]: GOAL Reached!
[INFO] [1783869256.813785108, 330.562000000]: Footprint model 'polygon' loaded for trajectory optimization.
[INFO] [1783869257.695681602, 331.440000000]: Footprint model 'polygon' loaded for trajectory optimization.
[INFO] [1783869258.343952555, 332.088000000]: Footprint model 'polygon' loaded for trajectory optimization.
[INFO] [1783869258.938159954, 332.682000000]: Footprint model 'polygon' loaded for trajectory optimization.
[INFO] [1783869259.537777502, 333.280000000]: Footprint model 'polygon' loaded for trajectory optimization.
[INFO] [1783869261.117659766, 334.858000000]: GOAL Reached!
[INFO] [1783869261.270801563, 335.008000000]: Footprint model 'polygon' loaded for trajectory optimization.
[INFO] [1783869262.139340710, 335.878000000]: Footprint model 'polygon' loaded for trajectory optimization.
[INFO] [1783869262.697718013, 336.434000000]: Footprint model 'polygon' loaded for trajectory optimization.
[INFO] [1783869263.298261067, 337.034000000]: Footprint model 'polygon' loaded for trajectory optimization.
[INFO] [1783869263.947387812, 337.682000000]: Footprint model 'polygon' loaded for trajectory optimization.
[INFO] [1783869265.379749804, 339.110000000]: GOAL Reached!
[INFO] [1783869265.524735929, 339.254000000]: Footprint model 'polygon' loaded for trajectory optimization.
[INFO] [1783869266.410580881, 340.138000000]: Footprint model 'polygon' loaded for trajectory optimization.
[INFO] [1783869267.106137267, 340.832000000]: Footprint model 'polygon' loaded for trajectory optimization.
[INFO] [1783869267.753010724, 341.480000000]: Footprint model 'polygon' loaded for trajectory optimization.
[INFO] [1783869269.735745118, 343.458000000]: GOAL Reached!
[INFO] [1783869269.879546761, 343.602000000]: Footprint model 'polygon' loaded for trajectory optimization.
[INFO] [1783869270.758171679, 344.478000000]: Footprint model 'polygon' loaded for trajectory optimization.
[INFO] [1783869271.395105791, 345.114000000]: Footprint model 'polygon' loaded for trajectory optimization.
[INFO] [1783869271.997910347, 345.716000000]: Footprint model 'polygon' loaded for trajectory optimization.
[INFO] [1783869272.599687034, 346.316000000]: Footprint model 'polygon' loaded for trajectory optimization.
[INFO] [1783869273.977643764, 347.692000000]: GOAL Reached!
[INFO] [1783869274.127238374, 347.842000000]: Footprint model 'polygon' loaded for trajectory optimization.
[INFO] [1783869275.007123857, 348.720000000]: Footprint model 'polygon' loaded for trajectory optimization.
[INFO] [1783869275.643657464, 349.358000000]: Footprint model 'polygon' loaded for trajectory optimization.
[INFO] [1783869276.242697703, 349.956000000]: Footprint model 'polygon' loaded for trajectory optimization.
[INFO] [1783869276.842289178, 350.554000000]: Footprint model 'polygon' loaded for trajectory optimization.
[INFO] [1783869278.323451417, 352.032000000]: GOAL Reached!
[INFO] [1783869278.473296892, 352.182000000]: Footprint model 'polygon' loaded for trajectory optimization.
[INFO] [1783869279.342529482, 353.048000000]: Footprint model 'polygon' loaded for trajectory optimization.
[INFO] [1783869279.901361996, 353.608000000]: Footprint model 'polygon' loaded for trajectory optimization.
[INFO] [1783869280.547565085, 354.252000000]: Footprint model 'polygon' loaded for trajectory optimization.
[INFO] [1783869282.379818981, 356.080000000]: GOAL Reached!
[INFO] [1783869282.538346292, 356.238000000]: Footprint model 'polygon' loaded for trajectory optimization.
[INFO] [1783869283.421273253, 357.120000000]: Footprint model 'polygon' loaded for trajectory optimization.
[INFO] [1783869284.108817993, 357.806000000]: Footprint model 'polygon' loaded for trajectory optimization.
[INFO] [1783869284.705571773, 358.402000000]: Footprint model 'polygon' loaded for trajectory optimization.
[INFO] [1783869286.739282573, 360.432000000]: GOAL Reached!
[INFO] [1783869286.886918411, 360.580000000]: Footprint model 'polygon' loaded for trajectory optimization.
[INFO] [1783869287.769997341, 361.460000000]: Footprint model 'polygon' loaded for trajectory optimization.
[INFO] [1783869288.367924916, 362.056000000]: Footprint model 'polygon' loaded for trajectory optimization.
[INFO] [1783869289.070323681, 362.756000000]: Footprint model 'polygon' loaded for trajectory optimization.
[INFO] [1783869289.705624836, 363.394000000]: Footprint model 'polygon' loaded for trajectory optimization.
[INFO] [1783869290.999201294, 364.684000000]: GOAL Reached!
[INFO] [1783869291.136212830, 364.820000000]: Footprint model 'polygon' loaded for trajectory optimization.
[INFO] [1783869292.035861399, 365.720000000]: Footprint model 'polygon' loaded for trajectory optimization.
[INFO] [1783869292.723359420, 366.406000000]: Footprint model 'polygon' loaded for trajectory optimization.
[INFO] [1783869293.372289232, 367.052000000]: Footprint model 'polygon' loaded for trajectory optimization.
[INFO] [1783869293.968426070, 367.648000000]: Footprint model 'polygon' loaded for trajectory optimization.
[INFO] [1783869295.549180903, 369.226000000]: GOAL Reached!
[INFO] [1783869295.697695995, 369.374000000]: Footprint model 'polygon' loaded for trajectory optimization.
[INFO] [1783869296.581634143, 370.258000000]: Footprint model 'polygon' loaded for trajectory optimization.
[INFO] [1783869297.274253549, 370.946000000]: Footprint model 'polygon' loaded for trajectory optimization.
[INFO] [1783869297.923636496, 371.596000000]: Footprint model 'polygon' loaded for trajectory optimization.
[INFO] [1783869298.522669472, 372.192000000]: Footprint model 'polygon' loaded for trajectory optimization.
[INFO] [1783869300.005360439, 373.672000000]: GOAL Reached!
[INFO] [1783869300.138548033, 373.804000000]: Footprint model 'polygon' loaded for trajectory optimization.
[INFO] [1783869301.035612787, 374.700000000]: Footprint model 'polygon' loaded for trajectory optimization.
[INFO] [1783869301.679593820, 375.344000000]: Footprint model 'polygon' loaded for trajectory optimization.
[INFO] [1783869302.277687255, 375.942000000]: Footprint model 'polygon' loaded for trajectory optimization.
[INFO] [1783869304.255021450, 377.918000000]: GOAL Reached!
[INFO] [1783869304.384677857, 378.046000000]: Footprint model 'polygon' loaded for trajectory optimization.
[INFO] [1783869305.278264828, 378.938000000]: Footprint model 'polygon' loaded for trajectory optimization.
[INFO] [1783869305.829668774, 379.488000000]: Footprint model 'polygon' loaded for trajectory optimization.
[INFO] [1783869306.485629630, 380.142000000]: Footprint model 'polygon' loaded for trajectory optimization.
[INFO] [1783869307.133189241, 380.790000000]: Footprint model 'polygon' loaded for trajectory optimization.
[INFO] [1783869308.710909199, 382.362000000]: GOAL Reached!
[INFO] [1783869308.864318428, 382.514000000]: Footprint model 'polygon' loaded for trajectory optimization.
[INFO] [1783869309.748219953, 383.398000000]: Footprint model 'polygon' loaded for trajectory optimization.
[INFO] [1783869310.441333818, 384.092000000]: Footprint model 'polygon' loaded for trajectory optimization.
[INFO] [1783869311.089249033, 384.738000000]: Footprint model 'polygon' loaded for trajectory optimization.
[INFO] [1783869312.872536232, 386.518000000]: GOAL Reached!
[INFO] [1783869313.014151905, 386.660000000]: Footprint model 'polygon' loaded for trajectory optimization.
[INFO] [1783869313.894764367, 387.536000000]: Footprint model 'polygon' loaded for trajectory optimization.
[INFO] [1783869314.446595502, 388.088000000]: Footprint model 'polygon' loaded for trajectory optimization.
[INFO] [1783869315.099402396, 388.740000000]: Footprint model 'polygon' loaded for trajectory optimization.
[INFO] [1783869317.025598887, 390.662000000]: GOAL Reached!
[INFO] [1783869317.164400418, 390.800000000]: Footprint model 'polygon' loaded for trajectory optimization.
[INFO] [1783869318.042793250, 391.678000000]: Footprint model 'polygon' loaded for trajectory optimization.
[INFO] [1783869318.740573611, 392.376000000]: Footprint model 'polygon' loaded for trajectory optimization.
[INFO] [1783869319.388269077, 393.020000000]: Footprint model 'polygon' loaded for trajectory optimization.
[INFO] [1783869321.166113381, 394.798000000]: GOAL Reached!
[INFO] [1783869321.318636491, 394.950000000]: Footprint model 'polygon' loaded for trajectory optimization.
[INFO] [1783869322.186707174, 395.816000000]: Footprint model 'polygon' loaded for trajectory optimization.
[INFO] [1783869322.743837716, 396.370000000]: Footprint model 'polygon' loaded for trajectory optimization.
[INFO] [1783869323.394593076, 397.020000000]: Footprint model 'polygon' loaded for trajectory optimization.
[INFO] [1783869323.994537347, 397.618000000]: Footprint model 'polygon' loaded for trajectory optimization.
[INFO] [1783869325.526295569, 399.148000000]: GOAL Reached!
[INFO] [1783869325.674403173, 399.296000000]: Footprint model 'polygon' loaded for trajectory optimization.
[INFO] [1783869326.539853007, 400.162000000]: Footprint model 'polygon' loaded for trajectory optimization.
[INFO] [1783869327.090100599, 400.708000000]: Footprint model 'polygon' loaded for trajectory optimization.
[INFO] [1783869327.741334239, 401.358000000]: Footprint model 'polygon' loaded for trajectory optimization.
[INFO] [1783869328.339642663, 401.958000000]: Footprint model 'polygon' loaded for trajectory optimization.
[INFO] [1783869329.773341021, 403.388000000]: GOAL Reached!
[INFO] [1783869329.912683582, 403.526000000]: Footprint model 'polygon' loaded for trajectory optimization.
[INFO] [1783869330.784191256, 404.396000000]: Footprint model 'polygon' loaded for trajectory optimization.
[INFO] [1783869331.340775538, 404.952000000]: Footprint model 'polygon' loaded for trajectory optimization.
[INFO] [1783869331.945889743, 405.556000000]: Footprint model 'polygon' loaded for trajectory optimization.
[INFO] [1783869332.538957900, 406.150000000]: Footprint model 'polygon' loaded for trajectory optimization.
[INFO] [1783869334.021858198, 407.628000000]: GOAL Reached!
[INFO] [1783869334.176311566, 407.782000000]: Footprint model 'polygon' loaded for trajectory optimization.
[INFO] [1783869335.075666314, 408.680000000]: Footprint model 'polygon' loaded for trajectory optimization.
[INFO] [1783869335.763676298, 409.368000000]: Footprint model 'polygon' loaded for trajectory optimization.
[INFO] [1783869336.358975983, 409.962000000]: Footprint model 'polygon' loaded for trajectory optimization.
[INFO] [1783869338.296066244, 411.894000000]: GOAL Reached!
[INFO] [1783869338.450571522, 412.048000000]: Footprint model 'polygon' loaded for trajectory optimization.
[INFO] [1783869339.343064688, 412.940000000]: Footprint model 'polygon' loaded for trajectory optimization.
[INFO] [1783869340.037827148, 413.632000000]: Footprint model 'polygon' loaded for trajectory optimization.
[INFO] [1783869340.628260466, 414.222000000]: Footprint model 'polygon' loaded for trajectory optimization.
[INFO] [1783869342.564929847, 416.156000000]: GOAL Reached!
[INFO] [1783869342.720629343, 416.312000000]: Footprint model 'polygon' loaded for trajectory optimization.
[INFO] [1783869343.593979038, 417.182000000]: Footprint model 'polygon' loaded for trajectory optimization.
[INFO] [1783869344.147277399, 417.734000000]: Footprint model 'polygon' loaded for trajectory optimization.
[INFO] [1783869344.747465376, 418.334000000]: Footprint model 'polygon' loaded for trajectory optimization.
[INFO] [1783869345.400057501, 418.984000000]: Footprint model 'polygon' loaded for trajectory optimization.
[INFO] [1783869346.829699873, 420.410000000]: GOAL Reached!
[INFO] [1783869346.974822066, 420.556000000]: Footprint model 'polygon' loaded for trajectory optimization.
[INFO] [1783869347.856828156, 421.438000000]: Footprint model 'polygon' loaded for trajectory optimization.
[INFO] [1783869348.499137188, 422.078000000]: Footprint model 'polygon' loaded for trajectory optimization.
[INFO] [1783869349.150667083, 422.728000000]: Footprint model 'polygon' loaded for trajectory optimization.
[INFO] [1783869351.077929824, 424.654000000]: GOAL Reached!
[INFO] [1783869351.225623628, 424.800000000]: Footprint model 'polygon' loaded for trajectory optimization.
[INFO] [1783869352.100854501, 425.678000000]: Footprint model 'polygon' loaded for trajectory optimization.
[INFO] [1783869352.795671143, 426.370000000]: Footprint model 'polygon' loaded for trajectory optimization.
[INFO] [1783869353.399693435, 426.972000000]: Footprint model 'polygon' loaded for trajectory optimization.
[INFO] [1783869354.048432419, 427.620000000]: Footprint model 'polygon' loaded for trajectory optimization.
[INFO] [1783869355.530931978, 429.100000000]: GOAL Reached!
[INFO] [1783869355.669362430, 429.240000000]: Footprint model 'polygon' loaded for trajectory optimization.
[INFO] [1783869356.552323283, 430.120000000]: Footprint model 'polygon' loaded for trajectory optimization.
[INFO] [1783869357.242412020, 430.808000000]: Footprint model 'polygon' loaded for trajectory optimization.
[INFO] [1783869357.887843166, 431.452000000]: Footprint model 'polygon' loaded for trajectory optimization.
[INFO] [1783869359.770160921, 433.330000000]: GOAL Reached!
[INFO] [1783869359.908631144, 433.470000000]: Footprint model 'polygon' loaded for trajectory optimization.
[INFO] [1783869360.780449705, 434.340000000]: Footprint model 'polygon' loaded for trajectory optimization.
[INFO] [1783869361.335083959, 434.894000000]: Footprint model 'polygon' loaded for trajectory optimization.
[INFO] [1783869361.983854032, 435.540000000]: Footprint model 'polygon' loaded for trajectory optimization.
[INFO] [1783869364.017386672, 437.570000000]: GOAL Reached!
[INFO] [1783869364.174694105, 437.728000000]: Footprint model 'polygon' loaded for trajectory optimization.
[INFO] [1783869365.064990658, 438.616000000]: Footprint model 'polygon' loaded for trajectory optimization.
[INFO] [1783869365.766650777, 439.318000000]: Footprint model 'polygon' loaded for trajectory optimization.
[INFO] [1783869366.463240868, 440.012000000]: Footprint model 'polygon' loaded for trajectory optimization.
[INFO] [1783869368.294791921, 441.840000000]: GOAL Reached!
[INFO] [1783869368.440678408, 441.986000000]: Footprint model 'polygon' loaded for trajectory optimization.
[INFO] [1783869369.315001169, 442.858000000]: Footprint model 'polygon' loaded for trajectory optimization.
[INFO] [1783869369.961303764, 443.504000000]: Footprint model 'polygon' loaded for trajectory optimization.
[INFO] [1783869370.560129632, 444.102000000]: Footprint model 'polygon' loaded for trajectory optimization.
[INFO] [1783869372.543949563, 446.080000000]: GOAL Reached!
[INFO] [1783869372.676289944, 446.212000000]: Footprint model 'polygon' loaded for trajectory optimization.
[INFO] [1783869373.562045403, 447.098000000]: Footprint model 'polygon' loaded for trajectory optimization.
[INFO] [1783869374.258342303, 447.794000000]: Footprint model 'polygon' loaded for trajectory optimization.
[INFO] [1783869374.903948121, 448.436000000]: Footprint model 'polygon' loaded for trajectory optimization.
[INFO] [1783869375.503193140, 449.036000000]: Footprint model 'polygon' loaded for trajectory optimization.
[INFO] [1783869376.883504039, 450.412000000]: GOAL Reached!
[INFO] [1783869377.018788818, 450.546000000]: Footprint model 'polygon' loaded for trajectory optimization.
[INFO] [1783869377.897224756, 451.426000000]: Footprint model 'polygon' loaded for trajectory optimization.
[INFO] [1783869378.592655716, 452.118000000]: Footprint model 'polygon' loaded for trajectory optimization.
[INFO] [1783869379.286825759, 452.812000000]: Footprint model 'polygon' loaded for trajectory optimization.
[INFO] [1783869381.017921670, 454.540000000]: GOAL Reached!
[INFO] [1783869381.149329304, 454.672000000]: Footprint model 'polygon' loaded for trajectory optimization.
[INFO] [1783869382.060240883, 455.580000000]: Footprint model 'polygon' loaded for trajectory optimization.
[INFO] [1783869382.748632554, 456.268000000]: Footprint model 'polygon' loaded for trajectory optimization.
[INFO] [1783869383.404325984, 456.920000000]: Footprint model 'polygon' loaded for trajectory optimization.
[INFO] [1783869385.179890041, 458.692000000]: GOAL Reached!
[INFO] [1783869385.322927687, 458.834000000]: Footprint model 'polygon' loaded for trajectory optimization.
[INFO] [1783869386.191154877, 459.702000000]: Footprint model 'polygon' loaded for trajectory optimization.
[INFO] [1783869386.740687453, 460.254000000]: Footprint model 'polygon' loaded for trajectory optimization.
[INFO] [1783869387.342668508, 460.852000000]: Footprint model 'polygon' loaded for trajectory optimization.
[INFO] [1783869387.990837306, 461.500000000]: Footprint model 'polygon' loaded for trajectory optimization.
[INFO] [1783869389.421849253, 462.928000000]: GOAL Reached!
[INFO] [1783869389.558982982, 463.064000000]: Footprint model 'polygon' loaded for trajectory optimization.
[INFO] [1783869390.434864444, 463.940000000]: Footprint model 'polygon' loaded for trajectory optimization.
[INFO] [1783869391.128249133, 464.632000000]: Footprint model 'polygon' loaded for trajectory optimization.
[INFO] [1783869391.678239178, 465.182000000]: Footprint model 'polygon' loaded for trajectory optimization.
[INFO] [1783869392.328578252, 465.832000000]: Footprint model 'polygon' loaded for trajectory optimization.
[INFO] [1783869394.458514873, 467.958000000]: GOAL Reached!
[INFO] [1783869394.612586293, 468.110000000]: Footprint model 'polygon' loaded for trajectory optimization.
[INFO] [1783869395.505793113, 469.000000000]: Footprint model 'polygon' loaded for trajectory optimization.
[INFO] [1783869396.198953676, 469.692000000]: Footprint model 'polygon' loaded for trajectory optimization.
[INFO] [1783869396.899902574, 470.392000000]: Footprint model 'polygon' loaded for trajectory optimization.
[INFO] [1783869398.728165972, 472.218000000]: GOAL Reached!
[INFO] [1783869398.867345963, 472.356000000]: Footprint model 'polygon' loaded for trajectory optimization.
[INFO] [1783869399.733901322, 473.220000000]: Footprint model 'polygon' loaded for trajectory optimization.
[INFO] [1783869400.437867308, 473.924000000]: Footprint model 'polygon' loaded for trajectory optimization.
[INFO] [1783869401.079865597, 474.564000000]: Footprint model 'polygon' loaded for trajectory optimization.
[INFO] [1783869402.867247738, 476.350000000]: GOAL Reached!
[INFO] [1783869403.019033867, 476.500000000]: Footprint model 'polygon' loaded for trajectory optimization.
[INFO] [1783869403.900207211, 477.380000000]: Footprint model 'polygon' loaded for trajectory optimization.
[INFO] [1783869404.604566228, 478.082000000]: Footprint model 'polygon' loaded for trajectory optimization.
[INFO] [1783869405.251365472, 478.728000000]: Footprint model 'polygon' loaded for trajectory optimization.
[INFO] [1783869407.132257361, 480.606000000]: GOAL Reached!
[INFO] [1783869407.288576037, 480.762000000]: Footprint model 'polygon' loaded for trajectory optimization.
[INFO] [1783869408.190222814, 481.662000000]: Footprint model 'polygon' loaded for trajectory optimization.
[INFO] [1783869408.882533292, 482.354000000]: Footprint model 'polygon' loaded for trajectory optimization.
[INFO] [1783869409.480541966, 482.950000000]: Footprint model 'polygon' loaded for trajectory optimization.
[INFO] [1783869411.415270803, 484.880000000]: GOAL Reached!
[INFO] [1783869411.572593590, 485.036000000]: Footprint model 'polygon' loaded for trajectory optimization.
[INFO] [1783869412.462127002, 485.924000000]: Footprint model 'polygon' loaded for trajectory optimization.
[INFO] [1783869413.111263404, 486.574000000]: Footprint model 'polygon' loaded for trajectory optimization.
[INFO] [1783869413.709553369, 487.170000000]: Footprint model 'polygon' loaded for trajectory optimization.
[INFO] [1783869415.591575224, 489.048000000]: GOAL Reached!
[INFO] [1783869415.742625214, 489.198000000]: Footprint model 'polygon' loaded for trajectory optimization.
[INFO] [1783869416.626452483, 490.080000000]: Footprint model 'polygon' loaded for trajectory optimization.
[INFO] [1783869417.301388888, 490.756000000]: Footprint model 'polygon' loaded for trajectory optimization.
[INFO] [1783869417.910098829, 491.366000000]: Footprint model 'polygon' loaded for trajectory optimization.
[INFO] [1783869419.943097958, 493.394000000]: GOAL Reached!
[INFO] [1783869420.088619942, 493.540000000]: Footprint model 'polygon' loaded for trajectory optimization.
[INFO] [1783869420.971399973, 494.420000000]: Footprint model 'polygon' loaded for trajectory optimization.
[INFO] [1783869421.572668428, 495.020000000]: Footprint model 'polygon' loaded for trajectory optimization.
[INFO] [1783869422.123204535, 495.570000000]: Footprint model 'polygon' loaded for trajectory optimization.
[INFO] [1783869422.777242226, 496.222000000]: Footprint model 'polygon' loaded for trajectory optimization.
[INFO] [1783869424.307913015, 497.750000000]: GOAL Reached!
[INFO] [1783869424.453369504, 497.894000000]: Footprint model 'polygon' loaded for trajectory optimization.
[INFO] [1783869425.343708256, 498.782000000]: Footprint model 'polygon' loaded for trajectory optimization.
[INFO] [1783869425.983317321, 499.422000000]: Footprint model 'polygon' loaded for trajectory optimization.
[INFO] [1783869426.580770523, 500.018000000]: Footprint model 'polygon' loaded for trajectory optimization.
[INFO] [1783869427.182660126, 500.618000000]: Footprint model 'polygon' loaded for trajectory optimization.
[INFO] [1783869428.561623708, 501.994000000]: GOAL Reached!
[INFO] [1783869428.706222604, 502.140000000]: Footprint model 'polygon' loaded for trajectory optimization.
[INFO] [1783869429.571981373, 503.000000000]: Footprint model 'polygon' loaded for trajectory optimization.
[INFO] [1783869430.280818408, 503.708000000]: Footprint model 'polygon' loaded for trajectory optimization.
[INFO] [1783869430.975008873, 504.402000000]: Footprint model 'polygon' loaded for trajectory optimization.
[INFO] [1783869432.905879026, 506.332000000]: GOAL Reached!
[INFO] [1783869433.042612421, 506.466000000]: Footprint model 'polygon' loaded for trajectory optimization.
[INFO] [1783869433.914757572, 507.338000000]: Footprint model 'polygon' loaded for trajectory optimization.
[INFO] [1783869434.524578057, 507.948000000]: Footprint model 'polygon' loaded for trajectory optimization.
[INFO] [1783869435.220468088, 508.642000000]: Footprint model 'polygon' loaded for trajectory optimization.
[INFO] [1783869435.822422324, 509.242000000]: Footprint model 'polygon' loaded for trajectory optimization.
[INFO] [1783869437.255875607, 510.672000000]: GOAL Reached!
[INFO] [1783869437.405482690, 510.822000000]: Footprint model 'polygon' loaded for trajectory optimization.
[INFO] [1783869438.305213101, 511.720000000]: Footprint model 'polygon' loaded for trajectory optimization.
[INFO] [1783869438.852420261, 512.266000000]: Footprint model 'polygon' loaded for trajectory optimization.
[INFO] [1783869439.498503545, 512.912000000]: Footprint model 'polygon' loaded for trajectory optimization.
[INFO] [1783869440.153452892, 513.564000000]: Footprint model 'polygon' loaded for trajectory optimization.
[INFO] [1783869441.830719591, 515.242000000]: GOAL Reached!
[INFO] [1783869441.944279470, 515.354000000]: Footprint model 'polygon' loaded for trajectory optimization.
[INFO] [1783869442.816148559, 516.224000000]: Footprint model 'polygon' loaded for trajectory optimization.
[INFO] [1783869443.516872352, 516.920000000]: Footprint model 'polygon' loaded for trajectory optimization.
[INFO] [1783869444.161752521, 517.566000000]: Footprint model 'polygon' loaded for trajectory optimization.
[INFO] [1783869446.139183297, 519.540000000]: GOAL Reached!
[INFO] [1783869446.280794490, 519.682000000]: Footprint model 'polygon' loaded for trajectory optimization.
[INFO] [1783869447.162404603, 520.560000000]: Footprint model 'polygon' loaded for trajectory optimization.
[INFO] [1783869447.821043507, 521.220000000]: Footprint model 'polygon' loaded for trajectory optimization.
[INFO] [1783869448.415245661, 521.812000000]: Footprint model 'polygon' loaded for trajectory optimization.
[INFO] [1783869450.297065338, 523.690000000]: GOAL Reached!
[INFO] [1783869450.441880433, 523.834000000]: Footprint model 'polygon' loaded for trajectory optimization.
[INFO] [1783869451.331105781, 524.722000000]: Footprint model 'polygon' loaded for trajectory optimization.
[INFO] [1783869451.878495849, 525.268000000]: Footprint model 'polygon' loaded for trajectory optimization.
[INFO] [1783869452.484823080, 525.874000000]: Footprint model 'polygon' loaded for trajectory optimization.
[INFO] [1783869453.127561364, 526.516000000]: Footprint model 'polygon' loaded for trajectory optimization.
[INFO] [1783869454.658270546, 528.044000000]: GOAL Reached!
[INFO] [1783869454.820281043, 528.204000000]: Footprint model 'polygon' loaded for trajectory optimization.
[INFO] [1783869455.698967874, 529.082000000]: Footprint model 'polygon' loaded for trajectory optimization.
[INFO] [1783869456.398933351, 529.784000000]: Footprint model 'polygon' loaded for trajectory optimization.
[INFO] [1783869457.093182207, 530.476000000]: Footprint model 'polygon' loaded for trajectory optimization.
[INFO] [1783869458.723943335, 532.102000000]: GOAL Reached!
[INFO] [1783869458.873267707, 532.252000000]: Footprint model 'polygon' loaded for trajectory optimization.
[INFO] [1783869459.762181808, 533.138000000]: Footprint model 'polygon' loaded for trajectory optimization.
[INFO] [1783869460.450063817, 533.826000000]: Footprint model 'polygon' loaded for trajectory optimization.
[INFO] [1783869461.002651306, 534.376000000]: Footprint model 'polygon' loaded for trajectory optimization.
[INFO] [1783869461.648487030, 535.020000000]: Footprint model 'polygon' loaded for trajectory optimization.
[INFO] [1783869463.483548169, 536.852000000]: GOAL Reached!
[INFO] [1783869463.633270358, 537.002000000]: Footprint model 'polygon' loaded for trajectory optimization.
[INFO] [1783869464.550822884, 537.918000000]: Footprint model 'polygon' loaded for trajectory optimization.
[INFO] [1783869465.141314278, 538.512000000]: Footprint model 'polygon' loaded for trajectory optimization.
[INFO] [1783869465.788528280, 539.158000000]: Footprint model 'polygon' loaded for trajectory optimization.
[INFO] [1783869467.573467713, 540.936000000]: GOAL Reached!
[INFO] [1783869467.708687290, 541.074000000]: Footprint model 'polygon' loaded for trajectory optimization.
[INFO] [1783869468.583036271, 541.944000000]: Footprint model 'polygon' loaded for trajectory optimization.
[INFO] [1783869469.276812577, 542.640000000]: Footprint model 'polygon' loaded for trajectory optimization.
[INFO] [1783869469.873247937, 543.236000000]: Footprint model 'polygon' loaded for trajectory optimization.
[INFO] [1783869471.709818769, 545.066000000]: GOAL Reached!
[INFO] [1783869471.851654946, 545.208000000]: Footprint model 'polygon' loaded for trajectory optimization.
[INFO] [1783869472.746538193, 546.100000000]: Footprint model 'polygon' loaded for trajectory optimization.
[INFO] [1783869473.337078922, 546.690000000]: Footprint model 'polygon' loaded for trajectory optimization.
[INFO] [1783869473.886339083, 547.240000000]: Footprint model 'polygon' loaded for trajectory optimization.
[INFO] [1783869474.539350027, 547.890000000]: Footprint model 'polygon' loaded for trajectory optimization.
[INFO] [1783869475.867779187, 549.216000000]: GOAL Reached!
[INFO] [1783869476.019269617, 549.368000000]: Footprint model 'polygon' loaded for trajectory optimization.
[INFO] [1783869476.912610802, 550.260000000]: Footprint model 'polygon' loaded for trajectory optimization.
[INFO] [1783869477.460072033, 550.806000000]: Footprint model 'polygon' loaded for trajectory optimization.
[INFO] [1783869478.058253655, 551.404000000]: Footprint model 'polygon' loaded for trajectory optimization.
[INFO] [1783869478.708369239, 552.050000000]: Footprint model 'polygon' loaded for trajectory optimization.
[INFO] [1783869480.140284951, 553.480000000]: GOAL Reached!
[INFO] [1783869480.267100679, 553.608000000]: Footprint model 'polygon' loaded for trajectory optimization.
[INFO] [1783869481.162088256, 554.500000000]: Footprint model 'polygon' loaded for trajectory optimization.
[INFO] [1783869481.864088122, 555.202000000]: Footprint model 'polygon' loaded for trajectory optimization.
[INFO] [1783869482.511214838, 555.846000000]: Footprint model 'polygon' loaded for trajectory optimization.
[INFO] [1783869483.110845041, 556.446000000]: Footprint model 'polygon' loaded for trajectory optimization.
[INFO] [1783869484.591317271, 557.924000000]: GOAL Reached!
[INFO] [1783869484.734113012, 558.066000000]: Footprint model 'polygon' loaded for trajectory optimization.
[INFO] [1783869485.630219293, 558.960000000]: Footprint model 'polygon' loaded for trajectory optimization.
[INFO] [1783869486.268115978, 559.596000000]: Footprint model 'polygon' loaded for trajectory optimization.
[INFO] [1783869486.914968145, 560.242000000]: Footprint model 'polygon' loaded for trajectory optimization.
[INFO] [1783869488.846249572, 562.172000000]: GOAL Reached!
[INFO] [1783869488.993140115, 562.318000000]: Footprint model 'polygon' loaded for trajectory optimization.
[INFO] [1783869489.872625140, 563.198000000]: Footprint model 'polygon' loaded for trajectory optimization.
[INFO] [1783869490.424384218, 563.746000000]: Footprint model 'polygon' loaded for trajectory optimization.
[INFO] [1783869491.072686958, 564.396000000]: Footprint model 'polygon' loaded for trajectory optimization.
[INFO] [1783869491.772364637, 565.092000000]: Footprint model 'polygon' loaded for trajectory optimization.
[INFO] [1783869493.205093595, 566.522000000]: GOAL Reached!
[INFO] [1783869493.356416762, 566.676000000]: Footprint model 'polygon' loaded for trajectory optimization.
[INFO] [1783869494.223697422, 567.538000000]: Footprint model 'polygon' loaded for trajectory optimization.
[INFO] [1783869494.785714654, 568.098000000]: Footprint model 'polygon' loaded for trajectory optimization.
[INFO] [1783869495.381971146, 568.694000000]: Footprint model 'polygon' loaded for trajectory optimization.
[INFO] [1783869496.032160472, 569.344000000]: Footprint model 'polygon' loaded for trajectory optimization.
[INFO] [1783869497.863779184, 571.172000000]: GOAL Reached!
[INFO] [1783869498.003644584, 571.312000000]: Footprint model 'polygon' loaded for trajectory optimization.
[INFO] [1783869498.891517008, 572.198000000]: Footprint model 'polygon' loaded for trajectory optimization.
[INFO] [1783869499.447182364, 572.752000000]: Footprint model 'polygon' loaded for trajectory optimization.
[INFO] [1783869500.044443395, 573.346000000]: Footprint model 'polygon' loaded for trajectory optimization.
[INFO] [1783869500.691718552, 573.994000000]: Footprint model 'polygon' loaded for trajectory optimization.
[INFO] [1783869502.123015562, 575.424000000]: GOAL Reached!
[INFO] [1783869502.266111805, 575.568000000]: Footprint model 'polygon' loaded for trajectory optimization.
[INFO] [1783869503.160248455, 576.460000000]: Footprint model 'polygon' loaded for trajectory optimization.
[INFO] [1783869503.770164319, 577.070000000]: Footprint model 'polygon' loaded for trajectory optimization.
[INFO] [1783869504.457556962, 577.758000000]: Footprint model 'polygon' loaded for trajectory optimization.
[INFO] [1783869505.114434470, 578.410000000]: Footprint model 'polygon' loaded for trajectory optimization.
[INFO] [1783869506.795890646, 580.088000000]: GOAL Reached!
[INFO] [1783869506.943372349, 580.236000000]: Footprint model 'polygon' loaded for trajectory optimization.
[INFO] [1783869507.832651615, 581.122000000]: Footprint model 'polygon' loaded for trajectory optimization.
[INFO] [1783869508.519168439, 581.810000000]: Footprint model 'polygon' loaded for trajectory optimization.
[INFO] [1783869509.217545134, 582.506000000]: Footprint model 'polygon' loaded for trajectory optimization.
[INFO] [1783869511.152050536, 584.436000000]: GOAL Reached!
[INFO] [1783869511.287466776, 584.572000000]: Footprint model 'polygon' loaded for trajectory optimization.
[INFO] [1783869512.156074952, 585.440000000]: Footprint model 'polygon' loaded for trajectory optimization.
[INFO] [1783869512.705111878, 585.990000000]: Footprint model 'polygon' loaded for trajectory optimization.
[INFO] [1783869513.358284733, 586.638000000]: Footprint model 'polygon' loaded for trajectory optimization.
[INFO] [1783869513.959087074, 587.238000000]: Footprint model 'polygon' loaded for trajectory optimization.
[INFO] [1783869515.589983911, 588.866000000]: GOAL Reached!
[INFO] [1783869515.739517769, 589.016000000]: Footprint model 'polygon' loaded for trajectory optimization.
[INFO] [1783869516.623240138, 589.898000000]: Footprint model 'polygon' loaded for trajectory optimization.
[INFO] [1783869517.176464236, 590.450000000]: Footprint model 'polygon' loaded for trajectory optimization.
[INFO] [1783869517.780896523, 591.054000000]: Footprint model 'polygon' loaded for trajectory optimization.
[INFO] [1783869518.378289767, 591.648000000]: Footprint model 'polygon' loaded for trajectory optimization.
[INFO] [1783869519.959356957, 593.228000000]: GOAL Reached!
[INFO] [1783869520.107051580, 593.376000000]: Footprint model 'polygon' loaded for trajectory optimization.
[INFO] [1783869520.975213658, 594.242000000]: Footprint model 'polygon' loaded for trajectory optimization.
[INFO] [1783869521.623961133, 594.888000000]: Footprint model 'polygon' loaded for trajectory optimization.
[INFO] [1783869522.275452696, 595.540000000]: Footprint model 'polygon' loaded for trajectory optimization.
[INFO] [1783869522.872223229, 596.136000000]: Footprint model 'polygon' loaded for trajectory optimization.
[INFO] [1783869524.405219867, 597.666000000]: GOAL Reached!
[INFO] [1783869524.559591042, 597.820000000]: Footprint model 'polygon' loaded for trajectory optimization.
[INFO] [1783869525.439911815, 598.698000000]: Footprint model 'polygon' loaded for trajectory optimization.
[INFO] [1783869526.042071397, 599.300000000]: Footprint model 'polygon' loaded for trajectory optimization.
[INFO] [1783869526.740861600, 599.998000000]: Footprint model 'polygon' loaded for trajectory optimization.
[INFO] [1783869527.290843828, 600.546000000]: Footprint model 'polygon' loaded for trajectory optimization.
[INFO] [1783869528.772042080, 602.024000000]: GOAL Reached!
[INFO] [1783869528.920723839, 602.172000000]: Footprint model[WARN] [1783869553.611672308, 626.820000000]: Control loop missed its desired rate of 10.0000Hz... the loop actually took 0.1080 seconds
 'polygon' loaded for trajectory optimization.
[INFO] [1783869529.807992181, 603.058000000]: Footprint model 'polygon' loaded for trajectory optimization.
[INFO] [1783869530.498431276, 603.748000000]: Footprint model 'polygon' loaded for trajectory optimization.
[INFO] [1783869531.095604001, 604.344000000]: Footprint model 'polygon' loaded for trajectory optimization.
[INFO] [1783869533.030420621, 606.274000000]: GOAL Reached!
[INFO] [1783869533.171995440, 606.416000000]: Footprint model 'polygon' loaded for trajectory optimization.
[INFO] [1783869534.032082269, 607.274000000]: Footprint model 'polygon' loaded for trajectory optimization.
[INFO] [1783869534.631959221, 607.874000000]: Footprint model 'polygon' loaded for trajectory optimization.
[INFO] [1783869535.187247484, 608.428000000]: Footprint model 'polygon' loaded for trajectory optimization.
[INFO] [1783869536.022395620, 609.262000000]: Footprint model 'polygon' loaded for trajectory optimization.
[INFO] [1783869536.889111352, 610.126000000]: Footprint model 'polygon' loaded for trajectory optimization.
[INFO] [1783869537.444632522, 610.682000000]: Footprint model 'polygon' loaded for trajectory optimization.
[INFO] [1783869538.094154108, 611.328000000]: Footprint model 'polygon' loaded for trajectory optimization.
[INFO] [1783869538.693830665, 611.928000000]: Footprint model 'polygon' loaded for trajectory optimization.
[INFO] [1783869540.337085128, 613.568000000]: GOAL Reached!
[INFO] [1783869540.483368451, 613.714000000]: Footprint model 'polygon' loaded for trajectory optimization.
[INFO] [1783869541.357989876, 614.586000000]: Footprint model 'polygon' loaded for trajectory optimization.
[INFO] [1783869541.905725066, 615.134000000]: Footprint model 'polygon' loaded for trajectory optimization.
[INFO] [1783869542.507656263, 615.734000000]: Footprint model 'polygon' loaded for trajectory optimization.
[INFO] [1783869543.242389692, 616.466000000]: Footprint model 'polygon' loaded for trajectory optimization.
[INFO] [1783869544.282277986, 617.506000000]: Footprint model 'polygon' loaded for trajectory optimization.
[INFO] [1783869545.406498626, 618.626000000]: Footprint model 'polygon' loaded for trajectory optimization.
[INFO] [1783869546.264339026, 619.486000000]: Footprint model 'polygon' loaded for trajectory optimization.
[INFO] [1783869546.818873358, 620.038000000]: Footprint model 'polygon' loaded for trajectory optimization.
[INFO] [1783869547.420195174, 620.636000000]: Footprint model 'polygon' loaded for trajectory optimization.
[INFO] [1783869548.019591350, 621.236000000]: Footprint model 'polygon' loaded for trajectory optimization.
[INFO] [1783869549.707562131, 622.924000000]: GOAL Reached!
[INFO] [1783869549.865774830, 623.082000000]: Footprint model 'polygon' loaded for trajectory optimization.
[INFO] [1783869550.736446821, 623.948000000]: Footprint model 'polygon' loaded for trajectory optimization.
[INFO] [1783869551.316494468, 624.526000000]: Footprint model 'polygon' loaded for trajectory optimization.
[INFO] [1783869552.022379707, 625.230000000]: Footprint model 'polygon' loaded for trajectory optimization.
[INFO] [1783869552.998354689, 626.208000000]: Footprint model 'polygon' loaded for trajectory optimization.
[INFO] [1783869553.667465256, 626.876000000]: Footprint model 'polygon' loaded for trajectory optimization.
[INFO] [1783869554.813772502, 628.020000000]: Footprint model 'polygon' loaded for trajectory optimization.
[INFO] [1783869555.681968746, 628.884000000]: Footprint model 'polygon' loaded for trajectory optimization.
[INFO] [1783869556.280397770, 629.484000000]: Footprint model 'polygon' loaded for trajectory optimization.
[INFO] [1783869556.830247803, 630.032000000]: Footprint model 'polygon' loaded for trajectory optimization.
[INFO] [1783869557.480938864, 630.680000000]: Footprint model 'polygon' loaded for trajectory optimization.
[INFO] [1783869559.121635687, 632.322000000]: GOAL Reached!
[INFO] [1783869559.256497676, 632.454000000]: Footprint model 'polygon' loaded for trajectory optimization.
[INFO] [1783869560.130363487,[WARN] [1783869571.920381438, 645.098000000]: Control loop missed its desired rate of 10.0000Hz... the loop actually took 0.1080 seconds
[WARN] [1783869571.920898060, 645.098000000]: Map update loop missed its desired rate of 10.0000Hz... the loop actually took 0.2020 seconds
 633.326000000]: Footprint model 'polygon' loaded for trajectory optimization.
[INFO] [1783869560.691563784, 633.888000000]: Footprint model 'polygon' loaded for trajectory optimization.
[INFO] [1783869561.420638845, 634.614000000]: Footprint model 'polygon' loaded for trajectory optimization.
[INFO] [1783869562.566968355, 635.760000000]: Footprint model 'polygon' loaded for trajectory optimization.
[INFO] [1783869563.692092887, 636.882000000]: Footprint model 'polygon' loaded for trajectory optimization.
[INFO] [1783869564.556405457, 637.746000000]: Footprint model 'polygon' loaded for trajectory optimization.
[INFO] [1783869565.105252573, 638.294000000]: Footprint model 'polygon' loaded for trajectory optimization.
[INFO] [1783869565.706161281, 638.892000000]: Footprint model 'polygon' loaded for trajectory optimization.
[INFO] [1783869566.358064417, 639.542000000]: Footprint model 'polygon' loaded for trajectory optimization.
[INFO] [1783869567.999720170, 641.182000000]: GOAL Reached!
[INFO] [1783869568.150532551, 641.332000000]: Footprint model 'polygon' loaded for trajectory optimization.
[INFO] [1783869569.027298071, 642.208000000]: Footprint model 'polygon' loaded for trajectory optimization.
[INFO] [1783869569.579280755, 642.758000000]: Footprint model 'polygon' loaded for trajectory optimization.
[INFO] [1783869570.310974425, 643.488000000]: Footprint model 'polygon' loaded for trajectory optimization.
[INFO] [1783869571.290326422, 644.466000000]: Footprint model 'polygon' loaded for trajectory optimization.
[INFO] [1783869571.979964247, 645.156000000]: Footprint model 'polygon' loaded for trajectory optimization.
[INFO] [1783869573.106577670, 646.280000000]: Footprint model 'polygon' loaded for trajectory optimization.
[INFO] [1783869573.975873727, 647.146000000]: Footprint model 'polygon' loaded for trajectory optimization.
[INFO] [1783869574.572656535, 647.742000000]: Footprint model 'polygon' loaded for trajectory optimization.
[INFO] [1783869575.171612380, 648.342000000]: Footprint model 'polygon' loaded for trajectory optimization.
[INFO] [1783869575.725335378, 648.894000000]: Footprint model 'polygon' loaded for trajectory optimization.
[INFO] [1783869577.417326628, 650.582000000]: GOAL Reached!
[INFO] [1783869577.572671366, 650.738000000]: Footprint model 'polygon' loaded for trajectory optimization.
[INFO] [1783869578.467516029, 651.630000000]: Footprint model 'polygon' loaded for trajectory optimization.
[INFO] [1783869579.150484098, 652.314000000]: Footprint model 'polygon' loaded for trajectory optimization.
[INFO] [1783869579.834944330, 652.998000000]: Footprint model 'polygon' loaded for trajectory optimization.
[INFO] [1783869580.886645715, 654.044000000]: Footprint model 'polygon' loaded for trajectory optimization.
[INFO] [1783869582.009347917, 655.168000000]: Footprint model 'polygon' loaded for trajectory optimization.
[INFO] [1783869582.887468198, 656.044000000]: Footprint model 'polygon' loaded for trajectory optimization.
[INFO] [1783869583.582537415, 656.736000000]: Footprint model 'polygon' loaded for trajectory optimization.
[INFO] [1783869584.182374194, 657.334000000]: Footprint model 'polygon' loaded for trajectory optimization.
[INFO] [1783869584.779852061, 657.932000000]: Footprint model 'polygon' loaded for trajectory optimization.
[INFO] [1783869586.522892743, 659.672000000]: GOAL Reached!
[INFO] [1783869586.676123953, 659.824000000]: Footprint model 'polygon' loaded for trajectory optimization.
[INFO] [1783869587.559800672, 660.708000000]: Footprint model 'polygon' loaded for trajectory optimization.
[INFO] [1783869588.201116005, 661.348000000]: Footprint model 'polygon' loaded for trajectory optimization.
[INFO] [1783869588.798658398, 661.944000000]: Footprint model 'polygon' loaded for trajectory optimization.
[INFO] [1783869589.400143411, 662.544000000]: Footprint model 'polygon' loaded for trajectory optimization.
[INFO] [1783869590.049413256, 663.192000000]: Footprint model 'polygon' loaded for trajectory optimization.
[INFO] [1783869590.599839264, 663.742000000]: Footprint model 'polygon' loaded for trajectory optimization.
[INFO] [1783869592.092663783, 665.232000000]: GOAL Reached!
[INFO] [1783869592.249254052, 665.388000000]: Footprint model 'polygon' loaded for trajectory optimization.
[INFO] [1783869593.129655621, 666.268000000]: Footprint model 'polygon' loaded for trajectory optimization.
[INFO] [1783869593.905278391, 667.042000000]: Footprint model 'polygon' loaded for trajectory optimization.
[INFO] [1783869594.853002524, 667.988000000]: Footprint model 'polygon' loaded for trajectory optimization.
[INFO] [1783869595.532941020, 668.666000000]: Footprint model 'polygon' loaded for trajectory optimization.
[INFO] [1783869596.495571148, 669.628000000]: Footprint model 'polygon' loaded for trajectory optimization.
[INFO] [1783869597.097002922, 670.228000000]: Footprint model 'polygon' loaded for trajectory optimization.
[INFO] [1783869597.649752487, 670.780000000]: Footprint model 'polygon' loaded for trajectory optimization.
[INFO] [1783869598.248136782, 671.376000000]: Footprint model 'polygon' loaded for trajectory optimization.
[INFO] [1783869600.241953138, 673.366000000]: GOAL Reached!
[INFO] [1783869600.390608007, 673.514000000]: Footprint model 'polygon' loaded for trajectory optimization.
[INFO] [1783869601.260167302, 674.386000000]: Footprint model 'polygon' loaded for trajectory optimization.
[INFO] [1783869601.813787238, 674.936000000]: Footprint model 'polygon' loaded for trajectory optimization.
[INFO] [1783869602.413461396, 675.534000000]: Footprint model 'polygon' loaded for trajectory optimization.
[INFO] [1783869603.011633341, 676.132000000]: Footprint model 'polygon' loaded for trajectory optimization.
[INFO] [1783869603.663980512, 676.782000000]: Footprint model 'polygon' loaded for trajectory optimization.
[INFO] [1783869604.312327882, 677.430000000]: Footprint model 'polygon' loaded for trajectory optimization.
[INFO] [1783869606.005524359, 679.120000000]: GOAL Reached!
[INFO] [1783869606.152169171, 679.266000000]: Footprint model 'polygon' loaded for trajectory optimization.
[INFO] [1783869607.032650758, 680.146000000]: Footprint model 'polygon' loaded for trajectory optimization.
[INFO] [1783869607.810204394, 680.922000000]: Footprint model 'polygon' loaded for trajectory optimization.
[INFO] [1783869608.818339520, 681.928000000]: Footprint model 'polygon' loaded for trajectory optimization.
[INFO] [1783869609.478648146, 682.586000000]: Footprint model 'polygon' loaded for trajectory optimization.
[INFO] [1783869610.441698199, 683.548000000]: Footprint model 'polygon' loaded for trajectory optimization.
[INFO] [1783869611.078713018, 684.182000000]: Footprint model 'polygon' loaded for trajectory optimization.
[INFO] [1783869611.726866842, 684.830000000]: Footprint model 'polygon' loaded for trajectory optimization.
[INFO] [1783869612.326341168, 685.428000000]: Footprint model 'polygon' loaded for trajectory optimization.
[INFO] [1783869614.069985965, 687.170000000]: GOAL Reached!
[INFO] [1783869614.211245598, 687.312000000]: Footprint model 'polygon' loaded for trajectory optimization.
[INFO] [1783869615.072186748, 688.168000000]: Footprint model 'polygon' loaded for trajectory optimization.
[INFO] [1783869615.627895868, 688.726000000]: Footprint model 'polygon' loaded for trajectory optimization.
[INFO] [1783869616.229837939, 689.326000000]: Footprint model 'polygon' loaded for trajectory optimization.
[INFO] [1783869616.877125417, 689.972000000]: Footprint model 'polygon' loaded for trajectory optimization.
[INFO] [1783869617.433987621, 690.526000000]: Footprint model 'polygon' loaded for trajectory optimization.
[INFO] [1783869618.080948881, 691.174000000]: Footprint model 'polygon' loaded for trajectory optimization.
[INFO] [1783869619.823347526, 692.912000000]: GOAL Reached!
[INFO] [1783869619.977294205, 693.066000000]: Footprint model 'polygon' loaded for trajectory optimization.
[INFO] [1783869620.861754880, 693.948000000]: Footprint model 'polygon' loaded for trajectory optimization.
[INFO] [1783869621.629927350, 694.714000000]: Footprint model 'polygon' l[WARN] [1783869623.123707332, 696.208000000]: Control loop missed its desired rate of 10.0000Hz... the loop actually took 0.1140 seconds
[WARN] [1783869623.124324313, 696.208000000]: Map update loop missed its desired rate of 10.0000Hz... the loop actually took 0.1100 seconds
[WARN] [1783869623.253392453, 696.338000000]: Control loop missed its desired rate of 10.0000Hz... the loop actually took 0.1440 seconds
[WARN] [1783869623.253852649, 696.338000000]: Map update loop missed its desired rate of 10.0000Hz... the loop actually took 0.1400 seconds
oaded for trajectory optimization.
[INFO] [1783869622.604064779, 695.688000000]: Footprint model 'polygon' loaded for trajectory optimization.
[INFO] [1783869623.310088844, 696.394000000]: Footprint model 'polygon' loaded for trajectory optimization.
[INFO] [1783869624.246327377, 697.326000000]: Footprint model 'polygon' loaded for trajectory optimization.
[INFO] [1783869624.790128424, 697.870000000]: Footprint model 'polygon' loaded for trajectory optimization.
[INFO] [1783869625.440219442, 698.520000000]: Footprint model 'polygon' loaded for trajectory optimization.
[INFO] [1783869625.993932408, 699.072000000]: Footprint model 'polygon' loaded for trajectory optimization.
[INFO] [1783869627.983814889, 701.058000000]: GOAL Reached!
[INFO] [1783869628.133855817, 701.206000000]: Footprint model 'polygon' loaded for trajectory optimization.
[INFO] [1783869628.993053460, 702.066000000]: Footprint model 'polygon' loaded for trajectory optimization.
[INFO] [1783869629.644603548, 702.714000000]: Footprint model 'polygon' loaded for trajectory optimization.
[INFO] [1783869630.297145917, 703.366000000]: Footprint model 'polygon' loaded for trajectory optimization.
[INFO] [1783869630.892406213, 703.962000000]: Footprint model 'polygon' loaded for trajectory optimization.
[INFO] [1783869631.445067955, 704.512000000]: Footprint model 'polygon' loaded for trajectory optimization.
[INFO] [1783869632.093194133, 705.160000000]: Footprint model 'polygon' loaded for trajectory optimization.
[INFO] [1783869633.639205004, 706.702000000]: GOAL Reached!
[INFO] [1783869633.794406834, 706.856000000]: Footprint model 'polygon' loaded for trajectory optimization.
[INFO] [1783869634.667572130, 707.728000000]: Footprint model 'polygon' loaded for trajectory optimization.
[INFO] [1783869635.355362311, 708.414000000]: Footprint model 'polygon' loaded for trajectory optimization.
[INFO] [1783869636.382973105, 709.440000000]: Footprint model 'polygon' loaded for trajectory optimization.
[INFO] [1783869637.330688099, 710.386000000]: Footprint model 'polygon' loaded for trajectory optimization.
[INFO] [1783869637.876830015, 710.936000000]: Footprint model 'polygon' loaded for trajectory optimization.
[INFO] [1783869638.530339833, 711.584000000]: Footprint model 'polygon' loaded for trajectory optimization.
[INFO] [1783869639.180769054, 712.234000000]: Footprint model 'polygon' loaded for trajectory optimization.
[INFO] [1783869640.971605414, 714.022000000]: GOAL Reached!
[INFO] [1783869641.122202886, 714.172000000]: Footprint model 'polygon' loaded for trajectory optimization.
[INFO] [1783869642.000393732, 715.048000000]: Footprint model 'polygon' loaded for trajectory optimization.
[INFO] [1783869642.643714152, 715.692000000]: Footprint model 'polygon' loaded for trajectory optimization.
[INFO] [1783869643.291336015, 716.338000000]: Footprint model 'polygon' loaded for trajectory optimization.
[INFO] [1783869643.842931827, 716.888000000]: Footprint model 'polygon' loaded for trajectory optimization.
[INFO] [1783869644.444412891, 717.488000000]: Footprint model 'polygon' loaded for trajectory optimization.
[INFO] [1783869645.094792457, 718.136000000]: Footprint model 'polygon' loaded for trajectory optimization.
[INFO] [1783869646.633022107, 719.674000000]: GOAL Reached!
[INFO] [1783869646.779708853, 719.822000000]: Footprint model 'polygon' loaded for trajectory optimization.
[INFO] [1783869647.670540374, 720.708000000]: Footprint model 'polygon' loaded for trajectory optimization.
[INFO] [1783869648.350704424, 721.388000000]: Footprint model 'polygon' loaded for trajectory optimization.
[INFO] [1783869649.415356643, 722.450000000]: Footprint model 'polygon' loaded for trajectory optimization.
[INFO] [1783869650.357329921, 723.390000000]: Footprint model 'polygon' loaded for trajectory optimization.
[INFO] [1783869651.020343950, 724.050000000]: Footprint model 'polygon' loaded for trajectory optimization.
[INFO] [1783869651.607719936, 724.638000000]: Footprint model 'polygon' loaded for trajectory optimization.
[INFO] [1783869652.208332275, 725.236000000]: Footprint model 'polygon' loaded for trajectory optimization.
[INFO] [1783869653.999221939, 727.026000000]: GOAL Reached!
[INFO] [1783869654.132737256, 727.160000000]: Footprint model 'polygon' loaded for trajectory optimization.
[INFO] [1783869654.997210901, 728.022000000]: Footprint model 'polygon' loaded for trajectory optimization.
[INFO] [1783869655.598529582, 728.622000000]: Footprint model 'polygon' loaded for trajectory optimization.
[INFO] [1783869656.251648113, 729.274000000]: Footprint model 'polygon' loaded for trajectory optimization.
[INFO] [1783869656.852129425, 729.874000000]: Footprint model 'polygon' loaded for trajectory optimization.
[INFO] [1783869657.497983793, 730.520000000]: Footprint model 'polygon' loaded for trajectory optimization.
[INFO] [1783869658.050238489, 731.070000000]: Footprint model 'polygon' loaded for trajectory optimization.
[INFO] [1783869659.643058533, 732.660000000]: GOAL Reached!
[INFO] [1783869659.794345508, 732.810000000]: Footprint model 'polygon' loaded for trajectory optimization.
[INFO] [1783869660.673826187, 733.688000000]: Footprint model 'polygon' loaded for trajectory optimization.
[INFO] [1783869661.449429907, 734.462000000]: Footprint model 'polygon' loaded for trajectory optimization.
[INFO] [1783869662.418859201, 735.428000000]: Footprint model 'polygon' loaded for trajectory optimization.
[INFO] [1783869663.076389740, 736.086000000]: Footprint model 'polygon' loaded for trajectory optimization.
[INFO] [1783869664.017685390, 737.026000000]: Footprint model 'polygon' loaded for trajectory optimization.
[INFO] [1783869664.610541238, 737.616000000]: Footprint model 'polygon' loaded for trajectory optimization.
[INFO] [1783869665.209146383, 738.216000000]: Footprint model 'polygon' loaded for trajectory optimization.
[INFO] [1783869665.760717954, 738.766000000]: Footprint model 'polygon' loaded for trajectory optimization.
[INFO] [1783869666.360509761, 739.364000000]: Footprint model 'polygon' loaded for trajectory optimization.
[INFO] [1783869668.051176320, 741.052000000]: GOAL Reached!
[INFO] [1783869668.204433551, 741.206000000]: Footprint model 'polygon' loaded for trajectory optimization.
[INFO] [1783869669.065881040, 742.066000000]: Footprint model 'polygon' loaded for trajectory optimization.
[INFO] [1783869669.666632742, 742.666000000]: Footprint model 'polygon' loaded for trajectory optimization.
[INFO] [1783869670.371511878, 743.368000000]: Footprint model 'polygon' loaded for trajectory optimization.
[INFO] [1783869670.963685418, 743.964000000]: Footprint model 'polygon' loaded for trajectory optimization.
[INFO] [1783869671.514405268, 744.514000000]: Footprint model 'polygon' loaded for trajectory optimization.
[INFO] [1783869672.170809077, 745.164000000]: Footprint model 'polygon' loaded for trajectory optimization.
[INFO] [1783869673.710894044, 746.704000000]: GOAL Reached!
[INFO] [1783869673.861283936, 746.854000000]: Footprint model 'polygon' loaded for trajectory optimization.
[INFO] [1783869674.736246180, 747.726000000]: Footprint model 'polygon' loaded for trajectory optimization.
[INFO] [1783869675.413942821, 748.404000000]: Footprint model 'polygon' loaded for trajectory optimization.
[INFO] [1783869676.378044805, 749.366000000]: Footprint model 'polygon' loaded for trajectory optimization.
[INFO] [1783869677.057761048, 750.044000000]: Footprint model 'polygon' loaded for trajectory optimization.
[INFO] [1783869678.001500885, 750.988000000]: Footprint model 'polygon' loaded for trajectory optimization.
[INFO] [1783869678.590836924, 751.576000000]: Footprint model 'polygon' loaded for trajectory optimization.
[INFO] [1783869679.142413337, 752.124000000]: Footprint model 'polygon' loaded for trajectory optimization.
[INFO] [1783869679.791777375, 752.772000000]: Footprint model 'polygon' loaded for trajectory optimization.
[INFO] [1783869681.636688077, 754.614000000]: GOAL Reached!
[INFO] [1783869681.766805436, 754.746000000]: Footprint model 'polygon' loaded for trajectory optimization.
[INFO] [1783869682.632174289, 755.608000000]: Footprint model 'polygon' loaded for trajectory optimization.
[INFO] [1783869683.275167518, 756.250000000]: Footprint model 'polygon' loaded for trajectory optimization.
[INFO] [1783869683.874962164, 756.850000000]: Footprint model 'polygon' loaded for trajectory optimization.
[INFO] [1783869684.477385613, 757.452000000]: Footprint model 'polygon' loaded for trajectory optimization.
[INFO] [1783869685.125891392, 758.098000000]: Footprint model 'polygon' loaded for trajectory optimization.
[INFO] [1783869685.730596902, 758.700000000]: Footprint model 'polygon' loaded for trajectory optimization.
[INFO] [1783869687.269910320, 760.238000000]: GOAL Reached!
[INFO] [1783869687.423336058, 760.390000000]: Footprint model 'polygon' loaded for trajectory optimization.
[INFO] [1783869688.300419643, 761.268000000]: Footprint model 'polygon' loaded for trajectory optimization.
[INFO] [1783869689.072185081, 762.040000000]: Footprint model 'polygon' loaded for trajectory optimization.
[INFO] [1783869690.020487610, 762.986000000]: Footprint model 'polygon' loaded for trajectory optimization.
[INFO] [1783869690.692312228, 763.656000000]: Footprint model 'polygon' loaded for trajectory optimization.
[INFO] [1783869691.644288734, 764.608000000]: Footprint model 'polygon' loaded for trajectory optimization.
[INFO] [1783869692.186015164, 765.148000000]: Footprint model 'polygon' loaded for trajectory optimization.
[INFO] [1783869692.837746659, 765.798000000]: Footprint model 'polygon' loaded for trajectory optimization.
[INFO] [1783869693.434374525, 766.396000000]: Footprint model 'polygon' loaded for trajectory optimization.
[INFO] [1783869695.376964732, 768.334000000]: GOAL Reached!
[INFO] [1783869695.528545651, 768.484000000]: Footprint model 'polygon' loaded for trajectory optimization.
[INFO] [1783869696.388035078, 769.342000000]: Footprint model 'polygon' loaded for trajectory optimization.
[INFO] [1783869696.950470005, 769.902000000]: Footprint model 'polygon' loaded for trajectory optimization.
[INFO] [1783869697.548082153, 770.500000000]: Footprint model 'polygon' loaded for trajectory optimization.
[INFO] [1783869698.148420450, 771.100000000]: Footprint model 'polygon' loaded for trajectory optimization.
[INFO] [1783869698.748786899, 771.700000000]: Footprint model 'polygon' loaded for trajectory optimization.
[INFO] [1783869699.396660802, 772.346000000]: Footprint model 'polygon' loaded for trajectory optimization.
[INFO] [1783869700.939516991, 773.888000000]: GOAL Reached!
[INFO] [1783869701.081364859, 774.030000000]: Footprint model 'polygon' loaded for trajectory optimization.
[INFO] [1783869701.961766181, 774.906000000]: Footprint model 'polygon' loaded for trajectory optimization.
[INFO] [1783869702.562768460, 775.506000000]: Footprint model 'polygon' loaded for trajectory optimization.
[INFO] [1783869703.250018522, 776.192000000]: Footprint model 'polygon' loaded for trajectory optimization.
[INFO] [1783869704.289763445, 777.230000000]: Footprint model 'polygon' loaded for trajectory optimization.
[INFO] [1783869705.247814294, 778.186000000]: Footprint model 'polygon' loaded for trajectory optimization.
[INFO] [1783869705.890188031, 778.828000000]: Footprint model 'polygon' loaded for trajectory optimization.
[INFO] [1783869706.537200338, 779.474000000]: Footprint model 'polygon' loaded for trajectory optimization.
[INFO] [1783869707.091452406, 780.026000000]: Footprint model 'polygon' loaded for trajectory optimization.
[INFO] [1783869708.883770336, 781.814000000]: GOAL Reached!
[INFO] [1783869709.020593900, 781.950000000]: Footprint model 'polygon' loaded for trajectory optimization.
[INFO] [1783869709.896359975, 782.826000000]: Footprint model 'polygon' loaded for trajectory optimization.
[INFO] [1783869710.453655926, 783.382000000]: Footprint model 'polygon' loaded for trajectory optimization.
[INFO] [1783869711.052950612, 783.982000000]: Footprint model 'polygon' loaded for trajectory optimization.
[INFO] [1783869711.654166698, 784.580000000]: Footprint model 'polygon' loaded for trajectory optimization.
[INFO] [1783869712.300952[WARN] [1783869717.772762159, 790.690000000]: Control loop missed its desired rate of 10.0000Hz... the loop actually took 0.1160 seconds
[WARN] [1783869717.913768084, 790.830000000]: Control loop missed its desired rate of 10.0000Hz... the loop actually took 0.1560 seconds
[WARN] [1783869717.914357668, 790.830000000]: Map update loop missed its desired rate of 10.0000Hz... the loop actually took 0.1320 seconds
831, 785.226000000]: Footprint model 'polygon' loaded for trajectory optimization.
[INFO] [1783869712.902410666, 785.828000000]: Footprint model 'polygon' loaded for trajectory optimization.
[INFO] [1783869714.545394716, 787.466000000]: GOAL Reached!
[INFO] [1783869714.703106636, 787.624000000]: Footprint model 'polygon' loaded for trajectory optimization.
[INFO] [1783869715.567403843, 788.488000000]: Footprint model 'polygon' loaded for trajectory optimization.
[INFO] [1783869716.249575566, 789.168000000]: Footprint model 'polygon' loaded for trajectory optimization.
[INFO] [1783869717.248695802, 790.166000000]: Footprint model 'polygon' loaded for trajectory optimization.
[INFO] [1783869717.971563433, 790.888000000]: Footprint model 'polygon' loaded for trajectory optimization.
[INFO] [1783869718.932017975, 791.846000000]: Footprint model 'polygon' loaded for trajectory optimization.
[INFO] [1783869719.540085739, 792.452000000]: Footprint model 'polygon' loaded for trajectory optimization.
[INFO] [1783869720.087646972, 792.998000000]: Footprint model 'polygon' loaded for trajectory optimization.
[INFO] [1783869720.684326053, 793.596000000]: Footprint model 'polygon' loaded for trajectory optimization.
[INFO] [1783869721.338172738, 794.248000000]: Footprint model 'polygon' loaded for trajectory optimization.
[INFO] [1783869721.889657762, 794.798000000]: Footprint model 'polygon' loaded for trajectory optimization.
[INFO] [1783869722.490187975, 795.396000000]: Footprint model 'polygon' loaded for trajectory optimization.
[INFO] [1783869723.138377612, 796.044000000]: Footprint model 'polygon' loaded for trajectory optimization.
[INFO] [1783869725.180993022, 798.084000000]: GOAL Reached!
[INFO] [1783869725.328963931, 798.232000000]: Footprint model 'polygon' loaded for trajectory optimization.
[INFO] [1783869726.186212821, 799.086000000]: Footprint model 'polygon' loaded for trajectory optimization.
[INFO] [1783869726.881615579, 799.778000000]: Footprint model 'polygon' loaded for trajectory optimization.
[INFO] [1783869727.913779627, 800.810000000]: Footprint model 'polygon' loaded for trajectory optimization.
[INFO] [1783869728.853319068, 801.748000000]: Footprint model 'polygon' loaded for trajectory optimization.
[INFO] [1783869729.453571238, 802.346000000]: Footprint model 'polygon' loaded for trajectory optimization.
[INFO] [1783869730.052635647, 802.944000000]: Footprint model 'polygon' loaded for trajectory optimization.
[INFO] [1783869730.603891969, 803.496000000]: Footprint model 'polygon' loaded for trajectory optimization.
[INFO] [1783869731.201798792, 804.092000000]: Footprint model 'polygon' loaded for trajectory optimization.
[INFO] [1783869731.855397509, 804.746000000]: Footprint model 'polygon' loaded for trajectory optimization.
[INFO] [1783869732.453811469, 805.342000000]: Footprint model 'polygon' loaded for trajectory optimization.
[INFO] [1783869733.005079827, 805.894000000]: Footprint model 'polygon' loaded for trajectory optimization.
[INFO] [1783869734.895957800, 807.782000000]: GOAL Reached!
[INFO] [1783869735.033691100, 807.920000000]: Footprint model 'polygon' loaded for trajectory optimization.
[INFO] [1783869735.904439882, 808.788000000]: Footprint model 'polygon' loaded for trajectory optimization.
[INFO] [1783869736.699968645, 809.580000000]: Footprint model 'polygon' loaded for trajectory optimization.
[INFO] [1783869737.738867224, 810.618000000]: Footprint model 'polygon' loaded for trajectory optimization.
[INFO] [1783869738.710205865, 811.586000000]: Footprint model 'polygon' loaded for trajectory optimization.
[INFO] [1783869739.401122702, 812.280000000]: Footprint model 'polygon' loaded for trajectory optimization.
[INFO] [1783869740.099215711, 812.976000000]: Footprint model 'polygon' loaded for trajectory optimization.
[INFO] [1783869740.697875688, 813.574000000]: Footprint model 'polygon' loaded for trajectory optimization.
[INFO] [1783869741.251380766, 814.126000000]: Footprint model 'polygon' loaded for trajectory optimization.
[INFO] [1783869741.902287448, 814.774000000]: Footprint model 'polygon' loaded for trajectory optimization.
[INFO] [1783869742.452717135, 815.324000000]: Footprint model 'polygon' loaded for trajectory optimization.
[INFO] [1783869743.104424242, 815.974000000]: Footprint model 'polygon' loaded for trajectory optimization.
[INFO] [1783869744.942255851, 817.812000000]: GOAL Reached!
[INFO] [1783869745.071431297, 817.940000000]: Footprint model 'polygon' loaded for trajectory optimization.
[INFO] [1783869745.941955476, 818.808000000]: Footprint model 'polygon' loaded for trajectory optimization.
[INFO] [1783869746.637692304, 819.502000000]: Footprint model 'polygon' loaded for trajectory optimization.
[INFO] [1783869747.697557752, 820.560000000]: Footprint model 'polygon' loaded for trajectory optimization.
[INFO] [1783869748.648105527, 821.508000000]: Footprint model 'polygon' loaded for trajectory optimization.
[INFO] [1783869749.190670132, 822.048000000]: Footprint model 'polygon' loaded for trajectory optimization.
[INFO] [1783869749.793447669, 822.650000000]: Footprint model 'polygon' loaded for trajectory optimization.
[INFO] [1783869750.438906182, 823.294000000]: Footprint model 'polygon' loaded for trajectory optimization.
[INFO] [1783869750.992044878, 823.848000000]: Footprint model 'polygon' loaded for trajectory optimization.
[INFO] [1783869751.641593906, 824.498000000]: Footprint model 'polygon' loaded for trajectory optimization.
[INFO] [1783869752.241544486, 825.096000000]: Footprint model 'polygon' loaded for trajectory optimization.
[INFO] [1783869752.839994198, 825.694000000]: Footprint model 'polygon' loaded for trajectory optimization.
[INFO] [1783869753.394368032, 826.244000000]: Footprint model 'polygon' loaded for trajectory optimization.
[INFO] [1783869753.995242298, 826.844000000]: Footprint model 'polygon' loaded for trajectory optimization.
[INFO] [1783869755.687918043, 828.534000000]: GOAL Reached!
[INFO] [1783869755.832831531, 828.678000000]: Footprint model 'polygon' loaded for trajectory optimization.
[INFO] [1783869756.702031808, 829.546000000]: Footprint model 'polygon' loaded for trajectory optimization.
[INFO] [1783869757.383299624, 830.230000000]: Footprint model 'polygon' loaded for trajectory optimization.
[INFO] [1783869758.413019997, 831.256000000]: Footprint model 'polygon' loaded for trajectory optimization.
[INFO] [1783869759.368163159, 832.208000000]: Footprint model 'polygon' loaded for trajectory optimization.
[INFO] [1783869759.915338828, 832.754000000]: Footprint model 'polygon' loaded for trajectory optimization.
[INFO] [1783869760.562609637, 833.402000000]: Footprint model 'polygon' loaded for trajectory optimization.
[INFO] [1783869761.166800381, 834.004000000]: Footprint model 'polygon' loaded for trajectory optimization.
[INFO] [1783869761.715756644, 834.552000000]: Footprint model 'polygon' loaded for trajectory optimization.
[INFO] [1783869762.365140331, 835.202000000]: Footprint model 'polygon' loaded for trajectory optimization.
[INFO] [1783869762.964608940, 835.798000000]: Footprint model 'polygon' loaded for trajectory optimization.
[INFO] [1783869763.568059634, 836.400000000]: Footprint model 'polygon' loaded for trajectory optimization.
[INFO] [1783869765.409203195, 838.238000000]: GOAL Reached!
[INFO] [1783869765.553202431, 838.382000000]: Footprint model 'polygon' loaded for trajectory optimization.
[INFO] [1783869766.439574167, 839.266000000]: Footprint model 'polygon' loaded for trajectory optimization.
[INFO] [1783869767.119524882, 839.946000000]: Footprint model 'polygon' loaded for trajectory optimization.
[INFO] [1783869768.168283931, 840.994000000]: Footprint model 'polygon' loaded for trajectory optimization.
[INFO] [1783869769.125398397, 841.948000000]: Footprint model 'polygon' loaded for trajectory optimization.
[INFO] [1783869769.672045614, 842.492000000]: Footprint model 'polygon' loaded for trajectory optimization.
[INFO] [1783869770.273385326, 843.094000000]: Footprint model 'polygon' loaded for trajectory optimization.
[INFO] [1783869770.873808854, 843.694000000]: Footprint model 'polygon' loaded for trajectory optimization.
[INFO] [1783869771.473277051, 844.292000000]: Footprint model 'polygon' loaded for trajectory optimization.
[INFO] [1783869772.123779288, 844.940000000]: Footprint model 'polygon' loaded for trajectory optimization.
[INFO] [1783869772.668631478, 845.488000000]: Footprint model 'polygon' loaded for trajectory optimization.
[INFO] [1783869773.274825384, 846.088000000]: Footprint model 'polygon' loaded for trajectory optimization.
[INFO] [1783869775.166935632, 847.978000000]: GOAL Reached!
[INFO] [1783869775.308833816, 848.120000000]: Footprint model 'polygon' loaded for trajectory optimization.
[INFO] [1783869776.176628064, 848.986000000]: Footprint model 'polygon' loaded for trajectory optimization.
[INFO] [1783869776.870460602, 849.678000000]: Footprint model 'polygon' loaded for trajectory optimization.
[INFO] [1783869777.922176279, 850.728000000]: Footprint model 'polygon' loaded for trajectory optimization.
[INFO] [1783869778.843467514, 851.648000000]: Footprint model 'polygon' loaded for trajectory optimization.
[INFO] [1783869779.394889828, 852.198000000]: Footprint model 'polygon' loaded for trajectory optimization.
[INFO] [1783869780.041687801, 852.844000000]: Footprint model 'polygon' loaded for trajectory optimization.
[INFO] [1783869780.643480651, 853.444000000]: Footprint model 'polygon' loaded for trajectory optimization.
[INFO] [1783869781.247810878, 854.046000000]: Footprint model 'polygon' loaded for trajectory optimization.
[INFO] [1783869781.795036875, 854.594000000]: Footprint model 'polygon' loaded for trajectory optimization.
[INFO] [1783869782.394610222, 855.192000000]: Footprint model 'polygon' loaded for trajectory optimization.
[INFO] [1783869783.045715558, 855.842000000]: Footprint model 'polygon' loaded for trajectory optimization.
[INFO] [1783869784.989485611, 857.782000000]: GOAL Reached!
[INFO] [1783869785.143443762, 857.936000000]: Footprint model 'polygon' loaded for trajectory optimization.
[INFO] [1783869786.036260241, 858.828000000]: Footprint model 'polygon' loaded for trajectory optimization.
[INFO] [1783869786.811351867, 859.600000000]: Footprint model 'polygon' loaded for trajectory optimization.
[INFO] [1783869787.859483537, 860.648000000]: Footprint model 'polygon' loaded for trajectory optimization.
[INFO] [1783869788.822056328, 861.606000000]: Footprint model 'polygon' loaded for trajectory optimization.
[INFO] [1783869789.512045543, 862.296000000]: Footprint model 'polygon' loaded for trajectory optimization.
[INFO] [1783869790.063111758, 862.844000000]: Footprint model 'polygon' loaded for trajectory optimization.
[INFO] [1783869790.710144354, 863.492000000]: Footprint model 'polygon' loaded for trajectory optimization.
[INFO] [1783869791.308840445, 864.088000000]: Footprint model 'polygon' loaded for trajectory optimization.
[INFO] [1783869791.865123243, 864.644000000]: Footprint model 'polygon' loaded for trajectory optimization.
[INFO] [1783869792.514592047, 865.292000000]: Footprint model 'polygon' loaded for trajectory optimization.
[INFO] [1783869793.116548736, 865.892000000]: Footprint model 'polygon' loaded for trajectory optimization.
[INFO] [1783869794.857531112, 867.630000000]: GOAL Reached!
[INFO] [1783869795.016293683, 867.790000000]: Footprint model 'polygon' loaded for trajectory optimization.
[INFO] [1783869795.896370418, 868.668000000]: Footprint model 'polygon' loaded for trajectory optimization.
[INFO] [1783869796.575141912, 869.344000000]: Footprint model 'polygon' loaded for trajectory optimization.
[INFO] [1783869797.632622216, 870.400000000]: Footprint model 'polygon' loaded for trajectory optimization.
[INFO] [1783869798.578710696, 871.346000000]: Footprint model 'polygon' loaded for trajectory optimization.
[INFO] [1783869799.131725423, 871.896000000]: Footprint model 'polygon' loaded for trajectory optimization.
[INFO] [1783869799.731145922, 872.494000000]: Footprint model 'polygon' loaded for trajectory optimization.
[INFO] [1783869800.332563635, 873.094000000]: Footprint model 'polygon' loaded for trajectory optimization.
[[WARN] [1783869543.153658, 616.376000]: training environment stop requested: safety adapter requested emergency stop
[WARN] [1783869544.197672, 617.422000]: training environment stop requested: safety adapter requested emergency stop
[WARN] [1783869551.883040, 625.092000]: training environment stop requested: safety adapter requested emergency stop
[WARN] [1783869553.545158, 626.752000]: training environment stop requested: safety adapter requested emergency stop
[WARN] [1783869561.285080, 634.478000]: training environment stop requested: safety adapter requested emergency stop
[WARN] [1783869562.410026, 635.602000]: training environment stop requested: safety adapter requested emergency stop
[WARN] [1783869570.169214, 643.348000]: training environment stop requested: safety adapter requested emergency stop
[WARN] [1783869571.905946, 645.082000]: training environment stop requested: safety adapter requested emergency stop
[WARN] [1783869579.696107, 652.856000]: training environment stop requested: safety adapter requested emergency stop
[WARN] [1783869580.824259, 653.982000]: training environment stop requested: safety adapter requested emergency stop
[WARN] [1783869593.762326, 666.898000]: training environment stop requested: safety adapter requested emergency stop
[WARN] [1783869595.457781, 668.592000]: training environment stop requested: safety adapter requested emergency stop
[WARN] [1783869607.669534, 680.782000]: training environment stop requested: safety adapter requested emergency stop
[WARN] [1783869609.369193, 682.478000]: training environment stop requested: safety adapter requested emergency stop
[WARN] [1783869621.492150, 694.576000]: training environment stop requested: safety adapter requested emergency stop
[WARN] [1783869623.207597, 696.292000]: training environment stop requested: safety adapter requested emergency stop
[WARN] [1783869635.260652, 708.320000]: training environment stop requested: safety adapter requested emergency stop
[WARN] [1783869636.284930, 709.340000]: training environment stop requested: safety adapter requested emergency stop
[WARN] [1783869648.260448, 721.298000]: training environment stop requested: safety adapter requested emergency stop
[WARN] [1783869649.349452, 722.384000]: training environment stop requested: safety adapter requested emergency stop
[WARN] [1783869661.307789, 734.320000]: training environment stop requested: safety adapter requested emergency stop
[WARN] [1783869663.018490, 736.028000]: training environment stop requested: safety adapter requested emergency stop
[WARN] [1783869675.271125, 748.264000]: training environment stop requested: safety adapter requested emergency stop
[WARN] [1783869676.942763, 749.928000]: training environment stop requested: safety adapter requested emergency stop
[WARN] [1783869688.933116, 761.900000]: training environment stop requested: safety adapter requested emergency stop
[WARN] [1783869690.557706, 763.522000]: training environment stop requested: safety adapter requested emergency stop
[WARN] [1783869703.109192, 776.050000]: training environment stop requested: safety adapter requested emergency stop
[WARN] [1783869704.222512, 777.162000]: training environment stop requested: safety adapter requested emergency stop
[WARN] [1783869716.111268, 789.028000]: training environment stop requested: safety adapter requested emergency stop
[WARN] [1783869717.817092, 790.732000]: training environment stop requested: safety adapter requested emergency stop
[WARN] [1783869726.738349, 799.636000]: training environment stop requested: safety adapter requested emergency stop
[WARN] [1783869727.826973, 800.722000]: training environment stop requested: safety adapter requested emergency stop
[WARN] [1783869736.601238, 809.482000]: training environment stop requested: safety adapter requested emergency stop
[WARN] [1783869737.663959, 810.542000]: training environment stop requested: safety adapter requested emergency stop
[WARN] [1783869746.515548, 819.380000]: training environment stop requested: safety adapter requested emergency stop
[WARN] [1783869747.619208, 820.480000]: training environment stop requested: safety adapter requested emergency stop
[WARN] [1783869757.244265, 830.090000]: training environment stop requested: safety adapter requested emergency stop
[WARN] [1783869758.341115, 831.182000]: training environment stop requested: safety adapter requested emergency stop
[WARN] [1783869766.974469, 839.802000]: training environment stop requested: safety adapter requested emergency stop
[WARN] [1783869768.099330, 840.922000]: training environment stop requested: safety adapter requested emergency stop
[WARN] [1783869776.729935, 849.538000]: training environment stop requested: safety adapter requested emergency stop
[WARN] [1783869777.856580, 850.662000]: training environment stop requested: safety adapter requested emergency stop
[WARN] [1783869786.714733, 859.502000]: training environment stop requested: safety adapter requested emergency stop
[WARN] [1783869787.797416, 860.584000]: training environment stop requested: safety adapter requested emergency stop
[WARN] [1783869796.477980, 869.248000]: training environment stop requested: safety adapter requested emergency stop
[WARN] [1783869797.554156, 870.322000]: training environment stop requested: safety adapter requested emergency stop
[WARN] [1783869806.177410, 878.930000]: training environment stop requested: safety adapter requested emergency stop
[WARN] [1783869807.292749, 880.042000]: training environment stop requested: safety adapter requested emergency stop
[WARN] [1783869815.960115, 888.700000]: training environment stop requested: safety adapter requested emergency stop
[WARN] [1783869817.028033, 889.764000]: training environment stop requested: safety adapter requested emergency stop
[WARN] [1783869818.216280, 890.952000]: training environment stop requested: adapter_close
schema_version: '1.0'
task: T11
status: passed
run_id: t11_direct_theta_fullsafety_seed104
algorithm: RL-TEB-Direct-Theta
training_seed: 104
safety_mode: FullSafety
episode_count: 226
step_count: 794
failure_count: 51
run_validation:
  valid: true
  run_id: t11_direct_theta_fullsafety_seed104
  episode_count: 226
  step_count: 794
  verified_checksum_count: 4
selected_checkpoint: /home/robot/robot_ws_base_rl/artifacts/t11/runs/t11_direct_theta_fullsafety_seed104/checkpoints/step_000400
passed: true
acceptance_override: false

INFO] [1783869800.931435832, 873.694000000]: Footprint model 'polygon' loaded for trajectory optimization.
[INFO] [1783869801.582429826, 874.342000000]: Footprint model 'polygon' loaded for trajectory optimization.
[INFO] [1783869802.130957721, 874.892000000]: Footprint model 'polygon' loaded for trajectory optimization.
[INFO] [1783869802.784072373, 875.542000000]: Footprint model 'polygon' loaded for trajectory optimization.
[INFO] [1783869804.622377020, 877.380000000]: GOAL Reached!
[INFO] [1783869804.769404211, 877.526000000]: Footprint model 'polygon' loaded for trajectory optimization.
[INFO] [1783869805.633683048, 878.388000000]: Footprint model 'polygon' loaded for trajectory optimization.
[INFO] [1783869806.319381756, 879.072000000]: Footprint model 'polygon' loaded for trajectory optimization.
[INFO] [1783869807.360180802, 880.110000000]: Footprint model 'polygon' loaded for trajectory optimization.
[INFO] [1783869808.299471418, 881.048000000]: Footprint model 'polygon' loaded for trajectory optimization.
[INFO] [1783869808.950038349, 881.700000000]: Footprint model 'polygon' loaded for trajectory optimization.
[INFO] [1783869809.600840438, 882.350000000]: Footprint model 'polygon' loaded for trajectory optimization.
[INFO] [1783869810.150436497, 882.896000000]: Footprint model 'polygon' loaded for trajectory optimization.
[INFO] [1783869810.802100838, 883.546000000]: Footprint model 'polygon' loaded for trajectory optimization.
[INFO] [1783869811.501666527, 884.246000000]: Footprint model 'polygon' loaded for trajectory optimization.
[INFO] [1783869812.100593197, 884.844000000]: Footprint model 'polygon' loaded for trajectory optimization.
[INFO] [1783869812.699106897, 885.442000000]: Footprint model 'polygon' loaded for trajectory optimization.
[INFO] [1783869814.344290329, 887.084000000]: GOAL Reached!
[INFO] [1783869814.498590552, 887.240000000]: Footprint model 'polygon' loaded for trajectory optimization.
[INFO] [1783869815.365034685, 888.106000000]: Footprint model 'polygon' loaded for trajectory optimization.
[INFO] [1783869816.054049307, 888.794000000]: Footprint model 'polygon' loaded for trajectory optimization.
[INFO] [1783869817.107078023, 889.842000000]: Footprint model 'polygon' loaded for trajectory optimization.
[INFO] [1783869818.267561233, 891.004000000]: Footprint model 'polygon' loaded for trajectory optimization.
[INFO] [1783869818.301777132, 891.038000000]: Footprint model 'polygon' loaded for trajectory optimization.
[INFO] [1783868924.906369898]: waitForService: Service [/gazebo/set_physics_properties] has not been advertised, waiting...
[INFO] [1783868924.907195549]: Finished loading Gazebo ROS API Plugin.
[INFO] [1783868925.361854368, 0.010000000]: waitForService: Service [/gazebo/set_physics_properties] is now available.
[INFO] [1783868925.590824430, 0.178000000]: <initialOrientationAsReference> is unset, using default value of false to comply with REP 145 (world as orientation reference)
[INFO] [1783868925.590860196, 0.178000000]: <robotNamespace> set to: //
[INFO] [1783868925.590867656, 0.178000000]: <topicName> set to: imu/data
[INFO] [1783868925.590872926, 0.178000000]: <frameName> set to: imu_link
[INFO] [1783868925.590891965, 0.178000000]: <updateRateHZ> set to: 50
[INFO] [1783868925.590898781, 0.178000000]: <gaussianNoise> set to: 0
[INFO] [1783868925.590915967, 0.178000000]: <xyzOffset> set to: 0 0 0
[INFO] [1783868925.590931145, 0.178000000]: <rpyOffset> set to: 0 -0 0
[INFO] [1783868925.705334966, 0.178000000]: Physics dynamic reconfigure ready.
[INFO] [1783868925.705730096, 0.178000000]: Laser Plugin: Using the 'robotNamespace' param: '/'
[INFO] [1783868925.705749032, 0.178000000]: Starting Laser Plugin (ns = /)
[INFO] [1783868925.706509824, 0.178000000]: Laser Plugin (ns = /)  <tf_prefix_>, set to ""
[INFO] [1783868925.821319602, 0.178000000]: M2 simulation-only Ackermann interface loaded; cmd_angle_instead_rotvel=false
[31mWARNING: disk usage in log directory [/home/robot/.ros/log] is over 1GB.
It's recommended that you use the 'rosclean' command.[0m
WARNING: Package name "gazebo_ros_2Dmap_plugin" does not follow the naming conventions. It should start with a lower case letter and only contain lower case letters, digits, underscores, and dashes.
WARNING: Package name "gazebo_ros_2Dmap_plugin" does not follow the naming conventions. It should start with a lower case letter and only contain lower case letters, digits, underscores, and dashes.
[31m================================================================================REQUIRED process [t11_formal_run-6] has died!
process has finished cleanly
log file: /home/robot/.ros/log/92c98f68-7e03-11f1-91bc-3382cc4c3ed1/t11_formal_run-6*.log
Initiating shutdown!
================================================================================[0m
... logging to /home/robot/.ros/log/92c98f68-7e03-11f1-91bc-3382cc4c3ed1/roslaunch-WP-266858.log
Checking log directory for disk usage. This may take a while.
Press Ctrl-C to interrupt
]2;/home/robot/robot_ws_base_rl/src/tools/thesis_experiment/launch/t11_formal_run.launch
[1mstarted roslaunch server http://WP:37221/[0m

SUMMARY
========

PARAMETERS
 * /gazebo/enable_ros_network: True
 * /m2_gazebo/simulation_only: True
 * /m2_robot_state_publisher/publish_frequency: 30.0
 * /move_base/TebLocalPlannerROS/acc_lim_theta: 0.8
 * /move_base/TebLocalPlannerROS/acc_lim_x: 0.8
 * /move_base/TebLocalPlannerROS/allow_init_with_backwards_motion: True
 * /move_base/TebLocalPlannerROS/cmd_angle_instead_rotvel: False
 * /move_base/TebLocalPlannerROS/costmap_obstacles_behind_robot_dist: 1.5
 * /move_base/TebLocalPlannerROS/dt_hysteresis: 0.1
 * /move_base/TebLocalPlannerROS/dt_ref: 0.3
 * /move_base/TebLocalPlannerROS/enable_homotopy_class_planning: False
 * /move_base/TebLocalPlannerROS/enable_multithreading: True
 * /move_base/TebLocalPlannerROS/feasibility_check_no_poses: 5
 * /move_base/TebLocalPlannerROS/footprint_model/type: polygon
 * /move_base/TebLocalPlannerROS/footprint_model/vertices: [[0.52, 0.35], [0...
 * /move_base/TebLocalPlannerROS/global_plan_overwrite_orientation: True
 * /move_base/TebLocalPlannerROS/include_costmap_obstacles: True
 * /move_base/TebLocalPlannerROS/inflation_dist: 0.55
 * /move_base/TebLocalPlannerROS/map_frame: odom
 * /move_base/TebLocalPlannerROS/max_global_plan_lookahead_dist: 8.0
 * /move_base/TebLocalPlannerROS/max_number_classes: 4
 * /move_base/TebLocalPlannerROS/max_samples: 500
 * /move_base/TebLocalPlannerROS/max_vel_theta: 1.0
 * /move_base/TebLocalPlannerROS/max_vel_x: 1.2
 * /move_base/TebLocalPlannerROS/max_vel_x_backwards: 0.6
 * /move_base/TebLocalPlannerROS/max_vel_y: 0.0
 * /move_base/TebLocalPlannerROS/min_obstacle_dist: 0.25
 * /move_base/TebLocalPlannerROS/min_turning_radius: 1.2
 * /move_base/TebLocalPlannerROS/obstacle_poses_affected: 15
 * /move_base/TebLocalPlannerROS/odom_topic: /odom
 * /move_base/TebLocalPlannerROS/teb_autosize: True
 * /move_base/TebLocalPlannerROS/weight_acc_lim_theta: 1.0
 * /move_base/TebLocalPlannerROS/weight_acc_lim_x: 1.0
 * /move_base/TebLocalPlannerROS/weight_adapt_factor: 2.0
 * /move_base/TebLocalPlannerROS/weight_inflation: 0.1
 * /move_base/TebLocalPlannerROS/weight_kinematics_forward_drive: 10.0
 * /move_base/TebLocalPlannerROS/weight_kinematics_nh: 1000.0
 * /move_base/TebLocalPlannerROS/weight_kinematics_turning_radius: 10.0
 * /move_base/TebLocalPlannerROS/weight_max_vel_theta: 1.0
 * /move_base/TebLocalPlannerROS/weight_max_vel_x: 2.0
 * /move_base/TebLocalPlannerROS/weight_obstacle: 50.0
 * /move_base/TebLocalPlannerROS/weight_optimaltime: 1.0
 * /move_base/TebLocalPlannerROS/weight_viapoint: 1.0
 * /move_base/TebLocalPlannerROS/wheelbase: 0.65
 * /move_base/base_global_planner: navfn/NavfnROS
 * /move_base/base_local_planner: teb_local_planner...
 * /move_base/clearing_rotation_allowed: False
 * /move_base/controller_frequency: 10.0
 * /move_base/controller_patience: 5.0
 * /move_base/global_costmap/footprint: [[0.52, 0.35], [0...
 * /move_base/global_costmap/footprint_padding: 0.05
 * /move_base/global_costmap/global_frame: odom
 * /move_base/global_costmap/height: 30.0
 * /move_base/global_costmap/inflation_layer/cost_scaling_factor: 4.0
 * /move_base/global_costmap/inflation_layer/enabled: True
 * /move_base/global_costmap/inflation_layer/inflation_radius: 0.55
 * /move_base/global_costmap/obstacle_layer/enabled: True
 * /move_base/global_costmap/obstacle_layer/observation_sources: scan
 * /move_base/global_costmap/obstacle_layer/scan/clearing: True
 * /move_base/global_costmap/obstacle_layer/scan/data_type: LaserScan
 * /move_base/global_costmap/obstacle_layer/scan/inf_is_valid: True
 * /move_base/global_costmap/obstacle_layer/scan/marking: True
 * /move_base/global_costmap/obstacle_layer/scan/obstacle_range: 12.0
 * /move_base/global_costmap/obstacle_layer/scan/raytrace_range: 15.0
 * /move_base/global_costmap/obstacle_layer/scan/sensor_frame: laser_link
 * /move_base/global_costmap/obstacle_layer/scan/topic: /scan
 * /move_base/global_costmap/plugins: [{'name': 'obstac...
 * /move_base/global_costmap/publish_frequency: 2.0
 * /move_base/global_costmap/resolution: 0.05
 * /move_base/global_costmap/robot_base_frame: base_link
 * /move_base/global_costmap/rolling_window: True
 * /move_base/global_costmap/transform_tolerance: 0.3
 * /move_base/global_costmap/update_frequency: 5.0
 * /move_base/global_costmap/width: 30.0
 * /move_base/local_costmap/footprint: [[0.52, 0.35], [0...
 * /move_base/local_costmap/footprint_padding: 0.05
 * /move_base/local_costmap/global_frame: odom
 * /move_base/local_costmap/height: 12.0
 * /move_base/local_costmap/inflation_layer/cost_scaling_factor: 4.0
 * /move_base/local_costmap/inflation_layer/enabled: True
 * /move_base/local_costmap/inflation_layer/inflation_radius: 0.55
 * /move_base/local_costmap/obstacle_layer/enabled: True
 * /move_base/local_costmap/obstacle_layer/observation_sources: scan
 * /move_base/local_costmap/obstacle_layer/scan/clearing: True
 * /move_base/local_costmap/obstacle_layer/scan/data_type: LaserScan
 * /move_base/local_costmap/obstacle_layer/scan/inf_is_valid: True
 * /move_base/local_costmap/obstacle_layer/scan/marking: True
 * /move_base/local_costmap/obstacle_layer/scan/obstacle_range: 12.0
 * /move_base/local_costmap/obstacle_layer/scan/raytrace_range: 15.0
 * /move_base/local_costmap/obstacle_layer/scan/sensor_frame: laser_link
 * /move_base/local_costmap/obstacle_layer/scan/topic: /scan
 * /move_base/local_costmap/plugins: [{'name': 'obstac...
 * /move_base/local_costmap/publish_frequency: 5.0
 * /move_base/local_costmap/resolution: 0.05
 * /move_base/local_costmap/robot_base_frame: base_link
 * /move_base/local_costmap/rolling_window: True
 * /move_base/local_costmap/transform_tolerance: 0.3
 * /move_base/local_costmap/update_frequency: 10.0
 * /move_base/local_costmap/width: 12.0
 * /move_base/oscillation_distance: 0.2
 * /move_base/oscillation_timeout: 10.0
 * /move_base/planner_frequency: 1.0
 * /move_base/planner_patience: 5.0
 * /move_base/recovery_behavior_enabled: False
 * /move_base/shutdown_costmaps: False
 * /robot_description: <?xml version="1....
 * /rosdistro: noetic
 * /rosversion: 1.17.4
 * /t11_formal_run/acceptance_eval_seed_limit: 0
 * /t11_formal_run/acceptance_timesteps: 0
 * /t11_formal_run/algorithm: RL-TEB-Direct-Theta
 * /t11_formal_run/checkpoint: 
 * /t11_formal_run/config: /home/robot/robot...
 * /t11_formal_run/output_dir: /home/robot/robot...
 * /t11_formal_run/phase: train
 * /t11_formal_run/run_id: t11_direct_theta_...
 * /t11_formal_run/safety_mode: FullSafety
 * /t11_formal_run/training_seed: 104
 * /use_sim_time: True

NODES
  /
    gazebo (gazebo_ros/gzserver)
    m2_robot_state_publisher (robot_state_publisher/robot_state_publisher)
    move_base (move_base/move_base)
    spawn_m2 (gazebo_ros/spawn_model)
    t11_formal_run (thesis_experiment/t11_formal_run.py)

auto-starting new master
[1mprocess[master]: started with pid [266914][0m
[1mROS_MASTER_URI=http://localhost:11311[0m
]2;/home/robot/robot_ws_base_rl/src/tools/thesis_experiment/launch/t11_formal_run.launch http://localhost:11311
[1msetting /run_id to 92c98f68-7e03-11f1-91bc-3382cc4c3ed1[0m
[1mprocess[rosout-1]: started with pid [266947][0m
started core service [/rosout]
[1mprocess[gazebo-2]: started with pid [266954][0m
[1mprocess[spawn_m2-3]: started with pid [266957][0m
[1mprocess[m2_robot_state_publisher-4]: started with pid [266960][0m
[1mprocess[move_base-5]: started with pid [266961][0m
[1mprocess[t11_formal_run-6]: started with pid [266962][0m
[1m[spawn_m2-3] process has finished cleanly
log file: /home/robot/.ros/log/92c98f68-7e03-11f1-91bc-3382cc4c3ed1/spawn_m2-3*.log[0m
[t11_formal_run-6] killing on exit
[move_base-5] killing on exit
[m2_robot_state_publisher-4] killing on exit
[gazebo-2] killing on exit
[rosout-1] killing on exit
[master] killing on exit
shutting down processing monitor...
... shutting down processing monitor complete
[1mdone[0m
