WARNING: Package name "gazebo_ros_2Dmap_plugin" does not follow the naming conventions. It should start with a lower case letter and only contain lower case letters, digits, underscores, and dashes.
xacro: in-order processing became default in ROS Melodic. You can drop the option.
WARNING: Package name "gazebo_ros_2Dmap_plugin" does not follow the naming conventions. It should start with a lower case letter and only contain lower case letters, digits, underscores, and dashes.
WARNING: Package name "gazebo_ros_2Dmap_plugin" does not follow the naming conventions. It should start with a lower case letter and only contain lower case letters, digits, underscores, and dashes.
[INFO] [1783866436.499408, 0.000000]: Loading model XML from ros parameter robot_description
[INFO] [1783866436.502403, 0.000000]: Waiting for service /gazebo/spawn_urdf_model
[INFO] [1783866437.406872, 0.158000]: Calling service /gazebo/spawn_urdf_model
[INFO] [1783866437.591297, 0.180000]: Spawn status: SpawnModel: Successfully spawned entity
[ERROR] [1783866455.649783250, 18.082000000]: TebOptimalPlanner::getVelocityCommand() - timediff<=0 is invalid!
[WARN] [1783866455.649957378, 18.082000000]: TebLocalPlannerROS: velocity command invalid. Resetting planner...
[INFO] [1783866437.915309164, 0.380000000]: global_costmap: Using plugin "obstacle_layer"
[INFO] [1783866437.917726938, 0.382000000]:     Subscribed to Topics: scan
[INFO] [1783866437.922449995, 0.388000000]: global_costmap: Using plugin "inflation_layer"
[INFO] [1783866437.934306099, 0.400000000]: local_costmap: Using plugin "obstacle_layer"
[INFO] [1783866437.935081004, 0.400000000]:     Subscribed to Topics: scan
[INFO] [1783866437.939285531, 0.404000000]: local_costmap: Using plugin "inflation_layer"
[INFO] [1783866437.949449757, 0.414000000]: Created local_planner teb_local_planner/TebLocalPlannerROS
[INFO] [1783866437.966049422, 0.432000000]: Footprint model 'polygon' loaded for trajectory optimization.
[INFO] [1783866437.966236097, 0.432000000]: Parallel planning in distinctive topologies disabled.
[INFO] [1783866437.966253879, 0.432000000]: No costmap conversion plugin specified. All occupied costmap cells are treaten as point obstacles.
[INFO] [1783866437.989945477, 0.454000000]: Footprint model 'polygon' loaded for trajectory optimization.
[INFO] [1783866438.160460250, 0.622000000]: Recovery behavior will clear layer 'obstacles'
[INFO] [1783866438.161277468, 0.624000000]: Recovery behavior will clear layer 'obstacles'
[INFO] [1783866438.170623971, 0.634000000]: odom received!
[INFO] [1783866439.911106043, 2.370000000]: Footprint model 'polygon' loaded for trajectory optimization.
[INFO] [1783866440.449858121, 2.908000000]: Footprint model 'polygon' loaded for trajectory optimization.
[INFO] [1783866441.051259085, 3.508000000]: Footprint model 'polygon' loaded for trajectory optimization.
[INFO] [1783866441.651064980, 4.108000000]: Footprint model 'polygon' loaded for trajectory optimization.
[INFO] [1783866443.441427268, 5.894000000]: GOAL Reached!
[INFO] [1783866443.588740300, 6.042000000]: Footprint model 'polygon' loaded for trajectory optimization.
[INFO] [1783866444.461124768, 6.912000000]: Footprint model 'polygon' loaded for trajectory optimization.
[INFO] [1783866445.047064077, 7.498000000]: Footprint model 'polygon' loaded for trajectory optimization.
[INFO] [1783866445.597293526, 8.046000000]: Footprint model 'polygon' loaded for trajectory optimization.
[INFO] [1783866446.249786264, 8.696000000]: Footprint model 'polygon' loaded for trajectory optimization.
[INFO] [1783866446.797736993, 9.246000000]: Footprint model 'polygon' loaded for trajectory optimization.
[INFO] [1783866447.447125632, 9.894000000]: Footprint model 'polygon' loaded for trajectory optimization.
[INFO] [1783866448.791474127, 11.234000000]: GOAL Reached!
[INFO] [1783866448.932132555, 11.376000000]: Footprint model 'polygon' loaded for trajectory optimization.
[INFO] [1783866449.806866507, 12.250000000]: Footprint model 'polygon' loaded for trajectory optimization.
[INFO] [1783866450.354346564, 12.796000000]: Footprint model 'polygon' loaded for trajectory optimization.
[INFO] [1783866450.953797803, 13.398000000]: Footprint model 'polygon' loaded for trajectory optimization.
[INFO] [1783866451.552829722, 13.994000000]: Footprint model 'polygon' loaded for trajectory optimization.
[INFO] [1783866452.157102767, 14.596000000]: Footprint model 'polygon' loaded for trajectory optimization.
[INFO] [1783866452.760725478, 15.196000000]: Footprint model 'polygon' loaded for trajectory optimization.
[INFO] [1783866453.409102474, 15.846000000]: Footprint model 'polygon' loaded for trajectory optimization.
[INFO] [1783866453.961643592, 16.396000000]: Footprint model 'polygon' loaded for trajectory optimization.
[INFO] [1783866454.609839639, 17.046000000]: Footprint model 'polygon' loaded for trajectory optimization.
[INFO] [1783866455.159248975, 17.594000000]: Footprint model 'polygon' loaded for trajectory optimization.
[INFO] [1783866458.447423146, 20.880000000]: GOAL Reached!
[INFO] [1783866458.586963627, 21.018000000]: Footprint model 'polygon' loaded for trajectory optimization.
[INFO] [1783866459.463346062, 21.890000000]: Footprint model 'polygon' loaded for trajectory optimization.
[INFO] [1783866460.027387869, 22.452000000]: Footprint model 'polygon' loaded for trajectory optimization.
[INFO] [1783866460.621687153, 23.048000000]: Footprint model 'polygon' loaded for trajectory optimization.
[INFO] [1783866461.221976009, 23.648000000]: Footprint model 'polygon' loaded for trajectory optimization.
[INFO] [1783866461.867943435, 24.290000000]: Footprint model 'polygon' loaded for trajectory optimization.
[INFO] [1783866462.473010502, 24.894000000]: Footprint model 'polygon' loaded for trajectory optimization.
[INFO] [1783866463.023774208, 25.444000000]: Footprint model 'polygon' loaded for trajectory optimization.
[INFO] [1783866463.622118662, 26.042000000]: Footprint model 'polygon' loaded for trajectory optimization.
[INFO] [1783866464.269026881, 26.688000000]: Footprint model 'polygon' loaded for trajectory optimization.
[INFO] [1783866466.111418562, 28.526000000]: GOAL Reached!
[INFO] [1783866466.253979485, 28.670000000]: Footprint model 'polygon' loaded for trajectory optimization.
[INFO] [1783866467.118742633, 29.534000000]: Footprint model 'polygon' loaded for trajectory optimization.
[INFO] [1783866467.672232389, 30.084000000]: Footprint model 'polygon' loaded for trajectory optimization.
[INFO] [1783866468.268663662, 30.682000000]: Footprint model 'polygon' loaded for trajectory optimization.
[INFO] [1783866468.870607750, 31.282000000]: Footprint model 'polygon' loaded for trajectory optimization.
[INFO] [1783866470.659863078, 33.068000000]: GOAL Reached!
[INFO] [1783866470.817617549, 33.226000000]: Footprint model 'polygon' loaded for trajectory optimization.
[INFO] [1783866471.702431045, 34.108000000]: Footprint model 'polygon' loaded for trajectory optimization.
[INFO] [1783866472.249996276, 34.654000000]: Footprint model 'polygon' loaded for trajectory optimization.
[INFO] [1783866472.848037123, 35.252000000]: Footprint model 'polygon' loaded for trajectory optimization.
[INFO] [1783866473.448969103, 35.852000000]: Footprint model 'polygon' loaded for trajectory optimization.
[INFO] [1783866474.096649022, 36.500000000]: Footprint model 'polygon' loaded for trajectory optimization.
[INFO] [1783866474.697035307, 37.098000000]: Footprint model 'polygon' loaded for trajectory optimization.
[INFO] [1783866476.139592244, 38.538000000]: GOAL Reached!
[INFO] [1783866476.288719573, 38.686000000]: Footprint model 'polygon' loaded for trajectory optimization.
[INFO] [1783866477.152052085, 39.548000000]: Footprint model 'polygon' loaded for trajectory optimization.
[INFO] [1783866477.759188559, 40.156000000]: Footprint model 'polygon' loaded for trajectory optimization.
[INFO] [1783866478.311171893, 40.706000000]: Footprint model 'polygon' loaded for trajectory optimization.
[INFO] [1783866478.956290141, 41.350000000]: Footprint model 'polygon' loaded for trajectory optimization.
[INFO] [1783866479.511656332, 41.904000000]: Footprint model 'polygon' loaded for trajectory optimization.
[INFO] [1783866480.108680322, 42.502000000]: Footprint model 'polygon' loaded for trajectory optimization.
[INFO] [1783866480.759832947, 43.150000000]: Footprint model 'polygon' loaded for trajectory optimization.
[INFO] [1783866481.355634085, 43.746000000]: Footprint model 'polygon' loaded for trajectory optimization.
[INFO] [1783866481.957600309, 44.350000000]: Footprint model 'polygon' loaded for trajectory optimization.
[INFO] [1783866482.507416045, 44.898000000]: Footprint model 'polygon' loaded for trajectory optimization.
[INFO] [1783866484.497930039, 46.888000000]: GOAL Reached!
[INFO] [1783866484.633153492, 47.020000000]: Footprint model 'polygon' loaded for trajectory optimization.
[INFO] [1783866485.526112415, 47.912000000]: Footprint model 'polygon' loaded for trajectory optimization.
[INFO] [1783866486.106044898, 48.490000000]: Footprint model 'polygon' loaded for trajectory optimization.
[INFO] [1783866486.660946130, 49.046000000]: Footprint model 'polygon' loaded for trajectory optimization.
[INFO] [1783866487.266074763, 49.650000000]: Footprint model 'polygon' loaded for trajectory optimization.
[INFO] [1783866487.865257588, 50.246000000]: Footprint model 'polygon' loaded for trajectory optimization.
[INFO] [1783866488.508876602, 50.890000000]: Footprint model 'polygon' loaded for trajectory optimization.
[INFO] [1783866489.108649556, 51.488000000]: Footprint model 'polygon' loaded for trajectory optimization.
[INFO] [1783866489.714031526, 52.092000000]: Footprint model 'polygon' loaded for trajectory optimization.
[INFO] [1783866490.312472037, 52.688000000]: Footprint model 'polygon' loaded for trajectory optimization.
[INFO] [1783866491.951688938, 54.326000000]: GOAL Reached!
[INFO] [1783866492.092572282, 54.466000000]: Footprint model 'polygon' loaded for trajectory optimization.
[INFO] [1783866492.976572541, 55.348000000]: Footprint model 'polygon' loaded for trajectory optimization.
[INFO] [1783866493.563564916, 55.936000000]: Footprint model 'polygon' loaded for trajectory optimization.
[INFO] [1783866494.116617624, 56.486000000]: Footprint model 'polygon' loaded for trajectory optimization.
[INFO] [1783866494.766856192, 57.136000000]: Footprint model 'polygon' loaded for trajectory optimization.
[INFO] [1783866496.508018499, 58.874000000]: GOAL Reached!
[INFO] [1783866496.653057591, 59.018000000]: Footprint model 'polygon' loaded for trajectory optimization.
[INFO] [1783866497.525558674, 59.888000000]: Footprint model 'polygon' loaded for trajectory optimization.
[INFO] [1783866498.070553433, 60.432000000]: Footprint model 'polygon' loaded for trajectory optimization.
[INFO] [1783866498.671293445, 61.034000000]: Footprint model 'polygon' loaded for trajectory optimization.
[INFO] [1783866499.319217412, 61.682000000]: Footprint model 'polygon' loaded for trajectory optimization.
[INFO] [1783866499.869914760, 62.232000000]: Footprint model 'polygon' loaded for trajectory optimization.
[INFO] [1783866500.518268122, 62.878000000]: Footprint model 'polygon' loaded for trajectory optimization.
[INFO] [1783866501.958698016, 64.318000000]: GOAL Reached!
[INFO] [1783866502.072611388, 64.430000000]: Footprint model 'polygon' loaded for trajectory optimization.
[INFO] [1783866502.958540065, 65.312000000]: Footprint model 'polygon' loaded for trajectory optimization.
[INFO] [1783866503.492871672, 65.846000000]: Footprint model 'polygon' loaded for trajectory optimization.
[INFO] [1783866504.142500949, 66.494000000]: Footprint model 'polygon' loaded for trajectory optimization.
[INFO] [1783866504.731133235, 67.082000000]: Footprint model 'polygon' loaded for trajectory optimization.
[INFO] [1783866505.343109005, 67.692000000]: Footprint model 'polygon' loaded for trajectory optimization.
[INFO] [1783866505.897941180, 68.246000000]: Footprint model 'polygon' loaded for trajectory optimization.
[INFO] [1783866506.542777854, 68.890000000]: Footprint model 'polygon' loaded for trajectory optimization.
[INFO] [1783866507.095058438, 69.444000000]: Footprint model 'polygon' loaded for trajectory optimization.
[INFO] [1783866507.744244405, 70.090000000]: Footprint model 'polygon' loaded for trajectory optimization.
[INFO] [1783866508.296920786, 70.642000000]: Footprint model 'polygon' loaded for trajectory optimization.
[INFO] [1783866510.087879266, 72.428000000]: GOAL Reached!
[INFO] [1783866510.232445568, 72.572000000]: Footprint model 'polygon' loaded for trajectory optimization.
[INFO] [1783866511.107070159, 73.452000000]: Footprint model 'polygon' loaded for trajectory optimization.
[INFO] [1783866511.663234018, 74.004000000]: Footprint model 'polygon' loaded for trajectory optimization.
[INFO] [1783866512.311622094, 74.652000000]: Footprint model 'polygon' loaded for trajectory optimization.
[INFO] [1783866512.915465387, 75.252000000]: Footprint model 'polygon' loaded for trajectory optimization.
[INFO] [1783866513.512622132, 75.848000000]: Footprint model 'polygon' loaded for trajectory optimization.
[INFO] [1783866514.113852322, 76.448000000]: Footprint model 'polygon' loaded for trajectory optimization.
[INFO] [1783866514.712507904, 77.046000000]: Footprint model 'polygon' loaded for trajectory optimization.
[INFO] [1783866515.266516277, 77.598000000]: Footprint model 'polygon' loaded for trajectory optimization.
[INFO] [1783866515.918238809, 78.250000000]: Footprint model 'polygon' loaded for trajectory optimization.
[INFO] [1783866517.755896444, 80.084000000]: GOAL Reached!
[INFO] [1783866517.894308680, 80.222000000]: Footprint model 'polygon' loaded for trajectory optimization.
[INFO] [1783866518.763690775, 81.090000000]: Footprint model 'polygon' loaded for trajectory optimization.
[INFO] [1783866519.315852429, 81.640000000]: Footprint model 'polygon' loaded for trajectory optimization.
[INFO] [1783866519.915883346, 82.240000000]: Footprint model 'polygon' loaded for trajectory optimization.
[INFO] [1783866520.514930039, 82.838000000]: Footprint model 'polygon' loaded for trajectory optimization.
[INFO] [1783866522.403641719, 84.726000000]: GOAL Reached!
[INFO] [1783866522.552464882, 84.874000000]: Footprint model 'polygon' loaded for trajectory optimization.
[INFO] [1783866523.434743487, 85.752000000]: Footprint model 'polygon' loaded for trajectory optimization.
[INFO] [1783866523.975182408, 86.292000000]: Footprint model 'polygon' loaded for trajectory optimization.
[INFO] [1783866524.572073795, 86.892000000]: Footprint model 'polygon' loaded for trajectory optimization.
[INFO] [1783866525.223743457, 87.538000000]: Footprint model 'polygon' loaded for trajectory optimization.
[INFO] [1783866525.825010342, 88.138000000]: Footprint model 'polygon' loaded for trajectory optimization.
[INFO] [1783866526.376258820, 88.690000000]: Footprint model 'polygon' loaded for trajectory optimization.
[INFO] [1783866527.967546160, 90.278000000]: GOAL Reached!
[INFO] [1783866528.106918910, 90.418000000]: Footprint model 'polygon' loaded for trajectory optimization.
[INFO] [1783866528.981288328, 91.290000000]: Footprint model 'polygon' loaded for trajectory optimization.
[INFO] [1783866529.523071156, 91.832000000]: Footprint model 'polygon' loaded for trajectory optimization.
[INFO] [1783866530.167987048, 92.474000000]: Footprint model 'polygon' loaded for trajectory optimization.
[INFO] [1783866530.719244113, 93.026000000]: Footprint model 'polygon' loaded for trajectory optimization.
[INFO] [1783866531.369708213, 93.674000000]: Footprint model 'polygon' loaded for trajectory optimization.
[INFO] [1783866531.972890967, 94.278000000]: Footprint model 'polygon' loaded for trajectory optimization.
[INFO] [1783866532.569138419, 94.874000000]: Footprint model 'polygon' loaded for trajectory optimization.
[INFO] [1783866533.174629752, 95.476000000]: Footprint model 'polygon' loaded for trajectory optimization.
[INFO] [1783866533.723738302, 96.024000000]: Footprint model 'polygon' loaded for trajectory optimization.
[INFO] [1783866534.373311486, 96.672000000]: Footprint model 'polygon' loaded for trajectory optimization.
[INFO] [1783866536.110264294, 98.410000000]: GOAL Reached!
[INFO] [1783866536.245925203, 98.546000000]: Footprint model 'polygon' loaded for trajectory optimization.
[INFO] [1783866537.134486576, 99.430000000]: Footprint model 'polygon' loaded for trajectory optimization.
[INFO] [1783866537.719292162, 100.016000000]: Footprint model 'polygon' loaded for trajectory optimization.
[INFO] [1783866538.326187162, 100.620000000]: Footprint model 'polygon' loaded for trajectory optimization.
[INFO] [1783866538.921919954, 101.214000000]: Footprint model 'polygon' loaded for trajectory optimization.
[INFO] [1783866539.476612387, 101.768000000]: Footprint model 'polygon' loaded for trajectory optimization.
[INFO] [1783866540.124705937, 102.416000000]: Footprint model 'polygon' loaded for trajectory optimization.
[INFO] [1783866540.720811266, 103.014000000]: Footprint model 'polygon' loaded for trajectory optimization.
[INFO] [1783866541.323557653, 103.612000000]: Footprint model 'polygon' loaded for trajectory optimization.
[INFO] [1783866541.877062630, 104.166000000]: Footprint model 'polygon' loaded for trajectory optimization.
[INFO] [1783866543.665733314, 105.950000000]: GOAL Reached!
[INFO] [1783866543.817495855, 106.102000000]: Footprint model 'polygon' loaded for trajectory optimization.
[INFO] [1783866544.685456417, 106.968000000]: Footprint model 'polygon' loaded for trajectory optimization.
[INFO] [1783866545.280048270, 107.562000000]: Footprint model 'polygon' loaded for trajectory optimization.
[INFO] [1783866545.827969350, 108.108000000]: Footprint model 'polygon' loaded for trajectory optimization.
[INFO] [1783866546.474415643, 108.756000000]: Footprint model 'polygon' loaded for trajectory optimization.
[INFO] [1783866548.216990857, 110.496000000]: GOAL Reached!
[INFO] [1783866548.365361138, 110.644000000]: Footprint model 'polygon' loaded for trajectory optimization.
[INFO] [1783866549.231372370, 111.508000000]: Footprint model 'polygon' loaded for trajectory optimization.
[INFO] [1783866549.786399869, 112.060000000]: Footprint model 'polygon' loaded for trajectory optimization.
[INFO] [1783866550.433510103, 112.708000000]: Footprint model 'polygon' loaded for trajectory optimization.
[INFO] [1783866550.986208227, 113.258000000]: Footprint model 'polygon' loaded for trajectory optimization.
[INFO] [1783866551.583289520, 113.856000000]: Footprint model 'polygon' loaded for trajectory optimization.
[INFO] [1783866552.234201687, 114.504000000]: Footprint model 'polygon' loaded for trajectory optimization.
[INFO] [1783866553.776101637, 116.044000000]: GOAL Reached!
[INFO] [1783866553.932187987, 116.202000000]: Footprint model 'polygon' loaded for trajectory optimization.
[INFO] [1783866554.802674063, 117.070000000]: Footprint model 'polygon' loaded for trajectory optimization.
[INFO] [1783866555.361199290, 117.628000000]: Footprint model 'polygon' loaded for trajectory optimization.
[INFO] [1783866555.957959938, 118.224000000]: Footprint model 'polygon' loaded for trajectory optimization.
[INFO] [1783866556.551696396, 118.818000000]: Footprint model 'polygon' loaded for trajectory optimization.
[INFO] [1783866557.152039794, 119.416000000]: Footprint model 'polygon' loaded for trajectory optimization.
[INFO] [1783866557.751561465, 120.018000000]: Footprint model 'polygon' loaded for trajectory optimization.
[INFO] [1783866558.352190314, 120.612000000]: Footprint model 'polygon' loaded for trajectory optimization.
[INFO] [1783866559.004176443, 121.264000000]: Footprint model 'polygon' loaded for trajectory optimization.
[INFO] [1783866559.608420062, 121.866000000]: Footprint model 'polygon' loaded for trajectory optimization.
[INFO] [1783866561.543936587, 123.802000000]: GOAL Reached!
[INFO] [1783866561.696473165, 123.952000000]: Footprint model 'polygon' loaded for trajectory optimization.
[INFO] [1783866562.593944974, 124.848000000]: Footprint model 'polygon' loaded for trajectory optimization.
[INFO] [1783866563.134389106, 125.390000000]: Footprint model 'polygon' loaded for trajectory optimization.
[INFO] [1783866563.742082288, 125.996000000]: Footprint model 'polygon' loaded for trajectory optimization.
[INFO] [1783866564.390895357, 126.642000000]: Footprint model 'polygon' loaded for trajectory optimization.
[INFO] [1783866564.940674536, 127.192000000]: Footprint model 'polygon' loaded for trajectory optimization.
[INFO] [1783866565.586396231, 127.838000000]: Footprint model 'polygon' loaded for trajectory optimization.
[INFO] [1783866566.140002363, 128.388000000]: Footprint model 'polygon' loaded for trajectory optimization.
[INFO] [1783866566.787822134, 129.036000000]: Footprint model 'polygon' loaded for trajectory optimization.
[INFO] [1783866567.389000602, 129.636000000]: Footprint model 'polygon' loaded for trajectory optimization.
[INFO] [1783866569.329779921, 131.574000000]: GOAL Reached!
[INFO] [1783866569.486648410, 131.728000000]: Footprint model 'polygon' loaded for trajectory optimization.
[INFO] [1783866570.349230422, 132.590000000]: Footprint model 'polygon' loaded for trajectory optimization.
[INFO] [1783866570.939983763, 133.182000000]: Footprint model 'polygon' loaded for trajectory optimization.
[INFO] [1783866571.543348170, 133.784000000]: Footprint model 'polygon' loaded for trajectory optimization.
[INFO] [1783866572.095047810, 134.334000000]: Footprint model 'polygon' loaded for trajectory optimization.
[INFO] [1783866573.985439049, 136.220000000]: GOAL Reached!
[INFO] [1783866574.129028017, 136.364000000]: Footprint model 'polygon' loaded for trajectory optimization.
[INFO] [1783866575.015730422, 137.248000000]: Footprint model 'polygon' loaded for trajectory optimization.
[INFO] [1783866575.656757180, 137.890000000]: Footprint model 'polygon' loaded for trajectory optimization.
[INFO] [1783866576.256343761, 138.488000000]: Footprint model 'polygon' loaded for trajectory optimization.
[INFO] [1783866576.860446729, 139.090000000]: Footprint model 'polygon' loaded for trajectory optimization.
[INFO] [1783866577.504414403, 139.732000000]: Footprint model 'polygon' loaded for trajectory optimization.
[INFO] [1783866578.054159468, 140.284000000]: Footprint model 'polygon' loaded for trajectory optimization.
[INFO] [1783866579.549631934, 141.774000000]: GOAL Reached!
[INFO] [1783866579.683743090, 141.908000000]: Footprint model 'polygon' loaded for trajectory optimization.
[INFO] [1783866580.562144346, 142.790000000]: Footprint model 'polygon' loaded for trajectory optimization.
[INFO] [1783866581.103512015, 143.328000000]: Footprint model 'polygon' loaded for trajectory optimization.
[INFO] [1783866581.711128737, 143.934000000]: Footprint model 'polygon' loaded for trajectory optimization.
[INFO] [1783866582.306784555, 144.528000000]: Footprint model 'polygon' loaded for trajectory optimization.
[INFO] [1783866582.947843734, 145.172000000]: Footprint model 'polygon' loaded for trajectory optimization.
[INFO] [1783866583.502604225, 145.724000000]: Footprint model 'polygon' loaded for trajectory optimization.
[INFO] [1783866584.150631337, 146.372000000]: Footprint model 'polygon' loaded for trajectory optimization.
[INFO] [1783866584.709950465, 146.928000000]: Footprint model 'polygon' loaded for trajectory optimization.
[INFO] [1783866585.305354100, 147.524000000]: Footprint model 'polygon' loaded for trajectory optimization.
[INFO] [1783866585.904865545, 148.122000000]: Footprint model 'polygon' loaded for trajectory optimization.
[INFO] [1783866586.554918083, 148.772000000]: Footprint model 'polygon' loaded for trajectory optimization.
[INFO] [1783866587.106171934, 149.322000000]: Footprint model 'polygon' loaded for trajectory optimization.
[INFO] [1783866589.095716186, 151.308000000]: GOAL Reached!
[INFO] [1783866589.248922605, 151.460000000]: Footprint model 'polygon' loaded for trajectory optimization.
[INFO] [1783866590.118668509, 152.332000000]: Footprint model 'polygon' loaded for trajectory optimization.
[INFO] [1783866590.721467615, 152.932000000]: Footprint model 'polygon' loaded for trajectory optimization.
[INFO] [1783866591.321802308, 153.530000000]: Footprint model 'polygon' loaded for trajectory optimization.
[INFO] [1783866591.871607703, 154.080000000]: Footprint model 'polygon' loaded for trajectory optimization.
[INFO] [1783866592.522332309, 154.728000000]: Footprint model 'polygon' loaded for trajectory optimization.
[INFO] [1783866593.072589995, 155.278000000]: Footprint model 'polygon' loaded for trajectory optimization.
[INFO] [1783866593.722893752, 155.928000000]: Footprint model 'polygon' loaded for trajectory optimization.
[INFO] [1783866594.273322816, 156.478000000]: Footprint model 'polygon' loaded for trajectory optimization.
[INFO] [1783866594.924886560, 157.126000000]: Footprint model 'polygon' loaded for trajectory optimization.
[INFO] [1783866596.563167928, 158.764000000]: GOAL Reached!
[INFO] [1783866596.700391408, 158.902000000]: Footprint model 'polygon' loaded for trajectory optimization.
[INFO] [1783866597.570813393, 159.770000000]: Footprint model 'polygon' loaded for trajectory optimization.
[INFO] [1783866598.114290387, 160.312000000]: Footprint model 'polygon' loaded for trajectory optimization.
[INFO] [1783866598.713894898, 160.912000000]: Footprint model 'polygon' loaded for trajectory optimization.
[INFO] [1783866599.313720442, 161.510000000]: Footprint model 'polygon' loaded for trajectory optimization.
[INFO] [1783866601.206278591, 163.398000000]: GOAL Reached!
[INFO] [1783866601.348135086, 163.542000000]: Footprint model 'polygon' loaded for trajectory optimization.
[INFO] [1783866602.196114811, 164.388000000]: Footprint model 'polygon' loaded for trajectory optimization.
[INFO] [1783866602.754510367, 164.946000000]: Footprint model 'polygon' loaded for trajectory optimization.
[INFO] [1783866603.359599497, 165.548000000]: Footprint model 'polygon' loaded for trajectory optimization.
[INFO] [1783866603.956093742, 166.146000000]: Footprint model 'polygon' loaded for trajectory optimization.
[INFO] [1783866604.607400731, 166.794000000]: Footprint model 'polygon' loaded for trajectory optimization.
[INFO] [1783866605.157679675, 167.344000000]: Footprint model 'polygon' loaded for trajectory optimization.
[INFO] [1783866606.848891565, 169.032000000]: GOAL Reached!
[INFO] [1783866606.984206235, 169.168000000]: Footprint model 'polygon' loaded for trajectory optimization.
[INFO] [1783866607.847424202, 170.030000000]: Footprint model 'polygon' loaded for trajectory optimization.
[INFO] [1783866608.411262092, 170.592000000]: Footprint model 'polygon' loaded for trajectory optimization.
[INFO] [1783866609.059832213, 171.238000000]: Footprint model 'polygon' loaded for trajectory optimization.
[INFO] [1783866609.642354076, 171.822000000]: Footprint model 'polygon' loaded for trajectory optimization.
[INFO] [1783866610.205710507, 172.384000000]: Footprint model 'polygon' loaded for trajectory optimization.
[INFO] [1783866610.854986678, 173.032000000]: Footprint model 'polygon' loaded for trajectory optimization.
[INFO] [1783866611.453083498, 173.630000000]: Footprint model 'polygon' loaded for trajectory optimization.
[INFO] [1783866612.003865927, 174.180000000]: Footprint model 'polygon' loaded for trajectory optimization.
[INFO] [1783866612.604744945, 174.780000000]: Footprint model 'polygon' loaded for trajectory optimization.
[INFO] [1783866614.898088020, 177.068000000]: GOAL Reached!
[INFO] [1783866615.026428349, 177.198000000]: Footprint model 'polygon' loaded for trajectory optimization.
[INFO] [1783866615.873874395, 178.044000000]: Footprint model 'polygon' loaded for trajectory optimization.
[INFO] [1783866616.465054826, 178.638000000]: Footprint model 'polygon' loaded for trajectory optimization.
[INFO] [1783866617.068353931, 179.240000000]: Footprint model 'polygon' loaded for trajectory optimization.
[INFO] [1783866617.663075582, 179.834000000]: Footprint model 'polygon' loaded for trajectory optimization.
[INFO] [1783866618.218101144, 180.388000000]: Footprint model 'polygon' loaded for trajectory optimization.
[INFO] [1783866618.865551578, 181.036000000]: Footprint model 'polygon' loaded for trajectory optimization.
[INFO] [1783866619.464321808, 181.634000000]: Footprint model 'polygon' loaded for trajectory optimization.
[INFO] [1783866620.065059817, 182.234000000]: Footprint model 'polygon' loaded for trajectory optimization.
[INFO] [1783866620.618452062, 182.786000000]: Footprint model 'polygon' loaded for trajectory optimization.
[INFO] [1783866622.310185930, 184.478000000]: GOAL Reached!
[INFO] [1783866622.436005708, 184.602000000]: Footprint model 'polygon' loaded for trajectory optimization.
[INFO] [1783866623.257970206, 185.424000000]: Footprint model 'polygon' loaded for trajectory optimization.
[INFO] [1783866623.866144264, 186.032000000]: Footprint model 'polygon' loaded for trajectory optimization.
[INFO] [1783866624.466391124, 186.630000000]: Footprint model 'polygon' loaded for trajectory optimization.
[INFO] [1783866625.067471117, 187.232000000]: Footprint model 'polygon' loaded for trajectory optimization.
[INFO] [1783866626.711490513, 188.876000000]: GOAL Reached!
[INFO] [1783866626.835361172, 188.998000000]: Footprint model 'polygon' loaded for trajectory optimization.
[INFO] [1783866627.662050590, 189.826000000]: Footprint model 'polygon' loaded for trajectory optimization.
[INFO] [1783866628.268075879, 190.432000000]: Footprint model 'polygon' loaded for trajectory optimization.
[INFO] [1783866628.866837672, 191.028000000]: Footprint model 'polygon' loaded for trajectory optimization.
[INFO] [1783866629.477685764, 191.630000000]: Footprint model 'polygon' loaded for trajectory optimization.
[INFO] [1783866630.074751683, 192.228000000]: Footprint model 'polygon' loaded for trajectory optimization.
[INFO] [1783866630.675771185, 192.828000000]: Footprint model 'polygon' loaded for trajectory optimization.
[INFO] [1783866632.221780156, 194.374000000]: GOAL Reached!
[INFO] [1783866632.343511608, 194.494000000]: Footprint model 'polygon' loaded for trajectory optimization.
[INFO] [1783866633.195242120, 195.346000000]: Footprint model 'polygon' loaded for trajectory optimization.
[INFO] [1783866633.740091962, 195.890000000]: Footprint model 'polygon' loaded for trajectory optimization.
[INFO] [1783866634.339890625, 196.490000000]: Footprint model 'polygon' loaded for trajectory optimization.
[INFO] [1783866634.940093657, 197.088000000]: Footprint model 'polygon' loaded for trajectory optimization.
[INFO] [1783866635.543730278, 197.692000000]: Footprint model 'polygon' loaded for trajectory optimization.
[INFO] [1783866636.188895291, 198.336000000]: Footprint model 'polygon' loaded for trajectory optimization.
[INFO] [1783866636.749834345, 198.896000000]: Footprint model 'polygon' loaded for trajectory optimization.
[INFO] [1783866637.390341134, 199.538000000]: Footprint model 'polygon' loaded for trajectory optimization.
[INFO] [1783866637.988242290, 200.136000000]: Footprint model 'polygon' loaded for trajectory optimization.
[INFO] [1783866638.540369640, 200.686000000]: Footprint model 'polygon' loaded for trajectory optimization.
[INFO] [1783866640.235163974, 202.380000000]: GOAL Reached!
[INFO] [1783866640.364114975, 202.508000000]: Footprint model 'polygon' loaded for trajectory optimization.
[INFO] [1783866641.206481620, 203.348000000]: Footprint model 'polygon' loaded for trajectory optimization.
[INFO] [1783866641.801515144, 203.944000000]: Footprint model 'polygon' loaded for trajectory optimization.
[INFO] [1783866642.401617672, 204.544000000]: Footprint model 'polygon' loaded for trajectory optimization.
[INFO] [1783866642.952495586, 205.094000000]: Footprint model 'polygon' loaded for trajectory optimization.
[INFO] [1783866643.603896543, 205.744000000]: Footprint model 'polygon' loaded for trajectory optimization.
[INFO] [1783866644.202859005, 206.344000000]: Footprint model 'polygon' loaded for trajectory optimization.
[INFO] [1783866644.803163602, 206.942000000]: Footprint model 'polygon' loaded for trajectory optimization.
[INFO] [1783866645.354560308, 207.492000000]: Footprint model 'polygon' loaded for trajectory optimization.
[INFO] [1783866645.954469216, 208.092000000]: Footprint model 'polygon' loaded for trajectory optimization.
[INFO] [1783866647.650372849, 209.786000000]: GOAL Reached!
[INFO] [1783866647.759709940, 209.894000000]: Footprint model 'polygon' loaded for trajectory optimization.
[INFO] [1783866648.587399121, 210.724000000]: Footprint model 'polygon' loaded for trajectory optimization.
[INFO] [1783866649.141620809, 211.278000000]: Footprint model 'polygon' loaded for trajectory optimization.
[INFO] [1783866649.791391994, 211.926000000]: Footprint model 'polygon' loaded for trajectory optimization.
[INFO] [1783866650.390685455, 212.524000000]: Footprint model 'polygon' loaded for trajectory optimization.
[INFO] [1783866652.238429280, 214.370000000]: GOAL Reached!
[INFO] [1783866652.355872325, 214.486000000]: Footprint model 'polygon' loaded for trajectory optimization.
[INFO] [1783866653.194462438, 215.324000000]: Footprint model 'polygon' loaded for trajectory optimization.
[INFO] [1783866653.742966699, 215.874000000]: Footprint model 'polygon' loaded for trajectory optimization.
[INFO] [1783866654.388754689, 216.520000000]: Footprint model 'polygon' loaded for trajectory optimization.
[INFO] [1783866654.989901400, 217.120000000]: Footprint model 'polygon' loaded for trajectory optimization.
[INFO] [1783866655.596067334, 217.724000000]: Footprint model 'polygon' loaded for trajectory optimization.
[INFO] [1783866656.190340822, 218.318000000]: Footprint model 'polygon' loaded for trajectory optimization.
[INFO] [1783866657.735574899, 219.864000000]: GOAL Reached!
[INFO] [1783866657.856862735, 219.984000000]: Footprint model 'polygon' loaded for trajectory optimization.
[INFO] [1783866658.705243612, 220.832000000]: Footprint model 'polygon' loaded for trajectory optimization.
[INFO] [1783866659.244970732, 221.370000000]: Footprint model 'polygon' loaded for trajectory optimization.
[INFO] [1783866659.887152026, 222.014000000]: Footprint model 'polygon' loaded for trajectory optimization.
[INFO] [1783866660.443999547, 222.568000000]: Footprint model 'polygon' loaded for trajectory optimization.
[INFO] [1783866661.043358387, 223.168000000]: Footprint model 'polygon' loaded for trajectory optimization.
[INFO] [1783866661.650187951, 223.766000000]: Footprint model 'polygon' loaded for trajectory optimization.
[INFO] [1783866662.248703065, 224.366000000]: Footprint model 'polygon' loaded for trajectory optimization.
[INFO] [1783866662.898339171, 225.014000000]: Footprint model 'polygon' loaded for trajectory optimization.
[INFO] [1783866663.501585896, 225.612000000]: Footprint model 'polygon' loaded for trajectory optimization.
[INFO] [1783866664.049542916, 226.164000000]: Footprint model 'polygon' loaded for trajectory optimization.
[INFO] [1783866666.245967920, 228.358000000]: GOAL Reached!
[INFO] [1783866666.359336968, 228.470000000]: Footprint model 'polygon' loaded for trajectory optimization.
[INFO] [1783866667.194349728, 229.304000000]: Footprint model 'polygon' loaded for trajectory optimization.
[INFO] [1783866667.796110072, 229.908000000]: Footprint model 'polygon' loaded for trajectory optimization.
[INFO] [1783866668.350746754, 230.458000000]: Footprint model 'polygon' loaded for trajectory optimization.
[INFO] [1783866669.000055235, 231.110000000]: Footprint model 'polygon' loaded for trajectory optimization.
[INFO] [1783866669.551002998, 231.660000000]: Footprint model 'polygon' loaded for trajectory optimization.
[INFO] [1783866670.149103824, 232.258000000]: Footprint model 'polygon' loaded for trajectory optimization.
[INFO] [1783866670.806096912, 232.912000000]: Footprint model 'polygon' loaded for trajectory optimization.
[INFO] [1783866671.350698254, 233.458000000]: Footprint model 'polygon' loaded for trajectory optimization.
[INFO] [1783866671.951105571, 234.056000000]: Footprint model 'polygon' loaded for trajectory optimization.
[INFO] [1783866673.744781458, 235.850000000]: GOAL Reached!
[INFO] [1783866673.862821063, 235.968000000]: Footprint model 'polygon' loaded for trajectory optimization.
[INFO] [1783866674.700331554, 236.806000000]: Footprint model 'polygon' loaded for trajectory optimization.
[INFO] [1783866675.249044033, 237.354000000]: Footprint model 'polygon' loaded for trajectory optimization.
[INFO] [1783866675.896855027, 238.000000000]: Footprint model 'polygon' loaded for trajectory optimization.
[INFO] [1783866676.498385653, 238.600000000]: Footprint model 'polygon' loaded for trajectory optimization.
[INFO] [1783866678.242271419, 240.346000000]: GOAL Reached!
[INFO] [1783866678.358311196, 240.460000000]: Footprint model 'polygon' loaded for trajectory optimization.
[INFO] [1783866679.202355768, 241.304000000]: Footprint model 'polygon' loaded for trajectory optimization.
[INFO] [1783866679.790348643, 241.892000000]: Footprint model 'polygon' loaded for trajectory optimization.
[INFO] [1783866680.389877029, 242.492000000]: Footprint model 'polygon' loaded for trajectory optimization.
[INFO] [1783866680.993325781, 243.092000000]: Footprint model 'polygon' loaded for trajectory optimization.
[INFO] [1783866681.541880232, 243.642000000]: Footprint model 'polygon' loaded for trajectory optimization.
[INFO] [1783866682.192642000, 244.292000000]: Footprint model 'polygon' loaded for trajectory optimization.
[INFO] [1783866683.537457760, 245.636000000]: GOAL Reached!
[INFO] [1783866683.661337241, 245.760000000]: Footprint model 'polygon' loaded for trajectory optimization.
[INFO] [1783866684.509445252, 246.604000000]: Footprint model 'polygon' loaded for trajectory optimization.
[INFO] [1783866685.051856665, 247.148000000]: Footprint model 'polygon' loaded for trajectory optimization.
[INFO] [1783866685.703160699, 247.798000000]: Footprint model 'polygon' loaded for trajectory optimization.
[INFO] [1783866686.248907414, 248.344000000]: Footprint model 'polygon' loaded for trajectory optimization.
[INFO] [1783866686.850043991, 248.944000000]: Footprint model 'polygon' loaded for trajectory optimization.
[INFO] [1783866687.496679770, 249.592000000]: Footprint model 'polygon' loaded for trajectory optimization.
[INFO] [1783866688.099507624, 250.194000000]: Footprint model 'polygon' loaded for trajectory optimization.
[INFO] [1783866688.698414328, 250.792000000]: Footprint model 'polygon' loaded for trajectory optimization.
[INFO] [1783866689.307218411, 251.392000000]: Footprint model 'polygon' loaded for trajectory optimization.
[INFO] [1783866689.910761705, 251.992000000]: Footprint model 'polygon' loaded for trajectory optimization.
[INFO] [1783866691.657433591, 253.736000000]: GOAL Reached!
[INFO] [1783866691.783582838, 253.862000000]: Footprint model 'polygon' loaded for trajectory optimization.
[INFO] [1783866692.632876128, 254.708000000]: Footprint model 'polygon' loaded for trajectory optimization.
[INFO] [1783866693.246661734, 255.320000000]: Footprint model 'polygon' loaded for trajectory optimization.
[INFO] [1783866693.836214733, 255.910000000]: Footprint model 'polygon' loaded for trajectory optimization.
[INFO] [1783866694.392672182, 256.464000000]: Footprint model 'polygon' loaded for trajectory optimization.
[INFO] [1783866694.993791822, 257.066000000]: Footprint model 'polygon' loaded for trajectory optimization.
[INFO] [1783866695.592345429, 257.664000000]: Footprint model 'polygon' loaded for trajectory optimization.
[INFO] [1783866696.243786514, 258.314000000]: Footprint model 'polygon' loaded for trajectory optimization.
[INFO] [1783866696.793391095, 258.862000000]: Footprint model 'polygon' loaded for trajectory optimization.
[INFO] [1783866697.441850455, 259.512000000]: Footprint model 'polygon' loaded for trajectory optimization.
[INFO] [1783866699.082057567, 261.148000000]: GOAL Reached!
[INFO] [1783866699.225569419, 261.290000000]: Footprint model 'polygon' loaded for trajectory optimization.
[INFO] [1783866700.085399903, 262.150000000]: Footprint model 'polygon' loaded for trajectory optimization.
[INFO] [1783866700.691663932, 262.754000000]: Footprint model 'polygon' loaded for trajectory optimization.
[INFO] [1783866701.245133979, 263.306000000]: Footprint model 'polygon' loaded for trajectory optimization.
[INFO] [1783866701.844141463, 263.904000000]: Footprint model 'polygon' loaded for trajectory optimization.
[INFO] [1783866702.443284760, 264.504000000]: Footprint model 'polygon' loaded for trajectory optimization.
[INFO] [1783866703.041585593, 265.100000000]: Footprint model 'polygon' loaded for trajectory optimization.
[INFO] [1783866703.644746133, 265.702000000]: Footprint model 'polygon' loaded for trajectory optimization.
[INFO] [1783866704.244408402, 266.300000000]: Footprint model 'polygon' loaded for trajectory optimization.
[INFO] [1783866706.131202480, 268.188000000]: GOAL Reached!
[INFO] [1783866706.276597015, 268.330000000]: Footprint model 'polygon' loaded for trajectory optimization.
[INFO] [1783866707.155063037, 269.208000000]: Footprint model 'polygon' loaded for trajectory optimization.
[INFO] [1783866707.739100094, 269.790000000]: Footprint model 'polygon' loaded for trajectory optimization.
[INFO] [1783866708.296505211, 270.346000000]: Footprint model 'polygon' loaded for trajectory optimization.
[INFO] [1783866708.948572771, 270.998000000]: Footprint model 'polygon' loaded for trajectory optimization.
[INFO] [1783866709.528690523, 271.580000000]: Footprint model 'polygon' loaded for trajectory optimization.
[INFO] [1783866710.095816379, 272.144000000]: Footprint model 'polygon' loaded for trajectory optimization.
[INFO] [1783866710.698442281, 272.744000000]: Footprint model 'polygon' loaded for trajectory optimization.
[INFO] [1783866711.298804945, 273.344000000]: Footprint model 'polygon' loaded for trajectory optimization.
[INFO] [1783866711.951457757, 273.994000000]: Footprint model 'polygon' loaded for trajectory optimization.
[INFO] [1783866713.691342659, 275.730000000]: GOAL Reached!
[INFO] [1783866713.844518028, 275.882000000]: Footprint model 'polygon' loaded for trajectory optimization.
[INFO] [1783866714.729086512, 276.772000000]: Footprint model 'polygon' loaded for trajectory optimization.
[INFO] [1783866715.336346617, 277.374000000]: Footprint model 'polygon' loaded for trajectory optimization.
[INFO] [1783866715.930873535, 277.968000000]: Footprint model 'polygon' loaded for trajectory optimization.
[INFO] [1783866716.482734145, 278.518000000]: Footprint model 'polygon' loaded for trajectory optimization.
[INFO] [1783866717.134214721, 279.170000000]: Footprint model 'polygon' loaded for trajectory optimization.
[INFO] [1783866717.732540765, 279.766000000]: Footprint model 'polygon' loaded for trajectory optimization.
[INFO] [1783866718.333340567, 280.366000000]: Footprint model 'polygon' loaded for trajectory optimization.
[INFO] [1783866718.881221249, 280.916000000]: Footprint model 'polygon' loaded for trajectory optimization.
[INFO] [1783866719.486021824, 281.516000000]: Footprint model 'polygon' loaded for trajectory optimization.
[INFO] [1783866721.272145203, 283.300000000]: GOAL Reached!
[INFO] [1783866721.436641784, 283.462000000]: Footprint model 'polygon' loaded for trajectory optimization.
[INFO] [1783866722.324738534, 284.350000000]: Footprint model 'polygon' loaded for trajectory optimization.
[INFO] [1783866722.860768334, 284.886000000]: Footprint model 'polygon' loaded for trajectory optimization.
[INFO] [1783866723.462162857, 285.486000000]: Footprint model 'polygon' loaded for trajectory optimization.
[INFO] [1783866724.106322573, 286.132000000]: Footprint model 'polygon' loaded for trajectory optimization.
[INFO] [1783866724.706767046, 286.732000000]: Footprint model 'polygon' loaded for trajectory optimization.
[INFO] [1783866725.259626399, 287.284000000]: Footprint model 'polygon' loaded for trajectory optimization.
[INFO] [1783866725.864542471, 287.884000000]: Footprint model 'polygon' loaded for trajectory optimization.
[INFO] [1783866726.511906892, 288.530000000]: Footprint model 'polygon' loaded for trajectory optimization.
[INFO] [1783866728.053709243, 290.070000000]: GOAL Reached!
[INFO] [1783866728.188576038, 290.204000000]: Footprint model 'polygon' loaded for trajectory optimization.
[INFO] [1783866729.056453484, 291.070000000]: Footprint model 'polygon' loaded for trajectory optimization.
[INFO] [1783866729.601731197, 291.616000000]: Footprint model 'polygon' loaded for trajectory optimization.
[INFO] [1783866730.203928158, 292.216000000]: Footprint model 'polygon' loaded for trajectory optimization.
[INFO] [1783866730.808710210, 292.818000000]: Footprint model 'polygon' loaded for trajectory optimization.
[INFO] [1783866731.407345184, 293.418000000]: Footprint model 'polygon' loaded for trajectory optimization.
[INFO] [1783866732.011319889, 294.020000000]: Footprint model 'polygon' loaded for trajectory optimization.
[INFO] [1783866732.653863426, 294.664000000]: Footprint model 'polygon' loaded for trajectory optimization.
[INFO] [1783866733.208561663, 295.216000000]: Footprint model 'polygon' loaded for trajectory optimization.
[INFO] [1783866733.807375039, 295.814000000]: Footprint model 'polygon' loaded for trajectory optimization.
[INFO] [1783866735.798983540, 297.802000000]: GOAL Reached!
[INFO] [1783866735.959743694, 297.962000000]: Footprint model 'polygon' loaded for trajectory optimization.
[INFO] [1783866736.849299626, 298.850000000]: Footprint model 'polygon' loaded for trajectory optimization.
[INFO] [1783866737.394862517, 299.396000000]: Footprint model 'polygon' loaded for trajectory optimization.
[INFO] [1783866738.045740580, 300.046000000]: Footprint model 'polygon' loaded for trajectory optimization.
[INFO] [1783866738.597227400, 300.594000000]: Footp[WARN] [1783866750.091279302, 312.070000000]: TebLocalPlannerROS: possible oscillation (of the robot or its local plan) detected. Activating recovery strategy (prefer current turning direction during optimization).
[WARN] [1783866764.414165462, 326.370000000]: TebLocalPlannerROS: possible oscillation (of the robot or its local plan) detected. Activating recovery strategy (prefer current turning direction during optimization).
rint model 'polygon' loaded for trajectory optimization.
[INFO] [1783866739.248648436, 301.244000000]: Footprint model 'polygon' loaded for trajectory optimization.
[INFO] [1783866739.845965695, 301.842000000]: Footprint model 'polygon' loaded for trajectory optimization.
[INFO] [1783866740.398688695, 302.394000000]: Footprint model 'polygon' loaded for trajectory optimization.
[INFO] [1783866740.998357339, 302.992000000]: Footprint model 'polygon' loaded for trajectory optimization.
[INFO] [1783866744.659554002, 306.646000000]: Footprint model 'polygon' loaded for trajectory optimization.
[INFO] [1783866745.252114448, 307.238000000]: Footprint model 'polygon' loaded for trajectory optimization.
[INFO] [1783866745.858344008, 307.842000000]: Footprint model 'polygon' loaded for trajectory optimization.
[INFO] [1783866746.452403249, 308.436000000]: Footprint model 'polygon' loaded for trajectory optimization.
[INFO] [1783866747.004201379, 308.986000000]: Footprint model 'polygon' loaded for trajectory optimization.
[INFO] [1783866747.612633701, 309.594000000]: Footprint model 'polygon' loaded for trajectory optimization.
[INFO] [1783866748.219668134, 310.198000000]: Footprint model 'polygon' loaded for trajectory optimization.
[INFO] [1783866751.871536274, 313.848000000]: Footprint model 'polygon' loaded for trajectory optimization.
[INFO] [1783866752.472261447, 314.448000000]: Footprint model 'polygon' loaded for trajectory optimization.
[INFO] [1783866753.069678269, 315.044000000]: Footprint model 'polygon' loaded for trajectory optimization.
[INFO] [1783866753.633215230, 315.606000000]: Footprint model 'polygon' loaded for trajectory optimization.
[INFO] [1783866754.239585542, 316.210000000]: Footprint model 'polygon' loaded for trajectory optimization.
[INFO] [1783866754.890262675, 316.858000000]: Footprint model 'polygon' loaded for trajectory optimization.
[INFO] [1783866755.430609174, 317.400000000]: Footprint model 'polygon' loaded for trajectory optimization.
[INFO] [1783866756.087329973, 318.056000000]: Footprint model 'polygon' loaded for trajectory optimization.
[INFO] [1783866756.685106152, 318.652000000]: Footprint model 'polygon' loaded for trajectory optimization.
[INFO] [1783866757.284749210, 319.250000000]: Footprint model 'polygon' loaded for trajectory optimization.
[INFO] [1783866757.834271105, 319.800000000]: Footprint model 'polygon' loaded for trajectory optimization.
[INFO] [1783866758.438219210, 320.406000000]: Footprint model 'polygon' loaded for trajectory optimization.
[INFO] [1783866759.034892209, 321.002000000]: Footprint model 'polygon' loaded for trajectory optimization.
[INFO] [1783866759.692464275, 321.658000000]: Footprint model 'polygon' loaded for trajectory optimization.
[INFO] [1783866760.237254102, 322.200000000]: Footprint model 'polygon' loaded for trajectory optimization.
[INFO] [1783866760.888851589, 322.850000000]: Footprint model 'polygon' loaded for trajectory optimization.
[INFO] [1783866761.010252407, 322.970000000]: TebLocalPlannerROS: oscillation recovery disabled/expired.
[INFO] [1783866761.480516647, 323.440000000]: Footprint model 'polygon' loaded for trajectory optimization.
[INFO] [1783866762.091298502, 324.050000000]: Footprint model 'polygon' loaded for trajectory optimization.
[INFO] [1783866762.633055060, 324.592000000]: Footprint model 'polygon' loaded for trajectory optimization.
[INFO] [1783866763.235004059, 325.192000000]: Footprint model 'polygon' loaded for trajectory optimization.
[INFO] [1783866763.892514987, 325.848000000]: Footprint model 'polygon' loaded for trajectory optimization.
[INFO] [1783866764.440823844, 326.396000000]: Footprint model 'polygon' loaded for trajectory optimization.
[INFO] [1783866765.040248023, 326.994000000]: Footprint model 'polygon' loaded for trajectory optimization.
[INFO] [1783866765.694448890, 327.646000000]: Footprint model 'polygon' loaded for trajectory optimization.
[INFO] [1783866766.239422332, 328.192000000]: Footprint model 'polygon' loaded for trajectory optimization.
[INFO] [1783866766.843458421, 328.794000000]: [WARN] [1783866778.739371623, 340.670000000]: TebLocalPlannerROS: possible oscillation (of the robot or its local plan) detected. Activating recovery strategy (prefer current turning direction during optimization).
Footprint model 'polygon' loaded for trajectory optimization.
[INFO] [1783866767.441336984, 329.392000000]: Footprint model 'polygon' loaded for trajectory optimization.
[INFO] [1783866768.045818358, 329.994000000]: Footprint model 'polygon' loaded for trajectory optimization.
[INFO] [1783866768.642579318, 330.590000000]: Footprint model 'polygon' loaded for trajectory optimization.
[INFO] [1783866769.299020569, 331.248000000]: Footprint model 'polygon' loaded for trajectory optimization.
[INFO] [1783866772.897769743, 334.838000000]: Footprint model 'polygon' loaded for trajectory optimization.
[INFO] [1783866773.455071789, 335.394000000]: Footprint model 'polygon' loaded for trajectory optimization.
[INFO] [1783866774.055996553, 335.994000000]: Footprint model 'polygon' loaded for trajectory optimization.
[INFO] [1783866774.707249894, 336.644000000]: Footprint model 'polygon' loaded for trajectory optimization.
[INFO] [1783866775.305620612, 337.242000000]: Footprint model 'polygon' loaded for trajectory optimization.
[INFO] [1783866775.333201881, 337.270000000]: TebLocalPlannerROS: oscillation recovery disabled/expired.
[INFO] [1783866775.907382358, 337.842000000]: Footprint model 'polygon' loaded for trajectory optimization.
[INFO] [1783866776.504315516, 338.438000000]: Footprint model 'polygon' loaded for trajectory optimization.
[INFO] [1783866777.066087596, 338.998000000]: Footprint model 'polygon' loaded for trajectory optimization.
[INFO] [1783866780.714867041, 342.642000000]: Footprint model 'polygon' loaded for trajectory optimization.
[INFO] [1783866781.339044410, 343.266000000]: Footprint model 'polygon' loaded for trajectory optimization.
[INFO] [1783866781.926236058, 343.852000000]: Footprint model 'polygon' loaded for trajectory optimization.
[INFO] [1783866782.526761465, 344.450000000]: Footprint model 'polygon' loaded for trajectory optimization.
[INFO] [1783866783.130212105, 345.054000000]: Footprint model 'polygon' loaded for trajectory optimization.
[INFO] [1783866783.676239531, 345.598000000]: Footprint model 'polygon' loaded for trajectory optimization.
[INFO] [1783866784.284060469, 346.204000000]: Footprint model 'polygon' loaded for trajectory optimization.
[INFO] [1783866785.108253743, 347.026000000]: Footprint model 'polygon' loaded for trajectory optimization.
[INFO] [1783866785.968653024, 347.888000000]: Footprint model 'polygon' loaded for trajectory optimization.
[INFO] [1783866786.532794526, 348.450000000]: Footprint model 'polygon' loaded for trajectory optimization.
[INFO] [1783866787.176634769, 349.092000000]: Footprint model 'polygon' loaded for trajectory optimization.
[INFO] [1783866787.777817438, 349.696000000]: Footprint model 'polygon' loaded for trajectory optimization.
[INFO] [1783866788.377148570, 350.292000000]: Footprint model 'polygon' loaded for trajectory optimization.
[INFO] [1783866788.933592083, 350.846000000]: Footprint model 'polygon' loaded for trajectory optimization.
[INFO] [1783866789.533197918, 351.444000000]: Footprint model 'polygon' loaded for trajectory optimization.
[INFO] [1783866789.719772075, 351.630000000]: TebLocalPlannerROS: oscillation recovery disabled/expired.
[INFO] [1783866790.135421056, 352.044000000]: Footprint model 'polygon' loaded for trajectory optimization.
[INFO] [1783866790.733314745, 352.642000000]: Footprint model 'polygon' loaded for trajectory optimization.
[INFO] [1783866791.335710313, 353.244000000]: Footprint model 'polygon' loaded for trajectory optimization.
[INFO] [1783866791.936086234, 353.842000000]: Footprint model 'polygon' loaded for trajectory optimization.
[INFO] [1783866793.825607832, 355.730000000]: GOAL Reached!
[INFO] [1783866793.965332905, 355.870000000]: Footprint model 'polygon' loaded for trajectory optimization.
[INFO] [1783866794.827272259, 356.728000000]: Footprint model 'polygon' loaded for trajectory optimization.
[INFO] [1783866795.381046034, 357.282000000]: Footprint model 'polygon' loaded for trajectory optimization.
[INFO] [1783866795.981701972, 357.882000000]: Footprint model 'polygon' loaded for trajector[WARN] [1783866820.944978130, 382.802000000]: TebLocalPlannerROS: possible oscillation (of the robot or its local plan) detected. Activating recovery strategy (prefer current turning direction during optimization).
y optimization.
[INFO] [1783866796.583582710, 358.484000000]: Footprint model 'polygon' loaded for trajectory optimization.
[INFO] [1783866797.185705187, 359.084000000]: Footprint model 'polygon' loaded for trajectory optimization.
[INFO] [1783866797.830001069, 359.728000000]: Footprint model 'polygon' loaded for trajectory optimization.
[INFO] [1783866798.385355558, 360.280000000]: Footprint model 'polygon' loaded for trajectory optimization.
[INFO] [1783866799.024018458, 360.920000000]: Footprint model 'polygon' loaded for trajectory optimization.
[INFO] [1783866799.635507574, 361.530000000]: Footprint model 'polygon' loaded for trajectory optimization.
[INFO] [1783866801.375121837, 363.266000000]: GOAL Reached!
[INFO] [1783866801.513736031, 363.404000000]: Footprint model 'polygon' loaded for trajectory optimization.
[INFO] [1783866802.404630927, 364.292000000]: Footprint model 'polygon' loaded for trajectory optimization.
[INFO] [1783866802.937305297, 364.824000000]: Footprint model 'polygon' loaded for trajectory optimization.
[INFO] [1783866803.544019206, 365.430000000]: Footprint model 'polygon' loaded for trajectory optimization.
[INFO] [1783866804.195567719, 366.082000000]: Footprint model 'polygon' loaded for trajectory optimization.
[INFO] [1783866804.745119272, 366.630000000]: Footprint model 'polygon' loaded for trajectory optimization.
[INFO] [1783866805.355344782, 367.238000000]: Footprint model 'polygon' loaded for trajectory optimization.
[INFO] [1783866805.953102065, 367.836000000]: Footprint model 'polygon' loaded for trajectory optimization.
[INFO] [1783866806.549922819, 368.432000000]: Footprint model 'polygon' loaded for trajectory optimization.
[INFO] [1783866807.206401691, 369.088000000]: Footprint model 'polygon' loaded for trajectory optimization.
[INFO] [1783866810.751156869, 372.626000000]: Footprint model 'polygon' loaded for trajectory optimization.
[INFO] [1783866811.361015198, 373.234000000]: Footprint model 'polygon' loaded for trajectory optimization.
[INFO] [1783866812.005145197, 373.876000000]: Footprint model 'polygon' loaded for trajectory optimization.
[INFO] [1783866812.551821794, 374.422000000]: Footprint model 'polygon' loaded for trajectory optimization.
[INFO] [1783866813.155699157, 375.024000000]: Footprint model 'polygon' loaded for trajectory optimization.
[INFO] [1783866813.752268733, 375.620000000]: Footprint model 'polygon' loaded for trajectory optimization.
[INFO] [1783866814.411940918, 376.278000000]: Footprint model 'polygon' loaded for trajectory optimization.
[INFO] [1783866814.954964056, 376.822000000]: Footprint model 'polygon' loaded for trajectory optimization.
[INFO] [1783866815.608415505, 377.474000000]: Footprint model 'polygon' loaded for trajectory optimization.
[INFO] [1783866816.201781345, 378.068000000]: Footprint model 'polygon' loaded for trajectory optimization.
[INFO] [1783866816.812633409, 378.674000000]: Footprint model 'polygon' loaded for trajectory optimization.
[INFO] [1783866817.356922638, 379.220000000]: Footprint model 'polygon' loaded for trajectory optimization.
[INFO] [1783866817.963693032, 379.824000000]: Footprint model 'polygon' loaded for trajectory optimization.
[INFO] [1783866818.614482799, 380.474000000]: Footprint model 'polygon' loaded for trajectory optimization.
[INFO] [1783866819.163520386, 381.024000000]: Footprint model 'polygon' loaded for trajectory optimization.
[INFO] [1783866819.762359875, 381.622000000]: Footprint model 'polygon' loaded for trajectory optimization.
[INFO] [1783866820.417326437, 382.276000000]: Footprint model 'polygon' loaded for trajectory optimization.
[INFO] [1783866821.023326383, 382.880000000]: Footprint model 'polygon' loaded for trajectory optimization.
[INFO] [1783866821.614281565, 383.472000000]: Footprint model 'polygon' loaded for trajectory optimization.
[INFO] [1783866822.168179246, 384.022000000]: Footprint model 'polygon' loaded for trajectory optimization.
[INFO] [1783866822.770208599, 384.628000000]: Footprint model 'polygon' loaded for trajectory optimization.
[INFO] [1783866823.37548[ERROR] [1783866836.069063884, 397.902000000]: Aborting because the robot appears to be oscillating over and over. Even after executing all recovery behaviors
[WARN] [1783866838.284813018, 400.112000000]: The origin for the sensor at (7.70, -0.03) is out of map bounds. So, the costmap cannot raytrace for it.
8889, 385.232000000]: Footprint model 'polygon' loaded for trajectory optimization.
[INFO] [1783866824.030431437, 385.882000000]: Footprint model 'polygon' loaded for trajectory optimization.
[INFO] [1783866824.619849385, 386.472000000]: Footprint model 'polygon' loaded for trajectory optimization.
[INFO] [1783866825.172255281, 387.024000000]: Footprint model 'polygon' loaded for trajectory optimization.
[INFO] [1783866825.772581018, 387.622000000]: Footprint model 'polygon' loaded for trajectory optimization.
[INFO] [1783866826.392552923, 388.242000000]: Footprint model 'polygon' loaded for trajectory optimization.
[INFO] [1783866826.982084359, 388.828000000]: Footprint model 'polygon' loaded for trajectory optimization.
[INFO] [1783866827.626366155, 389.474000000]: Footprint model 'polygon' loaded for trajectory optimization.
[INFO] [1783866828.236560570, 390.082000000]: Footprint model 'polygon' loaded for trajectory optimization.
[INFO] [1783866828.787153387, 390.632000000]: Footprint model 'polygon' loaded for trajectory optimization.
[INFO] [1783866829.447659055, 391.290000000]: Footprint model 'polygon' loaded for trajectory optimization.
[INFO] [1783866830.035943116, 391.880000000]: Footprint model 'polygon' loaded for trajectory optimization.
[INFO] [1783866830.591848544, 392.432000000]: Footprint model 'polygon' loaded for trajectory optimization.
[INFO] [1783866831.191781604, 393.032000000]: Footprint model 'polygon' loaded for trajectory optimization.
[INFO] [1783866831.845556877, 393.684000000]: Footprint model 'polygon' loaded for trajectory optimization.
[INFO] [1783866832.440378561, 394.278000000]: Footprint model 'polygon' loaded for trajectory optimization.
[INFO] [1783866833.037483193, 394.876000000]: Footprint model 'polygon' loaded for trajectory optimization.
[INFO] [1783866833.600107185, 395.436000000]: Footprint model 'polygon' loaded for trajectory optimization.
[INFO] [1783866834.196543777, 396.032000000]: Footprint model 'polygon' loaded for trajectory optimization.
[INFO] [1783866834.852484439, 396.690000000]: Footprint model 'polygon' loaded for trajectory optimization.
[INFO] [1783866835.399761353, 397.234000000]: Footprint model 'polygon' loaded for trajectory optimization.
[INFO] [1783866836.057169149, 397.890000000]: Footprint model 'polygon' loaded for trajectory optimization.
[INFO] [1783866838.139671599, 399.966000000]: Footprint model 'polygon' loaded for trajectory optimization.
[INFO] [1783866839.085019487, 400.912000000]: Footprint model 'polygon' loaded for trajectory optimization.
[INFO] [1783866839.632551972, 401.456000000]: Footprint model 'polygon' loaded for trajectory optimization.
[INFO] [1783866840.235128045, 402.060000000]: Footprint model 'polygon' loaded for trajectory optimization.
[INFO] [1783866840.886074963, 402.708000000]: Footprint model 'polygon' loaded for trajectory optimization.
[INFO] [1783866841.435388327, 403.258000000]: Footprint model 'polygon' loaded for trajectory optimization.
[INFO] [1783866842.036620295, 403.856000000]: Footprint model 'polygon' loaded for trajectory optimization.
[INFO] [1783866842.684693038, 404.502000000]: Footprint model 'polygon' loaded for trajectory optimization.
[INFO] [1783866843.238002841, 405.056000000]: Footprint model 'polygon' loaded for trajectory optimization.
[INFO] [1783866843.888247343, 405.706000000]: Footprint model 'polygon' loaded for trajectory optimization.
[INFO] [1783866845.828573703, 407.642000000]: GOAL Reached!
[INFO] [1783866845.967326241, 407.780000000]: Footprint model 'polygon' loaded for trajectory optimization.
[INFO] [1783866846.857857248, 408.668000000]: Footprint model 'polygon' loaded for trajectory optimization.
[INFO] [1783866847.404149375, 409.214000000]: Footprint model 'polygon' loaded for trajectory optimization.
[INFO] [1783866848.053610229, 409.862000000]: Footprint model 'polygon' loaded for trajectory optimization.
[INFO] [1783866848.600715399, 410.410000000]: Footprint model 'polygon' loaded for trajectory optimization.
[INFO] [1783866849.254001569, 411.060000000]: Footprint model 'polygon' loaded for trajectory optimization.
[INFO] [1783866849.804031724, 411.610000000]: Footprint model 'polygon' loaded for trajectory optimization.
[INFO] [1783866850.406109205, 412.210000000]: Footprint model 'polygon' loaded for trajectory optimization.
[INFO] [1783866850.993230384, 412.796000000]: TebLocalPlannerROS: oscillation recovery disabled/expired.
[INFO] [1783866851.006834756, 412.810000000]: Footprint model 'polygon' loaded for trajectory optimization.
[INFO] [1783866851.608356469, 413.410000000]: Footprint model 'polygon' loaded for trajectory optimization.
[INFO] [1783866852.207883615, 414.010000000]: Footprint model 'polygon' loaded for trajectory optimization.
[INFO] [1783866855.400811574, 417.196000000]: GOAL Reached!
[INFO] [1783866855.559027115, 417.354000000]: Footprint model 'polygon' loaded for trajectory optimization.
[INFO] [1783866856.433979511, 418.230000000]: Footprint model 'polygon' loaded for trajectory optimization.
[INFO] [1783866856.986781794, 418.780000000]: Footprint model 'polygon' loaded for trajectory optimization.
[INFO] [1783866857.585009558, 419.380000000]: Footprint model 'polygon' loaded for trajectory optimization.
[INFO] [1783866858.188580824, 419.980000000]: Footprint model 'polygon' loaded for trajectory optimization.
[INFO] [1783866858.838115250, 420.628000000]: Footprint model 'polygon' loaded for trajectory optimization.
[INFO] [1783866859.388306871, 421.176000000]: Footprint model 'polygon' loaded for trajectory optimization.
[INFO] [1783866860.036019161, 421.824000000]: Footprint model 'polygon' loaded for trajectory optimization.
[INFO] [1783866860.631018789, 422.420000000]: Footprint model 'polygon' loaded for trajectory optimization.
[INFO] [1783866861.237717016, 423.024000000]: Footprint model 'polygon' loaded for trajectory optimization.
[INFO] [1783866862.872359901, 424.656000000]: GOAL Reached!
[INFO] [1783866863.017609628, 424.802000000]: Footprint model 'polygon' loaded for trajectory optimization.
[INFO] [1783866863.887207647, 425.670000000]: Footprint model 'polygon' loaded for trajectory optimization.
[INFO] [1783866864.480028796, 426.260000000]: Footprint model 'polygon' loaded for trajectory optimization.
[INFO] [1783866865.036237386, 426.816000000]: Footprint model 'polygon' loaded for trajectory optimization.
[INFO] [1783866865.638522016, 427.416000000]: Footprint model 'polygon' loaded for trajectory optimization.
[INFO] [1783866866.234797270, 428.012000000]: Footprint model 'polygon' loaded for trajectory optimization.
[INFO] [1783866866.885544317, 428.662000000]: Footprint model 'polygon' loaded for trajectory optimization.
[INFO] [1783866867.487372705, 429.264000000]: Footprint model 'polygon' loaded for trajectory optimization.
[INFO] [1783866868.085763101, 429.860000000]: Footprint model 'polygon' loaded for trajectory optimization.
[INFO] [1783866869.729578979, 431.500000000]: GOAL Reached!
[INFO] [1783866869.883502660, 431.654000000]: Footprint model 'polygon' loaded for trajectory optimization.
[INFO] [1783866870.766979401, 432.536000000]: Footprint model 'polygon' loaded for trajectory optimization.
[INFO] [1783866871.347468544, 433.116000000]: Footprint model 'polygon' loaded for trajectory optimization.
[INFO] [1783866871.898382163, 433.666000000]: Footprint model 'polygon' loaded for trajectory optimization.
[INFO] [1783866872.549270180, 434.316000000]: Footprint model 'polygon' loaded for trajectory optimization.
[INFO] [1783866873.103410477, 434.870000000]: Footprint model 'polygon' loaded for trajectory optimization.
[INFO] [1783866873.748308385, 435.516000000]: Footprint model 'polygon' loaded for trajectory optimization.
[INFO] [1783866874.352319030, 436.116000000]: Footprint model 'polygon' loaded for trajectory optimization.
[INFO] [1783866874.903211875, 436.666000000]: Footprint model 'polygon' loaded for trajectory optimization.
[INFO] [1783866875.555057691, 437.316000000]: Footprint model 'polygon' loaded for trajectory optimization.
[INFO] [1783866876.104066877, 437.864000000]: Footprint model 'polygon' loaded for trajectory o[WARN] [1783866891.996526678, 453.730000000]: TebLocalPlannerROS: possible oscillation (of the robot or its local plan) detected. Activating recovery strategy (prefer current turning direction during optimization).
ptimization.
[INFO] [1783866877.593489149, 439.352000000]: GOAL Reached!
[INFO] [1783866877.749558582, 439.508000000]: Footprint model 'polygon' loaded for trajectory optimization.
[INFO] [1783866878.651608165, 440.408000000]: Footprint model 'polygon' loaded for trajectory optimization.
[INFO] [1783866879.242541450, 440.998000000]: Footprint model 'polygon' loaded for trajectory optimization.
[INFO] [1783866879.850390326, 441.602000000]: Footprint model 'polygon' loaded for trajectory optimization.
[INFO] [1783866880.397656455, 442.150000000]: Footprint model 'polygon' loaded for trajectory optimization.
[INFO] [1783866881.053246274, 442.804000000]: Footprint model 'polygon' loaded for trajectory optimization.
[INFO] [1783866881.592275511, 443.346000000]: Footprint model 'polygon' loaded for trajectory optimization.
[INFO] [1783866882.249869737, 443.998000000]: Footprint model 'polygon' loaded for trajectory optimization.
[INFO] [1783866882.849866690, 444.598000000]: Footprint model 'polygon' loaded for trajectory optimization.
[INFO] [1783866886.460014189, 448.202000000]: Footprint model 'polygon' loaded for trajectory optimization.
[INFO] [1783866887.061155278, 448.802000000]: Footprint model 'polygon' loaded for trajectory optimization.
[INFO] [1783866887.659028814, 449.398000000]: Footprint model 'polygon' loaded for trajectory optimization.
[INFO] [1783866888.262146860, 450.000000000]: Footprint model 'polygon' loaded for trajectory optimization.
[INFO] [1783866888.858983285, 450.596000000]: Footprint model 'polygon' loaded for trajectory optimization.
[INFO] [1783866889.464593818, 451.200000000]: Footprint model 'polygon' loaded for trajectory optimization.
[INFO] [1783866890.023090090, 451.758000000]: Footprint model 'polygon' loaded for trajectory optimization.
[INFO] [1783866893.681274562, 455.410000000]: Footprint model 'polygon' loaded for trajectory optimization.
[INFO] [1783866894.288344985, 456.016000000]: Footprint model 'polygon' loaded for trajectory optimization.
[INFO] [1783866894.878054233, 456.606000000]: Footprint model 'polygon' loaded for trajectory optimization.
[INFO] [1783866895.482347921, 457.208000000]: Footprint model 'polygon' loaded for trajectory optimization.
[INFO] [1783866896.036559777, 457.760000000]: Footprint model 'polygon' loaded for trajectory optimization.
[INFO] [1783866896.691453128, 458.414000000]: Footprint model 'polygon' loaded for trajectory optimization.
[INFO] [1783866897.287768354, 459.008000000]: Footprint model 'polygon' loaded for trajectory optimization.
[INFO] [1783866897.887635234, 459.608000000]: Footprint model 'polygon' loaded for trajectory optimization.
[INFO] [1783866898.495222257, 460.216000000]: Footprint model 'polygon' loaded for trajectory optimization.
[INFO] [1783866899.094700761, 460.814000000]: Footprint model 'polygon' loaded for trajectory optimization.
[INFO] [1783866899.642983939, 461.362000000]: Footprint model 'polygon' loaded for trajectory optimization.
[INFO] [1783866900.248178968, 461.964000000]: Footprint model 'polygon' loaded for trajectory optimization.
[INFO] [1783866900.850252946, 462.566000000]: Footprint model 'polygon' loaded for trajectory optimization.
[INFO] [1783866901.449729833, 463.164000000]: Footprint model 'polygon' loaded for trajectory optimization.
[INFO] [1783866902.099243675, 463.814000000]: Footprint model 'polygon' loaded for trajectory optimization.
[INFO] [1783866902.712615611, 464.426000000]: Footprint model 'polygon' loaded for trajectory optimization.
[INFO] [1783866902.917110989, 464.630000000]: TebLocalPlannerROS: oscillation recovery disabled/expired.
[INFO] [1783866903.238280299, 464.950000000]: Footprint model 'polygon' loaded for trajectory optimization.
[INFO] [1783866903.843366072, 465.554000000]: Footprint model 'polygon' loaded for trajectory optimization.
[INFO] [1783866904.499415783, 466.212000000]: Footprint model 'polygon' loaded for trajectory optimization.
[INFO] [1783866905.044345652, 466.756000000]: Footprint model 'polygon' loaded for trajectory optimization.
[INFO] [1783866905.700846914, [WARN] [1783866906.524132671, 468.230000000]: TebLocalPlannerROS: possible oscillation (of the robot or its local plan) detected. Activating recovery strategy (prefer current turning direction during optimization).
[WARN] [1783866921.147672452, 482.830000000]: TebLocalPlannerROS: possible oscillation (of the robot or its local plan) detected. Activating recovery strategy (prefer current turning direction during optimization).
467.410000000]: Footprint model 'polygon' loaded for trajectory optimization.
[INFO] [1783866906.241195144, 467.950000000]: Footprint model 'polygon' loaded for trajectory optimization.
[INFO] [1783866906.850674685, 468.558000000]: Footprint model 'polygon' loaded for trajectory optimization.
[INFO] [1783866907.502055172, 469.210000000]: Footprint model 'polygon' loaded for trajectory optimization.
[INFO] [1783866908.092941704, 469.798000000]: Footprint model 'polygon' loaded for trajectory optimization.
[INFO] [1783866908.706510124, 470.408000000]: Footprint model 'polygon' loaded for trajectory optimization.
[INFO] [1783866909.249880949, 470.956000000]: Footprint model 'polygon' loaded for trajectory optimization.
[INFO] [1783866909.851778416, 471.554000000]: Footprint model 'polygon' loaded for trajectory optimization.
[INFO] [1783866910.500644021, 472.200000000]: Footprint model 'polygon' loaded for trajectory optimization.
[INFO] [1783866911.098786267, 472.796000000]: Footprint model 'polygon' loaded for trajectory optimization.
[INFO] [1783866914.705867114, 476.400000000]: Footprint model 'polygon' loaded for trajectory optimization.
[INFO] [1783866915.313412245, 477.008000000]: Footprint model 'polygon' loaded for trajectory optimization.
[INFO] [1783866915.907412188, 477.598000000]: Footprint model 'polygon' loaded for trajectory optimization.
[INFO] [1783866916.516257833, 478.204000000]: Footprint model 'polygon' loaded for trajectory optimization.
[INFO] [1783866917.059109853, 478.748000000]: Footprint model 'polygon' loaded for trajectory optimization.
[INFO] [1783866917.441752274, 479.130000000]: TebLocalPlannerROS: oscillation recovery disabled/expired.
[INFO] [1783866917.712748261, 479.402000000]: Footprint model 'polygon' loaded for trajectory optimization.
[INFO] [1783866918.312602884, 479.998000000]: Footprint model 'polygon' loaded for trajectory optimization.
[INFO] [1783866918.923085621, 480.608000000]: Footprint model 'polygon' loaded for trajectory optimization.
[INFO] [1783866919.529286544, 481.214000000]: Footprint model 'polygon' loaded for trajectory optimization.
[INFO] [1783866923.089936597, 484.770000000]: Footprint model 'polygon' loaded for trajectory optimization.
[INFO] [1783866923.749043704, 485.428000000]: Footprint model 'polygon' loaded for trajectory optimization.
[INFO] [1783866924.338537938, 486.014000000]: Footprint model 'polygon' loaded for trajectory optimization.
[INFO] [1783866924.935145045, 486.610000000]: Footprint model 'polygon' loaded for trajectory optimization.
[INFO] [1783866925.539566389, 487.212000000]: Footprint model 'polygon' loaded for trajectory optimization.
[INFO] [1783866926.083604814, 487.756000000]: Footprint model 'polygon' loaded for trajectory optimization.
[INFO] [1783866926.910361774, 488.584000000]: Footprint model 'polygon' loaded for trajectory optimization.
[INFO] [1783866927.781049528, 489.450000000]: Footprint model 'polygon' loaded for trajectory optimization.
[INFO] [1783866928.377989237, 490.046000000]: Footprint model 'polygon' loaded for trajectory optimization.
[INFO] [1783866928.972984003, 490.642000000]: Footprint model 'polygon' loaded for trajectory optimization.
[INFO] [1783866929.529653676, 491.196000000]: Footprint model 'polygon' loaded for trajectory optimization.
[INFO] [1783866930.175446837, 491.842000000]: Footprint model 'polygon' loaded for trajectory optimization.
[INFO] [1783866930.730597930, 492.394000000]: Footprint model 'polygon' loaded for trajectory optimization.
[INFO] [1783866931.375800073, 493.040000000]: Footprint model 'polygon' loaded for trajectory optimization.
[INFO] [1783866931.982041799, 493.644000000]: Footprint model 'polygon' loaded for trajectory optimization.
[INFO] [1783866932.117799911, 493.780000000]: TebLocalPlannerROS: oscillation recovery disabled/expired.
[INFO] [1783866933.619762930, 495.280000000]: GOAL Reached!
[INFO] [1783866933.767305917, 495.428000000]: Footprint model 'polygon' loaded for trajectory optimization.
[INFO] [1783866934.651367626, 496.308000000]: Footprint model 'polygon' load[WARN] [1783866960.255927762, 521.870000000]: TebLocalPlannerROS: possible oscillation (of the robot or its local plan) detected. Activating recovery strategy (prefer current turning direction during optimization).
ed for trajectory optimization.
[INFO] [1783866935.197887207, 496.854000000]: Footprint model 'polygon' loaded for trajectory optimization.
[INFO] [1783866935.800126827, 497.454000000]: Footprint model 'polygon' loaded for trajectory optimization.
[INFO] [1783866936.446108232, 498.100000000]: Footprint model 'polygon' loaded for trajectory optimization.
[INFO] [1783866937.051159576, 498.704000000]: Footprint model 'polygon' loaded for trajectory optimization.
[INFO] [1783866937.597084659, 499.248000000]: Footprint model 'polygon' loaded for trajectory optimization.
[INFO] [1783866938.200396183, 499.852000000]: Footprint model 'polygon' loaded for trajectory optimization.
[INFO] [1783866938.798347622, 500.448000000]: Footprint model 'polygon' loaded for trajectory optimization.
[INFO] [1783866939.400196244, 501.048000000]: Footprint model 'polygon' loaded for trajectory optimization.
[INFO] [1783866941.389980660, 503.036000000]: GOAL Reached!
[INFO] [1783866941.530786112, 503.178000000]: Footprint model 'polygon' loaded for trajectory optimization.
[INFO] [1783866942.406230249, 504.050000000]: Footprint model 'polygon' loaded for trajectory optimization.
[INFO] [1783866942.988916925, 504.634000000]: Footprint model 'polygon' loaded for trajectory optimization.
[INFO] [1783866943.602549387, 505.244000000]: Footprint model 'polygon' loaded for trajectory optimization.
[INFO] [1783866944.148628402, 505.792000000]: Footprint model 'polygon' loaded for trajectory optimization.
[INFO] [1783866944.801057934, 506.440000000]: Footprint model 'polygon' loaded for trajectory optimization.
[INFO] [1783866945.349428520, 506.990000000]: Footprint model 'polygon' loaded for trajectory optimization.
[INFO] [1783866946.006070965, 507.644000000]: Footprint model 'polygon' loaded for trajectory optimization.
[INFO] [1783866946.550533376, 508.190000000]: Footprint model 'polygon' loaded for trajectory optimization.
[INFO] [1783866950.161471850, 511.794000000]: Footprint model 'polygon' loaded for trajectory optimization.
[INFO] [1783866950.762139494, 512.396000000]: Footprint model 'polygon' loaded for trajectory optimization.
[INFO] [1783866951.360612564, 512.992000000]: Footprint model 'polygon' loaded for trajectory optimization.
[INFO] [1783866951.960263478, 513.590000000]: Footprint model 'polygon' loaded for trajectory optimization.
[INFO] [1783866952.611189356, 514.240000000]: Footprint model 'polygon' loaded for trajectory optimization.
[INFO] [1783866953.155981983, 514.784000000]: Footprint model 'polygon' loaded for trajectory optimization.
[INFO] [1783866953.816192655, 515.442000000]: Footprint model 'polygon' loaded for trajectory optimization.
[INFO] [1783866954.414543515, 516.040000000]: Footprint model 'polygon' loaded for trajectory optimization.
[INFO] [1783866954.968468664, 516.592000000]: Footprint model 'polygon' loaded for trajectory optimization.
[INFO] [1783866955.568245045, 517.190000000]: Footprint model 'polygon' loaded for trajectory optimization.
[INFO] [1783866956.220285002, 517.844000000]: Footprint model 'polygon' loaded for trajectory optimization.
[INFO] [1783866956.824579018, 518.444000000]: Footprint model 'polygon' loaded for trajectory optimization.
[INFO] [1783866957.369456560, 518.990000000]: Footprint model 'polygon' loaded for trajectory optimization.
[INFO] [1783866958.025632074, 519.644000000]: Footprint model 'polygon' loaded for trajectory optimization.
[INFO] [1783866958.614371025, 520.232000000]: Footprint model 'polygon' loaded for trajectory optimization.
[INFO] [1783866959.177714413, 520.794000000]: Footprint model 'polygon' loaded for trajectory optimization.
[INFO] [1783866959.828895785, 521.446000000]: Footprint model 'polygon' loaded for trajectory optimization.
[INFO] [1783866960.425865403, 522.040000000]: Footprint model 'polygon' loaded for trajectory optimization.
[INFO] [1783866961.030668429, 522.644000000]: Footprint model 'polygon' loaded for trajectory optimization.
[INFO] [1783866961.629308154, 523.242000000]: Footprint model 'polygon' loaded for trajectory optimization.
[INFO] [[ERROR] [1783866969.769383941, 531.370000000]: Aborting because the robot appears to be oscillating over and over. Even after executing all recovery behaviors
[ERROR] [1783866979.795034108, 541.378000000]: TebOptimalPlanner::getVelocityCommand() - timediff<=0 is invalid!
[WARN] [1783866979.795109272, 541.378000000]: TebLocalPlannerROS: velocity command invalid. Resetting planner...
1783866962.178640137, 523.790000000]: Footprint model 'polygon' loaded for trajectory optimization.
[INFO] [1783866962.834790657, 524.446000000]: Footprint model 'polygon' loaded for trajectory optimization.
[INFO] [1783866963.429893664, 525.040000000]: Footprint model 'polygon' loaded for trajectory optimization.
[INFO] [1783866964.040510681, 525.648000000]: Footprint model 'polygon' loaded for trajectory optimization.
[INFO] [1783866964.633596875, 526.240000000]: Footprint model 'polygon' loaded for trajectory optimization.
[INFO] [1783866965.192850211, 526.798000000]: Footprint model 'polygon' loaded for trajectory optimization.
[INFO] [1783866965.846617257, 527.450000000]: Footprint model 'polygon' loaded for trajectory optimization.
[INFO] [1783866966.446539642, 528.050000000]: Footprint model 'polygon' loaded for trajectory optimization.
[INFO] [1783866966.981023348, 528.586000000]: Footprint model 'polygon' loaded for trajectory optimization.
[INFO] [1783866967.644556180, 529.250000000]: Footprint model 'polygon' loaded for trajectory optimization.
[INFO] [1783866968.244277435, 529.844000000]: Footprint model 'polygon' loaded for trajectory optimization.
[INFO] [1783866968.799899707, 530.402000000]: Footprint model 'polygon' loaded for trajectory optimization.
[INFO] [1783866969.447806004, 531.048000000]: Footprint model 'polygon' loaded for trajectory optimization.
[INFO] [1783866970.170416053, 531.770000000]: Footprint model 'polygon' loaded for trajectory optimization.
[INFO] [1783866971.052358019, 532.648000000]: Footprint model 'polygon' loaded for trajectory optimization.
[INFO] [1783866971.599488891, 533.196000000]: Footprint model 'polygon' loaded for trajectory optimization.
[INFO] [1783866972.206939604, 533.802000000]: Footprint model 'polygon' loaded for trajectory optimization.
[INFO] [1783866972.802601430, 534.396000000]: Footprint model 'polygon' loaded for trajectory optimization.
[INFO] [1783866973.399191142, 534.992000000]: Footprint model 'polygon' loaded for trajectory optimization.
[INFO] [1783866974.051512788, 535.642000000]: Footprint model 'polygon' loaded for trajectory optimization.
[INFO] [1783866974.653021102, 536.242000000]: Footprint model 'polygon' loaded for trajectory optimization.
[INFO] [1783866975.205489689, 536.794000000]: Footprint model 'polygon' loaded for trajectory optimization.
[INFO] [1783866975.806218314, 537.394000000]: Footprint model 'polygon' loaded for trajectory optimization.
[INFO] [1783866976.459199273, 538.046000000]: Footprint model 'polygon' loaded for trajectory optimization.
[INFO] [1783866977.004781653, 538.592000000]: Footprint model 'polygon' loaded for trajectory optimization.
[INFO] [1783866977.655745731, 539.242000000]: Footprint model 'polygon' loaded for trajectory optimization.
[INFO] [1783866978.254665137, 539.836000000]: Footprint model 'polygon' loaded for trajectory optimization.
[INFO] [1783866978.806168985, 540.390000000]: Footprint model 'polygon' loaded for trajectory optimization.
[INFO] [1783866979.402606361, 540.988000000]: Footprint model 'polygon' loaded for trajectory optimization.
[INFO] [1783866981.497725757, 543.078000000]: GOAL Reached!
[INFO] [1783866981.640696126, 543.220000000]: Footprint model 'polygon' loaded for trajectory optimization.
[INFO] [1783866982.513720563, 544.090000000]: Footprint model 'polygon' loaded for trajectory optimization.
[INFO] [1783866982.545555802, 544.122000000]: TebLocalPlannerROS: oscillation recovery disabled/expired.
[INFO] [1783866983.115722609, 544.690000000]: Footprint model 'polygon' loaded for trajectory optimization.
[INFO] [1783866983.712365062, 545.284000000]: Footprint model 'polygon' loaded for trajectory optimization.
[INFO] [1783866984.265862067, 545.836000000]: Footprint model 'polygon' loaded for trajectory optimization.
[INFO] [1783866984.867613768, 546.438000000]: Footprint model 'polygon' loaded for trajectory optimization.
[INFO] [1783866985.516027896, 547.086000000]: Footprint model 'polygon' loaded for trajectory optimization.
[INFO] [1783866986.066112618, 547.636000000]: Footp[WARN] [1783867008.657846137, 570.190000000]: TebLocalPlannerROS: possible oscillation (of the robot or its local plan) detected. Activating recovery strategy (prefer current turning direction during optimization).
rint model 'polygon' loaded for trajectory optimization.
[INFO] [1783866986.669819742, 548.238000000]: Footprint model 'polygon' loaded for trajectory optimization.
[INFO] [1783866987.267178401, 548.836000000]: Footprint model 'polygon' loaded for trajectory optimization.
[INFO] [1783866989.057063976, 550.622000000]: GOAL Reached!
[INFO] [1783866989.208053752, 550.772000000]: Footprint model 'polygon' loaded for trajectory optimization.
[INFO] [1783866990.110414811, 551.672000000]: Footprint model 'polygon' loaded for trajectory optimization.
[INFO] [1783866990.656606979, 552.218000000]: Footprint model 'polygon' loaded for trajectory optimization.
[INFO] [1783866991.307620543, 552.868000000]: Footprint model 'polygon' loaded for trajectory optimization.
[INFO] [1783866992.002995278, 553.562000000]: Footprint model 'polygon' loaded for trajectory optimization.
[INFO] [1783866992.614602834, 554.172000000]: Footprint model 'polygon' loaded for trajectory optimization.
[INFO] [1783866993.208419855, 554.764000000]: Footprint model 'polygon' loaded for trajectory optimization.
[INFO] [1783866993.760889698, 555.318000000]: Footprint model 'polygon' loaded for trajectory optimization.
[INFO] [1783866994.416615576, 555.972000000]: Footprint model 'polygon' loaded for trajectory optimization.
[INFO] [1783866995.012346306, 556.566000000]: Footprint model 'polygon' loaded for trajectory optimization.
[INFO] [1783866998.621102570, 560.170000000]: Footprint model 'polygon' loaded for trajectory optimization.
[INFO] [1783866999.214718019, 560.762000000]: Footprint model 'polygon' loaded for trajectory optimization.
[INFO] [1783866999.817584187, 561.364000000]: Footprint model 'polygon' loaded for trajectory optimization.
[INFO] [1783867000.422525289, 561.966000000]: Footprint model 'polygon' loaded for trajectory optimization.
[INFO] [1783867001.016822109, 562.560000000]: Footprint model 'polygon' loaded for trajectory optimization.
[INFO] [1783867001.613257174, 563.158000000]: Footprint model 'polygon' loaded for trajectory optimization.
[INFO] [1783867002.213808710, 563.758000000]: Footprint model 'polygon' loaded for trajectory optimization.
[INFO] [1783867002.819504922, 564.362000000]: Footprint model 'polygon' loaded for trajectory optimization.
[INFO] [1783867003.360642223, 564.904000000]: Footprint model 'polygon' loaded for trajectory optimization.
[INFO] [1783867003.972765207, 565.512000000]: Footprint model 'polygon' loaded for trajectory optimization.
[INFO] [1783867004.574074768, 566.112000000]: Footprint model 'polygon' loaded for trajectory optimization.
[INFO] [1783867005.223709060, 566.762000000]: Footprint model 'polygon' loaded for trajectory optimization.
[INFO] [1783867005.827364559, 567.364000000]: Footprint model 'polygon' loaded for trajectory optimization.
[INFO] [1783867006.375118596, 567.910000000]: Footprint model 'polygon' loaded for trajectory optimization.
[INFO] [1783867006.976954797, 568.512000000]: Footprint model 'polygon' loaded for trajectory optimization.
[INFO] [1783867007.626119386, 569.160000000]: Footprint model 'polygon' loaded for trajectory optimization.
[INFO] [1783867008.176193455, 569.708000000]: Footprint model 'polygon' loaded for trajectory optimization.
[INFO] [1783867008.831221270, 570.362000000]: Footprint model 'polygon' loaded for trajectory optimization.
[INFO] [1783867009.432155874, 570.962000000]: Footprint model 'polygon' loaded for trajectory optimization.
[INFO] [1783867009.985511061, 571.514000000]: Footprint model 'polygon' loaded for trajectory optimization.
[INFO] [1783867010.584591766, 572.112000000]: Footprint model 'polygon' loaded for trajectory optimization.
[INFO] [1783867011.239812592, 572.766000000]: Footprint model 'polygon' loaded for trajectory optimization.
[INFO] [1783867011.830956083, 573.356000000]: Footprint model 'polygon' loaded for trajectory optimization.
[INFO] [1783867012.388600039, 573.912000000]: Footprint model 'polygon' loaded for trajectory optimization.
[INFO] [1783867013.042456586, 574.566000000]: Footprint model 'polygon' loaded for trajecto[WARN] [1783867029.616283636, 591.112000000]: The origin for the sensor at (7.62, 0.02) is out of map bounds. So, the costmap cannot raytrace for it.
ry optimization.
[INFO] [1783867013.592308649, 575.114000000]: Footprint model 'polygon' loaded for trajectory optimization.
[INFO] [1783867014.192709072, 575.714000000]: Footprint model 'polygon' loaded for trajectory optimization.
[INFO] [1783867014.852210435, 576.372000000]: Footprint model 'polygon' loaded for trajectory optimization.
[INFO] [1783867015.396219518, 576.916000000]: Footprint model 'polygon' loaded for trajectory optimization.
[INFO] [1783867016.052152947, 577.570000000]: Footprint model 'polygon' loaded for trajectory optimization.
[INFO] [1783867016.651143283, 578.170000000]: Footprint model 'polygon' loaded for trajectory optimization.
[INFO] [1783867017.195306577, 578.712000000]: Footprint model 'polygon' loaded for trajectory optimization.
[INFO] [1783867017.807667723, 579.324000000]: Footprint model 'polygon' loaded for trajectory optimization.
[INFO] [1783867018.463250176, 579.978000000]: Footprint model 'polygon' loaded for trajectory optimization.
[INFO] [1783867019.152575446, 580.666000000]: Footprint model 'polygon' loaded for trajectory optimization.
[INFO] [1783867019.740127771, 581.254000000]: Footprint model 'polygon' loaded for trajectory optimization.
[INFO] [1783867020.344806460, 581.858000000]: Footprint model 'polygon' loaded for trajectory optimization.
[INFO] [1783867020.956254460, 582.466000000]: Footprint model 'polygon' loaded for trajectory optimization.
[INFO] [1783867021.555525195, 583.068000000]: Footprint model 'polygon' loaded for trajectory optimization.
[INFO] [1783867022.162303072, 583.670000000]: Footprint model 'polygon' loaded for trajectory optimization.
[INFO] [1783867022.766266716, 584.274000000]: Footprint model 'polygon' loaded for trajectory optimization.
[INFO] [1783867023.307157382, 584.816000000]: Footprint model 'polygon' loaded for trajectory optimization.
[INFO] [1783867023.919669458, 585.426000000]: Footprint model 'polygon' loaded for trajectory optimization.
[INFO] [1783867024.514479767, 586.020000000]: Footprint model 'polygon' loaded for trajectory optimization.
[INFO] [1783867025.116862787, 586.622000000]: Footprint model 'polygon' loaded for trajectory optimization.
[INFO] [1783867025.775577215, 587.278000000]: Footprint model 'polygon' loaded for trajectory optimization.
[INFO] [1783867026.365769943, 587.868000000]: Footprint model 'polygon' loaded for trajectory optimization.
[INFO] [1783867026.961520388, 588.462000000]: Footprint model 'polygon' loaded for trajectory optimization.
[INFO] [1783867027.517241549, 589.018000000]: Footprint model 'polygon' loaded for trajectory optimization.
[INFO] [1783867028.124858284, 589.624000000]: Footprint model 'polygon' loaded for trajectory optimization.
[INFO] [1783867028.773507257, 590.270000000]: Footprint model 'polygon' loaded for trajectory optimization.
[INFO] [1783867029.550230898, 591.046000000]: Footprint model 'polygon' loaded for trajectory optimization.
[INFO] [1783867030.415299864, 591.908000000]: Footprint model 'polygon' loaded for trajectory optimization.
[INFO] [1783867031.017166184, 592.512000000]: Footprint model 'polygon' loaded for trajectory optimization.
[INFO] [1783867031.630596299, 593.124000000]: Footprint model 'polygon' loaded for trajectory optimization.
[INFO] [1783867032.164651168, 593.656000000]: Footprint model 'polygon' loaded for trajectory optimization.
[INFO] [1783867032.816770739, 594.306000000]: Footprint model 'polygon' loaded for trajectory optimization.
[INFO] [1783867033.415956171, 594.904000000]: Footprint model 'polygon' loaded for trajectory optimization.
[INFO] [1783867034.017267254, 595.504000000]: Footprint model 'polygon' loaded for trajectory optimization.
[INFO] [1783867034.568437889, 596.054000000]: Footprint model 'polygon' loaded for trajectory optimization.
[INFO] [1783867036.156860373, 597.642000000]: GOAL Reached!
[INFO] [1783867036.292043646, 597.776000000]: Footprint model 'polygon' loaded for trajectory optimization.
[INFO] [1783867037.168345396, 598.650000000]: Footprint model 'polygon' loaded for trajectory optimization.
[INFO] [1783867037.802299254, 599.284000000]: Footprint model 'polygon' loaded for trajectory optimization.
[INFO] [1783867038.408374257, 599.888000000]: Footprint model 'polygon' loaded for trajectory optimization.
[INFO] [1783867039.008768926, 600.488000000]: Footprint model 'polygon' loaded for trajectory optimization.
[INFO] [1783867039.655602490, 601.132000000]: Footprint model 'polygon' loaded for trajectory optimization.
[INFO] [1783867040.210939892, 601.688000000]: Footprint model 'polygon' loaded for trajectory optimization.
[INFO] [1783867040.859219688, 602.334000000]: Footprint model 'polygon' loaded for trajectory optimization.
[INFO] [1783867041.461596939, 602.934000000]: Footprint model 'polygon' loaded for trajectory optimization.
[INFO] [1783867041.597321670, 603.070000000]: TebLocalPlannerROS: oscillation recovery disabled/expired.
[INFO] [1783867042.013610553, 603.486000000]: Footprint model 'polygon' loaded for trajectory optimization.
[INFO] [1783867042.663774136, 604.134000000]: Footprint model 'polygon' loaded for trajectory optimization.
[INFO] [1783867043.210919320, 604.684000000]: Footprint model 'polygon' loaded for trajectory optimization.
[INFO] [1783867043.809943240, 605.282000000]: Footprint model 'polygon' loaded for trajectory optimization.
[INFO] [1783867045.503988798, 606.970000000]: GOAL Reached!
[INFO] [1783867045.663298547, 607.130000000]: Footprint model 'polygon' loaded for trajectory optimization.
[INFO] [1783867046.565778977, 608.030000000]: Footprint model 'polygon' loaded for trajectory optimization.
[INFO] [1783867047.106232766, 608.568000000]: Footprint model 'polygon' loaded for trajectory optimization.
[INFO] [1783867047.704393423, 609.166000000]: Footprint model 'polygon' loaded for trajectory optimization.
[INFO] [1783867048.306564733, 609.768000000]: Footprint model 'polygon' loaded for trajectory optimization.
[INFO] [1783867048.956606131, 610.416000000]: Footprint model 'polygon' loaded for trajectory optimization.
[INFO] [1783867049.551950581, 611.010000000]: Footprint model 'polygon' loaded for trajectory optimization.
[INFO] [1783867050.107850420, 611.564000000]: Footprint model 'polygon' loaded for trajectory optimization.
[INFO] [1783867050.706973403, 612.164000000]: Footprint model 'polygon' loaded for trajectory optimization.
[INFO] [1783867051.309975235, 612.764000000]: Footprint model 'polygon' loaded for trajectory optimization.
[INFO] [1783867053.095867901, 614.548000000]: GOAL Reached!
[INFO] [1783867053.257285230, 614.710000000]: Footprint model 'polygon' loaded for trajectory optimization.
[INFO] [1783867054.135480262, 615.588000000]: Footprint model 'polygon' loaded for trajectory optimization.
[INFO] [1783867054.678872627, 616.128000000]: Footprint model 'polygon' loaded for trajectory optimization.
[INFO] [1783867055.332093415, 616.780000000]: Footprint model 'polygon' loaded for trajectory optimization.
[INFO] [1783867055.929377167, 617.378000000]: Footprint model 'polygon' loaded for trajectory optimization.
[INFO] [1783867056.484179057, 617.930000000]: Footprint model 'polygon' loaded for trajectory optimization.
[INFO] [1783867057.083424050, 618.528000000]: Footprint model 'polygon' loaded for trajectory optimization.
[INFO] [1783867057.682842361, 619.128000000]: Footprint model 'polygon' loaded for trajectory optimization.
[INFO] [1783867058.331933107, 619.774000000]: Footprint model 'polygon' loaded for trajectory optimization.
[INFO] [1783867058.883442803, 620.324000000]: Footprint model 'polygon' loaded for trajectory optimization.
[INFO] [1783867060.475284385, 621.914000000]: GOAL Reached!
[INFO] [1783867060.628672828, 622.066000000]: Footprint model 'polygon' loaded for trajectory optimization.
[INFO] [1783867061.512521316, 622.948000000]: Footprint model 'polygon' loaded for trajectory optimization.
[INFO] [1783867062.091003346, 623.528000000]: Footprint model 'polygon' loaded for trajectory optimization.
[INFO] [1783867062.650706746, 624.086000000]: Footprint model 'polygon' loaded for trajectory optimization.
[INFO] [1783867063.250311453, 624.688000000]: Footprint model 'polygon' loaded for trajectory optimization.
[INFO] [1783867063.896939372, 625.330000000]: Footprint model 'polygon' loaded for trajectory optimization.
[INFO] [1783867064.449856244, 625.882000000]: Footprint model 'polygon' loaded for trajectory optimization.
[INFO] [1783867065.051020194, 626.482000000]: Footprint model 'polygon' loaded for trajectory optimization.
[INFO] [1783867065.649417588, 627.078000000]: Footprint model 'polygon' loaded for trajectory optimization.
[INFO] [1783867066.299618680, 627.728000000]: Footprint model 'polygon' loaded for trajectory optimization.
[INFO] [1783867068.039449042, 629.466000000]: GOAL Reached!
[INFO] [1783867068.198431178, 629.626000000]: Footprint model 'polygon' loaded for trajectory optimization.
[INFO] [1783867069.084172403, 630.510000000]: Footprint model 'polygon' loaded for trajectory optimization.
[INFO] [1783867069.633706507, 631.056000000]: Footprint model 'polygon' loaded for trajectory optimization.
[INFO] [1783867070.286802708, 631.710000000]: Footprint model 'polygon' loaded for trajectory optimization.
[INFO] [1783867070.829914041, 632.250000000]: Footprint model 'polygon' loaded for trajectory optimization.
[INFO] [1783867071.439762706, 632.858000000]: Footprint model 'polygon' loaded for trajectory optimization.
[INFO] [1783867072.083548665, 633.502000000]: Footprint model 'polygon' loaded for trajectory optimization.
[INFO] [1783867072.683430992, 634.100000000]: Footprint model 'polygon' loaded for trajectory optimization.
[INFO] [1783867073.236936047, 634.652000000]: Footprint model 'polygon' loaded for trajectory optimization.
[INFO] [1783867073.834626045, 635.252000000]: Footprint model 'polygon' loaded for trajectory optimization.
[INFO] [1783867075.619125451, 637.034000000]: GOAL Reached!
[INFO] [1783867075.757247073, 637.170000000]: Footprint model 'polygon' loaded for trajectory optimization.
[INFO] [1783867076.642830739, 638.054000000]: Footprint model 'polygon' loaded for trajectory optimization.
[INFO] [1783867077.179041677, 638.590000000]: Footprint model 'polygon' loaded for trajectory optimization.
[INFO] [1783867077.780947951, 639.190000000]: Footprint model 'polygon' loaded for trajectory optimization.
[INFO] [1783867078.425643082, 639.834000000]: Footprint model 'polygon' loaded for trajectory optimization.
[INFO] [1783867078.982250325, 640.388000000]: Footprint model 'polygon' loaded for trajectory optimization.
[INFO] [1783867079.583032221, 640.986000000]: Footprint model 'polygon' loaded for trajectory optimization.
[INFO] [1783867080.181334047, 641.586000000]: Footprint model 'polygon' loaded for trajectory optimization.
[INFO] [1783867080.782722877, 642.186000000]: Footprint model 'polygon' loaded for trajectory optimization.
[INFO] [1783867082.373051362, 643.774000000]: GOAL Reached!
[INFO] [1783867082.509270026, 643.910000000]: Footprint model 'polygon' loaded for trajectory optimization.
[INFO] [1783867083.371507775, 644.770000000]: Footprint model 'polygon' loaded for trajectory optimization.
[INFO] [1783867083.924555905, 645.324000000]: Footprint model 'polygon' loaded for trajectory optimization.
[INFO] [1783867084.573214635, 645.968000000]: Footprint model 'polygon' loaded for trajectory optimization.
[INFO] [1783867085.126342295, 646.520000000]: Footprint model 'polygon' loaded for trajectory optimization.
[INFO] [1783867085.772451796, 647.164000000]: Footprint model 'polygon' loaded for trajectory optimization.
[INFO] [1783867086.371792807, 647.764000000]: Footprint model 'polygon' loaded for trajectory optimization.
[INFO] [1783867086.930062308, 648.320000000]: Footprint model 'polygon' loaded for trajectory optimization.
[INFO] [1783867087.526727124, 648.916000000]: Footprint model 'polygon' loaded for trajectory optimization.
[INFO] [1783867088.177523920, 649.566000000]: Footprint model 'polygon' loaded for trajectory optimization.
[INFO] [1783867088.727863412, 650.114000000]: Footprint model 'polygon' loaded for trajectory optimization.
[INFO] [1783867090.419312172, 651.804000000]: GOAL Reached!
[INFO] [1783867090.559[WARN] [1783867105.099402288, 666.458000000]: TebLocalPlannerROS: possible oscillation (of the robot or its local plan) detected. Activating recovery strategy (prefer current turning direction during optimization).
412751, 651.944000000]: Footprint model 'polygon' loaded for trajectory optimization.
[INFO] [1783867091.446853139, 652.830000000]: Footprint model 'polygon' loaded for trajectory optimization.
[INFO] [1783867092.003506202, 653.384000000]: Footprint model 'polygon' loaded for trajectory optimization.
[INFO] [1783867092.600311405, 653.980000000]: Footprint model 'polygon' loaded for trajectory optimization.
[INFO] [1783867093.203569801, 654.582000000]: Footprint model 'polygon' loaded for trajectory optimization.
[INFO] [1783867093.802933471, 655.180000000]: Footprint model 'polygon' loaded for trajectory optimization.
[INFO] [1783867094.452086037, 655.828000000]: Footprint model 'polygon' loaded for trajectory optimization.
[INFO] [1783867095.050118719, 656.426000000]: Footprint model 'polygon' loaded for trajectory optimization.
[INFO] [1783867095.606265773, 656.980000000]: Footprint model 'polygon' loaded for trajectory optimization.
[INFO] [1783867099.259144722, 660.630000000]: Footprint model 'polygon' loaded for trajectory optimization.
[INFO] [1783867099.863530012, 661.230000000]: Footprint model 'polygon' loaded for trajectory optimization.
[INFO] [1783867100.457567145, 661.826000000]: Footprint model 'polygon' loaded for trajectory optimization.
[INFO] [1783867101.055586347, 662.422000000]: Footprint model 'polygon' loaded for trajectory optimization.
[INFO] [1783867101.659498611, 663.022000000]: Footprint model 'polygon' loaded for trajectory optimization.
[INFO] [1783867102.268531463, 663.632000000]: Footprint model 'polygon' loaded for trajectory optimization.
[INFO] [1783867102.821938119, 664.186000000]: Footprint model 'polygon' loaded for trajectory optimization.
[INFO] [1783867103.422836380, 664.786000000]: Footprint model 'polygon' loaded for trajectory optimization.
[INFO] [1783867107.080220266, 668.436000000]: Footprint model 'polygon' loaded for trajectory optimization.
[INFO] [1783867107.693764440, 669.050000000]: Footprint model 'polygon' loaded for trajectory optimization.
[INFO] [1783867108.238806426, 669.594000000]: Footprint model 'polygon' loaded for trajectory optimization.
[INFO] [1783867108.837950542, 670.192000000]: Footprint model 'polygon' loaded for trajectory optimization.
[INFO] [1783867109.486561743, 670.840000000]: Footprint model 'polygon' loaded for trajectory optimization.
[INFO] [1783867110.037740422, 671.388000000]: Footprint model 'polygon' loaded for trajectory optimization.
[INFO] [1783867110.693436716, 672.046000000]: Footprint model 'polygon' loaded for trajectory optimization.
[INFO] [1783867111.239293612, 672.590000000]: Footprint model 'polygon' loaded for trajectory optimization.
[INFO] [1783867111.844319912, 673.194000000]: Footprint model 'polygon' loaded for trajectory optimization.
[INFO] [1783867112.449307942, 673.798000000]: Footprint model 'polygon' loaded for trajectory optimization.
[INFO] [1783867113.045898329, 674.392000000]: Footprint model 'polygon' loaded for trajectory optimization.
[INFO] [1783867113.703174070, 675.050000000]: Footprint model 'polygon' loaded for trajectory optimization.
[INFO] [1783867114.289619865, 675.634000000]: Footprint model 'polygon' loaded for trajectory optimization.
[INFO] [1783867114.849880919, 676.194000000]: Footprint model 'polygon' loaded for trajectory optimization.
[INFO] [1783867115.448824940, 676.792000000]: Footprint model 'polygon' loaded for trajectory optimization.
[INFO] [1783867116.016327149, 677.358000000]: TebLocalPlannerROS: oscillation recovery disabled/expired.
[INFO] [1783867116.082667895, 677.424000000]: Footprint model 'polygon' loaded for trajectory optimization.
[INFO] [1783867116.645287006, 677.986000000]: Footprint model 'polygon' loaded for trajectory optimization.
[INFO] [1783867117.297128669, 678.638000000]: Footprint model 'polygon' loaded for trajectory optimization.
[INFO] [1783867117.844005497, 679.184000000]: Footprint model 'polygon' loaded for trajectory optimization.
[INFO] [1783867118.500999628, 679.840000000]: Footprint model 'polygon' loaded for trajectory optimization.
[INFO] [178386711[WARN] [1783867120.124079428, 681.458000000]: TebLocalPlannerROS: possible oscillation (of the robot or its local plan) detected. Activating recovery strategy (prefer current turning direction during optimization).
[WARN] [1783867136.802406735, 698.112000000]: The origin for the sensor at (7.40, -0.00) is out of map bounds. So, the costmap cannot raytrace for it.
[WARN] [1783866838.084053, 399.910000]: training environment stop requested: config_seq 52 did not activate within 2.000s
[WARN] [1783867137.750974, 699.058000]: training environment stop requested: adapter_close
schema_version: '1.0'
task: T11
status: passed
run_id: t11_semantic_eta_projection_only_seed103
algorithm: RL-TEB-Eta-ProjectionOnly
training_seed: 103
safety_mode: ProjectionOnly
episode_count: 70
step_count: 847
failure_count: 6
run_validation:
  valid: true
  run_id: t11_semantic_eta_projection_only_seed103
  episode_count: 70
  step_count: 847
  verified_checksum_count: 4
selected_checkpoint: /home/robot/robot_ws_base_rl/artifacts/t11/runs/t11_semantic_eta_fullsafety_seed103/checkpoints/step_000500
passed: true
acceptance_override: false

[INFO] [1783866436.649324119]: Finished loading Gazebo ROS API Plugin.
[INFO] [1783866436.649971092]: waitForService: Service [/gazebo/set_physics_properties] has not been advertised, waiting...
[INFO] [1783866437.245746512, 0.002000000]: waitForService: Service [/gazebo/set_physics_properties] is now available.
[INFO] [1783866437.281951026, 0.038000000]: Physics dynamic reconfigure ready.
[INFO] [1783866437.480492503, 0.180000000]: <initialOrientationAsReference> is unset, using default value of false to comply with REP 145 (world as orientation reference)
[INFO] [1783866437.480535834, 0.180000000]: <robotNamespace> set to: //
[INFO] [1783866437.480546262, 0.180000000]: <topicName> set to: imu/data
[INFO] [1783866437.480554676, 0.180000000]: <frameName> set to: imu_link
[INFO] [1783866437.480577068, 0.180000000]: <updateRateHZ> set to: 50
[INFO] [1783866437.480587401, 0.180000000]: <gaussianNoise> set to: 0
[INFO] [1783866437.480608098, 0.180000000]: <xyzOffset> set to: 0 0 0
[INFO] [1783866437.480626033, 0.180000000]: <rpyOffset> set to: 0 -0 0
[INFO] [1783866437.596239888, 0.180000000]: Laser Plugin: Using the 'robotNamespace' param: '/'
[INFO] [1783866437.596264672, 0.180000000]: Starting Laser Plugin (ns = /)
[INFO] [1783866437.596919856, 0.180000000]: Laser Plugin (ns = /)  <tf_prefix_>, set to ""
[INFO] [1783866437.714646220, 0.180000000]: M2 simulation-only Ackermann interface loaded; cmd_angle_instead_rotvel=false
9.040685162, 680.382000000]: Footprint model 'polygon' loaded for trajectory optimization.
[INFO] [1783867119.701875101, 681.038000000]: Footprint model 'polygon' loaded for trajectory optimization.
[INFO] [1783867120.297960474, 681.632000000]: Footprint model 'polygon' loaded for trajectory optimization.
[INFO] [1783867120.904701344, 682.238000000]: Footprint model 'polygon' loaded for trajectory optimization.
[INFO] [1783867121.502538728, 682.834000000]: Footprint model 'polygon' loaded for trajectory optimization.
[INFO] [1783867122.099283264, 683.430000000]: Footprint model 'polygon' loaded for trajectory optimization.
[INFO] [1783867122.703881646, 684.034000000]: Footprint model 'polygon' loaded for trajectory optimization.
[INFO] [1783867123.250529867, 684.582000000]: Footprint model 'polygon' loaded for trajectory optimization.
[INFO] [1783867123.851260782, 685.182000000]: Footprint model 'polygon' loaded for trajectory optimization.
[INFO] [1783867124.499261576, 685.828000000]: Footprint model 'polygon' loaded for trajectory optimization.
[INFO] [1783867125.106076802, 686.432000000]: Footprint model 'polygon' loaded for trajectory optimization.
[INFO] [1783867128.706461110, 690.026000000]: Footprint model 'polygon' loaded for trajectory optimization.
[INFO] [1783867129.316196940, 690.636000000]: Footprint model 'polygon' loaded for trajectory optimization.
[INFO] [1783867129.855878326, 691.176000000]: Footprint model 'polygon' loaded for trajectory optimization.
[INFO] [1783867130.505195063, 691.828000000]: Footprint model 'polygon' loaded for trajectory optimization.
[INFO] [1783867131.041035053, 692.358000000]: TebLocalPlannerROS: oscillation recovery disabled/expired.
[INFO] [1783867131.060180163, 692.376000000]: Footprint model 'polygon' loaded for trajectory optimization.
[INFO] [1783867131.661409279, 692.978000000]: Footprint model 'polygon' loaded for trajectory optimization.
[INFO] [1783867132.319733760, 693.636000000]: Footprint model 'polygon' loaded for trajectory optimization.
[INFO] [1783867132.912169729, 694.226000000]: Footprint model 'polygon' loaded for trajectory optimization.
[INFO] [1783867133.509484851, 694.824000000]: Footprint model 'polygon' loaded for trajectory optimization.
[INFO] [1783867134.122081622, 695.432000000]: Footprint model 'polygon' loaded for trajectory optimization.
[INFO] [1783867134.718757904, 696.030000000]: Footprint model 'polygon' loaded for trajectory optimization.
[INFO] [1783867135.314708576, 696.624000000]: Footprint model 'polygon' loaded for trajectory optimization.
[INFO] [1783867135.867941415, 697.176000000]: Footprint model 'polygon' loaded for trajectory optimization.
[INFO] [1783867136.705043357, 698.014000000]: Footprint model 'polygon' loaded for trajectory optimization.
[INFO] [1783867137.821482226, 699.128000000]: Footprint model 'polygon' loaded for trajectory optimization.
[INFO] [1783867137.855814141, 699.162000000]: Footprint model 'polygon' loaded for trajectory optimization.
... logging to /home/robot/.ros/log/c7a9baf6-7dfd-11f1-91bc-3382cc4c3ed1/roslaunch-WP-227166.log
Checking log directory for disk usage. This may take a while.
Press Ctrl-C to interrupt
]2;/home/robot/robot_ws_base_rl/src/tools/thesis_experiment/launch/t11_formal_run.launch
[1mstarted roslaunch server http://WP:43745/[0m

SUMMARY
========

PARAMETERS
 * /gazebo/enable_ros_network: True
 * /m2_gazebo/simulation_only: True
 * /m2_robot_state_publisher/publish_frequency: 30.0
 * /move_base/TebLocalPlannerROS/acc_lim_theta: 0.8
 * /move_base/TebLocalPlannerROS/acc_lim_x: 0.8
 * /move_base/TebLocalPlannerROS/allow_init_with_backwards_motion: True
 * /move_base/TebLocalPlannerROS/cmd_angle_instead_rotvel: False
 * /move_base/TebLocalPlannerROS/costmap_obstacles_behind_robot_dist: 1.5
 * /move_base/TebLocalPlannerROS/dt_hysteresis: 0.1
 * /move_base/TebLocalPlannerROS/dt_ref: 0.3
 * /move_base/TebLocalPlannerROS/enable_homotopy_class_planning: False
 * /move_base/TebLocalPlannerROS/enable_multithreading: True
 * /move_base/TebLocalPlannerROS/feasibility_check_no_poses: 5
 * /move_base/TebLocalPlannerROS/footprint_model/type: polygon
 * /move_base/TebLocalPlannerROS/footprint_model/vertices: [[0.52, 0.35], [0...
 * /move_base/TebLocalPlannerROS/global_plan_overwrite_orientation: True
 * /move_base/TebLocalPlannerROS/include_costmap_obstacles: True
 * /move_base/TebLocalPlannerROS/inflation_dist: 0.55
 * /move_base/TebLocalPlannerROS/map_frame: odom
 * /move_base/TebLocalPlannerROS/max_global_plan_lookahead_dist: 8.0
 * /move_base/TebLocalPlannerROS/max_number_classes: 4
 * /move_base/TebLocalPlannerROS/max_samples: 500
 * /move_base/TebLocalPlannerROS/max_vel_theta: 1.0
 * /move_base/TebLocalPlannerROS/max_vel_x: 1.2
 * /move_base/TebLocalPlannerROS/max_vel_x_backwards: 0.6
 * /move_base/TebLocalPlannerROS/max_vel_y: 0.0
 * /move_base/TebLocalPlannerROS/min_obstacle_dist: 0.25
 * /move_base/TebLocalPlannerROS/min_turning_radius: 1.2
 * /move_base/TebLocalPlannerROS/obstacle_poses_affected: 15
 * /move_base/TebLocalPlannerROS/odom_topic: /odom
 * /move_base/TebLocalPlannerROS/teb_autosize: True
 * /move_base/TebLocalPlannerROS/weight_acc_lim_theta: 1.0
 * /move_base/TebLocalPlannerROS/weight_acc_lim_x: 1.0
 * /move_base/TebLocalPlannerROS/weight_adapt_factor: 2.0
 * /move_base/TebLocalPlannerROS/weight_inflation: 0.1
 * /move_base/TebLocalPlannerROS/weight_kinematics_forward_drive: 10.0
 * /move_base/TebLocalPlannerROS/weight_kinematics_nh: 1000.0
 * /move_base/TebLocalPlannerROS/weight_kinematics_turning_radius: 10.0
 * /move_base/TebLocalPlannerROS/weight_max_vel_theta: 1.0
 * /move_base/TebLocalPlannerROS/weight_max_vel_x: 2.0
 * /move_base/TebLocalPlannerROS/weight_obstacle: 50.0
 * /move_base/TebLocalPlannerROS/weight_optimaltime: 1.0
 * /move_base/TebLocalPlannerROS/weight_viapoint: 1.0
 * /move_base/TebLocalPlannerROS/wheelbase: 0.65
 * /move_base/base_global_planner: navfn/NavfnROS
 * /move_base/base_local_planner: teb_local_planner...
 * /move_base/clearing_rotation_allowed: False
 * /move_base/controller_frequency: 10.0
 * /move_base/controller_patience: 5.0
 * /move_base/global_costmap/footprint: [[0.52, 0.35], [0...
 * /move_base/global_costmap/footprint_padding: 0.05
 * /move_base/global_costmap/global_frame: odom
 * /move_base/global_costmap/height: 30.0
 * /move_base/global_costmap/inflation_layer/cost_scaling_factor: 4.0
 * /move_base/global_costmap/inflation_layer/enabled: True
 * /move_base/global_costmap/inflation_layer/inflation_radius: 0.55
 * /move_base/global_costmap/obstacle_layer/enabled: True
 * /move_base/global_costmap/obstacle_layer/observation_sources: scan
 * /move_base/global_costmap/obstacle_layer/scan/clearing: True
 * /move_base/global_costmap/obstacle_layer/scan/data_type: LaserScan
 * /move_base/global_costmap/obstacle_layer/scan/inf_is_valid: True
 * /move_base/global_costmap/obstacle_layer/scan/marking: True
 * /move_base/global_costmap/obstacle_layer/scan/obstacle_range: 12.0
 * /move_base/global_costmap/obstacle_layer/scan/raytrace_range: 15.0
 * /move_base/global_costmap/obstacle_layer/scan/sensor_frame: laser_link
 * /move_base/global_costmap/obstacle_layer/scan/topic: /scan
 * /move_base/global_costmap/plugins: [{'name': 'obstac...
 * /move_base/global_costmap/publish_frequency: 2.0
 * /move_base/global_costmap/resolution: 0.05
 * /move_base/global_costmap/robot_base_frame: base_link
 * /move_base/global_costmap/rolling_window: True
 * /move_base/global_costmap/transform_tolerance: 0.3
 * /move_base/global_costmap/update_frequency: 5.0
 * /move_base/global_costmap/width: 30.0
 * /move_base/local_costmap/footprint: [[0.52, 0.35], [0...
 * /move_base/local_costmap/footprint_padding: 0.05
 * /move_base/local_costmap/global_frame: odom
 * /move_base/local_costmap/height: 12.0
 * /move_base/local_costmap/inflation_layer/cost_scaling_factor: 4.0
 * /move_base/local_costmap/inflation_layer/enabled: True
 * /move_base/local_costmap/inflation_layer/inflation_radius: 0.55
 * /move_base/local_costmap/obstacle_layer/enabled: True
 * /move_base/local_costmap/obstacle_layer/observation_sources: scan
 * /move_base/local_costmap/obstacle_layer/scan/clearing: True
 * /move_base/local_costmap/obstacle_layer/scan/data_type: LaserScan
 * /move_base/local_costmap/obstacle_layer/scan/inf_is_valid: True
 * /move_base/local_costmap/obstacle_layer/scan/marking: True
 * /move_base/local_costmap/obstacle_layer/scan/obstacle_range: 12.0
 * /move_base/local_costmap/obstacle_layer/scan/raytrace_range: 15.0
 * /move_base/local_costmap/obstacle_layer/scan/sensor_frame: laser_link
 * /move_base/local_costmap/obstacle_layer/scan/topic: /scan
 * /move_base/local_costmap/plugins: [{'name': 'obstac...
 * /move_base/local_costmap/publish_frequency: 5.0
 * /move_base/local_costmap/resolution: 0.05
 * /move_base/local_costmap/robot_base_frame: base_link
 * /move_base/local_costmap/rolling_window: True
 * /move_base/local_costmap/transform_tolerance: 0.3
 * /move_base/local_costmap/update_frequency: 10.0
 * /move_base/local_costmap/width: 12.0
 * /move_base/oscillation_distance: 0.2
 * /move_base/oscillation_timeout: 10.0
 * /move_base/planner_frequency: 1.0
 * /move_base/planner_patience: 5.0
 * /move_base/recovery_behavior_enabled: False
 * /move_base/shutdown_costmaps: False
 * /robot_description: <?xml version="1....
 * /rosdistro: noetic
 * /rosversion: 1.17.4
 * /t11_formal_run/acceptance_eval_seed_limit: 0
 * /t11_formal_run/acceptance_timesteps: 0
 * /t11_formal_run/algorithm: RL-TEB-Semantic-Eta
 * /t11_formal_run/checkpoint: /home/robot/robot...
 * /t11_formal_run/config: /home/robot/robot...
 * /t11_formal_run/output_dir: /home/robot/robot...
 * /t11_formal_run/phase: ablation
 * /t11_formal_run/run_id: t11_semantic_eta_...
 * /t11_formal_run/safety_mode: ProjectionOnly
 * /t11_formal_run/training_seed: 103
 * /use_sim_time: True

NODES
  /
    gazebo (gazebo_ros/gzserver)
    m2_robot_state_publisher (robot_state_publisher/robot_state_publisher)
    move_base (move_base/move_base)
    spawn_m2 (gazebo_ros/spawn_model)
    t11_formal_run (thesis_experiment/t11_formal_run.py)

auto-starting new master
[1mprocess[master]: started with pid [227222][0m
[1mROS_MASTER_URI=http://localhost:11311[0m
]2;/home/robot/robot_ws_base_rl/src/tools/thesis_experiment/launch/t11_formal_run.launch http://localhost:11311
[1msetting /run_id to c7a9baf6-7dfd-11f1-91bc-3382cc4c3ed1[0m
[1mprocess[rosout-1]: started with pid [227255][0m
started core service [/rosout]
[1mprocess[gazebo-2]: started with pid [227262][0m
[1mprocess[spawn_m2-3]: started with pid [227266][0m
[1mprocess[m2_robot_state_publisher-4]: started with pid [227268][0m
[1mprocess[move_base-5]: started with pid [227269][0m
[1mprocess[t11_formal_run-6]: started with pid [227270][0m
[1m[spawn_m2-3] process has finished cleanly
log file: /home/robot/.ros/log/c7a9baf6-7dfd-11f1-91bc-3382cc4c3ed1/spawn_m2-3*.log[0m
[t11_formal_run-6] killing on exit
[move_base-5] killing on exit
[m2_robot_state_publisher-4] killing on exit
[gazebo-2] killing on exit
[rosout-1] killing on exit
[master] killing on exit
shutting down processing monitor...
[31mWARNING: disk usage in log directory [/home/robot/.ros/log] is over 1GB.
It's recommended that you use the 'rosclean' command.[0m
WARNING: Package name "gazebo_ros_2Dmap_plugin" does not follow the naming conventions. It should start with a lower case letter and only contain lower case letters, digits, underscores, and dashes.
WARNING: Package name "gazebo_ros_2Dmap_plugin" does not follow the naming conventions. It should start with a lower case letter and only contain lower case letters, digits, underscores, and dashes.
[31m================================================================================REQUIRED process [t11_formal_run-6] has died!
process has finished cleanly
log file: /home/robot/.ros/log/c7a9baf6-7dfd-11f1-91bc-3382cc4c3ed1/t11_formal_run-6*.log
Initiating shutdown!
================================================================================[0m
... shutting down processing monitor complete
[1mdone[0m
