WARNING: Package name "gazebo_ros_2Dmap_plugin" does not follow the naming conventions. It should start with a lower case letter and only contain lower case letters, digits, underscores, and dashes.
xacro: in-order processing became default in ROS Melodic. You can drop the option.
WARNING: Package name "gazebo_ros_2Dmap_plugin" does not follow the naming conventions. It should start with a lower case letter and only contain lower case letters, digits, underscores, and dashes.
WARNING: Package name "gazebo_ros_2Dmap_plugin" does not follow the naming conventions. It should start with a lower case letter and only contain lower case letters, digits, underscores, and dashes.
[INFO] [1783864664.995375, 0.000000]: Loading model XML from ros parameter robot_description
[INFO] [1783864664.998302, 0.000000]: Waiting for service /gazebo/spawn_urdf_model
[INFO] [1783864665.902688, 0.202000]: Calling service /gazebo/spawn_urdf_model
[INFO] [1783864666.250151, 0.376000]: Spawn status: SpawnModel: Successfully spawned entity
[INFO] [1783864666.596492238, 0.600000000]: global_costmap: Using plugin "obstacle_layer"
[INFO] [1783864666.603315882, 0.608000000]:     Subscribed to Topics: scan
[INFO] [1783864666.618944716, 0.624000000]: global_costmap: Using plugin "inflation_layer"
[INFO] [1783864666.643389297, 0.648000000]: local_costmap: Using plugin "obstacle_layer"
[INFO] [1783864666.645181914, 0.650000000]:     Subscribed to Topics: scan
[INFO] [1783864666.653335023, 0.658000000]: local_costmap: Using plugin "inflation_layer"
[INFO] [1783864666.666054447, 0.670000000]: Created local_planner teb_local_planner/TebLocalPlannerROS
[INFO] [1783864666.682399736, 0.688000000]: Footprint model 'polygon' loaded for trajectory optimization.
[INFO] [1783864666.682513889, 0.688000000]: Parallel planning in distinctive topologies disabled.
[INFO] [1783864666.682531655, 0.688000000]: No costmap conversion plugin specified. All occupied costmap cells are treaten as point obstacles.
[INFO] [1783864666.707001188, 0.712000000]: Footprint model 'polygon' loaded for trajectory optimization.
[INFO] [1783864666.872738677, 0.878000000]: Recovery behavior will clear layer 'obstacles'
[INFO] [1783864666.873546659, 0.878000000]: Recovery behavior will clear layer 'obstacles'
[INFO] [1783864666.881677273, 0.886000000]: odom received!
[INFO] [1783864668.565115426, 2.564000000]: Footprint model 'polygon' loaded for trajectory optimization.
[INFO] [1783864669.106269625, 3.106000000]: Footprint model 'polygon' loaded for trajectory optimization.
[INFO] [1783864669.753023563, 3.752000000]: Footprint model 'polygon' loaded for trajectory optimization.
[INFO] [1783864670.355273791, 4.352000000]: Footprint model 'polygon' loaded for trajectory optimization.
[INFO] [1783864671.894511903, 5.890000000]: GOAL Reached!
[INFO] [1783864672.025639294, 6.022000000]: Footprint model 'polygon' loaded for trajectory optimization.
[INFO] [1783864672.892290569, 6.884000000]: Footprint model 'polygon' loaded for trajectory optimization.
[INFO] [1783864673.448418095, 7.438000000]: Footprint model 'polygon' loaded for trajectory optimization.
[INFO] [1783864674.043771020, 8.036000000]: Footprint model 'polygon' loaded for trajectory optimization.
[INFO] [1783864674.692659896, 8.684000000]: Footprint model 'polygon' loaded for trajectory optimization.
[INFO] [1783864676.134826569, 10.124000000]: GOAL Reached!
[INFO] [1783864676.267703260, 10.256000000]: Footprint model 'polygon' loaded for trajectory optimization.
[INFO] [1783864677.120692969, 11.104000000]: Footprint model 'polygon' loaded for trajectory optimization.
[INFO] [1783864677.678921550, 11.662000000]: Footprint model 'polygon' loaded for trajectory optimization.
[INFO] [1783864678.278937441, 12.262000000]: Footprint model 'polygon' loaded for trajectory optimization.
[INFO] [1783864678.924571942, 12.906000000]: Footprint model 'polygon' loaded for trajectory optimization.
[INFO] [1783864680.869503199, 14.848000000]: GOAL Reached!
[INFO] [1783864681.014189982, 14.992000000]: Footprint model 'polygon' loaded for trajectory optimization.
[INFO] [1783864681.907513630, 15.884000000]: Footprint model 'polygon' loaded for trajectory optimization.
[INFO] [1783864682.546564982, 16.522000000]: Footprint model 'polygon' loaded for trajectory optimization.
[INFO] [1783864683.195789560, 17.170000000]: Footprint model 'polygon' loaded for trajectory optimization.
[INFO] [1783864683.794075522, 17.768000000]: Footprint model 'polygon' loaded for trajectory optimization.
[INFO] [1783864685.237553853, 19.210000000]: GOAL Reached!
[INFO] [1783864685.391313567, 19.362000000]: Footprint model 'polygon' loaded for trajectory optimization.
[INFO] [1783864686.251688348, 20.224000000]: Footprint model 'polygon' loaded for trajectory optimization.
[INFO] [1783864686.797693832, 20.766000000]: Footprint model 'polygon' loaded for trajectory optimization.
[INFO] [1783864687.445473805, 21.412000000]: Footprint model 'polygon' loaded for trajectory optimization.
[INFO] [1783864688.041207288, 22.008000000]: Footprint model 'polygon' loaded for trajectory optimization.
[INFO] [1783864689.385600847, 23.350000000]: GOAL Reached!
[INFO] [1783864689.514893817, 23.480000000]: Footprint model 'polygon' loaded for trajectory optimization.
[INFO] [1783864690.361466472, 24.324000000]: Footprint model 'polygon' loaded for trajectory optimization.
[INFO] [1783864690.915362955, 24.876000000]: Footprint model 'polygon' loaded for trajectory optimization.
[INFO] [1783864691.563820044, 25.524000000]: Footprint model 'polygon' loaded for trajectory optimization.
[INFO] [1783864692.163205486, 26.122000000]: Footprint model 'polygon' loaded for trajectory optimization.
[INFO] [1783864693.604838193, 27.562000000]: GOAL Reached!
[INFO] [1783864693.742270279, 27.698000000]: Footprint model 'polygon' loaded for trajectory optimization.
[INFO] [1783864694.609875198, 28.564000000]: Footprint model 'polygon' loaded for trajectory optimization.
[INFO] [1783864695.206338904, 29.160000000]: Footprint model 'polygon' loaded for trajectory optimization.
[INFO] [1783864695.756373660, 29.708000000]: Footprint model 'polygon' loaded for trajectory optimization.
[INFO] [1783864696.405750989, 30.358000000]: Footprint model 'polygon' loaded for trajectory optimization.
[INFO] [1783864697.846030485, 31.798000000]: GOAL Reached!
[INFO] [1783864697.975010587, 31.926000000]: Footprint model 'polygon' loaded for trajectory optimization.
[INFO] [1783864698.857514442, 32.804000000]: Footprint model 'polygon' loaded for trajectory optimization.
[INFO] [1783864699.542404842, 33.492000000]: Footprint model 'polygon' loaded for trajectory optimization.
[INFO] [1783864700.094941720, 34.044000000]: Footprint model 'polygon' loaded for trajectory optimization.
[INFO] [1783864702.087494016, 36.032000000]: GOAL Reached!
[INFO] [1783864702.223041917, 36.168000000]: Footprint model 'polygon' loaded for trajectory optimization.
[INFO] [1783864703.104523887, 37.044000000]: Footprint model 'polygon' loaded for trajectory optimization.
[INFO] [1783864703.642679923, 37.582000000]: Footprint model 'polygon' loaded for trajectory optimization.
[INFO] [1783864704.291770660, 38.232000000]: Footprint model 'polygon' loaded for trajectory optimization.
[INFO] [1783864704.892366348, 38.830000000]: Footprint model 'polygon' loaded for trajectory optimization.
[INFO] [1783864706.331040579, 40.270000000]: GOAL Reached!
[INFO] [1783864706.469091789, 40.408000000]: Footprint model 'polygon' loaded for trajectory optimization.
[INFO] [1783864707.349906944, 41.284000000]: Footprint model 'polygon' loaded for trajectory optimization.
[INFO] [1783864707.887009764, 41.822000000]: Footprint model 'polygon' loaded for trajectory optimization.
[INFO] [1783864708.487498057, 42.420000000]: Footprint model 'polygon' loaded for trajectory optimization.
[INFO] [1783864709.089996889, 43.020000000]: Footprint model 'polygon' loaded for trajectory optimization.
[INFO] [1783864710.679534781, 44.608000000]: GOAL Reached!
[INFO] [1783864710.824367527, 44.754000000]: Footprint model 'polygon' loaded for trajectory optimization.
[INFO] [1783864711.695278848, 45.624000000]: Footprint model 'polygon' loaded for trajectory optimization.
[INFO] [1783864712.284825252, 46.214000000]: Footprint model 'polygon' loaded for trajectory optimization.
[INFO] [1783864712.837831915, 46.764000000]: Footprint model 'polygon' loaded for trajectory optimization.
[INFO] [1783864713.439506979, 47.364000000]: Footprint model 'polygon' loaded for trajectory optimization.
[INFO] [1783864714.825992258, 48.752000000]: GOAL Reached!
[INFO] [1783864714.962179819, 48.886000000]: Footprint model 'polygon' loaded for trajectory optimization.
[INFO] [1783864715.843455070, 49.764000000]: Footprint model 'polygon' loaded for trajectory optimization.
[INFO] [1783864716.438037244, 50.358000000]: Footprint model 'polygon' loaded for trajectory optimization.
[INFO] [1783864717.038234295, 50.956000000]: Footprint model 'polygon' loaded for trajectory optimization.
[INFO] [1783864717.640638394, 51.556000000]: Footprint model 'polygon' loaded for trajectory optimization.
[INFO] [1783864719.081469271, 52.996000000]: GOAL Reached!
[INFO] [1783864719.237245603, 53.152000000]: Footprint model 'polygon' loaded for trajectory optimization.
[INFO] [1783864720.112358943, 54.024000000]: Footprint model 'polygon' loaded for trajectory optimization.
[INFO] [1783864720.711867015, 54.624000000]: Footprint model 'polygon' loaded for trajectory optimization.
[INFO] [1783864721.307833201, 55.218000000]: Footprint model 'polygon' loaded for trajectory optimization.
[INFO] [1783864721.857227648, 55.768000000]: Footprint model 'polygon' loaded for trajectory optimization.
[INFO] [1783864723.249640489, 57.156000000]: GOAL Reached!
[INFO] [1783864723.396259878, 57.302000000]: Footprint model 'polygon' loaded for trajectory optimization.
[INFO] [1783864724.282038693, 58.186000000]: Footprint model 'polygon' loaded for trajectory optimization.
[INFO] [1783864724.971690888, 58.874000000]: Footprint model 'polygon' loaded for trajectory optimization.
[INFO] [1783864725.618977683, 59.522000000]: Footprint model 'polygon' loaded for trajectory optimization.
[INFO] [1783864727.508618957, 61.410000000]: GOAL Reached!
[INFO] [1783864727.646733169, 61.548000000]: Footprint model 'polygon' loaded for trajectory optimization.
[INFO] [1783864728.527803932, 62.424000000]: Footprint model 'polygon' loaded for trajectory optimization.
[INFO] [1783864729.218381316, 63.114000000]: Footprint model 'polygon' loaded for trajectory optimization.
[INFO] [1783864729.772310544, 63.666000000]: Footprint model 'polygon' loaded for trajectory optimization.
[INFO] [1783864730.371327863, 64.268000000]: Footprint model 'polygon' loaded for trajectory optimization.
[INFO] [1783864730.971444250, 64.864000000]: Footprint model 'polygon' loaded for trajectory optimization.
[INFO] [1783864731.620015815, 65.512000000]: Footprint model 'polygon' loaded for trajectory optimization.
[INFO] [1783864732.218827633, 66.112000000]: Footprint model 'polygon' loaded for trajectory optimization.
[INFO] [1783864733.860809180, 67.750000000]: GOAL Reached!
[INFO] [1783864734.006001308, 67.894000000]: Footprint model 'polygon' loaded for trajectory optimization.
[INFO] [1783864734.878857009, 68.766000000]: Footprint model 'polygon' loaded for trajectory optimization.
[INFO] [1783864735.474717441, 69.360000000]: Footprint model 'polygon' loaded for trajectory optimization.
[INFO] [1783864736.066449593, 69.952000000]: Footprint model 'polygon' loaded for trajectory optimization.
[INFO] [1783864736.674645015, 70.558000000]: Footprint model 'polygon' loaded for trajectory optimization.
[INFO] [1783864738.215462011, 72.096000000]: GOAL Reached!
[INFO] [1783864738.345276763, 72.226000000]: Footprint model 'polygon' loaded for trajectory optimization.
[INFO] [1783864739.215147423, 73.096000000]: Footprint model 'polygon' loaded for trajectory optimization.
[INFO] [1783864739.823008712, 73.702000000]: Footprint model 'polygon' loaded for trajectory optimization.
[INFO] [1783864740.526589227, 74.404000000]: Footprint model 'polygon' loaded for trajectory optimization.
[INFO] [1783864742.352727493, 76.226000000]: GOAL Reached!
[INFO] [1783864742.482940660, 76.356000000]: Footprint model 'polygon' loaded for trajectory optimization.
[INFO] [1783864743.364586155, 77.238000000]: Footprint model 'polygon' loaded for trajectory optimization.
[INFO] [1783864743.920391125, 77.790000000]: Footprint model 'polygon' loaded for trajectory optimization.
[INFO] [1783864744.522060094, 78.392000000]: Footprint model 'polygon' loaded for trajectory optimization.
[INFO] [1783864745.169828873, 79.038000000]: Footprint model 'polygon' loaded for trajectory optimization.
[INFO] [1783864746.501257822, 80.368000000]: GOAL Reached!
[INFO] [1783864746.636243096, 80.502000000]: Footprint model 'polygon' loaded for trajectory optimization.
[INFO] [1783864747.533520964, 81.398000000]: Footprint model 'polygon' loaded for trajectory optimization.
[INFO] [1783864748.172554846, 82.034000000]: Footprint model 'polygon' loaded for trajectory optimization.
[INFO] [1783864748.816539940, 82.678000000]: Footprint model 'polygon' loaded for trajectory optimization.
[INFO] [1783864750.647024652, 84.506000000]: GOAL Reached!
[INFO] [1783864750.798272463, 84.656000000]: Footprint model 'polygon' loaded for trajectory optimization.
[INFO] [1783864751.681054549, 85.538000000]: Footprint model 'polygon' loaded for trajectory optimization.
[INFO] [1783864752.365256991, 86.222000000]: Footprint model 'polygon' loaded for trajectory optimization.
[INFO] [1783864752.918859906, 86.772000000]: Footprint model 'polygon' loaded for trajectory optimization.
[INFO] [1783864754.797593225, 88.648000000]: GOAL Reached!
[INFO] [1783864754.932751124, 88.784000000]: Footprint model 'polygon' loaded for trajectory optimization.
[INFO] [1783864755.828042860, 89.678000000]: Footprint model 'polygon' loaded for trajectory optimization.
[INFO] [1783864756.516540051, 90.366000000]: Footprint model 'polygon' loaded for trajectory optimization.
[INFO] [1783864757.067306457, 90.916000000]: Footprint model 'polygon' loaded for trajectory optimization.
[INFO] [1783864757.714910831, 91.562000000]: Footprint model 'polygon' loaded for trajectory optimization.
[INFO] [1783864759.346926243, 93.190000000]: GOAL Reached!
[INFO] [1783864759.454842377, 93.298000000]: Footprint model 'polygon' loaded for trajectory optimization.
[INFO] [1783864760.334504959, 94.176000000]: Footprint model 'polygon' loaded for trajectory optimization.
[INFO] [1783864760.980507185, 94.820000000]: Footprint model 'polygon' loaded for trajectory optimization.
[INFO] [1783864761.622908856, 95.462000000]: Footprint model 'polygon' loaded for trajectory optimization.
[INFO] [1783864763.457228180, 97.294000000]: GOAL Reached!
[INFO] [1783864763.592183093, 97.430000000]: Footprint model 'polygon' loaded for trajectory optimization.
[INFO] [1783864764.480085661, 98.316000000]: Footprint model 'polygon' loaded for trajectory optimization.
[INFO] [1783864765.123391689, 98.958000000]: Footprint model 'polygon' loaded for trajectory optimization.
[INFO] [1783864765.774436011, 99.608000000]: Footprint model 'polygon' loaded for trajectory optimization.
[INFO] [1783864767.504049579, 101.334000000]: GOAL Reached!
[INFO] [1783864767.645209541, 101.476000000]: Footprint model 'polygon' loaded for trajectory optimization.
[INFO] [1783864768.509735531, 102.338000000]: Footprint model 'polygon' loaded for trajectory optimization.
[INFO] [1783864769.167901585, 102.994000000]: Footprint model 'polygon' loaded for trajectory optimization.
[INFO] [1783864769.762396067, 103.588000000]: Footprint model 'polygon' loaded for trajectory optimization.
[INFO] [1783864770.361810113, 104.186000000]: Footprint model 'polygon' loaded for trajectory optimization.
[INFO] [1783864771.739440714, 105.564000000]: GOAL Reached!
[INFO] [1783864771.889212965, 105.714000000]: Footprint model 'polygon' loaded for trajectory optimization.
[INFO] [1783864772.775175023, 106.596000000]: Footprint model 'polygon' loaded for trajectory optimization.
[INFO] [1783864773.328044540, 107.150000000]: Footprint model 'polygon' loaded for trajectory optimization.
[INFO] [1783864773.976999931, 107.796000000]: Footprint model 'polygon' loaded for trajectory optimization.
[INFO] [1783864775.905233921, 109.722000000]: GOAL Reached!
[INFO] [1783864776.044057501, 109.862000000]: Footprint model 'polygon' loaded for trajectory optimization.
[INFO] [1783864776.942133685, 110.756000000]: Footprint model 'polygon' loaded for trajectory optimization.
[INFO] [1783864777.585318327, 111.398000000]: Footprint model 'polygon' loaded for trajectory optimization.
[INFO] [1783864778.221046769, 112.034000000]: Footprint model 'polygon' loaded for trajectory optimization.
[INFO] [1783864778.824016516, 112.638000000]: Footprint model 'polygon' loaded for trajectory optimization.
[INFO] [1783864780.157435190, 113.968000000]: GOAL Reached!
[INFO] [1783864780.296955252, 114.108000000]: Footprint model 'polygon' loaded for trajectory optimization.
[INFO] [1783864781.188775630, 114.998000000]: Footprint model 'polygon' loaded for trajectory optimization.
[INFO] [1783864781.920651113, 115.726000000]: Footprint model 'polygon' loaded for trajectory optimization.
[INFO] [1783864782.577605472, 116.384000000]: Footprint model 'polygon' loaded for trajectory optimization.
[INFO] [1783864784.509515478, 118.312000000]: GOAL Reached!
[INFO] [1783864784.648016115, 118.450000000]: Footprint model 'polygon' loaded for trajectory optimization.
[INFO] [1783864785.517620373, 119.316000000]: Footprint model 'polygon' loaded for trajectory optimization.
[INFO] [1783864786.117117484, 119.916000000]: Footprint model 'polygon' loaded for trajectory optimization.
[INFO] [1783864786.666571295, 120.468000000]: Footprint model 'polygon' loaded for trajectory optimization.
[INFO] [1783864787.272757904, 121.070000000]: Footprint model 'polygon' loaded for trajectory optimization.
[INFO] [1783864787.863294765, 121.662000000]: Footprint model 'polygon' loaded for trajectory optimization.
[INFO] [1783864789.347300166, 123.142000000]: GOAL Reached!
[INFO] [1783864789.487153735, 123.282000000]: Footprint model 'polygon' loaded for trajectory optimization.
[INFO] [1783864790.365726519, 124.158000000]: Footprint model 'polygon' loaded for trajectory optimization.
[INFO] [1783864790.951080181, 124.746000000]: Footprint model 'polygon' loaded for trajectory optimization.
[INFO] [1783864791.556112213, 125.348000000]: Footprint model 'polygon' loaded for trajectory optimization.
[INFO] [1783864793.485272610, 127.274000000]: GOAL Reached!
[INFO] [1783864793.609993519, 127.400000000]: Footprint model 'polygon' loaded for trajectory optimization.
[INFO] [1783864794.492869317, 128.278000000]: Footprint model 'polygon' loaded for trajectory optimization.
[INFO] [1783864795.187923921, 128.974000000]: Footprint model 'polygon' loaded for trajectory optimization.
[INFO] [1783864795.738946246, 129.526000000]: Footprint model 'polygon' loaded for trajectory optimization.
[INFO] [1783864797.620523590, 131.402000000]: GOAL Reached!
[INFO] [1783864797.766573034, 131.548000000]: Footprint model 'polygon' loaded for trajectory optimization.
[INFO] [1783864798.657572337, 132.438000000]: Footprint model 'polygon' loaded for trajectory optimization.
[INFO] [1783864799.297339140, 133.076000000]: Footprint model 'polygon' loaded for trajectory optimization.
[INFO] [1783864799.943154774, 133.720000000]: Footprint model 'polygon' loaded for trajectory optimization.
[INFO] [1783864801.873467267, 135.648000000]: GOAL Reached!
[INFO] [1783864802.011031558, 135.784000000]: Footprint model 'polygon' loaded for trajectory optimization.
[INFO] [1783864802.882366691, 136.656000000]: Footprint model 'polygon' loaded for trajectory optimization.
[INFO] [1783864803.438171107, 137.210000000]: Footprint model 'polygon' loaded for trajectory optimization.
[INFO] [1783864804.036255954, 137.808000000]: Footprint model 'polygon' loaded for trajectory optimization.
[INFO] [1783864805.912781809, 139.684000000]: GOAL Reached!
[INFO] [1783864806.051477221, 139.822000000]: Footprint model 'polygon' loaded for trajectory optimization.
[INFO] [1783864806.908415311, 140.676000000]: Footprint model 'polygon' loaded for trajectory optimization.
[INFO] [1783864807.463068737, 141.230000000]: Footprint model 'polygon' loaded for trajectory optimization.
[INFO] [1783864808.067656935, 141.834000000]: Footprint model 'polygon' loaded for trajectory optimization.
[INFO] [1783864808.719807747, 142.484000000]: Footprint model 'polygon' loaded for trajectory optimization.
[INFO] [1783864810.042123402, 143.808000000]: GOAL Reached!
[INFO] [1783864810.191705086, 143.958000000]: Footprint model 'polygon' loaded for trajectory optimization.
[INFO] [1783864811.054888731, 144.818000000]: Footprint model 'polygon' loaded for trajectory optimization.
[INFO] [1783864811.665808077, 145.426000000]: Footprint model 'polygon' loaded for trajectory optimization.
[INFO] [1783864812.318918511, 146.078000000]: Footprint model 'polygon' loaded for trajectory optimization.
[INFO] [1783864814.195683205, 147.952000000]: GOAL Reached!
[INFO] [1783864814.326698574, 148.082000000]: Footprint model 'polygon' loaded for trajectory optimization.
[INFO] [1783864815.201599418, 148.956000000]: Footprint model 'polygon' loaded for trajectory optimization.
[INFO] [1783864815.902612971, 149.658000000]: Footprint model 'polygon' loaded for trajectory optimization.
[INFO] [1783864816.549219802, 150.302000000]: Footprint model 'polygon' loaded for trajectory optimization.
[INFO] [1783864818.431535602, 152.180000000]: GOAL Reached!
[INFO] [1783864818.571589777, 152.320000000]: Footprint model 'polygon' loaded for trajectory optimization.
[INFO] [1783864819.449654822, 153.196000000]: Footprint model 'polygon' loaded for trajectory optimization.
[INFO] [1783864820.092150924, 153.838000000]: Footprint model 'polygon' loaded for trajectory optimization.
[INFO] [1783864820.739722983, 154.484000000]: Footprint model 'polygon' loaded for trajectory optimization.
[INFO] [1783864821.341018426, 155.084000000]: Footprint model 'polygon' loaded for trajectory optimization.
[INFO] [1783864822.671493734, 156.412000000]: GOAL Reached!
[INFO] [1783864822.803388636, 156.544000000]: Footprint model 'polygon' loaded for trajectory optimization.
[INFO] [1783864823.673827226, 157.414000000]: Footprint model 'polygon' loaded for trajectory optimization.
[INFO] [1783864824.280741181, 158.020000000]: Footprint model 'polygon' loaded for trajectory optimization.
[INFO] [1783864824.930242023, 158.670000000]: Footprint model 'polygon' loaded for trajectory optimization.
[INFO] [1783864826.913299719, 160.648000000]: GOAL Reached!
[INFO] [1783864827.060257775, 160.794000000]: Footprint model 'polygon' loaded for trajectory optimization.
[INFO] [1783864827.939998411, 161.674000000]: Footprint model 'polygon' loaded for trajectory optimization.
[INFO] [1783864828.629555292, 162.364000000]: Footprint model 'polygon' loaded for trajectory optimization.
[INFO] [1783864829.328497050, 163.058000000]: Footprint model 'polygon' loaded for trajectory optimization.
[INFO] [1783864831.063744854, 164.790000000]: GOAL Reached!
[INFO] [1783864831.194712114, 164.920000000]: Footprint model 'polygon' loaded for trajectory optimization.
[INFO] [1783864832.070744409, 165.796000000]: Footprint model 'polygon' loaded for trajectory optimization.
[INFO] [1783864832.764781336, 166.488000000]: Footprint model 'polygon' loaded for trajectory optimization.
[INFO] [1783864833.409156073, 167.132000000]: Footprint model 'polygon' loaded for trajectory optimization.
[INFO] [1783864835.295685426, 169.014000000]: GOAL Reached!
[INFO] [1783864835.443958000, 169.166000000]: Footprint model 'polygon' loaded for trajectory optimization.
[INFO] [1783864836.324174313, 170.040000000]: Footprint model 'polygon' loaded for trajectory optimization.
[INFO] [1783864837.012621110, 170.732000000]: Footprint model 'polygon' loaded for trajectory optimization.
[INFO] [1783864837.567405815, 171.284000000]: Footprint model 'polygon' loaded for trajectory optimization.
[INFO] [1783864839.547025123, 173.260000000]: GOAL Reached!
[INFO] [1783864839.692544497, 173.404000000]: Footprint model 'polygon' loaded for trajectory optimization.
[INFO] [1783864840.579950824, 174.292000000]: Footprint model 'polygon' loaded for trajectory optimization.
[INFO] [1783864841.180156070, 174.892000000]: Footprint model 'polygon' loaded for trajectory optimization.
[INFO] [1783864841.724499164, 175.438000000]: Footprint model 'polygon' loaded for trajectory optimization.
[INFO] [1783864842.377421941, 176.088000000]: Footprint model 'polygon' loaded for trajectory optimization.
[INFO] [1783864843.810376918, 177.516000000]: GOAL Reached!
[INFO] [1783864843.960226886, 177.664000000]: Footprint model 'polygon' loaded for trajectory optimization.
[INFO] [1783864844.837004034, 178.542000000]: Footprint model 'polygon' loaded for trajectory optimization.
[INFO] [1783864845.534036200, 179.238000000]: Footprint model 'polygon' loaded for trajectory optimization.
[INFO] [1783864846.182049479, 179.886000000]: Footprint model 'polygon' loaded for trajectory optimization.
[INFO] [1783864847.965416478, 181.664000000]: GOAL Reached!
[INFO] [1783864848.110273512, 181.808000000]: Footprint model 'polygon' loaded for trajectory optimization.
[INFO] [1783864848.978881028, 182.676000000]: Footprint model 'polygon' loaded for trajectory optimization.
[INFO] [1783864849.580669753, 183.278000000]: Footprint model 'polygon' loaded for trajectory optimization.
[INFO] [1783864850.279596106, 183.974000000]: Footprint model 'polygon' loaded for trajectory optimization.
[INFO] [1783864852.109780968, 185.806000000]: GOAL Reached!
[INFO] [1783864852.250248072, 185.946000000]: Footprint model 'polygon' loaded for trajectory optimization.
[INFO] [1783864853.140247244, 186.832000000]: Footprint model 'polygon' loaded for trajectory optimization.
[INFO] [1783864853.786919484, 187.478000000]: Footprint model 'polygon' loaded for trajectory optimization.
[INFO] [1783864854.388598430, 188.078000000]: Footprint model 'polygon' loaded for trajectory optimization.
[INFO] [1783864854.983060435, 188.674000000]: Footprint model 'polygon' loaded for trajectory optimization.
[INFO] [1783864856.366815382, 190.054000000]: GOAL Reached!
[INFO] [1783864856.493029151, 190.180000000]: Footprint model 'polygon' loaded for trajectory optimization.
[INFO] [1783864857.370170351, 191.054000000]: Footprint model 'polygon' loaded for trajectory optimization.
[INFO] [1783864857.917178671, 191.604000000]: Footprint model 'polygon' loaded for trajectory optimization.
[INFO] [1783864858.569122655, 192.252000000]: Footprint model 'polygon' loaded for trajectory optimization.
[INFO] [1783864859.117125021, 192.802000000]: Footprint model 'polygon' loaded for trajectory optimization.
[INFO] [1783864860.500312590, 194.182000000]: GOAL Reached!
[INFO] [1783864860.630264084, 194.312000000]: Footprint model 'polygon' loaded for trajectory optimization.
[INFO] [1783864861.496779499, 195.176000000]: Footprint model 'polygon' loaded for trajectory optimization.
[INFO] [1783864862.059382583, 195.736000000]: Footprint model 'polygon' loaded for trajectory optimization.
[INFO] [1783864862.700772076, 196.378000000]: Footprint model 'polygon' loaded for trajectory optimization.
[INFO] [1783864863.304481403, 196.980000000]: Footprint model 'polygon' loaded for trajectory optimization.
[INFO] [1783864864.737154903, 198.410000000]: GOAL Reached!
[INFO] [1783864864.878814219, 198.552000000]: Footprint model 'polygon' loaded for trajectory optimization.
[INFO] [1783864865.765359201, 199.436000000]: Footprint model 'polygon' loaded for trajectory optimization.
[INFO] [1783864866.369594171, 200.040000000]: Footprint model 'polygon' loaded for trajectory optimization.
[INFO] [1783864866.960943371, 200.632000000]: Footprint model 'polygon' loaded for trajectory optimization.
[INFO] [1783864867.524801476, 201.192000000]: Footprint model 'polygon' loaded for trajectory optimization.
[INFO] [1783864868.899934294, 202.568000000]: GOAL Reached!
[INFO] [1783864869.029484877, 202.696000000]: Footprint model 'polygon' loaded for trajectory optimization.
[INFO] [1783864869.908882838, 203.576000000]: Footprint model 'polygon' loaded for trajectory optimization.
[INFO] [1783864870.497383799, 204.160000000]: Footprint model 'polygon' loaded for trajectory optimization.
[INFO] [1783864871.050499092, 204.714000000]: Footprint model 'polygon' loaded for trajectory optimization.
[INFO] [1783864871.704593597, 205.366000000]: Footprint model 'polygon' loaded for trajectory optimization.
[INFO] [1783864873.035076834, 206.694000000]: GOAL Reached!
[INFO] [1783864873.172623149, 206.830000000]: Footprint model 'polygon' loaded for trajectory optimization.
[INFO] [1783864874.046187266, 207.702000000]: Footprint model 'polygon' loaded for trajectory optimization.
[INFO] [1783864874.694018741, 208.348000000]: Footprint model 'polygon' loaded for trajectory optimization.
[INFO] [1783864875.340101316, 208.996000000]: Footprint model 'polygon' loaded for trajectory optimization.
[INFO] [1783864875.939829358, 209.594000000]: Footprint model 'polygon' loaded for trajectory optimization.
[INFO] [1783864877.371154043, 211.024000000]: GOAL Reached!
[INFO] [1783864877.510993174, 211.162000000]: Footprint model 'polygon' loaded for trajectory optimization.
[INFO] [1783864878.384653809, 212.034000000]: Footprint model 'polygon' loaded for trajectory optimization.
[INFO] [1783864879.021793307, 212.672000000]: Footprint model 'polygon' loaded for trajectory optimization.
[INFO] [1783864879.626962740, 213.276000000]: Footprint model 'polygon' loaded for trajectory optimization.
[INFO] [1783864881.509131665, 215.154000000]: GOAL Reached!
[INFO] [1783864881.647437671, 215.292000000]: Footprint model 'polygon' loaded for trajectory optimization.
[INFO] [1783864882.531789204, 216.176000000]: Footprint model 'polygon' loaded for trajectory optimization.
[INFO] [1783864883.222934700, 216.866000000]: Footprint model 'polygon' loaded for trajectory optimization.
[INFO] [1783864883.825294473, 217.466000000]: Footprint model 'polygon' loaded for trajectory optimization.
[INFO] [1783864884.423385275, 218.064000000]: Footprint model 'polygon' loaded for trajectory optimization.
[INFO] [1783864885.757009038, 219.396000000]: GOAL Reached!
[INFO] [1783864885.909377419, 219.546000000]: Footprint model 'polygon' loaded for trajectory optimization.
[INFO] [1783864886.779217649, 220.416000000]: Footprint model 'polygon' loaded for trajectory optimization.
[INFO] [1783864887.376611556, 221.010000000]: Footprint model 'polygon' loaded for trajectory optimization.
[INFO] [1783864887.982333120, 221.616000000]: Footprint model 'polygon' loaded for trajectory optimization.
[INFO] [1783864888.576717530, 222.210000000]: Footprint model 'polygon' loaded for trajectory optimization.
[INFO] [1783864890.008161816, 223.642000000]: GOAL Reached!
[INFO] [1783864890.149598608, 223.782000000]: Footprint model 'polygon' loaded for trajectory optimization.
[INFO] [1783864891.026095865, 224.658000000]: Footprint model 'polygon' loaded for trajectory optimization.
[INFO] [1783864891.719842899, 225.350000000]: Footprint model 'polygon' loaded for trajectory optimization.
[INFO] [1783864892.365600660, 225.994000000]: Footprint model 'polygon' loaded for trajectory optimization.
[INFO] [1783864894.249920875, 227.874000000]: GOAL Reached!
[INFO] [1783864894.388764916, 228.014000000]: Footprint model 'polygon' loaded for trajectory optimization.
[INFO] [1783864895.273385634, 228.896000000]: Footprint model 'polygon' loaded for trajectory optimization.
[INFO] [1783864895.957390840, 229.578000000]: Footprint model 'polygon' loaded for trajectory optimization.
[INFO] [1783864896.613681152, 230.234000000]: Footprint model 'polygon' loaded for trajectory optimization.
[INFO] [1783864898.591818550, 232.210000000]: GOAL Reached!
[INFO] [1783864898.732540497, 232.348000000]: Footprint model 'polygon' loaded for trajectory optimization.
[INFO] [1783864899.609348677, 233.220000000]: Footprint model 'polygon' loaded for trajectory optimization.
[INFO] [1783864900.159206692, 233.772000000]: Footprint model 'polygon' loaded for trajectory optimization.
[INFO] [1783864900.753783240, 234.368000000]: Footprint model 'polygon' loaded for trajectory optimization.
[INFO] [1783864901.357317139, 234.968000000]: Footprint model 'polygon' loaded for trajectory optimization.
[INFO] [1783864902.935546650, 236.544000000]: GOAL Reached!
[INFO] [1783864903.082978268, 236.690000000]: Footprint model 'polygon' loaded for trajectory optimization.
[INFO] [1783864904.007527903, 237.614000000]: Footprint model 'polygon' loaded for trajectory optimization.
[INFO] [1783864904.656601328, 238.264000000]: Footprint model 'polygon' loaded for trajectory optimization.
[INFO] [1783864905.311684933, 238.914000000]: Footprint model 'polygon' loaded for trajectory optimization.
[INFO] [1783864907.091459715, 240.692000000]: GOAL Reached!
[INFO] [1783864907.222971635, 240.824000000]: Footprint model 'polygon' loaded for trajectory optimization.
[INFO] [1783864908.103434917, 241.702000000]: Footprint model 'polygon' loaded for trajectory optimization.
[INFO] [1783864908.739712680, 242.336000000]: Footprint model 'polygon' loaded for trajectory optimization.
[INFO] [1783864909.386164083, 242.982000000]: Footprint model 'polygon' loaded for trajectory optimization.
[INFO] [1783864911.316568368, 244.912000000]: GOAL Reached!
[INFO] [1783864911.465754038, 245.060000000]: Footprint model 'polygon' loaded for trajectory optimization.
[INFO] [1783864912.339014489, 245.930000000]: Footprint model 'polygon' loaded for trajectory optimization.
[INFO] [1783864913.036408306, 246.628000000]: Footprint model 'polygon' loaded for trajectory optimization.
[INFO] [1783864913.690245455, 247.278000000]: Footprint model 'polygon' loaded for trajectory optimization.
[INFO] [1783864915.466546559, 249.054000000]: GOAL Reached!
[INFO] [1783864915.594692210, 249.182000000]: Footprint model 'polygon' loaded for trajectory optimization.
[INFO] [1783864916.471222959, 250.056000000]: Footprint model 'polygon' loaded for trajectory optimization.
[INFO] [1783864917.064265643, 250.648000000]: Footprint model 'polygon' loaded for trajectory optimization.
[INFO] [1783864917.615392343, 251.200000000]: Footprint model 'polygon' loaded for trajectory optimization.
[INFO] [1783864919.598264845, 253.178000000]: GOAL Reached!
[INFO] [1783864919.749096125, 253.328000000]: Footprint model 'polygon' loaded for trajectory optimization.
[INFO] [1783864920.641687922, 254.220000000]: Footprint model 'polygon' loaded for trajectory optimization.
[INFO] [1783864921.277448493, 254.854000000]: Footprint model 'polygon' loaded for trajectory optimization.
[INFO] [1783864921.874639692, 255.452000000]: Footprint model 'polygon' loaded for trajectory optimization.
[INFO] [1783864923.757091942, 257.330000000]: GOAL Reached!
[INFO] [1783864923.888151438, 257.460000000]: Footprint model 'polygon' loaded for trajectory optimization.
[INFO] [1783864924.766656508, 258.336000000]: Footprint model 'polygon' loaded for trajectory optimization.
[INFO] [1783864925.320180709, 258.888000000]: Footprint model 'polygon' loaded for trajectory optimization.
[INFO] [1783864925.965146818, 259.534000000]: Footprint model 'polygon' loaded for trajectory optimization.
[INFO] [1783864926.516451284, 260.084000000]: Footprint model 'polygon' loaded for trajectory optimization.
[INFO] [1783864927.997248500, 261.564000000]: GOAL Reached!
[INFO] [1783864928.145709411, 261.712000000]: Footprint model 'polygon' loaded for trajectory optimization.
[INFO] [1783864929.032466309, 262.596000000]: Footprint model 'polygon' loaded for trajectory optimization.
[INFO] [1783864929.720068586, 263.284000000]: Footprint model 'polygon' loaded for trajectory optimization.
[INFO] [1783864930.316339216, 263.880000000]: Footprint model 'polygon' loaded for trajectory optimization.
[INFO] [1783864932.149230159, 265.708000000]: GOAL Reached!
[INFO] [1783864932.287795263, 265.846000000]: Footprint model 'polygon' loaded for trajectory optimization.
[INFO] [1783864933.157431064, 266.716000000]: Footprint model 'polygon' loaded for trajectory optimization.
[INFO] [1783864933.807447799, 267.364000000]: Footprint model 'polygon' loaded for trajectory optimization.
[INFO] [1783864934.458330701, 268.012000000]: Footprint model 'polygon' loaded for trajectory optimization.
[INFO] [1783864936.290794253, 269.842000000]: GOAL Reached!
[INFO] [1783864936.431464253, 269.984000000]: Footprint model 'polygon' loaded for trajectory optimization.
[INFO] [1783864937.307839806, 270.858000000]: Footprint model 'polygon' loaded for trajectory optimization.
[INFO] [1783864937.905391847, 271.454000000]: Footprint model 'polygon' loaded for trajectory optimization.
[INFO] [1783864938.454981996, 272.006000000]: Footprint model 'polygon' loaded for trajectory optimization.
[INFO] [1783864939.096596410, 272.646000000]: Footprint model 'polygon' loaded for trajectory optimization.
[INFO] [1783864940.539736421, 274.084000000]: GOAL Reached!
[INFO] [1783864940.681501388, 274.226000000]: Footprint model 'polygon' loaded for trajectory optimization.
[INFO] [1783864941.551477391, 275.098000000]: Footprint model 'polygon' loaded for trajectory optimization.
[INFO] [1783864942.158048120, 275.700000000]: Footprint model 'polygon' loaded for trajectory optimization.
[INFO] [1783864942.854040469, 276.394000000]: Footprint model 'polygon' loaded for trajectory optimization.
[INFO] [1783864944.883423607, 278.420000000]: GOAL Reached!
[INFO] [1783864945.030105221, 278.566000000]: Footprint model 'polygon' loaded for trajectory optimization.
[INFO] [1783864945.899229207, 279.434000000]: Footprint model 'polygon' loaded for trajectory optimization.
[INFO] [1783864946.506341570, 280.040000000]: Footprint model 'polygon' loaded for trajectory optimization.
[INFO] [1783864947.104669415, 280.636000000]: Footprint model 'polygon' loaded for trajectory optimization.
[INFO] [1783864949.036089985, 282.566000000]: GOAL Reached!
[INFO] [1783864949.177653319, 282.706000000]: Footprint model 'polygon' loaded for trajectory optimization.
[INFO] [1783864950.071220259, 283.600000000]: Footprint model 'polygon' loaded for trajectory optimization.
[INFO] [1783864950.750369679, 284.280000000]: Footprint model 'polygon' loaded for trajectory optimization.
[INFO] [1783864951.353000259, 284.880000000]: Footprint model 'polygon' loaded for trajectory optimization.
[INFO] [1783864953.183457119, 286.708000000]: GOAL Reached!
[INFO] [1783864953.330049785, 286.854000000]: Footprint model 'polygon' loaded for trajectory optimization.
[INFO] [1783864954.188924824, 287.712000000]: Footprint model 'polygon' loaded for trajectory optimization.
[INFO] [1783864954.756651875, 288.276000000]: Footprint model 'polygon' loaded for trajectory optimization.
[INFO] [1783864955.351969689, 288.872000000]: Footprint model 'polygon' loaded for trajectory optimization.
[INFO] [1783864955.999005331, 289.516000000]: Footprint model 'polygon' loaded for trajectory optimization.
[INFO] [1783864957.429718665, 290.946000000]: GOAL Reached!
[INFO] [1783864957.574719682, 291.090000000]: Footprint model 'polygon' loaded for trajectory optimization.
[INFO] [1783864958.462371245, 291.976000000]: Footprint model 'polygon' loaded for trajectory optimization.
[INFO] [1783864959.155700223, 292.666000000]: Footprint model 'polygon' loaded for trajectory optimization.
[INFO] [1783864959.703914656, 293.214000000]: Footprint model 'polygon' loaded for trajectory optimization.
[INFO] [1783864961.686965560, 295.196000000]: GOAL Reached!
[INFO] [1783864961.833459577, 295.342000000]: Footprint model 'polygon' loaded for trajectory optimization.
[INFO] [1783864962.711884117, 296.218000000]: Footprint model 'polygon' loaded for trajectory optimization.
[INFO] [1783864963.362622470, 296.866000000]: Footprint model 'polygon' loaded for trajectory optimization.
[INFO] [1783864963.962173007, 297.464000000]: Footprint model 'polygon' loaded for trajectory optimization.
[INFO] [1783864964.565149225, 298.066000000]: Footprint model 'polygon' loaded for trajectory optimization.
[INFO] [1783864965.941606288, 299.444000000]: GOAL Reached!
[INFO] [1783864966.099501848, 299.602000000]: Footprint model 'polygon' loaded for trajectory optimization.
[INFO] [1783864966.976173444, 300.474000000]: Footprint model 'polygon' loaded for trajectory optimization.
[INFO] [1783864967.678294133, 301.174000000]: Footprint model 'polygon' loaded for trajectory optimization.
[INFO] [1783864968.322346899, 301.818000000]: Footprint model 'polygon' loaded for trajectory optimization.
[INFO] [1783864968.921798445, 302.418000000]: Footprint model 'polygon' loaded for trajectory optimization.
[INFO] [1783864970.303175832, 303.796000000]: GOAL Reached!
[INFO] [1783864970.457714044, 303.950000000]: Footprint model 'polygon' loaded for trajectory optimization.
[INFO] [1783864971.326825702, 304.818000000]: Footprint model 'polygon' loaded for trajectory optimization.
[INFO] [1783864971.980314039, 305.470000000]: Footprint model 'polygon' loaded for trajectory optimization.
[INFO] [1783864972.577433877, 306.068000000]: Footprint model 'polygon' loaded for trajectory optimization.
[INFO] [1783864974.460872711, 307.946000000]: GOAL Reached!
[INFO] [1783864974.596205513, 308.082000000]: Footprint model 'polygon' loaded for trajectory optimization.
[INFO] [1783864975.475543634, 308.960000000]: Footprint model 'polygon' loaded for trajectory optimization.
[INFO] [1783864976.124370580, 309.608000000]: Footprint model 'polygon' loaded for trajectory optimization.
[INFO] [1783864976.770879093, 310.252000000]: Footprint model 'polygon' loaded for trajectory optimization.
[INFO] [1783864978.703253131, 312.182000000]: GOAL Reached!
[INFO] [1783864978.851341711, 312.330000000]: Footprint model 'polygon' loaded for trajectory optimization.
[INFO] [1783864979.718735263, 313.198000000]: Footprint model 'polygon' loaded for trajectory optimization.
[INFO] [1783864980.369469229, 313.846000000]: Footprint model 'polygon' loaded for trajectory optimization.
[INFO] [1783864980.966234774, 314.444000000]: Footprint model 'polygon' loaded for trajectory optimization.
[INFO] [1783864981.561210115, 315.036000000]: Footprint model 'polygon' loaded for trajectory optimization.
[INFO] [1783864982.945880749, 316.422000000]: GOAL Reached!
[INFO] [1783864983.073528839, 316.548000000]: Footprint model 'polygon' loaded for trajectory optimization.
[INFO] [1783864983.948172176, 317.420000000]: Footprint model 'polygon' loaded for trajectory optimization.
[INFO] [1783864984.649144321, 318.118000000]: Footprint model 'polygon' loaded for trajectory optimization.
[INFO] [1783864985.199719361, 318.670000000]: Footprint model 'polygon' loaded for trajectory optimization.
[INFO] [1783864987.184024436, 320.648000000]: GOAL Reached!
[INFO] [1783864987.337141848, 320.802000000]: Footprint model 'polygon' loaded for trajectory optimization.
[INFO] [1783864988.214037343, 321.676000000]: Footprint model 'polygon' loaded for trajectory optimization.
[INFO] [1783864988.765662818, 322.226000000]: Footprint model 'polygon' loaded for trajectory optimization.
[INFO] [1783864989.367356581, 322.828000000]: Footprint model 'polygon' loaded for trajectory optimization.
[INFO] [1783864989.963604337, 323.424000000]: Footprint model 'polygon' loaded for trajectory optimization.
[INFO] [1783864991.343522721, 324.804000000]: GOAL Reached!
[INFO] [1783864991.492829507, 324.952000000]: Footprint model 'polygon' loaded for trajectory optimization.
[INFO] [1783864992.382332565, 325.838000000]: Footprint model 'polygon' loaded for trajectory optimization.
[INFO] [1783864993.073190274, 326.528000000]: Footprint model 'polygon' loaded for trajectory optimization.
[INFO] [1783864993.673545186, 327.128000000]: Footprint model 'polygon' loaded for trajectory optimization.
[INFO] [1783864994.272299536, 327.726000000]: Footprint model 'polygon' loaded for trajectory optimization.
[INFO] [1783864995.605521118, 329.056000000]: GOAL Reached!
[INFO] [1783864995.749754097, 329.198000000]: Footprint model 'polygon' loaded for trajectory optimization.
[INFO] [1783864996.647512770, 330.098000000]: Footprint model 'polygon' loaded for trajectory optimization.
[INFO] [1783864997.287160029, 330.736000000]: Footprint model 'polygon' loaded for trajectory optimization.
[INFO] [1783864997.931376695, 331.378000000]: Footprint model 'polygon' loaded for trajectory optimization.
[INFO] [1783864998.488568365, 331.934000000]: Footprint model 'polygon' loaded for trajectory optimization.
[INFO] [1783864999.869090175, 333.312000000]: GOAL Reached!
[INFO] [1783865000.007037365, 333.450000000]: Footprint model 'polygon' loaded for trajectory optimization.
[INFO] [1783865000.874994620, 334.316000000]: Footprint model 'polygon' loaded for trajectory optimization.
[INFO] [1783865001.480387638, 334.920000000]: Footprint model 'polygon' loaded for trajectory optimization.
[INFO] [1783865002.177993992, 335.620000000]: Footprint model 'polygon' loaded for trajectory optimization.
[INFO] [1783865004.013639801, 337.450000000]: GOAL Reached!
[INFO] [1783865004.166337666, 337.602000000]: Footprint model 'polygon' loaded for trajectory optimization.
[INFO] [1783865005.043914875, 338.480000000]: Footprint model 'polygon' loaded for trajectory optimization.
[INFO] [1783865005.694887136, 339.130000000]: Footprint model 'polygon' loaded for trajectory optimization.
[INFO] [1783865006.342694464, 339.776000000]: Footprint model 'polygon' loaded for trajectory optimization.
[INFO] [1783865008.075148333, 341.506000000]: GOAL Reached!
[INFO] [1783865008.223816748, 341.654000000]: Footprint model 'polygon' loaded for trajectory optimization.
[INFO] [1783865009.107555250, 342.536000000]: Footprint model 'polygon' loaded for trajectory optimization.
[INFO] [1783865009.711765609, 343.138000000]: Footprint model 'polygon' loaded for trajectory optimization.
[INFO] [1783865010.309060369, 343.736000000]: Footprint model 'polygon' loaded for trajectory optimization.
[INFO] [1783865010.909769052, 344.336000000]: Footprint model 'polygon' loaded for trajectory optimization.
[INFO] [1783865012.639086228, 346.064000000]: GOAL Reached!
[INFO] [1783865012.779704722, 346.204000000]: Footprint model 'polygon' loaded for trajectory optimization.
[INFO] [1783865013.658333725, 347.078000000]: Footprint model 'polygon' loaded for trajectory optimization.
[INFO] [1783865014.302028892, 347.722000000]: Footprint model 'polygon' loaded for trajectory optimization.
[INFO] [1783865014.948590048, 348.368000000]: Footprint model 'polygon' loaded for trajectory optimization.
[INFO] [1783865016.781980854, 350.198000000]: GOAL Reached!
[INFO] [1783865016.925221888, 350.340000000]: Footprint model 'polygon' loaded for trajectory optimization.
[INFO] [1783865017.797069441, 351.212000000]: Footprint model 'polygon' loaded for trajectory optimization.
[INFO] [1783865018.346851694, 351.760000000]: Footprint model 'polygon' loaded for trajectory optimization.
[INFO] [1783865018.997895951, 352.408000000]: Footprint model 'polygon' loaded for trajectory optimization.
[INFO] [1783865019.548155090, 352.958000000]: Footprint model 'polygon' loaded for trajectory optimization.
[INFO] [1783865021.325132511, 354.734000000]: GOAL Reached!
[INFO] [1783865021.463212470, 354.872000000]: Footprint model 'polygon' loaded for trajectory optimization.
[INFO] [1783865022.350454428, 355.756000000]: Footprint model 'polygon' loaded for trajectory optimization.
[INFO] [1783865022.995428903, 356.400000000]: Footprint model 'polygon' loaded for trajectory optimization.
[INFO] [1783865023.645739565, 357.048000000]: Footprint model 'polygon' loaded for trajectory optimization.
[INFO] [1783865025.574197855, 358.974000000]: GOAL Reached!
[INFO] [1783865025.723392950, 359.124000000]: Footprint model 'polygon' loaded for trajectory optimization.
[INFO] [1783865026.597023751, 359.994000000]: Footprint model 'polygon' loaded for trajectory optimization.
[INFO] [1783865027.153644919, 360.552000000]: Footprint model 'polygon' loaded for trajectory optimization.
[INFO] [1783865027.793209984, 361.190000000]: Footprint model 'polygon' loaded for trajectory optimization.
[INFO] [1783865028.401150925, 361.796000000]: Footprint model 'polygon' loaded for trajectory optimization.
[INFO] [1783865030.229308255, 363.622000000]: GOAL Reached!
[INFO] [1783865030.368262370, 363.762000000]: Footprint model 'polygon' loaded for trajectory optimization.
[INFO] [1783865031.244519454, 364.636000000]: Footprint model 'polygon' loaded for trajectory optimization.
[INFO] [1783865031.898233117, 365.286000000]: Footprint model 'polygon' loaded for trajectory optimization.
[INFO] [1783865032.541875485, 365.930000000]: Footprint model 'polygon' loaded for trajectory optimization.
[INFO] [1783865033.193070096, 366.580000000]: Footprint model 'polygon' loaded for trajectory optimization.
[INFO] [1783865034.467657161, 367.858000000]: GOAL Reached!
[INFO] [1783865034.596765297, 367.986000000]: Footprint model 'polygon' loaded for trajectory optimization.
[INFO] [1783865035.471592810, 368.856000000]: Footprint model 'polygon' loaded for trajectory optimization.
[INFO] [1783865036.067698981, 369.452000000]: Footprint model 'polygon' loaded for trajectory optimization.
[INFO] [1783865036.724066591, 370.108000000]: Footprint model 'polygon' loaded for trajectory optimization.
[INFO] [1783865038.605382982, 371.986000000]: GOAL Reached!
[INFO] [1783865038.742515133, 372.122000000]: Footprint model 'polygon' loaded for trajectory optimization.
[INFO] [1783865039.614558216, 372.996000000]: Footprint model 'polygon' loaded for trajectory optimization.
[INFO] [1783865040.221495497, 373.598000000]: Footprint model 'polygon' loaded for trajectory optimization.
[INFO] [1783865040.775142162, 374.152000000]: Footprint model 'polygon' loaded for trajectory optimization.
[INFO] [1783865041.421426286, 374.798000000]: Footprint model 'polygon' loaded for trajectory optimization.
[INFO] [1783865043.055121542, 376.426000000]: GOAL Reached!
[INFO] [1783865043.193624575, 376.564000000]: Footprint model 'polygon' loaded for trajectory optimization.
[INFO] [1783865044.066605566, 377.436000000]: Footprint model 'polygon' loaded for trajectory optimization.
[INFO] [1783865044.617183779, 377.986000000]: Footprint model 'polygon' loaded for trajectory optimization.
[INFO] [1783865045.264357176, 378.632000000]: Footprint model 'polygon' loaded for trajectory optimization.
[INFO] [1783865047.297821686, 380.662000000]: GOAL Reached!
[INFO] [1783865047.452569012, 380.816000000]: Footprint model 'polygon' loaded for trajectory optimization.
[INFO] [1783865048.336942617, 381.700000000]: Footprint model 'polygon' loaded for trajectory optimization.
[INFO] [1783865049.028602427, 382.392000000]: Footprint model 'polygon' loaded for trajectory optimization.
[INFO] [1783865049.731357072, 383.094000000]: Footprint model 'polygon' loaded for trajectory optimization.
[INFO] [1783865051.358883048, 384.718000000]: GOAL Reached!
[INFO] [1783865051.487777327, 384.846000000]: Footprint model 'polygon' loaded for trajectory optimization.
[INFO] [1783865052.360035229, 385.716000000]: Footprint model 'polygon' loaded for trajectory optimization.
[INFO] [1783865052.965870986, 386.324000000]: Footprint model 'polygon' loaded for trajectory optimization.
[INFO] [1783865053.564053885, 386.920000000]: Footprint model 'polygon' loaded for trajectory optimization.
[INFO] [1783865054.164722487, 387.520000000]: Footprint model 'polygon' loaded for trajectory optimization.
[INFO] [1783865055.694323688, 389.048000000]: GOAL Reached!
[INFO] [1783865055.851157999, 389.204000000]: Footprint model 'polygon' loaded for trajectory optimization.
[INFO] [1783865056.751326350, 390.100000000]: Footprint model 'polygon' loaded for trajectory optimization.
[INFO] [1783865057.431467026, 390.780000000]: Footprint model 'polygon' loaded for trajectory optimization.
[INFO] [1783865058.081485550, 391.430000000]: Footprint model 'polygon' loaded for trajectory optimization.
[INFO] [1783865059.964471158, 393.308000000]: GOAL Reached!
[INFO] [1783865060.096641512, 393.442000000]: Footprint model 'polygon' loaded for trajectory optimization.
[INFO] [1783865060.974869354, 394.316000000]: Footprint model 'polygon' loaded for trajectory optimization.
[INFO] [1783865061.671813118, 395.012000000]: Footprint model 'polygon' loaded for trajectory optimization.
[INFO] [1783865062.229892705, 395.568000000]: Footprint model 'polygon' loaded for trajectory optimization.
[INFO] [1783865062.872569604, 396.212000000]: Footprint model 'polygon' loaded for trajectory optimization.
[INFO] [1783865064.304407056, 397.640000000]: GOAL Reached!
[INFO] [1783865064.456213067, 397.792000000]: Footprint model 'polygon' loaded for trajectory optimization.
[INFO] [1783865065.342858937, 398.676000000]: Footprint model 'polygon' loaded for trajectory optimization.
[INFO] [1783865065.979103900, 399.312000000]: Footprint model 'polygon' loaded for trajectory optimization.
[INFO] [1783865066.628863516, 399.960000000]: Footprint model 'polygon' loaded for trajectory optimization.
[INFO] [1783865068.561498723, 401.890000000]: GOAL Reached!
[INFO] [1783865068.693323773, 402.022000000]: Footprint model 'polygon' loaded for trajectory optimization.
[INFO] [1783865069.569784903, 402.898000000]: Footprint model 'polygon' loaded for trajectory optimization.
[INFO] [1783865070.168476886, 403.496000000]: Footprint model 'polygon' loaded for trajectory optimization.
[INFO] [1783865070.720175156, 404.044000000]: Footprint model 'polygon' loaded for trajectory optimization.
[INFO] [1783865071.368311925, 404.692000000]: Footprint model 'polygon' loaded for trajectory optimization.
[INFO] [1783865072.897500352, 406.220000000]: GOAL Reached!
[INFO] [1783865073.027711619, 406.350000000]: Footprint model 'polygon' loaded for trajectory optimization.
[INFO] [1783865073.921691648, 407.240000000]: Footprint model 'polygon' loaded for trajectory optimization.
[INFO] [1783865074.610299353, 407.928000000]: Footprint model 'polygon' loaded for trajectory optimization.
[INFO] [1783865075.160950643, 408.478000000]: Footprint model 'polygon' loaded for trajectory optimization.
[INFO] [1783865077.139970521, 410.456000000]: GOAL Reached!
[INFO] [1783865077.275165005, 410.592000000]: Footprint model 'polygon' loaded for trajectory optimization.
[INFO] [1783865078.164650462, 411.476000000]: Footprint model 'polygon' loaded for trajectory optimization.
[INFO] [1783865078.858605221, 412.168000000]: Footprint model 'polygon' loaded for trajectory optimization.
[INFO] [1783865079.412257679, 412.722000000]: Footprint model 'polygon' loaded for trajectory optimization.
[INFO] [1783865080.012338759, 413.322000000]: Footprint model 'polygon' loaded for trajectory optimization.
[INFO] [1783865081.393555097, 414.700000000]: GOAL Reached!
[INFO] [1783865081.531043152, 414.838000000]: Footprint model 'polygon' loaded for trajectory optimization.
[INFO] [1783865082.413017719, 415.718000000]: Footprint model 'polygon' loaded for trajectory optimization.
[INFO] [1783865083.017293379, 416.320000000]: Footprint model 'polygon' loaded for trajectory optimization.
[INFO] [1783865083.566873411, 416.870000000]: Footprint model 'polygon' loaded for trajectory optimization.
[INFO] [1783865084.169822401, 417.470000000]: Footprint model 'polygon' loaded for trajectory optimization.
[INFO] [1783865085.647520312, 418.948000000]: GOAL Reached!
[INFO] [1783865085.791656147, 419.090000000]: Footprint model 'polygon' loaded for trajectory optimization.
[INFO] [1783865086.680905019, 419.978000000]: Footprint model 'polygon' loaded for trajectory optimization.
[INFO] [1783865087.318722660, 420.616000000]: Footprint model 'polygon' loaded for trajectory optimization.
[INFO] [1783865087.971141617, 421.266000000]: Footprint model 'polygon' loaded for trajectory optimization.
[INFO] [1783865089.902839646, 423.194000000]: GOAL Reached!
[INFO] [1783865090.052472657, 423.342000000]: Footprint model 'polygon' loaded for trajectory optimization.
[INFO] [1783865090.930435725, 424.218000000]: Footprint model 'polygon' loaded for trajectory optimization.
[INFO] [1783865091.580599513, 424.868000000]: Footprint model 'polygon' loaded for trajectory optimization.
[INFO] [1783865092.175054609, 425.464000000]: Footprint model 'polygon' loaded for trajectory optimization.
[INFO] [1783865092.824609099, 426.110000000]: Footprint model 'polygon' loaded for trajectory optimization.
[INFO] [1783865094.155609183, 427.440000000]: GOAL Reached!
[INFO] [1783865094.303268070, 427.588000000]: Footprint model 'polygon' loaded for trajectory optimization.
[INFO] [1783865095.175603995, 428.458000000]: Footprint model 'polygon' loaded for trajectory optimization.
[INFO] [1783865095.867126745, 429.150000000]: Footprint model 'polygon' loaded for trajectory optimization.
[INFO] [1783865096.521212461, 429.802000000]: Footprint model 'polygon' loaded for trajectory optimization.
[INFO] [1783865098.302629876, 431.580000000]: GOAL Reached!
[INFO] [1783865098.443690528, 431.720000000]: Footprint model 'polygon' loaded for trajectory optimization.
[INFO] [1783865099.321375045, 432.598000000]: Footprint model 'polygon' loaded for trajectory optimization.
[INFO] [1783865099.960091107, 433.238000000]: Footprint model 'polygon' loaded for trajectory optimization.
[INFO] [1783865100.564557112, 433.842000000]: Footprint model 'polygon' loaded for trajectory optimization.
[INFO] [1783865102.443407116, 435.714000000]: GOAL Reached!
[INFO] [1783865102.592068478, 435.862000000]: Footprint model 'polygon' loaded for trajectory optimization.
[INFO] [1783865103.486155690, 436.758000000]: Footprint model 'polygon' loaded for trajectory optimization.
[INFO] [1783865104.128305313, 437.396000000]: Footprint model 'polygon' loaded for trajectory optimization.
[INFO] [1783865104.727760063, 437.994000000]: Footprint model 'polygon' loaded for trajectory optimization.
[INFO] [1783865105.323926983, 438.590000000]: Footprint model 'polygon' loaded for trajectory optimization.
[INFO] [1783865107.007231294, 440.270000000]: GOAL Reached!
[INFO] [1783865107.145236482, 440.408000000]: Footprint model 'polygon' loaded for trajectory optimization.
[INFO] [1783865108.017554968, 441.278000000]: Footprint model 'polygon' loaded for trajectory optimization.
[INFO] [1783865108.669366283, 441.930000000]: Footprint model 'polygon' loaded for trajectory optimization.
[INFO] [1783865109.265974745, 442.526000000]: Footprint model 'polygon' loaded for trajectory optimization.
[INFO] [1783865111.145794063, 444.402000000]: GOAL Reached!
[INFO] [1783865111.298550792, 444.556000000]: Footprint model 'polygon' loaded for trajectory optimization.
[INFO] [1783865112.180246390, 445.436000000]: Footprint model 'polygon' loaded for trajectory optimization.
[INFO] [1783865112.871120310, 446.128000000]: Footprint model 'polygon' loaded for trajectory optimization.
[INFO] [1783865113.568457602, 446.820000000]: Footprint model 'polygon' loaded for trajectory optimization.
[INFO] [1783865115.301311910, 448.552000000]: GOAL Reached!
[INFO] [1783865115.436106351, 448.688000000]: Footprint model 'polygon' loaded for trajectory optimization.
[INFO] [1783865116.309233599, 449.558000000]: Footprint model 'polygon' loaded for trajectory optimization.
[INFO] [1783865116.861288460, 450.108000000]: Footprint model 'polygon' loaded for trajectory optimization.
[INFO] [1783865117.507867714, 450.752000000]: Footprint model 'polygon' loaded for trajectory optimization.
[INFO] [1783865119.439613340, 452.682000000]: GOAL Reached!
[INFO] [1783865119.590587246, 452.834000000]: Footprint model 'polygon' loaded for trajectory optimization.
[INFO] [1783865120.460291851, 453.700000000]: Footprint model 'polygon' loaded for trajectory optimization.
[INFO] [1783865121.059714915, 454.300000000]: Footprint model 'polygon' loaded for trajectory optimization.
[INFO] [1783865121.658851663, 454.898000000]: Footprint model 'polygon' loaded for trajectory optimization.
[INFO] [1783865123.490264812, 456.726000000]: GOAL Reached!
[INFO] [1783865123.632339434, 456.868000000]: Footprint model 'polygon' loaded for trajectory optimization.
[INFO] [1783865124.503502106, 457.738000000]: Footprint model 'polygon' loaded for trajectory optimization.
[INFO] [1783865125.196905478, 458.430000000]: Footprint model 'polygon' loaded for trajectory optimization.
[INFO] [1783865125.751473744, 458.984000000]: Footprint model 'polygon' loaded for trajectory optimization.
[INFO] [1783865127.633177867, 460.862000000]: GOAL Reached!
[INFO] [1783865127.790120643, 461.018000000]: Footprint model 'polygon' loaded for trajectory optimization.
[INFO] [1783865128.670417970, 461.898000000]: Footprint model 'polygon' loaded for trajectory optimization.
[INFO] [1783865129.323101435, 462.550000000]: Footprint model 'polygon' loaded for trajectory optimization.
[INFO] [1783865129.914927011, 463.142000000]: Footprint model 'polygon' loaded for trajectory optimization.
[INFO] [1783865131.795589749, 465.020000000]: GOAL Reached!
[INFO] [1783865131.939634044, 465.162000000]: Footprint model 'polygon' loaded for trajectory optimization.
[INFO] [1783865132.818430232, 466.040000000]: Footprint model 'polygon' loaded for trajectory optimization.
[INFO] [1783865133.512584727, 466.734000000]: Footprint model 'polygon' loaded for trajectory optimization.
[INFO] [1783865134.211742010, 467.432000000]: Footprint model 'polygon' loaded for trajectory optimization.
[INFO] [1783865135.942199871, 469.162000000]: GOAL Reached!
[INFO] [1783865136.086335562, 469.306000000]: Footprint model 'polygon' loaded for trajectory optimization.
[INFO] [1783865136.963265536, 470.178000000]: Footprint model 'polygon' loaded for trajectory optimization.
[INFO] [1783865137.655563251, 470.868000000]: Footprint model 'polygon' loaded for trajectory optimization.
[INFO] [1783865138.302144505, 471.516000000]: Footprint model 'polygon' loaded for trajectory optimization.
[INFO] [1783865140.186958037, 473.396000000]: GOAL Reached!
[INFO] [1783865140.330847052, 473.538000000]: Footprint model 'polygon' loaded for trajectory optimization.
[INFO] [1783865141.207085503, 474.416000000]: Footprint model 'polygon' loaded for trajectory optimization.
[INFO] [1783865141.906440756, 475.112000000]: Footprint model 'polygon' loaded for trajectory optimization.
[INFO] [1783865142.552977399, 475.760000000]: Footprint model 'polygon' loaded for trajectory optimization.
[INFO] [1783865144.332197969, 477.536000000]: GOAL Reached!
[INFO] [1783865144.462103547, 477.666000000]: Footprint model 'polygon' loaded for trajectory optimization.
[INFO] [1783865145.356701080, 478.556000000]: Footprint model 'polygon' loaded for trajectory optimization.
[INFO] [1783865145.898520181, 479.098000000]: Footprint model 'polygon' loaded for trajectory optimization.
[INFO] [1783865146.501132531, 479.700000000]: Footprint model 'polygon' loaded for trajectory optimization.
[INFO] [1783865147.104022510, 480.302000000]: Footprint model 'polygon' loaded for trajectory optimization.
[INFO] [1783865147.753593420, 480.948000000]: Footprint model 'polygon' loaded for trajectory optimization.
[INFO] [1783865148.350896884, 481.546000000]: Footprint model 'polygon' loaded for trajectory optimization.
[INFO] [1783865150.183853406, 483.374000000]: GOAL Reached!
[INFO] [1783865150.332215246, 483.522000000]: Footprint model 'polygon' loaded for trajectory optimization.
[INFO] [1783865151.205436534, 484.396000000]: Footprint model 'polygon' loaded for trajectory optimization.
[INFO] [1783865151.848582761, 485.038000000]: Footprint model 'polygon' loaded for trajectory optimization.
[INFO] [1783865152.494167846, 485.680000000]: Footprint model 'polygon' loaded for trajectory optimization.
[INFO] [1783865154.328175241, 487.516000000]: GOAL Reached!
[INFO] [1783865154.476364705, 487.662000000]: Footprint model 'polygon' loaded for trajectory optimization.
[INFO] [1783865155.352934596, 488.536000000]: Footprint model 'polygon' loaded for trajectory optimization.
[INFO] [1783865155.951915613, 489.134000000]: Footprint model 'polygon' loaded for trajectory optimization.
[INFO] [1783865156.554411344, 489.734000000]: Footprint model 'polygon' loaded for trajectory optimization.
[INFO] [1783865158.483863981, 491.664000000]: GOAL Reached!
[INFO] [1783865158.631364121, 491.810000000]: Footprint model 'polygon' loaded for trajectory optimization.
[INFO] [1783865159.500217390, 492.676000000]: Footprint model 'polygon' loaded for trajectory optimization.
[INFO] [1783865160.104978257, 493.280000000]: Footprint model 'polygon' loaded for trajectory optimization.
[INFO] [1783865160.698829497, 493.874000000]: Footprint model 'polygon' loaded for trajectory optimization.
[INFO] [1783865161.350965880, 494.526000000]: Footprint model 'polygon' loaded for trajectory optimization.
[INFO] [1783865162.736095476, 495.906000000]: GOAL Reached!
[INFO] [1783865162.890923584, 496.060000000]: Footprint model 'polygon' loaded for trajectory optimization.
[INFO] [1783865163.766933126, 496.936000000]: Footprint model 'polygon' loaded for trajectory optimization.
[INFO] [1783865164.365665085, 497.534000000]: Footprint model 'polygon' loaded for trajectory optimization.
[INFO] [1783865165.069191047, 498.236000000]: Footprint model 'polygon' loaded for trajectory optimization.
[INFO] [1783865167.000708652, 500.164000000]: GOAL Reached!
[INFO] [1783865167.135051752, 500.300000000]: Footprint model 'polygon' loaded for trajectory optimization.
[INFO] [1783865168.032549274, 501.198000000]: Footprint model 'polygon' loaded for trajectory optimization.
[INFO] [1783865168.682545519, 501.844000000]: Footprint model 'polygon' loaded for trajectory optimization.
[INFO] [1783865169.280653325, 502.442000000]: Footprint model 'polygon' loaded for trajectory optimization.
[INFO] [1783865169.881875877, 503.042000000]: Footprint model 'polygon' loaded for trajectory optimization.
[INFO] [1783865171.163125963, 504.320000000]: GOAL Reached!
[INFO] [1783865171.295942743, 504.452000000]: Footprint model 'polygon' loaded for trajectory optimization.
[INFO] [1783865172.180400058, 505.338000000]: Footprint model 'polygon' loaded for trajectory optimization.
[INFO] [1783865172.774937218, 505.930000000]: Footprint model 'polygon' loaded for trajectory optimization.
[INFO] [1783865173.372526062, 506.528000000]: Footprint model 'polygon' loaded for trajectory optimization.
[INFO] [1783865173.976601645, 507.128000000]: Footprint model 'polygon' loaded for trajectory optimization.
[INFO] [1783865175.408022065, 508.558000000]: GOAL Reached!
[INFO] [1783865175.554329975, 508.704000000]: Footprint model 'polygon' loaded for trajectory optimization.
[INFO] [1783865176.427908166, 509.578000000]: Footprint model 'polygon' loaded for trajectory optimization.
[INFO] [1783865177.123836400, 510.274000000]: Footprint model 'polygon' loaded for trajectory optimization.
[INFO] [1783865177.820161216, 510.970000000]: Footprint model 'polygon' loaded for trajectory optimization.
[INFO] [1783865179.653131984, 512.798000000]: GOAL Reached!
[INFO] [1783865179.802395951, 512.946000000]: Footprint model 'polygon' loaded for trajectory optimization.
[INFO] [1783865180.697029501, 513.838000000]: Footprint model 'polygon' loaded for trajectory optimization.
[INFO] [1783865181.326712570, 514.470000000]: Footprint model 'polygon' loaded for trajectory optimization.
[INFO] [1783865181.979636605, 515.118000000]: Footprint model 'polygon' loaded for trajectory optimization.
[INFO] [1783865183.809867459, 516.948000000]: GOAL Reached!
[INFO] [1783865183.952822879, 517.090000000]: Footprint model 'polygon' loaded for trajectory optimization.
[INFO] [1783865184.820518863, 517.956000000]: Footprint model 'polygon' loaded for trajectory optimization.
[INFO] [1783865185.480606984, 518.614000000]: Footprint model 'polygon' loaded for trajectory optimization.
[INFO] [1783865186.072680180, 519.208000000]: Footprint model 'polygon' loaded for trajectory optimization.
[INFO] [1783865186.671573453, 519.806000000]: Footprint model 'polygon' loaded for trajectory optimization.
[INFO] [1783865188.054478959, 521.186000000]: GOAL Reached!
[INFO] [1783865188.190513543, 521.320000000]: Footprint model 'polygon' loaded for trajectory optimization.
[INFO] [1783865189.068660015, 522.196000000]: Footprint model 'polygon' loaded for trajectory optimization.
[INFO] [1783865189.676081521, 522.802000000]: Footprint model 'polygon' loaded for trajectory optimization.
[INFO] [1783865190.369536654, 523.496000000]: Footprint model 'polygon' loaded for trajectory optimization.
[INFO] [1783865192.204515072, 525.326000000]: GOAL Reached!
[INFO] [1783865192.348711354, 525.472000000]: Footprint model 'polygon' loaded for trajectory optimization.
[INFO] [1783865193.234321730, 526.356000000]: Footprint model 'polygon' loaded for trajectory optimization.
[INFO] [1783865193.926683092, 527.046000000]: Footprint model 'polygon' loaded for trajectory optimization.
[INFO] [1783865194.523716956, 527.642000000]: Footprint model 'polygon' loaded for trajectory optimization.
[INFO] [1783865196.457161427, 529.572000000]: GOAL Reached!
[INFO] [1783865196.586669184, 529.700000000]: Footprint model 'polygon' loaded for trajectory optimization.
[INFO] [1783865197.462925535, 530.576000000]: Footprint model 'polygon' loaded for trajectory optimization.
[INFO] [1783865198.101326004, 531.214000000]: Footprint model 'polygon' loaded for trajectory optimization.
[INFO] [1783865198.701391970, 531.814000000]: Footprint model 'polygon' loaded for trajectory optimization.
[INFO] [1783865200.584618234, 533.692000000]: GOAL Reached!
[INFO] [1783865200.737913674, 533.846000000]: Footprint model 'polygon' loaded for trajectory optimization.
[INFO] [1783865201.631051410, 534.736000000]: Footprint model 'polygon' loaded for trajectory optimization.
[INFO] [1783865202.311865707, 535.418000000]: Footprint model 'polygon' loaded for trajectory optimization.
[INFO] [1783865202.915453290, 536.020000000]: Footprint model 'polygon' loaded for trajectory optimization.
[INFO] [1783865204.748252734, 537.850000000]: GOAL Reached!
[INFO] [1783865204.895226976, 537.996000000]: Footprint model 'polygon' loaded for trajectory optimization.
[INFO] [1783865205.778348016, 538.876000000]: Footprint model 'polygon' loaded for trajectory optimization.
[INFO] [1783865206.361771989, 539.462000000]: Footprint model 'polygon' loaded for trajectory optimization.
[INFO] [1783865206.965846455, 540.064000000]: Footprint model 'polygon' loaded for trajectory optimization.
[INFO] [1783865208.797597125, 541.892000000]: GOAL Reached!
[INFO] [1783865208.949031825, 542.044000000]: Footprint model 'polygon' loaded for trajectory optimization.
[INFO] [1783865209.825560590, 542.918000000]: Footprint model 'polygon' loaded for trajectory optimization.
[INFO] [1783865210.477326390, 543.570000000]: Footprint model 'polygon' loaded for trajectory optimization.
[INFO] [1783865211.122583707, 544.216000000]: Footprint model 'polygon' loaded for trajectory optimization.
[INFO] [1783865211.773228608, 544.864000000]: Footprint model 'polygon' loaded for trajectory optimization.
[INFO] [1783865213.155444320, 546.242000000]: GOAL Reached!
[INFO] [1783865213.283236154, 546.370000000]: Footprint model 'polygon' loaded for trajectory optimization.
[INFO] [1783865214.152307476, 547.236000000]: Footprint model 'polygon' loaded for trajectory optimization.
[INFO] [1783865214.755283913, 547.840000000]: Footprint model 'polygon' loaded for trajectory optimization.
[INFO] [1783865215.347722385, 548.432000000]: Footprint model 'polygon' loaded for trajectory optimization.
[INFO] [1783865215.906060248, 548.988000000]: Footprint model 'polygon' loaded for trajectory optimization.
[INFO] [1783865217.380243279, 550.464000000]: GOAL Reached!
[INFO] [1783865217.510739230, 550.594000000]: Footprint model 'polygon' loaded for trajectory optimization.
[INFO] [1783865218.382598382, 551.460000000]: Footprint model 'polygon' loaded for trajectory optimization.
[INFO] [1783865219.032221190, 552.110000000]: Footprint model 'polygon' loaded for trajectory optimization.
[INFO] [1783865219.626978785, 552.706000000]: Footprint model 'polygon' loaded for trajectory optimization.
[INFO] [1783865221.510940501, 554.586000000]: GOAL Reached!
[INFO] [1783865221.660358279, 554.736000000]: Footprint model 'polygon' loaded for trajectory optimization.
[INFO] [1783865222.547018090, 555.618000000]: Footprint model 'polygon' loaded for trajectory optimization.
[INFO] [1783865223.239129580, 556.310000000]: Footprint model 'polygon' loaded for trajectory optimization.
[INFO] [1783865223.794393418, 556.864000000]: Footprint model 'polygon' loaded for trajectory optimization.
[INFO] [1783865225.673707524, 558.740000000]: GOAL Reached!
[INFO] [1783865225.810298246, 558.876000000]: Footprint model 'polygon' loaded for trajectory optimization.
[INFO] [1783865226.673956281, 559.736000000]: Footprint model 'polygon' loaded for trajectory optimization.
[INFO] [1783865227.271317669, 560.338000000]: Footprint model 'polygon' loaded for trajectory optimization.
[INFO] [1783865227.922318655, 560.988000000]: Footprint model 'polygon' loaded for trajectory optimization.
[INFO] [1783865228.525634317, 561.588000000]: Footprint model 'polygon' loaded for trajectory optimization.
[INFO] [1783865229.907986402, 562.966000000]: GOAL Reached!
[INFO] [1783865230.059527714, 563.118000000]: Footprint model 'polygon' loaded for trajectory optimization.
[INFO] [1783865230.935991149, 563.994000000]: Footprint model 'polygon' loaded for trajectory optimization.
[INFO] [1783865231.534241027, 564.592000000]: Footprint model 'polygon' loaded for trajectory optimization.
[INFO] [1783865232.142586926, 565.196000000]: Footprint model 'polygon' loaded for trajectory optimization.
[INFO] [1783865232.837211312, 565.892000000]: Footprint model 'polygon' loaded for trajectory optimization.
[INFO] [1783865234.370574327, 567.422000000]: GOAL Reached!
[INFO] [1783865234.512658368, 567.564000000]: Footprint model 'polygon' loaded for trajectory optimization.
[INFO] [1783865235.384624037, 568.434000000]: Footprint model 'polygon' loaded for trajectory optimization.
[INFO] [1783865235.985351404, 569.036000000]: Footprint model 'polygon' loaded for trajectory optimization.
[INFO] [1783865236.639873799, 569.688000000]: Footprint model 'polygon' loaded for trajectory optimization.
[INFO] [1783865238.517426139, 571.562000000]: GOAL Reached!
[INFO] [1783865238.656915418, 571.702000000]: Footprint model 'polygon' loaded for trajectory optimization.
[INFO] [1783865239.536009139, 572.578000000]: Footprint model 'polygon' loaded for trajectory optimization.
[INFO] [1783865240.178980649, 573.224000000]: Footprint model 'polygon' loaded for trajectory optimization.
[INFO] [1783865240.826542771, 573.870000000]: Footprint model 'polygon' loaded for trajectory optimization.
[INFO] [1783865242.761886956, 575.800000000]: GOAL Reached!
[INFO] [1783865242.908513628, 575.946000000]: Footprint model 'polygon' loaded for trajectory optimization.
[INFO] [1783865243.783571365, 576.820000000]: Footprint model 'polygon' loaded for trajectory optimization.
[INFO] [1783865244.382657959, 577.418000000]: Footprint model 'polygon' loaded for trajectory optimization.
[INFO] [1783865245.082331276, 578.118000000]: Footprint model 'polygon' loaded for trajectory optimization.
[INFO] [1783865246.914796491, 579.946000000]: GOAL Reached!
[INFO] [1783865247.074908537, 580.106000000]: Footprint model 'polygon' loaded for trajectory optimization.
[INFO] [1783865247.950817880, 580.978000000]: Footprint model 'polygon' loaded for trajectory optimization.
[INFO] [1783865248.601781762, 581.630000000]: Footprint model 'polygon' loaded for trajectory optimization.
[INFO] [1783865249.201057267, 582.228000000]: Footprint model 'polygon' loaded for trajectory optimization.
[INFO] [1783865251.182026376, 584.206000000]: GOAL Reached!
[INFO] [1783865251.338077869, 584.362000000]: Footprint model 'polygon' loaded for trajectory optimization.
[INFO] [1783865252.215565803, 585.238000000]: Footprint model 'polygon' loaded for trajectory optimization.
[INFO] [1783865252.906622897, 585.928000000]: Footprint model 'polygon' loaded for trajectory optimization.
[INFO] [1783865253.555829495, 586.576000000]: Footprint model 'polygon' loaded for trajectory optimization.
[INFO] [1783865255.436520337, 588.454000000]: GOAL Reached!
[INFO] [1783865255.583383093, 588.602000000]: Footprint model 'polygon' loaded for trajectory optimization.
[INFO] [1783865256.463010047, 589.478000000]: Footprint model 'polygon' loaded for trajectory optimization.
[INFO] [1783865257.060003584, 590.074000000]: Footprint model 'polygon' loaded for trajectory optimization.
[INFO] [1783865257.658555832, 590.672000000]: Footprint model 'polygon' loaded for trajectory optimization.
[INFO] [1783865258.207839769, 591.218000000]: Footprint model 'polygon' loaded for trajectory optimization.
[INFO] [1783865259.589810464, 592.600000000]: GOAL Reached!
[INFO] [1783865259.732951819, 592.744000000]: Footprint model 'polygon' loaded for trajectory optimization.
[INFO] [1783865260.606648947, 593.616000000]: Footprint model 'polygon' loaded for trajectory optimization.
[INFO] [1783865261.208806005, 594.216000000]: Footprint model 'polygon' loaded for trajectory optimization.
[INFO] [1783865261.756261222, 594.766000000]: Footprint model 'polygon' loaded for trajectory optimization.
[INFO] [1783865262.358447303, 595.364000000]: Footprint model 'polygon' loaded for trajectory optimization.
[INFO] [1783865263.640245019, 596.644000000]: GOAL Reached!
[INFO] [1783865263.785246972, 596.788000000]: Footprint model 'polygon' loaded for trajectory optimization.
[INFO] [1783865264.653331129, 597.654000000]: Footprint model 'polygon' loaded for trajectory optimization.
[INFO] [1783865265.210871152, 598.212000000]: Footprint model 'polygon' loaded for trajectory optimization.
[INFO] [1783865265.809248740, 598.808000000]: Footprint model 'polygon' loaded for trajectory optimization.
[INFO] [1783865266.457823718, 599.456000000]: Footprint model 'polygon' loaded for trajectory optimization.
[INFO] [1783865267.890046944, 600.886000000]: GOAL Reached!
[INFO] [1783865268.044100651, 601.038000000]: Footprint model 'polygon' loaded for trajectory optimization.
[INFO] [1783865268.926926415, 601.920000000]: Footprint model 'polygon' loaded for trajectory optimization.
[INFO] [1783865269.571804297, 602.564000000]: Footprint model 'polygon' loaded for trajectory optimization.
[INFO] [1783865270.166938880, 603.160000000]: Footprint model 'polygon' loaded for trajectory optimization.
[INFO] [1783865271.950314412, 604.938000000]: GOAL Reached!
[INFO] [1783865272.090180402, 605.078000000]: Footprint model 'polygon' loaded for trajectory optimization.
[INFO] [1783865272.970483055, 605.956000000]: Footprint model 'polygon' loaded for trajectory optimization.
[INFO] [1783865273.623591744, 606.608000000]: Footprint model 'polygon' loaded for trajectory optimization.
[INFO] [1783865274.217012913, 607.202000000]: Footprint model 'polygon' loaded for trajectory optimization.
[INFO] [1783865276.101842454, 609.082000000]: GOAL Reached!
[INFO] [1783865276.248688557, 609.230000000]: Footprint model 'polygon' loaded for trajectory optimization.
[INFO] [1783865277.137537235, 610.116000000]: Footprint model 'polygon' loaded for trajectory optimization.
[INFO] [1783865278.017601689, 610.998000000]: Footprint model 'polygon' loaded for trajectory optimization.
[INFO] [1783865278.886793738, 611.864000000]: Footprint model 'polygon' loaded for trajectory optimization.
[INFO] [1783865279.432577312, 612.408000000]: Footprint model 'polygon' loaded for trajectory optimization.
[INFO] [1783865280.052057970, 613.028000000]: Footprint model 'polygon' loaded for trajectory optimization.
[INFO] [1783865280.679434962, 613.654000000]: Footprint model 'polygon' loaded for trajectory optimization.
[INFO] [1783865282.322289682, 615.294000000]: GOAL Reached!
[INFO] [1783865282.456047970, 615.426000000]: Footprint model 'polygon' loaded for trajectory optimization.
[INFO] [1783865283.353919695, 616.322000000]: Footprint model 'polygon' loaded for trajectory optimization.
[INFO] [1783865283.941970653, 616.910000000]: Footprint model 'polygon' loaded for trajectory optimization.
[INFO] [1783865284.647136081, 617.614000000]: Footprint model 'polygon' loaded for trajectory optimization.
[INFO] [1783865285.329794392, 618.294000000]: Footprint model 'polygon' loaded for trajectory optimization.
[INFO] [1783865286.374561937, 619.338000000]: Footprint model 'polygon' loaded for trajectory optimization.
[INFO] [1783865287.402454038, 620.362000000]: Footprint model 'polygon' loaded for trajectory optimization.
[INFO] [1783865288.262941900, 621.224000000]: Footprint model 'polygon' loaded for trajectory optimization.
[INFO] [1783865288.870932326, 621.830000000]: Footprint model 'polygon' loaded for trajectory optimization.
[INFO] [1783865289.422948458, 622.382000000]: Footprint model 'polygon' loaded for trajectory optimization.
[INFO] [1783865290.069857765, 623.030000000]: Footprint model 'polygon' loaded for trajectory optimization.
[INFO] [1783865291.713322389, 624.668000000]: GOAL Reached!
[INFO] [1783865291.864924900, 624.820000000]: Footprint model 'polygon' loaded for trajectory optimization.
[INFO] [1783865292.728302191, 625.684000000]: Footprint model 'polygon' loaded for trajectory optimization.
[INFO] [1783865293.288840586, 626.244000000]: Footprint model 'polygon' loaded for trajectory optimization.
[INFO] [1783865294.022379045, 626.974000000]: Footprint model 'polygon' loaded for trajectory optimization.
[INFO] [1783865295.084646759, 628.034000000]: Footprint model 'polygon' loaded for trajectory optimization.
[INFO] [1783865296.208795545, 629.158000000]: Footprint model 'polygon' loaded for trajectory optimization.
[INFO] [1783865297.077251153, 630.024000000]: Footprint model 'polygon' loaded for trajectory optimization.
[INFO] [1783865297.623512433, 630.572000000]: Footprint model 'polygon' loaded for trajectory optimization.
[INFO] [1783865298.[WARN] [1783865320.679306348, 653.588000000]: Control loop missed its desired rate of 10.0000Hz... the loop actually took 0.1040 seconds
[WARN] [1783865320.805632209, 653.716000000]: Control loop missed its desired rate of 10.0000Hz... the loop actually took 0.1320 seconds
[WARN] [1783865320.950284706, 653.860000000]: Control loop missed its desired rate of 10.0000Hz... the loop actually took 0.1760 seconds
224990760, 631.172000000]: Footprint model 'polygon' loaded for trajectory optimization.
[INFO] [1783865298.876327051, 631.820000000]: Footprint model 'polygon' loaded for trajectory optimization.
[INFO] [1783865300.517239765, 633.460000000]: GOAL Reached!
[INFO] [1783865300.657307395, 633.600000000]: Footprint model 'polygon' loaded for trajectory optimization.
[INFO] [1783865301.543951663, 634.486000000]: Footprint model 'polygon' loaded for trajectory optimization.
[INFO] [1783865302.321201885, 635.260000000]: Footprint model 'polygon' loaded for trajectory optimization.
[INFO] [1783865303.349421525, 636.286000000]: Footprint model 'polygon' loaded for trajectory optimization.
[INFO] [1783865304.483896674, 637.422000000]: Footprint model 'polygon' loaded for trajectory optimization.
[INFO] [1783865305.349991237, 638.282000000]: Footprint model 'polygon' loaded for trajectory optimization.
[INFO] [1783865305.907477619, 638.840000000]: Footprint model 'polygon' loaded for trajectory optimization.
[INFO] [1783865306.556518311, 639.488000000]: Footprint model 'polygon' loaded for trajectory optimization.
[INFO] [1783865307.108626813, 640.038000000]: Footprint model 'polygon' loaded for trajectory optimization.
[INFO] [1783865308.800188614, 641.726000000]: GOAL Reached!
[INFO] [1783865308.942280399, 641.868000000]: Footprint model 'polygon' loaded for trajectory optimization.
[INFO] [1783865309.838087090, 642.764000000]: Footprint model 'polygon' loaded for trajectory optimization.
[INFO] [1783865310.617803620, 643.542000000]: Footprint model 'polygon' loaded for trajectory optimization.
[INFO] [1783865311.651253325, 644.574000000]: Footprint model 'polygon' loaded for trajectory optimization.
[INFO] [1783865312.803816590, 645.726000000]: Footprint model 'polygon' loaded for trajectory optimization.
[INFO] [1783865313.664284119, 646.584000000]: Footprint model 'polygon' loaded for trajectory optimization.
[INFO] [1783865314.258235352, 647.176000000]: Footprint model 'polygon' loaded for trajectory optimization.
[INFO] [1783865314.857530285, 647.774000000]: Footprint model 'polygon' loaded for trajectory optimization.
[INFO] [1783865315.456454527, 648.370000000]: Footprint model 'polygon' loaded for trajectory optimization.
[INFO] [1783865317.001406169, 649.914000000]: GOAL Reached!
[INFO] [1783865317.144004465, 650.056000000]: Footprint model 'polygon' loaded for trajectory optimization.
[INFO] [1783865318.013405390, 650.924000000]: Footprint model 'polygon' loaded for trajectory optimization.
[INFO] [1783865318.570546191, 651.480000000]: Footprint model 'polygon' loaded for trajectory optimization.
[INFO] [1783865319.304194998, 652.214000000]: Footprint model 'polygon' loaded for trajectory optimization.
[INFO] [1783865320.279150906, 653.186000000]: Footprint model 'polygon' loaded for trajectory optimization.
[INFO] [1783865321.007513357, 653.916000000]: Footprint model 'polygon' loaded for trajectory optimization.
[INFO] [1783865322.134720484, 655.040000000]: Footprint model 'polygon' loaded for trajectory optimization.
[INFO] [1783865323.002261540, 655.904000000]: Footprint model 'polygon' loaded for trajectory optimization.
[INFO] [1783865323.595790188, 656.498000000]: Footprint model 'polygon' loaded for trajectory optimization.
[INFO] [1783865324.199913177, 657.100000000]: Footprint model 'polygon' loaded for trajectory optimization.
[INFO] [1783865324.751282907, 657.650000000]: Footprint model 'polygon' loaded for trajectory optimization.
[INFO] [1783865326.541403523, 659.438000000]: GOAL Reached!
[INFO] [1783865326.680193107, 659.576000000]: Footprint model 'polygon' loaded for trajectory optimization.
[INFO] [1783865327.552778816, 660.446000000]: Footprint model 'polygon' loaded for trajectory optimization.
[INFO] [1783865328.189563426, 661.084000000]: Footprint model 'polygon' loaded for trajectory optimization.
[INFO] [1783865328.787410466, 661.680000000]: Footprint model 'polygon' loaded for trajectory optimization.
[INFO] [1783865329.438251348, 662.328000000]: Footprint model 'polygon' loaded for trajectory optimization.
[INFO] [1783865329.991231585, 662.880000000]: Footprint model 'polygon' loaded for trajectory optimization.
[INFO] [1783865332.081304481, 664.968000000]: GOAL Reached!
[INFO] [1783865332.223156096, 665.110000000]: Footprint model 'polygon' loaded for trajectory optimization.
[INFO] [1783865333.101668205, 665.986000000]: Footprint model 'polygon' loaded for trajectory optimization.
[INFO] [1783865333.784677876, 666.668000000]: Footprint model 'polygon' loaded for trajectory optimization.
[INFO] [1783865334.814685162, 667.696000000]: Footprint model 'polygon' loaded for trajectory optimization.
[INFO] [1783865335.765267678, 668.646000000]: Footprint model 'polygon' loaded for trajectory optimization.
[INFO] [1783865336.364980060, 669.246000000]: Footprint model 'polygon' loaded for trajectory optimization.
[INFO] [1783865336.921430836, 669.800000000]: Footprint model 'polygon' loaded for trajectory optimization.
[INFO] [1783865337.570586857, 670.446000000]: Footprint model 'polygon' loaded for trajectory optimization.
[INFO] [1783865339.411992100, 672.286000000]: GOAL Reached!
[INFO] [1783865339.570461954, 672.444000000]: Footprint model 'polygon' loaded for trajectory optimization.
[INFO] [1783865340.455304027, 673.326000000]: Footprint model 'polygon' loaded for trajectory optimization.
[INFO] [1783865340.990451911, 673.860000000]: Footprint model 'polygon' loaded for trajectory optimization.
[INFO] [1783865341.641781713, 674.510000000]: Footprint model 'polygon' loaded for trajectory optimization.
[INFO] [1783865342.189082290, 675.062000000]: Footprint model 'polygon' loaded for trajectory optimization.
[INFO] [1783865342.793653703, 675.662000000]: Footprint model 'polygon' loaded for trajectory optimization.
[INFO] [1783865343.444335750, 676.312000000]: Footprint model 'polygon' loaded for trajectory optimization.
[INFO] [1783865345.087452885, 677.950000000]: GOAL Reached!
[INFO] [1783865345.227452953, 678.090000000]: Footprint model 'polygon' loaded for trajectory optimization.
[INFO] [1783865346.100472397, 678.966000000]: Footprint model 'polygon' loaded for trajectory optimization.
[INFO] [1783865346.892250105, 679.752000000]: Footprint model 'polygon' loaded for trajectory optimization.
[INFO] [1783865347.939927669, 680.802000000]: Footprint model 'polygon' loaded for trajectory optimization.
[INFO] [1783865348.887391912, 681.746000000]: Footprint model 'polygon' loaded for trajectory optimization.
[INFO] [1783865349.434418852, 682.290000000]: Footprint model 'polygon' loaded for trajectory optimization.
[INFO] [1783865350.035383343, 682.892000000]: Footprint model 'polygon' loaded for trajectory optimization.
[INFO] [1783865350.634570918, 683.488000000]: Footprint model 'polygon' loaded for trajectory optimization.
[INFO] [1783865352.424221052, 685.278000000]: GOAL Reached!
[INFO] [1783865352.564862560, 685.418000000]: Footprint model 'polygon' loaded for trajectory optimization.
[INFO] [1783865353.432174123, 686.284000000]: Footprint model 'polygon' loaded for trajectory optimization.
[INFO] [1783865354.027105715, 686.878000000]: Footprint model 'polygon' loaded for trajectory optimization.
[INFO] [1783865354.579594695, 687.428000000]: Footprint model 'polygon' loaded for trajectory optimization.
[INFO] [1783865355.178523935, 688.026000000]: Footprint model 'polygon' loaded for trajectory optimization.
[INFO] [1783865355.778484110, 688.624000000]: Footprint model 'polygon' loaded for trajectory optimization.
[INFO] [1783865356.379899908, 689.226000000]: Footprint model 'polygon' loaded for trajectory optimization.
[INFO] [1783865357.970526106, 690.814000000]: GOAL Reached!
[INFO] [1783865358.118127911, 690.960000000]: Footprint model 'polygon' loaded for trajectory optimization.
[INFO] [1783865359.006010012, 691.846000000]: Footprint model 'polygon' loaded for trajectory optimization.
[INFO] [1783865359.684473366, 692.524000000]: Footprint model 'polygon' loaded for trajectory optimization.
[INFO] [1783865360.647887472, 693.486000000]: Footprint model 'polygon' loaded for trajectory optimization.
[IN[WARN] [1783865387.706538557, 720.502000000]: Control loop missed its desired rate of 10.0000Hz... the loop actually took 0.1320 seconds
[WARN] [1783865387.835065022, 720.630000000]: Control loop missed its desired rate of 10.0000Hz... the loop actually took 0.1600 seconds
FO] [1783865361.319376362, 694.158000000]: Footprint model 'polygon' loaded for trajectory optimization.
[INFO] [1783865362.270093901, 695.106000000]: Footprint model 'polygon' loaded for trajectory optimization.
[INFO] [1783865362.823714128, 695.658000000]: Footprint model 'polygon' loaded for trajectory optimization.
[INFO] [1783865363.473543357, 696.308000000]: Footprint model 'polygon' loaded for trajectory optimization.
[INFO] [1783865364.075596624, 696.908000000]: Footprint model 'polygon' loaded for trajectory optimization.
[INFO] [1783865365.917617860, 698.746000000]: GOAL Reached!
[INFO] [1783865366.056090122, 698.884000000]: Footprint model 'polygon' loaded for trajectory optimization.
[INFO] [1783865366.937556208, 699.764000000]: Footprint model 'polygon' loaded for trajectory optimization.
[INFO] [1783865367.622342408, 700.450000000]: Footprint model 'polygon' loaded for trajectory optimization.
[INFO] [1783865368.176358265, 701.002000000]: Footprint model 'polygon' loaded for trajectory optimization.
[INFO] [1783865368.777692968, 701.602000000]: Footprint model 'polygon' loaded for trajectory optimization.
[INFO] [1783865369.378470835, 702.200000000]: Footprint model 'polygon' loaded for trajectory optimization.
[INFO] [1783865370.023010723, 702.846000000]: Footprint model 'polygon' loaded for trajectory optimization.
[INFO] [1783865371.467951488, 704.288000000]: GOAL Reached!
[INFO] [1783865371.617864706, 704.438000000]: Footprint model 'polygon' loaded for trajectory optimization.
[INFO] [1783865372.509914551, 705.326000000]: Footprint model 'polygon' loaded for trajectory optimization.
[INFO] [1783865373.288130596, 706.104000000]: Footprint model 'polygon' loaded for trajectory optimization.
[INFO] [1783865374.367519984, 707.182000000]: Footprint model 'polygon' loaded for trajectory optimization.
[INFO] [1783865375.314246845, 708.126000000]: Footprint model 'polygon' loaded for trajectory optimization.
[INFO] [1783865375.951117041, 708.762000000]: Footprint model 'polygon' loaded for trajectory optimization.
[INFO] [1783865376.551321810, 709.364000000]: Footprint model 'polygon' loaded for trajectory optimization.
[INFO] [1783865377.200281347, 710.010000000]: Footprint model 'polygon' loaded for trajectory optimization.
[INFO] [1783865378.838833585, 711.650000000]: GOAL Reached!
[INFO] [1783865378.984304891, 711.794000000]: Footprint model 'polygon' loaded for trajectory optimization.
[INFO] [1783865379.859365141, 712.664000000]: Footprint model 'polygon' loaded for trajectory optimization.
[INFO] [1783865380.500988106, 713.306000000]: Footprint model 'polygon' loaded for trajectory optimization.
[INFO] [1783865381.144931428, 713.952000000]: Footprint model 'polygon' loaded for trajectory optimization.
[INFO] [1783865381.699773360, 714.502000000]: Footprint model 'polygon' loaded for trajectory optimization.
[INFO] [1783865382.301045241, 715.102000000]: Footprint model 'polygon' loaded for trajectory optimization.
[INFO] [1783865382.948787210, 715.748000000]: Footprint model 'polygon' loaded for trajectory optimization.
[INFO] [1783865384.393747130, 717.190000000]: GOAL Reached!
[INFO] [1783865384.538694665, 717.334000000]: Footprint model 'polygon' loaded for trajectory optimization.
[INFO] [1783865385.407220429, 718.204000000]: Footprint model 'polygon' loaded for trajectory optimization.
[INFO] [1783865386.099202647, 718.894000000]: Footprint model 'polygon' loaded for trajectory optimization.
[INFO] [1783865387.114867202, 719.910000000]: Footprint model 'polygon' loaded for trajectory optimization.
[INFO] [1783865387.894383938, 720.690000000]: Footprint model 'polygon' loaded for trajectory optimization.
[INFO] [1783865388.835411795, 721.626000000]: Footprint model 'polygon' loaded for trajectory optimization.
[INFO] [1783865389.383129247, 722.174000000]: Footprint model 'polygon' loaded for trajectory optimization.
[INFO] [1783865389.983869473, 722.774000000]: Footprint model 'polygon' loaded for trajectory optimization.
[INFO] [1783865390.585266747, 723.374000000]: Footprint model 'polygon' loaded for trajectory optimization.
[INFO] [1783865392.475393956, 725.262000000]: GOAL Reached!
[INFO] [1783865392.618165038, 725.406000000]: Footprint model 'polygon' loaded for trajectory optimization.
[INFO] [1783865393.479002485, 726.266000000]: Footprint model 'polygon' loaded for trajectory optimization.
[INFO] [1783865394.088421086, 726.872000000]: Footprint model 'polygon' loaded for trajectory optimization.
[INFO] [1783865394.689908458, 727.470000000]: Footprint model 'polygon' loaded for trajectory optimization.
[INFO] [1783865395.288680547, 728.068000000]: Footprint model 'polygon' loaded for trajectory optimization.
[INFO] [1783865395.841268463, 728.622000000]: Footprint model 'polygon' loaded for trajectory optimization.
[INFO] [1783865396.441765252, 729.220000000]: Footprint model 'polygon' loaded for trajectory optimization.
[INFO] [1783865398.033702436, 730.808000000]: GOAL Reached!
[INFO] [1783865398.165214511, 730.940000000]: Footprint model 'polygon' loaded for trajectory optimization.
[INFO] [1783865399.052262082, 731.826000000]: Footprint model 'polygon' loaded for trajectory optimization.
[INFO] [1783865399.692171543, 732.464000000]: Footprint model 'polygon' loaded for trajectory optimization.
[INFO] [1783865400.289908095, 733.060000000]: Footprint model 'polygon' loaded for trajectory optimization.
[INFO] [1783865400.889748728, 733.662000000]: Footprint model 'polygon' loaded for trajectory optimization.
[INFO] [1783865401.625210206, 734.394000000]: Footprint model 'polygon' loaded for trajectory optimization.
[INFO] [1783865402.599328456, 735.366000000]: Footprint model 'polygon' loaded for trajectory optimization.
[INFO] [1783865403.257895859, 736.024000000]: Footprint model 'polygon' loaded for trajectory optimization.
[INFO] [1783865404.201236835, 736.966000000]: Footprint model 'polygon' loaded for trajectory optimization.
[INFO] [1783865404.885488165, 737.648000000]: Footprint model 'polygon' loaded for trajectory optimization.
[INFO] [1783865405.485466803, 738.248000000]: Footprint model 'polygon' loaded for trajectory optimization.
[INFO] [1783865406.042228686, 738.802000000]: Footprint model 'polygon' loaded for trajectory optimization.
[INFO] [1783865407.831004896, 740.590000000]: GOAL Reached!
[INFO] [1783865407.963492092, 740.724000000]: Footprint model 'polygon' loaded for trajectory optimization.
[INFO] [1783865408.827502224, 741.586000000]: Footprint model 'polygon' loaded for trajectory optimization.
[INFO] [1783865409.387086991, 742.142000000]: Footprint model 'polygon' loaded for trajectory optimization.
[INFO] [1783865410.030409820, 742.786000000]: Footprint model 'polygon' loaded for trajectory optimization.
[INFO] [1783865410.585806609, 743.338000000]: Footprint model 'polygon' loaded for trajectory optimization.
[INFO] [1783865411.233785431, 743.986000000]: Footprint model 'polygon' loaded for trajectory optimization.
[INFO] [1783865411.783668981, 744.534000000]: Footprint model 'polygon' loaded for trajectory optimization.
[INFO] [1783865413.377106661, 746.126000000]: GOAL Reached!
[INFO] [1783865413.522757020, 746.272000000]: Footprint model 'polygon' loaded for trajectory optimization.
[INFO] [1783865414.396341779, 747.144000000]: Footprint model 'polygon' loaded for trajectory optimization.
[INFO] [1783865415.176266571, 747.920000000]: Footprint model 'polygon' loaded for trajectory optimization.
[INFO] [1783865416.211090964, 748.956000000]: Footprint model 'polygon' loaded for trajectory optimization.
[INFO] [1783865417.163260944, 749.906000000]: Footprint model 'polygon' loaded for trajectory optimization.
[INFO] [1783865417.706913834, 750.450000000]: Footprint model 'polygon' loaded for trajectory optimization.
[INFO] [1783865418.359036377, 751.100000000]: Footprint model 'polygon' loaded for trajectory optimization.
[INFO] [1783865418.954307641, 751.696000000]: Footprint model 'polygon' loaded for trajectory optimization.
[INFO] [1783865420.697532321, 753.436000000]: GOAL Reached!
[INFO] [1783865420.853295560, 753.592000000]: Footprint model 'polygon' loaded for trajectory optimization.
[INFO] [1783865421.708771083, 754.444000000]: Footprint model 'polygon' loaded for trajectory optimization.
[INFO] [1783865422.264041408, 755.002000000]: Footprint model 'polygon' loaded for trajectory optimization.
[INFO] [1783865422.863245174, 755.598000000]: Footprint model 'polygon' loaded for trajectory optimization.
[INFO] [1783865423.513050751, 756.246000000]: Footprint model 'polygon' loaded for trajectory optimization.
[INFO] [1783865424.064463704, 756.798000000]: Footprint model 'polygon' loaded for trajectory optimization.
[INFO] [1783865424.708492127, 757.442000000]: Footprint model 'polygon' loaded for trajectory optimization.
[INFO] [1783865426.255381210, 758.984000000]: GOAL Reached!
[INFO] [1783865426.400266692, 759.128000000]: Footprint model 'polygon' loaded for trajectory optimization.
[INFO] [1783865427.280192694, 760.006000000]: Footprint model 'polygon' loaded for trajectory optimization.
[INFO] [1783865427.868568813, 760.594000000]: Footprint model 'polygon' loaded for trajectory optimization.
[INFO] [1783865428.558051460, 761.284000000]: Footprint model 'polygon' loaded for trajectory optimization.
[INFO] [1783865429.587263971, 762.310000000]: Footprint model 'polygon' loaded for trajectory optimization.
[INFO] [1783865430.523276511, 763.244000000]: Footprint model 'polygon' loaded for trajectory optimization.
[INFO] [1783865431.211987695, 763.932000000]: Footprint model 'polygon' loaded for trajectory optimization.
[INFO] [1783865431.765544125, 764.486000000]: Footprint model 'polygon' loaded for trajectory optimization.
[INFO] [1783865432.365668645, 765.084000000]: Footprint model 'polygon' loaded for trajectory optimization.
[INFO] [1783865434.156706807, 766.872000000]: GOAL Reached!
[INFO] [1783865434.293202229, 767.008000000]: Footprint model 'polygon' loaded for trajectory optimization.
[INFO] [1783865435.170545386, 767.884000000]: Footprint model 'polygon' loaded for trajectory optimization.
[INFO] [1783865435.769049667, 768.484000000]: Footprint model 'polygon' loaded for trajectory optimization.
[INFO] [1783865436.319585517, 769.034000000]: Footprint model 'polygon' loaded for trajectory optimization.
[INFO] [1783865436.970219468, 769.682000000]: Footprint model 'polygon' loaded for trajectory optimization.
[INFO] [1783865437.570853338, 770.284000000]: Footprint model 'polygon' loaded for trajectory optimization.
[INFO] [1783865438.171063191, 770.880000000]: Footprint model 'polygon' loaded for trajectory optimization.
[INFO] [1783865439.608425894, 772.320000000]: GOAL Reached!
[INFO] [1783865439.760291112, 772.470000000]: Footprint model 'polygon' loaded for trajectory optimization.
[INFO] [1783865440.660602021, 773.364000000]: Footprint model 'polygon' loaded for trajectory optimization.
[INFO] [1783865441.333085688, 774.038000000]: Footprint model 'polygon' loaded for trajectory optimization.
[INFO] [1783865442.343923157, 775.048000000]: Footprint model 'polygon' loaded for trajectory optimization.
[INFO] [1783865443.263678771, 775.964000000]: Footprint model 'polygon' loaded for trajectory optimization.
[INFO] [1783865443.819204513, 776.520000000]: Footprint model 'polygon' loaded for trajectory optimization.
[INFO] [1783865444.463144299, 777.166000000]: Footprint model 'polygon' loaded for trajectory optimization.
[INFO] [1783865445.065309790, 777.764000000]: Footprint model 'polygon' loaded for trajectory optimization.
[INFO] [1783865446.807571261, 779.504000000]: GOAL Reached!
[INFO] [1783865446.947379298, 779.644000000]: Footprint model 'polygon' loaded for trajectory optimization.
[INFO] [1783865447.830033374, 780.524000000]: Footprint model 'polygon' loaded for trajectory optimization.
[INFO] [1783865448.379542870, 781.072000000]: Footprint model 'polygon' loaded for trajectory optimization.
[INFO] [1783865449.027423835, 781.720000000]: Footprint model 'polygon' loaded for trajectory optimization.
[INFO] [1783865449.581668055, 782.272000000]: Footprint model 'polygon' loaded for trajectory optimization.
[INFO] [1783865450.178437948, 782.868000000]: Footprint model '[WARN] [1783865457.480564038, 790.158000000]: Control loop missed its desired rate of 10.0000Hz... the loop actually took 0.1260 seconds
polygon' loaded for trajectory optimization.
[INFO] [1783865450.781619447, 783.470000000]: Footprint model 'polygon' loaded for trajectory optimization.
[INFO] [1783865452.372752797, 785.058000000]: GOAL Reached!
[INFO] [1783865452.525868125, 785.212000000]: Footprint model 'polygon' loaded for trajectory optimization.
[INFO] [1783865453.402432772, 786.086000000]: Footprint model 'polygon' loaded for trajectory optimization.
[INFO] [1783865453.949726809, 786.632000000]: Footprint model 'polygon' loaded for trajectory optimization.
[INFO] [1783865454.554118824, 787.234000000]: Footprint model 'polygon' loaded for trajectory optimization.
[INFO] [1783865455.151017484, 787.832000000]: Footprint model 'polygon' loaded for trajectory optimization.
[INFO] [1783865455.884596524, 788.564000000]: Footprint model 'polygon' loaded for trajectory optimization.
[INFO] [1783865456.846428711, 789.524000000]: Footprint model 'polygon' loaded for trajectory optimization.
[INFO] [1783865457.536980515, 790.216000000]: Footprint model 'polygon' loaded for trajectory optimization.
[INFO] [1783865458.489927308, 791.164000000]: Footprint model 'polygon' loaded for trajectory optimization.
[INFO] [1783865459.047903405, 791.722000000]: Footprint model 'polygon' loaded for trajectory optimization.
[INFO] [1783865459.650946602, 792.324000000]: Footprint model 'polygon' loaded for trajectory optimization.
[INFO] [1783865460.298832671, 792.970000000]: Footprint model 'polygon' loaded for trajectory optimization.
[INFO] [1783865460.854129745, 793.524000000]: Footprint model 'polygon' loaded for trajectory optimization.
[INFO] [1783865461.452198945, 794.122000000]: Footprint model 'polygon' loaded for trajectory optimization.
[INFO] [1783865462.100766910, 794.770000000]: Footprint model 'polygon' loaded for trajectory optimization.
[INFO] [1783865462.701283079, 795.368000000]: Footprint model 'polygon' loaded for trajectory optimization.
[INFO] [1783865464.543111771, 797.208000000]: GOAL Reached!
[INFO] [1783865464.690003606, 797.354000000]: Footprint model 'polygon' loaded for trajectory optimization.
[INFO] [1783865465.560057489, 798.224000000]: Footprint model 'polygon' loaded for trajectory optimization.
[INFO] [1783865466.253798460, 798.918000000]: Footprint model 'polygon' loaded for trajectory optimization.
[INFO] [1783865467.300127136, 799.962000000]: Footprint model 'polygon' loaded for trajectory optimization.
[INFO] [1783865468.264002248, 800.926000000]: Footprint model 'polygon' loaded for trajectory optimization.
[INFO] [1783865468.949860986, 801.610000000]: Footprint model 'polygon' loaded for trajectory optimization.
[INFO] [1783865469.507470372, 802.164000000]: Footprint model 'polygon' loaded for trajectory optimization.
[INFO] [1783865470.154717913, 802.810000000]: Footprint model 'polygon' loaded for trajectory optimization.
[INFO] [1783865470.704727171, 803.362000000]: Footprint model 'polygon' loaded for trajectory optimization.
[INFO] [1783865471.306090483, 803.962000000]: Footprint model 'polygon' loaded for trajectory optimization.
[INFO] [1783865471.955307887, 804.608000000]: Footprint model 'polygon' loaded for trajectory optimization.
[INFO] [1783865472.555002750, 805.206000000]: Footprint model 'polygon' loaded for trajectory optimization.
[INFO] [1783865473.997262701, 806.648000000]: GOAL Reached!
[INFO] [1783865474.147019540, 806.798000000]: Footprint model 'polygon' loaded for trajectory optimization.
[INFO] [1783865475.017258315, 807.664000000]: Footprint model 'polygon' loaded for trajectory optimization.
[INFO] [1783865475.792372720, 808.442000000]: Footprint model 'polygon' loaded for trajectory optimization.
[INFO] [1783865476.849650819, 809.494000000]: Footprint model 'polygon' loaded for trajectory optimization.
[INFO] [1783865477.802206175, 810.444000000]: Footprint model 'polygon' loaded for trajectory optimization.
[INFO] [1783865478.486506726, 811.132000000]: Footprint model 'polygon' loaded for trajectory optimization.
[INFO] [1783865479.055032164, 811.700000000]: Footprint model 'polygon' loaded for trajecto[ERROR] [1783865482.333407042, 814.968000000]: TebOptimalPlanner::getVelocityCommand() - timediff<=0 is invalid!
[WARN] [1783865482.333497232, 814.968000000]: TebLocalPlannerROS: velocity command invalid. Resetting planner...
ry optimization.
[INFO] [1783865479.642180269, 812.282000000]: Footprint model 'polygon' loaded for trajectory optimization.
[INFO] [1783865480.291493528, 812.932000000]: Footprint model 'polygon' loaded for trajectory optimization.
[INFO] [1783865480.887996247, 813.526000000]: Footprint model 'polygon' loaded for trajectory optimization.
[INFO] [1783865481.489777935, 814.128000000]: Footprint model 'polygon' loaded for trajectory optimization.
[INFO] [1783865482.045125128, 814.682000000]: Footprint model 'polygon' loaded for trajectory optimization.
[INFO] [1783865485.135929176, 817.768000000]: GOAL Reached!
[INFO] [1783865485.283128877, 817.916000000]: Footprint model 'polygon' loaded for trajectory optimization.
[INFO] [1783865486.157808038, 818.786000000]: Footprint model 'polygon' loaded for trajectory optimization.
[INFO] [1783865486.847896605, 819.478000000]: Footprint model 'polygon' loaded for trajectory optimization.
[INFO] [1783865488.004478973, 820.630000000]: Footprint model 'polygon' loaded for trajectory optimization.
[INFO] [1783865488.939725575, 821.564000000]: Footprint model 'polygon' loaded for trajectory optimization.
[INFO] [1783865489.487763153, 822.110000000]: Footprint model 'polygon' loaded for trajectory optimization.
[INFO] [1783865490.087072406, 822.710000000]: Footprint model 'polygon' loaded for trajectory optimization.
[INFO] [1783865490.736772254, 823.358000000]: Footprint model 'polygon' loaded for trajectory optimization.
[INFO] [1783865491.286964578, 823.910000000]: Footprint model 'polygon' loaded for trajectory optimization.
[INFO] [1783865491.937207841, 824.558000000]: Footprint model 'polygon' loaded for trajectory optimization.
[INFO] [1783865492.539044264, 825.158000000]: Footprint model 'polygon' loaded for trajectory optimization.
[INFO] [1783865493.136997623, 825.754000000]: Footprint model 'polygon' loaded for trajectory optimization.
[INFO] [1783865493.738327426, 826.354000000]: Footprint model 'polygon' loaded for trajectory optimization.
[INFO] [1783865495.480080808, 828.094000000]: GOAL Reached!
[INFO] [1783865495.618802571, 828.234000000]: Footprint model 'polygon' loaded for trajectory optimization.
[INFO] [1783865496.488691772, 829.104000000]: Footprint model 'polygon' loaded for trajectory optimization.
[INFO] [1783865497.179199610, 829.792000000]: Footprint model 'polygon' loaded for trajectory optimization.
[INFO] [1783865498.198957647, 830.808000000]: Footprint model 'polygon' loaded for trajectory optimization.
[INFO] [1783865499.158115262, 831.764000000]: Footprint model 'polygon' loaded for trajectory optimization.
[INFO] [1783865499.701510255, 832.308000000]: Footprint model 'polygon' loaded for trajectory optimization.
[INFO] [1783865500.350207529, 832.954000000]: Footprint model 'polygon' loaded for trajectory optimization.
[INFO] [1783865500.947852405, 833.552000000]: Footprint model 'polygon' loaded for trajectory optimization.
[INFO] [1783865501.505250707, 834.108000000]: Footprint model 'polygon' loaded for trajectory optimization.
[INFO] [1783865502.154310977, 834.756000000]: Footprint model 'polygon' loaded for trajectory optimization.
[INFO] [1783865502.747139252, 835.350000000]: Footprint model 'polygon' loaded for trajectory optimization.
[INFO] [1783865503.303392387, 835.904000000]: Footprint model 'polygon' loaded for trajectory optimization.
[INFO] [1783865504.994630924, 837.592000000]: GOAL Reached!
[INFO] [1783865505.129179173, 837.726000000]: Footprint model 'polygon' loaded for trajectory optimization.
[INFO] [1783865505.988590026, 838.584000000]: Footprint model 'polygon' loaded for trajectory optimization.
[INFO] [1783865506.675627046, 839.272000000]: Footprint model 'polygon' loaded for trajectory optimization.
[INFO] [1783865507.711126788, 840.304000000]: Footprint model 'polygon' loaded for trajectory optimization.
[INFO] [1783865508.653255163, 841.246000000]: Footprint model 'polygon' loaded for trajectory optimization.
[INFO] [1783865509.208328246, 841.800000000]: Footprint model 'polygon' loaded for trajectory optimization.
[INFO] [1783865509.855843957, 842.446000000]: Footprint model 'polygon' loaded for trajectory optimization.
[INFO] [1783865510.456125619, 843.046000000]: Footprint model 'polygon' loaded for trajectory optimization.
[INFO] [1783865511.008801059, 843.598000000]: Footprint model 'polygon' loaded for trajectory optimization.
[INFO] [1783865511.657874653, 844.244000000]: Footprint model 'polygon' loaded for trajectory optimization.
[INFO] [1783865512.262115438, 844.846000000]: Footprint model 'polygon' loaded for trajectory optimization.
[INFO] [1783865512.859625032, 845.444000000]: Footprint model 'polygon' loaded for trajectory optimization.
[INFO] [1783865514.400129065, 846.984000000]: GOAL Reached!
[INFO] [1783865514.543044747, 847.124000000]: Footprint model 'polygon' loaded for trajectory optimization.
[INFO] [1783865515.426141760, 848.006000000]: Footprint model 'polygon' loaded for trajectory optimization.
[INFO] [1783865516.204775542, 848.784000000]: Footprint model 'polygon' loaded for trajectory optimization.
[INFO] [1783865517.246318231, 849.824000000]: Footprint model 'polygon' loaded for trajectory optimization.
[INFO] [1783865518.189636262, 850.764000000]: Footprint model 'polygon' loaded for trajectory optimization.
[INFO] [1783865518.746966258, 851.324000000]: Footprint model 'polygon' loaded for trajectory optimization.
[INFO] [1783865519.396759453, 851.972000000]: Footprint model 'polygon' loaded for trajectory optimization.
[INFO] [1783865519.946391007, 852.518000000]: Footprint model 'polygon' loaded for trajectory optimization.
[INFO] [1783865520.548962835, 853.120000000]: Footprint model 'polygon' loaded for trajectory optimization.
[INFO] [1783865521.196592588, 853.768000000]: Footprint model 'polygon' loaded for trajectory optimization.
[INFO] [1783865521.794680435, 854.364000000]: Footprint model 'polygon' loaded for trajectory optimization.
[INFO] [1783865522.397182770, 854.966000000]: Footprint model 'polygon' loaded for trajectory optimization.
[INFO] [1783865522.996358375, 855.564000000]: Footprint model 'polygon' loaded for trajectory optimization.
[INFO] [1783865524.939910374, 857.504000000]: GOAL Reached!
[INFO] [1783865525.079626633, 857.644000000]: Footprint model 'polygon' loaded for trajectory optimization.
[INFO] [1783865525.941651234, 858.504000000]: Footprint model 'polygon' loaded for trajectory optimization.
[INFO] [1783865526.627196230, 859.190000000]: Footprint model 'polygon' loaded for trajectory optimization.
[INFO] [1783865527.665380993, 860.226000000]: Footprint model 'polygon' loaded for trajectory optimization.
[INFO] [1783865528.604776712, 861.164000000]: Footprint model 'polygon' loaded for trajectory optimization.
[INFO] [1783865529.165941937, 861.724000000]: Footprint model 'polygon' loaded for trajectory optimization.
[INFO] [1783865529.766090228, 862.322000000]: Footprint model 'polygon' loaded for trajectory optimization.
[INFO] [1783865530.363783152, 862.920000000]: Footprint model 'polygon' loaded for trajectory optimization.
[INFO] [1783865530.961463768, 863.518000000]: Footprint model 'polygon' loaded for trajectory optimization.
[INFO] [1783865531.611115288, 864.166000000]: Footprint model 'polygon' loaded for trajectory optimization.
[INFO] [1783865532.212347659, 864.766000000]: Footprint model 'polygon' loaded for trajectory optimization.
[INFO] [1783865532.814082642, 865.366000000]: Footprint model 'polygon' loaded for trajectory optimization.
[INFO] [1783865534.357042934, 866.906000000]: GOAL Reached!
[INFO] [1783865534.505868596, 867.054000000]: Footprint model 'polygon' loaded for trajectory optimization.
[INFO] [1783865535.378576650, 867.926000000]: Footprint model 'polygon' loaded for trajectory optimization.
[INFO] [1783865536.072823778, 868.618000000]: Footprint model 'polygon' loaded for trajectory optimization.
[INFO] [1783865537.118757140, 869.662000000]: Footprint model 'polygon' loaded for trajectory optimization.
[INFO] [1783865538.101505287, 870.644000000]: Footprint model 'polygon' loaded for trajectory optimization.
[INFO] [1783865538.740532291, 871.28200[WARN] [1783865285.238246, 618.202000]: training environment stop requested: safety adapter requested emergency stop
[WARN] [1783865286.297274, 619.260000]: training environment stop requested: safety adapter requested emergency stop
[WARN] [1783865293.882680, 626.834000]: training environment stop requested: safety adapter requested emergency stop
[WARN] [1783865295.012982, 627.960000]: training environment stop requested: safety adapter requested emergency stop
[WARN] [1783865302.182619, 635.122000]: training environment stop requested: safety adapter requested emergency stop
[WARN] [1783865303.285377, 636.220000]: training environment stop requested: safety adapter requested emergency stop
[WARN] [1783865310.530897, 643.454000]: training environment stop requested: safety adapter requested emergency stop
[WARN] [1783865311.579055, 644.500000]: training environment stop requested: safety adapter requested emergency stop
[WARN] [1783865319.212198, 652.120000]: training environment stop requested: safety adapter requested emergency stop
[WARN] [1783865320.877169, 653.786000]: training environment stop requested: safety adapter requested emergency stop
[WARN] [1783865333.646819, 666.528000]: training environment stop requested: safety adapter requested emergency stop
[WARN] [1783865334.740245, 667.620000]: training environment stop requested: safety adapter requested emergency stop
[WARN] [1783865346.748855, 679.610000]: training environment stop requested: safety adapter requested emergency stop
[WARN] [1783865347.859085, 680.720000]: training environment stop requested: safety adapter requested emergency stop
[WARN] [1783865359.592552, 692.432000]: training environment stop requested: safety adapter requested emergency stop
[WARN] [1783865361.256809, 694.094000]: training environment stop requested: safety adapter requested emergency stop
[WARN] [1783865373.150692, 705.966000]: training environment stop requested: safety adapter requested emergency stop
[WARN] [1783865374.284985, 707.098000]: training environment stop requested: safety adapter requested emergency stop
[WARN] [1783865385.963336, 718.758000]: training environment stop requested: safety adapter requested emergency stop
[WARN] [1783865387.784394, 720.578000]: training environment stop requested: safety adapter requested emergency stop
[WARN] [1783865401.482249, 734.250000]: training environment stop requested: safety adapter requested emergency stop
[WARN] [1783865403.188853, 735.954000]: training environment stop requested: safety adapter requested emergency stop
[WARN] [1783865415.037379, 747.782000]: training environment stop requested: safety adapter requested emergency stop
[WARN] [1783865416.137543, 748.880000]: training environment stop requested: safety adapter requested emergency stop
[WARN] [1783865428.416581, 761.142000]: training environment stop requested: safety adapter requested emergency stop
[WARN] [1783865429.519175, 762.240000]: training environment stop requested: safety adapter requested emergency stop
[WARN] [1783865441.238024, 773.942000]: training environment stop requested: safety adapter requested emergency stop
[WARN] [1783865442.256543, 774.960000]: training environment stop requested: safety adapter requested emergency stop
[WARN] [1783865455.745346, 788.424000]: training environment stop requested: safety adapter requested emergency stop
[WARN] [1783865457.453434, 790.132000]: training environment stop requested: safety adapter requested emergency stop
[WARN] [1783865466.160759, 798.824000]: training environment stop requested: safety adapter requested emergency stop
[WARN] [1783865467.218510, 799.880000]: training environment stop requested: safety adapter requested emergency stop
[WARN] [1783865475.651336, 808.298000]: training environment stop requested: safety adapter requested emergency stop
[WARN] [1783865476.775590, 809.420000]: training environment stop requested: safety adapter requested emergency stop
[WARN] [1783865486.702347, 819.332000]: training environment stop requested: safety adapter requested emergency stop
[WARN] [1783865487.872412, 820.498000]: training environment stop requested: safety adapter requested emergency stop
[WARN] [1783865497.032883, 829.646000]: training environment stop requested: safety adapter requested emergency stop
[WARN] [1783865498.110810, 830.720000]: training environment stop requested: safety adapter requested emergency stop
[WARN] [1783865506.532856, 839.128000]: training environment stop requested: safety adapter requested emergency stop
[WARN] [1783865507.628119, 840.220000]: training environment stop requested: safety adapter requested emergency stop
[WARN] [1783865516.062464, 848.642000]: training environment stop requested: safety adapter requested emergency stop
[WARN] [1783865517.182868, 849.760000]: training environment stop requested: safety adapter requested emergency stop
[WARN] [1783865526.485254, 859.046000]: training environment stop requested: safety adapter requested emergency stop
[WARN] [1783865527.580914, 860.140000]: training environment stop requested: safety adapter requested emergency stop
[WARN] [1783865535.974796, 868.520000]: training environment stop requested: safety adapter requested emergency stop
[WARN] [1783865537.036580, 869.580000]: training environment stop requested: safety adapter requested emergency stop
[WARN] [1783865545.482642, 878.012000]: training environment stop requested: safety adapter requested emergency stop
[WARN] [1783865546.593252, 879.120000]: training environment stop requested: safety adapter requested emergency stop
[WARN] [1783865555.003481, 887.514000]: training environment stop requested: safety adapter requested emergency stop
[WARN] [1783865556.070271, 888.580000]: training environment stop requested: safety adapter requested emergency stop
[WARN] [1783865557.371384, 889.882000]: training environment stop requested: adapter_close
schema_version: '1.0'
task: T11
status: passed
run_id: t11_semantic_eta_fullsafety_seed103
algorithm: RL-TEB-Semantic-Eta
training_seed: 103
safety_mode: FullSafety
episode_count: 229
step_count: 791
failure_count: 51
run_validation:
  valid: true
  run_id: t11_semantic_eta_fullsafety_seed103
  episode_count: 229
  step_count: 791
  verified_checksum_count: 4
selected_checkpoint: /home/robot/robot_ws_base_rl/artifacts/t11/runs/t11_semantic_eta_fullsafety_seed103/checkpoints/step_000500
passed: true
acceptance_override: false

0000]: Footprint model 'polygon' loaded for trajectory optimization.
[INFO] [1783865539.339656636, 871.880000000]: Footprint model 'polygon' loaded for trajectory optimization.
[INFO] [1783865539.939602968, 872.478000000]: Footprint model 'polygon' loaded for trajectory optimization.
[INFO] [1783865540.539872206, 873.080000000]: Footprint model 'polygon' loaded for trajectory optimization.
[INFO] [1783865541.138534889, 873.676000000]: Footprint model 'polygon' loaded for trajectory optimization.
[INFO] [1783865541.740914282, 874.278000000]: Footprint model 'polygon' loaded for trajectory optimization.
[INFO] [1783865542.387432903, 874.926000000]: Footprint model 'polygon' loaded for trajectory optimization.
[INFO] [1783865543.833337461, 876.366000000]: GOAL Reached!
[INFO] [1783865543.962587536, 876.494000000]: Footprint model 'polygon' loaded for trajectory optimization.
[INFO] [1783865544.831855646, 877.364000000]: Footprint model 'polygon' loaded for trajectory optimization.
[INFO] [1783865545.624419785, 878.154000000]: Footprint model 'polygon' loaded for trajectory optimization.
[INFO] [1783865546.673136987, 879.202000000]: Footprint model 'polygon' loaded for trajectory optimization.
[INFO] [1783865547.638769025, 880.166000000]: Footprint model 'polygon' loaded for trajectory optimization.
[INFO] [1783865548.193792766, 880.718000000]: Footprint model 'polygon' loaded for trajectory optimization.
[INFO] [1783865548.840738115, 881.366000000]: Footprint model 'polygon' loaded for trajectory optimization.
[INFO] [1783865549.439711247, 881.964000000]: Footprint model 'polygon' loaded for trajectory optimization.
[INFO] [1783865550.142625565, 882.664000000]: Footprint model 'polygon' loaded for trajectory optimization.
[INFO] [1783865550.843192400, 883.364000000]: Footprint model 'polygon' loaded for trajectory optimization.
[INFO] [1783865551.443432075, 883.962000000]: Footprint model 'polygon' loaded for trajectory optimization.
[INFO] [1783865553.385471541, 885.902000000]: GOAL Reached!
[INFO] [1783865553.533060465, 886.050000000]: Footprint model 'polygon' loaded for trajectory optimization.
[INFO] [1783865554.410128735, 886.924000000]: Footprint model 'polygon' loaded for trajectory optimization.
[INFO] [1783865555.103074822, 887.616000000]: Footprint model 'polygon' loaded for trajectory optimization.
[INFO] [1783865556.147179671, 888.658000000]: Footprint model 'polygon' loaded for trajectory optimization.
[INFO] [1783865557.447907333, 889.958000000]: Footprint model 'polygon' loaded for trajectory optimization.
[INFO] [1783865557.482218259, 889.992000000]: Footprint model 'polygon' loaded for trajectory optimization.
[INFO] [1783864665.124950376]: Finished loading Gazebo ROS API Plugin.
[INFO] [1783864665.125555464]: waitForService: Service [/gazebo/set_physics_properties] has not been advertised, waiting...
[INFO] [1783864665.717454402, 0.022000000]: waitForService: Service [/gazebo/set_physics_properties] is now available.
[INFO] [1783864665.727038785, 0.032000000]: Physics dynamic reconfigure ready.
[INFO] [1783864666.141829438, 0.376000000]: <initialOrientationAsReference> is unset, using default value of false to comply with REP 145 (world as orientation reference)
[INFO] [1783864666.141865604, 0.376000000]: <robotNamespace> set to: //
[INFO] [1783864666.141873752, 0.376000000]: <topicName> set to: imu/data
[INFO] [1783864666.141879149, 0.376000000]: <frameName> set to: imu_link
[INFO] [1783864666.141896619, 0.376000000]: <updateRateHZ> set to: 50
[INFO] [1783864666.141903863, 0.376000000]: <gaussianNoise> set to: 0
[INFO] [1783864666.141924258, 0.376000000]: <xyzOffset> set to: 0 0 0
[INFO] [1783864666.141937937, 0.376000000]: <rpyOffset> set to: 0 -0 0
[INFO] [1783864666.254460311, 0.376000000]: Laser Plugin: Using the 'robotNamespace' param: '/'
[INFO] [1783864666.254481700, 0.376000000]: Starting Laser Plugin (ns = /)
[INFO] [1783864666.255240344, 0.376000000]: Laser Plugin (ns = /)  <tf_prefix_>, set to ""
[INFO] [1783864666.373858146, 0.376000000]: M2 simulation-only Ackermann interface loaded; cmd_angle_instead_rotvel=false
[31mWARNING: disk usage in log directory [/home/robot/.ros/log] is over 1GB.
It's recommended that you use the 'rosclean' command.[0m
WARNING: Package name "gazebo_ros_2Dmap_plugin" does not follow the naming conventions. It should start with a lower case letter and only contain lower case letters, digits, underscores, and dashes.
WARNING: Package name "gazebo_ros_2Dmap_plugin" does not follow the naming conventions. It should start with a lower case letter and only contain lower case letters, digits, underscores, and dashes.
[31m================================================================================REQUIRED process [t11_formal_run-6] has died!
process has finished cleanly
log file: /home/robot/.ros/log/a7c1b634-7df9-11f1-91bc-3382cc4c3ed1/t11_formal_run-6*.log
Initiating shutdown!
================================================================================[0m
... logging to /home/robot/.ros/log/a7c1b634-7df9-11f1-91bc-3382cc4c3ed1/roslaunch-WP-207286.log
Checking log directory for disk usage. This may take a while.
Press Ctrl-C to interrupt
]2;/home/robot/robot_ws_base_rl/src/tools/thesis_experiment/launch/t11_formal_run.launch
[1mstarted roslaunch server http://WP:35327/[0m

SUMMARY
========

PARAMETERS
 * /gazebo/enable_ros_network: True
 * /m2_gazebo/simulation_only: True
 * /m2_robot_state_publisher/publish_frequency: 30.0
 * /move_base/TebLocalPlannerROS/acc_lim_theta: 0.8
 * /move_base/TebLocalPlannerROS/acc_lim_x: 0.8
 * /move_base/TebLocalPlannerROS/allow_init_with_backwards_motion: True
 * /move_base/TebLocalPlannerROS/cmd_angle_instead_rotvel: False
 * /move_base/TebLocalPlannerROS/costmap_obstacles_behind_robot_dist: 1.5
 * /move_base/TebLocalPlannerROS/dt_hysteresis: 0.1
 * /move_base/TebLocalPlannerROS/dt_ref: 0.3
 * /move_base/TebLocalPlannerROS/enable_homotopy_class_planning: False
 * /move_base/TebLocalPlannerROS/enable_multithreading: True
 * /move_base/TebLocalPlannerROS/feasibility_check_no_poses: 5
 * /move_base/TebLocalPlannerROS/footprint_model/type: polygon
 * /move_base/TebLocalPlannerROS/footprint_model/vertices: [[0.52, 0.35], [0...
 * /move_base/TebLocalPlannerROS/global_plan_overwrite_orientation: True
 * /move_base/TebLocalPlannerROS/include_costmap_obstacles: True
 * /move_base/TebLocalPlannerROS/inflation_dist: 0.55
 * /move_base/TebLocalPlannerROS/map_frame: odom
 * /move_base/TebLocalPlannerROS/max_global_plan_lookahead_dist: 8.0
 * /move_base/TebLocalPlannerROS/max_number_classes: 4
 * /move_base/TebLocalPlannerROS/max_samples: 500
 * /move_base/TebLocalPlannerROS/max_vel_theta: 1.0
 * /move_base/TebLocalPlannerROS/max_vel_x: 1.2
 * /move_base/TebLocalPlannerROS/max_vel_x_backwards: 0.6
 * /move_base/TebLocalPlannerROS/max_vel_y: 0.0
 * /move_base/TebLocalPlannerROS/min_obstacle_dist: 0.25
 * /move_base/TebLocalPlannerROS/min_turning_radius: 1.2
 * /move_base/TebLocalPlannerROS/obstacle_poses_affected: 15
 * /move_base/TebLocalPlannerROS/odom_topic: /odom
 * /move_base/TebLocalPlannerROS/teb_autosize: True
 * /move_base/TebLocalPlannerROS/weight_acc_lim_theta: 1.0
 * /move_base/TebLocalPlannerROS/weight_acc_lim_x: 1.0
 * /move_base/TebLocalPlannerROS/weight_adapt_factor: 2.0
 * /move_base/TebLocalPlannerROS/weight_inflation: 0.1
 * /move_base/TebLocalPlannerROS/weight_kinematics_forward_drive: 10.0
 * /move_base/TebLocalPlannerROS/weight_kinematics_nh: 1000.0
 * /move_base/TebLocalPlannerROS/weight_kinematics_turning_radius: 10.0
 * /move_base/TebLocalPlannerROS/weight_max_vel_theta: 1.0
 * /move_base/TebLocalPlannerROS/weight_max_vel_x: 2.0
 * /move_base/TebLocalPlannerROS/weight_obstacle: 50.0
 * /move_base/TebLocalPlannerROS/weight_optimaltime: 1.0
 * /move_base/TebLocalPlannerROS/weight_viapoint: 1.0
 * /move_base/TebLocalPlannerROS/wheelbase: 0.65
 * /move_base/base_global_planner: navfn/NavfnROS
 * /move_base/base_local_planner: teb_local_planner...
 * /move_base/clearing_rotation_allowed: False
 * /move_base/controller_frequency: 10.0
 * /move_base/controller_patience: 5.0
 * /move_base/global_costmap/footprint: [[0.52, 0.35], [0...
 * /move_base/global_costmap/footprint_padding: 0.05
 * /move_base/global_costmap/global_frame: odom
 * /move_base/global_costmap/height: 30.0
 * /move_base/global_costmap/inflation_layer/cost_scaling_factor: 4.0
 * /move_base/global_costmap/inflation_layer/enabled: True
 * /move_base/global_costmap/inflation_layer/inflation_radius: 0.55
 * /move_base/global_costmap/obstacle_layer/enabled: True
 * /move_base/global_costmap/obstacle_layer/observation_sources: scan
 * /move_base/global_costmap/obstacle_layer/scan/clearing: True
 * /move_base/global_costmap/obstacle_layer/scan/data_type: LaserScan
 * /move_base/global_costmap/obstacle_layer/scan/inf_is_valid: True
 * /move_base/global_costmap/obstacle_layer/scan/marking: True
 * /move_base/global_costmap/obstacle_layer/scan/obstacle_range: 12.0
 * /move_base/global_costmap/obstacle_layer/scan/raytrace_range: 15.0
 * /move_base/global_costmap/obstacle_layer/scan/sensor_frame: laser_link
 * /move_base/global_costmap/obstacle_layer/scan/topic: /scan
 * /move_base/global_costmap/plugins: [{'name': 'obstac...
 * /move_base/global_costmap/publish_frequency: 2.0
 * /move_base/global_costmap/resolution: 0.05
 * /move_base/global_costmap/robot_base_frame: base_link
 * /move_base/global_costmap/rolling_window: True
 * /move_base/global_costmap/transform_tolerance: 0.3
 * /move_base/global_costmap/update_frequency: 5.0
 * /move_base/global_costmap/width: 30.0
 * /move_base/local_costmap/footprint: [[0.52, 0.35], [0...
 * /move_base/local_costmap/footprint_padding: 0.05
 * /move_base/local_costmap/global_frame: odom
 * /move_base/local_costmap/height: 12.0
 * /move_base/local_costmap/inflation_layer/cost_scaling_factor: 4.0
 * /move_base/local_costmap/inflation_layer/enabled: True
 * /move_base/local_costmap/inflation_layer/inflation_radius: 0.55
 * /move_base/local_costmap/obstacle_layer/enabled: True
 * /move_base/local_costmap/obstacle_layer/observation_sources: scan
 * /move_base/local_costmap/obstacle_layer/scan/clearing: True
 * /move_base/local_costmap/obstacle_layer/scan/data_type: LaserScan
 * /move_base/local_costmap/obstacle_layer/scan/inf_is_valid: True
 * /move_base/local_costmap/obstacle_layer/scan/marking: True
 * /move_base/local_costmap/obstacle_layer/scan/obstacle_range: 12.0
 * /move_base/local_costmap/obstacle_layer/scan/raytrace_range: 15.0
 * /move_base/local_costmap/obstacle_layer/scan/sensor_frame: laser_link
 * /move_base/local_costmap/obstacle_layer/scan/topic: /scan
 * /move_base/local_costmap/plugins: [{'name': 'obstac...
 * /move_base/local_costmap/publish_frequency: 5.0
 * /move_base/local_costmap/resolution: 0.05
 * /move_base/local_costmap/robot_base_frame: base_link
 * /move_base/local_costmap/rolling_window: True
 * /move_base/local_costmap/transform_tolerance: 0.3
 * /move_base/local_costmap/update_frequency: 10.0
 * /move_base/local_costmap/width: 12.0
 * /move_base/oscillation_distance: 0.2
 * /move_base/oscillation_timeout: 10.0
 * /move_base/planner_frequency: 1.0
 * /move_base/planner_patience: 5.0
 * /move_base/recovery_behavior_enabled: False
 * /move_base/shutdown_costmaps: False
 * /robot_description: <?xml version="1....
 * /rosdistro: noetic
 * /rosversion: 1.17.4
 * /t11_formal_run/acceptance_eval_seed_limit: 0
 * /t11_formal_run/acceptance_timesteps: 0
 * /t11_formal_run/algorithm: RL-TEB-Semantic-Eta
 * /t11_formal_run/checkpoint: 
 * /t11_formal_run/config: /home/robot/robot...
 * /t11_formal_run/output_dir: /home/robot/robot...
 * /t11_formal_run/phase: train
 * /t11_formal_run/run_id: t11_semantic_eta_...
 * /t11_formal_run/safety_mode: FullSafety
 * /t11_formal_run/training_seed: 103
 * /use_sim_time: True

NODES
  /
    gazebo (gazebo_ros/gzserver)
    m2_robot_state_publisher (robot_state_publisher/robot_state_publisher)
    move_base (move_base/move_base)
    spawn_m2 (gazebo_ros/spawn_model)
    t11_formal_run (thesis_experiment/t11_formal_run.py)

auto-starting new master
[1mprocess[master]: started with pid [207342][0m
[1mROS_MASTER_URI=http://localhost:11311[0m
]2;/home/robot/robot_ws_base_rl/src/tools/thesis_experiment/launch/t11_formal_run.launch http://localhost:11311
[1msetting /run_id to a7c1b634-7df9-11f1-91bc-3382cc4c3ed1[0m
[1mprocess[rosout-1]: started with pid [207376][0m
started core service [/rosout]
[1mprocess[gazebo-2]: started with pid [207383][0m
[1mprocess[spawn_m2-3]: started with pid [207387][0m
[1mprocess[m2_robot_state_publisher-4]: started with pid [207389][0m
[1mprocess[move_base-5]: started with pid [207390][0m
[1mprocess[t11_formal_run-6]: started with pid [207391][0m
[1m[spawn_m2-3] process has finished cleanly
log file: /home/robot/.ros/log/a7c1b634-7df9-11f1-91bc-3382cc4c3ed1/spawn_m2-3*.log[0m
[t11_formal_run-6] killing on exit
[move_base-5] killing on exit
[m2_robot_state_publisher-4] killing on exit
[gazebo-2] killing on exit
[rosout-1] killing on exit
[master] killing on exit
shutting down processing monitor...
... shutting down processing monitor complete
[1mdone[0m
