WARNING: Package name "gazebo_ros_2Dmap_plugin" does not follow the naming conventions. It should start with a lower case letter and only contain lower case letters, digits, underscores, and dashes.
xacro: in-order processing became default in ROS Melodic. You can drop the option.
WARNING: Package name "gazebo_ros_2Dmap_plugin" does not follow the naming conventions. It should start with a lower case letter and only contain lower case letters, digits, underscores, and dashes.
WARNING: Package name "gazebo_ros_2Dmap_plugin" does not follow the naming conventions. It should start with a lower case letter and only contain lower case letters, digits, underscores, and dashes.
[INFO] [1783858035.584936, 0.000000]: Loading model XML from ros parameter robot_description
[INFO] [1783858035.588316, 0.000000]: Waiting for service /gazebo/spawn_urdf_model
[INFO] [1783858036.492666, 0.230000]: Calling service /gazebo/spawn_urdf_model
[INFO] [1783858036.811138, 0.374000]: Spawn status: SpawnModel: Successfully spawned entity
[INFO] [1783858037.199306768, 0.638000000]: global_costmap: Using plugin "obstacle_layer"
[INFO] [1783858037.205145108, 0.644000000]:     Subscribed to Topics: scan
[INFO] [1783858037.215056255, 0.654000000]: global_costmap: Using plugin "inflation_layer"
[INFO] [1783858037.228782464, 0.668000000]: local_costmap: Using plugin "obstacle_layer"
[INFO] [1783858037.229652928, 0.668000000]:     Subscribed to Topics: scan
[INFO] [1783858037.234471742, 0.672000000]: local_costmap: Using plugin "inflation_layer"
[INFO] [1783858037.247501709, 0.686000000]: Created local_planner teb_local_planner/TebLocalPlannerROS
[INFO] [1783858037.264785704, 0.704000000]: Footprint model 'polygon' loaded for trajectory optimization.
[INFO] [1783858037.264915658, 0.704000000]: Parallel planning in distinctive topologies disabled.
[INFO] [1783858037.264937033, 0.704000000]: No costmap conversion plugin specified. All occupied costmap cells are treaten as point obstacles.
[INFO] [1783858037.288860155, 0.728000000]: Footprint model 'polygon' loaded for trajectory optimization.
[INFO] [1783858037.444984991, 0.886000000]: Recovery behavior will clear layer 'obstacles'
[INFO] [1783858037.445842186, 0.886000000]: Recovery behavior will clear layer 'obstacles'
[INFO] [1783858037.458307496, 0.898000000]: odom received!
[INFO] [1783858039.223952311, 2.662000000]: Footprint model 'polygon' loaded for trajectory optimization.
[INFO] [1783858039.786018691, 3.220000000]: Footprint model 'polygon' loaded for trajectory optimization.
[INFO] [1783858040.383838591, 3.818000000]: Footprint model 'polygon' loaded for trajectory optimization.
[INFO] [1783858040.979468588, 4.412000000]: Footprint model 'polygon' loaded for trajectory optimization.
[INFO] [1783858042.773580190, 6.202000000]: GOAL Reached!
[INFO] [1783858042.858995052, 6.288000000]: Footprint model 'polygon' loaded for trajectory optimization.
[INFO] [1783858043.715717593, 7.144000000]: Footprint model 'polygon' loaded for trajectory optimization.
[INFO] [1783858044.319896094, 7.746000000]: Footprint model 'polygon' loaded for trajectory optimization.
[INFO] [1783858044.870299411, 8.294000000]: Footprint model 'polygon' loaded for trajectory optimization.
[INFO] [1783858045.466239438, 8.890000000]: Footprint model 'polygon' loaded for trajectory optimization.
[INFO] [1783858046.116988253, 9.540000000]: Footprint model 'polygon' loaded for trajectory optimization.
[INFO] [1783858046.715834481, 10.142000000]: Footprint model 'polygon' loaded for trajectory optimization.
[INFO] [1783858048.160992931, 11.580000000]: GOAL Reached!
[INFO] [1783858048.257018056, 11.676000000]: Footprint model 'polygon' loaded for trajectory optimization.
[INFO] [1783858049.130784357, 12.548000000]: Footprint model 'polygon' loaded for trajectory optimization.
[INFO] [1783858049.766291803, 13.182000000]: Footprint model 'polygon' loaded for trajectory optimization.
[INFO] [1783858050.415880891, 13.830000000]: Footprint model 'polygon' loaded for trajectory optimization.
[INFO] [1783858050.968408617, 14.382000000]: Footprint model 'polygon' loaded for trajectory optimization.
[INFO] [1783858051.615295919, 15.030000000]: Footprint model 'polygon' loaded for trajectory optimization.
[INFO] [1783858052.215231384, 15.628000000]: Footprint model 'polygon' loaded for trajectory optimization.
[INFO] [1783858052.813192375, 16.226000000]: Footprint model 'polygon' loaded for trajectory optimization.
[INFO] [1783858053.366409761, 16.778000000]: Footprint model 'polygon' loaded for trajectory optimization.
[INFO] [1783858054.018962665, 17.430000000]: Footprint model 'polygon' loaded for trajectory optimization.
[INFO] [1783858056.159427293, 19.566000000]: GOAL Reached!
[INFO] [1783858056.252207532, 19.658000000]: Footprint model 'polygon' loaded for trajectory optimization.
[INFO] [1783858057.138674086, 20.544000000]: Footprint model 'polygon' loaded for trajectory optimization.
[INFO] [1783858057.723728428, 21.128000000]: Footprint model 'polygon' loaded for trajectory optimization.
[INFO] [1783858058.271076462, 21.674000000]: Footprint model 'polygon' loaded for trajectory optimization.
[INFO] [1783858058.924531769, 22.326000000]: Footprint model 'polygon' loaded for trajectory optimization.
[INFO] [1783858059.478522617, 22.880000000]: Footprint model 'polygon' loaded for trajectory optimization.
[INFO] [1783858060.077125297, 23.476000000]: Footprint model 'polygon' loaded for trajectory optimization.
[INFO] [1783858060.723698150, 24.124000000]: Footprint model 'polygon' loaded for trajectory optimization.
[INFO] [1783858062.562807852, 25.960000000]: GOAL Reached!
[INFO] [1783858062.659431939, 26.056000000]: Footprint model 'polygon' loaded for trajectory optimization.
[INFO] [1783858063.530500427, 26.924000000]: Footprint model 'polygon' loaded for trajectory optimization.
[INFO] [1783858064.224636431, 27.616000000]: Footprint model 'polygon' loaded for trajectory optimization.
[INFO] [1783858064.822467852, 28.214000000]: Footprint model 'polygon' loaded for trajectory optimization.
[INFO] [1783858065.428079581, 28.818000000]: Footprint model 'polygon' loaded for trajectory optimization.
[INFO] [1783858067.064462423, 30.454000000]: GOAL Reached!
[INFO] [1783858067.146837947, 30.536000000]: Footprint model 'polygon' loaded for trajectory optimization.
[INFO] [1783858068.017394090, 31.404000000]: Footprint model 'polygon' loaded for trajectory optimization.
[INFO] [1783858068.615304372, 32.002000000]: Footprint model 'polygon' loaded for trajectory optimization.
[INFO] [1783858069.219757685, 32.604000000]: Footprint model 'polygon' loaded for trajectory optimization.
[INFO] [1783858069.773199159, 33.156000000]: Footprint model 'polygon' loaded for trajectory optimization.
[INFO] [1783858070.417973122, 33.802000000]: Footprint model 'polygon' loaded for trajectory optimization.
[INFO] [1783858070.971130023, 34.354000000]: Footprint model 'polygon' loaded for trajectory optimization.
[INFO] [1783858072.560707538, 35.942000000]: GOAL Reached!
[INFO] [1783858072.650915130, 36.032000000]: Footprint model 'polygon' loaded for trajectory optimization.
[INFO] [1783858073.524833159, 36.902000000]: Footprint model 'polygon' loaded for trajectory optimization.
[INFO] [1783858074.128042738, 37.504000000]: Footprint model 'polygon' loaded for trajectory optimization.
[INFO] [1783858074.724668699, 38.100000000]: Footprint model 'polygon' loaded for trajectory optimization.
[INFO] [1783858075.326011250, 38.702000000]: Footprint model 'polygon' loaded for trajectory optimization.
[INFO] [1783858075.878376271, 39.250000000]: Footprint model 'polygon' loaded for trajectory optimization.
[INFO] [1783858076.525589315, 39.898000000]: Footprint model 'polygon' loaded for trajectory optimization.
[INFO] [1783858077.079821758, 40.450000000]: Footprint model 'polygon' loaded for trajectory optimization.
[INFO] [1783858077.728735266, 41.100000000]: Footprint model 'polygon' loaded for trajectory optimization.
[INFO] [1783858078.331286881, 41.700000000]: Footprint model 'polygon' loaded for trajectory optimization.
[INFO] [1783858078.930352658, 42.298000000]: Footprint model 'polygon' loaded for trajectory optimization.
[INFO] [1783858080.571634438, 43.936000000]: GOAL Reached!
[INFO] [1783858080.663467227, 44.028000000]: Footprint model 'polygon' loaded for trajectory optimization.
[INFO] [1783858081.541977583, 44.904000000]: Footprint model 'polygon' loaded for trajectory optimization.
[INFO] [1783858082.139417789, 45.504000000]: Footprint model 'polygon' loaded for trajectory optimization.
[INFO] [1783858082.686203089, 46.048000000]: Footprint model 'polygon' loaded for trajectory optimization.
[INFO] [1783858083.285736219, 46.646000000]: Footprint model 'polygon' loaded for trajectory optimization.
[INFO] [1783858083.885755420, 47.246000000]: Footprint model 'polygon' loaded for trajectory optimization.
[INFO] [1783858084.533480981, 47.892000000]: Footprint model 'polygon' loaded for trajectory optimization.
[INFO] [1783858085.082478975, 48.440000000]: Footprint model 'polygon' loaded for trajectory optimization.
[INFO] [1783858086.777061183, 50.130000000]: GOAL Reached!
[INF[ERROR] [1783858103.562947643, 66.888000000]: TebOptimalPlanner::getVelocityCommand() - timediff<=0 is invalid!
[WARN] [1783858103.563046994, 66.888000000]: TebLocalPlannerROS: velocity command invalid. Resetting planner...
O] [1783858086.874916317, 50.228000000]: Footprint model 'polygon' loaded for trajectory optimization.
[INFO] [1783858087.729237564, 51.084000000]: Footprint model 'polygon' loaded for trajectory optimization.
[INFO] [1783858088.285945713, 51.638000000]: Footprint model 'polygon' loaded for trajectory optimization.
[INFO] [1783858088.888435181, 52.238000000]: Footprint model 'polygon' loaded for trajectory optimization.
[INFO] [1783858089.486600665, 52.838000000]: Footprint model 'polygon' loaded for trajectory optimization.
[INFO] [1783858091.278943389, 54.626000000]: GOAL Reached!
[INFO] [1783858091.362158933, 54.710000000]: Footprint model 'polygon' loaded for trajectory optimization.
[INFO] [1783858092.237745474, 55.584000000]: Footprint model 'polygon' loaded for trajectory optimization.
[INFO] [1783858092.825654878, 56.170000000]: Footprint model 'polygon' loaded for trajectory optimization.
[INFO] [1783858093.428998733, 56.772000000]: Footprint model 'polygon' loaded for trajectory optimization.
[INFO] [1783858093.980428199, 57.322000000]: Footprint model 'polygon' loaded for trajectory optimization.
[INFO] [1783858094.629335294, 57.970000000]: Footprint model 'polygon' loaded for trajectory optimization.
[INFO] [1783858095.180656505, 58.522000000]: Footprint model 'polygon' loaded for trajectory optimization.
[INFO] [1783858096.772985602, 60.110000000]: GOAL Reached!
[INFO] [1783858096.861129569, 60.198000000]: Footprint model 'polygon' loaded for trajectory optimization.
[INFO] [1783858097.726098731, 61.062000000]: Footprint model 'polygon' loaded for trajectory optimization.
[INFO] [1783858098.321224766, 61.656000000]: Footprint model 'polygon' loaded for trajectory optimization.
[INFO] [1783858098.876109398, 62.208000000]: Footprint model 'polygon' loaded for trajectory optimization.
[INFO] [1783858099.521773128, 62.854000000]: Footprint model 'polygon' loaded for trajectory optimization.
[INFO] [1783858100.090100901, 63.420000000]: Footprint model 'polygon' loaded for trajectory optimization.
[INFO] [1783858100.722028464, 64.052000000]: Footprint model 'polygon' loaded for trajectory optimization.
[INFO] [1783858101.271648265, 64.602000000]: Footprint model 'polygon' loaded for trajectory optimization.
[INFO] [1783858101.919626950, 65.250000000]: Footprint model 'polygon' loaded for trajectory optimization.
[INFO] [1783858102.526510547, 65.854000000]: Footprint model 'polygon' loaded for trajectory optimization.
[INFO] [1783858103.121372050, 66.448000000]: Footprint model 'polygon' loaded for trajectory optimization.
[INFO] [1783858105.565705874, 68.888000000]: GOAL Reached!
[INFO] [1783858105.667593888, 68.990000000]: Footprint model 'polygon' loaded for trajectory optimization.
[INFO] [1783858106.542918706, 69.862000000]: Footprint model 'polygon' loaded for trajectory optimization.
[INFO] [1783858107.088382186, 70.410000000]: Footprint model 'polygon' loaded for trajectory optimization.
[INFO] [1783858107.688592440, 71.006000000]: Footprint model 'polygon' loaded for trajectory optimization.
[INFO] [1783858108.292388690, 71.608000000]: Footprint model 'polygon' loaded for trajectory optimization.
[INFO] [1783858108.936004812, 72.252000000]: Footprint model 'polygon' loaded for trajectory optimization.
[INFO] [1783858109.536055344, 72.854000000]: Footprint model 'polygon' loaded for trajectory optimization.
[INFO] [1783858110.085558183, 73.402000000]: Footprint model 'polygon' loaded for trajectory optimization.
[INFO] [1783858111.979932547, 75.290000000]: GOAL Reached!
[INFO] [1783858112.066681061, 75.378000000]: Footprint model 'polygon' loaded for trajectory optimization.
[INFO] [1783858112.914030426, 76.224000000]: Footprint model 'polygon' loaded for trajectory optimization.
[INFO] [1783858113.514037431, 76.822000000]: Footprint model 'polygon' loaded for trajectory optimization.
[INFO] [1783858114.116203727, 77.424000000]: Footprint model 'polygon' loaded for trajectory optimization.
[INFO] [1783858114.716617727, 78.022000000]: Footprint model 'polygon' loaded for trajectory optimization.
[INFO] [1783858116.559569290, 79.862000000]: GOAL Reached!
[INFO] [1783858116.654001114, 79.958000000]: Footprint model 'polygon' loaded for trajectory optimization.
[INFO] [1783858117.539742957, 80.844000000]: Footprint model 'polygon' loaded for trajectory optimization.
[INFO] [1783858118.081687658, 81.386000000]: Footprint model 'polygon' loaded for trajectory optimization.
[INFO] [1783858118.686027767, 81.986000000]: Footprint model 'polygon' loaded for trajectory optimization.
[INFO] [1783858119.333176332, 82.636000000]: Footprint model 'polygon' loaded for trajectory optimization.
[INFO] [1783858119.935833910, 83.234000000]: Footprint model 'polygon' loaded for trajectory optimization.
[INFO] [1783858120.485874438, 83.786000000]: Footprint model 'polygon' loaded for trajectory optimization.
[INFO] [1783858121.977746260, 85.274000000]: GOAL Reached!
[INFO] [1783858122.074446492, 85.370000000]: Footprint model 'polygon' loaded for trajectory optimization.
[INFO] [1783858122.971951846, 86.264000000]: Footprint model 'polygon' loaded for trajectory optimization.
[INFO] [1783858123.513334503, 86.806000000]: Footprint model 'polygon' loaded for trajectory optimization.
[INFO] [1783858124.107024031, 87.398000000]: Footprint model 'polygon' loaded for trajectory optimization.
[INFO] [1783858124.751869652, 88.046000000]: Footprint model 'polygon' loaded for trajectory optimization.
[INFO] [1783858125.357857852, 88.648000000]: Footprint model 'polygon' loaded for trajectory optimization.
[INFO] [1783858125.913440186, 89.202000000]: Footprint model 'polygon' loaded for trajectory optimization.
[INFO] [1783858126.560367244, 89.846000000]: Footprint model 'polygon' loaded for trajectory optimization.
[INFO] [1783858127.108972503, 90.396000000]: Footprint model 'polygon' loaded for trajectory optimization.
[INFO] [1783858127.711143550, 90.998000000]: Footprint model 'polygon' loaded for trajectory optimization.
[INFO] [1783858128.360338946, 91.644000000]: Footprint model 'polygon' loaded for trajectory optimization.
[INFO] [1783858130.102242990, 93.384000000]: GOAL Reached!
[INFO] [1783858130.203512291, 93.486000000]: Footprint model 'polygon' loaded for trajectory optimization.
[INFO] [1783858131.083985796, 94.364000000]: Footprint model 'polygon' loaded for trajectory optimization.
[INFO] [1783858131.683825688, 94.964000000]: Footprint model 'polygon' loaded for trajectory optimization.
[INFO] [1783858132.236670488, 95.514000000]: Footprint model 'polygon' loaded for trajectory optimization.
[INFO] [1783858132.834492395, 96.112000000]: Footprint model 'polygon' loaded for trajectory optimization.
[INFO] [1783858133.432800699, 96.708000000]: Footprint model 'polygon' loaded for trajectory optimization.
[INFO] [1783858134.083253657, 97.358000000]: Footprint model 'polygon' loaded for trajectory optimization.
[INFO] [1783858134.688628995, 97.962000000]: Footprint model 'polygon' loaded for trajectory optimization.
[INFO] [1783858136.525213792, 99.796000000]: GOAL Reached!
[INFO] [1783858136.620232976, 99.892000000]: Footprint model 'polygon' loaded for trajectory optimization.
[INFO] [1783858137.492311941, 100.762000000]: Footprint model 'polygon' loaded for trajectory optimization.
[INFO] [1783858138.046846232, 101.316000000]: Footprint model 'polygon' loaded for trajectory optimization.
[INFO] [1783858138.635965147, 101.908000000]: Footprint model 'polygon' loaded for trajectory optimization.
[INFO] [1783858139.289737127, 102.556000000]: Footprint model 'polygon' loaded for trajectory optimization.
[INFO] [1783858141.031786841, 104.296000000]: GOAL Reached!
[INFO] [1783858141.122187943, 104.386000000]: Footprint model 'polygon' loaded for trajectory optimization.
[INFO] [1783858142.003691776, 105.264000000]: Footprint model 'polygon' loaded for trajectory optimization.
[INFO] [1783858142.592598697, 105.852000000]: Footprint model 'polygon' loaded for trajectory optimization.
[INFO] [1783858143.143097728, 106.402000000]: Footprint model 'polygon' loaded for trajectory optimization.
[INFO] [1783858143.791553831, 107.050000000]: Footprint model 'polygon' loaded for trajectory optimization.
[INFO] [1783858144.395577381, 107.652000000]: Footprint model 'polygon' loaded for trajectory optimization.
[INFO] [1783858144.993224711, 108.250000000]: Footprint model 'polygon' loaded for trajectory optimization.
[INFO] [1783858146.536455473, 109.790000000]: GOAL Reached!
[INFO] [1783858146.636900584, 109.890000000]: Footprint model 'polygon' loaded for trajectory optimization.
[INFO] [1783858147.514573354, 110.766000000]: Footprint model 'polygon' loaded for trajectory optimization.
[INFO] [1783858148.060811693, 111.310000000]: Footprint model 'polygon' loaded for trajectory optimization.
[INFO] [1783858148.660969708, 111.910000000]: Footprint model 'polygon' loaded for trajectory optimization.
[INFO] [1783858149.256430156, 112.504000000]: Footprint model 'polygon' loaded for trajectory optimization.
[INFO] [1783858149.859270671, 113.108000000]: Footprint model 'polygon' loaded for trajectory optimization.
[INFO] [1783858150.456638473, 113.702000000]: Footprint model 'polygon' loaded for trajectory optimization.
[INFO] [1783858151.057812213, 114.302000000]: Footprint model 'polygon' loaded for trajectory optimization.
[INFO] [1783858151.705512983, 114.950000000]: Footprint model 'polygon' loaded for trajectory optimization.
[INFO] [1783858152.307222090, 115.552000000]: Footprint model 'polygon' loaded for trajectory optimization.
[INFO] [1783858154.249769940, 117.490000000]: GOAL Reached!
[INFO] [1783858154.345696988, 117.586000000]: Footprint model 'polygon' loaded for trajectory optimization.
[INFO] [1783858155.223130294, 118.462000000]: Footprint model 'polygon' loaded for trajectory optimization.
[INFO] [1783858155.820364122, 119.058000000]: Footprint model 'polygon' loaded for trajectory optimization.
[INFO] [1783858156.421362389, 119.658000000]: Footprint model 'polygon' loaded for trajectory optimization.
[INFO] [1783858156.970269552, 120.204000000]: Footprint model 'polygon' loaded for trajectory optimization.
[INFO] [1783858157.617973563, 120.852000000]: Footprint model 'polygon' loaded for trajectory optimization.
[INFO] [1783858158.170423889, 121.406000000]: Footprint model 'polygon' loaded for trajectory optimization.
[INFO] [1783858158.817969869, 122.050000000]: Footprint model 'polygon' loaded for trajectory optimization.
[INFO] [1783858160.759639754, 123.990000000]: GOAL Reached!
[INFO] [1783858160.863481365, 124.094000000]: Footprint model 'polygon' loaded for trajectory optimization.
[INFO] [1783858161.734301418, 124.962000000]: Footprint model 'polygon' loaded for trajectory optimization.
[INFO] [1783858162.281549303, 125.508000000]: Footprint model 'polygon' loaded for trajectory optimization.
[INFO] [1783858162.930940166, 126.156000000]: Footprint model 'polygon' loaded for trajectory optimization.
[INFO] [1783858163.527224206, 126.752000000]: Footprint model 'polygon' loaded for trajectory optimization.
[INFO] [1783858165.369350816, 128.592000000]: GOAL Reached!
[INFO] [1783858165.457310819, 128.680000000]: Footprint model 'polygon' loaded for trajectory optimization.
[INFO] [1783858166.323563074, 129.542000000]: Footprint model 'polygon' loaded for trajectory optimization.
[INFO] [1783858166.872988201, 130.092000000]: Footprint model 'polygon' loaded for trajectory optimization.
[INFO] [1783858167.469523620, 130.688000000]: Footprint model 'polygon' loaded for trajectory optimization.
[INFO] [1783858168.120557504, 131.336000000]: Footprint model 'polygon' loaded for trajectory optimization.
[INFO] [1783858168.722537815, 131.938000000]: Footprint model 'polygon' loaded for trajectory optimization.
[INFO] [1783858169.323000506, 132.538000000]: Footprint model 'polygon' loaded for trajectory optimization.
[INFO] [1783858170.965025828, 134.176000000]: GOAL Reached!
[INFO] [1783858171.047771728, 134.258000000]: Footprint model 'polygon' loaded for trajectory optimization.
[INFO] [1783858171.928114181, 135.138000000]: Footprint model 'polygon' loaded for trajectory optimization.
[INFO] [1783858172.474432965, 135.686000000]: Footprint model 'polygon' loa[ERROR] [1783858177.662361488, 140.864000000]: TebOptimalPlanner::getVelocityCommand() - timediff<=0 is invalid!
[WARN] [1783858177.662416644, 140.864000000]: TebLocalPlannerROS: velocity command invalid. Resetting planner...
ded for trajectory optimization.
[INFO] [1783858173.070196473, 136.280000000]: Footprint model 'polygon' loaded for trajectory optimization.
[INFO] [1783858173.674865017, 136.882000000]: Footprint model 'polygon' loaded for trajectory optimization.
[INFO] [1783858174.277714118, 137.484000000]: Footprint model 'polygon' loaded for trajectory optimization.
[INFO] [1783858174.869719424, 138.078000000]: Footprint model 'polygon' loaded for trajectory optimization.
[INFO] [1783858175.521782833, 138.726000000]: Footprint model 'polygon' loaded for trajectory optimization.
[INFO] [1783858176.123452981, 139.326000000]: Footprint model 'polygon' loaded for trajectory optimization.
[INFO] [1783858176.674867424, 139.878000000]: Footprint model 'polygon' loaded for trajectory optimization.
[INFO] [1783858177.274324865, 140.476000000]: Footprint model 'polygon' loaded for trajectory optimization.
[INFO] [1783858180.065301572, 143.264000000]: GOAL Reached!
[INFO] [1783858180.170955707, 143.370000000]: Footprint model 'polygon' loaded for trajectory optimization.
[INFO] [1783858181.049089484, 144.244000000]: Footprint model 'polygon' loaded for trajectory optimization.
[INFO] [1783858181.588320739, 144.782000000]: Footprint model 'polygon' loaded for trajectory optimization.
[INFO] [1783858182.192065040, 145.384000000]: Footprint model 'polygon' loaded for trajectory optimization.
[INFO] [1783858182.839339902, 146.032000000]: Footprint model 'polygon' loaded for trajectory optimization.
[INFO] [1783858183.392448035, 146.584000000]: Footprint model 'polygon' loaded for trajectory optimization.
[INFO] [1783858183.991071671, 147.180000000]: Footprint model 'polygon' loaded for trajectory optimization.
[INFO] [1783858184.591806470, 147.780000000]: Footprint model 'polygon' loaded for trajectory optimization.
[INFO] [1783858186.381818478, 149.566000000]: GOAL Reached!
[INFO] [1783858186.477008159, 149.662000000]: Footprint model 'polygon' loaded for trajectory optimization.
[INFO] [1783858187.339991406, 150.522000000]: Footprint model 'polygon' loaded for trajectory optimization.
[INFO] [1783858187.892364608, 151.074000000]: Footprint model 'polygon' loaded for trajectory optimization.
[INFO] [1783858188.495450136, 151.678000000]: Footprint model 'polygon' loaded for trajectory optimization.
[INFO] [1783858189.142195122, 152.322000000]: Footprint model 'polygon' loaded for trajectory optimization.
[INFO] [1783858190.882219399, 154.060000000]: GOAL Reached!
[INFO] [1783858190.967912359, 154.146000000]: Footprint model 'polygon' loaded for trajectory optimization.
[INFO] [1783858191.846854866, 155.022000000]: Footprint model 'polygon' loaded for trajectory optimization.
[INFO] [1783858192.436833889, 155.612000000]: Footprint model 'polygon' loaded for trajectory optimization.
[INFO] [1783858193.036749638, 156.212000000]: Footprint model 'polygon' loaded for trajectory optimization.
[INFO] [1783858193.638379846, 156.810000000]: Footprint model 'polygon' loaded for trajectory optimization.
[INFO] [1783858194.243096590, 157.414000000]: Footprint model 'polygon' loaded for trajectory optimization.
[INFO] [1783858194.841456525, 158.012000000]: Footprint model 'polygon' loaded for trajectory optimization.
[INFO] [1783858196.382046429, 159.550000000]: GOAL Reached!
[INFO] [1783858196.467654031, 159.636000000]: Footprint model 'polygon' loaded for trajectory optimization.
[INFO] [1783858197.340078593, 160.504000000]: Footprint model 'polygon' loaded for trajectory optimization.
[INFO] [1783858197.942251273, 161.106000000]: Footprint model 'polygon' loaded for trajectory optimization.
[INFO] [1783858198.534056354, 161.698000000]: Footprint model 'polygon' loaded for trajectory optimization.
[INFO] [1783858199.086904381, 162.250000000]: Footprint model 'polygon' loaded for trajectory optimization.
[INFO] [1783858199.689673547, 162.852000000]: Footprint model 'polygon' loaded for trajectory optimization.
[INFO] [1783858200.310652679, 163.470000000]: Footprint model 'polygon' loaded for trajectory optimization.
[INFO] [1783858200.884831382, 164.046000000]: Footprint model 'polygon' loaded for trajectory optimization.
[INFO] [1783858201.487370985, 164.648000000]: Footprint model 'polygon' loaded for trajectory optimization.
[INFO] [1783858202.138263212, 165.294000000]: Footprint model 'polygon' loaded for trajectory optimization.
[INFO] [1783858204.378212748, 167.534000000]: GOAL Reached!
[INFO] [1783858204.478788057, 167.634000000]: Footprint model 'polygon' loaded for trajectory optimization.
[INFO] [1783858205.355358484, 168.508000000]: Footprint model 'polygon' loaded for trajectory optimization.
[INFO] [1783858205.991548816, 169.146000000]: Footprint model 'polygon' loaded for trajectory optimization.
[INFO] [1783858206.593967199, 169.744000000]: Footprint model 'polygon' loaded for trajectory optimization.
[INFO] [1783858207.191458125, 170.342000000]: Footprint model 'polygon' loaded for trajectory optimization.
[INFO] [1783858207.793263124, 170.942000000]: Footprint model 'polygon' loaded for trajectory optimization.
[INFO] [1783858208.444850713, 171.592000000]: Footprint model 'polygon' loaded for trajectory optimization.
[INFO] [1783858208.992102001, 172.140000000]: Footprint model 'polygon' loaded for trajectory optimization.
[INFO] [1783858210.581862854, 173.726000000]: GOAL Reached!
[INFO] [1783858210.682412002, 173.826000000]: Footprint model 'polygon' loaded for trajectory optimization.
[INFO] [1783858211.559735080, 174.702000000]: Footprint model 'polygon' loaded for trajectory optimization.
[INFO] [1783858212.152626092, 175.294000000]: Footprint model 'polygon' loaded for trajectory optimization.
[INFO] [1783858212.705764801, 175.844000000]: Footprint model 'polygon' loaded for trajectory optimization.
[INFO] [1783858213.305579589, 176.444000000]: Footprint model 'polygon' loaded for trajectory optimization.
[INFO] [1783858215.094317482, 178.232000000]: GOAL Reached!
[INFO] [1783858215.184621292, 178.322000000]: Footprint model 'polygon' loaded for trajectory optimization.
[INFO] [1783858216.050078259, 179.184000000]: Footprint model 'polygon' loaded for trajectory optimization.
[INFO] [1783858216.608656372, 179.742000000]: Footprint model 'polygon' loaded for trajectory optimization.
[INFO] [1783858217.205769949, 180.340000000]: Footprint model 'polygon' loaded for trajectory optimization.
[INFO] [1783858217.805725224, 180.936000000]: Footprint model 'polygon' loaded for trajectory optimization.
[INFO] [1783858218.404936263, 181.536000000]: Footprint model 'polygon' loaded for trajectory optimization.
[INFO] [1783858219.054619935, 182.184000000]: Footprint model 'polygon' loaded for trajectory optimization.
[INFO] [1783858220.497581115, 183.624000000]: GOAL Reached!
[INFO] [1783858220.602373432, 183.730000000]: Footprint model 'polygon' loaded for trajectory optimization.
[INFO] [1783858221.478097506, 184.602000000]: Footprint model 'polygon' loaded for trajectory optimization.
[INFO] [1783858222.030236573, 185.154000000]: Footprint model 'polygon' loaded for trajectory optimization.
[INFO] [1783858222.630196952, 185.752000000]: Footprint model 'polygon' loaded for trajectory optimization.
[INFO] [1783858223.230911635, 186.352000000]: Footprint model 'polygon' loaded for trajectory optimization.
[INFO] [1783858223.875611533, 186.996000000]: Footprint model 'polygon' loaded for trajectory optimization.
[INFO] [1783858224.434608435, 187.554000000]: Footprint model 'polygon' loaded for trajectory optimization.
[INFO] [1783858225.029195931, 188.148000000]: Footprint model 'polygon' loaded for trajectory optimization.
[INFO] [1783858225.676498684, 188.798000000]: Footprint model 'polygon' loaded for trajectory optimization.
[INFO] [1783858226.231012479, 189.346000000]: Footprint model 'polygon' loaded for trajectory optimization.
[INFO] [1783858226.830726374, 189.946000000]: Footprint model 'polygon' loaded for trajectory optimization.
[INFO] [1783858228.521589093, 191.634000000]: GOAL Reached!
[INFO] [1783858228.606389378, 191.720000000]: Footprint model 'polygon' loaded for trajectory optimization.
[INFO] [1783858229.470809951, 192.584000000]: Footprint model 'polygon' loaded for trajectory optimization.
[INFO] [1783858230.022406252, 193.132000000]: Footprint model 'polygon' loaded for trajectory optimization.
[INFO] [1783858230.669328064, 193.778000000]: Footprint model 'polygon' loaded for trajectory optimization.
[INFO] [1783858231.222052464, 194.330000000]: Footprint model 'polygon' loaded for trajectory optimization.
[INFO] [1783858231.872583432, 194.978000000]: Footprint model 'polygon' loaded for trajectory optimization.
[INFO] [1783858232.470609980, 195.576000000]: Footprint model 'polygon' loaded for trajectory optimization.
[INFO] [1783858233.072248134, 196.178000000]: Footprint model 'polygon' loaded for trajectory optimization.
[INFO] [1783858234.911057957, 198.012000000]: GOAL Reached!
[INFO] [1783858235.010571818, 198.112000000]: Footprint model 'polygon' loaded for trajectory optimization.
[INFO] [1783858235.866543630, 198.966000000]: Footprint model 'polygon' loaded for trajectory optimization.
[INFO] [1783858236.469709493, 199.568000000]: Footprint model 'polygon' loaded for trajectory optimization.
[INFO] [1783858237.022575661, 200.120000000]: Footprint model 'polygon' loaded for trajectory optimization.
[INFO] [1783858237.619916789, 200.718000000]: Footprint model 'polygon' loaded for trajectory optimization.
[INFO] [1783858239.512434234, 202.606000000]: GOAL Reached!
[INFO] [1783858239.596874454, 202.690000000]: Footprint model 'polygon' loaded for trajectory optimization.
[INFO] [1783858240.452657530, 203.544000000]: Footprint model 'polygon' loaded for trajectory optimization.
[INFO] [1783858241.055690835, 204.146000000]: Footprint model 'polygon' loaded for trajectory optimization.
[INFO] [1783858241.655528171, 204.744000000]: Footprint model 'polygon' loaded for trajectory optimization.
[INFO] [1783858242.254864806, 205.344000000]: Footprint model 'polygon' loaded for trajectory optimization.
[INFO] [1783858242.857684785, 205.946000000]: Footprint model 'polygon' loaded for trajectory optimization.
[INFO] [1783858243.407667051, 206.494000000]: Footprint model 'polygon' loaded for trajectory optimization.
[INFO] [1783858244.898042478, 207.982000000]: GOAL Reached!
[INFO] [1783858244.989383531, 208.072000000]: Footprint model 'polygon' loaded for trajectory optimization.
[INFO] [1783858245.880899274, 208.964000000]: Footprint model 'polygon' loaded for trajectory optimization.
[INFO] [1783858246.469723861, 209.554000000]: Footprint model 'polygon' loaded for trajectory optimization.
[INFO] [1783858247.018558871, 210.100000000]: Footprint model 'polygon' loaded for trajectory optimization.
[INFO] [1783858247.666605253, 210.748000000]: Footprint model 'polygon' loaded for trajectory optimization.
[INFO] [1783858248.219264542, 211.300000000]: Footprint model 'polygon' loaded for trajectory optimization.
[INFO] [1783858248.866943696, 211.948000000]: Footprint model 'polygon' loaded for trajectory optimization.
[INFO] [1783858249.467522990, 212.546000000]: Footprint model 'polygon' loaded for trajectory optimization.
[INFO] [1783858250.071709205, 213.146000000]: Footprint model 'polygon' loaded for trajectory optimization.
[INFO] [1783858250.621822544, 213.696000000]: Footprint model 'polygon' loaded for trajectory optimization.
[INFO] [1783858252.612167360, 215.684000000]: GOAL Reached!
[INFO] [1783858252.703565736, 215.774000000]: Footprint model 'polygon' loaded for trajectory optimization.
[INFO] [1783858253.574808435, 216.644000000]: Footprint model 'polygon' loaded for trajectory optimization.
[INFO] [1783858254.186096340, 217.254000000]: Footprint model 'polygon' loaded for trajectory optimization.
[INFO] [1783858254.780162277, 217.848000000]: Footprint model 'polygon' loaded for trajectory optimization.
[INFO] [1783858255.335903525, 218.402000000]: Footprint model 'polygon' loaded for trajectory optimization.
[INFO] [1783858255.979248523, 219.046000000]: Footprint model 'polygon' loaded for trajectory optimization.
[INFO] [1783858256.581781950, 219.646000000]: Footprint model 'polygon' loaded for trajectory optimization.
[INFO] [1783858257.186654049, 220.248000000]: Footprint model 'polygon' loaded for trajectory optimization.
[INFO] [1783858258.921162757, 221.982000000]: GOAL Reached!
[INFO] [1783858259.026826098, 222.088000000]: Footprint model 'polygon' loaded for trajectory optimization.
[INFO] [1783858259.908049564, 222.964000000]: Footprint model 'polygon' loaded for trajectory optimization.
[INFO] [1783858260.493225786, 223.548000000]: Footprint model 'polygon' loaded for trajectory optimization.
[INFO] [1783858261.095587244, 224.150000000]: Footprint model 'polygon' loaded for trajectory optimization.
[INFO] [1783858261.647195334, 224.702000000]: Footprint model 'polygon' loaded for trajectory optimization.
[INFO] [1783858263.334473746, 226.388000000]: GOAL Reached!
[INFO] [1783858263.420285994, 226.474000000]: Footprint model 'polygon' loaded for trajectory optimization.
[INFO] [1783858264.293126016, 227.342000000]: Footprint model 'polygon' loaded for trajectory optimization.
[INFO] [1783858264.888861410, 227.936000000]: Footprint model 'polygon' loaded for trajectory optimization.
[INFO] [1783858265.484579639, 228.530000000]: Footprint model 'polygon' loaded for trajectory optimization.
[INFO] [1783858266.032724694, 229.080000000]: Footprint model 'polygon' loaded for trajectory optimization.
[INFO] [1783858266.683600971, 229.728000000]: Footprint model 'polygon' loaded for trajectory optimization.
[INFO] [1783858267.236610481, 230.280000000]: Footprint model 'polygon' loaded for trajectory optimization.
[INFO] [1783858268.727620789, 231.768000000]: GOAL Reached!
[INFO] [1783858268.834834974, 231.876000000]: Footprint model 'polygon' loaded for trajectory optimization.
[INFO] [1783858269.725224312, 232.764000000]: Footprint model 'polygon' loaded for trajectory optimization.
[INFO] [1783858270.266368915, 233.304000000]: Footprint model 'polygon' loaded for trajectory optimization.
[INFO] [1783858270.864029532, 233.900000000]: Footprint model 'polygon' loaded for trajectory optimization.
[INFO] [1783858271.462455110, 234.500000000]: Footprint model 'polygon' loaded for trajectory optimization.
[INFO] [1783858272.062653131, 235.098000000]: Footprint model 'polygon' loaded for trajectory optimization.
[INFO] [1783858272.663145549, 235.698000000]: Footprint model 'polygon' loaded for trajectory optimization.
[INFO] [1783858273.264116714, 236.296000000]: Footprint model 'polygon' loaded for trajectory optimization.
[INFO] [1783858273.862515596, 236.894000000]: Footprint model 'polygon' loaded for trajectory optimization.
[INFO] [1783858274.460961813, 237.492000000]: Footprint model 'polygon' loaded for trajectory optimization.
[INFO] [1783858275.062871444, 238.092000000]: Footprint model 'polygon' loaded for trajectory optimization.
[INFO] [1783858276.956050300, 239.982000000]: GOAL Reached!
[INFO] [1783858277.041076242, 240.068000000]: Footprint model 'polygon' loaded for trajectory optimization.
[INFO] [1783858277.917487831, 240.942000000]: Footprint model 'polygon' loaded for trajectory optimization.
[INFO] [1783858278.508545226, 241.532000000]: Footprint model 'polygon' loaded for trajectory optimization.
[INFO] [1783858279.115066330, 242.138000000]: Footprint model 'polygon' loaded for trajectory optimization.
[INFO] [1783858279.709986167, 242.732000000]: Footprint model 'polygon' loaded for trajectory optimization.
[INFO] [1783858280.311713399, 243.334000000]: Footprint model 'polygon' loaded for trajectory optimization.
[INFO] [1783858280.863586197, 243.884000000]: Footprint model 'polygon' loaded for trajectory optimization.
[INFO] [1783858281.459291968, 244.480000000]: Footprint model 'polygon' loaded for trajectory optimization.
[INFO] [1783858283.151094495, 246.168000000]: GOAL Reached!
[INFO] [1783858283.255184747, 246.272000000]: Footprint model 'polygon' loaded for trajectory optimization.
[INFO] [1783858284.129154957, 247.144000000]: Footprint model 'polygon' loaded for trajectory optimization.
[INFO] [1783858284.675606359, 247.688000000]: Footprint model 'polygon' loaded for trajectory optimization.
[INFO] [1783858285.277489486, 248.290000000]: Footprint model 'polygon' loaded for trajectory optimization.
[INFO] [1783858285.875989111, 248.886000000]: Footprint model 'polygon' loaded for trajectory optimization.
[INFO] [1783858286.522873231, 249.534000000]: Footprint model 'polygon' loaded for trajectory optimization.
[INFO] [1783858287.073976720, 250.084000000]: Footprint model 'polygon' loaded for trajectory optimization.
[INFO] [1783858287.727990478, 250.734000000]: Footprint model 'polygon' loaded for trajectory optimization.
[INFO] [1783858288.272325197, 251.284000000]: Footprint model 'polygon' loaded for trajectory optimization.
[INFO] [1783858288.925855441, 251.932000000]: Footprint model 'polygon' loaded for trajectory optimization.
[INFO] [1783858290.669571466, 253.672000000]: GOAL Reached!
[INFO] [1783858290.761127194, 253.764000000]: Footprint model 'polygon' loaded for trajectory optimization.
[INFO] [1783858291.640419078, 254.642000000]: Footprint model 'polygon' loaded for trajectory optimization.
[INFO] [1783858292.181860372, 255.182000000]: Footprint model 'polygon' loaded for trajectory optimization.
[INFO] [1783858292.782827183, 255.784000000]: Footprint model 'polygon' loaded for trajectory optimization.
[INFO] [1783858293.427846208, 256.428000000]: Footprint model 'polygon' loaded for trajectory optimization.
[INFO] [1783858294.020440216, 257.018000000]: Footprint model 'polygon' loaded for trajectory optimization.
[INFO] [1783858294.583520268, 257.580000000]: Footprint model 'polygon' loaded for trajectory optimization.
[INFO] [1783858295.228452178, 258.226000000]: Footprint model 'polygon' loaded for trajectory optimization.
[INFO] [1783858295.831244467, 258.826000000]: Footprint model 'polygon' loaded for trajectory optimization.
[INFO] [1783858296.385809200, 259.378000000]: Footprint model 'polygon' loaded for trajectory optimization.
[INFO] [1783858298.073492687, 261.066000000]: GOAL Reached!
[INFO] [1783858298.167449722, 261.160000000]: Footprint model 'polygon' loaded for trajectory optimization.
[INFO] [1783858299.054239289, 262.046000000]: Footprint model 'polygon' loaded for trajectory optimization.
[INFO] [1783858299.692376129, 262.682000000]: Footprint model 'polygon' loaded for trajectory optimization.
[INFO] [1783858300.346832676, 263.334000000]: Footprint model 'polygon' loaded for trajectory optimization.
[INFO] [1783858300.892511202, 263.880000000]: Footprint model 'polygon' loaded for trajectory optimization.
[INFO] [1783858301.545106131, 264.530000000]: Footprint model 'polygon' loaded for trajectory optimization.
[INFO] [1783858302.086578596, 265.072000000]: Footprint model 'polygon' loaded for trajectory optimization.
[INFO] [1783858302.741913913, 265.726000000]: Footprint model 'polygon' loaded for trajectory optimization.
[INFO] [1783858305.383723023, 268.362000000]: GOAL Reached!
[INFO] [1783858305.488906621, 268.468000000]: Footprint model 'polygon' loaded for trajectory optimization.
[INFO] [1783858306.367651518, 269.344000000]: Footprint model 'polygon' loaded for trajectory optimization.
[INFO] [1783858306.951291802, 269.928000000]: Footprint model 'polygon' loaded for trajectory optimization.
[INFO] [1783858307.505369276, 270.482000000]: Footprint model 'polygon' loaded for trajectory optimization.
[INFO] [1783858308.106659039, 271.082000000]: Footprint model 'polygon' loaded for trajectory optimization.
[INFO] [1783858308.707006178, 271.680000000]: Footprint model 'polygon' loaded for trajectory optimization.
[INFO] [1783858309.352605255, 272.326000000]: Footprint model 'polygon' loaded for trajectory optimization.
[INFO] [1783858309.908746181, 272.880000000]: Footprint model 'polygon' loaded for trajectory optimization.
[INFO] [1783858310.554179803, 273.526000000]: Footprint model 'polygon' loaded for trajectory optimization.
[INFO] [1783858312.098921517, 275.066000000]: GOAL Reached!
[INFO] [1783858312.195825423, 275.164000000]: Footprint model 'polygon' loaded for trajectory optimization.
[INFO] [1783858313.077564719, 276.044000000]: Footprint model 'polygon' loaded for trajectory optimization.
[INFO] [178[WARN] [1783858332.421336245, 295.356000000]: TebLocalPlannerROS: possible oscillation (of the robot or its local plan) detected. Activating recovery strategy (prefer current turning direction during optimization).
3858313.668904330, 276.634000000]: Footprint model 'polygon' loaded for trajectory optimization.
[INFO] [1783858314.263097104, 277.228000000]: Footprint model 'polygon' loaded for trajectory optimization.
[INFO] [1783858314.817875718, 277.780000000]: Footprint model 'polygon' loaded for trajectory optimization.
[INFO] [1783858315.465225426, 278.426000000]: Footprint model 'polygon' loaded for trajectory optimization.
[INFO] [1783858316.015991568, 278.978000000]: Footprint model 'polygon' loaded for trajectory optimization.
[INFO] [1783858316.617652813, 279.580000000]: Footprint model 'polygon' loaded for trajectory optimization.
[INFO] [1783858317.265358573, 280.226000000]: Footprint model 'polygon' loaded for trajectory optimization.
[INFO] [1783858317.864613953, 280.822000000]: Footprint model 'polygon' loaded for trajectory optimization.
[INFO] [1783858319.706050369, 282.664000000]: GOAL Reached!
[INFO] [1783858319.803131081, 282.760000000]: Footprint model 'polygon' loaded for trajectory optimization.
[INFO] [1783858320.670150627, 283.622000000]: Footprint model 'polygon' loaded for trajectory optimization.
[INFO] [1783858321.228227697, 284.182000000]: Footprint model 'polygon' loaded for trajectory optimization.
[INFO] [1783858321.875644661, 284.828000000]: Footprint model 'polygon' loaded for trajectory optimization.
[INFO] [1783858322.424083208, 285.374000000]: Footprint model 'polygon' loaded for trajectory optimization.
[INFO] [1783858323.075432319, 286.024000000]: Footprint model 'polygon' loaded for trajectory optimization.
[INFO] [1783858323.628492060, 286.576000000]: Footprint model 'polygon' loaded for trajectory optimization.
[INFO] [1783858324.223751770, 287.172000000]: Footprint model 'polygon' loaded for trajectory optimization.
[INFO] [1783858327.828922599, 290.770000000]: Footprint model 'polygon' loaded for trajectory optimization.
[INFO] [1783858328.432714490, 291.374000000]: Footprint model 'polygon' loaded for trajectory optimization.
[INFO] [1783858329.090207200, 292.028000000]: Footprint model 'polygon' loaded for trajectory optimization.
[INFO] [1783858329.633645360, 292.574000000]: Footprint model 'polygon' loaded for trajectory optimization.
[INFO] [1783858330.284284283, 293.224000000]: Footprint model 'polygon' loaded for trajectory optimization.
[INFO] [1783858330.888424903, 293.826000000]: Footprint model 'polygon' loaded for trajectory optimization.
[INFO] [1783858331.489627340, 294.424000000]: Footprint model 'polygon' loaded for trajectory optimization.
[INFO] [1783858332.041602161, 294.980000000]: Footprint model 'polygon' loaded for trajectory optimization.
[INFO] [1783858335.698187556, 298.628000000]: Footprint model 'polygon' loaded for trajectory optimization.
[INFO] [1783858336.258227507, 299.188000000]: Footprint model 'polygon' loaded for trajectory optimization.
[INFO] [1783858336.905508668, 299.836000000]: Footprint model 'polygon' loaded for trajectory optimization.
[INFO] [1783858337.454100351, 300.382000000]: Footprint model 'polygon' loaded for trajectory optimization.
[INFO] [1783858338.102936699, 301.032000000]: Footprint model 'polygon' loaded for trajectory optimization.
[INFO] [1783858338.664522029, 301.590000000]: Footprint model 'polygon' loaded for trajectory optimization.
[INFO] [1783858339.312891623, 302.236000000]: Footprint model 'polygon' loaded for trajectory optimization.
[INFO] [1783858339.906509954, 302.828000000]: Footprint model 'polygon' loaded for trajectory optimization.
[INFO] [1783858340.460582421, 303.382000000]: Footprint model 'polygon' loaded for trajectory optimization.
[INFO] [1783858341.065673497, 303.986000000]: Footprint model 'polygon' loaded for trajectory optimization.
[INFO] [1783858341.717321836, 304.638000000]: Footprint model 'polygon' loaded for trajectory optimization.
[INFO] [1783858342.311459004, 305.230000000]: Footprint model 'polygon' loaded for trajectory optimization.
[INFO] [1783858342.862177175, 305.780000000]: Footprint model 'polygon' loaded for trajectory optimization.
[INFO] [1783858343.439562975, 306.356000000]: TebLo[WARN] [1783858348.148075846, 311.056000000]: TebLocalPlannerROS: possible oscillation (of the robot or its local plan) detected. Activating recovery strategy (prefer current turning direction during optimization).
calPlannerROS: oscillation recovery disabled/expired.
[INFO] [1783858343.468122257, 306.384000000]: Footprint model 'polygon' loaded for trajectory optimization.
[INFO] [1783858344.066656672, 306.982000000]: Footprint model 'polygon' loaded for trajectory optimization.
[INFO] [1783858344.665485619, 307.580000000]: Footprint model 'polygon' loaded for trajectory optimization.
[INFO] [1783858345.265686985, 308.180000000]: Footprint model 'polygon' loaded for trajectory optimization.
[INFO] [1783858345.868557911, 308.782000000]: Footprint model 'polygon' loaded for trajectory optimization.
[INFO] [1783858346.469223541, 309.380000000]: Footprint model 'polygon' loaded for trajectory optimization.
[INFO] [1783858347.066708127, 309.980000000]: Footprint model 'polygon' loaded for trajectory optimization.
[INFO] [1783858347.716675067, 310.628000000]: Footprint model 'polygon' loaded for trajectory optimization.
[INFO] [1783858348.262173612, 311.172000000]: Footprint model 'polygon' loaded for trajectory optimization.
[INFO] [1783858351.922708588, 314.830000000]: Footprint model 'polygon' loaded for trajectory optimization.
[INFO] [1783858352.523609111, 315.428000000]: Footprint model 'polygon' loaded for trajectory optimization.
[INFO] [1783858353.126038585, 316.030000000]: Footprint model 'polygon' loaded for trajectory optimization.
[INFO] [1783858353.724498523, 316.628000000]: Footprint model 'polygon' loaded for trajectory optimization.
[INFO] [1783858354.324536579, 317.222000000]: Footprint model 'polygon' loaded for trajectory optimization.
[INFO] [1783858354.923555720, 317.822000000]: Footprint model 'polygon' loaded for trajectory optimization.
[INFO] [1783858355.530414795, 318.426000000]: Footprint model 'polygon' loaded for trajectory optimization.
[INFO] [1783858359.136030822, 322.028000000]: Footprint model 'polygon' loaded for trajectory optimization.
[INFO] [1783858359.744933706, 322.638000000]: Footprint model 'polygon' loaded for trajectory optimization.
[INFO] [1783858360.336811189, 323.228000000]: Footprint model 'polygon' loaded for trajectory optimization.
[INFO] [1783858360.941922048, 323.832000000]: Footprint model 'polygon' loaded for trajectory optimization.
[INFO] [1783858361.547736701, 324.436000000]: Footprint model 'polygon' loaded for trajectory optimization.
[INFO] [1783858362.144703112, 325.034000000]: Footprint model 'polygon' loaded for trajectory optimization.
[INFO] [1783858362.744617430, 325.634000000]: Footprint model 'polygon' loaded for trajectory optimization.
[INFO] [1783858363.300039601, 326.186000000]: Footprint model 'polygon' loaded for trajectory optimization.
[INFO] [1783858363.902870547, 326.788000000]: Footprint model 'polygon' loaded for trajectory optimization.
[INFO] [1783858364.500809503, 327.386000000]: Footprint model 'polygon' loaded for trajectory optimization.
[INFO] [1783858365.100209153, 327.984000000]: Footprint model 'polygon' loaded for trajectory optimization.
[INFO] [1783858365.702324405, 328.584000000]: Footprint model 'polygon' loaded for trajectory optimization.
[INFO] [1783858366.356071889, 329.240000000]: Footprint model 'polygon' loaded for trajectory optimization.
[INFO] [1783858366.899060132, 329.780000000]: Footprint model 'polygon' loaded for trajectory optimization.
[INFO] [1783858367.477501866, 330.356000000]: TebLocalPlannerROS: oscillation recovery disabled/expired.
[INFO] [1783858367.510191043, 330.388000000]: Footprint model 'polygon' loaded for trajectory optimization.
[INFO] [1783858368.150304211, 331.030000000]: Footprint model 'polygon' loaded for trajectory optimization.
[INFO] [1783858368.791969400, 331.668000000]: Footprint model 'polygon' loaded for trajectory optimization.
[INFO] [1783858369.647608980, 332.522000000]: Footprint model 'polygon' loaded for trajectory optimization.
[INFO] [1783858370.203538287, 333.078000000]: Footprint model 'polygon' loaded for trajectory optimization.
[INFO] [1783858370.854015302, 333.730000000]: Footprint model 'polygon' loaded for trajectory optimization.
[INFO] [1783858371.453260586, 334.326000000]: Foo[WARN] [1783858373.090308565, 335.962000000]: TebLocalPlannerROS: possible oscillation (of the robot or its local plan) detected. Activating recovery strategy (prefer current turning direction during optimization).
tprint model 'polygon' loaded for trajectory optimization.
[INFO] [1783858372.051843542, 334.922000000]: Footprint model 'polygon' loaded for trajectory optimization.
[INFO] [1783858372.604717644, 335.474000000]: Footprint model 'polygon' loaded for trajectory optimization.
[INFO] [1783858373.250271513, 336.122000000]: Footprint model 'polygon' loaded for trajectory optimization.
[INFO] [1783858373.804617099, 336.672000000]: Footprint model 'polygon' loaded for trajectory optimization.
[INFO] [1783858375.692565237, 338.562000000]: GOAL Reached!
[INFO] [1783858375.789209254, 338.658000000]: Footprint model 'polygon' loaded for trajectory optimization.
[INFO] [1783858376.677122206, 339.542000000]: Footprint model 'polygon' loaded for trajectory optimization.
[INFO] [1783858377.312018650, 340.178000000]: Footprint model 'polygon' loaded for trajectory optimization.
[INFO] [1783858377.960838873, 340.824000000]: Footprint model 'polygon' loaded for trajectory optimization.
[INFO] [1783858378.530874271, 341.392000000]: Footprint model 'polygon' loaded for trajectory optimization.
[INFO] [1783858379.117881709, 341.978000000]: Footprint model 'polygon' loaded for trajectory optimization.
[INFO] [1783858379.710089025, 342.572000000]: Footprint model 'polygon' loaded for trajectory optimization.
[INFO] [1783858380.362853314, 343.224000000]: Footprint model 'polygon' loaded for trajectory optimization.
[INFO] [1783858380.963247509, 343.822000000]: Footprint model 'polygon' loaded for trajectory optimization.
[INFO] [1783858381.565814144, 344.422000000]: Footprint model 'polygon' loaded for trajectory optimization.
[INFO] [1783858382.117656694, 344.974000000]: Footprint model 'polygon' loaded for trajectory optimization.
[INFO] [1783858382.765159491, 345.620000000]: Footprint model 'polygon' loaded for trajectory optimization.
[INFO] [1783858384.106833519, 346.960000000]: TebLocalPlannerROS: oscillation recovery disabled/expired.
[INFO] [1783858384.307534014, 347.160000000]: GOAL Reached!
[INFO] [1783858384.389923211, 347.242000000]: Footprint model 'polygon' loaded for trajectory optimization.
[INFO] [1783858385.291752133, 348.142000000]: Footprint model 'polygon' loaded for trajectory optimization.
[INFO] [1783858385.886429282, 348.734000000]: Footprint model 'polygon' loaded for trajectory optimization.
[INFO] [1783858386.486152323, 349.336000000]: Footprint model 'polygon' loaded for trajectory optimization.
[INFO] [1783858387.033197106, 349.882000000]: Footprint model 'polygon' loaded for trajectory optimization.
[INFO] [1783858387.641774478, 350.488000000]: Footprint model 'polygon' loaded for trajectory optimization.
[INFO] [1783858388.298869820, 351.144000000]: Footprint model 'polygon' loaded for trajectory optimization.
[INFO] [1783858388.837056544, 351.682000000]: Footprint model 'polygon' loaded for trajectory optimization.
[INFO] [1783858392.506004213, 355.344000000]: Footprint model 'polygon' loaded for trajectory optimization.
[INFO] [1783858393.193392898, 356.028000000]: Footprint model 'polygon' loaded for trajectory optimization.
[INFO] [1783858393.748240289, 356.584000000]: Footprint model 'polygon' loaded for trajectory optimization.
[INFO] [1783858394.345570616, 357.180000000]: Footprint model 'polygon' loaded for trajectory optimization.
[INFO] [1783858394.994728423, 357.828000000]: Footprint model 'polygon' loaded for trajectory optimization.
[INFO] [1783858395.600290348, 358.432000000]: Footprint model 'polygon' loaded for trajectory optimization.
[INFO] [1783858396.141404870, 358.974000000]: Footprint model 'polygon' loaded for trajectory optimization.
[INFO] [1783858396.751651444, 359.582000000]: Footprint model 'polygon' loaded for trajectory optimization.
[INFO] [1783858397.405037522, 360.234000000]: Footprint model 'polygon' loaded for trajectory optimization.
[INFO] [1783858397.998327653, 360.826000000]: Footprint model 'polygon' loaded for trajectory optimization.
[INFO] [1783858398.604434678, 361.432000000]: Footprint model 'polygon' loaded for trajectory optimization.
[INFO] [1783858399.148833979, 36[WARN] [1783858400.335980535, 363.160000000]: TebLocalPlannerROS: possible oscillation (of the robot or its local plan) detected. Activating recovery strategy (prefer current turning direction during optimization).
[ERROR] [1783858402.439125615, 365.260000000]: Aborting because the robot appears to be oscillating over and over. Even after executing all recovery behaviors
[WARN] [1783858402.962259454, 365.782000000]: The origin for the sensor at (7.05, 0.00) is out of map bounds. So, the costmap cannot raytrace for it.
1.978000000]: Footprint model 'polygon' loaded for trajectory optimization.
[INFO] [1783858399.757473933, 362.582000000]: Footprint model 'polygon' loaded for trajectory optimization.
[INFO] [1783858400.408823829, 363.232000000]: Footprint model 'polygon' loaded for trajectory optimization.
[INFO] [1783858401.008339378, 363.830000000]: Footprint model 'polygon' loaded for trajectory optimization.
[INFO] [1783858401.605099627, 364.426000000]: Footprint model 'polygon' loaded for trajectory optimization.
[INFO] [1783858402.161735560, 364.982000000]: Footprint model 'polygon' loaded for trajectory optimization.
[INFO] [1783858402.886598699, 365.706000000]: Footprint model 'polygon' loaded for trajectory optimization.
[INFO] [1783858403.763448394, 366.582000000]: Footprint model 'polygon' loaded for trajectory optimization.
[INFO] [1783858404.310047301, 367.128000000]: Footprint model 'polygon' loaded for trajectory optimization.
[INFO] [1783858404.912318341, 367.728000000]: Footprint model 'polygon' loaded for trajectory optimization.
[INFO] [1783858405.508048310, 368.326000000]: Footprint model 'polygon' loaded for trajectory optimization.
[INFO] [1783858406.111478846, 368.926000000]: Footprint model 'polygon' loaded for trajectory optimization.
[INFO] [1783858406.764280774, 369.576000000]: Footprint model 'polygon' loaded for trajectory optimization.
[INFO] [1783858407.313761973, 370.128000000]: Footprint model 'polygon' loaded for trajectory optimization.
[INFO] [1783858407.908119249, 370.722000000]: Footprint model 'polygon' loaded for trajectory optimization.
[INFO] [1783858408.512062024, 371.322000000]: Footprint model 'polygon' loaded for trajectory optimization.
[INFO] [1783858410.404439307, 373.212000000]: GOAL Reached!
[INFO] [1783858410.490771291, 373.298000000]: Footprint model 'polygon' loaded for trajectory optimization.
[INFO] [1783858411.357621284, 374.162000000]: Footprint model 'polygon' loaded for trajectory optimization.
[INFO] [1783858411.958366694, 374.762000000]: Footprint model 'polygon' loaded for trajectory optimization.
[INFO] [1783858412.505025837, 375.310000000]: Footprint model 'polygon' loaded for trajectory optimization.
[INFO] [1783858413.156185269, 375.958000000]: Footprint model 'polygon' loaded for trajectory optimization.
[INFO] [1783858413.709162864, 376.512000000]: Footprint model 'polygon' loaded for trajectory optimization.
[INFO] [1783858414.359586445, 377.160000000]: Footprint model 'polygon' loaded for trajectory optimization.
[INFO] [1783858414.959505383, 377.760000000]: Footprint model 'polygon' loaded for trajectory optimization.
[INFO] [1783858415.511229976, 378.310000000]: Footprint model 'polygon' loaded for trajectory optimization.
[INFO] [1783858416.399133584, 379.196000000]: TebLocalPlannerROS: oscillation recovery disabled/expired.
[INFO] [1783858417.401368155, 380.196000000]: GOAL Reached!
[INFO] [1783858417.486246198, 380.282000000]: Footprint model 'polygon' loaded for trajectory optimization.
[INFO] [1783858418.370330984, 381.162000000]: Footprint model 'polygon' loaded for trajectory optimization.
[INFO] [1783858418.959896689, 381.752000000]: Footprint model 'polygon' loaded for trajectory optimization.
[INFO] [1783858419.562791943, 382.354000000]: Footprint model 'polygon' loaded for trajectory optimization.
[INFO] [1783858420.156490978, 382.948000000]: Footprint model 'polygon' loaded for trajectory optimization.
[INFO] [1783858420.759983622, 383.548000000]: Footprint model 'polygon' loaded for trajectory optimization.
[INFO] [1783858421.314697613, 384.102000000]: Footprint model 'polygon' loaded for trajectory optimization.
[INFO] [1783858421.907433876, 384.696000000]: Footprint model 'polygon' loaded for trajectory optimization.
[INFO] [1783858423.699083360, 386.482000000]: GOAL Reached!
[INFO] [1783858423.790457472, 386.574000000]: Footprint model 'polygon' loaded for trajectory optimization.
[INFO] [1783858424.659850756, 387.442000000]: Footprint model 'polygon' loaded for trajectory optimization.
[INFO] [1783858425.201836973, 387.984000000]: Footprint model '[WARN] [1783858451.116494813, 413.854000000]: TebLocalPlannerROS: possible oscillation (of the robot or its local plan) detected. Activating recovery strategy (prefer current turning direction during optimization).
polygon' loaded for trajectory optimization.
[INFO] [1783858425.805945533, 388.586000000]: Footprint model 'polygon' loaded for trajectory optimization.
[INFO] [1783858426.405188318, 389.184000000]: Footprint model 'polygon' loaded for trajectory optimization.
[INFO] [1783858427.007457061, 389.784000000]: Footprint model 'polygon' loaded for trajectory optimization.
[INFO] [1783858427.651226439, 390.430000000]: Footprint model 'polygon' loaded for trajectory optimization.
[INFO] [1783858428.210127643, 390.986000000]: Footprint model 'polygon' loaded for trajectory optimization.
[INFO] [1783858428.803939005, 391.578000000]: Footprint model 'polygon' loaded for trajectory optimization.
[INFO] [1783858429.452927174, 392.228000000]: Footprint model 'polygon' loaded for trajectory optimization.
[INFO] [1783858431.195653297, 393.968000000]: GOAL Reached!
[INFO] [1783858431.293198319, 394.066000000]: Footprint model 'polygon' loaded for trajectory optimization.
[INFO] [1783858432.172121511, 394.942000000]: Footprint model 'polygon' loaded for trajectory optimization.
[INFO] [1783858432.723379928, 395.490000000]: Footprint model 'polygon' loaded for trajectory optimization.
[INFO] [1783858433.321425612, 396.088000000]: Footprint model 'polygon' loaded for trajectory optimization.
[INFO] [1783858433.917472509, 396.684000000]: Footprint model 'polygon' loaded for trajectory optimization.
[INFO] [1783858434.567041402, 397.332000000]: Footprint model 'polygon' loaded for trajectory optimization.
[INFO] [1783858435.118568354, 397.882000000]: Footprint model 'polygon' loaded for trajectory optimization.
[INFO] [1783858435.763694067, 398.526000000]: Footprint model 'polygon' loaded for trajectory optimization.
[INFO] [1783858436.320450386, 399.080000000]: Footprint model 'polygon' loaded for trajectory optimization.
[INFO] [1783858436.922098615, 399.682000000]: Footprint model 'polygon' loaded for trajectory optimization.
[INFO] [1783858437.519322473, 400.280000000]: Footprint model 'polygon' loaded for trajectory optimization.
[INFO] [1783858439.012015303, 401.768000000]: GOAL Reached!
[INFO] [1783858439.103055428, 401.860000000]: Footprint model 'polygon' loaded for trajectory optimization.
[INFO] [1783858439.989633896, 402.744000000]: Footprint model 'polygon' loaded for trajectory optimization.
[INFO] [1783858440.622946620, 403.378000000]: Footprint model 'polygon' loaded for trajectory optimization.
[INFO] [1783858441.224605470, 403.976000000]: Footprint model 'polygon' loaded for trajectory optimization.
[INFO] [1783858441.824100331, 404.576000000]: Footprint model 'polygon' loaded for trajectory optimization.
[INFO] [1783858442.474364546, 405.224000000]: Footprint model 'polygon' loaded for trajectory optimization.
[INFO] [1783858443.072086077, 405.824000000]: Footprint model 'polygon' loaded for trajectory optimization.
[INFO] [1783858443.672938318, 406.422000000]: Footprint model 'polygon' loaded for trajectory optimization.
[INFO] [1783858447.282440239, 410.026000000]: Footprint model 'polygon' loaded for trajectory optimization.
[INFO] [1783858447.882388180, 410.622000000]: Footprint model 'polygon' loaded for trajectory optimization.
[INFO] [1783858448.477226014, 411.220000000]: Footprint model 'polygon' loaded for trajectory optimization.
[INFO] [1783858449.035252117, 411.776000000]: Footprint model 'polygon' loaded for trajectory optimization.
[INFO] [1783858449.685894430, 412.424000000]: Footprint model 'polygon' loaded for trajectory optimization.
[INFO] [1783858453.288895725, 416.024000000]: Footprint model 'polygon' loaded for trajectory optimization.
[INFO] [1783858453.902034469, 416.634000000]: Footprint model 'polygon' loaded for trajectory optimization.
[INFO] [1783858454.487252731, 417.220000000]: Footprint model 'polygon' loaded for trajectory optimization.
[INFO] [1783858455.102188317, 417.834000000]: Footprint model 'polygon' loaded for trajectory optimization.
[INFO] [1783858455.653301100, 418.382000000]: Footprint model 'polygon' loaded for trajectory optimization.
[INFO] [1783858456.308374290, 419.036000000[WARN] [1783858466.442870311, 429.154000000]: TebLocalPlannerROS: possible oscillation (of the robot or its local plan) detected. Activating recovery strategy (prefer current turning direction during optimization).
]: Footprint model 'polygon' loaded for trajectory optimization.
[INFO] [1783858456.898859542, 419.626000000]: Footprint model 'polygon' loaded for trajectory optimization.
[INFO] [1783858457.503963213, 420.230000000]: Footprint model 'polygon' loaded for trajectory optimization.
[INFO] [1783858458.058024836, 420.782000000]: Footprint model 'polygon' loaded for trajectory optimization.
[INFO] [1783858458.714523561, 421.440000000]: Footprint model 'polygon' loaded for trajectory optimization.
[INFO] [1783858459.308987808, 422.034000000]: Footprint model 'polygon' loaded for trajectory optimization.
[INFO] [1783858459.902766209, 422.626000000]: Footprint model 'polygon' loaded for trajectory optimization.
[INFO] [1783858460.457591324, 423.178000000]: Footprint model 'polygon' loaded for trajectory optimization.
[INFO] [1783858461.057166226, 423.780000000]: Footprint model 'polygon' loaded for trajectory optimization.
[INFO] [1783858461.661717376, 424.382000000]: Footprint model 'polygon' loaded for trajectory optimization.
[INFO] [1783858462.035221413, 424.754000000]: TebLocalPlannerROS: oscillation recovery disabled/expired.
[INFO] [1783858462.308353981, 425.026000000]: Footprint model 'polygon' loaded for trajectory optimization.
[INFO] [1783858462.902188849, 425.622000000]: Footprint model 'polygon' loaded for trajectory optimization.
[INFO] [1783858463.506231438, 426.224000000]: Footprint model 'polygon' loaded for trajectory optimization.
[INFO] [1783858464.060435164, 426.776000000]: Footprint model 'polygon' loaded for trajectory optimization.
[INFO] [1783858464.659174540, 427.374000000]: Footprint model 'polygon' loaded for trajectory optimization.
[INFO] [1783858465.262003628, 427.974000000]: Footprint model 'polygon' loaded for trajectory optimization.
[INFO] [1783858465.924168910, 428.636000000]: Footprint model 'polygon' loaded for trajectory optimization.
[INFO] [1783858466.462059128, 429.174000000]: Footprint model 'polygon' loaded for trajectory optimization.
[INFO] [1783858467.060652919, 429.770000000]: Footprint model 'polygon' loaded for trajectory optimization.
[INFO] [1783858470.719958570, 433.426000000]: Footprint model 'polygon' loaded for trajectory optimization.
[INFO] [1783858471.324491991, 434.028000000]: Footprint model 'polygon' loaded for trajectory optimization.
[INFO] [1783858471.862373653, 434.568000000]: Footprint model 'polygon' loaded for trajectory optimization.
[INFO] [1783858472.471644963, 435.174000000]: Footprint model 'polygon' loaded for trajectory optimization.
[INFO] [1783858473.122232888, 435.822000000]: Footprint model 'polygon' loaded for trajectory optimization.
[INFO] [1783858473.720283993, 436.420000000]: Footprint model 'polygon' loaded for trajectory optimization.
[INFO] [1783858474.276018339, 436.974000000]: Footprint model 'polygon' loaded for trajectory optimization.
[INFO] [1783858477.887169225, 440.582000000]: Footprint model 'polygon' loaded for trajectory optimization.
[INFO] [1783858478.545128972, 441.238000000]: Footprint model 'polygon' loaded for trajectory optimization.
[INFO] [1783858479.086401592, 441.778000000]: Footprint model 'polygon' loaded for trajectory optimization.
[INFO] [1783858479.746348662, 442.436000000]: Footprint model 'polygon' loaded for trajectory optimization.
[INFO] [1783858480.341769856, 443.030000000]: Footprint model 'polygon' loaded for trajectory optimization.
[INFO] [1783858480.952378779, 443.638000000]: Footprint model 'polygon' loaded for trajectory optimization.
[INFO] [1783858481.548339783, 444.236000000]: Footprint model 'polygon' loaded for trajectory optimization.
[INFO] [1783858482.102588790, 444.786000000]: Footprint model 'polygon' loaded for trajectory optimization.
[INFO] [1783858482.745656271, 445.430000000]: Footprint model 'polygon' loaded for trajectory optimization.
[INFO] [1783858483.342939985, 446.026000000]: Footprint model 'polygon' loaded for trajectory optimization.
[INFO] [1783858483.945035425, 446.630000000]: Footprint model 'polygon' loaded for trajectory optimization.
[INFO] [1783858484.544535977, 447.2260[WARN] [1783858491.951706444, 454.620000000]: TebLocalPlannerROS: possible oscillation (of the robot or its local plan) detected. Activating recovery strategy (prefer current turning direction during optimization).
00000]: Footprint model 'polygon' loaded for trajectory optimization.
[INFO] [1783858485.151277886, 447.834000000]: Footprint model 'polygon' loaded for trajectory optimization.
[INFO] [1783858485.744326599, 448.424000000]: Footprint model 'polygon' loaded for trajectory optimization.
[INFO] [1783858485.974828944, 448.654000000]: TebLocalPlannerROS: oscillation recovery disabled/expired.
[INFO] [1783858486.303634420, 448.982000000]: Footprint model 'polygon' loaded for trajectory optimization.
[INFO] [1783858486.899378471, 449.578000000]: Footprint model 'polygon' loaded for trajectory optimization.
[INFO] [1783858487.550600154, 450.228000000]: Footprint model 'polygon' loaded for trajectory optimization.
[INFO] [1783858488.233434928, 450.910000000]: Footprint model 'polygon' loaded for trajectory optimization.
[INFO] [1783858489.110164270, 451.784000000]: Footprint model 'polygon' loaded for trajectory optimization.
[INFO] [1783858489.718234977, 452.390000000]: Footprint model 'polygon' loaded for trajectory optimization.
[INFO] [1783858490.309222233, 452.982000000]: Footprint model 'polygon' loaded for trajectory optimization.
[INFO] [1783858490.915332868, 453.586000000]: Footprint model 'polygon' loaded for trajectory optimization.
[INFO] [1783858491.514859124, 454.184000000]: Footprint model 'polygon' loaded for trajectory optimization.
[INFO] [1783858492.114047180, 454.782000000]: Footprint model 'polygon' loaded for trajectory optimization.
[INFO] [1783858492.664742072, 455.332000000]: Footprint model 'polygon' loaded for trajectory optimization.
[INFO] [1783858493.317376444, 455.984000000]: Footprint model 'polygon' loaded for trajectory optimization.
[INFO] [1783858495.358278766, 458.020000000]: GOAL Reached!
[INFO] [1783858495.444991478, 458.106000000]: Footprint model 'polygon' loaded for trajectory optimization.
[INFO] [1783858496.321740857, 458.982000000]: Footprint model 'polygon' loaded for trajectory optimization.
[INFO] [1783858496.872974779, 459.532000000]: Footprint model 'polygon' loaded for trajectory optimization.
[INFO] [1783858497.474271653, 460.132000000]: Footprint model 'polygon' loaded for trajectory optimization.
[INFO] [1783858498.125431613, 460.782000000]: Footprint model 'polygon' loaded for trajectory optimization.
[INFO] [1783858498.671810769, 461.332000000]: Footprint model 'polygon' loaded for trajectory optimization.
[INFO] [1783858499.323684916, 461.980000000]: Footprint model 'polygon' loaded for trajectory optimization.
[INFO] [1783858499.873210062, 462.530000000]: Footprint model 'polygon' loaded for trajectory optimization.
[INFO] [1783858500.477098077, 463.130000000]: Footprint model 'polygon' loaded for trajectory optimization.
[INFO] [1783858501.076818961, 463.728000000]: Footprint model 'polygon' loaded for trajectory optimization.
[INFO] [1783858501.676302391, 464.328000000]: Footprint model 'polygon' loaded for trajectory optimization.
[INFO] [1783858502.966369933, 465.616000000]: TebLocalPlannerROS: oscillation recovery disabled/expired.
[INFO] [1783858503.168048324, 465.816000000]: GOAL Reached!
[INFO] [1783858503.262227614, 465.912000000]: Footprint model 'polygon' loaded for trajectory optimization.
[INFO] [1783858504.155453583, 466.804000000]: Footprint model 'polygon' loaded for trajectory optimization.
[INFO] [1783858504.694056878, 467.344000000]: Footprint model 'polygon' loaded for trajectory optimization.
[INFO] [1783858505.295846625, 467.942000000]: Footprint model 'polygon' loaded for trajectory optimization.
[INFO] [1783858505.943226457, 468.588000000]: Footprint model 'polygon' loaded for trajectory optimization.
[INFO] [1783858506.488666238, 469.132000000]: Footprint model 'polygon' loaded for trajectory optimization.
[INFO] [1783858507.090970875, 469.734000000]: Footprint model 'polygon' loaded for trajectory optimization.
[INFO] [1783858507.696046098, 470.338000000]: Footprint model 'polygon' loaded for trajectory optimization.
[INFO] [1783858511.347620321, 473.988000000]: Footprint model 'polygon' loaded for trajectory optimization.
[INFO] [1783858511.94822[WARN] [1783858518.892799572, 481.516000000]: TebLocalPlannerROS: possible oscillation (of the robot or its local plan) detected. Activating recovery strategy (prefer current turning direction during optimization).
5607, 474.586000000]: Footprint model 'polygon' loaded for trajectory optimization.
[INFO] [1783858512.547362468, 475.182000000]: Footprint model 'polygon' loaded for trajectory optimization.
[INFO] [1783858513.155340381, 475.790000000]: Footprint model 'polygon' loaded for trajectory optimization.
[INFO] [1783858513.703500157, 476.336000000]: Footprint model 'polygon' loaded for trajectory optimization.
[INFO] [1783858514.302355627, 476.932000000]: Footprint model 'polygon' loaded for trajectory optimization.
[INFO] [1783858514.904184810, 477.534000000]: Footprint model 'polygon' loaded for trajectory optimization.
[INFO] [1783858515.506378345, 478.136000000]: Footprint model 'polygon' loaded for trajectory optimization.
[INFO] [1783858516.157614657, 478.786000000]: Footprint model 'polygon' loaded for trajectory optimization.
[INFO] [1783858516.756919982, 479.384000000]: Footprint model 'polygon' loaded for trajectory optimization.
[INFO] [1783858517.353287648, 479.980000000]: Footprint model 'polygon' loaded for trajectory optimization.
[INFO] [1783858517.959404395, 480.586000000]: Footprint model 'polygon' loaded for trajectory optimization.
[INFO] [1783858518.512034531, 481.136000000]: Footprint model 'polygon' loaded for trajectory optimization.
[INFO] [1783858519.111532547, 481.734000000]: Footprint model 'polygon' loaded for trajectory optimization.
[INFO] [1783858519.758778574, 482.384000000]: Footprint model 'polygon' loaded for trajectory optimization.
[INFO] [1783858520.362281875, 482.986000000]: Footprint model 'polygon' loaded for trajectory optimization.
[INFO] [1783858520.968968338, 483.590000000]: Footprint model 'polygon' loaded for trajectory optimization.
[INFO] [1783858521.509574796, 484.132000000]: Footprint model 'polygon' loaded for trajectory optimization.
[INFO] [1783858525.178502781, 487.792000000]: Footprint model 'polygon' loaded for trajectory optimization.
[INFO] [1783858525.782584870, 488.400000000]: Footprint model 'polygon' loaded for trajectory optimization.
[INFO] [1783858526.330488170, 488.944000000]: Footprint model 'polygon' loaded for trajectory optimization.
[INFO] [1783858526.987977987, 489.602000000]: Footprint model 'polygon' loaded for trajectory optimization.
[INFO] [1783858527.588312890, 490.198000000]: Footprint model 'polygon' loaded for trajectory optimization.
[INFO] [1783858528.140435653, 490.750000000]: Footprint model 'polygon' loaded for trajectory optimization.
[INFO] [1783858528.795120772, 491.406000000]: Footprint model 'polygon' loaded for trajectory optimization.
[INFO] [1783858529.337137134, 491.946000000]: Footprint model 'polygon' loaded for trajectory optimization.
[INFO] [1783858529.908098308, 492.516000000]: TebLocalPlannerROS: oscillation recovery disabled/expired.
[INFO] [1783858529.942697558, 492.550000000]: Footprint model 'polygon' loaded for trajectory optimization.
[INFO] [1783858530.597462483, 493.206000000]: Footprint model 'polygon' loaded for trajectory optimization.
[INFO] [1783858531.297486122, 493.904000000]: Footprint model 'polygon' loaded for trajectory optimization.
[INFO] [1783858531.837843633, 494.442000000]: Footprint model 'polygon' loaded for trajectory optimization.
[INFO] [1783858532.442041560, 495.044000000]: Footprint model 'polygon' loaded for trajectory optimization.
[INFO] [1783858533.037710311, 495.642000000]: Footprint model 'polygon' loaded for trajectory optimization.
[INFO] [1783858533.641845703, 496.244000000]: Footprint model 'polygon' loaded for trajectory optimization.
[INFO] [1783858534.284175208, 496.884000000]: Footprint model 'polygon' loaded for trajectory optimization.
[INFO] [1783858534.846078242, 497.442000000]: Footprint model 'polygon' loaded for trajectory optimization.
[INFO] [1783858535.490554135, 498.090000000]: Footprint model 'polygon' loaded for trajectory optimization.
[INFO] [1783858536.082683629, 498.682000000]: Footprint model 'polygon' loaded for trajectory optimization.
[INFO] [1783858536.642825739, 499.242000000]: Footprint model 'polygon' loaded for trajectory optimization.
[INFO] [1783858537.[WARN] [1783858539.922395470, 502.516000000]: TebLocalPlannerROS: possible oscillation (of the robot or its local plan) detected. Activating recovery strategy (prefer current turning direction during optimization).
245219655, 499.842000000]: Footprint model 'polygon' loaded for trajectory optimization.
[INFO] [1783858537.849041373, 500.444000000]: Footprint model 'polygon' loaded for trajectory optimization.
[INFO] [1783858538.460480425, 501.056000000]: Footprint model 'polygon' loaded for trajectory optimization.
[INFO] [1783858539.048219064, 501.640000000]: Footprint model 'polygon' loaded for trajectory optimization.
[INFO] [1783858539.650605903, 502.244000000]: Footprint model 'polygon' loaded for trajectory optimization.
[INFO] [1783858540.252588496, 502.842000000]: Footprint model 'polygon' loaded for trajectory optimization.
[INFO] [1783858540.897224661, 503.488000000]: Footprint model 'polygon' loaded for trajectory optimization.
[INFO] [1783858541.491228314, 504.080000000]: Footprint model 'polygon' loaded for trajectory optimization.
[INFO] [1783858545.106500685, 507.692000000]: Footprint model 'polygon' loaded for trajectory optimization.
[INFO] [1783858545.703628990, 508.286000000]: Footprint model 'polygon' loaded for trajectory optimization.
[INFO] [1783858546.251057188, 508.834000000]: Footprint model 'polygon' loaded for trajectory optimization.
[INFO] [1783858546.855459071, 509.436000000]: Footprint model 'polygon' loaded for trajectory optimization.
[INFO] [1783858547.456408235, 510.036000000]: Footprint model 'polygon' loaded for trajectory optimization.
[INFO] [1783858548.108300874, 510.686000000]: Footprint model 'polygon' loaded for trajectory optimization.
[INFO] [1783858548.707974642, 511.286000000]: Footprint model 'polygon' loaded for trajectory optimization.
[INFO] [1783858549.376588852, 511.952000000]: Footprint model 'polygon' loaded for trajectory optimization.
[INFO] [1783858550.249478180, 512.824000000]: Footprint model 'polygon' loaded for trajectory optimization.
[INFO] [1783858550.805239322, 513.380000000]: Footprint model 'polygon' loaded for trajectory optimization.
[INFO] [1783858550.887773909, 513.462000000]: TebLocalPlannerROS: oscillation recovery disabled/expired.
[INFO] [1783858551.401843383, 513.978000000]: Footprint model 'polygon' loaded for trajectory optimization.
[INFO] [1783858552.053871174, 514.624000000]: Footprint model 'polygon' loaded for trajectory optimization.
[INFO] [1783858552.654072968, 515.226000000]: Footprint model 'polygon' loaded for trajectory optimization.
[INFO] [1783858553.253776501, 515.824000000]: Footprint model 'polygon' loaded for trajectory optimization.
[INFO] [1783858553.853438281, 516.424000000]: Footprint model 'polygon' loaded for trajectory optimization.
[INFO] [1783858554.403458223, 516.972000000]: Footprint model 'polygon' loaded for trajectory optimization.
[INFO] [1783858556.096809253, 518.662000000]: GOAL Reached!
[INFO] [1783858556.179336733, 518.744000000]: Footprint model 'polygon' loaded for trajectory optimization.
[INFO] [1783858557.034799827, 519.598000000]: Footprint model 'polygon' loaded for trajectory optimization.
[INFO] [1783858557.589693451, 520.154000000]: Footprint model 'polygon' loaded for trajectory optimization.
[INFO] [1783858558.238784028, 520.800000000]: Footprint model 'polygon' loaded for trajectory optimization.
[INFO] [1783858558.838220903, 521.398000000]: Footprint model 'polygon' loaded for trajectory optimization.
[INFO] [1783858559.437823644, 522.000000000]: Footprint model 'polygon' loaded for trajectory optimization.
[INFO] [1783858560.040032720, 522.600000000]: Footprint model 'polygon' loaded for trajectory optimization.
[INFO] [1783858560.641222137, 523.198000000]: Footprint model 'polygon' loaded for trajectory optimization.
[INFO] [1783858561.186628985, 523.744000000]: Footprint model 'polygon' loaded for trajectory optimization.
[INFO] [1783858561.837713914, 524.396000000]: Footprint model 'polygon' loaded for trajectory optimization.
[INFO] [1783858563.281939388, 525.836000000]: GOAL Reached!
[INFO] [1783858563.388298025, 525.942000000]: Footprint model 'polygon' loaded for trajectory optimization.
[INFO] [1783858564.270178210, 526.820000000]: Footprint model 'polygon' loaded for trajectory optimization.
[I[WARN] [1783858570.098359582, 532.640000000]: TebLocalPlannerROS: possible oscillation (of the robot or its local plan) detected. Activating recovery strategy (prefer current turning direction during optimization).
[WARN] [1783858587.427800429, 549.940000000]: TebLocalPlannerROS: possible oscillation (of the robot or its local plan) detected. Activating recovery strategy (prefer current turning direction during optimization).
NFO] [1783858564.812294493, 527.364000000]: Footprint model 'polygon' loaded for trajectory optimization.
[INFO] [1783858565.422918926, 527.974000000]: Footprint model 'polygon' loaded for trajectory optimization.
[INFO] [1783858566.023816025, 528.572000000]: Footprint model 'polygon' loaded for trajectory optimization.
[INFO] [1783858566.619898995, 529.168000000]: Footprint model 'polygon' loaded for trajectory optimization.
[INFO] [1783858567.225216224, 529.772000000]: Footprint model 'polygon' loaded for trajectory optimization.
[INFO] [1783858567.825840446, 530.370000000]: Footprint model 'polygon' loaded for trajectory optimization.
[INFO] [1783858568.429469931, 530.974000000]: Footprint model 'polygon' loaded for trajectory optimization.
[INFO] [1783858569.024089068, 531.568000000]: Footprint model 'polygon' loaded for trajectory optimization.
[INFO] [1783858569.675713065, 532.218000000]: Footprint model 'polygon' loaded for trajectory optimization.
[INFO] [1783858570.223320945, 532.764000000]: Footprint model 'polygon' loaded for trajectory optimization.
[INFO] [1783858570.826187104, 533.366000000]: Footprint model 'polygon' loaded for trajectory optimization.
[INFO] [1783858571.422979285, 533.964000000]: Footprint model 'polygon' loaded for trajectory optimization.
[INFO] [1783858572.028883569, 534.568000000]: Footprint model 'polygon' loaded for trajectory optimization.
[INFO] [1783858572.688235735, 535.226000000]: Footprint model 'polygon' loaded for trajectory optimization.
[INFO] [1783858573.277996710, 535.814000000]: Footprint model 'polygon' loaded for trajectory optimization.
[INFO] [1783858573.884923935, 536.422000000]: Footprint model 'polygon' loaded for trajectory optimization.
[INFO] [1783858574.474367093, 537.008000000]: Footprint model 'polygon' loaded for trajectory optimization.
[INFO] [1783858575.087716691, 537.620000000]: Footprint model 'polygon' loaded for trajectory optimization.
[INFO] [1783858575.627730725, 538.162000000]: Footprint model 'polygon' loaded for trajectory optimization.
[INFO] [1783858576.291005462, 538.824000000]: Footprint model 'polygon' loaded for trajectory optimization.
[INFO] [1783858579.884505972, 542.410000000]: Footprint model 'polygon' loaded for trajectory optimization.
[INFO] [1783858580.486665928, 543.010000000]: Footprint model 'polygon' loaded for trajectory optimization.
[INFO] [1783858581.035428270, 543.558000000]: Footprint model 'polygon' loaded for trajectory optimization.
[INFO] [1783858581.689378425, 544.212000000]: Footprint model 'polygon' loaded for trajectory optimization.
[INFO] [1783858582.246385795, 544.768000000]: Footprint model 'polygon' loaded for trajectory optimization.
[INFO] [1783858582.887509594, 545.410000000]: Footprint model 'polygon' loaded for trajectory optimization.
[INFO] [1783858583.494272380, 546.016000000]: Footprint model 'polygon' loaded for trajectory optimization.
[INFO] [1783858584.042788789, 546.562000000]: Footprint model 'polygon' loaded for trajectory optimization.
[INFO] [1783858584.521384821, 547.040000000]: TebLocalPlannerROS: oscillation recovery disabled/expired.
[INFO] [1783858584.643986173, 547.164000000]: Footprint model 'polygon' loaded for trajectory optimization.
[INFO] [1783858585.245352087, 547.762000000]: Footprint model 'polygon' loaded for trajectory optimization.
[INFO] [1783858585.847149826, 548.364000000]: Footprint model 'polygon' loaded for trajectory optimization.
[INFO] [1783858586.493385282, 549.010000000]: Footprint model 'polygon' loaded for trajectory optimization.
[INFO] [1783858587.048690828, 549.562000000]: Footprint model 'polygon' loaded for trajectory optimization.
[INFO] [1783858587.699626329, 550.212000000]: Footprint model 'polygon' loaded for trajectory optimization.
[INFO] [1783858588.249201984, 550.760000000]: Footprint model 'polygon' loaded for trajectory optimization.
[INFO] [1783858588.901823738, 551.410000000]: Footprint model 'polygon' loaded for trajectory optimization.
[INFO] [1783858589.502540941, 552.010000000]: Footprint model 'polygon' loaded for trajectory optimizatio[ERROR] [1783858590.632213387, 553.140000000]: Aborting because the robot appears to be oscillating over and over. Even after executing all recovery behaviors
[WARN] [1783858590.878234026, 553.382000000]: The origin for the sensor at (7.41, -0.00) is out of map bounds. So, the costmap cannot raytrace for it.
[WARN] [1783858619.426888051, 581.884000000]: TebLocalPlannerROS: possible oscillation (of the robot or its local plan) detected. Activating recovery strategy (prefer current turning direction during optimization).
n.
[INFO] [1783858590.103616547, 552.612000000]: Footprint model 'polygon' loaded for trajectory optimization.
[INFO] [1783858590.792839347, 553.300000000]: Footprint model 'polygon' loaded for trajectory optimization.
[INFO] [1783858591.661022878, 554.164000000]: Footprint model 'polygon' loaded for trajectory optimization.
[INFO] [1783858592.249918793, 554.754000000]: Footprint model 'polygon' loaded for trajectory optimization.
[INFO] [1783858592.855760851, 555.356000000]: Footprint model 'polygon' loaded for trajectory optimization.
[INFO] [1783858593.406052789, 555.908000000]: Footprint model 'polygon' loaded for trajectory optimization.
[INFO] [1783858594.054591156, 556.552000000]: Footprint model 'polygon' loaded for trajectory optimization.
[INFO] [1783858594.654265770, 557.152000000]: Footprint model 'polygon' loaded for trajectory optimization.
[INFO] [1783858595.257902799, 557.756000000]: Footprint model 'polygon' loaded for trajectory optimization.
[INFO] [1783858595.858502044, 558.354000000]: Footprint model 'polygon' loaded for trajectory optimization.
[INFO] [1783858597.395537475, 559.892000000]: GOAL Reached!
[INFO] [1783858597.493423826, 559.990000000]: Footprint model 'polygon' loaded for trajectory optimization.
[INFO] [1783858598.349631567, 560.842000000]: Footprint model 'polygon' loaded for trajectory optimization.
[INFO] [1783858598.905993820, 561.396000000]: Footprint model 'polygon' loaded for trajectory optimization.
[INFO] [1783858599.557058624, 562.046000000]: Footprint model 'polygon' loaded for trajectory optimization.
[INFO] [1783858600.104244643, 562.594000000]: Footprint model 'polygon' loaded for trajectory optimization.
[INFO] [1783858600.707291245, 563.196000000]: Footprint model 'polygon' loaded for trajectory optimization.
[INFO] [1783858601.310119984, 563.796000000]: Footprint model 'polygon' loaded for trajectory optimization.
[INFO] [1783858601.911539851, 564.398000000]: Footprint model 'polygon' loaded for trajectory optimization.
[INFO] [1783858602.556870193, 565.044000000]: Footprint model 'polygon' loaded for trajectory optimization.
[INFO] [1783858602.895514481, 565.380000000]: TebLocalPlannerROS: oscillation recovery disabled/expired.
[INFO] [1783858603.159439097, 565.642000000]: Footprint model 'polygon' loaded for trajectory optimization.
[INFO] [1783858603.710872453, 566.196000000]: Footprint model 'polygon' loaded for trajectory optimization.
[INFO] [1783858604.359215570, 566.842000000]: Footprint model 'polygon' loaded for trajectory optimization.
[INFO] [1783858604.911334958, 567.392000000]: Footprint model 'polygon' loaded for trajectory optimization.
[INFO] [1783858606.597906071, 569.080000000]: GOAL Reached!
[INFO] [1783858606.695752820, 569.176000000]: Footprint model 'polygon' loaded for trajectory optimization.
[INFO] [1783858607.664212846, 570.142000000]: Footprint model 'polygon' loaded for trajectory optimization.
[INFO] [1783858608.231365472, 570.706000000]: Footprint model 'polygon' loaded for trajectory optimization.
[INFO] [1783858608.875865266, 571.350000000]: Footprint model 'polygon' loaded for trajectory optimization.
[INFO] [1783858609.482427185, 571.954000000]: Footprint model 'polygon' loaded for trajectory optimization.
[INFO] [1783858610.029503435, 572.502000000]: Footprint model 'polygon' loaded for trajectory optimization.
[INFO] [1783858610.676577271, 573.148000000]: Footprint model 'polygon' loaded for trajectory optimization.
[INFO] [1783858611.226998719, 573.698000000]: Footprint model 'polygon' loaded for trajectory optimization.
[INFO] [1783858614.838510727, 577.302000000]: Footprint model 'polygon' loaded for trajectory optimization.
[INFO] [1783858618.487824548, 580.946000000]: Footprint model 'polygon' loaded for trajectory optimization.
[INFO] [1783858620.027679053, 582.484000000]: GOAL Reached!
[INFO] [1783858620.131933798, 582.588000000]: Footprint model 'polygon' loaded for trajectory optimization.
[INFO] [1783858621.007537322, 583.462000000]: Footprint model 'polygon' loaded for trajectory optimization.
[INFO] [1783858621.562874930, 584.018000000]: Footprint model 'polygon' loaded for trajectory optimization.
[INFO] [1783858622.165116303, 584.616000000]: Footprint model 'polygon' loaded for trajectory optimization.
[INFO] [1783858622.764260811, 585.214000000]: Footprint model 'polygon' loaded for trajectory optimization.
[INFO] [1783858623.370089529, 585.820000000]: Footprint model 'polygon' loaded for trajectory optimization.
[INFO] [1783858623.965483058, 586.414000000]: Footprint model 'polygon' loaded for trajectory optimization.
[INFO] [1783858624.611171698, 587.060000000]: Footprint model 'polygon' loaded for trajectory optimization.
[INFO] [1783858625.217048272, 587.664000000]: Footprint model 'polygon' loaded for trajectory optimization.
[INFO] [1783858626.857690186, 589.300000000]: GOAL Reached!
[INFO] [1783858626.941478034, 589.384000000]: Footprint model 'polygon' loaded for trajectory optimization.
[INFO] [1783858627.802632859, 590.242000000]: Footprint model 'polygon' loaded for trajectory optimization.
[INFO] [1783858628.400990163, 590.842000000]: Footprint model 'polygon' loaded for trajectory optimization.
[INFO] [1783858628.999109601, 591.440000000]: Footprint model 'polygon' loaded for trajectory optimization.
[INFO] [1783858629.556933818, 591.996000000]: Footprint model 'polygon' loaded for trajectory optimization.
[INFO] [1783858630.158128607, 592.594000000]: Footprint model 'polygon' loaded for trajectory optimization.
[INFO] [1783858630.757858629, 593.194000000]: Footprint model 'polygon' loaded for trajectory optimization.
[INFO] [1783858631.357918884, 593.792000000]: Footprint model 'polygon' loaded for trajectory optimization.
[INFO] [1783858631.955579354, 594.390000000]: Footprint model 'polygon' loaded for trajectory optimization.
[INFO] [1783858632.607448014, 595.042000000]: Footprint model 'polygon' loaded for trajectory optimization.
[INFO] [1783858633.158663426, 595.590000000]: Footprint model 'polygon' loaded for trajectory optimization.
[INFO] [1783858633.807216291, 596.240000000]: Footprint model 'polygon' loaded for trajectory optimization.
[INFO] [1783858634.148037281, 596.578000000]: TebLocalPlannerROS: oscillation recovery disabled/expired.
[INFO] [1783858635.546421795, 597.978000000]: GOAL Reached!
[INFO] [1783858635.642710794, 598.072000000]: Footprint model 'polygon' loaded for trajectory optimization.
[INFO] [1783858636.534935132, 598.962000000]: Footprint model 'polygon' loaded for trajectory optimization.
[INFO] [1783858637.131734292, 599.560000000]: Footprint model 'polygon' loaded for trajectory optimization.
[INFO] [1783858637.681266887, 600.108000000]: Footprint model 'polygon' loaded for trajectory optimization.
[INFO] [1783858638.333365611, 600.758000000]: Footprint model 'polygon' loaded for trajectory optimization.
[INFO] [1783858638.880578167, 601.302000000]: Footprint model 'polygon' loaded for trajectory optimization.
[INFO] [1783858639.484689752, 601.906000000]: Footprint model 'polygon' loaded for trajectory optimization.
[INFO] [1783858640.078507291, 602.502000000]: Footprint model 'polygon' loaded for trajectory optimization.
[INFO] [1783858641.769605198, 604.186000000]: GOAL Reached!
[INFO] [1783858641.867450679, 604.284000000]: Footprint model 'polygon' loaded for trajectory optimization.
[INFO] [1783858642.725663303, 605.144000000]: Footprint model 'polygon' loaded for trajectory optimization.
[INFO] [1783858643.281574439, 605.700000000]: Footprint model 'polygon' loaded for trajectory optimization.
[INFO] [1783858643.883400083, 606.298000000]: Footprint model 'polygon' loaded for trajectory optimization.
[INFO] [1783858644.484378770, 606.896000000]: Footprint model 'polygon' loaded for trajectory optimization.
[INFO] [1783858645.082136535, 607.496000000]: Footprint model 'polygon' loaded for trajectory optimization.
[INFO] [1783858645.686124875, 608.098000000]: Footprint model 'polygon' loaded for trajectory optimization.
[INFO] [1783858646.285540152, 608.696000000]: Footprint model 'polygon' loaded for trajectory optimization.
[INFO] [1783858646.936111906, 609.344000000]: Footprint mod[WARN] [1783858668.275071979, 630.648000000]: TebLocalPlannerROS: possible oscillation (of the robot or its local plan) detected. Activating recovery strategy (prefer current turning direction during optimization).
el 'polygon' loaded for trajectory optimization.
[INFO] [1783858648.475552321, 610.882000000]: GOAL Reached!
[INFO] [1783858648.566381558, 610.972000000]: Footprint model 'polygon' loaded for trajectory optimization.
[INFO] [1783858649.436051544, 611.842000000]: Footprint model 'polygon' loaded for trajectory optimization.
[INFO] [1783858649.974824203, 612.380000000]: Footprint model 'polygon' loaded for trajectory optimization.
[INFO] [1783858650.625601806, 613.028000000]: Footprint model 'polygon' loaded for trajectory optimization.
[INFO] [1783858651.176594505, 613.578000000]: Footprint model 'polygon' loaded for trajectory optimization.
[INFO] [1783858651.777655811, 614.182000000]: Footprint model 'polygon' loaded for trajectory optimization.
[INFO] [1783858652.378963524, 614.780000000]: Footprint model 'polygon' loaded for trajectory optimization.
[INFO] [1783858652.976297947, 615.376000000]: Footprint model 'polygon' loaded for trajectory optimization.
[INFO] [1783858653.575220181, 615.974000000]: Footprint model 'polygon' loaded for trajectory optimization.
[INFO] [1783858654.229091077, 616.626000000]: Footprint model 'polygon' loaded for trajectory optimization.
[INFO] [1783858656.168675360, 618.564000000]: GOAL Reached!
[INFO] [1783858656.255201410, 618.650000000]: Footprint model 'polygon' loaded for trajectory optimization.
[INFO] [1783858657.132598984, 619.524000000]: Footprint model 'polygon' loaded for trajectory optimization.
[INFO] [1783858657.722529601, 620.114000000]: Footprint model 'polygon' loaded for trajectory optimization.
[INFO] [1783858658.332320531, 620.722000000]: Footprint model 'polygon' loaded for trajectory optimization.
[INFO] [1783858658.875954107, 621.266000000]: Footprint model 'polygon' loaded for trajectory optimization.
[INFO] [1783858659.477821204, 621.864000000]: Footprint model 'polygon' loaded for trajectory optimization.
[INFO] [1783858660.131248206, 622.518000000]: Footprint model 'polygon' loaded for trajectory optimization.
[INFO] [1783858660.730647013, 623.114000000]: Footprint model 'polygon' loaded for trajectory optimization.
[INFO] [1783858664.292562770, 626.672000000]: Footprint model 'polygon' loaded for trajectory optimization.
[INFO] [1783858664.887910769, 627.266000000]: Footprint model 'polygon' loaded for trajectory optimization.
[INFO] [1783858665.489487288, 627.866000000]: Footprint model 'polygon' loaded for trajectory optimization.
[INFO] [1783858666.138951688, 628.516000000]: Footprint model 'polygon' loaded for trajectory optimization.
[INFO] [1783858666.741288505, 629.116000000]: Footprint model 'polygon' loaded for trajectory optimization.
[INFO] [1783858670.307144694, 632.676000000]: Footprint model 'polygon' loaded for trajectory optimization.
[INFO] [1783858670.909047357, 633.278000000]: Footprint model 'polygon' loaded for trajectory optimization.
[INFO] [1783858671.562482110, 633.928000000]: Footprint model 'polygon' loaded for trajectory optimization.
[INFO] [1783858672.159747795, 634.524000000]: Footprint model 'polygon' loaded for trajectory optimization.
[INFO] [1783858672.766084489, 635.130000000]: Footprint model 'polygon' loaded for trajectory optimization.
[INFO] [1783858673.357630028, 635.720000000]: Footprint model 'polygon' loaded for trajectory optimization.
[INFO] [1783858673.908235674, 636.270000000]: Footprint model 'polygon' loaded for trajectory optimization.
[INFO] [1783858674.518515847, 636.880000000]: Footprint model 'polygon' loaded for trajectory optimization.
[INFO] [1783858675.170104246, 637.530000000]: Footprint model 'polygon' loaded for trajectory optimization.
[INFO] [1783858675.763735453, 638.122000000]: Footprint model 'polygon' loaded for trajectory optimization.
[INFO] [1783858676.316662260, 638.676000000]: Footprint model 'polygon' loaded for trajectory optimization.
[INFO] [1783858676.965279898, 639.324000000]: Footprint model 'polygon' loaded for trajectory optimization.
[INFO] [1783858677.556600935, 639.916000000]: Footprint model 'polygon' loaded for trajectory optimization.
[INFO] [1783858678.124280777, 640.48000[WARN] [1783858683.600303015, 645.948000000]: TebLocalPlannerROS: possible oscillation (of the robot or its local plan) detected. Activating recovery strategy (prefer current turning direction during optimization).
0000]: Footprint model 'polygon' loaded for trajectory optimization.
[INFO] [1783858678.715221800, 641.072000000]: Footprint model 'polygon' loaded for trajectory optimization.
[INFO] [1783858679.193415363, 641.548000000]: TebLocalPlannerROS: oscillation recovery disabled/expired.
[INFO] [1783858679.318332907, 641.672000000]: Footprint model 'polygon' loaded for trajectory optimization.
[INFO] [1783858679.922362081, 642.274000000]: Footprint model 'polygon' loaded for trajectory optimization.
[INFO] [1783858680.521032789, 642.874000000]: Footprint model 'polygon' loaded for trajectory optimization.
[INFO] [1783858681.119725092, 643.470000000]: Footprint model 'polygon' loaded for trajectory optimization.
[INFO] [1783858681.772550650, 644.120000000]: Footprint model 'polygon' loaded for trajectory optimization.
[INFO] [1783858682.319579286, 644.670000000]: Footprint model 'polygon' loaded for trajectory optimization.
[INFO] [1783858682.914981073, 645.266000000]: Footprint model 'polygon' loaded for trajectory optimization.
[INFO] [1783858683.572109060, 645.920000000]: Footprint model 'polygon' loaded for trajectory optimization.
[INFO] [1783858684.168967809, 646.516000000]: Footprint model 'polygon' loaded for trajectory optimization.
[INFO] [1783858687.731274493, 650.072000000]: Footprint model 'polygon' loaded for trajectory optimization.
[INFO] [1783858688.378025382, 650.718000000]: Footprint model 'polygon' loaded for trajectory optimization.
[INFO] [1783858688.977971133, 651.316000000]: Footprint model 'polygon' loaded for trajectory optimization.
[INFO] [1783858689.527830606, 651.864000000]: Footprint model 'polygon' loaded for trajectory optimization.
[INFO] [1783858690.130240196, 652.466000000]: Footprint model 'polygon' loaded for trajectory optimization.
[INFO] [1783858690.783249802, 653.118000000]: Footprint model 'polygon' loaded for trajectory optimization.
[INFO] [1783858691.385476357, 653.720000000]: Footprint model 'polygon' loaded for trajectory optimization.
[INFO] [1783858694.943309157, 657.272000000]: Footprint model 'polygon' loaded for trajectory optimization.
[INFO] [1783858695.552953750, 657.880000000]: Footprint model 'polygon' loaded for trajectory optimization.
[INFO] [1783858696.204841402, 658.532000000]: Footprint model 'polygon' loaded for trajectory optimization.
[INFO] [1783858696.745431785, 659.070000000]: Footprint model 'polygon' loaded for trajectory optimization.
[INFO] [1783858697.409730416, 659.734000000]: Footprint model 'polygon' loaded for trajectory optimization.
[INFO] [1783858697.995640059, 660.320000000]: Footprint model 'polygon' loaded for trajectory optimization.
[INFO] [1783858698.609305978, 660.930000000]: Footprint model 'polygon' loaded for trajectory optimization.
[INFO] [1783858699.153383452, 661.474000000]: Footprint model 'polygon' loaded for trajectory optimization.
[INFO] [1783858699.808547757, 662.128000000]: Footprint model 'polygon' loaded for trajectory optimization.
[INFO] [1783858700.403554307, 662.724000000]: Footprint model 'polygon' loaded for trajectory optimization.
[INFO] [1783858701.002524823, 663.320000000]: Footprint model 'polygon' loaded for trajectory optimization.
[INFO] [1783858701.557510784, 663.876000000]: Footprint model 'polygon' loaded for trajectory optimization.
[INFO] [1783858702.212547099, 664.528000000]: Footprint model 'polygon' loaded for trajectory optimization.
[INFO] [1783858702.808056290, 665.122000000]: Footprint model 'polygon' loaded for trajectory optimization.
[INFO] [1783858703.133543792, 665.448000000]: TebLocalPlannerROS: oscillation recovery disabled/expired.
[INFO] [1783858703.354991590, 665.670000000]: Footprint model 'polygon' loaded for trajectory optimization.
[INFO] [1783858704.011086009, 666.326000000]: Footprint model 'polygon' loaded for trajectory optimization.
[INFO] [1783858704.551954212, 666.864000000]: Footprint model 'polygon' loaded for trajectory optimization.
[INFO] [1783858705.275345289, 667.588000000]: Footprint model 'polygon' loaded for trajectory optimization.
[INFO] [1783858706.295635223, 668.606[WARN] [1783858706.291331, 668.600000]: training environment stop requested: adapter_close
schema_version: '1.0'
task: T11
status: passed
run_id: t11_semantic_eta_no_safety_seed101
algorithm: RL-TEB-Eta-NoSafety
training_seed: 101
safety_mode: NoSafety
episode_count: 70
step_count: 780
failure_count: 6
run_validation:
  valid: true
  run_id: t11_semantic_eta_no_safety_seed101
  episode_count: 70
  step_count: 780
  verified_checksum_count: 4
selected_checkpoint: /home/robot/robot_ws_base_rl/artifacts/t11/runs/t11_semantic_eta_fullsafety_seed101/checkpoints/step_000300
passed: true
acceptance_override: false

[INFO] [1783858035.712856500]: Finished loading Gazebo ROS API Plugin.
[INFO] [1783858035.713636281]: waitForService: Service [/gazebo/set_physics_properties] has not been advertised, waiting...
[INFO] [1783858036.249229507]: waitForService: Service [/gazebo/set_physics_properties] is now available.
[INFO] [1783858036.280904961, 0.024000000]: Physics dynamic reconfigure ready.
[INFO] [1783858036.700891406, 0.374000000]: <initialOrientationAsReference> is unset, using default value of false to comply with REP 145 (world as orientation reference)
[INFO] [1783858036.700926267, 0.374000000]: <robotNamespace> set to: //
[INFO] [1783858036.700933328, 0.374000000]: <topicName> set to: imu/data
[INFO] [1783858036.700938281, 0.374000000]: <frameName> set to: imu_link
[INFO] [1783858036.700954421, 0.374000000]: <updateRateHZ> set to: 50
[INFO] [1783858036.700961484, 0.374000000]: <gaussianNoise> set to: 0
[INFO] [1783858036.700977674, 0.374000000]: <xyzOffset> set to: 0 0 0
[INFO] [1783858036.700998503, 0.374000000]: <rpyOffset> set to: 0 -0 0
[INFO] [1783858036.815144023, 0.374000000]: Laser Plugin: Using the 'robotNamespace' param: '/'
[INFO] [1783858036.815164415, 0.374000000]: Starting Laser Plugin (ns = /)
[INFO] [1783858036.816177752, 0.374000000]: Laser Plugin (ns = /)  <tf_prefix_>, set to ""
[INFO] [1783858036.935537836, 0.374000000]: M2 simulation-only Ackermann interface loaded; cmd_angle_instead_rotvel=false
000000]: Footprint model 'polygon' loaded for trajectory optimization.
[INFO] [1783858706.317308615, 668.628000000]: Footprint model 'polygon' loaded for trajectory optimization.
... logging to /home/robot/.ros/log/3852a704-7dea-11f1-91bc-3382cc4c3ed1/roslaunch-WP-117447.log
Checking log directory for disk usage. This may take a while.
Press Ctrl-C to interrupt
]2;/home/robot/robot_ws_base_rl/src/tools/thesis_experiment/launch/t11_formal_run.launch
[1mstarted roslaunch server http://WP:36123/[0m

SUMMARY
========

PARAMETERS
 * /gazebo/enable_ros_network: True
 * /m2_gazebo/simulation_only: True
 * /m2_robot_state_publisher/publish_frequency: 30.0
 * /move_base/TebLocalPlannerROS/acc_lim_theta: 0.8
 * /move_base/TebLocalPlannerROS/acc_lim_x: 0.8
 * /move_base/TebLocalPlannerROS/allow_init_with_backwards_motion: True
 * /move_base/TebLocalPlannerROS/cmd_angle_instead_rotvel: False
 * /move_base/TebLocalPlannerROS/costmap_obstacles_behind_robot_dist: 1.5
 * /move_base/TebLocalPlannerROS/dt_hysteresis: 0.1
 * /move_base/TebLocalPlannerROS/dt_ref: 0.3
 * /move_base/TebLocalPlannerROS/enable_homotopy_class_planning: False
 * /move_base/TebLocalPlannerROS/enable_multithreading: True
 * /move_base/TebLocalPlannerROS/feasibility_check_no_poses: 5
 * /move_base/TebLocalPlannerROS/footprint_model/type: polygon
 * /move_base/TebLocalPlannerROS/footprint_model/vertices: [[0.52, 0.35], [0...
 * /move_base/TebLocalPlannerROS/global_plan_overwrite_orientation: True
 * /move_base/TebLocalPlannerROS/include_costmap_obstacles: True
 * /move_base/TebLocalPlannerROS/inflation_dist: 0.55
 * /move_base/TebLocalPlannerROS/map_frame: odom
 * /move_base/TebLocalPlannerROS/max_global_plan_lookahead_dist: 8.0
 * /move_base/TebLocalPlannerROS/max_number_classes: 4
 * /move_base/TebLocalPlannerROS/max_samples: 500
 * /move_base/TebLocalPlannerROS/max_vel_theta: 1.0
 * /move_base/TebLocalPlannerROS/max_vel_x: 1.2
 * /move_base/TebLocalPlannerROS/max_vel_x_backwards: 0.6
 * /move_base/TebLocalPlannerROS/max_vel_y: 0.0
 * /move_base/TebLocalPlannerROS/min_obstacle_dist: 0.25
 * /move_base/TebLocalPlannerROS/min_turning_radius: 1.2
 * /move_base/TebLocalPlannerROS/obstacle_poses_affected: 15
 * /move_base/TebLocalPlannerROS/odom_topic: /odom
 * /move_base/TebLocalPlannerROS/teb_autosize: True
 * /move_base/TebLocalPlannerROS/weight_acc_lim_theta: 1.0
 * /move_base/TebLocalPlannerROS/weight_acc_lim_x: 1.0
 * /move_base/TebLocalPlannerROS/weight_adapt_factor: 2.0
 * /move_base/TebLocalPlannerROS/weight_inflation: 0.1
 * /move_base/TebLocalPlannerROS/weight_kinematics_forward_drive: 10.0
 * /move_base/TebLocalPlannerROS/weight_kinematics_nh: 1000.0
 * /move_base/TebLocalPlannerROS/weight_kinematics_turning_radius: 10.0
 * /move_base/TebLocalPlannerROS/weight_max_vel_theta: 1.0
 * /move_base/TebLocalPlannerROS/weight_max_vel_x: 2.0
 * /move_base/TebLocalPlannerROS/weight_obstacle: 50.0
 * /move_base/TebLocalPlannerROS/weight_optimaltime: 1.0
 * /move_base/TebLocalPlannerROS/weight_viapoint: 1.0
 * /move_base/TebLocalPlannerROS/wheelbase: 0.65
 * /move_base/base_global_planner: navfn/NavfnROS
 * /move_base/base_local_planner: teb_local_planner...
 * /move_base/clearing_rotation_allowed: False
 * /move_base/controller_frequency: 10.0
 * /move_base/controller_patience: 5.0
 * /move_base/global_costmap/footprint: [[0.52, 0.35], [0...
 * /move_base/global_costmap/footprint_padding: 0.05
 * /move_base/global_costmap/global_frame: odom
 * /move_base/global_costmap/height: 30.0
 * /move_base/global_costmap/inflation_layer/cost_scaling_factor: 4.0
 * /move_base/global_costmap/inflation_layer/enabled: True
 * /move_base/global_costmap/inflation_layer/inflation_radius: 0.55
 * /move_base/global_costmap/obstacle_layer/enabled: True
 * /move_base/global_costmap/obstacle_layer/observation_sources: scan
 * /move_base/global_costmap/obstacle_layer/scan/clearing: True
 * /move_base/global_costmap/obstacle_layer/scan/data_type: LaserScan
 * /move_base/global_costmap/obstacle_layer/scan/inf_is_valid: True
 * /move_base/global_costmap/obstacle_layer/scan/marking: True
 * /move_base/global_costmap/obstacle_layer/scan/obstacle_range: 12.0
 * /move_base/global_costmap/obstacle_layer/scan/raytrace_range: 15.0
 * /move_base/global_costmap/obstacle_layer/scan/sensor_frame: laser_link
 * /move_base/global_costmap/obstacle_layer/scan/topic: /scan
 * /move_base/global_costmap/plugins: [{'name': 'obstac...
 * /move_base/global_costmap/publish_frequency: 2.0
 * /move_base/global_costmap/resolution: 0.05
 * /move_base/global_costmap/robot_base_frame: base_link
 * /move_base/global_costmap/rolling_window: True
 * /move_base/global_costmap/transform_tolerance: 0.3
 * /move_base/global_costmap/update_frequency: 5.0
 * /move_base/global_costmap/width: 30.0
 * /move_base/local_costmap/footprint: [[0.52, 0.35], [0...
 * /move_base/local_costmap/footprint_padding: 0.05
 * /move_base/local_costmap/global_frame: odom
 * /move_base/local_costmap/height: 12.0
 * /move_base/local_costmap/inflation_layer/cost_scaling_factor: 4.0
 * /move_base/local_costmap/inflation_layer/enabled: True
 * /move_base/local_costmap/inflation_layer/inflation_radius: 0.55
 * /move_base/local_costmap/obstacle_layer/enabled: True
 * /move_base/local_costmap/obstacle_layer/observation_sources: scan
 * /move_base/local_costmap/obstacle_layer/scan/clearing: True
 * /move_base/local_costmap/obstacle_layer/scan/data_type: LaserScan
 * /move_base/local_costmap/obstacle_layer/scan/inf_is_valid: True
 * /move_base/local_costmap/obstacle_layer/scan/marking: True
 * /move_base/local_costmap/obstacle_layer/scan/obstacle_range: 12.0
 * /move_base/local_costmap/obstacle_layer/scan/raytrace_range: 15.0
 * /move_base/local_costmap/obstacle_layer/scan/sensor_frame: laser_link
 * /move_base/local_costmap/obstacle_layer/scan/topic: /scan
 * /move_base/local_costmap/plugins: [{'name': 'obstac...
 * /move_base/local_costmap/publish_frequency: 5.0
 * /move_base/local_costmap/resolution: 0.05
 * /move_base/local_costmap/robot_base_frame: base_link
 * /move_base/local_costmap/rolling_window: True
 * /move_base/local_costmap/transform_tolerance: 0.3
 * /move_base/local_costmap/update_frequency: 10.0
 * /move_base/local_costmap/width: 12.0
 * /move_base/oscillation_distance: 0.2
 * /move_base/oscillation_timeout: 10.0
 * /move_base/planner_frequency: 1.0
 * /move_base/planner_patience: 5.0
 * /move_base/recovery_behavior_enabled: False
 * /move_base/shutdown_costmaps: False
 * /robot_description: <?xml version="1....
 * /rosdistro: noetic
 * /rosversion: 1.17.4
 * /t11_formal_run/acceptance_eval_seed_limit: 0
 * /t11_formal_run/acceptance_timesteps: 0
 * /t11_formal_run/algorithm: RL-TEB-Semantic-Eta
 * /t11_formal_run/checkpoint: /home/robot/robot...
 * /t11_formal_run/config: /home/robot/robot...
 * /t11_formal_run/output_dir: /home/robot/robot...
 * /t11_formal_run/phase: ablation
 * /t11_formal_run/run_id: t11_semantic_eta_...
 * /t11_formal_run/safety_mode: NoSafety
 * /t11_formal_run/training_seed: 101
 * /use_sim_time: True

NODES
  /
    gazebo (gazebo_ros/gzserver)
    m2_robot_state_publisher (robot_state_publisher/robot_state_publisher)
    move_base (move_base/move_base)
    spawn_m2 (gazebo_ros/spawn_model)
    t11_formal_run (thesis_experiment/t11_formal_run.py)

auto-starting new master
[1mprocess[master]: started with pid [117503][0m
[1mROS_MASTER_URI=http://localhost:11311[0m
]2;/home/robot/robot_ws_base_rl/src/tools/thesis_experiment/launch/t11_formal_run.launch http://localhost:11311
[1msetting /run_id to 3852a704-7dea-11f1-91bc-3382cc4c3ed1[0m
[1mprocess[rosout-1]: started with pid [117536][0m
started core service [/rosout]
[1mprocess[gazebo-2]: started with pid [117543][0m
[1mprocess[spawn_m2-3]: started with pid [117549][0m
[1mprocess[m2_robot_state_publisher-4]: started with pid [117551][0m
[1mprocess[move_base-5]: started with pid [117552][0m
[1mprocess[t11_formal_run-6]: started with pid [117553][0m
[1m[spawn_m2-3] process has finished cleanly
log file: /home/robot/.ros/log/3852a704-7dea-11f1-91bc-3382cc4c3ed1/spawn_m2-3*.log[0m
[t11_formal_run-6] killing on exit
[m2_robot_state_publisher-4] killing on exit
[move_base-5] killing on exit
[gazebo-2] killing on exit
[rosout-1] killing on exit
[master] killing on exit
shutting down processing monitor...
[31mWARNING: disk usage in log directory [/home/robot/.ros/log] is over 1GB.
It's recommended that you use the 'rosclean' command.[0m
WARNING: Package name "gazebo_ros_2Dmap_plugin" does not follow the naming conventions. It should start with a lower case letter and only contain lower case letters, digits, underscores, and dashes.
WARNING: Package name "gazebo_ros_2Dmap_plugin" does not follow the naming conventions. It should start with a lower case letter and only contain lower case letters, digits, underscores, and dashes.
[31m================================================================================REQUIRED process [t11_formal_run-6] has died!
process has finished cleanly
log file: /home/robot/.ros/log/3852a704-7dea-11f1-91bc-3382cc4c3ed1/t11_formal_run-6*.log
Initiating shutdown!
================================================================================[0m
... shutting down processing monitor complete
[1mdone[0m
