WARNING: Package name "gazebo_ros_2Dmap_plugin" does not follow the naming conventions. It should start with a lower case letter and only contain lower case letters, digits, underscores, and dashes.
xacro: in-order processing became default in ROS Melodic. You can drop the option.
WARNING: Package name "gazebo_ros_2Dmap_plugin" does not follow the naming conventions. It should start with a lower case letter and only contain lower case letters, digits, underscores, and dashes.
WARNING: Package name "gazebo_ros_2Dmap_plugin" does not follow the naming conventions. It should start with a lower case letter and only contain lower case letters, digits, underscores, and dashes.
[INFO] [1783856511.659105, 0.000000]: Loading model XML from ros parameter robot_description
[INFO] [1783856511.662122, 0.000000]: Waiting for service /gazebo/spawn_urdf_model
[INFO] [1783856512.566481, 0.116000]: Calling service /gazebo/spawn_urdf_model
[INFO] [1783856512.796986, 0.182000]: Spawn status: SpawnModel: Successfully spawned entity
[INFO] [1783856513.168241509, 0.422000000]: global_costmap: Using plugin "obstacle_layer"
[INFO] [1783856513.173204067, 0.428000000]:     Subscribed to Topics: scan
[INFO] [1783856513.180454092, 0.436000000]: global_costmap: Using plugin "inflation_layer"
[INFO] [1783856513.191656477, 0.446000000]: local_costmap: Using plugin "obstacle_layer"
[INFO] [1783856513.192418045, 0.448000000]:     Subscribed to Topics: scan
[INFO] [1783856513.196718743, 0.452000000]: local_costmap: Using plugin "inflation_layer"
[INFO] [1783856513.209063583, 0.464000000]: Created local_planner teb_local_planner/TebLocalPlannerROS
[INFO] [1783856513.224762505, 0.480000000]: Footprint model 'polygon' loaded for trajectory optimization.
[INFO] [1783856513.224889523, 0.480000000]: Parallel planning in distinctive topologies disabled.
[INFO] [1783856513.224902564, 0.480000000]: No costmap conversion plugin specified. All occupied costmap cells are treaten as point obstacles.
[INFO] [1783856513.246619547, 0.502000000]: Footprint model 'polygon' loaded for trajectory optimization.
[INFO] [1783856513.413398693, 0.668000000]: Recovery behavior will clear layer 'obstacles'
[INFO] [1783856513.414190584, 0.668000000]: Recovery behavior will clear layer 'obstacles'
[INFO] [1783856513.422674784, 0.676000000]: odom received!
[INFO] [1783856515.201341917, 2.450000000]: Footprint model 'polygon' loaded for trajectory optimization.
[INFO] [1783856515.804085307, 3.050000000]: Footprint model 'polygon' loaded for trajectory optimization.
[INFO] [1783856516.350535377, 3.598000000]: Footprint model 'polygon' loaded for trajectory optimization.
[INFO] [1783856516.948805100, 4.196000000]: Footprint model 'polygon' loaded for trajectory optimization.
[INFO] [1783856518.345042676, 5.588000000]: GOAL Reached!
[INFO] [1783856518.434063778, 5.678000000]: Footprint model 'polygon' loaded for trajectory optimization.
[INFO] [1783856519.307267095, 6.550000000]: Footprint model 'polygon' loaded for trajectory optimization.
[INFO] [1783856519.857247604, 7.100000000]: Footprint model 'polygon' loaded for trajectory optimization.
[INFO] [1783856520.506267005, 7.746000000]: Footprint model 'polygon' loaded for trajectory optimization.
[INFO] [1783856521.107766826, 8.346000000]: Footprint model 'polygon' loaded for trajectory optimization.
[INFO] [1783856522.648167468, 9.886000000]: GOAL Reached!
[INFO] [1783856522.737328165, 9.976000000]: Footprint model 'polygon' loaded for trajectory optimization.
[INFO] [1783856523.594666298, 10.830000000]: Footprint model 'polygon' loaded for trajectory optimization.
[INFO] [1783856524.200823631, 11.434000000]: Footprint model 'polygon' loaded for trajectory optimization.
[INFO] [1783856524.797625939, 12.030000000]: Footprint model 'polygon' loaded for trajectory optimization.
[INFO] [1783856525.397496207, 12.630000000]: Footprint model 'polygon' loaded for trajectory optimization.
[INFO] [1783856527.241319659, 14.470000000]: GOAL Reached!
[INFO] [1783856527.343300521, 14.572000000]: Footprint model 'polygon' loaded for trajectory optimization.
[INFO] [1783856528.204261130, 15.430000000]: Footprint model 'polygon' loaded for trajectory optimization.
[INFO] [1783856528.757636430, 15.984000000]: Footprint model 'polygon' loaded for trajectory optimization.
[INFO] [1783856529.404346600, 16.628000000]: Footprint model 'polygon' loaded for trajectory optimization.
[INFO] [1783856530.007213725, 17.232000000]: Footprint model 'polygon' loaded for trajectory optimization.
[INFO] [1783856531.548048507, 18.770000000]: GOAL Reached!
[INFO] [1783856531.631937888, 18.856000000]: Footprint model 'polygon' loaded for trajectory optimization.
[INFO] [1783856532.490934798, 19.710000000]: Footprint model 'polygon' loaded for trajectory optimization.
[INFO] [1783856533.091432306, 20.310000000]: Footprint model 'polygon' loaded for trajectory optimization.
[INFO] [1783856533.690386730, 20.908000000]: Footprint model 'polygon' loaded for trajectory optimization.
[INFO] [1783856534.240091785, 21.456000000]: Footprint model 'polygon' loaded for trajectory optimization.
[INFO] [1783856535.830341402, 23.046000000]: GOAL Reached!
[INFO] [1783856535.930843811, 23.146000000]: Footprint model 'polygon' loaded for trajectory optimization.
[INFO] [1783856536.799791510, 24.012000000]: Footprint model 'polygon' loaded for trajectory optimization.
[INFO] [1783856537.351571371, 24.564000000]: Footprint model 'polygon' loaded for trajectory optimization.
[INFO] [1783856538.003170170, 25.212000000]: Footprint model 'polygon' loaded for trajectory optimization.
[INFO] [1783856538.548115980, 25.760000000]: Footprint model 'polygon' loaded for trajectory optimization.
[INFO] [1783856540.141349276, 27.350000000]: GOAL Reached!
[INFO] [1783856540.238366925, 27.446000000]: Footprint model 'polygon' loaded for trajectory optimization.
[INFO] [1783856541.101654166, 28.310000000]: Footprint model 'polygon' loaded for trajectory optimization.
[INFO] [1783856541.646740545, 28.850000000]: Footprint model 'polygon' loaded for trajectory optimization.
[INFO] [1783856542.247153803, 29.450000000]: Footprint model 'polygon' loaded for trajectory optimization.
[INFO] [1783856542.896109980, 30.098000000]: Footprint model 'polygon' loaded for trajectory optimization.
[INFO] [1783856544.438285486, 31.638000000]: GOAL Reached!
[INFO] [1783856544.530135235, 31.730000000]: Footprint model 'polygon' loaded for trajectory optimization.
[INFO] [1783856545.414695265, 32.610000000]: Footprint model 'polygon' loaded for trajectory optimization.
[INFO] [1783856546.006172963, 33.202000000]: Footprint model 'polygon' loaded for trajectory optimization.
[INFO] [1783856546.602474280, 33.800000000]: Footprint model 'polygon' loaded for trajectory optimization.
[INFO] [1783856547.158998590, 34.352000000]: Footprint model 'polygon' loaded for trajectory optimization.
[INFO] [1783856549.049168696, 36.240000000]: GOAL Reached!
[INFO] [1783856549.143229954, 36.334000000]: Footprint model 'polygon' loaded for trajectory optimization.
[INFO] [1783856550.000195488, 37.190000000]: Footprint model 'polygon' loaded for trajectory optimization.
[INFO] [1783856550.605594096, 37.794000000]: Footprint model 'polygon' loaded for trajectory optimization.
[INFO] [1783856551.202307272, 38.390000000]: Footprint model 'polygon' loaded for trajectory optimization.
[INFO] [1783856551.806125543, 38.992000000]: Footprint model 'polygon' loaded for trajectory optimization.
[INFO] [1783856553.349244945, 40.532000000]: GOAL Reached!
[INFO] [1783856553.437965866, 40.620000000]: Footprint model 'polygon' loaded for trajectory optimization.
[INFO] [1783856554.310195107, 41.490000000]: Footprint model 'polygon' loaded for trajectory optimization.
[INFO] [1783856554.903580220, 42.084000000]: Footprint model 'polygon' loaded for trajectory optimization.
[INFO] [1783856555.450502307, 42.630000000]: Footprint model 'polygon' loaded for trajectory optimization.
[INFO] [1783856556.096446304, 43.276000000]: Footprint model 'polygon' loaded for trajectory optimization.
[INFO] [1783856557.539766857, 44.718000000]: GOAL Reached!
[INFO] [1783856557.633216527, 44.812000000]: Footprint model 'polygon' loaded for trajectory optimization.
[INFO] [1783856558.492892936, 45.666000000]: Footprint model 'polygon' loaded for trajectory optimization.
[INFO] [1783856559.092027653, 46.266000000]: Footprint model 'polygon' loaded for trajectory optimization.
[INFO] [1783856559.639419992, 46.816000000]: Footprint model 'polygon' loaded for trajectory optimization.
[INFO] [1783856560.291425847, 47.462000000]: Footprint model 'polygon' loaded for trajectory optimization.
[INFO] [1783856561.636156243, 48.804000000]: GOAL Reached!
[INFO] [1783856561.711808663, 48.882000000]: Footprint model 'polygon' loaded for trajectory optimization.
[INFO] [1783856562.584419505, 49.750000000]: Footprint model 'polygon' loaded for trajectory optimization.
[INFO] [1783856563.271533735, 50.436000000]: Footprint model 'polygon' loaded for trajectory optimization.
[INFO] [1783856563.822101415, 50.986000000]: Footprint model 'polygon' loaded for trajectory optimization.
[INFO] [1783856564.471257169, 51.636000000]: Footprint model 'polygon' loaded for trajectory optimization.
[INFO] [1783856565.915846203, 53.076000000]: GOAL Reached!
[INFO] [1783856566.017616039, 53.178000000]: Footprint model 'polygon' loaded for trajectory optimization.
[INFO] [1783856566.891273661, 54.052000000]: Footprint model 'polygon' loaded for trajectory optimization.
[INFO] [1783856567.584264588, 54.746000000]: Footprint model 'polygon' loaded for trajectory optimization.
[INFO] [1783856568.278524507, 55.438000000]: Footprint model 'polygon' loaded for trajectory optimization.
[INFO] [1783856570.025033986, 57.180000000]: GOAL Reached!
[INFO] [1783856570.114173488, 57.268000000]: Footprint model 'polygon' loaded for trajectory optimization.
[INFO] [1783856570.974679989, 58.130000000]: Footprint model 'polygon' loaded for trajectory optimization.
[INFO] [1783856571.619972745, 58.772000000]: Footprint model 'polygon' loaded for trajectory optimization.
[INFO] [1783856572.268120627, 59.420000000]: Footprint model 'polygon' loaded for trajectory optimization.
[INFO] [1783856574.010887112, 61.160000000]: GOAL Reached!
[INFO] [1783856574.113471489, 61.264000000]: Footprint model 'polygon' loaded for trajectory optimization.
[INFO] [1783856575.001577588, 62.150000000]: Footprint model 'polygon' loaded for trajectory optimization.
[INFO] [1783856575.543445989, 62.690000000]: Footprint model 'polygon' loaded for trajectory optimization.
[INFO] [1783856576.192073450, 63.336000000]: Footprint model 'polygon' loaded for trajectory optimization.
[INFO] [1783856576.789378384, 63.936000000]: Footprint model 'polygon' loaded for trajectory optimization.
[INFO] [1783856578.333649673, 65.476000000]: GOAL Reached!
[INFO] [1783856578.410953631, 65.554000000]: Footprint model 'polygon' loaded for trajectory optimization.
[INFO] [1783856579.265858271, 66.410000000]: Footprint model 'polygon' loaded for trajectory optimization.
[INFO] [1783856579.823840688, 66.962000000]: Footprint model 'polygon' loaded for trajectory optimization.
[INFO] [1783856580.419664642, 67.558000000]: Footprint model 'polygon' loaded for trajectory optimization.
[INFO] [1783856581.019686675, 68.158000000]: Footprint model 'polygon' loaded for trajectory optimization.
[INFO] [1783856582.513099159, 69.648000000]: GOAL Reached!
[INFO] [1783856582.612292036, 69.746000000]: Footprint model 'polygon' loaded for trajectory optimization.
[INFO] [1783856583.476380741, 70.610000000]: Footprint model 'polygon' loaded for trajectory optimization.
[INFO] [1783856584.067655853, 71.200000000]: Footprint model 'polygon' loaded for trajectory optimization.
[INFO] [1783856584.622459472, 71.754000000]: Footprint model 'polygon' loaded for trajectory optimization.
[INFO] [1783856585.284193051, 72.414000000]: Footprint model 'polygon' loaded for trajectory optimization.
[INFO] [1783856587.009601776, 74.138000000]: GOAL Reached!
[INFO] [1783856587.100130884, 74.228000000]: Footprint model 'polygon' loaded for trajectory optimization.
[INFO] [1783856587.999312083, 75.126000000]: Footprint model 'polygon' loaded for trajectory optimization.
[INFO] [1783856588.634565492, 75.758000000]: Footprint model 'polygon' loaded for trajectory optimization.
[INFO] [1783856589.235264446, 76.358000000]: Footprint model 'polygon' loaded for trajectory optimization.
[INFO] [1783856591.315701960, 78.436000000]: GOAL Reached!
[INFO] [1783856591.422900583, 78.544000000]: Footprint model 'polygon' loaded for trajectory optimization.
[INFO] [1783856592.302732884, 79.424000000]: Footprint model 'polygon' loaded for trajectory optimization.
[INFO] [1783856592.999520486, 80.118000000]: Footprint model 'polygon' loaded for trajectory optimization.
[INFO] [1783856593.691162582, 80.810000000]: Footprint model 'polygon' loaded for trajectory optimization.
[INFO] [1783856595.424929151, 82.540000000]: GOAL Reached!
[INFO] [1783856595.527544857, 82.642000000]: Footprint model 'polygon' loaded for trajectory optimization.
[INFO] [1783856596.408264163, 83.522000000]: Footprint model 'polygon' loaded for trajectory optimization.
[INFO] [1783856597.015823696, 84.126000000]: Footprint model 'polygon' loaded for trajectory optimization.
[INFO] [1783856597.714660109, 84.824000000]: Footprint model 'polygon' loaded for trajectory optimization.
[INFO] [1783856598.361026778, 85.470000000]: Footprint model 'polygon' loaded for trajectory optimization.
[INFO] [1783856599.641029610, 86.748000000]: GOAL Reached!
[INFO] [1783856599.733054779, 86.840000000]: Footprint model 'polygon' loaded for trajectory optimization.
[INFO] [1783856600.599467773, 87.704000000]: Footprint model 'polygon' loaded for trajectory optimization.
[INFO] [1783856601.153546530, 88.260000000]: Footprint model 'polygon' loaded for trajectory optimization.
[INFO] [1783856601.802962894, 88.906000000]: Footprint model 'polygon' loaded for trajectory optimization.
[INFO] [1783856603.732317804, 90.832000000]: GOAL Reached!
[INFO] [1783856603.810533461, 90.912000000]: Footprint model 'polygon' loaded for trajectory optimization.
[INFO] [1783856604.683153528, 91.784000000]: Footprint model 'polygon' loaded for trajectory optimization.
[INFO] [1783856605.331409417, 92.428000000]: Footprint model 'polygon' loaded for trajectory optimization.
[INFO] [1783856605.936672099, 93.032000000]: Footprint model 'polygon' loaded for trajectory optimization.
[INFO] [1783856607.913521933, 95.006000000]: GOAL Reached!
[INFO] [1783856608.004264347, 95.096000000]: Footprint model 'polygon' loaded for trajectory optimization.
[INFO] [1783856608.897720358, 95.988000000]: Footprint model 'polygon' loaded for trajectory optimization.
[INFO] [1783856609.541866814, 96.630000000]: Footprint model 'polygon' loaded for trajectory optimization.
[INFO] [1783856610.178655423, 97.270000000]: Footprint model 'polygon' loaded for trajectory optimization.
[INFO] [1783856611.915965385, 99.000000000]: GOAL Reached!
[INFO] [1783856611.999817209, 99.084000000]: Footprint model 'polygon' loaded for trajectory optimization.
[INFO] [1783856612.862483683, 99.946000000]: Footprint model 'polygon' loaded for trajectory optimization.
[INFO] [1783856613.459158809, 100.544000000]: Footprint model 'polygon' loaded for trajectory optimization.
[INFO] [1783856614.160189891, 101.242000000]: Footprint model 'polygon' loaded for trajectory optimization.
[INFO] [1783856616.093088671, 103.172000000]: GOAL Reached!
[INFO] [1783856616.189880201, 103.268000000]: Footprint model 'polygon' loaded for trajectory optimization.
[INFO] [1783856617.069248189, 104.144000000]: Footprint model 'polygon' loaded for trajectory optimization.
[INFO] [1783856617.764309497, 104.838000000]: Footprint model 'polygon' loaded for trajectory optimization.
[INFO] [1783856618.352983295, 105.428000000]: Footprint model 'polygon' loaded for trajectory optimization.
[INFO] [1783856620.384689332, 107.460000000]: GOAL Reached!
[INFO] [1783856620.466883084, 107.542000000]: Footprint model 'polygon' loaded for trajectory optimization.
[INFO] [1783856621.333929782, 108.402000000]: Footprint model 'polygon' loaded for trajectory optimization.
[INFO] [1783856622.035742140, 109.104000000]: Footprint model 'polygon' loaded for trajectory optimization.
[INFO] [1783856622.628467417, 109.696000000]: Footprint model 'polygon' loaded for trajectory optimization.
[INFO] [1783856623.179242676, 110.248000000]: Footprint model 'polygon' loaded for trajectory optimization.
[INFO] [1783856624.461054405, 111.526000000]: GOAL Reached!
[INFO] [1783856624.551739884, 111.616000000]: Footprint model 'polygon' loaded for trajectory optimization.
[INFO] [1783856625.419623976, 112.482000000]: Footprint model 'polygon' loaded for trajectory optimization.
[INFO] [1783856626.125811703, 113.186000000]: Footprint model 'polygon' loaded for trajectory optimization.
[INFO] [1783856626.824094463, 113.884000000]: Footprint model 'polygon' loaded for trajectory optimization.
[INFO] [1783856628.651636584, 115.710000000]: GOAL Reached!
[INFO] [1783856628.730775049, 115.790000000]: Footprint model 'polygon' loaded for trajectory optimization.
[INFO] [1783856629.607610851, 116.662000000]: Footprint model 'polygon' loaded for trajectory optimization.
[INFO] [1783856630.199371117, 117.256000000]: Footprint model 'polygon' loaded for trajectory optimization.
[INFO] [1783856630.791605460, 117.848000000]: Footprint model 'polygon' loaded for trajectory optimization.
[INFO] [1783856631.403602190, 118.456000000]: Footprint model 'polygon' loaded for trajectory optimization.
[INFO] [1783856632.629556244, 119.682000000]: GOAL Reached!
[INFO] [1783856632.714530260, 119.766000000]: Footprint model 'polygon' loaded for trajectory optimization.
[INFO] [1783856633.601003828, 120.650000000]: Footprint model 'polygon' loaded for trajectory optimization.
[INFO] [1783856634.240552756, 121.286000000]: Footprint model 'polygon' loaded for trajectory optimization.
[INFO] [1783856634.876581163, 121.926000000]: Footprint model 'polygon' loaded for trajectory optimization.
[INFO] [1783856636.607974073, 123.652000000]: GOAL Reached!
[INFO] [1783856636.689004025, 123.734000000]: Footprint model 'polygon' loaded for trajectory optimization.
[INFO] [1783856637.560953939, 124.604000000]: Footprint model 'polygon' loaded for trajectory optimization.
[INFO] [1783856638.110494096, 125.150000000]: Footprint model 'polygon' loaded for trajectory optimization.
[INFO] [1783856638.759182072, 125.800000000]: Footprint model 'polygon' loaded for trajectory optimization.
[INFO] [1783856640.691571220, 127.728000000]: GOAL Reached!
[INFO] [1783856640.788580392, 127.826000000]: Footprint model 'polygon' loaded for trajectory optimization.
[INFO] [1783856641.666151408, 128.702000000]: Footprint model 'polygon' loaded for trajectory optimization.
[INFO] [1783856642.216260355, 129.250000000]: Footprint model 'polygon' loaded for trajectory optimization.
[INFO] [1783856642.823574517, 129.856000000]: Footprint model 'polygon' loaded for trajectory optimization.
[INFO] [1783856643.462928374, 130.500000000]: Footprint model 'polygon' loaded for trajectory optimization.
[INFO] [1783856644.996975962, 132.028000000]: GOAL Reached!
[INFO] [1783856645.091845925, 132.122000000]: Footprint model 'polygon' loaded for trajectory optimization.
[INFO] [1783856645.970502803, 133.004000000]: Footprint model 'polygon' loaded for trajectory optimization.
[INFO] [1783856646.527667777, 133.556000000]: Footprint model 'polygon' loaded for trajectory optimization.
[INFO] [1783856647.125051368, 134.152000000]: Footprint model 'polygon' loaded for trajectory optimization.
[INFO] [1783856649.105187209, 136.130000000]: GOAL Reached!
[INFO] [1783856649.202326884, 136.226000000]: Footprint model 'polygon' loaded for trajectory optimization.
[INFO] [1783856650.082141311, 137.106000000]: Footprint model 'polygon' loaded for trajectory optimization.
[INFO] [1783856650.769224840, 137.792000000]: Footprint model 'polygon' loaded for trajectory optimization.
[INFO] [1783856651.368057516, 138.388000000]: Footprint model 'polygon' loaded for trajectory optimization.
[INFO] [1783856651.968244737, 138.988000000]: Footprint model 'polygon' loaded for trajectory optimization.
[INFO] [1783856653.301639613, 140.318000000]: GOAL Reached!
[INFO] [1783856653.385489572, 140.402000000]: Footprint model 'polygon' loaded for trajectory optimization.
[INFO] [1783856654.273126523, 141.290000000]: Footprint model 'polygon' loaded for trajectory optimization.
[INFO] [1783856654.957386932, 141.970000000]: Footprint model 'polygon' loaded for trajectory optimization.
[INFO] [1783856655.556983672, 142.572000000]: Footprint model 'polygon' loaded for trajectory optimization.
[INFO] [1783856657.291224903, 144.302000000]: GOAL Reached!
[INFO] [1783856657.384687212, 144.394000000]: Footprint model 'polygon' loaded for trajectory optimization.
[INFO] [1783856658.255633395, 145.264000000]: Footprint model 'polygon' loaded for trajectory optimization.
[INFO] [1783856658.851921923, 145.860000000]: Footprint model 'polygon' loaded for trajectory optimization.
[INFO] [1783856659.400089942, 146.406000000]: Footprint model 'polygon' loaded for trajectory optimization.
[INFO] [1783856660.001334768, 147.006000000]: Footprint model 'polygon' loaded for trajectory optimization.
[INFO] [1783856661.482911442, 148.486000000]: GOAL Reached!
[INFO] [1783856661.584598989, 148.586000000]: Footprint model 'polygon' loaded for trajectory optimization.
[INFO] [1783856662.440778325, 149.442000000]: Footprint model 'polygon' loaded for trajectory optimization.
[INFO] [1783856663.000047219, 150.000000000]: Footprint model 'polygon' loaded for trajectory optimization.
[INFO] [1783856663.605500197, 150.604000000]: Footprint model 'polygon' loaded for trajectory optimization.
[INFO] [1783856664.247831929, 151.246000000]: Footprint model 'polygon' loaded for trajectory optimization.
[INFO] [1783856665.679948436, 152.676000000]: GOAL Reached!
[INFO] [1783856665.774010464, 152.770000000]: Footprint model 'polygon' loaded for trajectory optimization.
[INFO] [1783856666.669468940, 153.664000000]: Footprint model 'polygon' loaded for trajectory optimization.
[INFO] [1783856667.313592365, 154.306000000]: Footprint model 'polygon' loaded for trajectory optimization.
[INFO] [1783856667.959272384, 154.952000000]: Footprint model 'polygon' loaded for trajectory optimization.
[INFO] [1783856669.888460795, 156.878000000]: GOAL Reached!
[INFO] [1783856669.995361646, 156.984000000]: Footprint model 'polygon' loaded for trajectory optimization.
[INFO] [1783856670.876308810, 157.862000000]: Footprint model 'polygon' loaded for trajectory optimization.
[INFO] [1783856671.565211424, 158.550000000]: Footprint model 'polygon' loaded for trajectory optimization.
[INFO] [1783856672.158235347, 159.144000000]: Footprint model 'polygon' loaded for trajectory optimization.
[INFO] [1783856672.764611505, 159.746000000]: Footprint model 'polygon' loaded for trajectory optimization.
[INFO] [1783856674.197772102, 161.176000000]: GOAL Reached!
[INFO] [1783856674.297531077, 161.278000000]: Footprint model 'polygon' loaded for trajectory optimization.
[INFO] [1783856675.166188908, 162.146000000]: Footprint model 'polygon' loaded for trajectory optimization.
[INFO] [1783856675.714328824, 162.694000000]: Footprint model 'polygon' loaded for trajectory optimization.
[INFO] [1783856676.310580190, 163.290000000]: Footprint model 'polygon' loaded for trajectory optimization.
[INFO] [1783856676.914729259, 163.890000000]: Footprint model 'polygon' loaded for trajectory optimization.
[INFO] [1783856678.594300126, 165.568000000]: GOAL Reached!
[INFO] [1783856678.678813717, 165.652000000]: Footprint model 'polygon' loaded for trajectory optimization.
[INFO] [1783856679.551081371, 166.524000000]: Footprint model 'polygon' loaded for trajectory optimization.
[INFO] [1783856680.249859757, 167.220000000]: Footprint model 'polygon' loaded for trajectory optimization.
[INFO] [1783856680.847383899, 167.820000000]: Footprint model 'polygon' loaded for trajectory optimization.
[INFO] [1783856681.400631223, 168.370000000]: Footprint model 'polygon' loaded for trajectory optimization.
[INFO] [1783856682.782321771, 169.750000000]: GOAL Reached!
[INFO] [1783856682.870126168, 169.838000000]: Footprint model 'polygon' loaded for trajectory optimization.
[INFO] [1783856683.758871394, 170.724000000]: Footprint model 'polygon' loaded for trajectory optimization.
[INFO] [1783856684.413409116, 171.378000000]: Footprint model 'polygon' loaded for trajectory optimization.
[INFO] [1783856685.009122787, 171.972000000]: Footprint model 'polygon' loaded for trajectory optimization.
[INFO] [1783856686.987645286, 173.948000000]: GOAL Reached!
[INFO] [1783856687.068785442, 174.030000000]: Footprint model 'polygon' loaded for trajectory optimization.
[INFO] [1783856687.925820046, 174.884000000]: Footprint model 'polygon' loaded for trajectory optimization.
[INFO] [1783856688.577264952, 175.536000000]: Footprint model 'polygon' loaded for trajectory optimization.
[INFO] [1783856689.227622153, 176.184000000]: Footprint model 'polygon' loaded for trajectory optimization.
[INFO] [1783856691.258346369, 178.210000000]: GOAL Reached!
[INFO] [1783856691.350401033, 178.302000000]: Footprint model 'polygon' loaded for trajectory optimization.
[INFO] [1783856692.212281777, 179.162000000]: Footprint model 'polygon' loaded for trajectory optimization.
[INFO] [1783856692.765685146, 179.716000000]: Footprint model 'polygon' loaded for trajectory optimization.
[INFO] [1783856693.410277180, 180.360000000]: Footprint model 'polygon' loaded for trajectory optimization.
[INFO] [1783856695.347230604, 182.292000000]: GOAL Reached!
[INFO] [1783856695.437280094, 182.382000000]: Footprint model 'polygon' loaded for trajectory optimization.
[INFO] [1783856696.311229841, 183.252000000]: Footprint model 'polygon' loaded for trajectory optimization.
[INFO] [1783856696.913981843, 183.854000000]: Footprint model 'polygon' loaded for trajectory optimization.
[INFO] [1783856697.563705984, 184.504000000]: Footprint model 'polygon' loaded for trajectory optimization.
[INFO] [1783856699.548497975, 186.484000000]: GOAL Reached!
[INFO] [1783856699.643197718, 186.578000000]: Footprint model 'polygon' loaded for trajectory optimization.
[INFO] [1783856700.530035190, 187.464000000]: Footprint model 'polygon' loaded for trajectory optimization.
[INFO] [1783856701.166922527, 188.102000000]: Footprint model 'polygon' loaded for trajectory optimization.
[INFO] [1783856701.768560998, 188.700000000]: Footprint model 'polygon' loaded for trajectory optimization.
[INFO] [1783856702.376717929, 189.308000000]: Footprint model 'polygon' loaded for trajectory optimization.
[INFO] [1783856703.851399585, 190.780000000]: GOAL Reached!
[INFO] [1783856703.939640782, 190.868000000]: Footprint model 'polygon' loaded for trajectory optimization.
[INFO] [1783856704.805508934, 191.732000000]: Footprint model 'polygon' loaded for trajectory optimization.
[INFO] [1783856705.360255149, 192.286000000]: Footprint model 'polygon' loaded for trajectory optimization.
[INFO] [1783856705.961500030, 192.888000000]: Footprint model 'polygon' loaded for trajectory optimization.
[INFO] [1783856706.555192388, 193.482000000]: Footprint model 'polygon' loaded for trajectory optimization.
[INFO] [1783856708.035641451, 194.960000000]: GOAL Reached!
[INFO] [1783856708.126835546, 195.050000000]: Footprint model 'polygon' loaded for trajectory optimization.
[INFO] [1783856709.007555176, 195.930000000]: Footprint model 'polygon' loaded for trajectory optimization.
[INFO] [1783856709.649447080, 196.568000000]: Footprint model 'polygon' loaded for trajectory optimization.
[INFO] [1783856710.298599973, 197.216000000]: Footprint model 'polygon' loaded for trajectory optimization.
[INFO] [1783856710.846963773, 197.766000000]: Footprint model 'polygon' loaded for trajectory optimization.
[INFO] [1783856712.229981043, 199.146000000]: GOAL Reached!
[INFO] [1783856712.313138189, 199.228000000]: Footprint model 'polygon' loaded for trajectory optimization.
[INFO] [1783856713.186091713, 200.100000000]: Footprint model 'polygon' loaded for trajectory optimization.
[INFO] [1783856713.837139663, 200.750000000]: Footprint model 'polygon' loaded for trajectory optimization.
[INFO] [1783856714.483221024, 201.394000000]: Footprint model 'polygon' loaded for trajectory optimization.
[INFO] [1783856716.319596198, 203.226000000]: GOAL Reached!
[INFO] [1783856716.410036023, 203.316000000]: Footprint model 'polygon' loaded for trajectory optimization.
[INFO] [1783856717.276098073, 204.180000000]: Footprint model 'polygon' loaded for trajectory optimization.
[INFO] [1783856717.830788122, 204.736000000]: Footprint model 'polygon' loaded for trajectory optimization.
[INFO] [1783856718.476197672, 205.380000000]: Footprint model 'polygon' loaded for trajectory optimization.
[INFO] [1783856719.076912622, 205.980000000]: Footprint model 'polygon' loaded for trajectory optimization.
[INFO] [1783856720.510392494, 207.410000000]: GOAL Reached!
[INFO] [1783856720.599081286, 207.498000000]: Footprint model 'polygon' loaded for trajectory optimization.
[INFO] [1783856721.484105424, 208.384000000]: Footprint model 'polygon' loaded for trajectory optimization.
[INFO] [1783856722.125402467, 209.022000000]: Footprint model 'polygon' loaded for trajectory optimization.
[INFO] [1783856722.729019531, 209.624000000]: Footprint model 'polygon' loaded for trajectory optimization.
[INFO] [1783856724.706007217, 211.598000000]: GOAL Reached!
[INFO] [1783856724.796674382, 211.688000000]: Footprint model 'polygon' loaded for trajectory optimization.
[INFO] [1783856725.689344616, 212.580000000]: Footprint model 'polygon' loaded for trajectory optimization.
[INFO] [1783856726.378350709, 213.268000000]: Footprint model 'polygon' loaded for trajectory optimization.
[INFO] [1783856726.935752387, 213.824000000]: Footprint model 'polygon' loaded for trajectory optimization.
[INFO] [1783856727.527952138, 214.418000000]: Footprint model 'polygon' loaded for trajectory optimization.
[INFO] [1783856729.011883552, 215.896000000]: GOAL Reached!
[INFO] [1783856729.099951615, 215.984000000]: Footprint model 'polygon' loaded for trajectory optimization.
[INFO] [1783856729.979780114, 216.862000000]: Footprint model 'polygon' loaded for trajectory optimization.
[INFO] [1783856730.625101795, 217.508000000]: Footprint model 'polygon' loaded for trajectory optimization.
[INFO] [1783856731.274044073, 218.156000000]: Footprint model 'polygon' loaded for trajectory optimization.
[INFO] [1783856731.824552866, 218.706000000]: Footprint model 'polygon' loaded for trajectory optimization.
[INFO] [1783856733.305433205, 220.184000000]: GOAL Reached!
[INFO] [1783856733.391925931, 220.270000000]: Footprint model 'polygon' loaded for trajectory optimization.
[INFO] [1783856734.267031339, 221.142000000]: Footprint model 'polygon' loaded for trajectory optimization.
[INFO] [1783856734.965882730, 221.838000000]: Footprint model 'polygon' loaded for trajectory optimization.
[INFO] [1783856735.663542162, 222.536000000]: Footprint model 'polygon' loaded for trajectory optimization.
[INFO] [1783856737.291435825, 224.162000000]: GOAL Reached!
[INFO] [1783856737.392642550, 224.262000000]: Footprint model 'polygon' loaded for trajectory optimization.
[INFO] [1783856738.255528861, 225.124000000]: Footprint model 'polygon' loaded for trajectory optimization.
[INFO] [1783856738.863930554, 225.730000000]: Footprint model 'polygon' loaded for trajectory optimization.
[INFO] [1783856739.559258921, 226.426000000]: Footprint model 'polygon' loaded for trajectory optimization.
[INFO] [1783856740.116968565, 226.982000000]: Footprint model 'polygon' loaded for trajectory optimization.
[INFO] [1783856741.591299388, 228.456000000]: GOAL Reached!
[INFO] [1783856741.681175758, 228.546000000]: Footprint model 'polygon' loaded for trajectory optimization.
[INFO] [1783856742.560663687, 229.422000000]: Footprint model 'polygon' loaded for trajectory optimization.
[INFO] [1783856743.163234068, 230.026000000]: Footprint model 'polygon' loaded for trajectory optimization.
[INFO] [1783856743.814922698, 230.674000000]: Footprint model 'polygon' loaded for trajectory optimization.
[INFO] [1783856744.413554222, 231.272000000]: Footprint model 'polygon' loaded for trajectory optimization.
[INFO] [1783856745.997148282, 232.852000000]: GOAL Reached!
[INFO] [1783856746.091740177, 232.946000000]: Footprint model 'polygon' loaded for trajectory optimization.
[INFO] [1783856746.967333918, 233.822000000]: Footprint model 'polygon' loaded for trajectory optimization.
[INFO] [1783856747.607326244, 234.462000000]: Footprint model 'polygon' loaded for trajectory optimization.
[INFO] [1783856748.243778736, 235.096000000]: Footprint model 'polygon' loaded for trajectory optimization.
[INFO] [1783856748.807238494, 235.660000000]: Footprint model 'polygon' loaded for trajectory optimization.
[INFO] [1783856750.186869038, 237.038000000]: GOAL Reached!
[INFO] [1783856750.271987438, 237.122000000]: Footprint model 'polygon' loaded for trajectory optimization.
[INFO] [1783856751.156113254, 238.002000000]: Footprint model 'polygon' loaded for trajectory optimization.
[INFO] [1783856751.844003622, 238.688000000]: Footprint model 'polygon' loaded for trajectory optimization.
[INFO] [1783856752.445649753, 239.290000000]: Footprint model 'polygon' loaded for trajectory optimization.
[INFO] [1783856753.000284164, 239.842000000]: Footprint model 'polygon' loaded for trajectory optimization.
[INFO] [1783856754.379737492, 241.220000000]: GOAL Reached!
[INFO] [1783856754.467094565, 241.308000000]: Footprint model 'polygon' loaded for trajectory optimization.
[INFO] [1783856755.342896067, 242.182000000]: Footprint model 'polygon' loaded for trajectory optimization.
[INFO] [1783856755.886601565, 242.726000000]: Footprint model 'polygon' loaded for trajectory optimization.
[INFO] [1783856756.487675009, 243.324000000]: Footprint model 'polygon' loaded for trajectory optimization.
[INFO] [1783856757.083957724, 243.922000000]: Footprint model 'polygon' loaded for trajectory optimization.
[INFO] [1783856758.467376444, 245.300000000]: GOAL Reached!
[INFO] [1783856758.553157458, 245.386000000]: Footprint model 'polygon' loaded for trajectory optimization.
[INFO] [1783856759.433056957, 246.264000000]: Footprint model 'polygon' loaded for trajectory optimization.
[INFO] [1783856760.074227254, 246.904000000]: Footprint model 'polygon' loaded for trajectory optimization.
[INFO] [1783856760.721846475, 247.550000000]: Footprint model 'polygon' loaded for trajectory optimization.
[INFO] [1783856762.553496712, 249.380000000]: GOAL Reached!
[INFO] [1783856762.646948479, 249.474000000]: Footprint model 'polygon' loaded for trajectory optimization.
[INFO] [1783856763.518285201, 250.342000000]: Footprint model 'polygon' loaded for trajectory optimization.
[INFO] [1783856764.125381383, 250.948000000]: Footprint model 'polygon' loaded for trajectory optimization.
[INFO] [1783856764.724871488, 251.546000000]: Footprint model 'polygon' loaded for trajectory optimization.
[INFO] [1783856766.657927642, 253.476000000]: GOAL Reached!
[INFO] [1783856766.758630616, 253.576000000]: Footprint model 'polygon' loaded for trajectory optimization.
[INFO] [1783856767.646535009, 254.464000000]: Footprint model 'polygon' loaded for trajectory optimization.
[INFO] [1783856768.336719741, 255.152000000]: Footprint model 'polygon' loaded for trajectory optimization.
[INFO] [1783856769.035737249, 255.850000000]: Footprint model 'polygon' loaded for trajectory optimization.
[INFO] [1783856770.867632059, 257.678000000]: GOAL Reached!
[INFO] [1783856770.960100742, 257.770000000]: Footprint model 'polygon' loaded for trajectory optimization.
[INFO] [1783856771.825762446, 258.636000000]: Footprint model 'polygon' loaded for trajectory optimization.
[INFO] [1783856772.421396171, 259.230000000]: Footprint model 'polygon' loaded for trajectory optimization.
[INFO] [1783856773.019744125, 259.828000000]: Footprint model 'polygon' loaded for trajectory optimization.
[INFO] [1783856773.563815965, 260.374000000]: Footprint model 'polygon' loaded for trajectory optimization.
[INFO] [1783856775.348992083, 262.156000000]: GOAL Reached!
[INFO] [1783856775.431201779, 262.238000000]: Footprint model 'polygon' loaded for trajectory optimization.
[INFO] [1783856776.301115535, 263.102000000]: Footprint model 'polygon' loaded for trajectory optimization.
[INFO] [1783856776.997578444, 263.796000000]: Footprint model 'polygon' loaded for trajectory optimization.
[INFO] [1783856777.653146597, 264.450000000]: Footprint model 'polygon' loaded for trajectory optimization.
[INFO] [1783856779.428563018, 266.224000000]: GOAL Reached!
[INFO] [1783856779.529905672, 266.324000000]: Footprint model 'polygon' loaded for trajectory optimization.
[INFO] [1783856780.408847746, 267.202000000]: Footprint model 'polygon' loaded for trajectory optimization.
[INFO] [1783856781.007163775, 267.798000000]: Footprint model 'polygon' loaded for trajectory optimization.
[INFO] [1783856781.603041370, 268.394000000]: Footprint model 'polygon' loaded for trajectory optimization.
[INFO] [1783856782.209290974, 269.000000000]: Footprint model 'polygon' loaded for trajectory optimization.
[INFO] [1783856783.640187972, 270.426000000]: GOAL Reached!
[INFO] [1783856783.718199584, 270.504000000]: Footprint model 'polygon' loaded for trajectory optimization.
[INFO] [1783856784.596070065, 271.380000000]: Footprint model 'polygon' loaded for trajectory optimization.
[INFO] [1783856785.246699011, 272.028000000]: Footprint model 'polygon' loaded for trajectory optimization.
[INFO] [1783856785.843579114, 272.626000000]: Footprint model 'polygon' loaded for trajectory optimization.
[INFO] [1783856786.440812846, 273.222000000]: Footprint model 'polygon' loaded for trajectory optimization.
[INFO] [1783856787.919631012, 274.700000000]: GOAL Reached!
[INFO] [1783856787.998508226, 274.778000000]: Footprint model 'polygon' loaded for trajectory optimization.
[INFO] [1783856788.885936882, 275.664000000]: Footprint model 'polygon' loaded for trajectory optimization.
[INFO] [1783856789.524358874, 276.300000000]: Footprint model 'polygon' loaded for trajectory optimization.
[INFO] [1783856790.175034077, 276.950000000]: Footprint model 'polygon' loaded for trajectory optimization.
[INFO] [1783856790.731869386, 277.508000000]: Footprint model 'polygon' loaded for trajectory optimization.
[INFO] [1783856792.108093006, 278.880000000]: GOAL Reached!
[INFO] [1783856792.194844472, 278.966000000]: Footprint model 'polygon' loaded for trajectory optimization.
[INFO] [1783856793.076481340, 279.846000000]: Footprint model 'polygon' loaded for trajectory optimization.
[INFO] [1783856793.714649015, 280.486000000]: Footprint model 'polygon' loaded for trajectory optimization.
[INFO] [1783856794.364201749, 281.132000000]: Footprint model 'polygon' loaded for trajectory optimization.
[INFO] [1783856796.195898530, 282.960000000]: GOAL Reached!
[INFO] [1783856796.291420747, 283.056000000]: Footprint model 'polygon' loaded for trajectory optimization.
[INFO] [1783856797.155854025, 283.922000000]: Footprint model 'polygon' loaded for trajectory optimization.
[INFO] [1783856797.716233056, 284.480000000]: Footprint model 'polygon' loaded for trajectory optimization.
[INFO] [1783856798.364865417, 285.126000000]: Footprint model 'polygon' loaded for trajectory optimization.
[INFO] [1783856799.014331157, 285.776000000]: Footprint model 'polygon' loaded for trajectory optimization.
[INFO] [1783856800.697088115, 287.454000000]: GOAL Reached!
[INFO] [1783856800.777294403, 287.534000000]: Footprint model 'polygon' loaded for trajectory optimization.
[INFO] [1783856801.647809446, 288.404000000]: Footprint model 'polygon' loaded for trajectory optimization.
[INFO] [1783856802.334417082, 289.092000000]: Footprint model 'polygon' loaded for trajectory optimization.
[INFO] [1783856802.940521743, 289.694000000]: Footprint model 'polygon' loaded for trajectory optimization.
[INFO] [1783856803.492543278, 290.246000000]: Footprint model 'polygon' loaded for trajectory optimization.
[INFO] [1783856804.970549685, 291.724000000]: GOAL Reached!
[INFO] [1783856805.059659222, 291.812000000]: Footprint model 'polygon' loaded for trajectory optimization.
[INFO] [1783856805.953487511, 292.704000000]: Footprint model 'polygon' loaded for trajectory optimization.
[INFO] [1783856806.592072196, 293.340000000]: Footprint model 'polygon' loaded for trajectory optimization.
[INFO] [1783856807.190265484, 293.938000000]: Footprint model 'polygon' loaded for trajectory optimization.
[INFO] [1783856807.833823633, 294.582000000]: Footprint model 'polygon' loaded for trajectory optimization.
[INFO] [1783856809.366922374, 296.114000000]: GOAL Reached!
[INFO] [1783856809.436445176, 296.182000000]: Footprint model 'polygon' loaded for trajectory optimization.
[INFO] [1783856810.299054563, 297.042000000]: Footprint model 'polygon' loaded for trajectory optimization.
[INFO] [1783856810.951047051, 297.692000000]: Footprint model 'polygon' loaded for trajectory optimization.
[INFO] [1783856811.550093236, 298.290000000]: Footprint model 'polygon' loaded for trajectory optimization.
[INFO] [1783856813.426843180, 300.166000000]: GOAL Reached!
[INFO] [1783856813.520821836, 300.260000000]: Footprint model 'polygon' loaded for trajectory optimization.
[INFO] [1783856814.384187592, 301.122000000]: Footprint model 'polygon' loaded for trajectory optimization.
[INFO] [1783856814.942013073, 301.678000000]: Footprint model 'polygon' loaded for trajectory optimization.
[INFO] [1783856815.588345445, 302.322000000]: Footprint model 'polygon' loaded for trajectory optimization.
[INFO] [1783856816.188646406, 302.922000000]: Footprint model 'polygon' loaded for trajectory optimization.
[INFO] [1783856817.519767238, 304.252000000]: GOAL Reached!
[INFO] [1783856817.611775971, 304.344000000]: Footprint model 'polygon' loaded for trajectory optimization.
[INFO] [1783856818.496027394, 305.224000000]: Footprint model 'polygon' loaded for trajectory optimization.
[INFO] [1783856819.153555006, 305.880000000]: Footprint model 'polygon' loaded for trajectory optimization.
[INFO] [1783856819.749563719, 306.474000000]: Footprint model 'polygon' loaded for trajectory optimization.
[INFO] [1783856820.395476919, 307.120000000]: Footprint model 'polygon' loaded for trajectory optimization.
[INFO] [1783856821.824932414, 308.548000000]: GOAL Reached!
[INFO] [1783856821.924286020, 308.646000000]: Footprint model 'polygon' loaded for trajectory optimization.
[INFO] [1783856822.801467503, 309.522000000]: Footprint model 'polygon' loaded for trajectory optimization.
[INFO] [1783856823.455657568, 310.176000000]: Footprint model 'polygon' loaded for trajectory optimization.
[INFO] [1783856824.054895617, 310.772000000]: Footprint model 'polygon' loaded for trajectory optimization.
[INFO] [1783856824.707088189, 311.424000000]: Footprint model 'polygon' loaded for trajectory optimization.
[INFO] [1783856826.037387567, 312.752000000]: GOAL Reached!
[INFO] [1783856826.134886650, 312.850000000]: Footprint model 'polygon' loaded for trajectory optimization.
[INFO] [1783856827.008478824, 313.720000000]: Footprint model 'polygon' loaded for trajectory optimization.
[INFO] [1783856827.556079210, 314.266000000]: Footprint model 'polygon' loaded for trajectory optimization.
[INFO] [1783856828.206260590, 314.918000000]: Footprint model 'polygon' loaded for trajectory optimization.
[INFO] [1783856830.238064888, 316.946000000]: GOAL Reached!
[INFO] [1783856830.336954880, 317.046000000]: Footprint model 'polygon' loaded for trajectory optimization.
[INFO] [1783856831.218997635, 317.924000000]: Footprint model 'polygon' loaded for trajectory optimization.
[INFO] [1783856831.911133256, 318.618000000]: Footprint model 'polygon' loaded for trajectory optimization.
[INFO] [1783856832.613205892, 319.316000000]: Footprint model 'polygon' loaded for trajectory optimization.
[INFO] [1783856834.542507610, 321.242000000]: GOAL Reached!
[INFO] [1783856834.631007547, 321.330000000]: Footprint model 'polygon' loaded for trajectory optimization.
[INFO] [1783856835.505410765, 322.202000000]: Footprint model 'polygon' loaded for trajectory optimization.
[INFO] [1783856836.159411118, 322.856000000]: Footprint model 'polygon' loaded for trajectory optimization.
[INFO] [1783856836.749996477, 323.446000000]: Footprint model 'polygon' loaded for trajectory optimization.
[INFO] [1783856837.350391711, 324.048000000]: Footprint model 'polygon' loaded for trajectory optimization.
[INFO] [1783856838.635528270, 325.328000000]: GOAL Reached!
[INFO] [1783856838.726186968, 325.420000000]: Footprint model 'polygon' loaded for trajectory optimization.
[INFO] [1783856839.610778395, 326.302000000]: Footprint model 'polygon' loaded for trajectory optimization.
[INFO] [1783856840.300305310, 326.990000000]: Footprint model 'polygon' loaded for trajectory optimization.
[INFO] [1783856840.998269281, 327.688000000]: Footprint model 'polygon' loaded for trajectory optimization.
[INFO] [1783856842.834381563, 329.520000000]: GOAL Reached!
[INFO] [1783856842.925821911, 329.610000000]: Footprint model 'polygon' loaded for trajectory optimization.
[INFO] [1783856843.798672895, 330.484000000]: Footprint model 'polygon' loaded for trajectory optimization.
[INFO] [1783856844.403290018, 331.086000000]: Footprint model 'polygon' loaded for trajectory optimization.
[INFO] [1783856845.009181828, 331.692000000]: Footprint model 'polygon' loaded for trajectory optimization.
[INFO] [1783856845.704957811, 332.386000000]: Footprint model 'polygon' loaded for trajectory optimization.
[INFO] [1783856847.039231031, 333.716000000]: GOAL Reached!
[INFO] [1783856847.126856395, 333.804000000]: Footprint model 'polygon' loaded for trajectory optimization.
[INFO] [1783856847.987667458, 334.664000000]: Footprint model 'polygon' loaded for trajectory optimization.
[INFO] [1783856848.540096640, 335.214000000]: Footprint model 'polygon' loaded for trajectory optimization.
[INFO] [1783856849.190781426, 335.866000000]: Footprint model 'polygon' loaded for trajectory optimization.
[INFO] [1783856849.790414134, 336.462000000]: Footprint model 'polygon' loaded for trajectory optimization.
[INFO] [1783856851.322093452, 337.992000000]: GOAL Reached!
[INFO] [1783856851.422233826, 338.092000000]: Footprint model 'polygon' loaded for trajectory optimization.
[INFO] [1783856852.297092074, 338.966000000]: Footprint model 'polygon' loaded for trajectory optimization.
[INFO] [1783856852.847545311, 339.518000000]: Footprint model 'polygon' loaded for trajectory optimization.
[INFO] [1783856853.498072849, 340.164000000]: Footprint model 'polygon' loaded for trajectory optimization.
[INFO] [1783856854.100100401, 340.766000000]: Footprint model 'polygon' loaded for trajectory optimization.
[INFO] [1783856855.731358419, 342.394000000]: GOAL Reached!
[INFO] [1783856855.823368335, 342.486000000]: Footprint model 'polygon' loaded for trajectory optimization.
[INFO] [1783856856.719791673, 343.382000000]: Footprint model 'polygon' loaded for trajectory optimization.
[INFO] [1783856857.407936328, 344.068000000]: Footprint model 'polygon' loaded for trajectory optimization.
[INFO] [1783856858.007357603, 344.666000000]: Footprint model 'polygon' loaded for trajectory optimization.
[INFO] [1783856859.837528643, 346.494000000]: GOAL Reached!
[INFO] [1783856859.925539690, 346.582000000]: Footprint model 'polygon' loaded for trajectory optimization.
[INFO] [1783856860.807014076, 347.462000000]: Footprint model 'polygon' loaded for trajectory optimization.
[INFO] [1783856861.451028579, 348.104000000]: Footprint model 'polygon' loaded for trajectory optimization.
[INFO] [1783856862.099247668, 348.750000000]: Footprint model 'polygon' loaded for trajectory optimization.
[INFO] [1783856862.748479523, 349.400000000]: Footprint model 'polygon' loaded for trajectory optimization.
[INFO] [1783856864.430351507, 351.078000000]: GOAL Reached!
[INFO] [1783856864.520216981, 351.168000000]: Footprint model 'polygon' loaded for trajectory optimization.
[INFO] [1783856865.433464508, 352.078000000]: Footprint model 'polygon' loaded for trajectory optimization.
[INFO] [1783856866.041920228, 352.688000000]: Footprint model 'polygon' loaded for trajectory optimization.
[INFO] [1783856866.694079392, 353.336000000]: Footprint model 'polygon' loaded for trajectory optimization.
[INFO] [1783856867.241681886, 353.884000000]: Footprint model 'polygon' loaded for trajectory optimization.
[INFO] [1783856868.622190844, 355.264000000]: GOAL Reached!
[INFO] [1783856868.712051394, 355.352000000]: Footprint model 'polygon' loaded for trajectory optimization.
[INFO] [1783856869.587259968, 356.226000000]: Footprint model 'polygon' loaded for trajectory optimization.
[INFO] [1783856870.189078130, 356.826000000]: Footprint model 'polygon' loaded for trajectory optimization.
[INFO] [1783856870.890636914, 357.526000000]: Footprint model 'polygon' loaded for trajectory optimization.
[INFO] [1783856872.920172382, 359.552000000]: GOAL Reached!
[INFO] [1783856873.012542331, 359.644000000]: Footprint model 'polygon' loaded for trajectory optimization.
[INFO] [1783856873.895202298, 360.526000000]: Footprint model 'polygon' loaded for trajectory optimization.
[INFO] [1783856874.528807531, 361.160000000]: Footprint model 'polygon' loaded for trajectory optimization.
[INFO] [1783856875.176317186, 361.804000000]: Footprint model 'polygon' loaded for trajectory optimization.
[INFO] [1783856875.733602929, 362.360000000]: Footprint model 'polygon' loaded for trajectory optimization.
[INFO] [1783856877.211310441, 363.836000000]: GOAL Reached!
[INFO] [1783856877.298573947, 363.922000000]: Footprint model 'polygon' loaded for trajectory optimization.
[INFO] [1783856878.178573708, 364.802000000]: Footprint model 'polygon' loaded for trajectory optimization.
[INFO] [1783856878.775220623, 365.402000000]: Footprint model 'polygon' loaded for trajectory optimization.
[INFO] [1783856879.478367056, 366.098000000]: Footprint model 'polygon' loaded for trajectory optimization.
[INFO] [1783856881.410183327, 368.028000000]: GOAL Reached!
[INFO] [1783856881.499466930, 368.116000000]: Footprint model 'polygon' loaded for trajectory optimization.
[INFO] [1783856882.386940005, 369.004000000]: Footprint model 'polygon' loaded for trajectory optimization.
[INFO] [1783856883.028475685, 369.642000000]: Footprint model 'polygon' loaded for trajectory optimization.
[INFO] [1783856883.670924639, 370.286000000]: Footprint model 'polygon' loaded for trajectory optimization.
[INFO] [1783856885.604225575, 372.216000000]: GOAL Reached!
[INFO] [1783856885.690008398, 372.302000000]: Footprint model 'polygon' loaded for trajectory optimization.
[INFO] [1783856886.576932339, 373.188000000]: Footprint model 'polygon' loaded for trajectory optimization.
[INFO] [1783856887.123169457, 373.732000000]: Footprint model 'polygon' loaded for trajectory optimization.
[INFO] [1783856887.771477587, 374.380000000]: Footprint model 'polygon' loaded for trajectory optimization.
[INFO] [1783856889.703720816, 376.308000000]: GOAL Reached!
[INFO] [1783856889.809031179, 376.414000000]: Footprint model 'polygon' loaded for trajectory optimization.
[INFO] [1783856890.681965089, 377.282000000]: Footprint model 'polygon' loaded for trajectory optimization.
[INFO] [1783856891.277614556, 377.878000000]: Footprint model 'polygon' loaded for trajectory optimization.
[INFO] [1783856891.871078026, 378.474000000]: Footprint model 'polygon' loaded for trajectory optimization.
[INFO] [1783856892.424205785, 379.024000000]: Footprint model 'polygon' loaded for trajectory optimization.
[INFO] [1783856893.807954405, 380.404000000]: GOAL Reached!
[INFO] [1783856893.893757294, 380.490000000]: Footprint model 'polygon' loaded for trajectory optimization.
[INFO] [1783856894.786446059, 381.382000000]: Footprint model 'polygon' loaded for trajectory optimization.
[INFO] [1783856895.441488022, 382.036000000]: Footprint model 'polygon' loaded for trajectory optimization.
[INFO] [1783856896.040583685, 382.634000000]: Footprint model 'polygon' loaded for trajectory optimization.
[INFO] [1783856897.921834555, 384.510000000]: GOAL Reached!
[INFO] [1783856898.022597845, 384.610000000]: Footprint model 'polygon' loaded for trajectory optimization.
[INFO] [1783856898.894388651, 385.482000000]: Footprint model 'polygon' loaded for trajectory optimization.
[INFO] [1783856899.481566896, 386.068000000]: Footprint model 'polygon' loaded for trajectory optimization.
[INFO] [1783856900.185847838, 386.772000000]: Footprint model 'polygon' loaded for trajectory optimization.
[INFO] [1783856902.217985254, 388.800000000]: GOAL Reached!
[INFO] [1783856902.315295793, 388.898000000]: Footprint model 'polygon' loaded for trajectory optimization.
[INFO] [1783856903.201208576, 389.782000000]: Footprint model 'polygon' loaded for trajectory optimization.
[INFO] [1783856903.749012992, 390.330000000]: Footprint model 'polygon' loaded for trajectory optimization.
[INFO] [1783856904.349285970, 390.928000000]: Footprint model 'polygon' loaded for trajectory optimization.
[INFO] [1783856904.949866123, 391.530000000]: Footprint model 'polygon' loaded for trajectory optimization.
[INFO] [1783856906.533811669, 393.108000000]: GOAL Reached!
[INFO] [1783856906.611669639, 393.186000000]: Footprint model 'polygon' loaded for trajectory optimization.
[INFO] [1783856907.489202398, 394.062000000]: Footprint model 'polygon' loaded for trajectory optimization.
[INFO] [1783856908.038387386, 394.610000000]: Footprint model 'polygon' loaded for trajectory optimization.
[INFO] [1783856908.686245944, 395.258000000]: Footprint model 'polygon' loaded for trajectory optimization.
[INFO] [1783856910.719933687, 397.288000000]: GOAL Reached!
[INFO] [1783856910.813063874, 397.382000000]: Footprint model 'polygon' loaded for trajectory optimization.
[INFO] [1783856911.697984413, 398.262000000]: Footprint model 'polygon' loaded for trajectory optimization.
[INFO] [1783856912.390785684, 398.956000000]: Footprint model 'polygon' loaded for trajectory optimization.
[INFO] [1783856912.944992040, 399.510000000]: Footprint model 'polygon' loaded for trajectory optimization.
[INFO] [1783856914.723058392, 401.284000000]: GOAL Reached!
[INFO] [1783856914.816883194, 401.378000000]: Footprint model 'polygon' loaded for trajectory optimization.
[INFO] [1783856915.698009758, 402.260000000]: Footprint model 'polygon' loaded for trajectory optimization.
[INFO] [1783856916.390752866, 402.948000000]: Footprint model 'polygon' loaded for trajectory optimization.
[INFO] [1783856917.090218920, 403.646000000]: Footprint model 'polygon' loaded for trajectory optimization.
[INFO] [1783856918.819162282, 405.376000000]: GOAL Reached!
[INFO] [1783856918.919785081, 405.478000000]: Footprint model 'polygon' loaded for trajectory optimization.
[INFO] [1783856919.812269336, 406.364000000]: Footprint model 'polygon' loaded for trajectory optimization.
[INFO] [1783856920.409099998, 406.962000000]: Footprint model 'polygon' loaded for trajectory optimization.
[INFO] [1783856921.060315897, 407.610000000]: Footprint model 'polygon' loaded for trajectory optimization.
[INFO] [1783856921.712954813, 408.262000000]: Footprint model 'polygon' loaded for trajectory optimization.
[INFO] [1783856923.143579597, 409.690000000]: GOAL Reached!
[INFO] [1783856923.221637849, 409.768000000]: Footprint model 'polygon' loaded for trajectory optimization.
[INFO] [1783856924.098528411, 410.642000000]: Footprint model 'polygon' loaded for trajectory optimization.
[INFO] [1783856924.752716349, 411.294000000]: Footprint model 'polygon' loaded for trajectory optimization.
[INFO] [1783856925.343688221, 411.886000000]: Footprint model 'polygon' loaded for trajectory optimization.
[INFO] [1783856927.323532077, 413.862000000]: GOAL Reached!
[INFO] [1783856927.408272912, 413.946000000]: Footprint model 'polygon' loaded for trajectory optimization.
[INFO] [1783856928.262078385, 414.798000000]: Footprint model 'polygon' loaded for trajectory optimization.
[INFO] [1783856928.867095291, 415.402000000]: Footprint model 'polygon' loaded for trajectory optimization.
[INFO] [1783856929.515380235, 416.050000000]: Footprint model 'polygon' loaded for trajectory optimization.
[INFO] [1783856930.171173882, 416.704000000]: Footprint model 'polygon' loaded for trajectory optimization.
[INFO] [1783856931.596088426, 418.128000000]: GOAL Reached!
[INFO] [1783856931.686989736, 418.218000000]: Footprint model 'polygon' loaded for trajectory optimization.
[INFO] [1783856932.591786503, 419.122000000]: Footprint model 'polygon' loaded for trajectory optimization.
[INFO] [1783856933.282852292, 419.810000000]: Footprint model 'polygon' loaded for trajectory optimization.
[INFO] [1783856933.928980876, 420.458000000]: Footprint model 'polygon' loaded for trajectory optimization.
[INFO] [1783856934.530509952, 421.056000000]: Footprint model 'polygon' loaded for trajectory optimization.
[INFO] [1783856935.911407143, 422.434000000]: GOAL Reached!
[INFO] [1783856935.997095178, 422.520000000]: Footprint model 'polygon' loaded for trajectory optimization.
[INFO] [1783856936.861164828, 423.384000000]: Footprint model 'polygon' loaded for trajectory optimization.
[INFO] [1783856937.417298236, 423.938000000]: Footprint model 'polygon' loaded for trajectory optimization.
[INFO] [1783856938.065755904, 424.586000000]: Footprint model 'polygon' loaded for trajectory optimization.
[INFO] [1783856938.613508853, 425.134000000]: Footprint model 'polygon' loaded for trajectory optimization.
[INFO] [1783856940.099224059, 426.614000000]: GOAL Reached!
[INFO] [1783856940.175297171, 426.690000000]: Footprint model 'polygon' loaded for trajectory optimization.
[INFO] [1783856941.051724574, 427.566000000]: Footprint model 'polygon' loaded for trajectory optimization.
[INFO] [1783856941.749355541, 428.262000000]: Footprint model 'polygon' loaded for trajectory optimization.
[INFO] [1783856942.395159855, 428.908000000]: Footprint model 'polygon' loaded for trajectory optimization.
[INFO] [1783856944.375869466, 430.884000000]: GOAL Reached!
[INFO] [1783856944.464557928, 430.974000000]: Footprint model 'polygon' loaded for trajectory optimization.
[INFO] [1783856945.354408114, 431.862000000]: Footprint model 'polygon' loaded for trajectory optimization.
[INFO] [1783856945.993101652, 432.500000000]: Footprint model 'polygon' loaded for trajectory optimization.
[INFO] [1783856946.596513759, 433.102000000]: Footprint model 'polygon' loaded for trajectory optimization.
[INFO] [1783856948.471703948, 434.976000000]: GOAL Reached!
[INFO] [1783856948.553939190, 435.058000000]: Footprint model 'polygon' loaded for trajectory optimization.
[INFO] [1783856949.419005519, 435.922000000]: Footprint model 'polygon' loaded for trajectory optimization.
[INFO] [1783856950.068676639, 436.570000000]: Footprint model 'polygon' loaded for trajectory optimization.
[INFO] [1783856950.666558495, 437.166000000]: Footprint model 'polygon' loaded for trajectory optimization.
[INFO] [1783856952.542468160, 439.042000000]: GOAL Reached!
[INFO] [1783856952.628786500, 439.128000000]: Footprint model 'polygon' loaded for trajectory optimization.
[INFO] [1783856953.496846994, 439.994000000]: Footprint model 'polygon' loaded for trajectory optimization.
[INFO] [1783856954.105878010, 440.602000000]: Footprint model 'polygon' loaded for trajectory optimization.
[INFO] [1783856954.801884781, 441.298000000]: Footprint model 'polygon' loaded for trajectory optimization.
[INFO] [1783856955.400459257, 441.896000000]: Footprint model 'polygon' loaded for trajectory optimization.
[INFO] [1783856956.732008352, 443.226000000]: GOAL Reached!
[INFO] [1783856956.832097796, 443.324000000]: Footprint model 'polygon' loaded for trajectory optimization.
[INFO] [1783856957.712332003, 444.202000000]: Footprint model 'polygon' loaded for trajectory optimization.
[INFO] [1783856958.264337936, 444.752000000]: Footprint model 'polygon' loaded for trajectory optimization.
[INFO] [1783856958.907713683, 445.396000000]: Footprint model 'polygon' loaded for trajectory optimization.
[INFO] [1783856960.940243626, 447.426000000]: GOAL Reached!
[INFO] [1783856961.009119607, 447.496000000]: Footprint model 'polygon' loaded for trajectory optimization.
[INFO] [1783856961.875593023, 448.358000000]: Footprint model 'polygon' loaded for trajectory optimization.
[INFO] [1783856962.473499970, 448.954000000]: Footprint model 'polygon' loaded for trajectory optimization.
[INFO] [1783856963.071878731, 449.552000000]: Footprint model 'polygon' loaded for trajectory optimization.
[INFO] [1783856963.624463733, 450.102000000]: Footprint model 'polygon' loaded for trajectory optimization.
[INFO] [1783856965.503098146, 451.982000000]: GOAL Reached!
[INFO] [1783856965.587644596, 452.066000000]: Footprint model 'polygon' loaded for trajectory optimization.
[INFO] [1783856966.453255842, 452.928000000]: Footprint model 'polygon' loaded for trajectory optimization.
[INFO] [1783856967.136029261, 453.610000000]: Footprint model 'polygon' loaded for trajectory optimization.
[INFO] [1783856967.738276942, 454.210000000]: Footprint model 'polygon' loaded for trajectory optimization.
[INFO] [1783856969.671714671, 456.140000000]: GOAL Reached!
[INFO] [1783856969.749646849, 456.218000000]: Footprint model 'polygon' loaded for trajectory optimization.
[INFO] [1783856970.615048239, 457.082000000]: Footprint model 'polygon' loaded for trajectory optimization.
[INFO] [1783856971.169305237, 457.638000000]: Footprint model 'polygon' loaded for trajectory optimization.
[INFO] [1783856971.767162814, 458.232000000]: Footprint model 'polygon' loaded for trajectory optimization.
[INFO] [1783856972.415269498, 458.880000000]: Footprint model 'polygon' loaded for trajectory optimization.
[INFO] [1783856973.949675857, 460.410000000]: GOAL Reached!
[INFO] [1783856974.035161767, 460.496000000]: Footprint model 'polygon' loaded for trajectory optimization.
[INFO] [1783856974.925449769, 461.386000000]: Footprint model 'polygon' loaded for trajectory optimization.
[INFO] [1783856975.561552891, 462.018000000]: Footprint model 'polygon' loaded for trajectory optimization.
[INFO] [1783856976.205315966, 462.666000000]: Footprint model 'polygon' loaded for trajectory optimization.
[INFO] [1783856978.037855671, 464.496000000]: GOAL Reached!
[INFO] [1783856978.127279803, 464.586000000]: Footprint model 'polygon' loaded for trajectory optimization.
[INFO] [1783856979.011876819, 465.464000000]: Footprint model 'polygon' loaded for trajectory optimization.
[INFO] [1783856979.655968079, 466.106000000]: Footprint model 'polygon' loaded for trajectory optimization.
[INFO] [1783856980.301313016, 466.752000000]: Footprint model 'polygon' loaded for trajectory optimization.
[INFO] [1783856980.902630503, 467.350000000]: Footprint model 'polygon' loaded for trajectory optimization.
[INFO] [1783856982.333969043, 468.780000000]: GOAL Reached!
[INFO] [1783856982.421385113, 468.868000000]: Footprint model 'polygon' loaded for trajectory optimization.
[INFO] [1783856983.298311475, 469.744000000]: Footprint model 'polygon' loaded for trajectory optimization.
[INFO] [1783856983.896451042, 470.340000000]: Footprint model 'polygon' loaded for trajectory optimization.
[INFO] [1783856984.447483486, 470.890000000]: Footprint model 'polygon' loaded for trajectory optimization.
[INFO] [1783856985.048263291, 471.490000000]: Footprint model 'polygon' loaded for trajectory optimization.
[INFO] [1783856986.728365285, 473.168000000]: GOAL Reached!
[INFO] [1783856986.825462396, 473.264000000]: Footprint model 'polygon' loaded for trajectory optimization.
[INFO] [1783856987.739774481, 474.176000000]: Footprint model 'polygon' loaded for trajectory optimization.
[INFO] [1783856988.356343217, 474.790000000]: Footprint model 'polygon' loaded for trajectory optimization.
[INFO] [1783856988.958720833, 475.394000000]: Footprint model 'polygon' loaded for trajectory optimization.
[INFO] [1783856989.600881964, 476.038000000]: Footprint model 'polygon' loaded for trajectory optimization.
[INFO] [1783856991.033828587, 477.468000000]: GOAL Reached!
[INFO] [1783856991.115731964, 477.548000000]: Footprint model 'polygon' loaded for trajectory optimization.
[INFO] [1783856991.993514713, 478.422000000]: Footprint model 'polygon' loaded for trajectory optimization.
[INFO] [1783856992.589246025, 479.018000000]: Footprint model 'polygon' loaded for trajectory optimization.
[INFO] [1783856993.290536475, 479.718000000]: Footprint model 'polygon' loaded for trajectory optimization.
[INFO] [1783856995.122391364, 481.546000000]: GOAL Reached!
[INFO] [1783856995.224417439, 481.650000000]: Footprint model 'polygon' loaded for trajectory optimization.
[INFO] [1783856996.118975655, 482.542000000]: Footprint model 'polygon' loaded for trajectory optimization.
[INFO] [1783856996.815794763, 483.236000000]: Footprint model 'polygon' loaded for trajectory optimization.
[INFO] [1783856997.412172236, 483.832000000]: Footprint model 'polygon' loaded for trajectory optimization.
[INFO] [1783856999.244777808, 485.662000000]: GOAL Reached!
[INFO] [1783856999.337473033, 485.754000000]: Footprint model 'polygon' loaded for trajectory optimization.
[INFO] [1783857000.209936660, 486.624000000]: Footprint model 'polygon' loaded for trajectory optimization.
[INFO] [1783857000.757007018, 487.174000000]: Footprint model 'polygon' loaded for trajectory optimization.
[INFO] [1783857001.407712792, 487.820000000]: Footprint model 'polygon' loaded for trajectory optimization.
[INFO] [1783857003.438535400, 489.850000000]: GOAL Reached!
[INFO] [1783857003.534006083, 489.944000000]: Footprint model 'polygon' loaded for trajectory optimization.
[INFO] [1783857004.413102965, 490.824000000]: Footprint model 'polygon' loaded for trajectory optimization.
[INFO] [1783857005.062437674, 491.470000000]: Footprint model 'polygon' loaded for trajectory optimization.
[INFO] [1783857005.707784193, 492.114000000]: Footprint model 'polygon' loaded for trajectory optimization.
[INFO] [1783857006.264761705, 492.670000000]: Footprint model 'polygon' loaded for trajectory optimization.
[INFO] [1783857007.841759260, 494.244000000]: GOAL Reached!
[INFO] [1783857007.931923374, 494.334000000]: Footprint model 'polygon' loaded for trajectory optimization.
[INFO] [1783857008.804285856, 495.204000000]: Footprint model 'polygon' loaded for trajectory optimization.
[INFO] [1783857009.500054836, 495.898000000]: Footprint model 'polygon' loaded for trajectory optimization.
[INFO] [1783857010.201460962, 496.598000000]: Footprint model 'polygon' loaded for trajectory optimization.
[INFO] [1783857011.931348627, 498.326000000]: GOAL Reached!
[INFO] [1783857012.023676620, 498.418000000]: Footprint model 'polygon' loaded for trajectory optimization.
[INFO] [1783857012.898654355, 499.294000000]: Footprint model 'polygon' loaded for trajectory optimization.
[INFO] [1783857013.595056030, 499.988000000]: Footprint model 'polygon' loaded for trajectory optimization.
[INFO] [1783857014.144635956, 500.536000000]: Footprint model 'polygon' loaded for trajectory optimization.
[INFO] [1783857016.020755844, 502.414000000]: GOAL Reached!
[INFO] [1783857016.091252128, 502.484000000]: Footprint model 'polygon' loaded for trajectory optimization.
[INFO] [1783857016.954234665, 503.342000000]: Footprint model 'polygon' loaded for trajectory optimization.
[INFO] [1783857017.558291072, 503.944000000]: Footprint model 'polygon' loaded for trajectory optimization.
[INFO] [1783857018.158323291, 504.542000000]: Footprint model 'polygon' loaded for trajectory optimization.
[INFO] [1783857018.808275053, 505.194000000]: Footprint model 'polygon' loaded for trajectory optimization.
[INFO] [1783857020.186304047, 506.570000000]: GOAL Reached!
[INFO] [1783857020.285028636, 506.668000000]: Footprint model 'polygon' loaded for trajectory optimization.
[INFO] [1783857021.163301010, 507.544000000]: Footprint model 'polygon' loaded for trajectory optimization.
[INFO] [1783857021.800950650, 508.184000000]: Footprint model 'polygon' loaded for trajectory optimization.
[INFO] [1783857022.407664373, 508.786000000]: Footprint model 'polygon' loaded for trajectory optimization.
[INFO] [1783857024.282064767, 510.660000000]: GOAL Reached!
[INFO] [1783857024.368463269, 510.746000000]: Footprint model 'polygon' loaded for trajectory optimization.
[INFO] [1783857025.249741091, 511.626000000]: Footprint model 'polygon' loaded for trajectory optimization.
[INFO] [1783857025.799615304, 512.176000000]: Footprint model 'polygon' loaded for trajectory optimization.
[INFO] [1783857026.450545137, 512.824000000]: Footprint model 'polygon' loaded for trajectory optimization.
[INFO] [1783857027.054522779, 513.426000000]: Footprint model 'polygon' loaded for trajectory optimization.
[INFO] [1783857028.578399700, 514.950000000]: GOAL Reached!
[INFO] [1783857028.652476113, 515.024000000]: Footprint model 'polygon' loaded for trajectory optimization.
[INFO] [1783857029.515395389, 515.884000000]: Footprint model 'polygon' loaded for trajectory optimization.
[INFO] [1783857030.117812998, 516.484000000]: Footprint model 'polygon' loaded for trajectory optimization.
[INFO] [1783857030.765197384, 517.132000000]: Footprint model 'polygon' loaded for trajectory optimization.
[INFO] [1783857032.647814522, 519.010000000]: GOAL Reached!
[INFO] [1783857032.744536896, 519.108000000]: Footprint model 'polygon' loaded for trajectory optimization.
[INFO] [1783857033.625796737, 519.986000000]: Footprint model 'polygon' loaded for trajectory optimization.
[INFO] [1783857034.270197283, 520.630000000]: Footprint model 'polygon' loaded for trajectory optimization.
[INFO] [1783857034.871584582, 521.230000000]: Footprint model 'polygon' loaded for trajectory optimization.
[INFO] [1783857035.523884911, 521.884000000]: Footprint model 'polygon' loaded for trajectory optimization.
[INFO] [1783857037.251106772, 523.608000000]: GOAL Reached!
[INFO] [1783857037.338660564, 523.694000000]: Footprint model 'polygon' loaded for trajectory optimization.
[INFO] [1783857038.210310121, 524.562000000]: Footprint model 'polygon' loaded for trajectory optimization.
[INFO] [1783857038.762638210, 525.114000000]: Footprint model 'polygon' loaded for trajectory optimization.
[INFO] [1783857039.409781112, 525.760000000]: Footprint model 'polygon' loaded for trajectory optimization.
[INFO] [1783857039.961503573, 526.310000000]: Footprint model 'polygon' loaded for trajectory optimization.
[INFO] [1783857041.341439838, 527.690000000]: GOAL Reached!
[INFO] [1783857041.419685719, 527.768000000]: Footprint model 'polygon' loaded for trajectory optimization.
[INFO] [1783857042.298937695, 528.646000000]: Footprint model 'polygon' loaded for trajectory optimization.
[INFO] [1783857042.998568094, 529.342000000]: Footprint model 'polygon' loaded for trajectory optimization.
[INFO] [1783857043.696897353, 530.040000000]: Footprint model 'polygon' loaded for trajectory optimization.
[INFO] [1783857045.529062308, 531.870000000]: GOAL Reached!
[INFO] [1783857045.616095497, 531.956000000]: Footprint model 'polygon' loaded for trajectory optimization.
[INFO] [1783857046.503454787, 532.842000000]: Footprint model 'polygon' loaded for trajectory optimization.
[INFO] [1783857047.145583679, 533.482000000]: Footprint model 'polygon' loaded for trajectory optimization.
[INFO] [1783857047.792042261, 534.128000000]: Footprint model 'polygon' loaded for trajectory optimization.
[INFO] [1783857049.620655975, 535.956000000]: GOAL Reached!
[INFO] [1783857049.715721170, 536.050000000]: Footprint model 'polygon' loaded for trajectory optimization.
[INFO] [1783857050.614865412, 536.948000000]: Footprint model 'polygon' loaded for trajectory optimization.
[INFO] [1783857051.297252542, 537.630000000]: Footprint model 'polygon' loaded for trajectory optimization.
[INFO] [1783857051.995359204, 538.324000000]: Footprint model 'polygon' loaded for trajectory optimization.
[INFO] [1783857052.592971333, 538.924000000]: Footprint model 'polygon' loaded for trajectory optimization.
[INFO] [1783857053.194648547, 539.520000000]: Footprint model 'polygon' loaded for trajectory optimization.
[INFO] [1783857054.626977197, 540.952000000]: GOAL Reached!
[INFO] [1783857054.714017623, 541.038000000]: Footprint model 'polygon' loaded for trajectory optimization.
[INFO] [1783857055.583547451, 541.906000000]: Footprint model 'polygon' loaded for trajectory optimization.
[INFO] [1783857056.290384534, 542.612000000]: Footprint model 'polygon' loaded for trajectory optimization.
[INFO] [1783857056.984517160, 543.306000000]: Footprint model 'polygon' loaded for trajectory optimization.
[INFO] [1783857058.916057100, 545.234000000]: GOAL Reached!
[INFO] [1783857059.005100829, 545.322000000]: Footprint model 'polygon' loaded for trajectory optimization.
[INFO] [1783857059.886558418, 546.204000000]: Footprint model 'polygon' loaded for trajectory optimization.
[INFO] [1783857060.582675710, 546.900000000]: Footprint model 'polygon' loaded for trajectory optimization.
[INFO] [1783857061.127886027, 547.444000000]: Footprint model 'polygon' loaded for trajectory optimization.
[INFO] [1783857061.731333740, 548.046000000]: Footprint model 'polygon' loaded for trajectory optimization.
[INFO] [1783857063.213767879, 549.524000000]: GOAL Reached!
[INFO] [1783857063.298971435, 549.610000000]: Footprint model 'polygon' loaded for trajectory optimization.
[INFO] [1783857064.173408068, 550.482000000]: Footprint model 'polygon' loaded for trajectory optimization.
[INFO] [1783857064.733103091, 551.042000000]: Footprint model 'polygon' loaded for trajectory optimization.
[INFO] [1783857065.382030544, 551.688000000]: Footprint model 'polygon' loaded for trajectory optimization.
[INFO] [1783857067.409406498, 553.714000000]: GOAL Reached!
[INFO] [1783857067.508883378, 553.814000000]: Footprint model 'polygon' loaded for trajectory optimization.
[INFO] [1783857068.398502113, 554.704000000]: Footprint model 'polygon' loaded for trajectory optimization.
[INFO] [1783857069.079811955, 555.382000000]: Footprint model 'polygon' loaded for trajectory optimization.
[INFO] [1783857069.735480018, 556.036000000]: Footprint model 'polygon' loaded for trajectory optimization.
[INFO] [1783857070.331126611, 556.632000000]: Footprint model 'polygon' loaded for trajectory optimization.
[INFO] [1783857071.915125625, 558.212000000]: GOAL Reached!
[INFO] [1783857072.003178295, 558.300000000]: Footprint model 'polygon' loaded for trajectory optimization.
[INFO] [1783857072.887010694, 559.182000000]: Footprint model 'polygon' loaded for trajectory optimization.
[INFO] [1783857073.529205309, 559.822000000]: Footprint model 'polygon' loaded for trajectory optimization.
[INFO] [1783857074.126897562, 560.418000000]: Footprint model 'polygon' loaded for trajectory optimization.
[INFO] [1783857074.731281139, 561.024000000]: Footprint model 'polygon' loaded for trajectory optimization.
[INFO] [1783857076.109430069, 562.398000000]: GOAL Reached!
[INFO] [1783857076.192576376, 562.482000000]: Footprint model 'polygon' loaded for trajectory optimization.
[INFO] [1783857077.071359093, 563.362000000]: Footprint model 'polygon' loaded for trajectory optimization.
[INFO] [1783857077.767816464, 564.054000000]: Footprint model 'polygon' loaded for trajectory optimization.
[INFO] [1783857078.463807188, 564.752000000]: Footprint model 'polygon' loaded for trajectory optimization.
[INFO] [1783857080.296161384, 566.578000000]: GOAL Reached!
[INFO] [1783857080.382981079, 566.664000000]: Footprint model 'polygon' loaded for trajectory optimization.
[INFO] [1783857081.239385207, 567.522000000]: Footprint model 'polygon' loaded for trajectory optimization.
[INFO] [1783857081.846570808, 568.126000000]: Footprint model 'polygon' loaded for trajectory optimization.
[INFO] [1783857082.544520980, 568.822000000]: Footprint model 'polygon' loaded for trajectory optimization.
[INFO] [1783857084.580121260, 570.854000000]: GOAL Reached!
[INFO] [1783857084.686492938, 570.960000000]: Footprint model 'polygon' loaded for trajectory optimization.
[INFO] [1783857085.557328044, 571.830000000]: Footprint model 'polygon' loaded for trajectory optimization.
[INFO] [1783857086.259062846, 572.530000000]: Footprint model 'polygon' loaded for trajectory optimization.
[INFO] [1783857086.908687499, 573.178000000]: Footprint model 'polygon' loaded for trajectory optimization.
[INFO] [1783857087.561956496, 573.830000000]: Footprint model 'polygon' loaded for trajectory optimization.
[INFO] [1783857088.989290690, 575.256000000]: GOAL Reached!
[INFO] [1783857089.073431065, 575.340000000]: Footprint model 'polygon' loaded for trajectory optimization.
[INFO] [1783857089.957632214, 576.222000000]: Footprint model 'polygon' loaded for trajectory optimization.
[INFO] [1783857090.649327710, 576.914000000]: Footprint model 'polygon' loaded for trajectory optimization.
[INFO] [1783857091.345639790, 577.608000000]: Footprint model 'polygon' loaded for trajectory optimization.
[INFO] [1783857091.898488421, 578.160000000]: Footprint model 'polygon' loaded for trajectory optimization.
[INFO] [1783857093.278007293, 579.540000000]: GOAL Reached!
[INFO] [1783857093.380719799, 579.642000000]: Footprint model 'polygon' loaded for trajectory optimization.
[INFO] [1783857094.262218567, 580.522000000]: Footprint model 'polygon' loaded for trajectory optimization.
[INFO] [1783857094.954697058, 581.214000000]: Footprint model 'polygon' loaded for trajectory optimization.
[INFO] [1783857095.553029289, 581.808000000]: Footprint model 'polygon' loaded for trajectory optimization.
[INFO] [1783857096.155931365, 582.410000000]: Footprint model 'polygon' loaded for trajectory optimization.
[INFO] [1783857097.685876341, 583.940000000]: GOAL Reached!
[INFO] [1783857097.768560111, 584.022000000]: Footprint model 'polygon' loaded for trajectory optimization.
[INFO] [1783857098.653386360, 584.906000000]: Footprint model 'polygon' loaded for trajectory optimization.
[INFO] [1783857099.296073867, 585.546000000]: Footprint model 'polygon' loaded for trajectory optimization.
[INFO] [1783857099.948909990, 586.198000000]: Footprint model 'polygon' loaded for trajectory optimization.
[INFO] [1783857100.593781294, 586.842000000]: Footprint model 'polygon' loaded for trajectory optimization.
[INFO] [1783857102.073705413, 588.320000000]: GOAL Reached!
[INFO] [1783857102.165315925, 588.412000000]: Footprint model 'polygon' loaded for trajectory optimization.
[INFO] [1783857103.039636045, 589.284000000]: Footprint model 'polygon' loaded for trajectory optimization.
[INFO] [1783857103.683825241, 589.928000000]: Footprint model 'polygon' loaded for trajectory optimization.
[INFO] [1783857104.288585359, 590.530000000]: Footprint model 'polygon' loaded for trajectory optimization.
[INFO] [1783857106.265310324, 592.504000000]: GOAL Reached!
[INFO] [1783857106.355960919, 592.594000000]: Footprint model 'polygon' loaded for trajectory optimization.
[INFO] [1783857107.223572481, 593.460000000]: Footprint model 'polygon' loaded for trajectory optimization.
[INFO] [1783857107.947955065, 594.186000000]: Footprint model 'polygon' loaded for trajectory optimization.
[INFO] [1783857108.799050529, 595.032000000]: Footprint model 'polygon' loaded for trajectory optimization.
[INFO] [1783857109.345203965, 595.578000000]: Footprint model 'polygon' loaded for trajectory optimization.
[INFO] [1783857109.994844968, 596.226000000]: Footprint model 'polygon' loaded for trajectory optimization.
[INFO] [1783857110.594496206, 596.824000000]: Footprint model 'polygon' loaded for trajectory optimization.
[INFO] [1783857112.137852389, 598.366000000]: GOAL Reached!
[INFO] [1783857112.219290499, 598.448000000]: Footprint model 'polygon' loaded for trajectory optimization.
[INFO] [1783857113.106146802, 599.330000000]: Footprint model 'polygon' loaded for trajectory optimization.
[INFO] [1783857113.654153103, 599.878000000]: Footprint model 'polygon' loaded for trajectory optimization.
[INFO] [1783857114.255324578, 600.478000000]: Footprint model 'polygon' loaded for trajectory optimization.
[INFO] [1783857115.191033247, 601.414000000]: Footprint model 'polygon' loaded for trajectory optimization.
[INFO] [1783857116.193995849, 602.414000000]: Footprint model 'polygon' loaded for trajectory optimization.
[INFO] [1783857117.051780536, 603.270000000]: Footprint model 'polygon' loaded for trajectory optimization.
[INFO] [1783857117.638430034, 603.856000000]: Footprint model 'polygon' loaded for trajectory optimization.
[INFO] [1783857118.191188987, 604.410000000]: Footprint model 'polygon' loaded for trajectory optimization.
[INFO] [1783857118.843250437, 605.060000000]: Footprint model 'polygon' loaded for trajectory optimization.
[INFO] [1783857120.485819507, 606.698000000]: GOAL Reached!
[INFO] [1783857120.586735542, 606.800000000]: Footprint model 'polygon' loaded for trajectory optimization.
[INFO] [1783857121.454663274, 607.670000000]: Footprint model 'polygon' loaded for trajectory optimization.
[INFO] [1783857122.008533301, 608.220000000]: Footprint model 'polygon' loaded for trajectory optimization.
[INFO] [1783857122.625266707, 608.836000000]: Footprint model 'polygon' loaded for trajectory optimization.
[INFO] [1783857123.585008891, 609.794000000]: Footprint model 'polygon' loaded for trajectory optimization.
[INFO] [1783857124.592969321, 610.800000000]: Footprint model 'polygon' loaded for trajectory optimization.
[INFO] [1783857125.442663648, 611.650000000]: Footprint model 'polygon' loaded for trajectory optimization.
[INFO] [1783857126.034308862, 612.240000000]: Footprint model 'polygon' loaded for trajectory optimization.
[INFO] [1783857126.633439987, 612.838000000]: Footprint model 'polygon' loaded for trajectory optimization.
[INFO] [1783857127.239262999, 613.440000000]: Footprint model 'polygon' loaded for trajectory optimization.
[INFO] [1783857128.978263270, 615.180000000]: GOAL Reached!
[INFO] [1783857129.070459417, 615.270000000]: Footprint model 'polygon' loaded for trajectory optimization.
[INFO] [1783857129.952768554, 616.150000000]: Footprint model 'polygon' loaded for trajectory optimization.
[INFO] [1783857130.494250660, 616.690000000]: Footprint model 'polygon' loaded for trajectory optimization.
[INFO] [1783857131.477988998, 617.674000000]: Footprint model 'polygon' loaded for trajectory optimization.
[INFO] [1783857132.463237322, 618.656000000]: Footprint model 'polygon' loaded for trajectory optimization.
[INFO] [1783857133.299277842, 619.490000000]: Footprint model 'polygon' loaded for trajectory optimization.
[INFO] [1783857133.855252494, 620.046000000]: Footprint model 'polygon' loaded for trajectory optimization.
[INFO] [1783857134.454229630, 620.646000000]: Footprint model 'polygon' loaded for trajectory optimization.
[INFO] [1783857135.055213469, 621.246000000]: Footprint model 'polygon' loaded for trajectory optimization.
[INFO] [1783857136.746893491, 622.934000000]: GOAL Reached!
[INFO] [1783857136.849748373, 623.036000000]: Footprint model 'polygon' loaded for trajectory optimization.
[INFO] [1783857137.726161505, 623.910000000]: Footprint model 'polygon' loaded for trajectory optimization.
[INFO] [1783857138.282264037, 624.466000000]: Footprint model 'polygon' loaded for trajectory optimization.
[INFO] [1783857138.934487555, 625.116000000]: Footprint model 'polygon' loaded for trajectory optimization.
[INFO] [1783857139.916377261, 626.096000000]: Footprint model 'polygon' loaded for trajectory optimization.
[INFO] [1783857140.893132226, 627.074000000]: Footprint model 'polygon' loaded for trajectory optimization.
[INFO] [1783857141.732903431, 627.912000000]: Footprint model 'polygon' loaded for trajectory optimization.
[INFO] [1783857142.340277573, 628.516000000]: Footprint model 'polygon' loaded for trajectory optimization.
[INFO] [1783857142.892073595, 629.066000000]: Footprint model 'polygon' loaded for trajectory optimization.
[INFO] [1783857143.489508335, 629.664000000]: Footprint model 'polygon' loaded for trajectory optimization.
[INFO] [1783857145.283632000, 631.454000000]: GOAL Reached!
[INFO] [1783857145.381512132, 631.554000000]: Footprint model 'polygon' loaded for trajectory optimization.
[INFO] [1783857146.261523737, 632.430000000]: Footprint model 'polygon' loaded for trajectory optimization.
[INFO] [1783857146.852714597, 633.020000000]: Footprint model 'polygon' loaded for trajectory optimization.
[INFO] [1783857147.497206422, 633.666000000]: Footprint model 'polygon' loaded for trajectory optimization.
[INFO] [1783857148.488394638, 634.654000000]: Footprint model 'polygon' loaded for trajectory optimization.
[INFO] [1783857149.452874078, 635.616000000]: Footprint model 'polygon' loaded for trajectory optimization.
[INFO] [1783857150.302829361, 636.466000000]: Footprint model 'polygon' loaded for trajectory optimization.
[INFO] [1783857150.911716347, 637.072000000]: Footprint model 'polygon' loaded for trajectory optimization.
[INFO] [1783857151.510219214, 637.670000000]: Footprint model 'polygon' loaded for trajectory optimization.
[INFO] [1783857152.111412027, 638.270000000]: Footprint model 'polygon' loaded for trajectory optimization.
[INFO] [1783857153.853584563, 640.010000000]: GOAL Reached!
[INFO] [1783857153.941045245, 640.098000000]: Footprint model 'polygon' loaded for trajectory optimization.
[INFO] [1783857154.816064065, 640.970000000]: Footprint model 'polygon' loaded for trajectory optimization.
[INFO] [1783857155.460084409, 641.612000000]: Footprint model 'polygon' loaded for trajectory optimization.
[INFO] [1783857156.105401151, 642.258000000]: Footprint model 'polygon' loaded for trajectory optimization.
[INFO] [1783857156.706634991, 642.858000000]: Footprint model 'polygon' loaded for trajectory optimization.
[INFO] [1783857157.306801070, 643.456000000]: Footprint model 'polygon' loaded for trajectory optimization.
[INFO] [1783857157.860639418, 644.010000000]: Footprint model 'polygon' loaded for trajectory optimization.
[INFO] [1783857159.348677645, 645.498000000]: GOAL Reached!
[INFO] [1783857159.448609093, 645.598000000]: Footprint model 'polygon' loaded for trajectory optimization.
[INFO] [1783857160.327709594, 646.472000000]: Footprint model 'polygon' loaded for trajectory optimization.
[INFO] [1783857160.887028921, 647.030000000]: Footprint model 'polygon' loaded for trajectory optimization.
[INFO] [1783857161.830015935, 647.972000000]: Footprint model 'polygon' loaded for trajectory optimization.
[INFO] [1783857162.770238970, 648.910000000]: Footprint model 'polygon' loaded for trajectory optimization.
[INFO] [1783857163.317602290, 649.456000000]: Footprint model 'polygon' loaded for trajectory optimization.
[INFO] [1783857163.965782303, 650.104000000]: Footprint model 'polygon' loaded for trajectory optimization.
[INFO] [1783857164.518469735, 650.654000000]: Footprint model 'polygon' loaded for trajectory optimization.
[INFO] [1783857165.117635252, 651.254000000]: Footprint model 'polygon' loaded for trajectory optimization.
[INFO] [1783857166.509351169, 652.642000000]: GOAL Reached!
[INFO] [1783857166.604539855, 652.738000000]: Footprint model 'polygon' loaded for trajectory optimization.
[INFO] [1783857167.478946721, 653.610000000]: Footprint model 'polygon' loaded for trajectory optimization.
[INFO] [1783857168.022939850, 654.156000000]: Footprint model 'polygon' loaded for trajectory optimization.
[INFO] [1783857168.672448702, 654.802000000]: Footprint model 'polygon' loaded for trajectory optimization.
[INFO] [1783857169.276844303, 655.404000000]: Footprint model 'polygon' loaded for trajectory optimization.
[INFO] [1783857169.979828561, 656.106000000]: Footprint model 'polygon' loaded for trajectory optimization.
[INFO] [1783857170.571348684, 656.700000000]: Footprint model 'polygon' loaded for trajectory optimization.
[INFO] [1783857172.218921007, 658.342000000]: GOAL Reached!
[INFO] [1783857172.326052242, 658.448000000]: Footprint model 'polygon' loaded for trajectory optimization.
[INFO] [1783857173.191339917, 659.312000000]: Footprint model 'polygon' loaded for trajectory optimization.
[INFO] [1783857173.793359485, 659.914000000]: Footprint model 'polygon' loaded for trajectory optimization.
[INFO] [1783857174.773535791, 660.892000000]: Footprint model 'polygon' loaded for trajectory optimization.
[INFO] [1783857175.737477193, 661.852000000]: Footprint model 'polygon' loaded for trajectory optimization.
[INFO] [1783857176.377726706, 662.496000000]: Footprint model 'polygon' loaded for trajectory optimization.
[INFO] [1783857177.028031411, 663.142000000]: Footprint model 'polygon' loaded for trajectory optimization.
[INFO] [1783857177.577475879, 663.694000000]: Footprint model 'polygon' loaded for trajectory optimization.
[INFO] [1783857179.266885931, 665.382000000]: GOAL Reached!
[INFO] [1783857179.356686083, 665.470000000]: Footprint model 'polygon' loaded for trajectory optimization.
[INFO] [1783857180.221659768, 666.332000000]: Footprint model 'polygon' loaded for trajectory optimization.
[INFO] [1783857180.825851887, 666.934000000]: Footprint model 'polygon' loaded for trajectory optimization.
[INFO] [1783857181.425867882, 667.532000000]: Footprint model 'polygon' loaded for trajectory optimization.
[INFO] [1783857181.977308607, 668.084000000]: Footprint model 'polygon' loaded for trajectory optimization.
[INFO] [1783857182.580624486, 668.686000000]: Footprint model 'polygon' loaded for trajectory optimization.
[INFO] [1783857183.179024289, 669.284000000]: Footprint model 'polygon' loaded for trajectory optimization.
[INFO] [1783857184.869003749, 670.972000000]: GOAL Reached!
[INFO] [1783857184.967434010, 671.070000000]: Footprint model 'polygon' loaded for trajectory optimization.
[INFO] [1783857185.827920669, 671.930000000]: Footprint model 'polygon' loaded for trajectory optimization.
[INFO] [1783857186.424047065, 672.526000000]: Footprint model 'polygon' loaded for trajectory optimization.
[INFO] [1783857187.374074397, 673.474000000]: Footprint model 'polygon' loaded for trajectory optimization.
[INFO] [1783857188.316518073, 674.412000000]: Footprint model 'polygon' loaded for trajectory optimization.
[INFO] [1783857188.920647129, 675.014000000]: Footprint model 'polygon' loaded for trajectory optimization.
[INFO] [1783857189.470329506, 675.564000000]: Footprint model 'polygon' loaded for trajectory optimization.
[INFO] [1783857190.071692706, 676.164000000]: Footprint model 'polygon' loaded for trajectory optimization.
[INFO] [1783857190.671793377, 676.764000000]: Footprint model 'polygon' loaded for trajectory optimization.
[INFO] [1783857192.062813795, 678.152000000]: GOAL Reached!
[INFO] [1783857192.144224069, 678.232000000]: Footprint model 'polygon' loaded for trajectory optimization.
[INFO] [1783857193.004205697, 679.092000000]: Footprint model 'polygon' loaded for trajectory optimization.
[INFO] [1783857193.553669711, 679.640000000]: Footprint model 'polygon' loaded for trajectory optimization.
[INFO] [1783857194.203473906, 680.290000000]: Footprint model 'polygon' loaded for trajectory optimization.
[INFO] [1783857194.753045545, 680.838000000]: Footprint model 'polygon' loaded for trajectory optimization.
[INFO] [1783857195.398524646, 681.484000000]: Footprint model 'polygon' loaded for trajectory optimization.
[INFO] [1783857195.999516567, 682.082000000]: Footprint model 'polygon' loaded for trajectory optimization.
[INFO] [1783857197.747129983, 683.826000000]: GOAL Reached!
[INFO] [1783857197.854777378, 683.934000000]: Footprint model 'polygon' loaded for trajectory optimization.
[INFO] [1783857198.733081800, 684.810000000]: Footprint model 'polygon' loaded for trajectory optimization.
[INFO] [1783857199.284122863, 685.360000000]: Footprint model 'polygon' loaded for trajectory optimization.
[INFO] [1783857199.937610870, 686.012000000]: Footprint model 'polygon' loaded for trajectory optimization.
[INFO] [1783857200.899959445, 686.972000000]: Footprint model 'polygon' loaded for trajectory optimization.
[INFO] [1783857201.841156486, 687.912000000]: Footprint model 'polygon' loaded for trajectory optimization.
[INFO] [1783857202.447915271, 688.518000000]: Footprint model 'polygon' loaded for trajectory optimization.
[INFO] [1783857202.995548970, 689.064000000]: Footprint model 'polygon' loaded for trajectory optimization.
[INFO] [1783857203.596335886, 689.664000000]: Footprint model 'polygon' loaded for trajectory optimization.
[INFO] [1783857205.389437340, 691.454000000]: GOAL Reached!
[INFO] [1783857205.476615847, 691.542000000]: Footprint model 'polygon' loaded for trajectory optimization.
[INFO] [1783857206.348148647, 692.412000000]: Footprint model 'polygon' loaded for trajectory optimization.
[INFO] [1783857206.892636878, 692.954000000]: Footprint model 'polygon' loaded for trajectory optimization.
[INFO] [1783857207.540734269, 693.600000000]: Footprint model 'polygon' loaded for trajectory optimization.
[INFO] [1783857208.140256533, 694.200000000]: Footprint model 'polygon' loaded for trajectory optimization.
[INFO] [1783857208.694387104, 694.754000000]: Footprint model 'polygon' loaded for trajectory optimization.
[INFO] [1783857209.296601446, 695.354000000]: Footprint model 'polygon' loaded for trajectory optimization.
[INFO] [1783857210.886823300, 696.942000000]: GOAL Reached!
[INFO] [1783857210.972066763, 697.026000000]: Footprint model 'polygon' loaded for trajectory optimization.
[INFO] [1783857211.839570245, 697.892000000]: Footprint model 'polygon' loaded for trajectory optimization.
[INFO] [1783857212.388592167, 698.440000000]: Footprint model 'polygon' loaded for trajectory optimization.
[INFO] [1783857213.343591368, 699.394000000]: Footprint model 'polygon' loaded for trajectory optimization.
[INFO] [1783857214.302274264, 700.352000000]: Footprint model 'polygon' loaded for trajectory optimization.
[INFO] [1783857214.995886327, 701.044000000]: Footprint model 'polygon' loaded for trajectory optimization.
[INFO] [1783857215.594290422, 701.640000000]: Footprint model 'polygon' loaded for trajectory optimization.
[INFO] [1783857216.195210109, 702.240000000]: Footprint model 'polygon' loaded for trajectory optimization.
[INFO] [1783857217.939052634, 703.982000000]: GOAL Reached!
[INFO] [1783857218.041039294, 704.084000000]: Footprint model 'polygon' loaded for trajectory optimization.
[INFO] [1783857218.907007502, 704.950000000]: Footprint model 'polygon' loaded for trajectory optimization.
[INFO] [1783857219.458442757, 705.500000000]: Footprint model 'polygon' loaded for trajectory optimization.
[INFO] [1783857220.062097070, 706.100000000]: Footprint model 'polygon' loaded for trajectory optimization.
[INFO] [1783857220.707838600, 706.746000000]: Footprint model 'polygon' loaded for trajectory optimization.
[INFO] [1783857221.260994478, 707.298000000]: Footprint model 'polygon' loaded for trajectory optimization.
[INFO] [1783857221.909175306, 707.946000000]: Footprint model 'polygon' loaded for trajectory optimization.
[INFO] [1783857223.551426918, 709.586000000]: GOAL Reached!
[INFO] [1783857223.640306841, 709.676000000]: Footprint model 'polygon' loaded for trajectory optimization.
[INFO] [1783857224.517183712, 710.550000000]: Footprint model 'polygon' loaded for trajectory optimization.
[INFO] [1783857225.205503276, 711.240000000]: Footprint model 'polygon' loaded for trajectory optimization.
[INFO] [1783857225.754612048, 711.786000000]: Footprint model 'polygon' loaded for trajectory optimization.
[INFO] [1783857226.724556657, 712.754000000]: Footprint model 'polygon' loaded for trajectory optimization.
[INFO] [1783857227.662979614, 713.690000000]: Footprint model 'polygon' loaded for trajectory optimization.
[INFO] [1783857228.251971957, 714.278000000]: Footprint model 'polygon' loaded for trajectory optimization.
[INFO] [1783857228.801570643, 714.828000000]: Footprint model 'polygon' loaded for trajectory optimization.
[INFO] [1783857229.450797965, 715.474000000]: Footprint model 'polygon' loaded for trajectory optimization.
[INFO] [1783857231.195327644, 717.216000000]: GOAL Reached!
[INFO] [1783857231.295432714, 717.316000000]: Footprint model 'polygon' loaded for trajectory optimization.
[INFO] [1783857232.151859176, 718.170000000]: Footprint model 'polygon' loaded for trajectory optimization.
[INFO] [1783857232.757109557, 718.776000000]: Footprint model 'polygon' loaded for trajectory optimization.
[INFO] [1783857233.359204580, 719.376000000]: Footprint model 'polygon' loaded for trajectory optimization.
[INFO] [1783857233.910339649, 719.926000000]: Footprint model 'polygon' loaded for trajectory optimization.
[INFO] [1783857234.560235601, 720.574000000]: Footprint model 'polygon' loaded for trajectory optimization.
[INFO] [1783857235.159704006, 721.174000000]: Footprint model 'polygon' loaded for trajectory optimization.
[INFO] [1783857236.803249126, 722.814000000]: GOAL Reached!
[INFO] [1783857236.892358284, 722.902000000]: Footprint model 'polygon' loaded for trajectory optimization.
[INFO] [1783857237.761924961, 723.770000000]: Footprint model 'polygon' loaded for trajectory optimization.
[INFO] [1783857238.318381450, 724.326000000]: Footprint model 'polygon' loaded for trajectory optimization.
[INFO] [1783857239.284644639, 725.290000000]: Footprint model 'polygon' loaded for trajectory optimization.
[INFO] [1783857239.886172081, 725.892000000]: Footprint model 'polygon' loaded for trajectory optimization.
[INFO] [1783857240.825247467, 726.830000000]: Footprint model 'polygon' loaded for trajectory optimization.
[INFO] [1783857241.416220840, 727.420000000]: Footprint model 'polygon' loaded for trajectory optimization.
[INFO] [1783857242.018359662, 728.020000000]: Footprint model 'polygon' loaded for trajectory optimization.
[INFO] [1783857242.621624209, 728.622000000]: Footprint model 'polygon' loaded for trajectory optimization.
[INFO] [1783857244.260545942, 730.260000000]: GOAL Reached!
[INFO] [1783857244.359262108, 730.358000000]: Footprint model 'polygon' loaded for trajectory optimization.
[INFO] [1783857245.212857873, 731.210000000]: Footprint model 'polygon' loaded for trajectory optimization.
[INFO] [1783857245.820457592, 731.814000000]: Footprint model 'polygon' loaded for trajectory optimization.
[INFO] [1783857246.415878758, 732.412000000]: Footprint model 'polygon' loaded for trajectory optimization.
[INFO] [1783857246.968948530, 732.962000000]: Footprint model 'polygon' loaded for trajectory optimization.
[INFO] [1783857247.573753670, 733.566000000]: Footprint model 'polygon' loaded for trajectory optimization.
[INFO] [1783857248.169355910, 734.164000000]: Footprint model 'polygon' loaded for trajectory optimization.
[INFO] [1783857249.863566594, 735.852000000]: GOAL Reached!
[INFO] [1783857249.966100772, 735.954000000]: Footprint model 'polygon' loaded for trajectory optimization.
[INFO] [1783857250.839475620, 736.826000000]: Footprint model 'polygon' loaded for trajectory optimization.
[INFO] [1783857251.381456575, 737.366000000]: Footprint model 'polygon' loaded for trajectory optimization.
[INFO] [1783857252.325154341, 738.312000000]: Footprint model 'polygon' loaded for trajectory optimization.
[INFO] [1783857253.267580761, 739.252000000]: Footprint model 'polygon' loaded for trajectory optimization.
[INFO] [1783857253.866017067, 739.850000000]: Footprint model 'polygon' loaded for trajectory optimization.
[INFO] [1783857254.416733152, 740.400000000]: Footprint model 'polygon' loaded for trajectory optimization.
[INFO] [1783857255.018961261, 741.002000000]: Footprint model 'polygon' loaded for trajectory optimization.
[INFO] [1783857256.912042680, 742.890000000]: GOAL Reached!
[INFO] [1783857257.005227373, 742.984000000]: Footprint model 'polygon' loaded for trajectory optimization.
[INFO] [1783857257.876629038, 743.852000000]: Footprint model 'polygon' loaded for trajectory optimization.
[INFO] [1783857258.565414682, 744.540000000]: Footprint model 'polygon' loaded for trajectory optimization.
[INFO] [1783857259.166472789, 745.140000000]: Footprint model 'polygon' loaded for trajectory optimization.
[INFO] [1783857259.718076033, 745.690000000]: Footprint model 'polygon' loaded for trajectory optimization.
[INFO] [1783857260.367429386, 746.338000000]: Footprint model 'polygon' loaded for trajectory optimization.
[INFO] [1783857261.066602277, 747.036000000]: Footprint model 'polygon' loaded for trajectory optimization.
[INFO] [1783857262.409730794, 748.378000000]: GOAL Reached!
[INFO] [1783857262.507194865, 748.476000000]: Footprint model 'polygon' loaded for trajectory optimization.
[INFO] [1783857263.384477875, 749.350000000]: Footprint model 'polygon' loaded for trajectory optimization.
[INFO] [1783857263.980205603, 749.946000000]: Footprint model 'polygon' loaded for trajectory optimization.
[INFO] [1783857264.531162115, 750.496000000]: Footprint model 'polygon' loaded for trajectory optimization.
[INFO] [1783857265.489114065, 751.452000000]: Footprint model 'polygon' loaded for trajectory optimization.
[INFO] [1783857266.432255754, 752.392000000]: Footprint model 'polygon' loaded for trajectory optimization.
[INFO] [1783857266.982218380, 752.942000000]: Footprint model 'polygon' loaded for trajectory optimization.
[INFO] [1783857267.624206705, 753.586000000]: Footprint model 'polygon' loaded for trajectory optimization.
[INFO] [1783857268.230338521, 754.190000000]: Footprint model 'polygon' loaded for trajectory optimization.
[INFO] [1783857269.973766921, 755.928000000]: GOAL Reached!
[INFO] [1783857270.082400195, 756.036000000]: Footprint model 'polygon' loaded for trajectory optimization.
[INFO] [1783857270.931676092, 756.890000000]: Footprint model 'polygon' loaded for trajectory optimization.
[INFO] [1783857271.488001316, 757.440000000]: Footprint model 'polygon' loaded for trajectory optimization.
[INFO] [1783857272.138845080, 758.092000000]: Footprint model 'polygon' loaded for trajectory optimization.
[INFO] [1783857272.737474326, 758.692000000]: Footprint model 'polygon' loaded for trajectory optimization.
[INFO] [1783857273.290025293, 759.240000000]: Footprint model 'polygon' loaded for trajectory optimization.
[INFO] [1783857273.939488791, 759.890000000]: Footprint model 'polygon' loaded for trajectory optimization.
[INFO] [1783857275.580736079, 761.528000000]: GOAL Reached!
[INFO] [1783857275.665524583, 761.614000000]: Footprint model 'polygon' loaded for trajectory optimization.
[INFO] [1783857276.545161855, 762.492000000]: Footprint model 'polygon' loaded for trajectory optimization.
[INFO] [1783857277.186792180, 763.134000000]: Footprint model 'polygon' loaded for trajectory optimization.
[INFO] [1783857278.150516774, 764.092000000]: Footprint model 'polygon' loaded for trajectory optimization.
[INFO] [1783857278.754765239, 764.696000000]: Footprint model 'polygon' loaded for trajectory optimization.
[INFO] [1783857279.689473106, 765.630000000]: Footprint model 'polygon' loaded for trajectory optimization.
[INFO] [1783857280.382039194, 766.320000000]: Footprint model 'polygon' loaded for trajectory optimization.
[INFO] [1783857280.934454102, 766.872000000]: Footprint model 'polygon' loaded for trajectory optimization.
[INFO] [1783857281.535439898, 767.472000000]: Footprint model 'polygon' loaded for trajectory optimization.
[INFO] [1783857282.182639492, 768.118000000]: Footprint model 'polygon' loaded for trajectory optimization.
[INFO] [1783857282.731274961, 768.668000000]: Footprint model 'polygon' loaded for trajectory optimization.
[INFO] [1783857283.385471173, 769.318000000]: Footprint model 'polygon' loaded for trajectory optimization.
[INFO] [1783857283.985859142, 769.918000000]: Footprint model 'polygon' loaded for trajectory optimization.
[INFO] [1783857284.585170428, 770.516000000]: Footprint model 'polygon' loaded for trajectory optimization.
[INFO] [1783857285.184362496, 771.114000000]: Footprint model 'polygon' loaded for trajectory optimization.
[INFO] [1783857286.727962067, 772.656000000]: GOAL Reached!
[INFO] [1783857286.808312373, 772.736000000]: Footprint model 'polygon' loaded for trajectory optimization.
[INFO] [1783857287.686806201, 773.614000000]: Footprint model 'polygon' loaded for trajectory optimization.
[INFO] [1783857288.326273622, 774.252000000]: Footprint model 'polygon' loaded for trajectory optimization.
[INFO] [1783857289.309178651, 775.232000000]: Footprint model 'polygon' loaded for trajectory optimization.
[INFO] [1783857290.269289201, 776.190000000]: Footprint model 'polygon' loaded for trajectory optimization.
[INFO] [1783857290.909897925, 776.830000000]: Footprint model 'polygon' loaded for trajectory optimization.
[INFO] [1783857291.510270248, 777.430000000]: Footprint model 'polygon' loaded for trajectory optimization.
[INFO] [1783857292.107506164, 778.028000000]: Footprint model 'polygon' loaded for trajectory optimization.
[INFO] [1783857292.757877245, 778.676000000]: Footprint model 'polygon' loaded for trajectory optimization.
[INFO] [1783857293.311025373, 779.228000000]: Footprint model 'polygon' loaded for trajectory optimization.
[INFO] [1783857293.910173863, 779.826000000]: Footprint model 'polygon' loaded for trajectory optimization.
[INFO] [1783857294.554981050, 780.472000000]: Footprint model 'polygon' loaded for trajectory optimization.
[INFO] [1783857296.301887788, 782.214000000]: GOAL Reached!
[INFO] [1783857296.397987211, 782.310000000]: Footprint model 'polygon' loaded for trajectory optimization.
[INFO] [1783857297.254068758, 783.166000000]: Footprint model 'polygon' loaded for trajectory optimization.
[INFO] [1783857297.858341638, 783.768000000]: Footprint model 'polygon' loaded for trajectory optimization.
[INFO] [1783857298.845363361, 784.754000000]: Footprint model 'polygon' loaded for trajectory optimization.
[INFO] [1783857299.785949864, 785.690000000]: Footprint model 'polygon' loaded for trajectory optimization.
[INFO] [1783857300.335821832, 786.242000000]: Footprint model 'polygon' loaded for trajectory optimization.
[INFO] [1783857300.937204024, 786.842000000]: Footprint model 'polygon' loaded for trajectory optimization.
[INFO] [1783857301.537886259, 787.440000000]: Footprint model 'polygon' loaded for trajectory optimization.
[INFO] [1783857302.138759999, 788.040000000]: Footprint model 'polygon' loaded for trajectory optimization.
[INFO] [1783857302.738366040, 788.640000000]: Footprint model 'polygon' loaded for trajectory optimization.
[INFO] [1783857303.390529820, 789.290000000]: Footprint model 'polygon' loaded for trajectory optimization.
[INFO] [1783857303.986518107, 789.884000000]: Footprint model 'polygon' loaded for trajectory optimization.
[INFO] [1783857305.831140535, 791.726000000]: GOAL Reached!
[INFO] [1783857305.921030316, 791.816000000]: Footprint model 'polygon' loaded for trajectory optimization.
[INFO] [1783857306.775369746, 792.668000000]: Footprint model 'polygon' loaded for trajectory optimization.
[INFO] [1783857307.334475450, 793.226000000]: Footprint model 'polygon' loaded for trajectory optimization.
[INFO] [1783857308.304447955, 794.194000000]: Footprint model 'polygon' loaded for trajectory optimization.
[INFO] [1783857309.261986337, 795.150000000]: Footprint model 'polygon' loaded for trajectory optimization.
[INFO] [1783857309.812898606, 795.700000000]: Footprint model 'polygon' loaded for trajectory optimization.
[INFO] [1783857310.412048461, 796.300000000]: Footprint model 'polygon' loaded for trajectory optimization.
[INFO] [1783857311.060686382, 796.948000000]: Footprint model 'polygon' loaded for trajectory optimization.
[INFO] [1783857311.662754711, 797.548000000]: Footprint model 'polygon' loaded for trajectory optimization.
[INFO] [1783857312.212935296, 798.098000000]: Footprint model 'polygon' loaded for trajectory optimization.
[INFO] [1783857312.861443704, 798.746000000]: Footprint model 'polygon' loaded for trajectory optimization.
[INFO] [1783857313.414123030, 799.298000000]: Footprint model 'polygon' loaded for trajectory optimization.
[INFO] [1783857315.407584224, 801.286000000]: GOAL Reached!
[INFO] [1783857315.472119780, 801.350000000]: Footprint model 'polygon' loaded for trajectory optimization.
[INFO] [1783857316.331152549, 802.210000000]: Footprint model 'polygon' loaded for trajectory optimization.
[INFO] [1783857316.882041916, 802.758000000]: Footprint model 'polygon' loaded for trajectory optimization.
[INFO] [1783857317.858847814, 803.734000000]: Footprint model 'polygon' loaded for trajectory optimization.
[INFO] [1783857318.798654919, 804.674000000]: Footprint model 'polygon' loaded for trajectory optimization.
[INFO] [1783857319.398968831, 805.272000000]: Footprint model 'polygon' loaded for trajectory optimization.
[INFO] [1783857319.951867842, 805.826000000]: Footprint model 'polygon' loaded for trajectory optimization.
[INFO] [1783857320.600260960, 806.472000000]: Footprint model 'polygon' loaded for trajectory optimization.
[INFO] [1783857321.152962196, 807.024000000]: Footprint model 'polygon' loaded for trajectory optimization.
[INFO] [1783857321.751388215, 807.622000000]: Footprint model 'polygon' loaded for trajectory optimization.
[INFO] [1783857322.354542853, 808.222000000]: Footprint model 'polygon' loaded for trajectory optimization.
[INFO] [1783857323.004556660, 808.870000000]: Footprint model 'polygon' loaded for trajectory optimization.
[INFO] [1783857324.842790812, 810.710000000]: GOAL Reached!
[INFO] [1783857324.926934816, 810.794000000]: Footprint model 'polygon' loaded for trajectory optimization.
[INFO] [1783857325.809122088, 811.672000000]: Footprint model 'polygon' loaded for trajectory optimization.
[INFO] [1783857326.453338451, 812.314000000]: Footprint model 'polygon' loaded for trajectory optimization.
[INFO] [1783857327.437510228, 813.296000000]: Footprint model 'polygon' loaded for trajectory optimization.
[INFO] [1783857328.396407641, 814.252000000]: Footprint model 'polygon' loaded for trajectory optimization.
[INFO] [1783857329.096510485, 814.952000000]: Footprint model 'polygon' loaded for trajectory optimization.
[INFO] [1783857329.628567852, 815.482000000]: Footprint model 'polygon' loaded for trajectory optimization.
[INFO] [1783857330.231480247, 816.086000000]: Footprint model 'polygon' loaded for trajectory optimization.
[INFO] [1783857330.881238845, 816.734000000]: Footprint model 'polygon' loaded for trajectory optimization.
[INFO] [1783857331.476657888, 817.330000000]: Footprint model 'polygon' loaded for trajectory optimization.
[INFO] [1783857332.077633184, 817.930000000]: Footprint model 'polygon' loaded for trajectory optimization.
[INFO] [1783857332.680256112, 818.530000000]: Footprint model 'polygon' loaded for trajectory optimization.
[INFO] [1783857334.224087816, 820.070000000]: GOAL Reached!
[INFO] [1783857334.318960817, 820.166000000]: Footprint model 'polygon' loaded for trajectory optimization.
[INFO] [1783857335.206672231, 821.052000000]: Footprint model 'polygon' loaded for trajectory optimization.
[INFO] [1783857335.835663836, 821.680000000]: Footprint model 'polygon' loaded for trajectory optimization.
[INFO] [1783857336.878136812, 822.720000000]: Footprint model 'polygon' loaded for trajectory optimization.
[INFO] [1783857337.810936751, 823.652000000]: Footprint model 'polygon' loaded for trajectory optimization.
[INFO] [1783857338.505181891, 824.346000000]: Footprint model 'polygon' loaded for trajectory optimization.
[INFO] [1783857339.101687784, 824.942000000]: Footprint model 'polygon' loaded for trajectory optimization.
[INFO] [1783857339.704222827, 825.544000000]: Footprint model 'polygon' loaded for trajectory optimization.
[INFO] [1783857340.310594982, 826.146000000]: Footprint model 'polygon' loaded for trajectory optimization.
[INFO] [1783857340.859607913, 826.694000000]: Footprint model 'polygon' loaded for trajectory optimization.
[INFO] [1783857341.457506141, 827.292000000]: Footprint model 'polygon' loaded for trajectory optimization.
[INFO] [1783857342.061247351, 827.896000000]: Footprint model 'polygon' loaded for trajectory optimization.
[INFO] [1783857343.951367216, 829.782000000]: GOAL Reached!
[INFO] [1783857344.041401069, 829.874000000]: Footprint model 'polygon' loaded for trajectory optimization.
[INFO] [1783857344.902247210, 830.730000000]: Footprint model 'polygon' loaded for trajectory optimization.
[INFO] [1783857345.457914954, 831.286000000]: Footprint model 'polygon' loaded for trajectory optimization.
[INFO] [1783857346.426388830, 832.252000000]: Footprint model 'polygon' loaded for trajectory optimization.
[INFO] [1783857347.343437612, 833.170000000]: Footprint model 'polygon' loaded for trajectory optimization.
[INFO] [1783857347.895108465, 833.718000000]: Footprint model 'polygon' loaded for trajectory optimization.
[INFO] [1783857348.493908606, 834.316000000]: Footprint model 'polygon' loaded for trajectory optimization.
[INFO] [1783857349.095767410, 834.916000000]: Footprint model 'polygon' loaded for trajectory optimization.
[INFO] [1783857349.746699482, 835.566000000]: Footprint model 'polygon' loaded for trajectory optimization.
[INFO] [1783857350.298766015, 836.116000000]: Footprint model 'polygon' loaded for trajectory optimization.
[INFO] [1783857350.897464813, 836.718000000]: Footprint model 'polygon' loaded for trajectory optimization.
[INFO] [1783857351.497374996, 837.318000000]: Footprint model 'polygon' loaded for trajectory optimization.
[INFO] [1783857353.389660554, 839.204000000]: GOAL Reached!
[INFO] [1783857353.495023245, 839.310000000]: Footprint model 'polygon' loaded for trajectory optimization.
[INFO] [1783857354.380630943, 840.190000000]: Footprint model 'polygon' loaded for trajectory optimization.
[INFO] [1783857354.974195406, 840.784000000]: Footprint model 'polygon' loaded for trajectory optimization.
[INFO] [1783857355.925957436, 841.732000000]: Footprint model 'polygon' loaded for trajectory optimization.
[INFO] [1783857356.885743455, 842.692000000]: Footprint model 'polygon' loaded for trajectory optimization.
[INFO] [1783857357.534578656, 843.338000000]: Footprint model 'polygon' loaded for trajectory optimization.
[INFO] [1783857358.134865431, 843.938000000]: Footprint model 'polygon' loaded for trajectory optimization.
[INFO] [1783857358.782804283, 844.586000000]: Footprint model 'polygon' loaded for trajectory optimization.
[INFO] [1783857359.334106969, 845.138000000]: Footprint model 'polygon' loaded for trajectory optimization.
[INFO] [1783857359.935335627, 845.736000000]: Footprint model 'polygon' loaded for trajectory optimization.
[INFO] [1783857360.536542197, 846.336000000]: Footprint model 'polygon' loaded for trajectory optimization.
[INFO] [1783857361.184303649, 846.982000000]: Footprint model 'polygon' loaded for trajectory optimization.
[INFO] [1783857362.925689731, 848.724000000]: GOAL Reached!
[INFO] [1783857363.033157872, 848.832000000]: Footprint model 'polygon' loaded for trajectory optimization.
[INFO] [1783857363.894511563, 849.688000000]: Footpri[WARN] [1783857114.247719, 600.470000]: training environment stop requested: safety adapter requested emergency stop
[WARN] [1783857115.183130, 601.404000]: training environment stop requested: safety adapter requested emergency stop
[WARN] [1783857122.618486, 608.828000]: training environment stop requested: safety adapter requested emergency stop
[WARN] [1783857123.578104, 609.786000]: training environment stop requested: safety adapter requested emergency stop
[WARN] [1783857130.486397, 616.682000]: training environment stop requested: safety adapter requested emergency stop
[WARN] [1783857131.470242, 617.664000]: training environment stop requested: safety adapter requested emergency stop
[WARN] [1783857138.927234, 625.108000]: training environment stop requested: safety adapter requested emergency stop
[WARN] [1783857139.908184, 626.088000]: training environment stop requested: safety adapter requested emergency stop
[WARN] [1783857147.488810, 633.656000]: training environment stop requested: safety adapter requested emergency stop
[WARN] [1783857148.481138, 634.646000]: training environment stop requested: safety adapter requested emergency stop
[WARN] [1783857160.880674, 647.022000]: training environment stop requested: safety adapter requested emergency stop
[WARN] [1783857161.824384, 647.966000]: training environment stop requested: safety adapter requested emergency stop
[WARN] [1783857173.786056, 659.906000]: training environment stop requested: safety adapter requested emergency stop
[WARN] [1783857174.767402, 660.886000]: training environment stop requested: safety adapter requested emergency stop
[WARN] [1783857186.416666, 672.516000]: training environment stop requested: safety adapter requested emergency stop
[WARN] [1783857187.367801, 673.466000]: training environment stop requested: safety adapter requested emergency stop
[WARN] [1783857199.929637, 686.004000]: training environment stop requested: safety adapter requested emergency stop
[WARN] [1783857200.893367, 686.964000]: training environment stop requested: safety adapter requested emergency stop
[WARN] [1783857212.381596, 698.434000]: training environment stop requested: safety adapter requested emergency stop
[WARN] [1783857213.336846, 699.386000]: training environment stop requested: safety adapter requested emergency stop
[WARN] [1783857225.747597, 711.778000]: training environment stop requested: safety adapter requested emergency stop
[WARN] [1783857226.716929, 712.746000]: training environment stop requested: safety adapter requested emergency stop
[WARN] [1783857238.311584, 724.318000]: training environment stop requested: safety adapter requested emergency stop
[WARN] [1783857239.876656, 725.882000]: training environment stop requested: safety adapter requested emergency stop
[WARN] [1783857251.375559, 737.360000]: training environment stop requested: safety adapter requested emergency stop
[WARN] [1783857252.319301, 738.304000]: training environment stop requested: safety adapter requested emergency stop
[WARN] [1783857264.525276, 750.488000]: training environment stop requested: safety adapter requested emergency stop
[WARN] [1783857265.482764, 751.444000]: training environment stop requested: safety adapter requested emergency stop
[WARN] [1783857277.180136, 763.126000]: training environment stop requested: safety adapter requested emergency stop
[WARN] [1783857278.748817, 764.690000]: training environment stop requested: safety adapter requested emergency stop
[WARN] [1783857288.319931, 774.246000]: training environment stop requested: safety adapter requested emergency stop
[WARN] [1783857289.302614, 775.224000]: training environment stop requested: safety adapter requested emergency stop
[WARN] [1783857297.852604, 783.762000]: training environment stop requested: safety adapter requested emergency stop
[WARN] [1783857298.838588, 784.746000]: training environment stop requested: safety adapter requested emergency stop
[WARN] [1783857307.328106, 793.220000]: training environment stop requested: safety adapter requested emergency stop
[WARN] [1783857308.296973, 794.186000]: training environment stop requested: safety adapter requested emergency stop
[WARN] [1783857316.876056, 802.752000]: training environment stop requested: safety adapter requested emergency stop
[WARN] [1783857317.851662, 803.726000]: training environment stop requested: safety adapter requested emergency stop
[WARN] [1783857326.446661, 812.306000]: training environment stop requested: safety adapter requested emergency stop
[WARN] [1783857327.429894, 813.288000]: training environment stop requested: safety adapter requested emergency stop
[WARN] [1783857335.829489, 821.672000]: training environment stop requested: safety adapter requested emergency stop
[WARN] [1783857336.843774, 822.686000]: training environment stop requested: safety adapter requested emergency stop
[WARN] [1783857345.451675, 831.280000]: training environment stop requested: safety adapter requested emergency stop
[WARN] [1783857346.420237, 832.246000]: training environment stop requested: safety adapter requested emergency stop
[WARN] [1783857354.967978, 840.776000]: training environment stop requested: safety adapter requested emergency stop
[WARN] [1783857355.919591, 841.726000]: training environment stop requested: safety adapter requested emergency stop
[WARN] [1783857364.450499, 850.244000]: training environment stop requested: safety adapter requested emergency stop
[WARN] [1783857365.394132, 851.186000]: training environment stop requested: safety adapter requested emergency stop
[WARN] [1783857373.949367, 859.724000]: training environment stop requested: safety adapter requested emergency stop
[WARN] [1783857374.912661, 860.686000]: training environment stop requested: safety adapter requested emergency stop
[WARN] [1783857376.040670, 861.814000]: training environment stop requested: adapter_close
schema_version: '1.0'
task: T11
status: passed
run_id: t11_direct_theta_fullsafety_seed101
algorithm: RL-TEB-Direct-Theta
training_seed: 101
safety_mode: FullSafety
episode_count: 226
step_count: 788
failure_count: 51
run_validation:
  valid: true
  run_id: t11_direct_theta_fullsafety_seed101
  episode_count: 226
  step_count: 788
  verified_checksum_count: 4
selected_checkpoint: /home/robot/robot_ws_base_rl/artifacts/t11/runs/t11_direct_theta_fullsafety_seed101/checkpoints/step_000100
passed: true
acceptance_override: false

[INFO] [1783856511.884781971]: Finished loading Gazebo ROS API Plugin.
[INFO] [1783856511.885910680]: waitForService: Service [/gazebo/set_physics_properties] has not been advertised, waiting...
[INFO] [1783856512.465298837, 0.018000000]: waitForService: Service [/gazebo/set_physics_properties] is now available.
[INFO] [1783856512.476561455, 0.028000000]: Physics dynamic reconfigure ready.
[INFO] [1783856512.684843775, 0.182000000]: <initialOrientationAsReference> is unset, using default value of false to comply with REP 145 (world as orientation reference)
[INFO] [1783856512.684882262, 0.182000000]: <robotNamespace> set to: //
[INFO] [1783856512.684889696, 0.182000000]: <topicName> set to: imu/data
[INFO] [1783856512.684894583, 0.182000000]: <frameName> set to: imu_link
[INFO] [1783856512.684914105, 0.182000000]: <updateRateHZ> set to: 50
[INFO] [1783856512.684920991, 0.182000000]: <gaussianNoise> set to: 0
[INFO] [1783856512.684937597, 0.182000000]: <xyzOffset> set to: 0 0 0
[INFO] [1783856512.684952425, 0.182000000]: <rpyOffset> set to: 0 -0 0
[INFO] [1783856512.801472439, 0.182000000]: Laser Plugin: Using the 'robotNamespace' param: '/'
[INFO] [1783856512.801492679, 0.182000000]: Starting Laser Plugin (ns = /)
[INFO] [1783856512.802227230, 0.182000000]: Laser Plugin (ns = /)  <tf_prefix_>, set to ""
[INFO] [1783856512.924311565, 0.182000000]: M2 simulation-only Ackermann interface loaded; cmd_angle_instead_rotvel=false
nt model 'polygon' loaded for trajectory optimization.
[INFO] [1783857364.456938592, 850.252000000]: Footprint model 'polygon' loaded for trajectory optimization.
[INFO] [1783857365.400179473, 851.192000000]: Footprint model 'polygon' loaded for trajectory optimization.
[INFO] [1783857366.341981753, 852.132000000]: Footprint model 'polygon' loaded for trajectory optimization.
[INFO] [1783857366.895132913, 852.686000000]: Footprint model 'polygon' loaded for trajectory optimization.
[INFO] [1783857367.540954771, 853.330000000]: Footprint model 'polygon' loaded for trajectory optimization.
[INFO] [1783857368.095564911, 853.882000000]: Footprint model 'polygon' loaded for trajectory optimization.
[INFO] [1783857368.745326285, 854.530000000]: Footprint model 'polygon' loaded for trajectory optimization.
[INFO] [1783857369.343618058, 855.128000000]: Footprint model 'polygon' loaded for trajectory optimization.
[INFO] [1783857369.895018475, 855.678000000]: Footprint model 'polygon' loaded for trajectory optimization.
[INFO] [1783857370.495751140, 856.278000000]: Footprint model 'polygon' loaded for trajectory optimization.
[INFO] [1783857372.389396224, 858.168000000]: GOAL Reached!
[INFO] [1783857372.488561112, 858.266000000]: Footprint model 'polygon' loaded for trajectory optimization.
[INFO] [1783857373.355080881, 859.132000000]: Footprint model 'polygon' loaded for trajectory optimization.
[INFO] [1783857373.956042950, 859.732000000]: Footprint model 'polygon' loaded for trajectory optimization.
[INFO] [1783857374.919226405, 860.694000000]: Footprint model 'polygon' loaded for trajectory optimization.
[INFO] [1783857376.044578519, 861.818000000]: Footprint model 'polygon' loaded for trajectory optimization.
[INFO] [1783857376.060331575, 861.834000000]: Footprint model 'polygon' loaded for trajectory optimization.
[31mWARNING: disk usage in log directory [/home/robot/.ros/log] is over 1GB.
It's recommended that you use the 'rosclean' command.[0m
WARNING: Package name "gazebo_ros_2Dmap_plugin" does not follow the naming conventions. It should start with a lower case letter and only contain lower case letters, digits, underscores, and dashes.
WARNING: Package name "gazebo_ros_2Dmap_plugin" does not follow the naming conventions. It should start with a lower case letter and only contain lower case letters, digits, underscores, and dashes.
[31m================================================================================REQUIRED process [t11_formal_run-6] has died!
process has finished cleanly
log file: /home/robot/.ros/log/ac0c13a0-7de6-11f1-91bc-3382cc4c3ed1/t11_formal_run-6*.log
Initiating shutdown!
================================================================================[0m
... logging to /home/robot/.ros/log/ac0c13a0-7de6-11f1-91bc-3382cc4c3ed1/roslaunch-WP-98966.log
Checking log directory for disk usage. This may take a while.
Press Ctrl-C to interrupt
]2;/home/robot/robot_ws_base_rl/src/tools/thesis_experiment/launch/t11_formal_run.launch
[1mstarted roslaunch server http://WP:44329/[0m

SUMMARY
========

PARAMETERS
 * /gazebo/enable_ros_network: True
 * /m2_gazebo/simulation_only: True
 * /m2_robot_state_publisher/publish_frequency: 30.0
 * /move_base/TebLocalPlannerROS/acc_lim_theta: 0.8
 * /move_base/TebLocalPlannerROS/acc_lim_x: 0.8
 * /move_base/TebLocalPlannerROS/allow_init_with_backwards_motion: True
 * /move_base/TebLocalPlannerROS/cmd_angle_instead_rotvel: False
 * /move_base/TebLocalPlannerROS/costmap_obstacles_behind_robot_dist: 1.5
 * /move_base/TebLocalPlannerROS/dt_hysteresis: 0.1
 * /move_base/TebLocalPlannerROS/dt_ref: 0.3
 * /move_base/TebLocalPlannerROS/enable_homotopy_class_planning: False
 * /move_base/TebLocalPlannerROS/enable_multithreading: True
 * /move_base/TebLocalPlannerROS/feasibility_check_no_poses: 5
 * /move_base/TebLocalPlannerROS/footprint_model/type: polygon
 * /move_base/TebLocalPlannerROS/footprint_model/vertices: [[0.52, 0.35], [0...
 * /move_base/TebLocalPlannerROS/global_plan_overwrite_orientation: True
 * /move_base/TebLocalPlannerROS/include_costmap_obstacles: True
 * /move_base/TebLocalPlannerROS/inflation_dist: 0.55
 * /move_base/TebLocalPlannerROS/map_frame: odom
 * /move_base/TebLocalPlannerROS/max_global_plan_lookahead_dist: 8.0
 * /move_base/TebLocalPlannerROS/max_number_classes: 4
 * /move_base/TebLocalPlannerROS/max_samples: 500
 * /move_base/TebLocalPlannerROS/max_vel_theta: 1.0
 * /move_base/TebLocalPlannerROS/max_vel_x: 1.2
 * /move_base/TebLocalPlannerROS/max_vel_x_backwards: 0.6
 * /move_base/TebLocalPlannerROS/max_vel_y: 0.0
 * /move_base/TebLocalPlannerROS/min_obstacle_dist: 0.25
 * /move_base/TebLocalPlannerROS/min_turning_radius: 1.2
 * /move_base/TebLocalPlannerROS/obstacle_poses_affected: 15
 * /move_base/TebLocalPlannerROS/odom_topic: /odom
 * /move_base/TebLocalPlannerROS/teb_autosize: True
 * /move_base/TebLocalPlannerROS/weight_acc_lim_theta: 1.0
 * /move_base/TebLocalPlannerROS/weight_acc_lim_x: 1.0
 * /move_base/TebLocalPlannerROS/weight_adapt_factor: 2.0
 * /move_base/TebLocalPlannerROS/weight_inflation: 0.1
 * /move_base/TebLocalPlannerROS/weight_kinematics_forward_drive: 10.0
 * /move_base/TebLocalPlannerROS/weight_kinematics_nh: 1000.0
 * /move_base/TebLocalPlannerROS/weight_kinematics_turning_radius: 10.0
 * /move_base/TebLocalPlannerROS/weight_max_vel_theta: 1.0
 * /move_base/TebLocalPlannerROS/weight_max_vel_x: 2.0
 * /move_base/TebLocalPlannerROS/weight_obstacle: 50.0
 * /move_base/TebLocalPlannerROS/weight_optimaltime: 1.0
 * /move_base/TebLocalPlannerROS/weight_viapoint: 1.0
 * /move_base/TebLocalPlannerROS/wheelbase: 0.65
 * /move_base/base_global_planner: navfn/NavfnROS
 * /move_base/base_local_planner: teb_local_planner...
 * /move_base/clearing_rotation_allowed: False
 * /move_base/controller_frequency: 10.0
 * /move_base/controller_patience: 5.0
 * /move_base/global_costmap/footprint: [[0.52, 0.35], [0...
 * /move_base/global_costmap/footprint_padding: 0.05
 * /move_base/global_costmap/global_frame: odom
 * /move_base/global_costmap/height: 30.0
 * /move_base/global_costmap/inflation_layer/cost_scaling_factor: 4.0
 * /move_base/global_costmap/inflation_layer/enabled: True
 * /move_base/global_costmap/inflation_layer/inflation_radius: 0.55
 * /move_base/global_costmap/obstacle_layer/enabled: True
 * /move_base/global_costmap/obstacle_layer/observation_sources: scan
 * /move_base/global_costmap/obstacle_layer/scan/clearing: True
 * /move_base/global_costmap/obstacle_layer/scan/data_type: LaserScan
 * /move_base/global_costmap/obstacle_layer/scan/inf_is_valid: True
 * /move_base/global_costmap/obstacle_layer/scan/marking: True
 * /move_base/global_costmap/obstacle_layer/scan/obstacle_range: 12.0
 * /move_base/global_costmap/obstacle_layer/scan/raytrace_range: 15.0
 * /move_base/global_costmap/obstacle_layer/scan/sensor_frame: laser_link
 * /move_base/global_costmap/obstacle_layer/scan/topic: /scan
 * /move_base/global_costmap/plugins: [{'name': 'obstac...
 * /move_base/global_costmap/publish_frequency: 2.0
 * /move_base/global_costmap/resolution: 0.05
 * /move_base/global_costmap/robot_base_frame: base_link
 * /move_base/global_costmap/rolling_window: True
 * /move_base/global_costmap/transform_tolerance: 0.3
 * /move_base/global_costmap/update_frequency: 5.0
 * /move_base/global_costmap/width: 30.0
 * /move_base/local_costmap/footprint: [[0.52, 0.35], [0...
 * /move_base/local_costmap/footprint_padding: 0.05
 * /move_base/local_costmap/global_frame: odom
 * /move_base/local_costmap/height: 12.0
 * /move_base/local_costmap/inflation_layer/cost_scaling_factor: 4.0
 * /move_base/local_costmap/inflation_layer/enabled: True
 * /move_base/local_costmap/inflation_layer/inflation_radius: 0.55
 * /move_base/local_costmap/obstacle_layer/enabled: True
 * /move_base/local_costmap/obstacle_layer/observation_sources: scan
 * /move_base/local_costmap/obstacle_layer/scan/clearing: True
 * /move_base/local_costmap/obstacle_layer/scan/data_type: LaserScan
 * /move_base/local_costmap/obstacle_layer/scan/inf_is_valid: True
 * /move_base/local_costmap/obstacle_layer/scan/marking: True
 * /move_base/local_costmap/obstacle_layer/scan/obstacle_range: 12.0
 * /move_base/local_costmap/obstacle_layer/scan/raytrace_range: 15.0
 * /move_base/local_costmap/obstacle_layer/scan/sensor_frame: laser_link
 * /move_base/local_costmap/obstacle_layer/scan/topic: /scan
 * /move_base/local_costmap/plugins: [{'name': 'obstac...
 * /move_base/local_costmap/publish_frequency: 5.0
 * /move_base/local_costmap/resolution: 0.05
 * /move_base/local_costmap/robot_base_frame: base_link
 * /move_base/local_costmap/rolling_window: True
 * /move_base/local_costmap/transform_tolerance: 0.3
 * /move_base/local_costmap/update_frequency: 10.0
 * /move_base/local_costmap/width: 12.0
 * /move_base/oscillation_distance: 0.2
 * /move_base/oscillation_timeout: 10.0
 * /move_base/planner_frequency: 1.0
 * /move_base/planner_patience: 5.0
 * /move_base/recovery_behavior_enabled: False
 * /move_base/shutdown_costmaps: False
 * /robot_description: <?xml version="1....
 * /rosdistro: noetic
 * /rosversion: 1.17.4
 * /t11_formal_run/acceptance_eval_seed_limit: 0
 * /t11_formal_run/acceptance_timesteps: 0
 * /t11_formal_run/algorithm: RL-TEB-Direct-Theta
 * /t11_formal_run/checkpoint: 
 * /t11_formal_run/config: /home/robot/robot...
 * /t11_formal_run/output_dir: /home/robot/robot...
 * /t11_formal_run/phase: train
 * /t11_formal_run/run_id: t11_direct_theta_...
 * /t11_formal_run/safety_mode: FullSafety
 * /t11_formal_run/training_seed: 101
 * /use_sim_time: True

NODES
  /
    gazebo (gazebo_ros/gzserver)
    m2_robot_state_publisher (robot_state_publisher/robot_state_publisher)
    move_base (move_base/move_base)
    spawn_m2 (gazebo_ros/spawn_model)
    t11_formal_run (thesis_experiment/t11_formal_run.py)

auto-starting new master
[1mprocess[master]: started with pid [99022][0m
[1mROS_MASTER_URI=http://localhost:11311[0m
]2;/home/robot/robot_ws_base_rl/src/tools/thesis_experiment/launch/t11_formal_run.launch http://localhost:11311
[1msetting /run_id to ac0c13a0-7de6-11f1-91bc-3382cc4c3ed1[0m
[1mprocess[rosout-1]: started with pid [99055][0m
started core service [/rosout]
[1mprocess[gazebo-2]: started with pid [99062][0m
[1mprocess[spawn_m2-3]: started with pid [99065][0m
[1mprocess[m2_robot_state_publisher-4]: started with pid [99068][0m
[1mprocess[move_base-5]: started with pid [99069][0m
[1mprocess[t11_formal_run-6]: started with pid [99070][0m
[1m[spawn_m2-3] process has finished cleanly
log file: /home/robot/.ros/log/ac0c13a0-7de6-11f1-91bc-3382cc4c3ed1/spawn_m2-3*.log[0m
[t11_formal_run-6] killing on exit
[move_base-5] killing on exit
[m2_robot_state_publisher-4] killing on exit
[gazebo-2] killing on exit
[rosout-1] killing on exit
[master] killing on exit
shutting down processing monitor...
... shutting down processing monitor complete
[1mdone[0m
