WARNING: Package name "gazebo_ros_2Dmap_plugin" does not follow the naming conventions. It should start with a lower case letter and only contain lower case letters, digits, underscores, and dashes.
xacro: in-order processing became default in ROS Melodic. You can drop the option.
WARNING: Package name "gazebo_ros_2Dmap_plugin" does not follow the naming conventions. It should start with a lower case letter and only contain lower case letters, digits, underscores, and dashes.
WARNING: Package name "gazebo_ros_2Dmap_plugin" does not follow the naming conventions. It should start with a lower case letter and only contain lower case letters, digits, underscores, and dashes.
[INFO] [1783872138.273934, 0.000000]: Loading model XML from ros parameter robot_description
[INFO] [1783872138.276980, 0.000000]: Waiting for service /gazebo/spawn_urdf_model
[INFO] [1783872138.880787, 0.000000]: Calling service /gazebo/spawn_urdf_model
[INFO] [1783872139.192871, 0.180000]: Spawn status: SpawnModel: Successfully spawned entity
[INFO] [1783872139.603413073, 0.462000000]: global_costmap: Using plugin "obstacle_layer"
[INFO] [1783872139.607619835, 0.466000000]:     Subscribed to Topics: scan
[INFO] [1783872139.612544126, 0.470000000]: global_costmap: Using plugin "inflation_layer"
[INFO] [1783872139.627054481, 0.486000000]: local_costmap: Using plugin "obstacle_layer"
[INFO] [1783872139.628304829, 0.486000000]:     Subscribed to Topics: scan
[INFO] [1783872139.635141600, 0.494000000]: local_costmap: Using plugin "inflation_layer"
[INFO] [1783872139.650412911, 0.508000000]: Created local_planner teb_local_planner/TebLocalPlannerROS
[INFO] [1783872139.669334125, 0.528000000]: Footprint model 'polygon' loaded for trajectory optimization.
[INFO] [1783872139.669527632, 0.528000000]: Parallel planning in distinctive topologies disabled.
[INFO] [1783872139.669555559, 0.528000000]: No costmap conversion plugin specified. All occupied costmap cells are treaten as point obstacles.
[INFO] [1783872139.694605747, 0.554000000]: Footprint model 'polygon' loaded for trajectory optimization.
[INFO] [1783872139.859531685, 0.718000000]: Recovery behavior will clear layer 'obstacles'
[INFO] [1783872139.863161539, 0.720000000]: Recovery behavior will clear layer 'obstacles'
[INFO] [1783872139.886169838, 0.744000000]: odom received!
[INFO] [1783872141.578044337, 2.430000000]: Footprint model 'polygon' loaded for trajectory optimization.
[INFO] [1783872142.282961164, 3.136000000]: Footprint model 'polygon' loaded for trajectory optimization.
[INFO] [1783872142.830521709, 3.682000000]: Footprint model 'polygon' loaded for trajectory optimization.
[INFO] [1783872144.721825420, 5.570000000]: GOAL Reached!
[INFO] [1783872144.874118110, 5.722000000]: Footprint model 'polygon' loaded for trajectory optimization.
[INFO] [1783872145.760622327, 6.608000000]: Footprint model 'polygon' loaded for trajectory optimization.
[INFO] [1783872146.401978560, 7.250000000]: Footprint model 'polygon' loaded for trajectory optimization.
[INFO] [1783872147.000673740, 7.846000000]: Footprint model 'polygon' loaded for trajectory optimization.
[INFO] [1783872148.992981435, 9.834000000]: GOAL Reached!
[INFO] [1783872149.131604009, 9.974000000]: Footprint model 'polygon' loaded for trajectory optimization.
[INFO] [1783872150.009682318, 10.848000000]: Footprint model 'polygon' loaded for trajectory optimization.
[INFO] [1783872150.698985225, 11.534000000]: Footprint model 'polygon' loaded for trajectory optimization.
[INFO] [1783872151.294202205, 12.132000000]: Footprint model 'polygon' loaded for trajectory optimization.
[INFO] [1783872151.845382045, 12.682000000]: Footprint model 'polygon' loaded for trajectory optimization.
[INFO] [1783872153.237717272, 14.070000000]: GOAL Reached!
[INFO] [1783872153.371122648, 14.204000000]: Footprint model 'polygon' loaded for trajectory optimization.
[INFO] [1783872154.237605911, 15.068000000]: Footprint model 'polygon' loaded for trajectory optimization.
[INFO] [1783872154.791336438, 15.620000000]: Footprint model 'polygon' loaded for trajectory optimization.
[INFO] [1783872155.439912121, 16.270000000]: Footprint model 'polygon' loaded for trajectory optimization.
[INFO] [1783872156.043775515, 16.870000000]: Footprint model 'polygon' loaded for trajectory optimization.
[INFO] [1783872157.583290113, 18.408000000]: GOAL Reached!
[INFO] [1783872157.725384264, 18.550000000]: Footprint model 'polygon' loaded for trajectory optimization.
[INFO] [1783872158.590088561, 19.412000000]: Footprint model 'polygon' loaded for trajectory optimization.
[INFO] [1783872159.284150384, 20.104000000]: Footprint model 'polygon' loaded for trajectory optimization.
[INFO] [1783872159.825174063, 20.646000000]: Footprint model 'polygon' loaded for trajectory optimization.
[INFO] [1783872160.474474416, 21.292000000]: Footprint model 'polygon' loaded for trajectory optimization.
[INFO] [1783872161.919759509, 22.736000000]: GOAL Reached!
[INFO] [1783872162.055513225, 22.874000000]: Footprint model 'polygon' loaded for trajectory optimization.
[INFO] [1783872162.934402598, 23.750000000]: Footprint model 'polygon' loaded for trajectory optimization.
[INFO] [1783872163.485813068, 24.300000000]: Footprint model 'polygon' loaded for trajectory optimization.
[INFO] [1783872164.131967707, 24.946000000]: Footprint model 'polygon' loaded for trajectory optimization.
[INFO] [1783872164.734053779, 25.544000000]: Footprint model 'polygon' loaded for trajectory optimization.
[INFO] [1783872166.075479624, 26.886000000]: GOAL Reached!
[INFO] [1783872166.220659859, 27.032000000]: Footprint model 'polygon' loaded for trajectory optimization.
[INFO] [1783872167.099481927, 27.908000000]: Footprint model 'polygon' loaded for trajectory optimization.
[INFO] [1783872167.791203571, 28.598000000]: Footprint model 'polygon' loaded for trajectory optimization.
[INFO] [1783872168.391886752, 29.196000000]: Footprint model 'polygon' loaded for trajectory optimization.
[INFO] [1783872170.334335779, 31.136000000]: GOAL Reached!
[INFO] [1783872170.486643902, 31.290000000]: Footprint model 'polygon' loaded for trajectory optimization.
[INFO] [1783872171.348931205, 32.148000000]: Footprint model 'polygon' loaded for trajectory optimization.
[INFO] [1783872171.898038836, 32.698000000]: Footprint model 'polygon' loaded for trajectory optimization.
[INFO] [1783872172.502986440, 33.300000000]: Footprint model 'polygon' loaded for trajectory optimization.
[INFO] [1783872173.149866435, 33.944000000]: Footprint model 'polygon' loaded for trajectory optimization.
[INFO] [1783872174.593189192, 35.386000000]: GOAL Reached!
[INFO] [1783872174.740166245, 35.534000000]: Footprint model 'polygon' loaded for trajectory optimization.
[INFO] [1783872175.614961302, 36.408000000]: Footprint model 'polygon' loaded for trajectory optimization.
[INFO] [1783872176.303695283, 37.094000000]: Footprint model 'polygon' loaded for trajectory optimization.
[INFO] [1783872176.902312383, 37.690000000]: Footprint model 'polygon' loaded for trajectory optimization.
[INFO] [1783872178.847115121, 39.632000000]: GOAL Reached!
[INFO] [1783872178.976947271, 39.764000000]: Footprint model 'polygon' loaded for trajectory optimization.
[INFO] [1783872179.841740909, 40.630000000]: Footprint model 'polygon' loaded for trajectory optimization.
[INFO] [1783872180.440329835, 41.224000000]: Footprint model 'polygon' loaded for trajectory optimization.
[INFO] [1783872180.990501390, 41.772000000]: Footprint model 'polygon' loaded for trajectory optimization.
[INFO] [1783872181.637042469, 42.418000000]: Footprint model 'polygon' loaded for trajectory optimization.
[INFO] [1783872183.079631404, 43.858000000]: GOAL Reached!
[INFO] [1783872183.231204353, 44.010000000]: Footprint model 'polygon' loaded for trajectory optimization.
[INFO] [1783872184.088179621, 44.866000000]: Footprint model 'polygon' loaded for trajectory optimization.
[INFO] [1783872184.651746805, 45.428000000]: Footprint model 'polygon' loaded for trajectory optimization.
[INFO] [1783872185.299180169, 46.074000000]: Footprint model 'polygon' loaded for trajectory optimization.
[INFO] [1783872185.852526148, 46.626000000]: Footprint model 'polygon' loaded for trajectory optimization.
[INFO] [1783872187.244284178, 48.014000000]: GOAL Reached!
[INFO] [1783872187.383074634, 48.154000000]: Footprint model 'polygon' loaded for trajectory optimization.
[INFO] [1783872188.242598406, 49.012000000]: Footprint model 'polygon' loaded for trajectory optimization.
[INFO] [1783872188.930343939, 49.698000000]: Footprint model 'polygon' loaded for trajectory optimization.
[INFO] [1783872189.528994934, 50.296000000]: Footprint model 'polygon' loaded for trajectory optimization.
[INFO] [1783872190.131744995, 50.898000000]: Footprint model 'polygon' loaded for trajectory optimization.
[INFO] [1783872191.470887857, 52.236000000]: GOAL Reached!
[INFO] [1783872191.631855334, 52.398000000]: Footprint model 'polygon' loaded for trajectory optimization.
[INFO] [1783872192.508653382, 53.272000000]: Footprint model 'polygon' loaded for trajectory optimization.
[INFO] [1783872193.096096567, 53.856000000]: Footprint model 'polygon' loaded for trajectory optimization.
[INFO] [1783872193.696551907, 54.458000000]: Footprint model 'polygon' loaded for trajectory optimization.
[INFO] [1783872194.247006593, 55.006000000]: Footprint model 'polygon' loaded for trajectory optimization.
[INFO] [1783872195.634589917, 56.394000000]: GOAL Reached!
[INFO] [1783872195.787535307, 56.546000000]: Footprint model 'polygon' loaded for trajectory optimization.
[INFO] [1783872196.653904341, 57.408000000]: Footprint model 'polygon' loaded for trajectory optimization.
[INFO] [1783872197.263206867, 58.016000000]: Footprint model 'polygon' loaded for trajectory optimization.
[INFO] [1783872197.809851103, 58.562000000]: Footprint model 'polygon' loaded for trajectory optimization.
[INFO] [1783872198.460134821, 59.210000000]: Footprint model 'polygon' loaded for trajectory optimization.
[INFO] [1783872199.801523412, 60.550000000]: GOAL Reached!
[INFO] [1783872199.944545432, 60.692000000]: Footprint model 'polygon' loaded for trajectory optimization.
[INFO] [1783872200.823254206, 61.570000000]: Footprint model 'polygon' loaded for trajectory optimization.
[INFO] [1783872201.408626018, 62.154000000]: Footprint model 'polygon' loaded for trajectory optimization.
[INFO] [1783872202.009632278, 62.754000000]: Footprint model 'polygon' loaded for trajectory optimization.
[INFO] [1783872202.609871820, 63.352000000]: Footprint model 'polygon' loaded for trajectory optimization.
[INFO] [1783872204.049566088, 64.794000000]: GOAL Reached!
[INFO] [1783872204.206354760, 64.948000000]: Footprint model 'polygon' loaded for trajectory optimization.
[INFO] [1783872205.068801782, 65.810000000]: Footprint model 'polygon' loaded for trajectory optimization.
[INFO] [1783872205.626041634, 66.364000000]: Footprint model 'polygon' loaded for trajectory optimization.
[INFO] [1783872206.219900668, 66.956000000]: Footprint model 'polygon' loaded for trajectory optimization.
[INFO] [1783872206.819825287, 67.556000000]: Footprint model 'polygon' loaded for trajectory optimization.
[INFO] [1783872208.312062795, 69.046000000]: GOAL Reached!
[INFO] [1783872208.464329623, 69.198000000]: Footprint model 'polygon' loaded for trajectory optimization.
[INFO] [1783872209.318541457, 70.050000000]: Footprint model 'polygon' loaded for trajectory optimization.
[INFO] [1783872209.927912288, 70.658000000]: Footprint model 'polygon' loaded for trajectory optimization.
[INFO] [1783872210.524649441, 71.252000000]: Footprint model 'polygon' loaded for trajectory optimization.
[INFO] [1783872211.123448644, 71.852000000]: Footprint model 'polygon' loaded for trajectory optimization.
[INFO] [1783872212.565041054, 73.290000000]: GOAL Reached!
[INFO] [1783872212.700250908, 73.424000000]: Footprint model 'polygon' loaded for trajectory optimization.
[INFO] [1783872213.549066043, 74.272000000]: Footprint model 'polygon' loaded for trajectory optimization.
[INFO] [1783872214.161876302, 74.884000000]: Footprint model 'polygon' loaded for trajectory optimization.
[INFO] [1783872214.860272463, 75.580000000]: Footprint model 'polygon' loaded for trajectory optimization.
[INFO] [1783872216.792880034, 77.510000000]: GOAL Reached!
[INFO] [1783872216.944497696, 77.660000000]: Footprint model 'polygon' loaded for trajectory optimization.
[INFO] [1783872217.828131503, 78.544000000]: Footprint model 'polygon' loaded for trajectory optimization.
[INFO] [1783872218.479573943, 79.194000000]: Footprint model 'polygon' loaded for trajectory optimization.
[INFO] [1783872219.124921044, 79.838000000]: Footprint model 'polygon' loaded for trajectory optimization.
[INFO] [1783872221.055820818, 81.766000000]: GOAL Reached!
[INFO] [1783872221.202837304, 81.914000000]: Footprint model 'polygon' loaded for trajectory optimization.
[INFO] [1783872222.094394919, 82.800000000]: Footprint model 'polygon' loaded for trajectory optimization.
[INFO] [1783872222.729413194, 83.436000000]: Footprint model 'polygon' loaded for trajectory optimization.
[INFO] [1783872223.333768839, 84.038000000]: Footprint model 'polygon' loaded for trajectory optimization.
[INFO] [1783872223.977656979, 84.682000000]: Footprint model 'polygon' loaded for trajectory optimization.
[INFO] [1783872225.511351554, 86.212000000]: GOAL Reached!
[INFO] [1783872225.656420828, 86.356000000]: Footprint model 'polygon' loaded for trajectory optimization.
[INFO] [1783872226.542175105, 87.240000000]: Footprint model 'polygon' loaded for trajectory optimization.
[INFO] [1783872227.233455246, 87.930000000]: Footprint model 'polygon' loaded for trajectory optimization.
[INFO] [1783872227.830690031, 88.526000000]: Footprint model 'polygon' loaded for trajectory optimization.
[INFO] [1783872228.530571584, 89.226000000]: Footprint model 'polygon' loaded for trajectory optimization.
[INFO] [1783872230.264709870, 90.956000000]: GOAL Reached!
[INFO] [1783872230.411187268, 91.102000000]: Footprint model 'polygon' loaded for trajectory optimization.
[INFO] [1783872231.290583798, 91.980000000]: Footprint model 'polygon' loaded for trajectory optimization.
[INFO] [1783872231.993837916, 92.682000000]: Footprint model 'polygon' loaded for trajectory optimization.
[INFO] [1783872232.692122980, 93.380000000]: Footprint model 'polygon' loaded for trajectory optimization.
[INFO] [1783872234.424187130, 95.108000000]: GOAL Reached!
[INFO] [1783872234.558550388, 95.242000000]: Footprint model 'polygon' loaded for trajectory optimization.
[INFO] [1783872235.438211572, 96.120000000]: Footprint model 'polygon' loaded for trajectory optimization.
[INFO] [1783872236.091525821, 96.772000000]: Footprint model 'polygon' loaded for trajectory optimization.
[INFO] [1783872236.735086301, 97.418000000]: Footprint model 'polygon' loaded for trajectory optimization.
[INFO] [1783872238.566574765, 99.246000000]: GOAL Reached!
[INFO] [1783872238.709219930, 99.388000000]: Footprint model 'polygon' loaded for trajectory optimization.
[INFO] [1783872239.583622992, 100.262000000]: Footprint model 'polygon' loaded for trajectory optimization.
[INFO] [1783872240.126344763, 100.800000000]: Footprint model 'polygon' loaded for trajectory optimization.
[INFO] [1783872240.776205713, 101.450000000]: Footprint model 'polygon' loaded for trajectory optimization.
[INFO] [1783872242.707567915, 103.378000000]: GOAL Reached!
[INFO] [1783872242.867225592, 103.538000000]: Footprint model 'polygon' loaded for trajectory optimization.
[INFO] [1783872243.754723665, 104.424000000]: Footprint model 'polygon' loaded for trajectory optimization.
[INFO] [1783872244.398968749, 105.066000000]: Footprint model 'polygon' loaded for trajectory optimization.
[INFO] [1783872245.045652189, 105.712000000]: Footprint model 'polygon' loaded for trajectory optimization.
[INFO] [1783872246.976037950, 107.638000000]: GOAL Reached!
[INFO] [1783872247.120522528, 107.782000000]: Footprint model 'polygon' loaded for trajectory optimization.
[INFO] [1783872248.000063057, 108.660000000]: Footprint model 'polygon' loaded for trajectory optimization.
[INFO] [1783872248.654759610, 109.314000000]: Footprint model 'polygon' loaded for trajectory optimization.
[INFO] [1783872249.298259376, 109.956000000]: Footprint model 'polygon' loaded for trajectory optimization.
[INFO] [1783872249.858073624, 110.514000000]: Footprint model 'polygon' loaded for trajectory optimization.
[INFO] [1783872251.233486055, 111.888000000]: GOAL Reached!
[INFO] [1783872251.379770415, 112.034000000]: Footprint model 'polygon' loaded for trajectory optimization.
[INFO] [1783872252.270574280, 112.922000000]: Footprint model 'polygon' loaded for trajectory optimization.
[INFO] [1783872252.910375433, 113.562000000]: Footprint model 'polygon' loaded for trajectory optimization.
[INFO] [1783872253.506998106, 114.158000000]: Footprint model 'polygon' loaded for trajectory optimization.
[INFO] [1783872254.160163727, 114.808000000]: Footprint model 'polygon' loaded for trajectory optimization.
[INFO] [1783872255.491439453, 116.138000000]: GOAL Reached!
[INFO] [1783872255.631020948, 116.276000000]: Footprint model 'polygon' loaded for trajectory optimization.
[INFO] [1783872256.520788818, 117.166000000]: Footprint model 'polygon' loaded for trajectory optimization.
[INFO] [1783872257.154171622, 117.798000000]: Footprint model 'polygon' loaded for trajectory optimization.
[INFO] [1783872257.797124756, 118.440000000]: Footprint model 'polygon' loaded for trajectory optimization.
[INFO] [1783872258.354516156, 118.996000000]: Footprint model 'polygon' loaded for trajectory optimization.
[INFO] [1783872259.833660010, 120.472000000]: GOAL Reached!
[INFO] [1783872259.974339411, 120.614000000]: Footprint model 'polygon' loaded for trajectory optimization.
[INFO] [1783872260.863212431, 121.500000000]: Footprint model 'polygon' loaded for trajectory optimization.
[INFO] [1783872261.413761308, 122.050000000]: Footprint model 'polygon' loaded for trajectory optimization.
[INFO] [1783872262.063187374, 122.698000000]: Footprint model 'polygon' loaded for trajectory optimization.
[INFO] [1783872263.991998855, 124.624000000]: GOAL Reached!
[INFO] [1783872264.142885921, 124.776000000]: Footprint model 'polygon' loaded for trajectory optimization.
[INFO] [1783872265.029657404, 125.662000000]: Footprint model 'polygon' loaded for trajectory optimization.
[INFO] [1783872265.626499822, 126.258000000]: Footprint model 'polygon' loaded for trajectory optimization.
[INFO] [1783872266.175421995, 126.806000000]: Footprint model 'polygon' loaded for trajectory optimization.
[INFO] [1783872266.826026876, 127.454000000]: Footprint model 'polygon' loaded for trajectory optimization.
[INFO] [1783872268.456523329, 129.082000000]: GOAL Reached!
[INFO] [1783872268.602928517, 129.228000000]: Footprint model 'polygon' loaded for trajectory optimization.
[INFO] [1783872269.475056722, 130.098000000]: Footprint model 'polygon' loaded for trajectory optimization.
[INFO] [1783872270.027067817, 130.650000000]: Footprint model 'polygon' loaded for trajectory optimization.
[INFO] [1783872270.625314378, 131.248000000]: Footprint model 'polygon' loaded for trajectory optimization.
[INFO] [1783872271.277506021, 131.898000000]: Footprint model 'polygon' loaded for trajectory optimization.
[INFO] [1783872272.706393880, 133.324000000]: GOAL Reached!
[INFO] [1783872272.849568756, 133.466000000]: Footprint model 'polygon' loaded for trajectory optimization.
[INFO] [1783872273.728344710, 134.342000000]: Footprint model 'polygon' loaded for trajectory optimization.
[INFO] [1783872274.379332308, 134.994000000]: Footprint model 'polygon' loaded for trajectory optimization.
[INFO] [1783872274.977917272, 135.592000000]: Footprint model 'polygon' loaded for trajectory optimization.
[INFO] [1783872276.756059831, 137.368000000]: GOAL Reached!
[INFO] [1783872276.894732199, 137.504000000]: Footprint model 'polygon' loaded for trajectory optimization.
[INFO] [1783872277.792223249, 138.400000000]: Footprint model 'polygon' loaded for trajectory optimization.
[INFO] [1783872278.437307534, 139.046000000]: Footprint model 'polygon' loaded for trajectory optimization.
[INFO] [1783872279.038430965, 139.644000000]: Footprint model 'polygon' loaded for trajectory optimization.
[INFO] [1783872280.917079890, 141.520000000]: GOAL Reached!
[INFO] [1783872281.058647477, 141.662000000]: Footprint model 'polygon' loaded for trajectory optimization.
[INFO] [1783872281.956316416, 142.556000000]: Footprint model 'polygon' loaded for trajectory optimization.
[INFO] [1783872282.600926347, 143.200000000]: Footprint model 'polygon' loaded for trajectory optimization.
[INFO] [1783872283.248970394, 143.848000000]: Footprint model 'polygon' loaded for trajectory optimization.
[INFO] [1783872285.081474340, 145.676000000]: GOAL Reached!
[INFO] [1783872285.223976825, 145.818000000]: Footprint model 'polygon' loaded for trajectory optimization.
[INFO] [1783872286.091359930, 146.684000000]: Footprint model 'polygon' loaded for trajectory optimization.
[INFO] [1783872286.797616421, 147.390000000]: Footprint model 'polygon' loaded for trajectory optimization.
[INFO] [1783872287.488251248, 148.082000000]: Footprint model 'polygon' loaded for trajectory optimization.
[INFO] [1783872289.221139202, 149.810000000]: GOAL Reached!
[INFO] [1783872289.370018977, 149.958000000]: Footprint model 'polygon' loaded for trajectory optimization.
[INFO] [1783872290.256041757, 150.840000000]: Footprint model 'polygon' loaded for trajectory optimization.
[INFO] [1783872290.940625217, 151.526000000]: Footprint model 'polygon' loaded for trajectory optimization.
[INFO] [1783872291.488997623, 152.076000000]: Footprint model 'polygon' loaded for trajectory optimization.
[INFO] [1783872293.473210465, 154.054000000]: GOAL Reached!
[INFO] [1783872293.630348867, 154.210000000]: Footprint model 'polygon' loaded for trajectory optimization.
[INFO] [1783872294.519228022, 155.098000000]: Footprint model 'polygon' loaded for trajectory optimization.
[INFO] [1783872295.065894073, 155.642000000]: Footprint model 'polygon' loaded for trajectory optimization.
[INFO] [1783872295.663898781, 156.242000000]: Footprint model 'polygon' loaded for trajectory optimization.
[INFO] [1783872296.317892442, 156.892000000]: Footprint model 'polygon' loaded for trajectory optimization.
[INFO] [1783872297.640793714, 158.218000000]: GOAL Reached!
[INFO] [1783872297.783294022, 158.358000000]: Footprint model 'polygon' loaded for trajectory optimization.
[INFO] [1783872298.671079132, 159.242000000]: Footprint model 'polygon' loaded for trajectory optimization.
[INFO] [1783872299.363813943, 159.934000000]: Footprint model 'polygon' loaded for trajectory optimization.
[INFO] [1783872300.058329792, 160.626000000]: Footprint model 'polygon' loaded for trajectory optimization.
[INFO] [1783872301.789734396, 162.358000000]: GOAL Reached!
[INFO] [1783872301.942776321, 162.510000000]: Footprint model 'polygon' loaded for trajectory optimization.
[INFO] [1783872302.820561278, 163.384000000]: Footprint model 'polygon' loaded for trajectory optimization.
[INFO] [1783872303.468741802, 164.030000000]: Footprint model 'polygon' loaded for trajectory optimization.
[INFO] [1783872304.115484190, 164.678000000]: Footprint model 'polygon' loaded for trajectory optimization.
[INFO] [1783872304.719305832, 165.280000000]: Footprint model 'polygon' loaded for trajectory optimization.
[INFO] [1783872306.047963554, 166.606000000]: GOAL Reached!
[INFO] [1783872306.189357924, 166.748000000]: Footprint model 'polygon' loaded for trajectory optimization.
[INFO] [1783872307.066266357, 167.622000000]: Footprint model 'polygon' loaded for trajectory optimization.
[INFO] [1783872307.719088699, 168.274000000]: Footprint model 'polygon' loaded for trajectory optimization.
[INFO] [1783872308.312463656, 168.866000000]: Footprint model 'polygon' loaded for trajectory optimization.
[INFO] [1783872308.966559339, 169.520000000]: Footprint model 'polygon' loaded for trajectory optimization.
[INFO] [1783872310.397958457, 170.948000000]: GOAL Reached!
[INFO] [1783872310.535234146, 171.086000000]: Footprint model 'polygon' loaded for trajectory optimization.
[INFO] [1783872311.414393568, 171.962000000]: Footprint model 'polygon' loaded for trajectory optimization.
[INFO] [1783872312.058914688, 172.606000000]: Footprint model 'polygon' loaded for trajectory optimization.
[INFO] [1783872312.658694016, 173.204000000]: Footprint model 'polygon' loaded for trajectory optimization.
[INFO] [1783872313.307582746, 173.852000000]: Footprint model 'polygon' loaded for trajectory optimization.
[INFO] [1783872314.635275147, 175.178000000]: GOAL Reached!
[INFO] [1783872314.785999224, 175.330000000]: Footprint model 'polygon' loaded for trajectory optimization.
[INFO] [1783872315.682786169, 176.224000000]: Footprint model 'polygon' loaded for trajectory optimization.
[INFO] [1783872316.372822439, 176.912000000]: Footprint model 'polygon' loaded for trajectory optimization.
[INFO] [1783872317.020049042, 177.558000000]: Footprint model 'polygon' loaded for trajectory optimization.
[INFO] [1783872318.901652844, 179.436000000]: GOAL Reached!
[INFO] [1783872319.059369025, 179.594000000]: Footprint model 'polygon' loaded for trajectory optimization.
[INFO] [1783872319.948858594, 180.480000000]: Footprint model 'polygon' loaded for trajectory optimization.
[INFO] [1783872320.651837479, 181.184000000]: Footprint model 'polygon' loaded for trajectory optimization.
[INFO] [1783872321.301943954, 181.834000000]: Footprint model 'polygon' loaded for trajectory optimization.
[INFO] [1783872323.276548093, 183.806000000]: GOAL Reached!
[INFO] [1783872323.422917919, 183.950000000]: Footprint model 'polygon' loaded for trajectory optimization.
[INFO] [1783872324.296370697, 184.824000000]: Footprint model 'polygon' loaded for trajectory optimization.
[INFO] [1783872324.891045669, 185.416000000]: Footprint model 'polygon' loaded for trajectory optimization.
[INFO] [1783872325.490133011, 186.014000000]: Footprint model 'polygon' loaded for trajectory optimization.
[INFO] [1783872326.088342637, 186.612000000]: Footprint model 'polygon' loaded for trajectory optimization.
[INFO] [1783872327.517623239, 188.042000000]: GOAL Reached!
[INFO] [1783872327.649239673, 188.172000000]: Footprint model 'polygon' loaded for trajectory optimization.
[INFO] [1783872328.542648693, 189.064000000]: Footprint model 'polygon' loaded for trajectory optimization.
[INFO] [1783872329.181364201, 189.700000000]: Footprint model 'polygon' loaded for trajectory optimization.
[INFO] [1783872329.827556475, 190.346000000]: Footprint model 'polygon' loaded for trajectory optimization.
[INFO] [1783872331.759027330, 192.274000000]: GOAL Reached!
[INFO] [1783872331.902544388, 192.416000000]: Footprint model 'polygon' loaded for trajectory optimization.
[INFO] [1783872332.789077845, 193.302000000]: Footprint model 'polygon' loaded for trajectory optimization.
[INFO] [1783872333.490611616, 194.002000000]: Footprint model 'polygon' loaded for trajectory optimization.
[INFO] [1783872334.189709976, 194.698000000]: Footprint model 'polygon' loaded for trajectory optimization.
[INFO] [1783872335.919431475, 196.426000000]: GOAL Reached!
[INFO] [1783872336.056798055, 196.562000000]: Footprint model 'polygon' loaded for trajectory optimization.
[INFO] [1783872336.935615256, 197.440000000]: Footprint model 'polygon' loaded for trajectory optimization.
[INFO] [1783872337.483750011, 197.986000000]: Footprint model 'polygon' loaded for trajectory optimization.
[INFO] [1783872338.082943371, 198.586000000]: Footprint model 'polygon' loaded for trajectory optimization.
[INFO] [1783872338.686358921, 199.188000000]: Footprint model 'polygon' loaded for trajectory optimization.
[INFO] [1783872340.165114284, 200.664000000]: GOAL Reached!
[INFO] [1783872340.309667346, 200.808000000]: Footprint model 'polygon' loaded for trajectory optimization.
[INFO] [1783872341.201776217, 201.698000000]: Footprint model 'polygon' loaded for trajectory optimization.
[INFO] [1783872341.842107838, 202.336000000]: Footprint model 'polygon' loaded for trajectory optimization.
[INFO] [1783872342.440737173, 202.940000000]: Footprint model 'polygon' loaded for trajectory optimization.
[INFO] [1783872343.038717908, 203.532000000]: Footprint model 'polygon' loaded for trajectory optimization.
[INFO] [1783872344.419665601, 204.910000000]: GOAL Reached!
[INFO] [1783872344.549970133, 205.040000000]: Footprint model 'polygon' loaded for trajectory optimization.
[INFO] [1783872345.430677732, 205.918000000]: Footprint model 'polygon' loaded for trajectory optimization.
[INFO] [1783872346.028184697, 206.516000000]: Footprint model 'polygon' loaded for trajectory optimization.
[INFO] [1783872346.724958739, 207.212000000]: Footprint model 'polygon' loaded for trajectory optimization.
[INFO] [1783872348.653489479, 209.136000000]: GOAL Reached!
[INFO] [1783872348.797979565, 209.282000000]: Footprint model 'polygon' loaded for trajectory optimization.
[INFO] [1783872349.680214180, 210.162000000]: Footprint model 'polygon' loaded for trajectory optimization.
[INFO] [1783872350.372756912, 210.850000000]: Footprint model 'polygon' loaded for trajectory optimization.
[INFO] [1783872351.020303323, 211.498000000]: Footprint model 'polygon' loaded for trajectory optimization.
[INFO] [1783872352.899984288, 213.378000000]: GOAL Reached!
[INFO] [1783872353.052728443, 213.530000000]: Footprint model 'polygon' loaded for trajectory optimization.
[INFO] [1783872353.947712615, 214.422000000]: Footprint model 'polygon' loaded for trajectory optimization.
[INFO] [1783872354.633186607, 215.106000000]: Footprint model 'polygon' loaded for trajectory optimization.
[INFO] [1783872355.334799204, 215.804000000]: Footprint model 'polygon' loaded for trajectory optimization.
[INFO] [1783872357.167419732, 217.634000000]: GOAL Reached!
[INFO] [1783872357.315863028, 217.784000000]: Footprint model 'polygon' loaded for trajectory optimization.
[INFO] [1783872358.192883191, 218.660000000]: Footprint model 'polygon' loaded for trajectory optimization.
[INFO] [1783872358.800534914, 219.264000000]: Footprint model 'polygon' loaded for trajectory optimization.
[INFO] [1783872359.498798387, 219.960000000]: Footprint model 'polygon' loaded for trajectory optimization.
[INFO] [1783872361.328597624, 221.788000000]: GOAL Reached!
[INFO] [1783872361.482667057, 221.940000000]: Footprint model 'polygon' loaded for trajectory optimization.
[INFO] [1783872362.364868486, 222.822000000]: Footprint model 'polygon' loaded for trajectory optimization.
[INFO] [1783872362.912876988, 223.370000000]: Footprint model 'polygon' loaded for trajectory optimization.
[INFO] [1783872363.513134650, 223.968000000]: Footprint model 'polygon' loaded for trajectory optimization.
[INFO] [1783872364.159846155, 224.618000000]: Footprint model 'polygon' loaded for trajectory optimization.
[INFO] [1783872365.595706771, 226.046000000]: GOAL Reached!
[INFO] [1783872365.727873169, 226.178000000]: Footprint model 'polygon' loaded for trajectory optimization.
[INFO] [1783872366.614696628, 227.064000000]: Footprint model 'polygon' loaded for trajectory optimization.
[INFO] [1783872367.259053943, 227.708000000]: Footprint model 'polygon' loaded for trajectory optimization.
[INFO] [1783872367.856997701, 228.304000000]: Footprint model 'polygon' loaded for trajectory optimization.
[INFO] [1783872369.837690066, 230.284000000]: GOAL Reached!
[INFO] [1783872369.973473361, 230.418000000]: Footprint model 'polygon' loaded for trajectory optimization.
[INFO] [1783872370.859483467, 231.302000000]: Footprint model 'polygon' loaded for trajectory optimization.
[INFO] [1783872371.499621793, 231.942000000]: Footprint model 'polygon' loaded for trajectory optimization.
[INFO] [1783872372.147958963, 232.590000000]: Footprint model 'polygon' loaded for trajectory optimization.
[INFO] [1783872374.078929877, 234.516000000]: GOAL Reached!
[INFO] [1783872374.206055542, 234.642000000]: Footprint model 'polygon' loaded for trajectory optimization.
[INFO] [1783872375.086770815, 235.522000000]: Footprint model 'polygon' loaded for trajectory optimization.
[INFO] [1783872375.677193783, 236.112000000]: Footprint model 'polygon' loaded for trajectory optimization.
[INFO] [1783872376.279664760, 236.712000000]: Footprint model 'polygon' loaded for trajectory optimization.
[INFO] [1783872376.879774445, 237.312000000]: Footprint model 'polygon' loaded for trajectory optimization.
[INFO] [1783872378.308972700, 238.740000000]: GOAL Reached!
[INFO] [1783872378.455713415, 238.884000000]: Footprint model 'polygon' loaded for trajectory optimization.
[INFO] [1783872379.334026020, 239.760000000]: Footprint model 'polygon' loaded for trajectory optimization.
[INFO] [1783872379.928158981, 240.354000000]: Footprint model 'polygon' loaded for trajectory optimization.
[INFO] [1783872380.630424521, 241.056000000]: Footprint model 'polygon' loaded for trajectory optimization.
[INFO] [1783872381.272763571, 241.698000000]: Footprint model 'polygon' loaded for trajectory optimization.
[INFO] [1783872382.663027080, 243.084000000]: GOAL Reached!
[INFO] [1783872382.815018403, 243.236000000]: Footprint model 'polygon' loaded for trajectory optimization.
[INFO] [1783872383.676983296, 244.098000000]: Footprint model 'polygon' loaded for trajectory optimization.
[INFO] [1783872384.290540147, 244.708000000]: Footprint model 'polygon' loaded for trajectory optimization.
[INFO] [1783872384.941939400, 245.358000000]: Footprint model 'polygon' loaded for trajectory optimization.
[INFO] [1783872386.822043571, 247.236000000]: GOAL Reached!
[INFO] [1783872386.957765938, 247.372000000]: Footprint model 'polygon' loaded for trajectory optimization.
[INFO] [1783872387.848884989, 248.262000000]: Footprint model 'polygon' loaded for trajectory optimization.
[INFO] [1783872388.489339335, 248.900000000]: Footprint model 'polygon' loaded for trajectory optimization.
[INFO] [1783872389.132536238, 249.544000000]: Footprint model 'polygon' loaded for trajectory optimization.
[INFO] [1783872390.967745531, 251.374000000]: GOAL Reached!
[INFO] [1783872391.092781175, 251.498000000]: Footprint model 'polygon' loaded for trajectory optimization.
[INFO] [1783872391.977822774, 252.382000000]: Footprint model 'polygon' loaded for trajectory optimization.
[INFO] [1783872392.625509905, 253.028000000]: Footprint model 'polygon' loaded for trajectory optimization.
[INFO] [1783872393.225565965, 253.626000000]: Footprint model 'polygon' loaded for trajectory optimization.
[INFO] [1783872395.004016688, 255.402000000]: GOAL Reached!
[INFO] [1783872395.139797284, 255.538000000]: Footprint model 'polygon' loaded for trajectory optimization.
[INFO] [1783872396.005078750, 256.400000000]: Footprint model 'polygon' loaded for trajectory optimization.
[INFO] [1783872396.604147923, 257.002000000]: Footprint model 'polygon' loaded for trajectory optimization.
[INFO] [1783872397.205460561, 257.602000000]: Footprint model 'polygon' loaded for trajectory optimization.
[INFO] [1783872399.141291842, 259.532000000]: GOAL Reached!
[INFO] [1783872399.286513029, 259.678000000]: Footprint model 'polygon' loaded for trajectory optimization.
[INFO] [1783872400.176131817, 260.564000000]: Footprint model 'polygon' loaded for trajectory optimization.
[INFO] [1783872400.816577753, 261.204000000]: Footprint model 'polygon' loaded for trajectory optimization.
[INFO] [1783872401.415803245, 261.802000000]: Footprint model 'polygon' loaded for trajectory optimization.
[INFO] [1783872403.296657643, 263.680000000]: GOAL Reached!
[INFO] [1783872403.445708720, 263.828000000]: Footprint model 'polygon' loaded for trajectory optimization.
[INFO] [1783872404.320368926, 264.702000000]: Footprint model 'polygon' loaded for trajectory optimization.
[INFO] [1783872404.959404679, 265.340000000]: Footprint model 'polygon' loaded for trajectory optimization.
[INFO] [1783872405.605191436, 265.988000000]: Footprint model 'polygon' loaded for trajectory optimization.
[INFO] [1783872407.439784252, 267.816000000]: GOAL Reached!
[INFO] [1783872407.583169921, 267.960000000]: Footprint model 'polygon' loaded for trajectory optimization.
[INFO] [1783872408.465813966, 268.840000000]: Footprint model 'polygon' loaded for trajectory optimization.
[INFO] [1783872409.157962222, 269.530000000]: Footprint model 'polygon' loaded for trajectory optimization.
[INFO] [1783872409.855016994, 270.228000000]: Footprint model 'polygon' loaded for trajectory optimization.
[INFO] [1783872411.789505085, 272.158000000]: GOAL Reached!
[INFO] [1783872411.948324089, 272.316000000]: Footprint model 'polygon' loaded for trajectory optimization.
[INFO] [1783872412.831682691, 273.200000000]: Footprint model 'polygon' loaded for trajectory optimization.
[INFO] [1783872413.517473453, 273.884000000]: Footprint model 'polygon' loaded for trajectory optimization.
[INFO] [1783872414.118033529, 274.482000000]: Footprint model 'polygon' loaded for trajectory optimization.
[INFO] [1783872416.051005097, 276.412000000]: GOAL Reached!
[INFO] [1783872416.206931224, 276.570000000]: Footprint model 'polygon' loaded for trajectory optimization.
[INFO] [1783872417.064275053, 277.422000000]: Footprint model 'polygon' loaded for trajectory optimization.
[INFO] [1783872417.668589748, 278.026000000]: Footprint model 'polygon' loaded for trajectory optimization.
[INFO] [1783872418.215902221, 278.572000000]: Footprint model 'polygon' loaded for trajectory optimization.
[INFO] [1783872418.816149514, 279.172000000]: Footprint model 'polygon' loaded for trajectory optimization.
[INFO] [1783872420.197754986, 280.552000000]: GOAL Reached!
[INFO] [1783872420.347771566, 280.702000000]: Footprint model 'polygon' loaded for trajectory optimization.
[INFO] [1783872421.234096548, 281.584000000]: Footprint model 'polygon' loaded for trajectory optimization.
[INFO] [1783872421.925673708, 282.276000000]: Footprint model 'polygon' loaded for trajectory optimization.
[INFO] [1783872422.577028750, 282.926000000]: Footprint model 'polygon' loaded for trajectory optimization.
[INFO] [1783872424.557138805, 284.902000000]: GOAL Reached!
[INFO] [1783872424.710497051, 285.056000000]: Footprint model 'polygon' loaded for trajectory optimization.
[INFO] [1783872425.597822296, 285.942000000]: Footprint model 'polygon' loaded for trajectory optimization.
[INFO] [1783872426.248336445, 286.590000000]: Footprint model 'polygon' loaded for trajectory optimization.
[INFO] [1783872426.843691663, 287.184000000]: Footprint model 'polygon' loaded for trajectory optimization.
[INFO] [1783872427.443213738, 287.784000000]: Footprint model 'polygon' loaded for trajectory optimization.
[INFO] [1783872428.823412117, 289.162000000]: GOAL Reached!
[INFO] [1783872428.980260675, 289.318000000]: Footprint model 'polygon' loaded for trajectory optimization.
[INFO] [1783872429.861935716, 290.198000000]: Footprint model 'polygon' loaded for trajectory optimization.
[INFO] [1783872430.472410628, 290.806000000]: Footprint model 'polygon' loaded for trajectory optimization.
[INFO] [1783872431.123867887, 291.458000000]: Footprint model 'polygon' loaded for trajectory optimization.
[INFO] [1783872431.771151081, 292.106000000]: Footprint model 'polygon' loaded for trajectory optimization.
[INFO] [1783872433.103654669, 293.434000000]: GOAL Reached!
[INFO] [1783872433.254889699, 293.584000000]: Footprint model 'polygon' loaded for trajectory optimization.
[INFO] [1783872434.155268126, 294.484000000]: Footprint model 'polygon' loaded for trajectory optimization.
[INFO] [1783872434.790226685, 295.116000000]: Footprint model 'polygon' loaded for trajectory optimization.
[INFO] [1783872435.393053291, 295.718000000]: Footprint model 'polygon' loaded for trajectory optimization.
[INFO] [1783872437.369728648, 297.692000000]: GOAL Reached!
[INFO] [1783872437.513073453, 297.836000000]: Footprint model 'polygon' loaded for trajectory optimization.
[INFO] [1783872438.395361746, 298.716000000]: Footprint model 'polygon' loaded for trajectory optimization.
[INFO] [1783872439.001938042, 299.320000000]: Footprint model 'polygon' loaded for trajectory optimization.
[INFO] [1783872439.555342618, 299.874000000]: Footprint model 'polygon' loaded for trajectory optimization.
[INFO] [1783872440.200208092, 300.520000000]: Footprint model 'polygon' loaded for trajectory optimization.
[INFO] [1783872441.632966653, 301.948000000]: GOAL Reached!
[INFO] [1783872441.758708344, 302.072000000]: Footprint model 'polygon' loaded for trajectory optimization.
[INFO] [1783872442.648902079, 302.962000000]: Footprint model 'polygon' loaded for trajectory optimization.
[INFO] [1783872443.285193063, 303.596000000]: Footprint model 'polygon' loaded for trajectory optimization.
[INFO] [1783872443.885674490, 304.196000000]: Footprint model 'polygon' loaded for trajectory optimization.
[INFO] [1783872444.532233359, 304.842000000]: Footprint model 'polygon' loaded for trajectory optimization.
[INFO] [1783872445.866079279, 306.172000000]: GOAL Reached!
[INFO] [1783872446.014800323, 306.320000000]: Footprint model 'polygon' loaded for trajectory optimization.
[INFO] [1783872446.918515318, 307.224000000]: Footprint model 'polygon' loaded for trajectory optimization.
[INFO] [1783872447.608370418, 307.912000000]: Footprint model 'polygon' loaded for trajectory optimization.
[INFO] [1783872448.304131283, 308.606000000]: Footprint model 'polygon' loaded for trajectory optimization.
[INFO] [1783872450.137333262, 310.436000000]: GOAL Reached!
[INFO] [1783872450.276518401, 310.574000000]: Footprint model 'polygon' loaded for trajectory optimization.
[INFO] [1783872451.158110411, 311.456000000]: Footprint model 'polygon' loaded for trajectory optimization.
[INFO] [1783872451.849951421, 312.146000000]: Footprint model 'polygon' loaded for trajectory optimization.
[INFO] [1783872452.448318389, 312.746000000]: Footprint model 'polygon' loaded for trajectory optimization.
[INFO] [1783872453.050113394, 313.344000000]: Footprint model 'polygon' loaded for trajectory optimization.
[INFO] [1783872454.480185060, 314.774000000]: GOAL Reached!
[INFO] [1783872454.621721382, 314.914000000]: Footprint model 'polygon' loaded for trajectory optimization.
[INFO] [1783872455.511089574, 315.802000000]: Footprint model 'polygon' loaded for trajectory optimization.
[INFO] [1783872456.165627891, 316.454000000]: Footprint model 'polygon' loaded for trajectory optimization.
[INFO] [1783872456.815215502, 317.102000000]: Footprint model 'polygon' loaded for trajectory optimization.
[INFO] [1783872458.745987640, 319.030000000]: GOAL Reached!
[INFO] [1783872458.891191382, 319.176000000]: Footprint model 'polygon' loaded for trajectory optimization.
[INFO] [1783872459.797786581, 320.080000000]: Footprint model 'polygon' loaded for trajectory optimization.
[INFO] [1783872460.486908422, 320.770000000]: Footprint model 'polygon' loaded for trajectory optimization.
[INFO] [1783872461.134316503, 321.414000000]: Footprint model 'polygon' loaded for trajectory optimization.
[INFO] [1783872463.018513625, 323.294000000]: GOAL Reached!
[INFO] [1783872463.154498759, 323.430000000]: Footprint model 'polygon' loaded for trajectory optimization.
[INFO] [1783872464.025154669, 324.302000000]: Footprint model 'polygon' loaded for trajectory optimization.
[INFO] [1783872464.624195750, 324.896000000]: Footprint model 'polygon' loaded for trajectory optimization.
[INFO] [1783872465.326293887, 325.598000000]: Footprint model 'polygon' loaded for trajectory optimization.
[INFO] [1783872465.983675016, 326.254000000]: Footprint model 'polygon' loaded for trajectory optimization.
[INFO] [1783872467.257333213, 327.526000000]: GOAL Reached!
[INFO] [1783872467.402770109, 327.672000000]: Footprint model 'polygon' loaded for trajectory optimization.
[INFO] [1783872468.275273351, 328.542000000]: Footprint model 'polygon' loaded for trajectory optimization.
[INFO] [1783872468.829419767, 329.096000000]: Footprint model 'polygon' loaded for trajectory optimization.
[INFO] [1783872469.436035086, 329.700000000]: Footprint model 'polygon' loaded for trajectory optimization.
[INFO] [1783872470.035477041, 330.300000000]: Footprint model 'polygon' loaded for trajectory optimization.
[INFO] [1783872471.513377576, 331.774000000]: GOAL Reached!
[INFO] [1783872471.658396672, 331.918000000]: Footprint model 'polygon' loaded for trajectory optimization.
[INFO] [1783872472.542919888, 332.802000000]: Footprint model 'polygon' loaded for trajectory optimization.
[INFO] [1783872473.186479415, 333.444000000]: Footprint model 'polygon' loaded for trajectory optimization.
[INFO] [1783872473.785287538, 334.044000000]: Footprint model 'polygon' loaded for trajectory optimization.
[INFO] [1783872475.667605535, 335.922000000]: GOAL Reached!
[INFO] [1783872475.814980703, 336.070000000]: Footprint model 'polygon' loaded for trajectory optimization.
[INFO] [1783872476.690261291, 336.944000000]: Footprint model 'polygon' loaded for trajectory optimization.
[INFO] [1783872477.339572117, 337.592000000]: Footprint model 'polygon' loaded for trajectory optimization.
[INFO] [1783872477.984332252, 338.236000000]: Footprint model 'polygon' loaded for trajectory optimization.
[INFO] [1783872479.819436906, 340.066000000]: GOAL Reached!
[INFO] [1783872479.970128391, 340.216000000]: Footprint model 'polygon' loaded for trajectory optimization.
[INFO] [1783872480.852896433, 341.098000000]: Footprint model 'polygon' loaded for trajectory optimization.
[INFO] [1783872481.549609891, 341.794000000]: Footprint model 'polygon' loaded for trajectory optimization.
[INFO] [1783872482.101622581, 342.344000000]: Footprint model 'polygon' loaded for trajectory optimization.
[INFO] [1783872482.703182295, 342.946000000]: Footprint model 'polygon' loaded for trajectory optimization.
[INFO] [1783872484.283912650, 344.522000000]: GOAL Reached!
[INFO] [1783872484.419361591, 344.658000000]: Footprint model 'polygon' loaded for trajectory optimization.
[INFO] [1783872485.287800084, 345.524000000]: Footprint model 'polygon' loaded for trajectory optimization.
[INFO] [1783872485.942369254, 346.178000000]: Footprint model 'polygon' loaded for trajectory optimization.
[INFO] [1783872486.588768218, 346.824000000]: Footprint model 'polygon' loaded for trajectory optimization.
[INFO] [1783872488.321399209, 348.552000000]: GOAL Reached!
[INFO] [1783872488.431520370, 348.664000000]: Footprint model 'polygon' loaded for trajectory optimization.
[INFO] [1783872489.332321213, 349.560000000]: Footprint model 'polygon' loaded for trajectory optimization.
[INFO] [1783872489.979330196, 350.208000000]: Footprint model 'polygon' loaded for trajectory optimization.
[INFO] [1783872490.578080717, 350.806000000]: Footprint model 'polygon' loaded for trajectory optimization.
[INFO] [1783872491.182322569, 351.406000000]: Footprint model 'polygon' loaded for trajectory optimization.
[INFO] [1783872491.828216103, 352.054000000]: Footprint model 'polygon' loaded for trajectory optimization.
[INFO] [1783872493.759212045, 353.982000000]: GOAL Reached!
[INFO] [1783872493.897921050, 354.120000000]: Footprint model 'polygon' loaded for trajectory optimization.
[INFO] [1783872494.785199410, 355.004000000]: Footprint model 'polygon' loaded for trajectory optimization.
[INFO] [1783872495.423508427, 355.644000000]: Footprint model 'polygon' loaded for trajectory optimization.
[INFO] [1783872496.064155956, 356.282000000]: Footprint model 'polygon' loaded for trajectory optimization.
[INFO] [1783872496.621186102, 356.838000000]: Footprint model 'polygon' loaded for trajectory optimization.
[INFO] [1783872498.000963833, 358.216000000]: GOAL Reached!
[INFO] [1783872498.144747972, 358.358000000]: Footprint model 'polygon' loaded for trajectory optimization.
[INFO] [1783872499.027781419, 359.240000000]: Footprint model 'polygon' loaded for trajectory optimization.
[INFO] [1783872499.674255852, 359.884000000]: Footprint model 'polygon' loaded for trajectory optimization.
[INFO] [1783872500.322403720, 360.534000000]: Footprint model 'polygon' loaded for trajectory optimization.
[INFO] [1783872500.971774185, 361.180000000]: Footprint model 'polygon' loaded for trajectory optimization.
[INFO] [1783872502.351129560, 362.556000000]: GOAL Reached!
[INFO] [1783872502.492061855, 362.698000000]: Footprint model 'polygon' loaded for trajectory optimization.
[INFO] [1783872503.376214935, 363.580000000]: Footprint model 'polygon' loaded for trajectory optimization.
[INFO] [1783872504.067538787, 364.270000000]: Footprint model 'polygon' loaded for trajectory optimization.
[INFO] [1783872504.805341154, 365.006000000]: Footprint model 'polygon' loaded for trajectory optimization.
[INFO] [1783872505.469127024, 365.670000000]: Footprint model 'polygon' loaded for trajectory optimization.
[INFO] [1783872506.165589004, 366.366000000]: Footprint model 'polygon' loaded for trajectory optimization.
[INFO] [1783872507.699181775, 367.896000000]: GOAL Reached!
[INFO] [1783872507.827156045, 368.024000000]: Footprint model 'polygon' loaded for trajectory optimization.
[INFO] [1783872508.688799045, 368.884000000]: Footprint model 'polygon' loaded for trajectory optimization.
[INFO] [1783872509.387140502, 369.580000000]: Footprint model 'polygon' loaded for trajectory optimization.
[INFO] [1783872509.989358368, 370.182000000]: Footprint model 'polygon' loaded for trajectory optimization.
[INFO] [1783872511.921315056, 372.110000000]: GOAL Reached!
[INFO] [1783872512.050780260, 372.238000000]: Footprint model 'polygon' loaded for trajectory optimization.
[INFO] [1783872512.936050060, 373.120000000]: Footprint model 'polygon' loaded for trajectory optimization.
[INFO] [1783872513.578442369, 373.764000000]: Footprint model 'polygon' loaded for trajectory optimization.
[INFO] [1783872514.180275629, 374.364000000]: Footprint model 'polygon' loaded for trajectory optimization.
[INFO] [1783872514.833293836, 375.016000000]: Footprint model 'polygon' loaded for trajectory optimization.
[INFO] [1783872515.482398687, 375.662000000]: Footprint model 'polygon' loaded for trajectory optimization.
[INFO] [1783872517.157325800, 377.336000000]: GOAL Reached!
[INFO] [1783872517.296521208, 377.474000000]: Footprint model 'polygon' loaded for trajectory optimization.
[INFO] [1783872518.167095469, 378.344000000]: Footprint model 'polygon' loaded for trajectory optimization.
[INFO] [1783872518.863723574, 379.038000000]: Footprint model 'polygon' loaded for trajectory optimization.
[INFO] [1783872519.467409478, 379.642000000]: Footprint model 'polygon' loaded for trajectory optimization.
[INFO] [1783872521.399679196, 381.570000000]: GOAL Reached!
[INFO] [1783872521.536837074, 381.708000000]: Footprint model 'polygon' loaded for trajectory optimization.
[INFO] [1783872522.409355407, 382.580000000]: Footprint model 'polygon' loaded for trajectory optimization.
[INFO] [1783872523.059827088, 383.228000000]: Footprint model 'polygon' loaded for trajectory optimization.
[INFO] [1783872523.695231893, 383.864000000]: Footprint model 'polygon' loaded for trajectory optimization.
[INFO] [1783872525.529540943, 385.694000000]: GOAL Reached!
[INFO] [1783872525.671113356, 385.834000000]: Footprint model 'polygon' loaded for trajectory optimization.
[INFO] [1783872526.558063370, 386.720000000]: Footprint model 'polygon' loaded for trajectory optimization.
[INFO] [1783872527.152757286, 387.312000000]: Footprint model 'polygon' loaded for trajectory optimization.
[INFO] [1783872527.800788999, 387.960000000]: Footprint model 'polygon' loaded for trajectory optimization.
[INFO] [1783872529.681387422, 389.838000000]: GOAL Reached!
[INFO] [1783872529.828920151, 389.986000000]: Footprint model 'polygon' loaded for trajectory optimization.
[INFO] [1783872530.705760234, 390.860000000]: Footprint model 'polygon' loaded for trajectory optimization.
[INFO] [1783872531.401332621, 391.554000000]: Footprint model 'polygon' loaded for trajectory optimization.
[INFO] [1783872531.953008476, 392.106000000]: Footprint model 'polygon' loaded for trajectory optimization.
[INFO] [1783872533.833047715, 393.982000000]: GOAL Reached!
[INFO] [1783872533.967602937, 394.116000000]: Footprint model 'polygon' loaded for trajectory optimization.
[INFO] [1783872534.832430182, 394.980000000]: Footprint model 'polygon' loaded for trajectory optimization.
[INFO] [1783872535.383408153, 395.530000000]: Footprint model 'polygon' loaded for trajectory optimization.
[INFO] [1783872536.032378198, 396.178000000]: Footprint model 'polygon' loaded for trajectory optimization.
[INFO] [1783872536.579610026, 396.724000000]: Footprint model 'polygon' loaded for trajectory optimization.
[INFO] [1783872538.166833137, 398.308000000]: GOAL Reached!
[INFO] [1783872538.316039516, 398.458000000]: Footprint model 'polygon' loaded for trajectory optimization.
[INFO] [1783872539.183575112, 399.322000000]: Footprint model 'polygon' loaded for trajectory optimization.
[INFO] [1783872539.885817904, 400.024000000]: Footprint model 'polygon' loaded for trajectory optimization.
[INFO] [1783872540.441434174, 400.578000000]: Footprint model 'polygon' loaded for trajectory optimization.
[INFO] [1783872542.318043033, 402.450000000]: GOAL Reached!
[INFO] [1783872542.469420591, 402.602000000]: Footprint model 'polygon' loaded for trajectory optimization.
[INFO] [1783872543.348842990, 403.480000000]: Footprint model 'polygon' loaded for trajectory optimization.
[INFO] [1783872543.891368494, 404.022000000]: Footprint model 'polygon' loaded for trajectory optimization.
[INFO] [1783872544.538516881, 404.668000000]: Footprint model 'polygon' loaded for trajectory optimization.
[INFO] [1783872546.471168356, 406.598000000]: GOAL Reached!
[INFO] [1783872546.604586977, 406.730000000]: Footprint model 'polygon' loaded for trajectory optimization.
[INFO] [1783872547.497101268, 407.622000000]: Footprint model 'polygon' loaded for trajectory optimization.
[INFO] [1783872548.143432770, 408.266000000]: Footprint model 'polygon' loaded for trajectory optimization.
[INFO] [1783872548.794870317, 408.916000000]: Footprint model 'polygon' loaded for trajectory optimization.
[INFO] [1783872550.623315104, 410.744000000]: GOAL Reached!
[INFO] [1783872550.781905452, 410.900000000]: Footprint model 'polygon' loaded for trajectory optimization.
[INFO] [1783872551.666370817, 411.786000000]: Footprint model 'polygon' loaded for trajectory optimization.
[INFO] [1783872552.364558830, 412.484000000]: Footprint model 'polygon' loaded for trajectory optimization.
[INFO] [1783872552.970962622, 413.086000000]: Footprint model 'polygon' loaded for trajectory optimization.
[INFO] [1783872554.898663537, 415.010000000]: GOAL Reached!
[INFO] [1783872555.008120667, 415.120000000]: Footprint model 'polygon' loaded for trajectory optimization.
[INFO] [1783872555.870106426, 415.980000000]: Footprint model 'polygon' loaded for trajectory optimization.
[INFO] [1783872556.521713953, 416.634000000]: Footprint model 'polygon' loaded for trajectory optimization.
[INFO] [1783872557.168326326, 417.276000000]: Footprint model 'polygon' loaded for trajectory optimization.
[INFO] [1783872558.901439315, 419.010000000]: GOAL Reached!
[INFO] [1783872559.046980543, 419.154000000]: Footprint model 'polygon' loaded for trajectory optimization.
[INFO] [1783872559.917432709, 420.022000000]: Footprint model 'polygon' loaded for trajectory optimization.
[INFO] [1783872560.472012606, 420.578000000]: Footprint model 'polygon' loaded for trajectory optimization.
[INFO] [1783872561.075456648, 421.178000000]: Footprint model 'polygon' loaded for trajectory optimization.
[INFO] [1783872561.673191729, 421.776000000]: Footprint model 'polygon' loaded for trajectory optimization.
[INFO] [1783872563.350539680, 423.452000000]: GOAL Reached!
[INFO] [1783872563.508072753, 423.608000000]: Footprint model 'polygon' loaded for trajectory optimization.
[INFO] [1783872564.381892539, 424.478000000]: Footprint model 'polygon' loaded for trajectory optimization.
[INFO] [1783872564.931335848, 425.028000000]: Footprint model 'polygon' loaded for trajectory optimization.
[INFO] [1783872565.528147218, 425.626000000]: Footprint model 'polygon' loaded for trajectory optimization.
[INFO] [1783872566.127628925, 426.224000000]: Footprint model 'polygon' loaded for trajectory optimization.
[INFO] [1783872567.711469097, 427.802000000]: GOAL Reached!
[INFO] [1783872567.866859742, 427.958000000]: Footprint model 'polygon' loaded for trajectory optimization.
[INFO] [1783872568.733420836, 428.822000000]: Footprint model 'polygon' loaded for trajectory optimization.
[INFO] [1783872569.330958597, 429.420000000]: Footprint model 'polygon' loaded for trajectory optimization.
[INFO] [1783872569.929412804, 430.018000000]: Footprint model 'polygon' loaded for trajectory optimization.
[INFO] [1783872570.482834763, 430.568000000]: Footprint model 'polygon' loaded for trajectory optimization.
[INFO] [1783872571.861833788, 431.946000000]: GOAL Reached!
[INFO] [1783872572.011963730, 432.096000000]: Footprint model 'polygon' loaded for trajectory optimization.
[INFO] [1783872572.901383784, 432.984000000]: Footprint model 'polygon' loaded for trajectory optimization.
[INFO] [1783872573.597188303, 433.678000000]: Footprint model 'polygon' loaded for trajectory optimization.
[INFO] [1783872574.195176795, 434.276000000]: Footprint model 'polygon' loaded for trajectory optimization.
[INFO] [1783872574.748411609, 434.826000000]: Footprint model 'polygon' loaded for trajectory optimization.
[INFO] [1783872576.027111228, 436.104000000]: GOAL Reached!
[INFO] [1783872576.185216010, 436.262000000]: Footprint model 'polygon' loaded for trajectory optimization.
[INFO] [1783872577.066414988, 437.144000000]: Footprint model 'polygon' loaded for trajectory optimization.
[INFO] [1783872577.754078506, 437.832000000]: Footprint model 'polygon' loaded for trajectory optimization.
[INFO] [1783872578.351032582, 438.426000000]: Footprint model 'polygon' loaded for trajectory optimization.
[INFO] [1783872580.187597348, 440.258000000]: GOAL Reached!
[INFO] [1783872580.343294481, 440.414000000]: Footprint model 'polygon' loaded for trajectory optimization.
[INFO] [1783872581.212091370, 441.278000000]: Footprint model 'polygon' loaded for trajectory optimization.
[INFO] [1783872581.812293785, 441.878000000]: Footprint model 'polygon' loaded for trajectory optimization.
[INFO] [1783872582.365585101, 442.430000000]: Footprint model 'polygon' loaded for trajectory optimization.
[INFO] [1783872582.963890705, 443.028000000]: Footprint model 'polygon' loaded for trajectory optimization.
[INFO] [1783872584.443528409, 444.506000000]: GOAL Reached!
[INFO] [1783872584.581518371, 444.644000000]: Footprint model 'polygon' loaded for trajectory optimization.
[INFO] [1783872585.463836708, 445.524000000]: Footprint model 'polygon' loaded for trajectory optimization.
[INFO] [1783872586.111286530, 446.170000000]: Footprint model 'polygon' loaded for trajectory optimization.
[INFO] [1783872586.758333157, 446.816000000]: Footprint model 'polygon' loaded for trajectory optimization.
[INFO] [1783872588.587614095, 448.642000000]: GOAL Reached!
[INFO] [1783872588.738863830, 448.792000000]: Footprint model 'polygon' loaded for trajectory optimization.
[INFO] [1783872589.607591916, 449.660000000]: Footprint model 'polygon' loaded for trajectory optimization.
[INFO] [1783872590.265233907, 450.316000000]: Footprint model 'polygon' loaded for trajectory optimization.
[INFO] [1783872590.862975814, 450.912000000]: Footprint model 'polygon' loaded for trajectory optimization.
[INFO] [1783872592.842144528, 452.890000000]: GOAL Reached!
[INFO] [1783872592.979233103, 453.028000000]: Footprint model 'polygon' loaded for trajectory optimization.
[INFO] [1783872593.853125724, 453.900000000]: Footprint model 'polygon' loaded for trajectory optimization.
[INFO] [1783872594.459710509, 454.504000000]: Footprint model 'polygon' loaded for trajectory optimization.
[INFO] [1783872595.160366894, 455.202000000]: Footprint model 'polygon' loaded for trajectory optimization.
[INFO] [1783872596.986955200, 457.026000000]: GOAL Reached!
[INFO] [1783872597.135203469, 457.174000000]: Footprint model 'polygon' loaded for trajectory optimization.
[INFO] [1783872598.003145214, 458.040000000]: Footprint model 'polygon' loaded for trajectory optimization.
[INFO] [1783872598.557724702, 458.594000000]: Footprint model 'polygon' loaded for trajectory optimization.
[INFO] [1783872599.153090427, 459.188000000]: Footprint model 'polygon' loaded for trajectory optimization.
[INFO] [1783872599.800378346, 459.836000000]: Footprint model 'polygon' loaded for trajectory optimization.
[INFO] [1783872601.134424198, 461.168000000]: GOAL Reached!
[INFO] [1783872601.272333160, 461.306000000]: Footprint model 'polygon' loaded for trajectory optimization.
[INFO] [1783872602.151129900, 462.182000000]: Footprint model 'polygon' loaded for trajectory optimization.
[INFO] [1783872602.755656201, 462.784000000]: Footprint model 'polygon' loaded for trajectory optimization.
[INFO] [1783872603.402601283, 463.432000000]: Footprint model 'polygon' loaded for trajectory optimization.
[INFO] [1783872605.383208867, 465.408000000]: GOAL Reached!
[INFO] [1783872605.537153430, 465.562000000]: Footprint model 'polygon' loaded for trajectory optimization.
[INFO] [1783872606.419694427, 466.442000000]: Footprint model 'polygon' loaded for trajectory optimization.
[INFO] [1783872607.110283518, 467.132000000]: Footprint model 'polygon' loaded for trajectory optimization.
[INFO] [1783872607.764309705, 467.784000000]: Footprint model 'polygon' loaded for trajectory optimization.
[INFO] [1783872609.641913707, 469.658000000]: GOAL Reached!
[INFO] [1783872609.792754684, 469.808000000]: Footprint model 'polygon' loaded for trajectory optimization.
[INFO] [1783872610.685247162, 470.702000000]: Footprint model 'polygon' loaded for trajectory optimization.
[INFO] [1783872611.329416208, 471.344000000]: Footprint model 'polygon' loaded for trajectory optimization.
[INFO] [1783872611.934474973, 471.946000000]: Footprint model 'polygon' loaded for trajectory optimization.
[INFO] [1783872612.529985958, 472.540000000]: Footprint model 'polygon' loaded for trajectory optimization.
[INFO] [1783872614.007492858, 474.016000000]: GOAL Reached!
[INFO] [1783872614.156367543, 474.164000000]: Footprint model 'polygon' loaded for trajectory optimization.
[INFO] [1783872615.039485738, 475.046000000]: Footprint model 'polygon' loaded for trajectory optimization.
[INFO] [1783872615.736203028, 475.740000000]: Footprint model 'polygon' loaded for trajectory optimization.
[INFO] [1783872616.380070255, 476.384000000]: Footprint model 'polygon' loaded for trajectory optimization.
[INFO] [1783872618.256657820, 478.258000000]: GOAL Reached!
[INFO] [1783872618.413205408, 478.414000000]: Footprint model 'polygon' loaded for trajectory optimization.
[INFO] [1783872619.302077935, 479.300000000]: Footprint model 'polygon' loaded for trajectory optimization.
[INFO] [1783872619.861542083, 479.858000000]: Footprint model 'polygon' loaded for trajectory optimization.
[INFO] [1783872620.501364995, 480.498000000]: Footprint model 'polygon' loaded for trajectory optimization.
[INFO] [1783872621.054885033, 481.050000000]: Footprint model 'polygon' loaded for trajectory optimization.
[INFO] [1783872622.537124382, 482.530000000]: GOAL Reached!
[INFO] [1783872622.671187710, 482.664000000]: Footprint model 'polygon' loaded for trajectory optimization.
[INFO] [1783872623.549114190, 483.540000000]: Footprint model 'polygon' loaded for trajectory optimization.
[INFO] [1783872624.098469630, 484.088000000]: Footprint model 'polygon' loaded for trajectory optimization.
[INFO] [1783872624.747209985, 484.736000000]: Footprint model 'polygon' loaded for trajectory optimization.
[INFO] [1783872626.677975186, 486.664000000]: GOAL Reached!
[INFO] [1783872626.811955073, 486.798000000]: Footprint model 'polygon' loaded for trajectory optimization.
[INFO] [1783872627.701096216, 487.684000000]: Footprint model 'polygon' loaded for trajectory optimization.
[INFO] [1783872628.382872082, 488.366000000]: Footprint model 'polygon' loaded for trajectory optimization.
[INFO] [1783872629.023963531, 489.004000000]: Footprint model 'polygon' loaded for trajectory optimization.
[INFO] [1783872630.916938504, 490.896000000]: GOAL Reached!
[INFO] [1783872631.067784726, 491.048000000]: Footprint model 'polygon' loaded for trajectory optimization.
[INFO] [1783872631.964402491, 491.940000000]: Footprint model 'polygon' loaded for trajectory optimization.
[INFO] [1783872632.609577764, 492.584000000]: Footprint model 'polygon' loaded for trajectory optimization.
[INFO] [1783872633.207165738, 493.182000000]: Footprint model 'polygon' loaded for trajectory optimization.
[INFO] [1783872633.809323627, 493.782000000]: Footprint model 'polygon' loaded for trajectory optimization.
[INFO] [1783872635.087315938, 495.058000000]: GOAL Reached!
[INFO] [1783872635.220228239, 495.190000000]: Footprint model 'polygon' loaded for trajectory optimization.
[INFO] [1783872636.093290275, 496.062000000]: Footprint model 'polygon' loaded for trajectory optimization.
[INFO] [1783872636.743070490, 496.710000000]: Footprint model 'polygon' loaded for trajectory optimization.
[INFO] [1783872637.389686666, 497.356000000]: Footprint model 'polygon' loaded for trajectory optimization.
[INFO] [1783872637.941505064, 497.906000000]: Footprint model 'polygon' loaded for trajectory optimization.
[INFO] [1783872639.324042572, 499.286000000]: GOAL Reached!
[INFO] [1783872639.463924202, 499.426000000]: Footprint model 'polygon' loaded for trajectory optimization.
[INFO] [1783872640.340501343, 500.300000000]: Footprint model 'polygon' loaded for trajectory optimization.
[INFO] [1783872641.033791154, 500.992000000]: Footprint model 'polygon' loaded for trajectory optimization.
[INFO] [1783872641.627414777, 501.586000000]: Footprint model 'polygon' loaded for trajectory optimization.
[INFO] [1783872643.461610270, 503.416000000]: GOAL Reached!
[INFO] [1783872643.614516530, 503.568000000]: Footprint model 'polygon' loaded for trajectory optimization.
[INFO] [1783872644.507327022, 504.460000000]: Footprint model 'polygon' loaded for trajectory optimization.
[INFO] [1783872645.152731145, 505.104000000]: Footprint model 'polygon' loaded for trajectory optimization.
[INFO] [1783872645.802809289, 505.752000000]: Footprint model 'polygon' loaded for trajectory optimization.
[INFO] [1783872647.634072598, 507.580000000]: GOAL Reached!
[INFO] [1783872647.787702930, 507.732000000]: Footprint model 'polygon' loaded for trajectory optimization.
[INFO] [1783872648.677841735, 508.624000000]: Footprint model 'polygon' loaded for trajectory optimization.
[INFO] [1783872649.366029271, 509.310000000]: Footprint model 'polygon' loaded for trajectory optimization.
[INFO] [1783872649.961689363, 509.904000000]: Footprint model 'polygon' loaded for trajectory optimization.
[INFO] [1783872650.513575933, 510.454000000]: Footprint model 'polygon' loaded for trajectory optimization.
[INFO] [1783872651.995532616, 511.934000000]: GOAL Reached!
[INFO] [1783872652.131118640, 512.070000000]: Footprint model 'polygon' loaded for trajectory optimization.
[INFO] [1783872653.006001749, 512.942000000]: Footprint model 'polygon' loaded for trajectory optimization.
[INFO] [1783872653.613553951, 513.548000000]: Footprint model 'polygon' loaded for trajectory optimization.
[INFO] [1783872654.206622032, 514.140000000]: Footprint model 'polygon' loaded for trajectory optimization.
[INFO] [1783872656.141233485, 516.072000000]: GOAL Reached!
[INFO] [1783872656.282338243, 516.212000000]: Footprint model 'polygon' loaded for trajectory optimization.
[INFO] [1783872657.192164381, 517.120000000]: Footprint model 'polygon' loaded for trajectory optimization.
[INFO] [1783872657.883273167, 517.812000000]: Footprint model 'polygon' loaded for trajectory optimization.
[INFO] [1783872658.580366394, 518.508000000]: Footprint model 'polygon' loaded for trajectory optimization.
[INFO] [1783872660.408940294, 520.334000000]: GOAL Reached!
[INFO] [1783872660.542637314, 520.468000000]: Footprint model 'polygon' loaded for trajectory optimization.
[INFO] [1783872661.428038650, 521.346000000]: Footprint model 'polygon' loaded for trajectory optimization.
[INFO] [1783872662.113852944, 522.032000000]: Footprint model 'polygon' loaded for trajectory optimization.
[INFO] [1783872662.812652287, 522.728000000]: Footprint model 'polygon' loaded for trajectory optimization.
[INFO] [1783872664.741429963, 524.656000000]: GOAL Reached!
[INFO] [1783872664.884563180, 524.798000000]: Footprint model 'polygon' loaded for trajectory optimization.
[INFO] [1783872665.766682533, 525.678000000]: Footprint model 'polygon' loaded for trajectory optimization.
[INFO] [1783872666.304251960, 526.214000000]: Footprint model 'polygon' loaded for trajectory optimization.
[INFO] [1783872666.952998716, 526.864000000]: Footprint model 'polygon' loaded for trajectory optimization.
[INFO] [1783872667.556273142, 527.466000000]: Footprint model 'polygon' loaded for trajectory optimization.
[INFO] [1783872668.987654287, 528.894000000]: GOAL Reached!
[INFO] [1783872669.133533374, 529.040000000]: Footprint model 'polygon' loaded for trajectory optimization.
[INFO] [1783872669.997280505, 529.902000000]: Footprint model 'polygon' loaded for trajectory optimization.
[INFO] [1783872670.599252457, 530.502000000]: Footprint model 'polygon' loaded for trajectory optimization.
[INFO] [1783872671.252843973, 531.156000000]: Footprint model 'polygon' loaded for trajectory optimization.
[INFO] [1783872673.133973377, 533.032000000]: GOAL Reached!
[INFO] [1783872673.268451498, 533.166000000]: Footprint model 'polygon' loaded for trajectory optimization.
[INFO] [1783872674.145193360, 534.042000000]: Footprint model 'polygon' loaded for trajectory optimization.
[INFO] [1783872674.700120145, 534.594000000]: Footprint model 'polygon' loaded for trajectory optimization.
[INFO] [1783872675.302971775, 535.196000000]: Footprint model 'polygon' loaded for trajectory optimization.
[INFO] [1783872675.953531919, 535.846000000]: Footprint model 'polygon' loaded for trajectory optimization.
[INFO] [1783872677.283201543, 537.174000000]: GOAL Reached!
[INFO] [1783872677.422942825, 537.314000000]: Footprint model 'polygon' loaded for trajectory optimization.
[INFO] [1783872678.291940033, 538.180000000]: Footprint model 'polygon' loaded for trajectory optimization.
[INFO] [1783872678.846240917, 538.732000000]: Footprint model 'polygon' loaded for trajectory optimization.
[INFO] [1783872679.489891854, 539.378000000]: Footprint model 'polygon' loaded for trajectory optimization.
[INFO] [1783872681.524147450, 541.406000000]: GOAL Reached!
[INFO] [1783872681.669855837, 541.550000000]: Footprint model 'polygon' loaded for trajectory optimization.
[INFO] [1783872682.538639023, 542.420000000]: Footprint model 'polygon' loaded for trajectory optimization.
[INFO] [1783872683.092393846, 542.972000000]: Footprint model 'polygon' loaded for trajectory optimization.
[INFO] [1783872683.683274084, 543.562000000]: Footprint model 'polygon' loaded for trajectory optimization.
[INFO] [1783872684.339162571, 544.216000000]: Footprint model 'polygon' loaded for trajectory optimization.
[INFO] [1783872685.769695205, 545.646000000]: GOAL Reached!
[INFO] [1783872685.897177831, 545.772000000]: Footprint model 'polygon' loaded for trajectory optimization.
[INFO] [1783872686.768631987, 546.640000000]: Footprint model 'polygon' loaded for trajectory optimization.
[INFO] [1783872687.327236125, 547.198000000]: Footprint model 'polygon' loaded for trajectory optimization.
[INFO] [1783872687.924607951, 547.794000000]: Footprint model 'polygon' loaded for trajectory optimization.
[INFO] [1783872688.572212146, 548.442000000]: Footprint model 'polygon' loaded for trajectory optimization.
[INFO] [1783872690.104954535, 549.972000000]: GOAL Reached!
[INFO] [1783872690.241353763, 550.110000000]: Footprint model 'polygon' loaded for trajectory optimization.
[INFO] [1783872691.134726014, 551.000000000]: Footprint model 'polygon' loaded for trajectory optimization.
[INFO] [1783872691.728489601, 551.590000000]: Footprint model 'polygon' loaded for trajectory optimization.
[INFO] [1783872692.372636377, 552.234000000]: Footprint model 'polygon' loaded for trajectory optimization.
[INFO] [1783872694.255193108, 554.114000000]: GOAL Reached!
[INFO] [1783872694.401631590, 554.262000000]: Footprint model 'polygon' loaded for trajectory optimization.
[INFO] [1783872695.283989121, 555.142000000]: Footprint model 'polygon' loaded for trajectory optimization.
[INFO] [1783872695.933571859, 555.790000000]: Footprint model 'polygon' loaded for trajectory optimization.
[INFO] [1783872696.585239600, 556.440000000]: Footprint model 'polygon' loaded for trajectory optimization.
[INFO] [1783872698.315128358, 558.166000000]: GOAL Reached!
[INFO] [1783872698.460884804, 558.312000000]: Footprint model 'polygon' loaded for trajectory optimization.
[INFO] [1783872699.332619027, 559.182000000]: Footprint model 'polygon' loaded for trajectory optimization.
[INFO] [1783872699.985651393, 559.834000000]: Footprint model 'polygon' loaded for trajectory optimization.
[INFO] [1783872700.634382327, 560.480000000]: Footprint model 'polygon' loaded for trajectory optimization.
[INFO] [1783872702.565456760, 562.408000000]: GOAL Reached!
[INFO] [1783872702.715879378, 562.558000000]: Footprint model 'polygon' loaded for trajectory optimization.
[INFO] [1783872703.581008149, 563.424000000]: Footprint model 'polygon' loaded for trajectory optimization.
[INFO] [1783872704.235928551, 564.076000000]: Footprint model 'polygon' loaded for trajectory optimization.
[INFO] [1783872704.882179754, 564.720000000]: Footprint model 'polygon' loaded for trajectory optimization.
[INFO] [1783872706.713189084, 566.548000000]: GOAL Reached!
[INFO] [1783872706.851365264, 566.686000000]: Footprint model 'polygon' loaded for trajectory optimization.
[INFO] [1783872707.726603221, 567.558000000]: Footprint model 'polygon' loaded for trajectory optimization.
[INFO] [1783872708.382721968, 568.214000000]: Footprint model 'polygon' loaded for trajectory optimization.
[INFO] [1783872709.032694300, 568.862000000]: Footprint model 'polygon' loaded for trajectory optimization.
[INFO] [1783872709.625895889, 569.454000000]: Footprint model 'polygon' loaded for trajectory optimization.
[INFO] [1783872711.055746428, 570.886000000]: GOAL Reached!
[INFO] [1783872711.198758449, 571.028000000]: Footprint model 'polygon' loaded for trajectory optimization.
[INFO] [1783872712.075400207, 571.902000000]: Footprint model 'polygon' loaded for trajectory optimization.
[INFO] [1783872712.723510132, 572.548000000]: Footprint model 'polygon' loaded for trajectory optimization.
[INFO] [1783872713.368412936, 573.190000000]: Footprint model 'polygon' loaded for trajectory optimization.
[INFO] [1783872714.025817724, 573.848000000]: Footprint model 'polygon' loaded for trajectory optimization.
[INFO] [1783872715.301285792, 575.122000000]: GOAL Reached!
[INFO] [1783872715.437158146, 575.258000000]: Footprint model 'polygon' loaded for trajectory optimization.
[INFO] [1783872716.302884034, 576.124000000]: Footprint model 'polygon' loaded for trajectory optimization.
[INFO] [1783872716.965352638, 576.784000000]: Footprint model 'polygon' loaded for trajectory optimization.
[INFO] [1783872717.560641776, 577.376000000]: Footprint model 'polygon' loaded for trajectory optimization.
[INFO] [1783872718.209897993, 578.024000000]: Footprint model 'polygon' loaded for trajectory optimization.
[INFO] [1783872719.841212879, 579.652000000]: GOAL Reached!
[INFO] [1783872719.981091151, 579.792000000]: Footprint model 'polygon' loaded for trajectory optimization.
[INFO] [1783872720.967834345, 580.778000000]: Footprint model 'polygon' loaded for trajectory optimization.
[INFO] [1783872721.656052489, 581.464000000]: Footprint model 'polygon' loaded for trajectory optimization.
[INFO] [1783872722.354233183, 582.162000000]: Footprint model 'polygon' loaded for trajectory optimization.
[INFO] [1783872723.985818835, 583.792000000]: GOAL Reached!
[INFO] [1783872724.136019922, 583.940000000]: Footprint model 'polygon' loaded for trajectory optimization.
[INFO] [1783872725.016598163, 584.820000000]: Footprint model 'polygon' loaded for trajectory optimization.
[INFO] [1783872725.565602686, 585.368000000]: Footprint model 'polygon' loaded for trajectory optimization.
[INFO] [1783872726.168920988, 585.968000000]: Footprint model 'polygon' loaded for trajectory optimization.
[INFO] [1783872726.764012647, 586.564000000]: Footprint model 'polygon' loaded for trajectory optimization.
[INFO] [1783872728.249841425, 588.046000000]: GOAL Reached!
[INFO] [1783872728.390650632, 588.188000000]: Footprint model 'polygon' loaded for trajectory optimization.
[INFO] [1783872729.269142909, 589.064000000]: Footprint model 'polygon' loaded for trajectory optimization.
[INFO] [1783872729.866693673, 589.660000000]: Footprint model 'polygon' loaded for trajectory optimization.
[INFO] [1783872730.570216113, 590.362000000]: Footprint model 'polygon' loaded for trajectory optimization.
[INFO] [1783872732.491633537, 592.284000000]: GOAL Reached!
[INFO] [1783872732.638336844, 592.428000000]: Footprint model 'polygon' loaded for trajectory optimization.
[INFO] [1783872733.533219622, 593.320000000]: Footprint model 'polygon' loaded for trajectory optimization.
[INFO] [1783872734.231449604, 594.016000000]: Footprint model 'polygon' loaded for trajectory optimization.
[INFO] [1783872734.925530730, 594.710000000]: Footprint model 'polygon' loaded for trajectory optimization.
[INFO] [1783872736.655685102, 596.438000000]: GOAL Reached!
[INFO] [1783872736.806810450, 596.588000000]: Footprint model 'polygon' loaded for trajectory optimization.
[INFO] [1783872737.682618008, 597.462000000]: Footprint model 'polygon' loaded for trajectory optimization.
[INFO] [1783872738.324137667, 598.102000000]: Footprint model 'polygon' loaded for trajectory optimization.
[INFO] [1783872738.924294564, 598.700000000]: Footprint model 'polygon' loaded for trajectory optimization.
[INFO] [1783872739.567345951, 599.346000000]: Footprint model 'polygon' loaded for trajectory optimization.
[INFO] [1783872740.905619577, 600.678000000]: GOAL Reached!
[INFO] [1783872741.063698257, 600.836000000]: Footprint model 'polygon' loaded for trajectory optimization.
[INFO] [1783872741.954353287, 601.724000000]: Footprint model 'polygon' loaded for trajectory optimization.
[INFO] [1783872742.599020632, 602.370000000]: Footprint model 'polygon' loaded for trajectory optimization.
[INFO] [1783872743.249404132, 603.018000000]: Footprint model 'polygon' loaded for trajectory optimization.
[INFO] [1783872745.080003376, 604.844000000]: GOAL Reached!
[INFO] [1783872745.234930157, 605.000000000]: Footprint model 'polygon' loaded for trajectory optimization.
[INFO] [1783872746.120341031, 605.882000000]: Footprint model 'polygon' loaded for trajectory optimization.
[INFO] [1783872746.764644403, 606.526000000]: Footprint model 'polygon' loaded for trajectory optimization.
[INFO] [1783872747.364122455, 607.124000000]: Footprint model 'polygon' loaded for trajectory optimization.
[INFO] [1783872749.245772886, 609.002000000]: GOAL Reached!
[INFO] [1783872749.403827934, 609.160000000]: Footprint model 'polygon' loaded for trajectory optimization.
[INFO] [1783872750.270429682, 610.024000000]: Footprint model 'polygon' loaded for trajectory optimization.
[INFO] [1783872750.869729808, 610.624000000]: Footprint model 'polygon' loaded for trajectory optimization.
[INFO] [1783872751.572077203, 611.324000000]: Footprint model 'polygon' loaded for trajectory optimization.
[INFO] [1783872753.602194493, 613.350000000]: GOAL Reached!
[INFO] [1783872753.742714912, 613.490000000]: Footprint model 'polygon' loaded for trajectory optimization.
[INFO] [1783872754.792459634, 614.540000000]: Footprint model 'polygon' loaded for trajectory optimization.
[INFO] [1783872755.663783619, 615.408000000]: Footprint model 'polygon' loaded for trajectory optimization.
[INFO] [1783872756.219076410, 615.962000000]: Footprint model 'polygon' loaded for trajectory optimization.
[INFO] [1783872756.866545230, 616.608000000]: Footprint model 'polygon' loaded for trajectory optimization.
[INFO] [1783872757.461582840, 617.206000000]: Footprint model 'polygon' loaded for trajectory optimization.
[INFO] [1783872759.107652283, 618.846000000]: GOAL Reached!
[INFO] [1783872759.254453018, 618.992000000]: Footprint model 'polygon' loaded for trajectory optimization.
[INFO] [1783872760.132885481, 619.870000000]: Footprint model 'polygon' loaded for trajectory optimization.
[INFO] [1783872760.817705699, 620.552000000]: Footprint model 'polygon' loaded for trajectory optimization.
[INFO] [1783872761.849837426, 621.582000000]: Footprint model 'polygon' loaded for trajectory optimization.
[INFO] [1783872762.891802641, 622.622000000]: Footprint model 'polygon' loaded for trajectory optimization.
[INFO] [1783872763.781481386, 623.510000000]: Footprint model 'polygon' loaded for trajectory optimization.
[INFO] [1783872764.470305844, 624.200000000]: Footprint model 'polygon' loaded for trajectory optimization.
[INFO] [1783872765.070600105, 624.798000000]: Footprint model 'polygon' loaded for trajectory optimization.
[INFO] [1783872765.772405779, 625.500000000]: Footprint model 'polygon' loaded for trajectory optimization.
[INFO] [1783872767.215333725, 626.938000000]: GOAL Reached!
[INFO] [1783872767.350849794, 627.074000000]: Footprint model 'polygon' loaded for trajectory optimization.
[INFO] [1783872768.298016664, 628.018000000]: Footprint model 'polygon' loaded for trajectory optimization.
[INFO] [1783872769.418654588, 629.138000000]: Footprint model 'polygon' loaded for trajectory optimization.
[INFO] [1783872770.545660802, 630.262000000]: Footprint model 'polygon' loaded for trajectory optimization.
[INFO] [1783872771.413553800, 631.130000000]: Footprint model 'polygon' loaded for trajectory optimization.
[INFO] [1783872771.967108203, 631.682000000]: Footprint model 'polygon' loaded for trajectory optimization.
[INFO] [1783872772.616164944, 632.328000000]: Footprint model 'polygon' loaded for trajectory optimization.
[INFO] [1783872773.219990153, 632.932000000]: Footprint model 'polygon' loaded for trajectory optimization.
[INFO] [1783872774.859187505, 634.568000000]: GOAL Reached!
[INFO] [1783872775.009998945, 634.718000000]: Footprint model 'polygon' loaded for trajectory optimization.
[INFO] [1783872775.900117116, 635.608000000]: Footprint model 'polygon' loaded for trajectory optimization.
[INFO] [1783872776.577108958, 636.286000000]: Footprint model 'polygon' loaded for trajectory optimization.
[INFO] [1783872777.641745494, 637.344000000]: Footprint model 'polygon' loaded for trajectory optimization.
[INFO] [1783872778.793371557, 638.494000000]: Footprint model 'polygon' loaded for trajectory optimization.
[INFO] [1783872779.671123485, 639.370000000]: Footprint model 'polygon' loaded for trajectory optimization.
[INFO] [1783872780.312276595, 640.010000000]: Footprint model 'polygon' loaded for trajectory optimization.
[INFO] [1783872780.905653075, 640.604000000]: Footprint model 'polygon' loaded for trajectory optimization.
[INFO] [1783872781.511278944, 641.208000000]: Footprint model 'polygon' loaded for trajectory optimization.
[INFO] [1783872783.002962650, 642.696000000]: GOAL Reached!
[INFO] [1783872783.147945960, 642.840000000]: Footprint model 'polygon' loaded for trajectory optimization.
[INFO] [1783872784.018194048, 643.708000000]: Footprint model 'polygon' loaded for trajectory optimization.
[INFO] [1783872784.670472750, 644.360000000]: Footprint model 'polygon' loaded for trajectory optimization.
[INFO] [1783872785.401014952, 645.092000000]: Footprint model 'polygon' loaded for trajectory optimization.
[INFO] [1783872786.454186568, 646.140000000]: Footprint model 'polygon' loaded for trajectory optimization.
[INFO] [1783872787.594933037, 647.280000000]: Footprint model 'polygon' loaded for trajectory optimization.
[INFO] [1783872788.447236906, 648.130000000]: Footprint model 'polygon' loaded for trajectory optimization.
[INFO] [1783872789.004869873, 648.688000000]: Footprint model 'polygon' loaded for trajectory optimization.
[INFO] [1783872789.656366801, 649.336000000]: Footprint model 'polygon' loaded for trajectory optimization.
[INFO] [1783872790.257482675, 649.936000000]: Footprint model 'polygon' loaded for trajectory optimization.
[INFO] [1783872791.897758420, 651.574000000]: GOAL Reached!
[INFO] [1783872792.051782607, 651.730000000]: Footprint model 'polygon' loaded for trajectory optimization.
[INFO] [1783872793.014121646, 652.688000000]: Footprint model 'polygon' loaded for trajectory optimization.
[INFO] [1783872794.171626027, 653.842000000]: Footprint model 'polygon' loaded for trajectory optimization.
[INFO] [1783872795.306585498, 654.978000000]: Footprint model 'polygon' loaded for trajectory optimization.
[INFO] [1783872796.181132090, 655.848000000]: Footprint model 'polygon' loaded for trajectory optimization.
[INFO] [1783872796.739321604, 656.406000000]: Footprint model 'polygon' loaded for trajectory optimization.
[INFO] [1783872797.337076338, 657.004000000]: Footprint model 'polygon' loaded for trajectory optimization.
[INFO] [1783872797.982189918, 657.648000000]: Footprint model 'polygon' loaded for trajectory optimization.
[INFO] [1783872799.729436374, 659.390000000]: GOAL Reached!
[INFO] [1783872799.874413848, 659.534000000]: Footprint model 'polygon' loaded for trajectory optimization.
[INFO] [1783872800.733614443, 660.390000000]: Footprint model 'polygon' loaded for trajectory optimization.
[INFO] [1783872801.334560017, 660.990000000]: Footprint model 'polygon' loaded for trajectory optimization.
[INFO] [1783872801.886500520, 661.540000000]: Footprint model 'polygon' loaded for trajectory optimization.
[INFO] [1783872802.486659450, 662.140000000]: Footprint model 'polygon' loaded for trajectory optimization.
[INFO] [1783872803.086534959, 662.738000000]: Footprint model 'polygon' loaded for trajectory optimization.
[INFO] [1783872803.683078055, 663.334000000]: Footprint model 'polygon' loaded for trajectory optimization.
[INFO] [1783872805.177706560, 664.826000000]: GOAL Reached!
[INFO] [1783872805.321077691, 664.970000000]: Footprint model 'polygon' loaded for trajectory optimization.
[INFO] [1783872806.198182404, 665.850000000]: Footprint model 'polygon' loaded for trajectory optimization.
[INFO] [1783872806.881467671, 666.530000000]: Footprint model 'polygon' loaded for trajectory optimization.
[INFO] [1783872807.906887538, 667.552000000]: Footprint model 'polygon' loaded for trajectory optimization.
[INFO] [1783872808.847824359, 668.490000000]: Footprint model 'polygon' loaded for trajectory optimization.
[INFO] [1783872809.491132748, 669.134000000]: Footprint model 'polygon' loaded for trajectory optimization.
[INFO] [1783872810.143200384, 669.784000000]: Footprint model 'polygon' loaded for trajectory optimization.
[INFO] [1783872810.691929249, 670.334000000]: Footprint model 'polygon' loaded for trajectory optimization.
[INFO] [1783872812.483604178, 672.120000000]: GOAL Reached!
[INFO] [1783872812.632126651, 672.268000000]: Footprint model 'polygon' loaded for trajectory optimization.
[INFO] [1783872813.516094415, 673.150000000]: Footprint model 'polygon' loaded for trajectory optimization.
[INFO] [1783872814.200644018, 673.834000000]: Footprint model 'polygon' loaded for trajectory optimization.
[INFO] [1783872814.755304979, 674.388000000]: Footprint model 'polygon' loaded for trajectory optimization.
[INFO] [1783872815.402204456, 675.036000000]: Footprint model 'polygon' loaded for trajectory optimization.
[INFO] [1783872816.000596857, 675.632000000]: Footprint model 'polygon' loaded for trajectory optimization.
[INFO] [1783872816.603455550, 676.234000000]: Footprint model 'polygon' loaded for trajectory optimization.
[INFO] [1783872818.047498907, 677.674000000]: GOAL Reached!
[INFO] [1783872818.202732666, 677.828000000]: Footprint model 'polygon' loaded for trajectory optimization.
[INFO] [1783872819.083269242, 678.708000000]: Footprint model 'polygon' loaded for trajectory optimization.
[INFO] [1783872819.760945981, 679.386000000]: Footprint model 'polygon' loaded for trajectory optimization.
[INFO] [1783872820.791767408, 680.412000000]: Footprint model 'polygon' loaded for trajectory optimization.
[INFO] [1783872821.749999674, 681.370000000]: Footprint model 'polygon' loaded for trajectory optimization.
[INFO] [1783872822.309249411, 681.928000000]: Footprint model 'polygon' loaded for trajectory optimization.
[INFO] [1783872822.908762449, 682.524000000]: Footprint model 'polygon' loaded for trajectory optimization.
[INFO] [1783872823.508048852, 683.124000000]: Footprint model 'polygon' loaded for trajectory optimization.
[INFO] [1783872825.297888358, 684.912000000]: GOAL Reached!
[INFO] [1783872825.438546142, 685.054000000]: Footprint model 'polygon' loaded for trajectory optimization.
[INFO] [1783872826.317247540, 685.930000000]: Footprint model 'polygon' loaded for trajectory optimization.
[INFO] [1783872826.865278563, 686.476000000]: Footprint model 'polygon' loaded for trajectory optimization.
[INFO] [1783872827.465314987, 687.074000000]: Footprint model 'polygon' loaded for trajectory optimization.
[INFO] [1783872828.119055617, 687.726000000]: Footprint model 'polygon' loaded for trajectory optimization.
[INFO] [1783872828.668185682, 688.274000000]: Footprint model 'polygon' loaded for trajectory optimization.
[INFO] [1783872829.317508388, 688.924000000]: Footprint model 'polygon' loaded for trajectory optimization.
[INFO] [1783872830.859404988, 690.462000000]: GOAL Reached!
[INFO] [1783872830.993095476, 690.596000000]: Footprint model 'polygon' loaded for trajectory optimization.
[INFO] [1783872831.870113724, 691.470000000]: Footprint model 'polygon' loaded for trajectory optimization.
[INFO] [1783872832.648297424, 692.250000000]: Footprint model 'polygon' loaded for trajectory optimization.
[INFO] [1783872833.633275484, 693.232000000]: Footprint model 'polygon' loaded for trajectory optimization.
[INFO] [1783872834.290249443, 693.888000000]: Footprint model 'polygon' loaded for trajectory optimization.
[INFO] [1783872835.250681367, 694.848000000]: Footprint model 'polygon' loaded for trajectory optimization.
[INFO] [1783872835.841291854, 695.436000000]: Footprint model 'polygon' loaded for trajectory optimization.
[INFO] [1783872836.440274362, 696.036000000]: Footprint model 'polygon' loaded for trajectory optimization.
[INFO] [1783872836.993358787, 696.586000000]: Footprint model 'polygon' loaded for trajectory optimization.
[INFO] [1783872838.885460492, 698.474000000]: GOAL Reached!
[INFO] [1783872839.035645582, 698.624000000]: Footprint model 'polygon' loaded for trajectory optimization.
[INFO] [1783872839.880391162, 699.466000000]: Footprint model 'polygon' loaded for trajectory optimization.
[INFO] [1783872840.440072825, 700.026000000]: Footprint model 'polygon' loaded for trajectory optimization.
[INFO] [1783872841.037198319, 700.624000000]: Footprint model 'polygon' loaded for trajectory optimization.
[INFO] [1783872841.685354823, 701.272000000]: Footprint model 'polygon' loaded for trajectory optimization.
[INFO] [1783872842.341135997, 701.924000000]: Footprint model 'polygon' loaded for trajectory optimization.
[INFO] [1783872842.939664534, 702.522000000]: Footprint model 'polygon' loaded for trajectory optimization.
[INFO] [1783872844.430825175, 704.012000000]: GOAL Reached!
[INFO] [1783872844.576326035, 704.156000000]: Footprint model 'polygon' loaded for trajectory optimization.
[INFO] [1783872845.475487955, 705.052000000]: Footprint model 'polygon' loaded for trajectory optimization.
[INFO] [1783872846.242422257, 705.818000000]: Footprint model 'polygon' loaded for trajectory optimization.
[INFO] [1783872847.289605848, 706.862000000]: Footprint model 'polygon' loaded for trajectory optimization.
[INFO] [1783872848.215149266, 707.788000000]: Footprint model 'polygon' loaded for trajectory optimization.
[INFO] [1783872848.764252844, 708.334000000]: Footprint model 'polygon' loaded for trajectory optimization.
[INFO] [1783872849.361643603, 708.932000000]: Footprint model 'polygon' loaded for trajectory optimization.
[INFO] [1783872849.962303355, 709.530000000]: Footprint model 'polygon' loaded for trajectory optimization.
[INFO] [1783872851.753258085, 711.320000000]: GOAL Reached!
[INFO] [1783872851.894506226, 711.460000000]: Footprint model 'polygon' loaded for trajectory optimization.
[INFO] [1783872852.763834941, 712.328000000]: Footprint model 'polygon' loaded for trajectory optimization.
[INFO] [1783872853.374896948, 712.936000000]: Footprint model 'polygon' loaded for trajectory optimization.
[INFO] [1783872854.024323299, 713.584000000]: Footprint model 'polygon' loaded for trajectory optimization.
[INFO] [1783872854.622133906, 714.184000000]: Footprint model 'polygon' loaded for trajectory optimization.
[INFO] [1783872855.219877021, 714.780000000]: Footprint model 'polygon' loaded for trajectory optimization.
[INFO] [1783872855.871812748, 715.430000000]: Footprint model 'polygon' loaded for trajectory optimization.
[INFO] [1783872857.213667448, 716.770000000]: GOAL Reached!
[INFO] [1783872857.362652419, 716.918000000]: Footprint model 'polygon' loaded for trajectory optimization.
[INFO] [1783872858.235517136, 717.790000000]: Footprint model 'polygon' loaded for trajectory optimization.
[INFO] [1783872858.922069989, 718.474000000]: Footprint model 'polygon' loaded for trajectory optimization.
[INFO] [1783872859.976379469, 719.526000000]: Footprint model 'polygon' loaded for trajectory optimization.
[INFO] [1783872860.923929311, 720.470000000]: Footprint model 'polygon' loaded for trajectory optimization.
[INFO] [1783872861.475112913, 721.020000000]: Footprint model 'polygon' loaded for trajectory optimization.
[INFO] [1783872862.075847005, 721.620000000]: Footprint model 'polygon' loaded for trajectory optimization.
[INFO] [1783872862.675397064, 722.220000000]: Footprint model 'polygon' loaded for trajectory optimization.
[INFO] [1783872864.567612254, 724.108000000]: GOAL Reached!
[INFO] [1783872864.716042059, 724.256000000]: Footprint model 'polygon' loaded for trajectory optimization.
[INFO] [1783872865.590947696, 725.130000000]: Footprint model 'polygon' loaded for trajectory optimization.
[INFO] [1783872866.227726145, 725.764000000]: Footprint model 'polygon' loaded for trajectory optimization.
[INFO] [1783872866.827201938, 726.364000000]: Footprint model 'po[WARN] [1783872886.244803964, 745.746000000]: Control loop missed its desired rate of 10.0000Hz... the loop actually took 0.1240 seconds
[WARN] [1783872886.383254973, 745.884000000]: Control loop missed its desired rate of 10.0000Hz... the loop actually took 0.1620 seconds
[WARN] [1783872886.383938323, 745.884000000]: Map update loop missed its desired rate of 10.0000Hz... the loop actually took 0.1780 seconds
[WARN] [1783872886.559105729, 746.060000000]: Control loop missed its desired rate of 10.0000Hz... the loop actually took 0.2380 seconds
[WARN] [1783872886.559593272, 746.060000000]: Map update loop missed its desired rate of 10.0000Hz... the loop actually took 0.1540 seconds
[WARN] [1783872886.760456599, 746.262000000]: Control loop missed its desired rate of 10.0000Hz... the loop actually took 0.2020 seconds
[WARN] [1783872886.761090671, 746.264000000]: Map update loop missed its desired rate of 10.0000Hz... the loop actually took 0.1580 seconds
lygon' loaded for trajectory optimization.
[INFO] [1783872867.479839017, 727.014000000]: Footprint model 'polygon' loaded for trajectory optimization.
[INFO] [1783872868.177084320, 727.710000000]: Footprint model 'polygon' loaded for trajectory optimization.
[INFO] [1783872870.118224847, 729.650000000]: GOAL Reached!
[INFO] [1783872870.258238886, 729.792000000]: Footprint model 'polygon' loaded for trajectory optimization.
[INFO] [1783872871.140213834, 730.668000000]: Footprint model 'polygon' loaded for trajectory optimization.
[INFO] [1783872871.915376389, 731.442000000]: Footprint model 'polygon' loaded for trajectory optimization.
[INFO] [1783872873.075009141, 732.600000000]: Footprint model 'polygon' loaded for trajectory optimization.
[INFO] [1783872874.048126538, 733.570000000]: Footprint model 'polygon' loaded for trajectory optimization.
[INFO] [1783872874.720881206, 734.244000000]: Footprint model 'polygon' loaded for trajectory optimization.
[INFO] [1783872875.273466297, 734.794000000]: Footprint model 'polygon' loaded for trajectory optimization.
[INFO] [1783872875.924146772, 735.444000000]: Footprint model 'polygon' loaded for trajectory optimization.
[INFO] [1783872877.665225908, 737.182000000]: GOAL Reached!
[INFO] [1783872877.812956115, 737.330000000]: Footprint model 'polygon' loaded for trajectory optimization.
[INFO] [1783872878.676536239, 738.190000000]: Footprint model 'polygon' loaded for trajectory optimization.
[INFO] [1783872879.276431121, 738.788000000]: Footprint model 'polygon' loaded for trajectory optimization.
[INFO] [1783872879.876691888, 739.388000000]: Footprint model 'polygon' loaded for trajectory optimization.
[INFO] [1783872880.423437947, 739.936000000]: Footprint model 'polygon' loaded for trajectory optimization.
[INFO] [1783872881.074957958, 740.586000000]: Footprint model 'polygon' loaded for trajectory optimization.
[INFO] [1783872881.677430582, 741.186000000]: Footprint model 'polygon' loaded for trajectory optimization.
[INFO] [1783872883.217645907, 742.724000000]: GOAL Reached!
[INFO] [1783872883.373801228, 742.880000000]: Footprint model 'polygon' loaded for trajectory optimization.
[INFO] [1783872884.266362081, 743.768000000]: Footprint model 'polygon' loaded for trajectory optimization.
[INFO] [1783872884.943266298, 744.446000000]: Footprint model 'polygon' loaded for trajectory optimization.
[INFO] [1783872885.987250388, 745.488000000]: Footprint model 'polygon' loaded for trajectory optimization.
[INFO] [1783872886.817472653, 746.320000000]: Footprint model 'polygon' loaded for trajectory optimization.
[INFO] [1783872887.789538501, 747.290000000]: Footprint model 'polygon' loaded for trajectory optimization.
[INFO] [1783872888.432482448, 747.928000000]: Footprint model 'polygon' loaded for trajectory optimization.
[INFO] [1783872889.028647245, 748.524000000]: Footprint model 'polygon' loaded for trajectory optimization.
[INFO] [1783872889.678799123, 749.172000000]: Footprint model 'polygon' loaded for trajectory optimization.
[INFO] [1783872891.320840132, 750.812000000]: GOAL Reached!
[INFO] [1783872891.469089506, 750.960000000]: Footprint model 'polygon' loaded for trajectory optimization.
[INFO] [1783872892.339840023, 751.830000000]: Footprint model 'polygon' loaded for trajectory optimization.
[INFO] [1783872892.984655778, 752.472000000]: Footprint model 'polygon' loaded for trajectory optimization.
[INFO] [1783872893.579203769, 753.068000000]: Footprint model 'polygon' loaded for trajectory optimization.
[INFO] [1783872894.228987016, 753.716000000]: Footprint model 'polygon' loaded for trajectory optimization.
[INFO] [1783872894.779971336, 754.266000000]: Footprint model 'polygon' loaded for trajectory optimization.
[INFO] [1783872895.382898818, 754.868000000]: Footprint model 'polygon' loaded for trajectory optimization.
[INFO] [1783872896.874613228, 756.356000000]: GOAL Reached!
[INFO] [1783872897.003143841, 756.484000000]: Footprint model 'polygon' loaded for trajectory optimization.
[INFO] [1783872897.890013735, 757.370000000]: Footprint model 'polygon' loaded for trajectory optimization.
[INFO] [1783872898.567722502, 758.046000000]: Footprint model 'polygon' loaded for trajectory optimization.
[INFO] [1783872899.637356420, 759.116000000]: Footprint model 'polygon' loaded for trajectory optimization.
[INFO] [1783872900.593892620, 760.070000000]: Footprint model 'polygon' loaded for trajectory optimization.
[INFO] [1783872901.295974415, 760.770000000]: Footprint model 'polygon' loaded for trajectory optimization.
[INFO] [1783872901.898346834, 761.370000000]: Footprint model 'polygon' loaded for trajectory optimization.
[INFO] [1783872902.447581801, 761.918000000]: Footprint model 'polygon' loaded for trajectory optimization.
[INFO] [1783872904.239415109, 763.708000000]: GOAL Reached!
[INFO] [1783872904.385738103, 763.854000000]: Footprint model 'polygon' loaded for trajectory optimization.
[INFO] [1783872905.258939566, 764.726000000]: Footprint model 'polygon' loaded for trajectory optimization.
[INFO] [1783872905.855003352, 765.320000000]: Footprint model 'polygon' loaded for trajectory optimization.
[INFO] [1783872906.507530156, 765.972000000]: Footprint model 'polygon' loaded for trajectory optimization.
[INFO] [1783872907.108078376, 766.570000000]: Footprint model 'polygon' loaded for trajectory optimization.
[INFO] [1783872907.707369425, 767.172000000]: Footprint model 'polygon' loaded for trajectory optimization.
[INFO] [1783872909.699343796, 769.158000000]: GOAL Reached!
[INFO] [1783872909.850573763, 769.308000000]: Footprint model 'polygon' loaded for trajectory optimization.
[INFO] [1783872910.750783184, 770.208000000]: Footprint model 'polygon' loaded for trajectory optimization.
[INFO] [1783872911.448282089, 770.904000000]: Footprint model 'polygon' loaded for trajectory optimization.
[INFO] [1783872912.132019361, 771.586000000]: Footprint model 'polygon' loaded for trajectory optimization.
[INFO] [1783872913.182127631, 772.636000000]: Footprint model 'polygon' loaded for trajectory optimization.
[INFO] [1783872914.140112643, 773.590000000]: Footprint model 'polygon' loaded for trajectory optimization.
[INFO] [1783872914.742152951, 774.192000000]: Footprint model 'polygon' loaded for trajectory optimization.
[INFO] [1783872915.342597549, 774.792000000]: Footprint model 'polygon' loaded for trajectory optimization.
[INFO] [1783872915.893514247, 775.342000000]: Footprint model 'polygon' loaded for trajectory optimization.
[INFO] [1783872917.682003981, 777.128000000]: GOAL Reached!
[INFO] [1783872917.840254784, 777.284000000]: Footprint model 'polygon' loaded for trajectory optimization.
[INFO] [1783872918.707506304, 778.150000000]: Footprint model 'polygon' loaded for trajectory optimization.
[INFO] [1783872919.263719070, 778.706000000]: Footprint model 'polygon' loaded for trajectory optimization.
[INFO] [1783872919.908332399, 779.350000000]: Footprint model 'polygon' loaded for trajectory optimization.
[INFO] [1783872920.509603969, 779.950000000]: Footprint model 'polygon' loaded for trajectory optimization.
[INFO] [1783872921.061399581, 780.502000000]: Footprint model 'polygon' loaded for trajectory optimization.
[INFO] [1783872921.666158325, 781.104000000]: Footprint model 'polygon' loaded for trajectory optimization.
[INFO] [1783872923.154502463, 782.590000000]: GOAL Reached!
[INFO] [1783872923.297352996, 782.732000000]: Footprint model 'polygon' loaded for trajectory optimization.
[INFO] [1783872924.176725670, 783.610000000]: Footprint model 'polygon' loaded for trajectory optimization.
[INFO] [1783872924.950339955, 784.384000000]: Footprint model 'polygon' loaded for trajectory optimization.
[INFO] [1783872925.997465268, 785.428000000]: Footprint model 'polygon' loaded for trajectory optimization.
[INFO] [1783872926.959345570, 786.388000000]: Footprint model 'polygon' loaded for trajectory optimization.
[INFO] [1783872927.502014597, 786.930000000]: Footprint model 'polygon' loaded for trajectory optimization.
[INFO] [1783872928.103017290, 787.532000000]: Footprint model 'polygon' loaded for trajectory optimization.
[INFO] [1783872928.751939898, 788.178000000]: Footprint model 'polygon' loaded for trajectory optimization.
[INFO] [1783872929.351361932, 788.778000000]: Footprint model 'polygon' loaded for trajectory optimization.
[INFO] [1783872929.951988004, 789.376000000]: Footprint model 'polygon' loaded for trajectory optimization.
[INFO] [1783872930.504929347, 789.928000000]: Footprint model 'polygon' loaded for trajectory optimization.
[INFO] [1783872931.154548026, 790.576000000]: Footprint model 'polygon' loaded for trajectory optimization.
[INFO] [1783872931.752087046, 791.172000000]: Footprint model 'polygon' loaded for trajectory optimization.
[INFO] [1783872933.595992240, 793.014000000]: GOAL Reached!
[INFO] [1783872933.735147148, 793.152000000]: Footprint model 'polygon' loaded for trajectory optimization.
[INFO] [1783872934.615381090, 794.030000000]: Footprint model 'polygon' loaded for trajectory optimization.
[INFO] [1783872935.161680441, 794.576000000]: Footprint model 'polygon' loaded for trajectory optimization.
[INFO] [1783872935.765956369, 795.180000000]: Footprint model 'polygon' loaded for trajectory optimization.
[INFO] [1783872936.410834653, 795.824000000]: Footprint model 'polygon' loaded for trajectory optimization.
[INFO] [1783872937.008536375, 796.422000000]: Footprint model 'polygon' loaded for trajectory optimization.
[INFO] [1783872937.566072169, 796.976000000]: Footprint model 'polygon' loaded for trajectory optimization.
[INFO] [1783872938.216125541, 797.626000000]: Footprint model 'polygon' loaded for trajectory optimization.
[INFO] [1783872938.816011131, 798.224000000]: Footprint model 'polygon' loaded for trajectory optimization.
[INFO] [1783872939.365673671, 798.774000000]: Footprint model 'polygon' loaded for trajectory optimization.
[INFO] [1783872940.858208189, 800.262000000]: GOAL Reached!
[INFO] [1783872941.010671059, 800.414000000]: Footprint model 'polygon' loaded for trajectory optimization.
[INFO] [1783872941.983528550, 801.386000000]: Footprint model 'polygon' loaded for trajectory optimization.
[INFO] [1783872942.928302145, 802.328000000]: Footprint model 'polygon' loaded for trajectory optimization.
[INFO] [1783872943.478529420, 802.880000000]: Footprint model 'polygon' loaded for trajectory optimization.
[INFO] [1783872944.080435677, 803.480000000]: Footprint model 'polygon' loaded for trajectory optimization.
[INFO] [1783872944.677965293, 804.078000000]: Footprint model 'polygon' loaded for trajectory optimization.
[INFO] [1783872945.285551329, 804.682000000]: Footprint model 'polygon' loaded for trajectory optimization.
[INFO] [1783872945.932187149, 805.328000000]: Footprint model 'polygon' loaded for trajectory optimization.
[INFO] [1783872946.481788373, 805.876000000]: Footprint model 'polygon' loaded for trajectory optimization.
[INFO] [1783872947.134823160, 806.528000000]: Footprint model 'polygon' loaded for trajectory optimization.
[INFO] [1783872948.775621744, 808.166000000]: GOAL Reached!
[INFO] [1783872948.904331620, 808.296000000]: Footprint model 'polygon' loaded for trajectory optimization.
[INFO] [1783872949.780295507, 809.168000000]: Footprint model 'polygon' loaded for trajectory optimization.
[INFO] [1783872950.473865148, 809.862000000]: Footprint model 'polygon' loaded for trajectory optimization.
[INFO] [1783872951.073914190, 810.462000000]: Footprint model 'polygon' loaded for trajectory optimization.
[INFO] [1783872951.671786027, 811.058000000]: Footprint model 'polygon' loaded for trajectory optimization.
[INFO] [1783872952.273680112, 811.658000000]: Footprint model 'polygon' loaded for trajectory optimization.
[INFO] [1783872952.826172881, 812.210000000]: Footprint model 'polygon' loaded for trajectory optimization.
[INFO] [1783872953.426932309, 812.812000000]: Footprint model 'polygon' loaded for trajectory optimization.
[INFO] [1783872954.074934511, 813.456000000]: Footprint model 'polygon' loaded for trajectory optimization.
[INFO] [1783872954.627708496, 814.008000000]: Footprint model 'polygon' loaded for trajectory optimization.
[INFO] [1783872956.016584192, 815.396000000]: GOAL Reached!
[INFO] [1783872956.145457156, 815.526000000]: Footprint model 'polygon' loaded for trajectory optimization.
[INFO] [1783872957.106141755, 816.484000000]: Footprint model 'polygon' loaded for trajectory optimization.
[INFO] [1783872958.075464583, 817.450000000]: Footprint model 'polygon' loaded for trajectory optimization.
[INFO] [1783872958.615630170, 817.988000000]: Footprint model 'polygon' loaded for trajectory optimization.
[INFO] [1783872959.217188310, 818.592000000]: Footprint model 'polygon' loaded for trajectory optimization.
[INFO] [1783872959.818837630, 819.192000000]: Footprint model 'polygon' loaded for trajectory optimization.
[INFO] [1783872960.418936215, 819.790000000]: Footprint model 'polygon' loaded for trajectory optimization.
[INFO] [1783872961.018573310, 820.388000000]: Footprint model 'polygon' loaded for trajectory optimization.
[INFO] [1783872961.618249861, 820.986000000]: Footprint model 'polygon' loaded for trajectory optimization.
[INFO] [1783872962.216630307, 821.586000000]: Footprint model 'polygon' loaded for trajectory optimization.
[INFO] [1783872964.109339599, 823.474000000]: GOAL Reached!
[INFO] [1783872964.253882809, 823.616000000]: Footprint model 'polygon' loaded for trajectory optimization.
[INFO] [1783872965.125843111, 824.488000000]: Footprint model 'polygon' loaded for trajectory optimization.
[INFO] [1783872965.905027022, 825.264000000]: Footprint model 'polygon' loaded for trajectory optimization.
[INFO] [1783872966.969840880, 826.328000000]: Footprint model 'polygon' loaded for trajectory optimization.
[INFO] [1783872967.933672521, 827.290000000]: Footprint model 'polygon' loaded for trajectory optimization.
[INFO] [1783872968.499928675, 827.858000000]: Footprint model 'polygon' loaded for trajectory optimization.
[INFO] [1783872969.082740451, 828.436000000]: Footprint model 'polygon' loaded for trajectory optimization.
[INFO] [1783872969.732624927, 829.084000000]: Footprint model 'polygon' loaded for trajectory optimization.
[INFO] [1783872970.279045375, 829.632000000]: Footprint model 'polygon' loaded for trajectory optimization.
[INFO] [1783872970.930319104, 830.280000000]: Footprint model 'polygon' loaded for trajectory optimization.
[INFO] [1783872971.528578401, 830.880000000]: Footprint model 'polygon' loaded for trajectory optimization.
[INFO] [1783872972.080206004, 831.432000000]: Footprint model 'polygon' loaded for trajectory optimization.
[INFO] [1783872973.973043011, 833.320000000]: GOAL Reached!
[INFO] [1783872974.126898346, 833.472000000]: Footprint model 'polygon' loaded for trajectory optimization.
[INFO] [1783872975.004563543, 834.348000000]: Footprint model 'polygon' loaded for trajectory optimization.
[INFO] [1783872975.784712046, 835.126000000]: Footprint model 'polygon' loaded for trajectory optimization.
[INFO] [1783872976.817000622, 836.156000000]: Footprint model 'polygon' loaded for trajectory optimization.
[INFO] [1783872977.788263896, 837.126000000]: Footprint model 'polygon' loaded for trajectory optimization.
[INFO] [1783872978.387514022, 837.724000000]: Footprint model 'polygon' loaded for trajectory optimization.
[INFO] [1783872978.938044693, 838.274000000]: Footprint model 'polygon' loaded for trajectory optimization.
[INFO] [1783872979.539648950, 838.874000000]: Footprint model 'polygon' loaded for trajectory optimization.
[INFO] [1783872980.188405992, 839.522000000]: Footprint model 'polygon' loaded for trajectory optimization.
[INFO] [1783872980.840583781, 840.172000000]: Footprint model 'polygon' loaded for trajectory optimization.
[INFO] [1783872981.488955735, 840.820000000]: Footprint model 'polygon' loaded for trajectory optimization.
[INFO] [1783872982.086087079, 841.418000000]: Footprint model 'polygon' loaded for trajectory optimization.
[INFO] [1783872983.531592092, 842.860000000]: GOAL Reached!
[INFO] [1783872983.675160836, 843.002000000]: Footprint model 'polygon' loaded for trajectory optimization.
[INFO] [1783872984.563479728, 843.890000000]: Footprint model 'polygon' loaded for trajectory optimization.
[INFO] [1783872985.338260900, 844.662000000]: Footprint model 'polygon' loaded for trajectory optimization.
[INFO] [1783872986.371802742, 845.694000000]: Footprint model 'polygon' loaded for trajectory optimization.
[INFO] [1783872987.309831741, 846.630000000]: Footprint model 'polygon' loaded for trajectory optimization.
[INFO] [1783872987.866003943, 847.186000000]: Footprint model 'polygon' loaded for trajectory optimization.
[INFO] [1783872988.471660562, 847.790000000]: Footprint model 'polygon' loaded for trajectory optimization.
[INFO] [1783872989.072150776, 848.388000000]: Footprint model 'polygon' loaded for trajectory optimization.
[INFO] [1783872989.715734543, 849.032000000]: Footprint model 'polygon' loaded for trajectory optimization.
[INFO] [1783872990.317040808, 849.632000000]: Footprint model 'polygon' loaded for trajectory optimization.
[INFO] [1783872990.971842815, 850.286000000]: Footprint model 'polygon' loaded for trajectory optimization.
[INFO] [1783872991.623135221, 850.936000000]: Footprint model 'polygon' loaded for trajectory optimization.
[INFO] [1783872993.563397493, 852.872000000]: GOAL Reached!
[INFO] [1783872993.717966627, 853.028000000]: Footprint model 'polygon' loaded for trajectory optimization.
[INFO] [1783872994.579421601, 853.888000000]: Footprint model 'polygon' loaded for trajectory optimization.
[INFO] [1783872995.271836540, 854.578000000]: Footprint model 'polygon' loaded for trajectory optimization.
[INFO] [1783872996.308742650, 855.612000000]: Footprint model 'polygon' loaded for trajectory optimization.
[INFO] [1783872997.245851673, 856.548000000]: Footprint model 'polygon' loaded for trajectory optimization.
[INFO] [1783872997.841720373, 857.142000000]: Footprint model 'polygon' loaded for trajectory optimization.
[INFO] [1783872998.444942490, 857.744000000]: Footprint model 'polygon' loaded for trajectory optimization.
[INFO] [1783872999.146060955, 858.444000000]: Footprint model 'polygon' loaded for trajectory optimization.
[INFO] [1783872999.694761210, 858.994000000]: Footprint model 'polygon' loaded for trajectory optimization.
[INFO] [1783873000.295952383, 859.590000000]: Footprint model 'polygon' loaded for trajectory optimization.
[INFO] [1783873000.944589688, 860.238000000]: Footprint model 'polygon' loaded for trajectory optimization.
[INFO] [1783873001.499011846, 860.792000000]: Footprint model 'polygon' loaded for trajectory optimization.
[INFO] [1783873003.087611000, 862.380000000]: GOAL Reached!
[INFO] [1783873003.236316944, 862.530000000]: Footprint model 'polygon' loaded for trajectory optimization.
[INFO] [1783873004.138429716, 863.428000000]: Footprint model 'polygon' loaded for trajectory optimization.
[INFO] [1783873004.914843758, 864.206000000]: Footprint model 'polygon' loaded for trajectory optimization.
[INFO] [1783873005.962423518, 865.248000000]: Footprint model 'polygon' loaded for trajectory optimization.
[INFO] [1783873006.902088798, 866.186000000]: Footprint model 'polygon' loaded for trajectory optimization.
[INFO] [1783873007.449813261, 866.734000000]: Footprint model 'polygon' loaded for trajectory optimization.
[INFO] [1783873008.052789111, 867.336000000]: Footprint model 'polygon' loaded for trajectory optimization.
[INFO] [1783873008.699727065, 867.984000000]: Footprint model 'polygon' loaded for trajectory optimization.
[INFO] [1783873009.252436785, 868.532000000]: Footprint model 'polygon' loaded for trajectory optimization.
[INFO] [1783873009.851924660, 869.134000000]: Footprint model 'polygon' loaded for trajectory optimization.
[INFO] [1783873010.450703909, 869.730000000]: Footprint model 'polygon' loaded for trajectory optimization.
[INFO] [1783873011.099654426, 870.376000000]: Footprint model 'polygon' loaded for trajectory optimization.
[INFO] [1783873012.643558759, 871.918000000]: GOAL Reached!
[INFO] [1783873012.782428520, 872.056000000]: Footprint model 'polygon' loaded for trajectory optimization.
[INFO] [1783873013.677502763, 872.950000000]: Footprint model 'polygon' loaded for trajectory optimization.
[INFO] [1783873014.459284363, 873.730000000]: Footprint model 'polygon' l[WARN] [1783872760.730680, 620.464000]: training environment stop requested: safety adapter requested emergency stop
[WARN] [1783872761.772458, 621.504000]: training environment stop requested: safety adapter requested emergency stop
[WARN] [1783872768.224417, 627.944000]: training environment stop requested: safety adapter requested emergency stop
[WARN] [1783872769.264163, 628.984000]: training environment stop requested: safety adapter requested emergency stop
[WARN] [1783872776.438540, 636.146000]: training environment stop requested: safety adapter requested emergency stop
[WARN] [1783872777.562289, 637.264000]: training environment stop requested: safety adapter requested emergency stop
[WARN] [1783872785.304543, 644.994000]: training environment stop requested: safety adapter requested emergency stop
[WARN] [1783872786.379528, 646.064000]: training environment stop requested: safety adapter requested emergency stop
[WARN] [1783872792.930090, 652.604000]: training environment stop requested: safety adapter requested emergency stop
[WARN] [1783872794.013067, 653.684000]: training environment stop requested: safety adapter requested emergency stop
[WARN] [1783872806.783724, 666.430000]: training environment stop requested: safety adapter requested emergency stop
[WARN] [1783872807.820522, 667.464000]: training environment stop requested: safety adapter requested emergency stop
[WARN] [1783872819.665520, 679.290000]: training environment stop requested: safety adapter requested emergency stop
[WARN] [1783872820.724462, 680.344000]: training environment stop requested: safety adapter requested emergency stop
[WARN] [1783872832.511679, 692.112000]: training environment stop requested: safety adapter requested emergency stop
[WARN] [1783872834.174432, 693.772000]: training environment stop requested: safety adapter requested emergency stop
[WARN] [1783872846.156110, 705.732000]: training environment stop requested: safety adapter requested emergency stop
[WARN] [1783872847.213735, 706.784000]: training environment stop requested: safety adapter requested emergency stop
[WARN] [1783872858.783880, 718.336000]: training environment stop requested: safety adapter requested emergency stop
[WARN] [1783872859.916803, 719.466000]: training environment stop requested: safety adapter requested emergency stop
[WARN] [1783872871.840417, 731.366000]: training environment stop requested: safety adapter requested emergency stop
[WARN] [1783872872.921313, 732.446000]: training environment stop requested: safety adapter requested emergency stop
[WARN] [1783872884.802915, 744.306000]: training environment stop requested: safety adapter requested emergency stop
[WARN] [1783872886.619829, 746.120000]: training environment stop requested: safety adapter requested emergency stop
[WARN] [1783872898.427703, 757.906000]: training environment stop requested: safety adapter requested emergency stop
[WARN] [1783872899.567762, 759.046000]: training environment stop requested: safety adapter requested emergency stop
[WARN] [1783872911.986190, 771.442000]: training environment stop requested: safety adapter requested emergency stop
[WARN] [1783872913.111250, 772.564000]: training environment stop requested: safety adapter requested emergency stop
[WARN] [1783872924.810780, 784.244000]: training environment stop requested: safety adapter requested emergency stop
[WARN] [1783872925.934897, 785.364000]: training environment stop requested: safety adapter requested emergency stop
[WARN] [1783872941.901229, 801.302000]: training environment stop requested: safety adapter requested emergency stop
[WARN] [1783872957.023536, 816.402000]: training environment stop requested: safety adapter requested emergency stop
[WARN] [1783872965.763137, 825.122000]: training environment stop requested: safety adapter requested emergency stop
[WARN] [1783872966.903920, 826.262000]: training environment stop requested: safety adapter requested emergency stop
[WARN] [1783872975.641533, 834.984000]: training environment stop requested: safety adapter requested emergency stop
[WARN] [1783872976.744814, 836.084000]: training environment stop requested: safety adapter requested emergency stop
[WARN] [1783872985.200185, 844.524000]: training environment stop requested: safety adapter requested emergency stop
[WARN] [1783872986.304555, 845.626000]: training environment stop requested: safety adapter requested emergency stop
[WARN] [1783872995.178173, 854.484000]: training environment stop requested: safety adapter requested emergency stop
[WARN] [1783872996.241736, 855.544000]: training environment stop requested: safety adapter requested emergency stop
[WARN] [1783873004.816272, 864.108000]: training environment stop requested: safety adapter requested emergency stop
[WARN] [1783873005.899508, 865.184000]: training environment stop requested: safety adapter requested emergency stop
[WARN] [1783873014.363620, 873.634000]: training environment stop requested: safety adapter requested emergency stop
[WARN] [1783873015.435407, 874.704000]: training environment stop requested: safety adapter requested emergency stop
[WARN] [1783873024.467244, 883.722000]: training environment stop requested: safety adapter requested emergency stop
[WARN] [1783873025.533953, 884.784000]: training environment stop requested: safety adapter requested emergency stop
[WARN] [1783873033.928280, 893.164000]: training environment stop requested: safety adapter requested emergency stop
[WARN] [1783873035.012205, 894.246000]: training environment stop requested: safety adapter requested emergency stop
[WARN] [1783873036.220069, 895.452000]: training environment stop requested: adapter_close
schema_version: '1.0'
task: T11
status: passed
run_id: t11_semantic_eta_fullsafety_seed105
algorithm: RL-TEB-Semantic-Eta
training_seed: 105
safety_mode: FullSafety
episode_count: 229
step_count: 791
failure_count: 48
run_validation:
  valid: true
  run_id: t11_semantic_eta_fullsafety_seed105
  episode_count: 229
  step_count: 791
  verified_checksum_count: 4
selected_checkpoint: /home/robot/robot_ws_base_rl/artifacts/t11/runs/t11_semantic_eta_fullsafety_seed105/checkpoints/step_000400
passed: true
acceptance_override: false

[INFO] [1783872138.398929917]: Finished loading Gazebo ROS API Plugin.
[INFO] [1783872138.399955495]: waitForService: Service [/gazebo/set_physics_properties] has not been advertised, waiting...
[INFO] [1783872138.851330041, 0.010000000]: waitForService: Service [/gazebo/set_physics_properties] is now available.
[INFO] [1783872139.081083084, 0.180000000]: <initialOrientationAsReference> is unset, using default value of false to comply with REP 145 (world as orientation reference)
[INFO] [1783872139.081118238, 0.180000000]: <robotNamespace> set to: //
[INFO] [1783872139.081126513, 0.180000000]: <topicName> set to: imu/data
[INFO] [1783872139.081131525, 0.180000000]: <frameName> set to: imu_link
[INFO] [1783872139.081149669, 0.180000000]: <updateRateHZ> set to: 50
[INFO] [1783872139.081158745, 0.180000000]: <gaussianNoise> set to: 0
[INFO] [1783872139.081176230, 0.180000000]: <xyzOffset> set to: 0 0 0
[INFO] [1783872139.081191106, 0.180000000]: <rpyOffset> set to: 0 -0 0
[INFO] [1783872139.196597746, 0.180000000]: Physics dynamic reconfigure ready.
[INFO] [1783872139.197148378, 0.180000000]: Laser Plugin: Using the 'robotNamespace' param: '/'
[INFO] [1783872139.197169513, 0.180000000]: Starting Laser Plugin (ns = /)
[INFO] [1783872139.198295387, 0.180000000]: Laser Plugin (ns = /)  <tf_prefix_>, set to ""
[INFO] [1783872139.318661647, 0.180000000]: M2 simulation-only Ackermann interface loaded; cmd_angle_instead_rotvel=false
oaded for trajectory optimization.
[INFO] [1783873015.500131166, 874.768000000]: Footprint model 'polygon' loaded for trajectory optimization.
[INFO] [1783873016.464199776, 875.730000000]: Footprint model 'polygon' loaded for trajectory optimization.
[INFO] [1783873017.105921471, 876.374000000]: Footprint model 'polygon' loaded for trajectory optimization.
[INFO] [1783873017.755576579, 877.022000000]: Footprint model 'polygon' loaded for trajectory optimization.
[INFO] [1783873018.309117000, 877.574000000]: Footprint model 'polygon' loaded for trajectory optimization.
[INFO] [1783873018.959729393, 878.222000000]: Footprint model 'polygon' loaded for trajectory optimization.
[INFO] [1783873019.559162152, 878.822000000]: Footprint model 'polygon' loaded for trajectory optimization.
[INFO] [1783873020.111082740, 879.372000000]: Footprint model 'polygon' loaded for trajectory optimization.
[INFO] [1783873020.756556056, 880.018000000]: Footprint model 'polygon' loaded for trajectory optimization.
[INFO] [1783873021.356270308, 880.614000000]: Footprint model 'polygon' loaded for trajectory optimization.
[INFO] [1783873022.800611266, 882.058000000]: GOAL Reached!
[INFO] [1783873022.951223190, 882.208000000]: Footprint model 'polygon' loaded for trajectory optimization.
[INFO] [1783873023.835229253, 883.090000000]: Footprint model 'polygon' loaded for trajectory optimization.
[INFO] [1783873024.605143761, 883.860000000]: Footprint model 'polygon' loaded for trajectory optimization.
[INFO] [1783873025.617526919, 884.868000000]: Footprint model 'polygon' loaded for trajectory optimization.
[INFO] [1783873026.576588378, 885.828000000]: Footprint model 'polygon' loaded for trajectory optimization.
[INFO] [1783873027.125999551, 886.374000000]: Footprint model 'polygon' loaded for trajectory optimization.
[INFO] [1783873027.776104511, 887.024000000]: Footprint model 'polygon' loaded for trajectory optimization.
[INFO] [1783873028.328295289, 887.574000000]: Footprint model 'polygon' loaded for trajectory optimization.
[INFO] [1783873028.927668290, 888.172000000]: Footprint model 'polygon' loaded for trajectory optimization.
[INFO] [1783873029.526642346, 888.770000000]: Footprint model 'polygon' loaded for trajectory optimization.
[INFO] [1783873030.175358495, 889.418000000]: Footprint model 'polygon' loaded for trajectory optimization.
[INFO] [1783873030.825035277, 890.068000000]: Footprint model 'polygon' loaded for trajectory optimization.
[INFO] [1783873032.317176858, 891.558000000]: GOAL Reached!
[INFO] [1783873032.466739904, 891.706000000]: Footprint model 'polygon' loaded for trajectory optimization.
[INFO] [1783873033.330234387, 892.568000000]: Footprint model 'polygon' loaded for trajectory optimization.
[INFO] [1783873034.026013183, 893.262000000]: Footprint model 'polygon' loaded for trajectory optimization.
[INFO] [1783873035.087097025, 894.322000000]: Footprint model 'polygon' loaded for trajectory optimization.
[INFO] [1783873036.268897086, 895.502000000]: Footprint model 'polygon' loaded for trajectory optimization.
[INFO] [1783873036.303191687, 895.536000000]: Footprint model 'polygon' loaded for trajectory optimization.
[31mWARNING: disk usage in log directory [/home/robot/.ros/log] is over 1GB.
It's recommended that you use the 'rosclean' command.[0m
WARNING: Package name "gazebo_ros_2Dmap_plugin" does not follow the naming conventions. It should start with a lower case letter and only contain lower case letters, digits, underscores, and dashes.
WARNING: Package name "gazebo_ros_2Dmap_plugin" does not follow the naming conventions. It should start with a lower case letter and only contain lower case letters, digits, underscores, and dashes.
[31m================================================================================REQUIRED process [t11_formal_run-6] has died!
process has finished cleanly
log file: /home/robot/.ros/log/0e2d8860-7e0b-11f1-91bc-3382cc4c3ed1/t11_formal_run-6*.log
Initiating shutdown!
================================================================================[0m
... logging to /home/robot/.ros/log/0e2d8860-7e0b-11f1-91bc-3382cc4c3ed1/roslaunch-WP-312517.log
Checking log directory for disk usage. This may take a while.
Press Ctrl-C to interrupt
]2;/home/robot/robot_ws_base_rl/src/tools/thesis_experiment/launch/t11_formal_run.launch
[1mstarted roslaunch server http://WP:39293/[0m

SUMMARY
========

PARAMETERS
 * /gazebo/enable_ros_network: True
 * /m2_gazebo/simulation_only: True
 * /m2_robot_state_publisher/publish_frequency: 30.0
 * /move_base/TebLocalPlannerROS/acc_lim_theta: 0.8
 * /move_base/TebLocalPlannerROS/acc_lim_x: 0.8
 * /move_base/TebLocalPlannerROS/allow_init_with_backwards_motion: True
 * /move_base/TebLocalPlannerROS/cmd_angle_instead_rotvel: False
 * /move_base/TebLocalPlannerROS/costmap_obstacles_behind_robot_dist: 1.5
 * /move_base/TebLocalPlannerROS/dt_hysteresis: 0.1
 * /move_base/TebLocalPlannerROS/dt_ref: 0.3
 * /move_base/TebLocalPlannerROS/enable_homotopy_class_planning: False
 * /move_base/TebLocalPlannerROS/enable_multithreading: True
 * /move_base/TebLocalPlannerROS/feasibility_check_no_poses: 5
 * /move_base/TebLocalPlannerROS/footprint_model/type: polygon
 * /move_base/TebLocalPlannerROS/footprint_model/vertices: [[0.52, 0.35], [0...
 * /move_base/TebLocalPlannerROS/global_plan_overwrite_orientation: True
 * /move_base/TebLocalPlannerROS/include_costmap_obstacles: True
 * /move_base/TebLocalPlannerROS/inflation_dist: 0.55
 * /move_base/TebLocalPlannerROS/map_frame: odom
 * /move_base/TebLocalPlannerROS/max_global_plan_lookahead_dist: 8.0
 * /move_base/TebLocalPlannerROS/max_number_classes: 4
 * /move_base/TebLocalPlannerROS/max_samples: 500
 * /move_base/TebLocalPlannerROS/max_vel_theta: 1.0
 * /move_base/TebLocalPlannerROS/max_vel_x: 1.2
 * /move_base/TebLocalPlannerROS/max_vel_x_backwards: 0.6
 * /move_base/TebLocalPlannerROS/max_vel_y: 0.0
 * /move_base/TebLocalPlannerROS/min_obstacle_dist: 0.25
 * /move_base/TebLocalPlannerROS/min_turning_radius: 1.2
 * /move_base/TebLocalPlannerROS/obstacle_poses_affected: 15
 * /move_base/TebLocalPlannerROS/odom_topic: /odom
 * /move_base/TebLocalPlannerROS/teb_autosize: True
 * /move_base/TebLocalPlannerROS/weight_acc_lim_theta: 1.0
 * /move_base/TebLocalPlannerROS/weight_acc_lim_x: 1.0
 * /move_base/TebLocalPlannerROS/weight_adapt_factor: 2.0
 * /move_base/TebLocalPlannerROS/weight_inflation: 0.1
 * /move_base/TebLocalPlannerROS/weight_kinematics_forward_drive: 10.0
 * /move_base/TebLocalPlannerROS/weight_kinematics_nh: 1000.0
 * /move_base/TebLocalPlannerROS/weight_kinematics_turning_radius: 10.0
 * /move_base/TebLocalPlannerROS/weight_max_vel_theta: 1.0
 * /move_base/TebLocalPlannerROS/weight_max_vel_x: 2.0
 * /move_base/TebLocalPlannerROS/weight_obstacle: 50.0
 * /move_base/TebLocalPlannerROS/weight_optimaltime: 1.0
 * /move_base/TebLocalPlannerROS/weight_viapoint: 1.0
 * /move_base/TebLocalPlannerROS/wheelbase: 0.65
 * /move_base/base_global_planner: navfn/NavfnROS
 * /move_base/base_local_planner: teb_local_planner...
 * /move_base/clearing_rotation_allowed: False
 * /move_base/controller_frequency: 10.0
 * /move_base/controller_patience: 5.0
 * /move_base/global_costmap/footprint: [[0.52, 0.35], [0...
 * /move_base/global_costmap/footprint_padding: 0.05
 * /move_base/global_costmap/global_frame: odom
 * /move_base/global_costmap/height: 30.0
 * /move_base/global_costmap/inflation_layer/cost_scaling_factor: 4.0
 * /move_base/global_costmap/inflation_layer/enabled: True
 * /move_base/global_costmap/inflation_layer/inflation_radius: 0.55
 * /move_base/global_costmap/obstacle_layer/enabled: True
 * /move_base/global_costmap/obstacle_layer/observation_sources: scan
 * /move_base/global_costmap/obstacle_layer/scan/clearing: True
 * /move_base/global_costmap/obstacle_layer/scan/data_type: LaserScan
 * /move_base/global_costmap/obstacle_layer/scan/inf_is_valid: True
 * /move_base/global_costmap/obstacle_layer/scan/marking: True
 * /move_base/global_costmap/obstacle_layer/scan/obstacle_range: 12.0
 * /move_base/global_costmap/obstacle_layer/scan/raytrace_range: 15.0
 * /move_base/global_costmap/obstacle_layer/scan/sensor_frame: laser_link
 * /move_base/global_costmap/obstacle_layer/scan/topic: /scan
 * /move_base/global_costmap/plugins: [{'name': 'obstac...
 * /move_base/global_costmap/publish_frequency: 2.0
 * /move_base/global_costmap/resolution: 0.05
 * /move_base/global_costmap/robot_base_frame: base_link
 * /move_base/global_costmap/rolling_window: True
 * /move_base/global_costmap/transform_tolerance: 0.3
 * /move_base/global_costmap/update_frequency: 5.0
 * /move_base/global_costmap/width: 30.0
 * /move_base/local_costmap/footprint: [[0.52, 0.35], [0...
 * /move_base/local_costmap/footprint_padding: 0.05
 * /move_base/local_costmap/global_frame: odom
 * /move_base/local_costmap/height: 12.0
 * /move_base/local_costmap/inflation_layer/cost_scaling_factor: 4.0
 * /move_base/local_costmap/inflation_layer/enabled: True
 * /move_base/local_costmap/inflation_layer/inflation_radius: 0.55
 * /move_base/local_costmap/obstacle_layer/enabled: True
 * /move_base/local_costmap/obstacle_layer/observation_sources: scan
 * /move_base/local_costmap/obstacle_layer/scan/clearing: True
 * /move_base/local_costmap/obstacle_layer/scan/data_type: LaserScan
 * /move_base/local_costmap/obstacle_layer/scan/inf_is_valid: True
 * /move_base/local_costmap/obstacle_layer/scan/marking: True
 * /move_base/local_costmap/obstacle_layer/scan/obstacle_range: 12.0
 * /move_base/local_costmap/obstacle_layer/scan/raytrace_range: 15.0
 * /move_base/local_costmap/obstacle_layer/scan/sensor_frame: laser_link
 * /move_base/local_costmap/obstacle_layer/scan/topic: /scan
 * /move_base/local_costmap/plugins: [{'name': 'obstac...
 * /move_base/local_costmap/publish_frequency: 5.0
 * /move_base/local_costmap/resolution: 0.05
 * /move_base/local_costmap/robot_base_frame: base_link
 * /move_base/local_costmap/rolling_window: True
 * /move_base/local_costmap/transform_tolerance: 0.3
 * /move_base/local_costmap/update_frequency: 10.0
 * /move_base/local_costmap/width: 12.0
 * /move_base/oscillation_distance: 0.2
 * /move_base/oscillation_timeout: 10.0
 * /move_base/planner_frequency: 1.0
 * /move_base/planner_patience: 5.0
 * /move_base/recovery_behavior_enabled: False
 * /move_base/shutdown_costmaps: False
 * /robot_description: <?xml version="1....
 * /rosdistro: noetic
 * /rosversion: 1.17.4
 * /t11_formal_run/acceptance_eval_seed_limit: 0
 * /t11_formal_run/acceptance_timesteps: 0
 * /t11_formal_run/algorithm: RL-TEB-Semantic-Eta
 * /t11_formal_run/checkpoint: 
 * /t11_formal_run/config: /home/robot/robot...
 * /t11_formal_run/output_dir: /home/robot/robot...
 * /t11_formal_run/phase: train
 * /t11_formal_run/run_id: t11_semantic_eta_...
 * /t11_formal_run/safety_mode: FullSafety
 * /t11_formal_run/training_seed: 105
 * /use_sim_time: True

NODES
  /
    gazebo (gazebo_ros/gzserver)
    m2_robot_state_publisher (robot_state_publisher/robot_state_publisher)
    move_base (move_base/move_base)
    spawn_m2 (gazebo_ros/spawn_model)
    t11_formal_run (thesis_experiment/t11_formal_run.py)

auto-starting new master
[1mprocess[master]: started with pid [312573][0m
[1mROS_MASTER_URI=http://localhost:11311[0m
]2;/home/robot/robot_ws_base_rl/src/tools/thesis_experiment/launch/t11_formal_run.launch http://localhost:11311
[1msetting /run_id to 0e2d8860-7e0b-11f1-91bc-3382cc4c3ed1[0m
[1mprocess[rosout-1]: started with pid [312606][0m
started core service [/rosout]
[1mprocess[gazebo-2]: started with pid [312613][0m
[1mprocess[spawn_m2-3]: started with pid [312617][0m
[1mprocess[m2_robot_state_publisher-4]: started with pid [312619][0m
[1mprocess[move_base-5]: started with pid [312620][0m
[1mprocess[t11_formal_run-6]: started with pid [312621][0m
[1m[spawn_m2-3] process has finished cleanly
log file: /home/robot/.ros/log/0e2d8860-7e0b-11f1-91bc-3382cc4c3ed1/spawn_m2-3*.log[0m
[t11_formal_run-6] killing on exit
[move_base-5] killing on exit
[m2_robot_state_publisher-4] killing on exit
[gazebo-2] killing on exit
[rosout-1] killing on exit
[master] killing on exit
shutting down processing monitor...
... shutting down processing monitor complete
[1mdone[0m
