WARNING: Package name "gazebo_ros_2Dmap_plugin" does not follow the naming conventions. It should start with a lower case letter and only contain lower case letters, digits, underscores, and dashes.
xacro: in-order processing became default in ROS Melodic. You can drop the option.
WARNING: Package name "gazebo_ros_2Dmap_plugin" does not follow the naming conventions. It should start with a lower case letter and only contain lower case letters, digits, underscores, and dashes.
WARNING: Package name "gazebo_ros_2Dmap_plugin" does not follow the naming conventions. It should start with a lower case letter and only contain lower case letters, digits, underscores, and dashes.
[INFO] [1783861235.624463, 0.000000]: Loading model XML from ros parameter robot_description
[INFO] [1783861235.627790, 0.000000]: Waiting for service /gazebo/spawn_urdf_model
[INFO] [1783861236.532279, 0.216000]: Calling service /gazebo/spawn_urdf_model
[INFO] [1783861236.863220, 0.378000]: Spawn status: SpawnModel: Successfully spawned entity
[INFO] [1783861237.249589604, 0.644000000]: global_costmap: Using plugin "obstacle_layer"
[INFO] [1783861237.255995777, 0.650000000]:     Subscribed to Topics: scan
[INFO] [1783861237.266753135, 0.660000000]: global_costmap: Using plugin "inflation_layer"
[INFO] [1783861237.293043243, 0.688000000]: local_costmap: Using plugin "obstacle_layer"
[INFO] [1783861237.294260816, 0.688000000]:     Subscribed to Topics: scan
[INFO] [1783861237.298970874, 0.694000000]: local_costmap: Using plugin "inflation_layer"
[INFO] [1783861237.310289706, 0.706000000]: Created local_planner teb_local_planner/TebLocalPlannerROS
[INFO] [1783861237.329512837, 0.724000000]: Footprint model 'polygon' loaded for trajectory optimization.
[INFO] [1783861237.329633099, 0.724000000]: Parallel planning in distinctive topologies disabled.
[INFO] [1783861237.329642962, 0.724000000]: No costmap conversion plugin specified. All occupied costmap cells are treaten as point obstacles.
[INFO] [1783861237.353139533, 0.748000000]: Footprint model 'polygon' loaded for trajectory optimization.
[INFO] [1783861237.519842300, 0.914000000]: Recovery behavior will clear layer 'obstacles'
[INFO] [1783861237.522487567, 0.918000000]: Recovery behavior will clear layer 'obstacles'
[INFO] [1783861237.542278200, 0.938000000]: odom received!
[INFO] [1783861239.237065009, 2.626000000]: Footprint model 'polygon' loaded for trajectory optimization.
[INFO] [1783861239.789866425, 3.182000000]: Footprint model 'polygon' loaded for trajectory optimization.
[INFO] [1783861240.389988814, 3.780000000]: Footprint model 'polygon' loaded for trajectory optimization.
[INFO] [1783861241.040240063, 4.428000000]: Footprint model 'polygon' loaded for trajectory optimization.
[INFO] [1783861242.483557974, 5.868000000]: GOAL Reached!
[INFO] [1783861242.627265492, 6.014000000]: Footprint model 'polygon' loaded for trajectory optimization.
[INFO] [1783861243.506236607, 6.888000000]: Footprint model 'polygon' loaded for trajectory optimization.
[INFO] [1783861244.051219478, 7.436000000]: Footprint model 'polygon' loaded for trajectory optimization.
[INFO] [1783861244.653635656, 8.036000000]: Footprint model 'polygon' loaded for trajectory optimization.
[INFO] [1783861245.252510709, 8.632000000]: Footprint model 'polygon' loaded for trajectory optimization.
[INFO] [1783861246.744564903, 10.122000000]: GOAL Reached!
[INFO] [1783861246.888204780, 10.266000000]: Footprint model 'polygon' loaded for trajectory optimization.
[INFO] [1783861247.772203709, 11.148000000]: Footprint model 'polygon' loaded for trajectory optimization.
[INFO] [1783861248.315799045, 11.694000000]: Footprint model 'polygon' loaded for trajectory optimization.
[INFO] [1783861248.917786852, 12.292000000]: Footprint model 'polygon' loaded for trajectory optimization.
[INFO] [1783861249.562806310, 12.936000000]: Footprint model 'polygon' loaded for trajectory optimization.
[INFO] [1783861251.111173394, 14.480000000]: GOAL Reached!
[INFO] [1783861251.258158916, 14.628000000]: Footprint model 'polygon' loaded for trajectory optimization.
[INFO] [1783861252.139875723, 15.506000000]: Footprint model 'polygon' loaded for trajectory optimization.
[INFO] [1783861252.780782548, 16.146000000]: Footprint model 'polygon' loaded for trajectory optimization.
[INFO] [1783861253.430342507, 16.796000000]: Footprint model 'polygon' loaded for trajectory optimization.
[INFO] [1783861254.028913823, 17.394000000]: Footprint model 'polygon' loaded for trajectory optimization.
[INFO] [1783861255.472856725, 18.834000000]: GOAL Reached!
[INFO] [1783861255.615466939, 18.976000000]: Footprint model 'polygon' loaded for trajectory optimization.
[INFO] [1783861256.486511944, 19.846000000]: Footprint model 'polygon' loaded for trajectory optimization.
[INFO] [1783861257.083839909, 20.442000000]: Footprint model 'polygon' loaded for trajectory optimization.
[INFO] [1783861257.632210131, 20.990000000]: Footprint model 'polygon' loaded for trajectory optimization.
[INFO] [1783861259.524696402, 22.878000000]: GOAL Reached!
[INFO] [1783861259.676665154, 23.030000000]: Footprint model 'polygon' loaded for trajectory optimization.
[INFO] [1783861260.554393221, 23.906000000]: Footprint model 'polygon' loaded for trajectory optimization.
[INFO] [1783861261.153668769, 24.506000000]: Footprint model 'polygon' loaded for trajectory optimization.
[INFO] [1783861261.752600913, 25.102000000]: Footprint model 'polygon' loaded for trajectory optimization.
[INFO] [1783861262.353156567, 25.702000000]: Footprint model 'polygon' loaded for trajectory optimization.
[INFO] [1783861263.895490408, 27.242000000]: GOAL Reached!
[INFO] [1783861264.032923772, 27.380000000]: Footprint model 'polygon' loaded for trajectory optimization.
[INFO] [1783861264.903472369, 28.248000000]: Footprint model 'polygon' loaded for trajectory optimization.
[INFO] [1783861265.452235694, 28.796000000]: Footprint model 'polygon' loaded for trajectory optimization.
[INFO] [1783861266.055259204, 29.396000000]: Footprint model 'polygon' loaded for trajectory optimization.
[INFO] [1783861266.653541539, 29.994000000]: Footprint model 'polygon' loaded for trajectory optimization.
[INFO] [1783861268.045367239, 31.384000000]: GOAL Reached!
[INFO] [1783861268.192585730, 31.530000000]: Footprint model 'polygon' loaded for trajectory optimization.
[INFO] [1783861269.064218732, 32.404000000]: Footprint model 'polygon' loaded for trajectory optimization.
[INFO] [1783861269.669692461, 33.010000000]: Footprint model 'polygon' loaded for trajectory optimization.
[INFO] [1783861270.266549952, 33.604000000]: Footprint model 'polygon' loaded for trajectory optimization.
[INFO] [1783861270.972257718, 34.306000000]: Footprint model 'polygon' loaded for trajectory optimization.
[INFO] [1783861272.411909758, 35.744000000]: GOAL Reached!
[INFO] [1783861272.543524746, 35.876000000]: Footprint model 'polygon' loaded for trajectory optimization.
[INFO] [1783861273.417544009, 36.748000000]: Footprint model 'polygon' loaded for trajectory optimization.
[INFO] [1783861273.965675823, 37.296000000]: Footprint model 'polygon' loaded for trajectory optimization.
[INFO] [1783861274.566566474, 37.894000000]: Footprint model 'polygon' loaded for trajectory optimization.
[INFO] [1783861275.218002616, 38.544000000]: Footprint model 'polygon' loaded for trajectory optimization.
[INFO] [1783861276.659212458, 39.984000000]: GOAL Reached!
[INFO] [1783861276.807061903, 40.132000000]: Footprint model 'polygon' loaded for trajectory optimization.
[INFO] [1783861277.680725400, 41.006000000]: Footprint model 'polygon' loaded for trajectory optimization.
[INFO] [1783861278.368318923, 41.690000000]: Footprint model 'polygon' loaded for trajectory optimization.
[INFO] [1783861278.921711937, 42.242000000]: Footprint model 'polygon' loaded for trajectory optimization.
[INFO] [1783861279.518004063, 42.840000000]: Footprint model 'polygon' loaded for trajectory optimization.
[INFO] [1783861281.011942133, 44.328000000]: GOAL Reached!
[INFO] [1783861281.157106927, 44.474000000]: Footprint model 'polygon' loaded for trajectory optimization.
[INFO] [1783861282.030257867, 45.348000000]: Footprint model 'polygon' loaded for trajectory optimization.
[INFO] [1783861282.575395629, 45.890000000]: Footprint model 'polygon' loaded for trajectory optimization.
[INFO] [1783861283.174742173, 46.488000000]: Footprint model 'polygon' loaded for trajectory optimization.
[INFO] [1783861285.069639530, 48.378000000]: GOAL Reached!
[INFO] [1783861285.214944859, 48.524000000]: Footprint model 'polygon' loaded for trajectory optimization.
[INFO] [1783861286.079128251, 49.386000000]: Footprint model 'polygon' loaded for trajectory optimization.
[INFO] [1783861286.771772311, 50.078000000]: Footprint model 'polygon' loaded for trajectory optimization.
[INFO] [1783861287.323067264, 50.628000000]: Footprint model 'polygon' loaded for trajectory optimization.
[INFO] [1783861289.312114435, 52.614000000]: GOAL Reached!
[INFO] [1783861289.448053432, 52.748000000]: Footprint model 'polygon' loaded for trajectory optimization.
[INFO] [1783861290.305878804, 53.606000000]: Footprint model 'polygon' loaded for trajectory optimization.
[INFO] [1783861290.862797477, 54.162000000]: Footprint model 'polygon' loaded for trajectory optimization.
[INFO] [1783861291.463581301, 54.760000000]: Footprint model 'polygon' loaded for trajectory optimization.
[INFO] [1783861292.058022582, 55.356000000]: Footprint model 'polygon' loaded for trajectory optimization.
[INFO] [1783861293.451926775, 56.746000000]: GOAL Reached!
[INFO] [1783861293.594942269, 56.888000000]: Footprint model 'polygon' loaded for trajectory optimization.
[INFO] [1783861294.475251672, 57.768000000]: Footprint model 'polygon' loaded for trajectory optimization.
[INFO] [1783861295.166630118, 58.456000000]: Footprint model 'polygon' loaded for trajectory optimization.
[INFO] [1783861295.762628403, 59.052000000]: Footprint model 'polygon' loaded for trajectory optimization.
[INFO] [1783861297.606001415, 60.892000000]: GOAL Reached!
[INFO] [1783861297.756129041, 61.042000000]: Footprint model 'polygon' loaded for trajectory optimization.
[INFO] [1783861298.624416901, 61.908000000]: Footprint model 'polygon' loaded for trajectory optimization.
[INFO] [1783861299.279218072, 62.562000000]: Footprint model 'polygon' loaded for trajectory optimization.
[INFO] [1783861299.927718414, 63.208000000]: Footprint model 'polygon' loaded for trajectory optimization.
[INFO] [1783861300.477709261, 63.760000000]: Footprint model 'polygon' loaded for trajectory optimization.
[INFO] [1783861301.971891465, 65.248000000]: GOAL Reached!
[INFO] [1783861302.129860346, 65.406000000]: Footprint model 'polygon' loaded for trajectory optimization.
[INFO] [1783861302.988659684, 66.266000000]: Footprint model 'polygon' loaded for trajectory optimization.
[INFO] [1783861303.535371188, 66.812000000]: Footprint model 'polygon' loaded for trajectory optimization.
[INFO] [1783861304.183324303, 67.458000000]: Footprint model 'polygon' loaded for trajectory optimization.
[INFO] [1783861304.782748877, 68.056000000]: Footprint model 'polygon' loaded for trajectory optimization.
[INFO] [1783861306.226017049, 69.498000000]: GOAL Reached!
[INFO] [1783861306.362871420, 69.634000000]: Footprint model 'polygon' loaded for trajectory optimization.
[INFO] [1783861307.239508382, 70.508000000]: Footprint model 'polygon' loaded for trajectory optimization.
[INFO] [1783861307.933837665, 71.202000000]: Footprint model 'polygon' loaded for trajectory optimization.
[INFO] [1783861308.628712171, 71.896000000]: Footprint model 'polygon' loaded for trajectory optimization.
[INFO] [1783861310.370269931, 73.634000000]: GOAL Reached!
[INFO] [1783861310.518400209, 73.784000000]: Footprint model 'polygon' loaded for trajectory optimization.
[INFO] [1783861311.401985613, 74.666000000]: Footprint model 'polygon' loaded for trajectory optimization.
[INFO] [1783861312.003099104, 75.264000000]: Footprint model 'polygon' loaded for trajectory optimization.
[INFO] [1783861312.615409575, 75.874000000]: Footprint model 'polygon' loaded for trajectory optimization.
[INFO] [1783861313.163259406, 76.422000000]: Footprint model 'polygon' loaded for trajectory optimization.
[INFO] [1783861314.642782897, 77.900000000]: GOAL Reached!
[INFO] [1783861314.783173092, 78.040000000]: Footprint model 'polygon' loaded for trajectory optimization.
[INFO] [1783861315.664529990, 78.918000000]: Footprint model 'polygon' loaded for trajectory optimization.
[INFO] [1783861316.317596375, 79.570000000]: Footprint model 'polygon' loaded for trajectory optimization.
[INFO] [1783861316.957000577, 80.210000000]: Footprint model 'polygon' loaded for trajectory optimization.
[INFO] [1783861318.691075419, 81.940000000]: GOAL Reached!
[INFO] [1783861318.834902744, 82.084000000]: Footprint model 'polygon' loaded for trajectory optimization.
[INFO] [1783861319.711671933, 82.958000000]: Footprint model 'polygon' loaded for trajectory optimization.
[INFO] [1783861320.317038741, 83.564000000]: Footprint model 'polygon' loaded for trajectory optimization.
[INFO] [1783861320.913097493, 84.158000000]: Footprint model 'polygon' loaded for trajectory optimization.
[INFO] [1783861321.464234301, 84.708000000]: Footprint model 'polygon' loaded for trajectory optimization.
[INFO] [1783861323.245733312, 86.488000000]: GOAL Reached!
[INFO] [1783861323.383187363, 86.626000000]: Footprint model 'polygon' loaded for trajectory optimization.
[INFO] [1783861324.278621332, 87.520000000]: Footprint model 'polygon' loaded for trajectory optimization.
[INFO] [1783861324.918778352, 88.158000000]: Footprint model 'polygon' loaded for trajectory optimization.
[INFO] [1783861325.564165642, 88.802000000]: Footprint model 'polygon' loaded for trajectory optimization.
[INFO] [1783861326.120095235, 89.356000000]: Footprint model 'polygon' loaded for trajectory optimization.
[INFO] [1783861327.596172140, 90.832000000]: GOAL Reached!
[INFO] [1783861327.728991170, 90.964000000]: Footprint model 'polygon' loaded for trajectory optimization.
[INFO] [1783861328.607445521, 91.842000000]: Footprint model 'polygon' loaded for trajectory optimization.
[INFO] [1783861329.247776645, 92.480000000]: Footprint model 'polygon' loaded for trajectory optimization.
[INFO] [1783861329.898319609, 93.128000000]: Footprint model 'polygon' loaded for trajectory optimization.
[INFO] [1783861331.728196109, 94.956000000]: GOAL Reached!
[INFO] [1783861331.872082789, 95.100000000]: Footprint model 'polygon' loaded for trajectory optimization.
[INFO] [1783861332.751616714, 95.976000000]: Footprint model 'polygon' loaded for trajectory optimization.
[INFO] [1783861333.452155984, 96.676000000]: Footprint model 'polygon' loaded for trajectory optimization.
[INFO] [1783861334.152101013, 97.374000000]: Footprint model 'polygon' loaded for trajectory optimization.
[INFO] [1783861335.883963133, 99.102000000]: GOAL Reached!
[INFO] [1783861336.025080976, 99.244000000]: Footprint model 'polygon' loaded for trajectory optimization.
[INFO] [1783861336.900837125, 100.118000000]: Footprint model 'polygon' loaded for trajectory optimization.
[INFO] [1783861337.594354522, 100.808000000]: Footprint model 'polygon' loaded for trajectory optimization.
[INFO] [1783861338.241953045, 101.456000000]: Footprint model 'polygon' loaded for trajectory optimization.
[INFO] [1783861340.023204726, 103.234000000]: GOAL Reached!
[INFO] [1783861340.167289580, 103.378000000]: Footprint model 'polygon' loaded for trajectory optimization.
[INFO] [1783861341.053553310, 104.264000000]: Footprint model 'polygon' loaded for trajectory optimization.
[INFO] [1783861341.754162675, 104.962000000]: Footprint model 'polygon' loaded for trajectory optimization.
[INFO] [1783861342.448467550, 105.654000000]: Footprint model 'polygon' loaded for trajectory optimization.
[INFO] [1783861344.077553636, 107.282000000]: GOAL Reached!
[INFO] [1783861344.194066575, 107.398000000]: Footprint model 'polygon' loaded for trajectory optimization.
[INFO] [1783861345.078160247, 108.280000000]: Footprint model 'polygon' loaded for trajectory optimization.
[INFO] [1783861345.676535591, 108.878000000]: Footprint model 'polygon' loaded for trajectory optimization.
[INFO] [1783861346.275075774, 109.476000000]: Footprint model 'polygon' loaded for trajectory optimization.
[INFO] [1783861346.827675982, 110.026000000]: Footprint model 'polygon' loaded for trajectory optimization.
[INFO] [1783861348.305875402, 111.502000000]: GOAL Reached!
[INFO] [1783861348.446761954, 111.642000000]: Footprint model 'polygon' loaded for trajectory optimization.
[INFO] [1783861349.325332995, 112.520000000]: Footprint model 'polygon' loaded for trajectory optimization.
[INFO] [1783861349.927501501, 113.122000000]: Footprint model 'polygon' loaded for trajectory optimization.
[INFO] [1783861350.479390275, 113.672000000]: Footprint model 'polygon' loaded for trajectory optimization.
[INFO] [1783861351.081239687, 114.272000000]: Footprint model 'polygon' loaded for trajectory optimization.
[INFO] [1783861352.561459754, 115.750000000]: GOAL Reached!
[INFO] [1783861352.701838033, 115.890000000]: Footprint model 'polygon' loaded for trajectory optimization.
[INFO] [1783861353.592501286, 116.780000000]: Footprint model 'polygon' loaded for trajectory optimization.
[INFO] [1783861354.234774581, 117.420000000]: Footprint model 'polygon' loaded for trajectory optimization.
[INFO] [1783861354.876811337, 118.062000000]: Footprint model 'polygon' loaded for trajectory optimization.
[INFO] [1783861356.713749487, 119.894000000]: GOAL Reached!
[INFO] [1783861356.854459703, 120.036000000]: Footprint model 'polygon' loaded for trajectory optimization.
[INFO] [1783861357.740058237, 120.918000000]: Footprint model 'polygon' loaded for trajectory optimization.
[INFO] [1783861358.378500369, 121.556000000]: Footprint model 'polygon' loaded for trajectory optimization.
[INFO] [1783861358.973688241, 122.150000000]: Footprint model 'polygon' loaded for trajectory optimization.
[INFO] [1783861360.753652971, 123.926000000]: GOAL Reached!
[INFO] [1783861360.908434122, 124.080000000]: Footprint model 'polygon' loaded for trajectory optimization.
[INFO] [1783861361.787494810, 124.958000000]: Footprint model 'polygon' loaded for trajectory optimization.
[INFO] [1783861362.434334624, 125.602000000]: Footprint model 'polygon' loaded for trajectory optimization.
[INFO] [1783861363.026831220, 126.196000000]: Footprint model 'polygon' loaded for trajectory optimization.
[INFO] [1783861364.812023319, 127.976000000]: GOAL Reached!
[INFO] [1783861364.950409139, 128.114000000]: Footprint model 'polygon' loaded for trajectory optimization.
[INFO] [1783861365.833976491, 128.998000000]: Footprint model 'polygon' loaded for trajectory optimization.
[INFO] [1783861366.483219825, 129.646000000]: Footprint model 'polygon' loaded for trajectory optimization.
[INFO] [1783861367.125605457, 130.286000000]: Footprint model 'polygon' loaded for trajectory optimization.
[INFO] [1783861369.055696955, 132.214000000]: GOAL Reached!
[INFO] [1783861369.189446125, 132.348000000]: Footprint model 'polygon' loaded for trajectory optimization.
[INFO] [1783861370.064723600, 133.220000000]: Footprint model 'polygon' loaded for trajectory optimization.
[INFO] [1783861370.718842262, 133.872000000]: Footprint model 'polygon' loaded for trajectory optimization.
[INFO] [1783861371.306491517, 134.460000000]: Footprint model 'polygon' loaded for trajectory optimization.
[INFO] [1783861373.088996321, 136.240000000]: GOAL Reached!
[INFO] [1783861373.234843429, 136.386000000]: Footprint model 'polygon' loaded for trajectory optimization.
[INFO] [1783861374.104874191, 137.256000000]: Footprint model 'polygon' loaded for trajectory optimization.
[INFO] [1783861374.709094546, 137.858000000]: Footprint model 'polygon' loaded for trajectory optimization.
[INFO] [1783861375.361840758, 138.508000000]: Footprint model 'polygon' loaded for trajectory optimization.
[INFO] [1783861377.341381719, 140.486000000]: GOAL Reached!
[INFO] [1783861377.472991135, 140.618000000]: Footprint model 'polygon' loaded for trajectory optimization.
[INFO] [1783861378.339526822, 141.478000000]: Footprint model 'polygon' loaded for trajectory optimization.
[INFO] [1783861378.942450569, 142.080000000]: Footprint model 'polygon' loaded for trajectory optimization.
[INFO] [1783861379.542477563, 142.678000000]: Footprint model 'polygon' loaded for trajectory optimization.
[INFO] [1783861381.470994763, 144.608000000]: GOAL Reached!
[INFO] [1783861381.611685426, 144.746000000]: Footprint model 'polygon' loaded for trajectory optimization.
[INFO] [1783861382.488290467, 145.620000000]: Footprint model 'polygon' loaded for trajectory optimization.
[INFO] [1783861383.190426737, 146.320000000]: Footprint model 'polygon' loaded for trajectory optimization.
[INFO] [1783861383.883872996, 147.012000000]: Footprint model 'polygon' loaded for trajectory optimization.
[INFO] [1783861385.713763096, 148.840000000]: GOAL Reached!
[INFO] [1783861385.837731523, 148.964000000]: Footprint model 'polygon' loaded for trajectory optimization.
[INFO] [1783861386.715736888, 149.840000000]: Footprint model 'polygon' loaded for trajectory optimization.
[INFO] [1783861387.406507533, 150.528000000]: Footprint model 'polygon' loaded for trajectory optimization.
[INFO] [1783861388.057868156, 151.178000000]: Footprint model 'polygon' loaded for trajectory optimization.
[INFO] [1783861389.935543077, 153.054000000]: GOAL Reached!
[INFO] [1783861390.081164688, 153.198000000]: Footprint model 'polygon' loaded for trajectory optimization.
[INFO] [1783861390.943974892, 154.058000000]: Footprint model 'polygon' loaded for trajectory optimization.
[INFO] [1783861391.497284558, 154.614000000]: Footprint model 'polygon' loaded for trajectory optimization.
[INFO] [1783861392.140123290, 155.256000000]: Footprint model 'polygon' loaded for trajectory optimization.
[INFO] [1783861392.741118134, 155.856000000]: Footprint model 'polygon' loaded for trajectory optimization.
[INFO] [1783861394.075529557, 157.186000000]: GOAL Reached!
[INFO] [1783861394.225025376, 157.336000000]: Footprint model 'polygon' loaded for trajectory optimization.
[INFO] [1783861395.091221102, 158.200000000]: Footprint model 'polygon' loaded for trajectory optimization.
[INFO] [1783861395.648607103, 158.756000000]: Footprint model 'polygon' loaded for trajectory optimization.
[INFO] [1783861396.239190673, 159.348000000]: Footprint model 'polygon' loaded for trajectory optimization.
[INFO] [1783861396.848408256, 159.956000000]: Footprint model 'polygon' loaded for trajectory optimization.
[INFO] [1783861398.226045129, 161.330000000]: GOAL Reached!
[INFO] [1783861398.357970987, 161.462000000]: Footprint model 'polygon' loaded for trajectory optimization.
[INFO] [1783861399.237789922, 162.342000000]: Footprint model 'polygon' loaded for trajectory optimization.
[INFO] [1783861399.938428700, 163.038000000]: Footprint model 'polygon' loaded for trajectory optimization.
[INFO] [1783861400.636283361, 163.736000000]: Footprint model 'polygon' loaded for trajectory optimization.
[INFO] [1783861401.240004046, 164.340000000]: Footprint model 'polygon' loaded for trajectory optimization.
[INFO] [1783861402.567060002, 165.664000000]: GOAL Reached!
[INFO] [1783861402.702923388, 165.800000000]: Footprint model 'polygon' loaded for trajectory optimization.
[INFO] [1783861403.579899658, 166.676000000]: Footprint model 'polygon' loaded for trajectory optimization.
[INFO] [1783861404.234956944, 167.328000000]: Footprint model 'polygon' loaded for trajectory optimization.
[INFO] [1783861404.833303191, 167.926000000]: Footprint model 'polygon' loaded for trajectory optimization.
[INFO] [1783861405.431772404, 168.524000000]: Footprint model 'polygon' loaded for trajectory optimization.
[INFO] [1783861406.815682045, 169.904000000]: GOAL Reached!
[INFO] [1783861406.958110916, 170.046000000]: Footprint model 'polygon' loaded for trajectory optimization.
[INFO] [1783861407.852345543, 170.938000000]: Footprint model 'polygon' loaded for trajectory optimization.
[INFO] [1783861408.404953885, 171.490000000]: Footprint model 'polygon' loaded for trajectory optimization.
[INFO] [1783861409.053363385, 172.138000000]: Footprint model 'polygon' loaded for trajectory optimization.
[INFO] [1783861410.878528240, 173.962000000]: GOAL Reached!
[INFO] [1783861411.018744077, 174.102000000]: Footprint model 'polygon' loaded for trajectory optimization.
[INFO] [1783861411.901473755, 174.982000000]: Footprint model 'polygon' loaded for trajectory optimization.
[INFO] [1783861412.498210319, 175.576000000]: Footprint model 'polygon' loaded for trajectory optimization.
[INFO] [1783861413.101508108, 176.180000000]: Footprint model 'polygon' loaded for trajectory optimization.
[INFO] [1783861413.699877982, 176.778000000]: Footprint model 'polygon' loaded for trajectory optimization.
[INFO] [1783861415.029704323, 178.106000000]: GOAL Reached!
[INFO] [1783861415.166000403, 178.240000000]: Footprint model 'polygon' loaded for trajectory optimization.
[INFO] [1783861416.044309625, 179.118000000]: Footprint model 'polygon' loaded for trajectory optimization.
[INFO] [1783861416.631157124, 179.704000000]: Footprint model 'polygon' loaded for trajectory optimization.
[INFO] [1783861417.184044491, 180.258000000]: Footprint model 'polygon' loaded for trajectory optimization.
[INFO] [1783861417.785595029, 180.856000000]: Footprint model 'polygon' loaded for trajectory optimization.
[INFO] [1783861419.165751136, 182.234000000]: GOAL Reached!
[INFO] [1783861419.310054488, 182.378000000]: Footprint model 'polygon' loaded for trajectory optimization.
[INFO] [1783861420.174733798, 183.240000000]: Footprint model 'polygon' loaded for trajectory optimization.
[INFO] [1783861420.727842777, 183.792000000]: Footprint model 'polygon' loaded for trajectory optimization.
[INFO] [1783861421.368814883, 184.434000000]: Footprint model 'polygon' loaded for trajectory optimization.
[INFO] [1783861421.975819462, 185.038000000]: Footprint model 'polygon' loaded for trajectory optimization.
[INFO] [1783861423.507810446, 186.568000000]: GOAL Reached!
[INFO] [1783861423.638569269, 186.698000000]: Footprint model 'polygon' loaded for trajectory optimization.
[INFO] [1783861424.518790703, 187.576000000]: Footprint model 'polygon' loaded for trajectory optimization.
[INFO] [1783861425.072396290, 188.130000000]: Footprint model 'polygon' loaded for trajectory optimization.
[INFO] [1783861425.720014749, 188.776000000]: Footprint model 'polygon' loaded for trajectory optimization.
[INFO] [1783861426.316425558, 189.374000000]: Footprint model 'polygon' loaded for trajectory optimization.
[INFO] [1783861427.651556943, 190.706000000]: GOAL Reached!
[INFO] [1783861427.790321148, 190.844000000]: Footprint model 'polygon' loaded for trajectory optimization.
[INFO] [1783861428.667676712, 191.720000000]: Footprint model 'polygon' loaded for trajectory optimization.
[INFO] [1783861429.315036380, 192.366000000]: Footprint model 'polygon' loaded for trajectory optimization.
[INFO] [1783861429.915766385, 192.966000000]: Footprint model 'polygon' loaded for trajectory optimization.
[INFO] [1783861431.893723248, 194.942000000]: GOAL Reached!
[INFO] [1783861432.034374894, 195.082000000]: Footprint model 'polygon' loaded for trajectory optimization.
[INFO] [1783861432.909589716, 195.960000000]: Footprint model 'polygon' loaded for trajectory optimization.
[INFO] [1783861433.563426556, 196.608000000]: Footprint model 'polygon' loaded for trajectory optimization.
[INFO] [1783861434.213821439, 197.256000000]: Footprint model 'polygon' loaded for trajectory optimization.
[INFO] [1783861436.143439476, 199.184000000]: GOAL Reached!
[INFO] [1783861436.284114498, 199.324000000]: Footprint model 'polygon' loaded for trajectory optimization.
[INFO] [1783861437.160344925, 200.198000000]: Footprint model 'polygon' loaded for trajectory optimization.
[INFO] [1783861437.802003106, 200.840000000]: Footprint model 'polygon' loaded for trajectory optimization.
[INFO] [1783861438.448861419, 201.486000000]: Footprint model 'polygon' loaded for trajectory optimization.
[INFO] [1783861440.283376055, 203.316000000]: GOAL Reached!
[INFO] [1783861440.425680653, 203.458000000]: Footprint model 'polygon' loaded for trajectory optimization.
[INFO] [1783861441.304123233, 204.336000000]: Footprint model 'polygon' loaded for trajectory optimization.
[INFO] [1783861441.950118506, 204.980000000]: Footprint model 'polygon' loaded for trajectory optimization.
[INFO] [1783861442.596453359, 205.624000000]: Footprint model 'polygon' loaded for trajectory optimization.
[INFO] [1783861444.526295991, 207.554000000]: GOAL Reached!
[INFO] [1783861444.652564484, 207.680000000]: Footprint model 'polygon' loaded for trajectory optimization.
[INFO] [1783861445.537672919, 208.562000000]: Footprint model 'polygon' loaded for trajectory optimization.
[INFO] [1783861446.090612707, 209.114000000]: Footprint model 'polygon' loaded for trajectory optimization.
[INFO] [1783861446.690647509, 209.712000000]: Footprint model 'polygon' loaded for trajectory optimization.
[INFO] [1783861447.341430869, 210.362000000]: Footprint model 'polygon' loaded for trajectory optimization.
[INFO] [1783861448.669786515, 211.690000000]: GOAL Reached!
[INFO] [1783861448.813107642, 211.832000000]: Footprint model 'polygon' loaded for trajectory optimization.
[INFO] [1783861449.687863497, 212.704000000]: Footprint model 'polygon' loaded for trajectory optimization.
[INFO] [1783861450.320957522, 213.336000000]: Footprint model 'polygon' loaded for trajectory optimization.
[INFO] [1783861450.988048996, 214.000000000]: Footprint model 'polygon' loaded for trajectory optimization.
[INFO] [1783861452.909603400, 215.922000000]: GOAL Reached!
[INFO] [1783861453.045596659, 216.058000000]: Footprint model 'polygon' loaded for trajectory optimization.
[INFO] [1783861453.935570207, 216.944000000]: Footprint model 'polygon' loaded for trajectory optimization.
[INFO] [1783861454.620296310, 217.626000000]: Footprint model 'polygon' loaded for trajectory optimization.
[INFO] [1783861455.271769171, 218.278000000]: Footprint model 'polygon' loaded for trajectory optimization.
[INFO] [1783861457.051579140, 220.056000000]: GOAL Reached!
[INFO] [1783861457.206150597, 220.210000000]: Footprint model 'polygon' loaded for trajectory optimization.
[INFO] [1783861458.073162787, 221.078000000]: Footprint model 'polygon' loaded for trajectory optimization.
[INFO] [1783861458.776965630, 221.778000000]: Footprint model 'polygon' loaded for trajectory optimization.
[INFO] [1783861459.426828302, 222.426000000]: Footprint model 'polygon' loaded for trajectory optimization.
[INFO] [1783861461.205985861, 224.202000000]: GOAL Reached!
[INFO] [1783861461.347660076, 224.344000000]: Footprint model 'polygon' loaded for trajectory optimization.
[INFO] [1783861462.247871031, 225.242000000]: Footprint model 'polygon' loaded for trajectory optimization.
[INFO] [1783861462.881390505, 225.876000000]: Footprint model 'polygon' loaded for trajectory optimization.
[INFO] [1783861463.481375131, 226.474000000]: Footprint model 'polygon' loaded for trajectory optimization.
[INFO] [1783861464.133565010, 227.128000000]: Footprint model 'polygon' loaded for trajectory optimization.
[INFO] [1783861465.461218869, 228.450000000]: GOAL Reached!
[INFO] [1783861465.603276339, 228.592000000]: Footprint model 'polygon' loaded for trajectory optimization.
[INFO] [1783861466.492372584, 229.480000000]: Footprint model 'polygon' loaded for trajectory optimization.
[INFO] [1783861467.188585017, 230.172000000]: Footprint model 'polygon' loaded for trajectory optimization.
[INFO] [1783861467.787158244, 230.772000000]: Footprint model 'polygon' loaded for trajectory optimization.
[INFO] [1783861468.385362545, 231.370000000]: Footprint model 'polygon' loaded for trajectory optimization.
[INFO] [1783861470.317369972, 233.298000000]: GOAL Reached!
[INFO] [1783861470.465880880, 233.446000000]: Footprint model 'polygon' loaded for trajectory optimization.
[INFO] [1783861471.361162770, 234.340000000]: Footprint model 'polygon' loaded for trajectory optimization.
[INFO] [1783861472.043797234, 235.020000000]: Footprint model 'polygon' loaded for trajectory optimization.
[INFO] [1783861472.648568994, 235.622000000]: Footprint model 'polygon' loaded for trajectory optimization.
[INFO] [1783861474.480288360, 237.454000000]: GOAL Reached!
[INFO] [1783861474.630829735, 237.604000000]: Footprint model 'polygon' loaded for trajectory optimization.
[INFO] [1783861475.507602571, 238.478000000]: Footprint model 'polygon' loaded for trajectory optimization.
[INFO] [1783861476.066745163, 239.034000000]: Footprint model 'polygon' loaded for trajectory optimization.
[INFO] [1783861476.709338416, 239.682000000]: Footprint model 'polygon' loaded for trajectory optimization.
[INFO] [1783861477.310054073, 240.278000000]: Footprint model 'polygon' loaded for trajectory optimization.
[INFO] [1783861478.743163187, 241.710000000]: GOAL Reached!
[INFO] [1783861478.874156933, 241.840000000]: Footprint model 'polygon' loaded for trajectory optimization.
[INFO] [1783861479.787051658, 242.750000000]: Footprint model 'polygon' loaded for trajectory optimization.
[INFO] [1783861480.455626685, 243.418000000]: Footprint model 'polygon' loaded for trajectory optimization.
[INFO] [1783861481.054923620, 244.016000000]: Footprint model 'polygon' loaded for trajectory optimization.
[INFO] [1783861482.889080571, 245.846000000]: GOAL Reached!
[INFO] [1783861483.043361748, 246.000000000]: Footprint model 'polygon' loaded for trajectory optimization.
[INFO] [1783861483.922074958, 246.878000000]: Footprint model 'polygon' loaded for trajectory optimization.
[INFO] [1783861484.565265894, 247.520000000]: Footprint model 'polygon' loaded for trajectory optimization.
[INFO] [1783861485.210865918, 248.164000000]: Footprint model 'polygon' loaded for trajectory optimization.
[INFO] [1783861486.945614114, 249.896000000]: GOAL Reached!
[INFO] [1783861487.091728538, 250.044000000]: Footprint model 'polygon' loaded for trajectory optimization.
[INFO] [1783861487.968966615, 250.920000000]: Footprint model 'polygon' loaded for trajectory optimization.
[INFO] [1783861488.604895459, 251.556000000]: Footprint model 'polygon' loaded for trajectory optimization.
[INFO] [1783861489.262179788, 252.210000000]: Footprint model 'polygon' loaded for trajectory optimization.
[INFO] [1783861491.091713666, 254.036000000]: GOAL Reached!
[INFO] [1783861491.239284666, 254.184000000]: Footprint model 'polygon' loaded for trajectory optimization.
[INFO] [1783861492.139677662, 255.082000000]: Footprint model 'polygon' loaded for trajectory optimization.
[INFO] [1783861492.832789903, 255.774000000]: Footprint model 'polygon' loaded for trajectory optimization.
[INFO] [1783861493.432711194, 256.372000000]: Footprint model 'polygon' loaded for trajectory optimization.
[INFO] [1783861493.978380410, 256.922000000]: Footprint model 'polygon' loaded for trajectory optimization.
[INFO] [1783861495.359061870, 258.300000000]: GOAL Reached!
[INFO] [1783861495.505197830, 258.444000000]: Footprint model 'polygon' loaded for trajectory optimization.
[INFO] [1783861496.384831545, 259.320000000]: Footprint model 'polygon' loaded for trajectory optimization.
[INFO] [1783861496.979991517, 259.916000000]: Footprint model 'polygon' loaded for trajectory optimization.
[INFO] [1783861497.676950158, 260.610000000]: Footprint model 'polygon' loaded for trajectory optimization.
[INFO] [1783861498.234663690, 261.168000000]: Footprint model 'polygon' loaded for trajectory optimization.
[INFO] [1783861499.712781994, 262.642000000]: GOAL Reached!
[INFO] [1783861499.857139372, 262.788000000]: Footprint model 'polygon' loaded for trajectory optimization.
[INFO] [1783861500.751553331, 263.680000000]: Footprint model 'polygon' loaded for trajectory optimization.
[INFO] [1783861501.444661243, 264.372000000]: Footprint model 'polygon' loaded for trajectory optimization.
[INFO] [1783861502.149191672, 265.074000000]: Footprint model 'polygon' loaded for trajectory optimization.
[INFO] [1783861503.878075589, 266.800000000]: GOAL Reached!
[INFO] [1783861504.031502348, 266.954000000]: Footprint model 'polygon' loaded for trajectory optimization.
[INFO] [1783861504.937992130, 267.858000000]: Footprint model 'polygon' loaded for trajectory optimization.
[INFO] [1783861505.578059875, 268.498000000]: Footprint model 'polygon' loaded for trajectory optimization.
[INFO] [1783861506.175249034, 269.094000000]: Footprint model 'polygon' loaded for trajectory optimization.
[INFO] [1783861508.057094152, 270.972000000]: GOAL Reached!
[INFO] [1783861508.210084366, 271.124000000]: Footprint model 'polygon' loaded for trajectory optimization.
[INFO] [1783861509.084004916, 271.998000000]: Footprint model 'polygon' loaded for trajectory optimization.
[INFO] [1783861509.785253563, 272.698000000]: Footprint model 'polygon' loaded for trajectory optimization.
[INFO] [1783861510.381257112, 273.292000000]: Footprint model 'polygon' loaded for trajectory optimization.
[INFO] [1783861512.308575420, 275.218000000]: GOAL Reached!
[INFO] [1783861512.449015352, 275.356000000]: Footprint model 'polygon' loaded for trajectory optimization.
[INFO] [1783861513.332556970, 276.238000000]: Footprint model 'polygon' loaded for trajectory optimization.
[INFO] [1783861513.933293989, 276.838000000]: Footprint model 'polygon' loaded for trajectory optimization.
[INFO] [1783861514.632047564, 277.536000000]: Footprint model 'polygon' loaded for trajectory optimization.
[INFO] [1783861516.462434924, 279.364000000]: GOAL Reached!
[INFO] [1783861516.604423612, 279.504000000]: Footprint model 'polygon' loaded for trajectory optimization.
[INFO] [1783861517.470890953, 280.370000000]: Footprint model 'polygon' loaded for trajectory optimization.
[INFO] [1783861518.071449979, 280.972000000]: Footprint model 'polygon' loaded for trajectory optimization.
[INFO] [1783861518.725302372, 281.622000000]: Footprint model 'polygon' loaded for trajectory optimization.
[INFO] [1783861520.607047336, 283.500000000]: GOAL Reached!
[INFO] [1783861520.751307309, 283.644000000]: Footprint model 'polygon' loaded for trajectory optimization.
[INFO] [1783861521.629816334, 284.520000000]: Footprint model 'polygon' loaded for trajectory optimization.
[INFO] [1783861522.334079969, 285.224000000]: Footprint model 'polygon' loaded for trajectory optimization.
[INFO] [1783861523.034452575, 285.922000000]: Footprint model 'polygon' loaded for trajectory optimization.
[INFO] [1783861524.760025308, 287.646000000]: GOAL Reached!
[INFO] [1783861524.906128110, 287.790000000]: Footprint model 'polygon' loaded for trajectory optimization.
[INFO] [1783861525.772958342, 288.658000000]: Footprint model 'polygon' loaded for trajectory optimization.
[INFO] [1783861526.472758187, 289.356000000]: Footprint model 'polygon' loaded for trajectory optimization.
[INFO] [1783861527.171904546, 290.054000000]: Footprint model 'polygon' loaded for trajectory optimization.
[INFO] [1783861527.723251941, 290.604000000]: Footprint model 'polygon' loaded for trajectory optimization.
[INFO] [1783861529.003271116, 291.882000000]: GOAL Reached!
[INFO] [1783861529.138976284, 292.016000000]: Footprint model 'polygon' loaded for trajectory optimization.
[INFO] [1783861530.003562890, 292.878000000]: Footprint model 'polygon' loaded for trajectory optimization.
[INFO] [1783861530.559811959, 293.434000000]: Footprint model 'polygon' loaded for trajectory optimization.
[INFO] [1783861531.152949631, 294.032000000]: Footprint model 'polygon' loaded for trajectory optimization.
[INFO] [1783861531.757085769, 294.632000000]: Footprint model 'polygon' loaded for trajectory optimization.
[INFO] [1783861533.238623706, 296.110000000]: GOAL Reached!
[INFO] [1783861533.380200152, 296.252000000]: Footprint model 'polygon' loaded for trajectory optimization.
[INFO] [1783861534.265543354, 297.138000000]: Footprint model 'polygon' loaded for trajectory optimization.
[INFO] [1783861534.864984191, 297.736000000]: Footprint model 'polygon' loaded for trajectory optimization.
[INFO] [1783861535.563289028, 298.432000000]: Footprint model 'polygon' loaded for trajectory optimization.
[INFO] [1783861537.395720040, 300.260000000]: GOAL Reached!
[INFO] [1783861537.537049677, 300.402000000]: Footprint model 'polygon' loaded for trajectory optimization.
[INFO] [1783861538.416779387, 301.278000000]: Footprint model 'polygon' loaded for trajectory optimization.
[INFO] [1783861539.110764528, 301.972000000]: Footprint model 'polygon' loaded for trajectory optimization.
[INFO] [1783861539.762514473, 302.622000000]: Footprint model 'polygon' loaded for trajectory optimization.
[INFO] [1783861541.541226030, 304.398000000]: GOAL Reached!
[INFO] [1783861541.680368758, 304.538000000]: Footprint model 'polygon' loaded for trajectory optimization.
[INFO] [1783861542.555570610, 305.412000000]: Footprint model 'polygon' loaded for trajectory optimization.
[INFO] [1783861543.117859824, 305.972000000]: Footprint model 'polygon' loaded for trajectory optimization.
[INFO] [1783861543.767128395, 306.622000000]: Footprint model 'polygon' loaded for trajectory optimization.
[INFO] [1783861544.317590316, 307.170000000]: Footprint model 'polygon' loaded for trajectory optimization.
[INFO] [1783861544.918381732, 307.770000000]: Footprint model 'polygon' loaded for trajectory optimization.
[INFO] [1783861545.566276246, 308.416000000]: Footprint model 'polygon' loaded for trajectory optimization.
[INFO] [1783861547.000060767, 309.848000000]: GOAL Reached!
[INFO] [1783861547.152175780, 309.998000000]: Footprint model 'polygon' loaded for trajectory optimization.
[INFO] [1783861548.035947658, 310.882000000]: Footprint model 'polygon' loaded for trajectory optimization.
[INFO] [1783861548.674918452, 311.518000000]: Footprint model 'polygon' loaded for trajectory optimization.
[INFO] [1783861549.276028054, 312.118000000]: Footprint model 'polygon' loaded for trajectory optimization.
[INFO] [1783861549.927562282, 312.768000000]: Footprint model 'polygon' loaded for trajectory optimization.
[INFO] [1783861551.256789510, 314.096000000]: GOAL Reached!
[INFO] [1783861551.403620936, 314.244000000]: Footprint model 'polygon' loaded for trajectory optimization.
[INFO] [1783861552.281700720, 315.120000000]: Footprint model 'polygon' loaded for trajectory optimization.
[INFO] [1783861552.984027171, 315.820000000]: Footprint model 'polygon' loaded for trajectory optimization.
[INFO] [1783861553.582930690, 316.418000000]: Footprint model 'polygon' loaded for trajectory optimization.
[INFO] [1783861555.415482683, 318.246000000]: GOAL Reached!
[INFO] [1783861555.559099249, 318.390000000]: Footprint model 'polygon' loaded for trajectory optimization.
[INFO] [1783861556.453022996, 319.282000000]: Footprint model 'polygon' loaded for trajectory optimization.
[INFO] [1783861557.098887080, 319.928000000]: Footprint model 'polygon' loaded for trajectory optimization.
[INFO] [1783861557.744215155, 320.574000000]: Footprint model 'polygon' loaded for trajectory optimization.
[INFO] [1783861559.573943054, 322.398000000]: GOAL Reached!
[INFO] [1783861559.730684486, 322.554000000]: Footprint model 'polygon' loaded for trajectory optimization.
[INFO] [1783861560.591543469, 323.414000000]: Footprint model 'polygon' loaded for trajectory optimization.
[INFO] [1783861561.152466435, 323.972000000]: Footprint model 'polygon' loaded for trajectory optimization.
[INFO] [1783861561.751888935, 324.572000000]: Footprint model 'polygon' loaded for trajectory optimization.
[INFO] [1783861562.349356968, 325.170000000]: Footprint model 'polygon' loaded for trajectory optimization.
[INFO] [1783861563.930822911, 326.748000000]: GOAL Reached!
[INFO] [1783861564.090902168, 326.908000000]: Footprint model 'polygon' loaded for trajectory optimization.
[INFO] [1783861564.967061159, 327.782000000]: Footprint model 'polygon' loaded for trajectory optimization.
[INFO] [1783861565.614291572, 328.428000000]: Footprint model 'polygon' loaded for trajectory optimization.
[INFO] [1783861566.265455904, 329.078000000]: Footprint model 'polygon' loaded for trajectory optimization.
[INFO] [1783861566.816208686, 329.628000000]: Footprint model 'polygon' loaded for trajectory optimization.
[INFO] [1783861568.196955358, 331.006000000]: GOAL Reached!
[INFO] [1783861568.329547640, 331.138000000]: Footprint model 'polygon' loaded for trajectory optimization.
[INFO] [1783861569.210617066, 332.018000000]: Footprint model 'polygon' loaded for trajectory optimization.
[INFO] [1783861569.850265521, 332.656000000]: Footprint model 'polygon' loaded for trajectory optimization.
[INFO] [1783861570.452049540, 333.256000000]: Footprint model 'polygon' loaded for trajectory optimization.
[INFO] [1783861572.331339048, 335.136000000]: GOAL Reached!
[INFO] [1783861572.466363771, 335.272000000]: Footprint model 'polygon' loaded for trajectory optimization.
[INFO] [1783861573.336316166, 336.138000000]: Footprint model 'polygon' loaded for trajectory optimization.
[INFO] [1783861573.940185150, 336.738000000]: Footprint model 'polygon' loaded for trajectory optimization.
[INFO] [1783861574.640542960, 337.440000000]: Footprint model 'polygon' loaded for trajectory optimization.
[INFO] [1783861576.371947459, 339.170000000]: GOAL Reached!
[INFO] [1783861576.507184965, 339.304000000]: Footprint model 'polygon' loaded for trajectory optimization.
[INFO] [1783861577.403873348, 340.196000000]: Footprint model 'polygon' loaded for trajectory optimization.
[INFO] [1783861578.043206306, 340.836000000]: Footprint model 'polygon' loaded for trajectory optimization.
[INFO] [1783861578.691413833, 341.486000000]: Footprint model 'polygon' loaded for trajectory optimization.
[INFO] [1783861580.621209505, 343.412000000]: GOAL Reached!
[INFO] [1783861580.771293286, 343.560000000]: Footprint model 'polygon' loaded for trajectory optimization.
[INFO] [1783861581.653606410, 344.444000000]: Footprint model 'polygon' loaded for trajectory optimization.
[INFO] [1783861582.293715388, 345.080000000]: Footprint model 'polygon' loaded for trajectory optimization.
[INFO] [1783861582.945037159, 345.732000000]: Footprint model 'polygon' loaded for trajectory optimization.
[INFO] [1783861584.677213288, 347.462000000]: GOAL Reached!
[INFO] [1783861584.820536035, 347.604000000]: Footprint model 'polygon' loaded for trajectory optimization.
[INFO] [1783861585.696548249, 348.476000000]: Footprint model 'polygon' loaded for trajectory optimization.
[INFO] [1783861586.244771175, 349.024000000]: Footprint model 'polygon' loaded for trajectory optimization.
[INFO] [1783861586.895736927, 349.676000000]: Footprint model 'polygon' loaded for trajectory optimization.
[INFO] [1783861587.491744919, 350.270000000]: Footprint model 'polygon' loaded for trajectory optimization.
[INFO] [1783861588.824651290, 351.602000000]: GOAL Reached!
[INFO] [1783861588.963137683, 351.740000000]: Footprint model 'polygon' loaded for trajectory optimization.
[INFO] [1783861589.810747088, 352.588000000]: Footprint model 'polygon' loaded for trajectory optimization.
[INFO] [1783861590.410659846, 353.188000000]: Footprint model 'polygon' loaded for trajectory optimization.
[INFO] [1783861591.013679272, 353.790000000]: Footprint model 'polygon' loaded for trajectory optimization.
[INFO] [1783861591.561376433, 354.338000000]: Footprint model 'polygon' loaded for trajectory optimization.
[INFO] [1783861592.955112422, 355.728000000]: GOAL Reached!
[INFO] [1783861593.101408641, 355.874000000]: Footprint model 'polygon' loaded for trajectory optimization.
[INFO] [1783861593.986122804, 356.758000000]: Footprint model 'polygon' loaded for trajectory optimization.
[INFO] [1783861594.675221580, 357.444000000]: Footprint model 'polygon' loaded for trajectory optimization.
[INFO] [1783861595.315257582, 358.084000000]: Footprint model 'polygon' loaded for trajectory optimization.
[INFO] [1783861597.203003304, 359.968000000]: GOAL Reached!
[INFO] [1783861597.337667754, 360.104000000]: Footprint model 'polygon' loaded for trajectory optimization.
[INFO] [1783861598.184186075, 360.950000000]: Footprint model 'polygon' loaded for trajectory optimization.
[INFO] [1783861598.786098250, 361.550000000]: Footprint model 'polygon' loaded for trajectory optimization.
[INFO] [1783861599.342143045, 362.106000000]: Footprint model 'polygon' loaded for trajectory optimization.
[INFO] [1783861599.982395572, 362.744000000]: Footprint model 'polygon' loaded for trajectory optimization.
[INFO] [1783861601.423232624, 364.184000000]: GOAL Reached!
[INFO] [1783861601.547217266, 364.308000000]: Footprint model 'polygon' loaded for trajectory optimization.
[INFO] [1783861602.433672042, 365.192000000]: Footprint model 'polygon' loaded for trajectory optimization.
[INFO] [1783861603.057376468, 365.816000000]: Footprint model 'polygon' loaded for trajectory optimization.
[INFO] [1783861603.653284429, 366.410000000]: Footprint model 'polygon' loaded for trajectory optimization.
[INFO] [1783861605.534146155, 368.288000000]: GOAL Reached!
[INFO] [1783861605.666770627, 368.420000000]: Footprint model 'polygon' loaded for trajectory optimization.
[INFO] [1783861606.523962548, 369.276000000]: Footprint model 'polygon' loaded for trajectory optimization.
[INFO] [1783861607.128645790, 369.880000000]: Footprint model 'polygon' loaded for trajectory optimization.
[INFO] [1783861607.725988613, 370.476000000]: Footprint model 'polygon' loaded for trajectory optimization.
[INFO] [1783861609.759167053, 372.506000000]: GOAL Reached!
[INFO] [1783861609.903574171, 372.650000000]: Footprint model 'polygon' loaded for trajectory optimization.
[INFO] [1783861610.795274338, 373.540000000]: Footprint model 'polygon' loaded for trajectory optimization.
[INFO] [1783861611.485649629, 374.230000000]: Footprint model 'polygon' loaded for trajectory optimization.
[INFO] [1783861612.138920585, 374.882000000]: Footprint model 'polygon' loaded for trajectory optimization.
[INFO] [1783861614.017879296, 376.756000000]: GOAL Reached!
[INFO] [1783861614.159370725, 376.898000000]: Footprint model 'polygon' loaded for trajectory optimization.
[INFO] [1783861615.041009435, 377.778000000]: Footprint model 'polygon' loaded for trajectory optimization.
[INFO] [1783861615.640324868, 378.378000000]: Footprint model 'polygon' loaded for trajectory optimization.
[INFO] [1783861616.331254249, 379.068000000]: Footprint model 'polygon' loaded for trajectory optimization.
[INFO] [1783861618.066374522, 380.802000000]: GOAL Reached!
[INFO] [1783861618.202443403, 380.938000000]: Footprint model 'polygon' loaded for trajectory optimization.
[INFO] [1783861619.066758265, 381.796000000]: Footprint model 'polygon' loaded for trajectory optimization.
[INFO] [1783861619.713061093, 382.446000000]: Footprint model 'polygon' loaded for trajectory optimization.
[INFO] [1783861620.298879757, 383.032000000]: Footprint model 'polygon' loaded for trajectory optimization.
[INFO] [1783861622.186727348, 384.918000000]: GOAL Reached!
[INFO] [1783861622.297055546, 385.028000000]: Footprint model 'polygon' loaded for trajectory optimization.
[INFO] [1783861623.177047654, 385.904000000]: Footprint model 'polygon' loaded for trajectory optimization.
[INFO] [1783861623.815905572, 386.540000000]: Footprint model 'polygon' loaded for trajectory optimization.
[INFO] [1783861624.464152632, 387.188000000]: Footprint model 'polygon' loaded for trajectory optimization.
[INFO] [1783861626.397861908, 389.116000000]: GOAL Reached!
[INFO] [1783861626.554626029, 389.274000000]: Footprint model 'polygon' loaded for trajectory optimization.
[INFO] [1783861627.439765643, 390.158000000]: Footprint model 'polygon' loaded for trajectory optimization.
[INFO] [1783861627.987666545, 390.704000000]: Footprint model 'polygon' loaded for trajectory optimization.
[INFO] [1783861628.638941285, 391.356000000]: Footprint model 'polygon' loaded for trajectory optimization.
[INFO] [1783861629.236589991, 391.952000000]: Footprint model 'polygon' loaded for trajectory optimization.
[INFO] [1783861630.669460705, 393.382000000]: GOAL Reached!
[INFO] [1783861630.799351964, 393.512000000]: Footprint model 'polygon' loaded for trajectory optimization.
[INFO] [1783861631.683701038, 394.396000000]: Footprint model 'polygon' loaded for trajectory optimization.
[INFO] [1783861632.264344968, 394.976000000]: Footprint model 'polygon' loaded for trajectory optimization.
[INFO] [1783861632.877045217, 395.586000000]: Footprint model 'polygon' loaded for trajectory optimization.
[INFO] [1783861633.427758760, 396.136000000]: Footprint model 'polygon' loaded for trajectory optimization.
[INFO] [1783861634.807992982, 397.514000000]: GOAL Reached!
[INFO] [1783861634.942791551, 397.648000000]: Footprint model 'polygon' loaded for trajectory optimization.
[INFO] [1783861635.813860405, 398.518000000]: Footprint model 'polygon' loaded for trajectory optimization.
[INFO] [1783861636.368566111, 399.074000000]: Footprint model 'polygon' loaded for trajectory optimization.
[INFO] [1783861636.968917194, 399.674000000]: Footprint model 'polygon' loaded for trajectory optimization.
[INFO] [1783861637.606005442, 400.308000000]: Footprint model 'polygon' loaded for trajectory optimization.
[INFO] [1783861639.449463090, 402.148000000]: GOAL Reached!
[INFO] [1783861639.588723827, 402.286000000]: Footprint model 'polygon' loaded for trajectory optimization.
[INFO] [1783861640.462969179, 403.162000000]: Footprint model 'polygon' loaded for trajectory optimization.
[INFO] [1783861641.065634644, 403.762000000]: Footprint model 'polygon' loaded for trajectory optimization.
[INFO] [1783861641.659178711, 404.356000000]: Footprint model 'polygon' loaded for trajectory optimization.
[INFO] [1783861643.592756257, 406.286000000]: GOAL Reached!
[INFO] [1783861643.738510038, 406.430000000]: Footprint model 'polygon' loaded for trajectory opt[INFO] [1783861235.758959334]: Finished loading Gazebo ROS API Plugin.
[INFO] [1783861235.760126678]: waitForService: Service [/gazebo/set_physics_properties] has not been advertised, waiting...
[INFO] [1783861236.315028054, 0.006000000]: waitForService: Service [/gazebo/set_physics_properties] is now available.
[INFO] [1783861236.346255080, 0.036000000]: Physics dynamic reconfigure ready.
[INFO] [1783861236.752859071, 0.378000000]: <initialOrientationAsReference> is unset, using default value of false to comply with REP 145 (world as orientation reference)
[INFO] [1783861236.752895389, 0.378000000]: <robotNamespace> set to: //
[INFO] [1783861236.752903654, 0.378000000]: <topicName> set to: imu/data
[INFO] [1783861236.752908697, 0.378000000]: <frameName> set to: imu_link
[INFO] [1783861236.752926676, 0.378000000]: <updateRateHZ> set to: 50
[INFO] [1783861236.752933914, 0.378000000]: <gaussianNoise> set to: 0
[INFO] [1783861236.752950668, 0.378000000]: <xyzOffset> set to: 0 0 0
[INFO] [1783861236.752965003, 0.378000000]: <rpyOffset> set to: 0 -0 0
[INFO] [1783861236.867737610, 0.378000000]: Laser Plugin: Using the 'robotNamespace' param: '/'
[INFO] [1783861236.867758950, 0.378000000]: Starting Laser Plugin (ns = /)
[INFO] [1783861236.868516476, 0.378000000]: Laser Plugin (ns = /)  <tf_prefix_>, set to ""
[INFO] [1783861236.983164806, 0.378000000]: M2 simulation-only Ackermann interface loaded; cmd_angle_instead_rotvel=false
Exception sending a multicast message:Network is unreachable
Exception sending a multicast message:Network is unreachable
Exception sending a multicast message:Network is unreachable
Exception sending a multicast message:Network is unreachable
Exception sending a multicast message:Network is unreachable
Exception sending a multicast message:Network is unreachable
Exception sending a multicast message:Network is unreachable
Exception sending a multicast message:Network is unreachable
Exception sending a multicast message:Network is unreachable
Exception sending a multicast message:Network is unreachable
Exception sending a multicast message:Network is unreachable
Exception sending a multicast message:Network is unreachable
Exception sending a multicast message:Network is unreachable
Exception sending a multicast message:Network is unreachable
Exception sending a multicast message:Network is unreachable
Exception sending a multicast message:Network is unreachable
Exception sending a multicast message:Network is unreachable
Exception sending a multicast message:Network is unreachable
Exception sending a multicast message:Network is unreachable
Exception sending a multicast message:Network is unreachable
Exception sending a multicast message:Network is unreachable
Exception sending a multicast message:Network is unreachable
Exception sending a multicast message:Network is unreachable
Exception sending a multicast message:Network is unreachable
Exception sending a multicast message:Network is unreachable
Exception sending a multicast message:Network is unreachable
Exception sending a multicast message:Network is unreachable
Exception sending a multicast message:Network is unreachable
Exception sending a multicast message:Network is unreachable
Exception sending a multicast message:Network is unreachable
Exception sending a multicast message:Network is unreachable
Exception sending a multicast message:Network is unreachable
Exception sending a multicast message:Network is unreachable
Exception sending a multicast message:Network is unreachable
Exception sending a multicast message:Network is unreachable
Exception sending a multicast message:Network is unreachable
Exception sending a multicast message:Network is unreachable
Exception sending a multicast message:Network is unreachable
Exception sending a multicast message:Network is unreachable
Exception sending a multicast message:Network is unreachable
Exception sending a multicast message:Network is unreachable
Exception sending a multicast message:Network is unreachable
Exception sending a multicast message:Network is unreachable
Exception sending a multicast message:Network is unreachable
Exception sending a multicast message:Network is unreachable
Exception sending a multicast message:Network is unreachable
Exception sending a multicast message:Network is unreachable
Exception sending a multicast message:Network is unreachable
Exception sending a multicast message:Network is unreachable
Exception sending a multicast message:Network is unreachable
Exception sending a multicast message:Network is unreachable
Exception sending a multicast message:Network is unreachable
Exception sending a multicast message:Network is unreachable
Exception sending a multicast message:Network is unreachable
Exception sending a multicast message:Network is unreachable
Exception sending a multicast message:Network is unreachable
Exception sending a multicast message:Network is unreachable
Exception sending a multicast message:Network is unreachable
Exception sending a multicast message:Network is unreachable
Exception sending a multicast message:Network is unreachable
Exception sending a multicast message:Network is unreachable
Exception sending a multicast message:Network is unreachable
Exception sending a multicast message:Network is unreachable
Exception sending a multicast message:Network is unreachable
Exception sending a multicast message:Network is unreachable
Exception sending a multicast message:Network is unreachable
Exception sending a multicast message:Network is unreachable
Exception sending a multicast message:Network is unreachable
Exception sending a multicast message:Network is unreachable
Exception sending a multicast message:Network is unreachable
Exception sending a multicast message:Network is unreachable
Exception sending a multicast message:Network is unreachable
Exception sending a multicast message:Network is unreachable
Exception sending a multicast message:Network is unreachable
Exception sending a multicast message:Network is unreachable
Exception sending a multicast message:Network is unreachable
Exception sending a multicast message:Network is unreachable
Exception sending a multicast message:Network is unreachable
Exception sending a multicast message:Network is unreachable
Exception sending a multicast message:Network is unreachable
Exception sending a multicast message:Network is unreachable
Exception sending a multicast message:Network is unreachable
Exception sending a multicast message:Network is unreachable
Exception sending a multicast message:Network is unreachable
Exception sending a multicast message:Network is unreachable
Exception sending a multicast message:Network is unreachable
Exception sending a multicast message:Network is unreachable
Exception sending a multicast message:Network is unreachable
Exception sending a multicast message:Network is unreachable
Exception sending a multicast message:Network is unreachable
Exception sending a multicast message:Network is unreachable
Exception sending a multicast message:Network is unreachable
Exception sending a multicast message:Network is unreachable
Exception sending a multicast message:Network is unreachable
Exception sending a multicast message:Network is unreachable
Exception sending a multicast message:Network is unreachable
Exception sending a multicast message:Network is unreachable
Exception sending a multicast message:Network is unreachable
Exception sending a multicast message:Network is unreachable
Exception sending a multicast message:Network is unreachable
Exception sending a multicast message:Network is unreachable
Exception sending a multicast message:Network is unreachable
Exception sending a multicast message:Network is unreachable
Exception sending a multicast message:Network is unreachable
Exception sending a multicast message:Network is unreachable
Exception sending a multicast message:Network is unreachable
Exception sending a multicast message:Network is unreachable
Exception sending a multicast message:Network is unreachable
Exception sending a multicast message:Network is unreachable
Exception sending a multicast message:Network is unreachable
Exception sending a multicast message:Network is unreachable
Exception sending a multicast message:Network is unreachable
Exception sending a multicast message:Network is unreachable
Exception sending a multicast message:Network is unreachable
Exception sending a multicast message:Network is unreachable
Exception sending a multicast message:Network is unreachable
Exception sending a multicast message:Network is unreachable
Exception sending a multicast message:Network is unreachable
Exception sending a multicast message:Network is unreachable
Exception sending a multicast message:Network is unreachable
Exception sending a multicast message:Network is unreachable
Exception sending a multicast message:Network is unreachable
Exception sending a multicast message:Network is unreachable
Exception sending a multicast message:Network is unreachable
Exception sending a multicast message:Network is unreachable
Exception sending a multicast message:Network is unreachable
Exception sending a multicast message:Network is unreachable
Exception sending a multicast message:Network is unreachable
Exception sending a multicast message:Network is unreachable
Exception sending a multicast message:Network is unreachable
Exception sending a multicast message:Network is unreachable
Exception sending a multicast message:Network is unreachable
Exception sending a multicast message:Network is unreachable
Exception sending a multicast message:Network is unreachable
Exception sending a multicast message:Network is unreachable
Exception sending a multicast message:Network is unreachable
Exception sending a multicast message:Network is unreachable
Exception sending a multicast message:Network is unreachable
Exception sending a multicast message:Network is unreachable
Exception sending a multicast message:Network is unreachable
Exception sending a multicast message:Network is unreachable
Exception sending a multicast message:Network is unreachable
Exception sending a multicast message:Network is unreachable
Exception sending a multicast message:Network is unreachable
Exception sending a multicast message:Network is unreachable
Exception sending a multicast message:Network is unreachable
Exception sending a multicast message:Network is unreachable
Exception sending a multicast message:Network is unreachable
Exception sending a multicast message:Network is unreachable
Exception sending a multicast message:Network is unreachable
Exception sending a multicast message:Network is unreachable
Exception sending a multicast message:Network is unreachable
Exception sending a multicast message:Network is unreachable
Exception sending a multicast message:Network is unreachable
Exception sending a multicast message:Network is unreachable
Exception sending a multicast message:Network is unreachable
Exception sending a multicast message:Network is unreachable
Exception sending a multicast message:Network is unreachable
Exception sending a multicast message:Network is unreachable
Exception sending a multicast message:Network is unreachable
Exception sending a multicast message:Network is unreachable
Exception sending a multicast message:Network is unreachable
Exception sending a multicast message:Network is unreachable
Exception sending a multicast message:Network is unreachable
Exception sending a multicast message:Network is unreachable
Exception sending a multicast message:Network is unreachable
Exception sending a multicast message:Network is unreachable
Exception sending a multicast message:Network is unreachable
imization.
[INFO] [1783861644.625916988, 407.318000000]: Footprint model 'polygon' loaded for trajectory optimization.
[INFO] [1783861645.266213708, 407.958000000]: Footprint model 'polygon' loaded for trajectory optimization.
[INFO] [1783861645.914647087, 408.602000000]: Footprint model 'polygon' loaded for trajectory optimization.
[INFO] [1783861646.518010655, 409.206000000]: Footprint model 'polygon' loaded for trajectory optimization.
[INFO] [1783861647.849142905, 410.534000000]: GOAL Reached!
[INFO] [1783861647.988680882, 410.672000000]: Footprint model 'polygon' loaded for trajectory optimization.
[INFO] [1783861648.876473428, 411.558000000]: Footprint model 'polygon' loaded for trajectory optimization.
[INFO] [1783861649.471414180, 412.154000000]: Footprint model 'polygon' loaded for trajectory optimization.
[INFO] [1783861650.072084595, 412.754000000]: Footprint model 'polygon' loaded for trajectory optimization.
[INFO] [1783861651.905676230, 414.584000000]: GOAL Reached!
[INFO] [1783861652.040220270, 414.720000000]: Footprint model 'polygon' loaded for trajectory optimization.
[INFO] [1783861652.926248143, 415.602000000]: Footprint model 'polygon' loaded for trajectory optimization.
[INFO] [1783861653.610892591, 416.290000000]: Footprint model 'polygon' loaded for trajectory optimization.
[INFO] [1783861654.266750307, 416.942000000]: Footprint model 'polygon' loaded for trajectory optimization.
[INFO] [1783861656.145574445, 418.818000000]: GOAL Reached!
[INFO] [1783861656.288404013, 418.960000000]: Footprint model 'polygon' loaded for trajectory optimization.
[INFO] [1783861657.166441894, 419.836000000]: Footprint model 'polygon' loaded for trajectory optimization.
[INFO] [1783861657.864139575, 420.536000000]: Footprint model 'polygon' loaded for trajectory optimization.
[INFO] [1783861658.505924097, 421.176000000]: Footprint model 'polygon' loaded for trajectory optimization.
[INFO] [1783861660.387748563, 423.054000000]: GOAL Reached!
[INFO] [1783861660.521277241, 423.188000000]: Footprint model 'polygon' loaded for trajectory optimization.
[INFO] [1783861661.388239409, 424.054000000]: Footprint model 'polygon' loaded for trajectory optimization.
[INFO] [1783861662.042739529, 424.706000000]: Footprint model 'polygon' loaded for trajectory optimization.
[INFO] [1783861662.641885733, 425.306000000]: Footprint model 'polygon' loaded for trajectory optimization.
[INFO] [1783861664.521677051, 427.182000000]: GOAL Reached!
[INFO] [1783861664.675950473, 427.334000000]: Footprint model 'polygon' loaded for trajectory optimization.
[INFO] [1783861665.530855804, 428.190000000]: Footprint model 'polygon' loaded for trajectory optimization.
[INFO] [1783861666.088247064, 428.746000000]: Footprint model 'polygon' loaded for trajectory optimization.
[INFO] [1783861666.688569558, 429.344000000]: Footprint model 'polygon' loaded for trajectory optimization.
[INFO] [1783861667.340384999, 429.996000000]: Footprint model 'polygon' loaded for trajectory optimization.
[INFO] [1783861668.769561335, 431.424000000]: GOAL Reached!
[INFO] [1783861668.901861830, 431.556000000]: Footprint model 'polygon' loaded for trajectory optimization.
[INFO] [1783861669.768940198, 432.420000000]: Footprint model 'polygon' loaded for trajectory optimization.
[INFO] [1783861670.325172450, 432.976000000]: Footprint model 'polygon' loaded for trajectory optimization.
[INFO] [1783861670.916129774, 433.566000000]: Footprint model 'polygon' loaded for trajectory optimization.
[INFO] [1783861671.523044990, 434.174000000]: Footprint model 'polygon' loaded for trajectory optimization.
[INFO] [1783861673.004821095, 435.652000000]: GOAL Reached!
[INFO] [1783861673.144065437, 435.790000000]: Footprint model 'polygon' loaded for trajectory optimization.
[INFO] [1783861674.033061529, 436.682000000]: Footprint model 'polygon' loaded for trajectory optimization.
[INFO] [1783861674.720807568, 437.366000000]: Footprint model 'polygon' loaded for trajectory optimization.
[INFO] [1783861675.260708486, 437.904000000]: Footprint model 'polygon' loaded for trajectory optimizException sending a multicast message:Network is unreachable
Exception sending a multicast message:Network is unreachable
Exception sending a multicast message:Network is unreachable
Exception sending a multicast message:Network is unreachable
Exception sending a multicast message:Network is unreachable
Exception sending a multicast message:Network is unreachable
Exception sending a multicast message:Network is unreachable
Exception sending a multicast message:Network is unreachable
Exception sending a multicast message:Network is unreachable
Exception sending a multicast message:Network is unreachable
Exception sending a multicast message:Network is unreachable
Exception sending a multicast message:Network is unreachable
Exception sending a multicast message:Network is unreachable
Exception sending a multicast message:Network is unreachable
Exception sending a multicast message:Network is unreachable
Exception sending a multicast message:Network is unreachable
ation.
[INFO] [1783861677.148912808, 439.792000000]: GOAL Reached!
[INFO] [1783861677.262068713, 439.904000000]: Footprint model 'polygon' loaded for trajectory optimization.
[INFO] [1783861678.118121717, 440.758000000]: Footprint model 'polygon' loaded for trajectory optimization.
[INFO] [1783861678.665137385, 441.306000000]: Footprint model 'polygon' loaded for trajectory optimization.
[INFO] [1783861679.268049070, 441.908000000]: Footprint model 'polygon' loaded for trajectory optimization.
[INFO] [1783861681.251909035, 443.888000000]: GOAL Reached!
[INFO] [1783861681.402636863, 444.040000000]: Footprint model 'polygon' loaded for trajectory optimization.
[INFO] [1783861682.282732950, 444.920000000]: Footprint model 'polygon' loaded for trajectory optimization.
[INFO] [1783861682.915383450, 445.550000000]: Footprint model 'polygon' loaded for trajectory optimization.
[INFO] [1783861683.524885541, 446.156000000]: Footprint model 'polygon' loaded for trajectory optimization.
[INFO] [1783861685.502513183, 448.132000000]: GOAL Reached!
[INFO] [1783861685.631586334, 448.260000000]: Footprint model 'polygon' loaded for trajectory optimization.
[INFO] [1783861686.511495659, 449.138000000]: Footprint model 'polygon' loaded for trajectory optimization.
[INFO] [1783861687.061919433, 449.688000000]: Footprint model 'polygon' loaded for trajectory optimization.
[INFO] [1783861687.659364168, 450.282000000]: Footprint model 'polygon' loaded for trajectory optimization.
[INFO] [1783861688.301588449, 450.926000000]: Footprint model 'polygon' loaded for trajectory optimization.
[INFO] [1783861689.741429277, 452.362000000]: GOAL Reached!
[INFO] [1783861689.870803103, 452.490000000]: Footprint model 'polygon' loaded for trajectory optimization.
[INFO] [1783861690.737700976, 453.356000000]: Footprint model 'polygon' loaded for trajectory optimization.
[INFO] [1783861691.302134689, 453.918000000]: Footprint model 'polygon' loaded for trajectory optimization.
[INFO] [1783861691.944024049, 454.562000000]: Footprint model 'polygon' loaded for trajectory optimization.
[INFO] [1783861693.872961171, 456.488000000]: GOAL Reached!
[INFO] [1783861694.013990373, 456.628000000]: Footprint model 'polygon' loaded for trajectory optimization.
[INFO] [1783861694.901673241, 457.514000000]: Footprint model 'polygon' loaded for trajectory optimization.
[INFO] [1783861695.594515568, 458.204000000]: Footprint model 'polygon' loaded for trajectory optimization.
[INFO] [1783861696.203795939, 458.814000000]: Footprint model 'polygon' loaded for trajectory optimization.
[INFO] [1783861696.743825658, 459.354000000]: Footprint model 'polygon' loaded for trajectory optimization.
[INFO] [1783861698.033219652, 460.642000000]: GOAL Reached!
[INFO] [1783861698.164441800, 460.772000000]: Footprint model 'polygon' loaded for trajectory optimization.
[INFO] [1783861699.052647391, 461.658000000]: Footprint model 'polygon' loaded for trajectory optimization.
[INFO] [1783861699.744564357, 462.352000000]: Footprint model 'polygon' loaded for trajectory optimization.
[INFO] [1783861700.340316731, 462.944000000]: Footprint model 'polygon' loaded for trajectory optimization.
[INFO] [1783861702.072002903, 464.676000000]: GOAL Reached!
[INFO] [1783861702.223449185, 464.826000000]: Footprint model 'polygon' loaded for trajectory optimization.
[INFO] [1783861703.095450647, 465.698000000]: Footprint model 'polygon' loaded for trajectory optimization.
[INFO] [1783861703.753293276, 466.356000000]: Footprint model 'polygon' loaded for trajectory optimization.
[INFO] [1783861704.401531299, 467.000000000]: Footprint model 'polygon' loaded for trajectory optimization.
[INFO] [1783861704.953051652, 467.552000000]: Footprint model 'polygon' loaded for trajectory optimization.
[INFO] [1783861706.336099217, 468.930000000]: GOAL Reached!
[INFO] [1783861706.470642340, 469.064000000]: Footprint model 'polygon' loaded for trajectory optimization.
[INFO] [1783861707.347241569, 469.942000000]: Footprint model 'polygon' loaded for trajectory optimization.
[INFO] [1783861707.946929609, 470.542000000]: Footprint model 'polygon' loaded for trajectory optimization.
[INFO] [1783861708.645223110, 471.236000000]: Footprint model 'polygon' loaded for trajectory optimization.
[INFO] [1783861709.237328391, 471.832000000]: Footprint model 'polygon' loaded for trajectory optimization.
[INFO] [1783861710.673831317, 473.264000000]: GOAL Reached!
[INFO] [1783861710.802067652, 473.392000000]: Footprint model 'polygon' loaded for trajectory optimization.
[INFO] [1783861711.688580972, 474.274000000]: Footprint model 'polygon' loaded for trajectory optimization.
[INFO] [1783861712.341574980, 474.926000000]: Footprint model 'polygon' loaded for trajectory optimization.
[INFO] [1783861712.984658842, 475.572000000]: Footprint model 'polygon' loaded for trajectory optimization.
[INFO] [1783861713.540472843, 476.122000000]: Footprint model 'polygon' loaded for trajectory optimization.
[INFO] [1783861714.918548096, 477.502000000]: GOAL Reached!
[INFO] [1783861715.060978861, 477.642000000]: Footprint model 'polygon' loaded for trajectory optimization.
[INFO] [1783861715.955653366, 478.538000000]: Footprint model 'polygon' loaded for trajectory optimization.
[INFO] [1783861716.598778622, 479.178000000]: Footprint model 'polygon' loaded for trajectory optimization.
[INFO] [1783861717.243549934, 479.820000000]: Footprint model 'polygon' loaded for trajectory optimization.
[INFO] [1783861719.176229253, 481.752000000]: GOAL Reached!
[INFO] [1783861719.314180977, 481.890000000]: Footprint model 'polygon' loaded for trajectory optimization.
[INFO] [1783861720.185951790, 482.758000000]: Footprint model 'polygon' loaded for trajectory optimization.
[INFO] [1783861720.744779987, 483.318000000]: Footprint model 'polygon' loaded for trajectory optimization.
[INFO] [1783861721.338782788, 483.912000000]: Footprint model 'polygon' loaded for trajectory optimization.
[INFO] [1783861721.992693797, 484.562000000]: Footprint model 'polygon' loaded for trajectory optimization.
[INFO] [1783861723.423557700, 485.992000000]: GOAL Reached!
[INFO] [1783861723.570793062, 486.138000000]: Footprint model 'polygon' loaded for trajectory optimization.
[INFO] [1783861724.449798468, 487.016000000]: Footprint model 'polygon' loaded for trajectory optimization.
[INFO] [1783861725.032949047, 487.600000000]: Footprint model 'polygon' loaded for trajectory optimization.
[INFO] [1783861725.642151857, 488.210000000]: Footprint model 'polygon' loaded for trajectory optimization.
[INFO] [1783861726.197494630, 488.762000000]: Footprint model 'polygon' loaded for trajectory optimization.
[INFO] [1783861727.673852785, 490.240000000]: GOAL Reached!
[INFO] [1783861727.821698435, 490.386000000]: Footprint model 'polygon' loaded for trajectory optimization.
[INFO] [1783861728.690102819, 491.254000000]: Footprint model 'polygon' loaded for trajectory optimization.
[INFO] [1783861729.299666828, 491.862000000]: Footprint model 'polygon' loaded for trajectory optimization.
[INFO] [1783861729.893596141, 492.458000000]: Footprint model 'polygon' loaded for trajectory optimization.
[INFO] [1783861730.550214623, 493.110000000]: Footprint model 'polygon' loaded for trajectory optimization.
[INFO] [1783861731.929513509, 494.488000000]: GOAL Reached!
[INFO] [1783861732.066911021, 494.626000000]: Footprint model 'polygon' loaded for trajectory optimization.
[INFO] [1783861732.959480406, 495.516000000]: Footprint model 'polygon' loaded for trajectory optimization.
[INFO] [1783861733.608380000, 496.162000000]: Footprint model 'polygon' loaded for trajectory optimization.
[INFO] [1783861734.202468590, 496.758000000]: Footprint model 'polygon' loaded for trajectory optimization.
[INFO] [1783861734.848313658, 497.402000000]: Footprint model 'polygon' loaded for trajectory optimization.
[INFO] [1783861736.184132428, 498.736000000]: GOAL Reached!
[INFO] [1783861736.335826758, 498.888000000]: Footprint model 'polygon' loaded for trajectory optimization.
[INFO] [1783861737.208915074, 499.758000000]: Footprint model 'polygon' loaded for trajectory optimization.
[INFO] [1783861737.907731362, 500.456000000]: Footprint model 'polygon' loaded for trajectory optimization.
[INFO] [1783861738.606536165, 501.154000000]: Footprint model 'polygon' loaded for trajectory optimization.
[INFO] [1783861740.335554876, 502.882000000]: GOAL Reached!
[INFO] [1783861740.468721513, 503.014000000]: Footprint model 'polygon' loaded for trajectory optimization.
[INFO] [1783861741.352143635, 503.896000000]: Footprint model 'polygon' loaded for trajectory optimization.
[INFO] [1783861742.050703813, 504.594000000]: Footprint model 'polygon' loaded for trajectory optimization.
[INFO] [1783861742.701760765, 505.242000000]: Footprint model 'polygon' loaded for trajectory optimization.
[INFO] [1783861744.578134668, 507.118000000]: GOAL Reached!
[INFO] [1783861744.722860013, 507.262000000]: Footprint model 'polygon' loaded for trajectory optimization.
[INFO] [1783861745.623805044, 508.162000000]: Footprint model 'polygon' loaded for trajectory optimization.
[INFO] [1783861746.259867997, 508.796000000]: Footprint model 'polygon' loaded for trajectory optimization.
[INFO] [1783861746.857800036, 509.392000000]: Footprint model 'polygon' loaded for trajectory optimization.
[INFO] [1783861748.735878943, 511.272000000]: GOAL Reached!
[INFO] [1783861748.850921763, 511.386000000]: Footprint model 'polygon' loaded for trajectory optimization.
[INFO] [1783861749.725314920, 512.260000000]: Footprint model 'polygon' loaded for trajectory optimization.
[INFO] [1783861750.361435513, 512.894000000]: Footprint model 'polygon' loaded for trajectory optimization.
[INFO] [1783861750.965176286, 513.498000000]: Footprint model 'polygon' loaded for trajectory optimization.
[INFO] [1783861752.941688581, 515.470000000]: GOAL Reached!
[INFO] [1783861753.074845466, 515.604000000]: Footprint model 'polygon' loaded for trajectory optimization.
[INFO] [1783861753.954144494, 516.482000000]: Footprint model 'polygon' loaded for trajectory optimization.
[INFO] [1783861754.557735236, 517.086000000]: Footprint model 'polygon' loaded for trajectory optimization.
[INFO] [1783861755.206243283, 517.730000000]: Footprint model 'polygon' loaded for trajectory optimization.
[INFO] [1783861757.085748427, 519.608000000]: GOAL Reached!
[INFO] [1783861757.219133333, 519.740000000]: Footprint model 'polygon' loaded for trajectory optimization.
[INFO] [1783861758.099845270, 520.620000000]: Footprint model 'polygon' loaded for trajectory optimization.
[INFO] [1783861758.786943546, 521.306000000]: Footprint model 'polygon' loaded for trajectory optimization.
[INFO] [1783861759.441829623, 521.958000000]: Footprint model 'polygon' loaded for trajectory optimization.
[INFO] [1783861760.037652276, 522.556000000]: Footprint model 'polygon' loaded for trajectory optimization.
[INFO] [1783861761.821582450, 524.334000000]: GOAL Reached!
[INFO] [1783861761.954341749, 524.466000000]: Footprint model 'polygon' loaded for trajectory optimization.
[INFO] [1783861762.823869632, 525.338000000]: Footprint model 'polygon' loaded for trajectory optimization.
[INFO] [1783861763.426829088, 525.942000000]: Footprint model 'polygon' loaded for trajectory optimization.
[INFO] [1783861763.983757216, 526.496000000]: Footprint model 'polygon' loaded for trajectory optimization.
[INFO] [1783861764.580553412, 527.092000000]: Footprint model 'polygon' loaded for trajectory optimization.
[INFO] [1783861765.964029273, 528.472000000]: GOAL Reached!
[INFO] [1783861766.094132473, 528.602000000]: Footprint model 'polygon' loaded for trajectory optimization.
[INFO] [1783861766.969839414, 529.478000000]: Footprint model 'polygon' loaded for trajectory optimization.
[INFO] [1783861767.617311712, 530.122000000]: Footprint model 'polygon' loaded for trajectory optimization.
[INFO] [1783861768.219167871, 530.724000000]: Footprint model 'polygon' loaded for trajectory optimization.
[INFO] [1783861770.096981761, 532.600000000]: GOAL Reached!
[INFO] [1783861770.227336132, 532.730000000]: Footprint model 'polygon' loaded for trajectory optimization.
[INFO] [1783861771.097504777, 533.598000000]: Footprint model 'polygon' loaded for trajectory optimization.
[INFO] [1783861771.654261256, 534.154000000]: Footprint model 'polygon' loaded for trajectory optimization.
[INFO] [1783861772.253165148, 534.752000000]: Footprint model 'polygon' loaded for trajectory optimization.
[INFO] [1783861774.131097434, 536.630000000]: GOAL Reached!
[INFO] [1783861774.250971717, 536.750000000]: Footprint model 'polygon' loaded for trajectory optimization.
[INFO] [1783861775.145202542, 537.640000000]: Footprint model 'polygon' loaded for trajectory optimization.
[INFO] [1783861775.785738551, 538.278000000]: Footprint model 'polygon' loaded for trajectory optimization.
[INFO] [1783861776.432710878, 538.924000000]: Footprint model 'polygon' loaded for trajectory optimization.
[INFO] [1783861777.018211594, 539.512000000]: Footprint model 'polygon' loaded for trajectory optimization.
[INFO] [1783861778.459226051, 540.948000000]: GOAL Reached!
[INFO] [1783861778.596031985, 541.086000000]: Footprint model 'polygon' loaded for trajectory optimization.
[INFO] [1783861779.471736297, 541.958000000]: Footprint model 'polygon' loaded for trajectory optimization.
[INFO] [1783861780.163014818, 542.650000000]: Footprint model 'polygon' loaded for trajectory optimization.
[INFO] [1783861780.710059588, 543.196000000]: Footprint model 'polygon' loaded for trajectory optimization.
[INFO] [1783861781.313472547, 543.800000000]: Footprint model 'polygon' loaded for trajectory optimization.
[INFO] [1783861782.594561385, 545.076000000]: GOAL Reached!
[INFO] [1783861782.723788610, 545.204000000]: Footprint model 'polygon' loaded for trajectory optimization.
[INFO] [1783861783.593850467, 546.076000000]: Footprint model 'polygon' loaded for trajectory optimization.
[INFO] [1783861784.239052829, 546.718000000]: Footprint model 'polygon' loaded for trajectory optimization.
[INFO] [1783861784.889918850, 547.368000000]: Footprint model 'polygon' loaded for trajectory optimization.
[INFO] [1783861786.719926844, 549.196000000]: GOAL Reached!
[INFO] [1783861786.874351763, 549.350000000]: Footprint model 'polygon' loaded for trajectory optimization.
[INFO] [1783861787.767575010, 550.240000000]: Footprint model 'polygon' loaded for trajectory optimization.
[INFO] [1783861788.404277095, 550.876000000]: Footprint model 'polygon' loaded for trajectory optimization.
[INFO] [1783861789.061591422, 551.532000000]: Footprint model 'polygon' loaded for trajectory optimization.
[INFO] [1783861790.891353624, 553.360000000]: GOAL Reached!
[INFO] [1783861791.035394069, 553.502000000]: Footprint model 'polygon' loaded for trajectory optimization.
[INFO] [1783861791.935333180, 554.402000000]: Footprint model 'polygon' loaded for trajectory optimization.
[INFO] [1783861792.575349424, 555.040000000]: Footprint model 'polygon' loaded for trajectory optimization.
[INFO] [1783861793.223743943, 555.686000000]: Footprint model 'polygon' loaded for trajectory optimization.
[INFO] [1783861795.049101576, 557.510000000]: GOAL Reached!
[INFO] [1783861795.171503310, 557.632000000]: Footprint model 'polygon' loaded for trajectory optimization.
[INFO] [1783861796.060396481, 558.518000000]: Footprint model 'polygon' loaded for trajectory optimization.
[INFO] [1783861796.702631997, 559.160000000]: Footprint model 'polygon' loaded for trajectory optimization.
[INFO] [1783861797.344789969, 559.804000000]: Footprint model 'polygon' loaded for trajectory optimization.
[INFO] [1783861797.948343502, 560.404000000]: Footprint model 'polygon' loaded for trajectory optimization.
[INFO] [1783861799.281277951, 561.734000000]: GOAL Reached!
[INFO] [1783861799.428411790, 561.882000000]: Footprint model 'polygon' loaded for trajectory optimization.
[INFO] [1783861800.296101290, 562.750000000]: Footprint model 'polygon' loaded for trajectory optimization.
[INFO] [1783861800.860734844, 563.312000000]: Footprint model 'polygon' loaded for trajectory optimization.
[INFO] [1783861801.513730019, 563.962000000]: Footprint model 'polygon' loaded for trajectory optimization.
[INFO] [1783861802.106379277, 564.554000000]: Footprint model 'polygon' loaded for trajectory optimization.
[INFO] [1783861803.836265863, 566.282000000]: GOAL Reached!
[INFO] [1783861803.967980769, 566.414000000]: Footprint model 'polygon' loaded for trajectory optimization.
[INFO] [1783861804.836579141, 567.282000000]: Footprint model 'polygon' loaded for trajectory optimization.
[INFO] [1783861805.386955815, 567.830000000]: Footprint model 'polygon' loaded for trajectory optimization.
[INFO] [1783861805.986087465, 568.426000000]: Footprint model 'polygon' loaded for trajectory optimization.
[INFO] [1783861806.636380484, 569.076000000]: Footprint model 'polygon' loaded for trajectory optimization.
[INFO] [1783861808.068894436, 570.506000000]: GOAL Reached!
[INFO] [1783861808.207767694, 570.644000000]: Footprint model 'polygon' loaded for trajectory optimization.
[INFO] [1783861809.085402554, 571.520000000]: Footprint model 'polygon' loaded for trajectory optimization.
[INFO] [1783861809.775101282, 572.210000000]: Footprint model 'polygon' loaded for trajectory optimization.
[INFO] [1783861810.421928723, 572.854000000]: Footprint model 'polygon' loaded for trajectory optimization.
[INFO] [1783861812.299556341, 574.732000000]: GOAL Reached!
[INFO] [1783861812.438865255, 574.872000000]: Footprint model 'polygon' loaded for trajectory optimization.
[INFO] [1783861813.326742674, 575.756000000]: Footprint model 'polygon' loaded for trajectory optimization.
[INFO] [1783861813.965485517, 576.394000000]: Footprint model 'polygon' loaded for trajectory optimization.
[INFO] [1783861814.613130136, 577.040000000]: Footprint model 'polygon' loaded for trajectory optimization.
[INFO] [1783861816.442356507, 578.870000000]: GOAL Reached!
[INFO] [1783861816.589988710, 579.016000000]: Footprint model 'polygon' loaded for trajectory optimization.
[INFO] [1783861817.475066073, 579.900000000]: Footprint model 'polygon' loaded for trajectory optimization.
[INFO] [1783861818.069793125, 580.494000000]: Footprint model 'polygon' loaded for trajectory optimization.
[INFO] [1783861818.770908387, 581.192000000]: Footprint model 'polygon' loaded for trajectory optimization.
[INFO] [1783861820.600133639, 583.018000000]: GOAL Reached!
[INFO] [1783861820.736619579, 583.154000000]: Footprint model 'polygon' loaded for trajectory optimization.
[INFO] [1783861821.621724838, 584.040000000]: Footprint model 'polygon' loaded for trajectory optimization.
[INFO] [1783861822.268651483, 584.684000000]: Footprint model 'polygon' loaded for trajectory optimization.
[INFO] [1783861822.913469570, 585.328000000]: Footprint model 'polygon' loaded for trajectory optimization.
[INFO] [1783861824.743091077, 587.154000000]: GOAL Reached!
[INFO] [1783861824.879708214, 587.292000000]: Footprint model 'polygon' loaded for trajectory optimization.
[INFO] [1783861825.749658928, 588.158000000]: Footprint model 'polygon' loaded for trajectory optimization.
[INFO] [1783861826.300407786, 588.708000000]: Footprint model 'polygon' loaded for trajectory optimization.
[INFO] [1783861826.953475243, 589.360000000]: Footprint model 'polygon' loaded for trajectory optimization.
[INFO] [1783861828.883561012, 591.288000000]: GOAL Reached!
[INFO] [1783861829.039632897, 591.444000000]: Footprint model 'polygon' loaded for trajectory optimization.
[INFO] [1783861829.937779471, 592.340000000]: Footprint model 'polygon' loaded for trajectory optimization.
[INFO] [1783861830.629607239, 593.032000000]: Footprint model 'polygon' loaded for trajectory optimization.
[INFO] [1783861831.331893155, 593.732000000]: Footprint model 'polygon' loaded for trajectory optimization.
[INFO] [1783861833.163484510, 595.560000000]: GOAL Reached!
[INFO] [1783861833.318965680, 595.716000000]: Footprint model 'polygon' loaded for trajectory optimization.
[INFO] [1783861834.204136125, 596.598000000]: Footprint model 'polygon' loaded for trajectory optimization.
[INFO] [1783861834.897560965, 597.290000000]: Footprint model 'polygon' loaded for trajectory optimization.
[INFO] [1783861835.491472216, 597.884000000]: Footprint model 'polygon' loaded for trajectory optimization.
[INFO] [1783861837.323263451, 599.712000000]: GOA[WARN] [1783861867.491317350, 629.830000000]: Control loop missed its desired rate of 10.0000Hz... the loop actually took 0.1060 seconds
L Reached!
[INFO] [1783861837.469198208, 599.858000000]: Footprint model 'polygon' loaded for trajectory optimization.
[INFO] [1783861838.433096186, 600.820000000]: Footprint model 'polygon' loaded for trajectory optimization.
[INFO] [1783861838.986487307, 601.372000000]: Footprint model 'polygon' loaded for trajectory optimization.
[INFO] [1783861839.584577281, 601.972000000]: Footprint model 'polygon' loaded for trajectory optimization.
[INFO] [1783861841.566226621, 603.950000000]: GOAL Reached!
[INFO] [1783861841.718404235, 604.102000000]: Footprint model 'polygon' loaded for trajectory optimization.
[INFO] [1783861842.617841655, 604.998000000]: Footprint model 'polygon' loaded for trajectory optimization.
[INFO] [1783861843.254143916, 605.632000000]: Footprint model 'polygon' loaded for trajectory optimization.
[INFO] [1783861843.849370904, 606.226000000]: Footprint model 'polygon' loaded for trajectory optimization.
[INFO] [1783861845.822275798, 608.200000000]: GOAL Reached!
[INFO] [1783861845.962626254, 608.338000000]: Footprint model 'polygon' loaded for trajectory optimization.
[INFO] [1783861846.845426188, 609.216000000]: Footprint model 'polygon' loaded for trajectory optimization.
[INFO] [1783861847.443596056, 609.814000000]: Footprint model 'polygon' loaded for trajectory optimization.
[INFO] [1783861847.996160271, 610.364000000]: Footprint model 'polygon' loaded for trajectory optimization.
[INFO] [1783861848.597794004, 610.964000000]: Footprint model 'polygon' loaded for trajectory optimization.
[INFO] [1783861849.976065638, 612.340000000]: GOAL Reached!
[INFO] [1783861850.116323294, 612.480000000]: Footprint model 'polygon' loaded for trajectory optimization.
[INFO] [1783861851.160386974, 613.524000000]: Footprint model 'polygon' loaded for trajectory optimization.
[INFO] [1783861852.025245680, 614.386000000]: Footprint model 'polygon' loaded for trajectory optimization.
[INFO] [1783861852.577560821, 614.938000000]: Footprint model 'polygon' loaded for trajectory optimization.
[INFO] [1783861853.227553561, 615.586000000]: Footprint model 'polygon' loaded for trajectory optimization.
[INFO] [1783861853.775360856, 616.134000000]: Footprint model 'polygon' loaded for trajectory optimization.
[INFO] [1783861855.368702387, 617.724000000]: GOAL Reached!
[INFO] [1783861855.502384465, 617.856000000]: Footprint model 'polygon' loaded for trajectory optimization.
[INFO] [1783861856.377568772, 618.730000000]: Footprint model 'polygon' loaded for trajectory optimization.
[INFO] [1783861857.154360389, 619.506000000]: Footprint model 'polygon' loaded for trajectory optimization.
[INFO] [1783861858.169074028, 620.522000000]: Footprint model 'polygon' loaded for trajectory optimization.
[INFO] [1783861859.310383215, 621.660000000]: Footprint model 'polygon' loaded for trajectory optimization.
[INFO] [1783861860.158138954, 622.506000000]: Footprint model 'polygon' loaded for trajectory optimization.
[INFO] [1783861860.721259154, 623.066000000]: Footprint model 'polygon' loaded for trajectory optimization.
[INFO] [1783861861.320443998, 623.666000000]: Footprint model 'polygon' loaded for trajectory optimization.
[INFO] [1783861861.920382703, 624.264000000]: Footprint model 'polygon' loaded for trajectory optimization.
[INFO] [1783861863.610805597, 625.952000000]: GOAL Reached!
[INFO] [1783861863.745438715, 626.086000000]: Footprint model 'polygon' loaded for trajectory optimization.
[INFO] [1783861864.606359358, 626.946000000]: Footprint model 'polygon' loaded for trajectory optimization.
[INFO] [1783861865.163834474, 627.502000000]: Footprint model 'polygon' loaded for trajectory optimization.
[INFO] [1783861865.897113090, 628.236000000]: Footprint model 'polygon' loaded for trajectory optimization.
[INFO] [1783861866.870834904, 629.208000000]: Footprint model 'polygon' loaded for trajectory optimization.
[INFO] [1783861867.545886901, 629.884000000]: Footprint model 'polygon' loaded for trajectory optimization.
[INFO] [1783861868.666289744, 631.000000000]: Footprint model 'polygon' loaded for trajectory optimization.
[INFO] [1783861869.536197355, 631.866000000]: Footprint model 'polygon' loaded for trajectory optimization.
[INFO] [1783861870.124985335, 632.458000000]: Footprint model 'polygon' loaded for trajectory optimization.
[INFO] [1783861870.727841115, 633.056000000]: Footprint model 'polygon' loaded for trajectory optimization.
[INFO] [1783861871.327080292, 633.654000000]: Footprint model 'polygon' loaded for trajectory optimization.
[INFO] [1783861872.871486070, 635.196000000]: GOAL Reached!
[INFO] [1783861873.027893041, 635.352000000]: Footprint model 'polygon' loaded for trajectory optimization.
[INFO] [1783861873.903832151, 636.226000000]: Footprint model 'polygon' loaded for trajectory optimization.
[INFO] [1783861874.683332482, 637.006000000]: Footprint model 'polygon' loaded for trajectory optimization.
[INFO] [1783861875.712116363, 638.032000000]: Footprint model 'polygon' loaded for trajectory optimization.
[INFO] [1783861876.828455348, 639.150000000]: Footprint model 'polygon' loaded for trajectory optimization.
[INFO] [1783861877.682082635, 640.000000000]: Footprint model 'polygon' loaded for trajectory optimization.
[INFO] [1783861878.288808546, 640.606000000]: Footprint model 'polygon' loaded for trajectory optimization.
[INFO] [1783861878.891477049, 641.208000000]: Footprint model 'polygon' loaded for trajectory optimization.
[INFO] [1783861879.489105645, 641.806000000]: Footprint model 'polygon' loaded for trajectory optimization.
[INFO] [1783861881.132818556, 643.446000000]: GOAL Reached!
[INFO] [1783861881.293795275, 643.606000000]: Footprint model 'polygon' loaded for trajectory optimization.
[INFO] [1783861882.195813624, 644.506000000]: Footprint model 'polygon' loaded for trajectory optimization.
[INFO] [1783861882.962034095, 645.270000000]: Footprint model 'polygon' loaded for trajectory optimization.
[INFO] [1783861884.010815710, 646.316000000]: Footprint model 'polygon' loaded for trajectory optimization.
[INFO] [1783861885.159522069, 647.464000000]: Footprint model 'polygon' loaded for trajectory optimization.
[INFO] [1783861886.039863684, 648.342000000]: Footprint model 'polygon' loaded for trajectory optimization.
[INFO] [1783861886.584136158, 648.886000000]: Footprint model 'polygon' loaded for trajectory optimization.
[INFO] [1783861887.232751511, 649.534000000]: Footprint model 'polygon' loaded for trajectory optimization.
[INFO] [1783861887.880218037, 650.180000000]: Footprint model 'polygon' loaded for trajectory optimization.
[INFO] [1783861889.474570334, 651.772000000]: GOAL Reached!
[INFO] [1783861889.607044753, 651.904000000]: Footprint model 'polygon' loaded for trajectory optimization.
[INFO] [1783861890.557935212, 652.854000000]: Footprint model 'polygon' loaded for trajectory optimization.
[INFO] [1783861891.692632694, 653.984000000]: Footprint model 'polygon' loaded for trajectory optimization.
[INFO] [1783861892.816750585, 655.108000000]: Footprint model 'polygon' loaded for trajectory optimization.
[INFO] [1783861893.675092606, 655.964000000]: Footprint model 'polygon' loaded for trajectory optimization.
[INFO] [1783861894.229790838, 656.518000000]: Footprint model 'polygon' loaded for trajectory optimization.
[INFO] [1783861894.830993508, 657.118000000]: Footprint model 'polygon' loaded for trajectory optimization.
[INFO] [1783861895.430542485, 657.716000000]: Footprint model 'polygon' loaded for trajectory optimization.
[INFO] [1783861897.222717724, 659.506000000]: GOAL Reached!
[INFO] [1783861897.366177783, 659.648000000]: Footprint model 'polygon' loaded for trajectory optimization.
[INFO] [1783861898.225218042, 660.508000000]: Footprint model 'polygon' loaded for trajectory optimization.
[INFO] [1783861898.824318571, 661.106000000]: Footprint model 'polygon' loaded for trajectory optimization.
[INFO] [1783861899.377442441, 661.658000000]: Footprint model 'polygon' loaded for trajectory optimization.
[INFO] [1783861899.977791228, 662.256000000]: Footprint model 'polygon' loaded for trajectory optimization.
[INFO] [1783861900.577813722, 662.856000000]: Footprint model 'polygon' loaded for trajectory optimization.
[INFO] [1783861901.222660059, 663.502000000]: Footprint model 'polygon' loaded for trajectory optimization.
[INFO] [1783861902.669956064, 664.944000000]: GOAL Reached!
[INFO] [1783861902.810976967, 665.086000000]: Footprint model 'polygon' loaded for trajectory optimization.
[INFO] [1783861903.673787923, 665.946000000]: Footprint model 'polygon' loaded for trajectory optimization.
[INFO] [1783861904.367155982, 666.640000000]: Footprint model 'polygon' loaded for trajectory optimization.
[INFO] [1783861905.423845055, 667.692000000]: Footprint model 'polygon' loaded for trajectory optimization.
[INFO] [1783861906.358206178, 668.626000000]: Footprint model 'polygon' loaded for trajectory optimization.
[INFO] [1783861906.960192496, 669.228000000]: Footprint model 'polygon' loaded for trajectory optimization.
[INFO] [1783861907.511383898, 669.778000000]: Footprint model 'polygon' loaded for trajectory optimization.
[INFO] [1783861908.158702605, 670.426000000]: Footprint model 'polygon' loaded for trajectory optimization.
[INFO] [1783861910.003659095, 672.266000000]: GOAL Reached!
[INFO] [1783861910.146975048, 672.410000000]: Footprint model 'polygon' loaded for trajectory optimization.
[INFO] [1783861911.025645358, 673.288000000]: Footprint model 'polygon' loaded for trajectory optimization.
[INFO] [1783861911.671424127, 673.930000000]: Footprint model 'polygon' loaded for trajectory optimization.
[INFO] [1783861912.316208415, 674.572000000]: Footprint model 'polygon' loaded for trajectory optimization.
[INFO] [1783861912.865566935, 675.124000000]: Footprint model 'polygon' loaded for trajectory optimization.
[INFO] [1783861913.469445287, 675.726000000]: Footprint model 'polygon' loaded for trajectory optimization.
[INFO] [1783861914.115953605, 676.370000000]: Footprint model 'polygon' loaded for trajectory optimization.
[INFO] [1783861915.559240836, 677.812000000]: GOAL Reached!
[INFO] [1783861915.723704338, 677.976000000]: Footprint model 'polygon' loaded for trajectory optimization.
[INFO] [1783861916.594609360, 678.846000000]: Footprint model 'polygon' loaded for trajectory optimization.
[INFO] [1783861917.283750062, 679.534000000]: Footprint model 'polygon' loaded for trajectory optimization.
[INFO] [1783861918.238357964, 680.488000000]: Footprint model 'polygon' loaded for trajectory optimization.
[INFO] [1783861918.912679806, 681.164000000]: Footprint model 'polygon' loaded for trajectory optimization.
[INFO] [1783861919.858414347, 682.106000000]: Footprint model 'polygon' loaded for trajectory optimization.
[INFO] [1783861920.545342555, 682.792000000]: Footprint model 'polygon' loaded for trajectory optimization.
[INFO] [1783861921.097885765, 683.342000000]: Footprint model 'polygon' loaded for trajectory optimization.
[INFO] [1783861921.700851530, 683.944000000]: Footprint model 'polygon' loaded for trajectory optimization.
[INFO] [1783861923.388979008, 685.632000000]: GOAL Reached!
[INFO] [1783861923.531844715, 685.776000000]: Footprint model 'polygon' loaded for trajectory optimization.
[INFO] [1783861924.407935328, 686.646000000]: Footprint model 'polygon' loaded for trajectory optimization.
[INFO] [1783861924.957413861, 687.194000000]: Footprint model 'polygon' loaded for trajectory optimization.
[INFO] [1783861925.555028153, 687.792000000]: Footprint model 'polygon' loaded for trajectory optimization.
[INFO] [1783861926.152225968, 688.390000000]: Footprint model 'polygon' loaded for trajectory optimization.
[INFO] [1783861926.753284762, 688.990000000]: Footprint model 'polygon' loaded for trajectory optimization.
[INFO] [1783861927.353921370, 689.588000000]: Footprint model 'polygon' loaded for trajectory optimization.
[INFO] [1783861929.046258579, 691.278000000]: GOAL Reached!
[INFO] [1783861929.185472909, 691.416000000]: Footprint model 'polygon' loaded for trajectory optimization.
[INFO] [1783861930.059432106, 692.288000000]: Footprint model 'polygon' loaded for trajectory optimization.
[INFO] [1783861930.833692188, 693.062000000]: Footprint model 'polygon' loaded for trajectory opt[WARN] [1783861957.597340355, 719.780000000]: Control loop missed its desired rate of 10.0000Hz... the loop actually took 0.1200 seconds
[WARN] [1783861957.757617488, 719.942000000]: Control loop missed its desired rate of 10.0000Hz... the loop actually took 0.1820 seconds
[WARN] [1783861957.930466206, 720.114000000]: Control loop missed its desired rate of 10.0000Hz... the loop actually took 0.2540 seconds
[WARN] [1783861957.930982916, 720.114000000]: Map update loop missed its desired rate of 10.0000Hz... the loop actually took 0.3120 seconds
[WARN] [1783861958.104507199, 720.286000000]: Control loop missed its desired rate of 10.0000Hz... the loop actually took 0.1720 seconds
imization.
[INFO] [1783861931.887770819, 694.112000000]: Footprint model 'polygon' loaded for trajectory optimization.
[INFO] [1783861932.823725117, 695.048000000]: Footprint model 'polygon' loaded for trajectory optimization.
[INFO] [1783861933.377078894, 695.602000000]: Footprint model 'polygon' loaded for trajectory optimization.
[INFO] [1783861933.979617206, 696.202000000]: Footprint model 'polygon' loaded for trajectory optimization.
[INFO] [1783861934.626065967, 696.846000000]: Footprint model 'polygon' loaded for trajectory optimization.
[INFO] [1783861936.468049252, 698.688000000]: GOAL Reached!
[INFO] [1783861936.606174933, 698.826000000]: Footprint model 'polygon' loaded for trajectory optimization.
[INFO] [1783861937.470516398, 699.686000000]: Footprint model 'polygon' loaded for trajectory optimization.
[INFO] [1783861938.021292108, 700.238000000]: Footprint model 'polygon' loaded for trajectory optimization.
[INFO] [1783861938.619194870, 700.834000000]: Footprint model 'polygon' loaded for trajectory optimization.
[INFO] [1783861939.221043066, 701.436000000]: Footprint model 'polygon' loaded for trajectory optimization.
[INFO] [1783861939.869998754, 702.082000000]: Footprint model 'polygon' loaded for trajectory optimization.
[INFO] [1783861940.420571015, 702.632000000]: Footprint model 'polygon' loaded for trajectory optimization.
[INFO] [1783861942.012762932, 704.222000000]: GOAL Reached!
[INFO] [1783861942.160072117, 704.370000000]: Footprint model 'polygon' loaded for trajectory optimization.
[INFO] [1783861943.040849700, 705.248000000]: Footprint model 'polygon' loaded for trajectory optimization.
[INFO] [1783861943.717720675, 705.924000000]: Footprint model 'polygon' loaded for trajectory optimization.
[INFO] [1783861944.752424480, 706.954000000]: Footprint model 'polygon' loaded for trajectory optimization.
[INFO] [1783861945.722555670, 707.926000000]: Footprint model 'polygon' loaded for trajectory optimization.
[INFO] [1783861946.362664969, 708.562000000]: Footprint model 'polygon' loaded for trajectory optimization.
[INFO] [1783861946.958927442, 709.162000000]: Footprint model 'polygon' loaded for trajectory optimization.
[INFO] [1783861947.610707431, 709.808000000]: Footprint model 'polygon' loaded for trajectory optimization.
[INFO] [1783861949.253320085, 711.450000000]: GOAL Reached!
[INFO] [1783861949.393431276, 711.590000000]: Footprint model 'polygon' loaded for trajectory optimization.
[INFO] [1783861950.270465969, 712.466000000]: Footprint model 'polygon' loaded for trajectory optimization.
[INFO] [1783861950.864499942, 713.058000000]: Footprint model 'polygon' loaded for trajectory optimization.
[INFO] [1783861951.415467122, 713.608000000]: Footprint model 'polygon' loaded for trajectory optimization.
[INFO] [1783861952.019152659, 714.210000000]: Footprint model 'polygon' loaded for trajectory optimization.
[INFO] [1783861952.617133842, 714.808000000]: Footprint model 'polygon' loaded for trajectory optimization.
[INFO] [1783861953.217280809, 715.406000000]: Footprint model 'polygon' loaded for trajectory optimization.
[INFO] [1783861954.709375852, 716.896000000]: GOAL Reached!
[INFO] [1783861954.844117227, 717.030000000]: Footprint model 'polygon' loaded for trajectory optimization.
[INFO] [1783861955.720601221, 717.906000000]: Footprint model 'polygon' loaded for trajectory optimization.
[INFO] [1783861956.404237867, 718.590000000]: Footprint model 'polygon' loaded for trajectory optimization.
[INFO] [1783861957.363314160, 719.546000000]: Footprint model 'polygon' loaded for trajectory optimization.
[INFO] [1783861958.161300759, 720.344000000]: Footprint model 'polygon' loaded for trajectory optimization.
[INFO] [1783861959.128427511, 721.308000000]: Footprint model 'polygon' loaded for trajectory optimization.
[INFO] [1783861959.767859570, 721.946000000]: Footprint model 'polygon' loaded for trajectory optimization.
[INFO] [1783861960.363912622, 722.542000000]: Footprint model 'polygon' loaded for trajectory optimization.
[INFO] [1783861961.015543690, 723.192000000]: Footprint model 'po[WARN] [1783861971.378019749, 733.538000000]: Control loop missed its desired rate of 10.0000Hz... the loop actually took 0.1100 seconds
[WARN] [1783861971.503800359, 733.664000000]: Control loop missed its desired rate of 10.0000Hz... the loop actually took 0.1360 seconds
lygon' loaded for trajectory optimization.
[INFO] [1783861962.757936954, 724.932000000]: GOAL Reached!
[INFO] [1783861962.892826071, 725.068000000]: Footprint model 'polygon' loaded for trajectory optimization.
[INFO] [1783861963.732254492, 725.906000000]: Footprint model 'polygon' loaded for trajectory optimization.
[INFO] [1783861964.287168810, 726.458000000]: Footprint model 'polygon' loaded for trajectory optimization.
[INFO] [1783861964.935061189, 727.108000000]: Footprint model 'polygon' loaded for trajectory optimization.
[INFO] [1783861965.487060984, 727.656000000]: Footprint model 'polygon' loaded for trajectory optimization.
[INFO] [1783861966.086262330, 728.258000000]: Footprint model 'polygon' loaded for trajectory optimization.
[INFO] [1783861966.684869445, 728.854000000]: Footprint model 'polygon' loaded for trajectory optimization.
[INFO] [1783861968.177976517, 730.344000000]: GOAL Reached!
[INFO] [1783861968.314968028, 730.482000000]: Footprint model 'polygon' loaded for trajectory optimization.
[INFO] [1783861969.200188490, 731.362000000]: Footprint model 'polygon' loaded for trajectory optimization.
[INFO] [1783861969.879298598, 732.042000000]: Footprint model 'polygon' loaded for trajectory optimization.
[INFO] [1783861970.847349835, 733.008000000]: Footprint model 'polygon' loaded for trajectory optimization.
[INFO] [1783861971.560104077, 733.720000000]: Footprint model 'polygon' loaded for trajectory optimization.
[INFO] [1783861972.507174995, 734.666000000]: Footprint model 'polygon' loaded for trajectory optimization.
[INFO] [1783861973.058589615, 735.214000000]: Footprint model 'polygon' loaded for trajectory optimization.
[INFO] [1783861973.702854973, 735.860000000]: Footprint model 'polygon' loaded for trajectory optimization.
[INFO] [1783861974.257068011, 736.412000000]: Footprint model 'polygon' loaded for trajectory optimization.
[INFO] [1783861976.248573396, 738.400000000]: GOAL Reached!
[INFO] [1783861976.409405901, 738.560000000]: Footprint model 'polygon' loaded for trajectory optimization.
[INFO] [1783861977.275724222, 739.426000000]: Footprint model 'polygon' loaded for trajectory optimization.
[INFO] [1783861977.826677338, 739.974000000]: Footprint model 'polygon' loaded for trajectory optimization.
[INFO] [1783861978.472333576, 740.622000000]: Footprint model 'polygon' loaded for trajectory optimization.
[INFO] [1783861979.075908434, 741.222000000]: Footprint model 'polygon' loaded for trajectory optimization.
[INFO] [1783861979.727939658, 741.872000000]: Footprint model 'polygon' loaded for trajectory optimization.
[INFO] [1783861980.326475037, 742.470000000]: Footprint model 'polygon' loaded for trajectory optimization.
[INFO] [1783861981.818487311, 743.960000000]: GOAL Reached!
[INFO] [1783861981.961599494, 744.102000000]: Footprint model 'polygon' loaded for trajectory optimization.
[INFO] [1783861982.868024594, 745.008000000]: Footprint model 'polygon' loaded for trajectory optimization.
[INFO] [1783861983.506633185, 745.646000000]: Footprint model 'polygon' loaded for trajectory optimization.
[INFO] [1783861984.238146770, 746.378000000]: Footprint model 'polygon' loaded for trajectory optimization.
[INFO] [1783861985.266311546, 747.402000000]: Footprint model 'polygon' loaded for trajectory optimization.
[INFO] [1783861986.210451100, 748.348000000]: Footprint model 'polygon' loaded for trajectory optimization.
[INFO] [1783861986.762183761, 748.898000000]: Footprint model 'polygon' loaded for trajectory optimization.
[INFO] [1783861987.411348023, 749.544000000]: Footprint model 'polygon' loaded for trajectory optimization.
[INFO] [1783861987.962264054, 750.094000000]: Footprint model 'polygon' loaded for trajectory optimization.
[INFO] [1783861989.655847927, 751.784000000]: GOAL Reached!
[INFO] [1783861989.816232755, 751.944000000]: Footprint model 'polygon' loaded for trajectory optimization.
[INFO] [1783861990.681596867, 752.808000000]: Footprint model 'polygon' loaded for trajectory optimization.
[INFO] [1783861991.233373650, 753.360000000]: Footprint model 'polygon' loaded for trajectory optimization.
[INFO] [1783861991.831527565, 753.958000000]: Footprint model 'polygon' loaded for trajectory optimization.
[INFO] [1783861992.432011583, 754.558000000]: Footprint model 'polygon' loaded for trajectory optimization.
[INFO] [1783861993.032727813, 755.156000000]: Footprint model 'polygon' loaded for trajectory optimization.
[INFO] [1783861993.633231484, 755.756000000]: Footprint model 'polygon' loaded for trajectory optimization.
[INFO] [1783861995.123745560, 757.244000000]: GOAL Reached!
[INFO] [1783861995.255731763, 757.376000000]: Footprint model 'polygon' loaded for trajectory optimization.
[INFO] [1783861996.129456369, 758.248000000]: Footprint model 'polygon' loaded for trajectory optimization.
[INFO] [1783861996.815771850, 758.932000000]: Footprint model 'polygon' loaded for trajectory optimization.
[INFO] [1783861997.849952695, 759.966000000]: Footprint model 'polygon' loaded for trajectory optimization.
[INFO] [1783861998.793575762, 760.906000000]: Footprint model 'polygon' loaded for trajectory optimization.
[INFO] [1783861999.341070694, 761.454000000]: Footprint model 'polygon' loaded for trajectory optimization.
[INFO] [1783861999.939494645, 762.052000000]: Footprint model 'polygon' loaded for trajectory optimization.
[INFO] [1783862000.587747729, 762.698000000]: Footprint model 'polygon' loaded for trajectory optimization.
[INFO] [1783862002.430791815, 764.540000000]: GOAL Reached!
[INFO] [1783862002.574512519, 764.684000000]: Footprint model 'polygon' loaded for trajectory optimization.
[INFO] [1783862003.442054874, 765.548000000]: Footprint model 'polygon' loaded for trajectory optimization.
[INFO] [1783862004.134608324, 766.238000000]: Footprint model 'polygon' loaded for trajectory optimization.
[INFO] [1783862004.686501830, 766.788000000]: Footprint model 'polygon' loaded for trajectory optimization.
[INFO] [1783862005.334864206, 767.436000000]: Footprint model 'polygon' loaded for trajectory optimization.
[INFO] [1783862005.938820026, 768.040000000]: Footprint model 'polygon' loaded for trajectory optimization.
[INFO] [1783862007.876417398, 769.976000000]: GOAL Reached!
[INFO] [1783862008.016069305, 770.114000000]: Footprint model 'polygon' loaded for trajectory optimization.
[INFO] [1783862008.910780738, 771.008000000]: Footprint model 'polygon' loaded for trajectory optimization.
[INFO] [1783862009.453255150, 771.548000000]: Footprint model 'polygon' loaded for trajectory optimization.
[INFO] [1783862010.191003065, 772.284000000]: Footprint model 'polygon' loaded for trajectory optimization.
[INFO] [1783862011.223724384, 773.314000000]: Footprint model 'polygon' loaded for trajectory optimization.
[INFO] [1783862012.174569024, 774.264000000]: Footprint model 'polygon' loaded for trajectory optimization.
[INFO] [1783862012.724079458, 774.812000000]: Footprint model 'polygon' loaded for trajectory optimization.
[INFO] [1783862013.324034367, 775.412000000]: Footprint model 'polygon' loaded for trajectory optimization.
[INFO] [1783862013.972200272, 776.056000000]: Footprint model 'polygon' loaded for trajectory optimization.
[INFO] [1783862015.714734076, 777.798000000]: GOAL Reached!
[INFO] [1783862015.867675651, 777.950000000]: Footprint model 'polygon' loaded for trajectory optimization.
[INFO] [1783862016.726172489, 778.806000000]: Footprint model 'polygon' loaded for trajectory optimization.
[INFO] [1783862017.268473470, 779.350000000]: Footprint model 'polygon' loaded for trajectory optimization.
[INFO] [1783862017.916578629, 779.994000000]: Footprint model 'polygon' loaded for trajectory optimization.
[INFO] [1783862018.469900376, 780.548000000]: Footprint model 'polygon' loaded for trajectory optimization.
[INFO] [1783862019.069942899, 781.146000000]: Footprint model 'polygon' loaded for trajectory optimization.
[INFO] [1783862019.718942755, 781.796000000]: Footprint model 'polygon' loaded for trajectory optimization.
[INFO] [1783862021.163198493, 783.236000000]: GOAL Reached!
[INFO] [1783862021.303080875, 783.376000000]: Footprint model 'polygon' loaded for trajectory optimization.
[INFO] [1783862022.175162234, 784.248000000]: Footprint model 'polygon' loaded for trajectory optimization.
[INFO] [1783862022.861277198, 784.932000000]: Footprint model 'polygon' loaded for trajectory optimization.
[INFO] [1783862023.817267877, 785.888000000]: Footprint model 'polygon' loaded for trajectory optimization.
[INFO] [1783862024.496566219, 786.564000000]: Footprint model 'polygon' loaded for trajectory optimization.
[INFO] [1783862025.480097254, 787.548000000]: Footprint model 'polygon' loaded for trajectory optimization.
[INFO] [1783862026.121842935, 788.186000000]: Footprint model 'polygon' loaded for trajectory optimization.
[INFO] [1783862026.720427476, 788.784000000]: Footprint model 'polygon' loaded for trajectory optimization.
[INFO] [1783862027.322944251, 789.386000000]: Footprint model 'polygon' loaded for trajectory optimization.
[INFO] [1783862027.972621076, 790.034000000]: Footprint model 'polygon' loaded for trajectory optimization.
[INFO] [1783862028.670331693, 790.730000000]: Footprint model 'polygon' loaded for trajectory optimization.
[INFO] [1783862029.269361329, 791.330000000]: Footprint model 'polygon' loaded for trajectory optimization.
[INFO] [1783862029.823446933, 791.882000000]: Footprint model 'polygon' loaded for trajectory optimization.
[INFO] [1783862031.515047198, 793.570000000]: GOAL Reached!
[INFO] [1783862031.648149188, 793.704000000]: Footprint model 'polygon' loaded for trajectory optimization.
[INFO] [1783862032.511460524, 794.566000000]: Footprint model 'polygon' loaded for trajectory optimization.
[INFO] [1783862033.301101761, 795.354000000]: Footprint model 'polygon' loaded for trajectory optimization.
[INFO] [1783862034.349036143, 796.400000000]: Footprint model 'polygon' loaded for trajectory optimization.
[INFO] [1783862035.319152298, 797.368000000]: Footprint model 'polygon' loaded for trajectory optimization.
[INFO] [1783862035.867584659, 797.916000000]: Footprint model 'polygon' loaded for trajectory optimization.
[INFO] [1783862036.515110349, 798.564000000]: Footprint model 'polygon' loaded for trajectory optimization.
[INFO] [1783862037.066223289, 799.112000000]: Footprint model 'polygon' loaded for trajectory optimization.
[INFO] [1783862037.668711553, 799.712000000]: Footprint model 'polygon' loaded for trajectory optimization.
[INFO] [1783862038.267918141, 800.314000000]: Footprint model 'polygon' loaded for trajectory optimization.
[INFO] [1783862038.868069831, 800.910000000]: Footprint model 'polygon' loaded for trajectory optimization.
[INFO] [1783862039.468707852, 801.512000000]: Footprint model 'polygon' loaded for trajectory optimization.
[INFO] [1783862041.061131622, 803.100000000]: GOAL Reached!
[INFO] [1783862041.221307603, 803.260000000]: Footprint model 'polygon' loaded for trajectory optimization.
[INFO] [1783862042.091382907, 804.130000000]: Footprint model 'polygon' loaded for trajectory optimization.
[INFO] [1783862042.785983624, 804.820000000]: Footprint model 'polygon' loaded for trajectory optimization.
[INFO] [1783862043.837640588, 805.874000000]: Footprint model 'polygon' loaded for trajectory optimization.
[INFO] [1783862044.794060807, 806.826000000]: Footprint model 'polygon' loaded for trajectory optimization.
[INFO] [1783862045.333055299, 807.366000000]: Footprint model 'polygon' loaded for trajectory optimization.
[INFO] [1783862045.935583240, 807.966000000]: Footprint model 'polygon' loaded for trajectory optimization.
[INFO] [1783862046.538952601, 808.570000000]: Footprint model 'polygon' loaded for trajectory optimization.
[INFO] [1783862047.139041136, 809.168000000]: Footprint model 'polygon' loaded for trajectory optimization.
[INFO] [1783862047.738122832, 809.764000000]: Footprint model 'polygon' loaded for trajectory optimization.
[INFO] [1783862048.337933260, 810.364000000]: Footprint model 'polygon' loaded for trajectory optimization.
[INFO] [1783862048.984708435, 811.010000000]: Footprint model 'polygon' loaded for trajectory optimization.
[INFO] [1783862050.628998191, 812.652000000]: GOAL Reached!
[INFO] [1783862050.765030452, 812.788000000]: Footprint model 'polygon' loaded for trajectory optimization.
[INFO] [1783862051.626254822, 813.646000000]: Footprint model 'polygon' loaded for trajectory optimization.
[INFO] [1783862052.313647501, 814.336000000]: Footprint model 'polygon' loaded for trajectory optimization.
[INFO] [1783862053.360179981, 815.380000000]: Footprint model 'polygon' loaded for trajectory optimization.
[INFO] [1783862054.306394823, 816.324000000]: Footprint model 'polygon' loaded for trajectory optimization.
[INFO] [1783862054.872521544, 816.888000000]: Footprint model 'polygon' loaded for trajectory optimization.
[INFO] [1783862055.509915670, 817.524000000]: Footprint model 'polygon' loaded for trajectory optimization.
[INFO] [1783862056.073723560, 818.086000000]: Footprint model 'polygon' loaded for trajectory optimization.
[INFO] [1783862056.675433315, 818.688000000]: Footprint model 'polygon' loaded for trajectory optimization.
[INFO] [1783862057.275010539, 819.286000000]: Footprint model 'polygon' loaded for trajectory optimization.
[INFO] [1783862057.921382796, 819.934000000]: Footprint model 'polygon' loaded for trajectory optimization.
[INFO] [1783862058.525512121, 820.534000000]: Footprint model 'polygon' loaded for trajectory optimization.
[INFO] [1783862059.076084288, 821.084000000]: Footprint model 'polygon' loaded for trajectory optimization.
[INFO] [1783862059.675637713, 821.682000000]: Footprint model 'polygon' loaded for trajectory optimization.
[INFO] [1783862061.368467994, 823.372000000]: GOAL Reached!
[INFO] [1783862061.521731853, 823.524000000]: Footprint model 'polygon' loaded for trajectory optimization.
[INFO] [1783862062.383509610, 824.386000000]: Footprint model 'polygon' loaded for trajectory optimization.
[INFO] [1783862063.078462182, 825.078000000]: Footprint model 'polygon' loaded for trajectory optimization.
[INFO] [1783862064.128215990, 826.126000000]: Footprint model 'polygon' loaded for trajectory optimization.
[INFO] [1783862065.050419260, 827.048000000]: Footprint model 'polygon' loaded for trajectory optimization.
[INFO] [1783862065.601612402, 827.598000000]: Footprint model 'polygon' loaded for trajectory optimization.
[INFO] [1783862066.244625956, 828.242000000]: Footprint model 'polygon' loaded for trajectory optimization.
[INFO] [1783862066.847212815, 828.842000000]: Footprint model 'polygon' loaded for trajectory optimization.
[INFO] [1783862067.448118203, 829.442000000]: Footprint model 'polygon' loaded for trajectory optimization.
[INFO] [1783862068.049498706, 830.044000000]: Footprint model 'polygon' loaded for trajectory optimization.
[INFO] [1783862068.599681439, 830.590000000]: Footprint model 'polygon' loaded for trajectory optimization.
[INFO] [1783862069.199927925, 831.190000000]: Footprint model 'polygon' loaded for trajectory optimization.
[INFO] [1783862070.789341869, 832.780000000]: GOAL Reached!
[INFO] [1783862070.935454268, 832.926000000]: Footprint model 'polygon' loaded for trajectory optimization.
[INFO] [1783862071.820954560, 833.808000000]: Footprint model 'polygon' loaded for trajectory optimization.
[INFO] [1783862072.592365901, 834.576000000]: Footprint model 'polygon' loaded for trajectory optimization.
[INFO] [1783862073.625904481, 835.612000000]: Footprint model 'polygon' loaded for trajectory optimization.
[INFO] [1783862074.563856888, 836.546000000]: Footprint model 'polygon' loaded for trajectory optimization.
[INFO] [1783862075.116000670, 837.098000000]: Footprint model 'polygon' loaded for trajectory optimization.
[INFO] [1783862075.717671907, 837.698000000]: Footprint model 'polygon' loaded for trajectory optimization.
[INFO] [1783862076.368577665, 838.348000000]: Footprint model 'polygon' loaded for trajectory optimization.
[INFO] [1783862076.967115706, 838.946000000]: Footprint model 'polygon' loaded for trajectory optimization.
[INFO] [1783862077.518950502, 839.496000000]: Footprint model 'polygon' loaded for trajectory optimization.
[INFO] [1783862078.119495269, 840.096000000]: Footprint model 'polygon' loaded for trajectory optimization.
[INFO] [1783862078.770390250, 840.744000000]: Footprint model 'polygon' loaded for trajectory optimization.
[INFO] [1783862080.413269831, 842.384000000]: GOAL Reached!
[INFO] [1783862080.552611810, 842.524000000]: Footprint model 'polygon' loaded for trajectory optimization.
[INFO] [1783862081.413977772, 843.386000000]: Footprint model 'polygon' loaded for trajectory optimization.
[INFO] [1783862082.110079286, 844.078000000]: Footprint model 'polygon' loaded for trajectory optimization.
[INFO] [1783862083.142590479, 845.110000000]: Footprint model 'polygon' loaded for trajectory optimization.
[INFO] [1783862084.081790067, 846.046000000]: Footprint model 'polygon' loaded for trajectory optimization.
[INFO] [1783862084.634355217, 846.600000000]: Footprint model 'polygon' loaded for trajectory optimization.
[INFO] [1783862085.282854895, 847.246000000]: Footprint model 'polygon' loaded for trajectory optimization.
[INFO] [1783862085.835198732, 847.800000000]: Footprint model 'polygon' loaded for trajectory optimization.
[INFO] [1783862086.436082044, 848.398000000]: Footprint model 'polygon' loaded for trajectory optimization.
[INFO] [1783862087.034219807, 848.996000000]: Footprint model 'polygon' loaded for trajectory optimization.
[INFO] [1783862087.680492656, 849.644000000]: Footprint model 'polygon' loaded for trajectory optimization.
[INFO] [1783862088.282208085, 850.244000000]: Footprint model 'polygon' loaded for trajectory optimization.
[INFO] [1783862089.928389723, 851.884000000]: GOAL Reached!
[INFO] [1783862090.070319918, 852.024000000]: Footprint model 'polygon' loaded for trajectory optimization.
[INFO] [1783862090.951032012, 852.908000000]: Footprint model 'polygon' loaded for trajectory optimization.
[INFO] [1783862091.632137729, 853.586000000]: Footprint model 'polygon' loaded for trajectory optimization.
[INFO] [1783862092.671002267, 854.622000000]: Footprint model 'polygon' loaded for trajectory optimization.
[INFO] [1783862093.614790594, 855.564000000]: Footprint model 'polygon' loaded for trajectory optimization.
[INFO] [1783862094.164017947, 856.112000000]: Footprint model 'polygon' loaded for trajectory optimization.
[INFO] [1783862094.808455807, 856.756000000]: Footprint model 'polygon' loaded for trajectory optimization.
[INFO] [1783862095.513149466, 857.460000000]: Footprint model 'polygon' loaded for trajectory optimization.
[INFO] [1783862096.109362882, 858.056000000]: Footprint model 'polygon' loaded for trajectory optimization.
[INFO] [1783862096.661113500, 858.608000000]: Footprint model 'polygon' loaded for trajectory optimization.
[INFO] [1783862097.313972499, 859.256000000]: Footprint model 'polygon' loaded for trajectory optimization.
[INFO] [1783862097.913499023, 859.856000000]: Footprint model 'polygon' loaded for trajectory optimization.
[INFO] [1783862099.457309632, 861.396000000]: GOAL Reached!
[INFO] [1783862099.606904882, 861.546000000]: Footprint model 'polygon' loaded for trajectory optimization.
[INFO] [1783862100.470743990, 862.406000000]: Footprint model 'polygon' loaded for trajectory optimization.
[INFO] [1783862101.252281576, 863.190000000]: Footprint model 'polygon' loaded for trajectory optimization.
[INFO] [1783862102.398102767, 864.334000000]: Footprint model 'polygon' loaded for trajectory optimization.
[INFO] [1783862103.350383857, 865.284000000]: Footprint model 'polygon' loaded for trajectory optimization.
[INFO] [1783862103.953702691, 865.888000000]: Footprint model 'polygon' loaded for trajectory optimization.
[INFO] [1783862104.505410951, 866.438000000]: Footprint model 'polygon' loaded for trajectory optimization.
[INFO] [1783862105.106279030, 867.038000000]: Footprint model 'polygon' loaded for trajectory optimization.
[INFO] [1783862105.709569561, 867.638000000]: Footprint model 'polygon' loaded for trajectory optimization.
[INFO] [1783862106.354852009, 868.282000000]: Footprint model 'polygon' loaded for trajectory optimization.
[INFO] [1783862106.904934183, 868.836000000]: Footprint model 'polygon' loaded for trajectory optimization.
[INFO] [1783862107.507115[WARN] [1783861857.017322, 619.368000]: training environment stop requested: safety adapter requested emergency stop
[WARN] [1783861858.109490, 620.460000]: training environment stop requested: safety adapter requested emergency stop
[WARN] [1783861865.760259, 628.098000]: training environment stop requested: safety adapter requested emergency stop
[WARN] [1783861867.475681, 629.812000]: training environment stop requested: safety adapter requested emergency stop
[WARN] [1783861874.597851, 636.918000]: training environment stop requested: safety adapter requested emergency stop
[WARN] [1783861875.642133, 637.962000]: training environment stop requested: safety adapter requested emergency stop
[WARN] [1783861882.828016, 645.136000]: training environment stop requested: safety adapter requested emergency stop
[WARN] [1783861883.936721, 646.242000]: training environment stop requested: safety adapter requested emergency stop
[WARN] [1783861890.486204, 652.782000]: training environment stop requested: safety adapter requested emergency stop
[WARN] [1783861891.549774, 653.842000]: training environment stop requested: safety adapter requested emergency stop
[WARN] [1783861904.274501, 666.546000]: training environment stop requested: safety adapter requested emergency stop
[WARN] [1783861905.353317, 667.620000]: training environment stop requested: safety adapter requested emergency stop
[WARN] [1783861917.142879, 679.392000]: training environment stop requested: safety adapter requested emergency stop
[WARN] [1783861918.795015, 681.046000]: training environment stop requested: safety adapter requested emergency stop
[WARN] [1783861930.694194, 692.922000]: training environment stop requested: safety adapter requested emergency stop
[WARN] [1783861931.817128, 694.042000]: training environment stop requested: safety adapter requested emergency stop
[WARN] [1783861943.623689, 705.830000]: training environment stop requested: safety adapter requested emergency stop
[WARN] [1783861944.679994, 706.882000]: training environment stop requested: safety adapter requested emergency stop
[WARN] [1783861956.321063, 718.504000]: training environment stop requested: safety adapter requested emergency stop
[WARN] [1783861957.979619, 720.162000]: training environment stop requested: safety adapter requested emergency stop
[WARN] [1783861969.789493, 731.950000]: training environment stop requested: safety adapter requested emergency stop
[WARN] [1783861971.467466, 733.628000]: training environment stop requested: safety adapter requested emergency stop
[WARN] [1783861984.142802, 746.280000]: training environment stop requested: safety adapter requested emergency stop
[WARN] [1783861985.204796, 747.342000]: training environment stop requested: safety adapter requested emergency stop
[WARN] [1783861996.723434, 758.838000]: training environment stop requested: safety adapter requested emergency stop
[WARN] [1783861997.762965, 759.878000]: training environment stop requested: safety adapter requested emergency stop
[WARN] [1783862010.044410, 772.136000]: training environment stop requested: safety adapter requested emergency stop
[WARN] [1783862011.151882, 773.242000]: training environment stop requested: safety adapter requested emergency stop
[WARN] [1783862022.716408, 784.790000]: training environment stop requested: safety adapter requested emergency stop
[WARN] [1783862024.385539, 786.454000]: training environment stop requested: safety adapter requested emergency stop
[WARN] [1783862033.205737, 795.260000]: training environment stop requested: safety adapter requested emergency stop
[WARN] [1783862034.273121, 796.322000]: training environment stop requested: safety adapter requested emergency stop
[WARN] [1783862042.642555, 804.678000]: training environment stop requested: safety adapter requested emergency stop
[WARN] [1783862043.765472, 805.802000]: training environment stop requested: safety adapter requested emergency stop
[WARN] [1783862052.174237, 814.194000]: training environment stop requested: safety adapter requested emergency stop
[WARN] [1783862053.283832, 815.300000]: training environment stop requested: safety adapter requested emergency stop
[WARN] [1783862062.932999, 824.936000]: training environment stop requested: safety adapter requested emergency stop
[WARN] [1783862064.043273, 826.040000]: training environment stop requested: safety adapter requested emergency stop
[WARN] [1783862072.453119, 834.438000]: training environment stop requested: safety adapter requested emergency stop
[WARN] [1783862073.557003, 835.540000]: training environment stop requested: safety adapter requested emergency stop
[WARN] [1783862082.017068, 843.984000]: training environment stop requested: safety adapter requested emergency stop
[WARN] [1783862083.074742, 845.042000]: training environment stop requested: safety adapter requested emergency stop
[WARN] [1783862091.486035, 853.438000]: training environment stop requested: safety adapter requested emergency stop
[WARN] [1783862092.611905, 854.562000]: training environment stop requested: safety adapter requested emergency stop
[WARN] [1783862101.111784, 863.048000]: training environment stop requested: safety adapter requested emergency stop
[WARN] [1783862102.248209, 864.182000]: training environment stop requested: safety adapter requested emergency stop
[WARN] [1783862110.661821, 872.582000]: training environment stop requested: safety adapter requested emergency stop
[WARN] [1783862111.784343, 873.702000]: training environment stop requested: safety adapter requested emergency stop
[WARN] [1783862120.124542, 882.030000]: training environment stop requested: safety adapter requested emergency stop
[WARN] [1783862121.238911, 883.142000]: training environment stop requested: safety adapter requested emergency stop
[WARN] [1783862122.454023, 884.356000]: training environment stop requested: adapter_close
schema_version: '1.0'
task: T11
status: passed
run_id: t11_semantic_eta_fullsafety_seed102
algorithm: RL-TEB-Semantic-Eta
training_seed: 102
safety_mode: FullSafety
episode_count: 230
step_count: 783
failure_count: 50
run_validation:
  valid: true
  run_id: t11_semantic_eta_fullsafety_seed102
  episode_count: 230
  step_count: 783
  verified_checksum_count: 4
selected_checkpoint: /home/robot/robot_ws_base_rl/artifacts/t11/runs/t11_semantic_eta_fullsafety_seed102/checkpoints/step_000200
passed: true
acceptance_override: false

488, 869.434000000]: Footprint model 'polygon' loaded for trajectory optimization.
[INFO] [1783862109.099821966, 871.024000000]: GOAL Reached!
[INFO] [1783862109.250167182, 871.172000000]: Footprint model 'polygon' loaded for trajectory optimization.
[INFO] [1783862110.127862754, 872.048000000]: Footprint model 'polygon' loaded for trajectory optimization.
[INFO] [1783862110.807721298, 872.730000000]: Footprint model 'polygon' loaded for trajectory optimization.
[INFO] [1783862111.855371122, 873.774000000]: Footprint model 'polygon' loaded for trajectory optimization.
[INFO] [1783862112.829794873, 874.746000000]: Footprint model 'polygon' loaded for trajectory optimization.
[INFO] [1783862113.419184865, 875.338000000]: Footprint model 'polygon' loaded for trajectory optimization.
[INFO] [1783862113.973064123, 875.888000000]: Footprint model 'polygon' loaded for trajectory optimization.
[INFO] [1783862114.574322531, 876.488000000]: Footprint model 'polygon' loaded for trajectory optimization.
[INFO] [1783862115.176067547, 877.088000000]: Footprint model 'polygon' loaded for trajectory optimization.
[INFO] [1783862115.821939296, 877.738000000]: Footprint model 'polygon' loaded for trajectory optimization.
[INFO] [1783862116.524560239, 878.436000000]: Footprint model 'polygon' loaded for trajectory optimization.
[INFO] [1783862117.123894655, 879.034000000]: Footprint model 'polygon' loaded for trajectory optimization.
[INFO] [1783862118.563984480, 880.474000000]: GOAL Reached!
[INFO] [1783862118.717961117, 880.626000000]: Footprint model 'polygon' loaded for trajectory optimization.
[INFO] [1783862119.579275375, 881.488000000]: Footprint model 'polygon' loaded for trajectory optimization.
[INFO] [1783862120.270114385, 882.174000000]: Footprint model 'polygon' loaded for trajectory optimization.
[INFO] [1783862121.316328534, 883.220000000]: Footprint model 'polygon' loaded for trajectory optimization.
[INFO] [1783862122.497864449, 884.400000000]: Footprint model 'polygon' loaded for trajectory optimization.
[INFO] [1783862122.526093633, 884.428000000]: Footprint model 'polygon' loaded for trajectory optimization.
[31mWARNING: disk usage in log directory [/home/robot/.ros/log] is over 1GB.
It's recommended that you use the 'rosclean' command.[0m
WARNING: Package name "gazebo_ros_2Dmap_plugin" does not follow the naming conventions. It should start with a lower case letter and only contain lower case letters, digits, underscores, and dashes.
WARNING: Package name "gazebo_ros_2Dmap_plugin" does not follow the naming conventions. It should start with a lower case letter and only contain lower case letters, digits, underscores, and dashes.
[31m================================================================================REQUIRED process [t11_formal_run-6] has died!
process has finished cleanly
log file: /home/robot/.ros/log/abb14f3c-7df1-11f1-91bc-3382cc4c3ed1/t11_formal_run-6*.log
Initiating shutdown!
================================================================================[0m
... logging to /home/robot/.ros/log/abb14f3c-7df1-11f1-91bc-3382cc4c3ed1/roslaunch-WP-163204.log
Checking log directory for disk usage. This may take a while.
Press Ctrl-C to interrupt
]2;/home/robot/robot_ws_base_rl/src/tools/thesis_experiment/launch/t11_formal_run.launch
[1mstarted roslaunch server http://WP:37105/[0m

SUMMARY
========

PARAMETERS
 * /gazebo/enable_ros_network: True
 * /m2_gazebo/simulation_only: True
 * /m2_robot_state_publisher/publish_frequency: 30.0
 * /move_base/TebLocalPlannerROS/acc_lim_theta: 0.8
 * /move_base/TebLocalPlannerROS/acc_lim_x: 0.8
 * /move_base/TebLocalPlannerROS/allow_init_with_backwards_motion: True
 * /move_base/TebLocalPlannerROS/cmd_angle_instead_rotvel: False
 * /move_base/TebLocalPlannerROS/costmap_obstacles_behind_robot_dist: 1.5
 * /move_base/TebLocalPlannerROS/dt_hysteresis: 0.1
 * /move_base/TebLocalPlannerROS/dt_ref: 0.3
 * /move_base/TebLocalPlannerROS/enable_homotopy_class_planning: False
 * /move_base/TebLocalPlannerROS/enable_multithreading: True
 * /move_base/TebLocalPlannerROS/feasibility_check_no_poses: 5
 * /move_base/TebLocalPlannerROS/footprint_model/type: polygon
 * /move_base/TebLocalPlannerROS/footprint_model/vertices: [[0.52, 0.35], [0...
 * /move_base/TebLocalPlannerROS/global_plan_overwrite_orientation: True
 * /move_base/TebLocalPlannerROS/include_costmap_obstacles: True
 * /move_base/TebLocalPlannerROS/inflation_dist: 0.55
 * /move_base/TebLocalPlannerROS/map_frame: odom
 * /move_base/TebLocalPlannerROS/max_global_plan_lookahead_dist: 8.0
 * /move_base/TebLocalPlannerROS/max_number_classes: 4
 * /move_base/TebLocalPlannerROS/max_samples: 500
 * /move_base/TebLocalPlannerROS/max_vel_theta: 1.0
 * /move_base/TebLocalPlannerROS/max_vel_x: 1.2
 * /move_base/TebLocalPlannerROS/max_vel_x_backwards: 0.6
 * /move_base/TebLocalPlannerROS/max_vel_y: 0.0
 * /move_base/TebLocalPlannerROS/min_obstacle_dist: 0.25
 * /move_base/TebLocalPlannerROS/min_turning_radius: 1.2
 * /move_base/TebLocalPlannerROS/obstacle_poses_affected: 15
 * /move_base/TebLocalPlannerROS/odom_topic: /odom
 * /move_base/TebLocalPlannerROS/teb_autosize: True
 * /move_base/TebLocalPlannerROS/weight_acc_lim_theta: 1.0
 * /move_base/TebLocalPlannerROS/weight_acc_lim_x: 1.0
 * /move_base/TebLocalPlannerROS/weight_adapt_factor: 2.0
 * /move_base/TebLocalPlannerROS/weight_inflation: 0.1
 * /move_base/TebLocalPlannerROS/weight_kinematics_forward_drive: 10.0
 * /move_base/TebLocalPlannerROS/weight_kinematics_nh: 1000.0
 * /move_base/TebLocalPlannerROS/weight_kinematics_turning_radius: 10.0
 * /move_base/TebLocalPlannerROS/weight_max_vel_theta: 1.0
 * /move_base/TebLocalPlannerROS/weight_max_vel_x: 2.0
 * /move_base/TebLocalPlannerROS/weight_obstacle: 50.0
 * /move_base/TebLocalPlannerROS/weight_optimaltime: 1.0
 * /move_base/TebLocalPlannerROS/weight_viapoint: 1.0
 * /move_base/TebLocalPlannerROS/wheelbase: 0.65
 * /move_base/base_global_planner: navfn/NavfnROS
 * /move_base/base_local_planner: teb_local_planner...
 * /move_base/clearing_rotation_allowed: False
 * /move_base/controller_frequency: 10.0
 * /move_base/controller_patience: 5.0
 * /move_base/global_costmap/footprint: [[0.52, 0.35], [0...
 * /move_base/global_costmap/footprint_padding: 0.05
 * /move_base/global_costmap/global_frame: odom
 * /move_base/global_costmap/height: 30.0
 * /move_base/global_costmap/inflation_layer/cost_scaling_factor: 4.0
 * /move_base/global_costmap/inflation_layer/enabled: True
 * /move_base/global_costmap/inflation_layer/inflation_radius: 0.55
 * /move_base/global_costmap/obstacle_layer/enabled: True
 * /move_base/global_costmap/obstacle_layer/observation_sources: scan
 * /move_base/global_costmap/obstacle_layer/scan/clearing: True
 * /move_base/global_costmap/obstacle_layer/scan/data_type: LaserScan
 * /move_base/global_costmap/obstacle_layer/scan/inf_is_valid: True
 * /move_base/global_costmap/obstacle_layer/scan/marking: True
 * /move_base/global_costmap/obstacle_layer/scan/obstacle_range: 12.0
 * /move_base/global_costmap/obstacle_layer/scan/raytrace_range: 15.0
 * /move_base/global_costmap/obstacle_layer/scan/sensor_frame: laser_link
 * /move_base/global_costmap/obstacle_layer/scan/topic: /scan
 * /move_base/global_costmap/plugins: [{'name': 'obstac...
 * /move_base/global_costmap/publish_frequency: 2.0
 * /move_base/global_costmap/resolution: 0.05
 * /move_base/global_costmap/robot_base_frame: base_link
 * /move_base/global_costmap/rolling_window: True
 * /move_base/global_costmap/transform_tolerance: 0.3
 * /move_base/global_costmap/update_frequency: 5.0
 * /move_base/global_costmap/width: 30.0
 * /move_base/local_costmap/footprint: [[0.52, 0.35], [0...
 * /move_base/local_costmap/footprint_padding: 0.05
 * /move_base/local_costmap/global_frame: odom
 * /move_base/local_costmap/height: 12.0
 * /move_base/local_costmap/inflation_layer/cost_scaling_factor: 4.0
 * /move_base/local_costmap/inflation_layer/enabled: True
 * /move_base/local_costmap/inflation_layer/inflation_radius: 0.55
 * /move_base/local_costmap/obstacle_layer/enabled: True
 * /move_base/local_costmap/obstacle_layer/observation_sources: scan
 * /move_base/local_costmap/obstacle_layer/scan/clearing: True
 * /move_base/local_costmap/obstacle_layer/scan/data_type: LaserScan
 * /move_base/local_costmap/obstacle_layer/scan/inf_is_valid: True
 * /move_base/local_costmap/obstacle_layer/scan/marking: True
 * /move_base/local_costmap/obstacle_layer/scan/obstacle_range: 12.0
 * /move_base/local_costmap/obstacle_layer/scan/raytrace_range: 15.0
 * /move_base/local_costmap/obstacle_layer/scan/sensor_frame: laser_link
 * /move_base/local_costmap/obstacle_layer/scan/topic: /scan
 * /move_base/local_costmap/plugins: [{'name': 'obstac...
 * /move_base/local_costmap/publish_frequency: 5.0
 * /move_base/local_costmap/resolution: 0.05
 * /move_base/local_costmap/robot_base_frame: base_link
 * /move_base/local_costmap/rolling_window: True
 * /move_base/local_costmap/transform_tolerance: 0.3
 * /move_base/local_costmap/update_frequency: 10.0
 * /move_base/local_costmap/width: 12.0
 * /move_base/oscillation_distance: 0.2
 * /move_base/oscillation_timeout: 10.0
 * /move_base/planner_frequency: 1.0
 * /move_base/planner_patience: 5.0
 * /move_base/recovery_behavior_enabled: False
 * /move_base/shutdown_costmaps: False
 * /robot_description: <?xml version="1....
 * /rosdistro: noetic
 * /rosversion: 1.17.4
 * /t11_formal_run/acceptance_eval_seed_limit: 0
 * /t11_formal_run/acceptance_timesteps: 0
 * /t11_formal_run/algorithm: RL-TEB-Semantic-Eta
 * /t11_formal_run/checkpoint: 
 * /t11_formal_run/config: /home/robot/robot...
 * /t11_formal_run/output_dir: /home/robot/robot...
 * /t11_formal_run/phase: train
 * /t11_formal_run/run_id: t11_semantic_eta_...
 * /t11_formal_run/safety_mode: FullSafety
 * /t11_formal_run/training_seed: 102
 * /use_sim_time: True

NODES
  /
    gazebo (gazebo_ros/gzserver)
    m2_robot_state_publisher (robot_state_publisher/robot_state_publisher)
    move_base (move_base/move_base)
    spawn_m2 (gazebo_ros/spawn_model)
    t11_formal_run (thesis_experiment/t11_formal_run.py)

auto-starting new master
[1mprocess[master]: started with pid [163260][0m
[1mROS_MASTER_URI=http://localhost:11311[0m
]2;/home/robot/robot_ws_base_rl/src/tools/thesis_experiment/launch/t11_formal_run.launch http://localhost:11311
[1msetting /run_id to abb14f3c-7df1-11f1-91bc-3382cc4c3ed1[0m
[1mprocess[rosout-1]: started with pid [163294][0m
started core service [/rosout]
[1mprocess[gazebo-2]: started with pid [163301][0m
[1mprocess[spawn_m2-3]: started with pid [163304][0m
[1mprocess[m2_robot_state_publisher-4]: started with pid [163307][0m
[1mprocess[move_base-5]: started with pid [163308][0m
[1mprocess[t11_formal_run-6]: started with pid [163309][0m
[1m[spawn_m2-3] process has finished cleanly
log file: /home/robot/.ros/log/abb14f3c-7df1-11f1-91bc-3382cc4c3ed1/spawn_m2-3*.log[0m
[t11_formal_run-6] killing on exit
[move_base-5] killing on exit
[m2_robot_state_publisher-4] killing on exit
[gazebo-2] killing on exit
[rosout-1] killing on exit
[master] killing on exit
shutting down processing monitor...
... shutting down processing monitor complete
[1mdone[0m
