WARNING: Package name "gazebo_ros_2Dmap_plugin" does not follow the naming conventions. It should start with a lower case letter and only contain lower case letters, digits, underscores, and dashes.
xacro: in-order processing became default in ROS Melodic. You can drop the option.
WARNING: Package name "gazebo_ros_2Dmap_plugin" does not follow the naming conventions. It should start with a lower case letter and only contain lower case letters, digits, underscores, and dashes.
WARNING: Package name "gazebo_ros_2Dmap_plugin" does not follow the naming conventions. It should start with a lower case letter and only contain lower case letters, digits, underscores, and dashes.
[INFO] [1783869821.826313, 0.000000]: Loading model XML from ros parameter robot_description
[INFO] [1783869821.830095, 0.000000]: Waiting for service /gazebo/spawn_urdf_model
[INFO] [1783869822.433430, 0.034000]: Calling service /gazebo/spawn_urdf_model
[INFO] [1783869822.741219, 0.172000]: Spawn status: SpawnModel: Successfully spawned entity
[INFO] [1783869823.145603140, 0.454000000]: global_costmap: Using plugin "obstacle_layer"
[INFO] [1783869823.148023396, 0.456000000]:     Subscribed to Topics: scan
[INFO] [1783869823.152494582, 0.460000000]: global_costmap: Using plugin "inflation_layer"
[INFO] [1783869823.163843181, 0.472000000]: local_costmap: Using plugin "obstacle_layer"
[INFO] [1783869823.164614328, 0.472000000]:     Subscribed to Topics: scan
[INFO] [1783869823.168672989, 0.476000000]: local_costmap: Using plugin "inflation_layer"
[INFO] [1783869823.178632523, 0.486000000]: Created local_planner teb_local_planner/TebLocalPlannerROS
[INFO] [1783869823.199619931, 0.508000000]: Footprint model 'polygon' loaded for trajectory optimization.
[INFO] [1783869823.199736296, 0.508000000]: Parallel planning in distinctive topologies disabled.
[INFO] [1783869823.199753980, 0.508000000]: No costmap conversion plugin specified. All occupied costmap cells are treaten as point obstacles.
[INFO] [1783869823.220755287, 0.530000000]: Footprint model 'polygon' loaded for trajectory optimization.
[INFO] [1783869823.393130530, 0.700000000]: Recovery behavior will clear layer 'obstacles'
[INFO] [1783869823.395059865, 0.700000000]: Recovery behavior will clear layer 'obstacles'
[INFO] [1783869823.412392693, 0.718000000]: odom received!
[INFO] [1783869825.154659220, 2.460000000]: Footprint model 'polygon' loaded for trajectory optimization.
[INFO] [1783869825.800053257, 3.104000000]: Footprint model 'polygon' loaded for trajectory optimization.
[INFO] [1783869826.441847892, 3.748000000]: Footprint model 'polygon' loaded for trajectory optimization.
[INFO] [1783869827.043260336, 4.346000000]: Footprint model 'polygon' loaded for trajectory optimization.
[INFO] [1783869828.683526634, 5.986000000]: GOAL Reached!
[INFO] [1783869828.829377212, 6.130000000]: Footprint model 'polygon' loaded for trajectory optimization.
[INFO] [1783869829.705121249, 7.002000000]: Footprint model 'polygon' loaded for trajectory optimization.
[INFO] [1783869830.253918240, 7.550000000]: Footprint model 'polygon' loaded for trajectory optimization.
[INFO] [1783869830.853280960, 8.148000000]: Footprint model 'polygon' loaded for trajectory optimization.
[INFO] [1783869831.454272388, 8.748000000]: Footprint model 'polygon' loaded for trajectory optimization.
[INFO] [1783869832.055258795, 9.348000000]: Footprint model 'polygon' loaded for trajectory optimization.
[INFO] [1783869832.699811659, 9.990000000]: Footprint model 'polygon' loaded for trajectory optimization.
[INFO] [1783869834.146308892, 11.434000000]: GOAL Reached!
[INFO] [1783869834.290242826, 11.580000000]: Footprint model 'polygon' loaded for trajectory optimization.
[INFO] [1783869835.176264696, 12.462000000]: Footprint model 'polygon' loaded for trajectory optimization.
[INFO] [1783869835.720942209, 13.006000000]: Footprint model 'polygon' loaded for trajectory optimization.
[INFO] [1783869836.325968366, 13.610000000]: Footprint model 'polygon' loaded for trajectory optimization.
[INFO] [1783869836.924459936, 14.206000000]: Footprint model 'polygon' loaded for trajectory optimization.
[INFO] [1783869837.573870295, 14.856000000]: Footprint model 'polygon' loaded for trajectory optimization.
[INFO] [1783869838.120694511, 15.404000000]: Footprint model 'polygon' loaded for trajectory optimization.
[INFO] [1783869838.773986410, 16.054000000]: Footprint model 'polygon' loaded for trajectory optimization.
[INFO] [1783869839.377458543, 16.656000000]: Footprint model 'polygon' loaded for trajectory optimization.
[INFO] [1783869839.974501390, 17.254000000]: Footprint model 'polygon' loaded for trajectory optimization.
[INFO] [1783869841.815274864, 19.090000000]: GOAL Reached!
[INFO] [1783869841.957219958, 19.234000000]: Footprint model 'polygon' loaded for trajectory optimization.
[INFO] [1783869842.850526697, 20.124000000]: Footprint model 'polygon' loaded for trajectory optimization.
[INFO] [1783869843.405831828, 20.680000000]: Footprint model 'polygon' loaded for trajectory optimization.
[INFO] [1783869844.055929409, 21.326000000]: Footprint model 'polygon' loaded for trajectory optimization.
[INFO] [1783869844.603002805, 21.874000000]: Footprint model 'polygon' loaded for trajectory optimization.
[INFO] [1783869845.204487789, 22.472000000]: Footprint model 'polygon' loaded for trajectory optimization.
[INFO] [1783869845.850519956, 23.122000000]: Footprint model 'polygon' loaded for trajectory optimization.
[INFO] [1783869846.405269606, 23.672000000]: Footprint model 'polygon' loaded for trajectory optimization.
[INFO] [1783869847.005322886, 24.270000000]: Footprint model 'polygon' loaded for trajectory optimization.
[INFO] [1783869848.495589552, 25.758000000]: GOAL Reached!
[INFO] [1783869848.642196469, 25.904000000]: Footprint model 'polygon' loaded for trajectory optimization.
[INFO] [1783869849.524129061, 26.784000000]: Footprint model 'polygon' loaded for trajectory optimization.
[INFO] [1783869850.107220169, 27.368000000]: Footprint model 'polygon' loaded for trajectory optimization.
[INFO] [1783869850.711140518, 27.970000000]: Footprint model 'polygon' loaded for trajectory optimization.
[INFO] [1783869851.264631464, 28.522000000]: Footprint model 'polygon' loaded for trajectory optimization.
[INFO] [1783869853.153898421, 30.408000000]: GOAL Reached!
[INFO] [1783869853.297782883, 30.552000000]: Footprint model 'polygon' loaded for trajectory optimization.
[INFO] [1783869854.169691250, 31.422000000]: Footprint model 'polygon' loaded for trajectory optimization.
[INFO] [1783869854.774465604, 32.026000000]: Footprint model 'polygon' loaded for trajectory optimization.
[INFO] [1783869855.322203530, 32.574000000]: Footprint model 'polygon' loaded for trajectory optimization.
[INFO] [1783869855.974483209, 33.222000000]: Footprint model 'polygon' loaded for trajectory optimization.
[INFO] [1783869856.573367452, 33.820000000]: Footprint model 'polygon' loaded for trajectory optimization.
[INFO] [1783869857.171289245, 34.420000000]: Footprint model 'polygon' loaded for trajectory optimization.
[INFO] [1783869858.717366703, 35.960000000]: GOAL Reached!
[INFO] [1783869858.863725879, 36.108000000]: Footprint model 'polygon' loaded for trajectory optimization.
[INFO] [1783869859.758927824, 37.004000000]: Footprint model 'polygon' loaded for trajectory optimization.
[INFO] [1783869860.343750074, 37.586000000]: Footprint model 'polygon' loaded for trajectory optimization.
[INFO] [1783869860.898948196, 38.140000000]: Footprint model 'polygon' loaded for trajectory optimization.
[INFO] [1783869861.497197095, 38.738000000]: Footprint model 'polygon' loaded for trajectory optimization.
[INFO] [1783869862.093999239, 39.332000000]: Footprint model 'polygon' loaded for trajectory optimization.
[INFO] [1783869862.747516513, 39.986000000]: Footprint model 'polygon' loaded for trajectory optimization.
[INFO] [1783869863.300340745, 40.536000000]: Footprint model 'polygon' loaded for trajectory optimization.
[INFO] [1783869863.899785272, 41.136000000]: Footprint model 'polygon' loaded for trajectory optimization.
[INFO] [1783869864.503726703, 41.736000000]: Footprint model 'polygon' loaded for trajectory optimization.
[INFO] [1783869865.099312738, 42.334000000]: Footprint model 'polygon' loaded for trajectory optimization.
[INFO] [1783869866.587963334, 43.822000000]: GOAL Reached!
[INFO] [1783869866.743359526, 43.976000000]: Footprint model 'polygon' loaded for trajectory optimization.
[INFO] [1783869867.611904924, 44.840000000]: Footprint model 'polygon' loaded for trajectory optimization.
[INFO] [1783869868.166274712, 45.394000000]: Footprint model 'polygon' loaded for trajectory optimization.
[INFO] [1783869868.813136505, 46.040000000]: Footprint model 'polygon' loaded for trajectory optimization.
[INFO] [1783869869.358064708, 46.586000000]: Footprint model 'polygon' loaded for trajectory optimization.
[INFO] [1783869869.961971694, 47.186000000]: Footprint model 'polygon' loaded for trajectory optimization.
[INFO] [1783869870.612836901, 47.836000000]: Footprint model 'polygon' loaded for trajectory optimization.
[INFO] [1783869871.162387228, 48.384000000]: Footprint model 'polygon' loaded for trajectory optimization.
[INFO] [1783869871.761397585, 48.984000000]: Footprint model 'polygon' loaded for trajectory optimization.
[INFO] [1783869873.453171215, 50.672000000]: GOAL Reached!
[INFO] [1783869873.593189913, 50.812000000]: Footprint model 'polygon' loaded for trajectory optimization.
[INFO] [1783869874.462676368, 51.682000000]: Footprint model 'polygon' loaded for trajectory optimization.
[INFO] [1783869875.096680567, 52.314000000]: Footprint model 'polygon' loaded for trajectory optimization.
[INFO] [1783869875.701086296, 52.916000000]: Footprint model 'polygon' loaded for trajectory optimization.
[INFO] [1783869876.300131795, 53.514000000]: Footprint model 'polygon' loaded for trajectory optimization.
[INFO] [1783869877.993712718, 55.204000000]: GOAL Reached!
[INFO] [1783869878.133833305, 55.346000000]: Footprint model 'polygon' loaded for trajectory optimization.
[INFO] [1783869878.988764342, 56.198000000]: Footprint model 'polygon' loaded for trajectory optimization.
[INFO] [1783869879.597174537, 56.806000000]: Footprint model 'polygon' loaded for trajectory optimization.
[INFO] [1783869880.193168917, 57.400000000]: Footprint model 'polygon' loaded for trajectory optimization.
[INFO] [1783869880.746165772, 57.952000000]: Footprint model 'polygon' loaded for trajectory optimization.
[INFO] [1783869881.348638825, 58.552000000]: Footprint model 'polygon' loaded for trajectory optimization.
[INFO] [1783869881.995683297, 59.200000000]: Footprint model 'polygon' loaded for trajectory optimization.
[INFO] [1783869883.539075488, 60.740000000]: GOAL Reached!
[INFO] [1783869883.683673807, 60.884000000]: Footprint model 'polygon' loaded for trajectory optimization.
[INFO] [1783869884.563707568, 61.762000000]: Footprint model 'polygon' loaded for trajectory optimization.
[INFO] [1783869885.142068341, 62.344000000]: Footprint model 'polygon' loaded for trajectory optimization.
[INFO] [1783869885.746241143, 62.944000000]: Footprint model 'polygon' loaded for trajectory optimization.
[INFO] [1783869886.338694706, 63.536000000]: Footprint model 'polygon' loaded for trajectory optimization.
[INFO] [1783869886.950528530, 64.146000000]: Footprint model 'polygon' loaded for trajectory optimization.
[INFO] [1783869887.505611599, 64.700000000]: Footprint model 'polygon' loaded for trajectory optimization.
[INFO] [1783869888.103503596, 65.298000000]: Footprint model 'polygon' loaded for trajectory optimization.
[INFO] [1783869888.703805600, 65.898000000]: Footprint model 'polygon' loaded for trajectory optimization.
[INFO] [1783869889.306287146, 66.498000000]: Footprint model 'polygon' loaded for trajectory optimization.
[INFO] [1783869889.902860689, 67.096000000]: Footprint model 'polygon' loaded for trajectory optimization.
[INFO] [1783869891.395769863, 68.582000000]: GOAL Reached!
[INFO] [1783869891.535300694, 68.722000000]: Footprint model 'polygon' loaded for trajectory optimization.
[INFO] [1783869892.416478300, 69.600000000]: Footprint model 'polygon' loaded for trajectory optimization.
[INFO] [1783869893.010876542, 70.198000000]: Footprint model 'polygon' loaded for trajectory optimization.
[INFO] [1783869893.613039701, 70.800000000]: Footprint model 'polygon' loaded for trajectory optimization.
[INFO] [1783869894.167744877, 71.350000000]: Footprint model 'polygon' loaded for trajectory optimization.
[INFO] [1783869894.814143628, 71.996000000]: Footprint model 'polygon' loaded for trajectory optimization.
[INFO] [1783869895.368124948, 72.548000000]: Footprint model 'polygon' loaded for trajectory optimization.
[INFO] [1783869896.018600340, 73.198000000]: Footprint model 'polygon' loaded for trajectory optimization.
[INFO] [1783869896.565532667, 73.746000000]: Footprint model 'polygon' loaded for trajectory optimization.
[INFO] [1783869898.155020040, 75.332000000]: GOAL Reached!
[INFO] [1783869898.282030577, 75.458000000]: Footprint model 'polygon' loaded for trajectory optimization.
[INFO] [1783869899.147105327, 76.322000000]: Footprint model 'polygon' loaded for trajectory optimization.
[INFO] [1783869899.731614428, 76.906000000]: Footprint model 'polygon' loaded for trajectory optimization.
[INFO] [1783869900.283082746, 77.458000000]: Footprint model 'polygon' loaded for trajectory optimization.
[INFO] [1783869900.885328764, 78.058000000]: Footprint model 'polygon' loaded for trajectory optimization.
[INFO] [1783869902.776570738, 79.946000000]: GOAL Reached!
[INFO] [1783869902.929045563, 80.098000000]: Footprint model 'polygon' loaded for trajectory optimization.
[INFO] [1783869903.796092284, 80.962000000]: Footprint model 'polygon' loaded for trajectory optimization.
[INFO] [1783869904.399342639, 81.568000000]: Footprint model 'polygon' loaded for trajectory optimization.
[INFO] [1783869904.949257137, 82.114000000]: Footprint model 'polygon' loaded for trajectory optimization.
[INFO] [1783869905.606870164, 82.770000000]: Footprint model 'polygon' loaded for trajectory optimization.
[INFO] [1783869906.150236183, 83.312000000]: Footprint model 'polygon' loaded for trajectory optimization.
[INFO] [1783869906.802118500, 83.964000000]: Footprint model 'polygon' loaded for trajectory optimization.
[INFO] [1783869908.441640157, 85.602000000]: GOAL Reached!
[INFO] [1783869908.568329121, 85.728000000]: Footprint model 'polygon' loaded for trajectory optimization.
[INFO] [1783869909.447957230, 86.602000000]: Footprint model 'polygon' loaded for trajectory optimization.
[INFO] [1783869910.055695418, 87.210000000]: Footprint model 'polygon' loaded for trajectory optimization.
[INFO] [1783869910.641266043, 87.796000000]: Footprint model 'polygon' loaded for trajectory optimization.
[INFO] [1783869911.247941599, 88.400000000]: Footprint model 'polygon' loaded for trajectory optimization.
[INFO] [1783869911.797057162, 88.950000000]: Footprint model 'polygon' loaded for trajectory optimization.
[INFO] [1783869912.398376861, 89.550000000]: Footprint model 'polygon' loaded for trajectory optimization.
[INFO] [1783869912.995551854, 90.148000000]: Footprint model 'polygon' loaded for trajectory optimization.
[INFO] [1783869913.602502858, 90.750000000]: Footprint model 'polygon' loaded for trajectory optimization.
[INFO] [1783869914.250744972, 91.398000000]: Footprint model 'polygon' loaded for trajectory optimization.
[INFO] [1783869914.792605798, 91.944000000]: Footprint model 'polygon' loaded for trajectory optimization.
[INFO] [1783869916.489067851, 93.634000000]: GOAL Reached!
[INFO] [1783869916.625404655, 93.770000000]: Footprint model 'polygon' loaded for trajectory optimization.
[INFO] [1783869917.523284800, 94.668000000]: Footprint model 'polygon' loaded for trajectory optimization.
[INFO] [1783869918.064526546, 95.206000000]: Footprint model 'polygon' loaded for trajectory optimization.
[INFO] [1783869918.666144519, 95.808000000]: Footprint model 'polygon' loaded for trajectory optimization.
[INFO] [1783869919.319659426, 96.460000000]: Footprint model 'polygon' loaded for trajectory optimization.
[INFO] [1783869919.916268406, 97.056000000]: Footprint model 'polygon' loaded for trajectory optimization.
[INFO] [1783869920.464714324, 97.604000000]: Footprint model 'polygon' loaded for trajectory optimization.
[INFO] [1783869921.120114370, 98.256000000]: Footprint model 'polygon' loaded for trajectory optimization.
[INFO] [1783869921.669091864, 98.804000000]: Footprint model 'polygon' loaded for trajectory optimization.
[INFO] [1783869923.156971694, 100.290000000]: GOAL Reached!
[INFO] [1783869923.301215036, 100.434000000]: Footprint model 'polygon' loaded for trajectory optimization.
[INFO] [1783869924.169512465, 101.300000000]: Footprint model 'polygon' loaded for trajectory optimization.
[INFO] [1783869924.765070103, 101.896000000]: Footprint model 'polygon' loaded for trajectory optimization.
[INFO] [1783869925.316207458, 102.444000000]: Footprint model 'polygon' loaded for trajectory optimization.
[INFO] [1783869925.918634232, 103.046000000]: Footprint model 'polygon' loaded for trajectory optimization.
[INFO] [1783869927.709788411, 104.832000000]: GOAL Reached!
[INFO] [1783869927.856613032, 104.980000000]: Footprint model 'polygon' loaded for trajectory optimization.
[INFO] [1783869928.739948426, 105.862000000]: Footprint model 'polygon' loaded for trajectory optimization.
[INFO] [1783869929.318733249, 106.440000000]: Footprint model 'polygon' loaded for trajectory optimization.
[INFO] [1783869929.924199808, 107.044000000]: Footprint model 'polygon' loaded for trajectory optimization.
[INFO] [1783869930.478681523, 107.596000000]: Footprint model 'polygon' loaded for trajectory optimization.
[INFO] [1783869931.128056216, 108.244000000]: Footprint model 'polygon' loaded for trajectory optimization.
[INFO] [1783869931.727601250, 108.844000000]: Footprint model 'polygon' loaded for trajectory optimization.
[INFO] [1783869933.268821634, 110.382000000]: GOAL Reached!
[INFO] [1783869933.432038483, 110.544000000]: Footprint model 'polygon' loaded for trajectory optimization.
[INFO] [1783869934.309088762, 111.420000000]: Footprint model 'polygon' loaded for trajectory optimization.
[INFO] [1783869934.903648724, 112.012000000]: Footprint model 'polygon' loaded for trajectory optimization.
[INFO] [1783869935.507852448, 112.616000000]: Footprint model 'polygon' loaded for trajectory optimization.
[INFO] [1783869936.101794118, 113.210000000]: Footprint model 'polygon' loaded for trajectory optimization.
[INFO] [1783869936.655800321, 113.764000000]: Footprint model 'polygon' loaded for trajectory optimization.
[INFO] [1783869937.260167136, 114.366000000]: Footprint model 'polygon' loaded for trajectory optimization.
[INFO] [1783869937.860557653, 114.964000000]: Footprint model 'polygon' loaded for trajectory optimization.
[INFO] [1783869938.462819990, 115.566000000]: Footprint model 'polygon' loaded for trajectory optimization.
[INFO] [1783869939.058029089, 116.164000000]: Footprint model 'polygon' loaded for trajectory optimization.
[INFO] [1783869940.947742947, 118.048000000]: GOAL Reached!
[INFO] [1783869941.102905339, 118.204000000]: Footprint model 'polygon' loaded for trajectory optimization.
[INFO] [1783869941.982520439, 119.082000000]: Footprint model 'polygon' loaded for trajectory optimization.
[INFO] [1783869942.533047950, 119.628000000]: Footprint model 'polygon' loaded for trajectory optimization.
[INFO] [1783869943.133899202, 120.232000000]: Footprint model 'polygon' loaded for trajectory optimization.
[INFO] [1783869943.735368877, 120.830000000]: Footprint model 'polygon' loaded for trajectory optimization.
[INFO] [1783869944.382080037, 121.476000000]: Footprint model 'polygon' loaded for trajectory optimization.
[INFO] [1783869944.932933086, 122.026000000]: Footprint model 'polygon' loaded for trajectory optimization.
[INFO] [1783869945.582657274, 122.676000000]: Footprint model 'polygon' loaded for trajectory optimization.
[INFO] [1783869946.135507606, 123.226000000]: Footprint model 'polygon' loaded for trajectory optimization.
[INFO] [1783869947.724333173, 124.812000000]: GOAL Reached!
[INFO] [1783869947.884432835, 124.972000000]: Footprint model 'polygon' loaded for trajectory optimization.
[INFO] [1783869948.755355178, 125.840000000]: Footprint model 'polygon' loaded for trajectory optimization.
[INFO] [1783869949.355076378, 126.440000000]: Footprint model 'polygon' loaded for trajectory optimization.
[INFO] [1783869949.910652664, 126.992000000]: Footprint model 'polygon' loaded for trajectory optimization.
[INFO] [1783869950.553201870, 127.640000000]: Footprint model 'polygon' loaded for trajectory optimization.
[INFO] [1783869952.400076524, 129.480000000]: GOAL Reached!
[INFO] [1783869952.552787271, 129.632000000]: Footprint model 'polygon' loaded for trajectory optimization.
[INFO] [1783869953.423227226, 130.500000000]: Footprint model 'polygon' loaded for trajectory optimization.
[INFO] [1783869953.985142036, 131.060000000]: Footprint model 'polygon' loaded for trajectory optimization.
[INFO] [1783869954.583815103, 131.658000000]: Footprint model 'polygon' loaded for trajectory optimization.
[INFO] [1783869955.185954329, 132.258000000]: Footprint model 'polygon' loaded for trajectory optimization.
[INFO] [1783869955.783277591, 132.856000000]: Footprint model 'polygon' loaded for trajectory optimization.
[INFO] [1783869956.379404020, 133.454000000]: Footprint model 'polygon' loaded for trajectory optimization.
[INFO] [1783869957.871200899, 134.942000000]: GOAL Reached!
[INFO] [1783869958.000072423, 135.070000000]: Footprint model 'polygon' loaded for trajectory optimization.
[INFO] [1783869958.874709354, 135.942000000]: Footprint model 'polygon' loaded for trajectory optimization.
[INFO] [1783869959.458329343, 136.526000000]: Footprint model 'polygon' loaded for trajectory optimization.
[INFO] [1783869960.011268317, 137.078000000]: Footprint model 'polygon' loaded for trajectory optimization.
[INFO] [1783869960.661859435, 137.728000000]: Footprint model 'polygon' loaded for trajectory optimization.
[INFO] [1783869961.209430128, 138.278000000]: Footprint model 'polygon' loaded for trajectory optimization.
[INFO] [1783869961.864171444, 138.926000000]: Footprint model 'polygon' loaded for trajectory optimization.
[INFO] [1783869962.413170115, 139.476000000]: Footprint model 'polygon' loaded for trajectory optimization.
[INFO] [1783869963.015552121, 140.076000000]: Footprint model 'polygon' loaded for trajectory optimization.
[INFO] [1783869963.660315980, 140.720000000]: Footprint model 'polygon' loaded for trajectory optimization.
[INFO] [1783869964.264591659, 141.324000000]: Footprint model 'polygon' loaded for trajectory optimization.
[INFO] [1783869965.900198933, 142.960000000]: GOAL Reached!
[INFO] [1783869966.042917880, 143.100000000]: Footprint model 'polygon' loaded for trajectory optimization.
[INFO] [1783869966.904276523, 143.960000000]: Footprint model 'polygon' loaded for trajectory optimization.
[INFO] [1783869967.503670348, 144.556000000]: Footprint model 'polygon' loaded for trajectory optimization.
[INFO] [1783869968.101427100, 145.154000000]: Footprint model 'polygon' loaded for trajectory optimization.
[INFO] [1783869968.658032937, 145.708000000]: Footprint model 'polygon' loaded for trajectory optimization.
[INFO] [1783869969.304280511, 146.354000000]: Footprint model 'polygon' loaded for trajectory optimization.
[INFO] [1783869969.903820357, 146.952000000]: Footprint model 'polygon' loaded for trajectory optimization.
[INFO] [1783869970.453965007, 147.504000000]: Footprint model 'polygon' loaded for trajectory optimization.
[INFO] [1783869972.447126102, 149.490000000]: GOAL Reached!
[INFO] [1783869972.596770401, 149.638000000]: Footprint model 'polygon' loaded for trajectory optimization.
[INFO] [1783869973.480037274, 150.520000000]: Footprint model 'polygon' loaded for trajectory optimization.
[INFO] [1783869974.020545313, 151.062000000]: Footprint model 'polygon' loaded for trajectory optimization.
[INFO] [1783869974.622133841, 151.660000000]: Footprint model 'polygon' loaded for trajectory optimization.
[INFO] [1783869975.270504867, 152.308000000]: Footprint model 'polygon' loaded for trajectory optimization.
[INFO] [1783869977.213602456, 154.248000000]: GOAL Reached!
[INFO] [1783869977.371138912, 154.406000000]: Footprint model 'polygon' loaded for trajectory optimization.
[INFO] [1783869978.247162525, 155.280000000]: Footprint model 'polygon' loaded for trajectory optimization.
[INFO] [1783869978.789187767, 155.822000000]: Footprint model 'polygon' loaded for trajectory optimization.
[INFO] [1783869979.389423575, 156.422000000]: Footprint model 'polygon' loaded for trajectory optimization.
[INFO] [1783869979.992015724, 157.022000000]: Footprint model 'polygon' loaded for trajectory optimization.
[INFO] [1783869980.639614647, 157.668000000]: Footprint model 'polygon' loaded for trajectory optimization.
[INFO] [1783869981.239281901, 158.268000000]: Footprint model 'polygon' loaded for trajectory optimization.
[INFO] [1783869982.783191672, 159.808000000]: GOAL Reached!
[INFO] [1783869982.935577152, 159.960000000]: Footprint model 'polygon' loaded for trajectory optimization.
[INFO] [1783869983.818432070, 160.842000000]: Footprint model 'polygon' loaded for trajectory optimization.
[INFO] [1783869984.367279198, 161.390000000]: Footprint model 'polygon' loaded for trajectory optimization.
[INFO] [1783869985.015209528, 162.036000000]: Footprint model 'polygon' loaded for trajectory optimization.
[INFO] [1783869985.566303156, 162.586000000]: Footprint model 'polygon' loaded for trajectory optimization.
[INFO] [1783869986.163764008, 163.182000000]: Footprint model 'polygon' loaded for trajectory optimization.
[INFO] [1783869986.762234817, 163.782000000]: Footprint model 'polygon' loaded for trajectory optimization.
[INFO] [1783869987.387223875, 164.404000000]: Footprint model 'polygon' loaded for trajectory optimization.
[INFO] [1783869987.968488047, 164.984000000]: Footprint model 'polygon' loaded for trajectory optimization.
[INFO] [1783869988.618995047, 165.634000000]: Footprint model 'polygon' loaded for trajectory optimization.
[INFO] [1783869990.354447401, 167.368000000]: GOAL Reached!
[INFO] [1783869990.491800098, 167.506000000]: Footprint model 'polygon' loaded for trajectory optimization.
[INFO] [1783869991.348251280, 168.362000000]: Footprint model 'polygon' loaded for trajectory optimization.
[INFO] [1783869991.909956308, 168.920000000]: Footprint model 'polygon' loaded for trajectory optimization.
[INFO] [1783869992.511334721, 169.520000000]: Footprint model 'polygon' loaded for trajectory optimization.
[INFO] [1783869993.109177056, 170.118000000]: Footprint model 'polygon' loaded for trajectory optimization.
[INFO] [1783869993.710454296, 170.720000000]: Footprint model 'polygon' loaded for trajectory optimization.
[INFO] [1783869994.308488292, 171.314000000]: Footprint model 'polygon' loaded for trajectory optimization.
[INFO] [1783869994.959744554, 171.964000000]: Footprint model 'polygon' loaded for trajectory optimization.
[INFO] [1783869996.898156105, 173.900000000]: GOAL Reached!
[INFO] [1783869997.053157260, 174.054000000]: Footprint model 'polygon' loaded for trajectory optimization.
[INFO] [1783869997.922358441, 174.922000000]: Footprint model 'polygon' loaded for trajectory optimization.
[INFO] [1783869998.512310965, 175.510000000]: Footprint model 'polygon' loaded for trajectory optimization.
[INFO] [1783869999.109530191, 176.106000000]: Footprint model 'polygon' loaded for trajectory optimization.
[INFO] [1783869999.714718518, 176.708000000]: Footprint model 'polygon' loaded for trajectory optimization.
[INFO] [1783870001.455763553, 178.448000000]: GOAL Reached!
[INFO] [1783870001.597698583, 178.590000000]: Footprint model 'polygon' loaded for trajectory optimization.
[INFO] [1783870002.490837391, 179.482000000]: Footprint model 'polygon' loaded for trajectory optimization.
[INFO] [1783870003.129591866, 180.120000000]: Footprint model 'polygon' loaded for trajectory optimization.
[INFO] [1783870003.778001250, 180.766000000]: Footprint model 'polygon' loaded for trajectory optimization.
[INFO] [1783870004.379745796, 181.368000000]: Footprint model 'polygon' loaded for trajectory optimization.
[INFO] [1783870004.977140860, 181.964000000]: Footprint model 'polygon' loaded for trajectory optimization.
[INFO] [1783870005.531297140, 182.516000000]: Footprint model 'polygon' loaded for trajectory optimization.
[INFO] [1783870007.021174960, 184.004000000]: GOAL Reached!
[INFO] [1783870007.161418996, 184.144000000]: Footprint model 'polygon' loaded for trajectory optimization.
[INFO] [1783870008.043718018, 185.022000000]: Footprint model 'polygon' loaded for trajectory optimization.
[INFO] [1783870008.639046198, 185.618000000]: Footprint model 'polygon' loaded for trajectory optimization.
[INFO] [1783870009.234307848, 186.212000000]: Footprint model 'polygon' loaded for trajectory optimization.
[INFO] [1783870009.835994085, 186.812000000]: Footprint model 'polygon' loaded for trajectory optimization.
[INFO] [1783870010.387335036, 187.362000000]: Footprint model 'polygon' loaded for trajectory optimization.
[INFO] [1783870011.038924040, 188.012000000]: Footprint model 'polygon' loaded for trajectory optimization.
[INFO] [1783870011.591351463, 188.564000000]: Footprint model 'polygon' loaded for trajectory optimization.
[INFO] [1783870012.190008336, 189.164000000]: Footprint model 'polygon' loaded for trajectory optimization.
[INFO] [1783870012.794091882, 189.764000000]: Footprint model 'polygon' loaded for trajectory optimization.
[INFO] [1783870013.390747330, 190.360000000]: Footprint model 'polygon' loaded for trajectory optimization.
[INFO] [1783870015.182815157, 192.148000000]: GOAL Reached!
[INFO] [1783870015.333297484, 192.298000000]: Footprint model 'polygon' loaded for trajectory optimization.
[INFO] [1783870016.216488826, 193.182000000]: Footprint model 'polygon' loaded for trajectory optimization.
[INFO] [1783870016.765174421, 193.730000000]: Footprint model 'polygon' loaded for trajectory optimization.
[INFO] [1783870017.411369124, 194.374000000]: Footprint model 'polygon' loaded for trajectory optimization.
[INFO] [1783870017.961767115, 194.922000000]: Footprint model 'polygon' loaded for trajectory optimization.
[INFO] [1783870018.564593019, 195.524000000]: Footprint model 'polygon' loaded for trajectory optimization.
[INFO] [1783870019.160890235, 196.120000000]: Footprint model 'polygon' loaded for trajectory optimization.
[INFO] [1783870019.762643878, 196.720000000]: Footprint model 'polygon' loaded for trajectory optimization.
[INFO] [1783870021.751678238, 198.706000000]: GOAL Reached!
[INFO] [1783870021.892323113, 198.846000000]: Footprint model 'polygon' loaded for trajectory optimization.
[INFO] [1783870022.748944171, 199.702000000]: Footprint model 'polygon' loaded for trajectory optimization.
[INFO] [1783870023.309257398, 200.262000000]: Footprint model 'polygon' loaded for trajectory optimization.
[INFO] [1783870023.906173556, 200.858000000]: Footprint model 'polygon' loaded for trajectory optimization.
[INFO] [1783870024.559907406, 201.508000000]: Footprint model 'polygon' loaded for trajectory optimization.
[INFO] [1783870026.398451926, 203.346000000]: GOAL Reached!
[INFO] [1783870026.533616150, 203.480000000]: Footprint model 'polygon' loaded for trajectory optimization.
[INFO] [1783870027.396678683, 204.342000000]: Footprint model 'polygon' loaded for trajectory optimization.
[INFO] [1783870027.990691628, 204.936000000]: Footprint model 'polygon' loaded for trajectory optimization.
[INFO] [1783870028.543373666, 205.486000000]: Footprint model 'polygon' loaded for trajectory optimization.
[INFO] [1783870029.140898332, 206.086000000]: Footprint model 'polygon' loaded for trajectory optimization.
[INFO] [1783870029.791361156, 206.732000000]: Footprint model 'polygon' loaded for trajectory optimization.
[INFO] [1783870030.390868581, 207.330000000]: Footprint model 'polygon' loaded for trajectory optimization.
[INFO] [1783870031.833042555, 208.770000000]: GOAL Reached!
[INFO] [1783870031.981191821, 208.918000000]: Footprint model 'polygon' loaded for trajectory optimization.
[INFO] [1783870032.869294118, 209.804000000]: Footprint model 'polygon' loaded for trajectory optimization.
[INFO] [1783870033.450203238, 210.384000000]: Footprint model 'polygon' loaded for trajectory optimization.
[INFO] [1783870034.051996262, 210.984000000]: Footprint model 'polygon' loaded for trajectory optimization.
[INFO] [1783870034.604983044, 211.538000000]: Footprint model 'polygon' loaded for trajectory optimization.
[INFO] [1783870035.253125463, 212.184000000]: Footprint model 'polygon' loaded for trajectory optimization.
[INFO] [1783870035.804367673, 212.736000000]: Footprint model 'polygon' loaded for trajectory optimization.
[INFO] [1783870036.454320802, 213.382000000]: Footprint model 'polygon' loaded for trajectory optimization.
[INFO] [1783870037.009292452, 213.936000000]: Footprint model 'polygon' loaded for trajectory optimization.
[INFO] [1783870037.603077084, 214.532000000]: Footprint model 'polygon' loaded for trajectory optimization.
[INFO] [1783870038.202018761, 215.128000000]: Footprint model 'polygon' loaded for trajectory optimization.
[INFO] [1783870039.896399408, 216.820000000]: GOAL Reached!
[INFO] [1783870040.042492040, 216.964000000]: Footprint model 'polygon' loaded for trajectory optimization.
[INFO] [1783870040.923635362, 217.844000000]: Footprint model 'polygon' loaded for trajectory optimization.
[INFO] [1783870041.507299437, 218.428000000]: Footprint model 'polygon' loaded for trajectory optimization.
[INFO] [1783870042.065584256, 218.984000000]: Footprint model 'polygon' loaded for trajectory optimization.
[INFO] [1783870042.712362602, 219.630000000]: Footprint model 'polygon' loaded for trajectory optimization.
[INFO] [1783870043.268991014, 220.186000000]: Footprint model 'polygon' loaded for trajectory optimization.
[INFO] [1783870043.911690238, 220.830000000]: Footprint model 'polygon' loaded for trajectory optimization.
[INFO] [1783870044.516324998, 221.430000000]: Footprint model 'polygon' loaded for trajectory optimization.
[INFO] [1783870046.555130438, 223.466000000]: GOAL Reached!
[INFO] [1783870046.707699063, 223.618000000]: Footprint model 'polygon' loaded for trajectory optimization.
[INFO] [1783870047.575560535, 224.482000000]: Footprint model 'polygon' loaded for trajectory optimization.
[INFO] [1783870048.164704715, 225.070000000]: Footprint model 'polygon' loaded for trajectory optimization.
[INFO] [1783870048.766385336, 225.670000000]: Footprint model 'polygon' loaded for trajectory optimization.
[INFO] [1783870049.318034640, 226.220000000]: Footprint model 'polygon' loaded for trajectory optimization.
[INFO] [1783870051.108392679, 228.008000000]: GOAL Reached!
[INFO] [1783870051.241803384, 228.142000000]: Footprint model 'polygon' loaded for trajectory optimization.
[INFO] [1783870052.104142468, 229.002000000]: Footprint model 'polygon' loaded for trajectory optimization.
[INFO] [1783870052.700785224, 229.600000000]: Footprint model 'polygon' loaded for trajectory optimization.
[INFO] [1783870053.303833162, 230.202000000]: Footprint model 'polygon' loaded for trajectory optimization.
[INFO] [1783870053.859875678, 230.754000000]: Footprint model 'polygon' loaded for trajectory optimization.
[INFO] [1783870054.456800233, 231.352000000]: Footprint model 'polygon' loaded for trajectory optimization.
[INFO] [1783870055.056128165, 231.948000000]: Footprint model 'polygon' loaded for trajectory optimization.
[INFO] [1783870056.647022307, 233.538000000]: GOAL Reached!
[INFO] [1783870056.794061376, 233.682000000]: Footprint model 'polygon' loaded for trajectory optimization.
[INFO] [1783870057.677012466, 234.564000000]: Footprint model 'polygon' loaded for trajectory optimization.
[INFO] [1783870058.261469731, 235.148000000]: Footprint model 'polygon' loaded for trajectory optimization.
[INFO] [1783870058.814501690, 235.700000000]: Footprint model 'polygon' loaded for trajectory optimization.
[INFO] [1783870059.415639994, 236.300000000]: Footprint model 'polygon' loaded for trajectory optimization.
[INFO] [1783870060.060712609, 236.944000000]: Footprint model 'polygon' loaded for trajectory optimization.
[INFO] [1783870060.663485324, 237.546000000]: Footprint model 'polygon' loaded for trajectory optimization.
[INFO] [1783870061.214526594, 238.096000000]: Footprint model 'polygon' loaded for trajectory optimization.
[INFO] [1783870061.814425251, 238.696000000]: Footprint model 'polygon' loaded for trajectory optimization.
[INFO] [1783870062.459633543, 239.344000000]: Footprint model 'polygon' loaded for trajectory optimization.
[INFO] [1783870063.064704167, 239.942000000]: Footprint model 'polygon' loaded for trajectory optimization.
[INFO] [1783870064.902944157, 241.780000000]: GOAL Reached!
[INFO] [1783870065.050804020, 241.926000000]: Footprint model 'polygon' loaded for trajectory optimization.
[INFO] [1783870065.950995624, 242.824000000]: Footprint model 'polygon' loaded for trajectory optimization.
[INFO] [1783870066.590620292, 243.464000000]: Footprint model 'polygon' loaded for trajectory optimization.
[INFO] [1783870067.188611341, 244.062000000]: Footprint model 'polygon' loaded for trajectory optimization.
[INFO] [1783870067.838649771, 244.712000000]: Footprint model 'polygon' loaded for trajectory optimization.
[INFO] [1783870068.437097342, 245.306000000]: Footprint model 'polygon' loaded for trajectory optimization.
[INFO] [1783870069.035717937, 245.906000000]: Footprint model 'polygon' loaded for trajectory optimization.
[INFO] [1783870069.590657159, 246.458000000]: Footprint model 'polygon' loaded for trajectory optimization.
[INFO] [1783870071.478461635, 248.344000000]: GOAL Reached!
[INFO] [1783870071.625867726, 248.490000000]: Footprint model 'polygon' loaded for trajectory optimization.
[INFO] [1783870072.497318170, 249.360000000]: Footprint model 'polygon' loaded for trajectory optimization.
[INFO] [1783870073.088244356, 249.948000000]: Footprint model 'polygon' loaded for trajectory optimization.
[INFO] [1783870073.645504955, 250.508000000]: Footprint model 'polygon' loaded for trajectory optimization.
[INFO] [1783870074.292320943, 251.150000000]: Footprint model 'polygon' loaded for trajectory optimization.
[INFO] [1783870074.893826555, 251.754000000]: Footprint model 'polygon' loaded for trajectory optimization.
[INFO] [1783870075.446604464, 252.304000000]: Footprint model 'polygon' loaded for trajectory optimization.
[INFO] [1783870076.093507736, 252.950000000]: Footprint model 'polygon' loaded for trajectory optimization.
[INFO] [1783870076.646435293, 253.500000000]: Footprint model 'polygon' loaded for trajectory optimization.
[INFO] [1783870077.293512523, 254.146000000]: Footprint model 'polygon' loaded for trajectory optimization.
[INFO] [1783870077.895147845, 254.748000000]: Footprint model 'polygon' loaded for trajectory optimization.
[INFO] [1783870079.538299312, 256.388000000]: GOAL Reached!
[INFO] [1783870079.691181104, 256.540000000]: Footprint model 'polygon' loaded for trajectory optimization.
[INFO] [1783870080.556046569, 257.402000000]: Footprint model 'polygon' loaded for trajectory optimization.
[INFO] [1783870081.156337686, 258.002000000]: Footprint model 'polygon' loaded for trajectory optimization.
[INFO] [1783870081.710433912, 258.554000000]: Footprint model 'polygon' loaded for trajectory optimization.
[INFO] [1783870082.346999855, 259.190000000]: Footprint model 'polygon' loaded for trajectory optimization.
[INFO] [1783870082.960565772, 259.802000000]: Footprint model 'polygon' loaded for trajectory optimization.
[INFO] [1783870083.555586532, 260.400000000]: Footprint model 'polygon' loaded for trajectory optimization.
[INFO] [1783870084.161893296, 261.002000000]: Footprint model 'polygon' loaded for trajectory optimization.
[INFO] [1783870084.710991660, 261.552000000]: Footprint model 'polygon' loaded for trajectory optimization.
[INFO] [1783870085.359514562, 262.200000000]: Footprint model 'polygon' loaded for trajectory optimization.
[INFO] [1783870086.799280169, 263.638000000]: GOAL Reached!
[INFO] [1783870086.952211189, 263.790000000]: Footprint model 'polygon' loaded for trajectory optimization.
[INFO] [1783870087.844246948, 264.680000000]: Footprint model 'polygon' loaded for trajectory optimization.
[INFO] [1783870088.447975453, 265.282000000]: Footprint model 'polygon' loaded for trajectory optimization.
[INFO] [1783870089.048303264, 265.882000000]: Footprint model 'polygon' loaded for trajectory optimization.
[INFO] [1783870089.645652468, 266.478000000]: Footprint model 'polygon' loaded for trajectory optimization.
[INFO] [1783870090.198271456, 267.030000000]: Footprint model 'polygon' loaded for trajectory optimization.
[INFO] [1783870090.805504476, 267.634000000]: Footprint model 'polygon' loaded for trajectory optimization.
[INFO] [1783870091.405974206, 268.236000000]: Footprint model 'polygon' loaded for trajectory optimization.
[INFO] [1783870095.070902422, 271.894000000]: Footprint model 'polygon' loaded for trajectory optimization.
[INFO] [1783870095.615982118, 272.436000000]: Footprint model 'polygon' loaded for trajectory optimization.
[INFO] [1783870096.266898567, 273.086000000]: Footprint model 'polygon' loaded for trajectory optimization.
[INFO] [1783870096.807639468, 273.628000000]: Footprint model 'polygon' loaded for trajectory optimization.
[INFO] [1783870097.415018944, 274.236000000]: Footprint model 'polygon' loaded for trajectory optimization.
[INFO] [1783870098.0268379[WARN] [1783870103.901142421, 280.712000000]: TebLocalPlannerROS: possible oscillation (of the robot or its local plan) detected. Activating recovery strategy (prefer current turning direction during optimization).
[ERROR] [1783870115.419790574, 292.212000000]: Aborting because the robot appears to be oscillating over and over. Even after executing all recovery behaviors
47, 274.844000000]: Footprint model 'polygon' loaded for trajectory optimization.
[INFO] [1783870098.628276818, 275.446000000]: Footprint model 'polygon' loaded for trajectory optimization.
[INFO] [1783870099.220753036, 276.036000000]: Footprint model 'polygon' loaded for trajectory optimization.
[INFO] [1783870099.870735938, 276.686000000]: Footprint model 'polygon' loaded for trajectory optimization.
[INFO] [1783870100.465840517, 277.280000000]: Footprint model 'polygon' loaded for trajectory optimization.
[INFO] [1783870101.021829799, 277.836000000]: Footprint model 'polygon' loaded for trajectory optimization.
[INFO] [1783870101.623119794, 278.436000000]: Footprint model 'polygon' loaded for trajectory optimization.
[INFO] [1783870102.270783863, 279.084000000]: Footprint model 'polygon' loaded for trajectory optimization.
[INFO] [1783870102.871145126, 279.680000000]: Footprint model 'polygon' loaded for trajectory optimization.
[INFO] [1783870103.477383142, 280.286000000]: Footprint model 'polygon' loaded for trajectory optimization.
[INFO] [1783870104.076963667, 280.888000000]: Footprint model 'polygon' loaded for trajectory optimization.
[INFO] [1783870104.674927577, 281.482000000]: Footprint model 'polygon' loaded for trajectory optimization.
[INFO] [1783870105.235832897, 282.042000000]: Footprint model 'polygon' loaded for trajectory optimization.
[INFO] [1783870105.834854403, 282.640000000]: Footprint model 'polygon' loaded for trajectory optimization.
[INFO] [1783870106.479040828, 283.288000000]: Footprint model 'polygon' loaded for trajectory optimization.
[INFO] [1783870107.088318630, 283.892000000]: Footprint model 'polygon' loaded for trajectory optimization.
[INFO] [1783870107.681821775, 284.486000000]: Footprint model 'polygon' loaded for trajectory optimization.
[INFO] [1783870108.290178857, 285.092000000]: Footprint model 'polygon' loaded for trajectory optimization.
[INFO] [1783870108.841660071, 285.642000000]: Footprint model 'polygon' loaded for trajectory optimization.
[INFO] [1783870109.490209615, 286.292000000]: Footprint model 'polygon' loaded for trajectory optimization.
[INFO] [1783870110.095455109, 286.894000000]: Footprint model 'polygon' loaded for trajectory optimization.
[INFO] [1783870110.638452890, 287.438000000]: Footprint model 'polygon' loaded for trajectory optimization.
[INFO] [1783870111.302452888, 288.098000000]: Footprint model 'polygon' loaded for trajectory optimization.
[INFO] [1783870111.885748554, 288.682000000]: Footprint model 'polygon' loaded for trajectory optimization.
[INFO] [1783870112.443640838, 289.240000000]: Footprint model 'polygon' loaded for trajectory optimization.
[INFO] [1783870113.095039059, 289.890000000]: Footprint model 'polygon' loaded for trajectory optimization.
[INFO] [1783870113.696089090, 290.488000000]: Footprint model 'polygon' loaded for trajectory optimization.
[INFO] [1783870114.294519057, 291.086000000]: Footprint model 'polygon' loaded for trajectory optimization.
[INFO] [1783870114.848179903, 291.640000000]: Footprint model 'polygon' loaded for trajectory optimization.
[INFO] [1783870115.640276199, 292.432000000]: Footprint model 'polygon' loaded for trajectory optimization.
[INFO] [1783870116.509743382, 293.302000000]: Footprint model 'polygon' loaded for trajectory optimization.
[INFO] [1783870117.118502935, 293.906000000]: Footprint model 'polygon' loaded for trajectory optimization.
[INFO] [1783870117.667666026, 294.454000000]: Footprint model 'polygon' loaded for trajectory optimization.
[INFO] [1783870118.270084366, 295.054000000]: Footprint model 'polygon' loaded for trajectory optimization.
[INFO] [1783870118.868527670, 295.652000000]: Footprint model 'polygon' loaded for trajectory optimization.
[INFO] [1783870119.515359351, 296.298000000]: Footprint model 'polygon' loaded for trajectory optimization.
[INFO] [1783870120.068047724, 296.850000000]: Footprint model 'polygon' loaded for trajectory optimization.
[INFO] [1783870120.717863592, 297.500000000]: Footprint model 'polygon' loaded for trajectory optimization.
[INFO] [1783870121.316026347, 298.098000000]: Footprint model 'polygon' loaded for trajectory optimization.
[INFO] [1783870121.868222603, 298.648000000]: Footprint model 'polygon' loaded for trajectory optimization.
[INFO] [1783870122.519849907, 299.298000000]: Footprint model 'polygon' loaded for trajectory optimization.
[INFO] [1783870123.122309918, 299.898000000]: Footprint model 'polygon' loaded for trajectory optimization.
[INFO] [1783870123.670739115, 300.446000000]: Footprint model 'polygon' loaded for trajectory optimization.
[INFO] [1783870126.263105972, 303.036000000]: GOAL Reached!
[INFO] [1783870126.425530915, 303.198000000]: Footprint model 'polygon' loaded for trajectory optimization.
[INFO] [1783870127.311485382, 304.080000000]: Footprint model 'polygon' loaded for trajectory optimization.
[INFO] [1783870127.740710117, 304.508000000]: TebLocalPlannerROS: oscillation recovery disabled/expired.
[INFO] [1783870127.901986191, 304.670000000]: Footprint model 'polygon' loaded for trajectory optimization.
[INFO] [1783870128.459363294, 305.226000000]: Footprint model 'polygon' loaded for trajectory optimization.
[INFO] [1783870129.058037726, 305.824000000]: Footprint model 'polygon' loaded for trajectory optimization.
[INFO] [1783870129.709785522, 306.474000000]: Footprint model 'polygon' loaded for trajectory optimization.
[INFO] [1783870130.259379545, 307.024000000]: Footprint model 'polygon' loaded for trajectory optimization.
[INFO] [1783870130.858015583, 307.620000000]: Footprint model 'polygon' loaded for trajectory optimization.
[INFO] [1783870131.506134589, 308.268000000]: Footprint model 'polygon' loaded for trajectory optimization.
[INFO] [1783870132.109380123, 308.870000000]: Footprint model 'polygon' loaded for trajectory optimization.
[INFO] [1783870133.852035286, 310.608000000]: GOAL Reached!
[INFO] [1783870133.992444837, 310.750000000]: Footprint model 'polygon' loaded for trajectory optimization.
[INFO] [1783870134.867724699, 311.620000000]: Footprint model 'polygon' loaded for trajectory optimization.
[INFO] [1783870135.411228833, 312.164000000]: Footprint model 'polygon' loaded for trajectory optimization.
[INFO] [1783870136.065859520, 312.820000000]: Footprint model 'polygon' loaded for trajectory optimization.
[INFO] [1783870136.613474823, 313.370000000]: Footprint model 'polygon' loaded for trajectory optimization.
[INFO] [1783870137.271950292, 314.024000000]: Footprint model 'polygon' loaded for trajectory optimization.
[INFO] [1783870137.865193029, 314.616000000]: Footprint model 'polygon' loaded for trajectory optimization.
[INFO] [1783870138.419557022, 315.170000000]: Footprint model 'polygon' loaded for trajectory optimization.
[INFO] [1783870142.083818697, 318.826000000]: Footprint model 'polygon' loaded for trajectory optimization.
[INFO] [1783870142.614830330, 319.360000000]: Footprint model 'polygon' loaded for trajectory optimization.
[INFO] [1783870143.277109742, 320.020000000]: Footprint model 'polygon' loaded for trajectory optimization.
[INFO] [1783870143.826406799, 320.566000000]: Footprint model 'polygon' loaded for trajectory optimization.
[INFO] [1783870144.432963634, 321.172000000]: Footprint model 'polygon' loaded for trajectory optimization.
[INFO] [1783870145.029017879, 321.766000000]: Footprint model 'polygon' loaded for trajectory optimization.
[INFO] [1783870145.676042708, 322.416000000]: Footprint model 'polygon' loaded for trajectory optimization.
[INFO] [1783870146.272203210, 323.008000000]: Footprint model 'polygon' loaded for trajectory optimization.
[INFO] [1783870146.873819383, 323.612000000]: Footprint model 'polygon' loaded for trajectory optimization.
[INFO] [1783870147.487724540, 324.222000000]: Footprint model 'polygon' loaded for trajectory optimization.
[INFO] [1783870148.083913215, 324.818000000]: Footprint model 'polygon' loaded for trajectory optimization.
[INFO] [1783870148.632154651, 325.364000000]: Footprint model 'polygon' loaded for trajectory optimization.
[INFO] [1783870149.241342746, 325.974000000]: Footprint model 'polygon' loaded for trajectory optimization.
[[WARN] [1783870151.016718455, 327.744000000]: TebLocalPlannerROS: possible oscillation (of the robot or its local plan) detected. Activating recovery strategy (prefer current turning direction during optimization).
[ERROR] [1783870158.227847187, 334.944000000]: Aborting because the robot appears to be oscillating over and over. Even after executing all recovery behaviors
INFO] [1783870149.841491259, 326.572000000]: Footprint model 'polygon' loaded for trajectory optimization.
[INFO] [1783870150.498471081, 327.226000000]: Footprint model 'polygon' loaded for trajectory optimization.
[INFO] [1783870151.092175088, 327.818000000]: Footprint model 'polygon' loaded for trajectory optimization.
[INFO] [1783870151.692600136, 328.420000000]: Footprint model 'polygon' loaded for trajectory optimization.
[INFO] [1783870152.294707087, 329.022000000]: Footprint model 'polygon' loaded for trajectory optimization.
[INFO] [1783870152.894981914, 329.620000000]: Footprint model 'polygon' loaded for trajectory optimization.
[INFO] [1783870153.451717677, 330.176000000]: Footprint model 'polygon' loaded for trajectory optimization.
[INFO] [1783870154.052551893, 330.776000000]: Footprint model 'polygon' loaded for trajectory optimization.
[INFO] [1783870154.709680347, 331.434000000]: Footprint model 'polygon' loaded for trajectory optimization.
[INFO] [1783870155.296622371, 332.020000000]: Footprint model 'polygon' loaded for trajectory optimization.
[INFO] [1783870155.902859441, 332.622000000]: Footprint model 'polygon' loaded for trajectory optimization.
[INFO] [1783870156.502718241, 333.220000000]: Footprint model 'polygon' loaded for trajectory optimization.
[INFO] [1783870157.102338209, 333.820000000]: Footprint model 'polygon' loaded for trajectory optimization.
[INFO] [1783870157.654968027, 334.372000000]: Footprint model 'polygon' loaded for trajectory optimization.
[INFO] [1783870158.431380088, 335.148000000]: Footprint model 'polygon' loaded for trajectory optimization.
[INFO] [1783870159.286614514, 336.000000000]: Footprint model 'polygon' loaded for trajectory optimization.
[INFO] [1783870159.843212904, 336.556000000]: Footprint model 'polygon' loaded for trajectory optimization.
[INFO] [1783870160.441187975, 337.152000000]: Footprint model 'polygon' loaded for trajectory optimization.
[INFO] [1783870161.039824143, 337.750000000]: Footprint model 'polygon' loaded for trajectory optimization.
[INFO] [1783870161.692005946, 338.402000000]: Footprint model 'polygon' loaded for trajectory optimization.
[INFO] [1783870162.239974394, 338.950000000]: Footprint model 'polygon' loaded for trajectory optimization.
[INFO] [1783870162.894320048, 339.600000000]: Footprint model 'polygon' loaded for trajectory optimization.
[INFO] [1783870163.491831647, 340.198000000]: Footprint model 'polygon' loaded for trajectory optimization.
[INFO] [1783870165.034216303, 341.738000000]: GOAL Reached!
[INFO] [1783870165.167694819, 341.874000000]: Footprint model 'polygon' loaded for trajectory optimization.
[INFO] [1783870166.038738796, 342.742000000]: Footprint model 'polygon' loaded for trajectory optimization.
[INFO] [1783870166.639493753, 343.340000000]: Footprint model 'polygon' loaded for trajectory optimization.
[INFO] [1783870167.183649544, 343.888000000]: Footprint model 'polygon' loaded for trajectory optimization.
[INFO] [1783870167.840857963, 344.538000000]: Footprint model 'polygon' loaded for trajectory optimization.
[INFO] [1783870168.440595918, 345.138000000]: Footprint model 'polygon' loaded for trajectory optimization.
[INFO] [1783870168.997355994, 345.694000000]: Footprint model 'polygon' loaded for trajectory optimization.
[INFO] [1783870169.643955410, 346.338000000]: Footprint model 'polygon' loaded for trajectory optimization.
[INFO] [1783870170.179464290, 346.874000000]: TebLocalPlannerROS: oscillation recovery disabled/expired.
[INFO] [1783870170.194711029, 346.890000000]: Footprint model 'polygon' loaded for trajectory optimization.
[INFO] [1783870170.786454303, 347.486000000]: Footprint model 'polygon' loaded for trajectory optimization.
[INFO] [1783870171.443403560, 348.136000000]: Footprint model 'polygon' loaded for trajectory optimization.
[INFO] [1783870173.085290296, 349.774000000]: GOAL Reached!
[INFO] [1783870173.229678956, 349.918000000]: Footprint model 'polygon' loaded for trajectory optimization.
[INFO] [1783870174.137649341, 350.824000000]: Footprint model 'polygon' loaded for trajector[WARN] [1783870190.373273345, 367.036000000]: TebLocalPlannerROS: possible oscillation (of the robot or its local plan) detected. Activating recovery strategy (prefer current turning direction during optimization).
y optimization.
[INFO] [1783870174.724149090, 351.410000000]: Footprint model 'polygon' loaded for trajectory optimization.
[INFO] [1783870175.331858914, 352.018000000]: Footprint model 'polygon' loaded for trajectory optimization.
[INFO] [1783870175.920842853, 352.606000000]: Footprint model 'polygon' loaded for trajectory optimization.
[INFO] [1783870176.536013986, 353.220000000]: Footprint model 'polygon' loaded for trajectory optimization.
[INFO] [1783870177.128003727, 353.810000000]: Footprint model 'polygon' loaded for trajectory optimization.
[INFO] [1783870177.733821629, 354.416000000]: Footprint model 'polygon' loaded for trajectory optimization.
[INFO] [1783870181.342944010, 358.018000000]: Footprint model 'polygon' loaded for trajectory optimization.
[INFO] [1783870181.925125536, 358.604000000]: Footprint model 'polygon' loaded for trajectory optimization.
[INFO] [1783870182.527388435, 359.206000000]: Footprint model 'polygon' loaded for trajectory optimization.
[INFO] [1783870183.138155202, 359.810000000]: Footprint model 'polygon' loaded for trajectory optimization.
[INFO] [1783870183.729374302, 360.404000000]: Footprint model 'polygon' loaded for trajectory optimization.
[INFO] [1783870184.331080946, 361.006000000]: Footprint model 'polygon' loaded for trajectory optimization.
[INFO] [1783870184.934257536, 361.604000000]: Footprint model 'polygon' loaded for trajectory optimization.
[INFO] [1783870185.482272244, 362.156000000]: Footprint model 'polygon' loaded for trajectory optimization.
[INFO] [1783870186.144234920, 362.814000000]: Footprint model 'polygon' loaded for trajectory optimization.
[INFO] [1783870186.739628728, 363.408000000]: Footprint model 'polygon' loaded for trajectory optimization.
[INFO] [1783870187.290472782, 363.960000000]: Footprint model 'polygon' loaded for trajectory optimization.
[INFO] [1783870187.947828439, 364.614000000]: Footprint model 'polygon' loaded for trajectory optimization.
[INFO] [1783870188.543483874, 365.210000000]: Footprint model 'polygon' loaded for trajectory optimization.
[INFO] [1783870189.095981120, 365.760000000]: Footprint model 'polygon' loaded for trajectory optimization.
[INFO] [1783870189.754673755, 366.418000000]: Footprint model 'polygon' loaded for trajectory optimization.
[INFO] [1783870190.303400509, 366.966000000]: Footprint model 'polygon' loaded for trajectory optimization.
[INFO] [1783870190.961399354, 367.622000000]: Footprint model 'polygon' loaded for trajectory optimization.
[INFO] [1783870191.506659656, 368.168000000]: Footprint model 'polygon' loaded for trajectory optimization.
[INFO] [1783870192.163710446, 368.822000000]: Footprint model 'polygon' loaded for trajectory optimization.
[INFO] [1783870192.756182928, 369.414000000]: Footprint model 'polygon' loaded for trajectory optimization.
[INFO] [1783870193.309316824, 369.966000000]: Footprint model 'polygon' loaded for trajectory optimization.
[INFO] [1783870193.961472679, 370.620000000]: Footprint model 'polygon' loaded for trajectory optimization.
[INFO] [1783870194.509004958, 371.166000000]: Footprint model 'polygon' loaded for trajectory optimization.
[INFO] [1783870195.117390573, 371.772000000]: Footprint model 'polygon' loaded for trajectory optimization.
[INFO] [1783870195.715009042, 372.370000000]: Footprint model 'polygon' loaded for trajectory optimization.
[INFO] [1783870196.319118585, 372.972000000]: Footprint model 'polygon' loaded for trajectory optimization.
[INFO] [1783870196.970477772, 373.622000000]: Footprint model 'polygon' loaded for trajectory optimization.
[INFO] [1783870197.571822165, 374.222000000]: Footprint model 'polygon' loaded for trajectory optimization.
[INFO] [1783870198.165046455, 374.816000000]: Footprint model 'polygon' loaded for trajectory optimization.
[INFO] [1783870198.774316874, 375.422000000]: Footprint model 'polygon' loaded for trajectory optimization.
[INFO] [1783870199.367384034, 376.014000000]: Footprint model 'polygon' loaded for trajectory optimization.
[INFO] [1783870199.972276062, 376.618000000]: Footprint model 'polygon' loaded for t[ERROR] [1783870203.189958833, 379.836000000]: Aborting because the robot appears to be oscillating over and over. Even after executing all recovery behaviors
[WARN] [1783870203.843642682, 380.484000000]: The origin for the sensor at (7.62, 0.03) is out of map bounds. So, the costmap cannot raytrace for it.
rajectory optimization.
[INFO] [1783870200.519734954, 377.166000000]: Footprint model 'polygon' loaded for trajectory optimization.
[INFO] [1783870201.127771813, 377.774000000]: Footprint model 'polygon' loaded for trajectory optimization.
[INFO] [1783870201.781096078, 378.426000000]: Footprint model 'polygon' loaded for trajectory optimization.
[INFO] [1783870202.320057898, 378.964000000]: Footprint model 'polygon' loaded for trajectory optimization.
[INFO] [1783870202.978455226, 379.620000000]: Footprint model 'polygon' loaded for trajectory optimization.
[INFO] [1783870203.698597948, 380.338000000]: Footprint model 'polygon' loaded for trajectory optimization.
[INFO] [1783870204.564239379, 381.202000000]: Footprint model 'polygon' loaded for trajectory optimization.
[INFO] [1783870205.121010894, 381.758000000]: Footprint model 'polygon' loaded for trajectory optimization.
[INFO] [1783870205.723010001, 382.360000000]: Footprint model 'polygon' loaded for trajectory optimization.
[INFO] [1783870206.319852784, 382.956000000]: Footprint model 'polygon' loaded for trajectory optimization.
[INFO] [1783870206.919650474, 383.556000000]: Footprint model 'polygon' loaded for trajectory optimization.
[INFO] [1783870207.558927560, 384.196000000]: Footprint model 'polygon' loaded for trajectory optimization.
[INFO] [1783870208.122636071, 384.756000000]: Footprint model 'polygon' loaded for trajectory optimization.
[INFO] [1783870208.721339311, 385.354000000]: Footprint model 'polygon' loaded for trajectory optimization.
[INFO] [1783870209.325238106, 385.956000000]: Footprint model 'polygon' loaded for trajectory optimization.
[INFO] [1783870209.924076079, 386.554000000]: Footprint model 'polygon' loaded for trajectory optimization.
[INFO] [1783870210.575598201, 387.204000000]: Footprint model 'polygon' loaded for trajectory optimization.
[INFO] [1783870211.174392714, 387.802000000]: Footprint model 'polygon' loaded for trajectory optimization.
[INFO] [1783870211.777432314, 388.406000000]: Footprint model 'polygon' loaded for trajectory optimization.
[INFO] [1783870212.326416388, 388.954000000]: Footprint model 'polygon' loaded for trajectory optimization.
[INFO] [1783870212.926261579, 389.552000000]: Footprint model 'polygon' loaded for trajectory optimization.
[INFO] [1783870214.919247085, 391.540000000]: GOAL Reached!
[INFO] [1783870215.066027626, 391.686000000]: Footprint model 'polygon' loaded for trajectory optimization.
[INFO] [1783870215.944713999, 392.564000000]: Footprint model 'polygon' loaded for trajectory optimization.
[INFO] [1783870216.481396446, 393.100000000]: Footprint model 'polygon' loaded for trajectory optimization.
[INFO] [1783870216.865752525, 393.484000000]: TebLocalPlannerROS: oscillation recovery disabled/expired.
[INFO] [1783870217.083841513, 393.700000000]: Footprint model 'polygon' loaded for trajectory optimization.
[INFO] [1783870217.683062530, 394.300000000]: Footprint model 'polygon' loaded for trajectory optimization.
[INFO] [1783870218.333478637, 394.948000000]: Footprint model 'polygon' loaded for trajectory optimization.
[INFO] [1783870218.881146697, 395.498000000]: Footprint model 'polygon' loaded for trajectory optimization.
[INFO] [1783870219.533233415, 396.146000000]: Footprint model 'polygon' loaded for trajectory optimization.
[INFO] [1783870220.085054586, 396.698000000]: Footprint model 'polygon' loaded for trajectory optimization.
[INFO] [1783870220.685705223, 397.296000000]: Footprint model 'polygon' loaded for trajectory optimization.
[INFO] [1783870222.075242651, 398.684000000]: GOAL Reached!
[INFO] [1783870222.224640805, 398.832000000]: Footprint model 'polygon' loaded for trajectory optimization.
[INFO] [1783870223.137014585, 399.744000000]: Footprint model 'polygon' loaded for trajectory optimization.
[INFO] [1783870223.820418294, 400.426000000]: Footprint model 'polygon' loaded for trajectory optimization.
[INFO] [1783870224.368636017, 400.974000000]: Footprint model 'polygon' loaded for trajectory optimization.
[INFO] [1783870225.021985484, 401.626000000]: Footprint model 'poly[WARN] [1783870239.275530596, 415.854000000]: TebLocalPlannerROS: possible oscillation (of the robot or its local plan) detected. Activating recovery strategy (prefer current turning direction during optimization).
[ERROR] [1783870248.590411483, 425.154000000]: Aborting because the robot appears to be oscillating over and over. Even after executing all recovery behaviors
[WARN] [1783870249.320248511, 425.884000000]: The origin for the sensor at (7.73, -0.06) is out of map bounds. So, the costmap cannot raytrace for it.
gon' loaded for trajectory optimization.
[INFO] [1783870225.620457530, 402.222000000]: Footprint model 'polygon' loaded for trajectory optimization.
[INFO] [1783870226.222933277, 402.826000000]: Footprint model 'polygon' loaded for trajectory optimization.
[INFO] [1783870226.823412365, 403.424000000]: Footprint model 'polygon' loaded for trajectory optimization.
[INFO] [1783870230.425281406, 407.020000000]: Footprint model 'polygon' loaded for trajectory optimization.
[INFO] [1783870231.034194068, 407.628000000]: Footprint model 'polygon' loaded for trajectory optimization.
[INFO] [1783870231.627494071, 408.220000000]: Footprint model 'polygon' loaded for trajectory optimization.
[INFO] [1783870232.236933772, 408.828000000]: Footprint model 'polygon' loaded for trajectory optimization.
[INFO] [1783870232.786139448, 409.376000000]: Footprint model 'polygon' loaded for trajectory optimization.
[INFO] [1783870233.384655744, 409.976000000]: Footprint model 'polygon' loaded for trajectory optimization.
[INFO] [1783870234.039322454, 410.628000000]: Footprint model 'polygon' loaded for trajectory optimization.
[INFO] [1783870234.638242184, 411.224000000]: Footprint model 'polygon' loaded for trajectory optimization.
[INFO] [1783870235.234056818, 411.820000000]: Footprint model 'polygon' loaded for trajectory optimization.
[INFO] [1783870235.843903275, 412.428000000]: Footprint model 'polygon' loaded for trajectory optimization.
[INFO] [1783870236.441591395, 413.028000000]: Footprint model 'polygon' loaded for trajectory optimization.
[INFO] [1783870237.051421960, 413.634000000]: Footprint model 'polygon' loaded for trajectory optimization.
[INFO] [1783870237.592255558, 414.174000000]: Footprint model 'polygon' loaded for trajectory optimization.
[INFO] [1783870238.201378091, 414.784000000]: Footprint model 'polygon' loaded for trajectory optimization.
[INFO] [1783870238.855167717, 415.434000000]: Footprint model 'polygon' loaded for trajectory optimization.
[INFO] [1783870239.450862823, 416.030000000]: Footprint model 'polygon' loaded for trajectory optimization.
[INFO] [1783870240.001750568, 416.578000000]: Footprint model 'polygon' loaded for trajectory optimization.
[INFO] [1783870240.659087743, 417.236000000]: Footprint model 'polygon' loaded for trajectory optimization.
[INFO] [1783870241.210691885, 417.786000000]: Footprint model 'polygon' loaded for trajectory optimization.
[INFO] [1783870241.817534009, 418.394000000]: Footprint model 'polygon' loaded for trajectory optimization.
[INFO] [1783870242.463593024, 419.038000000]: Footprint model 'polygon' loaded for trajectory optimization.
[INFO] [1783870243.053839235, 419.628000000]: Footprint model 'polygon' loaded for trajectory optimization.
[INFO] [1783870243.655028297, 420.228000000]: Footprint model 'polygon' loaded for trajectory optimization.
[INFO] [1783870244.267885084, 420.838000000]: Footprint model 'polygon' loaded for trajectory optimization.
[INFO] [1783870244.809716004, 421.380000000]: Footprint model 'polygon' loaded for trajectory optimization.
[INFO] [1783870245.472332394, 422.040000000]: Footprint model 'polygon' loaded for trajectory optimization.
[INFO] [1783870246.012103971, 422.578000000]: Footprint model 'polygon' loaded for trajectory optimization.
[INFO] [1783870246.663836895, 423.230000000]: Footprint model 'polygon' loaded for trajectory optimization.
[INFO] [1783870247.212167854, 423.778000000]: Footprint model 'polygon' loaded for trajectory optimization.
[INFO] [1783870247.867981506, 424.434000000]: Footprint model 'polygon' loaded for trajectory optimization.
[INFO] [1783870248.412752919, 424.976000000]: Footprint model 'polygon' loaded for trajectory optimization.
[INFO] [1783870249.203948820, 425.768000000]: Footprint model 'polygon' loaded for trajectory optimization.
[INFO] [1783870250.081590316, 426.642000000]: Footprint model 'polygon' loaded for trajectory optimization.
[INFO] [1783870250.669288960, 427.228000000]: Footprint model 'polygon' loaded for trajectory optimization.
[INFO] [1783870251.220721298, 427.780000000]: Footprint model 'polygon' loaded for trajectory optimization.
[INFO] [1783870251.820442455, 428.378000000]: Footprint model 'polygon' loaded for trajectory optimization.
[INFO] [1783870252.469359324, 429.026000000]: Footprint model 'polygon' loaded for trajectory optimization.
[INFO] [1783870253.070906441, 429.626000000]: Footprint model 'polygon' loaded for trajectory optimization.
[INFO] [1783870253.668260997, 430.222000000]: Footprint model 'polygon' loaded for trajectory optimization.
[INFO] [1783870254.274667334, 430.828000000]: Footprint model 'polygon' loaded for trajectory optimization.
[INFO] [1783870255.814882357, 432.364000000]: GOAL Reached!
[INFO] [1783870255.946156340, 432.494000000]: Footprint model 'polygon' loaded for trajectory optimization.
[INFO] [1783870256.811663927, 433.360000000]: Footprint model 'polygon' loaded for trajectory optimization.
[INFO] [1783870257.369309282, 433.918000000]: Footprint model 'polygon' loaded for trajectory optimization.
[INFO] [1783870257.965712191, 434.512000000]: Footprint model 'polygon' loaded for trajectory optimization.
[INFO] [1783870258.611039627, 435.158000000]: Footprint model 'polygon' loaded for trajectory optimization.
[INFO] [1783870259.162524469, 435.708000000]: Footprint model 'polygon' loaded for trajectory optimization.
[INFO] [1783870259.766339485, 436.308000000]: Footprint model 'polygon' loaded for trajectory optimization.
[INFO] [1783870260.364861450, 436.906000000]: Footprint model 'polygon' loaded for trajectory optimization.
[INFO] [1783870260.949524448, 437.490000000]: TebLocalPlannerROS: oscillation recovery disabled/expired.
[INFO] [1783870260.961915140, 437.502000000]: Footprint model 'polygon' loaded for trajectory optimization.
[INFO] [1783870261.610304094, 438.150000000]: Footprint model 'polygon' loaded for trajectory optimization.
[INFO] [1783870262.219153978, 438.756000000]: Footprint model 'polygon' loaded for trajectory optimization.
[INFO] [1783870262.765637691, 439.302000000]: Footprint model 'polygon' loaded for trajectory optimization.
[INFO] [1783870264.857184211, 441.390000000]: GOAL Reached!
[INFO] [1783870264.998690440, 441.530000000]: Footprint model 'polygon' loaded for trajectory optimization.
[INFO] [1783870265.910293594, 442.440000000]: Footprint model 'polygon' loaded for trajectory optimization.
[INFO] [1783870266.599160734, 443.130000000]: Footprint model 'polygon' loaded for trajectory optimization.
[INFO] [1783870267.142649100, 443.674000000]: Footprint model 'polygon' loaded for trajectory optimization.
[INFO] [1783870267.749961393, 444.278000000]: Footprint model 'polygon' loaded for trajectory optimization.
[INFO] [1783870268.401716761, 444.928000000]: Footprint model 'polygon' loaded for trajectory optimization.
[INFO] [1783870268.950018234, 445.476000000]: Footprint model 'polygon' loaded for trajectory optimization.
[INFO] [1783870269.610791740, 446.136000000]: Footprint model 'polygon' loaded for trajectory optimization.
[INFO] [1783870273.212745480, 449.730000000]: Footprint model 'polygon' loaded for trajectory optimization.
[INFO] [1783870273.764190797, 450.282000000]: Footprint model 'polygon' loaded for trajectory optimization.
[INFO] [1783870274.412590089, 450.928000000]: Footprint model 'polygon' loaded for trajectory optimization.
[INFO] [1783870275.011669622, 451.528000000]: Footprint model 'polygon' loaded for trajectory optimization.
[INFO] [1783870275.607528668, 452.124000000]: Footprint model 'polygon' loaded for trajectory optimization.
[INFO] [1783870276.163423450, 452.680000000]: Footprint model 'polygon' loaded for trajectory optimization.
[INFO] [1783870276.818134116, 453.332000000]: Footprint model 'polygon' loaded for trajectory optimization.
[INFO] [1783870277.409420469, 453.922000000]: Footprint model 'polygon' loaded for trajectory optimization.
[INFO] [1783870277.967145913, 454.478000000]: Footprint model 'polygon' loaded for trajectory optimization.
[INFO] [1783870278.618352062, 455.128000000]: Footprint model 'polygon' loaded for trajectory optimization.
[INFO] [1783870279.211143684, 455.72000000[WARN] [1783870282.053533063, 458.556000000]: TebLocalPlannerROS: possible oscillation (of the robot or its local plan) detected. Activating recovery strategy (prefer current turning direction during optimization).
[ERROR] [1783870300.081994550, 476.556000000]: Aborting because the robot appears to be oscillating over and over. Even after executing all recovery behaviors
0]: Footprint model 'polygon' loaded for trajectory optimization.
[INFO] [1783870279.834422152, 456.340000000]: Footprint model 'polygon' loaded for trajectory optimization.
[INFO] [1783870280.371559472, 456.878000000]: Footprint model 'polygon' loaded for trajectory optimization.
[INFO] [1783870280.977886202, 457.482000000]: Footprint model 'polygon' loaded for trajectory optimization.
[INFO] [1783870281.631108285, 458.136000000]: Footprint model 'polygon' loaded for trajectory optimization.
[INFO] [1783870282.234862022, 458.738000000]: Footprint model 'polygon' loaded for trajectory optimization.
[INFO] [1783870282.837930178, 459.340000000]: Footprint model 'polygon' loaded for trajectory optimization.
[INFO] [1783870283.434680604, 459.936000000]: Footprint model 'polygon' loaded for trajectory optimization.
[INFO] [1783870283.992026472, 460.490000000]: Footprint model 'polygon' loaded for trajectory optimization.
[INFO] [1783870284.645394004, 461.144000000]: Footprint model 'polygon' loaded for trajectory optimization.
[INFO] [1783870285.179675662, 461.676000000]: Footprint model 'polygon' loaded for trajectory optimization.
[INFO] [1783870285.835466724, 462.332000000]: Footprint model 'polygon' loaded for trajectory optimization.
[INFO] [1783870286.387461368, 462.882000000]: Footprint model 'polygon' loaded for trajectory optimization.
[INFO] [1783870286.986424905, 463.480000000]: Footprint model 'polygon' loaded for trajectory optimization.
[INFO] [1783870287.591630271, 464.084000000]: Footprint model 'polygon' loaded for trajectory optimization.
[INFO] [1783870288.242674027, 464.736000000]: Footprint model 'polygon' loaded for trajectory optimization.
[INFO] [1783870288.837821599, 465.328000000]: Footprint model 'polygon' loaded for trajectory optimization.
[INFO] [1783870289.388950468, 465.880000000]: Footprint model 'polygon' loaded for trajectory optimization.
[INFO] [1783870290.055334487, 466.544000000]: Footprint model 'polygon' loaded for trajectory optimization.
[INFO] [1783870290.591732255, 467.080000000]: Footprint model 'polygon' loaded for trajectory optimization.
[INFO] [1783870291.254118133, 467.740000000]: Footprint model 'polygon' loaded for trajectory optimization.
[INFO] [1783870291.844996589, 468.332000000]: Footprint model 'polygon' loaded for trajectory optimization.
[INFO] [1783870292.448194988, 468.934000000]: Footprint model 'polygon' loaded for trajectory optimization.
[INFO] [1783870293.048976353, 469.534000000]: Footprint model 'polygon' loaded for trajectory optimization.
[INFO] [1783870293.597824476, 470.080000000]: Footprint model 'polygon' loaded for trajectory optimization.
[INFO] [1783870294.257643352, 470.742000000]: Footprint model 'polygon' loaded for trajectory optimization.
[INFO] [1783870294.850528988, 471.332000000]: Footprint model 'polygon' loaded for trajectory optimization.
[INFO] [1783870295.411747702, 471.894000000]: Footprint model 'polygon' loaded for trajectory optimization.
[INFO] [1783870296.065588266, 472.544000000]: Footprint model 'polygon' loaded for trajectory optimization.
[INFO] [1783870296.603149099, 473.082000000]: Footprint model 'polygon' loaded for trajectory optimization.
[INFO] [1783870297.207531883, 473.684000000]: Footprint model 'polygon' loaded for trajectory optimization.
[INFO] [1783870297.862344692, 474.338000000]: Footprint model 'polygon' loaded for trajectory optimization.
[INFO] [1783870298.454108676, 474.928000000]: Footprint model 'polygon' loaded for trajectory optimization.
[INFO] [1783870299.060614801, 475.534000000]: Footprint model 'polygon' loaded for trajectory optimization.
[INFO] [1783870299.609912474, 476.082000000]: Footprint model 'polygon' loaded for trajectory optimization.
[INFO] [1783870300.393865623, 476.866000000]: Footprint model 'polygon' loaded for trajectory optimization.
[INFO] [1783870301.271406714, 477.742000000]: Footprint model 'polygon' loaded for trajectory optimization.
[INFO] [1783870301.853910387, 478.322000000]: Footprint model 'polygon' loaded for trajectory optimization.
[INFO] [1783870302.407556793, 478.878000000]: Footprint model 'polygon' loaded for trajectory optimization.
[INFO] [1783870303.006950357, 479.474000000]: Footprint model 'polygon' loaded for trajectory optimization.
[INFO] [1783870303.660516029, 480.126000000]: Footprint model 'polygon' loaded for trajectory optimization.
[INFO] [1783870304.256144219, 480.722000000]: Footprint model 'polygon' loaded for trajectory optimization.
[INFO] [1783870304.858716228, 481.322000000]: Footprint model 'polygon' loaded for trajectory optimization.
[INFO] [1783870305.463133336, 481.926000000]: Footprint model 'polygon' loaded for trajectory optimization.
[INFO] [1783870307.001502698, 483.462000000]: GOAL Reached!
[INFO] [1783870307.131587382, 483.592000000]: Footprint model 'polygon' loaded for trajectory optimization.
[INFO] [1783870308.001933448, 484.460000000]: Footprint model 'polygon' loaded for trajectory optimization.
[INFO] [1783870308.595856043, 485.054000000]: Footprint model 'polygon' loaded for trajectory optimization.
[INFO] [1783870309.150997718, 485.608000000]: Footprint model 'polygon' loaded for trajectory optimization.
[INFO] [1783870309.750110815, 486.206000000]: Footprint model 'polygon' loaded for trajectory optimization.
[INFO] [1783870310.348076563, 486.808000000]: Footprint model 'polygon' loaded for trajectory optimization.
[INFO] [1783870310.951900108, 487.404000000]: Footprint model 'polygon' loaded for trajectory optimization.
[INFO] [1783870311.603815904, 488.054000000]: Footprint model 'polygon' loaded for trajectory optimization.
[INFO] [1783870312.200304513, 488.652000000]: Footprint model 'polygon' loaded for trajectory optimization.
[INFO] [1783870312.237453066, 488.690000000]: TebLocalPlannerROS: oscillation recovery disabled/expired.
[INFO] [1783870312.805498648, 489.256000000]: Footprint model 'polygon' loaded for trajectory optimization.
[INFO] [1783870313.352657324, 489.802000000]: Footprint model 'polygon' loaded for trajectory optimization.
[INFO] [1783870314.003027955, 490.452000000]: Footprint model 'polygon' loaded for trajectory optimization.
[INFO] [1783870315.645013392, 492.090000000]: GOAL Reached!
[INFO] [1783870315.804414644, 492.248000000]: Footprint model 'polygon' loaded for trajectory optimization.
[INFO] [1783870316.699559816, 493.142000000]: Footprint model 'polygon' loaded for trajectory optimization.
[INFO] [1783870317.337895024, 493.782000000]: Footprint model 'polygon' loaded for trajectory optimization.
[INFO] [1783870317.987948733, 494.430000000]: Footprint model 'polygon' loaded for trajectory optimization.
[INFO] [1783870318.565661538, 495.006000000]: Footprint model 'polygon' loaded for trajectory optimization.
[INFO] [1783870319.191032242, 495.632000000]: Footprint model 'polygon' loaded for trajectory optimization.
[INFO] [1783870319.738878476, 496.178000000]: Footprint model 'polygon' loaded for trajectory optimization.
[INFO] [1783870320.397028386, 496.836000000]: Footprint model 'polygon' loaded for trajectory optimization.
[INFO] [1783870323.949157708, 500.382000000]: Footprint model 'polygon' loaded for trajectory optimization.
[INFO] [1783870324.597971460, 501.028000000]: Footprint model 'polygon' loaded for trajectory optimization.
[INFO] [1783870325.148100350, 501.578000000]: Footprint model 'polygon' loaded for trajectory optimization.
[INFO] [1783870325.751972823, 502.180000000]: Footprint model 'polygon' loaded for trajectory optimization.
[INFO] [1783870326.348582258, 502.778000000]: Footprint model 'polygon' loaded for trajectory optimization.
[INFO] [1783870327.003115723, 503.430000000]: Footprint model 'polygon' loaded for trajectory optimization.
[INFO] [1783870327.602257279, 504.028000000]: Footprint model 'polygon' loaded for trajectory optimization.
[INFO] [1783870328.210546205, 504.634000000]: Footprint model 'polygon' loaded for trajectory optimization.
[INFO] [1783870328.804107423, 505.228000000]: Footprint model 'polygon' loaded for trajectory optimization.
[INFO] [1783870329.408069554, 505.830000000]: Footprint model 'polygon' loaded for trajectory optimization.
[INFO] [178387033[WARN] [1783870332.741916596, 509.158000000]: TebLocalPlannerROS: possible oscillation (of the robot or its local plan) detected. Activating recovery strategy (prefer current turning direction during optimization).
[ERROR] [1783870343.759675523, 520.158000000]: Aborting because the robot appears to be oscillating over and over. Even after executing all recovery behaviors
0.000169342, 506.422000000]: Footprint model 'polygon' loaded for trajectory optimization.
[INFO] [1783870330.561738999, 506.984000000]: Footprint model 'polygon' loaded for trajectory optimization.
[INFO] [1783870331.212884195, 507.632000000]: Footprint model 'polygon' loaded for trajectory optimization.
[INFO] [1783870331.816561163, 508.236000000]: Footprint model 'polygon' loaded for trajectory optimization.
[INFO] [1783870332.364481292, 508.782000000]: Footprint model 'polygon' loaded for trajectory optimization.
[INFO] [1783870333.022857190, 509.440000000]: Footprint model 'polygon' loaded for trajectory optimization.
[INFO] [1783870333.567598332, 509.984000000]: Footprint model 'polygon' loaded for trajectory optimization.
[INFO] [1783870334.169798317, 510.586000000]: Footprint model 'polygon' loaded for trajectory optimization.
[INFO] [1783870334.825887140, 511.242000000]: Footprint model 'polygon' loaded for trajectory optimization.
[INFO] [1783870335.371343945, 511.784000000]: Footprint model 'polygon' loaded for trajectory optimization.
[INFO] [1783870336.032304881, 512.446000000]: Footprint model 'polygon' loaded for trajectory optimization.
[INFO] [1783870336.623824758, 513.034000000]: Footprint model 'polygon' loaded for trajectory optimization.
[INFO] [1783870337.183599483, 513.594000000]: Footprint model 'polygon' loaded for trajectory optimization.
[INFO] [1783870337.834522424, 514.244000000]: Footprint model 'polygon' loaded for trajectory optimization.
[INFO] [1783870338.434830708, 514.842000000]: Footprint model 'polygon' loaded for trajectory optimization.
[INFO] [1783870338.978630091, 515.388000000]: Footprint model 'polygon' loaded for trajectory optimization.
[INFO] [1783870339.637814751, 516.044000000]: Footprint model 'polygon' loaded for trajectory optimization.
[INFO] [1783870340.228960439, 516.634000000]: Footprint model 'polygon' loaded for trajectory optimization.
[INFO] [1783870340.835789165, 517.240000000]: Footprint model 'polygon' loaded for trajectory optimization.
[INFO] [1783870341.380344918, 517.782000000]: Footprint model 'polygon' loaded for trajectory optimization.
[INFO] [1783870342.040615914, 518.442000000]: Footprint model 'polygon' loaded for trajectory optimization.
[INFO] [1783870342.582639394, 518.982000000]: Footprint model 'polygon' loaded for trajectory optimization.
[INFO] [1783870343.245529986, 519.646000000]: Footprint model 'polygon' loaded for trajectory optimization.
[INFO] [1783870344.039691977, 520.438000000]: Footprint model 'polygon' loaded for trajectory optimization.
[INFO] [1783870344.902698979, 521.298000000]: Footprint model 'polygon' loaded for trajectory optimization.
[INFO] [1783870345.501569210, 521.896000000]: Footprint model 'polygon' loaded for trajectory optimization.
[INFO] [1783870346.106372852, 522.500000000]: Footprint model 'polygon' loaded for trajectory optimization.
[INFO] [1783870346.705357092, 523.098000000]: Footprint model 'polygon' loaded for trajectory optimization.
[INFO] [1783870347.257376765, 523.650000000]: Footprint model 'polygon' loaded for trajectory optimization.
[INFO] [1783870347.906484192, 524.296000000]: Footprint model 'polygon' loaded for trajectory optimization.
[INFO] [1783870348.459292718, 524.850000000]: Footprint model 'polygon' loaded for trajectory optimization.
[INFO] [1783870349.061573400, 525.450000000]: Footprint model 'polygon' loaded for trajectory optimization.
[INFO] [1783870349.663713843, 526.050000000]: Footprint model 'polygon' loaded for trajectory optimization.
[INFO] [1783870350.263762263, 526.650000000]: Footprint model 'polygon' loaded for trajectory optimization.
[INFO] [1783870350.913302963, 527.298000000]: Footprint model 'polygon' loaded for trajectory optimization.
[INFO] [1783870351.464882775, 527.848000000]: Footprint model 'polygon' loaded for trajectory optimization.
[INFO] [1783870352.065492839, 528.448000000]: Footprint model 'polygon' loaded for trajectory optimization.
[INFO] [1783870352.662431867, 529.046000000]: Footprint model 'polygon' loaded for trajectory optimization.
[INFO] [1[WARN] [1783870379.183462429, 555.522000000]: TebLocalPlannerROS: possible oscillation (of the robot or its local plan) detected. Activating recovery strategy (prefer current turning direction during optimization).
783870354.755577060, 531.134000000]: GOAL Reached!
[INFO] [1783870354.899823027, 531.278000000]: Footprint model 'polygon' loaded for trajectory optimization.
[INFO] [1783870355.764298060, 532.140000000]: Footprint model 'polygon' loaded for trajectory optimization.
[INFO] [1783870356.313261127, 532.690000000]: Footprint model 'polygon' loaded for trajectory optimization.
[INFO] [1783870356.697942518, 533.074000000]: TebLocalPlannerROS: oscillation recovery disabled/expired.
[INFO] [1783870356.967329615, 533.342000000]: Footprint model 'polygon' loaded for trajectory optimization.
[INFO] [1783870357.518206642, 533.890000000]: Footprint model 'polygon' loaded for trajectory optimization.
[INFO] [1783870358.165769312, 534.538000000]: Footprint model 'polygon' loaded for trajectory optimization.
[INFO] [1783870358.766527259, 535.136000000]: Footprint model 'polygon' loaded for trajectory optimization.
[INFO] [1783870359.365507887, 535.738000000]: Footprint model 'polygon' loaded for trajectory optimization.
[INFO] [1783870359.969953441, 536.340000000]: Footprint model 'polygon' loaded for trajectory optimization.
[INFO] [1783870360.564119978, 536.934000000]: Footprint model 'polygon' loaded for trajectory optimization.
[INFO] [1783870362.106998483, 538.474000000]: GOAL Reached!
[INFO] [1783870362.241725049, 538.610000000]: Footprint model 'polygon' loaded for trajectory optimization.
[INFO] [1783870363.136993448, 539.502000000]: Footprint model 'polygon' loaded for trajectory optimization.
[INFO] [1783870363.682477778, 540.044000000]: Footprint model 'polygon' loaded for trajectory optimization.
[INFO] [1783870364.297396743, 540.660000000]: Footprint model 'polygon' loaded for trajectory optimization.
[INFO] [1783870364.941702806, 541.302000000]: Footprint model 'polygon' loaded for trajectory optimization.
[INFO] [1783870365.485837309, 541.846000000]: Footprint model 'polygon' loaded for trajectory optimization.
[INFO] [1783870366.142856720, 542.504000000]: Footprint model 'polygon' loaded for trajectory optimization.
[INFO] [1783870366.684519332, 543.044000000]: Footprint model 'polygon' loaded for trajectory optimization.
[INFO] [1783870370.347874597, 546.700000000]: Footprint model 'polygon' loaded for trajectory optimization.
[INFO] [1783870370.932787937, 547.284000000]: Footprint model 'polygon' loaded for trajectory optimization.
[INFO] [1783870371.493563563, 547.844000000]: Footprint model 'polygon' loaded for trajectory optimization.
[INFO] [1783870372.145460352, 548.496000000]: Footprint model 'polygon' loaded for trajectory optimization.
[INFO] [1783870372.743513773, 549.092000000]: Footprint model 'polygon' loaded for trajectory optimization.
[INFO] [1783870373.343938516, 549.690000000]: Footprint model 'polygon' loaded for trajectory optimization.
[INFO] [1783870373.898125892, 550.248000000]: Footprint model 'polygon' loaded for trajectory optimization.
[INFO] [1783870374.550518478, 550.898000000]: Footprint model 'polygon' loaded for trajectory optimization.
[INFO] [1783870375.146207962, 551.492000000]: Footprint model 'polygon' loaded for trajectory optimization.
[INFO] [1783870375.705700629, 552.050000000]: Footprint model 'polygon' loaded for trajectory optimization.
[INFO] [1783870376.351459106, 552.696000000]: Footprint model 'polygon' loaded for trajectory optimization.
[INFO] [1783870376.909748903, 553.250000000]: Footprint model 'polygon' loaded for trajectory optimization.
[INFO] [1783870377.562456936, 553.904000000]: Footprint model 'polygon' loaded for trajectory optimization.
[INFO] [1783870378.155868730, 554.496000000]: Footprint model 'polygon' loaded for trajectory optimization.
[INFO] [1783870378.719778202, 555.058000000]: Footprint model 'polygon' loaded for trajectory optimization.
[INFO] [1783870379.367705175, 555.706000000]: Footprint model 'polygon' loaded for trajectory optimization.
[INFO] [1783870379.917931275, 556.254000000]: Footprint model 'polygon' loaded for trajectory optimization.
[INFO] [1783870380.525020232, 556.862000000]: Footprint model 'polygon' loaded for trajectory optimi[ERROR] [1783870389.403191140, 565.722000000]: Aborting because the robot appears to be oscillating over and over. Even after executing all recovery behaviors
[WARN] [1783870389.865851814, 566.184000000]: The origin for the sensor at (7.67, -0.04) is out of map bounds. So, the costmap cannot raytrace for it.
zation.
[INFO] [1783870381.120236479, 557.454000000]: Footprint model 'polygon' loaded for trajectory optimization.
[INFO] [1783870381.779896696, 558.112000000]: Footprint model 'polygon' loaded for trajectory optimization.
[INFO] [1783870382.317963258, 558.650000000]: Footprint model 'polygon' loaded for trajectory optimization.
[INFO] [1783870382.972331106, 559.304000000]: Footprint model 'polygon' loaded for trajectory optimization.
[INFO] [1783870383.520758680, 559.850000000]: Footprint model 'polygon' loaded for trajectory optimization.
[INFO] [1783870384.184001171, 560.512000000]: Footprint model 'polygon' loaded for trajectory optimization.
[INFO] [1783870384.726706300, 561.054000000]: Footprint model 'polygon' loaded for trajectory optimization.
[INFO] [1783870385.329890853, 561.658000000]: Footprint model 'polygon' loaded for trajectory optimization.
[INFO] [1783870385.983080139, 562.310000000]: Footprint model 'polygon' loaded for trajectory optimization.
[INFO] [1783870386.579995900, 562.904000000]: Footprint model 'polygon' loaded for trajectory optimization.
[INFO] [1783870387.179894375, 563.504000000]: Footprint model 'polygon' loaded for trajectory optimization.
[INFO] [1783870387.780222720, 564.102000000]: Footprint model 'polygon' loaded for trajectory optimization.
[INFO] [1783870388.332187022, 564.654000000]: Footprint model 'polygon' loaded for trajectory optimization.
[INFO] [1783870388.937583482, 565.258000000]: Footprint model 'polygon' loaded for trajectory optimization.
[INFO] [1783870389.722435851, 566.040000000]: Footprint model 'polygon' loaded for trajectory optimization.
[INFO] [1783870390.604251898, 566.922000000]: Footprint model 'polygon' loaded for trajectory optimization.
[INFO] [1783870391.286654229, 567.602000000]: Footprint model 'polygon' loaded for trajectory optimization.
[INFO] [1783870391.881828187, 568.202000000]: Footprint model 'polygon' loaded for trajectory optimization.
[INFO] [1783870392.486419864, 568.802000000]: Footprint model 'polygon' loaded for trajectory optimization.
[INFO] [1783870393.088114578, 569.404000000]: Footprint model 'polygon' loaded for trajectory optimization.
[INFO] [1783870393.640587844, 569.954000000]: Footprint model 'polygon' loaded for trajectory optimization.
[INFO] [1783870394.239083514, 570.550000000]: Footprint model 'polygon' loaded for trajectory optimization.
[INFO] [1783870394.886381685, 571.196000000]: Footprint model 'polygon' loaded for trajectory optimization.
[INFO] [1783870396.328412152, 572.638000000]: GOAL Reached!
[INFO] [1783870396.465312279, 572.774000000]: Footprint model 'polygon' loaded for trajectory optimization.
[INFO] [1783870397.353165499, 573.660000000]: Footprint model 'polygon' loaded for trajectory optimization.
[INFO] [1783870397.901584516, 574.206000000]: Footprint model 'polygon' loaded for trajectory optimization.
[INFO] [1783870398.502547712, 574.808000000]: Footprint model 'polygon' loaded for trajectory optimization.
[INFO] [1783870399.154599185, 575.456000000]: Footprint model 'polygon' loaded for trajectory optimization.
[INFO] [1783870399.701717483, 576.002000000]: Footprint model 'polygon' loaded for trajectory optimization.
[INFO] [1783870400.355164264, 576.656000000]: Footprint model 'polygon' loaded for trajectory optimization.
[INFO] [1783870400.906587549, 577.206000000]: Footprint model 'polygon' loaded for trajectory optimization.
[INFO] [1783870401.504035658, 577.802000000]: Footprint model 'polygon' loaded for trajectory optimization.
[INFO] [1783870401.690188237, 577.990000000]: TebLocalPlannerROS: oscillation recovery disabled/expired.
[INFO] [1783870402.102256918, 578.402000000]: Footprint model 'polygon' loaded for trajectory optimization.
[INFO] [1783870402.753743554, 579.052000000]: Footprint model 'polygon' loaded for trajectory optimization.
[INFO] [1783870403.350442781, 579.648000000]: Footprint model 'polygon' loaded for trajectory optimization.
[INFO] [1783870405.096906111, 581.390000000]: GOAL Reached!
[INFO] [1783870405.263695640, 581.556000000]: Footprint model 'polygon' loaded for [WARN] [1783870418.095529739, 594.366000000]: TebLocalPlannerROS: possible oscillation (of the robot or its local plan) detected. Activating recovery strategy (prefer current turning direction during optimization).
[WARN] [1783870425.507020289, 601.768000000]: Control loop missed its desired rate of 10.0000Hz... the loop actually took 0.1020 seconds
[WARN] [1783870425.607103623, 601.870000000]: Control loop missed its desired rate of 10.0000Hz... the loop actually took 0.1040 seconds
[WARN] [1783870425.716825480, 601.978000000]: Control loop missed its desired rate of 10.0000Hz... the loop actually took 0.1120 seconds
[WARN] [1783870425.823612279, 602.084000000]: Control loop missed its desired rate of 10.0000Hz... the loop actually took 0.1180 seconds
[WARN] [1783870425.928679235, 602.188000000]: Control loop missed its desired rate of 10.0000Hz... the loop actually took 0.1220 seconds
[WARN] [1783870425.929201461, 602.188000000]: Map update loop missed its desired rate of 10.0000Hz... the loop actually took 0.2040 seconds
[WARN] [1783870426.039877788, 602.300000000]: Control loop missed its desired rate of 10.0000Hz... the loop actually took 0.1340 seconds
[WARN] [1783870426.145643525, 602.406000000]: Control loop missed its desired rate of 10.0000Hz... the loop actually took 0.1400 seconds
[WARN] [1783870426.236923157, 602.498000000]: Control loop missed its desired rate of 10.0000Hz... the loop actually took 0.1320 seconds
[WARN] [1783870426.307809273, 602.570000000]: Control loop missed its desired rate of 10.0000Hz... the loop actually took 0.1040 seconds
trajectory optimization.
[INFO] [1783870406.153867190, 582.444000000]: Footprint model 'polygon' loaded for trajectory optimization.
[INFO] [1783870406.694451392, 582.984000000]: Footprint model 'polygon' loaded for trajectory optimization.
[INFO] [1783870407.296196973, 583.586000000]: Footprint model 'polygon' loaded for trajectory optimization.
[INFO] [1783870407.897882890, 584.186000000]: Footprint model 'polygon' loaded for trajectory optimization.
[INFO] [1783870408.548993967, 584.836000000]: Footprint model 'polygon' loaded for trajectory optimization.
[INFO] [1783870409.098776233, 585.386000000]: Footprint model 'polygon' loaded for trajectory optimization.
[INFO] [1783870409.748941439, 586.034000000]: Footprint model 'polygon' loaded for trajectory optimization.
[INFO] [1783870413.351599024, 589.632000000]: Footprint model 'polygon' loaded for trajectory optimization.
[INFO] [1783870413.963461488, 590.240000000]: Footprint model 'polygon' loaded for trajectory optimization.
[INFO] [1783870414.509051096, 590.786000000]: Footprint model 'polygon' loaded for trajectory optimization.
[INFO] [1783870415.159477162, 591.434000000]: Footprint model 'polygon' loaded for trajectory optimization.
[INFO] [1783870415.766321662, 592.040000000]: Footprint model 'polygon' loaded for trajectory optimization.
[INFO] [1783870416.366750866, 592.638000000]: Footprint model 'polygon' loaded for trajectory optimization.
[INFO] [1783870416.970082649, 593.242000000]: Footprint model 'polygon' loaded for trajectory optimization.
[INFO] [1783870420.572125632, 596.836000000]: Footprint model 'polygon' loaded for trajectory optimization.
[INFO] [1783870421.148079340, 597.414000000]: Footprint model 'polygon' loaded for trajectory optimization.
[INFO] [1783870421.758563093, 598.022000000]: Footprint model 'polygon' loaded for trajectory optimization.
[INFO] [1783870422.455697582, 598.718000000]: Footprint model 'polygon' loaded for trajectory optimization.
[INFO] [1783870423.175017226, 599.438000000]: Footprint model 'polygon' loaded for trajectory optimization.
[INFO] [1783870423.881310050, 600.142000000]: Footprint model 'polygon' loaded for trajectory optimization.
[INFO] [1783870424.485879566, 600.748000000]: Footprint model 'polygon' loaded for trajectory optimization.
[INFO] [1783870425.090705421, 601.348000000]: Footprint model 'polygon' loaded for trajectory optimization.
[INFO] [1783870425.717520122, 601.978000000]: Footprint model 'polygon' loaded for trajectory optimization.
[INFO] [1783870426.365807031, 602.628000000]: Footprint model 'polygon' loaded for trajectory optimization.
[INFO] [1783870426.976993527, 603.234000000]: Footprint model 'polygon' loaded for trajectory optimization.
[INFO] [1783870427.661761780, 603.918000000]: Footprint model 'polygon' loaded for trajectory optimization.
[INFO] [1783870428.265950847, 604.520000000]: Footprint model 'polygon' loaded for trajectory optimization.
[INFO] [1783870428.859531155, 605.116000000]: Footprint model 'polygon' loaded for trajectory optimization.
[INFO] [1783870429.008204305, 605.266000000]: TebLocalPlannerROS: oscillation recovery disabled/expired.
[INFO] [1783870429.459847358, 605.716000000]: Footprint model 'polygon' loaded for trajectory optimization.
[INFO] [1783870430.054432156, 606.310000000]: Footprint model 'polygon' loaded for trajectory optimization.
[INFO] [1783870430.664038554, 606.916000000]: Footprint model 'polygon' loaded for trajectory optimization.
[INFO] [1783870431.315401791, 607.566000000]: Footprint model 'polygon' loaded for trajectory optimization.
[INFO] [1783870431.862178427, 608.112000000]: Footprint model 'polygon' loaded for trajectory optimization.
[INFO] [1783870432.468243939, 608.718000000]: Footprint model 'polygon' loaded for trajectory optimization.
[INFO] [1783870433.120600520, 609.366000000]: Footprint model 'polygon' loaded for trajectory optimization.
[INFO] [1783870433.660187249, 609.908000000]: Footprint model 'polygon' loaded for trajectory optimization.
[INFO] [1783870434.353348032, 610.602000000]: Footprint model 'polygon' loaded[WARN] [1783870437.723015582, 613.966000000]: TebLocalPlannerROS: possible oscillation (of the robot or its local plan) detected. Activating recovery strategy (prefer current turning direction during optimization).
[ERROR] [1783870439.525811698, 615.766000000]: Aborting because the robot appears to be oscillating over and over. Even after executing all recovery behaviors
 for trajectory optimization.
[INFO] [1783870435.016854004, 611.264000000]: Footprint model 'polygon' loaded for trajectory optimization.
[INFO] [1783870435.561466422, 611.808000000]: Footprint model 'polygon' loaded for trajectory optimization.
[INFO] [1783870436.165818579, 612.412000000]: Footprint model 'polygon' loaded for trajectory optimization.
[INFO] [1783870436.764815751, 613.010000000]: Footprint model 'polygon' loaded for trajectory optimization.
[INFO] [1783870437.372994010, 613.616000000]: Footprint model 'polygon' loaded for trajectory optimization.
[INFO] [1783870437.967337945, 614.210000000]: Footprint model 'polygon' loaded for trajectory optimization.
[INFO] [1783870438.624272789, 614.864000000]: Footprint model 'polygon' loaded for trajectory optimization.
[INFO] [1783870439.162974411, 615.404000000]: Footprint model 'polygon' loaded for trajectory optimization.
[INFO] [1783870439.905374161, 616.146000000]: Footprint model 'polygon' loaded for trajectory optimization.
[INFO] [1783870440.784536711, 617.022000000]: Footprint model 'polygon' loaded for trajectory optimization.
[INFO] [1783870441.330450394, 617.570000000]: Footprint model 'polygon' loaded for trajectory optimization.
[INFO] [1783870441.949786518, 618.186000000]: Footprint model 'polygon' loaded for trajectory optimization.
[INFO] [1783870442.538379508, 618.772000000]: Footprint model 'polygon' loaded for trajectory optimization.
[INFO] [1783870443.183479295, 619.416000000]: Footprint model 'polygon' loaded for trajectory optimization.
[INFO] [1783870443.736082069, 619.968000000]: Footprint model 'polygon' loaded for trajectory optimization.
[INFO] [1783870444.382370001, 620.614000000]: Footprint model 'polygon' loaded for trajectory optimization.
[INFO] [1783870444.985086097, 621.216000000]: Footprint model 'polygon' loaded for trajectory optimization.
[INFO] [1783870446.527160992, 622.754000000]: GOAL Reached!
[INFO] [1783870446.677278956, 622.904000000]: Footprint model 'polygon' loaded for trajectory optimization.
[INFO] [1783870447.555300968, 623.782000000]: Footprint model 'polygon' loaded for trajectory optimization.
[INFO] [1783870448.139734603, 624.364000000]: Footprint model 'polygon' loaded for trajectory optimization.
[INFO] [1783870448.742859581, 624.970000000]: Footprint model 'polygon' loaded for trajectory optimization.
[INFO] [1783870449.296209512, 625.518000000]: Footprint model 'polygon' loaded for trajectory optimization.
[INFO] [1783870449.897336186, 626.118000000]: Footprint model 'polygon' loaded for trajectory optimization.
[INFO] [1783870450.498453000, 626.718000000]: Footprint model 'polygon' loaded for trajectory optimization.
[INFO] [1783870451.102062806, 627.320000000]: Footprint model 'polygon' loaded for trajectory optimization.
[INFO] [1783870451.749365111, 627.968000000]: Footprint model 'polygon' loaded for trajectory optimization.
[INFO] [1783870451.883583056, 628.102000000]: TebLocalPlannerROS: oscillation recovery disabled/expired.
[INFO] [1783870452.299754321, 628.516000000]: Footprint model 'polygon' loaded for trajectory optimization.
[INFO] [1783870452.947486887, 629.162000000]: Footprint model 'polygon' loaded for trajectory optimization.
[INFO] [1783870454.889100411, 631.102000000]: GOAL Reached!
[INFO] [1783870455.027304154, 631.240000000]: Footprint model 'polygon' loaded for trajectory optimization.
[INFO] [1783870455.910946606, 632.120000000]: Footprint model 'polygon' loaded for trajectory optimization.
[INFO] [1783870456.508188535, 632.716000000]: Footprint model 'polygon' loaded for trajectory optimization.
[INFO] [1783870457.062192513, 633.270000000]: Footprint model 'polygon' loaded for trajectory optimization.
[INFO] [1783870457.660551936, 633.866000000]: Footprint model 'polygon' loaded for trajectory optimization.
[INFO] [1783870458.310953248, 634.516000000]: Footprint model 'polygon' loaded for trajectory optimization.
[INFO] [1783870458.863815523, 635.068000000]: Footprint model 'polygon' loaded for trajectory optimization.
[INFO] [1783870459.514006007, 635.716000000]: Footprint model[WARN] [1783870472.463194912, 648.646000000]: TebLocalPlannerROS: possible oscillation (of the robot or its local plan) detected. Activating recovery strategy (prefer current turning direction during optimization).
[ERROR] [1783870480.376761374, 656.546000000]: Aborting because the robot appears to be oscillating over and over. Even after executing all recovery behaviors
[WARN] [1783870480.719142167, 656.888000000]: The origin for the sensor at (7.63, -0.01) is out of map bounds. So, the costmap cannot raytrace for it.
 'polygon' loaded for trajectory optimization.
[INFO] [1783870463.117957531, 639.314000000]: Footprint model 'polygon' loaded for trajectory optimization.
[INFO] [1783870463.725655634, 639.922000000]: Footprint model 'polygon' loaded for trajectory optimization.
[INFO] [1783870464.274003224, 640.470000000]: Footprint model 'polygon' loaded for trajectory optimization.
[INFO] [1783870464.922258394, 641.116000000]: Footprint model 'polygon' loaded for trajectory optimization.
[INFO] [1783870465.520688906, 641.714000000]: Footprint model 'polygon' loaded for trajectory optimization.
[INFO] [1783870466.126515106, 642.320000000]: Footprint model 'polygon' loaded for trajectory optimization.
[INFO] [1783870466.670732395, 642.862000000]: Footprint model 'polygon' loaded for trajectory optimization.
[INFO] [1783870467.327439342, 643.520000000]: Footprint model 'polygon' loaded for trajectory optimization.
[INFO] [1783870467.931418580, 644.122000000]: Footprint model 'polygon' loaded for trajectory optimization.
[INFO] [1783870468.522473393, 644.712000000]: Footprint model 'polygon' loaded for trajectory optimization.
[INFO] [1783870469.084883015, 645.272000000]: Footprint model 'polygon' loaded for trajectory optimization.
[INFO] [1783870469.685650895, 645.872000000]: Footprint model 'polygon' loaded for trajectory optimization.
[INFO] [1783870470.287199256, 646.474000000]: Footprint model 'polygon' loaded for trajectory optimization.
[INFO] [1783870470.887796955, 647.072000000]: Footprint model 'polygon' loaded for trajectory optimization.
[INFO] [1783870471.544182708, 647.726000000]: Footprint model 'polygon' loaded for trajectory optimization.
[INFO] [1783870472.086884692, 648.268000000]: Footprint model 'polygon' loaded for trajectory optimization.
[INFO] [1783870472.743442135, 648.926000000]: Footprint model 'polygon' loaded for trajectory optimization.
[INFO] [1783870473.337585912, 649.518000000]: Footprint model 'polygon' loaded for trajectory optimization.
[INFO] [1783870473.942427993, 650.122000000]: Footprint model 'polygon' loaded for trajectory optimization.
[INFO] [1783870474.495459828, 650.676000000]: Footprint model 'polygon' loaded for trajectory optimization.
[INFO] [1783870475.102640695, 651.282000000]: Footprint model 'polygon' loaded for trajectory optimization.
[INFO] [1783870475.750638198, 651.928000000]: Footprint model 'polygon' loaded for trajectory optimization.
[INFO] [1783870476.342900684, 652.518000000]: Footprint model 'polygon' loaded for trajectory optimization.
[INFO] [1783870476.898391298, 653.072000000]: Footprint model 'polygon' loaded for trajectory optimization.
[INFO] [1783870477.506136341, 653.678000000]: Footprint model 'polygon' loaded for trajectory optimization.
[INFO] [1783870478.100559361, 654.274000000]: Footprint model 'polygon' loaded for trajectory optimization.
[INFO] [1783870478.701406679, 654.874000000]: Footprint model 'polygon' loaded for trajectory optimization.
[INFO] [1783870479.351910291, 655.522000000]: Footprint model 'polygon' loaded for trajectory optimization.
[INFO] [1783870479.953096329, 656.126000000]: Footprint model 'polygon' loaded for trajectory optimization.
[INFO] [1783870480.627306943, 656.796000000]: Footprint model 'polygon' loaded for trajectory optimization.
[INFO] [1783870481.512994296, 657.680000000]: Footprint model 'polygon' loaded for trajectory optimization.
[INFO] [1783870482.098950539, 658.264000000]: Footprint model 'polygon' loaded for trajectory optimization.
[INFO] [1783870482.654149783, 658.818000000]: Footprint model 'polygon' loaded for trajectory optimization.
[INFO] [1783870483.301840362, 659.464000000]: Footprint model 'polygon' loaded for trajectory optimization.
[INFO] [1783870483.904105556, 660.066000000]: Footprint model 'polygon' loaded for trajectory optimization.
[INFO] [1783870484.506186734, 660.668000000]: Footprint model 'polygon' loaded for trajectory optimization.
[INFO] [1783870485.054108146, 661.216000000]: Footprint model 'polygon' loaded for trajectory optimization.
[INFO] [1783870485.647036499, 661.810000000]: Footpri[ERROR] [1783870497.242947505, 673.396000000]: TebOptimalPlanner::getVelocityCommand() - timediff<=0 is invalid!
[WARN] [1783870497.243009819, 673.396000000]: TebLocalPlannerROS: velocity command invalid. Resetting planner...
nt model 'polygon' loaded for trajectory optimization.
[INFO] [1783870486.308971373, 662.472000000]: Footprint model 'polygon' loaded for trajectory optimization.
[INFO] [1783870486.896418232, 663.058000000]: Footprint model 'polygon' loaded for trajectory optimization.
[INFO] [1783870487.505076574, 663.666000000]: Footprint model 'polygon' loaded for trajectory optimization.
[INFO] [1783870488.095065445, 664.258000000]: Footprint model 'polygon' loaded for trajectory optimization.
[INFO] [1783870488.700628724, 664.858000000]: Footprint model 'polygon' loaded for trajectory optimization.
[INFO] [1783870490.743328666, 666.902000000]: GOAL Reached!
[INFO] [1783870490.860810480, 667.018000000]: Footprint model 'polygon' loaded for trajectory optimization.
[INFO] [1783870491.700317918, 667.858000000]: Footprint model 'polygon' loaded for trajectory optimization.
[INFO] [1783870492.249207048, 668.406000000]: Footprint model 'polygon' loaded for trajectory optimization.
[INFO] [1783870492.847851347, 669.006000000]: Footprint model 'polygon' loaded for trajectory optimization.
[INFO] [1783870493.140002472, 669.296000000]: TebLocalPlannerROS: oscillation recovery disabled/expired.
[INFO] [1783870493.497259163, 669.654000000]: Footprint model 'polygon' loaded for trajectory optimization.
[INFO] [1783870494.050798129, 670.204000000]: Footprint model 'polygon' loaded for trajectory optimization.
[INFO] [1783870494.697707475, 670.852000000]: Footprint model 'polygon' loaded for trajectory optimization.
[INFO] [1783870495.306537154, 671.462000000]: Footprint model 'polygon' loaded for trajectory optimization.
[INFO] [1783870495.899144239, 672.052000000]: Footprint model 'polygon' loaded for trajectory optimization.
[INFO] [1783870496.499538229, 672.654000000]: Footprint model 'polygon' loaded for trajectory optimization.
[INFO] [1783870498.745433917, 674.896000000]: GOAL Reached!
[INFO] [1783870498.858210976, 675.008000000]: Footprint model 'polygon' loaded for trajectory optimization.
[INFO] [1783870499.705670039, 675.856000000]: Footprint model 'polygon' loaded for trajectory optimization.
[INFO] [1783870500.306635175, 676.456000000]: Footprint model 'polygon' loaded for trajectory optimization.
[INFO] [1783870500.900415575, 677.046000000]: Footprint model 'polygon' loaded for trajectory optimization.
[INFO] [1783870501.500021953, 677.646000000]: Footprint model 'polygon' loaded for trajectory optimization.
[INFO] [1783870502.103102358, 678.250000000]: Footprint model 'polygon' loaded for trajectory optimization.
[INFO] [1783870502.704432708, 678.852000000]: Footprint model 'polygon' loaded for trajectory optimization.
[INFO] [1783870503.297523660, 679.444000000]: Footprint model 'polygon' loaded for trajectory optimization.
[INFO] [1783870506.908660160, 683.052000000]: Footprint model 'polygon' loaded for trajectory optimization.
[INFO] [1783870507.504346020, 683.648000000]: Footprint model 'polygon' loaded for trajectory optimization.
[INFO] [1783870508.101751589, 684.244000000]: Footprint model 'polygon' loaded for trajectory optimization.
[INFO] [1783870508.704710845, 684.846000000]: Footprint model 'polygon' loaded for trajectory optimization.
[INFO] [1783870509.306665172, 685.446000000]: Footprint model 'polygon' loaded for trajectory optimization.
[INFO] [1783870509.903746324, 686.044000000]: Footprint model 'polygon' loaded for trajectory optimization.
[INFO] [1783870510.505929414, 686.646000000]: Footprint model 'polygon' loaded for trajectory optimization.
[INFO] [1783870511.060006518, 687.198000000]: Footprint model 'polygon' loaded for trajectory optimization.
[INFO] [1783870511.667303086, 687.806000000]: Footprint model 'polygon' loaded for trajectory optimization.
[INFO] [1783870512.310451361, 688.448000000]: Footprint model 'polygon' loaded for trajectory optimization.
[INFO] [1783870512.861277250, 689.000000000]: Footprint model 'polygon' loaded for trajectory optimization.
[INFO] [1783870513.463069066, 689.600000000]: Footprint model 'polygon' loaded for trajectory optimization.
[INFO] [1783870514.066182431, 690.20[WARN] [1783870515.651280261, 691.786000000]: TebLocalPlannerROS: possible oscillation (of the robot or its local plan) detected. Activating recovery strategy (prefer current turning direction during optimization).
[ERROR] [1783870532.464897107, 708.586000000]: Aborting because the robot appears to be oscillating over and over. Even after executing all recovery behaviors
[WARN] [1783870533.857119, 709.976000]: training environment stop requested: adapter_close
schema_version: '1.0'
task: T11
status: passed
run_id: t11_semantic_eta_projection_only_seed104
algorithm: RL-TEB-Eta-ProjectionOnly
training_seed: 104
safety_mode: ProjectionOnly
episode_count: 70
step_count: 894
failure_count: 10
run_validation:
  valid: true
  run_id: t11_semantic_eta_projection_only_seed104
  episode_count: 70
  step_count: 894
  verified_checksum_count: 4
selected_checkpoint: /home/robot/robot_ws_base_rl/artifacts/t11/runs/t11_semantic_eta_fullsafety_seed104/checkpoints/step_000500
passed: true
acceptance_override: false

[INFO] [1783869821.957625453]: Finished loading Gazebo ROS API Plugin.
[INFO] [1783869821.958608761]: waitForService: Service [/gazebo/set_physics_properties] has not been advertised, waiting...
[INFO] [1783869822.389326378]: waitForService: Service [/gazebo/set_physics_properties] is now available.
[INFO] [1783869822.430701687, 0.032000000]: Physics dynamic reconfigure ready.
[INFO] [1783869822.630133975, 0.172000000]: <initialOrientationAsReference> is unset, using default value of false to comply with REP 145 (world as orientation reference)
[INFO] [1783869822.630167481, 0.172000000]: <robotNamespace> set to: //
[INFO] [1783869822.630174623, 0.172000000]: <topicName> set to: imu/data
[INFO] [1783869822.630180225, 0.172000000]: <frameName> set to: imu_link
[INFO] [1783869822.630199482, 0.172000000]: <updateRateHZ> set to: 50
[INFO] [1783869822.630206920, 0.172000000]: <gaussianNoise> set to: 0
[INFO] [1783869822.630224061, 0.172000000]: <xyzOffset> set to: 0 0 0
[INFO] [1783869822.630238384, 0.172000000]: <rpyOffset> set to: 0 -0 0
[INFO] [1783869822.745045524, 0.172000000]: Laser Plugin: Using the 'robotNamespace' param: '/'
[INFO] [1783869822.745067114, 0.172000000]: Starting Laser Plugin (ns = /)
[INFO] [1783869822.746023601, 0.172000000]: Laser Plugin (ns = /)  <tf_prefix_>, set to ""
[INFO] [1783869822.861952652, 0.172000000]: M2 simulation-only Ackermann interface loaded; cmd_angle_instead_rotvel=false
2000000]: Footprint model 'polygon' loaded for trajectory optimization.
[INFO] [1783870514.712463862, 690.848000000]: Footprint model 'polygon' loaded for trajectory optimization.
[INFO] [1783870515.269405911, 691.402000000]: Footprint model 'polygon' loaded for trajectory optimization.
[INFO] [1783870515.869091159, 692.002000000]: Footprint model 'polygon' loaded for trajectory optimization.
[INFO] [1783870516.514013719, 692.650000000]: Footprint model 'polygon' loaded for trajectory optimization.
[INFO] [1783870517.118244720, 693.250000000]: Footprint model 'polygon' loaded for trajectory optimization.
[INFO] [1783870517.675694908, 693.808000000]: Footprint model 'polygon' loaded for trajectory optimization.
[INFO] [1783870518.320986405, 694.452000000]: Footprint model 'polygon' loaded for trajectory optimization.
[INFO] [1783870518.872761176, 695.004000000]: Footprint model 'polygon' loaded for trajectory optimization.
[INFO] [1783870519.517947717, 695.650000000]: Footprint model 'polygon' loaded for trajectory optimization.
[INFO] [1783870520.120752237, 696.252000000]: Footprint model 'polygon' loaded for trajectory optimization.
[INFO] [1783870520.728850658, 696.860000000]: Footprint model 'polygon' loaded for trajectory optimization.
[INFO] [1783870521.280604880, 697.410000000]: Footprint model 'polygon' loaded for trajectory optimization.
[INFO] [1783870521.923518027, 698.054000000]: Footprint model 'polygon' loaded for trajectory optimization.
[INFO] [1783870522.479440696, 698.608000000]: Footprint model 'polygon' loaded for trajectory optimization.
[INFO] [1783870523.088116593, 699.216000000]: Footprint model 'polygon' loaded for trajectory optimization.
[INFO] [1783870523.727090346, 699.854000000]: Footprint model 'polygon' loaded for trajectory optimization.
[INFO] [1783870524.289725894, 700.418000000]: Footprint model 'polygon' loaded for trajectory optimization.
[INFO] [1783870524.926738376, 701.054000000]: Footprint model 'polygon' loaded for trajectory optimization.
[INFO] [1783870525.481975318, 701.608000000]: Footprint model 'polygon' loaded for trajectory optimization.
[INFO] [1783870526.129165858, 702.254000000]: Footprint model 'polygon' loaded for trajectory optimization.
[INFO] [1783870526.684480416, 702.810000000]: Footprint model 'polygon' loaded for trajectory optimization.
[INFO] [1783870527.282795405, 703.408000000]: Footprint model 'polygon' loaded for trajectory optimization.
[INFO] [1783870527.931057122, 704.056000000]: Footprint model 'polygon' loaded for trajectory optimization.
[INFO] [1783870528.536399546, 704.658000000]: Footprint model 'polygon' loaded for trajectory optimization.
[INFO] [1783870529.084589525, 705.208000000]: Footprint model 'polygon' loaded for trajectory optimization.
[INFO] [1783870529.739046588, 705.862000000]: Footprint model 'polygon' loaded for trajectory optimization.
[INFO] [1783870530.334137578, 706.454000000]: Footprint model 'polygon' loaded for trajectory optimization.
[INFO] [1783870530.940005306, 707.060000000]: Footprint model 'polygon' loaded for trajectory optimization.
[INFO] [1783870531.531199660, 707.652000000]: Footprint model 'polygon' loaded for trajectory optimization.
[INFO] [1783870532.130237022, 708.250000000]: Footprint model 'polygon' loaded for trajectory optimization.
[INFO] [1783870532.844055005, 708.964000000]: Footprint model 'polygon' loaded for trajectory optimization.
[INFO] [1783870533.922405637, 710.042000000]: Footprint model 'polygon' loaded for trajectory optimization.
[INFO] [1783870533.940358884, 710.060000000]: Footprint model 'polygon' loaded for trajectory optimization.
... logging to /home/robot/.ros/log/a978da1e-7e05-11f1-91bc-3382cc4c3ed1/roslaunch-WP-276728.log
Checking log directory for disk usage. This may take a while.
Press Ctrl-C to interrupt
]2;/home/robot/robot_ws_base_rl/src/tools/thesis_experiment/launch/t11_formal_run.launch
[1mstarted roslaunch server http://WP:41947/[0m

SUMMARY
========

PARAMETERS
 * /gazebo/enable_ros_network: True
 * /m2_gazebo/simulation_only: True
 * /m2_robot_state_publisher/publish_frequency: 30.0
 * /move_base/TebLocalPlannerROS/acc_lim_theta: 0.8
 * /move_base/TebLocalPlannerROS/acc_lim_x: 0.8
 * /move_base/TebLocalPlannerROS/allow_init_with_backwards_motion: True
 * /move_base/TebLocalPlannerROS/cmd_angle_instead_rotvel: False
 * /move_base/TebLocalPlannerROS/costmap_obstacles_behind_robot_dist: 1.5
 * /move_base/TebLocalPlannerROS/dt_hysteresis: 0.1
 * /move_base/TebLocalPlannerROS/dt_ref: 0.3
 * /move_base/TebLocalPlannerROS/enable_homotopy_class_planning: False
 * /move_base/TebLocalPlannerROS/enable_multithreading: True
 * /move_base/TebLocalPlannerROS/feasibility_check_no_poses: 5
 * /move_base/TebLocalPlannerROS/footprint_model/type: polygon
 * /move_base/TebLocalPlannerROS/footprint_model/vertices: [[0.52, 0.35], [0...
 * /move_base/TebLocalPlannerROS/global_plan_overwrite_orientation: True
 * /move_base/TebLocalPlannerROS/include_costmap_obstacles: True
 * /move_base/TebLocalPlannerROS/inflation_dist: 0.55
 * /move_base/TebLocalPlannerROS/map_frame: odom
 * /move_base/TebLocalPlannerROS/max_global_plan_lookahead_dist: 8.0
 * /move_base/TebLocalPlannerROS/max_number_classes: 4
 * /move_base/TebLocalPlannerROS/max_samples: 500
 * /move_base/TebLocalPlannerROS/max_vel_theta: 1.0
 * /move_base/TebLocalPlannerROS/max_vel_x: 1.2
 * /move_base/TebLocalPlannerROS/max_vel_x_backwards: 0.6
 * /move_base/TebLocalPlannerROS/max_vel_y: 0.0
 * /move_base/TebLocalPlannerROS/min_obstacle_dist: 0.25
 * /move_base/TebLocalPlannerROS/min_turning_radius: 1.2
 * /move_base/TebLocalPlannerROS/obstacle_poses_affected: 15
 * /move_base/TebLocalPlannerROS/odom_topic: /odom
 * /move_base/TebLocalPlannerROS/teb_autosize: True
 * /move_base/TebLocalPlannerROS/weight_acc_lim_theta: 1.0
 * /move_base/TebLocalPlannerROS/weight_acc_lim_x: 1.0
 * /move_base/TebLocalPlannerROS/weight_adapt_factor: 2.0
 * /move_base/TebLocalPlannerROS/weight_inflation: 0.1
 * /move_base/TebLocalPlannerROS/weight_kinematics_forward_drive: 10.0
 * /move_base/TebLocalPlannerROS/weight_kinematics_nh: 1000.0
 * /move_base/TebLocalPlannerROS/weight_kinematics_turning_radius: 10.0
 * /move_base/TebLocalPlannerROS/weight_max_vel_theta: 1.0
 * /move_base/TebLocalPlannerROS/weight_max_vel_x: 2.0
 * /move_base/TebLocalPlannerROS/weight_obstacle: 50.0
 * /move_base/TebLocalPlannerROS/weight_optimaltime: 1.0
 * /move_base/TebLocalPlannerROS/weight_viapoint: 1.0
 * /move_base/TebLocalPlannerROS/wheelbase: 0.65
 * /move_base/base_global_planner: navfn/NavfnROS
 * /move_base/base_local_planner: teb_local_planner...
 * /move_base/clearing_rotation_allowed: False
 * /move_base/controller_frequency: 10.0
 * /move_base/controller_patience: 5.0
 * /move_base/global_costmap/footprint: [[0.52, 0.35], [0...
 * /move_base/global_costmap/footprint_padding: 0.05
 * /move_base/global_costmap/global_frame: odom
 * /move_base/global_costmap/height: 30.0
 * /move_base/global_costmap/inflation_layer/cost_scaling_factor: 4.0
 * /move_base/global_costmap/inflation_layer/enabled: True
 * /move_base/global_costmap/inflation_layer/inflation_radius: 0.55
 * /move_base/global_costmap/obstacle_layer/enabled: True
 * /move_base/global_costmap/obstacle_layer/observation_sources: scan
 * /move_base/global_costmap/obstacle_layer/scan/clearing: True
 * /move_base/global_costmap/obstacle_layer/scan/data_type: LaserScan
 * /move_base/global_costmap/obstacle_layer/scan/inf_is_valid: True
 * /move_base/global_costmap/obstacle_layer/scan/marking: True
 * /move_base/global_costmap/obstacle_layer/scan/obstacle_range: 12.0
 * /move_base/global_costmap/obstacle_layer/scan/raytrace_range: 15.0
 * /move_base/global_costmap/obstacle_layer/scan/sensor_frame: laser_link
 * /move_base/global_costmap/obstacle_layer/scan/topic: /scan
 * /move_base/global_costmap/plugins: [{'name': 'obstac...
 * /move_base/global_costmap/publish_frequency: 2.0
 * /move_base/global_costmap/resolution: 0.05
 * /move_base/global_costmap/robot_base_frame: base_link
 * /move_base/global_costmap/rolling_window: True
 * /move_base/global_costmap/transform_tolerance: 0.3
 * /move_base/global_costmap/update_frequency: 5.0
 * /move_base/global_costmap/width: 30.0
 * /move_base/local_costmap/footprint: [[0.52, 0.35], [0...
 * /move_base/local_costmap/footprint_padding: 0.05
 * /move_base/local_costmap/global_frame: odom
 * /move_base/local_costmap/height: 12.0
 * /move_base/local_costmap/inflation_layer/cost_scaling_factor: 4.0
 * /move_base/local_costmap/inflation_layer/enabled: True
 * /move_base/local_costmap/inflation_layer/inflation_radius: 0.55
 * /move_base/local_costmap/obstacle_layer/enabled: True
 * /move_base/local_costmap/obstacle_layer/observation_sources: scan
 * /move_base/local_costmap/obstacle_layer/scan/clearing: True
 * /move_base/local_costmap/obstacle_layer/scan/data_type: LaserScan
 * /move_base/local_costmap/obstacle_layer/scan/inf_is_valid: True
 * /move_base/local_costmap/obstacle_layer/scan/marking: True
 * /move_base/local_costmap/obstacle_layer/scan/obstacle_range: 12.0
 * /move_base/local_costmap/obstacle_layer/scan/raytrace_range: 15.0
 * /move_base/local_costmap/obstacle_layer/scan/sensor_frame: laser_link
 * /move_base/local_costmap/obstacle_layer/scan/topic: /scan
 * /move_base/local_costmap/plugins: [{'name': 'obstac...
 * /move_base/local_costmap/publish_frequency: 5.0
 * /move_base/local_costmap/resolution: 0.05
 * /move_base/local_costmap/robot_base_frame: base_link
 * /move_base/local_costmap/rolling_window: True
 * /move_base/local_costmap/transform_tolerance: 0.3
 * /move_base/local_costmap/update_frequency: 10.0
 * /move_base/local_costmap/width: 12.0
 * /move_base/oscillation_distance: 0.2
 * /move_base/oscillation_timeout: 10.0
 * /move_base/planner_frequency: 1.0
 * /move_base/planner_patience: 5.0
 * /move_base/recovery_behavior_enabled: False
 * /move_base/shutdown_costmaps: False
 * /robot_description: <?xml version="1....
 * /rosdistro: noetic
 * /rosversion: 1.17.4
 * /t11_formal_run/acceptance_eval_seed_limit: 0
 * /t11_formal_run/acceptance_timesteps: 0
 * /t11_formal_run/algorithm: RL-TEB-Semantic-Eta
 * /t11_formal_run/checkpoint: /home/robot/robot...
 * /t11_formal_run/config: /home/robot/robot...
 * /t11_formal_run/output_dir: /home/robot/robot...
 * /t11_formal_run/phase: ablation
 * /t11_formal_run/run_id: t11_semantic_eta_...
 * /t11_formal_run/safety_mode: ProjectionOnly
 * /t11_formal_run/training_seed: 104
 * /use_sim_time: True

NODES
  /
    gazebo (gazebo_ros/gzserver)
    m2_robot_state_publisher (robot_state_publisher/robot_state_publisher)
    move_base (move_base/move_base)
    spawn_m2 (gazebo_ros/spawn_model)
    t11_formal_run (thesis_experiment/t11_formal_run.py)

auto-starting new master
[1mprocess[master]: started with pid [276785][0m
[1mROS_MASTER_URI=http://localhost:11311[0m
]2;/home/robot/robot_ws_base_rl/src/tools/thesis_experiment/launch/t11_formal_run.launch http://localhost:11311
[1msetting /run_id to a978da1e-7e05-11f1-91bc-3382cc4c3ed1[0m
[1mprocess[rosout-1]: started with pid [276819][0m
started core service [/rosout]
[1mprocess[gazebo-2]: started with pid [276826][0m
[1mprocess[spawn_m2-3]: started with pid [276829][0m
[1mprocess[m2_robot_state_publisher-4]: started with pid [276832][0m
[1mprocess[move_base-5]: started with pid [276833][0m
[1mprocess[t11_formal_run-6]: started with pid [276834][0m
[1m[spawn_m2-3] process has finished cleanly
log file: /home/robot/.ros/log/a978da1e-7e05-11f1-91bc-3382cc4c3ed1/spawn_m2-3*.log[0m
[t11_formal_run-6] killing on exit
[move_base-5] killing on exit
[m2_robot_state_publisher-4] killing on exit
[gazebo-2] killing on exit
[rosout-1] killing on exit
[master] killing on exit
shutting down processing monitor...
[31mWARNING: disk usage in log directory [/home/robot/.ros/log] is over 1GB.
It's recommended that you use the 'rosclean' command.[0m
WARNING: Package name "gazebo_ros_2Dmap_plugin" does not follow the naming conventions. It should start with a lower case letter and only contain lower case letters, digits, underscores, and dashes.
WARNING: Package name "gazebo_ros_2Dmap_plugin" does not follow the naming conventions. It should start with a lower case letter and only contain lower case letters, digits, underscores, and dashes.
[31m================================================================================REQUIRED process [t11_formal_run-6] has died!
process has finished cleanly
log file: /home/robot/.ros/log/a978da1e-7e05-11f1-91bc-3382cc4c3ed1/t11_formal_run-6*.log
Initiating shutdown!
================================================================================[0m
... shutting down processing monitor complete
[1mdone[0m
