WARNING: Package name "gazebo_ros_2Dmap_plugin" does not follow the naming conventions. It should start with a lower case letter and only contain lower case letters, digits, underscores, and dashes.
xacro: in-order processing became default in ROS Melodic. You can drop the option.
WARNING: Package name "gazebo_ros_2Dmap_plugin" does not follow the naming conventions. It should start with a lower case letter and only contain lower case letters, digits, underscores, and dashes.
WARNING: Package name "gazebo_ros_2Dmap_plugin" does not follow the naming conventions. It should start with a lower case letter and only contain lower case letters, digits, underscores, and dashes.
[INFO] [1783867141.232638, 0.000000]: Loading model XML from ros parameter robot_description
[INFO] [1783867141.235600, 0.000000]: Waiting for service /gazebo/spawn_urdf_model
[INFO] [1783867142.139686, 0.252000]: Calling service /gazebo/spawn_urdf_model
[INFO] [1783867142.446496, 0.376000]: Spawn status: SpawnModel: Successfully spawned entity
[ERROR] [1783867160.824272464, 18.600000000]: TebOptimalPlanner::getVelocityCommand() - timediff<=0 is invalid!
[WARN] [1783867160.824543365, 18.600000000]: TebLocalPlannerROS: velocity command invalid. Resetting planner...
[INFO] [1783867142.853160859, 0.658000000]: global_costmap: Using plugin "obstacle_layer"
[INFO] [1783867142.859032761, 0.664000000]:     Subscribed to Topics: scan
[INFO] [1783867142.872595413, 0.678000000]: global_costmap: Using plugin "inflation_layer"
[INFO] [1783867142.889788878, 0.696000000]: local_costmap: Using plugin "obstacle_layer"
[INFO] [1783867142.891077559, 0.696000000]:     Subscribed to Topics: scan
[INFO] [1783867142.895268620, 0.700000000]: local_costmap: Using plugin "inflation_layer"
[INFO] [1783867142.908345480, 0.714000000]: Created local_planner teb_local_planner/TebLocalPlannerROS
[INFO] [1783867142.924345870, 0.730000000]: Footprint model 'polygon' loaded for trajectory optimization.
[INFO] [1783867142.924449539, 0.730000000]: Parallel planning in distinctive topologies disabled.
[INFO] [1783867142.924465220, 0.730000000]: No costmap conversion plugin specified. All occupied costmap cells are treaten as point obstacles.
[INFO] [1783867142.947236837, 0.752000000]: Footprint model 'polygon' loaded for trajectory optimization.
[INFO] [1783867143.121377598, 0.924000000]: Recovery behavior will clear layer 'obstacles'
[INFO] [1783867143.124036924, 0.928000000]: Recovery behavior will clear layer 'obstacles'
[INFO] [1783867143.142055011, 0.944000000]: odom received!
[INFO] [1783867144.863724250, 2.664000000]: Footprint model 'polygon' loaded for trajectory optimization.
[INFO] [1783867145.420931530, 3.220000000]: Footprint model 'polygon' loaded for trajectory optimization.
[INFO] [1783867146.069430466, 3.866000000]: Footprint model 'polygon' loaded for trajectory optimization.
[INFO] [1783867146.621799508, 4.416000000]: Footprint model 'polygon' loaded for trajectory optimization.
[INFO] [1783867148.411325798, 6.204000000]: GOAL Reached!
[INFO] [1783867148.565314364, 6.358000000]: Footprint model 'polygon' loaded for trajectory optimization.
[INFO] [1783867149.434011074, 7.224000000]: Footprint model 'polygon' loaded for trajectory optimization.
[INFO] [1783867150.040791287, 7.832000000]: Footprint model 'polygon' loaded for trajectory optimization.
[INFO] [1783867150.638204773, 8.428000000]: Footprint model 'polygon' loaded for trajectory optimization.
[INFO] [1783867151.193075812, 8.980000000]: Footprint model 'polygon' loaded for trajectory optimization.
[INFO] [1783867151.797321081, 9.582000000]: Footprint model 'polygon' loaded for trajectory optimization.
[INFO] [1783867152.394941052, 10.180000000]: Footprint model 'polygon' loaded for trajectory optimization.
[INFO] [1783867153.884913920, 11.668000000]: GOAL Reached!
[INFO] [1783867154.019647827, 11.802000000]: Footprint model 'polygon' loaded for trajectory optimization.
[INFO] [1783867154.883604637, 12.666000000]: Footprint model 'polygon' loaded for trajectory optimization.
[INFO] [1783867155.487658202, 13.268000000]: Footprint model 'polygon' loaded for trajectory optimization.
[INFO] [1783867156.086242704, 13.866000000]: Footprint model 'polygon' loaded for trajectory optimization.
[INFO] [1783867156.639281976, 14.418000000]: Footprint model 'polygon' loaded for trajectory optimization.
[INFO] [1783867157.284252620, 15.060000000]: Footprint model 'polygon' loaded for trajectory optimization.
[INFO] [1783867157.843965961, 15.620000000]: Footprint model 'polygon' loaded for trajectory optimization.
[INFO] [1783867158.490297633, 16.264000000]: Footprint model 'polygon' loaded for trajectory optimization.
[INFO] [1783867159.085474050, 16.860000000]: Footprint model 'polygon' loaded for trajectory optimization.
[INFO] [1783867159.637668063, 17.412000000]: Footprint model 'polygon' loaded for trajectory optimization.
[INFO] [1783867160.285506278, 18.058000000]: Footprint model 'polygon' loaded for trajectory optimization.
[INFO] [1783867163.530957618, 21.298000000]: GOAL Reached!
[INFO] [1783867163.685379763, 21.452000000]: Footprint model 'polygon' loaded for trajectory optimization.
[INFO] [1783867164.583139736, 22.348000000]: Footprint model 'polygon' loaded for trajectory optimization.
[INFO] [1783867165.176176515, 22.940000000]: Footprint model 'polygon' loaded for trajectory optimization.
[INFO] [1783867165.730334960, 23.494000000]: Footprint model 'polygon' loaded for trajectory optimization.
[INFO] [1783867166.373758866, 24.138000000]: Footprint model 'polygon' loaded for trajectory optimization.
[INFO] [1783867166.976486153, 24.736000000]: Footprint model 'polygon' loaded for trajectory optimization.
[INFO] [1783867167.526016438, 25.286000000]: Footprint model 'polygon' loaded for trajectory optimization.
[INFO] [1783867168.128434726, 25.886000000]: Footprint model 'polygon' loaded for trajectory optimization.
[INFO] [1783867168.727933991, 26.486000000]: Footprint model 'polygon' loaded for trajectory optimization.
[INFO] [1783867169.328631316, 27.086000000]: Footprint model 'polygon' loaded for trajectory optimization.
[INFO] [1783867171.214585013, 28.970000000]: GOAL Reached!
[INFO] [1783867171.357009535, 29.114000000]: Footprint model 'polygon' loaded for trajectory optimization.
[INFO] [1783867172.213453277, 29.966000000]: Footprint model 'polygon' loaded for trajectory optimization.
[INFO] [1783867172.820717136, 30.572000000]: Footprint model 'polygon' loaded for trajectory optimization.
[INFO] [1783867173.417213244, 31.168000000]: Footprint model 'polygon' loaded for trajectory optimization.
[INFO] [1783867174.018615605, 31.768000000]: Footprint model 'polygon' loaded for trajectory optimization.
[INFO] [1783867175.761884690, 33.506000000]: GOAL Reached!
[INFO] [1783867175.907993598, 33.652000000]: Footprint model 'polygon' loaded for trajectory optimization.
[INFO] [1783867176.761852554, 34.504000000]: Footprint model 'polygon' loaded for trajectory optimization.
[INFO] [1783867177.320188907, 35.062000000]: Footprint model 'polygon' loaded for trajectory optimization.
[INFO] [1783867177.922000279, 35.662000000]: Footprint model 'polygon' loaded for trajectory optimization.
[INFO] [1783867178.566791195, 36.306000000]: Footprint model 'polygon' loaded for trajectory optimization.
[INFO] [1783867179.122846296, 36.862000000]: Footprint model 'polygon' loaded for trajectory optimization.
[INFO] [1783867179.769918133, 37.506000000]: Footprint model 'polygon' loaded for trajectory optimization.
[INFO] [1783867181.311074607, 39.046000000]: GOAL Reached!
[INFO] [1783867181.450944584, 39.184000000]: Footprint model 'polygon' loaded for trajectory optimization.
[INFO] [1783867182.333781070, 40.066000000]: Footprint model 'polygon' loaded for trajectory optimization.
[INFO] [1783867182.879714744, 40.610000000]: Footprint model 'polygon' loaded for trajectory optimization.
[INFO] [1783867183.529136709, 41.258000000]: Footprint model 'polygon' loaded for trajectory optimization.
[INFO] [1783867184.081014234, 41.810000000]: Footprint model 'polygon' loaded for trajectory optimization.
[INFO] [1783867184.730825377, 42.458000000]: Footprint model 'polygon' loaded for trajectory optimization.
[INFO] [1783867185.285508238, 43.012000000]: Footprint model 'polygon' loaded for trajectory optimization.
[INFO] [1783867185.884927071, 43.610000000]: Footprint model 'polygon' loaded for trajectory optimization.
[INFO] [1783867186.485072167, 44.208000000]: Footprint model 'polygon' loaded for trajectory optimization.
[INFO] [1783867187.133717255, 44.858000000]: Footprint model 'polygon' loaded for trajectory optimization.
[INFO] [1783867187.727773460, 45.450000000]: Footprint model 'polygon' loaded for trajectory optimization.
[INFO] [1783867189.474522288, 47.194000000]: GOAL Reached!
[INFO] [1783867189.613306026, 47.332000000]: Footprint model 'polygon' loaded for trajectory optimization.
[INFO] [1783867190.506201863, 48.224000000]: Footprint model 'polygon' loaded for trajectory optimization.
[INFO] [1783867191.041779718, 48.760000000]: Footprint model 'polygon' loaded for trajectory optimization.
[INFO] [1783867191.654453420, 49.370000000]: Footprint model 'polygon' loaded for trajectory optimization.
[INFO] [1783867192.304410564, 50.020000000]: Footprint model 'polygon' loaded for trajectory optimization.
[INFO] [1783867192.891018522, 50.606000000]: Footprint model 'polygon' loaded for trajectory optimization.
[INFO] [1783867193.447860697, 51.162000000]: Footprint model 'polygon' loaded for trajectory optimization.
[INFO] [1783867194.047643810, 51.760000000]: Footprint model 'polygon' loaded for trajectory optimization.
[INFO] [1783867194.698291226, 52.408000000]: Footprint model 'polygon' loaded for trajectory optimization.
[INFO] [1783867195.292397249, 53.002000000]: Footprint model 'polygon' loaded for trajectory optimization.
[INFO] [1783867195.847081883, 53.556000000]: Footprint model 'polygon' loaded for trajectory optimization.
[INFO] [1783867196.448614842, 54.156000000]: Footprint model 'polygon' loaded for trajectory optimization.
[INFO] [1783867198.638943924, 56.342000000]: GOAL Reached!
[INFO] [1783867198.798895027, 56.500000000]: Footprint model 'polygon' loaded for trajectory optimization.
[INFO] [1783867199.663937735, 57.364000000]: Footprint model 'polygon' loaded for trajectory optimization.
[INFO] [1783867200.216709394, 57.916000000]: Footprint model 'polygon' loaded for trajectory optimization.
[INFO] [1783867200.814168020, 58.512000000]: Footprint model 'polygon' loaded for trajectory optimization.
[INFO] [1783867201.415477625, 59.114000000]: Footprint model 'polygon' loaded for trajectory optimization.
[INFO] [1783867203.207960454, 60.902000000]: GOAL Reached!
[INFO] [1783867203.346854608, 61.042000000]: Footprint model 'polygon' loaded for trajectory optimization.
[INFO] [1783867204.208238563, 61.902000000]: Footprint model 'polygon' loaded for trajectory optimization.
[INFO] [1783867204.804234514, 62.496000000]: Footprint model 'polygon' loaded for trajectory optimization.
[INFO] [1783867205.400022831, 63.092000000]: Footprint model 'polygon' loaded for trajectory optimization.
[INFO] [1783867206.002405912, 63.696000000]: Footprint model 'polygon' loaded for trajectory optimization.
[INFO] [1783867206.551466316, 64.244000000]: Footprint model 'polygon' loaded for trajectory optimization.
[INFO] [1783867207.206430777, 64.898000000]: Footprint model 'polygon' loaded for trajectory optimization.
[INFO] [1783867208.745852137, 66.432000000]: GOAL Reached!
[INFO] [1783867208.880608365, 66.566000000]: Footprint model 'polygon' loaded for trajectory optimization.
[INFO] [1783867209.781682607, 67.464000000]: Footprint model 'polygon' loaded for trajectory optimization.
[INFO] [1783867210.319380036, 68.006000000]: Footprint model 'polygon' loaded for trajectory optimization.
[INFO] [1783867210.938895980, 68.622000000]: Footprint model 'polygon' loaded for trajectory optimization.
[INFO] [1783867211.518231226, 69.200000000]: Footprint model 'polygon' loaded for trajectory optimization.
[INFO] [1783867212.165849438, 69.846000000]: Footprint model 'polygon' loaded for trajectory optimization.
[INFO] [1783867212.721924694, 70.402000000]: Footprint model 'polygon' loaded for trajectory optimization.
[INFO] [1783867213.367151097, 71.048000000]: Footprint model 'polygon' loaded for trajectory optimization.
[INFO] [1783867213.916209377, 71.594000000]: Footprint model 'polygon' loaded for trajectory optimization.
[INFO] [1783867214.570767814, 72.248000000]: Footprint model 'polygon' loaded for trajectory optimization.
[INFO] [1783867215.118517110, 72.794000000]: Footprint model 'polygon' loaded for trajectory optimization.
[INFO] [1783867216.810800963, 74.484000000]: GOAL Reached!
[INFO] [1783867216.941413537, 74.614000000]: Footprint model 'polygon' loaded for trajectory optimization.
[INFO] [1783867217.819286396, 75.492000000]: Footprint model 'polygon' loaded for trajectory optimization.
[INFO] [1783867218.467834892, 76.138000000]: Footprint model 'polygon' loaded for trajectory optimization.
[INFO] [1783867219.113270128, 76.782000000]: Footprint model 'polygon' loaded for trajectory optimization.
[INFO] [1783867219.662555301, 77.330000000]: Footprint model 'polygon' loaded for trajectory optimization.
[INFO] [1783867220.257313008, 77.926000000]: Footprint model 'polygon' loaded for trajectory optimization.
[INFO] [1783867220.911420817, 78.578000000]: Footprint model 'polygon' loaded for trajectory optimization.
[INFO] [1783867221.466796448, 79.130000000]: Footprint model 'polygon' loaded for trajectory optimization.
[INFO] [1783867222.067439584, 79.730000000]: Footprint model 'polygon' loaded for trajectory optimization.
[INFO] [1783867222.715580395, 80.378000000]: Footprint model 'polygon' loaded for trajectory optimization.
[INFO] [1783867224.455682199, 82.114000000]: GOAL Reached!
[INFO] [1783867224.614071921, 82.274000000]: Footprint model 'polygon' loaded for trajectory optimization.
[INFO] [1783867225.466176582, 83.124000000]: Footprint model 'polygon' loaded for trajectory optimization.
[INFO] [1783867226.020336208, 83.676000000]: Footprint model 'polygon' loaded for trajectory optimization.
[INFO] [1783867226.670242377, 84.324000000]: Footprint model 'polygon' loaded for trajectory optimization.
[INFO] [1783867227.270645815, 84.926000000]: Footprint model 'polygon' loaded for trajectory optimization.
[INFO] [1783867229.109338392, 86.762000000]: GOAL Reached!
[INFO] [1783867229.268198944, 86.922000000]: Footprint model 'polygon' loaded for trajectory optimization.
[INFO] [1783867230.152998343, 87.804000000]: Footprint model 'polygon' loaded for trajectory optimization.
[INFO] [1783867230.744153336, 88.396000000]: Footprint model 'polygon' loaded for trajectory optimization.
[INFO] [1783867231.301716920, 88.950000000]: Footprint model 'polygon' loaded for trajectory optimization.
[INFO] [1783867231.898132187, 89.546000000]: Footprint model 'polygon' loaded for trajectory optimization.
[INFO] [1783867232.547992542, 90.194000000]: Footprint model 'polygon' loaded for trajectory optimization.
[INFO] [1783867233.097179586, 90.744000000]: Footprint model 'polygon' loaded for trajectory optimization.
[INFO] [1783867234.691772920, 92.334000000]: GOAL Reached!
[INFO] [1783867234.840467397, 92.482000000]: Footprint model 'polygon' loaded for trajectory optimization.
[INFO] [1783867235.725258639, 93.366000000]: Footprint model 'polygon' loaded for trajectory optimization.
[INFO] [1783867236.327826693, 93.966000000]: Footprint model 'polygon' loaded for trajectory optimization.
[INFO] [1783867236.916668583, 94.558000000]: Footprint model 'polygon' loaded for trajectory optimization.
[INFO] [1783867237.469946698, 95.108000000]: Footprint model 'polygon' loaded for trajectory optimization.
[INFO] [1783867238.121049348, 95.758000000]: Footprint model 'polygon' loaded for trajectory optimization.
[INFO] [1783867238.668314232, 96.304000000]: Footprint model 'polygon' loaded for trajectory optimization.
[INFO] [1783867239.273407829, 96.906000000]: Footprint model 'polygon' loaded for trajectory optimization.
[INFO] [1783867239.874495826, 97.508000000]: Footprint model 'polygon' loaded for trajectory optimization.
[INFO] [1783867240.520457816, 98.152000000]: Footprint model 'polygon' loaded for trajectory optimization.
[INFO] [1783867241.120262818, 98.752000000]: Footprint model 'polygon' loaded for trajectory optimization.
[INFO] [1783867242.763426647, 100.390000000]: GOAL Reached!
[INFO] [1783867242.905313886, 100.532000000]: Footprint model 'polygon' loaded for trajectory optimization.
[INFO] [1783867243.783612882, 101.408000000]: Footprint model 'polygon' loaded for trajectory optimization.
[INFO] [1783867244.333263140, 101.958000000]: Footprint model 'polygon' loaded for trajectory optimization.
[INFO] [1783867244.933271780, 102.556000000]: Footprint model 'polygon' loaded for trajectory optimization.
[INFO] [1783867245.581645798, 103.204000000]: Footprint model 'polygon' loaded for trajectory optimization.
[INFO] [1783867246.135287528, 103.756000000]: Footprint model 'polygon' loaded for trajectory optimization.
[INFO] [1783867246.785202801, 104.406000000]: Footprint model 'polygon' loaded for trajectory optimization.
[INFO] [1783867247.377633410, 104.998000000]: Footprint model 'polygon' loaded for trajectory optimization.
[INFO] [1783867247.931567042, 105.552000000]: Footprint model 'polygon' loaded for trajectory optimization.
[INFO] [1783867248.587117339, 106.206000000]: Footprint model 'polygon' loaded for trajectory optimization.
[INFO] [1783867250.417608887, 108.038000000]: GOAL Reached!
[INFO] [1783867250.564845441, 108.182000000]: Footprint model 'polygon' loaded for trajectory optimization.
[INFO] [1783867251.453985868, 109.066000000]: Footprint model 'polygon' loaded for trajectory optimization.
[INFO] [1783867252.035923060, 109.648000000]: Footprint model 'polygon' loaded for trajectory optimization.
[INFO] [1783867252.639367458, 110.250000000]: Footprint model 'polygon' loaded for trajectory optimization.
[INFO] [1783867253.189215524, 110.798000000]: Footprint model 'polygon' loaded for trajectory optimization.
[INFO] [1783867254.980986894, 112.588000000]: GOAL Reached!
[INFO] [1783867255.105579319, 112.712000000]: Footprint model 'polygon' loaded for trajectory optimization.
[INFO] [1783867255.960188908, 113.566000000]: Footprint model 'polygon' loaded for trajectory optimization.
[INFO] [1783867256.567588260, 114.174000000]: Footprint model 'polygon' loaded for trajectory optimization.
[INFO] [1783867257.118379114, 114.722000000]: Footprint model 'polygon' loaded for trajectory optimization.
[INFO] [1783867257.718177848, 115.320000000]: Footprint model 'polygon' loaded for trajectory optimization.
[INFO] [1783867258.315429825, 115.918000000]: Footprint model 'polygon' loaded for trajectory optimization.
[INFO] [1783867258.967874860, 116.568000000]: Footprint model 'polygon' loaded for trajectory optimization.
[INFO] [1783867260.408133009, 118.006000000]: GOAL Reached!
[INFO] [1783867260.557284970, 118.156000000]: Footprint model 'polygon' loaded for trajectory optimization.
[INFO] [1783867261.430221232, 119.024000000]: Footprint model 'polygon' loaded for trajectory optimization.
[INFO] [1783867261.982669206, 119.576000000]: Footprint model 'polygon' loaded for trajectory optimization.
[INFO] [1783867262.628227541, 120.222000000]: Footprint model 'polygon' loaded for trajectory optimization.
[INFO] [1783867263.176747917, 120.768000000]: Footprint model 'polygon' loaded for trajectory optimization.
[INFO] [1783867263.775827842, 121.368000000]: Footprint model 'polygon' loaded for trajectory optimization.
[INFO] [1783867264.428978719, 122.018000000]: Footprint model 'polygon' loaded for trajectory optimization.
[INFO] [1783867264.975016564, 122.566000000]: Footprint model 'polygon' loaded for trajectory optimization.
[INFO] [1783867265.627664928, 123.216000000]: Footprint model 'polygon' loaded for trajectory optimization.
[INFO] [1783867266.180339055, 123.766000000]: Footprint model 'polygon' loaded for trajectory optimization.
[INFO] [1783867268.169132583, 125.752000000]: GOAL Reached!
[INFO] [1783867268.319619146, 125.902000000]: Footprint model 'polygon' loaded for trajectory optimization.
[INFO] [1783867269.203050437, 126.786000000]: Footprint model 'polygon' loaded for trajectory optimization.
[INFO] [1783867269.757775736, 127.340000000]: Footprint model 'polygon' loaded for trajectory optimization.
[INFO] [1783867270.405082456, 127.984000000]: Footprint model 'polygon' loaded for trajectory optimization.
[INFO] [1783867270.962737802, 128.542000000]: Footprint model 'polygon' loaded for trajectory optimization.
[INFO] [1783867271.557714057, 129.138000000]: Footprint model 'polygon' loaded for trajectory optimization.
[INFO] [1783867272.209125872, 129.784000000]: Footprint model 'polygon' loaded for trajectory optimization.
[INFO] [1783867272.759391252, 130.334000000]: Footprint model 'polygon' loaded for trajectory optimization.
[INFO] [1783867273.407885610, 130.984000000]: Footprint model 'polygon' loaded for trajectory optimization.
[INFO] [1783867273.959056991, 131.534000000]: Footprint model 'polygon' loaded for trajectory optimization.
[INFO] [1783867275.948529238, 133.520000000]: GOAL Reached!
[INFO] [1783867276.080312346, 133.650000000]: Footprint model 'polygon' loaded for trajectory optimization.
[INFO] [1783867276.937581695, 134.504000000]: Footprint model 'polygon' loaded for trajectory optimization.
[INFO] [1783867277.537746817, 135.106000000]: Footprint model 'polygon' loaded for trajectory optimization.
[INFO] [1783867278.140337585, 135.706000000]: Footprint model 'polygon' loaded for trajectory optimization.
[INFO] [1783867278.741882732, 136.306000000]: Footprint model 'polygon' loaded for trajectory optimization.
[INFO] [1783867280.582057942, 138.146000000]: GOAL Reached!
[INFO] [1783867280.692120597, 138.254000000]: Footprint model 'polygon' loaded for trajectory optimization.
[INFO] [1783867281.544049688, 139.104000000]: Footprint model 'polygon' loaded for trajectory optimization.
[INFO] [1783867282.145857535, 139.706000000]: Footprint model 'polygon' loaded for trajectory optimization.
[INFO] [1783867282.693860386, 140.252000000]: Footprint model 'polygon' loaded for trajectory optimization.
[INFO] [1783867283.342552732, 140.900000000]: Footprint model 'polygon' loaded for trajectory optimization.
[INFO] [1783867283.943495038, 141.500000000]: Footprint model 'polygon' loaded for trajectory optimization.
[INFO] [1783867284.545842884, 142.100000000]: Footprint model 'polygon' loaded for trajectory optimization.
[INFO] [1783867285.983094805, 143.540000000]: GOAL Reached!
[INFO] [1783867286.136147422, 143.692000000]: Footprint model 'polygon' loaded for trajectory optimization.
[INFO] [1783867287.035700123, 144.586000000]: Footprint model 'polygon' loaded for trajectory optimization.
[INFO] [1783867287.589779097, 145.140000000]: Footprint model 'polygon' loaded for trajectory optimization.
[INFO] [1783867288.184638424, 145.736000000]: Footprint model 'polygon' loaded for trajectory optimization.
[INFO] [1783867288.835549293, 146.384000000]: Footprint model 'polygon' loaded for trajectory optimization.
[INFO] [1783867289.386889386, 146.934000000]: Footprint model 'polygon' loaded for trajectory optimization.
[INFO] [1783867289.987725336, 147.534000000]: Footprint model 'polygon' loaded for trajectory optimization.
[INFO] [1783867290.635534441, 148.182000000]: Footprint model 'polygon' loaded for trajectory optimization.
[INFO] [1783867291.236799472, 148.782000000]: Footprint model 'polygon' loaded for trajectory optimization.
[INFO] [1783867291.840526863, 149.382000000]: Footprint model 'polygon' loaded for trajectory optimization.
[INFO] [1783867292.386621814, 149.928000000]: Footprint model 'polygon' loaded for trajectory optimization.
[INFO] [1783867294.379942035, 151.918000000]: GOAL Reached!
[INFO] [1783867294.527053538, 152.064000000]: Footprint model 'polygon' loaded for trajectory optimization.
[INFO] [1783867295.411285780, 152.948000000]: Footprint model 'polygon' loaded for trajectory optimization.
[INFO] [1783867296.002374814, 153.538000000]: Footprint model 'polygon' loaded for trajectory optimization.
[INFO] [1783867296.558261675, 154.094000000]: Footprint model 'polygon' loaded for trajectory optimization.
[INFO] [1783867297.205989133, 154.738000000]: Footprint model 'polygon' loaded for trajectory optimization.
[INFO] [1783867297.804801460, 155.336000000]: Footprint model 'polygon' loaded for trajectory optimization.
[INFO] [1783867298.360184247, 155.890000000]: Footprint model 'polygon' loaded for trajectory optimization.
[INFO] [1783867298.966725773, 156.498000000]: Footprint model 'polygon' loaded for trajectory optimization.
[INFO] [1783867299.612264182, 157.140000000]: Footprint model 'polygon' loaded for trajectory optimization.
[INFO] [1783867300.161293849, 157.688000000]: Footprint model 'polygon' loaded for trajectory optimization.
[INFO] [1783867301.750019417, 159.274000000]: GOAL Reached!
[INFO] [1783867301.902861745, 159.426000000]: Footprint model 'polygon' loaded for trajectory optimization.
[INFO] [1783867302.761545048, 160.286000000]: Footprint model 'polygon' loaded for trajectory optimization.
[INFO] [1783867303.368319310, 160.890000000]: Footprint model 'polygon' loaded for trajectory optimization.
[INFO] [1783867303.967279123, 161.488000000]: Footprint model 'polygon' loaded for trajectory optimization.
[INFO] [1783867304.567200630, 162.088000000]: Footprint model 'polygon' loaded for trajectory optimization.
[INFO] [1783867306.409862263, 163.926000000]: GOAL Reached!
[INFO] [1783867306.545477696, 164.062000000]: Footprint model 'polygon' loaded for trajectory optimization.
[INFO] [1783867307.429521911, 164.944000000]: Footprint model 'polygon' loaded for trajectory optimization.
[INFO] [1783867307.978707852, 165.490000000]: Footprint model 'polygon' loaded for trajectory optimization.
[INFO] [1783867308.574596386, 166.088000000]: Footprint model 'polygon' loaded for trajectory optimization.
[INFO] [1783867309.177603555, 166.690000000]: Footprint model 'polygon' loaded for trajectory optimization.
[INFO] [1783867309.779222778, 167.290000000]: Footprint model 'polygon' loaded for trajectory optimization.
[INFO] [1783867310.377983735, 167.886000000]: Footprint model 'polygon' loaded for trajectory optimization.
[INFO] [1783867312.070265413, 169.576000000]: GOAL Reached!
[INFO] [1783867312.228714622, 169.734000000]: Footprint model 'polygon' loaded for trajectory optimization.
[INFO] [1783867313.101967363, 170.606000000]: Footprint model 'polygon' loaded for trajectory optimization.
[INFO] [1783867313.687801667, 171.190000000]: Footprint model 'polygon' loaded for trajectory optimization.
[INFO] [1783867314.245277701, 171.748000000]: Footprint model 'polygon' loaded for trajectory optimization.
[INFO] [1783867314.905282348, 172.406000000]: Footprint model 'polygon' loaded for trajectory optimization.
[INFO] [1783867315.442310131, 172.942000000]: Footprint model 'polygon' loaded for trajectory optimization.
[INFO] [1783867316.042052800, 173.540000000]: Footprint model 'polygon' loaded for trajectory optimization.
[INFO] [1783867316.642008518, 174.140000000]: Footprint model 'polygon' loaded for trajectory optimization.
[INFO] [1783867317.293236473, 174.790000000]: Footprint model 'polygon' loaded for trajectory optimization.
[INFO] [1783867317.890647199, 175.386000000]: Footprint model 'polygon' loaded for trajectory optimization.
[INFO] [1783867319.933179818, 177.426000000]: GOAL Reached!
[INFO] [1783867320.073508530, 177.566000000]: Footprint model 'polygon' loaded for trajectory optimization.
[INFO] [1783867320.971604209, 178.464000000]: Footprint model 'polygon' loaded for trajectory optimization.
[INFO] [1783867321.574078034, 179.064000000]: Footprint model 'polygon' loaded for trajectory optimization.
[INFO] [1783867322.177267233, 179.666000000]: Footprint model 'polygon' loaded for trajectory optimization.
[INFO] [1783867322.729918466, 180.216000000]: Footprint model 'polygon' loaded for trajectory optimization.
[INFO] [1783867323.374446165, 180.860000000]: Footprint model 'polygon' loaded for trajectory optimization.
[INFO] [1783867323.973546258, 181.462000000]: Footprint model 'polygon' loaded for trajectory optimization.
[INFO] [1783867324.578502016, 182.062000000]: Footprint model 'polygon' loaded for trajectory optimization.
[INFO] [1783867325.173497004, 182.658000000]: Footprint model 'polygon' loaded for trajectory optimization.
[INFO] [1783867325.718585882, 183.204000000]: Footprint model 'polygon' loaded for trajectory optimization.
[INFO] [1783867327.415431247, 184.896000000]: GOAL Reached!
[INFO] [1783867327.579107252, 185.060000000]: Footprint model 'polygon' loaded for trajectory optimization.
[INFO] [1783867328.447784512, 185.926000000]: Footprint model 'polygon' loaded for trajectory optimization.
[INFO] [1783867329.052305723, 186.528000000]: Footprint model 'polygon' loaded for trajectory optimization.
[INFO] [1783867329.648951109, 187.126000000]: Footprint model 'polygon' loaded for trajectory optimization.
[INFO] [1783867330.200550548, 187.676000000]: Footprint model 'polygon' loaded for trajectory optimization.
[INFO] [1783867331.995754249, 189.466000000]: GOAL Reached!
[INFO] [1783867332.145304002, 189.618000000]: Footprint model 'polygon' loaded for trajectory optimization.
[INFO] [1783867333.014770139, 190.486000000]: Footprint model 'polygon' loaded for trajectory optimization.
[INFO] [1783867333.606813090, 191.076000000]: Footprint model 'polygon' loaded for trajectory optimization.
[INFO] [1783867334.206034585, 191.674000000]: Footprint model 'polygon' loaded for trajectory optimization.
[INFO] [1783867334.757805625, 192.226000000]: Footprint model 'polygon' loaded for trajectory optimization.
[INFO] [1783867335.360565033, 192.826000000]: Footprint model 'polygon' loaded for trajectory optimization.
[INFO] [1783867336.007677146, 193.474000000]: Footprint model 'polygon' loaded for trajectory optimization.
[INFO] [1783867337.451796575, 194.914000000]: GOAL Reached!
[INFO] [1783867337.601458082, 195.064000000]: Footprint model 'polygon' loaded for trajectory optimization.
[INFO] [1783867338.484943379, 195.946000000]: Footprint model 'polygon' loaded for trajectory optimization.
[INFO] [1783867339.023836412, 196.484000000]: Footprint model 'polygon' loaded for trajectory optimization.
[INFO] [1783867339.621703916, 197.082000000]: Footprint model 'polygon' loaded for trajectory optimization.
[INFO] [1783867340.274603387, 197.732000000]: Footprint model 'polygon' loaded for trajectory optimization.
[INFO] [1783867340.822716917, 198.282000000]: Footprint model 'polygon' loaded for trajectory optimization.
[INFO] [1783867341.424763344, 198.882000000]: Footprint model 'polygon' loaded for trajectory optimization.
[INFO] [1783867342.024417580, 199.478000000]: Footprint model 'polygon' loaded for trajectory optimization.
[INFO] [1783867342.624047543, 200.078000000]: Footprint model 'polygon' loaded for trajectory optimization.
[INFO] [1783867343.273264234, 200.726000000]: Footprint model 'polygon' loaded for trajectory optimization.
[INFO] [1783867343.870315825, 201.324000000]: Footprint model 'polygon' loaded for trajectory optimization.
[INFO] [1783867345.715418780, 203.164000000]: GOAL Reached!
[INFO] [1783867345.866838058, 203.314000000]: Footprint model 'polygon' loaded for trajectory optimization.
[INFO] [1783867346.759271170, 204.206000000]: Footprint model 'polygon' loaded for trajectory optimization.
[INFO] [1783867347.302896856, 204.750000000]: Footprint model 'polygon' loaded for trajectory optimization.
[INFO] [1783867347.903021132, 205.348000000]: Footprint model 'polygon' loaded for trajectory optimization.
[INFO] [1783867348.502199779, 205.946000000]: Footprint model 'polygon' loaded for trajectory optimization.
[INFO] [1783867349.103149375, 206.548000000]: Footprint model 'polygon' loaded for trajectory optimization.
[INFO] [1783867349.708152544, 207.148000000]: Footprint model 'polygon' loaded for trajectory optimization.
[INFO] [1783867350.354648204, 207.796000000]: Footprint model 'polygon' loaded for trajectory optimization.
[INFO] [1783867350.957811356, 208.398000000]: Footprint model 'polygon' loaded for trajectory optimization.
[INFO] [1783867351.558253820, 208.996000000]: Footprint model 'polygon' loaded for trajectory optimization.
[INFO] [1783867353.197973462, 210.632000000]: GOAL Reached!
[INFO] [1783867353.349984872, 210.784000000]: Footprint model 'polygon' loaded for trajectory optimization.
[INFO] [1783867354.212940312, 211.646000000]: Footprint model 'polygon' loaded for trajectory optimization.
[INFO] [1783867354.759871766, 212.192000000]: Footprint model 'polygon' loaded for trajectory optimization.
[INFO] [1783867355.356905857, 212.788000000]: Footprint model 'polygon' loaded for trajectory optimization.
[INFO] [1783867355.962298508, 213.392000000]: Footprint model 'polygon' loaded for trajectory optimization.
[INFO] [1783867357.850965357, 215.278000000]: GOAL Reached!
[INFO] [1783867357.992784403, 215.418000000]: Footprint model 'polygon' loaded for trajectory optimization.
[INFO] [1783867358.857830202, 216.284000000]: Footprint model 'polygon' loaded for trajectory optimization.
[INFO] [1783867359.415613653, 216.842000000]: Footprint model 'polygon' loaded for trajectory optimization.
[INFO] [1783867360.065153352, 217.490000000]: Footprint model 'polygon' loaded for trajectory optimization.
[INFO] [1783867360.619782556, 218.042000000]: Footprint model 'polygon' loaded for trajectory optimization.
[INFO] [1783867361.219199050, 218.640000000]: Footprint model 'polygon' loaded for trajectory optimization.
[INFO] [1783867361.815738428, 219.238000000]: Footprint model 'polygon' loaded for trajectory optimization.
[INFO] [1783867363.309806249, 220.726000000]: GOAL Reached!
[INFO] [1783867363.450392949, 220.866000000]: Footprint model 'polygon' loaded for trajectory optimization.
[INFO] [1783867364.332128655, 221.746000000]: Footprint model 'polygon' loaded for trajectory optimization.
[INFO] [1783867365.024665215, 222.438000000]: Footprint model 'polygon' loaded for trajectory optimization.
[INFO] [1783867365.617400179, 223.030000000]: Footprint model 'polygon' loaded for trajectory optimization.
[INFO] [1783867366.171096388, 223.586000000]: Footprint model 'polygon' loaded for trajectory optimization.
[INFO] [1783867366.767927548, 224.182000000]: Footprint model 'polygon' loaded for trajectory optimization.
[INFO] [1783867367.415395751, 224.828000000]: Footprint model 'polygon' loaded for trajectory optimization.
[INFO] [1783867368.019939995, 225.430000000]: Footprint model 'polygon' loaded for trajectory optimization.
[INFO] [1783867368.618240863, 226.026000000]: Footprint model 'polygon' loaded for trajectory optimization.
[INFO] [1783867369.173518473, 226.580000000]: Footprint model 'polygon' loaded for trajectory optimization.
[INFO] [1783867369.771486804, 227.178000000]: Footprint model 'polygon' loaded for trajectory optimization.
[INFO] [1783867371.561416493, 228.966000000]: GOAL Reached!
[INFO] [1783867371.721991626, 229.126000000]: Footprint model 'polygon' loaded for trajectory optimization.
[INFO] [1783867372.602318732, 230.004000000]: Footprint model 'polygon' loaded for trajectory optimization.
[INFO] [1783867373.147450959, 230.548000000]: Footprint model 'polygon' loaded for trajectory optimization.
[INFO] [1783867373.747488116, 231.148000000]: Footprint model 'polygon' loaded for trajectory optimization.
[INFO] [1783867374.395956785, 231.796000000]: Footprint model 'polygon' loaded for trajectory optimization.
[INFO] [1783867374.995810908, 232.392000000]: Footprint model 'polygon' loaded for trajectory optimization.
[INFO] [1783867375.546814118, 232.946000000]: Footprint model 'polygon' loaded for trajectory optimization.
[INFO] [1783867376.148532269, 233.544000000]: Footprint model 'polygon' loaded for trajectory optimization.
[INFO] [1783867376.749141151, 234.148000000]: Footprint model 'polygon' loaded for trajectory optimization.
[INFO] [1783867377.395654920, 234.790000000]: Footprint model 'polygon' loaded for trajectory optimization.
[INFO] [1783867379.139644618, 236.530000000]: GOAL Reached!
[INFO] [1783867379.297352093, 236.686000000]: Footprint model 'polygon' loaded for trajectory optimization.
[INFO] [1783867380.158053512, 237.550000000]: Footprint model 'polygon' loaded for trajectory optimization.
[INFO] [1783867380.707754289, 238.098000000]: Footprint model 'polygon' loaded for trajectory optimization.
[INFO] [1783867381.352563703, 238.740000000]: Footprint model 'polygon' loaded for trajectory optimization.
[INFO] [1783867381.956195285, 239.342000000]: Footprint model 'polygon' loaded for trajectory optimization.
[INFO] [1783867383.698967092, 241.082000000]: GOAL Reached!
[INFO] [1783867383.862284250, 241.246000000]: Footprint model 'polygon' loaded for trajectory optimization.
[INFO] [1783867384.743026975, 242.124000000]: Footprint model 'polygon' loaded for trajectory optimization.
[INFO] [1783867385.285121200, 242.664000000]: Footprint model 'polygon' loaded for trajectory optimization.
[INFO] [1783867385.884560189, 243.264000000]: Footprint model 'polygon' loaded for trajectory optimization.
[INFO] [1783867386.484159072, 243.864000000]: Footprint model 'polygon' loaded for trajectory optimization.
[INFO] [1783867387.133315062, 244.510000000]: Footprint model 'polygon' loaded for trajectory optimization.
[INFO] [1783867387.687643412, 245.064000000]: Footprint model 'polygon' loaded for trajectory optimization.
[INFO] [1783867389.375946578, 246.750000000]: GOAL Reached!
[INFO] [1783867389.537261100, 246.910000000]: Footprint model 'polygon' loaded for trajectory optimization.
[INFO] [1783867390.415731528, 247.786000000]: Footprint model 'polygon' loaded for trajectory optimization.
[INFO] [1783867390.951864212, 248.322000000]: Footprint model 'polygon' loaded for trajectory optimization.
[INFO] [1783867391.598673592, 248.970000000]: Footprint model 'polygon' loaded for trajectory optimization.
[INFO] [1783867392.151441847, 249.520000000]: Footprint model 'polygon' loaded for trajectory optimization.
[INFO] [1783867392.749728053, 250.118000000]: Footprint model 'polygon' loaded for trajectory optimization.
[INFO] [1783867393.399189529, 250.766000000]: Footprint model 'polygon' loaded for trajectory optimization.
[INFO] [1783867393.953891180, 251.318000000]: Footprint model 'polygon' loaded for trajectory optimization.
[INFO] [1783867394.551537245, 251.916000000]: Footprint model 'polygon' loaded for trajectory optimization.
[INFO] [1783867395.154752234, 252.518000000]: Footprint model 'polygon' loaded for trajectory optimization.
[INFO] [1783867395.802441133, 253.164000000]: Footprint model 'polygon' loaded for trajectory optimization.
[INFO] [1783867397.644463410, 255.002000000]: GOAL Reached!
[INFO] [1783867397.784974799, 255.144000000]: Footprint model 'polygon' loaded for trajectory optimization.
[INFO] [1783867398.669749394, 256.026000000]: Footprint model 'polygon' loaded for trajectory optimization.
[INFO] [1783867399.262656870, 256.616000000]: Footprint model 'polygon' loaded for trajectory optimization.
[INFO] [1783867399.864310649, 257.218000000]: Footprint model 'polygon' loaded for trajectory optimization.
[INFO] [1783867400.412288107, 257.764000000]: Footprint model 'polygon' loaded for trajectory optimization.
[INFO] [1783867401.064126233, 258.416000000]: Footprint model 'polygon' loaded for trajectory optimization.
[INFO] [1783867401.618132336, 258.968000000]: Footprint model 'polygon' loaded for trajectory optimization.
[INFO] [1783867402.217983362, 259.566000000]: Footprint model 'polygon' loaded for trajectory optimization.
[INFO] [1783867402.866762883, 260.214000000]: Footprint model 'polygon' loaded for trajectory optimization.
[INFO] [1783867403.465193415, 260.814000000]: Footprint model 'polygon' loaded for trajectory optimization.
[INFO] [1783867405.105336151, 262.450000000]: GOAL Reached!
[INFO] [1783867405.259659478, 262.604000000]: Footprint model 'polygon' loaded for trajectory optimization.
[INFO] [1783867406.142933411, 263.486000000]: Footprint model 'polygon' loaded for trajectory optimization.
[INFO] [1783867406.746363747, 264.086000000]: Footprint model 'polygon' loaded for trajectory optimization.
[INFO] [1783867407.346404533, 264.686000000]: Footprint model 'polygon' loaded for trajectory optimization.
[INFO] [1783867407.891250736, 265.230000000]: Footprint model 'polygon' loaded for trajectory optimization.
[INFO] [1783867408.544152736, 265.882000000]: Footprint model 'polygon' loaded for trajectory optimization.
[INFO] [1783867409.144543953, 266.480000000]: Footprint model 'polygon' loaded for trajectory optimization.
[INFO] [1783867409.704293016, 267.040000000]: Footprint model 'polygon' loaded for trajectory optimization.
[INFO] [1783867410.345660086, 267.680000000]: Footprint model 'polygon' loaded for trajectory optimization.
[INFO] [1783867412.186946817, 269.518000000]: GOAL Reached!
[INFO] [1783867412.325135230, 269.656000000]: Footprint model 'polygon' loaded for trajectory optimization.
[INFO] [1783867413.195175983, 270.524000000]: Footprint model 'polygon' loaded for trajectory optimization.
[INFO] [1783867413.739181908, 271.068000000]: Footprint model 'polygon' loaded for trajectory optimization.
[INFO] [1783867414.361445690, 271.688000000]: Footprint model 'polygon' loaded for trajectory optimization.
[INFO] [1783867414.942355795, 272.272000000]: Footprint model 'polygon' loaded for trajectory optimization.
[INFO] [1783867415.540702040, 272.866000000]: Footprint model 'polygon' loaded for trajectory optimization.
[INFO] [1783867416.142690104, 273.466000000]: Footprint model 'polygon' loaded for trajectory optimization.
[INFO] [1783867416.744314151, 274.066000000]: Footprint model 'polygon' loaded fo[ERROR] [1783867443.477989537, 300.754000000]: TebOptimalPlanner::getVelocityCommand() - timediff<=0 is invalid!
[WARN] [1783867443.478088754, 300.754000000]: TebLocalPlannerROS: velocity command invalid. Resetting planner...
r trajectory optimization.
[INFO] [1783867417.390177917, 274.712000000]: Footprint model 'polygon' loaded for trajectory optimization.
[INFO] [1783867417.990833679, 275.312000000]: Footprint model 'polygon' loaded for trajectory optimization.
[INFO] [1783867419.833203223, 277.150000000]: GOAL Reached!
[INFO] [1783867419.962579163, 277.280000000]: Footprint model 'polygon' loaded for trajectory optimization.
[INFO] [1783867420.853047826, 278.168000000]: Footprint model 'polygon' loaded for trajectory optimization.
[INFO] [1783867421.456790165, 278.770000000]: Footprint model 'polygon' loaded for trajectory optimization.
[INFO] [1783867422.050779808, 279.368000000]: Footprint model 'polygon' loaded for trajectory optimization.
[INFO] [1783867422.653068856, 279.964000000]: Footprint model 'polygon' loaded for trajectory optimization.
[INFO] [1783867423.247800831, 280.558000000]: Footprint model 'polygon' loaded for trajectory optimization.
[INFO] [1783867423.853370830, 281.166000000]: Footprint model 'polygon' loaded for trajectory optimization.
[INFO] [1783867424.400685421, 281.710000000]: Footprint model 'polygon' loaded for trajectory optimization.
[INFO] [1783867425.062745987, 282.370000000]: Footprint model 'polygon' loaded for trajectory optimization.
[INFO] [1783867425.656945244, 282.964000000]: Footprint model 'polygon' loaded for trajectory optimization.
[INFO] [1783867429.265139519, 286.568000000]: Footprint model 'polygon' loaded for trajectory optimization.
[INFO] [1783867429.595649017, 286.896000000]: GOAL Reached!
[INFO] [1783867429.982802819, 287.284000000]: Footprint model 'polygon' loaded for trajectory optimization.
[INFO] [1783867430.866792098, 288.164000000]: Footprint model 'polygon' loaded for trajectory optimization.
[INFO] [1783867431.419134824, 288.716000000]: Footprint model 'polygon' loaded for trajectory optimization.
[INFO] [1783867432.017619443, 289.314000000]: Footprint model 'polygon' loaded for trajectory optimization.
[INFO] [1783867432.619207902, 289.914000000]: Footprint model 'polygon' loaded for trajectory optimization.
[INFO] [1783867433.268204905, 290.562000000]: Footprint model 'polygon' loaded for trajectory optimization.
[INFO] [1783867433.868225648, 291.160000000]: Footprint model 'polygon' loaded for trajectory optimization.
[INFO] [1783867434.416318812, 291.708000000]: Footprint model 'polygon' loaded for trajectory optimization.
[INFO] [1783867435.018122677, 292.308000000]: Footprint model 'polygon' loaded for trajectory optimization.
[INFO] [1783867436.610436355, 293.898000000]: GOAL Reached!
[INFO] [1783867436.752759052, 294.042000000]: Footprint model 'polygon' loaded for trajectory optimization.
[INFO] [1783867437.638185775, 294.924000000]: Footprint model 'polygon' loaded for trajectory optimization.
[INFO] [1783867438.187308730, 295.472000000]: Footprint model 'polygon' loaded for trajectory optimization.
[INFO] [1783867438.784152521, 296.070000000]: Footprint model 'polygon' loaded for trajectory optimization.
[INFO] [1783867439.385357536, 296.672000000]: Footprint model 'polygon' loaded for trajectory optimization.
[INFO] [1783867439.986257832, 297.268000000]: Footprint model 'polygon' loaded for trajectory optimization.
[INFO] [1783867440.586858439, 297.870000000]: Footprint model 'polygon' loaded for trajectory optimization.
[INFO] [1783867441.187993811, 298.468000000]: Footprint model 'polygon' loaded for trajectory optimization.
[INFO] [1783867441.837397964, 299.118000000]: Footprint model 'polygon' loaded for trajectory optimization.
[INFO] [1783867442.384522352, 299.666000000]: Footprint model 'polygon' loaded for trajectory optimization.
[INFO] [1783867445.180681974, 302.454000000]: GOAL Reached!
[INFO] [1783867445.334699413, 302.606000000]: Footprint model 'polygon' loaded for trajectory optimization.
[INFO] [1783867446.234800771, 303.506000000]: Footprint model 'polygon' loaded for trajectory optimization.
[INFO] [1783867446.875116164, 304.144000000]: Footprint model 'polygon' loaded for trajectory optimization.
[INFO] [1783867447.475338986, 304.744000000]: Foo[WARN] [1783867459.569113490, 316.818000000]: TebLocalPlannerROS: possible oscillation (of the robot or its local plan) detected. Activating recovery strategy (prefer current turning direction during optimization).
[WARN] [1783867473.892576100, 331.118000000]: TebLocalPlannerROS: possible oscillation (of the robot or its local plan) detected. Activating recovery strategy (prefer current turning direction during optimization).
tprint model 'polygon' loaded for trajectory optimization.
[INFO] [1783867448.068838967, 305.338000000]: Footprint model 'polygon' loaded for trajectory optimization.
[INFO] [1783867448.671156749, 305.938000000]: Footprint model 'polygon' loaded for trajectory optimization.
[INFO] [1783867449.320417556, 306.586000000]: Footprint model 'polygon' loaded for trajectory optimization.
[INFO] [1783867449.912305218, 307.180000000]: Footprint model 'polygon' loaded for trajectory optimization.
[INFO] [1783867450.522614110, 307.786000000]: Footprint model 'polygon' loaded for trajectory optimization.
[INFO] [1783867454.122083864, 311.384000000]: Footprint model 'polygon' loaded for trajectory optimization.
[INFO] [1783867454.689214721, 311.946000000]: Footprint model 'polygon' loaded for trajectory optimization.
[INFO] [1783867455.334149329, 312.588000000]: Footprint model 'polygon' loaded for trajectory optimization.
[INFO] [1783867455.928127416, 313.184000000]: Footprint model 'polygon' loaded for trajectory optimization.
[INFO] [1783867456.538333418, 313.792000000]: Footprint model 'polygon' loaded for trajectory optimization.
[INFO] [1783867457.142224668, 314.394000000]: Footprint model 'polygon' loaded for trajectory optimization.
[INFO] [1783867457.694259389, 314.946000000]: Footprint model 'polygon' loaded for trajectory optimization.
[INFO] [1783867461.350424886, 318.596000000]: Footprint model 'polygon' loaded for trajectory optimization.
[INFO] [1783867461.954246506, 319.202000000]: Footprint model 'polygon' loaded for trajectory optimization.
[INFO] [1783867462.550707292, 319.794000000]: Footprint model 'polygon' loaded for trajectory optimization.
[INFO] [1783867463.152573909, 320.394000000]: Footprint model 'polygon' loaded for trajectory optimization.
[INFO] [1783867463.759034711, 321.002000000]: Footprint model 'polygon' loaded for trajectory optimization.
[INFO] [1783867464.358401923, 321.600000000]: Footprint model 'polygon' loaded for trajectory optimization.
[INFO] [1783867464.960394766, 322.200000000]: Footprint model 'polygon' loaded for trajectory optimization.
[INFO] [1783867465.555562194, 322.796000000]: Footprint model 'polygon' loaded for trajectory optimization.
[INFO] [1783867466.121524667, 323.360000000]: Footprint model 'polygon' loaded for trajectory optimization.
[INFO] [1783867466.718025864, 323.954000000]: Footprint model 'polygon' loaded for trajectory optimization.
[INFO] [1783867467.318734371, 324.556000000]: Footprint model 'polygon' loaded for trajectory optimization.
[INFO] [1783867467.916720804, 325.154000000]: Footprint model 'polygon' loaded for trajectory optimization.
[INFO] [1783867468.566449066, 325.802000000]: Footprint model 'polygon' loaded for trajectory optimization.
[INFO] [1783867469.161075602, 326.394000000]: Footprint model 'polygon' loaded for trajectory optimization.
[INFO] [1783867469.722265812, 326.954000000]: Footprint model 'polygon' loaded for trajectory optimization.
[INFO] [1783867470.365467428, 327.598000000]: Footprint model 'polygon' loaded for trajectory optimization.
[INFO] [1783867470.485100269, 327.718000000]: TebLocalPlannerROS: oscillation recovery disabled/expired.
[INFO] [1783867470.962751749, 328.194000000]: Footprint model 'polygon' loaded for trajectory optimization.
[INFO] [1783867471.511993511, 328.742000000]: Footprint model 'polygon' loaded for trajectory optimization.
[INFO] [1783867472.117505816, 329.346000000]: Footprint model 'polygon' loaded for trajectory optimization.
[INFO] [1783867472.774406034, 330.000000000]: Footprint model 'polygon' loaded for trajectory optimization.
[INFO] [1783867473.315743773, 330.542000000]: Footprint model 'polygon' loaded for trajectory optimization.
[INFO] [1783867473.974940635, 331.200000000]: Footprint model 'polygon' loaded for trajectory optimization.
[INFO] [1783867474.566296549, 331.790000000]: Footprint model 'polygon' loaded for trajectory optimization.
[INFO] [1783867475.128578637, 332.352000000]: Footprint model 'polygon' loaded for trajectory optimization.
[INFO] [1783867475.775804013, 332.998000000][WARN] [1783867488.317015293, 345.518000000]: TebLocalPlannerROS: possible oscillation (of the robot or its local plan) detected. Activating recovery strategy (prefer current turning direction during optimization).
: Footprint model 'polygon' loaded for trajectory optimization.
[INFO] [1783867476.321747098, 333.544000000]: Footprint model 'polygon' loaded for trajectory optimization.
[INFO] [1783867476.978140540, 334.198000000]: Footprint model 'polygon' loaded for trajectory optimization.
[INFO] [1783867477.568324674, 334.786000000]: Footprint model 'polygon' loaded for trajectory optimization.
[INFO] [1783867478.122605751, 335.342000000]: Footprint model 'polygon' loaded for trajectory optimization.
[INFO] [1783867478.775551650, 335.992000000]: Footprint model 'polygon' loaded for trajectory optimization.
[INFO] [1783867482.377346433, 339.588000000]: Footprint model 'polygon' loaded for trajectory optimization.
[INFO] [1783867482.936304445, 340.148000000]: Footprint model 'polygon' loaded for trajectory optimization.
[INFO] [1783867483.580734263, 340.790000000]: Footprint model 'polygon' loaded for trajectory optimization.
[INFO] [1783867484.179109552, 341.388000000]: Footprint model 'polygon' loaded for trajectory optimization.
[INFO] [1783867484.782210213, 341.988000000]: Footprint model 'polygon' loaded for trajectory optimization.
[INFO] [1783867484.811499054, 342.018000000]: TebLocalPlannerROS: oscillation recovery disabled/expired.
[INFO] [1783867485.334143660, 342.538000000]: Footprint model 'polygon' loaded for trajectory optimization.
[INFO] [1783867485.935423985, 343.142000000]: Footprint model 'polygon' loaded for trajectory optimization.
[INFO] [1783867486.540894144, 343.744000000]: Footprint model 'polygon' loaded for trajectory optimization.
[INFO] [1783867490.153282291, 347.352000000]: Footprint model 'polygon' loaded for trajectory optimization.
[INFO] [1783867490.757284420, 347.956000000]: Footprint model 'polygon' loaded for trajectory optimization.
[INFO] [1783867491.414856946, 348.610000000]: Footprint model 'polygon' loaded for trajectory optimization.
[INFO] [1783867492.009315730, 349.204000000]: Footprint model 'polygon' loaded for trajectory optimization.
[INFO] [1783867492.553443062, 349.748000000]: Footprint model 'polygon' loaded for trajectory optimization.
[INFO] [1783867493.203702777, 350.398000000]: Footprint model 'polygon' loaded for trajectory optimization.
[INFO] [1783867493.761847399, 350.954000000]: Footprint model 'polygon' loaded for trajectory optimization.
[INFO] [1783867494.582474223, 351.774000000]: Footprint model 'polygon' loaded for trajectory optimization.
[INFO] [1783867495.456518319, 352.644000000]: Footprint model 'polygon' loaded for trajectory optimization.
[INFO] [1783867495.996584927, 353.184000000]: Footprint model 'polygon' loaded for trajectory optimization.
[INFO] [1783867496.599239230, 353.788000000]: Footprint model 'polygon' loaded for trajectory optimization.
[INFO] [1783867497.202350709, 354.388000000]: Footprint model 'polygon' loaded for trajectory optimization.
[INFO] [1783867497.803452879, 354.988000000]: Footprint model 'polygon' loaded for trajectory optimization.
[INFO] [1783867498.402232594, 355.586000000]: Footprint model 'polygon' loaded for trajectory optimization.
[INFO] [1783867499.003670161, 356.186000000]: Footprint model 'polygon' loaded for trajectory optimization.
[INFO] [1783867499.389323081, 356.572000000]: TebLocalPlannerROS: oscillation recovery disabled/expired.
[INFO] [1783867499.650159981, 356.832000000]: Footprint model 'polygon' loaded for trajectory optimization.
[INFO] [1783867500.205675635, 357.386000000]: Footprint model 'polygon' loaded for trajectory optimization.
[INFO] [1783867501.793857362, 358.972000000]: GOAL Reached!
[INFO] [1783867501.936173271, 359.114000000]: Footprint model 'polygon' loaded for trajectory optimization.
[INFO] [1783867502.808011580, 359.984000000]: Footprint model 'polygon' loaded for trajectory optimization.
[INFO] [1783867503.395797345, 360.570000000]: Footprint model 'polygon' loaded for trajectory optimization.
[INFO] [1783867503.951572862, 361.126000000]: Footprint model 'polygon' loaded for trajectory optimization.
[INFO] [1783867504.600080226, 361.772000000]: Footprint model 'polygon' loaded for traject[WARN] [1783867529.034853470, 386.168000000]: TebLocalPlannerROS: possible oscillation (of the robot or its local plan) detected. Activating recovery strategy (prefer current turning direction during optimization).
ory optimization.
[INFO] [1783867505.216163731, 362.388000000]: Footprint model 'polygon' loaded for trajectory optimization.
[INFO] [1783867505.797162473, 362.968000000]: Footprint model 'polygon' loaded for trajectory optimization.
[INFO] [1783867506.349663328, 363.522000000]: Footprint model 'polygon' loaded for trajectory optimization.
[INFO] [1783867507.000276245, 364.170000000]: Footprint model 'polygon' loaded for trajectory optimization.
[INFO] [1783867507.554828987, 364.720000000]: Footprint model 'polygon' loaded for trajectory optimization.
[INFO] [1783867509.339732000, 366.508000000]: GOAL Reached!
[INFO] [1783867509.488882714, 366.658000000]: Footprint model 'polygon' loaded for trajectory optimization.
[INFO] [1783867510.400038264, 367.564000000]: Footprint model 'polygon' loaded for trajectory optimization.
[INFO] [1783867511.087200535, 368.250000000]: Footprint model 'polygon' loaded for trajectory optimization.
[INFO] [1783867511.678514680, 368.842000000]: Footprint model 'polygon' loaded for trajectory optimization.
[INFO] [1783867512.235364762, 369.396000000]: Footprint model 'polygon' loaded for trajectory optimization.
[INFO] [1783867512.892061450, 370.050000000]: Footprint model 'polygon' loaded for trajectory optimization.
[INFO] [1783867513.488403217, 370.646000000]: Footprint model 'polygon' loaded for trajectory optimization.
[INFO] [1783867514.037301602, 371.196000000]: Footprint model 'polygon' loaded for trajectory optimization.
[INFO] [1783867514.642058505, 371.798000000]: Footprint model 'polygon' loaded for trajectory optimization.
[INFO] [1783867515.297819669, 372.454000000]: Footprint model 'polygon' loaded for trajectory optimization.
[INFO] [1783867518.897619562, 376.046000000]: Footprint model 'polygon' loaded for trajectory optimization.
[INFO] [1783867519.490831278, 376.636000000]: Footprint model 'polygon' loaded for trajectory optimization.
[INFO] [1783867520.095813006, 377.242000000]: Footprint model 'polygon' loaded for trajectory optimization.
[INFO] [1783867520.680495272, 377.826000000]: Footprint model 'polygon' loaded for trajectory optimization.
[INFO] [1783867521.291545077, 378.438000000]: Footprint model 'polygon' loaded for trajectory optimization.
[INFO] [1783867521.894285731, 379.038000000]: Footprint model 'polygon' loaded for trajectory optimization.
[INFO] [1783867522.447149982, 379.590000000]: Footprint model 'polygon' loaded for trajectory optimization.
[INFO] [1783867523.100204501, 380.242000000]: Footprint model 'polygon' loaded for trajectory optimization.
[INFO] [1783867523.692925545, 380.834000000]: Footprint model 'polygon' loaded for trajectory optimization.
[INFO] [1783867524.302835029, 381.442000000]: Footprint model 'polygon' loaded for trajectory optimization.
[INFO] [1783867524.901367375, 382.040000000]: Footprint model 'polygon' loaded for trajectory optimization.
[INFO] [1783867525.498361497, 382.634000000]: Footprint model 'polygon' loaded for trajectory optimization.
[INFO] [1783867526.104926270, 383.240000000]: Footprint model 'polygon' loaded for trajectory optimization.
[INFO] [1783867526.655207280, 383.790000000]: Footprint model 'polygon' loaded for trajectory optimization.
[INFO] [1783867527.303945117, 384.438000000]: Footprint model 'polygon' loaded for trajectory optimization.
[INFO] [1783867527.912639653, 385.044000000]: Footprint model 'polygon' loaded for trajectory optimization.
[INFO] [1783867528.505126892, 385.638000000]: Footprint model 'polygon' loaded for trajectory optimization.
[INFO] [1783867529.110131264, 386.244000000]: Footprint model 'polygon' loaded for trajectory optimization.
[INFO] [1783867529.713377822, 386.844000000]: Footprint model 'polygon' loaded for trajectory optimization.
[INFO] [1783867530.319341431, 387.446000000]: Footprint model 'polygon' loaded for trajectory optimization.
[INFO] [1783867530.859488749, 387.988000000]: Footprint model 'polygon' loaded for trajectory optimization.
[INFO] [1783867531.519679229, 388.646000000]: Footprint model 'polygon' loaded for trajectory optimization.
[INFO] [1783867532.119[ERROR] [1783867540.453462424, 397.568000000]: Aborting because the robot appears to be oscillating over and over. Even after executing all recovery behaviors
[WARN] [1783867540.695405310, 397.810000000]: The origin for the sensor at (7.69, 0.02) is out of map bounds. So, the costmap cannot raytrace for it.
784726, 389.244000000]: Footprint model 'polygon' loaded for trajectory optimization.
[INFO] [1783867532.678112814, 389.802000000]: Footprint model 'polygon' loaded for trajectory optimization.
[INFO] [1783867533.276749324, 390.400000000]: Footprint model 'polygon' loaded for trajectory optimization.
[INFO] [1783867533.930821458, 391.052000000]: Footprint model 'polygon' loaded for trajectory optimization.
[INFO] [1783867534.535682319, 391.658000000]: Footprint model 'polygon' loaded for trajectory optimization.
[INFO] [1783867535.125810040, 392.246000000]: Footprint model 'polygon' loaded for trajectory optimization.
[INFO] [1783867535.727853108, 392.842000000]: Footprint model 'polygon' loaded for trajectory optimization.
[INFO] [1783867536.329734841, 393.448000000]: Footprint model 'polygon' loaded for trajectory optimization.
[INFO] [1783867536.938121985, 394.054000000]: Footprint model 'polygon' loaded for trajectory optimization.
[INFO] [1783867537.480892049, 394.598000000]: Footprint model 'polygon' loaded for trajectory optimization.
[INFO] [1783867538.138732881, 395.254000000]: Footprint model 'polygon' loaded for trajectory optimization.
[INFO] [1783867538.681330891, 395.796000000]: Footprint model 'polygon' loaded for trajectory optimization.
[INFO] [1783867539.338787478, 396.452000000]: Footprint model 'polygon' loaded for trajectory optimization.
[INFO] [1783867539.892302999, 397.006000000]: Footprint model 'polygon' loaded for trajectory optimization.
[INFO] [1783867540.622824839, 397.738000000]: Footprint model 'polygon' loaded for trajectory optimization.
[INFO] [1783867541.515070532, 398.624000000]: Footprint model 'polygon' loaded for trajectory optimization.
[INFO] [1783867542.059490647, 399.170000000]: Footprint model 'polygon' loaded for trajectory optimization.
[INFO] [1783867542.664189895, 399.772000000]: Footprint model 'polygon' loaded for trajectory optimization.
[INFO] [1783867543.262380495, 400.370000000]: Footprint model 'polygon' loaded for trajectory optimization.
[INFO] [1783867543.867013750, 400.972000000]: Footprint model 'polygon' loaded for trajectory optimization.
[INFO] [1783867544.515315403, 401.622000000]: Footprint model 'polygon' loaded for trajectory optimization.
[INFO] [1783867545.066138478, 402.170000000]: Footprint model 'polygon' loaded for trajectory optimization.
[INFO] [1783867545.717403741, 402.818000000]: Footprint model 'polygon' loaded for trajectory optimization.
[INFO] [1783867546.318086011, 403.418000000]: Footprint model 'polygon' loaded for trajectory optimization.
[INFO] [1783867546.870878701, 403.970000000]: Footprint model 'polygon' loaded for trajectory optimization.
[INFO] [1783867547.473207605, 404.572000000]: Footprint model 'polygon' loaded for trajectory optimization.
[INFO] [1783867548.120538440, 405.218000000]: Footprint model 'polygon' loaded for trajectory optimization.
[INFO] [1783867548.673449293, 405.770000000]: Footprint model 'polygon' loaded for trajectory optimization.
[INFO] [1783867551.764269790, 408.854000000]: GOAL Reached!
[INFO] [1783867551.901661372, 408.992000000]: Footprint model 'polygon' loaded for trajectory optimization.
[INFO] [1783867552.776199481, 409.864000000]: Footprint model 'polygon' loaded for trajectory optimization.
[INFO] [1783867552.801691906, 409.890000000]: TebLocalPlannerROS: oscillation recovery disabled/expired.
[INFO] [1783867553.361034445, 410.450000000]: Footprint model 'polygon' loaded for trajectory optimization.
[INFO] [1783867553.970450343, 411.058000000]: Footprint model 'polygon' loaded for trajectory optimization.
[INFO] [1783867554.522097086, 411.608000000]: Footprint model 'polygon' loaded for trajectory optimization.
[INFO] [1783867555.170615440, 412.254000000]: Footprint model 'polygon' loaded for trajectory optimization.
[INFO] [1783867555.772927493, 412.856000000]: Footprint model 'polygon' loaded for trajectory optimization.
[INFO] [1783867556.320787564, 413.404000000]: Footprint model 'polygon' loaded for trajectory optimization.
[INFO] [1783867556.922377205, 414.006000000]: Footprint model 'polygon' loaded for trajectory optimization.
[INFO] [1783867557.570995574, 414.652000000]: Footprint model 'polygon' loaded for trajectory optimization.
[INFO] [1783867559.411330105, 416.490000000]: GOAL Reached!
[INFO] [1783867559.565595985, 416.642000000]: Footprint model 'polygon' loaded for trajectory optimization.
[INFO] [1783867560.472135094, 417.548000000]: Footprint model 'polygon' loaded for trajectory optimization.
[INFO] [1783867561.062709231, 418.138000000]: Footprint model 'polygon' loaded for trajectory optimization.
[INFO] [1783867561.663661906, 418.736000000]: Footprint model 'polygon' loaded for trajectory optimization.
[INFO] [1783867562.213554296, 419.286000000]: Footprint model 'polygon' loaded for trajectory optimization.
[INFO] [1783867562.864664531, 419.936000000]: Footprint model 'polygon' loaded for trajectory optimization.
[INFO] [1783867563.466026133, 420.538000000]: Footprint model 'polygon' loaded for trajectory optimization.
[INFO] [1783867564.014625364, 421.084000000]: Footprint model 'polygon' loaded for trajectory optimization.
[INFO] [1783867564.619710721, 421.688000000]: Footprint model 'polygon' loaded for trajectory optimization.
[INFO] [1783867565.221577876, 422.290000000]: Footprint model 'polygon' loaded for trajectory optimization.
[INFO] [1783867566.905144981, 423.968000000]: GOAL Reached!
[INFO] [1783867567.045846298, 424.108000000]: Footprint model 'polygon' loaded for trajectory optimization.
[INFO] [1783867567.902241536, 424.964000000]: Footprint model 'polygon' loaded for trajectory optimization.
[INFO] [1783867568.506980396, 425.568000000]: Footprint model 'polygon' loaded for trajectory optimization.
[INFO] [1783867569.106545744, 426.168000000]: Footprint model 'polygon' loaded for trajectory optimization.
[INFO] [1783867569.662403149, 426.722000000]: Footprint model 'polygon' loaded for trajectory optimization.
[INFO] [1783867570.262258632, 427.318000000]: Footprint model 'polygon' loaded for trajectory optimization.
[INFO] [1783867570.905043111, 427.960000000]: Footprint model 'polygon' loaded for trajectory optimization.
[INFO] [1783867571.508254195, 428.562000000]: Footprint model 'polygon' loaded for trajectory optimization.
[INFO] [1783867572.109855326, 429.164000000]: Footprint model 'polygon' loaded for trajectory optimization.
[INFO] [1783867573.751146105, 430.802000000]: GOAL Reached!
[INFO] [1783867573.898967505, 430.950000000]: Footprint model 'polygon' loaded for trajectory optimization.
[INFO] [1783867574.775404853, 431.826000000]: Footprint model 'polygon' loaded for trajectory optimization.
[INFO] [1783867575.325849251, 432.374000000]: Footprint model 'polygon' loaded for trajectory optimization.
[INFO] [1783867575.919097965, 432.966000000]: Footprint model 'polygon' loaded for trajectory optimization.
[INFO] [1783867576.516604464, 433.566000000]: Footprint model 'polygon' loaded for trajectory optimization.
[INFO] [1783867577.119812482, 434.166000000]: Footprint model 'polygon' loaded for trajectory optimization.
[INFO] [1783867577.768516126, 434.812000000]: Footprint model 'polygon' loaded for trajectory optimization.
[INFO] [1783867578.320051012, 435.362000000]: Footprint model 'polygon' loaded for trajectory optimization.
[INFO] [1783867578.926676852, 435.968000000]: Footprint model 'polygon' loaded for trajectory optimization.
[INFO] [1783867579.525677716, 436.566000000]: Footprint model 'polygon' loaded for trajectory optimization.
[INFO] [1783867580.124555541, 437.164000000]: Footprint model 'polygon' loaded for trajectory optimization.
[INFO] [1783867581.813301775, 438.850000000]: GOAL Reached!
[INFO] [1783867581.959276522, 438.996000000]: Footprint model 'polygon' loaded for trajectory optimization.
[INFO] [1783867582.852298488, 439.888000000]: Footprint model 'polygon' loaded for trajectory optimization.
[INFO] [1783867583.536829551, 440.570000000]: Footprint model 'polygon' loaded for trajectory optimization.
[INFO] [1783867584.135922291, 441.168000000]: Footprint model 'polygon' loaded for trajectory optimization.
[INFO] [1783867584.735873564, 441.766000000]: Footprint model 'polygon' loaded for trajectory optimization.
[INFO] [1783867585.328173528, 442.362000000]: Footprint model 'polygon' loaded for trajectory optimization.
[INFO] [1783867585.936037587, 442.964000000]: Footprint model 'polygon' loaded for trajectory optimization.
[INFO] [1783867586.531670297, 443.560000000]: Footprint model 'polygon' loaded for trajectory optimization.
[INFO] [1783867587.084169192, 444.112000000]: Footprint model 'polygon' loaded for trajectory optimization.
[INFO] [1783867587.684975552, 444.712000000]: Footprint model 'polygon' loaded for trajectory optimization.
[INFO] [1783867589.474958479, 446.498000000]: GOAL Reached!
[INFO] [1783867589.625751612, 446.648000000]: Footprint model 'polygon' loaded for trajectory optimization.
[INFO] [1783867590.503571103, 447.526000000]: Footprint model 'polygon' loaded for trajectory optimization.
[INFO] [1783867591.093859906, 448.114000000]: Footprint model 'polygon' loaded for trajectory optimization.
[INFO] [1783867591.646195173, 448.666000000]: Footprint model 'polygon' loaded for trajectory optimization.
[INFO] [1783867592.291158553, 449.312000000]: Footprint model 'polygon' loaded for trajectory optimization.
[INFO] [1783867592.848570097, 449.866000000]: Footprint model 'polygon' loaded for trajectory optimization.
[INFO] [1783867593.496138940, 450.512000000]: Footprint model 'polygon' loaded for trajectory optimization.
[INFO] [1783867594.093202296, 451.112000000]: Footprint model 'polygon' loaded for trajectory optimization.
[INFO] [1783867594.647384389, 451.664000000]: Footprint model 'polygon' loaded for trajectory optimization.
[INFO] [1783867595.294865847, 452.308000000]: Footprint model 'polygon' loaded for trajectory optimization.
[INFO] [1783867596.940091914, 453.950000000]: GOAL Reached!
[INFO] [1783867597.086552572, 454.098000000]: Footprint model 'polygon' loaded for trajectory optimization.
[INFO] [1783867597.959725784, 454.968000000]: Footprint model 'polygon' loaded for trajectory optimization.
[INFO] [1783867598.511749349, 455.518000000]: Footprint model 'polygon' loaded for trajectory optimization.
[INFO] [1783867599.158558255, 456.166000000]: Footprint model 'polygon' loaded for trajectory optimization.
[INFO] [1783867599.714956289, 456.720000000]: Footprint model 'polygon' loaded for trajectory optimization.
[INFO] [1783867600.312408439, 457.316000000]: Footprint model 'polygon' loaded for trajectory optimization.
[INFO] [1783867600.913516624, 457.916000000]: Footprint model 'polygon' loaded for trajectory optimization.
[INFO] [1783867601.513989680, 458.516000000]: Footprint model 'polygon' loaded for trajectory optimization.
[INFO] [1783867602.136299520, 459.136000000]: Footprint model 'polygon' loaded for trajectory optimization.
[INFO] [1783867602.763860298, 459.764000000]: Footprint model 'polygon' loaded for trajectory optimization.
[INFO] [1783867604.705640033, 461.702000000]: GOAL Reached!
[INFO] [1783867604.850562560, 461.846000000]: Footprint model 'polygon' loaded for trajectory optimization.
[INFO] [1783867605.747529944, 462.746000000]: Footprint model 'polygon' loaded for trajectory optimization.
[INFO] [1783867606.333710490, 463.328000000]: Footprint model 'polygon' loaded for trajectory optimization.
[INFO] [1783867606.946692536, 463.940000000]: Footprint model 'polygon' loaded for trajectory optimization.
[INFO] [1783867607.536362626, 464.528000000]: Footprint model 'polygon' loaded for trajectory optimization.
[INFO] [1783867608.093767189, 465.086000000]: Footprint model 'polygon' loaded for trajectory optimization.
[INFO] [1783867608.746438200, 465.736000000]: Footprint model 'polygon' loaded for trajectory optimization.
[INFO] [1783867609.344548892, 466.332000000]: Footprint model 'polygon' loaded for trajectory optimization.
[INFO] [1783867609.948097702, 466.936000000]: Footprint model 'polygon' loaded for trajectory optimization.
[INFO] [1783867613.547108749, 470.528000000]: Footprint model 'polygon' loaded for trajectory optimization.
[INFO] [1783867614.161437584, 471.142000000]: Footprint model[WARN] [1783867623.597759741, 480.562000000]: TebLocalPlannerROS: possible oscillation (of the robot or its local plan) detected. Activating recovery strategy (prefer current turning direction during optimization).
[ERROR] [1783867630.505458310, 487.462000000]: Aborting because the robot appears to be oscillating over and over. Even after executing all recovery behaviors
[WARN] [1783867631.157354085, 488.110000000]: The origin for the sensor at (7.59, 0.02) is out of map bounds. So, the costmap cannot raytrace for it.
 'polygon' loaded for trajectory optimization.
[INFO] [1783867614.746029864, 471.728000000]: Footprint model 'polygon' loaded for trajectory optimization.
[INFO] [1783867615.348135173, 472.326000000]: Footprint model 'polygon' loaded for trajectory optimization.
[INFO] [1783867615.903228135, 472.882000000]: Footprint model 'polygon' loaded for trajectory optimization.
[INFO] [1783867616.557136955, 473.534000000]: Footprint model 'polygon' loaded for trajectory optimization.
[INFO] [1783867617.163573622, 474.138000000]: Footprint model 'polygon' loaded for trajectory optimization.
[INFO] [1783867617.711038673, 474.686000000]: Footprint model 'polygon' loaded for trajectory optimization.
[INFO] [1783867618.306574210, 475.278000000]: Footprint model 'polygon' loaded for trajectory optimization.
[INFO] [1783867618.958746634, 475.932000000]: Footprint model 'polygon' loaded for trajectory optimization.
[INFO] [1783867619.511417930, 476.486000000]: Footprint model 'polygon' loaded for trajectory optimization.
[INFO] [1783867620.110673994, 477.082000000]: Footprint model 'polygon' loaded for trajectory optimization.
[INFO] [1783867620.760633440, 477.730000000]: Footprint model 'polygon' loaded for trajectory optimization.
[INFO] [1783867621.362360507, 478.330000000]: Footprint model 'polygon' loaded for trajectory optimization.
[INFO] [1783867621.970658940, 478.938000000]: Footprint model 'polygon' loaded for trajectory optimization.
[INFO] [1783867622.564889329, 479.530000000]: Footprint model 'polygon' loaded for trajectory optimization.
[INFO] [1783867623.122417497, 480.088000000]: Footprint model 'polygon' loaded for trajectory optimization.
[INFO] [1783867623.719641712, 480.684000000]: Footprint model 'polygon' loaded for trajectory optimization.
[INFO] [1783867624.372758882, 481.336000000]: Footprint model 'polygon' loaded for trajectory optimization.
[INFO] [1783867624.974039700, 481.938000000]: Footprint model 'polygon' loaded for trajectory optimization.
[INFO] [1783867625.571209292, 482.532000000]: Footprint model 'polygon' loaded for trajectory optimization.
[INFO] [1783867626.126663776, 483.088000000]: Footprint model 'polygon' loaded for trajectory optimization.
[INFO] [1783867626.774035011, 483.734000000]: Footprint model 'polygon' loaded for trajectory optimization.
[INFO] [1783867627.328213932, 484.286000000]: Footprint model 'polygon' loaded for trajectory optimization.
[INFO] [1783867627.983955443, 484.940000000]: Footprint model 'polygon' loaded for trajectory optimization.
[INFO] [1783867628.530231004, 485.486000000]: Footprint model 'polygon' loaded for trajectory optimization.
[INFO] [1783867629.133694720, 486.092000000]: Footprint model 'polygon' loaded for trajectory optimization.
[INFO] [1783867629.789676528, 486.744000000]: Footprint model 'polygon' loaded for trajectory optimization.
[INFO] [1783867630.330076504, 487.286000000]: Footprint model 'polygon' loaded for trajectory optimization.
[INFO] [1783867631.074900267, 488.028000000]: Footprint model 'polygon' loaded for trajectory optimization.
[INFO] [1783867631.954958361, 488.906000000]: Footprint model 'polygon' loaded for trajectory optimization.
[INFO] [1783867632.551939525, 489.500000000]: Footprint model 'polygon' loaded for trajectory optimization.
[INFO] [1783867633.103845462, 490.052000000]: Footprint model 'polygon' loaded for trajectory optimization.
[INFO] [1783867633.754614719, 490.704000000]: Footprint model 'polygon' loaded for trajectory optimization.
[INFO] [1783867634.304860557, 491.250000000]: Footprint model 'polygon' loaded for trajectory optimization.
[INFO] [1783867634.955944710, 491.900000000]: Footprint model 'polygon' loaded for trajectory optimization.
[INFO] [1783867635.555360109, 492.500000000]: Footprint model 'polygon' loaded for trajectory optimization.
[INFO] [1783867636.155832992, 493.098000000]: Footprint model 'polygon' loaded for trajectory optimization.
[INFO] [1783867637.795915202, 494.738000000]: GOAL Reached!
[INFO] [1783867637.941747750, 494.884000000]: Footprint model 'polygon' loaded for trajectory optimization.
[INFO] [1783867638.825814593, 495.766000000]: Footprint model 'polygon' loaded for trajectory optimization.
[INFO] [1783867639.465025411, 496.404000000]: Footprint model 'polygon' loaded for trajectory optimization.
[INFO] [1783867640.067135299, 497.004000000]: Footprint model 'polygon' loaded for trajectory optimization.
[INFO] [1783867640.666088160, 497.604000000]: Footprint model 'polygon' loaded for trajectory optimization.
[INFO] [1783867641.313329654, 498.250000000]: Footprint model 'polygon' loaded for trajectory optimization.
[INFO] [1783867641.917716319, 498.852000000]: Footprint model 'polygon' loaded for trajectory optimization.
[INFO] [1783867642.512509775, 499.450000000]: Footprint model 'polygon' loaded for trajectory optimization.
[INFO] [1783867642.852127939, 499.786000000]: TebLocalPlannerROS: oscillation recovery disabled/expired.
[INFO] [1783867643.067316375, 500.000000000]: Footprint model 'polygon' loaded for trajectory optimization.
[INFO] [1783867643.667598598, 500.600000000]: Footprint model 'polygon' loaded for trajectory optimization.
[INFO] [1783867644.268770417, 501.198000000]: Footprint model 'polygon' loaded for trajectory optimization.
[INFO] [1783867644.870395052, 501.800000000]: Footprint model 'polygon' loaded for trajectory optimization.
[INFO] [1783867646.556318514, 503.486000000]: GOAL Reached!
[INFO] [1783867646.718992506, 503.648000000]: Footprint model 'polygon' loaded for trajectory optimization.
[INFO] [1783867647.622261509, 504.546000000]: Footprint model 'polygon' loaded for trajectory optimization.
[INFO] [1783867648.160942946, 505.086000000]: Footprint model 'polygon' loaded for trajectory optimization.
[INFO] [1783867648.761293716, 505.686000000]: Footprint model 'polygon' loaded for trajectory optimization.
[INFO] [1783867649.365873411, 506.288000000]: Footprint model 'polygon' loaded for trajectory optimization.
[INFO] [1783867650.018525224, 506.940000000]: Footprint model 'polygon' loaded for trajectory optimization.
[INFO] [1783867650.571343437, 507.492000000]: Footprint model 'polygon' loaded for trajectory optimization.
[INFO] [1783867651.224335612, 508.142000000]: Footprint model 'polygon' loaded for trajectory optimization.
[INFO] [1783867651.813854509, 508.732000000]: Footprint model 'polygon' loaded for trajectory optimization.
[INFO] [1783867652.429984357, 509.346000000]: Footprint model 'polygon' loaded for trajectory optimization.
[INFO] [1783867656.026136198, 512.936000000]: Footprint model 'polygon' loaded for trajectory optimization.
[INFO] [1783867656.623014461, 513.534000000]: Footprint model 'polygon' loaded for trajectory optimization.
[INFO] [1783867657.225446033, 514.134000000]: Footprint model 'polygon' loaded for trajectory optimization.
[INFO] [1783867657.767910792, 514.674000000]: Footprint model 'polygon' loaded for trajectory optimization.
[INFO] [1783867658.425170874, 515.330000000]: Footprint model 'polygon' loaded for trajectory optimization.
[INFO] [1783867659.026141685, 515.932000000]: Footprint model 'polygon' loaded for trajectory optimization.
[INFO] [1783867659.622885900, 516.530000000]: Footprint model 'polygon' loaded for trajectory optimization.
[INFO] [1783867660.176596178, 517.080000000]: Footprint model 'polygon' loaded for trajectory optimization.
[INFO] [1783867660.830842302, 517.732000000]: Footprint model 'polygon' loaded for trajectory optimization.
[INFO] [1783867661.378941132, 518.280000000]: Footprint model 'polygon' loaded for trajectory optimization.
[INFO] [1783867661.984207979, 518.884000000]: Footprint model 'polygon' loaded for trajectory optimization.
[INFO] [1783867662.582595058, 519.480000000]: Footprint model 'polygon' loaded for trajectory optimization.
[INFO] [1783867663.232623444, 520.130000000]: Footprint model 'polygon' loaded for trajectory optimization.
[INFO] [1783867663.833093004, 520.730000000]: Footprint model 'polygon' loaded for trajectory optimization.
[INFO] [1783867664.386200365, 521.280000000]: Footprint model 'polygon' loaded for trajectory optimization.
[INFO] [1783867665.044362685, 521.93[WARN] [1783867666.067392071, 522.960000000]: TebLocalPlannerROS: possible oscillation (of the robot or its local plan) detected. Activating recovery strategy (prefer current turning direction during optimization).
[ERROR] [1783867683.495080933, 540.360000000]: Aborting because the robot appears to be oscillating over and over. Even after executing all recovery behaviors
[WARN] [1783867683.847550453, 540.710000000]: The origin for the sensor at (7.66, 0.02) is out of map bounds. So, the costmap cannot raytrace for it.
8000000]: Footprint model 'polygon' loaded for trajectory optimization.
[INFO] [1783867665.634966314, 522.528000000]: Footprint model 'polygon' loaded for trajectory optimization.
[INFO] [1783867666.239573043, 523.132000000]: Footprint model 'polygon' loaded for trajectory optimization.
[INFO] [1783867666.843433333, 523.734000000]: Footprint model 'polygon' loaded for trajectory optimization.
[INFO] [1783867667.388748785, 524.280000000]: Footprint model 'polygon' loaded for trajectory optimization.
[INFO] [1783867668.042234433, 524.932000000]: Footprint model 'polygon' loaded for trajectory optimization.
[INFO] [1783867668.593654050, 525.484000000]: Footprint model 'polygon' loaded for trajectory optimization.
[INFO] [1783867669.201525707, 526.088000000]: Footprint model 'polygon' loaded for trajectory optimization.
[INFO] [1783867669.801138329, 526.688000000]: Footprint model 'polygon' loaded for trajectory optimization.
[INFO] [1783867670.407435092, 527.292000000]: Footprint model 'polygon' loaded for trajectory optimization.
[INFO] [1783867671.010476150, 527.894000000]: Footprint model 'polygon' loaded for trajectory optimization.
[INFO] [1783867671.663034337, 528.546000000]: Footprint model 'polygon' loaded for trajectory optimization.
[INFO] [1783867672.204739099, 529.086000000]: Footprint model 'polygon' loaded for trajectory optimization.
[INFO] [1783867672.862129410, 529.742000000]: Footprint model 'polygon' loaded for trajectory optimization.
[INFO] [1783867673.462107125, 530.342000000]: Footprint model 'polygon' loaded for trajectory optimization.
[INFO] [1783867674.046828365, 530.928000000]: Footprint model 'polygon' loaded for trajectory optimization.
[INFO] [1783867674.611955618, 531.492000000]: Footprint model 'polygon' loaded for trajectory optimization.
[INFO] [1783867675.270896124, 532.148000000]: Footprint model 'polygon' loaded for trajectory optimization.
[INFO] [1783867675.812138062, 532.688000000]: Footprint model 'polygon' loaded for trajectory optimization.
[INFO] [1783867676.463474663, 533.342000000]: Footprint model 'polygon' loaded for trajectory optimization.
[INFO] [1783867677.006648047, 533.882000000]: Footprint model 'polygon' loaded for trajectory optimization.
[INFO] [1783867677.666768294, 534.538000000]: Footprint model 'polygon' loaded for trajectory optimization.
[INFO] [1783867678.215000354, 535.088000000]: Footprint model 'polygon' loaded for trajectory optimization.
[INFO] [1783867678.821086493, 535.690000000]: Footprint model 'polygon' loaded for trajectory optimization.
[INFO] [1783867679.417448165, 536.290000000]: Footprint model 'polygon' loaded for trajectory optimization.
[INFO] [1783867680.070967698, 536.942000000]: Footprint model 'polygon' loaded for trajectory optimization.
[INFO] [1783867680.617354371, 537.486000000]: Footprint model 'polygon' loaded for trajectory optimization.
[INFO] [1783867681.224768189, 538.094000000]: Footprint model 'polygon' loaded for trajectory optimization.
[INFO] [1783867681.870119418, 538.738000000]: Footprint model 'polygon' loaded for trajectory optimization.
[INFO] [1783867682.464119391, 539.328000000]: Footprint model 'polygon' loaded for trajectory optimization.
[INFO] [1783867683.030020988, 539.894000000]: Footprint model 'polygon' loaded for trajectory optimization.
[INFO] [1783867683.757731601, 540.620000000]: Footprint model 'polygon' loaded for trajectory optimization.
[INFO] [1783867684.625541687, 541.486000000]: Footprint model 'polygon' loaded for trajectory optimization.
[INFO] [1783867685.225368722, 542.086000000]: Footprint model 'polygon' loaded for trajectory optimization.
[INFO] [1783867685.778113129, 542.638000000]: Footprint model 'polygon' loaded for trajectory optimization.
[INFO] [1783867686.378528348, 543.238000000]: Footprint model 'polygon' loaded for trajectory optimization.
[INFO] [1783867687.025880937, 543.884000000]: Footprint model 'polygon' loaded for trajectory optimization.
[INFO] [1783867687.578220807, 544.434000000]: Footprint model 'polygon' loaded for trajectory optimization.
[INFO] [1783867688.169686148, 545.030000000]: Footprint model 'polygon' loaded for trajectory optimization.
[INFO] [1783867688.827711716, 545.684000000]: Footprint model 'polygon' loaded for trajectory optimization.
[INFO] [1783867690.362606034, 547.220000000]: GOAL Reached!
[INFO] [1783867690.478432042, 547.336000000]: Footprint model 'polygon' loaded for trajectory optimization.
[INFO] [1783867691.330336369, 548.186000000]: Footprint model 'polygon' loaded for trajectory optimization.
[INFO] [1783867691.864663958, 548.720000000]: Footprint model 'polygon' loaded for trajectory optimization.
[INFO] [1783867692.512582216, 549.368000000]: Footprint model 'polygon' loaded for trajectory optimization.
[INFO] [1783867693.114505053, 549.970000000]: Footprint model 'polygon' loaded for trajectory optimization.
[INFO] [1783867693.714957924, 550.570000000]: Footprint model 'polygon' loaded for trajectory optimization.
[INFO] [1783867694.315567938, 551.168000000]: Footprint model 'polygon' loaded for trajectory optimization.
[INFO] [1783867694.922605929, 551.778000000]: Footprint model 'polygon' loaded for trajectory optimization.
[INFO] [1783867695.515819132, 552.368000000]: Footprint model 'polygon' loaded for trajectory optimization.
[INFO] [1783867695.659698301, 552.512000000]: TebLocalPlannerROS: oscillation recovery disabled/expired.
[INFO] [1783867696.070175522, 552.920000000]: Footprint model 'polygon' loaded for trajectory optimization.
[INFO] [1783867696.718975949, 553.568000000]: Footprint model 'polygon' loaded for trajectory optimization.
[INFO] [1783867697.317789098, 554.170000000]: Footprint model 'polygon' loaded for trajectory optimization.
[INFO] [1783867697.872764809, 554.724000000]: Footprint model 'polygon' loaded for trajectory optimization.
[INFO] [1783867699.464067123, 556.312000000]: GOAL Reached!
[INFO] [1783867699.574859031, 556.422000000]: Footprint model 'polygon' loaded for trajectory optimization.
[INFO] [1783867700.416238388, 557.262000000]: Footprint model 'polygon' loaded for trajectory optimization.
[INFO] [1783867700.974893564, 557.822000000]: Footprint model 'polygon' loaded for trajectory optimization.
[INFO] [1783867701.617896614, 558.466000000]: Footprint model 'polygon' loaded for trajectory optimization.
[INFO] [1783867702.217297292, 559.062000000]: Footprint model 'polygon' loaded for trajectory optimization.
[INFO] [1783867702.816104831, 559.660000000]: Footprint model 'polygon' loaded for trajectory optimization.
[INFO] [1783867703.421148465, 560.264000000]: Footprint model 'polygon' loaded for trajectory optimization.
[INFO] [1783867704.019707476, 560.862000000]: Footprint model 'polygon' loaded for trajectory optimization.
[INFO] [1783867704.617081624, 561.460000000]: Footprint model 'polygon' loaded for trajectory optimization.
[INFO] [1783867705.218077535, 562.060000000]: Footprint model 'polygon' loaded for trajectory optimization.
[INFO] [1783867708.261547928, 565.104000000]: GOAL Reached!
[INFO] [1783867708.393984313, 565.234000000]: Footprint model 'polygon' loaded for trajectory optimization.
[INFO] [1783867709.223076619, 566.062000000]: Footprint model 'polygon' loaded for trajectory optimization.
[INFO] [1783867709.825973245, 566.666000000]: Footprint model 'polygon' loaded for trajectory optimization.
[INFO] [1783867710.430163696, 567.266000000]: Footprint model 'polygon' loaded for trajectory optimization.
[INFO] [1783867711.028785445, 567.866000000]: Footprint model 'polygon' loaded for trajectory optimization.
[INFO] [1783867711.629608600, 568.466000000]: Footprint model 'polygon' loaded for trajectory optimization.
[INFO] [1783867712.179352195, 569.016000000]: Footprint model 'polygon' loaded for trajectory optimization.
[INFO] [1783867712.830963274, 569.666000000]: Footprint model 'polygon' loaded for trajectory optimization.
[INFO] [1783867713.428774772, 570.264000000]: Footprint model 'polygon' loaded for trajectory optimization.
[INFO] [1783867714.976280252, 571.810000000]: GOAL Reached!
[INFO] [1783867715.100380725, 571.934000000]: Footprint model 'polygon' loaded for trajectory optimization.
[INFO] [1783867715.947233006, 572.780000000]: Footprint model 'polygon' loaded for trajectory optimization.
[INFO] [1783867716.487639073, 573.322000000]: Footprint model 'polygon' loaded for trajectory optimization.
[INFO] [1783867717.133844276, 573.966000000]: Footprint model 'polygon' loaded for trajectory optimization.
[INFO] [1783867717.737482974, 574.568000000]: Footprint model 'polygon' loaded for trajectory optimization.
[INFO] [1783867718.344082536, 575.168000000]: Footprint model 'polygon' loaded for trajectory optimization.
[INFO] [1783867718.940953581, 575.766000000]: Footprint model 'polygon' loaded for trajectory optimization.
[INFO] [1783867719.542202327, 576.366000000]: Footprint model 'polygon' loaded for trajectory optimization.
[INFO] [1783867720.151229129, 576.966000000]: Footprint model 'polygon' loaded for trajectory optimization.
[INFO] [1783867720.752651993, 577.566000000]: Footprint model 'polygon' loaded for trajectory optimization.
[INFO] [1783867722.495372751, 579.310000000]: GOAL Reached!
[INFO] [1783867722.606585796, 579.422000000]: Footprint model 'polygon' loaded for trajectory optimization.
[INFO] [1783867723.448194572, 580.262000000]: Footprint model 'polygon' loaded for trajectory optimization.
[INFO] [1783867724.045130618, 580.860000000]: Footprint model 'polygon' loaded for trajectory optimization.
[INFO] [1783867724.645157681, 581.458000000]: Footprint model 'polygon' loaded for trajectory optimization.
[INFO] [1783867725.223359539, 582.036000000]: Footprint model 'polygon' loaded for trajectory optimization.
[INFO] [1783867725.844674564, 582.658000000]: Footprint model 'polygon' loaded for trajectory optimization.
[INFO] [1783867726.452756287, 583.258000000]: Footprint model 'polygon' loaded for trajectory optimization.
[INFO] [1783867727.052053790, 583.856000000]: Footprint model 'polygon' loaded for trajectory optimization.
[INFO] [1783867727.652980313, 584.456000000]: Footprint model 'polygon' loaded for trajectory optimization.
[INFO] [1783867728.255967080, 585.058000000]: Footprint model 'polygon' loaded for trajectory optimization.
[INFO] [1783867729.895916909, 586.698000000]: GOAL Reached!
[INFO] [1783867730.027832655, 586.830000000]: Footprint model 'polygon' loaded for trajectory optimization.
[INFO] [1783867730.858693273, 587.660000000]: Footprint model 'polygon' loaded for trajectory optimization.
[INFO] [1783867731.466421988, 588.266000000]: Footprint model 'polygon' loaded for trajectory optimization.
[INFO] [1783867732.059764846, 588.860000000]: Footprint model 'polygon' loaded for trajectory optimization.
[INFO] [1783867732.659977353, 589.460000000]: Footprint model 'polygon' loaded for trajectory optimization.
[INFO] [1783867733.212585181, 590.012000000]: Footprint model 'polygon' loaded for trajectory optimization.
[INFO] [1783867733.812953273, 590.610000000]: Footprint model 'polygon' loaded for trajectory optimization.
[INFO] [1783867734.463195065, 591.260000000]: Footprint model 'polygon' loaded for trajectory optimization.
[INFO] [1783867735.061183733, 591.858000000]: Footprint model 'polygon' loaded for trajectory optimization.
[INFO] [1783867736.707232229, 593.504000000]: GOAL Reached!
[INFO] [1783867736.819733896, 593.616000000]: Footprint model 'polygon' loaded for trajectory optimization.
[INFO] [1783867737.673496731, 594.460000000]: Footprint model 'polygon' loaded for trajectory optimization.
[INFO] [1783867738.263099548, 595.050000000]: Footprint model 'polygon' loaded for trajectory optimization.
[INFO] [1783867738.861975243, 595.648000000]: Footprint model 'polygon' loaded for trajectory optimization.
[INFO] [1783867739.419024003, 596.206000000]: Footprint model 'polygon' loaded for trajectory optimization.
[INFO] [1783867740.062859120, 596.848000000]: Footprint model 'polygon' loaded for trajectory optimization.
[INFO] [1783867740.661967260, 597.448000000]: Footprint model 'polygon' loaded for trajectory optimization.
[INFO] [1783867741.263037300, 598.048000000]: Footprint model 'polygon' loaded for trajectory optimization.
[INFO] [1783867741.82075889[WARN] [1783867759.030276294, 615.796000000]: TebLocalPlannerROS: possible oscillation (of the robot or its local plan) detected. Activating recovery strategy (prefer current turning direction during optimization).
8, 598.600000000]: Footprint model 'polygon' loaded for trajectory optimization.
[INFO] [1783867742.423325549, 599.202000000]: Footprint model 'polygon' loaded for trajectory optimization.
[INFO] [1783867743.068185746, 599.846000000]: Footprint model 'polygon' loaded for trajectory optimization.
[INFO] [1783867744.715082147, 601.492000000]: GOAL Reached!
[INFO] [1783867744.836308459, 601.612000000]: Footprint model 'polygon' loaded for trajectory optimization.
[INFO] [1783867745.687031826, 602.462000000]: Footprint model 'polygon' loaded for trajectory optimization.
[INFO] [1783867746.235530250, 603.010000000]: Footprint model 'polygon' loaded for trajectory optimization.
[INFO] [1783867746.888095010, 603.664000000]: Footprint model 'polygon' loaded for trajectory optimization.
[INFO] [1783867747.432859266, 604.208000000]: Footprint model 'polygon' loaded for trajectory optimization.
[INFO] [1783867748.080895856, 604.854000000]: Footprint model 'polygon' loaded for trajectory optimization.
[INFO] [1783867748.680562546, 605.456000000]: Footprint model 'polygon' loaded for trajectory optimization.
[INFO] [1783867749.283781619, 606.056000000]: Footprint model 'polygon' loaded for trajectory optimization.
[INFO] [1783867749.883888386, 606.656000000]: Footprint model 'polygon' loaded for trajectory optimization.
[INFO] [1783867753.437148816, 610.206000000]: Footprint model 'polygon' loaded for trajectory optimization.
[INFO] [1783867754.086616927, 610.856000000]: Footprint model 'polygon' loaded for trajectory optimization.
[INFO] [1783867754.687769367, 611.456000000]: Footprint model 'polygon' loaded for trajectory optimization.
[INFO] [1783867755.286479473, 612.054000000]: Footprint model 'polygon' loaded for trajectory optimization.
[INFO] [1783867755.839320764, 612.606000000]: Footprint model 'polygon' loaded for trajectory optimization.
[INFO] [1783867756.440582436, 613.208000000]: Footprint model 'polygon' loaded for trajectory optimization.
[INFO] [1783867757.041377432, 613.808000000]: Footprint model 'polygon' loaded for trajectory optimization.
[INFO] [1783867757.693582420, 614.460000000]: Footprint model 'polygon' loaded for trajectory optimization.
[INFO] [1783867761.295267640, 618.058000000]: Footprint model 'polygon' loaded for trajectory optimization.
[INFO] [1783867761.906076883, 618.668000000]: Footprint model 'polygon' loaded for trajectory optimization.
[INFO] [1783867762.507364485, 619.268000000]: Footprint model 'polygon' loaded for trajectory optimization.
[INFO] [1783867763.115965865, 619.878000000]: Footprint model 'polygon' loaded for trajectory optimization.
[INFO] [1783867763.714845349, 620.474000000]: Footprint model 'polygon' loaded for trajectory optimization.
[INFO] [1783867764.309610663, 621.070000000]: Footprint model 'polygon' loaded for trajectory optimization.
[INFO] [1783867764.866037652, 621.626000000]: Footprint model 'polygon' loaded for trajectory optimization.
[INFO] [1783867765.470582344, 622.228000000]: Footprint model 'polygon' loaded for trajectory optimization.
[INFO] [1783867766.076568813, 622.830000000]: Footprint model 'polygon' loaded for trajectory optimization.
[INFO] [1783867766.723072956, 623.478000000]: Footprint model 'polygon' loaded for trajectory optimization.
[INFO] [1783867767.324993578, 624.078000000]: Footprint model 'polygon' loaded for trajectory optimization.
[INFO] [1783867767.871794765, 624.622000000]: Footprint model 'polygon' loaded for trajectory optimization.
[INFO] [1783867768.530275775, 625.280000000]: Footprint model 'polygon' loaded for trajectory optimization.
[INFO] [1783867769.070347552, 625.820000000]: Footprint model 'polygon' loaded for trajectory optimization.
[INFO] [1783867769.726506975, 626.474000000]: Footprint model 'polygon' loaded for trajectory optimization.
[INFO] [1783867769.948103003, 626.696000000]: TebLocalPlannerROS: oscillation recovery disabled/expired.
[INFO] [1783867770.319189750, 627.066000000]: Footprint model 'polygon' loaded for trajectory optimization.
[INFO] [1783867770.870464291, 627.616000000]: Footprint model 'polygon[WARN] [1783867773.954257491, 630.696000000]: TebLocalPlannerROS: possible oscillation (of the robot or its local plan) detected. Activating recovery strategy (prefer current turning direction during optimization).
[ERROR] [1783867786.091396490, 642.812000000]: TebOptimalPlanner::getVelocityCommand() - timediff<=0 is invalid!
[WARN] [1783867786.091486088, 642.812000000]: TebLocalPlannerROS: velocity command invalid. Resetting planner...
[WARN] [1783867791.981847, 648.690000]: training environment stop requested: adapter_close
schema_version: '1.0'
task: T11
status: passed
run_id: t11_semantic_eta_no_safety_seed103
algorithm: RL-TEB-Eta-NoSafety
training_seed: 103
safety_mode: NoSafety
episode_count: 70
step_count: 777
failure_count: 5
run_validation:
  valid: true
  run_id: t11_semantic_eta_no_safety_seed103
  episode_count: 70
  step_count: 777
  verified_checksum_count: 4
selected_checkpoint: /home/robot/robot_ws_base_rl/artifacts/t11/runs/t11_semantic_eta_fullsafety_seed103/checkpoints/step_000500
passed: true
acceptance_override: false

[INFO] [1783867141.452304381]: Finished loading Gazebo ROS API Plugin.
[INFO] [1783867141.452868340]: waitForService: Service [/gazebo/set_physics_properties] has not been advertised, waiting...
[INFO] [1783867141.883859871]: waitForService: Service [/gazebo/set_physics_properties] is now available.
[INFO] [1783867141.925878252, 0.042000000]: Physics dynamic reconfigure ready.
[INFO] [1783867142.335930350, 0.376000000]: <initialOrientationAsReference> is unset, using default value of false to comply with REP 145 (world as orientation reference)
[INFO] [1783867142.335968740, 0.376000000]: <robotNamespace> set to: //
[INFO] [1783867142.335975508, 0.376000000]: <topicName> set to: imu/data
[INFO] [1783867142.335982926, 0.376000000]: <frameName> set to: imu_link
[INFO] [1783867142.336000853, 0.376000000]: <updateRateHZ> set to: 50
[INFO] [1783867142.336009038, 0.376000000]: <gaussianNoise> set to: 0
[INFO] [1783867142.336026563, 0.376000000]: <xyzOffset> set to: 0 0 0
[INFO] [1783867142.336041449, 0.376000000]: <rpyOffset> set to: 0 -0 0
[INFO] [1783867142.451564836, 0.376000000]: Laser Plugin: Using the 'robotNamespace' param: '/'
[INFO] [1783867142.451585185, 0.376000000]: Starting Laser Plugin (ns = /)
[INFO] [1783867142.452462144, 0.376000000]: Laser Plugin (ns = /)  <tf_prefix_>, set to ""
[INFO] [1783867142.571604706, 0.376000000]: M2 simulation-only Ackermann interface loaded; cmd_angle_instead_rotvel=false
' loaded for trajectory optimization.
[INFO] [1783867771.529470959, 628.274000000]: Footprint model 'polygon' loaded for trajectory optimization.
[INFO] [1783867772.080858741, 628.826000000]: Footprint model 'polygon' loaded for trajectory optimization.
[INFO] [1783867772.681458269, 629.424000000]: Footprint model 'polygon' loaded for trajectory optimization.
[INFO] [1783867773.336307902, 630.078000000]: Footprint model 'polygon' loaded for trajectory optimization.
[INFO] [1783867773.928723377, 630.668000000]: Footprint model 'polygon' loaded for trajectory optimization.
[INFO] [1783867774.476846558, 631.218000000]: Footprint model 'polygon' loaded for trajectory optimization.
[INFO] [1783867775.085343624, 631.824000000]: Footprint model 'polygon' loaded for trajectory optimization.
[INFO] [1783867775.679877366, 632.420000000]: Footprint model 'polygon' loaded for trajectory optimization.
[INFO] [1783867776.284229441, 633.020000000]: Footprint model 'polygon' loaded for trajectory optimization.
[INFO] [1783867776.884515459, 633.622000000]: Footprint model 'polygon' loaded for trajectory optimization.
[INFO] [1783867777.531891781, 634.268000000]: Footprint model 'polygon' loaded for trajectory optimization.
[INFO] [1783867778.135663434, 634.870000000]: Footprint model 'polygon' loaded for trajectory optimization.
[INFO] [1783867778.734396135, 635.466000000]: Footprint model 'polygon' loaded for trajectory optimization.
[INFO] [1783867782.291555643, 639.018000000]: Footprint model 'polygon' loaded for trajectory optimization.
[INFO] [1783867782.949056140, 639.674000000]: Footprint model 'polygon' loaded for trajectory optimization.
[INFO] [1783867783.542243195, 640.266000000]: Footprint model 'polygon' loaded for trajectory optimization.
[INFO] [1783867784.146232745, 640.868000000]: Footprint model 'polygon' loaded for trajectory optimization.
[INFO] [1783867784.693685958, 641.414000000]: Footprint model 'polygon' loaded for trajectory optimization.
[INFO] [1783867784.871956953, 641.596000000]: TebLocalPlannerROS: oscillation recovery disabled/expired.
[INFO] [1783867785.298039367, 642.020000000]: Footprint model 'polygon' loaded for trajectory optimization.
[INFO] [1783867785.943523417, 642.666000000]: Footprint model 'polygon' loaded for trajectory optimization.
[INFO] [1783867786.549439813, 643.270000000]: Footprint model 'polygon' loaded for trajectory optimization.
[INFO] [1783867787.155259118, 643.872000000]: Footprint model 'polygon' loaded for trajectory optimization.
[INFO] [1783867787.705109549, 644.422000000]: Footprint model 'polygon' loaded for trajectory optimization.
[INFO] [1783867788.355446786, 645.070000000]: Footprint model 'polygon' loaded for trajectory optimization.
[INFO] [1783867788.948889477, 645.664000000]: Footprint model 'polygon' loaded for trajectory optimization.
[INFO] [1783867789.498070592, 646.210000000]: Footprint model 'polygon' loaded for trajectory optimization.
[INFO] [1783867790.154057241, 646.866000000]: Footprint model 'polygon' loaded for trajectory optimization.
[INFO] [1783867790.943242700, 647.654000000]: Footprint model 'polygon' loaded for trajectory optimization.
[INFO] [1783867792.059070373, 648.768000000]: Footprint model 'polygon' loaded for trajectory optimization.
[INFO] [1783867792.091335613, 648.800000000]: Footprint model 'polygon' loaded for trajectory optimization.
... logging to /home/robot/.ros/log/6bb7d3f2-7dff-11f1-91bc-3382cc4c3ed1/roslaunch-WP-239927.log
Checking log directory for disk usage. This may take a while.
Press Ctrl-C to interrupt
]2;/home/robot/robot_ws_base_rl/src/tools/thesis_experiment/launch/t11_formal_run.launch
[1mstarted roslaunch server http://WP:44605/[0m

SUMMARY
========

PARAMETERS
 * /gazebo/enable_ros_network: True
 * /m2_gazebo/simulation_only: True
 * /m2_robot_state_publisher/publish_frequency: 30.0
 * /move_base/TebLocalPlannerROS/acc_lim_theta: 0.8
 * /move_base/TebLocalPlannerROS/acc_lim_x: 0.8
 * /move_base/TebLocalPlannerROS/allow_init_with_backwards_motion: True
 * /move_base/TebLocalPlannerROS/cmd_angle_instead_rotvel: False
 * /move_base/TebLocalPlannerROS/costmap_obstacles_behind_robot_dist: 1.5
 * /move_base/TebLocalPlannerROS/dt_hysteresis: 0.1
 * /move_base/TebLocalPlannerROS/dt_ref: 0.3
 * /move_base/TebLocalPlannerROS/enable_homotopy_class_planning: False
 * /move_base/TebLocalPlannerROS/enable_multithreading: True
 * /move_base/TebLocalPlannerROS/feasibility_check_no_poses: 5
 * /move_base/TebLocalPlannerROS/footprint_model/type: polygon
 * /move_base/TebLocalPlannerROS/footprint_model/vertices: [[0.52, 0.35], [0...
 * /move_base/TebLocalPlannerROS/global_plan_overwrite_orientation: True
 * /move_base/TebLocalPlannerROS/include_costmap_obstacles: True
 * /move_base/TebLocalPlannerROS/inflation_dist: 0.55
 * /move_base/TebLocalPlannerROS/map_frame: odom
 * /move_base/TebLocalPlannerROS/max_global_plan_lookahead_dist: 8.0
 * /move_base/TebLocalPlannerROS/max_number_classes: 4
 * /move_base/TebLocalPlannerROS/max_samples: 500
 * /move_base/TebLocalPlannerROS/max_vel_theta: 1.0
 * /move_base/TebLocalPlannerROS/max_vel_x: 1.2
 * /move_base/TebLocalPlannerROS/max_vel_x_backwards: 0.6
 * /move_base/TebLocalPlannerROS/max_vel_y: 0.0
 * /move_base/TebLocalPlannerROS/min_obstacle_dist: 0.25
 * /move_base/TebLocalPlannerROS/min_turning_radius: 1.2
 * /move_base/TebLocalPlannerROS/obstacle_poses_affected: 15
 * /move_base/TebLocalPlannerROS/odom_topic: /odom
 * /move_base/TebLocalPlannerROS/teb_autosize: True
 * /move_base/TebLocalPlannerROS/weight_acc_lim_theta: 1.0
 * /move_base/TebLocalPlannerROS/weight_acc_lim_x: 1.0
 * /move_base/TebLocalPlannerROS/weight_adapt_factor: 2.0
 * /move_base/TebLocalPlannerROS/weight_inflation: 0.1
 * /move_base/TebLocalPlannerROS/weight_kinematics_forward_drive: 10.0
 * /move_base/TebLocalPlannerROS/weight_kinematics_nh: 1000.0
 * /move_base/TebLocalPlannerROS/weight_kinematics_turning_radius: 10.0
 * /move_base/TebLocalPlannerROS/weight_max_vel_theta: 1.0
 * /move_base/TebLocalPlannerROS/weight_max_vel_x: 2.0
 * /move_base/TebLocalPlannerROS/weight_obstacle: 50.0
 * /move_base/TebLocalPlannerROS/weight_optimaltime: 1.0
 * /move_base/TebLocalPlannerROS/weight_viapoint: 1.0
 * /move_base/TebLocalPlannerROS/wheelbase: 0.65
 * /move_base/base_global_planner: navfn/NavfnROS
 * /move_base/base_local_planner: teb_local_planner...
 * /move_base/clearing_rotation_allowed: False
 * /move_base/controller_frequency: 10.0
 * /move_base/controller_patience: 5.0
 * /move_base/global_costmap/footprint: [[0.52, 0.35], [0...
 * /move_base/global_costmap/footprint_padding: 0.05
 * /move_base/global_costmap/global_frame: odom
 * /move_base/global_costmap/height: 30.0
 * /move_base/global_costmap/inflation_layer/cost_scaling_factor: 4.0
 * /move_base/global_costmap/inflation_layer/enabled: True
 * /move_base/global_costmap/inflation_layer/inflation_radius: 0.55
 * /move_base/global_costmap/obstacle_layer/enabled: True
 * /move_base/global_costmap/obstacle_layer/observation_sources: scan
 * /move_base/global_costmap/obstacle_layer/scan/clearing: True
 * /move_base/global_costmap/obstacle_layer/scan/data_type: LaserScan
 * /move_base/global_costmap/obstacle_layer/scan/inf_is_valid: True
 * /move_base/global_costmap/obstacle_layer/scan/marking: True
 * /move_base/global_costmap/obstacle_layer/scan/obstacle_range: 12.0
 * /move_base/global_costmap/obstacle_layer/scan/raytrace_range: 15.0
 * /move_base/global_costmap/obstacle_layer/scan/sensor_frame: laser_link
 * /move_base/global_costmap/obstacle_layer/scan/topic: /scan
 * /move_base/global_costmap/plugins: [{'name': 'obstac...
 * /move_base/global_costmap/publish_frequency: 2.0
 * /move_base/global_costmap/resolution: 0.05
 * /move_base/global_costmap/robot_base_frame: base_link
 * /move_base/global_costmap/rolling_window: True
 * /move_base/global_costmap/transform_tolerance: 0.3
 * /move_base/global_costmap/update_frequency: 5.0
 * /move_base/global_costmap/width: 30.0
 * /move_base/local_costmap/footprint: [[0.52, 0.35], [0...
 * /move_base/local_costmap/footprint_padding: 0.05
 * /move_base/local_costmap/global_frame: odom
 * /move_base/local_costmap/height: 12.0
 * /move_base/local_costmap/inflation_layer/cost_scaling_factor: 4.0
 * /move_base/local_costmap/inflation_layer/enabled: True
 * /move_base/local_costmap/inflation_layer/inflation_radius: 0.55
 * /move_base/local_costmap/obstacle_layer/enabled: True
 * /move_base/local_costmap/obstacle_layer/observation_sources: scan
 * /move_base/local_costmap/obstacle_layer/scan/clearing: True
 * /move_base/local_costmap/obstacle_layer/scan/data_type: LaserScan
 * /move_base/local_costmap/obstacle_layer/scan/inf_is_valid: True
 * /move_base/local_costmap/obstacle_layer/scan/marking: True
 * /move_base/local_costmap/obstacle_layer/scan/obstacle_range: 12.0
 * /move_base/local_costmap/obstacle_layer/scan/raytrace_range: 15.0
 * /move_base/local_costmap/obstacle_layer/scan/sensor_frame: laser_link
 * /move_base/local_costmap/obstacle_layer/scan/topic: /scan
 * /move_base/local_costmap/plugins: [{'name': 'obstac...
 * /move_base/local_costmap/publish_frequency: 5.0
 * /move_base/local_costmap/resolution: 0.05
 * /move_base/local_costmap/robot_base_frame: base_link
 * /move_base/local_costmap/rolling_window: True
 * /move_base/local_costmap/transform_tolerance: 0.3
 * /move_base/local_costmap/update_frequency: 10.0
 * /move_base/local_costmap/width: 12.0
 * /move_base/oscillation_distance: 0.2
 * /move_base/oscillation_timeout: 10.0
 * /move_base/planner_frequency: 1.0
 * /move_base/planner_patience: 5.0
 * /move_base/recovery_behavior_enabled: False
 * /move_base/shutdown_costmaps: False
 * /robot_description: <?xml version="1....
 * /rosdistro: noetic
 * /rosversion: 1.17.4
 * /t11_formal_run/acceptance_eval_seed_limit: 0
 * /t11_formal_run/acceptance_timesteps: 0
 * /t11_formal_run/algorithm: RL-TEB-Semantic-Eta
 * /t11_formal_run/checkpoint: /home/robot/robot...
 * /t11_formal_run/config: /home/robot/robot...
 * /t11_formal_run/output_dir: /home/robot/robot...
 * /t11_formal_run/phase: ablation
 * /t11_formal_run/run_id: t11_semantic_eta_...
 * /t11_formal_run/safety_mode: NoSafety
 * /t11_formal_run/training_seed: 103
 * /use_sim_time: True

NODES
  /
    gazebo (gazebo_ros/gzserver)
    m2_robot_state_publisher (robot_state_publisher/robot_state_publisher)
    move_base (move_base/move_base)
    spawn_m2 (gazebo_ros/spawn_model)
    t11_formal_run (thesis_experiment/t11_formal_run.py)

auto-starting new master
[1mprocess[master]: started with pid [239983][0m
[1mROS_MASTER_URI=http://localhost:11311[0m
]2;/home/robot/robot_ws_base_rl/src/tools/thesis_experiment/launch/t11_formal_run.launch http://localhost:11311
[1msetting /run_id to 6bb7d3f2-7dff-11f1-91bc-3382cc4c3ed1[0m
[1mprocess[rosout-1]: started with pid [240016][0m
started core service [/rosout]
[1mprocess[gazebo-2]: started with pid [240023][0m
[1mprocess[spawn_m2-3]: started with pid [240026][0m
[1mprocess[m2_robot_state_publisher-4]: started with pid [240029][0m
[1mprocess[move_base-5]: started with pid [240030][0m
[1mprocess[t11_formal_run-6]: started with pid [240031][0m
[1m[spawn_m2-3] process has finished cleanly
log file: /home/robot/.ros/log/6bb7d3f2-7dff-11f1-91bc-3382cc4c3ed1/spawn_m2-3*.log[0m
[t11_formal_run-6] killing on exit
[move_base-5] killing on exit
[m2_robot_state_publisher-4] killing on exit
[gazebo-2] killing on exit
[rosout-1] killing on exit
[master] killing on exit
shutting down processing monitor...
[31mWARNING: disk usage in log directory [/home/robot/.ros/log] is over 1GB.
It's recommended that you use the 'rosclean' command.[0m
WARNING: Package name "gazebo_ros_2Dmap_plugin" does not follow the naming conventions. It should start with a lower case letter and only contain lower case letters, digits, underscores, and dashes.
WARNING: Package name "gazebo_ros_2Dmap_plugin" does not follow the naming conventions. It should start with a lower case letter and only contain lower case letters, digits, underscores, and dashes.
[31m================================================================================REQUIRED process [t11_formal_run-6] has died!
process has finished cleanly
log file: /home/robot/.ros/log/6bb7d3f2-7dff-11f1-91bc-3382cc4c3ed1/t11_formal_run-6*.log
Initiating shutdown!
================================================================================[0m
... shutting down processing monitor complete
[1mdone[0m
