stamp_s,x_m,y_m,yaw_rad,linear_velocity_mps,angular_velocity_radps,commanded_speed_mps,clearance_m,goal_distance_m,collision,goal_reached,contact_count,topology_id,global_replan_count,recovery_count,gear,predicted_ttc_s
3.378,0.0,0.0,0.0,0.0,0.0,0.0,7.818529960301066,18.0,false,false,0,single_teb,0,0,NEUTRAL,
3.4779999999999998,0.0,0.0,0.0,0.0,0.0,0.0,7.809093568964906,18.0,false,false,0,single_teb,2,0,NEUTRAL,
3.578,0.0,0.0,0.0,0.0,0.0,0.2254360555305621,7.821344253208781,18.0,false,false,0,single_teb,2,0,NEUTRAL,
3.678,0.0071345432628315015,0.0,0.0,0.09477821449012222,0.0,0.23467951137675722,7.810722228672648,17.992865456737167,false,false,0,single_teb,2,0,FORWARD,
3.778,0.017012626013685132,0.0,0.0,0.14075960374933727,0.0,0.2730184865203839,7.812134836359926,17.982987373986315,false,false,0,single_teb,2,0,FORWARD,
3.878,0.038162048417503515,0.0,0.0,0.19999282518960051,0.0,0.3147761874405473,7.7868166906079725,17.961837951582496,false,false,0,single_teb,2,0,FORWARD,
3.9779999999999998,0.05599043723415128,0.0,0.0,0.2349852300905926,0.0,0.348960883364502,7.783355806513734,17.94400956276585,false,false,0,single_teb,2,0,FORWARD,
4.078,0.08213767608209423,0.0,0.0,0.27661638535904154,0.0,0.3776732738176804,7.767713424351359,17.917862323917905,false,false,0,single_teb,2,0,FORWARD,
4.178,0.1120075893722189,0.0,0.0,0.3152710393730239,0.0,0.41768162479557286,7.760438796665812,17.88799241062778,false,false,0,single_teb,2,0,FORWARD,
4.2780000000000005,0.14600991874018104,0.0,0.0,0.3574415875021668,0.0,0.472500154425272,7.70590579190507,17.85399008125982,false,false,0,single_teb,2,0,FORWARD,
4.378,0.18442795949812868,0.0,0.0,0.39946829168809944,0.0,0.48280435242993397,7.684906837132121,17.81557204050187,false,false,0,single_teb,2,0,FORWARD,
4.478,0.23490411790387208,0.0,0.0,0.4333965716543199,0.0,0.4765942928145146,7.641370650913859,17.765095882096126,false,false,0,single_teb,4,0,FORWARD,
4.578,0.27927964927175614,0.0,0.0,0.4507745687496489,0.0,0.49500000000000005,7.611404296543742,17.720720350728243,false,false,0,single_teb,4,0,FORWARD,
4.678,0.31604630460699745,0.0,0.0,0.4642569599854964,0.0,0.4851946552962021,7.562935375494078,17.683953695393,false,false,0,single_teb,4,0,FORWARD,
4.7780000000000005,0.36295857825266886,0.0,0.0,0.471904737553822,0.0,0.4830206532130228,7.540016674322203,17.63704142174733,false,false,0,single_teb,4,0,FORWARD,
4.878,0.4104073782472476,0.0,0.0,0.47596497671425947,0.0,0.48265211859426,7.448501133245543,17.589592621752754,false,false,0,single_teb,4,0,FORWARD,
4.978,0.45816610607419134,0.0,0.0,0.47874882484205333,0.0,0.48657940916617093,7.428180689864243,17.54183389392581,false,false,0,single_teb,4,0,FORWARD,
5.078,0.5062229659555971,0.0,0.0,0.48160905211407057,0.0,0.4832934783532339,7.391943450026597,17.493777034044403,false,false,0,single_teb,4,0,FORWARD,
5.178,0.5640696884314526,0.0,0.0,0.48232798934298016,0.0,0.48335824851374315,7.3341517401266945,17.435930311568548,false,false,0,single_teb,4,0,FORWARD,
5.2780000000000005,0.6026723437707698,0.0,0.0,0.48264207010651,0.0,0.4818608192221423,7.285115714125718,17.39732765622923,false,false,0,single_teb,4,0,FORWARD,
5.378,0.6605597989334643,0.0,0.0,0.48207019427946907,0.0,0.47905963404408225,7.2523967585253395,17.339440201066537,false,false,0,single_teb,4,0,FORWARD,
5.478,0.7086968550109032,0.0,0.0,0.4809705462668957,0.0,0.49500000000000005,7.232643302409617,17.291303144989097,false,false,0,single_teb,6,0,FORWARD,
5.578,0.747374604333871,0.0,0.0,0.4840754969422732,0.0,0.481512967354101,7.155044730632273,17.25262539566613,false,false,0,single_teb,6,0,FORWARD,
5.678,0.8053536837971589,0.0,0.0,0.4820497838119033,0.0,0.47580838584045615,7.119592841594187,17.194646316202842,false,false,0,single_teb,6,0,FORWARD,
5.7780000000000005,0.8534469711301061,0.0,0.0,0.4814377659618852,0.0,0.49500000000000005,7.071972320801333,17.146553028869892,false,false,0,single_teb,6,0,FORWARD,
5.878,0.8921613975970463,0.0,0.0,0.4847374951841823,0.0,0.4853934746872119,7.051985691315249,17.107838602402953,false,false,0,single_teb,6,0,FORWARD,
5.978,0.9503673532959082,0.0,0.0,0.4858480833846255,0.0,0.49500000000000005,6.967123459106997,17.04963264670409,false,false,0,single_teb,6,0,FORWARD,
6.078,0.9991488528994718,0.0,0.0,0.488391295905781,0.0,0.4857979757585408,6.957057577032706,17.00085114710053,false,false,0,single_teb,6,0,FORWARD,
6.178,1.0479743046922583,0.0,0.0,0.4889738601799098,0.0,0.49500000000000005,6.881343465704581,16.952025695307743,false,false,0,single_teb,6,0,FORWARD,
6.2780000000000005,1.0970117340574934,0.0,0.0,0.4911749895905625,0.0,0.49500000000000005,6.858577352423331,16.902988265942508,false,false,0,single_teb,6,0,FORWARD,
6.378,1.1462027941449568,0.0,0.0,0.49180565237438234,0.0,0.4861797406937019,6.803772381860704,16.85379720585504,false,false,0,single_teb,6,0,FORWARD,
6.478,1.1952480874800853,0.0,0.0,0.489524232631082,0.0,0.48357351557423,6.757306031305284,16.804751912519915,false,false,0,single_teb,8,0,FORWARD,
6.578,1.2440611816912839,0.0,0.0,0.4872987285170243,0.0,0.4829759975075974,6.698746136743517,16.755938818308717,false,false,0,single_teb,8,0,FORWARD,
6.678,1.2927100108473992,0.0,0.0,0.4863572604063065,0.0,0.48681045938423706,6.681168217804184,16.7072899891526,false,false,0,single_teb,8,0,FORWARD,
6.7780000000000005,1.3413389219579819,0.0,0.0,0.4859531898747016,0.0,0.4833841880378685,6.6263786746523285,16.65866107804202,false,false,0,single_teb,8,0,FORWARD,
6.878,1.389874567298545,0.0,0.0,0.48501575271308595,0.0,0.483389755949463,6.606768746521225,16.610125432701455,false,false,0,single_teb,8,0,FORWARD,
6.978,1.438335677311243,0.0,0.0,0.4842879247383171,0.0,0.48184877001301507,6.540811952970313,16.561664322688756,false,false,0,single_teb,8,0,FORWARD,
7.078,1.4867111053284807,0.0,0.0,0.48356298147987353,0.0,0.48375892535811726,6.512108740232276,16.51328889467152,false,false,0,single_teb,8,0,FORWARD,
7.178,1.5350588595123587,0.0,0.0,0.4832044789218009,0.0,0.4811719703526682,6.4642161697366705,16.464941140487642,false,false,0,single_teb,8,0,FORWARD,
7.2780000000000005,1.583329681442611,0.0,0.0,0.48234248457019796,0.0,0.4797957450491845,6.41559212523504,16.41667031855739,false,false,0,single_teb,8,0,FORWARD,
7.378,1.6315311702010034,0.0,0.0,0.482733492237414,0.0,0.49500000000000005,6.388944080648859,16.368468829798996,false,false,0,single_teb,8,0,FORWARD,
7.478,1.6703453046177466,0.0,0.0,0.48647301160618067,0.0,0.48528771408128757,6.3095027997333215,16.329654695382253,false,false,0,single_teb,10,0,FORWARD,
7.578,1.72876053103165,0.0,0.0,0.4862259933164895,0.0,0.48201490123530744,6.294806678517501,16.27123946896835,false,false,0,single_teb,10,0,FORWARD,
7.678,1.7675915111120892,0.0,0.0,0.4849422327795793,0.0,0.48201509055918734,6.239057739003341,16.23240848888791,false,false,0,single_teb,10,0,FORWARD,
7.7780000000000005,1.8160177096168688,0.0,0.0,0.48387305432988786,0.0,0.4805628484040407,6.200470734517625,16.18398229038313,false,false,0,single_teb,10,0,FORWARD,
7.878,1.8643280881394702,0.0,0.0,0.4826639566593678,0.0,0.49500000000000005,6.144264985005906,16.13567191186053,false,false,0,single_teb,10,0,FORWARD,
7.978,1.9128811649732433,0.0,0.0,0.48716986402607504,0.0,0.48619988863266345,6.12335805980449,16.087118835026757,false,false,0,single_teb,10,0,FORWARD,
8.078,1.9712940829015928,0.0,0.0,0.4862114614147532,0.0,0.48288792742099934,6.042107755166981,16.028705917098407,false,false,0,single_teb,10,0,FORWARD,
8.178,2.0101379530697914,0.0,0.0,0.48519379099637666,0.0,0.4828364781913087,6.031970674020741,15.98986204693021,false,false,0,single_teb,10,0,FORWARD,
8.278,2.0586025498401805,0.0,0.0,0.48433275047951957,0.0,0.48132575463453847,5.952415243400971,15.941397450159819,false,false,0,single_teb,10,0,FORWARD,
8.378,2.106965944371608,0.0,0.0,0.4832344044089501,0.0,0.4831963836003037,5.9216129934925235,15.893034055628393,false,false,0,single_teb,10,0,FORWARD,
8.478,2.164952869627747,0.0,0.0,0.483218419635137,0.0,0.487072623402354,5.883489862694184,15.835047130372253,false,false,0,single_teb,12,0,FORWARD,
8.578,2.2133642806375557,0.0,0.0,0.48462621990528454,0.0,0.4835659851625582,5.856478608192582,15.786635719362444,false,false,0,single_teb,12,0,FORWARD,
8.678,2.2521174844061065,0.0,0.0,0.48430300090664197,0.0,0.4820253486450877,5.78498832041182,15.747882515593894,false,false,0,single_teb,12,0,FORWARD,
8.778,2.300494853423798,0.0,0.0,0.4834710574851779,0.0,0.4791885722201678,5.739616316094981,15.699505146576202,false,false,0,single_teb,12,0,FORWARD,
8.878,2.3487424371584,0.0,0.0,0.4819068215814448,0.0,0.49500000000000005,5.684976499810801,15.6512575628416,false,false,0,single_teb,12,0,FORWARD,
8.978,2.4069634466715013,0.0,0.0,0.4863025444170071,0.0,0.4822388617730582,5.667363657319731,15.5930365533285,false,false,0,single_teb,12,0,FORWARD,
9.078,2.455498351680339,0.0,0.0,0.48477261706904073,0.0,0.48171397743344163,5.5962329047562545,15.544501648319661,false,false,0,single_teb,12,0,FORWARD,
9.178,2.5038944310478373,0.0,0.0,0.4831503245683189,0.0,0.4759016989813855,5.572074763489576,15.496105568952164,false,false,0,single_teb,12,0,FORWARD,
9.278,2.5424309571159274,0.0,0.0,0.48094053704737905,0.0,0.49500000000000005,5.5092586204536875,15.457569042884073,false,false,0,single_teb,12,0,FORWARD,
9.378,2.6005724017698615,0.0,0.0,0.48603293471004216,0.0,0.4855809816120277,5.49804865570149,15.399427598230139,false,false,0,single_teb,12,0,FORWARD,
9.478,2.639447835107466,0.0,0.0,0.4858951540640335,0.0,0.48315524125154785,5.464635442213254,15.360552164892534,false,false,0,single_teb,14,0,FORWARD,
9.578,2.687973676823435,0.0,0.0,0.4848943636983536,0.0,0.4825595453935032,5.4184042524854545,15.312026323176564,false,false,0,single_teb,14,0,FORWARD,
9.678,2.7460871087281027,0.0,0.0,0.4839127553679037,0.0,0.4763460867702864,5.374630601362408,15.253912891271897,false,false,0,single_teb,14,0,FORWARD,
9.778,2.7943349603217333,0.0,0.0,0.48276993859744083,0.0,0.49500000000000005,5.320169122175396,15.205665039678266,false,false,0,single_teb,14,0,FORWARD,
9.878,2.842881456690895,0.0,0.0,0.48650134907060605,0.0,0.48653289279456224,5.266995495067082,15.157118543309105,false,false,0,single_teb,14,0,FORWARD,
9.978,2.891575193000749,0.0,0.0,0.48792050270942694,0.0,0.49500000000000005,5.229666401161699,15.10842480699925,false,false,0,single_teb,14,0,FORWARD,
10.078,2.9307216382176677,0.0,0.0,0.4900787304423418,0.0,0.48690795938172976,5.188324619545488,15.069278361782333,false,false,0,single_teb,14,0,FORWARD,
10.178,2.9894313698044175,0.0,0.0,0.48877725412390177,0.0,0.487271422773953,5.148849953791489,15.010568630195582,false,false,0,single_teb,14,0,FORWARD,
10.278,3.0285095561558437,0.0,0.0,0.4883181922940626,0.0,0.48379524966768245,5.131044854304184,14.971490443844157,false,false,0,single_teb,14,0,FORWARD,
10.378,3.086964534735663,0.0,0.0,0.4864134714062621,0.0,0.4837586836141524,5.096879809795021,14.913035465264336,false,false,0,single_teb,14,0,FORWARD,
10.478,3.1258353109506087,0.0,0.0,0.4856041432290249,0.0,0.483246558910381,5.029579013286232,14.87416468904939,false,false,0,single_teb,16,0,FORWARD,
10.578,3.1743409366344744,0.0,0.0,0.4847430035381468,0.0,0.47930637845784885,5.027451207898681,14.825659063365526,false,false,0,single_teb,16,0,FORWARD,
10.678,3.2226888935583844,0.0,0.0,0.4827572023924381,0.0,0.49500000000000005,4.974246671460692,14.777311106441616,false,false,0,single_teb,16,0,FORWARD,
10.778,3.2712491279987224,0.0,0.0,0.4872290504887655,0.0,0.48234568007675704,4.918168974729825,14.728750872001278,false,false,0,single_teb,16,0,FORWARD,
10.878,3.3295593971294988,0.0,0.0,0.4850883273730464,0.0,0.48181846407539103,4.918353987547208,14.670440602870501,false,false,0,single_teb,16,0,FORWARD,
10.978,3.3683143611834576,0.0,0.0,0.48409148969345056,0.0,0.4759535840802176,4.8627849021837095,14.631685638816542,false,false,0,single_teb,16,0,FORWARD,
11.078,3.4261808959662714,0.0,0.0,0.4823252573092676,0.0,0.49500000000000005,4.849143780329178,14.573819104033728,false,false,0,single_teb,16,0,FORWARD,
11.178,3.4746917928509222,0.0,0.0,0.48614582150361463,0.0,0.48568970795538063,4.788831032373856,14.525308207149077,false,false,0,single_teb,16,0,FORWARD,
11.278,3.523283147926243,0.0,0.0,0.48556458749743525,0.0,0.4831956350767415,4.750924135539263,14.476716852073757,false,false,0,single_teb,16,0,FORWARD,
11.378,3.571783616653194,0.0,0.0,0.48465243560901783,0.0,0.48265639192225296,4.7378335250351125,14.428216383346806,false,false,0,single_teb,16,0,FORWARD,
11.478,3.610524006459951,0.0,0.0,0.4840439295719265,0.0,0.4763978882803324,4.67766868450328,14.38947599354005,false,false,0,single_teb,18,0,FORWARD,
11.578,3.668399628231484,0.0,0.0,0.48244587791570853,0.0,0.49500000000000005,4.6807418999879,14.331600371768516,false,false,0,single_teb,18,0,FORWARD,
11.678,3.707195336360888,0.0,0.0,0.48627307825672655,0.0,0.48391486987182225,4.6394387713101395,14.292804663639112,false,false,0,single_teb,18,0,FORWARD,
11.778,3.7557678410446527,0.0,0.0,0.48541171061717137,0.0,0.4833725252844936,4.591090344491292,14.244232158955347,false,false,0,single_teb,18,0,FORWARD,
11.878,3.8139193315767086,0.0,0.0,0.4834583507336841,0.0,0.4767796752725952,4.55200359900569,14.18608066842329,false,false,0,single_teb,18,0,FORWARD,
11.978,3.862122225569452,0.0,0.0,0.48163221113722743,0.0,0.48383770029830797,4.539829469519606,14.137877774430548,false,false,0,single_teb,18,0,FORWARD,
12.078,3.900687944815172,0.0,0.0,0.4823045678988333,0.0,0.48117379517813463,4.494419432084201,14.099312055184829,false,false,0,single_teb,18,0,FORWARD,
12.178,3.9585190930919705,0.0,0.0,0.48134849338436825,0.0,0.47564241355608233,4.458919859330295,14.04148090690803,false,false,0,single_teb,18,0,FORWARD,
12.278,4.006554980265304,0.0,0.0,0.48094643062895653,0.0,0.49500000000000005,4.4459327224894745,13.993445019734697,false,false,0,single_teb,18,0,FORWARD,
12.378,4.054958916143451,0.0,0.0,0.48521456385606526,0.0,0.4850445226816849,4.397953922776401,13.945041083856548,false,false,0,single_teb,18,0,FORWARD,
12.478,4.103464109111936,0.0,0.0,0.48474818254756996,0.0,0.4826127719674297,4.347469367685863,13.896535890888064,false,false,0,single_teb,20,0,FORWARD,
12.578,4.1518893018926235,0.0,0.0,0.4839681948320351,0.0,0.4820933043377054,4.344931316362906,13.848110698107376,false,false,0,single_teb,20,0,FORWARD,
12.678,4.190576882897158,0.0,0.0,0.4833966230812515,0.0,0.47610498758207853,4.302734088884879,13.809423117102842,false,false,0,single_teb,20,0,FORWARD,
12.778,4.248386553091903,0.0,0.0,0.4819730241791706,0.0,0.49500000000000005,4.269135643984956,13.751613446908097,false,false,0,single_teb,20,0,FORWARD,
12.878,4.287151967393214,0.0,0.0,0.48594437685275144,0.0,0.4860361350023858,4.229317651147333,13.712848032606786,false,false,0,single_teb,20,0,FORWARD,
12.978,4.345455446787545,0.0,0.0,0.48556430061594735,0.0,0.48351787512581096,4.197922615879913,13.654544553212455,false,false,0,single_teb,20,0,FORWARD,
13.078,4.384267038276953,0.0,0.0,0.4848931987710474,0.0,0.4829742963167387,4.178117746396611,13.615732961723047,false,false,0,single_teb,20,0,FORWARD,
13.178,4.442382358949835,0.0,0.0,0.48352973849114916,0.0,0.4765678912993848,4.144242384474982,13.557617641050165,false,false,0,single_teb,20,0,FORWARD,
13.278,4.490573544255563,0.0,0.0,0.4809868292550948,0.0,0.48344209933278043,4.118407824080695,13.509426455744437,false,false,0,single_teb,20,0,FORWARD,
13.378,4.529091712088136,0.0,0.0,0.48174028914849876,0.0,0.48349912975453896,4.075552351714991,13.470908287911865,false,false,0,single_teb,20,0,FORWARD,
13.478,4.5773066152497,0.0,0.0,0.48238272956677425,0.0,0.49500000000000005,4.065757084521077,13.4226933847503,false,false,0,single_teb,22,0,FORWARD,
13.578,4.6258381048985395,0.0,0.0,0.4869913589484132,0.0,0.48130267864600296,4.005095621096203,13.37416189510146,false,false,0,single_teb,22,0,FORWARD,
13.678,4.684097050590944,0.0,0.0,0.4846005408787246,0.0,0.4813121918946549,3.998140374825492,13.315902949409056,false,false,0,single_teb,22,0,FORWARD,
13.778,4.722812697173672,0.0,0.0,0.4835980677253876,0.0,0.47990564975294436,3.983187153569097,13.277187302826327,false,false,0,single_teb,22,0,FORWARD,
13.878,4.780753842355193,0.0,0.0,0.48335738323062094,0.0,0.49500000000000005,3.9345209070240266,13.219246157644807,false,false,0,single_teb,22,0,FORWARD,
13.978,4.819591266272877,0.0,0.0,0.4860726719498573,0.0,0.48540229497238474,3.913104000900415,13.180408733727123,false,false,0,single_teb,22,0,FORWARD,
14.078,4.877893064728935,0.0,0.0,0.4855055180616951,0.0,0.4821190360866521,3.8821935089570556,13.122106935271065,false,false,0,single_teb,22,0,FORWARD,
14.178,4.926370408574957,0.0,0.0,0.4844488810374108,0.0,0.4832036957812847,3.723282757614282,13.073629591425043,false,false,0,single_teb,22,0,FORWARD,
14.278,4.965106478225013,0.0,0.0,0.4840692787518125,0.0,0.4806723929537001,3.6777860590015656,13.034893521774986,false,false,0,single_teb,22,0,FORWARD,
14.378,5.023112189068506,0.0,0.0,0.4838862129675114,0.0,0.49500000000000005,3.5879303880726106,12.976887810931494,false,false,0,single_teb,22,0,FORWARD,
14.478,5.071744023537414,0.0,0.0,0.48719249465720077,0.0,0.486332725326265,3.472076370945806,12.928255976462587,false,false,0,single_teb,24,0,FORWARD,
14.578,5.110699594177957,0.0,0.0,0.4866239221438595,0.0,0.4828060378840012,3.394071533909673,12.889300405822043,false,false,0,single_teb,24,0,FORWARD,
14.678,5.159273261386434,0.0,0.0,0.48522938806703214,0.0,0.4812829617526882,3.2662389675836705,12.840726738613565,false,false,0,single_teb,24,0,FORWARD,
14.778,5.207715614443078,0.0,0.0,0.48387990749487503,0.0,0.48314116654154377,3.2112359008661,12.792284385556922,false,false,0,single_teb,24,0,FORWARD,
14.878,5.265764601855534,0.0,0.0,0.48390822474683526,0.0,0.48704108355573533,3.067193556460164,12.734235398144467,false,false,0,single_teb,24,0,FORWARD,
14.978,5.304527178936024,0.0,0.0,0.48486329577619747,0.0,0.4950000000000001,2.9994529559630383,12.695472821063976,false,false,0,single_teb,24,0,FORWARD,
15.078,5.363031578280428,0.0,0.0,0.48912498641341784,0.0,0.49500000000000005,2.8684478784019833,12.636968421719573,false,false,0,single_teb,24,0,FORWARD,
15.178,5.412068827660504,0.0,0.0,0.4906818879786687,0.0,0.48822172852342643,2.8004813137489055,12.587931172339495,false,false,0,single_teb,24,0,FORWARD,
15.278,5.451284178417144,0.0,0.0,0.4899318934316312,0.0,0.4845551130168688,2.6586016701401674,12.548715821582856,false,false,0,single_teb,24,0,FORWARD,
15.378,5.509892467690916,0.0,0.0,0.4872321961331151,0.0,0.4819133702755186,2.5919351438231146,12.490107532309084,false,false,0,single_teb,24,0,FORWARD,
15.478,5.558492363136885,0.0,0.0,0.4853035072332946,0.0,0.48207544848094924,2.452015330340547,12.441507636863115,false,false,0,single_teb,26,0,FORWARD,
15.578,5.6069467927953545,0.0,0.0,0.48407925501757965,0.0,0.4815557673739249,2.383959007250358,12.393053207204645,false,false,0,single_teb,26,0,FORWARD,
15.678,5.655286113270576,0.0,0.0,0.48265947147095184,0.0,0.4758244725710333,2.3156958004861563,12.344713886729423,false,false,0,single_teb,26,0,FORWARD,
15.778,5.703426546533366,0.0,0.0,0.48182923489471535,0.0,0.49500000000000005,2.170393085877536,12.296573453466635,false,false,0,single_teb,26,0,FORWARD,
15.878,5.751899119321457,0.0,0.0,0.48581852425902056,0.0,0.4855463954568847,2.1032688467088483,12.248100880678543,false,false,0,single_teb,26,0,FORWARD,
15.978,5.800470139647418,0.0,0.0,0.4854937248366395,0.0,0.48295258027268206,1.9691817653428043,12.199529860352582,false,false,0,single_teb,26,0,FORWARD,
16.078,5.848960457678116,0.0,0.0,0.48456553727321794,0.0,0.4824201424894123,1.8975862202851403,12.151039542321884,false,false,0,single_teb,26,0,FORWARD,2.233116590768103
16.178,5.897329943230981,0.0,-0.0001791051267748357,0.4819213689739098,-0.008955256338741786,0.461009911723509,1.7438865076088415,12.102670056769018,false,false,0,single_teb,26,0,FORWARD,1.8454976189407182
16.278,5.935550430358052,-3.141100688073744e-05,-0.0023187073244130543,0.47554638426509777,-0.03584497275617814,0.4053189672726341,1.693902293770013,12.064449569682838,false,false,0,single_teb,26,0,FORWARD,1.8960180493055492
16.378,5.990860899483336,-0.00031043004402014115,-0.010377175029090625,0.44909306165604124,-0.09117077054659531,0.35412744975494903,1.5424275294750824,12.00913910452889,false,false,0,single_teb,26,0,FORWARD,1.738069429035321
16.478,6.025271905722947,-0.0007760164973880004,-0.019444481206619492,0.42014221827467757,-0.12505852706652137,0.2945999391235124,1.4701390917162516,11.974728119421739,false,false,0,single_teb,28,0,FORWARD,1.6410410055191793
16.578,6.072152593145378,-0.0020080716784566625,-0.037254910440455535,0.36829398163273885,-0.16471884831763567,0.2675460644554619,1.3859289105087385,11.927847575885616,false,false,0,single_teb,28,0,FORWARD,
16.678,6.106547476467396,-0.0035274111117549805,-0.05541701725359528,0.32853339094886647,-0.19176876206366733,0.2334716101594948,1.3339173390704793,11.893453046619944,false,false,0,single_teb,28,0,FORWARD,
16.778,6.137130121089976,-0.005460655705028199,-0.07529389023227606,0.29381078447582665,-0.20166905184111325,0.1579311450929779,1.2695889988727287,11.862871135720537,false,false,0,single_teb,28,0,FORWARD,
16.878,6.158399757418204,-0.007186628537092094,-0.0906512466599994,0.25238705140299433,-0.18622055248719857,0.12983041637997575,1.218635414286561,11.841602423352295,false,false,0,single_teb,28,0,FORWARD,
16.978,6.180683910640102,-0.009364297536376163,-0.10773587904087994,0.20762157601185768,-0.16151692789729333,0.02792199286991236,1.1474851065296536,11.819319798967712,false,false,0,single_teb,28,0,FORWARD,
17.078,6.201327813405556,-0.011739457919966646,-0.12413971246721871,0.14142267994938781,-0.10893707076055706,-0.03650119553531173,1.122401471607264,11.798678026863417,false,false,0,single_teb,28,0,FORWARD,
17.178,6.212095748316043,-0.01311686530632681,-0.1315844182613989,0.089766125428012,-0.055833352910587025,-0.04551599573768406,1.0734936565169775,11.787911549508005,false,false,0,single_teb,28,0,FORWARD,
17.278,6.218925265711111,-0.014031606867955179,-0.13532568614640103,0.0569778289963205,-0.027519821809494947,-0.05853146218616254,1.0533902148239964,11.781083090314377,false,false,0,single_teb,28,0,FORWARD,
17.378,6.222541895403883,-0.014526543784293975,-0.13716849349597257,0.03960779188014176,-0.020499468452871945,-0.0804940901711025,1.007449226558475,11.777467063252232,false,false,0,single_teb,28,0,FORWARD,
17.478,6.226008076340128,-0.015007843320989615,-0.1392080650193997,0.02295581584435951,-0.014885890913632727,-0.10583162740043928,1.0031768896273408,11.774001488609088,false,false,0,single_teb,30,0,FORWARD,
17.578,6.2274644594825705,-0.015212455921220345,-0.14022140615335135,0.01595759600564929,-0.011374868378598508,-0.12417398291342906,0.9901371055621683,11.772545369271727,false,false,0,single_teb,30,0,FORWARD,
17.678,6.228860425999097,-0.015410106774456008,-0.14127462014558637,0.009248676026497565,-0.007126042618921848,-0.1589798455553386,0.9657297033661846,11.771149661014462,false,false,0,single_teb,30,0,NEUTRAL,
17.778,6.229563265751796,-0.01551022464442766,-0.1418330788310564,0.005870471500997899,-0.004678784474140348,-0.1745464931557717,0.9584725869746942,11.770446953366218,false,false,0,single_teb,30,0,NEUTRAL,
17.878,6.2300093530861815,-0.015573987947136101,-0.14219644848722943,0.003726202058034387,-0.0030271033781816992,-0.3,0.9488349333205263,11.770000950617606,false,false,0,single_teb,30,0,NEUTRAL,
17.978,6.230245663929077,-0.015607836385399377,-0.14239151131142416,0.0025902467366300096,-0.0021236320295777546,-0.27130257973792016,0.9476538855442127,11.769764684819188,false,false,0,single_teb,30,0,NEUTRAL,
18.078,6.230472199397002,-0.01564033094881,-0.14258002746546744,0.0015012507452439902,-0.001240603791331114,-0.2787856554462138,0.9515993792850486,11.769538192687044,false,false,0,single_teb,30,0,NEUTRAL,
18.178,6.2305674020989406,-0.015654000579026016,-0.14265965859889698,0.0010435853405606514,-0.0008649818169326482,-0.29487573276119444,0.945456023872765,11.76944300824258,false,false,0,single_teb,30,0,NEUTRAL,
18.278,6.2306466943541405,-0.01566539189411772,-0.14272602933180534,0.0006624016219260422,-0.0005482610335850521,-0.2369178169772558,0.9501565377558743,11.769363731214202,false,false,0,single_teb,30,0,NEUTRAL,
18.378,6.230704623778834,-0.015673717722237926,-0.14277452270738492,0.0003839135919001616,-0.0003186082790152428,-0.19535668876892323,0.9421964694209143,11.769305812925763,false,false,0,single_teb,30,0,NEUTRAL,
18.478,6.230733793357869,-0.015677911216238963,-0.14279900527455408,0.00024368393850520927,-0.00020258444316935338,-0.20571599662482373,0.958788093920904,11.769276648958021,false,false,0,single_teb,32,0,NEUTRAL,
18.578,6.230749246287693,-0.01568013307823378,-0.14281199094107483,0.0001693954103002219,-0.00014094365380563095,-0.2248874856258232,0.9566215491649067,11.769261199001875,false,false,0,single_teb,32,0,NEUTRAL,
18.678,6.230762116814185,-0.01568198379908799,-0.1428228041532036,0.00010752143611888256,-8.934886337558774e-05,-0.24676834224821223,0.9599259784343636,11.76924833095266,false,false,0,single_teb,32,0,NEUTRAL,
18.778,6.230770286195229,-0.015683158594482122,-0.1428296675703908,6.824777132141577e-05,-5.677990631885375e-05,-0.2039669328266341,0.976439619762236,11.769240163144291,false,false,0,single_teb,32,0,NEUTRAL,
18.878,6.230776254636928,-0.015684016922288737,-0.14283468651017683,3.9554925833365425e-05,-3.293381815875478e-05,-0.1953782320374199,0.9806961237241819,11.76923419585169,false,false,0,single_teb,32,0,NEUTRAL,
18.978,6.230778762954538,-0.01568437765559313,-0.14283679683707518,2.7496366531331926e-05,-2.290043497511907e-05,-0.19016655154749046,0.9826039903578041,11.769231688017038,false,false,0,single_teb,32,0,NEUTRAL,
19.078,6.230781167579898,-0.01568472348171621,-0.14283882044821342,1.5936296787065597e-05,-1.3275967043438686e-05,-0.18548321495559328,1.0159413182032115,11.769229283854687,false,false,0,single_teb,32,0,NEUTRAL,
19.178,6.230782178156253,-0.015684868821375143,-0.14283967103754364,1.1078019952691209e-05,-9.229595514886106e-06,-0.1849168600401651,1.0143141980470207,11.76922827347292,false,false,0,single_teb,32,0,NEUTRAL,
19.278,6.230783146956206,-0.015685008153672284,-0.1428404865337061,6.4205797365245465e-06,-5.34972040738759e-06,-0.18500708554914996,1.054566530599852,11.769227304859518,false,false,0,single_teb,32,0,NEUTRAL,
19.378,6.2307835541075525,-0.01568506671021528,-0.14284082927554098,4.46322702064591e-06,-3.7189433930249073e-06,-0.18559075425998542,1.1669346555638183,11.769226897786572,false,false,0,single_teb,32,0,NEUTRAL,
19.478,6.230783893218735,-0.015685115481329604,-0.14284111474839115,2.832972736002288e-06,-2.3606057312582934e-06,-0.18563979825834112,1.2091440232915183,11.76922655874069,false,false,0,single_teb,34,0,NEUTRAL,
19.578,6.230784108464945,-0.015685146438184562,-0.14284129595163886,1.798190969405544e-06,-1.4983831577185153e-06,-0.16548150362878636,1.3116349741470643,11.769226343535928,false,false,0,single_teb,34,0,NEUTRAL,
19.678,6.230784245089552,-0.015685166087648975,-0.14284141096911687,1.1413772964912287e-06,-9.510859090206916e-07,-0.16294627609014709,1.3633071706849431,11.76922620693763,false,false,0,single_teb,34,0,NEUTRAL,
19.778,6.229967683287416,-0.01556785657356794,-0.1421539983065418,-0.02708934291050294,0.022573087568820534,-0.1804016351144637,1.459881756689087,11.770042612268526,false,false,0,single_teb,34,0,REVERSE,
19.878,6.222088968120659,-0.01446214556182938,-0.13552443718770935,-0.09058235554281102,0.07548095757570575,-0.21443267532477178,1.4925427623896075,11.777919910940103,false,false,0,single_teb,34,0,REVERSE,
19.978,6.2129499628665315,-0.013242689398647265,-0.12784151912015973,-0.12833887749808223,0.10694303818548091,-0.25222075746460837,1.6113379743372405,11.787057476177447,false,false,0,single_teb,34,0,REVERSE,
20.078,6.19762935892902,-0.011353286800163356,-0.114978265545302,-0.17130573267378135,0.1427468560284673,-0.2760913593112048,1.6514833710712253,11.802376101715085,false,false,0,single_teb,34,0,REVERSE,
20.178,6.178352283719871,-0.009253095144528337,-0.09881970863880696,-0.20813814229612254,0.17343891317510413,-0.3,1.7446094103724714,11.821651337592433,false,false,0,single_teb,34,0,REVERSE,
20.278,6.155673350710928,-0.0071782923095935645,-0.07984244753607549,-0.24024767196528848,0.20019543971016174,-0.3,1.8034012862117048,11.844328824502458,false,false,0,single_teb,34,0,REVERSE,
20.378,6.1303251293447545,-0.00536603736898732,-0.05866579544483397,-0.26207302127990223,0.218382271203771,-0.3,1.9116242669147312,11.869676083593085,false,false,0,single_teb,34,0,REVERSE,
20.478,6.097713595150144,-0.0038213633907804153,-0.031459722749341855,-0.27801834695389765,0.23166934241536613,-0.3,1.978356654253697,11.902287018295766,false,false,0,single_teb,36,0,REVERSE,
20.578,6.075128906651512,-0.003270181113061093,-0.01263431027772638,-0.28471958734883124,0.23725341494180396,-0.3,2.0970741971930984,11.924871541742613,false,false,0,single_teb,36,0,REVERSE,
20.678,6.0463026364926735,-0.0031829561098640283,0.011386937499105397,-0.29030096559386737,0.241904317868886,-0.3,2.135933802982283,11.953697787276187,false,false,0,single_teb,36,0,REVERSE,
20.778,6.017054370525123,-0.003801304292630882,0.035765191760763225,-0.29384366963387276,0.24485641502754452,-0.28425964502007184,2.18430955674996,11.982946232411518,false,false,0,single_teb,36,0,REVERSE,
20.878,5.987808771260981,-0.005133586898118154,0.060161056155611396,-0.291293810124803,0.24273165005133146,-0.20294786368610748,2.303921713039521,12.012192325695967,false,false,0,single_teb,36,0,REVERSE,
20.978,5.955050834030203,-0.007481774457702499,0.08752874544409794,-0.2586362618917715,0.2155185069005107,-0.10950545969190793,2.369143027892537,12.044951489638533,false,false,0,single_teb,36,0,REVERSE,
21.078,5.932075178974014,-0.009675992416636562,0.10676149286304291,-0.2098088339370545,0.1748311950863467,0.1765162998626021,2.471270060287981,12.067928700102778,false,false,0,single_teb,36,0,REVERSE,
21.178,5.9160706398131495,-0.011471712643995036,0.11877735969479743,-0.13317330791524223,0.09061142991776033,0.07456231298542007,2.5305559394231127,12.083934805442173,false,false,0,single_teb,36,0,REVERSE,
21.278,5.907600983063283,-0.012500124904433599,0.1242014655338863,-0.09257461642207496,0.057315320715705886,0.08831970949648188,2.6442019680996096,12.092405477734145,false,false,0,single_teb,36,0,REVERSE,
21.378,5.899486961999945,-0.013530380540898298,0.1293953383768895,-0.05365423684507015,0.036631176824560595,0.15388130839582614,2.7071461436620043,12.100520602602472,false,false,0,single_teb,36,0,REVERSE,
21.478,5.896078692809997,-0.013977016392761906,0.13185636824895652,-0.03729741697572592,0.027429163717096482,0.17862894414589675,2.7987377830652664,12.103929377174811,false,false,0,single_teb,38,0,REVERSE,
21.578,5.89324089426571,-0.014355862008989197,0.1340334283686886,-0.023674028886894738,0.018383386489695685,0.18318714452081494,2.8593530841974686,12.106767617124492,false,false,0,single_teb,38,0,REVERSE,
21.678,5.89144009715311,-0.014599729250205253,0.13547109399979898,-0.015026768317556347,0.012029049156812948,0.21183366416417765,2.9629562036248482,12.108568704554873,false,false,0,single_teb,38,0,REVERSE,
21.778,5.890124692355741,-0.014779622188946975,0.13654642496736938,-0.008709188517187412,0.007110059555380666,0.22770359329112114,3.0307904031549895,12.10988432661205,false,false,0,single_teb,38,0,NEUTRAL,
21.878,5.889462411548906,-0.014870767785678446,0.13709512679248426,-0.005528039131275361,0.004552735730668366,0.2435116054160254,3.1370379194221023,12.110546718502075,false,false,0,single_teb,38,0,NEUTRAL,
21.978,5.889042065034562,-0.01492881877809485,0.1374456680294241,-0.003508847761947468,0.00290429755086164,0.22170270614412443,3.1985066674274267,12.11096713611809,false,false,0,single_teb,38,0,NEUTRAL,
22.078,5.88877526685658,-0.014965745883679198,0.1376689943611306,-0.002227193463025158,0.001848757186204871,0.2686905595244297,3.2425973959834336,12.111233979667585,false,false,0,single_teb,38,0,NEUTRAL,
22.178,5.8886339304631425,-0.014985333767292032,0.13778754051828093,-0.001548220013191611,0.001286931412503722,0.27584266923545336,3.278979578371154,12.111375340173254,false,false,0,single_teb,38,0,NEUTRAL,
22.278,5.888516215025732,-0.015001661642971642,0.13788638973975892,-0.0009827116269049189,0.0008177228191846132,0.27080644934018083,3.279822388048278,12.111493075733755,false,false,0,single_teb,38,0,NEUTRAL,
22.378,5.888430214675048,-0.015013598274950964,0.13795861064713857,-0.0005695583132633727,0.0004736438682725385,0.2841260642993653,3.286021747942077,12.111579090809318,false,false,0,single_teb,38,0,NEUTRAL,
22.478,5.888394072124766,-0.015018616744826543,0.13798896909008865,-0.00039592500333413997,0.00032949060938553676,0.2841762386420691,3.3007512477589716,12.111615239553783,false,false,0,single_teb,40,0,NEUTRAL,
22.578,5.8883639695740415,-0.015022797440571974,0.13801426957575824,-0.00025130801878523113,0.00020925572888682816,0.282213172773956,3.2895908740712274,12.11164534726621,false,false,0,single_teb,40,0,NEUTRAL,
22.678,5.888344862446175,-0.015025451493561225,0.1380303353074092,-0.00015951435189471468,0.00013286449984019891,0.2675023830767188,3.30299929654132,12.111664457671644,false,false,0,single_teb,40,0,NEUTRAL,
22.778,5.888332734479387,-0.01502713628415984,0.1380405352134262,-0.00010124956849123113,8.434933177592e-05,0.27049021824803565,3.29881435116837,12.111676587719325,false,false,0,single_teb,40,0,NEUTRAL,
22.878,5.8883250364265,-0.015028205749208644,0.13804701019386353,-6.426678852337283e-05,5.354322231355844e-05,0.2801709049837869,3.299531736726867,12.111684287093237,false,false,0,single_teb,40,0,NEUTRAL,
22.978,5.888319412330469,-0.015028987119863344,0.138051741067801,-3.724763467540376e-05,3.103501253857626e-05,0.2662066508742356,3.295980984774327,12.111689912154487,false,false,0,single_teb,40,0,NEUTRAL,
23.078,5.888317048728629,-0.01502931550982956,0.13805372887829123,-2.5892467091826462e-05,2.1565616288845797e-05,0.2388330435139991,3.279380360002624,12.111692276162003,false,false,0,single_teb,40,0,NEUTRAL,
23.178,5.888314782836517,-0.015029630329072903,0.13805563428489326,-1.50067115105731e-05,1.2498815577833541e-05,0.2667935517244939,3.292779722566711,12.11169454244303,false,false,0,single_teb,40,0,NEUTRAL,
23.278,5.888313641871143,-0.015029788854626663,0.13805659331183878,-9.525306324291075e-06,7.924504875317723e-06,0.21983775995547952,3.2966583319575546,12.111695683604244,false,false,0,single_teb,40,0,NEUTRAL,
23.378,5.888313037429591,-0.015029872836115265,0.13805710030583587,-6.6214588574703805e-06,5.496722393479345e-06,0.2648066203650096,3.2790098575307,12.111696288149547,false,false,0,single_teb,40,0,NEUTRAL,
23.478,5.888312533997912,-0.015029942783477811,0.13805752237246452,-4.202881083351159e-06,3.49280442435819e-06,0.28459775500841733,3.301541621294713,12.11169679166764,false,false,0,single_teb,42,0,NEUTRAL,
23.578,5.888312166197079,-0.015029993886281548,0.1380578312103003,-2.4358985842258992e-06,2.0270054144267705e-06,0.2758037803071697,3.2861943629933466,12.111697159531603,false,false,0,single_teb,42,0,NEUTRAL,
23.678,5.888312011623773,-0.015030015362966626,0.13805796111306765,-1.6933001110200582e-06,1.4097587209203674e-06,0.27374228119901717,3.2753751662922967,12.111697314131442,false,false,0,single_teb,42,0,NEUTRAL,
23.778,5.888311882881626,-0.015030033250641622,0.13805806935202225,-1.0747992486600533e-06,8.95162825789962e-07,0.284829597492649,3.300035292711949,12.111697442895686,false,false,0,single_teb,42,0,NEUTRAL,
23.878,5.8910464269336025,-0.014652068457492364,0.1357584684246628,0.06736215946277813,-0.05611573673531183,0.2726742258332351,3.284493723268615,12.108962437706525,false,false,0,single_teb,42,0,FORWARD,
23.978,5.905604446840781,-0.012738450589718434,0.12352539446561413,0.1543502794861249,-0.12859901393481396,0.3023318858874405,3.2827957811279354,12.094402261558896,false,false,0,single_teb,42,0,FORWARD,
24.078,5.92020644043082,-0.010993495172128552,0.11127247475272745,0.19946337068285333,-0.16619451036858382,0.3191022518711553,3.2767603902891227,12.079798562010257,false,false,0,single_teb,42,0,FORWARD,
24.178,5.947644245675323,-0.008193301192779485,0.08829114919183244,0.24883713283891065,-0.20734280499731014,0.35414442250008055,3.2735797769103545,12.052358539264734,false,false,0,single_teb,42,0,FORWARD,
24.278,5.974945762283085,-0.0060203158999742,0.06647389305512719,0.29017157351508344,-0.22232153144828093,0.38716567215918557,3.2742341849438628,12.025055744745513,false,false,0,single_teb,42,0,FORWARD,
24.378,6.006164883462873,-0.004226421552663556,0.04428922371395004,0.32559998532748774,-0.22128882466770114,0.4291678600238383,3.280162701331802,11.993835861196295,false,false,0,single_teb,42,0,FORWARD,
24.478,6.040802709307276,-0.0030058677779130857,0.022028870945980043,0.36089231056110516,-0.22396073917926815,0.4532852834344261,3.2540956148283326,11.959197668445544,false,false,0,single_teb,44,0,FORWARD,
24.578,6.07114235667538,-0.002540630970618958,0.00457818384914299,0.38905886931481476,-0.21491982152088226,0.4703489872699236,3.220374099808553,11.928857913878844,false,false,0,single_teb,44,0,FORWARD,
24.678,6.111707657017726,-0.0027004534657696726,-0.016036346984934235,0.41659153884182076,-0.19794482252515597,0.4730975163529278,3.2346431099395216,11.888292649689438,false,false,0,single_teb,44,0,FORWARD,
24.778,6.163446174802756,-0.00401357848427197,-0.037358602256655646,0.4401962754136055,-0.163208295976234,0.49500000000000005,3.2166067331810884,11.836554505666072,false,false,0,single_teb,44,0,FORWARD,
24.878,6.20869605068446,-0.005985320417412547,-0.05229004438458546,0.4602140801114425,-0.1414734503387219,0.49500000000000005,3.203931218154916,11.791305468403605,false,false,0,single_teb,44,0,FORWARD,
24.978,6.246008369076234,-0.00808335925226712,-0.062155813244577994,0.4708187789956995,-0.11387155632068037,0.49500000000000005,3.201425344903813,11.753994410434384,false,false,0,single_teb,44,0,FORWARD,
25.078,6.303142830120217,-0.0119216570009996,-0.07295926504514755,0.48098508955141245,-0.07392620748444141,0.49500000000000005,3.1826352720251667,11.696863245266817,false,false,0,single_teb,44,0,FORWARD,
25.178,6.351407712776024,-0.01558097168514938,-0.07941843034244923,0.48506837557272325,-0.0574626234482667,0.4830798746197245,3.1822650026755426,11.648602707649212,false,false,0,single_teb,44,0,FORWARD,
25.278,6.399705793183112,-0.01952047859609574,-0.08406542549790366,0.4842369217816435,-0.042655192764425046,0.4818701199756221,3.154740831485568,11.60031063091821,false,false,0,single_teb,44,0,FORWARD,
25.378,6.447896528490927,-0.023665306880768896,-0.08842489209109532,0.48337241527831754,-0.04411194108734557,0.48055853009390187,3.139617473851937,11.55212771151712,false,false,0,single_teb,44,0,FORWARD,
25.478,6.495978496251419,-0.027999765594162496,-0.09171047881564746,0.4826004955724819,-0.022475965351364802,0.48350320423121823,3.1213067108044887,11.50405557816821,false,false,0,single_teb,46,0,FORWARD,
25.578,6.544055136153488,-0.032437588619066884,-0.09196964564005355,0.48293022216982556,0.008392573540018825,0.48293174941591316,3.117188090477269,11.455990787384856,false,false,0,single_teb,46,0,FORWARD,
25.678,6.592146271465988,-0.036849141759037946,-0.09057680646178208,0.4829307800172007,0.016986206116434727,0.48526284171712514,3.103142445162275,11.407913242608208,false,false,0,single_teb,46,0,FORWARD,
25.778,6.640297674805321,-0.04119666050478919,-0.08939800280990984,0.4837825972249673,0.008914272516654182,0.48797460927067,3.1040084121132225,11.359777026063062,false,false,0,single_teb,46,0,FORWARD,
25.878,6.688582344165056,-0.045495692694112966,-0.08765829191745605,0.48531378655662616,0.022094122954884554,0.49500000000000005,3.091341642086728,11.311509149657628,false,false,0,single_teb,46,0,FORWARD,
25.978,6.727372425987356,-0.04887034485506401,-0.0848282245217615,0.48780191256685107,0.045999426732445454,0.49500000000000005,3.072803405468686,11.272733507583528,false,false,0,single_teb,46,0,FORWARD,
26.078,6.776152518252691,-0.05291409684251041,-0.07944107443685529,0.49043111175946397,0.05563811132552585,0.49500000000000005,3.072274952876722,11.223972211083296,false,false,0,single_teb,46,0,FORWARD,
26.178,6.825156064607252,-0.056695286540414676,-0.07296723845362307,0.49209996023966385,0.072268304114836,0.49500000000000005,3.0536336559748,11.174987755514541,false,false,0,single_teb,46,0,FORWARD,
26.278,6.8743137010425315,-0.060126603257109106,-0.06417819711461735,0.49315923914773985,0.09921005321371326,0.4066925792419605,3.042544807860786,11.125848769025632,false,false,0,single_teb,46,0,FORWARD,
26.378,6.9314009012719335,-0.06346347192810854,-0.048590630147063454,0.4616776502533638,0.15573400726682723,0.4017969048832239,3.0350520271753614,11.068781035896995,false,false,0,single_teb,46,0,FORWARD,
26.478,6.97613769749363,-0.06532703619997651,-0.030120306048022516,0.4398053947629414,0.20190219476093313,0.44475046233262494,3.046815969973535,11.024055863713667,false,false,0,single_teb,48,0,FORWARD,
26.578,7.0113906954956,-0.06615823660200343,-0.012119190434836757,0.44131292863603716,0.23709676050640213,0.4467228881126733,3.028515198260278,10.988808459487815,false,false,0,single_teb,48,0,FORWARD,
26.678,7.06450080276773,-0.06612815201810858,0.019185933121451237,0.4434785977732868,0.27571165319537305,0.4582844345406746,3.0037979740595167,10.935699137465193,false,false,0,single_teb,48,0,FORWARD,
26.778,7.100200423343743,-0.06513421746221294,0.042615859343442884,0.44799224700696005,0.30188048165183906,0.46560057326389725,2.98623903406157,10.899994187042502,false,false,0,single_teb,48,0,FORWARD,
26.878,7.154359697465003,-0.06196993863947446,0.08092441026147165,0.4549916252345278,0.3300046149472172,0.460879789653481,2.9911080481456964,10.845817343347912,false,false,0,single_teb,48,0,FORWARD,
26.978,7.190700722741254,-0.05865269669065425,0.1080719085143215,0.45678666790823136,0.3442095725928093,0.4629213778234092,2.9710246268847396,10.809458404757173,false,false,0,single_teb,48,0,FORWARD,
27.078,7.245226034830585,-0.051770370197762636,0.1502403125211758,0.45840080574586395,0.35597742274571814,0.45453132016391834,2.947804087791722,10.754898568239325,false,false,0,single_teb,48,0,FORWARD,
27.178,7.290355090627176,-0.04427194777027399,0.18647331234672182,0.45698742358534356,0.3658333864068337,0.453955467982118,2.9384911368005455,10.709736415533978,false,false,0,single_teb,48,0,FORWARD,
27.278,7.326154741973754,-0.03710783769649053,0.21598249275744372,0.4560631135108752,0.3704234478590383,0.45608968777628667,2.9314388700921383,10.673909760903353,false,false,0,single_teb,48,0,FORWARD,
27.378,7.37052136202715,-0.02667921346447967,0.25326476604291503,0.4558027047970088,0.3742918277311539,0.4553155958214889,2.890681231497823,10.62951211935676,false,false,0,single_teb,48,0,FORWARD,
27.478,7.414463235812069,-0.014599395054904702,0.29084059317938593,0.45567154259532533,0.37653322214033164,0.45245702759956835,2.8893448171691984,10.585546831803745,false,false,0,single_teb,50,0,FORWARD,
27.578,7.466484256831202,0.0020461689647044896,0.3360953155189804,0.4546504429614695,0.37722815825007666,0.47571133660022114,2.8533478027257484,10.533515941906215,false,false,0,single_teb,50,0,FORWARD,
27.678,7.5096205949840655,0.017858517340901624,0.37426223142525095,0.46191042843952057,0.3839558654073204,0.47073095086812483,2.834775813422123,10.490394605915647,false,false,0,single_teb,50,0,FORWARD,
27.778,7.543985839694294,0.03181726764091006,0.4051135605568956,0.46459941825657447,0.38653327380604596,0.46904190327211426,2.802850850723213,10.456062569582949,false,false,0,single_teb,50,0,FORWARD,
27.878,7.586499131794095,0.05083406451514403,0.4438798920667712,0.4663241274007867,0.38822990513715216,0.4622337436074711,2.779029113257203,10.41362494207662,false,false,0,single_teb,50,0,FORWARD,
27.978,7.628253564599267,0.07148988372833781,0.48267481277718827,0.4652413231378692,0.38747828751925795,0.459639725398187,2.7507313050799422,10.371992813520617,false,false,0,single_teb,50,0,FORWARD,
28.078,7.669023632868624,0.0936642271633582,0.5213355287971027,0.46335196166732995,0.38599036519263596,0.45474994066940155,2.7325237065444274,10.331400954646815,false,false,0,single_teb,50,0,FORWARD,
28.178,7.716495984275661,0.12215645627103079,0.5674661070411676,0.4600051966248521,0.3832580701443038,0.4508903070235989,2.6992982420562566,10.284229530753743,false,false,0,single_teb,50,0,FORWARD,
28.278,7.754725735779614,0.1473526131207938,0.6056170358159638,0.4566758594081344,0.3805090658998032,0.44897127375233387,2.659202868548131,10.246333858590111,false,false,0,single_teb,50,0,FORWARD,
28.378,7.784422501656725,0.1684189291711537,0.6359561026456118,0.45432706969179265,0.37856396888897426,0.4655996146001956,2.6187315372182,10.216965721796301,false,false,0,single_teb,50,0,FORWARD,
28.478,7.820589182957454,0.195976503443614,0.6738456721313464,0.456339971017778,0.38025034270354424,0.4578200743348144,2.5597888531280697,10.1812971360247,false,false,0,single_teb,52,0,FORWARD,
28.578,7.85587911419264,0.2250483834205857,0.7119470619393412,0.4573505415078617,0.3810976685626489,0.45277976824812294,2.538061291177386,10.146616939687501,false,false,0,single_teb,52,0,FORWARD,
28.678,7.889992122596452,0.25540316583923,0.7499991929100536,0.45598547683640356,0.3799632047064965,0.4504431717984526,2.46512591299111,10.113233412627363,false,false,0,single_teb,52,0,FORWARD,
28.778,7.922808691148961,0.2869179464507342,0.7879143933710655,0.4542568035686326,0.37852445606701746,0.4649998869562447,2.428310063330331,10.08127504749168,false,false,0,single_teb,52,0,FORWARD,
28.878,7.960652835446285,0.32642642964488117,0.8335065796272129,0.45724126523655667,0.38101249029769063,0.45660807318081603,2.368566797630774,10.044652592519235,false,false,0,single_teb,52,0,FORWARD,
28.978,7.990861693675264,0.36072705186793147,0.8715955997242184,0.4570099832387783,0.38082027576256927,0.44979036177455417,2.3353825984970817,10.015636457114772,false,false,0,single_teb,52,0,FORWARD,
29.078,8.013998385815793,0.38888537471859463,0.9019653753141477,0.4548090378007478,0.3789865023602222,0.4600488541612579,2.2490036767866806,9.993570937015438,false,false,0,single_teb,52,0,FORWARD,
29.178,8.047066721248727,0.4323978278131241,0.9475100769928552,0.45644613105303533,0.38035088469750167,0.45976994049777303,2.2010990502680507,9.962321452993377,false,false,0,single_teb,52,0,FORWARD,
29.278,8.073184508934874,0.46992257526223075,0.9856095373355803,0.4576601975935803,0.38136264759547783,0.45779358587586644,2.1801715933763424,9.937932029370678,false,false,0,single_teb,52,0,FORWARD,
29.378,8.097878906664736,0.5084550976607031,1.023748388725355,0.45770891947523956,0.38140330222954894,0.45747503913586846,2.1216131293260494,9.91516660139467,false,false,0,single_teb,52,0,FORWARD,
29.478,8.12108545694762,0.5479000253854498,1.0618861310095828,0.45764273412015083,0.3813481824900885,0.45421066310148067,2.0990589978541103,9.894096572540072,false,false,0,single_teb,54,0,FORWARD,
29.578,8.138539671091282,0.5800419529316402,1.0923650017748103,0.4568124059889309,0.38065629534226486,0.45330072849121716,2.0437069173158195,9.87850436482169,false,false,0,single_teb,54,0,FORWARD,
29.678,8.16280511410448,0.6290888642459204,1.13796737630706,0.4559773238601199,0.3799604446975049,0.460103006290022,2.007889595681752,9.857289486578306,false,false,0,single_teb,54,0,FORWARD,
29.778,8.181335840849039,0.6708533970667172,1.1760433151715814,0.4574842853987811,0.38121618369355326,0.4563226364672027,1.9819866183710335,9.841555270918903,false,false,0,single_teb,54,0,FORWARD,
29.878,8.195016487774007,0.7047776686597976,1.2065251860565276,0.45713014966892046,0.38092108951523157,0.45438084813374824,1.9555490973901986,9.830280425159046,false,false,0,single_teb,54,0,FORWARD,
29.978,8.21355587470681,0.7563254464914776,1.2521768186913023,0.4560813890184127,0.3800471723083739,0.4532652669943306,1.9286115984109493,9.815626154173565,false,false,0,single_teb,54,0,FORWARD,
30.078,8.22716344196445,0.7997849913163659,1.2901270016746271,0.45505276220319535,0.37919003099808724,0.4523158581582318,1.9111166416456298,9.8055081674746,false,false,0,single_teb,54,0,FORWARD,
30.178,8.23683733443251,0.8348337427834411,1.32042586453996,0.45421840038769856,0.37849476780632635,0.45193991592689736,1.863369315173469,9.798790364755272,false,false,0,single_teb,54,0,FORWARD,
30.278,8.249323982298767,0.8878116695055135,1.3657851492277087,0.45326047602892644,0.3776965413503179,0.452613991283827,1.8331864588159408,9.791010793717069,false,false,0,single_teb,54,0,FORWARD,
30.378,8.25787680515719,0.9323055334648185,1.403542284172344,0.4530243386958309,0.37749977114239847,0.4512981137749261,1.7826414662674348,9.786631593721275,false,false,0,single_teb,54,0,FORWARD,
30.478,8.263500940825807,0.968079288257232,1.4337193456655675,0.4524980885477439,0.37706125328085255,0.4534794970863714,1.7590149003342073,9.78450772587219,false,false,0,single_teb,56,0,FORWARD,
30.578,8.26990807841405,1.022026462360756,1.47899257746748,0.45291069401476897,0.37740507257784744,0.4593273093311947,1.7008973405851509,9.783620336678945,false,false,0,single_teb,56,0,FORWARD,
30.678,8.27338720187217,1.0673206451889492,1.5168490266410153,0.45475545619702595,0.3789422909139333,0.45358510197164875,1.668083443098923,9.784997183665954,false,false,0,single_teb,56,0,FORWARD,
30.778,8.2751499939794,1.1127321834858996,1.5547205917755236,0.45432796842155626,0.37858607047872656,0.4527377788626205,1.616403642053795,9.78830325193106,false,false,0,single_teb,56,0,FORWARD,
30.878,8.275192872897861,1.1581254062177895,1.5925484047371392,0.45374713008869566,0.3781020648455277,0.45073745333781423,1.5852957745638396,9.793524805495908,false,false,0,single_teb,56,0,FORWARD,
30.978,8.27352350898624,1.203401203363674,1.6303039755589965,0.4528666278243239,0.37736835283114656,0.4532555758599532,1.5283215845742972,9.800638723394535,false,false,0,single_teb,56,0,FORWARD,
31.078,8.270959160381476,1.2395445854988616,1.6604986081000452,0.45298520099452283,0.3774671584415167,0.4510451267175053,1.4637205897665633,9.807686089919715,false,false,0,single_teb,56,0,FORWARD,
31.178,8.266224248137254,1.2845632738611703,1.6982212102035028,0.45241009024405776,0.3769879255238966,0.45368181485959885,1.4183530112328482,9.818171580905688,false,false,0,single_teb,56,0,FORWARD,
31.278,8.259800276517767,1.3293374364913872,1.7359151830804338,0.45254089521825197,0.37709692374841214,0.4514339108114779,1.3971334248815739,9.83049483359718,false,false,0,single_teb,56,0,FORWARD,
31.378,8.249873744772074,1.382687180072918,1.7811376208810614,0.4520754949285976,0.37670911124588796,0.44992678995642427,1.3653023095370502,9.847679210393833,false,false,0,single_teb,56,0,FORWARD,
31.478,8.239782065899211,1.4267001003795008,1.8187669222443084,0.45129065125582074,0.3760551103864206,0.45276298361338774,1.2996998603241714,9.86394075902555,false,false,0,single_teb,58,0,FORWARD,
31.578,8.228045877721906,1.4702877382000132,1.8563836800276627,0.45165711325009633,0.3763604787902361,0.4494720764696361,1.2555072876817954,9.881944818759571,false,false,0,single_teb,58,0,FORWARD,
31.678,8.214687330759896,1.5133769035776363,1.8939774145783423,0.4508589988909182,0.375695419625954,0.45294889115499865,1.1996761881821232,9.901649038774963,false,false,0,single_teb,58,0,FORWARD,
31.778,8.202836851071831,1.5474771951451323,1.924060796998272,0.4514961152366153,0.3762263210684661,0.45576544428798255,1.1616039597504215,9.918623464786348,false,false,0,single_teb,58,0,FORWARD,
31.878,8.186552573687033,1.589669431716117,1.9617489593670465,0.45288540469461863,0.3773839993830082,0.45397522087634273,1.0804725663894608,9.941368079451703,false,false,0,single_teb,58,0,FORWARD,
31.978,8.168655092067356,1.6312962564631375,1.999508463641146,0.453283474855852,0.3777157064946502,0.4511900760908381,1.0568851200605875,9.965764906673435,false,false,0,single_teb,58,0,FORWARD,
32.078,8.149197534361992,1.6722206007596498,2.037270600183833,0.4528713315011871,0.37737227235903475,0.47095060652544185,0.9873468382421289,9.991728126536712,false,false,0,single_teb,58,0,FORWARD,
32.178,8.123651078722242,1.7206406362983095,2.0828935988166952,0.4593822973179488,0.38279778242032364,0.4653210986067188,0.935792817437834,10.02511207987748,false,false,0,single_teb,58,0,FORWARD,
32.278,8.10522876724664,1.7525481318305598,2.1135962747120343,0.46119277694886285,0.3843064334760555,0.4569189294833805,0.8967495101334517,10.048777174507663,false,false,0,single_teb,58,0,FORWARD,
32.378,8.080824335101788,1.791633456505576,2.1519953021526548,0.4601392502295086,0.38342854224201733,0.45365697113240405,0.8459410804154341,10.079682351819377,false,false,0,single_teb,58,0,FORWARD,
32.478,8.04975153766543,1.8370232943550193,2.1978357785688942,0.45741395929410666,0.38115758985092213,0.46420030956366637,0.7791002885311736,10.118403977218662,false,false,0,single_teb,60,0,FORWARD,
32.578,8.027878463151959,1.8664928057208376,2.2284184925140926,0.45948281937779384,0.3828815462523716,0.4573712467627931,0.7517974273174896,10.145294640348116,false,false,0,single_teb,60,0,FORWARD,
32.678,7.993362827311505,1.9094592891704434,2.274347462324346,0.45843298702996527,0.3820067334940048,0.45117142859846693,0.705268611094345,10.187189125702464,false,false,0,single_teb,60,0,FORWARD,
32.778,7.969395709310254,1.9370642854628983,2.304811584600948,0.4562192568528367,0.3801620585737278,0.4643603332504582,0.6920223886828044,10.215930720322032,false,false,0,single_teb,60,0,FORWARD,
32.878,7.931858348913792,1.977110315191002,2.3505533155579563,0.45891446675317743,0.38240794479753626,0.4633316769095369,0.6617188942570971,10.260430863505274,false,false,0,single_teb,60,0,FORWARD,
32.978,7.905697625889275,2.002966576457802,2.3812046012949217,0.4602610800888818,0.3835300616089478,0.4703538255186546,0.6478703525291126,10.29110370788209,false,false,0,single_teb,60,0,FORWARD,
33.078,7.871763166537189,2.0342643428853973,2.4196746301564342,0.4630588414371384,0.3858614027296369,0.4697025287787668,0.6695097450419648,10.330508834101432,false,false,0,single_teb,60,0,FORWARD,
33.178,7.829197879453681,2.0703026789243664,2.4661532037449305,0.46585199190452137,0.38818890165835707,0.4407183044526748,0.6755348304457343,10.37937228148557,false,false,0,single_teb,60,0,FORWARD,
33.278,7.800162584167797,2.0930200005796262,2.4968745996706665,0.45818983468310104,0.3818041175470842,0.4381758004637906,0.6757179047974295,10.412368416082716,false,false,0,single_teb,60,0,FORWARD,
33.378,7.763494380297502,2.1197383493554542,2.5341948065031,0.451033023206461,0.36663000751354197,0.45001798101756135,0.6596366248259716,10.453675811499465,false,false,0,single_teb,60,0,FORWARD,
33.478,7.71862470800243,2.149762733501737,2.5756801018678717,0.44995308476756646,0.3300891887633664,0.45453419502295367,0.657707961756387,10.503721136114141,false,false,0,single_teb,62,0,FORWARD,
33.578,7.680256863322954,2.173468271566205,2.6059827356780643,0.45164206187392597,0.2847214188487344,0.45471445392242027,0.6633537379175665,10.546139707708123,false,false,0,single_teb,62,0,FORWARD,
33.678,7.648995927395489,2.1916815409779002,2.6269535860560858,0.4525786992442485,0.2506040657495372,0.4591574340458021,0.6549836259444721,10.580489274515541,false,false,0,single_teb,62,0,FORWARD,
33.778,7.609288651252302,2.2136459573437026,2.6494538619137855,0.45471328211287865,0.2078334130498875,0.45970534152467346,0.6443115798797339,10.623893389782218,false,false,0,single_teb,62,0,FORWARD,
33.878,7.5689529566802864,2.2348783806057337,2.667439702295881,0.4565036018842813,0.1609742348869497,0.4699740937541699,0.6409206716384619,10.667775016190014,false,false,0,single_teb,62,0,FORWARD,
33.978,7.5280068534919495,2.2555937846833927,2.681027885978409,0.46080357223588136,0.12009485397392461,0.46481375587091384,0.6225370603166895,10.712158689172501,false,false,0,single_teb,62,0,FORWARD,
34.078,7.486526137728091,2.27596074502974,2.6904642134448875,0.46258006943061275,0.0769905854281266,0.4714248747314193,0.615849377923376,10.7570037633902,false,false,0,single_teb,62,0,FORWARD,
34.178,7.444704953323456,2.2960942760895753,2.695803608160782,0.46541139346346344,0.038421220318708885,0.4721344731374676,0.6102403335410689,10.802143419112973,false,false,0,single_teb,62,0,FORWARD,
34.278,7.402558099617234,2.3161891323885344,2.697097663292134,0.46782422454851486,-0.004547966395561227,0.4665998094165459,0.6265272787828302,10.847603741333062,false,false,0,single_teb,62,0,FORWARD,
34.378,7.351895971644379,2.3403923715584383,2.6931327491196027,0.46761473558848254,-0.05161024710693949,0.4629972602760553,0.6024917660588462,10.902272967208818,false,false,0,single_teb,62,0,FORWARD,
34.478,7.309911755860001,2.3607375771632317,2.685418349882816,0.46592814002041055,-0.091261384890836,0.4616089751432078,0.6113460653283662,10.947651281244337,false,false,0,single_teb,64,0,FORWARD,
34.578,7.276563299767868,2.3772335227421566,2.67640266755647,0.464611416383349,-0.1237851202346409,0.4574248421321116,0.6038083536362595,10.983775939335912,false,false,0,single_teb,64,0,FORWARD,
34.678,7.227054077136973,2.402515863135249,2.658679504572257,0.462073566516502,-0.16543006988402054,0.45364017686329283,0.6060593859088892,11.037592415447657,false,false,0,single_teb,64,0,FORWARD,
34.778,7.186461824371377,2.4241781877728084,2.639704068981737,0.4589931564112989,-0.2032379475158785,0.450560341421628,0.6030311672734809,11.081933394577458,false,false,0,single_teb,64,0,FORWARD,
34.878,7.154503619852007,2.4419857582246776,2.6219751595310856,0.4564223615610088,-0.231122960767473,0.4454347132566333,0.5799395383894637,11.117017863400928,false,false,0,single_teb,64,0,FORWARD,
34.978,7.107565425255119,2.4696106729386305,2.591331215459573,0.4520856356654857,-0.2717922209136596,0.441729504503994,0.6247425432788363,11.168890179466807,false,false,0,single_teb,64,0,FORWARD,
35.078,7.077040545147649,2.4886975851069697,2.56804840640681,0.44892850620260744,-0.30101201288725976,0.454654343979574,0.6223019583456156,11.202886187160237,false,false,0,single_teb,64,0,FORWARD,
35.178,7.039609284322192,2.5135487013900057,2.536086284918957,0.4502391888507173,-0.33143331195621156,0.4552649788404926,0.6309828384153483,11.244914037669458,false,false,0,single_teb,64,0,FORWARD,
35.278,6.995596312494096,2.5451431510215103,2.4945947796746126,0.4523184586454424,-0.35406784062077135,0.4586932639402517,0.6439876226193118,11.294895049392235,false,false,0,single_teb,64,0,FORWARD,
35.378,6.959791206693666,2.5730110259826406,2.4584525629282448,0.4543683584968076,-0.3653779998889503,0.45548743361281036,0.6332451370960879,11.336074979446225,false,false,0,single_teb,64,0,FORWARD,
35.478,6.924961989485613,2.602220361479922,2.4215353948795153,0.45456501011508643,-0.371157401552083,0.45304661066246116,0.634975422136791,11.376643518368638,false,false,0,single_teb,66,0,FORWARD,
35.578,6.891267517965225,2.632675903523758,2.3842398921488996,0.4540103940935414,-0.37394277044231955,0.45848072493887426,0.6630995099274214,11.416432006998033,false,false,0,single_teb,66,0,FORWARD,
35.678,6.858681508249785,2.6644241175496948,2.346645776462323,0.45527647997857373,-0.3768543625579044,0.4542601703800252,0.6584241215912398,11.455484870261746,false,false,0,single_teb,66,0,FORWARD,
35.778,6.833482135967554,2.690697463022413,2.316463154864537,0.4549666518268297,-0.3775013903731807,0.4532640791740539,0.6848336359523075,11.486120931161702,false,false,0,single_teb,66,0,FORWARD,
35.878,6.7972356867273245,2.7314627147883592,2.2711380442982123,0.45446620347526595,-0.3778716457274744,0.45510998202159153,0.6765074631236332,11.530950386720722,false,false,0,single_teb,66,0,FORWARD,
35.978,6.768467433337283,2.7666608187172375,2.233315658582275,0.45470135233250625,-0.3784208656737767,0.45364606535439433,0.6856854554821759,11.567270027185774,false,false,0,single_teb,66,0,FORWARD,
36.078,6.746430233644327,2.7955790725120893,2.2030469709989395,0.4543796416899472,-0.3783238934738153,0.4547722280973038,0.6895406147502201,11.595606704131615,false,false,0,single_teb,66,0,FORWARD,
36.178,6.715046584671853,2.8401652644598068,2.1576342913625006,0.4544825765006425,-0.37855814086914114,0.4539100593695759,0.7009496118746246,11.636868664532157,false,false,0,single_teb,66,0,FORWARD,
36.278,6.690464888087924,2.8783730979528093,2.119785256686908,0.4542734568431311,-0.37845074131102685,0.4529059518141439,0.7043623354158843,11.670073527557165,false,false,0,single_teb,66,0,FORWARD,
36.378,6.667366191369101,2.9174495838255248,2.0819641914524514,0.45377395705912604,-0.3780728914903968,0.455568564435773,0.7290763129536083,11.70214087740734,false,false,0,single_teb,66,0,FORWARD,
36.478,6.645750737801288,2.95739242608627,2.044120737978986,0.45442946177611626,-0.3786410362650842,0.4528948121083936,0.7316436042133739,11.733079147010491,false,false,0,single_teb,68,0,FORWARD,
36.578,6.629558430923093,2.9899128298585276,2.013861904027791,0.4539616145071304,-0.3780224665747448,0.4605380072037508,0.7375478645823734,11.75697751150119,false,false,0,single_teb,68,0,FORWARD,
36.678,6.610658801205319,3.0313528598588713,1.9759252714951012,0.45636373125395296,-0.38013343806480826,0.4551920561245858,0.7532343138996532,11.785847152561264,false,false,0,single_teb,68,0,FORWARD,
36.778,6.590045144657854,3.08204839083784,1.9305531181880968,0.45608251871018496,-0.37699858676668946,0.4576245863110513,0.7688918735704864,11.818887091617889,false,false,0,single_teb,68,0,FORWARD,
36.878,6.5746224757107194,3.125005206627114,1.8929267181755731,0.45664577984431354,-0.37586393122652634,0.45663219829078006,0.7786238786389141,11.845037320075496,false,false,0,single_teb,68,0,FORWARD,
36.978,6.563447590943567,3.1597841510815172,1.8630015676417788,0.4566416394252571,-0.37313669673591965,0.4625335709539679,0.7833229925356353,11.865031263613277,false,false,0,single_teb,68,0,FORWARD,
37.078,6.550920380236038,3.203791319233602,1.825936465321465,0.4584372602098225,-0.36889672578513744,0.4584121766168357,0.7887959368157461,11.888889895902437,false,false,0,single_teb,68,0,FORWARD,
37.178,6.538009984612226,3.257297799165925,1.7818792451535528,0.4586540429689682,-0.3662227891033644,0.46018235640555977,0.8171164419374908,11.9158383702239,false,false,0,single_teb,68,0,FORWARD,
37.278,6.529051980977325,3.3023136041874226,1.745257376086933,0.4592122802077993,-0.36622183607668773,0.4600097625272461,0.8127184094065976,11.93683055067473,false,false,0,single_teb,68,0,FORWARD,
37.378,6.521738493161533,3.3476650203999645,1.7089022109430443,0.4595035714556323,-0.3620818062438039,0.4622772849338181,0.8167493965349639,11.956477253279044,false,false,0,single_teb,68,0,FORWARD,
37.478,6.516063862361259,3.3933331239724143,1.6727678406850688,0.46086199511439857,-0.35960649758315477,0.46625070250549894,0.8353145715405255,11.97478596483517,false,false,0,single_teb,70,0,FORWARD,
37.578,6.512016130345472,3.43936459271139,1.6372746687153286,0.4628302936733549,-0.35237007582630187,0.46506164821174717,0.8345696963955871,11.991788948736524,false,false,0,single_teb,70,0,FORWARD,
37.678,6.509589185911422,3.485643096117891,1.602124650146266,0.4641206847328689,-0.3502324429603398,0.4705318717840266,0.8428042023229194,12.007466363477269,false,false,0,single_teb,70,0,FORWARD,
37.778,6.508779518614661,3.532194865009324,1.567401838863383,0.4664624578740184,-0.34558811343417306,0.46523263609945065,0.8451567400054375,12.021836328789712,false,false,0,single_teb,70,0,FORWARD,
37.878,6.5092931225224016,3.569487612669734,1.5397136370062148,0.46608753923905416,-0.34636529674568906,0.47041002294302603,0.8425106020934652,12.032355810942166,false,false,0,single_teb,70,0,FORWARD,
37.978,6.51200392721593,3.62548543913748,1.4982900907210424,0.4679048052778026,-0.34454844469327417,0.46677911994988586,0.8438005320087123,12.046501502000492,false,false,0,single_teb,70,0,FORWARD,
38.078,6.516036761925293,3.672096912324928,1.4638440116304328,0.468669441970345,-0.3425929330681837,0.48030982464916566,0.8473090421361587,12.05677018885894,false,false,0,single_teb,70,0,FORWARD,
38.178,6.521703456237464,3.7188903531902184,1.4301688244396928,0.4729212498325165,-0.3335558125162497,0.46790971339280585,0.8370660286866434,12.065713282089966,false,false,0,single_teb,70,0,FORWARD,
38.278,6.527369448006606,3.7562155417593233,1.4033980558505514,0.47139345252082043,-0.33517991122319796,0.46720454739773914,0.8439275601887224,12.071884980345304,false,false,0,single_teb,70,0,FORWARD,
38.378,6.537721466720688,3.811688648686434,1.3620130687990888,0.46963234581896746,-0.3504026675122808,0.4550678694389068,0.827015319752752,12.079437053480628,false,false,0,single_teb,70,0,FORWARD,
38.478,6.548031820380772,3.8571627613575217,1.3262857112603046,0.4646075036739339,-0.361628579981079,0.45846295673059706,0.8200958710633524,12.084092012005476,false,false,0,single_teb,72,0,FORWARD,
38.578,6.55989767035241,3.901925287578267,1.2895481306074505,0.4620175492506322,-0.37034039155487103,0.4544862242650978,0.8211564916053224,12.087223099730185,false,false,0,single_teb,72,0,FORWARD,
38.678,6.573349523643763,3.946013358758489,1.2525075130706174,0.46278724860835546,-0.36174412404716466,0.49500000000000005,0.8108559939125556,12.088811460863829,false,false,0,single_teb,72,0,FORWARD,
38.778,6.588671873509488,3.990470440773167,1.2196013570993096,0.47446509001752746,-0.3103823047804444,0.49398384064691064,0.8058245080390383,12.088931464323796,false,false,0,single_teb,72,0,FORWARD,
38.878,6.605683708685386,4.035247998823897,1.190664506445219,0.4816828822901541,-0.2743854803220735,0.49500000000000005,0.7960922281429295,12.087748763046404,false,false,0,single_teb,72,0,FORWARD,
38.978,6.624125163897092,4.0800513091474215,1.1651815989922807,0.4852325296684978,-0.2553140450218175,0.47987201885324526,0.7820737260260988,12.085418775199932,false,false,0,single_teb,72,0,FORWARD,
39.078,6.6396965657511275,4.115515871940955,1.1430126739748572,0.4835983453995846,-0.28844263437813056,0.4832846274829821,0.7809613636751032,12.082796241367504,false,false,0,single_teb,72,0,FORWARD,
39.178,6.660262922308627,4.159247095461337,1.1134201739708744,0.4832776084818444,-0.2969794295558604,0.48136279817905275,0.7768605010367836,12.07845078610134,false,false,0,single_teb,72,0,FORWARD,
39.278,6.686593868320356,4.210880155436375,1.0804025007792342,0.48323548283789597,-0.2598797017724464,0.4889220971875979,0.7770408648284792,12.071647359982581,false,false,0,single_teb,72,0,FORWARD,
39.378,6.7098508894508555,4.253379916713596,1.0547431121782127,0.4849452502785454,-0.25367310452151165,0.4846948393194955,0.7695187422493476,12.064771346956237,false,false,0,single_teb,72,0,FORWARD,
39.478,6.73419730672945,4.295311884965318,1.0299204572602771,0.4848537842749062,-0.24522524511739593,0.4831763524359316,0.7685098098530077,12.05686586608752,false,false,0,single_teb,74,0,FORWARD,
39.578,6.754403565582764,4.328389360921589,1.0097415734556117,0.48434240899409775,-0.2558601899300891,0.42577461474338074,0.7614350806874892,12.049829609812617,false,false,0,single_teb,74,0,FORWARD,
39.678,6.784996601988154,4.375610146251621,0.9750779832880572,0.45971923612743415,-0.3078531562581027,0.4467506123013208,0.761349738278623,12.038366391225901,false,false,0,single_teb,74,0,FORWARD,
39.778,6.811109660667698,4.413090455892848,0.9424934928709127,0.455552415109159,-0.33607912316489535,0.4533115980479848,0.7509867651200242,12.027744360331917,false,false,0,single_teb,74,0,FORWARD,
39.878,6.838357849955131,4.449530490982931,0.9077505154788407,0.4547339262448948,-0.35372931616643694,0.45236111491946546,0.7705984717991308,12.015846914630906,false,false,0,single_teb,74,0,FORWARD,
39.978,6.866829480565526,4.484928487416244,0.8717272810677712,0.4544438092154864,-0.36414518792970213,0.45899620450627754,0.7718139297153905,12.002585944372264,false,false,0,single_teb,74,0,FORWARD,
40.078,6.896649414801655,4.519357615423383,0.8348300423003031,0.45610663342180013,-0.37166610592733035,0.45632519503926566,0.7573667986388202,11.987868345703074,false,false,0,single_teb,74,0,FORWARD,
40.178,6.921446966055302,4.546128040896579,0.8049353847559272,0.45617326325790347,-0.37472606018297777,0.4528215908931295,0.7657281033054042,11.975041440018128,false,false,0,single_teb,74,0,FORWARD,
40.278,6.953518422353844,4.578490971741521,0.7673580622457942,0.45516066340800415,-0.37618566315973423,0.45092477227407746,0.7610133759036708,11.957731173746735,false,false,0,single_teb,74,0,FORWARD,
40.378,6.993434763952269,4.615569739354654,0.7222119683522503,0.45337980276659856,-0.3762121121350101,0.45569200917026687,0.7607846452331795,11.935156568483752,false,false,0,single_teb,74,0,FORWARD,
40.478,7.027940825378105,4.645057113486738,0.684502644790757,0.4542243675577517,-0.3775889327984229,0.45384424149586816,0.7667659742827411,11.914807514977245,false,false,0,single_teb,76,0,FORWARD,
40.578,7.0635503903237815,4.673233927028338,0.6467278040744779,0.4539831231186988,-0.37777629175317323,0.4526658861855094,0.753583453416347,11.89306711499249,false,false,0,single_teb,76,0,FORWARD,
40.678,7.100163226363918,4.700019998621899,0.6089613171280055,0.45350198443937795,-0.377598323484928,0.45145698389890543,0.7762724353409065,11.869988613278247,false,false,0,single_teb,76,0,FORWARD,
40.778,7.137709812939834,4.725370510735553,0.5712301205678728,0.4529184496152559,-0.3772399245164428,0.4533376598903306,0.7610106340900111,11.845609928223737,false,false,0,single_teb,76,0,FORWARD,
40.878,7.1761823190555365,4.749284236931012,0.5334933006324062,0.45307157186154673,-0.3774406303564683,0.4516880872730063,0.7614288522339119,11.819929354843342,false,false,0,single_teb,76,0,FORWARD,
40.978,7.20757755874316,4.767350797986378,0.5033145512093778,0.4526498081847636,-0.37712458087074624,0.46730327544311756,0.7578028632736458,11.798475146458781,false,false,0,single_teb,76,0,FORWARD,
41.078,7.247753312532019,4.788684879924884,0.4654116717344749,0.4570589114834075,-0.380825176390998,0.46942979275866004,0.776575346145655,11.770399810855508,false,false,0,single_teb,76,0,FORWARD,
41.178,7.2891638393813505,4.8086926629628035,0.427088603244578,0.46157754387887084,-0.3846058732721533,0.45544993556221836,0.7724664083972621,11.740763875764147,false,false,0,single_teb,76,0,FORWARD,
41.278,7.3313308015409255,4.827107623223085,0.38874609124998355,0.45933935172179907,-0.3827499020514974,0.45487997194901497,0.7708186975970912,11.709887722447547,false,false,0,single_teb,76,0,FORWARD,
41.378,7.382600158999367,4.846972744617734,0.34292621268699874,0.45767874870142927,-0.38137204869958524,0.45698331456101365,0.77305532850151,11.671431967447159,false,false,0,single_teb,76,0,FORWARD,
41.478,7.425915026385745,4.861696811486479,0.3048023048907167,0.45742473193690986,-0.3811630187163838,0.4640273340413785,0.7719077006710047,11.638185808622948,false,false,0,single_teb,78,0,FORWARD,
41.578,7.469898429254623,4.874798296068547,0.26655804673922595,0.4598364220259005,-0.38317415279161404,0.45745791697217686,0.7671624556911463,11.603736360223248,false,false,0,single_teb,78,0,FORWARD,
41.678,7.514380562036204,4.88621569789043,0.22828800029463092,0.45888571553368146,-0.38238281509067856,0.4565151563966876,0.778263436938827,11.568202921980363,false,false,0,single_teb,78,0,FORWARD,
41.778,7.550193628296025,4.894105011347707,0.1977288282782879,0.45816303618767934,-0.3817810366190208,0.455525051422397,0.77327824987297,11.539095158122395,false,false,0,single_teb,78,0,FORWARD,
41.878,7.595193472588085,4.902408754618519,0.15959576148540988,0.4572592862011308,-0.3810282731079023,0.45402246245779104,0.7679338590038294,11.501895951113184,false,false,0,single_teb,78,0,FORWARD,
41.978,7.649420240736915,4.910082510010399,0.11395522195604126,0.4560479373945189,-0.38001908018560165,0.4557426400753496,0.7748102104155952,11.456151692779589,false,false,0,single_teb,78,0,FORWARD,
42.078,7.694793144693865,4.914578018078253,0.07595921999140143,0.4559364234024312,-0.37992625068269725,0.45380064816690147,0.7701287871983007,11.417108452950183,false,false,0,single_teb,78,0,FORWARD,
42.178,7.731156772105607,4.916929361577126,0.04559347560903098,0.4552853193543046,-0.3793837388370486,0.4524905303630226,0.7771430343093705,11.385312274409156,false,false,0,single_teb,78,0,FORWARD,
42.278,7.7857075031242955,4.9183832083602725,0.00011705915456628954,0.45555449326219627,-0.37960807751788417,0.4691093544114535,0.7724877006199315,11.336766055450363,false,false,0,single_teb,78,0,FORWARD,
42.378,7.822364156263928,4.917967553490492,-0.03043156446741516,0.45968677498325744,-0.38305147317606913,0.46984063639161583,0.7782546578282554,11.303569180789161,false,false,0,single_teb,78,0,FORWARD,
42.478,7.868512217892592,4.915851083783442,-0.06892889085991429,0.46335143583972493,-0.3861052026249709,0.4574662240626473,0.7752342799686907,11.261111692764908,false,false,0,single_teb,80,0,FORWARD,
42.578,7.914543697979674,4.91196013648524,-0.10742544418041645,0.4612017823107347,-0.38431392866969666,0.46694430921092656,0.7761988936299522,11.218011463819316,false,false,0,single_teb,80,0,FORWARD,
42.678,7.969630439562613,4.904970196029857,-0.15200722669268685,0.4639663633260079,-0.3628547341831496,0.4709753892933336,0.7623948501362108,11.165439809648792,false,false,0,single_teb,80,0,FORWARD,
42.778,8.006366483586852,4.898939177171363,-0.18034441974490953,0.4661031074481571,-0.3497841549105673,0.48100663833818724,0.7604557399731636,11.129794064671668,false,false,0,single_teb,80,0,FORWARD,
42.878,8.061668142669866,4.88786217109352,-0.22167992959795707,0.47236887555712737,-0.3414782952549644,0.47891798297102445,0.7377428119966256,11.075271405705148,false,false,0,single_teb,80,0,FORWARD,
42.978,8.098546775127655,4.879154202267872,-0.24879021157832398,0.47436541071582183,-0.337548685547752,0.49500000000000005,0.7387701913663219,11.038338719836569,false,false,0,single_teb,80,0,FORWARD,
43.078,8.14482283746828,4.866733606724582,-0.2821578414548682,0.48190247469145725,-0.3315751880196321,0.48460736084396977,0.7288708305987035,10.99134263426035,false,false,0,single_teb,80,0,FORWARD,
43.178,8.200187883334044,4.849692382160188,-0.32143286831148904,0.48394278048198364,-0.32495420863337066,0.49500000000000005,0.7024525267997119,10.934159031381219,false,false,0,single_teb,80,0,FORWARD,
43.278,8.246131423755909,4.833729223233627,-0.35377454123941793,0.4874091984508767,-0.32280698455625345,0.4884132756412564,0.6979792444076269,10.885903288482067,false,false,0,single_teb,80,0,FORWARD,
43.378,8.291651988928153,4.816246874074799,-0.3860409792931622,0.4877759512810952,-0.32258856587871426,0.49500000000000005,0.6660168172361,10.837354615224045,false,false,0,single_teb,80,0,FORWARD,
43.478,8.33675586589619,4.797244017101472,-0.4175087049378956,0.4904146331859123,-0.30903640362978724,0.49500000000000005,0.6612146226730078,10.788504871153721,false,false,0,single_teb,82,0,FORWARD,
43.578,8.372538112184904,4.780979330515346,-0.44163727919324247,0.4918125100997052,-0.29778904787375116,0.49152425942279054,0.6408482843476409,10.749222565383379,false,false,0,single_teb,82,0,FORWARD,
43.678,8.416757786084698,4.759470874697365,-0.4684630974580413,0.4917072226252125,-0.25216580895345336,0.49148121035054737,0.6325763697185205,10.700051137151672,false,false,0,single_teb,82,0,FORWARD,
43.778,8.469080333389172,4.732214548901236,-0.49583126012615436,0.49161457666244235,-0.21282957195141883,0.4922199233445365,0.6048711216571343,10.641065934774653,false,false,0,single_teb,82,0,FORWARD,
43.878,8.512149307942433,4.7084821867119295,-0.5146125412715656,0.4918356877593267,-0.17410996867668643,0.4910075295612302,0.6077042682090137,10.591936331821525,false,false,0,single_teb,82,0,FORWARD,
43.978,8.5547904645529,4.68401604606695,-0.5295859083955141,0.4914189535771566,-0.13345129187177868,0.4896929254797924,0.5949745988556202,10.542864387267509,false,false,0,single_teb,82,0,FORWARD,
44.078,8.597046539590702,4.659014513796783,-0.5405612091192284,0.4906317897595581,-0.09435034148924934,0.48788958939874366,0.5913501505833626,10.493900610277967,false,false,0,single_teb,82,0,FORWARD,
44.178,8.638979237866495,4.6336652740006485,-0.5478940226204478,0.4896301638357838,-0.06176691435717864,0.4860916152566891,0.5867666050740551,10.445073651275706,false,false,0,single_teb,82,0,FORWARD,
44.278,8.68065825234301,4.608127317164845,-0.5518238190389062,0.4883376609100299,-0.02693252869833784,0.4873759867770019,0.5772535184406755,10.396392065559247,false,false,0,single_teb,82,0,FORWARD,
44.378,8.722213293144165,4.5825200346442125,-0.5522710087177775,0.48798639637238755,0.007922054327563764,0.48776999668607995,0.570150813675649,10.34779281034494,false,false,0,single_teb,82,0,FORWARD,
44.478,8.763776744909137,4.556960407473867,-0.5493198465045355,0.4879073534480266,0.04144625434614428,0.4868181373913027,0.5742992054624221,10.299209104254833,false,false,0,single_teb,84,0,FORWARD,
44.578,8.805416009075032,4.5315786503202435,-0.5443249607621212,0.4875095024905999,0.0546453088197764,0.48687238740315764,0.5687344997825455,10.250638020641054,false,false,0,single_teb,84,0,FORWARD,
44.678,8.838810283020107,4.5114518841104525,-0.5388803631576662,0.48731527408788444,0.0749880818721609,0.4862322779420439,0.5634890992078903,10.211787068537117,false,false,0,single_teb,84,0,FORWARD,
44.778,8.889086096985656,4.481642473908938,-0.5305039069906229,0.48689526623155166,0.06203612644030174,0.48742021581547706,0.5714660426990728,10.153515224398134,false,false,0,single_teb,84,0,FORWARD,
44.878,8.922723065560282,4.461984581523336,-0.5264410301739813,0.4870553002994958,0.04498543616212715,0.48726530207951124,0.5885782875706664,10.114655849323954,false,false,0,single_teb,84,0,FORWARD,
44.978,8.964869841749096,4.437564269465471,-0.5237126466903385,0.4871320063016932,0.01751655386293629,0.49500000000000005,0.5860660829157114,10.0660594883088,false,false,0,single_teb,84,0,FORWARD,
45.078,9.007210192246035,4.4131078175430885,-0.524738288671151,0.49000589785569204,-0.02566161757054435,0.49500000000000005,0.5899418019344942,10.017274536304948,false,false,0,single_teb,84,0,FORWARD,
45.178,9.058169099160688,4.383454586843532,-0.5314277044575473,0.4921055268751265,-0.07646907905526167,0.49410066012723886,0.6033322479309704,9.958464438563025,false,false,0,single_teb,84,0,FORWARD,
45.278,9.100542462515566,4.358340342371703,-0.540981051277077,0.49283427639148436,-0.10610861644195647,0.4912060095347667,0.5984269789046653,9.909362996753787,false,false,0,single_teb,84,0,FORWARD,
45.378,9.134237325697681,4.337931241407226,-0.5511813659030903,0.4919979003913798,-0.13981624554783595,0.4872935611450701,0.6197048971237051,9.870126405078562,false,false,0,single_teb,84,0,FORWARD,
45.478,9.175898130854272,4.311965817977505,-0.5671975560589682,0.4902795765917529,-0.17143077350748187,0.4879969705369523,0.6509594070853286,9.82129436543206,false,false,0,single_teb,86,0,FORWARD,
45.578,9.21701838359424,4.2853649261428925,-0.5848482544577805,0.4894458237300279,-0.1793082285941384,0.47996794437723206,0.6519911634863906,9.772672030941036,false,false,0,single_teb,86,0,FORWARD,
45.678,9.265449851681193,4.252674202315697,-0.606086089898968,0.4854343065829151,-0.1725492784688236,0.47965941713749605,0.6727089497944516,9.714813645383916,false,false,0,single_teb,86,0,FORWARD,
45.778,9.305084211450072,4.224815473375487,-0.6219371033725357,0.48454120438062226,-0.14464609506436393,0.48697536267279834,0.6945044758803927,9.66698641532343,false,false,0,single_teb,86,0,FORWARD,
45.878,9.344359897907067,4.196347442652607,-0.6344477474413571,0.48530275421249747,-0.11149240651175185,0.4855074617036083,0.7110567433845207,9.619222288543728,false,false,0,single_teb,86,0,FORWARD,
45.978,9.38330441026119,4.167452336400358,-0.6436011660131216,0.48401352533361525,-0.08104866735710066,0.4773027999774438,0.7272516176910047,9.571577814675754,false,false,0,single_teb,86,0,FORWARD,
46.078,9.421812377230816,4.138387831821334,-0.6506623631690619,0.4815623417585118,-0.0648710321399758,0.48573093790628413,0.7362485307053048,9.524261479925743,false,false,0,single_teb,86,0,FORWARD,
46.178,9.460150256936853,4.109089215153804,-0.654580243346318,0.48300356156204566,-0.023753894931681983,0.48479403083513195,0.7795673983887155,9.477006268447278,false,false,0,single_teb,86,0,FORWARD,
46.278,9.498487119529267,4.079641747361876,-0.6550019316714577,0.48361768183311565,0.009346737953890908,0.4843351899139068,0.8002343839052404,9.42969766448679,false,false,0,single_teb,86,0,FORWARD,
46.378,9.536880950245711,4.050208042142228,-0.6519847040162218,0.48385749064558553,0.04396186305141217,0.4840789074958433,0.8182503135663816,9.382354141416082,false,false,0,single_teb,86,0,FORWARD,
46.478,9.575411201957685,4.020936714152769,-0.6455829499659933,0.48379328296828955,0.07753727276721904,0.48240935185946604,0.8261880144036963,9.334968048971659,false,false,0,single_teb,88,0,FORWARD,
46.578,9.614104788881045,3.992011534312839,-0.6357776430005672,0.4820742931005872,0.11131425270300646,0.47511003435624316,0.8502542182975864,9.287593584021351,false,false,0,single_teb,88,0,FORWARD,
46.678,9.652901640404044,3.96367060720829,-0.6230673875143712,0.47955872079117406,0.13802891380149007,0.4754347525560391,0.8633888610052103,9.240386123275174,false,false,0,single_teb,88,0,FORWARD,
46.778,9.684102545471113,3.9414602617956875,-0.6109065375836826,0.478301504035603,0.15923796375136087,0.48328813795772324,0.8724156013194904,9.202676755681171,false,false,0,single_teb,88,0,FORWARD,
46.878,9.73152573196927,3.908872752679795,-0.5887969898437262,0.4797762771992333,0.19980468928981782,0.47613369402701194,0.8973386564998551,9.145870812433818,false,false,0,single_teb,88,0,FORWARD,
46.978,9.771576354962882,3.8826110643397223,-0.5672571719551925,0.4784847508066812,0.2255587690557786,0.47658221994775446,0.897638000582522,9.098440765270672,false,false,0,single_teb,88,0,FORWARD,
47.078,9.80399315959696,3.8622767445213406,-0.5483441375799908,0.4788387754050844,0.23907782218433157,0.4873305557474989,0.9115768445671595,9.060447548504643,false,false,0,single_teb,88,0,FORWARD,
47.178,9.853611339479547,3.8327724836162638,-0.5199385361912116,0.4824089043128236,0.23538498977550412,0.48424544093431365,0.9201393418245088,9.002988010623039,false,false,0,single_teb,88,0,FORWARD,
47.278,9.887277353773044,3.8138077487819984,-0.5017879701693697,0.4839033471321109,0.21786802091415286,0.49500000000000005,0.9448658118663551,8.964451922971827,false,false,0,single_teb,88,0,FORWARD,
47.378,9.938757990339202,3.786231132538912,-0.47870873908090295,0.48772539150772765,0.17560809742574712,0.4852964732647546,0.9911070952831031,8.906130974072129,false,false,0,single_teb,88,0,FORWARD,
47.478,9.982142570278745,3.764072897549733,-0.46296622046679115,0.4868381961321981,0.14744398066629583,0.48254117345329084,1.0242240259836983,8.857442212140297,false,false,0,single_teb,90,0,FORWARD,
47.578,10.016961745597056,3.7468689625809826,-0.45263051530741577,0.4834818144182458,0.11712220147265229,0.45899197749988413,1.091212500136924,8.818612520913565,false,false,0,single_teb,90,0,FORWARD,
47.678,10.060013236726537,3.726147242653317,-0.4431543470802823,0.4745365688858765,0.08258622903942023,0.4843719487849303,1.1283686784368472,8.770835939344135,false,false,0,single_teb,90,0,FORWARD,
47.778,10.111814732030796,3.7017594106940757,-0.43665052088539225,0.4786558652720739,0.035298165081372165,0.4841911537415657,1.1952578912196876,8.713580753999388,false,false,0,single_teb,90,0,FORWARD,
47.878,10.146600500093342,3.685553604810315,-0.4353596266366134,0.48008431441876753,0.0040781986218772735,0.48121049452076115,1.2254177622728122,8.675205419992338,false,false,0,single_teb,90,0,FORWARD,
47.978,10.190145168700116,3.6652759200495035,-0.43712874113192807,0.4804956669957399,-0.0297282268133441,0.48154301445924474,1.2685279822181512,8.627171034358417,false,false,0,single_teb,90,0,FORWARD,
48.078,10.233661245988777,3.6448444020782147,-0.4423866714434983,0.48087822488087345,-0.0652341121793646,0.48009479210576117,1.3188381085811378,8.579097176126256,false,false,0,single_teb,90,0,FORWARD,
48.178,10.2770390014476,3.6241238876862187,-0.4512210192909724,0.4807453081634301,-0.10361639182690534,0.48185824442616726,1.340652925748713,8.5310257612118,false,false,0,single_teb,90,0,FORWARD,
48.278,10.328832726141634,3.5986388860525653,-0.4665625770638063,0.48121321074261286,-0.14174785231328954,0.48100280341996837,1.398088512615886,8.473311582594212,false,false,0,single_teb,90,0,FORWARD,
48.378,10.371663901494522,3.576731762188074,-0.48272243609124943,0.48076605508235,-0.17338441242323283,0.47674153091839827,1.450497258704734,8.425231256790926,false,false,0,single_teb,90,0,FORWARD,
48.478,10.414008499793017,3.5541428824361865,-0.5015589344201107,0.4798222698157968,-0.20008505012656563,0.4827971256151562,1.476908983336512,8.377302589138367,false,false,0,single_teb,92,0,FORWARD,
48.578,10.455947479947996,3.5306767528104426,-0.5233623048765982,0.48126853637713846,-0.22116462624354358,0.4869359408452061,1.5058232836656344,8.329370129736045,false,false,0,single_teb,92,0,FORWARD,
48.678,10.489248472531898,3.5111745418391718,-0.5402510067267905,0.4829962790394482,-0.2059345805287727,0.48659133875184346,1.5438979695032906,8.290942960280448,false,false,0,single_teb,92,0,FORWARD,
48.778,10.538764052784163,3.4808342764215117,-0.5621321229812494,0.48448547921611307,-0.16574871621566717,0.4863353986043511,1.5827857546739352,8.233240499337832,false,false,0,single_teb,92,0,FORWARD,
48.878,10.579630052298954,3.4547449547005233,-0.5766155452150121,0.48479747204613,-0.13141036056333316,0.48214991703485877,1.644685862047558,8.1851788534383,false,false,0,single_teb,92,0,FORWARD,
48.978,10.612030979407198,3.4335062674571635,-0.5858873936311682,0.48399034882604597,-0.10792667638959072,0.4848242861450086,1.6655777583537819,8.146843041197405,false,false,0,single_teb,92,0,FORWARD,
49.078,10.652275107474606,3.406585303910554,-0.594461048401556,0.48429495575754966,-0.07352322285135726,0.4839071687766025,1.7204433510493111,8.099005156749604,false,false,0,single_teb,92,0,FORWARD,
49.178,10.692325981938469,3.379371950647763,-0.5996616424542541,0.4842058296848326,-0.0374905914058234,0.4845115280576597,1.751075846929438,8.051226883840528,false,false,0,single_teb,92,0,FORWARD,
49.278,10.732279448744912,3.3520048053962377,-0.6013270992812734,0.48431749016721554,-0.00515489264600293,0.4825863379773573,1.7938176684312594,8.00348038209222,false,false,0,single_teb,92,0,FORWARD,
49.378,10.772193002042187,3.324643391758177,-0.5997456647823041,0.48368516331898853,0.02739025033336763,0.48550889728909463,1.808861880772568,7.955780771369286,false,false,0,single_teb,92,0,FORWARD,
49.478,10.820222911589491,3.2919608936084543,-0.5934251593034631,0.4842044643626261,0.06930590822882168,0.48266150522178125,1.8831261227320504,7.898493879488156,false,false,0,single_teb,94,0,FORWARD,
49.578,10.852368170358192,3.2703905781510807,-0.5866207937435688,0.4837340839003071,0.0931953159113561,0.47672739220416815,1.904048306722529,7.8602859557250255,false,false,0,single_teb,94,0,FORWARD,
49.678,10.892632060443116,3.243875365583059,-0.5753769848643397,0.48117479459999396,0.1230627607506967,0.47581508937379835,1.9637400202684177,7.812644009276097,false,false,0,single_teb,94,0,FORWARD,
49.778,10.941182471043435,3.2128582351535906,-0.5582340221620016,0.48029584072808973,0.15314928934477368,0.4840821976357075,1.997584683675654,7.755602036354025,false,false,0,single_teb,94,0,FORWARD,
49.878,10.982155748401352,3.1876303827980568,-0.5421759287174099,0.48167885901133634,0.16470728731485537,0.48236375060894,2.0328128912017016,7.707861272560209,false,false,0,single_teb,94,0,FORWARD,
49.978,11.015269955981,3.167903152134683,-0.5291583778126115,0.4818876523732544,0.1616944851771227,0.4844486033469074,2.0881216379454335,7.669554365745544,false,false,0,single_teb,94,0,FORWARD,
50.078,11.057068352833369,3.1438044523784376,-0.5140722562495569,0.4828230744968093,0.144892737361191,0.482672930939604,2.1386048866108336,7.621535691186024,false,false,0,single_teb,94,0,FORWARD,
50.178,11.099218638526544,3.1202880637877786,-0.501813780632567,0.4821738859667608,0.10923684410241404,0.4758334435325361,2.200032911938648,7.573439179123043,false,false,0,single_teb,94,0,FORWARD,
50.278,11.149917724596914,3.0927879712408,-0.4909963160999912,0.48036951336847616,0.07507580814280371,0.4857447694529609,2.235962167978668,7.515914090437922,false,false,0,single_teb,94,0,FORWARD,
50.378,11.192444082962837,3.0701811469531943,-0.48564934564036505,0.4823328986550081,0.041535264154714986,0.48471280548461076,2.2899805754512363,7.467853094343416,false,false,0,single_teb,94,0,FORWARD,
50.478,11.235168413120494,3.047690473743345,-0.4836351438955117,0.4830020033866225,0.005195600235838157,0.4835086426371374,2.3396781131699194,7.419660613706575,false,false,0,single_teb,96,0,FORWARD,
50.578,11.277936359478018,3.025210003336225,-0.4851223092731339,0.4833305252011753,-0.0298500836542374,0.4843716048373956,2.3984753458354042,7.371433724284117,false,false,0,single_teb,96,0,FORWARD,
50.678,11.320673013358395,3.002588032402046,-0.49002069722876485,0.48358454830824044,-0.0619383996965606,0.4829188268209607,2.421856035623703,7.3231785371382845,false,false,0,single_teb,96,0,FORWARD,
50.778,11.36324770112759,2.979713438357325,-0.49812043150247676,0.4827302649748891,-0.09280968044937256,0.47588632329763836,2.498140033945756,7.2749689519141905,false,false,0,single_teb,96,0,FORWARD,
50.878,11.397021046940218,2.961211419492551,-0.5065806998891963,0.48064384780089525,-0.11242586701621773,0.4859295887969379,2.5165504697174175,7.236580969317178,false,false,0,single_teb,96,0,FORWARD,
50.978,11.447420073236698,2.9328237126342613,-0.522628738818727,0.4828660881283492,-0.14598878850445032,0.48620350698697934,2.573718008265214,7.178980333307174,false,false,0,single_teb,96,0,FORWARD,
51.078,11.489182516760895,2.908433468420345,-0.5375789955614707,0.48405143287333036,-0.14917339081021333,0.485815784357093,2.5970516845657934,7.130899630501021,false,false,0,single_teb,96,0,FORWARD,
51.178,11.530647512256754,2.8833862746961136,-0.5518250124206119,0.4845503515854716,-0.1338982387999218,0.48414103373960016,2.658122226604801,7.082826979375936,false,false,0,single_teb,96,0,FORWARD,
51.278,11.563577414862232,2.8629472199084787,-0.5612010163254424,0.484425568554943,-0.10861567518013969,0.4765657917392021,2.6917061960700988,7.044430600016812,false,false,0,single_teb,96,0,FORWARD,
51.378,11.604335536515539,2.8371058357537504,-0.5703587419899857,0.4815546783288953,-0.0822255286050656,0.48401273729876587,2.7218265688423156,6.996691607663294,false,false,0,single_teb,96,0,FORWARD,
51.478,11.644796808282956,2.810989014570578,-0.5767313441510186,0.4820026663163592,-0.05048811177775585,0.47669119912193453,2.776498932898197,6.9491198613959,false,false,0,single_teb,98,0,FORWARD,
51.578,11.685056579763456,2.784711074555094,-0.5801152286622148,0.4800625807882424,-0.024678125904657986,0.4761326249903376,2.809100766241703,6.901675605933577,false,false,0,single_teb,98,0,FORWARD,
51.678,11.725120475115283,2.7584294361942656,-0.5807292630685577,0.4786271110600933,0.004073454187238149,0.4861260906646547,2.868195072412872,6.8544179917977335,false,false,0,single_teb,98,0,FORWARD,
51.778,11.76530377346841,2.732107514099499,-0.5779582935829707,0.4813612608487458,0.042981918235807035,0.4860690780427843,2.9086199897863008,6.80704403582981,false,false,0,single_teb,98,0,FORWARD,
51.878,11.805773913257937,2.705843617669072,-0.571585260230607,0.48308085501601483,0.07524733042345522,0.4863690672822993,2.9648605484105683,6.75943980644523,false,false,0,single_teb,98,0,FORWARD,
51.978,11.846562316269535,2.679817680753833,-0.5618344071909578,0.4842819192036824,0.10987508133350607,0.4846681714396856,3.0097941059209443,6.711647944404935,false,false,0,single_teb,98,0,FORWARD,
52.078,11.895944141391244,2.6491669172854753,-0.5457336264966018,0.48421356917729247,0.15034533610492523,0.48201292681162683,3.066255498251353,6.6541403111638475,false,false,0,single_teb,98,0,FORWARD,
52.178,11.937441158249928,2.6243368728468806,-0.5288536663079527,0.48284495068097066,0.18016597285660232,0.4755134027529287,3.098299401085836,6.606191318139804,false,false,0,single_teb,98,0,FORWARD,
52.278,11.970829389492838,2.605078406844578,-0.5135890292696955,0.482303255123739,0.19209856728259772,0.49500000000000005,3.173889969371914,6.5679016250558435,false,false,0,single_teb,98,0,FORWARD,
52.378,12.013271619108586,2.581555968225115,-0.4950418729876791,0.48694091362504377,0.18181656006774832,0.4859152215570499,3.1938182341911108,6.519612559320487,false,false,0,single_teb,98,0,FORWARD,
52.478,12.056259755233219,2.5587372618891266,-0.47775026138256976,0.48653416954497225,0.1645197424693858,0.4855458730322006,3.2648907476025846,6.471103806356389,false,false,0,single_teb,100,0,FORWARD,
52.578,12.10827783005928,2.532300894604344,-0.4605288251066638,0.48606128050857417,0.12520000455792485,0.48520067770748726,3.2973720787386593,6.4128728311564815,false,false,0,single_teb,100,0,FORWARD,
52.678,12.15189748730412,2.510901939138338,-0.44999172034846935,0.48574693364757915,0.09446789469976123,0.48509659024123924,3.3645815653192055,6.364348477807333,false,false,0,single_teb,100,0,FORWARD,
52.778,12.195687693994293,2.4899208479052497,-0.4427921907425643,0.48543044542210706,0.05642121208773749,0.48462174603320984,3.3972238349273036,6.315833054671608,false,false,0,single_teb,100,0,FORWARD,
52.878,12.23956567809364,2.469207238813647,-0.4390660103045227,0.48499660173571507,0.02412787430349335,0.48302846188080734,3.453629854243123,6.26734297491421,false,false,0,single_teb,100,0,FORWARD,
52.978,12.283440765030436,2.4486234874160737,-0.4387892389177229,0.48459335674106324,-0.012732653123764585,0.4849271106457874,3.4900370883300136,6.218907176509508,false,false,0,single_teb,100,0,FORWARD,
53.078,12.318528540748511,2.4321257162346517,-0.44110563642314643,0.484695103645339,-0.03733449717129874,0.4836909306332295,3.5448914813353847,6.180158043437009,false,false,0,single_teb,100,0,FORWARD,
53.178,12.371032851199256,2.4071616404548237,-0.44854978968387166,0.48454586627293117,-0.07906139662970744,0.48683179396448106,3.6090456294371913,6.122066507769671,false,false,0,single_teb,100,0,FORWARD,
53.278,12.405948384275652,2.390239873522424,-0.456276955625714,0.4852427452089413,-0.10567251347304105,0.4861978737461236,3.6279035853698085,6.083309965172306,false,false,0,single_teb,100,0,FORWARD,
53.378,12.449424189013609,2.3686392938975227,-0.4690122503053377,0.4855916188788048,-0.13939350856350824,0.48640318889865286,3.6786071109130214,6.034844151931563,false,false,0,single_teb,100,0,FORWARD,
53.478,12.492619170723124,2.346413848901847,-0.48514971040648314,0.48588805585053524,-0.17359774645525788,0.4864452489984215,3.709029045482489,5.986393033288478,false,false,0,single_teb,102,0,FORWARD,
53.578,12.543967469629877,2.3187553433534704,-0.5065593084253588,0.4861466762086937,-0.17104661977249197,0.48672562249325874,3.763051256269315,5.9283148798615,false,false,0,single_teb,102,0,FORWARD,
53.678,12.586345911111243,2.2949060301379314,-0.5208077136680572,0.48639330913706574,-0.12639619705199806,0.48713028561274835,3.810393590158459,5.879986758599495,false,false,0,single_teb,102,0,FORWARD,
53.778,12.620040989101085,2.2754214723510344,-0.5297126455579712,0.48661798089030484,-0.10354967329085765,0.4866088773405934,3.8667127846102414,5.841361299884522,false,false,0,single_teb,102,0,FORWARD,
53.878,12.67030653904143,2.2457029100594337,-0.5389699584411866,0.48661415356026594,-0.06215520162062226,0.4870411581816005,3.8822820954877164,5.783494959627262,false,false,0,single_teb,102,0,FORWARD,
53.978,12.703693193354704,2.2256695189973974,-0.5424837810947467,0.4867443285116815,-0.03452733463399146,0.4870571259464829,3.963668313730545,5.744951748962858,false,false,0,single_teb,102,0,FORWARD,
54.078,12.753700071115128,2.19546881706723,-0.5435093697248172,0.48686118088062347,0.008963007411007527,0.48688848857271,3.9979809098798063,5.687156255153536,false,false,0,single_teb,102,0,FORWARD,
54.178,12.787049530367726,2.175347598825867,-0.5414051991060479,0.4868695057963574,0.03525686992993585,0.48416419759823376,4.063357797373123,5.648627246912015,false,false,0,single_teb,102,0,FORWARD,
54.278,12.828770349088183,2.1503735067189407,-0.535668461964332,0.48589998247613836,0.07201920154289783,0.48437855195538,4.098367658365555,5.600510898201009,false,false,0,single_teb,102,0,FORWARD,
54.378,12.878999711162225,2.1208604232541743,-0.5240190223351793,0.4852140014227447,0.11563256762747608,0.48409981855079554,4.1507589577059445,5.542805507430552,false,false,0,single_teb,102,0,FORWARD,
54.478,12.921109783088648,2.0968129047594073,-0.51053521356323,0.4846831513602263,0.14782584095733303,0.48267426437526023,4.195116776651378,5.494702011301743,false,false,0,single_teb,104,0,FORWARD,
54.578,12.955001844721169,2.078043221988466,-0.49741756362151124,0.48407072996569894,0.17233274017408992,0.48639753601460245,4.236161455243924,5.456213890530596,false,false,0,single_teb,104,0,FORWARD,
54.678,13.006325051761007,2.050687977054548,-0.4799424363957734,0.4849463856882875,0.12595234015726847,0.48578047807747865,4.2789536743572585,5.398343326234984,false,false,0,single_teb,104,0,FORWARD,
54.778,13.040810562832528,2.032886891655973,-0.4712021784483633,0.4852006638174087,0.10066274591938774,0.4867899429231208,4.317335949581619,5.359681799135105,false,false,0,single_teb,104,0,FORWARD,
54.878,13.08415035608923,2.010990953504415,-0.4633811070475777,0.48578116959486445,0.06584546763424154,0.48698545273417926,4.402214007855564,5.31127690264914,false,false,0,single_teb,104,0,FORWARD,
54.978,13.12767573757439,1.9893587799065853,-0.45872259906983104,0.48620924010617966,0.03374903211810566,0.4865410293233088,4.461215723714653,5.262802682355921,false,false,0,single_teb,104,0,FORWARD,
55.078,13.180016567481848,1.9635627621728275,-0.457679128878431,0.4861861594074955,-0.008100828690926648,0.48467021882320915,4.496662702488303,5.2045959507670965,false,false,0,single_teb,104,0,FORWARD,
55.178,13.223584643059269,1.9420559548978427,-0.4604763397726211,0.48582575688823465,-0.041586534177365395,0.48689480985502115,4.512434568333029,5.156134695096068,false,false,0,single_teb,104,0,FORWARD,
55.278,13.258389815481657,1.9247212303327828,-0.4651801942235111,0.4861516641760227,-0.06770062042063789,0.48464450118933594,4.5788389109843965,5.117364454132793,false,false,0,single_teb,104,0,FORWARD,
55.378,13.31037526406445,1.8983530192705473,-0.47610391398749446,0.48552583714073067,-0.10270678604049843,0.48473445615085275,4.61643146391851,5.059281011139051,false,false,0,single_teb,104,0,FORWARD,
55.478,13.344829488470607,1.880447026563577,-0.48470523148830447,0.4852845798410167,-0.1099995996157353,0.48209336500822697,4.666594939709812,5.020626804605639,false,false,0,single_teb,106,0,FORWARD,
55.578,13.387603937896438,1.857684264157088,-0.4954881272909368,0.48411894528326105,-0.10662919697471727,0.487398878280581,4.732412295819431,4.972442886449809,false,false,0,single_teb,106,0,FORWARD,
55.678,13.438645176756177,1.8297299144595383,-0.5090600170908981,0.48536378594236296,-0.11571962331372086,0.4858555466055183,4.780107365292068,4.914658623281764,false,false,0,single_teb,106,0,FORWARD,
55.778,13.472491801210136,1.810685131474344,-0.5182931809327754,0.48551370216630046,-0.1152574226553096,0.48593439474370786,4.824403583940587,4.876157414958186,false,false,0,single_teb,106,0,FORWARD,
55.878,13.52296725678341,1.7815610333894216,-0.5295908556595497,0.4857126279028916,-0.07843610454391985,0.48618822237209963,4.865522983591878,4.818483360926449,false,false,0,single_teb,106,0,FORWARD,
55.978,13.556469078538667,1.7618612588982672,-0.5344270478678727,0.4858576157644495,-0.05118989890593486,0.48639462832316177,4.917479637186848,4.780075537644733,false,false,0,single_teb,106,0,FORWARD,
56.078,13.598255283102997,1.7370479527955802,-0.5373756698833285,0.48605376689471874,-0.017513153720747687,0.4860499096425754,4.966802921672675,4.73209173020156,false,false,0,single_teb,106,0,FORWARD,
56.178,13.648353134726852,1.7071976637454767,-0.536311375435242,0.48573514653189825,0.02757106164498239,0.48414311713491154,4.990426865001532,4.6745432186620794,false,false,0,single_teb,106,0,FORWARD,
56.278,13.690103691706815,1.6824710549167439,-0.5317051549239556,0.484496434752151,0.05784579372908253,0.4765803226798242,5.073049667399251,4.626652681893454,false,false,0,single_teb,106,0,FORWARD,
56.378,13.731773631854768,1.6581152507981596,-0.524175012708992,0.4816128142454554,0.08810713586592761,0.47662752312882917,5.07555496982845,4.578984878186396,false,false,0,single_teb,106,0,FORWARD,
56.478,13.77346314872966,1.6342337071682727,-0.5138036475241918,0.4797918689595713,0.11233220153941269,0.48562890478083587,5.152817593258376,4.531482490840184,false,false,0,single_teb,108,0,FORWARD,
56.578,13.815474008176139,1.6107782234881407,-0.5020918249745706,0.4819547159000693,0.1242868799907104,0.4859832268457799,5.1976845859852645,4.483844807920216,false,false,0,single_teb,108,0,FORWARD,
56.678,13.857929560601773,1.5877704625169398,-0.48794342341442437,0.4834421882679476,0.15008047032360936,0.48616739445712376,5.233011680127293,4.435962417173738,false,false,0,single_teb,108,0,FORWARD,
56.778,13.892213284600441,1.5697773075827974,-0.47546166219306185,0.4842729839210829,0.15909912619992114,0.48639734726350176,5.296240415500998,4.397512080098815,false,false,0,single_teb,108,0,FORWARD,
56.878,13.935450857752208,1.5478580541509408,-0.4598895558560117,0.48504893648300684,0.15385831702730451,0.4865286930426435,5.322149197068194,4.349301585950001,false,false,0,single_teb,108,0,FORWARD,
56.978,13.979071495664519,1.5265680845074663,-0.4456502455589991,0.48558943766307633,0.13607780385496024,0.486258714797327,5.392886182308358,4.300962235781007,false,false,0,single_teb,108,0,FORWARD,
57.078,14.031810678491182,1.5017468814398207,-0.43285321845634206,0.48570548557852167,0.08840440343571633,0.48435615907726703,5.425047919041468,4.242849300558628,false,false,0,single_teb,108,0,FORWARD,
57.178,14.0671017080292,1.4855391246279328,-0.42701856006038574,0.4852941352020419,0.06497050330992571,0.47670679495491125,5.486395528007758,4.2041069760160905,false,false,0,single_teb,108,0,FORWARD,
57.278,14.119998679333511,1.4616382425673247,-0.42149473482659855,0.4830191527924508,0.030108822326114972,0.4872177821613623,5.519808378674824,4.14617855386246,false,false,0,single_teb,108,0,FORWARD,
57.378,14.155327142433539,1.4458203137337586,-0.4205949182777106,0.4842762301909384,-0.00044183506190976655,0.4869542557426383,5.580426256677461,4.107542545283426,false,false,0,single_teb,108,0,FORWARD,
57.478,14.19957887659775,1.4259948318701705,-0.4227231832369739,0.48525441539412173,-0.03281718349778489,0.48412967318046757,5.629338781854463,4.059145473584614,false,false,0,single_teb,110,0,FORWARD,
57.578,14.243759432477463,1.4060187012238428,-0.4281775799869207,0.4842197156272538,-0.06797952759025636,0.4769504149466938,5.67817548992331,4.010764489382693,false,false,0,single_teb,110,0,FORWARD,
57.678,14.287591956933497,1.3858431537660583,-0.4366780093761821,0.48156450482887264,-0.09439092707960955,0.4849984783941354,5.720294561841328,3.9626423917715714,false,false,0,single_teb,110,0,FORWARD,
57.778,14.331210380164272,1.365249835069053,-0.4484435910100209,0.4827875600736363,-0.13229325710440926,0.4846388639576102,5.7911144992602,3.914578443047279,false,false,0,single_teb,110,0,FORWARD,
57.878,14.374630883890617,1.3440457604882723,-0.4635876462233187,0.4834637739599264,-0.162083399862625,0.49500000000000005,5.823778673893763,3.86649198037785,false,false,0,single_teb,110,0,FORWARD,
57.978,14.417956062758511,1.3220311366301454,-0.47992329207031925,0.4868538085433177,-0.16268339852904298,0.4855208809937268,5.898066926466968,3.8182201474702975,false,false,0,single_teb,110,0,FORWARD,
58.078,14.469523567618074,1.2946642174863148,-0.49894026239372063,0.4862934168486636,-0.15607767147366808,0.4859349325159782,5.921526055828038,3.760374884987355,false,false,0,single_teb,110,0,FORWARD,
58.178,14.512078963251483,1.2711482446756919,-0.5133191620941773,0.48616247557755315,-0.13702516678276833,0.48558263026025955,5.983704010453204,3.7123322882704,false,false,0,single_teb,110,0,FORWARD,
58.278,14.54588088982927,1.2519270363652608,-0.5227531688931548,0.48604332598676897,-0.1061620610812204,0.4862456941235873,5.974248160085502,3.6739978404496836,false,false,0,single_teb,110,0,FORWARD,
58.378,14.587908887364202,1.2275042801032683,-0.531294865551392,0.4861172436971156,-0.07399873907072908,0.4863295432175648,6.081737475873142,3.626173260973617,false,false,0,single_teb,110,0,FORWARD,
58.478,14.63812488266611,1.197805669936929,-0.5370458651063854,0.4862136150027377,-0.030512362445196076,0.48641143084099736,6.104096370221287,3.56888536205379,false,false,0,single_teb,112,0,FORWARD,
58.578,14.679868268575486,1.1729141592989774,-0.5379146191177211,0.48548007671947707,0.006991828729026048,0.48156446934607006,6.1351750492421,3.5212217111531,false,false,0,single_teb,112,0,FORWARD,
58.678,14.713179260093982,1.1530658133198488,-0.5360539611775825,0.4842863800376878,0.03164305690271027,0.4808838722943388,6.198807060655675,3.483209919904815,false,false,0,single_teb,112,0,FORWARD,
58.778,14.763121777448443,1.1235501513043624,-0.5297024930842475,0.4828934323433498,0.06730649331444391,0.47384333310565824,6.267781485280815,3.4263312113869815,false,false,0,single_teb,112,0,FORWARD,
58.878,14.804730498302863,1.0993638298076027,-0.5210931811302204,0.4811863300639849,0.10142498915954597,0.48345895678236805,6.300298441610161,3.379104617907695,false,false,0,single_teb,112,0,FORWARD,
58.978,14.846618436103457,1.075575956457982,-0.5089779914306658,0.48201643783755355,0.1321098149897925,0.4842469646476495,6.3526852023218305,3.331768138036186,false,false,0,single_teb,112,0,FORWARD,
59.078,14.888892949618302,1.0523103890399779,-0.4936409092088118,0.48286470502021617,0.16730791749671528,0.4846328938627419,6.391180435624102,3.28425702919491,false,false,0,single_teb,112,0,FORWARD,
59.178,14.931614842135975,1.0297202169545399,-0.4749056255660136,0.4835033317170933,0.20090012065174923,0.4845497137555603,6.438193821441234,3.236558542990555,false,false,0,single_teb,112,0,FORWARD,
59.278,14.974817613899576,1.0079752047553823,-0.45267570526723,0.4836505147059486,0.2373414118227734,0.4831360212025807,6.480324789769007,3.188689775217073,false,false,0,single_teb,112,0,FORWARD,
59.378,15.009729739554777,0.9913157832467271,-0.43243606188385014,0.48349366823764756,0.2611257800190369,0.47611328569645944,6.5443826584599805,3.1503052570532297,false,false,0,single_teb,112,0,FORWARD,
59.478,15.06253580214361,0.9678107196984573,-0.3991320330410703,0.48129157319269916,0.2846659413754223,0.4864790568249112,6.603978087163741,3.0927905688635513,false,false,0,single_teb,114,0,FORWARD,
59.578,15.0982151675958,0.9531205707425937,-0.3763131369984997,0.4828730090743104,0.28553931935635973,0.483414736487271,6.6155553986325035,3.054307456027267,false,false,0,single_teb,114,0,FORWARD,
59.678,15.152423669565863,0.932560129119753,-0.3439730915045352,0.4836680990295546,0.2536185122379123,0.48682734365781,6.664451729686829,2.9963910545976127,false,false,0,single_teb,114,0,FORWARD,
59.778,15.18899020833967,0.9197611034639324,-0.32502554253633575,0.48455971607750176,0.2254909847147015,0.48600457670748703,6.739169279513259,2.957657271601198,false,false,0,single_teb,114,0,FORWARD,
59.878,15.24432201941281,0.9017544580387966,-0.30096507078602985,0.4849952672485489,0.1836708069045573,0.4840264289647995,6.759914855954666,2.8994693023527494,false,false,0,single_teb,114,0,FORWARD,
59.978,15.281408786993486,0.8904522560018316,-0.28764563262200327,0.4840402905425075,0.15640568927759727,0.47643579709050987,6.847589624004221,2.8607068014137655,false,false,0,single_teb,114,0,FORWARD,
60.078,15.337007004412232,0.8744338669740435,-0.27127190651451893,0.481654995659901,0.12110561673398895,0.4857776386882937,6.889489175004556,2.802885349467704,false,false,0,single_teb,114,0,FORWARD,
60.178,15.374226886484992,0.8642120973709302,-0.2630513462385274,0.48291180841815057,0.0933085513567263,0.48413948330785495,6.928168320528506,2.764334819246858,false,false,0,single_teb,114,0,FORWARD,
60.278,15.420923538190795,0.8517941009005563,-0.2558202813380124,0.48336023334474104,0.06074297329603271,0.4814076007975725,6.979684468076016,2.7160980442884006,false,false,0,single_teb,114,0,FORWARD,
60.378,15.477034333795855,0.8372503778405612,-0.25147412774406447,0.4837204739630562,0.01688571245803225,0.49500000000000005,7.0229088639438215,2.6582595712305994,false,false,0,single_teb,114,0,FORWARD,
60.478,15.514671309293039,0.8275810524198386,-0.25204794908849776,0.4862510285928296,-0.019881412015122786,0.4845502318486143,7.049828705710179,2.619494054044694,false,false,0,single_teb,116,0,FORWARD,
60.578,15.56170560283408,0.8154019276810716,-0.2559194888074058,0.4856297894833828,-0.04912060454763393,0.48367164508359634,7.113857922476536,2.5710231175383718,false,false,0,single_teb,116,0,FORWARD,
60.678,15.61793696549967,0.8004877032654281,-0.26487776173097866,0.4835642925933225,-0.09106891009670015,0.4761993307624586,7.174201188009984,2.5129673422892074,false,false,0,single_teb,116,0,FORWARD,
60.778,15.655129182013564,0.790279580446574,-0.273171768224435,0.48131903926207315,-0.1101710088797416,0.4859035822088055,7.238581204287051,2.474461753253663,false,false,0,single_teb,116,0,FORWARD,
60.878,15.70150902810607,0.7770309842722641,-0.2865842414213528,0.48283785957518593,-0.14921242377473554,0.4841113204723496,7.257861637941836,2.4262806718096375,false,false,0,single_teb,116,0,FORWARD,
60.978,15.756986980032629,0.7601827478050633,-0.30716743173547373,0.4833732501974718,-0.1843465025185202,0.4763744400685531,7.3168206271010074,2.3683296260874673,false,false,0,single_teb,116,0,FORWARD,
61.078,15.80282309499181,0.7452529321382377,-0.32670702185084693,0.48243538756351045,-0.19750528709286733,0.49500000000000005,7.347937738270243,2.3201267820448974,false,false,0,single_teb,116,0,FORWARD,
61.178,15.848651701001389,0.7293281150619074,-0.3457669740947947,0.48611413607243353,-0.18542247844699258,0.48452066363153856,7.4229032016334004,2.271611543161368,false,false,0,single_teb,116,0,FORWARD,
61.278,15.885160299295404,0.7159526078881653,-0.3599130918240475,0.4865390031481542,-0.16887989470980752,0.49500000000000005,7.446757952151199,2.232741609864019,false,false,0,single_teb,116,0,FORWARD,
61.378,15.939893140031861,0.6948733387101329,-0.37767468261737686,0.4900961900078035,-0.13614818050238847,0.4849044184388865,7.530633461627894,2.174141032991639,false,false,0,single_teb,116,0,FORWARD,
61.478,15.985248217045472,0.676626214081416,-0.3890687235396811,0.4881670810141225,-0.09987552381187273,0.48452761535175487,7.5679760347980904,2.125334745516715,false,false,0,single_teb,118,0,FORWARD,
61.578,16.03027023701377,0.6579860834799862,-0.39713039887141693,0.48664773250881843,-0.06754070345285454,0.4823413574656609,7.621464923237449,2.076723627555463,false,false,0,single_teb,118,0,FORWARD,
61.678,16.075019212418276,0.6391036440363476,-0.401919188916727,0.48532833002699355,-0.034364957724474454,0.48525921221632434,7.667256944347836,2.0283008900011095,false,false,0,single_teb,118,0,FORWARD,
61.778,16.11966764911493,0.6200827501946714,-0.403295934834988,0.48530200718000116,-1.838082125045324e-05,0.48524682283972265,7.701933101032859,1.9799374653947936,false,false,0,single_teb,118,0,FORWARD,
61.878,16.16431883848049,0.601060668629177,-0.4011361359663858,0.4854553984964049,0.037213092663772984,0.48629073978637194,7.7581897904171715,1.9315794713473662,false,false,0,single_teb,118,0,FORWARD,
61.978,16.209061967976012,0.5821904432322362,-0.39545277714574495,0.48549481093634916,0.06997774335423224,0.4832330930524908,7.818709962536312,1.8831900453063417,false,false,0,single_teb,118,0,FORWARD,
62.078,16.244907017779923,0.5673296761917528,-0.38856575754884043,0.4848053125072061,0.0944129798532354,0.4856348226878071,7.84847565016616,1.8445092403471453,false,false,0,single_teb,118,0,FORWARD,
62.178,16.29888115667202,0.5455864759333073,-0.37411181395012477,0.4847173593724968,0.13851492940312768,0.4830080263101083,7.89564193430719,1.7864685616732379,false,false,0,single_teb,118,0,FORWARD,
62.278,16.344073645264146,0.5281574741706355,-0.3584846634547013,0.4843590909896957,0.16795223490040098,0.4860700622833273,7.9712897746725195,1.7381146135485657,false,false,0,single_teb,118,0,FORWARD,
62.378,16.380453066685835,0.5147479395792351,-0.34396657559417537,0.48470323316472713,0.18718480328875364,0.4840279532511774,7.999144694106113,1.6993815670732648,false,false,0,single_teb,118,0,FORWARD,
62.478,16.43537856347807,0.49566529999507236,-0.3208187889702917,0.48463156965440596,0.19336449909334294,0.4864703074819077,8.06273236041636,1.6412569357791449,false,false,0,single_teb,120,0,FORWARD,
62.578,16.481506875454894,0.48072338422627653,-0.3021157617926748,0.4847369498668484,0.18285456264197944,0.48306427024802207,8.086821060178298,1.5927700215136908,false,false,0,single_teb,120,0,FORWARD,
62.678,16.52784281817107,0.46664563872872383,-0.2845466239135976,0.4838987794241759,0.16771147065501305,0.4816976207254929,8.159071927912775,1.5443461141062373,false,false,0,single_teb,120,0,FORWARD,
62.778,16.565016158346626,0.455967586770763,-0.27189782838606585,0.4832277428303247,0.15317080429923535,0.4796373320509707,8.179438722209786,1.5056842517579265,false,false,0,single_teb,120,0,FORWARD,
62.878,16.620944000294283,0.44078929017738977,-0.25646378099246026,0.48427225486770525,0.10595100953262089,0.49500000000000005,8.245026226804043,1.4477881919187698,false,false,0,single_teb,120,0,FORWARD,
62.978,16.66803941018473,0.42861542695204735,-0.24850225661888792,0.48654107823097875,0.06360625851294403,0.47601674524956133,8.28690451137424,1.3992248557834905,false,false,0,single_teb,120,0,FORWARD,
63.078,16.71497577955105,0.4168045507866782,-0.24419983868252843,0.4822016749912469,0.028384129263939455,0.47031764549307725,8.321059403342014,1.3509305240081428,false,false,0,single_teb,120,0,FORWARD,
63.178,16.761577899731154,0.4052163752352254,-0.24394426667765134,0.480398836582182,-0.018240406524079992,0.4855838669116498,8.37131652538344,1.3030309317867605,false,false,0,single_teb,120,0,FORWARD,
63.278,16.808251858446226,0.3935226799282217,-0.24870903315631132,0.48010228796732285,-0.06618618040008391,0.46037708421803464,8.436880680962053,1.2550393350468196,false,false,0,single_teb,120,0,FORWARD,
63.378,16.84515081661132,0.3840566564610719,-0.25565251938445677,0.4740889398407831,-0.09735976502057643,0.45420378572219905,8.488397213860003,1.217035805449273,false,false,0,single_teb,120,0,FORWARD,
63.478,16.89050060544602,0.3719790817167231,-0.26809866793321097,0.46602500177673534,-0.14188231568715304,0.44499064348998224,8.501302895468479,1.170195429725506,false,false,0,single_teb,122,0,FORWARD,
63.578,16.934888395767402,0.35948306454171597,-0.28462546214260115,0.4583419167436228,-0.17810378883540537,0.4428014860510693,8.563711190096377,1.1241400282719418,false,false,0,single_teb,122,0,FORWARD,
63.678,16.978427456091755,0.34636523835000627,-0.30574067993001486,0.4526655633776503,-0.2308445756711668,0.45267726551501924,8.602818013352945,1.0786933488273769,false,false,0,single_teb,122,0,FORWARD,
63.778,17.029988170757747,0.3293778737030637,-0.33675819513881095,0.4511117548548168,-0.2737049358045599,0.43474008250404034,8.667263646374511,1.0244084793455457,false,false,0,single_teb,122,0,FORWARD,
63.878,17.07203251236482,0.3141270048777091,-0.36510330362147375,0.44491227414027884,-0.28640599870188527,0.4322141118128435,8.700094840579935,0.9796935405020216,false,false,0,single_teb,122,0,FORWARD,
63.978,17.104980699910236,0.301209413990657,-0.38786371970045874,0.4410411622565836,-0.28350150704065274,0.4333920361493788,8.746218216571743,0.9443445656166854,false,false,0,single_teb,122,0,FORWARD,
64.078,17.145458411334467,0.28415171523032406,-0.4149280927498328,0.4382472150626886,-0.2635909748296799,0.43969459570510255,8.803117405803771,0.9005462364739241,false,false,0,single_teb,122,0,FORWARD,
64.178,17.193403207643236,0.26231864937136673,-0.44373573067008437,0.44127011134850896,-0.22201622199193313,0.4674783232755788,8.849032808996016,0.848180086566667,false,false,0,single_teb,122,0,FORWARD,
64.278,17.23362171275638,0.24279971149361146,-0.46299148663934075,0.4493130784480655,-0.17297249677937984,0.4498724446464007,8.885380527064806,0.8039200078738205,false,false,0,single_teb,122,0,FORWARD,
64.378,17.273664534510722,0.22250474662663908,-0.4772390529796043,0.44782062471125955,-0.12081414514318323,0.4396661311406939,8.939184834648383,0.759652269593734,false,false,0,single_teb,122,0,FORWARD,
64.478,17.30530966190857,0.20601641817280547,-0.4848536579608204,0.4447051751263169,-0.079841508718888,0.43242208168260987,8.94182924915011,0.7245946662751098,false,false,0,single_teb,124,0,FORWARD,
64.578,17.352144211127538,0.1811813406245969,-0.4899306327740625,0.4407242258855503,-0.01603841769082837,0.4395387783066068,9.04094450520232,0.6727137588648582,false,false,0,single_teb,124,0,FORWARD,
64.678,17.383205459304293,0.16461883994550178,-0.489046428939915,0.43846549372417043,0.027233523573537824,0.41770498189078126,9.024979611873787,0.6383845768007177,false,false,0,single_teb,124,0,FORWARD,
64.778,17.42152571371088,0.14432110754846014,-0.4831409618145383,0.430882434827274,0.08016711646835303,0.38049211536431543,9.125049043166188,0.596205570237078,false,false,0,single_teb,124,0,FORWARD,
64.878,17.465826243902633,0.12136651670165446,-0.46949319889387875,0.40259105138514656,0.1361316721356973,0.33774731335846314,9.137340951430348,0.5477877628055068,false,false,0,single_teb,124,0,FORWARD,
64.978,17.4936826651549,0.10738984795906234,-0.4569335542036244,0.38243543280450737,0.16940921848187904,0.3332868469275627,9.182243992973579,0.5175807405703151,false,false,0,single_teb,124,0,FORWARD,
65.078,17.52709701995341,0.09126681278835656,-0.4374955172400353,0.3644832443230735,0.21128305329230834,0.49139000991936677,9.238982241174531,0.4816293799733269,false,false,0,single_teb,124,0,FORWARD,
65.178,17.562946311949343,0.07492917405204247,-0.4119913631901203,0.4108376639854818,0.2809984466557587,0.49500000000000005,9.246403476283556,0.4434301606372781,false,false,0,single_teb,124,0,FORWARD,
65.278,17.602591515389317,0.058180185183732476,-0.38082043479073197,0.44157910022849606,0.3295146464153703,0.4789464468981482,9.302710168529964,0.40164466582860603,false,false,0,single_teb,124,0,FORWARD,
65.378,17.644616139156483,0.04202138971489303,-0.3461574652974808,0.4552280310877531,0.3563726726758358,0.49500000000000005,9.354119908245178,0.3578595894224651,false,false,0,single_teb,124,0,FORWARD,
65.478,17.688533057648034,0.026908435191967218,-0.30915690353728414,0.46975528287843626,0.3777676423087585,0.41604369086897647,9.383359572940774,0.3126271262423712,false,false,0,single_teb,126,0,FORWARD,
65.578,17.732291303506962,0.013643041745036204,-0.2720221199179687,0.45013639443664244,0.36755042277359457,0.49500000000000005,9.45303440655047,0.2680561112268445,false,false,0,single_teb,126,0,FORWARD,
65.678,17.785782693873575,-0.00019446668689412916,-0.22661627575827667,0.46002758416954936,0.3793690288535251,0.3917719392590544,9.50957411281467,0.21421739439493445,false,false,0,single_teb,126,0,FORWARD,
65.778,17.829138537557604,-0.009524224187544365,-0.18993763367489783,0.4329353301297785,0.3586159590991573,0.37877349906267155,9.533210183422717,0.17112670800996804,false,false,0,single_teb,126,0,FORWARD,
65.878,17.870463803251223,-0.016874122037733412,-0.15511084834299702,0.4102015782052864,0.34064994013077604,0.3448214637184856,9.587297923113228,0.1306306329414438,false,false,0,single_teb,126,0,FORWARD,
65.978,17.9019028821397,-0.021471776006941248,-0.12870273288493167,0.39027005334200876,0.3244958044038589,0.298762293045935,9.608019806756708,0.10041952846627769,false,false,0,single_teb,126,0,FORWARD,
66.078,17.938473117497715,-0.025749873805301728,-0.09806912648631391,0.3528755176112192,0.29367772962638367,0.2530762604292932,9.65299242169637,0.06669792554074659,false,false,0,single_teb,126,0,FORWARD,
66.178,17.971315433769227,-0.028617493140220697,-0.07062218997033032,0.3164224835458491,0.2634810936747615,0.18944490805292005,9.667272329457234,0.04051870251474202,false,false,0,single_teb,126,0,FORWARD,
66.278,18.005098637402153,-0.030609147244088645,-0.042435404714874,0.2575804288895676,0.21455928714746533,0.12663744200359442,9.719652799377982,0.031030887811484373,false,false,0,single_teb,126,0,FORWARD,
66.378,18.02360600202042,-0.03128782184803441,-0.027007306773646298,0.21766166430379266,0.181331839859204,0.05919128811153125,9.691990047124685,0.03919401902564143,false,false,0,single_teb,126,0,FORWARD,
66.478,18.044673797760545,-0.031703089774845566,-0.009545425349883332,0.14943717399676065,0.1197904217053262,0.04077799494952899,9.762589815904478,0.05477986954732556,false,false,0,single_teb,128,0,FORWARD,
66.578,18.05489714017225,-0.031771256099579086,-0.002107458959820357,0.11631176352901874,0.07912660144948176,-0.0559679663818305,9.763940087048633,0.06342798052308482,false,false,0,single_teb,128,0,FORWARD,
66.678,18.06382529454914,-0.03176760759624304,0.004312058579711341,0.07382731226303822,0.05493106325433002,-0.07817944494970083,9.768295324689635,0.07129410295861352,false,false,0,single_teb,128,0,FORWARD,
66.778,18.069492222198615,-0.031733447338992055,0.008623675274574255,0.04686088380582683,0.03490960248050493,0.0,9.790241294980065,0.07639489921531617,false,false,0,single_teb,128,0,FORWARD,
66.878,18.073089128781717,-0.03169887560927337,0.011003055944471736,0.029744309575287155,0.01779876400816671,0.0,9.777290397763268,0.07966705379868541,false,true,0,single_teb,128,0,FORWARD,
67.178,18.077741086165876,-0.03164278602548741,0.01298749052788859,0.007606487299883376,0.0015477285901214328,0.0,9.792488622610373,0.08393415506040977,false,true,0,single_teb,128,0,NEUTRAL,
