stamp_s,x_m,y_m,yaw_rad,linear_velocity_mps,angular_velocity_radps,commanded_speed_mps,clearance_m,goal_distance_m,collision,goal_reached,contact_count,topology_id,global_replan_count,recovery_count,gear,predicted_ttc_s
3.31,0.0,0.0,0.0,0.0,0.0,0.0,7.818529960301066,18.0,false,false,0,single_teb,0,0,NEUTRAL,
3.41,0.0,0.0,0.0,0.0,0.0,0.0,7.809093568964906,18.0,false,false,0,single_teb,2,0,NEUTRAL,
3.51,0.0,0.0,0.0,0.0,0.0,0.2254360555305621,7.821344253208781,18.0,false,false,0,single_teb,2,0,NEUTRAL,
3.61,0.005238978973029057,0.0,0.0,0.08234358094307062,0.0,0.22545920059616575,7.811148521092082,17.99476102102697,false,false,0,single_teb,2,0,FORWARD,
3.71,0.016870307323580296,0.0,0.0,0.13817158611238195,0.0,0.26634655060910895,7.812152956171937,17.98312969267642,false,false,0,single_teb,2,0,FORWARD,
3.81,0.03366616400637015,0.0,0.0,0.1849892326466587,0.0,0.3032670970110419,7.790272806330629,17.96633383599363,false,false,0,single_teb,2,0,FORWARD,
3.91,0.05494397357294127,0.0,0.0,0.22970133066851992,0.0,0.3206378008816751,7.783805940791078,17.945056026427057,false,false,0,single_teb,2,0,FORWARD,
4.01,0.0800274077007392,0.0,0.0,0.2629171114275074,0.0,0.37020664405457643,7.769012328770304,17.91997259229926,false,false,0,single_teb,2,0,FORWARD,
4.11,0.1088580981900124,0.0,0.0,0.30438828810743634,0.0,0.3964694356991577,7.76160726372809,17.891141901809988,false,false,0,single_teb,2,0,FORWARD,
4.21,0.14154083349339158,0.0,0.0,0.3432223736361873,0.0,0.4563110775267401,7.70959174313798,17.85845916650661,false,false,0,single_teb,2,0,FORWARD,
4.31,0.1784911746018853,0.0,0.0,0.3845295585966527,0.0,0.46980418802496077,7.697242614414836,17.821508825398116,false,false,0,single_teb,2,0,FORWARD,
4.41,0.2189469843496224,0.0,0.0,0.4167337808750929,0.0,0.481962006993269,7.648139831211711,17.78105301565038,false,false,0,single_teb,4,0,FORWARD,
4.51,0.2621374174666745,0.0,0.0,0.4406190708503544,0.0,0.4826500968670329,7.628410216953898,17.737862582533324,false,false,0,single_teb,4,0,FORWARD,
4.61,0.30717609670556073,0.0,0.0,0.45597147392882065,0.0,0.4817025336206505,7.579959746983195,17.69282390329444,false,false,0,single_teb,4,0,FORWARD,
4.71,0.3533712162389772,0.0,0.0,0.4653700929363198,0.0,0.48523276542992827,7.549711727422789,17.646628783761024,false,false,0,single_teb,4,0,FORWARD,
4.8100000000000005,0.40036459440316624,0.0,0.0,0.47236390455917854,0.0,0.4822258446545873,7.469454311651305,17.599635405596835,false,false,0,single_teb,4,0,FORWARD,
4.91,0.44783048570163597,0.0,0.0,0.47598191879039037,0.0,0.48240774115695345,7.43920230393895,17.552169514298363,false,false,0,single_teb,4,0,FORWARD,
5.01,0.4955780092755701,0.0,0.0,0.47832903767925483,0.0,0.48103427281177563,7.388389105849351,17.50442199072443,false,false,0,single_teb,4,0,FORWARD,
5.11,0.5434980530822687,0.0,0.0,0.480530773240622,0.0,0.49500000000000005,7.345834250502671,17.456501946917733,false,false,0,single_teb,4,0,FORWARD,
5.21,0.5918733130742834,0.0,0.0,0.4851122440092233,0.0,0.48690314600313994,7.2971034002829445,17.408126686925716,false,false,0,single_teb,4,0,FORWARD,
5.31,0.6404261568065358,0.0,0.0,0.4857663952848483,0.0,0.49500000000000005,7.2719993544150245,17.359573843193463,false,false,0,single_teb,4,0,FORWARD,
5.41,0.6892173789617175,0.0,0.0,0.4891390948091945,0.0,0.4870276107882067,7.24427622172114,17.310782621038282,false,false,0,single_teb,6,0,FORWARD,
5.51,0.738077406074084,0.0,0.0,0.48812720003076304,0.0,0.4842583524781299,7.176495727031199,17.261922593925917,false,false,0,single_teb,6,0,FORWARD,
5.61,0.7867874774099488,0.0,0.0,0.4860770854486299,0.0,0.47692842473611047,7.1299249491381325,17.21321252259005,false,false,0,single_teb,6,0,FORWARD,
5.71,0.8351825773683482,0.0,0.0,0.48273541287487465,0.0,0.49500000000000005,7.081772754913882,17.164817422631653,false,false,0,single_teb,6,0,FORWARD,
5.8100000000000005,0.8837231373819251,0.0,0.0,0.4863151274676441,0.0,0.4846421192181926,7.061597297913149,17.116276862618076,false,false,0,single_teb,6,0,FORWARD,
5.91,0.9323157705669445,0.0,0.0,0.485704038483307,0.0,0.49500000000000005,6.97200817895563,17.067684229433056,false,false,0,single_teb,6,0,FORWARD,
6.01,0.9811022061711779,0.0,0.0,0.48909951467628765,0.0,0.49500000000000005,6.977098565954825,17.01889779382882,false,false,0,single_teb,6,0,FORWARD,
6.11,1.0301320746086016,0.0,0.0,0.4903944344094023,0.0,0.48509988771588347,6.89051495160546,16.969867925391398,false,false,0,single_teb,6,0,FORWARD,
6.21,1.0790441286366883,0.0,0.0,0.4882431399741732,0.0,0.4825982635302031,6.878419500250479,16.92095587136331,false,false,0,single_teb,6,0,FORWARD,
6.31,1.1277362745551531,0.0,0.0,0.4861320206645402,0.0,0.4820314979256818,6.823892525751085,16.872263725444846,false,false,0,single_teb,6,0,FORWARD,
6.41,1.1762541832917235,0.0,0.0,0.48463424904472796,0.0,0.47605761112223294,6.766933850366564,16.823745816708275,false,false,0,single_teb,8,0,FORWARD,
6.51,1.224518293026183,0.0,0.0,0.48150151556370485,0.0,0.49500000000000005,6.709782532770128,16.775481706973817,false,false,0,single_teb,8,0,FORWARD,
6.61,1.2729663214980182,0.0,0.0,0.48564109110726145,0.0,0.48589832290111246,6.692144532348862,16.727033678501982,false,false,0,single_teb,8,0,FORWARD,
6.71,1.3215320569184341,0.0,0.0,0.4855174694941238,0.0,0.4833945160800021,6.637632985260239,16.678467943081564,false,false,0,single_teb,8,0,FORWARD,
6.8100000000000005,1.3700335304278504,0.0,0.0,0.484695158832562,0.0,0.4828551204360864,6.618074078705063,16.62996646957215,false,false,0,single_teb,8,0,FORWARD,
6.91,1.4184492474561263,0.0,0.0,0.48347117844710374,0.0,0.47650430432042307,6.552246984861182,16.581550752543873,false,false,0,single_teb,8,0,FORWARD,
7.01,1.466634459934938,0.0,0.0,0.48092643305480004,0.0,0.49500000000000005,6.523590502164649,16.533365540065063,false,false,0,single_teb,8,0,FORWARD,
7.11,1.5150400435232503,0.0,0.0,0.48536100755267864,0.0,0.4868758022781639,6.475867208860206,16.48495995647675,false,false,0,single_teb,8,0,FORWARD,
7.21,1.5636113470667172,0.0,0.0,0.48591430689867976,0.0,0.49500000000000005,6.438216141043146,16.43638865293328,false,false,0,single_teb,8,0,FORWARD,
7.31,1.6124139230190464,0.0,0.0,0.48923297969727764,0.0,0.48728688595687647,6.400406292257745,16.387586076980952,false,false,0,single_teb,8,0,FORWARD,
7.41,1.6612919951079295,0.0,0.0,0.48852214252858084,0.0,0.4843503848297415,6.320107181294601,16.33870800489207,false,false,0,single_teb,10,0,FORWARD,
7.51,1.7100430511116003,0.0,0.0,0.4867878779822654,0.0,0.4819283465698226,6.305138309224288,16.2899569488884,false,false,0,single_teb,10,0,FORWARD,
7.61,1.7586079750176566,0.0,0.0,0.48496628201474545,0.0,0.48139225329556523,6.249270160420577,16.241392024982343,false,false,0,single_teb,10,0,FORWARD,
7.71,1.8070117125554526,0.0,0.0,0.48316918484009946,0.0,0.4757347308761071,6.216979701741378,16.192988287444546,false,false,0,single_teb,10,0,FORWARD,
7.8100000000000005,1.8551893422012942,0.0,0.0,0.4821277876494838,0.0,0.49500000000000005,6.154568482320359,16.144810657798708,false,false,0,single_teb,10,0,FORWARD,
7.91,1.9037012623333236,0.0,0.0,0.48682953802879453,0.0,0.48520959214618814,6.1356347092795875,16.096298737666675,false,false,0,single_teb,10,0,FORWARD,
8.01,1.9523423056785325,0.0,0.0,0.48602462935172586,0.0,0.48275616061322574,6.063807183725331,16.04765769432147,false,false,0,single_teb,10,0,FORWARD,
8.11,2.0008678726244633,0.0,0.0,0.48478382563575023,0.0,0.48221586709225844,6.042553121072743,15.999132127375537,false,false,0,single_teb,10,0,FORWARD,
8.21,2.0492760586781564,0.0,0.0,0.4833198979789695,0.0,0.4761635050856812,5.97427393557016,15.950723941321844,false,false,0,single_teb,10,0,FORWARD,
8.31,2.097474476382604,0.0,0.0,0.48234280619910386,0.0,0.49500000000000005,5.932362810387055,15.902525523617395,false,false,0,single_teb,10,0,FORWARD,
8.41,2.146002901486299,0.0,0.0,0.48696601813298607,0.0,0.4861495262691669,5.883489862694184,15.853997098513702,false,false,0,single_teb,12,0,FORWARD,
8.51,2.194680528589913,0.0,0.0,0.48666778339090133,0.0,0.4836175468395745,5.867237484993119,15.805319471410087,false,false,0,single_teb,12,0,FORWARD,
8.61,2.243276421528185,0.0,0.0,0.4855536430650845,0.0,0.48306195117068573,5.78498832041182,15.756723578471815,false,false,0,single_teb,12,0,FORWARD,
8.71,2.2917738806277765,0.0,0.0,0.48464351876083894,0.0,0.4766095742554342,5.761175554528819,15.708226119372224,false,false,0,single_teb,12,0,FORWARD,
8.81,2.3400515291558297,0.0,0.0,0.4817090114207598,0.0,0.48351213309681057,5.687692087426768,15.65994847084417,false,false,0,single_teb,12,0,FORWARD,
8.91,2.388264416002165,0.0,0.0,0.48237174589703763,0.0,0.48355954195475376,5.688834680879301,15.611735583997834,false,false,0,single_teb,12,0,FORWARD,
9.01,2.436549077507988,0.0,0.0,0.4837997721481823,0.0,0.49500000000000005,5.610122694337553,15.563450922492013,false,false,0,single_teb,12,0,FORWARD,
9.11,2.4851656138103997,0.0,0.0,0.48670448203171546,0.0,0.48134827124513524,5.582963339997145,15.5148343861896,false,false,0,single_teb,12,0,FORWARD,
9.21,2.5337115873565783,0.0,0.0,0.4847480532988985,0.0,0.4813553002550266,5.568008773041578,15.466288412643422,false,false,0,single_teb,12,0,FORWARD,
9.31,2.5821075474377984,0.0,0.0,0.4835088041724426,0.0,0.47994389260680337,5.49804865570149,15.417892452562201,false,false,0,single_teb,12,0,FORWARD,
9.41,2.6303755817606627,0.0,0.0,0.48220667180781596,0.0,0.49500000000000005,5.4864168867628145,15.369624418239336,false,false,0,single_teb,14,0,FORWARD,
9.51,2.6788757113054307,0.0,0.0,0.4859873192030983,0.0,0.4847319122127024,5.4292565893689995,15.32112428869457,false,false,0,single_teb,14,0,FORWARD,
9.61,2.72744526843021,0.0,0.0,0.4855287647500989,0.0,0.48202500070223364,5.397010953382671,15.272554731569791,false,false,0,single_teb,14,0,FORWARD,
9.71,2.7759141818211313,0.0,0.0,0.48412206654725226,0.0,0.480564680270281,5.320169122175396,15.22408581817887,false,false,0,single_teb,14,0,FORWARD,
9.81,2.824268805642908,0.0,0.0,0.4840771018412621,0.0,0.49500000000000005,5.277484482036076,15.175731194357091,false,false,0,single_teb,14,0,FORWARD,
9.91,2.872915044818587,0.0,0.0,0.48730125605791846,0.0,0.48619000010585073,5.252093483223467,15.127084955181413,false,false,0,single_teb,14,0,FORWARD,
10.01,2.9216134915449357,0.0,0.0,0.4866026519814468,0.0,0.4828217013647907,5.199039627327471,15.078386508455065,false,false,0,single_teb,14,0,FORWARD,
10.11,2.970185890049653,0.0,0.0,0.48522160841939704,0.0,0.4828206913363075,5.1600494281262055,15.029814109950348,false,false,0,single_teb,14,0,FORWARD,
10.21,3.0186496262166447,0.0,0.0,0.48421319023525244,0.0,0.48130801359117437,5.142512311121811,14.981350373783355,false,false,0,single_teb,14,0,FORWARD,
10.31,3.0670066805113647,0.0,0.0,0.48331451398453185,0.0,0.48317775252290374,5.109079688487648,14.932993319488634,false,false,0,single_teb,14,0,FORWARD,
10.41,3.1153349536674555,0.0,0.0,0.4832645600033066,0.0,0.48646847153574474,5.050927489696144,14.884665046332545,false,false,0,single_teb,16,0,FORWARD,
10.51,3.1637310139581762,0.0,0.0,0.48419221163516696,0.0,0.4836764972236826,5.040261914990966,14.836268986041823,false,false,0,single_teb,16,0,FORWARD,
10.61,3.2121382502732554,0.0,0.0,0.4840038399424241,0.0,0.48371044323291607,4.981921365521972,14.787861749726744,false,false,0,single_teb,16,0,FORWARD,
10.71,3.260529123176472,0.0,0.0,0.4837620351512244,0.0,0.4821610903193638,4.983846833966796,14.739470876823528,false,false,0,single_teb,16,0,FORWARD,
10.81,3.30886316880026,0.0,0.0,0.48292961661484535,0.0,0.47931121994737047,4.918353987547208,14.69113683119974,false,false,0,single_teb,16,0,FORWARD,
10.91,3.3570993082853415,0.0,0.0,0.4829712918393676,0.0,0.49500000000000005,4.876368562309442,14.642900691714658,false,false,0,single_teb,16,0,FORWARD,
11.01,3.405654040992538,0.0,0.0,0.48626817154533286,0.0,0.48237884519425833,4.863136566736649,14.594345959007462,false,false,0,single_teb,16,0,FORWARD,
11.11,3.4541904728760704,0.0,0.0,0.48484754227442944,0.0,0.48185830843304156,4.811674393274735,14.545809527123929,false,false,0,single_teb,16,0,FORWARD,
11.21,3.502595536411791,0.0,0.0,0.48324453641930415,0.0,0.47597623926368804,4.764518762919634,14.497404463588209,false,false,0,single_teb,16,0,FORWARD,
11.31,3.5507841428474505,0.0,0.0,0.48224284335364076,0.0,0.49500000000000005,4.7378335250351125,14.449215857152549,false,false,0,single_teb,16,0,FORWARD,
11.41,3.5992888071214737,0.0,0.0,0.48609818742730243,0.0,0.4857435296044555,4.6868711648194425,14.400711192878527,false,false,0,single_teb,18,0,FORWARD,
11.51,3.6479064714731244,0.0,0.0,0.4867730244880058,0.0,0.49500000000000005,4.6807418999879,14.352093528526876,false,false,0,single_teb,18,0,FORWARD,
11.61,3.696774963177865,0.0,0.0,0.48977803902480743,0.0,0.48612589303398557,4.653516281868073,14.303225036822134,false,false,0,single_teb,18,0,FORWARD,
11.71,3.7456678937178864,0.0,0.0,0.48844404310164696,0.0,0.48649674425433875,4.604465149941731,14.254332106282114,false,false,0,single_teb,18,0,FORWARD,
11.81,3.7944610929236777,0.0,0.0,0.4874352048676542,0.0,0.483072540153899,4.5649010904607685,14.205538907076322,false,false,0,single_teb,18,0,FORWARD,
11.91,3.8431032080294147,0.0,0.0,0.4858406797395215,0.0,0.4830610027535814,4.539829469519606,14.156896791970585,false,false,0,single_teb,18,0,FORWARD,
12.01,3.8916226782208745,0.0,0.0,0.4848253649694477,0.0,0.4815259082047827,4.503228172499253,14.108377321779125,false,false,0,single_teb,18,0,FORWARD,
12.11,3.9400285376105493,0.0,0.0,0.4836201935760345,0.0,0.48340677170312896,4.483450270096896,14.05997146238945,false,false,0,single_teb,18,0,FORWARD,
12.21,3.9883913295784432,0.0,0.0,0.4838288577343155,0.0,0.4867050658154939,4.4459327224894745,14.011608670421557,false,false,0,single_teb,18,0,FORWARD,
12.31,4.036841056450669,0.0,0.0,0.4848794317979196,0.0,0.48389958859877186,4.399645264176548,13.963158943549331,false,false,0,single_teb,18,0,FORWARD,
12.41,4.085301543776113,0.0,0.0,0.4842872821665097,0.0,0.4812039553830474,4.347469367685863,13.914698456223887,false,false,0,single_teb,20,0,FORWARD,
12.51,4.133658617597696,0.0,0.0,0.48316105518400493,0.0,0.4809938087376619,4.356312942492057,13.866341382402304,false,false,0,single_teb,20,0,FORWARD,
12.61,4.181921536459481,0.0,0.0,0.48222837204104024,0.0,0.4793704703291117,4.302734088884879,13.81807846354052,false,false,0,single_teb,20,0,FORWARD,
12.71,4.23007795799223,0.0,0.0,0.4811844846274245,0.0,0.49500000000000005,4.269135643984956,13.76992204200777,false,false,0,single_teb,20,0,FORWARD,
12.81,4.27851746953589,0.0,0.0,0.4862307892465971,0.0,0.4819201558881943,4.254249558801142,13.72148253046411,false,false,0,single_teb,20,0,FORWARD,
12.91,4.327030107123356,0.0,0.0,0.48414301282267946,0.0,0.47601378905945185,4.209795861119171,13.672969892876644,false,false,0,single_teb,20,0,FORWARD,
13.01,4.37528848859576,0.0,0.0,0.4828235915709347,0.0,0.49500000000000005,4.189443974369904,13.62471151140424,false,false,0,single_teb,20,0,FORWARD,
13.11,4.423853819115073,0.0,0.0,0.4872711901181809,0.0,0.4858040812873168,4.154923910184452,13.576146180884926,false,false,0,single_teb,20,0,FORWARD,
13.21,4.472546843526104,0.0,0.0,0.4867353086928151,0.0,0.48329425194331815,4.118407824080695,13.527453156473896,false,false,0,single_teb,20,0,FORWARD,
13.31,4.521139447499853,0.0,0.0,0.48543046088454167,0.0,0.48274240507794886,4.075552351714991,13.478860552500148,false,false,0,single_teb,20,0,FORWARD,
13.41,4.5696090685670905,0.0,0.0,0.48390078939683845,0.0,0.4764382956047546,4.077067661913655,13.43039093143291,false,false,0,single_teb,22,0,FORWARD,
13.51,4.6178579842568555,0.0,0.0,0.4827880110072332,0.0,0.49500000000000005,4.007083078371593,13.382142015743145,false,false,0,single_teb,22,0,FORWARD,
13.61,4.666406197637577,0.0,0.0,0.48652930833531655,0.0,0.4867226302392447,4.009697477028861,13.333593802362422,false,false,0,single_teb,22,0,FORWARD,
13.71,4.715078007089339,0.0,0.0,0.4873192192895191,0.0,0.49500000000000005,3.9856152931909703,13.284921992910661,false,false,0,single_teb,22,0,FORWARD,
13.81,4.763988425082481,0.0,0.0,0.4901247287571638,0.0,0.48710164689947105,3.9403419043930716,13.23601157491752,false,false,0,single_teb,22,0,FORWARD,
13.91,4.812944370838333,0.0,0.0,0.48970686827897203,0.0,0.49500000000000005,3.9199964471851594,13.187055629161666,false,false,0,single_teb,22,0,FORWARD,
14.01,4.862038066409099,0.0,0.0,0.4916402565264155,0.0,0.49500000000000005,3.8821935089570556,13.137961933590901,false,false,0,single_teb,22,0,FORWARD,
14.11,4.911280170190686,0.0,0.0,0.49286744845901903,0.0,0.49500000000000005,3.8399722390482403,13.088719829809314,false,false,0,single_teb,22,0,FORWARD,
14.21,4.960616474068552,0.0,0.0,0.49364639187167214,0.0,0.49500000000000005,3.7493361862641845,13.039383525931449,false,false,0,single_teb,22,0,FORWARD,
14.31,5.010012570178194,0.0,0.0,0.49414081562397677,0.0,0.49500000000000005,3.6631993683320556,12.989987429821806,false,false,0,single_teb,22,0,FORWARD,
14.41,5.059446618594915,0.0,0.0,0.4944546443859536,0.0,0.48463367796053836,3.544779963115335,12.940553381405085,false,false,0,single_teb,24,0,FORWARD,
14.51,5.108659523564531,0.0,0.0,0.49065105502643214,0.0,0.48214403726096966,3.4549738910111136,12.89134047643547,false,false,0,single_teb,24,0,FORWARD,
14.61,5.157526931821756,0.0,0.0,0.4875437512532807,0.0,0.4815382309595485,3.3157616059045933,12.842473068178244,false,false,0,single_teb,24,0,FORWARD,
14.71,5.206141742783458,0.0,0.0,0.48535015340466525,0.0,0.47579304054123994,3.2550056378107213,12.793858257216542,false,false,0,single_teb,24,0,FORWARD,
14.81,5.254488038810618,0.0,0.0,0.48352835915494047,0.0,0.49500000000000005,3.104645629870006,12.745511961189383,false,false,0,single_teb,24,0,FORWARD,
14.91,5.303090599073312,0.0,0.0,0.48687509673052726,0.0,0.4852941082592785,3.048468161257527,12.696909400926689,false,false,0,single_teb,24,0,FORWARD,
15.01,5.351741367661014,0.0,0.0,0.48629761921990483,0.0,0.4828682994380409,2.919329531433009,12.648258632338987,false,false,0,single_teb,24,0,FORWARD,
15.11,5.400291434548478,0.0,0.0,0.4850450135957823,0.0,0.48228251893641,2.8523567988890637,12.599708565451522,false,false,0,single_teb,24,0,FORWARD,
15.21,5.4487317374310225,0.0,0.0,0.48403597490384165,0.0,0.4761964833217021,2.710840084594,12.551268262568978,false,false,0,single_teb,24,0,FORWARD,
15.31,5.496985830768267,0.0,0.0,0.4828065062655804,0.0,0.495,2.6388952675300335,12.503014169231733,false,false,0,single_teb,24,0,FORWARD,
15.41,5.5455345730034775,0.0,0.0,0.4864965052366374,0.0,0.48621005164452913,2.5130259851164496,12.454465426996522,false,false,0,single_teb,26,0,FORWARD,
15.51,5.59417756654256,0.0,0.0,0.4863918741717765,0.0,0.49500000000000005,2.426558424975557,12.405822433457441,false,false,0,single_teb,26,0,FORWARD,
15.61,5.643016800887036,0.0,0.0,0.48953610903800604,0.0,0.48681867535740164,2.366889407183809,12.356983199112964,false,false,0,single_teb,26,0,FORWARD,
15.71,5.691907260499976,0.0,0.0,0.48854352948053625,0.0,0.48337132671885036,2.2300531220714452,12.308092739500024,false,false,0,single_teb,26,0,FORWARD,
15.81,5.74064137584065,0.0,0.0,0.48665235365766774,0.0,0.4833487889016853,2.171015358368991,12.25935862415935,false,false,0,single_teb,26,0,FORWARD,
15.91,5.789227122938289,0.0,0.0,0.4853098970665222,0.0,0.4817862363430959,2.032070375281325,12.21077287706171,false,false,0,single_teb,26,0,FORWARD,
16.01,5.83767622519178,0.0,0.0,0.484022832132244,0.0,0.49500000000000005,1.943769597115803,12.16232377480822,false,false,0,single_teb,26,0,FORWARD,2.0937780723838437
16.11,5.88632080940746,0.0,0.0,0.48739235010555004,0.0,0.4876346726396136,1.7878969845978845,12.11367919059254,false,false,0,single_teb,26,0,FORWARD,1.8300123379264073
16.21,5.935065675827142,0.0,0.0,0.4874808617021135,0.0,0.4819235377071353,1.7454944025063024,12.064934324172858,false,false,0,single_teb,26,0,FORWARD,1.9073711386342425
16.31,5.983684613607635,0.0,0.0,0.4854509736385987,0.0,0.4813899334679964,1.5948986538374912,12.016315386392364,false,false,0,single_teb,26,0,FORWARD,1.7481845316401408
16.41,6.032135335189359,0.0,0.0,0.4839676235630571,0.0,0.4757306622999288,1.5204811987262954,11.96786466481064,false,false,0,single_teb,28,0,FORWARD,1.6034609456413706
16.51,6.080340676227733,0.0,0.0,0.4809589615950367,0.0,0.49500000000000005,1.4001928026537516,11.919659323772267,false,false,0,single_teb,28,0,FORWARD,1.5132331597211004
16.61,6.128762876468409,0.0,0.0,0.48608764156463063,0.0,0.48518772981025055,1.3262913927595181,11.871237123531591,false,false,0,single_teb,28,0,FORWARD,1.3092836294764345
16.71,6.177350727287939,-5.879351083521615e-07,-4.272639606256017e-05,0.485758936574588,-0.0006631256083641649,0.49500000000000005,1.2335615570694074,11.822649272712074,false,false,0,single_teb,28,0,FORWARD,1.3350513640787744
16.81,6.226124801230362,-6.677083331504017e-06,-0.00026035974775301347,0.48830560120536887,-0.0014675253051882752,0.48546299056414427,1.156580144388173,11.773875198771531,false,false,0,single_teb,28,0,FORWARD,1.189207420779593
16.91,6.274889299935822,-1.6561322483781564e-05,3.7084633827534185e-06,0.4872672990629967,0.004906261653052859,0.4854730124443884,1.0644546939394375,11.725110700075874,false,false,0,single_teb,28,0,FORWARD,0.9861717881618774
17.01,6.323574248366274,6.949099139059356e-06,0.0017568602573324553,0.48661130611041065,0.028024670095237913,0.48151455132835513,1.005198341269156,11.676425751635792,false,false,0,single_teb,28,0,FORWARD,0.8958396019640427
17.11,6.372116711298318,0.00014840162654392616,0.004689763219848637,0.4847496472069338,0.030046086887458977,0.48290394572789064,0.9257002813062143,11.627883289648674,false,false,0,single_teb,28,0,FORWARD,0.8724345193080004
17.21,6.420537693911117,0.0004452664687026439,0.008806063812827294,0.4839915498197997,0.050861742921155535,0.46840545904842507,0.8871650446090329,11.579462314649824,false,false,0,single_teb,28,0,FORWARD,0.7344208898984484
17.31,6.468677370963998,0.0009911166741558798,0.015936933412902227,0.4791743359611508,0.08610497182874034,0.344534283524031,0.781460746824441,11.531322671629217,false,false,0,single_teb,28,0,FORWARD,0.5667058867240369
17.41,6.514361528361391,0.001900065261298308,0.026971828241007023,0.4374779774610375,0.12827852465065825,0.334318055986697,0.747273053092662,11.485638628802183,false,false,0,single_teb,30,0,FORWARD,0.5575424876821037
17.51,6.5556895414433205,0.0032503406813252323,0.042263848574600124,0.3997974151214806,0.1691250661416506,0.2132762752825538,0.7062824378606378,11.44431092012727,false,false,0,single_teb,30,0,FORWARD,0.477439420542951
17.61,6.591291370430243,0.004997431042175668,0.06015355576696298,0.33166803564057373,0.18529727000821872,0.12807809606149967,0.6374014030095636,11.40870972409836,false,false,0,single_teb,30,0,FORWARD,0.3942333159235488
17.71,6.620283283760674,0.006948869068777164,0.07842002621760606,0.2624506550593405,0.1761865755183578,-0.012439696312355064,0.6055036647007919,11.379718837855268,false,false,0,single_teb,30,0,FORWARD,0.3300920126553454
17.81,6.640359065743579,0.008626578197469419,0.09031812891558705,0.16658698894089694,0.08819968514834918,-0.07549067383989466,0.5528509241997906,11.359644209793084,false,false,0,single_teb,30,0,FORWARD,0.3150766386296036
17.91,6.65309140768397,0.00981098264158377,0.0961137324888538,0.10573882880238925,0.04178874217851191,-0.17402779882131897,0.5513485856296921,11.34691283379562,false,false,0,single_teb,30,0,FORWARD,0.4009410253378323
18.01,6.661169651138837,0.01059895157124039,0.09872897003388224,0.06711628553696808,0.017878500269861142,-0.27920215443383345,0.5229109028809422,11.338835302535678,false,false,0,single_teb,30,0,FORWARD,
18.11,6.666296225602899,0.011109074051006702,0.09973626691489766,0.04260115073430855,0.0060102712471432115,-0.22576617533090898,0.5142902914261714,11.333709218843994,false,false,0,single_teb,30,0,FORWARD,
18.21,6.669550028086909,0.011435082579506947,0.09996971447313827,0.027040501859830163,0.0004762567655521908,-0.24370239390954998,0.5105430457002891,11.330455742252335,false,false,0,single_teb,30,0,FORWARD,
18.31,6.6716153171384,0.011642190558074939,0.09986215141538438,0.017163591316856623,-0.0018129985972053081,-0.24597871719683467,0.5145564844014925,11.328390665204582,false,false,0,single_teb,30,0,FORWARD,
18.41,6.672926252835893,0.011773434728034523,0.09963066922211573,0.010894356488616086,-0.0025082949150638514,-0.25858686463053104,0.5204411352792533,11.327079865855083,false,false,0,single_teb,32,0,FORWARD,
18.51,6.6737583717822435,0.011856536998321761,0.0993782284216115,0.006915044824242996,-0.0024747002864106008,-0.3,0.5164685688857975,11.326247834046471,false,false,0,single_teb,32,0,NEUTRAL,
18.61,6.674286560942682,0.011909155102295116,0.09914888058497692,0.00438923078855153,-0.00215228917465244,-0.22501039228320843,0.5458655250957558,11.325719700381903,false,false,0,single_teb,32,0,NEUTRAL,
18.71,6.674621829045599,0.011942481310048297,0.09895796529311161,0.002786004632627627,-0.0017339466486429665,-0.20632478814641012,0.549339777502124,11.325384467557393,false,false,0,single_teb,32,0,NEUTRAL,
18.81,6.674834639606797,0.011963597552734292,0.09881362126976095,0.001768378603665095,-0.0012536545757392988,-0.19156355224101107,0.570143600209426,11.325171679401443,false,false,0,single_teb,32,0,NEUTRAL,
18.91,6.674969719929242,0.0119769835678798,0.09871358548093033,0.0011224543022209982,-0.0008474751441004115,-0.22341010130686312,0.5928940745185277,11.325036613303064,false,false,0,single_teb,32,0,NEUTRAL,
19.01,6.675055461068581,0.011985472696705848,0.09864680410415848,0.0007124626242158691,-0.0005614105340706482,-0.20695646082075034,0.6111737184785226,11.324950881192745,false,false,0,single_teb,32,0,NEUTRAL,
19.11,6.6751098844033026,0.011990857914124,0.0986030710178404,0.0004522259747235764,-0.00036501942007015115,-0.20371258640317016,0.6409438848533566,11.324896463589118,false,false,0,single_teb,32,0,NEUTRAL,
19.21,6.675144429004442,0.01199427480836043,0.09857481720313366,0.0002870442957478213,-0.0002348748253457631,-0.19493169126967735,0.6478182493497923,11.324861922625693,false,false,0,single_teb,32,0,NEUTRAL,
19.31,6.675166355773412,0.011996443104230205,0.0985567021536701,0.0001821974683602072,-0.00015024852580078596,-0.19155252022608307,0.6927580367012859,11.324839998165697,false,false,0,single_teb,32,0,NEUTRAL,
19.41,6.675180273513576,0.011997819184692924,0.09854513759999871,0.00011564736860694319,-9.579361194288673e-05,-0.1898246200744966,0.7250626208628385,11.324826081891114,false,false,0,single_teb,34,0,NEUTRAL,
19.51,6.675189107618769,0.011998692545674738,0.09853777297152347,7.340559660943787e-05,-6.0958861161578125e-05,-0.1866906096685147,0.842758090002401,11.324817248716176,false,false,0,single_teb,34,0,NEUTRAL,
19.61,6.675194714950553,0.011999246864385091,0.09853308955533512,4.659320552204947e-05,-3.8749369386737673e-05,-0.18487698765141616,0.8979937299656737,11.324811641974852,false,false,0,single_teb,34,0,NEUTRAL,
19.71,6.6751982741296585,0.011999598696408893,0.09853011360685192,2.9574404420014243e-05,-2.4616244864146015e-05,-0.18472925822013725,1.0076950645936495,11.324808083170536,false,false,0,single_teb,34,0,NEUTRAL,
19.81,6.675200533270828,0.01199982201126159,0.09852822349314887,1.8771951553851478e-05,-1.563233474803516e-05,-0.18277497150626676,1.0767570301544496,11.324805824267258,false,false,0,single_teb,34,0,NEUTRAL,
19.91,6.675201967230231,0.011999963755015206,0.09852702334265745,1.1915241305812145e-05,-9.92514679301523e-06,-0.18170052798782366,1.1825902762008844,11.324804390458855,false,false,0,single_teb,34,0,NEUTRAL,
20.01,6.675202877416581,0.012000053724004296,0.0985262614080928,7.563037597260526e-06,-6.300848128975039e-06,-0.1807720194850228,1.2383248570234158,11.324803480368349,false,false,0,single_teb,34,0,NEUTRAL,
20.11,6.675203455145041,0.012000110830222089,0.09852577772389969,4.800535400795859e-06,-3.999740522183609e-06,-0.17908881074359417,1.3724507280497027,11.324802902700725,false,false,0,single_teb,34,0,NEUTRAL,
20.21,6.675203821850351,0.012000147077466704,0.09852547069132216,3.047074649297213e-06,-2.5389130851084184e-06,-0.17751057320398064,1.4196543828698431,11.32480253603403,false,false,0,single_teb,34,0,NEUTRAL,
20.31,6.675204054611572,0.012000170084851878,0.09852527579905926,1.934089251138628e-06,-1.611588712414813e-06,-0.1744480435834584,1.4910327657660964,11.324802303297318,false,false,0,single_teb,34,0,NEUTRAL,
20.41,6.675204202353599,0.012000184688452549,0.09852515209110933,1.2276368851786238e-06,-1.022951570124403e-06,-0.17374513735436473,1.5857413949890196,11.32480215557085,false,false,0,single_teb,36,0,NEUTRAL,
20.51,6.674903761516287,0.011970487570528411,0.09877672257596683,-0.015098327985534246,0.012581089974242305,-0.17137841988816982,1.6902722269973647,11.325102564811086,false,false,0,single_teb,36,0,REVERSE,
20.61,6.669770810168619,0.011453099291987602,0.10307558652945156,-0.07232472150995779,0.060266869307631914,-0.17896502435872444,1.7597082949391942,11.330234978480831,false,false,0,single_teb,36,0,REVERSE,
20.71,6.660114929408784,0.010422767859476736,0.11116736931615591,-0.11127654041379118,0.09272500846713506,-0.2144230965470033,1.8127676344625097,11.339889860501618,false,false,0,single_teb,36,0,REVERSE,
20.81,6.646680659813069,0.008861872032173607,0.12243731271971789,-0.1489522208809855,0.12411979675372571,-0.24579813610508033,1.9430241852889343,11.353322798768584,false,false,0,single_teb,36,0,REVERSE,
20.91,6.629902682054474,0.006701271850808797,0.13653373099860364,-0.18243121868787587,0.1520175380160364,-0.2724843473903848,1.9840618464581448,11.370099292732515,false,false,0,single_teb,36,0,REVERSE,
21.01,6.6099682349762015,0.0038260986345488713,0.15331692233015848,-0.21371229940275485,0.17808376046838315,-0.26718927894390854,2.102280029975601,11.390032407648448,false,false,0,single_teb,36,0,REVERSE,
21.11,6.58764647392299,0.0002042747198044971,0.17216088576064512,-0.23324549245421394,0.19436059172660042,-0.3,2.1605907771222075,11.41235352790521,false,false,0,single_teb,36,0,REVERSE,
21.21,6.5634103549244935,-0.004215247834385128,0.19268991909124766,-0.2556464689897265,0.21302709200367712,-0.3,2.2835571176085967,11.436590421894222,false,false,0,single_teb,36,0,REVERSE,
21.31,6.5373538477666635,-0.009539331469885875,0.2148515376952012,-0.2718471985591823,0.22652698897383708,-0.2938882292968103,2.3460308463058364,11.4626501215973,false,false,0,single_teb,36,0,REVERSE,
21.41,6.510306516685105,-0.01570413270734033,0.2379682677550183,-0.28026718122321737,0.23354327435134087,-0.21504772117212942,2.471406498308288,11.489704215527606,false,false,0,single_teb,38,0,REVERSE,
21.51,6.484599294841678,-0.022180804731167444,0.2600596182749213,-0.25644488769017576,0.21369245152382219,-0.14434495853719553,2.5232310680104364,11.515422067317346,false,false,0,single_teb,38,0,REVERSE,
21.61,6.462381100800751,-0.028275715729210754,0.2792580440007551,-0.2154988661312175,0.1795726263947019,0.06695090542809135,2.654321983126303,11.537653547375207,false,false,0,single_teb,38,0,REVERSE,
21.71,6.445494277546104,-0.03322146460377491,0.2929261010188437,-0.14550449802195656,0.10331468899010164,0.048548213433939565,2.721906198665742,11.55455348146047,false,false,0,single_teb,38,0,REVERSE,
21.81,6.434810489681431,-0.03647772656176297,0.29993923095335795,-0.09235700401416,0.052252845224048265,0.09892564040636835,2.8313228401498014,11.565247037314757,false,false,0,single_teb,38,0,REVERSE,
21.91,6.42804094725392,-0.03858310834098167,0.30409069894543767,-0.058622353992001136,0.037412189487586185,0.1394529194609288,2.9003237995461637,11.572023374271295,false,false,0,single_teb,38,0,REVERSE,
22.01,6.423749141132651,-0.03993566642761685,0.3071831912823136,-0.03720974304273233,0.026754620020240524,0.19150647623646477,3.0190512451485807,11.576319743548899,false,false,0,single_teb,38,0,REVERSE,
22.11,6.421027304506157,-0.04080154198997168,0.3092261436799564,-0.02361837904863198,0.016836462367383453,0.1945544359845095,3.0728598382746184,11.57904458272878,false,false,0,single_teb,38,0,REVERSE,
22.21,6.419300619654709,-0.04135416645714247,0.31055413399064996,-0.014991445338502838,0.011313097492912302,0.2223038508341242,3.072152450350424,11.580773217061681,false,false,0,single_teb,38,0,REVERSE,
22.31,6.41820503705633,-0.04170620713556602,0.31144573362226813,-0.009515616328900271,0.007496045406646929,0.22012029636140001,3.0501192357813323,11.58187005502052,false,false,0,single_teb,38,0,NEUTRAL,
22.41,6.417509803309912,-0.0419301961265259,0.31202970911533523,-0.006039908232615827,0.004874399322176622,0.22133960688253568,3.0591910627161467,11.582566092959244,false,false,0,single_teb,40,0,NEUTRAL,
22.51,6.417068584596179,-0.04207259173659942,0.3124070211053467,-0.0038337497222984953,0.003136690163026263,0.2010206158196911,3.0672729757105315,11.583007825125742,false,false,0,single_teb,40,0,NEUTRAL,
22.61,6.41678855606157,-0.04216306538833724,0.3126406202457039,-0.002433420569845046,0.0018939862189901637,0.20305193356966247,3.065347364838522,11.58328818078309,false,false,0,single_teb,40,0,NEUTRAL,
22.71,6.416610823039163,-0.04222052723363017,0.31278200553154945,-0.0015445806582790643,0.001148735784886411,0.20398918342633235,3.0605270180062467,11.583466121927982,false,false,0,single_teb,40,0,NEUTRAL,
22.81,6.4164980137711956,-0.04225701382481382,0.31286888593447953,-0.0009804015958004761,0.0007115799625058263,0.2045887565104971,3.0642612115594186,11.583579063492596,false,false,0,single_teb,40,0,NEUTRAL,
22.91,6.416426411326392,-0.04228017846694664,0.3129227137594808,-0.0006222965980417319,0.00044092144898714617,0.2048800206724646,3.0690051826790983,11.583650749988449,false,false,0,single_teb,40,0,NEUTRAL,
23.01,6.4163809633187485,-0.04229488398521246,0.31295622429079456,-0.00039499431415972874,0.00027516029522630704,0.2052973875477876,3.059525421555441,11.583696251377434,false,false,0,single_teb,40,0,NEUTRAL,
23.11,6.416352116079531,-0.04230421893650069,0.3129773721027882,-0.00025071727647151877,0.00017501105662332507,0.20533224807693792,3.0701023849801237,11.58372513251221,false,false,0,single_teb,40,0,NEUTRAL,
23.21,6.416333805792989,-0.04231014450000885,0.3129905998526696,-0.00015913938623399236,0.00010829372783213835,0.2056912800264163,3.0719889911965543,11.583743464318518,false,false,0,single_teb,40,0,NEUTRAL,
23.31,6.416322183629566,-0.042313905801631475,0.3129989013996949,-0.00010101156413051868,6.858679008778587e-05,0.20575879202334404,3.0645833150597848,11.583755100143334,false,false,0,single_teb,40,0,NEUTRAL,
23.41,6.416314806636095,-0.04231629328903909,0.31300415312666835,-6.411571848776205e-05,4.3325530586597454e-05,0.20569296567169254,3.0637304100350553,11.583762485808998,false,false,0,single_teb,42,0,NEUTRAL,
23.51,6.416310124196464,-0.04231780873521925,0.31300746563088744,-4.06965815507053e-05,2.729913392038001e-05,0.2058632788070288,3.0628644737557584,11.583767173753515,false,false,0,single_teb,42,0,NEUTRAL,
23.61,6.416307152084217,-0.04231877065249239,0.3130095533253055,-2.583160243660582e-05,1.7221970029283755e-05,0.20582744543067186,3.0640641960457975,11.583770149360044,false,false,0,single_teb,42,0,NEUTRAL,
23.71,6.416305265577418,-0.04231938121977244,0.3130108630164711,-1.6396258826100235e-05,1.0765070798230501e-05,0.20595042917679976,3.0658225330666715,11.583772038084843,false,false,0,single_teb,42,0,NEUTRAL,
23.81,6.416304068143282,-0.04231976877039766,0.31301169053011796,-1.040730261129685e-05,6.848971621188951e-06,0.20600001772823387,3.0727235588387662,11.583773236926845,false,false,0,single_teb,42,0,NEUTRAL,
23.91,6.416303308088401,-0.0423200147634314,0.3130122163973067,-6.6058939903224055e-06,4.349127432729445e-06,0.20593142514345084,3.071410253313681,11.583773997875358,false,false,0,single_teb,42,0,NEUTRAL,
24.01,6.416302825653958,-0.04232017090438543,0.3130125495724801,-4.193001495316371e-06,2.7515114863511597e-06,0.20596713955661378,3.0746929780694283,11.583774480877029,false,false,0,single_teb,42,0,NEUTRAL,
24.11,6.416302519435274,-0.04232027001282254,0.3130127605352014,-2.66145075374836e-06,1.7431519620167066e-06,0.20600268903308883,3.056666544373434,11.583774787455752,false,false,0,single_teb,42,0,NEUTRAL,
24.21,6.416302325067135,-0.04232033292059207,0.3130128951339611,-1.6893197206201478e-06,1.1171989013057857e-06,0.20600810369003955,3.0658695015267545,11.583774982052422,false,false,0,single_teb,42,0,NEUTRAL,
24.31,6.416302201694602,-0.042320372850458636,0.3130129807208834,-1.0722727499116298e-06,7.06822259049226e-07,0.2059550780965876,3.0701325681482756,11.58377510557001,false,false,0,single_teb,42,0,NEUTRAL,
24.41,6.418229960580042,-0.041697320452555725,0.3116922583923356,0.04916139749947064,-0.031988363215157786,0.2060856740589459,3.0481764587716276,11.581845099660876,false,false,0,single_teb,44,0,FORWARD,
24.51,6.426385172753258,-0.039089607763317984,0.3061265842744797,0.10647223173395878,-0.0692778043060521,0.23315040443831153,3.072102955277365,11.573680839166974,false,false,0,single_teb,44,0,FORWARD,
24.61,6.439169504380695,-0.03509665643863361,0.2977940948626562,0.15110824178166624,-0.09062581802572495,0.2825920007375764,3.0563868745765213,11.560883769147342,false,false,0,single_teb,44,0,FORWARD,
24.71,6.456557729983618,-0.029836827644582075,0.2879547583287317,0.19913447042909482,-0.10205105313371246,0.314451245949395,3.0600240967792334,11.543480830212559,false,false,0,single_teb,44,0,FORWARD,
24.81,6.4782472727930855,-0.02351083324260932,0.27799813844381405,0.24125548881189932,-0.09741910678562037,0.34437711300203583,3.042402305955993,11.521776714820495,false,false,0,single_teb,44,0,FORWARD,
24.91,6.5037780500029445,-0.016328027882262813,0.26917927867306723,0.27892206254828306,-0.08214453917622266,0.376343321431527,3.031482571594244,11.496233545300331,false,false,0,single_teb,44,0,FORWARD,
25.01,6.532873626247253,-0.008400851372894213,0.2615965080020173,0.31450650043932266,-0.07191152638097204,0.41113363718081214,3.030349277892628,11.467129450996863,false,false,0,single_teb,44,0,FORWARD,
25.11,6.565501138518086,0.00024084431551433735,0.25536493561217966,0.35262037275086455,-0.05469396672740253,0.44357922472968725,3.0249954611740004,11.434498864018359,false,false,0,single_teb,44,0,FORWARD,
25.21,6.601682227800943,0.009615357697183177,0.25125268602689055,0.38584432875373015,-0.033132553484019986,0.4751066980707536,3.015053400718399,11.398321827845209,false,false,0,single_teb,44,0,FORWARD,
25.31,6.641073574540055,0.019688174959928566,0.24949041014867385,0.4184486214243412,-0.008562962414122506,0.4710086457162999,2.9821675091872497,11.358943487985382,false,false,0,single_teb,44,0,FORWARD,
25.41,6.682837699138229,0.030320453161784944,0.24894461011751287,0.4378944372541713,-0.006103866060263523,0.49500000000000005,2.9521456687880305,11.317202917414127,false,false,0,single_teb,46,0,FORWARD,
25.51,6.726558385942446,0.041456121790606246,0.2508013788350001,0.4587530196011432,0.03264770982632538,0.49500000000000005,2.9469616681227966,11.273517837640497,false,false,0,single_teb,46,0,FORWARD,
25.61,6.771792691545784,0.0531348473069706,0.2561506497914991,0.47199272146423105,0.0671288976199529,0.49500000000000005,2.911133126216417,11.228333031827253,false,false,0,single_teb,46,0,FORWARD,
25.71,6.817928157999461,0.0653836969499536,0.2652163818359712,0.48039644241264445,0.10387157787164647,0.43041427501810586,2.901661471324449,11.182262995811186,false,false,0,single_teb,46,0,FORWARD,
25.81,6.86310492857319,0.07789707438458396,0.2788848808282683,0.462139776960989,0.15801686689397967,0.42437530251198313,2.8598864831500106,11.137167493854461,false,false,0,single_teb,46,0,FORWARD,
25.91,6.906642649377408,0.09069551507691269,0.2974003901923734,0.44871058907569067,0.2011808929130246,0.4404449610855761,2.8535428800158553,11.093728092263095,false,false,0,single_teb,46,0,FORWARD,
26.01,6.949134036884588,0.10411718843059994,0.31938550249368114,0.4447207281440333,0.23097529743628895,0.4334502053352058,2.8275709905200057,11.05135642912984,false,false,0,single_teb,46,0,FORWARD,
26.11,6.991017417381614,0.1184260004222007,0.3449228156029645,0.4410265523966168,0.2733236082247053,0.435967260780843,2.7990792720747737,11.009619531208651,false,false,0,single_teb,46,0,FORWARD,
26.21,7.032218912617774,0.1337679222713359,0.3745071402282492,0.43902652837277373,0.30963015133786725,0.46272634428885123,2.7710511952529235,10.968596803500803,false,false,0,single_teb,46,0,FORWARD,
26.31,7.073374987213536,0.150564229281561,0.40738992074717656,0.44768320800473627,0.33970176157029297,0.45629330231452603,2.725502142976914,10.927662318958703,false,false,0,single_teb,46,0,FORWARD,
26.41,7.1144519730342015,0.1689726660880004,0.44245675609548263,0.4512167659295036,0.35654754355087487,0.4593026018316978,2.7104640512540885,10.886859400638178,false,false,0,single_teb,48,0,FORWARD,
26.51,7.155091607541654,0.1889519487021293,0.4787747767568679,0.453988443017953,0.3670221923835459,0.4611279423428363,2.662904062624084,10.84655433212464,false,false,0,single_teb,48,0,FORWARD,
26.61,7.195203645860774,0.2105326977446168,0.5159099486845016,0.4564859778341415,0.37385763187914417,0.4625601614491662,2.6420846529872177,10.80684728638468,false,false,0,single_teb,48,0,FORWARD,
26.71,7.234677923687361,0.2337121677315062,0.553582109538115,0.45861813910416727,0.3783926136995087,0.45595907638447736,2.5993434490753353,10.767858690756025,false,false,0,single_teb,48,0,FORWARD,
26.81,7.273306460286084,0.2584033717272559,0.5915134330188335,0.45804563544139315,0.37952246947619533,0.45247879268743835,2.55981314694924,10.729805524680318,false,false,0,single_teb,48,0,FORWARD,
26.91,7.3108288568325985,0.284442826817532,0.6294175925022699,0.45601227052188725,0.37875424840752664,0.4556194441940192,2.4918950495027508,10.692955038231977,false,false,0,single_teb,48,0,FORWARD,
27.01,7.347271062323738,0.3118356403326502,0.6673193312024156,0.45586878537063563,0.3791612400592483,0.45046171284946235,2.460529522563202,10.657292117896874,false,false,0,single_teb,48,0,FORWARD,
27.11,7.382548321652138,0.340506198201366,0.7051503361356601,0.4538937786985023,0.3778192922472241,0.46772491057900833,2.390484454939589,10.62291036454066,false,false,0,single_teb,48,0,FORWARD,
27.21,7.4169007264433935,0.3706582838100921,0.7432110299565637,0.4589457874592851,0.382199078727886,0.45916152086617895,2.362052486793982,10.5895881788345,false,false,0,single_teb,48,0,FORWARD,
27.31,7.450260513540591,0.40227151154125296,0.7814936701565299,0.45954188006111674,0.38279576558923956,0.45480419497619157,2.316730052931173,10.557406196654483,false,false,0,single_teb,48,0,FORWARD,
27.41,7.48232648615593,0.4350758899049416,0.8197117476533551,0.45807459144597734,0.3816308774360257,0.4687382475636537,2.235917119398375,10.52666837958685,false,false,0,single_teb,50,0,FORWARD,
27.51,7.513166740088232,0.4691398616540402,0.8579986198952315,0.46112791525323554,0.38420778975057884,0.47681684987382256,2.1666554334009853,10.49732175514233,false,false,0,single_teb,50,0,FORWARD,
27.61,7.542973502576563,0.5047202672978173,0.8966752429643802,0.4663705034502992,0.38859509327401187,0.46626032231079345,2.1423000218714443,10.469199860354038,false,false,0,single_teb,50,0,FORWARD,
27.71,7.571511751288367,0.5415995474624284,0.9355333293028395,0.46633025829271807,0.3885725890012314,0.4572270723068714,2.1118079642218444,10.442542660833528,false,false,0,single_teb,50,0,FORWARD,
27.81,7.598474728274041,0.579384370311267,0.9742147168535498,0.46300519598047507,0.38580824318571577,0.4503788922735363,2.0593960473608575,10.417649169890238,false,false,0,single_teb,50,0,FORWARD,
27.91,7.623761021191191,0.6178760749614256,1.0125929550422799,0.45880694857306886,0.38231354269430673,0.46283832360513644,2.0159781843963516,10.394619097848704,false,false,0,single_teb,50,0,FORWARD,
28.01,7.647464342031587,0.6571595252461006,1.0508266636474846,0.4595268198378642,0.3829154480919444,0.46264975760080357,2.0037651869778847,10.373372315266101,false,false,0,single_teb,50,0,FORWARD,
28.11,7.669715443081233,0.697445548137033,1.0891787598566802,0.460667515268582,0.38386714984796527,0.4622083243931514,1.9788013631794876,10.353801684382917,false,false,0,single_teb,50,0,FORWARD,
28.21,7.690440595288463,0.7386275879921492,1.1275980434030708,0.4612569826078183,0.38435902222696816,0.46263111679448504,1.916628596073899,10.335984995781446,false,false,0,single_teb,50,0,FORWARD,
28.31,7.709589439855602,0.7806227862774151,1.1660605808205708,0.46175890378169676,0.38477765576488565,0.4567788148330476,1.9050582647361691,10.319976813481068,false,false,0,single_teb,50,0,FORWARD,
28.41,7.72708928645784,0.8232723167962513,1.2044775464979394,0.4602933816444073,0.3835566781649548,0.45724703658465127,1.8684324773140613,10.305846488086864,false,false,0,single_teb,52,0,FORWARD,
28.51,7.742890611738074,0.8664262028869699,1.2427742299828086,0.4591806627387372,0.38262959105524114,0.4576482603897257,1.8396108770883535,10.293638198801244,false,false,0,single_teb,52,0,FORWARD,
28.61,7.757005808098334,0.9100806941825387,1.2810075187761094,0.45862093196911297,0.3821632473864999,0.45649859737125426,1.7861129611694393,10.283344635149355,false,false,0,single_teb,52,0,FORWARD,
28.71,7.769426332747973,0.9541835881804653,1.319189745577677,0.4579151687133547,0.38157518531505696,0.4576195669567581,1.7649506027784385,10.274974641381046,false,false,0,single_teb,52,0,FORWARD,
28.81,7.780146259052302,0.998692834547821,1.3573415413169985,0.4578071961571727,0.38148523710406224,0.4565302404801421,1.6952126163777317,10.26853435813212,false,false,0,single_teb,52,0,FORWARD,
28.91,7.78915457577966,1.0435455361944608,1.3954653376166208,0.457340770753726,0.3810965841843637,0.4562313070412022,1.6864017445880881,10.264031935035707,false,false,0,single_teb,52,0,FORWARD,
29.01,7.796440635577538,1.0886666948986043,1.4335535117335296,0.45693552406503374,0.38075890486584235,0.4565303108866418,1.6073044600811646,10.26147254909717,false,false,0,single_teb,52,0,FORWARD,
29.11,7.802000669424329,1.13400855524639,1.4716215555418437,0.4567875144484017,0.38063557474946447,0.45658900566829735,1.5820975569806177,10.260855994983745,false,false,0,single_teb,52,0,FORWARD,
29.21,7.805830329500522,1.1795192008551059,1.5096812690533243,0.456715006420509,0.3805751572731845,0.4545913245522845,1.571196003997797,10.262181094490453,false,false,0,single_teb,52,0,FORWARD,
29.31,7.807924365153201,1.2251052309965629,1.5477098203641073,0.4560599777172006,0.38002933116968846,0.4555950765391089,1.5156203947906437,10.26544146997356,false,false,0,single_teb,52,0,FORWARD,
29.41,7.80828409171631,1.2706890411546075,1.5856976404699896,0.4558295320904137,0.37983730443497066,0.45543463122488426,1.4735901441992318,10.27062431376366,false,false,0,single_teb,54,0,FORWARD,
29.51,7.806912930191935,1.3162407277347785,1.6236747003674064,0.4556949812879435,0.37972518534773575,0.4526290358603204,1.4006520753930731,10.277719283286352,false,false,0,single_teb,54,0,FORWARD,
29.61,7.803817927092824,1.3616515013755375,1.6616049255281646,0.45474458211023805,0.3789332293441408,0.4570935833322816,1.3867076732111996,10.286701301927256,false,false,0,single_teb,54,0,FORWARD,
29.71,7.7990018766605465,1.4069224768476996,1.6995437369795048,0.45560258670851533,0.3796481944899475,0.4554829823653072,1.3177575025967077,10.29756250615816,false,false,0,single_teb,54,0,FORWARD,
29.81,7.792465808284337,1.4520178909047896,1.7375160446565998,0.45565619199095136,0.3796928632240357,0.45556166629234374,1.2876076125041669,10.3102914716584,false,false,0,single_teb,54,0,FORWARD,
29.91,7.784223738709654,1.496826394401738,1.7754830215081332,0.45561691209570904,0.37966013180943853,0.4540241617252712,1.2165473955635693,10.324852244740411,false,false,0,single_teb,54,0,FORWARD,
30.01,7.774295663385649,1.5412526351945788,1.8134181910137108,0.4550351383916687,0.37917534675986364,0.4579905186369308,1.1893424494329248,10.34120345343557,false,false,0,single_teb,54,0,FORWARD,
30.11,7.762684818792142,1.5852882375845228,1.8513688119688636,0.455875033420789,0.37987522127500656,0.45450645691952274,1.1140081730481959,10.35933206899039,false,false,0,single_teb,54,0,FORWARD,
30.21,7.749407739840717,1.6288634777734625,1.8893298315560036,0.4553751422669823,0.3794586679562643,0.4586110178268465,1.0618235439279544,10.379202180960812,false,false,0,single_teb,54,0,FORWARD,
30.31,7.734466970798288,1.6719570127414942,1.9273383612171284,0.4565570897618419,0.3804435706946585,0.45602820994414595,1.0110471558133964,10.400798460987827,false,false,0,single_teb,54,0,FORWARD,
30.41,7.717887879048719,1.7144801150874451,1.965372476507087,0.4563639092256801,0.3802825956641383,0.4537985249970442,0.9490105564455608,10.424071744421346,false,false,0,single_teb,56,0,FORWARD,
30.51,7.699731315597509,1.75628133133096,2.0033510573010775,0.45542686779553443,0.3795017702324287,0.45232265005278394,0.8817770970006273,10.448926216873401,false,false,0,single_teb,56,0,FORWARD,
30.61,7.680043294102827,1.7972776148082743,2.041250105253024,0.45438216403608334,0.37863123106659874,0.4572761276761759,0.8562304194122419,10.475290603906076,false,false,0,single_teb,56,0,FORWARD,
30.71,7.658804470907442,1.8375196590018321,2.079169270086272,0.4554392235587202,0.3795120661440461,0.4551393585921339,0.8198240292210863,10.503180635795148,false,false,0,single_teb,56,0,FORWARD,
30.81,7.636039185362172,1.8769546316802677,2.117114669803119,0.4553296938071905,0.37942079631045583,0.4552036853370363,0.7584381000012054,10.532551564399503,false,false,0,single_teb,56,0,FORWARD,
30.91,7.611798039248741,1.9154917925318038,2.1550543092748997,0.45528366750213817,0.37938244314030584,0.45663351724337686,0.7591153634521653,10.563325649842145,false,false,0,single_teb,56,0,FORWARD,
31.01,7.586095479258191,1.9531060014180845,2.193018693485456,0.45577671845251555,0.3797932966093676,0.4590267292905196,0.7595338670793316,10.595472165972692,false,false,0,single_teb,56,0,FORWARD,
31.11,7.558927027103155,1.989791811907191,2.2310609597417783,0.45696382904968774,0.3807825016936061,0.46651848671834234,0.7522760829797472,10.628982843155304,false,false,0,single_teb,56,0,FORWARD,
31.21,7.530279674887079,2.02554622882013,2.2688920663204932,0.45950561098000503,0.3744986737881782,0.4650420858020117,0.7502038876276159,10.663858645498355,false,false,0,single_teb,56,0,FORWARD,
31.31,7.5001466875587965,2.060404081944856,2.3054168479184796,0.4615278835999381,0.3601773159200687,0.4723777458462027,0.7550829637112102,10.70010208192789,false,false,0,single_teb,56,0,FORWARD,
31.41,7.468596598264142,2.094357424203453,2.3400694577234065,0.4650478141845088,0.3361578427343132,0.4710002921577089,0.7402448029422053,10.7376343125667,false,false,0,single_teb,58,0,FORWARD,
31.51,7.435713561893674,2.1274489112921047,2.371722122443601,0.4673052461518954,0.3027047217676412,0.47293839779775954,0.7536037393293147,10.776371690718317,false,false,0,single_teb,58,0,FORWARD,
31.61,7.4016979560225735,2.1596792333086428,2.399520842080998,0.4693628312947162,0.2644890635702134,0.4728150383785494,0.7262000925909529,10.8161093100135,false,false,0,single_teb,58,0,FORWARD,
31.71,7.366731690070862,2.1911086412818164,2.4235345105340196,0.47062379681671684,0.22682142560520294,0.46838986428889157,0.727413180802159,10.856673156581767,false,false,0,single_teb,58,0,FORWARD,
31.81,7.331043105059687,2.221756188615731,2.4440206825420687,0.47007513636743453,0.1899940234616021,0.47150398770442675,0.7110762389794528,10.89783656455476,false,false,0,single_teb,58,0,FORWARD,
31.91,7.294785629988672,2.2517257663130685,2.4603201733156475,0.47059704372358624,0.14820632307671924,0.46636419761640807,0.707442646606552,10.939464504013678,false,false,0,single_teb,58,0,FORWARD,
32.01,7.258121136090963,2.2811295151804023,2.4728600432788017,0.4693614211147608,0.11028320226627338,0.46504006159814854,0.6884354374936885,10.981416729726766,false,false,0,single_teb,58,0,FORWARD,
32.11,7.221268459281018,2.3100336915685435,2.4811360869403796,0.4677829858626765,0.06766481671979414,0.46194936184339064,0.6842693105866633,11.023488979586817,false,false,0,single_teb,58,0,FORWARD,
32.21,7.184378514213064,2.3385761624887267,2.4852304259112468,0.4656521754628361,0.026266269176608535,0.45733962943465756,0.6766398207999672,11.065559479374576,false,false,0,single_teb,58,0,FORWARD,
32.31,7.14760155503041,2.366877143313424,2.485667884105905,0.462894367586942,-0.009980048484619461,0.46071790003045,0.6905762213500857,11.107504644154686,false,false,0,single_teb,58,0,FORWARD,
32.41,7.110992680512061,2.395122851531501,2.4817393521823967,0.4620993832531975,-0.0554838286888948,0.4576682539082917,0.6771054771544298,11.149309121097607,false,false,0,single_teb,60,0,FORWARD,
32.51,7.07462606055355,2.423501830833277,2.4740264756652564,0.46066507460750805,-0.09073271892677748,0.45607804732660107,0.6820531493809179,11.190940838052352,false,false,0,single_teb,60,0,FORWARD,
32.61,7.038656827090124,2.4521113704182755,2.4623703868810223,0.4589896005964653,-0.13087179310432392,0.4528654363482426,0.6819266273117317,11.232270221430419,false,false,0,single_teb,60,0,FORWARD,
32.71,7.0032254894380666,2.4810639539775656,2.446959910162757,0.4567526664321616,-0.1669788291987479,0.45222810975452993,0.6838107288701236,11.273186239030714,false,false,0,single_teb,60,0,FORWARD,
32.81,6.96842896934452,2.510488098383791,2.4280310528295095,0.4551000106573822,-0.20167810124271773,0.45130174642366166,0.6759705994054181,11.313624967114825,false,false,0,single_teb,60,0,FORWARD,
32.91,6.93433896743142,2.540513800336549,2.406079858420155,0.4537686023632339,-0.23107785755958393,0.4463311837417102,0.6887102863208989,11.353548540320212,false,false,0,single_teb,60,0,FORWARD,
33.01,6.901091468621787,2.571192641685318,2.3810398594171893,0.4513522435159204,-0.26359468006351733,0.4474768403888767,0.6720134699006794,11.392839952731576,false,false,0,single_teb,60,0,FORWARD,
33.11,6.8688068266074875,2.6026034642236393,2.352589995798324,0.4499366998916864,-0.29614455709056453,0.44419856381656636,0.6835085971586344,11.431404386835807,false,false,0,single_teb,60,0,FORWARD,
33.21,6.837578198975593,2.6348403222362444,2.321275242802416,0.4480388002833298,-0.32422674551055347,0.4617004263225543,0.7005622060175132,11.469177999650496,false,false,0,single_teb,60,0,FORWARD,
33.31,6.807253517356103,2.6682493881125877,2.2872889479115033,0.45302889473351565,-0.34866098470668516,0.4573313282847336,0.7177557983090392,11.50639511845046,false,false,0,single_teb,60,0,FORWARD,
33.41,6.777926106065155,2.7029064926260014,2.251560915147421,0.454600417019705,-0.36208750564809583,0.45548836201825366,0.7170083560635558,11.542991206304098,false,false,0,single_teb,62,0,FORWARD,
33.51,6.749822373109642,2.7386619159213326,2.2148792833225968,0.45492475098965895,-0.3694397269137052,0.4549842549132984,0.723593202340145,11.578720383803311,false,false,0,single_teb,62,0,FORWARD,
33.61,6.723049689302136,2.775440791947905,2.1776703988862396,0.4549464856058947,-0.37355463905363945,0.4544575730276207,0.7245119847943298,11.61346976142604,false,false,0,single_teb,62,0,FORWARD,
33.71,6.697674503711097,2.8131846239232736,2.1401723385170386,0.45476790364672914,-0.37576691745469565,0.4538808102639395,0.7427618391442373,11.647170014743518,false,false,0,single_teb,62,0,FORWARD,
33.81,6.673748711108556,2.851831569929571,2.10255360055352,0.454443880740997,-0.3764162419582153,0.45691381984968255,0.7488103774792361,11.679765047395518,false,false,0,single_teb,62,0,FORWARD,
33.91,6.651271677385025,2.8913911576250326,2.064911884810863,0.4553460595448349,-0.3764266242936773,0.4552664106121059,0.7476620074917584,11.711267111927537,false,false,0,single_teb,62,0,FORWARD,
34.01,6.630278780225638,2.9318063967732844,2.027325315239344,0.4554164825795398,-0.37535582146229995,0.45917661673240956,0.7692108192135803,11.741637422589243,false,false,0,single_teb,62,0,FORWARD,
34.11,6.61079403868705,2.973031555067899,1.9898534536371195,0.45655371683228463,-0.37433847178450735,0.46066398473384174,0.7751070853878765,11.770850821271837,false,false,0,single_teb,62,0,FORWARD,
34.21,6.592810767773524,3.015085308725003,1.9524950570716717,0.45796519980850725,-0.37304595301521415,0.4595678361887391,0.7636392004418447,11.798928154655108,false,false,0,single_teb,62,0,FORWARD,
34.31,6.576370803835675,3.0578750677053788,1.9153673921663583,0.45861680011549366,-0.36988189803334515,0.4650326742225606,0.790109932105711,11.825815149119833,false,false,0,single_teb,62,0,FORWARD,
34.41,6.561474519154002,3.101405048131966,1.878217326414382,0.4609602852674693,-0.3724189718083859,0.4627213337802159,0.7991217967678814,11.851522199639236,false,false,0,single_teb,64,0,FORWARD,
34.51,6.548165918958459,3.1455782058856947,1.8413727340633192,0.461603532153655,-0.3662620288531379,0.4639433440653451,0.809958223312091,11.875991161543007,false,false,0,single_teb,64,0,FORWARD,
34.61,6.536467708391087,3.1902760908390797,1.804931703716377,0.4623843616336677,-0.3635313416943166,0.46115575188070035,0.8207165706710259,11.899177876498015,false,false,0,single_teb,64,0,FORWARD,
34.71,6.526400002284519,3.2353734372829503,1.7687394042545554,0.461935595235574,-0.3610315192362838,0.46511353543113104,0.8099148866345196,11.921037630435231,false,false,0,single_teb,64,0,FORWARD,
34.81,6.517956779160314,3.280861495104263,1.7327434084656421,0.46309638105179673,-0.3593786628981733,0.4628677679799649,0.8184589685499861,11.941581498080074,false,false,0,single_teb,64,0,FORWARD,
34.91,6.51114465230494,3.3266761742544344,1.6969485428522635,0.4631485382410505,-0.35687074129343177,0.4716119708961839,0.8417838212658673,11.960793099481888,false,false,0,single_teb,64,0,FORWARD,
35.01,6.505945169596216,3.372893860409193,1.6618575179924047,0.4662399219607223,-0.34764659948325966,0.4666162746350958,0.8447167417423467,11.978719023247626,false,false,0,single_teb,64,0,FORWARD,
35.11,6.502351990984901,3.419385690958205,1.627016365668102,0.46637738988630534,-0.34883549323730645,0.47436412779840037,0.8332724472544926,11.995336937441088,false,false,0,single_teb,64,0,FORWARD,
35.21,6.50037581234962,3.466108398268271,1.5922523690413106,0.46882662586381646,-0.3464324605399947,0.46960230035475914,0.8515082591035432,12.010631285895819,false,false,0,single_teb,64,0,FORWARD,
35.31,6.500017772889027,3.513001915057918,1.5577448695534992,0.46893152326845633,-0.3441232851251255,0.4675490240787648,0.8533411223325851,12.024590374689229,false,false,0,single_teb,64,0,FORWARD,
35.41,6.501272164769658,3.5598439425826163,1.5234767096334767,0.46842654666361744,-0.34188175089629,0.4698313560434101,0.8534714194305013,12.037160409508681,false,false,0,single_teb,66,0,FORWARD,
35.51,6.504130249459116,3.606629829716779,1.4892351567617113,0.4689396723683868,-0.3427151205114679,0.4800549139571678,0.859140633867032,12.048352586557375,false,false,0,single_teb,66,0,FORWARD,
35.61,6.508579506860332,3.6535697991749045,1.4577313231789866,0.4729996653154489,-0.2999501102935421,0.4827921701208996,0.8433490685243463,12.05824685547585,false,false,0,single_teb,66,0,FORWARD,
35.71,6.514488709303506,3.7007269747204368,1.4292184774911216,0.47657651068823237,-0.27699531419749807,0.4803997916757994,0.8450137864751479,12.06699423013619,false,false,0,single_teb,66,0,FORWARD,
35.81,6.521754053743446,3.7479336389790427,1.4010227281846384,0.47811753361669956,-0.28931239262626735,0.47595131685012326,0.8387761014380861,12.074648506890199,false,false,0,single_teb,66,0,FORWARD,
35.91,6.530378136481493,3.794908286857229,1.3712935038535794,0.4773262935231883,-0.30170735026375234,0.4675054929988072,0.8345316031956194,12.081123896300353,false,false,0,single_teb,66,0,FORWARD,
36.01,6.540369873878856,3.8413481011123727,1.3398140794397604,0.4737391127547797,-0.32201306066451973,0.45943496064747524,0.8240059512534548,12.086317795814528,false,false,0,single_teb,66,0,FORWARD,
36.11,6.551743651570275,3.8869917448286113,1.306279017563024,0.46851432693204276,-0.3426809462327534,0.4696719590621668,0.8153728338936347,12.090131440299865,false,false,0,single_teb,66,0,FORWARD,
36.21,6.5646156360808385,3.932065972654949,1.2722148213149127,0.4689371677894416,-0.33952046849270445,0.4900840960029183,0.8049383739017961,12.092524896144633,false,false,0,single_teb,66,0,FORWARD,
36.31,6.579133176163353,3.9771704741637524,1.2411068626688262,0.4766613705171089,-0.2955370591768204,0.48495628963401494,0.7956637534380547,12.093555473407005,false,false,0,single_teb,66,0,FORWARD,
36.41,6.595156677346333,4.022265550291344,1.2119490977797434,0.4796912023783507,-0.2894086904364522,0.48340580639118796,0.8047412532248903,12.093348228317021,false,false,0,single_teb,68,0,FORWARD,
36.51,6.612547209163394,4.0670744478828516,1.1839726664626806,0.481141672773455,-0.2719241671863158,0.46334555771431174,0.8002102629996742,12.091946726154312,false,false,0,single_teb,68,0,FORWARD,
36.61,6.631058418674348,4.111034878356416,1.1536577981811007,0.47464140005800154,-0.32048859624349735,0.451344587501853,0.809341456160685,12.08939371724895,false,false,0,single_teb,68,0,FORWARD,
36.71,6.650634031572908,4.153676895877485,1.1199969180780105,0.4661319228764657,-0.3454230751622025,0.494504831906748,0.777524666039658,12.085575685114774,false,false,0,single_teb,68,0,FORWARD,
36.81,6.671837174891774,4.195924856421919,1.083785207639632,0.47649551323394823,-0.37157847709875585,0.45881665075870043,0.7749801437541965,12.080275592589075,false,false,0,single_teb,68,0,FORWARD,
36.91,6.6945637225150145,4.237334380587789,1.046261862553154,0.47003806861717695,-0.37716861166096083,0.46049712115179414,0.7790109175475954,12.073437459033153,false,false,0,single_teb,68,0,FORWARD,
37.01,6.718601109139132,4.2774656109770675,1.0083289635280166,0.4665531079792686,-0.3804813050209713,0.4529989542229754,0.7786572071770209,12.065101449544807,false,false,0,single_teb,68,0,FORWARD,
37.11,6.743903995654099,4.316284948396588,0.9703125674319003,0.4616022692400109,-0.379931036026589,0.4531792524698976,0.771945863806649,12.055289835371305,false,false,0,single_teb,68,0,FORWARD,
37.21,6.770446572702325,4.353808028724941,0.9323519489089438,0.45852564797123324,-0.379392630590933,0.45250765414187544,0.7691040131310004,12.044024017226247,false,false,0,single_teb,68,0,FORWARD,
37.31,6.79824336132931,4.3901012617489865,0.8944507799668658,0.45636806357667914,-0.3787481272002412,0.4517617949734751,0.7636894079903144,12.031306698792651,false,false,0,single_teb,68,0,FORWARD,
37.41,6.82728094948452,4.425178483840813,0.8566147659936418,0.45493670643891776,-0.3782133559329576,0.45413338566998035,0.7545581160420616,12.017148397003309,false,false,0,single_teb,70,0,FORWARD,
37.51,6.85758174838457,4.459084245264798,0.8187848076998916,0.45464328261811604,-0.3783441454978078,0.45085202551167725,0.7535415489779136,12.00153810143939,false,false,0,single_teb,70,0,FORWARD,
37.61,6.889073982856907,4.491749296105104,0.7810098897114633,0.45325847447070017,-0.377406161166359,0.4498861562502404,0.7557664711580894,11.984510365362782,false,false,0,single_teb,70,0,FORWARD,
37.71,6.921683469717143,4.523113652798083,0.7433266179874036,0.4520266894410221,-0.3765032302245423,0.44795386435719253,0.7527235348330161,11.966104389535754,false,false,0,single_teb,70,0,FORWARD,
37.81,6.955356769983336,4.553145064305949,0.7057388468785497,0.45065575970667876,-0.37543155537496137,0.4574508136962529,0.7268425436980794,11.946349821387557,false,false,0,single_teb,70,0,FORWARD,
37.91,6.990213984037844,4.581953162519333,0.6680615322703901,0.45313774546040475,-0.3775397479828037,0.4574678460893237,0.7443695862398765,11.925170141377304,false,false,0,single_teb,70,0,FORWARD,
38.01,7.0262849171143635,4.60954135604372,0.6302223196165283,0.45471834463802707,-0.37887997348972907,0.45624926152581535,0.73121835908962,11.902533101547295,false,false,0,single_teb,70,0,FORWARD,
38.11,7.0634505811077295,4.635797780387537,0.5923038156510386,0.45527753282276545,-0.3793592971307831,0.4503117821962643,0.7500147131087145,11.878498821505975,false,false,0,single_teb,70,0,FORWARD,
38.21,7.101504470041206,4.66057573240138,0.5544635496135707,0.45346372496628007,-0.3778556008336537,0.4586274491566441,0.7400079277159533,11.853192438072558,false,false,0,single_teb,70,0,FORWARD,
38.31,7.140515273114213,4.683923349588882,0.5165777126521577,0.45534984535565715,-0.379431650685383,0.45272813234595327,0.7249723883636068,11.826561058832343,false,false,0,single_teb,70,0,FORWARD,
38.41,7.180389208320406,4.7057801928965635,0.47868515358422786,0.4543922290732219,-0.37863621854408064,0.4661433441268004,0.7144485162510179,11.798658606269068,false,false,0,single_teb,72,0,FORWARD,
38.51,7.2212657640582805,4.726208523813168,0.44060448900736243,0.458047840964597,-0.38168382965160874,0.45881713328474444,0.7223842647673449,11.769373761573993,false,false,0,single_teb,72,0,FORWARD,
38.61,7.263003290883851,4.745114880800224,0.4024211547254577,0.4583288354323358,-0.3819188163902272,0.45760859588167596,0.7165557634038588,11.738790975375732,false,false,0,single_teb,72,0,FORWARD,
38.71,7.305425835717807,4.76241171093977,0.36424338761747077,0.45805387229889116,-0.38169017443929465,0.4574718185062905,0.7022768747014663,11.707027029089344,false,false,0,single_teb,72,0,FORWARD,
38.81,7.348454942899717,4.778068855707933,0.32608562388288553,0.4578412692462365,-0.38151329092620495,0.4525638211002363,0.7156401168508193,11.674131834672913,false,false,0,single_teb,72,0,FORWARD,
38.91,7.391925307390322,4.7920351274802195,0.28803648253332537,0.4559136096375715,-0.37990715431589367,0.4515206652352677,0.7128028862931794,11.640225485229669,false,false,0,single_teb,72,0,FORWARD,
39.01,7.435728969222323,4.804293800620633,0.2501308307974462,0.45430902703378984,-0.37857016562213336,0.45234749683648495,0.718451141641385,11.605389322828007,false,false,0,single_teb,72,0,FORWARD,
39.11,7.47986428204849,4.814860990849734,0.2123117960114764,0.45359255148956545,-0.3779731869016458,0.4601466447319672,0.7072943936986587,11.569621510028995,false,false,0,single_teb,72,0,FORWARD,
39.21,7.524493893525293,4.823775115988095,0.17438573198058355,0.4560959186301759,-0.38005924223228804,0.4614055224535239,0.712858150694365,11.532780868308166,false,false,0,single_teb,72,0,FORWARD,
39.31,7.569646354670371,4.831022062613115,0.13627698596490315,0.45803532353670035,-0.38167534216394017,0.4647975025681498,0.7166995020873617,11.494827155555482,false,false,0,single_teb,72,0,FORWARD,
39.41,7.6152681399365925,4.836571156423966,0.09826214942361568,0.46050530126549455,-0.37932734493097925,0.4681629712340295,0.7114604007405898,11.455787897677238,false,false,0,single_teb,74,0,FORWARD,
39.51,7.661347986276397,4.840415243712176,0.060945632598794444,0.4640030461830244,-0.36825205386482884,0.47622606372769416,0.7034249908115819,11.41566227568214,false,false,0,single_teb,74,0,FORWARD,
39.61,7.707979611847686,4.842581734255903,0.02495523768109087,0.4684676693427463,-0.3553345612981034,0.47641249954955467,0.7040480977680639,11.374369500024686,false,false,0,single_teb,74,0,FORWARD,
39.71,7.755005908397565,4.8430962755005655,-0.009818394083739166,0.4713696264749966,-0.3435712000563342,0.4781388121959978,0.7022631866669602,11.332055659532223,false,false,0,single_teb,74,0,FORWARD,
39.81,7.802285035527196,4.841988617729938,-0.04364360224581259,0.47384216349230773,-0.33533643604948365,0.477927820747884,0.7089166243181846,11.288854869775715,false,false,0,single_teb,74,0,FORWARD,
39.91,7.849689810024742,4.839286000227271,-0.07671457971424753,0.4755040008756851,-0.32711013386359533,0.47973163441146394,0.7006305752629478,11.244887102355062,false,false,0,single_teb,74,0,FORWARD,
40.01,7.8971450507974685,4.835019339560243,-0.10893597741739737,0.4770482014403718,-0.3195251749318642,0.47910978105598134,0.6923883716747288,11.200227236022831,false,false,0,single_teb,74,0,FORWARD,
40.11,7.944549446819963,4.82923921806091,-0.13915122676430072,0.4778387860058622,-0.28765752248509774,0.49500000000000005,0.6850243860322112,11.154982620009152,false,false,0,single_teb,74,0,FORWARD,
40.21,7.992160351119083,4.822010521947736,-0.1676921701379458,0.48287904300909945,-0.2766752037862933,0.48086743845227975,0.6816525474717341,11.108944140263178,false,false,0,single_teb,74,0,FORWARD,
40.31,8.039637667795322,4.813466959586403,-0.1928568491033759,0.4821442771249994,-0.237983010683756,0.4825756965384242,0.6645293902168525,11.062471783459236,false,false,0,single_teb,74,0,FORWARD,
40.41,8.086868992044488,4.803797272510415,-0.21506547855022787,0.4821986673083891,-0.21270326153888855,0.4841241363207803,0.6556961010704292,11.015744850724692,false,false,0,single_teb,76,0,FORWARD,
40.51,8.133937508061342,4.7931222468060035,-0.23439389840829555,0.4829019710150746,-0.18262750153734103,0.48717807389478535,0.6462134800577611,10.968737847522178,false,false,0,single_teb,76,0,FORWARD,
40.61,8.180927118801895,4.781569031759916,-0.2504793333281259,0.4844638756658975,-0.14889060205618262,0.4874318371698532,0.6142191680566013,10.921428233146317,false,false,0,single_teb,76,0,FORWARD,
40.71,8.22786298634332,4.769291721056615,-0.2632764055526093,0.4855479639132797,-0.11646303223874616,0.48844137389373865,0.608941287357496,10.873858806064113,false,false,0,single_teb,76,0,FORWARD,
40.81,8.274762264915603,4.75646418022376,-0.27147291268572105,0.48660482120421605,-0.061724424423101505,0.4850104469815749,0.613351114811942,10.826088882955892,false,false,0,single_teb,76,0,FORWARD,
40.91,8.321599879549307,4.743314742073529,-0.2772234745546889,0.48622970811600313,-0.06095103519822911,0.49500000000000005,0.6105430803919286,10.77824028466206,false,false,0,single_teb,76,0,FORWARD,
41.01,8.368457431686119,4.729850137926136,-0.2838977969488593,0.48882973231804316,-0.07071742223783468,0.48767262491240804,0.6055227677509312,10.730242055633333,false,false,0,single_teb,76,0,FORWARD,
41.11,8.415310048228493,4.716004326363278,-0.2932081870244216,0.4883930963434575,-0.10783547768270044,0.48751167099732073,0.5817754012070901,10.682086794155289,false,false,0,single_teb,76,0,FORWARD,
41.21,8.461975459327782,4.701666018602278,-0.3060454300692672,0.4880711437650908,-0.13976251279481178,0.4869618483886216,0.5880127208091225,10.63388807017193,false,false,0,single_teb,76,0,FORWARD,
41.31,8.508397472549156,4.686680444855722,-0.32220231142723654,0.4876659585634287,-0.17367973872646544,0.4898393715453225,0.5913054545031211,10.585626676361882,false,false,0,single_teb,76,0,FORWARD,
41.41,8.554583731847712,4.67087320704045,-0.3417010683587077,0.48845982717231684,-0.2068569615399298,0.48627391662454683,0.5767747806324266,10.537217137125163,false,false,0,single_teb,78,0,FORWARD,
41.51,8.600409047602215,4.654112773096127,-0.3647249442726973,0.4876613936577622,-0.2432547533976973,0.49500000000000005,0.5771755678391404,10.488711826391972,false,false,0,single_teb,78,0,FORWARD,
41.61,8.645969645851201,4.636253844082551,-0.3859204449110172,0.49034191929031556,-0.19483127244773518,0.49500000000000005,0.5874616972461391,10.4399585043767,false,false,0,single_teb,78,0,FORWARD,
41.71,8.691359924182104,4.617421988009449,-0.4038363986372918,0.49204334653120013,-0.17053676607242288,0.4940865922115969,0.5859664217365259,10.390927094175773,false,false,0,single_teb,78,0,FORWARD,
41.81,8.736520489927026,4.597765668058324,-0.42052211480262713,0.49259254705794014,-0.16559369042049385,0.49118323804928216,0.5943983051701887,10.341735916755836,false,false,0,single_teb,78,0,FORWARD,
41.91,8.781331855122838,4.577374684214296,-0.43679501395507125,0.4924094516822565,-0.16439038540340323,0.49500000000000005,0.5916161677257756,10.292531339037005,false,false,0,single_teb,78,0,FORWARD,
42.01,8.825860232941613,4.556214127249168,-0.45412039949437527,0.49335568463770374,-0.1781721129310369,0.49125049320431957,0.5859079540843319,10.243238142251064,false,false,0,single_teb,78,0,FORWARD,
42.11,8.869990595436988,4.534268902778082,-0.4727777924337423,0.4925740191816951,-0.19271314440415335,0.49110416640287224,0.598592221419981,10.193952433188484,false,false,0,single_teb,78,0,FORWARD,
42.21,8.913633402469706,4.5115058907217165,-0.4930168122761388,0.4920371354920716,-0.20774661622011312,0.48982391470145936,0.593027276250511,10.144739688465691,false,false,0,single_teb,78,0,FORWARD,
42.31,8.956723571517566,4.487860879615705,-0.5157239947324098,0.49122872654041677,-0.23780972570085346,0.49500000000000005,0.6080968405924285,10.095629937588395,false,false,0,single_teb,78,0,FORWARD,
42.41,8.999286533865074,4.463163834704928,-0.5413717090691245,0.49260623538941967,-0.26689380557825343,0.482225096931776,0.6217329063028574,10.046525484707667,false,false,0,single_teb,80,0,FORWARD,
42.51,9.041025922781166,4.437444128074928,-0.5685107375940158,0.4892859252108207,-0.2637306286467938,0.4876513974689399,0.6393503533383482,9.997706082200342,false,false,0,single_teb,80,0,FORWARD,
42.61,9.081954919595553,4.410732910284841,-0.5919661574884318,0.4879160728758427,-0.21963256292666458,0.4787581264824103,0.6479787890837003,9.949175486541371,false,false,0,single_teb,80,0,FORWARD,
42.71,9.122035010604193,4.38329096988828,-0.6125334745978434,0.484394764756556,-0.19503889244694927,0.4767299875044063,0.6607615079319975,9.901085904063343,false,false,0,single_teb,80,0,FORWARD,
42.81,9.161317970988648,4.3552562285910605,-0.630307909625449,0.4815951007694107,-0.16826664057634363,0.475297842708868,0.6736009206720637,9.853454055642084,false,false,0,single_teb,80,0,FORWARD,
42.91,9.199927507759083,4.326716355880152,-0.6454265702835492,0.47929494173935966,-0.14181850074279767,0.4745178200567201,0.6841896350999059,9.806209782221472,false,false,0,single_teb,80,0,FORWARD,
43.01,9.237976912176862,4.297754942684305,-0.657805878568548,0.47752037012441884,-0.11188771176461526,0.47417647038486105,0.690625333026806,9.759290247703113,false,false,0,single_teb,80,0,FORWARD,
43.11,9.275598925805202,4.2684470456474335,-0.6672423748511619,0.477108802263729,-0.08154415183292711,0.48349572939643287,0.7197069821007842,9.712611095112768,false,false,0,single_teb,80,0,FORWARD,
43.21,9.313112140354328,4.238731129478823,-0.6733144958632725,0.47932214685207125,-0.047223256046469826,0.4821197998950457,0.722281257726824,9.665860658734545,false,false,0,single_teb,80,0,FORWARD,
43.31,9.350593385138035,4.2087496590447255,-0.6761994267850072,0.4803440276211107,-0.01869939798968023,0.47418122135187113,0.7334537710409321,9.61903365633612,false,false,0,single_teb,80,0,FORWARD,
43.41,9.387939323679404,4.178768893834818,-0.6762690925509679,0.47809297893383096,0.009212624246636793,0.4736748649997584,0.7396323846793221,9.57234028650826,false,false,0,single_teb,82,0,FORWARD,
43.51,9.425183505906842,4.148934397086761,-0.67343038706097,0.47716323526956667,0.041879206974675856,0.4815464195576384,0.7818914992820427,9.525814114221513,false,false,0,single_teb,82,0,FORWARD,
43.61,9.4626295050536,4.119196046312793,-0.667191489663141,0.4787642528590724,0.07377125016150299,0.4819070520756397,0.7801379389395937,9.479159827534309,false,false,0,single_teb,82,0,FORWARD,
43.71,9.500401593643913,4.089659549171231,-0.6577228503110655,0.4799122029554675,0.10630135256952299,0.4816331602730179,0.8046027304622907,9.432310867303853,false,false,0,single_teb,82,0,FORWARD,
43.81,9.538554272759006,4.060481782031884,-0.6450173793271528,0.4805408059881269,0.138584419293969,0.4804013613920513,0.8312850659731115,9.385285083430215,false,false,0,single_teb,82,0,FORWARD,
43.91,9.577126263908367,4.031827986323162,-0.629196497310661,0.4804898719556049,0.16910814557235976,0.4734427162597146,0.83051266319377,9.33811752364688,false,false,0,single_teb,82,0,FORWARD,
44.01,9.616043186893101,4.003928065573521,-0.6106794781015998,0.4779158026298386,0.19404682881003127,0.48325111386312514,0.8496177551082187,9.290972597006672,false,false,0,single_teb,82,0,FORWARD,
44.11,9.655526736488145,3.9767827569764536,-0.5890873811709371,0.479864597516977,0.22814343368156065,0.4820981297197531,0.8690916019067702,9.243648367481827,false,false,0,single_teb,82,0,FORWARD,
44.21,9.695723061069884,3.9504800982750075,-0.5644034816575451,0.4806804254877752,0.25726280337578705,0.4752062387720465,0.8688654046417988,9.196048525606715,false,false,0,single_teb,82,0,FORWARD,
44.31,9.736500446705815,3.925273106998084,-0.5370678130883274,0.4786809044445986,0.28227786760245405,0.4851560669572074,0.8686953414109194,9.148398429879165,false,false,0,single_teb,82,0,FORWARD,
44.41,9.778035111638628,3.9011794607632653,-0.5084205512693926,0.4810460454918978,0.28881593692758817,0.48572121067431856,0.8837705625237025,9.100544368911587,false,false,0,single_teb,84,0,FORWARD,
44.51,9.820412350893909,3.8781894834243915,-0.4802880996171177,0.4827537130684745,0.2772060189925055,0.49500000000000005,0.8798777155809175,9.052403425541334,false,false,0,single_teb,84,0,FORWARD,
44.61,9.863701292903256,3.856188931907138,-0.4563328765005316,0.4872268356877683,0.21635015169953742,0.48487362932167105,0.9272085426857151,9.003863044808448,false,false,0,single_teb,84,0,FORWARD,
44.71,9.90755802936118,3.8350918177931814,-0.4371216793191925,0.48636729510351506,0.17884849585670476,0.48252261507378646,0.9627895245967628,8.955196608621216,false,false,0,single_teb,84,0,FORWARD,
44.81,9.95166819809113,3.8148271293183056,-0.4217199724845809,0.4847381551489978,0.1374383194637377,0.4799355010124085,1.022693974752314,8.90665766829514,false,false,0,single_teb,84,0,FORWARD,
44.91,9.995889603597181,3.7952438265887616,-0.4103978511004359,0.4830672974047603,0.09707764895464706,0.48089496696790707,1.0472206960139991,8.8583101628394,false,false,0,single_teb,84,0,FORWARD,
45.01,10.040200713005511,3.7761341506844004,-0.40296976499307924,0.4822738242101503,0.06174604085796355,0.48013578317792915,1.1221102366863014,8.810084779002015,false,false,0,single_teb,84,0,FORWARD,
45.11,10.084553696314478,3.757321922041886,-0.3990822292355632,0.4814928756862686,0.02628156734250929,0.4781927381309837,1.1493977676594755,8.76194945274083,false,false,0,single_teb,84,0,FORWARD,
45.21,10.128856895795947,3.7386617844726557,-0.3986044373619875,0.48028745562483555,-0.007073548849933886,0.46861235614796215,1.2049578259180855,8.713924816380693,false,false,0,single_teb,84,0,FORWARD,
45.31,10.172856122495277,3.7200900209107997,-0.4012127791396431,0.47606053112743696,-0.03887873345683846,0.4690446283732967,1.23905896900404,8.66621318932553,false,false,0,single_teb,84,0,FORWARD,
45.41,10.216501953480735,3.7014675793506044,-0.4070178039814341,0.4739827628820884,-0.071501685157682,0.47462448471101315,1.3076146671961617,8.618799457067837,false,false,0,single_teb,86,0,FORWARD,
45.51,10.259978059654896,3.682548014609104,-0.41623239935958617,0.47428333857960187,-0.1045539649473557,0.47538603395980916,1.341900117476312,8.57141175751842,false,false,0,single_teb,86,0,FORWARD,
45.61,10.303303159386408,3.663156341940897,-0.4282899670454616,0.4753434469594486,-0.13261442417299923,0.48295035311564133,1.3922237048564674,8.523957803849868,false,false,0,single_teb,86,0,FORWARD,
45.71,10.346586558738505,3.6430874656887893,-0.4435778326324811,0.4780705661773044,-0.1661413082588181,0.48235878822188083,1.4240850500993503,8.476250561748449,false,false,0,single_teb,86,0,FORWARD,
45.81,10.389707880698788,3.6222177793815376,-0.46202742283444975,0.4796368975176856,-0.19472326963183903,0.47547010439566073,1.470038769228344,8.428345494957231,false,false,0,single_teb,86,0,FORWARD,
45.91,10.432390904162638,3.60052217183171,-0.48316114584015735,0.478837473125926,-0.22317497121168792,0.4837849414646654,1.5099573666219053,8.380481330881425,false,false,0,single_teb,86,0,FORWARD,
46.01,10.474681619026011,3.5778226665894617,-0.507313442805824,0.4806446031285135,-0.2517676752173631,0.47756030072670697,1.513169867772944,8.3325405350701,false,false,0,single_teb,86,0,FORWARD,
46.11,10.516386920984333,3.5540770944924662,-0.5332323819322268,0.47951801978815856,-0.26328907059860157,0.47649344436029756,1.574700503819443,8.284680362573463,false,false,0,single_teb,86,0,FORWARD,
46.21,10.557362964943131,3.529308609089038,-0.5593315243007769,0.47841325253619277,-0.2597175931146437,0.4767750629830662,1.6119967989854587,8.237042266116527,false,false,0,single_teb,86,0,FORWARD,
46.31,10.597651217995555,3.503522480333736,-0.5837980619193669,0.4793986155261356,-0.23094266107050515,0.49500000000000005,1.6524695133994867,8.18959322925422,false,false,0,single_teb,86,0,FORWARD,
46.41,10.637724545414427,3.4765563582730574,-0.604298819495115,0.48509723308854885,-0.19074871708381028,0.4848755196971319,1.7056690285395455,8.141839103141379,false,false,0,single_teb,88,0,FORWARD,
46.51,10.677439510526638,3.448714566733405,-0.6214928909208626,0.4849174418527851,-0.15806693918350898,0.4837384860621161,1.7349263720445407,8.094042518099071,false,false,0,single_teb,88,0,FORWARD,
46.61,10.716680652168737,3.420271610550553,-0.6350389308149904,0.4845448452570099,-0.12060787230827975,0.48440630535535834,1.757305770390488,8.046427692611877,false,false,0,single_teb,88,0,FORWARD,
46.71,10.755563875653134,3.3913648615285887,-0.6450418643032864,0.484494241676413,-0.08871056229696338,0.4838999197971344,1.8289325219895054,7.998950580154414,false,false,0,single_teb,88,0,FORWARD,
46.81,10.794179765996022,3.362132158635497,-0.6516699430976024,0.4841422018566864,-0.051517662727036985,0.4823469072057127,1.8370119624070895,7.951589645908052,false,false,0,single_teb,88,0,FORWARD,
46.91,10.832595930196408,3.3327366691006532,-0.6547712083488603,0.4834864461034144,-0.01971358113374483,0.4803040174068556,1.9111042013496857,7.904354167508261,false,false,0,single_teb,88,0,FORWARD,
47.01,10.870884085114735,3.303328475858756,-0.6545918890888139,0.4825204143891498,0.015978788359800992,0.48256403129311026,1.9080570826946022,7.857243330029286,false,false,0,single_teb,88,0,FORWARD,
47.11,10.909198292492038,3.2739962961513283,-0.6510106012860841,0.48253634605568513,0.046780744928906645,0.4811302122314599,1.9739917407451393,7.810154966606646,false,false,0,single_teb,88,0,FORWARD,
47.21,10.947624475481577,3.2448722682288853,-0.6441996805939232,0.4817778477147107,0.0817544117594308,0.47831213532205635,2.0115526805339576,7.7630661839216195,false,false,0,single_teb,88,0,FORWARD,
47.31,10.986191004978975,3.2161329214311145,-0.634199407850019,0.4805119491952467,0.11009417439890114,0.47217687368796557,2.039557088416648,7.716024078950951,false,false,0,single_teb,88,0,FORWARD,
47.41,11.02487928429053,3.187963282191472,-0.6215926370552743,0.47746744966705407,0.1348754508983355,0.48280510227648277,2.077351195592768,7.669121128742225,false,false,0,single_teb,90,0,FORWARD,
47.51,11.063979842721022,3.160309258727304,-0.6058671852611244,0.4804768276508115,0.17213588627957693,0.49500000000000005,2.1285055766521217,7.622068632135099,false,false,0,single_teb,90,0,FORWARD,
47.61,11.103951099896413,3.1330591058975754,-0.5865306779325904,0.48537517041313005,0.205188274400564,0.4903228247586743,2.170975684198807,7.574400952792742,false,false,0,single_teb,90,0,FORWARD,
47.71,11.14470042905614,3.1064796136629056,-0.5647766965613646,0.4871823683572292,0.22441781062657457,0.4876432106141098,2.2330415860281625,7.526310370791674,false,false,0,single_teb,90,0,FORWARD,
47.81,11.186092712930636,3.080768730385677,-0.5425068241983699,0.48732781754593435,0.21918844925050165,0.4873799207068986,2.2587694975187977,7.477998962750608,false,false,0,single_teb,90,0,FORWARD,
47.91,11.228041119869854,3.0559645289070425,-0.5215070969822199,0.4873468489330926,0.20493843421426702,0.4868959768906084,2.3402437788667485,7.429558955692565,false,false,0,single_teb,90,0,FORWARD,
48.01,11.270473696518161,3.0320175849924134,-0.5027253870234343,0.4871821617962551,0.17841740874027037,0.48534392650186,2.3713575792910193,7.381033457786055,false,false,0,single_teb,90,0,FORWARD,
48.11,11.313273955632571,3.008846203527781,-0.48709187790944614,0.4862639008405903,0.14258983514274548,0.48250362059087654,2.4035840675308813,7.332493482363637,false,false,0,single_teb,90,0,FORWARD,
48.21,11.356285053047541,2.986350652524961,-0.47459699518118204,0.4848904074107917,0.1152600028498667,0.48497687054527666,2.493785548529063,7.2840399859003915,false,false,0,single_teb,90,0,FORWARD,
48.31,11.399505001444378,2.9643642854588435,-0.4652003596516226,0.4849219892449233,0.08225203852304791,0.4849385555716248,2.5408004692010704,7.235605699791946,false,false,0,single_teb,90,0,FORWARD,
48.41,11.442903617282674,2.9427288420393864,-0.4590193350153756,0.48493298282805863,0.04811518400728746,0.4849954318438777,2.5852303292580077,7.187152844486827,false,false,0,single_teb,92,0,FORWARD,
48.51,11.486407988820329,2.9213020240357315,-0.45615558107950954,0.4849557931792104,0.017892974635789073,0.48573383329016967,2.607838342714492,7.138689403786867,false,false,0,single_teb,92,0,FORWARD,
48.61,11.529963864240509,2.8999370775661797,-0.4564621234151515,0.48523998289634745,-0.014644684849231846,0.48589926442491504,2.682071397829238,7.0902046974594946,false,false,0,single_teb,92,0,FORWARD,
48.71,11.573508704401664,2.8784915546941874,-0.45996078795021766,0.4854807944283986,-0.04623889827912875,0.48611487804137066,2.7116230473748435,7.041697522816989,false,false,0,single_teb,92,0,FORWARD,
48.81,11.616972167285521,2.856828149066636,-0.4666946280663581,0.48573117854072156,-0.08127369502753234,0.4863309495710108,2.7692886847426275,6.993176058595064,false,false,0,single_teb,92,0,FORWARD,
48.91,11.660280182007897,2.834802016954961,-0.4768456025567181,0.485976406826188,-0.11521813424963248,0.4866319160463167,2.815858982787302,6.944649008119399,false,false,0,single_teb,92,0,FORWARD,
49.01,11.703353908117322,2.812266877519496,-0.4903521109732688,0.4862158404713499,-0.14608386596040088,0.48682299632330606,2.8607875805379783,6.8961291313906425,false,false,0,single_teb,92,0,FORWARD,
49.11,11.746109642913158,2.7890879823613677,-0.5069583688725836,0.4864037502498513,-0.17529910738519985,0.48643332519143057,2.891297052431289,6.847638744254577,false,false,0,single_teb,92,0,FORWARD,
49.21,11.788461929067283,2.7651677943596176,-0.5250454187158775,0.4864145528989221,-0.18395320778056778,0.49500000000000005,2.9509447982721153,6.79921746509186,false,false,0,single_teb,92,0,FORWARD,
49.31,11.830537349776955,2.7403935427219164,-0.5424725307021807,0.48889662958770824,-0.1674903145241478,0.4874754907477003,2.9623419526428325,6.750705604711934,false,false,0,single_teb,92,0,FORWARD,
49.41,11.872212775432386,2.7149061310231306,-0.5580656459969203,0.4881351900321175,-0.1446511761260523,0.48468663814341906,3.043203013222677,6.702275104010655,false,false,0,single_teb,94,0,FORWARD,
49.51,11.913418573050292,2.6888870156982323,-0.5703103578259705,0.48687555961978124,-0.11026401999680256,0.48567826399616026,3.0707318155619667,6.654065437766576,false,false,0,single_teb,94,0,FORWARD,
49.61,11.954275431940314,2.6624584314051813,-0.5793722626318163,0.48643823113271034,-0.07981254079982526,0.4829343236069531,3.131313909921799,6.60601774534409,false,false,0,single_teb,94,0,FORWARD,
49.71,11.994846358397007,2.635760828448971,-0.5853318504336538,0.485396929538108,-0.045876489327065846,0.4856794350250475,3.153702673182206,6.5581327681012755,false,false,0,single_teb,94,0,FORWARD,
49.81,12.035276884386048,2.608888720687633,-0.5879339381267567,0.4855001185039365,-0.015065799711345737,0.4854093031218854,3.196953122325193,6.510316597744733,false,false,0,single_teb,94,0,FORWARD,
49.91,12.075671900331056,2.581961622822401,-0.587315640971076,0.485429471800901,0.02009863518133586,0.484978055017541,3.259456498399038,6.46252189584335,false,false,0,single_teb,94,0,FORWARD,
50.01,12.116108036926871,2.555122926313471,-0.5833819576376738,0.4852645856900605,0.049973183005162625,0.4831111010135829,3.2751024860478974,6.414735988463537,false,false,0,single_teb,94,0,FORWARD,
50.11,12.156634526806458,2.5285235722638717,-0.5763352759779827,0.48446143575118594,0.08411090364254241,0.4829205308100256,3.3485001156475733,6.366973496788285,false,false,0,single_teb,94,0,FORWARD,
50.21,12.197327584222997,2.502301130692789,-0.5659941054653046,0.4838985992943051,0.1141005363486255,0.49500000000000005,3.3687376263946636,6.319218156820173,false,false,0,single_teb,94,0,FORWARD,
50.31,12.238527861261533,2.4764338877323087,-0.5518143640339671,0.4879535366708461,0.1572969490473544,0.487028258081422,3.446941483638285,6.271147104459325,false,false,0,single_teb,94,0,FORWARD,
50.41,12.280234423642701,2.451158041982144,-0.5336926325547329,0.4873477229430357,0.1946020794411232,0.4839460329433011,3.46152745547056,6.222852560944673,false,false,0,single_teb,96,0,FORWARD,
50.51,12.322313241657286,2.426756310804796,-0.5131321235313642,0.48547487955116714,0.20068613812820765,0.4766924642837729,3.5355783957411626,6.174566634014981,false,false,0,single_teb,96,0,FORWARD,
50.61,12.364599932839909,2.4033285224086693,-0.4959229824829148,0.4822669831002452,0.15649206018489395,0.48700789369587955,3.570718126829269,6.126477120137723,false,false,0,single_teb,96,0,FORWARD,
50.71,12.407245287836712,2.3805735296519432,-0.48202034654326953,0.48399866508189054,0.129408723743199,0.48713161323134935,3.6456077281894648,6.078325065386366,false,false,0,single_teb,96,0,FORWARD,
50.81,12.450296842434698,2.3582985855353473,-0.47135964171207867,0.4851596255920513,0.09203245450055349,0.4873227385099992,3.671045049756864,6.0299898304747,false,false,0,single_teb,96,0,FORWARD,
50.91,12.493635739181519,2.3363803690580083,-0.4641032749159277,0.4859497319626975,0.0618312613501408,0.4874072597182035,3.7440451053579773,5.9815316267439975,false,false,0,single_teb,96,0,FORWARD,
51.01,12.537161298699198,2.314694274963457,-0.4600643021869334,0.4864821137701676,0.0285611048552079,0.4844761346837172,3.7792507439068195,5.93299387012817,false,false,0,single_teb,96,0,FORWARD,
51.11,12.580722297390356,2.293140759564605,-0.45914349804503485,0.4857494026655198,-0.0014644297062833714,0.48422589614243017,3.829008226330502,5.8844766429291395,false,false,0,single_teb,96,0,FORWARD,
51.21,12.624221484564856,2.2716017616530673,-0.4613483341727001,0.48520422218927367,-0.0355937580443084,0.484355942923738,3.8788777636840175,5.836023407300504,false,false,0,single_teb,96,0,FORWARD,
51.31,12.667609203880811,2.249926442206693,-0.46679348992235237,0.4848943766670054,-0.06488065082724702,0.4825289475801065,3.9136163043334316,5.787621324678862,false,false,0,single_teb,96,0,FORWARD,
51.41,12.710782806484511,2.2279993675173206,-0.47524189893847324,0.4834478136229247,-0.09640075339028135,0.4758251185019592,3.9581524180724452,5.739320491298377,false,false,0,single_teb,98,0,FORWARD,
51.51,12.753517954246934,2.205777618970948,-0.4863515482350317,0.4806635207057144,-0.11919776226420058,0.4858681235975014,4.015429620678646,5.691311690705616,false,false,0,single_teb,98,0,FORWARD,
51.61,12.795997510247268,2.183028449671137,-0.5001593933784332,0.4825933492241624,-0.14729492599827418,0.48619927279653996,4.069401863138997,5.643337233005502,false,false,0,single_teb,98,0,FORWARD,
51.71,12.838276934045716,2.1595869174713114,-0.5155396894631462,0.48393134577586505,-0.15625683278829985,0.4864395969250583,4.089467267452385,5.595283787594489,false,false,0,single_teb,98,0,FORWARD,
51.81,12.880280360329278,2.135437241375748,-0.5311691647227161,0.48484751857281655,-0.1563192496544815,0.4861374111419946,4.145127076333996,5.547217446674015,false,false,0,single_teb,98,0,FORWARD,
51.91,12.921969834086644,2.1106253438343456,-0.5447911718262103,0.4853186693518169,-0.1251721119478833,0.48655583568301386,4.180649018130749,5.499193550691034,false,false,0,single_teb,98,0,FORWARD,
52.01,12.963389355194511,2.085275221339189,-0.5551967011309932,0.48581878178009524,-0.0899627630187454,0.4871107381139182,4.248559919107742,5.451221838826518,false,false,0,single_teb,98,0,FORWARD,
52.11,13.004621464034448,2.05952627870231,-0.5621254334915704,0.48628441921771826,-0.055336919756547524,0.48703861830839396,4.27085478835881,5.403281892540007,false,false,0,single_teb,98,0,FORWARD,
52.21,13.0457393291804,2.0335308758332076,-0.5655844326695428,0.48656620457505356,-0.020616240649107453,0.48711116087000594,4.339791613157394,5.355366151571417,false,false,0,single_teb,98,0,FORWARD,
52.31,13.086822445896086,2.0074382511582436,-0.5655726712231299,0.4867386991732312,0.014027348031663733,0.48680554166923157,4.388557401407547,5.307459091727773,false,false,0,single_teb,98,0,FORWARD,
52.41,13.127943267350332,1.9814019441583957,-0.5621229673431323,0.4865146575146191,0.04798276464144186,0.48394640661726535,4.427714663084152,5.259552307038273,false,false,0,single_teb,100,0,FORWARD,
52.51,13.1691189126957,1.955605623181761,-0.555381615655327,0.4854379304681001,0.080444171140013,0.48235101341308173,4.466373410929031,5.211698900847448,false,false,0,single_teb,100,0,FORWARD,
52.61,13.210400779371026,1.9302022751935666,-0.5454791213817486,0.48431039209014975,0.10930254533095078,0.4852397266146353,4.491136518228836,5.163907582191232,false,false,0,single_teb,100,0,FORWARD,
52.71,13.251960328602776,1.9052608334030703,-0.5324340687040877,0.4854980049126433,0.1439003289982212,0.49500000000000005,4.563343781656261,5.116043350526032,false,false,0,single_teb,100,0,FORWARD,
52.81,13.29413387899351,1.8807676373865203,-0.5162425726934579,0.48896873766546306,0.17197352363103646,0.4889599512342653,4.638987186472737,5.067786780703894,false,false,0,single_teb,100,0,FORWARD,
52.91,13.336830291094335,1.8569489217831643,-0.4973056576736614,0.48870870003956846,0.19742210049025868,0.48600448081399333,4.661732795756184,5.01930383939516,false,false,0,single_teb,100,0,FORWARD,
53.01,13.379911184331057,1.8340102528368976,-0.4770762006806384,0.4877209472412643,0.20498178175299667,0.4862405052290731,4.733332114697605,4.9707961406780825,false,false,0,single_teb,100,0,FORWARD,
53.11,13.42338483455297,1.8119800933801165,-0.4571156184519597,0.4871801956903401,0.19664156346098108,0.4863423998456826,4.756520975789848,4.9222635272205375,false,false,0,single_teb,100,0,FORWARD,
53.21,13.467241421055757,1.7908120818412325,-0.4389755813396115,0.4868741793799236,0.17302695753845482,0.4861289745913849,4.805866638627032,4.873695543164464,false,false,0,single_teb,100,0,FORWARD,
53.31,13.51142599989572,1.770404813439293,-0.4238612430206278,0.4866019832102391,0.13913541297347382,0.4840549816474735,4.865377446651619,4.825104118862221,false,false,0,single_teb,100,0,FORWARD,
53.41,13.555813489426395,1.750644309454316,-0.41189548640554585,0.48500141398697494,0.10755215724573348,0.4763421181713978,4.909970328099085,4.7765624918961525,false,false,0,single_teb,102,0,FORWARD,
53.51,13.60016815806162,1.731469914578844,-0.4028092359216391,0.4829906101077203,0.07746776031917964,0.48960024264041896,4.978810873486836,4.728266944920363,false,false,0,single_teb,102,0,FORWARD,
53.61,13.644789107714962,1.7125853892185354,-0.3973739651066843,0.4854048681561026,0.04157975266998767,0.4866936841895475,5.003728907129121,4.679830192607745,false,false,0,single_teb,102,0,FORWARD,
53.71,13.689595492188086,1.6938377432526073,-0.3952247408117873,0.4858756257158059,0.010401890227617772,0.4868556985245013,5.061348220393662,4.631271242481091,false,false,0,single_teb,102,0,FORWARD,
53.81,13.734454879946549,1.6751134218351853,-0.3963295008542265,0.4862336106196093,-0.022903311997766775,0.48420156375567475,5.109416743800645,4.582671725884825,false,false,0,single_teb,102,0,FORWARD,
53.91,13.779237782949842,1.6562950879956688,-0.400609375131038,0.48549137790520736,-0.05379072708910647,0.4840787080255587,5.16607808913844,4.534109296366458,false,false,0,single_teb,102,0,FORWARD,
54.01,13.823860913917606,1.6372530622927388,-0.4080183605977341,0.4849753810461117,-0.08532222384920052,0.48436056270097255,5.2086229729860545,4.4856142562966825,false,false,0,single_teb,102,0,FORWARD,
54.11,13.868287134464387,1.6178387197038775,-0.4185348506664228,0.48475081029566497,-0.11616154412636492,0.48460699763832105,5.260057013055635,4.437167263717426,false,false,0,single_teb,102,0,FORWARD,
54.21,13.912471219692039,1.597908334734217,-0.4322188319458374,0.4846867709216758,-0.15044842996562174,0.4844745472052029,5.296471764732612,4.388758660038048,false,false,0,single_teb,102,0,FORWARD,
54.31,13.956341220894176,1.5773209216637878,-0.44922598329573915,0.4844732272577852,-0.1831819630536589,0.48290921705049533,5.3634272067611946,4.340405235891909,false,false,0,single_teb,102,0,FORWARD,
54.41,13.99977110863537,1.5559615451285458,-0.4693907878853317,0.4832976384208565,-0.2113059795528516,0.47595504157348084,5.390088010298755,4.292184468685742,false,false,0,single_teb,104,0,FORWARD,
54.51,14.042529784973723,1.533805096386284,-0.4913940882322363,0.48061565520210625,-0.22483716442275958,0.4848462728589469,5.422702812682689,4.244305429221685,false,false,0,single_teb,104,0,FORWARD,
54.61,14.084807342893052,1.5107378478723612,-0.5106481011424089,0.4822582501036908,-0.17551151687823283,0.48596600989232186,5.497090902256369,4.1965536321198345,false,false,0,single_teb,104,0,FORWARD,
54.71,14.126799674223419,1.4868496955491066,-0.526586553013743,0.4836125597217954,-0.15051052569387605,0.4859169732487144,5.509678321362644,4.148783289200617,false,false,0,single_teb,104,0,FORWARD,
54.81,14.16852407424571,1.462292900899813,-0.5393364678540197,0.4844542780588803,-0.11485070199470021,0.48511070748227947,5.562497006100173,4.101037466014751,false,false,0,single_teb,104,0,FORWARD,
54.91,14.210004855337393,1.4372376697802354,-0.5488443516647415,0.484694047820784,-0.08419640873626917,0.48326259053876347,5.639803533489926,4.053358523003048,false,false,0,single_teb,104,0,FORWARD,
55.01,14.251256391457423,1.4118533838704526,-0.5552213339216021,0.48417118860781916,-0.05252558119257761,0.47575669063300424,5.681321743052327,4.005796877043976,false,false,0,single_teb,104,0,FORWARD,
55.11,14.292192534982702,1.3863671256786538,-0.5588551689651449,0.4810976789447185,-0.02744485744356378,0.48531997082139106,5.710433128397786,3.95851613673615,false,false,0,single_teb,104,0,FORWARD,
55.21,14.333054501972615,1.360787831966026,-0.5593376684975626,0.4826399283958713,0.007689841066104686,0.4834173078732845,5.753037300487372,3.9112955410106895,false,false,0,single_teb,104,0,FORWARD,
55.31,14.374000420473287,1.3352029179685219,-0.5566576200378662,0.4829238768076336,0.037368552360260224,0.4757704659075698,5.801476123850667,3.864018605400284,false,false,0,single_teb,104,0,FORWARD,
55.41,14.414921701220873,1.309848805234367,-0.5511679952494568,0.4809660466614607,0.06777904335138114,0.48330850659043356,5.8533345489910475,3.8168691752470294,false,false,0,single_teb,106,0,FORWARD,
55.51,14.45602491927677,1.2847682411102275,-0.5423361219833828,0.4818216619636062,0.09971593877272292,0.48278655723394287,5.9028059291198085,3.769666935705686,false,false,0,single_teb,106,0,FORWARD,
55.61,14.497424585523536,1.2600756330373,-0.5304349722538879,0.48217410306539693,0.129719612011579,0.4759141862755,5.959725723904128,3.722341351228998,false,false,0,single_teb,106,0,FORWARD,
55.71,14.539042589330238,1.235981105956895,-0.5157581701353258,0.4807880566274776,0.15952768058720063,0.4862764487403918,6.023207622052341,3.675034080488557,false,false,0,single_teb,106,0,FORWARD,
55.81,14.581142580243865,1.2124993381151035,-0.4976625301820608,0.48279737774386,0.19491913066257252,0.48632951429815197,6.047247018741965,3.6274978568637555,false,false,0,single_teb,106,0,FORWARD,
55.91,14.623828541490106,1.1897685040325365,-0.4762480737038819,0.48408753859047254,0.2248634624473557,0.4837932505529258,6.099166017070714,3.5796763555445414,false,false,0,single_teb,106,0,FORWARD,
56.01,14.66705060971255,1.1679919447735552,-0.4518642472340598,0.48384046888626875,0.2529661690468063,0.48218705777693277,6.1566480879659915,3.53167903712574,false,false,0,single_teb,106,0,FORWARD,
56.11,14.710762466156662,1.1473295924562128,-0.4259931369567243,0.4834873004682253,0.259599368841715,0.485072725345046,6.18931310384394,3.483597098943783,false,false,0,single_teb,106,0,FORWARD,
56.21,14.755025641017166,1.1277895740384334,-0.40043879298284835,0.484066398436234,0.25330965645755116,0.48555973439272515,6.278098513341719,3.4353701276232003,false,false,0,single_teb,106,0,FORWARD,
56.31,14.799816607848067,1.1093439166921075,-0.37642775996909356,0.4846220661219782,0.22952647917851274,0.48567718583897856,6.289955371095448,3.3870071846553325,false,false,0,single_teb,106,0,FORWARD,
56.41,14.845060482308417,1.0919120938088773,-0.3552804830239685,0.48500746292825647,0.20156778435954248,0.48581578467152603,6.370927370705073,3.3385498919288414,false,false,0,single_teb,108,0,FORWARD,
56.51,14.890674270870251,1.075373896960862,-0.3373407387108363,0.4853273313603705,0.1651579813404354,0.4860990774268369,6.389241835371982,3.2900357913088167,false,false,0,single_teb,108,0,FORWARD,
56.61,14.936584736145997,1.0595829222621587,-0.32273767331838454,0.48560922209227675,0.1355196366322183,0.48428917734188853,6.4319286468225,3.241485623593494,false,false,0,single_teb,108,0,FORWARD,
56.71,14.982671045467782,1.044417916986823,-0.31125535983223535,0.48449168754638694,0.10230084016360973,0.47697760645175663,6.500944118498085,3.192973975024159,false,false,0,single_teb,108,0,FORWARD,
56.81,15.028698508877072,1.0297956980594782,-0.30268203772879726,0.48274097903673396,0.07243675411128685,0.4884151191310696,6.535839219342041,3.144695808960088,false,false,0,single_teb,108,0,FORWARD,
56.91,15.074936250535915,1.0154707864827774,-0.29773153953299525,0.4848135357670255,0.03683576147704007,0.4836449941765392,6.596466218800028,3.0963169825825076,false,false,0,single_teb,108,0,FORWARD,
57.01,15.12126901290521,1.0013013046896988,-0.29598363421861623,0.4842270974625048,0.004472023633643163,0.4818082400430883,6.637774621815165,3.047900326262826,false,false,0,single_teb,108,0,FORWARD,
57.11,15.167527429179259,0.9871776826755747,-0.29739247602491664,0.48334357693941593,-0.024329818788769327,0.48356978448073323,6.700365072138849,2.9995700761316737,false,false,0,single_teb,108,0,FORWARD,
57.21,15.213723231865842,0.9729417109538427,-0.3018242145661721,0.4834262023160202,-0.055374899700549214,0.4822195984405361,6.71984974083372,2.951263085791899,false,false,0,single_teb,108,0,FORWARD,
57.31,15.25981799616239,0.9584517489282185,-0.30931211739192865,0.4831910449441617,-0.08813312889700817,0.4845852230098833,6.802367841572245,2.902968682087194,false,false,0,single_teb,108,0,FORWARD,
57.41,15.305811172480068,0.9435471089510906,-0.32011273830677256,0.4835312900546305,-0.12107605120468065,0.48264047323495407,6.826308865795898,2.854633879351814,false,false,0,single_teb,110,0,FORWARD,
57.51,15.351611124564677,0.9280909509049948,-0.33398300359219435,0.48348517153929105,-0.14658401523003112,0.48585412948545703,6.875608584934182,2.8062994224924243,false,false,0,single_teb,110,0,FORWARD,
57.61,15.39723874261754,0.911952647075133,-0.3489579996086568,0.4840720660220292,-0.1482959766739062,0.4826504255175093,6.919045130190749,2.7579020637866134,false,false,0,single_teb,110,0,FORWARD,
57.71,15.442606861182274,0.8951525702356994,-0.36288628334347156,0.4838038331774275,-0.13248607062697598,0.4855392946349375,7.010208269850742,2.709530917054013,false,false,0,single_teb,110,0,FORWARD,
57.81,15.487784459462048,0.8777402275330002,-0.37490963659261556,0.48426623670323116,-0.10921544946800518,0.48356577617056706,7.034868252429896,2.6611378824010745,false,false,0,single_teb,110,0,FORWARD,
57.91,15.532752677732269,0.8598474923640228,-0.38374601567704275,0.48336206009562077,-0.07607093222073637,0.4761051406241986,7.083983551891419,2.61278530678699,false,false,0,single_teb,110,0,FORWARD,
58.01,15.577369274520462,0.8416963042462494,-0.38991013493804677,0.48071137170202716,-0.053710957006988976,0.495,7.136038433940979,2.564681715265913,false,false,0,single_teb,110,0,FORWARD,
58.11,15.622115432157504,0.8232396208117108,-0.3922877268332975,0.4859304872425759,-0.007151763106899054,0.48643342976619214,7.186588004444724,2.516358180239392,false,false,0,single_teb,110,0,FORWARD,
58.21,15.667026017266453,0.8046679377206178,-0.39130703700304414,0.48583012065338543,0.0213999894118681,0.4831644364640557,7.20692701659072,2.4678448278016147,false,false,0,single_teb,110,0,FORWARD,
58.31,15.711907723738078,0.7862204995270698,-0.3873972121989156,0.4850545036299726,0.05166913166933345,0.48544363050435846,7.26218242964614,2.4194025995203985,false,false,0,single_teb,110,0,FORWARD,
58.41,15.756874695398789,0.7680100980697782,-0.38030666216248726,0.48519663750559733,0.08155811059208232,0.484666862308054,7.305814460133201,2.3709598568679784,false,false,0,single_teb,112,0,FORWARD,
58.51,15.801985734248744,0.7501749669610319,-0.3701573222381106,0.4850818215227479,0.11499017109163452,0.48557241180852545,7.3504601830559695,2.3225049393921684,false,false,0,single_teb,112,0,FORWARD,
58.61,15.847308628185585,0.7328558314614841,-0.356704949905647,0.4852610162873641,0.1453666402759921,0.4836053322720037,7.446459782276087,2.2740179884933474,false,false,0,single_teb,112,0,FORWARD,
58.71,15.892849584057355,0.7162118376185507,-0.3404022357573711,0.48465625521481026,0.1728213829032876,0.4863503318912114,7.445399424330723,2.2255431408427477,false,false,0,single_teb,112,0,FORWARD,
58.81,15.938681480776577,0.7003371048423379,-0.3230260115741051,0.485219699890319,0.1712252876463413,0.4857135045718624,7.518597761568923,2.177040674427649,false,false,0,single_teb,112,0,FORWARD,
58.91,15.984804721240316,0.6852343949038212,-0.3068311691073457,0.4854000687566436,0.15683868147795263,0.48411840928748084,7.539941451602883,2.1285107910213954,false,false,0,single_teb,112,0,FORWARD,
59.01,16.031129982426965,0.6708407462587965,-0.2935900270333354,0.48493192522923806,0.11901089713617334,0.4765385572471712,7.603193437427958,2.080018378029171,false,false,0,single_teb,112,0,FORWARD,
59.11,16.077421844511058,0.6570656936226094,-0.2830665702996166,0.4818661335829564,0.09766975565222623,0.49500000000000005,7.635246282465998,2.0317583738473983,false,false,0,single_teb,112,0,FORWARD,
59.21,16.124011254485115,0.6436680179917037,-0.2763251785097967,0.48595311928449714,0.05092517283107741,0.4868257395375565,7.70928049199064,1.9833411937142535,false,false,0,single_teb,112,0,FORWARD,
59.31,16.170803299007286,0.6304779568599691,-0.2728900689132873,0.4862718556830349,0.025204468718741723,0.48373718658363357,7.74726820103605,1.9348030972191845,false,false,0,single_teb,112,0,FORWARD,
59.41,16.217598651219532,0.6174022289868605,-0.2725676153724767,0.4863247637895149,-0.01261670038353327,0.49500000000000005,7.831068062654971,1.886303284334832,false,false,0,single_teb,114,0,FORWARD,
59.51,16.264598962314675,0.6042033617824789,-0.27633676878132807,0.48871213480774905,-0.05268217065918098,0.48600824778850116,7.85763311497648,1.8375740703407168,false,false,0,single_teb,114,0,FORWARD,
59.61,16.31151587341811,0.5907654705240472,-0.2834711197074796,0.48748103318353997,-0.08410812279874372,0.4832064966305916,7.868508816880777,1.7888494869279834,false,false,0,single_teb,114,0,FORWARD,
59.71,16.358174440287303,0.5769759432769096,-0.29379995830558503,0.4861712550668657,-0.115762446289363,0.4861012778216935,7.950756204204416,1.74025642008475,false,false,0,single_teb,114,0,FORWARD,
59.81,16.404630627720465,0.562660564901794,-0.30708948752417475,0.48597747880658615,-0.14234303720894617,0.48416551823981174,7.986879354365412,1.691682696401191,false,false,0,single_teb,114,0,FORWARD,
59.91,16.45083048339144,0.5477055481178752,-0.32227395744469317,0.4855586390436141,-0.15626881145362567,0.48696189850890925,8.042173047314453,1.643139543261103,false,false,0,single_teb,114,0,FORWARD,
60.01,16.49681449172103,0.5320265446946555,-0.3381340690705675,0.4858488334320693,-0.15829224218518637,0.48440301448269873,8.065852622984169,1.5945591605706086,false,false,0,single_teb,114,0,FORWARD,
60.11,16.542515029159244,0.5156362212342261,-0.35358239552518783,0.4853207284250582,-0.15238119770684388,0.48123697327632553,8.155981222567458,1.546008781629455,false,false,0,single_teb,114,0,FORWARD,
60.21,16.587863153282644,0.498602507160351,-0.36743128875935815,0.48407576271846164,-0.12668900174396971,0.4840756770336764,8.185799610872792,1.4975763533133881,false,false,0,single_teb,114,0,FORWARD,
60.31,16.632958285405252,0.4810132130676138,-0.3779351544090322,0.48391200890818115,-0.0914672628466214,0.48219162798580656,8.239563025154537,1.4491986615325652,false,false,0,single_teb,114,0,FORWARD,
60.41,16.677844573860305,0.4630280887647329,-0.3852370299595953,0.4834976443674424,-0.0599714924121843,0.4846545706775993,8.299880064644283,1.400888996978618,false,false,0,single_teb,116,0,FORWARD,
60.51,16.722642146077195,0.4447668076337656,-0.38925399197282673,0.48392022741451257,-0.029245558143965004,0.4822828727817635,8.345077168377014,1.3525755432326154,false,false,0,single_teb,116,0,FORWARD,
60.61,16.767368686854137,0.42638757623247475,-0.3902576695732133,0.4834014433417577,0.0016496897172506436,0.4831952156743163,8.356555178974753,1.3042953343906043,false,false,0,single_teb,116,0,FORWARD,
60.71,16.812078519378915,0.4080208477998974,-0.38864089075496466,0.4833261158854345,0.024188109079033016,0.48507743104829976,8.435664370869285,1.2560407861054268,false,false,0,single_teb,116,0,FORWARD,
60.81,16.856864070210143,0.3897392739334979,-0.38588601403964784,0.48395843455622806,0.026909690170723383,0.4849925859627781,8.457740977619773,1.207748506777272,false,false,0,single_teb,116,0,FORWARD,
60.91,16.90173984108901,0.37155552453417773,-0.3838068189056907,0.48433617240234245,0.017412439330177,0.4830462344512847,8.533318173320861,1.1594088512958054,false,false,0,single_teb,116,0,FORWARD,
61.01,16.9466312240164,0.35344358293748834,-0.3835056818960748,0.484054241574807,-0.00877119438568598,0.48522388793376237,8.561055790813537,1.1110842202717475,false,false,0,single_teb,116,0,FORWARD,
61.11,16.991528632026025,0.33527936773310013,-0.38644746478078146,0.48448147079245246,-0.04083945314079532,0.4817966293636437,8.65336955729303,1.0627449150434962,false,false,0,single_teb,116,0,FORWARD,
61.21,17.036292010902226,0.31695071276445325,-0.3925212526885089,0.4827384808376026,-0.0730751994068961,0.47302423070427385,8.677175175579162,1.0144904349340953,false,false,0,single_teb,116,0,FORWARD,
61.31,17.080623747772663,0.29842228284406885,-0.4013961158451769,0.4791902190465931,-0.0973754380734031,0.4800470713233779,8.749021724079734,0.9665963749453286,false,false,0,single_teb,116,0,FORWARD,
61.41,17.12465445170481,0.2795041291710742,-0.41293743590236476,0.47871120270668505,-0.12429424742432318,0.47093314958452703,8.766760461498714,0.9188864930685875,false,false,0,single_teb,118,0,FORWARD,
61.51,17.168247522234815,0.260136125818552,-0.42595173066598613,0.476465287430824,-0.1302450310099742,0.47778158648469937,8.817697931981856,0.8714832116710056,false,false,0,single_teb,118,0,FORWARD,
61.61,17.211563657613166,0.24021939794951383,-0.4382239900476925,0.47688534198206045,-0.11567297978186591,0.4770825985031085,8.871425150295668,0.8242191608714011,false,false,0,single_teb,118,0,FORWARD,
61.71,17.254670829417872,0.219795345821072,-0.44832627157586336,0.47735380000067956,-0.08930899123161179,0.48164428622243777,8.894865771815782,0.777062138162224,false,false,0,single_teb,118,0,FORWARD,
61.81,17.29770245063311,0.19893801778078402,-0.4551461017457462,0.47816951245517025,-0.05295943476823756,0.4729969662997917,8.960904161950898,0.7299302588366139,false,false,0,single_teb,118,0,FORWARD,
61.91,17.340513028932993,0.17790870766449027,-0.45809190340375144,0.47628016972326004,-0.016532510222902128,0.45030438323942457,9.017005053021748,0.6830626422737414,false,false,0,single_teb,118,0,FORWARD,
62.01,17.382690280390722,0.15711520931626496,-0.45721374452259217,0.4667921609313317,0.022570298191315372,0.44881705615980233,9.052887049176533,0.6369901717629392,false,false,0,single_teb,118,0,FORWARD,
62.11,17.4241587013719,0.1368044109010919,-0.45177903850153356,0.4559195215031765,0.07423472615113498,0.399254066626165,9.076708879926045,0.5918687760371297,false,false,0,single_teb,118,0,FORWARD,
62.21,17.464089527638567,0.11761142917712952,-0.44148554526770767,0.4366743245029844,0.12140344388045236,0.41597031454463246,9.158005754968476,0.5486642713533852,false,false,0,single_teb,118,0,FORWARD,
62.31,17.503142290887514,0.09942518479628545,-0.42624382591862425,0.42379981024451735,0.17142348132826166,0.3548410024085524,9.170329829738145,0.5067079538316758,false,false,0,single_teb,118,0,FORWARD,
62.41,17.540395303211945,0.08284320870434402,-0.4065257293954847,0.39861166914874385,0.21373472578044705,0.3558933246014395,9.226585795141036,0.4670112145742025,false,false,0,single_teb,120,0,FORWARD,
62.51,17.57641407046516,0.06772846273742511,-0.3826003229136744,0.3927094656294231,0.2578670079568187,0.4675312066636407,9.267872445751644,0.42896641402873276,false,false,0,single_teb,120,0,FORWARD,
62.61,17.614746552580343,0.0528057602530552,-0.35363581179344733,0.4241868342947241,0.30965936029212204,0.4924802857451939,9.350167763385707,0.3888555863873294,false,false,0,single_teb,120,0,FORWARD,
62.71,17.6562249638164,0.038112874028978755,-0.3202781512629248,0.4491319449344507,0.3473357646166473,0.49359819545873534,9.356119168062733,0.34588128985214706,false,false,0,single_teb,120,0,FORWARD,
62.81,17.699937316778563,0.024308651985453036,-0.2840774076280935,0.46017613843018174,0.36752620550594217,0.4337851776213193,9.405527120478693,0.3010457181615418,false,false,0,single_teb,120,0,FORWARD,
62.91,17.743639724559795,0.012238497574073613,-0.2474381243883568,0.4473734206540033,0.3638683707537732,0.397386017717991,9.42428064457853,0.25665223873297555,false,false,0,single_teb,120,0,FORWARD,
63.01,17.786033762378075,0.0021692401570415657,-0.21175946643609264,0.4291148428497204,0.35265458288457413,0.49500000000000005,9.473935303610569,0.21397723347342573,false,false,0,single_teb,120,0,FORWARD,
63.11,17.829390425227242,-0.006492617442560975,-0.175282707387354,0.44183855825185603,0.36526737450127283,0.3644841596842443,9.55600358009049,0.17073306968890584,false,false,0,single_teb,120,0,FORWARD,
63.21,17.8711672194465,-0.013288795239737965,-0.14021426257067615,0.4106786757666175,0.3406598196820263,0.33105306877734675,9.553827769304634,0.12951632107217043,false,false,0,single_teb,120,0,FORWARD,
63.31,17.91006617197038,-0.018263274671642914,-0.10764285389401426,0.3815943414136627,0.3171492737453696,0.2878342896496036,9.607806076431107,0.09176949725149888,false,false,0,single_teb,120,0,FORWARD,
63.41,17.945597980339222,-0.021676719461702083,-0.07795378824335139,0.33802720511986745,0.28125272552450625,0.23177313105239475,9.651296516222095,0.05856159073823863,false,false,0,single_teb,122,0,FORWARD,
63.51,17.976859150450014,-0.023790857178051718,-0.0518724795841068,0.2992164615237979,0.24911950040532463,0.17808128213776314,9.675234372904544,0.03318891084626799,false,false,0,single_teb,122,0,FORWARD,
63.61,18.003940249687957,-0.02495194162392262,-0.029299078074526336,0.25497019210894345,0.21235897891260253,0.10480640294000648,9.702343610535209,0.025261135334879375,false,false,0,single_teb,122,0,FORWARD,
63.71,18.025841420214764,-0.025434067058880874,-0.011051014063863012,0.19509420444779263,0.16252373112014962,0.04696214843342592,9.72574247433318,0.03625838890342024,false,false,0,single_teb,122,0,FORWARD,
63.81,18.0418263496757,-0.0255257735352367,0.0021906643028969833,0.13690598213753546,0.11026761476640203,-0.03402783142216657,9.754272690503223,0.049000088181206346,false,false,0,single_teb,122,0,FORWARD,
63.91,18.05233516574754,-0.025469177325384267,0.01007294189526777,0.08689921283348143,0.06382908424703611,-0.061320015937701124,9.772665077328698,0.05820350992383792,false,false,0,single_teb,122,0,FORWARD,
64.01,18.059005115628878,-0.025388655336497257,0.01509979974951341,0.05515809516265336,0.040753244490120376,0.0,9.76714997875692,0.06423540682655256,false,false,0,single_teb,122,0,FORWARD,
64.11,18.063238528285975,-0.025319847175860142,0.01787559215764973,0.03501085179910987,0.020750391213145463,0.0,9.761258649771017,0.06811905842556094,false,true,0,single_teb,122,0,FORWARD,
64.41,18.068713562153114,-0.0252152511506511,0.020182105442066847,0.008953295718428431,0.0017813205827189804,0.0,9.769319105093283,0.07319400600022029,false,true,0,single_teb,122,0,NEUTRAL,
