run_id,episode_id,step_id,config_seq,t_observation,t_decision,t_request,t_ack,t_active,t_window_end,planner_cycle_count,valid_feedback_duration,state_valid,invalid_reason,goal_distance_start,goal_distance_end,path_error_mean,path_heading_error_mean,d_obs_min,obstacle_density_mean,ttc_min,linear_velocity_mean,angular_velocity_mean,eta_before_json,action_raw_json,eta_after_json,theta_previous_json,theta_candidate_json,theta_projected_json,theta_safe_json,theta_applied_json,projection_modified,projection_reason,safety_modified,safety_mode,safety_reason,fallback_active,fallback_reason,reward_total,reward_progress,reward_time,reward_near_obstacle,reward_path_error,reward_smoothness,reward_planner_failure,reward_parameter_adjustment,reward_terminal,cost_collision,cost_near_collision,cost_parameter_violation,cost_planner_failure,cost_emergency_or_fallback,inference_latency,parameter_write_latency,parameter_activation_latency,transition_stored,transition_drop_reason
t11_semantic_eta_no_fallback_seed104,t11_semantic_eta_no_fallback_seed104-episode-000001,0,1,3.204,2.656,2.66,2.69,2.702,3.202,0,0.4500000000000002,true,,2.9133440092178073,2.486029756347703,0.017922053210435544,0.06042364336448785,30.0,0.0,25.694648847079627,1.1675582794901556,-0.17526188967123368,"[0.0,0.0,0.0,0.0,0.0]","[0.14359772205352783,0.0718834400177002,-0.16692602634429932,-0.12388205528259277,-0.06107497215270996]","[0.14359772205352783,0.0718834400177002,-0.16692602634429932,-0.12388205528259277,-0.06107497215270996]","{""acc_lim_theta"":0.8,""acc_lim_x"":0.8,""inflation_dist"":0.55,""max_vel_theta"":1.0,""max_vel_x"":1.2,""min_obstacle_dist"":0.25,""weight_obstacle"":50.0,""weight_optimaltime"":1.0,""weight_viapoint"":1.0}","{""acc_lim_theta"":0.7930082892865266,""acc_lim_x"":0.8,""inflation_dist"":0.5515454433007172,""max_vel_theta"":1.0,""max_vel_x"":1.2,""min_obstacle_dist"":0.25,""weight_obstacle"":50.32978487200124,""weight_optimaltime"":1.0,""weight_viapoint"":1.0}","{""acc_lim_theta"":0.7930082892865266,""acc_lim_x"":0.8,""inflation_dist"":0.5515454433007172,""max_vel_theta"":1.0,""max_vel_x"":1.2,""min_obstacle_dist"":0.25,""weight_obstacle"":50.32978487200124,""weight_optimaltime"":1.0,""weight_viapoint"":1.0}","{""acc_lim_theta"":0.7930082892865266,""acc_lim_x"":0.8,""inflation_dist"":0.5515454433007172,""max_vel_theta"":1.0,""max_vel_x"":1.2,""min_obstacle_dist"":0.25,""weight_obstacle"":50.32978487200124,""weight_optimaltime"":1.0,""weight_viapoint"":1.0}","{""acc_lim_theta"":0.7930082892865266,""acc_lim_x"":0.8,""inflation_dist"":0.5515454433007172,""max_vel_theta"":1.0,""max_vel_x"":1.2,""min_obstacle_dist"":0.25,""weight_obstacle"":50.32978487200124,""weight_optimaltime"":1.0,""weight_viapoint"":1.0}",false,,false,NORMAL,,false,,1.916058797347374,2.136571264350522,-0.04500000000000002,-0.0,-3.2920039720783706e-05,-0.1726304943122801,-0.0,-0.0028490526511471834,0.0,0.0,0.0,0.0,0.0,0.0,3.199241000402253,29.999999999999805,41.999999999999815,true,
t11_semantic_eta_no_fallback_seed104,t11_semantic_eta_no_fallback_seed104-episode-000001,1,2,3.808,3.196,3.208,3.234,3.304,3.804,0,0.4500000000000002,true,,2.2986815212905425,1.768925307597998,0.025565843333820677,0.018588765651049513,30.0,0.0,25.736164628450595,1.165674856106409,0.43482015146846126,"[0.14359772205352783,0.0718834400177002,-0.16692602634429932,-0.12388205528259277,-0.06107497215270996]","[0.12683618068695068,0.07130026817321777,-0.09767383337020874,-0.035509705543518066,-0.04566752910614014]","[0.2704339027404785,0.14318370819091797,-0.26459985971450806,-0.15939176082611084,-0.1067425012588501]","{""acc_lim_theta"":0.7930082892865266,""acc_lim_x"":0.8,""inflation_dist"":0.5515454433007172,""max_vel_theta"":1.0,""max_vel_x"":1.2,""min_obstacle_dist"":0.25,""weight_obstacle"":50.32978487200124,""weight_optimaltime"":1.0,""weight_viapoint"":1.0}","{""acc_lim_theta"":0.7884569638018375,""acc_lim_x"":0.8,""inflation_dist"":0.5524497323127016,""max_vel_theta"":1.0,""max_vel_x"":1.2,""min_obstacle_dist"":0.25,""weight_obstacle"":50.576374591325624,""weight_optimaltime"":1.0,""weight_viapoint"":1.0}","{""acc_lim_theta"":0.7884569638018375,""acc_lim_x"":0.8,""inflation_dist"":0.5524497323127016,""max_vel_theta"":1.0,""max_vel_x"":1.2,""min_obstacle_dist"":0.25,""weight_obstacle"":50.576374591325624,""weight_optimaltime"":1.0,""weight_viapoint"":1.0}","{""acc_lim_theta"":0.7884569638018375,""acc_lim_x"":0.8,""inflation_dist"":0.5524497323127016,""max_vel_theta"":1.0,""max_vel_x"":1.2,""min_obstacle_dist"":0.25,""weight_obstacle"":50.576374591325624,""weight_optimaltime"":1.0,""weight_viapoint"":1.0}","{""acc_lim_theta"":0.7884569638018375,""acc_lim_x"":0.8,""inflation_dist"":0.5524497323127016,""max_vel_theta"":1.0,""max_vel_x"":1.2,""min_obstacle_dist"":0.25,""weight_obstacle"":50.576374591325624,""weight_optimaltime"":1.0,""weight_viapoint"":1.0}",false,,false,NORMAL,,false,,2.601100881904073,2.648781068462722,-0.04500000000000002,-0.0,-0.0005359282973548727,-0.00025487916233490795,-0.0,-0.001889379098959421,0.0,0.0,0.0,0.0,0.0,0.0,2.944956002465915,25.9999999999998,95.99999999999964,true,
t11_semantic_eta_no_fallback_seed104,t11_semantic_eta_no_fallback_seed104-episode-000001,2,3,4.402,3.8,3.81,3.84,3.9,4.4,0,0.4500000000000002,true,,1.6064401765212606,1.0940706457300748,0.013131425898602275,0.12418133122735246,30.0,0.0,25.734718314137826,1.1657403680816263,0.09964981340579336,"[0.2704339027404785,0.14318370819091797,-0.26459985971450806,-0.15939176082611084,-0.1067425012588501]","[0.0573883056640625,0.03174114227294922,-0.01833057403564453,0.01498258113861084,-0.019314587116241455]","[0.327822208404541,0.1749248504638672,-0.2829304337501526,-0.1444091796875,-0.12605708837509155]","{""acc_lim_theta"":0.7884569638018375,""acc_lim_x"":0.8,""inflation_dist"":0.5524497323127016,""max_vel_theta"":1.0,""max_vel_x"":1.2,""min_obstacle_dist"":0.25,""weight_obstacle"":50.576374591325624,""weight_optimaltime"":1.0,""weight_viapoint"":1.0}","{""acc_lim_theta"":0.78715138389868,""acc_lim_x"":0.8,""inflation_dist"":0.5526194413955935,""max_vel_theta"":1.0,""max_vel_x"":1.2,""min_obstacle_dist"":0.2502398808457944,""weight_obstacle"":50.680667043951885,""weight_optimaltime"":1.0,""weight_viapoint"":1.0}","{""acc_lim_theta"":0.78715138389868,""acc_lim_x"":0.8,""inflation_dist"":0.5526194413955935,""max_vel_theta"":1.0,""max_vel_x"":1.2,""min_obstacle_dist"":0.2502398808457944,""weight_obstacle"":50.680667043951885,""weight_optimaltime"":1.0,""weight_viapoint"":1.0}","{""acc_lim_theta"":0.78715138389868,""acc_lim_x"":0.8,""inflation_dist"":0.5526194413955935,""max_vel_theta"":1.0,""max_vel_x"":1.2,""min_obstacle_dist"":0.2502398808457944,""weight_obstacle"":50.680667043951885,""weight_optimaltime"":1.0,""weight_viapoint"":1.0}","{""acc_lim_theta"":0.78715138389868,""acc_lim_x"":0.8,""inflation_dist"":0.5526194413955935,""max_vel_theta"":1.0,""max_vel_x"":1.2,""min_obstacle_dist"":0.2502398808457944,""weight_obstacle"":50.680667043951885,""weight_optimaltime"":1.0,""weight_viapoint"":1.0}",false,,false,NORMAL,,false,,2.5157205720647315,2.5618476539559287,-0.04500000000000002,-0.0,-0.00043937040982200984,-8.290952617992903e-06,-0.0,-0.0006794205287573526,0.0,0.0,0.0,0.0,0.0,0.0,1.318989998253528,29.999999999999805,89.99999999999986,true,
t11_semantic_eta_no_fallback_seed104,t11_semantic_eta_no_fallback_seed104-episode-000001,3,4,6.21,4.398,4.404,4.432,4.5,5.0,0,0.5,true,,0.9092550533993852,0.4355452051266797,0.0020362274686386173,0.0016518500697576253,30.0,0.0,600.0,0.0,0.0,"[0.327822208404541,0.1749248504638672,-0.2829304337501526,-0.1444091796875,-0.12605708837509155]","[0.00032901763916015625,0.02310943603515625,-0.019557952880859375,-0.0012286901473999023,-0.010062634944915771]","[0.32815122604370117,0.19803428649902344,-0.30248838663101196,-0.1456378698348999,-0.13611972332000732]","{""acc_lim_theta"":0.78715138389868,""acc_lim_x"":0.8,""inflation_dist"":0.5526194413955935,""max_vel_theta"":1.0,""max_vel_x"":1.2,""min_obstacle_dist"":0.2502398808457944,""weight_obstacle"":50.680667043951885,""weight_optimaltime"":1.0,""weight_viapoint"":1.0}","{""acc_lim_theta"":0.7874436689807754,""acc_lim_x"":0.8,""inflation_dist"":0.5528005138617476,""max_vel_theta"":1.0,""max_vel_x"":1.2,""min_obstacle_dist"":0.2502473893262101,""weight_obstacle"":50.73500198116654,""weight_optimaltime"":1.0,""weight_viapoint"":1.0}","{""acc_lim_theta"":0.7874436689807754,""acc_lim_x"":0.8,""inflation_dist"":0.5528005138617476,""max_vel_theta"":1.0,""max_vel_x"":1.2,""min_obstacle_dist"":0.2502473893262101,""weight_obstacle"":50.73500198116654,""weight_optimaltime"":1.0,""weight_viapoint"":1.0}","{""acc_lim_theta"":0.7874436689807754,""acc_lim_x"":0.8,""inflation_dist"":0.5528005138617476,""max_vel_theta"":1.0,""max_vel_x"":1.2,""min_obstacle_dist"":0.2502473893262101,""weight_obstacle"":50.73500198116654,""weight_optimaltime"":1.0,""weight_viapoint"":1.0}","{""acc_lim_theta"":0.7874436689807754,""acc_lim_x"":0.8,""inflation_dist"":0.5528005138617476,""max_vel_theta"":1.0,""max_vel_x"":1.2,""min_obstacle_dist"":0.2502473893262101,""weight_obstacle"":50.73500198116654,""weight_optimaltime"":1.0,""weight_viapoint"":1.0}",false,,false,NORMAL,,false,,12.291950422896978,2.368549241363527,-0.05,-0.0,-0.0021948366426068986,-0.024167502296493153,-0.0,-0.0002364795274491827,10.0,0.0,0.0,0.0,0.0,0.0,1.6905129959923215,28.00000000000047,96.00000000000009,true,
t11_semantic_eta_no_fallback_seed104,t11_semantic_eta_no_fallback_seed104-episode-000002,0,1,7.77,7.216,7.22,7.242,7.266,7.766,0,0.4500000000000002,true,,3.818067648942073,3.448932396324687,0.24295316994263846,0.36808239331390813,30.0,0.0,25.712183359258596,1.166762059092015,0.687191349970663,"[0.0,0.0,0.0,0.0,0.0]","[0.03296971321105957,0.19704341888427734,-0.1478140950202942,-0.28697454929351807,0.024262309074401855]","[0.03296971321105957,0.19704341888427734,-0.1478140950202942,-0.28697454929351807,0.024262309074401855]","{""acc_lim_theta"":0.8,""acc_lim_x"":0.8,""inflation_dist"":0.55,""max_vel_theta"":1.0,""max_vel_x"":1.2,""min_obstacle_dist"":0.25,""weight_obstacle"":50.0,""weight_optimaltime"":1.0,""weight_viapoint"":1.0}","{""acc_lim_theta"":0.790459319375386,""acc_lim_x"":0.8,""inflation_dist"":0.5513685002147569,""max_vel_theta"":1.0,""max_vel_x"":1.2,""min_obstacle_dist"":0.250573801981189,""weight_obstacle"":50.0,""weight_optimaltime"":1.0,""weight_viapoint"":1.0}","{""acc_lim_theta"":0.790459319375386,""acc_lim_x"":0.8,""inflation_dist"":0.5513685002147569,""max_vel_theta"":1.0,""max_vel_x"":1.2,""min_obstacle_dist"":0.250573801981189,""weight_obstacle"":50.0,""weight_optimaltime"":1.0,""weight_viapoint"":1.0}","{""acc_lim_theta"":0.790459319375386,""acc_lim_x"":0.8,""inflation_dist"":0.5513685002147569,""max_vel_theta"":1.0,""max_vel_x"":1.2,""min_obstacle_dist"":0.250573801981189,""weight_obstacle"":50.0,""weight_optimaltime"":1.0,""weight_viapoint"":1.0}","{""acc_lim_theta"":0.790459319375386,""acc_lim_x"":0.8,""inflation_dist"":0.5513685002147569,""max_vel_theta"":1.0,""max_vel_x"":1.2,""min_obstacle_dist"":0.250573801981189,""weight_obstacle"":50.0,""weight_optimaltime"":1.0,""weight_viapoint"":1.0}",false,,false,NORMAL,,false,,1.5976146095184267,1.8456762630869306,-0.04500000000000002,-0.0,-0.007683553224376987,-0.19237240933413857,-0.0,-0.0030056910099882073,0.0,0.0,0.0,0.0,0.0,0.0,2.4665970049682073,22.00000000000024,46.00000000000026,true,
t11_semantic_eta_no_fallback_seed104,t11_semantic_eta_no_fallback_seed104-episode-000002,1,2,8.366,7.764,7.772,7.796,7.862,8.362,0,0.45000000000000107,true,,3.2977924978561153,2.780835106401054,0.049996737721189025,0.6543628609329082,30.0,0.0,25.753137472406983,1.1649066072878804,0.3255475082300762,"[0.03296971321105957,0.19704341888427734,-0.1478140950202942,-0.28697454929351807,0.024262309074401855]","[-0.0526157021522522,0.17878496646881104,-0.07669532299041748,-0.22218865156173706,0.09956967830657959]","[-0.019645988941192627,0.3758283853530884,-0.22450941801071167,-0.5091632008552551,0.12383198738098145]","{""acc_lim_theta"":0.790459319375386,""acc_lim_x"":0.8,""inflation_dist"":0.5513685002147569,""max_vel_theta"":1.0,""max_vel_x"":1.2,""min_obstacle_dist"":0.250573801981189,""weight_obstacle"":50.0,""weight_optimaltime"":1.0,""weight_viapoint"":1.0}","{""acc_lim_theta"":0.78354876478243,""acc_lim_x"":0.8,""inflation_dist"":0.5520785648805713,""max_vel_theta"":1.0,""max_vel_x"":1.1983859777044987,""min_obstacle_dist"":0.2526393697472761,""weight_obstacle"":50.0,""weight_optimaltime"":1.0,""weight_viapoint"":1.0}","{""acc_lim_theta"":0.78354876478243,""acc_lim_x"":0.8,""inflation_dist"":0.5520785648805713,""max_vel_theta"":0.9986549814204156,""max_vel_x"":1.1983859777044987,""min_obstacle_dist"":0.2526393697472761,""weight_obstacle"":50.0,""weight_optimaltime"":1.0,""weight_viapoint"":1.0}","{""acc_lim_theta"":0.78354876478243,""acc_lim_x"":0.8,""inflation_dist"":0.5520785648805713,""max_vel_theta"":0.9986549814204156,""max_vel_x"":1.1983859777044987,""min_obstacle_dist"":0.2526393697472761,""weight_obstacle"":50.0,""weight_optimaltime"":1.0,""weight_viapoint"":1.0}","{""acc_lim_theta"":0.78354876478243,""acc_lim_x"":0.8,""inflation_dist"":0.5520785648805713,""max_vel_theta"":0.9986549814204156,""max_vel_x"":1.1983859777044987,""min_obstacle_dist"":0.2526393697472761,""weight_obstacle"":50.0,""weight_optimaltime"":1.0,""weight_viapoint"":1.0}",true,max_vel_theta:ackermann_turning_radius,false,NORMAL,,false,,2.508634693121777,2.584786957275307,-0.04500000000000011,-0.0,-0.02785284973070577,-4.665617512268289e-06,-0.0,-0.003294748805311696,0.0,0.0,0.0,1.0,0.0,0.0,1.3336459960555658,24.00000000000002,89.99999999999986,true,
t11_semantic_eta_no_fallback_seed104,t11_semantic_eta_no_fallback_seed104-episode-000002,2,3,8.966,8.364,8.37,8.404,8.464,8.964,0,0.45000000000000107,true,,2.6200268105879516,2.0891003424024723,0.12051666699785035,0.7250276018607149,30.0,0.0,25.739637829289137,1.1655175647367888,-0.022905075623133517,"[-0.019645988941192627,0.3758283853530884,-0.22450941801071167,-0.5091632008552551,0.12383198738098145]","[-0.08881843090057373,0.14664530754089355,-0.08518517017364502,-0.1734919548034668,0.07345736026763916]","[-0.10846441984176636,0.5224736928939819,-0.3096945881843567,-0.6826551556587219,0.1972893476486206]","{""acc_lim_theta"":0.78354876478243,""acc_lim_x"":0.8,""inflation_dist"":0.5520785648805713,""max_vel_theta"":0.9986549814204156,""max_vel_x"":1.1983859777044987,""min_obstacle_dist"":0.2526393697472761,""weight_obstacle"":50.0,""weight_optimaltime"":1.0,""weight_viapoint"":1.0}","{""acc_lim_theta"":0.7802417172568151,""acc_lim_x"":0.8,""inflation_dist"":0.5528672306952943,""max_vel_theta"":0.9986549814204156,""max_vel_x"":1.1964830744888757,""min_obstacle_dist"":0.2537342512124683,""weight_obstacle"":50.0,""weight_optimaltime"":1.0,""weight_viapoint"":1.0}","{""acc_lim_theta"":0.7802417172568151,""acc_lim_x"":0.8,""inflation_dist"":0.5528672306952943,""max_vel_theta"":0.9970692287407298,""max_vel_x"":1.1964830744888757,""min_obstacle_dist"":0.2537342512124683,""weight_obstacle"":50.0,""weight_optimaltime"":1.0,""weight_viapoint"":1.0}","{""acc_lim_theta"":0.7802417172568151,""acc_lim_x"":0.8,""inflation_dist"":0.5528672306952943,""max_vel_theta"":0.9970692287407298,""max_vel_x"":1.1964830744888757,""min_obstacle_dist"":0.2537342512124683,""weight_obstacle"":50.0,""weight_optimaltime"":1.0,""weight_viapoint"":1.0}","{""acc_lim_theta"":0.7802417172568151,""acc_lim_x"":0.8,""inflation_dist"":0.5528672306952943,""max_vel_theta"":0.9970692287407298,""max_vel_x"":1.1964830744888757,""min_obstacle_dist"":0.2537342512124683,""weight_obstacle"":50.0,""weight_optimaltime"":1.0,""weight_viapoint"":1.0}",true,max_vel_theta:ackermann_turning_radius,false,NORMAL,,false,,2.603475065152852,2.6546323409273964,-0.04500000000000011,-0.0,-0.004026285290017298,-6.641855251052644e-06,-0.0,-0.0021243486292758036,0.0,0.0,0.0,1.0,0.0,0.0,1.8712140008574352,34.000000000000696,94.0000000000012,true,
t11_semantic_eta_no_fallback_seed104,t11_semantic_eta_no_fallback_seed104-episode-000002,3,4,9.566,8.962,8.968,8.994,9.064,9.564,0,0.4499999999999993,true,,1.927877308113897,1.4298800288787248,0.10611742053946643,0.7138042162857493,30.0,0.0,25.930361331772033,1.1569449270744063,0.09142273314780405,"[-0.10846441984176636,0.5224736928939819,-0.3096945881843567,-0.6826551556587219,0.1972893476486206]","[-0.11457473039627075,0.10249090194702148,0.06388616561889648,-0.0877070426940918,0.1890418529510498]","[-0.2230391502380371,0.6249645948410034,-0.2458084225654602,-0.7703621983528137,0.3863312005996704]","{""acc_lim_theta"":0.7802417172568151,""acc_lim_x"":0.8,""inflation_dist"":0.5528672306952943,""max_vel_theta"":0.9970692287407298,""max_vel_x"":1.1964830744888757,""min_obstacle_dist"":0.2537342512124683,""weight_obstacle"":50.0,""weight_optimaltime"":1.0,""weight_viapoint"":1.0}","{""acc_lim_theta"":0.7763170023948778,""acc_lim_x"":0.8,""inflation_dist"":0.5522757564427377,""max_vel_theta"":0.9970692287407298,""max_vel_x"":1.1853915826352757,""min_obstacle_dist"":0.25782013839189516,""weight_obstacle"":50.0,""weight_optimaltime"":1.0,""weight_viapoint"":1.0}","{""acc_lim_theta"":0.7763170023948778,""acc_lim_x"":0.8,""inflation_dist"":0.5522757564427377,""max_vel_theta"":0.9878263188627298,""max_vel_x"":1.1853915826352757,""min_obstacle_dist"":0.25782013839189516,""weight_obstacle"":50.0,""weight_optimaltime"":1.0,""weight_viapoint"":1.0}","{""acc_lim_theta"":0.7763170023948778,""acc_lim_x"":0.8,""inflation_dist"":0.5522757564427377,""max_vel_theta"":0.9878263188627298,""max_vel_x"":1.1853915826352757,""min_obstacle_dist"":0.25782013839189516,""weight_obstacle"":50.0,""weight_optimaltime"":1.0,""weight_viapoint"":1.0}","{""acc_lim_theta"":0.7763170023948778,""acc_lim_x"":0.8,""inflation_dist"":0.5522757564427377,""max_vel_theta"":0.9878263188627298,""max_vel_x"":1.1853915826352757,""min_obstacle_dist"":0.25782013839189516,""weight_obstacle"":50.0,""weight_optimaltime"":1.0,""weight_viapoint"":1.0}",true,max_vel_theta:ackermann_turning_radius,false,NORMAL,,false,,2.435487361125215,2.4899863961758606,-0.04499999999999993,-0.0,-0.0028891127550087345,-0.0001282321135946513,-0.0,-0.006481690182042689,0.0,0.0,0.0,1.0,0.0,0.0,1.8031090003205463,25.9999999999998,96.00000000000009,true,
t11_semantic_eta_no_fallback_seed104,t11_semantic_eta_no_fallback_seed104-episode-000002,4,5,10.164,9.562,9.568,9.592,9.662,10.162,0,0.45000000000000107,true,,1.2500422220595198,0.7713515822280246,0.05597086694086579,0.8803972576055589,30.0,0.0,29.698937751016327,1.0101371386245412,0.40337646286905965,"[-0.2230391502380371,0.6249645948410034,-0.2458084225654602,-0.7703621983528137,0.3863312005996704]","[-0.2088913917541504,0.14333391189575195,0.0023027658462524414,-0.053253352642059326,0.014626145362854004]","[-0.4319305419921875,0.7682985067367554,-0.24350565671920776,-0.823615550994873,0.4009573459625244]","{""acc_lim_theta"":0.7763170023948778,""acc_lim_x"":0.8,""inflation_dist"":0.5522757564427377,""max_vel_theta"":0.9878263188627298,""max_vel_x"":1.1853915826352757,""min_obstacle_dist"":0.25782013839189516,""weight_obstacle"":50.0,""weight_optimaltime"":1.0,""weight_viapoint"":1.0}","{""acc_lim_theta"":0.7829686461271699,""acc_lim_x"":0.8,""inflation_dist"":0.5522544368550848,""max_vel_theta"":0.9878263188627298,""max_vel_x"":1.1818741109538802,""min_obstacle_dist"":0.2611924001826752,""weight_obstacle"":50.0,""weight_optimaltime"":1.0,""weight_viapoint"":1.0}","{""acc_lim_theta"":0.7829686461271699,""acc_lim_x"":0.8,""inflation_dist"":0.5522544368550848,""max_vel_theta"":0.9848950924615668,""max_vel_x"":1.1818741109538802,""min_obstacle_dist"":0.2611924001826752,""weight_obstacle"":50.0,""weight_optimaltime"":1.0,""weight_viapoint"":1.0}","{""acc_lim_theta"":0.7829686461271699,""acc_lim_x"":0.8,""inflation_dist"":0.5522544368550848,""max_vel_theta"":0.9848950924615668,""max_vel_x"":1.1818741109538802,""min_obstacle_dist"":0.2611924001826752,""weight_obstacle"":50.0,""weight_optimaltime"":1.0,""weight_viapoint"":1.0}","{""acc_lim_theta"":0.7829686461271699,""acc_lim_x"":0.8,""inflation_dist"":0.5522544368550848,""max_vel_theta"":0.9848950924615668,""max_vel_x"":1.1818741109538802,""min_obstacle_dist"":0.2611924001826752,""weight_obstacle"":50.0,""weight_optimaltime"":1.0,""weight_viapoint"":1.0}",true,max_vel_theta:ackermann_turning_radius,false,NORMAL,,false,,2.3229429961202035,2.393453199157476,-0.04500000000000011,-0.0,-0.010495997851539509,-0.010823807665124849,-0.0,-0.0041903975206081965,0.0,0.0,0.0,1.0,0.0,0.0,1.4975550002418458,24.00000000000091,94.0000000000012,true,
t11_semantic_eta_no_fallback_seed104,t11_semantic_eta_no_fallback_seed104-episode-000002,5,6,11.664,10.162,10.168,10.19,10.262,10.762,0,0.45000000000000107,true,,0.6181229427039585,0.28232350268421846,0.005846139718646879,0.0033942656963408258,30.0,0.0,600.0,0.0,0.0,"[-0.4319305419921875,0.7682985067367554,-0.24350565671920776,-0.823615550994873,0.4009573459625244]","[-0.17258137464523315,0.07062780857086182,0.07818746566772461,0.001574397087097168,0.0668327808380127]","[-0.6045119166374207,0.8389263153076172,-0.16531819105148315,-0.8220411539077759,0.4677901268005371]","{""acc_lim_theta"":0.7829686461271699,""acc_lim_x"":0.8,""inflation_dist"":0.5522544368550848,""max_vel_theta"":0.9848950924615668,""max_vel_x"":1.1818741109538802,""min_obstacle_dist"":0.2611924001826752,""weight_obstacle"":50.0,""weight_optimaltime"":1.0,""weight_viapoint"":1.0}","{""acc_lim_theta"":0.787801412469604,""acc_lim_x"":0.8,""inflation_dist"":0.5515305575555979,""max_vel_theta"":0.9848950924615668,""max_vel_x"":1.174729087548736,""min_obstacle_dist"":0.2649271826933118,""weight_obstacle"":50.0,""weight_optimaltime"":1.0,""weight_viapoint"":1.0}","{""acc_lim_theta"":0.787801412469604,""acc_lim_x"":0.8,""inflation_dist"":0.5515305575555979,""max_vel_theta"":0.9789409062906134,""max_vel_x"":1.174729087548736,""min_obstacle_dist"":0.2649271826933118,""weight_obstacle"":50.0,""weight_optimaltime"":1.0,""weight_viapoint"":1.0}","{""acc_lim_theta"":0.787801412469604,""acc_lim_x"":0.8,""inflation_dist"":0.5515305575555979,""max_vel_theta"":0.9789409062906134,""max_vel_x"":1.174729087548736,""min_obstacle_dist"":0.2649271826933118,""weight_obstacle"":50.0,""weight_optimaltime"":1.0,""weight_viapoint"":1.0}","{""acc_lim_theta"":0.787801412469604,""acc_lim_x"":0.8,""inflation_dist"":0.5515305575555979,""max_vel_theta"":0.9789409062906134,""max_vel_x"":1.174729087548736,""min_obstacle_dist"":0.2649271826933118,""weight_obstacle"":50.0,""weight_optimaltime"":1.0,""weight_viapoint"":1.0}",true,max_vel_theta:ackermann_turning_radius,false,NORMAL,,false,,11.593964819458247,1.6789972000987001,-0.04500000000000011,-0.0,-0.002819791318006223,-0.03192198760720562,-0.0,-0.00529060171524082,10.0,0.0,0.0,1.0,0.0,0.0,2.8115450040786527,22.00000000000024,94.0000000000012,true,
t11_semantic_eta_no_fallback_seed104,t11_semantic_eta_no_fallback_seed104-episode-000003,0,1,13.262,12.676,12.684,12.71,12.712,13.212,0,0.5,true,,5.136997496575727,4.74107215069059,0.06531574769320299,0.3684442142165136,1.2901512797027692,0.9830508474576272,1.1786221687986798,1.0946266868692673,0.5693113333913985,"[0.0,0.0,0.0,0.0,0.0]","[0.03414487838745117,-0.05667370557785034,0.025717735290527344,-0.3261551856994629,-0.19900637865066528]","[0.03414487838745117,-0.05667370557785034,0.025717735290527344,-0.3261551856994629,-0.19900637865066528]","{""acc_lim_theta"":0.8,""acc_lim_x"":0.8,""inflation_dist"":0.55,""max_vel_theta"":1.0,""max_vel_x"":1.2,""min_obstacle_dist"":0.25,""weight_obstacle"":50.0,""weight_optimaltime"":1.0,""weight_viapoint"":1.0}","{""acc_lim_theta"":0.7968874329200037,""acc_lim_x"":0.8,""inflation_dist"":0.55,""max_vel_theta"":1.0,""max_vel_x"":1.2,""min_obstacle_dist"":0.25,""weight_obstacle"":51.074569349727135,""weight_optimaltime"":0.994332629442215,""weight_viapoint"":1.0}","{""acc_lim_theta"":0.7968874329200037,""acc_lim_x"":0.8,""inflation_dist"":0.55,""max_vel_theta"":1.0,""max_vel_x"":1.2,""min_obstacle_dist"":0.25,""weight_obstacle"":51.074569349727135,""weight_optimaltime"":0.994332629442215,""weight_viapoint"":1.0}","{""acc_lim_theta"":0.7968874329200037,""acc_lim_x"":0.8,""inflation_dist"":0.55,""max_vel_theta"":1.0,""max_vel_x"":1.2,""min_obstacle_dist"":0.25,""weight_obstacle"":51.074569349727135,""weight_optimaltime"":0.994332629442215,""weight_viapoint"":1.0}","{""acc_lim_theta"":0.7968874329200037,""acc_lim_x"":0.8,""inflation_dist"":0.55,""max_vel_theta"":1.0,""max_vel_x"":1.2,""min_obstacle_dist"":0.25,""weight_obstacle"":51.074569349727135,""weight_optimaltime"":0.994332629442215,""weight_viapoint"":1.0}",false,,false,NORMAL,,false,,1.7756267605723404,1.9796267294256875,-0.05,-0.0,-0.0007235391275401545,-0.1492156751447965,-0.0,-0.004060754581010342,0.0,0.0,0.0,0.0,0.0,0.0,6.576327999937348,26.000000000001577,28.00000000000047,true,
t11_semantic_eta_no_fallback_seed104,t11_semantic_eta_no_fallback_seed104-episode-000003,1,2,13.262,13.262,,,,13.262,0,0.0,true,,4.679882756579295,4.679882756579295,0.06531574769320299,0.3684442142165136,1.2901512797027692,0.9830508474576272,1.1786221687986798,1.0946266868692673,0.5693113333913985,"[0.03414487838745117,-0.05667370557785034,0.025717735290527344,-0.3261551856994629,-0.19900637865066528]","[-0.32703697681427,-0.1662909984588623,0.18025946617126465,-0.24440181255340576,-0.19150853157043457]","[-0.29289209842681885,-0.22296470403671265,0.205977201461792,-0.5705569982528687,-0.39051491022109985]","{""acc_lim_theta"":0.7968874329200037,""acc_lim_x"":0.8,""inflation_dist"":0.55,""max_vel_theta"":1.0,""max_vel_x"":1.2,""min_obstacle_dist"":0.25,""weight_obstacle"":51.074569349727135,""weight_optimaltime"":0.994332629442215,""weight_viapoint"":1.0}","{""acc_lim_theta"":0.8,""acc_lim_x"":0.8,""inflation_dist"":0.55,""max_vel_theta"":1.0,""max_vel_x"":1.2,""min_obstacle_dist"":0.25100936776914984,""weight_obstacle"":52.10865277776681,""weight_optimaltime"":0.9777035295963288,""weight_viapoint"":1.0}","{""acc_lim_theta"":0.8,""acc_lim_x"":0.8,""inflation_dist"":0.55,""max_vel_theta"":1.0,""max_vel_x"":1.2,""min_obstacle_dist"":0.25100936776914984,""weight_obstacle"":52.10865277776681,""weight_optimaltime"":0.9777035295963288,""weight_viapoint"":1.0}","{""acc_lim_theta"":0.8,""acc_lim_x"":0.8,""inflation_dist"":0.55,""max_vel_theta"":1.0,""max_vel_x"":1.2,""min_obstacle_dist"":0.25100936776914984,""weight_obstacle"":52.10865277776681,""weight_optimaltime"":0.9777035295963288,""weight_viapoint"":1.0}","{""acc_lim_theta"":0.7968874329200037,""acc_lim_x"":0.8,""inflation_dist"":0.55,""max_vel_theta"":1.0,""max_vel_x"":1.2,""min_obstacle_dist"":0.25,""weight_obstacle"":51.074569349727135,""weight_optimaltime"":0.994332629442215,""weight_viapoint"":1.0}",false,,false,NORMAL,margin:emergency|ablation:no_conservative_parameter_fallback,false,,0.0,0.0,0.0,0.0,0.0,0.0,0.0,0.0,0.0,0.0,0.0,0.0,0.0,0.0,1.5379609976662323,0.0,0.0,false,safety_emergency_stop
t11_semantic_eta_no_fallback_seed104,t11_semantic_eta_no_fallback_seed104-episode-000004,0,1,14.356,14.356,,,,14.356,0,0.0,true,,5.040324656626346,5.040324656626346,0.05514685316339783,0.019660173206303363,0.5152110041005313,0.8344519015659956,1.3102199230043057,0.39322482817935156,-0.3276695534383895,"[0.0,0.0,0.0,0.0,0.0]","[-0.9584164619445801,-0.5818656086921692,0.6333664655685425,-0.1642826795578003,-0.30569231510162354]","[-0.9584164619445801,-0.5818656086921692,0.6333664655685425,-0.1642826795578003,-0.30569231510162354]","{""acc_lim_theta"":0.8,""acc_lim_x"":0.8,""inflation_dist"":0.55,""max_vel_theta"":1.0,""max_vel_x"":1.2,""min_obstacle_dist"":0.25,""weight_obstacle"":50.0,""weight_optimaltime"":1.0,""weight_viapoint"":1.0}","{""acc_lim_theta"":0.8,""acc_lim_x"":0.7798888331155056,""inflation_dist"":0.55,""max_vel_theta"":1.0,""max_vel_x"":1.2,""min_obstacle_dist"":0.2536024594175701,""weight_obstacle"":51.6506385095925,""weight_optimaltime"":0.9418134391307831,""weight_viapoint"":1.0}","{""acc_lim_theta"":0.8,""acc_lim_x"":0.7798888331155056,""inflation_dist"":0.55,""max_vel_theta"":1.0,""max_vel_x"":1.2,""min_obstacle_dist"":0.2536024594175701,""weight_obstacle"":51.6506385095925,""weight_optimaltime"":0.9418134391307831,""weight_viapoint"":1.0}","{""acc_lim_theta"":0.8,""acc_lim_x"":0.7798888331155056,""inflation_dist"":0.55,""max_vel_theta"":1.0,""max_vel_x"":1.2,""min_obstacle_dist"":0.2536024594175701,""weight_obstacle"":51.6506385095925,""weight_optimaltime"":0.9418134391307831,""weight_viapoint"":1.0}","{""acc_lim_theta"":0.8,""acc_lim_x"":0.8,""inflation_dist"":0.55,""max_vel_theta"":1.0,""max_vel_x"":1.2,""min_obstacle_dist"":0.25,""weight_obstacle"":50.0,""weight_optimaltime"":1.0,""weight_viapoint"":1.0}",false,,false,NORMAL,margin:emergency|ablation:no_conservative_parameter_fallback,false,,0.0,0.0,0.0,0.0,0.0,0.0,0.0,0.0,0.0,0.0,0.0,0.0,0.0,0.0,5.831014997966122,0.0,0.0,false,safety_emergency_stop
t11_semantic_eta_no_fallback_seed104,t11_semantic_eta_no_fallback_seed104-episode-000005,0,1,15.904,15.356,15.362,15.392,15.402,15.902,0,0.4499999999999993,true,,3.051733466962462,2.6228796129522647,0.04611563459746022,0.00866746384918388,30.0,0.0,25.73460233097963,1.165745621951408,0.0003299813929972244,"[0.0,0.0,0.0,0.0,0.0]","[0.13707280158996582,0.09903228282928467,-0.15593063831329346,-0.0929296612739563,-0.053754329681396484]","[0.13707280158996582,0.09903228282928467,-0.15593063831329346,-0.0929296612739563,-0.053754329681396484]","{""acc_lim_theta"":0.8,""acc_lim_x"":0.8,""inflation_dist"":0.55,""max_vel_theta"":1.0,""max_vel_x"":1.2,""min_obstacle_dist"":0.25,""weight_obstacle"":50.0,""weight_optimaltime"":1.0,""weight_viapoint"":1.0}","{""acc_lim_theta"":0.7938251912854954,""acc_lim_x"":0.8,""inflation_dist"":0.5514436452219906,""max_vel_theta"":1.0,""max_vel_x"":1.2,""min_obstacle_dist"":0.25,""weight_obstacle"":50.2902557972383,""weight_optimaltime"":1.0,""weight_viapoint"":1.0}","{""acc_lim_theta"":0.7938251912854954,""acc_lim_x"":0.8,""inflation_dist"":0.5514436452219906,""max_vel_theta"":1.0,""max_vel_x"":1.2,""min_obstacle_dist"":0.25,""weight_obstacle"":50.2902557972383,""weight_optimaltime"":1.0,""weight_viapoint"":1.0}","{""acc_lim_theta"":0.7938251912854954,""acc_lim_x"":0.8,""inflation_dist"":0.5514436452219906,""max_vel_theta"":1.0,""max_vel_x"":1.2,""min_obstacle_dist"":0.25,""weight_obstacle"":50.2902557972383,""weight_optimaltime"":1.0,""weight_viapoint"":1.0}","{""acc_lim_theta"":0.7938251912854954,""acc_lim_x"":0.8,""inflation_dist"":0.5514436452219906,""max_vel_theta"":1.0,""max_vel_x"":1.2,""min_obstacle_dist"":0.25,""weight_obstacle"":50.2902557972383,""weight_optimaltime"":1.0,""weight_viapoint"":1.0}",false,,false,NORMAL,,false,,1.8965561178870185,2.144269270050987,-0.04499999999999993,-0.0,-0.0010707205703806369,-0.19910574775705916,-0.0,-0.002536683836528636,0.0,0.0,0.0,0.0,0.0,0.0,3.2518070001970045,29.99999999999936,39.99999999999915,true,
t11_semantic_eta_no_fallback_seed104,t11_semantic_eta_no_fallback_seed104-episode-000005,1,2,16.552,15.9,15.906,15.928,16.002,16.502,0,0.5,true,,2.4363648353422183,1.853019515222067,0.039373574269544694,0.0071492256838722006,30.0,0.0,25.731208951699042,1.1658993581029968,-0.003988699159171156,"[0.13707280158996582,0.09903228282928467,-0.15593063831329346,-0.0929296612739563,-0.053754329681396484]","[0.08946013450622559,0.0830467939376831,-0.09766972064971924,-0.040140509605407715,-0.027188658714294434]","[0.2265329360961914,0.18207907676696777,-0.2536003589630127,-0.133070170879364,-0.08094298839569092]","{""acc_lim_theta"":0.7938251912854954,""acc_lim_x"":0.8,""inflation_dist"":0.5514436452219906,""max_vel_theta"":1.0,""max_vel_x"":1.2,""min_obstacle_dist"":0.25,""weight_obstacle"":50.2902557972383,""weight_optimaltime"":1.0,""weight_viapoint"":1.0}","{""acc_lim_theta"":0.7900583305500644,""acc_lim_x"":0.8,""inflation_dist"":0.5523478961573702,""max_vel_theta"":1.0,""max_vel_x"":1.2,""min_obstacle_dist"":0.25,""weight_obstacle"":50.437065660885224,""weight_optimaltime"":1.0,""weight_viapoint"":1.0}","{""acc_lim_theta"":0.7900583305500644,""acc_lim_x"":0.8,""inflation_dist"":0.5523478961573702,""max_vel_theta"":1.0,""max_vel_x"":1.2,""min_obstacle_dist"":0.25,""weight_obstacle"":50.437065660885224,""weight_optimaltime"":1.0,""weight_viapoint"":1.0}","{""acc_lim_theta"":0.7900583305500644,""acc_lim_x"":0.8,""inflation_dist"":0.5523478961573702,""max_vel_theta"":1.0,""max_vel_x"":1.2,""min_obstacle_dist"":0.25,""weight_obstacle"":50.437065660885224,""weight_optimaltime"":1.0,""weight_viapoint"":1.0}","{""acc_lim_theta"":0.7900583305500644,""acc_lim_x"":0.8,""inflation_dist"":0.5523478961573702,""max_vel_theta"":1.0,""max_vel_x"":1.2,""min_obstacle_dist"":0.25,""weight_obstacle"":50.437065660885224,""weight_optimaltime"":1.0,""weight_viapoint"":1.0}",false,,false,NORMAL,,false,,2.8643122580795315,2.9167266006007564,-0.05,-0.0,-0.0009012481165750551,-1.9402083389579142e-05,-0.0,-0.0014936923212600741,0.0,0.0,0.0,0.0,0.0,0.0,1.1832789969048463,22.00000000000024,95.99999999999831,true,
t11_semantic_eta_no_fallback_seed104,t11_semantic_eta_no_fallback_seed104-episode-000005,2,3,17.104,16.536,16.554,16.586,16.6,17.1,0,0.4499999999999993,true,,1.7364295815036288,1.2235402559348323,0.03502592270600418,0.007871036804540871,30.0,0.0,25.737265640083823,1.1656249898309825,-0.02023507327723157,"[0.2265329360961914,0.18207907676696777,-0.2536003589630127,-0.133070170879364,-0.08094298839569092]","[0.08584773540496826,0.05390346050262451,-0.036450088024139404,-0.02345377206802368,-0.01653587818145752]","[0.31238067150115967,0.23598253726959229,-0.2900504469871521,-0.1565239429473877,-0.09747886657714844]","{""acc_lim_theta"":0.7900583305500644,""acc_lim_x"":0.8,""inflation_dist"":0.5523478961573702,""max_vel_theta"":1.0,""max_vel_x"":1.2,""min_obstacle_dist"":0.25,""weight_obstacle"":50.437065660885224,""weight_optimaltime"":1.0,""weight_viapoint"":1.0}","{""acc_lim_theta"":0.786510935728645,""acc_lim_x"":0.8,""inflation_dist"":0.552685360275945,""max_vel_theta"":1.0,""max_vel_x"":1.2,""min_obstacle_dist"":0.25026421668360327,""weight_obstacle"":50.526353994179345,""weight_optimaltime"":1.0,""weight_viapoint"":1.0}","{""acc_lim_theta"":0.786510935728645,""acc_lim_x"":0.8,""inflation_dist"":0.552685360275945,""max_vel_theta"":1.0,""max_vel_x"":1.2,""min_obstacle_dist"":0.25026421668360327,""weight_obstacle"":50.526353994179345,""weight_optimaltime"":1.0,""weight_viapoint"":1.0}","{""acc_lim_theta"":0.786510935728645,""acc_lim_x"":0.8,""inflation_dist"":0.552685360275945,""max_vel_theta"":1.0,""max_vel_x"":1.2,""min_obstacle_dist"":0.25026421668360327,""weight_obstacle"":50.526353994179345,""weight_optimaltime"":1.0,""weight_viapoint"":1.0}","{""acc_lim_theta"":0.786510935728645,""acc_lim_x"":0.8,""inflation_dist"":0.552685360275945,""max_vel_theta"":1.0,""max_vel_x"":1.2,""min_obstacle_dist"":0.25026421668360327,""weight_obstacle"":50.526353994179345,""weight_optimaltime"":1.0,""weight_viapoint"":1.0}",false,,false,NORMAL,,false,,2.517554684237868,2.5644466278439824,-0.04499999999999993,-0.0,-0.0006240958639985608,-3.1737713818760943e-07,-0.0,-0.0012675303649771512,0.0,0.0,0.0,0.0,0.0,0.0,1.5202089998638257,32.00000000000003,46.00000000000293,true,
t11_semantic_eta_no_fallback_seed104,t11_semantic_eta_no_fallback_seed104-episode-000005,3,4,19.01,17.1,17.106,17.134,17.2,17.7,0,0.5,true,,1.0370308802267643,0.5213430650990597,0.0021054834002711825,9.768432848842996e-05,30.0,0.0,600.0,0.0,0.0,"[0.31238067150115967,0.23598253726959229,-0.2900504469871521,-0.1565239429473877,-0.09747886657714844]","[0.03905081748962402,0.06091475486755371,-0.047817766666412354,-0.024777114391326904,-0.027680039405822754]","[0.3514314889907837,0.296897292137146,-0.33786821365356445,-0.1813010573387146,-0.1251589059829712]","{""acc_lim_theta"":0.786510935728645,""acc_lim_x"":0.8,""inflation_dist"":0.552685360275945,""max_vel_theta"":1.0,""max_vel_x"":1.2,""min_obstacle_dist"":0.25026421668360327,""weight_obstacle"":50.526353994179345,""weight_optimaltime"":1.0,""weight_viapoint"":1.0}","{""acc_lim_theta"":0.7852099844930217,""acc_lim_x"":0.8,""inflation_dist"":0.5531280692337287,""max_vel_theta"":1.0,""max_vel_x"":1.2,""min_obstacle_dist"":0.2503845130130776,""weight_obstacle"":50.6758171528299,""weight_optimaltime"":1.0,""weight_viapoint"":1.0}","{""acc_lim_theta"":0.7852099844930217,""acc_lim_x"":0.8,""inflation_dist"":0.5531280692337287,""max_vel_theta"":1.0,""max_vel_x"":1.2,""min_obstacle_dist"":0.2503845130130776,""weight_obstacle"":50.6758171528299,""weight_optimaltime"":1.0,""weight_viapoint"":1.0}","{""acc_lim_theta"":0.7852099844930217,""acc_lim_x"":0.8,""inflation_dist"":0.5531280692337287,""max_vel_theta"":1.0,""max_vel_x"":1.2,""min_obstacle_dist"":0.2503845130130776,""weight_obstacle"":50.6758171528299,""weight_optimaltime"":1.0,""weight_viapoint"":1.0}","{""acc_lim_theta"":0.7852099844930217,""acc_lim_x"":0.8,""inflation_dist"":0.5531280692337287,""max_vel_theta"":1.0,""max_vel_x"":1.2,""min_obstacle_dist"":0.2503845130130776,""weight_obstacle"":50.6758171528299,""weight_optimaltime"":1.0,""weight_viapoint"":1.0}",false,,false,NORMAL,,false,,12.507509871404519,2.578439075638523,-0.05,-0.0,-0.0005147240961289337,-0.019615709206226004,-0.0,-0.0007987709316491908,10.0,0.0,0.0,0.0,0.0,0.0,1.573654000821989,27.999999999998693,93.99999999999764,true,
t11_semantic_eta_no_fallback_seed104,t11_semantic_eta_no_fallback_seed104-episode-000006,0,1,20.536,19.996,19.998,20.022,20.034,20.534,0,0.4499999999999993,true,,3.9516575356238572,3.548028992838546,0.2600776595042852,0.4024664467806157,30.0,0.0,25.291377798980687,1.1861749975997387,0.5817011701243726,"[0.0,0.0,0.0,0.0,0.0]","[0.0299379825592041,0.17703890800476074,-0.11185848712921143,-0.2949953079223633,0.03806936740875244]","[0.0299379825592041,0.17703890800476074,-0.11185848712921143,-0.2949953079223633,0.03806936740875244]","{""acc_lim_theta"":0.8,""acc_lim_x"":0.8,""inflation_dist"":0.55,""max_vel_theta"":1.0,""max_vel_x"":1.2,""min_obstacle_dist"":0.25,""weight_obstacle"":50.0,""weight_optimaltime"":1.0,""weight_viapoint"":1.0}","{""acc_lim_theta"":0.7899136618473378,""acc_lim_x"":0.8,""inflation_dist"":0.5510356141181103,""max_vel_theta"":1.0,""max_vel_x"":1.2,""min_obstacle_dist"":0.2510791797899996,""weight_obstacle"":50.0,""weight_optimaltime"":1.0,""weight_viapoint"":1.0}","{""acc_lim_theta"":0.7899136618473378,""acc_lim_x"":0.8,""inflation_dist"":0.5510356141181103,""max_vel_theta"":1.0,""max_vel_x"":1.2,""min_obstacle_dist"":0.2510791797899996,""weight_obstacle"":50.0,""weight_optimaltime"":1.0,""weight_viapoint"":1.0}","{""acc_lim_theta"":0.7899136618473378,""acc_lim_x"":0.8,""inflation_dist"":0.5510356141181103,""max_vel_theta"":1.0,""max_vel_x"":1.2,""min_obstacle_dist"":0.2510791797899996,""weight_obstacle"":50.0,""weight_optimaltime"":1.0,""weight_viapoint"":1.0}","{""acc_lim_theta"":0.7899136618473378,""acc_lim_x"":0.8,""inflation_dist"":0.5510356141181103,""max_vel_theta"":1.0,""max_vel_x"":1.2,""min_obstacle_dist"":0.2510791797899996,""weight_obstacle"":50.0,""weight_optimaltime"":1.0,""weight_viapoint"":1.0}",false,,false,NORMAL,,false,,1.8092737357872504,2.018142713926556,-0.04499999999999993,-0.0,-0.009585558880479373,-0.15103427305662964,-0.0,-0.0032491462021969073,0.0,0.0,0.0,0.0,0.0,0.0,1.831027002481278,23.999999999997357,35.99999999999781,true,
t11_semantic_eta_no_fallback_seed104,t11_semantic_eta_no_fallback_seed104-episode-000006,1,2,21.188,20.536,20.544,20.574,20.638,21.138,0,0.5,true,,3.371678771889405,2.803647154131052,0.06149403204261774,0.6766662363543036,30.0,0.0,25.518178434685854,1.1756325035811406,0.20579561829656953,"[0.0299379825592041,0.17703890800476074,-0.11185848712921143,-0.2949953079223633,0.03806936740875244]","[-0.04280942678451538,0.2016690969467163,-0.08472442626953125,-0.23200488090515137,0.09732544422149658]","[-0.01287144422531128,0.37870800495147705,-0.19658291339874268,-0.5270001888275146,0.13539481163024902]","{""acc_lim_theta"":0.7899136618473378,""acc_lim_x"":0.8,""inflation_dist"":0.5510356141181103,""max_vel_theta"":1.0,""max_vel_x"":1.2,""min_obstacle_dist"":0.2510791797899996,""weight_obstacle"":50.0,""weight_optimaltime"":1.0,""weight_viapoint"":1.0}","{""acc_lim_theta"":0.7824261652329687,""acc_lim_x"":0.8,""inflation_dist"":0.5518200142494313,""max_vel_theta"":1.0,""max_vel_x"":1.198927386990034,""min_obstacle_dist"":0.2534572355380532,""weight_obstacle"":50.0,""weight_optimaltime"":1.0,""weight_viapoint"":1.0}","{""acc_lim_theta"":0.7824261652329687,""acc_lim_x"":0.8,""inflation_dist"":0.5518200142494313,""max_vel_theta"":0.9991061558250285,""max_vel_x"":1.198927386990034,""min_obstacle_dist"":0.2534572355380532,""weight_obstacle"":50.0,""weight_optimaltime"":1.0,""weight_viapoint"":1.0}","{""acc_lim_theta"":0.7824261652329687,""acc_lim_x"":0.8,""inflation_dist"":0.5518200142494313,""max_vel_theta"":0.9991061558250285,""max_vel_x"":1.198927386990034,""min_obstacle_dist"":0.2534572355380532,""weight_obstacle"":50.0,""weight_optimaltime"":1.0,""weight_viapoint"":1.0}","{""acc_lim_theta"":0.7824261652329687,""acc_lim_x"":0.8,""inflation_dist"":0.5518200142494313,""max_vel_theta"":0.9991061558250285,""max_vel_x"":1.198927386990034,""min_obstacle_dist"":0.2534572355380532,""weight_obstacle"":50.0,""weight_optimaltime"":1.0,""weight_viapoint"":1.0}",true,max_vel_theta:ackermann_turning_radius,false,NORMAL,,false,,2.757819383637928,2.8401580887917643,-0.05,-0.0,-0.028829232222070834,-0.00010472448572883058,-0.0,-0.0034047484460368936,0.0,0.0,0.0,1.0,0.0,0.0,4.646864996175282,30.000000000001137,94.0000000000012,true,
t11_semantic_eta_no_fallback_seed104,t11_semantic_eta_no_fallback_seed104-episode-000006,2,3,21.738,21.184,21.192,21.214,21.236,21.736,0,0.4499999999999993,true,,2.687310246929271,2.1788973857712532,0.11718841667940032,0.7225938239841457,30.0,0.0,25.69654303783242,1.1674722142909146,-0.08442401205812723,"[-0.01287144422531128,0.37870800495147705,-0.19658291339874268,-0.5270001888275146,0.13539481163024902]","[-0.07107734680175781,0.15606558322906494,-0.09147262573242188,-0.16793358325958252,0.07817983627319336]","[-0.08394879102706909,0.534773588180542,-0.28805553913116455,-0.6949337720870972,0.21357464790344238]","{""acc_lim_theta"":0.7824261652329687,""acc_lim_x"":0.8,""inflation_dist"":0.5518200142494313,""max_vel_theta"":0.9991061558250285,""max_vel_x"":1.198927386990034,""min_obstacle_dist"":0.2534572355380532,""weight_obstacle"":50.0,""weight_optimaltime"":1.0,""weight_viapoint"":1.0}","{""acc_lim_theta"":0.7783809012441427,""acc_lim_x"":0.8,""inflation_dist"":0.5526668909153001,""max_vel_theta"":0.9991061558250285,""max_vel_x"":1.1969525715428015,""min_obstacle_dist"":0.2546005153009532,""weight_obstacle"":50.0,""weight_optimaltime"":1.0,""weight_viapoint"":1.0}","{""acc_lim_theta"":0.7783809012441427,""acc_lim_x"":0.8,""inflation_dist"":0.5526668909153001,""max_vel_theta"":0.997460476285668,""max_vel_x"":1.1969525715428015,""min_obstacle_dist"":0.2546005153009532,""weight_obstacle"":50.0,""weight_optimaltime"":1.0,""weight_viapoint"":1.0}","{""acc_lim_theta"":0.7783809012441427,""acc_lim_x"":0.8,""inflation_dist"":0.5526668909153001,""max_vel_theta"":0.997460476285668,""max_vel_x"":1.1969525715428015,""min_obstacle_dist"":0.2546005153009532,""weight_obstacle"":50.0,""weight_optimaltime"":1.0,""weight_viapoint"":1.0}","{""acc_lim_theta"":0.7783809012441427,""acc_lim_x"":0.8,""inflation_dist"":0.5526668909153001,""max_vel_theta"":0.997460476285668,""max_vel_x"":1.1969525715428015,""min_obstacle_dist"":0.2546005153009532,""weight_obstacle"":50.0,""weight_optimaltime"":1.0,""weight_viapoint"":1.0}",true,max_vel_theta:ackermann_turning_radius,false,NORMAL,,false,,2.4906567645713333,2.5420643057900882,-0.04499999999999993,-0.0,-0.00394083672352678,-9.78400154404192e-05,-0.0,-0.0023688644797874646,0.0,0.0,0.0,1.0,0.0,0.0,2.104077000694815,21.999999999998465,44.00000000000048,true,
t11_semantic_eta_no_fallback_seed104,t11_semantic_eta_no_fallback_seed104-episode-000006,3,4,22.338,21.736,21.742,21.764,21.834,22.334,0,0.4499999999999993,true,,1.9940018841542122,1.4942738220114786,0.10506356123670707,0.698094202394065,30.0,0.0,25.93991977988088,1.1565186112590886,0.1082583333638417,"[-0.08394879102706909,0.534773588180542,-0.28805553913116455,-0.6949337720870972,0.21357464790344238]","[-0.139539897441864,0.11189842224121094,0.0342254638671875,-0.07481014728546143,0.16949844360351562]","[-0.2234886884689331,0.6466720104217529,-0.25383007526397705,-0.7697439193725586,0.383073091506958]","{""acc_lim_theta"":0.7783809012441427,""acc_lim_x"":0.8,""inflation_dist"":0.5526668909153001,""max_vel_theta"":0.997460476285668,""max_vel_x"":1.1969525715428015,""min_obstacle_dist"":0.2546005153009532,""weight_obstacle"":50.0,""weight_optimaltime"":1.0,""weight_viapoint"":1.0}","{""acc_lim_theta"":0.7764604432355773,""acc_lim_x"":0.8,""inflation_dist"":0.552350022928888,""max_vel_theta"":0.997460476285668,""max_vel_x"":1.186231082789178,""min_obstacle_dist"":0.2581056505240994,""weight_obstacle"":50.0,""weight_optimaltime"":1.0,""weight_viapoint"":1.0}","{""acc_lim_theta"":0.7764604432355773,""acc_lim_x"":0.8,""inflation_dist"":0.552350022928888,""max_vel_theta"":0.988525902324315,""max_vel_x"":1.186231082789178,""min_obstacle_dist"":0.2581056505240994,""weight_obstacle"":50.0,""weight_optimaltime"":1.0,""weight_viapoint"":1.0}","{""acc_lim_theta"":0.7764604432355773,""acc_lim_x"":0.8,""inflation_dist"":0.552350022928888,""max_vel_theta"":0.988525902324315,""max_vel_x"":1.186231082789178,""min_obstacle_dist"":0.2581056505240994,""weight_obstacle"":50.0,""weight_optimaltime"":1.0,""weight_viapoint"":1.0}","{""acc_lim_theta"":0.7764604432355773,""acc_lim_x"":0.8,""inflation_dist"":0.552350022928888,""max_vel_theta"":0.988525902324315,""max_vel_x"":1.186231082789178,""min_obstacle_dist"":0.2581056505240994,""weight_obstacle"":50.0,""weight_optimaltime"":1.0,""weight_viapoint"":1.0}",true,max_vel_theta:ackermann_turning_radius,false,NORMAL,,false,,2.44491329827746,2.498640310713668,-0.04499999999999993,-0.0,-0.0027755894834298337,-0.00040489106643355174,-0.0,-0.005546531886344485,0.0,0.0,0.0,1.0,0.0,0.0,2.0772499992744997,21.999999999998465,91.99999999999875,true,
t11_semantic_eta_no_fallback_seed104,t11_semantic_eta_no_fallback_seed104-episode-000006,4,5,22.986,22.336,22.344,22.372,22.436,22.936,0,0.5,true,,1.314370873485048,0.7682764814557305,0.08449802093210013,0.8674723314239842,30.0,0.0,29.88787806580793,1.0037514183491112,0.43129913580739937,"[-0.2234886884689331,0.6466720104217529,-0.25383007526397705,-0.7697439193725586,0.383073091506958]","[-0.20956873893737793,0.10089588165283203,0.018095970153808594,-0.0364910364151001,0.014978885650634766]","[-0.43305742740631104,0.747567892074585,-0.23573410511016846,-0.8062349557876587,0.3980519771575928]","{""acc_lim_theta"":0.7764604432355773,""acc_lim_x"":0.8,""inflation_dist"":0.552350022928888,""max_vel_theta"":0.988525902324315,""max_vel_x"":1.186231082789178,""min_obstacle_dist"":0.2581056505240994,""weight_obstacle"":50.0,""weight_optimaltime"":1.0,""weight_viapoint"":1.0}","{""acc_lim_theta"":0.7835591614144857,""acc_lim_x"":0.8,""inflation_dist"":0.5521824858679716,""max_vel_theta"":0.988525902324315,""max_vel_x"":1.182291527834583,""min_obstacle_dist"":0.26092271837773867,""weight_obstacle"":50.0,""weight_optimaltime"":1.0,""weight_viapoint"":1.0}","{""acc_lim_theta"":0.7835591614144857,""acc_lim_x"":0.8,""inflation_dist"":0.5521824858679716,""max_vel_theta"":0.9852429398621525,""max_vel_x"":1.182291527834583,""min_obstacle_dist"":0.26092271837773867,""weight_obstacle"":50.0,""weight_optimaltime"":1.0,""weight_viapoint"":1.0}","{""acc_lim_theta"":0.7835591614144857,""acc_lim_x"":0.8,""inflation_dist"":0.5521824858679716,""max_vel_theta"":0.9852429398621525,""max_vel_x"":1.182291527834583,""min_obstacle_dist"":0.26092271837773867,""weight_obstacle"":50.0,""weight_optimaltime"":1.0,""weight_viapoint"":1.0}","{""acc_lim_theta"":0.7835591614144857,""acc_lim_x"":0.8,""inflation_dist"":0.5521824858679716,""max_vel_theta"":0.9852429398621525,""max_vel_x"":1.182291527834583,""min_obstacle_dist"":0.26092271837773867,""weight_obstacle"":50.0,""weight_optimaltime"":1.0,""weight_viapoint"":1.0}",true,max_vel_theta:ackermann_turning_radius,false,NORMAL,,false,,2.6534945288460525,2.730471960146588,-0.05,-0.0,-0.011305490831007545,-0.011409381066790134,-0.0,-0.0042625594027382386,0.0,0.0,0.0,1.0,0.0,0.0,4.372946998046245,27.999999999998693,91.99999999999875,true,
t11_semantic_eta_no_fallback_seed104,t11_semantic_eta_no_fallback_seed104-episode-000006,5,6,24.542,22.976,22.99,23.014,23.032,23.532,0,0.5,true,,0.6901484330429403,0.2872919727701569,0.00514741231209277,0.002828822956662869,30.0,0.0,600.0,0.0,0.0,"[-0.43305742740631104,0.747567892074585,-0.23573410511016846,-0.8062349557876587,0.3980519771575928]","[-0.1747768521308899,0.04270327091217041,0.10850393772125244,-0.0028958916664123535,0.059801697731018066]","[-0.6078342795372009,0.7902711629867554,-0.12723016738891602,-0.809130847454071,0.45785367488861084]","{""acc_lim_theta"":0.7835591614144857,""acc_lim_x"":0.8,""inflation_dist"":0.5521824858679716,""max_vel_theta"":0.9852429398621525,""max_vel_x"":1.182291527834583,""min_obstacle_dist"":0.26092271837773867,""weight_obstacle"":50.0,""weight_optimaltime"":1.0,""weight_viapoint"":1.0}","{""acc_lim_theta"":0.7886020571391743,""acc_lim_x"":0.7999708237112376,""inflation_dist"":0.5511779290153039,""max_vel_theta"":0.9852429398621525,""max_vel_x"":1.1756177980522213,""min_obstacle_dist"":0.26482824458053633,""weight_obstacle"":50.0,""weight_optimaltime"":1.0,""weight_viapoint"":1.0}","{""acc_lim_theta"":0.7886020571391743,""acc_lim_x"":0.7999708237112376,""inflation_dist"":0.5511779290153039,""max_vel_theta"":0.9796814983768511,""max_vel_x"":1.1756177980522213,""min_obstacle_dist"":0.26482824458053633,""weight_obstacle"":50.0,""weight_optimaltime"":1.0,""weight_viapoint"":1.0}","{""acc_lim_theta"":0.7886020571391743,""acc_lim_x"":0.7999708237112376,""inflation_dist"":0.5511779290153039,""max_vel_theta"":0.9796814983768511,""max_vel_x"":1.1756177980522213,""min_obstacle_dist"":0.26482824458053633,""weight_obstacle"":50.0,""weight_optimaltime"":1.0,""weight_viapoint"":1.0}","{""acc_lim_theta"":0.7886020571391743,""acc_lim_x"":0.7999708237112376,""inflation_dist"":0.5511779290153039,""max_vel_theta"":0.9796814983768511,""max_vel_x"":1.1756177980522213,""min_obstacle_dist"":0.26482824458053633,""weight_obstacle"":50.0,""weight_optimaltime"":1.0,""weight_viapoint"":1.0}",true,max_vel_theta:ackermann_turning_radius,false,NORMAL,,false,,11.929892306052505,2.014282301363917,-0.05,-0.0,-0.005122472963561022,-0.023925701025629062,-0.0,-0.005341821322221691,10.0,0.0,0.0,1.0,0.0,0.0,1.9265780065325089,24.00000000000091,42.00000000000159,true,
t11_semantic_eta_no_fallback_seed104,t11_semantic_eta_no_fallback_seed104-episode-000007,0,1,26.094,25.536,25.54,25.568,25.592,26.092,0,0.4499999999999993,true,,5.184146540809528,4.856130412740674,0.0501203589354083,0.32018196791322956,1.3314541809979232,0.9482758620689655,1.5801152939284417,0.8426310321240523,0.6719593158598848,"[0.0,0.0,0.0,0.0,0.0]","[-0.043712496757507324,-0.1940726637840271,0.23375844955444336,-0.3788372874259949,-0.14166146516799927]","[-0.043712496757507324,-0.1940726637840271,0.23375844955444336,-0.3788372874259949,-0.14166146516799927]","{""acc_lim_theta"":0.8,""acc_lim_x"":0.8,""inflation_dist"":0.55,""max_vel_theta"":1.0,""max_vel_x"":1.2,""min_obstacle_dist"":0.25,""weight_obstacle"":50.0,""weight_optimaltime"":1.0,""weight_viapoint"":1.0}","{""acc_lim_theta"":0.7967822907625414,""acc_lim_x"":0.8,""inflation_dist"":0.55,""max_vel_theta"":1.0,""max_vel_x"":1.2,""min_obstacle_dist"":0.2518071350654074,""weight_obstacle"":50.76492557444194,""weight_optimaltime"":0.9805927336215973,""weight_viapoint"":1.0}","{""acc_lim_theta"":0.7967822907625414,""acc_lim_x"":0.8,""inflation_dist"":0.55,""max_vel_theta"":1.0,""max_vel_x"":1.2,""min_obstacle_dist"":0.2518071350654074,""weight_obstacle"":50.76492557444194,""weight_optimaltime"":0.9805927336215973,""weight_viapoint"":1.0}","{""acc_lim_theta"":0.7967822907625414,""acc_lim_x"":0.8,""inflation_dist"":0.55,""max_vel_theta"":1.0,""max_vel_x"":1.2,""min_obstacle_dist"":0.2518071350654074,""weight_obstacle"":50.76492557444194,""weight_optimaltime"":0.9805927336215973,""weight_viapoint"":1.0}","{""acc_lim_theta"":0.7967822907625414,""acc_lim_x"":0.8,""inflation_dist"":0.55,""max_vel_theta"":1.0,""max_vel_x"":1.2,""min_obstacle_dist"":0.2518071350654074,""weight_obstacle"":50.76492557444194,""weight_optimaltime"":0.9805927336215973,""weight_viapoint"":1.0}",false,,false,NORMAL,,false,,1.4670408559705166,1.6400806403442703,-0.04499999999999993,-0.0,-0.0005592919496295887,-0.12054190666403208,-0.0,-0.006938585760092062,0.0,0.0,0.0,0.0,0.0,0.0,2.356364995648619,28.000000000002245,51.9999999999996,true,
t11_semantic_eta_no_fallback_seed104,t11_semantic_eta_no_fallback_seed104-episode-000007,1,2,26.69,26.088,26.096,26.118,26.186,26.686,0,0.4499999999999993,true,,4.740603937417744,4.317874920874428,0.04420304270209286,0.5836316873352216,0.7671440136571215,1.0,0.6699245929660544,1.1451199459041104,0.24967072674185997,"[-0.043712496757507324,-0.1940726637840271,0.23375844955444336,-0.3788372874259949,-0.14166146516799927]","[-0.44412410259246826,-0.21538084745407104,0.3271651268005371,-0.2039160132408142,0.009881377220153809]","[-0.4878365993499756,-0.40945351123809814,0.5609235763549805,-0.5827533006668091,-0.13178008794784546]","{""acc_lim_theta"":0.7967822907625414,""acc_lim_x"":0.8,""inflation_dist"":0.55,""max_vel_theta"":1.0,""max_vel_x"":1.2,""min_obstacle_dist"":0.2518071350654074,""weight_obstacle"":50.76492557444194,""weight_optimaltime"":0.9805927336215973,""weight_viapoint"":1.0}","{""acc_lim_theta"":0.8,""acc_lim_x"":0.7976737654792915,""inflation_dist"":0.55,""max_vel_theta"":1.0,""max_vel_x"":1.1958587073018636,""min_obstacle_dist"":0.2556352568128716,""weight_obstacle"":50.7115693696516,""weight_optimaltime"":0.9590546488761902,""weight_viapoint"":1.0}","{""acc_lim_theta"":0.8,""acc_lim_x"":0.7976737654792915,""inflation_dist"":0.55,""max_vel_theta"":0.996548922751553,""max_vel_x"":1.1958587073018636,""min_obstacle_dist"":0.2556352568128716,""weight_obstacle"":50.7115693696516,""weight_optimaltime"":0.9590546488761902,""weight_viapoint"":1.0}","{""acc_lim_theta"":0.8,""acc_lim_x"":0.7976737654792915,""inflation_dist"":0.55,""max_vel_theta"":0.996548922751553,""max_vel_x"":1.1958587073018636,""min_obstacle_dist"":0.2556352568128716,""weight_obstacle"":50.76492557444194,""weight_optimaltime"":0.9590546488761902,""weight_viapoint"":1.0}","{""acc_lim_theta"":0.8,""acc_lim_x"":0.7976737654792915,""inflation_dist"":0.55,""max_vel_theta"":0.996548922751553,""max_vel_x"":1.1958587073018636,""min_obstacle_dist"":0.2556352568128716,""weight_obstacle"":50.76492557444194,""weight_optimaltime"":0.9590546488761902,""weight_viapoint"":1.0}",true,max_vel_theta:ackermann_turning_radius,true,NORMAL,margin:warning|safety_mode:WARNING:conservative_filter,false,,2.0212622077437086,2.113645082716582,-0.04499999999999993,-0.0,-0.001675409662062638,-0.037102182823823326,-0.0,-0.008605282486987676,0.0,0.0,0.0,1.0,0.0,0.0,1.0915289967670105,21.999999999998465,89.99999999999986,true,
t11_semantic_eta_no_fallback_seed104,t11_semantic_eta_no_fallback_seed104-episode-000007,2,3,26.69,26.69,,,,26.69,0,0.0,true,,4.281805882116641,4.281805882116641,0.04420304270209286,0.5836316873352216,0.7671440136571215,1.0,0.6699245929660544,1.1451199459041104,0.24967072674185997,"[-0.4878365993499756,-0.40945351123809814,0.5609235763549805,-0.5827533006668091,-0.13178008794784546]","[-0.16912102699279785,0.000980377197265625,0.24812400341033936,-0.3976508378982544,-0.2631324529647827]","[-0.6569576263427734,-0.4084731340408325,0.8090475797653198,-0.9804041385650635,-0.3949125409126282]","{""acc_lim_theta"":0.8,""acc_lim_x"":0.7976737654792915,""inflation_dist"":0.55,""max_vel_theta"":0.996548922751553,""max_vel_x"":1.1958587073018636,""min_obstacle_dist"":0.2556352568128716,""weight_obstacle"":50.76492557444194,""weight_optimaltime"":0.9590546488761902,""weight_viapoint"":1.0}","{""acc_lim_theta"":0.8,""acc_lim_x"":0.8,""inflation_dist"":0.55,""max_vel_theta"":0.996548922751553,""max_vel_x"":1.2,""min_obstacle_dist"":0.26233365884812754,""weight_obstacle"":52.1857547498264,""weight_optimaltime"":0.9591526865959168,""weight_viapoint"":1.0}","{""acc_lim_theta"":0.8,""acc_lim_x"":0.8,""inflation_dist"":0.55,""max_vel_theta"":0.996548922751553,""max_vel_x"":1.2,""min_obstacle_dist"":0.26233365884812754,""weight_obstacle"":52.1857547498264,""weight_optimaltime"":0.9591526865959168,""weight_viapoint"":1.0}","{""acc_lim_theta"":0.8,""acc_lim_x"":0.8,""inflation_dist"":0.55,""max_vel_theta"":0.996548922751553,""max_vel_x"":1.2,""min_obstacle_dist"":0.26233365884812754,""weight_obstacle"":52.1857547498264,""weight_optimaltime"":0.9591526865959168,""weight_viapoint"":1.0}","{""acc_lim_theta"":0.8,""acc_lim_x"":0.7976737654792915,""inflation_dist"":0.55,""max_vel_theta"":0.996548922751553,""max_vel_x"":1.1958587073018636,""min_obstacle_dist"":0.2556352568128716,""weight_obstacle"":50.76492557444194,""weight_optimaltime"":0.9590546488761902,""weight_viapoint"":1.0}",false,,false,NORMAL,margin:emergency|ablation:no_conservative_parameter_fallback,false,,0.0,0.0,0.0,0.0,0.0,0.0,0.0,0.0,0.0,0.0,0.0,0.0,0.0,0.0,1.199482001538854,0.0,0.0,false,safety_emergency_stop
t11_semantic_eta_no_fallback_seed104,t11_semantic_eta_no_fallback_seed104-episode-000008,0,1,27.796,27.796,,,,27.796,0,0.0,true,,4.8777865039234785,4.8777865039234785,0.055668048855256176,0.02068271824020411,0.5237862061830186,0.8303571428571429,1.2750623979162148,0.4136768400228866,-0.3447119706700685,"[0.0,0.0,0.0,0.0,0.0]","[-0.9560337066650391,-0.610922634601593,0.627405047416687,-0.27392494678497314,-0.30197423696517944]","[-0.9560337066650391,-0.610922634601593,0.627405047416687,-0.27392494678497314,-0.30197423696517944]","{""acc_lim_theta"":0.8,""acc_lim_x"":0.8,""inflation_dist"":0.55,""max_vel_theta"":1.0,""max_vel_x"":1.2,""min_obstacle_dist"":0.25,""weight_obstacle"":50.0,""weight_optimaltime"":1.0,""weight_viapoint"":1.0}","{""acc_lim_theta"":0.8,""acc_lim_x"":0.7830455527881711,""inflation_dist"":0.55,""max_vel_theta"":1.0,""max_vel_x"":1.2,""min_obstacle_dist"":0.2527709939454025,""weight_obstacle"":51.63056210383906,""weight_optimaltime"":0.9389077365398407,""weight_viapoint"":1.0}","{""acc_lim_theta"":0.8,""acc_lim_x"":0.7830455527881711,""inflation_dist"":0.55,""max_vel_theta"":1.0,""max_vel_x"":1.2,""min_obstacle_dist"":0.2527709939454025,""weight_obstacle"":51.63056210383906,""weight_optimaltime"":0.9389077365398407,""weight_viapoint"":1.0}","{""acc_lim_theta"":0.8,""acc_lim_x"":0.7830455527881711,""inflation_dist"":0.55,""max_vel_theta"":1.0,""max_vel_x"":1.2,""min_obstacle_dist"":0.2527709939454025,""weight_obstacle"":51.63056210383906,""weight_optimaltime"":0.9389077365398407,""weight_viapoint"":1.0}","{""acc_lim_theta"":0.8,""acc_lim_x"":0.8,""inflation_dist"":0.55,""max_vel_theta"":1.0,""max_vel_x"":1.2,""min_obstacle_dist"":0.25,""weight_obstacle"":50.0,""weight_optimaltime"":1.0,""weight_viapoint"":1.0}",false,,false,NORMAL,margin:emergency|ablation:no_conservative_parameter_fallback,false,,0.0,0.0,0.0,0.0,0.0,0.0,0.0,0.0,0.0,0.0,0.0,0.0,0.0,0.0,2.6338759998907335,0.0,0.0,false,safety_emergency_stop
t11_semantic_eta_no_fallback_seed104,t11_semantic_eta_no_fallback_seed104-episode-000009,0,1,29.374,28.816,28.82,28.854,28.872,29.372,0,0.45000000000000284,true,,2.9114946832184545,2.4544091694838404,0.04646637230785843,3.292612358801045e-06,30.0,0.0,25.711486890206416,1.1667936641745558,0.01330350499488167,"[0.0,0.0,0.0,0.0,0.0]","[0.13608300685882568,0.0922551155090332,-0.13218218088150024,-0.0740593671798706,-0.049165189266204834]","[0.13608300685882568,0.0922551155090332,-0.13218218088150024,-0.0740593671798706,-0.049165189266204834]","{""acc_lim_theta"":0.8,""acc_lim_x"":0.8,""inflation_dist"":0.55,""max_vel_theta"":1.0,""max_vel_x"":1.2,""min_obstacle_dist"":0.25,""weight_obstacle"":50.0,""weight_optimaltime"":1.0,""weight_viapoint"":1.0}","{""acc_lim_theta"":0.7941972291838683,""acc_lim_x"":0.8,""inflation_dist"":0.5512237760066017,""max_vel_theta"":1.0,""max_vel_x"":1.2,""min_obstacle_dist"":0.25,""weight_obstacle"":50.265475940104096,""weight_optimaltime"":1.0,""weight_viapoint"":1.0}","{""acc_lim_theta"":0.7941972291838683,""acc_lim_x"":0.8,""inflation_dist"":0.5512237760066017,""max_vel_theta"":1.0,""max_vel_x"":1.2,""min_obstacle_dist"":0.25,""weight_obstacle"":50.265475940104096,""weight_optimaltime"":1.0,""weight_viapoint"":1.0}","{""acc_lim_theta"":0.7941972291838683,""acc_lim_x"":0.8,""inflation_dist"":0.5512237760066017,""max_vel_theta"":1.0,""max_vel_x"":1.2,""min_obstacle_dist"":0.25,""weight_obstacle"":50.265475940104096,""weight_optimaltime"":1.0,""weight_viapoint"":1.0}","{""acc_lim_theta"":0.7941972291838683,""acc_lim_x"":0.8,""inflation_dist"":0.5512237760066017,""max_vel_theta"":1.0,""max_vel_x"":1.2,""min_obstacle_dist"":0.25,""weight_obstacle"":50.265475940104096,""weight_optimaltime"":1.0,""weight_viapoint"":1.0}",false,,false,NORMAL,,false,,2.0311770561819,2.2854275686730707,-0.04500000000000029,-0.0,-0.0010177802301565607,-0.2059014373891723,-0.0,-0.0023312948718416013,0.0,0.0,0.0,0.0,0.0,0.0,2.143577999959234,33.99999999999892,51.9999999999996,true,
t11_semantic_eta_no_fallback_seed104,t11_semantic_eta_no_fallback_seed104-episode-000009,1,2,30.018,29.368,29.376,29.4,29.468,29.968,0,0.5,true,,2.2911532175937883,1.7083533412375633,0.047365069774221426,0.0014721082765392335,30.0,0.0,25.7351858918636,1.165719187965328,-0.0007747980812683682,"[0.13608300685882568,0.0922551155090332,-0.13218218088150024,-0.0740593671798706,-0.049165189266204834]","[0.08833146095275879,0.07773196697235107,-0.07289361953735352,-0.008195936679840088,-0.030443131923675537]","[0.22441446781158447,0.16998708248138428,-0.20507580041885376,-0.0822553038597107,-0.07960832118988037]","{""acc_lim_theta"":0.7941972291838683,""acc_lim_x"":0.8,""inflation_dist"":0.5512237760066017,""max_vel_theta"":1.0,""max_vel_x"":1.2,""min_obstacle_dist"":0.25,""weight_obstacle"":50.265475940104096,""weight_optimaltime"":1.0,""weight_viapoint"":1.0}","{""acc_lim_theta"":0.7914073924543313,""acc_lim_x"":0.8,""inflation_dist"":0.5518986435419174,""max_vel_theta"":1.0,""max_vel_x"":1.2,""min_obstacle_dist"":0.25,""weight_obstacle"":50.42985889454349,""weight_optimaltime"":1.0,""weight_viapoint"":1.0}","{""acc_lim_theta"":0.7914073924543313,""acc_lim_x"":0.8,""inflation_dist"":0.5518986435419174,""max_vel_theta"":1.0,""max_vel_x"":1.2,""min_obstacle_dist"":0.25,""weight_obstacle"":50.42985889454349,""weight_optimaltime"":1.0,""weight_viapoint"":1.0}","{""acc_lim_theta"":0.7914073924543313,""acc_lim_x"":0.8,""inflation_dist"":0.5518986435419174,""max_vel_theta"":1.0,""max_vel_x"":1.2,""min_obstacle_dist"":0.25,""weight_obstacle"":50.42985889454349,""weight_optimaltime"":1.0,""weight_viapoint"":1.0}","{""acc_lim_theta"":0.7914073924543313,""acc_lim_x"":0.8,""inflation_dist"":0.5518986435419174,""max_vel_theta"":1.0,""max_vel_x"":1.2,""min_obstacle_dist"":0.25,""weight_obstacle"":50.42985889454349,""weight_optimaltime"":1.0,""weight_viapoint"":1.0}",false,,false,NORMAL,,false,,2.8617098687210585,2.913999381781125,-0.05,-0.0,-0.0010700616010841332,-4.0707191497223354e-07,-0.0,-0.0012190443870675263,0.0,0.0,0.0,0.0,0.0,0.0,1.21909399604192,23.999999999997357,91.99999999999875,true,
t11_semantic_eta_no_fallback_seed104,t11_semantic_eta_no_fallback_seed104-episode-000009,2,3,30.62,30.016,30.022,30.044,30.07,30.57,0,0.5,true,,1.5917815781406044,1.0089543426774366,0.04732775530087453,0.00038525826407986125,30.0,0.0,26.240429830941,1.1432739552393292,-0.012811409965301165,"[0.22441446781158447,0.16998708248138428,-0.20507580041885376,-0.0822553038597107,-0.07960832118988037]","[0.0850679874420166,0.06904244422912598,-0.008661031723022461,0.005379319190979004,-0.016926348209381104]","[0.3094824552536011,0.23902952671051025,-0.21373683214187622,-0.07687598466873169,-0.09653466939926147]","{""acc_lim_theta"":0.7914073924543313,""acc_lim_x"":0.8,""inflation_dist"":0.5518986435419174,""max_vel_theta"":1.0,""max_vel_x"":1.2,""min_obstacle_dist"":0.25,""weight_obstacle"":50.42985889454349,""weight_optimaltime"":1.0,""weight_viapoint"":1.0}","{""acc_lim_theta"":0.7886467408550581,""acc_lim_x"":0.8,""inflation_dist"":0.5519788295605197,""max_vel_theta"":1.0,""max_vel_x"":1.2,""min_obstacle_dist"":0.251361515249089,""weight_obstacle"":50.52125563826565,""weight_optimaltime"":1.0,""weight_viapoint"":1.0}","{""acc_lim_theta"":0.7886467408550581,""acc_lim_x"":0.8,""inflation_dist"":0.5519788295605197,""max_vel_theta"":1.0,""max_vel_x"":1.2,""min_obstacle_dist"":0.251361515249089,""weight_obstacle"":50.52125563826565,""weight_optimaltime"":1.0,""weight_viapoint"":1.0}","{""acc_lim_theta"":0.7886467408550581,""acc_lim_x"":0.8,""inflation_dist"":0.5519788295605197,""max_vel_theta"":1.0,""max_vel_x"":1.2,""min_obstacle_dist"":0.251361515249089,""weight_obstacle"":50.52125563826565,""weight_optimaltime"":1.0,""weight_viapoint"":1.0}","{""acc_lim_theta"":0.7886467408550581,""acc_lim_x"":0.8,""inflation_dist"":0.5519788295605197,""max_vel_theta"":1.0,""max_vel_x"":1.2,""min_obstacle_dist"":0.251361515249089,""weight_obstacle"":50.52125563826565,""weight_optimaltime"":1.0,""weight_viapoint"":1.0}",false,,false,NORMAL,,false,,2.861588884664712,2.9141361773158394,-0.05,-0.0,-0.0011067006755072011,-1.1919769311251232e-07,-0.0,-0.0014404727779274342,0.0,0.0,0.0,0.0,0.0,0.0,1.98115599778248,22.000000000002018,48.00000000000182,true,
t11_semantic_eta_no_fallback_seed104,t11_semantic_eta_no_fallback_seed104-episode-000009,3,4,32.37,30.616,30.624,30.65,30.668,31.168,0,0.4499999999999993,true,,0.8946269680782086,0.45810945470203934,0.001523481887248803,0.00016432124598199838,30.0,0.0,600.0,0.0,0.0,"[0.3094824552536011,0.23902952671051025,-0.21373683214187622,-0.07687598466873169,-0.09653466939926147]","[0.03572046756744385,0.07019186019897461,-0.018245398998260498,-0.012642204761505127,-0.016012907028198242]","[0.3452029228210449,0.30922138690948486,-0.23198223114013672,-0.08951818943023682,-0.11254757642745972]","{""acc_lim_theta"":0.7886467408550581,""acc_lim_x"":0.8,""inflation_dist"":0.5519788295605197,""max_vel_theta"":1.0,""max_vel_x"":1.2,""min_obstacle_dist"":0.251361515249089,""weight_obstacle"":50.52125563826565,""weight_optimaltime"":1.0,""weight_viapoint"":1.0}","{""acc_lim_theta"":0.7874026411766984,""acc_lim_x"":0.8,""inflation_dist"":0.5521477500714088,""max_vel_theta"":1.0,""max_vel_x"":1.2,""min_obstacle_dist"":0.2524917095571795,""weight_obstacle"":50.60772009839603,""weight_optimaltime"":1.0,""weight_viapoint"":1.0}","{""acc_lim_theta"":0.7874026411766984,""acc_lim_x"":0.8,""inflation_dist"":0.5521477500714088,""max_vel_theta"":1.0,""max_vel_x"":1.2,""min_obstacle_dist"":0.2524917095571795,""weight_obstacle"":50.60772009839603,""weight_optimaltime"":1.0,""weight_viapoint"":1.0}","{""acc_lim_theta"":0.7874026411766984,""acc_lim_x"":0.8,""inflation_dist"":0.5521477500714088,""max_vel_theta"":1.0,""max_vel_x"":1.2,""min_obstacle_dist"":0.2524917095571795,""weight_obstacle"":50.60772009839603,""weight_optimaltime"":1.0,""weight_viapoint"":1.0}","{""acc_lim_theta"":0.7874026411766984,""acc_lim_x"":0.8,""inflation_dist"":0.5521477500714088,""max_vel_theta"":1.0,""max_vel_x"":1.2,""min_obstacle_dist"":0.2524917095571795,""weight_obstacle"":50.60772009839603,""weight_optimaltime"":1.0,""weight_viapoint"":1.0}",false,,false,NORMAL,,false,,12.111690810503148,2.1825875668808465,-0.04499999999999993,-0.0,-0.0009957202412198903,-0.023916741570281074,-0.0,-0.000984294566198051,10.0,0.0,0.0,0.0,0.0,0.0,2.246490003017243,25.9999999999998,44.00000000000048,true,
t11_semantic_eta_no_fallback_seed104,t11_semantic_eta_no_fallback_seed104-episode-000010,0,1,33.918,33.376,33.38,33.41,33.416,33.916,0,0.45000000000000284,true,,3.928023604309913,3.5848000255041015,0.19738814344760228,0.3668056721013939,30.0,0.0,25.73640190763007,1.1656641090573698,0.703324343912337,"[0.0,0.0,0.0,0.0,0.0]","[-0.0477030873298645,0.15818238258361816,-0.0842134952545166,-0.2751258611679077,-0.0007910728454589844]","[-0.0477030873298645,0.15818238258361816,-0.0842134952545166,-0.2751258611679077,-0.0007910728454589844]","{""acc_lim_theta"":0.8,""acc_lim_x"":0.8,""inflation_dist"":0.55,""max_vel_theta"":1.0,""max_vel_x"":1.2,""min_obstacle_dist"":0.25,""weight_obstacle"":50.0,""weight_optimaltime"":1.0,""weight_viapoint"":1.0}","{""acc_lim_theta"":0.7948913408983062,""acc_lim_x"":0.8,""inflation_dist"":0.5507796698029739,""max_vel_theta"":1.0,""max_vel_x"":1.2,""min_obstacle_dist"":0.25138747381476023,""weight_obstacle"":50.00427153460555,""weight_optimaltime"":1.0,""weight_viapoint"":1.0}","{""acc_lim_theta"":0.7948913408983062,""acc_lim_x"":0.8,""inflation_dist"":0.5507796698029739,""max_vel_theta"":1.0,""max_vel_x"":1.2,""min_obstacle_dist"":0.25138747381476023,""weight_obstacle"":50.00427153460555,""weight_optimaltime"":1.0,""weight_viapoint"":1.0}","{""acc_lim_theta"":0.7948913408983062,""acc_lim_x"":0.8,""inflation_dist"":0.5507796698029739,""max_vel_theta"":1.0,""max_vel_x"":1.2,""min_obstacle_dist"":0.25138747381476023,""weight_obstacle"":50.00427153460555,""weight_optimaltime"":1.0,""weight_viapoint"":1.0}","{""acc_lim_theta"":0.7948913408983062,""acc_lim_x"":0.8,""inflation_dist"":0.5507796698029739,""max_vel_theta"":1.0,""max_vel_x"":1.2,""min_obstacle_dist"":0.25138747381476023,""weight_obstacle"":50.00427153460555,""weight_optimaltime"":1.0,""weight_viapoint"":1.0}",false,,false,NORMAL,,false,,1.47703369573468,1.7161178940290567,-0.04500000000000029,-0.0,-0.0036959734414053896,-0.18832476468158266,-0.0,-0.0020634601713883337,0.0,0.0,0.0,0.0,0.0,0.0,2.5412969989702106,29.99999999999403,35.99999999999426,true,
t11_semantic_eta_no_fallback_seed104,t11_semantic_eta_no_fallback_seed104-episode-000010,1,2,34.522,33.916,33.922,33.944,34.018,34.518,0,0.45000000000000284,true,,3.4114744520081994,2.91391430866772,0.07100829164144883,0.6465053678311006,30.0,0.0,25.709603970227842,1.166879117809069,0.2924656686372224,"[-0.0477030873298645,0.15818238258361816,-0.0842134952545166,-0.2751258611679077,-0.0007910728454589844]","[-0.1108960509300232,0.17172467708587646,-0.05971980094909668,-0.2016533613204956,0.06898653507232666]","[-0.1585991382598877,0.32990705966949463,-0.14393329620361328,-0.4767792224884033,0.06819546222686768]","{""acc_lim_theta"":0.7948913408983062,""acc_lim_x"":0.8,""inflation_dist"":0.5507796698029739,""max_vel_theta"":1.0,""max_vel_x"":1.2,""min_obstacle_dist"":0.25138747381476023,""weight_obstacle"":50.00427153460555,""weight_optimaltime"":1.0,""weight_viapoint"":1.0}","{""acc_lim_theta"":0.7919092044063799,""acc_lim_x"":0.8,""inflation_dist"":0.5513325707994103,""max_vel_theta"":1.0,""max_vel_x"":1.1985978050597264,""min_obstacle_dist"":0.2537467090534536,""weight_obstacle"":50.0,""weight_optimaltime"":1.0,""weight_viapoint"":1.0}","{""acc_lim_theta"":0.7919092044063799,""acc_lim_x"":0.8,""inflation_dist"":0.5513325707994103,""max_vel_theta"":0.9988315042164386,""max_vel_x"":1.1985978050597264,""min_obstacle_dist"":0.2537467090534536,""weight_obstacle"":50.0,""weight_optimaltime"":1.0,""weight_viapoint"":1.0}","{""acc_lim_theta"":0.7919092044063799,""acc_lim_x"":0.8,""inflation_dist"":0.5513325707994103,""max_vel_theta"":0.9988315042164386,""max_vel_x"":1.1985978050597264,""min_obstacle_dist"":0.2537467090534536,""weight_obstacle"":50.0,""weight_optimaltime"":1.0,""weight_viapoint"":1.0}","{""acc_lim_theta"":0.7919092044063799,""acc_lim_x"":0.8,""inflation_dist"":0.5513325707994103,""max_vel_theta"":0.9988315042164386,""max_vel_x"":1.1985978050597264,""min_obstacle_dist"":0.2537467090534536,""weight_obstacle"":50.0,""weight_optimaltime"":1.0,""weight_viapoint"":1.0}",true,max_vel_theta:ackermann_turning_radius,false,NORMAL,,false,,2.420338295280167,2.4878007167023974,-0.04500000000000029,-0.0,-0.020083834024867363,-5.544608300023644e-05,-0.0,-0.0023231413143621066,0.0,0.0,0.0,1.0,0.0,0.0,1.7617160046938807,22.00000000000557,96.00000000000364,true,
t11_semantic_eta_no_fallback_seed104,t11_semantic_eta_no_fallback_seed104-episode-000010,2,3,35.17,34.518,34.524,34.554,34.62,35.12,0,0.5,true,,2.729645744649963,2.152859210741037,0.13673967988583216,0.7021338416377608,30.0,0.0,25.79409237729767,1.1630570117056767,-0.07069898197851354,"[-0.1585991382598877,0.32990705966949463,-0.14393329620361328,-0.4767792224884033,0.06819546222686768]","[-0.11192893981933594,0.15232515335083008,-0.06653064489364624,-0.1543741226196289,0.06886768341064453]","[-0.27052807807922363,0.4822322130203247,-0.21046394109725952,-0.6311533451080322,0.1370631456375122]","{""acc_lim_theta"":0.7919092044063799,""acc_lim_x"":0.8,""inflation_dist"":0.5513325707994103,""max_vel_theta"":0.9988315042164386,""max_vel_x"":1.1985978050597264,""min_obstacle_dist"":0.2537467090534536,""weight_obstacle"":50.0,""weight_optimaltime"":1.0,""weight_viapoint"":1.0}","{""acc_lim_theta"":0.790189644079865,""acc_lim_x"":0.8,""inflation_dist"":0.5519485283088236,""max_vel_theta"":0.9988315042164386,""max_vel_x"":1.1960862185849415,""min_obstacle_dist"":0.255474665715695,""weight_obstacle"":50.0,""weight_optimaltime"":1.0,""weight_viapoint"":1.0}","{""acc_lim_theta"":0.790189644079865,""acc_lim_x"":0.8,""inflation_dist"":0.5519485283088236,""max_vel_theta"":0.9967385154874513,""max_vel_x"":1.1960862185849415,""min_obstacle_dist"":0.255474665715695,""weight_obstacle"":50.0,""weight_optimaltime"":1.0,""weight_viapoint"":1.0}","{""acc_lim_theta"":0.790189644079865,""acc_lim_x"":0.8,""inflation_dist"":0.5519485283088236,""max_vel_theta"":0.9967385154874513,""max_vel_x"":1.1960862185849415,""min_obstacle_dist"":0.255474665715695,""weight_obstacle"":50.0,""weight_optimaltime"":1.0,""weight_viapoint"":1.0}","{""acc_lim_theta"":0.790189644079865,""acc_lim_x"":0.8,""inflation_dist"":0.5519485283088236,""max_vel_theta"":0.9967385154874513,""max_vel_x"":1.1960862185849415,""min_obstacle_dist"":0.255474665715695,""weight_obstacle"":50.0,""weight_optimaltime"":1.0,""weight_viapoint"":1.0}",true,max_vel_theta:ackermann_turning_radius,false,NORMAL,,false,,2.8255447957212274,2.883932669544631,-0.05,-0.0,-0.0062406802556575726,-1.2937469793557663e-05,-0.0,-0.002134256097952582,0.0,0.0,0.0,1.0,0.0,0.0,1.1693879932863638,30.000000000001137,95.99999999999653,true,
t11_semantic_eta_no_fallback_seed104,t11_semantic_eta_no_fallback_seed104-episode-000010,3,4,35.768,35.156,35.174,35.198,35.218,35.718,0,0.5,true,,2.0376827224933347,1.4719221724193519,0.09163598641297657,0.6740747985986096,30.0,0.0,26.02493491385021,1.152740635060505,0.08834972051609816,"[-0.27052807807922363,0.4822322130203247,-0.21046394109725952,-0.6311533451080322,0.1370631456375122]","[-0.13528728485107422,0.11608970165252686,0.06461441516876221,-0.07753652334213257,0.14784705638885498]","[-0.40581536293029785,0.5983219146728516,-0.14584952592849731,-0.7086898684501648,0.2849102020263672]","{""acc_lim_theta"":0.790189644079865,""acc_lim_x"":0.8,""inflation_dist"":0.5519485283088236,""max_vel_theta"":0.9967385154874513,""max_vel_x"":1.1960862185849415,""min_obstacle_dist"":0.255474665715695,""weight_obstacle"":50.0,""weight_optimaltime"":1.0,""weight_viapoint"":1.0}","{""acc_lim_theta"":0.7887515156036559,""acc_lim_x"":0.8,""inflation_dist"":0.5513503117380514,""max_vel_theta"":0.9967385154874513,""max_vel_x"":1.1867656649984157,""min_obstacle_dist"":0.259894211566271,""weight_obstacle"":50.0,""weight_optimaltime"":1.0,""weight_viapoint"":1.0}","{""acc_lim_theta"":0.7887515156036559,""acc_lim_x"":0.8,""inflation_dist"":0.5513503117380514,""max_vel_theta"":0.9889713874986799,""max_vel_x"":1.1867656649984157,""min_obstacle_dist"":0.259894211566271,""weight_obstacle"":50.0,""weight_optimaltime"":1.0,""weight_viapoint"":1.0}","{""acc_lim_theta"":0.7887515156036559,""acc_lim_x"":0.8,""inflation_dist"":0.5513503117380514,""max_vel_theta"":0.9889713874986799,""max_vel_x"":1.1867656649984157,""min_obstacle_dist"":0.259894211566271,""weight_obstacle"":50.0,""weight_optimaltime"":1.0,""weight_viapoint"":1.0}","{""acc_lim_theta"":0.7887515156036559,""acc_lim_x"":0.8,""inflation_dist"":0.5513503117380514,""max_vel_theta"":0.9889713874986799,""max_vel_x"":1.1867656649984157,""min_obstacle_dist"":0.259894211566271,""weight_obstacle"":50.0,""weight_optimaltime"":1.0,""weight_viapoint"":1.0}",true,max_vel_theta:ackermann_turning_radius,false,NORMAL,,false,,2.7696899184078947,2.8288027503699142,-0.05,-0.0,-0.003586134110705985,-0.0001215771763018229,-0.0,-0.005405120675011903,0.0,0.0,0.0,1.0,0.0,0.0,1.6894060026970692,24.00000000000091,44.000000000004036,true,
t11_semantic_eta_no_fallback_seed104,t11_semantic_eta_no_fallback_seed104-episode-000010,4,5,36.316,35.756,35.772,35.806,35.814,36.314,0,0.44999999999999574,true,,1.3601421661849875,0.8716563990820764,0.07230867033025354,0.820789002659625,30.0,0.0,27.821794036329656,1.0782913553606948,0.40934069182911204,"[-0.40581536293029785,0.5983219146728516,-0.14584952592849731,-0.7086898684501648,0.2849102020263672]","[-0.2031182050704956,0.1261659860610962,0.031613826751708984,-0.03707599639892578,0.026222944259643555]","[-0.6089335680007935,0.7244879007339478,-0.11423569917678833,-0.7457658648490906,0.31113314628601074]","{""acc_lim_theta"":0.7887515156036559,""acc_lim_x"":0.8,""inflation_dist"":0.5513503117380514,""max_vel_theta"":0.9889713874986799,""max_vel_x"":1.1867656649984157,""min_obstacle_dist"":0.259894211566271,""weight_obstacle"":50.0,""weight_optimaltime"":1.0,""weight_viapoint"":1.0}","{""acc_lim_theta"":0.795195420257594,""acc_lim_x"":0.8,""inflation_dist"":0.5510576229474928,""max_vel_theta"":0.9889713874986799,""max_vel_x"":1.1823067899634503,""min_obstacle_dist"":0.2636585911780009,""weight_obstacle"":50.0,""weight_optimaltime"":1.0,""weight_viapoint"":1.0}","{""acc_lim_theta"":0.795195420257594,""acc_lim_x"":0.8,""inflation_dist"":0.5510576229474928,""max_vel_theta"":0.9852556583028753,""max_vel_x"":1.1823067899634503,""min_obstacle_dist"":0.2636585911780009,""weight_obstacle"":50.0,""weight_optimaltime"":1.0,""weight_viapoint"":1.0}","{""acc_lim_theta"":0.795195420257594,""acc_lim_x"":0.8,""inflation_dist"":0.5510576229474928,""max_vel_theta"":0.9852556583028753,""max_vel_x"":1.1823067899634503,""min_obstacle_dist"":0.2636585911780009,""weight_obstacle"":50.0,""weight_optimaltime"":1.0,""weight_viapoint"":1.0}","{""acc_lim_theta"":0.795195420257594,""acc_lim_x"":0.8,""inflation_dist"":0.5510576229474928,""max_vel_theta"":0.9852556583028753,""max_vel_x"":1.1823067899634503,""min_obstacle_dist"":0.2636585911780009,""weight_obstacle"":50.0,""weight_optimaltime"":1.0,""weight_viapoint"":1.0}",true,max_vel_theta:ackermann_turning_radius,false,NORMAL,,false,,2.3809590660052327,2.442428835514556,-0.044999999999999575,-0.0,-0.008869686592564902,-0.0029134378615294928,-0.0,-0.004686645055229325,0.0,0.0,0.0,1.0,0.0,0.0,1.5163130010478199,33.99999999999892,42.00000000000159,true,
t11_semantic_eta_no_fallback_seed104,t11_semantic_eta_no_fallback_seed104-episode-000010,5,6,37.916,36.316,36.32,36.346,36.414,36.914,0,0.45000000000000284,true,,0.7091168861748985,0.33679083948013616,0.0053682390318411264,0.0019011177090124676,30.0,0.0,600.0,0.0,0.0,"[-0.6089335680007935,0.7244879007339478,-0.11423569917678833,-0.7457658648490906,0.31113314628601074]","[-0.17050570249557495,0.07860934734344482,0.0787053108215332,-0.008178472518920898,0.07785284519195557]","[-0.7794392704963684,0.8030972480773926,-0.03553038835525513,-0.7539443373680115,0.3889859914779663]","{""acc_lim_theta"":0.795195420257594,""acc_lim_x"":0.8,""inflation_dist"":0.5510576229474928,""max_vel_theta"":0.9852556583028753,""max_vel_x"":1.1823067899634503,""min_obstacle_dist"":0.2636585911780009,""weight_obstacle"":50.0,""weight_optimaltime"":1.0,""weight_viapoint"":1.0}","{""acc_lim_theta"":0.7993232614102926,""acc_lim_x"":0.8,""inflation_dist"":0.5503289493068161,""max_vel_theta"":0.9852556583028753,""max_vel_x"":1.1747864381863002,""min_obstacle_dist"":0.26759164043630435,""weight_obstacle"":50.0,""weight_optimaltime"":1.0,""weight_viapoint"":1.0}","{""acc_lim_theta"":0.7993232614102926,""acc_lim_x"":0.8,""inflation_dist"":0.5503289493068161,""max_vel_theta"":0.9789886984885836,""max_vel_x"":1.1747864381863002,""min_obstacle_dist"":0.26759164043630435,""weight_obstacle"":50.0,""weight_optimaltime"":1.0,""weight_viapoint"":1.0}","{""acc_lim_theta"":0.7993232614102926,""acc_lim_x"":0.8,""inflation_dist"":0.5503289493068161,""max_vel_theta"":0.9789886984885836,""max_vel_x"":1.1747864381863002,""min_obstacle_dist"":0.26759164043630435,""weight_obstacle"":50.0,""weight_optimaltime"":1.0,""weight_viapoint"":1.0}","{""acc_lim_theta"":0.7993232614102926,""acc_lim_x"":0.8,""inflation_dist"":0.5503289493068161,""max_vel_theta"":0.9789886984885836,""max_vel_x"":1.1747864381863002,""min_obstacle_dist"":0.26759164043630435,""weight_obstacle"":50.0,""weight_optimaltime"":1.0,""weight_viapoint"":1.0}",true,max_vel_theta:ackermann_turning_radius,false,NORMAL,,false,,11.784263065553322,1.861630233473812,-0.04500000000000029,-0.0,-0.004239519648632208,-0.02280749188588055,-0.0,-0.0053201563859774995,10.0,0.0,0.0,1.0,0.0,0.0,1.5218440021271817,25.99999999999625,94.0000000000012,true,
t11_semantic_eta_no_fallback_seed104,t11_semantic_eta_no_fallback_seed104-episode-000011,0,1,39.51,38.916,38.92,38.946,38.96,39.46,0,0.5,true,,5.168382140202108,4.760487516508001,0.16202968755559802,0.3999171356729636,1.2420011992753532,1.0,1.3597385801173356,0.9134117524033021,-0.5821316427497095,"[0.0,0.0,0.0,0.0,0.0]","[0.04112744331359863,0.013038039207458496,0.1487065553665161,-0.34046828746795654,-0.12062770128250122]","[0.04112744331359863,0.013038039207458496,0.1487065553665161,-0.34046828746795654,-0.12062770128250122]","{""acc_lim_theta"":0.8,""acc_lim_x"":0.8,""inflation_dist"":0.55,""max_vel_theta"":1.0,""max_vel_x"":1.2,""min_obstacle_dist"":0.25,""weight_obstacle"":50.0,""weight_optimaltime"":1.0,""weight_viapoint"":1.0}","{""acc_lim_theta"":0.7936073120854723,""acc_lim_x"":0.8,""inflation_dist"":0.55,""max_vel_theta"":1.0,""max_vel_x"":1.2,""min_obstacle_dist"":0.2543020545562597,""weight_obstacle"":50.65135012960442,""weight_optimaltime"":1.0,""weight_viapoint"":1.0}","{""acc_lim_theta"":0.7936073120854723,""acc_lim_x"":0.8,""inflation_dist"":0.55,""max_vel_theta"":1.0,""max_vel_x"":1.2,""min_obstacle_dist"":0.2543020545562597,""weight_obstacle"":50.65135012960442,""weight_optimaltime"":1.0,""weight_viapoint"":1.0}","{""acc_lim_theta"":0.7936073120854723,""acc_lim_x"":0.8,""inflation_dist"":0.55,""max_vel_theta"":1.0,""max_vel_x"":1.2,""min_obstacle_dist"":0.2543020545562597,""weight_obstacle"":50.65135012960442,""weight_optimaltime"":1.0,""weight_viapoint"":1.0}","{""acc_lim_theta"":0.7936073120854723,""acc_lim_x"":0.8,""inflation_dist"":0.55,""max_vel_theta"":1.0,""max_vel_x"":1.2,""min_obstacle_dist"":0.2543020545562597,""weight_obstacle"":50.65135012960442,""weight_optimaltime"":1.0,""weight_viapoint"":1.0}",false,,false,NORMAL,,false,,1.8143251651064591,2.039473118470534,-0.05,-0.0,-0.005824739720712052,-0.16470151958301796,-0.0,-0.004621694060344651,0.0,0.0,0.0,0.0,0.0,0.0,2.079944999422878,25.99999999999625,39.99999999999915,true,
t11_semantic_eta_no_fallback_seed104,t11_semantic_eta_no_fallback_seed104-episode-000011,1,2,39.51,39.51,,,,39.51,0,0.0,true,,4.7265612008476365,4.7265612008476365,0.16202968755559802,0.3999171356729636,1.2420011992753532,1.0,1.3597385801173356,0.9134117524033021,-0.5821316427497095,"[0.04112744331359863,0.013038039207458496,0.1487065553665161,-0.34046828746795654,-0.12062770128250122]","[-0.2755141258239746,0.11149060726165771,0.3463233709335327,-0.16476738452911377,-0.08858293294906616]","[-0.23438668251037598,0.12452864646911621,0.49502992630004883,-0.5052356719970703,-0.20921063423156738]","{""acc_lim_theta"":0.7936073120854723,""acc_lim_x"":0.8,""inflation_dist"":0.55,""max_vel_theta"":1.0,""max_vel_x"":1.2,""min_obstacle_dist"":0.2543020545562597,""weight_obstacle"":50.65135012960442,""weight_optimaltime"":1.0,""weight_viapoint"":1.0}","{""acc_lim_theta"":0.8,""acc_lim_x"":0.8,""inflation_dist"":0.55,""max_vel_theta"":1.0,""max_vel_x"":1.2,""min_obstacle_dist"":0.2661947451394427,""weight_obstacle"":51.12966899205201,""weight_optimaltime"":1.0,""weight_viapoint"":1.0}","{""acc_lim_theta"":0.8,""acc_lim_x"":0.8,""inflation_dist"":0.55,""max_vel_theta"":1.0,""max_vel_x"":1.2,""min_obstacle_dist"":0.2661947451394427,""weight_obstacle"":51.12966899205201,""weight_optimaltime"":1.0,""weight_viapoint"":1.0}","{""acc_lim_theta"":0.8,""acc_lim_x"":0.8,""inflation_dist"":0.55,""max_vel_theta"":1.0,""max_vel_x"":1.2,""min_obstacle_dist"":0.2661947451394427,""weight_obstacle"":51.12966899205201,""weight_optimaltime"":1.0,""weight_viapoint"":1.0}","{""acc_lim_theta"":0.7936073120854723,""acc_lim_x"":0.8,""inflation_dist"":0.55,""max_vel_theta"":1.0,""max_vel_x"":1.2,""min_obstacle_dist"":0.2543020545562597,""weight_obstacle"":50.65135012960442,""weight_optimaltime"":1.0,""weight_viapoint"":1.0}",false,,false,NORMAL,margin:emergency|ablation:no_conservative_parameter_fallback,false,,0.0,0.0,0.0,0.0,0.0,0.0,0.0,0.0,0.0,0.0,0.0,0.0,0.0,0.0,2.329150003788527,0.0,0.0,false,safety_emergency_stop
t11_semantic_eta_no_fallback_seed104,t11_semantic_eta_no_fallback_seed104-episode-000012,0,1,40.556,40.556,,,,40.556,0,0.0,true,,5.055050527641199,5.055050527641199,0.05490676433467887,0.023158808600609357,0.5711666525227725,0.8181818181818182,1.233085066405368,0.4632013379156483,0.38598014334348923,"[0.0,0.0,0.0,0.0,0.0]","[-0.957248866558075,-0.6279445290565491,0.6459165811538696,-0.2882487177848816,-0.290782630443573]","[-0.957248866558075,-0.6279445290565491,0.6459165811538696,-0.2882487177848816,-0.290782630443573]","{""acc_lim_theta"":0.8,""acc_lim_x"":0.8,""inflation_dist"":0.55,""max_vel_theta"":1.0,""max_vel_x"":1.2,""min_obstacle_dist"":0.25,""weight_obstacle"":50.0,""weight_optimaltime"":1.0,""weight_viapoint"":1.0}","{""acc_lim_theta"":0.8,""acc_lim_x"":0.7832701063146842,""inflation_dist"":0.55,""max_vel_theta"":1.0,""max_vel_x"":1.2,""min_obstacle_dist"":0.2528759237951077,""weight_obstacle"":51.570131089396874,""weight_optimaltime"":0.9372055470943451,""weight_viapoint"":1.0}","{""acc_lim_theta"":0.8,""acc_lim_x"":0.7832701063146842,""inflation_dist"":0.55,""max_vel_theta"":1.0,""max_vel_x"":1.2,""min_obstacle_dist"":0.2528759237951077,""weight_obstacle"":51.570131089396874,""weight_optimaltime"":0.9372055470943451,""weight_viapoint"":1.0}","{""acc_lim_theta"":0.8,""acc_lim_x"":0.7832701063146842,""inflation_dist"":0.55,""max_vel_theta"":1.0,""max_vel_x"":1.2,""min_obstacle_dist"":0.2528759237951077,""weight_obstacle"":51.570131089396874,""weight_optimaltime"":0.9372055470943451,""weight_viapoint"":1.0}","{""acc_lim_theta"":0.8,""acc_lim_x"":0.8,""inflation_dist"":0.55,""max_vel_theta"":1.0,""max_vel_x"":1.2,""min_obstacle_dist"":0.25,""weight_obstacle"":50.0,""weight_optimaltime"":1.0,""weight_viapoint"":1.0}",false,,false,NORMAL,margin:emergency|ablation:no_conservative_parameter_fallback,false,,0.0,0.0,0.0,0.0,0.0,0.0,0.0,0.0,0.0,0.0,0.0,0.0,0.0,0.0,2.6213990058749914,0.0,0.0,false,safety_emergency_stop
t11_semantic_eta_no_fallback_seed104,t11_semantic_eta_no_fallback_seed104-episode-000013,0,1,42.146,41.596,41.6,41.632,41.644,42.144,0,0.44999999999999574,true,,3.052718765918777,2.6164664728070934,0.04537232918109102,0.00991915214611467,30.0,0.0,25.74034274018567,1.1654856465125532,-0.003056195004389393,"[0.0,0.0,0.0,0.0,0.0]","[0.09666192531585693,0.088592529296875,-0.13326936960220337,-0.08086186647415161,-0.05470532178878784]","[0.09666192531585693,0.088592529296875,-0.13326936960220337,-0.08086186647415161,-0.05470532178878784]","{""acc_lim_theta"":0.8,""acc_lim_x"":0.8,""inflation_dist"":0.55,""max_vel_theta"":1.0,""max_vel_x"":1.2,""min_obstacle_dist"":0.25,""weight_obstacle"":50.0,""weight_optimaltime"":1.0,""weight_viapoint"":1.0}","{""acc_lim_theta"":0.7958142832674235,""acc_lim_x"":0.8,""inflation_dist"":0.5512338414742931,""max_vel_theta"":1.0,""max_vel_x"":1.2,""min_obstacle_dist"":0.25,""weight_obstacle"":50.295390843548695,""weight_optimaltime"":1.0,""weight_viapoint"":1.0}","{""acc_lim_theta"":0.7958142832674235,""acc_lim_x"":0.8,""inflation_dist"":0.5512338414742931,""max_vel_theta"":1.0,""max_vel_x"":1.2,""min_obstacle_dist"":0.25,""weight_obstacle"":50.295390843548695,""weight_optimaltime"":1.0,""weight_viapoint"":1.0}","{""acc_lim_theta"":0.7958142832674235,""acc_lim_x"":0.8,""inflation_dist"":0.5512338414742931,""max_vel_theta"":1.0,""max_vel_x"":1.2,""min_obstacle_dist"":0.25,""weight_obstacle"":50.295390843548695,""weight_optimaltime"":1.0,""weight_viapoint"":1.0}","{""acc_lim_theta"":0.7958142832674235,""acc_lim_x"":0.8,""inflation_dist"":0.5512338414742931,""max_vel_theta"":1.0,""max_vel_x"":1.2,""min_obstacle_dist"":0.25,""weight_obstacle"":50.295390843548695,""weight_optimaltime"":1.0,""weight_viapoint"":1.0}",false,,false,NORMAL,,false,,1.9296875596834315,2.1812614655584173,-0.044999999999999575,-0.0,-0.001049386262674217,-0.2035347826065581,-0.0,-0.0019897370057538207,0.0,0.0,0.0,0.0,0.0,0.0,2.8335960014373995,31.999999999996476,43.99999999999693,true,
t11_semantic_eta_no_fallback_seed104,t11_semantic_eta_no_fallback_seed104-episode-000013,1,2,42.748,42.136,42.15,42.174,42.246,42.746,0,0.45000000000000284,true,,2.430005296905603,1.893498993068353,0.039560828900315335,0.006795222467593826,30.0,0.0,25.736362924146146,1.1656658747166508,-6.94442947798248e-05,"[0.09666192531585693,0.088592529296875,-0.13326936960220337,-0.08086186647415161,-0.05470532178878784]","[0.09267473220825195,0.08808887004852295,-0.09808313846588135,-0.042472124099731445,-0.02326226234436035]","[0.1893366575241089,0.17668139934539795,-0.23135250806808472,-0.12333399057388306,-0.0779675841331482]","{""acc_lim_theta"":0.7958142832674235,""acc_lim_x"":0.8,""inflation_dist"":0.5512338414742931,""max_vel_theta"":1.0,""max_vel_x"":1.2,""min_obstacle_dist"":0.25,""weight_obstacle"":50.295390843548695,""weight_optimaltime"":1.0,""weight_viapoint"":1.0}","{""acc_lim_theta"":0.7917248220733043,""acc_lim_x"":0.8,""inflation_dist"":0.5521419199362027,""max_vel_theta"":1.0,""max_vel_x"":1.2,""min_obstacle_dist"":0.25,""weight_obstacle"":50.42099945112223,""weight_optimaltime"":1.0,""weight_viapoint"":1.0}","{""acc_lim_theta"":0.7917248220733043,""acc_lim_x"":0.8,""inflation_dist"":0.5521419199362027,""max_vel_theta"":1.0,""max_vel_x"":1.2,""min_obstacle_dist"":0.25,""weight_obstacle"":50.42099945112223,""weight_optimaltime"":1.0,""weight_viapoint"":1.0}","{""acc_lim_theta"":0.7917248220733043,""acc_lim_x"":0.8,""inflation_dist"":0.5521419199362027,""max_vel_theta"":1.0,""max_vel_x"":1.2,""min_obstacle_dist"":0.25,""weight_obstacle"":50.42099945112223,""weight_optimaltime"":1.0,""weight_viapoint"":1.0}","{""acc_lim_theta"":0.7917248220733043,""acc_lim_x"":0.8,""inflation_dist"":0.5521419199362027,""max_vel_theta"":1.0,""max_vel_x"":1.2,""min_obstacle_dist"":0.25,""weight_obstacle"":50.42099945112223,""weight_optimaltime"":1.0,""weight_viapoint"":1.0}",false,,false,NORMAL,,false,,2.6352053810744858,2.682531519186251,-0.04500000000000029,-0.0,-0.0007845080935517083,-8.596515419073715e-06,-0.0,-0.0015330335027938873,0.0,0.0,0.0,0.0,0.0,0.0,3.0147050056257285,24.00000000000091,96.00000000000364,true,
t11_semantic_eta_no_fallback_seed104,t11_semantic_eta_no_fallback_seed104-episode-000013,2,3,43.394,42.744,42.754,42.774,42.844,43.344,0,0.5,true,,1.730328023454249,1.1448914325662656,0.03403121280648059,0.008147979992189936,30.0,0.0,25.659247282413137,1.1691691369513406,-0.0017107763859323946,"[0.1893366575241089,0.17668139934539795,-0.23135250806808472,-0.12333399057388306,-0.0779675841331482]","[0.08608341217041016,0.05671203136444092,-0.03932380676269531,-0.026649296283721924,-0.014114201068878174]","[0.27542006969451904,0.23339343070983887,-0.27067631483078003,-0.14998328685760498,-0.09208178520202637]","{""acc_lim_theta"":0.7917248220733043,""acc_lim_x"":0.8,""inflation_dist"":0.5521419199362027,""max_vel_theta"":1.0,""max_vel_x"":1.2,""min_obstacle_dist"":0.25,""weight_obstacle"":50.42099945112223,""weight_optimaltime"":1.0,""weight_viapoint"":1.0}","{""acc_lim_theta"":0.788004425912861,""acc_lim_x"":0.8,""inflation_dist"":0.5525059896684729,""max_vel_theta"":1.0,""max_vel_x"":1.2,""min_obstacle_dist"":0.250251763594886,""weight_obstacle"":50.497211520139004,""weight_optimaltime"":1.0,""weight_viapoint"":1.0}","{""acc_lim_theta"":0.788004425912861,""acc_lim_x"":0.8,""inflation_dist"":0.5525059896684729,""max_vel_theta"":1.0,""max_vel_x"":1.2,""min_obstacle_dist"":0.250251763594886,""weight_obstacle"":50.497211520139004,""weight_optimaltime"":1.0,""weight_viapoint"":1.0}","{""acc_lim_theta"":0.788004425912861,""acc_lim_x"":0.8,""inflation_dist"":0.5525059896684729,""max_vel_theta"":1.0,""max_vel_x"":1.2,""min_obstacle_dist"":0.250251763594886,""weight_obstacle"":50.497211520139004,""weight_optimaltime"":1.0,""weight_viapoint"":1.0}","{""acc_lim_theta"":0.788004425912861,""acc_lim_x"":0.8,""inflation_dist"":0.5525059896684729,""max_vel_theta"":1.0,""max_vel_x"":1.2,""min_obstacle_dist"":0.250251763594886,""weight_obstacle"":50.497211520139004,""weight_optimaltime"":1.0,""weight_viapoint"":1.0}",false,,false,NORMAL,,false,,2.874742298632449,2.9271829544399175,-0.05,-0.0,-0.0006625328600392132,-0.0004908744078250784,-0.0,-0.0012872485396045442,0.0,0.0,0.0,0.0,0.0,0.0,5.001577002985869,20.000000000003126,90.00000000000341,true,
t11_semantic_eta_no_fallback_seed104,t11_semantic_eta_no_fallback_seed104-episode-000013,3,4,45.254,43.376,43.398,43.418,43.444,43.944,0,0.5,true,,1.027974639494489,0.5150074705836141,0.00106197236107113,0.00025124196492501763,30.0,0.0,600.0,0.0,0.0,"[0.27542006969451904,0.23339343070983887,-0.27067631483078003,-0.14998328685760498,-0.09208178520202637]","[0.03935837745666504,0.06537735462188721,-0.05389249324798584,-0.02694791555404663,-0.025327742099761963]","[0.3147784471511841,0.2987707853317261,-0.32456880807876587,-0.1769312024116516,-0.11740952730178833]","{""acc_lim_theta"":0.788004425912861,""acc_lim_x"":0.8,""inflation_dist"":0.5525059896684729,""max_vel_theta"":1.0,""max_vel_x"":1.2,""min_obstacle_dist"":0.250251763594886,""weight_obstacle"":50.497211520139004,""weight_optimaltime"":1.0,""weight_viapoint"":1.0}","{""acc_lim_theta"":0.7865562361199934,""acc_lim_x"":0.8,""inflation_dist"":0.5530049399788173,""max_vel_theta"":1.0,""max_vel_x"":1.2,""min_obstacle_dist"":0.25031168383293906,""weight_obstacle"":50.63397304277328,""weight_optimaltime"":1.0,""weight_viapoint"":1.0}","{""acc_lim_theta"":0.7865562361199934,""acc_lim_x"":0.8,""inflation_dist"":0.5530049399788173,""max_vel_theta"":1.0,""max_vel_x"":1.2,""min_obstacle_dist"":0.25031168383293906,""weight_obstacle"":50.63397304277328,""weight_optimaltime"":1.0,""weight_viapoint"":1.0}","{""acc_lim_theta"":0.7865562361199934,""acc_lim_x"":0.8,""inflation_dist"":0.5530049399788173,""max_vel_theta"":1.0,""max_vel_x"":1.2,""min_obstacle_dist"":0.25031168383293906,""weight_obstacle"":50.63397304277328,""weight_optimaltime"":1.0,""weight_viapoint"":1.0}","{""acc_lim_theta"":0.7865562361199934,""acc_lim_x"":0.8,""inflation_dist"":0.5530049399788173,""max_vel_theta"":1.0,""max_vel_x"":1.2,""min_obstacle_dist"":0.25031168383293906,""weight_obstacle"":50.63397304277328,""weight_optimaltime"":1.0,""weight_viapoint"":1.0}",false,,false,NORMAL,,false,,12.493768080773918,2.5648358445543753,-0.05,-0.0,-0.00047320209677215636,-0.019792465863451396,-0.0,-0.0008020958202336623,10.0,0.0,0.0,0.0,0.0,0.0,1.9654580028145574,19.99999999999602,45.999999999999375,true,
t11_semantic_eta_no_fallback_seed104,t11_semantic_eta_no_fallback_seed104-episode-000014,0,1,46.842,46.236,46.238,46.258,46.292,46.792,0,0.5,true,,3.898101239492473,3.495529798258994,0.25293193632779665,0.4194228701928795,30.0,0.0,25.734982457743993,1.165728402933984,0.681931348873298,"[0.0,0.0,0.0,0.0,0.0]","[-0.029942572116851807,0.16584467887878418,-0.09867465496063232,-0.2782907485961914,0.005472302436828613]","[-0.029942572116851807,0.16584467887878418,-0.09867465496063232,-0.2782907485961914,0.005472302436828613]","{""acc_lim_theta"":0.8,""acc_lim_x"":0.8,""inflation_dist"":0.55,""max_vel_theta"":1.0,""max_vel_x"":1.2,""min_obstacle_dist"":0.25,""weight_obstacle"":50.0,""weight_optimaltime"":1.0,""weight_viapoint"":1.0}","{""acc_lim_theta"":0.7938762296581403,""acc_lim_x"":0.8,""inflation_dist"":0.5509135548709759,""max_vel_theta"":1.0,""max_vel_x"":1.2,""min_obstacle_dist"":0.2511753584859354,""weight_obstacle"":50.0,""weight_optimaltime"":1.0,""weight_viapoint"":1.0}","{""acc_lim_theta"":0.7938762296581403,""acc_lim_x"":0.8,""inflation_dist"":0.5509135548709759,""max_vel_theta"":1.0,""max_vel_x"":1.2,""min_obstacle_dist"":0.2511753584859354,""weight_obstacle"":50.0,""weight_optimaltime"":1.0,""weight_viapoint"":1.0}","{""acc_lim_theta"":0.7938762296581403,""acc_lim_x"":0.8,""inflation_dist"":0.5509135548709759,""max_vel_theta"":1.0,""max_vel_x"":1.2,""min_obstacle_dist"":0.2511753584859354,""weight_obstacle"":50.0,""weight_optimaltime"":1.0,""weight_viapoint"":1.0}","{""acc_lim_theta"":0.7938762296581403,""acc_lim_x"":0.8,""inflation_dist"":0.5509135548709759,""max_vel_theta"":1.0,""max_vel_x"":1.2,""min_obstacle_dist"":0.2511753584859354,""weight_obstacle"":50.0,""weight_optimaltime"":1.0,""weight_viapoint"":1.0}",false,,false,NORMAL,,false,,1.7590615679789128,2.0128572061673955,-0.05,-0.0,-0.008130970772459174,-0.19340256575876247,-0.0,-0.002262101657260783,0.0,0.0,0.0,0.0,0.0,0.0,1.7083450002246536,20.000000000003126,54.000000000002046,true,
t11_semantic_eta_no_fallback_seed104,t11_semantic_eta_no_fallback_seed104-episode-000014,1,2,47.392,46.836,46.844,46.87,46.888,47.388,0,0.44999999999999574,true,,3.388091269422504,2.8720734932433007,0.07572846463743628,0.690856087711065,30.0,0.0,25.76169836484721,1.1645194961577576,0.35804590727738833,"[-0.029942572116851807,0.16584467887878418,-0.09867465496063232,-0.2782907485961914,0.005472302436828613]","[-0.09642046689987183,0.18141412734985352,-0.06611025333404541,-0.20921087265014648,0.0763101577758789]","[-0.12636303901672363,0.3472588062286377,-0.16478490829467773,-0.4875016212463379,0.08178246021270752]","{""acc_lim_theta"":0.7938762296581403,""acc_lim_x"":0.8,""inflation_dist"":0.5509135548709759,""max_vel_theta"":1.0,""max_vel_x"":1.2,""min_obstacle_dist"":0.2511753584859354,""weight_obstacle"":50.0,""weight_optimaltime"":1.0,""weight_viapoint"":1.0}","{""acc_lim_theta"":0.7898642767731068,""acc_lim_x"":0.8,""inflation_dist"":0.5515256202891815,""max_vel_theta"":1.0,""max_vel_x"":1.1986180398985815,""min_obstacle_dist"":0.2535864375037832,""weight_obstacle"":50.0,""weight_optimaltime"":1.0,""weight_viapoint"":1.0}","{""acc_lim_theta"":0.7898642767731068,""acc_lim_x"":0.8,""inflation_dist"":0.5515256202891815,""max_vel_theta"":0.9988483665821513,""max_vel_x"":1.1986180398985815,""min_obstacle_dist"":0.2535864375037832,""weight_obstacle"":50.0,""weight_optimaltime"":1.0,""weight_viapoint"":1.0}","{""acc_lim_theta"":0.7898642767731068,""acc_lim_x"":0.8,""inflation_dist"":0.5515256202891815,""max_vel_theta"":0.9988483665821513,""max_vel_x"":1.1986180398985815,""min_obstacle_dist"":0.2535864375037832,""weight_obstacle"":50.0,""weight_optimaltime"":1.0,""weight_viapoint"":1.0}","{""acc_lim_theta"":0.7898642767731068,""acc_lim_x"":0.8,""inflation_dist"":0.5515256202891815,""max_vel_theta"":0.9988483665821513,""max_vel_x"":1.1986180398985815,""min_obstacle_dist"":0.2535864375037832,""weight_obstacle"":50.0,""weight_optimaltime"":1.0,""weight_viapoint"":1.0}",true,max_vel_theta:ackermann_turning_radius,false,NORMAL,,false,,2.5057111302445803,2.5800888808960165,-0.044999999999999575,-0.0,-0.026769722568928345,-5.07905319866737e-06,-0.0,-0.0026029490293099987,0.0,0.0,0.0,1.0,0.0,0.0,1.4090390031924471,25.99999999999625,43.99999999999693,true,
t11_semantic_eta_no_fallback_seed104,t11_semantic_eta_no_fallback_seed104-episode-000014,2,3,48.038,47.388,47.396,47.418,47.488,47.988,0,0.5,true,,2.71128594496289,2.1335567991857767,0.1308549935601374,0.7863701156572686,30.0,0.0,25.81376903288401,1.1621704665360248,0.023417273587067598,"[-0.12636303901672363,0.3472588062286377,-0.16478490829467773,-0.4875016212463379,0.08178246021270752]","[-0.10396122932434082,0.14887142181396484,-0.07013016939163208,-0.1575891375541687,0.07711076736450195]","[-0.23032426834106445,0.49613022804260254,-0.23491507768630981,-0.6450907588005066,0.15889322757720947]","{""acc_lim_theta"":0.7898642767731068,""acc_lim_x"":0.8,""inflation_dist"":0.5515256202891815,""max_vel_theta"":0.9988483665821513,""max_vel_x"":1.1986180398985815,""min_obstacle_dist"":0.2535864375037832,""weight_obstacle"":50.0,""weight_optimaltime"":1.0,""weight_viapoint"":1.0}","{""acc_lim_theta"":0.7874610023490715,""acc_lim_x"":0.8,""inflation_dist"":0.5521749031052771,""max_vel_theta"":0.9988483665821513,""max_vel_x"":1.1958508998491426,""min_obstacle_dist"":0.2551377850390528,""weight_obstacle"":50.0,""weight_optimaltime"":1.0,""weight_viapoint"":1.0}","{""acc_lim_theta"":0.7874610023490715,""acc_lim_x"":0.8,""inflation_dist"":0.5521749031052771,""max_vel_theta"":0.9965424165409522,""max_vel_x"":1.1958508998491426,""min_obstacle_dist"":0.2551377850390528,""weight_obstacle"":50.0,""weight_optimaltime"":1.0,""weight_viapoint"":1.0}","{""acc_lim_theta"":0.7874610023490715,""acc_lim_x"":0.8,""inflation_dist"":0.5521749031052771,""max_vel_theta"":0.9965424165409522,""max_vel_x"":1.1958508998491426,""min_obstacle_dist"":0.2551377850390528,""weight_obstacle"":50.0,""weight_optimaltime"":1.0,""weight_viapoint"":1.0}","{""acc_lim_theta"":0.7874610023490715,""acc_lim_x"":0.8,""inflation_dist"":0.5521749031052771,""max_vel_theta"":0.9965424165409522,""max_vel_x"":1.1958508998491426,""min_obstacle_dist"":0.2551377850390528,""weight_obstacle"":50.0,""weight_optimaltime"":1.0,""weight_viapoint"":1.0}",true,max_vel_theta:ackermann_turning_radius,false,NORMAL,,false,,2.8299303136207365,2.888645728885566,-0.05,-0.0,-0.0063678985866029315,-1.82696656029731e-05,-0.0,-0.002329247012623613,0.0,0.0,0.0,1.0,0.0,0.0,2.3349769980995916,21.999999999998465,91.99999999999875,true,
t11_semantic_eta_no_fallback_seed104,t11_semantic_eta_no_fallback_seed104-episode-000014,3,4,48.636,48.036,48.04,48.07,48.086,48.586,0,0.5,true,,2.0180450241701875,1.447912239495686,0.10421232201449557,0.7607470373024614,30.0,0.0,26.070504722519765,1.1507257078182276,0.03115746597708988,"[-0.23032426834106445,0.49613022804260254,-0.23491507768630981,-0.6450907588005066,0.15889322757720947]","[-0.14330637454986572,0.10697460174560547,0.057552456855773926,-0.06874072551727295,0.16093528270721436]","[-0.3736306428909302,0.603104829788208,-0.1773626208305359,-0.7138314843177795,0.31982851028442383]","{""acc_lim_theta"":0.7874610023490715,""acc_lim_x"":0.8,""inflation_dist"":0.5521749031052771,""max_vel_theta"":0.9965424165409522,""max_vel_x"":1.1958508998491426,""min_obstacle_dist"":0.2551377850390528,""weight_obstacle"":50.0,""weight_optimaltime"":1.0,""weight_viapoint"":1.0}","{""acc_lim_theta"":0.7861372354557317,""acc_lim_x"":0.8,""inflation_dist"":0.551642067927711,""max_vel_theta"":0.9965424165409522,""max_vel_x"":1.185415835426005,""min_obstacle_dist"":0.25915681553521785,""weight_obstacle"":50.0,""weight_optimaltime"":1.0,""weight_viapoint"":1.0}","{""acc_lim_theta"":0.7861372354557317,""acc_lim_x"":0.8,""inflation_dist"":0.551642067927711,""max_vel_theta"":0.9878465295216708,""max_vel_x"":1.185415835426005,""min_obstacle_dist"":0.25915681553521785,""weight_obstacle"":50.0,""weight_optimaltime"":1.0,""weight_viapoint"":1.0}","{""acc_lim_theta"":0.7861372354557317,""acc_lim_x"":0.8,""inflation_dist"":0.551642067927711,""max_vel_theta"":0.9878465295216708,""max_vel_x"":1.185415835426005,""min_obstacle_dist"":0.25915681553521785,""weight_obstacle"":50.0,""weight_optimaltime"":1.0,""weight_viapoint"":1.0}","{""acc_lim_theta"":0.7861372354557317,""acc_lim_x"":0.8,""inflation_dist"":0.551642067927711,""max_vel_theta"":0.9878465295216708,""max_vel_x"":1.185415835426005,""min_obstacle_dist"":0.25915681553521785,""weight_obstacle"":50.0,""weight_optimaltime"":1.0,""weight_viapoint"":1.0}",true,max_vel_theta:ackermann_turning_radius,false,NORMAL,,false,,2.790859178645356,2.8506639233725073,-0.05,-0.0,-0.0041614597348996986,-7.413764057636546e-05,-0.0,-0.005569147351675255,0.0,0.0,0.0,1.0,0.0,0.0,1.6945539973676205,30.000000000001137,45.999999999999375,true,
t11_semantic_eta_no_fallback_seed104,t11_semantic_eta_no_fallback_seed104-episode-000014,4,5,49.236,48.636,48.642,48.668,48.686,49.186,0,0.5,true,,1.3350799514279499,0.7897283455325586,0.08864165003254083,0.8865793223096599,30.0,0.0,30.348787190512237,0.9885073763138292,0.35018156896700514,"[-0.3736306428909302,0.603104829788208,-0.1773626208305359,-0.7138314843177795,0.31982851028442383]","[-0.20406115055084229,0.12179148197174072,0.03352069854736328,-0.032990455627441406,0.05420660972595215]","[-0.5776917934417725,0.7248963117599487,-0.1438419222831726,-0.746821939945221,0.374035120010376]","{""acc_lim_theta"":0.7861372354557317,""acc_lim_x"":0.8,""inflation_dist"":0.551642067927711,""max_vel_theta"":0.9878465295216708,""max_vel_x"":1.185415835426005,""min_obstacle_dist"":0.25915681553521785,""weight_obstacle"":50.0,""weight_optimaltime"":1.0,""weight_viapoint"":1.0}","{""acc_lim_theta"":0.7917866536323849,""acc_lim_x"":0.8,""inflation_dist"":0.5513317248365831,""max_vel_theta"":0.9878465295216708,""max_vel_x"":1.1792183454794494,""min_obstacle_dist"":0.26287146995177857,""weight_obstacle"":50.0,""weight_optimaltime"":1.0,""weight_viapoint"":1.0}","{""acc_lim_theta"":0.7917866536323849,""acc_lim_x"":0.8,""inflation_dist"":0.5513317248365831,""max_vel_theta"":0.9826819545662079,""max_vel_x"":1.1792183454794494,""min_obstacle_dist"":0.26287146995177857,""weight_obstacle"":50.0,""weight_optimaltime"":1.0,""weight_viapoint"":1.0}","{""acc_lim_theta"":0.7917866536323849,""acc_lim_x"":0.8,""inflation_dist"":0.5513317248365831,""max_vel_theta"":0.9826819545662079,""max_vel_x"":1.1792183454794494,""min_obstacle_dist"":0.26287146995177857,""weight_obstacle"":50.0,""weight_optimaltime"":1.0,""weight_viapoint"":1.0}","{""acc_lim_theta"":0.7917866536323849,""acc_lim_x"":0.8,""inflation_dist"":0.5513317248365831,""max_vel_theta"":0.9826819545662079,""max_vel_x"":1.1792183454794494,""min_obstacle_dist"":0.26287146995177857,""weight_obstacle"":50.0,""weight_optimaltime"":1.0,""weight_viapoint"":1.0}",true,max_vel_theta:ackermann_turning_radius,false,NORMAL,,false,,2.655289511808077,2.7267580294769567,-0.05,-0.0,-0.009830063001315312,-0.006585738919983809,-0.0,-0.005052715747580738,0.0,0.0,0.0,1.0,0.0,0.0,5.308102998242248,25.99999999999625,43.99999999999693,true,
t11_semantic_eta_no_fallback_seed104,t11_semantic_eta_no_fallback_seed104-episode-000014,5,6,50.896,49.216,49.238,49.266,49.286,49.786,0,0.5,true,,0.6930329017965661,0.29353327942773133,0.006529186804395807,0.010152591441911163,30.0,0.0,600.0,0.0,0.0,"[-0.5776917934417725,0.7248963117599487,-0.1438419222831726,-0.746821939945221,0.374035120010376]","[-0.15883409976959229,0.05420637130737305,0.09820055961608887,0.0012786388397216797,0.05655479431152344]","[-0.7365258932113647,0.7791026830673218,-0.04564136266708374,-0.7455433011054993,0.4305899143218994]","{""acc_lim_theta"":0.7917866536323849,""acc_lim_x"":0.8,""inflation_dist"":0.5513317248365831,""max_vel_theta"":0.9826819545662079,""max_vel_x"":1.1792183454794494,""min_obstacle_dist"":0.26287146995177857,""weight_obstacle"":50.0,""weight_optimaltime"":1.0,""weight_viapoint"":1.0}","{""acc_lim_theta"":0.7963961461203903,""acc_lim_x"":0.8,""inflation_dist"":0.550422559260016,""max_vel_theta"":0.9826819545662079,""max_vel_x"":1.1729343310348241,""min_obstacle_dist"":0.26676544928978163,""weight_obstacle"":50.0,""weight_optimaltime"":1.0,""weight_viapoint"":1.0}","{""acc_lim_theta"":0.7963961461203903,""acc_lim_x"":0.8,""inflation_dist"":0.550422559260016,""max_vel_theta"":0.9774452758623535,""max_vel_x"":1.1729343310348241,""min_obstacle_dist"":0.26676544928978163,""weight_obstacle"":50.0,""weight_optimaltime"":1.0,""weight_viapoint"":1.0}","{""acc_lim_theta"":0.7963961461203903,""acc_lim_x"":0.8,""inflation_dist"":0.550422559260016,""max_vel_theta"":0.9774452758623535,""max_vel_x"":1.1729343310348241,""min_obstacle_dist"":0.26676544928978163,""weight_obstacle"":50.0,""weight_optimaltime"":1.0,""weight_viapoint"":1.0}","{""acc_lim_theta"":0.7963961461203903,""acc_lim_x"":0.8,""inflation_dist"":0.550422559260016,""max_vel_theta"":0.9774452758623535,""max_vel_x"":1.1729343310348241,""min_obstacle_dist"":0.26676544928978163,""weight_obstacle"":50.0,""weight_optimaltime"":1.0,""weight_viapoint"":1.0}",true,max_vel_theta:ackermann_turning_radius,false,NORMAL,,false,,11.901997500568097,1.9974981118441737,-0.05,-0.0,-0.005314545066488971,-0.03512166827753761,-0.0,-0.005064397932049209,10.0,0.0,0.0,1.0,0.0,0.0,1.561345998197794,27.999999999998693,48.00000000000182,true,
t11_semantic_eta_no_fallback_seed104,t11_semantic_eta_no_fallback_seed104-episode-000015,0,1,52.498,51.896,51.9,51.922,51.948,52.448,0,0.5,true,,5.183466264670886,4.80417134509598,0.14628830568535067,0.37721630791266153,1.2067554556620128,1.0,1.5115191805877508,0.7983725718867615,-0.5753752148078215,"[0.0,0.0,0.0,0.0,0.0]","[0.07716560363769531,0.06513750553131104,0.0961683988571167,-0.41410064697265625,-0.09253430366516113]","[0.07716560363769531,0.06513750553131104,0.0961683988571167,-0.41410064697265625,-0.09253430366516113]","{""acc_lim_theta"":0.8,""acc_lim_x"":0.8,""inflation_dist"":0.55,""max_vel_theta"":1.0,""max_vel_x"":1.2,""min_obstacle_dist"":0.25,""weight_obstacle"":50.0,""weight_optimaltime"":1.0,""weight_viapoint"":1.0}","{""acc_lim_theta"":0.789302504995153,""acc_lim_x"":0.8,""inflation_dist"":0.55,""max_vel_theta"":1.0,""max_vel_x"":1.2,""min_obstacle_dist"":0.25409175944153334,""weight_obstacle"":50.499654971821144,""weight_optimaltime"":1.0,""weight_viapoint"":1.0}","{""acc_lim_theta"":0.789302504995153,""acc_lim_x"":0.8,""inflation_dist"":0.55,""max_vel_theta"":1.0,""max_vel_x"":1.2,""min_obstacle_dist"":0.25409175944153334,""weight_obstacle"":50.499654971821144,""weight_optimaltime"":1.0,""weight_viapoint"":1.0}","{""acc_lim_theta"":0.789302504995153,""acc_lim_x"":0.8,""inflation_dist"":0.55,""max_vel_theta"":1.0,""max_vel_x"":1.2,""min_obstacle_dist"":0.25409175944153334,""weight_obstacle"":50.499654971821144,""weight_optimaltime"":1.0,""weight_viapoint"":1.0}","{""acc_lim_theta"":0.789302504995153,""acc_lim_x"":0.8,""inflation_dist"":0.55,""max_vel_theta"":1.0,""max_vel_x"":1.2,""min_obstacle_dist"":0.25409175944153334,""weight_obstacle"":50.499654971821144,""weight_optimaltime"":1.0,""weight_viapoint"":1.0}",false,,false,NORMAL,,false,,1.6630310094802345,1.896474597874529,-0.05,-0.0,-0.004717556993489874,-0.17341564392933728,-0.0,-0.005310387471467391,0.0,0.0,0.0,0.0,0.0,0.0,2.0499420061241835,21.999999999998465,48.00000000000182,true,
t11_semantic_eta_no_fallback_seed104,t11_semantic_eta_no_fallback_seed104-episode-000015,1,2,52.498,52.498,,,,52.498,0,0.0,true,,4.759750950786799,4.759750950786799,0.14628830568535067,0.37721630791266153,1.2067554556620128,1.0,1.5115191805877508,0.7983725718867615,-0.5753752148078215,"[0.07716560363769531,0.06513750553131104,0.0961683988571167,-0.41410064697265625,-0.09253430366516113]","[-0.13120758533477783,0.12466573715209961,0.15480506420135498,-0.28237462043762207,-0.08538872003555298]","[-0.05404198169708252,0.18980324268341064,0.2509734630584717,-0.6964752674102783,-0.1779230237007141]","{""acc_lim_theta"":0.789302504995153,""acc_lim_x"":0.8,""inflation_dist"":0.55,""max_vel_theta"":1.0,""max_vel_x"":1.2,""min_obstacle_dist"":0.25409175944153334,""weight_obstacle"":50.499654971821144,""weight_optimaltime"":1.0,""weight_viapoint"":1.0}","{""acc_lim_theta"":0.7902458420718699,""acc_lim_x"":0.8,""inflation_dist"":0.55,""max_vel_theta"":1.0,""max_vel_x"":1.2,""min_obstacle_dist"":0.26113594293147224,""weight_obstacle"":50.960726129362804,""weight_optimaltime"":1.0,""weight_viapoint"":1.0}","{""acc_lim_theta"":0.7902458420718699,""acc_lim_x"":0.8,""inflation_dist"":0.55,""max_vel_theta"":1.0,""max_vel_x"":1.2,""min_obstacle_dist"":0.26113594293147224,""weight_obstacle"":50.960726129362804,""weight_optimaltime"":1.0,""weight_viapoint"":1.0}","{""acc_lim_theta"":0.7902458420718699,""acc_lim_x"":0.8,""inflation_dist"":0.55,""max_vel_theta"":1.0,""max_vel_x"":1.2,""min_obstacle_dist"":0.26113594293147224,""weight_obstacle"":50.960726129362804,""weight_optimaltime"":1.0,""weight_viapoint"":1.0}","{""acc_lim_theta"":0.789302504995153,""acc_lim_x"":0.8,""inflation_dist"":0.55,""max_vel_theta"":1.0,""max_vel_x"":1.2,""min_obstacle_dist"":0.25409175944153334,""weight_obstacle"":50.499654971821144,""weight_optimaltime"":1.0,""weight_viapoint"":1.0}",false,,false,NORMAL,margin:emergency|ablation:no_conservative_parameter_fallback,false,,0.0,0.0,0.0,0.0,0.0,0.0,0.0,0.0,0.0,0.0,0.0,0.0,0.0,0.0,1.7697919975034893,0.0,0.0,false,safety_emergency_stop
t11_semantic_eta_no_fallback_seed104,t11_semantic_eta_no_fallback_seed104-episode-000016,0,1,53.556,53.556,,,,53.556,0,0.0,true,,5.026735162280181,5.026735162280181,0.054738827152931074,0.023520561062069383,0.5079697142528408,0.8355555555555556,1.0924400261968983,0.47043678024916075,0.3920093510344896,"[0.0,0.0,0.0,0.0,0.0]","[-0.9599301815032959,-0.5541970133781433,0.6521732807159424,-0.3188459873199463,-0.28730833530426025]","[-0.9599301815032959,-0.5541970133781433,0.6521732807159424,-0.3188459873199463,-0.28730833530426025]","{""acc_lim_theta"":0.8,""acc_lim_x"":0.8,""inflation_dist"":0.55,""max_vel_theta"":1.0,""max_vel_x"":1.2,""min_obstacle_dist"":0.25,""weight_obstacle"":50.0,""weight_optimaltime"":1.0,""weight_viapoint"":1.0}","{""acc_lim_theta"":0.8,""acc_lim_x"":0.7868143183926443,""inflation_dist"":0.55,""max_vel_theta"":1.0,""max_vel_x"":1.2,""min_obstacle_dist"":0.2547474635647479,""weight_obstacle"":51.55137103208653,""weight_optimaltime"":0.9445802986621856,""weight_viapoint"":1.0}","{""acc_lim_theta"":0.8,""acc_lim_x"":0.7868143183926443,""inflation_dist"":0.55,""max_vel_theta"":1.0,""max_vel_x"":1.2,""min_obstacle_dist"":0.2547474635647479,""weight_obstacle"":51.55137103208653,""weight_optimaltime"":0.9445802986621856,""weight_viapoint"":1.0}","{""acc_lim_theta"":0.8,""acc_lim_x"":0.7868143183926443,""inflation_dist"":0.55,""max_vel_theta"":1.0,""max_vel_x"":1.2,""min_obstacle_dist"":0.2547474635647479,""weight_obstacle"":51.55137103208653,""weight_optimaltime"":0.9445802986621856,""weight_viapoint"":1.0}","{""acc_lim_theta"":0.8,""acc_lim_x"":0.8,""inflation_dist"":0.55,""max_vel_theta"":1.0,""max_vel_x"":1.2,""min_obstacle_dist"":0.25,""weight_obstacle"":50.0,""weight_optimaltime"":1.0,""weight_viapoint"":1.0}",false,,false,NORMAL,margin:emergency|ablation:no_conservative_parameter_fallback,false,,0.0,0.0,0.0,0.0,0.0,0.0,0.0,0.0,0.0,0.0,0.0,0.0,0.0,0.0,1.8647539982339367,0.0,0.0,false,safety_emergency_stop
t11_semantic_eta_no_fallback_seed104,t11_semantic_eta_no_fallback_seed104-episode-000017,0,1,55.108,54.556,54.56,54.588,54.606,55.106,0,0.45000000000000284,true,,2.9316031559324283,2.512645909123063,0.03376262609342492,0.007654649465343414,30.0,0.0,25.0,1.2,0.058044991610925925,"[0.0,0.0,0.0,0.0,0.0]","[0.06312692165374756,0.0760202407836914,-0.10406053066253662,-0.0335620641708374,-0.06140708923339844]","[0.06312692165374756,0.0760202407836914,-0.10406053066253662,-0.0335620641708374,-0.06140708923339844]","{""acc_lim_theta"":0.8,""acc_lim_x"":0.8,""inflation_dist"":0.55,""max_vel_theta"":1.0,""max_vel_x"":1.2,""min_obstacle_dist"":0.25,""weight_obstacle"":50.0,""weight_optimaltime"":1.0,""weight_viapoint"":1.0}","{""acc_lim_theta"":0.7986224851160062,""acc_lim_x"":0.8,""inflation_dist"":0.5509634186681578,""max_vel_theta"":1.0,""max_vel_x"":1.2,""min_obstacle_dist"":0.25,""weight_obstacle"":50.331578195601466,""weight_optimaltime"":1.0,""weight_viapoint"":1.0}","{""acc_lim_theta"":0.7986224851160062,""acc_lim_x"":0.8,""inflation_dist"":0.5509634186681578,""max_vel_theta"":1.0,""max_vel_x"":1.2,""min_obstacle_dist"":0.25,""weight_obstacle"":50.331578195601466,""weight_optimaltime"":1.0,""weight_viapoint"":1.0}","{""acc_lim_theta"":0.7986224851160062,""acc_lim_x"":0.8,""inflation_dist"":0.5509634186681578,""max_vel_theta"":1.0,""max_vel_x"":1.2,""min_obstacle_dist"":0.25,""weight_obstacle"":50.331578195601466,""weight_optimaltime"":1.0,""weight_viapoint"":1.0}","{""acc_lim_theta"":0.7986224851160062,""acc_lim_x"":0.8,""inflation_dist"":0.5509634186681578,""max_vel_theta"":1.0,""max_vel_x"":1.2,""min_obstacle_dist"":0.25,""weight_obstacle"":50.331578195601466,""weight_optimaltime"":1.0,""weight_viapoint"":1.0}",false,,false,NORMAL,,false,,1.8711135558662337,2.094786234046826,-0.04500000000000029,-0.0,-0.0010384575297045773,-0.1763514230620694,-0.0,-0.0012827975888178925,0.0,0.0,0.0,0.0,0.0,0.0,2.7246069948887452,27.999999999998693,45.999999999999375,true,
t11_semantic_eta_no_fallback_seed104,t11_semantic_eta_no_fallback_seed104-episode-000017,1,2,55.752,55.102,55.11,55.134,55.202,55.702,0,0.5,true,,2.347547017771434,1.7647996752349393,0.06331581942493027,0.04364180563666153,30.0,0.0,25.73666404153168,1.165652236497648,0.000519685761506804,"[0.06312692165374756,0.0760202407836914,-0.10406053066253662,-0.0335620641708374,-0.06140708923339844]","[0.061731696128845215,0.06582188606262207,-0.06661385297775269,0.008022189140319824,-0.027458131313323975]","[0.12485861778259277,0.14184212684631348,-0.1706743836402893,-0.025539875030517578,-0.08886522054672241]","{""acc_lim_theta"":0.7986224851160062,""acc_lim_x"":0.8,""inflation_dist"":0.5509634186681578,""max_vel_theta"":1.0,""max_vel_x"":1.2,""min_obstacle_dist"":0.25,""weight_obstacle"":50.331578195601466,""weight_optimaltime"":1.0,""weight_viapoint"":1.0}","{""acc_lim_theta"":0.7972338011871352,""acc_lim_x"":0.8,""inflation_dist"":0.5515801465390238,""max_vel_theta"":1.0,""max_vel_x"":1.2,""min_obstacle_dist"":0.25,""weight_obstacle"":50.479843123138664,""weight_optimaltime"":1.0,""weight_viapoint"":1.0}","{""acc_lim_theta"":0.7972338011871352,""acc_lim_x"":0.8,""inflation_dist"":0.5515801465390238,""max_vel_theta"":1.0,""max_vel_x"":1.2,""min_obstacle_dist"":0.25,""weight_obstacle"":50.479843123138664,""weight_optimaltime"":1.0,""weight_viapoint"":1.0}","{""acc_lim_theta"":0.7972338011871352,""acc_lim_x"":0.8,""inflation_dist"":0.5515801465390238,""max_vel_theta"":1.0,""max_vel_x"":1.2,""min_obstacle_dist"":0.25,""weight_obstacle"":50.479843123138664,""weight_optimaltime"":1.0,""weight_viapoint"":1.0}","{""acc_lim_theta"":0.7972338011871352,""acc_lim_x"":0.8,""inflation_dist"":0.5515801465390238,""max_vel_theta"":1.0,""max_vel_x"":1.2,""min_obstacle_dist"":0.25,""weight_obstacle"":50.479843123138664,""weight_optimaltime"":1.0,""weight_viapoint"":1.0}",false,,false,NORMAL,,false,,2.862005736932373,2.913736712682474,-0.05,-0.0,-0.0007590438804234186,-0.0001520230692814885,-0.0,-0.0008199088003967201,0.0,0.0,0.0,0.0,0.0,0.0,1.6122199958772399,24.00000000000091,91.99999999999875,true,
t11_semantic_eta_no_fallback_seed104,t11_semantic_eta_no_fallback_seed104-episode-000017,2,3,56.352,55.736,55.756,55.774,55.802,56.302,0,0.5,true,,1.6482345881423097,1.0653911245334404,0.06304131577021542,0.043006937744950624,30.0,0.0,25.733357813465332,1.1658019997803042,-0.0022717549648524613,"[0.12485861778259277,0.14184212684631348,-0.1706743836402893,-0.025539875030517578,-0.08886522054672241]","[0.059906721115112305,0.04156386852264404,0.007660508155822754,0.02890300750732422,-0.03664642572402954]","[0.18476533889770508,0.18340599536895752,-0.16301387548446655,0.0033631324768066406,-0.12551164627075195]","{""acc_lim_theta"":0.7972338011871352,""acc_lim_x"":0.8,""inflation_dist"":0.5515801465390238,""max_vel_theta"":1.0,""max_vel_x"":1.2,""min_obstacle_dist"":0.25,""weight_obstacle"":50.479843123138664,""weight_optimaltime"":1.0,""weight_viapoint"":1.0}","{""acc_lim_theta"":0.796764748547281,""acc_lim_x"":0.8,""inflation_dist"":0.5515092236202388,""max_vel_theta"":1.0,""max_vel_x"":1.2,""min_obstacle_dist"":0.25116602572240976,""weight_obstacle"":50.67772183500257,""weight_optimaltime"":1.0,""weight_viapoint"":1.0}","{""acc_lim_theta"":0.796764748547281,""acc_lim_x"":0.8,""inflation_dist"":0.5515092236202388,""max_vel_theta"":1.0,""max_vel_x"":1.2,""min_obstacle_dist"":0.25116602572240976,""weight_obstacle"":50.67772183500257,""weight_optimaltime"":1.0,""weight_viapoint"":1.0}","{""acc_lim_theta"":0.796764748547281,""acc_lim_x"":0.8,""inflation_dist"":0.5515092236202388,""max_vel_theta"":1.0,""max_vel_x"":1.2,""min_obstacle_dist"":0.25116602572240976,""weight_obstacle"":50.67772183500257,""weight_optimaltime"":1.0,""weight_viapoint"":1.0}","{""acc_lim_theta"":0.796764748547281,""acc_lim_x"":0.8,""inflation_dist"":0.5515092236202388,""max_vel_theta"":1.0,""max_vel_x"":1.2,""min_obstacle_dist"":0.25116602572240976,""weight_obstacle"":50.67772183500257,""weight_optimaltime"":1.0,""weight_viapoint"":1.0}",false,,false,NORMAL,,false,,2.86152292335975,2.9142173180443462,-0.05,-0.0,-0.0016941994319702772,-5.006888899477416e-07,-0.0,-0.0009996945637366862,0.0,0.0,0.0,0.0,0.0,0.0,2.119213000696618,18.000000000000682,45.999999999999375,true,
t11_semantic_eta_no_fallback_seed104,t11_semantic_eta_no_fallback_seed104-episode-000017,3,4,58.112,56.34,56.354,56.378,56.402,56.902,0,0.5,true,,0.9488110809164205,0.4631130626228797,0.0018542364174640338,0.001263734562592775,30.0,0.0,600.0,0.0,0.0,"[0.18476533889770508,0.18340599536895752,-0.16301387548446655,0.0033631324768066406,-0.12551164627075195]","[0.024622559547424316,0.059026241302490234,-0.03389853239059448,0.010569453239440918,-0.056205689907073975]","[0.2093878984451294,0.24243223667144775,-0.19691240787506104,0.013932585716247559,-0.18171733617782593]","{""acc_lim_theta"":0.796764748547281,""acc_lim_x"":0.8,""inflation_dist"":0.5515092236202388,""max_vel_theta"":1.0,""max_vel_x"":1.2,""min_obstacle_dist"":0.25116602572240976,""weight_obstacle"":50.67772183500257,""weight_optimaltime"":1.0,""weight_viapoint"":1.0}","{""acc_lim_theta"":0.7979174093830393,""acc_lim_x"":0.8,""inflation_dist"":0.5518230647924903,""max_vel_theta"":1.0,""max_vel_x"":1.2,""min_obstacle_dist"":0.25161720280028094,""weight_obstacle"":50.981214175619606,""weight_optimaltime"":1.0,""weight_viapoint"":1.0}","{""acc_lim_theta"":0.7979174093830393,""acc_lim_x"":0.8,""inflation_dist"":0.5518230647924903,""max_vel_theta"":1.0,""max_vel_x"":1.2,""min_obstacle_dist"":0.25161720280028094,""weight_obstacle"":50.981214175619606,""weight_optimaltime"":1.0,""weight_viapoint"":1.0}","{""acc_lim_theta"":0.7979174093830393,""acc_lim_x"":0.8,""inflation_dist"":0.5518230647924903,""max_vel_theta"":1.0,""max_vel_x"":1.2,""min_obstacle_dist"":0.25161720280028094,""weight_obstacle"":50.981214175619606,""weight_optimaltime"":1.0,""weight_viapoint"":1.0}","{""acc_lim_theta"":0.7979174093830393,""acc_lim_x"":0.8,""inflation_dist"":0.5518230647924903,""max_vel_theta"":1.0,""max_vel_x"":1.2,""min_obstacle_dist"":0.25161720280028094,""weight_obstacle"":50.981214175619606,""weight_optimaltime"":1.0,""weight_viapoint"":1.0}",false,,false,NORMAL,,false,,12.351091424681082,2.428490091467704,-0.05,-0.0,-0.0018458739722244815,-0.02438750318671734,-0.0,-0.0011652896276797128,10.0,0.0,0.0,0.0,0.0,0.0,1.404048001859337,24.00000000000091,48.00000000000182,true,
t11_semantic_eta_no_fallback_seed104,t11_semantic_eta_no_fallback_seed104-episode-000018,0,1,59.652,59.096,59.1,59.13,59.15,59.65,0,0.44999999999999574,true,,3.8861761353431943,3.4817498413797323,0.22994912889533664,0.39758361809224124,30.0,0.0,25.700523589964426,1.1672913936941907,0.6659790036446505,"[0.0,0.0,0.0,0.0,0.0]","[-0.016186952590942383,0.15039730072021484,-0.08527970314025879,-0.2926343083381653,0.03845548629760742]","[-0.016186952590942383,0.15039730072021484,-0.08527970314025879,-0.2926343083381653,0.03845548629760742]","{""acc_lim_theta"":0.8,""acc_lim_x"":0.8,""inflation_dist"":0.55,""max_vel_theta"":1.0,""max_vel_x"":1.2,""min_obstacle_dist"":0.25,""weight_obstacle"":50.0,""weight_optimaltime"":1.0,""weight_viapoint"":1.0}","{""acc_lim_theta"":0.7918410182954215,""acc_lim_x"":0.8,""inflation_dist"":0.5507895410247976,""max_vel_theta"":1.0,""max_vel_x"":1.2,""min_obstacle_dist"":0.2511789905885924,""weight_obstacle"":50.0,""weight_optimaltime"":1.0,""weight_viapoint"":1.0}","{""acc_lim_theta"":0.7918410182954215,""acc_lim_x"":0.8,""inflation_dist"":0.5507895410247976,""max_vel_theta"":1.0,""max_vel_x"":1.2,""min_obstacle_dist"":0.2511789905885924,""weight_obstacle"":50.0,""weight_optimaltime"":1.0,""weight_viapoint"":1.0}","{""acc_lim_theta"":0.7918410182954215,""acc_lim_x"":0.8,""inflation_dist"":0.5507895410247976,""max_vel_theta"":1.0,""max_vel_x"":1.2,""min_obstacle_dist"":0.2511789905885924,""weight_obstacle"":50.0,""weight_optimaltime"":1.0,""weight_viapoint"":1.0}","{""acc_lim_theta"":0.7918410182954215,""acc_lim_x"":0.8,""inflation_dist"":0.5507895410247976,""max_vel_theta"":1.0,""max_vel_x"":1.2,""min_obstacle_dist"":0.2511789905885924,""weight_obstacle"":50.0,""weight_optimaltime"":1.0,""weight_viapoint"":1.0}",false,,false,NORMAL,,false,,1.7972753994284687,2.02213146981731,-0.044999999999999575,-0.0,-0.006576941448926367,-0.17054220412839172,-0.0,-0.002736924811523744,0.0,0.0,0.0,0.0,0.0,0.0,2.6098520029336214,30.000000000001137,49.99999999999716,true,
t11_semantic_eta_no_fallback_seed104,t11_semantic_eta_no_fallback_seed104-episode-000018,1,2,60.252,59.646,59.654,59.676,59.75,60.25,0,0.4519999999999982,true,,3.329219165868147,2.808896005794143,0.05453017207089716,0.6688752494597995,30.0,0.0,25.756250075335096,1.1647658301286972,0.30271750677557685,"[-0.016186952590942383,0.15039730072021484,-0.08527970314025879,-0.2926343083381653,0.03845548629760742]","[-0.08508837223052979,0.1966949701309204,-0.08471256494522095,-0.2173851728439331,0.07278704643249512]","[-0.10127532482147217,0.34709227085113525,-0.16999226808547974,-0.5100194811820984,0.11124253273010254]","{""acc_lim_theta"":0.7918410182954215,""acc_lim_x"":0.8,""inflation_dist"":0.5507895410247976,""max_vel_theta"":1.0,""max_vel_x"":1.2,""min_obstacle_dist"":0.2511789905885924,""weight_obstacle"":50.0,""weight_optimaltime"":1.0,""weight_viapoint"":1.0}","{""acc_lim_theta"":0.787275063585774,""acc_lim_x"":0.8,""inflation_dist"":0.5515738313409831,""max_vel_theta"":1.0,""max_vel_x"":1.1992241808544741,""min_obstacle_dist"":0.2534424876822018,""weight_obstacle"":50.0,""weight_optimaltime"":1.0,""weight_viapoint"":1.0}","{""acc_lim_theta"":0.787275063585774,""acc_lim_x"":0.8,""inflation_dist"":0.5515738313409831,""max_vel_theta"":0.9993534840453951,""max_vel_x"":1.1992241808544741,""min_obstacle_dist"":0.2534424876822018,""weight_obstacle"":50.0,""weight_optimaltime"":1.0,""weight_viapoint"":1.0}","{""acc_lim_theta"":0.787275063585774,""acc_lim_x"":0.8,""inflation_dist"":0.5515738313409831,""max_vel_theta"":0.9993534840453951,""max_vel_x"":1.1992241808544741,""min_obstacle_dist"":0.2534424876822018,""weight_obstacle"":50.0,""weight_optimaltime"":1.0,""weight_viapoint"":1.0}","{""acc_lim_theta"":0.787275063585774,""acc_lim_x"":0.8,""inflation_dist"":0.5515738313409831,""max_vel_theta"":0.9993534840453951,""max_vel_x"":1.1992241808544741,""min_obstacle_dist"":0.2534424876822018,""weight_obstacle"":50.0,""weight_optimaltime"":1.0,""weight_viapoint"":1.0}",true,max_vel_theta:ackermann_turning_radius,false,NORMAL,,false,,2.5288042287399892,2.6016158003700207,-0.045199999999999824,-0.0,-0.02507642806997266,-5.566715879669389e-06,-0.0,-0.002529576844179159,0.0,0.0,0.0,1.0,0.0,0.0,1.3586310014943592,21.999999999998465,95.99999999999653,true,
t11_semantic_eta_no_fallback_seed104,t11_semantic_eta_no_fallback_seed104-episode-000018,2,3,60.898,60.246,60.254,60.278,60.348,60.848,0,0.5,true,,2.647296401376386,2.0697691665563824,0.1249059097596049,0.7223299588692678,30.0,0.0,25.5597848234246,1.1737188011264519,-0.10322585347942938,"[-0.10127532482147217,0.34709227085113525,-0.16999226808547974,-0.5100194811820984,0.11124253273010254]","[-0.08665788173675537,0.15376925468444824,-0.09112447500228882,-0.16433972120285034,0.07921314239501953]","[-0.18793320655822754,0.5008615255355835,-0.26111674308776855,-0.6743592023849487,0.19045567512512207]","{""acc_lim_theta"":0.787275063585774,""acc_lim_x"":0.8,""inflation_dist"":0.5515738313409831,""max_vel_theta"":0.9993534840453951,""max_vel_x"":1.1992241808544741,""min_obstacle_dist"":0.2534424876822018,""weight_obstacle"":50.0,""weight_optimaltime"":1.0,""weight_viapoint"":1.0}","{""acc_lim_theta"":0.7839225262085278,""acc_lim_x"":0.8,""inflation_dist"":0.5524174847394843,""max_vel_theta"":0.9993534840453951,""max_vel_x"":1.196814809271866,""min_obstacle_dist"":0.2545421005606151,""weight_obstacle"":50.0,""weight_optimaltime"":1.0,""weight_viapoint"":1.0}","{""acc_lim_theta"":0.7839225262085278,""acc_lim_x"":0.8,""inflation_dist"":0.5524174847394843,""max_vel_theta"":0.9973456743932217,""max_vel_x"":1.196814809271866,""min_obstacle_dist"":0.2545421005606151,""weight_obstacle"":50.0,""weight_optimaltime"":1.0,""weight_viapoint"":1.0}","{""acc_lim_theta"":0.7839225262085278,""acc_lim_x"":0.8,""inflation_dist"":0.5524174847394843,""max_vel_theta"":0.9973456743932217,""max_vel_x"":1.196814809271866,""min_obstacle_dist"":0.2545421005606151,""weight_obstacle"":50.0,""weight_optimaltime"":1.0,""weight_viapoint"":1.0}","{""acc_lim_theta"":0.7839225262085278,""acc_lim_x"":0.8,""inflation_dist"":0.5524174847394843,""max_vel_theta"":0.9973456743932217,""max_vel_x"":1.196814809271866,""min_obstacle_dist"":0.2545421005606151,""weight_obstacle"":50.0,""weight_optimaltime"":1.0,""weight_viapoint"":1.0}",true,max_vel_theta:ackermann_turning_radius,false,NORMAL,,false,,2.8304908189835287,2.887636174100019,-0.05,-0.0,-0.004791374897803874,-3.1833033997264136e-05,-0.0,-0.0023221471846894396,0.0,0.0,0.0,1.0,0.0,0.0,1.4169749993016012,24.00000000000091,94.0000000000012,true,
t11_semantic_eta_no_fallback_seed104,t11_semantic_eta_no_fallback_seed104-episode-000018,3,4,61.496,60.896,60.9,60.926,60.946,61.446,0,0.5,true,,1.9536107371046514,1.3862769232070336,0.11194013898654687,0.716206793226117,30.0,0.0,25.974645547750118,1.1549724497625937,0.1331296363328067,"[-0.18793320655822754,0.5008615255355835,-0.26111674308776855,-0.6743592023849487,0.19045567512512207]","[-0.11880910396575928,0.10727548599243164,0.055379390716552734,-0.0881052017211914,0.1815471649169922]","[-0.3067423105239868,0.6081370115280151,-0.20573735237121582,-0.7624644041061401,0.37200284004211426]","{""acc_lim_theta"":0.7839225262085278,""acc_lim_x"":0.8,""inflation_dist"":0.5524174847394843,""max_vel_theta"":0.9973456743932217,""max_vel_x"":1.196814809271866,""min_obstacle_dist"":0.2545421005606151,""weight_obstacle"":50.0,""weight_optimaltime"":1.0,""weight_viapoint"":1.0}","{""acc_lim_theta"":0.7804113409069277,""acc_lim_x"":0.8,""inflation_dist"":0.5519047683569342,""max_vel_theta"":0.9973456743932217,""max_vel_x"":1.1860889718482222,""min_obstacle_dist"":0.2585096137950272,""weight_obstacle"":50.0,""weight_optimaltime"":1.0,""weight_viapoint"":1.0}","{""acc_lim_theta"":0.7804113409069277,""acc_lim_x"":0.8,""inflation_dist"":0.5519047683569342,""max_vel_theta"":0.9884074765401851,""max_vel_x"":1.1860889718482222,""min_obstacle_dist"":0.2585096137950272,""weight_obstacle"":50.0,""weight_optimaltime"":1.0,""weight_viapoint"":1.0}","{""acc_lim_theta"":0.7804113409069277,""acc_lim_x"":0.8,""inflation_dist"":0.5519047683569342,""max_vel_theta"":0.9884074765401851,""max_vel_x"":1.1860889718482222,""min_obstacle_dist"":0.2585096137950272,""weight_obstacle"":50.0,""weight_optimaltime"":1.0,""weight_viapoint"":1.0}","{""acc_lim_theta"":0.7804113409069277,""acc_lim_x"":0.8,""inflation_dist"":0.5519047683569342,""max_vel_theta"":0.9884074765401851,""max_vel_x"":1.1860889718482222,""min_obstacle_dist"":0.2585096137950272,""weight_obstacle"":50.0,""weight_optimaltime"":1.0,""weight_viapoint"":1.0}",true,max_vel_theta:ackermann_turning_radius,false,NORMAL,,false,,2.7756359894919163,2.836669069488089,-0.05,-0.0,-0.004315070493270764,-0.0005314383475083714,-0.0,-0.006186571155393783,0.0,0.0,0.0,1.0,0.0,0.0,1.1150949940201826,26.000000000003354,45.999999999999375,true,
t11_semantic_eta_no_fallback_seed104,t11_semantic_eta_no_fallback_seed104-episode-000018,4,5,62.096,61.476,61.502,61.526,61.546,62.046,0,0.5,true,,1.2739574976041972,0.7346550200271404,0.06537401409480265,0.8987333670952983,30.0,0.0,29.87459663025908,1.0041976590108634,0.4245353847416277,"[-0.3067423105239868,0.6081370115280151,-0.20573735237121582,-0.7624644041061401,0.37200284004211426]","[-0.1996387243270874,0.12702572345733643,0.020117521286010742,-0.04321390390396118,0.02050173282623291]","[-0.5063810348510742,0.7351627349853516,-0.18561983108520508,-0.8056783080101013,0.39250457286834717]","{""acc_lim_theta"":0.7804113409069277,""acc_lim_x"":0.8,""inflation_dist"":0.5519047683569342,""max_vel_theta"":0.9884074765401851,""max_vel_x"":1.1860889718482222,""min_obstacle_dist"":0.2585096137950272,""weight_obstacle"":50.0,""weight_optimaltime"":1.0,""weight_viapoint"":1.0}","{""acc_lim_theta"":0.7867473094477521,""acc_lim_x"":0.8,""inflation_dist"":0.5517185152651942,""max_vel_theta"":0.9884074765401851,""max_vel_x"":1.1821699997637225,""min_obstacle_dist"":0.26198454174768804,""weight_obstacle"":50.0,""weight_optimaltime"":1.0,""weight_viapoint"":1.0}","{""acc_lim_theta"":0.7867473094477521,""acc_lim_x"":0.8,""inflation_dist"":0.5517185152651942,""max_vel_theta"":0.9851416664697688,""max_vel_x"":1.1821699997637225,""min_obstacle_dist"":0.26198454174768804,""weight_obstacle"":50.0,""weight_optimaltime"":1.0,""weight_viapoint"":1.0}","{""acc_lim_theta"":0.7867473094477521,""acc_lim_x"":0.8,""inflation_dist"":0.5517185152651942,""max_vel_theta"":0.9851416664697688,""max_vel_x"":1.1821699997637225,""min_obstacle_dist"":0.26198454174768804,""weight_obstacle"":50.0,""weight_optimaltime"":1.0,""weight_viapoint"":1.0}","{""acc_lim_theta"":0.7867473094477521,""acc_lim_x"":0.8,""inflation_dist"":0.5517185152651942,""max_vel_theta"":0.9851416664697688,""max_vel_x"":1.1821699997637225,""min_obstacle_dist"":0.26198454174768804,""weight_obstacle"":50.0,""weight_optimaltime"":1.0,""weight_viapoint"":1.0}",true,max_vel_theta:ackermann_turning_radius,false,NORMAL,,false,,2.620430984185856,2.6965123878852837,-0.05,-0.0,-0.011472599405808227,-0.010275301780114154,-0.0,-0.004333502513505575,0.0,0.0,0.0,1.0,0.0,0.0,2.8567350018420257,24.00000000000091,43.99999999999693,true,
t11_semantic_eta_no_fallback_seed104,t11_semantic_eta_no_fallback_seed104-episode-000018,5,6,63.546,62.096,62.1,62.126,62.144,62.644,0,0.44999999999999574,true,,0.6366969167903802,0.29394254160708294,0.004589287278215259,0.00689154177686091,30.0,0.0,600.0,0.0,0.0,"[-0.5063810348510742,0.7351627349853516,-0.18561983108520508,-0.8056783080101013,0.39250457286834717]","[-0.1809169054031372,0.07607543468475342,0.07321381568908691,0.0009596347808837891,0.0715099573135376]","[-0.6872979402542114,0.811238169670105,-0.11240601539611816,-0.8047186732292175,0.46401453018188477]","{""acc_lim_theta"":0.7867473094477521,""acc_lim_x"":0.8,""inflation_dist"":0.5517185152651942,""max_vel_theta"":0.9851416664697688,""max_vel_x"":1.1821699997637225,""min_obstacle_dist"":0.26198454174768804,""weight_obstacle"":50.0,""weight_optimaltime"":1.0,""weight_viapoint"":1.0}","{""acc_lim_theta"":0.7917471411161716,""acc_lim_x"":0.8,""inflation_dist"":0.5510406832730562,""max_vel_theta"":0.9851416664697688,""max_vel_x"":1.1746116890472778,""min_obstacle_dist"":0.26571132180912505,""weight_obstacle"":50.0,""weight_optimaltime"":1.0,""weight_viapoint"":1.0}","{""acc_lim_theta"":0.7917471411161716,""acc_lim_x"":0.8,""inflation_dist"":0.5510406832730562,""max_vel_theta"":0.9788430742060649,""max_vel_x"":1.1746116890472778,""min_obstacle_dist"":0.26571132180912505,""weight_obstacle"":50.0,""weight_optimaltime"":1.0,""weight_viapoint"":1.0}","{""acc_lim_theta"":0.7917471411161716,""acc_lim_x"":0.8,""inflation_dist"":0.5510406832730562,""max_vel_theta"":0.9788430742060649,""max_vel_x"":1.1746116890472778,""min_obstacle_dist"":0.26571132180912505,""weight_obstacle"":50.0,""weight_optimaltime"":1.0,""weight_viapoint"":1.0}","{""acc_lim_theta"":0.7917471411161716,""acc_lim_x"":0.8,""inflation_dist"":0.5510406832730562,""max_vel_theta"":0.9788430742060649,""max_vel_x"":1.1746116890472778,""min_obstacle_dist"":0.26571132180912505,""weight_obstacle"":50.0,""weight_optimaltime"":1.0,""weight_viapoint"":1.0}",true,max_vel_theta:ackermann_turning_radius,false,NORMAL,,false,,11.626381010121705,1.7137718759164864,-0.044999999999999575,-0.0,-0.0030713823946305744,-0.033865710269523126,-0.0,-0.00545377313062926,10.0,0.0,0.0,1.0,0.0,0.0,1.8735789999482222,25.99999999999625,43.99999999999693,true,
t11_semantic_eta_no_fallback_seed104,t11_semantic_eta_no_fallback_seed104-episode-000019,0,1,65.094,64.556,64.56,64.588,64.592,65.092,0,0.45000000000000284,true,,5.1442834742222505,4.88483914139788,0.12925195931630243,0.25388352050217167,1.2057789168826742,1.0,3.3200207991570823,0.36318414546945266,-0.3026370112814958,"[0.0,0.0,0.0,0.0,0.0]","[0.03954958915710449,0.008881449699401855,0.14356493949890137,-0.3353939652442932,-0.12032842636108398]","[0.03954958915710449,0.008881449699401855,0.14356493949890137,-0.3353939652442932,-0.12032842636108398]","{""acc_lim_theta"":0.8,""acc_lim_x"":0.8,""inflation_dist"":0.55,""max_vel_theta"":1.0,""max_vel_x"":1.2,""min_obstacle_dist"":0.25,""weight_obstacle"":50.0,""weight_optimaltime"":1.0,""weight_viapoint"":1.0}","{""acc_lim_theta"":0.7937921395202325,""acc_lim_x"":0.8,""inflation_dist"":0.55,""max_vel_theta"":1.0,""max_vel_x"":1.2,""min_obstacle_dist"":0.2540677230107735,""weight_obstacle"":50.64973414292159,""weight_optimaltime"":1.0,""weight_viapoint"":1.0}","{""acc_lim_theta"":0.7937921395202325,""acc_lim_x"":0.8,""inflation_dist"":0.55,""max_vel_theta"":1.0,""max_vel_x"":1.2,""min_obstacle_dist"":0.2540677230107735,""weight_obstacle"":50.64973414292159,""weight_optimaltime"":1.0,""weight_viapoint"":1.0}","{""acc_lim_theta"":0.7937921395202325,""acc_lim_x"":0.8,""inflation_dist"":0.55,""max_vel_theta"":1.0,""max_vel_x"":1.2,""min_obstacle_dist"":0.2540677230107735,""weight_obstacle"":50.64973414292159,""weight_optimaltime"":1.0,""weight_viapoint"":1.0}","{""acc_lim_theta"":0.7937921395202325,""acc_lim_x"":0.8,""inflation_dist"":0.55,""max_vel_theta"":1.0,""max_vel_x"":1.2,""min_obstacle_dist"":0.2540677230107735,""weight_obstacle"":50.64973414292159,""weight_optimaltime"":1.0,""weight_viapoint"":1.0}",false,,false,NORMAL,,false,,1.050568985024086,1.2972216641218548,-0.04500000000000029,-0.0,-0.0035524327058392142,-0.1936217237818348,-0.0,-0.004478522610094461,0.0,0.0,0.0,0.0,0.0,0.0,2.518661000067368,27.999999999991587,31.999999999996476,true,
t11_semantic_eta_no_fallback_seed104,t11_semantic_eta_no_fallback_seed104-episode-000019,1,2,65.696,65.076,65.098,65.118,65.194,65.694,0,0.45000000000000284,true,,4.822044545591485,4.519105971335132,0.058885247225856384,0.6040612877812709,0.7620438617613509,1.0,1.0675103761066038,0.7138514798710036,-0.38422309543763783,"[0.03954958915710449,0.008881449699401855,0.14356493949890137,-0.3353939652442932,-0.12032842636108398]","[-0.25409579277038574,0.09575891494750977,0.32582831382751465,-0.10158514976501465,-0.09974431991577148]","[-0.21454620361328125,0.10464036464691162,0.469393253326416,-0.43697911500930786,-0.22007274627685547]","{""acc_lim_theta"":0.7937921395202325,""acc_lim_x"":0.8,""inflation_dist"":0.55,""max_vel_theta"":1.0,""max_vel_x"":1.2,""min_obstacle_dist"":0.2540677230107735,""weight_obstacle"":50.64973414292159,""weight_optimaltime"":1.0,""weight_viapoint"":1.0}","{""acc_lim_theta"":0.8,""acc_lim_x"":0.8,""inflation_dist"":0.55,""max_vel_theta"":1.0,""max_vel_x"":1.2,""min_obstacle_dist"":0.26504567095859616,""weight_obstacle"":51.18832084409971,""weight_optimaltime"":1.0,""weight_viapoint"":1.0}","{""acc_lim_theta"":0.8,""acc_lim_x"":0.8,""inflation_dist"":0.55,""max_vel_theta"":1.0,""max_vel_x"":1.2,""min_obstacle_dist"":0.26504567095859616,""weight_obstacle"":51.18832084409971,""weight_optimaltime"":1.0,""weight_viapoint"":1.0}","{""acc_lim_theta"":0.8,""acc_lim_x"":0.8,""inflation_dist"":0.55,""max_vel_theta"":1.0,""max_vel_x"":1.2,""min_obstacle_dist"":0.26504567095859616,""weight_obstacle"":51.18832084409971,""weight_optimaltime"":1.0,""weight_viapoint"":1.0}","{""acc_lim_theta"":0.8,""acc_lim_x"":0.8,""inflation_dist"":0.55,""max_vel_theta"":1.0,""max_vel_x"":1.2,""min_obstacle_dist"":0.26504567095859616,""weight_obstacle"":51.18832084409971,""weight_optimaltime"":1.0,""weight_viapoint"":1.0}",false,,false,NORMAL,,false,,1.378811201436525,1.5146928712817642,-0.04500000000000029,-0.0,-0.007964574571908358,-0.0758967775719033,-0.0,-0.007020317701427173,0.0,0.0,0.0,0.0,0.0,0.0,4.183803997875657,19.99999999999602,96.00000000000364,true,
t11_semantic_eta_no_fallback_seed104,t11_semantic_eta_no_fallback_seed104-episode-000019,2,3,65.696,65.696,,,,65.696,0,0.0,true,,4.488036738937418,4.488036738937418,0.058885247225856384,0.6040612877812709,0.7620438617613509,1.0,1.0675103761066038,0.7138514798710036,-0.38422309543763783,"[-0.21454620361328125,0.10464036464691162,0.469393253326416,-0.43697911500930786,-0.22007274627685547]","[-0.25943124294281006,0.16838312149047852,0.1489269733428955,-0.17504113912582397,-0.29380106925964355]","[-0.4739774465560913,0.27302348613739014,0.6183202266693115,-0.6120202541351318,-0.513873815536499]","{""acc_lim_theta"":0.8,""acc_lim_x"":0.8,""inflation_dist"":0.55,""max_vel_theta"":1.0,""max_vel_x"":1.2,""min_obstacle_dist"":0.26504567095859616,""weight_obstacle"":51.18832084409971,""weight_optimaltime"":1.0,""weight_viapoint"":1.0}","{""acc_lim_theta"":0.8,""acc_lim_x"":0.8,""inflation_dist"":0.55,""max_vel_theta"":1.0,""max_vel_x"":1.2,""min_obstacle_dist"":0.2729413606337117,""weight_obstacle"":52.77475051577203,""weight_optimaltime"":1.0,""weight_viapoint"":1.0}","{""acc_lim_theta"":0.8,""acc_lim_x"":0.8,""inflation_dist"":0.55,""max_vel_theta"":1.0,""max_vel_x"":1.2,""min_obstacle_dist"":0.2729413606337117,""weight_obstacle"":52.77475051577203,""weight_optimaltime"":1.0,""weight_viapoint"":1.0}","{""acc_lim_theta"":0.8,""acc_lim_x"":0.8,""inflation_dist"":0.55,""max_vel_theta"":1.0,""max_vel_x"":1.2,""min_obstacle_dist"":0.2729413606337117,""weight_obstacle"":52.77475051577203,""weight_optimaltime"":1.0,""weight_viapoint"":1.0}","{""acc_lim_theta"":0.8,""acc_lim_x"":0.8,""inflation_dist"":0.55,""max_vel_theta"":1.0,""max_vel_x"":1.2,""min_obstacle_dist"":0.26504567095859616,""weight_obstacle"":51.18832084409971,""weight_optimaltime"":1.0,""weight_viapoint"":1.0}",false,,false,NORMAL,margin:emergency|ablation:no_conservative_parameter_fallback,false,,0.0,0.0,0.0,0.0,0.0,0.0,0.0,0.0,0.0,0.0,0.0,0.0,0.0,0.0,1.1918780000996776,0.0,0.0,false,safety_emergency_stop
t11_semantic_eta_no_fallback_seed104,t11_semantic_eta_no_fallback_seed104-episode-000020,0,1,67.358,66.796,66.802,66.834,66.856,67.356,0,0.45000000000000284,true,,5.061705457820383,4.774406585732075,0.09193792719623373,0.17512642780345952,0.4893730946976986,0.8522954091816367,0.5625071882902085,0.8699854950924135,0.17664135442811496,"[0.0,0.0,0.0,0.0,0.0]","[-0.9572744369506836,-0.6224196553230286,0.6341245174407959,-0.24403142929077148,-0.2863427996635437]","[-0.9572744369506836,-0.6224196553230286,0.6341245174407959,-0.24403142929077148,-0.2863427996635437]","{""acc_lim_theta"":0.8,""acc_lim_x"":0.8,""inflation_dist"":0.55,""max_vel_theta"":1.0,""max_vel_x"":1.2,""min_obstacle_dist"":0.25,""weight_obstacle"":50.0,""weight_optimaltime"":1.0,""weight_viapoint"":1.0}","{""acc_lim_theta"":0.8,""acc_lim_x"":0.7816236464443914,""inflation_dist"":0.55,""max_vel_theta"":1.0,""max_vel_x"":1.2,""min_obstacle_dist"":0.252686256407033,""weight_obstacle"":51.54615745545337,""weight_optimaltime"":0.9377580344676971,""weight_viapoint"":1.0}","{""acc_lim_theta"":0.8,""acc_lim_x"":0.7816236464443914,""inflation_dist"":0.55,""max_vel_theta"":1.0,""max_vel_x"":1.2,""min_obstacle_dist"":0.252686256407033,""weight_obstacle"":51.54615745545337,""weight_optimaltime"":0.9377580344676971,""weight_viapoint"":1.0}","{""acc_lim_theta"":0.8,""acc_lim_x"":0.7816236464443914,""inflation_dist"":0.55,""max_vel_theta"":1.0,""max_vel_x"":1.2,""min_obstacle_dist"":0.252686256407033,""weight_obstacle"":51.54615745545337,""weight_optimaltime"":0.9377580344676971,""weight_viapoint"":1.0}","{""acc_lim_theta"":0.8,""acc_lim_x"":0.7816236464443914,""inflation_dist"":0.55,""max_vel_theta"":1.0,""max_vel_x"":1.2,""min_obstacle_dist"":0.252686256407033,""weight_obstacle"":51.54615745545337,""weight_optimaltime"":0.9377580344676971,""weight_viapoint"":1.0}",false,,false,NORMAL,margin:warning|safety_mode:WARNING:conservative_filter,false,,1.2218541025112912,1.4364943604415403,-0.04500000000000029,-0.013630907936328693,-0.001712672088892041,-0.13308737893594547,-0.0,-0.021209298969082677,0.0,0.0,0.0,0.0,0.0,0.0,2.8809190043830313,31.999999999996476,53.999999999987836,true,
t11_semantic_eta_no_fallback_seed104,t11_semantic_eta_no_fallback_seed104-episode-000020,1,2,67.358,67.358,,,,67.358,0,0.0,true,,4.721775294957068,4.721775294957068,0.09193792719623373,0.17512642780345952,0.4893730946976986,0.8522954091816367,0.5625071882902085,0.8699854950924135,0.17664135442811496,"[-0.9572744369506836,-0.6224196553230286,0.6341245174407959,-0.24403142929077148,-0.2863427996635437]","[-0.9773786664009094,-0.6109159588813782,0.6589642763137817,-0.2661699056625366,-0.17602765560150146]","[-1.0,-1.0,1.0,-0.5102013349533081,-0.46237045526504517]","{""acc_lim_theta"":0.8,""acc_lim_x"":0.7816236464443914,""inflation_dist"":0.55,""max_vel_theta"":1.0,""max_vel_x"":1.2,""min_obstacle_dist"":0.252686256407033,""weight_obstacle"":51.54615745545337,""weight_optimaltime"":0.9377580344676971,""weight_viapoint"":1.0}","{""acc_lim_theta"":0.8,""acc_lim_x"":0.7644413620073018,""inflation_dist"":0.55,""max_vel_theta"":1.0,""max_vel_x"":1.198142967420889,""min_obstacle_dist"":0.25630650352774964,""weight_obstacle"":52.49664921705533,""weight_optimaltime"":0.8766664385795593,""weight_viapoint"":1.0}","{""acc_lim_theta"":0.8,""acc_lim_x"":0.7644413620073018,""inflation_dist"":0.55,""max_vel_theta"":0.9984524728507409,""max_vel_x"":1.198142967420889,""min_obstacle_dist"":0.25630650352774964,""weight_obstacle"":52.49664921705533,""weight_optimaltime"":0.8766664385795593,""weight_viapoint"":1.0}","{""acc_lim_theta"":0.8,""acc_lim_x"":0.7644413620073018,""inflation_dist"":0.55,""max_vel_theta"":0.9984524728507409,""max_vel_x"":1.198142967420889,""min_obstacle_dist"":0.25630650352774964,""weight_obstacle"":52.49664921705533,""weight_optimaltime"":0.8766664385795593,""weight_viapoint"":1.0}","{""acc_lim_theta"":0.8,""acc_lim_x"":0.7816236464443914,""inflation_dist"":0.55,""max_vel_theta"":1.0,""max_vel_x"":1.2,""min_obstacle_dist"":0.252686256407033,""weight_obstacle"":51.54615745545337,""weight_optimaltime"":0.9377580344676971,""weight_viapoint"":1.0}",true,max_vel_theta:ackermann_turning_radius,false,NORMAL,margin:emergency|ablation:no_conservative_parameter_fallback,false,,0.0,0.0,0.0,0.0,0.0,0.0,0.0,0.0,0.0,0.0,0.0,0.0,0.0,0.0,0.8240710012614727,0.0,0.0,false,safety_emergency_stop
t11_semantic_eta_no_fallback_seed104,t11_semantic_eta_no_fallback_seed104-episode-000021,0,1,69.01,68.416,68.42,68.448,68.46,68.96,0,0.5,true,,3.0196463136719296,2.5070371150313973,0.04181551184062291,0.012579547772648964,30.0,0.0,25.740657111561674,1.1654714124032677,0.01019965398372761,"[0.0,0.0,0.0,0.0,0.0]","[0.09985828399658203,0.09484577178955078,-0.12538421154022217,-0.08227509260177612,-0.04589498043060303]","[0.09985828399658203,0.09484577178955078,-0.12538421154022217,-0.08227509260177612,-0.04589498043060303]","{""acc_lim_theta"":0.8,""acc_lim_x"":0.8,""inflation_dist"":0.55,""max_vel_theta"":1.0,""max_vel_x"":1.2,""min_obstacle_dist"":0.25,""weight_obstacle"":50.0,""weight_optimaltime"":1.0,""weight_viapoint"":1.0}","{""acc_lim_theta"":0.7953523430181549,""acc_lim_x"":0.8,""inflation_dist"":0.5511608386899528,""max_vel_theta"":1.0,""max_vel_x"":1.2,""min_obstacle_dist"":0.25,""weight_obstacle"":50.24781788207716,""weight_optimaltime"":1.0,""weight_viapoint"":1.0}","{""acc_lim_theta"":0.7953523430181549,""acc_lim_x"":0.8,""inflation_dist"":0.5511608386899528,""max_vel_theta"":1.0,""max_vel_x"":1.2,""min_obstacle_dist"":0.25,""weight_obstacle"":50.24781788207716,""weight_optimaltime"":1.0,""weight_viapoint"":1.0}","{""acc_lim_theta"":0.7953523430181549,""acc_lim_x"":0.8,""inflation_dist"":0.5511608386899528,""max_vel_theta"":1.0,""max_vel_x"":1.2,""min_obstacle_dist"":0.25,""weight_obstacle"":50.24781788207716,""weight_optimaltime"":1.0,""weight_viapoint"":1.0}","{""acc_lim_theta"":0.7953523430181549,""acc_lim_x"":0.8,""inflation_dist"":0.5511608386899528,""max_vel_theta"":1.0,""max_vel_x"":1.2,""min_obstacle_dist"":0.25,""weight_obstacle"":50.24781788207716,""weight_optimaltime"":1.0,""weight_viapoint"":1.0}",false,,false,NORMAL,,false,,2.3183336620287402,2.5630459932026617,-0.05,-0.0,-0.0011247964664334782,-0.19159831650074274,-0.0,-0.0019892182067449515,0.0,0.0,0.0,0.0,0.0,0.0,2.077965997159481,27.999999999991587,39.99999999999204,true,
t11_semantic_eta_no_fallback_seed104,t11_semantic_eta_no_fallback_seed104-episode-000021,1,2,69.564,68.996,69.014,69.04,69.06,69.56,0,0.45000000000000284,true,,2.39049060254349,1.8768867689714823,0.03274535789212604,0.017613263874252702,30.0,0.0,25.712820137647135,1.1667331642115693,-0.013458138239959292,"[0.09985828399658203,0.09484577178955078,-0.12538421154022217,-0.08227509260177612,-0.04589498043060303]","[0.10522830486297607,0.10468387603759766,-0.0921977162361145,-0.04545515775680542,-0.0051596760749816895]","[0.2050865888595581,0.19952964782714844,-0.21758192777633667,-0.12773025035858154,-0.05105465650558472]","{""acc_lim_theta"":0.7953523430181549,""acc_lim_x"":0.8,""inflation_dist"":0.5511608386899528,""max_vel_theta"":1.0,""max_vel_x"":1.2,""min_obstacle_dist"":0.25,""weight_obstacle"":50.24781788207716,""weight_optimaltime"":1.0,""weight_viapoint"":1.0}","{""acc_lim_theta"":0.7900677692799764,""acc_lim_x"":0.8,""inflation_dist"":0.55201442842679,""max_vel_theta"":1.0,""max_vel_x"":1.2,""min_obstacle_dist"":0.25,""weight_obstacle"":50.27567844515202,""weight_optimaltime"":1.0,""weight_viapoint"":1.0}","{""acc_lim_theta"":0.7900677692799764,""acc_lim_x"":0.8,""inflation_dist"":0.55201442842679,""max_vel_theta"":1.0,""max_vel_x"":1.2,""min_obstacle_dist"":0.25,""weight_obstacle"":50.27567844515202,""weight_optimaltime"":1.0,""weight_viapoint"":1.0}","{""acc_lim_theta"":0.7900677692799764,""acc_lim_x"":0.8,""inflation_dist"":0.55201442842679,""max_vel_theta"":1.0,""max_vel_x"":1.2,""min_obstacle_dist"":0.25,""weight_obstacle"":50.27567844515202,""weight_optimaltime"":1.0,""weight_viapoint"":1.0}","{""acc_lim_theta"":0.7900677692799764,""acc_lim_x"":0.8,""inflation_dist"":0.55201442842679,""max_vel_theta"":1.0,""max_vel_x"":1.2,""min_obstacle_dist"":0.25,""weight_obstacle"":50.27567844515202,""weight_optimaltime"":1.0,""weight_viapoint"":1.0}",false,,false,NORMAL,,false,,2.520709795018296,2.5680191678600384,-0.04500000000000029,-0.0,-0.000665015525829092,-2.360997326476833e-05,-0.0,-0.0016207473426478663,0.0,0.0,0.0,0.0,0.0,0.0,1.696211998932995,26.00000000001046,46.00000000000648,true,
t11_semantic_eta_no_fallback_seed104,t11_semantic_eta_no_fallback_seed104-episode-000021,2,3,70.21,69.56,69.57,69.596,69.66,70.16,0,0.5,true,,1.6903205860642723,1.1073783205214136,0.019718473694070763,0.017305474401248317,30.0,0.0,25.734221484170625,1.16576287409562,0.0036046429894229268,"[0.2050865888595581,0.19952964782714844,-0.21758192777633667,-0.12773025035858154,-0.05105465650558472]","[0.09621679782867432,0.07671165466308594,-0.03239703178405762,-0.026108622550964355,-0.00027000904083251953]","[0.3013033866882324,0.2762413024902344,-0.2499789595603943,-0.1538388729095459,-0.051324665546417236]","{""acc_lim_theta"":0.7900677692799764,""acc_lim_x"":0.8,""inflation_dist"":0.55201442842679,""max_vel_theta"":1.0,""max_vel_x"":1.2,""min_obstacle_dist"":0.25,""weight_obstacle"":50.27567844515202,""weight_optimaltime"":1.0,""weight_viapoint"":1.0}","{""acc_lim_theta"":0.7854842910546922,""acc_lim_x"":0.8,""inflation_dist"":0.5523143683272974,""max_vel_theta"":1.0,""max_vel_x"":1.2,""min_obstacle_dist"":0.25090002062674843,""weight_obstacle"":50.277136405652556,""weight_optimaltime"":1.0,""weight_viapoint"":1.0}","{""acc_lim_theta"":0.7854842910546922,""acc_lim_x"":0.8,""inflation_dist"":0.5523143683272974,""max_vel_theta"":1.0,""max_vel_x"":1.2,""min_obstacle_dist"":0.25090002062674843,""weight_obstacle"":50.277136405652556,""weight_optimaltime"":1.0,""weight_viapoint"":1.0}","{""acc_lim_theta"":0.7854842910546922,""acc_lim_x"":0.8,""inflation_dist"":0.5523143683272974,""max_vel_theta"":1.0,""max_vel_x"":1.2,""min_obstacle_dist"":0.25090002062674843,""weight_obstacle"":50.277136405652556,""weight_optimaltime"":1.0,""weight_viapoint"":1.0}","{""acc_lim_theta"":0.7854842910546922,""acc_lim_x"":0.8,""inflation_dist"":0.5523143683272974,""max_vel_theta"":1.0,""max_vel_x"":1.2,""min_obstacle_dist"":0.25090002062674843,""weight_obstacle"":50.277136405652556,""weight_optimaltime"":1.0,""weight_viapoint"":1.0}",false,,false,NORMAL,,false,,2.8627544117957293,2.9147113277142935,-0.05,-0.0,-0.0003583426491088793,-4.0824270031442335e-06,-0.0,-0.0015944908424521623,0.0,0.0,0.0,0.0,0.0,0.0,6.321151005977299,26.00000000001046,90.00000000000341,true,
t11_semantic_eta_no_fallback_seed104,t11_semantic_eta_no_fallback_seed104-episode-000021,3,4,72.06,70.196,70.212,70.24,70.258,70.758,0,0.44999999999998863,true,,0.9908021582354178,0.5458408717849095,0.0013982919958539812,0.0004084515070145954,30.0,0.0,600.0,0.0,0.0,"[0.3013033866882324,0.2762413024902344,-0.2499789595603943,-0.1538388729095459,-0.051324665546417236]","[0.04357576370239258,0.06173062324523926,-0.05570781230926514,-0.011289060115814209,-0.017701029777526855]","[0.344879150390625,0.33797192573547363,-0.3056867718696594,-0.1651279330253601,-0.06902569532394409]","{""acc_lim_theta"":0.7854842910546922,""acc_lim_x"":0.8,""inflation_dist"":0.5523143683272974,""max_vel_theta"":1.0,""max_vel_x"":1.2,""min_obstacle_dist"":0.25090002062674843,""weight_obstacle"":50.277136405652556,""weight_optimaltime"":1.0,""weight_viapoint"":1.0}","{""acc_lim_theta"":0.7840114986886386,""acc_lim_x"":0.8,""inflation_dist"":0.5528301253198792,""max_vel_theta"":1.0,""max_vel_x"":1.2,""min_obstacle_dist"":0.25082687832509787,""weight_obstacle"":50.37271617644436,""weight_optimaltime"":1.0,""weight_viapoint"":1.0}","{""acc_lim_theta"":0.7840114986886386,""acc_lim_x"":0.8,""inflation_dist"":0.5528301253198792,""max_vel_theta"":1.0,""max_vel_x"":1.2,""min_obstacle_dist"":0.25082687832509787,""weight_obstacle"":50.37271617644436,""weight_optimaltime"":1.0,""weight_viapoint"":1.0}","{""acc_lim_theta"":0.7840114986886386,""acc_lim_x"":0.8,""inflation_dist"":0.5528301253198792,""max_vel_theta"":1.0,""max_vel_x"":1.2,""min_obstacle_dist"":0.25082687832509787,""weight_obstacle"":50.37271617644436,""weight_optimaltime"":1.0,""weight_viapoint"":1.0}","{""acc_lim_theta"":0.7840114986886386,""acc_lim_x"":0.8,""inflation_dist"":0.5528301253198792,""max_vel_theta"":1.0,""max_vel_x"":1.2,""min_obstacle_dist"":0.25082687832509787,""weight_obstacle"":50.37271617644436,""weight_optimaltime"":1.0,""weight_viapoint"":1.0}",false,,false,NORMAL,,false,,12.159014686146719,2.224806432252542,-0.04499999999999887,-0.0,-0.0001255626544722487,-0.019930209756856224,-0.0,-0.000735973694494871,10.0,0.0,0.0,0.0,0.0,0.0,1.6494929950567894,27.999999999991587,45.99999999999227,true,
t11_semantic_eta_no_fallback_seed104,t11_semantic_eta_no_fallback_seed104-episode-000022,0,1,73.624,73.056,73.062,73.09,73.1,73.6,0,0.4719999999999942,true,,3.89017722883071,3.5354826669040267,0.23330130309884314,0.3893717934614563,30.0,0.0,25.7120426288136,1.1667684451635594,0.6775227720685877,"[0.0,0.0,0.0,0.0,0.0]","[-0.030428826808929443,0.16563212871551514,-0.09882426261901855,-0.27818769216537476,0.005483508110046387]","[-0.030428826808929443,0.16563212871551514,-0.09882426261901855,-0.27818769216537476,0.005483508110046387]","{""acc_lim_theta"":0.8,""acc_lim_x"":0.8,""inflation_dist"":0.55,""max_vel_theta"":1.0,""max_vel_x"":1.2,""min_obstacle_dist"":0.25,""weight_obstacle"":50.0,""weight_optimaltime"":1.0,""weight_viapoint"":1.0}","{""acc_lim_theta"":0.7938983201462058,""acc_lim_x"":0.8,""inflation_dist"":0.5509149399764532,""max_vel_theta"":1.0,""max_vel_x"":1.2,""min_obstacle_dist"":0.25116642444176857,""weight_obstacle"":50.0,""weight_optimaltime"":1.0,""weight_viapoint"":1.0}","{""acc_lim_theta"":0.7938983201462058,""acc_lim_x"":0.8,""inflation_dist"":0.5509149399764532,""max_vel_theta"":1.0,""max_vel_x"":1.2,""min_obstacle_dist"":0.25116642444176857,""weight_obstacle"":50.0,""weight_optimaltime"":1.0,""weight_viapoint"":1.0}","{""acc_lim_theta"":0.7938983201462058,""acc_lim_x"":0.8,""inflation_dist"":0.5509149399764532,""max_vel_theta"":1.0,""max_vel_x"":1.2,""min_obstacle_dist"":0.25116642444176857,""weight_obstacle"":50.0,""weight_optimaltime"":1.0,""weight_viapoint"":1.0}","{""acc_lim_theta"":0.7938983201462058,""acc_lim_x"":0.8,""inflation_dist"":0.5509149399764532,""max_vel_theta"":1.0,""max_vel_x"":1.2,""min_obstacle_dist"":0.25116642444176857,""weight_obstacle"":50.0,""weight_optimaltime"":1.0,""weight_viapoint"":1.0}",false,,false,NORMAL,,false,,1.5624225731755073,1.7734728096334162,-0.04719999999999942,-0.0,-0.005807746505858082,-0.1557890887900518,-0.0,-0.0022534011619997686,0.0,0.0,0.0,0.0,0.0,0.0,3.882832003000658,28.000000000005798,37.9999999999967,true,
t11_semantic_eta_no_fallback_seed104,t11_semantic_eta_no_fallback_seed104-episode-000022,1,2,74.204,73.616,73.626,73.65,73.702,74.202,0,0.45000000000000284,true,,3.3858048728982633,2.892539340972072,0.07429904449185525,0.686775811691484,30.0,0.0,25.77060971798557,1.164116810905824,0.36427249519175425,"[-0.030428826808929443,0.16563212871551514,-0.09882426261901855,-0.27818769216537476,0.005483508110046387]","[-0.09535902738571167,0.1817796230316162,-0.06438428163528442,-0.21066057682037354,0.07752847671508789]","[-0.1257878541946411,0.34741175174713135,-0.16320854425430298,-0.4888482689857483,0.08301198482513428]","{""acc_lim_theta"":0.7938983201462058,""acc_lim_x"":0.8,""inflation_dist"":0.5509149399764532,""max_vel_theta"":1.0,""max_vel_x"":1.2,""min_obstacle_dist"":0.25116642444176857,""weight_obstacle"":50.0,""weight_optimaltime"":1.0,""weight_viapoint"":1.0}","{""acc_lim_theta"":0.7897649744843463,""acc_lim_x"":0.8,""inflation_dist"":0.5515110259128638,""max_vel_theta"":1.0,""max_vel_x"":1.1986007100908802,""min_obstacle_dist"":0.2536323817623813,""weight_obstacle"":50.0,""weight_optimaltime"":1.0,""weight_viapoint"":1.0}","{""acc_lim_theta"":0.7897649744843463,""acc_lim_x"":0.8,""inflation_dist"":0.5515110259128638,""max_vel_theta"":0.9988339250757335,""max_vel_x"":1.1986007100908802,""min_obstacle_dist"":0.2536323817623813,""weight_obstacle"":50.0,""weight_optimaltime"":1.0,""weight_viapoint"":1.0}","{""acc_lim_theta"":0.7897649744843463,""acc_lim_x"":0.8,""inflation_dist"":0.5515110259128638,""max_vel_theta"":0.9988339250757335,""max_vel_x"":1.1986007100908802,""min_obstacle_dist"":0.2536323817623813,""weight_obstacle"":50.0,""weight_optimaltime"":1.0,""weight_viapoint"":1.0}","{""acc_lim_theta"":0.7897649744843463,""acc_lim_x"":0.8,""inflation_dist"":0.5515110259128638,""max_vel_theta"":0.9988339250757335,""max_vel_x"":1.1986007100908802,""min_obstacle_dist"":0.2536323817623813,""weight_obstacle"":50.0,""weight_optimaltime"":1.0,""weight_viapoint"":1.0}",true,max_vel_theta:ackermann_turning_radius,false,NORMAL,,false,,2.3928186217157097,2.466327659630956,-0.04500000000000029,-0.0,-0.025844204532011802,-8.373802270985782e-06,-0.0,-0.002656459580962406,0.0,0.0,0.0,1.0,0.0,0.0,1.1632639943854883,24.00000000000091,75.9999999999934,true,
t11_semantic_eta_no_fallback_seed104,t11_semantic_eta_no_fallback_seed104-episode-000022,2,3,74.802,74.202,74.208,74.234,74.3,74.8,0,0.44999999999998863,true,,2.7089582890781565,2.200540740489308,0.12896789146363466,0.783383440697923,30.0,0.0,25.640471246584013,1.1700252975653398,0.05027158874370416,"[-0.1257878541946411,0.34741175174713135,-0.16320854425430298,-0.4888482689857483,0.08301198482513428]","[-0.10411906242370605,0.15123581886291504,-0.07172787189483643,-0.16055268049240112,0.07985401153564453]","[-0.22990691661834717,0.4986475706100464,-0.2349364161491394,-0.6494009494781494,0.1628659963607788]","{""acc_lim_theta"":0.7897649744843463,""acc_lim_x"":0.8,""inflation_dist"":0.5515110259128638,""max_vel_theta"":0.9988339250757335,""max_vel_x"":1.1986007100908802,""min_obstacle_dist"":0.2536323817623813,""weight_obstacle"":50.0,""weight_optimaltime"":1.0,""weight_viapoint"":1.0}","{""acc_lim_theta"":0.7871999236635343,""acc_lim_x"":0.8,""inflation_dist"":0.5521751006621539,""max_vel_theta"":0.9988339250757335,""max_vel_x"":1.195739965880961,""min_obstacle_dist"":0.25519534911956143,""weight_obstacle"":50.0,""weight_optimaltime"":1.0,""weight_viapoint"":1.0}","{""acc_lim_theta"":0.7871999236635343,""acc_lim_x"":0.8,""inflation_dist"":0.5521751006621539,""max_vel_theta"":0.9964499715674676,""max_vel_x"":1.195739965880961,""min_obstacle_dist"":0.25519534911956143,""weight_obstacle"":50.0,""weight_optimaltime"":1.0,""weight_viapoint"":1.0}","{""acc_lim_theta"":0.7871999236635343,""acc_lim_x"":0.8,""inflation_dist"":0.5521751006621539,""max_vel_theta"":0.9964499715674676,""max_vel_x"":1.195739965880961,""min_obstacle_dist"":0.25519534911956143,""weight_obstacle"":50.0,""weight_optimaltime"":1.0,""weight_viapoint"":1.0}","{""acc_lim_theta"":0.7871999236635343,""acc_lim_x"":0.8,""inflation_dist"":0.5521751006621539,""max_vel_theta"":0.9964499715674676,""max_vel_x"":1.195739965880961,""min_obstacle_dist"":0.25519534911956143,""weight_obstacle"":50.0,""weight_optimaltime"":1.0,""weight_viapoint"":1.0}",true,max_vel_theta:ackermann_turning_radius,false,NORMAL,,false,,2.489141925086587,2.5420877429442434,-0.04499999999999887,-0.0,-0.005509282010960384,-2.676915266123331e-05,-0.0,-0.0024097666940357497,0.0,0.0,0.0,1.0,0.0,0.0,1.2941739987581968,25.99999999999625,91.99999999999875,true,
t11_semantic_eta_no_fallback_seed104,t11_semantic_eta_no_fallback_seed104-episode-000022,3,4,75.45,74.8,74.806,74.836,74.9,75.4,0,0.5,true,,2.0150746179705328,1.443225036331173,0.10870603482967431,0.7553284797611932,30.0,0.0,25.97197072665254,1.1550913989447047,0.06927367104329979,"[-0.22990691661834717,0.4986475706100464,-0.2349364161491394,-0.6494009494781494,0.1628659963607788]","[-0.14320576190948486,0.10505664348602295,0.05681467056274414,-0.06901317834854126,0.16260099411010742]","[-0.37311267852783203,0.6037042140960693,-0.17812174558639526,-0.7184141278266907,0.32546699047088623]","{""acc_lim_theta"":0.7871999236635343,""acc_lim_x"":0.8,""inflation_dist"":0.5521751006621539,""max_vel_theta"":0.9964499715674676,""max_vel_x"":1.195739965880961,""min_obstacle_dist"":0.25519534911956143,""weight_obstacle"":50.0,""weight_optimaltime"":1.0,""weight_viapoint"":1.0}","{""acc_lim_theta"":0.7858092108070356,""acc_lim_x"":0.8,""inflation_dist"":0.5516490960963797,""max_vel_theta"":0.9964499715674676,""max_vel_x"":1.185216304326477,""min_obstacle_dist"":0.2591502341526839,""weight_obstacle"":50.0,""weight_optimaltime"":1.0,""weight_viapoint"":1.0}","{""acc_lim_theta"":0.7858092108070356,""acc_lim_x"":0.8,""inflation_dist"":0.5516490960963797,""max_vel_theta"":0.9876802536053975,""max_vel_x"":1.185216304326477,""min_obstacle_dist"":0.2591502341526839,""weight_obstacle"":50.0,""weight_optimaltime"":1.0,""weight_viapoint"":1.0}","{""acc_lim_theta"":0.7858092108070356,""acc_lim_x"":0.8,""inflation_dist"":0.5516490960963797,""max_vel_theta"":0.9876802536053975,""max_vel_x"":1.185216304326477,""min_obstacle_dist"":0.2591502341526839,""weight_obstacle"":50.0,""weight_optimaltime"":1.0,""weight_viapoint"":1.0}","{""acc_lim_theta"":0.7858092108070356,""acc_lim_x"":0.8,""inflation_dist"":0.5516490960963797,""max_vel_theta"":0.9876802536053975,""max_vel_x"":1.185216304326477,""min_obstacle_dist"":0.2591502341526839,""weight_obstacle"":50.0,""weight_optimaltime"":1.0,""weight_viapoint"":1.0}",true,max_vel_theta:ackermann_turning_radius,false,NORMAL,,false,,2.7989615192744597,2.8592479081967994,-0.05,-0.0,-0.004491111856074684,-0.00020747063527104187,-0.0,-0.005587806430994361,0.0,0.0,0.0,1.0,0.0,0.0,1.9565919938031584,30.000000000001137,94.0000000000083,true,
t11_semantic_eta_no_fallback_seed104,t11_semantic_eta_no_fallback_seed104-episode-000022,4,5,76.05,75.448,75.454,75.484,75.5,76.0,0,0.5,true,,1.3301510992300791,0.7813647818020337,0.06225780467643137,0.8905214109479394,30.0,0.0,30.55610926211242,0.9818003903133714,0.37353253730509867,"[-0.37311267852783203,0.6037042140960693,-0.17812174558639526,-0.7184141278266907,0.32546699047088623]","[-0.2089107632637024,0.12288439273834229,0.037801146507263184,-0.03225678205490112,0.05732262134552002]","[-0.5820234417915344,0.7265886068344116,-0.14032059907913208,-0.7506709098815918,0.38278961181640625]","{""acc_lim_theta"":0.7858092108070356,""acc_lim_x"":0.8,""inflation_dist"":0.5516490960963797,""max_vel_theta"":0.9876802536053975,""max_vel_x"":1.185216304326477,""min_obstacle_dist"":0.2591502341526839,""weight_obstacle"":50.0,""weight_optimaltime"":1.0,""weight_viapoint"":1.0}","{""acc_lim_theta"":0.7915706730569223,""acc_lim_x"":0.8,""inflation_dist"":0.551299123537226,""max_vel_theta"":0.9876802536053975,""max_vel_x"":1.1787300972997439,""min_obstacle_dist"":0.26300529458826694,""weight_obstacle"":50.0,""weight_optimaltime"":1.0,""weight_viapoint"":1.0}","{""acc_lim_theta"":0.7915706730569223,""acc_lim_x"":0.8,""inflation_dist"":0.551299123537226,""max_vel_theta"":0.9822750810831199,""max_vel_x"":1.1787300972997439,""min_obstacle_dist"":0.26300529458826694,""weight_obstacle"":50.0,""weight_optimaltime"":1.0,""weight_viapoint"":1.0}","{""acc_lim_theta"":0.7915706730569223,""acc_lim_x"":0.8,""inflation_dist"":0.551299123537226,""max_vel_theta"":0.9822750810831199,""max_vel_x"":1.1787300972997439,""min_obstacle_dist"":0.26300529458826694,""weight_obstacle"":50.0,""weight_optimaltime"":1.0,""weight_viapoint"":1.0}","{""acc_lim_theta"":0.7915706730569223,""acc_lim_x"":0.8,""inflation_dist"":0.551299123537226,""max_vel_theta"":0.9822750810831199,""max_vel_x"":1.1787300972997439,""min_obstacle_dist"":0.26300529458826694,""weight_obstacle"":50.0,""weight_optimaltime"":1.0,""weight_viapoint"":1.0}",true,max_vel_theta:ackermann_turning_radius,false,NORMAL,,false,,2.666384099403334,2.743931587140227,-0.05,-0.0,-0.010838531763558264,-0.01146450506796106,-0.0,-0.005244450905374121,0.0,0.0,0.0,1.0,0.0,0.0,2.18254799983697,30.000000000001137,46.00000000000648,true,
t11_semantic_eta_no_fallback_seed104,t11_semantic_eta_no_fallback_seed104-episode-000022,5,6,77.6,76.036,76.054,76.078,76.098,76.598,0,0.45000000000000284,true,,0.6853986569755149,0.32546625743032026,0.006473028903215999,0.0033233576115532233,30.0,0.0,600.0,0.0,0.0,"[-0.5820234417915344,0.7265886068344116,-0.14032059907913208,-0.7506709098815918,0.38278961181640625]","[-0.1542324423789978,0.058797478675842285,0.09175348281860352,0.007116556167602539,0.06286537647247314]","[-0.7362558841705322,0.7853860855102539,-0.048567116260528564,-0.7435543537139893,0.4456549882888794]","{""acc_lim_theta"":0.7915706730569223,""acc_lim_x"":0.8,""inflation_dist"":0.551299123537226,""max_vel_theta"":0.9822750810831199,""max_vel_x"":1.1787300972997439,""min_obstacle_dist"":0.26300529458826694,""weight_obstacle"":50.0,""weight_optimaltime"":1.0,""weight_viapoint"":1.0}","{""acc_lim_theta"":0.7959313274688822,""acc_lim_x"":0.8,""inflation_dist"":0.550449646625537,""max_vel_theta"":0.9822750810831199,""max_vel_x"":1.1720298862105998,""min_obstacle_dist"":0.26683184766824153,""weight_obstacle"":50.0,""weight_optimaltime"":1.0,""weight_viapoint"":1.0}","{""acc_lim_theta"":0.7959313274688822,""acc_lim_x"":0.8,""inflation_dist"":0.550449646625537,""max_vel_theta"":0.9766915718421665,""max_vel_x"":1.1720298862105998,""min_obstacle_dist"":0.26683184766824153,""weight_obstacle"":50.0,""weight_optimaltime"":1.0,""weight_viapoint"":1.0}","{""acc_lim_theta"":0.7959313274688822,""acc_lim_x"":0.8,""inflation_dist"":0.550449646625537,""max_vel_theta"":0.9766915718421665,""max_vel_x"":1.1720298862105998,""min_obstacle_dist"":0.26683184766824153,""weight_obstacle"":50.0,""weight_optimaltime"":1.0,""weight_viapoint"":1.0}","{""acc_lim_theta"":0.7959313274688822,""acc_lim_x"":0.8,""inflation_dist"":0.550449646625537,""max_vel_theta"":0.9766915718421665,""max_vel_x"":1.1720298862105998,""min_obstacle_dist"":0.26683184766824153,""weight_obstacle"":50.0,""weight_optimaltime"":1.0,""weight_viapoint"":1.0}",true,max_vel_theta:ackermann_turning_radius,false,NORMAL,,false,,11.722275021867649,1.7996619977259734,-0.04500000000000029,-0.0,-0.003247653059679416,-0.02404242657822932,-0.0,-0.005096896220415176,10.0,0.0,0.0,1.0,0.0,0.0,2.327444002730772,24.00000000000091,43.99999999999693,true,
t11_semantic_eta_no_fallback_seed104,t11_semantic_eta_no_fallback_seed104-episode-000023,0,1,79.188,78.596,78.6,78.628,78.638,79.138,0,0.5,true,,5.110647085618477,4.7436157368761815,0.06558975366065946,0.3327978867449369,1.1395722224551839,1.0,1.336536319710129,0.8526309428705513,0.7104871825914297,"[0.0,0.0,0.0,0.0,0.0]","[-0.04440385103225708,-0.19386982917785645,0.23472797870635986,-0.37543559074401855,-0.14023131132125854]","[-0.04440385103225708,-0.19386982917785645,0.23472797870635986,-0.37543559074401855,-0.14023131132125854]","{""acc_lim_theta"":0.8,""acc_lim_x"":0.8,""inflation_dist"":0.55,""max_vel_theta"":1.0,""max_vel_x"":1.2,""min_obstacle_dist"":0.25,""weight_obstacle"":50.0,""weight_optimaltime"":1.0,""weight_viapoint"":1.0}","{""acc_lim_theta"":0.7968500493030194,""acc_lim_x"":0.8,""inflation_dist"":0.55,""max_vel_theta"":1.0,""max_vel_x"":1.2,""min_obstacle_dist"":0.25183790466256106,""weight_obstacle"":50.75720321147286,""weight_optimaltime"":0.9806130170822144,""weight_viapoint"":1.0}","{""acc_lim_theta"":0.7968500493030194,""acc_lim_x"":0.8,""inflation_dist"":0.55,""max_vel_theta"":1.0,""max_vel_x"":1.2,""min_obstacle_dist"":0.25183790466256106,""weight_obstacle"":50.75720321147286,""weight_optimaltime"":0.9806130170822144,""weight_viapoint"":1.0}","{""acc_lim_theta"":0.7968500493030194,""acc_lim_x"":0.8,""inflation_dist"":0.55,""max_vel_theta"":1.0,""max_vel_x"":1.2,""min_obstacle_dist"":0.25183790466256106,""weight_obstacle"":50.75720321147286,""weight_optimaltime"":0.9806130170822144,""weight_viapoint"":1.0}","{""acc_lim_theta"":0.7968500493030194,""acc_lim_x"":0.8,""inflation_dist"":0.55,""max_vel_theta"":1.0,""max_vel_x"":1.2,""min_obstacle_dist"":0.25183790466256106,""weight_obstacle"":50.75720321147286,""weight_optimaltime"":0.9806130170822144,""weight_viapoint"":1.0}",false,,false,NORMAL,,false,,1.6615475065439602,1.8351567437114769,-0.05,-0.0,-0.0007594418319456394,-0.11593534278979852,-0.0,-0.006914452545772439,0.0,0.0,0.0,0.0,0.0,0.0,2.3659479993511923,28.000000000005798,38.000000000010914,true,
t11_semantic_eta_no_fallback_seed104,t11_semantic_eta_no_fallback_seed104-episode-000023,1,2,79.188,79.188,,,,79.188,0,0.0,true,,4.711352914205634,4.711352914205634,0.06558975366065946,0.3327978867449369,1.1395722224551839,1.0,1.336536319710129,0.8526309428705513,0.7104871825914297,"[-0.04440385103225708,-0.19386982917785645,0.23472797870635986,-0.37543559074401855,-0.14023131132125854]","[-0.4684274196624756,-0.19486939907073975,0.3438941240310669,-0.14956843852996826,0.003523707389831543]","[-0.5128312706947327,-0.3887392282485962,0.5786221027374268,-0.5250040292739868,-0.136707603931427]","{""acc_lim_theta"":0.7968500493030194,""acc_lim_x"":0.8,""inflation_dist"":0.55,""max_vel_theta"":1.0,""max_vel_x"":1.2,""min_obstacle_dist"":0.25183790466256106,""weight_obstacle"":50.75720321147286,""weight_optimaltime"":0.9806130170822144,""weight_viapoint"":1.0}","{""acc_lim_theta"":0.8,""acc_lim_x"":0.7960975875647097,""inflation_dist"":0.55,""max_vel_theta"":1.0,""max_vel_x"":1.1945130591904718,""min_obstacle_dist"":0.25658983222714515,""weight_obstacle"":50.73817634417246,""weight_optimaltime"":0.9611260771751404,""weight_viapoint"":1.0}","{""acc_lim_theta"":0.8,""acc_lim_x"":0.7960975875647097,""inflation_dist"":0.55,""max_vel_theta"":0.9954275493253932,""max_vel_x"":1.1945130591904718,""min_obstacle_dist"":0.25658983222714515,""weight_obstacle"":50.73817634417246,""weight_optimaltime"":0.9611260771751404,""weight_viapoint"":1.0}","{""acc_lim_theta"":0.8,""acc_lim_x"":0.7960975875647097,""inflation_dist"":0.55,""max_vel_theta"":0.9954275493253932,""max_vel_x"":1.1945130591904718,""min_obstacle_dist"":0.25658983222714515,""weight_obstacle"":50.73817634417246,""weight_optimaltime"":0.9611260771751404,""weight_viapoint"":1.0}","{""acc_lim_theta"":0.7968500493030194,""acc_lim_x"":0.8,""inflation_dist"":0.55,""max_vel_theta"":1.0,""max_vel_x"":1.2,""min_obstacle_dist"":0.25183790466256106,""weight_obstacle"":50.75720321147286,""weight_optimaltime"":0.9806130170822144,""weight_viapoint"":1.0}",true,max_vel_theta:ackermann_turning_radius,false,NORMAL,margin:emergency|ablation:no_conservative_parameter_fallback,false,,0.0,0.0,0.0,0.0,0.0,0.0,0.0,0.0,0.0,0.0,0.0,0.0,0.0,0.0,2.0821379948756658,0.0,0.0,false,safety_emergency_stop
t11_semantic_eta_no_fallback_seed104,t11_semantic_eta_no_fallback_seed104-episode-000024,0,1,80.236,80.236,,,,80.236,0,0.0,true,,4.925862613416845,4.925862613416845,0.05423689473736084,0.017760358532755642,0.4807262788699978,0.8429203539823009,1.353295205001974,0.35522647024327303,-0.2960059755459274,"[0.0,0.0,0.0,0.0,0.0]","[-0.965267539024353,-0.6267842650413513,0.5776550769805908,-0.28589928150177,-0.2814033031463623]","[-0.965267539024353,-0.6267842650413513,0.5776550769805908,-0.28589928150177,-0.2814033031463623]","{""acc_lim_theta"":0.8,""acc_lim_x"":0.8,""inflation_dist"":0.55,""max_vel_theta"":1.0,""max_vel_x"":1.2,""min_obstacle_dist"":0.25,""weight_obstacle"":50.0,""weight_optimaltime"":1.0,""weight_viapoint"":1.0}","{""acc_lim_theta"":0.8,""acc_lim_x"":0.7821616843497009,""inflation_dist"":0.55,""max_vel_theta"":1.0,""max_vel_x"":1.2,""min_obstacle_dist"":0.25106614884178224,""weight_obstacle"":51.5194857899699,""weight_optimaltime"":0.9373215734958649,""weight_viapoint"":1.0}","{""acc_lim_theta"":0.8,""acc_lim_x"":0.7821616843497009,""inflation_dist"":0.55,""max_vel_theta"":1.0,""max_vel_x"":1.2,""min_obstacle_dist"":0.25106614884178224,""weight_obstacle"":51.5194857899699,""weight_optimaltime"":0.9373215734958649,""weight_viapoint"":1.0}","{""acc_lim_theta"":0.8,""acc_lim_x"":0.7821616843497009,""inflation_dist"":0.55,""max_vel_theta"":1.0,""max_vel_x"":1.2,""min_obstacle_dist"":0.25106614884178224,""weight_obstacle"":51.5194857899699,""weight_optimaltime"":0.9373215734958649,""weight_viapoint"":1.0}","{""acc_lim_theta"":0.8,""acc_lim_x"":0.8,""inflation_dist"":0.55,""max_vel_theta"":1.0,""max_vel_x"":1.2,""min_obstacle_dist"":0.25,""weight_obstacle"":50.0,""weight_optimaltime"":1.0,""weight_viapoint"":1.0}",false,,false,NORMAL,margin:emergency|ablation:no_conservative_parameter_fallback,false,,0.0,0.0,0.0,0.0,0.0,0.0,0.0,0.0,0.0,0.0,0.0,0.0,0.0,0.0,2.0893429973511957,0.0,0.0,false,safety_emergency_stop
t11_semantic_eta_no_fallback_seed104,t11_semantic_eta_no_fallback_seed104-episode-000025,0,1,81.808,81.256,81.26,81.294,81.306,81.806,0,0.44999999999998863,true,,2.8967977819089654,2.6478524798025913,0.04496229985216953,0.01915960703757067,30.0,0.0,27.172575161113492,1.1040543570906307,0.03428506016946337,"[0.0,0.0,0.0,0.0,0.0]","[0.11955845355987549,0.09555768966674805,-0.10356462001800537,-0.07444030046463013,-0.048521578311920166]","[0.11955845355987549,0.09555768966674805,-0.10356462001800537,-0.07444030046463013,-0.048521578311920166]","{""acc_lim_theta"":0.8,""acc_lim_x"":0.8,""inflation_dist"":0.55,""max_vel_theta"":1.0,""max_vel_x"":1.2,""min_obstacle_dist"":0.25,""weight_obstacle"":50.0,""weight_optimaltime"":1.0,""weight_viapoint"":1.0}","{""acc_lim_theta"":0.7948392144107363,""acc_lim_x"":0.8,""inflation_dist"":0.5509588274021933,""max_vel_theta"":1.0,""max_vel_x"":1.2,""min_obstacle_dist"":0.25,""weight_obstacle"":50.2620006514761,""weight_optimaltime"":1.0,""weight_viapoint"":1.0}","{""acc_lim_theta"":0.7948392144107363,""acc_lim_x"":0.8,""inflation_dist"":0.5509588274021933,""max_vel_theta"":1.0,""max_vel_x"":1.2,""min_obstacle_dist"":0.25,""weight_obstacle"":50.2620006514761,""weight_optimaltime"":1.0,""weight_viapoint"":1.0}","{""acc_lim_theta"":0.7948392144107363,""acc_lim_x"":0.8,""inflation_dist"":0.5509588274021933,""max_vel_theta"":1.0,""max_vel_x"":1.2,""min_obstacle_dist"":0.25,""weight_obstacle"":50.2620006514761,""weight_optimaltime"":1.0,""weight_viapoint"":1.0}","{""acc_lim_theta"":0.7948392144107363,""acc_lim_x"":0.8,""inflation_dist"":0.5509588274021933,""max_vel_theta"":1.0,""max_vel_x"":1.2,""min_obstacle_dist"":0.25,""weight_obstacle"":50.2620006514761,""weight_optimaltime"":1.0,""weight_viapoint"":1.0}",false,,false,NORMAL,,false,,1.0038986762680893,1.2447265105318706,-0.04499999999999887,-0.0,-0.0010855289201907236,-0.19265415695698263,-0.0,-0.002088148386609044,0.0,0.0,0.0,0.0,0.0,0.0,2.9241570009617135,33.999999999991815,45.99999999999227,true,
t11_semantic_eta_no_fallback_seed104,t11_semantic_eta_no_fallback_seed104-episode-000025,1,2,82.454,81.802,81.81,81.84,81.904,82.404,0,0.5,true,,2.4869248439622207,1.9040820498588407,0.025167668261646646,0.027636096729657226,30.0,0.0,25.718607696402373,1.1664706096899844,0.00015451776924419648,"[0.11955845355987549,0.09555768966674805,-0.10356462001800537,-0.07444030046463013,-0.048521578311920166]","[0.10875117778778076,0.10579359531402588,-0.07322359085083008,-0.028359293937683105,-0.005095481872558594]","[0.22830963134765625,0.20135128498077393,-0.17678821086883545,-0.10279959440231323,-0.05361706018447876]","{""acc_lim_theta"":0.7948392144107363,""acc_lim_x"":0.8,""inflation_dist"":0.5509588274021933,""max_vel_theta"":1.0,""max_vel_x"":1.2,""min_obstacle_dist"":0.25,""weight_obstacle"":50.2620006514761,""weight_optimaltime"":1.0,""weight_viapoint"":1.0}","{""acc_lim_theta"":0.7898488143529702,""acc_lim_x"":0.8,""inflation_dist"":0.5516367498952469,""max_vel_theta"":1.0,""max_vel_x"":1.2,""min_obstacle_dist"":0.2504732340250999,""weight_obstacle"":50.289514586855795,""weight_optimaltime"":1.0,""weight_viapoint"":1.0}","{""acc_lim_theta"":0.7898488143529702,""acc_lim_x"":0.8,""inflation_dist"":0.5516367498952469,""max_vel_theta"":1.0,""max_vel_x"":1.2,""min_obstacle_dist"":0.2504732340250999,""weight_obstacle"":50.289514586855795,""weight_optimaltime"":1.0,""weight_viapoint"":1.0}","{""acc_lim_theta"":0.7898488143529702,""acc_lim_x"":0.8,""inflation_dist"":0.5516367498952469,""max_vel_theta"":1.0,""max_vel_x"":1.2,""min_obstacle_dist"":0.2504732340250999,""weight_obstacle"":50.289514586855795,""weight_optimaltime"":1.0,""weight_viapoint"":1.0}","{""acc_lim_theta"":0.7898488143529702,""acc_lim_x"":0.8,""inflation_dist"":0.5516367498952469,""max_vel_theta"":1.0,""max_vel_x"":1.2,""min_obstacle_dist"":0.2504732340250999,""weight_obstacle"":50.289514586855795,""weight_optimaltime"":1.0,""weight_viapoint"":1.0}",false,,false,NORMAL,,false,,2.8613421544709268,2.9142139705169,-0.05,-0.0,-0.0006350337802573765,-0.0005511686296029768,-0.0,-0.0016856136361133721,0.0,0.0,0.0,0.0,0.0,0.0,1.2765540013788268,30.000000000001137,93.99999999999409,true,
t11_semantic_eta_no_fallback_seed104,t11_semantic_eta_no_fallback_seed104-episode-000025,2,3,83.054,82.452,82.458,82.482,82.504,83.004,0,0.5,true,,1.7874353154463418,1.2045582928445506,0.006715730582130351,0.025919575453330006,30.0,0.0,25.736286781512785,1.165669323421978,-0.007045782202639071,"[0.22830963134765625,0.20135128498077393,-0.17678821086883545,-0.10279959440231323,-0.05361706018447876]","[0.10196101665496826,0.0748441219329834,-0.009313762187957764,-0.005547642707824707,0.003627181053161621]","[0.3302706480026245,0.2761954069137573,-0.1861019730567932,-0.10834723711013794,-0.04998987913131714]","{""acc_lim_theta"":0.7898488143529702,""acc_lim_x"":0.8,""inflation_dist"":0.5516367498952469,""max_vel_theta"":1.0,""max_vel_x"":1.2,""min_obstacle_dist"":0.2504732340250999,""weight_obstacle"":50.289514586855795,""weight_optimaltime"":1.0,""weight_viapoint"":1.0}","{""acc_lim_theta"":0.7854296651993624,""acc_lim_x"":0.8,""inflation_dist"":0.5517229790573079,""max_vel_theta"":1.0,""max_vel_x"":1.2,""min_obstacle_dist"":0.2519511777277516,""weight_obstacle"":50.269928995619644,""weight_optimaltime"":1.0,""weight_viapoint"":1.0}","{""acc_lim_theta"":0.7854296651993624,""acc_lim_x"":0.8,""inflation_dist"":0.5517229790573079,""max_vel_theta"":1.0,""max_vel_x"":1.2,""min_obstacle_dist"":0.2519511777277516,""weight_obstacle"":50.269928995619644,""weight_optimaltime"":1.0,""weight_viapoint"":1.0}","{""acc_lim_theta"":0.7854296651993624,""acc_lim_x"":0.8,""inflation_dist"":0.5517229790573079,""max_vel_theta"":1.0,""max_vel_x"":1.2,""min_obstacle_dist"":0.2519511777277516,""weight_obstacle"":50.269928995619644,""weight_optimaltime"":1.0,""weight_viapoint"":1.0}","{""acc_lim_theta"":0.7854296651993624,""acc_lim_x"":0.8,""inflation_dist"":0.5517229790573079,""max_vel_theta"":1.0,""max_vel_x"":1.2,""min_obstacle_dist"":0.2519511777277516,""weight_obstacle"":50.269928995619644,""weight_optimaltime"":1.0,""weight_viapoint"":1.0}",false,,false,NORMAL,,false,,2.8624649469771604,2.914385113008956,-0.05,-0.0,-0.00015871271865654522,-1.6804577585164624e-06,-0.0,-0.0017597728553809247,0.0,0.0,0.0,0.0,0.0,0.0,2.2199410013854504,24.00000000000091,46.00000000000648,true,
t11_semantic_eta_no_fallback_seed104,t11_semantic_eta_no_fallback_seed104-episode-000025,3,4,84.912,83.036,83.056,83.078,83.102,83.602,0,0.5,true,,1.0879914794528969,0.5629077664007089,0.006655191063662457,0.0027789167053158745,30.0,0.0,600.0,0.0,0.0,"[0.3302706480026245,0.2761954069137573,-0.1861019730567932,-0.10834723711013794,-0.04998987913131714]","[0.05695474147796631,0.05669736862182617,-0.03094959259033203,0.003585338592529297,-0.003258645534515381]","[0.3872253894805908,0.3328927755355835,-0.21705156564712524,-0.10476189851760864,-0.05324852466583252]","{""acc_lim_theta"":0.7854296651993624,""acc_lim_x"":0.8,""inflation_dist"":0.5517229790573079,""max_vel_theta"":1.0,""max_vel_x"":1.2,""min_obstacle_dist"":0.2519511777277516,""weight_obstacle"":50.269928995619644,""weight_optimaltime"":1.0,""weight_viapoint"":1.0}","{""acc_lim_theta"":0.7833102931025336,""acc_lim_x"":0.8,""inflation_dist"":0.5520095182002813,""max_vel_theta"":1.0,""max_vel_x"":1.2,""min_obstacle_dist"":0.2524279103728285,""weight_obstacle"":50.287524615603076,""weight_optimaltime"":1.0,""weight_viapoint"":1.0}","{""acc_lim_theta"":0.7833102931025336,""acc_lim_x"":0.8,""inflation_dist"":0.5520095182002813,""max_vel_theta"":1.0,""max_vel_x"":1.2,""min_obstacle_dist"":0.2524279103728285,""weight_obstacle"":50.287524615603076,""weight_optimaltime"":1.0,""weight_viapoint"":1.0}","{""acc_lim_theta"":0.7833102931025336,""acc_lim_x"":0.8,""inflation_dist"":0.5520095182002813,""max_vel_theta"":1.0,""max_vel_x"":1.2,""min_obstacle_dist"":0.2524279103728285,""weight_obstacle"":50.287524615603076,""weight_optimaltime"":1.0,""weight_viapoint"":1.0}","{""acc_lim_theta"":0.7833102931025336,""acc_lim_x"":0.8,""inflation_dist"":0.5520095182002813,""max_vel_theta"":1.0,""max_vel_x"":1.2,""min_obstacle_dist"":0.2524279103728285,""weight_obstacle"":50.287524615603076,""weight_optimaltime"":1.0,""weight_viapoint"":1.0}",false,,false,NORMAL,,false,,12.555007537507104,2.6254185652609396,-0.05,-0.0,-3.4169453578539756e-05,-0.01953926265148909,-0.0,-0.0008375956487686482,10.0,0.0,0.0,0.0,0.0,0.0,1.1919440003111959,22.00000000000557,46.00000000000648,true,
t11_semantic_eta_no_fallback_seed104,t11_semantic_eta_no_fallback_seed104-episode-000026,0,1,86.522,85.916,85.92,85.946,85.972,86.472,0,0.5,true,,3.8943606279542498,3.486892118471831,0.2237718076910297,0.393088579468606,30.0,0.0,25.72165079637256,1.1663326058462313,0.6192839624917181,"[0.0,0.0,0.0,0.0,0.0]","[-0.024258136749267578,0.14264845848083496,-0.09097188711166382,-0.29669368267059326,0.020862698554992676]","[-0.024258136749267578,0.14264845848083496,-0.09097188711166382,-0.29669368267059326,0.020862698554992676]","{""acc_lim_theta"":0.8,""acc_lim_x"":0.8,""inflation_dist"":0.55,""max_vel_theta"":1.0,""max_vel_x"":1.2,""min_obstacle_dist"":0.25,""weight_obstacle"":50.0,""weight_optimaltime"":1.0,""weight_viapoint"":1.0}","{""acc_lim_theta"":0.7926551862888461,""acc_lim_x"":0.8,""inflation_dist"":0.5508422407012813,""max_vel_theta"":1.0,""max_vel_x"":1.2,""min_obstacle_dist"":0.25084688273344463,""weight_obstacle"":50.0,""weight_optimaltime"":1.0,""weight_viapoint"":1.0}","{""acc_lim_theta"":0.7926551862888461,""acc_lim_x"":0.8,""inflation_dist"":0.5508422407012813,""max_vel_theta"":1.0,""max_vel_x"":1.2,""min_obstacle_dist"":0.25084688273344463,""weight_obstacle"":50.0,""weight_optimaltime"":1.0,""weight_viapoint"":1.0}","{""acc_lim_theta"":0.7926551862888461,""acc_lim_x"":0.8,""inflation_dist"":0.5508422407012813,""max_vel_theta"":1.0,""max_vel_x"":1.2,""min_obstacle_dist"":0.25084688273344463,""weight_obstacle"":50.0,""weight_optimaltime"":1.0,""weight_viapoint"":1.0}","{""acc_lim_theta"":0.7926551862888461,""acc_lim_x"":0.8,""inflation_dist"":0.5508422407012813,""max_vel_theta"":1.0,""max_vel_x"":1.2,""min_obstacle_dist"":0.25084688273344463,""weight_obstacle"":50.0,""weight_optimaltime"":1.0,""weight_viapoint"":1.0}",false,,false,NORMAL,,false,,1.7915319019322082,2.037342547412093,-0.05,-0.0,-0.005949025247509239,-0.18744602351084327,-0.0,-0.002415596721532404,0.0,0.0,0.0,0.0,0.0,0.0,2.399998003966175,25.99999999999625,51.9999999999925,true,
t11_semantic_eta_no_fallback_seed104,t11_semantic_eta_no_fallback_seed104-episode-000026,1,2,87.074,86.516,86.526,86.55,86.572,87.072,0,0.45000000000000284,true,,3.3782091770674096,2.8592625642380027,0.05241327109920678,0.6336487501629398,30.0,0.0,25.691960135397572,1.167680466647889,0.30974408888371496,"[-0.024258136749267578,0.14264845848083496,-0.09097188711166382,-0.29669368267059326,0.020862698554992676]","[-0.10476869344711304,0.17652571201324463,-0.06652957201004028,-0.20931410789489746,0.06344830989837646]","[-0.12902683019638062,0.3191741704940796,-0.1575014591217041,-0.5060077905654907,0.08431100845336914]","{""acc_lim_theta"":0.7926551862888461,""acc_lim_x"":0.8,""inflation_dist"":0.5508422407012813,""max_vel_theta"":1.0,""max_vel_x"":1.2,""min_obstacle_dist"":0.25084688273344463,""weight_obstacle"":50.0,""weight_optimaltime"":1.0,""weight_viapoint"":1.0}","{""acc_lim_theta"":0.7894118982996172,""acc_lim_x"":0.8,""inflation_dist"":0.5514581882776671,""max_vel_theta"":1.0,""max_vel_x"":1.1992118833850969,""min_obstacle_dist"":0.25313378173919887,""weight_obstacle"":50.0,""weight_optimaltime"":1.0,""weight_viapoint"":1.0}","{""acc_lim_theta"":0.7894118982996172,""acc_lim_x"":0.8,""inflation_dist"":0.5514581882776671,""max_vel_theta"":0.9993432361542475,""max_vel_x"":1.1992118833850969,""min_obstacle_dist"":0.25313378173919887,""weight_obstacle"":50.0,""weight_optimaltime"":1.0,""weight_viapoint"":1.0}","{""acc_lim_theta"":0.7894118982996172,""acc_lim_x"":0.8,""inflation_dist"":0.5514581882776671,""max_vel_theta"":0.9993432361542475,""max_vel_x"":1.1992118833850969,""min_obstacle_dist"":0.25313378173919887,""weight_obstacle"":50.0,""weight_optimaltime"":1.0,""weight_viapoint"":1.0}","{""acc_lim_theta"":0.7894118982996172,""acc_lim_x"":0.8,""inflation_dist"":0.5514581882776671,""max_vel_theta"":0.9993432361542475,""max_vel_x"":1.1992118833850969,""min_obstacle_dist"":0.25313378173919887,""weight_obstacle"":50.0,""weight_optimaltime"":1.0,""weight_viapoint"":1.0}",true,max_vel_theta:ackermann_turning_radius,false,NORMAL,,false,,2.526325293595523,2.5947330641470345,-0.04500000000000029,-0.0,-0.021234163411154264,-9.33498062277734e-06,-0.0,-0.002164272159734465,0.0,0.0,0.0,1.0,0.0,0.0,1.5425189994857647,24.00000000000091,46.00000000000648,true,
t11_semantic_eta_no_fallback_seed104,t11_semantic_eta_no_fallback_seed104-episode-000026,2,3,87.72,87.07,87.078,87.098,87.17,87.67,0,0.5,true,,2.698301883874818,2.1197603053467424,0.13161830153403947,0.6960134070285401,30.0,0.0,25.735387434127468,1.165710058835845,-0.08826912242599917,"[-0.12902683019638062,0.3191741704940796,-0.1575014591217041,-0.5060077905654907,0.08431100845336914]","[-0.10901105403900146,0.1475064754486084,-0.06984841823577881,-0.15228086709976196,0.06880676746368408]","[-0.23803788423538208,0.466680645942688,-0.2273498773574829,-0.6582886576652527,0.15311777591705322]","{""acc_lim_theta"":0.7894118982996172,""acc_lim_x"":0.8,""inflation_dist"":0.5514581882776671,""max_vel_theta"":0.9993432361542475,""max_vel_x"":1.1992118833850969,""min_obstacle_dist"":0.25313378173919887,""weight_obstacle"":50.0,""weight_optimaltime"":1.0,""weight_viapoint"":1.0}","{""acc_lim_theta"":0.7876293384626669,""acc_lim_x"":0.8,""inflation_dist"":0.5521048625704196,""max_vel_theta"":0.9993432361542475,""max_vel_x"":1.196709788547067,""min_obstacle_dist"":0.2546611862458167,""weight_obstacle"":50.0,""weight_optimaltime"":1.0,""weight_viapoint"":1.0}","{""acc_lim_theta"":0.7876293384626669,""acc_lim_x"":0.8,""inflation_dist"":0.5521048625704196,""max_vel_theta"":0.9972581571225558,""max_vel_x"":1.196709788547067,""min_obstacle_dist"":0.2546611862458167,""weight_obstacle"":50.0,""weight_optimaltime"":1.0,""weight_viapoint"":1.0}","{""acc_lim_theta"":0.7876293384626669,""acc_lim_x"":0.8,""inflation_dist"":0.5521048625704196,""max_vel_theta"":0.9972581571225558,""max_vel_x"":1.196709788547067,""min_obstacle_dist"":0.2546611862458167,""weight_obstacle"":50.0,""weight_optimaltime"":1.0,""weight_viapoint"":1.0}","{""acc_lim_theta"":0.7876293384626669,""acc_lim_x"":0.8,""inflation_dist"":0.5521048625704196,""max_vel_theta"":0.9972581571225558,""max_vel_x"":1.196709788547067,""min_obstacle_dist"":0.2546611862458167,""weight_obstacle"":50.0,""weight_optimaltime"":1.0,""weight_viapoint"":1.0}",true,max_vel_theta:ackermann_turning_radius,false,NORMAL,,false,,2.8353085551142736,2.892707892640378,-0.05,-0.0,-0.005145239000013917,-0.00017870106788605555,-0.0,-0.0020753974582048986,0.0,0.0,0.0,1.0,0.0,0.0,1.3352460009627976,19.99999999999602,91.99999999999875,true,
t11_semantic_eta_no_fallback_seed104,t11_semantic_eta_no_fallback_seed104-episode-000026,3,4,88.32,87.716,87.722,87.744,87.77,88.27,0,0.5,true,,2.004505729730292,1.437372410251075,0.11188543363550424,0.6913073743888948,30.0,0.0,25.93701041961044,1.1566483382108532,0.12358754949851636,"[-0.23803788423538208,0.466680645942688,-0.2273498773574829,-0.6582886576652527,0.15311777591705322]","[-0.12324655055999756,0.10821712017059326,0.06710660457611084,-0.09248554706573486,0.16843056678771973]","[-0.36128443479537964,0.5748977661132812,-0.16024327278137207,-0.7507742047309875,0.32154834270477295]","{""acc_lim_theta"":0.7876293384626669,""acc_lim_x"":0.8,""inflation_dist"":0.5521048625704196,""max_vel_theta"":0.9972581571225558,""max_vel_x"":1.196709788547067,""min_obstacle_dist"":0.2546611862458167,""weight_obstacle"":50.0,""weight_optimaltime"":1.0,""weight_viapoint"":1.0}","{""acc_lim_theta"":0.7846259458545676,""acc_lim_x"":0.8,""inflation_dist"":0.5514835726808363,""max_vel_theta"":0.9972581571225558,""max_vel_x"":1.1867649113312773,""min_obstacle_dist"":0.2589659665083751,""weight_obstacle"":50.0,""weight_optimaltime"":1.0,""weight_viapoint"":1.0}","{""acc_lim_theta"":0.7846259458545676,""acc_lim_x"":0.8,""inflation_dist"":0.5514835726808363,""max_vel_theta"":0.988970759442731,""max_vel_x"":1.1867649113312773,""min_obstacle_dist"":0.2589659665083751,""weight_obstacle"":50.0,""weight_optimaltime"":1.0,""weight_viapoint"":1.0}","{""acc_lim_theta"":0.7846259458545676,""acc_lim_x"":0.8,""inflation_dist"":0.5514835726808363,""max_vel_theta"":0.988970759442731,""max_vel_x"":1.1867649113312773,""min_obstacle_dist"":0.2589659665083751,""weight_obstacle"":50.0,""weight_optimaltime"":1.0,""weight_viapoint"":1.0}","{""acc_lim_theta"":0.7846259458545676,""acc_lim_x"":0.8,""inflation_dist"":0.5514835726808363,""max_vel_theta"":0.988970759442731,""max_vel_x"":1.1867649113312773,""min_obstacle_dist"":0.2589659665083751,""weight_obstacle"":50.0,""weight_optimaltime"":1.0,""weight_viapoint"":1.0}",true,max_vel_theta:ackermann_turning_radius,false,NORMAL,,false,,2.775280003128058,2.835666597396086,-0.05,-0.0,-0.0042608229370810205,-0.00016054060494537654,-0.0,-0.005965230726001925,0.0,0.0,0.0,1.0,0.0,0.0,1.5515460036112927,22.00000000000557,48.00000000000182,true,
t11_semantic_eta_no_fallback_seed104,t11_semantic_eta_no_fallback_seed104-episode-000026,4,5,88.918,88.316,88.322,88.346,88.368,88.868,0,0.5,true,,1.3250931546814566,0.7765031814847573,0.06659757049863217,0.8672946658659771,30.0,0.0,29.905333910651272,1.003165525241469,0.44643682772799415,"[-0.36128443479537964,0.5748977661132812,-0.16024327278137207,-0.7507742047309875,0.32154834270477295]","[-0.20537471771240234,0.1435626745223999,0.010147929191589355,-0.05570584535598755,0.01315605640411377]","[-0.566659152507782,0.7184604406356812,-0.15009534358978271,-0.8064800500869751,0.3347043991088867]","{""acc_lim_theta"":0.7846259458545676,""acc_lim_x"":0.8,""inflation_dist"":0.5514835726808363,""max_vel_theta"":0.988970759442731,""max_vel_x"":1.1867649113312773,""min_obstacle_dist"":0.2589659665083751,""weight_obstacle"":50.0,""weight_optimaltime"":1.0,""weight_viapoint"":1.0}","{""acc_lim_theta"":0.7911204635858405,""acc_lim_x"":0.8,""inflation_dist"":0.5513896205900284,""max_vel_theta"":0.988970759442731,""max_vel_x"":1.1834554831364403,""min_obstacle_dist"":0.2625545851960326,""weight_obstacle"":50.0,""weight_optimaltime"":1.0,""weight_viapoint"":1.0}","{""acc_lim_theta"":0.7911204635858405,""acc_lim_x"":0.8,""inflation_dist"":0.5513896205900284,""max_vel_theta"":0.9862129026137003,""max_vel_x"":1.1834554831364403,""min_obstacle_dist"":0.2625545851960326,""weight_obstacle"":50.0,""weight_optimaltime"":1.0,""weight_viapoint"":1.0}","{""acc_lim_theta"":0.7911204635858405,""acc_lim_x"":0.8,""inflation_dist"":0.5513896205900284,""max_vel_theta"":0.9862129026137003,""max_vel_x"":1.1834554831364403,""min_obstacle_dist"":0.2625545851960326,""weight_obstacle"":50.0,""weight_optimaltime"":1.0,""weight_viapoint"":1.0}","{""acc_lim_theta"":0.7911204635858405,""acc_lim_x"":0.8,""inflation_dist"":0.5513896205900284,""max_vel_theta"":0.9862129026137003,""max_vel_x"":1.1834554831364403,""min_obstacle_dist"":0.2625545851960326,""weight_obstacle"":50.0,""weight_optimaltime"":1.0,""weight_viapoint"":1.0}",true,max_vel_theta:ackermann_turning_radius,false,NORMAL,,false,,2.6662369408565265,2.7429498659834968,-0.05,-0.0,-0.01206492248923879,-0.010458939543721294,-0.0,-0.004189063094010067,0.0,0.0,0.0,1.0,0.0,0.0,1.3914529990870506,24.00000000000091,45.99999999999227,true,
t11_semantic_eta_no_fallback_seed104,t11_semantic_eta_no_fallback_seed104-episode-000026,5,6,90.478,88.916,88.92,88.942,88.968,89.468,0,0.5,true,,0.6789900801744425,0.28740777310164495,0.00665371812850107,0.002800225443230442,30.0,0.0,600.0,0.0,0.0,"[-0.566659152507782,0.7184604406356812,-0.15009534358978271,-0.8064800500869751,0.3347043991088867]","[-0.19330310821533203,0.07992923259735107,0.06893002986907959,-0.0037044882774353027,0.07146477699279785]","[-0.759962260723114,0.7983896732330322,-0.08116531372070312,-0.8101845383644104,0.40616917610168457]","{""acc_lim_theta"":0.7911204635858405,""acc_lim_x"":0.8,""inflation_dist"":0.5513896205900284,""max_vel_theta"":0.9862129026137003,""max_vel_x"":1.1834554831364403,""min_obstacle_dist"":0.2625545851960326,""weight_obstacle"":50.0,""weight_optimaltime"":1.0,""weight_viapoint"":1.0}","{""acc_lim_theta"":0.796506527912124,""acc_lim_x"":0.8,""inflation_dist"":0.5507514489686679,""max_vel_theta"":0.9862129026137003,""max_vel_x"":1.1757765820459656,""min_obstacle_dist"":0.2662551139924916,""weight_obstacle"":50.0,""weight_optimaltime"":1.0,""weight_viapoint"":1.0}","{""acc_lim_theta"":0.796506527912124,""acc_lim_x"":0.8,""inflation_dist"":0.5507514489686679,""max_vel_theta"":0.9798138183716381,""max_vel_x"":1.1757765820459656,""min_obstacle_dist"":0.2662551139924916,""weight_obstacle"":50.0,""weight_optimaltime"":1.0,""weight_viapoint"":1.0}","{""acc_lim_theta"":0.796506527912124,""acc_lim_x"":0.8,""inflation_dist"":0.5507514489686679,""max_vel_theta"":0.9798138183716381,""max_vel_x"":1.1757765820459656,""min_obstacle_dist"":0.2662551139924916,""weight_obstacle"":50.0,""weight_optimaltime"":1.0,""weight_viapoint"":1.0}","{""acc_lim_theta"":0.796506527912124,""acc_lim_x"":0.8,""inflation_dist"":0.5507514489686679,""max_vel_theta"":0.9798138183716381,""max_vel_x"":1.1757765820459656,""min_obstacle_dist"":0.2662551139924916,""weight_obstacle"":50.0,""weight_optimaltime"":1.0,""weight_viapoint"":1.0}",true,max_vel_theta:ackermann_turning_radius,false,NORMAL,,false,,11.86661737492143,1.9579115353639878,-0.05,-0.0,-0.003853043730500125,-0.031872420666118,-0.0,-0.005568696045939499,10.0,0.0,0.0,1.0,0.0,0.0,1.7526329975225963,21.99999999999136,48.00000000000182,true,
t11_semantic_eta_no_fallback_seed104,t11_semantic_eta_no_fallback_seed104-episode-000027,0,1,92.026,91.476,91.48,91.508,91.522,92.022,0,0.45000000000000284,true,,5.173980849735631,4.808111563838788,0.15847055973630245,0.36770788185806474,1.165352937466416,1.0,1.343809062486543,0.8672012788112045,-0.7226284695320997,"[0.0,0.0,0.0,0.0,0.0]","[-0.015394449234008789,-0.04804849624633789,0.1756042242050171,-0.29298585653305054,-0.14024782180786133]","[-0.015394449234008789,-0.04804849624633789,0.1756042242050171,-0.29298585653305054,-0.14024782180786133]","{""acc_lim_theta"":0.8,""acc_lim_x"":0.8,""inflation_dist"":0.55,""max_vel_theta"":1.0,""max_vel_x"":1.2,""min_obstacle_dist"":0.25,""weight_obstacle"":50.0,""weight_optimaltime"":1.0,""weight_viapoint"":1.0}","{""acc_lim_theta"":0.7977899408552807,""acc_lim_x"":0.8,""inflation_dist"":0.55,""max_vel_theta"":1.0,""max_vel_x"":1.2,""min_obstacle_dist"":0.25361493707270255,""weight_obstacle"":50.757292362699935,""weight_optimaltime"":0.9951951503753662,""weight_viapoint"":1.0}","{""acc_lim_theta"":0.7977899408552807,""acc_lim_x"":0.8,""inflation_dist"":0.55,""max_vel_theta"":1.0,""max_vel_x"":1.2,""min_obstacle_dist"":0.25361493707270255,""weight_obstacle"":50.757292362699935,""weight_optimaltime"":0.9951951503753662,""weight_viapoint"":1.0}","{""acc_lim_theta"":0.7977899408552807,""acc_lim_x"":0.8,""inflation_dist"":0.55,""max_vel_theta"":1.0,""max_vel_x"":1.2,""min_obstacle_dist"":0.25361493707270255,""weight_obstacle"":50.757292362699935,""weight_optimaltime"":0.9951951503753662,""weight_viapoint"":1.0}","{""acc_lim_theta"":0.7977899408552807,""acc_lim_x"":0.8,""inflation_dist"":0.55,""max_vel_theta"":1.0,""max_vel_x"":1.2,""min_obstacle_dist"":0.25361493707270255,""weight_obstacle"":50.757292362699935,""weight_optimaltime"":0.9951951503753662,""weight_viapoint"":1.0}",false,,false,NORMAL,,false,,1.6357801226515136,1.8293464294842154,-0.04500000000000029,-0.0,-0.00469791167924736,-0.1393943508878666,-0.0,-0.004474044265587496,0.0,0.0,0.0,0.0,0.0,0.0,2.7607150041149,27.999999999991587,42.00000000000159,true,
t11_semantic_eta_no_fallback_seed104,t11_semantic_eta_no_fallback_seed104-episode-000027,1,2,92.026,92.026,,,,92.026,0,0.0,true,,4.775517335500891,4.775517335500891,0.15847055973630245,0.36770788185806474,1.165352937466416,1.0,1.343809062486543,0.8672012788112045,-0.7226284695320997,"[-0.015394449234008789,-0.04804849624633789,0.1756042242050171,-0.29298585653305054,-0.14024782180786133]","[-0.2763260006904602,0.12034726142883301,0.3680419921875,-0.12803345918655396,-0.08864861726760864]","[-0.291720449924469,0.07229876518249512,0.5436462163925171,-0.4210193157196045,-0.22889643907546997]","{""acc_lim_theta"":0.7977899408552807,""acc_lim_x"":0.8,""inflation_dist"":0.55,""max_vel_theta"":1.0,""max_vel_x"":1.2,""min_obstacle_dist"":0.25361493707270255,""weight_obstacle"":50.757292362699935,""weight_optimaltime"":0.9951951503753662,""weight_viapoint"":1.0}","{""acc_lim_theta"":0.8,""acc_lim_x"":0.8,""inflation_dist"":0.55,""max_vel_theta"":1.0,""max_vel_x"":1.2,""min_obstacle_dist"":0.26629651075146177,""weight_obstacle"":51.235965898982315,""weight_optimaltime"":1.0,""weight_viapoint"":1.0}","{""acc_lim_theta"":0.8,""acc_lim_x"":0.8,""inflation_dist"":0.55,""max_vel_theta"":1.0,""max_vel_x"":1.2,""min_obstacle_dist"":0.26629651075146177,""weight_obstacle"":51.235965898982315,""weight_optimaltime"":1.0,""weight_viapoint"":1.0}","{""acc_lim_theta"":0.8,""acc_lim_x"":0.8,""inflation_dist"":0.55,""max_vel_theta"":1.0,""max_vel_x"":1.2,""min_obstacle_dist"":0.26629651075146177,""weight_obstacle"":51.235965898982315,""weight_optimaltime"":1.0,""weight_viapoint"":1.0}","{""acc_lim_theta"":0.7977899408552807,""acc_lim_x"":0.8,""inflation_dist"":0.55,""max_vel_theta"":1.0,""max_vel_x"":1.2,""min_obstacle_dist"":0.25361493707270255,""weight_obstacle"":50.757292362699935,""weight_optimaltime"":0.9951951503753662,""weight_viapoint"":1.0}",false,,false,NORMAL,margin:emergency|ablation:no_conservative_parameter_fallback,false,,0.0,0.0,0.0,0.0,0.0,0.0,0.0,0.0,0.0,0.0,0.0,0.0,0.0,0.0,1.3053289949311875,0.0,0.0,false,safety_emergency_stop
t11_semantic_eta_no_fallback_seed104,t11_semantic_eta_no_fallback_seed104-episode-000028,0,1,93.876,93.136,93.144,93.226,93.326,93.826,0,0.5,true,,4.824265019672977,4.584233676922611,0.10699013451825407,0.26739054295840214,0.49877889421333915,0.8434959349593496,1.0323360179116683,0.48315556714017227,0.16016060208609467,"[0.0,0.0,0.0,0.0,0.0]","[-0.9573310613632202,-0.6248713135719299,0.6444225311279297,-0.27770495414733887,-0.29355835914611816]","[-0.9573310613632202,-0.6248713135719299,0.6444225311279297,-0.27770495414733887,-0.29355835914611816]","{""acc_lim_theta"":0.8,""acc_lim_x"":0.8,""inflation_dist"":0.55,""max_vel_theta"":1.0,""max_vel_x"":1.2,""min_obstacle_dist"":0.25,""weight_obstacle"":50.0,""weight_optimaltime"":1.0,""weight_viapoint"":1.0}","{""acc_lim_theta"":0.8,""acc_lim_x"":0.782950044133435,""inflation_dist"":0.55,""max_vel_theta"":1.0,""max_vel_x"":1.2,""min_obstacle_dist"":0.25290670258808423,""weight_obstacle"":51.58511911644976,""weight_optimaltime"":0.937512868642807,""weight_viapoint"":1.0}","{""acc_lim_theta"":0.8,""acc_lim_x"":0.782950044133435,""inflation_dist"":0.55,""max_vel_theta"":1.0,""max_vel_x"":1.2,""min_obstacle_dist"":0.25290670258808423,""weight_obstacle"":51.58511911644976,""weight_optimaltime"":0.937512868642807,""weight_viapoint"":1.0}","{""acc_lim_theta"":0.8,""acc_lim_x"":0.782950044133435,""inflation_dist"":0.55,""max_vel_theta"":1.0,""max_vel_x"":1.2,""min_obstacle_dist"":0.25290670258808423,""weight_obstacle"":51.58511911644976,""weight_optimaltime"":0.937512868642807,""weight_viapoint"":1.0}","{""acc_lim_theta"":0.8,""acc_lim_x"":0.782950044133435,""inflation_dist"":0.55,""max_vel_theta"":1.0,""max_vel_x"":1.2,""min_obstacle_dist"":0.25290670258808423,""weight_obstacle"":51.58511911644976,""weight_optimaltime"":0.937512868642807,""weight_viapoint"":1.0}",false,,false,NORMAL,margin:warning|safety_mode:WARNING:conservative_filter,false,,1.100371672669345,1.2001567137518299,-0.05,-0.010877507385444596,-0.0030169573419638364,-0.01479774184886315,-0.0,-0.02109283450621306,0.0,0.0,0.0,0.0,0.0,0.0,4.681004000303801,81.99999999999363,181.99999999998795,true,
t11_semantic_eta_no_fallback_seed104,t11_semantic_eta_no_fallback_seed104-episode-000028,1,2,93.876,93.876,,,,93.876,0,0.0,true,,4.5656663242848,4.5656663242848,0.10699013451825407,0.26739054295840214,0.49877889421333915,0.8434959349593496,1.0323360179116683,0.48315556714017227,0.16016060208609467,"[-0.9573310613632202,-0.6248713135719299,0.6444225311279297,-0.27770495414733887,-0.29355835914611816]","[-0.9728833436965942,-0.5076072812080383,0.754450798034668,-0.1547621488571167,-0.10527342557907104]","[-1.0,-1.0,1.0,-0.43246710300445557,-0.3988317847251892]","{""acc_lim_theta"":0.8,""acc_lim_x"":0.782950044133435,""inflation_dist"":0.55,""max_vel_theta"":1.0,""max_vel_x"":1.2,""min_obstacle_dist"":0.25290670258808423,""weight_obstacle"":51.58511911644976,""weight_optimaltime"":0.937512868642807,""weight_viapoint"":1.0}","{""acc_lim_theta"":0.8,""acc_lim_x"":0.7662396855515012,""inflation_dist"":0.55,""max_vel_theta"":1.0,""max_vel_x"":1.191530312373892,""min_obstacle_dist"":0.2614819289957521,""weight_obstacle"":52.15356117963923,""weight_optimaltime"":0.8867521405220031,""weight_viapoint"":1.0}","{""acc_lim_theta"":0.8,""acc_lim_x"":0.7662396855515012,""inflation_dist"":0.55,""max_vel_theta"":0.9929419269782435,""max_vel_x"":1.191530312373892,""min_obstacle_dist"":0.2614819289957521,""weight_obstacle"":52.15356117963923,""weight_optimaltime"":0.8867521405220031,""weight_viapoint"":1.0}","{""acc_lim_theta"":0.8,""acc_lim_x"":0.7662396855515012,""inflation_dist"":0.55,""max_vel_theta"":0.9929419269782435,""max_vel_x"":1.191530312373892,""min_obstacle_dist"":0.2614819289957521,""weight_obstacle"":52.15356117963923,""weight_optimaltime"":0.8867521405220031,""weight_viapoint"":1.0}","{""acc_lim_theta"":0.8,""acc_lim_x"":0.782950044133435,""inflation_dist"":0.55,""max_vel_theta"":1.0,""max_vel_x"":1.2,""min_obstacle_dist"":0.25290670258808423,""weight_obstacle"":51.58511911644976,""weight_optimaltime"":0.937512868642807,""weight_viapoint"":1.0}",true,max_vel_theta:ackermann_turning_radius,false,NORMAL,margin:emergency|ablation:no_conservative_parameter_fallback,false,,0.0,0.0,0.0,0.0,0.0,0.0,0.0,0.0,0.0,0.0,0.0,0.0,0.0,0.0,0.813997998193372,0.0,0.0,false,safety_emergency_stop
t11_semantic_eta_no_fallback_seed104,t11_semantic_eta_no_fallback_seed104-episode-000029,0,1,95.418,94.876,94.878,94.91,94.914,95.414,0,0.4519999999999982,true,,2.9033632650612877,2.465426080942499,0.04061771111171774,0.007651549462624333,30.0,0.0,25.708945794178682,1.166908991141634,0.14009699341892912,"[0.0,0.0,0.0,0.0,0.0]","[0.08054983615875244,0.08782041072845459,-0.09968692064285278,-0.044314563274383545,-0.06172889471054077]","[0.08054983615875244,0.08782041072845459,-0.09968692064285278,-0.044314563274383545,-0.06172889471054077]","{""acc_lim_theta"":0.8,""acc_lim_x"":0.8,""inflation_dist"":0.55,""max_vel_theta"":1.0,""max_vel_x"":1.2,""min_obstacle_dist"":0.25,""weight_obstacle"":50.0,""weight_optimaltime"":1.0,""weight_viapoint"":1.0}","{""acc_lim_theta"":0.7976466402020558,""acc_lim_x"":0.8,""inflation_dist"":0.5509229266822591,""max_vel_theta"":1.0,""max_vel_x"":1.2,""min_obstacle_dist"":0.25,""weight_obstacle"":50.33331583991546,""weight_optimaltime"":1.0,""weight_viapoint"":1.0}","{""acc_lim_theta"":0.7976466402020558,""acc_lim_x"":0.8,""inflation_dist"":0.5509229266822591,""max_vel_theta"":1.0,""max_vel_x"":1.2,""min_obstacle_dist"":0.25,""weight_obstacle"":50.33331583991546,""weight_optimaltime"":1.0,""weight_viapoint"":1.0}","{""acc_lim_theta"":0.7976466402020558,""acc_lim_x"":0.8,""inflation_dist"":0.5509229266822591,""max_vel_theta"":1.0,""max_vel_x"":1.2,""min_obstacle_dist"":0.25,""weight_obstacle"":50.33331583991546,""weight_optimaltime"":1.0,""weight_viapoint"":1.0}","{""acc_lim_theta"":0.7976466402020558,""acc_lim_x"":0.8,""inflation_dist"":0.5509229266822591,""max_vel_theta"":1.0,""max_vel_x"":1.2,""min_obstacle_dist"":0.25,""weight_obstacle"":50.33331583991546,""weight_optimaltime"":1.0,""weight_viapoint"":1.0}",false,,false,NORMAL,,false,,1.9676174748235256,2.1896859205939445,-0.045199999999999824,-0.0,-0.0009503810364151345,-0.17439939976689833,-0.0,-0.0015186649671052712,0.0,0.0,0.0,0.0,0.0,0.0,1.7254560007131658,31.999999999996476,36.000000000001364,true,
t11_semantic_eta_no_fallback_seed104,t11_semantic_eta_no_fallback_seed104-episode-000029,1,2,96.018,95.416,95.42,95.45,95.516,96.016,0,0.45000000000000284,true,,2.278833596462797,1.765828197252984,0.05424737292289856,0.02009091826166506,30.0,0.0,25.736984982196766,1.1656377007933183,-0.0005236170130191815,"[0.08054983615875244,0.08782041072845459,-0.09968692064285278,-0.044314563274383545,-0.06172889471054077]","[0.07219243049621582,0.07651627063751221,-0.0660136342048645,-0.0004723072052001953,-0.02717459201812744]","[0.15274226665496826,0.1643366813659668,-0.16570055484771729,-0.04478687047958374,-0.08890348672866821]","{""acc_lim_theta"":0.7976466402020558,""acc_lim_x"":0.8,""inflation_dist"":0.5509229266822591,""max_vel_theta"":1.0,""max_vel_x"":1.2,""min_obstacle_dist"":0.25,""weight_obstacle"":50.33331583991546,""weight_optimaltime"":1.0,""weight_viapoint"":1.0}","{""acc_lim_theta"":0.7956036212802061,""acc_lim_x"":0.8,""inflation_dist"":0.5515340975761703,""max_vel_theta"":1.0,""max_vel_x"":1.2,""min_obstacle_dist"":0.25,""weight_obstacle"":50.4800497480043,""weight_optimaltime"":1.0,""weight_viapoint"":1.0}","{""acc_lim_theta"":0.7956036212802061,""acc_lim_x"":0.8,""inflation_dist"":0.5515340975761703,""max_vel_theta"":1.0,""max_vel_x"":1.2,""min_obstacle_dist"":0.25,""weight_obstacle"":50.4800497480043,""weight_optimaltime"":1.0,""weight_viapoint"":1.0}","{""acc_lim_theta"":0.7956036212802061,""acc_lim_x"":0.8,""inflation_dist"":0.5515340975761703,""max_vel_theta"":1.0,""max_vel_x"":1.2,""min_obstacle_dist"":0.25,""weight_obstacle"":50.4800497480043,""weight_optimaltime"":1.0,""weight_viapoint"":1.0}","{""acc_lim_theta"":0.7956036212802061,""acc_lim_x"":0.8,""inflation_dist"":0.5515340975761703,""max_vel_theta"":1.0,""max_vel_x"":1.2,""min_obstacle_dist"":0.25,""weight_obstacle"":50.4800497480043,""weight_optimaltime"":1.0,""weight_viapoint"":1.0}",false,,false,NORMAL,,false,,2.5180099996216954,2.565026996049066,-0.04500000000000029,-0.0,-0.0010321933676304092,-5.960257696607801e-06,-0.0,-0.0009788428020433173,0.0,0.0,0.0,0.0,0.0,0.0,1.246123996679671,30.000000000001137,96.00000000000364,true,
t11_semantic_eta_no_fallback_seed104,t11_semantic_eta_no_fallback_seed104-episode-000029,2,3,96.666,96.016,96.02,96.048,96.116,96.616,0,0.5,true,,1.5793220279199687,0.9968671915027962,0.06855413475401646,0.018093358100348452,30.0,0.0,26.15290694287276,1.1471000170470784,-0.018677099802283423,"[0.15274226665496826,0.1643366813659668,-0.16570055484771729,-0.04478687047958374,-0.08890348672866821]","[0.07096540927886963,0.057367682456970215,0.007759690284729004,0.020513296127319336,-0.018307805061340332]","[0.2237076759338379,0.221704363822937,-0.15794086456298828,-0.024273574352264404,-0.10721129179000854]","{""acc_lim_theta"":0.7956036212802061,""acc_lim_x"":0.8,""inflation_dist"":0.5515340975761703,""max_vel_theta"":1.0,""max_vel_x"":1.2,""min_obstacle_dist"":0.25,""weight_obstacle"":50.4800497480043,""weight_optimaltime"":1.0,""weight_viapoint"":1.0}","{""acc_lim_theta"":0.7938533445447771,""acc_lim_x"":0.8,""inflation_dist"":0.5514622564041926,""max_vel_theta"":1.0,""max_vel_x"":1.2,""min_obstacle_dist"":0.2515336843226978,""weight_obstacle"":50.5789059068525,""weight_optimaltime"":1.0,""weight_viapoint"":1.0}","{""acc_lim_theta"":0.7938533445447771,""acc_lim_x"":0.8,""inflation_dist"":0.5514622564041926,""max_vel_theta"":1.0,""max_vel_x"":1.2,""min_obstacle_dist"":0.2515336843226978,""weight_obstacle"":50.5789059068525,""weight_optimaltime"":1.0,""weight_viapoint"":1.0}","{""acc_lim_theta"":0.7938533445447771,""acc_lim_x"":0.8,""inflation_dist"":0.5514622564041926,""max_vel_theta"":1.0,""max_vel_x"":1.2,""min_obstacle_dist"":0.2515336843226978,""weight_obstacle"":50.5789059068525,""weight_optimaltime"":1.0,""weight_viapoint"":1.0}","{""acc_lim_theta"":0.7938533445447771,""acc_lim_x"":0.8,""inflation_dist"":0.5514622564041926,""max_vel_theta"":1.0,""max_vel_x"":1.2,""min_obstacle_dist"":0.2515336843226978,""weight_obstacle"":50.5789059068525,""weight_optimaltime"":1.0,""weight_viapoint"":1.0}",false,,false,NORMAL,,false,,2.8588723076298272,2.912274182085862,-0.05,-0.0,-0.0019588414339905677,-0.00017375174227492738,-0.0,-0.0012692812797692877,0.0,0.0,0.0,0.0,0.0,0.0,1.343347001238726,28.000000000005798,96.00000000000364,true,
t11_semantic_eta_no_fallback_seed104,t11_semantic_eta_no_fallback_seed104-episode-000029,3,4,98.416,96.664,96.668,96.698,96.714,97.214,0,0.45000000000000284,true,,0.883471940782822,0.46512169274852294,0.0018619275208021475,0.0011025604220828602,30.0,0.0,600.0,0.0,0.0,"[0.2237076759338379,0.221704363822937,-0.15794086456298828,-0.024273574352264404,-0.10721129179000854]","[0.0312349796295166,0.07425391674041748,-0.012207567691802979,0.0051506757736206055,-0.02983754873275757]","[0.2549426555633545,0.2959582805633545,-0.17014843225479126,-0.0191228985786438,-0.1370488405227661]","{""acc_lim_theta"":0.7938533445447771,""acc_lim_x"":0.8,""inflation_dist"":0.5514622564041926,""max_vel_theta"":1.0,""max_vel_x"":1.2,""min_obstacle_dist"":0.2515336843226978,""weight_obstacle"":50.5789059068525,""weight_optimaltime"":1.0,""weight_viapoint"":1.0}","{""acc_lim_theta"":0.7937132502022559,""acc_lim_x"":0.8,""inflation_dist"":0.5515752771482941,""max_vel_theta"":1.0,""max_vel_x"":1.2,""min_obstacle_dist"":0.2529201395492996,""weight_obstacle"":50.7400189101472,""weight_optimaltime"":1.0,""weight_viapoint"":1.0}","{""acc_lim_theta"":0.7937132502022559,""acc_lim_x"":0.8,""inflation_dist"":0.5515752771482941,""max_vel_theta"":1.0,""max_vel_x"":1.2,""min_obstacle_dist"":0.2529201395492996,""weight_obstacle"":50.7400189101472,""weight_optimaltime"":1.0,""weight_viapoint"":1.0}","{""acc_lim_theta"":0.7937132502022559,""acc_lim_x"":0.8,""inflation_dist"":0.5515752771482941,""max_vel_theta"":1.0,""max_vel_x"":1.2,""min_obstacle_dist"":0.2529201395492996,""weight_obstacle"":50.7400189101472,""weight_optimaltime"":1.0,""weight_viapoint"":1.0}","{""acc_lim_theta"":0.7937132502022559,""acc_lim_x"":0.8,""inflation_dist"":0.5515752771482941,""max_vel_theta"":1.0,""max_vel_x"":1.2,""min_obstacle_dist"":0.2529201395492996,""weight_obstacle"":50.7400189101472,""weight_optimaltime"":1.0,""weight_viapoint"":1.0}",false,,false,NORMAL,,false,,12.026510585128031,2.091751240171495,-0.04500000000000029,-0.0,-0.0006303506742587928,-0.018666181045172266,-0.0,-0.0009441233240322926,10.0,0.0,0.0,0.0,0.0,0.0,1.5152539999689907,29.999999999986926,45.99999999999227,true,
t11_semantic_eta_no_fallback_seed104,t11_semantic_eta_no_fallback_seed104-episode-000030,0,1,99.972,99.416,99.42,99.442,99.468,99.968,0,0.45000000000000284,true,,3.865319626492763,3.4562329132433876,0.2288242277078346,0.39531449852452216,30.0,0.0,25.705135637420746,1.167081956818268,0.665283487008619,"[0.0,0.0,0.0,0.0,0.0]","[-0.04114985466003418,0.1620485782623291,-0.08422994613647461,-0.27028340101242065,0.014680981636047363]","[-0.04114985466003418,0.1620485782623291,-0.08422994613647461,-0.27028340101242065,0.014680981636047363]","{""acc_lim_theta"":0.8,""acc_lim_x"":0.8,""inflation_dist"":0.55,""max_vel_theta"":1.0,""max_vel_x"":1.2,""min_obstacle_dist"":0.25,""weight_obstacle"":50.0,""weight_optimaltime"":1.0,""weight_viapoint"":1.0}","{""acc_lim_theta"":0.7942302655080602,""acc_lim_x"":0.8,""inflation_dist"":0.5507798221093929,""max_vel_theta"":1.0,""max_vel_x"":1.2,""min_obstacle_dist"":0.2514763212457227,""weight_obstacle"":50.0,""weight_optimaltime"":1.0,""weight_viapoint"":1.0}","{""acc_lim_theta"":0.7942302655080602,""acc_lim_x"":0.8,""inflation_dist"":0.5507798221093929,""max_vel_theta"":1.0,""max_vel_x"":1.2,""min_obstacle_dist"":0.2514763212457227,""weight_obstacle"":50.0,""weight_optimaltime"":1.0,""weight_viapoint"":1.0}","{""acc_lim_theta"":0.7942302655080602,""acc_lim_x"":0.8,""inflation_dist"":0.5507798221093929,""max_vel_theta"":1.0,""max_vel_x"":1.2,""min_obstacle_dist"":0.2514763212457227,""weight_obstacle"":50.0,""weight_optimaltime"":1.0,""weight_viapoint"":1.0}","{""acc_lim_theta"":0.7942302655080602,""acc_lim_x"":0.8,""inflation_dist"":0.5507798221093929,""max_vel_theta"":1.0,""max_vel_x"":1.2,""min_obstacle_dist"":0.2514763212457227,""weight_obstacle"":50.0,""weight_optimaltime"":1.0,""weight_viapoint"":1.0}",false,,false,NORMAL,,false,,1.7831397007416747,2.045433566246877,-0.04500000000000029,-0.0,-0.006483483140557799,-0.20855461392640065,-0.0,-0.002255768438243443,0.0,0.0,0.0,0.0,0.0,0.0,2.3433710011886433,21.99999999999136,48.00000000000182,true,
t11_semantic_eta_no_fallback_seed104,t11_semantic_eta_no_fallback_seed104-episode-000030,1,2,100.616,99.964,99.974,100.002,100.066,100.566,0,0.5,true,,3.30369505357786,2.7378671841184423,0.06664682651165757,0.6816922461105978,30.0,0.0,25.767460588703127,1.164259081593492,0.24445162888200556,"[-0.04114985466003418,0.1620485782623291,-0.08422994613647461,-0.27028340101242065,0.014680981636047363]","[-0.09578871726989746,0.18659555912017822,-0.07542610168457031,-0.21101319789886475,0.07320916652679443]","[-0.13693857192993164,0.3486441373825073,-0.15965604782104492,-0.4812965989112854,0.0878901481628418]","{""acc_lim_theta"":0.7942302655080602,""acc_lim_x"":0.8,""inflation_dist"":0.5507798221093929,""max_vel_theta"":1.0,""max_vel_x"":1.2,""min_obstacle_dist"":0.2514763212457227,""weight_obstacle"":50.0,""weight_optimaltime"":1.0,""weight_viapoint"":1.0}","{""acc_lim_theta"":0.7902501426746399,""acc_lim_x"":0.8,""inflation_dist"":0.5514781360038793,""max_vel_theta"":1.0,""max_vel_x"":1.1988518690306003,""min_obstacle_dist"":0.25375642347413896,""weight_obstacle"":50.0,""weight_optimaltime"":1.0,""weight_viapoint"":1.0}","{""acc_lim_theta"":0.7902501426746399,""acc_lim_x"":0.8,""inflation_dist"":0.5514781360038793,""max_vel_theta"":0.999043224192167,""max_vel_x"":1.1988518690306003,""min_obstacle_dist"":0.25375642347413896,""weight_obstacle"":50.0,""weight_optimaltime"":1.0,""weight_viapoint"":1.0}","{""acc_lim_theta"":0.7902501426746399,""acc_lim_x"":0.8,""inflation_dist"":0.5514781360038793,""max_vel_theta"":0.999043224192167,""max_vel_x"":1.1988518690306003,""min_obstacle_dist"":0.25375642347413896,""weight_obstacle"":50.0,""weight_optimaltime"":1.0,""weight_viapoint"":1.0}","{""acc_lim_theta"":0.7902501426746399,""acc_lim_x"":0.8,""inflation_dist"":0.5514781360038793,""max_vel_theta"":0.999043224192167,""max_vel_x"":1.1988518690306003,""min_obstacle_dist"":0.25375642347413896,""weight_obstacle"":50.0,""weight_optimaltime"":1.0,""weight_viapoint"":1.0}",true,max_vel_theta:ackermann_turning_radius,false,NORMAL,,false,,2.746385362858754,2.8291393472970894,-0.05,-0.0,-0.030245356171712704,-1.9328088200390735e-05,-0.0,-0.002489300178422334,0.0,0.0,0.0,1.0,0.0,0.0,1.1808379931608215,27.999999999991587,91.99999999999875,true,
t11_semantic_eta_no_fallback_seed104,t11_semantic_eta_no_fallback_seed104-episode-000030,2,3,101.17,100.616,100.62,100.646,100.666,101.166,0,0.45000000000000284,true,,2.622775955632529,2.0917353343963048,0.1224621809060188,0.7268186696652975,30.0,0.0,25.71906140721518,1.166450031943384,-0.040255960436726496,"[-0.13693857192993164,0.3486441373825073,-0.15965604782104492,-0.4812965989112854,0.0878901481628418]","[-0.09317821264266968,0.15667223930358887,-0.08339887857437134,-0.16105592250823975,0.07379460334777832]","[-0.23011678457260132,0.5053163766860962,-0.24305492639541626,-0.6423525214195251,0.16168475151062012]","{""acc_lim_theta"":0.7902501426746399,""acc_lim_x"":0.8,""inflation_dist"":0.5514781360038793,""max_vel_theta"":0.999043224192167,""max_vel_x"":1.1988518690306003,""min_obstacle_dist"":0.25375642347413896,""weight_obstacle"":50.0,""weight_optimaltime"":1.0,""weight_viapoint"":1.0}","{""acc_lim_theta"":0.7874294290178354,""acc_lim_x"":0.8,""inflation_dist"":0.5522502638799377,""max_vel_theta"":0.999043224192167,""max_vel_x"":1.1965593578675242,""min_obstacle_dist"":0.25513093764029543,""weight_obstacle"":50.0,""weight_optimaltime"":1.0,""weight_viapoint"":1.0}","{""acc_lim_theta"":0.7874294290178354,""acc_lim_x"":0.8,""inflation_dist"":0.5522502638799377,""max_vel_theta"":0.9971327982229369,""max_vel_x"":1.1965593578675242,""min_obstacle_dist"":0.25513093764029543,""weight_obstacle"":50.0,""weight_optimaltime"":1.0,""weight_viapoint"":1.0}","{""acc_lim_theta"":0.7874294290178354,""acc_lim_x"":0.8,""inflation_dist"":0.5522502638799377,""max_vel_theta"":0.9971327982229369,""max_vel_x"":1.1965593578675242,""min_obstacle_dist"":0.25513093764029543,""weight_obstacle"":50.0,""weight_optimaltime"":1.0,""weight_viapoint"":1.0}","{""acc_lim_theta"":0.7874294290178354,""acc_lim_x"":0.8,""inflation_dist"":0.5522502638799377,""max_vel_theta"":0.9971327982229369,""max_vel_x"":1.1965593578675242,""min_obstacle_dist"":0.25513093764029543,""weight_obstacle"":50.0,""weight_optimaltime"":1.0,""weight_viapoint"":1.0}",true,max_vel_theta:ackermann_turning_radius,false,NORMAL,,false,,2.6036607264268166,2.655203106181121,-0.04500000000000029,-0.0,-0.004290851429031402,-1.1765892328859114e-05,-0.0,-0.0022397624329438463,0.0,0.0,0.0,1.0,0.0,0.0,1.909698999952525,25.99999999999625,45.99999999999227,true,
t11_semantic_eta_no_fallback_seed104,t11_semantic_eta_no_fallback_seed104-episode-000030,3,4,101.814,101.164,101.172,101.202,101.264,101.764,0,0.5,true,,1.9303761342812868,1.3633568508364304,0.11723693291242311,0.7166210156291616,30.0,0.0,25.9824258398219,1.1546265997234397,0.13455417871623593,"[-0.23011678457260132,0.5053163766860962,-0.24305492639541626,-0.6423525214195251,0.16168475151062012]","[-0.13376390933990479,0.10872948169708252,0.052345871925354004,-0.06888401508331299,0.1633509397506714]","[-0.3638806939125061,0.6140458583831787,-0.19070905447006226,-0.7112365365028381,0.3250356912612915]","{""acc_lim_theta"":0.7874294290178354,""acc_lim_x"":0.8,""inflation_dist"":0.5522502638799377,""max_vel_theta"":0.9971327982229369,""max_vel_x"":1.1965593578675242,""min_obstacle_dist"":0.25513093764029543,""weight_obstacle"":50.0,""weight_optimaltime"":1.0,""weight_viapoint"":1.0}","{""acc_lim_theta"":0.7856321536627229,""acc_lim_x"":0.8,""inflation_dist"":0.5517656325803201,""max_vel_theta"":0.9971327982229369,""max_vel_x"":1.1861655386217027,""min_obstacle_dist"":0.259050414374545,""weight_obstacle"":50.0,""weight_optimaltime"":1.0,""weight_viapoint"":1.0}","{""acc_lim_theta"":0.7856321536627229,""acc_lim_x"":0.8,""inflation_dist"":0.5517656325803201,""max_vel_theta"":0.9884712821847523,""max_vel_x"":1.1861655386217027,""min_obstacle_dist"":0.259050414374545,""weight_obstacle"":50.0,""weight_optimaltime"":1.0,""weight_viapoint"":1.0}","{""acc_lim_theta"":0.7856321536627229,""acc_lim_x"":0.8,""inflation_dist"":0.5517656325803201,""max_vel_theta"":0.9884712821847523,""max_vel_x"":1.1861655386217027,""min_obstacle_dist"":0.259050414374545,""weight_obstacle"":50.0,""weight_optimaltime"":1.0,""weight_viapoint"":1.0}","{""acc_lim_theta"":0.7856321536627229,""acc_lim_x"":0.8,""inflation_dist"":0.5517656325803201,""max_vel_theta"":0.9884712821847523,""max_vel_x"":1.1861655386217027,""min_obstacle_dist"":0.259050414374545,""weight_obstacle"":50.0,""weight_optimaltime"":1.0,""weight_viapoint"":1.0}",true,max_vel_theta:ackermann_turning_radius,false,NORMAL,,false,,2.7749107693082986,2.835096417224282,-0.05,-0.0,-0.004465248661480335,-0.00010021722114639249,-0.0,-0.005620182033356829,0.0,0.0,0.0,1.0,0.0,0.0,1.6645069990772754,30.000000000001137,91.99999999999875,true,
t11_semantic_eta_no_fallback_seed104,t11_semantic_eta_no_fallback_seed104-episode-000030,4,5,102.416,101.796,101.816,101.848,101.866,102.366,0,0.5,true,,1.2510749816597277,0.7159271438322663,0.07615181513688699,0.9041372364357146,30.0,0.0,30.9878245311226,0.9681221723025286,0.4323166771088917,"[-0.3638806939125061,0.6140458583831787,-0.19070905447006226,-0.7112365365028381,0.3250356912612915]","[-0.20832020044326782,0.1126178503036499,0.04766368865966797,-0.02450084686279297,0.03718924522399902]","[-0.5722008943557739,0.7266637086868286,-0.1430453658103943,-0.7357373833656311,0.3622249364852905]","{""acc_lim_theta"":0.7856321536627229,""acc_lim_x"":0.8,""inflation_dist"":0.5517656325803201,""max_vel_theta"":0.9884712821847523,""max_vel_x"":1.1861655386217027,""min_obstacle_dist"":0.259050414374545,""weight_obstacle"":50.0,""weight_optimaltime"":1.0,""weight_viapoint"":1.0}","{""acc_lim_theta"":0.7922439975928348,""acc_lim_x"":0.8,""inflation_dist"":0.5513243501156275,""max_vel_theta"":0.9884712821847523,""max_vel_x"":1.180680409807965,""min_obstacle_dist"":0.262933719398902,""weight_obstacle"":50.0,""weight_optimaltime"":1.0,""weight_viapoint"":1.0}","{""acc_lim_theta"":0.7922439975928348,""acc_lim_x"":0.8,""inflation_dist"":0.5513243501156275,""max_vel_theta"":0.9839003415066376,""max_vel_x"":1.180680409807965,""min_obstacle_dist"":0.262933719398902,""weight_obstacle"":50.0,""weight_optimaltime"":1.0,""weight_viapoint"":1.0}","{""acc_lim_theta"":0.7922439975928348,""acc_lim_x"":0.8,""inflation_dist"":0.5513243501156275,""max_vel_theta"":0.9839003415066376,""max_vel_x"":1.180680409807965,""min_obstacle_dist"":0.262933719398902,""weight_obstacle"":50.0,""weight_optimaltime"":1.0,""weight_viapoint"":1.0}","{""acc_lim_theta"":0.7922439975928348,""acc_lim_x"":0.8,""inflation_dist"":0.5513243501156275,""max_vel_theta"":0.9839003415066376,""max_vel_x"":1.180680409807965,""min_obstacle_dist"":0.262933719398902,""weight_obstacle"":50.0,""weight_optimaltime"":1.0,""weight_viapoint"":1.0}",true,max_vel_theta:ackermann_turning_radius,false,NORMAL,,false,,2.6005723382587065,2.6757391891373072,-0.05,-0.0,-0.012263149619996836,-0.0077429612908895265,-0.0,-0.0051607399677145215,0.0,0.0,0.0,1.0,0.0,0.0,1.6348970020771958,31.999999999996476,49.99999999999716,true,
t11_semantic_eta_no_fallback_seed104,t11_semantic_eta_no_fallback_seed104-episode-000030,5,6,103.964,102.416,102.418,102.45,102.462,102.962,0,0.45000000000000284,true,,0.6214055496841576,0.28160040242463474,0.007010689500451703,0.004238010590646768,30.0,0.0,600.0,0.0,0.0,"[-0.5722008943557739,0.7266637086868286,-0.1430453658103943,-0.7357373833656311,0.3622249364852905]","[-0.15433287620544434,0.07273077964782715,0.09825944900512695,-0.001507878303527832,0.06214737892150879]","[-0.7265337705612183,0.7993944883346558,-0.044785916805267334,-0.7372452616691589,0.4243723154067993]","{""acc_lim_theta"":0.7922439975928348,""acc_lim_x"":0.8,""inflation_dist"":0.5513243501156275,""max_vel_theta"":0.9839003415066376,""max_vel_x"":1.180680409807965,""min_obstacle_dist"":0.262933719398902,""weight_obstacle"":50.0,""weight_optimaltime"":1.0,""weight_viapoint"":1.0}","{""acc_lim_theta"":0.7964109042154011,""acc_lim_x"":0.8,""inflation_dist"":0.5504146393262271,""max_vel_theta"":0.9839003415066376,""max_vel_x"":1.1742201556198908,""min_obstacle_dist"":0.267257105568557,""weight_obstacle"":50.0,""weight_optimaltime"":1.0,""weight_viapoint"":1.0}","{""acc_lim_theta"":0.7964109042154011,""acc_lim_x"":0.8,""inflation_dist"":0.5504146393262271,""max_vel_theta"":0.9785167963499091,""max_vel_x"":1.1742201556198908,""min_obstacle_dist"":0.267257105568557,""weight_obstacle"":50.0,""weight_optimaltime"":1.0,""weight_viapoint"":1.0}","{""acc_lim_theta"":0.7964109042154011,""acc_lim_x"":0.8,""inflation_dist"":0.5504146393262271,""max_vel_theta"":0.9785167963499091,""max_vel_x"":1.1742201556198908,""min_obstacle_dist"":0.267257105568557,""weight_obstacle"":50.0,""weight_optimaltime"":1.0,""weight_viapoint"":1.0}","{""acc_lim_theta"":0.7964109042154011,""acc_lim_x"":0.8,""inflation_dist"":0.5504146393262271,""max_vel_theta"":0.9785167963499091,""max_vel_x"":1.1742201556198908,""min_obstacle_dist"":0.267257105568557,""weight_obstacle"":50.0,""weight_optimaltime"":1.0,""weight_viapoint"":1.0}",true,max_vel_theta:ackermann_turning_radius,false,NORMAL,,false,,11.60403115841694,1.6990257362976144,-0.04500000000000029,-0.0,-0.004454960068576218,-0.04035520125750238,-0.0,-0.005184416554595096,10.0,0.0,0.0,1.0,0.0,0.0,1.5637500036973506,31.999999999996476,43.99999999999693,true,
t11_semantic_eta_no_fallback_seed104,t11_semantic_eta_no_fallback_seed104-episode-000031,0,1,105.562,104.976,104.98,105.004,105.012,105.512,0,0.5,true,,5.1811638562651305,4.812031029326611,0.1596860758955833,0.37815378073682626,1.2303175459786297,1.0,1.5291488482426827,0.8045767077498873,-0.6704441623281479,"[0.0,0.0,0.0,0.0,0.0]","[-0.016566336154937744,-0.044213056564331055,0.1672598123550415,-0.2851523160934448,-0.13564550876617432]","[-0.016566336154937744,-0.044213056564331055,0.1672598123550415,-0.2851523160934448,-0.13564550876617432]","{""acc_lim_theta"":0.8,""acc_lim_x"":0.8,""inflation_dist"":0.55,""max_vel_theta"":1.0,""max_vel_x"":1.2,""min_obstacle_dist"":0.25,""weight_obstacle"":50.0,""weight_optimaltime"":1.0,""weight_viapoint"":1.0}","{""acc_lim_theta"":0.7978849797439547,""acc_lim_x"":0.8,""inflation_dist"":0.55,""max_vel_theta"":1.0,""max_vel_x"":1.2,""min_obstacle_dist"":0.25347901094418507,""weight_obstacle"":50.73244137769142,""weight_optimaltime"":0.9955786943435669,""weight_viapoint"":1.0}","{""acc_lim_theta"":0.7978849797439547,""acc_lim_x"":0.8,""inflation_dist"":0.55,""max_vel_theta"":1.0,""max_vel_x"":1.2,""min_obstacle_dist"":0.25347901094418507,""weight_obstacle"":50.73244137769142,""weight_optimaltime"":0.9955786943435669,""weight_viapoint"":1.0}","{""acc_lim_theta"":0.7978849797439547,""acc_lim_x"":0.8,""inflation_dist"":0.55,""max_vel_theta"":1.0,""max_vel_x"":1.2,""min_obstacle_dist"":0.25347901094418507,""weight_obstacle"":50.73244137769142,""weight_optimaltime"":0.9955786943435669,""weight_viapoint"":1.0}","{""acc_lim_theta"":0.7978849797439547,""acc_lim_x"":0.8,""inflation_dist"":0.55,""max_vel_theta"":1.0,""max_vel_x"":1.2,""min_obstacle_dist"":0.25347901094418507,""weight_obstacle"":50.73244137769142,""weight_optimaltime"":0.9955786943435669,""weight_viapoint"":1.0}",false,,false,NORMAL,,false,,1.6772574581088302,1.8456641346925995,-0.05,-0.0,-0.004996562261109326,-0.10914061099430526,-0.0,-0.004269503328354829,0.0,0.0,0.0,0.0,0.0,0.0,2.3727510051685385,24.00000000000091,31.999999999996476,true,
t11_semantic_eta_no_fallback_seed104,t11_semantic_eta_no_fallback_seed104-episode-000031,1,2,105.562,105.562,,,,105.562,0,0.0,true,,4.76695751437009,4.76695751437009,0.1596860758955833,0.37815378073682626,1.2303175459786297,1.0,1.5291488482426827,0.8045767077498873,-0.6704441623281479,"[-0.016566336154937744,-0.044213056564331055,0.1672598123550415,-0.2851523160934448,-0.13564550876617432]","[-0.29181498289108276,0.11875629425048828,0.3814997673034668,-0.07076233625411987,-0.08855956792831421]","[-0.3083813190460205,0.07454323768615723,0.5487595796585083,-0.3559146523475647,-0.22420507669448853]","{""acc_lim_theta"":0.7978849797439547,""acc_lim_x"":0.8,""inflation_dist"":0.55,""max_vel_theta"":1.0,""max_vel_x"":1.2,""min_obstacle_dist"":0.25347901094418507,""weight_obstacle"":50.73244137769142,""weight_optimaltime"":0.9955786943435669,""weight_viapoint"":1.0}","{""acc_lim_theta"":0.8,""acc_lim_x"":0.8,""inflation_dist"":0.55,""max_vel_theta"":1.0,""max_vel_x"":1.2,""min_obstacle_dist"":0.2664859216958543,""weight_obstacle"":51.21063407666965,""weight_optimaltime"":1.0,""weight_viapoint"":1.0}","{""acc_lim_theta"":0.8,""acc_lim_x"":0.8,""inflation_dist"":0.55,""max_vel_theta"":1.0,""max_vel_x"":1.2,""min_obstacle_dist"":0.2664859216958543,""weight_obstacle"":51.21063407666965,""weight_optimaltime"":1.0,""weight_viapoint"":1.0}","{""acc_lim_theta"":0.8,""acc_lim_x"":0.8,""inflation_dist"":0.55,""max_vel_theta"":1.0,""max_vel_x"":1.2,""min_obstacle_dist"":0.2664859216958543,""weight_obstacle"":51.21063407666965,""weight_optimaltime"":1.0,""weight_viapoint"":1.0}","{""acc_lim_theta"":0.7978849797439547,""acc_lim_x"":0.8,""inflation_dist"":0.55,""max_vel_theta"":1.0,""max_vel_x"":1.2,""min_obstacle_dist"":0.25347901094418507,""weight_obstacle"":50.73244137769142,""weight_optimaltime"":0.9955786943435669,""weight_viapoint"":1.0}",false,,false,NORMAL,margin:emergency|ablation:no_conservative_parameter_fallback,false,,0.0,0.0,0.0,0.0,0.0,0.0,0.0,0.0,0.0,0.0,0.0,0.0,0.0,0.0,1.2148829991929233,0.0,0.0,false,safety_emergency_stop
t11_semantic_eta_no_fallback_seed104,t11_semantic_eta_no_fallback_seed104-episode-000032,0,1,107.17,106.596,106.6,106.626,106.668,107.168,0,0.45000000000000284,true,,4.952346833742184,4.588666725373734,0.08980377057455162,0.12516413503983836,0.5159386444840219,0.849802371541502,0.48197777467795944,1.0704614851353964,0.0180896127806793,"[0.0,0.0,0.0,0.0,0.0]","[-0.9535421133041382,-0.6097564697265625,0.6655855178833008,-0.2971489429473877,-0.2854878306388855]","[-0.9535421133041382,-0.6097564697265625,0.6655855178833008,-0.2971489429473877,-0.2854878306388855]","{""acc_lim_theta"":0.8,""acc_lim_x"":0.8,""inflation_dist"":0.55,""max_vel_theta"":1.0,""max_vel_x"":1.2,""min_obstacle_dist"":0.25,""weight_obstacle"":50.0,""weight_optimaltime"":1.0,""weight_viapoint"":1.0}","{""acc_lim_theta"":0.8,""acc_lim_x"":0.784513818135583,""inflation_dist"":0.55,""max_vel_theta"":1.0,""max_vel_x"":1.2,""min_obstacle_dist"":0.25382516967164104,""weight_obstacle"":51.541540902380575,""weight_optimaltime"":0.9390243530273438,""weight_viapoint"":1.0}","{""acc_lim_theta"":0.8,""acc_lim_x"":0.784513818135583,""inflation_dist"":0.55,""max_vel_theta"":1.0,""max_vel_x"":1.2,""min_obstacle_dist"":0.25382516967164104,""weight_obstacle"":51.541540902380575,""weight_optimaltime"":0.9390243530273438,""weight_viapoint"":1.0}","{""acc_lim_theta"":0.8,""acc_lim_x"":0.784513818135583,""inflation_dist"":0.55,""max_vel_theta"":1.0,""max_vel_x"":1.2,""min_obstacle_dist"":0.25382516967164104,""weight_obstacle"":51.541540902380575,""weight_optimaltime"":0.9390243530273438,""weight_viapoint"":1.0}","{""acc_lim_theta"":0.8,""acc_lim_x"":0.784513818135583,""inflation_dist"":0.55,""max_vel_theta"":1.0,""max_vel_x"":1.2,""min_obstacle_dist"":0.25382516967164104,""weight_obstacle"":51.541540902380575,""weight_optimaltime"":0.9390243530273438,""weight_viapoint"":1.0}",false,,false,NORMAL,margin:warning|safety_mode:WARNING:conservative_filter,false,,1.57764560980584,1.8184005418422489,-0.04500000000000029,-0.008719673936179857,-0.0017899580534070504,-0.1645654755127683,-0.0,-0.020679824534053082,0.0,0.0,0.0,0.0,0.0,0.0,2.065881999442354,26.00000000001046,68.00000000001205,true,
t11_semantic_eta_no_fallback_seed104,t11_semantic_eta_no_fallback_seed104-episode-000032,1,2,107.17,107.17,,,,107.17,0,0.0,true,,4.546357206647415,4.546357206647415,0.08980377057455162,0.12516413503983836,0.5159386444840219,0.849802371541502,0.48197777467795944,1.0704614851353964,0.0180896127806793,"[-0.9535421133041382,-0.6097564697265625,0.6655855178833008,-0.2971489429473877,-0.2854878306388855]","[-0.9779962301254272,-0.5741838812828064,0.676811695098877,-0.3379307985305786,-0.19703692197799683]","[-1.0,-1.0,1.0,-0.6350797414779663,-0.4825247526168823]","{""acc_lim_theta"":0.8,""acc_lim_x"":0.784513818135583,""inflation_dist"":0.55,""max_vel_theta"":1.0,""max_vel_x"":1.2,""min_obstacle_dist"":0.25382516967164104,""weight_obstacle"":51.541540902380575,""weight_optimaltime"":0.9390243530273438,""weight_viapoint"":1.0}","{""acc_lim_theta"":0.8,""acc_lim_x"":0.7714338931984271,""inflation_dist"":0.55,""max_vel_theta"":1.0,""max_vel_x"":1.2,""min_obstacle_dist"":0.2587739301562108,""weight_obstacle"":52.605475830284576,""weight_optimaltime"":0.8816059648990631,""weight_viapoint"":1.0}","{""acc_lim_theta"":0.8,""acc_lim_x"":0.7714338931984271,""inflation_dist"":0.55,""max_vel_theta"":1.0,""max_vel_x"":1.2,""min_obstacle_dist"":0.2587739301562108,""weight_obstacle"":52.605475830284576,""weight_optimaltime"":0.8816059648990631,""weight_viapoint"":1.0}","{""acc_lim_theta"":0.8,""acc_lim_x"":0.7714338931984271,""inflation_dist"":0.55,""max_vel_theta"":1.0,""max_vel_x"":1.2,""min_obstacle_dist"":0.2587739301562108,""weight_obstacle"":52.605475830284576,""weight_optimaltime"":0.8816059648990631,""weight_viapoint"":1.0}","{""acc_lim_theta"":0.8,""acc_lim_x"":0.784513818135583,""inflation_dist"":0.55,""max_vel_theta"":1.0,""max_vel_x"":1.2,""min_obstacle_dist"":0.25382516967164104,""weight_obstacle"":51.541540902380575,""weight_optimaltime"":0.9390243530273438,""weight_viapoint"":1.0}",false,,false,NORMAL,margin:emergency|ablation:no_conservative_parameter_fallback,false,,0.0,0.0,0.0,0.0,0.0,0.0,0.0,0.0,0.0,0.0,0.0,0.0,0.0,0.0,0.7404169955407269,0.0,0.0,false,safety_emergency_stop
t11_semantic_eta_no_fallback_seed104,t11_semantic_eta_no_fallback_seed104-episode-000033,0,1,108.822,108.216,108.218,108.242,108.272,108.772,0,0.5,true,,3.003095922872841,2.5046431017255446,0.042745315228536286,0.014445441630197035,30.0,0.0,25.715703213919234,1.1666023577283233,-0.005387352635531158,"[0.0,0.0,0.0,0.0,0.0]","[0.1029442548751831,0.09027719497680664,-0.1237289309501648,-0.07563996315002441,-0.053206026554107666]","[0.1029442548751831,0.09027719497680664,-0.1237289309501648,-0.07563996315002441,-0.053206026554107666]","{""acc_lim_theta"":0.8,""acc_lim_x"":0.8,""inflation_dist"":0.55,""max_vel_theta"":1.0,""max_vel_x"":1.2,""min_obstacle_dist"":0.25,""weight_obstacle"":50.0,""weight_optimaltime"":1.0,""weight_viapoint"":1.0}","{""acc_lim_theta"":0.7956423868885552,""acc_lim_x"":0.8,""inflation_dist"":0.5511455136842918,""max_vel_theta"":1.0,""max_vel_x"":1.2,""min_obstacle_dist"":0.25,""weight_obstacle"":50.287295139700895,""weight_optimaltime"":1.0,""weight_viapoint"":1.0}","{""acc_lim_theta"":0.7956423868885552,""acc_lim_x"":0.8,""inflation_dist"":0.5511455136842918,""max_vel_theta"":1.0,""max_vel_x"":1.2,""min_obstacle_dist"":0.25,""weight_obstacle"":50.287295139700895,""weight_optimaltime"":1.0,""weight_viapoint"":1.0}","{""acc_lim_theta"":0.7956423868885552,""acc_lim_x"":0.8,""inflation_dist"":0.5511455136842918,""max_vel_theta"":1.0,""max_vel_x"":1.2,""min_obstacle_dist"":0.25,""weight_obstacle"":50.287295139700895,""weight_optimaltime"":1.0,""weight_viapoint"":1.0}","{""acc_lim_theta"":0.7956423868885552,""acc_lim_x"":0.8,""inflation_dist"":0.5511455136842918,""max_vel_theta"":1.0,""max_vel_x"":1.2,""min_obstacle_dist"":0.25,""weight_obstacle"":50.287295139700895,""weight_optimaltime"":1.0,""weight_viapoint"":1.0}",false,,false,NORMAL,,false,,2.248253517768548,2.4922641057364814,-0.05,-0.0,-0.001134653558506607,-0.19088465122808101,-0.0,-0.001991283181346361,0.0,0.0,0.0,0.0,0.0,0.0,1.907673002278898,24.00000000000091,54.000000000002046,true,
t11_semantic_eta_no_fallback_seed104,t11_semantic_eta_no_fallback_seed104-episode-000033,1,2,109.372,108.816,108.826,108.848,108.87,109.37,0,0.45000000000000284,true,,2.3879829988749526,1.8517611089436903,0.03452152792456379,0.014747687894840593,30.0,0.0,25.713420215688014,1.166705935980337,-0.005386104367428644,"[0.1029442548751831,0.09027719497680664,-0.1237289309501648,-0.07563996315002441,-0.053206026554107666]","[0.09830522537231445,0.08980357646942139,-0.0885280966758728,-0.033621907234191895,-0.017935216426849365]","[0.20124948024749756,0.18008077144622803,-0.2122570276260376,-0.10926187038421631,-0.07114124298095703]","{""acc_lim_theta"":0.7956423868885552,""acc_lim_x"":0.8,""inflation_dist"":0.5511455136842918,""max_vel_theta"":1.0,""max_vel_x"":1.2,""min_obstacle_dist"":0.25,""weight_obstacle"":50.287295139700895,""weight_optimaltime"":1.0,""weight_viapoint"":1.0}","{""acc_lim_theta"":0.7913726392793476,""acc_lim_x"":0.8,""inflation_dist"":0.5519651291566614,""max_vel_theta"":1.0,""max_vel_x"":1.2,""min_obstacle_dist"":0.25,""weight_obstacle"":50.38413944179659,""weight_optimaltime"":1.0,""weight_viapoint"":1.0}","{""acc_lim_theta"":0.7913726392793476,""acc_lim_x"":0.8,""inflation_dist"":0.5519651291566614,""max_vel_theta"":1.0,""max_vel_x"":1.2,""min_obstacle_dist"":0.25,""weight_obstacle"":50.38413944179659,""weight_optimaltime"":1.0,""weight_viapoint"":1.0}","{""acc_lim_theta"":0.7913726392793476,""acc_lim_x"":0.8,""inflation_dist"":0.5519651291566614,""max_vel_theta"":1.0,""max_vel_x"":1.2,""min_obstacle_dist"":0.25,""weight_obstacle"":50.38413944179659,""weight_optimaltime"":1.0,""weight_viapoint"":1.0}","{""acc_lim_theta"":0.7913726392793476,""acc_lim_x"":0.8,""inflation_dist"":0.5519651291566614,""max_vel_theta"":1.0,""max_vel_x"":1.2,""min_obstacle_dist"":0.25,""weight_obstacle"":50.38413944179659,""weight_optimaltime"":1.0,""weight_viapoint"":1.0}",false,,false,NORMAL,,false,,2.6339393465725927,2.6811094496563115,-0.04500000000000029,-0.0,-0.000672986791145657,-1.8149368308672831e-06,-0.0,-0.0014953013557417391,0.0,0.0,0.0,0.0,0.0,0.0,1.799621997633949,22.00000000000557,44.00000000001114,true,
t11_semantic_eta_no_fallback_seed104,t11_semantic_eta_no_fallback_seed104-episode-000033,2,3,109.97,109.368,109.374,109.402,109.468,109.968,0,0.45000000000000284,true,,1.6885331150472451,1.15221455991259,0.025338387505069098,0.012811600312456437,30.0,0.0,25.73644237782675,1.1656622760668165,-0.0031754236598195854,"[0.20124948024749756,0.18008077144622803,-0.2122570276260376,-0.10926187038421631,-0.07114124298095703]","[0.08476042747497559,0.05791306495666504,-0.0238492488861084,-0.01514357328414917,-0.012407004833221436]","[0.28600990772247314,0.23799383640289307,-0.236106276512146,-0.12440544366836548,-0.08354824781417847]","{""acc_lim_theta"":0.7913726392793476,""acc_lim_x"":0.8,""inflation_dist"":0.5519651291566614,""max_vel_theta"":1.0,""max_vel_x"":1.2,""min_obstacle_dist"":0.25,""weight_obstacle"":50.38413944179659,""weight_optimaltime"":1.0,""weight_viapoint"":1.0}","{""acc_lim_theta"":0.7879449713621848,""acc_lim_x"":0.8,""inflation_dist"":0.5521859315247843,""max_vel_theta"":1.0,""max_vel_x"":1.2,""min_obstacle_dist"":0.2506958435162297,""weight_obstacle"":50.4511332095647,""weight_optimaltime"":1.0,""weight_viapoint"":1.0}","{""acc_lim_theta"":0.7879449713621848,""acc_lim_x"":0.8,""inflation_dist"":0.5521859315247843,""max_vel_theta"":1.0,""max_vel_x"":1.2,""min_obstacle_dist"":0.2506958435162297,""weight_obstacle"":50.4511332095647,""weight_optimaltime"":1.0,""weight_viapoint"":1.0}","{""acc_lim_theta"":0.7879449713621848,""acc_lim_x"":0.8,""inflation_dist"":0.5521859315247843,""max_vel_theta"":1.0,""max_vel_x"":1.2,""min_obstacle_dist"":0.2506958435162297,""weight_obstacle"":50.4511332095647,""weight_optimaltime"":1.0,""weight_viapoint"":1.0}","{""acc_lim_theta"":0.7879449713621848,""acc_lim_x"":0.8,""inflation_dist"":0.5521859315247843,""max_vel_theta"":1.0,""max_vel_x"":1.2,""min_obstacle_dist"":0.2506958435162297,""weight_obstacle"":50.4511332095647,""weight_optimaltime"":1.0,""weight_viapoint"":1.0}",false,,false,NORMAL,,false,,2.6348821702682415,2.681592775673276,-0.04500000000000029,-0.0,-0.0003753788946454416,-2.898198177399399e-06,-0.0,-0.0013323283122110869,0.0,0.0,0.0,0.0,0.0,0.0,1.6882220006664284,28.000000000005798,94.0000000000083,true,
t11_semantic_eta_no_fallback_seed104,t11_semantic_eta_no_fallback_seed104-episode-000033,3,4,111.878,109.966,109.974,109.998,110.068,110.568,0,0.5,true,,0.9890117629244212,0.49208286505823934,0.0048667155110740596,0.001290501751134815,30.0,0.0,600.0,0.0,0.0,"[0.28600990772247314,0.23799383640289307,-0.236106276512146,-0.12440544366836548,-0.08354824781417847]","[0.03265535831451416,0.052197813987731934,-0.04416155815124512,-0.012605249881744385,-0.02569270133972168]","[0.3186652660369873,0.290191650390625,-0.2802678346633911,-0.13701069355010986,-0.10924094915390015]","{""acc_lim_theta"":0.7879449713621848,""acc_lim_x"":0.8,""inflation_dist"":0.5521859315247843,""max_vel_theta"":1.0,""max_vel_x"":1.2,""min_obstacle_dist"":0.2506958435162297,""weight_obstacle"":50.4511332095647,""weight_optimaltime"":1.0,""weight_viapoint"":1.0}","{""acc_lim_theta"":0.7871511966212645,""acc_lim_x"":0.8,""inflation_dist"":0.5525947903809421,""max_vel_theta"":1.0,""max_vel_x"":1.2,""min_obstacle_dist"":0.25071319158075217,""weight_obstacle"":50.58986539271659,""weight_optimaltime"":1.0,""weight_viapoint"":1.0}","{""acc_lim_theta"":0.7871511966212645,""acc_lim_x"":0.8,""inflation_dist"":0.5525947903809421,""max_vel_theta"":1.0,""max_vel_x"":1.2,""min_obstacle_dist"":0.25071319158075217,""weight_obstacle"":50.58986539271659,""weight_optimaltime"":1.0,""weight_viapoint"":1.0}","{""acc_lim_theta"":0.7871511966212645,""acc_lim_x"":0.8,""inflation_dist"":0.5525947903809421,""max_vel_theta"":1.0,""max_vel_x"":1.2,""min_obstacle_dist"":0.25071319158075217,""weight_obstacle"":50.58986539271659,""weight_optimaltime"":1.0,""weight_viapoint"":1.0}","{""acc_lim_theta"":0.7871511966212645,""acc_lim_x"":0.8,""inflation_dist"":0.5525947903809421,""max_vel_theta"":1.0,""max_vel_x"":1.2,""min_obstacle_dist"":0.25071319158075217,""weight_obstacle"":50.58986539271659,""weight_optimaltime"":1.0,""weight_viapoint"":1.0}",false,,false,NORMAL,,false,,12.412691212923791,2.484644489330909,-0.05,-0.0,-0.0002140926575010313,-0.02113951965622951,-0.0,-0.0005996640933878839,10.0,0.0,0.0,0.0,0.0,0.0,2.7895259991055354,24.00000000000091,93.99999999999409,true,
t11_semantic_eta_no_fallback_seed104,t11_semantic_eta_no_fallback_seed104-episode-000034,0,1,113.448,112.856,112.858,112.882,112.898,113.398,0,0.5,true,,3.838175461849759,3.39510165042087,0.23046425902858753,0.4041261782317933,30.0,0.0,25.719399942014803,1.166434678399805,0.5953048115257742,"[0.0,0.0,0.0,0.0,0.0]","[-0.024888694286346436,0.141715407371521,-0.07984519004821777,-0.2898727059364319,0.035334229469299316]","[-0.024888694286346436,0.141715407371521,-0.07984519004821777,-0.2898727059364319,0.035334229469299316]","{""acc_lim_theta"":0.8,""acc_lim_x"":0.8,""inflation_dist"":0.55,""max_vel_theta"":1.0,""max_vel_x"":1.2,""min_obstacle_dist"":0.25,""weight_obstacle"":50.0,""weight_optimaltime"":1.0,""weight_viapoint"":1.0}","{""acc_lim_theta"":0.7923712898547763,""acc_lim_x"":0.8,""inflation_dist"":0.5507392269303769,""max_vel_theta"":1.0,""max_vel_x"":1.2,""min_obstacle_dist"":0.25112469691753503,""weight_obstacle"":50.0,""weight_optimaltime"":1.0,""weight_viapoint"":1.0}","{""acc_lim_theta"":0.7923712898547763,""acc_lim_x"":0.8,""inflation_dist"":0.5507392269303769,""max_vel_theta"":1.0,""max_vel_x"":1.2,""min_obstacle_dist"":0.25112469691753503,""weight_obstacle"":50.0,""weight_optimaltime"":1.0,""weight_viapoint"":1.0}","{""acc_lim_theta"":0.7923712898547763,""acc_lim_x"":0.8,""inflation_dist"":0.5507392269303769,""max_vel_theta"":1.0,""max_vel_x"":1.2,""min_obstacle_dist"":0.25112469691753503,""weight_obstacle"":50.0,""weight_optimaltime"":1.0,""weight_viapoint"":1.0}","{""acc_lim_theta"":0.7923712898547763,""acc_lim_x"":0.8,""inflation_dist"":0.5507392269303769,""max_vel_theta"":1.0,""max_vel_x"":1.2,""min_obstacle_dist"":0.25112469691753503,""weight_obstacle"":50.0,""weight_optimaltime"":1.0,""weight_viapoint"":1.0}",false,,false,NORMAL,,false,,1.9666638344826122,2.215369057144445,-0.05,-0.0,-0.007191582440415187,-0.18894537622370453,-0.0,-0.002568263997713329,0.0,0.0,0.0,0.0,0.0,0.0,1.6054559964686632,24.00000000000091,39.99999999999204,true,
t11_semantic_eta_no_fallback_seed104,t11_semantic_eta_no_fallback_seed104-episode-000034,1,2,114.05,113.436,113.452,113.476,113.5,114.0,0,0.5,true,,3.285767535768347,2.720164543561486,0.06578067447236155,0.6572640738021135,30.0,0.0,25.752104519042163,1.1649533333408448,0.242792096747191,"[-0.024888694286346436,0.141715407371521,-0.07984519004821777,-0.2898727059364319,0.035334229469299316]","[-0.0936315655708313,0.18998491764068604,-0.08234149217605591,-0.21657848358154297,0.06372833251953125]","[-0.11852025985717773,0.33170032501220703,-0.16218668222427368,-0.5064511895179749,0.09906256198883057]","{""acc_lim_theta"":0.7923712898547763,""acc_lim_x"":0.8,""inflation_dist"":0.5507392269303769,""max_vel_theta"":1.0,""max_vel_x"":1.2,""min_obstacle_dist"":0.25112469691753503,""weight_obstacle"":50.0,""weight_optimaltime"":1.0,""weight_viapoint"":1.0}","{""acc_lim_theta"":0.7884778735278433,""acc_lim_x"":0.8,""inflation_dist"":0.5515015652561697,""max_vel_theta"":1.0,""max_vel_x"":1.1995722591653253,""min_obstacle_dist"":0.25329701847059893,""weight_obstacle"":50.0,""weight_optimaltime"":1.0,""weight_viapoint"":1.0}","{""acc_lim_theta"":0.7884778735278433,""acc_lim_x"":0.8,""inflation_dist"":0.5515015652561697,""max_vel_theta"":0.9996435493044378,""max_vel_x"":1.1995722591653253,""min_obstacle_dist"":0.25329701847059893,""weight_obstacle"":50.0,""weight_optimaltime"":1.0,""weight_viapoint"":1.0}","{""acc_lim_theta"":0.7884778735278433,""acc_lim_x"":0.8,""inflation_dist"":0.5515015652561697,""max_vel_theta"":0.9996435493044378,""max_vel_x"":1.1995722591653253,""min_obstacle_dist"":0.25329701847059893,""weight_obstacle"":50.0,""weight_optimaltime"":1.0,""weight_viapoint"":1.0}","{""acc_lim_theta"":0.7884778735278433,""acc_lim_x"":0.8,""inflation_dist"":0.5515015652561697,""max_vel_theta"":0.9996435493044378,""max_vel_x"":1.1995722591653253,""min_obstacle_dist"":0.25329701847059893,""weight_obstacle"":50.0,""weight_optimaltime"":1.0,""weight_viapoint"":1.0}",true,max_vel_theta:ackermann_turning_radius,false,NORMAL,,false,,2.7484664004823967,2.828014961034304,-0.05,-0.0,-0.027339622322325327,-6.264298172184691e-06,-0.0,-0.0022026739314102233,0.0,0.0,0.0,1.0,0.0,0.0,1.7098079988500103,24.00000000000091,48.00000000000182,true,
t11_semantic_eta_no_fallback_seed104,t11_semantic_eta_no_fallback_seed104-episode-000034,2,3,114.6,114.036,114.052,114.084,114.098,114.598,0,0.45000000000000284,true,,2.6051118868140497,2.097269825883931,0.1270073272630529,0.7029750854234992,30.0,0.0,25.779812537917437,1.1637012470853088,-0.0471837907746421,"[-0.11852025985717773,0.33170032501220703,-0.16218668222427368,-0.5064511895179749,0.09906256198883057]","[-0.09280622005462646,0.15621495246887207,-0.08617609739303589,-0.15763545036315918,0.07423090934753418]","[-0.2113264799118042,0.4879152774810791,-0.24836277961730957,-0.664086639881134,0.17329347133636475]","{""acc_lim_theta"":0.7884778735278433,""acc_lim_x"":0.8,""inflation_dist"":0.5515015652561697,""max_vel_theta"":0.9996435493044378,""max_vel_x"":1.1995722591653253,""min_obstacle_dist"":0.25329701847059893,""weight_obstacle"":50.0,""weight_optimaltime"":1.0,""weight_viapoint"":1.0}","{""acc_lim_theta"":0.7857153855441982,""acc_lim_x"":0.8,""inflation_dist"":0.552299405325299,""max_vel_theta"":0.9996435493044378,""max_vel_x"":1.1971819801528416,""min_obstacle_dist"":0.25458625067600793,""weight_obstacle"":50.0,""weight_optimaltime"":1.0,""weight_viapoint"":1.0}","{""acc_lim_theta"":0.7857153855441982,""acc_lim_x"":0.8,""inflation_dist"":0.552299405325299,""max_vel_theta"":0.997651650127368,""max_vel_x"":1.1971819801528416,""min_obstacle_dist"":0.25458625067600793,""weight_obstacle"":50.0,""weight_optimaltime"":1.0,""weight_viapoint"":1.0}","{""acc_lim_theta"":0.7857153855441982,""acc_lim_x"":0.8,""inflation_dist"":0.552299405325299,""max_vel_theta"":0.997651650127368,""max_vel_x"":1.1971819801528416,""min_obstacle_dist"":0.25458625067600793,""weight_obstacle"":50.0,""weight_optimaltime"":1.0,""weight_viapoint"":1.0}","{""acc_lim_theta"":0.7857153855441982,""acc_lim_x"":0.8,""inflation_dist"":0.552299405325299,""max_vel_theta"":0.997651650127368,""max_vel_x"":1.1971819801528416,""min_obstacle_dist"":0.25458625067600793,""weight_obstacle"":50.0,""weight_optimaltime"":1.0,""weight_viapoint"":1.0}",true,max_vel_theta:ackermann_turning_radius,false,NORMAL,,false,,2.4873792286293765,2.5392103046505943,-0.04500000000000029,-0.0,-0.004576715743888014,-2.3331422961388255e-05,-0.0,-0.002231028854368287,0.0,0.0,0.0,1.0,0.0,0.0,1.4580250062863342,31.999999999996476,45.99999999999227,true,
t11_semantic_eta_no_fallback_seed104,t11_semantic_eta_no_fallback_seed104-episode-000034,3,4,115.2,114.598,114.604,114.63,114.698,115.198,0,0.45000000000000284,true,,1.9129763468464092,1.4133667921534485,0.10147862203537557,0.6969242547947665,30.0,0.0,25.937373747622274,1.15663213600221,0.10465280329573885,"[-0.2113264799118042,0.4879152774810791,-0.24836277961730957,-0.664086639881134,0.17329347133636475]","[-0.13742268085479736,0.10804188251495361,0.04879581928253174,-0.07585036754608154,0.16485631465911865]","[-0.34874916076660156,0.5959571599960327,-0.19956696033477783,-0.7399370074272156,0.3381497859954834]","{""acc_lim_theta"":0.7857153855441982,""acc_lim_x"":0.8,""inflation_dist"":0.552299405325299,""max_vel_theta"":0.997651650127368,""max_vel_x"":1.1971819801528416,""min_obstacle_dist"":0.25458625067600793,""weight_obstacle"":50.0,""weight_optimaltime"":1.0,""weight_viapoint"":1.0}","{""acc_lim_theta"":0.7838374952371687,""acc_lim_x"":0.8,""inflation_dist"":0.551847641309437,""max_vel_theta"":0.997651650127368,""max_vel_x"":1.1867939529959484,""min_obstacle_dist"":0.25839433332712314,""weight_obstacle"":50.0,""weight_optimaltime"":1.0,""weight_viapoint"":1.0}","{""acc_lim_theta"":0.7838374952371687,""acc_lim_x"":0.8,""inflation_dist"":0.551847641309437,""max_vel_theta"":0.988994960829957,""max_vel_x"":1.1867939529959484,""min_obstacle_dist"":0.25839433332712314,""weight_obstacle"":50.0,""weight_optimaltime"":1.0,""weight_viapoint"":1.0}","{""acc_lim_theta"":0.7838374952371687,""acc_lim_x"":0.8,""inflation_dist"":0.551847641309437,""max_vel_theta"":0.988994960829957,""max_vel_x"":1.1867939529959484,""min_obstacle_dist"":0.25839433332712314,""weight_obstacle"":50.0,""weight_optimaltime"":1.0,""weight_viapoint"":1.0}","{""acc_lim_theta"":0.7838374952371687,""acc_lim_x"":0.8,""inflation_dist"":0.551847641309437,""max_vel_theta"":0.988994960829957,""max_vel_x"":1.1867939529959484,""min_obstacle_dist"":0.25839433332712314,""weight_obstacle"":50.0,""weight_optimaltime"":1.0,""weight_viapoint"":1.0}",true,max_vel_theta:ackermann_turning_radius,false,NORMAL,,false,,2.4444635556429235,2.498047773464803,-0.04500000000000029,-0.0,-0.0027334677933252096,-0.0002662932392831372,-0.0,-0.005584456789271289,0.0,0.0,0.0,1.0,0.0,0.0,1.5383950012619607,25.99999999999625,93.99999999999409,true,
t11_semantic_eta_no_fallback_seed104,t11_semantic_eta_no_fallback_seed104-episode-000034,4,5,115.848,115.198,115.204,115.23,115.298,115.798,0,0.5,true,,1.2338534432688808,0.6954252131651869,0.0752498876003382,0.895817669776638,30.0,0.0,30.97094843546679,0.9686497028823665,0.47224461892347946,"[-0.34874916076660156,0.5959571599960327,-0.19956696033477783,-0.7399370074272156,0.3381497859954834]","[-0.2080526351928711,0.12181007862091064,0.02558612823486328,-0.040309250354766846,0.022288918495178223]","[-0.5568017959594727,0.7177672386169434,-0.17398083209991455,-0.7802462577819824,0.3604387044906616]","{""acc_lim_theta"":0.7838374952371687,""acc_lim_x"":0.8,""inflation_dist"":0.551847641309437,""max_vel_theta"":0.988994960829957,""max_vel_x"":1.1867939529959484,""min_obstacle_dist"":0.25839433332712314,""weight_obstacle"":50.0,""weight_optimaltime"":1.0,""weight_viapoint"":1.0}","{""acc_lim_theta"":0.790531152737224,""acc_lim_x"":0.8,""inflation_dist"":0.5516107584737412,""max_vel_theta"":0.988994960829957,""max_vel_x"":1.1825465142780864,""min_obstacle_dist"":0.2618959381367518,""weight_obstacle"":50.0,""weight_optimaltime"":1.0,""weight_viapoint"":1.0}","{""acc_lim_theta"":0.790531152737224,""acc_lim_x"":0.8,""inflation_dist"":0.5516107584737412,""max_vel_theta"":0.9854554285650721,""max_vel_x"":1.1825465142780864,""min_obstacle_dist"":0.2618959381367518,""weight_obstacle"":50.0,""weight_optimaltime"":1.0,""weight_viapoint"":1.0}","{""acc_lim_theta"":0.790531152737224,""acc_lim_x"":0.8,""inflation_dist"":0.5516107584737412,""max_vel_theta"":0.9854554285650721,""max_vel_x"":1.1825465142780864,""min_obstacle_dist"":0.2618959381367518,""weight_obstacle"":50.0,""weight_optimaltime"":1.0,""weight_viapoint"":1.0}","{""acc_lim_theta"":0.790531152737224,""acc_lim_x"":0.8,""inflation_dist"":0.5516107584737412,""max_vel_theta"":0.9854554285650721,""max_vel_x"":1.1825465142780864,""min_obstacle_dist"":0.2618959381367518,""weight_obstacle"":50.0,""weight_optimaltime"":1.0,""weight_viapoint"":1.0}",true,max_vel_theta:ackermann_turning_radius,false,NORMAL,,false,,2.6137736722839375,2.6921411505184696,-0.05,-0.0,-0.011017155585126658,-0.012792772634387077,-0.0,-0.00455755001501805,0.0,0.0,0.0,1.0,0.0,0.0,1.2038320055580698,26.00000000001046,94.0000000000083,true,
t11_semantic_eta_no_fallback_seed104,t11_semantic_eta_no_fallback_seed104-episode-000034,5,6,117.308,115.84,115.85,115.88,115.898,116.398,0,0.5,true,,0.6009788112704821,0.23543905260530607,0.0054302668242437666,0.0018599138915733615,30.0,0.0,600.0,0.0,0.0,"[-0.5568017959594727,0.7177672386169434,-0.17398083209991455,-0.7802462577819824,0.3604387044906616]","[-0.16114449501037598,0.07675290107727051,0.08730113506317139,-0.003801703453063965,0.0675206184387207]","[-0.7179462909698486,0.7945201396942139,-0.08667969703674316,-0.7840479612350464,0.4279593229293823]","{""acc_lim_theta"":0.790531152737224,""acc_lim_x"":0.8,""inflation_dist"":0.5516107584737412,""max_vel_theta"":0.9854554285650721,""max_vel_x"":1.1825465142780864,""min_obstacle_dist"":0.2618959381367518,""weight_obstacle"":50.0,""weight_optimaltime"":1.0,""weight_viapoint"":1.0}","{""acc_lim_theta"":0.7947364915149457,""acc_lim_x"":0.8,""inflation_dist"":0.5508025025217897,""max_vel_theta"":0.9854554285650721,""max_vel_x"":1.1756999555483172,""min_obstacle_dist"":0.26601738273936637,""weight_obstacle"":50.0,""weight_optimaltime"":1.0,""weight_viapoint"":1.0}","{""acc_lim_theta"":0.7947364915149457,""acc_lim_x"":0.8,""inflation_dist"":0.5508025025217897,""max_vel_theta"":0.9797499629569311,""max_vel_x"":1.1756999555483172,""min_obstacle_dist"":0.26601738273936637,""weight_obstacle"":50.0,""weight_optimaltime"":1.0,""weight_viapoint"":1.0}","{""acc_lim_theta"":0.7947364915149457,""acc_lim_x"":0.8,""inflation_dist"":0.5508025025217897,""max_vel_theta"":0.9797499629569311,""max_vel_x"":1.1756999555483172,""min_obstacle_dist"":0.26601738273936637,""weight_obstacle"":50.0,""weight_optimaltime"":1.0,""weight_viapoint"":1.0}","{""acc_lim_theta"":0.7947364915149457,""acc_lim_x"":0.8,""inflation_dist"":0.5508025025217897,""max_vel_theta"":0.9797499629569311,""max_vel_x"":1.1756999555483172,""min_obstacle_dist"":0.26601738273936637,""weight_obstacle"":50.0,""weight_optimaltime"":1.0,""weight_viapoint"":1.0}",true,max_vel_theta:ackermann_turning_radius,false,NORMAL,,false,,11.73097901767604,1.8276987933258804,-0.05,-0.0,-0.003975171450866443,-0.03753157514825492,-0.0,-0.005213029050718797,10.0,0.0,0.0,1.0,0.0,0.0,1.7515430008643307,30.000000000001137,48.00000000000182,true,
t11_semantic_eta_no_fallback_seed104,t11_semantic_eta_no_fallback_seed104-episode-000035,0,1,118.924,118.336,118.34,118.37,118.374,118.874,0,0.5,true,,5.218510586047506,4.8494179335992325,0.057148112083852856,0.3454494030061158,1.2125817045728726,1.0,1.2775428437691203,0.9491514985089708,0.6298675535826163,"[0.0,0.0,0.0,0.0,0.0]","[-0.025184452533721924,-0.15816974639892578,0.21837401390075684,-0.4073570966720581,-0.10801613330841064]","[-0.025184452533721924,-0.15816974639892578,0.21837401390075684,-0.4073570966720581,-0.10801613330841064]","{""acc_lim_theta"":0.8,""acc_lim_x"":0.8,""inflation_dist"":0.55,""max_vel_theta"":1.0,""max_vel_x"":1.2,""min_obstacle_dist"":0.25,""weight_obstacle"":50.0,""weight_optimaltime"":1.0,""weight_viapoint"":1.0}","{""acc_lim_theta"":0.7941656543102189,""acc_lim_x"":0.8,""inflation_dist"":0.55,""max_vel_theta"":1.0,""max_vel_x"":1.2,""min_obstacle_dist"":0.2522223980397157,""weight_obstacle"":50.583251787788214,""weight_optimaltime"":0.9841830253601074,""weight_viapoint"":1.0}","{""acc_lim_theta"":0.7941656543102189,""acc_lim_x"":0.8,""inflation_dist"":0.55,""max_vel_theta"":1.0,""max_vel_x"":1.2,""min_obstacle_dist"":0.2522223980397157,""weight_obstacle"":50.583251787788214,""weight_optimaltime"":0.9841830253601074,""weight_viapoint"":1.0}","{""acc_lim_theta"":0.7941656543102189,""acc_lim_x"":0.8,""inflation_dist"":0.55,""max_vel_theta"":1.0,""max_vel_x"":1.2,""min_obstacle_dist"":0.2522223980397157,""weight_obstacle"":50.583251787788214,""weight_optimaltime"":0.9841830253601074,""weight_viapoint"":1.0}","{""acc_lim_theta"":0.7941656543102189,""acc_lim_x"":0.8,""inflation_dist"":0.55,""max_vel_theta"":1.0,""max_vel_x"":1.2,""min_obstacle_dist"":0.2522223980397157,""weight_obstacle"":50.583251787788214,""weight_optimaltime"":0.9841830253601074,""weight_viapoint"":1.0}",false,,false,NORMAL,,false,,1.6246960164254842,1.845463262241367,-0.05,-0.0,-0.0006860827533975972,-0.16340371892059857,-0.0,-0.006677444141886513,0.0,0.0,0.0,0.0,0.0,0.0,2.220567999756895,30.000000000001137,33.999999999991815,true,
t11_semantic_eta_no_fallback_seed104,t11_semantic_eta_no_fallback_seed104-episode-000035,1,2,118.924,118.924,,,,118.924,0,0.0,true,,4.792258560217577,4.792258560217577,0.057148112083852856,0.3454494030061158,1.2125817045728726,1.0,1.2775428437691203,0.9491514985089708,0.6298675535826163,"[-0.025184452533721924,-0.15816974639892578,0.21837401390075684,-0.4073570966720581,-0.10801613330841064]","[-0.46587812900543213,-0.1933460235595703,0.32812070846557617,-0.16421890258789062,-0.020696401596069336]","[-0.49106258153915405,-0.3515157699584961,0.546494722366333,-0.5715759992599487,-0.12871253490447998]","{""acc_lim_theta"":0.7941656543102189,""acc_lim_x"":0.8,""inflation_dist"":0.55,""max_vel_theta"":1.0,""max_vel_x"":1.2,""min_obstacle_dist"":0.2522223980397157,""weight_obstacle"":50.583251787788214,""weight_optimaltime"":0.9841830253601074,""weight_viapoint"":1.0}","{""acc_lim_theta"":0.8,""acc_lim_x"":0.7965277444256299,""inflation_dist"":0.55,""max_vel_theta"":1.0,""max_vel_x"":1.1963081119938646,""min_obstacle_dist"":0.25658512534187927,""weight_obstacle"":50.69500558661402,""weight_optimaltime"":0.9648484230041503,""weight_viapoint"":1.0}","{""acc_lim_theta"":0.8,""acc_lim_x"":0.7965277444256299,""inflation_dist"":0.55,""max_vel_theta"":0.9969234266615539,""max_vel_x"":1.1963081119938646,""min_obstacle_dist"":0.25658512534187927,""weight_obstacle"":50.69500558661402,""weight_optimaltime"":0.9648484230041503,""weight_viapoint"":1.0}","{""acc_lim_theta"":0.8,""acc_lim_x"":0.7965277444256299,""inflation_dist"":0.55,""max_vel_theta"":0.9969234266615539,""max_vel_x"":1.1963081119938646,""min_obstacle_dist"":0.25658512534187927,""weight_obstacle"":50.69500558661402,""weight_optimaltime"":0.9648484230041503,""weight_viapoint"":1.0}","{""acc_lim_theta"":0.7941656543102189,""acc_lim_x"":0.8,""inflation_dist"":0.55,""max_vel_theta"":1.0,""max_vel_x"":1.2,""min_obstacle_dist"":0.2522223980397157,""weight_obstacle"":50.583251787788214,""weight_optimaltime"":0.9841830253601074,""weight_viapoint"":1.0}",true,max_vel_theta:ackermann_turning_radius,false,NORMAL,margin:emergency|ablation:no_conservative_parameter_fallback,false,,0.0,0.0,0.0,0.0,0.0,0.0,0.0,0.0,0.0,0.0,0.0,0.0,0.0,0.0,1.1772079960792325,0.0,0.0,false,safety_emergency_stop
t11_semantic_eta_no_fallback_seed104,t11_semantic_eta_no_fallback_seed104-episode-000036,0,1,120.54,119.996,120.0,120.028,120.038,120.538,0,0.44999999999998863,true,,4.9639887838204855,4.689375069301331,0.01195999529830809,0.15589507035208866,0.5020074551889169,0.8490945674044266,0.4955424542409395,1.0130463109520662,-0.07438538700105703,"[0.0,0.0,0.0,0.0,0.0]","[-0.9554341435432434,-0.5791622996330261,0.6529135704040527,-0.18108052015304565,-0.2754243016242981]","[-0.9554341435432434,-0.5791622996330261,0.6529135704040527,-0.18108052015304565,-0.2754243016242981]","{""acc_lim_theta"":0.8,""acc_lim_x"":0.8,""inflation_dist"":0.55,""max_vel_theta"":1.0,""max_vel_x"":1.2,""min_obstacle_dist"":0.25,""weight_obstacle"":50.0,""weight_optimaltime"":1.0,""weight_viapoint"":1.0}","{""acc_lim_theta"":0.8,""acc_lim_x"":0.7809213524643751,""inflation_dist"":0.55,""max_vel_theta"":1.0,""max_vel_x"":1.2,""min_obstacle_dist"":0.2541908060994397,""weight_obstacle"":51.487201137482145,""weight_optimaltime"":0.9420837700366974,""weight_viapoint"":1.0}","{""acc_lim_theta"":0.8,""acc_lim_x"":0.7809213524643751,""inflation_dist"":0.55,""max_vel_theta"":1.0,""max_vel_x"":1.2,""min_obstacle_dist"":0.2541908060994397,""weight_obstacle"":51.487201137482145,""weight_optimaltime"":0.9420837700366974,""weight_viapoint"":1.0}","{""acc_lim_theta"":0.8,""acc_lim_x"":0.7809213524643751,""inflation_dist"":0.55,""max_vel_theta"":1.0,""max_vel_x"":1.2,""min_obstacle_dist"":0.2541908060994397,""weight_obstacle"":51.487201137482145,""weight_optimaltime"":0.9420837700366974,""weight_viapoint"":1.0}","{""acc_lim_theta"":0.8,""acc_lim_x"":0.7809213524643751,""inflation_dist"":0.55,""max_vel_theta"":1.0,""max_vel_x"":1.2,""min_obstacle_dist"":0.2541908060994397,""weight_obstacle"":51.487201137482145,""weight_optimaltime"":0.9420837700366974,""weight_viapoint"":1.0}",false,,false,NORMAL,margin:warning|safety_mode:WARNING:conservative_filter,false,,1.1930878755699614,1.3730685725957725,-0.04499999999999887,-0.010361835512248273,-0.0007352587410641272,-0.10287997018119283,-0.0,-0.021003632591306935,0.0,0.0,0.0,0.0,0.0,0.0,2.043720000074245,28.000000000005798,37.9999999999967,true,
t11_semantic_eta_no_fallback_seed104,t11_semantic_eta_no_fallback_seed104-episode-000036,1,2,120.54,120.54,,,,120.54,0,0.0,true,,4.629432402674974,4.629432402674974,0.01195999529830809,0.15589507035208866,0.5020074551889169,0.8490945674044266,0.4955424542409395,1.0130463109520662,-0.07438538700105703,"[-0.9554341435432434,-0.5791622996330261,0.6529135704040527,-0.18108052015304565,-0.2754243016242981]","[-0.9695301651954651,-0.622724175453186,0.6556140184402466,-0.2586599588394165,-0.10742545127868652]","[-1.0,-1.0,1.0,-0.43974047899246216,-0.3828497529029846]","{""acc_lim_theta"":0.8,""acc_lim_x"":0.7809213524643751,""inflation_dist"":0.55,""max_vel_theta"":1.0,""max_vel_x"":1.2,""min_obstacle_dist"":0.2541908060994397,""weight_obstacle"":51.487201137482145,""weight_optimaltime"":0.9420837700366974,""weight_viapoint"":1.0}","{""acc_lim_theta"":0.8,""acc_lim_x"":0.7631675628256887,""inflation_dist"":0.55,""max_vel_theta"":1.0,""max_vel_x"":1.1941287199215311,""min_obstacle_dist"":0.25744820321977024,""weight_obstacle"":52.06726343552194,""weight_optimaltime"":0.8798113524913789,""weight_viapoint"":1.0}","{""acc_lim_theta"":0.8,""acc_lim_x"":0.7631675628256887,""inflation_dist"":0.55,""max_vel_theta"":0.995107266601276,""max_vel_x"":1.1941287199215311,""min_obstacle_dist"":0.25744820321977024,""weight_obstacle"":52.06726343552194,""weight_optimaltime"":0.8798113524913789,""weight_viapoint"":1.0}","{""acc_lim_theta"":0.8,""acc_lim_x"":0.7631675628256887,""inflation_dist"":0.55,""max_vel_theta"":0.995107266601276,""max_vel_x"":1.1941287199215311,""min_obstacle_dist"":0.25744820321977024,""weight_obstacle"":52.06726343552194,""weight_optimaltime"":0.8798113524913789,""weight_viapoint"":1.0}","{""acc_lim_theta"":0.8,""acc_lim_x"":0.7809213524643751,""inflation_dist"":0.55,""max_vel_theta"":1.0,""max_vel_x"":1.2,""min_obstacle_dist"":0.2541908060994397,""weight_obstacle"":51.487201137482145,""weight_optimaltime"":0.9420837700366974,""weight_viapoint"":1.0}",true,max_vel_theta:ackermann_turning_radius,false,NORMAL,margin:emergency|ablation:no_conservative_parameter_fallback,false,,0.0,0.0,0.0,0.0,0.0,0.0,0.0,0.0,0.0,0.0,0.0,0.0,0.0,0.0,0.750667997635901,0.0,0.0,false,safety_emergency_stop
t11_semantic_eta_no_fallback_seed104,t11_semantic_eta_no_fallback_seed104-episode-000037,0,1,122.2,121.596,121.6,121.624,121.65,122.15,0,0.5,true,,2.8854113211517807,2.3997157050053453,0.036667891769202175,0.024225475333843262,30.0,0.0,25.739882983530396,1.1655064640035633,0.031116255440460042,"[0.0,0.0,0.0,0.0,0.0]","[0.07649338245391846,0.08293914794921875,-0.1009218692779541,-0.031064093112945557,-0.05867350101470947]","[0.07649338245391846,0.08293914794921875,-0.1009218692779541,-0.031064093112945557,-0.05867350101470947]","{""acc_lim_theta"":0.8,""acc_lim_x"":0.8,""inflation_dist"":0.55,""max_vel_theta"":1.0,""max_vel_x"":1.2,""min_obstacle_dist"":0.25,""weight_obstacle"":50.0,""weight_optimaltime"":1.0,""weight_viapoint"":1.0}","{""acc_lim_theta"":0.7980504550067385,""acc_lim_x"":0.8,""inflation_dist"":0.5509343601485474,""max_vel_theta"":1.0,""max_vel_x"":1.2,""min_obstacle_dist"":0.25,""weight_obstacle"":50.31681771337725,""weight_optimaltime"":1.0,""weight_viapoint"":1.0}","{""acc_lim_theta"":0.7980504550067385,""acc_lim_x"":0.8,""inflation_dist"":0.5509343601485474,""max_vel_theta"":1.0,""max_vel_x"":1.2,""min_obstacle_dist"":0.25,""weight_obstacle"":50.31681771337725,""weight_optimaltime"":1.0,""weight_viapoint"":1.0}","{""acc_lim_theta"":0.7980504550067385,""acc_lim_x"":0.8,""inflation_dist"":0.5509343601485474,""max_vel_theta"":1.0,""max_vel_x"":1.2,""min_obstacle_dist"":0.25,""weight_obstacle"":50.31681771337725,""weight_optimaltime"":1.0,""weight_viapoint"":1.0}","{""acc_lim_theta"":0.7980504550067385,""acc_lim_x"":0.8,""inflation_dist"":0.5509343601485474,""max_vel_theta"":1.0,""max_vel_x"":1.2,""min_obstacle_dist"":0.25,""weight_obstacle"":50.31681771337725,""weight_optimaltime"":1.0,""weight_viapoint"":1.0}",false,,false,NORMAL,,false,,2.183192735530112,2.428478080732177,-0.05,-0.0,-0.0011625776915344405,-0.19273478579301884,-0.0,-0.0013879817175119576,0.0,0.0,0.0,0.0,0.0,0.0,2.188728998589795,24.00000000000091,50.00000000001137,true,
t11_semantic_eta_no_fallback_seed104,t11_semantic_eta_no_fallback_seed104-episode-000037,1,2,122.748,122.196,122.202,122.23,122.246,122.746,0,0.44999999999998863,true,,2.2831651328382163,1.7470281375098875,0.018182869772921252,0.025030339697015916,30.0,0.0,25.74335120299648,1.1653494435684837,0.001272706710277463,"[0.07649338245391846,0.08293914794921875,-0.1009218692779541,-0.031064093112945557,-0.05867350101470947]","[0.0797046422958374,0.07444727420806885,-0.06086975336074829,0.013798952102661133,-0.01809549331665039]","[0.15619802474975586,0.1573864221572876,-0.1617916226387024,-0.017265141010284424,-0.07676899433135986]","{""acc_lim_theta"":0.7980504550067385,""acc_lim_x"":0.8,""inflation_dist"":0.5509343601485474,""max_vel_theta"":1.0,""max_vel_x"":1.2,""min_obstacle_dist"":0.25,""weight_obstacle"":50.31681771337725,""weight_optimaltime"":1.0,""weight_viapoint"":1.0}","{""acc_lim_theta"":0.7957641841633408,""acc_lim_x"":0.8,""inflation_dist"":0.5514979076947739,""max_vel_theta"":1.0,""max_vel_x"":1.2,""min_obstacle_dist"":0.25008166789215686,""weight_obstacle"":50.41452745825129,""weight_optimaltime"":1.0,""weight_viapoint"":1.0}","{""acc_lim_theta"":0.7957641841633408,""acc_lim_x"":0.8,""inflation_dist"":0.5514979076947739,""max_vel_theta"":1.0,""max_vel_x"":1.2,""min_obstacle_dist"":0.25008166789215686,""weight_obstacle"":50.41452745825129,""weight_optimaltime"":1.0,""weight_viapoint"":1.0}","{""acc_lim_theta"":0.7957641841633408,""acc_lim_x"":0.8,""inflation_dist"":0.5514979076947739,""max_vel_theta"":1.0,""max_vel_x"":1.2,""min_obstacle_dist"":0.25008166789215686,""weight_obstacle"":50.41452745825129,""weight_optimaltime"":1.0,""weight_viapoint"":1.0}","{""acc_lim_theta"":0.7957641841633408,""acc_lim_x"":0.8,""inflation_dist"":0.5514979076947739,""max_vel_theta"":1.0,""max_vel_x"":1.2,""min_obstacle_dist"":0.25008166789215686,""weight_obstacle"":50.41452745825129,""weight_optimaltime"":1.0,""weight_viapoint"":1.0}",false,,false,NORMAL,,false,,2.634308891635189,2.6806849766416443,-0.04499999999999887,-0.0,-0.0004147877177508838,-6.29346608857978e-07,-0.0,-0.0009606679420964231,0.0,0.0,0.0,0.0,0.0,0.0,1.4712210031575523,28.000000000005798,43.99999999999693,true,
t11_semantic_eta_no_fallback_seed104,t11_semantic_eta_no_fallback_seed104-episode-000037,2,3,123.396,122.736,122.752,122.778,122.846,123.346,0,0.5,true,,1.580414215661826,0.9956582937051196,0.03621895813543522,0.023427742362179507,30.0,0.0,26.24626302556114,1.1430198642291707,0.024845878993428803,"[0.15619802474975586,0.1573864221572876,-0.1617916226387024,-0.017265141010284424,-0.07676899433135986]","[0.08397364616394043,0.05273318290710449,-0.012210071086883545,0.026515722274780273,-0.006163835525512695]","[0.2401716709136963,0.2101196050643921,-0.17400169372558594,0.00925058126449585,-0.08293282985687256]","{""acc_lim_theta"":0.7957641841633408,""acc_lim_x"":0.8,""inflation_dist"":0.5514979076947739,""max_vel_theta"":1.0,""max_vel_x"":1.2,""min_obstacle_dist"":0.25008166789215686,""weight_obstacle"":50.41452745825129,""weight_optimaltime"":1.0,""weight_viapoint"":1.0}","{""acc_lim_theta"":0.793231202190668,""acc_lim_x"":0.8,""inflation_dist"":0.5516109516159392,""max_vel_theta"":1.0,""max_vel_x"":1.2,""min_obstacle_dist"":0.2509710330162996,""weight_obstacle"":50.44781015389846,""weight_optimaltime"":1.0,""weight_viapoint"":1.0}","{""acc_lim_theta"":0.793231202190668,""acc_lim_x"":0.8,""inflation_dist"":0.5516109516159392,""max_vel_theta"":1.0,""max_vel_x"":1.2,""min_obstacle_dist"":0.2509710330162996,""weight_obstacle"":50.44781015389846,""weight_optimaltime"":1.0,""weight_viapoint"":1.0}","{""acc_lim_theta"":0.793231202190668,""acc_lim_x"":0.8,""inflation_dist"":0.5516109516159392,""max_vel_theta"":1.0,""max_vel_x"":1.2,""min_obstacle_dist"":0.2509710330162996,""weight_obstacle"":50.44781015389846,""weight_optimaltime"":1.0,""weight_viapoint"":1.0}","{""acc_lim_theta"":0.793231202190668,""acc_lim_x"":0.8,""inflation_dist"":0.5516109516159392,""max_vel_theta"":1.0,""max_vel_x"":1.2,""min_obstacle_dist"":0.2509710330162996,""weight_obstacle"":50.44781015389846,""weight_optimaltime"":1.0,""weight_viapoint"":1.0}",false,,false,NORMAL,,false,,2.87110137997686,2.923779609783532,-0.05,-0.0,-0.00041832201406560426,-0.001172052595296428,-0.0,-0.0010878551973097115,0.0,0.0,0.0,0.0,0.0,0.0,2.513252999051474,26.00000000001046,94.0000000000083,true,
t11_semantic_eta_no_fallback_seed104,t11_semantic_eta_no_fallback_seed104-episode-000037,3,4,125.154,123.388,123.404,123.43,123.444,123.944,0,0.5,true,,0.8813563392920031,0.4177871984440936,0.0031333321788242783,0.0015609695514718178,30.0,0.0,600.0,0.0,0.0,"[0.2401716709136963,0.2101196050643921,-0.17400169372558594,0.00925058126449585,-0.08293282985687256]","[0.031244754791259766,0.041414737701416016,-0.010441839694976807,0.022934675216674805,-0.019977033138275146]","[0.27141642570495605,0.2515343427658081,-0.18444353342056274,0.032185256481170654,-0.1029098629951477]","{""acc_lim_theta"":0.793231202190668,""acc_lim_x"":0.8,""inflation_dist"":0.5516109516159392,""max_vel_theta"":1.0,""max_vel_x"":1.2,""min_obstacle_dist"":0.2509710330162996,""weight_obstacle"":50.44781015389846,""weight_optimaltime"":1.0,""weight_viapoint"":1.0}","{""acc_lim_theta"":0.7932177633682129,""acc_lim_x"":0.8,""inflation_dist"":0.5517076248043998,""max_vel_theta"":1.0,""max_vel_x"":1.2,""min_obstacle_dist"":0.25164657206213603,""weight_obstacle"":50.55567959835761,""weight_optimaltime"":1.0,""weight_viapoint"":1.0}","{""acc_lim_theta"":0.7932177633682129,""acc_lim_x"":0.8,""inflation_dist"":0.5517076248043998,""max_vel_theta"":1.0,""max_vel_x"":1.2,""min_obstacle_dist"":0.25164657206213603,""weight_obstacle"":50.55567959835761,""weight_optimaltime"":1.0,""weight_viapoint"":1.0}","{""acc_lim_theta"":0.7932177633682129,""acc_lim_x"":0.8,""inflation_dist"":0.5517076248043998,""max_vel_theta"":1.0,""max_vel_x"":1.2,""min_obstacle_dist"":0.25164657206213603,""weight_obstacle"":50.55567959835761,""weight_optimaltime"":1.0,""weight_viapoint"":1.0}","{""acc_lim_theta"":0.7932177633682129,""acc_lim_x"":0.8,""inflation_dist"":0.5517076248043998,""max_vel_theta"":1.0,""max_vel_x"":1.2,""min_obstacle_dist"":0.25164657206213603,""weight_obstacle"":50.55567959835761,""weight_optimaltime"":1.0,""weight_viapoint"":1.0}",false,,false,NORMAL,,false,,12.24112402372761,2.3178457042395473,-0.05,-0.0,-0.0009748079898693597,-0.025229937398213626,-0.0,-0.0005169351238553957,10.0,0.0,0.0,0.0,0.0,0.0,5.618147995846812,26.00000000001046,40.00000000000625,true,
t11_semantic_eta_no_fallback_seed104,t11_semantic_eta_no_fallback_seed104-episode-000038,0,1,126.69,126.136,126.14,126.174,126.188,126.688,0,0.45000000000000284,true,,3.884033943702927,3.5086030606530194,0.20067941333332445,0.3575817555437539,30.0,0.0,25.656342141560785,1.169301525309912,0.6532534840777019,"[0.0,0.0,0.0,0.0,0.0]","[-0.027070164680480957,0.13999128341674805,-0.08759546279907227,-0.29590094089508057,0.02181088924407959]","[-0.027070164680480957,0.13999128341674805,-0.08759546279907227,-0.29590094089508057,0.02181088924407959]","{""acc_lim_theta"":0.8,""acc_lim_x"":0.8,""inflation_dist"":0.55,""max_vel_theta"":1.0,""max_vel_x"":1.2,""min_obstacle_dist"":0.25,""weight_obstacle"":50.0,""weight_optimaltime"":1.0,""weight_viapoint"":1.0}","{""acc_lim_theta"":0.7927583873074833,""acc_lim_x"":0.8,""inflation_dist"":0.5508109809124482,""max_vel_theta"":1.0,""max_vel_x"":1.2,""min_obstacle_dist"":0.2508763575787113,""weight_obstacle"":50.0,""weight_optimaltime"":1.0,""weight_viapoint"":1.0}","{""acc_lim_theta"":0.7927583873074833,""acc_lim_x"":0.8,""inflation_dist"":0.5508109809124482,""max_vel_theta"":1.0,""max_vel_x"":1.2,""min_obstacle_dist"":0.2508763575787113,""weight_obstacle"":50.0,""weight_optimaltime"":1.0,""weight_viapoint"":1.0}","{""acc_lim_theta"":0.7927583873074833,""acc_lim_x"":0.8,""inflation_dist"":0.5508109809124482,""max_vel_theta"":1.0,""max_vel_x"":1.2,""min_obstacle_dist"":0.2508763575787113,""weight_obstacle"":50.0,""weight_optimaltime"":1.0,""weight_viapoint"":1.0}","{""acc_lim_theta"":0.7927583873074833,""acc_lim_x"":0.8,""inflation_dist"":0.5508109809124482,""max_vel_theta"":1.0,""max_vel_x"":1.2,""min_obstacle_dist"":0.2508763575787113,""weight_obstacle"":50.0,""weight_optimaltime"":1.0,""weight_viapoint"":1.0}",false,,false,NORMAL,,false,,1.6349296415117718,1.8771544152495379,-0.04500000000000029,-0.0,-0.004201030361849156,-0.19063108833917486,-0.0,-0.0023926550367417503,0.0,0.0,0.0,0.0,0.0,0.0,2.1311000018613413,34.000000000006025,48.00000000000182,true,
t11_semantic_eta_no_fallback_seed104,t11_semantic_eta_no_fallback_seed104-episode-000038,1,2,127.29,126.684,126.692,126.716,126.788,127.288,0,0.44999999999998863,true,,3.3564664808720344,2.8373107051089868,0.05654142034315761,0.6268479546408847,30.0,0.0,25.756463707900526,1.164756169178528,0.3095140959634941,"[-0.027070164680480957,0.13999128341674805,-0.08759546279907227,-0.29590094089508057,0.02181088924407959]","[-0.10805284976959229,0.17548608779907227,-0.06448781490325928,-0.20599907636642456,0.06618452072143555]","[-0.13512301445007324,0.3154773712158203,-0.15208327770233154,-0.5019000172615051,0.08799540996551514]","{""acc_lim_theta"":0.7927583873074833,""acc_lim_x"":0.8,""inflation_dist"":0.5508109809124482,""max_vel_theta"":1.0,""max_vel_x"":1.2,""min_obstacle_dist"":0.2508763575787113,""weight_obstacle"":50.0,""weight_optimaltime"":1.0,""weight_viapoint"":1.0}","{""acc_lim_theta"":0.7896425023935649,""acc_lim_x"":0.8,""inflation_dist"":0.5514080253859958,""max_vel_theta"":1.0,""max_vel_x"":1.19891459385836,""min_obstacle_dist"":0.253194179737614,""weight_obstacle"":50.0,""weight_optimaltime"":1.0,""weight_viapoint"":1.0}","{""acc_lim_theta"":0.7896425023935649,""acc_lim_x"":0.8,""inflation_dist"":0.5514080253859958,""max_vel_theta"":0.9990954948819668,""max_vel_x"":1.19891459385836,""min_obstacle_dist"":0.253194179737614,""weight_obstacle"":50.0,""weight_optimaltime"":1.0,""weight_viapoint"":1.0}","{""acc_lim_theta"":0.7896425023935649,""acc_lim_x"":0.8,""inflation_dist"":0.5514080253859958,""max_vel_theta"":0.9990954948819668,""max_vel_x"":1.19891459385836,""min_obstacle_dist"":0.253194179737614,""weight_obstacle"":50.0,""weight_optimaltime"":1.0,""weight_viapoint"":1.0}","{""acc_lim_theta"":0.7896425023935649,""acc_lim_x"":0.8,""inflation_dist"":0.5514080253859958,""max_vel_theta"":0.9990954948819668,""max_vel_x"":1.19891459385836,""min_obstacle_dist"":0.253194179737614,""weight_obstacle"":50.0,""weight_optimaltime"":1.0,""weight_viapoint"":1.0}",true,max_vel_theta:ackermann_turning_radius,false,NORMAL,,false,,2.5274957568093477,2.595778878815238,-0.04499999999999887,-0.0,-0.0210344623813533,-1.0173349984469444e-05,-0.0,-0.0022384862745532578,0.0,0.0,0.0,1.0,0.0,0.0,1.6398660009144805,24.00000000000091,96.00000000000364,true,
t11_semantic_eta_no_fallback_seed104,t11_semantic_eta_no_fallback_seed104-episode-000038,2,3,127.938,127.284,127.292,127.314,127.388,127.888,0,0.5,true,,2.676536781280215,2.0996852697660584,0.13659161077260842,0.6786686783840598,30.0,0.0,25.766878785382325,1.1642853699850968,-0.045760670458751616,"[-0.13512301445007324,0.3154773712158203,-0.15208327770233154,-0.5019000172615051,0.08799540996551514]","[-0.1096036434173584,0.14860796928405762,-0.06896275281906128,-0.15545475482940674,0.07266926765441895]","[-0.24472665786743164,0.46408534049987793,-0.22104603052139282,-0.6573547720909119,0.16066467761993408]","{""acc_lim_theta"":0.7896425023935649,""acc_lim_x"":0.8,""inflation_dist"":0.5514080253859958,""max_vel_theta"":0.9990954948819668,""max_vel_x"":1.19891459385836,""min_obstacle_dist"":0.253194179737614,""weight_obstacle"":50.0,""weight_optimaltime"":1.0,""weight_viapoint"":1.0}","{""acc_lim_theta"":0.7876729516317639,""acc_lim_x"":0.8,""inflation_dist"":0.5520464999646897,""max_vel_theta"":0.9990954948819668,""max_vel_x"":1.196250609222067,""min_obstacle_dist"":0.2547708520864477,""weight_obstacle"":50.0,""weight_optimaltime"":1.0,""weight_viapoint"":1.0}","{""acc_lim_theta"":0.7876729516317639,""acc_lim_x"":0.8,""inflation_dist"":0.5520464999646897,""max_vel_theta"":0.996875507685056,""max_vel_x"":1.196250609222067,""min_obstacle_dist"":0.2547708520864477,""weight_obstacle"":50.0,""weight_optimaltime"":1.0,""weight_viapoint"":1.0}","{""acc_lim_theta"":0.7876729516317639,""acc_lim_x"":0.8,""inflation_dist"":0.5520464999646897,""max_vel_theta"":0.996875507685056,""max_vel_x"":1.196250609222067,""min_obstacle_dist"":0.2547708520864477,""weight_obstacle"":50.0,""weight_optimaltime"":1.0,""weight_viapoint"":1.0}","{""acc_lim_theta"":0.7876729516317639,""acc_lim_x"":0.8,""inflation_dist"":0.5520464999646897,""max_vel_theta"":0.996875507685056,""max_vel_x"":1.196250609222067,""min_obstacle_dist"":0.2547708520864477,""weight_obstacle"":50.0,""weight_optimaltime"":1.0,""weight_viapoint"":1.0}",true,max_vel_theta:ackermann_turning_radius,false,NORMAL,,false,,2.8264685785909673,2.884257557570784,-0.05,-0.0,-0.005536035600284579,-5.9470562585913834e-05,-0.0,-0.002193472816946344,0.0,0.0,0.0,1.0,0.0,0.0,1.5068409993546084,21.99999999999136,96.00000000000364,true,
t11_semantic_eta_no_fallback_seed104,t11_semantic_eta_no_fallback_seed104-episode-000038,3,4,128.488,127.936,127.942,127.966,127.986,128.486,0,0.44999999999998863,true,,1.9847696398507846,1.4648976395402984,0.08904922484284652,0.6731254231672337,30.0,0.0,25.862092211670376,1.159998957333482,0.09623105639452907,"[-0.24472665786743164,0.46408534049987793,-0.22104603052139282,-0.6573547720909119,0.16066467761993408]","[-0.12434262037277222,0.11194419860839844,0.06735634803771973,-0.09134501218795776,0.16454088687896729]","[-0.36906927824020386,0.5760295391082764,-0.1536896824836731,-0.7486997842788696,0.32520556449890137]","{""acc_lim_theta"":0.7876729516317639,""acc_lim_x"":0.8,""inflation_dist"":0.5520464999646897,""max_vel_theta"":0.996875507685056,""max_vel_x"":1.196250609222067,""min_obstacle_dist"":0.2547708520864477,""weight_obstacle"":50.0,""weight_optimaltime"":1.0,""weight_viapoint"":1.0}","{""acc_lim_theta"":0.7848739538925442,""acc_lim_x"":0.8,""inflation_dist"":0.5514228978870787,""max_vel_theta"":0.996875507685056,""max_vel_x"":1.186484827758771,""min_obstacle_dist"":0.2591684287997197,""weight_obstacle"":50.0,""weight_optimaltime"":1.0,""weight_viapoint"":1.0}","{""acc_lim_theta"":0.7848739538925442,""acc_lim_x"":0.8,""inflation_dist"":0.5514228978870787,""max_vel_theta"":0.9887373564656425,""max_vel_x"":1.186484827758771,""min_obstacle_dist"":0.2591684287997197,""weight_obstacle"":50.0,""weight_optimaltime"":1.0,""weight_viapoint"":1.0}","{""acc_lim_theta"":0.7848739538925442,""acc_lim_x"":0.8,""inflation_dist"":0.5514228978870787,""max_vel_theta"":0.9887373564656425,""max_vel_x"":1.186484827758771,""min_obstacle_dist"":0.2591684287997197,""weight_obstacle"":50.0,""weight_optimaltime"":1.0,""weight_viapoint"":1.0}","{""acc_lim_theta"":0.7848739538925442,""acc_lim_x"":0.8,""inflation_dist"":0.5514228978870787,""max_vel_theta"":0.9887373564656425,""max_vel_x"":1.186484827758771,""min_obstacle_dist"":0.2591684287997197,""weight_obstacle"":50.0,""weight_optimaltime"":1.0,""weight_viapoint"":1.0}",true,max_vel_theta:ackermann_turning_radius,false,NORMAL,,false,,2.5459410880029028,2.599360001552431,-0.04499999999999887,-0.0,-0.002379766510532955,-0.00014693440894241163,-0.0,-0.005892212630053664,0.0,0.0,0.0,1.0,0.0,0.0,1.5834719961276278,24.00000000000091,44.00000000001114,true,
t11_semantic_eta_no_fallback_seed104,t11_semantic_eta_no_fallback_seed104-episode-000038,4,5,129.084,128.484,128.49,128.514,128.582,129.082,0,0.44999999999998863,true,,1.3064440877147625,0.8213304671056879,0.07194222508640756,0.84291245897271,30.0,0.0,28.6949344123541,1.045480695961585,0.40334997006619877,"[-0.36906927824020386,0.5760295391082764,-0.1536896824836731,-0.7486997842788696,0.32520556449890137]","[-0.20155763626098633,0.14724016189575195,0.004183173179626465,-0.053450584411621094,0.015395522117614746]","[-0.5706269145011902,0.7232697010040283,-0.14950650930404663,-0.8021503686904907,0.3406010866165161]","{""acc_lim_theta"":0.7848739538925442,""acc_lim_x"":0.8,""inflation_dist"":0.5514228978870787,""max_vel_theta"":0.9887373564656425,""max_vel_x"":1.186484827758771,""min_obstacle_dist"":0.2591684287997197,""weight_obstacle"":50.0,""weight_optimaltime"":1.0,""weight_viapoint"":1.0}","{""acc_lim_theta"":0.7911958886818937,""acc_lim_x"":0.8,""inflation_dist"":0.5513841690135305,""max_vel_theta"":0.9887373564656425,""max_vel_x"":1.1830642527241912,""min_obstacle_dist"":0.26268149792542683,""weight_obstacle"":50.0,""weight_optimaltime"":1.0,""weight_viapoint"":1.0}","{""acc_lim_theta"":0.7911958886818937,""acc_lim_x"":0.8,""inflation_dist"":0.5513841690135305,""max_vel_theta"":0.9858868772701594,""max_vel_x"":1.1830642527241912,""min_obstacle_dist"":0.26268149792542683,""weight_obstacle"":50.0,""weight_optimaltime"":1.0,""weight_viapoint"":1.0}","{""acc_lim_theta"":0.7911958886818937,""acc_lim_x"":0.8,""inflation_dist"":0.5513841690135305,""max_vel_theta"":0.9858868772701594,""max_vel_x"":1.1830642527241912,""min_obstacle_dist"":0.26268149792542683,""weight_obstacle"":50.0,""weight_optimaltime"":1.0,""weight_viapoint"":1.0}","{""acc_lim_theta"":0.7911958886818937,""acc_lim_x"":0.8,""inflation_dist"":0.5513841690135305,""max_vel_theta"":0.9858868772701594,""max_vel_x"":1.1830642527241912,""min_obstacle_dist"":0.26268149792542683,""weight_obstacle"":50.0,""weight_optimaltime"":1.0,""weight_viapoint"":1.0}",true,max_vel_theta:ackermann_turning_radius,false,NORMAL,,false,,2.3620388478547927,2.425568103045373,-0.04499999999999887,-0.0,-0.00931122560504848,-0.005081061167277099,-0.0,-0.0041369684182558045,0.0,0.0,0.0,1.0,0.0,0.0,1.528049004264176,24.00000000000091,91.99999999998454,true,
t11_semantic_eta_no_fallback_seed104,t11_semantic_eta_no_fallback_seed104-episode-000038,5,6,130.694,129.082,129.088,129.112,129.184,129.684,0,0.5,true,,0.6631800140842911,0.27313491576187576,0.006013971172926324,0.00656034952399298,30.0,0.0,600.0,0.0,0.0,"[-0.5706269145011902,0.7232697010040283,-0.14950650930404663,-0.8021503686904907,0.3406010866165161]","[-0.1761256456375122,0.08727216720581055,0.06653070449829102,-0.008480668067932129,0.0846867561340332]","[-0.7467525601387024,0.8105418682098389,-0.08297580480575562,-0.8106310367584229,0.4252878427505493]","{""acc_lim_theta"":0.7911958886818937,""acc_lim_x"":0.8,""inflation_dist"":0.5513841690135305,""max_vel_theta"":0.9858868772701594,""max_vel_x"":1.1830642527241912,""min_obstacle_dist"":0.26268149792542683,""weight_obstacle"":50.0,""weight_optimaltime"":1.0,""weight_viapoint"":1.0}","{""acc_lim_theta"":0.7953158844808559,""acc_lim_x"":0.8,""inflation_dist"":0.5507682109522825,""max_vel_theta"":0.9858868772701594,""max_vel_x"":1.1750487686265207,""min_obstacle_dist"":0.2664870585817417,""weight_obstacle"":50.0,""weight_optimaltime"":1.0,""weight_viapoint"":1.0}","{""acc_lim_theta"":0.7953158844808559,""acc_lim_x"":0.8,""inflation_dist"":0.5507682109522825,""max_vel_theta"":0.9792073071887674,""max_vel_x"":1.1750487686265207,""min_obstacle_dist"":0.2664870585817417,""weight_obstacle"":50.0,""weight_optimaltime"":1.0,""weight_viapoint"":1.0}","{""acc_lim_theta"":0.7953158844808559,""acc_lim_x"":0.8,""inflation_dist"":0.5507682109522825,""max_vel_theta"":0.9792073071887674,""max_vel_x"":1.1750487686265207,""min_obstacle_dist"":0.2664870585817417,""weight_obstacle"":50.0,""weight_optimaltime"":1.0,""weight_viapoint"":1.0}","{""acc_lim_theta"":0.7953158844808559,""acc_lim_x"":0.8,""inflation_dist"":0.5507682109522825,""max_vel_theta"":0.9792073071887674,""max_vel_x"":1.1750487686265207,""min_obstacle_dist"":0.2664870585817417,""weight_obstacle"":50.0,""weight_optimaltime"":1.0,""weight_viapoint"":1.0}",true,max_vel_theta:ackermann_turning_radius,false,NORMAL,,false,,11.853851076220666,1.9502254916120765,-0.05,-0.0,-0.004628183271709586,-0.03634619285737755,-0.0,-0.005400039262322763,10.0,0.0,0.0,1.0,0.0,0.0,1.6495489981025457,24.00000000000091,96.00000000000364,true,
t11_semantic_eta_no_fallback_seed104,t11_semantic_eta_no_fallback_seed104-episode-000039,0,1,132.282,131.696,131.698,131.728,131.732,132.232,0,0.5,true,,5.13512599703837,4.771640156177073,0.15079494244272143,0.3622166799125881,1.274833840017517,1.0,1.8957413514162988,0.672472454675895,-0.510940520752091,"[0.0,0.0,0.0,0.0,0.0]","[-0.019165217876434326,0.04097115993499756,0.15493202209472656,-0.29643452167510986,-0.16507172584533691]","[-0.019165217876434326,0.04097115993499756,0.15493202209472656,-0.29643452167510986,-0.16507172584533691]","{""acc_lim_theta"":0.8,""acc_lim_x"":0.8,""inflation_dist"":0.55,""max_vel_theta"":1.0,""max_vel_x"":1.2,""min_obstacle_dist"":0.25,""weight_obstacle"":50.0,""weight_optimaltime"":1.0,""weight_viapoint"":1.0}","{""acc_lim_theta"":0.798686976505653,""acc_lim_x"":0.8,""inflation_dist"":0.55,""max_vel_theta"":1.0,""max_vel_x"":1.2,""min_obstacle_dist"":0.25511466757484935,""weight_obstacle"":50.891333324603295,""weight_optimaltime"":1.0,""weight_viapoint"":1.0}","{""acc_lim_theta"":0.798686976505653,""acc_lim_x"":0.8,""inflation_dist"":0.55,""max_vel_theta"":1.0,""max_vel_x"":1.2,""min_obstacle_dist"":0.25511466757484935,""weight_obstacle"":50.891333324603295,""weight_optimaltime"":1.0,""weight_viapoint"":1.0}","{""acc_lim_theta"":0.798686976505653,""acc_lim_x"":0.8,""inflation_dist"":0.55,""max_vel_theta"":1.0,""max_vel_x"":1.2,""min_obstacle_dist"":0.25511466757484935,""weight_obstacle"":50.891333324603295,""weight_optimaltime"":1.0,""weight_viapoint"":1.0}","{""acc_lim_theta"":0.798686976505653,""acc_lim_x"":0.8,""inflation_dist"":0.55,""max_vel_theta"":1.0,""max_vel_x"":1.2,""min_obstacle_dist"":0.25511466757484935,""weight_obstacle"":50.891333324603295,""weight_optimaltime"":1.0,""weight_viapoint"":1.0}",false,,false,NORMAL,,false,,1.5939298371208719,1.8174292043064844,-0.05,-0.0,-0.004688418021624927,-0.1646541596112545,-0.0,-0.004156789552733089,0.0,0.0,0.0,0.0,0.0,0.0,1.668711003731005,30.000000000001137,33.999999999991815,true,
t11_semantic_eta_no_fallback_seed104,t11_semantic_eta_no_fallback_seed104-episode-000039,1,2,132.836,132.276,132.284,132.314,132.334,132.834,0,0.4519999999999982,true,,4.709227981252652,4.499638732206962,0.02514611966853752,0.5575936148200432,0.9708257447167278,1.0,1.1548377260673544,0.8406598804342366,-0.37326994461259677,"[-0.019165217876434326,0.04097115993499756,0.15493202209472656,-0.29643452167510986,-0.16507172584533691]","[-0.17152011394500732,0.11598825454711914,0.35588037967681885,-0.11571532487869263,-0.04622507095336914]","[-0.19068533182144165,0.1569594144821167,0.5108124017715454,-0.4121498465538025,-0.21129679679870605]","{""acc_lim_theta"":0.798686976505653,""acc_lim_x"":0.8,""inflation_dist"":0.55,""max_vel_theta"":1.0,""max_vel_x"":1.2,""min_obstacle_dist"":0.25511466757484935,""weight_obstacle"":50.891333324603295,""weight_optimaltime"":1.0,""weight_viapoint"":1.0}","{""acc_lim_theta"":0.8,""acc_lim_x"":0.8,""inflation_dist"":0.55,""max_vel_theta"":1.0,""max_vel_x"":1.2,""min_obstacle_dist"":0.2673683623129879,""weight_obstacle"":51.14093358753078,""weight_optimaltime"":1.0,""weight_viapoint"":1.0}","{""acc_lim_theta"":0.8,""acc_lim_x"":0.8,""inflation_dist"":0.55,""max_vel_theta"":1.0,""max_vel_x"":1.2,""min_obstacle_dist"":0.2673683623129879,""weight_obstacle"":51.14093358753078,""weight_optimaltime"":1.0,""weight_viapoint"":1.0}","{""acc_lim_theta"":0.8,""acc_lim_x"":0.8,""inflation_dist"":0.55,""max_vel_theta"":1.0,""max_vel_x"":1.2,""min_obstacle_dist"":0.2673683623129879,""weight_obstacle"":51.14093358753078,""weight_optimaltime"":1.0,""weight_viapoint"":1.0}","{""acc_lim_theta"":0.8,""acc_lim_x"":0.8,""inflation_dist"":0.55,""max_vel_theta"":1.0,""max_vel_x"":1.2,""min_obstacle_dist"":0.2673683623129879,""weight_obstacle"":51.14093358753078,""weight_optimaltime"":1.0,""weight_viapoint"":1.0}",false,,false,NORMAL,,false,,0.8478133007834547,1.0479462452284505,-0.045199999999999824,-0.0,-0.00734120512648111,-0.14186280502381768,-0.0,-0.005728934294697145,0.0,0.0,0.0,0.0,0.0,0.0,1.2444149979273789,30.000000000001137,50.00000000001137,true,
t11_semantic_eta_no_fallback_seed104,t11_semantic_eta_no_fallback_seed104-episode-000039,2,3,132.836,132.836,,,,132.836,0,0.0,true,,4.46145490572816,4.46145490572816,0.02514611966853752,0.5575936148200432,0.9708257447167278,1.0,1.1548377260673544,0.8406598804342366,-0.37326994461259677,"[-0.19068533182144165,0.1569594144821167,0.5108124017715454,-0.4121498465538025,-0.21129679679870605]","[-0.2640988826751709,0.20236551761627197,0.1957848072052002,-0.13485217094421387,-0.32718175649642944]","[-0.45478421449661255,0.35932493209838867,0.7065972089767456,-0.5470020174980164,-0.5384785532951355]","{""acc_lim_theta"":0.8,""acc_lim_x"":0.8,""inflation_dist"":0.55,""max_vel_theta"":1.0,""max_vel_x"":1.2,""min_obstacle_dist"":0.2673683623129879,""weight_obstacle"":51.14093358753078,""weight_optimaltime"":1.0,""weight_viapoint"":1.0}","{""acc_lim_theta"":0.8,""acc_lim_x"":0.8,""inflation_dist"":0.55,""max_vel_theta"":1.0,""max_vel_x"":1.2,""min_obstacle_dist"":0.2773095846085644,""weight_obstacle"":52.90760805145895,""weight_optimaltime"":1.0,""weight_viapoint"":1.0}","{""acc_lim_theta"":0.8,""acc_lim_x"":0.8,""inflation_dist"":0.55,""max_vel_theta"":1.0,""max_vel_x"":1.2,""min_obstacle_dist"":0.2773095846085644,""weight_obstacle"":52.90760805145895,""weight_optimaltime"":1.0,""weight_viapoint"":1.0}","{""acc_lim_theta"":0.8,""acc_lim_x"":0.8,""inflation_dist"":0.55,""max_vel_theta"":1.0,""max_vel_x"":1.2,""min_obstacle_dist"":0.2773095846085644,""weight_obstacle"":52.90760805145895,""weight_optimaltime"":1.0,""weight_viapoint"":1.0}","{""acc_lim_theta"":0.8,""acc_lim_x"":0.8,""inflation_dist"":0.55,""max_vel_theta"":1.0,""max_vel_x"":1.2,""min_obstacle_dist"":0.2673683623129879,""weight_obstacle"":51.14093358753078,""weight_optimaltime"":1.0,""weight_viapoint"":1.0}",false,,false,NORMAL,margin:emergency|ablation:no_conservative_parameter_fallback,false,,0.0,0.0,0.0,0.0,0.0,0.0,0.0,0.0,0.0,0.0,0.0,0.0,0.0,0.0,1.2017289991490543,0.0,0.0,false,safety_emergency_stop
t11_semantic_eta_no_fallback_seed104,t11_semantic_eta_no_fallback_seed104-episode-000040,0,1,134.516,133.936,133.94,133.968,134.014,134.514,0,0.45000000000001705,true,,4.884972313978807,4.5450082591621666,0.09090364180750488,0.12993283874193798,0.522535950244368,0.845691382765531,0.6331967051388177,0.8252347903955232,0.07933320212924962,"[0.0,0.0,0.0,0.0,0.0]","[-0.9574324488639832,-0.6250790953636169,0.6424204111099243,-0.27042293548583984,-0.2901953458786011]","[-0.9574324488639832,-0.6250790953636169,0.6424204111099243,-0.27042293548583984,-0.2901953458786011]","{""acc_lim_theta"":0.8,""acc_lim_x"":0.8,""inflation_dist"":0.55,""max_vel_theta"":1.0,""max_vel_x"":1.2,""min_obstacle_dist"":0.25,""weight_obstacle"":50.0,""weight_optimaltime"":1.0,""weight_viapoint"":1.0}","{""acc_lim_theta"":0.8,""acc_lim_x"":0.7826407531907886,""inflation_dist"":0.55,""max_vel_theta"":1.0,""max_vel_x"":1.2,""min_obstacle_dist"":0.25284803694532365,""weight_obstacle"":51.56695994484681,""weight_optimaltime"":0.9374920904636384,""weight_viapoint"":1.0}","{""acc_lim_theta"":0.8,""acc_lim_x"":0.7826407531907886,""inflation_dist"":0.55,""max_vel_theta"":1.0,""max_vel_x"":1.2,""min_obstacle_dist"":0.25284803694532365,""weight_obstacle"":51.56695994484681,""weight_optimaltime"":0.9374920904636384,""weight_viapoint"":1.0}","{""acc_lim_theta"":0.8,""acc_lim_x"":0.7826407531907886,""inflation_dist"":0.55,""max_vel_theta"":1.0,""max_vel_x"":1.2,""min_obstacle_dist"":0.25284803694532365,""weight_obstacle"":51.56695994484681,""weight_optimaltime"":0.9374920904636384,""weight_viapoint"":1.0}","{""acc_lim_theta"":0.8,""acc_lim_x"":0.7826407531907886,""inflation_dist"":0.55,""max_vel_theta"":1.0,""max_vel_x"":1.2,""min_obstacle_dist"":0.25284803694532365,""weight_obstacle"":51.56695994484681,""weight_optimaltime"":0.9374920904636384,""weight_viapoint"":1.0}",false,,false,NORMAL,margin:warning|safety_mode:WARNING:conservative_filter,false,,1.4836429163289002,1.6998202740832014,-0.045000000000001705,-0.006485301900599243,-0.0018817861330861318,-0.14169574144321564,-0.0,-0.02111452827739826,0.0,0.0,0.0,0.0,0.0,0.0,2.046235000307206,27.999999999991587,74.00000000001228,true,
t11_semantic_eta_no_fallback_seed104,t11_semantic_eta_no_fallback_seed104-episode-000040,1,2,134.516,134.516,,,,134.516,0,0.0,true,,4.494758691604467,4.494758691604467,0.09090364180750488,0.12993283874193798,0.522535950244368,0.845691382765531,0.6331967051388177,0.8252347903955232,0.07933320212924962,"[-0.9574324488639832,-0.6250790953636169,0.6424204111099243,-0.27042293548583984,-0.2901953458786011]","[-0.9741227626800537,-0.5500185489654541,0.6123003959655762,-0.3085979223251343,-0.23439693450927734]","[-1.0,-1.0,1.0,-0.5790208578109741,-0.5245922803878784]","{""acc_lim_theta"":0.8,""acc_lim_x"":0.7826407531907886,""inflation_dist"":0.55,""max_vel_theta"":1.0,""max_vel_x"":1.2,""min_obstacle_dist"":0.25284803694532365,""weight_obstacle"":51.56695994484681,""weight_optimaltime"":0.9374920904636384,""weight_viapoint"":1.0}","{""acc_lim_theta"":0.8,""acc_lim_x"":0.7684241742034221,""inflation_dist"":0.55,""max_vel_theta"":1.0,""max_vel_x"":1.2,""min_obstacle_dist"":0.2566192250490065,""weight_obstacle"":52.83262671995963,""weight_optimaltime"":0.8824902355670929,""weight_viapoint"":1.0}","{""acc_lim_theta"":0.8,""acc_lim_x"":0.7684241742034221,""inflation_dist"":0.55,""max_vel_theta"":1.0,""max_vel_x"":1.2,""min_obstacle_dist"":0.2566192250490065,""weight_obstacle"":52.83262671995963,""weight_optimaltime"":0.8824902355670929,""weight_viapoint"":1.0}","{""acc_lim_theta"":0.8,""acc_lim_x"":0.7684241742034221,""inflation_dist"":0.55,""max_vel_theta"":1.0,""max_vel_x"":1.2,""min_obstacle_dist"":0.2566192250490065,""weight_obstacle"":52.83262671995963,""weight_optimaltime"":0.8824902355670929,""weight_viapoint"":1.0}","{""acc_lim_theta"":0.8,""acc_lim_x"":0.7826407531907886,""inflation_dist"":0.55,""max_vel_theta"":1.0,""max_vel_x"":1.2,""min_obstacle_dist"":0.25284803694532365,""weight_obstacle"":51.56695994484681,""weight_optimaltime"":0.9374920904636384,""weight_viapoint"":1.0}",false,,false,NORMAL,margin:emergency|ablation:no_conservative_parameter_fallback,false,,0.0,0.0,0.0,0.0,0.0,0.0,0.0,0.0,0.0,0.0,0.0,0.0,0.0,0.0,0.9674339962657541,0.0,0.0,false,safety_emergency_stop
t11_semantic_eta_no_fallback_seed104,t11_semantic_eta_no_fallback_seed104-episode-000041,0,1,136.18,135.636,135.638,135.668,135.678,136.178,0,0.44999999999998863,true,,5.38876504203082,5.160629036781227,0.14350082371840733,0.26335134418962863,30.0,0.0,263.1103779392987,0.11402058799414289,0.09501199434381302,"[0.0,0.0,0.0,0.0,0.0]","[-0.011655271053314209,0.1827683448791504,-0.1308005452156067,-0.3321155309677124,-0.007332205772399902]","[-0.011655271053314209,0.1827683448791504,-0.1308005452156067,-0.3321155309677124,-0.007332205772399902]","{""acc_lim_theta"":0.8,""acc_lim_x"":0.8,""inflation_dist"":0.55,""max_vel_theta"":1.0,""max_vel_x"":1.2,""min_obstacle_dist"":0.25,""weight_obstacle"":50.0,""weight_optimaltime"":1.0,""weight_viapoint"":1.0}","{""acc_lim_theta"":0.7921753336304049,""acc_lim_x"":0.8,""inflation_dist"":0.5512109844747438,""max_vel_theta"":1.0,""max_vel_x"":1.2,""min_obstacle_dist"":0.2507018666677957,""weight_obstacle"":50.03959151280645,""weight_optimaltime"":1.0,""weight_viapoint"":1.0}","{""acc_lim_theta"":0.7921753336304049,""acc_lim_x"":0.8,""inflation_dist"":0.5512109844747438,""max_vel_theta"":1.0,""max_vel_x"":1.2,""min_obstacle_dist"":0.2507018666677957,""weight_obstacle"":50.03959151280645,""weight_optimaltime"":1.0,""weight_viapoint"":1.0}","{""acc_lim_theta"":0.7921753336304049,""acc_lim_x"":0.8,""inflation_dist"":0.5512109844747438,""max_vel_theta"":1.0,""max_vel_x"":1.2,""min_obstacle_dist"":0.2507018666677957,""weight_obstacle"":50.03959151280645,""weight_optimaltime"":1.0,""weight_viapoint"":1.0}","{""acc_lim_theta"":0.7921753336304049,""acc_lim_x"":0.8,""inflation_dist"":0.5512109844747438,""max_vel_theta"":1.0,""max_vel_x"":1.2,""min_obstacle_dist"":0.2507018666677957,""weight_obstacle"":50.03959151280645,""weight_optimaltime"":1.0,""weight_viapoint"":1.0}",false,,false,NORMAL,,false,,0.3346194181485906,1.1406800262479644,-0.04499999999999887,-0.0,-0.0037921131928799626,-0.7546064030571525,-0.0,-0.0026620918493424715,0.0,0.0,0.0,0.0,0.0,0.0,1.7893129988806322,30.000000000001137,39.99999999999204,true,
t11_semantic_eta_no_fallback_seed104,t11_semantic_eta_no_fallback_seed104-episode-000041,1,2,136.83,136.176,136.184,136.208,136.28,136.78,0,0.5,true,,5.164772438386193,5.1628677449579525,0.019356572923132486,0.37853965339428164,30.0,0.0,45.77615856494926,0.6553629867703874,0.52067639330198,"[-0.011655271053314209,0.1827683448791504,-0.1308005452156067,-0.3321155309677124,-0.007332205772399902]","[-0.04806375503540039,0.23305201530456543,-0.09493404626846313,-0.3208683729171753,0.00229799747467041]","[-0.0597190260887146,0.4158203601837158,-0.22573459148406982,-0.6529839038848877,-0.005034208297729492]","{""acc_lim_theta"":0.7921753336304049,""acc_lim_x"":0.8,""inflation_dist"":0.5512109844747438,""max_vel_theta"":1.0,""max_vel_x"":1.2,""min_obstacle_dist"":0.2507018666677957,""weight_obstacle"":50.03959151280645,""weight_optimaltime"":1.0,""weight_viapoint"":1.0}","{""acc_lim_theta"":0.7858008609756184,""acc_lim_x"":0.8,""inflation_dist"":0.5520899078459439,""max_vel_theta"":1.0,""max_vel_x"":1.2,""min_obstacle_dist"":0.2535300237967283,""weight_obstacle"":50.027183078118206,""weight_optimaltime"":1.0,""weight_viapoint"":1.0}","{""acc_lim_theta"":0.7858008609756184,""acc_lim_x"":0.8,""inflation_dist"":0.5520899078459439,""max_vel_theta"":1.0,""max_vel_x"":1.2,""min_obstacle_dist"":0.2535300237967283,""weight_obstacle"":50.027183078118206,""weight_optimaltime"":1.0,""weight_viapoint"":1.0}","{""acc_lim_theta"":0.7858008609756184,""acc_lim_x"":0.8,""inflation_dist"":0.5520899078459439,""max_vel_theta"":1.0,""max_vel_x"":1.2,""min_obstacle_dist"":0.2535300237967283,""weight_obstacle"":50.027183078118206,""weight_optimaltime"":1.0,""weight_viapoint"":1.0}","{""acc_lim_theta"":0.7858008609756184,""acc_lim_x"":0.8,""inflation_dist"":0.5520899078459439,""max_vel_theta"":1.0,""max_vel_x"":1.2,""min_obstacle_dist"":0.2535300237967283,""weight_obstacle"":50.027183078118206,""weight_optimaltime"":1.0,""weight_viapoint"":1.0}",false,,false,NORMAL,,false,,-0.2836298797663235,0.009523467141203668,-0.05,-0.0,-0.005307017764266882,-0.2348455102954141,-0.0,-0.003000818847846188,0.0,0.0,0.0,0.0,0.0,0.0,3.4510570039856248,24.00000000000091,96.00000000000364,true,
t11_semantic_eta_no_fallback_seed104,t11_semantic_eta_no_fallback_seed104-episode-000041,2,3,137.43,136.816,136.834,136.862,136.88,137.38,0,0.5,true,,5.101913558762774,4.560645401206885,0.16602114082831423,0.6444397361610694,30.0,0.0,25.735491100733565,1.1657053631723733,0.23626742783758956,"[-0.0597190260887146,0.4158203601837158,-0.22573459148406982,-0.6529839038848877,-0.005034208297729492]","[-0.039521634578704834,0.18284010887145996,-0.14245474338531494,-0.25716233253479004,0.00057220458984375]","[-0.09924066066741943,0.5986604690551758,-0.36818933486938477,-0.9101462364196777,-0.004462003707885742]","{""acc_lim_theta"":0.7858008609756184,""acc_lim_x"":0.8,""inflation_dist"":0.5520899078459439,""max_vel_theta"":1.0,""max_vel_x"":1.2,""min_obstacle_dist"":0.2535300237967283,""weight_obstacle"":50.027183078118206,""weight_optimaltime"":1.0,""weight_viapoint"":1.0}","{""acc_lim_theta"":0.7807753214981412,""acc_lim_x"":0.8,""inflation_dist"":0.5534087898300278,""max_vel_theta"":1.0,""max_vel_x"":1.2,""min_obstacle_dist"":0.2539199924154745,""weight_obstacle"":50.02409336050117,""weight_optimaltime"":1.0,""weight_viapoint"":1.0}","{""acc_lim_theta"":0.7807753214981412,""acc_lim_x"":0.8,""inflation_dist"":0.5534087898300278,""max_vel_theta"":1.0,""max_vel_x"":1.2,""min_obstacle_dist"":0.2539199924154745,""weight_obstacle"":50.02409336050117,""weight_optimaltime"":1.0,""weight_viapoint"":1.0}","{""acc_lim_theta"":0.7807753214981412,""acc_lim_x"":0.8,""inflation_dist"":0.5534087898300278,""max_vel_theta"":1.0,""max_vel_x"":1.2,""min_obstacle_dist"":0.2539199924154745,""weight_obstacle"":50.02409336050117,""weight_optimaltime"":1.0,""weight_viapoint"":1.0}","{""acc_lim_theta"":0.7807753214981412,""acc_lim_x"":0.8,""inflation_dist"":0.5534087898300278,""max_vel_theta"":1.0,""max_vel_x"":1.2,""min_obstacle_dist"":0.2539199924154745,""weight_obstacle"":50.02409336050117,""weight_optimaltime"":1.0,""weight_viapoint"":1.0}",false,,false,NORMAL,,false,,2.525877202840318,2.7063407877794488,-0.05,-0.0,-0.005977246585701539,-0.1226909631773036,-0.0,-0.001795375176125845,0.0,0.0,0.0,0.0,0.0,0.0,1.4980240011936985,27.999999999991587,45.99999999999227,true,
t11_semantic_eta_no_fallback_seed104,t11_semantic_eta_no_fallback_seed104-episode-000041,3,4,137.984,137.416,137.44,137.464,137.48,137.98,0,0.44999999999998863,true,,4.445229286362053,3.9380768076057464,0.07408107375792117,0.6921227151440743,30.0,0.0,25.873928666180134,1.159468296718815,0.0008915580958385316,"[-0.09924066066741943,0.5986604690551758,-0.36818933486938477,-0.9101462364196777,-0.004462003707885742]","[-0.11322462558746338,0.14400553703308105,0.0068323612213134766,-0.164669930934906,0.14412879943847656]","[-0.2124652862548828,0.7426660060882568,-0.3613569736480713,-1.0,0.13966679573059082]","{""acc_lim_theta"":0.7807753214981412,""acc_lim_x"":0.8,""inflation_dist"":0.5534087898300278,""max_vel_theta"":1.0,""max_vel_x"":1.2,""min_obstacle_dist"":0.2539199924154745,""weight_obstacle"":50.02409336050117,""weight_optimaltime"":1.0,""weight_viapoint"":1.0}","{""acc_lim_theta"":0.7763208402800637,""acc_lim_x"":0.8,""inflation_dist"":0.5533455341046697,""max_vel_theta"":1.0,""max_vel_x"":1.1933294802583119,""min_obstacle_dist"":0.25742963390123175,""weight_obstacle"":50.0,""weight_optimaltime"":1.0,""weight_viapoint"":1.0}","{""acc_lim_theta"":0.7763208402800637,""acc_lim_x"":0.8,""inflation_dist"":0.5533455341046697,""max_vel_theta"":0.9944412335485933,""max_vel_x"":1.1933294802583119,""min_obstacle_dist"":0.25742963390123175,""weight_obstacle"":50.0,""weight_optimaltime"":1.0,""weight_viapoint"":1.0}","{""acc_lim_theta"":0.7763208402800637,""acc_lim_x"":0.8,""inflation_dist"":0.5533455341046697,""max_vel_theta"":0.9944412335485933,""max_vel_x"":1.1933294802583119,""min_obstacle_dist"":0.25742963390123175,""weight_obstacle"":50.0,""weight_optimaltime"":1.0,""weight_viapoint"":1.0}","{""acc_lim_theta"":0.7763208402800637,""acc_lim_x"":0.8,""inflation_dist"":0.5533455341046697,""max_vel_theta"":0.9944412335485933,""max_vel_x"":1.1933294802583119,""min_obstacle_dist"":0.25742963390123175,""weight_obstacle"":50.0,""weight_optimaltime"":1.0,""weight_viapoint"":1.0}",true,max_vel_theta:ackermann_turning_radius,false,NORMAL,,false,,2.4826898203784604,2.535762393781531,-0.04499999999999887,-0.0,-0.003237684222509293,-2.764591578699038e-05,-0.0,-0.004807243264775355,0.0,0.0,0.0,1.0,0.0,0.0,8.015012004761957,24.00000000000091,39.99999999999204,true,
t11_semantic_eta_no_fallback_seed104,t11_semantic_eta_no_fallback_seed104-episode-000041,4,5,138.582,137.98,137.986,138.012,138.078,138.578,0,0.45000000000001705,true,,3.7536276623789355,3.2476372970747045,0.009109183057643225,0.6870406567625413,30.0,0.0,25.829393318116168,1.1614674657866881,-0.03956929143999816,"[-0.2124652862548828,0.7426660060882568,-0.3613569736480713,-1.0,0.13966679573059082]","[-0.2179088592529297,0.14529061317443848,-0.012269675731658936,-0.12306314706802368,0.0021347999572753906]","[-0.4303741455078125,0.8879566192626953,-0.3736266493797302,-1.0,0.1418015956878662]","{""acc_lim_theta"":0.7763208402800637,""acc_lim_x"":0.8,""inflation_dist"":0.5533455341046697,""max_vel_theta"":0.9944412335485933,""max_vel_x"":1.1933294802583119,""min_obstacle_dist"":0.25742963390123175,""weight_obstacle"":50.0,""weight_optimaltime"":1.0,""weight_viapoint"":1.0}","{""acc_lim_theta"":0.7819624387478005,""acc_lim_x"":0.8,""inflation_dist"":0.5534591298606865,""max_vel_theta"":0.9944412335485933,""max_vel_x"":1.191989186337703,""min_obstacle_dist"":0.2604550152433577,""weight_obstacle"":50.0,""weight_optimaltime"":1.0,""weight_viapoint"":1.0}","{""acc_lim_theta"":0.7819624387478005,""acc_lim_x"":0.8,""inflation_dist"":0.5534591298606865,""max_vel_theta"":0.9933243219480858,""max_vel_x"":1.191989186337703,""min_obstacle_dist"":0.2604550152433577,""weight_obstacle"":50.0,""weight_optimaltime"":1.0,""weight_viapoint"":1.0}","{""acc_lim_theta"":0.7819624387478005,""acc_lim_x"":0.8,""inflation_dist"":0.5534591298606865,""max_vel_theta"":0.9933243219480858,""max_vel_x"":1.191989186337703,""min_obstacle_dist"":0.2604550152433577,""weight_obstacle"":50.0,""weight_optimaltime"":1.0,""weight_viapoint"":1.0}","{""acc_lim_theta"":0.7819624387478005,""acc_lim_x"":0.8,""inflation_dist"":0.5534591298606865,""max_vel_theta"":0.9933243219480858,""max_vel_x"":1.191989186337703,""min_obstacle_dist"":0.2604550152433577,""weight_obstacle"":50.0,""weight_optimaltime"":1.0,""weight_viapoint"":1.0}",true,max_vel_theta:ackermann_turning_radius,false,NORMAL,,false,,2.476221663667515,2.529951826521155,-0.045000000000001705,-0.0,-0.005622653003835436,-7.737125525174999e-06,-0.0,-0.0030997727242780444,0.0,0.0,0.0,1.0,0.0,0.0,1.7166640027426183,26.00000000001046,92.00000000001296,true,
t11_semantic_eta_no_fallback_seed104,t11_semantic_eta_no_fallback_seed104-episode-000041,5,6,139.228,138.578,138.584,138.608,138.678,139.178,0,0.5,true,,3.063692090758224,2.494860177974828,0.10034994070347272,0.6891180280233108,30.0,0.0,26.03439965107705,1.1523215592474356,-0.08793042668370908,"[-0.4303741455078125,0.8879566192626953,-0.3736266493797302,-1.0,0.1418015956878662]","[-0.13473737239837646,0.03346526622772217,0.028601527214050293,-0.06593930721282959,0.12359249591827393]","[-0.565111517906189,0.9214218854904175,-0.34502512216567993,-1.0,0.26539409160614014]","{""acc_lim_theta"":0.7819624387478005,""acc_lim_x"":0.8,""inflation_dist"":0.5534591298606865,""max_vel_theta"":0.9933243219480858,""max_vel_x"":1.191989186337703,""min_obstacle_dist"":0.2604550152433577,""weight_obstacle"":50.0,""weight_optimaltime"":1.0,""weight_viapoint"":1.0}","{""acc_lim_theta"":0.7816133302564136,""acc_lim_x"":0.8,""inflation_dist"":0.5531943296998532,""max_vel_theta"":0.9933243219480858,""max_vel_x"":1.1838193162783734,""min_obstacle_dist"":0.26199741997318715,""weight_obstacle"":50.0,""weight_optimaltime"":1.0,""weight_viapoint"":1.0}","{""acc_lim_theta"":0.7816133302564136,""acc_lim_x"":0.8,""inflation_dist"":0.5531943296998532,""max_vel_theta"":0.9865160968986446,""max_vel_x"":1.1838193162783734,""min_obstacle_dist"":0.26199741997318715,""weight_obstacle"":50.0,""weight_optimaltime"":1.0,""weight_viapoint"":1.0}","{""acc_lim_theta"":0.7816133302564136,""acc_lim_x"":0.8,""inflation_dist"":0.5531943296998532,""max_vel_theta"":0.9865160968986446,""max_vel_x"":1.1838193162783734,""min_obstacle_dist"":0.26199741997318715,""weight_obstacle"":50.0,""weight_optimaltime"":1.0,""weight_viapoint"":1.0}","{""acc_lim_theta"":0.7816133302564136,""acc_lim_x"":0.8,""inflation_dist"":0.5531943296998532,""max_vel_theta"":0.9865160968986446,""max_vel_x"":1.1838193162783734,""min_obstacle_dist"":0.26199741997318715,""weight_obstacle"":50.0,""weight_optimaltime"":1.0,""weight_viapoint"":1.0}",true,max_vel_theta:ackermann_turning_radius,false,NORMAL,,false,,2.7886859638353196,2.8441595639169814,-0.05,-0.0,-0.001881875266882566,-8.853859141486853e-05,-0.0,-0.00350318622336454,0.0,0.0,0.0,1.0,0.0,0.0,1.1558940022950992,24.00000000000091,93.99999999999409,true,
t11_semantic_eta_no_fallback_seed104,t11_semantic_eta_no_fallback_seed104-episode-000041,6,7,139.778,139.216,139.23,139.258,139.276,139.776,0,0.45000000000001705,true,,2.3814993788647674,1.8889822368550486,0.09678616497919303,0.6368767146477649,30.0,0.0,25.982968871176407,1.1546024685916394,-0.0038736059714693997,"[-0.565111517906189,0.9214218854904175,-0.34502512216567993,-1.0,0.26539409160614014]","[-0.06020617485046387,0.022757411003112793,0.13243353366851807,-0.059977710247039795,-0.021609246730804443]","[-0.6253176927566528,0.9441792964935303,-0.21259158849716187,-1.0,0.2437848448753357]","{""acc_lim_theta"":0.7816133302564136,""acc_lim_x"":0.8,""inflation_dist"":0.5531943296998532,""max_vel_theta"":0.9865160968986446,""max_vel_x"":1.1838193162783734,""min_obstacle_dist"":0.26199741997318715,""weight_obstacle"":50.0,""weight_optimaltime"":1.0,""weight_viapoint"":1.0}","{""acc_lim_theta"":0.7832477994837816,""acc_lim_x"":0.8,""inflation_dist"":0.5519682266056828,""max_vel_theta"":0.9865160968986446,""max_vel_x"":1.1853417708380976,""min_obstacle_dist"":0.2660861194642636,""weight_obstacle"":50.11668286396174,""weight_optimaltime"":1.0,""weight_viapoint"":1.0}","{""acc_lim_theta"":0.7832477994837816,""acc_lim_x"":0.8,""inflation_dist"":0.5519682266056828,""max_vel_theta"":0.9865160968986446,""max_vel_x"":1.1853417708380976,""min_obstacle_dist"":0.2660861194642636,""weight_obstacle"":50.11668286396174,""weight_optimaltime"":1.0,""weight_viapoint"":1.0}","{""acc_lim_theta"":0.7832477994837816,""acc_lim_x"":0.8,""inflation_dist"":0.5519682266056828,""max_vel_theta"":0.9865160968986446,""max_vel_x"":1.1853417708380976,""min_obstacle_dist"":0.2660861194642636,""weight_obstacle"":50.11668286396174,""weight_optimaltime"":1.0,""weight_viapoint"":1.0}","{""acc_lim_theta"":0.7832477994837816,""acc_lim_x"":0.8,""inflation_dist"":0.5519682266056828,""max_vel_theta"":0.9865160968986446,""max_vel_x"":1.1853417708380976,""min_obstacle_dist"":0.2660861194642636,""weight_obstacle"":50.11668286396174,""weight_optimaltime"":1.0,""weight_viapoint"":1.0}",false,,false,NORMAL,,false,,2.409248753899119,2.462585710048594,-0.045000000000001705,-0.0,-0.005439077412195002,-1.6358309698846366e-05,-0.0,-0.002881520427579729,0.0,0.0,0.0,0.0,0.0,0.0,1.6345350013580173,28.00000000002001,46.00000000002069,true,
t11_semantic_eta_no_fallback_seed104,t11_semantic_eta_no_fallback_seed104-episode-000041,7,8,140.378,139.776,139.784,139.804,139.876,140.376,0,0.45000000000001705,true,,1.7131538021499775,1.230052239793277,0.24161667526316816,0.7610055891576234,30.0,0.0,25.623873146528773,1.1707831922382137,0.35955339609641646,"[-0.6253176927566528,0.9441792964935303,-0.21259158849716187,-1.0,0.2437848448753357]","[-0.13540208339691162,0.004968762397766113,0.10889172554016113,-0.026297807693481445,-0.0629892349243164]","[-0.7607197761535645,0.9491480588912964,-0.10369986295700073,-1.0,0.1807956099510193]","{""acc_lim_theta"":0.7832477994837816,""acc_lim_x"":0.8,""inflation_dist"":0.5519682266056828,""max_vel_theta"":0.9865160968986446,""max_vel_x"":1.1853417708380976,""min_obstacle_dist"":0.2660861194642636,""weight_obstacle"":50.11668286396174,""weight_optimaltime"":1.0,""weight_viapoint"":1.0}","{""acc_lim_theta"":0.790200112004289,""acc_lim_x"":0.8,""inflation_dist"":0.5509600795154713,""max_vel_theta"":0.9865160968986446,""max_vel_x"":1.1870824297985192,""min_obstacle_dist"":0.2691305981426093,""weight_obstacle"":50.45680412877431,""weight_optimaltime"":1.0,""weight_viapoint"":1.0}","{""acc_lim_theta"":0.790200112004289,""acc_lim_x"":0.8,""inflation_dist"":0.5509600795154713,""max_vel_theta"":0.9865160968986446,""max_vel_x"":1.1870824297985192,""min_obstacle_dist"":0.2691305981426093,""weight_obstacle"":50.45680412877431,""weight_optimaltime"":1.0,""weight_viapoint"":1.0}","{""acc_lim_theta"":0.790200112004289,""acc_lim_x"":0.8,""inflation_dist"":0.5509600795154713,""max_vel_theta"":0.9865160968986446,""max_vel_x"":1.1870824297985192,""min_obstacle_dist"":0.2691305981426093,""weight_obstacle"":50.45680412877431,""weight_optimaltime"":1.0,""weight_viapoint"":1.0}","{""acc_lim_theta"":0.790200112004289,""acc_lim_x"":0.8,""inflation_dist"":0.5509600795154713,""max_vel_theta"":0.9865160968986446,""max_vel_x"":1.1870824297985192,""min_obstacle_dist"":0.2691305981426093,""weight_obstacle"":50.45680412877431,""weight_optimaltime"":1.0,""weight_viapoint"":1.0}",false,,false,NORMAL,,false,,2.3506204370768966,2.4155078117835025,-0.045000000000001705,-0.0,-0.015395772463342504,-0.00027733825965986405,-0.0,-0.004214263983601899,0.0,0.0,0.0,0.0,0.0,0.0,3.628902995842509,20.000000000010232,92.00000000001296,true,
t11_semantic_eta_no_fallback_seed104,t11_semantic_eta_no_fallback_seed104-episode-000041,8,9,140.976,140.376,140.382,140.408,140.474,140.974,0,0.44999999999998863,true,,1.0539737011581916,0.6060877476906983,0.14643410068582705,1.107888353673875,30.0,0.0,34.425957831522375,0.8714354484141698,0.6770920082939536,"[-0.7607197761535645,0.9491480588912964,-0.10369986295700073,-1.0,0.1807956099510193]","[-0.25203990936279297,0.03605079650878906,0.14812588691711426,-0.0020296573638916016,0.0318988561630249]","[-1.0,0.9851988554000854,0.044426023960113525,-1.0,0.2126944661140442]","{""acc_lim_theta"":0.790200112004289,""acc_lim_x"":0.8,""inflation_dist"":0.5509600795154713,""max_vel_theta"":0.9865160968986446,""max_vel_x"":1.1870824297985192,""min_obstacle_dist"":0.2691305981426093,""weight_obstacle"":50.45680412877431,""weight_optimaltime"":1.0,""weight_viapoint"":1.0}","{""acc_lim_theta"":0.7993490207175651,""acc_lim_x"":0.79894957266,""inflation_dist"":0.55,""max_vel_theta"":0.9865160968986446,""max_vel_x"":1.1805664497668888,""min_obstacle_dist"":0.27394851097993145,""weight_obstacle"":50.28456073960982,""weight_optimaltime"":1.0,""weight_viapoint"":1.0}","{""acc_lim_theta"":0.7993490207175651,""acc_lim_x"":0.79894957266,""inflation_dist"":0.55,""max_vel_theta"":0.9838053748057407,""max_vel_x"":1.1805664497668888,""min_obstacle_dist"":0.27394851097993145,""weight_obstacle"":50.28456073960982,""weight_optimaltime"":1.0,""weight_viapoint"":1.0}","{""acc_lim_theta"":0.7993490207175651,""acc_lim_x"":0.79894957266,""inflation_dist"":0.55,""max_vel_theta"":0.9838053748057407,""max_vel_x"":1.1805664497668888,""min_obstacle_dist"":0.27394851097993145,""weight_obstacle"":50.28456073960982,""weight_optimaltime"":1.0,""weight_viapoint"":1.0}","{""acc_lim_theta"":0.7993490207175651,""acc_lim_x"":0.79894957266,""inflation_dist"":0.55,""max_vel_theta"":0.9838053748057407,""max_vel_x"":1.1805664497668888,""min_obstacle_dist"":0.27394851097993145,""weight_obstacle"":50.28456073960982,""weight_optimaltime"":1.0,""weight_viapoint"":1.0}",true,max_vel_theta:ackermann_turning_radius,false,NORMAL,,false,,2.1579311900559723,2.2394297673374663,-0.04499999999999887,-0.0,-0.013590892765318767,-0.016183749066088417,-0.0,-0.006723935450087833,0.0,0.0,0.0,1.0,0.0,0.0,1.6398410007241182,25.999999999982037,91.99999999998454,true,
t11_semantic_eta_no_fallback_seed104,t11_semantic_eta_no_fallback_seed104-episode-000041,9,10,142.384,140.976,140.978,141.004,141.074,141.574,0,0.5,true,,0.4853025454606868,0.16468248243065492,0.003629401406233537,0.003929741769483908,30.0,0.0,600.0,0.0,0.0,"[-1.0,0.9851988554000854,0.044426023960113525,-1.0,0.2126944661140442]","[-0.2956732511520386,0.05322885513305664,0.19753813743591309,0.006997346878051758,0.11828124523162842]","[-1.0,1.0,0.2419641613960266,-0.9930026531219482,0.3309757113456726]","{""acc_lim_theta"":0.7993490207175651,""acc_lim_x"":0.79894957266,""inflation_dist"":0.55,""max_vel_theta"":0.9838053748057407,""max_vel_x"":1.1805664497668888,""min_obstacle_dist"":0.27394851097993145,""weight_obstacle"":50.28456073960982,""weight_optimaltime"":1.0,""weight_viapoint"":1.0}","{""acc_lim_theta"":0.8,""acc_lim_x"":0.7980343684226016,""inflation_dist"":0.55,""max_vel_theta"":0.9838053748057407,""max_vel_x"":1.1680058362973498,""min_obstacle_dist"":0.28049258558309736,""weight_obstacle"":50.0,""weight_optimaltime"":1.0,""weight_viapoint"":1.0}","{""acc_lim_theta"":0.8,""acc_lim_x"":0.7980343684226016,""inflation_dist"":0.55,""max_vel_theta"":0.9733381969144582,""max_vel_x"":1.1680058362973498,""min_obstacle_dist"":0.28049258558309736,""weight_obstacle"":50.0,""weight_optimaltime"":1.0,""weight_viapoint"":1.0}","{""acc_lim_theta"":0.8,""acc_lim_x"":0.7980343684226016,""inflation_dist"":0.55,""max_vel_theta"":0.9733381969144582,""max_vel_x"":1.1680058362973498,""min_obstacle_dist"":0.28049258558309736,""weight_obstacle"":50.0,""weight_optimaltime"":1.0,""weight_viapoint"":1.0}","{""acc_lim_theta"":0.8,""acc_lim_x"":0.7980343684226016,""inflation_dist"":0.55,""max_vel_theta"":0.9733381969144582,""max_vel_x"":1.1680058362973498,""min_obstacle_dist"":0.28049258558309736,""weight_obstacle"":50.0,""weight_optimaltime"":1.0,""weight_viapoint"":1.0}",true,max_vel_theta:ackermann_turning_radius,false,NORMAL,,false,,11.498889543369101,1.6031003151501593,-0.05,-0.0,-0.007032648041058379,-0.03941295538304297,-0.0,-0.007765168356957373,10.0,0.0,0.0,1.0,0.0,0.0,1.2764919956680387,25.999999999982037,96.00000000000364,true,
t11_semantic_eta_no_fallback_seed104,t11_semantic_eta_no_fallback_seed104-episode-000042,0,1,143.994,143.396,143.4,143.436,143.444,143.944,0,0.5,true,,5.733693655870599,5.271332935137063,0.03201493408786399,0.28424070586821465,1.2399246436795663,0.7586206896551724,1.0631784060196496,1.166243253868956,0.395494505824527,"[0.0,0.0,0.0,0.0,0.0]","[-0.15264970064163208,-0.04746824502944946,0.16418027877807617,-0.08292317390441895,-0.15766775608062744]","[-0.15264970064163208,-0.04746824502944946,0.16418027877807617,-0.08292317390441895,-0.15766775608062744]","{""acc_lim_theta"":0.8,""acc_lim_x"":0.8,""inflation_dist"":0.55,""max_vel_theta"":1.0,""max_vel_x"":1.2,""min_obstacle_dist"":0.25,""weight_obstacle"":50.0,""weight_optimaltime"":1.0,""weight_viapoint"":1.0}","{""acc_lim_theta"":0.8,""acc_lim_x"":0.8,""inflation_dist"":0.55,""max_vel_theta"":1.0,""max_vel_x"":1.2,""min_obstacle_dist"":0.25332097750426064,""weight_obstacle"":50.85135430971238,""weight_optimaltime"":0.995253175497055,""weight_viapoint"":1.0}","{""acc_lim_theta"":0.8,""acc_lim_x"":0.8,""inflation_dist"":0.55,""max_vel_theta"":1.0,""max_vel_x"":1.2,""min_obstacle_dist"":0.25332097750426064,""weight_obstacle"":50.85135430971238,""weight_optimaltime"":0.995253175497055,""weight_viapoint"":1.0}","{""acc_lim_theta"":0.8,""acc_lim_x"":0.8,""inflation_dist"":0.55,""max_vel_theta"":1.0,""max_vel_x"":1.2,""min_obstacle_dist"":0.25332097750426064,""weight_obstacle"":50.85135430971238,""weight_optimaltime"":0.995253175497055,""weight_viapoint"":1.0}","{""acc_lim_theta"":0.8,""acc_lim_x"":0.8,""inflation_dist"":0.55,""max_vel_theta"":1.0,""max_vel_x"":1.2,""min_obstacle_dist"":0.25332097750426064,""weight_obstacle"":50.85135430971238,""weight_optimaltime"":0.995253175497055,""weight_viapoint"":1.0}",false,,false,NORMAL,,false,,2.0581627131195264,2.3118036036676815,-0.05,-0.0,-0.0007364086019673696,-0.19892401742447008,-0.0,-0.003980464521717998,0.0,0.0,0.0,0.0,0.0,0.0,1.6126859991345555,36.000000000001364,43.99999999998272,true,
t11_semantic_eta_no_fallback_seed104,t11_semantic_eta_no_fallback_seed104-episode-000042,1,2,143.994,143.994,,,,143.994,0,0.0,true,,5.227189638383736,5.227189638383736,0.03201493408786399,0.28424070586821465,1.2399246436795663,0.7586206896551724,1.0631784060196496,1.166243253868956,0.395494505824527,"[-0.15264970064163208,-0.04746824502944946,0.16418027877807617,-0.08292317390441895,-0.15766775608062744]","[-0.31488096714019775,0.014319539070129395,0.25156521797180176,-0.07147574424743652,-0.14611941576004028]","[-0.46753066778182983,-0.03314870595932007,0.41574549674987793,-0.15439891815185547,-0.3037871718406677]","{""acc_lim_theta"":0.8,""acc_lim_x"":0.8,""inflation_dist"":0.55,""max_vel_theta"":1.0,""max_vel_x"":1.2,""min_obstacle_dist"":0.25332097750426064,""weight_obstacle"":50.85135430971238,""weight_optimaltime"":0.995253175497055,""weight_viapoint"":1.0}","{""acc_lim_theta"":0.8,""acc_lim_x"":0.8,""inflation_dist"":0.55,""max_vel_theta"":1.0,""max_vel_x"":1.2,""min_obstacle_dist"":0.26042003400505565,""weight_obstacle"":51.6403513591557,""weight_optimaltime"":0.996685129404068,""weight_viapoint"":1.0}","{""acc_lim_theta"":0.8,""acc_lim_x"":0.8,""inflation_dist"":0.55,""max_vel_theta"":1.0,""max_vel_x"":1.2,""min_obstacle_dist"":0.26042003400505565,""weight_obstacle"":51.6403513591557,""weight_optimaltime"":0.996685129404068,""weight_viapoint"":1.0}","{""acc_lim_theta"":0.8,""acc_lim_x"":0.8,""inflation_dist"":0.55,""max_vel_theta"":1.0,""max_vel_x"":1.2,""min_obstacle_dist"":0.26042003400505565,""weight_obstacle"":51.6403513591557,""weight_optimaltime"":0.996685129404068,""weight_viapoint"":1.0}","{""acc_lim_theta"":0.8,""acc_lim_x"":0.8,""inflation_dist"":0.55,""max_vel_theta"":1.0,""max_vel_x"":1.2,""min_obstacle_dist"":0.25332097750426064,""weight_obstacle"":50.85135430971238,""weight_optimaltime"":0.995253175497055,""weight_viapoint"":1.0}",false,,false,NORMAL,margin:emergency|ablation:no_conservative_parameter_fallback,false,,0.0,0.0,0.0,0.0,0.0,0.0,0.0,0.0,0.0,0.0,0.0,0.0,0.0,0.0,2.110027002345305,0.0,0.0,false,safety_emergency_stop
t11_semantic_eta_no_fallback_seed104,t11_semantic_eta_no_fallback_seed104-episode-000043,0,1,145.074,145.074,,,,145.074,0,0.0,true,,5.065516482291387,5.065516482291387,0.050956206901552704,0.00830339341838604,0.22090711392582407,0.8907103825136612,1.3301496197316722,0.16607689138789297,-0.13838989030643398,"[0.0,0.0,0.0,0.0,0.0]","[-0.9799070954322815,-0.6927395462989807,0.7379450798034668,-0.17975854873657227,-0.05309188365936279]","[-0.9799070954322815,-0.6927395462989807,0.7379450798034668,-0.17975854873657227,-0.05309188365936279]","{""acc_lim_theta"":0.8,""acc_lim_x"":0.8,""inflation_dist"":0.55,""max_vel_theta"":1.0,""max_vel_x"":1.2,""min_obstacle_dist"":0.25,""weight_obstacle"":50.0,""weight_optimaltime"":1.0,""weight_viapoint"":1.0}","{""acc_lim_theta"":0.8,""acc_lim_x"":0.7779778512002191,""inflation_dist"":0.55,""max_vel_theta"":1.0,""max_vel_x"":1.1889466537373767,""min_obstacle_dist"":0.253855499419599,""weight_obstacle"":50.286678805405415,""weight_optimaltime"":0.930726045370102,""weight_viapoint"":1.0}","{""acc_lim_theta"":0.8,""acc_lim_x"":0.7779778512002191,""inflation_dist"":0.55,""max_vel_theta"":0.9907888781144807,""max_vel_x"":1.1889466537373767,""min_obstacle_dist"":0.253855499419599,""weight_obstacle"":50.286678805405415,""weight_optimaltime"":0.930726045370102,""weight_viapoint"":1.0}","{""acc_lim_theta"":0.8,""acc_lim_x"":0.7779778512002191,""inflation_dist"":0.55,""max_vel_theta"":0.9907888781144807,""max_vel_x"":1.1889466537373767,""min_obstacle_dist"":0.253855499419599,""weight_obstacle"":50.286678805405415,""weight_optimaltime"":0.930726045370102,""weight_viapoint"":1.0}","{""acc_lim_theta"":0.8,""acc_lim_x"":0.8,""inflation_dist"":0.55,""max_vel_theta"":1.0,""max_vel_x"":1.2,""min_obstacle_dist"":0.25,""weight_obstacle"":50.0,""weight_optimaltime"":1.0,""weight_viapoint"":1.0}",true,max_vel_theta:ackermann_turning_radius,false,NORMAL,margin:emergency|ablation:no_conservative_parameter_fallback,false,,0.0,0.0,0.0,0.0,0.0,0.0,0.0,0.0,0.0,0.0,0.0,0.0,0.0,0.0,1.746804999129381,0.0,0.0,false,safety_emergency_stop
t11_semantic_eta_no_fallback_seed104,t11_semantic_eta_no_fallback_seed104-episode-000044,0,1,146.786,146.096,146.102,146.134,146.236,146.736,0,0.5,true,,5.188344278646976,4.706696088989758,0.27438783048823834,0.47972003208835634,30.0,0.0,25.694635858463226,1.167558869689865,0.5806644009630646,"[0.0,0.0,0.0,0.0,0.0]","[-0.01541203260421753,0.17925453186035156,-0.12611985206604004,-0.32806694507598877,-0.011311888694763184]","[-0.01541203260421753,0.17925453186035156,-0.12611985206604004,-0.32806694507598877,-0.011311888694763184]","{""acc_lim_theta"":0.8,""acc_lim_x"":0.8,""inflation_dist"":0.55,""max_vel_theta"":1.0,""max_vel_x"":1.2,""min_obstacle_dist"":0.25,""weight_obstacle"":50.0,""weight_optimaltime"":1.0,""weight_viapoint"":1.0}","{""acc_lim_theta"":0.7925659909581108,""acc_lim_x"":0.8,""inflation_dist"":0.5511676494356901,""max_vel_theta"":1.0,""max_vel_x"":1.2,""min_obstacle_dist"":0.2507466486718924,""weight_obstacle"":50.06108049883293,""weight_optimaltime"":1.0,""weight_viapoint"":1.0}","{""acc_lim_theta"":0.7925659909581108,""acc_lim_x"":0.8,""inflation_dist"":0.5511676494356901,""max_vel_theta"":1.0,""max_vel_x"":1.2,""min_obstacle_dist"":0.2507466486718924,""weight_obstacle"":50.06108049883293,""weight_optimaltime"":1.0,""weight_viapoint"":1.0}","{""acc_lim_theta"":0.7925659909581108,""acc_lim_x"":0.8,""inflation_dist"":0.5511676494356901,""max_vel_theta"":1.0,""max_vel_x"":1.2,""min_obstacle_dist"":0.2507466486718924,""weight_obstacle"":50.06108049883293,""weight_optimaltime"":1.0,""weight_viapoint"":1.0}","{""acc_lim_theta"":0.7925659909581108,""acc_lim_x"":0.8,""inflation_dist"":0.5511676494356901,""max_vel_theta"":1.0,""max_vel_x"":1.2,""min_obstacle_dist"":0.2507466486718924,""weight_obstacle"":50.06108049883293,""weight_optimaltime"":1.0,""weight_viapoint"":1.0}",false,,false,NORMAL,,false,,2.190847875874158,2.408240948286089,-0.05,-0.0,-0.013346098977090111,-0.15143403658346333,-0.0,-0.0026129368513780043,0.0,0.0,0.0,0.0,0.0,0.0,4.927102003421169,31.999999999982265,133.99999999998613,true,
t11_semantic_eta_no_fallback_seed104,t11_semantic_eta_no_fallback_seed104-episode-000044,1,2,147.342,146.78,146.79,146.812,146.838,147.338,0,0.44999999999998863,true,,4.595065675502836,4.089564236361729,0.11384901836381334,0.6749600046544103,30.0,0.0,25.668549678183723,1.16874542489238,0.184274156225568,"[-0.01541203260421753,0.17925453186035156,-0.12611985206604004,-0.32806694507598877,-0.011311888694763184]","[-0.057933688163757324,0.19505012035369873,-0.09034585952758789,-0.250860333442688,0.0399092435836792]","[-0.07334572076797485,0.3743046522140503,-0.21646571159362793,-0.5789272785186768,0.028597354888916016]","{""acc_lim_theta"":0.7925659909581108,""acc_lim_x"":0.8,""inflation_dist"":0.5511676494356901,""max_vel_theta"":1.0,""max_vel_x"":1.2,""min_obstacle_dist"":0.2507466486718924,""weight_obstacle"":50.06108049883293,""weight_optimaltime"":1.0,""weight_viapoint"":1.0}","{""acc_lim_theta"":0.7871342724897805,""acc_lim_x"":0.8,""inflation_dist"":0.552004094215526,""max_vel_theta"":1.0,""max_vel_x"":1.2,""min_obstacle_dist"":0.25282059442878696,""weight_obstacle"":50.0,""weight_optimaltime"":1.0,""weight_viapoint"":1.0}","{""acc_lim_theta"":0.7871342724897805,""acc_lim_x"":0.8,""inflation_dist"":0.552004094215526,""max_vel_theta"":1.0,""max_vel_x"":1.2,""min_obstacle_dist"":0.25282059442878696,""weight_obstacle"":50.0,""weight_optimaltime"":1.0,""weight_viapoint"":1.0}","{""acc_lim_theta"":0.7871342724897805,""acc_lim_x"":0.8,""inflation_dist"":0.552004094215526,""max_vel_theta"":1.0,""max_vel_x"":1.2,""min_obstacle_dist"":0.25282059442878696,""weight_obstacle"":50.0,""weight_optimaltime"":1.0,""weight_viapoint"":1.0}","{""acc_lim_theta"":0.7871342724897805,""acc_lim_x"":0.8,""inflation_dist"":0.552004094215526,""max_vel_theta"":1.0,""max_vel_x"":1.2,""min_obstacle_dist"":0.25282059442878696,""weight_obstacle"":50.0,""weight_optimaltime"":1.0,""weight_viapoint"":1.0}",false,,false,NORMAL,,false,,2.4606002332283934,2.527507195705536,-0.04499999999999887,-0.0,-0.0187576899201653,-0.0006006194166621012,-0.0,-0.002548653140316505,0.0,0.0,0.0,0.0,0.0,0.0,1.8492579984012991,22.00000000001978,48.00000000000182,true,
t11_semantic_eta_no_fallback_seed104,t11_semantic_eta_no_fallback_seed104-episode-000044,2,3,147.94,147.336,147.344,147.376,147.438,147.938,0,0.44999999999998863,true,,3.904384602791244,3.3948838738682916,0.17857440519493212,0.7004211545119855,30.0,0.0,25.686272011334058,1.1679390449015923,0.03696898570289283,"[-0.07334572076797485,0.3743046522140503,-0.21646571159362793,-0.5789272785186768,0.028597354888916016]","[-0.09133696556091309,0.1578730344772339,-0.0683714747428894,-0.18371796607971191,0.024579524993896484]","[-0.16468268632888794,0.5321776866912842,-0.28483718633651733,-0.7626452445983887,0.0531768798828125]","{""acc_lim_theta"":0.7871342724897805,""acc_lim_x"":0.8,""inflation_dist"":0.552004094215526,""max_vel_theta"":1.0,""max_vel_x"":1.2,""min_obstacle_dist"":0.25282059442878696,""weight_obstacle"":50.0,""weight_optimaltime"":1.0,""weight_viapoint"":1.0}","{""acc_lim_theta"":0.7853051557658643,""acc_lim_x"":0.8,""inflation_dist"":0.552637094592493,""max_vel_theta"":1.0,""max_vel_x"":1.2,""min_obstacle_dist"":0.2546271523595186,""weight_obstacle"":50.0,""weight_optimaltime"":1.0,""weight_viapoint"":1.0}","{""acc_lim_theta"":0.7853051557658643,""acc_lim_x"":0.8,""inflation_dist"":0.552637094592493,""max_vel_theta"":1.0,""max_vel_x"":1.2,""min_obstacle_dist"":0.2546271523595186,""weight_obstacle"":50.0,""weight_optimaltime"":1.0,""weight_viapoint"":1.0}","{""acc_lim_theta"":0.7853051557658643,""acc_lim_x"":0.8,""inflation_dist"":0.552637094592493,""max_vel_theta"":1.0,""max_vel_x"":1.2,""min_obstacle_dist"":0.2546271523595186,""weight_obstacle"":50.0,""weight_optimaltime"":1.0,""weight_viapoint"":1.0}","{""acc_lim_theta"":0.7853051557658643,""acc_lim_x"":0.8,""inflation_dist"":0.552637094592493,""max_vel_theta"":1.0,""max_vel_x"":1.2,""min_obstacle_dist"":0.2546271523595186,""weight_obstacle"":50.0,""weight_optimaltime"":1.0,""weight_viapoint"":1.0}",false,,false,NORMAL,,false,,2.490884979785793,2.5475036446147614,-0.04499999999999887,-0.0,-0.01024837425968719,-9.530965448797644e-06,-0.0,-0.0013607596038337025,0.0,0.0,0.0,0.0,0.0,0.0,1.5102570032468066,32.00000000001069,93.99999999999409,true,
t11_semantic_eta_no_fallback_seed104,t11_semantic_eta_no_fallback_seed104-episode-000044,3,4,148.588,147.936,147.944,147.97,148.038,148.538,0,0.5,true,,3.209500494937028,2.6349980431204,0.09674217835270435,0.7051188477423269,30.0,0.0,25.80020332748344,1.1627815338975551,-0.0065470427806299,"[-0.16468268632888794,0.5321776866912842,-0.28483718633651733,-0.7626452445983887,0.0531768798828125]","[-0.18043893575668335,0.12778866291046143,0.03389739990234375,-0.0697450041770935,0.07713890075683594]","[-0.3451216220855713,0.6599663496017456,-0.2509397864341736,-0.8323902487754822,0.13031578063964844]","{""acc_lim_theta"":0.7853051557658643,""acc_lim_x"":0.8,""inflation_dist"":0.552637094592493,""max_vel_theta"":1.0,""max_vel_x"":1.2,""min_obstacle_dist"":0.2546271523595186,""weight_obstacle"":50.0,""weight_optimaltime"":1.0,""weight_viapoint"":1.0}","{""acc_lim_theta"":0.7882775820144087,""acc_lim_x"":0.8,""inflation_dist"":0.5523232639051037,""max_vel_theta"":1.0,""max_vel_x"":1.19376403590383,""min_obstacle_dist"":0.2584904471856812,""weight_obstacle"":50.0,""weight_optimaltime"":1.0,""weight_viapoint"":1.0}","{""acc_lim_theta"":0.7882775820144087,""acc_lim_x"":0.8,""inflation_dist"":0.5523232639051037,""max_vel_theta"":0.9948033632531916,""max_vel_x"":1.19376403590383,""min_obstacle_dist"":0.2584904471856812,""weight_obstacle"":50.0,""weight_optimaltime"":1.0,""weight_viapoint"":1.0}","{""acc_lim_theta"":0.7882775820144087,""acc_lim_x"":0.8,""inflation_dist"":0.5523232639051037,""max_vel_theta"":0.9948033632531916,""max_vel_x"":1.19376403590383,""min_obstacle_dist"":0.2584904471856812,""weight_obstacle"":50.0,""weight_optimaltime"":1.0,""weight_viapoint"":1.0}","{""acc_lim_theta"":0.7882775820144087,""acc_lim_x"":0.8,""inflation_dist"":0.5523232639051037,""max_vel_theta"":0.9948033632531916,""max_vel_x"":1.19376403590383,""min_obstacle_dist"":0.2584904471856812,""weight_obstacle"":50.0,""weight_optimaltime"":1.0,""weight_viapoint"":1.0}",true,max_vel_theta:ackermann_turning_radius,false,NORMAL,,false,,2.8153154408781127,2.87251225908314,-0.05,-0.0,-0.002688094416341802,-5.197868667852028e-05,-0.0,-0.0044567451020071265,0.0,0.0,0.0,1.0,0.0,0.0,1.7525100047350861,26.00000000001046,94.00000000002251,true,
t11_semantic_eta_no_fallback_seed104,t11_semantic_eta_no_fallback_seed104-episode-000044,4,5,149.188,148.576,148.592,148.618,148.638,149.138,0,0.5,true,,2.5202575400953497,1.9547139679451864,0.08055087511827938,0.6517664506306979,30.0,0.0,25.9103894699798,1.1578367061891712,-0.027251414182022815,"[-0.3451216220855713,0.6599663496017456,-0.2509397864341736,-0.8323902487754822,0.13031578063964844]","[-0.19860011339187622,0.0943681001663208,0.024904608726501465,-0.05780160427093506,0.03536581993103027]","[-0.5437217354774475,0.7543344497680664,-0.22603517770767212,-0.8901918530464172,0.1656816005706787]","{""acc_lim_theta"":0.7882775820144087,""acc_lim_x"":0.8,""inflation_dist"":0.5523232639051037,""max_vel_theta"":0.9948033632531916,""max_vel_x"":1.19376403590383,""min_obstacle_dist"":0.2584904471856812,""weight_obstacle"":50.0,""weight_optimaltime"":1.0,""weight_viapoint"":1.0}","{""acc_lim_theta"":0.793697629306684,""acc_lim_x"":0.8,""inflation_dist"":0.5520926907491001,""max_vel_theta"":0.9948033632531916,""max_vel_x"":1.189339152601328,""min_obstacle_dist"":0.26133994147855055,""weight_obstacle"":50.0,""weight_optimaltime"":1.0,""weight_viapoint"":1.0}","{""acc_lim_theta"":0.793697629306684,""acc_lim_x"":0.8,""inflation_dist"":0.5520926907491001,""max_vel_theta"":0.9911159605011066,""max_vel_x"":1.189339152601328,""min_obstacle_dist"":0.26133994147855055,""weight_obstacle"":50.0,""weight_optimaltime"":1.0,""weight_viapoint"":1.0}","{""acc_lim_theta"":0.793697629306684,""acc_lim_x"":0.8,""inflation_dist"":0.5520926907491001,""max_vel_theta"":0.9911159605011066,""max_vel_x"":1.189339152601328,""min_obstacle_dist"":0.26133994147855055,""weight_obstacle"":50.0,""weight_optimaltime"":1.0,""weight_viapoint"":1.0}","{""acc_lim_theta"":0.793697629306684,""acc_lim_x"":0.8,""inflation_dist"":0.5520926907491001,""max_vel_theta"":0.9911159605011066,""max_vel_x"":1.189339152601328,""min_obstacle_dist"":0.26133994147855055,""weight_obstacle"":50.0,""weight_optimaltime"":1.0,""weight_viapoint"":1.0}",true,max_vel_theta:ackermann_turning_radius,false,NORMAL,,false,,2.7667910170157684,2.827717860750817,-0.05,-0.0,-0.00686446183947298,-2.673320995292034e-05,-0.0,-0.004035648685623029,0.0,0.0,0.0,1.0,0.0,0.0,1.908439000544604,25.999999999982037,45.99999999999227,true,
t11_semantic_eta_no_fallback_seed104,t11_semantic_eta_no_fallback_seed104-episode-000044,5,6,149.784,149.176,149.19,149.214,149.234,149.734,0,0.5,true,,1.865754281511192,1.3156110703913781,0.22621349721936912,0.7425173867745706,30.0,0.0,25.57824135985939,1.1728718787945989,0.3381836292659115,"[-0.5437217354774475,0.7543344497680664,-0.22603517770767212,-0.8901918530464172,0.1656816005706787]","[-0.15415984392166138,0.03003513813018799,0.1389697790145874,-0.035027146339416504,-0.042977988719940186]","[-0.6978815793991089,0.7843695878982544,-0.08706539869308472,-0.9252189993858337,0.12270361185073853]","{""acc_lim_theta"":0.793697629306684,""acc_lim_x"":0.8,""inflation_dist"":0.5520926907491001,""max_vel_theta"":0.9911159605011066,""max_vel_x"":1.189339152601328,""min_obstacle_dist"":0.26133994147855055,""weight_obstacle"":50.0,""weight_optimaltime"":1.0,""weight_viapoint"":1.0}","{""acc_lim_theta"":0.8,""acc_lim_x"":0.8,""inflation_dist"":0.5508060734451138,""max_vel_theta"":0.9911159605011066,""max_vel_x"":1.189768963064343,""min_obstacle_dist"":0.2657725778069297,""weight_obstacle"":50.23206708098757,""weight_optimaltime"":1.0,""weight_viapoint"":1.0}","{""acc_lim_theta"":0.8,""acc_lim_x"":0.8,""inflation_dist"":0.5508060734451138,""max_vel_theta"":0.9911159605011066,""max_vel_x"":1.189768963064343,""min_obstacle_dist"":0.2657725778069297,""weight_obstacle"":50.23206708098757,""weight_optimaltime"":1.0,""weight_viapoint"":1.0}","{""acc_lim_theta"":0.8,""acc_lim_x"":0.8,""inflation_dist"":0.5508060734451138,""max_vel_theta"":0.9911159605011066,""max_vel_x"":1.189768963064343,""min_obstacle_dist"":0.2657725778069297,""weight_obstacle"":50.23206708098757,""weight_optimaltime"":1.0,""weight_viapoint"":1.0}","{""acc_lim_theta"":0.8,""acc_lim_x"":0.8,""inflation_dist"":0.5508060734451138,""max_vel_theta"":0.9911159605011066,""max_vel_x"":1.189768963064343,""min_obstacle_dist"":0.2657725778069297,""weight_obstacle"":50.23206708098757,""weight_optimaltime"":1.0,""weight_viapoint"":1.0}",false,,false,NORMAL,,false,,2.6833828398274084,2.7507160555990695,-0.05,-0.0,-0.013063986391613956,-1.7207992226477935e-05,-0.0,-0.004252021387821085,0.0,0.0,0.0,0.0,0.0,0.0,1.2382360000628978,24.00000000000091,44.00000000001114,true,
t11_semantic_eta_no_fallback_seed104,t11_semantic_eta_no_fallback_seed104-episode-000044,6,7,150.386,149.776,149.786,149.812,149.836,150.336,0,0.5,true,,1.182803785730606,0.6754462532977512,0.15205774529728797,1.0571274734322893,30.0,0.0,30.828510640276196,0.9731251811044748,0.6789370956937696,"[-0.6978815793991089,0.7843695878982544,-0.08706539869308472,-0.9252189993858337,0.12270361185073853]","[-0.2231031060218811,0.03900003433227539,0.15376341342926025,-0.04590940475463867,0.031334519386291504]","[-0.92098468542099,0.8233696222305298,0.06669801473617554,-0.9711284041404724,0.15403813123703003]","{""acc_lim_theta"":0.8,""acc_lim_x"":0.8,""inflation_dist"":0.5508060734451138,""max_vel_theta"":0.9911159605011066,""max_vel_x"":1.189768963064343,""min_obstacle_dist"":0.2657725778069297,""weight_obstacle"":50.23206708098757,""weight_optimaltime"":1.0,""weight_viapoint"":1.0}","{""acc_lim_theta"":0.8,""acc_lim_x"":0.8,""inflation_dist"":0.55,""max_vel_theta"":0.9911159605011066,""max_vel_x"":1.18484458247166,""min_obstacle_dist"":0.27081028076759983,""weight_obstacle"":50.062870925822885,""weight_optimaltime"":1.0,""weight_viapoint"":1.0}","{""acc_lim_theta"":0.8,""acc_lim_x"":0.8,""inflation_dist"":0.55,""max_vel_theta"":0.9873704853930501,""max_vel_x"":1.18484458247166,""min_obstacle_dist"":0.27081028076759983,""weight_obstacle"":50.062870925822885,""weight_optimaltime"":1.0,""weight_viapoint"":1.0}","{""acc_lim_theta"":0.8,""acc_lim_x"":0.8,""inflation_dist"":0.55,""max_vel_theta"":0.9873704853930501,""max_vel_x"":1.18484458247166,""min_obstacle_dist"":0.27081028076759983,""weight_obstacle"":50.062870925822885,""weight_optimaltime"":1.0,""weight_viapoint"":1.0}","{""acc_lim_theta"":0.8,""acc_lim_x"":0.8,""inflation_dist"":0.55,""max_vel_theta"":0.9873704853930501,""max_vel_x"":1.18484458247166,""min_obstacle_dist"":0.27081028076759983,""weight_obstacle"":50.062870925822885,""weight_optimaltime"":1.0,""weight_viapoint"":1.0}",true,max_vel_theta:ackermann_turning_radius,false,NORMAL,,false,,2.4614588733861824,2.536787662164274,-0.05,-0.0,-0.015616683160940852,-0.005558500303557966,-0.0,-0.004153605313593173,0.0,0.0,0.0,1.0,0.0,0.0,1.2837149988627061,26.00000000001046,50.00000000001137,true,
t11_semantic_eta_no_fallback_seed104,t11_semantic_eta_no_fallback_seed104-episode-000044,7,8,151.844,150.384,150.388,150.408,150.434,150.934,0,0.5,true,,0.5811206841674349,0.22136384899076414,0.0044934114407244995,0.00600405322904507,30.0,0.0,600.0,0.0,0.0,"[-0.92098468542099,0.8233696222305298,0.06669801473617554,-0.9711284041404724,0.15403813123703003]","[-0.26301121711730957,0.08249962329864502,0.1507549285888672,0.001413106918334961,0.08591628074645996]","[-1.0,0.9058692455291748,0.21745294332504272,-0.9697152972221375,0.23995441198349]","{""acc_lim_theta"":0.8,""acc_lim_x"":0.8,""inflation_dist"":0.55,""max_vel_theta"":0.9873704853930501,""max_vel_x"":1.18484458247166,""min_obstacle_dist"":0.27081028076759983,""weight_obstacle"":50.062870925822885,""weight_optimaltime"":1.0,""weight_viapoint"":1.0}","{""acc_lim_theta"":0.8,""acc_lim_x"":0.8,""inflation_dist"":0.55,""max_vel_theta"":0.9873704853930501,""max_vel_x"":1.1749046351137742,""min_obstacle_dist"":0.276771666478271,""weight_obstacle"":50.0,""weight_optimaltime"":1.0,""weight_viapoint"":1.0}","{""acc_lim_theta"":0.8,""acc_lim_x"":0.8,""inflation_dist"":0.55,""max_vel_theta"":0.9790871959281452,""max_vel_x"":1.1749046351137742,""min_obstacle_dist"":0.276771666478271,""weight_obstacle"":50.0,""weight_optimaltime"":1.0,""weight_viapoint"":1.0}","{""acc_lim_theta"":0.8,""acc_lim_x"":0.8,""inflation_dist"":0.55,""max_vel_theta"":0.9790871959281452,""max_vel_x"":1.1749046351137742,""min_obstacle_dist"":0.276771666478271,""weight_obstacle"":50.0,""weight_optimaltime"":1.0,""weight_viapoint"":1.0}","{""acc_lim_theta"":0.8,""acc_lim_x"":0.8,""inflation_dist"":0.55,""max_vel_theta"":0.9790871959281452,""max_vel_x"":1.1749046351137742,""min_obstacle_dist"":0.276771666478271,""weight_obstacle"":50.0,""weight_optimaltime"":1.0,""weight_viapoint"":1.0}",true,max_vel_theta:ackermann_turning_radius,false,NORMAL,,false,,11.704312499178663,1.798784175883354,-0.05,-0.0,-0.008958742465698607,-0.02968932231711748,-0.0,-0.005823611921876186,10.0,0.0,0.0,1.0,0.0,0.0,1.4093220015638508,19.99999999998181,45.99999999999227,true,
t11_semantic_eta_no_fallback_seed104,t11_semantic_eta_no_fallback_seed104-episode-000045,0,1,153.42,152.856,152.86,152.89,152.896,153.396,0,0.4720000000000084,true,,5.78709047999644,5.322000192238795,0.039052954892035655,0.27231198226946585,1.4909698092453556,0.0,1.2802011103604067,1.164637178627046,0.4641940182942512,"[0.0,0.0,0.0,0.0,0.0]","[0.0256727933883667,-0.10729670524597168,0.07097911834716797,-0.34624725580215454,-0.2303648591041565]","[0.0256727933883667,-0.10729670524597168,0.07097911834716797,-0.34624725580215454,-0.2303648591041565]","{""acc_lim_theta"":0.8,""acc_lim_x"":0.8,""inflation_dist"":0.55,""max_vel_theta"":1.0,""max_vel_x"":1.2,""min_obstacle_dist"":0.25,""weight_obstacle"":50.0,""weight_optimaltime"":1.0,""weight_viapoint"":1.0}","{""acc_lim_theta"":0.7977668490717866,""acc_lim_x"":0.8,""inflation_dist"":0.55,""max_vel_theta"":1.0,""max_vel_x"":1.2,""min_obstacle_dist"":0.25,""weight_obstacle"":51.24389488681703,""weight_optimaltime"":0.9892703294754028,""weight_viapoint"":1.0}","{""acc_lim_theta"":0.7977668490717866,""acc_lim_x"":0.8,""inflation_dist"":0.55,""max_vel_theta"":1.0,""max_vel_x"":1.2,""min_obstacle_dist"":0.25,""weight_obstacle"":51.24389488681703,""weight_optimaltime"":0.9892703294754028,""weight_viapoint"":1.0}","{""acc_lim_theta"":0.7977668490717866,""acc_lim_x"":0.8,""inflation_dist"":0.55,""max_vel_theta"":1.0,""max_vel_x"":1.2,""min_obstacle_dist"":0.25,""weight_obstacle"":51.24389488681703,""weight_optimaltime"":0.9892703294754028,""weight_viapoint"":1.0}","{""acc_lim_theta"":0.7977668490717866,""acc_lim_x"":0.8,""inflation_dist"":0.55,""max_vel_theta"":1.0,""max_vel_x"":1.2,""min_obstacle_dist"":0.25,""weight_obstacle"":51.24389488681703,""weight_optimaltime"":0.9892703294754028,""weight_viapoint"":1.0}",false,,false,NORMAL,,false,,2.08721224395913,2.3254514387882264,-0.047200000000000845,-0.0,-0.0006532588207752952,-0.18519392439771357,-0.0,-0.00519201161060685,0.0,0.0,0.0,0.0,0.0,0.0,2.667407999979332,29.999999999972715,35.99999999997294,true,
t11_semantic_eta_no_fallback_seed104,t11_semantic_eta_no_fallback_seed104-episode-000045,1,2,153.42,153.42,,,,153.42,0,0.0,true,,5.254984573445702,5.254984573445702,0.039052954892035655,0.27231198226946585,1.4909698092453556,0.0,1.2802011103604067,1.164637178627046,0.4641940182942512,"[0.0256727933883667,-0.10729670524597168,0.07097911834716797,-0.34624725580215454,-0.2303648591041565]","[-0.29017555713653564,-0.1261768341064453,0.1255054473876953,-0.38907599449157715,-0.24936938285827637]","[-0.26450276374816895,-0.233473539352417,0.19648456573486328,-0.7353232502937317,-0.47973424196243286]","{""acc_lim_theta"":0.7977668490717866,""acc_lim_x"":0.8,""inflation_dist"":0.55,""max_vel_theta"":1.0,""max_vel_x"":1.2,""min_obstacle_dist"":0.25,""weight_obstacle"":51.24389488681703,""weight_optimaltime"":0.9892703294754028,""weight_viapoint"":1.0}","{""acc_lim_theta"":0.8,""acc_lim_x"":0.8,""inflation_dist"":0.55,""max_vel_theta"":1.0,""max_vel_x"":1.2,""min_obstacle_dist"":0.25046265369496273,""weight_obstacle"":52.59040798552659,""weight_optimaltime"":0.9766526460647583,""weight_viapoint"":1.0}","{""acc_lim_theta"":0.8,""acc_lim_x"":0.8,""inflation_dist"":0.55,""max_vel_theta"":1.0,""max_vel_x"":1.2,""min_obstacle_dist"":0.25046265369496273,""weight_obstacle"":52.59040798552659,""weight_optimaltime"":0.9766526460647583,""weight_viapoint"":1.0}","{""acc_lim_theta"":0.8,""acc_lim_x"":0.8,""inflation_dist"":0.55,""max_vel_theta"":1.0,""max_vel_x"":1.2,""min_obstacle_dist"":0.25046265369496273,""weight_obstacle"":52.59040798552659,""weight_optimaltime"":0.9766526460647583,""weight_viapoint"":1.0}","{""acc_lim_theta"":0.7977668490717866,""acc_lim_x"":0.8,""inflation_dist"":0.55,""max_vel_theta"":1.0,""max_vel_x"":1.2,""min_obstacle_dist"":0.25,""weight_obstacle"":51.24389488681703,""weight_optimaltime"":0.9892703294754028,""weight_viapoint"":1.0}",false,,false,NORMAL,margin:emergency|ablation:no_conservative_parameter_fallback,false,,0.0,0.0,0.0,0.0,0.0,0.0,0.0,0.0,0.0,0.0,0.0,0.0,0.0,0.0,1.9391649984754622,0.0,0.0,false,safety_emergency_stop
t11_semantic_eta_no_fallback_seed104,t11_semantic_eta_no_fallback_seed104-episode-000046,0,1,154.474,154.474,,,,154.474,0,0.0,true,,4.92010843845265,4.92010843845265,0.05023334568540709,0.0063073582727745684,0.3466101931347154,0.8760504201680672,0.9388299481700109,0.37664007606215943,0.10512263787957614,"[0.0,0.0,0.0,0.0,0.0]","[-0.9563210606575012,-0.694063127040863,0.6189534664154053,-0.3229501247406006,-0.3138953447341919]","[-0.9563210606575012,-0.694063127040863,0.6189534664154053,-0.3229501247406006,-0.3138953447341919]","{""acc_lim_theta"":0.8,""acc_lim_x"":0.8,""inflation_dist"":0.55,""max_vel_theta"":1.0,""max_vel_x"":1.2,""min_obstacle_dist"":0.25,""weight_obstacle"":50.0,""weight_optimaltime"":1.0,""weight_viapoint"":1.0}","{""acc_lim_theta"":0.8,""acc_lim_x"":0.7821166051211679,""inflation_dist"":0.55,""max_vel_theta"":1.0,""max_vel_x"":1.2,""min_obstacle_dist"":0.25062346962378657,""weight_obstacle"":51.694932186397374,""weight_optimaltime"":0.9305936872959137,""weight_viapoint"":1.0}","{""acc_lim_theta"":0.8,""acc_lim_x"":0.7821166051211679,""inflation_dist"":0.55,""max_vel_theta"":1.0,""max_vel_x"":1.2,""min_obstacle_dist"":0.25062346962378657,""weight_obstacle"":51.694932186397374,""weight_optimaltime"":0.9305936872959137,""weight_viapoint"":1.0}","{""acc_lim_theta"":0.8,""acc_lim_x"":0.7821166051211679,""inflation_dist"":0.55,""max_vel_theta"":1.0,""max_vel_x"":1.2,""min_obstacle_dist"":0.25062346962378657,""weight_obstacle"":51.694932186397374,""weight_optimaltime"":0.9305936872959137,""weight_viapoint"":1.0}","{""acc_lim_theta"":0.8,""acc_lim_x"":0.8,""inflation_dist"":0.55,""max_vel_theta"":1.0,""max_vel_x"":1.2,""min_obstacle_dist"":0.25,""weight_obstacle"":50.0,""weight_optimaltime"":1.0,""weight_viapoint"":1.0}",false,,false,NORMAL,margin:emergency|ablation:no_conservative_parameter_fallback,false,,0.0,0.0,0.0,0.0,0.0,0.0,0.0,0.0,0.0,0.0,0.0,0.0,0.0,0.0,1.8447330003255047,0.0,0.0,false,safety_emergency_stop
t11_semantic_eta_no_fallback_seed104,t11_semantic_eta_no_fallback_seed104-episode-000047,0,1,156.052,155.516,155.518,155.542,155.55,156.05,0,0.45000000000001705,true,,5.295319851221307,5.0185468724718785,0.17578134527302738,0.32773769271428377,30.0,0.0,32.49169186118924,0.9233129542212136,0.7693856585666934,"[0.0,0.0,0.0,0.0,0.0]","[-0.012442827224731445,0.18101286888122559,-0.128456711769104,-0.33017492294311523,-0.009032845497131348]","[-0.012442827224731445,0.18101286888122559,-0.128456711769104,-0.33017492294311523,-0.009032845497131348]","{""acc_lim_theta"":0.8,""acc_lim_x"":0.8,""inflation_dist"":0.55,""max_vel_theta"":1.0,""max_vel_x"":1.2,""min_obstacle_dist"":0.25,""weight_obstacle"":50.0,""weight_optimaltime"":1.0,""weight_viapoint"":1.0}","{""acc_lim_theta"":0.7923143646770232,""acc_lim_x"":0.8,""inflation_dist"":0.5511892846728781,""max_vel_theta"":1.0,""max_vel_x"":1.2,""min_obstacle_dist"":0.2507243845216563,""weight_obstacle"":50.048774411040746,""weight_optimaltime"":1.0,""weight_viapoint"":1.0}","{""acc_lim_theta"":0.7923143646770232,""acc_lim_x"":0.8,""inflation_dist"":0.5511892846728781,""max_vel_theta"":1.0,""max_vel_x"":1.2,""min_obstacle_dist"":0.2507243845216563,""weight_obstacle"":50.048774411040746,""weight_optimaltime"":1.0,""weight_viapoint"":1.0}","{""acc_lim_theta"":0.7923143646770232,""acc_lim_x"":0.8,""inflation_dist"":0.5511892846728781,""max_vel_theta"":1.0,""max_vel_x"":1.2,""min_obstacle_dist"":0.2507243845216563,""weight_obstacle"":50.048774411040746,""weight_optimaltime"":1.0,""weight_viapoint"":1.0}","{""acc_lim_theta"":0.7923143646770232,""acc_lim_x"":0.8,""inflation_dist"":0.5511892846728781,""max_vel_theta"":1.0,""max_vel_x"":1.2,""min_obstacle_dist"":0.2507243845216563,""weight_obstacle"":50.048774411040746,""weight_optimaltime"":1.0,""weight_viapoint"":1.0}",false,,false,NORMAL,,false,,1.1681175031691509,1.383864893747142,-0.045000000000001705,-0.0,-0.0036086380950727847,-0.1644902454006061,-0.0,-0.0026485070823105182,0.0,0.0,0.0,0.0,0.0,0.0,1.6998029968817718,24.00000000000091,32.00000000001069,true,
t11_semantic_eta_no_fallback_seed104,t11_semantic_eta_no_fallback_seed104-episode-000047,1,2,156.704,156.036,156.058,156.084,156.154,156.654,0,0.5,true,,4.880641316880073,4.311724275682091,0.06673292818814575,0.6660477268920594,30.0,0.0,25.74353159176832,1.165341277790834,0.11907749732346552,"[-0.012442827224731445,0.18101286888122559,-0.128456711769104,-0.33017492294311523,-0.009032845497131348]","[-0.06993597745895386,0.20162594318389893,-0.0855797529220581,-0.2401951551437378,0.05528426170349121]","[-0.0823788046836853,0.3826388120651245,-0.2140364646911621,-0.570370078086853,0.04625141620635986]","{""acc_lim_theta"":0.7923143646770232,""acc_lim_x"":0.8,""inflation_dist"":0.5511892846728781,""max_vel_theta"":1.0,""max_vel_x"":1.2,""min_obstacle_dist"":0.2507243845216563,""weight_obstacle"":50.048774411040746,""weight_optimaltime"":1.0,""weight_viapoint"":1.0}","{""acc_lim_theta"":0.7871307642619257,""acc_lim_x"":0.8,""inflation_dist"":0.5519816036343181,""max_vel_theta"":1.0,""max_vel_x"":1.2,""min_obstacle_dist"":0.25307843112284,""weight_obstacle"":50.0,""weight_optimaltime"":1.0,""weight_viapoint"":1.0}","{""acc_lim_theta"":0.7871307642619257,""acc_lim_x"":0.8,""inflation_dist"":0.5519816036343181,""max_vel_theta"":1.0,""max_vel_x"":1.2,""min_obstacle_dist"":0.25307843112284,""weight_obstacle"":50.0,""weight_optimaltime"":1.0,""weight_viapoint"":1.0}","{""acc_lim_theta"":0.7871307642619257,""acc_lim_x"":0.8,""inflation_dist"":0.5519816036343181,""max_vel_theta"":1.0,""max_vel_x"":1.2,""min_obstacle_dist"":0.25307843112284,""weight_obstacle"":50.0,""weight_optimaltime"":1.0,""weight_viapoint"":1.0}","{""acc_lim_theta"":0.7871307642619257,""acc_lim_x"":0.8,""inflation_dist"":0.5519816036343181,""max_vel_theta"":1.0,""max_vel_x"":1.2,""min_obstacle_dist"":0.25307843112284,""weight_obstacle"":50.0,""weight_optimaltime"":1.0,""weight_viapoint"":1.0}",false,,false,NORMAL,,false,,2.7648200119213775,2.844585205989909,-0.05,-0.0,-0.01959822570769958,-0.007605523948377613,-0.0,-0.002561444412455074,0.0,0.0,0.0,0.0,0.0,0.0,5.798489000881091,26.00000000001046,96.00000000000364,true,
t11_semantic_eta_no_fallback_seed104,t11_semantic_eta_no_fallback_seed104-episode-000047,2,3,157.256,156.696,156.708,156.736,156.754,157.254,0,0.44999999999998863,true,,4.172923782205219,3.6634338049463717,0.1364208102448853,0.6824747614029913,30.0,0.0,25.667755107481543,1.1687816045609578,0.0036927307065677765,"[-0.0823788046836853,0.3826388120651245,-0.2140364646911621,-0.570370078086853,0.04625141620635986]","[-0.08788758516311646,0.19274437427520752,-0.10796111822128296,-0.20664966106414795,0.023768305778503418]","[-0.17026638984680176,0.575383186340332,-0.32199758291244507,-0.777019739151001,0.07001972198486328]","{""acc_lim_theta"":0.7871307642619257,""acc_lim_x"":0.8,""inflation_dist"":0.5519816036343181,""max_vel_theta"":1.0,""max_vel_x"":1.2,""min_obstacle_dist"":0.25307843112284,""weight_obstacle"":50.0,""weight_optimaltime"":1.0,""weight_viapoint"":1.0}","{""acc_lim_theta"":0.7845982445514798,""acc_lim_x"":0.8,""inflation_dist"":0.5529811349269931,""max_vel_theta"":1.0,""max_vel_x"":1.2,""min_obstacle_dist"":0.25462518813547413,""weight_obstacle"":50.0,""weight_optimaltime"":1.0,""weight_viapoint"":1.0}","{""acc_lim_theta"":0.7845982445514798,""acc_lim_x"":0.8,""inflation_dist"":0.5529811349269931,""max_vel_theta"":1.0,""max_vel_x"":1.2,""min_obstacle_dist"":0.25462518813547413,""weight_obstacle"":50.0,""weight_optimaltime"":1.0,""weight_viapoint"":1.0}","{""acc_lim_theta"":0.7845982445514798,""acc_lim_x"":0.8,""inflation_dist"":0.5529811349269931,""max_vel_theta"":1.0,""max_vel_x"":1.2,""min_obstacle_dist"":0.25462518813547413,""weight_obstacle"":50.0,""weight_optimaltime"":1.0,""weight_viapoint"":1.0}","{""acc_lim_theta"":0.7845982445514798,""acc_lim_x"":0.8,""inflation_dist"":0.5529811349269931,""max_vel_theta"":1.0,""max_vel_x"":1.2,""min_obstacle_dist"":0.25462518813547413,""weight_obstacle"":50.0,""weight_optimaltime"":1.0,""weight_viapoint"":1.0}",false,,false,NORMAL,,false,,2.4961114123046544,2.547449886294235,-0.04499999999999887,-0.0,-0.004800021479815534,-1.0394077654083695e-06,-0.0,-0.0015374131020008447,0.0,0.0,0.0,0.0,0.0,0.0,2.3197809932753444,27.999999999991587,45.99999999999227,true,
t11_semantic_eta_no_fallback_seed104,t11_semantic_eta_no_fallback_seed104-episode-000047,3,4,157.904,157.256,157.258,157.288,157.354,157.854,0,0.5,true,,3.5011467720899647,2.9040525648991533,0.092869502665823,0.6840101011664048,30.0,0.0,25.84011495073908,1.1609855473627426,0.02501723938249077,"[-0.17026638984680176,0.575383186340332,-0.32199758291244507,-0.777019739151001,0.07001972198486328]","[-0.13128870725631714,0.1143120527267456,0.057129740715026855,-0.06913501024246216,0.13466918468475342]","[-0.3015550971031189,0.6896952390670776,-0.2648678421974182,-0.8461547493934631,0.2046889066696167]","{""acc_lim_theta"":0.7845982445514798,""acc_lim_x"":0.8,""inflation_dist"":0.5529811349269931,""max_vel_theta"":1.0,""max_vel_x"":1.2,""min_obstacle_dist"":0.25462518813547413,""weight_obstacle"":50.0,""weight_optimaltime"":1.0,""weight_viapoint"":1.0}","{""acc_lim_theta"":0.7836550815362333,""acc_lim_x"":0.8,""inflation_dist"":0.5524522133621939,""max_vel_theta"":1.0,""max_vel_x"":1.1913250222972513,""min_obstacle_dist"":0.25880230438943164,""weight_obstacle"":50.0,""weight_optimaltime"":1.0,""weight_viapoint"":1.0}","{""acc_lim_theta"":0.7836550815362333,""acc_lim_x"":0.8,""inflation_dist"":0.5524522133621939,""max_vel_theta"":0.9927708519143762,""max_vel_x"":1.1913250222972513,""min_obstacle_dist"":0.25880230438943164,""weight_obstacle"":50.0,""weight_optimaltime"":1.0,""weight_viapoint"":1.0}","{""acc_lim_theta"":0.7836550815362333,""acc_lim_x"":0.8,""inflation_dist"":0.5524522133621939,""max_vel_theta"":0.9927708519143762,""max_vel_x"":1.1913250222972513,""min_obstacle_dist"":0.25880230438943164,""weight_obstacle"":50.0,""weight_optimaltime"":1.0,""weight_viapoint"":1.0}","{""acc_lim_theta"":0.7836550815362333,""acc_lim_x"":0.8,""inflation_dist"":0.5524522133621939,""max_vel_theta"":0.9927708519143762,""max_vel_x"":1.1913250222972513,""min_obstacle_dist"":0.25880230438943164,""weight_obstacle"":50.0,""weight_optimaltime"":1.0,""weight_viapoint"":1.0}",true,max_vel_theta:ackermann_turning_radius,false,NORMAL,,false,,2.9262120658293664,2.985471035954057,-0.05,-0.0,-0.0042317473915674635,-7.780579639370209e-05,-0.0,-0.004949416936729633,0.0,0.0,0.0,1.0,0.0,0.0,1.1782509973272681,30.000000000001137,96.00000000000364,true,
t11_semantic_eta_no_fallback_seed104,t11_semantic_eta_no_fallback_seed104-episode-000047,4,5,158.504,157.896,157.906,157.934,157.954,158.454,0,0.5,true,,2.812298830136299,2.24300233853937,0.04187962971208798,0.6513151568869461,30.0,0.0,25.91331996248598,1.1577057684399452,-0.11821229646012689,"[-0.3015550971031189,0.6896952390670776,-0.2648678421974182,-0.8461547493934631,0.2046889066696167]","[-0.18740355968475342,0.09429407119750977,0.014650583267211914,-0.07069504261016846,0.01569831371307373]","[-0.4889586567878723,0.7839893102645874,-0.2502172589302063,-0.9168497920036316,0.22038722038269043]","{""acc_lim_theta"":0.7836550815362333,""acc_lim_x"":0.8,""inflation_dist"":0.5524522133621939,""max_vel_theta"":0.9927708519143762,""max_vel_x"":1.1913250222972513,""min_obstacle_dist"":0.25880230438943164,""weight_obstacle"":50.0,""weight_optimaltime"":1.0,""weight_viapoint"":1.0}","{""acc_lim_theta"":0.7889463975298473,""acc_lim_x"":0.8,""inflation_dist"":0.5523165745630337,""max_vel_theta"":0.9927708519143762,""max_vel_x"":1.1885514347364707,""min_obstacle_dist"":0.26137420509095327,""weight_obstacle"":50.0,""weight_optimaltime"":1.0,""weight_viapoint"":1.0}","{""acc_lim_theta"":0.7889463975298473,""acc_lim_x"":0.8,""inflation_dist"":0.5523165745630337,""max_vel_theta"":0.990459528947059,""max_vel_x"":1.1885514347364707,""min_obstacle_dist"":0.26137420509095327,""weight_obstacle"":50.0,""weight_optimaltime"":1.0,""weight_viapoint"":1.0}","{""acc_lim_theta"":0.7889463975298473,""acc_lim_x"":0.8,""inflation_dist"":0.5523165745630337,""max_vel_theta"":0.990459528947059,""max_vel_x"":1.1885514347364707,""min_obstacle_dist"":0.26137420509095327,""weight_obstacle"":50.0,""weight_optimaltime"":1.0,""weight_viapoint"":1.0}","{""acc_lim_theta"":0.7889463975298473,""acc_lim_x"":0.8,""inflation_dist"":0.5523165745630337,""max_vel_theta"":0.990459528947059,""max_vel_x"":1.1885514347364707,""min_obstacle_dist"":0.26137420509095327,""weight_obstacle"":50.0,""weight_optimaltime"":1.0,""weight_viapoint"":1.0}",true,max_vel_theta:ackermann_turning_radius,false,NORMAL,,false,,2.784456383771029,2.846482457984645,-0.05,-0.0,-0.008677259463060052,-3.3942341999765253e-05,-0.0,-0.003314872408556198,0.0,0.0,0.0,1.0,0.0,0.0,1.7136479946202599,27.999999999991587,48.00000000000182,true,
t11_semantic_eta_no_fallback_seed104,t11_semantic_eta_no_fallback_seed104-episode-000047,5,6,159.052,158.496,158.508,158.538,158.55,159.05,0,0.45000000000001705,true,,2.1304292046115747,1.6213823895854185,0.19239267673529567,0.6546071218907931,30.0,0.0,25.960132713431626,1.1556181291969347,0.1188788484318042,"[-0.4889586567878723,0.7839893102645874,-0.2502172589302063,-0.9168497920036316,0.22038722038269043]","[-0.14684903621673584,0.014348387718200684,0.1500011682510376,-0.03552025556564331,-0.03893089294433594]","[-0.6358076930046082,0.7983376979827881,-0.1002160906791687,-0.9523700475692749,0.1814563274383545]","{""acc_lim_theta"":0.7889463975298473,""acc_lim_x"":0.8,""inflation_dist"":0.5523165745630337,""max_vel_theta"":0.990459528947059,""max_vel_x"":1.1885514347364707,""min_obstacle_dist"":0.26137420509095327,""weight_obstacle"":50.0,""weight_optimaltime"":1.0,""weight_viapoint"":1.0}","{""acc_lim_theta"":0.7953214154430802,""acc_lim_x"":0.8,""inflation_dist"":0.5509278258720707,""max_vel_theta"":0.990459528947059,""max_vel_x"":1.1888941016959773,""min_obstacle_dist"":0.26574135370675095,""weight_obstacle"":50.210214087604335,""weight_optimaltime"":1.0,""weight_viapoint"":1.0}","{""acc_lim_theta"":0.7953214154430802,""acc_lim_x"":0.8,""inflation_dist"":0.5509278258720707,""max_vel_theta"":0.990459528947059,""max_vel_x"":1.1888941016959773,""min_obstacle_dist"":0.26574135370675095,""weight_obstacle"":50.210214087604335,""weight_optimaltime"":1.0,""weight_viapoint"":1.0}","{""acc_lim_theta"":0.7953214154430802,""acc_lim_x"":0.8,""inflation_dist"":0.5509278258720707,""max_vel_theta"":0.990459528947059,""max_vel_x"":1.1888941016959773,""min_obstacle_dist"":0.26574135370675095,""weight_obstacle"":50.210214087604335,""weight_optimaltime"":1.0,""weight_viapoint"":1.0}","{""acc_lim_theta"":0.7953214154430802,""acc_lim_x"":0.8,""inflation_dist"":0.5509278258720707,""max_vel_theta"":0.990459528947059,""max_vel_x"":1.1888941016959773,""min_obstacle_dist"":0.26574135370675095,""weight_obstacle"":50.210214087604335,""weight_optimaltime"":1.0,""weight_viapoint"":1.0}",false,,false,NORMAL,,false,,2.489185208689674,2.5452340751307814,-0.045000000000001705,-0.0,-0.006821932402153324,-1.1995438923438524e-05,-0.0,-0.004214938600028893,0.0,0.0,0.0,0.0,0.0,0.0,2.0356099994387478,30.000000000001137,42.00000000000159,true,
t11_semantic_eta_no_fallback_seed104,t11_semantic_eta_no_fallback_seed104-episode-000047,6,7,159.7,159.048,159.054,159.076,159.15,159.65,0,0.5,true,,1.4681519502446767,0.9202105625732122,0.17665048542012837,0.8986983837011143,30.0,0.0,27.195104232684926,1.1031397321854703,0.5514822310703834,"[-0.6358076930046082,0.7983376979827881,-0.1002160906791687,-0.9523700475692749,0.1814563274383545]","[-0.16685843467712402,0.03961038589477539,0.17810440063476562,-0.05958038568496704,0.011700272560119629]","[-0.8026661276817322,0.8379480838775635,0.07788830995559692,-1.0,0.19315659999847412]","{""acc_lim_theta"":0.7953214154430802,""acc_lim_x"":0.8,""inflation_dist"":0.5509278258720707,""max_vel_theta"":0.990459528947059,""max_vel_x"":1.1888941016959773,""min_obstacle_dist"":0.26574135370675095,""weight_obstacle"":50.210214087604335,""weight_optimaltime"":1.0,""weight_viapoint"":1.0}","{""acc_lim_theta"":0.8,""acc_lim_x"":0.8,""inflation_dist"":0.55,""max_vel_theta"":0.990459528947059,""max_vel_x"":1.186478846409425,""min_obstacle_dist"":0.27144804545277,""weight_obstacle"":50.14703644293884,""weight_optimaltime"":1.0,""weight_viapoint"":1.0}","{""acc_lim_theta"":0.8,""acc_lim_x"":0.8,""inflation_dist"":0.55,""max_vel_theta"":0.9887323720078541,""max_vel_x"":1.186478846409425,""min_obstacle_dist"":0.27144804545277,""weight_obstacle"":50.14703644293884,""weight_optimaltime"":1.0,""weight_viapoint"":1.0}","{""acc_lim_theta"":0.8,""acc_lim_x"":0.8,""inflation_dist"":0.55,""max_vel_theta"":0.9887323720078541,""max_vel_x"":1.186478846409425,""min_obstacle_dist"":0.27144804545277,""weight_obstacle"":50.14703644293884,""weight_optimaltime"":1.0,""weight_viapoint"":1.0}","{""acc_lim_theta"":0.8,""acc_lim_x"":0.8,""inflation_dist"":0.55,""max_vel_theta"":0.9887323720078541,""max_vel_x"":1.186478846409425,""min_obstacle_dist"":0.27144804545277,""weight_obstacle"":50.14703644293884,""weight_optimaltime"":1.0,""weight_viapoint"":1.0}",true,max_vel_theta:ackermann_turning_radius,false,NORMAL,,false,,2.6597216850862893,2.7397069383573225,-0.05,-0.0,-0.024734966577418895,-0.0006585415247401285,-0.0,-0.004591745168874177,0.0,0.0,0.0,1.0,0.0,0.0,1.050478997058235,21.99999999999136,96.00000000000364,true,
t11_semantic_eta_no_fallback_seed104,t11_semantic_eta_no_fallback_seed104-episode-000047,7,8,161.552,159.696,159.702,159.732,159.75,160.25,0,0.44999999999998863,true,,0.8151006974002027,0.406862940027415,0.0067869027522956945,0.0026028163486357947,30.0,0.0,600.0,0.0,0.0,"[-0.8026661276817322,0.8379480838775635,0.07788830995559692,-1.0,0.19315659999847412]","[-0.27038633823394775,0.10243403911590576,0.1130208969116211,-0.01009988784790039,0.05596804618835449]","[-1.0,0.9403821229934692,0.19090920686721802,-1.0,0.2491246461868286]","{""acc_lim_theta"":0.8,""acc_lim_x"":0.8,""inflation_dist"":0.55,""max_vel_theta"":0.9887323720078541,""max_vel_x"":1.186478846409425,""min_obstacle_dist"":0.27144804545277,""weight_obstacle"":50.14703644293884,""weight_optimaltime"":1.0,""weight_viapoint"":1.0}","{""acc_lim_theta"":0.8,""acc_lim_x"":0.8,""inflation_dist"":0.55,""max_vel_theta"":0.9887323720078541,""max_vel_x"":1.1784085932927182,""min_obstacle_dist"":0.27685458612840513,""weight_obstacle"":50.0,""weight_optimaltime"":1.0,""weight_viapoint"":1.0}","{""acc_lim_theta"":0.8,""acc_lim_x"":0.8,""inflation_dist"":0.55,""max_vel_theta"":0.9820071610772652,""max_vel_x"":1.1784085932927182,""min_obstacle_dist"":0.27685458612840513,""weight_obstacle"":50.0,""weight_optimaltime"":1.0,""weight_viapoint"":1.0}","{""acc_lim_theta"":0.8,""acc_lim_x"":0.8,""inflation_dist"":0.55,""max_vel_theta"":0.9820071610772652,""max_vel_x"":1.1784085932927182,""min_obstacle_dist"":0.27685458612840513,""weight_obstacle"":50.0,""weight_optimaltime"":1.0,""weight_viapoint"":1.0}","{""acc_lim_theta"":0.8,""acc_lim_x"":0.8,""inflation_dist"":0.55,""max_vel_theta"":0.9820071610772652,""max_vel_x"":1.1784085932927182,""min_obstacle_dist"":0.27685458612840513,""weight_obstacle"":50.0,""weight_optimaltime"":1.0,""weight_viapoint"":1.0}",true,max_vel_theta:ackermann_turning_radius,false,NORMAL,,false,,11.943205395254157,2.0411887868639385,-0.04499999999999887,-0.0,-0.01605724628822781,-0.03177937179318688,-0.0,-0.005146773528367314,10.0,0.0,0.0,1.0,0.0,0.0,1.5884009990259074,30.000000000001137,48.00000000000182,true,
t11_semantic_eta_no_fallback_seed104,t11_semantic_eta_no_fallback_seed104-episode-000048,0,1,163.118,162.576,162.578,162.602,162.612,163.112,0,0.4519999999999982,true,,5.769506686983349,5.357167835496655,0.01777362004083592,0.24388901150160902,1.5436253779354843,0.0,1.3243597496436887,1.1655634946250728,0.3581318398611083,"[0.0,0.0,0.0,0.0,0.0]","[-0.06107330322265625,0.018114686012268066,0.1309974193572998,-0.022154510021209717,-0.23359042406082153]","[-0.06107330322265625,0.018114686012268066,0.1309974193572998,-0.022154510021209717,-0.23359042406082153]","{""acc_lim_theta"":0.8,""acc_lim_x"":0.8,""inflation_dist"":0.55,""max_vel_theta"":1.0,""max_vel_x"":1.2,""min_obstacle_dist"":0.25,""weight_obstacle"":50.0,""weight_optimaltime"":1.0,""weight_viapoint"":1.0}","{""acc_lim_theta"":0.8,""acc_lim_x"":0.8,""inflation_dist"":0.55,""max_vel_theta"":1.0,""max_vel_x"":1.2,""min_obstacle_dist"":0.2539428368931345,""weight_obstacle"":51.26131188250073,""weight_optimaltime"":1.0,""weight_viapoint"":1.0}","{""acc_lim_theta"":0.8,""acc_lim_x"":0.8,""inflation_dist"":0.55,""max_vel_theta"":1.0,""max_vel_x"":1.2,""min_obstacle_dist"":0.2539428368931345,""weight_obstacle"":51.26131188250073,""weight_optimaltime"":1.0,""weight_viapoint"":1.0}","{""acc_lim_theta"":0.8,""acc_lim_x"":0.8,""inflation_dist"":0.55,""max_vel_theta"":1.0,""max_vel_x"":1.2,""min_obstacle_dist"":0.2539428368931345,""weight_obstacle"":51.26131188250073,""weight_optimaltime"":1.0,""weight_viapoint"":1.0}","{""acc_lim_theta"":0.8,""acc_lim_x"":0.8,""inflation_dist"":0.55,""max_vel_theta"":1.0,""max_vel_x"":1.2,""min_obstacle_dist"":0.2539428368931345,""weight_obstacle"":51.26131188250073,""weight_optimaltime"":1.0,""weight_viapoint"":1.0}",false,,false,NORMAL,,false,,1.8225090052993724,2.0616942574334685,-0.045199999999999824,-0.0,-0.0008073189596363474,-0.18907817465220433,-0.0,-0.004099758522255262,0.0,0.0,0.0,0.0,0.0,0.0,1.6277499962598085,24.00000000000091,33.999999999991815,true,
t11_semantic_eta_no_fallback_seed104,t11_semantic_eta_no_fallback_seed104-episode-000048,1,2,163.118,163.118,,,,163.118,0,0.0,true,,5.289786272830634,5.289786272830634,0.01777362004083592,0.24388901150160902,1.5436253779354843,0.0,1.3243597496436887,1.1655634946250728,0.3581318398611083,"[-0.06107330322265625,0.018114686012268066,0.1309974193572998,-0.022154510021209717,-0.23359042406082153]","[-0.2852482795715332,0.025699496269226074,0.21773457527160645,-0.1622253656387329,-0.17004847526550293]","[-0.34632158279418945,0.04381418228149414,0.34873199462890625,-0.18437987565994263,-0.40363889932632446]","{""acc_lim_theta"":0.8,""acc_lim_x"":0.8,""inflation_dist"":0.55,""max_vel_theta"":1.0,""max_vel_x"":1.2,""min_obstacle_dist"":0.2539428368931345,""weight_obstacle"":51.26131188250073,""weight_optimaltime"":1.0,""weight_viapoint"":1.0}","{""acc_lim_theta"":0.8,""acc_lim_x"":0.8,""inflation_dist"":0.55,""max_vel_theta"":1.0,""max_vel_x"":1.2,""min_obstacle_dist"":0.2603945030065881,""weight_obstacle"":52.179518026078185,""weight_optimaltime"":1.0,""weight_viapoint"":1.0}","{""acc_lim_theta"":0.8,""acc_lim_x"":0.8,""inflation_dist"":0.55,""max_vel_theta"":1.0,""max_vel_x"":1.2,""min_obstacle_dist"":0.2603945030065881,""weight_obstacle"":52.179518026078185,""weight_optimaltime"":1.0,""weight_viapoint"":1.0}","{""acc_lim_theta"":0.8,""acc_lim_x"":0.8,""inflation_dist"":0.55,""max_vel_theta"":1.0,""max_vel_x"":1.2,""min_obstacle_dist"":0.2603945030065881,""weight_obstacle"":52.179518026078185,""weight_optimaltime"":1.0,""weight_viapoint"":1.0}","{""acc_lim_theta"":0.8,""acc_lim_x"":0.8,""inflation_dist"":0.55,""max_vel_theta"":1.0,""max_vel_x"":1.2,""min_obstacle_dist"":0.2539428368931345,""weight_obstacle"":51.26131188250073,""weight_optimaltime"":1.0,""weight_viapoint"":1.0}",false,,false,NORMAL,margin:emergency|ablation:no_conservative_parameter_fallback,false,,0.0,0.0,0.0,0.0,0.0,0.0,0.0,0.0,0.0,0.0,0.0,0.0,0.0,0.0,1.2163749997853301,0.0,0.0,false,safety_emergency_stop
t11_semantic_eta_no_fallback_seed104,t11_semantic_eta_no_fallback_seed104-episode-000049,0,1,164.236,164.236,,,,164.236,0,0.0,true,,4.981471723364524,4.981471723364524,0.05401561356019798,4.354069883736867e-07,0.3186430494472507,0.88125,0.6467145432135577,0.49271050541696043,7.256783139561444e-06,"[0.0,0.0,0.0,0.0,0.0]","[-0.9619550704956055,-0.6978801488876343,0.5893869400024414,-0.29038333892822266,-0.3333740234375]","[-0.9619550704956055,-0.6978801488876343,0.5893869400024414,-0.29038333892822266,-0.3333740234375]","{""acc_lim_theta"":0.8,""acc_lim_x"":0.8,""inflation_dist"":0.55,""max_vel_theta"":1.0,""max_vel_x"":1.2,""min_obstacle_dist"":0.25,""weight_obstacle"":50.0,""weight_optimaltime"":1.0,""weight_viapoint"":1.0}","{""acc_lim_theta"":0.8,""acc_lim_x"":0.7802751804354986,""inflation_dist"":0.55,""max_vel_theta"":1.0,""max_vel_x"":1.2,""min_obstacle_dist"":0.25,""weight_obstacle"":51.800110679919435,""weight_optimaltime"":0.9302119851112366,""weight_viapoint"":1.0}","{""acc_lim_theta"":0.8,""acc_lim_x"":0.7802751804354986,""inflation_dist"":0.55,""max_vel_theta"":1.0,""max_vel_x"":1.2,""min_obstacle_dist"":0.25,""weight_obstacle"":51.800110679919435,""weight_optimaltime"":0.9302119851112366,""weight_viapoint"":1.0}","{""acc_lim_theta"":0.8,""acc_lim_x"":0.7802751804354986,""inflation_dist"":0.55,""max_vel_theta"":1.0,""max_vel_x"":1.2,""min_obstacle_dist"":0.25,""weight_obstacle"":51.800110679919435,""weight_optimaltime"":0.9302119851112366,""weight_viapoint"":1.0}","{""acc_lim_theta"":0.8,""acc_lim_x"":0.8,""inflation_dist"":0.55,""max_vel_theta"":1.0,""max_vel_x"":1.2,""min_obstacle_dist"":0.25,""weight_obstacle"":50.0,""weight_optimaltime"":1.0,""weight_viapoint"":1.0}",false,,false,NORMAL,margin:emergency|ablation:no_conservative_parameter_fallback,false,,0.0,0.0,0.0,0.0,0.0,0.0,0.0,0.0,0.0,0.0,0.0,0.0,0.0,0.0,2.614447002997622,0.0,0.0,false,safety_emergency_stop
t11_semantic_eta_no_fallback_seed104,t11_semantic_eta_no_fallback_seed104-episode-000050,0,1,165.862,165.256,165.26,165.286,165.312,165.812,0,0.5,true,,5.397322187547235,4.9963854986643685,0.2419347040592479,0.44529460303154067,30.0,0.0,25.679140746973356,1.1682633891687328,0.7232316882815621,"[0.0,0.0,0.0,0.0,0.0]","[0.008001089096069336,0.18883323669433594,-0.1459561586380005,-0.3439246416091919,0.008393645286560059]","[0.008001089096069336,0.18883323669433594,-0.1459561586380005,-0.3439246416091919,0.008393645286560059]","{""acc_lim_theta"":0.8,""acc_lim_x"":0.8,""inflation_dist"":0.55,""max_vel_theta"":1.0,""max_vel_x"":1.2,""min_obstacle_dist"":0.25,""weight_obstacle"":50.0,""weight_optimaltime"":1.0,""weight_viapoint"":1.0}","{""acc_lim_theta"":0.7905433621365838,""acc_lim_x"":0.8,""inflation_dist"":0.5513512989706008,""max_vel_theta"":1.0,""max_vel_x"":1.2,""min_obstacle_dist"":0.25043417494649145,""weight_obstacle"":50.0,""weight_optimaltime"":1.0,""weight_viapoint"":1.0}","{""acc_lim_theta"":0.7905433621365838,""acc_lim_x"":0.8,""inflation_dist"":0.5513512989706008,""max_vel_theta"":1.0,""max_vel_x"":1.2,""min_obstacle_dist"":0.25043417494649145,""weight_obstacle"":50.0,""weight_optimaltime"":1.0,""weight_viapoint"":1.0}","{""acc_lim_theta"":0.7905433621365838,""acc_lim_x"":0.8,""inflation_dist"":0.5513512989706008,""max_vel_theta"":1.0,""max_vel_x"":1.2,""min_obstacle_dist"":0.25043417494649145,""weight_obstacle"":50.0,""weight_optimaltime"":1.0,""weight_viapoint"":1.0}","{""acc_lim_theta"":0.7905433621365838,""acc_lim_x"":0.8,""inflation_dist"":0.5513512989706008,""max_vel_theta"":1.0,""max_vel_x"":1.2,""min_obstacle_dist"":0.25043417494649145,""weight_obstacle"":50.0,""weight_optimaltime"":1.0,""weight_viapoint"":1.0}",false,,false,NORMAL,,false,,1.753262543217877,2.00468344441433,-0.05,-0.0,-0.007628276326757107,-0.19086871000507394,-0.0,-0.0029239148646222667,0.0,0.0,0.0,0.0,0.0,0.0,2.250388999527786,26.00000000001046,52.00000000002092,true,
t11_semantic_eta_no_fallback_seed104,t11_semantic_eta_no_fallback_seed104-episode-000050,1,2,166.414,165.856,165.864,165.89,165.912,166.412,0,0.4519999999999982,true,,4.886264736407872,4.361618566930291,0.07667779833992593,0.671892495187324,30.0,0.0,25.743776579624896,1.1653301879470055,0.2053229753603536,"[0.008001089096069336,0.18883323669433594,-0.1459561586380005,-0.3439246416091919,0.008393645286560059]","[-0.06164926290512085,0.2018982172012329,-0.09530001878738403,-0.24694955348968506,0.05079638957977295]","[-0.053648173809051514,0.39073145389556885,-0.24125617742538452,-0.590874195098877,0.05919003486633301]","{""acc_lim_theta"":0.7905433621365838,""acc_lim_x"":0.8,""inflation_dist"":0.5513512989706008,""max_vel_theta"":1.0,""max_vel_x"":1.2,""min_obstacle_dist"":0.25043417494649145,""weight_obstacle"":50.0,""weight_optimaltime"":1.0,""weight_viapoint"":1.0}","{""acc_lim_theta"":0.7849987302385083,""acc_lim_x"":0.8,""inflation_dist"":0.5522336106077891,""max_vel_theta"":1.0,""max_vel_x"":1.2,""min_obstacle_dist"":0.25253298661346557,""weight_obstacle"":50.0,""weight_optimaltime"":1.0,""weight_viapoint"":1.0}","{""acc_lim_theta"":0.7849987302385083,""acc_lim_x"":0.8,""inflation_dist"":0.5522336106077891,""max_vel_theta"":1.0,""max_vel_x"":1.2,""min_obstacle_dist"":0.25253298661346557,""weight_obstacle"":50.0,""weight_optimaltime"":1.0,""weight_viapoint"":1.0}","{""acc_lim_theta"":0.7849987302385083,""acc_lim_x"":0.8,""inflation_dist"":0.5522336106077891,""max_vel_theta"":1.0,""max_vel_x"":1.2,""min_obstacle_dist"":0.25253298661346557,""weight_obstacle"":50.0,""weight_optimaltime"":1.0,""weight_viapoint"":1.0}","{""acc_lim_theta"":0.7849987302385083,""acc_lim_x"":0.8,""inflation_dist"":0.5522336106077891,""max_vel_theta"":1.0,""max_vel_x"":1.2,""min_obstacle_dist"":0.25253298661346557,""weight_obstacle"":50.0,""weight_optimaltime"":1.0,""weight_viapoint"":1.0}",false,,false,NORMAL,,false,,2.5515648528533834,2.623230847387905,-0.045199999999999824,-0.0,-0.023981264134393356,-6.9587196232838015e-06,-0.0,-0.0024777716805051944,0.0,0.0,0.0,0.0,0.0,0.0,1.3512419973267242,25.999999999982037,48.00000000000182,true,
t11_semantic_eta_no_fallback_seed104,t11_semantic_eta_no_fallback_seed104-episode-000050,2,3,167.058,166.408,166.418,166.438,166.508,167.008,0,0.5,true,,4.199763657512499,3.620826362471516,0.14878464841763936,0.6978237129577624,30.0,0.0,25.739458745347765,1.1655256739002835,-0.02259384841911164,"[-0.053648173809051514,0.39073145389556885,-0.24125617742538452,-0.590874195098877,0.05919003486633301]","[-0.0911719799041748,0.16981017589569092,-0.08995801210403442,-0.19156229496002197,0.025777697563171387]","[-0.14482015371322632,0.5605416297912598,-0.33121418952941895,-0.7824364900588989,0.0849677324295044]","{""acc_lim_theta"":0.7849987302385083,""acc_lim_x"":0.8,""inflation_dist"":0.5522336106077891,""max_vel_theta"":1.0,""max_vel_x"":1.2,""min_obstacle_dist"":0.25253298661346557,""weight_obstacle"":50.0,""weight_optimaltime"":1.0,""weight_viapoint"":1.0}","{""acc_lim_theta"":0.7829208909816129,""acc_lim_x"":0.8,""inflation_dist"":0.5530664645982463,""max_vel_theta"":1.0,""max_vel_x"":1.2,""min_obstacle_dist"":0.25403444921978624,""weight_obstacle"":50.0,""weight_optimaltime"":1.0,""weight_viapoint"":1.0}","{""acc_lim_theta"":0.7829208909816129,""acc_lim_x"":0.8,""inflation_dist"":0.5530664645982463,""max_vel_theta"":1.0,""max_vel_x"":1.2,""min_obstacle_dist"":0.25403444921978624,""weight_obstacle"":50.0,""weight_optimaltime"":1.0,""weight_viapoint"":1.0}","{""acc_lim_theta"":0.7829208909816129,""acc_lim_x"":0.8,""inflation_dist"":0.5530664645982463,""max_vel_theta"":1.0,""max_vel_x"":1.2,""min_obstacle_dist"":0.25403444921978624,""weight_obstacle"":50.0,""weight_optimaltime"":1.0,""weight_viapoint"":1.0}","{""acc_lim_theta"":0.7829208909816129,""acc_lim_x"":0.8,""inflation_dist"":0.5530664645982463,""max_vel_theta"":1.0,""max_vel_x"":1.2,""min_obstacle_dist"":0.25403444921978624,""weight_obstacle"":50.0,""weight_optimaltime"":1.0,""weight_viapoint"":1.0}",false,,false,NORMAL,,false,,2.836327336262869,2.894686475204913,-0.05,-0.0,-0.007000822532247878,-3.132700566320773e-07,-0.0,-0.0013580031397398894,0.0,0.0,0.0,0.0,0.0,0.0,3.1392439996125177,19.99999999998181,90.00000000000341,true,
t11_semantic_eta_no_fallback_seed104,t11_semantic_eta_no_fallback_seed104-episode-000050,3,4,167.66,167.056,167.064,167.094,167.11,167.61,0,0.5,true,,3.505158066540783,2.930945759116981,0.06246927812068871,0.7016650495313623,30.0,0.0,25.822365556795006,1.1617835683573023,0.008554040770167302,"[-0.14482015371322632,0.5605416297912598,-0.33121418952941895,-0.7824364900588989,0.0849677324295044]","[-0.14024955034255981,0.12252330780029297,0.04561424255371094,-0.08017349243164062,0.11807525157928467]","[-0.28506970405578613,0.6830649375915527,-0.285599946975708,-0.8626099824905396,0.20304298400878906]","{""acc_lim_theta"":0.7829208909816129,""acc_lim_x"":0.8,""inflation_dist"":0.5530664645982463,""max_vel_theta"":1.0,""max_vel_x"":1.2,""min_obstacle_dist"":0.25403444921978624,""weight_obstacle"":50.0,""weight_optimaltime"":1.0,""weight_viapoint"":1.0}","{""acc_lim_theta"":0.7826150928281203,""acc_lim_x"":0.8,""inflation_dist"":0.5526441564230877,""max_vel_theta"":1.0,""max_vel_x"":1.192378025524271,""min_obstacle_dist"":0.25809138121575453,""weight_obstacle"":50.0,""weight_optimaltime"":1.0,""weight_viapoint"":1.0}","{""acc_lim_theta"":0.7826150928281203,""acc_lim_x"":0.8,""inflation_dist"":0.5526441564230877,""max_vel_theta"":0.9936483546035593,""max_vel_x"":1.192378025524271,""min_obstacle_dist"":0.25809138121575453,""weight_obstacle"":50.0,""weight_optimaltime"":1.0,""weight_viapoint"":1.0}","{""acc_lim_theta"":0.7826150928281203,""acc_lim_x"":0.8,""inflation_dist"":0.5526441564230877,""max_vel_theta"":0.9936483546035593,""max_vel_x"":1.192378025524271,""min_obstacle_dist"":0.25809138121575453,""weight_obstacle"":50.0,""weight_optimaltime"":1.0,""weight_viapoint"":1.0}","{""acc_lim_theta"":0.7826150928281203,""acc_lim_x"":0.8,""inflation_dist"":0.5526441564230877,""max_vel_theta"":0.9936483546035593,""max_vel_x"":1.192378025524271,""min_obstacle_dist"":0.25809138121575453,""weight_obstacle"":50.0,""weight_optimaltime"":1.0,""weight_viapoint"":1.0}",true,max_vel_theta:ackermann_turning_radius,false,NORMAL,,false,,2.814421695055728,2.8710615371190085,-0.05,-0.0,-0.002223962241344307,-5.5339847982684e-05,-0.0,-0.004360539973953493,0.0,0.0,0.0,1.0,0.0,0.0,4.957527999067679,30.000000000001137,46.00000000002069,true,
t11_semantic_eta_no_fallback_seed104,t11_semantic_eta_no_fallback_seed104-episode-000050,4,5,168.21,167.656,167.662,167.69,167.706,168.206,0,0.4519999999999982,true,,2.8160697833734987,2.292168291148432,0.044976705782718465,0.6818742609416146,30.0,0.0,25.959511989553544,1.1556457614485358,-0.07444405444859255,"[-0.28506970405578613,0.6830649375915527,-0.285599946975708,-0.8626099824905396,0.20304298400878906]","[-0.1930525302886963,0.09544515609741211,-0.006306171417236328,-0.07062208652496338,0.02381110191345215]","[-0.4781222343444824,0.7785100936889648,-0.29190611839294434,-0.9332320690155029,0.2268540859222412]","{""acc_lim_theta"":0.7826150928281203,""acc_lim_x"":0.8,""inflation_dist"":0.5526441564230877,""max_vel_theta"":0.9936483546035593,""max_vel_x"":1.192378025524271,""min_obstacle_dist"":0.25809138121575453,""weight_obstacle"":50.0,""weight_optimaltime"":1.0,""weight_viapoint"":1.0}","{""acc_lim_theta"":0.7878665301532203,""acc_lim_x"":0.8,""inflation_dist"":0.5527025405503768,""max_vel_theta"":0.9936483546035593,""max_vel_x"":1.1890257400235225,""min_obstacle_dist"":0.26012602617736913,""weight_obstacle"":50.0,""weight_optimaltime"":1.0,""weight_viapoint"":1.0}","{""acc_lim_theta"":0.7878665301532203,""acc_lim_x"":0.8,""inflation_dist"":0.5527025405503768,""max_vel_theta"":0.9908547833529354,""max_vel_x"":1.1890257400235225,""min_obstacle_dist"":0.26012602617736913,""weight_obstacle"":50.0,""weight_optimaltime"":1.0,""weight_viapoint"":1.0}","{""acc_lim_theta"":0.7878665301532203,""acc_lim_x"":0.8,""inflation_dist"":0.5527025405503768,""max_vel_theta"":0.9908547833529354,""max_vel_x"":1.1890257400235225,""min_obstacle_dist"":0.26012602617736913,""weight_obstacle"":50.0,""weight_optimaltime"":1.0,""weight_viapoint"":1.0}","{""acc_lim_theta"":0.7878665301532203,""acc_lim_x"":0.8,""inflation_dist"":0.5527025405503768,""max_vel_theta"":0.9908547833529354,""max_vel_x"":1.1890257400235225,""min_obstacle_dist"":0.26012602617736913,""weight_obstacle"":50.0,""weight_optimaltime"":1.0,""weight_viapoint"":1.0}",true,max_vel_theta:ackermann_turning_radius,false,NORMAL,,false,,2.565984519705905,2.6195074611253344,-0.045199999999999824,-0.0,-0.005038559737498366,-2.3554686535338343e-05,-0.0,-0.0032608269953958396,0.0,0.0,0.0,1.0,0.0,0.0,1.3382380057009868,27.999999999991587,43.99999999998272,true,
t11_semantic_eta_no_fallback_seed104,t11_semantic_eta_no_fallback_seed104-episode-000050,5,6,168.81,168.206,168.212,168.248,168.308,168.808,0,0.44999999999998863,true,,2.1340296490190296,1.6226396122315934,0.19629612183861253,0.6757212895838117,30.0,0.0,25.81044507920534,1.1623201346562617,0.12858123844424701,"[-0.4781222343444824,0.7785100936889648,-0.29190611839294434,-0.9332320690155029,0.2268540859222412]","[-0.12176936864852905,0.014175057411193848,0.12333178520202637,-0.04732459783554077,-0.028110742568969727]","[-0.5998916029930115,0.7926851511001587,-0.16857433319091797,-0.9805566668510437,0.19874334335327148]","{""acc_lim_theta"":0.7878665301532203,""acc_lim_x"":0.8,""inflation_dist"":0.5527025405503768,""max_vel_theta"":0.9908547833529354,""max_vel_x"":1.1890257400235225,""min_obstacle_dist"":0.26012602617736913,""weight_obstacle"":50.0,""weight_optimaltime"":1.0,""weight_viapoint"":1.0}","{""acc_lim_theta"":0.7925531468301762,""acc_lim_x"":0.8,""inflation_dist"":0.5515607037417007,""max_vel_theta"":0.9908547833529354,""max_vel_x"":1.1894821237859596,""min_obstacle_dist"":0.2637716337035594,""weight_obstacle"":50.151788814848544,""weight_optimaltime"":1.0,""weight_viapoint"":1.0}","{""acc_lim_theta"":0.7925531468301762,""acc_lim_x"":0.8,""inflation_dist"":0.5515607037417007,""max_vel_theta"":0.9908547833529354,""max_vel_x"":1.1894821237859596,""min_obstacle_dist"":0.2637716337035594,""weight_obstacle"":50.151788814848544,""weight_optimaltime"":1.0,""weight_viapoint"":1.0}","{""acc_lim_theta"":0.7925531468301762,""acc_lim_x"":0.8,""inflation_dist"":0.5515607037417007,""max_vel_theta"":0.9908547833529354,""max_vel_x"":1.1894821237859596,""min_obstacle_dist"":0.2637716337035594,""weight_obstacle"":50.151788814848544,""weight_optimaltime"":1.0,""weight_viapoint"":1.0}","{""acc_lim_theta"":0.7925531468301762,""acc_lim_x"":0.8,""inflation_dist"":0.5515607037417007,""max_vel_theta"":0.9908547833529354,""max_vel_x"":1.1894821237859596,""min_obstacle_dist"":0.2637716337035594,""weight_obstacle"":50.151788814848544,""weight_optimaltime"":1.0,""weight_viapoint"":1.0}",false,,false,NORMAL,,false,,2.500771197507374,2.556950183937181,-0.04499999999999887,-0.0,-0.007814054444325412,-2.9154127471294515e-05,-0.0,-0.003335777858011528,0.0,0.0,0.0,0.0,0.0,0.0,1.690437005890999,36.000000000001364,96.00000000000364,true,
t11_semantic_eta_no_fallback_seed104,t11_semantic_eta_no_fallback_seed104-episode-000050,6,7,169.456,168.806,168.812,168.84,168.906,169.406,0,0.5,true,,1.4684938780597308,0.9188888304244642,0.16653735175072462,0.8968771042552998,30.0,0.0,27.37658894644358,1.0958268051103284,0.5294628207583753,"[-0.5998916029930115,0.7926851511001587,-0.16857433319091797,-0.9805566668510437,0.19874334335327148]","[-0.1474202275276184,0.02187323570251465,0.16803288459777832,-0.06369376182556152,0.002974987030029297]","[-0.7473118305206299,0.8145583868026733,-0.0005414485931396484,-1.0,0.20171833038330078]","{""acc_lim_theta"":0.7925531468301762,""acc_lim_x"":0.8,""inflation_dist"":0.5515607037417007,""max_vel_theta"":0.9908547833529354,""max_vel_x"":1.1894821237859596,""min_obstacle_dist"":0.2637716337035594,""weight_obstacle"":50.151788814848544,""weight_optimaltime"":1.0,""weight_viapoint"":1.0}","{""acc_lim_theta"":0.7968218163240349,""acc_lim_x"":0.8,""inflation_dist"":0.5500050128677911,""max_vel_theta"":0.9908547833529354,""max_vel_x"":1.1880325592996117,""min_obstacle_dist"":0.26879771132791686,""weight_obstacle"":50.13572485800464,""weight_optimaltime"":1.0,""weight_viapoint"":1.0}","{""acc_lim_theta"":0.7968218163240349,""acc_lim_x"":0.8,""inflation_dist"":0.5500050128677911,""max_vel_theta"":0.9900271327496765,""max_vel_x"":1.1880325592996117,""min_obstacle_dist"":0.26879771132791686,""weight_obstacle"":50.13572485800464,""weight_optimaltime"":1.0,""weight_viapoint"":1.0}","{""acc_lim_theta"":0.7968218163240349,""acc_lim_x"":0.8,""inflation_dist"":0.5500050128677911,""max_vel_theta"":0.9900271327496765,""max_vel_x"":1.1880325592996117,""min_obstacle_dist"":0.26879771132791686,""weight_obstacle"":50.13572485800464,""weight_optimaltime"":1.0,""weight_viapoint"":1.0}","{""acc_lim_theta"":0.7968218163240349,""acc_lim_x"":0.8,""inflation_dist"":0.5500050128677911,""max_vel_theta"":0.9900271327496765,""max_vel_x"":1.1880325592996117,""min_obstacle_dist"":0.26879771132791686,""weight_obstacle"":50.13572485800464,""weight_optimaltime"":1.0,""weight_viapoint"":1.0}",true,max_vel_theta:ackermann_turning_radius,false,NORMAL,,false,,2.6690562601514363,2.7480252381763326,-0.05,-0.0,-0.02413254294645489,-0.0008751014330052111,-0.0,-0.00396133364543657,0.0,0.0,0.0,1.0,0.0,0.0,1.8008820043178275,27.999999999991587,93.99999999999409,true,
t11_semantic_eta_no_fallback_seed104,t11_semantic_eta_no_fallback_seed104-episode-000050,7,8,171.308,169.436,169.46,169.49,169.506,170.006,0,0.44999999999998863,true,,0.8142350546974189,0.3981341650961091,0.004952895255669801,0.00698685789338005,30.0,0.0,600.0,0.0,0.0,"[-0.7473118305206299,0.8145583868026733,-0.0005414485931396484,-1.0,0.20171833038330078]","[-0.25100862979888916,0.09067893028259277,0.1280226707458496,-0.013084650039672852,0.04916214942932129]","[-0.998320460319519,0.9052373170852661,0.12748122215270996,-1.0,0.25088047981262207]","{""acc_lim_theta"":0.7968218163240349,""acc_lim_x"":0.8,""inflation_dist"":0.5500050128677911,""max_vel_theta"":0.9900271327496765,""max_vel_x"":1.1880325592996117,""min_obstacle_dist"":0.26879771132791686,""weight_obstacle"":50.13572485800464,""weight_optimaltime"":1.0,""weight_viapoint"":1.0}","{""acc_lim_theta"":0.8,""acc_lim_x"":0.8,""inflation_dist"":0.55,""max_vel_theta"":0.9900271327496765,""max_vel_x"":1.1807891393467171,""min_obstacle_dist"":0.27433638874831123,""weight_obstacle"":50.0,""weight_optimaltime"":1.0,""weight_viapoint"":1.0}","{""acc_lim_theta"":0.8,""acc_lim_x"":0.8,""inflation_dist"":0.55,""max_vel_theta"":0.9839909494555976,""max_vel_x"":1.1807891393467171,""min_obstacle_dist"":0.27433638874831123,""weight_obstacle"":50.0,""weight_optimaltime"":1.0,""weight_viapoint"":1.0}","{""acc_lim_theta"":0.8,""acc_lim_x"":0.8,""inflation_dist"":0.55,""max_vel_theta"":0.9839909494555976,""max_vel_x"":1.1807891393467171,""min_obstacle_dist"":0.27433638874831123,""weight_obstacle"":50.0,""weight_optimaltime"":1.0,""weight_viapoint"":1.0}","{""acc_lim_theta"":0.8,""acc_lim_x"":0.8,""inflation_dist"":0.55,""max_vel_theta"":0.9839909494555976,""max_vel_x"":1.1807891393467171,""min_obstacle_dist"":0.27433638874831123,""weight_obstacle"":50.0,""weight_optimaltime"":1.0,""weight_viapoint"":1.0}",true,max_vel_theta:ackermann_turning_radius,false,NORMAL,,false,,11.947789171312458,2.0805044480065487,-0.04499999999999887,-0.0,-0.014696528424018588,-0.06732137610134352,-0.0,-0.005697372168730158,10.0,0.0,0.0,1.0,0.0,0.0,1.8868769984692335,30.000000000001137,45.99999999999227,true,
t11_semantic_eta_no_fallback_seed104,t11_semantic_eta_no_fallback_seed104-episode-000051,0,1,172.894,172.296,172.3,172.33,172.344,172.844,0,0.5,true,,5.765271613206688,5.276396191842959,0.042265542199685854,0.24970459962100536,1.512294508901017,0.0,1.2961685805496694,1.166742144189064,0.3124394598222254,"[0.0,0.0,0.0,0.0,0.0]","[-0.09992712736129761,-0.017447471618652344,0.13471662998199463,-0.08162599802017212,-0.133902907371521]","[-0.09992712736129761,-0.017447471618652344,0.13471662998199463,-0.08162599802017212,-0.133902907371521]","{""acc_lim_theta"":0.8,""acc_lim_x"":0.8,""inflation_dist"":0.55,""max_vel_theta"":1.0,""max_vel_x"":1.2,""min_obstacle_dist"":0.25,""weight_obstacle"":50.0,""weight_optimaltime"":1.0,""weight_viapoint"":1.0}","{""acc_lim_theta"":0.8,""acc_lim_x"":0.8,""inflation_dist"":0.55,""max_vel_theta"":1.0,""max_vel_x"":1.2,""min_obstacle_dist"":0.25322159166747626,""weight_obstacle"":50.72303190016521,""weight_optimaltime"":0.9982552528381348,""weight_viapoint"":1.0}","{""acc_lim_theta"":0.8,""acc_lim_x"":0.8,""inflation_dist"":0.55,""max_vel_theta"":1.0,""max_vel_x"":1.2,""min_obstacle_dist"":0.25322159166747626,""weight_obstacle"":50.72303190016521,""weight_optimaltime"":0.9982552528381348,""weight_viapoint"":1.0}","{""acc_lim_theta"":0.8,""acc_lim_x"":0.8,""inflation_dist"":0.55,""max_vel_theta"":1.0,""max_vel_x"":1.2,""min_obstacle_dist"":0.25322159166747626,""weight_obstacle"":50.72303190016521,""weight_optimaltime"":0.9982552528381348,""weight_viapoint"":1.0}","{""acc_lim_theta"":0.8,""acc_lim_x"":0.8,""inflation_dist"":0.55,""max_vel_theta"":1.0,""max_vel_x"":1.2,""min_obstacle_dist"":0.25322159166747626,""weight_obstacle"":50.72303190016521,""weight_optimaltime"":0.9982552528381348,""weight_viapoint"":1.0}",false,,false,NORMAL,,false,,2.170699721826268,2.444377106818645,-0.05,-0.0,-0.000668905575991705,-0.21992482951669157,-0.0,-0.0030836498996939738,0.0,0.0,0.0,0.0,0.0,0.0,2.313532000698615,30.000000000001137,43.99999999998272,true,
t11_semantic_eta_no_fallback_seed104,t11_semantic_eta_no_fallback_seed104-episode-000051,1,2,172.894,172.894,,,,172.894,0,0.0,true,,5.231530287083518,5.231530287083518,0.042265542199685854,0.24970459962100536,1.512294508901017,0.0,1.2961685805496694,1.166742144189064,0.3124394598222254,"[-0.09992712736129761,-0.017447471618652344,0.13471662998199463,-0.08162599802017212,-0.133902907371521]","[-0.2942938804626465,0.020257234573364258,0.2381744384765625,-0.17448753118515015,-0.16197049617767334]","[-0.3942210078239441,0.002809762954711914,0.37289106845855713,-0.25611352920532227,-0.29587340354919434]","{""acc_lim_theta"":0.8,""acc_lim_x"":0.8,""inflation_dist"":0.55,""max_vel_theta"":1.0,""max_vel_x"":1.2,""min_obstacle_dist"":0.25322159166747626,""weight_obstacle"":50.72303190016521,""weight_optimaltime"":0.9982552528381348,""weight_viapoint"":1.0}","{""acc_lim_theta"":0.8,""acc_lim_x"":0.8,""inflation_dist"":0.55,""max_vel_theta"":1.0,""max_vel_x"":1.2,""min_obstacle_dist"":0.2600975015817905,""weight_obstacle"":51.59761959897535,""weight_optimaltime"":1.0,""weight_viapoint"":1.0}","{""acc_lim_theta"":0.8,""acc_lim_x"":0.8,""inflation_dist"":0.55,""max_vel_theta"":1.0,""max_vel_x"":1.2,""min_obstacle_dist"":0.2600975015817905,""weight_obstacle"":51.59761959897535,""weight_optimaltime"":1.0,""weight_viapoint"":1.0}","{""acc_lim_theta"":0.8,""acc_lim_x"":0.8,""inflation_dist"":0.55,""max_vel_theta"":1.0,""max_vel_x"":1.2,""min_obstacle_dist"":0.2600975015817905,""weight_obstacle"":51.59761959897535,""weight_optimaltime"":1.0,""weight_viapoint"":1.0}","{""acc_lim_theta"":0.8,""acc_lim_x"":0.8,""inflation_dist"":0.55,""max_vel_theta"":1.0,""max_vel_x"":1.2,""min_obstacle_dist"":0.25322159166747626,""weight_obstacle"":50.72303190016521,""weight_optimaltime"":0.9982552528381348,""weight_viapoint"":1.0}",false,,false,NORMAL,margin:emergency|ablation:no_conservative_parameter_fallback,false,,0.0,0.0,0.0,0.0,0.0,0.0,0.0,0.0,0.0,0.0,0.0,0.0,0.0,0.0,1.9154449983034283,0.0,0.0,false,safety_emergency_stop
t11_semantic_eta_no_fallback_seed104,t11_semantic_eta_no_fallback_seed104-episode-000052,0,1,173.936,173.936,,,,173.936,0,0.0,true,,4.982065057480912,4.982065057480912,0.055916344270226265,0.005248600822460096,0.38092685210840926,0.8680851063829788,0.916224329508855,0.41575718941299705,0.08747668037433493,"[0.0,0.0,0.0,0.0,0.0]","[-0.9611541032791138,-0.6943344473838806,0.5915454626083374,-0.3104759454727173,-0.341937780380249]","[-0.9611541032791138,-0.6943344473838806,0.5915454626083374,-0.3104759454727173,-0.341937780380249]","{""acc_lim_theta"":0.8,""acc_lim_x"":0.8,""inflation_dist"":0.55,""max_vel_theta"":1.0,""max_vel_x"":1.2,""min_obstacle_dist"":0.25,""weight_obstacle"":50.0,""weight_optimaltime"":1.0,""weight_viapoint"":1.0}","{""acc_lim_theta"":0.8,""acc_lim_x"":0.7811868997756458,""inflation_dist"":0.55,""max_vel_theta"":1.0,""max_vel_x"":1.2,""min_obstacle_dist"":0.25,""weight_obstacle"":51.84635216620538,""weight_optimaltime"":0.9305665552616119,""weight_viapoint"":1.0}","{""acc_lim_theta"":0.8,""acc_lim_x"":0.7811868997756458,""inflation_dist"":0.55,""max_vel_theta"":1.0,""max_vel_x"":1.2,""min_obstacle_dist"":0.25,""weight_obstacle"":51.84635216620538,""weight_optimaltime"":0.9305665552616119,""weight_viapoint"":1.0}","{""acc_lim_theta"":0.8,""acc_lim_x"":0.7811868997756458,""inflation_dist"":0.55,""max_vel_theta"":1.0,""max_vel_x"":1.2,""min_obstacle_dist"":0.25,""weight_obstacle"":51.84635216620538,""weight_optimaltime"":0.9305665552616119,""weight_viapoint"":1.0}","{""acc_lim_theta"":0.8,""acc_lim_x"":0.8,""inflation_dist"":0.55,""max_vel_theta"":1.0,""max_vel_x"":1.2,""min_obstacle_dist"":0.25,""weight_obstacle"":50.0,""weight_optimaltime"":1.0,""weight_viapoint"":1.0}",false,,false,NORMAL,margin:emergency|ablation:no_conservative_parameter_fallback,false,,0.0,0.0,0.0,0.0,0.0,0.0,0.0,0.0,0.0,0.0,0.0,0.0,0.0,0.0,1.7657019998296164,0.0,0.0,false,safety_emergency_stop
t11_semantic_eta_no_fallback_seed104,t11_semantic_eta_no_fallback_seed104-episode-000053,0,1,175.534,174.976,174.98,175.006,175.03,175.53,0,0.44999999999998863,true,,5.267429672079507,4.898000324172127,0.23133246975367663,0.38928014383322385,30.0,0.0,25.75277154470237,1.1649231597432212,0.7554062881982578,"[0.0,0.0,0.0,0.0,0.0]","[-0.00397568941116333,0.18369388580322266,-0.13038313388824463,-0.3319682478904724,-0.003946542739868164]","[-0.00397568941116333,0.18369388580322266,-0.13038313388824463,-0.3319682478904724,-0.003946542739868164]","{""acc_lim_theta"":0.8,""acc_lim_x"":0.8,""inflation_dist"":0.55,""max_vel_theta"":1.0,""max_vel_x"":1.2,""min_obstacle_dist"":0.25,""weight_obstacle"":50.0,""weight_optimaltime"":1.0,""weight_viapoint"":1.0}","{""acc_lim_theta"":0.7917526972283365,""acc_lim_x"":0.8,""inflation_dist"":0.5512071199752787,""max_vel_theta"":1.0,""max_vel_x"":1.2,""min_obstacle_dist"":0.2507344725202766,""weight_obstacle"":50.02131003988116,""weight_optimaltime"":1.0,""weight_viapoint"":1.0}","{""acc_lim_theta"":0.7917526972283365,""acc_lim_x"":0.8,""inflation_dist"":0.5512071199752787,""max_vel_theta"":1.0,""max_vel_x"":1.2,""min_obstacle_dist"":0.2507344725202766,""weight_obstacle"":50.02131003988116,""weight_optimaltime"":1.0,""weight_viapoint"":1.0}","{""acc_lim_theta"":0.7917526972283365,""acc_lim_x"":0.8,""inflation_dist"":0.5512071199752787,""max_vel_theta"":1.0,""max_vel_x"":1.2,""min_obstacle_dist"":0.2507344725202766,""weight_obstacle"":50.02131003988116,""weight_optimaltime"":1.0,""weight_viapoint"":1.0}","{""acc_lim_theta"":0.7917526972283365,""acc_lim_x"":0.8,""inflation_dist"":0.5512071199752787,""max_vel_theta"":1.0,""max_vel_x"":1.2,""min_obstacle_dist"":0.2507344725202766,""weight_obstacle"":50.02131003988116,""weight_optimaltime"":1.0,""weight_viapoint"":1.0}",false,,false,NORMAL,,false,,1.6106733426158992,1.847146739536898,-0.04499999999999887,-0.0,-0.006093541495315314,-0.18263672922338758,-0.0,-0.002743126202297022,0.0,0.0,0.0,0.0,0.0,0.0,2.742561999184545,26.00000000001046,50.00000000001137,true,
t11_semantic_eta_no_fallback_seed104,t11_semantic_eta_no_fallback_seed104-episode-000053,1,2,176.178,175.53,175.536,175.562,175.628,176.128,0,0.5,true,,4.746318718555435,4.177944046066973,0.0729454365400049,0.6808559018370743,30.0,0.0,25.66828627095687,1.1687574185248344,0.19089718159106925,"[-0.00397568941116333,0.18369388580322266,-0.13038313388824463,-0.3319682478904724,-0.003946542739868164]","[-0.06015688180923462,0.2056114673614502,-0.091219961643219,-0.24363410472869873,0.06120574474334717]","[-0.06413257122039795,0.38930535316467285,-0.22160309553146362,-0.5756023526191711,0.057259202003479004]","{""acc_lim_theta"":0.7917526972283365,""acc_lim_x"":0.8,""inflation_dist"":0.5512071199752787,""max_vel_theta"":1.0,""max_vel_x"":1.2,""min_obstacle_dist"":0.2507344725202766,""weight_obstacle"":50.02131003988116,""weight_optimaltime"":1.0,""weight_viapoint"":1.0}","{""acc_lim_theta"":0.7858836301994472,""acc_lim_x"":0.8,""inflation_dist"":0.5520516574132119,""max_vel_theta"":1.0,""max_vel_x"":1.2,""min_obstacle_dist"":0.2530288156132873,""weight_obstacle"":50.0,""weight_optimaltime"":1.0,""weight_viapoint"":1.0}","{""acc_lim_theta"":0.7858836301994472,""acc_lim_x"":0.8,""inflation_dist"":0.5520516574132119,""max_vel_theta"":1.0,""max_vel_x"":1.2,""min_obstacle_dist"":0.2530288156132873,""weight_obstacle"":50.0,""weight_optimaltime"":1.0,""weight_viapoint"":1.0}","{""acc_lim_theta"":0.7858836301994472,""acc_lim_x"":0.8,""inflation_dist"":0.5520516574132119,""max_vel_theta"":1.0,""max_vel_x"":1.2,""min_obstacle_dist"":0.2530288156132873,""weight_obstacle"":50.0,""weight_optimaltime"":1.0,""weight_viapoint"":1.0}","{""acc_lim_theta"":0.7858836301994472,""acc_lim_x"":0.8,""inflation_dist"":0.5520516574132119,""max_vel_theta"":1.0,""max_vel_x"":1.2,""min_obstacle_dist"":0.2530288156132873,""weight_obstacle"":50.0,""weight_optimaltime"":1.0,""weight_viapoint"":1.0}",false,,false,NORMAL,,false,,2.7563514298139116,2.841873362442313,-0.05,-0.0,-0.03280447917361979,-4.853296975463153e-05,-0.0,-0.0026689204850269895,0.0,0.0,0.0,0.0,0.0,0.0,1.1708590027410537,26.00000000001046,91.99999999998454,true,
t11_semantic_eta_no_fallback_seed104,t11_semantic_eta_no_fallback_seed104-episode-000053,2,3,176.73,176.176,176.182,176.208,176.228,176.728,0,0.45000000000001705,true,,4.062174022794337,3.528850832309849,0.1317401375751801,0.7151664556241105,30.0,0.0,25.667201218637995,1.1688068264418243,0.03530655427530978,"[-0.06413257122039795,0.38930535316467285,-0.22160309553146362,-0.5756023526191711,0.057259202003479004]","[-0.08253061771392822,0.17667484283447266,-0.0962226390838623,-0.20350557565689087,0.03494918346405029]","[-0.14666318893432617,0.5659801959991455,-0.3178257346153259,-0.779107928276062,0.0922083854675293]","{""acc_lim_theta"":0.7858836301994472,""acc_lim_x"":0.8,""inflation_dist"":0.5520516574132119,""max_vel_theta"":1.0,""max_vel_x"":1.2,""min_obstacle_dist"":0.2530288156132873,""weight_obstacle"":50.0,""weight_optimaltime"":1.0,""weight_viapoint"":1.0}","{""acc_lim_theta"":0.7828389256750808,""acc_lim_x"":0.8,""inflation_dist"":0.5529425109020667,""max_vel_theta"":1.0,""max_vel_x"":1.2,""min_obstacle_dist"":0.25452026876832123,""weight_obstacle"":50.0,""weight_optimaltime"":1.0,""weight_viapoint"":1.0}","{""acc_lim_theta"":0.7828389256750808,""acc_lim_x"":0.8,""inflation_dist"":0.5529425109020667,""max_vel_theta"":1.0,""max_vel_x"":1.2,""min_obstacle_dist"":0.25452026876832123,""weight_obstacle"":50.0,""weight_optimaltime"":1.0,""weight_viapoint"":1.0}","{""acc_lim_theta"":0.7828389256750808,""acc_lim_x"":0.8,""inflation_dist"":0.5529425109020667,""max_vel_theta"":1.0,""max_vel_x"":1.2,""min_obstacle_dist"":0.25452026876832123,""weight_obstacle"":50.0,""weight_optimaltime"":1.0,""weight_viapoint"":1.0}","{""acc_lim_theta"":0.7828389256750808,""acc_lim_x"":0.8,""inflation_dist"":0.5529425109020667,""max_vel_theta"":1.0,""max_vel_x"":1.2,""min_obstacle_dist"":0.25452026876832123,""weight_obstacle"":50.0,""weight_optimaltime"":1.0,""weight_viapoint"":1.0}",false,,false,NORMAL,,false,,2.6150220858858977,2.6666159524224398,-0.045000000000001705,-0.0,-0.0049779396480234455,-3.639927167378353e-06,-0.0,-0.0016122869613493858,0.0,0.0,0.0,0.0,0.0,0.0,1.9288639959995635,26.00000000001046,46.00000000002069,true,
t11_semantic_eta_no_fallback_seed104,t11_semantic_eta_no_fallback_seed104-episode-000053,3,4,177.378,176.726,176.732,176.762,176.828,177.328,0,0.5,true,,3.3664892909438366,2.79205658688349,0.07179612568625775,0.7135089891070966,30.0,0.0,25.83103267721204,1.1613937535863905,-0.029093239401308424,"[-0.14666318893432617,0.5659801959991455,-0.3178257346153259,-0.779107928276062,0.0922083854675293]","[-0.1382356882095337,0.112831711769104,0.042595505714416504,-0.07556319236755371,0.12624680995941162]","[-0.28489887714385986,0.6788119077682495,-0.2752302289009094,-0.8546711206436157,0.21845519542694092]","{""acc_lim_theta"":0.7828389256750808,""acc_lim_x"":0.8,""inflation_dist"":0.5529425109020667,""max_vel_theta"":1.0,""max_vel_x"":1.2,""min_obstacle_dist"":0.25452026876832123,""weight_obstacle"":50.0,""weight_optimaltime"":1.0,""weight_viapoint"":1.0}","{""acc_lim_theta"":0.7822957717790381,""acc_lim_x"":0.8,""inflation_dist"":0.5525481509547975,""max_vel_theta"":1.0,""max_vel_x"":1.1918338139281515,""min_obstacle_dist"":0.25827215380491675,""weight_obstacle"":50.0,""weight_optimaltime"":1.0,""weight_viapoint"":1.0}","{""acc_lim_theta"":0.7822957717790381,""acc_lim_x"":0.8,""inflation_dist"":0.5525481509547975,""max_vel_theta"":0.9931948449401262,""max_vel_x"":1.1918338139281515,""min_obstacle_dist"":0.25827215380491675,""weight_obstacle"":50.0,""weight_optimaltime"":1.0,""weight_viapoint"":1.0}","{""acc_lim_theta"":0.7822957717790381,""acc_lim_x"":0.8,""inflation_dist"":0.5525481509547975,""max_vel_theta"":0.9931948449401262,""max_vel_x"":1.1918338139281515,""min_obstacle_dist"":0.25827215380491675,""weight_obstacle"":50.0,""weight_optimaltime"":1.0,""weight_viapoint"":1.0}","{""acc_lim_theta"":0.7822957717790381,""acc_lim_x"":0.8,""inflation_dist"":0.5525481509547975,""max_vel_theta"":0.9931948449401262,""max_vel_x"":1.1918338139281515,""min_obstacle_dist"":0.25827215380491675,""weight_obstacle"":50.0,""weight_optimaltime"":1.0,""weight_viapoint"":1.0}",true,max_vel_theta:ackermann_turning_radius,false,NORMAL,,false,,2.8154232096489404,2.8721635203017337,-0.05,-0.0,-0.002187016803767565,-8.201506577930677e-05,-0.0,-0.004471278783246749,0.0,0.0,0.0,1.0,0.0,0.0,1.0862150011234917,30.000000000001137,96.00000000000364,true,
t11_semantic_eta_no_fallback_seed104,t11_semantic_eta_no_fallback_seed104-episode-000053,4,5,177.976,177.376,177.382,177.412,177.426,177.926,0,0.5,true,,2.677296631502891,2.111499083183146,0.034795831356317634,0.6748467326631136,30.0,0.0,25.97134829073734,1.1551190821579131,-0.022164927116920925,"[-0.28489887714385986,0.6788119077682495,-0.2752302289009094,-0.8546711206436157,0.21845519542694092]","[-0.19398343563079834,0.0980602502822876,0.0002745389938354492,-0.06774723529815674,0.028813958168029785]","[-0.4788823127746582,0.7768721580505371,-0.274955689907074,-0.9224183559417725,0.2472691535949707]","{""acc_lim_theta"":0.7822957717790381,""acc_lim_x"":0.8,""inflation_dist"":0.5525481509547975,""max_vel_theta"":0.9931948449401262,""max_vel_x"":1.1918338139281515,""min_obstacle_dist"":0.25827215380491675,""weight_obstacle"":50.0,""weight_optimaltime"":1.0,""weight_viapoint"":1.0}","{""acc_lim_theta"":0.7874914137951314,""acc_lim_x"":0.8,""inflation_dist"":0.5525456092034715,""max_vel_theta"":0.9931948449401262,""max_vel_x"":1.1881067021011686,""min_obstacle_dist"":0.26054424812219823,""weight_obstacle"":50.0,""weight_optimaltime"":1.0,""weight_viapoint"":1.0}","{""acc_lim_theta"":0.7874914137951314,""acc_lim_x"":0.8,""inflation_dist"":0.5525456092034715,""max_vel_theta"":0.9900889184176406,""max_vel_x"":1.1881067021011686,""min_obstacle_dist"":0.26054424812219823,""weight_obstacle"":50.0,""weight_optimaltime"":1.0,""weight_viapoint"":1.0}","{""acc_lim_theta"":0.7874914137951314,""acc_lim_x"":0.8,""inflation_dist"":0.5525456092034715,""max_vel_theta"":0.9900889184176406,""max_vel_x"":1.1881067021011686,""min_obstacle_dist"":0.26054424812219823,""weight_obstacle"":50.0,""weight_optimaltime"":1.0,""weight_viapoint"":1.0}","{""acc_lim_theta"":0.7874914137951314,""acc_lim_x"":0.8,""inflation_dist"":0.5525456092034715,""max_vel_theta"":0.9900889184176406,""max_vel_x"":1.1881067021011686,""min_obstacle_dist"":0.26054424812219823,""weight_obstacle"":50.0,""weight_optimaltime"":1.0,""weight_viapoint"":1.0}",true,max_vel_theta:ackermann_turning_radius,false,NORMAL,,false,,2.768369118249784,2.8289877415987252,-0.05,-0.0,-0.007117657110988758,-5.012118335777459e-05,-0.0,-0.003450845054594759,0.0,0.0,0.0,1.0,0.0,0.0,1.8925929980468936,30.000000000001137,43.99999999998272,true,
t11_semantic_eta_no_fallback_seed104,t11_semantic_eta_no_fallback_seed104-episode-000053,5,6,178.578,177.956,177.978,178.008,178.028,178.528,0,0.5,true,,1.9996417114777592,1.447096318797535,0.20276024428820472,0.7261289395441158,30.0,0.0,25.906968537043223,1.1579895948499082,0.23592689820931936,"[-0.4788823127746582,0.7768721580505371,-0.274955689907074,-0.9224183559417725,0.2472691535949707]","[-0.12812578678131104,0.011866569519042969,0.13260400295257568,-0.03681302070617676,-0.022120416164398193]","[-0.6070080995559692,0.7887387275695801,-0.1423516869544983,-0.9592313766479492,0.2251487374305725]","{""acc_lim_theta"":0.7874914137951314,""acc_lim_x"":0.8,""inflation_dist"":0.5525456092034715,""max_vel_theta"":0.9900889184176406,""max_vel_x"":1.1881067021011686,""min_obstacle_dist"":0.26054424812219823,""weight_obstacle"":50.0,""weight_optimaltime"":1.0,""weight_viapoint"":1.0}","{""acc_lim_theta"":0.7925067135904817,""acc_lim_x"":0.8,""inflation_dist"":0.5513179278616258,""max_vel_theta"":0.9900889184176406,""max_vel_x"":1.187852308281233,""min_obstacle_dist"":0.26438600938524914,""weight_obstacle"":50.11944301169962,""weight_optimaltime"":1.0,""weight_viapoint"":1.0}","{""acc_lim_theta"":0.7925067135904817,""acc_lim_x"":0.8,""inflation_dist"":0.5513179278616258,""max_vel_theta"":0.9898769235676941,""max_vel_x"":1.187852308281233,""min_obstacle_dist"":0.26438600938524914,""weight_obstacle"":50.11944301169962,""weight_optimaltime"":1.0,""weight_viapoint"":1.0}","{""acc_lim_theta"":0.7925067135904817,""acc_lim_x"":0.8,""inflation_dist"":0.5513179278616258,""max_vel_theta"":0.9898769235676941,""max_vel_x"":1.187852308281233,""min_obstacle_dist"":0.26438600938524914,""weight_obstacle"":50.11944301169962,""weight_optimaltime"":1.0,""weight_viapoint"":1.0}","{""acc_lim_theta"":0.7925067135904817,""acc_lim_x"":0.8,""inflation_dist"":0.5513179278616258,""max_vel_theta"":0.9898769235676941,""max_vel_x"":1.187852308281233,""min_obstacle_dist"":0.26438600938524914,""weight_obstacle"":50.11944301169962,""weight_optimaltime"":1.0,""weight_viapoint"":1.0}",true,max_vel_theta:ackermann_turning_radius,false,NORMAL,,false,,2.700848182746591,2.762726963401121,-0.05,-0.0,-0.00837522798073146,-3.857315869251577e-05,-0.0,-0.0034649795151059804,0.0,0.0,0.0,1.0,0.0,0.0,1.5059780052979477,30.000000000001137,49.99999999998295,true,
t11_semantic_eta_no_fallback_seed104,t11_semantic_eta_no_fallback_seed104-episode-000053,6,7,179.128,178.576,178.58,178.606,178.626,179.126,0,0.45000000000001705,true,,1.337388042215758,0.834691409037331,0.15079779702614918,0.9486599984684886,30.0,0.0,27.271956474779223,1.1000310897292476,0.5213910094457253,"[-0.6070080995559692,0.7887387275695801,-0.1423516869544983,-0.9592313766479492,0.2251487374305725]","[-0.15732306241989136,0.04392135143280029,0.15169179439544678,-0.06848222017288208,0.03180098533630371]","[-0.7643311619758606,0.8326600790023804,0.009340107440948486,-1.0,0.2569497227668762]","{""acc_lim_theta"":0.7925067135904817,""acc_lim_x"":0.8,""inflation_dist"":0.5513179278616258,""max_vel_theta"":0.9898769235676941,""max_vel_x"":1.187852308281233,""min_obstacle_dist"":0.26438600938524914,""weight_obstacle"":50.11944301169962,""weight_optimaltime"":1.0,""weight_viapoint"":1.0}","{""acc_lim_theta"":0.796089439110862,""acc_lim_x"":0.8,""inflation_dist"":0.55,""max_vel_theta"":0.9898769235676941,""max_vel_x"":1.1846536632056313,""min_obstacle_dist"":0.2694816337094579,""weight_obstacle"":50.0,""weight_optimaltime"":1.0,""weight_viapoint"":1.0}","{""acc_lim_theta"":0.796089439110862,""acc_lim_x"":0.8,""inflation_dist"":0.55,""max_vel_theta"":0.9872113860046927,""max_vel_x"":1.1846536632056313,""min_obstacle_dist"":0.2694816337094579,""weight_obstacle"":50.0,""weight_optimaltime"":1.0,""weight_viapoint"":1.0}","{""acc_lim_theta"":0.796089439110862,""acc_lim_x"":0.8,""inflation_dist"":0.55,""max_vel_theta"":0.9872113860046927,""max_vel_x"":1.1846536632056313,""min_obstacle_dist"":0.2694816337094579,""weight_obstacle"":50.0,""weight_optimaltime"":1.0,""weight_viapoint"":1.0}","{""acc_lim_theta"":0.796089439110862,""acc_lim_x"":0.8,""inflation_dist"":0.55,""max_vel_theta"":0.9872113860046927,""max_vel_x"":1.1846536632056313,""min_obstacle_dist"":0.2694816337094579,""weight_obstacle"":50.0,""weight_optimaltime"":1.0,""weight_viapoint"":1.0}",true,max_vel_theta:ackermann_turning_radius,false,NORMAL,,false,,2.444555994139131,2.5134831658921355,-0.045000000000001705,-0.0,-0.01804141303100395,-0.0012701757460135878,-0.0,-0.0046155829759857245,0.0,0.0,0.0,1.0,0.0,0.0,1.2855309978476726,25.999999999982037,45.99999999999227,true,
t11_semantic_eta_no_fallback_seed104,t11_semantic_eta_no_fallback_seed104-episode-000053,7,8,180.736,179.124,179.13,179.156,179.226,179.726,0,0.5,true,,0.6905715350544616,0.28910522783454123,0.002935114517906492,0.003589316902546047,30.0,0.0,600.0,0.0,0.0,"[-0.7643311619758606,0.8326600790023804,0.009340107440948486,-1.0,0.2569497227668762]","[-0.24752771854400635,0.10293698310852051,0.11194789409637451,-0.01715099811553955,0.0695420503616333]","[-1.0,0.9355970621109009,0.121288001537323,-1.0,0.3264917731285095]","{""acc_lim_theta"":0.796089439110862,""acc_lim_x"":0.8,""inflation_dist"":0.55,""max_vel_theta"":0.9872113860046927,""max_vel_x"":1.1846536632056313,""min_obstacle_dist"":0.2694816337094579,""weight_obstacle"":50.0,""weight_optimaltime"":1.0,""weight_viapoint"":1.0}","{""acc_lim_theta"":0.8,""acc_lim_x"":0.8,""inflation_dist"":0.55,""max_vel_theta"":0.9872113860046927,""max_vel_x"":1.176385306288727,""min_obstacle_dist"":0.27487092083844483,""weight_obstacle"":50.0,""weight_optimaltime"":1.0,""weight_viapoint"":1.0}","{""acc_lim_theta"":0.8,""acc_lim_x"":0.8,""inflation_dist"":0.55,""max_vel_theta"":0.9803210885739393,""max_vel_x"":1.176385306288727,""min_obstacle_dist"":0.27487092083844483,""weight_obstacle"":50.0,""weight_optimaltime"":1.0,""weight_viapoint"":1.0}","{""acc_lim_theta"":0.8,""acc_lim_x"":0.8,""inflation_dist"":0.55,""max_vel_theta"":0.9803210885739393,""max_vel_x"":1.176385306288727,""min_obstacle_dist"":0.27487092083844483,""weight_obstacle"":50.0,""weight_optimaltime"":1.0,""weight_viapoint"":1.0}","{""acc_lim_theta"":0.8,""acc_lim_x"":0.8,""inflation_dist"":0.55,""max_vel_theta"":0.9803210885739393,""max_vel_x"":1.176385306288727,""min_obstacle_dist"":0.27487092083844483,""weight_obstacle"":50.0,""weight_optimaltime"":1.0,""weight_viapoint"":1.0}",true,max_vel_theta:ackermann_turning_radius,false,NORMAL,,false,,11.904668079866882,2.007331536099602,-0.05,-0.0,-0.013462965531479387,-0.033311016655060526,-0.0,-0.005889474046180664,10.0,0.0,0.0,1.0,0.0,0.0,1.4169030037010089,26.00000000001046,96.00000000000364,true,
t11_semantic_eta_no_fallback_seed104,t11_semantic_eta_no_fallback_seed104-episode-000054,0,1,182.29,181.736,181.738,181.758,181.788,182.288,0,0.45000000000001705,true,,5.743171251539189,5.313986593532543,0.027056115540974538,0.3005182073142448,1.535517979543259,0.0,1.3364723259543039,1.1489336140550663,0.5553120407170075,"[0.0,0.0,0.0,0.0,0.0]","[0.051514506340026855,-0.040174782276153564,0.03696417808532715,-0.348003625869751,-0.20244330167770386]","[0.051514506340026855,-0.040174782276153564,0.03696417808532715,-0.348003625869751,-0.20244330167770386]","{""acc_lim_theta"":0.8,""acc_lim_x"":0.8,""inflation_dist"":0.55,""max_vel_theta"":1.0,""max_vel_x"":1.2,""min_obstacle_dist"":0.25,""weight_obstacle"":50.0,""weight_optimaltime"":1.0,""weight_viapoint"":1.0}","{""acc_lim_theta"":0.7957326798856516,""acc_lim_x"":0.8,""inflation_dist"":0.55,""max_vel_theta"":1.0,""max_vel_x"":1.2,""min_obstacle_dist"":0.25006667959333995,""weight_obstacle"":51.09312760985562,""weight_optimaltime"":0.9959825217723847,""weight_viapoint"":1.0}","{""acc_lim_theta"":0.7957326798856516,""acc_lim_x"":0.8,""inflation_dist"":0.55,""max_vel_theta"":1.0,""max_vel_x"":1.2,""min_obstacle_dist"":0.25006667959333995,""weight_obstacle"":51.09312760985562,""weight_optimaltime"":0.9959825217723847,""weight_viapoint"":1.0}","{""acc_lim_theta"":0.7957326798856516,""acc_lim_x"":0.8,""inflation_dist"":0.55,""max_vel_theta"":1.0,""max_vel_x"":1.2,""min_obstacle_dist"":0.25006667959333995,""weight_obstacle"":51.09312760985562,""weight_optimaltime"":0.9959825217723847,""weight_viapoint"":1.0}","{""acc_lim_theta"":0.7957326798856516,""acc_lim_x"":0.8,""inflation_dist"":0.55,""max_vel_theta"":1.0,""max_vel_x"":1.2,""min_obstacle_dist"":0.25006667959333995,""weight_obstacle"":51.09312760985562,""weight_optimaltime"":0.9959825217723847,""weight_viapoint"":1.0}",false,,false,NORMAL,,false,,1.8005694624350703,2.1459232900332292,-0.045000000000001705,-0.0,-0.0006392031699379956,-0.29563137169706205,-0.0,-0.0040832527311574105,0.0,0.0,0.0,0.0,0.0,0.0,1.3699079936486669,20.000000000010232,50.00000000001137,true,
t11_semantic_eta_no_fallback_seed104,t11_semantic_eta_no_fallback_seed104-episode-000054,1,2,182.29,182.29,,,,182.29,0,0.0,true,,5.270423883576407,5.270423883576407,0.027056115540974538,0.3005182073142448,1.535517979543259,0.0,1.3364723259543039,1.1489336140550663,0.5553120407170075,"[0.051514506340026855,-0.040174782276153564,0.03696417808532715,-0.348003625869751,-0.20244330167770386]","[-0.32407522201538086,-0.07251733541488647,0.07842814922332764,-0.4022981524467468,-0.23771429061889648]","[-0.272560715675354,-0.11269211769104004,0.11539232730865479,-0.7503017783164978,-0.44015759229660034]","{""acc_lim_theta"":0.7957326798856516,""acc_lim_x"":0.8,""inflation_dist"":0.55,""max_vel_theta"":1.0,""max_vel_x"":1.2,""min_obstacle_dist"":0.25006667959333995,""weight_obstacle"":51.09312760985562,""weight_optimaltime"":0.9959825217723847,""weight_viapoint"":1.0}","{""acc_lim_theta"":0.8,""acc_lim_x"":0.8,""inflation_dist"":0.55,""max_vel_theta"":1.0,""max_vel_x"":1.2,""min_obstacle_dist"":0.2505019912609564,""weight_obstacle"":52.376707022853196,""weight_optimaltime"":0.988730788230896,""weight_viapoint"":1.0}","{""acc_lim_theta"":0.8,""acc_lim_x"":0.8,""inflation_dist"":0.55,""max_vel_theta"":1.0,""max_vel_x"":1.2,""min_obstacle_dist"":0.2505019912609564,""weight_obstacle"":52.376707022853196,""weight_optimaltime"":0.988730788230896,""weight_viapoint"":1.0}","{""acc_lim_theta"":0.8,""acc_lim_x"":0.8,""inflation_dist"":0.55,""max_vel_theta"":1.0,""max_vel_x"":1.2,""min_obstacle_dist"":0.2505019912609564,""weight_obstacle"":52.376707022853196,""weight_optimaltime"":0.988730788230896,""weight_viapoint"":1.0}","{""acc_lim_theta"":0.7957326798856516,""acc_lim_x"":0.8,""inflation_dist"":0.55,""max_vel_theta"":1.0,""max_vel_x"":1.2,""min_obstacle_dist"":0.25006667959333995,""weight_obstacle"":51.09312760985562,""weight_optimaltime"":0.9959825217723847,""weight_viapoint"":1.0}",false,,false,NORMAL,margin:emergency|ablation:no_conservative_parameter_fallback,false,,0.0,0.0,0.0,0.0,0.0,0.0,0.0,0.0,0.0,0.0,0.0,0.0,0.0,0.0,4.954525000357535,0.0,0.0,false,safety_emergency_stop
t11_semantic_eta_no_fallback_seed104,t11_semantic_eta_no_fallback_seed104-episode-000055,0,1,183.416,183.416,,,,183.416,0,0.0,true,,4.960708967831576,4.960708967831576,0.05437298201101102,0.00015886753092467164,0.33547380861662146,0.8781512605042017,0.7121114431867915,0.4773255679101811,0.0026477921820778605,"[0.0,0.0,0.0,0.0,0.0]","[-0.9619324803352356,-0.697882354259491,0.5893526077270508,-0.29016101360321045,-0.3319559693336487]","[-0.9619324803352356,-0.697882354259491,0.5893526077270508,-0.29016101360321045,-0.3319559693336487]","{""acc_lim_theta"":0.8,""acc_lim_x"":0.8,""inflation_dist"":0.55,""max_vel_theta"":1.0,""max_vel_x"":1.2,""min_obstacle_dist"":0.25,""weight_obstacle"":50.0,""weight_optimaltime"":1.0,""weight_viapoint"":1.0}","{""acc_lim_theta"":0.8,""acc_lim_x"":0.7802666669949092,""inflation_dist"":0.55,""max_vel_theta"":1.0,""max_vel_x"":1.2,""min_obstacle_dist"":0.25,""weight_obstacle"":51.792453651604134,""weight_optimaltime"":0.9302117645740509,""weight_viapoint"":1.0}","{""acc_lim_theta"":0.8,""acc_lim_x"":0.7802666669949092,""inflation_dist"":0.55,""max_vel_theta"":1.0,""max_vel_x"":1.2,""min_obstacle_dist"":0.25,""weight_obstacle"":51.792453651604134,""weight_optimaltime"":0.9302117645740509,""weight_viapoint"":1.0}","{""acc_lim_theta"":0.8,""acc_lim_x"":0.7802666669949092,""inflation_dist"":0.55,""max_vel_theta"":1.0,""max_vel_x"":1.2,""min_obstacle_dist"":0.25,""weight_obstacle"":51.792453651604134,""weight_optimaltime"":0.9302117645740509,""weight_viapoint"":1.0}","{""acc_lim_theta"":0.8,""acc_lim_x"":0.8,""inflation_dist"":0.55,""max_vel_theta"":1.0,""max_vel_x"":1.2,""min_obstacle_dist"":0.25,""weight_obstacle"":50.0,""weight_optimaltime"":1.0,""weight_viapoint"":1.0}",false,,false,NORMAL,margin:emergency|ablation:no_conservative_parameter_fallback,false,,0.0,0.0,0.0,0.0,0.0,0.0,0.0,0.0,0.0,0.0,0.0,0.0,0.0,0.0,2.3802119976608083,0.0,0.0,false,safety_emergency_stop
t11_semantic_eta_no_fallback_seed104,t11_semantic_eta_no_fallback_seed104-episode-000056,0,1,185.094,184.456,184.46,184.488,184.592,185.092,0,0.45000000000001705,true,,5.193301962286338,4.734493748867207,0.2961257919568975,0.48374146867129864,30.0,0.0,25.724938650433337,1.166183539158592,0.6055284255173419,"[0.0,0.0,0.0,0.0,0.0]","[0.033150315284729004,0.25801002979278564,-0.16870176792144775,-0.2919572591781616,0.010762572288513184]","[0.033150315284729004,0.25801002979278564,-0.16870176792144775,-0.2919572591781616,0.010762572288513184]","{""acc_lim_theta"":0.8,""acc_lim_x"":0.8,""inflation_dist"":0.55,""max_vel_theta"":1.0,""max_vel_x"":1.2,""min_obstacle_dist"":0.25,""weight_obstacle"":50.0,""weight_optimaltime"":1.0,""weight_viapoint"":1.0}","{""acc_lim_theta"":0.7907762747883229,""acc_lim_x"":0.8,""inflation_dist"":0.5515618835646132,""max_vel_theta"":1.0,""max_vel_x"":1.2,""min_obstacle_dist"":0.2514198483490385,""weight_obstacle"":50.0,""weight_optimaltime"":1.0,""weight_viapoint"":1.0}","{""acc_lim_theta"":0.7907762747883229,""acc_lim_x"":0.8,""inflation_dist"":0.5515618835646132,""max_vel_theta"":1.0,""max_vel_x"":1.2,""min_obstacle_dist"":0.2514198483490385,""weight_obstacle"":50.0,""weight_optimaltime"":1.0,""weight_viapoint"":1.0}","{""acc_lim_theta"":0.7907762747883229,""acc_lim_x"":0.8,""inflation_dist"":0.5515618835646132,""max_vel_theta"":1.0,""max_vel_x"":1.2,""min_obstacle_dist"":0.2514198483490385,""weight_obstacle"":50.0,""weight_optimaltime"":1.0,""weight_viapoint"":1.0}","{""acc_lim_theta"":0.7907762747883229,""acc_lim_x"":0.8,""inflation_dist"":0.5515618835646132,""max_vel_theta"":1.0,""max_vel_x"":1.2,""min_obstacle_dist"":0.2514198483490385,""weight_obstacle"":50.0,""weight_optimaltime"":1.0,""weight_viapoint"":1.0}",false,,false,NORMAL,,false,,2.144861483628421,2.2940410670956535,-0.045000000000001705,-0.0,-0.015957833610273836,-0.08490162676739002,-0.0,-0.0033201230895670286,0.0,0.0,0.0,0.0,0.0,0.0,2.0206760018481873,27.999999999991587,132.000000000005,true,
t11_semantic_eta_no_fallback_seed104,t11_semantic_eta_no_fallback_seed104-episode-000056,1,2,185.692,185.088,185.1,185.13,185.19,185.69,0,0.4519999999999982,true,,4.579220331780196,4.053867242643007,0.061762343519653935,0.7092714662727423,30.0,0.0,25.741950518225337,1.1654128531853076,0.2220270389038921,"[0.033150315284729004,0.25801002979278564,-0.16870176792144775,-0.2919572591781616,0.010762572288513184]","[-0.03160512447357178,0.21914923191070557,-0.11488455533981323,-0.28026270866394043,0.0790863037109375]","[0.0015451908111572266,0.4771592617034912,-0.283586323261261,-0.572219967842102,0.08984887599945068]","{""acc_lim_theta"":0.7907762747883229,""acc_lim_x"":0.8,""inflation_dist"":0.5515618835646132,""max_vel_theta"":1.0,""max_vel_x"":1.2,""min_obstacle_dist"":0.2514198483490385,""weight_obstacle"":50.0,""weight_optimaltime"":1.0,""weight_viapoint"":1.0}","{""acc_lim_theta"":0.7822019195338736,""acc_lim_x"":0.8,""inflation_dist"":0.5526255137862994,""max_vel_theta"":1.0,""max_vel_x"":1.2,""min_obstacle_dist"":0.2533901526426033,""weight_obstacle"":50.0,""weight_optimaltime"":1.0,""weight_viapoint"":1.0}","{""acc_lim_theta"":0.7822019195338736,""acc_lim_x"":0.8,""inflation_dist"":0.5526255137862994,""max_vel_theta"":1.0,""max_vel_x"":1.2,""min_obstacle_dist"":0.2533901526426033,""weight_obstacle"":50.0,""weight_optimaltime"":1.0,""weight_viapoint"":1.0}","{""acc_lim_theta"":0.7822019195338736,""acc_lim_x"":0.8,""inflation_dist"":0.5526255137862994,""max_vel_theta"":1.0,""max_vel_x"":1.2,""min_obstacle_dist"":0.2533901526426033,""weight_obstacle"":50.0,""weight_optimaltime"":1.0,""weight_viapoint"":1.0}","{""acc_lim_theta"":0.7822019195338736,""acc_lim_x"":0.8,""inflation_dist"":0.5526255137862994,""max_vel_theta"":1.0,""max_vel_x"":1.2,""min_obstacle_dist"":0.2533901526426033,""weight_obstacle"":50.0,""weight_optimaltime"":1.0,""weight_viapoint"":1.0}",false,,false,NORMAL,,false,,2.5566635189580658,2.6267654456859413,-0.045199999999999824,-0.0,-0.021662251692891106,-4.07015489327456e-06,-0.0,-0.003235604880091425,0.0,0.0,0.0,0.0,0.0,0.0,4.474017005122732,30.000000000001137,90.00000000000341,true,
t11_semantic_eta_no_fallback_seed104,t11_semantic_eta_no_fallback_seed104-episode-000056,2,3,186.292,185.688,185.694,185.716,185.79,186.29,0,0.44999999999998863,true,,3.892027134778666,3.3595119279872097,0.12223277172727315,0.736111392565546,30.0,0.0,25.736867646059718,1.1656430150151922,0.0108913970118268,"[0.0015451908111572266,0.4771592617034912,-0.283586323261261,-0.572219967842102,0.08984887599945068]","[-0.06371325254440308,0.15895366668701172,-0.11401176452636719,-0.21373683214187622,0.057439327239990234]","[-0.06216806173324585,0.6361129283905029,-0.3975980877876282,-0.7859567999839783,0.14728820323944092]","{""acc_lim_theta"":0.7822019195338736,""acc_lim_x"":0.8,""inflation_dist"":0.5526255137862994,""max_vel_theta"":1.0,""max_vel_x"":1.2,""min_obstacle_dist"":0.2533901526426033,""weight_obstacle"":50.0,""weight_optimaltime"":1.0,""weight_viapoint"":1.0}","{""acc_lim_theta"":0.7773732863840517,""acc_lim_x"":0.8,""inflation_dist"":0.553681063490255,""max_vel_theta"":1.0,""max_vel_x"":1.2,""min_obstacle_dist"":0.2539937188189042,""weight_obstacle"":50.0,""weight_optimaltime"":1.0,""weight_viapoint"":1.0}","{""acc_lim_theta"":0.7773732863840517,""acc_lim_x"":0.8,""inflation_dist"":0.553681063490255,""max_vel_theta"":1.0,""max_vel_x"":1.2,""min_obstacle_dist"":0.2539937188189042,""weight_obstacle"":50.0,""weight_optimaltime"":1.0,""weight_viapoint"":1.0}","{""acc_lim_theta"":0.7773732863840517,""acc_lim_x"":0.8,""inflation_dist"":0.553681063490255,""max_vel_theta"":1.0,""max_vel_x"":1.2,""min_obstacle_dist"":0.2539937188189042,""weight_obstacle"":50.0,""weight_optimaltime"":1.0,""weight_viapoint"":1.0}","{""acc_lim_theta"":0.7773732863840517,""acc_lim_x"":0.8,""inflation_dist"":0.553681063490255,""max_vel_theta"":1.0,""max_vel_x"":1.2,""min_obstacle_dist"":0.2539937188189042,""weight_obstacle"":50.0,""weight_optimaltime"":1.0,""weight_viapoint"":1.0}",false,,false,NORMAL,,false,,2.611574195801518,2.6625760339572824,-0.04499999999999887,-0.0,-0.0042515075013342205,-1.602667533968863e-07,-0.0,-0.0017501703876774584,0.0,0.0,0.0,0.0,0.0,0.0,1.6226660009124316,22.00000000001978,96.00000000000364,true,
t11_semantic_eta_no_fallback_seed104,t11_semantic_eta_no_fallback_seed104-episode-000056,3,4,186.94,186.288,186.302,186.328,186.39,186.89,0,0.5,true,,3.1971067551854393,2.623318163607362,0.08453433653021974,0.7408389399731716,30.0,0.0,25.887539532443977,1.1588586842099078,0.008201776933756342,"[-0.06216806173324585,0.6361129283905029,-0.3975980877876282,-0.7859567999839783,0.14728820323944092]","[-0.12912392616271973,0.09734296798706055,0.03209269046783447,-0.09766292572021484,0.15449869632720947]","[-0.19129198789596558,0.7334558963775635,-0.3655053973197937,-0.8836197257041931,0.3017868995666504]","{""acc_lim_theta"":0.7773732863840517,""acc_lim_x"":0.8,""inflation_dist"":0.553681063490255,""max_vel_theta"":1.0,""max_vel_x"":1.2,""min_obstacle_dist"":0.2539937188189042,""weight_obstacle"":50.0,""weight_optimaltime"":1.0,""weight_viapoint"":1.0}","{""acc_lim_theta"":0.7749431830137085,""acc_lim_x"":0.8,""inflation_dist"":0.5533839412584994,""max_vel_theta"":1.0,""max_vel_x"":1.1908750487313768,""min_obstacle_dist"":0.257105312749084,""weight_obstacle"":50.0,""weight_optimaltime"":1.0,""weight_viapoint"":1.0}","{""acc_lim_theta"":0.7749431830137085,""acc_lim_x"":0.8,""inflation_dist"":0.5533839412584994,""max_vel_theta"":0.992395873942814,""max_vel_x"":1.1908750487313768,""min_obstacle_dist"":0.257105312749084,""weight_obstacle"":50.0,""weight_optimaltime"":1.0,""weight_viapoint"":1.0}","{""acc_lim_theta"":0.7749431830137085,""acc_lim_x"":0.8,""inflation_dist"":0.5533839412584994,""max_vel_theta"":0.992395873942814,""max_vel_x"":1.1908750487313768,""min_obstacle_dist"":0.257105312749084,""weight_obstacle"":50.0,""weight_optimaltime"":1.0,""weight_viapoint"":1.0}","{""acc_lim_theta"":0.7749431830137085,""acc_lim_x"":0.8,""inflation_dist"":0.5533839412584994,""max_vel_theta"":0.992395873942814,""max_vel_x"":1.1908750487313768,""min_obstacle_dist"":0.257105312749084,""weight_obstacle"":50.0,""weight_optimaltime"":1.0,""weight_viapoint"":1.0}",true,max_vel_theta:ackermann_turning_radius,false,NORMAL,,false,,2.8127700229043975,2.868942957890386,-0.05,-0.0,-0.0010503666445567273,-0.0001438624376838817,-0.0,-0.004978705903747986,0.0,0.0,0.0,1.0,0.0,0.0,9.007880995341111,26.00000000001046,87.99999999999386,true,
t11_semantic_eta_no_fallback_seed104,t11_semantic_eta_no_fallback_seed104-episode-000056,4,5,187.49,186.936,186.944,186.968,186.988,187.488,0,0.44999999999998863,true,,2.5088318790915856,1.9868492535293971,0.07551243042066265,0.6988874526780048,30.0,0.0,25.93198795422969,1.1568723559856038,-0.08477852842967394,"[-0.19129198789596558,0.7334558963775635,-0.3655053973197937,-0.8836197257041931,0.3017868995666504]","[-0.17677569389343262,0.08703029155731201,0.01151883602142334,-0.06620258092880249,0.031886935234069824]","[-0.3680676817893982,0.8204861879348755,-0.35398656129837036,-0.9498223066329956,0.3336738348007202]","{""acc_lim_theta"":0.7749431830137085,""acc_lim_x"":0.8,""inflation_dist"":0.5533839412584994,""max_vel_theta"":0.992395873942814,""max_vel_x"":1.1908750487313768,""min_obstacle_dist"":0.257105312749084,""weight_obstacle"":50.0,""weight_optimaltime"":1.0,""weight_viapoint"":1.0}","{""acc_lim_theta"":0.7793743605477932,""acc_lim_x"":0.8,""inflation_dist"":0.553277296966107,""max_vel_theta"":0.992395873942814,""max_vel_x"":1.1872550441963072,""min_obstacle_dist"":0.2594251965311917,""weight_obstacle"":50.0,""weight_optimaltime"":1.0,""weight_viapoint"":1.0}","{""acc_lim_theta"":0.7793743605477932,""acc_lim_x"":0.8,""inflation_dist"":0.553277296966107,""max_vel_theta"":0.9893792034969228,""max_vel_x"":1.1872550441963072,""min_obstacle_dist"":0.2594251965311917,""weight_obstacle"":50.0,""weight_optimaltime"":1.0,""weight_viapoint"":1.0}","{""acc_lim_theta"":0.7793743605477932,""acc_lim_x"":0.8,""inflation_dist"":0.553277296966107,""max_vel_theta"":0.9893792034969228,""max_vel_x"":1.1872550441963072,""min_obstacle_dist"":0.2594251965311917,""weight_obstacle"":50.0,""weight_optimaltime"":1.0,""weight_viapoint"":1.0}","{""acc_lim_theta"":0.7793743605477932,""acc_lim_x"":0.8,""inflation_dist"":0.553277296966107,""max_vel_theta"":0.9893792034969228,""max_vel_x"":1.1872550441963072,""min_obstacle_dist"":0.2594251965311917,""weight_obstacle"":50.0,""weight_optimaltime"":1.0,""weight_viapoint"":1.0}",true,max_vel_theta:ackermann_turning_radius,false,NORMAL,,false,,2.5559385455087296,2.609913127810942,-0.04499999999999887,-0.0,-0.005658155676375984,-4.354075329013671e-05,-0.0,-0.003272885872547224,0.0,0.0,0.0,1.0,0.0,0.0,1.8415320009808056,24.00000000000091,44.00000000001114,true,
t11_semantic_eta_no_fallback_seed104,t11_semantic_eta_no_fallback_seed104-episode-000056,5,6,188.088,187.486,187.492,187.522,187.586,188.086,0,0.45000000000001705,true,,1.8303496370626213,1.3228296708929173,0.22272347379295088,0.7648010446707144,30.0,0.0,25.91606117668337,1.1575833146663097,0.2486572725854328,"[-0.3680676817893982,0.8204861879348755,-0.35398656129837036,-0.9498223066329956,0.3336738348007202]","[-0.13427484035491943,0.013365387916564941,0.14913058280944824,-0.0261039137840271,-0.021663546562194824]","[-0.5023425221443176,0.8338515758514404,-0.20485597848892212,-0.9759262204170227,0.3120102882385254]","{""acc_lim_theta"":0.7793743605477932,""acc_lim_x"":0.8,""inflation_dist"":0.553277296966107,""max_vel_theta"":0.9893792034969228,""max_vel_x"":1.1872550441963072,""min_obstacle_dist"":0.2594251965311917,""weight_obstacle"":50.0,""weight_optimaltime"":1.0,""weight_viapoint"":1.0}","{""acc_lim_theta"":0.7849004614143064,""acc_lim_x"":0.8,""inflation_dist"":0.5518966083749849,""max_vel_theta"":0.9893792034969228,""max_vel_x"":1.1866107272642301,""min_obstacle_dist"":0.26374621965794703,""weight_obstacle"":50.11697606528977,""weight_optimaltime"":1.0,""weight_viapoint"":1.0}","{""acc_lim_theta"":0.7849004614143064,""acc_lim_x"":0.8,""inflation_dist"":0.5518966083749849,""max_vel_theta"":0.9888422727201918,""max_vel_x"":1.1866107272642301,""min_obstacle_dist"":0.26374621965794703,""weight_obstacle"":50.11697606528977,""weight_optimaltime"":1.0,""weight_viapoint"":1.0}","{""acc_lim_theta"":0.7849004614143064,""acc_lim_x"":0.8,""inflation_dist"":0.5518966083749849,""max_vel_theta"":0.9888422727201918,""max_vel_x"":1.1866107272642301,""min_obstacle_dist"":0.26374621965794703,""weight_obstacle"":50.11697606528977,""weight_optimaltime"":1.0,""weight_viapoint"":1.0}","{""acc_lim_theta"":0.7849004614143064,""acc_lim_x"":0.8,""inflation_dist"":0.5518966083749849,""max_vel_theta"":0.9888422727201918,""max_vel_x"":1.1866107272642301,""min_obstacle_dist"":0.26374621965794703,""weight_obstacle"":50.11697606528977,""weight_optimaltime"":1.0,""weight_viapoint"":1.0}",true,max_vel_theta:ackermann_turning_radius,false,NORMAL,,false,,2.476451262734612,2.5375998308485204,-0.045000000000001705,-0.0,-0.012168434935581611,-2.6991815116516164e-05,-0.0,-0.003953141363208644,0.0,0.0,0.0,1.0,0.0,0.0,1.1723450006684288,30.000000000001137,94.00000000002251,true,
t11_semantic_eta_no_fallback_seed104,t11_semantic_eta_no_fallback_seed104-episode-000056,6,7,188.736,188.086,188.09,188.122,188.186,188.686,0,0.5,true,,1.167892413262651,0.6464841632996553,0.14677269522009237,1.0730219922371,30.0,0.0,31.696788808315816,0.9464681164209715,0.6268852148159408,"[-0.5023425221443176,0.8338515758514404,-0.20485597848892212,-0.9759262204170227,0.3120102882385254]","[-0.20083969831466675,0.012980461120605469,0.17394495010375977,-0.043580055236816406,0.014615535736083984]","[-0.7031822204589844,0.8468320369720459,-0.030911028385162354,-1.0,0.3266258239746094]","{""acc_lim_theta"":0.7849004614143064,""acc_lim_x"":0.8,""inflation_dist"":0.5518966083749849,""max_vel_theta"":0.9888422727201918,""max_vel_x"":1.1866107272642301,""min_obstacle_dist"":0.26374621965794703,""weight_obstacle"":50.11697606528977,""weight_optimaltime"":1.0,""weight_viapoint"":1.0}","{""acc_lim_theta"":0.7914732569575735,""acc_lim_x"":0.8,""inflation_dist"":0.5502861821058244,""max_vel_theta"":0.9888422727201918,""max_vel_x"":1.1830198723911902,""min_obstacle_dist"":0.2687259818120494,""weight_obstacle"":50.03805695305665,""weight_optimaltime"":1.0,""weight_viapoint"":1.0}","{""acc_lim_theta"":0.7914732569575735,""acc_lim_x"":0.8,""inflation_dist"":0.5502861821058244,""max_vel_theta"":0.9858498936593252,""max_vel_x"":1.1830198723911902,""min_obstacle_dist"":0.2687259818120494,""weight_obstacle"":50.03805695305665,""weight_optimaltime"":1.0,""weight_viapoint"":1.0}","{""acc_lim_theta"":0.7914732569575735,""acc_lim_x"":0.8,""inflation_dist"":0.5502861821058244,""max_vel_theta"":0.9858498936593252,""max_vel_x"":1.1830198723911902,""min_obstacle_dist"":0.2687259818120494,""weight_obstacle"":50.03805695305665,""weight_optimaltime"":1.0,""weight_viapoint"":1.0}","{""acc_lim_theta"":0.7914732569575735,""acc_lim_x"":0.8,""inflation_dist"":0.5502861821058244,""max_vel_theta"":0.9858498936593252,""max_vel_x"":1.1830198723911902,""min_obstacle_dist"":0.2687259818120494,""weight_obstacle"":50.03805695305665,""weight_optimaltime"":1.0,""weight_viapoint"":1.0}",true,max_vel_theta:ackermann_turning_radius,false,NORMAL,,false,,2.5254644646505815,2.607041249814978,-0.05,-0.0,-0.018906587656976646,-0.00722018211996085,-0.0,-0.005450015387459315,0.0,0.0,0.0,1.0,0.0,0.0,1.1404760007280856,32.00000000001069,96.00000000000364,true,
t11_semantic_eta_no_fallback_seed104,t11_semantic_eta_no_fallback_seed104-episode-000056,7,8,190.196,188.716,188.74,188.764,188.786,189.286,0,0.5,true,,0.5543523615214795,0.20397636965345964,0.005734120995520887,0.002406363826981117,30.0,0.0,600.0,0.0,0.0,"[-0.7031822204589844,0.8468320369720459,-0.030911028385162354,-1.0,0.3266258239746094]","[-0.2623414993286133,0.05727815628051758,0.1650468111038208,-0.0027675628662109375,0.08087635040283203]","[-0.9655237197875977,0.9041101932525635,0.13413578271865845,-1.0,0.4075021743774414]","{""acc_lim_theta"":0.7914732569575735,""acc_lim_x"":0.8,""inflation_dist"":0.5502861821058244,""max_vel_theta"":0.9858498936593252,""max_vel_x"":1.1830198723911902,""min_obstacle_dist"":0.2687259818120494,""weight_obstacle"":50.03805695305665,""weight_optimaltime"":1.0,""weight_viapoint"":1.0}","{""acc_lim_theta"":0.7993811995783879,""acc_lim_x"":0.7997085205556936,""inflation_dist"":0.55,""max_vel_theta"":0.9858498936593252,""max_vel_x"":1.173482323872765,""min_obstacle_dist"":0.2744893982688713,""weight_obstacle"":50.0,""weight_optimaltime"":1.0,""weight_viapoint"":1.0}","{""acc_lim_theta"":0.7993811995783879,""acc_lim_x"":0.7997085205556936,""inflation_dist"":0.55,""max_vel_theta"":0.9779019365606375,""max_vel_x"":1.173482323872765,""min_obstacle_dist"":0.2744893982688713,""weight_obstacle"":50.0,""weight_optimaltime"":1.0,""weight_viapoint"":1.0}","{""acc_lim_theta"":0.7993811995783879,""acc_lim_x"":0.7997085205556936,""inflation_dist"":0.55,""max_vel_theta"":0.9779019365606375,""max_vel_x"":1.173482323872765,""min_obstacle_dist"":0.2744893982688713,""weight_obstacle"":50.0,""weight_optimaltime"":1.0,""weight_viapoint"":1.0}","{""acc_lim_theta"":0.7993811995783879,""acc_lim_x"":0.7997085205556936,""inflation_dist"":0.55,""max_vel_theta"":0.9779019365606375,""max_vel_x"":1.173482323872765,""min_obstacle_dist"":0.2744893982688713,""weight_obstacle"":50.0,""weight_optimaltime"":1.0,""weight_viapoint"":1.0}",true,max_vel_theta:ackermann_turning_radius,false,NORMAL,,false,,11.657320775103278,1.751879959340099,-0.05,-0.0,-0.008318747621178985,-0.028548151455095396,-0.0,-0.007692285160547166,10.0,0.0,0.0,1.0,0.0,0.0,1.7311560004600324,24.00000000000091,45.99999999999227,true,
t11_semantic_eta_no_fallback_seed104,t11_semantic_eta_no_fallback_seed104-episode-000057,0,1,191.852,191.216,191.222,191.25,191.35,191.85,0,0.44999999999998863,true,,5.771018075562413,5.284991913594015,0.031605840708850814,0.31466757619997565,1.266301442067673,0.7543859649122807,1.0845366043251314,1.1675967754501448,0.41065101843506213,"[0.0,0.0,0.0,0.0,0.0]","[-0.09147948026657104,-0.0782279372215271,0.24735093116760254,-0.004667758941650391,-0.14592015743255615]","[-0.09147948026657104,-0.0782279372215271,0.24735093116760254,-0.004667758941650391,-0.14592015743255615]","{""acc_lim_theta"":0.8,""acc_lim_x"":0.8,""inflation_dist"":0.55,""max_vel_theta"":1.0,""max_vel_x"":1.2,""min_obstacle_dist"":0.25,""weight_obstacle"":50.0,""weight_optimaltime"":1.0,""weight_viapoint"":1.0}","{""acc_lim_theta"":0.8,""acc_lim_x"":0.7994635594315747,""inflation_dist"":0.55,""max_vel_theta"":1.0,""max_vel_x"":1.2,""min_obstacle_dist"":0.2548482813993033,""weight_obstacle"":50.78792111965231,""weight_optimaltime"":0.9921772062778473,""weight_viapoint"":1.0}","{""acc_lim_theta"":0.8,""acc_lim_x"":0.7994635594315747,""inflation_dist"":0.55,""max_vel_theta"":1.0,""max_vel_x"":1.2,""min_obstacle_dist"":0.2548482813993033,""weight_obstacle"":50.78792111965231,""weight_optimaltime"":0.9921772062778473,""weight_viapoint"":1.0}","{""acc_lim_theta"":0.8,""acc_lim_x"":0.7994635594315747,""inflation_dist"":0.55,""max_vel_theta"":1.0,""max_vel_x"":1.2,""min_obstacle_dist"":0.2548482813993033,""weight_obstacle"":50.78792111965231,""weight_optimaltime"":0.9921772062778473,""weight_viapoint"":1.0}","{""acc_lim_theta"":0.8,""acc_lim_x"":0.7994635594315747,""inflation_dist"":0.55,""max_vel_theta"":1.0,""max_vel_x"":1.2,""min_obstacle_dist"":0.2548482813993033,""weight_obstacle"":50.78792111965231,""weight_optimaltime"":0.9921772062778473,""weight_viapoint"":1.0}",false,,false,NORMAL,,false,,2.2194667449286927,2.4301308098419883,-0.04499999999999887,-0.0,-0.0004497543837243867,-0.16000048684400925,-0.0,-0.00521382368556283,0.0,0.0,0.0,0.0,0.0,0.0,2.44423899857793,27.999999999991587,127.9999999999859,true,
t11_semantic_eta_no_fallback_seed104,t11_semantic_eta_no_fallback_seed104-episode-000057,1,2,191.852,191.852,,,,191.852,0,0.0,true,,5.241287379966871,5.241287379966871,0.031605840708850814,0.31466757619997565,1.266301442067673,0.7543859649122807,1.0845366043251314,1.1675967754501448,0.41065101843506213,"[-0.09147948026657104,-0.0782279372215271,0.24735093116760254,-0.004667758941650391,-0.14592015743255615]","[-0.3707606792449951,-0.005101919174194336,0.20408308506011963,-0.1456921100616455,-0.13381290435791016]","[-0.46224015951156616,-0.08332985639572144,0.45143401622772217,-0.1503598690032959,-0.2797330617904663]","{""acc_lim_theta"":0.8,""acc_lim_x"":0.7994635594315747,""inflation_dist"":0.55,""max_vel_theta"":1.0,""max_vel_x"":1.2,""min_obstacle_dist"":0.2548482813993033,""weight_obstacle"":50.78792111965231,""weight_optimaltime"":0.9921772062778473,""weight_viapoint"":1.0}","{""acc_lim_theta"":0.8,""acc_lim_x"":0.8,""inflation_dist"":0.55,""max_vel_theta"":1.0,""max_vel_x"":1.2,""min_obstacle_dist"":0.2602212943625728,""weight_obstacle"":51.51046703298401,""weight_optimaltime"":0.9916670143604279,""weight_viapoint"":1.0}","{""acc_lim_theta"":0.8,""acc_lim_x"":0.8,""inflation_dist"":0.55,""max_vel_theta"":1.0,""max_vel_x"":1.2,""min_obstacle_dist"":0.2602212943625728,""weight_obstacle"":51.51046703298401,""weight_optimaltime"":0.9916670143604279,""weight_viapoint"":1.0}","{""acc_lim_theta"":0.8,""acc_lim_x"":0.8,""inflation_dist"":0.55,""max_vel_theta"":1.0,""max_vel_x"":1.2,""min_obstacle_dist"":0.2602212943625728,""weight_obstacle"":51.51046703298401,""weight_optimaltime"":0.9916670143604279,""weight_viapoint"":1.0}","{""acc_lim_theta"":0.8,""acc_lim_x"":0.7994635594315747,""inflation_dist"":0.55,""max_vel_theta"":1.0,""max_vel_x"":1.2,""min_obstacle_dist"":0.2548482813993033,""weight_obstacle"":50.78792111965231,""weight_optimaltime"":0.9921772062778473,""weight_viapoint"":1.0}",false,,false,NORMAL,margin:emergency|ablation:no_conservative_parameter_fallback,false,,0.0,0.0,0.0,0.0,0.0,0.0,0.0,0.0,0.0,0.0,0.0,0.0,0.0,0.0,6.436306997784413,0.0,0.0,false,safety_emergency_stop
t11_semantic_eta_no_fallback_seed104,t11_semantic_eta_no_fallback_seed104-episode-000058,0,1,192.996,192.996,,,,192.996,0,0.0,true,,5.0496997413538836,5.0496997413538836,0.05503933109274513,0.0008205456493216468,0.33042100125327206,0.8781512605042017,0.7475347156153247,0.4496140736241774,-0.013675760822027445,"[0.0,0.0,0.0,0.0,0.0]","[-0.9617498517036438,-0.6965519189834595,0.5886737108230591,-0.2890256643295288,-0.33408474922180176]","[-0.9617498517036438,-0.6965519189834595,0.5886737108230591,-0.2890256643295288,-0.33408474922180176]","{""acc_lim_theta"":0.8,""acc_lim_x"":0.8,""inflation_dist"":0.55,""max_vel_theta"":1.0,""max_vel_x"":1.2,""min_obstacle_dist"":0.25,""weight_obstacle"":50.0,""weight_optimaltime"":1.0,""weight_viapoint"":1.0}","{""acc_lim_theta"":0.8,""acc_lim_x"":0.7802603706603032,""inflation_dist"":0.55,""max_vel_theta"":1.0,""max_vel_x"":1.2,""min_obstacle_dist"":0.25,""weight_obstacle"":51.80394836667626,""weight_optimaltime"":0.9303448081016541,""weight_viapoint"":1.0}","{""acc_lim_theta"":0.8,""acc_lim_x"":0.7802603706603032,""inflation_dist"":0.55,""max_vel_theta"":1.0,""max_vel_x"":1.2,""min_obstacle_dist"":0.25,""weight_obstacle"":51.80394836667626,""weight_optimaltime"":0.9303448081016541,""weight_viapoint"":1.0}","{""acc_lim_theta"":0.8,""acc_lim_x"":0.7802603706603032,""inflation_dist"":0.55,""max_vel_theta"":1.0,""max_vel_x"":1.2,""min_obstacle_dist"":0.25,""weight_obstacle"":51.80394836667626,""weight_optimaltime"":0.9303448081016541,""weight_viapoint"":1.0}","{""acc_lim_theta"":0.8,""acc_lim_x"":0.8,""inflation_dist"":0.55,""max_vel_theta"":1.0,""max_vel_x"":1.2,""min_obstacle_dist"":0.25,""weight_obstacle"":50.0,""weight_optimaltime"":1.0,""weight_viapoint"":1.0}",false,,false,NORMAL,margin:emergency|ablation:no_conservative_parameter_fallback,false,,0.0,0.0,0.0,0.0,0.0,0.0,0.0,0.0,0.0,0.0,0.0,0.0,0.0,0.0,2.459490999171976,0.0,0.0,false,safety_emergency_stop
t11_semantic_eta_no_fallback_seed104,t11_semantic_eta_no_fallback_seed104-episode-000059,0,1,194.724,194.036,194.04,194.07,194.174,194.674,0,0.5,true,,5.295237635976083,5.2629650087754385,0.03572503680417702,0.1967582612455253,30.0,0.0,159.52318704820829,-0.1880604353205025,0.15670851493841145,"[0.0,0.0,0.0,0.0,0.0]","[-0.016166329383850098,0.18093514442443848,-0.12637841701507568,-0.32825160026550293,-0.008711099624633789]","[-0.016166329383850098,0.18093514442443848,-0.12637841701507568,-0.32825160026550293,-0.008711099624633789]","{""acc_lim_theta"":0.8,""acc_lim_x"":0.8,""inflation_dist"":0.55,""max_vel_theta"":1.0,""max_vel_x"":1.2,""min_obstacle_dist"":0.25,""weight_obstacle"":50.0,""weight_optimaltime"":1.0,""weight_viapoint"":1.0}","{""acc_lim_theta"":0.7925047963822359,""acc_lim_x"":0.8,""inflation_dist"":0.5511700432952759,""max_vel_theta"":1.0,""max_vel_x"":1.2,""min_obstacle_dist"":0.25077850585533734,""weight_obstacle"":50.04703708857234,""weight_optimaltime"":1.0,""weight_viapoint"":1.0}","{""acc_lim_theta"":0.7925047963822359,""acc_lim_x"":0.8,""inflation_dist"":0.5511700432952759,""max_vel_theta"":1.0,""max_vel_x"":1.2,""min_obstacle_dist"":0.25077850585533734,""weight_obstacle"":50.04703708857234,""weight_optimaltime"":1.0,""weight_viapoint"":1.0}","{""acc_lim_theta"":0.7925047963822359,""acc_lim_x"":0.8,""inflation_dist"":0.5511700432952759,""max_vel_theta"":1.0,""max_vel_x"":1.2,""min_obstacle_dist"":0.25077850585533734,""weight_obstacle"":50.04703708857234,""weight_optimaltime"":1.0,""weight_viapoint"":1.0}","{""acc_lim_theta"":0.7925047963822359,""acc_lim_x"":0.8,""inflation_dist"":0.5511700432952759,""max_vel_theta"":1.0,""max_vel_x"":1.2,""min_obstacle_dist"":0.25077850585533734,""weight_obstacle"":50.04703708857234,""weight_optimaltime"":1.0,""weight_viapoint"":1.0}",false,,false,NORMAL,,false,,-0.7620374757001249,0.16136313600322083,-0.05,-0.0,-0.0018050290284249847,-0.8689820071668356,-0.0,-0.0026135755080851624,0.0,0.0,0.0,0.0,0.0,0.0,2.513410996471066,30.000000000001137,134.00000000001455,true,
t11_semantic_eta_no_fallback_seed104,t11_semantic_eta_no_fallback_seed104-episode-000059,1,2,195.276,194.72,194.726,194.752,194.774,195.274,0,0.44999999999998863,true,,5.275969051742106,5.211378347129298,0.04569353572228338,0.3362393409726169,30.0,0.0,52.12119678322287,0.5755815647283181,0.4786966374858416,"[-0.016166329383850098,0.18093514442443848,-0.12637841701507568,-0.32825160026550293,-0.008711099624633789]","[-0.015877127647399902,0.22699260711669922,-0.15835094451904297,-0.33402472734451294,0.0057173967361450195]","[-0.03204345703125,0.4079277515411377,-0.28472936153411865,-0.6622763276100159,-0.0029937028884887695]","{""acc_lim_theta"":0.7925047963822359,""acc_lim_x"":0.8,""inflation_dist"":0.5511700432952759,""max_vel_theta"":1.0,""max_vel_x"":1.2,""min_obstacle_dist"":0.25077850585533734,""weight_obstacle"":50.04703708857234,""weight_optimaltime"":1.0,""weight_viapoint"":1.0}","{""acc_lim_theta"":0.7843656110633572,""acc_lim_x"":0.8,""inflation_dist"":0.5526360963232466,""max_vel_theta"":1.0,""max_vel_x"":1.2,""min_obstacle_dist"":0.25176049303843806,""weight_obstacle"":50.016165016357625,""weight_optimaltime"":1.0,""weight_viapoint"":1.0}","{""acc_lim_theta"":0.7843656110633572,""acc_lim_x"":0.8,""inflation_dist"":0.5526360963232466,""max_vel_theta"":1.0,""max_vel_x"":1.2,""min_obstacle_dist"":0.25176049303843806,""weight_obstacle"":50.016165016357625,""weight_optimaltime"":1.0,""weight_viapoint"":1.0}","{""acc_lim_theta"":0.7843656110633572,""acc_lim_x"":0.8,""inflation_dist"":0.5526360963232466,""max_vel_theta"":1.0,""max_vel_x"":1.2,""min_obstacle_dist"":0.25176049303843806,""weight_obstacle"":50.016165016357625,""weight_optimaltime"":1.0,""weight_viapoint"":1.0}","{""acc_lim_theta"":0.7843656110633572,""acc_lim_x"":0.8,""inflation_dist"":0.5526360963232466,""max_vel_theta"":1.0,""max_vel_x"":1.2,""min_obstacle_dist"":0.25176049303843806,""weight_obstacle"":50.016165016357625,""weight_optimaltime"":1.0,""weight_viapoint"":1.0}",false,,false,NORMAL,,false,,-0.6057859138501964,0.3229535230640401,-0.04499999999999887,-0.0,-0.00043375335882554615,-0.8803974759143167,-0.0,-0.0029082076410953187,0.0,0.0,0.0,0.0,0.0,0.0,1.6275960006169043,26.00000000001046,48.00000000000182,true,
t11_semantic_eta_no_fallback_seed104,t11_semantic_eta_no_fallback_seed104-episode-000059,2,3,195.876,195.274,195.28,195.302,195.374,195.874,0,0.44999999999998863,true,,5.09137811636011,4.598621018814379,0.19801612907195013,0.6453175841673467,30.0,0.0,25.656867064268855,1.1692776021659959,0.19021083779050652,"[-0.03204345703125,0.4079277515411377,-0.28472936153411865,-0.6622763276100159,-0.0029937028884887695]","[-0.027582943439483643,0.2202599048614502,-0.13189971446990967,-0.26539182662963867,0.03842008113861084]","[-0.05962640047073364,0.6281876564025879,-0.4166290760040283,-0.9276681542396545,0.03542637825012207]","{""acc_lim_theta"":0.7843656110633572,""acc_lim_x"":0.8,""inflation_dist"":0.5526360963232466,""max_vel_theta"":1.0,""max_vel_x"":1.2,""min_obstacle_dist"":0.25176049303843806,""weight_obstacle"":50.016165016357625,""weight_optimaltime"":1.0,""weight_viapoint"":1.0}","{""acc_lim_theta"":0.7773731464526119,""acc_lim_x"":0.8,""inflation_dist"":0.553857257184487,""max_vel_theta"":1.0,""max_vel_x"":1.2,""min_obstacle_dist"":0.25329865664731016,""weight_obstacle"":50.0,""weight_optimaltime"":1.0,""weight_viapoint"":1.0}","{""acc_lim_theta"":0.7773731464526119,""acc_lim_x"":0.8,""inflation_dist"":0.553857257184487,""max_vel_theta"":1.0,""max_vel_x"":1.2,""min_obstacle_dist"":0.25329865664731016,""weight_obstacle"":50.0,""weight_optimaltime"":1.0,""weight_viapoint"":1.0}","{""acc_lim_theta"":0.7773731464526119,""acc_lim_x"":0.8,""inflation_dist"":0.553857257184487,""max_vel_theta"":1.0,""max_vel_x"":1.2,""min_obstacle_dist"":0.25329865664731016,""weight_obstacle"":50.0,""weight_optimaltime"":1.0,""weight_viapoint"":1.0}","{""acc_lim_theta"":0.7773731464526119,""acc_lim_x"":0.8,""inflation_dist"":0.553857257184487,""max_vel_theta"":1.0,""max_vel_x"":1.2,""min_obstacle_dist"":0.25329865664731016,""weight_obstacle"":50.0,""weight_optimaltime"":1.0,""weight_viapoint"":1.0}",false,,false,NORMAL,,false,,2.3647482816815346,2.4637854877286536,-0.04499999999999887,-0.0,-0.009984518470042383,-0.041308072844915826,-0.0,-0.0027446147321619515,0.0,0.0,0.0,0.0,0.0,0.0,1.892920998216141,21.99999999999136,93.99999999999409,true,
t11_semantic_eta_no_fallback_seed104,t11_semantic_eta_no_fallback_seed104-episode-000059,3,4,196.522,195.876,195.878,195.904,195.972,196.472,0,0.5,true,,4.435754940450551,3.8576984216019197,0.0934860122759387,0.6804988469327884,30.0,0.0,25.821688611501386,1.1618140258510254,-0.0019787408973101265,"[-0.05962640047073364,0.6281876564025879,-0.4166290760040283,-0.9276681542396545,0.03542637825012207]","[-0.08731037378311157,0.198866605758667,-0.01948171854019165,-0.16119813919067383,0.09937000274658203]","[-0.14693677425384521,0.8270542621612549,-0.43611079454421997,-1.0,0.1347963809967041]","{""acc_lim_theta"":0.7773731464526119,""acc_lim_x"":0.8,""inflation_dist"":0.553857257184487,""max_vel_theta"":1.0,""max_vel_x"":1.2,""min_obstacle_dist"":0.25329865664731016,""weight_obstacle"":50.0,""weight_optimaltime"":1.0,""weight_viapoint"":1.0}","{""acc_lim_theta"":0.7734523587213068,""acc_lim_x"":0.8,""inflation_dist"":0.554037623853866,""max_vel_theta"":1.0,""max_vel_x"":1.1963341781598675,""min_obstacle_dist"":0.2573673394834161,""weight_obstacle"":50.0,""weight_optimaltime"":1.0,""weight_viapoint"":1.0}","{""acc_lim_theta"":0.7734523587213068,""acc_lim_x"":0.8,""inflation_dist"":0.554037623853866,""max_vel_theta"":0.9969451484665564,""max_vel_x"":1.1963341781598675,""min_obstacle_dist"":0.2573673394834161,""weight_obstacle"":50.0,""weight_optimaltime"":1.0,""weight_viapoint"":1.0}","{""acc_lim_theta"":0.7734523587213068,""acc_lim_x"":0.8,""inflation_dist"":0.554037623853866,""max_vel_theta"":0.9969451484665564,""max_vel_x"":1.1963341781598675,""min_obstacle_dist"":0.2573673394834161,""weight_obstacle"":50.0,""weight_optimaltime"":1.0,""weight_viapoint"":1.0}","{""acc_lim_theta"":0.7734523587213068,""acc_lim_x"":0.8,""inflation_dist"":0.554037623853866,""max_vel_theta"":0.9969451484665564,""max_vel_x"":1.1963341781598675,""min_obstacle_dist"":0.2573673394834161,""weight_obstacle"":50.0,""weight_optimaltime"":1.0,""weight_viapoint"":1.0}",true,max_vel_theta:ackermann_turning_radius,false,NORMAL,,false,,2.8345215812516202,2.8902825942431587,-0.05,-0.0,-0.001853492424743773,-2.6376552040463976e-05,-0.0,-0.0038811440147544216,0.0,0.0,0.0,1.0,0.0,0.0,1.5474579995498061,26.00000000001046,94.00000000002251,true,
t11_semantic_eta_no_fallback_seed104,t11_semantic_eta_no_fallback_seed104-episode-000059,4,5,197.078,196.516,196.524,196.552,196.574,197.074,0,0.4519999999999982,true,,3.7192634158809077,3.2131052385220893,0.03372160897388023,0.6724938634576889,30.0,0.0,25.782629915565195,1.163574084499764,0.02537226487623172,"[-0.14693677425384521,0.8270542621612549,-0.43611079454421997,-1.0,0.1347963809967041]","[-0.19754701852798462,0.10846543312072754,0.016810059547424316,-0.12398868799209595,0.05263710021972656]","[-0.34448379278182983,0.9355196952819824,-0.41930073499679565,-1.0,0.18743348121643066]","{""acc_lim_theta"":0.7734523587213068,""acc_lim_x"":0.8,""inflation_dist"":0.554037623853866,""max_vel_theta"":0.9969451484665564,""max_vel_x"":1.1963341781598675,""min_obstacle_dist"":0.2573673394834161,""weight_obstacle"":50.0,""weight_optimaltime"":1.0,""weight_viapoint"":1.0}","{""acc_lim_theta"":0.7765475428153876,""acc_lim_x"":0.8,""inflation_dist"":0.5538819920780359,""max_vel_theta"":0.9969451484665564,""max_vel_x"":1.1924610034322587,""min_obstacle_dist"":0.26032462927978994,""weight_obstacle"":50.0,""weight_optimaltime"":1.0,""weight_viapoint"":1.0}","{""acc_lim_theta"":0.7765475428153876,""acc_lim_x"":0.8,""inflation_dist"":0.5538819920780359,""max_vel_theta"":0.9937175028602157,""max_vel_x"":1.1924610034322587,""min_obstacle_dist"":0.26032462927978994,""weight_obstacle"":50.0,""weight_optimaltime"":1.0,""weight_viapoint"":1.0}","{""acc_lim_theta"":0.7765475428153876,""acc_lim_x"":0.8,""inflation_dist"":0.5538819920780359,""max_vel_theta"":0.9937175028602157,""max_vel_x"":1.1924610034322587,""min_obstacle_dist"":0.26032462927978994,""weight_obstacle"":50.0,""weight_optimaltime"":1.0,""weight_viapoint"":1.0}","{""acc_lim_theta"":0.7765475428153876,""acc_lim_x"":0.8,""inflation_dist"":0.5538819920780359,""max_vel_theta"":0.9937175028602157,""max_vel_x"":1.1924610034322587,""min_obstacle_dist"":0.26032462927978994,""weight_obstacle"":50.0,""weight_optimaltime"":1.0,""weight_viapoint"":1.0}",true,max_vel_theta:ackermann_turning_radius,false,NORMAL,,false,,2.476680725882067,2.530790886794092,-0.045199999999999824,-0.0,-0.005607044846494225,-1.0879659258827874e-05,-0.0,-0.0032922364062717654,0.0,0.0,0.0,1.0,0.0,0.0,1.5144389981287532,27.999999999991587,50.00000000001137,true,
t11_semantic_eta_no_fallback_seed104,t11_semantic_eta_no_fallback_seed104-episode-000059,5,6,197.672,197.076,197.08,197.104,197.17,197.67,0,0.45000000000001705,true,,3.0521595079382657,2.527268864149021,0.117400284388128,0.6783691181822256,30.0,0.0,26.000755928336165,1.1538126077059696,-0.052180244333538406,"[-0.34448379278182983,0.9355196952819824,-0.41930073499679565,-1.0,0.18743348121643066]","[-0.17650526762008667,0.041390299797058105,0.020441770553588867,-0.09353208541870117,0.07203817367553711]","[-0.5209890604019165,0.9769099950790405,-0.3988589644432068,-1.0,0.2594716548919678]","{""acc_lim_theta"":0.7765475428153876,""acc_lim_x"":0.8,""inflation_dist"":0.5538819920780359,""max_vel_theta"":0.9937175028602157,""max_vel_x"":1.1924610034322587,""min_obstacle_dist"":0.26032462927978994,""weight_obstacle"":50.0,""weight_optimaltime"":1.0,""weight_viapoint"":1.0}","{""acc_lim_theta"":0.7789186098935867,""acc_lim_x"":0.8,""inflation_dist"":0.5536927370047037,""max_vel_theta"":0.9937175028602157,""max_vel_x"":1.187146876659146,""min_obstacle_dist"":0.26183052545399654,""weight_obstacle"":50.0,""weight_optimaltime"":1.0,""weight_viapoint"":1.0}","{""acc_lim_theta"":0.7789186098935867,""acc_lim_x"":0.8,""inflation_dist"":0.5536927370047037,""max_vel_theta"":0.9892890638826217,""max_vel_x"":1.187146876659146,""min_obstacle_dist"":0.26183052545399654,""weight_obstacle"":50.0,""weight_optimaltime"":1.0,""weight_viapoint"":1.0}","{""acc_lim_theta"":0.7789186098935867,""acc_lim_x"":0.8,""inflation_dist"":0.5536927370047037,""max_vel_theta"":0.9892890638826217,""max_vel_x"":1.187146876659146,""min_obstacle_dist"":0.26183052545399654,""weight_obstacle"":50.0,""weight_optimaltime"":1.0,""weight_viapoint"":1.0}","{""acc_lim_theta"":0.7789186098935867,""acc_lim_x"":0.8,""inflation_dist"":0.5536927370047037,""max_vel_theta"":0.9892890638826217,""max_vel_x"":1.187146876659146,""min_obstacle_dist"":0.26183052545399654,""weight_obstacle"":50.0,""weight_optimaltime"":1.0,""weight_viapoint"":1.0}",true,max_vel_theta:ackermann_turning_radius,false,NORMAL,,false,,2.573347917668819,2.6244532189462233,-0.045000000000001705,-0.0,-0.002985989917505684,-9.873765153166582e-05,-0.0,-0.003020573708364914,0.0,0.0,0.0,1.0,0.0,0.0,1.139214997238014,24.00000000000091,89.99999999997499,true,
t11_semantic_eta_no_fallback_seed104,t11_semantic_eta_no_fallback_seed104-episode-000059,6,7,198.272,197.656,197.678,197.702,197.77,198.27,0,0.45000000000001705,true,,2.368410260231425,1.8543971651219027,0.1286305387291816,0.6290425032183089,30.0,0.0,25.956292212835553,1.1557891147937072,0.01880210008093217,"[-0.5209890604019165,0.9769099950790405,-0.3988589644432068,-1.0,0.2594716548919678]","[-0.10036027431488037,0.014858007431030273,0.15634310245513916,-0.056942522525787354,-0.013125181198120117]","[-0.6213493347167969,0.9917680025100708,-0.24251586198806763,-1.0,0.24634647369384766]","{""acc_lim_theta"":0.7789186098935867,""acc_lim_x"":0.8,""inflation_dist"":0.5536927370047037,""max_vel_theta"":0.9892890638826217,""max_vel_x"":1.187146876659146,""min_obstacle_dist"":0.26183052545399654,""weight_obstacle"":50.0,""weight_optimaltime"":1.0,""weight_viapoint"":1.0}","{""acc_lim_theta"":0.7819830273250441,""acc_lim_x"":0.8,""inflation_dist"":0.5522452730855406,""max_vel_theta"":0.9892890638826217,""max_vel_x"":1.18735559982991,""min_obstacle_dist"":0.26638007309716755,""weight_obstacle"":50.070871685223075,""weight_optimaltime"":1.0,""weight_viapoint"":1.0}","{""acc_lim_theta"":0.7819830273250441,""acc_lim_x"":0.8,""inflation_dist"":0.5522452730855406,""max_vel_theta"":0.9892890638826217,""max_vel_x"":1.18735559982991,""min_obstacle_dist"":0.26638007309716755,""weight_obstacle"":50.070871685223075,""weight_optimaltime"":1.0,""weight_viapoint"":1.0}","{""acc_lim_theta"":0.7819830273250441,""acc_lim_x"":0.8,""inflation_dist"":0.5522452730855406,""max_vel_theta"":0.9892890638826217,""max_vel_x"":1.18735559982991,""min_obstacle_dist"":0.26638007309716755,""weight_obstacle"":50.070871685223075,""weight_optimaltime"":1.0,""weight_viapoint"":1.0}","{""acc_lim_theta"":0.7819830273250441,""acc_lim_x"":0.8,""inflation_dist"":0.5522452730855406,""max_vel_theta"":0.9892890638826217,""max_vel_x"":1.18735559982991,""min_obstacle_dist"":0.26638007309716755,""weight_obstacle"":50.070871685223075,""weight_optimaltime"":1.0,""weight_viapoint"":1.0}",false,,false,NORMAL,,false,,2.514885537988945,2.5700654755476124,-0.045000000000001705,-0.0,-0.006987077758663989,-1.684469953481499e-05,-0.0,-0.0031760151004670855,0.0,0.0,0.0,0.0,0.0,0.0,2.4134060004143976,24.00000000000091,92.00000000001296,true,
t11_semantic_eta_no_fallback_seed104,t11_semantic_eta_no_fallback_seed104-episode-000059,7,8,198.922,198.256,198.278,198.304,198.372,198.872,0,0.5,true,,1.700754445822775,1.1517191939968119,0.2597290327264844,0.788741846998191,30.0,0.0,25.770392629121247,1.1641266173841365,0.4603463618453212,"[-0.6213493347167969,0.9917680025100708,-0.24251586198806763,-1.0,0.24634647369384766]","[-0.1585884690284729,0.0020908117294311523,0.14577865600585938,-0.033248722553253174,-0.05809837579727173]","[-0.7799378037452698,0.993858814239502,-0.09673720598220825,-1.0,0.18824809789657593]","{""acc_lim_theta"":0.7819830273250441,""acc_lim_x"":0.8,""inflation_dist"":0.5522452730855406,""max_vel_theta"":0.9892890638826217,""max_vel_x"":1.18735559982991,""min_obstacle_dist"":0.26638007309716755,""weight_obstacle"":50.070871685223075,""weight_optimaltime"":1.0,""weight_viapoint"":1.0}","{""acc_lim_theta"":0.7895373713572363,""acc_lim_x"":0.8,""inflation_dist"":0.5508956174791277,""max_vel_theta"":0.9892890638826217,""max_vel_x"":1.1885400813970959,""min_obstacle_dist"":0.2703505257805038,""weight_obstacle"":50.384583910549615,""weight_optimaltime"":1.0,""weight_viapoint"":1.0}","{""acc_lim_theta"":0.7895373713572363,""acc_lim_x"":0.8,""inflation_dist"":0.5508956174791277,""max_vel_theta"":0.9892890638826217,""max_vel_x"":1.1885400813970959,""min_obstacle_dist"":0.2703505257805038,""weight_obstacle"":50.384583910549615,""weight_optimaltime"":1.0,""weight_viapoint"":1.0}","{""acc_lim_theta"":0.7895373713572363,""acc_lim_x"":0.8,""inflation_dist"":0.5508956174791277,""max_vel_theta"":0.9892890638826217,""max_vel_x"":1.1885400813970959,""min_obstacle_dist"":0.2703505257805038,""weight_obstacle"":50.384583910549615,""weight_optimaltime"":1.0,""weight_viapoint"":1.0}","{""acc_lim_theta"":0.7895373713572363,""acc_lim_x"":0.8,""inflation_dist"":0.5508956174791277,""max_vel_theta"":0.9892890638826217,""max_vel_x"":1.1885400813970959,""min_obstacle_dist"":0.2703505257805038,""weight_obstacle"":50.384583910549615,""weight_optimaltime"":1.0,""weight_viapoint"":1.0}",false,,false,NORMAL,,false,,2.667779707370349,2.7451762591298157,-0.05,-0.0,-0.022543792212053715,-0.00016553853330019674,-0.0,-0.0046872210141131665,0.0,0.0,0.0,0.0,0.0,0.0,3.7110400007804856,26.00000000001046,94.00000000002251,true,
t11_semantic_eta_no_fallback_seed104,t11_semantic_eta_no_fallback_seed104-episode-000059,8,9,201.08,198.916,198.928,198.954,198.97,199.47,0,0.5,true,,1.0418679599813356,0.5375980040406303,0.006732604867660388,0.003109125707870808,30.0,0.0,600.0,0.0,0.0,"[-0.7799378037452698,0.993858814239502,-0.09673720598220825,-1.0,0.18824809789657593]","[-0.27583402395248413,0.03734564781188965,0.15935301780700684,0.004206061363220215,0.041986823081970215]","[-1.0,1.0,0.06261581182479858,-0.9957939386367798,0.23023492097854614]","{""acc_lim_theta"":0.7895373713572363,""acc_lim_x"":0.8,""inflation_dist"":0.5508956174791277,""max_vel_theta"":0.9892890638826217,""max_vel_x"":1.1885400813970959,""min_obstacle_dist"":0.2703505257805038,""weight_obstacle"":50.384583910549615,""weight_optimaltime"":1.0,""weight_viapoint"":1.0}","{""acc_lim_theta"":0.7994781595861011,""acc_lim_x"":0.7985041210239072,""inflation_dist"":0.55,""max_vel_theta"":0.9892890638826217,""max_vel_x"":1.1808485881008925,""min_obstacle_dist"":0.27550040851871965,""weight_obstacle"":50.15786879979681,""weight_optimaltime"":1.0,""weight_viapoint"":1.0}","{""acc_lim_theta"":0.7994781595861011,""acc_lim_x"":0.7985041210239072,""inflation_dist"":0.55,""max_vel_theta"":0.9840404900840771,""max_vel_x"":1.1808485881008925,""min_obstacle_dist"":0.27550040851871965,""weight_obstacle"":50.15786879979681,""weight_optimaltime"":1.0,""weight_viapoint"":1.0}","{""acc_lim_theta"":0.7994781595861011,""acc_lim_x"":0.7985041210239072,""inflation_dist"":0.55,""max_vel_theta"":0.9840404900840771,""max_vel_x"":1.1808485881008925,""min_obstacle_dist"":0.27550040851871965,""weight_obstacle"":50.15786879979681,""weight_optimaltime"":1.0,""weight_viapoint"":1.0}","{""acc_lim_theta"":0.7994781595861011,""acc_lim_x"":0.7985041210239072,""inflation_dist"":0.55,""max_vel_theta"":0.9840404900840771,""max_vel_x"":1.1808485881008925,""min_obstacle_dist"":0.27550040851871965,""weight_obstacle"":50.15786879979681,""weight_optimaltime"":1.0,""weight_viapoint"":1.0}",true,max_vel_theta:ackermann_turning_radius,false,NORMAL,,false,,12.407265439546503,2.5213497797035265,-0.05,-0.0,-0.011102236454076929,-0.04502203256751597,-0.0,-0.007960071135429708,10.0,0.0,0.0,1.0,0.0,0.0,4.598013998474926,26.00000000001046,42.00000000000159,true,
t11_semantic_eta_no_fallback_seed104,t11_semantic_eta_no_fallback_seed104-episode-000060,0,1,202.684,202.096,202.1,202.12,202.134,202.634,0,0.5,true,,5.832796950080982,5.357686971326454,0.08140050896569134,0.22031045218610137,1.3545339995045071,0.48214285714285715,1.1618575112631833,1.1658348690553664,0.37966512591329843,"[0.0,0.0,0.0,0.0,0.0]","[-0.049120545387268066,0.04468262195587158,0.12083125114440918,0.015903353691101074,-0.24621379375457764]","[-0.049120545387268066,0.04468262195587158,0.12083125114440918,0.015903353691101074,-0.24621379375457764]","{""acc_lim_theta"":0.8,""acc_lim_x"":0.8,""inflation_dist"":0.55,""max_vel_theta"":1.0,""max_vel_x"":1.2,""min_obstacle_dist"":0.25,""weight_obstacle"":50.0,""weight_optimaltime"":1.0,""weight_viapoint"":1.0}","{""acc_lim_theta"":0.8,""acc_lim_x"":0.8,""inflation_dist"":0.55,""max_vel_theta"":1.0,""max_vel_x"":1.2,""min_obstacle_dist"":0.254282905009199,""weight_obstacle"":51.329473949742784,""weight_optimaltime"":1.0,""weight_viapoint"":1.0}","{""acc_lim_theta"":0.8,""acc_lim_x"":0.8,""inflation_dist"":0.55,""max_vel_theta"":1.0,""max_vel_x"":1.2,""min_obstacle_dist"":0.254282905009199,""weight_obstacle"":51.329473949742784,""weight_optimaltime"":1.0,""weight_viapoint"":1.0}","{""acc_lim_theta"":0.8,""acc_lim_x"":0.8,""inflation_dist"":0.55,""max_vel_theta"":1.0,""max_vel_x"":1.2,""min_obstacle_dist"":0.254282905009199,""weight_obstacle"":51.329473949742784,""weight_optimaltime"":1.0,""weight_viapoint"":1.0}","{""acc_lim_theta"":0.8,""acc_lim_x"":0.8,""inflation_dist"":0.55,""max_vel_theta"":1.0,""max_vel_x"":1.2,""min_obstacle_dist"":0.254282905009199,""weight_obstacle"":51.329473949742784,""weight_optimaltime"":1.0,""weight_viapoint"":1.0}",false,,false,NORMAL,,false,,2.1149749876582886,2.3755498937726394,-0.05,-0.0,-0.0019136549111700577,-0.20428914130001538,-0.0,-0.00437210990316516,0.0,0.0,0.0,0.0,0.0,0.0,2.284046000568196,20.000000000010232,33.999999999991815,true,
t11_semantic_eta_no_fallback_seed104,t11_semantic_eta_no_fallback_seed104-episode-000060,1,2,202.684,202.684,,,,202.684,0,0.0,true,,5.289737652618461,5.289737652618461,0.08140050896569134,0.22031045218610137,1.3545339995045071,0.48214285714285715,1.1618575112631833,1.1658348690553664,0.37966512591329843,"[-0.049120545387268066,0.04468262195587158,0.12083125114440918,0.015903353691101074,-0.24621379375457764]","[-0.3182607889175415,0.04412984848022461,0.2710146903991699,0.053923726081848145,-0.1450696587562561]","[-0.36738133430480957,0.08881247043609619,0.3918459415435791,0.06982707977294922,-0.39128345251083374]","{""acc_lim_theta"":0.8,""acc_lim_x"":0.8,""inflation_dist"":0.55,""max_vel_theta"":1.0,""max_vel_x"":1.2,""min_obstacle_dist"":0.254282905009199,""weight_obstacle"":51.329473949742784,""weight_optimaltime"":1.0,""weight_viapoint"":1.0}","{""acc_lim_theta"":0.8,""acc_lim_x"":0.797637279323435,""inflation_dist"":0.55,""max_vel_theta"":1.0,""max_vel_x"":1.2,""min_obstacle_dist"":0.26259371933591946,""weight_obstacle"":52.11280265474119,""weight_optimaltime"":1.0,""weight_viapoint"":1.0}","{""acc_lim_theta"":0.8,""acc_lim_x"":0.797637279323435,""inflation_dist"":0.55,""max_vel_theta"":1.0,""max_vel_x"":1.2,""min_obstacle_dist"":0.26259371933591946,""weight_obstacle"":52.11280265474119,""weight_optimaltime"":1.0,""weight_viapoint"":1.0}","{""acc_lim_theta"":0.8,""acc_lim_x"":0.797637279323435,""inflation_dist"":0.55,""max_vel_theta"":1.0,""max_vel_x"":1.2,""min_obstacle_dist"":0.26259371933591946,""weight_obstacle"":52.11280265474119,""weight_optimaltime"":1.0,""weight_viapoint"":1.0}","{""acc_lim_theta"":0.8,""acc_lim_x"":0.8,""inflation_dist"":0.55,""max_vel_theta"":1.0,""max_vel_x"":1.2,""min_obstacle_dist"":0.254282905009199,""weight_obstacle"":51.329473949742784,""weight_optimaltime"":1.0,""weight_viapoint"":1.0}",false,,false,NORMAL,margin:emergency|ablation:no_conservative_parameter_fallback,false,,0.0,0.0,0.0,0.0,0.0,0.0,0.0,0.0,0.0,0.0,0.0,0.0,0.0,0.0,1.0866310040000826,0.0,0.0,false,safety_emergency_stop
t11_semantic_eta_no_fallback_seed104,t11_semantic_eta_no_fallback_seed104-episode-000061,0,1,203.756,203.756,,,,203.756,0,0.0,true,,5.053499210732177,5.053499210732177,0.04613816091053533,0.00013537511872759636,0.292805585235579,0.8879668049792531,0.5505627811944934,0.5318296027935489,-0.0022562519787932725,"[0.0,0.0,0.0,0.0,0.0]","[-0.9620955586433411,-0.6989263892173767,0.590937614440918,-0.306709885597229,-0.3394470810890198]","[-0.9620955586433411,-0.6989263892173767,0.590937614440918,-0.306709885597229,-0.3394470810890198]","{""acc_lim_theta"":0.8,""acc_lim_x"":0.8,""inflation_dist"":0.55,""max_vel_theta"":1.0,""max_vel_x"":1.2,""min_obstacle_dist"":0.25,""weight_obstacle"":50.0,""weight_optimaltime"":1.0,""weight_viapoint"":1.0}","{""acc_lim_theta"":0.8,""acc_lim_x"":0.7808744654038922,""inflation_dist"":0.55,""max_vel_theta"":1.0,""max_vel_x"":1.2,""min_obstacle_dist"":0.25,""weight_obstacle"":51.83290320474048,""weight_optimaltime"":0.9301073610782623,""weight_viapoint"":1.0}","{""acc_lim_theta"":0.8,""acc_lim_x"":0.7808744654038922,""inflation_dist"":0.55,""max_vel_theta"":1.0,""max_vel_x"":1.2,""min_obstacle_dist"":0.25,""weight_obstacle"":51.83290320474048,""weight_optimaltime"":0.9301073610782623,""weight_viapoint"":1.0}","{""acc_lim_theta"":0.8,""acc_lim_x"":0.7808744654038922,""inflation_dist"":0.55,""max_vel_theta"":1.0,""max_vel_x"":1.2,""min_obstacle_dist"":0.25,""weight_obstacle"":51.83290320474048,""weight_optimaltime"":0.9301073610782623,""weight_viapoint"":1.0}","{""acc_lim_theta"":0.8,""acc_lim_x"":0.8,""inflation_dist"":0.55,""max_vel_theta"":1.0,""max_vel_x"":1.2,""min_obstacle_dist"":0.25,""weight_obstacle"":50.0,""weight_optimaltime"":1.0,""weight_viapoint"":1.0}",false,,false,NORMAL,margin:emergency|ablation:no_conservative_parameter_fallback,false,,0.0,0.0,0.0,0.0,0.0,0.0,0.0,0.0,0.0,0.0,0.0,0.0,0.0,0.0,2.386250998824835,0.0,0.0,false,safety_emergency_stop
t11_semantic_eta_no_fallback_seed104,t11_semantic_eta_no_fallback_seed104-episode-000062,0,1,205.358,204.756,204.76,204.784,204.808,205.308,0,0.5,true,,5.209198322449434,4.784779069731277,0.2523326409811017,0.43425752329209927,30.0,0.0,25.690367516368468,1.1677528544846887,0.5969409124250861,"[0.0,0.0,0.0,0.0,0.0]","[-0.014432787895202637,0.1783996820449829,-0.12485915422439575,-0.3284270763397217,-0.010576725006103516]","[-0.014432787895202637,0.1783996820449829,-0.12485915422439575,-0.3284270763397217,-0.010576725006103516]","{""acc_lim_theta"":0.8,""acc_lim_x"":0.8,""inflation_dist"":0.55,""max_vel_theta"":1.0,""max_vel_x"":1.2,""min_obstacle_dist"":0.25,""weight_obstacle"":50.0,""weight_optimaltime"":1.0,""weight_viapoint"":1.0}","{""acc_lim_theta"":0.7924921781506526,""acc_lim_x"":0.8,""inflation_dist"":0.551155977576746,""max_vel_theta"":1.0,""max_vel_x"":1.2,""min_obstacle_dist"":0.25076082485312384,""weight_obstacle"":50.057110855386206,""weight_optimaltime"":1.0,""weight_viapoint"":1.0}","{""acc_lim_theta"":0.7924921781506526,""acc_lim_x"":0.8,""inflation_dist"":0.551155977576746,""max_vel_theta"":1.0,""max_vel_x"":1.2,""min_obstacle_dist"":0.25076082485312384,""weight_obstacle"":50.057110855386206,""weight_optimaltime"":1.0,""weight_viapoint"":1.0}","{""acc_lim_theta"":0.7924921781506526,""acc_lim_x"":0.8,""inflation_dist"":0.551155977576746,""max_vel_theta"":1.0,""max_vel_x"":1.2,""min_obstacle_dist"":0.25076082485312384,""weight_obstacle"":50.057110855386206,""weight_optimaltime"":1.0,""weight_viapoint"":1.0}","{""acc_lim_theta"":0.7924921781506526,""acc_lim_x"":0.8,""inflation_dist"":0.551155977576746,""max_vel_theta"":1.0,""max_vel_x"":1.2,""min_obstacle_dist"":0.25076082485312384,""weight_obstacle"":50.057110855386206,""weight_optimaltime"":1.0,""weight_viapoint"":1.0}",false,,false,NORMAL,,false,,1.8406841069025508,2.1220962635907847,-0.05,-0.0,-0.008545447960589383,-0.22024092230564418,-0.0,-0.002625786422000485,0.0,0.0,0.0,0.0,0.0,0.0,2.2578690040973015,24.00000000000091,48.00000000000182,true,
t11_semantic_eta_no_fallback_seed104,t11_semantic_eta_no_fallback_seed104-episode-000062,1,2,205.908,205.356,205.36,205.386,205.402,205.902,0,0.4519999999999982,true,,4.67529006999593,4.154299368938066,0.06938820800903255,0.6597122190127274,30.0,0.0,25.73579310117709,1.1656916840316016,0.2752512922257308,"[-0.014432787895202637,0.1783996820449829,-0.12485915422439575,-0.3284270763397217,-0.010576725006103516]","[-0.059568822383880615,0.19574546813964844,-0.08608478307723999,-0.2487388253211975,0.046196818351745605]","[-0.07400161027908325,0.37414515018463135,-0.21094393730163574,-0.5771659016609192,0.03562009334564209]","{""acc_lim_theta"":0.7924921781506526,""acc_lim_x"":0.8,""inflation_dist"":0.551155977576746,""max_vel_theta"":1.0,""max_vel_x"":1.2,""min_obstacle_dist"":0.25076082485312384,""weight_obstacle"":50.057110855386206,""weight_optimaltime"":1.0,""weight_viapoint"":1.0}","{""acc_lim_theta"":0.7869709127571217,""acc_lim_x"":0.8,""inflation_dist"":0.5519529722348827,""max_vel_theta"":1.0,""max_vel_x"":1.2,""min_obstacle_dist"":0.25296547369691963,""weight_obstacle"":50.0,""weight_optimaltime"":1.0,""weight_viapoint"":1.0}","{""acc_lim_theta"":0.7869709127571217,""acc_lim_x"":0.8,""inflation_dist"":0.5519529722348827,""max_vel_theta"":1.0,""max_vel_x"":1.2,""min_obstacle_dist"":0.25296547369691963,""weight_obstacle"":50.0,""weight_optimaltime"":1.0,""weight_viapoint"":1.0}","{""acc_lim_theta"":0.7869709127571217,""acc_lim_x"":0.8,""inflation_dist"":0.5519529722348827,""max_vel_theta"":1.0,""max_vel_x"":1.2,""min_obstacle_dist"":0.25296547369691963,""weight_obstacle"":50.0,""weight_optimaltime"":1.0,""weight_viapoint"":1.0}","{""acc_lim_theta"":0.7869709127571217,""acc_lim_x"":0.8,""inflation_dist"":0.5519529722348827,""max_vel_theta"":1.0,""max_vel_x"":1.2,""min_obstacle_dist"":0.25296547369691963,""weight_obstacle"":50.0,""weight_optimaltime"":1.0,""weight_viapoint"":1.0}",false,,false,NORMAL,,false,,2.5308537800537905,2.6049535052893225,-0.045199999999999824,-0.0,-0.02629453694324043,-1.077936150627728e-06,-0.0,-0.0026041103561411055,0.0,0.0,0.0,0.0,0.0,0.0,1.459147002606187,25.999999999982037,41.99999999997317,true,
t11_semantic_eta_no_fallback_seed104,t11_semantic_eta_no_fallback_seed104-episode-000062,2,3,206.506,205.902,205.91,205.936,206.004,206.504,0,0.4519999999999982,true,,3.992942635220576,3.460274952274309,0.1369238224793511,0.7113698130307088,30.0,0.0,25.697822936584394,1.1674140674886067,0.008623925855418869,"[-0.07400161027908325,0.37414515018463135,-0.21094393730163574,-0.5771659016609192,0.03562009334564209]","[-0.09566205739974976,0.1590653657913208,-0.07335811853408813,-0.18078792095184326,0.03327536582946777]","[-0.169663667678833,0.5332105159759521,-0.2843020558357239,-0.7579538226127625,0.06889545917510986]","{""acc_lim_theta"":0.7869709127571217,""acc_lim_x"":0.8,""inflation_dist"":0.5519529722348827,""max_vel_theta"":1.0,""max_vel_x"":1.2,""min_obstacle_dist"":0.25296547369691963,""weight_obstacle"":50.0,""weight_optimaltime"":1.0,""weight_viapoint"":1.0}","{""acc_lim_theta"":0.7851019395194847,""acc_lim_x"":0.8,""inflation_dist"":0.5526321402191963,""max_vel_theta"":1.0,""max_vel_x"":1.2,""min_obstacle_dist"":0.2546654032703697,""weight_obstacle"":50.0,""weight_optimaltime"":1.0,""weight_viapoint"":1.0}","{""acc_lim_theta"":0.7851019395194847,""acc_lim_x"":0.8,""inflation_dist"":0.5526321402191963,""max_vel_theta"":1.0,""max_vel_x"":1.2,""min_obstacle_dist"":0.2546654032703697,""weight_obstacle"":50.0,""weight_optimaltime"":1.0,""weight_viapoint"":1.0}","{""acc_lim_theta"":0.7851019395194847,""acc_lim_x"":0.8,""inflation_dist"":0.5526321402191963,""max_vel_theta"":1.0,""max_vel_x"":1.2,""min_obstacle_dist"":0.2546654032703697,""weight_obstacle"":50.0,""weight_optimaltime"":1.0,""weight_viapoint"":1.0}","{""acc_lim_theta"":0.7851019395194847,""acc_lim_x"":0.8,""inflation_dist"":0.5526321402191963,""max_vel_theta"":1.0,""max_vel_x"":1.2,""min_obstacle_dist"":0.2546654032703697,""weight_obstacle"":50.0,""weight_optimaltime"":1.0,""weight_viapoint"":1.0}",false,,false,NORMAL,,false,,2.6112561927912377,2.6633384147313355,-0.045199999999999824,-0.0,-0.005528038961572132,-1.2919844218374951e-05,-0.0,-0.0013412631343074348,0.0,0.0,0.0,0.0,0.0,0.0,1.5827989991521463,26.00000000001046,93.99999999999409,true,
t11_semantic_eta_no_fallback_seed104,t11_semantic_eta_no_fallback_seed104-episode-000062,3,4,207.152,206.502,206.51,206.54,206.602,207.102,0,0.5,true,,3.2981008406559953,2.723574659518562,0.0769631682070039,0.7159272031942381,30.0,0.0,25.875245319856962,1.1594092975411388,0.02601716479105774,"[-0.169663667678833,0.5332105159759521,-0.2843020558357239,-0.7579538226127625,0.06889545917510986]","[-0.14417541027069092,0.11173570156097412,0.050623416900634766,-0.0828026533126831,0.11968874931335449]","[-0.3138390779495239,0.6449462175369263,-0.2336786389350891,-0.8407564759254456,0.18858420848846436]","{""acc_lim_theta"":0.7851019395194847,""acc_lim_x"":0.8,""inflation_dist"":0.5526321402191963,""max_vel_theta"":1.0,""max_vel_x"":1.2,""min_obstacle_dist"":0.2546654032703697,""weight_obstacle"":50.0,""weight_optimaltime"":1.0,""weight_viapoint"":1.0}","{""acc_lim_theta"":0.7848343823556612,""acc_lim_x"":0.8,""inflation_dist"":0.5521634558431174,""max_vel_theta"":1.0,""max_vel_x"":1.1922719098946017,""min_obstacle_dist"":0.2586079663077499,""weight_obstacle"":50.0,""weight_optimaltime"":1.0,""weight_viapoint"":1.0}","{""acc_lim_theta"":0.7848343823556612,""acc_lim_x"":0.8,""inflation_dist"":0.5521634558431174,""max_vel_theta"":0.9935599249121682,""max_vel_x"":1.1922719098946017,""min_obstacle_dist"":0.2586079663077499,""weight_obstacle"":50.0,""weight_optimaltime"":1.0,""weight_viapoint"":1.0}","{""acc_lim_theta"":0.7848343823556612,""acc_lim_x"":0.8,""inflation_dist"":0.5521634558431174,""max_vel_theta"":0.9935599249121682,""max_vel_x"":1.1922719098946017,""min_obstacle_dist"":0.2586079663077499,""weight_obstacle"":50.0,""weight_optimaltime"":1.0,""weight_viapoint"":1.0}","{""acc_lim_theta"":0.7848343823556612,""acc_lim_x"":0.8,""inflation_dist"":0.5521634558431174,""max_vel_theta"":0.9935599249121682,""max_vel_x"":1.1922719098946017,""min_obstacle_dist"":0.2586079663077499,""weight_obstacle"":50.0,""weight_optimaltime"":1.0,""weight_viapoint"":1.0}",true,max_vel_theta:ackermann_turning_radius,false,NORMAL,,false,,2.8156698130802083,2.8726309056871657,-0.05,-0.0,-0.00253302822074251,-7.421002343788713e-05,-0.0,-0.00435385436277752,0.0,0.0,0.0,1.0,0.0,0.0,2.073192001262214,30.000000000001137,92.00000000001296,true,
t11_semantic_eta_no_fallback_seed104,t11_semantic_eta_no_fallback_seed104-episode-000062,4,5,207.752,207.136,207.156,207.18,207.202,207.702,0,0.5,true,,2.6089981643159565,2.041391227555619,0.039756686956341096,0.6679197824641363,30.0,0.0,25.9595299041988,1.155644963938568,-0.07101202188031205,"[-0.3138390779495239,0.6449462175369263,-0.2336786389350891,-0.8407564759254456,0.18858420848846436]","[-0.1979578733444214,0.10778939723968506,-0.0059882402420043945,-0.06950241327285767,0.03555881977081299]","[-0.5117969512939453,0.7527356147766113,-0.2396668791770935,-0.9102588891983032,0.22414302825927734]","{""acc_lim_theta"":0.7848343823556612,""acc_lim_x"":0.8,""inflation_dist"":0.5521634558431174,""max_vel_theta"":0.9935599249121682,""max_vel_x"":1.1922719098946017,""min_obstacle_dist"":0.2586079663077499,""weight_obstacle"":50.0,""weight_optimaltime"":1.0,""weight_viapoint"":1.0}","{""acc_lim_theta"":0.7899207256321807,""acc_lim_x"":0.8,""inflation_dist"":0.5522188964833086,""max_vel_theta"":0.9935599249121682,""max_vel_x"":1.1881192996936676,""min_obstacle_dist"":0.26093625623967026,""weight_obstacle"":50.0,""weight_optimaltime"":1.0,""weight_viapoint"":1.0}","{""acc_lim_theta"":0.7899207256321807,""acc_lim_x"":0.8,""inflation_dist"":0.5522188964833086,""max_vel_theta"":0.9900994164113897,""max_vel_x"":1.1881192996936676,""min_obstacle_dist"":0.26093625623967026,""weight_obstacle"":50.0,""weight_optimaltime"":1.0,""weight_viapoint"":1.0}","{""acc_lim_theta"":0.7899207256321807,""acc_lim_x"":0.8,""inflation_dist"":0.5522188964833086,""max_vel_theta"":0.9900994164113897,""max_vel_x"":1.1881192996936676,""min_obstacle_dist"":0.26093625623967026,""weight_obstacle"":50.0,""weight_optimaltime"":1.0,""weight_viapoint"":1.0}","{""acc_lim_theta"":0.7899207256321807,""acc_lim_x"":0.8,""inflation_dist"":0.5522188964833086,""max_vel_theta"":0.9900994164113897,""max_vel_x"":1.1881192996936676,""min_obstacle_dist"":0.26093625623967026,""weight_obstacle"":50.0,""weight_optimaltime"":1.0,""weight_viapoint"":1.0}",true,max_vel_theta:ackermann_turning_radius,false,NORMAL,,false,,2.7768356450279756,2.8380346838016868,-0.05,-0.0,-0.0074914126257893555,-0.00010468077280066288,-0.0,-0.003602945375121186,0.0,0.0,0.0,1.0,0.0,0.0,2.6242019957862794,24.00000000000091,45.99999999999227,true,
t11_semantic_eta_no_fallback_seed104,t11_semantic_eta_no_fallback_seed104-episode-000062,5,6,208.35,207.736,207.76,207.79,207.8,208.3,0,0.5,true,,1.9297287670591643,1.3782044571166212,0.20181512858184392,0.7265912262658276,30.0,0.0,25.866475957852582,1.1598023653814564,0.2662029553950967,"[-0.5117969512939453,0.7527356147766113,-0.2396668791770935,-0.9102588891983032,0.22414302825927734]","[-0.13543850183486938,0.02617824077606201,0.1191706657409668,-0.038092851638793945,-0.01487654447555542]","[-0.6472354531288147,0.7789138555526733,-0.12049621343612671,-0.9483517408370972,0.20926648378372192]","{""acc_lim_theta"":0.7899207256321807,""acc_lim_x"":0.8,""inflation_dist"":0.5522188964833086,""max_vel_theta"":0.9900994164113897,""max_vel_x"":1.1881192996936676,""min_obstacle_dist"":0.26093625623967026,""weight_obstacle"":50.0,""weight_optimaltime"":1.0,""weight_viapoint"":1.0}","{""acc_lim_theta"":0.7949582621389861,""acc_lim_x"":0.8,""inflation_dist"":0.5511155843692856,""max_vel_theta"":0.9900994164113897,""max_vel_x"":1.1873370039954292,""min_obstacle_dist"":0.26474712341879125,""weight_obstacle"":50.0803284740503,""weight_optimaltime"":1.0,""weight_viapoint"":1.0}","{""acc_lim_theta"":0.7949582621389861,""acc_lim_x"":0.8,""inflation_dist"":0.5511155843692856,""max_vel_theta"":0.9894475033295244,""max_vel_x"":1.1873370039954292,""min_obstacle_dist"":0.26474712341879125,""weight_obstacle"":50.0803284740503,""weight_optimaltime"":1.0,""weight_viapoint"":1.0}","{""acc_lim_theta"":0.7949582621389861,""acc_lim_x"":0.8,""inflation_dist"":0.5511155843692856,""max_vel_theta"":0.9894475033295244,""max_vel_x"":1.1873370039954292,""min_obstacle_dist"":0.26474712341879125,""weight_obstacle"":50.0803284740503,""weight_optimaltime"":1.0,""weight_viapoint"":1.0}","{""acc_lim_theta"":0.7949582621389861,""acc_lim_x"":0.8,""inflation_dist"":0.5511155843692856,""max_vel_theta"":0.9894475033295244,""max_vel_x"":1.1873370039954292,""min_obstacle_dist"":0.26474712341879125,""weight_obstacle"":50.0803284740503,""weight_optimaltime"":1.0,""weight_viapoint"":1.0}",true,max_vel_theta:ackermann_turning_radius,false,NORMAL,,false,,2.6953128752336943,2.7576215497127157,-0.05,-0.0,-0.00872709834735191,-6.11909198951836e-05,-0.0,-0.003520385211774442,0.0,0.0,0.0,1.0,0.0,0.0,5.613624998659361,30.000000000001137,40.000000000020464,true,
t11_semantic_eta_no_fallback_seed104,t11_semantic_eta_no_fallback_seed104-episode-000062,6,7,208.902,208.336,208.354,208.38,208.4,208.9,0,0.45000000000001705,true,,1.2685278435064742,0.7934902864877476,0.14177590912847504,0.9753964601891795,30.0,0.0,28.241301225606243,1.062273999358045,0.5680437287927186,"[-0.6472354531288147,0.7789138555526733,-0.12049621343612671,-0.9483517408370972,0.20926648378372192]","[-0.17390817403793335,0.04374873638153076,0.1601276397705078,-0.05905503034591675,0.041954994201660156]","[-0.821143627166748,0.8226625919342041,0.039631426334381104,-1.0,0.2512214779853821]","{""acc_lim_theta"":0.7949582621389861,""acc_lim_x"":0.8,""inflation_dist"":0.5511155843692856,""max_vel_theta"":0.9894475033295244,""max_vel_x"":1.1873370039954292,""min_obstacle_dist"":0.26474712341879125,""weight_obstacle"":50.0803284740503,""weight_optimaltime"":1.0,""weight_viapoint"":1.0}","{""acc_lim_theta"":0.7991190099713033,""acc_lim_x"":0.8,""inflation_dist"":0.55,""max_vel_theta"":0.9894475033295244,""max_vel_x"":1.1830196573174323,""min_obstacle_dist"":0.27006572705783727,""weight_obstacle"":50.0,""weight_optimaltime"":1.0,""weight_viapoint"":1.0}","{""acc_lim_theta"":0.7991190099713033,""acc_lim_x"":0.8,""inflation_dist"":0.55,""max_vel_theta"":0.9858497144311936,""max_vel_x"":1.1830196573174323,""min_obstacle_dist"":0.27006572705783727,""weight_obstacle"":50.0,""weight_optimaltime"":1.0,""weight_viapoint"":1.0}","{""acc_lim_theta"":0.7991190099713033,""acc_lim_x"":0.8,""inflation_dist"":0.55,""max_vel_theta"":0.9858497144311936,""max_vel_x"":1.1830196573174323,""min_obstacle_dist"":0.27006572705783727,""weight_obstacle"":50.0,""weight_optimaltime"":1.0,""weight_viapoint"":1.0}","{""acc_lim_theta"":0.7991190099713033,""acc_lim_x"":0.8,""inflation_dist"":0.55,""max_vel_theta"":0.9858497144311936,""max_vel_x"":1.1830196573174323,""min_obstacle_dist"":0.27006572705783727,""weight_obstacle"":50.0,""weight_optimaltime"":1.0,""weight_viapoint"":1.0}",true,max_vel_theta:ackermann_turning_radius,false,NORMAL,,false,,2.304566349986574,2.375187785093633,-0.045000000000001705,-0.0,-0.017709787303561063,-0.002825508491141908,-0.0,-0.005086139312355034,0.0,0.0,0.0,1.0,0.0,0.0,2.056565004750155,25.999999999982037,45.99999999999227,true,
t11_semantic_eta_no_fallback_seed104,t11_semantic_eta_no_fallback_seed104-episode-000062,7,8,210.5,208.9,208.904,208.93,208.998,209.498,0,0.44999999999998863,true,,0.634431423233506,0.2880547392885243,0.003113101203936052,0.006631591122248981,30.0,0.0,600.0,0.0,0.0,"[-0.821143627166748,0.8226625919342041,0.039631426334381104,-1.0,0.2512214779853821]","[-0.2539314031600952,0.11285066604614258,0.09386217594146729,-0.010205745697021484,0.08181560039520264]","[-1.0,0.9355132579803467,0.1334936022758484,-1.0,0.3330370783805847]","{""acc_lim_theta"":0.7991190099713033,""acc_lim_x"":0.8,""inflation_dist"":0.55,""max_vel_theta"":0.9858497144311936,""max_vel_x"":1.1830196573174323,""min_obstacle_dist"":0.27006572705783727,""weight_obstacle"":50.0,""weight_optimaltime"":1.0,""weight_viapoint"":1.0}","{""acc_lim_theta"":0.8,""acc_lim_x"":0.8,""inflation_dist"":0.55,""max_vel_theta"":0.9858497144311936,""max_vel_x"":1.1737572535657361,""min_obstacle_dist"":0.2751973762699381,""weight_obstacle"":50.0,""weight_optimaltime"":1.0,""weight_viapoint"":1.0}","{""acc_lim_theta"":0.8,""acc_lim_x"":0.8,""inflation_dist"":0.55,""max_vel_theta"":0.9781310446381135,""max_vel_x"":1.1737572535657361,""min_obstacle_dist"":0.2751973762699381,""weight_obstacle"":50.0,""weight_optimaltime"":1.0,""weight_viapoint"":1.0}","{""acc_lim_theta"":0.8,""acc_lim_x"":0.8,""inflation_dist"":0.55,""max_vel_theta"":0.9781310446381135,""max_vel_x"":1.1737572535657361,""min_obstacle_dist"":0.2751973762699381,""weight_obstacle"":50.0,""weight_optimaltime"":1.0,""weight_viapoint"":1.0}","{""acc_lim_theta"":0.8,""acc_lim_x"":0.8,""inflation_dist"":0.55,""max_vel_theta"":0.9781310446381135,""max_vel_x"":1.1737572535657361,""min_obstacle_dist"":0.2751973762699381,""weight_obstacle"":50.0,""weight_optimaltime"":1.0,""weight_viapoint"":1.0}",true,max_vel_theta:ackermann_turning_radius,false,NORMAL,,false,,11.630986142233809,1.7318834197249084,-0.04499999999999887,-0.0,-0.009085003185867541,-0.04145189919598702,-0.0,-0.005360375109246592,10.0,0.0,0.0,1.0,0.0,0.0,1.6559540017624386,26.00000000001046,93.99999999999409,true,
t11_semantic_eta_no_fallback_seed104,t11_semantic_eta_no_fallback_seed104-episode-000063,0,1,212.056,211.516,211.52,211.542,211.554,212.054,0,0.44999999999998863,true,,5.855744627354926,5.433657555869794,0.027454846223840628,0.2923872447963496,1.6015220728513575,0.0,1.3735392820493673,1.1659819954052075,0.4928471328956813,"[0.0,0.0,0.0,0.0,0.0]","[0.05292201042175293,-0.041191816329956055,0.04402041435241699,-0.3548610210418701,-0.20442628860473633]","[0.05292201042175293,-0.041191816329956055,0.04402041435241699,-0.3548610210418701,-0.20442628860473633]","{""acc_lim_theta"":0.8,""acc_lim_x"":0.8,""inflation_dist"":0.55,""max_vel_theta"":1.0,""max_vel_x"":1.2,""min_obstacle_dist"":0.25,""weight_obstacle"":50.0,""weight_optimaltime"":1.0,""weight_viapoint"":1.0}","{""acc_lim_theta"":0.7955653545178679,""acc_lim_x"":0.8,""inflation_dist"":0.55,""max_vel_theta"":1.0,""max_vel_x"":1.2,""min_obstacle_dist"":0.2502330387031021,""weight_obstacle"":51.103835090626575,""weight_optimaltime"":0.9958808183670044,""weight_viapoint"":1.0}","{""acc_lim_theta"":0.7955653545178679,""acc_lim_x"":0.8,""inflation_dist"":0.55,""max_vel_theta"":1.0,""max_vel_x"":1.2,""min_obstacle_dist"":0.2502330387031021,""weight_obstacle"":51.103835090626575,""weight_optimaltime"":0.9958808183670044,""weight_viapoint"":1.0}","{""acc_lim_theta"":0.7955653545178679,""acc_lim_x"":0.8,""inflation_dist"":0.55,""max_vel_theta"":1.0,""max_vel_x"":1.2,""min_obstacle_dist"":0.2502330387031021,""weight_obstacle"":51.103835090626575,""weight_optimaltime"":0.9958808183670044,""weight_viapoint"":1.0}","{""acc_lim_theta"":0.7955653545178679,""acc_lim_x"":0.8,""inflation_dist"":0.55,""max_vel_theta"":1.0,""max_vel_x"":1.2,""min_obstacle_dist"":0.2502330387031021,""weight_obstacle"":51.103835090626575,""weight_optimaltime"":0.9958808183670044,""weight_viapoint"":1.0}",false,,false,NORMAL,,false,,1.8449882000549365,2.1104353574256596,-0.04499999999999887,-0.0,-0.0006779297508523166,-0.21553584426024544,-0.0,-0.004233383359626145,0.0,0.0,0.0,0.0,0.0,0.0,2.0028100043418817,21.99999999999136,33.999999999991815,true,
t11_semantic_eta_no_fallback_seed104,t11_semantic_eta_no_fallback_seed104-episode-000063,1,2,212.056,212.056,,,,212.056,0,0.0,true,,5.367233164880391,5.367233164880391,0.027454846223840628,0.2923872447963496,1.6015220728513575,0.0,1.3735392820493673,1.1659819954052075,0.4928471328956813,"[0.05292201042175293,-0.041191816329956055,0.04402041435241699,-0.3548610210418701,-0.20442628860473633]","[-0.28217291831970215,-0.12893140316009521,0.11837422847747803,-0.40526485443115234,-0.24724388122558594]","[-0.22925090789794922,-0.17012321949005127,0.16239464282989502,-0.7601258754730225,-0.45167016983032227]","{""acc_lim_theta"":0.7955653545178679,""acc_lim_x"":0.8,""inflation_dist"":0.55,""max_vel_theta"":1.0,""max_vel_x"":1.2,""min_obstacle_dist"":0.2502330387031021,""weight_obstacle"":51.103835090626575,""weight_optimaltime"":0.9958808183670044,""weight_viapoint"":1.0}","{""acc_lim_theta"":0.8,""acc_lim_x"":0.8,""inflation_dist"":0.55,""max_vel_theta"":1.0,""max_vel_x"":1.2,""min_obstacle_dist"":0.2504402104658904,""weight_obstacle"":52.43887117577119,""weight_optimaltime"":0.9829876780509949,""weight_viapoint"":1.0}","{""acc_lim_theta"":0.8,""acc_lim_x"":0.8,""inflation_dist"":0.55,""max_vel_theta"":1.0,""max_vel_x"":1.2,""min_obstacle_dist"":0.2504402104658904,""weight_obstacle"":52.43887117577119,""weight_optimaltime"":0.9829876780509949,""weight_viapoint"":1.0}","{""acc_lim_theta"":0.8,""acc_lim_x"":0.8,""inflation_dist"":0.55,""max_vel_theta"":1.0,""max_vel_x"":1.2,""min_obstacle_dist"":0.2504402104658904,""weight_obstacle"":52.43887117577119,""weight_optimaltime"":0.9829876780509949,""weight_viapoint"":1.0}","{""acc_lim_theta"":0.7955653545178679,""acc_lim_x"":0.8,""inflation_dist"":0.55,""max_vel_theta"":1.0,""max_vel_x"":1.2,""min_obstacle_dist"":0.2502330387031021,""weight_obstacle"":51.103835090626575,""weight_optimaltime"":0.9958808183670044,""weight_viapoint"":1.0}",false,,false,NORMAL,margin:emergency|ablation:no_conservative_parameter_fallback,false,,0.0,0.0,0.0,0.0,0.0,0.0,0.0,0.0,0.0,0.0,0.0,0.0,0.0,0.0,4.020154992758762,0.0,0.0,false,safety_emergency_stop
t11_semantic_eta_no_fallback_seed104,t11_semantic_eta_no_fallback_seed104-episode-000064,0,1,213.156,213.156,,,,213.156,0,0.0,true,,4.894186120217004,4.894186120217004,0.0504983029126241,0.0020394679287962098,0.3917828016713367,0.8653846153846154,1.2066766001592497,0.3257142786650525,-0.033991132146603494,"[0.0,0.0,0.0,0.0,0.0]","[-0.9616411924362183,-0.6946138739585876,0.5868003368377686,-0.2844066619873047,-0.3286701440811157]","[-0.9616411924362183,-0.6946138739585876,0.5868003368377686,-0.2844066619873047,-0.3286701440811157]","{""acc_lim_theta"":0.8,""acc_lim_x"":0.8,""inflation_dist"":0.55,""max_vel_theta"":1.0,""max_vel_x"":1.2,""min_obstacle_dist"":0.25,""weight_obstacle"":50.0,""weight_optimaltime"":1.0,""weight_viapoint"":1.0}","{""acc_lim_theta"":0.8,""acc_lim_x"":0.7801250574394433,""inflation_dist"":0.55,""max_vel_theta"":1.0,""max_vel_x"":1.2,""min_obstacle_dist"":0.25,""weight_obstacle"":51.7747112700339,""weight_optimaltime"":0.9305386126041413,""weight_viapoint"":1.0}","{""acc_lim_theta"":0.8,""acc_lim_x"":0.7801250574394433,""inflation_dist"":0.55,""max_vel_theta"":1.0,""max_vel_x"":1.2,""min_obstacle_dist"":0.25,""weight_obstacle"":51.7747112700339,""weight_optimaltime"":0.9305386126041413,""weight_viapoint"":1.0}","{""acc_lim_theta"":0.8,""acc_lim_x"":0.7801250574394433,""inflation_dist"":0.55,""max_vel_theta"":1.0,""max_vel_x"":1.2,""min_obstacle_dist"":0.25,""weight_obstacle"":51.7747112700339,""weight_optimaltime"":0.9305386126041413,""weight_viapoint"":1.0}","{""acc_lim_theta"":0.8,""acc_lim_x"":0.8,""inflation_dist"":0.55,""max_vel_theta"":1.0,""max_vel_x"":1.2,""min_obstacle_dist"":0.25,""weight_obstacle"":50.0,""weight_optimaltime"":1.0,""weight_viapoint"":1.0}",false,,false,NORMAL,margin:emergency|ablation:no_conservative_parameter_fallback,false,,0.0,0.0,0.0,0.0,0.0,0.0,0.0,0.0,0.0,0.0,0.0,0.0,0.0,0.0,2.127409003151115,0.0,0.0,false,safety_emergency_stop
t11_semantic_eta_no_fallback_seed104,t11_semantic_eta_no_fallback_seed104-episode-000065,0,1,214.734,214.176,214.18,214.2,214.23,214.73,0,0.44999999999998863,true,,5.265422971056056,4.859886095893186,0.2553918350604025,0.43706364940330245,30.0,0.0,25.73611942117466,1.1656769036950143,0.6998369774239094,"[0.0,0.0,0.0,0.0,0.0]","[0.014794707298278809,0.1912630796432495,-0.12924695014953613,-0.3340928554534912,0.03492569923400879]","[0.014794707298278809,0.1912630796432495,-0.12924695014953613,-0.3340928554534912,0.03492569923400879]","{""acc_lim_theta"":0.8,""acc_lim_x"":0.8,""inflation_dist"":0.55,""max_vel_theta"":1.0,""max_vel_x"":1.2,""min_obstacle_dist"":0.25,""weight_obstacle"":50.0,""weight_optimaltime"":1.0,""weight_viapoint"":1.0}","{""acc_lim_theta"":0.7896301284200106,""acc_lim_x"":0.8,""inflation_dist"":0.5511966008993393,""max_vel_theta"":1.0,""max_vel_x"":1.2,""min_obstacle_dist"":0.2509398524942602,""weight_obstacle"":50.0,""weight_optimaltime"":1.0,""weight_viapoint"":1.0}","{""acc_lim_theta"":0.7896301284200106,""acc_lim_x"":0.8,""inflation_dist"":0.5511966008993393,""max_vel_theta"":1.0,""max_vel_x"":1.2,""min_obstacle_dist"":0.2509398524942602,""weight_obstacle"":50.0,""weight_optimaltime"":1.0,""weight_viapoint"":1.0}","{""acc_lim_theta"":0.7896301284200106,""acc_lim_x"":0.8,""inflation_dist"":0.5511966008993393,""max_vel_theta"":1.0,""max_vel_x"":1.2,""min_obstacle_dist"":0.2509398524942602,""weight_obstacle"":50.0,""weight_optimaltime"":1.0,""weight_viapoint"":1.0}","{""acc_lim_theta"":0.7896301284200106,""acc_lim_x"":0.8,""inflation_dist"":0.5511966008993393,""max_vel_theta"":1.0,""max_vel_x"":1.2,""min_obstacle_dist"":0.2509398524942602,""weight_obstacle"":50.0,""weight_optimaltime"":1.0,""weight_viapoint"":1.0}",false,,false,NORMAL,,false,,1.831898876317891,2.0276843758143492,-0.04499999999999887,-0.0,-0.008944974165132956,-0.13853023046738552,-0.0,-0.0033102948639412415,0.0,0.0,0.0,0.0,0.0,0.0,2.196895999077242,19.99999999998181,49.99999999998295,true,
t11_semantic_eta_no_fallback_seed104,t11_semantic_eta_no_fallback_seed104-episode-000065,1,2,215.33,214.726,214.736,214.76,214.826,215.326,0,0.4519999999999982,true,,4.706871362207206,4.181862536491461,0.06652365908842617,0.6971515003335684,30.0,0.0,25.73950417196402,1.1655236169108727,0.2524197281696933,"[0.014794707298278809,0.1912630796432495,-0.12924695014953613,-0.3340928554534912,0.03492569923400879]","[-0.029711663722991943,0.22675204277038574,-0.11174654960632324,-0.2577253580093384,0.06518447399139404]","[-0.014916956424713135,0.41801512241363525,-0.24099349975585938,-0.5918182134628296,0.10011017322540283]","{""acc_lim_theta"":0.7896301284200106,""acc_lim_x"":0.8,""inflation_dist"":0.5511966008993393,""max_vel_theta"":1.0,""max_vel_x"":1.2,""min_obstacle_dist"":0.2509398524942602,""weight_obstacle"":50.0,""weight_optimaltime"":1.0,""weight_viapoint"":1.0}","{""acc_lim_theta"":0.7820245053782835,""acc_lim_x"":0.8,""inflation_dist"":0.5522311786715984,""max_vel_theta"":1.0,""max_vel_x"":1.2,""min_obstacle_dist"":0.2531701720395263,""weight_obstacle"":50.0,""weight_optimaltime"":1.0,""weight_viapoint"":1.0}","{""acc_lim_theta"":0.7820245053782835,""acc_lim_x"":0.8,""inflation_dist"":0.5522311786715984,""max_vel_theta"":1.0,""max_vel_x"":1.2,""min_obstacle_dist"":0.2531701720395263,""weight_obstacle"":50.0,""weight_optimaltime"":1.0,""weight_viapoint"":1.0}","{""acc_lim_theta"":0.7820245053782835,""acc_lim_x"":0.8,""inflation_dist"":0.5522311786715984,""max_vel_theta"":1.0,""max_vel_x"":1.2,""min_obstacle_dist"":0.2531701720395263,""weight_obstacle"":50.0,""weight_optimaltime"":1.0,""weight_viapoint"":1.0}","{""acc_lim_theta"":0.7820245053782835,""acc_lim_x"":0.8,""inflation_dist"":0.5522311786715984,""max_vel_theta"":1.0,""max_vel_x"":1.2,""min_obstacle_dist"":0.2531701720395263,""weight_obstacle"":50.0,""weight_optimaltime"":1.0,""weight_viapoint"":1.0}",false,,false,NORMAL,,false,,2.5463231326359392,2.6250441285787263,-0.045199999999999824,-0.0,-0.029915498211728075,-0.0005163705033037462,-0.0,-0.003089127227755098,0.0,0.0,0.0,0.0,0.0,0.0,1.335760003712494,24.00000000000091,90.00000000000341,true,
t11_semantic_eta_no_fallback_seed104,t11_semantic_eta_no_fallback_seed104-episode-000065,2,3,215.976,215.326,215.332,215.356,215.426,215.926,0,0.5,true,,4.020220189172763,3.440417722984153,0.128389038431195,0.7370097195970892,30.0,0.0,25.74122715934855,1.1654456026625277,-0.00770362214356112,"[-0.014916956424713135,0.41801512241363525,-0.24099349975585938,-0.5918182134628296,0.10011017322540283]","[-0.058760106563568115,0.17461740970611572,-0.11341351270675659,-0.20396137237548828,0.050070762634277344]","[-0.07367706298828125,0.592632532119751,-0.35440701246261597,-0.7957795858383179,0.15018093585968018]","{""acc_lim_theta"":0.7820245053782835,""acc_lim_x"":0.8,""inflation_dist"":0.5522311786715984,""max_vel_theta"":1.0,""max_vel_x"":1.2,""min_obstacle_dist"":0.2531701720395263,""weight_obstacle"":50.0,""weight_optimaltime"":1.0,""weight_viapoint"":1.0}","{""acc_lim_theta"":0.7774925596509629,""acc_lim_x"":0.8,""inflation_dist"":0.5532811896091495,""max_vel_theta"":1.0,""max_vel_x"":1.2,""min_obstacle_dist"":0.2541515893067516,""weight_obstacle"":50.0,""weight_optimaltime"":1.0,""weight_viapoint"":1.0}","{""acc_lim_theta"":0.7774925596509629,""acc_lim_x"":0.8,""inflation_dist"":0.5532811896091495,""max_vel_theta"":1.0,""max_vel_x"":1.2,""min_obstacle_dist"":0.2541515893067516,""weight_obstacle"":50.0,""weight_optimaltime"":1.0,""weight_viapoint"":1.0}","{""acc_lim_theta"":0.7774925596509629,""acc_lim_x"":0.8,""inflation_dist"":0.5532811896091495,""max_vel_theta"":1.0,""max_vel_x"":1.2,""min_obstacle_dist"":0.2541515893067516,""weight_obstacle"":50.0,""weight_optimaltime"":1.0,""weight_viapoint"":1.0}","{""acc_lim_theta"":0.7774925596509629,""acc_lim_x"":0.8,""inflation_dist"":0.5532811896091495,""max_vel_theta"":1.0,""max_vel_x"":1.2,""min_obstacle_dist"":0.2541515893067516,""weight_obstacle"":50.0,""weight_optimaltime"":1.0,""weight_viapoint"":1.0}",false,,false,NORMAL,,false,,2.8418760209295315,2.8990123309430493,-0.05,-0.0,-0.005279187689003546,-3.1565860779408865e-05,-0.0,-0.0018255564637348653,0.0,0.0,0.0,0.0,0.0,0.0,1.0546530029387213,24.00000000000091,93.99999999999409,true,
t11_semantic_eta_no_fallback_seed104,t11_semantic_eta_no_fallback_seed104-episode-000065,3,4,216.526,215.976,215.98,216.002,216.024,216.524,0,0.44999999999998863,true,,3.324754478822182,2.796108155042574,0.09976493457065332,0.7415191239822256,30.0,0.0,25.908782408725937,1.157908524095527,0.01948017605122575,"[-0.07367706298828125,0.592632532119751,-0.35440701246261597,-0.7957795858383179,0.15018093585968018]","[-0.12327522039413452,0.1118384599685669,0.029150009155273438,-0.09363061189651489,0.14549291133880615]","[-0.19695228338241577,0.7044709920883179,-0.32525700330734253,-0.8894101977348328,0.29567384719848633]","{""acc_lim_theta"":0.7774925596509629,""acc_lim_x"":0.8,""inflation_dist"":0.5532811896091495,""max_vel_theta"":1.0,""max_vel_x"":1.2,""min_obstacle_dist"":0.2541515893067516,""weight_obstacle"":50.0,""weight_optimaltime"":1.0,""weight_viapoint"":1.0}","{""acc_lim_theta"":0.7752297590969723,""acc_lim_x"":0.8,""inflation_dist"":0.5530113114640127,""max_vel_theta"":1.0,""max_vel_x"":1.1914141202720265,""min_obstacle_dist"":0.25751878491867164,""weight_obstacle"":50.0,""weight_optimaltime"":1.0,""weight_viapoint"":1.0}","{""acc_lim_theta"":0.7752297590969723,""acc_lim_x"":0.8,""inflation_dist"":0.5530113114640127,""max_vel_theta"":0.9928451002266888,""max_vel_x"":1.1914141202720265,""min_obstacle_dist"":0.25751878491867164,""weight_obstacle"":50.0,""weight_optimaltime"":1.0,""weight_viapoint"":1.0}","{""acc_lim_theta"":0.7752297590969723,""acc_lim_x"":0.8,""inflation_dist"":0.5530113114640127,""max_vel_theta"":0.9928451002266888,""max_vel_x"":1.1914141202720265,""min_obstacle_dist"":0.25751878491867164,""weight_obstacle"":50.0,""weight_optimaltime"":1.0,""weight_viapoint"":1.0}","{""acc_lim_theta"":0.7752297590969723,""acc_lim_x"":0.8,""inflation_dist"":0.5530113114640127,""max_vel_theta"":0.9928451002266888,""max_vel_x"":1.1914141202720265,""min_obstacle_dist"":0.25751878491867164,""weight_obstacle"":50.0,""weight_optimaltime"":1.0,""weight_viapoint"":1.0}",true,max_vel_theta:ackermann_turning_radius,false,NORMAL,,false,,2.5899257285277084,2.6432316188980387,-0.04499999999999887,-0.0,-0.003365325945375955,-8.891809089752107e-05,-0.0,-0.004851646334057786,0.0,0.0,0.0,1.0,0.0,0.0,1.7816760009736754,22.00000000001978,44.00000000001114,true,
t11_semantic_eta_no_fallback_seed104,t11_semantic_eta_no_fallback_seed104-episode-000065,4,5,217.126,216.516,216.532,216.558,216.624,217.124,0,0.44999999999998863,true,,2.635687115774141,2.1119496873828822,0.027458534306186434,0.7148036722707901,30.0,0.0,25.958186675530847,1.1557047637799414,-0.11878470688703457,"[-0.19695228338241577,0.7044709920883179,-0.32525700330734253,-0.8894101977348328,0.29567384719848633]","[-0.18871617317199707,0.09979283809661865,0.007769346237182617,-0.06602495908737183,0.027575135231018066]","[-0.38566845655441284,0.8042638301849365,-0.3174876570701599,-0.9554351568222046,0.3232489824295044]","{""acc_lim_theta"":0.7752297590969723,""acc_lim_x"":0.8,""inflation_dist"":0.5530113114640127,""max_vel_theta"":0.9928451002266888,""max_vel_x"":1.1914141202720265,""min_obstacle_dist"":0.25751878491867164,""weight_obstacle"":50.0,""weight_optimaltime"":1.0,""weight_viapoint"":1.0}","{""acc_lim_theta"":0.7802966054888651,""acc_lim_x"":0.8,""inflation_dist"":0.552939380894789,""max_vel_theta"":0.9928451002266888,""max_vel_x"":1.1878174568430326,""min_obstacle_dist"":0.2600325407653144,""weight_obstacle"":50.0,""weight_optimaltime"":1.0,""weight_viapoint"":1.0}","{""acc_lim_theta"":0.7802966054888651,""acc_lim_x"":0.8,""inflation_dist"":0.552939380894789,""max_vel_theta"":0.9898478807025273,""max_vel_x"":1.1878174568430326,""min_obstacle_dist"":0.2600325407653144,""weight_obstacle"":50.0,""weight_optimaltime"":1.0,""weight_viapoint"":1.0}","{""acc_lim_theta"":0.7802966054888651,""acc_lim_x"":0.8,""inflation_dist"":0.552939380894789,""max_vel_theta"":0.9898478807025273,""max_vel_x"":1.1878174568430326,""min_obstacle_dist"":0.2600325407653144,""weight_obstacle"":50.0,""weight_optimaltime"":1.0,""weight_viapoint"":1.0}","{""acc_lim_theta"":0.7802966054888651,""acc_lim_x"":0.8,""inflation_dist"":0.552939380894789,""max_vel_theta"":0.9898478807025273,""max_vel_x"":1.1878174568430326,""min_obstacle_dist"":0.2600325407653144,""weight_obstacle"":50.0,""weight_optimaltime"":1.0,""weight_viapoint"":1.0}",true,max_vel_theta:ackermann_turning_radius,false,NORMAL,,false,,2.561531686380293,2.618687141956293,-0.04499999999999887,-0.0,-0.008622686688512786,-4.111554998630766e-05,-0.0,-0.00349165333750171,0.0,0.0,0.0,1.0,0.0,0.0,4.421725003339816,25.999999999982037,91.99999999998454,true,
t11_semantic_eta_no_fallback_seed104,t11_semantic_eta_no_fallback_seed104-episode-000065,5,6,217.774,217.124,217.128,217.154,217.224,217.724,0,0.5,true,,1.9542736485772352,1.3993806500080983,0.18556451648429015,0.7502118903015758,30.0,0.0,25.878762983262092,1.1592517006861358,0.23421708159089016,"[-0.38566845655441284,0.8042638301849365,-0.3174876570701599,-0.9554351568222046,0.3232489824295044]","[-0.15036869049072266,0.021415352821350098,0.10329568386077881,-0.04008764028549194,-0.019316673278808594]","[-0.5360371470451355,0.8256791830062866,-0.2141919732093811,-0.9955227971076965,0.3039323091506958]","{""acc_lim_theta"":0.7802966054888651,""acc_lim_x"":0.8,""inflation_dist"":0.552939380894789,""max_vel_theta"":0.9898478807025273,""max_vel_x"":1.1878174568430326,""min_obstacle_dist"":0.2600325407653144,""weight_obstacle"":50.0,""weight_optimaltime"":1.0,""weight_viapoint"":1.0}","{""acc_lim_theta"":0.7860400440597501,""acc_lim_x"":0.8,""inflation_dist"":0.5519830433714458,""max_vel_theta"":0.9898478807025273,""max_vel_x"":1.1870605026789989,""min_obstacle_dist"":0.2633062933829791,""weight_obstacle"":50.10430371722174,""weight_optimaltime"":1.0,""weight_viapoint"":1.0}","{""acc_lim_theta"":0.7860400440597501,""acc_lim_x"":0.8,""inflation_dist"":0.5519830433714458,""max_vel_theta"":0.9892170855658324,""max_vel_x"":1.1870605026789989,""min_obstacle_dist"":0.2633062933829791,""weight_obstacle"":50.10430371722174,""weight_optimaltime"":1.0,""weight_viapoint"":1.0}","{""acc_lim_theta"":0.7860400440597501,""acc_lim_x"":0.8,""inflation_dist"":0.5519830433714458,""max_vel_theta"":0.9892170855658324,""max_vel_x"":1.1870605026789989,""min_obstacle_dist"":0.2633062933829791,""weight_obstacle"":50.10430371722174,""weight_optimaltime"":1.0,""weight_viapoint"":1.0}","{""acc_lim_theta"":0.7860400440597501,""acc_lim_x"":0.8,""inflation_dist"":0.5519830433714458,""max_vel_theta"":0.9892170855658324,""max_vel_x"":1.1870605026789989,""min_obstacle_dist"":0.2633062933829791,""weight_obstacle"":50.10430371722174,""weight_optimaltime"":1.0,""weight_viapoint"":1.0}",true,max_vel_theta:ackermann_turning_radius,false,NORMAL,,false,,2.71365174867257,2.7744649928456844,-0.05,-0.0,-0.0072998630305371615,-3.3855671284952206e-05,-0.0,-0.0034795254712923235,0.0,0.0,0.0,1.0,0.0,0.0,1.987397001357749,26.00000000001046,96.00000000000364,true,
t11_semantic_eta_no_fallback_seed104,t11_semantic_eta_no_fallback_seed104-episode-000065,6,7,218.326,217.772,217.776,217.8,217.824,218.324,0,0.45000000000001705,true,,1.2891067443027104,0.7877058501319375,0.126183283887987,0.9764660681901561,30.0,0.0,27.87374982096084,1.076281454511737,0.5352855000054659,"[-0.5360371470451355,0.8256791830062866,-0.2141919732093811,-0.9955227971076965,0.3039323091506958]","[-0.16162991523742676,0.01967799663543701,0.1859043836593628,-0.04294103384017944,0.03786742687225342]","[-0.6976670622825623,0.8453571796417236,-0.02828758955001831,-1.0,0.3417997360229492]","{""acc_lim_theta"":0.7860400440597501,""acc_lim_x"":0.8,""inflation_dist"":0.5519830433714458,""max_vel_theta"":0.9892170855658324,""max_vel_x"":1.1870605026789989,""min_obstacle_dist"":0.2633062933829791,""weight_obstacle"":50.10430371722174,""weight_optimaltime"":1.0,""weight_viapoint"":1.0}","{""acc_lim_theta"":0.790252097686144,""acc_lim_x"":0.8,""inflation_dist"":0.5502618936466706,""max_vel_theta"":0.9892170855658324,""max_vel_x"":1.1828362275461317,""min_obstacle_dist"":0.26876250333708557,""weight_obstacle"":50.0,""weight_optimaltime"":1.0,""weight_viapoint"":1.0}","{""acc_lim_theta"":0.790252097686144,""acc_lim_x"":0.8,""inflation_dist"":0.5502618936466706,""max_vel_theta"":0.9856968562884432,""max_vel_x"":1.1828362275461317,""min_obstacle_dist"":0.26876250333708557,""weight_obstacle"":50.0,""weight_optimaltime"":1.0,""weight_viapoint"":1.0}","{""acc_lim_theta"":0.790252097686144,""acc_lim_x"":0.8,""inflation_dist"":0.5502618936466706,""max_vel_theta"":0.9856968562884432,""max_vel_x"":1.1828362275461317,""min_obstacle_dist"":0.26876250333708557,""weight_obstacle"":50.0,""weight_optimaltime"":1.0,""weight_viapoint"":1.0}","{""acc_lim_theta"":0.790252097686144,""acc_lim_x"":0.8,""inflation_dist"":0.5502618936466706,""max_vel_theta"":0.9856968562884432,""max_vel_x"":1.1828362275461317,""min_obstacle_dist"":0.26876250333708557,""weight_obstacle"":50.0,""weight_optimaltime"":1.0,""weight_viapoint"":1.0}",true,max_vel_theta:ackermann_turning_radius,false,NORMAL,,false,,2.4390223354664955,2.5070044708538646,-0.045000000000001705,-0.0,-0.015003551103729102,-0.002634630685776516,-0.0,-0.005343953597861733,0.0,0.0,0.0,1.0,0.0,0.0,1.5766900032758713,24.00000000000091,48.00000000000182,true,
t11_semantic_eta_no_fallback_seed104,t11_semantic_eta_no_fallback_seed104-episode-000065,7,8,219.834,218.322,218.328,218.36,218.424,218.924,0,0.5,true,,0.6449143327410942,0.2638316855741783,0.006143342515682821,0.00725615542946656,30.0,0.0,600.0,0.0,0.0,"[-0.6976670622825623,0.8453571796417236,-0.02828758955001831,-1.0,0.3417997360229492]","[-0.2420523762702942,0.08783328533172607,0.0901559591293335,-0.008392035961151123,0.06342816352844238]","[-0.9397194385528564,0.9331904649734497,0.061868369579315186,-1.0,0.4052278995513916]","{""acc_lim_theta"":0.790252097686144,""acc_lim_x"":0.8,""inflation_dist"":0.5502618936466706,""max_vel_theta"":0.9856968562884432,""max_vel_x"":1.1828362275461317,""min_obstacle_dist"":0.26876250333708557,""weight_obstacle"":50.0,""weight_optimaltime"":1.0,""weight_viapoint"":1.0}","{""acc_lim_theta"":0.7977734333639366,""acc_lim_x"":0.8,""inflation_dist"":0.55,""max_vel_theta"":0.9856968562884432,""max_vel_x"":1.1748222401435178,""min_obstacle_dist"":0.27321665899100156,""weight_obstacle"":50.0,""weight_optimaltime"":1.0,""weight_viapoint"":1.0}","{""acc_lim_theta"":0.7977734333639366,""acc_lim_x"":0.8,""inflation_dist"":0.55,""max_vel_theta"":0.9790185334529315,""max_vel_x"":1.1748222401435178,""min_obstacle_dist"":0.27321665899100156,""weight_obstacle"":50.0,""weight_optimaltime"":1.0,""weight_viapoint"":1.0}","{""acc_lim_theta"":0.7977734333639366,""acc_lim_x"":0.8,""inflation_dist"":0.55,""max_vel_theta"":0.9790185334529315,""max_vel_x"":1.1748222401435178,""min_obstacle_dist"":0.27321665899100156,""weight_obstacle"":50.0,""weight_optimaltime"":1.0,""weight_viapoint"":1.0}","{""acc_lim_theta"":0.7977734333639366,""acc_lim_x"":0.8,""inflation_dist"":0.55,""max_vel_theta"":0.9790185334529315,""max_vel_x"":1.1748222401435178,""min_obstacle_dist"":0.27321665899100156,""weight_obstacle"":50.0,""weight_optimaltime"":1.0,""weight_viapoint"":1.0}",true,max_vel_theta:ackermann_turning_radius,false,NORMAL,,false,,11.803534493448963,1.9054132358345797,-0.05,-0.0,-0.007869675661094753,-0.037600914653111196,-0.0,-0.006408152071410759,10.0,0.0,0.0,1.0,0.0,0.0,1.5423100048792548,32.00000000001069,96.00000000000364,true,
t11_semantic_eta_no_fallback_seed104,t11_semantic_eta_no_fallback_seed104-episode-000066,0,1,221.376,220.816,220.82,220.844,220.874,221.374,0,0.4519999999999982,true,,5.758274091128745,5.326694781585648,0.029870706238666674,0.2648711859544246,1.3602813330289698,0.48214285714285715,1.1669253360345209,1.1656969739396668,0.3157951102386804,"[0.0,0.0,0.0,0.0,0.0]","[-0.10501986742019653,-0.01232600212097168,0.17946958541870117,-0.0734068751335144,-0.28254830837249756]","[-0.10501986742019653,-0.01232600212097168,0.17946958541870117,-0.0734068751335144,-0.28254830837249756]","{""acc_lim_theta"":0.8,""acc_lim_x"":0.8,""inflation_dist"":0.55,""max_vel_theta"":1.0,""max_vel_x"":1.2,""min_obstacle_dist"":0.25,""weight_obstacle"":50.0,""weight_optimaltime"":1.0,""weight_viapoint"":1.0}","{""acc_lim_theta"":0.8,""acc_lim_x"":0.8,""inflation_dist"":0.55,""max_vel_theta"":1.0,""max_vel_x"":1.2,""min_obstacle_dist"":0.2545439476917293,""weight_obstacle"":51.52566844365982,""weight_optimaltime"":0.9987673997879029,""weight_viapoint"":1.0}","{""acc_lim_theta"":0.8,""acc_lim_x"":0.8,""inflation_dist"":0.55,""max_vel_theta"":1.0,""max_vel_x"":1.2,""min_obstacle_dist"":0.2545439476917293,""weight_obstacle"":51.52566844365982,""weight_optimaltime"":0.9987673997879029,""weight_viapoint"":1.0}","{""acc_lim_theta"":0.8,""acc_lim_x"":0.8,""inflation_dist"":0.55,""max_vel_theta"":1.0,""max_vel_x"":1.2,""min_obstacle_dist"":0.2545439476917293,""weight_obstacle"":51.52566844365982,""weight_optimaltime"":0.9987673997879029,""weight_viapoint"":1.0}","{""acc_lim_theta"":0.8,""acc_lim_x"":0.8,""inflation_dist"":0.55,""max_vel_theta"":1.0,""max_vel_x"":1.2,""min_obstacle_dist"":0.2545439476917293,""weight_obstacle"":51.52566844365982,""weight_optimaltime"":0.9987673997879029,""weight_viapoint"":1.0}",false,,false,NORMAL,,false,,1.908075351830065,2.1578965477154854,-0.045199999999999824,-0.0,-0.0006506769877919378,-0.1988550828911979,-0.0,-0.005115436006430776,0.0,0.0,0.0,0.0,0.0,0.0,2.737144001002889,24.00000000000091,54.000000000002046,true,
t11_semantic_eta_no_fallback_seed104,t11_semantic_eta_no_fallback_seed104-episode-000066,1,2,221.376,221.376,,,,221.376,0,0.0,true,,5.2601994512203145,5.2601994512203145,0.029870706238666674,0.2648711859544246,1.3602813330289698,0.48214285714285715,1.1669253360345209,1.1656969739396668,0.3157951102386804,"[-0.10501986742019653,-0.01232600212097168,0.17946958541870117,-0.0734068751335144,-0.28254830837249756]","[-0.33479130268096924,0.08861958980560303,0.2888227701187134,-0.041466593742370605,-0.16760748624801636]","[-0.43981117010116577,0.07629358768463135,0.46829235553741455,-0.11487346887588501,-0.4501557946205139]","{""acc_lim_theta"":0.8,""acc_lim_x"":0.8,""inflation_dist"":0.55,""max_vel_theta"":1.0,""max_vel_x"":1.2,""min_obstacle_dist"":0.2545439476917293,""weight_obstacle"":51.52566844365982,""weight_optimaltime"":0.9987673997879029,""weight_viapoint"":1.0}","{""acc_lim_theta"":0.8,""acc_lim_x"":0.8,""inflation_dist"":0.55,""max_vel_theta"":1.0,""max_vel_x"":1.2,""min_obstacle_dist"":0.2643613807160625,""weight_obstacle"":52.430694044990354,""weight_optimaltime"":1.0,""weight_viapoint"":1.0}","{""acc_lim_theta"":0.8,""acc_lim_x"":0.8,""inflation_dist"":0.55,""max_vel_theta"":1.0,""max_vel_x"":1.2,""min_obstacle_dist"":0.2643613807160625,""weight_obstacle"":52.430694044990354,""weight_optimaltime"":1.0,""weight_viapoint"":1.0}","{""acc_lim_theta"":0.8,""acc_lim_x"":0.8,""inflation_dist"":0.55,""max_vel_theta"":1.0,""max_vel_x"":1.2,""min_obstacle_dist"":0.2643613807160625,""weight_obstacle"":52.430694044990354,""weight_optimaltime"":1.0,""weight_viapoint"":1.0}","{""acc_lim_theta"":0.8,""acc_lim_x"":0.8,""inflation_dist"":0.55,""max_vel_theta"":1.0,""max_vel_x"":1.2,""min_obstacle_dist"":0.2545439476917293,""weight_obstacle"":51.52566844365982,""weight_optimaltime"":0.9987673997879029,""weight_viapoint"":1.0}",false,,false,NORMAL,margin:emergency|ablation:no_conservative_parameter_fallback,false,,0.0,0.0,0.0,0.0,0.0,0.0,0.0,0.0,0.0,0.0,0.0,0.0,0.0,0.0,1.5175380030996166,0.0,0.0,false,safety_emergency_stop
t11_semantic_eta_no_fallback_seed104,t11_semantic_eta_no_fallback_seed104-episode-000067,0,1,222.456,222.456,,,,222.456,0,0.0,true,,4.9704076914548505,4.9704076914548505,0.055085704917236404,0.00694912200751527,0.3485257440920108,0.8771186440677966,0.9000407332041442,0.387233300932125,-0.11581870012525454,"[0.0,0.0,0.0,0.0,0.0]","[-0.9620674848556519,-0.6898912787437439,0.5909945964813232,-0.27393287420272827,-0.3399759531021118]","[-0.9620674848556519,-0.6898912787437439,0.5909945964813232,-0.27393287420272827,-0.3399759531021118]","{""acc_lim_theta"":0.8,""acc_lim_x"":0.8,""inflation_dist"":0.55,""max_vel_theta"":1.0,""max_vel_x"":1.2,""min_obstacle_dist"":0.25,""weight_obstacle"":50.0,""weight_optimaltime"":1.0,""weight_viapoint"":1.0}","{""acc_lim_theta"":0.8,""acc_lim_x"":0.7799311951787086,""inflation_dist"":0.55,""max_vel_theta"":1.0,""max_vel_x"":1.2,""min_obstacle_dist"":0.25,""weight_obstacle"":51.83575894061715,""weight_optimaltime"":0.9310108721256256,""weight_viapoint"":1.0}","{""acc_lim_theta"":0.8,""acc_lim_x"":0.7799311951787086,""inflation_dist"":0.55,""max_vel_theta"":1.0,""max_vel_x"":1.2,""min_obstacle_dist"":0.25,""weight_obstacle"":51.83575894061715,""weight_optimaltime"":0.9310108721256256,""weight_viapoint"":1.0}","{""acc_lim_theta"":0.8,""acc_lim_x"":0.7799311951787086,""inflation_dist"":0.55,""max_vel_theta"":1.0,""max_vel_x"":1.2,""min_obstacle_dist"":0.25,""weight_obstacle"":51.83575894061715,""weight_optimaltime"":0.9310108721256256,""weight_viapoint"":1.0}","{""acc_lim_theta"":0.8,""acc_lim_x"":0.8,""inflation_dist"":0.55,""max_vel_theta"":1.0,""max_vel_x"":1.2,""min_obstacle_dist"":0.25,""weight_obstacle"":50.0,""weight_optimaltime"":1.0,""weight_viapoint"":1.0}",false,,false,NORMAL,margin:emergency|ablation:no_conservative_parameter_fallback,false,,0.0,0.0,0.0,0.0,0.0,0.0,0.0,0.0,0.0,0.0,0.0,0.0,0.0,0.0,1.6794090042822063,0.0,0.0,false,safety_emergency_stop
t11_semantic_eta_no_fallback_seed104,t11_semantic_eta_no_fallback_seed104-episode-000068,0,1,224.036,223.476,223.48,223.502,223.534,224.034,0,0.44999999999998863,true,,5.235631868925377,4.852720015213489,0.25356434631850044,0.41157396089630305,30.0,0.0,25.739461614327496,1.165525543988105,0.6404382490837688,"[0.0,0.0,0.0,0.0,0.0]","[-0.012298166751861572,0.21845269203186035,-0.09846103191375732,-0.29577434062957764,0.020962953567504883]","[-0.012298166751861572,0.21845269203186035,-0.09846103191375732,-0.29577434062957764,0.020962953567504883]","{""acc_lim_theta"":0.8,""acc_lim_x"":0.8,""inflation_dist"":0.55,""max_vel_theta"":1.0,""max_vel_x"":1.2,""min_obstacle_dist"":0.25,""weight_obstacle"":50.0,""weight_optimaltime"":1.0,""weight_viapoint"":1.0}","{""acc_lim_theta"":0.7921881222471621,""acc_lim_x"":0.8,""inflation_dist"":0.5509115770948682,""max_vel_theta"":1.0,""max_vel_x"":1.2,""min_obstacle_dist"":0.25239609148840647,""weight_obstacle"":50.0,""weight_optimaltime"":1.0,""weight_viapoint"":1.0}","{""acc_lim_theta"":0.7921881222471621,""acc_lim_x"":0.8,""inflation_dist"":0.5509115770948682,""max_vel_theta"":1.0,""max_vel_x"":1.2,""min_obstacle_dist"":0.25239609148840647,""weight_obstacle"":50.0,""weight_optimaltime"":1.0,""weight_viapoint"":1.0}","{""acc_lim_theta"":0.7921881222471621,""acc_lim_x"":0.8,""inflation_dist"":0.5509115770948682,""max_vel_theta"":1.0,""max_vel_x"":1.2,""min_obstacle_dist"":0.25239609148840647,""weight_obstacle"":50.0,""weight_optimaltime"":1.0,""weight_viapoint"":1.0}","{""acc_lim_theta"":0.7921881222471621,""acc_lim_x"":0.8,""inflation_dist"":0.5509115770948682,""max_vel_theta"":1.0,""max_vel_x"":1.2,""min_obstacle_dist"":0.25239609148840647,""weight_obstacle"":50.0,""weight_optimaltime"":1.0,""weight_viapoint"":1.0}",false,,false,NORMAL,,false,,1.6990366965352812,1.9145592685594393,-0.04499999999999887,-0.0,-0.007696043561323444,-0.15965467183073012,-0.0,-0.0031718566321058297,0.0,0.0,0.0,0.0,0.0,0.0,2.6785599984577857,22.00000000001978,54.000000000002046,true,
t11_semantic_eta_no_fallback_seed104,t11_semantic_eta_no_fallback_seed104-episode-000068,1,2,224.634,224.036,224.042,224.064,224.132,224.632,0,0.4519999999999982,true,,4.70120369892351,4.18223172917823,0.07937497661155746,0.6689758327270512,30.0,0.0,25.77983900614549,1.1637000523101984,0.3077763927190709,"[-0.012298166751861572,0.21845269203186035,-0.09846103191375732,-0.29577434062957764,0.020962953567504883]","[-0.09964162111282349,0.21708881855010986,-0.021930158138275146,-0.2038559913635254,0.08435404300689697]","[-0.11193978786468506,0.4355415105819702,-0.12039119005203247,-0.499630331993103,0.10531699657440186]","{""acc_lim_theta"":0.7921881222471621,""acc_lim_x"":0.8,""inflation_dist"":0.5509115770948682,""max_vel_theta"":1.0,""max_vel_x"":1.2,""min_obstacle_dist"":0.25239609148840647,""weight_obstacle"":50.0,""weight_optimaltime"":1.0,""weight_viapoint"":1.0}","{""acc_lim_theta"":0.7881755738238004,""acc_lim_x"":0.8,""inflation_dist"":0.5511146120362772,""max_vel_theta"":1.0,""max_vel_x"":1.197966155560687,""min_obstacle_dist"":0.25681974240710514,""weight_obstacle"":50.0,""weight_optimaltime"":1.0,""weight_viapoint"":1.0}","{""acc_lim_theta"":0.7881755738238004,""acc_lim_x"":0.8,""inflation_dist"":0.5511146120362772,""max_vel_theta"":0.9983051296339059,""max_vel_x"":1.197966155560687,""min_obstacle_dist"":0.25681974240710514,""weight_obstacle"":50.0,""weight_optimaltime"":1.0,""weight_viapoint"":1.0}","{""acc_lim_theta"":0.7881755738238004,""acc_lim_x"":0.8,""inflation_dist"":0.5511146120362772,""max_vel_theta"":0.9983051296339059,""max_vel_x"":1.197966155560687,""min_obstacle_dist"":0.25681974240710514,""weight_obstacle"":50.0,""weight_optimaltime"":1.0,""weight_viapoint"":1.0}","{""acc_lim_theta"":0.7881755738238004,""acc_lim_x"":0.8,""inflation_dist"":0.5511146120362772,""max_vel_theta"":0.9983051296339059,""max_vel_x"":1.197966155560687,""min_obstacle_dist"":0.25681974240710514,""weight_obstacle"":50.0,""weight_optimaltime"":1.0,""weight_viapoint"":1.0}",true,max_vel_theta:ackermann_turning_radius,false,NORMAL,,false,,2.5164729531558323,2.5948598487264007,-0.045199999999999824,-0.0,-0.029650334717010316,-2.800525054100949e-05,-0.0,-0.0035085556030172295,0.0,0.0,0.0,1.0,0.0,0.0,5.140539004059974,21.99999999999136,90.00000000000341,true,
t11_semantic_eta_no_fallback_seed104,t11_semantic_eta_no_fallback_seed104-episode-000068,2,3,225.234,224.63,224.636,224.664,224.73,225.23,0,0.4519999999999982,true,,4.021244531599127,3.489754148663955,0.14173545734018897,0.7268805583232553,30.0,0.0,25.773773844726886,1.1639738976811798,-0.046497248657748756,"[-0.11193978786468506,0.4355415105819702,-0.12039119005203247,-0.499630331993103,0.10531699657440186]","[-0.0971153974533081,0.16088736057281494,-0.07010036706924438,-0.18656760454177856,0.04052090644836426]","[-0.20905518531799316,0.5964288711547852,-0.19049155712127686,-0.6861979365348816,0.1458379030227661]","{""acc_lim_theta"":0.7881755738238004,""acc_lim_x"":0.8,""inflation_dist"":0.5511146120362772,""max_vel_theta"":0.9983051296339059,""max_vel_x"":1.197966155560687,""min_obstacle_dist"":0.25681974240710514,""weight_obstacle"":50.0,""weight_optimaltime"":1.0,""weight_viapoint"":1.0}","{""acc_lim_theta"":0.7859742350054306,""acc_lim_x"":0.8,""inflation_dist"":0.551763618934947,""max_vel_theta"":0.9983051296339059,""max_vel_x"":1.198125632462788,""min_obstacle_dist"":0.2586494006597345,""weight_obstacle"":50.0,""weight_optimaltime"":1.0,""weight_viapoint"":1.0}","{""acc_lim_theta"":0.7859742350054306,""acc_lim_x"":0.8,""inflation_dist"":0.551763618934947,""max_vel_theta"":0.9983051296339059,""max_vel_x"":1.198125632462788,""min_obstacle_dist"":0.2586494006597345,""weight_obstacle"":50.0,""weight_optimaltime"":1.0,""weight_viapoint"":1.0}","{""acc_lim_theta"":0.7859742350054306,""acc_lim_x"":0.8,""inflation_dist"":0.551763618934947,""max_vel_theta"":0.9983051296339059,""max_vel_x"":1.198125632462788,""min_obstacle_dist"":0.2586494006597345,""weight_obstacle"":50.0,""weight_optimaltime"":1.0,""weight_viapoint"":1.0}","{""acc_lim_theta"":0.7859742350054306,""acc_lim_x"":0.8,""inflation_dist"":0.551763618934947,""max_vel_theta"":0.9983051296339059,""max_vel_x"":1.198125632462788,""min_obstacle_dist"":0.2586494006597345,""weight_obstacle"":50.0,""weight_optimaltime"":1.0,""weight_viapoint"":1.0}",false,,false,NORMAL,,false,,2.6044421047383217,2.657451914675859,-0.045199999999999824,-0.0,-0.006315391761548756,-2.1014418402872036e-07,-0.0,-0.0014942080318047666,0.0,0.0,0.0,0.0,0.0,0.0,1.4430010051000863,27.999999999991587,93.99999999999409,true,
t11_semantic_eta_no_fallback_seed104,t11_semantic_eta_no_fallback_seed104-episode-000068,3,4,225.88,225.23,225.236,225.258,225.33,225.83,0,0.5,true,,3.327968495935295,2.7537778286824097,0.10080193851073897,0.7355818263844488,30.0,0.0,25.832617770013865,1.1613224903139152,0.0110176649374951,"[-0.20905518531799316,0.5964288711547852,-0.19049155712127686,-0.6861979365348816,0.1458379030227661]","[-0.14295727014541626,0.11247432231903076,0.050295114517211914,-0.08935636281967163,0.11045670509338379]","[-0.3520124554634094,0.7089031934738159,-0.14019644260406494,-0.7755542993545532,0.2562946081161499]","{""acc_lim_theta"":0.7859742350054306,""acc_lim_x"":0.8,""inflation_dist"":0.551763618934947,""max_vel_theta"":0.9983051296339059,""max_vel_x"":1.198125632462788,""min_obstacle_dist"":0.2586494006597345,""weight_obstacle"":50.0,""weight_optimaltime"":1.0,""weight_viapoint"":1.0}","{""acc_lim_theta"":0.7857978763195912,""acc_lim_x"":0.8,""inflation_dist"":0.5512979740652302,""max_vel_theta"":0.9983051296339059,""max_vel_x"":1.1911088632696334,""min_obstacle_dist"":0.2626001892373477,""weight_obstacle"":50.0,""weight_optimaltime"":1.0,""weight_viapoint"":1.0}","{""acc_lim_theta"":0.7857978763195912,""acc_lim_x"":0.8,""inflation_dist"":0.5512979740652302,""max_vel_theta"":0.9925907193913612,""max_vel_x"":1.1911088632696334,""min_obstacle_dist"":0.2626001892373477,""weight_obstacle"":50.0,""weight_optimaltime"":1.0,""weight_viapoint"":1.0}","{""acc_lim_theta"":0.7857978763195912,""acc_lim_x"":0.8,""inflation_dist"":0.5512979740652302,""max_vel_theta"":0.9925907193913612,""max_vel_x"":1.1911088632696334,""min_obstacle_dist"":0.2626001892373477,""weight_obstacle"":50.0,""weight_optimaltime"":1.0,""weight_viapoint"":1.0}","{""acc_lim_theta"":0.7857978763195912,""acc_lim_x"":0.8,""inflation_dist"":0.5512979740652302,""max_vel_theta"":0.9925907193913612,""max_vel_x"":1.1911088632696334,""min_obstacle_dist"":0.2626001892373477,""weight_obstacle"":50.0,""weight_optimaltime"":1.0,""weight_viapoint"":1.0}",true,max_vel_theta:ackermann_turning_radius,false,NORMAL,,false,,2.811909468613231,2.8709533362644257,-0.05,-0.0,-0.004929430400497312,-4.464717614363542e-05,-0.0,-0.004069790074554157,0.0,0.0,0.0,1.0,0.0,0.0,1.1985460005234927,22.00000000001978,94.00000000002251,true,
t11_semantic_eta_no_fallback_seed104,t11_semantic_eta_no_fallback_seed104-episode-000068,4,5,226.48,225.876,225.882,225.906,225.93,226.43,0,0.5,true,,2.638917892069121,2.0712234553575994,0.07153303496216863,0.6959203774050369,30.0,0.0,25.97071762228795,1.1551471328714513,-0.09780327476193709,"[-0.3520124554634094,0.7089031934738159,-0.14019644260406494,-0.7755542993545532,0.2562946081161499]","[-0.19633078575134277,0.08264124393463135,0.017627716064453125,-0.06615352630615234,0.05414783954620361]","[-0.5483432412147522,0.7915444374084473,-0.12256872653961182,-0.8417078256607056,0.3104424476623535]","{""acc_lim_theta"":0.7857978763195912,""acc_lim_x"":0.8,""inflation_dist"":0.5512979740652302,""max_vel_theta"":0.9925907193913612,""max_vel_x"":1.1911088632696334,""min_obstacle_dist"":0.2626001892373477,""weight_obstacle"":50.0,""weight_optimaltime"":1.0,""weight_viapoint"":1.0}","{""acc_lim_theta"":0.7902809674993989,""acc_lim_x"":0.8,""inflation_dist"":0.5511347722189072,""max_vel_theta"":0.9925907193913612,""max_vel_x"":1.185828697770051,""min_obstacle_dist"":0.26498306669880234,""weight_obstacle"":50.0,""weight_optimaltime"":1.0,""weight_viapoint"":1.0}","{""acc_lim_theta"":0.7902809674993989,""acc_lim_x"":0.8,""inflation_dist"":0.5511347722189072,""max_vel_theta"":0.9881905814750425,""max_vel_x"":1.185828697770051,""min_obstacle_dist"":0.26498306669880234,""weight_obstacle"":50.0,""weight_optimaltime"":1.0,""weight_viapoint"":1.0}","{""acc_lim_theta"":0.7902809674993989,""acc_lim_x"":0.8,""inflation_dist"":0.5511347722189072,""max_vel_theta"":0.9881905814750425,""max_vel_x"":1.185828697770051,""min_obstacle_dist"":0.26498306669880234,""weight_obstacle"":50.0,""weight_optimaltime"":1.0,""weight_viapoint"":1.0}","{""acc_lim_theta"":0.7902809674993989,""acc_lim_x"":0.8,""inflation_dist"":0.5511347722189072,""max_vel_theta"":0.9881905814750425,""max_vel_x"":1.185828697770051,""min_obstacle_dist"":0.26498306669880234,""weight_obstacle"":50.0,""weight_optimaltime"":1.0,""weight_viapoint"":1.0}",true,max_vel_theta:ackermann_turning_radius,false,NORMAL,,false,,2.775362506347409,2.8384721835576077,-0.05,-0.0,-0.009166450860670014,-6.261830451750166e-05,-0.0,-0.003880608045010718,0.0,0.0,0.0,1.0,0.0,0.0,1.1159920031786896,24.00000000000091,48.00000000000182,true,
t11_semantic_eta_no_fallback_seed104,t11_semantic_eta_no_fallback_seed104-episode-000068,5,6,227.03,226.476,226.482,226.506,226.528,227.028,0,0.44999999999998863,true,,1.9590209651070905,1.4503857453866418,0.1980022783945413,0.7283018467240421,30.0,0.0,25.955557408251472,1.1558218353061749,0.18797480042229897,"[-0.5483432412147522,0.7915444374084473,-0.12256872653961182,-0.8417078256607056,0.3104424476623535]","[-0.16138076782226562,0.019637227058410645,0.11087357997894287,-0.03239178657531738,-0.03448265790939331]","[-0.7097240090370178,0.8111816644668579,-0.011695146560668945,-0.874099612236023,0.2759597897529602]","{""acc_lim_theta"":0.7902809674993989,""acc_lim_x"":0.8,""inflation_dist"":0.5511347722189072,""max_vel_theta"":0.9881905814750425,""max_vel_x"":1.185828697770051,""min_obstacle_dist"":0.26498306669880234,""weight_obstacle"":50.0,""weight_optimaltime"":1.0,""weight_viapoint"":1.0}","{""acc_lim_theta"":0.7971795287271107,""acc_lim_x"":0.8,""inflation_dist"":0.5501082766198832,""max_vel_theta"":0.9881905814750425,""max_vel_x"":1.1855687536321127,""min_obstacle_dist"":0.2684196361879988,""weight_obstacle"":50.18619507343332,""weight_optimaltime"":1.0,""weight_viapoint"":1.0}","{""acc_lim_theta"":0.7971795287271107,""acc_lim_x"":0.8,""inflation_dist"":0.5501082766198832,""max_vel_theta"":0.987973961360094,""max_vel_x"":1.1855687536321127,""min_obstacle_dist"":0.2684196361879988,""weight_obstacle"":50.18619507343332,""weight_optimaltime"":1.0,""weight_viapoint"":1.0}","{""acc_lim_theta"":0.7971795287271107,""acc_lim_x"":0.8,""inflation_dist"":0.5501082766198832,""max_vel_theta"":0.987973961360094,""max_vel_x"":1.1855687536321127,""min_obstacle_dist"":0.2684196361879988,""weight_obstacle"":50.18619507343332,""weight_optimaltime"":1.0,""weight_viapoint"":1.0}","{""acc_lim_theta"":0.7971795287271107,""acc_lim_x"":0.8,""inflation_dist"":0.5501082766198832,""max_vel_theta"":0.987973961360094,""max_vel_x"":1.1855687536321127,""min_obstacle_dist"":0.2684196361879988,""weight_obstacle"":50.18619507343332,""weight_optimaltime"":1.0,""weight_viapoint"":1.0}",true,max_vel_theta:ackermann_turning_radius,false,NORMAL,,false,,2.4854500858902275,2.5431760986022436,-0.04499999999999887,-0.0,-0.008843798483654963,-3.0623476045748626e-05,-0.0,-0.0038515907523165925,0.0,0.0,0.0,1.0,0.0,0.0,1.5479280045838095,24.00000000000091,45.99999999999227,true,
t11_semantic_eta_no_fallback_seed104,t11_semantic_eta_no_fallback_seed104-episode-000068,6,7,227.678,227.02,227.034,227.058,227.128,227.628,0,0.5,true,,1.2966564004387955,0.75902825983377,0.1345447020666651,1.0093631682804025,30.0,0.0,29.480077416814147,1.0176364049467967,0.670175102437613,"[-0.7097240090370178,0.8111816644668579,-0.011695146560668945,-0.874099612236023,0.2759597897529602]","[-0.2110700011253357,0.021201252937316895,0.18060123920440674,-0.03385162353515625,0.01646745204925537]","[-0.9207940101623535,0.8323829174041748,0.1689060926437378,-0.9079512357711792,0.2924272418022156]","{""acc_lim_theta"":0.7971795287271107,""acc_lim_x"":0.8,""inflation_dist"":0.5501082766198832,""max_vel_theta"":0.987973961360094,""max_vel_x"":1.1855687536321127,""min_obstacle_dist"":0.2684196361879988,""weight_obstacle"":50.18619507343332,""weight_optimaltime"":1.0,""weight_viapoint"":1.0}","{""acc_lim_theta"":0.8,""acc_lim_x"":0.8,""inflation_dist"":0.55,""max_vel_theta"":0.987973961360094,""max_vel_x"":1.1814534022461232,""min_obstacle_dist"":0.27376834508920267,""weight_obstacle"":50.0972762188709,""weight_optimaltime"":1.0,""weight_viapoint"":1.0}","{""acc_lim_theta"":0.8,""acc_lim_x"":0.8,""inflation_dist"":0.55,""max_vel_theta"":0.9845445018717693,""max_vel_x"":1.1814534022461232,""min_obstacle_dist"":0.27376834508920267,""weight_obstacle"":50.0972762188709,""weight_optimaltime"":1.0,""weight_viapoint"":1.0}","{""acc_lim_theta"":0.8,""acc_lim_x"":0.8,""inflation_dist"":0.55,""max_vel_theta"":0.9845445018717693,""max_vel_x"":1.1814534022461232,""min_obstacle_dist"":0.27376834508920267,""weight_obstacle"":50.0972762188709,""weight_optimaltime"":1.0,""weight_viapoint"":1.0}","{""acc_lim_theta"":0.8,""acc_lim_x"":0.8,""inflation_dist"":0.55,""max_vel_theta"":0.9845445018717693,""max_vel_x"":1.1814534022461232,""min_obstacle_dist"":0.27376834508920267,""weight_obstacle"":50.0972762188709,""weight_optimaltime"":1.0,""weight_viapoint"":1.0}",true,max_vel_theta:ackermann_turning_radius,false,NORMAL,,false,,2.6091614292158485,2.6881407030251276,-0.05,-0.0,-0.020811971765106067,-0.003742142983905362,-0.0,-0.00442515906026801,0.0,0.0,0.0,1.0,0.0,0.0,2.0352690044092014,24.00000000000091,93.99999999999409,true,
t11_semantic_eta_no_fallback_seed104,t11_semantic_eta_no_fallback_seed104-episode-000068,7,8,229.238,227.676,227.682,227.704,227.728,228.228,0,0.5,true,,0.6607994945265473,0.2726898506537711,0.006448019611080693,0.0019415281778869529,30.0,0.0,600.0,0.0,0.0,"[-0.9207940101623535,0.8323829174041748,0.1689060926437378,-0.9079512357711792,0.2924272418022156]","[-0.2777683138847351,0.07894527912139893,0.12661755084991455,0.022261500358581543,0.07770407199859619]","[-1.0,0.9113281965255737,0.29552364349365234,-0.8856897354125977,0.37013131380081177]","{""acc_lim_theta"":0.8,""acc_lim_x"":0.8,""inflation_dist"":0.55,""max_vel_theta"":0.9845445018717693,""max_vel_x"":1.1814534022461232,""min_obstacle_dist"":0.27376834508920267,""weight_obstacle"":50.0972762188709,""weight_optimaltime"":1.0,""weight_viapoint"":1.0}","{""acc_lim_theta"":0.8,""acc_lim_x"":0.7986784629671616,""inflation_dist"":0.55,""max_vel_theta"":0.9845445018717693,""max_vel_x"":1.1712312156284659,""min_obstacle_dist"":0.27899822841289107,""weight_obstacle"":50.0,""weight_optimaltime"":1.0,""weight_viapoint"":1.0}","{""acc_lim_theta"":0.8,""acc_lim_x"":0.7986784629671616,""inflation_dist"":0.55,""max_vel_theta"":0.9760260130237216,""max_vel_x"":1.1712312156284659,""min_obstacle_dist"":0.27899822841289107,""weight_obstacle"":50.0,""weight_optimaltime"":1.0,""weight_viapoint"":1.0}","{""acc_lim_theta"":0.8,""acc_lim_x"":0.7986784629671616,""inflation_dist"":0.55,""max_vel_theta"":0.9760260130237216,""max_vel_x"":1.1712312156284659,""min_obstacle_dist"":0.27899822841289107,""weight_obstacle"":50.0,""weight_optimaltime"":1.0,""weight_viapoint"":1.0}","{""acc_lim_theta"":0.8,""acc_lim_x"":0.7986784629671616,""inflation_dist"":0.55,""max_vel_theta"":0.9760260130237216,""max_vel_x"":1.1712312156284659,""min_obstacle_dist"":0.27899822841289107,""weight_obstacle"":50.0,""weight_optimaltime"":1.0,""weight_viapoint"":1.0}",true,max_vel_theta:ackermann_turning_radius,false,NORMAL,,false,,11.84789770385244,1.940548219363881,-0.05,-0.0,-0.008804566614520745,-0.027821663332276064,-0.0,-0.006024285564645869,10.0,0.0,0.0,1.0,0.0,0.0,2.4235930031863973,22.00000000001978,46.00000000002069,true,
t11_semantic_eta_no_fallback_seed104,t11_semantic_eta_no_fallback_seed104-episode-000069,0,1,230.81,230.236,230.242,230.266,230.288,230.788,0,0.46999999999999886,true,,5.756426999743468,5.317395866427742,0.05998172264477471,0.3040918697407059,1.446335442315765,0.018518518518518517,1.2425758879655306,1.1639815775629205,0.44078256096252233,"[0.0,0.0,0.0,0.0,0.0]","[0.05265390872955322,-0.03951883316040039,0.05116009712219238,-0.3599805235862732,-0.20804113149642944]","[0.05265390872955322,-0.03951883316040039,0.05116009712219238,-0.3599805235862732,-0.20804113149642944]","{""acc_lim_theta"":0.8,""acc_lim_x"":0.8,""inflation_dist"":0.55,""max_vel_theta"":1.0,""max_vel_x"":1.2,""min_obstacle_dist"":0.25,""weight_obstacle"":50.0,""weight_optimaltime"":1.0,""weight_viapoint"":1.0}","{""acc_lim_theta"":0.7955657258541587,""acc_lim_x"":0.8,""inflation_dist"":0.55,""max_vel_theta"":1.0,""max_vel_x"":1.2,""min_obstacle_dist"":0.25046376905846773,""weight_obstacle"":51.1233540598266,""weight_optimaltime"":0.99604811668396,""weight_viapoint"":1.0}","{""acc_lim_theta"":0.7955657258541587,""acc_lim_x"":0.8,""inflation_dist"":0.55,""max_vel_theta"":1.0,""max_vel_x"":1.2,""min_obstacle_dist"":0.25046376905846773,""weight_obstacle"":51.1233540598266,""weight_optimaltime"":0.99604811668396,""weight_viapoint"":1.0}","{""acc_lim_theta"":0.7955657258541587,""acc_lim_x"":0.8,""inflation_dist"":0.55,""max_vel_theta"":1.0,""max_vel_x"":1.2,""min_obstacle_dist"":0.25046376905846773,""weight_obstacle"":51.1233540598266,""weight_optimaltime"":0.99604811668396,""weight_viapoint"":1.0}","{""acc_lim_theta"":0.7955657258541587,""acc_lim_x"":0.8,""inflation_dist"":0.55,""max_vel_theta"":1.0,""max_vel_x"":1.2,""min_obstacle_dist"":0.25046376905846773,""weight_obstacle"":51.1233540598266,""weight_optimaltime"":0.99604811668396,""weight_viapoint"":1.0}",false,,false,NORMAL,,false,,1.9115228405677187,2.1951556665786276,-0.04699999999999989,-0.0,-0.0007148635930938602,-0.23158680147510685,-0.0,-0.004331160942708629,0.0,0.0,0.0,0.0,0.0,0.0,3.1703550048405305,24.00000000000091,46.00000000002069,true,
t11_semantic_eta_no_fallback_seed104,t11_semantic_eta_no_fallback_seed104-episode-000069,1,2,230.81,230.81,,,,230.81,0,0.0,true,,5.273665123866865,5.273665123866865,0.05998172264477471,0.3040918697407059,1.446335442315765,0.018518518518518517,1.2425758879655306,1.1639815775629205,0.44078256096252233,"[0.05265390872955322,-0.03951883316040039,0.05116009712219238,-0.3599805235862732,-0.20804113149642944]","[-0.30082201957702637,-0.13790881633758545,0.19089150428771973,-0.2735799551010132,-0.20133495330810547]","[-0.24816811084747314,-0.17742764949798584,0.2420516014099121,-0.6335604786872864,-0.4093760848045349]","{""acc_lim_theta"":0.7955657258541587,""acc_lim_x"":0.8,""inflation_dist"":0.55,""max_vel_theta"":1.0,""max_vel_x"":1.2,""min_obstacle_dist"":0.25046376905846773,""weight_obstacle"":51.1233540598266,""weight_optimaltime"":0.99604811668396,""weight_viapoint"":1.0}","{""acc_lim_theta"":0.8,""acc_lim_x"":0.8,""inflation_dist"":0.55,""max_vel_theta"":1.0,""max_vel_x"":1.2,""min_obstacle_dist"":0.2524146794646813,""weight_obstacle"":52.210496951027146,""weight_optimaltime"":0.9822572350502015,""weight_viapoint"":1.0}","{""acc_lim_theta"":0.8,""acc_lim_x"":0.8,""inflation_dist"":0.55,""max_vel_theta"":1.0,""max_vel_x"":1.2,""min_obstacle_dist"":0.2524146794646813,""weight_obstacle"":52.210496951027146,""weight_optimaltime"":0.9822572350502015,""weight_viapoint"":1.0}","{""acc_lim_theta"":0.8,""acc_lim_x"":0.8,""inflation_dist"":0.55,""max_vel_theta"":1.0,""max_vel_x"":1.2,""min_obstacle_dist"":0.2524146794646813,""weight_obstacle"":52.210496951027146,""weight_optimaltime"":0.9822572350502015,""weight_viapoint"":1.0}","{""acc_lim_theta"":0.7955657258541587,""acc_lim_x"":0.8,""inflation_dist"":0.55,""max_vel_theta"":1.0,""max_vel_x"":1.2,""min_obstacle_dist"":0.25046376905846773,""weight_obstacle"":51.1233540598266,""weight_optimaltime"":0.99604811668396,""weight_viapoint"":1.0}",false,,false,NORMAL,margin:emergency|ablation:no_conservative_parameter_fallback,false,,0.0,0.0,0.0,0.0,0.0,0.0,0.0,0.0,0.0,0.0,0.0,0.0,0.0,0.0,1.5852329961489886,0.0,0.0,false,safety_emergency_stop
t11_semantic_eta_no_fallback_seed104,t11_semantic_eta_no_fallback_seed104-episode-000070,0,1,231.896,231.896,,,,231.896,0,0.0,true,,4.897595892347261,4.897595892347261,0.050403027051071504,0.000707021161786808,0.33216739940462114,0.8739495798319328,0.45922914963413913,0.7286716670651866,0.01178368602978013,"[0.0,0.0,0.0,0.0,0.0]","[-0.9631747603416443,-0.7022041082382202,0.593930721282959,-0.2910340428352356,-0.33138757944107056]","[-0.9631747603416443,-0.7022041082382202,0.593930721282959,-0.2910340428352356,-0.33138757944107056]","{""acc_lim_theta"":0.8,""acc_lim_x"":0.8,""inflation_dist"":0.55,""max_vel_theta"":1.0,""max_vel_x"":1.2,""min_obstacle_dist"":0.25,""weight_obstacle"":50.0,""weight_optimaltime"":1.0,""weight_viapoint"":1.0}","{""acc_lim_theta"":0.8,""acc_lim_x"":0.7802022328218856,""inflation_dist"":0.55,""max_vel_theta"":1.0,""max_vel_x"":1.2,""min_obstacle_dist"":0.25,""weight_obstacle"":51.78938453210455,""weight_optimaltime"":0.929779589176178,""weight_viapoint"":1.0}","{""acc_lim_theta"":0.8,""acc_lim_x"":0.7802022328218856,""inflation_dist"":0.55,""max_vel_theta"":1.0,""max_vel_x"":1.2,""min_obstacle_dist"":0.25,""weight_obstacle"":51.78938453210455,""weight_optimaltime"":0.929779589176178,""weight_viapoint"":1.0}","{""acc_lim_theta"":0.8,""acc_lim_x"":0.7802022328218856,""inflation_dist"":0.55,""max_vel_theta"":1.0,""max_vel_x"":1.2,""min_obstacle_dist"":0.25,""weight_obstacle"":51.78938453210455,""weight_optimaltime"":0.929779589176178,""weight_viapoint"":1.0}","{""acc_lim_theta"":0.8,""acc_lim_x"":0.8,""inflation_dist"":0.55,""max_vel_theta"":1.0,""max_vel_x"":1.2,""min_obstacle_dist"":0.25,""weight_obstacle"":50.0,""weight_optimaltime"":1.0,""weight_viapoint"":1.0}",false,,false,NORMAL,margin:emergency|ablation:no_conservative_parameter_fallback,false,,0.0,0.0,0.0,0.0,0.0,0.0,0.0,0.0,0.0,0.0,0.0,0.0,0.0,0.0,2.1779210001113825,0.0,0.0,false,safety_emergency_stop
