run_id,episode_id,step_id,config_seq,t_observation,t_decision,t_request,t_ack,t_active,t_window_end,planner_cycle_count,valid_feedback_duration,state_valid,invalid_reason,goal_distance_start,goal_distance_end,path_error_mean,path_heading_error_mean,d_obs_min,obstacle_density_mean,ttc_min,linear_velocity_mean,angular_velocity_mean,eta_before_json,action_raw_json,eta_after_json,theta_previous_json,theta_candidate_json,theta_projected_json,theta_safe_json,theta_applied_json,projection_modified,projection_reason,safety_modified,safety_mode,safety_reason,fallback_active,fallback_reason,reward_total,reward_progress,reward_time,reward_near_obstacle,reward_path_error,reward_smoothness,reward_planner_failure,reward_parameter_adjustment,reward_terminal,cost_collision,cost_near_collision,cost_parameter_violation,cost_planner_failure,cost_emergency_or_fallback,inference_latency,parameter_write_latency,parameter_activation_latency,transition_stored,transition_drop_reason
t11_reset_retry_acceptance,t11_reset_retry_acceptance-episode-000001,0,1,3.168,2.618,2.622,2.658,2.666,3.166,0,0.44999999999999973,true,,2.4320690484075023,2.104671372040019,0.00700631220765493,0.01679293923630946,30.0,0.0,45.48208169093461,0.6596004159145498,0.009316972803508536,"[0.0,0.0,0.0,0.0,0.0]","[-0.6800177097320557,0.17188704013824463,0.6476736068725586,-0.4054795503616333,0.36979901790618896]","[-0.6800177097320557,0.17188704013824463,0.6476736068725586,-0.4054795503616333,0.36979901790618896]","{""acc_lim_theta"":0.8,""acc_lim_x"":0.8,""inflation_dist"":0.55,""max_vel_theta"":1.0,""max_vel_x"":1.2,""min_obstacle_dist"":0.25,""weight_obstacle"":50.0,""weight_optimaltime"":1.0,""weight_viapoint"":1.0}","{""acc_lim_theta"":0.8,""acc_lim_x"":0.8,""inflation_dist"":0.55,""max_vel_theta"":1.0,""max_vel_x"":1.1752121192184082,""min_obstacle_dist"":0.2713953586134651,""weight_obstacle"":50.0,""weight_optimaltime"":1.0,""weight_viapoint"":1.0}","{""acc_lim_theta"":0.8,""acc_lim_x"":0.8,""inflation_dist"":0.55,""max_vel_theta"":0.9793434326820069,""max_vel_x"":1.1752121192184082,""min_obstacle_dist"":0.2713953586134651,""weight_obstacle"":50.0,""weight_optimaltime"":1.0,""weight_viapoint"":1.0}","{""acc_lim_theta"":0.8,""acc_lim_x"":0.8,""inflation_dist"":0.55,""max_vel_theta"":0.9793434326820069,""max_vel_x"":1.1752121192184082,""min_obstacle_dist"":0.2713953586134651,""weight_obstacle"":50.0,""weight_optimaltime"":1.0,""weight_viapoint"":1.0}","{""acc_lim_theta"":0.8,""acc_lim_x"":0.8,""inflation_dist"":0.55,""max_vel_theta"":0.9793434326820069,""max_vel_x"":1.1752121192184082,""min_obstacle_dist"":0.2713953586134651,""weight_obstacle"":50.0,""weight_optimaltime"":1.0,""weight_viapoint"":1.0}",true,max_vel_theta:ackermann_turning_radius,false,NORMAL,,false,,1.38441309604026,1.6369883818374165,-0.04499999999999998,-0.0,-3.4364673649556254e-05,-0.1907201507509236,-0.0,-0.016820770372583293,0.0,0.0,0.0,1.0,0.0,0.0,0.0,36.00000000000003,44.00000000000004,true,
t11_reset_retry_acceptance,t11_reset_retry_acceptance-episode-000001,1,2,3.816,3.166,3.168,3.204,3.266,3.766,0,0.5,true,,1.9844949599222859,1.4121301756179967,0.01031405010344719,0.06222614278019049,30.0,0.0,26.155427968635202,1.1469894522840571,-0.04146941138969843,"[-0.6800177097320557,0.17188704013824463,0.6476736068725586,-0.4054795503616333,0.36979901790618896]","[-0.07223165035247803,0.78271484375,0.12974655628204346,0.9863839149475098,-0.5149568915367126]","[-0.7522493600845337,0.9546018838882446,0.777420163154602,0.5809043645858765,-0.14515787363052368]","{""acc_lim_theta"":0.8,""acc_lim_x"":0.8,""inflation_dist"":0.55,""max_vel_theta"":0.9793434326820069,""max_vel_x"":1.1752121192184082,""min_obstacle_dist"":0.2713953586134651,""weight_obstacle"":50.0,""weight_optimaltime"":1.0,""weight_viapoint"":1.0}","{""acc_lim_theta"":0.8,""acc_lim_x"":0.78840837621975,""inflation_dist"":0.55,""max_vel_theta"":0.9793434326820069,""max_vel_x"":1.1809012925183757,""min_obstacle_dist"":0.2929630315317576,""weight_obstacle"":52.78059877189902,""weight_optimaltime"":1.0,""weight_viapoint"":1.0}","{""acc_lim_theta"":0.8,""acc_lim_x"":0.78840837621975,""inflation_dist"":0.55,""max_vel_theta"":0.9793434326820069,""max_vel_x"":1.1809012925183757,""min_obstacle_dist"":0.2929630315317576,""weight_obstacle"":52.78059877189902,""weight_optimaltime"":1.0,""weight_viapoint"":1.0}","{""acc_lim_theta"":0.8,""acc_lim_x"":0.78840837621975,""inflation_dist"":0.55,""max_vel_theta"":0.9793434326820069,""max_vel_x"":1.1809012925183757,""min_obstacle_dist"":0.2929630315317576,""weight_obstacle"":52.78059877189902,""weight_optimaltime"":1.0,""weight_viapoint"":1.0}","{""acc_lim_theta"":0.8,""acc_lim_x"":0.78840837621975,""inflation_dist"":0.55,""max_vel_theta"":0.9793434326820069,""max_vel_x"":1.1809012925183757,""min_obstacle_dist"":0.2929630315317576,""weight_obstacle"":52.78059877189902,""weight_optimaltime"":1.0,""weight_viapoint"":1.0}",false,,false,NORMAL,,false,,2.7427971181843525,2.861823921521446,-0.05,-0.0,-5.350836032862794e-05,-0.05093892677059256,-0.0,-0.018034368206172154,0.0,0.0,0.0,0.0,0.0,0.0,0.0,36.00000000000003,97.99999999999986,true,
t11_reset_retry_acceptance,t11_reset_retry_acceptance-episode-000001,2,3,4.414,3.798,3.818,3.854,3.864,4.364,0,0.5,true,,1.2974314660393669,0.7608895809780627,0.03479530628446434,0.06539753148577054,30.0,0.0,30.236853297340378,0.9921667345801088,0.01138355193037237,"[-0.7522493600845337,0.9546018838882446,0.777420163154602,0.5809043645858765,-0.14515787363052368]","[-0.7814074754714966,-0.3089001178741455,0.5584290027618408,0.07930505275726318,0.8485109806060791]","[-1.0,0.6457017660140991,1.0,0.6602094173431396,0.7033531069755554]","{""acc_lim_theta"":0.8,""acc_lim_x"":0.78840837621975,""inflation_dist"":0.55,""max_vel_theta"":0.9793434326820069,""max_vel_x"":1.1809012925183757,""min_obstacle_dist"":0.2929630315317576,""weight_obstacle"":52.78059877189902,""weight_optimaltime"":1.0,""weight_viapoint"":1.0}","{""acc_lim_theta"":0.8,""acc_lim_x"":0.7698406509954568,""inflation_dist"":0.55,""max_vel_theta"":0.9793434326820069,""max_vel_x"":1.1151515573950257,""min_obstacle_dist"":0.3008534591697769,""weight_obstacle"":50.0,""weight_optimaltime"":0.9691099882125854,""weight_viapoint"":1.0}","{""acc_lim_theta"":0.8,""acc_lim_x"":0.7698406509954568,""inflation_dist"":0.55,""max_vel_theta"":0.9292929644958547,""max_vel_x"":1.1151515573950257,""min_obstacle_dist"":0.3008534591697769,""weight_obstacle"":50.0,""weight_optimaltime"":0.9691099882125854,""weight_viapoint"":1.0}","{""acc_lim_theta"":0.8,""acc_lim_x"":0.7698406509954568,""inflation_dist"":0.55,""max_vel_theta"":0.9292929644958547,""max_vel_x"":1.1151515573950257,""min_obstacle_dist"":0.3008534591697769,""weight_obstacle"":50.0,""weight_optimaltime"":0.9691099882125854,""weight_viapoint"":1.0}","{""acc_lim_theta"":0.8,""acc_lim_x"":0.7698406509954568,""inflation_dist"":0.55,""max_vel_theta"":0.9292929644958547,""max_vel_x"":1.1151515573950257,""min_obstacle_dist"":0.3008534591697769,""weight_obstacle"":50.0,""weight_optimaltime"":0.9691099882125854,""weight_viapoint"":1.0}",true,max_vel_theta:ackermann_turning_radius,false,NORMAL,,false,,2.585718586982265,2.6827094253065207,-0.05,-0.0,-0.00031813318298146777,-0.006167020054257078,-0.0,-0.0405056850870174,0.0,0.0,0.0,1.0,0.0,0.0,0.0,36.00000000000003,45.999999999999815,true,
t11_reset_retry_acceptance,t11_reset_retry_acceptance-episode-000001,3,4,5.872,4.398,4.414,4.448,4.462,4.962,0,0.5,true,,0.6616732326746816,0.2721127838197787,0.004285030788425763,0.002889672972947585,30.0,0.0,600.0,0.0,0.0,"[-1.0,0.6457017660140991,1.0,0.6602094173431396,0.7033531069755554]","[0.9887311458587646,0.8444890975952148,-0.6753808259963989,0.18014216423034668,0.45128607749938965]","[-0.011268854141235352,1.0,0.3246191740036011,0.8403515815734863,1.0]","{""acc_lim_theta"":0.8,""acc_lim_x"":0.7698406509954568,""inflation_dist"":0.55,""max_vel_theta"":0.9292929644958547,""max_vel_x"":1.1151515573950257,""min_obstacle_dist"":0.3008534591697769,""weight_obstacle"":50.0,""weight_optimaltime"":0.9691099882125854,""weight_viapoint"":1.0}","{""acc_lim_theta"":0.7492177349472013,""acc_lim_x"":0.7976867211200827,""inflation_dist"":0.5562528462207332,""max_vel_theta"":0.9292929644958547,""max_vel_x"":1.1032208150993887,""min_obstacle_dist"":0.3021859126915806,""weight_obstacle"":50.0,""weight_optimaltime"":1.0,""weight_viapoint"":1.0}","{""acc_lim_theta"":0.7492177349472013,""acc_lim_x"":0.7976867211200827,""inflation_dist"":0.5562528462207332,""max_vel_theta"":0.9193506792494907,""max_vel_x"":1.1032208150993887,""min_obstacle_dist"":0.3021859126915806,""weight_obstacle"":50.0,""weight_optimaltime"":1.0,""weight_viapoint"":1.0}","{""acc_lim_theta"":0.7492177349472013,""acc_lim_x"":0.7976867211200827,""inflation_dist"":0.5562528462207332,""max_vel_theta"":0.9193506792494907,""max_vel_x"":1.1032208150993887,""min_obstacle_dist"":0.3021859126915806,""weight_obstacle"":50.0,""weight_optimaltime"":1.0,""weight_viapoint"":1.0}","{""acc_lim_theta"":0.7492177349472013,""acc_lim_x"":0.7976867211200827,""inflation_dist"":0.5562528462207332,""max_vel_theta"":0.9193506792494907,""max_vel_x"":1.1032208150993887,""min_obstacle_dist"":0.3021859126915806,""weight_obstacle"":50.0,""weight_optimaltime"":1.0,""weight_viapoint"":1.0}",true,max_vel_theta:ackermann_turning_radius,false,NORMAL,,false,,11.841077716141259,1.9478022442745144,-0.05,-0.0,-0.000526669728741865,-0.024066349253770013,-0.0,-0.03213150915074423,10.0,0.0,0.0,1.0,0.0,0.0,0.0,34.000000000000696,48.00000000000004,true,
t11_reset_retry_acceptance,t11_reset_retry_acceptance-episode-000002,0,1,7.394,6.798,6.802,6.844,6.846,7.346,0,0.4500000000000002,true,,2.5168653196461475,2.0366488876104687,0.01479403516801174,0.01520651689539175,30.0,0.0,25.77499743262057,1.1639186416380516,0.2091129937122852,"[0.0,0.0,0.0,0.0,0.0]","[0.8379325866699219,-0.7071791887283325,0.22523045539855957,-0.8917896151542664,0.4862254858016968]","[0.8379325866699219,-0.7071791887283325,0.22523045539855957,-0.8917896151542664,0.4862254858016968]","{""acc_lim_theta"":0.8,""acc_lim_x"":0.8,""inflation_dist"":0.55,""max_vel_theta"":1.0,""max_vel_x"":1.2,""min_obstacle_dist"":0.25,""weight_obstacle"":50.0,""weight_optimaltime"":1.0,""weight_viapoint"":1.0}","{""acc_lim_theta"":0.7266104625587485,""acc_lim_x"":0.8,""inflation_dist"":0.55,""max_vel_theta"":1.0,""max_vel_x"":1.2,""min_obstacle_dist"":0.25,""weight_obstacle"":50.0,""weight_optimaltime"":0.9292820811271667,""weight_viapoint"":1.0}","{""acc_lim_theta"":0.7266104625587485,""acc_lim_x"":0.8,""inflation_dist"":0.55,""max_vel_theta"":1.0,""max_vel_x"":1.2,""min_obstacle_dist"":0.25,""weight_obstacle"":50.0,""weight_optimaltime"":0.9292820811271667,""weight_viapoint"":1.0}","{""acc_lim_theta"":0.7266104625587485,""acc_lim_x"":0.8,""inflation_dist"":0.55,""max_vel_theta"":1.0,""max_vel_x"":1.2,""min_obstacle_dist"":0.25,""weight_obstacle"":50.0,""weight_optimaltime"":0.9292820811271667,""weight_viapoint"":1.0}","{""acc_lim_theta"":0.7266104625587485,""acc_lim_x"":0.8,""inflation_dist"":0.55,""max_vel_theta"":1.0,""max_vel_x"":1.2,""min_obstacle_dist"":0.25,""weight_obstacle"":50.0,""weight_optimaltime"":0.9292820811271667,""weight_viapoint"":1.0}",false,,false,NORMAL,,false,,2.1471022809289866,2.401082160178394,-0.04500000000000002,-0.0,-3.473614871378449e-05,-0.17645417496581414,-0.0,-0.03249096813487955,0.0,0.0,0.0,0.0,0.0,0.0,0.0,42.0000000000007,44.00000000000048,true,
t11_reset_retry_acceptance,t11_reset_retry_acceptance-episode-000002,1,2,7.996,7.382,7.396,7.428,7.446,7.946,0,0.5,true,,1.92035945132835,1.3392541059352054,0.05407245355618423,0.03064308543356333,30.0,0.0,25.808624022813472,1.1624021479595956,0.018923532187271247,"[0.8379325866699219,-0.7071791887283325,0.22523045539855957,-0.8917896151542664,0.4862254858016968]","[0.14591896533966064,-0.746764063835144,-0.7726444005966187,0.04893958568572998,-0.011978566646575928]","[0.9838515520095825,-1.0,-0.5474139451980591,-0.8428500294685364,0.47424691915512085]","{""acc_lim_theta"":0.7266104625587485,""acc_lim_x"":0.8,""inflation_dist"":0.55,""max_vel_theta"":1.0,""max_vel_x"":1.2,""min_obstacle_dist"":0.25,""weight_obstacle"":50.0,""weight_optimaltime"":0.9292820811271667,""weight_viapoint"":1.0}","{""acc_lim_theta"":0.7223251470952243,""acc_lim_x"":0.7663699490554436,""inflation_dist"":0.5571533369534347,""max_vel_theta"":1.0,""max_vel_x"":1.2,""min_obstacle_dist"":0.25,""weight_obstacle"":50.06468034170236,""weight_optimaltime"":0.8546056747436523,""weight_viapoint"":1.0}","{""acc_lim_theta"":0.7223251470952243,""acc_lim_x"":0.7663699490554436,""inflation_dist"":0.5571533369534347,""max_vel_theta"":1.0,""max_vel_x"":1.2,""min_obstacle_dist"":0.25,""weight_obstacle"":50.06468034170236,""weight_optimaltime"":0.8546056747436523,""weight_viapoint"":1.0}","{""acc_lim_theta"":0.7223251470952243,""acc_lim_x"":0.7663699490554436,""inflation_dist"":0.5571533369534347,""max_vel_theta"":1.0,""max_vel_x"":1.2,""min_obstacle_dist"":0.25,""weight_obstacle"":50.06468034170236,""weight_optimaltime"":0.8546056747436523,""weight_viapoint"":1.0}","{""acc_lim_theta"":0.7223251470952243,""acc_lim_x"":0.7663699490554436,""inflation_dist"":0.5571533369534347,""max_vel_theta"":1.0,""max_vel_x"":1.2,""min_obstacle_dist"":0.25,""weight_obstacle"":50.06468034170236,""weight_optimaltime"":0.8546056747436523,""weight_viapoint"":1.0}",false,,false,NORMAL,,false,,2.828383512943026,2.9055267269657223,-0.05,-0.0,-0.0005526358117564325,-3.284090688449151e-06,-0.0,-0.026587294120251938,0.0,0.0,0.0,0.0,0.0,0.0,0.0,32.00000000000003,49.99999999999982,true,
t11_reset_retry_acceptance,t11_reset_retry_acceptance-episode-000002,2,3,8.594,7.994,7.996,8.038,8.044,8.544,0,0.5,true,,1.2230139204036312,0.6706993656090262,0.07343379542689737,0.02988529121187527,30.0,0.0,32.602456317965355,0.9201760661042189,-0.0365535866497683,"[0.9838515520095825,-1.0,-0.5474139451980591,-0.8428500294685364,0.47424691915512085]","[0.07669723033905029,0.9541690349578857,0.9572756290435791,-0.40869706869125366,-0.8503319025039673]","[1.0,-0.04583096504211426,0.40986168384552,-1.0,-0.37608498334884644]","{""acc_lim_theta"":0.7223251470952243,""acc_lim_x"":0.7663699490554436,""inflation_dist"":0.5571533369534347,""max_vel_theta"":1.0,""max_vel_x"":1.2,""min_obstacle_dist"":0.25,""weight_obstacle"":50.06468034170236,""weight_optimaltime"":0.8546056747436523,""weight_viapoint"":1.0}","{""acc_lim_theta"":0.7371876864365499,""acc_lim_x"":0.8,""inflation_dist"":0.55,""max_vel_theta"":1.0,""max_vel_x"":1.2,""min_obstacle_dist"":0.29779203445954544,""weight_obstacle"":54.65619447165848,""weight_optimaltime"":0.9500225782394409,""weight_viapoint"":1.0}","{""acc_lim_theta"":0.7371876864365499,""acc_lim_x"":0.8,""inflation_dist"":0.55,""max_vel_theta"":1.0,""max_vel_x"":1.2,""min_obstacle_dist"":0.29779203445954544,""weight_obstacle"":54.65619447165848,""weight_optimaltime"":0.9500225782394409,""weight_viapoint"":1.0}","{""acc_lim_theta"":0.7371876864365499,""acc_lim_x"":0.8,""inflation_dist"":0.55,""max_vel_theta"":1.0,""max_vel_x"":1.2,""min_obstacle_dist"":0.29779203445954544,""weight_obstacle"":54.65619447165848,""weight_optimaltime"":0.9500225782394409,""weight_viapoint"":1.0}","{""acc_lim_theta"":0.7371876864365499,""acc_lim_x"":0.8,""inflation_dist"":0.55,""max_vel_theta"":1.0,""max_vel_x"":1.2,""min_obstacle_dist"":0.29779203445954544,""weight_obstacle"":54.65619447165848,""weight_optimaltime"":0.9500225782394409,""weight_viapoint"":1.0}",false,,false,NORMAL,,false,,2.636757301737442,2.761572773973025,-0.05,-0.0,-0.0020656275107840735,-0.011199663852316397,-0.0,-0.06155018087248281,0.0,0.0,0.0,0.0,0.0,0.0,0.0,41.999999999999815,48.00000000000004,true,
t11_reset_retry_acceptance,t11_reset_retry_acceptance-episode-000002,3,4,10.052,8.578,8.594,8.64,8.642,9.142,0,0.5,true,,0.5786818231082403,0.21885460667662918,0.0029233486741738145,0.0010756802332678517,30.0,0.0,600.0,0.0,0.0,"[1.0,-0.04583096504211426,0.40986168384552,-1.0,-0.37608498334884644]","[-0.4161975383758545,0.627010703086853,-0.47231805324554443,-0.7154607772827148,0.2078077793121338]","[0.5838024616241455,0.5811797380447388,-0.062456369400024414,-1.0,-0.16827720403671265]","{""acc_lim_theta"":0.7371876864365499,""acc_lim_x"":0.8,""inflation_dist"":0.55,""max_vel_theta"":1.0,""max_vel_x"":1.2,""min_obstacle_dist"":0.29779203445954544,""weight_obstacle"":54.65619447165848,""weight_optimaltime"":0.9500225782394409,""weight_viapoint"":1.0}","{""acc_lim_theta"":0.7287725778667931,""acc_lim_x"":0.8,""inflation_dist"":0.5543728397972557,""max_vel_theta"":1.0,""max_vel_x"":1.1967476554942804,""min_obstacle_dist"":0.2995652009858182,""weight_obstacle"":53.534100437297575,""weight_optimaltime"":1.0,""weight_viapoint"":1.0}","{""acc_lim_theta"":0.7287725778667931,""acc_lim_x"":0.8,""inflation_dist"":0.5543728397972557,""max_vel_theta"":0.9972897129119004,""max_vel_x"":1.1967476554942804,""min_obstacle_dist"":0.2995652009858182,""weight_obstacle"":53.534100437297575,""weight_optimaltime"":1.0,""weight_viapoint"":1.0}","{""acc_lim_theta"":0.7287725778667931,""acc_lim_x"":0.8,""inflation_dist"":0.5543728397972557,""max_vel_theta"":0.9972897129119004,""max_vel_x"":1.1967476554942804,""min_obstacle_dist"":0.2995652009858182,""weight_obstacle"":53.534100437297575,""weight_optimaltime"":1.0,""weight_viapoint"":1.0}","{""acc_lim_theta"":0.7287725778667931,""acc_lim_x"":0.8,""inflation_dist"":0.5543728397972557,""max_vel_theta"":0.9972897129119004,""max_vel_x"":1.1967476554942804,""min_obstacle_dist"":0.2995652009858182,""weight_obstacle"":53.534100437297575,""weight_optimaltime"":1.0,""weight_viapoint"":1.0}",true,max_vel_theta:ackermann_turning_radius,false,NORMAL,,false,,11.708531331024874,1.799136082158056,-0.05,-0.0,-0.001133921165812725,-0.022084616159132216,-0.0,-0.01738621380823768,10.0,0.0,0.0,1.0,0.0,0.0,0.0,46.00000000000115,48.00000000000004,true,
t11_reset_retry_acceptance,t11_reset_retry_acceptance-episode-000003,0,1,11.594,10.998,11.0,11.034,11.044,11.544,0,0.5,true,,2.4670778838350964,2.0192962114023465,0.042786859186614214,0.15663583519211738,30.0,0.0,38.0378231831668,0.788688665372317,-0.1730521919285687,"[0.0,0.0,0.0,0.0,0.0]","[0.3816293478012085,-0.6522708535194397,-0.8838756680488586,-0.6724159717559814,-0.5273141264915466]","[0.3816293478012085,-0.6522708535194397,-0.8838756680488586,-0.6724159717559814,-0.5273141264915466]","{""acc_lim_theta"":0.8,""acc_lim_x"":0.8,""inflation_dist"":0.55,""max_vel_theta"":1.0,""max_vel_x"":1.2,""min_obstacle_dist"":0.25,""weight_obstacle"":50.0,""weight_optimaltime"":1.0,""weight_viapoint"":1.0}","{""acc_lim_theta"":0.7848235065018069,""acc_lim_x"":0.7990197866375268,""inflation_dist"":0.5581831441134025,""max_vel_theta"":1.0,""max_vel_x"":1.2,""min_obstacle_dist"":0.25,""weight_obstacle"":52.847323798603576,""weight_optimaltime"":0.934772914648056,""weight_viapoint"":1.0}","{""acc_lim_theta"":0.7848235065018069,""acc_lim_x"":0.7990197866375268,""inflation_dist"":0.5581831441134025,""max_vel_theta"":1.0,""max_vel_x"":1.2,""min_obstacle_dist"":0.25,""weight_obstacle"":52.847323798603576,""weight_optimaltime"":0.934772914648056,""weight_viapoint"":1.0}","{""acc_lim_theta"":0.7848235065018069,""acc_lim_x"":0.7990197866375268,""inflation_dist"":0.5581831441134025,""max_vel_theta"":1.0,""max_vel_x"":1.2,""min_obstacle_dist"":0.25,""weight_obstacle"":52.847323798603576,""weight_optimaltime"":0.934772914648056,""weight_viapoint"":1.0}","{""acc_lim_theta"":0.7848235065018069,""acc_lim_x"":0.7990197866375268,""inflation_dist"":0.5581831441134025,""max_vel_theta"":1.0,""max_vel_x"":1.2,""min_obstacle_dist"":0.25,""weight_obstacle"":52.847323798603576,""weight_optimaltime"":0.934772914648056,""weight_viapoint"":1.0}",false,,false,NORMAL,,false,,1.9389532112018926,2.2389083621637496,-0.05,-0.0,-0.00016582051018265899,-0.22467204789365383,-0.0,-0.025117282558020405,0.0,0.0,0.0,0.0,0.0,0.0,0.0,34.000000000000696,44.00000000000048,true,
t11_reset_retry_acceptance,t11_reset_retry_acceptance-episode-000003,1,2,12.196,11.578,11.598,11.628,11.646,12.146,0,0.5,true,,1.9419317716290103,1.3957122008429486,0.03042610299434858,0.023530114336114488,30.0,0.0,25.93565793599267,1.1567086547037995,0.45188544764609523,"[0.3816293478012085,-0.6522708535194397,-0.8838756680488586,-0.6724159717559814,-0.5273141264915466]","[-0.2773677110671997,0.12493264675140381,0.8265422582626343,-0.3015044927597046,0.2683529853820801]","[0.10426163673400879,-0.5273382067680359,-0.057333409786224365,-0.973920464515686,-0.25896114110946655]","{""acc_lim_theta"":0.7848235065018069,""acc_lim_x"":0.7990197866375268,""inflation_dist"":0.5581831441134025,""max_vel_theta"":1.0,""max_vel_x"":1.2,""min_obstacle_dist"":0.25,""weight_obstacle"":52.847323798603576,""weight_optimaltime"":0.934772914648056,""weight_viapoint"":1.0}","{""acc_lim_theta"":0.7793728520481362,""acc_lim_x"":0.8,""inflation_dist"":0.5505308071844869,""max_vel_theta"":1.0,""max_vel_x"":1.186218407710661,""min_obstacle_dist"":0.275123393263844,""weight_obstacle"":51.39830545580186,""weight_optimaltime"":0.9472661793231965,""weight_viapoint"":1.0}","{""acc_lim_theta"":0.7793728520481362,""acc_lim_x"":0.8,""inflation_dist"":0.5505308071844869,""max_vel_theta"":0.9885153397588842,""max_vel_x"":1.186218407710661,""min_obstacle_dist"":0.275123393263844,""weight_obstacle"":51.39830545580186,""weight_optimaltime"":0.9472661793231965,""weight_viapoint"":1.0}","{""acc_lim_theta"":0.7793728520481362,""acc_lim_x"":0.8,""inflation_dist"":0.5505308071844869,""max_vel_theta"":0.9885153397588842,""max_vel_x"":1.186218407710661,""min_obstacle_dist"":0.275123393263844,""weight_obstacle"":51.39830545580186,""weight_optimaltime"":0.9472661793231965,""weight_viapoint"":1.0}","{""acc_lim_theta"":0.7793728520481362,""acc_lim_x"":0.8,""inflation_dist"":0.5505308071844869,""max_vel_theta"":0.9885153397588842,""max_vel_x"":1.186218407710661,""min_obstacle_dist"":0.275123393263844,""weight_obstacle"":51.39830545580186,""weight_optimaltime"":0.9472661793231965,""weight_viapoint"":1.0}",true,max_vel_theta:ackermann_turning_radius,false,NORMAL,,false,,2.585145927877304,2.731097853930309,-0.05,-0.0,-0.0016297043495531547,-0.07048821174710998,-0.0,-0.023834009956341603,0.0,0.0,0.0,1.0,0.0,0.0,0.0,29.99999999999936,48.00000000000004,true,
t11_reset_retry_acceptance,t11_reset_retry_acceptance-episode-000003,2,3,12.892,12.178,12.246,12.26,12.342,12.842,0,0.5,true,,1.167618007043872,0.6548529893904123,0.009951936942175431,0.17522392657453836,30.0,0.0,35.37251593956098,0.8481160924843263,0.09477163417224616,"[0.10426163673400879,-0.5273382067680359,-0.057333409786224365,-0.973920464515686,-0.25896114110946655]","[0.32578790187835693,-0.43458443880081177,0.10823547840118408,0.9654991626739502,0.9935920238494873]","[0.4300495386123657,-0.9619226455688477,0.05090206861495972,-0.00842130184173584,0.7346308827400208]","{""acc_lim_theta"":0.7793728520481362,""acc_lim_x"":0.8,""inflation_dist"":0.5505308071844869,""max_vel_theta"":0.9885153397588842,""max_vel_x"":1.186218407710661,""min_obstacle_dist"":0.275123393263844,""weight_obstacle"":51.39830545580186,""weight_optimaltime"":0.9472661793231965,""weight_viapoint"":1.0}","{""acc_lim_theta"":0.7576338295349231,""acc_lim_x"":0.7567955989132576,""inflation_dist"":0.55,""max_vel_theta"":0.9885153397588842,""max_vel_x"":1.1121635662353775,""min_obstacle_dist"":0.2679987058611382,""weight_obstacle"":50.0,""weight_optimaltime"":0.9038077354431153,""weight_viapoint"":1.0}","{""acc_lim_theta"":0.7576338295349231,""acc_lim_x"":0.7567955989132576,""inflation_dist"":0.55,""max_vel_theta"":0.9268029718628146,""max_vel_x"":1.1121635662353775,""min_obstacle_dist"":0.2679987058611382,""weight_obstacle"":50.0,""weight_optimaltime"":0.9038077354431153,""weight_viapoint"":1.0}","{""acc_lim_theta"":0.7576338295349231,""acc_lim_x"":0.7567955989132576,""inflation_dist"":0.55,""max_vel_theta"":0.9268029718628146,""max_vel_x"":1.1121635662353775,""min_obstacle_dist"":0.2679987058611382,""weight_obstacle"":50.0,""weight_optimaltime"":0.9038077354431153,""weight_viapoint"":1.0}","{""acc_lim_theta"":0.7576338295349231,""acc_lim_x"":0.7567955989132576,""inflation_dist"":0.55,""max_vel_theta"":0.9268029718628146,""max_vel_x"":1.1121635662353775,""min_obstacle_dist"":0.2679987058611382,""weight_obstacle"":50.0,""weight_optimaltime"":0.9038077354431153,""weight_viapoint"":1.0}",true,max_vel_theta:ackermann_turning_radius,false,NORMAL,,false,,2.439665212645885,2.563825088267299,-0.05,-0.0,-0.00046878449866627757,-0.018280454220061134,-0.0,-0.05541063690268664,0.0,0.0,0.0,1.0,0.0,0.0,0.0,13.999999999999346,96.00000000000009,true,
t11_reset_retry_acceptance,t11_reset_retry_acceptance-episode-000003,3,4,14.352,12.89,12.892,12.922,12.942,13.442,0,0.5,true,,0.5700566003672154,0.23389160762606762,0.007464340730300185,0.003075197290329665,30.0,0.0,600.0,0.0,0.0,"[0.4300495386123657,-0.9619226455688477,0.05090206861495972,-0.00842130184173584,0.7346308827400208]","[-0.15068942308425903,0.6485044956207275,-0.3317224979400635,0.6064331531524658,-0.24436986446380615]","[0.2793601155281067,-0.3134181499481201,-0.28082042932510376,0.59801185131073,0.4902610182762146]","{""acc_lim_theta"":0.7576338295349231,""acc_lim_x"":0.7567955989132576,""inflation_dist"":0.55,""max_vel_theta"":0.9268029718628146,""max_vel_x"":1.1121635662353775,""min_obstacle_dist"":0.2679987058611382,""weight_obstacle"":50.0,""weight_optimaltime"":0.9038077354431153,""weight_viapoint"":1.0}","{""acc_lim_theta"":0.7875693705099862,""acc_lim_x"":0.7476541579980966,""inflation_dist"":0.5530711706458599,""max_vel_theta"":0.9268029718628146,""max_vel_x"":1.1094780951373566,""min_obstacle_dist"":0.27405098718851867,""weight_obstacle"":51.31951733472189,""weight_optimaltime"":0.9686581850051881,""weight_viapoint"":1.0}","{""acc_lim_theta"":0.7875693705099862,""acc_lim_x"":0.7476541579980966,""inflation_dist"":0.5530711706458599,""max_vel_theta"":0.9245650792811305,""max_vel_x"":1.1094780951373566,""min_obstacle_dist"":0.27405098718851867,""weight_obstacle"":51.31951733472189,""weight_optimaltime"":0.9686581850051881,""weight_viapoint"":1.0}","{""acc_lim_theta"":0.7875693705099862,""acc_lim_x"":0.7476541579980966,""inflation_dist"":0.5530711706458599,""max_vel_theta"":0.9245650792811305,""max_vel_x"":1.1094780951373566,""min_obstacle_dist"":0.27405098718851867,""weight_obstacle"":51.31951733472189,""weight_optimaltime"":0.9686581850051881,""weight_viapoint"":1.0}","{""acc_lim_theta"":0.7875693705099862,""acc_lim_x"":0.7476541579980966,""inflation_dist"":0.5530711706458599,""max_vel_theta"":0.9245650792811305,""max_vel_x"":1.1094780951373566,""min_obstacle_dist"":0.27405098718851867,""weight_obstacle"":51.31951733472189,""weight_optimaltime"":0.9686581850051881,""weight_viapoint"":1.0}",true,max_vel_theta:ackermann_turning_radius,false,NORMAL,,false,,11.579853869649119,1.6808249637057386,-0.05,-0.0,-0.0029377900369037583,-0.018461387074287208,-0.0,-0.02957191694542868,10.0,0.0,0.0,1.0,0.0,0.0,0.0,30.000000000001137,50.00000000000071,true,
t11_reset_retry_acceptance,t11_reset_retry_acceptance-episode-000004,0,1,15.82,15.278,15.28,15.316,15.318,15.818,0,0.4499999999999993,true,,2.5477987318662922,2.128602098196713,0.004975161608496419,0.03290844331203112,30.0,0.0,25.78266162691372,1.16357265336345,0.07862821184284129,"[0.0,0.0,0.0,0.0,0.0]","[0.5577776432037354,-0.8435942530632019,-0.5996342301368713,0.25697898864746094,-0.5643956661224365]","[0.5577776432037354,-0.8435942530632019,-0.5996342301368713,0.25697898864746094,-0.5643956661224365]","{""acc_lim_theta"":0.8,""acc_lim_x"":0.8,""inflation_dist"":0.55,""max_vel_theta"":1.0,""max_vel_x"":1.2,""min_obstacle_dist"":0.25,""weight_obstacle"":50.0,""weight_optimaltime"":1.0,""weight_viapoint"":1.0}","{""acc_lim_theta"":0.8,""acc_lim_x"":0.7647753038032832,""inflation_dist"":0.5555515651102503,""max_vel_theta"":1.0,""max_vel_x"":1.2,""min_obstacle_dist"":0.25,""weight_obstacle"":53.04755198323877,""weight_optimaltime"":0.9156405746936798,""weight_viapoint"":1.0}","{""acc_lim_theta"":0.8,""acc_lim_x"":0.7647753038032832,""inflation_dist"":0.5555515651102503,""max_vel_theta"":1.0,""max_vel_x"":1.2,""min_obstacle_dist"":0.25,""weight_obstacle"":53.04755198323877,""weight_optimaltime"":0.9156405746936798,""weight_viapoint"":1.0}","{""acc_lim_theta"":0.8,""acc_lim_x"":0.7647753038032832,""inflation_dist"":0.5555515651102503,""max_vel_theta"":1.0,""max_vel_x"":1.2,""min_obstacle_dist"":0.25,""weight_obstacle"":53.04755198323877,""weight_optimaltime"":0.9156405746936798,""weight_viapoint"":1.0}","{""acc_lim_theta"":0.8,""acc_lim_x"":0.7647753038032832,""inflation_dist"":0.5555515651102503,""max_vel_theta"":1.0,""max_vel_x"":1.2,""min_obstacle_dist"":0.25,""weight_obstacle"":53.04755198323877,""weight_optimaltime"":0.9156405746936798,""weight_viapoint"":1.0}",false,,false,NORMAL,,false,,1.8424520325501577,2.095983168347897,-0.04499999999999993,-0.0,-3.424897930971474e-05,-0.17513756228143712,-0.0,-0.0333593245369923,0.0,0.0,0.0,0.0,0.0,0.0,0.0,36.000000000001364,38.000000000000256,true,
t11_reset_retry_acceptance,t11_reset_retry_acceptance-episode-000004,1,2,16.422,15.818,15.822,15.854,15.92,16.42,0,0.4499999999999993,true,,1.942428849056295,1.445703571408593,0.02986804869478503,0.03519273572383929,30.0,0.0,26.5820373242414,1.1285816671636977,-0.003322614953281752,"[0.5577776432037354,-0.8435942530632019,-0.5996342301368713,0.25697898864746094,-0.5643956661224365]","[-0.4030643701553345,0.3512716293334961,-0.40978139638900757,-0.3625754117965698,0.6401814222335815]","[0.15471327304840088,-0.4923226237297058,-1.0,-0.10559642314910889,0.07578575611114502]","{""acc_lim_theta"":0.8,""acc_lim_x"":0.7647753038032832,""inflation_dist"":0.5555515651102503,""max_vel_theta"":1.0,""max_vel_x"":1.2,""min_obstacle_dist"":0.25,""weight_obstacle"":53.04755198323877,""weight_optimaltime"":0.9156405746936798,""weight_viapoint"":1.0}","{""acc_lim_theta"":0.7856360554118574,""acc_lim_x"":0.7772603809529629,""inflation_dist"":0.5593454247478223,""max_vel_theta"":1.0,""max_vel_x"":1.1636788899235144,""min_obstacle_dist"":0.25,""weight_obstacle"":50.0,""weight_optimaltime"":0.9507677376270294,""weight_viapoint"":1.0}","{""acc_lim_theta"":0.7856360554118574,""acc_lim_x"":0.7772603809529629,""inflation_dist"":0.5593454247478223,""max_vel_theta"":0.9697324082695954,""max_vel_x"":1.1636788899235144,""min_obstacle_dist"":0.25,""weight_obstacle"":50.0,""weight_optimaltime"":0.9507677376270294,""weight_viapoint"":1.0}","{""acc_lim_theta"":0.7856360554118574,""acc_lim_x"":0.7772603809529629,""inflation_dist"":0.5593454247478223,""max_vel_theta"":0.9697324082695954,""max_vel_x"":1.1636788899235144,""min_obstacle_dist"":0.25,""weight_obstacle"":50.0,""weight_optimaltime"":0.9507677376270294,""weight_viapoint"":1.0}","{""acc_lim_theta"":0.7856360554118574,""acc_lim_x"":0.7772603809529629,""inflation_dist"":0.5593454247478223,""max_vel_theta"":0.9697324082695954,""max_vel_x"":1.1636788899235144,""min_obstacle_dist"":0.25,""weight_obstacle"":50.0,""weight_optimaltime"":0.9507677376270294,""weight_viapoint"":1.0}",true,max_vel_theta:ackermann_turning_radius,false,NORMAL,,false,,2.404199786589704,2.48362638823851,-0.04499999999999993,-0.0,-0.000181108598639655,-0.001221704473952229,-0.0,-0.03302378857621405,0.0,0.0,0.0,1.0,0.0,0.0,0.0,32.00000000000003,98.00000000000075,true,
t11_reset_retry_acceptance,t11_reset_retry_acceptance-episode-000004,2,3,17.022,16.42,16.422,16.458,16.52,17.02,0,0.45000000000000284,true,,1.2650974451317563,0.7992190199930499,0.050774580381670986,0.03443969775287063,30.0,0.0,30.583345853019633,0.9809260289628502,0.01967949438541294,"[0.15471327304840088,-0.4923226237297058,-1.0,-0.10559642314910889,0.07578575611114502]","[-0.7645384669303894,-0.9219773411750793,0.6609184741973877,0.8028427362442017,0.3535867929458618]","[-0.6098251938819885,-1.0,-0.3390815258026123,0.6972463130950928,0.42937254905700684]","{""acc_lim_theta"":0.7856360554118574,""acc_lim_x"":0.7772603809529629,""inflation_dist"":0.5593454247478223,""max_vel_theta"":0.9697324082695954,""max_vel_x"":1.1636788899235144,""min_obstacle_dist"":0.25,""weight_obstacle"":50.0,""weight_optimaltime"":0.9507677376270294,""weight_viapoint"":1.0}","{""acc_lim_theta"":0.8,""acc_lim_x"":0.7135728798779971,""inflation_dist"":0.5532264746317882,""max_vel_theta"":0.9697324082695954,""max_vel_x"":1.1102177203213843,""min_obstacle_dist"":0.25,""weight_obstacle"":50.0,""weight_optimaltime"":0.8585700035095214,""weight_viapoint"":1.0}","{""acc_lim_theta"":0.8,""acc_lim_x"":0.7135728798779971,""inflation_dist"":0.5532264746317882,""max_vel_theta"":0.9251814336011537,""max_vel_x"":1.1102177203213843,""min_obstacle_dist"":0.25,""weight_obstacle"":50.0,""weight_optimaltime"":0.8585700035095214,""weight_viapoint"":1.0}","{""acc_lim_theta"":0.8,""acc_lim_x"":0.7135728798779971,""inflation_dist"":0.5532264746317882,""max_vel_theta"":0.9251814336011537,""max_vel_x"":1.1102177203213843,""min_obstacle_dist"":0.25,""weight_obstacle"":50.0,""weight_optimaltime"":0.8585700035095214,""weight_viapoint"":1.0}","{""acc_lim_theta"":0.8,""acc_lim_x"":0.7135728798779971,""inflation_dist"":0.5532264746317882,""max_vel_theta"":0.9251814336011537,""max_vel_x"":1.1102177203213843,""min_obstacle_dist"":0.25,""weight_obstacle"":50.0,""weight_optimaltime"":0.8585700035095214,""weight_viapoint"":1.0}",true,max_vel_theta:ackermann_turning_radius,false,NORMAL,,false,,2.2201800950376978,2.329392125693532,-0.04500000000000029,-0.0,-0.0007813795822486021,-0.005909581505205749,-0.0,-0.057521069568379435,0.0,0.0,0.0,1.0,0.0,0.0,0.0,35.99999999999781,97.99999999999898,true,
t11_reset_retry_acceptance,t11_reset_retry_acceptance-episode-000004,3,4,18.62,17.02,17.024,17.06,17.118,17.618,0,0.4499999999999993,true,,0.6484638497629753,0.3044731588002437,0.0028683042828255086,0.0009427889118276044,30.0,0.0,600.0,0.0,0.0,"[-0.6098251938819885,-1.0,-0.3390815258026123,0.6972463130950928,0.42937254905700684]","[0.2535700798034668,0.7823464870452881,0.06147050857543945,-0.7706222534179688,-0.24874979257583618]","[-0.35625511407852173,-0.21765351295471191,-0.27761101722717285,-0.07337594032287598,0.18062275648117065]","{""acc_lim_theta"":0.8,""acc_lim_x"":0.7135728798779971,""inflation_dist"":0.5532264746317882,""max_vel_theta"":0.9251814336011537,""max_vel_x"":1.1102177203213843,""min_obstacle_dist"":0.25,""weight_obstacle"":50.0,""weight_optimaltime"":0.8585700035095214,""weight_viapoint"":1.0}","{""acc_lim_theta"":0.7781772703476233,""acc_lim_x"":0.7726683156384451,""inflation_dist"":0.5526573651420934,""max_vel_theta"":0.9251814336011537,""max_vel_x"":1.1472915375176809,""min_obstacle_dist"":0.2697222030771175,""weight_obstacle"":51.343167513852364,""weight_optimaltime"":0.9368046522140502,""weight_viapoint"":1.0}","{""acc_lim_theta"":0.7781772703476233,""acc_lim_x"":0.7726683156384451,""inflation_dist"":0.5526573651420934,""max_vel_theta"":0.9251814336011537,""max_vel_x"":1.1472915375176809,""min_obstacle_dist"":0.2697222030771175,""weight_obstacle"":51.343167513852364,""weight_optimaltime"":0.9368046522140502,""weight_viapoint"":1.0}","{""acc_lim_theta"":0.7781772703476233,""acc_lim_x"":0.7726683156384451,""inflation_dist"":0.5526573651420934,""max_vel_theta"":0.9251814336011537,""max_vel_x"":1.1472915375176809,""min_obstacle_dist"":0.2697222030771175,""weight_obstacle"":51.343167513852364,""weight_optimaltime"":0.9368046522140502,""weight_viapoint"":1.0}","{""acc_lim_theta"":0.7781772703476233,""acc_lim_x"":0.7726683156384451,""inflation_dist"":0.5526573651420934,""max_vel_theta"":0.9251814336011537,""max_vel_x"":1.1472915375176809,""min_obstacle_dist"":0.2697222030771175,""weight_obstacle"":51.343167513852364,""weight_optimaltime"":0.9368046522140502,""weight_viapoint"":1.0}",false,,false,NORMAL,,false,,11.605404649982095,1.7199534548136581,-0.04499999999999993,-0.0,-0.0003003486265354899,-0.016455196608306556,-0.0,-0.05279325959672111,10.0,0.0,0.0,0.0,0.0,0.0,0.0,35.99999999999781,93.99999999999764,true,
t11_reset_retry_acceptance,t11_reset_retry_acceptance-episode-000005,0,1,20.162,19.558,19.562,19.59,19.612,20.112,0,0.5,true,,2.4224628195414053,1.9007122443494884,0.009132061066449173,0.010665949886425712,30.0,0.0,25.525583523674037,1.1752914471936011,0.00638537226695254,"[0.0,0.0,0.0,0.0,0.0]","[-0.11856526136398315,0.7012701034545898,0.22198617458343506,-0.8697691559791565,0.3179445266723633]","[-0.11856526136398315,0.7012701034545898,0.22198617458343506,-0.8697691559791565,0.3179445266723633]","{""acc_lim_theta"":0.8,""acc_lim_x"":0.8,""inflation_dist"":0.55,""max_vel_theta"":1.0,""max_vel_x"":1.2,""min_obstacle_dist"":0.25,""weight_obstacle"":50.0,""weight_optimaltime"":1.0,""weight_viapoint"":1.0}","{""acc_lim_theta"":0.7717943953089891,""acc_lim_x"":0.8,""inflation_dist"":0.55,""max_vel_theta"":1.0,""max_vel_x"":1.1994889214707012,""min_obstacle_dist"":0.2721684022655465,""weight_obstacle"":50.0,""weight_optimaltime"":1.0,""weight_viapoint"":1.0}","{""acc_lim_theta"":0.7717943953089891,""acc_lim_x"":0.8,""inflation_dist"":0.55,""max_vel_theta"":0.9995741012255843,""max_vel_x"":1.1994889214707012,""min_obstacle_dist"":0.2721684022655465,""weight_obstacle"":50.0,""weight_optimaltime"":1.0,""weight_viapoint"":1.0}","{""acc_lim_theta"":0.7717943953089891,""acc_lim_x"":0.8,""inflation_dist"":0.55,""max_vel_theta"":0.9995741012255843,""max_vel_x"":1.1994889214707012,""min_obstacle_dist"":0.2721684022655465,""weight_obstacle"":50.0,""weight_optimaltime"":1.0,""weight_viapoint"":1.0}","{""acc_lim_theta"":0.7717943953089891,""acc_lim_x"":0.8,""inflation_dist"":0.55,""max_vel_theta"":0.9995741012255843,""max_vel_x"":1.1994889214707012,""min_obstacle_dist"":0.2721684022655465,""weight_obstacle"":50.0,""weight_optimaltime"":1.0,""weight_viapoint"":1.0}",true,max_vel_theta:ackermann_turning_radius,false,NORMAL,,false,,2.394578179407473,2.608752875959585,-0.05,-0.0,-2.3790014708625882e-05,-0.14806178494866581,-0.0,-0.01608912158873761,0.0,0.0,0.0,1.0,0.0,0.0,0.0,27.999999999998693,49.99999999999716,true,
t11_reset_retry_acceptance,t11_reset_retry_acceptance-episode-000005,1,2,20.71,20.158,20.164,20.198,20.208,20.708,0,0.4499999999999993,true,,1.7833124802297011,1.2483399962105546,0.001395222469024183,0.04637079073140227,30.0,0.0,25.76874909432369,1.1642008655596077,-0.0860504306759009,"[-0.11856526136398315,0.7012701034545898,0.22198617458343506,-0.8697691559791565,0.3179445266723633]","[0.6826639175415039,-0.8337111473083496,0.8358063697814941,-0.8720431923866272,0.38493990898132324]","[0.5640986561775208,-0.13244104385375977,1.0,-1.0,0.7028844356536865]","{""acc_lim_theta"":0.7717943953089891,""acc_lim_x"":0.8,""inflation_dist"":0.55,""max_vel_theta"":0.9995741012255843,""max_vel_x"":1.1994889214707012,""min_obstacle_dist"":0.2721684022655465,""weight_obstacle"":50.0,""weight_optimaltime"":1.0,""weight_viapoint"":1.0}","{""acc_lim_theta"":0.708635162728559,""acc_lim_x"":0.8,""inflation_dist"":0.55,""max_vel_theta"":0.9995741012255843,""max_vel_x"":1.2,""min_obstacle_dist"":0.2754011050198121,""weight_obstacle"":50.0,""weight_optimaltime"":0.9166288852691651,""weight_viapoint"":1.0}","{""acc_lim_theta"":0.708635162728559,""acc_lim_x"":0.8,""inflation_dist"":0.55,""max_vel_theta"":0.9995741012255843,""max_vel_x"":1.2,""min_obstacle_dist"":0.2754011050198121,""weight_obstacle"":50.0,""weight_optimaltime"":0.9166288852691651,""weight_viapoint"":1.0}","{""acc_lim_theta"":0.708635162728559,""acc_lim_x"":0.8,""inflation_dist"":0.55,""max_vel_theta"":0.9995741012255843,""max_vel_x"":1.2,""min_obstacle_dist"":0.2754011050198121,""weight_obstacle"":50.0,""weight_optimaltime"":0.9166288852691651,""weight_viapoint"":1.0}","{""acc_lim_theta"":0.708635162728559,""acc_lim_x"":0.8,""inflation_dist"":0.55,""max_vel_theta"":0.9995741012255843,""max_vel_x"":1.2,""min_obstacle_dist"":0.2754011050198121,""weight_obstacle"":50.0,""weight_optimaltime"":0.9166288852691651,""weight_viapoint"":1.0}",false,,false,NORMAL,,false,,2.595688170663821,2.6748624200957325,-0.04499999999999993,-0.0,-6.670946168650356e-05,-0.00026524802236112434,-0.0,-0.03384229194786387,0.0,0.0,0.0,0.0,0.0,0.0,0.0,33.99999999999892,43.99999999999693,true,
t11_reset_retry_acceptance,t11_reset_retry_acceptance-episode-000005,2,3,21.306,20.706,20.71,20.746,20.804,21.304,0,0.4499999999999993,true,,1.0854058758511524,0.615909512404057,0.017916101891075294,0.04981409071924565,30.0,0.0,33.41312230190693,0.8978508422209875,-0.0002446110554288428,"[0.5640986561775208,-0.13244104385375977,1.0,-1.0,0.7028844356536865]","[-0.2665055990219116,0.006837368011474609,-0.6490141153335571,-0.6539789438247681,-0.43231236934661865]","[0.29759305715560913,-0.12560367584228516,0.35098588466644287,-1.0,0.27057206630706787]","{""acc_lim_theta"":0.708635162728559,""acc_lim_x"":0.8,""inflation_dist"":0.55,""max_vel_theta"":0.9995741012255843,""max_vel_x"":1.2,""min_obstacle_dist"":0.2754011050198121,""weight_obstacle"":50.0,""weight_optimaltime"":0.9166288852691651,""weight_viapoint"":1.0}","{""acc_lim_theta"":0.7171594593119202,""acc_lim_x"":0.8,""inflation_dist"":0.5560087365558223,""max_vel_theta"":0.9995741012255843,""max_vel_x"":1.2,""min_obstacle_dist"":0.2580973319537879,""weight_obstacle"":52.33434538509572,""weight_optimaltime"":0.9173126220703125,""weight_viapoint"":1.0}","{""acc_lim_theta"":0.7171594593119202,""acc_lim_x"":0.8,""inflation_dist"":0.5560087365558223,""max_vel_theta"":0.9995741012255843,""max_vel_x"":1.2,""min_obstacle_dist"":0.2580973319537879,""weight_obstacle"":52.33434538509572,""weight_optimaltime"":0.9173126220703125,""weight_viapoint"":1.0}","{""acc_lim_theta"":0.7171594593119202,""acc_lim_x"":0.8,""inflation_dist"":0.5560087365558223,""max_vel_theta"":0.9995741012255843,""max_vel_x"":1.2,""min_obstacle_dist"":0.2580973319537879,""weight_obstacle"":52.33434538509572,""weight_optimaltime"":0.9173126220703125,""weight_viapoint"":1.0}","{""acc_lim_theta"":0.7171594593119202,""acc_lim_x"":0.8,""inflation_dist"":0.5560087365558223,""max_vel_theta"":0.9995741012255843,""max_vel_x"":1.2,""min_obstacle_dist"":0.2580973319537879,""weight_obstacle"":52.33434538509572,""weight_optimaltime"":0.9173126220703125,""weight_viapoint"":1.0}",false,,false,NORMAL,,false,,2.2703472568733467,2.347481817235477,-0.04499999999999993,-0.0,-8.063089770735457e-05,-0.016479126088660128,-0.0,-0.015574803375762954,0.0,0.0,0.0,0.0,0.0,0.0,0.0,35.99999999999781,93.99999999999764,true,
t11_reset_retry_acceptance,t11_reset_retry_acceptance-episode-000005,3,4,22.606,21.304,21.306,21.34,21.404,21.904,0,0.45000000000000284,true,,0.4782456489817018,0.1887731706341149,0.007741101315013612,0.004260069844955989,30.0,0.0,600.0,0.0,0.0,"[0.29759305715560913,-0.12560367584228516,0.35098588466644287,-1.0,0.27057206630706787]","[0.5958369970321655,0.6725115776062012,0.5825800895690918,-0.32665127515792847,-0.31885290145874023]","[0.8934300541877747,0.546907901763916,0.9335659742355347,-1.0,-0.04828083515167236]","{""acc_lim_theta"":0.7171594593119202,""acc_lim_x"":0.8,""inflation_dist"":0.5560087365558223,""max_vel_theta"":0.9995741012255843,""max_vel_x"":1.2,""min_obstacle_dist"":0.2580973319537879,""weight_obstacle"":52.33434538509572,""weight_optimaltime"":0.9173126220703125,""weight_viapoint"":1.0}","{""acc_lim_theta"":0.6951630088939758,""acc_lim_x"":0.8,""inflation_dist"":0.550615062985119,""max_vel_theta"":0.9995741012255843,""max_vel_x"":1.2,""min_obstacle_dist"":0.28930331000257004,""weight_obstacle"":54.05604675618885,""weight_optimaltime"":0.9845637798309326,""weight_viapoint"":1.0}","{""acc_lim_theta"":0.6951630088939758,""acc_lim_x"":0.8,""inflation_dist"":0.550615062985119,""max_vel_theta"":0.9995741012255843,""max_vel_x"":1.2,""min_obstacle_dist"":0.28930331000257004,""weight_obstacle"":54.05604675618885,""weight_optimaltime"":0.9845637798309326,""weight_viapoint"":1.0}","{""acc_lim_theta"":0.6951630088939758,""acc_lim_x"":0.8,""inflation_dist"":0.550615062985119,""max_vel_theta"":0.9995741012255843,""max_vel_x"":1.2,""min_obstacle_dist"":0.28930331000257004,""weight_obstacle"":54.05604675618885,""weight_optimaltime"":0.9845637798309326,""weight_viapoint"":1.0}","{""acc_lim_theta"":0.6951630088939758,""acc_lim_x"":0.8,""inflation_dist"":0.550615062985119,""max_vel_theta"":0.9995741012255843,""max_vel_x"":1.2,""min_obstacle_dist"":0.28930331000257004,""weight_obstacle"":54.05604675618885,""weight_optimaltime"":0.9845637798309326,""weight_viapoint"":1.0}",false,,false,NORMAL,,false,,11.34533987852051,1.4473623917379346,-0.04500000000000029,-0.0,-3.758671491220139e-05,-0.020568738792573107,-0.0,-0.03641618770993873,10.0,0.0,0.0,0.0,0.0,0.0,0.0,33.99999999999892,97.99999999999898,true,
t11_reset_retry_acceptance,t11_reset_retry_acceptance-episode-000007,0,1,24.998,24.458,24.462,24.494,24.496,24.996,0,0.4499999999999993,true,,2.7748105332371207,2.4185261887395106,0.11004889502218473,0.12155150498294554,30.0,0.0,25.753448733397626,1.1648925280090878,0.46482853441505934,"[0.0,0.0,0.0,0.0,0.0]","[0.10509443283081055,-0.18732166290283203,0.06433475017547607,-0.003771185874938965,0.02329707145690918]","[0.10509443283081055,-0.18732166290283203,0.06433475017547607,-0.003771185874938965,0.02329707145690918]","{""acc_lim_theta"":0.8,""acc_lim_x"":0.8,""inflation_dist"":0.55,""max_vel_theta"":1.0,""max_vel_x"":1.2,""min_obstacle_dist"":0.25,""weight_obstacle"":50.0,""weight_optimaltime"":1.0,""weight_viapoint"":1.0}","{""acc_lim_theta"":0.7948395267399541,""acc_lim_x"":0.7968129354687933,""inflation_dist"":0.55,""max_vel_theta"":1.0,""max_vel_x"":1.2,""min_obstacle_dist"":0.25,""weight_obstacle"":50.0,""weight_optimaltime"":0.9812678337097168,""weight_viapoint"":1.0}","{""acc_lim_theta"":0.7948395267399541,""acc_lim_x"":0.7968129354687933,""inflation_dist"":0.55,""max_vel_theta"":1.0,""max_vel_x"":1.2,""min_obstacle_dist"":0.25,""weight_obstacle"":50.0,""weight_optimaltime"":0.9812678337097168,""weight_viapoint"":1.0}","{""acc_lim_theta"":0.7948395267399541,""acc_lim_x"":0.7968129354687933,""inflation_dist"":0.55,""max_vel_theta"":1.0,""max_vel_x"":1.2,""min_obstacle_dist"":0.25,""weight_obstacle"":50.0,""weight_optimaltime"":0.9812678337097168,""weight_viapoint"":1.0}","{""acc_lim_theta"":0.7948395267399541,""acc_lim_x"":0.7968129354687933,""inflation_dist"":0.55,""max_vel_theta"":1.0,""max_vel_x"":1.2,""min_obstacle_dist"":0.25,""weight_obstacle"":50.0,""weight_optimaltime"":0.9812678337097168,""weight_viapoint"":1.0}",false,,false,NORMAL,,false,,1.535366228222628,1.7814217224880502,-0.04499999999999993,-0.0,-0.0007586908044886566,-0.19446348575506367,-0.0,-0.005833317705869823,0.0,0.0,0.0,0.0,0.0,0.0,2.5952579999284353,32.00000000000003,33.99999999999892,true,
t11_reset_retry_acceptance,t11_reset_retry_acceptance-episode-000007,1,2,25.6,24.998,25.002,25.036,25.098,25.598,0,0.4499999999999993,true,,2.236422255407723,1.7270942416275366,0.009550306785074443,0.34994167266977716,30.0,0.0,25.767350514665527,1.1642640551237682,0.23599615295860196,"[0.10509443283081055,-0.18732166290283203,0.06433475017547607,-0.003771185874938965,0.02329707145690918]","[0.1224212646484375,-0.12999022006988525,0.03627514839172363,0.01678001880645752,0.039577484130859375]","[0.22751569747924805,-0.3173118829727173,0.10060989856719971,0.013008832931518555,0.06287455558776855]","{""acc_lim_theta"":0.7948395267399541,""acc_lim_x"":0.7968129354687933,""inflation_dist"":0.55,""max_vel_theta"":1.0,""max_vel_x"":1.2,""min_obstacle_dist"":0.25,""weight_obstacle"":50.0,""weight_optimaltime"":0.9812678337097168,""weight_viapoint"":1.0}","{""acc_lim_theta"":0.7889560553380387,""acc_lim_x"":0.7945984438589568,""inflation_dist"":0.55,""max_vel_theta"":1.0,""max_vel_x"":1.1995981478085236,""min_obstacle_dist"":0.25,""weight_obstacle"":50.0,""weight_optimaltime"":0.9682688117027283,""weight_viapoint"":1.0}","{""acc_lim_theta"":0.7889560553380387,""acc_lim_x"":0.7945984438589568,""inflation_dist"":0.55,""max_vel_theta"":0.9996651231737697,""max_vel_x"":1.1995981478085236,""min_obstacle_dist"":0.25,""weight_obstacle"":50.0,""weight_optimaltime"":0.9682688117027283,""weight_viapoint"":1.0}","{""acc_lim_theta"":0.7889560553380387,""acc_lim_x"":0.7945984438589568,""inflation_dist"":0.55,""max_vel_theta"":0.9996651231737697,""max_vel_x"":1.1995981478085236,""min_obstacle_dist"":0.25,""weight_obstacle"":50.0,""weight_optimaltime"":0.9682688117027283,""weight_viapoint"":1.0}","{""acc_lim_theta"":0.7889560553380387,""acc_lim_x"":0.7945984438589568,""inflation_dist"":0.55,""max_vel_theta"":0.9996651231737697,""max_vel_x"":1.1995981478085236,""min_obstacle_dist"":0.25,""weight_obstacle"":50.0,""weight_optimaltime"":0.9682688117027283,""weight_viapoint"":1.0}",true,max_vel_theta:ackermann_turning_radius,false,NORMAL,,false,,2.4908047430027898,2.546640068900933,-0.04499999999999993,-0.0,-0.00607570914422129,-1.3708690944484313e-06,-0.0,-0.004758245884827793,0.0,0.0,0.0,1.0,0.0,0.0,0.8952460011641961,34.00000000000247,96.00000000000009,true,
t11_reset_retry_acceptance,t11_reset_retry_acceptance-episode-000007,2,3,26.248,25.598,25.604,25.64,25.698,26.198,0,0.5,true,,1.5408531517040223,0.9817677350333731,0.047395476758302704,0.37925624480112563,30.0,0.0,26.69885705818117,1.12364360521595,0.018533633027686125,"[0.22751569747924805,-0.3173118829727173,0.10060989856719971,0.013008832931518555,0.06287455558776855]","[0.19058430194854736,-0.056387901306152344,-0.03725391626358032,0.09199631214141846,0.01712667942047119]","[0.4180999994277954,-0.37369978427886963,0.06335598230361938,0.10500514507293701,0.08000123500823975]","{""acc_lim_theta"":0.7889560553380387,""acc_lim_x"":0.7945984438589568,""inflation_dist"":0.55,""max_vel_theta"":0.9996651231737697,""max_vel_x"":1.1995981478085236,""min_obstacle_dist"":0.25,""weight_obstacle"":50.0,""weight_optimaltime"":0.9682688117027283,""weight_viapoint"":1.0}","{""acc_lim_theta"":0.7829828951122995,""acc_lim_x"":0.7920686705080792,""inflation_dist"":0.5503449061633822,""max_vel_theta"":0.9996651231737697,""max_vel_x"":1.2,""min_obstacle_dist"":0.25,""weight_obstacle"":50.0,""weight_optimaltime"":0.9626300215721131,""weight_viapoint"":1.0}","{""acc_lim_theta"":0.7829828951122995,""acc_lim_x"":0.7920686705080792,""inflation_dist"":0.5503449061633822,""max_vel_theta"":0.9996651231737697,""max_vel_x"":1.2,""min_obstacle_dist"":0.25,""weight_obstacle"":50.0,""weight_optimaltime"":0.9626300215721131,""weight_viapoint"":1.0}","{""acc_lim_theta"":0.7829828951122995,""acc_lim_x"":0.7920686705080792,""inflation_dist"":0.5503449061633822,""max_vel_theta"":0.9996651231737697,""max_vel_x"":1.2,""min_obstacle_dist"":0.25,""weight_obstacle"":50.0,""weight_optimaltime"":0.9626300215721131,""weight_viapoint"":1.0}","{""acc_lim_theta"":0.7829828951122995,""acc_lim_x"":0.7920686705080792,""inflation_dist"":0.5503449061633822,""max_vel_theta"":0.9996651231737697,""max_vel_x"":1.2,""min_obstacle_dist"":0.25,""weight_obstacle"":50.0,""weight_optimaltime"":0.9626300215721131,""weight_viapoint"":1.0}",false,,false,NORMAL,,false,,2.7415349983933472,2.7954270833532457,-0.05,-0.0,-0.0004729294416278302,-1.4411463850583397e-07,-0.0,-0.003419011403632505,0.0,0.0,0.0,0.0,0.0,0.0,1.369318000797648,36.000000000001364,94.0000000000012,true,
t11_reset_retry_acceptance,t11_reset_retry_acceptance-episode-000007,3,4,27.996,26.238,26.25,26.292,26.294,26.794,0,0.4499999999999993,true,,0.8694033989934666,0.44137606830535525,0.0032691896986341614,0.0016109876726511096,30.0,0.0,600.0,0.0,0.0,"[0.4180999994277954,-0.37369978427886963,0.06335598230361938,0.10500514507293701,0.08000123500823975]","[0.07102620601654053,0.015373706817626953,-0.002782464027404785,0.08661055564880371,-0.07829105854034424]","[0.48912620544433594,-0.3583260774612427,0.0605735182762146,0.19161570072174072,0.0017101764678955078]","{""acc_lim_theta"":0.7829828951122995,""acc_lim_x"":0.7920686705080792,""inflation_dist"":0.5503449061633822,""max_vel_theta"":0.9996651231737697,""max_vel_x"":1.2,""min_obstacle_dist"":0.25,""weight_obstacle"":50.0,""weight_optimaltime"":0.9626300215721131,""weight_viapoint"":1.0}","{""acc_lim_theta"":0.7849415159481464,""acc_lim_x"":0.7904690231764586,""inflation_dist"":0.55037066691792,""max_vel_theta"":0.9996651231737697,""max_vel_x"":1.2,""min_obstacle_dist"":0.2502801947461758,""weight_obstacle"":50.42274610711261,""weight_optimaltime"":0.9641673922538758,""weight_viapoint"":1.0}","{""acc_lim_theta"":0.7849415159481464,""acc_lim_x"":0.7904690231764586,""inflation_dist"":0.55037066691792,""max_vel_theta"":0.9996651231737697,""max_vel_x"":1.2,""min_obstacle_dist"":0.2502801947461758,""weight_obstacle"":50.42274610711261,""weight_optimaltime"":0.9641673922538758,""weight_viapoint"":1.0}","{""acc_lim_theta"":0.7849415159481464,""acc_lim_x"":0.7904690231764586,""inflation_dist"":0.55037066691792,""max_vel_theta"":0.9996651231737697,""max_vel_x"":1.2,""min_obstacle_dist"":0.2502801947461758,""weight_obstacle"":50.42274610711261,""weight_optimaltime"":0.9641673922538758,""weight_viapoint"":1.0}","{""acc_lim_theta"":0.7849415159481464,""acc_lim_x"":0.7904690231764586,""inflation_dist"":0.55037066691792,""max_vel_theta"":0.9996651231737697,""max_vel_x"":1.2,""min_obstacle_dist"":0.2502801947461758,""weight_obstacle"":50.42274610711261,""weight_optimaltime"":0.9641673922538758,""weight_viapoint"":1.0}",false,,false,NORMAL,,false,,12.069143512778627,2.140136653440557,-0.04499999999999993,-0.0,-0.0006712457311668868,-0.02315992342426662,-0.0,-0.0021619715064972104,10.0,0.0,0.0,0.0,0.0,0.0,1.0527839986025356,42.00000000000159,44.00000000000048,true,
t11_reset_retry_acceptance,t11_reset_retry_acceptance-episode-000008,0,1,29.534,28.938,28.94,28.976,28.984,29.484,0,0.5,true,,5.037299407087292,4.905993504200094,0.06875069433424708,0.13717751021516109,1.4869126127256538,0.0,4.452043772039626,0.333984275281384,-0.20803512173503433,"[0.0,0.0,0.0,0.0,0.0]","[0.14892911911010742,-0.082203209400177,-0.19939970970153809,0.15925490856170654,0.0355604887008667]","[0.14892911911010742,-0.082203209400177,-0.19939970970153809,0.15925490856170654,0.0355604887008667]","{""acc_lim_theta"":0.8,""acc_lim_x"":0.8,""inflation_dist"":0.55,""max_vel_theta"":1.0,""max_vel_x"":1.2,""min_obstacle_dist"":0.25,""weight_obstacle"":50.0,""weight_optimaltime"":1.0,""weight_viapoint"":1.0}","{""acc_lim_theta"":0.7968369125684718,""acc_lim_x"":0.7912215261408646,""inflation_dist"":0.5518460928608436,""max_vel_theta"":1.0,""max_vel_x"":1.197021102613727,""min_obstacle_dist"":0.25,""weight_obstacle"":50.0,""weight_optimaltime"":0.9917796790599823,""weight_viapoint"":1.0}","{""acc_lim_theta"":0.7968369125684718,""acc_lim_x"":0.7912215261408646,""inflation_dist"":0.5518460928608436,""max_vel_theta"":0.9975175855114392,""max_vel_x"":1.197021102613727,""min_obstacle_dist"":0.25,""weight_obstacle"":50.0,""weight_optimaltime"":0.9917796790599823,""weight_viapoint"":1.0}","{""acc_lim_theta"":0.7968369125684718,""acc_lim_x"":0.7912215261408646,""inflation_dist"":0.5518460928608436,""max_vel_theta"":0.9975175855114392,""max_vel_x"":1.197021102613727,""min_obstacle_dist"":0.25,""weight_obstacle"":50.0,""weight_optimaltime"":0.9917796790599823,""weight_viapoint"":1.0}","{""acc_lim_theta"":0.7968369125684718,""acc_lim_x"":0.7912215261408646,""inflation_dist"":0.5518460928608436,""max_vel_theta"":0.9975175855114392,""max_vel_x"":1.197021102613727,""min_obstacle_dist"":0.25,""weight_obstacle"":50.0,""weight_optimaltime"":0.9917796790599823,""weight_viapoint"":1.0}",true,max_vel_theta:ackermann_turning_radius,false,NORMAL,,false,,0.5885189124684862,0.6565295144359906,-0.05,-0.0,-0.0018059128835915495,-0.010054813674720851,-0.0,-0.006149875409191954,0.0,0.0,0.0,1.0,0.0,0.0,1.634549000300467,35.99999999999781,44.00000000000048,true,
t11_reset_retry_acceptance,t11_reset_retry_acceptance-episode-000008,1,2,30.188,29.518,29.536,29.586,29.686,30.186,0,0.45000000000000284,true,,4.843475421652348,4.560355238828153,0.041568582788550135,0.3900191376166611,1.0380585427583244,1.0,1.1734540265507174,0.8846179903695263,-0.5150995915290605,"[0.14892911911010742,-0.082203209400177,-0.19939970970153809,0.15925490856170654,0.0355604887008667]","[0.1374739408493042,-0.1757669448852539,-0.048274874687194824,0.20803773403167725,0.08468282222747803]","[0.2864030599594116,-0.2579701542854309,-0.2476745843887329,0.3672926425933838,0.12024331092834473]","{""acc_lim_theta"":0.7968369125684718,""acc_lim_x"":0.7912215261408646,""inflation_dist"":0.5518460928608436,""max_vel_theta"":0.9975175855114392,""max_vel_x"":1.197021102613727,""min_obstacle_dist"":0.25,""weight_obstacle"":50.0,""weight_optimaltime"":0.9917796790599823,""weight_viapoint"":1.0}","{""acc_lim_theta"":0.7937491884743335,""acc_lim_x"":0.7794658068589415,""inflation_dist"":0.5522930338401035,""max_vel_theta"":0.9975175855114392,""max_vel_x"":1.1898416578683062,""min_obstacle_dist"":0.25,""weight_obstacle"":50.0,""weight_optimaltime"":0.9742029845714569,""weight_viapoint"":1.0}","{""acc_lim_theta"":0.7937491884743335,""acc_lim_x"":0.7794658068589415,""inflation_dist"":0.5522930338401035,""max_vel_theta"":0.9915347148902552,""max_vel_x"":1.1898416578683062,""min_obstacle_dist"":0.25,""weight_obstacle"":50.0,""weight_optimaltime"":0.9742029845714569,""weight_viapoint"":1.0}","{""acc_lim_theta"":0.7937491884743335,""acc_lim_x"":0.7794658068589415,""inflation_dist"":0.5522930338401035,""max_vel_theta"":0.9915347148902552,""max_vel_x"":1.1898416578683062,""min_obstacle_dist"":0.25,""weight_obstacle"":50.0,""weight_optimaltime"":0.9742029845714569,""weight_viapoint"":1.0}","{""acc_lim_theta"":0.7937491884743335,""acc_lim_x"":0.7794658068589415,""inflation_dist"":0.5522930338401035,""max_vel_theta"":0.9915347148902552,""max_vel_x"":1.1898416578683062,""min_obstacle_dist"":0.25,""weight_obstacle"":50.0,""weight_optimaltime"":0.9742029845714569,""weight_viapoint"":1.0}",true,max_vel_theta:ackermann_turning_radius,false,NORMAL,,false,,1.12789207319939,1.4156009141209758,-0.04500000000000029,-0.0,-0.0016197237107682641,-0.2313420717979775,-0.0,-0.009747045412839692,0.0,0.0,0.0,1.0,0.0,0.0,1.0331119992770255,49.99999999999716,149.99999999999858,true,
t11_reset_retry_acceptance,t11_reset_retry_acceptance-episode-000008,2,3,30.188,30.188,,,,30.188,0,0.0,true,,4.512464810538449,4.512464810538449,0.041568582788550135,0.3900191376166611,1.0380585427583244,1.0,1.1734540265507174,0.8846179903695263,-0.5150995915290605,"[0.2864030599594116,-0.2579701542854309,-0.2476745843887329,0.3672926425933838,0.12024331092834473]","[0.2733684778213501,-0.20127463340759277,-0.05620640516281128,0.1498568058013916,-0.09245312213897705]","[0.5597715377807617,-0.4592447876930237,-0.3038809895515442,0.5171494483947754,0.027790188789367676]","{""acc_lim_theta"":0.7937491884743335,""acc_lim_x"":0.7794658068589415,""inflation_dist"":0.5522930338401035,""max_vel_theta"":0.9915347148902552,""max_vel_x"":1.1898416578683062,""min_obstacle_dist"":0.25,""weight_obstacle"":50.0,""weight_optimaltime"":0.9742029845714569,""weight_viapoint"":1.0}","{""acc_lim_theta"":0.789564599054831,""acc_lim_x"":0.7712830004080315,""inflation_dist"":0.5528134069312182,""max_vel_theta"":0.9915347148902552,""max_vel_x"":1.1968451547824075,""min_obstacle_dist"":0.25,""weight_obstacle"":50.49921661813423,""weight_optimaltime"":0.9540755212306977,""weight_viapoint"":1.0}","{""acc_lim_theta"":0.789564599054831,""acc_lim_x"":0.7712830004080315,""inflation_dist"":0.5528134069312182,""max_vel_theta"":0.9915347148902552,""max_vel_x"":1.1968451547824075,""min_obstacle_dist"":0.25,""weight_obstacle"":50.49921661813423,""weight_optimaltime"":0.9540755212306977,""weight_viapoint"":1.0}","{""acc_lim_theta"":0.4,""acc_lim_x"":0.4,""inflation_dist"":0.9,""max_vel_theta"":0.5,""max_vel_x"":0.6,""min_obstacle_dist"":0.5,""weight_obstacle"":100.0,""weight_optimaltime"":0.5,""weight_viapoint"":2.0}","{""acc_lim_theta"":0.7937491884743335,""acc_lim_x"":0.7794658068589415,""inflation_dist"":0.5522930338401035,""max_vel_theta"":0.9915347148902552,""max_vel_x"":1.1898416578683062,""min_obstacle_dist"":0.25,""weight_obstacle"":50.0,""weight_optimaltime"":0.9742029845714569,""weight_viapoint"":1.0}",false,,true,NORMAL,margin:emergency|safety_mode:EMERGENCY,false,,0.0,0.0,0.0,0.0,0.0,0.0,0.0,0.0,0.0,0.0,0.0,0.0,0.0,0.0,0.9291319984185975,0.0,0.0,false,safety_emergency_stop
t11_reset_retry_acceptance,t11_reset_retry_acceptance-episode-000009,0,1,31.138,31.138,,,,31.138,0,0.0,true,,4.44468623341877,4.44468623341877,0.023416739012929857,0.019513164157799058,0.521804873411825,0.8318385650224215,1.3384876945019937,0.3902844874594446,0.32521940262998433,"[0.0,0.0,0.0,0.0,0.0]","[0.36655640602111816,-0.15468049049377441,-0.5223416090011597,0.5132263898849487,0.9261965751647949]","[0.36655640602111816,-0.15468049049377441,-0.5223416090011597,0.5132263898849487,0.9261965751647949]","{""acc_lim_theta"":0.8,""acc_lim_x"":0.8,""inflation_dist"":0.55,""max_vel_theta"":1.0,""max_vel_x"":1.2,""min_obstacle_dist"":0.25,""weight_obstacle"":50.0,""weight_optimaltime"":1.0,""weight_viapoint"":1.0}","{""acc_lim_theta"":0.7672217846847962,""acc_lim_x"":0.7749276659472105,""inflation_dist"":0.5548359705073891,""max_vel_theta"":1.0,""max_vel_x"":1.1411173153641627,""min_obstacle_dist"":0.25,""weight_obstacle"":50.0,""weight_optimaltime"":0.9845319509506225,""weight_viapoint"":1.0}","{""acc_lim_theta"":0.7672217846847962,""acc_lim_x"":0.7749276659472105,""inflation_dist"":0.5548359705073891,""max_vel_theta"":0.9509310961368023,""max_vel_x"":1.1411173153641627,""min_obstacle_dist"":0.25,""weight_obstacle"":50.0,""weight_optimaltime"":0.9845319509506225,""weight_viapoint"":1.0}","{""acc_lim_theta"":0.4,""acc_lim_x"":0.4,""inflation_dist"":0.9,""max_vel_theta"":0.5,""max_vel_x"":0.6,""min_obstacle_dist"":0.5,""weight_obstacle"":100.0,""weight_optimaltime"":0.5,""weight_viapoint"":2.0}","{""acc_lim_theta"":0.8,""acc_lim_x"":0.8,""inflation_dist"":0.55,""max_vel_theta"":1.0,""max_vel_x"":1.2,""min_obstacle_dist"":0.25,""weight_obstacle"":50.0,""weight_optimaltime"":1.0,""weight_viapoint"":1.0}",true,max_vel_theta:ackermann_turning_radius,true,NORMAL,margin:emergency|safety_mode:EMERGENCY,false,,0.0,0.0,0.0,0.0,0.0,0.0,0.0,0.0,0.0,0.0,0.0,0.0,0.0,0.0,2.0190640025248285,0.0,0.0,false,safety_emergency_stop
t11_reset_retry_acceptance,t11_reset_retry_acceptance-episode-000011,0,1,33.558,32.958,32.96,33.004,33.008,33.508,0,0.5,true,,2.7779667194168693,2.2999380293073304,0.08320543984977583,0.2640019522658787,30.0,0.0,25.763260426871597,1.164448889734057,0.2925541908087222,"[0.0,0.0,0.0,0.0,0.0]","[0.06421279907226562,-0.2253589630126953,0.027133703231811523,-0.02182859182357788,0.03632843494415283]","[0.06421279907226562,-0.2253589630126953,0.027133703231811523,-0.02182859182357788,0.03632843494415283]","{""acc_lim_theta"":0.8,""acc_lim_x"":0.8,""inflation_dist"":0.55,""max_vel_theta"":1.0,""max_vel_x"":1.2,""min_obstacle_dist"":0.25,""weight_obstacle"":50.0,""weight_optimaltime"":1.0,""weight_viapoint"":1.0}","{""acc_lim_theta"":0.7956039766442631,""acc_lim_x"":0.7950823112427113,""inflation_dist"":0.55,""max_vel_theta"":1.0,""max_vel_x"":1.1995951546873542,""min_obstacle_dist"":0.25,""weight_obstacle"":50.0,""weight_optimaltime"":0.9774641036987305,""weight_viapoint"":1.0}","{""acc_lim_theta"":0.7956039766442631,""acc_lim_x"":0.7950823112427113,""inflation_dist"":0.55,""max_vel_theta"":0.9996626289061286,""max_vel_x"":1.1995951546873542,""min_obstacle_dist"":0.25,""weight_obstacle"":50.0,""weight_optimaltime"":0.9774641036987305,""weight_viapoint"":1.0}","{""acc_lim_theta"":0.7956039766442631,""acc_lim_x"":0.7950823112427113,""inflation_dist"":0.55,""max_vel_theta"":0.9996626289061286,""max_vel_x"":1.1995951546873542,""min_obstacle_dist"":0.25,""weight_obstacle"":50.0,""weight_optimaltime"":0.9774641036987305,""weight_viapoint"":1.0}","{""acc_lim_theta"":0.7956039766442631,""acc_lim_x"":0.7950823112427113,""inflation_dist"":0.55,""max_vel_theta"":0.9996626289061286,""max_vel_x"":1.1995951546873542,""min_obstacle_dist"":0.25,""weight_obstacle"":50.0,""weight_optimaltime"":0.9774641036987305,""weight_viapoint"":1.0}",true,max_vel_theta:ackermann_turning_radius,false,NORMAL,,false,,2.1401109411517383,2.390143450547695,-0.05,-0.0,-0.0007953154609859699,-0.19226663820891193,-0.0,-0.006970555726058897,0.0,0.0,0.0,1.0,0.0,0.0,1.4886949975334574,43.99999999999693,48.00000000000182,true,
t11_reset_retry_acceptance,t11_reset_retry_acceptance-episode-000011,1,2,34.208,33.558,33.56,33.61,33.706,34.206,0,0.45000000000000284,true,,2.067640496963578,1.556158560153333,0.011958938996771005,0.3317487916951733,30.0,0.0,25.794801691194394,1.1630250295834272,-0.016193168263784714,"[0.06421279907226562,-0.2253589630126953,0.027133703231811523,-0.02182859182357788,0.03632843494415283]","[0.09708011150360107,-0.023543834686279297,-0.030167996883392334,0.049108147621154785,0.05134081840515137]","[0.1612929105758667,-0.2489027976989746,-0.0030342936515808105,0.027279555797576904,0.0876692533493042]","{""acc_lim_theta"":0.7956039766442631,""acc_lim_x"":0.7950823112427113,""inflation_dist"":0.55,""max_vel_theta"":0.9996626289061286,""max_vel_x"":1.1995951546873542,""min_obstacle_dist"":0.25,""weight_obstacle"":50.0,""weight_optimaltime"":0.9774641036987305,""weight_viapoint"":1.0}","{""acc_lim_theta"":0.7911906278673612,""acc_lim_x"":0.7937235044146693,""inflation_dist"":0.5502793029325657,""max_vel_theta"":0.9996626289061286,""max_vel_x"":1.1972861126899002,""min_obstacle_dist"":0.25,""weight_obstacle"":50.0,""weight_optimaltime"":0.9751097202301026,""weight_viapoint"":1.0}","{""acc_lim_theta"":0.7911906278673612,""acc_lim_x"":0.7937235044146693,""inflation_dist"":0.5502793029325657,""max_vel_theta"":0.9977384272415835,""max_vel_x"":1.1972861126899002,""min_obstacle_dist"":0.25,""weight_obstacle"":50.0,""weight_optimaltime"":0.9751097202301026,""weight_viapoint"":1.0}","{""acc_lim_theta"":0.7911906278673612,""acc_lim_x"":0.7937235044146693,""inflation_dist"":0.5502793029325657,""max_vel_theta"":0.9977384272415835,""max_vel_x"":1.1972861126899002,""min_obstacle_dist"":0.25,""weight_obstacle"":50.0,""weight_optimaltime"":0.9751097202301026,""weight_viapoint"":1.0}","{""acc_lim_theta"":0.7911906278673612,""acc_lim_x"":0.7937235044146693,""inflation_dist"":0.5502793029325657,""max_vel_theta"":0.9977384272415835,""max_vel_x"":1.1972861126899002,""min_obstacle_dist"":0.25,""weight_obstacle"":50.0,""weight_optimaltime"":0.9751097202301026,""weight_viapoint"":1.0}",true,max_vel_theta:ackermann_turning_radius,false,NORMAL,,false,,2.507877563534755,2.557409684051226,-0.04500000000000029,-0.0,-0.0017668013542023252,-1.922063612545694e-06,-0.0,-0.0027633970986554917,0.0,0.0,0.0,1.0,0.0,0.0,1.233349001267925,49.99999999999716,146.0000000000008,true,
t11_reset_retry_acceptance,t11_reset_retry_acceptance-episode-000011,2,3,34.856,34.206,34.21,34.254,34.306,34.806,0,0.5,true,,1.3701387740630424,0.7973916777253597,0.027119459165607755,0.3329543020078684,30.0,0.0,29.1710949297634,1.0284152882239215,0.007460254162884602,"[0.1612929105758667,-0.2489027976989746,-0.0030342936515808105,0.027279555797576904,0.0876692533493042]","[0.17380225658416748,-0.021377265453338623,-0.1538757085800171,0.07243502140045166,0.05847346782684326]","[0.3350951671600342,-0.27028006315231323,-0.1569100022315979,0.09971457719802856,0.14614272117614746]","{""acc_lim_theta"":0.7911906278673612,""acc_lim_x"":0.7937235044146693,""inflation_dist"":0.5502793029325657,""max_vel_theta"":0.9977384272415835,""max_vel_x"":1.1972861126899002,""min_obstacle_dist"":0.25,""weight_obstacle"":50.0,""weight_optimaltime"":0.9751097202301026,""weight_viapoint"":1.0}","{""acc_lim_theta"":0.7840120321731282,""acc_lim_x"":0.7911889575858666,""inflation_dist"":0.5517039230962159,""max_vel_theta"":0.9977384272415835,""max_vel_x"":1.195454880287378,""min_obstacle_dist"":0.25,""weight_obstacle"":50.0,""weight_optimaltime"":0.9729719936847687,""weight_viapoint"":1.0}","{""acc_lim_theta"":0.7840120321731282,""acc_lim_x"":0.7911889575858666,""inflation_dist"":0.5517039230962159,""max_vel_theta"":0.9962124002394817,""max_vel_x"":1.195454880287378,""min_obstacle_dist"":0.25,""weight_obstacle"":50.0,""weight_optimaltime"":0.9729719936847687,""weight_viapoint"":1.0}","{""acc_lim_theta"":0.7840120321731282,""acc_lim_x"":0.7911889575858666,""inflation_dist"":0.5517039230962159,""max_vel_theta"":0.9962124002394817,""max_vel_x"":1.195454880287378,""min_obstacle_dist"":0.25,""weight_obstacle"":50.0,""weight_optimaltime"":0.9729719936847687,""weight_viapoint"":1.0}","{""acc_lim_theta"":0.7840120321731282,""acc_lim_x"":0.7911889575858666,""inflation_dist"":0.5517039230962159,""max_vel_theta"":0.9962124002394817,""max_vel_x"":1.195454880287378,""min_obstacle_dist"":0.25,""weight_obstacle"":50.0,""weight_optimaltime"":0.9729719936847687,""weight_viapoint"":1.0}",true,max_vel_theta:ackermann_turning_radius,false,NORMAL,,false,,2.8079090961094857,2.8637354816884137,-0.05,-0.0,-0.0001499008474741062,-0.0018032086583164514,-0.0,-0.0038732760731379073,0.0,0.0,0.0,1.0,0.0,0.0,1.3417540030786768,43.99999999999693,95.99999999999653,true,
t11_reset_retry_acceptance,t11_reset_retry_acceptance-episode-000011,3,4,36.316,34.854,34.858,34.888,34.906,35.406,0,0.5,true,,0.6945503434407175,0.29376485890030274,0.00863200989379231,0.005393934693539771,30.0,0.0,600.0,0.0,0.0,"[0.3350951671600342,-0.27028006315231323,-0.1569100022315979,0.09971457719802856,0.14614272117614746]","[0.030003786087036133,0.05817413330078125,-0.029940545558929443,0.022276639938354492,-0.1165844202041626]","[0.3650989532470703,-0.21210592985153198,-0.18685054779052734,0.12199121713638306,0.029558300971984863]","{""acc_lim_theta"":0.7840120321731282,""acc_lim_x"":0.7911889575858666,""inflation_dist"":0.5517039230962159,""max_vel_theta"":0.9962124002394817,""max_vel_x"":1.195454880287378,""min_obstacle_dist"":0.25,""weight_obstacle"":50.0,""weight_optimaltime"":0.9729719936847687,""weight_viapoint"":1.0}","{""acc_lim_theta"":0.7872705785800117,""acc_lim_x"":0.7923132352129257,""inflation_dist"":0.5519811202269882,""max_vel_theta"":0.9962124002394817,""max_vel_x"":1.2,""min_obstacle_dist"":0.2505379869661634,""weight_obstacle"":50.62951773433863,""weight_optimaltime"":0.9787894070148468,""weight_viapoint"":1.0}","{""acc_lim_theta"":0.7872705785800117,""acc_lim_x"":0.7923132352129257,""inflation_dist"":0.5519811202269882,""max_vel_theta"":0.9962124002394817,""max_vel_x"":1.2,""min_obstacle_dist"":0.2505379869661634,""weight_obstacle"":50.62951773433863,""weight_optimaltime"":0.9787894070148468,""weight_viapoint"":1.0}","{""acc_lim_theta"":0.7872705785800117,""acc_lim_x"":0.7923132352129257,""inflation_dist"":0.5519811202269882,""max_vel_theta"":0.9962124002394817,""max_vel_x"":1.2,""min_obstacle_dist"":0.2505379869661634,""weight_obstacle"":50.62951773433863,""weight_optimaltime"":0.9787894070148468,""weight_viapoint"":1.0}","{""acc_lim_theta"":0.7872705785800117,""acc_lim_x"":0.7923132352129257,""inflation_dist"":0.5519811202269882,""max_vel_theta"":0.9962124002394817,""max_vel_x"":1.2,""min_obstacle_dist"":0.2505379869661634,""weight_obstacle"":50.62951773433863,""weight_optimaltime"":0.9787894070148468,""weight_viapoint"":1.0}",false,,false,NORMAL,,false,,11.92159852464809,2.003927422702074,-0.05,-0.0,-0.0009016072294983209,-0.026857152762516562,-0.0,-0.004570138061968251,10.0,0.0,0.0,0.0,0.0,0.0,1.695593000476947,30.000000000001137,48.00000000000182,true,
t11_reset_retry_acceptance,t11_reset_retry_acceptance-episode-000012,0,1,37.986,37.298,37.3,37.332,37.436,37.936,0,0.5,true,,5.006370743532299,4.900964160043452,0.06867492117852204,0.1349414585579386,1.4725021082767566,0.0,11.934294649874518,0.1233840919364463,-0.08148840456570756,"[0.0,0.0,0.0,0.0,0.0]","[0.1471412181854248,-0.06384873390197754,-0.21898996829986572,0.14821350574493408,0.04764091968536377]","[0.1471412181854248,-0.06384873390197754,-0.21898996829986572,0.14821350574493408,0.04764091968536377]","{""acc_lim_theta"":0.8,""acc_lim_x"":0.8,""inflation_dist"":0.55,""max_vel_theta"":1.0,""max_vel_x"":1.2,""min_obstacle_dist"":0.25,""weight_obstacle"":50.0,""weight_optimaltime"":1.0,""weight_viapoint"":1.0}","{""acc_lim_theta"":0.7962207261594361,""acc_lim_x"":0.7919281538504892,""inflation_dist"":0.5520274644214872,""max_vel_theta"":1.0,""max_vel_x"":1.1965418602969047,""min_obstacle_dist"":0.25,""weight_obstacle"":50.0,""weight_optimaltime"":0.9936151266098022,""weight_viapoint"":1.0}","{""acc_lim_theta"":0.7962207261594361,""acc_lim_x"":0.7919281538504892,""inflation_dist"":0.5520274644214872,""max_vel_theta"":0.9971182169140873,""max_vel_x"":1.1965418602969047,""min_obstacle_dist"":0.25,""weight_obstacle"":50.0,""weight_optimaltime"":0.9936151266098022,""weight_viapoint"":1.0}","{""acc_lim_theta"":0.7962207261594361,""acc_lim_x"":0.7919281538504892,""inflation_dist"":0.5520274644214872,""max_vel_theta"":0.9971182169140873,""max_vel_x"":1.1965418602969047,""min_obstacle_dist"":0.25,""weight_obstacle"":50.0,""weight_optimaltime"":0.9936151266098022,""weight_viapoint"":1.0}","{""acc_lim_theta"":0.7962207261594361,""acc_lim_x"":0.7919281538504892,""inflation_dist"":0.5520274644214872,""max_vel_theta"":0.9971182169140873,""max_vel_x"":1.1965418602969047,""min_obstacle_dist"":0.25,""weight_obstacle"":50.0,""weight_optimaltime"":0.9936151266098022,""weight_viapoint"":1.0}",true,max_vel_theta:ackermann_turning_radius,false,NORMAL,,false,,0.4622267310829657,0.5270329174442345,-0.05,-0.0,-0.0018919593056857214,-0.006942483596663471,-0.0,-0.005971743458919676,0.0,0.0,0.0,1.0,0.0,0.0,1.358559002255788,32.00000000000358,136.00000000000279,true,
t11_reset_retry_acceptance,t11_reset_retry_acceptance-episode-000012,1,2,38.532,37.982,37.988,38.026,38.03,38.53,0,0.45000000000000284,true,,4.88883515143144,4.851560905736937,0.04128445119477392,0.16224781091338078,1.4273045200642551,0.4909090909090909,24.77764397841509,0.05760452936153428,-0.032391615226523666,"[0.1471412181854248,-0.06384873390197754,-0.21898996829986572,0.14821350574493408,0.04764091968536377]","[0.1413801908493042,-0.16589438915252686,-0.056502699851989746,0.2158600091934204,0.07026374340057373]","[0.288521409034729,-0.2297431230545044,-0.27549266815185547,0.3640735149383545,0.1179046630859375]","{""acc_lim_theta"":0.7962207261594361,""acc_lim_x"":0.7919281538504892,""inflation_dist"":0.5520274644214872,""max_vel_theta"":0.9971182169140873,""max_vel_x"":1.1965418602969047,""min_obstacle_dist"":0.25,""weight_obstacle"":50.0,""weight_optimaltime"":0.9936151266098022,""weight_viapoint"":1.0}","{""acc_lim_theta"":0.7936584320477541,""acc_lim_x"":0.7801486218416458,""inflation_dist"":0.5525505806836486,""max_vel_theta"":0.9971182169140873,""max_vel_x"":1.1900918357589567,""min_obstacle_dist"":0.25,""weight_obstacle"":50.0,""weight_optimaltime"":0.9770256876945496,""weight_viapoint"":1.0}","{""acc_lim_theta"":0.7936584320477541,""acc_lim_x"":0.7801486218416458,""inflation_dist"":0.5525505806836486,""max_vel_theta"":0.9917431964657973,""max_vel_x"":1.1900918357589567,""min_obstacle_dist"":0.25,""weight_obstacle"":50.0,""weight_optimaltime"":0.9770256876945496,""weight_viapoint"":1.0}","{""acc_lim_theta"":0.7936584320477541,""acc_lim_x"":0.7801486218416458,""inflation_dist"":0.5525505806836486,""max_vel_theta"":0.9917431964657973,""max_vel_x"":1.1900918357589567,""min_obstacle_dist"":0.25,""weight_obstacle"":50.0,""weight_optimaltime"":0.9770256876945496,""weight_viapoint"":1.0}","{""acc_lim_theta"":0.7936584320477541,""acc_lim_x"":0.7801486218416458,""inflation_dist"":0.5525505806836486,""max_vel_theta"":0.9917431964657973,""max_vel_x"":1.1900918357589567,""min_obstacle_dist"":0.25,""weight_obstacle"":50.0,""weight_optimaltime"":0.9770256876945496,""weight_viapoint"":1.0}",true,max_vel_theta:ackermann_turning_radius,false,NORMAL,,false,,0.12978488335524327,0.18637122847251497,-0.04500000000000029,-0.0,-0.0015352123317951957,-0.0008483185037893907,-0.0,-0.009202814281686834,0.0,0.0,0.0,1.0,0.0,0.0,0.9908689971780404,38.00000000000381,42.00000000000159,true,
t11_reset_retry_acceptance,t11_reset_retry_acceptance-episode-000012,2,3,39.138,38.526,38.534,38.564,38.636,39.136,0,0.45000000000000284,true,,4.843809144021829,4.83145151887592,0.041274144658402005,0.17336187690501634,1.4030590429701846,0.5818181818181818,28.10633972247132,0.01711898606619612,-0.010933393553650044,"[0.288521409034729,-0.2297431230545044,-0.27549266815185547,0.3640735149383545,0.1179046630859375]","[0.18758821487426758,-0.1545926332473755,0.0052977800369262695,0.15807855129241943,0.011269569396972656]","[0.4761096239089966,-0.3843357563018799,-0.2701948881149292,0.5221520662307739,0.12917423248291016]","{""acc_lim_theta"":0.7936584320477541,""acc_lim_x"":0.7801486218416458,""inflation_dist"":0.5525505806836486,""max_vel_theta"":0.9917431964657973,""max_vel_x"":1.1900918357589567,""min_obstacle_dist"":0.25,""weight_obstacle"":50.0,""weight_optimaltime"":0.9770256876945496,""weight_viapoint"":1.0}","{""acc_lim_theta"":0.7897040014823643,""acc_lim_x"":0.7725212756914999,""inflation_dist"":0.5525015324983773,""max_vel_theta"":0.9917431964657973,""max_vel_x"":1.1892741820700556,""min_obstacle_dist"":0.25,""weight_obstacle"":50.0,""weight_optimaltime"":0.961566424369812,""weight_viapoint"":1.0}","{""acc_lim_theta"":0.7897040014823643,""acc_lim_x"":0.7725212756914999,""inflation_dist"":0.5525015324983773,""max_vel_theta"":0.991061818391713,""max_vel_x"":1.1892741820700556,""min_obstacle_dist"":0.25,""weight_obstacle"":50.0,""weight_optimaltime"":0.961566424369812,""weight_viapoint"":1.0}","{""acc_lim_theta"":0.7897040014823643,""acc_lim_x"":0.7725212756914999,""inflation_dist"":0.5525015324983773,""max_vel_theta"":0.991061818391713,""max_vel_x"":1.1892741820700556,""min_obstacle_dist"":0.25,""weight_obstacle"":50.0,""weight_optimaltime"":0.961566424369812,""weight_viapoint"":1.0}","{""acc_lim_theta"":0.7897040014823643,""acc_lim_x"":0.7725212756914999,""inflation_dist"":0.5525015324983773,""max_vel_theta"":0.991061818391713,""max_vel_x"":1.1892741820700556,""min_obstacle_dist"":0.25,""weight_obstacle"":50.0,""weight_optimaltime"":0.961566424369812,""weight_viapoint"":1.0}",true,max_vel_theta:ackermann_turning_radius,false,NORMAL,,false,,0.009576798850918847,0.06178812572954495,-0.04500000000000029,-0.0,-0.0007985319492588469,-0.00013893308868144524,-0.0,-0.006273861840685524,0.0,0.0,0.0,1.0,0.0,0.0,1.048267000442138,30.000000000001137,102.00000000000387,true,
t11_reset_retry_acceptance,t11_reset_retry_acceptance-episode-000012,3,4,39.738,39.138,39.142,39.178,39.236,39.736,0,0.45000000000000284,true,,4.828842663214059,4.8183588213898965,0.03520960538283465,0.1809590962100907,1.3799048877116595,0.6071428571428571,27.59809775423319,0.02849000179561314,-0.011649181817814817,"[0.4761096239089966,-0.3843357563018799,-0.2701948881149292,0.5221520662307739,0.12917423248291016]","[0.25443029403686523,-0.2086079716682434,-0.08475571870803833,0.17633402347564697,0.21220600605010986]","[0.7305399179458618,-0.5929437279701233,-0.35495060682296753,0.6984860897064209,0.34138023853302]","{""acc_lim_theta"":0.7897040014823643,""acc_lim_x"":0.7725212756914999,""inflation_dist"":0.5525015324983773,""max_vel_theta"":0.991061818391713,""max_vel_x"":1.1892741820700556,""min_obstacle_dist"":0.25,""weight_obstacle"":50.0,""weight_optimaltime"":0.961566424369812,""weight_viapoint"":1.0}","{""acc_lim_theta"":0.7767599994117794,""acc_lim_x"":0.7624018537074071,""inflation_dist"":0.5532862223429953,""max_vel_theta"":0.991061818391713,""max_vel_x"":1.177604974219182,""min_obstacle_dist"":0.25,""weight_obstacle"":50.0,""weight_optimaltime"":0.9407056272029877,""weight_viapoint"":1.0}","{""acc_lim_theta"":0.7767599994117794,""acc_lim_x"":0.7624018537074071,""inflation_dist"":0.5532862223429953,""max_vel_theta"":0.9813374785159851,""max_vel_x"":1.177604974219182,""min_obstacle_dist"":0.25,""weight_obstacle"":50.0,""weight_optimaltime"":0.9407056272029877,""weight_viapoint"":1.0}","{""acc_lim_theta"":0.7767599994117794,""acc_lim_x"":0.7624018537074071,""inflation_dist"":0.5532862223429953,""max_vel_theta"":0.9813374785159851,""max_vel_x"":1.177604974219182,""min_obstacle_dist"":0.25,""weight_obstacle"":50.0,""weight_optimaltime"":0.9407056272029877,""weight_viapoint"":1.0}","{""acc_lim_theta"":0.7767599994117794,""acc_lim_x"":0.7624018537074071,""inflation_dist"":0.5532862223429953,""max_vel_theta"":0.9813374785159851,""max_vel_x"":1.177604974219182,""min_obstacle_dist"":0.25,""weight_obstacle"":50.0,""weight_optimaltime"":0.9407056272029877,""weight_viapoint"":1.0}",true,max_vel_theta:ackermann_turning_radius,false,NORMAL,,false,,-0.007314487229316243,0.05241920912081088,-0.04500000000000029,-0.0,-0.0005269901175320691,-0.00015475773680702145,-0.0,-0.014051948495787746,0.0,0.0,0.0,1.0,0.0,0.0,0.9506099995633122,35.99999999999426,93.99999999999409,true,
t11_reset_retry_acceptance,t11_reset_retry_acceptance-episode-000012,4,5,40.34,39.738,39.742,39.77,39.838,40.338,0,0.44999999999999574,true,,4.813810304717673,4.740585337404791,0.015189920541850888,0.22576138622354477,1.3072032375233578,0.8448275862068966,9.108246218231685,0.14351865399804092,-0.07407352068485147,"[0.7305399179458618,-0.5929437279701233,-0.35495060682296753,0.6984860897064209,0.34138023853302]","[0.2763158082962036,-0.3324460983276367,0.1087425947189331,0.20747017860412598,0.2025371789932251]","[1.0,-0.92538982629776,-0.24620801210403442,0.9059562683105469,0.5439174175262451]","{""acc_lim_theta"":0.7767599994117794,""acc_lim_x"":0.7624018537074071,""inflation_dist"":0.5532862223429953,""max_vel_theta"":0.9813374785159851,""max_vel_x"":1.177604974219182,""min_obstacle_dist"":0.25,""weight_obstacle"":50.0,""weight_optimaltime"":0.9407056272029877,""weight_viapoint"":1.0}","{""acc_lim_theta"":0.7640494264195105,""acc_lim_x"":0.7501399231614125,""inflation_dist"":0.5522794559435822,""max_vel_theta"":0.9813374785159851,""max_vel_x"":1.166184137558849,""min_obstacle_dist"":0.25,""weight_obstacle"":50.0,""weight_optimaltime"":0.907461017370224,""weight_viapoint"":1.0}","{""acc_lim_theta"":0.7640494264195105,""acc_lim_x"":0.7501399231614125,""inflation_dist"":0.5522794559435822,""max_vel_theta"":0.9718201146323743,""max_vel_x"":1.166184137558849,""min_obstacle_dist"":0.25,""weight_obstacle"":50.0,""weight_optimaltime"":0.907461017370224,""weight_viapoint"":1.0}","{""acc_lim_theta"":0.7640494264195105,""acc_lim_x"":0.7501399231614125,""inflation_dist"":0.5522794559435822,""max_vel_theta"":0.9718201146323743,""max_vel_x"":1.166184137558849,""min_obstacle_dist"":0.25,""weight_obstacle"":50.0,""weight_optimaltime"":0.907461017370224,""weight_viapoint"":1.0}","{""acc_lim_theta"":0.7640494264195105,""acc_lim_x"":0.7501399231614125,""inflation_dist"":0.5522794559435822,""max_vel_theta"":0.9718201146323743,""max_vel_x"":1.166184137558849,""min_obstacle_dist"":0.25,""weight_obstacle"":50.0,""weight_optimaltime"":0.907461017370224,""weight_viapoint"":1.0}",true,max_vel_theta:ackermann_turning_radius,false,NORMAL,,false,,0.28068230398758776,0.36612483656440986,-0.044999999999999575,-0.0,-0.00047367005129404565,-0.022982221578276087,-0.0,-0.016986640947252402,0.0,0.0,0.0,1.0,0.0,0.0,0.7913589979580138,28.000000000005798,96.00000000000364,true,
t11_reset_retry_acceptance,t11_reset_retry_acceptance-episode-000012,5,6,40.938,40.338,40.342,40.376,40.434,40.934,0,0.45000000000000284,true,,4.719991135801281,4.681309875121655,0.01083547511523855,0.2523316008995063,1.233734962541904,0.95,24.67469925083808,0.022536405407680513,-0.01353051824197638,"[1.0,-0.92538982629776,-0.24620801210403442,0.9059562683105469,0.5439174175262451]","[0.3038289546966553,-0.5360913872718811,0.1895461082458496,0.16627728939056396,0.15346121788024902]","[1.0,-1.0,-0.056661903858184814,1.0,0.6973786354064941]","{""acc_lim_theta"":0.7640494264195105,""acc_lim_x"":0.7501399231614125,""inflation_dist"":0.5522794559435822,""max_vel_theta"":0.9718201146323743,""max_vel_x"":1.166184137558849,""min_obstacle_dist"":0.25,""weight_obstacle"":50.0,""weight_optimaltime"":0.907461017370224,""weight_viapoint"":1.0}","{""acc_lim_theta"":0.7508028779388018,""acc_lim_x"":0.7344833894768898,""inflation_dist"":0.5505245902130498,""max_vel_theta"":0.9718201146323743,""max_vel_x"":1.1590850897484648,""min_obstacle_dist"":0.25,""weight_obstacle"":50.0,""weight_optimaltime"":0.8538518786430359,""weight_viapoint"":1.0}","{""acc_lim_theta"":0.7508028779388018,""acc_lim_x"":0.7344833894768898,""inflation_dist"":0.5505245902130498,""max_vel_theta"":0.965904241457054,""max_vel_x"":1.1590850897484648,""min_obstacle_dist"":0.25,""weight_obstacle"":50.0,""weight_optimaltime"":0.8538518786430359,""weight_viapoint"":1.0}","{""acc_lim_theta"":0.7508028779388018,""acc_lim_x"":0.7344833894768898,""inflation_dist"":0.5505245902130498,""max_vel_theta"":0.965904241457054,""max_vel_x"":1.1590850897484648,""min_obstacle_dist"":0.25,""weight_obstacle"":50.0,""weight_optimaltime"":0.8538518786430359,""weight_viapoint"":1.0}","{""acc_lim_theta"":0.7508028779388018,""acc_lim_x"":0.7344833894768898,""inflation_dist"":0.5505245902130498,""max_vel_theta"":0.965904241457054,""max_vel_x"":1.1590850897484648,""min_obstacle_dist"":0.25,""weight_obstacle"":50.0,""weight_optimaltime"":0.8538518786430359,""weight_viapoint"":1.0}",true,max_vel_theta:ackermann_turning_radius,false,NORMAL,,false,,0.12365479648820434,0.19340630339812925,-0.04500000000000029,-0.0,-8.795768412766662e-05,-0.0038482114601998694,-0.0,-0.02081533776559709,0.0,0.0,0.0,1.0,0.0,0.0,0.8979820013337303,33.99999999999892,91.99999999999875,true,
t11_reset_retry_acceptance,t11_reset_retry_acceptance-episode-000012,6,7,41.582,40.938,40.94,40.966,41.032,41.532,0,0.5,true,,4.677960454440392,4.458770873518312,0.028060910524056758,0.45959872430379495,0.9396402957285611,1.0,1.16441969251752,0.8069601551456269,-0.2726199317746637,"[1.0,-1.0,-0.056661903858184814,1.0,0.6973786354064941]","[0.3013308048248291,-0.6007715463638306,0.12003624439239502,0.14303815364837646,0.31977760791778564]","[1.0,-1.0,0.0633743405342102,1.0,1.0]","{""acc_lim_theta"":0.7508028779388018,""acc_lim_x"":0.7344833894768898,""inflation_dist"":0.5505245902130498,""max_vel_theta"":0.965904241457054,""max_vel_x"":1.1590850897484648,""min_obstacle_dist"":0.25,""weight_obstacle"":50.0,""weight_optimaltime"":0.8538518786430359,""weight_viapoint"":1.0}","{""acc_lim_theta"":0.7314851364671879,""acc_lim_x"":0.7166559067326603,""inflation_dist"":0.55,""max_vel_theta"":0.965904241457054,""max_vel_x"":1.1428135082536306,""min_obstacle_dist"":0.25,""weight_obstacle"":50.0,""weight_optimaltime"":0.7937747240066528,""weight_viapoint"":1.0}","{""acc_lim_theta"":0.7314851364671879,""acc_lim_x"":0.7166559067326603,""inflation_dist"":0.55,""max_vel_theta"":0.9523445902113589,""max_vel_x"":1.1428135082536306,""min_obstacle_dist"":0.25,""weight_obstacle"":50.0,""weight_optimaltime"":0.7937747240066528,""weight_viapoint"":1.0}","{""acc_lim_theta"":0.7314851364671879,""acc_lim_x"":0.7166559067326603,""inflation_dist"":0.55,""max_vel_theta"":0.9523445902113589,""max_vel_x"":1.1428135082536306,""min_obstacle_dist"":0.25,""weight_obstacle"":50.0,""weight_optimaltime"":0.7937747240066528,""weight_viapoint"":1.0}","{""acc_lim_theta"":0.7314851364671879,""acc_lim_x"":0.7166559067326603,""inflation_dist"":0.55,""max_vel_theta"":0.9523445902113589,""max_vel_x"":1.1428135082536306,""min_obstacle_dist"":0.25,""weight_obstacle"":50.0,""weight_optimaltime"":0.7937747240066528,""weight_viapoint"":1.0}",true,max_vel_theta:ackermann_turning_radius,false,NORMAL,,false,,0.9019960597252653,1.095947904610397,-0.05,-0.0,-0.00029856974740216527,-0.11677779474019992,-0.0,-0.026875480397529752,0.0,0.0,0.0,1.0,0.0,0.0,0.8072969976637978,26.000000000003354,91.99999999999875,true,
t11_reset_retry_acceptance,t11_reset_retry_acceptance-episode-000012,7,8,41.582,41.582,,,,41.582,0,0.0,true,,4.417136518700502,4.417136518700502,0.028060910524056758,0.45959872430379495,0.9396402957285611,1.0,1.16441969251752,0.8069601551456269,-0.2726199317746637,"[1.0,-1.0,0.0633743405342102,1.0,1.0]","[0.29784560203552246,-0.5916320085525513,0.2923938035964966,0.29181742668151855,0.20742952823638916]","[1.0,-1.0,0.3557681441307068,1.0,1.0]","{""acc_lim_theta"":0.7314851364671879,""acc_lim_x"":0.7166559067326603,""inflation_dist"":0.55,""max_vel_theta"":0.9523445902113589,""max_vel_x"":1.1428135082536306,""min_obstacle_dist"":0.25,""weight_obstacle"":50.0,""weight_optimaltime"":0.7937747240066528,""weight_viapoint"":1.0}","{""acc_lim_theta"":0.719903517363019,""acc_lim_x"":0.69579009642264,""inflation_dist"":0.55,""max_vel_theta"":0.9523445902113589,""max_vel_x"":1.1295535766734548,""min_obstacle_dist"":0.25,""weight_obstacle"":50.0,""weight_optimaltime"":0.7346115231513977,""weight_viapoint"":1.0}","{""acc_lim_theta"":0.719903517363019,""acc_lim_x"":0.69579009642264,""inflation_dist"":0.55,""max_vel_theta"":0.941294647227879,""max_vel_x"":1.1295535766734548,""min_obstacle_dist"":0.25,""weight_obstacle"":50.0,""weight_optimaltime"":0.7346115231513977,""weight_viapoint"":1.0}","{""acc_lim_theta"":0.4,""acc_lim_x"":0.4,""inflation_dist"":0.9,""max_vel_theta"":0.5,""max_vel_x"":0.6,""min_obstacle_dist"":0.5,""weight_obstacle"":100.0,""weight_optimaltime"":0.5,""weight_viapoint"":2.0}","{""acc_lim_theta"":0.7314851364671879,""acc_lim_x"":0.7166559067326603,""inflation_dist"":0.55,""max_vel_theta"":0.9523445902113589,""max_vel_x"":1.1428135082536306,""min_obstacle_dist"":0.25,""weight_obstacle"":50.0,""weight_optimaltime"":0.7937747240066528,""weight_viapoint"":1.0}",true,max_vel_theta:ackermann_turning_radius,true,NORMAL,margin:emergency|safety_mode:EMERGENCY,false,,0.0,0.0,0.0,0.0,0.0,0.0,0.0,0.0,0.0,0.0,0.0,0.0,0.0,0.0,1.053074000083143,0.0,0.0,false,safety_emergency_stop
t11_reset_retry_acceptance,t11_reset_retry_acceptance-episode-000013,0,1,42.558,42.558,,,,42.558,0,0.0,true,,4.445595705696556,4.445595705696556,0.0549604029187248,0.0187552434896215,0.5274332576230274,0.8325892857142857,1.406019074790952,0.37512525048882894,0.31258739149369164,"[0.0,0.0,0.0,0.0,0.0]","[0.2547190189361572,-0.13159984350204468,-0.55124831199646,0.48640739917755127,0.9283690452575684]","[0.2547190189361572,-0.13159984350204468,-0.55124831199646,0.48640739917755127,0.9283690452575684]","{""acc_lim_theta"":0.8,""acc_lim_x"":0.8,""inflation_dist"":0.55,""max_vel_theta"":1.0,""max_vel_x"":1.2,""min_obstacle_dist"":0.25,""weight_obstacle"":50.0,""weight_optimaltime"":1.0,""weight_viapoint"":1.0}","{""acc_lim_theta"":0.7710161798279256,""acc_lim_x"":0.7743857859709489,""inflation_dist"":0.555103596062662,""max_vel_theta"":1.0,""max_vel_x"":1.1395236617252145,""min_obstacle_dist"":0.25,""weight_obstacle"":50.0,""weight_optimaltime"":0.9868400156497955,""weight_viapoint"":1.0}","{""acc_lim_theta"":0.7710161798279256,""acc_lim_x"":0.7743857859709489,""inflation_dist"":0.555103596062662,""max_vel_theta"":0.9496030514376788,""max_vel_x"":1.1395236617252145,""min_obstacle_dist"":0.25,""weight_obstacle"":50.0,""weight_optimaltime"":0.9868400156497955,""weight_viapoint"":1.0}","{""acc_lim_theta"":0.4,""acc_lim_x"":0.4,""inflation_dist"":0.9,""max_vel_theta"":0.5,""max_vel_x"":0.6,""min_obstacle_dist"":0.5,""weight_obstacle"":100.0,""weight_optimaltime"":0.5,""weight_viapoint"":2.0}","{""acc_lim_theta"":0.8,""acc_lim_x"":0.8,""inflation_dist"":0.55,""max_vel_theta"":1.0,""max_vel_x"":1.2,""min_obstacle_dist"":0.25,""weight_obstacle"":50.0,""weight_optimaltime"":1.0,""weight_viapoint"":1.0}",true,max_vel_theta:ackermann_turning_radius,true,NORMAL,margin:emergency|safety_mode:EMERGENCY,false,,0.0,0.0,0.0,0.0,0.0,0.0,0.0,0.0,0.0,0.0,0.0,0.0,0.0,0.0,2.6054729969473556,0.0,0.0,false,safety_emergency_stop
t11_reset_retry_acceptance,t11_reset_retry_acceptance-episode-000015,0,1,45.062,44.418,44.42,44.458,44.56,45.06,0,0.45000000000000284,true,,2.8531339132891933,2.3749299694323804,0.07153098829956954,0.0329833110663953,30.0,0.0,25.740815525472257,1.165464239868896,-0.1462963034197757,"[0.0,0.0,0.0,0.0,0.0]","[0.012228250503540039,0.03940439224243164,-0.035044074058532715,0.020986318588256836,0.006992936134338379]","[0.012228250503540039,0.03940439224243164,-0.035044074058532715,0.020986318588256836,0.006992936134338379]","{""acc_lim_theta"":0.8,""acc_lim_x"":0.8,""inflation_dist"":0.55,""max_vel_theta"":1.0,""max_vel_x"":1.2,""min_obstacle_dist"":0.25,""weight_obstacle"":50.0,""weight_optimaltime"":1.0,""weight_viapoint"":1.0}","{""acc_lim_theta"":0.7998072829213932,""acc_lim_x"":0.8,""inflation_dist"":0.5503244468862626,""max_vel_theta"":1.0,""max_vel_x"":1.199335170971149,""min_obstacle_dist"":0.25,""weight_obstacle"":50.0,""weight_optimaltime"":1.0,""weight_viapoint"":1.0}","{""acc_lim_theta"":0.7998072829213932,""acc_lim_x"":0.8,""inflation_dist"":0.5503244468862626,""max_vel_theta"":0.999445975809291,""max_vel_x"":1.199335170971149,""min_obstacle_dist"":0.25,""weight_obstacle"":50.0,""weight_optimaltime"":1.0,""weight_viapoint"":1.0}","{""acc_lim_theta"":0.7998072829213932,""acc_lim_x"":0.8,""inflation_dist"":0.5503244468862626,""max_vel_theta"":0.999445975809291,""max_vel_x"":1.199335170971149,""min_obstacle_dist"":0.25,""weight_obstacle"":50.0,""weight_optimaltime"":1.0,""weight_viapoint"":1.0}","{""acc_lim_theta"":0.7998072829213932,""acc_lim_x"":0.8,""inflation_dist"":0.5503244468862626,""max_vel_theta"":0.999445975809291,""max_vel_x"":1.199335170971149,""min_obstacle_dist"":0.25,""weight_obstacle"":50.0,""weight_optimaltime"":1.0,""weight_viapoint"":1.0}",true,max_vel_theta:ackermann_turning_radius,false,NORMAL,,false,,2.2163591099615974,2.3910197192840643,-0.04500000000000029,-0.0,-0.0021332661355034873,-0.12716485513066697,-0.0,-0.00036248805629605116,0.0,0.0,0.0,1.0,0.0,0.0,1.494995998655213,37.9999999999967,140.00000000000057,true,
t11_reset_retry_acceptance,t11_reset_retry_acceptance-episode-000015,1,2,45.66,45.06,45.064,45.118,45.158,45.658,0,0.45000000000000284,true,,2.1885208085162806,1.6773739523109592,0.056645080351254665,0.02459599971362013,30.0,0.0,25.824409656925358,1.1616916087742928,0.002846841086975757,"[0.012228250503540039,0.03940439224243164,-0.035044074058532715,0.020986318588256836,0.006992936134338379]","[0.06128287315368652,0.0662379264831543,-0.029900014400482178,0.08486461639404297,0.04317331314086914]","[0.07351112365722656,0.10564231872558594,-0.06494408845901489,0.1058509349822998,0.05016624927520752]","{""acc_lim_theta"":0.7998072829213932,""acc_lim_x"":0.8,""inflation_dist"":0.5503244468862626,""max_vel_theta"":0.999445975809291,""max_vel_x"":1.199335170971149,""min_obstacle_dist"":0.25,""weight_obstacle"":50.0,""weight_optimaltime"":1.0,""weight_viapoint"":1.0}","{""acc_lim_theta"":0.7980464407008889,""acc_lim_x"":0.7995586225978887,""inflation_dist"":0.5506012687693359,""max_vel_theta"":0.999445975809291,""max_vel_x"":1.1960022527531224,""min_obstacle_dist"":0.2507253112828044,""weight_obstacle"":50.0,""weight_optimaltime"":1.0,""weight_viapoint"":1.0}","{""acc_lim_theta"":0.7980464407008889,""acc_lim_x"":0.7995586225978887,""inflation_dist"":0.5506012687693359,""max_vel_theta"":0.9966685439609354,""max_vel_x"":1.1960022527531224,""min_obstacle_dist"":0.2507253112828044,""weight_obstacle"":50.0,""weight_optimaltime"":1.0,""weight_viapoint"":1.0}","{""acc_lim_theta"":0.7980464407008889,""acc_lim_x"":0.7995586225978887,""inflation_dist"":0.5506012687693359,""max_vel_theta"":0.9966685439609354,""max_vel_x"":1.1960022527531224,""min_obstacle_dist"":0.2507253112828044,""weight_obstacle"":50.0,""weight_optimaltime"":1.0,""weight_viapoint"":1.0}","{""acc_lim_theta"":0.7980464407008889,""acc_lim_x"":0.7995586225978887,""inflation_dist"":0.5506012687693359,""max_vel_theta"":0.9966685439609354,""max_vel_x"":1.1960022527531224,""min_obstacle_dist"":0.2507253112828044,""weight_obstacle"":50.0,""weight_optimaltime"":1.0,""weight_viapoint"":1.0}",true,max_vel_theta:ackermann_turning_radius,false,NORMAL,,false,,2.5068290075540576,2.555734281026607,-0.04500000000000029,-0.0,-0.0018630190001184866,-1.1510347720199051e-05,-0.0,-0.00203074412471027,0.0,0.0,0.0,1.0,0.0,0.0,0.8022700021683704,54.000000000002046,94.0000000000012,true,
t11_reset_retry_acceptance,t11_reset_retry_acceptance-episode-000015,2,3,46.308,45.658,45.664,45.708,45.758,46.258,0,0.5,true,,1.4914988585490057,0.9130936472645428,0.07464476562444432,0.024689214597029396,30.0,0.0,26.815484458123436,1.1187565918061142,0.007040284264367519,"[0.07351112365722656,0.10564231872558594,-0.06494408845901489,0.1058509349822998,0.05016624927520752]","[0.05243682861328125,0.04050266742706299,-0.06650137901306152,0.09014225006103516,0.05620145797729492]","[0.1259479522705078,0.14614498615264893,-0.13144546747207642,0.19599318504333496,0.10636770725250244]","{""acc_lim_theta"":0.7980464407008889,""acc_lim_x"":0.7995586225978887,""inflation_dist"":0.5506012687693359,""max_vel_theta"":0.9966685439609354,""max_vel_x"":1.1960022527531224,""min_obstacle_dist"":0.2507253112828044,""weight_obstacle"":50.0,""weight_optimaltime"":1.0,""weight_viapoint"":1.0}","{""acc_lim_theta"":0.7963451487563693,""acc_lim_x"":0.7974532027367924,""inflation_dist"":0.551216955327837,""max_vel_theta"":0.9966685439609354,""max_vel_x"":1.1916244939575869,""min_obstacle_dist"":0.25,""weight_obstacle"":50.0,""weight_optimaltime"":1.0,""weight_viapoint"":1.0}","{""acc_lim_theta"":0.7963451487563693,""acc_lim_x"":0.7974532027367924,""inflation_dist"":0.551216955327837,""max_vel_theta"":0.9930204116313224,""max_vel_x"":1.1916244939575869,""min_obstacle_dist"":0.25,""weight_obstacle"":50.0,""weight_optimaltime"":1.0,""weight_viapoint"":1.0}","{""acc_lim_theta"":0.7963451487563693,""acc_lim_x"":0.7974532027367924,""inflation_dist"":0.551216955327837,""max_vel_theta"":0.9930204116313224,""max_vel_x"":1.1916244939575869,""min_obstacle_dist"":0.25,""weight_obstacle"":50.0,""weight_optimaltime"":1.0,""weight_viapoint"":1.0}","{""acc_lim_theta"":0.7963451487563693,""acc_lim_x"":0.7974532027367924,""inflation_dist"":0.551216955327837,""max_vel_theta"":0.9930204116313224,""max_vel_x"":1.1916244939575869,""min_obstacle_dist"":0.25,""weight_obstacle"":50.0,""weight_optimaltime"":1.0,""weight_viapoint"":1.0}",true,max_vel_theta:ackermann_turning_radius,false,NORMAL,,false,,2.83691338870866,2.8920260564223144,-0.05,-0.0,-0.0022068523509071736,-2.8849521090094693e-05,-0.0,-0.0028769658416569546,0.0,0.0,0.0,1.0,0.0,0.0,1.0175079987675417,43.99999999999693,94.0000000000012,true,
t11_reset_retry_acceptance,t11_reset_retry_acceptance-episode-000015,3,4,47.958,46.298,46.31,46.346,46.356,46.856,0,0.45000000000000284,true,,0.8012182397665836,0.40013548138872157,0.0022638931602568992,0.00032014684045651395,30.0,0.0,600.0,0.0,0.0,"[0.1259479522705078,0.14614498615264893,-0.13144546747207642,0.19599318504333496,0.10636770725250244]","[0.06751585006713867,-0.037329912185668945,-0.01211702823638916,0.05001258850097656,0.022426724433898926]","[0.19346380233764648,0.10881507396697998,-0.14356249570846558,0.24600577354431152,0.12879443168640137]","{""acc_lim_theta"":0.7963451487563693,""acc_lim_x"":0.7974532027367924,""inflation_dist"":0.551216955327837,""max_vel_theta"":0.9930204116313224,""max_vel_x"":1.1916244939575869,""min_obstacle_dist"":0.25,""weight_obstacle"":50.0,""weight_optimaltime"":1.0,""weight_viapoint"":1.0}","{""acc_lim_theta"":0.7941290099862717,""acc_lim_x"":0.7953622139678012,""inflation_dist"":0.5513291378347991,""max_vel_theta"":0.9930204116313224,""max_vel_x"":1.1904223307816164,""min_obstacle_dist"":0.25,""weight_obstacle"":50.0,""weight_optimaltime"":0.9962670087814331,""weight_viapoint"":1.0}","{""acc_lim_theta"":0.7941290099862717,""acc_lim_x"":0.7953622139678012,""inflation_dist"":0.5513291378347991,""max_vel_theta"":0.9920186089846804,""max_vel_x"":1.1904223307816164,""min_obstacle_dist"":0.25,""weight_obstacle"":50.0,""weight_optimaltime"":0.9962670087814331,""weight_viapoint"":1.0}","{""acc_lim_theta"":0.7941290099862717,""acc_lim_x"":0.7953622139678012,""inflation_dist"":0.5513291378347991,""max_vel_theta"":0.9920186089846804,""max_vel_x"":1.1904223307816164,""min_obstacle_dist"":0.25,""weight_obstacle"":50.0,""weight_optimaltime"":0.9962670087814331,""weight_viapoint"":1.0}","{""acc_lim_theta"":0.7941290099862717,""acc_lim_x"":0.7953622139678012,""inflation_dist"":0.5513291378347991,""max_vel_theta"":0.9920186089846804,""max_vel_x"":1.1904223307816164,""min_obstacle_dist"":0.25,""weight_obstacle"":50.0,""weight_optimaltime"":0.9962670087814331,""weight_viapoint"":1.0}",true,max_vel_theta:ackermann_turning_radius,false,NORMAL,,false,,11.93101791794495,2.00541379188931,-0.04500000000000029,-0.0,-0.0005706974670827682,-0.026569023145289812,-0.0,-0.002256153331988709,10.0,0.0,0.0,1.0,0.0,0.0,1.0783420002553612,35.99999999999426,45.999999999999375,true,
t11_reset_retry_acceptance,t11_reset_retry_acceptance-episode-000016,0,1,49.456,48.898,48.902,48.934,48.954,49.454,0,0.44999999999999574,true,,3.8003434108478507,3.3859216472254148,0.23414539381218244,0.40743465665707973,30.0,0.0,25.769656411030223,1.164159875533267,0.6500671919970439,"[0.0,0.0,0.0,0.0,0.0]","[0.17211711406707764,-0.2576735019683838,0.14513027667999268,0.018241286277770996,0.07740092277526855]","[0.17211711406707764,-0.2576735019683838,0.14513027667999268,0.018241286277770996,0.07740092277526855]","{""acc_lim_theta"":0.8,""acc_lim_x"":0.8,""inflation_dist"":0.55,""max_vel_theta"":1.0,""max_vel_x"":1.2,""min_obstacle_dist"":0.25,""weight_obstacle"":50.0,""weight_optimaltime"":1.0,""weight_viapoint"":1.0}","{""acc_lim_theta"":0.7908611966211421,""acc_lim_x"":0.7959662912020945,""inflation_dist"":0.55,""max_vel_theta"":1.0,""max_vel_x"":1.1982947916480353,""min_obstacle_dist"":0.25,""weight_obstacle"":50.0,""weight_optimaltime"":0.9742326498031616,""weight_viapoint"":1.0}","{""acc_lim_theta"":0.7908611966211421,""acc_lim_x"":0.7959662912020945,""inflation_dist"":0.55,""max_vel_theta"":0.9985789930400295,""max_vel_x"":1.1982947916480353,""min_obstacle_dist"":0.25,""weight_obstacle"":50.0,""weight_optimaltime"":0.9742326498031616,""weight_viapoint"":1.0}","{""acc_lim_theta"":0.7908611966211421,""acc_lim_x"":0.7959662912020945,""inflation_dist"":0.55,""max_vel_theta"":0.9985789930400295,""max_vel_x"":1.1982947916480353,""min_obstacle_dist"":0.25,""weight_obstacle"":50.0,""weight_optimaltime"":0.9742326498031616,""weight_viapoint"":1.0}","{""acc_lim_theta"":0.7908611966211421,""acc_lim_x"":0.7959662912020945,""inflation_dist"":0.55,""max_vel_theta"":0.9985789930400295,""max_vel_x"":1.1982947916480353,""min_obstacle_dist"":0.25,""weight_obstacle"":50.0,""weight_optimaltime"":0.9742326498031616,""weight_viapoint"":1.0}",true,max_vel_theta:ackermann_turning_radius,false,NORMAL,,false,,1.884929139574289,2.0721088181121794,-0.044999999999999575,-0.0,-0.007230189186364622,-0.1259344884839795,-0.0,-0.009015000867546766,0.0,0.0,0.0,1.0,0.0,0.0,1.9893659991794266,31.999999999996476,51.9999999999996,true,
t11_reset_retry_acceptance,t11_reset_retry_acceptance-episode-000016,1,2,50.054,49.452,49.458,49.492,49.552,50.052,0,0.44999999999999574,true,,3.2332558513537766,2.7166267414606913,0.05749433996696764,0.6700196584576168,30.0,0.0,25.94348988195615,1.1563594619112973,0.29447896259018275,"[0.17211711406707764,-0.2576735019683838,0.14513027667999268,0.018241286277770996,0.07740092277526855]","[0.22320449352264404,-0.20202994346618652,0.07989883422851562,0.03784191608428955,0.16832447052001953]","[0.3953216075897217,-0.4597034454345703,0.2250291109085083,0.05608320236206055,0.24572539329528809]","{""acc_lim_theta"":0.7908611966211421,""acc_lim_x"":0.7959662912020945,""inflation_dist"":0.55,""max_vel_theta"":0.9985789930400295,""max_vel_x"":1.1982947916480353,""min_obstacle_dist"":0.25,""weight_obstacle"":50.0,""weight_optimaltime"":0.9742326498031616,""weight_viapoint"":1.0}","{""acc_lim_theta"":0.7770971331633446,""acc_lim_x"":0.7929582841047909,""inflation_dist"":0.55,""max_vel_theta"":0.9985789930400295,""max_vel_x"":1.19180556766842,""min_obstacle_dist"":0.25,""weight_obstacle"":50.0,""weight_optimaltime"":0.954029655456543,""weight_viapoint"":1.0}","{""acc_lim_theta"":0.7770971331633446,""acc_lim_x"":0.7929582841047909,""inflation_dist"":0.55,""max_vel_theta"":0.9931713063903501,""max_vel_x"":1.19180556766842,""min_obstacle_dist"":0.25,""weight_obstacle"":50.0,""weight_optimaltime"":0.954029655456543,""weight_viapoint"":1.0}","{""acc_lim_theta"":0.7770971331633446,""acc_lim_x"":0.7929582841047909,""inflation_dist"":0.55,""max_vel_theta"":0.9931713063903501,""max_vel_x"":1.19180556766842,""min_obstacle_dist"":0.25,""weight_obstacle"":50.0,""weight_optimaltime"":0.954029655456543,""weight_viapoint"":1.0}","{""acc_lim_theta"":0.7770971331633446,""acc_lim_x"":0.7929582841047909,""inflation_dist"":0.55,""max_vel_theta"":0.9931713063903501,""max_vel_x"":1.19180556766842,""min_obstacle_dist"":0.25,""weight_obstacle"":50.0,""weight_optimaltime"":0.954029655456543,""weight_viapoint"":1.0}",true,max_vel_theta:ackermann_turning_radius,false,NORMAL,,false,,2.5026080896114973,2.5831455494654265,-0.044999999999999575,-0.0,-0.02508662489465951,-5.414379129913687e-05,-0.0,-0.010396691167970762,0.0,0.0,0.0,1.0,0.0,0.0,1.1743379982362967,33.99999999999892,94.0000000000012,true,
t11_reset_retry_acceptance,t11_reset_retry_acceptance-episode-000016,2,3,50.652,50.05,50.056,50.088,50.15,50.65,0,0.44999999999999574,true,,2.5566692420546095,2.030994354607504,0.1220196039413456,0.7265515781098757,30.0,0.0,26.017133648135452,1.1530862855889579,-0.020961404137739833,"[0.3953216075897217,-0.4597034454345703,0.2250291109085083,0.05608320236206055,0.24572539329528809]","[0.22616684436798096,-0.16443318128585815,-0.14855092763900757,0.20586442947387695,0.09824395179748535]","[0.6214884519577026,-0.6241366267204285,0.07647818326950073,0.2619476318359375,0.34396934509277344]","{""acc_lim_theta"":0.7770971331633446,""acc_lim_x"":0.7929582841047909,""inflation_dist"":0.55,""max_vel_theta"":0.9931713063903501,""max_vel_x"":1.19180556766842,""min_obstacle_dist"":0.25,""weight_obstacle"":50.0,""weight_optimaltime"":0.954029655456543,""weight_viapoint"":1.0}","{""acc_lim_theta"":0.7698847531342543,""acc_lim_x"":0.7817979664130293,""inflation_dist"":0.5513753219971912,""max_vel_theta"":0.9931713063903501,""max_vel_x"":1.1855456994264262,""min_obstacle_dist"":0.25,""weight_obstacle"":50.0,""weight_optimaltime"":0.9375863373279572,""weight_viapoint"":1.0}","{""acc_lim_theta"":0.7698847531342543,""acc_lim_x"":0.7817979664130293,""inflation_dist"":0.5513753219971912,""max_vel_theta"":0.9879547495220219,""max_vel_x"":1.1855456994264262,""min_obstacle_dist"":0.25,""weight_obstacle"":50.0,""weight_optimaltime"":0.9375863373279572,""weight_viapoint"":1.0}","{""acc_lim_theta"":0.7698847531342543,""acc_lim_x"":0.7817979664130293,""inflation_dist"":0.5513753219971912,""max_vel_theta"":0.9879547495220219,""max_vel_x"":1.1855456994264262,""min_obstacle_dist"":0.25,""weight_obstacle"":50.0,""weight_optimaltime"":0.9375863373279572,""weight_viapoint"":1.0}","{""acc_lim_theta"":0.7698847531342543,""acc_lim_x"":0.7817979664130293,""inflation_dist"":0.5513753219971912,""max_vel_theta"":0.9879547495220219,""max_vel_x"":1.1855456994264262,""min_obstacle_dist"":0.25,""weight_obstacle"":50.0,""weight_optimaltime"":0.9375863373279572,""weight_viapoint"":1.0}",true,max_vel_theta:ackermann_turning_radius,false,NORMAL,,false,,2.5686152818942443,2.6283744372355278,-0.044999999999999575,-0.0,-0.004295047611722914,-0.00010269778424490872,-0.0,-0.010361409945316017,0.0,0.0,0.0,1.0,0.0,0.0,1.243108999915421,32.00000000000358,94.0000000000012,true,
t11_reset_retry_acceptance,t11_reset_retry_acceptance-episode-000016,3,4,51.254,50.65,50.654,50.69,50.752,51.252,0,0.45000000000000284,true,,1.8714985117761607,1.3535381487937639,0.1083666118030828,0.7195820551183557,30.0,0.0,26.09533324265462,1.1496308447582089,0.10724390316103871,"[0.6214884519577026,-0.6241366267204285,0.07647818326950073,0.2619476318359375,0.34396934509277344]","[0.11966454982757568,-0.01451122760772705,-0.07141387462615967,0.1255662441253662,0.05097663402557373]","[0.7411530017852783,-0.6386478543281555,0.0050643086433410645,0.3875138759613037,0.39494597911834717]","{""acc_lim_theta"":0.7698847531342543,""acc_lim_x"":0.7817979664130293,""inflation_dist"":0.5513753219971912,""max_vel_theta"":0.9879547495220219,""max_vel_x"":1.1855456994264262,""min_obstacle_dist"":0.25,""weight_obstacle"":50.0,""weight_optimaltime"":0.9375863373279572,""weight_viapoint"":1.0}","{""acc_lim_theta"":0.7665305959332266,""acc_lim_x"":0.7776781027033901,""inflation_dist"":0.5520364896804836,""max_vel_theta"":0.9879547495220219,""max_vel_x"":1.1819057872723249,""min_obstacle_dist"":0.25,""weight_obstacle"":50.0,""weight_optimaltime"":0.9361352145671844,""weight_viapoint"":1.0}","{""acc_lim_theta"":0.7665305959332266,""acc_lim_x"":0.7776781027033901,""inflation_dist"":0.5520364896804836,""max_vel_theta"":0.9849214893936041,""max_vel_x"":1.1819057872723249,""min_obstacle_dist"":0.25,""weight_obstacle"":50.0,""weight_optimaltime"":0.9361352145671844,""weight_viapoint"":1.0}","{""acc_lim_theta"":0.7665305959332266,""acc_lim_x"":0.7776781027033901,""inflation_dist"":0.5520364896804836,""max_vel_theta"":0.9849214893936041,""max_vel_x"":1.1819057872723249,""min_obstacle_dist"":0.25,""weight_obstacle"":50.0,""weight_optimaltime"":0.9361352145671844,""weight_viapoint"":1.0}","{""acc_lim_theta"":0.7665305959332266,""acc_lim_x"":0.7776781027033901,""inflation_dist"":0.5520364896804836,""max_vel_theta"":0.9849214893936041,""max_vel_x"":1.1819057872723249,""min_obstacle_dist"":0.25,""weight_obstacle"":50.0,""weight_optimaltime"":0.9361352145671844,""weight_viapoint"":1.0}",true,max_vel_theta:ackermann_turning_radius,false,NORMAL,,false,,2.5380798095675385,2.5898018149119837,-0.04500000000000029,-0.0,-0.003108816698742023,-5.2249762145122885e-05,-0.0,-0.0035609388835576455,0.0,0.0,0.0,1.0,0.0,0.0,1.2724949992843904,35.99999999999426,97.99999999999898,true,
t11_reset_retry_acceptance,t11_reset_retry_acceptance-episode-000016,4,5,51.852,51.25,51.256,51.288,51.35,51.85,0,0.45000000000000284,true,,1.1970801982209325,0.7133355625857661,0.08185844460521359,0.8941893440032906,30.0,0.0,30.813191361296493,0.973608986107232,0.4032272187351313,"[0.7411530017852783,-0.6386478543281555,0.0050643086433410645,0.3875138759613037,0.39494597911834717]","[0.13986992835998535,-0.07373625040054321,-0.10163301229476929,0.18694734573364258,0.03305482864379883]","[0.8810229301452637,-0.7123841047286987,-0.09656870365142822,0.5744612216949463,0.428000807762146]","{""acc_lim_theta"":0.7665305959332266,""acc_lim_x"":0.7776781027033901,""inflation_dist"":0.5520364896804836,""max_vel_theta"":0.9849214893936041,""max_vel_x"":1.1819057872723249,""min_obstacle_dist"":0.25,""weight_obstacle"":50.0,""weight_optimaltime"":0.9361352145671844,""weight_viapoint"":1.0}","{""acc_lim_theta"":0.7645331851772373,""acc_lim_x"":0.7692936746918742,""inflation_dist"":0.5529774337706441,""max_vel_theta"":0.9849214893936041,""max_vel_x"":1.1782606945267062,""min_obstacle_dist"":0.25,""weight_obstacle"":50.0,""weight_optimaltime"":0.9287615895271301,""weight_viapoint"":1.0}","{""acc_lim_theta"":0.7645331851772373,""acc_lim_x"":0.7692936746918742,""inflation_dist"":0.5529774337706441,""max_vel_theta"":0.9818839121055886,""max_vel_x"":1.1782606945267062,""min_obstacle_dist"":0.25,""weight_obstacle"":50.0,""weight_optimaltime"":0.9287615895271301,""weight_viapoint"":1.0}","{""acc_lim_theta"":0.7645331851772373,""acc_lim_x"":0.7692936746918742,""inflation_dist"":0.5529774337706441,""max_vel_theta"":0.9818839121055886,""max_vel_x"":1.1782606945267062,""min_obstacle_dist"":0.25,""weight_obstacle"":50.0,""weight_optimaltime"":0.9287615895271301,""weight_viapoint"":1.0}","{""acc_lim_theta"":0.7645331851772373,""acc_lim_x"":0.7692936746918742,""inflation_dist"":0.5529774337706441,""max_vel_theta"":0.9818839121055886,""max_vel_x"":1.1782606945267062,""min_obstacle_dist"":0.25,""weight_obstacle"":50.0,""weight_optimaltime"":0.9287615895271301,""weight_viapoint"":1.0}",true,max_vel_theta:ackermann_turning_radius,false,NORMAL,,false,,2.3465515424250074,2.418723178175832,-0.04500000000000029,-0.0,-0.01055476507792304,-0.011062813889190302,-0.0,-0.005554056783710689,0.0,0.0,0.0,1.0,0.0,0.0,1.274799997190712,31.999999999996476,94.0000000000012,true,
t11_reset_retry_acceptance,t11_reset_retry_acceptance-episode-000016,5,6,53.35,51.848,51.854,51.882,51.948,52.448,0,0.44999999999999574,true,,0.5841840197215001,0.24912269809961504,0.005370176268844891,1.3979643015732308,30.0,0.0,600.0,0.0,0.0,"[0.8810229301452637,-0.7123841047286987,-0.09656870365142822,0.5744612216949463,0.428000807762146]","[0.009927511215209961,-0.16819024085998535,-0.0769919753074646,0.1767789125442505,-0.112274169921875]","[0.8909504413604736,-0.8805743455886841,-0.17356067895889282,0.7512401342391968,0.315726637840271]","{""acc_lim_theta"":0.7645331851772373,""acc_lim_x"":0.7692936746918742,""inflation_dist"":0.5529774337706441,""max_vel_theta"":0.9818839121055886,""max_vel_x"":1.1782606945267062,""min_obstacle_dist"":0.25,""weight_obstacle"":50.0,""weight_optimaltime"":0.9287615895271301,""weight_viapoint"":1.0}","{""acc_lim_theta"":0.7724407092389414,""acc_lim_x"":0.7564041633063078,""inflation_dist"":0.5536902449185144,""max_vel_theta"":0.9818839121055886,""max_vel_x"":1.1808690021200334,""min_obstacle_dist"":0.25,""weight_obstacle"":50.60624379269714,""weight_optimaltime"":0.9119425654411315,""weight_viapoint"":1.0}","{""acc_lim_theta"":0.7724407092389414,""acc_lim_x"":0.7564041633063078,""inflation_dist"":0.5536902449185144,""max_vel_theta"":0.9818839121055886,""max_vel_x"":1.1808690021200334,""min_obstacle_dist"":0.25,""weight_obstacle"":50.60624379269714,""weight_optimaltime"":0.9119425654411315,""weight_viapoint"":1.0}","{""acc_lim_theta"":0.7724407092389414,""acc_lim_x"":0.7564041633063078,""inflation_dist"":0.5536902449185144,""max_vel_theta"":0.9818839121055886,""max_vel_x"":1.1808690021200334,""min_obstacle_dist"":0.25,""weight_obstacle"":50.60624379269714,""weight_optimaltime"":0.9119425654411315,""weight_viapoint"":1.0}","{""acc_lim_theta"":0.7724407092389414,""acc_lim_x"":0.7564041633063078,""inflation_dist"":0.5536902449185144,""max_vel_theta"":0.9818839121055886,""max_vel_x"":1.1808690021200334,""min_obstacle_dist"":0.25,""weight_obstacle"":50.60624379269714,""weight_optimaltime"":0.9119425654411315,""weight_viapoint"":1.0}",false,,false,NORMAL,,false,,11.588759110743561,1.6753066081094254,-0.044999999999999575,-0.0,-0.004483704444196163,-0.026649863397072645,-0.0,-0.010413929524595729,10.0,0.0,0.0,0.0,0.0,0.0,1.0457749995111953,27.999999999998693,94.0000000000012,true,
t11_reset_retry_acceptance,t11_reset_retry_acceptance-episode-000017,0,1,54.988,54.298,54.302,54.354,54.438,54.938,0,0.5,true,,5.078669204734775,4.644355491705862,0.07559211421748774,0.4152047232155864,1.1262455687086148,1.0,1.1256642962909882,1.0005163816775053,0.49266111013872455,"[0.0,0.0,0.0,0.0,0.0]","[0.1426832675933838,-0.15023326873779297,-0.057394981384277344,0.06134533882141113,-0.07232117652893066]","[0.1426832675933838,-0.15023326873779297,-0.057394981384277344,0.06134533882141113,-0.07232117652893066]","{""acc_lim_theta"":0.8,""acc_lim_x"":0.8,""inflation_dist"":0.55,""max_vel_theta"":1.0,""max_vel_x"":1.2,""min_obstacle_dist"":0.25,""weight_obstacle"":50.0,""weight_optimaltime"":1.0,""weight_viapoint"":1.0}","{""acc_lim_theta"":0.7981884656386434,""acc_lim_x"":0.7945427925017045,""inflation_dist"":0.5505313772298884,""max_vel_theta"":1.0,""max_vel_x"":1.2,""min_obstacle_dist"":0.25,""weight_obstacle"":50.390510696999385,""weight_optimaltime"":0.9849766731262207,""weight_viapoint"":1.0}","{""acc_lim_theta"":0.7981884656386434,""acc_lim_x"":0.7945427925017045,""inflation_dist"":0.5505313772298884,""max_vel_theta"":1.0,""max_vel_x"":1.2,""min_obstacle_dist"":0.25,""weight_obstacle"":50.390510696999385,""weight_optimaltime"":0.9849766731262207,""weight_viapoint"":1.0}","{""acc_lim_theta"":0.7981884656386434,""acc_lim_x"":0.7945427925017045,""inflation_dist"":0.5505313772298884,""max_vel_theta"":1.0,""max_vel_x"":1.2,""min_obstacle_dist"":0.25,""weight_obstacle"":50.390510696999385,""weight_optimaltime"":0.9849766731262207,""weight_viapoint"":1.0}","{""acc_lim_theta"":0.7981884656386434,""acc_lim_x"":0.7945427925017045,""inflation_dist"":0.5505313772298884,""max_vel_theta"":1.0,""max_vel_x"":1.2,""min_obstacle_dist"":0.25,""weight_obstacle"":50.390510696999385,""weight_optimaltime"":0.9849766731262207,""weight_viapoint"":1.0}",false,,false,NORMAL,,false,,1.938068010262397,2.1715685651445638,-0.05,-0.0,-0.0008767263739307263,-0.17686913420888617,-0.0,-0.005754694299350074,0.0,0.0,0.0,0.0,0.0,0.0,1.7169659986393526,51.9999999999996,136.00000000000279,true,
t11_reset_retry_acceptance,t11_reset_retry_acceptance-episode-000017,1,2,54.988,54.988,,,,54.988,0,0.0,true,,4.589487688228111,4.589487688228111,0.07559211421748774,0.4152047232155864,1.1262455687086148,1.0,1.1256642962909882,1.0005163816775053,0.49266111013872455,"[0.1426832675933838,-0.15023326873779297,-0.057394981384277344,0.06134533882141113,-0.07232117652893066]","[0.1193695068359375,-0.09895330667495728,-0.12061214447021484,0.004205226898193359,0.23593080043792725]","[0.2620527744293213,-0.24918657541275024,-0.1780071258544922,0.06555056571960449,0.16360962390899658]","{""acc_lim_theta"":0.7981884656386434,""acc_lim_x"":0.7945427925017045,""inflation_dist"":0.5505313772298884,""max_vel_theta"":1.0,""max_vel_x"":1.2,""min_obstacle_dist"":0.25,""weight_obstacle"":50.390510696999385,""weight_optimaltime"":0.9849766731262207,""weight_viapoint"":1.0}","{""acc_lim_theta"":0.7855238965692759,""acc_lim_x"":0.7916235288718896,""inflation_dist"":0.5516480349179601,""max_vel_theta"":1.0,""max_vel_x"":1.1884223088215544,""min_obstacle_dist"":0.25,""weight_obstacle"":50.0,""weight_optimaltime"":0.975081342458725,""weight_viapoint"":1.0}","{""acc_lim_theta"":0.7855238965692759,""acc_lim_x"":0.7916235288718896,""inflation_dist"":0.5516480349179601,""max_vel_theta"":0.990351924017962,""max_vel_x"":1.1884223088215544,""min_obstacle_dist"":0.25,""weight_obstacle"":50.0,""weight_optimaltime"":0.975081342458725,""weight_viapoint"":1.0}","{""acc_lim_theta"":0.4,""acc_lim_x"":0.4,""inflation_dist"":0.9,""max_vel_theta"":0.5,""max_vel_x"":0.6,""min_obstacle_dist"":0.5,""weight_obstacle"":100.0,""weight_optimaltime"":0.5,""weight_viapoint"":2.0}","{""acc_lim_theta"":0.7981884656386434,""acc_lim_x"":0.7945427925017045,""inflation_dist"":0.5505313772298884,""max_vel_theta"":1.0,""max_vel_x"":1.2,""min_obstacle_dist"":0.25,""weight_obstacle"":50.390510696999385,""weight_optimaltime"":0.9849766731262207,""weight_viapoint"":1.0}",true,max_vel_theta:ackermann_turning_radius,true,NORMAL,margin:emergency|safety_mode:EMERGENCY,false,,0.0,0.0,0.0,0.0,0.0,0.0,0.0,0.0,0.0,0.0,0.0,0.0,0.0,0.0,1.3489320008375216,0.0,0.0,false,safety_emergency_stop
t11_reset_retry_acceptance,t11_reset_retry_acceptance-episode-000018,0,1,56.55,55.938,55.942,55.978,56.0,56.5,0,0.5,true,,5.020724374811673,4.677708283671323,0.015068686120094148,0.09844766647241268,0.4689958351882815,0.8607843137254902,0.5343369803783875,0.8777154724648945,0.058672187902940105,"[0.0,0.0,0.0,0.0,0.0]","[0.4004913568496704,-0.17587804794311523,-0.4835914373397827,0.5191199779510498,0.9324624538421631]","[0.4004913568496704,-0.17587804794311523,-0.4835914373397827,0.5191199779510498,0.9324624538421631]","{""acc_lim_theta"":0.8,""acc_lim_x"":0.8,""inflation_dist"":0.55,""max_vel_theta"":1.0,""max_vel_x"":1.2,""min_obstacle_dist"":0.25,""weight_obstacle"":50.0,""weight_optimaltime"":1.0,""weight_viapoint"":1.0}","{""acc_lim_theta"":0.7657805716316948,""acc_lim_x"":0.7751278671724033,""inflation_dist"":0.5544772116337296,""max_vel_theta"":1.0,""max_vel_x"":1.1412505156802637,""min_obstacle_dist"":0.25,""weight_obstacle"":50.0,""weight_optimaltime"":0.9824121952056885,""weight_viapoint"":1.0}","{""acc_lim_theta"":0.7657805716316948,""acc_lim_x"":0.7751278671724033,""inflation_dist"":0.5544772116337296,""max_vel_theta"":0.9510420964002197,""max_vel_x"":1.1412505156802637,""min_obstacle_dist"":0.25,""weight_obstacle"":50.0,""weight_optimaltime"":0.9824121952056885,""weight_viapoint"":1.0}","{""acc_lim_theta"":0.7657805716316948,""acc_lim_x"":0.7751278671724033,""inflation_dist"":0.5544772116337296,""max_vel_theta"":0.9510420964002197,""max_vel_x"":1.1412505156802637,""min_obstacle_dist"":0.25,""weight_obstacle"":50.0,""weight_optimaltime"":0.9824121952056885,""weight_viapoint"":1.0}","{""acc_lim_theta"":0.7657805716316948,""acc_lim_x"":0.7751278671724033,""inflation_dist"":0.5544772116337296,""max_vel_theta"":0.9510420964002197,""max_vel_x"":1.1412505156802637,""min_obstacle_dist"":0.25,""weight_obstacle"":50.0,""weight_optimaltime"":0.9824121952056885,""weight_viapoint"":1.0}",true,max_vel_theta:ackermann_turning_radius,false,WARNING,margin:warning|safety_mode:WARNING:conservative_filter,false,,1.5029437671047559,1.7150804557017496,-0.05,-0.025334163076598852,-0.00079424504906306,-0.09685546444965909,-0.0,-0.03915281602167264,0.0,0.0,0.0,1.0,0.0,0.0,2.0188050002616365,36.000000000001364,57.99999999999983,true,
t11_reset_retry_acceptance,t11_reset_retry_acceptance-episode-000018,1,2,56.55,56.55,,,,56.55,0,0.0,true,,4.642741509909426,4.642741509909426,0.015068686120094148,0.09844766647241268,0.4689958351882815,0.8607843137254902,0.5343369803783875,0.8777154724648945,0.058672187902940105,"[0.4004913568496704,-0.17587804794311523,-0.4835914373397827,0.5191199779510498,0.9324624538421631]","[0.3987691402435303,-0.2922658920288086,-0.5952771306037903,0.2685990333557129,0.93827223777771]","[0.7992604970932007,-0.46814393997192383,-1.0,0.7877190113067627,1.0]","{""acc_lim_theta"":0.7657805716316948,""acc_lim_x"":0.7751278671724033,""inflation_dist"":0.5544772116337296,""max_vel_theta"":0.9510420964002197,""max_vel_x"":1.1412505156802637,""min_obstacle_dist"":0.25,""weight_obstacle"":50.0,""weight_optimaltime"":0.9824121952056885,""weight_viapoint"":1.0}","{""acc_lim_theta"":0.7249906274401098,""acc_lim_x"":0.7544276854177799,""inflation_dist"":0.559988437616335,""max_vel_theta"":0.9510420964002197,""max_vel_x"":1.0879439551163888,""min_obstacle_dist"":0.25,""weight_obstacle"":50.0,""weight_optimaltime"":0.9531856060028077,""weight_viapoint"":1.0}","{""acc_lim_theta"":0.7249906274401098,""acc_lim_x"":0.7544276854177799,""inflation_dist"":0.559988437616335,""max_vel_theta"":0.9066199625969906,""max_vel_x"":1.0879439551163888,""min_obstacle_dist"":0.25,""weight_obstacle"":50.0,""weight_optimaltime"":0.9531856060028077,""weight_viapoint"":1.0}","{""acc_lim_theta"":0.4,""acc_lim_x"":0.4,""inflation_dist"":0.9,""max_vel_theta"":0.5,""max_vel_x"":0.6,""min_obstacle_dist"":0.5,""weight_obstacle"":100.0,""weight_optimaltime"":0.5,""weight_viapoint"":2.0}","{""acc_lim_theta"":0.7657805716316948,""acc_lim_x"":0.7751278671724033,""inflation_dist"":0.5544772116337296,""max_vel_theta"":0.9510420964002197,""max_vel_x"":1.1412505156802637,""min_obstacle_dist"":0.25,""weight_obstacle"":50.0,""weight_optimaltime"":0.9824121952056885,""weight_viapoint"":1.0}",true,max_vel_theta:ackermann_turning_radius,true,NORMAL,margin:emergency|safety_mode:EMERGENCY,false,,0.0,0.0,0.0,0.0,0.0,0.0,0.0,0.0,0.0,0.0,0.0,0.0,0.0,0.0,0.4638270002033096,0.0,0.0,false,safety_emergency_stop
t11_reset_retry_acceptance,t11_reset_retry_acceptance-episode-000019,0,1,58.15,57.498,57.502,57.544,57.646,58.146,0,0.4519999999999982,true,,5.345901204092779,4.9358200076647005,0.24972661522276812,0.4749214084600281,30.0,0.0,25.621018898512997,1.1709136205251054,0.7078928892218105,"[0.0,0.0,0.0,0.0,0.0]","[0.2025589942932129,-0.2810365557670593,0.0766528844833374,0.050487399101257324,0.10760068893432617]","[0.2025589942932129,-0.2810365557670593,0.0766528844833374,0.050487399101257324,0.10760068893432617]","{""acc_lim_theta"":0.8,""acc_lim_x"":0.8,""inflation_dist"":0.55,""max_vel_theta"":1.0,""max_vel_x"":1.2,""min_obstacle_dist"":0.25,""weight_obstacle"":50.0,""weight_optimaltime"":1.0,""weight_viapoint"":1.0}","{""acc_lim_theta"":0.7894380971667202,""acc_lim_x"":0.7936000142566204,""inflation_dist"":0.55,""max_vel_theta"":1.0,""max_vel_x"":1.19636042010668,""min_obstacle_dist"":0.25,""weight_obstacle"":50.0,""weight_optimaltime"":0.9718963444232941,""weight_viapoint"":1.0}","{""acc_lim_theta"":0.7894380971667202,""acc_lim_x"":0.7936000142566204,""inflation_dist"":0.55,""max_vel_theta"":0.9969670167555666,""max_vel_x"":1.19636042010668,""min_obstacle_dist"":0.25,""weight_obstacle"":50.0,""weight_optimaltime"":0.9718963444232941,""weight_viapoint"":1.0}","{""acc_lim_theta"":0.7894380971667202,""acc_lim_x"":0.7936000142566204,""inflation_dist"":0.55,""max_vel_theta"":0.9969670167555666,""max_vel_x"":1.19636042010668,""min_obstacle_dist"":0.25,""weight_obstacle"":50.0,""weight_optimaltime"":0.9718963444232941,""weight_viapoint"":1.0}","{""acc_lim_theta"":0.7894380971667202,""acc_lim_x"":0.7936000142566204,""inflation_dist"":0.55,""max_vel_theta"":0.9969670167555666,""max_vel_x"":1.19636042010668,""min_obstacle_dist"":0.25,""weight_obstacle"":50.0,""weight_optimaltime"":0.9718963444232941,""weight_viapoint"":1.0}",true,max_vel_theta:ackermann_turning_radius,false,NORMAL,,false,,1.8255840991749963,2.050405982140391,-0.045199999999999824,-0.0,-0.009973938043305472,-0.15857354836480955,-0.0,-0.011074396557279386,0.0,0.0,0.0,1.0,0.0,0.0,2.456521997373784,41.999999999994486,143.99999999999835,true,
t11_reset_retry_acceptance,t11_reset_retry_acceptance-episode-000019,1,2,58.794,58.146,58.152,58.188,58.244,58.744,0,0.5,true,,4.7796818899485185,4.208128783795831,0.07530322974984267,0.7039601980506089,30.0,0.0,25.958013925639047,1.1557124549643851,-0.057861868137573436,"[0.2025589942932129,-0.2810365557670593,0.0766528844833374,0.050487399101257324,0.10760068893432617]","[0.1686023473739624,-0.17073601484298706,0.020138025283813477,0.03497588634490967,0.13447415828704834]","[0.3711613416671753,-0.4517725706100464,0.09679090976715088,0.08546328544616699,0.2420748472213745]","{""acc_lim_theta"":0.7894380971667202,""acc_lim_x"":0.7936000142566204,""inflation_dist"":0.55,""max_vel_theta"":0.9969670167555666,""max_vel_x"":1.19636042010668,""min_obstacle_dist"":0.25,""weight_obstacle"":50.0,""weight_optimaltime"":0.9718963444232941,""weight_viapoint"":1.0}","{""acc_lim_theta"":0.7789599661683069,""acc_lim_x"":0.7899660925419452,""inflation_dist"":0.55,""max_vel_theta"":0.9969670167555666,""max_vel_x"":1.190884584138574,""min_obstacle_dist"":0.25,""weight_obstacle"":50.0,""weight_optimaltime"":0.9548227429389954,""weight_viapoint"":1.0}","{""acc_lim_theta"":0.7789599661683069,""acc_lim_x"":0.7899660925419452,""inflation_dist"":0.55,""max_vel_theta"":0.9924038201154783,""max_vel_x"":1.190884584138574,""min_obstacle_dist"":0.25,""weight_obstacle"":50.0,""weight_optimaltime"":0.9548227429389954,""weight_viapoint"":1.0}","{""acc_lim_theta"":0.7789599661683069,""acc_lim_x"":0.7899660925419452,""inflation_dist"":0.55,""max_vel_theta"":0.9924038201154783,""max_vel_x"":1.190884584138574,""min_obstacle_dist"":0.25,""weight_obstacle"":50.0,""weight_optimaltime"":0.9548227429389954,""weight_viapoint"":1.0}","{""acc_lim_theta"":0.7789599661683069,""acc_lim_x"":0.7899660925419452,""inflation_dist"":0.55,""max_vel_theta"":0.9924038201154783,""max_vel_x"":1.190884584138574,""min_obstacle_dist"":0.25,""weight_obstacle"":50.0,""weight_optimaltime"":0.9548227429389954,""weight_viapoint"":1.0}",true,max_vel_theta:ackermann_turning_radius,false,NORMAL,,false,,2.7780644402530603,2.8577655307634364,-0.05,-0.0,-0.02090619690487629,-2.6881474332762523e-05,-0.0,-0.008768012131167208,0.0,0.0,0.0,1.0,0.0,0.0,0.8660670027893502,36.000000000001364,91.99999999999875,true,
t11_reset_retry_acceptance,t11_reset_retry_acceptance-episode-000019,2,3,59.394,58.79,58.796,58.824,58.844,59.344,0,0.5,true,,4.093109390866577,3.5220929891995465,0.135643320227665,0.6979821178763584,30.0,0.0,26.076512313908328,1.1504605999015833,0.0018176070717180314,"[0.3711613416671753,-0.4517725706100464,0.09679090976715088,0.08546328544616699,0.2420748472213745]","[0.20795977115631104,-0.07720839977264404,-0.2081238031387329,0.1632838249206543,0.13117563724517822]","[0.5791211128234863,-0.5289809703826904,-0.11133289337158203,0.2487471103668213,0.37325048446655273]","{""acc_lim_theta"":0.7789599661683069,""acc_lim_x"":0.7899660925419452,""inflation_dist"":0.55,""max_vel_theta"":0.9924038201154783,""max_vel_x"":1.190884584138574,""min_obstacle_dist"":0.25,""weight_obstacle"":50.0,""weight_optimaltime"":0.9548227429389954,""weight_viapoint"":1.0}","{""acc_lim_theta"":0.7702900086640693,""acc_lim_x"":0.7820793647861753,""inflation_dist"":0.5519268627207188,""max_vel_theta"":0.9924038201154783,""max_vel_x"":1.1833587534322185,""min_obstacle_dist"":0.25,""weight_obstacle"":50.0,""weight_optimaltime"":0.9471019029617309,""weight_viapoint"":1.0}","{""acc_lim_theta"":0.7702900086640693,""acc_lim_x"":0.7820793647861753,""inflation_dist"":0.5519268627207188,""max_vel_theta"":0.9861322945268488,""max_vel_x"":1.1833587534322185,""min_obstacle_dist"":0.25,""weight_obstacle"":50.0,""weight_optimaltime"":0.9471019029617309,""weight_viapoint"":1.0}","{""acc_lim_theta"":0.7702900086640693,""acc_lim_x"":0.7820793647861753,""inflation_dist"":0.5519268627207188,""max_vel_theta"":0.9861322945268488,""max_vel_x"":1.1833587534322185,""min_obstacle_dist"":0.25,""weight_obstacle"":50.0,""weight_optimaltime"":0.9471019029617309,""weight_viapoint"":1.0}","{""acc_lim_theta"":0.7702900086640693,""acc_lim_x"":0.7820793647861753,""inflation_dist"":0.5519268627207188,""max_vel_theta"":0.9861322945268488,""max_vel_x"":1.1833587534322185,""min_obstacle_dist"":0.25,""weight_obstacle"":50.0,""weight_optimaltime"":0.9471019029617309,""weight_viapoint"":1.0}",true,max_vel_theta:ackermann_turning_radius,false,NORMAL,,false,,2.790588901885356,2.8550820083351547,-0.05,-0.0,-0.005701479579761033,-4.9145118211666893e-05,-0.0,-0.00874248175182621,0.0,0.0,0.0,1.0,0.0,0.0,0.9572550006851088,27.999999999998693,48.00000000000182,true,
t11_reset_retry_acceptance,t11_reset_retry_acceptance-episode-000019,3,4,59.992,59.378,59.396,59.436,59.442,59.942,0,0.5,true,,3.407933342106132,2.836986329287498,0.08122916004704213,0.7001062967442111,30.0,0.0,26.004842972525932,1.1536312690561117,0.025840272029637453,"[0.5791211128234863,-0.5289809703826904,-0.11133289337158203,0.2487471103668213,0.37325048446655273]","[0.15268194675445557,0.09752035140991211,-0.062142789363861084,0.09371387958526611,-0.04009878635406494]","[0.7318030595779419,-0.4314606189727783,-0.17347568273544312,0.3424609899520874,0.3331516981124878]","{""acc_lim_theta"":0.7702900086640693,""acc_lim_x"":0.7820793647861753,""inflation_dist"":0.5519268627207188,""max_vel_theta"":0.9861322945268488,""max_vel_x"":1.1833587534322185,""min_obstacle_dist"":0.25,""weight_obstacle"":50.0,""weight_optimaltime"":0.9471019029617309,""weight_viapoint"":1.0}","{""acc_lim_theta"":0.7678237675953363,""acc_lim_x"":0.7834194732516745,""inflation_dist"":0.5525021963557037,""max_vel_theta"":0.9861322945268488,""max_vel_x"":1.1863674467891685,""min_obstacle_dist"":0.2505802911612854,""weight_obstacle"":50.216520329998936,""weight_optimaltime"":0.9568539381027221,""weight_viapoint"":1.0}","{""acc_lim_theta"":0.7678237675953363,""acc_lim_x"":0.7834194732516745,""inflation_dist"":0.5525021963557037,""max_vel_theta"":0.9861322945268488,""max_vel_x"":1.1863674467891685,""min_obstacle_dist"":0.2505802911612854,""weight_obstacle"":50.216520329998936,""weight_optimaltime"":0.9568539381027221,""weight_viapoint"":1.0}","{""acc_lim_theta"":0.7678237675953363,""acc_lim_x"":0.7834194732516745,""inflation_dist"":0.5525021963557037,""max_vel_theta"":0.9861322945268488,""max_vel_x"":1.1863674467891685,""min_obstacle_dist"":0.2505802911612854,""weight_obstacle"":50.216520329998936,""weight_optimaltime"":0.9568539381027221,""weight_viapoint"":1.0}","{""acc_lim_theta"":0.7678237675953363,""acc_lim_x"":0.7834194732516745,""inflation_dist"":0.5525021963557037,""max_vel_theta"":0.9861322945268488,""max_vel_x"":1.1863674467891685,""min_obstacle_dist"":0.2505802911612854,""weight_obstacle"":50.216520329998936,""weight_optimaltime"":0.9568539381027221,""weight_viapoint"":1.0}",false,,false,NORMAL,,false,,2.799488218980525,2.85473506409317,-0.05,-0.0,-0.0010031934546020946,-1.067019038284714e-05,-0.0,-0.0042329814676604184,0.0,0.0,0.0,0.0,0.0,0.0,1.1158910019730683,39.99999999999915,45.999999999999375,true,
t11_reset_retry_acceptance,t11_reset_retry_acceptance-episode-000019,4,5,60.594,59.978,59.994,60.03,60.044,60.544,0,0.5,true,,2.7229751099263217,2.1566048712841175,0.055341181963750506,0.6605294987790215,30.0,0.0,26.08436374535462,1.1501143095868198,-0.11077222487162902,"[0.7318030595779419,-0.4314606189727783,-0.17347568273544312,0.3424609899520874,0.3331516981124878]","[0.13177692890167236,0.03658556938171387,-0.15376824140548706,0.16628289222717285,0.0428692102432251]","[0.8635799884796143,-0.39487504959106445,-0.3272439241409302,0.5087438821792603,0.3760209083557129]","{""acc_lim_theta"":0.7678237675953363,""acc_lim_x"":0.7834194732516745,""inflation_dist"":0.5525021963557037,""max_vel_theta"":0.9861322945268488,""max_vel_x"":1.1863674467891685,""min_obstacle_dist"":0.2505802911612854,""weight_obstacle"":50.216520329998936,""weight_optimaltime"":0.9568539381027221,""weight_viapoint"":1.0}","{""acc_lim_theta"":0.7652954544974266,""acc_lim_x"":0.7784935380958186,""inflation_dist"":0.5539258215611167,""max_vel_theta"":0.9861322945268488,""max_vel_x"":1.1824802664601288,""min_obstacle_dist"":0.25,""weight_obstacle"":50.0,""weight_optimaltime"":0.9605124950408935,""weight_viapoint"":1.0}","{""acc_lim_theta"":0.7652954544974266,""acc_lim_x"":0.7784935380958186,""inflation_dist"":0.5539258215611167,""max_vel_theta"":0.9854002220501074,""max_vel_x"":1.1824802664601288,""min_obstacle_dist"":0.25,""weight_obstacle"":50.0,""weight_optimaltime"":0.9605124950408935,""weight_viapoint"":1.0}","{""acc_lim_theta"":0.7652954544974266,""acc_lim_x"":0.7784935380958186,""inflation_dist"":0.5539258215611167,""max_vel_theta"":0.9854002220501074,""max_vel_x"":1.1824802664601288,""min_obstacle_dist"":0.25,""weight_obstacle"":50.0,""weight_optimaltime"":0.9605124950408935,""weight_viapoint"":1.0}","{""acc_lim_theta"":0.7652954544974266,""acc_lim_x"":0.7784935380958186,""inflation_dist"":0.5539258215611167,""max_vel_theta"":0.9854002220501074,""max_vel_x"":1.1824802664601288,""min_obstacle_dist"":0.25,""weight_obstacle"":50.0,""weight_optimaltime"":0.9605124950408935,""weight_viapoint"":1.0}",true,max_vel_theta:ackermann_turning_radius,false,NORMAL,,false,,2.7720536981742105,2.8318511932110213,-0.05,-0.0,-0.005101882629817487,-0.00023415388919441826,-0.0,-0.004461458517798694,0.0,0.0,0.0,1.0,0.0,0.0,1.1694249988067895,36.000000000001364,49.99999999999716,true,
t11_reset_retry_acceptance,t11_reset_retry_acceptance-episode-000019,5,6,61.192,60.578,60.596,60.636,60.642,61.142,0,0.5,true,,2.0450721107930665,1.492792487936907,0.20927212276718543,0.6937118926885506,30.0,0.0,25.91029937559402,1.1578407321784263,0.2140284114539256,"[0.8635799884796143,-0.39487504959106445,-0.3272439241409302,0.5087438821792603,0.3760209083557129]","[0.11474454402923584,-0.10553938150405884,0.046175241470336914,0.22810232639312744,-0.11096304655075073]","[0.9783245325088501,-0.5004144310951233,-0.28106868267059326,0.7368462085723877,0.26505786180496216]","{""acc_lim_theta"":0.7652954544974266,""acc_lim_x"":0.7784935380958186,""inflation_dist"":0.5539258215611167,""max_vel_theta"":0.9854002220501074,""max_vel_x"":1.1824802664601288,""min_obstacle_dist"":0.25,""weight_obstacle"":50.0,""weight_optimaltime"":0.9605124950408935,""weight_viapoint"":1.0}","{""acc_lim_theta"":0.7702083871255201,""acc_lim_x"":0.7691137624910589,""inflation_dist"":0.5534983195163359,""max_vel_theta"":0.9854002220501074,""max_vel_x"":1.18578004735885,""min_obstacle_dist"":0.25,""weight_obstacle"":50.59916415536153,""weight_optimaltime"":0.9499585568904876,""weight_viapoint"":1.0}","{""acc_lim_theta"":0.7702083871255201,""acc_lim_x"":0.7691137624910589,""inflation_dist"":0.5534983195163359,""max_vel_theta"":0.9854002220501074,""max_vel_x"":1.18578004735885,""min_obstacle_dist"":0.25,""weight_obstacle"":50.59916415536153,""weight_optimaltime"":0.9499585568904876,""weight_viapoint"":1.0}","{""acc_lim_theta"":0.7702083871255201,""acc_lim_x"":0.7691137624910589,""inflation_dist"":0.5534983195163359,""max_vel_theta"":0.9854002220501074,""max_vel_x"":1.18578004735885,""min_obstacle_dist"":0.25,""weight_obstacle"":50.59916415536153,""weight_optimaltime"":0.9499585568904876,""weight_viapoint"":1.0}","{""acc_lim_theta"":0.7702083871255201,""acc_lim_x"":0.7691137624910589,""inflation_dist"":0.5534983195163359,""max_vel_theta"":0.9854002220501074,""max_vel_x"":1.18578004735885,""min_obstacle_dist"":0.25,""weight_obstacle"":50.59916415536153,""weight_optimaltime"":0.9499585568904876,""weight_viapoint"":1.0}",false,,false,NORMAL,,false,,2.6934348879592145,2.7613981142807975,-0.05,-0.0,-0.009829576120053304,-0.000579250278026606,-0.0,-0.007554399923503669,0.0,0.0,0.0,0.0,0.0,0.0,1.2262370000826195,40.00000000000625,46.00000000000648,true,
t11_reset_retry_acceptance,t11_reset_retry_acceptance-episode-000019,6,7,61.744,61.178,61.196,61.236,61.242,61.742,0,0.45000000000000284,true,,1.3833120816203228,0.9030063119990163,0.15983492153027834,0.9092316618439724,30.0,0.0,27.75963101633419,1.0807060073077897,0.5146458061041721,"[0.9783245325088501,-0.5004144310951233,-0.28106868267059326,0.7368462085723877,0.26505786180496216]","[0.15282130241394043,-0.18702924251556396,0.0529172420501709,0.19806230068206787,-0.10293519496917725]","[1.0,-0.6874436736106873,-0.22815144062042236,0.9349085092544556,0.1621226668357849]","{""acc_lim_theta"":0.7702083871255201,""acc_lim_x"":0.7691137624910589,""inflation_dist"":0.5534983195163359,""max_vel_theta"":0.9854002220501074,""max_vel_x"":1.18578004735885,""min_obstacle_dist"":0.25,""weight_obstacle"":50.59916415536153,""weight_optimaltime"":0.9499585568904876,""weight_viapoint"":1.0}","{""acc_lim_theta"":0.7725276911060431,""acc_lim_x"":0.7589994969752747,""inflation_dist"":0.5530083983278318,""max_vel_theta"":0.9854002220501074,""max_vel_x"":1.1900217767515076,""min_obstacle_dist"":0.25,""weight_obstacle"":51.154980538092815,""weight_optimaltime"":0.9312556326389312,""weight_viapoint"":1.0}","{""acc_lim_theta"":0.7725276911060431,""acc_lim_x"":0.7589994969752747,""inflation_dist"":0.5530083983278318,""max_vel_theta"":0.9854002220501074,""max_vel_x"":1.1900217767515076,""min_obstacle_dist"":0.25,""weight_obstacle"":51.154980538092815,""weight_optimaltime"":0.9312556326389312,""weight_viapoint"":1.0}","{""acc_lim_theta"":0.7725276911060431,""acc_lim_x"":0.7589994969752747,""inflation_dist"":0.5530083983278318,""max_vel_theta"":0.9854002220501074,""max_vel_x"":1.1900217767515076,""min_obstacle_dist"":0.25,""weight_obstacle"":51.154980538092815,""weight_optimaltime"":0.9312556326389312,""weight_viapoint"":1.0}","{""acc_lim_theta"":0.7725276911060431,""acc_lim_x"":0.7589994969752747,""inflation_dist"":0.5530083983278318,""max_vel_theta"":0.9854002220501074,""max_vel_x"":1.1900217767515076,""min_obstacle_dist"":0.25,""weight_obstacle"":51.154980538092815,""weight_optimaltime"":0.9312556326389312,""weight_viapoint"":1.0}",false,,false,NORMAL,,false,,2.3305664560310504,2.401528848106533,-0.04500000000000029,-0.0,-0.013735023696582579,-0.0034198260078432963,-0.0,-0.008807542371056668,0.0,0.0,0.0,0.0,0.0,0.0,1.6738680023991037,39.99999999999915,45.999999999999375,true,
t11_reset_retry_acceptance,t11_reset_retry_acceptance-episode-000019,7,8,63.552,61.742,61.746,61.78,61.842,62.342,0,0.5,true,,0.7414868661941685,0.33289266747218976,0.008610479643818952,0.012924734244960325,30.0,0.0,600.0,0.0,0.0,"[1.0,-0.6874436736106873,-0.22815144062042236,0.9349085092544556,0.1621226668357849]","[0.13113117218017578,-0.3174436092376709,-0.029495716094970703,0.15963470935821533,-0.02423095703125]","[1.0,-1.0,-0.25764715671539307,1.0,0.1378917098045349]","{""acc_lim_theta"":0.7725276911060431,""acc_lim_x"":0.7589994969752747,""inflation_dist"":0.5530083983278318,""max_vel_theta"":0.9854002220501074,""max_vel_x"":1.1900217767515076,""min_obstacle_dist"":0.25,""weight_obstacle"":51.154980538092815,""weight_optimaltime"":0.9312556326389312,""weight_viapoint"":1.0}","{""acc_lim_theta"":0.7721038783980272,""acc_lim_x"":0.7446873867892114,""inflation_dist"":0.5532814771151073,""max_vel_theta"":0.9854002220501074,""max_vel_x"":1.190176144506453,""min_obstacle_dist"":0.25,""weight_obstacle"":51.28581978011552,""weight_optimaltime"":0.8995112717151641,""weight_viapoint"":1.0}","{""acc_lim_theta"":0.7721038783980272,""acc_lim_x"":0.7446873867892114,""inflation_dist"":0.5532814771151073,""max_vel_theta"":0.9854002220501074,""max_vel_x"":1.190176144506453,""min_obstacle_dist"":0.25,""weight_obstacle"":51.28581978011552,""weight_optimaltime"":0.8995112717151641,""weight_viapoint"":1.0}","{""acc_lim_theta"":0.7721038783980272,""acc_lim_x"":0.7446873867892114,""inflation_dist"":0.5532814771151073,""max_vel_theta"":0.9854002220501074,""max_vel_x"":1.190176144506453,""min_obstacle_dist"":0.25,""weight_obstacle"":51.28581978011552,""weight_optimaltime"":0.8995112717151641,""weight_viapoint"":1.0}","{""acc_lim_theta"":0.7721038783980272,""acc_lim_x"":0.7446873867892114,""inflation_dist"":0.5532814771151073,""max_vel_theta"":0.9854002220501074,""max_vel_x"":1.190176144506453,""min_obstacle_dist"":0.25,""weight_obstacle"":51.28581978011552,""weight_optimaltime"":0.8995112717151641,""weight_viapoint"":1.0}",false,,false,NORMAL,,false,,11.933236485863183,2.0429709936098934,-0.05,-0.0,-0.013597650234293004,-0.035738575650291454,-0.0,-0.010398281862126348,10.0,0.0,0.0,0.0,0.0,0.0,0.880875999428099,33.99999999999892,95.99999999999653,true,
t11_reset_retry_acceptance,t11_reset_retry_acceptance-episode-000020,0,1,65.05,64.498,64.5,64.542,64.546,65.046,0,0.4519999999999982,true,,5.733544983703721,5.301865709900899,0.030865218098111994,0.2675415075993818,1.2904100198415687,0.7017543859649122,1.1060508585087083,1.1666823545360585,0.449491277324993,"[0.0,0.0,0.0,0.0,0.0]","[0.15805339813232422,-0.2109060287475586,-0.1660144329071045,-0.020049571990966797,-0.05585521459579468]","[0.15805339813232422,-0.2109060287475586,-0.1660144329071045,-0.020049571990966797,-0.05585521459579468]","{""acc_lim_theta"":0.8,""acc_lim_x"":0.8,""inflation_dist"":0.55,""max_vel_theta"":1.0,""max_vel_x"":1.2,""min_obstacle_dist"":0.25,""weight_obstacle"":50.0,""weight_optimaltime"":1.0,""weight_viapoint"":1.0}","{""acc_lim_theta"":0.7949158907023028,""acc_lim_x"":0.7944628583617646,""inflation_dist"":0.5515370035384983,""max_vel_theta"":1.0,""max_vel_x"":1.2,""min_obstacle_dist"":0.25,""weight_obstacle"":50.3015998885766,""weight_optimaltime"":0.9789093971252442,""weight_viapoint"":1.0}","{""acc_lim_theta"":0.7949158907023028,""acc_lim_x"":0.7944628583617646,""inflation_dist"":0.5515370035384983,""max_vel_theta"":1.0,""max_vel_x"":1.2,""min_obstacle_dist"":0.25,""weight_obstacle"":50.3015998885766,""weight_optimaltime"":0.9789093971252442,""weight_viapoint"":1.0}","{""acc_lim_theta"":0.7949158907023028,""acc_lim_x"":0.7944628583617646,""inflation_dist"":0.5515370035384983,""max_vel_theta"":1.0,""max_vel_x"":1.2,""min_obstacle_dist"":0.25,""weight_obstacle"":50.3015998885766,""weight_optimaltime"":0.9789093971252442,""weight_viapoint"":1.0}","{""acc_lim_theta"":0.7949158907023028,""acc_lim_x"":0.7944628583617646,""inflation_dist"":0.5515370035384983,""max_vel_theta"":1.0,""max_vel_x"":1.2,""min_obstacle_dist"":0.25,""weight_obstacle"":50.3015998885766,""weight_optimaltime"":0.9789093971252442,""weight_viapoint"":1.0}",false,,false,NORMAL,,false,,1.8674293109071225,2.1583963690141106,-0.045199999999999824,-0.0,-0.000690201561331634,-0.2371610795914265,-0.0,-0.007915776954229901,0.0,0.0,0.0,0.0,0.0,0.0,1.4909160017850809,42.00000000000159,46.00000000000648,true,
t11_reset_retry_acceptance,t11_reset_retry_acceptance-episode-000020,1,2,65.05,65.05,,,,65.05,0,0.0,true,,5.257404792885096,5.257404792885096,0.030865218098111994,0.2675415075993818,1.2904100198415687,0.7017543859649122,1.1060508585087083,1.1666823545360585,0.449491277324993,"[0.15805339813232422,-0.2109060287475586,-0.1660144329071045,-0.020049571990966797,-0.05585521459579468]","[0.1821204423904419,-0.12002813816070557,-0.1774635910987854,0.01712656021118164,0.13081645965576172]","[0.3401738405227661,-0.33093416690826416,-0.3434780240058899,-0.0029230117797851562,0.07496124505996704]","{""acc_lim_theta"":0.7949158907023028,""acc_lim_x"":0.7944628583617646,""inflation_dist"":0.5515370035384983,""max_vel_theta"":1.0,""max_vel_x"":1.2,""min_obstacle_dist"":0.25,""weight_obstacle"":50.3015998885766,""weight_optimaltime"":0.9789093971252442,""weight_viapoint"":1.0}","{""acc_lim_theta"":0.7835502516863448,""acc_lim_x"":0.7906823405568932,""inflation_dist"":0.5531800062744476,""max_vel_theta"":1.0,""max_vel_x"":1.1954034567387284,""min_obstacle_dist"":0.25,""weight_obstacle"":50.0,""weight_optimaltime"":0.9669065833091737,""weight_viapoint"":1.0}","{""acc_lim_theta"":0.7835502516863448,""acc_lim_x"":0.7906823405568932,""inflation_dist"":0.5531800062744476,""max_vel_theta"":0.9961695472822737,""max_vel_x"":1.1954034567387284,""min_obstacle_dist"":0.25,""weight_obstacle"":50.0,""weight_optimaltime"":0.9669065833091737,""weight_viapoint"":1.0}","{""acc_lim_theta"":0.4,""acc_lim_x"":0.4,""inflation_dist"":0.9,""max_vel_theta"":0.5,""max_vel_x"":0.6,""min_obstacle_dist"":0.5,""weight_obstacle"":100.0,""weight_optimaltime"":0.5,""weight_viapoint"":2.0}","{""acc_lim_theta"":0.7949158907023028,""acc_lim_x"":0.7944628583617646,""inflation_dist"":0.5515370035384983,""max_vel_theta"":1.0,""max_vel_x"":1.2,""min_obstacle_dist"":0.25,""weight_obstacle"":50.3015998885766,""weight_optimaltime"":0.9789093971252442,""weight_viapoint"":1.0}",true,max_vel_theta:ackermann_turning_radius,true,NORMAL,margin:emergency|safety_mode:EMERGENCY,false,,0.0,0.0,0.0,0.0,0.0,0.0,0.0,0.0,0.0,0.0,0.0,0.0,0.0,0.0,0.8132410002872348,0.0,0.0,false,safety_emergency_stop
t11_reset_retry_acceptance,t11_reset_retry_acceptance-episode-000021,0,1,66.018,66.018,,,,66.018,0,0.0,true,,5.051783044431217,5.051783044431217,0.05532428593814362,0.0011517989816790465,0.3803695584793715,0.8680851063829788,0.9629638322117904,0.39499880032432466,-0.019196649694650778,"[0.0,0.0,0.0,0.0,0.0]","[0.39395272731781006,0.10411357879638672,-0.5697290897369385,0.3575432300567627,0.9644300937652588]","[0.39395272731781006,0.10411357879638672,-0.5697290897369385,0.3575432300567627,0.9644300937652588]","{""acc_lim_theta"":0.8,""acc_lim_x"":0.8,""inflation_dist"":0.55,""max_vel_theta"":1.0,""max_vel_x"":1.2,""min_obstacle_dist"":0.25,""weight_obstacle"":50.0,""weight_optimaltime"":1.0,""weight_viapoint"":1.0}","{""acc_lim_theta"":0.7608180398128531,""acc_lim_x"":0.7888711235423232,""inflation_dist"":0.5552746957693798,""max_vel_theta"":1.0,""max_vel_x"":1.1430196142986444,""min_obstacle_dist"":0.25,""weight_obstacle"":50.0,""weight_optimaltime"":1.0,""weight_viapoint"":1.0}","{""acc_lim_theta"":0.7608180398128531,""acc_lim_x"":0.7888711235423232,""inflation_dist"":0.5552746957693798,""max_vel_theta"":0.9525163452488704,""max_vel_x"":1.1430196142986444,""min_obstacle_dist"":0.25,""weight_obstacle"":50.0,""weight_optimaltime"":1.0,""weight_viapoint"":1.0}","{""acc_lim_theta"":0.4,""acc_lim_x"":0.4,""inflation_dist"":0.9,""max_vel_theta"":0.5,""max_vel_x"":0.6,""min_obstacle_dist"":0.5,""weight_obstacle"":100.0,""weight_optimaltime"":0.5,""weight_viapoint"":2.0}","{""acc_lim_theta"":0.8,""acc_lim_x"":0.8,""inflation_dist"":0.55,""max_vel_theta"":1.0,""max_vel_x"":1.2,""min_obstacle_dist"":0.25,""weight_obstacle"":50.0,""weight_optimaltime"":1.0,""weight_viapoint"":1.0}",true,max_vel_theta:ackermann_turning_radius,true,NORMAL,margin:emergency|safety_mode:EMERGENCY,false,,0.0,0.0,0.0,0.0,0.0,0.0,0.0,0.0,0.0,0.0,0.0,0.0,0.0,0.0,1.3058469994575717,0.0,0.0,false,safety_emergency_stop
