WARNING: Package name "gazebo_ros_2Dmap_plugin" does not follow the naming conventions. It should start with a lower case letter and only contain lower case letters, digits, underscores, and dashes.
xacro: in-order processing became default in ROS Melodic. You can drop the option.
WARNING: Package name "gazebo_ros_2Dmap_plugin" does not follow the naming conventions. It should start with a lower case letter and only contain lower case letters, digits, underscores, and dashes.
WARNING: Package name "gazebo_ros_2Dmap_plugin" does not follow the naming conventions. It should start with a lower case letter and only contain lower case letters, digits, underscores, and dashes.
[INFO] [1783870537.651122, 0.000000]: Loading model XML from ros parameter robot_description
[INFO] [1783870537.654519, 0.000000]: Waiting for service /gazebo/spawn_urdf_model
[INFO] [1783870538.559507, 0.110000]: Calling service /gazebo/spawn_urdf_model
[INFO] [1783870538.799776, 0.176000]: Spawn status: SpawnModel: Successfully spawned entity
[INFO] [1783870539.197583988, 0.458000000]: global_costmap: Using plugin "obstacle_layer"
[INFO] [1783870539.200225134, 0.462000000]:     Subscribed to Topics: scan
[INFO] [1783870539.205002606, 0.466000000]: global_costmap: Using plugin "inflation_layer"
[INFO] [1783870539.218268564, 0.478000000]: local_costmap: Using plugin "obstacle_layer"
[INFO] [1783870539.219830080, 0.480000000]:     Subscribed to Topics: scan
[INFO] [1783870539.224961940, 0.486000000]: local_costmap: Using plugin "inflation_layer"
[INFO] [1783870539.236061640, 0.498000000]: Created local_planner teb_local_planner/TebLocalPlannerROS
[INFO] [1783870539.253513764, 0.514000000]: Footprint model 'polygon' loaded for trajectory optimization.
[INFO] [1783870539.253671894, 0.514000000]: Parallel planning in distinctive topologies disabled.
[INFO] [1783870539.253693528, 0.514000000]: No costmap conversion plugin specified. All occupied costmap cells are treaten as point obstacles.
[INFO] [1783870539.276888074, 0.538000000]: Footprint model 'polygon' loaded for trajectory optimization.
[INFO] [1783870539.446714959, 0.708000000]: Recovery behavior will clear layer 'obstacles'
[INFO] [1783870539.448762269, 0.708000000]: Recovery behavior will clear layer 'obstacles'
[INFO] [1783870539.463721665, 0.724000000]: odom received!
[INFO] [1783870541.008667310, 2.264000000]: Footprint model 'polygon' loaded for trajectory optimization.
[INFO] [1783870541.555843246, 2.812000000]: Footprint model 'polygon' loaded for trajectory optimization.
[INFO] [1783870542.156390632, 3.414000000]: Footprint model 'polygon' loaded for trajectory optimization.
[INFO] [1783870542.756156324, 4.010000000]: Footprint model 'polygon' loaded for trajectory optimization.
[INFO] [1783870544.547977530, 5.798000000]: GOAL Reached!
[INFO] [1783870544.704328755, 5.954000000]: Footprint model 'polygon' loaded for trajectory optimization.
[INFO] [1783870545.574650479, 6.826000000]: Footprint model 'polygon' loaded for trajectory optimization.
[INFO] [1783870546.125973232, 7.374000000]: Footprint model 'polygon' loaded for trajectory optimization.
[INFO] [1783870546.727278761, 7.974000000]: Footprint model 'polygon' loaded for trajectory optimization.
[INFO] [1783870547.328068624, 8.576000000]: Footprint model 'polygon' loaded for trajectory optimization.
[INFO] [1783870547.979369953, 9.224000000]: Footprint model 'polygon' loaded for trajectory optimization.
[INFO] [1783870548.579753860, 9.824000000]: Footprint model 'polygon' loaded for trajectory optimization.
[INFO] [1783870550.019254851, 11.262000000]: GOAL Reached!
[INFO] [1783870550.132300919, 11.374000000]: Footprint model 'polygon' loaded for trajectory optimization.
[INFO] [1783870551.003488570, 12.246000000]: Footprint model 'polygon' loaded for trajectory optimization.
[INFO] [1783870551.640379013, 12.882000000]: Footprint model 'polygon' loaded for trajectory optimization.
[INFO] [1783870552.282840756, 13.524000000]: Footprint model 'polygon' loaded for trajectory optimization.
[INFO] [1783870552.840243587, 14.076000000]: Footprint model 'polygon' loaded for trajectory optimization.
[INFO] [1783870553.440230952, 14.676000000]: Footprint model 'polygon' loaded for trajectory optimization.
[INFO] [1783870554.043025769, 15.278000000]: Footprint model 'polygon' loaded for trajectory optimization.
[INFO] [1783870554.642045981, 15.876000000]: Footprint model 'polygon' loaded for trajectory optimization.
[INFO] [1783870555.292325618, 16.524000000]: Footprint model 'polygon' loaded for trajectory optimization.
[INFO] [1783870555.843473002, 17.076000000]: Footprint model 'polygon' loaded for trajectory optimization.
[INFO] [1783870557.834336816, 19.062000000]: GOAL Reached!
[INFO] [1783870557.977032622, 19.206000000]: Footprint model 'polygon' loaded for trajectory optimization.
[INFO] [1783870558.859928835, 20.086000000]: Footprint model 'polygon' loaded for trajectory optimization.
[INFO] [1783870559.556156078, 20.780000000]: Footprint model 'polygon' loaded for trajectory optimization.
[INFO] [1783870560.147407049, 21.370000000]: Footprint m[ERROR] [1783870581.169688091, 42.354000000]: TebOptimalPlanner::getVelocityCommand() - timediff<=0 is invalid!
[WARN] [1783870581.169777962, 42.354000000]: TebLocalPlannerROS: velocity command invalid. Resetting planner...
odel 'polygon' loaded for trajectory optimization.
[INFO] [1783870560.699855928, 21.922000000]: Footprint model 'polygon' loaded for trajectory optimization.
[INFO] [1783870561.347251829, 22.572000000]: Footprint model 'polygon' loaded for trajectory optimization.
[INFO] [1783870561.898260022, 23.122000000]: Footprint model 'polygon' loaded for trajectory optimization.
[INFO] [1783870562.500907437, 23.720000000]: Footprint model 'polygon' loaded for trajectory optimization.
[INFO] [1783870564.487638438, 25.706000000]: GOAL Reached!
[INFO] [1783870564.634630086, 25.852000000]: Footprint model 'polygon' loaded for trajectory optimization.
[INFO] [1783870565.511076840, 26.726000000]: Footprint model 'polygon' loaded for trajectory optimization.
[INFO] [1783870566.061130046, 27.276000000]: Footprint model 'polygon' loaded for trajectory optimization.
[INFO] [1783870566.706719904, 27.920000000]: Footprint model 'polygon' loaded for trajectory optimization.
[INFO] [1783870567.255633520, 28.470000000]: Footprint model 'polygon' loaded for trajectory optimization.
[INFO] [1783870569.148559709, 30.358000000]: GOAL Reached!
[INFO] [1783870569.291480654, 30.500000000]: Footprint model 'polygon' loaded for trajectory optimization.
[INFO] [1783870570.179486102, 31.384000000]: Footprint model 'polygon' loaded for trajectory optimization.
[INFO] [1783870570.769541294, 31.972000000]: Footprint model 'polygon' loaded for trajectory optimization.
[INFO] [1783870571.370426206, 32.574000000]: Footprint model 'polygon' loaded for trajectory optimization.
[INFO] [1783870571.967715088, 33.172000000]: Footprint model 'polygon' loaded for trajectory optimization.
[INFO] [1783870572.523652485, 33.724000000]: Footprint model 'polygon' loaded for trajectory optimization.
[INFO] [1783870573.122296455, 34.322000000]: Footprint model 'polygon' loaded for trajectory optimization.
[INFO] [1783870574.613392411, 35.810000000]: GOAL Reached!
[INFO] [1783870574.749755330, 35.946000000]: Footprint model 'polygon' loaded for trajectory optimization.
[INFO] [1783870575.631479080, 36.826000000]: Footprint model 'polygon' loaded for trajectory optimization.
[INFO] [1783870576.183433537, 37.378000000]: Footprint model 'polygon' loaded for trajectory optimization.
[INFO] [1783870576.775793249, 37.968000000]: Footprint model 'polygon' loaded for trajectory optimization.
[INFO] [1783870577.429486317, 38.620000000]: Footprint model 'polygon' loaded for trajectory optimization.
[INFO] [1783870577.982715872, 39.174000000]: Footprint model 'polygon' loaded for trajectory optimization.
[INFO] [1783870578.629616790, 39.820000000]: Footprint model 'polygon' loaded for trajectory optimization.
[INFO] [1783870579.176455470, 40.366000000]: Footprint model 'polygon' loaded for trajectory optimization.
[INFO] [1783870579.780144342, 40.968000000]: Footprint model 'polygon' loaded for trajectory optimization.
[INFO] [1783870580.431361103, 41.618000000]: Footprint model 'polygon' loaded for trajectory optimization.
[INFO] [1783870580.979740323, 42.166000000]: Footprint model 'polygon' loaded for trajectory optimization.
[INFO] [1783870582.771522352, 43.954000000]: GOAL Reached!
[INFO] [1783870582.927856528, 44.110000000]: Footprint model 'polygon' loaded for trajectory optimization.
[INFO] [1783870583.806958792, 44.988000000]: Footprint model 'polygon' loaded for trajectory optimization.
[INFO] [1783870584.407557455, 45.586000000]: Footprint model 'polygon' loaded for trajectory optimization.
[INFO] [1783870585.107770464, 46.286000000]: Footprint model 'polygon' loaded for trajectory optimization.
[INFO] [1783870585.696104065, 46.874000000]: Footprint model 'polygon' loaded for trajectory optimization.
[INFO] [1783870586.299811172, 47.476000000]: Footprint model 'polygon' loaded for trajectory optimization.
[INFO] [1783870586.852119503, 48.026000000]: Footprint model 'polygon' loaded for trajectory optimization.
[INFO] [1783870587.504377761, 48.676000000]: Footprint model 'polygon' loaded for trajectory optimization.
[INFO] [1783870589.341982080, 50.512000000]: GOAL Reached!
[INFO] [1783870589.493815991, 50.662000000]: Footprint model 'polygon' loaded for trajectory optimization.
[INFO] [1783870590.383677842, 51.552000000]: Footprint model 'polygon' loaded for trajectory optimization.
[INFO] [1783870591.020130275, 52.186000000]: Footprint model 'polygon' loaded for trajectory optimization.
[INFO] [1783870591.667269251, 52.834000000]: Footprint model 'polygon' loaded for trajectory optimization.
[INFO] [1783870592.218680333, 53.382000000]: Footprint model 'polygon' loaded for trajectory optimization.
[INFO] [1783870593.909098500, 55.072000000]: GOAL Reached!
[INFO] [1783870594.062884985, 55.224000000]: Footprint model 'polygon' loaded for trajectory optimization.
[INFO] [1783870594.943898471, 56.104000000]: Footprint model 'polygon' loaded for trajectory optimization.
[INFO] [1783870595.533872932, 56.694000000]: Footprint model 'polygon' loaded for trajectory optimization.
[INFO] [1783870596.136082507, 57.296000000]: Footprint model 'polygon' loaded for trajectory optimization.
[INFO] [1783870596.691831524, 57.848000000]: Footprint model 'polygon' loaded for trajectory optimization.
[INFO] [1783870597.291531221, 58.448000000]: Footprint model 'polygon' loaded for trajectory optimization.
[INFO] [1783870597.944626845, 59.098000000]: Footprint model 'polygon' loaded for trajectory optimization.
[INFO] [1783870599.484077319, 60.636000000]: GOAL Reached!
[INFO] [1783870599.643440868, 60.796000000]: Footprint model 'polygon' loaded for trajectory optimization.
[INFO] [1783870600.515560625, 61.666000000]: Footprint model 'polygon' loaded for trajectory optimization.
[INFO] [1783870601.120996071, 62.270000000]: Footprint model 'polygon' loaded for trajectory optimization.
[INFO] [1783870601.711405614, 62.860000000]: Footprint model 'polygon' loaded for trajectory optimization.
[INFO] [1783870602.318256280, 63.464000000]: Footprint model 'polygon' loaded for trajectory optimization.
[INFO] [1783870602.885432188, 64.030000000]: Footprint model 'polygon' loaded for trajectory optimization.
[INFO] [1783870603.469916605, 64.614000000]: Footprint model 'polygon' loaded for trajectory optimization.
[INFO] [1783870604.116990708, 65.260000000]: Footprint model 'polygon' loaded for trajectory optimization.
[INFO] [1783870604.716721005, 65.860000000]: Footprint model 'polygon' loaded for trajectory optimization.
[INFO] [1783870605.263111263, 66.408000000]: Footprint model 'polygon' loaded for trajectory optimization.
[INFO] [1783870605.917952433, 67.058000000]: Footprint model 'polygon' loaded for trajectory optimization.
[INFO] [1783870607.557432521, 68.698000000]: GOAL Reached!
[INFO] [1783870607.718388130, 68.856000000]: Footprint model 'polygon' loaded for trajectory optimization.
[INFO] [1783870608.588233876, 69.726000000]: Footprint model 'polygon' loaded for trajectory optimization.
[INFO] [1783870609.182642966, 70.318000000]: Footprint model 'polygon' loaded for trajectory optimization.
[INFO] [1783870609.788842835, 70.924000000]: Footprint model 'polygon' loaded for trajectory optimization.
[INFO] [1783870610.386106663, 71.520000000]: Footprint model 'polygon' loaded for trajectory optimization.
[INFO] [1783870610.935912582, 72.072000000]: Footprint model 'polygon' loaded for trajectory optimization.
[INFO] [1783870611.588570115, 72.720000000]: Footprint model 'polygon' loaded for trajectory optimization.
[INFO] [1783870612.186487209, 73.318000000]: Footprint model 'polygon' loaded for trajectory optimization.
[INFO] [1783870612.785392040, 73.916000000]: Footprint model 'polygon' loaded for trajectory optimization.
[INFO] [1783870614.330016651, 75.456000000]: GOAL Reached!
[INFO] [1783870614.464015371, 75.590000000]: Footprint model 'polygon' loaded for trajectory optimization.
[INFO] [1783870615.318657728, 76.444000000]: Footprint model 'polygon' loaded for trajectory optimization.
[INFO] [1783870615.870193861, 76.994000000]: Footprint model 'polygon' loaded for trajectory optimization.
[INFO] [1783870616.521061764, 77.644000000]: Footprint model 'polygon' loaded for trajectory optimization.
[INFO] [1783870617.123312251, 78.246000000]: Footprint model 'polygon' loaded for trajectory optimization.
[INFO] [1783870618.965632127, 80.082000000]: GOAL Reached!
[INFO] [1783870619.118807897, 80.238000000]: Footprint model 'polygon' loaded for trajectory optimization.
[INFO] [1783870619.988530197, 81.106000000]: Footprint model 'polygon' loaded for trajectory optimization.
[INFO] [1783870620.588967144, 81.704000000]: Footprint model 'polygon' loaded for trajectory optimization.
[INFO] [1783870621.135521855, 82.250000000]: Footprint model 'polygon' loaded for trajectory optimization.
[INFO] [1783870621.743304160, 82.858000000]: Footprint model 'polygon' loaded for trajectory optimization.
[INFO] [1783870622.385567199, 83.498000000]: Footprint model 'polygon' loaded for trajectory optimization.
[INFO] [1783870622.989472319, 84.102000000]: Footprint model 'polygon' loaded for trajectory optimization.
[INFO] [1783870624.529915772, 85.638000000]: GOAL Reached!
[INFO] [1783870624.671561686, 85.780000000]: Footprint model 'polygon' loaded for trajectory optimization.
[INFO] [1783870625.558033326, 86.666000000]: Footprint model 'polygon' loaded for trajectory optimization.
[INFO] [1783870626.143029044, 87.250000000]: Footprint model 'polygon' loaded for trajectory optimization.
[INFO] [1783870626.693360312, 87.798000000]: Footprint model 'polygon' loaded for trajectory optimization.
[INFO] [1783870627.293821526, 88.396000000]: Footprint model 'polygon' loaded for trajectory optimization.
[INFO] [1783870627.896407245, 88.998000000]: Footprint model 'polygon' loaded for trajectory optimization.
[INFO] [1783870628.494105485, 89.596000000]: Footprint model 'polygon' loaded for trajectory optimization.
[INFO] [1783870629.095034298, 90.196000000]: Footprint model 'polygon' loaded for trajectory optimization.
[INFO] [1783870629.747806688, 90.846000000]: Footprint model 'polygon' loaded for trajectory optimization.
[INFO] [1783870630.346622300, 91.444000000]: Footprint model 'polygon' loaded for trajectory optimization.
[INFO] [1783870632.285528308, 93.382000000]: GOAL Reached!
[INFO] [1783870632.452939085, 93.548000000]: Footprint model 'polygon' loaded for trajectory optimization.
[INFO] [1783870633.311861192, 94.404000000]: Footprint model 'polygon' loaded for trajectory optimization.
[INFO] [1783870633.917479697, 95.010000000]: Footprint model 'polygon' loaded for trajectory optimization.
[INFO] [1783870634.469743722, 95.560000000]: Footprint model 'polygon' loaded for trajectory optimization.
[INFO] [1783870635.115240417, 96.206000000]: Footprint model 'polygon' loaded for trajectory optimization.
[INFO] [1783870635.717008113, 96.808000000]: Footprint model 'polygon' loaded for trajectory optimization.
[INFO] [1783870636.319106310, 97.406000000]: Footprint model 'polygon' loaded for trajectory optimization.
[INFO] [1783870636.917022113, 98.006000000]: Footprint model 'polygon' loaded for trajectory optimization.
[INFO] [1783870637.519740285, 98.606000000]: Footprint model 'polygon' loaded for trajectory optimization.
[INFO] [1783870639.058017008, 100.142000000]: GOAL Reached!
[INFO] [1783870639.217365816, 100.302000000]: Footprint model 'polygon' loaded for trajectory optimization.
[INFO] [1783870640.104737698, 101.186000000]: Footprint model 'polygon' loaded for trajectory optimization.
[INFO] [1783870640.639994139, 101.720000000]: Footprint model 'polygon' loaded for trajectory optimization.
[INFO] [1783870641.287293802, 102.366000000]: Footprint model 'polygon' loaded for trajectory optimization.
[INFO] [1783870641.840622788, 102.920000000]: Footprint model 'polygon' loaded for trajectory optimization.
[INFO] [1783870643.631690160, 104.706000000]: GOAL Reached!
[INFO] [1783870643.785785085, 104.862000000]: Footprint model 'polygon' loaded for trajectory optimization.
[INFO] [1783870644.650773404, 105.726000000]: Footprint model 'polygon' loaded for trajectory optimization.
[INFO] [1783870645.209225855, 106.282000000]: Footprint model 'polygon' loaded for trajectory optimization.
[INFO] [1783870645.808801474, 106.880000000]: Footprint model 'polygon' loaded for trajectory optimization.
[INFO] [1783870646.458853469, 107.528000000]: Footprint model 'polygon' loaded for trajectory optimization.
[INFO] [1783870647.062417199, 108.128000000]: Footprint model 'polygon' loaded for trajectory optimization.
[INFO] [1783870647.611139276, 108.678000000]: Footprint model 'polygon' loaded for trajectory optimization.
[INFO] [1783870649.102065620, 110.166000000]: GOAL Reached!
[INFO] [1783870649.248653163, 110.312000000]: Footprint model 'polygon' loaded for trajectory optimization.
[INFO] [1783870650.123929470, 111.186000000]: Footprint model 'polygon' loaded for trajectory optimization.
[INFO] [1783870650.812238772, 111.876000000]: Footprint model 'polygon' loaded for trajectory optimization.
[INFO] [1783870651.415378145, 112.476000000]: Footprint model 'polygon' loaded for trajectory optimization.
[INFO] [1783870652.009527001, 113.068000000]: Footprint model 'polygon' loaded for trajectory optimization.
[INFO] [1783870652.562276121, 113.620000000]: Footprint model 'polygon' loaded for trajectory optimization.
[INFO] [1783870653.212273496, 114.268000000]: Footprint model 'polygon' loaded for trajectory optimization.
[INFO] [1783870653.813505997, 114.870000000]: Footprint model 'polygon' loaded for trajectory optimization.
[INFO] [1783870654.365745848, 115.420000000]: Footprint model 'polygon' loaded for trajectory optimization.
[INFO] [1783870655.013727048, 116.068000000]: Footprint model 'polygon' loaded for trajectory optimization.
[INFO] [1783870656.855434524, 117.906000000]: GOAL Reached!
[INFO] [1783870657.006351965, 118.056000000]: Footprint model 'polygon' loaded for trajectory optimization.
[INFO] [1783870657.875741682, 118.924000000]: Footprint model 'polygon' loaded for trajectory optimization.
[INFO] [1783870658.436887436, 119.486000000]: Footprint model 'polygon' loaded for trajectory optimization.
[INFO] [1783870659.039142602, 120.084000000]: Footprint model 'polygon' loaded for trajectory optimization.
[INFO] [1783870659.633474749, 120.680000000]: Footprint model 'polygon' loaded for trajectory optimization.
[INFO] [1783870660.231853756, 121.280000000]: Footprint model 'polygon' loaded for trajectory optimization.
[INFO] [1783870660.837154619, 121.880000000]: Footprint model 'polygon' loaded for trajectory optimization.
[INFO] [1783870661.483905503, 122.526000000]: Footprint model 'polygon' loaded for trajectory optimization.
[INFO] [1783870662.084779873, 123.128000000]: Footprint model 'polygon' loaded for trajectory optimization.
[INFO] [1783870663.623876430, 124.664000000]: GOAL Reached!
[INFO] [1783870663.769184295, 124.808000000]: Footprint model 'polygon' loaded for trajectory optimization.
[INFO] [1783870664.643806332, 125.686000000]: Footprint model 'polygon' loaded for trajectory optimization.
[INFO] [1783870665.249024105, 126.286000000]: Footprint model 'polygon' loaded for trajectory optimization.
[INFO] [1783870665.799106537, 126.836000000]: Footprint model 'polygon' loaded for trajectory optimization.
[INFO] [1783870666.402214264, 127.436000000]: Footprint model 'polygon' loaded for trajectory optimization.
[INFO] [1783870668.292899184, 129.324000000]: GOAL Reached!
[INFO] [1783870668.448117273, 129.480000000]: Footprint model 'polygon' loaded for trajectory optimization.
[INFO] [1783870669.319177213, 130.346000000]: Footprint model 'polygon' loaded for trajectory optimization.
[INFO] [1783870669.870872580, 130.896000000]: Footprint model 'polygon' loaded for trajectory optimization.
[INFO] [1783870670.517686189, 131.542000000]: Footprint model 'polygon' loaded for trajectory optimization.
[INFO] [1783870671.070041905, 132.094000000]: Footprint model 'polygon' loaded for trajectory optimization.
[INFO] [1783870671.667553324, 132.690000000]: Footprint model 'polygon' loaded for trajectory optimization.
[INFO] [1783870672.317769835, 133.338000000]: Footprint model 'polygon' loaded for trajectory optimization.
[INFO] [1783870673.862328883, 134.880000000]: GOAL Reached!
[INFO] [1783870674.006795889, 135.024000000]: Footprint model 'polygon' loaded for trajectory optimization.
[INFO] [1783870674.888339010, 135.904000000]: Footprint model 'polygon' loaded for trajectory optimization.
[INFO] [1783870675.446338574, 136.464000000]: Footprint model 'polygon' loaded for trajectory optimization.
[INFO] [1783870676.043712484, 137.058000000]: Footprint model 'polygon' loaded for trajectory optimization.
[INFO] [1783870676.639887737, 137.656000000]: Footprint model 'polygon' loaded for trajectory optimization.
[INFO] [1783870677.290541501, 138.302000000]: Footprint model 'polygon' loaded for trajectory optimization.
[INFO] [1783870677.846114944, 138.856000000]: Footprint model 'polygon' loaded for trajectory optimization.
[INFO] [1783870678.443337633, 139.454000000]: Footprint model 'polygon' loaded for trajectory optimization.
[INFO] [1783870679.089447191, 140.098000000]: Footprint model 'polygon' loaded for trajectory optimization.
[INFO] [1783870679.691470013, 140.700000000]: Footprint model 'polygon' loaded for trajectory optimization.
[INFO] [1783870680.291947808, 141.298000000]: Footprint model 'polygon' loaded for trajectory optimization.
[INFO] [1783870682.135324483, 143.138000000]: GOAL Reached!
[INFO] [1783870682.280554982, 143.282000000]: Footprint model 'polygon' loaded for trajectory optimization.
[INFO] [1783870683.165664704, 144.168000000]: Footprint model 'polygon' loaded for trajectory optimization.
[INFO] [1783870683.722970922, 144.726000000]: Footprint model 'polygon' loaded for trajectory optimization.
[INFO] [1783870684.367608857, 145.372000000]: Footprint model 'polygon' loaded for trajectory optimization.
[INFO] [1783870684.971411784, 145.972000000]: Footprint model 'polygon' loaded for trajectory optimization.
[INFO] [1783870685.561315074, 146.562000000]: Footprint model 'polygon' loaded for trajectory optimization.
[INFO] [1783870686.120137812, 147.116000000]: Footprint model 'polygon' loaded for trajectory optimization.
[INFO] [1783870686.717752705, 147.718000000]: Footprint model 'polygon' loaded for trajectory optimization.
[INFO] [1783870688.713912695, 149.706000000]: GOAL Reached!
[INFO] [1783870688.870083152, 149.864000000]: Footprint model 'polygon' loaded for trajectory optimization.
[INFO] [1783870689.734463733, 150.724000000]: Footprint model 'polygon' loaded for trajectory optimization.
[INFO] [1783870690.339259562, 151.330000000]: Footprint model 'polygon' loaded for trajectory optimization.
[INFO] [1783870690.933467897, 151.924000000]: Footprint model 'polygon' loaded for trajectory optimization.
[INFO] [1783870691.538598081, 152.526000000]: Footprint model 'polygon' loaded for trajectory optimization.
[INFO] [1783870693.377301448, 154.362000000]: GOAL Reached!
[INFO] [1783870693.514950245, 154.500000000]: Footprint model 'polygon' loaded for trajectory optimization.
[INFO] [1783870694.386743748, 155.372000000]: Footprint model 'polygon' loaded for trajectory optimization.
[INFO] [1783870694.930072380, 155.912000000]: Footprint model 'polygon' loaded for trajectory optimization.
[INFO] [1783870695.531167683, 156.512000000]: Footprint model 'polygon' loaded for trajectory optimization.
[INFO] [1783870696.133434537, 157.112000000]: Footprint model 'polygon' loaded for trajectory optimization.
[INFO] [1783870696.782642864, 157.760000000]: Footprint model 'polygon' loaded for trajectory optimization.
[INFO] [1783870697.382310445, 158.360000000]: Footprint model 'polygon' loaded for trajectory optimization.
[INFO] [1783870698.821679549, 159.798000000]: GOAL Reached!
[INFO] [1783870698.968073239, 159.942000000]: Footprint model 'polygon' loaded for trajectory optimization.
[INFO] [1783870699.852776182, 160.826000000]: Footprint model 'polygon' loaded for trajectory optimization.
[INFO] [1783870700.442724706, 161.414000000]: Footprint model 'polygon' loaded for trajectory optimization.
[INFO] [1783870700.998033072, 161.968000000]: Footprint model 'polygon' loaded for trajectory optimization.
[INFO] [1783870701.643986140, 162.614000000]: Footprint model 'polygon' loaded for trajectory optimization.
[INFO] [1783870702.195261744, 163.168000000]: Footprint model 'polygon' loaded for trajectory optimization.
[INFO] [1783870702.791944337, 163.762000000]: Footprint model 'polygon' loaded for trajectory optimization.
[INFO] [1783870703.396318066, 164.362000000]: Footprint model 'polygon' loaded for trajectory optimization.
[INFO] [1783870704.014099674, 164.980000000]: Footprint model 'polygon' loaded for trajectory optimization.
[INFO] [1783870704.643938230, 165.608000000]: Footprint model 'polygon' loaded for trajectory optimization.
[INFO] [1783870705.197718708, 166.160000000]: Footprint model 'polygon' loaded for trajectory optimization.
[INFO] [1783870706.687209967, 167.648000000]: GOAL Reached!
[INFO] [1783870706.826616710, 167.788000000]: Footprint model 'polygon' loaded for trajectory optimization.
[INFO] [1783870707.707119907, 168.666000000]: Footprint model 'polygon' loaded for trajectory optimization.
[INFO] [1783870708.303315515, 169.260000000]: Footprint model 'polygon' loaded for trajectory optimization.
[INFO] [1783870708.899637012, 169.860000000]: Footprint model 'polygon' loaded for trajectory optimization.
[INFO] [1783870709.504279098, 170.460000000]: Footprint model 'polygon' loaded for trajectory optimization.
[INFO] [1783870710.051565988, 171.008000000]: Footprint model 'polygon' loaded for trajectory optimization.
[INFO] [1783870710.703669881, 171.660000000]: Footprint model 'polygon' loaded for trajectory optimization.
[INFO] [1783870711.253565461, 172.206000000]: Footprint model 'polygon' loaded for trajectory optimization.
[INFO] [1783870713.241670844, 174.192000000]: GOAL Reached!
[INFO] [1783870713.378451522, 174.330000000]: Footprint model 'polygon' loaded for trajectory optimization.
[INFO] [1783870714.238778180, 175.186000000]: Footprint model 'polygon' loaded for trajectory optimization.
[INFO] [1783870714.847354995, 175.796000000]: Footprint model 'polygon' loaded for trajectory optimization.
[INFO] [1783870715.395521025, 176.340000000]: Footprint model 'polygon' loaded for trajectory optimization.
[INFO] [1783870715.995612546, 176.942000000]: Footprint model 'polygon' loaded for trajectory optimization.
[INFO] [1783870717.788951897, 178.730000000]: GOAL Reached!
[INFO] [1783870717.931085011, 178.874000000]: Footprint model 'polygon' loaded for trajectory optimization.
[INFO] [1783870718.784284055, 179.724000000]: Footprint model 'polygon' loaded for trajectory optimization.
[INFO] [1783870719.341154822, 180.280000000]: Footprint model 'polygon' loaded for trajectory optimization.
[INFO] [1783870719.986499787, 180.926000000]: Footprint model 'polygon' loaded for trajectory optimization.
[INFO] [1783870720.586007199, 181.526000000]: Footprint model 'polygon' loaded for trajectory optimization.
[INFO] [1783870721.138753468, 182.078000000]: Footprint model 'polygon' loaded for trajectory optimization.
[INFO] [1783870721.739376098, 182.674000000]: Footprint model 'polygon' loaded for trajectory optimization.
[INFO] [1783870723.333508626, 184.264000000]: GOAL Reached!
[INFO] [1783870723.471055513, 184.404000000]: Footprint model 'polygon' loaded for trajectory optimization.
[INFO] [1783870724.351413880, 185.284000000]: Footprint model 'polygon' loaded for trajectory optimization.
[INFO] [1783870724.942796961, 185.874000000]: Footprint model 'polygon' loaded for trajectory optimization.
[INFO] [1783870725.546494371, 186.476000000]: Footprint model 'polygon' loaded for trajectory optimization.
[INFO] [1783870726.141817105, 187.072000000]: Footprint model 'polygon' loaded for trajectory optimization.
[INFO] [1783870726.695532803, 187.624000000]: Footprint model 'polygon' loaded for trajectory optimization.
[INFO] [1783870727.346186405, 188.272000000]: Footprint model 'polygon' loaded for trajectory optimization.
[INFO] [1783870727.943521935, 188.868000000]: Footprint model 'polygon' loaded for trajectory optimization.
[INFO] [1783870728.546473749, 189.468000000]: Footprint model 'polygon' loaded for trajectory optimization.
[INFO] [1783870729.145087797, 190.070000000]: Footprint model 'polygon' loaded for trajectory optimization.
[INFO] [1783870729.743399407, 190.666000000]: Footprint model 'polygon' loaded for trajectory optimization.
[INFO] [1783870731.487431015, 192.406000000]: GOAL Reached!
[INFO] [1783870731.626733655, 192.544000000]: Footprint model 'polygon' loaded for trajectory optimization.
[INFO] [1783870732.511407546, 193.426000000]: Footprint model 'polygon' loaded for trajectory optimization.
[INFO] [1783870733.049614970, 193.962000000]: Footprint model 'polygon' loaded for trajectory optimization.
[INFO] [1783870733.648430579, 194.562000000]: Footprint model 'polygon' loaded for trajectory optimization.
[INFO] [1783870734.249679040, 195.162000000]: Footprint model 'polygon' loaded for trajectory optimization.
[INFO] [1783870734.847343990, 195.758000000]: Footprint model 'polygon' loaded for trajectory optimization.
[INFO] [1783870735.498877080, 196.408000000]: Footprint model 'polygon' loaded for trajectory optimization.
[INFO] [1783870736.097939326, 197.006000000]: Footprint model 'polygon' loaded for trajectory optimization.
[INFO] [1783870738.039428494, 198.944000000]: GOAL Reached!
[INFO] [1783870738.195389898, 199.100000000]: Footprint model 'polygon' loaded for trajectory optimization.
[INFO] [1783870739.062603230, 199.966000000]: Footprint model 'polygon' loaded for trajectory optimization.
[INFO] [1783870739.612392679, 200.512000000]: Footprint model 'polygon' loaded for trajectory optimization.
[INFO] [1783870740.214587160, 201.114000000]: Footprint model 'polygon' loaded for trajectory optimization.
[INFO] [1783870740.817200852, 201.714000000]: Footprint model 'polygon' loaded for trajectory optimization.
[INFO] [1783870742.705727409, 203.602000000]: GOAL Reached!
[INFO] [1783870742.869309106, 203.766000000]: Footprint model 'polygon' loaded for trajectory optimization.
[INFO] [1783870743.731869745, 204.626000000]: Footprint model 'polygon' loaded for trajectory optimization.
[INFO] [1783870744.284252441, 205.176000000]: Footprint model 'polygon' loaded for trajectory optimization.
[INFO] [1783870744.885114458, 205.778000000]: Footprint model 'polygon' loaded for trajectory optimization.
[INFO] [1783870745.486174210, 206.376000000]: Footprint model 'polygon' loaded for trajectory optimization.
[INFO] [1783870746.130742725, 207.022000000]: Footprint model 'polygon' loaded for trajectory optimization.
[INFO] [1783870746.735240385, 207.624000000]: Footprint model 'polygon' loaded for trajectory optimization.
[INFO] [1783870748.177062456, 209.062000000]: GOAL Reached!
[INFO] [1783870748.325642487, 209.210000000]: Footprint model 'polygon' loaded for trajectory optimization.
[INFO] [1783870749.202531914, 210.086000000]: Footprint model 'polygon' loaded for trajectory optimization.
[INFO] [1783870749.792037147, 210.674000000]: Footprint model 'polygon' loaded for trajectory optimization.
[INFO] [1783870750.343668036, 211.226000000]: Footprint model 'polygon' loaded for trajectory optimization.
[INFO] [1783870750.941218492, 211.822000000]: Footprint model 'polygon' loaded for trajectory optimization.
[INFO] [1783870751.545014570, 212.424000000]: Footprint model 'polygon' loaded for trajectory optimization.
[INFO] [1783870752.152614450, 213.030000000]: Footprint model 'polygon' loaded for trajectory optimization.
[INFO] [1783870752.747572615, 213.624000000]: Footprint model 'polygon' loaded for trajectory optimization.
[INFO] [1783870753.394902801, 214.270000000]: Footprint model 'polygon' loaded for trajectory optimization.
[INFO] [1783870753.946415056, 214.822000000]: Footprint model 'polygon' loaded for trajectory optimization.
[INFO] [1783870755.937657055, 216.808000000]: GOAL Reached!
[INFO] [1783870756.072104695, 216.942000000]: Footprint model 'polygon' loaded for trajectory optimization.
[INFO] [1783870756.935454172, 217.804000000]: Footprint model 'polygon' loaded for trajectory optimization.
[INFO] [1783870757.494496882, 218.366000000]: Footprint model 'polygon' loaded for trajectory optimization.
[INFO] [1783870758.097477002, 218.964000000]: Footprint model 'polygon' loaded for trajectory optimization.
[INFO] [1783870758.741378567, 219.612000000]: Footprint model 'polygon' loaded for trajectory optimization.
[INFO] [1783870759.296346713, 220.160000000]: Footprint model 'polygon' loaded for trajectory optimization.
[INFO] [1783870759.894372580, 220.758000000]: Footprint model 'polygon' loaded for trajectory optimization.
[INFO] [1783870760.497828465, 221.362000000]: Footprint model 'polygon' loaded for trajectory optimization.
[INFO] [1783870761.098386365, 221.960000000]: Footprint model 'polygon' loaded for trajectory optimization.
[INFO] [1783870762.587040786, 223.446000000]: GOAL Reached!
[INFO] [1783870762.707465298, 223.566000000]: Footprint model 'polygon' loaded for trajectory optimization.
[INFO] [1783870763.545988550, 224.404000000]: Footprint model 'polygon' loaded for trajectory optimization.
[INFO] [1783870764.155781798, 225.014000000]: Footprint model 'polygon' loaded for trajectory optimization.
[INFO] [1783870764.750643774, 225.612000000]: Footprint model 'polygon' loaded for trajectory optimization.
[INFO] [1783870765.351913530, 226.206000000]: Footprint model 'polygon' loaded for trajectory optimization.
[INFO] [1783870767.096900555, 227.948000000]: GOAL Reached!
[INFO] [1783870767.233596465, 228.086000000]: Footprint model 'polygon' loaded for trajectory optimization.
[INFO] [1783870768.116354610, 228.966000000]: Footprint model 'polygon' loaded for trajectory optimization.
[INFO] [1783870768.653375384, 229.502000000]: Footprint model 'polygon' loaded for trajectory optimization.
[INFO] [1783870769.256400207, 230.104000000]: Footprint model 'polygon' loaded for trajectory optimization.
[INFO] [1783870769.855584116, 230.702000000]: Footprint model 'polygon' loaded for trajectory optimization.
[INFO] [1783870770.454802302, 231.300000000]: Footprint model 'polygon' loaded for trajectory optimization.
[INFO] [1783870771.055389490, 231.900000000]: Footprint model 'polygon' loaded for trajectory optimization.
[INFO] [1783870772.745752700, 233.588000000]: GOAL Reached!
[INFO] [1783870772.893935330, 233.736000000]: Footprint model 'polygon' loaded for trajectory optimization.
[INFO] [1783870773.786016745, 234.626000000]: Footprint model 'polygon' loaded for trajectory optimization.
[INFO] [1783870774.323689270, 235.162000000]: Footprint model 'polygon' loaded for trajectory optimization.
[INFO] [1783870774.927230417, 235.766000000]: Footprint model 'polygon' loaded for trajectory optimization.
[INFO] [1783870775.525570922, 236.364000000]: Footprint model 'polygon' loaded for trajectory optimization.
[INFO] [1783870776.125540607, 236.962000000]: Footprint model 'polygon' loaded for trajectory optimization.
[INFO] [1783870776.775026032, 237.610000000]: Footprint model 'polygon' loaded for trajectory optimization.
[INFO] [1783870777.377648032, 238.210000000]: Footprint model 'polygon' loaded for trajectory optimization.
[INFO] [1783870778.026838227, 238.862000000]: Footprint model 'polygon' loaded for trajectory optimization.
[INFO] [1783870778.634422924, 239.464000000]: Footprint model 'polygon' loaded for trajectory optimization.
[INFO] [1783870779.231040294, 240.062000000]: Footprint model 'polygon' loaded for trajectory optimization.
[INFO] [1783870780.817775980, 241.646000000]: GOAL Reached!
[INFO] [1783870780.961506036, 241.790000000]: Footprint model 'polygon' loaded for trajectory optimization.
[INFO] [1783870781.838772505, 242.666000000]: Footprint model 'polygon' loaded for trajectory optimization.
[INFO] [1783870782.397800238, 243.224000000]: Footprint model 'polygon' loaded for trajectory optimization.
[INFO] [1783870782.997053405, 243.822000000]: Footprint model 'polygon' loaded for trajectory optimization.
[INFO] [1783870783.597541586, 244.422000000]: Footprint model 'polygon' loaded for trajectory optimization.
[INFO] [1783870784.197089543, 245.020000000]: Footprint model 'polygon' loaded for trajectory optimization.
[INFO] [1783870784.847444436, 245.670000000]: Footprint model 'polygon' loaded for trajectory optimization.
[INFO] [1783870785.397377234, 246.218000000]: Footprint model 'polygon' loaded for trajectory optimization.
[INFO] [1783870787.387110878, 248.204000000]: GOAL Reached!
[INFO] [1783870787.530804802, 248.346000000]: Footprint model 'polygon' loaded for trajectory optimization.
[INFO] [1783870788.388796722, 249.206000000]: Footprint model 'polygon' loaded for trajectory optimization.
[INFO] [1783870788.947735482, 249.762000000]: Footprint model 'polygon' loaded for trajectory optimization.
[INFO] [1783870789.550313790, 250.362000000]: Footprint model 'polygon' loaded for trajectory optimization.
[INFO] [1783870790.150481648, 250.962000000]: Footprint model 'polygon' loaded for trajectory optimization.
[INFO] [1783870790.754050540, 251.564000000]: Footprint model 'polygon' loaded for trajectory optimization.
[INFO] [1783870791.397385018, 252.206000000]: Footprint model 'polygon' loaded for trajectory optimization.
[INFO] [1783870791.949369464, 252.758000000]: Footprint model 'polygon' loaded for trajectory optimization.
[INFO] [1783870792.598290152, 253.406000000]: Footprint model 'polygon' loaded for trajectory optimization.
[INFO] [1783870794.440034271, 255.244000000]: GOAL Reached!
[INFO] [1783870794.590309135, 255.394000000]: Footprint model 'polygon' loaded for trajectory optimization.
[INFO] [1783870795.463899732, 256.264000000]: Footprint model 'polygon' loaded for trajectory optimization.
[INFO] [1783870796.018000707, 256.820000000]: Footprint model 'polygon' loaded for trajectory optimization.
[INFO] [1783870796.618045457, 257.418000000]: Footprint model 'polygon' loaded for trajectory optimization.
[INFO] [1783870797.217835965, 258.016000000]: Footprint model 'polygon' loaded for trajectory optimization.
[INFO] [1783870797.816879372, 258.616000000]: Footprint model 'polygon' loaded for trajectory optimization.
[INFO] [1783870798.417661147, 259.218000000]: Footprint model 'polygon' loaded for trajectory optimization.
[INFO] [1783870799.040220718, 259.836000000]: Footprint model 'polygon' loaded for trajectory optimization.
[INFO] [1783870799.621571449, 260.418000000]: Footprint model 'polygon' loaded for trajectory optimization.
[INFO] [1783870800.268639860, 261.062000000]: Footprint model 'polygon' loaded for trajectory optimization.
[INFO] [1783870801.810246494, 262.602000000]: GOAL Reached!
[INFO] [1783870801.956207450, 262.746000000]: Footprint model 'polygon' loaded for trajectory optimization.
[INFO] [1783870802.836362343, 263.624000000]: Footprint model 'polygon' loaded for trajectory optimization.
[INFO] [1783870803.434897088, 264.222000000]: Footprint model 'polygon' loaded for trajectory optimization.
[INFO] [1783870804.033773881, 264.820000000]: Footprint model 'polygon' loaded for trajectory optimization.
[INFO] [1783870804.582529328, 265.366000000]: Footprint model 'polygon' loaded for trajectory optimization.
[INFO] [1783870805.183934551, 265.972000000]: Footprint model 'polygon' loaded for trajectory optimization.
[INFO] [1783870805.833752012, 266.618000000]: Footprint model 'polygon' loaded for trajectory optimization.
[INFO] [1783870806.439948607, 267.224000000]: Footprint model 'polygon' loaded for trajectory optimization.
[INFO] [1783870810.049317856, 270.826000000]: Footprint model 'polygon' loaded for trajectory optimization.
[INFO] [1783870810.642309106, 271.420000000]: Footprint model 'polygon' loaded for trajectory optimization.
[INFO] [1783870811.194326667, 271.974000000]: Footprint model 'polygon' loaded for trajectory optimization.
[INFO] [1783870811.851046312, 272.626000000]: Footprint model 'polygon' loaded for trajectory optimization.
[INFO] [1783870812.442892076, 273.216000000]: Footprint model 'polygon' loaded for trajectory optimization.
[INFO] [1783870813.048297205, 273.820000000]: Footprint model 'polygon' loaded for trajectory optimization.
[INFO] [1783870813.657205934, 274.428000000]: Footprint model 'polygon' loaded for trajectory optimization.
[INFO] [1783870814.250228041, 275.020000000]: Footprint model 'polygon' loaded for trajectory optimization.
[INFO] [1783870814.806006493, 275.574000000]: Footprint model 'polygon' loaded for trajectory optimization.
[INFO] [1783870815.4049[WARN] [1783870818.785722504, 279.550000000]: TebLocalPlannerROS: possible oscillation (of the robot or its local plan) detected. Activating recovery strategy (prefer current turning direction during optimization).
[ERROR] [1783870825.501573865, 286.250000000]: Aborting because the robot appears to be oscillating over and over. Even after executing all recovery behaviors
[WARN] [1783870825.946462420, 286.694000000]: The origin for the sensor at (7.66, -0.07) is out of map bounds. So, the costmap cannot raytrace for it.
90159, 276.174000000]: Footprint model 'polygon' loaded for trajectory optimization.
[INFO] [1783870816.059678007, 276.826000000]: Footprint model 'polygon' loaded for trajectory optimization.
[INFO] [1783870816.658991114, 277.424000000]: Footprint model 'polygon' loaded for trajectory optimization.
[INFO] [1783870817.254974145, 278.020000000]: Footprint model 'polygon' loaded for trajectory optimization.
[INFO] [1783870817.854877245, 278.620000000]: Footprint model 'polygon' loaded for trajectory optimization.
[INFO] [1783870818.461895973, 279.228000000]: Footprint model 'polygon' loaded for trajectory optimization.
[INFO] [1783870819.013060304, 279.776000000]: Footprint model 'polygon' loaded for trajectory optimization.
[INFO] [1783870819.617528168, 280.378000000]: Footprint model 'polygon' loaded for trajectory optimization.
[INFO] [1783870820.217800868, 280.976000000]: Footprint model 'polygon' loaded for trajectory optimization.
[INFO] [1783870820.871716834, 281.630000000]: Footprint model 'polygon' loaded for trajectory optimization.
[INFO] [1783870821.465038543, 282.222000000]: Footprint model 'polygon' loaded for trajectory optimization.
[INFO] [1783870822.025501296, 282.784000000]: Footprint model 'polygon' loaded for trajectory optimization.
[INFO] [1783870822.635826783, 283.390000000]: Footprint model 'polygon' loaded for trajectory optimization.
[INFO] [1783870823.272553089, 284.026000000]: Footprint model 'polygon' loaded for trajectory optimization.
[INFO] [1783870823.877007755, 284.630000000]: Footprint model 'polygon' loaded for trajectory optimization.
[INFO] [1783870824.478314305, 285.230000000]: Footprint model 'polygon' loaded for trajectory optimization.
[INFO] [1783870825.079202705, 285.830000000]: Footprint model 'polygon' loaded for trajectory optimization.
[INFO] [1783870825.814805591, 286.562000000]: Footprint model 'polygon' loaded for trajectory optimization.
[INFO] [1783870826.697982584, 287.446000000]: Footprint model 'polygon' loaded for trajectory optimization.
[INFO] [1783870827.234846106, 287.982000000]: Footprint model 'polygon' loaded for trajectory optimization.
[INFO] [1783870827.836042526, 288.582000000]: Footprint model 'polygon' loaded for trajectory optimization.
[INFO] [1783870828.440493188, 289.186000000]: Footprint model 'polygon' loaded for trajectory optimization.
[INFO] [1783870829.085603236, 289.830000000]: Footprint model 'polygon' loaded for trajectory optimization.
[INFO] [1783870829.638946528, 290.384000000]: Footprint model 'polygon' loaded for trajectory optimization.
[INFO] [1783870830.237896976, 290.982000000]: Footprint model 'polygon' loaded for trajectory optimization.
[INFO] [1783870830.885570896, 291.626000000]: Footprint model 'polygon' loaded for trajectory optimization.
[INFO] [1783870832.430966958, 293.168000000]: GOAL Reached!
[INFO] [1783870832.572784508, 293.310000000]: Footprint model 'polygon' loaded for trajectory optimization.
[INFO] [1783870833.451120048, 294.186000000]: Footprint model 'polygon' loaded for trajectory optimization.
[INFO] [1783870834.091848205, 294.826000000]: Footprint model 'polygon' loaded for trajectory optimization.
[INFO] [1783870834.740393329, 295.472000000]: Footprint model 'polygon' loaded for trajectory optimization.
[INFO] [1783870835.292103469, 296.024000000]: Footprint model 'polygon' loaded for trajectory optimization.
[INFO] [1783870835.941237983, 296.672000000]: Footprint model 'polygon' loaded for trajectory optimization.
[INFO] [1783870836.542976804, 297.272000000]: Footprint model 'polygon' loaded for trajectory optimization.
[INFO] [1783870837.140337083, 297.868000000]: Footprint model 'polygon' loaded for trajectory optimization.
[INFO] [1783870837.279258037, 298.008000000]: TebLocalPlannerROS: oscillation recovery disabled/expired.
[INFO] [1783870837.743203162, 298.470000000]: Footprint model 'polygon' loaded for trajectory optimization.
[INFO] [1783870838.343107661, 299.070000000]: Footprint model 'polygon' loaded for trajectory optimization.
[INFO] [1783870838.895423679, 299.622000000]: Footprint model 'pol[WARN] [1783870857.961009977, 318.658000000]: TebLocalPlannerROS: possible oscillation (of the robot or its local plan) detected. Activating recovery strategy (prefer current turning direction during optimization).
[ERROR] [1783870862.971937791, 323.658000000]: Aborting because the robot appears to be oscillating over and over. Even after executing all recovery behaviors
[WARN] [1783870865.212069097, 325.894000000]: The origin for the sensor at (7.56, 0.03) is out of map bounds. So, the costmap cannot raytrace for it.
ygon' loaded for trajectory optimization.
[INFO] [1783870840.785675929, 301.508000000]: GOAL Reached!
[INFO] [1783870840.929279298, 301.650000000]: Footprint model 'polygon' loaded for trajectory optimization.
[INFO] [1783870841.825554104, 302.546000000]: Footprint model 'polygon' loaded for trajectory optimization.
[INFO] [1783870842.513427223, 303.232000000]: Footprint model 'polygon' loaded for trajectory optimization.
[INFO] [1783870843.064889140, 303.782000000]: Footprint model 'polygon' loaded for trajectory optimization.
[INFO] [1783870843.666337322, 304.384000000]: Footprint model 'polygon' loaded for trajectory optimization.
[INFO] [1783870844.318052214, 305.036000000]: Footprint model 'polygon' loaded for trajectory optimization.
[INFO] [1783870844.915382836, 305.632000000]: Footprint model 'polygon' loaded for trajectory optimization.
[INFO] [1783870845.464534231, 306.180000000]: Footprint model 'polygon' loaded for trajectory optimization.
[INFO] [1783870849.082572327, 309.794000000]: Footprint model 'polygon' loaded for trajectory optimization.
[INFO] [1783870849.723366401, 310.432000000]: Footprint model 'polygon' loaded for trajectory optimization.
[INFO] [1783870850.320908967, 311.028000000]: Footprint model 'polygon' loaded for trajectory optimization.
[INFO] [1783870850.879080642, 311.584000000]: Footprint model 'polygon' loaded for trajectory optimization.
[INFO] [1783870851.534869820, 312.238000000]: Footprint model 'polygon' loaded for trajectory optimization.
[INFO] [1783870852.118668328, 312.822000000]: Footprint model 'polygon' loaded for trajectory optimization.
[INFO] [1783870852.733057451, 313.436000000]: Footprint model 'polygon' loaded for trajectory optimization.
[INFO] [1783870853.327162071, 314.030000000]: Footprint model 'polygon' loaded for trajectory optimization.
[INFO] [1783870853.930289286, 314.632000000]: Footprint model 'polygon' loaded for trajectory optimization.
[INFO] [1783870854.476486066, 315.176000000]: Footprint model 'polygon' loaded for trajectory optimization.
[INFO] [1783870855.131447754, 315.830000000]: Footprint model 'polygon' loaded for trajectory optimization.
[INFO] [1783870855.731512136, 316.430000000]: Footprint model 'polygon' loaded for trajectory optimization.
[INFO] [1783870856.331192702, 317.028000000]: Footprint model 'polygon' loaded for trajectory optimization.
[INFO] [1783870856.937646292, 317.636000000]: Footprint model 'polygon' loaded for trajectory optimization.
[INFO] [1783870857.530166944, 318.224000000]: Footprint model 'polygon' loaded for trajectory optimization.
[INFO] [1783870858.082245955, 318.780000000]: Footprint model 'polygon' loaded for trajectory optimization.
[INFO] [1783870858.745224330, 319.438000000]: Footprint model 'polygon' loaded for trajectory optimization.
[INFO] [1783870859.288692987, 319.982000000]: Footprint model 'polygon' loaded for trajectory optimization.
[INFO] [1783870859.896183607, 320.588000000]: Footprint model 'polygon' loaded for trajectory optimization.
[INFO] [1783870860.550831365, 321.240000000]: Footprint model 'polygon' loaded for trajectory optimization.
[INFO] [1783870861.150650208, 321.840000000]: Footprint model 'polygon' loaded for trajectory optimization.
[INFO] [1783870861.744088140, 322.434000000]: Footprint model 'polygon' loaded for trajectory optimization.
[INFO] [1783870862.343980156, 323.032000000]: Footprint model 'polygon' loaded for trajectory optimization.
[INFO] [1783870862.910033962, 323.596000000]: Footprint model 'polygon' loaded for trajectory optimization.
[INFO] [1783870864.992543027, 325.674000000]: Footprint model 'polygon' loaded for trajectory optimization.
[INFO] [1783870865.927124246, 326.610000000]: Footprint model 'polygon' loaded for trajectory optimization.
[INFO] [1783870866.518311962, 327.198000000]: Footprint model 'polygon' loaded for trajectory optimization.
[INFO] [1783870867.118287977, 327.800000000]: Footprint model 'polygon' loaded for trajectory optimization.
[INFO] [1783870867.675568868, 328.354000000]: Footprint model 'polygon' loaded for trajectory optimization.
[INFO] [1783870868.273939700, 328.950000000]: Footprint model 'polygon' loaded for trajectory optimization.
[INFO] [1783870868.919548580, 329.598000000]: Footprint model 'polygon' loaded for trajectory optimization.
[INFO] [1783870869.475550413, 330.150000000]: Footprint model 'polygon' loaded for trajectory optimization.
[INFO] [1783870870.074166460, 330.748000000]: Footprint model 'polygon' loaded for trajectory optimization.
[INFO] [1783870871.664823995, 332.336000000]: GOAL Reached!
[INFO] [1783870871.817094857, 332.488000000]: Footprint model 'polygon' loaded for trajectory optimization.
[INFO] [1783870872.671835503, 333.342000000]: Footprint model 'polygon' loaded for trajectory optimization.
[INFO] [1783870873.231591926, 333.900000000]: Footprint model 'polygon' loaded for trajectory optimization.
[INFO] [1783870873.829960290, 334.498000000]: Footprint model 'polygon' loaded for trajectory optimization.
[INFO] [1783870874.477774393, 335.144000000]: Footprint model 'polygon' loaded for trajectory optimization.
[INFO] [1783870875.033013066, 335.698000000]: Footprint model 'polygon' loaded for trajectory optimization.
[INFO] [1783870875.632852772, 336.298000000]: Footprint model 'polygon' loaded for trajectory optimization.
[INFO] [1783870876.233790857, 336.896000000]: Footprint model 'polygon' loaded for trajectory optimization.
[INFO] [1783870876.719591071, 337.382000000]: TebLocalPlannerROS: oscillation recovery disabled/expired.
[INFO] [1783870876.882938605, 337.544000000]: Footprint model 'polygon' loaded for trajectory optimization.
[INFO] [1783870877.434566032, 338.094000000]: Footprint model 'polygon' loaded for trajectory optimization.
[INFO] [1783870878.033816483, 338.694000000]: Footprint model 'polygon' loaded for trajectory optimization.
[INFO] [1783870879.725297801, 340.382000000]: GOAL Reached!
[INFO] [1783870879.885765748, 340.542000000]: Footprint model 'polygon' loaded for trajectory optimization.
[INFO] [1783870880.774723403, 341.430000000]: Footprint model 'polygon' loaded for trajectory optimization.
[INFO] [1783870881.363111901, 342.020000000]: Footprint model 'polygon' loaded for trajectory optimization.
[INFO] [1783870881.922724615, 342.576000000]: Footprint model 'polygon' loaded for trajectory optimization.
[INFO] [1783870882.574747402, 343.226000000]: Footprint model 'polygon' loaded for trajectory optimization.
[INFO] [1783870883.123451497, 343.776000000]: Footprint model 'polygon' loaded for trajectory optimization.
[INFO] [1783870883.775571862, 344.426000000]: Footprint model 'polygon' loaded for trajectory optimization.
[INFO] [1783870884.370889033, 345.020000000]: Footprint model 'polygon' loaded for trajectory optimization.
[INFO] [1783870887.973338686, 348.622000000]: Footprint model 'polygon' loaded for trajectory optimization.
[INFO] [1783870888.520096373, 349.164000000]: Footprint model 'polygon' loaded for trajectory optimization.
[INFO] [1783870889.175289252, 349.818000000]: Footprint model 'polygon' loaded for trajectory optimization.
[INFO] [1783870889.780250838, 350.420000000]: Footprint model 'polygon' loaded for trajectory optimization.
[INFO] [1783870890.371295534, 351.010000000]: Footprint model 'polygon' loaded for trajectory optimization.
[INFO] [1783870890.930959950, 351.570000000]: Footprint model 'polygon' loaded for trajectory optimization.
[INFO] [1783870891.583742567, 352.222000000]: Footprint model 'polygon' loaded for trajectory optimization.
[INFO] [1783870892.174827792, 352.814000000]: Footprint model 'polygon' loaded for trajectory optimization.
[INFO] [1783870892.784210648, 353.420000000]: Footprint model 'polygon' loaded for trajectory optimization.
[INFO] [1783870893.383348739, 354.018000000]: Footprint model 'polygon' loaded for trajectory optimization.
[INFO] [1783870893.991745574, 354.626000000]: Footprint model 'polygon' loaded for trajectory optimization.
[INFO] [1783870894.534936666, 355.168000000]: Footprint model 'polygon' loaded for trajectory optimization.
[INFO] [1783870895.139654772, 355.772000000]: Footprint model 'polygon' loaded for trajec[WARN] [1783870896.816524461, 357.446000000]: TebLocalPlannerROS: possible oscillation (of the robot or its local plan) detected. Activating recovery strategy (prefer current turning direction during optimization).
[ERROR] [1783870908.635472536, 369.246000000]: Aborting because the robot appears to be oscillating over and over. Even after executing all recovery behaviors
[WARN] [1783870909.183711366, 369.794000000]: The origin for the sensor at (7.68, 0.00) is out of map bounds. So, the costmap cannot raytrace for it.
tory optimization.
[INFO] [1783870895.797061562, 356.428000000]: Footprint model 'polygon' loaded for trajectory optimization.
[INFO] [1783870896.389670536, 357.020000000]: Footprint model 'polygon' loaded for trajectory optimization.
[INFO] [1783870896.940225034, 357.570000000]: Footprint model 'polygon' loaded for trajectory optimization.
[INFO] [1783870897.597705187, 358.226000000]: Footprint model 'polygon' loaded for trajectory optimization.
[INFO] [1783870898.144059144, 358.772000000]: Footprint model 'polygon' loaded for trajectory optimization.
[INFO] [1783870898.803761131, 359.430000000]: Footprint model 'polygon' loaded for trajectory optimization.
[INFO] [1783870899.391334110, 360.020000000]: Footprint model 'polygon' loaded for trajectory optimization.
[INFO] [1783870899.950390762, 360.576000000]: Footprint model 'polygon' loaded for trajectory optimization.
[INFO] [1783870900.561840760, 361.184000000]: Footprint model 'polygon' loaded for trajectory optimization.
[INFO] [1783870901.221897704, 361.844000000]: Footprint model 'polygon' loaded for trajectory optimization.
[INFO] [1783870901.805969646, 362.426000000]: Footprint model 'polygon' loaded for trajectory optimization.
[INFO] [1783870902.405083842, 363.026000000]: Footprint model 'polygon' loaded for trajectory optimization.
[INFO] [1783870902.956109205, 363.574000000]: Footprint model 'polygon' loaded for trajectory optimization.
[INFO] [1783870903.617992639, 364.236000000]: Footprint model 'polygon' loaded for trajectory optimization.
[INFO] [1783870904.207775320, 364.824000000]: Footprint model 'polygon' loaded for trajectory optimization.
[INFO] [1783870904.809204490, 365.428000000]: Footprint model 'polygon' loaded for trajectory optimization.
[INFO] [1783870905.409684889, 366.026000000]: Footprint model 'polygon' loaded for trajectory optimization.
[INFO] [1783870905.970027456, 366.586000000]: Footprint model 'polygon' loaded for trajectory optimization.
[INFO] [1783870906.622428311, 367.238000000]: Footprint model 'polygon' loaded for trajectory optimization.
[INFO] [1783870907.161903036, 367.778000000]: Footprint model 'polygon' loaded for trajectory optimization.
[INFO] [1783870907.818757432, 368.432000000]: Footprint model 'polygon' loaded for trajectory optimization.
[INFO] [1783870908.358260845, 368.970000000]: Footprint model 'polygon' loaded for trajectory optimization.
[INFO] [1783870909.093312154, 369.704000000]: Footprint model 'polygon' loaded for trajectory optimization.
[INFO] [1783870909.975703254, 370.584000000]: Footprint model 'polygon' loaded for trajectory optimization.
[INFO] [1783870910.513943303, 371.122000000]: Footprint model 'polygon' loaded for trajectory optimization.
[INFO] [1783870911.120909847, 371.728000000]: Footprint model 'polygon' loaded for trajectory optimization.
[INFO] [1783870911.767086583, 372.370000000]: Footprint model 'polygon' loaded for trajectory optimization.
[INFO] [1783870912.320401963, 372.922000000]: Footprint model 'polygon' loaded for trajectory optimization.
[INFO] [1783870912.922425384, 373.524000000]: Footprint model 'polygon' loaded for trajectory optimization.
[INFO] [1783870913.516287273, 374.122000000]: Footprint model 'polygon' loaded for trajectory optimization.
[INFO] [1783870914.171121094, 374.772000000]: Footprint model 'polygon' loaded for trajectory optimization.
[INFO] [1783870914.765311590, 375.368000000]: Footprint model 'polygon' loaded for trajectory optimization.
[INFO] [1783870916.611143175, 377.208000000]: GOAL Reached!
[INFO] [1783870916.765090340, 377.362000000]: Footprint model 'polygon' loaded for trajectory optimization.
[INFO] [1783870917.631534939, 378.226000000]: Footprint model 'polygon' loaded for trajectory optimization.
[INFO] [1783870918.180687478, 378.774000000]: Footprint model 'polygon' loaded for trajectory optimization.
[INFO] [1783870918.802075833, 379.396000000]: Footprint model 'polygon' loaded for trajectory optimization.
[INFO] [1783870919.432932532, 380.026000000]: Footprint model 'polygon' loaded for trajectory optimization.
[INFO] [1783870920.02[WARN] [1783870942.368925961, 402.920000000]: TebLocalPlannerROS: possible oscillation (of the robot or its local plan) detected. Activating recovery strategy (prefer current turning direction during optimization).
8329917, 380.618000000]: Footprint model 'polygon' loaded for trajectory optimization.
[INFO] [1783870920.632823159, 381.222000000]: Footprint model 'polygon' loaded for trajectory optimization.
[INFO] [1783870921.184467453, 381.772000000]: Footprint model 'polygon' loaded for trajectory optimization.
[INFO] [1783870921.769640091, 382.358000000]: TebLocalPlannerROS: oscillation recovery disabled/expired.
[INFO] [1783870921.833424362, 382.422000000]: Footprint model 'polygon' loaded for trajectory optimization.
[INFO] [1783870922.434774517, 383.022000000]: Footprint model 'polygon' loaded for trajectory optimization.
[INFO] [1783870922.986720817, 383.572000000]: Footprint model 'polygon' loaded for trajectory optimization.
[INFO] [1783870925.273086541, 385.858000000]: GOAL Reached!
[INFO] [1783870925.415775300, 386.000000000]: Footprint model 'polygon' loaded for trajectory optimization.
[INFO] [1783870926.325782708, 386.906000000]: Footprint model 'polygon' loaded for trajectory optimization.
[INFO] [1783870926.911193014, 387.490000000]: Footprint model 'polygon' loaded for trajectory optimization.
[INFO] [1783870927.513717261, 388.090000000]: Footprint model 'polygon' loaded for trajectory optimization.
[INFO] [1783870928.062543408, 388.638000000]: Footprint model 'polygon' loaded for trajectory optimization.
[INFO] [1783870928.667570655, 389.242000000]: Footprint model 'polygon' loaded for trajectory optimization.
[INFO] [1783870929.269840538, 389.844000000]: Footprint model 'polygon' loaded for trajectory optimization.
[INFO] [1783870929.872151296, 390.444000000]: Footprint model 'polygon' loaded for trajectory optimization.
[INFO] [1783870933.539991303, 394.106000000]: Footprint model 'polygon' loaded for trajectory optimization.
[INFO] [1783870934.122334485, 394.688000000]: Footprint model 'polygon' loaded for trajectory optimization.
[INFO] [1783870934.731998445, 395.296000000]: Footprint model 'polygon' loaded for trajectory optimization.
[INFO] [1783870935.324791959, 395.888000000]: Footprint model 'polygon' loaded for trajectory optimization.
[INFO] [1783870935.922975342, 396.486000000]: Footprint model 'polygon' loaded for trajectory optimization.
[INFO] [1783870936.481294425, 397.042000000]: Footprint model 'polygon' loaded for trajectory optimization.
[INFO] [1783870937.135580028, 397.696000000]: Footprint model 'polygon' loaded for trajectory optimization.
[INFO] [1783870937.685645159, 398.244000000]: Footprint model 'polygon' loaded for trajectory optimization.
[INFO] [1783870938.286699353, 398.846000000]: Footprint model 'polygon' loaded for trajectory optimization.
[INFO] [1783870938.936317081, 399.492000000]: Footprint model 'polygon' loaded for trajectory optimization.
[INFO] [1783870939.528992709, 400.088000000]: Footprint model 'polygon' loaded for trajectory optimization.
[INFO] [1783870940.141425213, 400.698000000]: Footprint model 'polygon' loaded for trajectory optimization.
[INFO] [1783870940.734040439, 401.290000000]: Footprint model 'polygon' loaded for trajectory optimization.
[INFO] [1783870941.339424427, 401.892000000]: Footprint model 'polygon' loaded for trajectory optimization.
[INFO] [1783870941.888791619, 402.440000000]: Footprint model 'polygon' loaded for trajectory optimization.
[INFO] [1783870942.549660845, 403.100000000]: Footprint model 'polygon' loaded for trajectory optimization.
[INFO] [1783870943.149409587, 403.698000000]: Footprint model 'polygon' loaded for trajectory optimization.
[INFO] [1783870943.743764024, 404.292000000]: Footprint model 'polygon' loaded for trajectory optimization.
[INFO] [1783870944.349831468, 404.896000000]: Footprint model 'polygon' loaded for trajectory optimization.
[INFO] [1783870944.904907922, 405.452000000]: Footprint model 'polygon' loaded for trajectory optimization.
[INFO] [1783870945.502249676, 406.046000000]: Footprint model 'polygon' loaded for trajectory optimization.
[INFO] [1783870946.105606387, 406.650000000]: Footprint model 'polygon' loaded for trajectory optimization.
[INFO] [1783870946.756491322, 407.302000000]: Footprint model 'p[ERROR] [1783870953.087165094, 413.620000000]: Aborting because the robot appears to be oscillating over and over. Even after executing all recovery behaviors
[WARN] [1783870953.559454933, 414.094000000]: The origin for the sensor at (7.64, -0.02) is out of map bounds. So, the costmap cannot raytrace for it.
olygon' loaded for trajectory optimization.
[INFO] [1783870947.309928534, 407.852000000]: Footprint model 'polygon' loaded for trajectory optimization.
[INFO] [1783870947.903060490, 408.446000000]: Footprint model 'polygon' loaded for trajectory optimization.
[INFO] [1783870948.510922599, 409.052000000]: Footprint model 'polygon' loaded for trajectory optimization.
[INFO] [1783870949.107616844, 409.648000000]: Footprint model 'polygon' loaded for trajectory optimization.
[INFO] [1783870949.758788847, 410.298000000]: Footprint model 'polygon' loaded for trajectory optimization.
[INFO] [1783870950.368843486, 410.906000000]: Footprint model 'polygon' loaded for trajectory optimization.
[INFO] [1783870950.956154415, 411.492000000]: Footprint model 'polygon' loaded for trajectory optimization.
[INFO] [1783870951.554012786, 412.090000000]: Footprint model 'polygon' loaded for trajectory optimization.
[INFO] [1783870952.116837806, 412.652000000]: Footprint model 'polygon' loaded for trajectory optimization.
[INFO] [1783870952.771323265, 413.306000000]: Footprint model 'polygon' loaded for trajectory optimization.
[INFO] [1783870953.482538740, 414.016000000]: Footprint model 'polygon' loaded for trajectory optimization.
[INFO] [1783870954.354642043, 414.884000000]: Footprint model 'polygon' loaded for trajectory optimization.
[INFO] [1783870954.892632312, 415.422000000]: Footprint model 'polygon' loaded for trajectory optimization.
[INFO] [1783870955.540171000, 416.072000000]: Footprint model 'polygon' loaded for trajectory optimization.
[INFO] [1783870956.094449580, 416.624000000]: Footprint model 'polygon' loaded for trajectory optimization.
[INFO] [1783870956.745739366, 417.272000000]: Footprint model 'polygon' loaded for trajectory optimization.
[INFO] [1783870957.350395170, 417.876000000]: Footprint model 'polygon' loaded for trajectory optimization.
[INFO] [1783870957.901924267, 418.428000000]: Footprint model 'polygon' loaded for trajectory optimization.
[INFO] [1783870958.549680617, 419.074000000]: Footprint model 'polygon' loaded for trajectory optimization.
[INFO] [1783870959.098883214, 419.622000000]: Footprint model 'polygon' loaded for trajectory optimization.
[INFO] [1783870959.745067139, 420.270000000]: Footprint model 'polygon' loaded for trajectory optimization.
[INFO] [1783870960.344065120, 420.868000000]: Footprint model 'polygon' loaded for trajectory optimization.
[INFO] [1783870960.901349752, 421.422000000]: Footprint model 'polygon' loaded for trajectory optimization.
[INFO] [1783870961.551112732, 422.070000000]: Footprint model 'polygon' loaded for trajectory optimization.
[INFO] [1783870964.492978175, 425.008000000]: GOAL Reached!
[INFO] [1783870964.636261480, 425.152000000]: Footprint model 'polygon' loaded for trajectory optimization.
[INFO] [1783870965.512927381, 426.026000000]: Footprint model 'polygon' loaded for trajectory optimization.
[INFO] [1783870965.823643993, 426.338000000]: TebLocalPlannerROS: oscillation recovery disabled/expired.
[INFO] [1783870966.090478205, 426.604000000]: Footprint model 'polygon' loaded for trajectory optimization.
[INFO] [1783870966.644393150, 427.156000000]: Footprint model 'polygon' loaded for trajectory optimization.
[INFO] [1783870967.248329433, 427.756000000]: Footprint model 'polygon' loaded for trajectory optimization.
[INFO] [1783870967.845472722, 428.354000000]: Footprint model 'polygon' loaded for trajectory optimization.
[INFO] [1783870968.443904322, 428.952000000]: Footprint model 'polygon' loaded for trajectory optimization.
[INFO] [1783870969.094864778, 429.602000000]: Footprint model 'polygon' loaded for trajectory optimization.
[INFO] [1783870969.692023482, 430.198000000]: Footprint model 'polygon' loaded for trajectory optimization.
[INFO] [1783870970.246005138, 430.750000000]: Footprint model 'polygon' loaded for trajectory optimization.
[INFO] [1783870972.036297722, 432.538000000]: GOAL Reached!
[INFO] [1783870972.195921573, 432.698000000]: Footprint model 'polygon' loaded for trajectory optimization.
[INFO] [1783870973.086282651, 433.588000000]: F[WARN] [1783870988.922318606, 449.396000000]: TebLocalPlannerROS: possible oscillation (of the robot or its local plan) detected. Activating recovery strategy (prefer current turning direction during optimization).
[ERROR] [1783870994.630626853, 455.096000000]: Aborting because the robot appears to be oscillating over and over. Even after executing all recovery behaviors
[WARN] [1783870995.029877072, 455.494000000]: The origin for the sensor at (7.71, 0.08) is out of map bounds. So, the costmap cannot raytrace for it.
ootprint model 'polygon' loaded for trajectory optimization.
[INFO] [1783870973.769748559, 434.268000000]: Footprint model 'polygon' loaded for trajectory optimization.
[INFO] [1783870974.370140871, 434.866000000]: Footprint model 'polygon' loaded for trajectory optimization.
[INFO] [1783870974.919667660, 435.418000000]: Footprint model 'polygon' loaded for trajectory optimization.
[INFO] [1783870975.522778281, 436.018000000]: Footprint model 'polygon' loaded for trajectory optimization.
[INFO] [1783870976.172974971, 436.666000000]: Footprint model 'polygon' loaded for trajectory optimization.
[INFO] [1783870976.771865699, 437.264000000]: Footprint model 'polygon' loaded for trajectory optimization.
[INFO] [1783870980.336642488, 440.824000000]: Footprint model 'polygon' loaded for trajectory optimization.
[INFO] [1783870980.929105835, 441.418000000]: Footprint model 'polygon' loaded for trajectory optimization.
[INFO] [1783870981.577771948, 442.068000000]: Footprint model 'polygon' loaded for trajectory optimization.
[INFO] [1783870982.131818882, 442.616000000]: Footprint model 'polygon' loaded for trajectory optimization.
[INFO] [1783870982.733371432, 443.220000000]: Footprint model 'polygon' loaded for trajectory optimization.
[INFO] [1783870983.336123111, 443.818000000]: Footprint model 'polygon' loaded for trajectory optimization.
[INFO] [1783870983.934425298, 444.416000000]: Footprint model 'polygon' loaded for trajectory optimization.
[INFO] [1783870984.587725115, 445.068000000]: Footprint model 'polygon' loaded for trajectory optimization.
[INFO] [1783870985.186352764, 445.664000000]: Footprint model 'polygon' loaded for trajectory optimization.
[INFO] [1783870985.789956837, 446.268000000]: Footprint model 'polygon' loaded for trajectory optimization.
[INFO] [1783870986.338372724, 446.816000000]: Footprint model 'polygon' loaded for trajectory optimization.
[INFO] [1783870986.936418460, 447.414000000]: Footprint model 'polygon' loaded for trajectory optimization.
[INFO] [1783870987.593980721, 448.070000000]: Footprint model 'polygon' loaded for trajectory optimization.
[INFO] [1783870988.142367396, 448.616000000]: Footprint model 'polygon' loaded for trajectory optimization.
[INFO] [1783870988.753799930, 449.226000000]: Footprint model 'polygon' loaded for trajectory optimization.
[INFO] [1783870989.352824932, 449.826000000]: Footprint model 'polygon' loaded for trajectory optimization.
[INFO] [1783870990.007522974, 450.480000000]: Footprint model 'polygon' loaded for trajectory optimization.
[INFO] [1783870990.548622575, 451.018000000]: Footprint model 'polygon' loaded for trajectory optimization.
[INFO] [1783870991.213477204, 451.682000000]: Footprint model 'polygon' loaded for trajectory optimization.
[INFO] [1783870991.754138335, 452.222000000]: Footprint model 'polygon' loaded for trajectory optimization.
[INFO] [1783870992.409701767, 452.878000000]: Footprint model 'polygon' loaded for trajectory optimization.
[INFO] [1783870993.003560279, 453.470000000]: Footprint model 'polygon' loaded for trajectory optimization.
[INFO] [1783870993.558037077, 454.026000000]: Footprint model 'polygon' loaded for trajectory optimization.
[INFO] [1783870994.161581596, 454.626000000]: Footprint model 'polygon' loaded for trajectory optimization.
[INFO] [1783870994.939102669, 455.404000000]: Footprint model 'polygon' loaded for trajectory optimization.
[INFO] [1783870995.802440196, 456.264000000]: Footprint model 'polygon' loaded for trajectory optimization.
[INFO] [1783870996.361933774, 456.822000000]: Footprint model 'polygon' loaded for trajectory optimization.
[INFO] [1783870996.960858466, 457.422000000]: Footprint model 'polygon' loaded for trajectory optimization.
[INFO] [1783870997.558474424, 458.020000000]: Footprint model 'polygon' loaded for trajectory optimization.
[INFO] [1783870998.209114132, 458.666000000]: Footprint model 'polygon' loaded for trajectory optimization.
[INFO] [1783870998.764497010, 459.218000000]: Footprint model 'polygon' loaded for trajectory optimization.
[INFO] [1783870999.410693881, 459.868000000]: Footprint model 'polygon' loaded for trajectory optimization.
[INFO] [1783871000.009935681, 460.466000000]: Footprint model 'polygon' loaded for trajectory optimization.
[INFO] [1783871001.651194244, 462.104000000]: GOAL Reached!
[INFO] [1783871001.805542361, 462.260000000]: Footprint model 'polygon' loaded for trajectory optimization.
[INFO] [1783871002.692541321, 463.142000000]: Footprint model 'polygon' loaded for trajectory optimization.
[INFO] [1783871003.282370182, 463.732000000]: Footprint model 'polygon' loaded for trajectory optimization.
[INFO] [1783871003.838628461, 464.286000000]: Footprint model 'polygon' loaded for trajectory optimization.
[INFO] [1783871004.485886989, 464.934000000]: Footprint model 'polygon' loaded for trajectory optimization.
[INFO] [1783871005.039747803, 465.486000000]: Footprint model 'polygon' loaded for trajectory optimization.
[INFO] [1783871005.640698501, 466.086000000]: Footprint model 'polygon' loaded for trajectory optimization.
[INFO] [1783871006.291519940, 466.734000000]: Footprint model 'polygon' loaded for trajectory optimization.
[INFO] [1783871006.527986305, 466.970000000]: TebLocalPlannerROS: oscillation recovery disabled/expired.
[INFO] [1783871006.841222746, 467.284000000]: Footprint model 'polygon' loaded for trajectory optimization.
[INFO] [1783871007.492421717, 467.934000000]: Footprint model 'polygon' loaded for trajectory optimization.
[INFO] [1783871008.043954836, 468.484000000]: Footprint model 'polygon' loaded for trajectory optimization.
[INFO] [1783871008.692103665, 469.132000000]: Footprint model 'polygon' loaded for trajectory optimization.
[INFO] [1783871010.333979916, 470.770000000]: GOAL Reached!
[INFO] [1783871010.483245023, 470.920000000]: Footprint model 'polygon' loaded for trajectory optimization.
[INFO] [1783871011.373466281, 471.808000000]: Footprint model 'polygon' loaded for trajectory optimization.
[INFO] [1783871012.063976761, 472.498000000]: Footprint model 'polygon' loaded for trajectory optimization.
[INFO] [1783871012.654230357, 473.086000000]: Footprint model 'polygon' loaded for trajectory optimization.
[INFO] [1783871013.210762919, 473.644000000]: Footprint model 'polygon' loaded for trajectory optimization.
[INFO] [1783871013.817442548, 474.248000000]: Footprint model 'polygon' loaded for trajectory optimization.
[INFO] [1783871014.413612413, 474.842000000]: Footprint model 'polygon' loaded for trajectory optimization.
[INFO] [1783871015.025240866, 475.454000000]: Footprint model 'polygon' loaded for trajectory optimization.
[INFO] [1783871018.684526494, 479.106000000]: Footprint model 'polygon' loaded for trajectory optimization.
[INFO] [1783871019.262132774, 479.684000000]: Footprint model 'polygon' loaded for trajectory optimization.
[INFO] [1783871019.877324060, 480.298000000]: Footprint model 'polygon' loaded for trajectory optimization.
[INFO] [1783871020.468433617, 480.888000000]: Footprint model 'polygon' loaded for trajectory optimization.
[INFO] [1783871021.025347239, 481.444000000]: Footprint model 'polygon' loaded for trajectory optimization.
[INFO] [1783871021.678187411, 482.096000000]: Footprint model 'polygon' loaded for trajectory optimization.
[INFO] [1783871022.268152170, 482.686000000]: Footprint model 'polygon' loaded for trajectory optimization.
[INFO] [1783871022.819182314, 483.236000000]: Footprint model 'polygon' loaded for trajectory optimization.
[INFO] [1783871023.429151425, 483.844000000]: Footprint model 'polygon' loaded for trajectory optimization.
[INFO] [1783871024.033127041, 484.446000000]: Footprint model 'polygon' loaded for trajectory optimization.
[INFO] [1783871024.682005838, 485.096000000]: Footprint model 'polygon' loaded for trajectory optimization.
[INFO] [1783871025.230341302, 485.640000000]: Footprint model 'polygon' loaded for trajectory optimization.
[INFO] [1783871025.884560260, 486.296000000]: Footprint model 'polygon' loaded for trajectory optimization.
[INFO] [1783871026.436775041, 486.848000000]: Footprint model 'polygon' loaded for trajectory optimization.
[INFO] [1783871027.085[WARN] [1783871027.609803369, 488.020000000]: TebLocalPlannerROS: possible oscillation (of the robot or its local plan) detected. Activating recovery strategy (prefer current turning direction during optimization).
[ERROR] [1783871037.525748075, 497.920000000]: Aborting because the robot appears to be oscillating over and over. Even after executing all recovery behaviors
[ERROR] [1783871047.497160967, 507.872000000]: TebOptimalPlanner::getVelocityCommand() - timediff<=0 is invalid!
[WARN] [1783871047.497247622, 507.872000000]: TebLocalPlannerROS: velocity command invalid. Resetting planner...
739369, 487.496000000]: Footprint model 'polygon' loaded for trajectory optimization.
[INFO] [1783871027.686593257, 488.096000000]: Footprint model 'polygon' loaded for trajectory optimization.
[INFO] [1783871028.279391574, 488.688000000]: Footprint model 'polygon' loaded for trajectory optimization.
[INFO] [1783871028.844042639, 489.252000000]: Footprint model 'polygon' loaded for trajectory optimization.
[INFO] [1783871029.495890476, 489.902000000]: Footprint model 'polygon' loaded for trajectory optimization.
[INFO] [1783871030.093703581, 490.500000000]: Footprint model 'polygon' loaded for trajectory optimization.
[INFO] [1783871030.639650958, 491.044000000]: Footprint model 'polygon' loaded for trajectory optimization.
[INFO] [1783871031.242540862, 491.644000000]: Footprint model 'polygon' loaded for trajectory optimization.
[INFO] [1783871031.900837191, 492.302000000]: Footprint model 'polygon' loaded for trajectory optimization.
[INFO] [1783871032.497080454, 492.898000000]: Footprint model 'polygon' loaded for trajectory optimization.
[INFO] [1783871033.103902649, 493.504000000]: Footprint model 'polygon' loaded for trajectory optimization.
[INFO] [1783871033.691493856, 494.090000000]: Footprint model 'polygon' loaded for trajectory optimization.
[INFO] [1783871034.309745731, 494.708000000]: Footprint model 'polygon' loaded for trajectory optimization.
[INFO] [1783871034.895748064, 495.292000000]: Footprint model 'polygon' loaded for trajectory optimization.
[INFO] [1783871035.453399632, 495.850000000]: Footprint model 'polygon' loaded for trajectory optimization.
[INFO] [1783871036.052518821, 496.448000000]: Footprint model 'polygon' loaded for trajectory optimization.
[INFO] [1783871036.658005018, 497.052000000]: Footprint model 'polygon' loaded for trajectory optimization.
[INFO] [1783871037.311070911, 497.706000000]: Footprint model 'polygon' loaded for trajectory optimization.
[INFO] [1783871037.977170853, 498.368000000]: Footprint model 'polygon' loaded for trajectory optimization.
[INFO] [1783871038.855127724, 499.246000000]: Footprint model 'polygon' loaded for trajectory optimization.
[INFO] [1783871039.443491921, 499.832000000]: Footprint model 'polygon' loaded for trajectory optimization.
[INFO] [1783871039.997392376, 500.388000000]: Footprint model 'polygon' loaded for trajectory optimization.
[INFO] [1783871040.601948217, 500.988000000]: Footprint model 'polygon' loaded for trajectory optimization.
[INFO] [1783871041.250201838, 501.636000000]: Footprint model 'polygon' loaded for trajectory optimization.
[INFO] [1783871041.853013961, 502.238000000]: Footprint model 'polygon' loaded for trajectory optimization.
[INFO] [1783871042.454093006, 502.836000000]: Footprint model 'polygon' loaded for trajectory optimization.
[INFO] [1783871043.010671003, 503.392000000]: Footprint model 'polygon' loaded for trajectory optimization.
[INFO] [1783871043.629893603, 504.010000000]: Footprint model 'polygon' loaded for trajectory optimization.
[INFO] [1783871044.256304419, 504.638000000]: Footprint model 'polygon' loaded for trajectory optimization.
[INFO] [1783871044.806291828, 505.184000000]: Footprint model 'polygon' loaded for trajectory optimization.
[INFO] [1783871045.456462365, 505.834000000]: Footprint model 'polygon' loaded for trajectory optimization.
[INFO] [1783871046.055502593, 506.432000000]: Footprint model 'polygon' loaded for trajectory optimization.
[INFO] [1783871046.608592987, 506.984000000]: Footprint model 'polygon' loaded for trajectory optimization.
[INFO] [1783871047.260723488, 507.636000000]: Footprint model 'polygon' loaded for trajectory optimization.
[INFO] [1783871049.301355383, 509.672000000]: GOAL Reached!
[INFO] [1783871049.449639621, 509.820000000]: Footprint model 'polygon' loaded for trajectory optimization.
[INFO] [1783871050.317099673, 510.686000000]: Footprint model 'polygon' loaded for trajectory optimization.
[INFO] [1783871050.647754545, 511.016000000]: TebLocalPlannerROS: oscillation recovery disabled/expired.
[INFO] [1783871050.865486696, 511.234000000]: Footprint model 'po[WARN] [1783871063.117614486, 523.466000000]: TebLocalPlannerROS: possible oscillation (of the robot or its local plan) detected. Activating recovery strategy (prefer current turning direction during optimization).
[WARN] [1783870864.933117, 325.614000]: training environment stop requested: config_seq 31 did not activate within 2.000s
[WARN] [1783871070.887125, 531.222000]: training environment stop requested: TebParameterError: dynamic_reconfigure service call failed: service call failed
[WARN] [1783871073.091893, 533.422000]: training environment stop requested: adapter_close
Traceback (most recent call last):
  File "/home/robot/robot_ws_base_rl/src/tools/thesis_experiment/src/thesis_experiment/t11_training.py", line 452, in run
    return self._ablation(raw_vec, recorded, recorder)
  File "/home/robot/robot_ws_base_rl/src/tools/thesis_experiment/src/thesis_experiment/t11_training.py", line 527, in _ablation
    returns = self._evaluate(model, vec, recorded, scenarios, "test")
  File "/home/robot/robot_ws_base_rl/src/tools/thesis_experiment/src/thesis_experiment/t11_training.py", line 434, in _evaluate
    observation, rewards, dones, _ = vec.step(action)
  File "/home/robot/robot_ws_base_rl/.venv/lib/python3.8/site-packages/stable_baselines3/common/vec_env/base_vec_env.py", line 206, in step
    return self.step_wait()
  File "/home/robot/robot_ws_base_rl/.venv/lib/python3.8/site-packages/stable_baselines3/common/vec_env/vec_normalize.py", line 181, in step_wait
    obs, rewards, dones, infos = self.venv.step_wait()
  File "/home/robot/robot_ws_base_rl/.venv/lib/python3.8/site-packages/stable_baselines3/common/vec_env/dummy_vec_env.py", line 70, in step_wait
    obs, self.reset_infos[env_idx] = self.envs[env_idx].reset()
  File "/home/robot/robot_ws_base_rl/src/tools/thesis_experiment/src/thesis_experiment/t11_training.py", line 250, in reset
    observation, info = self.env.reset(**kwargs)
  File "/home/robot/robot_ws_base_rl/src/application/teb_rl_tuner/src/teb_rl_tuner/sac_environment.py", line 89, in reset
    observation, info = self.core.reset(seed=seed)
  File "/home/robot/robot_ws_base_rl/src/application/teb_rl_tuner/src/teb_rl_tuner/training_environment.py", line 218, in reset
    self._restore_snapshot()
  File "/home/robot/robot_ws_base_rl/src/application/teb_rl_tuner/src/teb_rl_tuner/training_environment.py", line 210, in _restore_snapshot
    self.adapter.restore_parameter_snapshot(self._snapshot)
  File "/home/robot/robot_ws_base_rl/src/tools/thesis_experiment/src/thesis_experiment/gazebo_training_adapter.py", line 309, in restore_parameter_snapshot
    record = self.parameter_client.apply(snapshot)
  File "/home/robot/robot_ws_base_rl/src/application/teb_rl_tuner/src/teb_rl_tuner/teb_parameter_client.py", line 263, in apply
    raise exc
  File "/home/robot/robot_ws_base_rl/src/application/teb_rl_tuner/src/teb_rl_tuner/teb_parameter_client.py", line 231, in apply
    ack_raw = self._backend.update_configuration(request, self._timeout_s)
  File "/home/robot/robot_ws_base_rl/src/application/teb_rl_tuner/src/teb_rl_tuner/teb_parameter_client.py", line 390, in update_configuration
    return _daemon_call(lambda: self._client.update_configuration(dict(values)), timeout_s)
  File "/home/robot/robot_ws_base_rl/src/application/teb_rl_tuner/src/teb_rl_tuner/teb_parameter_client.py", line 352, in _daemon_call
    raise TebParameterError("dynamic_reconfigure service call failed: {}".format(value))
teb_rl_tuner.teb_parameter_client.TebParameterError: dynamic_reconfigure service call failed: service call failed

During handling of the above exception, another exception occurred:

Traceback (most recent call last):
  File "/home/robot/robot_ws_base_rl/src/tools/thesis_experiment/src/thesis_experiment/gazebo_training_adapter.py", line 547, in close
    self.parameter_client.restore()
  File "/home/robot/robot_ws_base_rl/src/application/teb_rl_tuner/src/teb_rl_tuner/teb_parameter_client.py", line 303, in restore
    return self._restore_snapshot()
  File "/home/robot/robot_ws_base_rl/src/application/teb_rl_tuner/src/teb_rl_tuner/teb_parameter_client.py", line 273, in _restore_snapshot
    ack_raw = self._backend.update_configuration(self._snapshot, self._timeout_s)
  File "/home/robot/robot_ws_base_rl/src/application/teb_rl_tuner/src/teb_rl_tuner/teb_parameter_client.py", line 390, in update_configuration
    return _daemon_call(lambda: self._client.update_configuration(dict(values)), timeout_s)
  File "/home/robot/robot_ws_base_rl/src/application/teb_rl_tuner/src/teb_rl_tuner/teb_parameter_client.py", line 352, in _daemon_call
    raise TebParameterError("dynamic_reconfigure service call failed: {}".format(value))
teb_rl_tuner.teb_parameter_client.TebParameterError: dynamic_reconfigure service call failed: service call failed

During handling of the above exception, another exception occurred:

Traceback (most recent call last):
  File "/home/robot/robot_ws_base_rl/devel/lib/thesis_experiment/t11_formal_run.py", line 15, in <module>
    exec(compile(fh.read(), python_script, 'exec'), context)
  File "/home/robot/robot_ws_base_rl/src/tools/thesis_experiment/scripts/t11_formal_run.py", line 20, in <module>
    sys.exit(main())
  File "/home/robot/robot_ws_base_rl/src/tools/thesis_experiment/scripts/t11_formal_run.py", line 14, in main
    report = T11FormalRunner().run()
  File "/home/robot/robot_ws_base_rl/src/tools/thesis_experiment/src/thesis_experiment/t11_training.py", line 455, in run
    self.adapter.close()
  File "/home/robot/robot_ws_base_rl/src/tools/thesis_experiment/src/thesis_experiment/gazebo_training_adapter.py", line 549, in close
    self.parameter_client.close()
  File "/home/robot/robot_ws_base_rl/src/application/teb_rl_tuner/src/teb_rl_tuner/teb_parameter_client.py", line 318, in close
    self._restore_snapshot(operation="close_restore")
  File "/home/robot/robot_ws_base_rl/src/application/teb_rl_tuner/src/teb_rl_tuner/teb_parameter_client.py", line 273, in _restore_snapshot
    ack_raw = self._backend.update_configuration(self._snapshot, self._timeout_s)
  File "/home/robot/robot_ws_base_rl/src/application/teb_rl_tuner/src/teb_rl_tuner/teb_parameter_client.py", line 390, in update_configuration
    return _daemon_call(lambda: self._client.update_configuration(dict(values)), timeout_s)
  File "/home/robot/robot_ws_base_rl/src/application/teb_rl_tuner/src/teb_rl_tuner/teb_parameter_client.py", line 352, in _daemon_call
    raise TebParameterError("dynamic_reconfigure service call failed: {}".format(value))
teb_rl_tuner.teb_parameter_client.TebParameterError: dynamic_reconfigure service call failed: service call failed
[INFO] [1783870537.796461409]: Finished loading Gazebo ROS API Plugin.
[INFO] [1783870537.797274524]: waitForService: Service [/gazebo/set_physics_properties] has not been advertised, waiting...
[INFO] [1783870538.453046408, 0.008000000]: waitForService: Service [/gazebo/set_physics_properties] is now available.
[INFO] [1783870538.490086656, 0.042000000]: Physics dynamic reconfigure ready.
[INFO] [1783870538.684581233, 0.176000000]: <initialOrientationAsReference> is unset, using default value of false to comply with REP 145 (world as orientation reference)
[INFO] [1783870538.684662275, 0.176000000]: <robotNamespace> set to: //
[INFO] [1783870538.684675140, 0.176000000]: <topicName> set to: imu/data
[INFO] [1783870538.684684421, 0.176000000]: <frameName> set to: imu_link
[INFO] [1783870538.684714435, 0.176000000]: <updateRateHZ> set to: 50
[INFO] [1783870538.684729232, 0.176000000]: <gaussianNoise> set to: 0
[INFO] [1783870538.684763410, 0.176000000]: <xyzOffset> set to: 0 0 0
[INFO] [1783870538.684795609, 0.176000000]: <rpyOffset> set to: 0 -0 0
[INFO] [1783870538.803343122, 0.176000000]: Laser Plugin: Using the 'robotNamespace' param: '/'
[INFO] [1783870538.803364582, 0.176000000]: Starting Laser Plugin (ns = /)
[INFO] [1783870538.804482553, 0.176000000]: Laser Plugin (ns = /)  <tf_prefix_>, set to ""
[INFO] [1783870538.913096119, 0.176000000]: M2 simulation-only Ackermann interface loaded; cmd_angle_instead_rotvel=false
[31mWARNING: disk usage in log directory [/home/robot/.ros/log] is over 1GB.
It's recommended that you use the 'rosclean' command.[0m
WARNING: Package name "gazebo_ros_2Dmap_plugin" does not follow the naming conventions. It should start with a lower case letter and only contain lower case letters, digits, underscores, and dashes.
WARNING: Package name "gazebo_ros_2Dmap_plugin" does not follow the naming conventions. It should start with a lower case letter and only contain lower case letters, digits, underscores, and dashes.
[31m[move_base-5] process has died [pid 288969, exit code -11, cmd /opt/ros/noetic/lib/move_base/move_base cmd_vel:=/cmd_vel odom:=/odom __name:=move_base __log:=/home/robot/.ros/log/54189d64-7e07-11f1-91bc-3382cc4c3ed1/move_base-5.log].
log file: /home/robot/.ros/log/54189d64-7e07-11f1-91bc-3382cc4c3ed1/move_base-5*.log[0m
[31m================================================================================REQUIRED process [t11_formal_run-6] has died!
process has died [pid 288970, exit code 1, cmd /home/robot/robot_ws_base_rl/.venv/bin/python /home/robot/robot_ws_base_rl/devel/lib/thesis_experiment/t11_formal_run.py __name:=t11_formal_run __log:=/home/robot/.ros/log/54189d64-7e07-11f1-91bc-3382cc4c3ed1/t11_formal_run-6.log].
log file: /home/robot/.ros/log/54189d64-7e07-11f1-91bc-3382cc4c3ed1/t11_formal_run-6*.log
Initiating shutdown!
================================================================================[0m
... logging to /home/robot/.ros/log/54189d64-7e07-11f1-91bc-3382cc4c3ed1/roslaunch-WP-288823.log
Checking log directory for disk usage. This may take a while.
Press Ctrl-C to interrupt
]2;/home/robot/robot_ws_base_rl/src/tools/thesis_experiment/launch/t11_formal_run.launch
[1mstarted roslaunch server http://WP:37267/[0m

SUMMARY
========

PARAMETERS
 * /gazebo/enable_ros_network: True
 * /m2_gazebo/simulation_only: True
 * /m2_robot_state_publisher/publish_frequency: 30.0
 * /move_base/TebLocalPlannerROS/acc_lim_theta: 0.8
 * /move_base/TebLocalPlannerROS/acc_lim_x: 0.8
 * /move_base/TebLocalPlannerROS/allow_init_with_backwards_motion: True
 * /move_base/TebLocalPlannerROS/cmd_angle_instead_rotvel: False
 * /move_base/TebLocalPlannerROS/costmap_obstacles_behind_robot_dist: 1.5
 * /move_base/TebLocalPlannerROS/dt_hysteresis: 0.1
 * /move_base/TebLocalPlannerROS/dt_ref: 0.3
 * /move_base/TebLocalPlannerROS/enable_homotopy_class_planning: False
 * /move_base/TebLocalPlannerROS/enable_multithreading: True
 * /move_base/TebLocalPlannerROS/feasibility_check_no_poses: 5
 * /move_base/TebLocalPlannerROS/footprint_model/type: polygon
 * /move_base/TebLocalPlannerROS/footprint_model/vertices: [[0.52, 0.35], [0...
 * /move_base/TebLocalPlannerROS/global_plan_overwrite_orientation: True
 * /move_base/TebLocalPlannerROS/include_costmap_obstacles: True
 * /move_base/TebLocalPlannerROS/inflation_dist: 0.55
 * /move_base/TebLocalPlannerROS/map_frame: odom
 * /move_base/TebLocalPlannerROS/max_global_plan_lookahead_dist: 8.0
 * /move_base/TebLocalPlannerROS/max_number_classes: 4
 * /move_base/TebLocalPlannerROS/max_samples: 500
 * /move_base/TebLocalPlannerROS/max_vel_theta: 1.0
 * /move_base/TebLocalPlannerROS/max_vel_x: 1.2
 * /move_base/TebLocalPlannerROS/max_vel_x_backwards: 0.6
 * /move_base/TebLocalPlannerROS/max_vel_y: 0.0
 * /move_base/TebLocalPlannerROS/min_obstacle_dist: 0.25
 * /move_base/TebLocalPlannerROS/min_turning_radius: 1.2
 * /move_base/TebLocalPlannerROS/obstacle_poses_affected: 15
 * /move_base/TebLocalPlannerROS/odom_topic: /odom
 * /move_base/TebLocalPlannerROS/teb_autosize: True
 * /move_base/TebLocalPlannerROS/weight_acc_lim_theta: 1.0
 * /move_base/TebLocalPlannerROS/weight_acc_lim_x: 1.0
 * /move_base/TebLocalPlannerROS/weight_adapt_factor: 2.0
 * /move_base/TebLocalPlannerROS/weight_inflation: 0.1
 * /move_base/TebLocalPlannerROS/weight_kinematics_forward_drive: 10.0
 * /move_base/TebLocalPlannerROS/weight_kinematics_nh: 1000.0
 * /move_base/TebLocalPlannerROS/weight_kinematics_turning_radius: 10.0
 * /move_base/TebLocalPlannerROS/weight_max_vel_theta: 1.0
 * /move_base/TebLocalPlannerROS/weight_max_vel_x: 2.0
 * /move_base/TebLocalPlannerROS/weight_obstacle: 50.0
 * /move_base/TebLocalPlannerROS/weight_optimaltime: 1.0
 * /move_base/TebLocalPlannerROS/weight_viapoint: 1.0
 * /move_base/TebLocalPlannerROS/wheelbase: 0.65
 * /move_base/base_global_planner: navfn/NavfnROS
 * /move_base/base_local_planner: teb_local_planner...
 * /move_base/clearing_rotation_allowed: False
 * /move_base/controller_frequency: 10.0
 * /move_base/controller_patience: 5.0
 * /move_base/global_costmap/footprint: [[0.52, 0.35], [0...
 * /move_base/global_costmap/footprint_padding: 0.05
 * /move_base/global_costmap/global_frame: odom
 * /move_base/global_costmap/height: 30.0
 * /move_base/global_costmap/inflation_layer/cost_scaling_factor: 4.0
 * /move_base/global_costmap/inflation_layer/enabled: True
 * /move_base/global_costmap/inflation_layer/inflation_radius: 0.55
 * /move_base/global_costmap/obstacle_layer/enabled: True
 * /move_base/global_costmap/obstacle_layer/observation_sources: scan
 * /move_base/global_costmap/obstacle_layer/scan/clearing: True
 * /move_base/global_costmap/obstacle_layer/scan/data_type: LaserScan
 * /move_base/global_costmap/obstacle_layer/scan/inf_is_valid: True
 * /move_base/global_costmap/obstacle_layer/scan/marking: True
 * /move_base/global_costmap/obstacle_layer/scan/obstacle_range: 12.0
 * /move_base/global_costmap/obstacle_layer/scan/raytrace_range: 15.0
 * /move_base/global_costmap/obstacle_layer/scan/sensor_frame: laser_link
 * /move_base/global_costmap/obstacle_layer/scan/topic: /scan
 * /move_base/global_costmap/plugins: [{'name': 'obstac...
 * /move_base/global_costmap/publish_frequency: 2.0
 * /move_base/global_costmap/resolution: 0.05
 * /move_base/global_costmap/robot_base_frame: base_link
 * /move_base/global_costmap/rolling_window: True
 * /move_base/global_costmap/transform_tolerance: 0.3
 * /move_base/global_costmap/update_frequency: 5.0
 * /move_base/global_costmap/width: 30.0
 * /move_base/local_costmap/footprint: [[0.52, 0.35], [0...
 * /move_base/local_costmap/footprint_padding: 0.05
 * /move_base/local_costmap/global_frame: odom
 * /move_base/local_costmap/height: 12.0
 * /move_base/local_costmap/inflation_layer/cost_scaling_factor: 4.0
 * /move_base/local_costmap/inflation_layer/enabled: True
 * /move_base/local_costmap/inflation_layer/inflation_radius: 0.55
 * /move_base/local_costmap/obstacle_layer/enabled: True
 * /move_base/local_costmap/obstacle_layer/observation_sources: scan
 * /move_base/local_costmap/obstacle_layer/scan/clearing: True
 * /move_base/local_costmap/obstacle_layer/scan/data_type: LaserScan
 * /move_base/local_costmap/obstacle_layer/scan/inf_is_valid: True
 * /move_base/local_costmap/obstacle_layer/scan/marking: True
 * /move_base/local_costmap/obstacle_layer/scan/obstacle_range: 12.0
 * /move_base/local_costmap/obstacle_layer/scan/raytrace_range: 15.0
 * /move_base/local_costmap/obstacle_layer/scan/sensor_frame: laser_link
 * /move_base/local_costmap/obstacle_layer/scan/topic: /scan
 * /move_base/local_costmap/plugins: [{'name': 'obstac...
 * /move_base/local_costmap/publish_frequency: 5.0
 * /move_base/local_costmap/resolution: 0.05
 * /move_base/local_costmap/robot_base_frame: base_link
 * /move_base/local_costmap/rolling_window: True
 * /move_base/local_costmap/transform_tolerance: 0.3
 * /move_base/local_costmap/update_frequency: 10.0
 * /move_base/local_costmap/width: 12.0
 * /move_base/oscillation_distance: 0.2
 * /move_base/oscillation_timeout: 10.0
 * /move_base/planner_frequency: 1.0
 * /move_base/planner_patience: 5.0
 * /move_base/recovery_behavior_enabled: False
 * /move_base/shutdown_costmaps: False
 * /robot_description: <?xml version="1....
 * /rosdistro: noetic
 * /rosversion: 1.17.4
 * /t11_formal_run/acceptance_eval_seed_limit: 0
 * /t11_formal_run/acceptance_timesteps: 0
 * /t11_formal_run/algorithm: RL-TEB-Semantic-Eta
 * /t11_formal_run/checkpoint: /home/robot/robot...
 * /t11_formal_run/config: /home/robot/robot...
 * /t11_formal_run/output_dir: /home/robot/robot...
 * /t11_formal_run/phase: ablation
 * /t11_formal_run/run_id: t11_semantic_eta_...
 * /t11_formal_run/safety_mode: NoSafety
 * /t11_formal_run/training_seed: 104
 * /use_sim_time: True

NODES
  /
    gazebo (gazebo_ros/gzserver)
    m2_robot_state_publisher (robot_state_publisher/robot_state_publisher)
    move_base (move_base/move_base)
    spawn_m2 (gazebo_ros/spawn_model)
    t11_formal_run (thesis_experiment/t11_formal_run.py)

auto-starting new master
[1mprocess[master]: started with pid [288904][0m
[1mROS_MASTER_URI=http://localhost:11311[0m
]2;/home/robot/robot_ws_base_rl/src/tools/thesis_experiment/launch/t11_formal_run.launch http://localhost:11311
[1msetting /run_id to 54189d64-7e07-11f1-91bc-3382cc4c3ed1[0m
[1mprocess[rosout-1]: started with pid [288949][0m
started core service [/rosout]
[1mprocess[gazebo-2]: started with pid [288962][0m
[1mprocess[spawn_m2-3]: started with pid [288966][0m
[1mprocess[m2_robot_state_publisher-4]: started with pid [288968][0m
[1mprocess[move_base-5]: started with pid [288969][0m
[1mprocess[t11_formal_run-6]: started with pid [288970][0m
[1m[spawn_m2-3] process has finished cleanly
log file: /home/robot/.ros/log/54189d64-7e07-11f1-91bc-3382cc4c3ed1/spawn_m2-3*.log[0m
[t11_formal_run-6] killing on exit
[gazebo-2] killing on exit
[m2_robot_state_publisher-4] killing on exit
[rosout-1] killing on exit
[master] killing on exit
shutting down processing monitor...
... shutting down processing monitor complete
[1mdone[0m
