run_id,episode_id,step_id,config_seq,t_observation,t_decision,t_request,t_ack,t_active,t_window_end,planner_cycle_count,valid_feedback_duration,state_valid,invalid_reason,goal_distance_start,goal_distance_end,path_error_mean,path_heading_error_mean,d_obs_min,obstacle_density_mean,ttc_min,linear_velocity_mean,angular_velocity_mean,eta_before_json,action_raw_json,eta_after_json,theta_previous_json,theta_candidate_json,theta_projected_json,theta_safe_json,theta_applied_json,projection_modified,projection_reason,safety_modified,safety_mode,safety_reason,fallback_active,fallback_reason,reward_total,reward_progress,reward_time,reward_near_obstacle,reward_path_error,reward_smoothness,reward_planner_failure,reward_parameter_adjustment,reward_terminal,cost_collision,cost_near_collision,cost_parameter_violation,cost_planner_failure,cost_emergency_or_fallback,inference_latency,parameter_write_latency,parameter_activation_latency,transition_stored,transition_drop_reason
t12_t12_safety_seed101,t12_t12_safety_seed101-episode-000001,0,1,2.868,2.278,2.2800000000000002,2.298,2.318,2.818,0,0.5,true,,3.008944941257959,2.555931844402102,0.013028176644225323,0.00044442247325688364,30.0,0.0,25.74373882297476,1.1653318970602196,-0.10760188907999266,"[0.0,0.0,0.0,0.0,0.0]","[-0.023188352584838867,0.058184266090393066,0.023853421211242676,-0.08462846279144287,0.011135697364807129]","[-0.023188352584838867,0.058184266090393066,0.023853421211242676,-0.08462846279144287,0.011135697364807129]","{""acc_lim_theta"":0.8,""acc_lim_x"":0.8,""inflation_dist"":0.55,""max_vel_theta"":1.0,""max_vel_x"":1.2,""min_obstacle_dist"":0.25,""weight_obstacle"":50.0,""weight_optimaltime"":1.0,""weight_viapoint"":1.0}","{""acc_lim_theta"":0.7983941237200696,""acc_lim_x"":0.8,""inflation_dist"":0.55,""max_vel_theta"":1.0,""max_vel_x"":1.2,""min_obstacle_dist"":0.2519855441578202,""weight_obstacle"":50.0,""weight_optimaltime"":1.0,""weight_viapoint"":1.0}","{""acc_lim_theta"":0.7983941237200696,""acc_lim_x"":0.8,""inflation_dist"":0.55,""max_vel_theta"":1.0,""max_vel_x"":1.2,""min_obstacle_dist"":0.2519855441578202,""weight_obstacle"":50.0,""weight_optimaltime"":1.0,""weight_viapoint"":1.0}","{""acc_lim_theta"":0.7983941237200696,""acc_lim_x"":0.8,""inflation_dist"":0.55,""max_vel_theta"":1.0,""max_vel_x"":1.2,""min_obstacle_dist"":0.2519855441578202,""weight_obstacle"":50.0,""weight_optimaltime"":1.0,""weight_viapoint"":1.0}","{""acc_lim_theta"":0.7983941237200696,""acc_lim_x"":0.8,""inflation_dist"":0.55,""max_vel_theta"":1.0,""max_vel_x"":1.2,""min_obstacle_dist"":0.2519855441578202,""weight_obstacle"":50.0,""weight_optimaltime"":1.0,""weight_viapoint"":1.0}",false,,false,NORMAL,,false,,2.0521801384911793,2.265065484279285,-0.05,-0.0,-3.223219664498533e-05,-0.16165742685834977,-0.0,-0.0011956867331107013,0.0,0.0,0.0,0.0,0.0,0.0,1.7649759975029156,17.999999999999794,37.999999999999815,true,
t12_t12_safety_seed101,t12_t12_safety_seed101-episode-000001,1,2,3.468,2.858,2.87,2.896,2.918,3.418,0,0.5,true,,2.439404919533325,1.8561932855032446,0.011658829932825524,0.008791608855667257,30.0,0.0,25.737090705562327,1.1656329125621168,-0.00458069000152324,"[-0.023188352584838867,0.058184266090393066,0.023853421211242676,-0.08462846279144287,0.011135697364807129]","[-0.033190131187438965,0.08884704113006592,0.008934497833251953,-0.07043641805648804,-0.019175291061401367]","[-0.05637848377227783,0.14703130722045898,0.03278791904449463,-0.1550648808479309,-0.008039593696594238]","{""acc_lim_theta"":0.7983941237200696,""acc_lim_x"":0.8,""inflation_dist"":0.55,""max_vel_theta"":1.0,""max_vel_x"":1.2,""min_obstacle_dist"":0.2519855441578202,""weight_obstacle"":50.0,""weight_optimaltime"":1.0,""weight_viapoint"":1.0}","{""acc_lim_theta"":0.7985770206943519,""acc_lim_x"":0.8,""inflation_dist"":0.55,""max_vel_theta"":1.0,""max_vel_x"":1.2,""min_obstacle_dist"":0.25427785443884776,""weight_obstacle"":50.103540299493865,""weight_optimaltime"":1.0,""weight_viapoint"":1.0}","{""acc_lim_theta"":0.7985770206943519,""acc_lim_x"":0.8,""inflation_dist"":0.55,""max_vel_theta"":1.0,""max_vel_x"":1.2,""min_obstacle_dist"":0.25427785443884776,""weight_obstacle"":50.103540299493865,""weight_optimaltime"":1.0,""weight_viapoint"":1.0}","{""acc_lim_theta"":0.7985770206943519,""acc_lim_x"":0.8,""inflation_dist"":0.55,""max_vel_theta"":1.0,""max_vel_x"":1.2,""min_obstacle_dist"":0.25427785443884776,""weight_obstacle"":50.103540299493865,""weight_optimaltime"":1.0,""weight_viapoint"":1.0}","{""acc_lim_theta"":0.7985770206943519,""acc_lim_x"":0.8,""inflation_dist"":0.55,""max_vel_theta"":1.0,""max_vel_x"":1.2,""min_obstacle_dist"":0.25427785443884776,""weight_obstacle"":50.103540299493865,""weight_optimaltime"":1.0,""weight_viapoint"":1.0}",false,,false,NORMAL,,false,,2.864845995022066,2.9160581701504027,-0.05,-0.0,-2.9523716080316298e-05,-1.2922457287140074e-05,-0.0,-0.0011697289549693292,0.0,0.0,0.0,0.0,0.0,0.0,1.244620987563394,25.9999999999998,48.00000000000004,true,
t12_t12_safety_seed101,t12_t12_safety_seed101-episode-000001,2,3,4.018,3.458,3.4699999999999998,3.49,3.516,4.016,0,0.4500000000000002,true,,1.7396356249870346,1.2265732883281621,0.01069132097294365,0.012361021684642454,30.0,0.0,25.735670026096702,1.165697258691114,-0.021863407462547828,"[-0.05637848377227783,0.14703130722045898,0.03278791904449463,-0.1550648808479309,-0.008039593696594238]","[-0.013005733489990234,0.0987091064453125,0.009032011032104492,-0.06501668691635132,-0.017971694469451904]","[-0.06938421726226807,0.24574041366577148,0.04181993007659912,-0.22008156776428223,-0.026011288166046143]","{""acc_lim_theta"":0.7985770206943519,""acc_lim_x"":0.8,""inflation_dist"":0.55,""max_vel_theta"":1.0,""max_vel_x"":1.2,""min_obstacle_dist"":0.25427785443884776,""weight_obstacle"":50.103540299493865,""weight_optimaltime"":1.0,""weight_viapoint"":1.0}","{""acc_lim_theta"":0.7980365264221876,""acc_lim_x"":0.8,""inflation_dist"":0.55,""max_vel_theta"":1.0,""max_vel_x"":1.2,""min_obstacle_dist"":0.25680055334657176,""weight_obstacle"":50.200581571087646,""weight_optimaltime"":1.0,""weight_viapoint"":1.0}","{""acc_lim_theta"":0.7980365264221876,""acc_lim_x"":0.8,""inflation_dist"":0.55,""max_vel_theta"":1.0,""max_vel_x"":1.2,""min_obstacle_dist"":0.25680055334657176,""weight_obstacle"":50.200581571087646,""weight_optimaltime"":1.0,""weight_viapoint"":1.0}","{""acc_lim_theta"":0.7980365264221876,""acc_lim_x"":0.8,""inflation_dist"":0.55,""max_vel_theta"":1.0,""max_vel_x"":1.2,""min_obstacle_dist"":0.25680055334657176,""weight_obstacle"":50.200581571087646,""weight_optimaltime"":1.0,""weight_viapoint"":1.0}","{""acc_lim_theta"":0.7980365264221876,""acc_lim_x"":0.8,""inflation_dist"":0.55,""max_vel_theta"":1.0,""max_vel_x"":1.2,""min_obstacle_dist"":0.25680055334657176,""weight_obstacle"":50.200581571087646,""weight_optimaltime"":1.0,""weight_viapoint"":1.0}",false,,false,NORMAL,,false,,2.518944463654923,2.5653116832943623,-0.04500000000000002,-0.0,-2.357241219067469e-05,-5.361552930674599e-06,-0.0,-0.0013382856743182348,0.0,0.0,0.0,0.0,0.0,0.0,1.1748079996323213,20.000000000000462,46.00000000000026,true,
t12_t12_safety_seed101,t12_t12_safety_seed101-episode-000001,3,4,5.926,4.018,4.02,4.042,4.116,4.616,0,0.5,true,,1.0633625967926008,0.5410925674639158,0.0004273297555031586,7.914579693927313e-05,30.0,0.0,600.0,0.0,0.0,"[-0.06938421726226807,0.24574041366577148,0.04181993007659912,-0.22008156776428223,-0.026011288166046143]","[0.057892799377441406,0.10869038105010986,-0.004571139812469482,-0.02410823106765747,-0.020013749599456787]","[-0.01149141788482666,0.35443079471588135,0.03724879026412964,-0.2441897988319397,-0.04602503776550293]","{""acc_lim_theta"":0.7980365264221876,""acc_lim_x"":0.8,""inflation_dist"":0.55,""max_vel_theta"":1.0,""max_vel_x"":1.2,""min_obstacle_dist"":0.25680055334657176,""weight_obstacle"":50.200581571087646,""weight_optimaltime"":1.0,""weight_viapoint"":1.0}","{""acc_lim_theta"":0.795728012014507,""acc_lim_x"":0.8,""inflation_dist"":0.5500423207665966,""max_vel_theta"":1.0,""max_vel_x"":1.2,""min_obstacle_dist"":0.2591877785530538,""weight_obstacle"":50.30864927242722,""weight_optimaltime"":1.0,""weight_viapoint"":1.0}","{""acc_lim_theta"":0.795728012014507,""acc_lim_x"":0.8,""inflation_dist"":0.5500423207665966,""max_vel_theta"":1.0,""max_vel_x"":1.2,""min_obstacle_dist"":0.2591877785530538,""weight_obstacle"":50.30864927242722,""weight_optimaltime"":1.0,""weight_viapoint"":1.0}","{""acc_lim_theta"":0.795728012014507,""acc_lim_x"":0.8,""inflation_dist"":0.5500423207665966,""max_vel_theta"":1.0,""max_vel_x"":1.2,""min_obstacle_dist"":0.2591877785530538,""weight_obstacle"":50.30864927242722,""weight_optimaltime"":1.0,""weight_viapoint"":1.0}","{""acc_lim_theta"":0.795728012014507,""acc_lim_x"":0.8,""inflation_dist"":0.5500423207665966,""max_vel_theta"":1.0,""max_vel_x"":1.2,""min_obstacle_dist"":0.2591877785530538,""weight_obstacle"":50.30864927242722,""weight_optimaltime"":1.0,""weight_viapoint"":1.0}",false,,false,NORMAL,,false,,12.540828532323214,2.6113501466434252,-0.05,-0.0,-0.0005791864520924471,-0.018182182133328402,-0.0,-0.001760245734791126,10.0,0.0,0.0,0.0,0.0,0.0,1.0486550017958507,22.00000000000024,96.00000000000009,true,
t12_t12_safety_seed101,t12_t12_safety_seed101-episode-000002,0,1,7.466,6.858,6.86,6.884,6.916,7.416,0,0.5,true,,3.8807488960535252,3.939083865441854,0.03681105527428681,0.14499177985148293,30.0,0.0,65.732023699102,0.4563985453624463,0.3741675305365649,"[0.0,0.0,0.0,0.0,0.0]","[-0.21351158618927002,0.29643523693084717,0.04266655445098877,-0.2895771265029907,-0.2585982084274292]","[-0.21351158618927002,0.29643523693084717,0.04266655445098877,-0.2895771265029907,-0.2585982084274292]","{""acc_lim_theta"":0.8,""acc_lim_x"":0.8,""inflation_dist"":0.55,""max_vel_theta"":1.0,""max_vel_x"":1.2,""min_obstacle_dist"":0.25,""weight_obstacle"":50.0,""weight_optimaltime"":1.0,""weight_viapoint"":1.0}","{""acc_lim_theta"":0.8,""acc_lim_x"":0.8,""inflation_dist"":0.55,""max_vel_theta"":1.0,""max_vel_x"":1.2,""min_obstacle_dist"":0.25799413196355137,""weight_obstacle"":51.39634573803414,""weight_optimaltime"":1.0,""weight_viapoint"":1.0}","{""acc_lim_theta"":0.8,""acc_lim_x"":0.8,""inflation_dist"":0.55,""max_vel_theta"":1.0,""max_vel_x"":1.2,""min_obstacle_dist"":0.25799413196355137,""weight_obstacle"":51.39634573803414,""weight_optimaltime"":1.0,""weight_viapoint"":1.0}","{""acc_lim_theta"":0.8,""acc_lim_x"":0.8,""inflation_dist"":0.55,""max_vel_theta"":1.0,""max_vel_x"":1.2,""min_obstacle_dist"":0.25799413196355137,""weight_obstacle"":51.39634573803414,""weight_optimaltime"":1.0,""weight_viapoint"":1.0}","{""acc_lim_theta"":0.8,""acc_lim_x"":0.8,""inflation_dist"":0.55,""max_vel_theta"":1.0,""max_vel_x"":1.2,""min_obstacle_dist"":0.25799413196355137,""weight_obstacle"":51.39634573803414,""weight_optimaltime"":1.0,""weight_viapoint"":1.0}",false,,false,NORMAL,,false,,-0.46814559338085937,-0.29167484694164303,-0.05,-0.0,-0.0016763624085600272,-0.11880403976916756,-0.0,-0.005990344261488831,0.0,0.0,0.0,0.0,0.0,0.0,1.5140079922275618,24.00000000000002,56.00000000000005,true,
t12_t12_safety_seed101,t12_t12_safety_seed101-episode-000002,1,2,8.016,7.458,7.468,7.49,7.514,8.014,0,0.4500000000000002,true,,3.900335635270526,3.4807719587581247,0.11578064925712837,0.47345377891763013,30.0,0.0,25.743292865477827,1.165352084395951,0.5555991380035308,"[-0.21351158618927002,0.29643523693084717,0.04266655445098877,-0.2895771265029907,-0.2585982084274292]","[-0.23873460292816162,0.3512052297592163,0.024383187294006348,-0.3383742570877075,-0.18414020538330078]","[-0.45224618911743164,0.6476404666900635,0.06704974174499512,-0.6279513835906982,-0.44273841381073]","{""acc_lim_theta"":0.8,""acc_lim_x"":0.8,""inflation_dist"":0.55,""max_vel_theta"":1.0,""max_vel_x"":1.2,""min_obstacle_dist"":0.25799413196355137,""weight_obstacle"":51.39634573803414,""weight_optimaltime"":1.0,""weight_viapoint"":1.0}","{""acc_lim_theta"":0.8,""acc_lim_x"":0.8,""inflation_dist"":0.55,""max_vel_theta"":1.0,""max_vel_x"":1.2,""min_obstacle_dist"":0.26676126767354025,""weight_obstacle"":52.39064261484279,""weight_optimaltime"":1.0,""weight_viapoint"":1.0}","{""acc_lim_theta"":0.8,""acc_lim_x"":0.8,""inflation_dist"":0.55,""max_vel_theta"":1.0,""max_vel_x"":1.2,""min_obstacle_dist"":0.26676126767354025,""weight_obstacle"":52.39064261484279,""weight_optimaltime"":1.0,""weight_viapoint"":1.0}","{""acc_lim_theta"":0.8,""acc_lim_x"":0.8,""inflation_dist"":0.55,""max_vel_theta"":1.0,""max_vel_x"":1.2,""min_obstacle_dist"":0.26676126767354025,""weight_obstacle"":52.39064261484279,""weight_optimaltime"":1.0,""weight_viapoint"":1.0}","{""acc_lim_theta"":0.8,""acc_lim_x"":0.8,""inflation_dist"":0.55,""max_vel_theta"":1.0,""max_vel_x"":1.2,""min_obstacle_dist"":0.26676126767354025,""weight_obstacle"":52.39064261484279,""weight_optimaltime"":1.0,""weight_viapoint"":1.0}",false,,false,NORMAL,,false,,1.8918028350423441,2.0978183825620067,-0.04500000000000002,-0.0,-0.0015195754179388845,-0.15400052406411116,-0.0,-0.005495448037612848,0.0,0.0,0.0,0.0,0.0,0.0,1.1351350112818182,22.00000000000024,46.00000000000026,true,
t12_t12_safety_seed101,t12_t12_safety_seed101-episode-000002,2,3,8.614,8.012,8.016,8.04,8.112,8.612,0,0.4499999999999993,true,,3.3234365141067435,2.7958541252796447,0.2210374406680195,0.6645565293346005,30.0,0.0,25.727575918578122,1.1660639966603585,0.16145118955212487,"[-0.45224618911743164,0.6476404666900635,0.06704974174499512,-0.6279513835906982,-0.44273841381073]","[-0.2419266700744629,0.4739142656326294,-0.0016138553619384766,-0.3416478633880615,-0.11149901151657104]","[-0.6941728591918945,1.0,0.06543588638305664,-0.9695992469787598,-0.554237425327301]","{""acc_lim_theta"":0.8,""acc_lim_x"":0.8,""inflation_dist"":0.55,""max_vel_theta"":1.0,""max_vel_x"":1.2,""min_obstacle_dist"":0.26676126767354025,""weight_obstacle"":52.39064261484279,""weight_optimaltime"":1.0,""weight_viapoint"":1.0}","{""acc_lim_theta"":0.8,""acc_lim_x"":0.8,""inflation_dist"":0.5500149414804394,""max_vel_theta"":1.0,""max_vel_x"":1.2,""min_obstacle_dist"":0.27766292781442314,""weight_obstacle"":52.9927008057056,""weight_optimaltime"":1.0,""weight_viapoint"":1.0}","{""acc_lim_theta"":0.8,""acc_lim_x"":0.8,""inflation_dist"":0.5500149414804394,""max_vel_theta"":1.0,""max_vel_x"":1.2,""min_obstacle_dist"":0.27766292781442314,""weight_obstacle"":52.9927008057056,""weight_optimaltime"":1.0,""weight_viapoint"":1.0}","{""acc_lim_theta"":0.8,""acc_lim_x"":0.8,""inflation_dist"":0.5500149414804394,""max_vel_theta"":1.0,""max_vel_x"":1.2,""min_obstacle_dist"":0.27766292781442314,""weight_obstacle"":52.9927008057056,""weight_optimaltime"":1.0,""weight_viapoint"":1.0}","{""acc_lim_theta"":0.8,""acc_lim_x"":0.8,""inflation_dist"":0.5500149414804394,""max_vel_theta"":1.0,""max_vel_x"":1.2,""min_obstacle_dist"":0.27766292781442314,""weight_obstacle"":52.9927008057056,""weight_optimaltime"":1.0,""weight_viapoint"":1.0}",false,,false,NORMAL,,false,,2.5712505053406938,2.6379119441354937,-0.04499999999999993,-0.0,-0.016087602949460208,-4.786412849713255e-06,-0.0,-0.005569049432490027,0.0,0.0,0.0,0.0,0.0,0.0,0.7657519890926778,23.999999999999133,96.00000000000009,true,
t12_t12_safety_seed101,t12_t12_safety_seed101-episode-000002,3,4,9.264,8.61,8.616,8.64,8.714,9.214,0,0.5,true,,2.6338942423187603,2.055126913205337,0.0888174406124508,0.6648863391191938,30.0,0.0,25.655445779460763,1.169342378919699,-0.1057331856064454,"[-0.6941728591918945,1.0,0.06543588638305664,-0.9695992469787598,-0.554237425327301]","[-0.03471803665161133,0.3272061347961426,-0.11892300844192505,-0.28118884563446045,0.020513534545898438]","[-0.7288908958435059,1.0,-0.05348712205886841,-1.0,-0.5337238907814026]","{""acc_lim_theta"":0.8,""acc_lim_x"":0.8,""inflation_dist"":0.5500149414804394,""max_vel_theta"":1.0,""max_vel_x"":1.2,""min_obstacle_dist"":0.27766292781442314,""weight_obstacle"":52.9927008057056,""weight_optimaltime"":1.0,""weight_viapoint"":1.0}","{""acc_lim_theta"":0.7934920643244774,""acc_lim_x"":0.8,""inflation_dist"":0.5511159607206544,""max_vel_theta"":1.0,""max_vel_x"":1.2,""min_obstacle_dist"":0.28202015899628724,""weight_obstacle"":52.8819344291349,""weight_optimaltime"":1.0,""weight_viapoint"":1.0}","{""acc_lim_theta"":0.7934920643244774,""acc_lim_x"":0.8,""inflation_dist"":0.5511159607206544,""max_vel_theta"":1.0,""max_vel_x"":1.2,""min_obstacle_dist"":0.28202015899628724,""weight_obstacle"":52.8819344291349,""weight_optimaltime"":1.0,""weight_viapoint"":1.0}","{""acc_lim_theta"":0.7934920643244774,""acc_lim_x"":0.8,""inflation_dist"":0.5511159607206544,""max_vel_theta"":1.0,""max_vel_x"":1.2,""min_obstacle_dist"":0.28202015899628724,""weight_obstacle"":52.8819344291349,""weight_optimaltime"":1.0,""weight_viapoint"":1.0}","{""acc_lim_theta"":0.7934920643244774,""acc_lim_x"":0.8,""inflation_dist"":0.5511159607206544,""max_vel_theta"":1.0,""max_vel_x"":1.2,""min_obstacle_dist"":0.28202015899628724,""weight_obstacle"":52.8819344291349,""weight_optimaltime"":1.0,""weight_viapoint"":1.0}",false,,false,NORMAL,,false,,2.8319471479947325,2.893836645567116,-0.05,-0.0,-0.007963297926086313,-2.021357575390906e-05,-0.0,-0.0039059860705434194,0.0,0.0,0.0,0.0,0.0,0.0,1.9488959951559082,24.00000000000091,98.00000000000075,true,
t12_t12_safety_seed101,t12_t12_safety_seed101-episode-000002,4,5,9.862,9.258,9.266,9.284,9.312,9.812,0,0.5,true,,1.9398639255169536,1.3704506720938168,0.044566889838487195,0.6765421815499479,30.0,0.0,25.68424198247256,1.1680313563652218,0.17088159310185058,"[-0.7288908958435059,1.0,-0.05348712205886841,-1.0,-0.5337238907814026]","[0.13713932037353516,0.198874831199646,-0.08721911907196045,-0.20424824953079224,0.1419203281402588]","[-0.5917515754699707,1.0,-0.14070624113082886,-1.0,-0.3918035626411438]","{""acc_lim_theta"":0.7934920643244774,""acc_lim_x"":0.8,""inflation_dist"":0.5511159607206544,""max_vel_theta"":1.0,""max_vel_x"":1.2,""min_obstacle_dist"":0.28202015899628724,""weight_obstacle"":52.8819344291349,""weight_optimaltime"":1.0,""weight_viapoint"":1.0}","{""acc_lim_theta"":0.7778911453408164,""acc_lim_x"":0.8,""inflation_dist"":0.5519234573478502,""max_vel_theta"":1.0,""max_vel_x"":1.1990541732770112,""min_obstacle_dist"":0.2842665614475622,""weight_obstacle"":52.11561107931684,""weight_optimaltime"":1.0,""weight_viapoint"":1.0}","{""acc_lim_theta"":0.7778911453408164,""acc_lim_x"":0.8,""inflation_dist"":0.5519234573478502,""max_vel_theta"":0.9992118110641761,""max_vel_x"":1.1990541732770112,""min_obstacle_dist"":0.2842665614475622,""weight_obstacle"":52.11561107931684,""weight_optimaltime"":1.0,""weight_viapoint"":1.0}","{""acc_lim_theta"":0.7778911453408164,""acc_lim_x"":0.8,""inflation_dist"":0.5519234573478502,""max_vel_theta"":0.9992118110641761,""max_vel_x"":1.1990541732770112,""min_obstacle_dist"":0.2842665614475622,""weight_obstacle"":52.11561107931684,""weight_optimaltime"":1.0,""weight_viapoint"":1.0}","{""acc_lim_theta"":0.7778911453408164,""acc_lim_x"":0.8,""inflation_dist"":0.5519234573478502,""max_vel_theta"":0.9992118110641761,""max_vel_x"":1.1990541732770112,""min_obstacle_dist"":0.2842665614475622,""weight_obstacle"":52.11561107931684,""weight_optimaltime"":1.0,""weight_viapoint"":1.0}",true,max_vel_theta:ackermann_turning_radius,false,NORMAL,,false,,2.780144103680879,2.847066267115684,-0.05,-0.0,-0.009917664234710034,-0.00012707287764839804,-0.0,-0.006877426322446855,0.0,0.0,0.0,1.0,0.0,0.0,1.2615809973794967,18.000000000000682,45.999999999999375,true,
t12_t12_safety_seed101,t12_t12_safety_seed101-episode-000002,5,6,10.462,9.858,9.864,9.88,9.912,10.412,0,0.5,true,,1.257567421159754,0.7124402908476641,0.15083103505141116,0.8879168984294019,30.0,0.0,30.51387912072995,0.9831591677119531,0.4935923629604733,"[-0.5917515754699707,1.0,-0.14070624113082886,-1.0,-0.3918035626411438]","[0.23998486995697021,0.22887694835662842,-0.11859530210494995,-0.21023106575012207,0.06758332252502441]","[-0.3517667055130005,1.0,-0.2593015432357788,-1.0,-0.3242202401161194]","{""acc_lim_theta"":0.7778911453408164,""acc_lim_x"":0.8,""inflation_dist"":0.5519234573478502,""max_vel_theta"":0.9992118110641761,""max_vel_x"":1.1990541732770112,""min_obstacle_dist"":0.2842665614475622,""weight_obstacle"":52.11561107931684,""weight_optimaltime"":1.0,""weight_viapoint"":1.0}","{""acc_lim_theta"":0.7604372510693174,""acc_lim_x"":0.8,""inflation_dist"":0.5530214426000516,""max_vel_theta"":0.9992118110641761,""max_vel_x"":1.2,""min_obstacle_dist"":0.2863616905855093,""weight_obstacle"":51.75068324418651,""weight_optimaltime"":1.0,""weight_viapoint"":1.0}","{""acc_lim_theta"":0.7604372510693174,""acc_lim_x"":0.8,""inflation_dist"":0.5530214426000516,""max_vel_theta"":0.9992118110641761,""max_vel_x"":1.2,""min_obstacle_dist"":0.2863616905855093,""weight_obstacle"":51.75068324418651,""weight_optimaltime"":1.0,""weight_viapoint"":1.0}","{""acc_lim_theta"":0.7604372510693174,""acc_lim_x"":0.8,""inflation_dist"":0.5530214426000516,""max_vel_theta"":0.9992118110641761,""max_vel_x"":1.2,""min_obstacle_dist"":0.2863616905855093,""weight_obstacle"":51.75068324418651,""weight_optimaltime"":1.0,""weight_viapoint"":1.0}","{""acc_lim_theta"":0.7604372510693174,""acc_lim_x"":0.8,""inflation_dist"":0.5530214426000516,""max_vel_theta"":0.9992118110641761,""max_vel_x"":1.2,""min_obstacle_dist"":0.2863616905855093,""weight_obstacle"":51.75068324418651,""weight_optimaltime"":1.0,""weight_viapoint"":1.0}",false,,false,NORMAL,,false,,2.6487954286965745,2.7256356515604496,-0.05,-0.0,-0.006633698275263294,-0.013803795836075293,-0.0,-0.006402728752536594,0.0,0.0,0.0,0.0,0.0,0.0,1.4270549872890115,16.000000000000014,48.00000000000004,true,
t12_t12_safety_seed101,t12_t12_safety_seed101-episode-000002,6,7,11.922,10.458,10.462,10.482,10.512,11.012,0,0.5,true,,0.6167982084881453,0.24057254042544984,0.0058394652130902575,0.0028625721436368328,30.0,0.0,600.0,0.0,0.0,"[-0.3517667055130005,1.0,-0.2593015432357788,-1.0,-0.3242202401161194]","[0.06042444705963135,0.25793612003326416,-0.2277563214302063,-0.41265296936035156,0.11493730545043945]","[-0.29134225845336914,1.0,-0.4870578646659851,-1.0,-0.20928293466567993]","{""acc_lim_theta"":0.7604372510693174,""acc_lim_x"":0.8,""inflation_dist"":0.5530214426000516,""max_vel_theta"":0.9992118110641761,""max_vel_x"":1.2,""min_obstacle_dist"":0.2863616905855093,""weight_obstacle"":51.75068324418651,""weight_optimaltime"":1.0,""weight_viapoint"":1.0}","{""acc_lim_theta"":0.7435045968055103,""acc_lim_x"":0.8,""inflation_dist"":0.5551300681323236,""max_vel_theta"":0.9992118110641761,""max_vel_x"":1.2,""min_obstacle_dist"":0.28619097306585684,""weight_obstacle"":51.13005939074675,""weight_optimaltime"":1.0,""weight_viapoint"":1.0}","{""acc_lim_theta"":0.7435045968055103,""acc_lim_x"":0.8,""inflation_dist"":0.5551300681323236,""max_vel_theta"":0.9992118110641761,""max_vel_x"":1.2,""min_obstacle_dist"":0.28619097306585684,""weight_obstacle"":51.13005939074675,""weight_optimaltime"":1.0,""weight_viapoint"":1.0}","{""acc_lim_theta"":0.7435045968055103,""acc_lim_x"":0.8,""inflation_dist"":0.5551300681323236,""max_vel_theta"":0.9992118110641761,""max_vel_x"":1.2,""min_obstacle_dist"":0.28619097306585684,""weight_obstacle"":51.13005939074675,""weight_optimaltime"":1.0,""weight_viapoint"":1.0}","{""acc_lim_theta"":0.7435045968055103,""acc_lim_x"":0.8,""inflation_dist"":0.5551300681323236,""max_vel_theta"":0.9992118110641761,""max_vel_x"":1.2,""min_obstacle_dist"":0.28619097306585684,""weight_obstacle"":51.13005939074675,""weight_optimaltime"":1.0,""weight_viapoint"":1.0}",false,,false,NORMAL,,false,,11.789768504537395,1.881128340313477,-0.05,-0.0,-0.007423225322283626,-0.02779144773531438,-0.0,-0.006145162718484274,10.0,0.0,0.0,0.0,0.0,0.0,0.9316460054833442,19.999999999999574,50.00000000000071,true,
t12_t12_safety_seed101,t12_t12_safety_seed101-episode-000003,0,1,13.464,12.858,12.86,12.88,12.914,13.414,0,0.5,true,,3.871262819830863,3.371578394668013,0.3026495781104466,0.5172686906524576,30.0,0.0,25.5395113165161,1.1746505102703102,-0.5677256511496853,"[0.0,0.0,0.0,0.0,0.0]","[0.21408569812774658,0.07493412494659424,0.013736605644226074,-0.012289047241210938,-0.0016754865646362305]","[0.21408569812774658,0.07493412494659424,0.013736605644226074,-0.012289047241210938,-0.0016754865646362305]","{""acc_lim_theta"":0.8,""acc_lim_x"":0.8,""inflation_dist"":0.55,""max_vel_theta"":1.0,""max_vel_x"":1.2,""min_obstacle_dist"":0.25,""weight_obstacle"":50.0,""weight_optimaltime"":1.0,""weight_viapoint"":1.0}","{""acc_lim_theta"":0.7910161604707141,""acc_lim_x"":0.8,""inflation_dist"":0.55,""max_vel_theta"":1.0,""max_vel_x"":1.2,""min_obstacle_dist"":0.2521001909741658,""weight_obstacle"":50.009047079397384,""weight_optimaltime"":1.0,""weight_viapoint"":1.0}","{""acc_lim_theta"":0.7910161604707141,""acc_lim_x"":0.8,""inflation_dist"":0.55,""max_vel_theta"":1.0,""max_vel_x"":1.2,""min_obstacle_dist"":0.2521001909741658,""weight_obstacle"":50.009047079397384,""weight_optimaltime"":1.0,""weight_viapoint"":1.0}","{""acc_lim_theta"":0.7910161604707141,""acc_lim_x"":0.8,""inflation_dist"":0.55,""max_vel_theta"":1.0,""max_vel_x"":1.2,""min_obstacle_dist"":0.2521001909741658,""weight_obstacle"":50.009047079397384,""weight_optimaltime"":1.0,""weight_viapoint"":1.0}","{""acc_lim_theta"":0.7910161604707141,""acc_lim_x"":0.8,""inflation_dist"":0.55,""max_vel_theta"":1.0,""max_vel_x"":1.2,""min_obstacle_dist"":0.2521001909741658,""weight_obstacle"":50.009047079397384,""weight_optimaltime"":1.0,""weight_viapoint"":1.0}",false,,false,NORMAL,,false,,2.3312629859926015,2.4984221258142503,-0.05,-0.0,-0.021349850311533185,-0.0927051590793333,-0.0,-0.0031041304307825746,0.0,0.0,0.0,0.0,0.0,0.0,1.3071670109638944,20.00000000000135,54.00000000000027,true,
t12_t12_safety_seed101,t12_t12_safety_seed101-episode-000003,1,2,14.06,13.458,13.464,13.486,13.51,14.01,0,0.5,true,,3.2575648082230733,2.681611824735225,0.09508819766803071,0.6595924222224224,30.0,0.0,25.78286817157919,1.1635633320682846,0.045956764472483064,"[0.21408569812774658,0.07493412494659424,0.013736605644226074,-0.012289047241210938,-0.0016754865646362305]","[0.11408424377441406,0.17654109001159668,-0.005590379238128662,0.007705211639404297,0.07344198226928711]","[0.32816994190216064,0.2514752149581909,0.008146226406097412,-0.004583835601806641,0.07176649570465088]","{""acc_lim_theta"":0.7910161604707141,""acc_lim_x"":0.8,""inflation_dist"":0.55,""max_vel_theta"":1.0,""max_vel_x"":1.2,""min_obstacle_dist"":0.2521001909741658,""weight_obstacle"":50.009047079397384,""weight_optimaltime"":1.0,""weight_viapoint"":1.0}","{""acc_lim_theta"":0.784103756975801,""acc_lim_x"":0.8,""inflation_dist"":0.5500517571425574,""max_vel_theta"":1.0,""max_vel_x"":1.1976849786994772,""min_obstacle_dist"":0.2560270101504708,""weight_obstacle"":50.0,""weight_optimaltime"":1.0,""weight_viapoint"":1.0}","{""acc_lim_theta"":0.784103756975801,""acc_lim_x"":0.8,""inflation_dist"":0.5500517571425574,""max_vel_theta"":0.9980708155828977,""max_vel_x"":1.1976849786994772,""min_obstacle_dist"":0.2560270101504708,""weight_obstacle"":50.0,""weight_optimaltime"":1.0,""weight_viapoint"":1.0}","{""acc_lim_theta"":0.784103756975801,""acc_lim_x"":0.8,""inflation_dist"":0.5500517571425574,""max_vel_theta"":0.9980708155828977,""max_vel_x"":1.1976849786994772,""min_obstacle_dist"":0.2560270101504708,""weight_obstacle"":50.0,""weight_optimaltime"":1.0,""weight_viapoint"":1.0}","{""acc_lim_theta"":0.784103756975801,""acc_lim_x"":0.8,""inflation_dist"":0.5500517571425574,""max_vel_theta"":0.9980708155828977,""max_vel_x"":1.1976849786994772,""min_obstacle_dist"":0.2560270101504708,""weight_obstacle"":50.0,""weight_optimaltime"":1.0,""weight_viapoint"":1.0}",true,max_vel_theta:ackermann_turning_radius,false,NORMAL,,false,,2.789282523535779,2.8797649174392403,-0.05,-0.0,-0.03599277576638539,-0.0003862339121735352,-0.0,-0.004103384224902339,0.0,0.0,0.0,1.0,0.0,0.0,0.7415090076392516,22.00000000000024,45.999999999999375,true,
t12_t12_safety_seed101,t12_t12_safety_seed101-episode-000003,2,3,14.66,14.058,14.06,14.082,14.11,14.61,0,0.5,true,,2.566136146595643,1.989807693801448,0.17465836621120048,0.6315958985014443,30.0,0.0,25.80217214041512,1.1626928088356419,0.08053080919495881,"[0.32816994190216064,0.2514752149581909,0.008146226406097412,-0.004583835601806641,0.07176649570465088]","[0.030003786087036133,0.2017955780029297,-0.08060169219970703,-0.02827763557434082,0.04392671585083008]","[0.3581737279891968,0.4532707929611206,-0.07245546579360962,-0.03286147117614746,0.11569321155548096]","{""acc_lim_theta"":0.784103756975801,""acc_lim_x"":0.8,""inflation_dist"":0.5500517571425574,""max_vel_theta"":0.9980708155828977,""max_vel_x"":1.1976849786994772,""min_obstacle_dist"":0.2560270101504708,""weight_obstacle"":50.0,""weight_optimaltime"":1.0,""weight_viapoint"":1.0}","{""acc_lim_theta"":0.7806810860225261,""acc_lim_x"":0.8,""inflation_dist"":0.5507979879608695,""max_vel_theta"":0.9980708155828977,""max_vel_x"":1.1963490190939756,""min_obstacle_dist"":0.25851890887852935,""weight_obstacle"":50.0,""weight_optimaltime"":1.0,""weight_viapoint"":1.0}","{""acc_lim_theta"":0.7806810860225261,""acc_lim_x"":0.8,""inflation_dist"":0.5507979879608695,""max_vel_theta"":0.9969575159116464,""max_vel_x"":1.1963490190939756,""min_obstacle_dist"":0.25851890887852935,""weight_obstacle"":50.0,""weight_optimaltime"":1.0,""weight_viapoint"":1.0}","{""acc_lim_theta"":0.7806810860225261,""acc_lim_x"":0.8,""inflation_dist"":0.5507979879608695,""max_vel_theta"":0.9969575159116464,""max_vel_x"":1.1963490190939756,""min_obstacle_dist"":0.25851890887852935,""weight_obstacle"":50.0,""weight_optimaltime"":1.0,""weight_viapoint"":1.0}","{""acc_lim_theta"":0.7806810860225261,""acc_lim_x"":0.8,""inflation_dist"":0.5507979879608695,""max_vel_theta"":0.9969575159116464,""max_vel_x"":1.1963490190939756,""min_obstacle_dist"":0.25851890887852935,""weight_obstacle"":50.0,""weight_optimaltime"":1.0,""weight_viapoint"":1.0}",true,max_vel_theta:ackermann_turning_radius,false,NORMAL,,false,,2.8200319268147522,2.881642263970975,-0.05,-0.0,-0.009022284362843162,-7.7096890105118e-05,-0.0,-0.0025109559032747315,0.0,0.0,0.0,1.0,0.0,0.0,0.7259519916260615,22.00000000000024,49.999999999998934,true,
t12_t12_safety_seed101,t12_t12_safety_seed101-episode-000003,3,4,15.21,14.658,14.668,14.688,14.708,15.208,0,0.4499999999999993,true,,1.8757986716780566,1.3581472328581303,0.15248197351751203,0.6552864056578617,30.0,0.0,25.819022325721743,1.1619340043760307,-0.1738923557235478,"[0.3581737279891968,0.4532707929611206,-0.07245546579360962,-0.03286147117614746,0.11569321155548096]","[0.0018984079360961914,0.09668481349945068,-0.11333787441253662,-0.022255301475524902,0.05256962776184082]","[0.36007213592529297,0.5499556064605713,-0.18579334020614624,-0.05511677265167236,0.16826283931732178]","{""acc_lim_theta"":0.7806810860225261,""acc_lim_x"":0.8,""inflation_dist"":0.5507979879608695,""max_vel_theta"":0.9969575159116464,""max_vel_x"":1.1963490190939756,""min_obstacle_dist"":0.25851890887852935,""weight_obstacle"":50.0,""weight_optimaltime"":1.0,""weight_viapoint"":1.0}","{""acc_lim_theta"":0.7782689236270554,""acc_lim_x"":0.8,""inflation_dist"":0.551847298619994,""max_vel_theta"":0.9969575159116464,""max_vel_x"":1.1938459173649123,""min_obstacle_dist"":0.2577025028067041,""weight_obstacle"":50.0,""weight_optimaltime"":1.0,""weight_viapoint"":1.0}","{""acc_lim_theta"":0.7782689236270554,""acc_lim_x"":0.8,""inflation_dist"":0.551847298619994,""max_vel_theta"":0.9948715978040936,""max_vel_x"":1.1938459173649123,""min_obstacle_dist"":0.2577025028067041,""weight_obstacle"":50.0,""weight_optimaltime"":1.0,""weight_viapoint"":1.0}","{""acc_lim_theta"":0.7782689236270554,""acc_lim_x"":0.8,""inflation_dist"":0.551847298619994,""max_vel_theta"":0.9948715978040936,""max_vel_x"":1.1938459173649123,""min_obstacle_dist"":0.2577025028067041,""weight_obstacle"":50.0,""weight_optimaltime"":1.0,""weight_viapoint"":1.0}","{""acc_lim_theta"":0.7782689236270554,""acc_lim_x"":0.8,""inflation_dist"":0.551847298619994,""max_vel_theta"":0.9948715978040936,""max_vel_x"":1.1938459173649123,""min_obstacle_dist"":0.2577025028067041,""weight_obstacle"":50.0,""weight_optimaltime"":1.0,""weight_viapoint"":1.0}",true,max_vel_theta:ackermann_turning_radius,false,NORMAL,,false,,2.5346224650586033,2.588257194099631,-0.04499999999999993,-0.0,-0.00655585477222697,-1.5100952718262518e-05,-0.0,-0.0020637733160830305,0.0,0.0,0.0,1.0,0.0,0.0,7.026974999462254,20.00000000000135,40.000000000000924,true,
t12_t12_safety_seed101,t12_t12_safety_seed101-episode-000003,4,5,15.81,15.208,15.216,15.24,15.308,15.808,0,0.4499999999999993,true,,1.2003891046657857,0.7072122377810742,0.09313316948423889,0.8770437014796479,30.0,0.0,29.704497864637215,1.0099480602806141,-0.4838949853360795,"[0.36007213592529297,0.5499556064605713,-0.18579334020614624,-0.05511677265167236,0.16826283931732178]","[0.17597031593322754,0.08912050724029541,-0.22851014137268066,-0.06556510925292969,0.01609480381011963]","[0.5360424518585205,0.6390761137008667,-0.4143034815788269,-0.12068188190460205,0.1843576431274414]","{""acc_lim_theta"":0.7782689236270554,""acc_lim_x"":0.8,""inflation_dist"":0.551847298619994,""max_vel_theta"":0.9948715978040936,""max_vel_x"":1.1938459173649123,""min_obstacle_dist"":0.2577025028067041,""weight_obstacle"":50.0,""weight_optimaltime"":1.0,""weight_viapoint"":1.0}","{""acc_lim_theta"":0.7688717774759669,""acc_lim_x"":0.8,""inflation_dist"":0.553962903207633,""max_vel_theta"":0.9948715978040936,""max_vel_x"":1.197719880354302,""min_obstacle_dist"":0.25361269624402544,""weight_obstacle"":50.0,""weight_optimaltime"":1.0,""weight_viapoint"":1.0}","{""acc_lim_theta"":0.7688717774759669,""acc_lim_x"":0.8,""inflation_dist"":0.553962903207633,""max_vel_theta"":0.9948715978040936,""max_vel_x"":1.197719880354302,""min_obstacle_dist"":0.25361269624402544,""weight_obstacle"":50.0,""weight_optimaltime"":1.0,""weight_viapoint"":1.0}","{""acc_lim_theta"":0.7688717774759669,""acc_lim_x"":0.8,""inflation_dist"":0.553962903207633,""max_vel_theta"":0.9948715978040936,""max_vel_x"":1.197719880354302,""min_obstacle_dist"":0.25361269624402544,""weight_obstacle"":50.0,""weight_optimaltime"":1.0,""weight_viapoint"":1.0}","{""acc_lim_theta"":0.7688717774759669,""acc_lim_x"":0.8,""inflation_dist"":0.553962903207633,""max_vel_theta"":0.9948715978040936,""max_vel_x"":1.197719880354302,""min_obstacle_dist"":0.25361269624402544,""weight_obstacle"":50.0,""weight_optimaltime"":1.0,""weight_viapoint"":1.0}",false,,false,NORMAL,,false,,2.389026524226155,2.4658843344235577,-0.04499999999999993,-0.0,-0.018563286469307983,-0.008059195613408354,-0.0,-0.00523532811468633,0.0,0.0,0.0,0.0,0.0,0.0,5.144451002706774,24.00000000000091,92.00000000000053,true,
t12_t12_safety_seed101,t12_t12_safety_seed101-episode-000003,5,6,17.318,15.808,15.812,15.834,15.908,16.408,0,0.5000000000000018,true,,0.5743178641215223,0.21472056035045145,0.007687626831422769,0.004738372906609278,30.0,0.0,600.0,0.0,0.0,"[0.5360424518585205,0.6390761137008667,-0.4143034815788269,-0.12068188190460205,0.1843576431274414]","[0.2637268304824829,0.1456695795059204,-0.2747786045074463,-0.0588916540145874,-0.019303560256958008]","[0.7997692823410034,0.7847456932067871,-0.6890820860862732,-0.17957353591918945,0.1650540828704834]","{""acc_lim_theta"":0.7688717774759669,""acc_lim_x"":0.8,""inflation_dist"":0.553962903207633,""max_vel_theta"":0.9948715978040936,""max_vel_x"":1.197719880354302,""min_obstacle_dist"":0.25361269624402544,""weight_obstacle"":50.0,""weight_optimaltime"":1.0,""weight_viapoint"":1.0}","{""acc_lim_theta"":0.7572569180402283,""acc_lim_x"":0.8,""inflation_dist"":0.5565068729097605,""max_vel_theta"":0.9948715978040936,""max_vel_x"":1.2,""min_obstacle_dist"":0.25,""weight_obstacle"":50.104232911193016,""weight_optimaltime"":1.0,""weight_viapoint"":1.0}","{""acc_lim_theta"":0.7572569180402283,""acc_lim_x"":0.8,""inflation_dist"":0.5565068729097605,""max_vel_theta"":0.9948715978040936,""max_vel_x"":1.2,""min_obstacle_dist"":0.25,""weight_obstacle"":50.104232911193016,""weight_optimaltime"":1.0,""weight_viapoint"":1.0}","{""acc_lim_theta"":0.7572569180402283,""acc_lim_x"":0.8,""inflation_dist"":0.5565068729097605,""max_vel_theta"":0.9948715978040936,""max_vel_x"":1.2,""min_obstacle_dist"":0.25,""weight_obstacle"":50.104232911193016,""weight_optimaltime"":1.0,""weight_viapoint"":1.0}","{""acc_lim_theta"":0.7572569180402283,""acc_lim_x"":0.8,""inflation_dist"":0.5565068729097605,""max_vel_theta"":0.9948715978040936,""max_vel_x"":1.2,""min_obstacle_dist"":0.25,""weight_obstacle"":50.104232911193016,""weight_optimaltime"":1.0,""weight_viapoint"":1.0}",false,,false,NORMAL,,false,,11.70614294424663,1.7979865188553543,-0.05000000000000018,-0.0,-0.007123246078330583,-0.029056200924191724,-0.0,-0.0056641276062026555,10.0,0.0,0.0,0.0,0.0,0.0,1.4612020022468641,22.00000000000024,96.00000000000009,true,
t12_t12_safety_seed101,t12_t12_safety_seed101-episode-000004,0,1,18.812,18.258,18.26,18.28,18.31,18.81,0,0.4499999999999993,true,,5.085595968317972,4.85455341104208,0.12685967296948739,0.2502949516284644,1.4260832625702302,0.5263157894736842,1.6534014963055934,0.862514801006719,-0.7187232835434513,"[0.0,0.0,0.0,0.0,0.0]","[0.15594172477722168,-0.43378734588623047,-0.002081573009490967,0.12358260154724121,-0.039387643337249756]","[0.15594172477722168,-0.43378734588623047,-0.002081573009490967,0.12358260154724121,-0.039387643337249756]","{""acc_lim_theta"":0.8,""acc_lim_x"":0.8,""inflation_dist"":0.55,""max_vel_theta"":1.0,""max_vel_x"":1.2,""min_obstacle_dist"":0.25,""weight_obstacle"":50.0,""weight_optimaltime"":1.0,""weight_viapoint"":1.0}","{""acc_lim_theta"":0.7981456151281341,""acc_lim_x"":0.7841207127678698,""inflation_dist"":0.550019271728519,""max_vel_theta"":1.0,""max_vel_x"":1.2,""min_obstacle_dist"":0.25,""weight_obstacle"":50.212680390323015,""weight_optimaltime"":0.9566212654113769,""weight_viapoint"":1.0}","{""acc_lim_theta"":0.7981456151281341,""acc_lim_x"":0.7841207127678698,""inflation_dist"":0.550019271728519,""max_vel_theta"":1.0,""max_vel_x"":1.2,""min_obstacle_dist"":0.25,""weight_obstacle"":50.212680390323015,""weight_optimaltime"":0.9566212654113769,""weight_viapoint"":1.0}","{""acc_lim_theta"":0.7981456151281341,""acc_lim_x"":0.7841207127678698,""inflation_dist"":0.550019271728519,""max_vel_theta"":1.0,""max_vel_x"":1.2,""min_obstacle_dist"":0.25,""weight_obstacle"":50.212680390323015,""weight_optimaltime"":0.9566212654113769,""weight_viapoint"":1.0}","{""acc_lim_theta"":0.7981456151281341,""acc_lim_x"":0.7841207127678698,""inflation_dist"":0.550019271728519,""max_vel_theta"":1.0,""max_vel_x"":1.2,""min_obstacle_dist"":0.25,""weight_obstacle"":50.212680390323015,""weight_optimaltime"":0.9566212654113769,""weight_viapoint"":1.0}",false,,false,NORMAL,,false,,1.0277402935310205,1.1552127863794626,-0.04499999999999993,-0.0,-0.0027662474254266755,-0.06616621349049745,-0.0,-0.013540031932517994,0.0,0.0,0.0,0.0,0.0,0.0,1.6876080044312403,19.999999999999574,49.99999999999716,true,
t12_t12_safety_seed101,t12_t12_safety_seed101-episode-000004,1,2,19.408,18.81,18.814,18.832,18.906,19.406,0,0.4499999999999993,true,,4.730856064478303,4.3976004464983,0.03533841334221624,0.5918979417742128,0.930922054797509,1.0,1.054079571189882,0.8831610821815392,-0.39821197181024764,"[0.15594172477722168,-0.43378734588623047,-0.002081573009490967,0.12358260154724121,-0.039387643337249756]","[0.2599433660507202,-0.16320312023162842,-0.10893118381500244,0.03372669219970703,0.04199111461639404]","[0.4158850908279419,-0.5969904661178589,-0.11101275682449341,0.15730929374694824,0.002603471279144287]","{""acc_lim_theta"":0.7981456151281341,""acc_lim_x"":0.7841207127678698,""inflation_dist"":0.550019271728519,""max_vel_theta"":1.0,""max_vel_x"":1.2,""min_obstacle_dist"":0.25,""weight_obstacle"":50.212680390323015,""weight_optimaltime"":0.9566212654113769,""weight_viapoint"":1.0}","{""acc_lim_theta"":0.7870133733308209,""acc_lim_x"":0.7805825228200787,""inflation_dist"":0.5510277841334023,""max_vel_theta"":1.0,""max_vel_x"":1.2,""min_obstacle_dist"":0.25,""weight_obstacle"":50.0,""weight_optimaltime"":0.9403009533882141,""weight_viapoint"":1.0}","{""acc_lim_theta"":0.7870133733308209,""acc_lim_x"":0.7805825228200787,""inflation_dist"":0.5510277841334023,""max_vel_theta"":1.0,""max_vel_x"":1.2,""min_obstacle_dist"":0.25,""weight_obstacle"":50.0,""weight_optimaltime"":0.9403009533882141,""weight_viapoint"":1.0}","{""acc_lim_theta"":0.7870133733308209,""acc_lim_x"":0.7805825228200787,""inflation_dist"":0.5510277841334023,""max_vel_theta"":1.0,""max_vel_x"":1.2,""min_obstacle_dist"":0.25,""weight_obstacle"":50.212680390323015,""weight_optimaltime"":0.9403009533882141,""weight_viapoint"":1.0}","{""acc_lim_theta"":0.7870133733308209,""acc_lim_x"":0.7805825228200787,""inflation_dist"":0.5510277841334023,""max_vel_theta"":1.0,""max_vel_x"":1.2,""min_obstacle_dist"":0.25,""weight_obstacle"":50.212680390323015,""weight_optimaltime"":0.9403009533882141,""weight_viapoint"":1.0}",false,,true,WARNING,margin:warning|safety_mode:WARNING:conservative_filter,false,,1.555310839403045,1.666278089900013,-0.04499999999999993,-0.0,-0.007800640102853577,-0.050946793651810485,-0.0,-0.007219816742303847,0.0,0.0,0.0,0.0,0.0,0.0,1.0506510006962344,18.000000000000682,91.99999999999875,true,
t12_t12_safety_seed101,t12_t12_safety_seed101-episode-000004,2,3,20.054,19.406,19.408,19.428,19.504,20.004,0,0.5,true,,4.266268404678263,3.856212471365989,0.015574506837531215,0.6851320641706601,0.4883331247477007,1.0,0.42171809535240345,1.1579610411064558,0.06192686903125558,"[0.4158850908279419,-0.5969904661178589,-0.11101275682449341,0.15730929374694824,0.002603471279144287]","[0.344498872756958,-0.026396632194519043,0.13523852825164795,-0.1323314905166626,0.2526109218597412]","[0.7603839635848999,-0.6233870983123779,0.02422577142715454,0.024977803230285645,0.2552143931388855]","{""acc_lim_theta"":0.7870133733308209,""acc_lim_x"":0.7805825228200787,""inflation_dist"":0.5510277841334023,""max_vel_theta"":1.0,""max_vel_x"":1.2,""min_obstacle_dist"":0.25,""weight_obstacle"":50.212680390323015,""weight_optimaltime"":0.9403009533882141,""weight_viapoint"":1.0}","{""acc_lim_theta"":0.7611027382736552,""acc_lim_x"":0.7923874214701575,""inflation_dist"":0.55,""max_vel_theta"":1.0,""max_vel_x"":1.1948275136318964,""min_obstacle_dist"":0.253028951860401,""weight_obstacle"":50.0,""weight_optimaltime"":0.9376612901687622,""weight_viapoint"":1.0}","{""acc_lim_theta"":0.7611027382736552,""acc_lim_x"":0.7923874214701575,""inflation_dist"":0.55,""max_vel_theta"":0.995689594693247,""max_vel_x"":1.1948275136318964,""min_obstacle_dist"":0.253028951860401,""weight_obstacle"":50.0,""weight_optimaltime"":0.9376612901687622,""weight_viapoint"":1.0}","{""acc_lim_theta"":0.7611027382736552,""acc_lim_x"":0.7923874214701575,""inflation_dist"":0.5510277841334023,""max_vel_theta"":0.995689594693247,""max_vel_x"":1.1948275136318964,""min_obstacle_dist"":0.253028951860401,""weight_obstacle"":50.212680390323015,""weight_optimaltime"":0.9376612901687622,""weight_viapoint"":1.0}","{""acc_lim_theta"":0.7611027382736552,""acc_lim_x"":0.7923874214701575,""inflation_dist"":0.5510277841334023,""max_vel_theta"":0.995689594693247,""max_vel_x"":1.1948275136318964,""min_obstacle_dist"":0.253028951860401,""weight_obstacle"":50.212680390323015,""weight_optimaltime"":0.9376612901687622,""weight_viapoint"":1.0}",true,max_vel_theta:ackermann_turning_radius,true,WARNING,margin:warning|safety_mode:WARNING:conservative_filter,false,,1.976794358235579,2.0502796665613676,-0.05,-0.002399080628747389,-0.00027095554243735125,-0.007922713217041,-0.0,-0.012892558937563088,0.0,0.0,0.0,1.0,0.0,0.0,0.726497994037345,19.999999999999574,96.00000000000009,true,
t12_t12_safety_seed101,t12_t12_safety_seed101-episode-000004,3,4,20.654,20.038,20.056,20.074,20.104,20.604,0,0.5,true,,3.780184432644145,3.4075770369354603,0.03648625348771377,0.5330967574642654,0.3334468533773659,1.0,0.2820971693106017,1.1820283563718639,0.575146556050795,"[0.7603839635848999,-0.6233870983123779,0.02422577142715454,0.024977803230285645,0.2552143931388855]","[0.3520388603210449,0.025113463401794434,0.06132650375366211,0.0334930419921875,0.32006633281707764]","[1.0,-0.5982736349105835,0.08555227518081665,0.058470845222473145,0.5752807259559631]","{""acc_lim_theta"":0.7611027382736552,""acc_lim_x"":0.7923874214701575,""inflation_dist"":0.5510277841334023,""max_vel_theta"":0.995689594693247,""max_vel_x"":1.1948275136318964,""min_obstacle_dist"":0.253028951860401,""weight_obstacle"":50.212680390323015,""weight_optimaltime"":0.9376612901687622,""weight_viapoint"":1.0}","{""acc_lim_theta"":0.7368903955412625,""acc_lim_x"":0.7987296652623082,""inflation_dist"":0.5504600078767087,""max_vel_theta"":0.995689594693247,""max_vel_x"":1.1820283563718639,""min_obstacle_dist"":0.25525893452386167,""weight_obstacle"":50.0,""weight_optimaltime"":0.9401726365089417,""weight_viapoint"":1.0}","{""acc_lim_theta"":0.7368903955412625,""acc_lim_x"":0.7987296652623082,""inflation_dist"":0.5504600078767087,""max_vel_theta"":0.9850236303098866,""max_vel_x"":1.1820283563718639,""min_obstacle_dist"":0.25525893452386167,""weight_obstacle"":50.0,""weight_optimaltime"":0.9401726365089417,""weight_viapoint"":1.0}","{""acc_lim_theta"":0.7368903955412625,""acc_lim_x"":0.7987296652623082,""inflation_dist"":0.5510277841334023,""max_vel_theta"":0.9850236303098866,""max_vel_x"":1.1820283563718639,""min_obstacle_dist"":0.25525893452386167,""weight_obstacle"":50.212680390323015,""weight_optimaltime"":0.9401726365089417,""weight_viapoint"":1.0}","{""acc_lim_theta"":0.7368903955412625,""acc_lim_x"":0.7987296652623082,""inflation_dist"":0.5510277841334023,""max_vel_theta"":0.9850236303098866,""max_vel_x"":1.1820283563718639,""min_obstacle_dist"":0.25525893452386167,""weight_obstacle"":50.212680390323015,""weight_optimaltime"":0.9401726365089417,""weight_viapoint"":1.0}",true,max_vel_theta:ackermann_turning_radius,true,WARNING,margin:warning|safety_mode:WARNING:conservative_filter,false,,1.6767437225313344,1.8630369785434242,-0.05,-0.12195562127862598,-0.0008862751296821624,-0.00015206488588142945,-0.0,-0.013299294717900187,0.0,0.0,0.0,1.0,0.0,0.0,1.0280549904564396,18.000000000000682,47.999999999998266,true,
t12_t12_safety_seed101,t12_t12_safety_seed101-episode-000004,4,5,21.254,20.646,20.656,20.674,20.704,21.204,0,0.5,true,,3.3296855050001266,2.916425206824794,0.061590225267156275,0.197452315289609,0.3253099512429857,1.0,0.3781398037100987,1.1618389231698423,0.7133451523664143,"[1.0,-0.5982736349105835,0.08555227518081665,0.058470845222473145,0.5752807259559631]","[0.3965827226638794,0.5491824150085449,-0.37888193130493164,-0.1531442403793335,-0.175586998462677]","[1.0,-0.049091219902038574,-0.293329656124115,-0.09467339515686035,0.39969372749328613]","{""acc_lim_theta"":0.7368903955412625,""acc_lim_x"":0.7987296652623082,""inflation_dist"":0.5510277841334023,""max_vel_theta"":0.9850236303098866,""max_vel_x"":1.1820283563718639,""min_obstacle_dist"":0.25525893452386167,""weight_obstacle"":50.212680390323015,""weight_optimaltime"":0.9401726365089417,""weight_viapoint"":1.0}","{""acc_lim_theta"":0.7226753721642166,""acc_lim_x"":0.8,""inflation_dist"":0.554535568721111,""max_vel_theta"":0.9850236303098866,""max_vel_x"":1.2,""min_obstacle_dist"":0.2577485444492827,""weight_obstacle"":51.16079274751427,""weight_optimaltime"":0.9950908780097962,""weight_viapoint"":1.0}","{""acc_lim_theta"":0.7226753721642166,""acc_lim_x"":0.8,""inflation_dist"":0.554535568721111,""max_vel_theta"":0.9850236303098866,""max_vel_x"":1.2,""min_obstacle_dist"":0.2577485444492827,""weight_obstacle"":51.16079274751427,""weight_optimaltime"":0.9950908780097962,""weight_viapoint"":1.0}","{""acc_lim_theta"":0.7226753721642166,""acc_lim_x"":0.8,""inflation_dist"":0.554535568721111,""max_vel_theta"":0.9850236303098866,""max_vel_x"":1.1820283563718639,""min_obstacle_dist"":0.2577485444492827,""weight_obstacle"":51.16079274751427,""weight_optimaltime"":0.9950908780097962,""weight_viapoint"":1.0}","{""acc_lim_theta"":0.7226753721642166,""acc_lim_x"":0.8,""inflation_dist"":0.554535568721111,""max_vel_theta"":0.9850236303098866,""max_vel_x"":1.1820283563718639,""min_obstacle_dist"":0.2577485444492827,""weight_obstacle"":51.16079274751427,""weight_optimaltime"":0.9950908780097962,""weight_viapoint"":1.0}",false,,true,WARNING,margin:warning|emergency:confirmation_pending|safety_mode:WARNING:conservative_filter,false,,1.8313975378265273,2.066301490876663,-0.05,-0.16000976880320741,-0.0056522878261913954,-0.000492615739414304,-0.0,-0.018749280681323043,0.0,0.0,0.0,0.0,0.0,0.0,0.9980530012398958,18.000000000000682,48.00000000000182,true,
t12_t12_safety_seed101,t12_t12_safety_seed101-episode-000004,5,6,21.806,21.238,21.256,21.276,21.304,21.804,0,0.4499999999999993,true,,2.8253751810805103,2.390611941907864,0.14031927207727588,0.2462051555491994,0.3253099512429857,1.0,0.39926780916987564,1.1412743732213517,0.8986258880851811,"[1.0,-0.049091219902038574,-0.293329656124115,-0.09467339515686035,0.39969372749328613]","[0.36614930629730225,0.4969160556793213,0.05064582824707031,-0.34930622577667236,-0.2506493330001831]","[1.0,0.4478248357772827,-0.24268382787704468,-0.4439796209335327,0.14904439449310303]","{""acc_lim_theta"":0.7226753721642166,""acc_lim_x"":0.8,""inflation_dist"":0.554535568721111,""max_vel_theta"":0.9850236303098866,""max_vel_x"":1.1820283563718639,""min_obstacle_dist"":0.2577485444492827,""weight_obstacle"":51.16079274751427,""weight_optimaltime"":0.9950908780097962,""weight_viapoint"":1.0}","{""acc_lim_theta"":0.7071693451864273,""acc_lim_x"":0.8,""inflation_dist"":0.554066676855128,""max_vel_theta"":0.9850236303098866,""max_vel_x"":1.2,""min_obstacle_dist"":0.27058747581424514,""weight_obstacle"":52.51421715831844,""weight_optimaltime"":1.0,""weight_viapoint"":1.0}","{""acc_lim_theta"":0.7071693451864273,""acc_lim_x"":0.8,""inflation_dist"":0.554066676855128,""max_vel_theta"":0.9850236303098866,""max_vel_x"":1.2,""min_obstacle_dist"":0.27058747581424514,""weight_obstacle"":52.51421715831844,""weight_optimaltime"":1.0,""weight_viapoint"":1.0}","{""acc_lim_theta"":0.7071693451864273,""acc_lim_x"":0.8,""inflation_dist"":0.554535568721111,""max_vel_theta"":0.9850236303098866,""max_vel_x"":1.1820283563718639,""min_obstacle_dist"":0.27058747581424514,""weight_obstacle"":52.51421715831844,""weight_optimaltime"":1.0,""weight_viapoint"":1.0}","{""acc_lim_theta"":0.7071693451864273,""acc_lim_x"":0.8,""inflation_dist"":0.554535568721111,""max_vel_theta"":0.9850236303098866,""max_vel_x"":1.1820283563718639,""min_obstacle_dist"":0.27058747581424514,""weight_obstacle"":52.51421715831844,""weight_optimaltime"":1.0,""weight_viapoint"":1.0}",false,,true,WARNING,margin:warning|safety_mode:WARNING:conservative_filter,false,,2.0761562138069034,2.173816195863232,-0.04499999999999993,-0.030079962446108627,-0.009795502731291842,-8.376436884631884e-05,-0.0,-0.012700752510081403,0.0,0.0,0.0,0.0,0.0,0.0,0.9858809935394675,19.999999999999574,47.999999999998266,true,
t12_t12_safety_seed101,t12_t12_safety_seed101-episode-000004,6,7,22.454,21.804,21.814,21.832,21.904,22.404,0,0.5,true,,2.2246980081176,1.7762419163114735,0.029417869352003592,0.6896395840304,0.3253099512429857,1.0,0.4104270108861529,0.8687984029883361,0.528757887823422,"[1.0,0.4478248357772827,-0.24268382787704468,-0.4439796209335327,0.14904439449310303]","[0.5497511625289917,0.3273266553878784,-0.07953155040740967,0.06897902488708496,0.018544316291809082]","[1.0,0.7751514911651611,-0.32221537828445435,-0.37500059604644775,0.1675887107849121]","{""acc_lim_theta"":0.7071693451864273,""acc_lim_x"":0.8,""inflation_dist"":0.554535568721111,""max_vel_theta"":0.9850236303098866,""max_vel_x"":1.1820283563718639,""min_obstacle_dist"":0.27058747581424514,""weight_obstacle"":52.51421715831844,""weight_optimaltime"":1.0,""weight_viapoint"":1.0}","{""acc_lim_theta"":0.6859206926327314,""acc_lim_x"":0.8,""inflation_dist"":0.5552718918964993,""max_vel_theta"":0.9850236303098866,""max_vel_x"":1.189622277965487,""min_obstacle_dist"":0.2760073150412435,""weight_obstacle"":52.41408391618853,""weight_optimaltime"":1.0,""weight_viapoint"":1.0}","{""acc_lim_theta"":0.6859206926327314,""acc_lim_x"":0.8,""inflation_dist"":0.5552718918964993,""max_vel_theta"":0.9850236303098866,""max_vel_x"":1.189622277965487,""min_obstacle_dist"":0.2760073150412435,""weight_obstacle"":52.41408391618853,""weight_optimaltime"":1.0,""weight_viapoint"":1.0}","{""acc_lim_theta"":0.6859206926327314,""acc_lim_x"":0.8,""inflation_dist"":0.5552718918964993,""max_vel_theta"":0.9850236303098866,""max_vel_x"":1.1820283563718639,""min_obstacle_dist"":0.2760073150412435,""weight_obstacle"":52.51421715831844,""weight_optimaltime"":1.0,""weight_viapoint"":1.0}","{""acc_lim_theta"":0.6859206926327314,""acc_lim_x"":0.8,""inflation_dist"":0.5552718918964993,""max_vel_theta"":0.9850236303098866,""max_vel_x"":1.1820283563718639,""min_obstacle_dist"":0.2760073150412435,""weight_obstacle"":52.51421715831844,""weight_optimaltime"":1.0,""weight_viapoint"":1.0}",false,,true,WARNING,margin:warning|safety_mode:WARNING:conservative_filter,false,,2.027349116411578,2.2422804590306322,-0.05,-0.12526654067305285,-0.004760267519102237,-0.027214057547565142,-0.0,-0.007690476879334256,0.0,0.0,0.0,0.0,0.0,0.0,7.29557299928274,18.000000000000682,89.99999999999986,true,
t12_t12_safety_seed101,t12_t12_safety_seed101-episode-000004,7,8,23.054,22.438,22.456,22.476,22.504,23.004,0,0.5,true,,1.689499251994913,1.464299984475065,0.07696944067143516,0.902219651514636,0.3253099512429857,1.0,0.6345786049040298,0.5958935209711455,0.1738060495629699,"[1.0,0.7751514911651611,-0.32221537828445435,-0.37500059604644775,0.1675887107849121]","[0.7340037822723389,-0.01742267608642578,-0.028191089630126953,0.3783698081970215,0.40695762634277344]","[1.0,0.7577288150787354,-0.3504064679145813,0.0033692121505737305,0.5745463371276855]","{""acc_lim_theta"":0.6859206926327314,""acc_lim_x"":0.8,""inflation_dist"":0.5552718918964993,""max_vel_theta"":0.9850236303098866,""max_vel_x"":1.1820283563718639,""min_obstacle_dist"":0.2760073150412435,""weight_obstacle"":52.51421715831844,""weight_optimaltime"":1.0,""weight_viapoint"":1.0}","{""acc_lim_theta"":0.6521046956044896,""acc_lim_x"":0.7972841420476877,""inflation_dist"":0.5555328921225451,""max_vel_theta"":0.9850236303098866,""max_vel_x"":1.163314699598657,""min_obstacle_dist"":0.27484645777150124,""weight_obstacle"":50.31677909190704,""weight_optimaltime"":0.9982577323913574,""weight_viapoint"":1.0}","{""acc_lim_theta"":0.6521046956044896,""acc_lim_x"":0.7972841420476877,""inflation_dist"":0.5555328921225451,""max_vel_theta"":0.9694289163322142,""max_vel_x"":1.163314699598657,""min_obstacle_dist"":0.27484645777150124,""weight_obstacle"":50.31677909190704,""weight_optimaltime"":0.9982577323913574,""weight_viapoint"":1.0}","{""acc_lim_theta"":0.6521046956044896,""acc_lim_x"":0.7972841420476877,""inflation_dist"":0.5555328921225451,""max_vel_theta"":0.9694289163322142,""max_vel_x"":1.163314699598657,""min_obstacle_dist"":0.2760073150412435,""weight_obstacle"":52.51421715831844,""weight_optimaltime"":0.9982577323913574,""weight_viapoint"":1.0}","{""acc_lim_theta"":0.6521046956044896,""acc_lim_x"":0.7972841420476877,""inflation_dist"":0.5555328921225451,""max_vel_theta"":0.9694289163322142,""max_vel_x"":1.163314699598657,""min_obstacle_dist"":0.2760073150412435,""weight_obstacle"":52.51421715831844,""weight_optimaltime"":0.9982577323913574,""weight_viapoint"":1.0}",true,max_vel_theta:ackermann_turning_radius,true,WARNING,margin:warning|safety_mode:WARNING:conservative_filter,false,,0.8183612800828617,1.12599633759924,-0.05,-0.15302762851551102,-0.0012493856219304052,-0.08756416902784483,-0.0,-0.015793874351091964,0.0,0.0,0.0,1.0,0.0,0.0,1.2958029983565211,19.999999999999574,48.00000000000182,true,
t12_t12_safety_seed101,t12_t12_safety_seed101-episode-000004,8,9,23.654,23.038,23.062,23.082,23.104,23.604,0,0.5,true,,1.407389298659401,1.0103046711757275,0.18775330043891328,0.8196314351133708,0.3253099512429857,1.0,0.44593897771617846,1.0174643943384512,-0.5589640938892138,"[1.0,0.7577288150787354,-0.3504064679145813,0.0033692121505737305,0.5745463371276855]","[0.7208287715911865,0.05704700946807861,-0.19472551345825195,0.25907766819000244,0.08067107200622559]","[1.0,0.814775824546814,-0.5451319813728333,0.26244688034057617,0.6552174091339111]","{""acc_lim_theta"":0.6521046956044896,""acc_lim_x"":0.7972841420476877,""inflation_dist"":0.5555328921225451,""max_vel_theta"":0.9694289163322142,""max_vel_x"":1.163314699598657,""min_obstacle_dist"":0.2760073150412435,""weight_obstacle"":52.51421715831844,""weight_optimaltime"":0.9982577323913574,""weight_viapoint"":1.0}","{""acc_lim_theta"":0.6266935185626947,""acc_lim_x"":0.7989624647526244,""inflation_dist"":0.5573357100943337,""max_vel_theta"":0.9694289163322142,""max_vel_x"":1.1660840812693571,""min_obstacle_dist"":0.27208574217450365,""weight_obstacle"":52.078619756992474,""weight_optimaltime"":1.0,""weight_viapoint"":1.0}","{""acc_lim_theta"":0.6266935185626947,""acc_lim_x"":0.7989624647526244,""inflation_dist"":0.5573357100943337,""max_vel_theta"":0.9694289163322142,""max_vel_x"":1.1660840812693571,""min_obstacle_dist"":0.27208574217450365,""weight_obstacle"":52.078619756992474,""weight_optimaltime"":1.0,""weight_viapoint"":1.0}","{""acc_lim_theta"":0.6266935185626947,""acc_lim_x"":0.7989624647526244,""inflation_dist"":0.5573357100943337,""max_vel_theta"":0.9694289163322142,""max_vel_x"":1.163314699598657,""min_obstacle_dist"":0.2760073150412435,""weight_obstacle"":52.51421715831844,""weight_optimaltime"":1.0,""weight_viapoint"":1.0}","{""acc_lim_theta"":0.6266935185626947,""acc_lim_x"":0.7989624647526244,""inflation_dist"":0.5573357100943337,""max_vel_theta"":0.9694289163322142,""max_vel_x"":1.163314699598657,""min_obstacle_dist"":0.2760073150412435,""weight_obstacle"":52.51421715831844,""weight_optimaltime"":1.0,""weight_viapoint"":1.0}",false,,true,WARNING,margin:warning|safety_mode:WARNING:conservative_filter,false,,1.753858476425443,1.9854231374183673,-0.05,-0.0959578428583038,-0.00819880757407734,-0.0697720912530491,-0.0,-0.007635919307493875,0.0,0.0,0.0,0.0,0.0,0.0,7.263933002832346,19.999999999999574,41.99999999999804,true,
t12_t12_safety_seed101,t12_t12_safety_seed101-episode-000004,9,10,27.202,23.638,23.654,23.672,23.701999999999998,24.201999999999998,0,0.45000000000000284,true,,0.9155753041006622,0.5010941348227824,0.0036594619016204273,0.009102436411330989,0.3253099512429857,1.0,14.636998273379508,0.08791545088370718,-0.0690031747031819,"[1.0,0.814775824546814,-0.5451319813728333,0.26244688034057617,0.6552174091339111]","[0.772216796875,0.33974385261535645,0.13598370552062988,0.18608343601226807,0.05665266513824463]","[1.0,1.0,-0.40914827585220337,0.44853031635284424,0.7118700742721558]","{""acc_lim_theta"":0.6266935185626947,""acc_lim_x"":0.7989624647526244,""inflation_dist"":0.5573357100943337,""max_vel_theta"":0.9694289163322142,""max_vel_x"":1.163314699598657,""min_obstacle_dist"":0.2760073150412435,""weight_obstacle"":52.51421715831844,""weight_optimaltime"":1.0,""weight_viapoint"":1.0}","{""acc_lim_theta"":0.5981152847561414,""acc_lim_x"":0.8,""inflation_dist"":0.5560767386127381,""max_vel_theta"":0.9694289163322142,""max_vel_x"":1.1701336856071518,""min_obstacle_dist"":0.2875123541782404,""weight_obstacle"":52.20831129765868,""weight_optimaltime"":1.0,""weight_viapoint"":1.0}","{""acc_lim_theta"":0.5981152847561414,""acc_lim_x"":0.8,""inflation_dist"":0.5560767386127381,""max_vel_theta"":0.9694289163322142,""max_vel_x"":1.1701336856071518,""min_obstacle_dist"":0.2875123541782404,""weight_obstacle"":52.20831129765868,""weight_optimaltime"":1.0,""weight_viapoint"":1.0}","{""acc_lim_theta"":0.5981152847561414,""acc_lim_x"":0.8,""inflation_dist"":0.5573357100943337,""max_vel_theta"":0.9694289163322142,""max_vel_x"":1.163314699598657,""min_obstacle_dist"":0.2875123541782404,""weight_obstacle"":52.51421715831844,""weight_optimaltime"":1.0,""weight_viapoint"":1.0}","{""acc_lim_theta"":0.5981152847561414,""acc_lim_x"":0.8,""inflation_dist"":0.5573357100943337,""max_vel_theta"":0.9694289163322142,""max_vel_x"":1.163314699598657,""min_obstacle_dist"":0.2875123541782404,""weight_obstacle"":52.51421715831844,""weight_optimaltime"":1.0,""weight_viapoint"":1.0}",false,,true,WARNING,margin:warning|safety_mode:WARNING:conservative_filter,false,,1.9262189701352483,2.0724058463893993,-0.04500000000000029,-0.02441264385233561,-0.02073614402912434,-0.044032130454409554,-0.0,-0.012005957918280998,0.0,0.0,0.0,0.0,0.0,0.0,1.02756499836687,18.000000000000682,47.999999999998266,true,
t12_t12_safety_seed101,t12_t12_safety_seed101-episode-000004,10,11,27.202,27.202,,,,27.202,0,0.0,true,,0.0036594619016204273,0.0036594619016204273,0.0036594619016204273,0.009102436411330989,0.3253099512429857,1.0,14.636998273379508,0.08791545088370718,-0.0690031747031819,"[1.0,1.0,-0.40914827585220337,0.44853031635284424,0.7118700742721558]","[0.7043958902359009,0.07765853404998779,-0.15344959497451782,0.6238679885864258,-0.014202594757080078]","[1.0,1.0,-0.5625978708267212,1.0,0.6976674795150757]","{""acc_lim_theta"":0.5981152847561414,""acc_lim_x"":0.8,""inflation_dist"":0.5573357100943337,""max_vel_theta"":0.9694289163322142,""max_vel_x"":1.163314699598657,""min_obstacle_dist"":0.2875123541782404,""weight_obstacle"":52.51421715831844,""weight_optimaltime"":1.0,""weight_viapoint"":1.0}","{""acc_lim_theta"":0.8,""acc_lim_x"":0.8,""inflation_dist"":0.55,""max_vel_theta"":1.0,""max_vel_x"":1.2,""min_obstacle_dist"":0.25,""weight_obstacle"":50.0,""weight_optimaltime"":1.0,""weight_viapoint"":1.0}","{""acc_lim_theta"":0.5981152847561414,""acc_lim_x"":0.8,""inflation_dist"":0.5573357100943337,""max_vel_theta"":0.9694289163322142,""max_vel_x"":1.163314699598657,""min_obstacle_dist"":0.2875123541782404,""weight_obstacle"":52.51421715831844,""weight_optimaltime"":1.0,""weight_viapoint"":1.0}","{""acc_lim_theta"":0.5981152847561414,""acc_lim_x"":0.8,""inflation_dist"":0.5573357100943337,""max_vel_theta"":0.9694289163322142,""max_vel_x"":1.163314699598657,""min_obstacle_dist"":0.2875123541782404,""weight_obstacle"":52.51421715831844,""weight_optimaltime"":1.0,""weight_viapoint"":1.0}","{""acc_lim_theta"":0.8,""acc_lim_x"":0.8,""inflation_dist"":0.55,""max_vel_theta"":1.0,""max_vel_x"":1.2,""min_obstacle_dist"":0.25,""weight_obstacle"":50.0,""weight_optimaltime"":1.0,""weight_viapoint"":1.0}",false,,false,NORMAL,,false,,0.0,0.0,0.0,0.0,0.0,0.0,0.0,0.0,0.0,0.0,0.0,0.0,0.0,0.0,1.2214069865876809,0.0,0.0,false,parameter_activation_timeout
t12_t12_safety_seed101,t12_t12_safety_seed101-episode-000005,0,1,30.722,30.178,30.186,30.206,30.22,30.72,0,0.4499999999999993,true,,5.292295081426443,4.991106964146075,0.04129577936270026,0.30661935886031455,1.22972354198722,0.7796610169491526,1.5302080961354203,0.8036315747465447,-0.5401206156893789,"[0.0,0.0,0.0,0.0,0.0]","[0.4587928056716919,-0.3191584348678589,0.12004327774047852,0.21684157848358154,-0.017639100551605225]","[0.4587928056716919,-0.3191584348678589,0.12004327774047852,0.21684157848358154,-0.017639100551605225]","{""acc_lim_theta"":0.8,""acc_lim_x"":0.8,""inflation_dist"":0.55,""max_vel_theta"":1.0,""max_vel_x"":1.2,""min_obstacle_dist"":0.25,""weight_obstacle"":50.0,""weight_optimaltime"":1.0,""weight_viapoint"":1.0}","{""acc_lim_theta"":0.7874752429210716,""acc_lim_x"":0.7910582609712249,""inflation_dist"":0.55,""max_vel_theta"":1.0,""max_vel_x"":1.2,""min_obstacle_dist"":0.25,""weight_obstacle"":50.09524537322888,""weight_optimaltime"":0.9680841565132141,""weight_viapoint"":1.0}","{""acc_lim_theta"":0.7874752429210716,""acc_lim_x"":0.7910582609712249,""inflation_dist"":0.55,""max_vel_theta"":1.0,""max_vel_x"":1.2,""min_obstacle_dist"":0.25,""weight_obstacle"":50.09524537322888,""weight_optimaltime"":0.9680841565132141,""weight_viapoint"":1.0}","{""acc_lim_theta"":0.7874752429210716,""acc_lim_x"":0.7910582609712249,""inflation_dist"":0.55,""max_vel_theta"":1.0,""max_vel_x"":1.2,""min_obstacle_dist"":0.25,""weight_obstacle"":50.09524537322888,""weight_optimaltime"":0.9680841565132141,""weight_viapoint"":1.0}","{""acc_lim_theta"":0.7874752429210716,""acc_lim_x"":0.7910582609712249,""inflation_dist"":0.55,""max_vel_theta"":1.0,""max_vel_x"":1.2,""min_obstacle_dist"":0.25,""weight_obstacle"":50.09524537322888,""weight_optimaltime"":0.9680841565132141,""weight_viapoint"":1.0}",false,,false,NORMAL,,false,,1.3691442456188643,1.5059405864018371,-0.04499999999999993,-0.0,-0.0010233900075527738,-0.07883266730467942,-0.0,-0.011940283470740826,0.0,0.0,0.0,0.0,0.0,0.0,7.136436994187534,19.999999999999574,33.99999999999892,true,
t12_t12_safety_seed101,t12_t12_safety_seed101-episode-000005,1,2,31.368,30.718,30.724,30.74,30.818,31.318,0,0.5,true,,4.8451238851141225,4.342218983856951,0.041526489941994475,0.4235085803647353,0.6482715464128023,0.9875,0.5552905105268489,1.1674457497891235,0.015440470794049728,"[0.4587928056716919,-0.3191584348678589,0.12004327774047852,0.21684157848358154,-0.017639100551605225]","[0.5090608596801758,-0.018085837364196777,0.17381882667541504,0.158524751663208,0.10614871978759766]","[0.9678536653518677,-0.33724427223205566,0.29386210441589355,0.37536633014678955,0.08850961923599243]","{""acc_lim_theta"":0.7874752429210716,""acc_lim_x"":0.7910582609712249,""inflation_dist"":0.55,""max_vel_theta"":1.0,""max_vel_x"":1.2,""min_obstacle_dist"":0.25,""weight_obstacle"":50.09524537322888,""weight_optimaltime"":0.9680841565132141,""weight_viapoint"":1.0}","{""acc_lim_theta"":0.7672521493794476,""acc_lim_x"":0.7955001374925061,""inflation_dist"":0.55,""max_vel_theta"":1.0,""max_vel_x"":1.1996650247584122,""min_obstacle_dist"":0.2542588906256985,""weight_obstacle"":50.0,""weight_optimaltime"":0.9662755727767944,""weight_viapoint"":1.0}","{""acc_lim_theta"":0.7672521493794476,""acc_lim_x"":0.7955001374925061,""inflation_dist"":0.55,""max_vel_theta"":0.9997208539653435,""max_vel_x"":1.1996650247584122,""min_obstacle_dist"":0.2542588906256985,""weight_obstacle"":50.0,""weight_optimaltime"":0.9662755727767944,""weight_viapoint"":1.0}","{""acc_lim_theta"":0.7672521493794476,""acc_lim_x"":0.7955001374925061,""inflation_dist"":0.55,""max_vel_theta"":0.9997208539653435,""max_vel_x"":1.1996650247584122,""min_obstacle_dist"":0.2542588906256985,""weight_obstacle"":50.09524537322888,""weight_optimaltime"":0.9662755727767944,""weight_viapoint"":1.0}","{""acc_lim_theta"":0.7672521493794476,""acc_lim_x"":0.7955001374925061,""inflation_dist"":0.55,""max_vel_theta"":0.9997208539653435,""max_vel_x"":1.1996650247584122,""min_obstacle_dist"":0.2542588906256985,""weight_obstacle"":50.09524537322888,""weight_optimaltime"":0.9662755727767944,""weight_viapoint"":1.0}",true,max_vel_theta:ackermann_turning_radius,true,WARNING,margin:warning|safety_mode:WARNING:conservative_filter,false,,2.436563575498861,2.5145245062858557,-0.05,-0.0,-0.0007182276030930043,-0.018899529256749738,-0.0,-0.008343173927152246,0.0,0.0,0.0,1.0,0.0,0.0,0.8072109922068194,15.999999999998238,94.0000000000012,true,
t12_t12_safety_seed101,t12_t12_safety_seed101-episode-000005,2,3,31.968,31.358,31.372,31.396,31.418,31.918,0,0.5,true,,4.220839816061895,3.716811740336755,0.07289374155720171,0.30984373988824504,0.40611484098344913,1.0,0.34705145801850323,1.1701862406865235,0.32762018156201494,"[0.9678536653518677,-0.33724427223205566,0.29386210441589355,0.37536633014678955,0.08850961923599243]","[0.5353944301605225,0.09189748764038086,-0.08992576599121094,-0.029298067092895508,0.05947160720825195]","[1.0,-0.2453467845916748,0.20393633842468262,0.34606826305389404,0.14798122644424438]","{""acc_lim_theta"":0.7672521493794476,""acc_lim_x"":0.7955001374925061,""inflation_dist"":0.55,""max_vel_theta"":0.9997208539653435,""max_vel_x"":1.1996650247584122,""min_obstacle_dist"":0.2542588906256985,""weight_obstacle"":50.09524537322888,""weight_optimaltime"":0.9662755727767944,""weight_viapoint"":1.0}","{""acc_lim_theta"":0.7426879228753109,""acc_lim_x"":0.8,""inflation_dist"":0.5508325554478026,""max_vel_theta"":0.9997208539653435,""max_vel_x"":1.2,""min_obstacle_dist"":0.2539618222045853,""weight_obstacle"":50.0,""weight_optimaltime"":0.9754653215408325,""weight_viapoint"":1.0}","{""acc_lim_theta"":0.7426879228753109,""acc_lim_x"":0.8,""inflation_dist"":0.5508325554478026,""max_vel_theta"":0.9997208539653435,""max_vel_x"":1.2,""min_obstacle_dist"":0.2539618222045853,""weight_obstacle"":50.0,""weight_optimaltime"":0.9754653215408325,""weight_viapoint"":1.0}","{""acc_lim_theta"":0.7426879228753109,""acc_lim_x"":0.8,""inflation_dist"":0.5508325554478026,""max_vel_theta"":0.9997208539653435,""max_vel_x"":1.1996650247584122,""min_obstacle_dist"":0.2542588906256985,""weight_obstacle"":50.09524537322888,""weight_optimaltime"":0.9754653215408325,""weight_viapoint"":1.0}","{""acc_lim_theta"":0.7426879228753109,""acc_lim_x"":0.8,""inflation_dist"":0.5508325554478026,""max_vel_theta"":0.9997208539653435,""max_vel_x"":1.1996650247584122,""min_obstacle_dist"":0.2542588906256985,""weight_obstacle"":50.09524537322888,""weight_optimaltime"":0.9754653215408325,""weight_viapoint"":1.0}",false,,true,WARNING,margin:warning|safety_mode:WARNING:conservative_filter,false,,2.428837754947368,2.5201403786257015,-0.05,-0.029942429830040834,-0.001999813763379856,-1.8535094110951492e-05,-0.0,-0.009341844990801726,0.0,0.0,0.0,0.0,0.0,0.0,4.0545520023442805,24.00000000000091,45.999999999999375,true,
t12_t12_safety_seed101,t12_t12_safety_seed101-episode-000005,3,4,32.568,31.958,31.97,31.99,32.018,32.518,0,0.5,true,,3.6140574523007682,3.0861905497273083,0.09263269622157892,0.10904895158273151,0.36340500957297095,1.0,0.33897925949370483,1.1671696592304264,0.3260522702971659,"[1.0,-0.2453467845916748,0.20393633842468262,0.34606826305389404,0.14798122644424438]","[0.3459286689758301,0.2593801021575928,-0.040017008781433105,-0.09052413702011108,0.05464017391204834]","[1.0,0.014033317565917969,0.1639193296432495,0.25554412603378296,0.20262140035629272]","{""acc_lim_theta"":0.7426879228753109,""acc_lim_x"":0.8,""inflation_dist"":0.5508325554478026,""max_vel_theta"":0.9997208539653435,""max_vel_x"":1.1996650247584122,""min_obstacle_dist"":0.2542588906256985,""weight_obstacle"":50.09524537322888,""weight_optimaltime"":0.9754653215408325,""weight_viapoint"":1.0}","{""acc_lim_theta"":0.7244308552358292,""acc_lim_x"":0.8,""inflation_dist"":0.5512030430193958,""max_vel_theta"":0.9997208539653435,""max_vel_x"":1.2,""min_obstacle_dist"":0.2591726359530861,""weight_obstacle"":50.0,""weight_optimaltime"":1.0,""weight_viapoint"":1.0}","{""acc_lim_theta"":0.7244308552358292,""acc_lim_x"":0.8,""inflation_dist"":0.5512030430193958,""max_vel_theta"":0.9997208539653435,""max_vel_x"":1.2,""min_obstacle_dist"":0.2591726359530861,""weight_obstacle"":50.0,""weight_optimaltime"":1.0,""weight_viapoint"":1.0}","{""acc_lim_theta"":0.7244308552358292,""acc_lim_x"":0.8,""inflation_dist"":0.5512030430193958,""max_vel_theta"":0.9997208539653435,""max_vel_x"":1.1996650247584122,""min_obstacle_dist"":0.2591726359530861,""weight_obstacle"":50.09524537322888,""weight_optimaltime"":1.0,""weight_viapoint"":1.0}","{""acc_lim_theta"":0.7244308552358292,""acc_lim_x"":0.8,""inflation_dist"":0.5512030430193958,""max_vel_theta"":0.9997208539653435,""max_vel_x"":1.1996650247584122,""min_obstacle_dist"":0.2591726359530861,""weight_obstacle"":50.09524537322888,""weight_optimaltime"":1.0,""weight_viapoint"":1.0}",false,,true,WARNING,margin:warning|safety_mode:WARNING:conservative_filter,false,,2.434953057926126,2.6393345128672996,-0.05,-0.1411673512621648,-0.0016636057743585212,-7.943580107863869e-06,-0.0,-0.011542554324542736,0.0,0.0,0.0,0.0,0.0,0.0,1.5263059904100373,19.999999999999574,48.00000000000182,true,
t12_t12_safety_seed101,t12_t12_safety_seed101-episode-000005,4,5,33.168,32.558,32.57,32.592,32.618,33.118,0,0.5,true,,2.9781039781140946,2.4230887178328517,0.009831479768378903,0.16548448003458344,0.36340500957297095,1.0,0.3372937283304486,1.1650898622654355,0.5809277926404339,"[1.0,0.014033317565917969,0.1639193296432495,0.25554412603378296,0.20262140035629272]","[0.474872350692749,0.442165732383728,0.05823564529418945,-0.12863701581954956,-0.3976282477378845]","[1.0,0.456199049949646,0.22215497493743896,0.1269071102142334,-0.1950068473815918]","{""acc_lim_theta"":0.7244308552358292,""acc_lim_x"":0.8,""inflation_dist"":0.5512030430193958,""max_vel_theta"":0.9997208539653435,""max_vel_x"":1.1996650247584122,""min_obstacle_dist"":0.2591726359530861,""weight_obstacle"":50.09524537322888,""weight_optimaltime"":1.0,""weight_viapoint"":1.0}","{""acc_lim_theta"":0.7150991538178355,""acc_lim_x"":0.8,""inflation_dist"":0.5506638827107618,""max_vel_theta"":0.9997208539653435,""max_vel_x"":1.2,""min_obstacle_dist"":0.270951308571144,""weight_obstacle"":52.24230784681362,""weight_optimaltime"":1.0,""weight_viapoint"":1.0}","{""acc_lim_theta"":0.7150991538178355,""acc_lim_x"":0.8,""inflation_dist"":0.5506638827107618,""max_vel_theta"":0.9997208539653435,""max_vel_x"":1.2,""min_obstacle_dist"":0.270951308571144,""weight_obstacle"":52.24230784681362,""weight_optimaltime"":1.0,""weight_viapoint"":1.0}","{""acc_lim_theta"":0.7150991538178355,""acc_lim_x"":0.8,""inflation_dist"":0.5512030430193958,""max_vel_theta"":0.9997208539653435,""max_vel_x"":1.1996650247584122,""min_obstacle_dist"":0.270951308571144,""weight_obstacle"":52.24230784681362,""weight_optimaltime"":1.0,""weight_viapoint"":1.0}","{""acc_lim_theta"":0.7150991538178355,""acc_lim_x"":0.8,""inflation_dist"":0.5512030430193958,""max_vel_theta"":0.9997208539653435,""max_vel_x"":1.1996650247584122,""min_obstacle_dist"":0.270951308571144,""weight_obstacle"":52.24230784681362,""weight_optimaltime"":1.0,""weight_viapoint"":1.0}",false,,true,WARNING,margin:warning|safety_mode:WARNING:conservative_filter,false,,2.609195876478591,2.775076301406214,-0.05,-0.09879808644665675,-0.005738780474088642,-5.03865798704066e-06,-0.0,-0.011338519348891067,0.0,0.0,0.0,0.0,0.0,0.0,1.2813180073862895,21.999999999998465,48.00000000000182,true,
t12_t12_safety_seed101,t12_t12_safety_seed101-episode-000005,5,6,33.718,33.158,33.17,33.186,33.216,33.716,0,0.44999999999999574,true,,2.3316390538863336,1.8005576442282063,0.02700663290845147,0.40011695770066,0.3517118660579258,1.0,0.3516479191117335,1.155215951281056,0.3043078092119212,"[1.0,0.456199049949646,0.22215497493743896,0.1269071102142334,-0.1950068473815918]","[0.6429176330566406,0.3318448066711426,-0.0708569884300232,0.025641560554504395,-0.05988508462905884]","[1.0,0.7880438566207886,0.15129798650741577,0.1525486707687378,-0.25489193201065063]","{""acc_lim_theta"":0.7150991538178355,""acc_lim_x"":0.8,""inflation_dist"":0.5512030430193958,""max_vel_theta"":0.9997208539653435,""max_vel_x"":1.1996650247584122,""min_obstacle_dist"":0.270951308571144,""weight_obstacle"":52.24230784681362,""weight_optimaltime"":1.0,""weight_viapoint"":1.0}","{""acc_lim_theta"":0.6915679784691973,""acc_lim_x"":0.8,""inflation_dist"":0.5518590549096706,""max_vel_theta"":0.9997208539653435,""max_vel_x"":1.2,""min_obstacle_dist"":0.2767088833214684,""weight_obstacle"":52.56566771539935,""weight_optimaltime"":1.0,""weight_viapoint"":1.0}","{""acc_lim_theta"":0.6915679784691973,""acc_lim_x"":0.8,""inflation_dist"":0.5518590549096706,""max_vel_theta"":0.9997208539653435,""max_vel_x"":1.2,""min_obstacle_dist"":0.2767088833214684,""weight_obstacle"":52.56566771539935,""weight_optimaltime"":1.0,""weight_viapoint"":1.0}","{""acc_lim_theta"":0.6915679784691973,""acc_lim_x"":0.8,""inflation_dist"":0.5518590549096706,""max_vel_theta"":0.9997208539653435,""max_vel_x"":1.1996650247584122,""min_obstacle_dist"":0.2767088833214684,""weight_obstacle"":52.56566771539935,""weight_optimaltime"":1.0,""weight_viapoint"":1.0}","{""acc_lim_theta"":0.6915679784691973,""acc_lim_x"":0.8,""inflation_dist"":0.5518590549096706,""max_vel_theta"":0.9997208539653435,""max_vel_x"":1.1996650247584122,""min_obstacle_dist"":0.2767088833214684,""weight_obstacle"":52.56566771539935,""weight_optimaltime"":1.0,""weight_viapoint"":1.0}",false,,true,WARNING,margin:warning|safety_mode:WARNING:conservative_filter,false,,2.467729256186824,2.6554070482906367,-0.044999999999999575,-0.13312733386683392,-0.0004729817387113523,-5.750105515721501e-05,-0.0,-0.00901997544311072,0.0,0.0,0.0,0.0,0.0,0.0,1.080392990843393,15.999999999998238,45.999999999999375,true,
t12_t12_safety_seed101,t12_t12_safety_seed101-episode-000005,6,7,34.368,33.718,33.722,33.738,33.818,34.318,0,0.5,true,,1.6155960760733399,1.0645828935005144,0.09436535798887606,0.4615073873686895,0.3517118660579258,0.9876543209876543,0.557159443050118,1.1557663321049543,-0.06489136585896206,"[1.0,0.7880438566207886,0.15129798650741577,0.1525486707687378,-0.25489193201065063]","[0.6987408399581909,0.2896333932876587,-0.2620861530303955,0.11310851573944092,0.23896241188049316]","[1.0,1.0,-0.11078816652297974,0.2656571865081787,-0.01592952013015747]","{""acc_lim_theta"":0.6915679784691973,""acc_lim_x"":0.8,""inflation_dist"":0.5518590549096706,""max_vel_theta"":0.9997208539653435,""max_vel_x"":1.1996650247584122,""min_obstacle_dist"":0.2767088833214684,""weight_obstacle"":52.56566771539935,""weight_optimaltime"":1.0,""weight_viapoint"":1.0}","{""acc_lim_theta"":0.6579950159561588,""acc_lim_x"":0.8,""inflation_dist"":0.5542855146911796,""max_vel_theta"":0.9997208539653435,""max_vel_x"":1.1962098438459168,""min_obstacle_dist"":0.2763465745064724,""weight_obstacle"":51.275348855849614,""weight_optimaltime"":1.0,""weight_viapoint"":1.0}","{""acc_lim_theta"":0.6579950159561588,""acc_lim_x"":0.8,""inflation_dist"":0.5542855146911796,""max_vel_theta"":0.996841536538264,""max_vel_x"":1.1962098438459168,""min_obstacle_dist"":0.2763465745064724,""weight_obstacle"":51.275348855849614,""weight_optimaltime"":1.0,""weight_viapoint"":1.0}","{""acc_lim_theta"":0.6579950159561588,""acc_lim_x"":0.8,""inflation_dist"":0.5542855146911796,""max_vel_theta"":0.996841536538264,""max_vel_x"":1.1962098438459168,""min_obstacle_dist"":0.2767088833214684,""weight_obstacle"":52.56566771539935,""weight_optimaltime"":1.0,""weight_viapoint"":1.0}","{""acc_lim_theta"":0.6579950159561588,""acc_lim_x"":0.8,""inflation_dist"":0.5542855146911796,""max_vel_theta"":0.996841536538264,""max_vel_x"":1.1962098438459168,""min_obstacle_dist"":0.2767088833214684,""weight_obstacle"":52.56566771539935,""weight_optimaltime"":1.0,""weight_viapoint"":1.0}",true,max_vel_theta:ackermann_turning_radius,true,WARNING,margin:warning|safety_mode:WARNING:conservative_filter,false,,2.6680770091511943,2.7550659128641275,-0.05,-0.02496472886496016,-0.0017137043108612267,-7.222871473232905e-05,-0.0,-0.010238241822379694,0.0,0.0,0.0,1.0,0.0,0.0,2.2345200122799724,15.999999999998238,95.99999999999653,true,
t12_t12_safety_seed101,t12_t12_safety_seed101-episode-000005,7,8,36.218,34.358,34.368,34.386,34.416,34.916,0,0.45000000000000284,true,,0.9500963354650241,0.4965755200849324,0.01299506554276319,0.020900273846567802,0.3517118660579258,0.0,32.41443911096191,0.0,0.0,"[1.0,1.0,-0.11078816652297974,0.2656571865081787,-0.01592952013015747]","[0.6445252895355225,0.08697211742401123,-0.40837860107421875,0.07023394107818604,0.3449760675430298]","[1.0,1.0,-0.5191667675971985,0.33589112758636475,0.3290465474128723]","{""acc_lim_theta"":0.6579950159561588,""acc_lim_x"":0.8,""inflation_dist"":0.5542855146911796,""max_vel_theta"":0.996841536538264,""max_vel_x"":1.1962098438459168,""min_obstacle_dist"":0.2767088833214684,""weight_obstacle"":52.56566771539935,""weight_optimaltime"":1.0,""weight_viapoint"":1.0}","{""acc_lim_theta"":0.6219744662865639,""acc_lim_x"":0.8,""inflation_dist"":0.5580663868955215,""max_vel_theta"":0.996841536538264,""max_vel_x"":1.1865757282699498,""min_obstacle_dist"":0.2677301103564408,""weight_obstacle"":50.70290979233868,""weight_optimaltime"":1.0,""weight_viapoint"":1.0}","{""acc_lim_theta"":0.6219744662865639,""acc_lim_x"":0.8,""inflation_dist"":0.5580663868955215,""max_vel_theta"":0.9888131068916249,""max_vel_x"":1.1865757282699498,""min_obstacle_dist"":0.2677301103564408,""weight_obstacle"":50.70290979233868,""weight_optimaltime"":1.0,""weight_viapoint"":1.0}","{""acc_lim_theta"":0.6219744662865639,""acc_lim_x"":0.8,""inflation_dist"":0.5580663868955215,""max_vel_theta"":0.9888131068916249,""max_vel_x"":1.1865757282699498,""min_obstacle_dist"":0.2767088833214684,""weight_obstacle"":52.56566771539935,""weight_optimaltime"":1.0,""weight_viapoint"":1.0}","{""acc_lim_theta"":0.6219744662865639,""acc_lim_x"":0.8,""inflation_dist"":0.5580663868955215,""max_vel_theta"":0.9888131068916249,""max_vel_x"":1.1865757282699498,""min_obstacle_dist"":0.2767088833214684,""weight_obstacle"":52.56566771539935,""weight_optimaltime"":1.0,""weight_viapoint"":1.0}",true,max_vel_theta:ackermann_turning_radius,true,WARNING,margin:warning|safety_mode:WARNING:conservative_filter,false,,12.163097147499611,2.267604076900459,-0.04500000000000029,-0.0,-0.00658748076341139,-0.039622690160141576,-0.0,-0.013296758477294897,10.0,0.0,0.0,1.0,0.0,0.0,0.7868130051065236,18.000000000000682,47.999999999994714,true,
t12_t12_safety_seed101,t12_t12_safety_seed101-episode-000006,0,1,37.756,37.158,37.16,37.176,37.206,37.706,0,0.5,true,,5.303385962758813,4.810050085983713,0.06545716627224571,0.3398740755201911,1.270499498800457,0.8596491228070176,1.100025517460782,1.1549727516623292,0.4259935575409421,"[0.0,0.0,0.0,0.0,0.0]","[0.030331730842590332,-0.4733654856681824,-0.004543721675872803,0.21137917041778564,0.03320586681365967]","[0.030331730842590332,-0.4733654856681824,-0.004543721675872803,0.21137917041778564,0.03320586681365967]","{""acc_lim_theta"":0.8,""acc_lim_x"":0.8,""inflation_dist"":0.55,""max_vel_theta"":1.0,""max_vel_x"":1.2,""min_obstacle_dist"":0.25,""weight_obstacle"":50.0,""weight_optimaltime"":1.0,""weight_viapoint"":1.0}","{""acc_lim_theta"":0.8,""acc_lim_x"":0.7773902127503867,""inflation_dist"":0.550042066922565,""max_vel_theta"":1.0,""max_vel_x"":1.1937325347828192,""min_obstacle_dist"":0.25,""weight_obstacle"":50.0,""weight_optimaltime"":0.9526634514331818,""weight_viapoint"":1.0}","{""acc_lim_theta"":0.8,""acc_lim_x"":0.7773902127503867,""inflation_dist"":0.550042066922565,""max_vel_theta"":0.994777112319016,""max_vel_x"":1.1937325347828192,""min_obstacle_dist"":0.25,""weight_obstacle"":50.0,""weight_optimaltime"":0.9526634514331818,""weight_viapoint"":1.0}","{""acc_lim_theta"":0.8,""acc_lim_x"":0.7773902127503867,""inflation_dist"":0.550042066922565,""max_vel_theta"":0.994777112319016,""max_vel_x"":1.1937325347828192,""min_obstacle_dist"":0.25,""weight_obstacle"":50.0,""weight_optimaltime"":0.9526634514331818,""weight_viapoint"":1.0}","{""acc_lim_theta"":0.8,""acc_lim_x"":0.7773902127503867,""inflation_dist"":0.550042066922565,""max_vel_theta"":0.994777112319016,""max_vel_x"":1.1937325347828192,""min_obstacle_dist"":0.25,""weight_obstacle"":50.0,""weight_optimaltime"":0.9526634514331818,""weight_viapoint"":1.0}",true,max_vel_theta:ackermann_turning_radius,false,NORMAL,,false,,2.2503650146531893,2.4666793838754986,-0.05,-0.0,-0.0007990954056401976,-0.14829434309777575,-0.0,-0.017220930718893426,0.0,0.0,0.0,1.0,0.0,0.0,1.2230620050104335,16.000000000005343,46.00000000000648,true,
t12_t12_safety_seed101,t12_t12_safety_seed101-episode-000006,1,2,38.306,37.738,37.756,37.774,37.804,38.304,0,0.45000000000000284,true,,4.703084534766069,4.258351334390428,0.05546937697623019,0.4787967385234333,0.6577037104094516,0.987012987012987,0.5683076008283876,1.1573023296727982,0.11606941452095712,"[0.030331730842590332,-0.4733654856681824,-0.004543721675872803,0.21137917041778564,0.03320586681365967]","[0.2633296251296997,-0.32991504669189453,-0.018990695476531982,0.24492502212524414,-0.13538765907287598]","[0.29366135597229004,-0.8032805323600769,-0.023534417152404785,0.4563041925430298,-0.10218179225921631]","{""acc_lim_theta"":0.8,""acc_lim_x"":0.7773902127503867,""inflation_dist"":0.550042066922565,""max_vel_theta"":0.994777112319016,""max_vel_x"":1.1937325347828192,""min_obstacle_dist"":0.25,""weight_obstacle"":50.0,""weight_optimaltime"":0.9526634514331818,""weight_viapoint"":1.0}","{""acc_lim_theta"":0.8,""acc_lim_x"":0.7618563625840705,""inflation_dist"":0.5502178875764373,""max_vel_theta"":0.994777112319016,""max_vel_x"":1.2,""min_obstacle_dist"":0.25,""weight_obstacle"":50.73104907369025,""weight_optimaltime"":0.9196719467639923,""weight_viapoint"":1.0}","{""acc_lim_theta"":0.8,""acc_lim_x"":0.7618563625840705,""inflation_dist"":0.5502178875764373,""max_vel_theta"":0.994777112319016,""max_vel_x"":1.2,""min_obstacle_dist"":0.25,""weight_obstacle"":50.73104907369025,""weight_optimaltime"":0.9196719467639923,""weight_viapoint"":1.0}","{""acc_lim_theta"":0.8,""acc_lim_x"":0.7618563625840705,""inflation_dist"":0.5502178875764373,""max_vel_theta"":0.994777112319016,""max_vel_x"":1.1937325347828192,""min_obstacle_dist"":0.25,""weight_obstacle"":50.73104907369025,""weight_optimaltime"":0.9196719467639923,""weight_viapoint"":1.0}","{""acc_lim_theta"":0.8,""acc_lim_x"":0.7618563625840705,""inflation_dist"":0.5502178875764373,""max_vel_theta"":0.994777112319016,""max_vel_x"":1.1937325347828192,""min_obstacle_dist"":0.25,""weight_obstacle"":50.73104907369025,""weight_optimaltime"":0.9196719467639923,""weight_viapoint"":1.0}",false,,true,WARNING,margin:warning|safety_mode:WARNING:conservative_filter,false,,2.1643378690333392,2.2236660018782084,-0.04500000000000029,-0.0,-0.002137734508991394,-0.00019630224054526503,-0.0,-0.011994096095332378,0.0,0.0,0.0,0.0,0.0,0.0,0.8089649927569553,18.000000000000682,48.00000000000182,true,
t12_t12_safety_seed101,t12_t12_safety_seed101-episode-000006,2,3,38.954,38.298,38.308,38.324,38.404,38.904,0,0.5,true,,4.105204853502995,3.6481036584672504,0.095741310730093,0.45636413219328786,0.4175645438995093,1.0,0.35821560025332416,1.1656793942090031,-0.22697748217070812,"[0.29366135597229004,-0.8032805323600769,-0.023534417152404785,0.4563041925430298,-0.10218179225921631]","[0.7021931409835815,-0.236181378364563,-0.09699666500091553,0.19414830207824707,-0.007334530353546143]","[0.9958544969558716,-1.0,-0.12053108215332031,0.6504524946212769,-0.10951632261276245]","{""acc_lim_theta"":0.8,""acc_lim_x"":0.7618563625840705,""inflation_dist"":0.5502178875764373,""max_vel_theta"":0.994777112319016,""max_vel_x"":1.1937325347828192,""min_obstacle_dist"":0.25,""weight_obstacle"":50.73104907369025,""weight_optimaltime"":0.9196719467639923,""weight_viapoint"":1.0}","{""acc_lim_theta"":0.776627575134375,""acc_lim_x"":0.7576184759380662,""inflation_dist"":0.5511159071926737,""max_vel_theta"":0.994777112319016,""max_vel_x"":1.2,""min_obstacle_dist"":0.25,""weight_obstacle"":50.77065313847452,""weight_optimaltime"":0.896053808927536,""weight_viapoint"":1.0}","{""acc_lim_theta"":0.776627575134375,""acc_lim_x"":0.7576184759380662,""inflation_dist"":0.5511159071926737,""max_vel_theta"":0.994777112319016,""max_vel_x"":1.2,""min_obstacle_dist"":0.25,""weight_obstacle"":50.77065313847452,""weight_optimaltime"":0.896053808927536,""weight_viapoint"":1.0}","{""acc_lim_theta"":0.776627575134375,""acc_lim_x"":0.7576184759380662,""inflation_dist"":0.5511159071926737,""max_vel_theta"":0.994777112319016,""max_vel_x"":1.1937325347828192,""min_obstacle_dist"":0.25,""weight_obstacle"":50.77065313847452,""weight_optimaltime"":0.896053808927536,""weight_viapoint"":1.0}","{""acc_lim_theta"":0.776627575134375,""acc_lim_x"":0.7576184759380662,""inflation_dist"":0.5511159071926737,""max_vel_theta"":0.994777112319016,""max_vel_x"":1.1937325347828192,""min_obstacle_dist"":0.25,""weight_obstacle"":50.77065313847452,""weight_optimaltime"":0.896053808927536,""weight_viapoint"":1.0}",false,,true,WARNING,margin:warning|safety_mode:WARNING:conservative_filter,false,,2.1927332707209084,2.2855059751787232,-0.05,-0.027626818693037333,-0.0031010367783781373,-8.285837842163075e-05,-0.0,-0.01196199060797754,0.0,0.0,0.0,0.0,0.0,0.0,1.0566300043137744,15.999999999998238,96.00000000000364,true,
t12_t12_safety_seed101,t12_t12_safety_seed101-episode-000006,3,4,39.554,38.938,38.956,38.978,39.004,39.504,0,0.5,true,,3.5582036980138065,3.0999454724412745,0.17693606244449753,0.22229578123788618,0.377022103020423,1.0,0.36045052054145615,1.15026817781805,-0.5418448923228247,"[0.9958544969558716,-1.0,-0.12053108215332031,0.6504524946212769,-0.10951632261276245]","[0.41308748722076416,-0.3104177713394165,-0.17564761638641357,0.10248458385467529,0.24113810062408447]","[1.0,-1.0,-0.2961786985397339,0.7529370784759521,0.13162177801132202]","{""acc_lim_theta"":0.776627575134375,""acc_lim_x"":0.7576184759380662,""inflation_dist"":0.5511159071926737,""max_vel_theta"":0.994777112319016,""max_vel_x"":1.1937325347828192,""min_obstacle_dist"":0.25,""weight_obstacle"":50.77065313847452,""weight_optimaltime"":0.896053808927536,""weight_viapoint"":1.0}","{""acc_lim_theta"":0.7543484490933037,""acc_lim_x"":0.7484923260893905,""inflation_dist"":0.5527420971762023,""max_vel_theta"":0.994777112319016,""max_vel_x"":1.1850600056340574,""min_obstacle_dist"":0.25,""weight_obstacle"":50.0,""weight_optimaltime"":0.8650120317935944,""weight_viapoint"":1.0}","{""acc_lim_theta"":0.7543484490933037,""acc_lim_x"":0.7484923260893905,""inflation_dist"":0.5527420971762023,""max_vel_theta"":0.987550004695048,""max_vel_x"":1.1850600056340574,""min_obstacle_dist"":0.25,""weight_obstacle"":50.0,""weight_optimaltime"":0.8650120317935944,""weight_viapoint"":1.0}","{""acc_lim_theta"":0.7543484490933037,""acc_lim_x"":0.7484923260893905,""inflation_dist"":0.5527420971762023,""max_vel_theta"":0.987550004695048,""max_vel_x"":1.1850600056340574,""min_obstacle_dist"":0.25,""weight_obstacle"":50.77065313847452,""weight_optimaltime"":0.8650120317935944,""weight_viapoint"":1.0}","{""acc_lim_theta"":0.7543484490933037,""acc_lim_x"":0.7484923260893905,""inflation_dist"":0.5527420971762023,""max_vel_theta"":0.987550004695048,""max_vel_x"":1.1850600056340574,""min_obstacle_dist"":0.25,""weight_obstacle"":50.77065313847452,""weight_optimaltime"":0.8650120317935944,""weight_viapoint"":1.0}",true,max_vel_theta:ackermann_turning_radius,true,WARNING,margin:warning|safety_mode:WARNING:conservative_filter,false,,2.091596360403399,2.29129112786266,-0.05,-0.1252666953418482,-0.006677306380732476,-0.00033562257828870343,-0.0,-0.017415143158391894,0.0,0.0,0.0,1.0,0.0,0.0,1.0416039876872674,21.999999999998465,47.999999999994714,true,
t12_t12_safety_seed101,t12_t12_safety_seed101-episode-000006,4,5,40.154,39.55,39.556,39.582,39.604,40.104,0,0.5,true,,3.003869045581896,2.4891119378132767,0.024346864951847406,0.18238533877278817,0.377022103020423,1.0,0.4037688104300094,1.141485919319315,-0.7510412016466517,"[1.0,-1.0,-0.2961786985397339,0.7529370784759521,0.13162177801132202]","[0.2723824977874756,-0.08995169401168823,0.2954552173614502,0.2530500888824463,0.05713677406311035]","[1.0,-1.0,-0.0007234811782836914,1.0,0.18875855207443237]","{""acc_lim_theta"":0.7543484490933037,""acc_lim_x"":0.7484923260893905,""inflation_dist"":0.5527420971762023,""max_vel_theta"":0.987550004695048,""max_vel_x"":1.1850600056340574,""min_obstacle_dist"":0.25,""weight_obstacle"":50.77065313847452,""weight_optimaltime"":0.8650120317935944,""weight_viapoint"":1.0}","{""acc_lim_theta"":0.7478448587017796,""acc_lim_x"":0.7447097962969871,""inflation_dist"":0.5500066981714276,""max_vel_theta"":0.987550004695048,""max_vel_x"":1.1809576878788501,""min_obstacle_dist"":0.2558717631617601,""weight_obstacle"":50.462133247972524,""weight_optimaltime"":0.8560168623924256,""weight_viapoint"":1.0}","{""acc_lim_theta"":0.7478448587017796,""acc_lim_x"":0.7447097962969871,""inflation_dist"":0.5500066981714276,""max_vel_theta"":0.9841314065657085,""max_vel_x"":1.1809576878788501,""min_obstacle_dist"":0.2558717631617601,""weight_obstacle"":50.462133247972524,""weight_optimaltime"":0.8560168623924256,""weight_viapoint"":1.0}","{""acc_lim_theta"":0.7478448587017796,""acc_lim_x"":0.7447097962969871,""inflation_dist"":0.5527420971762023,""max_vel_theta"":0.9841314065657085,""max_vel_x"":1.1809576878788501,""min_obstacle_dist"":0.2558717631617601,""weight_obstacle"":50.77065313847452,""weight_optimaltime"":0.8560168623924256,""weight_viapoint"":1.0}","{""acc_lim_theta"":0.7478448587017796,""acc_lim_x"":0.7447097962969871,""inflation_dist"":0.5527420971762023,""max_vel_theta"":0.9841314065657085,""max_vel_x"":1.1809576878788501,""min_obstacle_dist"":0.2558717631617601,""weight_obstacle"":50.77065313847452,""weight_optimaltime"":0.8560168623924256,""weight_viapoint"":1.0}",true,max_vel_theta:ackermann_turning_radius,true,WARNING,margin:warning|safety_mode:WARNING:conservative_filter,false,,2.4400388590782476,2.5737855388430964,-0.05,-0.05346107109493219,-0.02211188407146618,-8.701615579563726e-05,-0.0,-0.008086708442655443,0.0,0.0,0.0,1.0,0.0,0.0,1.2447369954315946,26.000000000003354,48.00000000000182,true,
t12_t12_safety_seed101,t12_t12_safety_seed101-episode-000006,5,6,40.754,40.138,40.156,40.174,40.204,40.704,0,0.5,true,,2.3795879084701204,1.8543326754012384,0.05736838616709956,0.5229562920556086,0.3479248874642915,1.0,0.40028431034281003,0.8887401429356339,-0.3918935780999877,"[1.0,-1.0,-0.0007234811782836914,1.0,0.18875855207443237]","[0.4379688501358032,-0.172196626663208,0.44379591941833496,0.5113838911056519,-0.4249262809753418]","[1.0,-1.0,0.44307243824005127,1.0,-0.23616772890090942]","{""acc_lim_theta"":0.7478448587017796,""acc_lim_x"":0.7447097962969871,""inflation_dist"":0.5527420971762023,""max_vel_theta"":0.9841314065657085,""max_vel_x"":1.1809576878788501,""min_obstacle_dist"":0.2558717631617601,""weight_obstacle"":50.77065313847452,""weight_optimaltime"":0.8560168623924256,""weight_viapoint"":1.0}","{""acc_lim_theta"":0.7573998387915534,""acc_lim_x"":0.733395056705278,""inflation_dist"":0.55,""max_vel_theta"":0.9841314065657085,""max_vel_x"":1.2,""min_obstacle_dist"":0.2638351711827499,""weight_obstacle"":53.06511606235486,""weight_optimaltime"":0.8387971997261048,""weight_viapoint"":1.0}","{""acc_lim_theta"":0.7573998387915534,""acc_lim_x"":0.733395056705278,""inflation_dist"":0.55,""max_vel_theta"":0.9841314065657085,""max_vel_x"":1.2,""min_obstacle_dist"":0.2638351711827499,""weight_obstacle"":53.06511606235486,""weight_optimaltime"":0.8387971997261048,""weight_viapoint"":1.0}","{""acc_lim_theta"":0.7573998387915534,""acc_lim_x"":0.733395056705278,""inflation_dist"":0.5527420971762023,""max_vel_theta"":0.9841314065657085,""max_vel_x"":1.1809576878788501,""min_obstacle_dist"":0.2638351711827499,""weight_obstacle"":53.06511606235486,""weight_optimaltime"":0.8387971997261048,""weight_viapoint"":1.0}","{""acc_lim_theta"":0.7573998387915534,""acc_lim_x"":0.733395056705278,""inflation_dist"":0.5527420971762023,""max_vel_theta"":0.9841314065657085,""max_vel_x"":1.1809576878788501,""min_obstacle_dist"":0.2638351711827499,""weight_obstacle"":53.06511606235486,""weight_optimaltime"":0.8387971997261048,""weight_viapoint"":1.0}",false,,true,WARNING,margin:warning|safety_mode:WARNING:conservative_filter,false,,2.3981477198653676,2.62627616534441,-0.05,-0.13707397099215082,-0.0021188812039441077,-0.02249994177315605,-0.0,-0.01643565150979146,0.0,0.0,0.0,0.0,0.0,0.0,0.7343329925788566,18.000000000000682,48.00000000000182,true,
t12_t12_safety_seed101,t12_t12_safety_seed101-episode-000006,6,7,41.354,40.738,40.754,40.774,40.804,41.304,0,0.5,true,,1.7654806811440409,1.244356949308976,0.030865225264446922,0.6545986426316671,0.3479248874642915,1.0,0.4614561040707429,1.0102033123348277,-0.04788057582943115,"[1.0,-1.0,0.44307243824005127,1.0,-0.23616772890090942]","[0.26429319381713867,-0.08304738998413086,0.18939125537872314,0.4916576147079468,-0.22161853313446045]","[1.0,-1.0,0.6324636936187744,1.0,-0.4577862620353699]","{""acc_lim_theta"":0.7573998387915534,""acc_lim_x"":0.733395056705278,""inflation_dist"":0.5527420971762023,""max_vel_theta"":0.9841314065657085,""max_vel_x"":1.1809576878788501,""min_obstacle_dist"":0.2638351711827499,""weight_obstacle"":53.06511606235486,""weight_optimaltime"":0.8387971997261048,""weight_viapoint"":1.0}","{""acc_lim_theta"":0.7667093684912437,""acc_lim_x"":0.719289040385548,""inflation_dist"":0.550988665112614,""max_vel_theta"":0.9841314065657085,""max_vel_x"":1.1873670901532367,""min_obstacle_dist"":0.26701274570257594,""weight_obstacle"":54.26178364985876,""weight_optimaltime"":0.8304924607276917,""weight_viapoint"":1.0}","{""acc_lim_theta"":0.7667093684912437,""acc_lim_x"":0.719289040385548,""inflation_dist"":0.550988665112614,""max_vel_theta"":0.9841314065657085,""max_vel_x"":1.1873670901532367,""min_obstacle_dist"":0.26701274570257594,""weight_obstacle"":54.26178364985876,""weight_optimaltime"":0.8304924607276917,""weight_viapoint"":1.0}","{""acc_lim_theta"":0.7667093684912437,""acc_lim_x"":0.719289040385548,""inflation_dist"":0.5527420971762023,""max_vel_theta"":0.9841314065657085,""max_vel_x"":1.1809576878788501,""min_obstacle_dist"":0.26701274570257594,""weight_obstacle"":54.26178364985876,""weight_optimaltime"":0.8304924607276917,""weight_viapoint"":1.0}","{""acc_lim_theta"":0.7667093684912437,""acc_lim_x"":0.719289040385548,""inflation_dist"":0.5527420971762023,""max_vel_theta"":0.9841314065657085,""max_vel_x"":1.1809576878788501,""min_obstacle_dist"":0.26701274570257594,""weight_obstacle"":54.26178364985876,""weight_optimaltime"":0.8304924607276917,""weight_viapoint"":1.0}",false,,true,WARNING,margin:warning|safety_mode:WARNING:conservative_filter,false,,2.3464596693131106,2.6056186591753248,-0.05,-0.13408241554843298,-0.0005496797749977827,-0.06334769525130765,-0.0,-0.011179199287475933,0.0,0.0,0.0,0.0,0.0,0.0,1.0765999904833734,20.000000000003126,50.00000000000426,true,
t12_t12_safety_seed101,t12_t12_safety_seed101-episode-000006,7,8,41.952,41.338,41.356,41.386,41.402,41.902,0,0.5,true,,1.145462374403565,0.6936682627049987,0.0879642738971805,0.5342720688705294,0.3479248874642915,1.0,0.6451194099796786,1.057072028952506,0.49449637066635743,"[1.0,-1.0,0.6324636936187744,1.0,-0.4577862620353699]","[0.03311038017272949,-0.30907928943634033,0.11678564548492432,0.5471694469451904,-0.11337476968765259]","[1.0,-1.0,0.7492493391036987,1.0,-0.5711610317230225]","{""acc_lim_theta"":0.7667093684912437,""acc_lim_x"":0.719289040385548,""inflation_dist"":0.5527420971762023,""max_vel_theta"":0.9841314065657085,""max_vel_x"":1.1809576878788501,""min_obstacle_dist"":0.26701274570257594,""weight_obstacle"":54.26178364985876,""weight_optimaltime"":0.8304924607276917,""weight_viapoint"":1.0}","{""acc_lim_theta"":0.7832393154380914,""acc_lim_x"":0.6909769332196732,""inflation_dist"":0.5516608661819273,""max_vel_theta"":0.9841314065657085,""max_vel_x"":1.1754691202141427,""min_obstacle_dist"":0.2630166495830416,""weight_obstacle"":54.873970321284915,""weight_optimaltime"":0.7995845317840576,""weight_viapoint"":1.0}","{""acc_lim_theta"":0.7832393154380914,""acc_lim_x"":0.6909769332196732,""inflation_dist"":0.5516608661819273,""max_vel_theta"":0.9795576001784523,""max_vel_x"":1.1754691202141427,""min_obstacle_dist"":0.2630166495830416,""weight_obstacle"":54.873970321284915,""weight_optimaltime"":0.7995845317840576,""weight_viapoint"":1.0}","{""acc_lim_theta"":0.7832393154380914,""acc_lim_x"":0.6909769332196732,""inflation_dist"":0.5527420971762023,""max_vel_theta"":0.9795576001784523,""max_vel_x"":1.1754691202141427,""min_obstacle_dist"":0.26701274570257594,""weight_obstacle"":54.873970321284915,""weight_optimaltime"":0.7995845317840576,""weight_viapoint"":1.0}","{""acc_lim_theta"":0.7832393154380914,""acc_lim_x"":0.6909769332196732,""inflation_dist"":0.5527420971762023,""max_vel_theta"":0.9795576001784523,""max_vel_x"":1.1754691202141427,""min_obstacle_dist"":0.26701274570257594,""weight_obstacle"":54.873970321284915,""weight_optimaltime"":0.7995845317840576,""weight_viapoint"":1.0}",true,max_vel_theta:ackermann_turning_radius,true,WARNING,margin:warning|safety_mode:WARNING:conservative_filter,false,,2.1595163136459927,2.2589705584928317,-0.05,-0.010227158939458055,-0.0021917599958075607,-0.016589330696911597,-0.0,-0.020445995214662224,0.0,0.0,0.0,1.0,0.0,0.0,1.1931589979212731,30.000000000001137,45.999999999999375,true,
t12_t12_safety_seed101,t12_t12_safety_seed101-episode-000006,8,9,43.612,41.938,41.954,41.972,42.002,42.502,0,0.5,true,,0.5909526579602197,0.248640518811141,0.008431864519302598,0.009572058072847816,0.3479248874642915,0.6842105263157895,28.502607585522643,0.0,0.0,"[1.0,-1.0,0.7492493391036987,1.0,-0.5711610317230225]","[0.20593833923339844,-0.4222186803817749,0.10165786743164062,0.17862319946289062,-0.02327650785446167]","[1.0,-1.0,0.8509072065353394,1.0,-0.5944375395774841]","{""acc_lim_theta"":0.7832393154380914,""acc_lim_x"":0.6909769332196732,""inflation_dist"":0.5527420971762023,""max_vel_theta"":0.9795576001784523,""max_vel_x"":1.1754691202141427,""min_obstacle_dist"":0.26701274570257594,""weight_obstacle"":54.873970321284915,""weight_optimaltime"":0.7995845317840576,""weight_viapoint"":1.0}","{""acc_lim_theta"":0.7802237597900219,""acc_lim_x"":0.6756445433125662,""inflation_dist"":0.5518009229709085,""max_vel_theta"":0.9795576001784523,""max_vel_x"":1.1765252086034923,""min_obstacle_dist"":0.2599966761005451,""weight_obstacle"":54.999655849953285,""weight_optimaltime"":0.7573626637458801,""weight_viapoint"":1.0}","{""acc_lim_theta"":0.7802237597900219,""acc_lim_x"":0.6756445433125662,""inflation_dist"":0.5518009229709085,""max_vel_theta"":0.9795576001784523,""max_vel_x"":1.1765252086034923,""min_obstacle_dist"":0.2599966761005451,""weight_obstacle"":54.999655849953285,""weight_optimaltime"":0.7573626637458801,""weight_viapoint"":1.0}","{""acc_lim_theta"":0.7802237597900219,""acc_lim_x"":0.6756445433125662,""inflation_dist"":0.5527420971762023,""max_vel_theta"":0.9795576001784523,""max_vel_x"":1.1754691202141427,""min_obstacle_dist"":0.26701274570257594,""weight_obstacle"":54.999655849953285,""weight_optimaltime"":0.7573626637458801,""weight_viapoint"":1.0}","{""acc_lim_theta"":0.7802237597900219,""acc_lim_x"":0.6756445433125662,""inflation_dist"":0.5527420971762023,""max_vel_theta"":0.9795576001784523,""max_vel_x"":1.1754691202141427,""min_obstacle_dist"":0.26701274570257594,""weight_obstacle"":54.999655849953285,""weight_optimaltime"":0.7573626637458801,""weight_viapoint"":1.0}",false,,true,WARNING,margin:warning|safety_mode:WARNING:conservative_filter,false,,11.551912715175497,1.7115606957453933,-0.05,-0.0,-0.0014074055078540939,-0.09495784400827573,-0.0,-0.013282731053766395,10.0,0.0,0.0,0.0,0.0,0.0,0.8661059982841834,18.000000000000682,48.00000000000182,true,
t12_t12_safety_seed101,t12_t12_safety_seed101-episode-000007,0,1,45.104,44.558,44.564,44.582,44.602,45.102,0,0.45000000000000284,true,,5.057363736419439,4.7435752779374605,0.046417315820095305,0.005732026938993809,0.5578942190808913,0.844758064516129,0.48737489691097213,1.1600683721815532,0.06398120660248492,"[0.0,0.0,0.0,0.0,0.0]","[0.5401771068572998,-0.5973195433616638,0.6515119075775146,0.13506436347961426,-0.6185373663902283]","[0.5401771068572998,-0.5973195433616638,0.6515119075775146,0.13506436347961426,-0.6185373663902283]","{""acc_lim_theta"":0.8,""acc_lim_x"":0.8,""inflation_dist"":0.55,""max_vel_theta"":1.0,""max_vel_x"":1.2,""min_obstacle_dist"":0.25,""weight_obstacle"":50.0,""weight_optimaltime"":1.0,""weight_viapoint"":1.0}","{""acc_lim_theta"":0.8,""acc_lim_x"":0.7938061635504468,""inflation_dist"":0.55,""max_vel_theta"":1.0,""max_vel_x"":1.2,""min_obstacle_dist"":0.2537337517264705,""weight_obstacle"":53.33989945493469,""weight_optimaltime"":0.9402680456638336,""weight_viapoint"":1.0}","{""acc_lim_theta"":0.8,""acc_lim_x"":0.7938061635504468,""inflation_dist"":0.55,""max_vel_theta"":1.0,""max_vel_x"":1.2,""min_obstacle_dist"":0.2537337517264705,""weight_obstacle"":53.33989945493469,""weight_optimaltime"":0.9402680456638336,""weight_viapoint"":1.0}","{""acc_lim_theta"":0.8,""acc_lim_x"":0.7938061635504468,""inflation_dist"":0.55,""max_vel_theta"":1.0,""max_vel_x"":1.2,""min_obstacle_dist"":0.2537337517264705,""weight_obstacle"":53.33989945493469,""weight_optimaltime"":0.9402680456638336,""weight_viapoint"":1.0}","{""acc_lim_theta"":0.8,""acc_lim_x"":0.7938061635504468,""inflation_dist"":0.55,""max_vel_theta"":1.0,""max_vel_x"":1.2,""min_obstacle_dist"":0.2537337517264705,""weight_obstacle"":53.33989945493469,""weight_optimaltime"":0.9402680456638336,""weight_viapoint"":1.0}",false,,false,WARNING,margin:warning|safety_mode:WARNING:conservative_filter,false,,1.2931727961913078,1.5689422924098917,-0.04500000000000029,-0.003396795788109161,-0.0011024605556801343,-0.204602090294715,-0.0,-0.021668149580079184,0.0,0.0,0.0,0.0,0.0,0.0,5.007881991332397,18.000000000000682,37.9999999999967,true,
t12_t12_safety_seed101,t12_t12_safety_seed101-episode-000007,1,2,45.752,45.098,45.106,45.128,45.202,45.702,0,0.5,true,,4.557541309783119,3.9760103719922615,0.01326297576660108,0.011945304733708726,0.5560111854001386,0.872113676731794,0.482582887915241,1.1627529748366727,-0.003105415255473564,"[0.5401771068572998,-0.5973195433616638,0.6515119075775146,0.13506436347961426,-0.6185373663902283]","[0.5271720886230469,-0.6117986440658569,0.726691484451294,0.0811612606048584,-0.7022229433059692]","[1.0,-1.0,1.0,0.21622562408447266,-1.0]","{""acc_lim_theta"":0.8,""acc_lim_x"":0.7938061635504468,""inflation_dist"":0.55,""max_vel_theta"":1.0,""max_vel_x"":1.2,""min_obstacle_dist"":0.2537337517264705,""weight_obstacle"":53.33989945493469,""weight_optimaltime"":0.9402680456638336,""weight_viapoint"":1.0}","{""acc_lim_theta"":0.8,""acc_lim_x"":0.7899714612655504,""inflation_dist"":0.55,""max_vel_theta"":1.0,""max_vel_x"":1.2,""min_obstacle_dist"":0.2591558093016149,""weight_obstacle"":57.13167365166217,""weight_optimaltime"":0.879088181257248,""weight_viapoint"":1.0}","{""acc_lim_theta"":0.8,""acc_lim_x"":0.7899714612655504,""inflation_dist"":0.55,""max_vel_theta"":1.0,""max_vel_x"":1.2,""min_obstacle_dist"":0.2591558093016149,""weight_obstacle"":57.13167365166217,""weight_optimaltime"":0.879088181257248,""weight_viapoint"":1.0}","{""acc_lim_theta"":0.8,""acc_lim_x"":0.7899714612655504,""inflation_dist"":0.55,""max_vel_theta"":1.0,""max_vel_x"":1.2,""min_obstacle_dist"":0.2591558093016149,""weight_obstacle"":57.13167365166217,""weight_optimaltime"":0.879088181257248,""weight_viapoint"":1.0}","{""acc_lim_theta"":0.8,""acc_lim_x"":0.7899714612655504,""inflation_dist"":0.55,""max_vel_theta"":1.0,""max_vel_x"":1.2,""min_obstacle_dist"":0.2591558093016149,""weight_obstacle"":57.13167365166217,""weight_optimaltime"":0.879088181257248,""weight_viapoint"":1.0}",false,,false,WARNING,margin:warning|safety_mode:WARNING:conservative_filter,false,,2.83007084922132,2.9076546889542865,-0.05,-0.0042767040968761175,-0.00035576047569167333,-4.355284344545987e-06,-0.0,-0.02294701987605394,0.0,0.0,0.0,0.0,0.0,0.0,1.4225799968698993,21.999999999998465,95.99999999999653,true,
t12_t12_safety_seed101,t12_t12_safety_seed101-episode-000007,2,3,46.302,45.738,45.754,45.774,45.8,46.3,0,0.45000000000000284,true,,3.8597360437914103,3.3485783947885186,0.017603941028438586,0.011676758391100918,0.5538806616799681,0.8478632478632478,0.47867627363789556,1.161493917373273,5.461125987306767e-06,"[1.0,-1.0,1.0,0.21622562408447266,-1.0]","[0.5570807456970215,-0.6278056502342224,0.5150935649871826,0.04537618160247803,-0.6658122539520264]","[1.0,-1.0,1.0,0.2616018056869507,-1.0]","{""acc_lim_theta"":0.8,""acc_lim_x"":0.7899714612655504,""inflation_dist"":0.55,""max_vel_theta"":1.0,""max_vel_x"":1.2,""min_obstacle_dist"":0.2591558093016149,""weight_obstacle"":57.13167365166217,""weight_optimaltime"":0.879088181257248,""weight_viapoint"":1.0}","{""acc_lim_theta"":0.8,""acc_lim_x"":0.784624272087604,""inflation_dist"":0.55,""max_vel_theta"":1.0,""max_vel_x"":1.2,""min_obstacle_dist"":0.2585151557781536,""weight_obstacle"":60.72684203581484,""weight_optimaltime"":0.8163076162338258,""weight_viapoint"":1.0}","{""acc_lim_theta"":0.8,""acc_lim_x"":0.784624272087604,""inflation_dist"":0.55,""max_vel_theta"":1.0,""max_vel_x"":1.2,""min_obstacle_dist"":0.2585151557781536,""weight_obstacle"":60.72684203581484,""weight_optimaltime"":0.8163076162338258,""weight_viapoint"":1.0}","{""acc_lim_theta"":0.8,""acc_lim_x"":0.784624272087604,""inflation_dist"":0.55,""max_vel_theta"":1.0,""max_vel_x"":1.2,""min_obstacle_dist"":0.2591558093016149,""weight_obstacle"":60.72684203581484,""weight_optimaltime"":0.8163076162338258,""weight_viapoint"":1.0}","{""acc_lim_theta"":0.8,""acc_lim_x"":0.784624272087604,""inflation_dist"":0.55,""max_vel_theta"":1.0,""max_vel_x"":1.2,""min_obstacle_dist"":0.2591558093016149,""weight_obstacle"":60.72684203581484,""weight_optimaltime"":0.8163076162338258,""weight_viapoint"":1.0}",false,,true,WARNING,margin:warning|safety_mode:WARNING:conservative_filter,false,,2.4854245826803445,2.5557882450144587,-0.04500000000000029,-0.004217807425346637,-6.139359771381884e-05,-1.2142435773951694e-06,-0.0,-0.021083247067476392,0.0,0.0,0.0,0.0,0.0,0.0,1.0376179998274893,20.000000000003126,45.999999999999375,true,
t12_t12_safety_seed101,t12_t12_safety_seed101-episode-000007,3,4,46.902,46.298,46.312,46.336,46.4,46.9,0,0.44999999999999574,true,,3.1627684078028784,2.65214770940814,0.023656712088315678,0.01055188136408298,0.5333326994352743,0.8291457286432161,0.47083395306290704,1.1595919482852575,-0.004080779061178943,"[1.0,-1.0,1.0,0.2616018056869507,-1.0]","[0.5522671937942505,-0.6409574151039124,0.4254816770553589,0.13888084888458252,-0.8199957609176636]","[1.0,-1.0,1.0,0.4004826545715332,-1.0]","{""acc_lim_theta"":0.8,""acc_lim_x"":0.784624272087604,""inflation_dist"":0.55,""max_vel_theta"":1.0,""max_vel_x"":1.2,""min_obstacle_dist"":0.2591558093016149,""weight_obstacle"":60.72684203581484,""weight_optimaltime"":0.8163076162338258,""weight_viapoint"":1.0}","{""acc_lim_theta"":0.8,""acc_lim_x"":0.7740491345353236,""inflation_dist"":0.55,""max_vel_theta"":1.0,""max_vel_x"":1.2,""min_obstacle_dist"":0.25580041290087135,""weight_obstacle"":65.15455092415684,""weight_optimaltime"":0.7522118747234345,""weight_viapoint"":1.0}","{""acc_lim_theta"":0.8,""acc_lim_x"":0.7740491345353236,""inflation_dist"":0.55,""max_vel_theta"":1.0,""max_vel_x"":1.2,""min_obstacle_dist"":0.25580041290087135,""weight_obstacle"":65.15455092415684,""weight_optimaltime"":0.7522118747234345,""weight_viapoint"":1.0}","{""acc_lim_theta"":0.8,""acc_lim_x"":0.7740491345353236,""inflation_dist"":0.55,""max_vel_theta"":1.0,""max_vel_x"":1.2,""min_obstacle_dist"":0.2591558093016149,""weight_obstacle"":65.15455092415684,""weight_optimaltime"":0.7522118747234345,""weight_viapoint"":1.0}","{""acc_lim_theta"":0.8,""acc_lim_x"":0.7740491345353236,""inflation_dist"":0.55,""max_vel_theta"":1.0,""max_vel_x"":1.2,""min_obstacle_dist"":0.2591558093016149,""weight_obstacle"":65.15455092415684,""weight_optimaltime"":0.7522118747234345,""weight_viapoint"":1.0}",false,,true,WARNING,margin:warning|safety_mode:WARNING:conservative_filter,false,,2.47675008345623,2.5531034919736917,-0.044999999999999575,-0.0068693517914397585,-0.00016371725373145524,-1.9890054587132395e-06,-0.0,-0.024318350466832325,0.0,0.0,0.0,0.0,0.0,0.0,8.788763007032685,24.00000000000091,88.00000000000097,true,
t12_t12_safety_seed101,t12_t12_safety_seed101-episode-000007,4,5,47.55,46.9,46.912,46.932,47.0,47.5,0,0.5,true,,2.4665846005658545,1.8875251867750793,0.029045172355181795,0.010791645921991397,0.5333326994352743,0.8280467445742905,0.46749125103633304,1.1580487440884424,0.0042885200585147274,"[1.0,-1.0,1.0,0.4004826545715332,-1.0]","[0.6395473480224609,-0.5781760215759277,0.33275794982910156,0.14706873893737793,-0.8738369345664978]","[1.0,-1.0,1.0,0.5475513935089111,-1.0]","{""acc_lim_theta"":0.8,""acc_lim_x"":0.7740491345353236,""inflation_dist"":0.55,""max_vel_theta"":1.0,""max_vel_x"":1.2,""min_obstacle_dist"":0.2591558093016149,""weight_obstacle"":65.15455092415684,""weight_optimaltime"":0.7522118747234345,""weight_viapoint"":1.0}","{""acc_lim_theta"":0.8,""acc_lim_x"":0.7654000006205692,""inflation_dist"":0.55,""max_vel_theta"":1.0,""max_vel_x"":1.2,""min_obstacle_dist"":0.2547556274260186,""weight_obstacle"":69.87298453875462,""weight_optimaltime"":0.6943942725658417,""weight_viapoint"":1.0}","{""acc_lim_theta"":0.8,""acc_lim_x"":0.7654000006205692,""inflation_dist"":0.55,""max_vel_theta"":1.0,""max_vel_x"":1.2,""min_obstacle_dist"":0.2547556274260186,""weight_obstacle"":69.87298453875462,""weight_optimaltime"":0.6943942725658417,""weight_viapoint"":1.0}","{""acc_lim_theta"":0.8,""acc_lim_x"":0.7654000006205692,""inflation_dist"":0.55,""max_vel_theta"":1.0,""max_vel_x"":1.2,""min_obstacle_dist"":0.2591558093016149,""weight_obstacle"":69.87298453875462,""weight_optimaltime"":0.6943942725658417,""weight_viapoint"":1.0}","{""acc_lim_theta"":0.8,""acc_lim_x"":0.7654000006205692,""inflation_dist"":0.55,""max_vel_theta"":1.0,""max_vel_x"":1.2,""min_obstacle_dist"":0.2591558093016149,""weight_obstacle"":69.87298453875462,""weight_optimaltime"":0.6943942725658417,""weight_viapoint"":1.0}",false,,true,WARNING,margin:warning|safety_mode:WARNING:conservative_filter,false,,2.813563574072127,2.8952970689538757,-0.05,-0.008210577936863885,-0.0003562256621389289,-4.020143343396597e-06,-0.0,-0.023162671139402735,0.0,0.0,0.0,0.0,0.0,0.0,8.870773002854548,20.000000000003126,88.00000000000097,true,
t12_t12_safety_seed101,t12_t12_safety_seed101-episode-000007,5,6,48.15,47.538,47.552,47.572,47.6,48.1,0,0.5,true,,1.7717270519139006,1.19375084905606,0.03896959348164999,0.018752564031826863,0.5245098433738191,0.8378378378378378,0.458484656670024,1.1559823014598005,0.02434780367035626,"[1.0,-1.0,1.0,0.5475513935089111,-1.0]","[0.783696174621582,-0.7371395230293274,0.20250928401947021,-0.06872725486755371,-0.8273863196372986]","[1.0,-1.0,1.0,0.4788241386413574,-1.0]","{""acc_lim_theta"":0.8,""acc_lim_x"":0.7654000006205692,""inflation_dist"":0.55,""max_vel_theta"":1.0,""max_vel_x"":1.2,""min_obstacle_dist"":0.2591558093016149,""weight_obstacle"":69.87298453875462,""weight_optimaltime"":0.6943942725658417,""weight_viapoint"":1.0}","{""acc_lim_theta"":0.7940312836481105,""acc_lim_x"":0.7604818861445364,""inflation_dist"":0.55,""max_vel_theta"":1.0,""max_vel_x"":1.2,""min_obstacle_dist"":0.25,""weight_obstacle"":74.34060002673088,""weight_optimaltime"":0.620680320262909,""weight_viapoint"":1.0}","{""acc_lim_theta"":0.7940312836481105,""acc_lim_x"":0.7604818861445364,""inflation_dist"":0.55,""max_vel_theta"":1.0,""max_vel_x"":1.2,""min_obstacle_dist"":0.25,""weight_obstacle"":74.34060002673088,""weight_optimaltime"":0.620680320262909,""weight_viapoint"":1.0}","{""acc_lim_theta"":0.7940312836481105,""acc_lim_x"":0.7604818861445364,""inflation_dist"":0.55,""max_vel_theta"":1.0,""max_vel_x"":1.2,""min_obstacle_dist"":0.2591558093016149,""weight_obstacle"":74.34060002673088,""weight_optimaltime"":0.620680320262909,""weight_viapoint"":1.0}","{""acc_lim_theta"":0.7940312836481105,""acc_lim_x"":0.7604818861445364,""inflation_dist"":0.55,""max_vel_theta"":1.0,""max_vel_x"":1.2,""min_obstacle_dist"":0.2591558093016149,""weight_obstacle"":74.34060002673088,""weight_optimaltime"":0.620680320262909,""weight_viapoint"":1.0}",false,,true,WARNING,margin:warning|safety_mode:WARNING:conservative_filter,false,,2.7998331106273926,2.8898810142892026,-0.05,-0.013056468937528948,-0.0005875381769154636,-4.167403846212167e-06,-0.0,-0.02639972914351968,0.0,0.0,0.0,0.0,0.0,0.0,0.9524469933239743,20.000000000003126,48.00000000000182,true,
t12_t12_safety_seed101,t12_t12_safety_seed101-episode-000007,6,7,48.7,48.138,48.152,48.174,48.198,48.698,0,0.44999999999999574,true,,1.0781558423382873,0.6243370589913582,0.05275061491331236,0.029838064981503102,0.5158648430281088,0.859375,0.5855154413477327,0.8844804224057018,0.016932024462159825,"[1.0,-1.0,1.0,0.4788241386413574,-1.0]","[0.7838256359100342,-0.5961936712265015,0.0807352066040039,-0.18658745288848877,-0.7835232019424438]","[1.0,-1.0,1.0,0.29223668575286865,-1.0]","{""acc_lim_theta"":0.7940312836481105,""acc_lim_x"":0.7604818861445364,""inflation_dist"":0.55,""max_vel_theta"":1.0,""max_vel_x"":1.2,""min_obstacle_dist"":0.2591558093016149,""weight_obstacle"":74.34060002673088,""weight_optimaltime"":0.620680320262909,""weight_viapoint"":1.0}","{""acc_lim_theta"":0.7835544060554336,""acc_lim_x"":0.7628559547933412,""inflation_dist"":0.55,""max_vel_theta"":1.0,""max_vel_x"":1.2,""min_obstacle_dist"":0.25,""weight_obstacle"":78.57136902678073,""weight_optimaltime"":0.5610609531402588,""weight_viapoint"":1.0}","{""acc_lim_theta"":0.7835544060554336,""acc_lim_x"":0.7628559547933412,""inflation_dist"":0.55,""max_vel_theta"":1.0,""max_vel_x"":1.2,""min_obstacle_dist"":0.25,""weight_obstacle"":78.57136902678073,""weight_optimaltime"":0.5610609531402588,""weight_viapoint"":1.0}","{""acc_lim_theta"":0.7835544060554336,""acc_lim_x"":0.7628559547933412,""inflation_dist"":0.55,""max_vel_theta"":1.0,""max_vel_x"":1.2,""min_obstacle_dist"":0.2591558093016149,""weight_obstacle"":78.57136902678073,""weight_optimaltime"":0.5610609531402588,""weight_viapoint"":1.0}","{""acc_lim_theta"":0.7835544060554336,""acc_lim_x"":0.7628559547933412,""inflation_dist"":0.55,""max_vel_theta"":1.0,""max_vel_x"":1.2,""min_obstacle_dist"":0.2591558093016149,""weight_obstacle"":78.57136902678073,""weight_optimaltime"":0.5610609531402588,""weight_viapoint"":1.0}",false,,true,WARNING,margin:warning|safety_mode:WARNING:conservative_filter,false,,2.1688905431098986,2.2690939167346458,-0.044999999999999575,-0.015549092804600304,-0.0009616481372524664,-0.015094484697894784,-0.0,-0.023598147985000165,0.0,0.0,0.0,0.0,0.0,0.0,1.1096109956270084,21.999999999998465,45.999999999999375,true,
t12_t12_safety_seed101,t12_t12_safety_seed101-episode-000007,7,8,50.108,48.698,48.702,48.72,48.798,49.298,0,0.5,true,,0.4904703169770967,0.17287829381443665,0.002140418867239859,0.0017390716598074843,0.49536531784586507,0.8647166361974405,10.013029455269077,0.0,0.0,"[1.0,-1.0,1.0,0.29223668575286865,-1.0]","[0.7610781192779541,-0.6031931638717651,0.20209932327270508,-0.26035475730895996,-0.7704888582229614]","[1.0,-1.0,1.0,0.03188192844390869,-1.0]","{""acc_lim_theta"":0.7835544060554336,""acc_lim_x"":0.7628559547933412,""inflation_dist"":0.55,""max_vel_theta"":1.0,""max_vel_x"":1.2,""min_obstacle_dist"":0.2591558093016149,""weight_obstacle"":78.57136902678073,""weight_optimaltime"":0.5610609531402588,""weight_viapoint"":1.0}","{""acc_lim_theta"":0.7716695039857441,""acc_lim_x"":0.7690330151887467,""inflation_dist"":0.55,""max_vel_theta"":1.0,""max_vel_x"":1.2,""min_obstacle_dist"":0.2506624930539526,""weight_obstacle"":82.7317568342792,""weight_optimaltime"":0.5007416367530824,""weight_viapoint"":1.0}","{""acc_lim_theta"":0.7716695039857441,""acc_lim_x"":0.7690330151887467,""inflation_dist"":0.55,""max_vel_theta"":1.0,""max_vel_x"":1.2,""min_obstacle_dist"":0.2506624930539526,""weight_obstacle"":82.7317568342792,""weight_optimaltime"":0.5007416367530824,""weight_viapoint"":1.0}","{""acc_lim_theta"":0.7716695039857441,""acc_lim_x"":0.7690330151887467,""inflation_dist"":0.55,""max_vel_theta"":1.0,""max_vel_x"":1.2,""min_obstacle_dist"":0.2591558093016149,""weight_obstacle"":82.7317568342792,""weight_optimaltime"":0.5007416367530824,""weight_viapoint"":1.0}","{""acc_lim_theta"":0.7716695039857441,""acc_lim_x"":0.7690330151887467,""inflation_dist"":0.55,""max_vel_theta"":1.0,""max_vel_x"":1.2,""min_obstacle_dist"":0.2591558093016149,""weight_obstacle"":82.7317568342792,""weight_optimaltime"":0.5007416367530824,""weight_viapoint"":1.0}",false,,true,WARNING,margin:warning|safety_mode:WARNING:conservative_filter,false,,11.468281875159494,1.5879601158133003,-0.05,-0.02447562313313038,-0.001832758560259452,-0.01846972945171042,-0.0,-0.024900129508705966,10.0,0.0,0.0,0.0,0.0,0.0,0.9624200029065832,18.000000000000682,96.00000000000364,true,
t12_t12_safety_seed101,t12_t12_safety_seed101-episode-000008,0,1,51.64,51.038,51.042,51.06,51.09,51.59,0,0.5,true,,5.390204922367136,5.0012473159999775,0.23121921125254616,0.4442442230121705,30.0,0.0,34.3531678264433,0.873281909591684,0.657696233028185,"[0.0,0.0,0.0,0.0,0.0]","[-0.26219940185546875,0.23762941360473633,0.11399233341217041,-0.23672693967819214,-0.1894446611404419]","[-0.26219940185546875,0.23762941360473633,0.11399233341217041,-0.23672693967819214,-0.1894446611404419]","{""acc_lim_theta"":0.8,""acc_lim_x"":0.8,""inflation_dist"":0.55,""max_vel_theta"":1.0,""max_vel_x"":1.2,""min_obstacle_dist"":0.25,""weight_obstacle"":50.0,""weight_optimaltime"":1.0,""weight_viapoint"":1.0}","{""acc_lim_theta"":0.8,""acc_lim_x"":0.8,""inflation_dist"":0.55,""max_vel_theta"":1.0,""max_vel_x"":1.2,""min_obstacle_dist"":0.25855502308583944,""weight_obstacle"":51.02293920280973,""weight_optimaltime"":1.0,""weight_viapoint"":1.0}","{""acc_lim_theta"":0.8,""acc_lim_x"":0.8,""inflation_dist"":0.55,""max_vel_theta"":1.0,""max_vel_x"":1.2,""min_obstacle_dist"":0.25855502308583944,""weight_obstacle"":51.02293920280973,""weight_optimaltime"":1.0,""weight_viapoint"":1.0}","{""acc_lim_theta"":0.8,""acc_lim_x"":0.8,""inflation_dist"":0.55,""max_vel_theta"":1.0,""max_vel_x"":1.2,""min_obstacle_dist"":0.25855502308583944,""weight_obstacle"":51.02293920280973,""weight_optimaltime"":1.0,""weight_viapoint"":1.0}","{""acc_lim_theta"":0.8,""acc_lim_x"":0.8,""inflation_dist"":0.55,""max_vel_theta"":1.0,""max_vel_x"":1.2,""min_obstacle_dist"":0.25855502308583944,""weight_obstacle"":51.02293920280973,""weight_optimaltime"":1.0,""weight_viapoint"":1.0}",false,,false,NORMAL,,false,,1.6995469311472091,1.9447880318357935,-0.05,-0.0,-0.007525999669544814,-0.1822472133790842,-0.0,-0.005467887639955238,0.0,0.0,0.0,0.0,0.0,0.0,2.9610240017063916,18.000000000000682,48.00000000000182,true,
t12_t12_safety_seed101,t12_t12_safety_seed101-episode-000008,1,2,52.192,51.638,51.642,51.66,51.69,52.19,0,0.45000000000000284,true,,4.919014529600168,4.400761329244439,0.04882060011888927,0.7051349562988353,30.0,0.0,25.738854194183855,1.1655530496294986,0.18370731640842078,"[-0.26219940185546875,0.23762941360473633,0.11399233341217041,-0.23672693967819214,-0.1894446611404419]","[-0.19700145721435547,0.23216259479522705,-0.04855000972747803,-0.24524903297424316,-0.11368024349212646]","[-0.4592008590698242,0.4697920083999634,0.06544232368469238,-0.4819759726524353,-0.30312490463256836]","{""acc_lim_theta"":0.8,""acc_lim_x"":0.8,""inflation_dist"":0.55,""max_vel_theta"":1.0,""max_vel_x"":1.2,""min_obstacle_dist"":0.25855502308583944,""weight_obstacle"":51.02293920280973,""weight_optimaltime"":1.0,""weight_viapoint"":1.0}","{""acc_lim_theta"":0.8,""acc_lim_x"":0.8,""inflation_dist"":0.5504494882489345,""max_vel_theta"":1.0,""max_vel_x"":1.2,""min_obstacle_dist"":0.2626105984739677,""weight_obstacle"":51.636775332859564,""weight_optimaltime"":1.0,""weight_viapoint"":1.0}","{""acc_lim_theta"":0.8,""acc_lim_x"":0.8,""inflation_dist"":0.5504494882489345,""max_vel_theta"":1.0,""max_vel_x"":1.2,""min_obstacle_dist"":0.2626105984739677,""weight_obstacle"":51.636775332859564,""weight_optimaltime"":1.0,""weight_viapoint"":1.0}","{""acc_lim_theta"":0.8,""acc_lim_x"":0.8,""inflation_dist"":0.5504494882489345,""max_vel_theta"":1.0,""max_vel_x"":1.2,""min_obstacle_dist"":0.2626105984739677,""weight_obstacle"":51.636775332859564,""weight_optimaltime"":1.0,""weight_viapoint"":1.0}","{""acc_lim_theta"":0.8,""acc_lim_x"":0.8,""inflation_dist"":0.5504494882489345,""max_vel_theta"":1.0,""max_vel_x"":1.2,""min_obstacle_dist"":0.2626105984739677,""weight_obstacle"":51.636775332859564,""weight_optimaltime"":1.0,""weight_viapoint"":1.0}",false,,false,NORMAL,,false,,2.4711591274793134,2.591266001778645,-0.04500000000000029,-0.0,-0.021157187879795054,-0.05097135879020398,-0.0,-0.0029783276293322454,0.0,0.0,0.0,0.0,0.0,0.0,1.0835309949470684,17.999999999993577,47.999999999994714,true,
t12_t12_safety_seed101,t12_t12_safety_seed101-episode-000008,2,3,52.84,52.188,52.192,52.216,52.29,52.79,0,0.5,true,,4.237944361647167,3.6576322150331184,0.11520758739049933,0.7005195161136794,30.0,0.0,25.64564146743256,1.1697894177494856,0.005338916666527485,"[-0.4592008590698242,0.4697920083999634,0.06544232368469238,-0.4819759726524353,-0.30312490463256836]","[0.08276247978210449,0.16354036331176758,-0.08922117948532104,-0.25137102603912354,-0.11974620819091797]","[-0.3764383792877197,0.633332371711731,-0.023778855800628662,-0.7333469986915588,-0.42287111282348633]","{""acc_lim_theta"":0.8,""acc_lim_x"":0.8,""inflation_dist"":0.5504494882489345,""max_vel_theta"":1.0,""max_vel_x"":1.2,""min_obstacle_dist"":0.2626105984739677,""weight_obstacle"":51.636775332859564,""weight_optimaltime"":1.0,""weight_viapoint"":1.0}","{""acc_lim_theta"":0.7941736604279758,""acc_lim_x"":0.8,""inflation_dist"":0.5512755204569574,""max_vel_theta"":1.0,""max_vel_x"":1.2,""min_obstacle_dist"":0.2639870837841701,""weight_obstacle"":52.28336568810582,""weight_optimaltime"":1.0,""weight_viapoint"":1.0}","{""acc_lim_theta"":0.7941736604279758,""acc_lim_x"":0.8,""inflation_dist"":0.5512755204569574,""max_vel_theta"":1.0,""max_vel_x"":1.2,""min_obstacle_dist"":0.2639870837841701,""weight_obstacle"":52.28336568810582,""weight_optimaltime"":1.0,""weight_viapoint"":1.0}","{""acc_lim_theta"":0.7941736604279758,""acc_lim_x"":0.8,""inflation_dist"":0.5512755204569574,""max_vel_theta"":1.0,""max_vel_x"":1.2,""min_obstacle_dist"":0.2639870837841701,""weight_obstacle"":52.28336568810582,""weight_optimaltime"":1.0,""weight_viapoint"":1.0}","{""acc_lim_theta"":0.7941736604279758,""acc_lim_x"":0.8,""inflation_dist"":0.5512755204569574,""max_vel_theta"":1.0,""max_vel_x"":1.2,""min_obstacle_dist"":0.2639870837841701,""weight_obstacle"":52.28336568810582,""weight_optimaltime"":1.0,""weight_viapoint"":1.0}",false,,false,NORMAL,,false,,2.844343349732571,2.901560733070243,-0.05,-0.0,-0.0036702440759815705,-1.0770331818251878e-05,-0.0,-0.0035363689298717744,0.0,0.0,0.0,0.0,0.0,0.0,0.9884040046017617,24.00000000000091,97.99999999999898,true,
t12_t12_safety_seed101,t12_t12_safety_seed101-episode-000008,3,4,53.44,52.838,52.842,52.86,52.89,53.39,0,0.5,true,,3.5414741445575757,2.9626300695023002,0.08570473925731333,0.6998215977753738,30.0,0.0,25.728331236312084,1.1660297640159043,0.04000848462708025,"[-0.3764383792877197,0.633332371711731,-0.023778855800628662,-0.7333469986915588,-0.42287111282348633]","[-0.030696868896484375,0.21361064910888672,-0.03693908452987671,-0.2631784677505493,0.06081950664520264]","[-0.4071352481842041,0.8469430208206177,-0.06071794033050537,-0.9965254664421082,-0.3620516061782837]","{""acc_lim_theta"":0.7941736604279758,""acc_lim_x"":0.8,""inflation_dist"":0.5512755204569574,""max_vel_theta"":1.0,""max_vel_x"":1.2,""min_obstacle_dist"":0.2639870837841701,""weight_obstacle"":52.28336568810582,""weight_optimaltime"":1.0,""weight_viapoint"":1.0}","{""acc_lim_theta"":0.7866141909925224,""acc_lim_x"":0.8,""inflation_dist"":0.5516175118286538,""max_vel_theta"":1.0,""max_vel_x"":1.2,""min_obstacle_dist"":0.2679265919656549,""weight_obstacle"":51.95496024628235,""weight_optimaltime"":1.0,""weight_viapoint"":1.0}","{""acc_lim_theta"":0.7866141909925224,""acc_lim_x"":0.8,""inflation_dist"":0.5516175118286538,""max_vel_theta"":1.0,""max_vel_x"":1.2,""min_obstacle_dist"":0.2679265919656549,""weight_obstacle"":51.95496024628235,""weight_optimaltime"":1.0,""weight_viapoint"":1.0}","{""acc_lim_theta"":0.7866141909925224,""acc_lim_x"":0.8,""inflation_dist"":0.5516175118286538,""max_vel_theta"":1.0,""max_vel_x"":1.2,""min_obstacle_dist"":0.2679265919656549,""weight_obstacle"":51.95496024628235,""weight_optimaltime"":1.0,""weight_viapoint"":1.0}","{""acc_lim_theta"":0.7866141909925224,""acc_lim_x"":0.8,""inflation_dist"":0.5516175118286538,""max_vel_theta"":1.0,""max_vel_x"":1.2,""min_obstacle_dist"":0.2679265919656549,""weight_obstacle"":51.95496024628235,""weight_optimaltime"":1.0,""weight_viapoint"":1.0}",false,,false,NORMAL,,false,,2.8368737110577866,2.8942203752763773,-0.05,-0.0,-0.0031214079454878227,-5.062937514130899e-06,-0.0,-0.004220193335588905,0.0,0.0,0.0,0.0,0.0,0.0,1.2600159971043468,18.000000000000682,48.00000000000182,true,
t12_t12_safety_seed101,t12_t12_safety_seed101-episode-000008,4,5,54.04,53.438,53.442,53.46,53.49,53.99,0,0.5,true,,2.847317248177846,2.2708592404845627,0.054424309611538144,0.6647508098728999,30.0,0.0,25.677206010616395,1.1683514159444108,-0.1185410113962404,"[-0.4071352481842041,0.8469430208206177,-0.06071794033050537,-0.9965254664421082,-0.3620516061782837]","[0.20386457443237305,0.17452585697174072,-0.05563199520111084,-0.15291309356689453,0.06810522079467773]","[-0.20327067375183105,1.0,-0.11634993553161621,-1.0,-0.29394638538360596]","{""acc_lim_theta"":0.7866141909925224,""acc_lim_x"":0.8,""inflation_dist"":0.5516175118286538,""max_vel_theta"":1.0,""max_vel_x"":1.2,""min_obstacle_dist"":0.2679265919656549,""weight_obstacle"":51.95496024628235,""weight_optimaltime"":1.0,""weight_viapoint"":1.0}","{""acc_lim_theta"":0.7720894737501299,""acc_lim_x"":0.8,""inflation_dist"":0.5521325668873045,""max_vel_theta"":1.0,""max_vel_x"":1.2,""min_obstacle_dist"":0.27046050278370865,""weight_obstacle"":51.587214331208806,""weight_optimaltime"":1.0,""weight_viapoint"":1.0}","{""acc_lim_theta"":0.7720894737501299,""acc_lim_x"":0.8,""inflation_dist"":0.5521325668873045,""max_vel_theta"":1.0,""max_vel_x"":1.2,""min_obstacle_dist"":0.27046050278370865,""weight_obstacle"":51.587214331208806,""weight_optimaltime"":1.0,""weight_viapoint"":1.0}","{""acc_lim_theta"":0.7720894737501299,""acc_lim_x"":0.8,""inflation_dist"":0.5521325668873045,""max_vel_theta"":1.0,""max_vel_x"":1.2,""min_obstacle_dist"":0.27046050278370865,""weight_obstacle"":51.587214331208806,""weight_optimaltime"":1.0,""weight_viapoint"":1.0}","{""acc_lim_theta"":0.7720894737501299,""acc_lim_x"":0.8,""inflation_dist"":0.5521325668873045,""max_vel_theta"":1.0,""max_vel_x"":1.2,""min_obstacle_dist"":0.27046050278370865,""weight_obstacle"":51.587214331208806,""weight_optimaltime"":1.0,""weight_viapoint"":1.0}",false,,false,NORMAL,,false,,2.8188738306571723,2.8822900384664174,-0.05,-0.0,-0.00780803495104297,-8.077880204995699e-05,-0.0,-0.005527394056152613,0.0,0.0,0.0,0.0,0.0,0.0,1.235132003785111,18.000000000000682,48.00000000000182,true,
t12_t12_safety_seed101,t12_t12_safety_seed101-episode-000008,5,6,54.64,54.038,54.042,54.058,54.09,54.59,0,0.5,true,,2.1570895058378037,1.5973754955645765,0.20282260100519547,0.6813817500398084,30.0,0.0,25.589653640134873,1.1723488102608755,0.18698245913244788,"[-0.20327067375183105,1.0,-0.11634993553161621,-1.0,-0.29394638538360596]","[0.18225598335266113,0.19041907787322998,-0.21263068914413452,-0.17385506629943848,0.07465529441833496]","[-0.021014690399169922,1.0,-0.32898062467575073,-1.0,-0.219291090965271]","{""acc_lim_theta"":0.7720894737501299,""acc_lim_x"":0.8,""inflation_dist"":0.5521325668873045,""max_vel_theta"":1.0,""max_vel_x"":1.2,""min_obstacle_dist"":0.27046050278370865,""weight_obstacle"":51.587214331208806,""weight_optimaltime"":1.0,""weight_viapoint"":1.0}","{""acc_lim_theta"":0.7576868839314801,""acc_lim_x"":0.8,""inflation_dist"":0.55410115549665,""max_vel_theta"":1.0,""max_vel_x"":1.2,""min_obstacle_dist"":0.2691374289323834,""weight_obstacle"":51.1841001610966,""weight_optimaltime"":1.0,""weight_viapoint"":1.0}","{""acc_lim_theta"":0.7576868839314801,""acc_lim_x"":0.8,""inflation_dist"":0.55410115549665,""max_vel_theta"":1.0,""max_vel_x"":1.2,""min_obstacle_dist"":0.2691374289323834,""weight_obstacle"":51.1841001610966,""weight_optimaltime"":1.0,""weight_viapoint"":1.0}","{""acc_lim_theta"":0.7576868839314801,""acc_lim_x"":0.8,""inflation_dist"":0.55410115549665,""max_vel_theta"":1.0,""max_vel_x"":1.2,""min_obstacle_dist"":0.2691374289323834,""weight_obstacle"":51.1841001610966,""weight_optimaltime"":1.0,""weight_viapoint"":1.0}","{""acc_lim_theta"":0.7576868839314801,""acc_lim_x"":0.8,""inflation_dist"":0.55410115549665,""max_vel_theta"":1.0,""max_vel_x"":1.2,""min_obstacle_dist"":0.2691374289323834,""weight_obstacle"":51.1841001610966,""weight_optimaltime"":1.0,""weight_viapoint"":1.0}",false,,false,NORMAL,,false,,2.7341287094525937,2.798570051366136,-0.05,-0.0,-0.008885952417751605,-5.683027198986963e-05,-0.0,-0.005498559223801379,0.0,0.0,0.0,0.0,0.0,0.0,1.0201999975834042,15.999999999998238,48.00000000000182,true,
t12_t12_safety_seed101,t12_t12_safety_seed101-episode-000008,6,7,55.24,54.638,54.642,54.662,54.69,55.19,0,0.5,true,,1.4863764045351628,0.9299946757716184,0.14299499756594525,0.9033885755844969,30.0,0.0,27.38480855889408,1.0954978902073265,0.530546069823403,"[-0.021014690399169922,1.0,-0.32898062467575073,-1.0,-0.219291090965271]","[0.07667708396911621,0.2664456367492676,-0.23389452695846558,-0.32421767711639404,0.06246185302734375]","[0.05566239356994629,1.0,-0.5628751516342163,-1.0,-0.15682923793792725]","{""acc_lim_theta"":0.7576868839314801,""acc_lim_x"":0.8,""inflation_dist"":0.55410115549665,""max_vel_theta"":1.0,""max_vel_x"":1.2,""min_obstacle_dist"":0.2691374289323834,""weight_obstacle"":51.1841001610966,""weight_optimaltime"":1.0,""weight_viapoint"":1.0}","{""acc_lim_theta"":0.7441264185673364,""acc_lim_x"":0.8,""inflation_dist"":0.5562666100855995,""max_vel_theta"":1.0,""max_vel_x"":1.2,""min_obstacle_dist"":0.268998091235046,""weight_obstacle"":50.84682658602107,""weight_optimaltime"":1.0,""weight_viapoint"":1.0}","{""acc_lim_theta"":0.7441264185673364,""acc_lim_x"":0.8,""inflation_dist"":0.5562666100855995,""max_vel_theta"":1.0,""max_vel_x"":1.2,""min_obstacle_dist"":0.268998091235046,""weight_obstacle"":50.84682658602107,""weight_optimaltime"":1.0,""weight_viapoint"":1.0}","{""acc_lim_theta"":0.7441264185673364,""acc_lim_x"":0.8,""inflation_dist"":0.5562666100855995,""max_vel_theta"":1.0,""max_vel_x"":1.2,""min_obstacle_dist"":0.268998091235046,""weight_obstacle"":50.84682658602107,""weight_optimaltime"":1.0,""weight_viapoint"":1.0}","{""acc_lim_theta"":0.7441264185673364,""acc_lim_x"":0.8,""inflation_dist"":0.5562666100855995,""max_vel_theta"":1.0,""max_vel_x"":1.2,""min_obstacle_dist"":0.268998091235046,""weight_obstacle"":50.84682658602107,""weight_optimaltime"":1.0,""weight_viapoint"":1.0}",false,,false,NORMAL,,false,,2.703518898323272,2.7819086438177223,-0.05,-0.0,-0.02129871592103452,-0.0023519296921652635,-0.0,-0.004739099881250396,0.0,0.0,0.0,0.0,0.0,0.0,0.9607630054233596,19.99999999999602,47.999999999994714,true,
t12_t12_safety_seed101,t12_t12_safety_seed101-episode-000008,7,8,57.09,55.238,55.24,55.258,55.288,55.788,0,0.45000000000000284,true,,0.8254189661391964,0.4135371174715488,0.005229258935178411,0.0037520514281694783,30.0,0.0,600.0,0.0,0.0,"[0.05566239356994629,1.0,-0.5628751516342163,-1.0,-0.15682923793792725]","[0.10072433948516846,0.25882697105407715,-0.2646734118461609,-0.26215362548828125,0.038251638412475586]","[0.15638673305511475,1.0,-0.8275485634803772,-1.0,-0.11857759952545166]","{""acc_lim_theta"":0.7441264185673364,""acc_lim_x"":0.8,""inflation_dist"":0.5562666100855995,""max_vel_theta"":1.0,""max_vel_x"":1.2,""min_obstacle_dist"":0.268998091235046,""weight_obstacle"":50.84682658602107,""weight_optimaltime"":1.0,""weight_viapoint"":1.0}","{""acc_lim_theta"":0.7319945109055399,""acc_lim_x"":0.8,""inflation_dist"":0.5587170233625077,""max_vel_theta"":1.0,""max_vel_x"":1.2,""min_obstacle_dist"":0.2678546960631944,""weight_obstacle"":50.64028025070463,""weight_optimaltime"":1.0,""weight_viapoint"":1.0}","{""acc_lim_theta"":0.7319945109055399,""acc_lim_x"":0.8,""inflation_dist"":0.5587170233625077,""max_vel_theta"":1.0,""max_vel_x"":1.2,""min_obstacle_dist"":0.2678546960631944,""weight_obstacle"":50.64028025070463,""weight_optimaltime"":1.0,""weight_viapoint"":1.0}","{""acc_lim_theta"":0.7319945109055399,""acc_lim_x"":0.8,""inflation_dist"":0.5587170233625077,""max_vel_theta"":1.0,""max_vel_x"":1.2,""min_obstacle_dist"":0.2678546960631944,""weight_obstacle"":50.64028025070463,""weight_optimaltime"":1.0,""weight_viapoint"":1.0}","{""acc_lim_theta"":0.7319945109055399,""acc_lim_x"":0.8,""inflation_dist"":0.5587170233625077,""max_vel_theta"":1.0,""max_vel_x"":1.2,""min_obstacle_dist"":0.2678546960631944,""weight_obstacle"":50.64028025070463,""weight_optimaltime"":1.0,""weight_viapoint"":1.0}",false,,false,NORMAL,,false,,11.975806732784681,2.059409243338238,-0.04500000000000029,-0.0,-0.010907471454330058,-0.02309149336528656,-0.0,-0.00460354573393928,10.0,0.0,0.0,0.0,0.0,0.0,0.655873998766765,18.000000000000682,47.999999999994714,true,
t12_t12_safety_seed101,t12_t12_safety_seed101-episode-000009,0,1,58.584,58.038,58.04,58.058,58.082,58.582,0,0.44999999999999574,true,,5.803390390787665,5.409739758408894,0.03402246787571452,0.2339516911419178,1.6202506812088058,0.0,1.3975503150965403,1.1593505176211718,0.39991135408382195,"[0.0,0.0,0.0,0.0,0.0]","[0.04058659076690674,-0.4718773365020752,-0.017261266708374023,0.21104753017425537,0.03118300437927246]","[0.04058659076690674,-0.4718773365020752,-0.017261266708374023,0.21104753017425537,0.03118300437927246]","{""acc_lim_theta"":0.8,""acc_lim_x"":0.8,""inflation_dist"":0.55,""max_vel_theta"":1.0,""max_vel_x"":1.2,""min_obstacle_dist"":0.25,""weight_obstacle"":50.0,""weight_optimaltime"":1.0,""weight_viapoint"":1.0}","{""acc_lim_theta"":0.8,""acc_lim_x"":0.7774525925679084,""inflation_dist"":0.550159809165656,""max_vel_theta"":1.0,""max_vel_x"":1.194049394741417,""min_obstacle_dist"":0.25,""weight_obstacle"":50.0,""weight_optimaltime"":0.9528122663497924,""weight_viapoint"":1.0}","{""acc_lim_theta"":0.8,""acc_lim_x"":0.7774525925679084,""inflation_dist"":0.550159809165656,""max_vel_theta"":0.9950411622845142,""max_vel_x"":1.194049394741417,""min_obstacle_dist"":0.25,""weight_obstacle"":50.0,""weight_optimaltime"":0.9528122663497924,""weight_viapoint"":1.0}","{""acc_lim_theta"":0.8,""acc_lim_x"":0.7774525925679084,""inflation_dist"":0.550159809165656,""max_vel_theta"":0.9950411622845142,""max_vel_x"":1.194049394741417,""min_obstacle_dist"":0.25,""weight_obstacle"":50.0,""weight_optimaltime"":0.9528122663497924,""weight_viapoint"":1.0}","{""acc_lim_theta"":0.8,""acc_lim_x"":0.7774525925679084,""inflation_dist"":0.550159809165656,""max_vel_theta"":0.9950411622845142,""max_vel_x"":1.194049394741417,""min_obstacle_dist"":0.25,""weight_obstacle"":50.0,""weight_optimaltime"":0.9528122663497924,""weight_viapoint"":1.0}",true,max_vel_theta:ackermann_turning_radius,false,NORMAL,,false,,1.7161689279178454,1.9682531618938537,-0.044999999999999575,-0.0,-0.0007104860766885459,-0.18927015446344575,-0.0,-0.017103593435874708,0.0,0.0,0.0,1.0,0.0,0.0,1.200814003823325,18.000000000000682,42.00000000000159,true,
t12_t12_safety_seed101,t12_t12_safety_seed101-episode-000009,1,2,59.208,58.58,58.586,58.602,58.68,59.18,0,0.4759999999999991,true,,5.231199120407828,4.743998461850672,0.03134905115454994,0.4187428778767771,0.8066474508802298,0.971830985915493,0.6964461004692186,1.158233853756615,0.15966493133878962,"[0.04058659076690674,-0.4718773365020752,-0.017261266708374023,0.21104753017425537,0.03118300437927246]","[0.2694634199142456,-0.3640376329421997,-0.11922872066497803,0.21352672576904297,-0.08982241153717041]","[0.31005001068115234,-0.8359149694442749,-0.13648998737335205,0.42457425594329834,-0.05863940715789795]","{""acc_lim_theta"":0.8,""acc_lim_x"":0.7774525925679084,""inflation_dist"":0.550159809165656,""max_vel_theta"":0.9950411622845142,""max_vel_x"":1.194049394741417,""min_obstacle_dist"":0.25,""weight_obstacle"":50.0,""weight_optimaltime"":0.9528122663497924,""weight_viapoint"":1.0}","{""acc_lim_theta"":0.7975245928451196,""acc_lim_x"":0.7607620845817004,""inflation_dist"":0.5512636587668244,""max_vel_theta"":0.9950411622845142,""max_vel_x"":1.1993497442675145,""min_obstacle_dist"":0.25,""weight_obstacle"":50.48501164138991,""weight_optimaltime"":0.9164085030555724,""weight_viapoint"":1.0}","{""acc_lim_theta"":0.7975245928451196,""acc_lim_x"":0.7607620845817004,""inflation_dist"":0.5512636587668244,""max_vel_theta"":0.9950411622845142,""max_vel_x"":1.1993497442675145,""min_obstacle_dist"":0.25,""weight_obstacle"":50.48501164138991,""weight_optimaltime"":0.9164085030555724,""weight_viapoint"":1.0}","{""acc_lim_theta"":0.7975245928451196,""acc_lim_x"":0.7607620845817004,""inflation_dist"":0.5512636587668244,""max_vel_theta"":0.9950411622845142,""max_vel_x"":1.194049394741417,""min_obstacle_dist"":0.25,""weight_obstacle"":50.48501164138991,""weight_optimaltime"":0.9164085030555724,""weight_viapoint"":1.0}","{""acc_lim_theta"":0.7975245928451196,""acc_lim_x"":0.7607620845817004,""inflation_dist"":0.5512636587668244,""max_vel_theta"":0.9950411622845142,""max_vel_x"":1.194049394741417,""min_obstacle_dist"":0.25,""weight_obstacle"":50.48501164138991,""weight_optimaltime"":0.9164085030555724,""weight_viapoint"":1.0}",false,,true,WARNING,margin:warning|safety_mode:WARNING:conservative_filter,false,,2.374210223681219,2.43600329278578,-0.04759999999999991,-0.0,-0.0006625974287940497,-0.0001728313485367746,-0.0,-0.013357640327229787,0.0,0.0,0.0,0.0,0.0,0.0,1.0821739997481927,15.999999999998238,94.0000000000012,true,
t12_t12_safety_seed101,t12_t12_safety_seed101-episode-000009,2,3,59.782,59.202,59.21,59.232,59.28,59.78,0,0.45000000000000284,true,,4.602999234035025,4.193580714797326,0.07307002572908451,0.41731681456326264,0.534012412729248,1.0,0.45852827474353597,1.1646226462870406,-0.16324874281759447,"[0.31005001068115234,-0.8359149694442749,-0.13648998737335205,0.42457425594329834,-0.05863940715789795]","[0.6796321868896484,-0.12308961153030396,0.022112727165222168,0.18646764755249023,0.09374022483825684]","[0.9896821975708008,-0.9590045809745789,-0.11437726020812988,0.6110419034957886,0.03510081768035889]","{""acc_lim_theta"":0.7975245928451196,""acc_lim_x"":0.7607620845817004,""inflation_dist"":0.5512636587668244,""max_vel_theta"":0.9950411622845142,""max_vel_x"":1.194049394741417,""min_obstacle_dist"":0.25,""weight_obstacle"":50.48501164138991,""weight_optimaltime"":0.9164085030555724,""weight_viapoint"":1.0}","{""acc_lim_theta"":0.7714857848930348,""acc_lim_x"":0.7616477999066013,""inflation_dist"":0.5510589335552651,""max_vel_theta"":0.9950411622845142,""max_vel_x"":1.1969742769386889,""min_obstacle_dist"":0.25,""weight_obstacle"":50.0,""weight_optimaltime"":0.904099541902542,""weight_viapoint"":1.0}","{""acc_lim_theta"":0.7714857848930348,""acc_lim_x"":0.7616477999066013,""inflation_dist"":0.5510589335552651,""max_vel_theta"":0.9950411622845142,""max_vel_x"":1.1969742769386889,""min_obstacle_dist"":0.25,""weight_obstacle"":50.0,""weight_optimaltime"":0.904099541902542,""weight_viapoint"":1.0}","{""acc_lim_theta"":0.7714857848930348,""acc_lim_x"":0.7616477999066013,""inflation_dist"":0.5512636587668244,""max_vel_theta"":0.9950411622845142,""max_vel_x"":1.194049394741417,""min_obstacle_dist"":0.25,""weight_obstacle"":50.48501164138991,""weight_optimaltime"":0.904099541902542,""weight_viapoint"":1.0}","{""acc_lim_theta"":0.7714857848930348,""acc_lim_x"":0.7616477999066013,""inflation_dist"":0.5512636587668244,""max_vel_theta"":0.9950411622845142,""max_vel_x"":1.194049394741417,""min_obstacle_dist"":0.25,""weight_obstacle"":50.48501164138991,""weight_optimaltime"":0.904099541902542,""weight_viapoint"":1.0}",false,,true,WARNING,margin:warning|safety_mode:WARNING:conservative_filter,false,,1.9907568913004725,2.0470925961884934,-0.04500000000000029,-0.0007314075721150367,-0.001239970251228334,-0.00017140401482452038,-0.0,-0.009192923049852498,0.0,0.0,0.0,0.0,0.0,0.0,1.2339429958956316,21.999999999998465,70.00000000000028,true,
t12_t12_safety_seed101,t12_t12_safety_seed101-episode-000009,3,4,60.43,59.78,59.794,59.81,59.88,60.38,0,0.5,true,,4.039993569471952,3.5326062643104357,0.12314526307837279,0.2273670755376402,0.37180056161023406,1.0,0.32141531288069525,1.156760573346551,-0.4564742205407006,"[0.9896821975708008,-0.9590045809745789,-0.11437726020812988,0.6110419034957886,0.03510081768035889]","[0.620614767074585,-0.3836456537246704,-0.17339271306991577,0.0742638111114502,0.15493857860565186]","[1.0,-1.0,-0.28776997327804565,0.6853057146072388,0.19003939628601074]","{""acc_lim_theta"":0.7714857848930348,""acc_lim_x"":0.7616477999066013,""inflation_dist"":0.5512636587668244,""max_vel_theta"":0.9950411622845142,""max_vel_x"":1.194049394741417,""min_obstacle_dist"":0.25,""weight_obstacle"":50.48501164138991,""weight_optimaltime"":0.904099541902542,""weight_viapoint"":1.0}","{""acc_lim_theta"":0.7429134487664328,""acc_lim_x"":0.7547969587757414,""inflation_dist"":0.5528689722860857,""max_vel_theta"":0.9950411622845142,""max_vel_x"":1.1949185649361669,""min_obstacle_dist"":0.25,""weight_obstacle"":50.0,""weight_optimaltime"":0.865734976530075,""weight_viapoint"":1.0}","{""acc_lim_theta"":0.7429134487664328,""acc_lim_x"":0.7547969587757414,""inflation_dist"":0.5528689722860857,""max_vel_theta"":0.9950411622845142,""max_vel_x"":1.1949185649361669,""min_obstacle_dist"":0.25,""weight_obstacle"":50.0,""weight_optimaltime"":0.865734976530075,""weight_viapoint"":1.0}","{""acc_lim_theta"":0.7429134487664328,""acc_lim_x"":0.7547969587757414,""inflation_dist"":0.5528689722860857,""max_vel_theta"":0.9950411622845142,""max_vel_x"":1.194049394741417,""min_obstacle_dist"":0.25,""weight_obstacle"":50.48501164138991,""weight_optimaltime"":0.865734976530075,""weight_viapoint"":1.0}","{""acc_lim_theta"":0.7429134487664328,""acc_lim_x"":0.7547969587757414,""inflation_dist"":0.5528689722860857,""max_vel_theta"":0.9950411622845142,""max_vel_x"":1.194049394741417,""min_obstacle_dist"":0.25,""weight_obstacle"":50.48501164138991,""weight_optimaltime"":0.865734976530075,""weight_viapoint"":1.0}",false,,true,WARNING,margin:warning|safety_mode:WARNING:conservative_filter,false,,2.371706401931475,2.5369365258075827,-0.05,-0.09211921733414244,-0.006082379785063284,-4.1158362540474856e-05,-0.0,-0.016987368394362084,0.0,0.0,0.0,0.0,0.0,0.0,10.666749003576115,16.000000000005343,86.00000000000563,true,
t12_t12_safety_seed101,t12_t12_safety_seed101-episode-000009,4,5,61.03,60.426,60.432,60.45,60.48,60.98,0,0.5,true,,3.431893773484182,2.9113651575477513,0.01978717675377118,0.02129852959507465,0.37180056161023406,1.0,0.37902785426118274,1.1524637739950223,-0.48107560892578244,"[1.0,-1.0,-0.28776997327804565,0.6853057146072388,0.19003939628601074]","[0.345478892326355,-0.3130265474319458,0.17240774631500244,0.15243101119995117,0.13225948810577393]","[1.0,-1.0,-0.11536222696304321,0.8377367258071899,0.32229888439178467]","{""acc_lim_theta"":0.7429134487664328,""acc_lim_x"":0.7547969587757414,""inflation_dist"":0.5528689722860857,""max_vel_theta"":0.9950411622845142,""max_vel_x"":1.194049394741417,""min_obstacle_dist"":0.25,""weight_obstacle"":50.48501164138991,""weight_optimaltime"":0.865734976530075,""weight_viapoint"":1.0}","{""acc_lim_theta"":0.7283241319299792,""acc_lim_x"":0.7472578440975685,""inflation_dist"":0.5512727778377454,""max_vel_theta"":0.9950411622845142,""max_vel_x"":1.189281928224988,""min_obstacle_dist"":0.25,""weight_obstacle"":50.0,""weight_optimaltime"":0.8344323217868804,""weight_viapoint"":1.0}","{""acc_lim_theta"":0.7283241319299792,""acc_lim_x"":0.7472578440975685,""inflation_dist"":0.5512727778377454,""max_vel_theta"":0.9910682735208234,""max_vel_x"":1.189281928224988,""min_obstacle_dist"":0.25,""weight_obstacle"":50.0,""weight_optimaltime"":0.8344323217868804,""weight_viapoint"":1.0}","{""acc_lim_theta"":0.7283241319299792,""acc_lim_x"":0.7472578440975685,""inflation_dist"":0.5528689722860857,""max_vel_theta"":0.9910682735208234,""max_vel_x"":1.189281928224988,""min_obstacle_dist"":0.25,""weight_obstacle"":50.48501164138991,""weight_optimaltime"":0.8344323217868804,""weight_viapoint"":1.0}","{""acc_lim_theta"":0.7283241319299792,""acc_lim_x"":0.7472578440975685,""inflation_dist"":0.5528689722860857,""max_vel_theta"":0.9910682735208234,""max_vel_x"":1.189281928224988,""min_obstacle_dist"":0.25,""weight_obstacle"":50.48501164138991,""weight_optimaltime"":0.8344323217868804,""weight_viapoint"":1.0}",true,max_vel_theta:ackermann_turning_radius,true,WARNING,margin:warning|safety_mode:WARNING:conservative_filter,false,,2.42476729618737,2.6026430796821542,-0.05,-0.10222542060359799,-0.01221122009265082,-5.734846576371152e-05,-0.0,-0.013381794332771885,0.0,0.0,0.0,1.0,0.0,0.0,1.2164500076323748,18.000000000000682,47.999999999994714,true,
t12_t12_safety_seed101,t12_t12_safety_seed101-episode-000009,5,6,61.63,61.018,61.03,61.048,61.08,61.58,0,0.5,true,,2.8251483380958997,2.2453073711386713,0.06711333055522857,0.3507399924107882,0.3670713561805605,1.0,0.3249395566236411,1.1431837244764147,-0.477066176535822,"[1.0,-1.0,-0.11536222696304321,0.8377367258071899,0.32229888439178467]","[0.3610037565231323,-0.16250979900360107,0.26430702209472656,0.5125875473022461,-0.13275837898254395]","[1.0,-1.0,0.14894479513168335,1.0,0.18954050540924072]","{""acc_lim_theta"":0.7283241319299792,""acc_lim_x"":0.7472578440975685,""inflation_dist"":0.5528689722860857,""max_vel_theta"":0.9910682735208234,""max_vel_x"":1.189281928224988,""min_obstacle_dist"":0.25,""weight_obstacle"":50.48501164138991,""weight_optimaltime"":0.8344323217868804,""weight_viapoint"":1.0}","{""acc_lim_theta"":0.7312526665980998,""acc_lim_x"":0.7324794295233819,""inflation_dist"":0.5504219511380096,""max_vel_theta"":0.9910682735208234,""max_vel_x"":1.1918488470903696,""min_obstacle_dist"":0.25335798883773325,""weight_obstacle"":51.20186346262988,""weight_optimaltime"":0.8181813418865203,""weight_viapoint"":1.0}","{""acc_lim_theta"":0.7312526665980998,""acc_lim_x"":0.7324794295233819,""inflation_dist"":0.5504219511380096,""max_vel_theta"":0.9910682735208234,""max_vel_x"":1.1918488470903696,""min_obstacle_dist"":0.25335798883773325,""weight_obstacle"":51.20186346262988,""weight_optimaltime"":0.8181813418865203,""weight_viapoint"":1.0}","{""acc_lim_theta"":0.7312526665980998,""acc_lim_x"":0.7324794295233819,""inflation_dist"":0.5528689722860857,""max_vel_theta"":0.9910682735208234,""max_vel_x"":1.189281928224988,""min_obstacle_dist"":0.25335798883773325,""weight_obstacle"":51.20186346262988,""weight_optimaltime"":0.8181813418865203,""weight_viapoint"":1.0}","{""acc_lim_theta"":0.7312526665980998,""acc_lim_x"":0.7324794295233819,""inflation_dist"":0.5528689722860857,""max_vel_theta"":0.9910682735208234,""max_vel_x"":1.189281928224988,""min_obstacle_dist"":0.25335798883773325,""weight_obstacle"":51.20186346262988,""weight_optimaltime"":0.8181813418865203,""weight_viapoint"":1.0}",false,,true,WARNING,margin:warning|safety_mode:WARNING:conservative_filter,false,,2.726920803186243,2.899204834786142,-0.05,-0.11110206226653799,-0.000710051430873535,-1.808543426579771e-05,-0.0,-0.010453832468222077,0.0,0.0,0.0,0.0,0.0,0.0,0.8153810049407184,18.000000000000682,49.99999999999716,true,
t12_t12_safety_seed101,t12_t12_safety_seed101-episode-000009,6,7,62.23,61.618,61.632,61.65,61.68,62.18,0,0.5,true,,2.131457672660714,1.5624428700597057,0.013838967883884286,0.5408377078505049,0.3670713561805605,1.0,0.4325512332011535,1.135045112077607,-0.14639994880440513,"[1.0,-1.0,0.14894479513168335,1.0,0.18954050540924072]","[0.259796142578125,-0.1709972620010376,0.24727976322174072,0.44176578521728516,-0.24689847230911255]","[1.0,-1.0,0.3962245583534241,1.0,-0.057357966899871826]","{""acc_lim_theta"":0.7312526665980998,""acc_lim_x"":0.7324794295233819,""inflation_dist"":0.5528689722860857,""max_vel_theta"":0.9910682735208234,""max_vel_x"":1.189281928224988,""min_obstacle_dist"":0.25335798883773325,""weight_obstacle"":51.20186346262988,""weight_optimaltime"":0.8181813418865203,""weight_viapoint"":1.0}","{""acc_lim_theta"":0.7403091234213862,""acc_lim_x"":0.7181472151576882,""inflation_dist"":0.5505795938000386,""max_vel_theta"":0.9910682735208234,""max_vel_x"":1.1982340017158297,""min_obstacle_dist"":0.2560618418734629,""weight_obstacle"":52.5350344526088,""weight_optimaltime"":0.8010816156864164,""weight_viapoint"":1.0}","{""acc_lim_theta"":0.7403091234213862,""acc_lim_x"":0.7181472151576882,""inflation_dist"":0.5505795938000386,""max_vel_theta"":0.9910682735208234,""max_vel_x"":1.1982340017158297,""min_obstacle_dist"":0.2560618418734629,""weight_obstacle"":52.5350344526088,""weight_optimaltime"":0.8010816156864164,""weight_viapoint"":1.0}","{""acc_lim_theta"":0.7403091234213862,""acc_lim_x"":0.7181472151576882,""inflation_dist"":0.5528689722860857,""max_vel_theta"":0.9910682735208234,""max_vel_x"":1.189281928224988,""min_obstacle_dist"":0.2560618418734629,""weight_obstacle"":52.5350344526088,""weight_optimaltime"":0.8010816156864164,""weight_viapoint"":1.0}","{""acc_lim_theta"":0.7403091234213862,""acc_lim_x"":0.7181472151576882,""inflation_dist"":0.5528689722860857,""max_vel_theta"":0.9910682735208234,""max_vel_x"":1.189281928224988,""min_obstacle_dist"":0.2560618418734629,""weight_obstacle"":52.5350344526088,""weight_optimaltime"":0.8010816156864164,""weight_viapoint"":1.0}",false,,true,WARNING,margin:warning|safety_mode:WARNING:conservative_filter,false,,2.678292917582329,2.845074013005041,-0.05,-0.10249360625315389,-0.001189513594890097,-8.297934315213196e-05,-0.0,-0.013014996231515473,0.0,0.0,0.0,0.0,0.0,0.0,0.9406070021213964,18.000000000000682,48.00000000000182,true,
t12_t12_safety_seed101,t12_t12_safety_seed101-episode-000009,7,8,62.828,62.218,62.232,62.25,62.278,62.778,0,0.5,true,,1.472164832193448,0.9003045178186027,0.07375645798106235,0.531962058305986,0.3670713561805605,1.0,0.7591068039514733,1.0130251980765066,0.1900510699475674,"[1.0,-1.0,0.3962245583534241,1.0,-0.057357966899871826]","[0.08949100971221924,-0.3036067485809326,0.13988900184631348,0.5457494258880615,-0.2196488380432129]","[1.0,-1.0,0.5361135601997375,1.0,-0.2770068049430847]","{""acc_lim_theta"":0.7403091234213862,""acc_lim_x"":0.7181472151576882,""inflation_dist"":0.5528689722860857,""max_vel_theta"":0.9910682735208234,""max_vel_x"":1.189281928224988,""min_obstacle_dist"":0.2560618418734629,""weight_obstacle"":52.5350344526088,""weight_optimaltime"":0.8010816156864164,""weight_viapoint"":1.0}","{""acc_lim_theta"":0.7580674541866887,""acc_lim_x"":0.6913315519242134,""inflation_dist"":0.5515738445850196,""max_vel_theta"":0.9910682735208234,""max_vel_x"":1.1910556303449598,""min_obstacle_dist"":0.25281372874020547,""weight_obstacle"":53.72106633090723,""weight_optimaltime"":0.7707209408283232,""weight_viapoint"":1.0}","{""acc_lim_theta"":0.7580674541866887,""acc_lim_x"":0.6913315519242134,""inflation_dist"":0.5515738445850196,""max_vel_theta"":0.9910682735208234,""max_vel_x"":1.1910556303449598,""min_obstacle_dist"":0.25281372874020547,""weight_obstacle"":53.72106633090723,""weight_optimaltime"":0.7707209408283232,""weight_viapoint"":1.0}","{""acc_lim_theta"":0.7580674541866887,""acc_lim_x"":0.6913315519242134,""inflation_dist"":0.5528689722860857,""max_vel_theta"":0.9910682735208234,""max_vel_x"":1.189281928224988,""min_obstacle_dist"":0.2560618418734629,""weight_obstacle"":53.72106633090723,""weight_optimaltime"":0.7707209408283232,""weight_viapoint"":1.0}","{""acc_lim_theta"":0.7580674541866887,""acc_lim_x"":0.6913315519242134,""inflation_dist"":0.5528689722860857,""max_vel_theta"":0.9910682735208234,""max_vel_x"":1.189281928224988,""min_obstacle_dist"":0.2560618418734629,""weight_obstacle"":53.72106633090723,""weight_optimaltime"":0.7707209408283232,""weight_viapoint"":1.0}",false,,true,WARNING,margin:warning|safety_mode:WARNING:conservative_filter,false,,2.7820937712930873,2.8593015718742265,-0.05,-0.00278092798016368,-0.0011529910358181756,-0.0036861843372477787,-0.0,-0.019587697227909852,0.0,0.0,0.0,0.0,0.0,0.0,1.2903280003229156,18.000000000000682,45.999999999999375,true,
t12_t12_safety_seed101,t12_t12_safety_seed101-episode-000009,8,9,64.688,62.818,62.83,62.846,62.878,63.378,0,0.5,true,,0.8009611762375429,0.40536842792837297,0.007426108439524247,0.008000391518148842,0.3670713561805605,0.0,34.096479034390406,0.0,0.0,"[1.0,-1.0,0.5361135601997375,1.0,-0.2770068049430847]","[0.1514371633529663,-0.4328463077545166,-0.07062703371047974,0.21472227573394775,0.07309830188751221]","[1.0,-1.0,0.4654865264892578,1.0,-0.2039085030555725]","{""acc_lim_theta"":0.7580674541866887,""acc_lim_x"":0.6913315519242134,""inflation_dist"":0.5528689722860857,""max_vel_theta"":0.9910682735208234,""max_vel_x"":1.189281928224988,""min_obstacle_dist"":0.2560618418734629,""weight_obstacle"":53.72106633090723,""weight_optimaltime"":0.7707209408283232,""weight_viapoint"":1.0}","{""acc_lim_theta"":0.7549710568094321,""acc_lim_x"":0.671052665739984,""inflation_dist"":0.5535228551975033,""max_vel_theta"":0.9910682735208234,""max_vel_x"":1.182881492620322,""min_obstacle_dist"":0.25,""weight_obstacle"":53.32635941116921,""weight_optimaltime"":0.7274363100528716,""weight_viapoint"":1.0}","{""acc_lim_theta"":0.7549710568094321,""acc_lim_x"":0.671052665739984,""inflation_dist"":0.5535228551975033,""max_vel_theta"":0.9857345771836017,""max_vel_x"":1.182881492620322,""min_obstacle_dist"":0.25,""weight_obstacle"":53.32635941116921,""weight_optimaltime"":0.7274363100528716,""weight_viapoint"":1.0}","{""acc_lim_theta"":0.7549710568094321,""acc_lim_x"":0.671052665739984,""inflation_dist"":0.5535228551975033,""max_vel_theta"":0.9857345771836017,""max_vel_x"":1.182881492620322,""min_obstacle_dist"":0.2560618418734629,""weight_obstacle"":53.72106633090723,""weight_optimaltime"":0.7274363100528716,""weight_viapoint"":1.0}","{""acc_lim_theta"":0.7549710568094321,""acc_lim_x"":0.671052665739984,""inflation_dist"":0.5535228551975033,""max_vel_theta"":0.9857345771836017,""max_vel_x"":1.182881492620322,""min_obstacle_dist"":0.2560618418734629,""weight_obstacle"":53.72106633090723,""weight_optimaltime"":0.7274363100528716,""weight_viapoint"":1.0}",true,max_vel_theta:ackermann_turning_radius,true,WARNING,margin:warning|safety_mode:WARNING:conservative_filter,false,,11.874271673877123,1.9779637415458498,-0.05,-0.0,-0.002558850883897276,-0.034312167515502305,-0.0,-0.01682104926932699,10.0,0.0,0.0,1.0,0.0,0.0,1.0946660040644929,15.999999999998238,48.00000000000182,true,
t12_t12_safety_seed101,t12_t12_safety_seed101-episode-000010,0,1,66.19,65.638,65.64,65.654,65.688,66.188,0,0.45000000000000284,true,,4.9278907322816305,4.450221819582367,0.04713928501340155,0.011539761960219441,0.34459758818543407,0.8927272727272727,0.3027987023061484,1.168269226233483,0.19820789672904623,"[0.0,0.0,0.0,0.0,0.0]","[0.43805837631225586,-0.6516199707984924,0.6310670375823975,0.18723487854003906,-0.7087678909301758]","[0.43805837631225586,-0.6516199707984924,0.6310670375823975,0.18723487854003906,-0.7087678909301758]","{""acc_lim_theta"":0.8,""acc_lim_x"":0.8,""inflation_dist"":0.55,""max_vel_theta"":1.0,""max_vel_x"":1.2,""min_obstacle_dist"":0.25,""weight_obstacle"":50.0,""weight_optimaltime"":1.0,""weight_viapoint"":1.0}","{""acc_lim_theta"":0.8,""acc_lim_x"":0.7881017249507705,""inflation_dist"":0.55,""max_vel_theta"":1.0,""max_vel_x"":1.2,""min_obstacle_dist"":0.2519296119237632,""weight_obstacle"":53.82711477304583,""weight_optimaltime"":0.9348380029201507,""weight_viapoint"":1.0}","{""acc_lim_theta"":0.8,""acc_lim_x"":0.7881017249507705,""inflation_dist"":0.55,""max_vel_theta"":1.0,""max_vel_x"":1.2,""min_obstacle_dist"":0.2519296119237632,""weight_obstacle"":53.82711477304583,""weight_optimaltime"":0.9348380029201507,""weight_viapoint"":1.0}","{""acc_lim_theta"":0.8,""acc_lim_x"":0.7881017249507705,""inflation_dist"":0.55,""max_vel_theta"":1.0,""max_vel_x"":1.2,""min_obstacle_dist"":0.2519296119237632,""weight_obstacle"":53.82711477304583,""weight_optimaltime"":0.9348380029201507,""weight_viapoint"":1.0}","{""acc_lim_theta"":0.8,""acc_lim_x"":0.7881017249507705,""inflation_dist"":0.55,""max_vel_theta"":1.0,""max_vel_x"":1.2,""min_obstacle_dist"":0.2519296119237632,""weight_obstacle"":53.82711477304583,""weight_optimaltime"":0.9348380029201507,""weight_viapoint"":1.0}",false,,false,WARNING,margin:warning|emergency:confirmation_pending|safety_mode:WARNING:conservative_filter,false,,1.9466378266752165,2.3883445634963163,-0.04500000000000029,-0.15403001004693412,-0.0010542069626334723,-0.21718947731765775,-0.0,-0.024433042493874176,0.0,0.0,0.0,0.0,0.0,0.0,1.1036430078092963,13.999999999995794,48.00000000000182,true,
t12_t12_safety_seed101,t12_t12_safety_seed101-episode-000010,1,2,66.836,66.188,66.192,66.208,66.286,66.786,0,0.5,true,,4.287319618298087,3.7016893201321976,0.04984025061520688,0.0063027843648153555,0.34459758818543407,0.9116666666666666,0.3019948917871456,1.1716006881943077,0.1090861347003302,"[0.43805837631225586,-0.6516199707984924,0.6310670375823975,0.18723487854003906,-0.7087678909301758]","[0.49049854278564453,-0.6674265265464783,0.572847843170166,0.07628226280212402,-0.7351884245872498]","[0.9285569190979004,-1.0,1.0,0.2635171413421631,-1.0]","{""acc_lim_theta"":0.8,""acc_lim_x"":0.7881017249507705,""inflation_dist"":0.55,""max_vel_theta"":1.0,""max_vel_x"":1.2,""min_obstacle_dist"":0.2519296119237632,""weight_obstacle"":53.82711477304583,""weight_optimaltime"":0.9348380029201507,""weight_viapoint"":1.0}","{""acc_lim_theta"":0.8,""acc_lim_x"":0.7799766795378241,""inflation_dist"":0.55,""max_vel_theta"":1.0,""max_vel_x"":1.2,""min_obstacle_dist"":0.2519277867777258,""weight_obstacle"":57.79689178568329,""weight_optimaltime"":0.8680953502655029,""weight_viapoint"":1.0}","{""acc_lim_theta"":0.8,""acc_lim_x"":0.7799766795378241,""inflation_dist"":0.55,""max_vel_theta"":1.0,""max_vel_x"":1.2,""min_obstacle_dist"":0.2519277867777258,""weight_obstacle"":57.79689178568329,""weight_optimaltime"":0.8680953502655029,""weight_viapoint"":1.0}","{""acc_lim_theta"":0.8,""acc_lim_x"":0.7799766795378241,""inflation_dist"":0.55,""max_vel_theta"":1.0,""max_vel_x"":1.2,""min_obstacle_dist"":0.2519296119237632,""weight_obstacle"":57.79689178568329,""weight_optimaltime"":0.8680953502655029,""weight_viapoint"":1.0}","{""acc_lim_theta"":0.8,""acc_lim_x"":0.7799766795378241,""inflation_dist"":0.55,""max_vel_theta"":1.0,""max_vel_x"":1.2,""min_obstacle_dist"":0.2519296119237632,""weight_obstacle"":57.79689178568329,""weight_optimaltime"":0.8680953502655029,""weight_viapoint"":1.0}",false,,true,WARNING,margin:warning|safety_mode:WARNING:conservative_filter,false,,2.680821596716996,2.928151490829445,-0.05,-0.17148283475141382,-0.0011369060640619199,-0.0013908073875322574,-0.0,-0.023319345909441087,0.0,0.0,0.0,0.0,0.0,0.0,0.803431001259014,16.000000000005343,94.0000000000083,true,
t12_t12_safety_seed101,t12_t12_safety_seed101-episode-000010,2,3,67.436,66.818,66.838,66.856,66.886,67.386,0,0.5,true,,3.5845484034524113,3.0093556219596045,0.048337998934494704,0.013608839455578852,0.34459758818543407,0.8867313915857605,0.311326277589666,1.1647175210251077,0.015364052068879067,"[0.9285569190979004,-1.0,1.0,0.2635171413421631,-1.0]","[0.3177037239074707,-0.7384748458862305,0.45189499855041504,0.20325565338134766,-0.7499563097953796]","[1.0,-1.0,1.0,0.46677279472351074,-1.0]","{""acc_lim_theta"":0.8,""acc_lim_x"":0.7799766795378241,""inflation_dist"":0.55,""max_vel_theta"":1.0,""max_vel_x"":1.2,""min_obstacle_dist"":0.2519296119237632,""weight_obstacle"":57.79689178568329,""weight_optimaltime"":0.8680953502655029,""weight_viapoint"":1.0}","{""acc_lim_theta"":0.8,""acc_lim_x"":0.7602434491045194,""inflation_dist"":0.55,""max_vel_theta"":1.0,""max_vel_x"":1.2,""min_obstacle_dist"":0.25,""weight_obstacle"":61.84641054786941,""weight_optimaltime"":0.7942478656768799,""weight_viapoint"":1.0}","{""acc_lim_theta"":0.8,""acc_lim_x"":0.7602434491045194,""inflation_dist"":0.55,""max_vel_theta"":1.0,""max_vel_x"":1.2,""min_obstacle_dist"":0.25,""weight_obstacle"":61.84641054786941,""weight_optimaltime"":0.7942478656768799,""weight_viapoint"":1.0}","{""acc_lim_theta"":0.8,""acc_lim_x"":0.7602434491045194,""inflation_dist"":0.55,""max_vel_theta"":1.0,""max_vel_x"":1.2,""min_obstacle_dist"":0.2519296119237632,""weight_obstacle"":61.84641054786941,""weight_optimaltime"":0.7942478656768799,""weight_viapoint"":1.0}","{""acc_lim_theta"":0.8,""acc_lim_x"":0.7602434491045194,""inflation_dist"":0.55,""max_vel_theta"":1.0,""max_vel_x"":1.2,""min_obstacle_dist"":0.2519296119237632,""weight_obstacle"":61.84641054786941,""weight_optimaltime"":0.7942478656768799,""weight_viapoint"":1.0}",false,,true,WARNING,margin:warning|safety_mode:WARNING:conservative_filter,false,,2.619603297418712,2.875963907464034,-0.05,-0.16955098076597086,-0.0012472486368885123,-0.007760538592040015,-0.0,-0.027801842050423034,0.0,0.0,0.0,0.0,0.0,0.0,1.1743869981728494,18.000000000000682,48.00000000000182,true,
t12_t12_safety_seed101,t12_t12_safety_seed101-episode-000010,3,4,68.034,67.43,67.438,67.456,67.484,67.984,0,0.5,true,,2.8928838912374686,2.3156235168708146,0.044945720037027195,0.00560174280417252,0.34459758818543407,0.8784,0.30164442687785104,1.1588291849678902,-0.03475804062189213,"[1.0,-1.0,1.0,0.46677279472351074,-1.0]","[0.5885028839111328,-0.7178255915641785,0.4200174808502197,0.147932767868042,-0.8571552634239197]","[1.0,-1.0,1.0,0.6147055625915527,-1.0]","{""acc_lim_theta"":0.8,""acc_lim_x"":0.7602434491045194,""inflation_dist"":0.55,""max_vel_theta"":1.0,""max_vel_x"":1.2,""min_obstacle_dist"":0.2519296119237632,""weight_obstacle"":61.84641054786941,""weight_optimaltime"":0.7942478656768799,""weight_viapoint"":1.0}","{""acc_lim_theta"":0.8,""acc_lim_x"":0.7474149344409283,""inflation_dist"":0.55,""max_vel_theta"":1.0,""max_vel_x"":1.2,""min_obstacle_dist"":0.25,""weight_obstacle"":66.47476859487192,""weight_optimaltime"":0.722465306520462,""weight_viapoint"":1.0}","{""acc_lim_theta"":0.8,""acc_lim_x"":0.7474149344409283,""inflation_dist"":0.55,""max_vel_theta"":1.0,""max_vel_x"":1.2,""min_obstacle_dist"":0.25,""weight_obstacle"":66.47476859487192,""weight_optimaltime"":0.722465306520462,""weight_viapoint"":1.0}","{""acc_lim_theta"":0.8,""acc_lim_x"":0.7474149344409283,""inflation_dist"":0.55,""max_vel_theta"":1.0,""max_vel_x"":1.2,""min_obstacle_dist"":0.2519296119237632,""weight_obstacle"":66.47476859487192,""weight_optimaltime"":0.722465306520462,""weight_viapoint"":1.0}","{""acc_lim_theta"":0.8,""acc_lim_x"":0.7474149344409283,""inflation_dist"":0.55,""max_vel_theta"":1.0,""max_vel_x"":1.2,""min_obstacle_dist"":0.2519296119237632,""weight_obstacle"":66.47476859487192,""weight_optimaltime"":0.722465306520462,""weight_viapoint"":1.0}",false,,true,WARNING,margin:warning|safety_mode:WARNING:conservative_filter,false,,2.637817526923468,2.88630187183327,-0.05,-0.16957424996947537,-0.0009995636768725992,-0.0010901746722680355,-0.0,-0.02682035659118634,0.0,0.0,0.0,0.0,0.0,0.0,1.261504992726259,18.000000000000682,45.99999999999227,true,
t12_t12_safety_seed101,t12_t12_safety_seed101-episode-000010,4,5,68.636,68.018,68.036,68.056,68.086,68.586,0,0.5,true,,2.199770201144106,1.6418229693453354,0.04491348527153098,0.016852315557250877,0.34427436002323025,0.8798076923076923,0.3062015548316796,1.1578766819524153,-0.048376166539887494,"[1.0,-1.0,1.0,0.6147055625915527,-1.0]","[0.6411147117614746,-0.7862611413002014,0.3622530698776245,0.2599220275878906,-0.814744234085083]","[1.0,-1.0,1.0,0.8746275901794434,-1.0]","{""acc_lim_theta"":0.8,""acc_lim_x"":0.7474149344409283,""inflation_dist"":0.55,""max_vel_theta"":1.0,""max_vel_x"":1.2,""min_obstacle_dist"":0.2519296119237632,""weight_obstacle"":66.47476859487192,""weight_optimaltime"":0.722465306520462,""weight_viapoint"":1.0}","{""acc_lim_theta"":0.8,""acc_lim_x"":0.7283022900929238,""inflation_dist"":0.55,""max_vel_theta"":1.0,""max_vel_x"":1.2,""min_obstacle_dist"":0.25,""weight_obstacle"":70.8741209560924,""weight_optimaltime"":0.6438391923904419,""weight_viapoint"":1.0}","{""acc_lim_theta"":0.8,""acc_lim_x"":0.7283022900929238,""inflation_dist"":0.55,""max_vel_theta"":1.0,""max_vel_x"":1.2,""min_obstacle_dist"":0.25,""weight_obstacle"":70.8741209560924,""weight_optimaltime"":0.6438391923904419,""weight_viapoint"":1.0}","{""acc_lim_theta"":0.8,""acc_lim_x"":0.7283022900929238,""inflation_dist"":0.55,""max_vel_theta"":1.0,""max_vel_x"":1.2,""min_obstacle_dist"":0.2519296119237632,""weight_obstacle"":70.8741209560924,""weight_optimaltime"":0.6438391923904419,""weight_viapoint"":1.0}","{""acc_lim_theta"":0.8,""acc_lim_x"":0.7283022900929238,""inflation_dist"":0.55,""max_vel_theta"":1.0,""max_vel_x"":1.2,""min_obstacle_dist"":0.2519296119237632,""weight_obstacle"":70.8741209560924,""weight_optimaltime"":0.6438391923904419,""weight_viapoint"":1.0}",false,,true,WARNING,margin:warning|emergency:confirmation_pending|safety_mode:WARNING:conservative_filter,false,,2.486912843119549,2.789736158993852,-0.05,-0.17218173868962008,-0.0010933573830677926,-0.050246131166168974,-0.0,-0.02930208863544613,0.0,0.0,0.0,0.0,0.0,0.0,1.0475900053279474,19.99999999999602,49.99999999999716,true,
t12_t12_safety_seed101,t12_t12_safety_seed101-episode-000010,5,6,69.234,68.618,68.638,68.654,68.684,69.184,0,0.5,true,,1.5260383359491356,0.9470192653976991,0.03385867683642299,0.014416500078413729,0.3359438668889662,0.8867313915857605,0.3056091345841963,1.1198625805016262,0.03451769531903509,"[1.0,-1.0,1.0,0.8746275901794434,-1.0]","[0.6853576898574829,-0.6988641023635864,0.24772953987121582,0.010511517524719238,-0.8423686623573303]","[1.0,-1.0,1.0,0.8851391077041626,-1.0]","{""acc_lim_theta"":0.8,""acc_lim_x"":0.7283022900929238,""inflation_dist"":0.55,""max_vel_theta"":1.0,""max_vel_x"":1.2,""min_obstacle_dist"":0.2519296119237632,""weight_obstacle"":70.8741209560924,""weight_optimaltime"":0.6438391923904419,""weight_viapoint"":1.0}","{""acc_lim_theta"":0.8,""acc_lim_x"":0.7205670709792067,""inflation_dist"":0.55,""max_vel_theta"":1.0,""max_vel_x"":1.2,""min_obstacle_dist"":0.25,""weight_obstacle"":75.42263619403252,""weight_optimaltime"":0.5739527821540832,""weight_viapoint"":1.0}","{""acc_lim_theta"":0.8,""acc_lim_x"":0.7205670709792067,""inflation_dist"":0.55,""max_vel_theta"":1.0,""max_vel_x"":1.2,""min_obstacle_dist"":0.25,""weight_obstacle"":75.42263619403252,""weight_optimaltime"":0.5739527821540832,""weight_viapoint"":1.0}","{""acc_lim_theta"":0.8,""acc_lim_x"":0.7205670709792067,""inflation_dist"":0.55,""max_vel_theta"":1.0,""max_vel_x"":1.2,""min_obstacle_dist"":0.2519296119237632,""weight_obstacle"":75.42263619403252,""weight_optimaltime"":0.5739527821540832,""weight_viapoint"":1.0}","{""acc_lim_theta"":0.8,""acc_lim_x"":0.7205670709792067,""inflation_dist"":0.55,""max_vel_theta"":1.0,""max_vel_x"":1.2,""min_obstacle_dist"":0.2519296119237632,""weight_obstacle"":75.42263619403252,""weight_optimaltime"":0.5739527821540832,""weight_viapoint"":1.0}",false,,true,WARNING,margin:warning|safety_mode:WARNING:conservative_filter,false,,2.638297816439162,2.8950953527571825,-0.05,-0.18061772139084076,-0.0007695944814112075,-0.0004021031441869974,-0.0,-0.025008117301581256,0.0,0.0,0.0,0.0,0.0,0.0,1.0493629961274564,15.999999999991132,45.99999999999227,true,
t12_t12_safety_seed101,t12_t12_safety_seed101-episode-000010,6,7,70.992,69.218,69.236,69.258,69.282,69.782,0,0.5,true,,0.8350446584694512,0.4041326015191189,0.02072246767457569,0.0012693469639910196,0.3313565300716661,0.9064625850340136,6.627130601433322,0.0,0.0,"[1.0,-1.0,1.0,0.8851391077041626,-1.0]","[0.7090902328491211,-0.7030249834060669,0.1399855613708496,-0.13046187162399292,-0.8325690031051636]","[1.0,-1.0,1.0,0.7546772360801697,-1.0]","{""acc_lim_theta"":0.8,""acc_lim_x"":0.7205670709792067,""inflation_dist"":0.55,""max_vel_theta"":1.0,""max_vel_x"":1.2,""min_obstacle_dist"":0.2519296119237632,""weight_obstacle"":75.42263619403252,""weight_optimaltime"":0.5739527821540832,""weight_viapoint"":1.0}","{""acc_lim_theta"":0.7956566951350588,""acc_lim_x"":0.716950834335238,""inflation_dist"":0.55,""max_vel_theta"":1.0,""max_vel_x"":1.2,""min_obstacle_dist"":0.25,""weight_obstacle"":79.9182364774795,""weight_optimaltime"":0.5036502838134764,""weight_viapoint"":1.0}","{""acc_lim_theta"":0.7956566951350588,""acc_lim_x"":0.716950834335238,""inflation_dist"":0.55,""max_vel_theta"":1.0,""max_vel_x"":1.2,""min_obstacle_dist"":0.25,""weight_obstacle"":79.9182364774795,""weight_optimaltime"":0.5036502838134764,""weight_viapoint"":1.0}","{""acc_lim_theta"":0.7956566951350588,""acc_lim_x"":0.716950834335238,""inflation_dist"":0.55,""max_vel_theta"":1.0,""max_vel_x"":1.2,""min_obstacle_dist"":0.2519296119237632,""weight_obstacle"":79.9182364774795,""weight_optimaltime"":0.5036502838134764,""weight_viapoint"":1.0}","{""acc_lim_theta"":0.7956566951350588,""acc_lim_x"":0.716950834335238,""inflation_dist"":0.55,""max_vel_theta"":1.0,""max_vel_x"":1.2,""min_obstacle_dist"":0.2519296119237632,""weight_obstacle"":79.9182364774795,""weight_optimaltime"":0.5036502838134764,""weight_viapoint"":1.0}",false,,true,WARNING,margin:warning|emergency:confirmation_pending|safety_mode:WARNING:conservative_filter,false,,11.8063481411773,2.1545602847516614,-0.05,-0.19032042479987693,-0.0004524755920537224,-0.08239765757018769,-0.0,-0.025041585612242803,10.0,0.0,0.0,0.0,0.0,0.0,2.291946002515033,21.99999999999136,45.99999999999227,true,
