run_id,episode_id,step_id,config_seq,t_observation,t_decision,t_request,t_ack,t_active,t_window_end,planner_cycle_count,valid_feedback_duration,state_valid,invalid_reason,goal_distance_start,goal_distance_end,path_error_mean,path_heading_error_mean,d_obs_min,obstacle_density_mean,ttc_min,linear_velocity_mean,angular_velocity_mean,eta_before_json,action_raw_json,eta_after_json,theta_previous_json,theta_candidate_json,theta_projected_json,theta_safe_json,theta_applied_json,projection_modified,projection_reason,safety_modified,safety_mode,safety_reason,fallback_active,fallback_reason,reward_total,reward_progress,reward_time,reward_near_obstacle,reward_path_error,reward_smoothness,reward_planner_failure,reward_parameter_adjustment,reward_terminal,cost_collision,cost_near_collision,cost_parameter_violation,cost_planner_failure,cost_emergency_or_fallback,inference_latency,parameter_write_latency,parameter_activation_latency,transition_stored,transition_drop_reason
t12_t12_safety_seed101,t12_t12_safety_seed101-episode-000001,0,1,3.07,2.518,2.5220000000000002,2.544,2.568,3.068,0,0.4500000000000002,true,,3.008944941257959,2.609422323351427,0.011910238535085207,0.00477190456301932,30.0,0.0,25.66782675300958,1.168778342189896,-0.14161318269751622,"[0.0,0.0,0.0,0.0,0.0]","[-0.02222543954849243,0.0544886589050293,0.02476680278778076,-0.08150941133499146,0.012093067169189453]","[-0.02222543954849243,0.0544886589050293,0.02476680278778076,-0.08150941133499146,0.012093067169189453]","{""acc_lim_theta"":0.8,""acc_lim_x"":0.8,""inflation_dist"":0.55,""max_vel_theta"":1.0,""max_vel_x"":1.2,""min_obstacle_dist"":0.25,""weight_obstacle"":50.0,""weight_optimaltime"":1.0,""weight_viapoint"":1.0}","{""acc_lim_theta"":0.7984030478707926,""acc_lim_x"":0.8,""inflation_dist"":0.55,""max_vel_theta"":1.0,""max_vel_x"":1.2,""min_obstacle_dist"":0.25192476834116784,""weight_obstacle"":50.0,""weight_optimaltime"":1.0,""weight_viapoint"":1.0}","{""acc_lim_theta"":0.7984030478707926,""acc_lim_x"":0.8,""inflation_dist"":0.55,""max_vel_theta"":1.0,""max_vel_x"":1.2,""min_obstacle_dist"":0.25192476834116784,""weight_obstacle"":50.0,""weight_optimaltime"":1.0,""weight_viapoint"":1.0}","{""acc_lim_theta"":0.7984030478707926,""acc_lim_x"":0.8,""inflation_dist"":0.55,""max_vel_theta"":1.0,""max_vel_x"":1.2,""min_obstacle_dist"":0.25192476834116784,""weight_obstacle"":50.0,""weight_optimaltime"":1.0,""weight_viapoint"":1.0}","{""acc_lim_theta"":0.7984030478707926,""acc_lim_x"":0.8,""inflation_dist"":0.55,""max_vel_theta"":1.0,""max_vel_x"":1.2,""min_obstacle_dist"":0.25192476834116784,""weight_obstacle"":50.0,""weight_optimaltime"":1.0,""weight_viapoint"":1.0}",false,,false,NORMAL,,false,,1.7936996378512435,1.9976130895326616,-0.04500000000000002,-0.0,-2.857328323899126e-05,-0.15771573302941017,-0.0,-0.0011691453687689868,0.0,0.0,0.0,0.0,0.0,0.0,3.1166429980657995,21.999999999999797,45.999999999999815,true,
t12_t12_safety_seed101,t12_t12_safety_seed101-episode-000001,1,2,3.668,3.066,3.072,3.096,3.166,3.666,0,0.44999999999999973,true,,2.445967316781354,1.9097872449493107,0.009771275817454766,0.01264201963026839,30.0,0.0,25.740610649775096,1.1654735160784586,0.014180455864208899,"[-0.02222543954849243,0.0544886589050293,0.02476680278778076,-0.08150941133499146,0.012093067169189453]","[-0.03404659032821655,0.09679198265075684,0.01137077808380127,-0.0719720721244812,-0.020718276500701904]","[-0.056272029876708984,0.15128064155578613,0.03613758087158203,-0.15348148345947266,-0.008625209331512451]","{""acc_lim_theta"":0.7984030478707926,""acc_lim_x"":0.8,""inflation_dist"":0.55,""max_vel_theta"":1.0,""max_vel_x"":1.2,""min_obstacle_dist"":0.25192476834116784,""weight_obstacle"":50.0,""weight_optimaltime"":1.0,""weight_viapoint"":1.0}","{""acc_lim_theta"":0.7986330541280409,""acc_lim_x"":0.8,""inflation_dist"":0.55,""max_vel_theta"":1.0,""max_vel_x"":1.2,""min_obstacle_dist"":0.2544661155253443,""weight_obstacle"":50.11187191615555,""weight_optimaltime"":1.0,""weight_viapoint"":1.0}","{""acc_lim_theta"":0.7986330541280409,""acc_lim_x"":0.8,""inflation_dist"":0.55,""max_vel_theta"":1.0,""max_vel_x"":1.2,""min_obstacle_dist"":0.2544661155253443,""weight_obstacle"":50.11187191615555,""weight_optimaltime"":1.0,""weight_viapoint"":1.0}","{""acc_lim_theta"":0.7986330541280409,""acc_lim_x"":0.8,""inflation_dist"":0.55,""max_vel_theta"":1.0,""max_vel_x"":1.2,""min_obstacle_dist"":0.2544661155253443,""weight_obstacle"":50.11187191615555,""weight_optimaltime"":1.0,""weight_viapoint"":1.0}","{""acc_lim_theta"":0.7986330541280409,""acc_lim_x"":0.8,""inflation_dist"":0.55,""max_vel_theta"":1.0,""max_vel_x"":1.2,""min_obstacle_dist"":0.2544661155253443,""weight_obstacle"":50.11187191615555,""weight_optimaltime"":1.0,""weight_viapoint"":1.0}",false,,false,NORMAL,,false,,2.634573632435131,2.6809003591602165,-0.04499999999999998,-0.0,-2.7114059105992346e-05,-1.8283956860485491e-06,-0.0,-0.0012977842702937494,0.0,0.0,0.0,0.0,0.0,0.0,1.1497960076667368,24.00000000000002,93.99999999999986,true,
t12_t12_safety_seed101,t12_t12_safety_seed101-episode-000001,2,3,4.268,3.666,3.67,3.692,3.766,4.266,0,0.4500000000000002,true,,1.746568980602601,1.2103720759290513,0.012656079744234387,0.010736104325568048,30.0,0.0,25.734383105140154,1.165755552695096,-0.021612196753637524,"[-0.056272029876708984,0.15128064155578613,0.03613758087158203,-0.15348148345947266,-0.008625209331512451]","[-0.01391071081161499,0.09767687320709229,0.012161612510681152,-0.06809407472610474,-0.01691967248916626]","[-0.07018274068832397,0.24895751476287842,0.048299193382263184,-0.2215755581855774,-0.02554488182067871]","{""acc_lim_theta"":0.7986330541280409,""acc_lim_x"":0.8,""inflation_dist"":0.55,""max_vel_theta"":1.0,""max_vel_x"":1.2,""min_obstacle_dist"":0.2544661155253443,""weight_obstacle"":50.11187191615555,""weight_optimaltime"":1.0,""weight_viapoint"":1.0}","{""acc_lim_theta"":0.7980149906491865,""acc_lim_x"":0.8,""inflation_dist"":0.55,""max_vel_theta"":1.0,""max_vel_x"":1.2,""min_obstacle_dist"":0.2570491766632972,""weight_obstacle"":50.203232613172176,""weight_optimaltime"":1.0,""weight_viapoint"":1.0}","{""acc_lim_theta"":0.7980149906491865,""acc_lim_x"":0.8,""inflation_dist"":0.55,""max_vel_theta"":1.0,""max_vel_x"":1.2,""min_obstacle_dist"":0.2570491766632972,""weight_obstacle"":50.203232613172176,""weight_optimaltime"":1.0,""weight_viapoint"":1.0}","{""acc_lim_theta"":0.7980149906491865,""acc_lim_x"":0.8,""inflation_dist"":0.55,""max_vel_theta"":1.0,""max_vel_x"":1.2,""min_obstacle_dist"":0.2570491766632972,""weight_obstacle"":50.203232613172176,""weight_optimaltime"":1.0,""weight_viapoint"":1.0}","{""acc_lim_theta"":0.7980149906491865,""acc_lim_x"":0.8,""inflation_dist"":0.55,""max_vel_theta"":1.0,""max_vel_x"":1.2,""min_obstacle_dist"":0.2570491766632972,""weight_obstacle"":50.203232613172176,""weight_optimaltime"":1.0,""weight_viapoint"":1.0}",false,,false,NORMAL,,false,,2.6345749239327847,2.6809845233677487,-0.04500000000000002,-0.0,-3.863366325604516e-05,-5.040527800919572e-07,-0.0,-0.0013704617189279995,0.0,0.0,0.0,0.0,0.0,0.0,1.3810329983243719,22.00000000000024,96.00000000000009,true,
t12_t12_safety_seed101,t12_t12_safety_seed101-episode-000001,3,4,6.168,4.266,4.27,4.294,4.366,4.866,0,0.4499999999999993,true,,1.0471711878099954,0.5663266394073464,0.0013202477812314726,0.0003626805422787684,30.0,0.0,600.0,0.0,0.0,"[-0.07018274068832397,0.24895751476287842,0.048299193382263184,-0.2215755581855774,-0.02554488182067871]","[0.061969757080078125,0.11030161380767822,-0.006906688213348389,-0.02421426773071289,-0.01920384168624878]","[-0.00821298360824585,0.35925912857055664,0.041392505168914795,-0.24578982591629028,-0.04474872350692749]","{""acc_lim_theta"":0.7980149906491865,""acc_lim_x"":0.8,""inflation_dist"":0.55,""max_vel_theta"":1.0,""max_vel_x"":1.2,""min_obstacle_dist"":0.2570491766632972,""weight_obstacle"":50.203232613172176,""weight_optimaltime"":1.0,""weight_viapoint"":1.0}","{""acc_lim_theta"":0.7955104667741562,""acc_lim_x"":0.8,""inflation_dist"":0.550063943863418,""max_vel_theta"":1.0,""max_vel_x"":1.2,""min_obstacle_dist"":0.25941077561750625,""weight_obstacle"":50.30692707670131,""weight_optimaltime"":1.0,""weight_viapoint"":1.0}","{""acc_lim_theta"":0.7955104667741562,""acc_lim_x"":0.8,""inflation_dist"":0.550063943863418,""max_vel_theta"":1.0,""max_vel_x"":1.2,""min_obstacle_dist"":0.25941077561750625,""weight_obstacle"":50.30692707670131,""weight_optimaltime"":1.0,""weight_viapoint"":1.0}","{""acc_lim_theta"":0.7955104667741562,""acc_lim_x"":0.8,""inflation_dist"":0.550063943863418,""max_vel_theta"":1.0,""max_vel_x"":1.2,""min_obstacle_dist"":0.25941077561750625,""weight_obstacle"":50.30692707670131,""weight_optimaltime"":1.0,""weight_viapoint"":1.0}","{""acc_lim_theta"":0.7955104667741562,""acc_lim_x"":0.8,""inflation_dist"":0.550063943863418,""max_vel_theta"":1.0,""max_vel_x"":1.2,""min_obstacle_dist"":0.25941077561750625,""weight_obstacle"":50.30692707670131,""weight_optimaltime"":1.0,""weight_viapoint"":1.0}",false,,false,NORMAL,,false,,12.336469421667658,2.404222742013245,-0.04499999999999993,-0.0,-0.0005385143926438251,-0.020418376800181638,-0.0,-0.001796429152761722,10.0,0.0,0.0,0.0,0.0,0.0,1.1799040075857192,24.00000000000002,96.00000000000009,true,
t12_t12_safety_seed101,t12_t12_safety_seed101-episode-000002,0,1,7.726,7.178,7.182,7.206,7.222,7.722,0,0.4500000000000002,true,,3.8223554975156997,3.4932973757530816,0.24211114331968892,0.3778743337930831,30.0,0.0,29.08476482465717,1.0314678554514878,0.7000280671138384,"[0.0,0.0,0.0,0.0,0.0]","[-0.24055451154708862,0.31602954864501953,0.07680690288543701,-0.23891401290893555,-0.20153892040252686]","[-0.24055451154708862,0.31602954864501953,0.07680690288543701,-0.23891401290893555,-0.20153892040252686]","{""acc_lim_theta"":0.8,""acc_lim_x"":0.8,""inflation_dist"":0.55,""max_vel_theta"":1.0,""max_vel_x"":1.2,""min_obstacle_dist"":0.25,""weight_obstacle"":50.0,""weight_optimaltime"":1.0,""weight_viapoint"":1.0}","{""acc_lim_theta"":0.8,""acc_lim_x"":0.8,""inflation_dist"":0.55,""max_vel_theta"":1.0,""max_vel_x"":1.2,""min_obstacle_dist"":0.25936520772034144,""weight_obstacle"":51.08824424679278,""weight_optimaltime"":1.0,""weight_viapoint"":1.0}","{""acc_lim_theta"":0.8,""acc_lim_x"":0.8,""inflation_dist"":0.55,""max_vel_theta"":1.0,""max_vel_x"":1.2,""min_obstacle_dist"":0.25936520772034144,""weight_obstacle"":51.08824424679278,""weight_optimaltime"":1.0,""weight_viapoint"":1.0}","{""acc_lim_theta"":0.8,""acc_lim_x"":0.8,""inflation_dist"":0.55,""max_vel_theta"":1.0,""max_vel_x"":1.2,""min_obstacle_dist"":0.25936520772034144,""weight_obstacle"":51.08824424679278,""weight_optimaltime"":1.0,""weight_viapoint"":1.0}","{""acc_lim_theta"":0.8,""acc_lim_x"":0.8,""inflation_dist"":0.55,""max_vel_theta"":1.0,""max_vel_x"":1.2,""min_obstacle_dist"":0.25936520772034144,""weight_obstacle"":51.08824424679278,""weight_optimaltime"":1.0,""weight_viapoint"":1.0}",false,,false,NORMAL,,false,,1.400655609451947,1.6452906088130903,-0.04500000000000002,-0.0,-0.007372021507186757,-0.18634040627223447,-0.0,-0.005922571581722142,0.0,0.0,0.0,0.0,0.0,0.0,3.0166630021994933,24.00000000000002,40.000000000000036,true,
t12_t12_safety_seed101,t12_t12_safety_seed101-episode-000002,1,2,8.37,7.7219999999999995,7.728,7.75,7.82,8.32,0,0.5,true,,3.328533460210658,2.7646686162935254,0.07127957083403921,0.6912129203123255,30.0,0.0,25.741984508902274,1.1654113143306877,0.2772893298938366,"[-0.24055451154708862,0.31602954864501953,0.07680690288543701,-0.23891401290893555,-0.20153892040252686]","[-0.20361387729644775,0.3138551712036133,-0.027695119380950928,-0.2519000768661499,-0.09056663513183594]","[-0.4441683888435364,0.6298847198486328,0.049111783504486084,-0.49081408977508545,-0.2921055555343628]","{""acc_lim_theta"":0.8,""acc_lim_x"":0.8,""inflation_dist"":0.55,""max_vel_theta"":1.0,""max_vel_x"":1.2,""min_obstacle_dist"":0.25936520772034144,""weight_obstacle"":51.08824424679278,""weight_optimaltime"":1.0,""weight_viapoint"":1.0}","{""acc_lim_theta"":0.8,""acc_lim_x"":0.8,""inflation_dist"":0.5502564084082465,""max_vel_theta"":1.0,""max_vel_x"":1.2,""min_obstacle_dist"":0.26586857794563756,""weight_obstacle"":51.57727445215834,""weight_optimaltime"":1.0,""weight_viapoint"":1.0}","{""acc_lim_theta"":0.8,""acc_lim_x"":0.8,""inflation_dist"":0.5502564084082465,""max_vel_theta"":1.0,""max_vel_x"":1.2,""min_obstacle_dist"":0.26586857794563756,""weight_obstacle"":51.57727445215834,""weight_optimaltime"":1.0,""weight_viapoint"":1.0}","{""acc_lim_theta"":0.8,""acc_lim_x"":0.8,""inflation_dist"":0.5502564084082465,""max_vel_theta"":1.0,""max_vel_x"":1.2,""min_obstacle_dist"":0.26586857794563756,""weight_obstacle"":51.57727445215834,""weight_optimaltime"":1.0,""weight_viapoint"":1.0}","{""acc_lim_theta"":0.8,""acc_lim_x"":0.8,""inflation_dist"":0.5502564084082465,""max_vel_theta"":1.0,""max_vel_x"":1.2,""min_obstacle_dist"":0.26586857794563756,""weight_obstacle"":51.57727445215834,""weight_optimaltime"":1.0,""weight_viapoint"":1.0}",false,,false,NORMAL,,false,,2.7351755416761776,2.819324219585664,-0.05,-0.0,-0.027855800491713312,-0.0026402093717107855,-0.0,-0.0036526680460628467,0.0,0.0,0.0,0.0,0.0,0.0,1.5220130007946864,22.00000000000024,92.00000000000053,true,
t12_t12_safety_seed101,t12_t12_safety_seed101-episode-000002,2,3,8.968,8.358,8.376,8.398,8.418,8.918,0,0.5,true,,2.649440686315025,2.0932527717047127,0.12741560685990072,0.7528268038069204,30.0,0.0,25.672562997492953,1.1685627182190435,-0.03810994305132975,"[-0.4441683888435364,0.6298847198486328,0.049111783504486084,-0.49081408977508545,-0.2921055555343628]","[-0.009135007858276367,0.30230820178985596,-0.06966972351074219,-0.24072110652923584,-0.08202159404754639]","[-0.45330339670181274,0.9321929216384888,-0.020557940006256104,-0.7315351963043213,-0.3741271495819092]","{""acc_lim_theta"":0.8,""acc_lim_x"":0.8,""inflation_dist"":0.5502564084082465,""max_vel_theta"":1.0,""max_vel_x"":1.2,""min_obstacle_dist"":0.26586857794563756,""weight_obstacle"":51.57727445215834,""weight_optimaltime"":1.0,""weight_viapoint"":1.0}","{""acc_lim_theta"":0.7969278705480918,""acc_lim_x"":0.8,""inflation_dist"":0.5509014283001141,""max_vel_theta"":1.0,""max_vel_x"":1.2,""min_obstacle_dist"":0.2709759461689047,""weight_obstacle"":52.02016423075168,""weight_optimaltime"":1.0,""weight_viapoint"":1.0}","{""acc_lim_theta"":0.7969278705480918,""acc_lim_x"":0.8,""inflation_dist"":0.5509014283001141,""max_vel_theta"":1.0,""max_vel_x"":1.2,""min_obstacle_dist"":0.2709759461689047,""weight_obstacle"":52.02016423075168,""weight_optimaltime"":1.0,""weight_viapoint"":1.0}","{""acc_lim_theta"":0.7969278705480918,""acc_lim_x"":0.8,""inflation_dist"":0.5509014283001141,""max_vel_theta"":1.0,""max_vel_x"":1.2,""min_obstacle_dist"":0.2709759461689047,""weight_obstacle"":52.02016423075168,""weight_optimaltime"":1.0,""weight_viapoint"":1.0}","{""acc_lim_theta"":0.7969278705480918,""acc_lim_x"":0.8,""inflation_dist"":0.5509014283001141,""max_vel_theta"":1.0,""max_vel_x"":1.2,""min_obstacle_dist"":0.2709759461689047,""weight_obstacle"":52.02016423075168,""weight_optimaltime"":1.0,""weight_viapoint"":1.0}",false,,false,NORMAL,,false,,2.7216142286166587,2.780939573051562,-0.05,-0.0,-0.0054296990492306236,-1.4594778525881447e-05,-0.0,-0.003881050607147057,0.0,0.0,0.0,0.0,0.0,0.0,3.9065449964255095,22.00000000000024,41.999999999999815,true,
t12_t12_safety_seed101,t12_t12_safety_seed101-episode-000002,3,4,9.52,8.958,8.972,9.002,9.018,9.518,0,0.45000000000000107,true,,1.954137957561409,1.448633288395477,0.10026773192168782,0.7207781635165647,30.0,0.0,25.56410395706419,1.1735204977411315,0.037201829883317515,"[-0.45330339670181274,0.9321929216384888,-0.020557940006256104,-0.7315351963043213,-0.3741271495819092]","[-0.036109209060668945,0.19851946830749512,-0.0946962833404541,-0.24598968029022217,0.11901664733886719]","[-0.4894126057624817,1.0,-0.1152542233467102,-0.9775248765945435,-0.255110502243042]","{""acc_lim_theta"":0.7969278705480918,""acc_lim_x"":0.8,""inflation_dist"":0.5509014283001141,""max_vel_theta"":1.0,""max_vel_x"":1.2,""min_obstacle_dist"":0.2709759461689047,""weight_obstacle"":52.02016423075168,""weight_optimaltime"":1.0,""weight_viapoint"":1.0}","{""acc_lim_theta"":0.7880804101609642,""acc_lim_x"":0.8,""inflation_dist"":0.5517781504020915,""max_vel_theta"":1.0,""max_vel_x"":1.1981165328607566,""min_obstacle_dist"":0.27301296887313686,""weight_obstacle"":51.377513265467144,""weight_optimaltime"":1.0,""weight_viapoint"":1.0}","{""acc_lim_theta"":0.7880804101609642,""acc_lim_x"":0.8,""inflation_dist"":0.5517781504020915,""max_vel_theta"":0.9984304440506305,""max_vel_x"":1.1981165328607566,""min_obstacle_dist"":0.27301296887313686,""weight_obstacle"":51.377513265467144,""weight_optimaltime"":1.0,""weight_viapoint"":1.0}","{""acc_lim_theta"":0.7880804101609642,""acc_lim_x"":0.8,""inflation_dist"":0.5517781504020915,""max_vel_theta"":0.9984304440506305,""max_vel_x"":1.1981165328607566,""min_obstacle_dist"":0.27301296887313686,""weight_obstacle"":51.377513265467144,""weight_optimaltime"":1.0,""weight_viapoint"":1.0}","{""acc_lim_theta"":0.7880804101609642,""acc_lim_x"":0.8,""inflation_dist"":0.5517781504020915,""max_vel_theta"":0.9984304440506305,""max_vel_x"":1.1981165328607566,""min_obstacle_dist"":0.27301296887313686,""weight_obstacle"":51.377513265467144,""weight_optimaltime"":1.0,""weight_viapoint"":1.0}",true,max_vel_theta:ackermann_turning_radius,false,NORMAL,,false,,2.4746454136451965,2.527523345829661,-0.04500000000000011,-0.0,-0.0025801070332530096,-0.000107534633283213,-0.0,-0.005190290517928037,0.0,0.0,0.0,1.0,0.0,0.0,1.732955002808012,30.000000000001137,46.00000000000115,true,
t12_t12_safety_seed101,t12_t12_safety_seed101-episode-000002,4,5,10.168,9.518,9.522,9.546,9.618,10.118,0,0.5,true,,1.266357762105143,0.7401764096951545,0.07334797565249662,0.8984857893099134,30.0,0.0,30.848923783881613,0.9724812512154745,0.4284361940593901,"[-0.4894126057624817,1.0,-0.1152542233467102,-0.9775248765945435,-0.255110502243042]","[0.19064533710479736,0.19568383693695068,-0.10949987173080444,-0.171181321144104,0.08461296558380127]","[-0.2987672686576843,1.0,-0.22475409507751465,-1.0,-0.17049753665924072]","{""acc_lim_theta"":0.7880804101609642,""acc_lim_x"":0.8,""inflation_dist"":0.5517781504020915,""max_vel_theta"":0.9984304440506305,""max_vel_x"":1.1981165328607566,""min_obstacle_dist"":0.27301296887313686,""weight_obstacle"":51.377513265467144,""weight_optimaltime"":1.0,""weight_viapoint"":1.0}","{""acc_lim_theta"":0.7730709692720823,""acc_lim_x"":0.8,""inflation_dist"":0.552791927863293,""max_vel_theta"":0.9984304440506305,""max_vel_x"":1.2,""min_obstacle_dist"":0.27458621290428076,""weight_obstacle"":50.92063092821566,""weight_optimaltime"":1.0,""weight_viapoint"":1.0}","{""acc_lim_theta"":0.7730709692720823,""acc_lim_x"":0.8,""inflation_dist"":0.552791927863293,""max_vel_theta"":0.9984304440506305,""max_vel_x"":1.2,""min_obstacle_dist"":0.27458621290428076,""weight_obstacle"":50.92063092821566,""weight_optimaltime"":1.0,""weight_viapoint"":1.0}","{""acc_lim_theta"":0.7730709692720823,""acc_lim_x"":0.8,""inflation_dist"":0.552791927863293,""max_vel_theta"":0.9984304440506305,""max_vel_x"":1.2,""min_obstacle_dist"":0.27458621290428076,""weight_obstacle"":50.92063092821566,""weight_optimaltime"":1.0,""weight_viapoint"":1.0}","{""acc_lim_theta"":0.7730709692720823,""acc_lim_x"":0.8,""inflation_dist"":0.552791927863293,""max_vel_theta"":0.9984304440506305,""max_vel_x"":1.2,""min_obstacle_dist"":0.27458621290428076,""weight_obstacle"":50.92063092821566,""weight_optimaltime"":1.0,""weight_viapoint"":1.0}",false,,false,NORMAL,,false,,2.5512803484990583,2.6309067620499422,-0.05,-0.0,-0.011071442796094157,-0.012655986352534607,-0.0,-0.005898984402255315,0.0,0.0,0.0,0.0,0.0,0.0,1.2760039971908554,23.999999999999133,96.00000000000009,true,
t12_t12_safety_seed101,t12_t12_safety_seed101-episode-000002,5,6,11.618,10.158,10.174,10.196,10.216,10.716,0,0.4499999999999993,true,,0.6254176462398638,0.2823235251261258,0.0038732449411604357,0.0044472351792672615,30.0,0.0,600.0,0.0,0.0,"[-0.2987672686576843,1.0,-0.22475409507751465,-1.0,-0.17049753665924072]","[0.17527270317077637,0.19894909858703613,-0.17306828498840332,-0.263618528842926,0.07931482791900635]","[-0.12349456548690796,1.0,-0.39782238006591797,-1.0,-0.09118270874023438]","{""acc_lim_theta"":0.7730709692720823,""acc_lim_x"":0.8,""inflation_dist"":0.552791927863293,""max_vel_theta"":0.9984304440506305,""max_vel_x"":1.2,""min_obstacle_dist"":0.27458621290428076,""weight_obstacle"":50.92063092821566,""weight_optimaltime"":1.0,""weight_viapoint"":1.0}","{""acc_lim_theta"":0.7564871219306045,""acc_lim_x"":0.8,""inflation_dist"":0.5543942377454576,""max_vel_theta"":0.9984304440506305,""max_vel_x"":1.2,""min_obstacle_dist"":0.2745245643450908,""weight_obstacle"":50.49235680133324,""weight_optimaltime"":1.0,""weight_viapoint"":1.0}","{""acc_lim_theta"":0.7564871219306045,""acc_lim_x"":0.8,""inflation_dist"":0.5543942377454576,""max_vel_theta"":0.9984304440506305,""max_vel_x"":1.2,""min_obstacle_dist"":0.2745245643450908,""weight_obstacle"":50.49235680133324,""weight_optimaltime"":1.0,""weight_viapoint"":1.0}","{""acc_lim_theta"":0.7564871219306045,""acc_lim_x"":0.8,""inflation_dist"":0.5543942377454576,""max_vel_theta"":0.9984304440506305,""max_vel_x"":1.2,""min_obstacle_dist"":0.2745245643450908,""weight_obstacle"":50.49235680133324,""weight_optimaltime"":1.0,""weight_viapoint"":1.0}","{""acc_lim_theta"":0.7564871219306045,""acc_lim_x"":0.8,""inflation_dist"":0.5543942377454576,""max_vel_theta"":0.9984304440506305,""max_vel_x"":1.2,""min_obstacle_dist"":0.2745245643450908,""weight_obstacle"":50.49235680133324,""weight_optimaltime"":1.0,""weight_viapoint"":1.0}",false,,false,NORMAL,,false,,11.639728225620274,1.7154706055686901,-0.04499999999999993,-0.0,-0.0037689694115075785,-0.021488438200623086,-0.0,-0.00548497233628586,10.0,0.0,0.0,0.0,0.0,0.0,3.8100590027170256,22.00000000000024,41.999999999999815,true,
t12_t12_safety_seed101,t12_t12_safety_seed101-episode-000003,0,1,13.17,12.618,12.622,12.644,12.666,13.166,0,0.4499999999999993,true,,3.871262819830863,3.414269115585315,0.29011000502121187,0.4857911032947423,30.0,0.0,25.718123593752335,1.1664925666384096,-0.7892270463814336,"[0.0,0.0,0.0,0.0,0.0]","[0.21314942836761475,0.044950246810913086,0.01782834529876709,-0.0058830976486206055,-0.02099686861038208]","[0.21314942836761475,0.044950246810913086,0.01782834529876709,-0.0058830976486206055,-0.02099686861038208]","{""acc_lim_theta"":0.8,""acc_lim_x"":0.8,""inflation_dist"":0.55,""max_vel_theta"":1.0,""max_vel_x"":1.2,""min_obstacle_dist"":0.25,""weight_obstacle"":50.0,""weight_optimaltime"":1.0,""weight_viapoint"":1.0}","{""acc_lim_theta"":0.7918668052573792,""acc_lim_x"":0.8,""inflation_dist"":0.55,""max_vel_theta"":1.0,""max_vel_x"":1.2,""min_obstacle_dist"":0.25151779934586765,""weight_obstacle"":50.11337622242034,""weight_optimaltime"":1.0,""weight_viapoint"":1.0}","{""acc_lim_theta"":0.7918668052573792,""acc_lim_x"":0.8,""inflation_dist"":0.55,""max_vel_theta"":1.0,""max_vel_x"":1.2,""min_obstacle_dist"":0.25151779934586765,""weight_obstacle"":50.11337622242034,""weight_optimaltime"":1.0,""weight_viapoint"":1.0}","{""acc_lim_theta"":0.7918668052573792,""acc_lim_x"":0.8,""inflation_dist"":0.55,""max_vel_theta"":1.0,""max_vel_x"":1.2,""min_obstacle_dist"":0.25151779934586765,""weight_obstacle"":50.11337622242034,""weight_optimaltime"":1.0,""weight_viapoint"":1.0}","{""acc_lim_theta"":0.7918668052573792,""acc_lim_x"":0.8,""inflation_dist"":0.55,""max_vel_theta"":1.0,""max_vel_x"":1.2,""min_obstacle_dist"":0.25151779934586765,""weight_obstacle"":50.11337622242034,""weight_optimaltime"":1.0,""weight_viapoint"":1.0}",false,,false,NORMAL,,false,,2.129102541356847,2.2849685212277393,-0.04499999999999993,-0.0,-0.01730796459957761,-0.09069084440247187,-0.0,-0.0028671708688429625,0.0,0.0,0.0,0.0,0.0,0.0,2.0148330077063292,22.00000000000024,44.00000000000048,true,
t12_t12_safety_seed101,t12_t12_safety_seed101-episode-000003,1,2,13.766,13.166,13.172,13.202,13.264,13.764,0,0.4499999999999993,true,,3.255989663629707,2.7583310130447605,0.05704898969046755,0.7232212237359262,30.0,0.0,26.30368415601416,1.1405246436986547,0.06428035148885504,"[0.21314942836761475,0.044950246810913086,0.01782834529876709,-0.0058830976486206055,-0.02099686861038208]","[0.13414502143859863,0.15741229057312012,0.005540609359741211,0.0053408145904541016,0.06193256378173828]","[0.3472944498062134,0.2023625373840332,0.0233689546585083,-0.0005422830581665039,0.0409356951713562]","{""acc_lim_theta"":0.7918668052573792,""acc_lim_x"":0.8,""inflation_dist"":0.55,""max_vel_theta"":1.0,""max_vel_x"":1.2,""min_obstacle_dist"":0.25151779934586765,""weight_obstacle"":50.11337622242034,""weight_optimaltime"":1.0,""weight_viapoint"":1.0}","{""acc_lim_theta"":0.7844619102719768,""acc_lim_x"":0.8,""inflation_dist"":0.55,""max_vel_theta"":1.0,""max_vel_x"":1.1987835143777363,""min_obstacle_dist"":0.255302316177599,""weight_obstacle"":50.0,""weight_optimaltime"":1.0,""weight_viapoint"":1.0}","{""acc_lim_theta"":0.7844619102719768,""acc_lim_x"":0.8,""inflation_dist"":0.55,""max_vel_theta"":0.998986261981447,""max_vel_x"":1.1987835143777363,""min_obstacle_dist"":0.255302316177599,""weight_obstacle"":50.0,""weight_optimaltime"":1.0,""weight_viapoint"":1.0}","{""acc_lim_theta"":0.7844619102719768,""acc_lim_x"":0.8,""inflation_dist"":0.55,""max_vel_theta"":0.998986261981447,""max_vel_x"":1.1987835143777363,""min_obstacle_dist"":0.255302316177599,""weight_obstacle"":50.0,""weight_optimaltime"":1.0,""weight_viapoint"":1.0}","{""acc_lim_theta"":0.7844619102719768,""acc_lim_x"":0.8,""inflation_dist"":0.55,""max_vel_theta"":0.998986261981447,""max_vel_x"":1.1987835143777363,""min_obstacle_dist"":0.255302316177599,""weight_obstacle"":50.0,""weight_optimaltime"":1.0,""weight_viapoint"":1.0}",true,max_vel_theta:ackermann_turning_radius,false,NORMAL,,false,,2.390585076146288,2.4882932529247337,-0.04499999999999993,-0.0,-0.03356021805570121,-0.01515068059143924,-0.0,-0.003997278131305035,0.0,0.0,0.0,1.0,0.0,0.0,1.2676360056502745,29.99999999999936,91.99999999999875,true,
t12_t12_safety_seed101,t12_t12_safety_seed101-episode-000003,2,3,14.364,13.762,13.768,13.79,13.86,14.36,0,0.4499999999999993,true,,2.573664212183951,2.064953931367607,0.13068023513771487,0.6083746071841437,30.0,0.0,25.698902951544632,1.1673650060691345,0.1470519362864501,"[0.3472944498062134,0.2023625373840332,0.0233689546585083,-0.0005422830581665039,0.0409356951713562]","[0.02945256233215332,0.20876574516296387,-0.11865657567977905,-0.03614509105682373,0.039539217948913574]","[0.3767470121383667,0.41112828254699707,-0.09528762102127075,-0.036687374114990234,0.08047491312026978]","{""acc_lim_theta"":0.7844619102719768,""acc_lim_x"":0.8,""inflation_dist"":0.55,""max_vel_theta"":0.998986261981447,""max_vel_x"":1.1987835143777363,""min_obstacle_dist"":0.255302316177599,""weight_obstacle"":50.0,""weight_optimaltime"":1.0,""weight_viapoint"":1.0}","{""acc_lim_theta"":0.7810063422774762,""acc_lim_x"":0.8,""inflation_dist"":0.5510985525384288,""max_vel_theta"":0.998986261981447,""max_vel_x"":1.1978747687289644,""min_obstacle_dist"":0.256931327207103,""weight_obstacle"":50.0,""weight_optimaltime"":1.0,""weight_viapoint"":1.0}","{""acc_lim_theta"":0.7810063422774762,""acc_lim_x"":0.8,""inflation_dist"":0.5510985525384288,""max_vel_theta"":0.9982289739408037,""max_vel_x"":1.1978747687289644,""min_obstacle_dist"":0.256931327207103,""weight_obstacle"":50.0,""weight_optimaltime"":1.0,""weight_viapoint"":1.0}","{""acc_lim_theta"":0.7810063422774762,""acc_lim_x"":0.8,""inflation_dist"":0.5510985525384288,""max_vel_theta"":0.9982289739408037,""max_vel_x"":1.1978747687289644,""min_obstacle_dist"":0.256931327207103,""weight_obstacle"":50.0,""weight_optimaltime"":1.0,""weight_viapoint"":1.0}","{""acc_lim_theta"":0.7810063422774762,""acc_lim_x"":0.8,""inflation_dist"":0.5510985525384288,""max_vel_theta"":0.9982289739408037,""max_vel_x"":1.1978747687289644,""min_obstacle_dist"":0.256931327207103,""weight_obstacle"":50.0,""weight_optimaltime"":1.0,""weight_viapoint"":1.0}",true,max_vel_theta:ackermann_turning_radius,false,NORMAL,,false,,2.492656844497698,2.5435514040817186,-0.04499999999999993,-0.0,-0.003668425220470731,-9.385058302889948e-05,-0.0,-0.002132283780520828,0.0,0.0,0.0,1.0,0.0,0.0,0.7482069922843948,21.999999999998465,91.99999999999875,true,
t12_t12_safety_seed101,t12_t12_safety_seed101-episode-000003,3,4,15.01,14.36,14.366,14.388,14.46,14.96,0,0.5,true,,1.8822384791559637,1.3207766696784053,0.1912995745130887,0.639441635907285,30.0,0.0,25.721747842381454,1.1663282053706052,-0.23122410742123845,"[0.3767470121383667,0.41112828254699707,-0.09528762102127075,-0.036687374114990234,0.08047491312026978]","[-0.0063288211822509766,0.09983623027801514,-0.09769940376281738,-0.019945800304412842,0.052736759185791016]","[0.3704181909561157,0.5109645128250122,-0.19298702478408813,-0.056633174419403076,0.1332116723060608]","{""acc_lim_theta"":0.7810063422774762,""acc_lim_x"":0.8,""inflation_dist"":0.5510985525384288,""max_vel_theta"":0.9982289739408037,""max_vel_x"":1.1978747687289644,""min_obstacle_dist"":0.256931327207103,""weight_obstacle"":50.0,""weight_optimaltime"":1.0,""weight_viapoint"":1.0}","{""acc_lim_theta"":0.778983253720899,""acc_lim_x"":0.8,""inflation_dist"":0.5520030782875643,""max_vel_theta"":0.9982289739408037,""max_vel_x"":1.1951546429763,""min_obstacle_dist"":0.25660845534576177,""weight_obstacle"":50.0,""weight_optimaltime"":1.0,""weight_viapoint"":1.0}","{""acc_lim_theta"":0.778983253720899,""acc_lim_x"":0.8,""inflation_dist"":0.5520030782875643,""max_vel_theta"":0.99596220248025,""max_vel_x"":1.1951546429763,""min_obstacle_dist"":0.25660845534576177,""weight_obstacle"":50.0,""weight_optimaltime"":1.0,""weight_viapoint"":1.0}","{""acc_lim_theta"":0.778983253720899,""acc_lim_x"":0.8,""inflation_dist"":0.5520030782875643,""max_vel_theta"":0.99596220248025,""max_vel_x"":1.1951546429763,""min_obstacle_dist"":0.25660845534576177,""weight_obstacle"":50.0,""weight_optimaltime"":1.0,""weight_viapoint"":1.0}","{""acc_lim_theta"":0.778983253720899,""acc_lim_x"":0.8,""inflation_dist"":0.5520030782875643,""max_vel_theta"":0.99596220248025,""max_vel_x"":1.1951546429763,""min_obstacle_dist"":0.25660845534576177,""weight_obstacle"":50.0,""weight_optimaltime"":1.0,""weight_viapoint"":1.0}",true,max_vel_theta:ackermann_turning_radius,false,NORMAL,,false,,2.7446526493690264,2.8073090473877915,-0.05,-0.0,-0.010831093617045437,-2.5239005493191473e-05,-0.0,-0.0018000653962266877,0.0,0.0,0.0,1.0,0.0,0.0,1.4486360014416277,22.00000000000024,94.0000000000012,true,
t12_t12_safety_seed101,t12_t12_safety_seed101-episode-000003,4,5,15.61,15.002,15.016,15.048,15.06,15.56,0,0.5,true,,1.2089520714591095,0.6785170182183881,0.10026861246289498,0.8848884787615361,30.0,0.0,30.123637338745468,0.9958956703217761,-0.5746449233882215,"[0.3704181909561157,0.5109645128250122,-0.19298702478408813,-0.056633174419403076,0.1332116723060608]","[0.15724897384643555,0.09069299697875977,-0.17548084259033203,-0.07985794544219971,0.025406599044799805]","[0.5276671648025513,0.601657509803772,-0.36846786737442017,-0.13649111986160278,0.1586182713508606]","{""acc_lim_theta"":0.778983253720899,""acc_lim_x"":0.8,""inflation_dist"":0.5520030782875643,""max_vel_theta"":0.99596220248025,""max_vel_x"":1.1951546429763,""min_obstacle_dist"":0.25660845534576177,""weight_obstacle"":50.0,""weight_optimaltime"":1.0,""weight_viapoint"":1.0}","{""acc_lim_theta"":0.7696690906844861,""acc_lim_x"":0.8,""inflation_dist"":0.5536277242371784,""max_vel_theta"":0.99596220248025,""max_vel_x"":1.1984692972314814,""min_obstacle_dist"":0.25398171536773945,""weight_obstacle"":50.0,""weight_optimaltime"":1.0,""weight_viapoint"":1.0}","{""acc_lim_theta"":0.7696690906844861,""acc_lim_x"":0.8,""inflation_dist"":0.5536277242371784,""max_vel_theta"":0.99596220248025,""max_vel_x"":1.1984692972314814,""min_obstacle_dist"":0.25398171536773945,""weight_obstacle"":50.0,""weight_optimaltime"":1.0,""weight_viapoint"":1.0}","{""acc_lim_theta"":0.7696690906844861,""acc_lim_x"":0.8,""inflation_dist"":0.5536277242371784,""max_vel_theta"":0.99596220248025,""max_vel_x"":1.1984692972314814,""min_obstacle_dist"":0.25398171536773945,""weight_obstacle"":50.0,""weight_optimaltime"":1.0,""weight_viapoint"":1.0}","{""acc_lim_theta"":0.7696690906844861,""acc_lim_x"":0.8,""inflation_dist"":0.5536277242371784,""max_vel_theta"":0.99596220248025,""max_vel_x"":1.1984692972314814,""min_obstacle_dist"":0.25398171536773945,""weight_obstacle"":50.0,""weight_optimaltime"":1.0,""weight_viapoint"":1.0}",false,,false,NORMAL,,false,,2.560943202790687,2.6521752662036073,-0.05,-0.0,-0.02624910756294599,-0.010587092166766319,-0.0,-0.004395863683208335,0.0,0.0,0.0,0.0,0.0,0.0,3.7941699993098155,32.00000000000003,44.00000000000048,true,
t12_t12_safety_seed101,t12_t12_safety_seed101-episode-000003,5,6,17.06,15.598,15.614,15.638,15.658,16.158,0,0.4499999999999993,true,,0.581720936735024,0.2581734641777013,0.006149621818904001,0.004489383973201422,30.0,0.0,600.0,0.0,0.0,"[0.5276671648025513,0.601657509803772,-0.36846786737442017,-0.13649111986160278,0.1586182713508606]","[0.2543191909790039,0.08164823055267334,-0.2747466564178467,-0.04289424419403076,-0.0023151636123657227]","[0.7819863557815552,0.6833057403564453,-0.6432145237922668,-0.17938536405563354,0.15630310773849487]","{""acc_lim_theta"":0.7696690906844861,""acc_lim_x"":0.8,""inflation_dist"":0.5536277242371784,""max_vel_theta"":0.99596220248025,""max_vel_x"":1.1984692972314814,""min_obstacle_dist"":0.25398171536773945,""weight_obstacle"":50.0,""weight_optimaltime"":1.0,""weight_viapoint"":1.0}","{""acc_lim_theta"":0.7582797372380015,""acc_lim_x"":0.8,""inflation_dist"":0.5561713981558256,""max_vel_theta"":0.99596220248025,""max_vel_x"":1.2,""min_obstacle_dist"":0.25,""weight_obstacle"":50.012501126216755,""weight_optimaltime"":1.0,""weight_viapoint"":1.0}","{""acc_lim_theta"":0.7582797372380015,""acc_lim_x"":0.8,""inflation_dist"":0.5561713981558256,""max_vel_theta"":0.99596220248025,""max_vel_x"":1.2,""min_obstacle_dist"":0.25,""weight_obstacle"":50.012501126216755,""weight_optimaltime"":1.0,""weight_viapoint"":1.0}","{""acc_lim_theta"":0.7582797372380015,""acc_lim_x"":0.8,""inflation_dist"":0.5561713981558256,""max_vel_theta"":0.99596220248025,""max_vel_x"":1.2,""min_obstacle_dist"":0.25,""weight_obstacle"":50.012501126216755,""weight_optimaltime"":1.0,""weight_viapoint"":1.0}","{""acc_lim_theta"":0.7582797372380015,""acc_lim_x"":0.8,""inflation_dist"":0.5561713981558256,""max_vel_theta"":0.99596220248025,""max_vel_x"":1.2,""min_obstacle_dist"":0.25,""weight_obstacle"":50.012501126216755,""weight_optimaltime"":1.0,""weight_viapoint"":1.0}",false,,false,NORMAL,,false,,11.527327365077735,1.6177373627866134,-0.04499999999999993,-0.0,-0.006480657891678938,-0.03348243195120577,-0.0,-0.005446907865993201,10.0,0.0,0.0,0.0,0.0,0.0,2.002264009206556,23.999999999999133,43.99999999999871,true,
t12_t12_safety_seed101,t12_t12_safety_seed101-episode-000004,0,1,18.6,18.058,18.062,18.09,18.096,18.596,0,0.4499999999999993,true,,5.084253455692881,4.959552161608295,0.08577714944658386,0.14022923617013108,1.5731744903859104,0.0,8.580402401821745,0.1833450713281119,-0.1459497940216873,"[0.0,0.0,0.0,0.0,0.0]","[0.23397517204284668,-0.4644181728363037,0.015470385551452637,0.1550811529159546,-0.07534939050674438]","[0.23397517204284668,-0.4644181728363037,0.015470385551452637,0.1550811529159546,-0.07534939050674438]","{""acc_lim_theta"":0.8,""acc_lim_x"":0.8,""inflation_dist"":0.55,""max_vel_theta"":1.0,""max_vel_x"":1.2,""min_obstacle_dist"":0.25,""weight_obstacle"":50.0,""weight_optimaltime"":1.0,""weight_viapoint"":1.0}","{""acc_lim_theta"":0.7969817472277159,""acc_lim_x"":0.7835187830346172,""inflation_dist"":0.55,""max_vel_theta"":1.0,""max_vel_x"":1.2,""min_obstacle_dist"":0.25,""weight_obstacle"":50.40686206195078,""weight_optimaltime"":0.9535581827163696,""weight_viapoint"":1.0}","{""acc_lim_theta"":0.7969817472277159,""acc_lim_x"":0.7835187830346172,""inflation_dist"":0.55,""max_vel_theta"":1.0,""max_vel_x"":1.2,""min_obstacle_dist"":0.25,""weight_obstacle"":50.40686206195078,""weight_optimaltime"":0.9535581827163696,""weight_viapoint"":1.0}","{""acc_lim_theta"":0.7969817472277159,""acc_lim_x"":0.7835187830346172,""inflation_dist"":0.55,""max_vel_theta"":1.0,""max_vel_x"":1.2,""min_obstacle_dist"":0.25,""weight_obstacle"":50.40686206195078,""weight_optimaltime"":0.9535581827163696,""weight_viapoint"":1.0}","{""acc_lim_theta"":0.7969817472277159,""acc_lim_x"":0.7835187830346172,""inflation_dist"":0.55,""max_vel_theta"":1.0,""max_vel_x"":1.2,""min_obstacle_dist"":0.25,""weight_obstacle"":50.40686206195078,""weight_optimaltime"":0.9535581827163696,""weight_viapoint"":1.0}",false,,false,NORMAL,,false,,0.5527582985267899,0.6235064704229298,-0.04499999999999993,-0.0,-0.002212170725783811,-0.008559046155311823,-0.0,-0.014976955015044403,0.0,0.0,0.0,0.0,0.0,0.0,2.447118007694371,27.999999999998693,33.99999999999892,true,
t12_t12_safety_seed101,t12_t12_safety_seed101-episode-000004,1,2,19.254,18.598,18.602,18.628,18.704,19.204,0,0.5,true,,4.929626946228681,4.605013368217292,0.06655832899904973,0.45877815156400775,1.141294975049456,1.0,1.538920815986945,0.7416203375724161,-0.5875759491836692,"[0.23397517204284668,-0.4644181728363037,0.015470385551452637,0.1550811529159546,-0.07534939050674438]","[0.26060473918914795,-0.35191333293914795,-0.07249277830123901,0.10045433044433594,0.04538381099700928]","[0.49457991123199463,-0.8163315057754517,-0.05702239274978638,0.2555354833602905,-0.029965579509735107]","{""acc_lim_theta"":0.7969817472277159,""acc_lim_x"":0.7835187830346172,""inflation_dist"":0.55,""max_vel_theta"":1.0,""max_vel_x"":1.2,""min_obstacle_dist"":0.25,""weight_obstacle"":50.40686206195078,""weight_optimaltime"":0.9535581827163696,""weight_viapoint"":1.0}","{""acc_lim_theta"":0.7874257429569623,""acc_lim_x"":0.771949003430666,""inflation_dist"":0.5506711564459394,""max_vel_theta"":1.0,""max_vel_x"":1.1999012202369492,""min_obstacle_dist"":0.25,""weight_obstacle"":50.161804327611506,""weight_optimaltime"":0.9183668494224548,""weight_viapoint"":1.0}","{""acc_lim_theta"":0.7874257429569623,""acc_lim_x"":0.771949003430666,""inflation_dist"":0.5506711564459394,""max_vel_theta"":0.999917683530791,""max_vel_x"":1.1999012202369492,""min_obstacle_dist"":0.25,""weight_obstacle"":50.161804327611506,""weight_optimaltime"":0.9183668494224548,""weight_viapoint"":1.0}","{""acc_lim_theta"":0.7874257429569623,""acc_lim_x"":0.771949003430666,""inflation_dist"":0.5506711564459394,""max_vel_theta"":0.999917683530791,""max_vel_x"":1.1999012202369492,""min_obstacle_dist"":0.25,""weight_obstacle"":50.161804327611506,""weight_optimaltime"":0.9183668494224548,""weight_viapoint"":1.0}","{""acc_lim_theta"":0.7874257429569623,""acc_lim_x"":0.771949003430666,""inflation_dist"":0.5506711564459394,""max_vel_theta"":0.999917683530791,""max_vel_x"":1.1999012202369492,""min_obstacle_dist"":0.25,""weight_obstacle"":50.161804327611506,""weight_optimaltime"":0.9183668494224548,""weight_viapoint"":1.0}",true,max_vel_theta:ackermann_turning_radius,false,NORMAL,,false,,1.3739401594381804,1.6230678900569462,-0.05,-0.0,-0.003999255903849046,-0.18209396104654124,-0.0,-0.013034513668375398,0.0,0.0,0.0,1.0,0.0,0.0,1.3657200033776462,25.9999999999998,102.00000000000031,true,
t12_t12_safety_seed101,t12_t12_safety_seed101-episode-000004,2,3,19.794,19.238,19.258,19.282,19.292,19.792,0,0.4499999999999993,true,,4.551997581953537,4.204433341583429,0.06645877895281205,0.6720664341362308,0.7082619901002434,1.0,0.801217927068098,0.8839817060659028,-0.2559789564538482,"[0.49457991123199463,-0.8163315057754517,-0.05702239274978638,0.2555354833602905,-0.029965579509735107]","[0.163995623588562,-0.07983464002609253,-0.07084673643112183,-0.03985285758972168,0.1655571460723877]","[0.6585755348205566,-0.8961661458015442,-0.1278691291809082,0.21568262577056885,0.1355915665626526]","{""acc_lim_theta"":0.7874257429569623,""acc_lim_x"":0.771949003430666,""inflation_dist"":0.5506711564459394,""max_vel_theta"":0.999917683530791,""max_vel_x"":1.1999012202369492,""min_obstacle_dist"":0.25,""weight_obstacle"":50.161804327611506,""weight_optimaltime"":0.9183668494224548,""weight_viapoint"":1.0}","{""acc_lim_theta"":0.7741680517581511,""acc_lim_x"":0.772726023922945,""inflation_dist"":0.5513270734206197,""max_vel_theta"":0.999917683530791,""max_vel_x"":1.1942692150057885,""min_obstacle_dist"":0.25,""weight_obstacle"":50.0,""weight_optimaltime"":0.9103833854198455,""weight_viapoint"":1.0}","{""acc_lim_theta"":0.7741680517581511,""acc_lim_x"":0.772726023922945,""inflation_dist"":0.5513270734206197,""max_vel_theta"":0.9952243458381571,""max_vel_x"":1.1942692150057885,""min_obstacle_dist"":0.25,""weight_obstacle"":50.0,""weight_optimaltime"":0.9103833854198455,""weight_viapoint"":1.0}","{""acc_lim_theta"":0.7741680517581511,""acc_lim_x"":0.772726023922945,""inflation_dist"":0.5513270734206197,""max_vel_theta"":0.9952243458381571,""max_vel_x"":1.1942692150057885,""min_obstacle_dist"":0.25,""weight_obstacle"":50.161804327611506,""weight_optimaltime"":0.9103833854198455,""weight_viapoint"":1.0}","{""acc_lim_theta"":0.7741680517581511,""acc_lim_x"":0.772726023922945,""inflation_dist"":0.5513270734206197,""max_vel_theta"":0.9952243458381571,""max_vel_x"":1.1942692150057885,""min_obstacle_dist"":0.25,""weight_obstacle"":50.161804327611506,""weight_optimaltime"":0.9103833854198455,""weight_viapoint"":1.0}",true,max_vel_theta:ackermann_turning_radius,true,WARNING,margin:warning|safety_mode:WARNING:conservative_filter,false,,1.6291449403562912,1.7378212018505401,-0.04499999999999993,-0.0,-0.002691663458394459,-0.05381448738559791,-0.0,-0.00717011065025664,0.0,0.0,0.0,1.0,0.0,0.0,1.5610130067216232,24.00000000000091,34.00000000000247,true,
t12_t12_safety_seed101,t12_t12_safety_seed101-episode-000004,3,4,20.446,19.778,19.796,19.826,19.896,20.396,0,0.5,true,,4.108069625273421,3.720058280783264,0.044528517868628305,0.6489893577615051,0.413696305219615,1.0,0.3554677196600161,1.1638083638516912,0.23204846313098987,"[0.6585755348205566,-0.8961661458015442,-0.1278691291809082,0.21568262577056885,0.1355915665626526]","[0.38914787769317627,-0.1294553279876709,-0.06254041194915771,-0.09505009651184082,0.1847209930419922]","[1.0,-1.0,-0.19040954113006592,0.12063252925872803,0.3203125596046448]","{""acc_lim_theta"":0.7741680517581511,""acc_lim_x"":0.772726023922945,""inflation_dist"":0.5513270734206197,""max_vel_theta"":0.9952243458381571,""max_vel_x"":1.1942692150057885,""min_obstacle_dist"":0.25,""weight_obstacle"":50.161804327611506,""weight_optimaltime"":0.9103833854198455,""weight_viapoint"":1.0}","{""acc_lim_theta"":0.749672984282691,""acc_lim_x"":0.7779274384223358,""inflation_dist"":0.551906088345899,""max_vel_theta"":0.9952243458381571,""max_vel_x"":1.1930112235138803,""min_obstacle_dist"":0.25,""weight_obstacle"":50.0,""weight_optimaltime"":0.8974378526210784,""weight_viapoint"":1.0}","{""acc_lim_theta"":0.749672984282691,""acc_lim_x"":0.7779274384223358,""inflation_dist"":0.551906088345899,""max_vel_theta"":0.9941760195949003,""max_vel_x"":1.1930112235138803,""min_obstacle_dist"":0.25,""weight_obstacle"":50.0,""weight_optimaltime"":0.8974378526210784,""weight_viapoint"":1.0}","{""acc_lim_theta"":0.749672984282691,""acc_lim_x"":0.7779274384223358,""inflation_dist"":0.551906088345899,""max_vel_theta"":0.9941760195949003,""max_vel_x"":1.1930112235138803,""min_obstacle_dist"":0.25,""weight_obstacle"":50.161804327611506,""weight_optimaltime"":0.8974378526210784,""weight_viapoint"":1.0}","{""acc_lim_theta"":0.749672984282691,""acc_lim_x"":0.7779274384223358,""inflation_dist"":0.551906088345899,""max_vel_theta"":0.9941760195949003,""max_vel_x"":1.1930112235138803,""min_obstacle_dist"":0.25,""weight_obstacle"":50.161804327611506,""weight_optimaltime"":0.8974378526210784,""weight_viapoint"":1.0}",true,max_vel_theta:ackermann_turning_radius,true,WARNING,margin:warning|safety_mode:WARNING:conservative_filter,false,,1.8263592736963643,1.9400567224507848,-0.05,-0.018213807681816446,-0.00039144151613453937,-0.034494209169906594,-0.0,-0.010597990386562957,0.0,0.0,0.0,1.0,0.0,0.0,1.5178000030573457,30.000000000001137,100.00000000000142,true,
t12_t12_safety_seed101,t12_t12_safety_seed101-episode-000004,4,5,21.044,20.442,20.448,20.47,20.494,20.994,0,0.5,true,,3.644972785053396,3.267179512995562,0.046660681990009285,0.4428172952325133,0.3376656407378614,1.0,0.29562708594945003,1.1604904232681705,0.5043388865474083,"[1.0,-1.0,-0.19040954113006592,0.12063252925872803,0.3203125596046448]","[0.3305302858352661,0.25420331954956055,-0.002977728843688965,0.05083584785461426,0.019504308700561523]","[1.0,-0.7457966804504395,-0.19338726997375488,0.17146837711334229,0.3398168683052063]","{""acc_lim_theta"":0.749672984282691,""acc_lim_x"":0.7779274384223358,""inflation_dist"":0.551906088345899,""max_vel_theta"":0.9941760195949003,""max_vel_x"":1.1930112235138803,""min_obstacle_dist"":0.25,""weight_obstacle"":50.161804327611506,""weight_optimaltime"":0.8974378526210784,""weight_viapoint"":1.0}","{""acc_lim_theta"":0.7368583828256035,""acc_lim_x"":0.789698234022473,""inflation_dist"":0.5519336569114105,""max_vel_theta"":0.9941760195949003,""max_vel_x"":1.1968741965275604,""min_obstacle_dist"":0.255790726611716,""weight_obstacle"":50.05648744048785,""weight_optimaltime"":0.9228581845760345,""weight_viapoint"":1.0}","{""acc_lim_theta"":0.7368583828256035,""acc_lim_x"":0.789698234022473,""inflation_dist"":0.5519336569114105,""max_vel_theta"":0.9941760195949003,""max_vel_x"":1.1968741965275604,""min_obstacle_dist"":0.255790726611716,""weight_obstacle"":50.05648744048785,""weight_optimaltime"":0.9228581845760345,""weight_viapoint"":1.0}","{""acc_lim_theta"":0.7368583828256035,""acc_lim_x"":0.789698234022473,""inflation_dist"":0.5519336569114105,""max_vel_theta"":0.9941760195949003,""max_vel_x"":1.1930112235138803,""min_obstacle_dist"":0.255790726611716,""weight_obstacle"":50.161804327611506,""weight_optimaltime"":0.9228581845760345,""weight_viapoint"":1.0}","{""acc_lim_theta"":0.7368583828256035,""acc_lim_x"":0.789698234022473,""inflation_dist"":0.5519336569114105,""max_vel_theta"":0.9941760195949003,""max_vel_x"":1.1930112235138803,""min_obstacle_dist"":0.255790726611716,""weight_obstacle"":50.161804327611506,""weight_optimaltime"":0.9228581845760345,""weight_viapoint"":1.0}",false,,true,WARNING,margin:warning|safety_mode:WARNING:conservative_filter,false,,1.658799585589367,1.8889663602891704,-0.05,-0.16546785119211666,-0.0009605682777948209,-0.0001837721969050067,-0.0,-0.013554583032987061,0.0,0.0,0.0,0.0,0.0,0.0,1.1108559992862865,21.999999999998465,45.999999999999375,true,
t12_t12_safety_seed101,t12_t12_safety_seed101-episode-000004,5,6,21.646,21.038,21.046,21.074,21.096,21.596,0,0.5,true,,3.188184299799144,2.7530474719107767,0.20730584227702062,0.04263945164785437,0.3376656407378614,1.0,0.43842843552141514,1.158823001129214,0.8324604919757507,"[1.0,-0.7457966804504395,-0.19338726997375488,0.17146837711334229,0.3398168683052063]","[0.3983880281448364,0.41531991958618164,-0.19782251119613647,-0.35140693187713623,-0.22542178630828857]","[1.0,-0.3304767608642578,-0.39120978116989136,-0.17993855476379395,0.11439508199691772]","{""acc_lim_theta"":0.7368583828256035,""acc_lim_x"":0.789698234022473,""inflation_dist"":0.5519336569114105,""max_vel_theta"":0.9941760195949003,""max_vel_x"":1.1930112235138803,""min_obstacle_dist"":0.255790726611716,""weight_obstacle"":50.161804327611506,""weight_optimaltime"":0.9228581845760345,""weight_viapoint"":1.0}","{""acc_lim_theta"":0.7191389595079574,""acc_lim_x"":0.8,""inflation_dist"":0.5537651476702484,""max_vel_theta"":0.9941760195949003,""max_vel_x"":1.2,""min_obstacle_dist"":0.26006016540347154,""weight_obstacle"":51.37900823820996,""weight_optimaltime"":0.9643901765346528,""weight_viapoint"":1.0}","{""acc_lim_theta"":0.7191389595079574,""acc_lim_x"":0.8,""inflation_dist"":0.5537651476702484,""max_vel_theta"":0.9941760195949003,""max_vel_x"":1.2,""min_obstacle_dist"":0.26006016540347154,""weight_obstacle"":51.37900823820996,""weight_optimaltime"":0.9643901765346528,""weight_viapoint"":1.0}","{""acc_lim_theta"":0.7191389595079574,""acc_lim_x"":0.8,""inflation_dist"":0.5537651476702484,""max_vel_theta"":0.9941760195949003,""max_vel_x"":1.1930112235138803,""min_obstacle_dist"":0.26006016540347154,""weight_obstacle"":51.37900823820996,""weight_optimaltime"":0.9643901765346528,""weight_viapoint"":1.0}","{""acc_lim_theta"":0.7191389595079574,""acc_lim_x"":0.8,""inflation_dist"":0.5537651476702484,""max_vel_theta"":0.9941760195949003,""max_vel_x"":1.1930112235138803,""min_obstacle_dist"":0.26006016540347154,""weight_obstacle"":51.37900823820996,""weight_optimaltime"":0.9643901765346528,""weight_viapoint"":1.0}",false,,true,WARNING,margin:warning|emergency:confirmation_pending|safety_mode:WARNING:conservative_filter,false,,2.005689610265022,2.175684139441836,-0.05,-0.0908984383030406,-0.00909248156419571,-2.644718220802196e-05,-0.0,-0.019977162127369774,0.0,0.0,0.0,0.0,0.0,0.0,1.248568994924426,28.000000000002245,50.00000000000071,true,
t12_t12_safety_seed101,t12_t12_safety_seed101-episode-000004,6,7,22.244,21.638,21.65,21.68,21.694,22.194,0,0.5,true,,2.656262484535876,2.1428018557617596,0.02978116016960922,0.4635878998494429,0.3376656407378614,1.0,0.45118758118808894,0.929490215019406,0.720212371239019,"[1.0,-0.3304767608642578,-0.39120978116989136,-0.17993855476379395,0.11439508199691772]","[0.3767070770263672,0.4018409252166748,-0.12899231910705566,-0.1504281759262085,-0.280481219291687]","[1.0,0.07136416435241699,-0.520202100276947,-0.33036673069000244,-0.1660861372947693]","{""acc_lim_theta"":0.7191389595079574,""acc_lim_x"":0.8,""inflation_dist"":0.5537651476702484,""max_vel_theta"":0.9941760195949003,""max_vel_x"":1.1930112235138803,""min_obstacle_dist"":0.26006016540347154,""weight_obstacle"":51.37900823820996,""weight_optimaltime"":0.9643901765346528,""weight_viapoint"":1.0}","{""acc_lim_theta"":0.7093198647541716,""acc_lim_x"":0.8,""inflation_dist"":0.5549593911311022,""max_vel_theta"":0.9941760195949003,""max_vel_x"":1.2,""min_obstacle_dist"":0.26587017778048505,""weight_obstacle"":52.89351507697824,""weight_optimaltime"":1.0,""weight_viapoint"":1.0}","{""acc_lim_theta"":0.7093198647541716,""acc_lim_x"":0.8,""inflation_dist"":0.5549593911311022,""max_vel_theta"":0.9941760195949003,""max_vel_x"":1.2,""min_obstacle_dist"":0.26587017778048505,""weight_obstacle"":52.89351507697824,""weight_optimaltime"":1.0,""weight_viapoint"":1.0}","{""acc_lim_theta"":0.7093198647541716,""acc_lim_x"":0.8,""inflation_dist"":0.5549593911311022,""max_vel_theta"":0.9941760195949003,""max_vel_x"":1.1930112235138803,""min_obstacle_dist"":0.26587017778048505,""weight_obstacle"":52.89351507697824,""weight_optimaltime"":1.0,""weight_viapoint"":1.0}","{""acc_lim_theta"":0.7093198647541716,""acc_lim_x"":0.8,""inflation_dist"":0.5549593911311022,""max_vel_theta"":0.9941760195949003,""max_vel_x"":1.1930112235138803,""min_obstacle_dist"":0.26587017778048505,""weight_obstacle"":52.89351507697824,""weight_optimaltime"":1.0,""weight_viapoint"":1.0}",false,,true,WARNING,margin:warning|safety_mode:WARNING:conservative_filter,false,,2.4351927449507085,2.567303143870583,-0.05,-0.04567984177063765,-0.010931709238911973,-0.010227878483080384,-0.0,-0.015270969427244619,0.0,0.0,0.0,0.0,0.0,0.0,1.9680989935295656,30.000000000001137,44.00000000000048,true,
t12_t12_safety_seed101,t12_t12_safety_seed101-episode-000004,7,8,22.844,22.238,22.248,22.276,22.294,22.794,0,0.5,true,,2.0512897130894263,1.6386297775446907,0.017292675574992613,0.7853447422762784,0.3376656407378614,1.0,0.542989483857805,0.6371418714962502,0.3962307774291905,"[1.0,0.07136416435241699,-0.520202100276947,-0.33036673069000244,-0.1660861372947693]","[0.6297945976257324,0.10377621650695801,-0.03921222686767578,0.15932214260101318,0.21789538860321045]","[1.0,0.175140380859375,-0.5594143271446228,-0.17104458808898926,0.05180925130844116]","{""acc_lim_theta"":0.7093198647541716,""acc_lim_x"":0.8,""inflation_dist"":0.5549593911311022,""max_vel_theta"":0.9941760195949003,""max_vel_x"":1.1930112235138803,""min_obstacle_dist"":0.26587017778048505,""weight_obstacle"":52.89351507697824,""weight_optimaltime"":1.0,""weight_viapoint"":1.0}","{""acc_lim_theta"":0.6804516669909741,""acc_lim_x"":0.8,""inflation_dist"":0.5553224278285304,""max_vel_theta"":0.9941760195949003,""max_vel_x"":1.1884197698916892,""min_obstacle_dist"":0.2672118938447034,""weight_obstacle"":51.71695125210252,""weight_optimaltime"":1.0,""weight_viapoint"":1.0}","{""acc_lim_theta"":0.6804516669909741,""acc_lim_x"":0.8,""inflation_dist"":0.5553224278285304,""max_vel_theta"":0.9903498082430744,""max_vel_x"":1.1884197698916892,""min_obstacle_dist"":0.2672118938447034,""weight_obstacle"":51.71695125210252,""weight_optimaltime"":1.0,""weight_viapoint"":1.0}","{""acc_lim_theta"":0.6804516669909741,""acc_lim_x"":0.8,""inflation_dist"":0.5553224278285304,""max_vel_theta"":0.9903498082430744,""max_vel_x"":1.1884197698916892,""min_obstacle_dist"":0.2672118938447034,""weight_obstacle"":52.89351507697824,""weight_optimaltime"":1.0,""weight_viapoint"":1.0}","{""acc_lim_theta"":0.6804516669909741,""acc_lim_x"":0.8,""inflation_dist"":0.5553224278285304,""max_vel_theta"":0.9903498082430744,""max_vel_x"":1.1884197698916892,""min_obstacle_dist"":0.2672118938447034,""weight_obstacle"":52.89351507697824,""weight_optimaltime"":1.0,""weight_viapoint"":1.0}",true,max_vel_theta:ackermann_turning_radius,true,WARNING,margin:warning|safety_mode:WARNING:conservative_filter,false,,1.7633499071574865,2.063299677723678,-0.05,-0.15167118325361598,-0.0003030923948892369,-0.08858754973977553,-0.0,-0.009387945177910861,0.0,0.0,0.0,1.0,0.0,0.0,1.8162890046369284,27.999999999998693,45.999999999999375,true,
t12_t12_safety_seed101,t12_t12_safety_seed101-episode-000004,8,9,23.392,22.838,22.848,22.88,22.89,23.39,0,0.4499999999999993,true,,1.57566705933724,1.3178849358530516,0.0914601711180427,0.9168561308746211,0.3376656407378614,1.0,0.6433739714809878,0.6292436825216551,0.10238139097315166,"[1.0,0.175140380859375,-0.5594143271446228,-0.17104458808898926,0.05180925130844116]","[0.7639545202255249,-0.18424010276794434,-0.1218792200088501,0.33313536643981934,0.2825136184692383]","[1.0,-0.009099721908569336,-0.6812935471534729,0.16209077835083008,0.33432286977767944]","{""acc_lim_theta"":0.6804516669909741,""acc_lim_x"":0.8,""inflation_dist"":0.5553224278285304,""max_vel_theta"":0.9903498082430744,""max_vel_x"":1.1884197698916892,""min_obstacle_dist"":0.2672118938447034,""weight_obstacle"":52.89351507697824,""weight_optimaltime"":1.0,""weight_viapoint"":1.0}","{""acc_lim_theta"":0.6484227653687733,""acc_lim_x"":0.7929042534730768,""inflation_dist"":0.5564508164218753,""max_vel_theta"":0.9903498082430744,""max_vel_x"":1.1785470490027716,""min_obstacle_dist"":0.2596777041975439,""weight_obstacle"":51.36803394744896,""weight_optimaltime"":0.9815759897232056,""weight_viapoint"":1.0}","{""acc_lim_theta"":0.6484227653687733,""acc_lim_x"":0.7929042534730768,""inflation_dist"":0.5564508164218753,""max_vel_theta"":0.9821225408356431,""max_vel_x"":1.1785470490027716,""min_obstacle_dist"":0.2596777041975439,""weight_obstacle"":51.36803394744896,""weight_optimaltime"":0.9815759897232056,""weight_viapoint"":1.0}","{""acc_lim_theta"":0.6484227653687733,""acc_lim_x"":0.7929042534730768,""inflation_dist"":0.5564508164218753,""max_vel_theta"":0.9821225408356431,""max_vel_x"":1.1785470490027716,""min_obstacle_dist"":0.2672118938447034,""weight_obstacle"":52.89351507697824,""weight_optimaltime"":0.9815759897232056,""weight_viapoint"":1.0}","{""acc_lim_theta"":0.6484227653687733,""acc_lim_x"":0.7929042534730768,""inflation_dist"":0.5564508164218753,""max_vel_theta"":0.9821225408356431,""max_vel_x"":1.1785470490027716,""min_obstacle_dist"":0.2672118938447034,""weight_obstacle"":52.89351507697824,""weight_optimaltime"":0.9815759897232056,""weight_viapoint"":1.0}",true,max_vel_theta:ackermann_turning_radius,true,WARNING,margin:warning|emergency:confirmation_pending|safety_mode:WARNING:conservative_filter,false,,1.0015477191006517,1.288910617420942,-0.04499999999999993,-0.1280611816674361,-0.0013678249848438385,-0.09585462387144207,-0.0,-0.017079267796568126,0.0,0.0,0.0,1.0,0.0,0.0,1.8311740132048726,32.00000000000003,42.00000000000159,true,
t12_t12_safety_seed101,t12_t12_safety_seed101-episode-000004,9,10,24.042,23.39,23.398,23.424,23.492,23.992,0,0.5,true,,1.2236665852194795,0.7852546639781278,0.1014211152511809,0.6522208241456421,0.3376656407378614,1.0,0.49109895963477673,0.976348719823958,-0.7926944580050124,"[1.0,-0.009099721908569336,-0.6812935471534729,0.16209077835083008,0.33432286977767944]","[0.7331528663635254,0.18157625198364258,-0.1508830189704895,0.1921755075454712,0.12267959117889404]","[1.0,0.17247653007507324,-0.8321765661239624,0.35426628589630127,0.4570024609565735]","{""acc_lim_theta"":0.6484227653687733,""acc_lim_x"":0.7929042534730768,""inflation_dist"":0.5564508164218753,""max_vel_theta"":0.9821225408356431,""max_vel_x"":1.1785470490027716,""min_obstacle_dist"":0.2672118938447034,""weight_obstacle"":52.89351507697824,""weight_optimaltime"":0.9815759897232056,""weight_viapoint"":1.0}","{""acc_lim_theta"":0.619379832941683,""acc_lim_x"":0.8,""inflation_dist"":0.5578477295094664,""max_vel_theta"":0.9821225408356431,""max_vel_x"":1.1806577857419898,""min_obstacle_dist"":0.2673459114003758,""weight_obstacle"":52.231085413106484,""weight_optimaltime"":0.9997336149215699,""weight_viapoint"":1.0}","{""acc_lim_theta"":0.619379832941683,""acc_lim_x"":0.8,""inflation_dist"":0.5578477295094664,""max_vel_theta"":0.9821225408356431,""max_vel_x"":1.1806577857419898,""min_obstacle_dist"":0.2673459114003758,""weight_obstacle"":52.231085413106484,""weight_optimaltime"":0.9997336149215699,""weight_viapoint"":1.0}","{""acc_lim_theta"":0.619379832941683,""acc_lim_x"":0.8,""inflation_dist"":0.5578477295094664,""max_vel_theta"":0.9821225408356431,""max_vel_x"":1.1785470490027716,""min_obstacle_dist"":0.2673459114003758,""weight_obstacle"":52.89351507697824,""weight_optimaltime"":0.9997336149215699,""weight_viapoint"":1.0}","{""acc_lim_theta"":0.619379832941683,""acc_lim_x"":0.8,""inflation_dist"":0.5578477295094664,""max_vel_theta"":0.9821225408356431,""max_vel_x"":1.1785470490027716,""min_obstacle_dist"":0.2673459114003758,""weight_obstacle"":52.89351507697824,""weight_optimaltime"":0.9997336149215699,""weight_viapoint"":1.0}",false,,true,WARNING,margin:warning|safety_mode:WARNING:conservative_filter,false,,2.027158895657884,2.192059606206758,-0.05,-0.06386543960639413,-0.013983570120166532,-0.023932780996842193,-0.0,-0.013118919825471215,0.0,0.0,0.0,0.0,0.0,0.0,4.17483999626711,25.9999999999998,94.0000000000012,true,
t12_t12_safety_seed101,t12_t12_safety_seed101-episode-000004,10,11,25.7,24.038,24.046,24.074,24.09,24.59,0,0.5,true,,0.6923101606202365,0.28561805948921654,0.02060163275470559,0.023937166957320673,0.3376656407378614,1.0,26.36543591375152,0.0,0.0,"[1.0,0.17247653007507324,-0.8321765661239624,0.35426628589630127,0.4570024609565735]","[0.8006536960601807,0.16405045986175537,-0.0023618340492248535,0.20138084888458252,-0.02297210693359375]","[1.0,0.3365269899368286,-0.8345384001731873,0.5556471347808838,0.43403035402297974]","{""acc_lim_theta"":0.619379832941683,""acc_lim_x"":0.8,""inflation_dist"":0.5578477295094664,""max_vel_theta"":0.9821225408356431,""max_vel_x"":1.1785470490027716,""min_obstacle_dist"":0.2673459114003758,""weight_obstacle"":52.89351507697824,""weight_optimaltime"":0.9997336149215699,""weight_viapoint"":1.0}","{""acc_lim_theta"":0.5927055044563722,""acc_lim_x"":0.8,""inflation_dist"":0.5578695959654572,""max_vel_theta"":0.9821225408356431,""max_vel_x"":1.1901696332638858,""min_obstacle_dist"":0.2710711224584344,""weight_obstacle"":53.017556940243466,""weight_optimaltime"":1.0,""weight_viapoint"":1.0}","{""acc_lim_theta"":0.5927055044563722,""acc_lim_x"":0.8,""inflation_dist"":0.5578695959654572,""max_vel_theta"":0.9821225408356431,""max_vel_x"":1.1901696332638858,""min_obstacle_dist"":0.2710711224584344,""weight_obstacle"":53.017556940243466,""weight_optimaltime"":1.0,""weight_viapoint"":1.0}","{""acc_lim_theta"":0.5927055044563722,""acc_lim_x"":0.8,""inflation_dist"":0.5578695959654572,""max_vel_theta"":0.9821225408356431,""max_vel_x"":1.1785470490027716,""min_obstacle_dist"":0.2710711224584344,""weight_obstacle"":53.017556940243466,""weight_optimaltime"":1.0,""weight_viapoint"":1.0}","{""acc_lim_theta"":0.5927055044563722,""acc_lim_x"":0.8,""inflation_dist"":0.5578695959654572,""max_vel_theta"":0.9821225408356431,""max_vel_x"":1.1785470490027716,""min_obstacle_dist"":0.2710711224584344,""weight_obstacle"":53.017556940243466,""weight_optimaltime"":1.0,""weight_viapoint"":1.0}",false,,true,WARNING,margin:warning|safety_mode:WARNING:conservative_filter,false,,11.932216412842918,2.0334605056551,-0.05,-0.0008817216250009959,-0.007149987420674212,-0.034746108920884804,-0.0,-0.008466274845622141,10.0,0.0,0.0,0.0,0.0,0.0,2.1567520016105846,28.000000000002245,44.00000000000048,true,
t12_t12_safety_seed101,t12_t12_safety_seed101-episode-000005,0,1,27.286,26.678,26.68,26.701999999999998,26.736,27.236,0,0.5,true,,5.288119528636243,4.84439162844357,0.05297560040899355,0.29770751079958724,1.0903066220214075,0.9523809523809523,0.9372686551384869,1.1632807904584288,-0.3765819070710938,"[0.0,0.0,0.0,0.0,0.0]","[0.457399845123291,-0.2985522747039795,0.06568324565887451,0.16264379024505615,-0.012060225009918213]","[0.457399845123291,-0.2985522747039795,0.06568324565887451,0.16264379024505615,-0.012060225009918213]","{""acc_lim_theta"":0.8,""acc_lim_x"":0.8,""inflation_dist"":0.55,""max_vel_theta"":1.0,""max_vel_x"":1.2,""min_obstacle_dist"":0.25,""weight_obstacle"":50.0,""weight_optimaltime"":1.0,""weight_viapoint"":1.0}","{""acc_lim_theta"":0.7859504786504016,""acc_lim_x"":0.7929977214970714,""inflation_dist"":0.55,""max_vel_theta"":1.0,""max_vel_x"":1.2,""min_obstacle_dist"":0.25,""weight_obstacle"":50.06512127015396,""weight_optimaltime"":0.9701447725296021,""weight_viapoint"":1.0}","{""acc_lim_theta"":0.7859504786504016,""acc_lim_x"":0.7929977214970714,""inflation_dist"":0.55,""max_vel_theta"":1.0,""max_vel_x"":1.2,""min_obstacle_dist"":0.25,""weight_obstacle"":50.06512127015396,""weight_optimaltime"":0.9701447725296021,""weight_viapoint"":1.0}","{""acc_lim_theta"":0.7859504786504016,""acc_lim_x"":0.7929977214970714,""inflation_dist"":0.55,""max_vel_theta"":1.0,""max_vel_x"":1.2,""min_obstacle_dist"":0.25,""weight_obstacle"":50.06512127015396,""weight_optimaltime"":0.9701447725296021,""weight_viapoint"":1.0}","{""acc_lim_theta"":0.7859504786504016,""acc_lim_x"":0.7929977214970714,""inflation_dist"":0.55,""max_vel_theta"":1.0,""max_vel_x"":1.2,""min_obstacle_dist"":0.25,""weight_obstacle"":50.06512127015396,""weight_optimaltime"":0.9701447725296021,""weight_viapoint"":1.0}",false,,false,NORMAL,,false,,1.9796563057897911,2.2186395009633664,-0.05,-0.0,-0.00021524231919115358,-0.1774037148568648,-0.0,-0.011364237997519289,0.0,0.0,0.0,0.0,0.0,0.0,1.6789200017228723,21.999999999998465,56.00000000000094,true,
t12_t12_safety_seed101,t12_t12_safety_seed101-episode-000005,1,2,27.836,27.278,27.29,27.314,27.332,27.832,0,0.45000000000000284,true,,4.734278511789421,4.2473576526808765,0.028070650253420728,0.40859968717262957,0.5713607343358297,0.9880952380952381,0.4913452528511829,1.162849810841424,-0.09416447904077571,"[0.457399845123291,-0.2985522747039795,0.06568324565887451,0.16264379024505615,-0.012060225009918213]","[0.47239482402801514,0.005505919456481934,0.1415574550628662,0.08031785488128662,0.15147864818572998]","[0.9297946691513062,-0.29304635524749756,0.20724070072174072,0.24296164512634277,0.13941842317581177]","{""acc_lim_theta"":0.7859504786504016,""acc_lim_x"":0.7929977214970714,""inflation_dist"":0.55,""max_vel_theta"":1.0,""max_vel_x"":1.2,""min_obstacle_dist"":0.25,""weight_obstacle"":50.06512127015396,""weight_optimaltime"":0.9701447725296021,""weight_viapoint"":1.0}","{""acc_lim_theta"":0.763689725634272,""acc_lim_x"":0.8,""inflation_dist"":0.55,""max_vel_theta"":1.0,""max_vel_x"":1.1981602854319027,""min_obstacle_dist"":0.2539357536820085,""weight_obstacle"":50.0,""weight_optimaltime"":0.9706953644752503,""weight_viapoint"":1.0}","{""acc_lim_theta"":0.763689725634272,""acc_lim_x"":0.8,""inflation_dist"":0.55,""max_vel_theta"":0.9984669045265856,""max_vel_x"":1.1981602854319027,""min_obstacle_dist"":0.2539357536820085,""weight_obstacle"":50.0,""weight_optimaltime"":0.9706953644752503,""weight_viapoint"":1.0}","{""acc_lim_theta"":0.763689725634272,""acc_lim_x"":0.8,""inflation_dist"":0.55,""max_vel_theta"":0.9984669045265856,""max_vel_x"":1.1981602854319027,""min_obstacle_dist"":0.2539357536820085,""weight_obstacle"":50.06512127015396,""weight_optimaltime"":0.9706953644752503,""weight_viapoint"":1.0}","{""acc_lim_theta"":0.763689725634272,""acc_lim_x"":0.8,""inflation_dist"":0.55,""max_vel_theta"":0.9984669045265856,""max_vel_x"":1.1981602854319027,""min_obstacle_dist"":0.2539357536820085,""weight_obstacle"":50.06512127015396,""weight_optimaltime"":0.9706953644752503,""weight_viapoint"":1.0}",true,max_vel_theta:ackermann_turning_radius,true,WARNING,margin:warning|safety_mode:WARNING:conservative_filter,false,,2.378971707845966,2.434604295542724,-0.04500000000000029,-0.0,-0.0008422769913113851,-0.00017689477438304898,-0.0,-0.009613415931063374,0.0,0.0,0.0,1.0,0.0,0.0,1.6137479979079217,24.00000000000091,42.00000000000159,true,
t12_t12_safety_seed101,t12_t12_safety_seed101-episode-000005,2,3,28.432,27.832,27.842,27.862,27.93,28.43,0,0.45000000000000284,true,,4.104656570017393,3.641524535079248,0.04295844537518422,0.3401753392481886,0.35435797584547485,1.0,0.3041345530424659,1.1651355372172931,0.2060966951272298,"[0.9297946691513062,-0.29304635524749756,0.20724070072174072,0.24296164512634277,0.13941842317581177]","[0.5545058250427246,0.09369099140167236,-0.11876487731933594,-0.06312668323516846,0.04298973083496094]","[1.0,-0.1993553638458252,0.08847582340240479,0.17983496189117432,0.1824081540107727]","{""acc_lim_theta"":0.763689725634272,""acc_lim_x"":0.8,""inflation_dist"":0.55,""max_vel_theta"":0.9984669045265856,""max_vel_x"":1.1981602854319027,""min_obstacle_dist"":0.2539357536820085,""weight_obstacle"":50.06512127015396,""weight_optimaltime"":0.9706953644752503,""weight_viapoint"":1.0}","{""acc_lim_theta"":0.738028794757618,""acc_lim_x"":0.8,""inflation_dist"":0.551099555222354,""max_vel_theta"":0.9984669045265856,""max_vel_x"":1.2,""min_obstacle_dist"":0.25290419193401603,""weight_obstacle"":50.0,""weight_optimaltime"":0.9800644636154175,""weight_viapoint"":1.0}","{""acc_lim_theta"":0.738028794757618,""acc_lim_x"":0.8,""inflation_dist"":0.551099555222354,""max_vel_theta"":0.9984669045265856,""max_vel_x"":1.2,""min_obstacle_dist"":0.25290419193401603,""weight_obstacle"":50.0,""weight_optimaltime"":0.9800644636154175,""weight_viapoint"":1.0}","{""acc_lim_theta"":0.738028794757618,""acc_lim_x"":0.8,""inflation_dist"":0.551099555222354,""max_vel_theta"":0.9984669045265856,""max_vel_x"":1.1981602854319027,""min_obstacle_dist"":0.2539357536820085,""weight_obstacle"":50.06512127015396,""weight_optimaltime"":0.9800644636154175,""weight_viapoint"":1.0}","{""acc_lim_theta"":0.738028794757618,""acc_lim_x"":0.8,""inflation_dist"":0.551099555222354,""max_vel_theta"":0.9984669045265856,""max_vel_x"":1.1981602854319027,""min_obstacle_dist"":0.2539357536820085,""weight_obstacle"":50.06512127015396,""weight_optimaltime"":0.9800644636154175,""weight_viapoint"":1.0}",false,,true,WARNING,margin:warning|safety_mode:WARNING:conservative_filter,false,,2.192222875543481,2.3156601746907235,-0.04500000000000029,-0.06901661822213999,-0.0006282885435049518,-0.00018918119944207827,-0.0,-0.008603211182155221,0.0,0.0,0.0,0.0,0.0,0.0,4.772435000631958,19.999999999999574,88.00000000000097,true,
t12_t12_safety_seed101,t12_t12_safety_seed101-episode-000005,3,4,29.032,28.43,28.436,28.466,28.53,29.03,0,0.4499999999999993,true,,3.5005607806749888,3.0191006487170813,0.09229173657662755,0.09581353352555276,0.3402933999627801,1.0,0.339720015743938,1.16532468370292,0.36537912796947486,"[1.0,-0.1993553638458252,0.08847582340240479,0.17983496189117432,0.1824081540107727]","[0.32281041145324707,0.24650883674621582,-0.0018439888954162598,-0.04098856449127197,0.0821150541305542]","[1.0,0.047153472900390625,0.08663183450698853,0.13884639739990234,0.2645232081413269]","{""acc_lim_theta"":0.738028794757618,""acc_lim_x"":0.8,""inflation_dist"":0.551099555222354,""max_vel_theta"":0.9984669045265856,""max_vel_x"":1.1981602854319027,""min_obstacle_dist"":0.2539357536820085,""weight_obstacle"":50.06512127015396,""weight_optimaltime"":0.9800644636154175,""weight_viapoint"":1.0}","{""acc_lim_theta"":0.7210673569838651,""acc_lim_x"":0.8,""inflation_dist"":0.5511166273371549,""max_vel_theta"":0.9984669045265856,""max_vel_x"":1.2,""min_obstacle_dist"":0.2595792789120144,""weight_obstacle"":50.0,""weight_optimaltime"":1.0,""weight_viapoint"":1.0}","{""acc_lim_theta"":0.7210673569838651,""acc_lim_x"":0.8,""inflation_dist"":0.5511166273371549,""max_vel_theta"":0.9984669045265856,""max_vel_x"":1.2,""min_obstacle_dist"":0.2595792789120144,""weight_obstacle"":50.0,""weight_optimaltime"":1.0,""weight_viapoint"":1.0}","{""acc_lim_theta"":0.7210673569838651,""acc_lim_x"":0.8,""inflation_dist"":0.5511166273371549,""max_vel_theta"":0.9984669045265856,""max_vel_x"":1.1981602854319027,""min_obstacle_dist"":0.2595792789120144,""weight_obstacle"":50.06512127015396,""weight_optimaltime"":1.0,""weight_viapoint"":1.0}","{""acc_lim_theta"":0.7210673569838651,""acc_lim_x"":0.8,""inflation_dist"":0.5511166273371549,""max_vel_theta"":0.9984669045265856,""max_vel_x"":1.1981602854319027,""min_obstacle_dist"":0.2595792789120144,""weight_obstacle"":50.06512127015396,""weight_optimaltime"":1.0,""weight_viapoint"":1.0}",false,,true,WARNING,margin:warning|safety_mode:WARNING:conservative_filter,false,,2.200354297992162,2.4073006597895374,-0.04499999999999993,-0.15006591108423678,-0.0013673981341448204,-2.3298019550970726e-05,-0.0,-0.010489754559443034,0.0,0.0,0.0,0.0,0.0,0.0,1.3438919995678589,30.000000000001137,94.0000000000012,true,
t12_t12_safety_seed101,t12_t12_safety_seed101-episode-000005,4,5,29.632,29.018,29.038,29.064,29.13,29.63,0,0.4499999999999993,true,,2.8673721055554253,2.353455781752247,0.032546643826175024,0.19381420314091247,0.3402933999627801,1.0,0.32343427591026463,1.1647358265916268,0.5493443090390706,"[1.0,0.047153472900390625,0.08663183450698853,0.13884639739990234,0.2645232081413269]","[0.5096355676651001,0.4300161600112915,0.06291282176971436,-0.1301490068435669,-0.3799830675125122]","[1.0,0.47716963291168213,0.14954465627670288,0.00869739055633545,-0.1154598593711853]","{""acc_lim_theta"":0.7210673569838651,""acc_lim_x"":0.8,""inflation_dist"":0.5511166273371549,""max_vel_theta"":0.9984669045265856,""max_vel_x"":1.1981602854319027,""min_obstacle_dist"":0.2595792789120144,""weight_obstacle"":50.06512127015396,""weight_optimaltime"":1.0,""weight_viapoint"":1.0}","{""acc_lim_theta"":0.7096887023185058,""acc_lim_x"":0.8,""inflation_dist"":0.5505341645477234,""max_vel_theta"":0.9984669045265856,""max_vel_x"":1.2,""min_obstacle_dist"":0.2712031954938639,""weight_obstacle"":52.11690554226014,""weight_optimaltime"":1.0,""weight_viapoint"":1.0}","{""acc_lim_theta"":0.7096887023185058,""acc_lim_x"":0.8,""inflation_dist"":0.5505341645477234,""max_vel_theta"":0.9984669045265856,""max_vel_x"":1.2,""min_obstacle_dist"":0.2712031954938639,""weight_obstacle"":52.11690554226014,""weight_optimaltime"":1.0,""weight_viapoint"":1.0}","{""acc_lim_theta"":0.7096887023185058,""acc_lim_x"":0.8,""inflation_dist"":0.5511166273371549,""max_vel_theta"":0.9984669045265856,""max_vel_x"":1.1981602854319027,""min_obstacle_dist"":0.2712031954938639,""weight_obstacle"":52.11690554226014,""weight_optimaltime"":1.0,""weight_viapoint"":1.0}","{""acc_lim_theta"":0.7096887023185058,""acc_lim_x"":0.8,""inflation_dist"":0.5511166273371549,""max_vel_theta"":0.9984669045265856,""max_vel_x"":1.1981602854319027,""min_obstacle_dist"":0.2712031954938639,""weight_obstacle"":52.11690554226014,""weight_optimaltime"":1.0,""weight_viapoint"":1.0}",false,,true,WARNING,margin:warning|safety_mode:WARNING:conservative_filter,false,,2.4127993581576024,2.5695816190158927,-0.04499999999999993,-0.09566792789399313,-0.004513773816788271,-2.7603042173567457e-06,-0.0,-0.011597798843292019,0.0,0.0,0.0,0.0,0.0,0.0,1.6765119944466278,25.9999999999998,91.99999999999875,true,
t12_t12_safety_seed101,t12_t12_safety_seed101-episode-000005,5,6,30.232,29.63,29.638,29.664,29.73,30.23,0,0.4499999999999993,true,,2.1926412399172044,1.6622178001241152,0.13685210122166042,0.420900507612219,0.3402933999627801,1.0,0.36630993998897804,1.1555109728453794,0.25054963047651807,"[1.0,0.47716963291168213,0.14954465627670288,0.00869739055633545,-0.1154598593711853]","[0.6192066669464111,0.3821444511413574,-0.09158992767333984,-0.017076611518859863,-0.09842240810394287]","[1.0,0.8593140840530396,0.05795472860336304,-0.008379220962524414,-0.21388226747512817]","{""acc_lim_theta"":0.7096887023185058,""acc_lim_x"":0.8,""inflation_dist"":0.5511166273371549,""max_vel_theta"":0.9984669045265856,""max_vel_x"":1.1981602854319027,""min_obstacle_dist"":0.2712031954938639,""weight_obstacle"":52.11690554226014,""weight_optimaltime"":1.0,""weight_viapoint"":1.0}","{""acc_lim_theta"":0.6873163805727015,""acc_lim_x"":0.8,""inflation_dist"":0.5519645900140114,""max_vel_theta"":0.9984669045265856,""max_vel_x"":1.2,""min_obstacle_dist"":0.2775646254267685,""weight_obstacle"":52.64835435205174,""weight_optimaltime"":1.0,""weight_viapoint"":1.0}","{""acc_lim_theta"":0.6873163805727015,""acc_lim_x"":0.8,""inflation_dist"":0.5519645900140114,""max_vel_theta"":0.9984669045265856,""max_vel_x"":1.2,""min_obstacle_dist"":0.2775646254267685,""weight_obstacle"":52.64835435205174,""weight_optimaltime"":1.0,""weight_viapoint"":1.0}","{""acc_lim_theta"":0.6873163805727015,""acc_lim_x"":0.8,""inflation_dist"":0.5519645900140114,""max_vel_theta"":0.9984669045265856,""max_vel_x"":1.1981602854319027,""min_obstacle_dist"":0.2775646254267685,""weight_obstacle"":52.64835435205174,""weight_optimaltime"":1.0,""weight_viapoint"":1.0}","{""acc_lim_theta"":0.6873163805727015,""acc_lim_x"":0.8,""inflation_dist"":0.5519645900140114,""max_vel_theta"":0.9984669045265856,""max_vel_x"":1.1981602854319027,""min_obstacle_dist"":0.2775646254267685,""weight_obstacle"":52.64835435205174,""weight_optimaltime"":1.0,""weight_viapoint"":1.0}",false,,true,WARNING,margin:warning|safety_mode:WARNING:conservative_filter,false,,2.471924014262965,2.6521171989654455,-0.04499999999999993,-0.11946687066123048,-0.006247893655637446,-3.5595305885998646e-05,-0.0,-0.009442825079726542,0.0,0.0,0.0,0.0,0.0,0.0,2.052159994491376,25.9999999999998,91.99999999999875,true,
t12_t12_safety_seed101,t12_t12_safety_seed101-episode-000005,6,7,30.88,30.228,30.234,30.258,30.33,30.83,0,0.5,true,,1.5007680380255504,0.9309485138262239,0.09031881640658398,0.44907248187522686,0.3402933999627801,0.9736842105263158,0.6504091914702145,1.065638534393969,-0.11981835662881998,"[1.0,0.8593140840530396,0.05795472860336304,-0.008379220962524414,-0.21388226747512817]","[0.663536787033081,0.28860437870025635,-0.20795780420303345,0.1631786823272705,0.15975606441497803]","[1.0,1.0,-0.1500030755996704,0.1547994613647461,-0.054126203060150146]","{""acc_lim_theta"":0.6873163805727015,""acc_lim_x"":0.8,""inflation_dist"":0.5519645900140114,""max_vel_theta"":0.9984669045265856,""max_vel_x"":1.1981602854319027,""min_obstacle_dist"":0.2775646254267685,""weight_obstacle"":52.64835435205174,""weight_optimaltime"":1.0,""weight_viapoint"":1.0}","{""acc_lim_theta"":0.6591213191425203,""acc_lim_x"":0.8,""inflation_dist"":0.5538899158746687,""max_vel_theta"":0.9984669045265856,""max_vel_x"":1.1974884431772013,""min_obstacle_dist"":0.27863487115459556,""weight_obstacle"":51.78572386041953,""weight_optimaltime"":1.0,""weight_viapoint"":1.0}","{""acc_lim_theta"":0.6591213191425203,""acc_lim_x"":0.8,""inflation_dist"":0.5538899158746687,""max_vel_theta"":0.9979070359810011,""max_vel_x"":1.1974884431772013,""min_obstacle_dist"":0.27863487115459556,""weight_obstacle"":51.78572386041953,""weight_optimaltime"":1.0,""weight_viapoint"":1.0}","{""acc_lim_theta"":0.6591213191425203,""acc_lim_x"":0.8,""inflation_dist"":0.5538899158746687,""max_vel_theta"":0.9979070359810011,""max_vel_x"":1.1974884431772013,""min_obstacle_dist"":0.27863487115459556,""weight_obstacle"":52.64835435205174,""weight_optimaltime"":1.0,""weight_viapoint"":1.0}","{""acc_lim_theta"":0.6591213191425203,""acc_lim_x"":0.8,""inflation_dist"":0.5538899158746687,""max_vel_theta"":0.9979070359810011,""max_vel_x"":1.1974884431772013,""min_obstacle_dist"":0.27863487115459556,""weight_obstacle"":52.64835435205174,""weight_optimaltime"":1.0,""weight_viapoint"":1.0}",true,max_vel_theta:ackermann_turning_radius,true,WARNING,margin:warning|safety_mode:WARNING:conservative_filter,false,,2.768955789001089,2.8490976209966323,-0.05,-0.01148334644501564,-0.00894269150435317,-0.0014648898762203615,-0.0,-0.008250904169954883,0.0,0.0,0.0,1.0,0.0,0.0,1.5756759967189282,23.999999999997357,95.99999999999653,true,
t12_t12_safety_seed101,t12_t12_safety_seed101-episode-000005,7,8,32.738,30.878,30.884,30.906,30.928,31.428,0,0.5,true,,0.8254948964966561,0.3890896369333706,0.010898644143355228,0.006501958245784957,0.3402933999627801,0.0,32.55600257026567,0.0,0.0,"[1.0,1.0,-0.1500030755996704,0.1547994613647461,-0.054126203060150146]","[0.6605672836303711,0.07292032241821289,-0.21472066640853882,0.24455535411834717,0.3179206848144531]","[1.0,1.0,-0.36472374200820923,0.39935481548309326,0.263794481754303]","{""acc_lim_theta"":0.6591213191425203,""acc_lim_x"":0.8,""inflation_dist"":0.5538899158746687,""max_vel_theta"":0.9979070359810011,""max_vel_x"":1.1974884431772013,""min_obstacle_dist"":0.27863487115459556,""weight_obstacle"":52.64835435205174,""weight_optimaltime"":1.0,""weight_viapoint"":1.0}","{""acc_lim_theta"":0.6278393076059623,""acc_lim_x"":0.8,""inflation_dist"":0.5558778540212472,""max_vel_theta"":0.9979070359810011,""max_vel_x"":1.1856816264664762,""min_obstacle_dist"":0.2745419251951775,""weight_obstacle"":50.93168664590969,""weight_optimaltime"":1.0,""weight_viapoint"":1.0}","{""acc_lim_theta"":0.6278393076059623,""acc_lim_x"":0.8,""inflation_dist"":0.5558778540212472,""max_vel_theta"":0.9880680220553969,""max_vel_x"":1.1856816264664762,""min_obstacle_dist"":0.2745419251951775,""weight_obstacle"":50.93168664590969,""weight_optimaltime"":1.0,""weight_viapoint"":1.0}","{""acc_lim_theta"":0.6278393076059623,""acc_lim_x"":0.8,""inflation_dist"":0.5558778540212472,""max_vel_theta"":0.9880680220553969,""max_vel_x"":1.1856816264664762,""min_obstacle_dist"":0.27863487115459556,""weight_obstacle"":52.64835435205174,""weight_optimaltime"":1.0,""weight_viapoint"":1.0}","{""acc_lim_theta"":0.6278393076059623,""acc_lim_x"":0.8,""inflation_dist"":0.5558778540212472,""max_vel_theta"":0.9880680220553969,""max_vel_x"":1.1856816264664762,""min_obstacle_dist"":0.27863487115459556,""weight_obstacle"":52.64835435205174,""weight_optimaltime"":1.0,""weight_viapoint"":1.0}",true,max_vel_theta:ackermann_turning_radius,true,WARNING,margin:warning|safety_mode:WARNING:conservative_filter,false,,12.095215494318218,2.182026297816427,-0.05,-0.0,-0.0058761890045435,-0.01861052371169015,-0.0,-0.012324090781975017,10.0,0.0,0.0,1.0,0.0,0.0,2.047015994321555,21.999999999998465,44.00000000000048,true,
t12_t12_safety_seed101,t12_t12_safety_seed101-episode-000006,0,1,34.266,33.718,33.722,33.746,33.764,34.264,0,0.45000000000000284,true,,5.3197015743266745,4.895906675009028,0.0986057777359343,0.3072203966597228,1.318171928650454,0.7543859649122807,1.1367143012024536,1.159633451656277,0.5004031341906731,"[0.0,0.0,0.0,0.0,0.0]","[0.13231384754180908,-0.49054276943206787,-0.025428354740142822,0.25220823287963867,-0.03838557004928589]","[0.13231384754180908,-0.49054276943206787,-0.025428354740142822,0.25220823287963867,-0.03838557004928589]","{""acc_lim_theta"":0.8,""acc_lim_x"":0.8,""inflation_dist"":0.55,""max_vel_theta"":1.0,""max_vel_x"":1.2,""min_obstacle_dist"":0.25,""weight_obstacle"":50.0,""weight_optimaltime"":1.0,""weight_viapoint"":1.0}","{""acc_lim_theta"":0.8,""acc_lim_x"":0.7767545109405417,""inflation_dist"":0.5502354221288439,""max_vel_theta"":1.0,""max_vel_x"":1.1988510843980635,""min_obstacle_dist"":0.25,""weight_obstacle"":50.20726952234618,""weight_optimaltime"":0.9509457230567933,""weight_viapoint"":1.0}","{""acc_lim_theta"":0.8,""acc_lim_x"":0.7767545109405417,""inflation_dist"":0.5502354221288439,""max_vel_theta"":0.9990425703317196,""max_vel_x"":1.1988510843980635,""min_obstacle_dist"":0.25,""weight_obstacle"":50.20726952234618,""weight_optimaltime"":0.9509457230567933,""weight_viapoint"":1.0}","{""acc_lim_theta"":0.8,""acc_lim_x"":0.7767545109405417,""inflation_dist"":0.5502354221288439,""max_vel_theta"":0.9990425703317196,""max_vel_x"":1.1988510843980635,""min_obstacle_dist"":0.25,""weight_obstacle"":50.20726952234618,""weight_optimaltime"":0.9509457230567933,""weight_viapoint"":1.0}","{""acc_lim_theta"":0.8,""acc_lim_x"":0.7767545109405417,""inflation_dist"":0.5502354221288439,""max_vel_theta"":0.9990425703317196,""max_vel_x"":1.1988510843980635,""min_obstacle_dist"":0.25,""weight_obstacle"":50.20726952234618,""weight_optimaltime"":0.9509457230567933,""weight_viapoint"":1.0}",true,max_vel_theta:ackermann_turning_radius,false,NORMAL,,false,,1.8165997546394976,2.1189744965882307,-0.04500000000000029,-0.0,-0.0010681535919122589,-0.239819586325926,-0.0,-0.016487002030894402,0.0,0.0,0.0,1.0,0.0,0.0,2.2210519964573905,24.00000000000091,42.00000000000159,true,
t12_t12_safety_seed101,t12_t12_safety_seed101-episode-000006,1,2,34.916,34.258,34.272,34.298,34.366,34.866,0,0.5,true,,4.72159477483421,4.213589568513724,0.03436615922223633,0.48069276581390735,0.6600110423813785,0.9871794871794872,0.5677882706888233,1.1624245805230766,0.10899575049600722,"[0.13231384754180908,-0.49054276943206787,-0.025428354740142822,0.25220823287963867,-0.03838557004928589]","[0.2831382751464844,-0.36483073234558105,-0.10438388586044312,0.2299647331237793,-0.15671324729919434]","[0.41545212268829346,-0.8553735017776489,-0.12981224060058594,0.48217296600341797,-0.19509881734848022]","{""acc_lim_theta"":0.8,""acc_lim_x"":0.7767545109405417,""inflation_dist"":0.5502354221288439,""max_vel_theta"":0.9990425703317196,""max_vel_x"":1.1988510843980635,""min_obstacle_dist"":0.25,""weight_obstacle"":50.20726952234618,""weight_optimaltime"":0.9509457230567933,""weight_viapoint"":1.0}","{""acc_lim_theta"":0.7996325355671057,""acc_lim_x"":0.7598526599665377,""inflation_dist"":0.5512018345010711,""max_vel_theta"":0.9990425703317196,""max_vel_x"":1.2,""min_obstacle_dist"":0.25,""weight_obstacle"":51.053469796858636,""weight_optimaltime"":0.9144626498222351,""weight_viapoint"":1.0}","{""acc_lim_theta"":0.7996325355671057,""acc_lim_x"":0.7598526599665377,""inflation_dist"":0.5512018345010711,""max_vel_theta"":0.9990425703317196,""max_vel_x"":1.2,""min_obstacle_dist"":0.25,""weight_obstacle"":51.053469796858636,""weight_optimaltime"":0.9144626498222351,""weight_viapoint"":1.0}","{""acc_lim_theta"":0.7996325355671057,""acc_lim_x"":0.7598526599665377,""inflation_dist"":0.5512018345010711,""max_vel_theta"":0.9990425703317196,""max_vel_x"":1.1988510843980635,""min_obstacle_dist"":0.25,""weight_obstacle"":51.053469796858636,""weight_optimaltime"":0.9144626498222351,""weight_viapoint"":1.0}","{""acc_lim_theta"":0.7996325355671057,""acc_lim_x"":0.7598526599665377,""inflation_dist"":0.5512018345010711,""max_vel_theta"":0.9990425703317196,""max_vel_x"":1.1988510843980635,""min_obstacle_dist"":0.25,""weight_obstacle"":51.053469796858636,""weight_optimaltime"":0.9144626498222351,""weight_viapoint"":1.0}",false,,true,WARNING,margin:warning|safety_mode:WARNING:conservative_filter,false,,2.4723681312475594,2.5400260316024292,-0.05,-0.0,-0.00403071487984269,-4.4723606729826996e-05,-0.0,-0.013582461868297459,0.0,0.0,0.0,0.0,0.0,0.0,3.8316619902616367,26.000000000003354,94.0000000000012,true,
t12_t12_safety_seed101,t12_t12_safety_seed101-episode-000006,2,3,35.472,34.898,34.922,34.946,34.97,35.47,0,0.44999999999999574,true,,4.117648540146835,3.692871696558681,0.08145595405534264,0.46286837089662514,0.4200679331075592,1.0,0.36098203226993314,1.1636810022539934,-0.1558085086758571,"[0.41545212268829346,-0.8553735017776489,-0.12981224060058594,0.48217296600341797,-0.19509881734848022]","[0.6989541053771973,-0.2801142930984497,-0.14472603797912598,0.21334505081176758,0.015124678611755371]","[1.0,-1.0,-0.2745382785797119,0.6955180168151855,-0.17997413873672485]","{""acc_lim_theta"":0.7996325355671057,""acc_lim_x"":0.7598526599665377,""inflation_dist"":0.5512018345010711,""max_vel_theta"":0.9990425703317196,""max_vel_x"":1.1988510843980635,""min_obstacle_dist"":0.25,""weight_obstacle"":51.053469796858636,""weight_optimaltime"":0.9144626498222351,""weight_viapoint"":1.0}","{""acc_lim_theta"":0.7761331855333449,""acc_lim_x"":0.752791184531366,""inflation_dist"":0.5525417447040064,""max_vel_theta"":0.9990425703317196,""max_vel_x"":1.2,""min_obstacle_dist"":0.25,""weight_obstacle"":50.97180147963753,""weight_optimaltime"":0.8864512205123902,""weight_viapoint"":1.0}","{""acc_lim_theta"":0.7761331855333449,""acc_lim_x"":0.752791184531366,""inflation_dist"":0.5525417447040064,""max_vel_theta"":0.9990425703317196,""max_vel_x"":1.2,""min_obstacle_dist"":0.25,""weight_obstacle"":50.97180147963753,""weight_optimaltime"":0.8864512205123902,""weight_viapoint"":1.0}","{""acc_lim_theta"":0.7761331855333449,""acc_lim_x"":0.752791184531366,""inflation_dist"":0.5525417447040064,""max_vel_theta"":0.9990425703317196,""max_vel_x"":1.1988510843980635,""min_obstacle_dist"":0.25,""weight_obstacle"":51.053469796858636,""weight_optimaltime"":0.8864512205123902,""weight_viapoint"":1.0}","{""acc_lim_theta"":0.7761331855333449,""acc_lim_x"":0.752791184531366,""inflation_dist"":0.5525417447040064,""max_vel_theta"":0.9990425703317196,""max_vel_x"":1.1988510843980635,""min_obstacle_dist"":0.25,""weight_obstacle"":51.053469796858636,""weight_optimaltime"":0.8864512205123902,""weight_viapoint"":1.0}",false,,true,WARNING,margin:warning|safety_mode:WARNING:conservative_filter,false,,2.0395975946584137,2.123884217940768,-0.044999999999999575,-0.023916273145231037,-0.0016784788573633875,-6.654756400523852e-05,-0.0,-0.013625323715755078,0.0,0.0,0.0,0.0,0.0,0.0,2.5226889993064106,24.00000000000091,48.00000000000182,true,
t12_t12_safety_seed101,t12_t12_safety_seed101-episode-000006,3,4,36.07,35.47,35.474,35.496,35.568,36.068,0,0.45000000000000284,true,,3.565924601728251,3.147486635900802,0.163423242265103,0.2605274906272505,0.3697720042720484,1.0,0.33548681994442114,1.1529206025189511,-0.4854831113489953,"[1.0,-1.0,-0.2745382785797119,0.6955180168151855,-0.17997413873672485]","[0.37326478958129883,-0.2959280014038086,-0.18479692935943604,0.14464545249938965,0.2590513229370117]","[1.0,-1.0,-0.45933520793914795,0.8401634693145752,0.07907718420028687]","{""acc_lim_theta"":0.7761331855333449,""acc_lim_x"":0.752791184531366,""inflation_dist"":0.5525417447040064,""max_vel_theta"":0.9990425703317196,""max_vel_x"":1.1988510843980635,""min_obstacle_dist"":0.25,""weight_obstacle"":51.053469796858636,""weight_optimaltime"":0.8864512205123902,""weight_viapoint"":1.0}","{""acc_lim_theta"":0.7559611417642945,""acc_lim_x"":0.7417425578501767,""inflation_dist"":0.5542526413372407,""max_vel_theta"":0.9990425703317196,""max_vel_x"":1.1874152485894784,""min_obstacle_dist"":0.25,""weight_obstacle"":50.0,""weight_optimaltime"":0.8568584203720093,""weight_viapoint"":1.0}","{""acc_lim_theta"":0.7559611417642945,""acc_lim_x"":0.7417425578501767,""inflation_dist"":0.5542526413372407,""max_vel_theta"":0.9895127071578987,""max_vel_x"":1.1874152485894784,""min_obstacle_dist"":0.25,""weight_obstacle"":50.0,""weight_optimaltime"":0.8568584203720093,""weight_viapoint"":1.0}","{""acc_lim_theta"":0.7559611417642945,""acc_lim_x"":0.7417425578501767,""inflation_dist"":0.5542526413372407,""max_vel_theta"":0.9895127071578987,""max_vel_x"":1.1874152485894784,""min_obstacle_dist"":0.25,""weight_obstacle"":51.053469796858636,""weight_optimaltime"":0.8568584203720093,""weight_viapoint"":1.0}","{""acc_lim_theta"":0.7559611417642945,""acc_lim_x"":0.7417425578501767,""inflation_dist"":0.5542526413372407,""max_vel_theta"":0.9895127071578987,""max_vel_x"":1.1874152485894784,""min_obstacle_dist"":0.25,""weight_obstacle"":51.053469796858636,""weight_optimaltime"":0.8568584203720093,""weight_viapoint"":1.0}",true,max_vel_theta:ackermann_turning_radius,true,WARNING,margin:warning|safety_mode:WARNING:conservative_filter,false,,1.9013813547513645,2.0921898291372454,-0.04500000000000029,-0.1214354964567767,-0.006068085635166554,-0.00028039177427732266,-0.0,-0.018024500519659953,0.0,0.0,0.0,1.0,0.0,0.0,1.0908319964073598,22.00000000000557,94.0000000000012,true,
t12_t12_safety_seed101,t12_t12_safety_seed101-episode-000006,4,5,36.67,36.068,36.072,36.096,36.166,36.666,0,0.44999999999999574,true,,3.0142231361563034,2.5442603150840735,0.027233716150255476,0.14295302335665502,0.3697720042720484,1.0,0.40994835176817507,1.1487958620466807,-0.7788975696287161,"[1.0,-1.0,-0.45933520793914795,0.8401634693145752,0.07907718420028687]","[0.30770277976989746,-0.017607510089874268,0.1986544132232666,0.0906221866607666,0.1051105260848999]","[1.0,-1.0,-0.26068079471588135,0.9307856559753418,0.18418771028518677]","{""acc_lim_theta"":0.7559611417642945,""acc_lim_x"":0.7417425578501767,""inflation_dist"":0.5542526413372407,""max_vel_theta"":0.9895127071578987,""max_vel_x"":1.1874152485894784,""min_obstacle_dist"":0.25,""weight_obstacle"":51.053469796858636,""weight_optimaltime"":0.8568584203720093,""weight_viapoint"":1.0}","{""acc_lim_theta"":0.7422308691679859,""acc_lim_x"":0.7456726696850722,""inflation_dist"":0.5524134486193804,""max_vel_theta"":0.9895127071578987,""max_vel_x"":1.1849537542893922,""min_obstacle_dist"":0.2549381374646277,""weight_obstacle"":50.48590733765326,""weight_optimaltime"":0.8550976693630219,""weight_viapoint"":1.0}","{""acc_lim_theta"":0.7422308691679859,""acc_lim_x"":0.7456726696850722,""inflation_dist"":0.5524134486193804,""max_vel_theta"":0.9874614619078269,""max_vel_x"":1.1849537542893922,""min_obstacle_dist"":0.2549381374646277,""weight_obstacle"":50.48590733765326,""weight_optimaltime"":0.8550976693630219,""weight_viapoint"":1.0}","{""acc_lim_theta"":0.7422308691679859,""acc_lim_x"":0.7456726696850722,""inflation_dist"":0.5542526413372407,""max_vel_theta"":0.9874614619078269,""max_vel_x"":1.1849537542893922,""min_obstacle_dist"":0.2549381374646277,""weight_obstacle"":51.053469796858636,""weight_optimaltime"":0.8550976693630219,""weight_viapoint"":1.0}","{""acc_lim_theta"":0.7422308691679859,""acc_lim_x"":0.7456726696850722,""inflation_dist"":0.5542526413372407,""max_vel_theta"":0.9874614619078269,""max_vel_x"":1.1849537542893922,""min_obstacle_dist"":0.2549381374646277,""weight_obstacle"":51.053469796858636,""weight_optimaltime"":0.8550976693630219,""weight_viapoint"":1.0}",true,max_vel_theta:ackermann_turning_radius,true,WARNING,margin:warning|safety_mode:WARNING:conservative_filter,false,,2.2243042468706236,2.34981410536115,-0.044999999999999575,-0.05079295702077084,-0.022026848305054685,-0.00012705376922269332,-0.0,-0.007562999395478324,0.0,0.0,0.0,1.0,0.0,0.0,1.4763959916308522,23.999999999993804,93.99999999999409,true,
t12_t12_safety_seed101,t12_t12_safety_seed101-episode-000006,5,6,37.27,36.664,36.674,36.696,36.768,37.268,0,0.44999999999999574,true,,2.3912608233504833,1.9105915470523966,0.06744533361143919,0.5021498409587668,0.33990811220833267,1.0,0.38210648526234775,0.8895638397106963,-0.4359912429242326,"[1.0,-1.0,-0.26068079471588135,0.9307856559753418,0.18418771028518677]","[0.44772255420684814,-0.2128232717514038,0.35301661491394043,0.4885416030883789,-0.40675562620162964]","[1.0,-1.0,0.09233582019805908,1.0,-0.22256791591644287]","{""acc_lim_theta"":0.7422308691679859,""acc_lim_x"":0.7456726696850722,""inflation_dist"":0.5542526413372407,""max_vel_theta"":0.9874614619078269,""max_vel_x"":1.1849537542893922,""min_obstacle_dist"":0.2549381374646277,""weight_obstacle"":51.053469796858636,""weight_optimaltime"":0.8550976693630219,""weight_viapoint"":1.0}","{""acc_lim_theta"":0.7501915651939255,""acc_lim_x"":0.7328608314980215,""inflation_dist"":0.5509843243796722,""max_vel_theta"":0.9874614619078269,""max_vel_x"":1.2,""min_obstacle_dist"":0.25952085919431356,""weight_obstacle"":53.24981712858211,""weight_optimaltime"":0.8338153421878816,""weight_viapoint"":1.0}","{""acc_lim_theta"":0.7501915651939255,""acc_lim_x"":0.7328608314980215,""inflation_dist"":0.5509843243796722,""max_vel_theta"":0.9874614619078269,""max_vel_x"":1.2,""min_obstacle_dist"":0.25952085919431356,""weight_obstacle"":53.24981712858211,""weight_optimaltime"":0.8338153421878816,""weight_viapoint"":1.0}","{""acc_lim_theta"":0.7501915651939255,""acc_lim_x"":0.7328608314980215,""inflation_dist"":0.5542526413372407,""max_vel_theta"":0.9874614619078269,""max_vel_x"":1.1849537542893922,""min_obstacle_dist"":0.25952085919431356,""weight_obstacle"":53.24981712858211,""weight_optimaltime"":0.8338153421878816,""weight_viapoint"":1.0}","{""acc_lim_theta"":0.7501915651939255,""acc_lim_x"":0.7328608314980215,""inflation_dist"":0.5542526413372407,""max_vel_theta"":0.9874614619078269,""max_vel_x"":1.1849537542893922,""min_obstacle_dist"":0.25952085919431356,""weight_obstacle"":53.24981712858211,""weight_optimaltime"":0.8338153421878816,""weight_viapoint"":1.0}",false,,true,WARNING,margin:warning|safety_mode:WARNING:conservative_filter,false,,2.201898000268728,2.403346381490433,-0.044999999999999575,-0.11570839016893526,-0.002504572850564415,-0.022560035858608732,-0.0,-0.01567538234359694,0.0,0.0,0.0,0.0,0.0,0.0,1.9343399908393621,21.999999999998465,94.0000000000012,true,
t12_t12_safety_seed101,t12_t12_safety_seed101-episode-000006,6,7,37.914,37.264,37.272,37.296,37.364,37.864,0,0.5,true,,1.78844101771745,1.28596275007321,0.04235152134190471,0.651575458171983,0.3384494407172199,1.0,0.41782859116588034,1.0419903230207177,-0.04826326461698933,"[1.0,-1.0,0.09233582019805908,1.0,-0.22256791591644287]","[0.2370612621307373,-0.11206787824630737,0.1529008150100708,0.4440784454345703,-0.2672750949859619]","[1.0,-1.0,0.24523663520812988,1.0,-0.4898430109024048]","{""acc_lim_theta"":0.7501915651939255,""acc_lim_x"":0.7328608314980215,""inflation_dist"":0.5542526413372407,""max_vel_theta"":0.9874614619078269,""max_vel_x"":1.1849537542893922,""min_obstacle_dist"":0.25952085919431356,""weight_obstacle"":53.24981712858211,""weight_optimaltime"":0.8338153421878816,""weight_viapoint"":1.0}","{""acc_lim_theta"":0.7609169923840285,""acc_lim_x"":0.7186637262926072,""inflation_dist"":0.5528370469844217,""max_vel_theta"":0.9874614619078269,""max_vel_x"":1.194611505002655,""min_obstacle_dist"":0.2610464307258642,""weight_obstacle"":54.69301521582273,""weight_optimaltime"":0.8226085543632509,""weight_viapoint"":1.0}","{""acc_lim_theta"":0.7609169923840285,""acc_lim_x"":0.7186637262926072,""inflation_dist"":0.5528370469844217,""max_vel_theta"":0.9874614619078269,""max_vel_x"":1.194611505002655,""min_obstacle_dist"":0.2610464307258642,""weight_obstacle"":54.69301521582273,""weight_optimaltime"":0.8226085543632509,""weight_viapoint"":1.0}","{""acc_lim_theta"":0.7609169923840285,""acc_lim_x"":0.7186637262926072,""inflation_dist"":0.5542526413372407,""max_vel_theta"":0.9874614619078269,""max_vel_x"":1.1849537542893922,""min_obstacle_dist"":0.2610464307258642,""weight_obstacle"":54.69301521582273,""weight_optimaltime"":0.8226085543632509,""weight_viapoint"":1.0}","{""acc_lim_theta"":0.7609169923840285,""acc_lim_x"":0.7186637262926072,""inflation_dist"":0.5542526413372407,""max_vel_theta"":0.9874614619078269,""max_vel_x"":1.1849537542893922,""min_obstacle_dist"":0.2610464307258642,""weight_obstacle"":54.69301521582273,""weight_optimaltime"":0.8226085543632509,""weight_viapoint"":1.0}",false,,true,WARNING,margin:warning|emergency:confirmation_pending|safety_mode:WARNING:conservative_filter,false,,2.247272048576244,2.5123913382211995,-0.05,-0.14042606644130673,-0.000864127455066416,-0.06186048029767516,-0.0,-0.011968615450906979,0.0,0.0,0.0,0.0,0.0,0.0,1.3227999879745767,24.00000000000091,91.99999999999875,true,
t12_t12_safety_seed101,t12_t12_safety_seed101-episode-000006,7,8,38.466,37.898,37.918,37.944,37.964,38.464,0,0.44999999999999574,true,,1.1838269300765472,0.8016360316543626,0.0967666326681269,0.5737426910342903,0.3384494407172199,1.0,0.705782557924091,0.8876664855111694,0.32793882959867693,"[1.0,-1.0,0.24523663520812988,1.0,-0.4898430109024048]","[0.030354022979736328,-0.3033866286277771,0.13851964473724365,0.5681827068328857,-0.12000757455825806]","[1.0,-1.0,0.38375627994537354,1.0,-0.6098505854606628]","{""acc_lim_theta"":0.7609169923840285,""acc_lim_x"":0.7186637262926072,""inflation_dist"":0.5542526413372407,""max_vel_theta"":0.9874614619078269,""max_vel_x"":1.1849537542893922,""min_obstacle_dist"":0.2610464307258642,""weight_obstacle"":54.69301521582273,""weight_optimaltime"":0.8226085543632509,""weight_viapoint"":1.0}","{""acc_lim_theta"":0.7783222695429186,""acc_lim_x"":0.6899893938056327,""inflation_dist"":0.552970191490053,""max_vel_theta"":0.9874614619078269,""max_vel_x"":1.1793115720181773,""min_obstacle_dist"":0.25776655881337274,""weight_obstacle"":55.34101686395969,""weight_optimaltime"":0.7922698915004731,""weight_viapoint"":1.0}","{""acc_lim_theta"":0.7783222695429186,""acc_lim_x"":0.6899893938056327,""inflation_dist"":0.552970191490053,""max_vel_theta"":0.9827596433484811,""max_vel_x"":1.1793115720181773,""min_obstacle_dist"":0.25776655881337274,""weight_obstacle"":55.34101686395969,""weight_optimaltime"":0.7922698915004731,""weight_viapoint"":1.0}","{""acc_lim_theta"":0.7783222695429186,""acc_lim_x"":0.6899893938056327,""inflation_dist"":0.5542526413372407,""max_vel_theta"":0.9827596433484811,""max_vel_x"":1.1793115720181773,""min_obstacle_dist"":0.2610464307258642,""weight_obstacle"":55.34101686395969,""weight_optimaltime"":0.7922698915004731,""weight_viapoint"":1.0}","{""acc_lim_theta"":0.7783222695429186,""acc_lim_x"":0.6899893938056327,""inflation_dist"":0.5542526413372407,""max_vel_theta"":0.9827596433484811,""max_vel_x"":1.1793115720181773,""min_obstacle_dist"":0.2610464307258642,""weight_obstacle"":55.34101686395969,""weight_optimaltime"":0.7922698915004731,""weight_viapoint"":1.0}",true,max_vel_theta:ackermann_turning_radius,true,WARNING,margin:warning|safety_mode:WARNING:conservative_filter,false,,1.7839530373874,1.910954492110923,-0.044999999999999575,-0.015011023387406487,-0.002571606805319804,-0.043654458826763165,-0.0,-0.02076436570403392,0.0,0.0,0.0,1.0,0.0,0.0,1.85750299715437,26.000000000003354,45.999999999999375,true,
t12_t12_safety_seed101,t12_t12_safety_seed101-episode-000006,8,9,40.266,38.464,38.474,38.504,38.564,39.064,0,0.44999999999999574,true,,0.6602408177247677,0.3249093400170933,0.009334765318094691,0.011652185857877733,0.3384494407172199,0.6206896551724138,28.47873563611519,0.0,0.0,"[1.0,-1.0,0.38375627994537354,1.0,-0.6098505854606628]","[0.12013518810272217,-0.3084273934364319,0.018306732177734375,0.22207581996917725,0.04143381118774414]","[1.0,-1.0,0.4020630121231079,1.0,-0.5684167742729187]","{""acc_lim_theta"":0.7783222695429186,""acc_lim_x"":0.6899893938056327,""inflation_dist"":0.5542526413372407,""max_vel_theta"":0.9827596433484811,""max_vel_x"":1.1793115720181773,""min_obstacle_dist"":0.2610464307258642,""weight_obstacle"":55.34101686395969,""weight_optimaltime"":0.7922698915004731,""weight_viapoint"":1.0}","{""acc_lim_theta"":0.7777520242591042,""acc_lim_x"":0.6740747282087098,""inflation_dist"":0.5540831529882894,""max_vel_theta"":0.9827596433484811,""max_vel_x"":1.1739957429828018,""min_obstacle_dist"":0.2544158214348602,""weight_obstacle"":55.11728783654551,""weight_optimaltime"":0.7614271521568299,""weight_viapoint"":1.0}","{""acc_lim_theta"":0.7777520242591042,""acc_lim_x"":0.6740747282087098,""inflation_dist"":0.5540831529882894,""max_vel_theta"":0.9783297858190015,""max_vel_x"":1.1739957429828018,""min_obstacle_dist"":0.2544158214348602,""weight_obstacle"":55.11728783654551,""weight_optimaltime"":0.7614271521568299,""weight_viapoint"":1.0}","{""acc_lim_theta"":0.7777520242591042,""acc_lim_x"":0.6740747282087098,""inflation_dist"":0.5542526413372407,""max_vel_theta"":0.9783297858190015,""max_vel_x"":1.1739957429828018,""min_obstacle_dist"":0.2610464307258642,""weight_obstacle"":55.34101686395969,""weight_optimaltime"":0.7614271521568299,""weight_viapoint"":1.0}","{""acc_lim_theta"":0.7777520242591042,""acc_lim_x"":0.6740747282087098,""inflation_dist"":0.5542526413372407,""max_vel_theta"":0.9783297858190015,""max_vel_x"":1.1739957429828018,""min_obstacle_dist"":0.2610464307258642,""weight_obstacle"":55.34101686395969,""weight_optimaltime"":0.7614271521568299,""weight_viapoint"":1.0}",true,max_vel_theta:ackermann_turning_radius,true,WARNING,margin:warning|safety_mode:WARNING:conservative_filter,false,,11.574051307059964,1.676657388538372,-0.044999999999999575,-0.0,-0.001023264960452274,-0.044521097917251104,-0.0,-0.012061718600704796,10.0,0.0,0.0,1.0,0.0,0.0,7.300982004380785,30.000000000001137,90.00000000000341,true,
t12_t12_safety_seed101,t12_t12_safety_seed101-episode-000007,0,1,41.816,41.278,41.282,41.304,41.314,41.814,0,0.44999999999999574,true,,5.05779981148818,4.594672424502822,0.005631460318137797,0.009572864197858414,0.5607078544154811,0.8538011695906432,0.4881030741863534,1.1640992646685675,0.06060992800822449,"[0.0,0.0,0.0,0.0,0.0]","[0.5643680095672607,-0.569898784160614,0.5991028547286987,0.07059264183044434,-0.6362296342849731]","[0.5643680095672607,-0.569898784160614,0.5991028547286987,0.07059264183044434,-0.6362296342849731]","{""acc_lim_theta"":0.8,""acc_lim_x"":0.8,""inflation_dist"":0.55,""max_vel_theta"":1.0,""max_vel_x"":1.2,""min_obstacle_dist"":0.25,""weight_obstacle"":50.0,""weight_optimaltime"":1.0,""weight_viapoint"":1.0}","{""acc_lim_theta"":0.8,""acc_lim_x"":0.796810040977355,""inflation_dist"":0.55,""max_vel_theta"":1.0,""max_vel_x"":1.2,""min_obstacle_dist"":0.252956973789861,""weight_obstacle"":53.43543191442548,""weight_optimaltime"":0.9430101215839386,""weight_viapoint"":1.0}","{""acc_lim_theta"":0.8,""acc_lim_x"":0.796810040977355,""inflation_dist"":0.55,""max_vel_theta"":1.0,""max_vel_x"":1.2,""min_obstacle_dist"":0.252956973789861,""weight_obstacle"":53.43543191442548,""weight_optimaltime"":0.9430101215839386,""weight_viapoint"":1.0}","{""acc_lim_theta"":0.8,""acc_lim_x"":0.796810040977355,""inflation_dist"":0.55,""max_vel_theta"":1.0,""max_vel_x"":1.2,""min_obstacle_dist"":0.252956973789861,""weight_obstacle"":53.43543191442548,""weight_optimaltime"":0.9430101215839386,""weight_viapoint"":1.0}","{""acc_lim_theta"":0.8,""acc_lim_x"":0.796810040977355,""inflation_dist"":0.55,""max_vel_theta"":1.0,""max_vel_x"":1.2,""min_obstacle_dist"":0.252956973789861,""weight_obstacle"":53.43543191442548,""weight_optimaltime"":0.9430101215839386,""weight_viapoint"":1.0}",false,,false,WARNING,margin:warning|safety_mode:WARNING:conservative_filter,false,,2.063729088684529,2.315636934926788,-0.044999999999999575,-0.002933908861595675,-2.3741068714464767e-05,-0.18370107752828024,-0.0,-0.020249118783668904,0.0,0.0,0.0,0.0,0.0,0.0,1.9020960025954992,22.00000000000557,32.00000000000358,true,
t12_t12_safety_seed101,t12_t12_safety_seed101-episode-000007,1,2,42.416,41.798,41.822,41.844,41.914,42.414,0,0.45000000000000284,true,,4.431695214604052,3.8967695122897146,0.01171819302467213,0.010801932701861514,0.5476472317152425,0.8743362831858407,0.4755393292621291,1.1627737065880552,-0.0029983177999924767,"[0.5643680095672607,-0.569898784160614,0.5991028547286987,0.07059264183044434,-0.6362296342849731]","[0.5813000202178955,-0.622577965259552,0.7131912708282471,0.052870988845825195,-0.6952224969863892]","[1.0,-1.0,1.0,0.12346363067626953,-1.0]","{""acc_lim_theta"":0.8,""acc_lim_x"":0.796810040977355,""inflation_dist"":0.55,""max_vel_theta"":1.0,""max_vel_x"":1.2,""min_obstacle_dist"":0.252956973789861,""weight_obstacle"":53.43543191442548,""weight_optimaltime"":0.9430101215839386,""weight_viapoint"":1.0}","{""acc_lim_theta"":0.8,""acc_lim_x"":0.7944316151080936,""inflation_dist"":0.55,""max_vel_theta"":1.0,""max_vel_x"":1.2,""min_obstacle_dist"":0.257766859871626,""weight_obstacle"":57.18940599087321,""weight_optimaltime"":0.8807523250579834,""weight_viapoint"":1.0}","{""acc_lim_theta"":0.8,""acc_lim_x"":0.7944316151080936,""inflation_dist"":0.55,""max_vel_theta"":1.0,""max_vel_x"":1.2,""min_obstacle_dist"":0.257766859871626,""weight_obstacle"":57.18940599087321,""weight_optimaltime"":0.8807523250579834,""weight_viapoint"":1.0}","{""acc_lim_theta"":0.8,""acc_lim_x"":0.7944316151080936,""inflation_dist"":0.55,""max_vel_theta"":1.0,""max_vel_x"":1.2,""min_obstacle_dist"":0.257766859871626,""weight_obstacle"":57.18940599087321,""weight_optimaltime"":0.8807523250579834,""weight_viapoint"":1.0}","{""acc_lim_theta"":0.8,""acc_lim_x"":0.7944316151080936,""inflation_dist"":0.55,""max_vel_theta"":1.0,""max_vel_x"":1.2,""min_obstacle_dist"":0.257766859871626,""weight_obstacle"":57.18940599087321,""weight_optimaltime"":0.8807523250579834,""weight_viapoint"":1.0}",false,,false,WARNING,margin:warning|safety_mode:WARNING:conservative_filter,false,,2.6030323466395795,2.6746285115716883,-0.04500000000000029,-0.004082598353134095,-3.421488087378906e-05,-1.2833399923599486e-06,-0.0,-0.022478068358107867,0.0,0.0,0.0,0.0,0.0,0.0,3.9162440079962835,21.999999999998465,91.99999999999875,true,
t12_t12_safety_seed101,t12_t12_safety_seed101-episode-000007,2,3,43.066,42.406,42.422,42.442,42.516,43.016,0,0.5,true,,3.733980104928061,3.153108496655271,0.019699786163270366,0.01085583649108196,0.5469440872193889,0.8435374149659864,0.4716112507916211,1.1615971682566715,0.0017289153726272502,"[1.0,-1.0,1.0,0.12346363067626953,-1.0]","[0.5537207126617432,-0.6779503226280212,0.47028231620788574,0.14688563346862793,-0.6894363760948181]","[1.0,-1.0,1.0,0.27034926414489746,-1.0]","{""acc_lim_theta"":0.8,""acc_lim_x"":0.7944316151080936,""inflation_dist"":0.55,""max_vel_theta"":1.0,""max_vel_x"":1.2,""min_obstacle_dist"":0.257766859871626,""weight_obstacle"":57.18940599087321,""weight_optimaltime"":0.8807523250579834,""weight_viapoint"":1.0}","{""acc_lim_theta"":0.8,""acc_lim_x"":0.7830035443265633,""inflation_dist"":0.55,""max_vel_theta"":1.0,""max_vel_x"":1.2,""min_obstacle_dist"":0.2547624681436425,""weight_obstacle"":60.9121369071466,""weight_optimaltime"":0.8129572927951813,""weight_viapoint"":1.0}","{""acc_lim_theta"":0.8,""acc_lim_x"":0.7830035443265633,""inflation_dist"":0.55,""max_vel_theta"":1.0,""max_vel_x"":1.2,""min_obstacle_dist"":0.2547624681436425,""weight_obstacle"":60.9121369071466,""weight_optimaltime"":0.8129572927951813,""weight_viapoint"":1.0}","{""acc_lim_theta"":0.8,""acc_lim_x"":0.7830035443265633,""inflation_dist"":0.55,""max_vel_theta"":1.0,""max_vel_x"":1.2,""min_obstacle_dist"":0.257766859871626,""weight_obstacle"":60.9121369071466,""weight_optimaltime"":0.8129572927951813,""weight_viapoint"":1.0}","{""acc_lim_theta"":0.8,""acc_lim_x"":0.7830035443265633,""inflation_dist"":0.55,""max_vel_theta"":1.0,""max_vel_x"":1.2,""min_obstacle_dist"":0.257766859871626,""weight_obstacle"":60.9121369071466,""weight_optimaltime"":0.8129572927951813,""weight_viapoint"":1.0}",false,,true,WARNING,margin:warning|safety_mode:WARNING:conservative_filter,false,,2.824337455996894,2.9043580413639503,-0.05,-0.006038606878831059,-0.00011566141776435115,-4.831089971708982e-06,-0.0,-0.02386148598048979,0.0,0.0,0.0,0.0,0.0,0.0,3.381236005225219,20.000000000003126,94.0000000000012,true,
t12_t12_safety_seed101,t12_t12_safety_seed101-episode-000007,3,4,43.664,43.058,43.07,43.098,43.114,43.614,0,0.5,true,,3.036950689609322,2.4571846409797398,0.025285927168318692,0.008779365905590017,0.5302905643634678,0.8277591973244147,0.4697070298581188,1.1593992627628837,-0.005528155216908564,"[1.0,-1.0,1.0,0.27034926414489746,-1.0]","[0.5819985866546631,-0.6796371340751648,0.31380772590637207,0.09956514835357666,-0.8158140182495117]","[1.0,-1.0,1.0,0.3699144124984741,-1.0]","{""acc_lim_theta"":0.8,""acc_lim_x"":0.7830035443265633,""inflation_dist"":0.55,""max_vel_theta"":1.0,""max_vel_x"":1.2,""min_obstacle_dist"":0.257766859871626,""weight_obstacle"":60.9121369071466,""weight_optimaltime"":0.8129572927951813,""weight_viapoint"":1.0}","{""acc_lim_theta"":0.8,""acc_lim_x"":0.771670162584677,""inflation_dist"":0.55,""max_vel_theta"":1.0,""max_vel_x"":1.2,""min_obstacle_dist"":0.2505135724571539,""weight_obstacle"":65.31726575292859,""weight_optimaltime"":0.7449935793876648,""weight_viapoint"":1.0}","{""acc_lim_theta"":0.8,""acc_lim_x"":0.771670162584677,""inflation_dist"":0.55,""max_vel_theta"":1.0,""max_vel_x"":1.2,""min_obstacle_dist"":0.2505135724571539,""weight_obstacle"":65.31726575292859,""weight_optimaltime"":0.7449935793876648,""weight_viapoint"":1.0}","{""acc_lim_theta"":0.8,""acc_lim_x"":0.771670162584677,""inflation_dist"":0.55,""max_vel_theta"":1.0,""max_vel_x"":1.2,""min_obstacle_dist"":0.257766859871626,""weight_obstacle"":65.31726575292859,""weight_optimaltime"":0.7449935793876648,""weight_viapoint"":1.0}","{""acc_lim_theta"":0.8,""acc_lim_x"":0.771670162584677,""inflation_dist"":0.55,""max_vel_theta"":1.0,""max_vel_x"":1.2,""min_obstacle_dist"":0.257766859871626,""weight_obstacle"":65.31726575292859,""weight_optimaltime"":0.7449935793876648,""weight_viapoint"":1.0}",false,,true,WARNING,margin:warning|safety_mode:WARNING:conservative_filter,false,,2.8146753622208793,2.898830243147912,-0.05,-0.008658740302826096,-0.0002545315570233345,-5.263258644336884e-06,-0.0,-0.02523634580853884,0.0,0.0,0.0,0.0,0.0,0.0,1.345026001217775,27.999999999998693,43.99999999999693,true,
t12_t12_safety_seed101,t12_t12_safety_seed101-episode-000007,4,5,44.216,43.658,43.666,43.684,43.714,44.214,0,0.44999999999999574,true,,2.341249852390108,1.8087336138708558,0.030789038031318047,0.010215270855386122,0.528788484184634,0.8294314381270903,0.47098835674801726,1.157675786785614,0.008352825149627922,"[1.0,-1.0,1.0,0.3699144124984741,-1.0]","[0.6645033359527588,-0.6434628367424011,0.41444170475006104,0.236686110496521,-0.8582950830459595]","[1.0,-1.0,1.0,0.6066005229949951,-1.0]","{""acc_lim_theta"":0.8,""acc_lim_x"":0.771670162584677,""inflation_dist"":0.55,""max_vel_theta"":1.0,""max_vel_x"":1.2,""min_obstacle_dist"":0.257766859871626,""weight_obstacle"":65.31726575292859,""weight_optimaltime"":0.7449935793876648,""weight_viapoint"":1.0}","{""acc_lim_theta"":0.8,""acc_lim_x"":0.7590912782654811,""inflation_dist"":0.55,""max_vel_theta"":1.0,""max_vel_x"":1.2,""min_obstacle_dist"":0.254056570858826,""weight_obstacle"":69.95177845305511,""weight_optimaltime"":0.6806472957134246,""weight_viapoint"":1.0}","{""acc_lim_theta"":0.8,""acc_lim_x"":0.7590912782654811,""inflation_dist"":0.55,""max_vel_theta"":1.0,""max_vel_x"":1.2,""min_obstacle_dist"":0.254056570858826,""weight_obstacle"":69.95177845305511,""weight_optimaltime"":0.6806472957134246,""weight_viapoint"":1.0}","{""acc_lim_theta"":0.8,""acc_lim_x"":0.7590912782654811,""inflation_dist"":0.55,""max_vel_theta"":1.0,""max_vel_x"":1.2,""min_obstacle_dist"":0.257766859871626,""weight_obstacle"":69.95177845305511,""weight_optimaltime"":0.6806472957134246,""weight_viapoint"":1.0}","{""acc_lim_theta"":0.8,""acc_lim_x"":0.7590912782654811,""inflation_dist"":0.55,""max_vel_theta"":1.0,""max_vel_x"":1.2,""min_obstacle_dist"":0.257766859871626,""weight_obstacle"":69.95177845305511,""weight_optimaltime"":0.6806472957134246,""weight_viapoint"":1.0}",false,,true,WARNING,margin:warning|safety_mode:WARNING:conservative_filter,false,,2.581766570205748,2.662581192596262,-0.044999999999999575,-0.010162756814628655,-0.0003658597604024883,-3.0026005839132493e-06,-0.0,-0.025283003214900058,0.0,0.0,0.0,0.0,0.0,0.0,0.69570800405927,18.000000000000682,48.00000000000182,true,
t12_t12_safety_seed101,t12_t12_safety_seed101-episode-000007,5,6,44.862,44.21,44.22,44.246,44.312,44.812,0,0.5,true,,1.6466240611287113,1.0688950185736943,0.04249520277498917,0.02077029235505329,0.5151639505952569,0.8404074702886248,0.4433000071475482,1.1621113067651936,0.009825687935265967,"[1.0,-1.0,1.0,0.6066005229949951,-1.0]","[0.7642842531204224,-0.7252974510192871,0.1642017364501953,-0.12054324150085449,-0.8190401792526245]","[1.0,-1.0,1.0,0.4860572814941406,-1.0]","{""acc_lim_theta"":0.8,""acc_lim_x"":0.7590912782654811,""inflation_dist"":0.55,""max_vel_theta"":1.0,""max_vel_x"":1.2,""min_obstacle_dist"":0.257766859871626,""weight_obstacle"":69.95177845305511,""weight_optimaltime"":0.6806472957134246,""weight_viapoint"":1.0}","{""acc_lim_theta"":0.7932092996536206,""acc_lim_x"":0.755654112870691,""inflation_dist"":0.55,""max_vel_theta"":1.0,""max_vel_x"":1.2,""min_obstacle_dist"":0.25,""weight_obstacle"":74.37432751297665,""weight_optimaltime"":0.608117550611496,""weight_viapoint"":1.0}","{""acc_lim_theta"":0.7932092996536206,""acc_lim_x"":0.755654112870691,""inflation_dist"":0.55,""max_vel_theta"":1.0,""max_vel_x"":1.2,""min_obstacle_dist"":0.25,""weight_obstacle"":74.37432751297665,""weight_optimaltime"":0.608117550611496,""weight_viapoint"":1.0}","{""acc_lim_theta"":0.7932092996536206,""acc_lim_x"":0.755654112870691,""inflation_dist"":0.55,""max_vel_theta"":1.0,""max_vel_x"":1.2,""min_obstacle_dist"":0.257766859871626,""weight_obstacle"":74.37432751297665,""weight_optimaltime"":0.608117550611496,""weight_viapoint"":1.0}","{""acc_lim_theta"":0.7932092996536206,""acc_lim_x"":0.755654112870691,""inflation_dist"":0.55,""max_vel_theta"":1.0,""max_vel_x"":1.2,""min_obstacle_dist"":0.257766859871626,""weight_obstacle"":74.37432751297665,""weight_optimaltime"":0.608117550611496,""weight_viapoint"":1.0}",false,,true,WARNING,margin:warning|safety_mode:WARNING:conservative_filter,false,,2.79908601169898,2.888645212775085,-0.05,-0.012969216479281058,-0.000671397038618503,-1.0573982684456969e-05,-0.0,-0.025908013575521183,0.0,0.0,0.0,0.0,0.0,0.0,1.592189000803046,26.000000000003354,91.99999999999875,true,
t12_t12_safety_seed101,t12_t12_safety_seed101-episode-000007,6,7,46.62,44.858,44.866,44.894,44.91,45.41,0,0.5,true,,0.9526860181736111,0.4822286521197218,0.01013540288389272,0.006246286176129646,0.49590363445505503,0.864963503649635,9.9180726891011,0.0,0.0,"[1.0,-1.0,1.0,0.4860572814941406,-1.0]","[0.7871097326278687,-0.6008836627006531,0.07304096221923828,-0.18402355909347534,-0.7860814332962036]","[1.0,-1.0,1.0,0.3020337224006653,-1.0]","{""acc_lim_theta"":0.7932092996536206,""acc_lim_x"":0.755654112870691,""inflation_dist"":0.55,""max_vel_theta"":1.0,""max_vel_x"":1.2,""min_obstacle_dist"":0.257766859871626,""weight_obstacle"":74.37432751297665,""weight_optimaltime"":0.608117550611496,""weight_viapoint"":1.0}","{""acc_lim_theta"":0.7827503211656547,""acc_lim_x"":0.7577339170401389,""inflation_dist"":0.55,""max_vel_theta"":1.0,""max_vel_x"":1.2,""min_obstacle_dist"":0.25,""weight_obstacle"":78.61891012553932,""weight_optimaltime"":0.5480291843414307,""weight_viapoint"":1.0}","{""acc_lim_theta"":0.7827503211656547,""acc_lim_x"":0.7577339170401389,""inflation_dist"":0.55,""max_vel_theta"":1.0,""max_vel_x"":1.2,""min_obstacle_dist"":0.25,""weight_obstacle"":78.61891012553932,""weight_optimaltime"":0.5480291843414307,""weight_viapoint"":1.0}","{""acc_lim_theta"":0.7827503211656547,""acc_lim_x"":0.7577339170401389,""inflation_dist"":0.55,""max_vel_theta"":1.0,""max_vel_x"":1.2,""min_obstacle_dist"":0.257766859871626,""weight_obstacle"":78.61891012553932,""weight_optimaltime"":0.5480291843414307,""weight_viapoint"":1.0}","{""acc_lim_theta"":0.7827503211656547,""acc_lim_x"":0.7577339170401389,""inflation_dist"":0.55,""max_vel_theta"":1.0,""max_vel_x"":1.2,""min_obstacle_dist"":0.257766859871626,""weight_obstacle"":78.61891012553932,""weight_optimaltime"":0.5480291843414307,""weight_viapoint"":1.0}",false,,true,WARNING,margin:warning|safety_mode:WARNING:conservative_filter,false,,12.234804202319616,2.3522868302694464,-0.05,-0.01722437053435214,-0.0012182037580393268,-0.02539851951394825,-0.0,-0.023641534143491877,10.0,0.0,0.0,0.0,0.0,0.0,1.883963996078819,27.999999999998693,43.99999999999693,true,
t12_t12_safety_seed101,t12_t12_safety_seed101-episode-000008,0,1,48.22,47.618,47.62,47.644,47.67,48.17,0,0.5,true,,5.387822150467053,5.1826877535696845,0.154914488387369,0.27830648848099426,30.0,0.0,84.85945547298346,-0.3535257188817461,0.29343617134941596,"[0.0,0.0,0.0,0.0,0.0]","[-0.2549504041671753,0.29584383964538574,0.12007689476013184,-0.24968326091766357,-0.21332627534866333]","[-0.2549504041671753,0.29584383964538574,0.12007689476013184,-0.24968326091766357,-0.21332627534866333]","{""acc_lim_theta"":0.8,""acc_lim_x"":0.8,""inflation_dist"":0.55,""max_vel_theta"":1.0,""max_vel_x"":1.2,""min_obstacle_dist"":0.25,""weight_obstacle"":50.0,""weight_optimaltime"":1.0,""weight_viapoint"":1.0}","{""acc_lim_theta"":0.8,""acc_lim_x"":0.8,""inflation_dist"":0.55,""max_vel_theta"":1.0,""max_vel_x"":1.2,""min_obstacle_dist"":0.26006319377172044,""weight_obstacle"":51.15189210785812,""weight_optimaltime"":1.0,""weight_viapoint"":1.0}","{""acc_lim_theta"":0.8,""acc_lim_x"":0.8,""inflation_dist"":0.55,""max_vel_theta"":1.0,""max_vel_x"":1.2,""min_obstacle_dist"":0.26006319377172044,""weight_obstacle"":51.15189210785812,""weight_optimaltime"":1.0,""weight_viapoint"":1.0}","{""acc_lim_theta"":0.8,""acc_lim_x"":0.8,""inflation_dist"":0.55,""max_vel_theta"":1.0,""max_vel_x"":1.2,""min_obstacle_dist"":0.26006319377172044,""weight_obstacle"":51.15189210785812,""weight_optimaltime"":1.0,""weight_viapoint"":1.0}","{""acc_lim_theta"":0.8,""acc_lim_x"":0.8,""inflation_dist"":0.55,""max_vel_theta"":1.0,""max_vel_x"":1.2,""min_obstacle_dist"":0.26006319377172044,""weight_obstacle"":51.15189210785812,""weight_optimaltime"":1.0,""weight_viapoint"":1.0}",false,,false,NORMAL,,false,,-0.733284550390317,1.0256719844868423,-0.05,-0.0,-0.009042457725329672,-1.6935850154274252,-0.0,-0.006329061724404408,0.0,0.0,0.0,0.0,0.0,0.0,1.6973440069705248,24.00000000000091,50.00000000000426,true,
t12_t12_safety_seed101,t12_t12_safety_seed101-episode-000008,1,2,48.772,48.218,48.222,48.252,48.27,48.77,0,0.4519999999999982,true,,5.214044864375815,5.127899641509544,0.06368014474934144,0.4212424282446089,30.0,0.0,39.22719612803288,0.764775537412452,0.5182475155110435,"[-0.2549504041671753,0.29584383964538574,0.12007689476013184,-0.24968326091766357,-0.21332627534866333]","[-0.23657697439193726,0.26866722106933594,-0.030047118663787842,-0.2256060242652893,-0.10087728500366211]","[-0.49152737855911255,0.5645110607147217,0.090029776096344,-0.4752892851829529,-0.31420356035232544]","{""acc_lim_theta"":0.8,""acc_lim_x"":0.8,""inflation_dist"":0.55,""max_vel_theta"":1.0,""max_vel_x"":1.2,""min_obstacle_dist"":0.26006319377172044,""weight_obstacle"":51.15189210785812,""weight_optimaltime"":1.0,""weight_viapoint"":1.0}","{""acc_lim_theta"":0.8,""acc_lim_x"":0.8,""inflation_dist"":0.5502781838114869,""max_vel_theta"":1.0,""max_vel_x"":1.2,""min_obstacle_dist"":0.2654596649595448,""weight_obstacle"":51.69659644991797,""weight_optimaltime"":1.0,""weight_viapoint"":1.0}","{""acc_lim_theta"":0.8,""acc_lim_x"":0.8,""inflation_dist"":0.5502781838114869,""max_vel_theta"":1.0,""max_vel_x"":1.2,""min_obstacle_dist"":0.2654596649595448,""weight_obstacle"":51.69659644991797,""weight_optimaltime"":1.0,""weight_viapoint"":1.0}","{""acc_lim_theta"":0.8,""acc_lim_x"":0.8,""inflation_dist"":0.5502781838114869,""max_vel_theta"":1.0,""max_vel_x"":1.2,""min_obstacle_dist"":0.2654596649595448,""weight_obstacle"":51.69659644991797,""weight_optimaltime"":1.0,""weight_viapoint"":1.0}","{""acc_lim_theta"":0.8,""acc_lim_x"":0.8,""inflation_dist"":0.5502781838114869,""max_vel_theta"":1.0,""max_vel_x"":1.2,""min_obstacle_dist"":0.2654596649595448,""weight_obstacle"":51.69659644991797,""weight_optimaltime"":1.0,""weight_viapoint"":1.0}",false,,false,NORMAL,,false,,0.15032608726744795,0.4307261143313523,-0.045199999999999824,-0.0,-0.00575226558176566,-0.22612028323389322,-0.0,-0.003327478248245687,0.0,0.0,0.0,0.0,0.0,0.0,1.5268150018528104,30.000000000001137,48.00000000000182,true,
t12_t12_safety_seed101,t12_t12_safety_seed101-episode-000008,2,3,49.418,48.758,48.774,48.798,48.868,49.368,0,0.5,true,,5.006561205984659,4.432109744530311,0.19074695604775055,0.6920498797690753,30.0,0.0,25.733906317434432,1.1657771513559656,0.13100270480524734,"[-0.49152737855911255,0.5645110607147217,0.090029776096344,-0.4752892851829529,-0.31420356035232544]","[-0.07384335994720459,0.10689008235931396,-0.10527253150939941,-0.19930791854858398,-0.09221678972244263]","[-0.5653707385063171,0.6714011430740356,-0.01524275541305542,-0.6745972037315369,-0.40642035007476807]","{""acc_lim_theta"":0.8,""acc_lim_x"":0.8,""inflation_dist"":0.5502781838114869,""max_vel_theta"":1.0,""max_vel_x"":1.2,""min_obstacle_dist"":0.2654596649595448,""weight_obstacle"":51.69659644991797,""weight_optimaltime"":1.0,""weight_viapoint"":1.0}","{""acc_lim_theta"":0.8,""acc_lim_x"":0.8,""inflation_dist"":0.5512528234895151,""max_vel_theta"":1.0,""max_vel_x"":1.2,""min_obstacle_dist"":0.26509594776214596,""weight_obstacle"":52.19453695030724,""weight_optimaltime"":1.0,""weight_viapoint"":1.0}","{""acc_lim_theta"":0.8,""acc_lim_x"":0.8,""inflation_dist"":0.5512528234895151,""max_vel_theta"":1.0,""max_vel_x"":1.2,""min_obstacle_dist"":0.26509594776214596,""weight_obstacle"":52.19453695030724,""weight_optimaltime"":1.0,""weight_viapoint"":1.0}","{""acc_lim_theta"":0.8,""acc_lim_x"":0.8,""inflation_dist"":0.5512528234895151,""max_vel_theta"":1.0,""max_vel_x"":1.2,""min_obstacle_dist"":0.26509594776214596,""weight_obstacle"":52.19453695030724,""weight_optimaltime"":1.0,""weight_viapoint"":1.0}","{""acc_lim_theta"":0.8,""acc_lim_x"":0.8,""inflation_dist"":0.5512528234895151,""max_vel_theta"":1.0,""max_vel_x"":1.2,""min_obstacle_dist"":0.26509594776214596,""weight_obstacle"":52.19453695030724,""weight_optimaltime"":1.0,""weight_viapoint"":1.0}",false,,false,NORMAL,,false,,2.764816926384114,2.8722573072717417,-0.05,-0.0,-0.011569112401126604,-0.04445143212732636,-0.0,-0.0014198363591747245,0.0,0.0,0.0,0.0,0.0,0.0,1.5883099986240268,24.00000000000091,94.0000000000012,true,
t12_t12_safety_seed101,t12_t12_safety_seed101-episode-000008,3,4,49.972,49.418,49.42,49.45,49.47,49.97,0,0.44999999999999574,true,,4.31609712382689,3.7828117437112065,0.06318567124590835,0.6815139760736659,30.0,0.0,25.732539259398834,1.1658390840321937,0.0024219679323804057,"[-0.5653707385063171,0.6714011430740356,-0.01524275541305542,-0.6745972037315369,-0.40642035007476807]","[-0.052005231380462646,0.29013776779174805,-0.10209208726882935,-0.3281898498535156,0.006380677223205566]","[-0.6173759698867798,0.9615389108657837,-0.11733484268188477,-1.0,-0.4000396728515625]","{""acc_lim_theta"":0.8,""acc_lim_x"":0.8,""inflation_dist"":0.5512528234895151,""max_vel_theta"":1.0,""max_vel_x"":1.2,""min_obstacle_dist"":0.26509594776214596,""weight_obstacle"":52.19453695030724,""weight_optimaltime"":1.0,""weight_viapoint"":1.0}","{""acc_lim_theta"":0.7934609018649639,""acc_lim_x"":0.8,""inflation_dist"":0.552198017811702,""max_vel_theta"":1.0,""max_vel_x"":1.2,""min_obstacle_dist"":0.2690499174336194,""weight_obstacle"":52.16008338042145,""weight_optimaltime"":1.0,""weight_viapoint"":1.0}","{""acc_lim_theta"":0.7934609018649639,""acc_lim_x"":0.8,""inflation_dist"":0.552198017811702,""max_vel_theta"":1.0,""max_vel_x"":1.2,""min_obstacle_dist"":0.2690499174336194,""weight_obstacle"":52.16008338042145,""weight_optimaltime"":1.0,""weight_viapoint"":1.0}","{""acc_lim_theta"":0.7934609018649639,""acc_lim_x"":0.8,""inflation_dist"":0.552198017811702,""max_vel_theta"":1.0,""max_vel_x"":1.2,""min_obstacle_dist"":0.2690499174336194,""weight_obstacle"":52.16008338042145,""weight_optimaltime"":1.0,""weight_viapoint"":1.0}","{""acc_lim_theta"":0.7934609018649639,""acc_lim_x"":0.8,""inflation_dist"":0.552198017811702,""max_vel_theta"":1.0,""max_vel_x"":1.2,""min_obstacle_dist"":0.2690499174336194,""weight_obstacle"":52.16008338042145,""weight_optimaltime"":1.0,""weight_viapoint"":1.0}",false,,false,NORMAL,,false,,2.6144674800286225,2.666426900578418,-0.044999999999999575,-0.0,-0.0034037285906859827,-3.668963654311432e-07,-0.0,-0.003555325062744818,0.0,0.0,0.0,0.0,0.0,0.0,1.5102080069482327,30.000000000001137,49.99999999999716,true,
t12_t12_safety_seed101,t12_t12_safety_seed101-episode-000008,4,5,50.57,49.97,49.974,49.996,50.068,50.568,0,0.45000000000000284,true,,3.620559746433287,3.088162398860212,0.03415413945316714,0.6835692055582758,30.0,0.0,25.683478152284323,1.1680660937791154,-0.0008315692351323531,"[-0.6173759698867798,0.9615389108657837,-0.11733484268188477,-1.0,-0.4000396728515625]","[0.043320655822753906,0.2622950077056885,-0.07097887992858887,-0.29861319065093994,0.01093137264251709]","[-0.5740553140640259,1.0,-0.18831372261047363,-1.0,-0.3891083002090454]","{""acc_lim_theta"":0.7934609018649639,""acc_lim_x"":0.8,""inflation_dist"":0.552198017811702,""max_vel_theta"":1.0,""max_vel_x"":1.2,""min_obstacle_dist"":0.2690499174336194,""weight_obstacle"":52.16008338042145,""weight_optimaltime"":1.0,""weight_viapoint"":1.0}","{""acc_lim_theta"":0.783645827671172,""acc_lim_x"":0.8,""inflation_dist"":0.552855158204248,""max_vel_theta"":1.0,""max_vel_x"":1.2,""min_obstacle_dist"":0.27319795556664245,""weight_obstacle"":52.10105754380385,""weight_optimaltime"":1.0,""weight_viapoint"":1.0}","{""acc_lim_theta"":0.783645827671172,""acc_lim_x"":0.8,""inflation_dist"":0.552855158204248,""max_vel_theta"":1.0,""max_vel_x"":1.2,""min_obstacle_dist"":0.27319795556664245,""weight_obstacle"":52.10105754380385,""weight_optimaltime"":1.0,""weight_viapoint"":1.0}","{""acc_lim_theta"":0.783645827671172,""acc_lim_x"":0.8,""inflation_dist"":0.552855158204248,""max_vel_theta"":1.0,""max_vel_x"":1.2,""min_obstacle_dist"":0.27319795556664245,""weight_obstacle"":52.10105754380385,""weight_optimaltime"":1.0,""weight_viapoint"":1.0}","{""acc_lim_theta"":0.783645827671172,""acc_lim_x"":0.8,""inflation_dist"":0.552855158204248,""max_vel_theta"":1.0,""max_vel_x"":1.2,""min_obstacle_dist"":0.27319795556664245,""weight_obstacle"":52.10105754380385,""weight_optimaltime"":1.0,""weight_viapoint"":1.0}",false,,false,NORMAL,,false,,2.607662754888617,2.661986737865374,-0.04500000000000029,-0.0,-0.0048946541380939495,-1.0538965899850843e-05,-0.0,-0.004418789872762701,0.0,0.0,0.0,0.0,0.0,0.0,1.2879900023108348,22.00000000000557,94.0000000000012,true,
t12_t12_safety_seed101,t12_t12_safety_seed101-episode-000008,5,6,51.168,50.566,50.572,50.594,50.666,51.166,0,0.45000000000000284,true,,2.92657406777916,2.396194064214314,0.12297150496436772,0.6675786375459907,30.0,0.0,25.701956741534985,1.167226305050902,-0.11476041123572274,"[-0.5740553140640259,1.0,-0.18831372261047363,-1.0,-0.3891083002090454]","[0.2539539337158203,0.2205897569656372,-0.03847473859786987,-0.14779126644134521,0.06981492042541504]","[-0.32010138034820557,1.0,-0.2267884612083435,-1.0,-0.31929337978363037]","{""acc_lim_theta"":0.783645827671172,""acc_lim_x"":0.8,""inflation_dist"":0.552855158204248,""max_vel_theta"":1.0,""max_vel_x"":1.2,""min_obstacle_dist"":0.27319795556664245,""weight_obstacle"":52.10105754380385,""weight_optimaltime"":1.0,""weight_viapoint"":1.0}","{""acc_lim_theta"":0.7671544882671637,""acc_lim_x"":0.8,""inflation_dist"":0.5532113670490586,""max_vel_theta"":1.0,""max_vel_x"":1.2,""min_obstacle_dist"":0.2772573300256499,""weight_obstacle"":51.72407980996708,""weight_optimaltime"":1.0,""weight_viapoint"":1.0}","{""acc_lim_theta"":0.7671544882671637,""acc_lim_x"":0.8,""inflation_dist"":0.5532113670490586,""max_vel_theta"":1.0,""max_vel_x"":1.2,""min_obstacle_dist"":0.2772573300256499,""weight_obstacle"":51.72407980996708,""weight_optimaltime"":1.0,""weight_viapoint"":1.0}","{""acc_lim_theta"":0.7671544882671637,""acc_lim_x"":0.8,""inflation_dist"":0.5532113670490586,""max_vel_theta"":1.0,""max_vel_x"":1.2,""min_obstacle_dist"":0.2772573300256499,""weight_obstacle"":51.72407980996708,""weight_optimaltime"":1.0,""weight_viapoint"":1.0}","{""acc_lim_theta"":0.7671544882671637,""acc_lim_x"":0.8,""inflation_dist"":0.5532113670490586,""max_vel_theta"":1.0,""max_vel_x"":1.2,""min_obstacle_dist"":0.2772573300256499,""weight_obstacle"":51.72407980996708,""weight_optimaltime"":1.0,""weight_viapoint"":1.0}",false,,false,NORMAL,,false,,2.597159123279456,2.6519000178242313,-0.04500000000000029,-0.0,-0.003102684305020793,-3.5896181815323854e-05,-0.0,-0.0066023140579387464,0.0,0.0,0.0,0.0,0.0,0.0,1.1160030117025599,21.999999999998465,93.99999999999409,true,
t12_t12_safety_seed101,t12_t12_safety_seed101-episode-000008,6,7,51.77,51.166,51.172,51.192,51.268,51.768,0,0.44999999999999574,true,,2.2366380453972226,1.7209066546215186,0.11305620676392851,0.6488099418751485,30.0,0.0,25.536117439431983,1.1748066271685862,0.11467303832132515,"[-0.32010138034820557,1.0,-0.2267884612083435,-1.0,-0.31929337978363037]","[0.061603665351867676,0.24028539657592773,-0.20330071449279785,-0.29798829555511475,0.06043994426727295]","[-0.2584977149963379,1.0,-0.43008917570114136,-1.0,-0.2588534355163574]","{""acc_lim_theta"":0.7671544882671637,""acc_lim_x"":0.8,""inflation_dist"":0.5532113670490586,""max_vel_theta"":1.0,""max_vel_x"":1.2,""min_obstacle_dist"":0.2772573300256499,""weight_obstacle"":51.72407980996708,""weight_optimaltime"":1.0,""weight_viapoint"":1.0}","{""acc_lim_theta"":0.7549509137132884,""acc_lim_x"":0.8,""inflation_dist"":0.5550935763972633,""max_vel_theta"":1.0,""max_vel_x"":1.2,""min_obstacle_dist"":0.27733694441148016,""weight_obstacle"":51.397723880829574,""weight_optimaltime"":1.0,""weight_viapoint"":1.0}","{""acc_lim_theta"":0.7549509137132884,""acc_lim_x"":0.8,""inflation_dist"":0.5550935763972633,""max_vel_theta"":1.0,""max_vel_x"":1.2,""min_obstacle_dist"":0.27733694441148016,""weight_obstacle"":51.397723880829574,""weight_optimaltime"":1.0,""weight_viapoint"":1.0}","{""acc_lim_theta"":0.7549509137132884,""acc_lim_x"":0.8,""inflation_dist"":0.5550935763972633,""max_vel_theta"":1.0,""max_vel_x"":1.2,""min_obstacle_dist"":0.27733694441148016,""weight_obstacle"":51.397723880829574,""weight_optimaltime"":1.0,""weight_viapoint"":1.0}","{""acc_lim_theta"":0.7549509137132884,""acc_lim_x"":0.8,""inflation_dist"":0.5550935763972633,""max_vel_theta"":1.0,""max_vel_x"":1.2,""min_obstacle_dist"":0.27733694441148016,""weight_obstacle"":51.397723880829574,""weight_optimaltime"":1.0,""weight_viapoint"":1.0}",false,,false,NORMAL,,false,,2.520435649471547,2.57865695387852,-0.044999999999999575,-0.0,-0.008909865835229382,-3.8213221180482405e-05,-0.0,-0.0042732253505630095,0.0,0.0,0.0,0.0,0.0,0.0,1.1673910048557445,20.000000000003126,96.00000000000364,true,
t12_t12_safety_seed101,t12_t12_safety_seed101-episode-000008,7,8,52.416,51.768,51.772,51.798,51.866,52.366,0,0.5,true,,1.5653047463048448,1.0116261704458878,0.2392257035303977,0.8501482287995152,30.0,0.0,26.469680491213797,1.1333721995608537,0.5075574880732229,"[-0.2584977149963379,1.0,-0.43008917570114136,-1.0,-0.2588534355163574]","[0.09361350536346436,0.2661745548248291,-0.23127371072769165,-0.25793349742889404,0.02472686767578125]","[-0.16488420963287354,1.0,-0.661362886428833,-1.0,-0.23412656784057617]","{""acc_lim_theta"":0.7549509137132884,""acc_lim_x"":0.8,""inflation_dist"":0.5550935763972633,""max_vel_theta"":1.0,""max_vel_x"":1.2,""min_obstacle_dist"":0.27733694441148016,""weight_obstacle"":51.397723880829574,""weight_optimaltime"":1.0,""weight_viapoint"":1.0}","{""acc_lim_theta"":0.7436707108138821,""acc_lim_x"":0.8,""inflation_dist"":0.5572347668077923,""max_vel_theta"":1.0,""max_vel_x"":1.2,""min_obstacle_dist"":0.27726185894953803,""weight_obstacle"":51.26420688353877,""weight_optimaltime"":1.0,""weight_viapoint"":1.0}","{""acc_lim_theta"":0.7436707108138821,""acc_lim_x"":0.8,""inflation_dist"":0.5572347668077923,""max_vel_theta"":1.0,""max_vel_x"":1.2,""min_obstacle_dist"":0.27726185894953803,""weight_obstacle"":51.26420688353877,""weight_optimaltime"":1.0,""weight_viapoint"":1.0}","{""acc_lim_theta"":0.7436707108138821,""acc_lim_x"":0.8,""inflation_dist"":0.5572347668077923,""max_vel_theta"":1.0,""max_vel_x"":1.2,""min_obstacle_dist"":0.27726185894953803,""weight_obstacle"":51.26420688353877,""weight_optimaltime"":1.0,""weight_viapoint"":1.0}","{""acc_lim_theta"":0.7436707108138821,""acc_lim_x"":0.8,""inflation_dist"":0.5572347668077923,""max_vel_theta"":1.0,""max_vel_x"":1.2,""min_obstacle_dist"":0.27726185894953803,""weight_obstacle"":51.26420688353877,""weight_optimaltime"":1.0,""weight_viapoint"":1.0}",false,,false,NORMAL,,false,,2.6942361090892923,2.7683928792947854,-0.05,-0.0,-0.01953688448513072,-0.000890998127429766,-0.0,-0.0037288875929325778,0.0,0.0,0.0,0.0,0.0,0.0,1.6668190073687583,26.000000000003354,94.0000000000012,true,
t12_t12_safety_seed101,t12_t12_safety_seed101-episode-000008,8,9,54.276,52.402,52.42,52.444,52.466,52.966,0,0.5,true,,0.9038887821829822,0.44406145202542086,0.00532943869074311,0.0035317424466416725,30.0,0.0,600.0,0.0,0.0,"[-0.16488420963287354,1.0,-0.661362886428833,-1.0,-0.23412656784057617]","[0.09173417091369629,0.22755670547485352,-0.2802621126174927,-0.22645843029022217,0.08649814128875732]","[-0.07315003871917725,1.0,-0.9416249990463257,-1.0,-0.14762842655181885]","{""acc_lim_theta"":0.7436707108138821,""acc_lim_x"":0.8,""inflation_dist"":0.5572347668077923,""max_vel_theta"":1.0,""max_vel_x"":1.2,""min_obstacle_dist"":0.27726185894953803,""weight_obstacle"":51.26420688353877,""weight_optimaltime"":1.0,""weight_viapoint"":1.0}","{""acc_lim_theta"":0.7312063310248453,""acc_lim_x"":0.8,""inflation_dist"":0.5598295042125885,""max_vel_theta"":1.0,""max_vel_x"":1.2,""min_obstacle_dist"":0.2749768619790866,""weight_obstacle"":50.79714521412149,""weight_optimaltime"":1.0,""weight_viapoint"":1.0}","{""acc_lim_theta"":0.7312063310248453,""acc_lim_x"":0.8,""inflation_dist"":0.5598295042125885,""max_vel_theta"":1.0,""max_vel_x"":1.2,""min_obstacle_dist"":0.2749768619790866,""weight_obstacle"":50.79714521412149,""weight_optimaltime"":1.0,""weight_viapoint"":1.0}","{""acc_lim_theta"":0.7312063310248453,""acc_lim_x"":0.8,""inflation_dist"":0.5598295042125885,""max_vel_theta"":1.0,""max_vel_x"":1.2,""min_obstacle_dist"":0.2749768619790866,""weight_obstacle"":50.79714521412149,""weight_optimaltime"":1.0,""weight_viapoint"":1.0}","{""acc_lim_theta"":0.7312063310248453,""acc_lim_x"":0.8,""inflation_dist"":0.5598295042125885,""max_vel_theta"":1.0,""max_vel_x"":1.2,""min_obstacle_dist"":0.2749768619790866,""weight_obstacle"":50.79714521412149,""weight_optimaltime"":1.0,""weight_viapoint"":1.0}",false,,false,NORMAL,,false,,12.206355393635496,2.2991366507878066,-0.05,-0.0,-0.010157032344586684,-0.026918654189221958,-0.0,-0.005705570618501813,10.0,0.0,0.0,0.0,0.0,0.0,1.759969993145205,24.00000000000091,45.999999999999375,true,
t12_t12_safety_seed101,t12_t12_safety_seed101-episode-000009,0,1,55.842,55.278,55.282,55.306,55.324,55.824,0,0.4680000000000035,true,,5.805936404527045,5.397994683470214,0.07139365794666079,0.28013237469829066,1.5611321432653222,0.0,1.3423771643522326,1.1629608911133782,0.46305432007624714,"[0.0,0.0,0.0,0.0,0.0]","[0.1358572244644165,-0.49477577209472656,-0.02633082866668701,0.2591286897659302,-0.04320245981216431]","[0.1358572244644165,-0.49477577209472656,-0.02633082866668701,0.2591286897659302,-0.04320245981216431]","{""acc_lim_theta"":0.8,""acc_lim_x"":0.8,""inflation_dist"":0.55,""max_vel_theta"":1.0,""max_vel_x"":1.2,""min_obstacle_dist"":0.25,""weight_obstacle"":50.0,""weight_optimaltime"":1.0,""weight_viapoint"":1.0}","{""acc_lim_theta"":0.8,""acc_lim_x"":0.7764069958750096,""inflation_dist"":0.5502437774603305,""max_vel_theta"":1.0,""max_vel_x"":1.1990366415065472,""min_obstacle_dist"":0.25,""weight_obstacle"":50.23327915146108,""weight_optimaltime"":0.9505224227905273,""weight_viapoint"":1.0}","{""acc_lim_theta"":0.8,""acc_lim_x"":0.7764069958750096,""inflation_dist"":0.5502437774603305,""max_vel_theta"":0.9991972012554561,""max_vel_x"":1.1990366415065472,""min_obstacle_dist"":0.25,""weight_obstacle"":50.23327915146108,""weight_optimaltime"":0.9505224227905273,""weight_viapoint"":1.0}","{""acc_lim_theta"":0.8,""acc_lim_x"":0.7764069958750096,""inflation_dist"":0.5502437774603305,""max_vel_theta"":0.9991972012554561,""max_vel_x"":1.1990366415065472,""min_obstacle_dist"":0.25,""weight_obstacle"":50.23327915146108,""weight_optimaltime"":0.9505224227905273,""weight_viapoint"":1.0}","{""acc_lim_theta"":0.8,""acc_lim_x"":0.7764069958750096,""inflation_dist"":0.5502437774603305,""max_vel_theta"":0.9991972012554561,""max_vel_x"":1.1990366415065472,""min_obstacle_dist"":0.25,""weight_obstacle"":50.23327915146108,""weight_optimaltime"":0.9505224227905273,""weight_viapoint"":1.0}",true,max_vel_theta:ackermann_turning_radius,false,NORMAL,,false,,1.7923843502950312,2.0397086052841518,-0.046800000000000355,-0.0,-0.00036739359435426533,-0.18350576641793256,-0.0,-0.016651094976833435,0.0,0.0,0.0,1.0,0.0,0.0,1.963854010682553,24.00000000000091,42.00000000000159,true,
t12_t12_safety_seed101,t12_t12_safety_seed101-episode-000009,1,2,56.422,55.838,55.844,55.864,55.92,56.42,0,0.4519999999999982,true,,5.243323756410818,4.780979892296086,0.05715374405599959,0.41347629501802075,0.876111691699467,0.9705882352941176,0.752603134667949,1.1641084807413278,0.022780045103242257,"[0.1358572244644165,-0.49477577209472656,-0.02633082866668701,0.2591286897659302,-0.04320245981216431]","[0.31860852241516113,-0.37968146800994873,-0.15132033824920654,0.20856475830078125,-0.14363116025924683]","[0.45446574687957764,-0.8744572401046753,-0.17765116691589355,0.4676934480667114,-0.18683362007141113]","{""acc_lim_theta"":0.8,""acc_lim_x"":0.7764069958750096,""inflation_dist"":0.5502437774603305,""max_vel_theta"":0.9991972012554561,""max_vel_x"":1.1990366415065472,""min_obstacle_dist"":0.25,""weight_obstacle"":50.23327915146108,""weight_optimaltime"":0.9505224227905273,""weight_viapoint"":1.0}","{""acc_lim_theta"":0.7971980083721967,""acc_lim_x"":0.7598045506806197,""inflation_dist"":0.5516447393602271,""max_vel_theta"":0.9991972012554561,""max_vel_x"":1.2,""min_obstacle_dist"":0.25,""weight_obstacle"":51.008840435108496,""weight_optimaltime"":0.9125542759895324,""weight_viapoint"":1.0}","{""acc_lim_theta"":0.7971980083721967,""acc_lim_x"":0.7598045506806197,""inflation_dist"":0.5516447393602271,""max_vel_theta"":0.9991972012554561,""max_vel_x"":1.2,""min_obstacle_dist"":0.25,""weight_obstacle"":51.008840435108496,""weight_optimaltime"":0.9125542759895324,""weight_viapoint"":1.0}","{""acc_lim_theta"":0.7971980083721967,""acc_lim_x"":0.7598045506806197,""inflation_dist"":0.5516447393602271,""max_vel_theta"":0.9991972012554561,""max_vel_x"":1.1990366415065472,""min_obstacle_dist"":0.25,""weight_obstacle"":51.008840435108496,""weight_optimaltime"":0.9125542759895324,""weight_viapoint"":1.0}","{""acc_lim_theta"":0.7971980083721967,""acc_lim_x"":0.7598045506806197,""inflation_dist"":0.5516447393602271,""max_vel_theta"":0.9991972012554561,""max_vel_x"":1.1990366415065472,""min_obstacle_dist"":0.25,""weight_obstacle"":51.008840435108496,""weight_optimaltime"":0.9125542759895324,""weight_viapoint"":1.0}",false,,true,WARNING,margin:warning|safety_mode:WARNING:conservative_filter,false,,2.2503474496537015,2.3117193205736575,-0.045199999999999824,-0.0,-0.0016937758361372612,-8.195912223497578e-05,-0.0,-0.014396135961584011,0.0,0.0,0.0,0.0,0.0,0.0,1.1388169950805604,19.99999999999602,76.00000000000051,true,
t12_t12_safety_seed101,t12_t12_safety_seed101-episode-000009,2,3,57.07,56.418,56.424,56.448,56.52,57.02,0,0.5,true,,4.619031689871323,4.127041171063569,0.12345145572047181,0.4022902894006202,0.5220788388308893,1.0,0.44898258531219154,1.1628042064657624,-0.14791634994077688,"[0.45446574687957764,-0.8744572401046753,-0.17765116691589355,0.4676934480667114,-0.18683362007141113]","[0.7016477584838867,-0.16641521453857422,0.0047991275787353516,0.2100917100906372,0.006053805351257324]","[1.0,-1.0,-0.1728520393371582,0.6777851581573486,-0.1807798147201538]","{""acc_lim_theta"":0.7971980083721967,""acc_lim_x"":0.7598045506806197,""inflation_dist"":0.5516447393602271,""max_vel_theta"":0.9991972012554561,""max_vel_x"":1.1990366415065472,""min_obstacle_dist"":0.25,""weight_obstacle"":51.008840435108496,""weight_optimaltime"":0.9125542759895324,""weight_viapoint"":1.0}","{""acc_lim_theta"":0.7738092474469377,""acc_lim_x"":0.7585584052621426,""inflation_dist"":0.5516003078253234,""max_vel_theta"":0.9991972012554561,""max_vel_x"":1.2,""min_obstacle_dist"":0.25,""weight_obstacle"":50.976151866411435,""weight_optimaltime"":0.895912754535675,""weight_viapoint"":1.0}","{""acc_lim_theta"":0.7738092474469377,""acc_lim_x"":0.7585584052621426,""inflation_dist"":0.5516003078253234,""max_vel_theta"":0.9991972012554561,""max_vel_x"":1.2,""min_obstacle_dist"":0.25,""weight_obstacle"":50.976151866411435,""weight_optimaltime"":0.895912754535675,""weight_viapoint"":1.0}","{""acc_lim_theta"":0.7738092474469377,""acc_lim_x"":0.7585584052621426,""inflation_dist"":0.5516447393602271,""max_vel_theta"":0.9991972012554561,""max_vel_x"":1.1990366415065472,""min_obstacle_dist"":0.25,""weight_obstacle"":51.008840435108496,""weight_optimaltime"":0.895912754535675,""weight_viapoint"":1.0}","{""acc_lim_theta"":0.7738092474469377,""acc_lim_x"":0.7585584052621426,""inflation_dist"":0.5516447393602271,""max_vel_theta"":0.9991972012554561,""max_vel_x"":1.1990366415065472,""min_obstacle_dist"":0.25,""weight_obstacle"":51.008840435108496,""weight_optimaltime"":0.895912754535675,""weight_viapoint"":1.0}",false,,true,WARNING,margin:warning|safety_mode:WARNING:conservative_filter,false,,2.395323864192004,2.4599525940387723,-0.05,-0.0009343666962211643,-0.004191490252767881,-1.5842021073498193e-05,-0.0,-0.009487030876705516,0.0,0.0,0.0,0.0,0.0,0.0,1.026009995257482,24.00000000000091,96.00000000000364,true,
t12_t12_safety_seed101,t12_t12_safety_seed101-episode-000009,3,4,57.622,57.058,57.074,57.102,57.12,57.62,0,0.45000000000000284,true,,4.030633485367722,3.6014006144159922,0.14877903267114814,0.24477422818893405,0.3955297725058998,1.0,0.34511167040170043,1.1590826780707657,-0.34653004351433,"[1.0,-1.0,-0.1728520393371582,0.6777851581573486,-0.1807798147201538]","[0.6207125186920166,-0.42276668548583984,-0.15568304061889648,0.1596970558166504,0.1759934425354004]","[1.0,-1.0,-0.3285350799560547,0.837482213973999,-0.004786372184753418]","{""acc_lim_theta"":0.7738092474469377,""acc_lim_x"":0.7585584052621426,""inflation_dist"":0.5516447393602271,""max_vel_theta"":0.9991972012554561,""max_vel_x"":1.1990366415065472,""min_obstacle_dist"":0.25,""weight_obstacle"":51.008840435108496,""weight_optimaltime"":0.895912754535675,""weight_viapoint"":1.0}","{""acc_lim_theta"":0.7467253659697267,""acc_lim_x"":0.7474855774999651,""inflation_dist"":0.5530860922602445,""max_vel_theta"":0.9991972012554561,""max_vel_x"":1.196701818151803,""min_obstacle_dist"":0.25,""weight_obstacle"":50.058533412872386,""weight_optimaltime"":0.8536360859870911,""weight_viapoint"":1.0}","{""acc_lim_theta"":0.7467253659697267,""acc_lim_x"":0.7474855774999651,""inflation_dist"":0.5530860922602445,""max_vel_theta"":0.9972515151265026,""max_vel_x"":1.196701818151803,""min_obstacle_dist"":0.25,""weight_obstacle"":50.058533412872386,""weight_optimaltime"":0.8536360859870911,""weight_viapoint"":1.0}","{""acc_lim_theta"":0.7467253659697267,""acc_lim_x"":0.7474855774999651,""inflation_dist"":0.5530860922602445,""max_vel_theta"":0.9972515151265026,""max_vel_x"":1.196701818151803,""min_obstacle_dist"":0.25,""weight_obstacle"":51.008840435108496,""weight_optimaltime"":0.8536360859870911,""weight_viapoint"":1.0}","{""acc_lim_theta"":0.7467253659697267,""acc_lim_x"":0.7474855774999651,""inflation_dist"":0.5530860922602445,""max_vel_theta"":0.9972515151265026,""max_vel_x"":1.196701818151803,""min_obstacle_dist"":0.25,""weight_obstacle"":51.008840435108496,""weight_optimaltime"":0.8536360859870911,""weight_viapoint"":1.0}",true,max_vel_theta:ackermann_turning_radius,true,WARNING,margin:warning|safety_mode:WARNING:conservative_filter,false,,2.002931953165163,2.1461643547586484,-0.04500000000000029,-0.07147942445823863,-0.0074856943322239265,-8.26822175863216e-05,-0.0,-0.019184600585435998,0.0,0.0,0.0,1.0,0.0,0.0,1.5733869950054213,27.999999999998693,45.999999999999375,true,
t12_t12_safety_seed101,t12_t12_safety_seed101-episode-000009,4,5,58.27,57.62,57.626,57.654,57.72,58.22,0,0.5,true,,3.440381560129034,2.9170729944082066,0.026658180347127247,0.02593460432910601,0.3856830140964726,1.0,0.37273740126032173,1.1537869937987308,-0.47265013556615426,"[1.0,-1.0,-0.3285350799560547,0.837482213973999,-0.004786372184753418]","[0.36104846000671387,-0.28157997131347656,0.16515684127807617,0.022860169410705566,0.22397613525390625]","[1.0,-1.0,-0.16337823867797852,0.8603423833847046,0.21918976306915283]","{""acc_lim_theta"":0.7467253659697267,""acc_lim_x"":0.7474855774999651,""inflation_dist"":0.5530860922602445,""max_vel_theta"":0.9972515151265026,""max_vel_x"":1.196701818151803,""min_obstacle_dist"":0.25,""weight_obstacle"":51.008840435108496,""weight_optimaltime"":0.8536360859870911,""weight_viapoint"":1.0}","{""acc_lim_theta"":0.7250933160065849,""acc_lim_x"":0.7459906873870527,""inflation_dist"":0.5515570285215897,""max_vel_theta"":0.9972515151265026,""max_vel_x"":1.1899017571493968,""min_obstacle_dist"":0.25,""weight_obstacle"":50.0,""weight_optimaltime"":0.8254780888557434,""weight_viapoint"":1.0}","{""acc_lim_theta"":0.7250933160065849,""acc_lim_x"":0.7459906873870527,""inflation_dist"":0.5515570285215897,""max_vel_theta"":0.9915847976244974,""max_vel_x"":1.1899017571493968,""min_obstacle_dist"":0.25,""weight_obstacle"":50.0,""weight_optimaltime"":0.8254780888557434,""weight_viapoint"":1.0}","{""acc_lim_theta"":0.7250933160065849,""acc_lim_x"":0.7459906873870527,""inflation_dist"":0.5530860922602445,""max_vel_theta"":0.9915847976244974,""max_vel_x"":1.1899017571493968,""min_obstacle_dist"":0.25,""weight_obstacle"":51.008840435108496,""weight_optimaltime"":0.8254780888557434,""weight_viapoint"":1.0}","{""acc_lim_theta"":0.7250933160065849,""acc_lim_x"":0.7459906873870527,""inflation_dist"":0.5530860922602445,""max_vel_theta"":0.9915847976244974,""max_vel_x"":1.1899017571493968,""min_obstacle_dist"":0.25,""weight_obstacle"":51.008840435108496,""weight_optimaltime"":0.8254780888557434,""weight_viapoint"":1.0}",true,max_vel_theta:ackermann_turning_radius,true,WARNING,margin:warning|safety_mode:WARNING:conservative_filter,false,,2.4442564900737325,2.616542828604138,-0.05,-0.09583094185210617,-0.012727121151333155,-4.8254080881475294e-05,-0.0,-0.013680021446085187,0.0,0.0,0.0,1.0,0.0,0.0,1.2799549876945093,28.000000000005798,94.0000000000012,true,
t12_t12_safety_seed101,t12_t12_safety_seed101-episode-000009,5,6,58.822,58.258,58.274,58.306,58.318,58.818,0,0.44999999999999574,true,,2.808895999867014,2.3170303284435176,0.06300414041330055,0.3319459190082523,0.36853628426807733,1.0,0.32180191821257914,1.1452271208173033,-0.47812467008849463,"[1.0,-1.0,-0.16337823867797852,0.8603423833847046,0.21918976306915283]","[0.39441418647766113,-0.11754792928695679,0.17373132705688477,0.42047393321990967,-0.12497508525848389]","[1.0,-1.0,0.01035308837890625,1.0,0.09421467781066895]","{""acc_lim_theta"":0.7250933160065849,""acc_lim_x"":0.7459906873870527,""inflation_dist"":0.5530860922602445,""max_vel_theta"":0.9915847976244974,""max_vel_x"":1.1899017571493968,""min_obstacle_dist"":0.25,""weight_obstacle"":51.008840435108496,""weight_optimaltime"":0.8254780888557434,""weight_viapoint"":1.0}","{""acc_lim_theta"":0.7240294045603854,""acc_lim_x"":0.7354573764664508,""inflation_dist"":0.5514776437671918,""max_vel_theta"":0.9915847976244974,""max_vel_x"":1.1947779117664714,""min_obstacle_dist"":0.25195945296669436,""weight_obstacle"":51.683665016153924,""weight_optimaltime"":0.8137232959270477,""weight_viapoint"":1.0}","{""acc_lim_theta"":0.7240294045603854,""acc_lim_x"":0.7354573764664508,""inflation_dist"":0.5514776437671918,""max_vel_theta"":0.9915847976244974,""max_vel_x"":1.1947779117664714,""min_obstacle_dist"":0.25195945296669436,""weight_obstacle"":51.683665016153924,""weight_optimaltime"":0.8137232959270477,""weight_viapoint"":1.0}","{""acc_lim_theta"":0.7240294045603854,""acc_lim_x"":0.7354573764664508,""inflation_dist"":0.5530860922602445,""max_vel_theta"":0.9915847976244974,""max_vel_x"":1.1899017571493968,""min_obstacle_dist"":0.25195945296669436,""weight_obstacle"":51.683665016153924,""weight_optimaltime"":0.8137232959270477,""weight_viapoint"":1.0}","{""acc_lim_theta"":0.7240294045603854,""acc_lim_x"":0.7354573764664508,""inflation_dist"":0.5530860922602445,""max_vel_theta"":0.9915847976244974,""max_vel_x"":1.1899017571493968,""min_obstacle_dist"":0.25195945296669436,""weight_obstacle"":51.683665016153924,""weight_optimaltime"":0.8137232959270477,""weight_viapoint"":1.0}",false,,true,WARNING,margin:warning|safety_mode:WARNING:conservative_filter,false,,2.312911040797326,2.459328357117483,-0.044999999999999575,-0.09336765997526365,-0.0005446999334658034,-0.00012126188521997756,-0.0,-0.007383694526208047,0.0,0.0,0.0,0.0,0.0,0.0,1.7735209985403344,31.999999999996476,43.99999999999693,true,
t12_t12_safety_seed101,t12_t12_safety_seed101-episode-000009,6,7,59.422,58.818,58.824,58.848,58.918,59.418,0,0.45000000000000284,true,,2.134770484377677,1.642092098521476,0.009817476879607606,0.5345348497392699,0.3621679736709846,1.0,0.4159061734543811,1.1380436845736206,-0.20124667191802034,"[1.0,-1.0,0.01035308837890625,1.0,0.09421467781066895]","[0.27046096324920654,-0.14186865091323853,0.19258999824523926,0.3520364761352539,-0.27301955223083496]","[1.0,-1.0,0.2029430866241455,1.0,-0.17880487442016602]","{""acc_lim_theta"":0.7240294045603854,""acc_lim_x"":0.7354573764664508,""inflation_dist"":0.5530860922602445,""max_vel_theta"":0.9915847976244974,""max_vel_x"":1.1899017571493968,""min_obstacle_dist"":0.25195945296669436,""weight_obstacle"":51.683665016153924,""weight_optimaltime"":0.8137232959270477,""weight_viapoint"":1.0}","{""acc_lim_theta"":0.731218126076584,""acc_lim_x"":0.724873394725225,""inflation_dist"":0.5513030454275155,""max_vel_theta"":0.9915847976244974,""max_vel_x"":1.2,""min_obstacle_dist"":0.2538646086049801,""weight_obstacle"":53.1578812935049,""weight_optimaltime"":0.7995364308357239,""weight_viapoint"":1.0}","{""acc_lim_theta"":0.731218126076584,""acc_lim_x"":0.724873394725225,""inflation_dist"":0.5513030454275155,""max_vel_theta"":0.9915847976244974,""max_vel_x"":1.2,""min_obstacle_dist"":0.2538646086049801,""weight_obstacle"":53.1578812935049,""weight_optimaltime"":0.7995364308357239,""weight_viapoint"":1.0}","{""acc_lim_theta"":0.731218126076584,""acc_lim_x"":0.724873394725225,""inflation_dist"":0.5530860922602445,""max_vel_theta"":0.9915847976244974,""max_vel_x"":1.1899017571493968,""min_obstacle_dist"":0.2538646086049801,""weight_obstacle"":53.1578812935049,""weight_optimaltime"":0.7995364308357239,""weight_viapoint"":1.0}","{""acc_lim_theta"":0.731218126076584,""acc_lim_x"":0.724873394725225,""inflation_dist"":0.5530860922602445,""max_vel_theta"":0.9915847976244974,""max_vel_x"":1.1899017571493968,""min_obstacle_dist"":0.2538646086049801,""weight_obstacle"":53.1578812935049,""weight_optimaltime"":0.7995364308357239,""weight_viapoint"":1.0}",false,,true,WARNING,margin:warning|safety_mode:WARNING:conservative_filter,false,,2.2839448348227758,2.4633919292810056,-0.04500000000000029,-0.10204162949222566,-0.001549246620882463,-0.019865174702484032,-0.0,-0.010991043642637095,0.0,0.0,0.0,0.0,0.0,0.0,1.087587996153161,24.00000000000091,94.0000000000012,true,
t12_t12_safety_seed101,t12_t12_safety_seed101-episode-000009,7,8,60.018,59.418,59.426,59.454,59.516,60.016,0,0.45000000000000284,true,,1.4611813212054166,0.9793177165686613,0.055485629215366906,0.5397010860721435,0.3621679736709846,0.9868421052631579,0.6862421295410813,1.032532774393823,0.1725401247350356,"[1.0,-1.0,0.2029430866241455,1.0,-0.17880487442016602]","[0.11972272396087646,-0.3299589157104492,0.13349783420562744,0.5209226608276367,-0.22998487949371338]","[1.0,-1.0,0.33644092082977295,1.0,-0.4087897539138794]","{""acc_lim_theta"":0.731218126076584,""acc_lim_x"":0.724873394725225,""inflation_dist"":0.5530860922602445,""max_vel_theta"":0.9915847976244974,""max_vel_x"":1.1899017571493968,""min_obstacle_dist"":0.2538646086049801,""weight_obstacle"":53.1578812935049,""weight_optimaltime"":0.7995364308357239,""weight_viapoint"":1.0}","{""acc_lim_theta"":0.7474522156543137,""acc_lim_x"":0.698577053680884,""inflation_dist"":0.5518501356029657,""max_vel_theta"":0.9915847976244974,""max_vel_x"":1.1934170345891537,""min_obstacle_dist"":0.25,""weight_obstacle"":54.39972441471687,""weight_optimaltime"":0.7665405392646789,""weight_viapoint"":1.0}","{""acc_lim_theta"":0.7474522156543137,""acc_lim_x"":0.698577053680884,""inflation_dist"":0.5518501356029657,""max_vel_theta"":0.9915847976244974,""max_vel_x"":1.1934170345891537,""min_obstacle_dist"":0.25,""weight_obstacle"":54.39972441471687,""weight_optimaltime"":0.7665405392646789,""weight_viapoint"":1.0}","{""acc_lim_theta"":0.7474522156543137,""acc_lim_x"":0.698577053680884,""inflation_dist"":0.5530860922602445,""max_vel_theta"":0.9915847976244974,""max_vel_x"":1.1899017571493968,""min_obstacle_dist"":0.2538646086049801,""weight_obstacle"":54.39972441471687,""weight_optimaltime"":0.7665405392646789,""weight_viapoint"":1.0}","{""acc_lim_theta"":0.7474522156543137,""acc_lim_x"":0.698577053680884,""inflation_dist"":0.5530860922602445,""max_vel_theta"":0.9915847976244974,""max_vel_x"":1.1899017571493968,""min_obstacle_dist"":0.2538646086049801,""weight_obstacle"":54.39972441471687,""weight_optimaltime"":0.7665405392646789,""weight_viapoint"":1.0}",false,,true,WARNING,margin:warning|safety_mode:WARNING:conservative_filter,false,,2.3342523033504383,2.4093180231837765,-0.04500000000000029,-0.003083454160222566,-0.0004266646059710467,-0.006840128854993412,-0.0,-0.019715472212150656,0.0,0.0,0.0,0.0,0.0,0.0,1.689265001914464,27.999999999998693,89.9999999999963,true,
t12_t12_safety_seed101,t12_t12_safety_seed101-episode-000009,8,9,62.126,60.018,60.022,60.048,60.116,60.616,0,0.5,true,,0.8379754981978451,0.4101490821381878,0.005543397818321689,0.013172159687847042,0.3621679736709846,0.0,34.01827836552714,0.0,0.0,"[1.0,-1.0,0.33644092082977295,1.0,-0.4087897539138794]","[0.07169342041015625,-0.37181639671325684,-0.03134465217590332,0.2914665937423706,0.03248023986816406]","[1.0,-1.0,0.30509626865386963,1.0,-0.37630951404571533]","{""acc_lim_theta"":0.7474522156543137,""acc_lim_x"":0.698577053680884,""inflation_dist"":0.5530860922602445,""max_vel_theta"":0.9915847976244974,""max_vel_x"":1.1899017571493968,""min_obstacle_dist"":0.2538646086049801,""weight_obstacle"":54.39972441471687,""weight_optimaltime"":0.7665405392646789,""weight_viapoint"":1.0}","{""acc_lim_theta"":0.7509414962529671,""acc_lim_x"":0.6765366862892834,""inflation_dist"":0.5533762889646137,""max_vel_theta"":0.9915847976244974,""max_vel_x"":1.1825910682940712,""min_obstacle_dist"":0.25,""weight_obstacle"":54.22434174371524,""weight_optimaltime"":0.7293588995933532,""weight_viapoint"":1.0}","{""acc_lim_theta"":0.7509414962529671,""acc_lim_x"":0.6765366862892834,""inflation_dist"":0.5533762889646137,""max_vel_theta"":0.9854925569117261,""max_vel_x"":1.1825910682940712,""min_obstacle_dist"":0.25,""weight_obstacle"":54.22434174371524,""weight_optimaltime"":0.7293588995933532,""weight_viapoint"":1.0}","{""acc_lim_theta"":0.7509414962529671,""acc_lim_x"":0.6765366862892834,""inflation_dist"":0.5533762889646137,""max_vel_theta"":0.9854925569117261,""max_vel_x"":1.1825910682940712,""min_obstacle_dist"":0.2538646086049801,""weight_obstacle"":54.39972441471687,""weight_optimaltime"":0.7293588995933532,""weight_viapoint"":1.0}","{""acc_lim_theta"":0.7509414962529671,""acc_lim_x"":0.6765366862892834,""inflation_dist"":0.5533762889646137,""max_vel_theta"":0.9854925569117261,""max_vel_x"":1.1825910682940712,""min_obstacle_dist"":0.2538646086049801,""weight_obstacle"":54.39972441471687,""weight_optimaltime"":0.7293588995933532,""weight_viapoint"":1.0}",true,max_vel_theta:ackermann_turning_radius,true,WARNING,margin:warning|safety_mode:WARNING:conservative_filter,false,,12.05643631969466,2.1391320802982867,-0.05,-0.0,-0.0017836745071118656,-0.014573536535472173,-0.0,-0.01633854956104261,10.0,0.0,0.0,1.0,0.0,0.0,1.7580589919816703,26.000000000003354,94.0000000000012,true,
t12_t12_safety_seed101,t12_t12_safety_seed101-episode-000010,0,1,63.718,63.118,63.122,63.152,63.168,63.668,0,0.5,true,,4.923054424677245,4.41138142642252,0.003702339534357405,0.01079063346225581,0.34568977718634814,0.8954954954954955,0.3108124639495741,1.1413343809617735,-0.10290601824777573,"[0.0,0.0,0.0,0.0,0.0]","[0.47415733337402344,-0.6644386053085327,0.5930025577545166,0.14533865451812744,-0.6729841828346252]","[0.47415733337402344,-0.6644386053085327,0.5930025577545166,0.14533865451812744,-0.6729841828346252]","{""acc_lim_theta"":0.8,""acc_lim_x"":0.8,""inflation_dist"":0.55,""max_vel_theta"":1.0,""max_vel_x"":1.2,""min_obstacle_dist"":0.25,""weight_obstacle"":50.0,""weight_optimaltime"":1.0,""weight_viapoint"":1.0}","{""acc_lim_theta"":0.8,""acc_lim_x"":0.7893673734416314,""inflation_dist"":0.55,""max_vel_theta"":1.0,""max_vel_x"":1.2,""min_obstacle_dist"":0.2506094423733687,""weight_obstacle"":53.63389445418077,""weight_optimaltime"":0.9335561394691467,""weight_viapoint"":1.0}","{""acc_lim_theta"":0.8,""acc_lim_x"":0.7893673734416314,""inflation_dist"":0.55,""max_vel_theta"":1.0,""max_vel_x"":1.2,""min_obstacle_dist"":0.2506094423733687,""weight_obstacle"":53.63389445418077,""weight_optimaltime"":0.9335561394691467,""weight_viapoint"":1.0}","{""acc_lim_theta"":0.8,""acc_lim_x"":0.7893673734416314,""inflation_dist"":0.55,""max_vel_theta"":1.0,""max_vel_x"":1.2,""min_obstacle_dist"":0.2506094423733687,""weight_obstacle"":53.63389445418077,""weight_optimaltime"":0.9335561394691467,""weight_viapoint"":1.0}","{""acc_lim_theta"":0.8,""acc_lim_x"":0.7893673734416314,""inflation_dist"":0.55,""max_vel_theta"":1.0,""max_vel_x"":1.2,""min_obstacle_dist"":0.2506094423733687,""weight_obstacle"":53.63389445418077,""weight_optimaltime"":0.9335561394691467,""weight_viapoint"":1.0}",false,,false,WARNING,margin:warning|safety_mode:WARNING:conservative_filter,false,,2.1396334150939302,2.558364991273625,-0.05,-0.1679826646559134,-3.458237889304308e-05,-0.1772558345414169,-0.0,-0.02345849460347182,0.0,0.0,0.0,0.0,0.0,0.0,1.9075790041824803,30.000000000001137,45.999999999999375,true,
t12_t12_safety_seed101,t12_t12_safety_seed101-episode-000010,1,2,64.264,63.698,63.722,63.748,63.76,64.25999999999999,0,0.44999999999999574,true,,4.297248472293053,3.7853981940993426,0.047906241023837316,0.000390448542004815,0.34568977718634814,0.9093959731543624,0.3053594284085335,1.1580211308011565,-0.09196209108167969,"[0.47415733337402344,-0.6644386053085327,0.5930025577545166,0.14533865451812744,-0.6729841828346252]","[0.523349404335022,-0.6763359904289246,0.5429747104644775,0.06492722034454346,-0.7199416160583496]","[0.9975067377090454,-1.0,1.0,0.2102658748626709,-1.0]","{""acc_lim_theta"":0.8,""acc_lim_x"":0.7893673734416314,""inflation_dist"":0.55,""max_vel_theta"":1.0,""max_vel_x"":1.2,""min_obstacle_dist"":0.2506094423733687,""weight_obstacle"":53.63389445418077,""weight_optimaltime"":0.9335561394691467,""weight_viapoint"":1.0}","{""acc_lim_theta"":0.8,""acc_lim_x"":0.7815393379876215,""inflation_dist"":0.55,""max_vel_theta"":1.0,""max_vel_x"":1.2,""min_obstacle_dist"":0.25,""weight_obstacle"":57.521343687993244,""weight_optimaltime"":0.8659225404262543,""weight_viapoint"":1.0}","{""acc_lim_theta"":0.8,""acc_lim_x"":0.7815393379876215,""inflation_dist"":0.55,""max_vel_theta"":1.0,""max_vel_x"":1.2,""min_obstacle_dist"":0.25,""weight_obstacle"":57.521343687993244,""weight_optimaltime"":0.8659225404262543,""weight_viapoint"":1.0}","{""acc_lim_theta"":0.8,""acc_lim_x"":0.7815393379876215,""inflation_dist"":0.55,""max_vel_theta"":1.0,""max_vel_x"":1.2,""min_obstacle_dist"":0.2506094423733687,""weight_obstacle"":57.521343687993244,""weight_optimaltime"":0.8659225404262543,""weight_viapoint"":1.0}","{""acc_lim_theta"":0.8,""acc_lim_x"":0.7815393379876215,""inflation_dist"":0.55,""max_vel_theta"":1.0,""max_vel_x"":1.2,""min_obstacle_dist"":0.2506094423733687,""weight_obstacle"":57.521343687993244,""weight_optimaltime"":0.8659225404262543,""weight_viapoint"":1.0}",false,,true,WARNING,margin:warning|safety_mode:WARNING:conservative_filter,false,,2.337336680409105,2.5592513909685533,-0.044999999999999575,-0.1518103541425195,-0.00030661901773056284,-0.0015391102594927665,-0.0,-0.023258627139705917,0.0,0.0,0.0,0.0,0.0,0.0,1.5767260047141463,25.99999999999625,37.9999999999967,true,
t12_t12_safety_seed101,t12_t12_safety_seed101-episode-000010,2,3,64.914,64.258,64.268,64.288,64.364,64.864,0,0.5,true,,3.600834268774885,3.0184864607420505,0.05519761662569918,0.0007054854399549306,0.34568977718634814,0.8897893030794165,0.3012148387333325,1.161224746079922,-0.024359812064661677,"[0.9975067377090454,-1.0,1.0,0.2102658748626709,-1.0]","[0.3653278350830078,-0.7462547421455383,0.4084460735321045,0.18004047870635986,-0.7476779818534851]","[1.0,-1.0,1.0,0.39030635356903076,-1.0]","{""acc_lim_theta"":0.8,""acc_lim_x"":0.7815393379876215,""inflation_dist"":0.55,""max_vel_theta"":1.0,""max_vel_x"":1.2,""min_obstacle_dist"":0.2506094423733687,""weight_obstacle"":57.521343687993244,""weight_optimaltime"":0.8659225404262543,""weight_viapoint"":1.0}","{""acc_lim_theta"":0.8,""acc_lim_x"":0.7626527925381043,""inflation_dist"":0.55,""max_vel_theta"":1.0,""max_vel_x"":1.2,""min_obstacle_dist"":0.25,""weight_obstacle"":61.5585602245342,""weight_optimaltime"":0.7912970662117005,""weight_viapoint"":1.0}","{""acc_lim_theta"":0.8,""acc_lim_x"":0.7626527925381043,""inflation_dist"":0.55,""max_vel_theta"":1.0,""max_vel_x"":1.2,""min_obstacle_dist"":0.25,""weight_obstacle"":61.5585602245342,""weight_optimaltime"":0.7912970662117005,""weight_viapoint"":1.0}","{""acc_lim_theta"":0.8,""acc_lim_x"":0.7626527925381043,""inflation_dist"":0.55,""max_vel_theta"":1.0,""max_vel_x"":1.2,""min_obstacle_dist"":0.2506094423733687,""weight_obstacle"":61.5585602245342,""weight_optimaltime"":0.7912970662117005,""weight_viapoint"":1.0}","{""acc_lim_theta"":0.8,""acc_lim_x"":0.7626527925381043,""inflation_dist"":0.55,""max_vel_theta"":1.0,""max_vel_x"":1.2,""min_obstacle_dist"":0.2506094423733687,""weight_obstacle"":61.5585602245342,""weight_optimaltime"":0.7912970662117005,""weight_viapoint"":1.0}",false,,true,WARNING,margin:warning|safety_mode:WARNING:conservative_filter,false,,2.6624114475283913,2.911739040164172,-0.05,-0.16978094499522076,-0.0013714542010719547,-0.00045402916111601175,-0.0,-0.027721164278371985,0.0,0.0,0.0,0.0,0.0,0.0,2.548121992731467,19.99999999999602,96.00000000000364,true,
t12_t12_safety_seed101,t12_t12_safety_seed101-episode-000010,3,4,65.47,64.898,64.92,64.946,64.966,65.466,0,0.45000000000000284,true,,2.9023808879471455,2.3701804352738196,0.006545394274176574,0.006210276906428982,0.3425364424963234,0.8798076923076923,0.30877297354313205,1.1596429227564777,0.11321268344483905,"[1.0,-1.0,1.0,0.39030635356903076,-1.0]","[0.6715257167816162,-0.7321256399154663,0.39546453952789307,0.058144211769104004,-0.8505139946937561]","[1.0,-1.0,1.0,0.44845056533813477,-1.0]","{""acc_lim_theta"":0.8,""acc_lim_x"":0.7626527925381043,""inflation_dist"":0.55,""max_vel_theta"":1.0,""max_vel_x"":1.2,""min_obstacle_dist"":0.2506094423733687,""weight_obstacle"":61.5585602245342,""weight_optimaltime"":0.7912970662117005,""weight_viapoint"":1.0}","{""acc_lim_theta"":0.8,""acc_lim_x"":0.7538226228530379,""inflation_dist"":0.55,""max_vel_theta"":1.0,""max_vel_x"":1.2,""min_obstacle_dist"":0.25,""weight_obstacle"":66.1510575927528,""weight_optimaltime"":0.7180845022201539,""weight_viapoint"":1.0}","{""acc_lim_theta"":0.8,""acc_lim_x"":0.7538226228530379,""inflation_dist"":0.55,""max_vel_theta"":1.0,""max_vel_x"":1.2,""min_obstacle_dist"":0.25,""weight_obstacle"":66.1510575927528,""weight_optimaltime"":0.7180845022201539,""weight_viapoint"":1.0}","{""acc_lim_theta"":0.8,""acc_lim_x"":0.7538226228530379,""inflation_dist"":0.55,""max_vel_theta"":1.0,""max_vel_x"":1.2,""min_obstacle_dist"":0.2506094423733687,""weight_obstacle"":66.1510575927528,""weight_optimaltime"":0.7180845022201539,""weight_viapoint"":1.0}","{""acc_lim_theta"":0.8,""acc_lim_x"":0.7538226228530379,""inflation_dist"":0.55,""max_vel_theta"":1.0,""max_vel_x"":1.2,""min_obstacle_dist"":0.2506094423733687,""weight_obstacle"":66.1510575927528,""weight_optimaltime"":0.7180845022201539,""weight_viapoint"":1.0}",false,,true,WARNING,margin:warning|emergency:confirmation_pending|safety_mode:WARNING:conservative_filter,false,,2.433866590843712,2.6610022633666297,-0.04500000000000029,-0.1556323021291974,-0.00025738998375523397,-0.0002109304539522623,-0.0,-0.02603504995601313,0.0,0.0,0.0,0.0,0.0,0.0,2.029327006312087,25.99999999999625,45.99999999999227,true,
t12_t12_safety_seed101,t12_t12_safety_seed101-episode-000010,4,5,66.112,65.458,65.474,65.5,65.562,66.062,0,0.5,true,,2.2097448397676325,1.6293062481167815,0.042564198961498476,0.023097413789342904,0.3425364424963234,0.8798076923076923,0.30194431666209237,1.1577392357076233,-0.008209859902375247,"[1.0,-1.0,1.0,0.44845056533813477,-1.0]","[0.6563711166381836,-0.815658688545227,0.31334996223449707,0.24287521839141846,-0.7834682464599609]","[1.0,-1.0,1.0,0.6913257837295532,-1.0]","{""acc_lim_theta"":0.8,""acc_lim_x"":0.7538226228530379,""inflation_dist"":0.55,""max_vel_theta"":1.0,""max_vel_x"":1.2,""min_obstacle_dist"":0.2506094423733687,""weight_obstacle"":66.1510575927528,""weight_optimaltime"":0.7180845022201539,""weight_viapoint"":1.0}","{""acc_lim_theta"":0.8,""acc_lim_x"":0.7340117413139308,""inflation_dist"":0.55,""max_vel_theta"":1.0,""max_vel_x"":1.2,""min_obstacle_dist"":0.25,""weight_obstacle"":70.38152985117318,""weight_optimaltime"":0.6365186333656312,""weight_viapoint"":1.0}","{""acc_lim_theta"":0.8,""acc_lim_x"":0.7340117413139308,""inflation_dist"":0.55,""max_vel_theta"":1.0,""max_vel_x"":1.2,""min_obstacle_dist"":0.25,""weight_obstacle"":70.38152985117318,""weight_optimaltime"":0.6365186333656312,""weight_viapoint"":1.0}","{""acc_lim_theta"":0.8,""acc_lim_x"":0.7340117413139308,""inflation_dist"":0.55,""max_vel_theta"":1.0,""max_vel_x"":1.2,""min_obstacle_dist"":0.2506094423733687,""weight_obstacle"":70.38152985117318,""weight_optimaltime"":0.6365186333656312,""weight_viapoint"":1.0}","{""acc_lim_theta"":0.8,""acc_lim_x"":0.7340117413139308,""inflation_dist"":0.55,""max_vel_theta"":1.0,""max_vel_x"":1.2,""min_obstacle_dist"":0.2506094423733687,""weight_obstacle"":70.38152985117318,""weight_optimaltime"":0.6365186333656312,""weight_viapoint"":1.0}",false,,true,WARNING,margin:warning|safety_mode:WARNING:conservative_filter,false,,2.654283451328317,2.902192958254255,-0.05,-0.16728805523932871,-3.0391489268625944e-05,-0.0008642215248183226,-0.0,-0.02972683867252207,0.0,0.0,0.0,0.0,0.0,0.0,1.5470429934794083,25.99999999999625,87.99999999999386,true,
t12_t12_safety_seed101,t12_t12_safety_seed101-episode-000010,5,6,66.71,66.098,66.116,66.142,66.16,66.66,0,0.5,true,,1.5135323893946555,0.9518685157757584,0.03364732179723865,0.01640512063409451,0.33394390408062496,0.8883495145631068,0.32676366846544497,1.0472773699510123,-0.015561540576476511,"[1.0,-1.0,1.0,0.6913257837295532,-1.0]","[0.644503116607666,-0.708941638469696,0.20753180980682373,0.07251417636871338,-0.8401206731796265]","[1.0,-1.0,1.0,0.7638399600982666,-1.0]","{""acc_lim_theta"":0.8,""acc_lim_x"":0.7340117413139308,""inflation_dist"":0.55,""max_vel_theta"":1.0,""max_vel_x"":1.2,""min_obstacle_dist"":0.2506094423733687,""weight_obstacle"":70.38152985117318,""weight_optimaltime"":0.6365186333656312,""weight_viapoint"":1.0}","{""acc_lim_theta"":0.8,""acc_lim_x"":0.7223869427729993,""inflation_dist"":0.55,""max_vel_theta"":1.0,""max_vel_x"":1.2,""min_obstacle_dist"":0.25,""weight_obstacle"":74.91790668287096,""weight_optimaltime"":0.5656244695186616,""weight_viapoint"":1.0}","{""acc_lim_theta"":0.8,""acc_lim_x"":0.7223869427729993,""inflation_dist"":0.55,""max_vel_theta"":1.0,""max_vel_x"":1.2,""min_obstacle_dist"":0.25,""weight_obstacle"":74.91790668287096,""weight_optimaltime"":0.5656244695186616,""weight_viapoint"":1.0}","{""acc_lim_theta"":0.8,""acc_lim_x"":0.7223869427729993,""inflation_dist"":0.55,""max_vel_theta"":1.0,""max_vel_x"":1.2,""min_obstacle_dist"":0.2506094423733687,""weight_obstacle"":74.91790668287096,""weight_optimaltime"":0.5656244695186616,""weight_viapoint"":1.0}","{""acc_lim_theta"":0.8,""acc_lim_x"":0.7223869427729993,""inflation_dist"":0.55,""max_vel_theta"":1.0,""max_vel_x"":1.2,""min_obstacle_dist"":0.2506094423733687,""weight_obstacle"":74.91790668287096,""weight_optimaltime"":0.5656244695186616,""weight_viapoint"":1.0}",false,,true,WARNING,margin:warning|emergency:confirmation_pending|safety_mode:WARNING:conservative_filter,false,,2.5075657879980633,2.8083193680944856,-0.05,-0.18671533099852233,-0.0006955854872483597,-0.037184877542629544,-0.0,-0.02615778606802234,0.0,0.0,0.0,0.0,0.0,0.0,2.3835549945943058,25.99999999999625,43.99999999999693,true,
t12_t12_safety_seed101,t12_t12_safety_seed101-episode-000010,6,7,66.71,66.71,,,,66.71,0,0.0,true,,0.9099807646783595,0.9099807646783595,0.03364732179723865,0.01640512063409451,0.33394390408062496,0.8883495145631068,0.32676366846544497,1.0472773699510123,-0.015561540576476511,"[1.0,-1.0,1.0,0.7638399600982666,-1.0]","[0.7047826051712036,-0.7142375111579895,0.06695342063903809,-0.09696364402770996,-0.884412407875061]","[1.0,-1.0,1.0,0.6668763160705566,-1.0]","{""acc_lim_theta"":0.8,""acc_lim_x"":0.7223869427729993,""inflation_dist"":0.55,""max_vel_theta"":1.0,""max_vel_x"":1.2,""min_obstacle_dist"":0.2506094423733687,""weight_obstacle"":74.91790668287096,""weight_optimaltime"":0.5656244695186616,""weight_viapoint"":1.0}","{""acc_lim_theta"":0.7984319700070002,""acc_lim_x"":0.7160941830789319,""inflation_dist"":0.55,""max_vel_theta"":1.0,""max_vel_x"":1.2,""min_obstacle_dist"":0.25,""weight_obstacle"":79.69344439409768,""weight_optimaltime"":0.5,""weight_viapoint"":1.0}","{""acc_lim_theta"":0.7984319700070002,""acc_lim_x"":0.7160941830789319,""inflation_dist"":0.55,""max_vel_theta"":1.0,""max_vel_x"":1.2,""min_obstacle_dist"":0.25,""weight_obstacle"":79.69344439409768,""weight_optimaltime"":0.5,""weight_viapoint"":1.0}","{""acc_lim_theta"":0.4,""acc_lim_x"":0.4,""inflation_dist"":0.9,""max_vel_theta"":0.5,""max_vel_x"":0.6,""min_obstacle_dist"":0.5,""weight_obstacle"":100.0,""weight_optimaltime"":0.5,""weight_viapoint"":2.0}","{""acc_lim_theta"":0.8,""acc_lim_x"":0.7223869427729993,""inflation_dist"":0.55,""max_vel_theta"":1.0,""max_vel_x"":1.2,""min_obstacle_dist"":0.2506094423733687,""weight_obstacle"":74.91790668287096,""weight_optimaltime"":0.5656244695186616,""weight_viapoint"":1.0}",false,,true,NORMAL,margin:emergency|safety_mode:EMERGENCY,false,,0.0,0.0,0.0,0.0,0.0,0.0,0.0,0.0,0.0,0.0,0.0,0.0,0.0,0.0,1.755575998686254,0.0,0.0,false,safety_emergency_stop
