-- Using CATKIN_DEVEL_PREFIX: /home/robot/arena_ws/devel
-- Using CMAKE_PREFIX_PATH: /home/robot/arena_ws/devel;/home/robot/catkin_bishe/devel;/home/robot/bishe/ros_motion_planning-master/devel;/home/robot/catkin_smj/devel;/home/robot/catkin_learn/devel;/opt/ros/noetic
-- This workspace overlays: /home/robot/arena_ws/devel;/home/robot/catkin_bishe/devel;/home/robot/bishe/ros_motion_planning-master/devel;/home/robot/catkin_smj/devel;/home/robot/catkin_learn/devel;/opt/ros/noetic
-- Found PythonInterp: /home/robot/python_env/rosnav/bin/python3 (found suitable version "3.8.10", minimum required is "3") 
-- Using PYTHON_EXECUTABLE: /home/robot/python_env/rosnav/bin/python3
-- Using Debian Python package layout
-- Using empy: /home/robot/python_env/rosnav/lib/python3.8/site-packages/em.py
-- Using CATKIN_ENABLE_TESTING: ON
-- Call enable_testing()
-- Using CATKIN_TEST_RESULTS_DIR: /home/robot/arena_ws/build/test_results
-- Forcing gtest/gmock from source, though one was otherwise available.
-- Found gtest sources under '/usr/src/googletest': gtests will be built
-- Found gmock sources under '/usr/src/googletest': gmock will be built
CMake Deprecation Warning at /usr/src/googletest/CMakeLists.txt:4 (cmake_minimum_required):
  Compatibility with CMake < 2.8.12 will be removed from a future version of
  CMake.

  Update the VERSION argument <min> value or use a ...<max> suffix to tell
  CMake that the project does not need compatibility with older versions.


CMake Deprecation Warning at /usr/src/googletest/googlemock/CMakeLists.txt:45 (cmake_minimum_required):
  Compatibility with CMake < 2.8.12 will be removed from a future version of
  CMake.

  Update the VERSION argument <min> value or use a ...<max> suffix to tell
  CMake that the project does not need compatibility with older versions.


CMake Deprecation Warning at /usr/src/googletest/googletest/CMakeLists.txt:56 (cmake_minimum_required):
  Compatibility with CMake < 2.8.12 will be removed from a future version of
  CMake.

  Update the VERSION argument <min> value or use a ...<max> suffix to tell
  CMake that the project does not need compatibility with older versions.


-- Found PythonInterp: /home/robot/python_env/rosnav/bin/python3 (found version "3.8.10") 
-- Using Python nosetests: /usr/bin/nosetests3
-- catkin 0.8.10
-- BUILD_SHARED_LIBS is on
-- BUILD_SHARED_LIBS is on
WARNING: Package name "gazebo_ros_2Dmap_plugin" does not follow the naming conventions. It should start with a lower case letter and only contain lower case letters, digits, underscores, and dashes.
WARNING: Package name "gazebo_ros_2Dmap_plugin" does not follow the naming conventions. It should start with a lower case letter and only contain lower case letters, digits, underscores, and dashes.
-- ~~~~~~~~~~~~~~~~~~~~~~~~~~~~~~~~~~~~~~~~~~~~~~~~~
-- ~~  traversing 60 packages in topological order:
-- ~~  - all_in_one_planner
-- ~~  - arena_bringup
-- ~~  - arena_ros
-- ~~  - generic_throttle
-- ~~  - mpc_local_planner_examples
-- ~~  - pedsim_ros (metapackage)
-- ~~  - rl_collision_avoidance
-- ~~  - sensor_simulator
-- ~~  - sim_2_real
-- ~~  - brics_actuator
-- ~~  - mpc_local_planner_msgs
-- ~~  - arena-tools
-- ~~  - cadrl_ros
-- ~~  - conventional
-- ~~  - pedsim
-- ~~  - record_gazebo
-- ~~  - spencer_human_attribute_msgs
-- ~~  - spencer_tracking_msgs
-- ~~  - arena-evaluation
-- ~~  - arena_mapping
-- ~~  - arena_path_search
-- ~~  - arena_plan_msgs
-- ~~  - arena_traj_planner
-- ~~  - cob_sick_s300
-- ~~  - eval
-- ~~  - ford_msgs
-- ~~  - observations
-- ~~  - pedsim_msgs
-- ~~  - pedsim_srvs
-- ~~  - pedsim_utils
-- ~~  - pedsim_visualizer
-- ~~  - plan_visualization
-- ~~  - arena_intermediate_planner
-- ~~  - spencer_social_relation_msgs
-- ~~  - spencer_vision_msgs
-- ~~  - task_generator
-- ~~  - arena_spacial_horizon
-- ~~  - light_scan_sim
-- ~~  - pedsim_gazebo_plugin
-- ~~  - pedsim_sensors
-- ~~  - pedsim_simulator
-- ~~  - simulator_setup
-- ~~  - arena_fake_localization
-- ~~  - arena_local_planner_drl
-- ~~  - arena_plan_manager
-- ~~  - cob_scan_unifier
-- ~~  - cob_base_controller_utils
-- ~~  - cob_omni_drive_controller
-- ~~  - rviz_plugins
-- ~~  - spencer_tracking_rviz_plugin
-- ~~  - all_in_one_global_planner_interface
-- ~~  - all_in_one_local_planner_interface
-- ~~  - teb_local_planner
-- ~~  - mpc_local_planner
-- ~~  - gazebo_ros_2Dmap_plugin
-- ~~  - youbot_description
-- ~~  - youbot_gazebo_control
-- ~~  - youbot_gazebo_robot
-- ~~  - youbot_gazebo_worlds
-- ~~  - youbot_simulation (metapackage)
-- ~~~~~~~~~~~~~~~~~~~~~~~~~~~~~~~~~~~~~~~~~~~~~~~~~
-- +++ processing catkin package: 'all_in_one_planner'
-- ==> add_subdirectory(arena-rosnav-3D/arena_navigation/arena_local_planer/learning_based/all_in_one_planner)
-- +++ processing catkin package: 'arena_bringup'
-- ==> add_subdirectory(arena-rosnav-3D/arena_bringup)
-- +++ processing catkin package: 'arena_ros'
-- ==> add_subdirectory(arena-rosnav-3D/arena_navigation/arena_local_planer/learning_based/arena_ros)
-- +++ processing catkin package: 'generic_throttle'
-- ==> add_subdirectory(forks/robots/cob4_packages/generic_throttle)
-- Installing devel-space wrapper /home/robot/arena_ws/src/forks/robots/cob4_packages/generic_throttle/scripts/generic_throttle_node.py to /home/robot/arena_ws/devel/lib/generic_throttle
-- +++ processing catkin package: 'mpc_local_planner_examples'
-- ==> add_subdirectory(forks/navigation/local_planner/mpc/mpc_local_planner_examples)
-- +++ processing catkin metapackage: 'pedsim_ros'
-- ==> add_subdirectory(forks/pedsim_ros/pedsim_ros)
CMake Deprecation Warning at forks/pedsim_ros/pedsim_ros/CMakeLists.txt:1 (cmake_minimum_required):
  Compatibility with CMake < 2.8.12 will be removed from a future version of
  CMake.

  Update the VERSION argument <min> value or use a ...<max> suffix to tell
  CMake that the project does not need compatibility with older versions.


-- +++ processing catkin package: 'rl_collision_avoidance'
-- ==> add_subdirectory(arena-rosnav-3D/arena_navigation/arena_local_planer/learning_based/rl_collision_avoidance)
-- +++ processing catkin package: 'sensor_simulator'
-- ==> add_subdirectory(arena-rosnav-3D/arena_navigation/arena_local_planer/model_based/sensor_simulator)
-- +++ processing catkin package: 'sim_2_real'
-- ==> add_subdirectory(arena-rosnav-3D/sim_2_real)
-- +++ processing catkin package: 'brics_actuator'
-- ==> add_subdirectory(forks/robots/cob4_packages/brics_actuator)
CMake Deprecation Warning at forks/robots/cob4_packages/brics_actuator/CMakeLists.txt:1 (cmake_minimum_required):
  Compatibility with CMake < 2.8.12 will be removed from a future version of
  CMake.

  Update the VERSION argument <min> value or use a ...<max> suffix to tell
  CMake that the project does not need compatibility with older versions.


-- Using these message generators: gencpp;geneus;genlisp;gennodejs;genpy
-- brics_actuator: 12 messages, 0 services
-- +++ processing catkin package: 'mpc_local_planner_msgs'
-- ==> add_subdirectory(forks/navigation/local_planner/mpc/mpc_local_planner_msgs)
-- Using these message generators: gencpp;geneus;genlisp;gennodejs;genpy
-- mpc_local_planner_msgs: 2 messages, 0 services
-- +++ processing catkin package: 'arena-tools'
-- ==> add_subdirectory(forks/arena-tools)
-- +++ processing catkin package: 'cadrl_ros'
-- ==> add_subdirectory(arena-rosnav-3D/arena_navigation/arena_local_planer/model_based/cadrl_ros)
-- +++ processing catkin package: 'conventional'
-- ==> add_subdirectory(arena-rosnav-3D/arena_navigation/arena_local_planer/model_based/conventional)
-- +++ processing catkin package: 'pedsim'
-- ==> add_subdirectory(forks/pedsim_ros/3rdparty/libpedsim)
CMake Deprecation Warning at forks/pedsim_ros/3rdparty/libpedsim/CMakeLists.txt:1 (cmake_minimum_required):
  Compatibility with CMake < 2.8.12 will be removed from a future version of
  CMake.

  Update the VERSION argument <min> value or use a ...<max> suffix to tell
  CMake that the project does not need compatibility with older versions.


Debugging deactivated
-- Found Boost: /usr/lib/x86_64-linux-gnu/cmake/Boost-1.71.0/BoostConfig.cmake (found version "1.71.0")  
-- +++ processing catkin package: 'record_gazebo'
-- ==> add_subdirectory(arena-rosnav-3D/utils/record_gazebo)
-- Installing devel-space wrapper /home/robot/arena_ws/src/arena-rosnav-3D/utils/record_gazebo/src/record_gazebo_node.py to /home/robot/arena_ws/devel/lib/record_gazebo
-- +++ processing catkin package: 'spencer_human_attribute_msgs'
-- ==> add_subdirectory(forks/pedsim_ros/2ndparty/spencer_messages/spencer_human_attribute_msgs)
CMake Deprecation Warning at forks/pedsim_ros/2ndparty/spencer_messages/spencer_human_attribute_msgs/CMakeLists.txt:1 (cmake_minimum_required):
  Compatibility with CMake < 2.8.12 will be removed from a future version of
  CMake.

  Update the VERSION argument <min> value or use a ...<max> suffix to tell
  CMake that the project does not need compatibility with older versions.


-- Using these message generators: gencpp;geneus;genlisp;gennodejs;genpy
-- spencer_human_attribute_msgs: 3 messages, 0 services
-- +++ processing catkin package: 'spencer_tracking_msgs'
-- ==> add_subdirectory(forks/pedsim_ros/2ndparty/spencer_messages/spencer_tracking_msgs)
CMake Deprecation Warning at forks/pedsim_ros/2ndparty/spencer_messages/spencer_tracking_msgs/CMakeLists.txt:1 (cmake_minimum_required):
  Compatibility with CMake < 2.8.12 will be removed from a future version of
  CMake.

  Update the VERSION argument <min> value or use a ...<max> suffix to tell
  CMake that the project does not need compatibility with older versions.


-- Using these message generators: gencpp;geneus;genlisp;gennodejs;genpy
-- spencer_tracking_msgs: 13 messages, 1 services
-- +++ processing catkin package: 'arena-evaluation'
-- ==> add_subdirectory(forks/arena-evaluation)
-- Using these message generators: gencpp;geneus;genlisp;gennodejs;genpy
-- +++ processing catkin package: 'arena_mapping'
-- ==> add_subdirectory(arena-rosnav-3D/arena_navigation/arena_mapping)
-- Using these message generators: gencpp;geneus;genlisp;gennodejs;genpy
-- Eigen found (include: /usr/include/eigen3, version: 3.3.7)
-- Found Boost: /usr/lib/x86_64-linux-gnu/cmake/Boost-1.71.0/BoostConfig.cmake (found suitable version "1.71.0", minimum required is "1.65.0") found components: system filesystem date_time iostreams serialization 
-- FLANN found (include: /usr/include, lib: /usr/lib/x86_64-linux-gnu/libflann_cpp.so)
-- The imported target "vtkParseOGLExt" references the file
   "/usr/bin/vtkParseOGLExt-7.1"
but this file does not exist.  Possible reasons include:
* The file was deleted, renamed, or moved to another location.
* An install or uninstall procedure did not complete successfully.
* The installation package was faulty and contained
   "/usr/lib/cmake/vtk-7.1/VTKTargets.cmake"
but not all the files it references.

-- The imported target "vtkRenderingPythonTkWidgets" references the file
   "/usr/lib/x86_64-linux-gnu/libvtkRenderingPythonTkWidgets.so"
but this file does not exist.  Possible reasons include:
* The file was deleted, renamed, or moved to another location.
* An install or uninstall procedure did not complete successfully.
* The installation package was faulty and contained
   "/usr/lib/cmake/vtk-7.1/VTKTargets.cmake"
but not all the files it references.

-- The imported target "vtk" references the file
   "/usr/bin/vtk"
but this file does not exist.  Possible reasons include:
* The file was deleted, renamed, or moved to another location.
* An install or uninstall procedure did not complete successfully.
* The installation package was faulty and contained
   "/usr/lib/cmake/vtk-7.1/VTKTargets.cmake"
but not all the files it references.

-- The imported target "pvtk" references the file
   "/usr/bin/pvtk"
but this file does not exist.  Possible reasons include:
* The file was deleted, renamed, or moved to another location.
* An install or uninstall procedure did not complete successfully.
* The installation package was faulty and contained
   "/usr/lib/cmake/vtk-7.1/VTKTargets.cmake"
but not all the files it references.

-- OpenNI found (version: 1.5.4.0, include: /usr/include/ni, lib: /usr/lib/libOpenNI.so;libusb::libusb)
-- OpenNI2 found (version: 2.2.0.33, include: /usr/include/openni2, lib: /usr/lib/libOpenNI2.so;libusb::libusb)
** WARNING ** io features related to pcap will be disabled
** WARNING ** io features related to png will be disabled
-- Eigen found (include: /usr/include/eigen3, version: 3.3.7)
-- OpenNI found (version: 1.5.4.0, include: /usr/include/ni, lib: /usr/lib/libOpenNI.so;libusb::libusb)
-- OpenNI2 found (version: 2.2.0.33, include: /usr/include/openni2, lib: /usr/lib/libOpenNI2.so;libusb::libusb)
-- QHULL found (include: /usr/include, lib: /usr/lib/x86_64-linux-gnu/libqhull_r.so)
-- looking for PCL_COMMON
-- looking for PCL_KDTREE
-- looking for PCL_OCTREE
-- looking for PCL_SEARCH
-- looking for PCL_SAMPLE_CONSENSUS
-- looking for PCL_FILTERS
-- looking for PCL_2D
-- looking for PCL_GEOMETRY
-- looking for PCL_IO
-- looking for PCL_FEATURES
-- looking for PCL_ML
-- looking for PCL_SEGMENTATION
-- looking for PCL_VISUALIZATION
-- looking for PCL_SURFACE
-- looking for PCL_REGISTRATION
-- looking for PCL_KEYPOINTS
-- looking for PCL_TRACKING
-- looking for PCL_RECOGNITION
-- looking for PCL_STEREO
-- looking for PCL_OUTOFCORE
-- looking for PCL_PEOPLE
-- +++ processing catkin package: 'arena_path_search'
-- ==> add_subdirectory(arena-rosnav-3D/arena_navigation/arena_path_search)
-- Using these message generators: gencpp;geneus;genlisp;gennodejs;genpy
-- Eigen found (include: /usr/include/eigen3, version: 3.3.7)
-- FLANN found (include: /usr/include, lib: /usr/lib/x86_64-linux-gnu/libflann_cpp.so)
-- The imported target "vtkParseOGLExt" references the file
   "/usr/bin/vtkParseOGLExt-7.1"
but this file does not exist.  Possible reasons include:
* The file was deleted, renamed, or moved to another location.
* An install or uninstall procedure did not complete successfully.
* The installation package was faulty and contained
   "/usr/lib/cmake/vtk-7.1/VTKTargets.cmake"
but not all the files it references.

-- The imported target "vtkRenderingPythonTkWidgets" references the file
   "/usr/lib/x86_64-linux-gnu/libvtkRenderingPythonTkWidgets.so"
but this file does not exist.  Possible reasons include:
* The file was deleted, renamed, or moved to another location.
* An install or uninstall procedure did not complete successfully.
* The installation package was faulty and contained
   "/usr/lib/cmake/vtk-7.1/VTKTargets.cmake"
but not all the files it references.

-- The imported target "vtk" references the file
   "/usr/bin/vtk"
but this file does not exist.  Possible reasons include:
* The file was deleted, renamed, or moved to another location.
* An install or uninstall procedure did not complete successfully.
* The installation package was faulty and contained
   "/usr/lib/cmake/vtk-7.1/VTKTargets.cmake"
but not all the files it references.

-- The imported target "pvtk" references the file
   "/usr/bin/pvtk"
but this file does not exist.  Possible reasons include:
* The file was deleted, renamed, or moved to another location.
* An install or uninstall procedure did not complete successfully.
* The installation package was faulty and contained
   "/usr/lib/cmake/vtk-7.1/VTKTargets.cmake"
but not all the files it references.

-- OpenNI found (version: 1.5.4.0, include: /usr/include/ni, lib: /usr/lib/libOpenNI.so;libusb::libusb)
-- OpenNI2 found (version: 2.2.0.33, include: /usr/include/openni2, lib: /usr/lib/libOpenNI2.so;libusb::libusb)
** WARNING ** io features related to pcap will be disabled
** WARNING ** io features related to png will be disabled
-- Eigen found (include: /usr/include/eigen3, version: 3.3.7)
-- OpenNI found (version: 1.5.4.0, include: /usr/include/ni, lib: /usr/lib/libOpenNI.so;libusb::libusb)
-- OpenNI2 found (version: 2.2.0.33, include: /usr/include/openni2, lib: /usr/lib/libOpenNI2.so;libusb::libusb)
-- QHULL found (include: /usr/include, lib: /usr/lib/x86_64-linux-gnu/libqhull_r.so)
-- looking for PCL_COMMON
-- looking for PCL_KDTREE
-- looking for PCL_OCTREE
-- looking for PCL_SEARCH
-- looking for PCL_SAMPLE_CONSENSUS
-- looking for PCL_FILTERS
-- looking for PCL_2D
-- looking for PCL_GEOMETRY
-- looking for PCL_IO
-- looking for PCL_FEATURES
-- looking for PCL_ML
-- looking for PCL_SEGMENTATION
-- looking for PCL_VISUALIZATION
-- looking for PCL_SURFACE
-- looking for PCL_REGISTRATION
-- looking for PCL_KEYPOINTS
-- looking for PCL_TRACKING
-- looking for PCL_RECOGNITION
-- looking for PCL_STEREO
-- looking for PCL_OUTOFCORE
-- looking for PCL_PEOPLE
-- Found PCL: pcl_common;pcl_kdtree;pcl_octree;pcl_search;pcl_sample_consensus;pcl_filters;pcl_io;pcl_features;pcl_ml;pcl_segmentation;pcl_visualization;pcl_surface;pcl_registration;pcl_keypoints;pcl_tracking;pcl_recognition;pcl_stereo;pcl_outofcore;pcl_people;Boost::system;Boost::filesystem;Boost::date_time;Boost::iostreams;Boost::serialization;/usr/lib/libOpenNI.so;libusb::libusb;/usr/lib/libOpenNI2.so;libusb::libusb;vtkChartsCore;vtkCommonColor;vtkCommonCore;vtksys;vtkCommonDataModel;vtkCommonMath;vtkCommonMisc;vtkCommonSystem;vtkCommonTransforms;vtkCommonExecutionModel;vtkFiltersGeneral;vtkCommonComputationalGeometry;vtkFiltersCore;vtkInfovisCore;vtkFiltersExtraction;vtkFiltersStatistics;vtkImagingFourier;vtkImagingCore;vtkalglib;vtkRenderingContext2D;vtkRenderingCore;vtkFiltersGeometry;vtkFiltersSources;vtkRenderingFreeType;/usr/lib/x86_64-linux-gnu/libfreetype.so;/usr/lib/x86_64-linux-gnu/libz.so;vtkFiltersModeling;vtkImagingSources;vtkInteractionImage;vtkImagingColor;vtkInteractionStyle;vtkInteractionWidgets;vtkFiltersHybrid;vtkImagingGeneral;vtkImagingHybrid;vtkIOImage;vtkDICOMParser;vtkmetaio;/usr/lib/x86_64-linux-gnu/libjpeg.so;/usr/lib/x86_64-linux-gnu/libpng.so;/usr/lib/x86_64-linux-gnu/libtiff.so;vtkRenderingAnnotation;vtkRenderingVolume;vtkIOXML;vtkIOCore;vtkIOXMLParser;/usr/lib/x86_64-linux-gnu/libexpat.so;vtkIOGeometry;vtkIOLegacy;vtkIOPLY;vtkRenderingLOD;vtkViewsCore;vtkViewsContext2D;vtkRenderingOpenGL2;vtkGUISupportQt;FLANN::FLANN;QHULL::QHULL  
-- +++ processing catkin package: 'arena_plan_msgs'
-- ==> add_subdirectory(arena-rosnav-3D/arena_navigation/arena_plan_msgs)
-- Using these message generators: gencpp;geneus;genlisp;gennodejs;genpy
-- arena_plan_msgs: 2 messages, 2 services
-- +++ processing catkin package: 'arena_traj_planner'
-- ==> add_subdirectory(arena-rosnav-3D/arena_navigation/arena_traj_planner)
-- Using these message generators: gencpp;geneus;genlisp;gennodejs;genpy
-- Eigen found (include: /usr/include/eigen3, version: 3.3.7)
-- FLANN found (include: /usr/include, lib: /usr/lib/x86_64-linux-gnu/libflann_cpp.so)
-- The imported target "vtkParseOGLExt" references the file
   "/usr/bin/vtkParseOGLExt-7.1"
but this file does not exist.  Possible reasons include:
* The file was deleted, renamed, or moved to another location.
* An install or uninstall procedure did not complete successfully.
* The installation package was faulty and contained
   "/usr/lib/cmake/vtk-7.1/VTKTargets.cmake"
but not all the files it references.

-- The imported target "vtkRenderingPythonTkWidgets" references the file
   "/usr/lib/x86_64-linux-gnu/libvtkRenderingPythonTkWidgets.so"
but this file does not exist.  Possible reasons include:
* The file was deleted, renamed, or moved to another location.
* An install or uninstall procedure did not complete successfully.
* The installation package was faulty and contained
   "/usr/lib/cmake/vtk-7.1/VTKTargets.cmake"
but not all the files it references.

-- The imported target "vtk" references the file
   "/usr/bin/vtk"
but this file does not exist.  Possible reasons include:
* The file was deleted, renamed, or moved to another location.
* An install or uninstall procedure did not complete successfully.
* The installation package was faulty and contained
   "/usr/lib/cmake/vtk-7.1/VTKTargets.cmake"
but not all the files it references.

-- The imported target "pvtk" references the file
   "/usr/bin/pvtk"
but this file does not exist.  Possible reasons include:
* The file was deleted, renamed, or moved to another location.
* An install or uninstall procedure did not complete successfully.
* The installation package was faulty and contained
   "/usr/lib/cmake/vtk-7.1/VTKTargets.cmake"
but not all the files it references.

-- OpenNI found (version: 1.5.4.0, include: /usr/include/ni, lib: /usr/lib/libOpenNI.so;libusb::libusb)
-- OpenNI2 found (version: 2.2.0.33, include: /usr/include/openni2, lib: /usr/lib/libOpenNI2.so;libusb::libusb)
** WARNING ** io features related to pcap will be disabled
** WARNING ** io features related to png will be disabled
-- Eigen found (include: /usr/include/eigen3, version: 3.3.7)
-- OpenNI found (version: 1.5.4.0, include: /usr/include/ni, lib: /usr/lib/libOpenNI.so;libusb::libusb)
-- OpenNI2 found (version: 2.2.0.33, include: /usr/include/openni2, lib: /usr/lib/libOpenNI2.so;libusb::libusb)
-- QHULL found (include: /usr/include, lib: /usr/lib/x86_64-linux-gnu/libqhull_r.so)
-- looking for PCL_COMMON
-- looking for PCL_KDTREE
-- looking for PCL_OCTREE
-- looking for PCL_SEARCH
-- looking for PCL_SAMPLE_CONSENSUS
-- looking for PCL_FILTERS
-- looking for PCL_2D
-- looking for PCL_GEOMETRY
-- looking for PCL_IO
-- looking for PCL_FEATURES
-- looking for PCL_ML
-- looking for PCL_SEGMENTATION
-- looking for PCL_VISUALIZATION
-- looking for PCL_SURFACE
-- looking for PCL_REGISTRATION
-- looking for PCL_KEYPOINTS
-- looking for PCL_TRACKING
-- looking for PCL_RECOGNITION
-- looking for PCL_STEREO
-- looking for PCL_OUTOFCORE
-- looking for PCL_PEOPLE
-- +++ processing catkin package: 'cob_sick_s300'
-- ==> add_subdirectory(forks/robots/cob4_packages/cob_sick_s300)
-- Found Boost: /usr/lib/x86_64-linux-gnu/cmake/Boost-1.71.0/BoostConfig.cmake (found version "1.71.0") found components: date_time thread 
-- +++ processing catkin package: 'eval'
-- ==> add_subdirectory(arena-rosnav-3D/utils/eval)
-- Installing devel-space wrapper /home/robot/arena_ws/src/arena-rosnav-3D/utils/eval/src/run_evals.py to /home/robot/arena_ws/devel/lib/eval
-- +++ processing catkin package: 'ford_msgs'
-- ==> add_subdirectory(forks/navigation/msgs/ford)
CMake Deprecation Warning at forks/navigation/msgs/ford/CMakeLists.txt:1 (cmake_minimum_required):
  Compatibility with CMake < 2.8.12 will be removed from a future version of
  CMake.

  Update the VERSION argument <min> value or use a ...<max> suffix to tell
  CMake that the project does not need compatibility with older versions.


-- Using these message generators: gencpp;geneus;genlisp;gennodejs;genpy
-- ford_msgs: 12 messages, 1 services
-- +++ processing catkin package: 'observations'
-- ==> add_subdirectory(arena-rosnav-3D/arena_navigation/observations)
-- Using these message generators: gencpp;geneus;genlisp;gennodejs;genpy
-- observations: 1 messages, 0 services
-- +++ processing catkin package: 'pedsim_msgs'
-- ==> add_subdirectory(forks/pedsim_ros/pedsim_msgs)
CMake Deprecation Warning at forks/pedsim_ros/pedsim_msgs/CMakeLists.txt:1 (cmake_minimum_required):
  Compatibility with CMake < 2.8.12 will be removed from a future version of
  CMake.

  Update the VERSION argument <min> value or use a ...<max> suffix to tell
  CMake that the project does not need compatibility with older versions.


-- Using these message generators: gencpp;geneus;genlisp;gennodejs;genpy
-- pedsim_msgs: 19 messages, 0 services
-- +++ processing catkin package: 'pedsim_srvs'
-- ==> add_subdirectory(forks/pedsim_ros/pedsim_srvs)
CMake Deprecation Warning at forks/pedsim_ros/pedsim_srvs/CMakeLists.txt:1 (cmake_minimum_required):
  Compatibility with CMake < 2.8.12 will be removed from a future version of
  CMake.

  Update the VERSION argument <min> value or use a ...<max> suffix to tell
  CMake that the project does not need compatibility with older versions.


-- Using these message generators: gencpp;geneus;genlisp;gennodejs;genpy
-- pedsim_srvs: 0 messages, 10 services
-- +++ processing catkin package: 'pedsim_utils'
-- ==> add_subdirectory(forks/pedsim_ros/pedsim_utils)
CMake Deprecation Warning at forks/pedsim_ros/pedsim_utils/CMakeLists.txt:1 (cmake_minimum_required):
  Compatibility with CMake < 2.8.12 will be removed from a future version of
  CMake.

  Update the VERSION argument <min> value or use a ...<max> suffix to tell
  CMake that the project does not need compatibility with older versions.


-- Using these message generators: gencpp;geneus;genlisp;gennodejs;genpy
-- +++ processing catkin package: 'pedsim_visualizer'
-- ==> add_subdirectory(forks/pedsim_ros/pedsim_visualizer)
CMake Deprecation Warning at forks/pedsim_ros/pedsim_visualizer/CMakeLists.txt:1 (cmake_minimum_required):
  Compatibility with CMake < 2.8.12 will be removed from a future version of
  CMake.

  Update the VERSION argument <min> value or use a ...<max> suffix to tell
  CMake that the project does not need compatibility with older versions.


-- Using these message generators: gencpp;geneus;genlisp;gennodejs;genpy
-- +++ processing catkin package: 'plan_visualization'
-- ==> add_subdirectory(arena-rosnav-3D/utils/plan_visualization)
-- Using these message generators: gencpp;geneus;genlisp;gennodejs;genpy
-- +++ processing catkin package: 'arena_intermediate_planner'
-- ==> add_subdirectory(arena-rosnav-3D/arena_navigation/arena_intermediate_planner)
-- Using these message generators: gencpp;geneus;genlisp;gennodejs;genpy
-- Eigen found (include: /usr/include/eigen3, version: 3.3.7)
-- Found Boost: /usr/lib/x86_64-linux-gnu/cmake/Boost-1.71.0/BoostConfig.cmake (found suitable version "1.71.0", minimum required is "1.65.0") found components: system filesystem date_time iostreams serialization 
-- FLANN found (include: /usr/include, lib: /usr/lib/x86_64-linux-gnu/libflann_cpp.so)
-- The imported target "vtkParseOGLExt" references the file
   "/usr/bin/vtkParseOGLExt-7.1"
but this file does not exist.  Possible reasons include:
* The file was deleted, renamed, or moved to another location.
* An install or uninstall procedure did not complete successfully.
* The installation package was faulty and contained
   "/usr/lib/cmake/vtk-7.1/VTKTargets.cmake"
but not all the files it references.

-- The imported target "vtkRenderingPythonTkWidgets" references the file
   "/usr/lib/x86_64-linux-gnu/libvtkRenderingPythonTkWidgets.so"
but this file does not exist.  Possible reasons include:
* The file was deleted, renamed, or moved to another location.
* An install or uninstall procedure did not complete successfully.
* The installation package was faulty and contained
   "/usr/lib/cmake/vtk-7.1/VTKTargets.cmake"
but not all the files it references.

-- The imported target "vtk" references the file
   "/usr/bin/vtk"
but this file does not exist.  Possible reasons include:
* The file was deleted, renamed, or moved to another location.
* An install or uninstall procedure did not complete successfully.
* The installation package was faulty and contained
   "/usr/lib/cmake/vtk-7.1/VTKTargets.cmake"
but not all the files it references.

-- The imported target "pvtk" references the file
   "/usr/bin/pvtk"
but this file does not exist.  Possible reasons include:
* The file was deleted, renamed, or moved to another location.
* An install or uninstall procedure did not complete successfully.
* The installation package was faulty and contained
   "/usr/lib/cmake/vtk-7.1/VTKTargets.cmake"
but not all the files it references.

-- OpenNI found (version: 1.5.4.0, include: /usr/include/ni, lib: /usr/lib/libOpenNI.so;libusb::libusb)
-- OpenNI2 found (version: 2.2.0.33, include: /usr/include/openni2, lib: /usr/lib/libOpenNI2.so;libusb::libusb)
** WARNING ** io features related to pcap will be disabled
** WARNING ** io features related to png will be disabled
-- Eigen found (include: /usr/include/eigen3, version: 3.3.7)
-- OpenNI found (version: 1.5.4.0, include: /usr/include/ni, lib: /usr/lib/libOpenNI.so;libusb::libusb)
-- OpenNI2 found (version: 2.2.0.33, include: /usr/include/openni2, lib: /usr/lib/libOpenNI2.so;libusb::libusb)
-- QHULL found (include: /usr/include, lib: /usr/lib/x86_64-linux-gnu/libqhull_r.so)
-- looking for PCL_COMMON
-- looking for PCL_KDTREE
-- looking for PCL_OCTREE
-- looking for PCL_SEARCH
-- looking for PCL_SAMPLE_CONSENSUS
-- looking for PCL_FILTERS
-- looking for PCL_2D
-- looking for PCL_GEOMETRY
-- looking for PCL_IO
-- looking for PCL_FEATURES
-- looking for PCL_ML
-- looking for PCL_SEGMENTATION
-- looking for PCL_VISUALIZATION
-- looking for PCL_SURFACE
-- looking for PCL_REGISTRATION
-- looking for PCL_KEYPOINTS
-- looking for PCL_TRACKING
-- looking for PCL_RECOGNITION
-- looking for PCL_STEREO
-- looking for PCL_OUTOFCORE
-- looking for PCL_PEOPLE
-- Found PCL: pcl_common;pcl_kdtree;pcl_octree;pcl_search;pcl_sample_consensus;pcl_filters;pcl_io;pcl_features;pcl_ml;pcl_segmentation;pcl_visualization;pcl_surface;pcl_registration;pcl_keypoints;pcl_tracking;pcl_recognition;pcl_stereo;pcl_outofcore;pcl_people;Boost::system;Boost::filesystem;Boost::date_time;Boost::iostreams;Boost::serialization;/usr/lib/libOpenNI.so;libusb::libusb;/usr/lib/libOpenNI2.so;libusb::libusb;vtkChartsCore;vtkCommonColor;vtkCommonCore;vtksys;vtkCommonDataModel;vtkCommonMath;vtkCommonMisc;vtkCommonSystem;vtkCommonTransforms;vtkCommonExecutionModel;vtkFiltersGeneral;vtkCommonComputationalGeometry;vtkFiltersCore;vtkInfovisCore;vtkFiltersExtraction;vtkFiltersStatistics;vtkImagingFourier;vtkImagingCore;vtkalglib;vtkRenderingContext2D;vtkRenderingCore;vtkFiltersGeometry;vtkFiltersSources;vtkRenderingFreeType;/usr/lib/x86_64-linux-gnu/libfreetype.so;/usr/lib/x86_64-linux-gnu/libz.so;vtkFiltersModeling;vtkImagingSources;vtkInteractionImage;vtkImagingColor;vtkInteractionStyle;vtkInteractionWidgets;vtkFiltersHybrid;vtkImagingGeneral;vtkImagingHybrid;vtkIOImage;vtkDICOMParser;vtkmetaio;/usr/lib/x86_64-linux-gnu/libjpeg.so;/usr/lib/x86_64-linux-gnu/libpng.so;/usr/lib/x86_64-linux-gnu/libtiff.so;vtkRenderingAnnotation;vtkRenderingVolume;vtkIOXML;vtkIOCore;vtkIOXMLParser;/usr/lib/x86_64-linux-gnu/libexpat.so;vtkIOGeometry;vtkIOLegacy;vtkIOPLY;vtkRenderingLOD;vtkViewsCore;vtkViewsContext2D;vtkRenderingOpenGL2;vtkGUISupportQt;FLANN::FLANN;QHULL::QHULL (Required is at least version "1.7") 
-- +++ processing catkin package: 'spencer_social_relation_msgs'
-- ==> add_subdirectory(forks/pedsim_ros/2ndparty/spencer_messages/spencer_social_relation_msgs)
CMake Deprecation Warning at forks/pedsim_ros/2ndparty/spencer_messages/spencer_social_relation_msgs/CMakeLists.txt:1 (cmake_minimum_required):
  Compatibility with CMake < 2.8.12 will be removed from a future version of
  CMake.

  Update the VERSION argument <min> value or use a ...<max> suffix to tell
  CMake that the project does not need compatibility with older versions.


-- Using these message generators: gencpp;geneus;genlisp;gennodejs;genpy
-- spencer_social_relation_msgs: 4 messages, 0 services
-- +++ processing catkin package: 'spencer_vision_msgs'
-- ==> add_subdirectory(forks/pedsim_ros/2ndparty/spencer_messages/spencer_vision_msgs)
CMake Deprecation Warning at forks/pedsim_ros/2ndparty/spencer_messages/spencer_vision_msgs/CMakeLists.txt:1 (cmake_minimum_required):
  Compatibility with CMake < 2.8.12 will be removed from a future version of
  CMake.

  Update the VERSION argument <min> value or use a ...<max> suffix to tell
  CMake that the project does not need compatibility with older versions.


-- Using these message generators: gencpp;geneus;genlisp;gennodejs;genpy
-- spencer_vision_msgs: 4 messages, 0 services
-- +++ processing catkin package: 'task_generator'
-- ==> add_subdirectory(arena-rosnav-3D/task_generator)
-- +++ processing catkin package: 'arena_spacial_horizon'
-- ==> add_subdirectory(arena-rosnav-3D/arena_navigation/arena_spacial_horizon)
-- Using these message generators: gencpp;geneus;genlisp;gennodejs;genpy
-- Eigen found (include: /usr/include/eigen3, version: 3.3.7)
-- FLANN found (include: /usr/include, lib: /usr/lib/x86_64-linux-gnu/libflann_cpp.so)
-- The imported target "vtkParseOGLExt" references the file
   "/usr/bin/vtkParseOGLExt-7.1"
but this file does not exist.  Possible reasons include:
* The file was deleted, renamed, or moved to another location.
* An install or uninstall procedure did not complete successfully.
* The installation package was faulty and contained
   "/usr/lib/cmake/vtk-7.1/VTKTargets.cmake"
but not all the files it references.

-- The imported target "vtkRenderingPythonTkWidgets" references the file
   "/usr/lib/x86_64-linux-gnu/libvtkRenderingPythonTkWidgets.so"
but this file does not exist.  Possible reasons include:
* The file was deleted, renamed, or moved to another location.
* An install or uninstall procedure did not complete successfully.
* The installation package was faulty and contained
   "/usr/lib/cmake/vtk-7.1/VTKTargets.cmake"
but not all the files it references.

-- The imported target "vtk" references the file
   "/usr/bin/vtk"
but this file does not exist.  Possible reasons include:
* The file was deleted, renamed, or moved to another location.
* An install or uninstall procedure did not complete successfully.
* The installation package was faulty and contained
   "/usr/lib/cmake/vtk-7.1/VTKTargets.cmake"
but not all the files it references.

-- The imported target "pvtk" references the file
   "/usr/bin/pvtk"
but this file does not exist.  Possible reasons include:
* The file was deleted, renamed, or moved to another location.
* An install or uninstall procedure did not complete successfully.
* The installation package was faulty and contained
   "/usr/lib/cmake/vtk-7.1/VTKTargets.cmake"
but not all the files it references.

-- OpenNI found (version: 1.5.4.0, include: /usr/include/ni, lib: /usr/lib/libOpenNI.so;libusb::libusb)
-- OpenNI2 found (version: 2.2.0.33, include: /usr/include/openni2, lib: /usr/lib/libOpenNI2.so;libusb::libusb)
** WARNING ** io features related to pcap will be disabled
** WARNING ** io features related to png will be disabled
-- Eigen found (include: /usr/include/eigen3, version: 3.3.7)
-- OpenNI found (version: 1.5.4.0, include: /usr/include/ni, lib: /usr/lib/libOpenNI.so;libusb::libusb)
-- OpenNI2 found (version: 2.2.0.33, include: /usr/include/openni2, lib: /usr/lib/libOpenNI2.so;libusb::libusb)
-- QHULL found (include: /usr/include, lib: /usr/lib/x86_64-linux-gnu/libqhull_r.so)
-- looking for PCL_COMMON
-- looking for PCL_KDTREE
-- looking for PCL_OCTREE
-- looking for PCL_SEARCH
-- looking for PCL_SAMPLE_CONSENSUS
-- looking for PCL_FILTERS
-- looking for PCL_2D
-- looking for PCL_GEOMETRY
-- looking for PCL_IO
-- looking for PCL_FEATURES
-- looking for PCL_ML
-- looking for PCL_SEGMENTATION
-- looking for PCL_VISUALIZATION
-- looking for PCL_SURFACE
-- looking for PCL_REGISTRATION
-- looking for PCL_KEYPOINTS
-- looking for PCL_TRACKING
-- looking for PCL_RECOGNITION
-- looking for PCL_STEREO
-- looking for PCL_OUTOFCORE
-- looking for PCL_PEOPLE
-- +++ processing catkin package: 'light_scan_sim'
-- ==> add_subdirectory(arena-rosnav-3D/arena_navigation/arena_local_planer/learning_based/all_in_one_3rd_party/light_scan_sim)
CMake Deprecation Warning at arena-rosnav-3D/arena_navigation/arena_local_planer/learning_based/all_in_one_3rd_party/light_scan_sim/CMakeLists.txt:1 (cmake_minimum_required):
  Compatibility with CMake < 2.8.12 will be removed from a future version of
  CMake.

  Update the VERSION argument <min> value or use a ...<max> suffix to tell
  CMake that the project does not need compatibility with older versions.


-- Using these message generators: gencpp;geneus;genlisp;gennodejs;genpy
-- light_scan_sim: 4 messages, 0 services
-- +++ processing catkin package: 'pedsim_gazebo_plugin'
-- ==> add_subdirectory(forks/pedsim_ros/pedsim_gazebo_plugin)
CMake Deprecation Warning at forks/pedsim_ros/pedsim_gazebo_plugin/CMakeLists.txt:1 (cmake_minimum_required):
  Compatibility with CMake < 2.8.12 will be removed from a future version of
  CMake.

  Update the VERSION argument <min> value or use a ...<max> suffix to tell
  CMake that the project does not need compatibility with older versions.


WARNING: package 'gazebo_ros' is deprecated (This package has been deprecated as of January 2025 with Gazebo classic 11 reaching
      end-of-life. Users are highly encouraged to migrate to the new Gazebo
      using our migration guides (https://gazebosim.org/docs/latest/gazebo_classic_migration))
-- Using these message generators: gencpp;geneus;genlisp;gennodejs;genpy
WARNING: package 'gazebo_msgs' is deprecated (This package has been deprecated as of January 2025 with Gazebo classic 11 reaching
      end-of-life. Users are highly encouraged to migrate to the new Gazebo
      using our migration guides (https://gazebosim.org/docs/latest/gazebo_classic_migration))
-- Found DART: /usr/include (Required is at least version "6.6") found components: dart 
-- Found Boost: /usr/lib/x86_64-linux-gnu/cmake/Boost-1.71.0/BoostConfig.cmake (found suitable version "1.71.0", minimum required is "1.40.0") found components: thread system filesystem program_options regex iostreams date_time 
-- Looking for ignition-math6 -- found version 6.15.1
-- Searching for dependencies of ignition-math6
-- Looking for OGRE...
-- Found Ogre Ghadamon (1.9.0)
-- Found OGRE: optimized;/usr/lib/x86_64-linux-gnu/libOgreMain.so;debug;/usr/lib/x86_64-linux-gnu/libOgreMain.so
-- Looking for OGRE_Paging...
-- Found OGRE_Paging: optimized;/usr/lib/x86_64-linux-gnu/libOgrePaging.so;debug;/usr/lib/x86_64-linux-gnu/libOgrePaging.so
-- Looking for OGRE_Terrain...
-- Found OGRE_Terrain: optimized;/usr/lib/x86_64-linux-gnu/libOgreTerrain.so;debug;/usr/lib/x86_64-linux-gnu/libOgreTerrain.so
-- Looking for OGRE_Property...
-- Found OGRE_Property: optimized;/usr/lib/x86_64-linux-gnu/libOgreProperty.so;debug;/usr/lib/x86_64-linux-gnu/libOgreProperty.so
-- Looking for OGRE_RTShaderSystem...
-- Found OGRE_RTShaderSystem: optimized;/usr/lib/x86_64-linux-gnu/libOgreRTShaderSystem.so;debug;/usr/lib/x86_64-linux-gnu/libOgreRTShaderSystem.so
-- Looking for OGRE_Volume...
-- Found OGRE_Volume: optimized;/usr/lib/x86_64-linux-gnu/libOgreVolume.so;debug;/usr/lib/x86_64-linux-gnu/libOgreVolume.so
-- Looking for OGRE_Overlay...
-- Found OGRE_Overlay: optimized;/usr/lib/x86_64-linux-gnu/libOgreOverlay.so;debug;/usr/lib/x86_64-linux-gnu/libOgreOverlay.so
-- Looking for ignition-math6 -- found version 6.15.1
-- Looking for ignition-transport8 -- found version 8.5.1
-- Searching for dependencies of ignition-transport8
-- Config-file not installed for ZeroMQ -- checking for pkg-config
-- Checking for module 'libzmq >= 4'
--   Found libzmq , version 4.3.2
-- Checking for module 'uuid'
--   Found uuid, version 2.34.0
-- Looking for ignition-msgs5 -- found version 5.11.1
-- Searching for dependencies of ignition-msgs5
-- Looking for ignition-math6 -- found version 6.15.1
-- Checking for module 'tinyxml2'
--   Found tinyxml2, version 6.2.0
-- Looking for ignition-msgs5 -- found version 5.11.1
-- Looking for ignition-common3 -- found version 3.17.1
-- Searching for dependencies of ignition-common3
-- Looking for dlfcn.h - found
-- Looking for libdl - found
-- Searching for <ignition-common3> component [graphics]
-- Looking for ignition-common3-graphics -- found version 3.17.1
-- Searching for dependencies of ignition-common3-graphics
-- Looking for ignition-math6 -- found version 6.15.1
-- Looking for ignition-fuel_tools4 -- found version 4.9.2
-- Searching for dependencies of ignition-fuel_tools4
-- Checking for module 'jsoncpp'
--   Found jsoncpp, version 1.7.4
-- Checking for module 'yaml-0.1'
--   Found yaml-0.1, version 0.2.2
-- Checking for module 'libzip'
--   Found libzip, version 1.5.1
-- Looking for ignition-common3 -- found version 3.17.1
-- Looking for ignition-math6 -- found version 6.15.1
-- Looking for ignition-msgs5 -- found version 5.11.1
-- +++ processing catkin package: 'pedsim_sensors'
-- ==> add_subdirectory(forks/pedsim_ros/pedsim_sensors)
CMake Deprecation Warning at forks/pedsim_ros/pedsim_sensors/CMakeLists.txt:1 (cmake_minimum_required):
  Compatibility with CMake < 2.8.12 will be removed from a future version of
  CMake.

  Update the VERSION argument <min> value or use a ...<max> suffix to tell
  CMake that the project does not need compatibility with older versions.


-- Using these message generators: gencpp;geneus;genlisp;gennodejs;genpy
-- +++ processing catkin package: 'pedsim_simulator'
-- ==> add_subdirectory(forks/pedsim_ros/pedsim_simulator)
CMake Deprecation Warning at forks/pedsim_ros/pedsim_simulator/CMakeLists.txt:1 (cmake_minimum_required):
  Compatibility with CMake < 2.8.12 will be removed from a future version of
  CMake.

  Update the VERSION argument <min> value or use a ...<max> suffix to tell
  CMake that the project does not need compatibility with older versions.


-- Using these message generators: gencpp;geneus;genlisp;gennodejs;genpy
-- Found Boost: /usr/lib/x86_64-linux-gnu/cmake/Boost-1.71.0/BoostConfig.cmake (found version "1.71.0")  
-- +++ processing catkin package: 'simulator_setup'
-- ==> add_subdirectory(arena-rosnav-3D/simulator_setup)
WARNING: package 'gazebo_ros' is deprecated (This package has been deprecated as of January 2025 with Gazebo classic 11 reaching
      end-of-life. Users are highly encouraged to migrate to the new Gazebo
      using our migration guides (https://gazebosim.org/docs/latest/gazebo_classic_migration))
-- Using these message generators: gencpp;geneus;genlisp;gennodejs;genpy
WARNING: package 'gazebo_msgs' is deprecated (This package has been deprecated as of January 2025 with Gazebo classic 11 reaching
      end-of-life. Users are highly encouraged to migrate to the new Gazebo
      using our migration guides (https://gazebosim.org/docs/latest/gazebo_classic_migration))
-- Found DART: /usr/include (Required is at least version "6.6") found components: dart 
-- Found Boost: /usr/lib/x86_64-linux-gnu/cmake/Boost-1.71.0/BoostConfig.cmake (found suitable version "1.71.0", minimum required is "1.40.0") found components: thread system filesystem program_options regex iostreams date_time 
-- Looking for ignition-math6 -- found version 6.15.1
-- Searching for dependencies of ignition-math6
-- Looking for OGRE...
-- Found Ogre Ghadamon (1.9.0)
-- Found OGRE: optimized;/usr/lib/x86_64-linux-gnu/libOgreMain.so;debug;/usr/lib/x86_64-linux-gnu/libOgreMain.so
-- Looking for OGRE_Paging...
-- Found OGRE_Paging: optimized;/usr/lib/x86_64-linux-gnu/libOgrePaging.so;debug;/usr/lib/x86_64-linux-gnu/libOgrePaging.so
-- Looking for OGRE_Terrain...
-- Found OGRE_Terrain: optimized;/usr/lib/x86_64-linux-gnu/libOgreTerrain.so;debug;/usr/lib/x86_64-linux-gnu/libOgreTerrain.so
-- Looking for OGRE_Property...
-- Found OGRE_Property: optimized;/usr/lib/x86_64-linux-gnu/libOgreProperty.so;debug;/usr/lib/x86_64-linux-gnu/libOgreProperty.so
-- Looking for OGRE_RTShaderSystem...
-- Found OGRE_RTShaderSystem: optimized;/usr/lib/x86_64-linux-gnu/libOgreRTShaderSystem.so;debug;/usr/lib/x86_64-linux-gnu/libOgreRTShaderSystem.so
-- Looking for OGRE_Volume...
-- Found OGRE_Volume: optimized;/usr/lib/x86_64-linux-gnu/libOgreVolume.so;debug;/usr/lib/x86_64-linux-gnu/libOgreVolume.so
-- Looking for OGRE_Overlay...
-- Found OGRE_Overlay: optimized;/usr/lib/x86_64-linux-gnu/libOgreOverlay.so;debug;/usr/lib/x86_64-linux-gnu/libOgreOverlay.so
-- Looking for ignition-math6 -- found version 6.15.1
-- Looking for ignition-transport8 -- found version 8.5.1
-- Searching for dependencies of ignition-transport8
-- Config-file not installed for ZeroMQ -- checking for pkg-config
-- Checking for module 'libzmq >= 4'
--   Found libzmq , version 4.3.2
-- Checking for module 'uuid'
--   Found uuid, version 2.34.0
-- Looking for ignition-msgs5 -- found version 5.11.1
-- Searching for dependencies of ignition-msgs5
-- Looking for ignition-math6 -- found version 6.15.1
-- Checking for module 'tinyxml2'
--   Found tinyxml2, version 6.2.0
-- Looking for ignition-msgs5 -- found version 5.11.1
-- Looking for ignition-common3 -- found version 3.17.1
-- Searching for dependencies of ignition-common3
-- Looking for dlfcn.h - found
-- Looking for libdl - found
-- Searching for <ignition-common3> component [graphics]
-- Looking for ignition-common3-graphics -- found version 3.17.1
-- Searching for dependencies of ignition-common3-graphics
-- Looking for ignition-math6 -- found version 6.15.1
-- Looking for ignition-fuel_tools4 -- found version 4.9.2
-- Searching for dependencies of ignition-fuel_tools4
-- Checking for module 'jsoncpp'
--   Found jsoncpp, version 1.7.4
-- Checking for module 'yaml-0.1'
--   Found yaml-0.1, version 0.2.2
-- Checking for module 'libzip'
--   Found libzip, version 1.5.1
-- Looking for ignition-common3 -- found version 3.17.1
-- Looking for ignition-math6 -- found version 6.15.1
-- Looking for ignition-msgs5 -- found version 5.11.1
-- Found Boost: /usr/lib/x86_64-linux-gnu/cmake/Boost-1.71.0/BoostConfig.cmake (found version "1.71.0") found components: thread 
-- +++ processing catkin package: 'arena_fake_localization'
-- ==> add_subdirectory(arena-rosnav-3D/arena_navigation/arena_fake_localization)
-- Using these message generators: gencpp;geneus;genlisp;gennodejs;genpy
-- Found Boost: /usr/lib/x86_64-linux-gnu/cmake/Boost-1.71.0/BoostConfig.cmake (found version "1.71.0")  
-- +++ processing catkin package: 'arena_local_planner_drl'
-- ==> add_subdirectory(arena-rosnav-3D/arena_navigation/arena_local_planer/learning_based/arena_local_planner_drl)
-- Using these message generators: gencpp;geneus;genlisp;gennodejs;genpy
-- +++ processing catkin package: 'arena_plan_manager'
-- ==> add_subdirectory(arena-rosnav-3D/arena_navigation/arena_plan_manager)
-- Using these message generators: gencpp;geneus;genlisp;gennodejs;genpy
-- +++ processing catkin package: 'cob_scan_unifier'
-- ==> add_subdirectory(forks/robots/cob4_packages/cob_scan_unifier)
-- Using these message generators: gencpp;geneus;genlisp;gennodejs;genpy
-- +++ processing catkin package: 'cob_base_controller_utils'
-- ==> add_subdirectory(forks/robots/cob4_packages/cob_base_controller_utils)
-- Using these message generators: gencpp;geneus;genlisp;gennodejs;genpy
-- Found Boost: /usr/lib/x86_64-linux-gnu/cmake/Boost-1.71.0/BoostConfig.cmake (found version "1.71.0") found components: thread 
-- cob_base_controller_utils: 1 messages, 0 services
-- Installing devel-space wrapper /home/robot/arena_ws/src/forks/robots/cob4_packages/cob_base_controller_utils/scripts/test_publisher_twist_sine.py to /home/robot/arena_ws/devel/lib/cob_base_controller_utils
-- Installing devel-space wrapper /home/robot/arena_ws/src/forks/robots/cob4_packages/cob_base_controller_utils/scripts/test_publisher_twist_step.py to /home/robot/arena_ws/devel/lib/cob_base_controller_utils
-- +++ processing catkin package: 'cob_omni_drive_controller'
-- ==> add_subdirectory(forks/robots/cob4_packages/cob_omni_drive_controller)
-- Using these message generators: gencpp;geneus;genlisp;gennodejs;genpy
-- +++ processing catkin package: 'rviz_plugins'
-- ==> add_subdirectory(arena-rosnav-3D/utils/rviz_plugins)
-- Using these message generators: gencpp;geneus;genlisp;gennodejs;genpy
-- Using Qt5 based on the rviz_QT_VERSION: 5.12.8
-- +++ processing catkin package: 'spencer_tracking_rviz_plugin'
-- ==> add_subdirectory(forks/pedsim_ros/2ndparty/spencer_tracking_rviz_plugin)
CMake Deprecation Warning at forks/pedsim_ros/2ndparty/spencer_tracking_rviz_plugin/CMakeLists.txt:31 (cmake_minimum_required):
  Compatibility with CMake < 2.8.12 will be removed from a future version of
  CMake.

  Update the VERSION argument <min> value or use a ...<max> suffix to tell
  CMake that the project does not need compatibility with older versions.


-- Using these message generators: gencpp;geneus;genlisp;gennodejs;genpy
-- Using Qt5 based on the rviz_QT_VERSION: 5.12.8
-- +++ processing catkin package: 'all_in_one_global_planner_interface'
-- ==> add_subdirectory(arena-rosnav-3D/arena_navigation/all_in_one_global_planner_interface)
-- Using these message generators: gencpp;geneus;genlisp;gennodejs;genpy
-- all_in_one_global_planner_interface: 0 messages, 1 services
-- +++ processing catkin package: 'all_in_one_local_planner_interface'
-- ==> add_subdirectory(arena-rosnav-3D/arena_navigation/arena_local_planer/model_based/all_in_one_local_planner_interface)
-- Using these message generators: gencpp;geneus;genlisp;gennodejs;genpy
-- all_in_one_local_planner_interface: 0 messages, 4 services
-- +++ processing catkin package: 'teb_local_planner'
-- ==> add_subdirectory(forks/navigation/local_planner/teb)
CMake Deprecation Warning at forks/navigation/local_planner/teb/CMakeLists.txt:1 (cmake_minimum_required):
  Compatibility with CMake < 2.8.12 will be removed from a future version of
  CMake.

  Update the VERSION argument <min> value or use a ...<max> suffix to tell
  CMake that the project does not need compatibility with older versions.


-- Using these message generators: gencpp;geneus;genlisp;gennodejs;genpy
-- System: Linux-5.15.0-134-generic
-- /opt/ros/noetic/share/cmake_modules/cmake/../../../share/cmake_modules/cmake/Modules;/home/robot/arena_ws/src/forks/navigation/local_planner/teb/cmake_modules
-- Found Boost: /usr/lib/x86_64-linux-gnu/cmake/Boost-1.71.0/BoostConfig.cmake (found version "1.71.0") found components: system thread graph 
-- Found SuiteSparse
-- Searching for g2o ...
-- Found g2o headers in: /opt/ros/noetic/include/g2o
-- Found libg2o: /opt/ros/noetic/lib/libg2o_csparse_extension.so;/opt/ros/noetic/lib/libg2o_core.so;/opt/ros/noetic/lib/libg2o_stuff.so;/opt/ros/noetic/lib/libg2o_types_slam2d.so;/opt/ros/noetic/lib/libg2o_types_slam3d.so;/opt/ros/noetic/lib/libg2o_solver_cholmod.so;/opt/ros/noetic/lib/libg2o_solver_pcg.so;/opt/ros/noetic/lib/libg2o_solver_csparse.so;/opt/ros/noetic/lib/libg2o_incremental.so
-- teb_local_planner: 3 messages, 0 services
-- +++ processing catkin package: 'mpc_local_planner'
-- ==> add_subdirectory(forks/navigation/local_planner/mpc/mpc_local_planner)
-- Using these message generators: gencpp;geneus;genlisp;gennodejs;genpy
-- +++ processing catkin package: 'gazebo_ros_2Dmap_plugin'
-- ==> add_subdirectory(forks/gazebo_ros_2Dmap_plugin)
CMake Deprecation Warning at forks/gazebo_ros_2Dmap_plugin/CMakeLists.txt:1 (cmake_minimum_required):
  Compatibility with CMake < 2.8.12 will be removed from a future version of
  CMake.

  Update the VERSION argument <min> value or use a ...<max> suffix to tell
  CMake that the project does not need compatibility with older versions.


WARNING: package 'gazebo_msgs' is deprecated (This package has been deprecated as of January 2025 with Gazebo classic 11 reaching
      end-of-life. Users are highly encouraged to migrate to the new Gazebo
      using our migration guides (https://gazebosim.org/docs/latest/gazebo_classic_migration))
WARNING: package 'gazebo_ros' is deprecated (This package has been deprecated as of January 2025 with Gazebo classic 11 reaching
      end-of-life. Users are highly encouraged to migrate to the new Gazebo
      using our migration guides (https://gazebosim.org/docs/latest/gazebo_classic_migration))
-- Using these message generators: gencpp;geneus;genlisp;gennodejs;genpy
WARNING: package 'gazebo_ros_control' is deprecated (This package has been deprecated as of January 2025 with Gazebo classic 11 reaching
      end-of-life. Users are highly encouraged to migrate to the new Gazebo
      using our migration guides (https://gazebosim.org/docs/latest/gazebo_classic_migration))
WARNING: package 'gazebo_plugins' is deprecated (This package has been deprecated as of January 2025 with Gazebo classic 11 reaching
      end-of-life. Users are highly encouraged to migrate to the new Gazebo
      using our migration guides (https://gazebosim.org/docs/latest/gazebo_classic_migration))
-- Found DART: /usr/include (Required is at least version "6.6") found components: dart 
-- Found Boost: /usr/lib/x86_64-linux-gnu/cmake/Boost-1.71.0/BoostConfig.cmake (found suitable version "1.71.0", minimum required is "1.40.0") found components: thread system filesystem program_options regex iostreams date_time 
-- Looking for ignition-math6 -- found version 6.15.1
-- Searching for dependencies of ignition-math6
-- Looking for OGRE...
-- Found Ogre Ghadamon (1.9.0)
-- Found OGRE: optimized;/usr/lib/x86_64-linux-gnu/libOgreMain.so;debug;/usr/lib/x86_64-linux-gnu/libOgreMain.so
-- Looking for OGRE_Paging...
-- Found OGRE_Paging: optimized;/usr/lib/x86_64-linux-gnu/libOgrePaging.so;debug;/usr/lib/x86_64-linux-gnu/libOgrePaging.so
-- Looking for OGRE_Terrain...
-- Found OGRE_Terrain: optimized;/usr/lib/x86_64-linux-gnu/libOgreTerrain.so;debug;/usr/lib/x86_64-linux-gnu/libOgreTerrain.so
-- Looking for OGRE_Property...
-- Found OGRE_Property: optimized;/usr/lib/x86_64-linux-gnu/libOgreProperty.so;debug;/usr/lib/x86_64-linux-gnu/libOgreProperty.so
-- Looking for OGRE_RTShaderSystem...
-- Found OGRE_RTShaderSystem: optimized;/usr/lib/x86_64-linux-gnu/libOgreRTShaderSystem.so;debug;/usr/lib/x86_64-linux-gnu/libOgreRTShaderSystem.so
-- Looking for OGRE_Volume...
-- Found OGRE_Volume: optimized;/usr/lib/x86_64-linux-gnu/libOgreVolume.so;debug;/usr/lib/x86_64-linux-gnu/libOgreVolume.so
-- Looking for OGRE_Overlay...
-- Found OGRE_Overlay: optimized;/usr/lib/x86_64-linux-gnu/libOgreOverlay.so;debug;/usr/lib/x86_64-linux-gnu/libOgreOverlay.so
-- Looking for ignition-math6 -- found version 6.15.1
-- Looking for ignition-transport8 -- found version 8.5.1
-- Searching for dependencies of ignition-transport8
-- Config-file not installed for ZeroMQ -- checking for pkg-config
-- Checking for module 'libzmq >= 4'
--   Found libzmq , version 4.3.2
-- Checking for module 'uuid'
--   Found uuid, version 2.34.0
-- Looking for ignition-msgs5 -- found version 5.11.1
-- Searching for dependencies of ignition-msgs5
-- Looking for ignition-math6 -- found version 6.15.1
-- Checking for module 'tinyxml2'
--   Found tinyxml2, version 6.2.0
-- Looking for ignition-msgs5 -- found version 5.11.1
-- Looking for ignition-common3 -- found version 3.17.1
-- Searching for dependencies of ignition-common3
-- Looking for dlfcn.h - found
-- Looking for libdl - found
-- Searching for <ignition-common3> component [graphics]
-- Looking for ignition-common3-graphics -- found version 3.17.1
-- Searching for dependencies of ignition-common3-graphics
-- Looking for ignition-math6 -- found version 6.15.1
-- Looking for ignition-fuel_tools4 -- found version 4.9.2
-- Searching for dependencies of ignition-fuel_tools4
-- Checking for module 'jsoncpp'
--   Found jsoncpp, version 1.7.4
-- Checking for module 'yaml-0.1'
--   Found yaml-0.1, version 0.2.2
-- Checking for module 'libzip'
--   Found libzip, version 1.5.1
-- Looking for ignition-common3 -- found version 3.17.1
-- Looking for ignition-math6 -- found version 6.15.1
-- Looking for ignition-msgs5 -- found version 5.11.1
WARNING: Package name "gazebo_ros_2Dmap_plugin" does not follow the naming conventions. It should start with a lower case letter and only contain lower case letters, digits, underscores, and dashes.
-- +++ processing catkin package: 'youbot_description'
-- ==> add_subdirectory(forks/robots/youbot_packages/youbot_description)
CMake Deprecation Warning at forks/robots/youbot_packages/youbot_description/CMakeLists.txt:1 (cmake_minimum_required):
  Compatibility with CMake < 2.8.12 will be removed from a future version of
  CMake.

  Update the VERSION argument <min> value or use a ...<max> suffix to tell
  CMake that the project does not need compatibility with older versions.


-- +++ processing catkin package: 'youbot_gazebo_control'
-- ==> add_subdirectory(forks/robots/youbot_packages/youbot_simulation/youbot_gazebo_control)
CMake Deprecation Warning at forks/robots/youbot_packages/youbot_simulation/youbot_gazebo_control/CMakeLists.txt:1 (cmake_minimum_required):
  Compatibility with CMake < 2.8.12 will be removed from a future version of
  CMake.

  Update the VERSION argument <min> value or use a ...<max> suffix to tell
  CMake that the project does not need compatibility with older versions.


-- Using these message generators: gencpp;geneus;genlisp;gennodejs;genpy
-- +++ processing catkin package: 'youbot_gazebo_robot'
-- ==> add_subdirectory(forks/robots/youbot_packages/youbot_simulation/youbot_gazebo_robot)
CMake Deprecation Warning at forks/robots/youbot_packages/youbot_simulation/youbot_gazebo_robot/CMakeLists.txt:1 (cmake_minimum_required):
  Compatibility with CMake < 2.8.12 will be removed from a future version of
  CMake.

  Update the VERSION argument <min> value or use a ...<max> suffix to tell
  CMake that the project does not need compatibility with older versions.


-- +++ processing catkin package: 'youbot_gazebo_worlds'
-- ==> add_subdirectory(forks/robots/youbot_packages/youbot_simulation/youbot_gazebo_worlds)
CMake Deprecation Warning at forks/robots/youbot_packages/youbot_simulation/youbot_gazebo_worlds/CMakeLists.txt:1 (cmake_minimum_required):
  Compatibility with CMake < 2.8.12 will be removed from a future version of
  CMake.

  Update the VERSION argument <min> value or use a ...<max> suffix to tell
  CMake that the project does not need compatibility with older versions.


-- +++ processing catkin metapackage: 'youbot_simulation'
-- ==> add_subdirectory(forks/robots/youbot_packages/youbot_simulation/youbot_simulation)
CMake Deprecation Warning at forks/robots/youbot_packages/youbot_simulation/youbot_simulation/CMakeLists.txt:1 (cmake_minimum_required):
  Compatibility with CMake < 2.8.12 will be removed from a future version of
  CMake.

  Update the VERSION argument <min> value or use a ...<max> suffix to tell
  CMake that the project does not need compatibility with older versions.


-- Configuring done (25.2s)
-- Generating done (0.6s)
-- Build files have been written to: /home/robot/arena_ws/build
[  0%] Built target geometry_msgs_generate_messages_py
[  0%] Built target geometry_msgs_generate_messages_cpp
[  0%] Built target geometry_msgs_generate_messages_eus
[  0%] Built target _brics_actuator_generate_messages_check_deps_CartesianVector
[  0%] Built target _brics_actuator_generate_messages_check_deps_CartesianPose
[  0%] Built target geometry_msgs_generate_messages_lisp
[  0%] Built target _brics_actuator_generate_messages_check_deps_Poison
[  0%] Built target _brics_actuator_generate_messages_check_deps_JointAccelerations
[  0%] Built target _brics_actuator_generate_messages_check_deps_CartesianTwist
[  0%] Built target _brics_actuator_generate_messages_check_deps_CartesianWrench
[  0%] Built target _brics_actuator_generate_messages_check_deps_JointConstraint
[  0%] Built target geometry_msgs_generate_messages_nodejs
[  0%] Built target _brics_actuator_generate_messages_check_deps_JointTorques
[  0%] Built target _brics_actuator_generate_messages_check_deps_JointImpedances
[  0%] Built target _brics_actuator_generate_messages_check_deps_JointPositions
[  0%] Built target _brics_actuator_generate_messages_check_deps_JointValue
[  0%] Built target std_msgs_generate_messages_py
[  0%] Built target std_msgs_generate_messages_cpp
[  0%] Built target std_msgs_generate_messages_eus
[  0%] Built target std_msgs_generate_messages_lisp
[  0%] Built target std_msgs_generate_messages_nodejs
[  0%] Built target _brics_actuator_generate_messages_check_deps_JointVelocities
[  0%] Built target _mpc_local_planner_msgs_generate_messages_check_deps_OptimalControlResult
[  0%] Built target _mpc_local_planner_msgs_generate_messages_check_deps_StateFeedback
[  1%] Built target pedsim
[  1%] Built target _spencer_human_attribute_msgs_generate_messages_check_deps_CategoricalAttribute
[  1%] Built target _spencer_human_attribute_msgs_generate_messages_check_deps_HumanAttributes
[  1%] Built target _spencer_human_attribute_msgs_generate_messages_check_deps_ScalarAttribute
[  1%] Built target _spencer_tracking_msgs_generate_messages_check_deps_DetectedPerson
[  1%] Built target _spencer_tracking_msgs_generate_messages_check_deps_GetPersonTrajectories
[  1%] Built target _spencer_tracking_msgs_generate_messages_check_deps_DetectedPersons
[  1%] Built target _spencer_tracking_msgs_generate_messages_check_deps_TrackedPersons2d
[  1%] Built target _spencer_tracking_msgs_generate_messages_check_deps_CompositeDetectedPerson
[  1%] Built target _spencer_tracking_msgs_generate_messages_check_deps_CompositeDetectedPersons
[  1%] Built target nav_msgs_generate_messages_py
[  1%] Built target _spencer_tracking_msgs_generate_messages_check_deps_TrackedPersons
[  1%] Built target _spencer_tracking_msgs_generate_messages_check_deps_TrackedPerson2d
[  1%] Built target _spencer_tracking_msgs_generate_messages_check_deps_TrackedPerson
[  1%] Built target sensor_msgs_generate_messages_py
[  1%] Built target nav_msgs_generate_messages_cpp
[  1%] Built target sensor_msgs_generate_messages_cpp
[  1%] Built target nav_msgs_generate_messages_eus
[  1%] Built target _spencer_tracking_msgs_generate_messages_check_deps_ImmDebugInfo
[  1%] Built target _spencer_tracking_msgs_generate_messages_check_deps_TrackedGroup
[  1%] Built target _spencer_tracking_msgs_generate_messages_check_deps_TrackingTimingMetrics
[  1%] Built target _spencer_tracking_msgs_generate_messages_check_deps_ImmDebugInfos
[  1%] Built target nav_msgs_generate_messages_lisp
[  1%] Built target _spencer_tracking_msgs_generate_messages_check_deps_TrackedGroups
[  1%] Built target sensor_msgs_generate_messages_lisp
[  1%] Built target sensor_msgs_generate_messages_eus
[  1%] Built target _arena_plan_msgs_generate_messages_check_deps_MakeGlobalPlan
[  1%] Built target nav_msgs_generate_messages_nodejs
[  1%] Built target sensor_msgs_generate_messages_nodejs
[  1%] Built target diagnostic_msgs_generate_messages_py
[  1%] Built target roscpp_generate_messages_cpp
[  1%] Built target arena_mapping
[  1%] Built target roscpp_generate_messages_eus
[  1%] Built target roscpp_generate_messages_nodejs
[  1%] Built target roscpp_generate_messages_lisp
[  1%] Built target roscpp_generate_messages_py
[  1%] Built target rosgraph_msgs_generate_messages_cpp
[  1%] Built target rosgraph_msgs_generate_messages_eus
[  1%] Built target _arena_plan_msgs_generate_messages_check_deps_RobotStateStamped
[  1%] Built target _arena_plan_msgs_generate_messages_check_deps_RobotState
[  1%] Built target _arena_plan_msgs_generate_messages_check_deps_Subgoal
[  1%] Built target rosgraph_msgs_generate_messages_lisp
[  1%] Built target rosgraph_msgs_generate_messages_nodejs
[  1%] Built target rosgraph_msgs_generate_messages_py
[  1%] Built target diagnostic_msgs_generate_messages_cpp
[  1%] Built target diagnostic_msgs_generate_messages_eus
[  1%] Built target diagnostic_msgs_generate_messages_lisp
[  1%] Built target diagnostic_msgs_generate_messages_nodejs
[  1%] Built target _ford_msgs_generate_messages_check_deps_GetSafeActions
[  1%] Built target _ford_msgs_generate_messages_check_deps_ClusterHit
[  1%] Built target _ford_msgs_generate_messages_check_deps_PedTraj
[  1%] Built target _ford_msgs_generate_messages_check_deps_ImageObj
[  1%] Built target _ford_msgs_generate_messages_check_deps_ImageRect
[  1%] Built target _ford_msgs_generate_messages_check_deps_PedTrajVec
[  1%] Built target _ford_msgs_generate_messages_check_deps_Pose2DStamped
[  1%] Built target _ford_msgs_generate_messages_check_deps_Clusters
[  1%] Built target _ford_msgs_generate_messages_check_deps_PlannerMode
[  1%] Built target _ford_msgs_generate_messages_check_deps_ped_detection
[  1%] Built target _ford_msgs_generate_messages_check_deps_NNActions
[  1%] Built target _ford_msgs_generate_messages_check_deps_SSDObjs
[  1%] Built target _ford_msgs_generate_messages_check_deps_potential_detections
[  1%] Built target _pedsim_msgs_generate_messages_check_deps_InteractiveObstacle
[  1%] Built target _observations_generate_messages_check_deps_Observation
[  1%] Built target _pedsim_msgs_generate_messages_check_deps_AgentGroup
[  1%] Built target _pedsim_msgs_generate_messages_check_deps_AgentGroups
[  1%] Built target _pedsim_msgs_generate_messages_check_deps_LineObstacle
[  1%] Built target _pedsim_msgs_generate_messages_check_deps_AgentForce
[  1%] Built target _pedsim_msgs_generate_messages_check_deps_AgentState
[  1%] Built target _pedsim_msgs_generate_messages_check_deps_AgentStates
[  1%] Built target _pedsim_msgs_generate_messages_check_deps_LineObstacles
[  1%] Built target _pedsim_msgs_generate_messages_check_deps_TrackedPerson
[  1%] Built target _pedsim_msgs_generate_messages_check_deps_TrackedPersons
[  1%] Built target _pedsim_msgs_generate_messages_check_deps_SocialRelations
[  1%] Built target _pedsim_msgs_generate_messages_check_deps_Waypoint
[  1%] Built target _pedsim_msgs_generate_messages_check_deps_SocialActivities
[  1%] Built target _pedsim_msgs_generate_messages_check_deps_TrackedGroup
[  1%] Built target _pedsim_msgs_generate_messages_check_deps_SocialRelation
[  1%] Built target _pedsim_msgs_generate_messages_check_deps_SocialActivity
[  1%] Built target _pedsim_msgs_generate_messages_check_deps_TrackedGroups
[  1%] Built target actionlib_msgs_generate_messages_cpp
[  1%] Built target _pedsim_srvs_generate_messages_check_deps_SetObstacles
[  1%] Built target _pedsim_srvs_generate_messages_check_deps_SetAllAgentsState
[  1%] Built target _pedsim_msgs_generate_messages_check_deps_Waypoints
[  1%] Built target actionlib_msgs_generate_messages_lisp
[  1%] Built target _pedsim_srvs_generate_messages_check_deps_SpawnInteractiveObstacles
[  1%] Built target _pedsim_msgs_generate_messages_check_deps_Ped
[  1%] Built target _pedsim_srvs_generate_messages_check_deps_SetAgentState
[  1%] Built target _pedsim_srvs_generate_messages_check_deps_GetAgentState
[  1%] Built target actionlib_msgs_generate_messages_eus
[  1%] Built target actionlib_msgs_generate_messages_nodejs
[  1%] Built target actionlib_msgs_generate_messages_py
[  1%] Built target _pedsim_srvs_generate_messages_check_deps_SpawnPed
[  1%] Built target _pedsim_srvs_generate_messages_check_deps_GetAllAgentsState
[  1%] Built target _pedsim_srvs_generate_messages_check_deps_SpawnObstacle
[  1%] Built target pedsim_visualizer_gencfg
[  1%] Built target visualization_msgs_generate_messages_eus
[  1%] Built target visualization_msgs_generate_messages_cpp
[  1%] Built target visualization_msgs_generate_messages_py
[  1%] Built target visualization_msgs_generate_messages_lisp
[  1%] Built target visualization_msgs_generate_messages_nodejs
[  1%] Built target dynamic_reconfigure_generate_messages_cpp
[  1%] Built target dynamic_reconfigure_generate_messages_eus
[  1%] Built target _pedsim_srvs_generate_messages_check_deps_SpawnPeds
[  1%] Built target dynamic_reconfigure_generate_messages_lisp
[  1%] Built target dynamic_reconfigure_generate_messages_nodejs
[  1%] Built target dynamic_reconfigure_generate_messages_py
[  1%] Built target dynamic_reconfigure_gencfg
[  1%] Built target _pedsim_srvs_generate_messages_check_deps_MovePeds
[  1%] Built target plan_visualization
[  1%] Built target spacial_horizon_node
[  1%] Built target _spencer_social_relation_msgs_generate_messages_check_deps_SocialActivities
[  1%] Built target trajectory_msgs_generate_messages_py
[  1%] Built target _spencer_social_relation_msgs_generate_messages_check_deps_SocialRelation
[  1%] Built target _catkin_empty_exported_target
[  1%] Built target _spencer_social_relation_msgs_generate_messages_check_deps_SocialRelations
[  1%] Built target _light_scan_sim_generate_messages_check_deps_Segment
[  1%] Built target _spencer_vision_msgs_generate_messages_check_deps_PersonImage
[  1%] Built target _light_scan_sim_generate_messages_check_deps_MaterialList
[  1%] Built target _spencer_vision_msgs_generate_messages_check_deps_PersonROIs
[  1%] Built target tf_generate_messages_cpp
[  1%] Built target _spencer_vision_msgs_generate_messages_check_deps_PersonROI
[  1%] Built target _spencer_vision_msgs_generate_messages_check_deps_PersonImages
[  1%] Built target _spencer_social_relation_msgs_generate_messages_check_deps_SocialActivity
[  1%] Built target tf_generate_messages_eus
[  1%] Built target tf_generate_messages_lisp
[  1%] Built target tf_generate_messages_nodejs
[  1%] Built target _light_scan_sim_generate_messages_check_deps_SegmentList
[  1%] Built target tf_generate_messages_py
[  1%] Built target actionlib_generate_messages_eus
[  1%] Built target actionlib_generate_messages_cpp
[  7%] Built target Box2D_shared
[  7%] Built target actionlib_generate_messages_nodejs
[  7%] Built target actionlib_generate_messages_lisp
[  7%] Built target actionlib_generate_messages_py
[  7%] Built target tf2_msgs_generate_messages_cpp
[  7%] Built target tf2_msgs_generate_messages_eus
[  7%] Built target _light_scan_sim_generate_messages_check_deps_Material
[  7%] Built target tf2_msgs_generate_messages_lisp
[  7%] Built target tf2_msgs_generate_messages_nodejs
[  7%] Built target tf2_msgs_generate_messages_py
[  7%] Built target std_srvs_generate_messages_cpp
[  7%] Built target std_srvs_generate_messages_eus
[  7%] Built target std_srvs_generate_messages_lisp
[  7%] Built target std_srvs_generate_messages_nodejs
[  7%] Built target std_srvs_generate_messages_py
[  7%] Built target gazebo_ros_gencfg
[  7%] Built target gazebo_msgs_generate_messages_cpp
[  7%] Built target gazebo_msgs_generate_messages_eus
[  7%] Built target gazebo_msgs_generate_messages_lisp
[  7%] Built target trajectory_msgs_generate_messages_cpp
[  7%] Built target gazebo_msgs_generate_messages_py
[  7%] Built target gazebo_msgs_generate_messages_nodejs
[  7%] Built target trajectory_msgs_generate_messages_eus
[  7%] Built target trajectory_msgs_generate_messages_nodejs
[  7%] Built target trajectory_msgs_generate_messages_lisp
[  7%] Built target pedsim_simulator_gencfg
[  7%] Built target map_msgs_generate_messages_py
[  7%] Built target cob_omni_drive_controller_gencfg
[  7%] Built target rviz_generate_messages_cpp
[  7%] Built target rviz_generate_messages_eus
[  7%] Built target rviz_generate_messages_lisp
[  7%] Built target rviz_generate_messages_nodejs
[  7%] Built target rviz_generate_messages_py
[  7%] Built target arena_fake_localization
[  7%] Built target fake_localization
[  7%] Built target map_msgs_generate_messages_cpp
[  7%] Built target scan_unifier_node
[  7%] Built target map_msgs_generate_messages_eus
[  7%] Built target ridgeback_ros_force_based_move
[  7%] Built target mecanum_drive_controller
[  7%] Built target map_msgs_generate_messages_lisp
[  7%] Built target map_msgs_generate_messages_nodejs
[  7%] Built target _cob_base_controller_utils_generate_messages_check_deps_WheelCommands
[  7%] Built target costmap_converter_generate_messages_py
[  7%] Built target costmap_converter_generate_messages_cpp
[  7%] Built target costmap_converter_generate_messages_eus
[  8%] Built target rviz_plugins
[  8%] Built target costmap_converter_generate_messages_nodejs
[  8%] Built target costmap_converter_generate_messages_lisp
[  8%] Generating dynamic reconfigure files from cfg/mpc_collision.cfg: /home/robot/arena_ws/devel/include/mpc_local_planner/mpc_collisionConfig.h /home/robot/arena_ws/devel/lib/python3/dist-packages/mpc_local_planner/cfg/mpc_collisionConfig.py
[  9%] Built target teb_local_planner_gencfg
[  9%] Built target gazebo_ros_2Dmap_plugin_xacro_generated_to_devel_space_
[  9%] Generating dynamic reconfigure files from cfg/mpc_controller.cfg: /home/robot/arena_ws/devel/include/mpc_local_planner/mpc_controllerConfig.h /home/robot/arena_ws/devel/lib/python3/dist-packages/mpc_local_planner/cfg/mpc_controllerConfig.py
[  9%] Generating dynamic reconfigure files from cfg/mpc_footprint.cfg: /home/robot/arena_ws/devel/include/mpc_local_planner/mpc_footprintConfig.h /home/robot/arena_ws/devel/lib/python3/dist-packages/mpc_local_planner/cfg/mpc_footprintConfig.py
[  9%] Built target _all_in_one_local_planner_interface_generate_messages_check_deps_GetVelCmdWithGlobalPlan
[  9%] Built target _all_in_one_global_planner_interface_generate_messages_check_deps_MakeNewPlan
[  9%] Built target _all_in_one_local_planner_interface_generate_messages_check_deps_ResetCostmap
[  9%] Built target _all_in_one_local_planner_interface_generate_messages_check_deps_GetVelCmd
[  9%] Built target _teb_local_planner_generate_messages_check_deps_FeedbackMsg
[  9%] Built target _all_in_one_local_planner_interface_generate_messages_check_deps_SetGlobalPlan
[  9%] Built target _teb_local_planner_generate_messages_check_deps_TrajectoryMsg
[  9%] Built target _teb_local_planner_generate_messages_check_deps_TrajectoryPointMsg
[ 11%] Built target brics_actuator_generate_messages_py
[ 12%] Built target brics_actuator_generate_messages_cpp
[ 14%] Built target brics_actuator_generate_messages_eus
[ 15%] Built target brics_actuator_generate_messages_lisp
[ 15%] Built target steered_wheel_base_controller
[ 15%] Built target mpc_local_planner_utils
[ 17%] Built target brics_actuator_generate_messages_nodejs
[ 17%] Built target mpc_local_planner_msgs_generate_messages_eus
[ 18%] Built target mpc_local_planner_msgs_generate_messages_cpp
[ 18%] Built target mpc_local_planner_msgs_generate_messages_py
[ 18%] Built target mpc_local_planner_msgs_generate_messages_lisp
[ 18%] Built target mpc_local_planner_msgs_generate_messages_nodejs
[ 19%] Built target mpc_local_planner_optimal_control
[ 19%] Building CXX object forks/gazebo_ros_2Dmap_plugin/CMakeFiles/gazebo_2Dmap_plugin.dir/src/gazebo_2Dmap_plugin.cpp.o
[ 19%] Built target spencer_human_attribute_msgs_generate_messages_py
[ 20%] Built target spencer_human_attribute_msgs_generate_messages_eus
[ 20%] Built target spencer_human_attribute_msgs_generate_messages_cpp
[ 20%] Built target spencer_human_attribute_msgs_generate_messages_lisp
[ 22%] Built target spencer_tracking_msgs_generate_messages_py
[ 23%] Built target spencer_tracking_msgs_generate_messages_cpp
[ 24%] Built target spencer_human_attribute_msgs_generate_messages_nodejs
[ 26%] Built target spencer_tracking_msgs_generate_messages_eus
[ 28%] Built target arena_plan_msgs_generate_messages_lisp
[ 28%] Built target arena_plan_msgs_generate_messages_eus
[ 30%] Built target arena_plan_msgs_generate_messages_cpp
[ 30%] Built target spencer_tracking_msgs_generate_messages_lisp
[ 31%] Built target arena_plan_msgs_generate_messages_py
[ 32%] Built target spencer_tracking_msgs_generate_messages_nodejs
[ 32%] Built target arena_plan_msgs_generate_messages_nodejs
Generating reconfiguration files for ControllerReconfigure in mpc_local_planner
Wrote header file in /home/robot/arena_ws/devel/include/mpc_local_planner/ControllerReconfigureConfig.h
Generating reconfiguration files for CollisionReconfigure in mpc_local_planner
Wrote header file in /home/robot/arena_ws/devel/include/mpc_local_planner/CollisionReconfigureConfig.h
Generating reconfiguration files for FootprintReconfigure in mpc_local_planner
Wrote header file in /home/robot/arena_ws/devel/include/mpc_local_planner/FootprintReconfigureConfig.h
[ 35%] Built target ford_msgs_generate_messages_py
[ 39%] Built target ford_msgs_generate_messages_lisp
[ 39%] Built target ford_msgs_generate_messages_eus
[ 40%] Built target ford_msgs_generate_messages_cpp
[ 41%] Built target ford_msgs_generate_messages_nodejs
[ 42%] Built target observations_generate_messages_cpp
[ 42%] Built target observations_generate_messages_eus
[ 42%] Built target observations_generate_messages_py
[ 42%] Built target cob_sick_s300
[ 42%] Built target cob_scan_filter
[ 49%] Built target observations_generate_messages_nodejs
[ 49%] Built target pedsim_msgs_generate_messages_lisp
[ 49%] Built target observations_generate_messages_lisp
[ 50%] Built target pedsim_msgs_generate_messages_eus
[ 50%] Built target pedsim_msgs_generate_messages_py
[ 52%] Built target pedsim_msgs_generate_messages_cpp
[ 52%] Built target mpc_local_planner_gencfg
[ 54%] Built target pedsim_msgs_generate_messages_nodejs
[ 55%] Built target spencer_social_relation_msgs_generate_messages_py
[ 55%] Building CXX object arena-rosnav-3D/arena_navigation/arena_path_search/CMakeFiles/arena_path_search.dir/src/astar.cpp.o
[ 55%] Building CXX object arena-rosnav-3D/arena_navigation/arena_path_search/CMakeFiles/arena_path_search.dir/src/kinodynamic_astar.cpp.o
[ 55%] Building CXX object arena-rosnav-3D/arena_navigation/arena_path_search/CMakeFiles/arena_path_search.dir/src/dyn_astar.cpp.o
[ 55%] Built target spencer_social_relation_msgs_generate_messages_eus
[ 56%] Built target spencer_social_relation_msgs_generate_messages_cpp
[ 56%] Built target spencer_social_relation_msgs_generate_messages_nodejs
[ 58%] Built target spencer_social_relation_msgs_generate_messages_lisp
[ 58%] Built target spencer_vision_msgs_generate_messages_py
[ 59%] Built target spencer_vision_msgs_generate_messages_cpp
[ 59%] Built target spencer_vision_msgs_generate_messages_eus
[ 60%] Built target spencer_vision_msgs_generate_messages_lisp
[ 61%] Built target light_scan_sim_generate_messages_eus
[ 61%] Built target light_scan_sim_generate_messages_py
[ 61%] Built target light_scan_sim_generate_messages_cpp
[ 61%] Built target spencer_vision_msgs_generate_messages_nodejs
[ 61%] Built target light_scan_sim_generate_messages_lisp
[ 62%] Built target light_scan_sim_generate_messages_nodejs
[ 62%] Built target cob_base_controller_utils_generate_messages_cpp
[ 62%] Built target cob_base_controller_utils_generate_messages_py
[ 63%] Built target cob_base_controller_utils_generate_messages_nodejs
[ 63%] Built target cob_base_controller_utils_generate_messages_lisp
[ 63%] Built target all_in_one_global_planner_interface_generate_messages_py
[ 63%] Built target cob_base_controller_utils_generate_messages_eus
[ 63%] Building CXX object forks/pedsim_ros/pedsim_gazebo_plugin/CMakeFiles/ActorPosePlugin.dir/src/ActorPlugin.cpp.o
[ 63%] Built target test_node
[ 63%] Building CXX object forks/pedsim_ros/pedsim_gazebo_plugin/CMakeFiles/ActorCollisionsPlugin.dir/src/ActorCollisionsPlugin.cc.o
[ 63%] Building CXX object forks/pedsim_ros/pedsim_gazebo_plugin/CMakeFiles/AttachModelPlugin.dir/src/AttachModelPlugin.cc.o
[ 64%] Built target all_in_one_global_planner_interface_generate_messages_eus
[ 64%] Built target all_in_one_global_planner_interface_generate_messages_nodejs
[ 64%] Built target all_in_one_global_planner_interface_generate_messages_cpp
[ 64%] Built target all_in_one_global_planner_interface_generate_messages_lisp
[ 65%] Built target all_in_one_local_planner_interface_generate_messages_cpp
[ 67%] Built target all_in_one_local_planner_interface_generate_messages_py
[ 68%] Built target plan_manager_node
[ 68%] Built target all_in_one_local_planner_interface_generate_messages_eus
[ 69%] Built target all_in_one_local_planner_interface_generate_messages_lisp
[ 69%] Built target all_in_one_local_planner_interface_generate_messages_nodejs
[ 69%] Built target teb_local_planner_generate_messages_cpp
[ 70%] Built target teb_local_planner_generate_messages_py
[ 71%] Built target teb_local_planner_generate_messages_lisp
[ 71%] Built target brics_actuator_generate_messages
[ 71%] Built target teb_local_planner_generate_messages_nodejs
[ 71%] Built target teb_local_planner_generate_messages_eus
[ 71%] Built target spencer_human_attribute_msgs_generate_messages
[ 71%] Built target mpc_local_planner_msgs_generate_messages
[ 71%] Built target spencer_tracking_msgs_generate_messages
[ 71%] Built target all_in_one_local_planner_interface
[ 71%] Built target arena_plan_msgs_generate_messages
[ 71%] Built target ford_msgs_generate_messages
[ 71%] Built target observations_generate_messages
[ 71%] Built target pedsim_msgs_generate_messages
[ 75%] Built target pedsim_srvs_generate_messages_cpp
[ 75%] Built target pedsim_srvs_generate_messages_py
[ 76%] Built target pedsim_srvs_generate_messages_eus
[ 78%] Built target pedsim_srvs_generate_messages_nodejs
[ 78%] Built target pedsim_srvs_generate_messages_lisp
[ 78%] Built target spencer_vision_msgs_generate_messages
[ 78%] Built target spencer_social_relation_msgs_generate_messages
[ 78%] Built target observation_packer
[ 78%] Built target light_scan_sim_generate_messages
[ 78%] Building CXX object arena-rosnav-3D/arena_navigation/arena_local_planer/learning_based/all_in_one_3rd_party/light_scan_sim/CMakeFiles/light_scan_sim_node.dir/src/light_scan_sim.cpp.o
[ 78%] Building CXX object arena-rosnav-3D/arena_navigation/arena_local_planer/learning_based/all_in_one_3rd_party/light_scan_sim/CMakeFiles/light_scan_sim_node.dir/src/ray_cast.cpp.o
[ 79%] Building CXX object arena-rosnav-3D/arena_navigation/arena_local_planer/learning_based/all_in_one_3rd_party/light_scan_sim/CMakeFiles/light_scan_sim_node.dir/src/light_scan_sim_node.cpp.o
[ 79%] Built target cob_base_controller_utils_generate_messages
[ 79%] Building CXX object forks/robots/cob4_packages/cob_base_controller_utils/CMakeFiles/cob_stuck_detector.dir/src/stuck_detector.cpp.o
[ 79%] Built target pedsim_utils
[ 80%] Building CXX object forks/robots/cob4_packages/cob_base_controller_utils/CMakeFiles/cob_spin_detector.dir/src/spin_detector.cpp.o
[ 80%] Building CXX object forks/robots/cob4_packages/cob_omni_drive_controller/CMakeFiles/cob_omni_drive_geom.dir/src/param_parser.cpp.o
[ 81%] Building CXX object forks/robots/cob4_packages/cob_omni_drive_controller/CMakeFiles/cob_omni_drive_geom.dir/src/UndercarriageCtrlGeom.cpp.o
[ 81%] Built target all_in_one_global_planner_interface_generate_messages
[ 84%] Built target spencer_tracking_rviz_plugin
[ 84%] Building CXX object arena-rosnav-3D/arena_navigation/all_in_one_global_planner_interface/CMakeFiles/all_in_one_global_planner_interface.dir/src/GlobalPlannerInterface.cpp.o
[ 84%] Built target all_in_one_local_planner_interface_generate_messages
[ 84%] Building CXX object arena-rosnav-3D/arena_navigation/arena_local_planer/model_based/all_in_one_local_planner_interface/CMakeFiles/all_in_one_local_planner_node.dir/src/all_in_one_local_planner_node.cpp.o
[ 84%] Built target teb_local_planner_generate_messages
[ 85%] Built target teb_local_planner
[ 85%] Built target pedsim_srvs_generate_messages
[ 85%] Building CXX object forks/pedsim_ros/pedsim_visualizer/CMakeFiles/pedsim_visualizer_node.dir/src/sim_visualizer_node.cpp.o
In file included from /usr/include/ignition/math6/gz/math/Quaternion.hh:20,
                 from /usr/include/ignition/math6/gz/math/Pose3.hh:20,
                 from /usr/include/ignition/math6/ignition/math/Pose3.hh:18,
                 from /home/robot/arena_ws/src/forks/pedsim_ros/pedsim_gazebo_plugin/src/AttachModelPlugin.cc:20:
/usr/include/ignition/math6/gz/math/Helpers.hh: In function ‘std::chrono::_V2::steady_clock::duration ignition::math::v6::stringToDuration(const string&)’:
/usr/include/ignition/math6/gz/math/Helpers.hh:1062:28: error: ‘chrono_literals’ is not a namespace-name
 1062 |       using namespace std::chrono_literals;
      |                            ^~~~~~~~~~~~~~~
/usr/include/ignition/math6/gz/math/Helpers.hh: In function ‘std::chrono::_V2::steady_clock::time_point ignition::math::v6::stringToTimePoint(const string&)’:
/usr/include/ignition/math6/gz/math/Helpers.hh:1104:28: error: ‘chrono_literals’ is not a namespace-name
 1104 |       using namespace std::chrono_literals;
      |                            ^~~~~~~~~~~~~~~
/usr/include/ignition/math6/gz/math/Helpers.hh:1105:56: error: unable to find numeric literal operator ‘operator""s’
 1105 |       std::chrono::steady_clock::time_point timePoint{-1s};
      |                                                        ^~
/usr/include/ignition/math6/gz/math/Helpers.hh:1105:56: note: use ‘-fext-numeric-literals’ to enable more built-in suffixes
/usr/include/ignition/math6/gz/math/Helpers.hh:1105:58: error: no matching function for call to ‘std::chrono::time_point<std::chrono::_V2::steady_clock, std::chrono::duration<long int, std::ratio<1, 1000000000> > >::time_point(<brace-enclosed initializer list>)’
 1105 |       std::chrono::steady_clock::time_point timePoint{-1s};
      |                                                          ^
In file included from /usr/include/ignition/math6/gz/math/Helpers.hh:21,
                 from /usr/include/ignition/math6/gz/math/Quaternion.hh:20,
                 from /usr/include/ignition/math6/gz/math/Pose3.hh:20,
                 from /usr/include/ignition/math6/ignition/math/Pose3.hh:18,
                 from /home/robot/arena_ws/src/forks/pedsim_ros/pedsim_gazebo_plugin/src/AttachModelPlugin.cc:20:
/usr/include/c++/9/chrono:643:14: note: candidate: ‘template<class _Dur2, class> constexpr std::chrono::time_point<_Clock, _Dur>::time_point(const std::chrono::time_point<_Clock, _Dur2>&)’
  643 |    constexpr time_point(const time_point<clock, _Dur2>& __t)
      |              ^~~~~~~~~~
/usr/include/c++/9/chrono:643:14: note:   template argument deduction/substitution failed:
/usr/include/c++/9/chrono:636:21: note: candidate: ‘constexpr std::chrono::time_point<_Clock, _Dur>::time_point(const duration&) [with _Clock = std::chrono::_V2::steady_clock; _Dur = std::chrono::duration<long int, std::ratio<1, 1000000000> >; std::chrono::time_point<_Clock, _Dur>::duration = std::chrono::duration<long int, std::ratio<1, 1000000000> >]’
  636 |  constexpr explicit time_point(const duration& __dur)
      |                     ^~~~~~~~~~
/usr/include/c++/9/chrono:636:21: note:   conversion of argument 1 would be ill-formed:
/usr/include/c++/9/chrono:633:12: note: candidate: ‘constexpr std::chrono::time_point<_Clock, _Dur>::time_point() [with _Clock = std::chrono::_V2::steady_clock; _Dur = std::chrono::duration<long int, std::ratio<1, 1000000000> >]’
  633 |  constexpr time_point() : __d(duration::zero())
      |            ^~~~~~~~~~
/usr/include/c++/9/chrono:633:12: note:   candidate expects 0 arguments, 1 provided
/usr/include/c++/9/chrono:626:14: note: candidate: ‘constexpr std::chrono::time_point<std::chrono::_V2::steady_clock, std::chrono::duration<long int, std::ratio<1, 1000000000> > >::time_point(const std::chrono::time_point<std::chrono::_V2::steady_clock, std::chrono::duration<long int, std::ratio<1, 1000000000> > >&)’
  626 |       struct time_point
      |              ^~~~~~~~~~
/usr/include/c++/9/chrono:626:14: note:   conversion of argument 1 would be ill-formed:
/usr/include/c++/9/chrono:626:14: note: candidate: ‘constexpr std::chrono::time_point<std::chrono::_V2::steady_clock, std::chrono::duration<long int, std::ratio<1, 1000000000> > >::time_point(std::chrono::time_point<std::chrono::_V2::steady_clock, std::chrono::duration<long int, std::ratio<1, 1000000000> > >&&)’
/usr/include/c++/9/chrono:626:14: note:   conversion of argument 1 would be ill-formed:
In file included from /usr/include/ignition/math6/gz/math/Vector3.hh:26,
                 from /usr/include/ignition/math6/ignition/math/Vector3.hh:18,
                 from /home/robot/arena_ws/src/forks/pedsim_ros/pedsim_gazebo_plugin/src/ActorCollisionsPlugin.cc:18:
/usr/include/ignition/math6/gz/math/Helpers.hh: In function ‘std::chrono::_V2::steady_clock::duration ignition::math::v6::stringToDuration(const string&)’:
/usr/include/ignition/math6/gz/math/Helpers.hh:1062:28: error: ‘chrono_literals’ is not a namespace-name
 1062 |       using namespace std::chrono_literals;
      |                            ^~~~~~~~~~~~~~~
/usr/include/ignition/math6/gz/math/Helpers.hh: In function ‘std::chrono::_V2::steady_clock::time_point ignition::math::v6::stringToTimePoint(const string&)’:
/usr/include/ignition/math6/gz/math/Helpers.hh:1104:28: error: ‘chrono_literals’ is not a namespace-name
 1104 |       using namespace std::chrono_literals;
      |                            ^~~~~~~~~~~~~~~
/usr/include/ignition/math6/gz/math/Helpers.hh:1105:56: error: unable to find numeric literal operator ‘operator""s’
 1105 |       std::chrono::steady_clock::time_point timePoint{-1s};
      |                                                        ^~
/usr/include/ignition/math6/gz/math/Helpers.hh:1105:56: note: use ‘-fext-numeric-literals’ to enable more built-in suffixes
/usr/include/ignition/math6/gz/math/Helpers.hh:1105:58: error: no matching function for call to ‘std::chrono::time_point<std::chrono::_V2::steady_clock, std::chrono::duration<long int, std::ratio<1, 1000000000> > >::time_point(<brace-enclosed initializer list>)’
 1105 |       std::chrono::steady_clock::time_point timePoint{-1s};
      |                                                          ^
In file included from /usr/include/ignition/math6/gz/math/Helpers.hh:21,
                 from /usr/include/ignition/math6/gz/math/Vector3.hh:26,
                 from /usr/include/ignition/math6/ignition/math/Vector3.hh:18,
                 from /home/robot/arena_ws/src/forks/pedsim_ros/pedsim_gazebo_plugin/src/ActorCollisionsPlugin.cc:18:
/usr/include/c++/9/chrono:643:14: note: candidate: ‘template<class _Dur2, class> constexpr std::chrono::time_point<_Clock, _Dur>::time_point(const std::chrono::time_point<_Clock, _Dur2>&)’
  643 |    constexpr time_point(const time_point<clock, _Dur2>& __t)
      |              ^~~~~~~~~~
/usr/include/c++/9/chrono:643:14: note:   template argument deduction/substitution failed:
/usr/include/c++/9/chrono:636:21: note: candidate: ‘constexpr std::chrono::time_point<_Clock, _Dur>::time_point(const duration&) [with _Clock = std::chrono::_V2::steady_clock; _Dur = std::chrono::duration<long int, std::ratio<1, 1000000000> >; std::chrono::time_point<_Clock, _Dur>::duration = std::chrono::duration<long int, std::ratio<1, 1000000000> >]’
  636 |  constexpr explicit time_point(const duration& __dur)
      |                     ^~~~~~~~~~
/usr/include/c++/9/chrono:636:21: note:   conversion of argument 1 would be ill-formed:
/usr/include/c++/9/chrono:633:12: note: candidate: ‘constexpr std::chrono::time_point<_Clock, _Dur>::time_point() [with _Clock = std::chrono::_V2::steady_clock; _Dur = std::chrono::duration<long int, std::ratio<1, 1000000000> >]’
  633 |  constexpr time_point() : __d(duration::zero())
      |            ^~~~~~~~~~
/usr/include/c++/9/chrono:633:12: note:   candidate expects 0 arguments, 1 provided
/usr/include/c++/9/chrono:626:14: note: candidate: ‘constexpr std::chrono::time_point<std::chrono::_V2::steady_clock, std::chrono::duration<long int, std::ratio<1, 1000000000> > >::time_point(const std::chrono::time_point<std::chrono::_V2::steady_clock, std::chrono::duration<long int, std::ratio<1, 1000000000> > >&)’
  626 |       struct time_point
      |              ^~~~~~~~~~
/usr/include/c++/9/chrono:626:14: note:   conversion of argument 1 would be ill-formed:
/usr/include/c++/9/chrono:626:14: note: candidate: ‘constexpr std::chrono::time_point<std::chrono::_V2::steady_clock, std::chrono::duration<long int, std::ratio<1, 1000000000> > >::time_point(std::chrono::time_point<std::chrono::_V2::steady_clock, std::chrono::duration<long int, std::ratio<1, 1000000000> > >&&)’
/usr/include/c++/9/chrono:626:14: note:   conversion of argument 1 would be ill-formed:
In file included from /usr/include/ignition/math6/gz/math/Box.hh:23,
                 from /usr/include/ignition/math6/gz/math.hh:30,
                 from /usr/include/sdformat-9.10/sdf/Param.hh:33,
                 from /usr/include/sdformat-9.10/sdf/Element.hh:28,
                 from /usr/include/sdformat-9.10/sdf/Actor.hh:25,
                 from /usr/include/sdformat-9.10/sdf/sdf.hh:2,
                 from /usr/include/gazebo-11/gazebo/common/Events.hh:21,
                 from /home/robot/arena_ws/src/forks/pedsim_ros/pedsim_gazebo_plugin/src/AttachModelPlugin.cc:22:
/usr/include/ignition/math6/gz/math/Plane.hh: At global scope:
/usr/include/ignition/math6/gz/math/Plane.hh:133:20: error: ‘optional’ in namespace ‘std’ does not name a template type
  133 |       public: std::optional<Vector3<T>> Intersection(
      |                    ^~~~~~~~
/usr/include/ignition/math6/gz/math/Plane.hh:133:15: note: ‘std::optional’ is only available from C++17 onwards
  133 |       public: std::optional<Vector3<T>> Intersection(
      |               ^~~
In file included from /usr/include/ignition/math6/gz/math.hh:30,
                 from /usr/include/sdformat-9.10/sdf/Param.hh:33,
                 from /usr/include/sdformat-9.10/sdf/Element.hh:28,
                 from /usr/include/sdformat-9.10/sdf/Actor.hh:25,
                 from /usr/include/sdformat-9.10/sdf/sdf.hh:2,
                 from /usr/include/gazebo-11/gazebo/common/Events.hh:21,
                 from /home/robot/arena_ws/src/forks/pedsim_ros/pedsim_gazebo_plugin/src/AttachModelPlugin.cc:22:
/usr/include/ignition/math6/gz/math/Box.hh:151:20: error: ‘optional’ in namespace ‘std’ does not name a template type
  151 |       public: std::optional<Vector3<Precision>>
      |                    ^~~~~~~~
/usr/include/ignition/math6/gz/math/Box.hh:151:15: note: ‘std::optional’ is only available from C++17 onwards
  151 |       public: std::optional<Vector3<Precision>>
      |               ^~~
In file included from /usr/include/ignition/math6/gz/math/Box.hh:224,
                 from /usr/include/ignition/math6/gz/math.hh:30,
                 from /usr/include/sdformat-9.10/sdf/Param.hh:33,
                 from /usr/include/sdformat-9.10/sdf/Element.hh:28,
                 from /usr/include/sdformat-9.10/sdf/Actor.hh:25,
                 from /usr/include/sdformat-9.10/sdf/sdf.hh:2,
                 from /usr/include/gazebo-11/gazebo/common/Events.hh:21,
                 from /home/robot/arena_ws/src/forks/pedsim_ros/pedsim_gazebo_plugin/src/AttachModelPlugin.cc:22:
/usr/include/ignition/math6/gz/math/detail/Box.hh:237:6: error: ‘optional’ in namespace ‘std’ does not name a template type
  237 | std::optional<Vector3<T>>
      |      ^~~~~~~~
/usr/include/ignition/math6/gz/math/detail/Box.hh:237:1: note: ‘std::optional’ is only available from C++17 onwards
  237 | std::optional<Vector3<T>>
      | ^~~
In file included from /usr/include/ignition/math6/gz/math.hh:31,
                 from /usr/include/sdformat-9.10/sdf/Param.hh:33,
                 from /usr/include/sdformat-9.10/sdf/Element.hh:28,
                 from /usr/include/sdformat-9.10/sdf/Actor.hh:25,
                 from /usr/include/sdformat-9.10/sdf/sdf.hh:2,
                 from /usr/include/gazebo-11/gazebo/common/Events.hh:21,
                 from /home/robot/arena_ws/src/forks/pedsim_ros/pedsim_gazebo_plugin/src/AttachModelPlugin.cc:22:
/usr/include/ignition/math6/gz/math/Capsule.hh:91:20: error: ‘optional’ in namespace ‘std’ does not name a template type
   91 |       public: std::optional< MassMatrix3<Precision> > MassMatrix() const;
      |                    ^~~~~~~~
/usr/include/ignition/math6/gz/math/Capsule.hh:91:15: note: ‘std::optional’ is only available from C++17 onwards
   91 |       public: std::optional< MassMatrix3<Precision> > MassMatrix() const;
      |               ^~~
In file included from /usr/include/ignition/math6/gz/math/Capsule.hh:149,
                 from /usr/include/ignition/math6/gz/math.hh:31,
                 from /usr/include/sdformat-9.10/sdf/Param.hh:33,
                 from /usr/include/sdformat-9.10/sdf/Element.hh:28,
                 from /usr/include/sdformat-9.10/sdf/Actor.hh:25,
                 from /usr/include/sdformat-9.10/sdf/sdf.hh:2,
                 from /usr/include/gazebo-11/gazebo/common/Events.hh:21,
                 from /home/robot/arena_ws/src/forks/pedsim_ros/pedsim_gazebo_plugin/src/AttachModelPlugin.cc:22:
/usr/include/ignition/math6/gz/math/detail/Capsule.hh:100:6: error: ‘optional’ in namespace ‘std’ does not name a template type
  100 | std::optional< MassMatrix3<T> > Capsule<T>::MassMatrix() const
      |      ^~~~~~~~
/usr/include/ignition/math6/gz/math/detail/Capsule.hh:100:1: note: ‘std::optional’ is only available from C++17 onwards
  100 | std::optional< MassMatrix3<T> > Capsule<T>::MassMatrix() const
      | ^~~
In file included from /usr/include/ignition/math6/gz/math.hh:35,
                 from /usr/include/sdformat-9.10/sdf/Param.hh:33,
                 from /usr/include/sdformat-9.10/sdf/Element.hh:28,
                 from /usr/include/sdformat-9.10/sdf/Actor.hh:25,
                 from /usr/include/sdformat-9.10/sdf/sdf.hh:2,
                 from /usr/include/gazebo-11/gazebo/common/Events.hh:21,
                 from /home/robot/arena_ws/src/forks/pedsim_ros/pedsim_gazebo_plugin/src/AttachModelPlugin.cc:22:
/usr/include/ignition/math6/gz/math/Ellipsoid.hh:77:20: error: ‘optional’ in namespace ‘std’ does not name a template type
   77 |       public: std::optional< MassMatrix3<Precision> > MassMatrix() const;
      |                    ^~~~~~~~
/usr/include/ignition/math6/gz/math/Ellipsoid.hh:77:15: note: ‘std::optional’ is only available from C++17 onwards
   77 |       public: std::optional< MassMatrix3<Precision> > MassMatrix() const;
      |               ^~~
In file included from /usr/include/ignition/math6/gz/math/Ellipsoid.hh:132,
                 from /usr/include/ignition/math6/gz/math.hh:35,
                 from /usr/include/sdformat-9.10/sdf/Param.hh:33,
                 from /usr/include/sdformat-9.10/sdf/Element.hh:28,
                 from /usr/include/sdformat-9.10/sdf/Actor.hh:25,
                 from /usr/include/sdformat-9.10/sdf/sdf.hh:2,
                 from /usr/include/gazebo-11/gazebo/common/Events.hh:21,
                 from /home/robot/arena_ws/src/forks/pedsim_ros/pedsim_gazebo_plugin/src/AttachModelPlugin.cc:22:
/usr/include/ignition/math6/gz/math/detail/Ellipsoid.hh:77:6: error: ‘optional’ in namespace ‘std’ does not name a template type
   77 | std::optional< MassMatrix3<T> > Ellipsoid<T>::MassMatrix() const
      |      ^~~~~~~~
/usr/include/ignition/math6/gz/math/detail/Ellipsoid.hh:77:1: note: ‘std::optional’ is only available from C++17 onwards
   77 | std::optional< MassMatrix3<T> > Ellipsoid<T>::MassMatrix() const
      | ^~~
In file included from /usr/include/ignition/math6/gz/math.hh:67,
                 from /usr/include/sdformat-9.10/sdf/Param.hh:33,
                 from /usr/include/sdformat-9.10/sdf/Element.hh:28,
                 from /usr/include/sdformat-9.10/sdf/Actor.hh:25,
                 from /usr/include/sdformat-9.10/sdf/sdf.hh:2,
                 from /usr/include/gazebo-11/gazebo/common/Events.hh:21,
                 from /home/robot/arena_ws/src/forks/pedsim_ros/pedsim_gazebo_plugin/src/AttachModelPlugin.cc:22:
/usr/include/ignition/math6/gz/math/Sphere.hh:109:20: error: ‘optional’ in namespace ‘std’ does not name a template type
  109 |       public: std::optional<Vector3<Precision>>
      |                    ^~~~~~~~
/usr/include/ignition/math6/gz/math/Sphere.hh:109:15: note: ‘std::optional’ is only available from C++17 onwards
  109 |       public: std::optional<Vector3<Precision>>
      |               ^~~
In file included from /usr/include/ignition/math6/gz/math/Sphere.hh:157,
                 from /usr/include/ignition/math6/gz/math.hh:67,
                 from /usr/include/sdformat-9.10/sdf/Param.hh:33,
                 from /usr/include/sdformat-9.10/sdf/Element.hh:28,
                 from /usr/include/sdformat-9.10/sdf/Actor.hh:25,
                 from /usr/include/sdformat-9.10/sdf/sdf.hh:2,
                 from /usr/include/gazebo-11/gazebo/common/Events.hh:21,
                 from /home/robot/arena_ws/src/forks/pedsim_ros/pedsim_gazebo_plugin/src/AttachModelPlugin.cc:22:
/usr/include/ignition/math6/gz/math/detail/Sphere.hh:123:6: error: ‘optional’ in namespace ‘std’ does not name a template type
  123 | std::optional<Vector3<T>>
      |      ^~~~~~~~
/usr/include/ignition/math6/gz/math/detail/Sphere.hh:123:1: note: ‘std::optional’ is only available from C++17 onwards
  123 | std::optional<Vector3<T>>
      | ^~~
In file included from /usr/include/sdformat-9.10/sdf/Element.hh:28,
                 from /usr/include/sdformat-9.10/sdf/Actor.hh:25,
                 from /usr/include/sdformat-9.10/sdf/sdf.hh:2,
                 from /usr/include/gazebo-11/gazebo/common/Events.hh:21,
                 from /home/robot/arena_ws/src/forks/pedsim_ros/pedsim_gazebo_plugin/src/AttachModelPlugin.cc:22:
/usr/include/sdformat-9.10/sdf/Param.hh:72:57: error: expected constructor, destructor, or type conversion before ‘;’ token
   72 |   template<class T> ParamStreamer(T) -> ParamStreamer<T>;
      |                                                         ^
/usr/include/sdformat-9.10/sdf/Param.hh:83:47: error: ‘variant’ is not a member of ‘std’
   83 |                            ParamStreamer<std::variant<Ts...>> sv)
      |                                               ^~~~~~~
/usr/include/sdformat-9.10/sdf/Param.hh:83:47: note: ‘std::variant’ is only available from C++17 onwards
/usr/include/sdformat-9.10/sdf/Param.hh:83:47: error: ‘variant’ is not a member of ‘std’
/usr/include/sdformat-9.10/sdf/Param.hh:83:47: note: ‘std::variant’ is only available from C++17 onwards
/usr/include/sdformat-9.10/sdf/Param.hh:83:57: error: expected parameter pack before ‘...’
   83 |                            ParamStreamer<std::variant<Ts...>> sv)
      |                                                         ^~~
/usr/include/sdformat-9.10/sdf/Param.hh:83:57: error: template argument 1 is invalid
/usr/include/sdformat-9.10/sdf/Param.hh:83:47: error: ‘variant’ is not a member of ‘std’
   83 |                            ParamStreamer<std::variant<Ts...>> sv)
      |                                               ^~~~~~~
/usr/include/sdformat-9.10/sdf/Param.hh:83:47: note: ‘std::variant’ is only available from C++17 onwards
/usr/include/sdformat-9.10/sdf/Param.hh:83:47: error: ‘variant’ is not a member of ‘std’
/usr/include/sdformat-9.10/sdf/Param.hh:83:47: note: ‘std::variant’ is only available from C++17 onwards
/usr/include/sdformat-9.10/sdf/Param.hh:83:57: error: expected parameter pack before ‘...’
   83 |                            ParamStreamer<std::variant<Ts...>> sv)
      |                                                         ^~~
/usr/include/sdformat-9.10/sdf/Param.hh:83:60: error: template argument 1 is invalid
   83 |                            ParamStreamer<std::variant<Ts...>> sv)
      |                                                            ^~
/usr/include/sdformat-9.10/sdf/Param.hh:83:47: error: ‘variant’ is not a member of ‘std’
   83 |                            ParamStreamer<std::variant<Ts...>> sv)
      |                                               ^~~~~~~
/usr/include/sdformat-9.10/sdf/Param.hh:83:47: note: ‘std::variant’ is only available from C++17 onwards
/usr/include/sdformat-9.10/sdf/Param.hh:83:47: error: ‘variant’ is not a member of ‘std’
/usr/include/sdformat-9.10/sdf/Param.hh:83:47: note: ‘std::variant’ is only available from C++17 onwards
/usr/include/sdformat-9.10/sdf/Param.hh:83:57: error: expected parameter pack before ‘...’
   83 |                            ParamStreamer<std::variant<Ts...>> sv)
      |                                                         ^~~
/usr/include/sdformat-9.10/sdf/Param.hh:83:60: error: template argument 1 is invalid
   83 |                            ParamStreamer<std::variant<Ts...>> sv)
      |                                                            ^~
/usr/include/sdformat-9.10/sdf/Param.hh:83:28: error: ‘ParamStreamer’ is not a type
   83 |                            ParamStreamer<std::variant<Ts...>> sv)
      |                            ^~~~~~~~~~~~~
/usr/include/sdformat-9.10/sdf/Param.hh:83:41: error: expected ‘,’ or ‘...’ before ‘<’ token
   83 |                            ParamStreamer<std::variant<Ts...>> sv)
      |                                         ^
/usr/include/sdformat-9.10/sdf/Param.hh: In function ‘std::ostream& sdf::v9::operator<<(std::ostream&, int)’:
/usr/include/sdformat-9.10/sdf/Param.hh:85:10: error: ‘visit’ is not a member of ‘std’
   85 |     std::visit([&os](auto const &v)
      |          ^~~~~
/usr/include/sdformat-9.10/sdf/Param.hh:85:10: note: ‘std::visit’ is only available from C++17 onwards
/usr/include/sdformat-9.10/sdf/Param.hh:85:22: error: use of ‘auto’ in lambda parameter declaration only available with ‘-std=c++14’ or ‘-std=gnu++14’
   85 |     std::visit([&os](auto const &v)
      |                      ^~~~
/usr/include/sdformat-9.10/sdf/Param.hh: In lambda function:
/usr/include/sdformat-9.10/sdf/Param.hh:87:28: error: missing template arguments before ‘{’ token
   87 |         os << ParamStreamer{v};
      |                            ^
/usr/include/sdformat-9.10/sdf/Param.hh: In function ‘std::ostream& sdf::v9::operator<<(std::ostream&, int)’:
/usr/include/sdformat-9.10/sdf/Param.hh:88:10: error: ‘sv’ was not declared in this scope
   88 |       }, sv.val);
      |          ^~
/usr/include/sdformat-9.10/sdf/Param.hh: At global scope:
/usr/include/sdformat-9.10/sdf/Param.hh:173:30: error: ‘std::any’ has not been declared
  173 |     public: bool GetAny(std::any &_anyVal) const;
      |                              ^~~
/usr/include/sdformat-9.10/sdf/Param.hh:243:32: error: ‘any’ is not a member of ‘std’
  243 |     public: std::function<std::any ()> updateFunc;
      |                                ^~~
/usr/include/sdformat-9.10/sdf/Param.hh:243:32: note: ‘std::any’ is only available from C++17 onwards
/usr/include/sdformat-9.10/sdf/Param.hh:243:32: error: ‘any’ is not a member of ‘std’
/usr/include/sdformat-9.10/sdf/Param.hh:243:32: note: ‘std::any’ is only available from C++17 onwards
/usr/include/sdformat-9.10/sdf/Param.hh:243:38: error: template argument 1 is invalid
  243 |     public: std::function<std::any ()> updateFunc;
      |                                      ^
/usr/include/sdformat-9.10/sdf/Param.hh:249:26: error: ‘variant’ in namespace ‘std’ does not name a template type
  249 |     public: typedef std::variant<bool, char, std::string, int, std::uint64_t,
      |                          ^~~~~~~
/usr/include/sdformat-9.10/sdf/Param.hh:249:21: note: ‘std::variant’ is only available from C++17 onwards
  249 |     public: typedef std::variant<bool, char, std::string, int, std::uint64_t,
      |                     ^~~
/usr/include/sdformat-9.10/sdf/Param.hh:260:13: error: ‘ParamVariant’ does not name a type
  260 |     public: ParamVariant value;
      |             ^~~~~~~~~~~~
/usr/include/sdformat-9.10/sdf/Param.hh:263:13: error: ‘ParamVariant’ does not name a type
  263 |     public: ParamVariant defaultValue;
      |             ^~~~~~~~~~~~
/usr/include/sdformat-9.10/sdf/Param.hh:273:37: error: ‘ParamVariant’ has not been declared
  273 |                                     ParamVariant &_valueToSet) const;
      |                                     ^~~~~~~~~~~~
/usr/include/sdformat-9.10/sdf/Param.hh: In member function ‘std::string sdf::v9::ParamPrivate::TypeToString() const’:
/usr/include/sdformat-9.10/sdf/Param.hh:286:24: error: ‘is_same_v’ is not a member of ‘std’; did you mean ‘is_same’?
  286 |     if constexpr (std::is_same_v<T, bool>)
      |                        ^~~~~~~~~
      |                        is_same
/usr/include/sdformat-9.10/sdf/Param.hh:286:35: error: expected primary-expression before ‘,’ token
  286 |     if constexpr (std::is_same_v<T, bool>)
      |                                   ^
/usr/include/sdformat-9.10/sdf/Param.hh:286:37: error: expected primary-expression before ‘bool’
  286 |     if constexpr (std::is_same_v<T, bool>)
      |                                     ^~~~
/usr/include/sdformat-9.10/sdf/Param.hh:286:36: error: expected ‘)’ before ‘bool’
  286 |     if constexpr (std::is_same_v<T, bool>)
      |                  ~                 ^~~~~
      |                                    )
/usr/include/sdformat-9.10/sdf/Param.hh:288:29: error: ‘is_same_v’ is not a member of ‘std’; did you mean ‘is_same’?
  288 |     else if constexpr (std::is_same_v<T, char>)
      |                             ^~~~~~~~~
      |                             is_same
/usr/include/sdformat-9.10/sdf/Param.hh:288:40: error: expected primary-expression before ‘,’ token
  288 |     else if constexpr (std::is_same_v<T, char>)
      |                                        ^
/usr/include/sdformat-9.10/sdf/Param.hh:288:42: error: expected primary-expression before ‘char’
  288 |     else if constexpr (std::is_same_v<T, char>)
      |                                          ^~~~
/usr/include/sdformat-9.10/sdf/Param.hh:288:41: error: expected ‘)’ before ‘char’
  288 |     else if constexpr (std::is_same_v<T, char>)
      |                       ~                 ^~~~~
      |                                         )
In file included from /usr/include/ignition/math6/gz/math/Quaternion.hh:20,
                 from /usr/include/ignition/math6/gz/math/Pose3.hh:20,
                 from /usr/include/sdformat-9.10/sdf/Actor.hh:23,
                 from /usr/include/sdformat-9.10/sdf/sdf.hh:2,
                 from /usr/include/gazebo-11/gazebo/common/Plugin.hh:33,
                 from /home/robot/arena_ws/src/forks/pedsim_ros/pedsim_gazebo_plugin/src/ActorPlugin.cpp:1:
/usr/include/ignition/math6/gz/math/Helpers.hh: In function ‘std::chrono::_V2::steady_clock::duration ignition::math::v6::stringToDuration(const string&)’:
/usr/include/ignition/math6/gz/math/Helpers.hh:1062:28: error: ‘chrono_literals’ is not a namespace-name
 1062 |       using namespace std::chrono_literals;
      |                            ^~~~~~~~~~~~~~~
/usr/include/sdformat-9.10/sdf/Param.hh:290:29: error: ‘is_same_v’ is not a member of ‘std’; did you mean ‘is_same’?
  290 |     else if constexpr (std::is_same_v<T, std::string>)
      |                             ^~~~~~~~~
      |                             is_same
/usr/include/sdformat-9.10/sdf/Param.hh:290:40: error: expected primary-expression before ‘,’ token
  290 |     else if constexpr (std::is_same_v<T, std::string>)
      |                                        ^
/usr/include/sdformat-9.10/sdf/Param.hh:290:53: error: expected primary-expression before ‘>’ token
  290 |     else if constexpr (std::is_same_v<T, std::string>)
      |                                                     ^
/usr/include/sdformat-9.10/sdf/Param.hh:290:54: error: expected primary-expression before ‘)’ token
  290 |     else if constexpr (std::is_same_v<T, std::string>)
      |                                                      ^
/usr/include/sdformat-9.10/sdf/Param.hh:292:29: error: ‘is_same_v’ is not a member of ‘std’; did you mean ‘is_same’?
  292 |     else if constexpr (std::is_same_v<T, int>)
      |                             ^~~~~~~~~
      |                             is_same
/usr/include/sdformat-9.10/sdf/Param.hh:292:40: error: expected primary-expression before ‘,’ token
  292 |     else if constexpr (std::is_same_v<T, int>)
      |                                        ^
/usr/include/sdformat-9.10/sdf/Param.hh:292:42: error: expected primary-expression before ‘int’
  292 |     else if constexpr (std::is_same_v<T, int>)
      |                                          ^~~
/usr/include/sdformat-9.10/sdf/Param.hh:292:41: error: expected ‘)’ before ‘int’
  292 |     else if constexpr (std::is_same_v<T, int>)
      |                       ~                 ^~~~
      |                                         )
/usr/include/sdformat-9.10/sdf/Param.hh:294:29: error: ‘is_same_v’ is not a member of ‘std’; did you mean ‘is_same’?
  294 |     else if constexpr (std::is_same_v<T, std::uint64_t>)
      |                             ^~~~~~~~~
      |                             is_same
/usr/include/sdformat-9.10/sdf/Param.hh:294:40: error: expected primary-expression before ‘,’ token
  294 |     else if constexpr (std::is_same_v<T, std::uint64_t>)
      |                                        ^
/usr/include/sdformat-9.10/sdf/Param.hh:294:55: error: expected primary-expression before ‘>’ token
  294 |     else if constexpr (std::is_same_v<T, std::uint64_t>)
      |                                                       ^
/usr/include/sdformat-9.10/sdf/Param.hh:294:56: error: expected primary-expression before ‘)’ token
  294 |     else if constexpr (std::is_same_v<T, std::uint64_t>)
      |                                                        ^
/usr/include/sdformat-9.10/sdf/Param.hh:296:29: error: ‘is_same_v’ is not a member of ‘std’; did you mean ‘is_same’?
  296 |     else if constexpr (std::is_same_v<T, unsigned int>)
      |                             ^~~~~~~~~
      |                             is_same
/usr/include/sdformat-9.10/sdf/Param.hh:296:40: error: expected primary-expression before ‘,’ token
  296 |     else if constexpr (std::is_same_v<T, unsigned int>)
      |                                        ^
/usr/include/sdformat-9.10/sdf/Param.hh:296:42: error: expected primary-expression before ‘unsigned’
  296 |     else if constexpr (std::is_same_v<T, unsigned int>)
      |                                          ^~~~~~~~
/usr/include/sdformat-9.10/sdf/Param.hh:296:41: error: expected ‘)’ before ‘unsigned’
  296 |     else if constexpr (std::is_same_v<T, unsigned int>)
      |                       ~                 ^~~~~~~~~
      |                                         )
/usr/include/sdformat-9.10/sdf/Param.hh:298:29: error: ‘is_same_v’ is not a member of ‘std’; did you mean ‘is_same’?
  298 |     else if constexpr (std::is_same_v<T, double>)
      |                             ^~~~~~~~~
      |                             is_same
/usr/include/sdformat-9.10/sdf/Param.hh:298:40: error: expected primary-expression before ‘,’ token
  298 |     else if constexpr (std::is_same_v<T, double>)
      |                                        ^
/usr/include/sdformat-9.10/sdf/Param.hh:298:42: error: expected primary-expression before ‘double’
  298 |     else if constexpr (std::is_same_v<T, double>)
      |                                          ^~~~~~
/usr/include/sdformat-9.10/sdf/Param.hh:298:41: error: expected ‘)’ before ‘double’
  298 |     else if constexpr (std::is_same_v<T, double>)
      |                       ~                 ^~~~~~~
      |                                         )
/usr/include/sdformat-9.10/sdf/Param.hh:300:29: error: ‘is_same_v’ is not a member of ‘std’; did you mean ‘is_same’?
  300 |     else if constexpr (std::is_same_v<T, float>)
      |                             ^~~~~~~~~
      |                             is_same
/usr/include/sdformat-9.10/sdf/Param.hh:300:40: error: expected primary-expression before ‘,’ token
  300 |     else if constexpr (std::is_same_v<T, float>)
      |                                        ^
/usr/include/sdformat-9.10/sdf/Param.hh:300:42: error: expected primary-expression before ‘float’
  300 |     else if constexpr (std::is_same_v<T, float>)
      |                                          ^~~~~
/usr/include/sdformat-9.10/sdf/Param.hh:300:41: error: expected ‘)’ before ‘float’
  300 |     else if constexpr (std::is_same_v<T, float>)
      |                       ~                 ^~~~~~
      |                                         )
/usr/include/ignition/math6/gz/math/Helpers.hh: In function ‘std::chrono::_V2::steady_clock::time_point ignition::math::v6::stringToTimePoint(const string&)’:
/usr/include/ignition/math6/gz/math/Helpers.hh:1104:28: error: ‘chrono_literals’ is not a namespace-name
 1104 |       using namespace std::chrono_literals;
      |                            ^~~~~~~~~~~~~~~
/usr/include/ignition/math6/gz/math/Helpers.hh:1105:56: error: unable to find numeric literal operator ‘operator""s’
 1105 |       std::chrono::steady_clock::time_point timePoint{-1s};
      |                                                        ^~
/usr/include/ignition/math6/gz/math/Helpers.hh:1105:56: note: use ‘-fext-numeric-literals’ to enable more built-in suffixes
/usr/include/ignition/math6/gz/math/Helpers.hh:1105:58: error: no matching function for call to ‘std::chrono::time_point<std::chrono::_V2::steady_clock, std::chrono::duration<long int, std::ratio<1, 1000000000> > >::time_point(<brace-enclosed initializer list>)’
 1105 |       std::chrono::steady_clock::time_point timePoint{-1s};
      |                                                          ^
/usr/include/sdformat-9.10/sdf/Param.hh:302:29: error: ‘is_same_v’ is not a member of ‘std’; did you mean ‘is_same’?
  302 |     else if constexpr (std::is_same_v<T, sdf::Time>)
      |                             ^~~~~~~~~
      |                             is_same
In file included from /usr/include/ignition/math6/gz/math/Helpers.hh:21,
                 from /usr/include/ignition/math6/gz/math/Quaternion.hh:20,
                 from /usr/include/ignition/math6/gz/math/Pose3.hh:20,
                 from /usr/include/sdformat-9.10/sdf/Actor.hh:23,
                 from /usr/include/sdformat-9.10/sdf/sdf.hh:2,
                 from /usr/include/gazebo-11/gazebo/common/Plugin.hh:33,
                 from /home/robot/arena_ws/src/forks/pedsim_ros/pedsim_gazebo_plugin/src/ActorPlugin.cpp:1:
/usr/include/c++/9/chrono:643:14: note: candidate: ‘template<class _Dur2, class> constexpr std::chrono::time_point<_Clock, _Dur>::time_point(const std::chrono::time_point<_Clock, _Dur2>&)’
  643 |    constexpr time_point(const time_point<clock, _Dur2>& __t)
      |              ^~~~~~~~~~
/usr/include/c++/9/chrono:643:14: note:   template argument deduction/substitution failed:
/usr/include/c++/9/chrono:636:21: note: candidate: ‘constexpr std::chrono::time_point<_Clock, _Dur>::time_point(const duration&) [with _Clock = std::chrono::_V2::steady_clock; _Dur = std::chrono::duration<long int, std::ratio<1, 1000000000> >; std::chrono::time_point<_Clock, _Dur>::duration = std::chrono::duration<long int, std::ratio<1, 1000000000> >]’
  636 |  constexpr explicit time_point(const duration& __dur)
      |                     ^~~~~~~~~~
/usr/include/c++/9/chrono:636:21: note:   conversion of argument 1 would be ill-formed:
/usr/include/c++/9/chrono:633:12: note: candidate: ‘constexpr std::chrono::time_point<_Clock, _Dur>::time_point() [with _Clock = std::chrono::_V2::steady_clock; _Dur = std::chrono::duration<long int, std::ratio<1, 1000000000> >]’
  633 |  constexpr time_point() : __d(duration::zero())
      |            ^~~~~~~~~~
/usr/include/c++/9/chrono:633:12: note:   candidate expects 0 arguments, 1 provided
/usr/include/c++/9/chrono:626:14: note: candidate: ‘constexpr std::chrono::time_point<std::chrono::_V2::steady_clock, std::chrono::duration<long int, std::ratio<1, 1000000000> > >::time_point(const std::chrono::time_point<std::chrono::_V2::steady_clock, std::chrono::duration<long int, std::ratio<1, 1000000000> > >&)’
  626 |       struct time_point
      |              ^~~~~~~~~~
/usr/include/c++/9/chrono:626:14: note:   conversion of argument 1 would be ill-formed:
/usr/include/c++/9/chrono:626:14: note: candidate: ‘constexpr std::chrono::time_point<std::chrono::_V2::steady_clock, std::chrono::duration<long int, std::ratio<1, 1000000000> > >::time_point(std::chrono::time_point<std::chrono::_V2::steady_clock, std::chrono::duration<long int, std::ratio<1, 1000000000> > >&&)’
/usr/include/c++/9/chrono:626:14: note:   conversion of argument 1 would be ill-formed:
/usr/include/sdformat-9.10/sdf/Param.hh:302:40: error: expected primary-expression before ‘,’ token
  302 |     else if constexpr (std::is_same_v<T, sdf::Time>)
      |                                        ^
/usr/include/sdformat-9.10/sdf/Param.hh:302:51: error: expected primary-expression before ‘>’ token
  302 |     else if constexpr (std::is_same_v<T, sdf::Time>)
      |                                                   ^
/usr/include/sdformat-9.10/sdf/Param.hh:302:52: error: expected primary-expression before ‘)’ token
  302 |     else if constexpr (std::is_same_v<T, sdf::Time>)
      |                                                    ^
/usr/include/sdformat-9.10/sdf/Param.hh:304:29: error: ‘is_same_v’ is not a member of ‘std’; did you mean ‘is_same’?
  304 |     else if constexpr (std::is_same_v<T, gz::math::Angle>)
      |                             ^~~~~~~~~
      |                             is_same
/usr/include/sdformat-9.10/sdf/Param.hh:304:40: error: expected primary-expression before ‘,’ token
  304 |     else if constexpr (std::is_same_v<T, gz::math::Angle>)
      |                                        ^
/usr/include/sdformat-9.10/sdf/Param.hh:304:57: error: expected primary-expression before ‘>’ token
  304 |     else if constexpr (std::is_same_v<T, gz::math::Angle>)
      |                                                         ^
/usr/include/sdformat-9.10/sdf/Param.hh:304:58: error: expected primary-expression before ‘)’ token
  304 |     else if constexpr (std::is_same_v<T, gz::math::Angle>)
      |                                                          ^
/usr/include/sdformat-9.10/sdf/Param.hh:306:29: error: ‘is_same_v’ is not a member of ‘std’; did you mean ‘is_same’?
  306 |     else if constexpr (std::is_same_v<T, gz::math::Color>)
      |                             ^~~~~~~~~
      |                             is_same
/usr/include/sdformat-9.10/sdf/Param.hh:306:40: error: expected primary-expression before ‘,’ token
  306 |     else if constexpr (std::is_same_v<T, gz::math::Color>)
      |                                        ^
/usr/include/sdformat-9.10/sdf/Param.hh:306:57: error: expected primary-expression before ‘>’ token
  306 |     else if constexpr (std::is_same_v<T, gz::math::Color>)
      |                                                         ^
/usr/include/sdformat-9.10/sdf/Param.hh:306:58: error: expected primary-expression before ‘)’ token
  306 |     else if constexpr (std::is_same_v<T, gz::math::Color>)
      |                                                          ^
/usr/include/sdformat-9.10/sdf/Param.hh:308:29: error: ‘is_same_v’ is not a member of ‘std’; did you mean ‘is_same’?
  308 |     else if constexpr (std::is_same_v<T, gz::math::Vector2i>)
      |                             ^~~~~~~~~
      |                             is_same
/usr/include/sdformat-9.10/sdf/Param.hh:308:40: error: expected primary-expression before ‘,’ token
  308 |     else if constexpr (std::is_same_v<T, gz::math::Vector2i>)
      |                                        ^
/usr/include/sdformat-9.10/sdf/Param.hh:308:60: error: expected primary-expression before ‘>’ token
  308 |     else if constexpr (std::is_same_v<T, gz::math::Vector2i>)
      |                                                            ^
/usr/include/sdformat-9.10/sdf/Param.hh:308:61: error: expected primary-expression before ‘)’ token
  308 |     else if constexpr (std::is_same_v<T, gz::math::Vector2i>)
      |                                                             ^
/usr/include/sdformat-9.10/sdf/Param.hh:310:29: error: ‘is_same_v’ is not a member of ‘std’; did you mean ‘is_same’?
  310 |     else if constexpr (std::is_same_v<T, gz::math::Vector2d>)
      |                             ^~~~~~~~~
      |                             is_same
/usr/include/sdformat-9.10/sdf/Param.hh:310:40: error: expected primary-expression before ‘,’ token
  310 |     else if constexpr (std::is_same_v<T, gz::math::Vector2d>)
      |                                        ^
/usr/include/sdformat-9.10/sdf/Param.hh:310:60: error: expected primary-expression before ‘>’ token
  310 |     else if constexpr (std::is_same_v<T, gz::math::Vector2d>)
      |                                                            ^
/usr/include/sdformat-9.10/sdf/Param.hh:310:61: error: expected primary-expression before ‘)’ token
  310 |     else if constexpr (std::is_same_v<T, gz::math::Vector2d>)
      |                                                             ^
/usr/include/sdformat-9.10/sdf/Param.hh:312:29: error: ‘is_same_v’ is not a member of ‘std’; did you mean ‘is_same’?
  312 |     else if constexpr (std::is_same_v<T, gz::math::Vector3d>)
      |                             ^~~~~~~~~
      |                             is_same
/usr/include/sdformat-9.10/sdf/Param.hh:312:40: error: expected primary-expression before ‘,’ token
  312 |     else if constexpr (std::is_same_v<T, gz::math::Vector3d>)
      |                                        ^
/usr/include/sdformat-9.10/sdf/Param.hh:312:60: error: expected primary-expression before ‘>’ token
  312 |     else if constexpr (std::is_same_v<T, gz::math::Vector3d>)
      |                                                            ^
/usr/include/sdformat-9.10/sdf/Param.hh:312:61: error: expected primary-expression before ‘)’ token
  312 |     else if constexpr (std::is_same_v<T, gz::math::Vector3d>)
      |                                                             ^
/usr/include/sdformat-9.10/sdf/Param.hh:314:29: error: ‘is_same_v’ is not a member of ‘std’; did you mean ‘is_same’?
  314 |     else if constexpr (std::is_same_v<T, gz::math::Quaterniond>)
      |                             ^~~~~~~~~
      |                             is_same
/usr/include/sdformat-9.10/sdf/Param.hh:314:40: error: expected primary-expression before ‘,’ token
  314 |     else if constexpr (std::is_same_v<T, gz::math::Quaterniond>)
      |                                        ^
/usr/include/sdformat-9.10/sdf/Param.hh:314:63: error: expected primary-expression before ‘>’ token
  314 |     else if constexpr (std::is_same_v<T, gz::math::Quaterniond>)
      |                                                               ^
/usr/include/sdformat-9.10/sdf/Param.hh:314:64: error: expected primary-expression before ‘)’ token
  314 |     else if constexpr (std::is_same_v<T, gz::math::Quaterniond>)
      |                                                                ^
/usr/include/sdformat-9.10/sdf/Param.hh:316:29: error: ‘is_same_v’ is not a member of ‘std’; did you mean ‘is_same’?
  316 |     else if constexpr (std::is_same_v<T, gz::math::Pose3d>)
      |                             ^~~~~~~~~
      |                             is_same
/usr/include/sdformat-9.10/sdf/Param.hh:316:40: error: expected primary-expression before ‘,’ token
  316 |     else if constexpr (std::is_same_v<T, gz::math::Pose3d>)
      |                                        ^
/usr/include/sdformat-9.10/sdf/Param.hh:316:58: error: expected primary-expression before ‘>’ token
  316 |     else if constexpr (std::is_same_v<T, gz::math::Pose3d>)
      |                                                          ^
/usr/include/sdformat-9.10/sdf/Param.hh:316:59: error: expected primary-expression before ‘)’ token
  316 |     else if constexpr (std::is_same_v<T, gz::math::Pose3d>)
      |                                                           ^
/usr/include/sdformat-9.10/sdf/Param.hh: In member function ‘bool sdf::v9::Param::Get(T&) const’:
/usr/include/sdformat-9.10/sdf/Param.hh:353:21: error: ‘get_if’ is not a member of ‘std’; did you mean ‘get_time’?
  353 |     T *value = std::get_if<T>(&this->dataPtr->value);
      |                     ^~~~~~
      |                     get_time
/usr/include/sdformat-9.10/sdf/Param.hh:353:29: error: expected primary-expression before ‘>’ token
  353 |     T *value = std::get_if<T>(&this->dataPtr->value);
      |                             ^
/usr/include/sdformat-9.10/sdf/Param.hh:353:47: error: ‘class sdf::v9::ParamPrivate’ has no member named ‘value’
  353 |     T *value = std::get_if<T>(&this->dataPtr->value);
      |                                               ^~~~~
/usr/include/sdformat-9.10/sdf/Param.hh:368:21: error: ‘ParamVariant’ is not a member of ‘sdf::v9::ParamPrivate’
  368 |       ParamPrivate::ParamVariant pv;
      |                     ^~~~~~~~~~~~
/usr/include/sdformat-9.10/sdf/Param.hh:369:76: error: ‘pv’ was not declared in this scope
  369 |       bool success = this->dataPtr->ValueFromStringImpl(typeStr, valueStr, pv);
      |                                                                            ^~
/usr/include/sdformat-9.10/sdf/Param.hh: In member function ‘bool sdf::v9::Param::GetDefault(T&) const’:
/usr/include/sdformat-9.10/sdf/Param.hh:406:26: error: missing template arguments before ‘{’ token
  406 |       ss << ParamStreamer{this->dataPtr->defaultValue};
      |                          ^
/usr/include/sdformat-9.10/sdf/Param.hh: In member function ‘bool sdf::v9::Param::IsType() const’:
/usr/include/sdformat-9.10/sdf/Param.hh:426:17: error: ‘holds_alternative’ is not a member of ‘std’
  426 |     return std::holds_alternative<Type>(this->dataPtr->value);
      |                 ^~~~~~~~~~~~~~~~~
/usr/include/sdformat-9.10/sdf/Param.hh:426:39: error: expected primary-expression before ‘>’ token
  426 |     return std::holds_alternative<Type>(this->dataPtr->value);
      |                                       ^
/usr/include/sdformat-9.10/sdf/Param.hh:426:56: error: ‘class sdf::v9::ParamPrivate’ has no member named ‘value’
  426 |     return std::holds_alternative<Type>(this->dataPtr->value);
      |                                                        ^~~~~
In file included from /usr/include/sdformat-9.10/sdf/Actor.hh:25,
                 from /usr/include/sdformat-9.10/sdf/sdf.hh:2,
                 from /usr/include/gazebo-11/gazebo/common/Events.hh:21,
                 from /home/robot/arena_ws/src/forks/pedsim_ros/pedsim_gazebo_plugin/src/AttachModelPlugin.cc:22:
/usr/include/sdformat-9.10/sdf/Element.hh: At global scope:
/usr/include/sdformat-9.10/sdf/Element.hh:279:18: error: ‘any’ in namespace ‘std’ does not name a type
  279 |     public: std::any GetAny(const std::string &_key = "") const;
      |                  ^~~
/usr/include/sdformat-9.10/sdf/Element.hh:279:13: note: ‘std::any’ is only available from C++17 onwards
  279 |     public: std::any GetAny(const std::string &_key = "") const;
      |             ^~~
In file included from /usr/include/ignition/math6/gz/math/Box.hh:23,
                 from /usr/include/ignition/math6/gz/math.hh:30,
                 from /usr/include/sdformat-9.10/sdf/Param.hh:33,
                 from /usr/include/sdformat-9.10/sdf/Element.hh:28,
                 from /usr/include/sdformat-9.10/sdf/Actor.hh:25,
                 from /usr/include/sdformat-9.10/sdf/sdf.hh:2,
                 from /usr/include/gazebo-11/gazebo/common/Plugin.hh:33,
                 from /home/robot/arena_ws/src/forks/pedsim_ros/pedsim_gazebo_plugin/src/ActorPlugin.cpp:1:
/usr/include/ignition/math6/gz/math/Plane.hh: At global scope:
/usr/include/ignition/math6/gz/math/Plane.hh:133:20: error: ‘optional’ in namespace ‘std’ does not name a template type
  133 |       public: std::optional<Vector3<T>> Intersection(
      |                    ^~~~~~~~
/usr/include/ignition/math6/gz/math/Plane.hh:133:15: note: ‘std::optional’ is only available from C++17 onwards
  133 |       public: std::optional<Vector3<T>> Intersection(
      |               ^~~
In file included from /usr/include/ignition/math6/gz/math.hh:30,
                 from /usr/include/sdformat-9.10/sdf/Param.hh:33,
                 from /usr/include/sdformat-9.10/sdf/Element.hh:28,
                 from /usr/include/sdformat-9.10/sdf/Actor.hh:25,
                 from /usr/include/sdformat-9.10/sdf/sdf.hh:2,
                 from /usr/include/gazebo-11/gazebo/common/Plugin.hh:33,
                 from /home/robot/arena_ws/src/forks/pedsim_ros/pedsim_gazebo_plugin/src/ActorPlugin.cpp:1:
/usr/include/ignition/math6/gz/math/Box.hh:151:20: error: ‘optional’ in namespace ‘std’ does not name a template type
  151 |       public: std::optional<Vector3<Precision>>
      |                    ^~~~~~~~
/usr/include/ignition/math6/gz/math/Box.hh:151:15: note: ‘std::optional’ is only available from C++17 onwards
  151 |       public: std::optional<Vector3<Precision>>
      |               ^~~
In file included from /usr/include/ignition/math6/gz/math/Box.hh:224,
                 from /usr/include/ignition/math6/gz/math.hh:30,
                 from /usr/include/sdformat-9.10/sdf/Param.hh:33,
                 from /usr/include/sdformat-9.10/sdf/Element.hh:28,
                 from /usr/include/sdformat-9.10/sdf/Actor.hh:25,
                 from /usr/include/sdformat-9.10/sdf/sdf.hh:2,
                 from /usr/include/gazebo-11/gazebo/common/Plugin.hh:33,
                 from /home/robot/arena_ws/src/forks/pedsim_ros/pedsim_gazebo_plugin/src/ActorPlugin.cpp:1:
/usr/include/ignition/math6/gz/math/detail/Box.hh:237:6: error: ‘optional’ in namespace ‘std’ does not name a template type
  237 | std::optional<Vector3<T>>
      |      ^~~~~~~~
/usr/include/ignition/math6/gz/math/detail/Box.hh:237:1: note: ‘std::optional’ is only available from C++17 onwards
  237 | std::optional<Vector3<T>>
      | ^~~
In file included from /usr/include/ignition/math6/gz/math.hh:31,
                 from /usr/include/sdformat-9.10/sdf/Param.hh:33,
                 from /usr/include/sdformat-9.10/sdf/Element.hh:28,
                 from /usr/include/sdformat-9.10/sdf/Actor.hh:25,
                 from /usr/include/sdformat-9.10/sdf/sdf.hh:2,
                 from /usr/include/gazebo-11/gazebo/common/Plugin.hh:33,
                 from /home/robot/arena_ws/src/forks/pedsim_ros/pedsim_gazebo_plugin/src/ActorPlugin.cpp:1:
/usr/include/ignition/math6/gz/math/Capsule.hh:91:20: error: ‘optional’ in namespace ‘std’ does not name a template type
   91 |       public: std::optional< MassMatrix3<Precision> > MassMatrix() const;
      |                    ^~~~~~~~
/usr/include/ignition/math6/gz/math/Capsule.hh:91:15: note: ‘std::optional’ is only available from C++17 onwards
   91 |       public: std::optional< MassMatrix3<Precision> > MassMatrix() const;
      |               ^~~
In file included from /usr/include/ignition/math6/gz/math/Capsule.hh:149,
                 from /usr/include/ignition/math6/gz/math.hh:31,
                 from /usr/include/sdformat-9.10/sdf/Param.hh:33,
                 from /usr/include/sdformat-9.10/sdf/Element.hh:28,
                 from /usr/include/sdformat-9.10/sdf/Actor.hh:25,
                 from /usr/include/sdformat-9.10/sdf/sdf.hh:2,
                 from /usr/include/gazebo-11/gazebo/common/Plugin.hh:33,
                 from /home/robot/arena_ws/src/forks/pedsim_ros/pedsim_gazebo_plugin/src/ActorPlugin.cpp:1:
/usr/include/ignition/math6/gz/math/detail/Capsule.hh:100:6: error: ‘optional’ in namespace ‘std’ does not name a template type
  100 | std::optional< MassMatrix3<T> > Capsule<T>::MassMatrix() const
      |      ^~~~~~~~
/usr/include/ignition/math6/gz/math/detail/Capsule.hh:100:1: note: ‘std::optional’ is only available from C++17 onwards
  100 | std::optional< MassMatrix3<T> > Capsule<T>::MassMatrix() const
      | ^~~
In file included from /usr/include/ignition/math6/gz/math.hh:35,
                 from /usr/include/sdformat-9.10/sdf/Param.hh:33,
                 from /usr/include/sdformat-9.10/sdf/Element.hh:28,
                 from /usr/include/sdformat-9.10/sdf/Actor.hh:25,
                 from /usr/include/sdformat-9.10/sdf/sdf.hh:2,
                 from /usr/include/gazebo-11/gazebo/common/Plugin.hh:33,
                 from /home/robot/arena_ws/src/forks/pedsim_ros/pedsim_gazebo_plugin/src/ActorPlugin.cpp:1:
/usr/include/ignition/math6/gz/math/Ellipsoid.hh:77:20: error: ‘optional’ in namespace ‘std’ does not name a template type
   77 |       public: std::optional< MassMatrix3<Precision> > MassMatrix() const;
      |                    ^~~~~~~~
/usr/include/ignition/math6/gz/math/Ellipsoid.hh:77:15: note: ‘std::optional’ is only available from C++17 onwards
   77 |       public: std::optional< MassMatrix3<Precision> > MassMatrix() const;
      |               ^~~
In file included from /usr/include/ignition/math6/gz/math/Ellipsoid.hh:132,
                 from /usr/include/ignition/math6/gz/math.hh:35,
                 from /usr/include/sdformat-9.10/sdf/Param.hh:33,
                 from /usr/include/sdformat-9.10/sdf/Element.hh:28,
                 from /usr/include/sdformat-9.10/sdf/Actor.hh:25,
                 from /usr/include/sdformat-9.10/sdf/sdf.hh:2,
                 from /usr/include/gazebo-11/gazebo/common/Plugin.hh:33,
                 from /home/robot/arena_ws/src/forks/pedsim_ros/pedsim_gazebo_plugin/src/ActorPlugin.cpp:1:
/usr/include/ignition/math6/gz/math/detail/Ellipsoid.hh:77:6: error: ‘optional’ in namespace ‘std’ does not name a template type
   77 | std::optional< MassMatrix3<T> > Ellipsoid<T>::MassMatrix() const
      |      ^~~~~~~~
/usr/include/ignition/math6/gz/math/detail/Ellipsoid.hh:77:1: note: ‘std::optional’ is only available from C++17 onwards
   77 | std::optional< MassMatrix3<T> > Ellipsoid<T>::MassMatrix() const
      | ^~~
In file included from /usr/include/ignition/math6/gz/math.hh:67,
                 from /usr/include/sdformat-9.10/sdf/Param.hh:33,
                 from /usr/include/sdformat-9.10/sdf/Element.hh:28,
                 from /usr/include/sdformat-9.10/sdf/Actor.hh:25,
                 from /usr/include/sdformat-9.10/sdf/sdf.hh:2,
                 from /usr/include/gazebo-11/gazebo/common/Plugin.hh:33,
                 from /home/robot/arena_ws/src/forks/pedsim_ros/pedsim_gazebo_plugin/src/ActorPlugin.cpp:1:
/usr/include/ignition/math6/gz/math/Sphere.hh:109:20: error: ‘optional’ in namespace ‘std’ does not name a template type
  109 |       public: std::optional<Vector3<Precision>>
      |                    ^~~~~~~~
/usr/include/ignition/math6/gz/math/Sphere.hh:109:15: note: ‘std::optional’ is only available from C++17 onwards
  109 |       public: std::optional<Vector3<Precision>>
      |               ^~~
In file included from /usr/include/ignition/math6/gz/math/Sphere.hh:157,
                 from /usr/include/ignition/math6/gz/math.hh:67,
                 from /usr/include/sdformat-9.10/sdf/Param.hh:33,
                 from /usr/include/sdformat-9.10/sdf/Element.hh:28,
                 from /usr/include/sdformat-9.10/sdf/Actor.hh:25,
                 from /usr/include/sdformat-9.10/sdf/sdf.hh:2,
                 from /usr/include/gazebo-11/gazebo/common/Plugin.hh:33,
                 from /home/robot/arena_ws/src/forks/pedsim_ros/pedsim_gazebo_plugin/src/ActorPlugin.cpp:1:
/usr/include/ignition/math6/gz/math/detail/Sphere.hh:123:6: error: ‘optional’ in namespace ‘std’ does not name a template type
  123 | std::optional<Vector3<T>>
      |      ^~~~~~~~
/usr/include/ignition/math6/gz/math/detail/Sphere.hh:123:1: note: ‘std::optional’ is only available from C++17 onwards
  123 | std::optional<Vector3<T>>
      | ^~~
In file included from /usr/include/sdformat-9.10/sdf/Element.hh:28,
                 from /usr/include/sdformat-9.10/sdf/Actor.hh:25,
                 from /usr/include/sdformat-9.10/sdf/sdf.hh:2,
                 from /usr/include/gazebo-11/gazebo/common/Plugin.hh:33,
                 from /home/robot/arena_ws/src/forks/pedsim_ros/pedsim_gazebo_plugin/src/ActorPlugin.cpp:1:
/usr/include/sdformat-9.10/sdf/Param.hh:72:57: error: expected constructor, destructor, or type conversion before ‘;’ token
   72 |   template<class T> ParamStreamer(T) -> ParamStreamer<T>;
      |                                                         ^
/usr/include/sdformat-9.10/sdf/Param.hh:83:47: error: ‘variant’ is not a member of ‘std’
   83 |                            ParamStreamer<std::variant<Ts...>> sv)
      |                                               ^~~~~~~
/usr/include/sdformat-9.10/sdf/Param.hh:83:47: note: ‘std::variant’ is only available from C++17 onwards
/usr/include/sdformat-9.10/sdf/Param.hh:83:47: error: ‘variant’ is not a member of ‘std’
/usr/include/sdformat-9.10/sdf/Param.hh:83:47: note: ‘std::variant’ is only available from C++17 onwards
/usr/include/sdformat-9.10/sdf/Param.hh:83:57: error: expected parameter pack before ‘...’
   83 |                            ParamStreamer<std::variant<Ts...>> sv)
      |                                                         ^~~
/usr/include/sdformat-9.10/sdf/Param.hh:83:57: error: template argument 1 is invalid
/usr/include/sdformat-9.10/sdf/Param.hh:83:47: error: ‘variant’ is not a member of ‘std’
   83 |                            ParamStreamer<std::variant<Ts...>> sv)
      |                                               ^~~~~~~
/usr/include/sdformat-9.10/sdf/Param.hh:83:47: note: ‘std::variant’ is only available from C++17 onwards
/usr/include/sdformat-9.10/sdf/Param.hh:83:47: error: ‘variant’ is not a member of ‘std’
/usr/include/sdformat-9.10/sdf/Param.hh:83:47: note: ‘std::variant’ is only available from C++17 onwards
/usr/include/sdformat-9.10/sdf/Param.hh:83:57: error: expected parameter pack before ‘...’
   83 |                            ParamStreamer<std::variant<Ts...>> sv)
      |                                                         ^~~
/usr/include/sdformat-9.10/sdf/Param.hh:83:60: error: template argument 1 is invalid
   83 |                            ParamStreamer<std::variant<Ts...>> sv)
      |                                                            ^~
/usr/include/sdformat-9.10/sdf/Param.hh:83:47: error: ‘variant’ is not a member of ‘std’
   83 |                            ParamStreamer<std::variant<Ts...>> sv)
      |                                               ^~~~~~~
/usr/include/sdformat-9.10/sdf/Param.hh:83:47: note: ‘std::variant’ is only available from C++17 onwards
/usr/include/sdformat-9.10/sdf/Param.hh:83:47: error: ‘variant’ is not a member of ‘std’
/usr/include/sdformat-9.10/sdf/Param.hh:83:47: note: ‘std::variant’ is only available from C++17 onwards
/usr/include/sdformat-9.10/sdf/Param.hh:83:57: error: expected parameter pack before ‘...’
   83 |                            ParamStreamer<std::variant<Ts...>> sv)
      |                                                         ^~~
/usr/include/sdformat-9.10/sdf/Param.hh:83:60: error: template argument 1 is invalid
   83 |                            ParamStreamer<std::variant<Ts...>> sv)
      |                                                            ^~
/usr/include/sdformat-9.10/sdf/Param.hh:83:28: error: ‘ParamStreamer’ is not a type
   83 |                            ParamStreamer<std::variant<Ts...>> sv)
      |                            ^~~~~~~~~~~~~
/usr/include/sdformat-9.10/sdf/Param.hh:83:41: error: expected ‘,’ or ‘...’ before ‘<’ token
   83 |                            ParamStreamer<std::variant<Ts...>> sv)
      |                                         ^
/usr/include/sdformat-9.10/sdf/Param.hh: In function ‘std::ostream& sdf::v9::operator<<(std::ostream&, int)’:
/usr/include/sdformat-9.10/sdf/Param.hh:85:10: error: ‘visit’ is not a member of ‘std’
   85 |     std::visit([&os](auto const &v)
      |          ^~~~~
/usr/include/sdformat-9.10/sdf/Param.hh:85:10: note: ‘std::visit’ is only available from C++17 onwards
/usr/include/sdformat-9.10/sdf/Param.hh:85:22: error: use of ‘auto’ in lambda parameter declaration only available with ‘-std=c++14’ or ‘-std=gnu++14’
   85 |     std::visit([&os](auto const &v)
      |                      ^~~~
/usr/include/sdformat-9.10/sdf/Param.hh: In lambda function:
/usr/include/sdformat-9.10/sdf/Param.hh:87:28: error: missing template arguments before ‘{’ token
   87 |         os << ParamStreamer{v};
      |                            ^
/usr/include/sdformat-9.10/sdf/Param.hh: In function ‘std::ostream& sdf::v9::operator<<(std::ostream&, int)’:
/usr/include/sdformat-9.10/sdf/Param.hh:88:10: error: ‘sv’ was not declared in this scope
   88 |       }, sv.val);
      |          ^~
/usr/include/sdformat-9.10/sdf/Param.hh: At global scope:
/usr/include/sdformat-9.10/sdf/Param.hh:173:30: error: ‘std::any’ has not been declared
  173 |     public: bool GetAny(std::any &_anyVal) const;
      |                              ^~~
/usr/include/sdformat-9.10/sdf/Param.hh:243:32: error: ‘any’ is not a member of ‘std’
  243 |     public: std::function<std::any ()> updateFunc;
      |                                ^~~
/usr/include/sdformat-9.10/sdf/Param.hh:243:32: note: ‘std::any’ is only available from C++17 onwards
/usr/include/sdformat-9.10/sdf/Param.hh:243:32: error: ‘any’ is not a member of ‘std’
/usr/include/sdformat-9.10/sdf/Param.hh:243:32: note: ‘std::any’ is only available from C++17 onwards
/usr/include/sdformat-9.10/sdf/Param.hh:243:38: error: template argument 1 is invalid
  243 |     public: std::function<std::any ()> updateFunc;
      |                                      ^
/usr/include/sdformat-9.10/sdf/Param.hh:249:26: error: ‘variant’ in namespace ‘std’ does not name a template type
  249 |     public: typedef std::variant<bool, char, std::string, int, std::uint64_t,
      |                          ^~~~~~~
/usr/include/sdformat-9.10/sdf/Param.hh:249:21: note: ‘std::variant’ is only available from C++17 onwards
  249 |     public: typedef std::variant<bool, char, std::string, int, std::uint64_t,
      |                     ^~~
/usr/include/sdformat-9.10/sdf/Param.hh:260:13: error: ‘ParamVariant’ does not name a type
  260 |     public: ParamVariant value;
      |             ^~~~~~~~~~~~
/usr/include/sdformat-9.10/sdf/Param.hh:263:13: error: ‘ParamVariant’ does not name a type
  263 |     public: ParamVariant defaultValue;
      |             ^~~~~~~~~~~~
/usr/include/sdformat-9.10/sdf/Param.hh:273:37: error: ‘ParamVariant’ has not been declared
  273 |                                     ParamVariant &_valueToSet) const;
      |                                     ^~~~~~~~~~~~
/usr/include/sdformat-9.10/sdf/Param.hh: In member function ‘std::string sdf::v9::ParamPrivate::TypeToString() const’:
/usr/include/sdformat-9.10/sdf/Param.hh:286:24: error: ‘is_same_v’ is not a member of ‘std’; did you mean ‘is_same’?
  286 |     if constexpr (std::is_same_v<T, bool>)
      |                        ^~~~~~~~~
      |                        is_same
/usr/include/sdformat-9.10/sdf/Param.hh:286:35: error: expected primary-expression before ‘,’ token
  286 |     if constexpr (std::is_same_v<T, bool>)
      |                                   ^
/usr/include/sdformat-9.10/sdf/Param.hh:286:37: error: expected primary-expression before ‘bool’
  286 |     if constexpr (std::is_same_v<T, bool>)
      |                                     ^~~~
/usr/include/sdformat-9.10/sdf/Param.hh:286:36: error: expected ‘)’ before ‘bool’
  286 |     if constexpr (std::is_same_v<T, bool>)
      |                  ~                 ^~~~~
      |                                    )
/usr/include/sdformat-9.10/sdf/Param.hh:288:29: error: ‘is_same_v’ is not a member of ‘std’; did you mean ‘is_same’?
  288 |     else if constexpr (std::is_same_v<T, char>)
      |                             ^~~~~~~~~
      |                             is_same
/usr/include/sdformat-9.10/sdf/Param.hh:288:40: error: expected primary-expression before ‘,’ token
  288 |     else if constexpr (std::is_same_v<T, char>)
      |                                        ^
/usr/include/sdformat-9.10/sdf/Param.hh:288:42: error: expected primary-expression before ‘char’
  288 |     else if constexpr (std::is_same_v<T, char>)
      |                                          ^~~~
/usr/include/sdformat-9.10/sdf/Param.hh:288:41: error: expected ‘)’ before ‘char’
  288 |     else if constexpr (std::is_same_v<T, char>)
      |                       ~                 ^~~~~
      |                                         )
/usr/include/sdformat-9.10/sdf/Param.hh:290:29: error: ‘is_same_v’ is not a member of ‘std’; did you mean ‘is_same’?
  290 |     else if constexpr (std::is_same_v<T, std::string>)
      |                             ^~~~~~~~~
      |                             is_same
/usr/include/sdformat-9.10/sdf/Param.hh:290:40: error: expected primary-expression before ‘,’ token
  290 |     else if constexpr (std::is_same_v<T, std::string>)
      |                                        ^
/usr/include/sdformat-9.10/sdf/Param.hh:290:53: error: expected primary-expression before ‘>’ token
  290 |     else if constexpr (std::is_same_v<T, std::string>)
      |                                                     ^
/usr/include/sdformat-9.10/sdf/Param.hh:290:54: error: expected primary-expression before ‘)’ token
  290 |     else if constexpr (std::is_same_v<T, std::string>)
      |                                                      ^
/usr/include/sdformat-9.10/sdf/Param.hh:292:29: error: ‘is_same_v’ is not a member of ‘std’; did you mean ‘is_same’?
  292 |     else if constexpr (std::is_same_v<T, int>)
      |                             ^~~~~~~~~
      |                             is_same
/usr/include/sdformat-9.10/sdf/Param.hh:292:40: error: expected primary-expression before ‘,’ token
  292 |     else if constexpr (std::is_same_v<T, int>)
      |                                        ^
/usr/include/sdformat-9.10/sdf/Param.hh:292:42: error: expected primary-expression before ‘int’
  292 |     else if constexpr (std::is_same_v<T, int>)
      |                                          ^~~
/usr/include/sdformat-9.10/sdf/Param.hh:292:41: error: expected ‘)’ before ‘int’
  292 |     else if constexpr (std::is_same_v<T, int>)
      |                       ~                 ^~~~
      |                                         )
/usr/include/sdformat-9.10/sdf/Param.hh:294:29: error: ‘is_same_v’ is not a member of ‘std’; did you mean ‘is_same’?
  294 |     else if constexpr (std::is_same_v<T, std::uint64_t>)
      |                             ^~~~~~~~~
      |                             is_same
/usr/include/sdformat-9.10/sdf/Param.hh:294:40: error: expected primary-expression before ‘,’ token
  294 |     else if constexpr (std::is_same_v<T, std::uint64_t>)
      |                                        ^
/usr/include/sdformat-9.10/sdf/Param.hh:294:55: error: expected primary-expression before ‘>’ token
  294 |     else if constexpr (std::is_same_v<T, std::uint64_t>)
      |                                                       ^
/usr/include/sdformat-9.10/sdf/Param.hh:294:56: error: expected primary-expression before ‘)’ token
  294 |     else if constexpr (std::is_same_v<T, std::uint64_t>)
      |                                                        ^
/usr/include/sdformat-9.10/sdf/Param.hh:296:29: error: ‘is_same_v’ is not a member of ‘std’; did you mean ‘is_same’?
  296 |     else if constexpr (std::is_same_v<T, unsigned int>)
      |                             ^~~~~~~~~
      |                             is_same
/usr/include/sdformat-9.10/sdf/Param.hh:296:40: error: expected primary-expression before ‘,’ token
  296 |     else if constexpr (std::is_same_v<T, unsigned int>)
      |                                        ^
/usr/include/sdformat-9.10/sdf/Param.hh:296:42: error: expected primary-expression before ‘unsigned’
  296 |     else if constexpr (std::is_same_v<T, unsigned int>)
      |                                          ^~~~~~~~
/usr/include/sdformat-9.10/sdf/Param.hh:296:41: error: expected ‘)’ before ‘unsigned’
  296 |     else if constexpr (std::is_same_v<T, unsigned int>)
      |                       ~                 ^~~~~~~~~
      |                                         )
/usr/include/sdformat-9.10/sdf/Param.hh:298:29: error: ‘is_same_v’ is not a member of ‘std’; did you mean ‘is_same’?
  298 |     else if constexpr (std::is_same_v<T, double>)
      |                             ^~~~~~~~~
      |                             is_same
/usr/include/sdformat-9.10/sdf/Param.hh:298:40: error: expected primary-expression before ‘,’ token
  298 |     else if constexpr (std::is_same_v<T, double>)
      |                                        ^
/usr/include/sdformat-9.10/sdf/Param.hh:298:42: error: expected primary-expression before ‘double’
  298 |     else if constexpr (std::is_same_v<T, double>)
      |                                          ^~~~~~
/usr/include/sdformat-9.10/sdf/Param.hh:298:41: error: expected ‘)’ before ‘double’
  298 |     else if constexpr (std::is_same_v<T, double>)
      |                       ~                 ^~~~~~~
      |                                         )
/usr/include/sdformat-9.10/sdf/Param.hh:300:29: error: ‘is_same_v’ is not a member of ‘std’; did you mean ‘is_same’?
  300 |     else if constexpr (std::is_same_v<T, float>)
      |                             ^~~~~~~~~
      |                             is_same
/usr/include/sdformat-9.10/sdf/Param.hh:300:40: error: expected primary-expression before ‘,’ token
  300 |     else if constexpr (std::is_same_v<T, float>)
      |                                        ^
/usr/include/sdformat-9.10/sdf/Param.hh:300:42: error: expected primary-expression before ‘float’
  300 |     else if constexpr (std::is_same_v<T, float>)
      |                                          ^~~~~
/usr/include/sdformat-9.10/sdf/Param.hh:300:41: error: expected ‘)’ before ‘float’
  300 |     else if constexpr (std::is_same_v<T, float>)
      |                       ~                 ^~~~~~
      |                                         )
/usr/include/sdformat-9.10/sdf/Param.hh:302:29: error: ‘is_same_v’ is not a member of ‘std’; did you mean ‘is_same’?
  302 |     else if constexpr (std::is_same_v<T, sdf::Time>)
      |                             ^~~~~~~~~
      |                             is_same
/usr/include/sdformat-9.10/sdf/Param.hh:302:40: error: expected primary-expression before ‘,’ token
  302 |     else if constexpr (std::is_same_v<T, sdf::Time>)
      |                                        ^
/usr/include/sdformat-9.10/sdf/Param.hh:302:51: error: expected primary-expression before ‘>’ token
  302 |     else if constexpr (std::is_same_v<T, sdf::Time>)
      |                                                   ^
/usr/include/sdformat-9.10/sdf/Param.hh:302:52: error: expected primary-expression before ‘)’ token
  302 |     else if constexpr (std::is_same_v<T, sdf::Time>)
      |                                                    ^
/usr/include/sdformat-9.10/sdf/Param.hh:304:29: error: ‘is_same_v’ is not a member of ‘std’; did you mean ‘is_same’?
  304 |     else if constexpr (std::is_same_v<T, gz::math::Angle>)
      |                             ^~~~~~~~~
      |                             is_same
/usr/include/sdformat-9.10/sdf/Param.hh:304:40: error: expected primary-expression before ‘,’ token
  304 |     else if constexpr (std::is_same_v<T, gz::math::Angle>)
      |                                        ^
/usr/include/sdformat-9.10/sdf/Param.hh:304:57: error: expected primary-expression before ‘>’ token
  304 |     else if constexpr (std::is_same_v<T, gz::math::Angle>)
      |                                                         ^
/usr/include/sdformat-9.10/sdf/Param.hh:304:58: error: expected primary-expression before ‘)’ token
  304 |     else if constexpr (std::is_same_v<T, gz::math::Angle>)
      |                                                          ^
/usr/include/sdformat-9.10/sdf/Param.hh:306:29: error: ‘is_same_v’ is not a member of ‘std’; did you mean ‘is_same’?
  306 |     else if constexpr (std::is_same_v<T, gz::math::Color>)
      |                             ^~~~~~~~~
      |                             is_same
/usr/include/sdformat-9.10/sdf/Param.hh:306:40: error: expected primary-expression before ‘,’ token
  306 |     else if constexpr (std::is_same_v<T, gz::math::Color>)
      |                                        ^
/usr/include/sdformat-9.10/sdf/Param.hh:306:57: error: expected primary-expression before ‘>’ token
  306 |     else if constexpr (std::is_same_v<T, gz::math::Color>)
      |                                                         ^
/usr/include/sdformat-9.10/sdf/Param.hh:306:58: error: expected primary-expression before ‘)’ token
  306 |     else if constexpr (std::is_same_v<T, gz::math::Color>)
      |                                                          ^
/usr/include/sdformat-9.10/sdf/Param.hh:308:29: error: ‘is_same_v’ is not a member of ‘std’; did you mean ‘is_same’?
  308 |     else if constexpr (std::is_same_v<T, gz::math::Vector2i>)
      |                             ^~~~~~~~~
      |                             is_same
/usr/include/sdformat-9.10/sdf/Param.hh:308:40: error: expected primary-expression before ‘,’ token
  308 |     else if constexpr (std::is_same_v<T, gz::math::Vector2i>)
      |                                        ^
/usr/include/sdformat-9.10/sdf/Param.hh:308:60: error: expected primary-expression before ‘>’ token
  308 |     else if constexpr (std::is_same_v<T, gz::math::Vector2i>)
      |                                                            ^
/usr/include/sdformat-9.10/sdf/Param.hh:308:61: error: expected primary-expression before ‘)’ token
  308 |     else if constexpr (std::is_same_v<T, gz::math::Vector2i>)
      |                                                             ^
/usr/include/sdformat-9.10/sdf/Param.hh:310:29: error: ‘is_same_v’ is not a member of ‘std’; did you mean ‘is_same’?
  310 |     else if constexpr (std::is_same_v<T, gz::math::Vector2d>)
      |                             ^~~~~~~~~
      |                             is_same
/usr/include/sdformat-9.10/sdf/Param.hh:310:40: error: expected primary-expression before ‘,’ token
  310 |     else if constexpr (std::is_same_v<T, gz::math::Vector2d>)
      |                                        ^
/usr/include/sdformat-9.10/sdf/Param.hh:310:60: error: expected primary-expression before ‘>’ token
  310 |     else if constexpr (std::is_same_v<T, gz::math::Vector2d>)
      |                                                            ^
/usr/include/sdformat-9.10/sdf/Param.hh:310:61: error: expected primary-expression before ‘)’ token
  310 |     else if constexpr (std::is_same_v<T, gz::math::Vector2d>)
      |                                                             ^
/usr/include/sdformat-9.10/sdf/Param.hh:312:29: error: ‘is_same_v’ is not a member of ‘std’; did you mean ‘is_same’?
  312 |     else if constexpr (std::is_same_v<T, gz::math::Vector3d>)
      |                             ^~~~~~~~~
      |                             is_same
/usr/include/sdformat-9.10/sdf/Param.hh:312:40: error: expected primary-expression before ‘,’ token
  312 |     else if constexpr (std::is_same_v<T, gz::math::Vector3d>)
      |                                        ^
/usr/include/sdformat-9.10/sdf/Param.hh:312:60: error: expected primary-expression before ‘>’ token
  312 |     else if constexpr (std::is_same_v<T, gz::math::Vector3d>)
      |                                                            ^
/usr/include/sdformat-9.10/sdf/Param.hh:312:61: error: expected primary-expression before ‘)’ token
  312 |     else if constexpr (std::is_same_v<T, gz::math::Vector3d>)
      |                                                             ^
/usr/include/sdformat-9.10/sdf/Param.hh:314:29: error: ‘is_same_v’ is not a member of ‘std’; did you mean ‘is_same’?
  314 |     else if constexpr (std::is_same_v<T, gz::math::Quaterniond>)
      |                             ^~~~~~~~~
      |                             is_same
/usr/include/sdformat-9.10/sdf/Param.hh:314:40: error: expected primary-expression before ‘,’ token
  314 |     else if constexpr (std::is_same_v<T, gz::math::Quaterniond>)
      |                                        ^
/usr/include/sdformat-9.10/sdf/Param.hh:314:63: error: expected primary-expression before ‘>’ token
  314 |     else if constexpr (std::is_same_v<T, gz::math::Quaterniond>)
      |                                                               ^
/usr/include/sdformat-9.10/sdf/Param.hh:314:64: error: expected primary-expression before ‘)’ token
  314 |     else if constexpr (std::is_same_v<T, gz::math::Quaterniond>)
      |                                                                ^
/usr/include/sdformat-9.10/sdf/Param.hh:316:29: error: ‘is_same_v’ is not a member of ‘std’; did you mean ‘is_same’?
  316 |     else if constexpr (std::is_same_v<T, gz::math::Pose3d>)
      |                             ^~~~~~~~~
      |                             is_same
/usr/include/sdformat-9.10/sdf/Param.hh:316:40: error: expected primary-expression before ‘,’ token
  316 |     else if constexpr (std::is_same_v<T, gz::math::Pose3d>)
      |                                        ^
/usr/include/sdformat-9.10/sdf/Param.hh:316:58: error: expected primary-expression before ‘>’ token
  316 |     else if constexpr (std::is_same_v<T, gz::math::Pose3d>)
      |                                                          ^
/usr/include/sdformat-9.10/sdf/Param.hh:316:59: error: expected primary-expression before ‘)’ token
  316 |     else if constexpr (std::is_same_v<T, gz::math::Pose3d>)
      |                                                           ^
/usr/include/sdformat-9.10/sdf/Param.hh: In member function ‘bool sdf::v9::Param::Get(T&) const’:
/usr/include/sdformat-9.10/sdf/Param.hh:353:21: error: ‘get_if’ is not a member of ‘std’; did you mean ‘get_time’?
  353 |     T *value = std::get_if<T>(&this->dataPtr->value);
      |                     ^~~~~~
      |                     get_time
/usr/include/sdformat-9.10/sdf/Param.hh:353:29: error: expected primary-expression before ‘>’ token
  353 |     T *value = std::get_if<T>(&this->dataPtr->value);
      |                             ^
/usr/include/sdformat-9.10/sdf/Param.hh:353:47: error: ‘class sdf::v9::ParamPrivate’ has no member named ‘value’
  353 |     T *value = std::get_if<T>(&this->dataPtr->value);
      |                                               ^~~~~
/usr/include/sdformat-9.10/sdf/Param.hh:368:21: error: ‘ParamVariant’ is not a member of ‘sdf::v9::ParamPrivate’
  368 |       ParamPrivate::ParamVariant pv;
      |                     ^~~~~~~~~~~~
/usr/include/sdformat-9.10/sdf/Param.hh:369:76: error: ‘pv’ was not declared in this scope
  369 |       bool success = this->dataPtr->ValueFromStringImpl(typeStr, valueStr, pv);
      |                                                                            ^~
[ 85%] Linking CXX executable /home/robot/arena_ws/devel/lib/cob_base_controller_utils/cob_spin_detector
/usr/include/sdformat-9.10/sdf/Param.hh: In member function ‘bool sdf::v9::Param::GetDefault(T&) const’:
/usr/include/sdformat-9.10/sdf/Param.hh:406:26: error: missing template arguments before ‘{’ token
  406 |       ss << ParamStreamer{this->dataPtr->defaultValue};
      |                          ^
/usr/include/sdformat-9.10/sdf/Param.hh: In member function ‘bool sdf::v9::Param::IsType() const’:
/usr/include/sdformat-9.10/sdf/Param.hh:426:17: error: ‘holds_alternative’ is not a member of ‘std’
  426 |     return std::holds_alternative<Type>(this->dataPtr->value);
      |                 ^~~~~~~~~~~~~~~~~
/usr/include/sdformat-9.10/sdf/Param.hh:426:39: error: expected primary-expression before ‘>’ token
  426 |     return std::holds_alternative<Type>(this->dataPtr->value);
      |                                       ^
/usr/include/sdformat-9.10/sdf/Param.hh:426:56: error: ‘class sdf::v9::ParamPrivate’ has no member named ‘value’
  426 |     return std::holds_alternative<Type>(this->dataPtr->value);
      |                                                        ^~~~~
In file included from /usr/include/sdformat-9.10/sdf/Actor.hh:25,
                 from /usr/include/sdformat-9.10/sdf/sdf.hh:2,
                 from /usr/include/gazebo-11/gazebo/common/Plugin.hh:33,
                 from /home/robot/arena_ws/src/forks/pedsim_ros/pedsim_gazebo_plugin/src/ActorPlugin.cpp:1:
/usr/include/sdformat-9.10/sdf/Element.hh: At global scope:
/usr/include/sdformat-9.10/sdf/Element.hh:279:18: error: ‘any’ in namespace ‘std’ does not name a type
  279 |     public: std::any GetAny(const std::string &_key = "") const;
      |                  ^~~
/usr/include/sdformat-9.10/sdf/Element.hh:279:13: note: ‘std::any’ is only available from C++17 onwards
  279 |     public: std::any GetAny(const std::string &_key = "") const;
      |             ^~~
In file included from /usr/include/ignition/math6/gz/math/Box.hh:23,
                 from /usr/include/ignition/math6/gz/math.hh:30,
                 from /usr/include/sdformat-9.10/sdf/Param.hh:33,
                 from /usr/include/sdformat-9.10/sdf/Element.hh:28,
                 from /usr/include/sdformat-9.10/sdf/Actor.hh:25,
                 from /usr/include/sdformat-9.10/sdf/sdf.hh:2,
                 from /usr/include/gazebo-11/gazebo/physics/State.hh:26,
                 from /usr/include/gazebo-11/gazebo/physics/ModelState.hh:28,
                 from /usr/include/gazebo-11/gazebo/physics/Model.hh:29,
                 from /usr/include/gazebo-11/gazebo/physics/Actor.hh:30,
                 from /home/robot/arena_ws/src/forks/pedsim_ros/pedsim_gazebo_plugin/src/ActorCollisionsPlugin.cc:20:
/usr/include/ignition/math6/gz/math/Plane.hh: At global scope:
/usr/include/ignition/math6/gz/math/Plane.hh:133:20: error: ‘optional’ in namespace ‘std’ does not name a template type
  133 |       public: std::optional<Vector3<T>> Intersection(
      |                    ^~~~~~~~
/usr/include/ignition/math6/gz/math/Plane.hh:133:15: note: ‘std::optional’ is only available from C++17 onwards
  133 |       public: std::optional<Vector3<T>> Intersection(
      |               ^~~
In file included from /usr/include/ignition/math6/gz/math.hh:30,
                 from /usr/include/sdformat-9.10/sdf/Param.hh:33,
                 from /usr/include/sdformat-9.10/sdf/Element.hh:28,
                 from /usr/include/sdformat-9.10/sdf/Actor.hh:25,
                 from /usr/include/sdformat-9.10/sdf/sdf.hh:2,
                 from /usr/include/gazebo-11/gazebo/physics/State.hh:26,
                 from /usr/include/gazebo-11/gazebo/physics/ModelState.hh:28,
                 from /usr/include/gazebo-11/gazebo/physics/Model.hh:29,
                 from /usr/include/gazebo-11/gazebo/physics/Actor.hh:30,
                 from /home/robot/arena_ws/src/forks/pedsim_ros/pedsim_gazebo_plugin/src/ActorCollisionsPlugin.cc:20:
/usr/include/ignition/math6/gz/math/Box.hh:151:20: error: ‘optional’ in namespace ‘std’ does not name a template type
  151 |       public: std::optional<Vector3<Precision>>
      |                    ^~~~~~~~
/usr/include/ignition/math6/gz/math/Box.hh:151:15: note: ‘std::optional’ is only available from C++17 onwards
  151 |       public: std::optional<Vector3<Precision>>
      |               ^~~
In file included from /usr/include/ignition/math6/gz/math/Box.hh:224,
                 from /usr/include/ignition/math6/gz/math.hh:30,
                 from /usr/include/sdformat-9.10/sdf/Param.hh:33,
                 from /usr/include/sdformat-9.10/sdf/Element.hh:28,
                 from /usr/include/sdformat-9.10/sdf/Actor.hh:25,
                 from /usr/include/sdformat-9.10/sdf/sdf.hh:2,
                 from /usr/include/gazebo-11/gazebo/physics/State.hh:26,
                 from /usr/include/gazebo-11/gazebo/physics/ModelState.hh:28,
                 from /usr/include/gazebo-11/gazebo/physics/Model.hh:29,
                 from /usr/include/gazebo-11/gazebo/physics/Actor.hh:30,
                 from /home/robot/arena_ws/src/forks/pedsim_ros/pedsim_gazebo_plugin/src/ActorCollisionsPlugin.cc:20:
/usr/include/ignition/math6/gz/math/detail/Box.hh:237:6: error: ‘optional’ in namespace ‘std’ does not name a template type
  237 | std::optional<Vector3<T>>
      |      ^~~~~~~~
/usr/include/ignition/math6/gz/math/detail/Box.hh:237:1: note: ‘std::optional’ is only available from C++17 onwards
  237 | std::optional<Vector3<T>>
      | ^~~
In file included from /usr/include/ignition/math6/gz/math.hh:31,
                 from /usr/include/sdformat-9.10/sdf/Param.hh:33,
                 from /usr/include/sdformat-9.10/sdf/Element.hh:28,
                 from /usr/include/sdformat-9.10/sdf/Actor.hh:25,
                 from /usr/include/sdformat-9.10/sdf/sdf.hh:2,
                 from /usr/include/gazebo-11/gazebo/physics/State.hh:26,
                 from /usr/include/gazebo-11/gazebo/physics/ModelState.hh:28,
                 from /usr/include/gazebo-11/gazebo/physics/Model.hh:29,
                 from /usr/include/gazebo-11/gazebo/physics/Actor.hh:30,
                 from /home/robot/arena_ws/src/forks/pedsim_ros/pedsim_gazebo_plugin/src/ActorCollisionsPlugin.cc:20:
/usr/include/ignition/math6/gz/math/Capsule.hh:91:20: error: ‘optional’ in namespace ‘std’ does not name a template type
   91 |       public: std::optional< MassMatrix3<Precision> > MassMatrix() const;
      |                    ^~~~~~~~
/usr/include/ignition/math6/gz/math/Capsule.hh:91:15: note: ‘std::optional’ is only available from C++17 onwards
   91 |       public: std::optional< MassMatrix3<Precision> > MassMatrix() const;
      |               ^~~
In file included from /usr/include/ignition/math6/gz/math/Capsule.hh:149,
                 from /usr/include/ignition/math6/gz/math.hh:31,
                 from /usr/include/sdformat-9.10/sdf/Param.hh:33,
                 from /usr/include/sdformat-9.10/sdf/Element.hh:28,
                 from /usr/include/sdformat-9.10/sdf/Actor.hh:25,
                 from /usr/include/sdformat-9.10/sdf/sdf.hh:2,
                 from /usr/include/gazebo-11/gazebo/physics/State.hh:26,
                 from /usr/include/gazebo-11/gazebo/physics/ModelState.hh:28,
                 from /usr/include/gazebo-11/gazebo/physics/Model.hh:29,
                 from /usr/include/gazebo-11/gazebo/physics/Actor.hh:30,
                 from /home/robot/arena_ws/src/forks/pedsim_ros/pedsim_gazebo_plugin/src/ActorCollisionsPlugin.cc:20:
/usr/include/ignition/math6/gz/math/detail/Capsule.hh:100:6: error: ‘optional’ in namespace ‘std’ does not name a template type
  100 | std::optional< MassMatrix3<T> > Capsule<T>::MassMatrix() const
      |      ^~~~~~~~
/usr/include/ignition/math6/gz/math/detail/Capsule.hh:100:1: note: ‘std::optional’ is only available from C++17 onwards
  100 | std::optional< MassMatrix3<T> > Capsule<T>::MassMatrix() const
      | ^~~
[ 85%] Linking CXX executable /home/robot/arena_ws/devel/lib/cob_base_controller_utils/cob_stuck_detector
In file included from /usr/include/ignition/math6/gz/math.hh:35,
                 from /usr/include/sdformat-9.10/sdf/Param.hh:33,
                 from /usr/include/sdformat-9.10/sdf/Element.hh:28,
                 from /usr/include/sdformat-9.10/sdf/Actor.hh:25,
                 from /usr/include/sdformat-9.10/sdf/sdf.hh:2,
                 from /usr/include/gazebo-11/gazebo/physics/State.hh:26,
                 from /usr/include/gazebo-11/gazebo/physics/ModelState.hh:28,
                 from /usr/include/gazebo-11/gazebo/physics/Model.hh:29,
                 from /usr/include/gazebo-11/gazebo/physics/Actor.hh:30,
                 from /home/robot/arena_ws/src/forks/pedsim_ros/pedsim_gazebo_plugin/src/ActorCollisionsPlugin.cc:20:
/usr/include/ignition/math6/gz/math/Ellipsoid.hh:77:20: error: ‘optional’ in namespace ‘std’ does not name a template type
   77 |       public: std::optional< MassMatrix3<Precision> > MassMatrix() const;
      |                    ^~~~~~~~
/usr/include/ignition/math6/gz/math/Ellipsoid.hh:77:15: note: ‘std::optional’ is only available from C++17 onwards
   77 |       public: std::optional< MassMatrix3<Precision> > MassMatrix() const;
      |               ^~~
In file included from /usr/include/ignition/math6/gz/math/Ellipsoid.hh:132,
                 from /usr/include/ignition/math6/gz/math.hh:35,
                 from /usr/include/sdformat-9.10/sdf/Param.hh:33,
                 from /usr/include/sdformat-9.10/sdf/Element.hh:28,
                 from /usr/include/sdformat-9.10/sdf/Actor.hh:25,
                 from /usr/include/sdformat-9.10/sdf/sdf.hh:2,
                 from /usr/include/gazebo-11/gazebo/physics/State.hh:26,
                 from /usr/include/gazebo-11/gazebo/physics/ModelState.hh:28,
                 from /usr/include/gazebo-11/gazebo/physics/Model.hh:29,
                 from /usr/include/gazebo-11/gazebo/physics/Actor.hh:30,
                 from /home/robot/arena_ws/src/forks/pedsim_ros/pedsim_gazebo_plugin/src/ActorCollisionsPlugin.cc:20:
/usr/include/ignition/math6/gz/math/detail/Ellipsoid.hh:77:6: error: ‘optional’ in namespace ‘std’ does not name a template type
   77 | std::optional< MassMatrix3<T> > Ellipsoid<T>::MassMatrix() const
      |      ^~~~~~~~
/usr/include/ignition/math6/gz/math/detail/Ellipsoid.hh:77:1: note: ‘std::optional’ is only available from C++17 onwards
   77 | std::optional< MassMatrix3<T> > Ellipsoid<T>::MassMatrix() const
      | ^~~
[ 85%] Built target cob_spin_detector
In file included from /usr/include/ignition/math6/gz/math.hh:67,
                 from /usr/include/sdformat-9.10/sdf/Param.hh:33,
                 from /usr/include/sdformat-9.10/sdf/Element.hh:28,
                 from /usr/include/sdformat-9.10/sdf/Actor.hh:25,
                 from /usr/include/sdformat-9.10/sdf/sdf.hh:2,
                 from /usr/include/gazebo-11/gazebo/physics/State.hh:26,
                 from /usr/include/gazebo-11/gazebo/physics/ModelState.hh:28,
                 from /usr/include/gazebo-11/gazebo/physics/Model.hh:29,
                 from /usr/include/gazebo-11/gazebo/physics/Actor.hh:30,
                 from /home/robot/arena_ws/src/forks/pedsim_ros/pedsim_gazebo_plugin/src/ActorCollisionsPlugin.cc:20:
/usr/include/ignition/math6/gz/math/Sphere.hh:109:20: error: ‘optional’ in namespace ‘std’ does not name a template type
  109 |       public: std::optional<Vector3<Precision>>
      |                    ^~~~~~~~
/usr/include/ignition/math6/gz/math/Sphere.hh:109:15: note: ‘std::optional’ is only available from C++17 onwards
  109 |       public: std::optional<Vector3<Precision>>
      |               ^~~
In file included from /usr/include/ignition/math6/gz/math/Sphere.hh:157,
                 from /usr/include/ignition/math6/gz/math.hh:67,
                 from /usr/include/sdformat-9.10/sdf/Param.hh:33,
                 from /usr/include/sdformat-9.10/sdf/Element.hh:28,
                 from /usr/include/sdformat-9.10/sdf/Actor.hh:25,
                 from /usr/include/sdformat-9.10/sdf/sdf.hh:2,
                 from /usr/include/gazebo-11/gazebo/physics/State.hh:26,
                 from /usr/include/gazebo-11/gazebo/physics/ModelState.hh:28,
                 from /usr/include/gazebo-11/gazebo/physics/Model.hh:29,
                 from /usr/include/gazebo-11/gazebo/physics/Actor.hh:30,
                 from /home/robot/arena_ws/src/forks/pedsim_ros/pedsim_gazebo_plugin/src/ActorCollisionsPlugin.cc:20:
/usr/include/ignition/math6/gz/math/detail/Sphere.hh:123:6: error: ‘optional’ in namespace ‘std’ does not name a template type
  123 | std::optional<Vector3<T>>
      |      ^~~~~~~~
/usr/include/ignition/math6/gz/math/detail/Sphere.hh:123:1: note: ‘std::optional’ is only available from C++17 onwards
  123 | std::optional<Vector3<T>>
      | ^~~
[ 85%] Building CXX object forks/pedsim_ros/pedsim_sensors/CMakeFiles/pedsim_people_sensor.dir/src/pedsim_sensors/people_point_cloud.cpp.o
In file included from /usr/include/sdformat-9.10/sdf/Element.hh:28,
                 from /usr/include/sdformat-9.10/sdf/Actor.hh:25,
                 from /usr/include/sdformat-9.10/sdf/sdf.hh:2,
                 from /usr/include/gazebo-11/gazebo/physics/State.hh:26,
                 from /usr/include/gazebo-11/gazebo/physics/ModelState.hh:28,
                 from /usr/include/gazebo-11/gazebo/physics/Model.hh:29,
                 from /usr/include/gazebo-11/gazebo/physics/Actor.hh:30,
                 from /home/robot/arena_ws/src/forks/pedsim_ros/pedsim_gazebo_plugin/src/ActorCollisionsPlugin.cc:20:
/usr/include/sdformat-9.10/sdf/Param.hh:72:57: error: expected constructor, destructor, or type conversion before ‘;’ token
   72 |   template<class T> ParamStreamer(T) -> ParamStreamer<T>;
      |                                                         ^
/usr/include/sdformat-9.10/sdf/Param.hh:83:47: error: ‘variant’ is not a member of ‘std’
   83 |                            ParamStreamer<std::variant<Ts...>> sv)
      |                                               ^~~~~~~
/usr/include/sdformat-9.10/sdf/Param.hh:83:47: note: ‘std::variant’ is only available from C++17 onwards
/usr/include/sdformat-9.10/sdf/Param.hh:83:47: error: ‘variant’ is not a member of ‘std’
/usr/include/sdformat-9.10/sdf/Param.hh:83:47: note: ‘std::variant’ is only available from C++17 onwards
/usr/include/sdformat-9.10/sdf/Param.hh:83:57: error: expected parameter pack before ‘...’
   83 |                            ParamStreamer<std::variant<Ts...>> sv)
      |                                                         ^~~
/usr/include/sdformat-9.10/sdf/Param.hh:83:57: error: template argument 1 is invalid
/usr/include/sdformat-9.10/sdf/Param.hh:83:47: error: ‘variant’ is not a member of ‘std’
   83 |                            ParamStreamer<std::variant<Ts...>> sv)
      |                                               ^~~~~~~
/usr/include/sdformat-9.10/sdf/Param.hh:83:47: note: ‘std::variant’ is only available from C++17 onwards
/usr/include/sdformat-9.10/sdf/Param.hh:83:47: error: ‘variant’ is not a member of ‘std’
/usr/include/sdformat-9.10/sdf/Param.hh:83:47: note: ‘std::variant’ is only available from C++17 onwards
/usr/include/sdformat-9.10/sdf/Param.hh:83:57: error: expected parameter pack before ‘...’
   83 |                            ParamStreamer<std::variant<Ts...>> sv)
      |                                                         ^~~
/usr/include/sdformat-9.10/sdf/Param.hh:83:60: error: template argument 1 is invalid
   83 |                            ParamStreamer<std::variant<Ts...>> sv)
      |                                                            ^~
/usr/include/sdformat-9.10/sdf/Param.hh:83:47: error: ‘variant’ is not a member of ‘std’
   83 |                            ParamStreamer<std::variant<Ts...>> sv)
      |                                               ^~~~~~~
/usr/include/sdformat-9.10/sdf/Param.hh:83:47: note: ‘std::variant’ is only available from C++17 onwards
/usr/include/sdformat-9.10/sdf/Param.hh:83:47: error: ‘variant’ is not a member of ‘std’
/usr/include/sdformat-9.10/sdf/Param.hh:83:47: note: ‘std::variant’ is only available from C++17 onwards
/usr/include/sdformat-9.10/sdf/Param.hh:83:57: error: expected parameter pack before ‘...’
   83 |                            ParamStreamer<std::variant<Ts...>> sv)
      |                                                         ^~~
/usr/include/sdformat-9.10/sdf/Param.hh:83:60: error: template argument 1 is invalid
   83 |                            ParamStreamer<std::variant<Ts...>> sv)
      |                                                            ^~
/usr/include/sdformat-9.10/sdf/Param.hh:83:28: error: ‘ParamStreamer’ is not a type
   83 |                            ParamStreamer<std::variant<Ts...>> sv)
      |                            ^~~~~~~~~~~~~
/usr/include/sdformat-9.10/sdf/Param.hh:83:41: error: expected ‘,’ or ‘...’ before ‘<’ token
   83 |                            ParamStreamer<std::variant<Ts...>> sv)
      |                                         ^
/usr/include/sdformat-9.10/sdf/Param.hh: In function ‘std::ostream& sdf::v9::operator<<(std::ostream&, int)’:
/usr/include/sdformat-9.10/sdf/Param.hh:85:10: error: ‘visit’ is not a member of ‘std’
   85 |     std::visit([&os](auto const &v)
      |          ^~~~~
/usr/include/sdformat-9.10/sdf/Param.hh:85:10: note: ‘std::visit’ is only available from C++17 onwards
/usr/include/sdformat-9.10/sdf/Param.hh:85:22: error: use of ‘auto’ in lambda parameter declaration only available with ‘-std=c++14’ or ‘-std=gnu++14’
   85 |     std::visit([&os](auto const &v)
      |                      ^~~~
/usr/include/sdformat-9.10/sdf/Param.hh: In lambda function:
/usr/include/sdformat-9.10/sdf/Param.hh:87:28: error: missing template arguments before ‘{’ token
   87 |         os << ParamStreamer{v};
      |                            ^
/usr/include/sdformat-9.10/sdf/Param.hh: In function ‘std::ostream& sdf::v9::operator<<(std::ostream&, int)’:
/usr/include/sdformat-9.10/sdf/Param.hh:88:10: error: ‘sv’ was not declared in this scope
   88 |       }, sv.val);
      |          ^~
/usr/include/sdformat-9.10/sdf/Param.hh: At global scope:
/usr/include/sdformat-9.10/sdf/Param.hh:173:30: error: ‘std::any’ has not been declared
  173 |     public: bool GetAny(std::any &_anyVal) const;
      |                              ^~~
/usr/include/sdformat-9.10/sdf/Param.hh:243:32: error: ‘any’ is not a member of ‘std’
  243 |     public: std::function<std::any ()> updateFunc;
      |                                ^~~
/usr/include/sdformat-9.10/sdf/Param.hh:243:32: note: ‘std::any’ is only available from C++17 onwards
/usr/include/sdformat-9.10/sdf/Param.hh:243:32: error: ‘any’ is not a member of ‘std’
/usr/include/sdformat-9.10/sdf/Param.hh:243:32: note: ‘std::any’ is only available from C++17 onwards
/usr/include/sdformat-9.10/sdf/Param.hh:243:38: error: template argument 1 is invalid
  243 |     public: std::function<std::any ()> updateFunc;
      |                                      ^
/usr/include/sdformat-9.10/sdf/Param.hh:249:26: error: ‘variant’ in namespace ‘std’ does not name a template type
  249 |     public: typedef std::variant<bool, char, std::string, int, std::uint64_t,
      |                          ^~~~~~~
/usr/include/sdformat-9.10/sdf/Param.hh:249:21: note: ‘std::variant’ is only available from C++17 onwards
  249 |     public: typedef std::variant<bool, char, std::string, int, std::uint64_t,
      |                     ^~~
/usr/include/sdformat-9.10/sdf/Param.hh:260:13: error: ‘ParamVariant’ does not name a type
  260 |     public: ParamVariant value;
      |             ^~~~~~~~~~~~
/usr/include/sdformat-9.10/sdf/Param.hh:263:13: error: ‘ParamVariant’ does not name a type
  263 |     public: ParamVariant defaultValue;
      |             ^~~~~~~~~~~~
/usr/include/sdformat-9.10/sdf/Param.hh:273:37: error: ‘ParamVariant’ has not been declared
  273 |                                     ParamVariant &_valueToSet) const;
      |                                     ^~~~~~~~~~~~
/usr/include/sdformat-9.10/sdf/Param.hh: In member function ‘std::string sdf::v9::ParamPrivate::TypeToString() const’:
/usr/include/sdformat-9.10/sdf/Param.hh:286:24: error: ‘is_same_v’ is not a member of ‘std’; did you mean ‘is_same’?
  286 |     if constexpr (std::is_same_v<T, bool>)
      |                        ^~~~~~~~~
      |                        is_same
/usr/include/sdformat-9.10/sdf/Param.hh:286:35: error: expected primary-expression before ‘,’ token
  286 |     if constexpr (std::is_same_v<T, bool>)
      |                                   ^
/usr/include/sdformat-9.10/sdf/Param.hh:286:37: error: expected primary-expression before ‘bool’
  286 |     if constexpr (std::is_same_v<T, bool>)
      |                                     ^~~~
/usr/include/sdformat-9.10/sdf/Param.hh:286:36: error: expected ‘)’ before ‘bool’
  286 |     if constexpr (std::is_same_v<T, bool>)
      |                  ~                 ^~~~~
      |                                    )
/usr/include/sdformat-9.10/sdf/Param.hh:288:29: error: ‘is_same_v’ is not a member of ‘std’; did you mean ‘is_same’?
  288 |     else if constexpr (std::is_same_v<T, char>)
      |                             ^~~~~~~~~
      |                             is_same
/usr/include/sdformat-9.10/sdf/Param.hh:288:40: error: expected primary-expression before ‘,’ token
  288 |     else if constexpr (std::is_same_v<T, char>)
      |                                        ^
/usr/include/sdformat-9.10/sdf/Param.hh:288:42: error: expected primary-expression before ‘char’
  288 |     else if constexpr (std::is_same_v<T, char>)
      |                                          ^~~~
/usr/include/sdformat-9.10/sdf/Param.hh:288:41: error: expected ‘)’ before ‘char’
  288 |     else if constexpr (std::is_same_v<T, char>)
      |                       ~                 ^~~~~
      |                                         )
/usr/include/sdformat-9.10/sdf/Param.hh:290:29: error: ‘is_same_v’ is not a member of ‘std’; did you mean ‘is_same’?
  290 |     else if constexpr (std::is_same_v<T, std::string>)
      |                             ^~~~~~~~~
      |                             is_same
/usr/include/sdformat-9.10/sdf/Param.hh:290:40: error: expected primary-expression before ‘,’ token
  290 |     else if constexpr (std::is_same_v<T, std::string>)
      |                                        ^
/usr/include/sdformat-9.10/sdf/Param.hh:290:53: error: expected primary-expression before ‘>’ token
  290 |     else if constexpr (std::is_same_v<T, std::string>)
      |                                                     ^
/usr/include/sdformat-9.10/sdf/Param.hh:290:54: error: expected primary-expression before ‘)’ token
  290 |     else if constexpr (std::is_same_v<T, std::string>)
      |                                                      ^
/usr/include/sdformat-9.10/sdf/Param.hh:292:29: error: ‘is_same_v’ is not a member of ‘std’; did you mean ‘is_same’?
  292 |     else if constexpr (std::is_same_v<T, int>)
      |                             ^~~~~~~~~
      |                             is_same
/usr/include/sdformat-9.10/sdf/Param.hh:292:40: error: expected primary-expression before ‘,’ token
  292 |     else if constexpr (std::is_same_v<T, int>)
      |                                        ^
/usr/include/sdformat-9.10/sdf/Param.hh:292:42: error: expected primary-expression before ‘int’
  292 |     else if constexpr (std::is_same_v<T, int>)
      |                                          ^~~
/usr/include/sdformat-9.10/sdf/Param.hh:292:41: error: expected ‘)’ before ‘int’
  292 |     else if constexpr (std::is_same_v<T, int>)
      |                       ~                 ^~~~
      |                                         )
/usr/include/sdformat-9.10/sdf/Param.hh:294:29: error: ‘is_same_v’ is not a member of ‘std’; did you mean ‘is_same’?
  294 |     else if constexpr (std::is_same_v<T, std::uint64_t>)
      |                             ^~~~~~~~~
      |                             is_same
/usr/include/sdformat-9.10/sdf/Param.hh:294:40: error: expected primary-expression before ‘,’ token
  294 |     else if constexpr (std::is_same_v<T, std::uint64_t>)
      |                                        ^
/usr/include/sdformat-9.10/sdf/Param.hh:294:55: error: expected primary-expression before ‘>’ token
  294 |     else if constexpr (std::is_same_v<T, std::uint64_t>)
      |                                                       ^
/usr/include/sdformat-9.10/sdf/Param.hh:294:56: error: expected primary-expression before ‘)’ token
  294 |     else if constexpr (std::is_same_v<T, std::uint64_t>)
      |                                                        ^
/usr/include/sdformat-9.10/sdf/Param.hh:296:29: error: ‘is_same_v’ is not a member of ‘std’; did you mean ‘is_same’?
  296 |     else if constexpr (std::is_same_v<T, unsigned int>)
      |                             ^~~~~~~~~
      |                             is_same
/usr/include/sdformat-9.10/sdf/Param.hh:296:40: error: expected primary-expression before ‘,’ token
  296 |     else if constexpr (std::is_same_v<T, unsigned int>)
      |                                        ^
/usr/include/sdformat-9.10/sdf/Param.hh:296:42: error: expected primary-expression before ‘unsigned’
  296 |     else if constexpr (std::is_same_v<T, unsigned int>)
      |                                          ^~~~~~~~
/usr/include/sdformat-9.10/sdf/Param.hh:296:41: error: expected ‘)’ before ‘unsigned’
  296 |     else if constexpr (std::is_same_v<T, unsigned int>)
      |                       ~                 ^~~~~~~~~
      |                                         )
/usr/include/sdformat-9.10/sdf/Param.hh:298:29: error: ‘is_same_v’ is not a member of ‘std’; did you mean ‘is_same’?
  298 |     else if constexpr (std::is_same_v<T, double>)
      |                             ^~~~~~~~~
      |                             is_same
/usr/include/sdformat-9.10/sdf/Param.hh:298:40: error: expected primary-expression before ‘,’ token
  298 |     else if constexpr (std::is_same_v<T, double>)
      |                                        ^
/usr/include/sdformat-9.10/sdf/Param.hh:298:42: error: expected primary-expression before ‘double’
  298 |     else if constexpr (std::is_same_v<T, double>)
      |                                          ^~~~~~
/usr/include/sdformat-9.10/sdf/Param.hh:298:41: error: expected ‘)’ before ‘double’
  298 |     else if constexpr (std::is_same_v<T, double>)
      |                       ~                 ^~~~~~~
      |                                         )
/usr/include/sdformat-9.10/sdf/Param.hh:300:29: error: ‘is_same_v’ is not a member of ‘std’; did you mean ‘is_same’?
  300 |     else if constexpr (std::is_same_v<T, float>)
      |                             ^~~~~~~~~
      |                             is_same
/usr/include/sdformat-9.10/sdf/Param.hh:300:40: error: expected primary-expression before ‘,’ token
  300 |     else if constexpr (std::is_same_v<T, float>)
      |                                        ^
/usr/include/sdformat-9.10/sdf/Param.hh:300:42: error: expected primary-expression before ‘float’
  300 |     else if constexpr (std::is_same_v<T, float>)
      |                                          ^~~~~
/usr/include/sdformat-9.10/sdf/Param.hh:300:41: error: expected ‘)’ before ‘float’
  300 |     else if constexpr (std::is_same_v<T, float>)
      |                       ~                 ^~~~~~
      |                                         )
/usr/include/sdformat-9.10/sdf/Param.hh:302:29: error: ‘is_same_v’ is not a member of ‘std’; did you mean ‘is_same’?
  302 |     else if constexpr (std::is_same_v<T, sdf::Time>)
      |                             ^~~~~~~~~
      |                             is_same
/usr/include/sdformat-9.10/sdf/Param.hh:302:40: error: expected primary-expression before ‘,’ token
  302 |     else if constexpr (std::is_same_v<T, sdf::Time>)
      |                                        ^
/usr/include/sdformat-9.10/sdf/Param.hh:302:51: error: expected primary-expression before ‘>’ token
  302 |     else if constexpr (std::is_same_v<T, sdf::Time>)
      |                                                   ^
/usr/include/sdformat-9.10/sdf/Param.hh:302:52: error: expected primary-expression before ‘)’ token
  302 |     else if constexpr (std::is_same_v<T, sdf::Time>)
      |                                                    ^
/usr/include/sdformat-9.10/sdf/Param.hh:304:29: error: ‘is_same_v’ is not a member of ‘std’; did you mean ‘is_same’?
  304 |     else if constexpr (std::is_same_v<T, gz::math::Angle>)
      |                             ^~~~~~~~~
      |                             is_same
/usr/include/sdformat-9.10/sdf/Param.hh:304:40: error: expected primary-expression before ‘,’ token
  304 |     else if constexpr (std::is_same_v<T, gz::math::Angle>)
      |                                        ^
/usr/include/sdformat-9.10/sdf/Param.hh:304:57: error: expected primary-expression before ‘>’ token
  304 |     else if constexpr (std::is_same_v<T, gz::math::Angle>)
      |                                                         ^
/usr/include/sdformat-9.10/sdf/Param.hh:304:58: error: expected primary-expression before ‘)’ token
  304 |     else if constexpr (std::is_same_v<T, gz::math::Angle>)
      |                                                          ^
/usr/include/sdformat-9.10/sdf/Param.hh:306:29: error: ‘is_same_v’ is not a member of ‘std’; did you mean ‘is_same’?
  306 |     else if constexpr (std::is_same_v<T, gz::math::Color>)
      |                             ^~~~~~~~~
      |                             is_same
/usr/include/sdformat-9.10/sdf/Param.hh:306:40: error: expected primary-expression before ‘,’ token
  306 |     else if constexpr (std::is_same_v<T, gz::math::Color>)
      |                                        ^
/usr/include/sdformat-9.10/sdf/Param.hh:306:57: error: expected primary-expression before ‘>’ token
  306 |     else if constexpr (std::is_same_v<T, gz::math::Color>)
      |                                                         ^
/usr/include/sdformat-9.10/sdf/Param.hh:306:58: error: expected primary-expression before ‘)’ token
  306 |     else if constexpr (std::is_same_v<T, gz::math::Color>)
      |                                                          ^
/usr/include/sdformat-9.10/sdf/Param.hh:308:29: error: ‘is_same_v’ is not a member of ‘std’; did you mean ‘is_same’?
  308 |     else if constexpr (std::is_same_v<T, gz::math::Vector2i>)
      |                             ^~~~~~~~~
      |                             is_same
/usr/include/sdformat-9.10/sdf/Param.hh:308:40: error: expected primary-expression before ‘,’ token
  308 |     else if constexpr (std::is_same_v<T, gz::math::Vector2i>)
      |                                        ^
/usr/include/sdformat-9.10/sdf/Param.hh:308:60: error: expected primary-expression before ‘>’ token
  308 |     else if constexpr (std::is_same_v<T, gz::math::Vector2i>)
      |                                                            ^
/usr/include/sdformat-9.10/sdf/Param.hh:308:61: error: expected primary-expression before ‘)’ token
  308 |     else if constexpr (std::is_same_v<T, gz::math::Vector2i>)
      |                                                             ^
/usr/include/sdformat-9.10/sdf/Param.hh:310:29: error: ‘is_same_v’ is not a member of ‘std’; did you mean ‘is_same’?
  310 |     else if constexpr (std::is_same_v<T, gz::math::Vector2d>)
      |                             ^~~~~~~~~
      |                             is_same
/usr/include/sdformat-9.10/sdf/Param.hh:310:40: error: expected primary-expression before ‘,’ token
  310 |     else if constexpr (std::is_same_v<T, gz::math::Vector2d>)
      |                                        ^
/usr/include/sdformat-9.10/sdf/Param.hh:310:60: error: expected primary-expression before ‘>’ token
  310 |     else if constexpr (std::is_same_v<T, gz::math::Vector2d>)
      |                                                            ^
/usr/include/sdformat-9.10/sdf/Param.hh:310:61: error: expected primary-expression before ‘)’ token
  310 |     else if constexpr (std::is_same_v<T, gz::math::Vector2d>)
      |                                                             ^
/usr/include/sdformat-9.10/sdf/Param.hh:312:29: error: ‘is_same_v’ is not a member of ‘std’; did you mean ‘is_same’?
  312 |     else if constexpr (std::is_same_v<T, gz::math::Vector3d>)
      |                             ^~~~~~~~~
      |                             is_same
/usr/include/sdformat-9.10/sdf/Param.hh:312:40: error: expected primary-expression before ‘,’ token
  312 |     else if constexpr (std::is_same_v<T, gz::math::Vector3d>)
      |                                        ^
/usr/include/sdformat-9.10/sdf/Param.hh:312:60: error: expected primary-expression before ‘>’ token
  312 |     else if constexpr (std::is_same_v<T, gz::math::Vector3d>)
      |                                                            ^
/usr/include/sdformat-9.10/sdf/Param.hh:312:61: error: expected primary-expression before ‘)’ token
  312 |     else if constexpr (std::is_same_v<T, gz::math::Vector3d>)
      |                                                             ^
/usr/include/sdformat-9.10/sdf/Param.hh:314:29: error: ‘is_same_v’ is not a member of ‘std’; did you mean ‘is_same’?
  314 |     else if constexpr (std::is_same_v<T, gz::math::Quaterniond>)
      |                             ^~~~~~~~~
      |                             is_same
/usr/include/sdformat-9.10/sdf/Param.hh:314:40: error: expected primary-expression before ‘,’ token
  314 |     else if constexpr (std::is_same_v<T, gz::math::Quaterniond>)
      |                                        ^
/usr/include/sdformat-9.10/sdf/Param.hh:314:63: error: expected primary-expression before ‘>’ token
  314 |     else if constexpr (std::is_same_v<T, gz::math::Quaterniond>)
      |                                                               ^
/usr/include/sdformat-9.10/sdf/Param.hh:314:64: error: expected primary-expression before ‘)’ token
  314 |     else if constexpr (std::is_same_v<T, gz::math::Quaterniond>)
      |                                                                ^
/usr/include/sdformat-9.10/sdf/Param.hh:316:29: error: ‘is_same_v’ is not a member of ‘std’; did you mean ‘is_same’?
  316 |     else if constexpr (std::is_same_v<T, gz::math::Pose3d>)
      |                             ^~~~~~~~~
      |                             is_same
/usr/include/sdformat-9.10/sdf/Param.hh:316:40: error: expected primary-expression before ‘,’ token
  316 |     else if constexpr (std::is_same_v<T, gz::math::Pose3d>)
      |                                        ^
/usr/include/sdformat-9.10/sdf/Param.hh:316:58: error: expected primary-expression before ‘>’ token
  316 |     else if constexpr (std::is_same_v<T, gz::math::Pose3d>)
      |                                                          ^
/usr/include/sdformat-9.10/sdf/Param.hh:316:59: error: expected primary-expression before ‘)’ token
  316 |     else if constexpr (std::is_same_v<T, gz::math::Pose3d>)
      |                                                           ^
/usr/include/sdformat-9.10/sdf/Param.hh: In member function ‘bool sdf::v9::Param::Get(T&) const’:
/usr/include/sdformat-9.10/sdf/Param.hh:353:21: error: ‘get_if’ is not a member of ‘std’; did you mean ‘get_time’?
  353 |     T *value = std::get_if<T>(&this->dataPtr->value);
      |                     ^~~~~~
      |                     get_time
/usr/include/sdformat-9.10/sdf/Param.hh:353:29: error: expected primary-expression before ‘>’ token
  353 |     T *value = std::get_if<T>(&this->dataPtr->value);
      |                             ^
/usr/include/sdformat-9.10/sdf/Param.hh:353:47: error: ‘class sdf::v9::ParamPrivate’ has no member named ‘value’
  353 |     T *value = std::get_if<T>(&this->dataPtr->value);
      |                                               ^~~~~
/usr/include/sdformat-9.10/sdf/Param.hh:368:21: error: ‘ParamVariant’ is not a member of ‘sdf::v9::ParamPrivate’
  368 |       ParamPrivate::ParamVariant pv;
      |                     ^~~~~~~~~~~~
/usr/include/sdformat-9.10/sdf/Param.hh:369:76: error: ‘pv’ was not declared in this scope
  369 |       bool success = this->dataPtr->ValueFromStringImpl(typeStr, valueStr, pv);
      |                                                                            ^~
/usr/include/sdformat-9.10/sdf/Param.hh: In member function ‘bool sdf::v9::Param::GetDefault(T&) const’:
/usr/include/sdformat-9.10/sdf/Param.hh:406:26: error: missing template arguments before ‘{’ token
  406 |       ss << ParamStreamer{this->dataPtr->defaultValue};
      |                          ^
/usr/include/sdformat-9.10/sdf/Param.hh: In member function ‘bool sdf::v9::Param::IsType() const’:
/usr/include/sdformat-9.10/sdf/Param.hh:426:17: error: ‘holds_alternative’ is not a member of ‘std’
  426 |     return std::holds_alternative<Type>(this->dataPtr->value);
      |                 ^~~~~~~~~~~~~~~~~
/usr/include/sdformat-9.10/sdf/Param.hh:426:39: error: expected primary-expression before ‘>’ token
  426 |     return std::holds_alternative<Type>(this->dataPtr->value);
      |                                       ^
/usr/include/sdformat-9.10/sdf/Param.hh:426:56: error: ‘class sdf::v9::ParamPrivate’ has no member named ‘value’
  426 |     return std::holds_alternative<Type>(this->dataPtr->value);
      |                                                        ^~~~~
In file included from /usr/include/sdformat-9.10/sdf/Actor.hh:25,
                 from /usr/include/sdformat-9.10/sdf/sdf.hh:2,
                 from /usr/include/gazebo-11/gazebo/physics/State.hh:26,
                 from /usr/include/gazebo-11/gazebo/physics/ModelState.hh:28,
                 from /usr/include/gazebo-11/gazebo/physics/Model.hh:29,
                 from /usr/include/gazebo-11/gazebo/physics/Actor.hh:30,
                 from /home/robot/arena_ws/src/forks/pedsim_ros/pedsim_gazebo_plugin/src/ActorCollisionsPlugin.cc:20:
/usr/include/sdformat-9.10/sdf/Element.hh: At global scope:
/usr/include/sdformat-9.10/sdf/Element.hh:279:18: error: ‘any’ in namespace ‘std’ does not name a type
  279 |     public: std::any GetAny(const std::string &_key = "") const;
      |                  ^~~
/usr/include/sdformat-9.10/sdf/Element.hh:279:13: note: ‘std::any’ is only available from C++17 onwards
  279 |     public: std::any GetAny(const std::string &_key = "") const;
      |             ^~~
[ 85%] Built target cob_stuck_detector
In file included from /usr/include/ignition/math6/gz/math/Spline.hh:22,
                 from /usr/include/ignition/math6/ignition/math/Spline.hh:18,
                 from /usr/include/gazebo-11/gazebo/common/Animation.hh:22,
                 from /usr/include/gazebo-11/gazebo/common/common.hh:5,
                 from /usr/include/gazebo-11/gazebo/gazebo_core.hh:19,
                 from /usr/include/gazebo-11/gazebo/gazebo.hh:20,
                 from /home/robot/arena_ws/src/forks/gazebo_ros_2Dmap_plugin/include/common.h:27,
                 from /home/robot/arena_ws/src/forks/gazebo_ros_2Dmap_plugin/include/gazebo_2Dmap_plugin.h:28,
                 from /home/robot/arena_ws/src/forks/gazebo_ros_2Dmap_plugin/src/gazebo_2Dmap_plugin.cpp:21:
/usr/include/ignition/math6/gz/math/Helpers.hh: In function ‘std::chrono::_V2::steady_clock::duration ignition::math::v6::stringToDuration(const string&)’:
/usr/include/ignition/math6/gz/math/Helpers.hh:1062:28: error: ‘chrono_literals’ is not a namespace-name
 1062 |       using namespace std::chrono_literals;
      |                            ^~~~~~~~~~~~~~~
/usr/include/ignition/math6/gz/math/Helpers.hh: In function ‘std::chrono::_V2::steady_clock::time_point ignition::math::v6::stringToTimePoint(const string&)’:
/usr/include/ignition/math6/gz/math/Helpers.hh:1104:28: error: ‘chrono_literals’ is not a namespace-name
 1104 |       using namespace std::chrono_literals;
      |                            ^~~~~~~~~~~~~~~
/usr/include/ignition/math6/gz/math/Helpers.hh:1105:56: error: unable to find numeric literal operator ‘operator""s’
 1105 |       std::chrono::steady_clock::time_point timePoint{-1s};
      |                                                        ^~
/usr/include/ignition/math6/gz/math/Helpers.hh:1105:56: note: use ‘-fext-numeric-literals’ to enable more built-in suffixes
/usr/include/ignition/math6/gz/math/Helpers.hh:1105:58: error: no matching function for call to ‘std::chrono::time_point<std::chrono::_V2::steady_clock, std::chrono::duration<long int, std::ratio<1, 1000000000> > >::time_point(<brace-enclosed initializer list>)’
 1105 |       std::chrono::steady_clock::time_point timePoint{-1s};
      |                                                          ^
In file included from /usr/include/ignition/math6/gz/math/Helpers.hh:21,
                 from /usr/include/ignition/math6/gz/math/Spline.hh:22,
                 from /usr/include/ignition/math6/ignition/math/Spline.hh:18,
                 from /usr/include/gazebo-11/gazebo/common/Animation.hh:22,
                 from /usr/include/gazebo-11/gazebo/common/common.hh:5,
                 from /usr/include/gazebo-11/gazebo/gazebo_core.hh:19,
                 from /usr/include/gazebo-11/gazebo/gazebo.hh:20,
                 from /home/robot/arena_ws/src/forks/gazebo_ros_2Dmap_plugin/include/common.h:27,
                 from /home/robot/arena_ws/src/forks/gazebo_ros_2Dmap_plugin/include/gazebo_2Dmap_plugin.h:28,
                 from /home/robot/arena_ws/src/forks/gazebo_ros_2Dmap_plugin/src/gazebo_2Dmap_plugin.cpp:21:
/usr/include/c++/9/chrono:643:14: note: candidate: ‘template<class _Dur2, class> constexpr std::chrono::time_point<_Clock, _Dur>::time_point(const std::chrono::time_point<_Clock, _Dur2>&)’
  643 |    constexpr time_point(const time_point<clock, _Dur2>& __t)
      |              ^~~~~~~~~~
/usr/include/c++/9/chrono:643:14: note:   template argument deduction/substitution failed:
/usr/include/c++/9/chrono:636:21: note: candidate: ‘constexpr std::chrono::time_point<_Clock, _Dur>::time_point(const duration&) [with _Clock = std::chrono::_V2::steady_clock; _Dur = std::chrono::duration<long int, std::ratio<1, 1000000000> >; std::chrono::time_point<_Clock, _Dur>::duration = std::chrono::duration<long int, std::ratio<1, 1000000000> >]’
  636 |  constexpr explicit time_point(const duration& __dur)
      |                     ^~~~~~~~~~
/usr/include/c++/9/chrono:636:21: note:   conversion of argument 1 would be ill-formed:
/usr/include/c++/9/chrono:633:12: note: candidate: ‘constexpr std::chrono::time_point<_Clock, _Dur>::time_point() [with _Clock = std::chrono::_V2::steady_clock; _Dur = std::chrono::duration<long int, std::ratio<1, 1000000000> >]’
  633 |  constexpr time_point() : __d(duration::zero())
      |            ^~~~~~~~~~
/usr/include/c++/9/chrono:633:12: note:   candidate expects 0 arguments, 1 provided
/usr/include/c++/9/chrono:626:14: note: candidate: ‘constexpr std::chrono::time_point<std::chrono::_V2::steady_clock, std::chrono::duration<long int, std::ratio<1, 1000000000> > >::time_point(const std::chrono::time_point<std::chrono::_V2::steady_clock, std::chrono::duration<long int, std::ratio<1, 1000000000> > >&)’
  626 |       struct time_point
      |              ^~~~~~~~~~
/usr/include/c++/9/chrono:626:14: note:   conversion of argument 1 would be ill-formed:
/usr/include/c++/9/chrono:626:14: note: candidate: ‘constexpr std::chrono::time_point<std::chrono::_V2::steady_clock, std::chrono::duration<long int, std::ratio<1, 1000000000> > >::time_point(std::chrono::time_point<std::chrono::_V2::steady_clock, std::chrono::duration<long int, std::ratio<1, 1000000000> > >&&)’
/usr/include/c++/9/chrono:626:14: note:   conversion of argument 1 would be ill-formed:
[ 85%] Building CXX object arena-rosnav-3D/arena_navigation/arena_local_planer/learning_based/all_in_one_3rd_party/light_scan_sim/CMakeFiles/light_scan_sim_node.dir/src/wall_segment_sim.cpp.o
[ 85%] Building CXX object forks/pedsim_ros/pedsim_visualizer/CMakeFiles/pedsim_visualizer_node.dir/src/sim_visualizer.cpp.o
In file included from /usr/include/ignition/math6/gz/math/Box.hh:23,
                 from /usr/include/ignition/math6/gz/math.hh:30,
                 from /usr/include/sdformat-9.10/sdf/Param.hh:33,
                 from /usr/include/sdformat-9.10/sdf/Element.hh:28,
                 from /usr/include/sdformat-9.10/sdf/Actor.hh:25,
                 from /usr/include/sdformat-9.10/sdf/sdf.hh:2,
                 from /usr/include/gazebo-11/gazebo/common/Battery.hh:25,
                 from /usr/include/gazebo-11/gazebo/common/common.hh:8,
                 from /usr/include/gazebo-11/gazebo/gazebo_core.hh:19,
                 from /usr/include/gazebo-11/gazebo/gazebo.hh:20,
                 from /home/robot/arena_ws/src/forks/gazebo_ros_2Dmap_plugin/include/common.h:27,
                 from /home/robot/arena_ws/src/forks/gazebo_ros_2Dmap_plugin/include/gazebo_2Dmap_plugin.h:28,
                 from /home/robot/arena_ws/src/forks/gazebo_ros_2Dmap_plugin/src/gazebo_2Dmap_plugin.cpp:21:
/usr/include/ignition/math6/gz/math/Plane.hh: At global scope:
/usr/include/ignition/math6/gz/math/Plane.hh:133:20: error: ‘optional’ in namespace ‘std’ does not name a template type
  133 |       public: std::optional<Vector3<T>> Intersection(
      |                    ^~~~~~~~
/usr/include/ignition/math6/gz/math/Plane.hh:133:15: note: ‘std::optional’ is only available from C++17 onwards
  133 |       public: std::optional<Vector3<T>> Intersection(
      |               ^~~
In file included from /usr/include/ignition/math6/gz/math.hh:30,
                 from /usr/include/sdformat-9.10/sdf/Param.hh:33,
                 from /usr/include/sdformat-9.10/sdf/Element.hh:28,
                 from /usr/include/sdformat-9.10/sdf/Actor.hh:25,
                 from /usr/include/sdformat-9.10/sdf/sdf.hh:2,
                 from /usr/include/gazebo-11/gazebo/common/Battery.hh:25,
                 from /usr/include/gazebo-11/gazebo/common/common.hh:8,
                 from /usr/include/gazebo-11/gazebo/gazebo_core.hh:19,
                 from /usr/include/gazebo-11/gazebo/gazebo.hh:20,
                 from /home/robot/arena_ws/src/forks/gazebo_ros_2Dmap_plugin/include/common.h:27,
                 from /home/robot/arena_ws/src/forks/gazebo_ros_2Dmap_plugin/include/gazebo_2Dmap_plugin.h:28,
                 from /home/robot/arena_ws/src/forks/gazebo_ros_2Dmap_plugin/src/gazebo_2Dmap_plugin.cpp:21:
/usr/include/ignition/math6/gz/math/Box.hh:151:20: error: ‘optional’ in namespace ‘std’ does not name a template type
  151 |       public: std::optional<Vector3<Precision>>
      |                    ^~~~~~~~
/usr/include/ignition/math6/gz/math/Box.hh:151:15: note: ‘std::optional’ is only available from C++17 onwards
  151 |       public: std::optional<Vector3<Precision>>
      |               ^~~
In file included from /usr/include/ignition/math6/gz/math/Box.hh:224,
                 from /usr/include/ignition/math6/gz/math.hh:30,
                 from /usr/include/sdformat-9.10/sdf/Param.hh:33,
                 from /usr/include/sdformat-9.10/sdf/Element.hh:28,
                 from /usr/include/sdformat-9.10/sdf/Actor.hh:25,
                 from /usr/include/sdformat-9.10/sdf/sdf.hh:2,
                 from /usr/include/gazebo-11/gazebo/common/Battery.hh:25,
                 from /usr/include/gazebo-11/gazebo/common/common.hh:8,
                 from /usr/include/gazebo-11/gazebo/gazebo_core.hh:19,
                 from /usr/include/gazebo-11/gazebo/gazebo.hh:20,
                 from /home/robot/arena_ws/src/forks/gazebo_ros_2Dmap_plugin/include/common.h:27,
                 from /home/robot/arena_ws/src/forks/gazebo_ros_2Dmap_plugin/include/gazebo_2Dmap_plugin.h:28,
                 from /home/robot/arena_ws/src/forks/gazebo_ros_2Dmap_plugin/src/gazebo_2Dmap_plugin.cpp:21:
/usr/include/ignition/math6/gz/math/detail/Box.hh:237:6: error: ‘optional’ in namespace ‘std’ does not name a template type
  237 | std::optional<Vector3<T>>
      |      ^~~~~~~~
/usr/include/ignition/math6/gz/math/detail/Box.hh:237:1: note: ‘std::optional’ is only available from C++17 onwards
  237 | std::optional<Vector3<T>>
      | ^~~
In file included from /usr/include/ignition/math6/gz/math.hh:31,
                 from /usr/include/sdformat-9.10/sdf/Param.hh:33,
                 from /usr/include/sdformat-9.10/sdf/Element.hh:28,
                 from /usr/include/sdformat-9.10/sdf/Actor.hh:25,
                 from /usr/include/sdformat-9.10/sdf/sdf.hh:2,
                 from /usr/include/gazebo-11/gazebo/common/Battery.hh:25,
                 from /usr/include/gazebo-11/gazebo/common/common.hh:8,
                 from /usr/include/gazebo-11/gazebo/gazebo_core.hh:19,
                 from /usr/include/gazebo-11/gazebo/gazebo.hh:20,
                 from /home/robot/arena_ws/src/forks/gazebo_ros_2Dmap_plugin/include/common.h:27,
                 from /home/robot/arena_ws/src/forks/gazebo_ros_2Dmap_plugin/include/gazebo_2Dmap_plugin.h:28,
                 from /home/robot/arena_ws/src/forks/gazebo_ros_2Dmap_plugin/src/gazebo_2Dmap_plugin.cpp:21:
/usr/include/ignition/math6/gz/math/Capsule.hh:91:20: error: ‘optional’ in namespace ‘std’ does not name a template type
   91 |       public: std::optional< MassMatrix3<Precision> > MassMatrix() const;
      |                    ^~~~~~~~
/usr/include/ignition/math6/gz/math/Capsule.hh:91:15: note: ‘std::optional’ is only available from C++17 onwards
   91 |       public: std::optional< MassMatrix3<Precision> > MassMatrix() const;
      |               ^~~
In file included from /usr/include/ignition/math6/gz/math/Capsule.hh:149,
                 from /usr/include/ignition/math6/gz/math.hh:31,
                 from /usr/include/sdformat-9.10/sdf/Param.hh:33,
                 from /usr/include/sdformat-9.10/sdf/Element.hh:28,
                 from /usr/include/sdformat-9.10/sdf/Actor.hh:25,
                 from /usr/include/sdformat-9.10/sdf/sdf.hh:2,
                 from /usr/include/gazebo-11/gazebo/common/Battery.hh:25,
                 from /usr/include/gazebo-11/gazebo/common/common.hh:8,
                 from /usr/include/gazebo-11/gazebo/gazebo_core.hh:19,
                 from /usr/include/gazebo-11/gazebo/gazebo.hh:20,
                 from /home/robot/arena_ws/src/forks/gazebo_ros_2Dmap_plugin/include/common.h:27,
                 from /home/robot/arena_ws/src/forks/gazebo_ros_2Dmap_plugin/include/gazebo_2Dmap_plugin.h:28,
                 from /home/robot/arena_ws/src/forks/gazebo_ros_2Dmap_plugin/src/gazebo_2Dmap_plugin.cpp:21:
/usr/include/ignition/math6/gz/math/detail/Capsule.hh:100:6: error: ‘optional’ in namespace ‘std’ does not name a template type
  100 | std::optional< MassMatrix3<T> > Capsule<T>::MassMatrix() const
      |      ^~~~~~~~
/usr/include/ignition/math6/gz/math/detail/Capsule.hh:100:1: note: ‘std::optional’ is only available from C++17 onwards
  100 | std::optional< MassMatrix3<T> > Capsule<T>::MassMatrix() const
      | ^~~
In file included from /usr/include/ignition/math6/gz/math.hh:35,
                 from /usr/include/sdformat-9.10/sdf/Param.hh:33,
                 from /usr/include/sdformat-9.10/sdf/Element.hh:28,
                 from /usr/include/sdformat-9.10/sdf/Actor.hh:25,
                 from /usr/include/sdformat-9.10/sdf/sdf.hh:2,
                 from /usr/include/gazebo-11/gazebo/common/Battery.hh:25,
                 from /usr/include/gazebo-11/gazebo/common/common.hh:8,
                 from /usr/include/gazebo-11/gazebo/gazebo_core.hh:19,
                 from /usr/include/gazebo-11/gazebo/gazebo.hh:20,
                 from /home/robot/arena_ws/src/forks/gazebo_ros_2Dmap_plugin/include/common.h:27,
                 from /home/robot/arena_ws/src/forks/gazebo_ros_2Dmap_plugin/include/gazebo_2Dmap_plugin.h:28,
                 from /home/robot/arena_ws/src/forks/gazebo_ros_2Dmap_plugin/src/gazebo_2Dmap_plugin.cpp:21:
/usr/include/ignition/math6/gz/math/Ellipsoid.hh:77:20: error: ‘optional’ in namespace ‘std’ does not name a template type
   77 |       public: std::optional< MassMatrix3<Precision> > MassMatrix() const;
      |                    ^~~~~~~~
/usr/include/ignition/math6/gz/math/Ellipsoid.hh:77:15: note: ‘std::optional’ is only available from C++17 onwards
   77 |       public: std::optional< MassMatrix3<Precision> > MassMatrix() const;
      |               ^~~
In file included from /usr/include/ignition/math6/gz/math/Ellipsoid.hh:132,
                 from /usr/include/ignition/math6/gz/math.hh:35,
                 from /usr/include/sdformat-9.10/sdf/Param.hh:33,
                 from /usr/include/sdformat-9.10/sdf/Element.hh:28,
                 from /usr/include/sdformat-9.10/sdf/Actor.hh:25,
                 from /usr/include/sdformat-9.10/sdf/sdf.hh:2,
                 from /usr/include/gazebo-11/gazebo/common/Battery.hh:25,
                 from /usr/include/gazebo-11/gazebo/common/common.hh:8,
                 from /usr/include/gazebo-11/gazebo/gazebo_core.hh:19,
                 from /usr/include/gazebo-11/gazebo/gazebo.hh:20,
                 from /home/robot/arena_ws/src/forks/gazebo_ros_2Dmap_plugin/include/common.h:27,
                 from /home/robot/arena_ws/src/forks/gazebo_ros_2Dmap_plugin/include/gazebo_2Dmap_plugin.h:28,
                 from /home/robot/arena_ws/src/forks/gazebo_ros_2Dmap_plugin/src/gazebo_2Dmap_plugin.cpp:21:
/usr/include/ignition/math6/gz/math/detail/Ellipsoid.hh:77:6: error: ‘optional’ in namespace ‘std’ does not name a template type
   77 | std::optional< MassMatrix3<T> > Ellipsoid<T>::MassMatrix() const
      |      ^~~~~~~~
/usr/include/ignition/math6/gz/math/detail/Ellipsoid.hh:77:1: note: ‘std::optional’ is only available from C++17 onwards
   77 | std::optional< MassMatrix3<T> > Ellipsoid<T>::MassMatrix() const
      | ^~~
In file included from /usr/include/ignition/math6/gz/math.hh:67,
                 from /usr/include/sdformat-9.10/sdf/Param.hh:33,
                 from /usr/include/sdformat-9.10/sdf/Element.hh:28,
                 from /usr/include/sdformat-9.10/sdf/Actor.hh:25,
                 from /usr/include/sdformat-9.10/sdf/sdf.hh:2,
                 from /usr/include/gazebo-11/gazebo/common/Battery.hh:25,
                 from /usr/include/gazebo-11/gazebo/common/common.hh:8,
                 from /usr/include/gazebo-11/gazebo/gazebo_core.hh:19,
                 from /usr/include/gazebo-11/gazebo/gazebo.hh:20,
                 from /home/robot/arena_ws/src/forks/gazebo_ros_2Dmap_plugin/include/common.h:27,
                 from /home/robot/arena_ws/src/forks/gazebo_ros_2Dmap_plugin/include/gazebo_2Dmap_plugin.h:28,
                 from /home/robot/arena_ws/src/forks/gazebo_ros_2Dmap_plugin/src/gazebo_2Dmap_plugin.cpp:21:
/usr/include/ignition/math6/gz/math/Sphere.hh:109:20: error: ‘optional’ in namespace ‘std’ does not name a template type
  109 |       public: std::optional<Vector3<Precision>>
      |                    ^~~~~~~~
/usr/include/ignition/math6/gz/math/Sphere.hh:109:15: note: ‘std::optional’ is only available from C++17 onwards
  109 |       public: std::optional<Vector3<Precision>>
      |               ^~~
In file included from /usr/include/ignition/math6/gz/math/Sphere.hh:157,
                 from /usr/include/ignition/math6/gz/math.hh:67,
                 from /usr/include/sdformat-9.10/sdf/Param.hh:33,
                 from /usr/include/sdformat-9.10/sdf/Element.hh:28,
                 from /usr/include/sdformat-9.10/sdf/Actor.hh:25,
                 from /usr/include/sdformat-9.10/sdf/sdf.hh:2,
                 from /usr/include/gazebo-11/gazebo/common/Battery.hh:25,
                 from /usr/include/gazebo-11/gazebo/common/common.hh:8,
                 from /usr/include/gazebo-11/gazebo/gazebo_core.hh:19,
                 from /usr/include/gazebo-11/gazebo/gazebo.hh:20,
                 from /home/robot/arena_ws/src/forks/gazebo_ros_2Dmap_plugin/include/common.h:27,
                 from /home/robot/arena_ws/src/forks/gazebo_ros_2Dmap_plugin/include/gazebo_2Dmap_plugin.h:28,
                 from /home/robot/arena_ws/src/forks/gazebo_ros_2Dmap_plugin/src/gazebo_2Dmap_plugin.cpp:21:
/usr/include/ignition/math6/gz/math/detail/Sphere.hh:123:6: error: ‘optional’ in namespace ‘std’ does not name a template type
  123 | std::optional<Vector3<T>>
      |      ^~~~~~~~
/usr/include/ignition/math6/gz/math/detail/Sphere.hh:123:1: note: ‘std::optional’ is only available from C++17 onwards
  123 | std::optional<Vector3<T>>
      | ^~~
In file included from /usr/include/sdformat-9.10/sdf/Element.hh:28,
                 from /usr/include/sdformat-9.10/sdf/Actor.hh:25,
                 from /usr/include/sdformat-9.10/sdf/sdf.hh:2,
                 from /usr/include/gazebo-11/gazebo/common/Battery.hh:25,
                 from /usr/include/gazebo-11/gazebo/common/common.hh:8,
                 from /usr/include/gazebo-11/gazebo/gazebo_core.hh:19,
                 from /usr/include/gazebo-11/gazebo/gazebo.hh:20,
                 from /home/robot/arena_ws/src/forks/gazebo_ros_2Dmap_plugin/include/common.h:27,
                 from /home/robot/arena_ws/src/forks/gazebo_ros_2Dmap_plugin/include/gazebo_2Dmap_plugin.h:28,
                 from /home/robot/arena_ws/src/forks/gazebo_ros_2Dmap_plugin/src/gazebo_2Dmap_plugin.cpp:21:
/usr/include/sdformat-9.10/sdf/Param.hh:72:57: error: expected constructor, destructor, or type conversion before ‘;’ token
   72 |   template<class T> ParamStreamer(T) -> ParamStreamer<T>;
      |                                                         ^
/usr/include/sdformat-9.10/sdf/Param.hh:83:47: error: ‘variant’ is not a member of ‘std’
   83 |                            ParamStreamer<std::variant<Ts...>> sv)
      |                                               ^~~~~~~
/usr/include/sdformat-9.10/sdf/Param.hh:83:47: note: ‘std::variant’ is only available from C++17 onwards
/usr/include/sdformat-9.10/sdf/Param.hh:83:47: error: ‘variant’ is not a member of ‘std’
/usr/include/sdformat-9.10/sdf/Param.hh:83:47: note: ‘std::variant’ is only available from C++17 onwards
/usr/include/sdformat-9.10/sdf/Param.hh:83:57: error: expected parameter pack before ‘...’
   83 |                            ParamStreamer<std::variant<Ts...>> sv)
      |                                                         ^~~
/usr/include/sdformat-9.10/sdf/Param.hh:83:57: error: template argument 1 is invalid
/usr/include/sdformat-9.10/sdf/Param.hh:83:47: error: ‘variant’ is not a member of ‘std’
   83 |                            ParamStreamer<std::variant<Ts...>> sv)
      |                                               ^~~~~~~
/usr/include/sdformat-9.10/sdf/Param.hh:83:47: note: ‘std::variant’ is only available from C++17 onwards
/usr/include/sdformat-9.10/sdf/Param.hh:83:47: error: ‘variant’ is not a member of ‘std’
/usr/include/sdformat-9.10/sdf/Param.hh:83:47: note: ‘std::variant’ is only available from C++17 onwards
/usr/include/sdformat-9.10/sdf/Param.hh:83:57: error: expected parameter pack before ‘...’
   83 |                            ParamStreamer<std::variant<Ts...>> sv)
      |                                                         ^~~
/usr/include/sdformat-9.10/sdf/Param.hh:83:60: error: template argument 1 is invalid
   83 |                            ParamStreamer<std::variant<Ts...>> sv)
      |                                                            ^~
/usr/include/sdformat-9.10/sdf/Param.hh:83:47: error: ‘variant’ is not a member of ‘std’
   83 |                            ParamStreamer<std::variant<Ts...>> sv)
      |                                               ^~~~~~~
/usr/include/sdformat-9.10/sdf/Param.hh:83:47: note: ‘std::variant’ is only available from C++17 onwards
/usr/include/sdformat-9.10/sdf/Param.hh:83:47: error: ‘variant’ is not a member of ‘std’
/usr/include/sdformat-9.10/sdf/Param.hh:83:47: note: ‘std::variant’ is only available from C++17 onwards
/usr/include/sdformat-9.10/sdf/Param.hh:83:57: error: expected parameter pack before ‘...’
   83 |                            ParamStreamer<std::variant<Ts...>> sv)
      |                                                         ^~~
/usr/include/sdformat-9.10/sdf/Param.hh:83:60: error: template argument 1 is invalid
   83 |                            ParamStreamer<std::variant<Ts...>> sv)
      |                                                            ^~
/usr/include/sdformat-9.10/sdf/Param.hh:83:28: error: ‘ParamStreamer’ is not a type
   83 |                            ParamStreamer<std::variant<Ts...>> sv)
      |                            ^~~~~~~~~~~~~
/usr/include/sdformat-9.10/sdf/Param.hh:83:41: error: expected ‘,’ or ‘...’ before ‘<’ token
   83 |                            ParamStreamer<std::variant<Ts...>> sv)
      |                                         ^
/usr/include/sdformat-9.10/sdf/Param.hh: In function ‘std::ostream& sdf::v9::operator<<(std::ostream&, int)’:
/usr/include/sdformat-9.10/sdf/Param.hh:85:10: error: ‘visit’ is not a member of ‘std’
   85 |     std::visit([&os](auto const &v)
      |          ^~~~~
/usr/include/sdformat-9.10/sdf/Param.hh:85:10: note: ‘std::visit’ is only available from C++17 onwards
/usr/include/sdformat-9.10/sdf/Param.hh:85:22: error: use of ‘auto’ in lambda parameter declaration only available with ‘-std=c++14’ or ‘-std=gnu++14’
   85 |     std::visit([&os](auto const &v)
      |                      ^~~~
/usr/include/sdformat-9.10/sdf/Param.hh: In lambda function:
/usr/include/sdformat-9.10/sdf/Param.hh:87:28: error: missing template arguments before ‘{’ token
   87 |         os << ParamStreamer{v};
      |                            ^
/usr/include/sdformat-9.10/sdf/Param.hh: In function ‘std::ostream& sdf::v9::operator<<(std::ostream&, int)’:
/usr/include/sdformat-9.10/sdf/Param.hh:88:10: error: ‘sv’ was not declared in this scope
   88 |       }, sv.val);
      |          ^~
/usr/include/sdformat-9.10/sdf/Param.hh: At global scope:
/usr/include/sdformat-9.10/sdf/Param.hh:173:30: error: ‘std::any’ has not been declared
  173 |     public: bool GetAny(std::any &_anyVal) const;
      |                              ^~~
/usr/include/sdformat-9.10/sdf/Param.hh:243:32: error: ‘any’ is not a member of ‘std’
  243 |     public: std::function<std::any ()> updateFunc;
      |                                ^~~
/usr/include/sdformat-9.10/sdf/Param.hh:243:32: note: ‘std::any’ is only available from C++17 onwards
/usr/include/sdformat-9.10/sdf/Param.hh:243:32: error: ‘any’ is not a member of ‘std’
/usr/include/sdformat-9.10/sdf/Param.hh:243:32: note: ‘std::any’ is only available from C++17 onwards
/usr/include/sdformat-9.10/sdf/Param.hh:243:38: error: template argument 1 is invalid
  243 |     public: std::function<std::any ()> updateFunc;
      |                                      ^
/usr/include/sdformat-9.10/sdf/Param.hh:249:26: error: ‘variant’ in namespace ‘std’ does not name a template type
  249 |     public: typedef std::variant<bool, char, std::string, int, std::uint64_t,
      |                          ^~~~~~~
/usr/include/sdformat-9.10/sdf/Param.hh:249:21: note: ‘std::variant’ is only available from C++17 onwards
  249 |     public: typedef std::variant<bool, char, std::string, int, std::uint64_t,
      |                     ^~~
/usr/include/sdformat-9.10/sdf/Param.hh:260:13: error: ‘ParamVariant’ does not name a type
  260 |     public: ParamVariant value;
      |             ^~~~~~~~~~~~
[ 85%] Linking CXX shared library /home/robot/arena_ws/devel/lib/libcob_omni_drive_geom.so
/usr/include/sdformat-9.10/sdf/Param.hh:263:13: error: ‘ParamVariant’ does not name a type
  263 |     public: ParamVariant defaultValue;
      |             ^~~~~~~~~~~~
/usr/include/sdformat-9.10/sdf/Param.hh:273:37: error: ‘ParamVariant’ has not been declared
  273 |                                     ParamVariant &_valueToSet) const;
      |                                     ^~~~~~~~~~~~
/usr/include/sdformat-9.10/sdf/Param.hh: In member function ‘std::string sdf::v9::ParamPrivate::TypeToString() const’:
/usr/include/sdformat-9.10/sdf/Param.hh:286:24: error: ‘is_same_v’ is not a member of ‘std’; did you mean ‘is_same’?
  286 |     if constexpr (std::is_same_v<T, bool>)
      |                        ^~~~~~~~~
      |                        is_same
/usr/include/sdformat-9.10/sdf/Param.hh:286:35: error: expected primary-expression before ‘,’ token
  286 |     if constexpr (std::is_same_v<T, bool>)
      |                                   ^
/usr/include/sdformat-9.10/sdf/Param.hh:286:37: error: expected primary-expression before ‘bool’
  286 |     if constexpr (std::is_same_v<T, bool>)
      |                                     ^~~~
/usr/include/sdformat-9.10/sdf/Param.hh:286:36: error: expected ‘)’ before ‘bool’
  286 |     if constexpr (std::is_same_v<T, bool>)
      |                  ~                 ^~~~~
      |                                    )
/usr/include/sdformat-9.10/sdf/Param.hh:288:29: error: ‘is_same_v’ is not a member of ‘std’; did you mean ‘is_same’?
  288 |     else if constexpr (std::is_same_v<T, char>)
      |                             ^~~~~~~~~
      |                             is_same
/usr/include/sdformat-9.10/sdf/Param.hh:288:40: error: expected primary-expression before ‘,’ token
  288 |     else if constexpr (std::is_same_v<T, char>)
      |                                        ^
/usr/include/sdformat-9.10/sdf/Param.hh:288:42: error: expected primary-expression before ‘char’
  288 |     else if constexpr (std::is_same_v<T, char>)
      |                                          ^~~~
/usr/include/sdformat-9.10/sdf/Param.hh:288:41: error: expected ‘)’ before ‘char’
  288 |     else if constexpr (std::is_same_v<T, char>)
      |                       ~                 ^~~~~
      |                                         )
/usr/include/sdformat-9.10/sdf/Param.hh:290:29: error: ‘is_same_v’ is not a member of ‘std’; did you mean ‘is_same’?
  290 |     else if constexpr (std::is_same_v<T, std::string>)
      |                             ^~~~~~~~~
      |                             is_same
/usr/include/sdformat-9.10/sdf/Param.hh:290:40: error: expected primary-expression before ‘,’ token
  290 |     else if constexpr (std::is_same_v<T, std::string>)
      |                                        ^
/usr/include/sdformat-9.10/sdf/Param.hh:290:53: error: expected primary-expression before ‘>’ token
  290 |     else if constexpr (std::is_same_v<T, std::string>)
      |                                                     ^
/usr/include/sdformat-9.10/sdf/Param.hh:290:54: error: expected primary-expression before ‘)’ token
  290 |     else if constexpr (std::is_same_v<T, std::string>)
      |                                                      ^
/usr/include/sdformat-9.10/sdf/Param.hh:292:29: error: ‘is_same_v’ is not a member of ‘std’; did you mean ‘is_same’?
  292 |     else if constexpr (std::is_same_v<T, int>)
      |                             ^~~~~~~~~
      |                             is_same
/usr/include/sdformat-9.10/sdf/Param.hh:292:40: error: expected primary-expression before ‘,’ token
  292 |     else if constexpr (std::is_same_v<T, int>)
      |                                        ^
/usr/include/sdformat-9.10/sdf/Param.hh:292:42: error: expected primary-expression before ‘int’
  292 |     else if constexpr (std::is_same_v<T, int>)
      |                                          ^~~
/usr/include/sdformat-9.10/sdf/Param.hh:292:41: error: expected ‘)’ before ‘int’
  292 |     else if constexpr (std::is_same_v<T, int>)
      |                       ~                 ^~~~
      |                                         )
/usr/include/sdformat-9.10/sdf/Param.hh:294:29: error: ‘is_same_v’ is not a member of ‘std’; did you mean ‘is_same’?
  294 |     else if constexpr (std::is_same_v<T, std::uint64_t>)
      |                             ^~~~~~~~~
      |                             is_same
/usr/include/sdformat-9.10/sdf/Param.hh:294:40: error: expected primary-expression before ‘,’ token
  294 |     else if constexpr (std::is_same_v<T, std::uint64_t>)
      |                                        ^
/usr/include/sdformat-9.10/sdf/Param.hh:294:55: error: expected primary-expression before ‘>’ token
  294 |     else if constexpr (std::is_same_v<T, std::uint64_t>)
      |                                                       ^
/usr/include/sdformat-9.10/sdf/Param.hh:294:56: error: expected primary-expression before ‘)’ token
  294 |     else if constexpr (std::is_same_v<T, std::uint64_t>)
      |                                                        ^
/usr/include/sdformat-9.10/sdf/Param.hh:296:29: error: ‘is_same_v’ is not a member of ‘std’; did you mean ‘is_same’?
  296 |     else if constexpr (std::is_same_v<T, unsigned int>)
      |                             ^~~~~~~~~
      |                             is_same
/usr/include/sdformat-9.10/sdf/Param.hh:296:40: error: expected primary-expression before ‘,’ token
  296 |     else if constexpr (std::is_same_v<T, unsigned int>)
      |                                        ^
/usr/include/sdformat-9.10/sdf/Param.hh:296:42: error: expected primary-expression before ‘unsigned’
  296 |     else if constexpr (std::is_same_v<T, unsigned int>)
      |                                          ^~~~~~~~
/usr/include/sdformat-9.10/sdf/Param.hh:296:41: error: expected ‘)’ before ‘unsigned’
  296 |     else if constexpr (std::is_same_v<T, unsigned int>)
      |                       ~                 ^~~~~~~~~
      |                                         )
/usr/include/sdformat-9.10/sdf/Param.hh:298:29: error: ‘is_same_v’ is not a member of ‘std’; did you mean ‘is_same’?
  298 |     else if constexpr (std::is_same_v<T, double>)
      |                             ^~~~~~~~~
      |                             is_same
/usr/include/sdformat-9.10/sdf/Param.hh:298:40: error: expected primary-expression before ‘,’ token
  298 |     else if constexpr (std::is_same_v<T, double>)
      |                                        ^
/usr/include/sdformat-9.10/sdf/Param.hh:298:42: error: expected primary-expression before ‘double’
  298 |     else if constexpr (std::is_same_v<T, double>)
      |                                          ^~~~~~
/usr/include/sdformat-9.10/sdf/Param.hh:298:41: error: expected ‘)’ before ‘double’
  298 |     else if constexpr (std::is_same_v<T, double>)
      |                       ~                 ^~~~~~~
      |                                         )
/usr/include/sdformat-9.10/sdf/Param.hh:300:29: error: ‘is_same_v’ is not a member of ‘std’; did you mean ‘is_same’?
  300 |     else if constexpr (std::is_same_v<T, float>)
      |                             ^~~~~~~~~
      |                             is_same
/usr/include/sdformat-9.10/sdf/Param.hh:300:40: error: expected primary-expression before ‘,’ token
  300 |     else if constexpr (std::is_same_v<T, float>)
      |                                        ^
/usr/include/sdformat-9.10/sdf/Param.hh:300:42: error: expected primary-expression before ‘float’
  300 |     else if constexpr (std::is_same_v<T, float>)
      |                                          ^~~~~
/usr/include/sdformat-9.10/sdf/Param.hh:300:41: error: expected ‘)’ before ‘float’
  300 |     else if constexpr (std::is_same_v<T, float>)
      |                       ~                 ^~~~~~
      |                                         )
/usr/include/sdformat-9.10/sdf/Param.hh:302:29: error: ‘is_same_v’ is not a member of ‘std’; did you mean ‘is_same’?
  302 |     else if constexpr (std::is_same_v<T, sdf::Time>)
      |                             ^~~~~~~~~
      |                             is_same
/usr/include/sdformat-9.10/sdf/Param.hh:302:40: error: expected primary-expression before ‘,’ token
  302 |     else if constexpr (std::is_same_v<T, sdf::Time>)
      |                                        ^
/usr/include/sdformat-9.10/sdf/Param.hh:302:51: error: expected primary-expression before ‘>’ token
  302 |     else if constexpr (std::is_same_v<T, sdf::Time>)
      |                                                   ^
/usr/include/sdformat-9.10/sdf/Param.hh:302:52: error: expected primary-expression before ‘)’ token
  302 |     else if constexpr (std::is_same_v<T, sdf::Time>)
      |                                                    ^
/usr/include/sdformat-9.10/sdf/Param.hh:304:29: error: ‘is_same_v’ is not a member of ‘std’; did you mean ‘is_same’?
  304 |     else if constexpr (std::is_same_v<T, gz::math::Angle>)
      |                             ^~~~~~~~~
      |                             is_same
/usr/include/sdformat-9.10/sdf/Param.hh:304:40: error: expected primary-expression before ‘,’ token
  304 |     else if constexpr (std::is_same_v<T, gz::math::Angle>)
      |                                        ^
/usr/include/sdformat-9.10/sdf/Param.hh:304:57: error: expected primary-expression before ‘>’ token
  304 |     else if constexpr (std::is_same_v<T, gz::math::Angle>)
      |                                                         ^
/usr/include/sdformat-9.10/sdf/Param.hh:304:58: error: expected primary-expression before ‘)’ token
  304 |     else if constexpr (std::is_same_v<T, gz::math::Angle>)
      |                                                          ^
/usr/include/sdformat-9.10/sdf/Param.hh:306:29: error: ‘is_same_v’ is not a member of ‘std’; did you mean ‘is_same’?
  306 |     else if constexpr (std::is_same_v<T, gz::math::Color>)
      |                             ^~~~~~~~~
      |                             is_same
/usr/include/sdformat-9.10/sdf/Param.hh:306:40: error: expected primary-expression before ‘,’ token
  306 |     else if constexpr (std::is_same_v<T, gz::math::Color>)
      |                                        ^
/usr/include/sdformat-9.10/sdf/Param.hh:306:57: error: expected primary-expression before ‘>’ token
  306 |     else if constexpr (std::is_same_v<T, gz::math::Color>)
      |                                                         ^
/usr/include/sdformat-9.10/sdf/Param.hh:306:58: error: expected primary-expression before ‘)’ token
  306 |     else if constexpr (std::is_same_v<T, gz::math::Color>)
      |                                                          ^
/usr/include/sdformat-9.10/sdf/Param.hh:308:29: error: ‘is_same_v’ is not a member of ‘std’; did you mean ‘is_same’?
  308 |     else if constexpr (std::is_same_v<T, gz::math::Vector2i>)
      |                             ^~~~~~~~~
      |                             is_same
/usr/include/sdformat-9.10/sdf/Param.hh:308:40: error: expected primary-expression before ‘,’ token
  308 |     else if constexpr (std::is_same_v<T, gz::math::Vector2i>)
      |                                        ^
/usr/include/sdformat-9.10/sdf/Param.hh:308:60: error: expected primary-expression before ‘>’ token
  308 |     else if constexpr (std::is_same_v<T, gz::math::Vector2i>)
      |                                                            ^
/usr/include/sdformat-9.10/sdf/Param.hh:308:61: error: expected primary-expression before ‘)’ token
  308 |     else if constexpr (std::is_same_v<T, gz::math::Vector2i>)
      |                                                             ^
/usr/include/sdformat-9.10/sdf/Param.hh:310:29: error: ‘is_same_v’ is not a member of ‘std’; did you mean ‘is_same’?
  310 |     else if constexpr (std::is_same_v<T, gz::math::Vector2d>)
      |                             ^~~~~~~~~
      |                             is_same
/usr/include/sdformat-9.10/sdf/Param.hh:310:40: error: expected primary-expression before ‘,’ token
  310 |     else if constexpr (std::is_same_v<T, gz::math::Vector2d>)
      |                                        ^
/usr/include/sdformat-9.10/sdf/Param.hh:310:60: error: expected primary-expression before ‘>’ token
  310 |     else if constexpr (std::is_same_v<T, gz::math::Vector2d>)
      |                                                            ^
/usr/include/sdformat-9.10/sdf/Param.hh:310:61: error: expected primary-expression before ‘)’ token
  310 |     else if constexpr (std::is_same_v<T, gz::math::Vector2d>)
      |                                                             ^
/usr/include/sdformat-9.10/sdf/Param.hh:312:29: error: ‘is_same_v’ is not a member of ‘std’; did you mean ‘is_same’?
  312 |     else if constexpr (std::is_same_v<T, gz::math::Vector3d>)
      |                             ^~~~~~~~~
      |                             is_same
/usr/include/sdformat-9.10/sdf/Param.hh:312:40: error: expected primary-expression before ‘,’ token
  312 |     else if constexpr (std::is_same_v<T, gz::math::Vector3d>)
      |                                        ^
/usr/include/sdformat-9.10/sdf/Param.hh:312:60: error: expected primary-expression before ‘>’ token
  312 |     else if constexpr (std::is_same_v<T, gz::math::Vector3d>)
      |                                                            ^
/usr/include/sdformat-9.10/sdf/Param.hh:312:61: error: expected primary-expression before ‘)’ token
  312 |     else if constexpr (std::is_same_v<T, gz::math::Vector3d>)
      |                                                             ^
/usr/include/sdformat-9.10/sdf/Param.hh:314:29: error: ‘is_same_v’ is not a member of ‘std’; did you mean ‘is_same’?
  314 |     else if constexpr (std::is_same_v<T, gz::math::Quaterniond>)
      |                             ^~~~~~~~~
      |                             is_same
/usr/include/sdformat-9.10/sdf/Param.hh:314:40: error: expected primary-expression before ‘,’ token
  314 |     else if constexpr (std::is_same_v<T, gz::math::Quaterniond>)
      |                                        ^
/usr/include/sdformat-9.10/sdf/Param.hh:314:63: error: expected primary-expression before ‘>’ token
  314 |     else if constexpr (std::is_same_v<T, gz::math::Quaterniond>)
      |                                                               ^
/usr/include/sdformat-9.10/sdf/Param.hh:314:64: error: expected primary-expression before ‘)’ token
  314 |     else if constexpr (std::is_same_v<T, gz::math::Quaterniond>)
      |                                                                ^
/usr/include/sdformat-9.10/sdf/Param.hh:316:29: error: ‘is_same_v’ is not a member of ‘std’; did you mean ‘is_same’?
  316 |     else if constexpr (std::is_same_v<T, gz::math::Pose3d>)
      |                             ^~~~~~~~~
      |                             is_same
/usr/include/sdformat-9.10/sdf/Param.hh:316:40: error: expected primary-expression before ‘,’ token
  316 |     else if constexpr (std::is_same_v<T, gz::math::Pose3d>)
      |                                        ^
/usr/include/sdformat-9.10/sdf/Param.hh:316:58: error: expected primary-expression before ‘>’ token
  316 |     else if constexpr (std::is_same_v<T, gz::math::Pose3d>)
      |                                                          ^
/usr/include/sdformat-9.10/sdf/Param.hh:316:59: error: expected primary-expression before ‘)’ token
  316 |     else if constexpr (std::is_same_v<T, gz::math::Pose3d>)
      |                                                           ^
/usr/include/sdformat-9.10/sdf/Param.hh: In member function ‘bool sdf::v9::Param::Get(T&) const’:
/usr/include/sdformat-9.10/sdf/Param.hh:353:21: error: ‘get_if’ is not a member of ‘std’; did you mean ‘get_time’?
  353 |     T *value = std::get_if<T>(&this->dataPtr->value);
      |                     ^~~~~~
      |                     get_time
/usr/include/sdformat-9.10/sdf/Param.hh:353:29: error: expected primary-expression before ‘>’ token
  353 |     T *value = std::get_if<T>(&this->dataPtr->value);
      |                             ^
/usr/include/sdformat-9.10/sdf/Param.hh:353:47: error: ‘class sdf::v9::ParamPrivate’ has no member named ‘value’
  353 |     T *value = std::get_if<T>(&this->dataPtr->value);
      |                                               ^~~~~
/usr/include/sdformat-9.10/sdf/Param.hh:368:21: error: ‘ParamVariant’ is not a member of ‘sdf::v9::ParamPrivate’
  368 |       ParamPrivate::ParamVariant pv;
      |                     ^~~~~~~~~~~~
/usr/include/sdformat-9.10/sdf/Param.hh:369:76: error: ‘pv’ was not declared in this scope
  369 |       bool success = this->dataPtr->ValueFromStringImpl(typeStr, valueStr, pv);
      |                                                                            ^~
/usr/include/sdformat-9.10/sdf/Param.hh: In member function ‘bool sdf::v9::Param::GetDefault(T&) const’:
/usr/include/sdformat-9.10/sdf/Param.hh:406:26: error: missing template arguments before ‘{’ token
  406 |       ss << ParamStreamer{this->dataPtr->defaultValue};
      |                          ^
/usr/include/sdformat-9.10/sdf/Param.hh: In member function ‘bool sdf::v9::Param::IsType() const’:
/usr/include/sdformat-9.10/sdf/Param.hh:426:17: error: ‘holds_alternative’ is not a member of ‘std’
  426 |     return std::holds_alternative<Type>(this->dataPtr->value);
      |                 ^~~~~~~~~~~~~~~~~
/usr/include/sdformat-9.10/sdf/Param.hh:426:39: error: expected primary-expression before ‘>’ token
  426 |     return std::holds_alternative<Type>(this->dataPtr->value);
      |                                       ^
/usr/include/sdformat-9.10/sdf/Param.hh:426:56: error: ‘class sdf::v9::ParamPrivate’ has no member named ‘value’
  426 |     return std::holds_alternative<Type>(this->dataPtr->value);
      |                                                        ^~~~~
In file included from /usr/include/sdformat-9.10/sdf/Actor.hh:25,
                 from /usr/include/sdformat-9.10/sdf/sdf.hh:2,
                 from /usr/include/gazebo-11/gazebo/common/Battery.hh:25,
                 from /usr/include/gazebo-11/gazebo/common/common.hh:8,
                 from /usr/include/gazebo-11/gazebo/gazebo_core.hh:19,
                 from /usr/include/gazebo-11/gazebo/gazebo.hh:20,
                 from /home/robot/arena_ws/src/forks/gazebo_ros_2Dmap_plugin/include/common.h:27,
                 from /home/robot/arena_ws/src/forks/gazebo_ros_2Dmap_plugin/include/gazebo_2Dmap_plugin.h:28,
                 from /home/robot/arena_ws/src/forks/gazebo_ros_2Dmap_plugin/src/gazebo_2Dmap_plugin.cpp:21:
/usr/include/sdformat-9.10/sdf/Element.hh: At global scope:
/usr/include/sdformat-9.10/sdf/Element.hh:279:18: error: ‘any’ in namespace ‘std’ does not name a type
  279 |     public: std::any GetAny(const std::string &_key = "") const;
      |                  ^~~
/usr/include/sdformat-9.10/sdf/Element.hh:279:13: note: ‘std::any’ is only available from C++17 onwards
  279 |     public: std::any GetAny(const std::string &_key = "") const;
      |             ^~~
[ 85%] Built target cob_omni_drive_geom
[ 85%] Building CXX object forks/pedsim_ros/pedsim_sensors/CMakeFiles/pedsim_obstacle_sensor.dir/src/pedsim_sensors/obstacle_point_cloud.cpp.o
In file included from /usr/include/ignition/transport8/gz/transport/Node.hh:42,
                 from /usr/include/ignition/transport8/ignition/transport/Node.hh:18,
                 from /usr/include/gazebo-11/gazebo/physics/Entity.hh:25,
                 from /usr/include/gazebo-11/gazebo/physics/Model.hh:30,
                 from /usr/include/gazebo-11/gazebo/physics/Actor.hh:30,
                 from /home/robot/arena_ws/src/forks/pedsim_ros/pedsim_gazebo_plugin/src/ActorCollisionsPlugin.cc:20:
/usr/include/ignition/transport8/gz/transport/NodeShared.hh:298:20: error: ‘optional’ in namespace ‘std’ does not name a template type
  298 |       public: std::optional<TopicStatistics> TopicStats(
      |                    ^~~~~~~~
/usr/include/ignition/transport8/gz/transport/NodeShared.hh:298:15: note: ‘std::optional’ is only available from C++17 onwards
  298 |       public: std::optional<TopicStatistics> TopicStats(
      |               ^~~
In file included from /usr/include/ignition/transport8/ignition/transport/Node.hh:18,
                 from /usr/include/gazebo-11/gazebo/physics/Entity.hh:25,
                 from /usr/include/gazebo-11/gazebo/physics/Model.hh:30,
                 from /usr/include/gazebo-11/gazebo/physics/Actor.hh:30,
                 from /home/robot/arena_ws/src/forks/pedsim_ros/pedsim_gazebo_plugin/src/ActorCollisionsPlugin.cc:20:
/usr/include/ignition/transport8/gz/transport/Node.hh:740:20: error: ‘optional’ in namespace ‘std’ does not name a template type
  740 |       public: std::optional<TopicStatistics> TopicStats(
      |                    ^~~~~~~~
/usr/include/ignition/transport8/gz/transport/Node.hh:740:15: note: ‘std::optional’ is only available from C++17 onwards
  740 |       public: std::optional<TopicStatistics> TopicStats(
      |               ^~~
[ 85%] Building CXX object forks/pedsim_ros/pedsim_sensors/CMakeFiles/pedsim_occlusion_sensor.dir/src/pedsim_sensors/occlusion_point_cloud.cpp.o
In file included from /usr/include/gazebo-11/gazebo/physics/Entity.hh:35,
                 from /usr/include/gazebo-11/gazebo/physics/Model.hh:30,
                 from /usr/include/gazebo-11/gazebo/physics/Actor.hh:30,
                 from /home/robot/arena_ws/src/forks/pedsim_ros/pedsim_gazebo_plugin/src/ActorCollisionsPlugin.cc:20:
/usr/include/gazebo-11/gazebo/physics/Base.hh:342:28: error: ‘optional’ in namespace ‘std’ does not name a template type
  342 |       public: virtual std::optional<sdf::SemanticPose> SDFSemanticPose() const;
      |                            ^~~~~~~~
/usr/include/gazebo-11/gazebo/physics/Base.hh:342:23: note: ‘std::optional’ is only available from C++17 onwards
  342 |       public: virtual std::optional<sdf::SemanticPose> SDFSemanticPose() const;
      |                       ^~~
In file included from /usr/include/gazebo-11/gazebo/physics/Actor.hh:30,
                 from /home/robot/arena_ws/src/forks/pedsim_ros/pedsim_gazebo_plugin/src/ActorCollisionsPlugin.cc:20:
/usr/include/gazebo-11/gazebo/physics/Model.hh:486:20: error: ‘optional’ in namespace ‘std’ does not name a template type
  486 |       public: std::optional<sdf::SemanticPose> SDFSemanticPose() const override;
      |                    ^~~~~~~~
/usr/include/gazebo-11/gazebo/physics/Model.hh:486:15: note: ‘std::optional’ is only available from C++17 onwards
  486 |       public: std::optional<sdf::SemanticPose> SDFSemanticPose() const override;
      |               ^~~
In file included from /home/robot/arena_ws/src/forks/pedsim_ros/pedsim_gazebo_plugin/src/ActorCollisionsPlugin.cc:22:
/usr/include/gazebo-11/gazebo/physics/Collision.hh:205:28: error: ‘optional’ in namespace ‘std’ does not name a template type
  205 |       public: virtual std::optional<sdf::SemanticPose> SDFSemanticPose()
      |                            ^~~~~~~~
/usr/include/gazebo-11/gazebo/physics/Collision.hh:205:23: note: ‘std::optional’ is only available from C++17 onwards
  205 |       public: virtual std::optional<sdf::SemanticPose> SDFSemanticPose()
      |                       ^~~
In file included from /usr/include/ignition/transport8/gz/transport/Node.hh:42,
                 from /usr/include/ignition/transport8/ignition/transport/Node.hh:18,
                 from /usr/include/gazebo-11/gazebo/physics/Entity.hh:25,
                 from /usr/include/gazebo-11/gazebo/physics/Link.hh:31,
                 from /home/robot/arena_ws/src/forks/pedsim_ros/pedsim_gazebo_plugin/src/AttachModelPlugin.cc:23:
/usr/include/ignition/transport8/gz/transport/NodeShared.hh:298:20: error: ‘optional’ in namespace ‘std’ does not name a template type
  298 |       public: std::optional<TopicStatistics> TopicStats(
      |                    ^~~~~~~~
/usr/include/ignition/transport8/gz/transport/NodeShared.hh:298:15: note: ‘std::optional’ is only available from C++17 onwards
  298 |       public: std::optional<TopicStatistics> TopicStats(
      |               ^~~
In file included from /usr/include/ignition/transport8/ignition/transport/Node.hh:18,
                 from /usr/include/gazebo-11/gazebo/physics/Entity.hh:25,
                 from /usr/include/gazebo-11/gazebo/physics/Link.hh:31,
                 from /home/robot/arena_ws/src/forks/pedsim_ros/pedsim_gazebo_plugin/src/AttachModelPlugin.cc:23:
/usr/include/ignition/transport8/gz/transport/Node.hh:740:20: error: ‘optional’ in namespace ‘std’ does not name a template type
  740 |       public: std::optional<TopicStatistics> TopicStats(
      |                    ^~~~~~~~
/usr/include/ignition/transport8/gz/transport/Node.hh:740:15: note: ‘std::optional’ is only available from C++17 onwards
  740 |       public: std::optional<TopicStatistics> TopicStats(
      |               ^~~
[ 85%] Automatic MOC and UIC for target pedsim_simulator
In file included from /usr/include/ignition/transport8/gz/transport/Node.hh:42,
                 from /usr/include/ignition/transport8/ignition/transport/Node.hh:18,
                 from /usr/include/gazebo-11/gazebo/physics/Entity.hh:25,
                 from /usr/include/gazebo-11/gazebo/physics/Model.hh:30,
                 from /usr/include/gazebo-11/gazebo/physics/Actor.hh:30,
                 from /usr/include/gazebo-11/gazebo/physics/physics.hh:2,
                 from /home/robot/arena_ws/src/forks/pedsim_ros/pedsim_gazebo_plugin/src/ActorPlugin.cpp:2:
/usr/include/ignition/transport8/gz/transport/NodeShared.hh:298:20: error: ‘optional’ in namespace ‘std’ does not name a template type
  298 |       public: std::optional<TopicStatistics> TopicStats(
      |                    ^~~~~~~~
/usr/include/ignition/transport8/gz/transport/NodeShared.hh:298:15: note: ‘std::optional’ is only available from C++17 onwards
  298 |       public: std::optional<TopicStatistics> TopicStats(
      |               ^~~
[ 85%] Built target pedsim_simulator_autogen
[ 85%] Automatic MOC and UIC for target simulate_diff_drive_robot
In file included from /usr/include/ignition/transport8/ignition/transport/Node.hh:18,
                 from /usr/include/gazebo-11/gazebo/physics/Entity.hh:25,
                 from /usr/include/gazebo-11/gazebo/physics/Model.hh:30,
                 from /usr/include/gazebo-11/gazebo/physics/Actor.hh:30,
                 from /usr/include/gazebo-11/gazebo/physics/physics.hh:2,
                 from /home/robot/arena_ws/src/forks/pedsim_ros/pedsim_gazebo_plugin/src/ActorPlugin.cpp:2:
/usr/include/ignition/transport8/gz/transport/Node.hh:740:20: error: ‘optional’ in namespace ‘std’ does not name a template type
  740 |       public: std::optional<TopicStatistics> TopicStats(
      |                    ^~~~~~~~
/usr/include/ignition/transport8/gz/transport/Node.hh:740:15: note: ‘std::optional’ is only available from C++17 onwards
  740 |       public: std::optional<TopicStatistics> TopicStats(
      |               ^~~
[ 85%] Built target simulate_diff_drive_robot_autogen
[ 85%] Building CXX object forks/robots/cob4_packages/cob_omni_drive_controller/CMakeFiles/cob_omni_drive_controller.dir/src/control_multi_plugin.cpp.o
In file included from /usr/include/gazebo-11/gazebo/physics/Entity.hh:35,
                 from /usr/include/gazebo-11/gazebo/physics/Link.hh:31,
                 from /home/robot/arena_ws/src/forks/pedsim_ros/pedsim_gazebo_plugin/src/AttachModelPlugin.cc:23:
/usr/include/gazebo-11/gazebo/physics/Base.hh:342:28: error: ‘optional’ in namespace ‘std’ does not name a template type
  342 |       public: virtual std::optional<sdf::SemanticPose> SDFSemanticPose() const;
      |                            ^~~~~~~~
/usr/include/gazebo-11/gazebo/physics/Base.hh:342:23: note: ‘std::optional’ is only available from C++17 onwards
  342 |       public: virtual std::optional<sdf::SemanticPose> SDFSemanticPose() const;
      |                       ^~~
In file included from /usr/include/gazebo-11/gazebo/physics/Link.hh:33,
                 from /home/robot/arena_ws/src/forks/pedsim_ros/pedsim_gazebo_plugin/src/AttachModelPlugin.cc:23:
/usr/include/gazebo-11/gazebo/physics/Joint.hh:594:28: error: ‘optional’ in namespace ‘std’ does not name a template type
  594 |       public: virtual std::optional<sdf::SemanticPose> SDFSemanticPose()
      |                            ^~~~~~~~
/usr/include/gazebo-11/gazebo/physics/Joint.hh:594:23: note: ‘std::optional’ is only available from C++17 onwards
  594 |       public: virtual std::optional<sdf::SemanticPose> SDFSemanticPose()
      |                       ^~~
In file included from /home/robot/arena_ws/src/forks/pedsim_ros/pedsim_gazebo_plugin/src/AttachModelPlugin.cc:23:
/usr/include/gazebo-11/gazebo/physics/Link.hh:617:20: error: ‘optional’ in namespace ‘std’ does not name a template type
  617 |       public: std::optional<sdf::SemanticPose> SDFSemanticPose() const override;
      |                    ^~~~~~~~
/usr/include/gazebo-11/gazebo/physics/Link.hh:617:15: note: ‘std::optional’ is only available from C++17 onwards
  617 |       public: std::optional<sdf::SemanticPose> SDFSemanticPose() const override;
      |               ^~~
In file included from /usr/include/gazebo-11/gazebo/physics/Link.hh:33,
                 from /home/robot/arena_ws/src/forks/pedsim_ros/pedsim_gazebo_plugin/src/ActorCollisionsPlugin.cc:23:
/usr/include/gazebo-11/gazebo/physics/Joint.hh:594:28: error: ‘optional’ in namespace ‘std’ does not name a template type
  594 |       public: virtual std::optional<sdf::SemanticPose> SDFSemanticPose()
      |                            ^~~~~~~~
/usr/include/gazebo-11/gazebo/physics/Joint.hh:594:23: note: ‘std::optional’ is only available from C++17 onwards
  594 |       public: virtual std::optional<sdf::SemanticPose> SDFSemanticPose()
      |                       ^~~
In file included from /home/robot/arena_ws/src/forks/pedsim_ros/pedsim_gazebo_plugin/src/ActorCollisionsPlugin.cc:23:
/usr/include/gazebo-11/gazebo/physics/Link.hh:617:20: error: ‘optional’ in namespace ‘std’ does not name a template type
  617 |       public: std::optional<sdf::SemanticPose> SDFSemanticPose() const override;
      |                    ^~~~~~~~
/usr/include/gazebo-11/gazebo/physics/Link.hh:617:15: note: ‘std::optional’ is only available from C++17 onwards
  617 |       public: std::optional<sdf::SemanticPose> SDFSemanticPose() const override;
      |               ^~~
In file included from /home/robot/arena_ws/src/forks/pedsim_ros/pedsim_gazebo_plugin/src/AttachModelPlugin.cc:24:
/usr/include/gazebo-11/gazebo/physics/Model.hh:486:20: error: ‘optional’ in namespace ‘std’ does not name a template type
  486 |       public: std::optional<sdf::SemanticPose> SDFSemanticPose() const override;
      |                    ^~~~~~~~
/usr/include/gazebo-11/gazebo/physics/Model.hh:486:15: note: ‘std::optional’ is only available from C++17 onwards
  486 |       public: std::optional<sdf::SemanticPose> SDFSemanticPose() const override;
      |               ^~~
In file included from /usr/include/gazebo-11/gazebo/physics/Entity.hh:35,
                 from /usr/include/gazebo-11/gazebo/physics/Model.hh:30,
                 from /usr/include/gazebo-11/gazebo/physics/Actor.hh:30,
                 from /usr/include/gazebo-11/gazebo/physics/physics.hh:2,
                 from /home/robot/arena_ws/src/forks/pedsim_ros/pedsim_gazebo_plugin/src/ActorPlugin.cpp:2:
/usr/include/gazebo-11/gazebo/physics/Base.hh:342:28: error: ‘optional’ in namespace ‘std’ does not name a template type
  342 |       public: virtual std::optional<sdf::SemanticPose> SDFSemanticPose() const;
      |                            ^~~~~~~~
/usr/include/gazebo-11/gazebo/physics/Base.hh:342:23: note: ‘std::optional’ is only available from C++17 onwards
  342 |       public: virtual std::optional<sdf::SemanticPose> SDFSemanticPose() const;
      |                       ^~~
In file included from /usr/include/gazebo-11/gazebo/physics/Actor.hh:30,
                 from /usr/include/gazebo-11/gazebo/physics/physics.hh:2,
                 from /home/robot/arena_ws/src/forks/pedsim_ros/pedsim_gazebo_plugin/src/ActorPlugin.cpp:2:
/usr/include/gazebo-11/gazebo/physics/Model.hh:486:20: error: ‘optional’ in namespace ‘std’ does not name a template type
  486 |       public: std::optional<sdf::SemanticPose> SDFSemanticPose() const override;
      |                    ^~~~~~~~
/usr/include/gazebo-11/gazebo/physics/Model.hh:486:15: note: ‘std::optional’ is only available from C++17 onwards
  486 |       public: std::optional<sdf::SemanticPose> SDFSemanticPose() const override;
      |               ^~~
In file included from /usr/include/ignition/math6/gz/math/Vector3.hh:26,
                 from /usr/include/ignition/math6/ignition/math/Vector3.hh:18,
                 from /home/robot/arena_ws/src/forks/pedsim_ros/pedsim_gazebo_plugin/src/ActorCollisionsPlugin.cc:18:
/usr/include/ignition/math6/gz/math/Helpers.hh: In instantiation of ‘std::tuple<_Tps ...> ignition::math::v6::breakDownDurations(DurationIn) [with Durations = {std::chrono::duration<long unsigned int, std::ratio<86400, 1> >, std::chrono::duration<long int, std::ratio<3600, 1> >, std::chrono::duration<long int, std::ratio<60, 1> >, std::chrono::duration<long int, std::ratio<1, 1> >, std::chrono::duration<long int, std::ratio<1, 1000> >}; DurationIn = std::chrono::duration<long int, std::ratio<1, 1000000000> >]’:
/usr/include/ignition/math6/gz/math/Helpers.hh:854:57:   required from here
/usr/include/ignition/math6/gz/math/Helpers.hh:835:29: error: no matching function for call to ‘get<std::chrono::duration<long unsigned int, std::ratio<86400, 1> > >(std::tuple<std::chrono::duration<long unsigned int, std::ratio<86400, 1> >, std::chrono::duration<long int, std::ratio<3600, 1> >, std::chrono::duration<long int, std::ratio<60, 1> >, std::chrono::duration<long int, std::ratio<1, 1> >, std::chrono::duration<long int, std::ratio<1, 1000> > >&)’
  835 |         (std::get<Durations>(retval) =
      |          ~~~~~~~~~~~~~~~~~~~^~~~~~~~
In file included from /usr/include/c++/9/algorithm:60,
                 from /usr/include/ignition/math6/gz/math/Vector3.hh:20,
                 from /usr/include/ignition/math6/ignition/math/Vector3.hh:18,
                 from /home/robot/arena_ws/src/forks/pedsim_ros/pedsim_gazebo_plugin/src/ActorCollisionsPlugin.cc:18:
/usr/include/c++/9/utility:219:5: note: candidate: ‘template<long unsigned int _Int, class _Tp1, class _Tp2> constexpr typename std::tuple_element<_Int, std::pair<_Tp1, _Tp2> >::type& std::get(std::pair<_Tp1, _Tp2>&)’
  219 |     get(std::pair<_Tp1, _Tp2>& __in) noexcept
      |     ^~~
/usr/include/c++/9/utility:219:5: note:   template argument deduction/substitution failed:
/usr/include/c++/9/utility:224:5: note: candidate: ‘template<long unsigned int _Int, class _Tp1, class _Tp2> constexpr typename std::tuple_element<_Int, std::pair<_Tp1, _Tp2> >::type&& std::get(std::pair<_Tp1, _Tp2>&&)’
  224 |     get(std::pair<_Tp1, _Tp2>&& __in) noexcept
      |     ^~~
/usr/include/c++/9/utility:224:5: note:   template argument deduction/substitution failed:
/usr/include/c++/9/utility:229:5: note: candidate: ‘template<long unsigned int _Int, class _Tp1, class _Tp2> constexpr const typename std::tuple_element<_Int, std::pair<_Tp1, _Tp2> >::type& std::get(const std::pair<_Tp1, _Tp2>&)’
  229 |     get(const std::pair<_Tp1, _Tp2>& __in) noexcept
      |     ^~~
/usr/include/c++/9/utility:229:5: note:   template argument deduction/substitution failed:
/usr/include/c++/9/utility:234:5: note: candidate: ‘template<long unsigned int _Int, class _Tp1, class _Tp2> constexpr const typename std::tuple_element<_Int, std::pair<_Tp1, _Tp2> >::type&& std::get(const std::pair<_Tp1, _Tp2>&&)’
  234 |     get(const std::pair<_Tp1, _Tp2>&& __in) noexcept
      |     ^~~
/usr/include/c++/9/utility:234:5: note:   template argument deduction/substitution failed:
In file included from /usr/include/c++/9/tuple:39,
                 from /usr/include/c++/9/bits/unique_ptr.h:37,
                 from /usr/include/c++/9/bits/locale_conv.h:41,
                 from /usr/include/c++/9/locale:43,
                 from /usr/include/c++/9/iomanip:43,
                 from /usr/include/ignition/math6/gz/math/Helpers.hh:24,
                 from /usr/include/ignition/math6/gz/math/Vector3.hh:26,
                 from /usr/include/ignition/math6/ignition/math/Vector3.hh:18,
                 from /home/robot/arena_ws/src/forks/pedsim_ros/pedsim_gazebo_plugin/src/ActorCollisionsPlugin.cc:18:
/usr/include/c++/9/array:307:5: note: candidate: ‘template<long unsigned int _Int, class _Tp, long unsigned int _Nm> constexpr _Tp& std::get(std::array<_Tp, _Nm>&)’
  307 |     get(array<_Tp, _Nm>& __arr) noexcept
      |     ^~~
/usr/include/c++/9/array:307:5: note:   template argument deduction/substitution failed:
/usr/include/c++/9/array:316:5: note: candidate: ‘template<long unsigned int _Int, class _Tp, long unsigned int _Nm> constexpr _Tp&& std::get(std::array<_Tp, _Nm>&&)’
  316 |     get(array<_Tp, _Nm>&& __arr) noexcept
      |     ^~~
/usr/include/c++/9/array:316:5: note:   template argument deduction/substitution failed:
/usr/include/c++/9/array:324:5: note: candidate: ‘template<long unsigned int _Int, class _Tp, long unsigned int _Nm> constexpr const _Tp& std::get(const std::array<_Tp, _Nm>&)’
  324 |     get(const array<_Tp, _Nm>& __arr) noexcept
      |     ^~~
/usr/include/c++/9/array:324:5: note:   template argument deduction/substitution failed:
/usr/include/c++/9/array:333:5: note: candidate: ‘template<long unsigned int _Int, class _Tp, long unsigned int _Nm> constexpr const _Tp&& std::get(const std::array<_Tp, _Nm>&&)’
  333 |     get(const array<_Tp, _Nm>&& __arr) noexcept
      |     ^~~
/usr/include/c++/9/array:333:5: note:   template argument deduction/substitution failed:
In file included from /usr/include/c++/9/bits/unique_ptr.h:37,
                 from /usr/include/c++/9/bits/locale_conv.h:41,
                 from /usr/include/c++/9/locale:43,
                 from /usr/include/c++/9/iomanip:43,
                 from /usr/include/ignition/math6/gz/math/Helpers.hh:24,
                 from /usr/include/ignition/math6/gz/math/Vector3.hh:26,
                 from /usr/include/ignition/math6/ignition/math/Vector3.hh:18,
                 from /home/robot/arena_ws/src/forks/pedsim_ros/pedsim_gazebo_plugin/src/ActorCollisionsPlugin.cc:18:
/usr/include/c++/9/tuple:1320:5: note: candidate: ‘template<long unsigned int __i, class ... _Elements> constexpr std::__tuple_element_t<__i, std::tuple<_Elements ...> >& std::get(std::tuple<_Elements ...>&)’
 1320 |     get(tuple<_Elements...>& __t) noexcept
      |     ^~~
/usr/include/c++/9/tuple:1320:5: note:   template argument deduction/substitution failed:
/usr/include/c++/9/tuple:1326:5: note: candidate: ‘template<long unsigned int __i, class ... _Elements> constexpr std::__tuple_element_t<__i, std::tuple<_Elements ...> >& std::get(const std::tuple<_Elements ...>&)’
 1326 |     get(const tuple<_Elements...>& __t) noexcept
      |     ^~~
/usr/include/c++/9/tuple:1326:5: note:   template argument deduction/substitution failed:
/usr/include/c++/9/tuple:1332:5: note: candidate: ‘template<long unsigned int __i, class ... _Elements> constexpr std::__tuple_element_t<__i, std::tuple<_Elements ...> >&& std::get(std::tuple<_Elements ...>&&)’
 1332 |     get(tuple<_Elements...>&& __t) noexcept
      |     ^~~
/usr/include/c++/9/tuple:1332:5: note:   template argument deduction/substitution failed:
/usr/include/c++/9/tuple:1341:5: note: candidate: ‘template<long unsigned int __i, class ... _Elements> constexpr std::__tuple_element_t<__i, std::tuple<_Elements ...> >&& std::get(const std::tuple<_Elements ...>&&)’
 1341 |     get(const tuple<_Elements...>&& __t) noexcept
      |     ^~~
/usr/include/c++/9/tuple:1341:5: note:   template argument deduction/substitution failed:
In file included from /usr/include/ignition/math6/gz/math/Vector3.hh:26,
                 from /usr/include/ignition/math6/ignition/math/Vector3.hh:18,
                 from /home/robot/arena_ws/src/forks/pedsim_ros/pedsim_gazebo_plugin/src/ActorCollisionsPlugin.cc:18:
/usr/include/ignition/math6/gz/math/Helpers.hh:838:30: error: no matching function for call to ‘get<std::chrono::duration<long unsigned int, std::ratio<86400, 1> > >(std::tuple<std::chrono::duration<long unsigned int, std::ratio<86400, 1> >, std::chrono::duration<long int, std::ratio<3600, 1> >, std::chrono::duration<long int, std::ratio<60, 1> >, std::chrono::duration<long int, std::ratio<1, 1> >, std::chrono::duration<long int, std::ratio<1, 1000> > >&)’
  838 |           std::get<Durations>(retval))))), 0)...};
      |           ~~~~~~~~~~~~~~~~~~~^~~~~~~~
In file included from /usr/include/c++/9/algorithm:60,
                 from /usr/include/ignition/math6/gz/math/Vector3.hh:20,
                 from /usr/include/ignition/math6/ignition/math/Vector3.hh:18,
                 from /home/robot/arena_ws/src/forks/pedsim_ros/pedsim_gazebo_plugin/src/ActorCollisionsPlugin.cc:18:
/usr/include/c++/9/utility:219:5: note: candidate: ‘template<long unsigned int _Int, class _Tp1, class _Tp2> constexpr typename std::tuple_element<_Int, std::pair<_Tp1, _Tp2> >::type& std::get(std::pair<_Tp1, _Tp2>&)’
  219 |     get(std::pair<_Tp1, _Tp2>& __in) noexcept
      |     ^~~
/usr/include/c++/9/utility:219:5: note:   template argument deduction/substitution failed:
/usr/include/c++/9/utility:224:5: note: candidate: ‘template<long unsigned int _Int, class _Tp1, class _Tp2> constexpr typename std::tuple_element<_Int, std::pair<_Tp1, _Tp2> >::type&& std::get(std::pair<_Tp1, _Tp2>&&)’
  224 |     get(std::pair<_Tp1, _Tp2>&& __in) noexcept
      |     ^~~
/usr/include/c++/9/utility:224:5: note:   template argument deduction/substitution failed:
/usr/include/c++/9/utility:229:5: note: candidate: ‘template<long unsigned int _Int, class _Tp1, class _Tp2> constexpr const typename std::tuple_element<_Int, std::pair<_Tp1, _Tp2> >::type& std::get(const std::pair<_Tp1, _Tp2>&)’
  229 |     get(const std::pair<_Tp1, _Tp2>& __in) noexcept
      |     ^~~
/usr/include/c++/9/utility:229:5: note:   template argument deduction/substitution failed:
/usr/include/c++/9/utility:234:5: note: candidate: ‘template<long unsigned int _Int, class _Tp1, class _Tp2> constexpr const typename std::tuple_element<_Int, std::pair<_Tp1, _Tp2> >::type&& std::get(const std::pair<_Tp1, _Tp2>&&)’
  234 |     get(const std::pair<_Tp1, _Tp2>&& __in) noexcept
      |     ^~~
/usr/include/c++/9/utility:234:5: note:   template argument deduction/substitution failed:
In file included from /usr/include/c++/9/tuple:39,
                 from /usr/include/c++/9/bits/unique_ptr.h:37,
                 from /usr/include/c++/9/bits/locale_conv.h:41,
                 from /usr/include/c++/9/locale:43,
                 from /usr/include/c++/9/iomanip:43,
                 from /usr/include/ignition/math6/gz/math/Helpers.hh:24,
                 from /usr/include/ignition/math6/gz/math/Vector3.hh:26,
                 from /usr/include/ignition/math6/ignition/math/Vector3.hh:18,
                 from /home/robot/arena_ws/src/forks/pedsim_ros/pedsim_gazebo_plugin/src/ActorCollisionsPlugin.cc:18:
/usr/include/c++/9/array:307:5: note: candidate: ‘template<long unsigned int _Int, class _Tp, long unsigned int _Nm> constexpr _Tp& std::get(std::array<_Tp, _Nm>&)’
  307 |     get(array<_Tp, _Nm>& __arr) noexcept
      |     ^~~
/usr/include/c++/9/array:307:5: note:   template argument deduction/substitution failed:
/usr/include/c++/9/array:316:5: note: candidate: ‘template<long unsigned int _Int, class _Tp, long unsigned int _Nm> constexpr _Tp&& std::get(std::array<_Tp, _Nm>&&)’
  316 |     get(array<_Tp, _Nm>&& __arr) noexcept
      |     ^~~
/usr/include/c++/9/array:316:5: note:   template argument deduction/substitution failed:
/usr/include/c++/9/array:324:5: note: candidate: ‘template<long unsigned int _Int, class _Tp, long unsigned int _Nm> constexpr const _Tp& std::get(const std::array<_Tp, _Nm>&)’
  324 |     get(const array<_Tp, _Nm>& __arr) noexcept
      |     ^~~
/usr/include/c++/9/array:324:5: note:   template argument deduction/substitution failed:
/usr/include/c++/9/array:333:5: note: candidate: ‘template<long unsigned int _Int, class _Tp, long unsigned int _Nm> constexpr const _Tp&& std::get(const std::array<_Tp, _Nm>&&)’
  333 |     get(const array<_Tp, _Nm>&& __arr) noexcept
      |     ^~~
/usr/include/c++/9/array:333:5: note:   template argument deduction/substitution failed:
In file included from /usr/include/c++/9/bits/unique_ptr.h:37,
                 from /usr/include/c++/9/bits/locale_conv.h:41,
                 from /usr/include/c++/9/locale:43,
                 from /usr/include/c++/9/iomanip:43,
                 from /usr/include/ignition/math6/gz/math/Helpers.hh:24,
                 from /usr/include/ignition/math6/gz/math/Vector3.hh:26,
                 from /usr/include/ignition/math6/ignition/math/Vector3.hh:18,
                 from /home/robot/arena_ws/src/forks/pedsim_ros/pedsim_gazebo_plugin/src/ActorCollisionsPlugin.cc:18:
/usr/include/c++/9/tuple:1320:5: note: candidate: ‘template<long unsigned int __i, class ... _Elements> constexpr std::__tuple_element_t<__i, std::tuple<_Elements ...> >& std::get(std::tuple<_Elements ...>&)’
 1320 |     get(tuple<_Elements...>& __t) noexcept
      |     ^~~
/usr/include/c++/9/tuple:1320:5: note:   template argument deduction/substitution failed:
/usr/include/c++/9/tuple:1326:5: note: candidate: ‘template<long unsigned int __i, class ... _Elements> constexpr std::__tuple_element_t<__i, std::tuple<_Elements ...> >& std::get(const std::tuple<_Elements ...>&)’
 1326 |     get(const tuple<_Elements...>& __t) noexcept
      |     ^~~
/usr/include/c++/9/tuple:1326:5: note:   template argument deduction/substitution failed:
/usr/include/c++/9/tuple:1332:5: note: candidate: ‘template<long unsigned int __i, class ... _Elements> constexpr std::__tuple_element_t<__i, std::tuple<_Elements ...> >&& std::get(std::tuple<_Elements ...>&&)’
 1332 |     get(tuple<_Elements...>&& __t) noexcept
      |     ^~~
/usr/include/c++/9/tuple:1332:5: note:   template argument deduction/substitution failed:
/usr/include/c++/9/tuple:1341:5: note: candidate: ‘template<long unsigned int __i, class ... _Elements> constexpr std::__tuple_element_t<__i, std::tuple<_Elements ...> >&& std::get(const std::tuple<_Elements ...>&&)’
 1341 |     get(const tuple<_Elements...>&& __t) noexcept
      |     ^~~
/usr/include/c++/9/tuple:1341:5: note:   template argument deduction/substitution failed:
In file included from /usr/include/gazebo-11/gazebo/physics/BallJoint.hh:25,
                 from /usr/include/gazebo-11/gazebo/physics/physics.hh:6,
                 from /home/robot/arena_ws/src/forks/pedsim_ros/pedsim_gazebo_plugin/src/ActorPlugin.cpp:2:
/usr/include/gazebo-11/gazebo/physics/Joint.hh:594:28: error: ‘optional’ in namespace ‘std’ does not name a template type
  594 |       public: virtual std::optional<sdf::SemanticPose> SDFSemanticPose()
      |                            ^~~~~~~~
/usr/include/gazebo-11/gazebo/physics/Joint.hh:594:23: note: ‘std::optional’ is only available from C++17 onwards
  594 |       public: virtual std::optional<sdf::SemanticPose> SDFSemanticPose()
      |                       ^~~
In file included from /usr/include/gazebo-11/gazebo/physics/physics.hh:9,
                 from /home/robot/arena_ws/src/forks/pedsim_ros/pedsim_gazebo_plugin/src/ActorPlugin.cpp:2:
/usr/include/gazebo-11/gazebo/physics/Collision.hh:205:28: error: ‘optional’ in namespace ‘std’ does not name a template type
  205 |       public: virtual std::optional<sdf::SemanticPose> SDFSemanticPose()
      |                            ^~~~~~~~
/usr/include/gazebo-11/gazebo/physics/Collision.hh:205:23: note: ‘std::optional’ is only available from C++17 onwards
  205 |       public: virtual std::optional<sdf::SemanticPose> SDFSemanticPose()
      |                       ^~~
[ 85%] Building CXX object forks/navigation/local_planner/teb/CMakeFiles/test_optim_node.dir/src/test_optim_node.cpp.o
In file included from /usr/include/gazebo-11/gazebo/physics/physics.hh:26,
                 from /home/robot/arena_ws/src/forks/pedsim_ros/pedsim_gazebo_plugin/src/ActorPlugin.cpp:2:
/usr/include/gazebo-11/gazebo/physics/Light.hh:78:20: error: ‘optional’ in namespace ‘std’ does not name a template type
   78 |       public: std::optional<sdf::SemanticPose> SDFSemanticPose() const override;
      |                    ^~~~~~~~
/usr/include/gazebo-11/gazebo/physics/Light.hh:78:15: note: ‘std::optional’ is only available from C++17 onwards
   78 |       public: std::optional<sdf::SemanticPose> SDFSemanticPose() const override;
      |               ^~~
In file included from /usr/include/ignition/math6/gz/math/Quaternion.hh:20,
                 from /usr/include/ignition/math6/gz/math/Pose3.hh:20,
                 from /usr/include/ignition/math6/ignition/math/Pose3.hh:18,
                 from /home/robot/arena_ws/src/forks/pedsim_ros/pedsim_gazebo_plugin/src/AttachModelPlugin.cc:20:
/usr/include/ignition/math6/gz/math/Helpers.hh: In instantiation of ‘std::tuple<_Tps ...> ignition::math::v6::breakDownDurations(DurationIn) [with Durations = {std::chrono::duration<long unsigned int, std::ratio<86400, 1> >, std::chrono::duration<long int, std::ratio<3600, 1> >, std::chrono::duration<long int, std::ratio<60, 1> >, std::chrono::duration<long int, std::ratio<1, 1> >, std::chrono::duration<long int, std::ratio<1, 1000> >}; DurationIn = std::chrono::duration<long int, std::ratio<1, 1000000000> >]’:
/usr/include/ignition/math6/gz/math/Helpers.hh:854:57:   required from here
/usr/include/ignition/math6/gz/math/Helpers.hh:835:29: error: no matching function for call to ‘get<std::chrono::duration<long unsigned int, std::ratio<86400, 1> > >(std::tuple<std::chrono::duration<long unsigned int, std::ratio<86400, 1> >, std::chrono::duration<long int, std::ratio<3600, 1> >, std::chrono::duration<long int, std::ratio<60, 1> >, std::chrono::duration<long int, std::ratio<1, 1> >, std::chrono::duration<long int, std::ratio<1, 1000> > >&)’
  835 |         (std::get<Durations>(retval) =
      |          ~~~~~~~~~~~~~~~~~~~^~~~~~~~
In file included from /usr/include/c++/9/tuple:38,
                 from /usr/include/c++/9/bits/stl_map.h:63,
                 from /usr/include/c++/9/map:61,
                 from /home/robot/arena_ws/src/forks/pedsim_ros/pedsim_gazebo_plugin/src/AttachModelPlugin.cc:18:
/usr/include/c++/9/utility:219:5: note: candidate: ‘template<long unsigned int _Int, class _Tp1, class _Tp2> constexpr typename std::tuple_element<_Int, std::pair<_Tp1, _Tp2> >::type& std::get(std::pair<_Tp1, _Tp2>&)’
  219 |     get(std::pair<_Tp1, _Tp2>& __in) noexcept
      |     ^~~
/usr/include/c++/9/utility:219:5: note:   template argument deduction/substitution failed:
/usr/include/c++/9/utility:224:5: note: candidate: ‘template<long unsigned int _Int, class _Tp1, class _Tp2> constexpr typename std::tuple_element<_Int, std::pair<_Tp1, _Tp2> >::type&& std::get(std::pair<_Tp1, _Tp2>&&)’
  224 |     get(std::pair<_Tp1, _Tp2>&& __in) noexcept
      |     ^~~
/usr/include/c++/9/utility:224:5: note:   template argument deduction/substitution failed:
/usr/include/c++/9/utility:229:5: note: candidate: ‘template<long unsigned int _Int, class _Tp1, class _Tp2> constexpr const typename std::tuple_element<_Int, std::pair<_Tp1, _Tp2> >::type& std::get(const std::pair<_Tp1, _Tp2>&)’
  229 |     get(const std::pair<_Tp1, _Tp2>& __in) noexcept
      |     ^~~
/usr/include/c++/9/utility:229:5: note:   template argument deduction/substitution failed:
/usr/include/c++/9/utility:234:5: note: candidate: ‘template<long unsigned int _Int, class _Tp1, class _Tp2> constexpr const typename std::tuple_element<_Int, std::pair<_Tp1, _Tp2> >::type&& std::get(const std::pair<_Tp1, _Tp2>&&)’
  234 |     get(const std::pair<_Tp1, _Tp2>&& __in) noexcept
      |     ^~~
/usr/include/c++/9/utility:234:5: note:   template argument deduction/substitution failed:
In file included from /usr/include/c++/9/tuple:39,
                 from /usr/include/c++/9/bits/stl_map.h:63,
                 from /usr/include/c++/9/map:61,
                 from /home/robot/arena_ws/src/forks/pedsim_ros/pedsim_gazebo_plugin/src/AttachModelPlugin.cc:18:
/usr/include/c++/9/array:307:5: note: candidate: ‘template<long unsigned int _Int, class _Tp, long unsigned int _Nm> constexpr _Tp& std::get(std::array<_Tp, _Nm>&)’
  307 |     get(array<_Tp, _Nm>& __arr) noexcept
      |     ^~~
/usr/include/c++/9/array:307:5: note:   template argument deduction/substitution failed:
/usr/include/c++/9/array:316:5: note: candidate: ‘template<long unsigned int _Int, class _Tp, long unsigned int _Nm> constexpr _Tp&& std::get(std::array<_Tp, _Nm>&&)’
  316 |     get(array<_Tp, _Nm>&& __arr) noexcept
      |     ^~~
/usr/include/c++/9/array:316:5: note:   template argument deduction/substitution failed:
/usr/include/c++/9/array:324:5: note: candidate: ‘template<long unsigned int _Int, class _Tp, long unsigned int _Nm> constexpr const _Tp& std::get(const std::array<_Tp, _Nm>&)’
  324 |     get(const array<_Tp, _Nm>& __arr) noexcept
      |     ^~~
/usr/include/c++/9/array:324:5: note:   template argument deduction/substitution failed:
/usr/include/c++/9/array:333:5: note: candidate: ‘template<long unsigned int _Int, class _Tp, long unsigned int _Nm> constexpr const _Tp&& std::get(const std::array<_Tp, _Nm>&&)’
  333 |     get(const array<_Tp, _Nm>&& __arr) noexcept
      |     ^~~
/usr/include/c++/9/array:333:5: note:   template argument deduction/substitution failed:
In file included from /usr/include/c++/9/bits/stl_map.h:63,
                 from /usr/include/c++/9/map:61,
                 from /home/robot/arena_ws/src/forks/pedsim_ros/pedsim_gazebo_plugin/src/AttachModelPlugin.cc:18:
/usr/include/c++/9/tuple:1320:5: note: candidate: ‘template<long unsigned int __i, class ... _Elements> constexpr std::__tuple_element_t<__i, std::tuple<_Args2 ...> >& std::get(std::tuple<_Args2 ...>&)’
 1320 |     get(tuple<_Elements...>& __t) noexcept
      |     ^~~
/usr/include/c++/9/tuple:1320:5: note:   template argument deduction/substitution failed:
/usr/include/c++/9/tuple:1326:5: note: candidate: ‘template<long unsigned int __i, class ... _Elements> constexpr std::__tuple_element_t<__i, std::tuple<_Args2 ...> >& std::get(const std::tuple<_Args2 ...>&)’
 1326 |     get(const tuple<_Elements...>& __t) noexcept
      |     ^~~
/usr/include/c++/9/tuple:1326:5: note:   template argument deduction/substitution failed:
/usr/include/c++/9/tuple:1332:5: note: candidate: ‘template<long unsigned int __i, class ... _Elements> constexpr std::__tuple_element_t<__i, std::tuple<_Args2 ...> >&& std::get(std::tuple<_Args2 ...>&&)’
 1332 |     get(tuple<_Elements...>&& __t) noexcept
      |     ^~~
/usr/include/c++/9/tuple:1332:5: note:   template argument deduction/substitution failed:
/usr/include/c++/9/tuple:1341:5: note: candidate: ‘template<long unsigned int __i, class ... _Elements> constexpr std::__tuple_element_t<__i, std::tuple<_Args2 ...> >&& std::get(const std::tuple<_Args2 ...>&&)’
 1341 |     get(const tuple<_Elements...>&& __t) noexcept
      |     ^~~
/usr/include/c++/9/tuple:1341:5: note:   template argument deduction/substitution failed:
In file included from /usr/include/ignition/math6/gz/math/Quaternion.hh:20,
                 from /usr/include/ignition/math6/gz/math/Pose3.hh:20,
                 from /usr/include/ignition/math6/ignition/math/Pose3.hh:18,
                 from /home/robot/arena_ws/src/forks/pedsim_ros/pedsim_gazebo_plugin/src/AttachModelPlugin.cc:20:
/usr/include/ignition/math6/gz/math/Helpers.hh:838:30: error: no matching function for call to ‘get<std::chrono::duration<long unsigned int, std::ratio<86400, 1> > >(std::tuple<std::chrono::duration<long unsigned int, std::ratio<86400, 1> >, std::chrono::duration<long int, std::ratio<3600, 1> >, std::chrono::duration<long int, std::ratio<60, 1> >, std::chrono::duration<long int, std::ratio<1, 1> >, std::chrono::duration<long int, std::ratio<1, 1000> > >&)’
  838 |           std::get<Durations>(retval))))), 0)...};
      |           ~~~~~~~~~~~~~~~~~~~^~~~~~~~
In file included from /usr/include/c++/9/tuple:38,
                 from /usr/include/c++/9/bits/stl_map.h:63,
                 from /usr/include/c++/9/map:61,
                 from /home/robot/arena_ws/src/forks/pedsim_ros/pedsim_gazebo_plugin/src/AttachModelPlugin.cc:18:
/usr/include/c++/9/utility:219:5: note: candidate: ‘template<long unsigned int _Int, class _Tp1, class _Tp2> constexpr typename std::tuple_element<_Int, std::pair<_Tp1, _Tp2> >::type& std::get(std::pair<_Tp1, _Tp2>&)’
  219 |     get(std::pair<_Tp1, _Tp2>& __in) noexcept
      |     ^~~
/usr/include/c++/9/utility:219:5: note:   template argument deduction/substitution failed:
/usr/include/c++/9/utility:224:5: note: candidate: ‘template<long unsigned int _Int, class _Tp1, class _Tp2> constexpr typename std::tuple_element<_Int, std::pair<_Tp1, _Tp2> >::type&& std::get(std::pair<_Tp1, _Tp2>&&)’
  224 |     get(std::pair<_Tp1, _Tp2>&& __in) noexcept
      |     ^~~
/usr/include/c++/9/utility:224:5: note:   template argument deduction/substitution failed:
/usr/include/c++/9/utility:229:5: note: candidate: ‘template<long unsigned int _Int, class _Tp1, class _Tp2> constexpr const typename std::tuple_element<_Int, std::pair<_Tp1, _Tp2> >::type& std::get(const std::pair<_Tp1, _Tp2>&)’
  229 |     get(const std::pair<_Tp1, _Tp2>& __in) noexcept
      |     ^~~
/usr/include/c++/9/utility:229:5: note:   template argument deduction/substitution failed:
/usr/include/c++/9/utility:234:5: note: candidate: ‘template<long unsigned int _Int, class _Tp1, class _Tp2> constexpr const typename std::tuple_element<_Int, std::pair<_Tp1, _Tp2> >::type&& std::get(const std::pair<_Tp1, _Tp2>&&)’
  234 |     get(const std::pair<_Tp1, _Tp2>&& __in) noexcept
      |     ^~~
/usr/include/c++/9/utility:234:5: note:   template argument deduction/substitution failed:
In file included from /usr/include/c++/9/tuple:39,
                 from /usr/include/c++/9/bits/stl_map.h:63,
                 from /usr/include/c++/9/map:61,
                 from /home/robot/arena_ws/src/forks/pedsim_ros/pedsim_gazebo_plugin/src/AttachModelPlugin.cc:18:
/usr/include/c++/9/array:307:5: note: candidate: ‘template<long unsigned int _Int, class _Tp, long unsigned int _Nm> constexpr _Tp& std::get(std::array<_Tp, _Nm>&)’
  307 |     get(array<_Tp, _Nm>& __arr) noexcept
      |     ^~~
/usr/include/c++/9/array:307:5: note:   template argument deduction/substitution failed:
/usr/include/c++/9/array:316:5: note: candidate: ‘template<long unsigned int _Int, class _Tp, long unsigned int _Nm> constexpr _Tp&& std::get(std::array<_Tp, _Nm>&&)’
  316 |     get(array<_Tp, _Nm>&& __arr) noexcept
      |     ^~~
/usr/include/c++/9/array:316:5: note:   template argument deduction/substitution failed:
/usr/include/c++/9/array:324:5: note: candidate: ‘template<long unsigned int _Int, class _Tp, long unsigned int _Nm> constexpr const _Tp& std::get(const std::array<_Tp, _Nm>&)’
  324 |     get(const array<_Tp, _Nm>& __arr) noexcept
      |     ^~~
/usr/include/c++/9/array:324:5: note:   template argument deduction/substitution failed:
/usr/include/c++/9/array:333:5: note: candidate: ‘template<long unsigned int _Int, class _Tp, long unsigned int _Nm> constexpr const _Tp&& std::get(const std::array<_Tp, _Nm>&&)’
  333 |     get(const array<_Tp, _Nm>&& __arr) noexcept
      |     ^~~
/usr/include/c++/9/array:333:5: note:   template argument deduction/substitution failed:
In file included from /usr/include/c++/9/bits/stl_map.h:63,
                 from /usr/include/c++/9/map:61,
                 from /home/robot/arena_ws/src/forks/pedsim_ros/pedsim_gazebo_plugin/src/AttachModelPlugin.cc:18:
/usr/include/c++/9/tuple:1320:5: note: candidate: ‘template<long unsigned int __i, class ... _Elements> constexpr std::__tuple_element_t<__i, std::tuple<_Args2 ...> >& std::get(std::tuple<_Args2 ...>&)’
 1320 |     get(tuple<_Elements...>& __t) noexcept
      |     ^~~
/usr/include/c++/9/tuple:1320:5: note:   template argument deduction/substitution failed:
/usr/include/c++/9/tuple:1326:5: note: candidate: ‘template<long unsigned int __i, class ... _Elements> constexpr std::__tuple_element_t<__i, std::tuple<_Args2 ...> >& std::get(const std::tuple<_Args2 ...>&)’
 1326 |     get(const tuple<_Elements...>& __t) noexcept
      |     ^~~
/usr/include/c++/9/tuple:1326:5: note:   template argument deduction/substitution failed:
/usr/include/c++/9/tuple:1332:5: note: candidate: ‘template<long unsigned int __i, class ... _Elements> constexpr std::__tuple_element_t<__i, std::tuple<_Args2 ...> >&& std::get(std::tuple<_Args2 ...>&&)’
 1332 |     get(tuple<_Elements...>&& __t) noexcept
      |     ^~~
/usr/include/c++/9/tuple:1332:5: note:   template argument deduction/substitution failed:
/usr/include/c++/9/tuple:1341:5: note: candidate: ‘template<long unsigned int __i, class ... _Elements> constexpr std::__tuple_element_t<__i, std::tuple<_Args2 ...> >&& std::get(const std::tuple<_Args2 ...>&&)’
 1341 |     get(const tuple<_Elements...>&& __t) noexcept
      |     ^~~
/usr/include/c++/9/tuple:1341:5: note:   template argument deduction/substitution failed:
In file included from /usr/include/gazebo-11/gazebo/physics/physics.hh:28,
                 from /home/robot/arena_ws/src/forks/pedsim_ros/pedsim_gazebo_plugin/src/ActorPlugin.cpp:2:
/usr/include/gazebo-11/gazebo/physics/Link.hh:617:20: error: ‘optional’ in namespace ‘std’ does not name a template type
  617 |       public: std::optional<sdf::SemanticPose> SDFSemanticPose() const override;
      |                    ^~~~~~~~
/usr/include/gazebo-11/gazebo/physics/Link.hh:617:15: note: ‘std::optional’ is only available from C++17 onwards
  617 |       public: std::optional<sdf::SemanticPose> SDFSemanticPose() const override;
      |               ^~~
In file included from /usr/include/gazebo-11/gazebo/physics/physics.hh:36,
                 from /home/robot/arena_ws/src/forks/pedsim_ros/pedsim_gazebo_plugin/src/ActorPlugin.cpp:2:
/usr/include/gazebo-11/gazebo/physics/PhysicsEngine.hh: In static member function ‘static T gazebo::physics::PhysicsEngine::any_cast(const boost::any&)’:
/usr/include/gazebo-11/gazebo/physics/PhysicsEngine.hh:274:45: error: ‘any’ is not a member of ‘std’
  274 |           auto value = boost::any_cast<std::any>(_value);
      |                                             ^~~
/usr/include/gazebo-11/gazebo/physics/PhysicsEngine.hh:274:45: note: ‘std::any’ is only available from C++17 onwards
/usr/include/gazebo-11/gazebo/physics/PhysicsEngine.hh:274:45: error: ‘any’ is not a member of ‘std’
/usr/include/gazebo-11/gazebo/physics/PhysicsEngine.hh:274:45: note: ‘std::any’ is only available from C++17 onwards
/usr/include/gazebo-11/gazebo/physics/PhysicsEngine.hh:275:23: error: ‘any_cast’ is not a member of ‘std’
  275 |           return std::any_cast<T>(value);
      |                       ^~~~~~~~
/usr/include/gazebo-11/gazebo/physics/PhysicsEngine.hh:275:23: note: ‘std::any_cast’ is only available from C++17 onwards
/usr/include/gazebo-11/gazebo/physics/PhysicsEngine.hh:275:33: error: expected primary-expression before ‘>’ token
  275 |           return std::any_cast<T>(value);
      |                                 ^
In file included from /usr/include/ignition/math6/gz/math/Quaternion.hh:20,
                 from /usr/include/ignition/math6/gz/math/Pose3.hh:20,
                 from /usr/include/sdformat-9.10/sdf/Actor.hh:23,
                 from /usr/include/sdformat-9.10/sdf/sdf.hh:2,
                 from /usr/include/gazebo-11/gazebo/common/Plugin.hh:33,
                 from /home/robot/arena_ws/src/forks/pedsim_ros/pedsim_gazebo_plugin/src/ActorPlugin.cpp:1:
/usr/include/ignition/math6/gz/math/Helpers.hh: In instantiation of ‘std::tuple<_Tps ...> ignition::math::v6::breakDownDurations(DurationIn) [with Durations = {std::chrono::duration<long unsigned int, std::ratio<86400, 1> >, std::chrono::duration<long int, std::ratio<3600, 1> >, std::chrono::duration<long int, std::ratio<60, 1> >, std::chrono::duration<long int, std::ratio<1, 1> >, std::chrono::duration<long int, std::ratio<1, 1000> >}; DurationIn = std::chrono::duration<long int, std::ratio<1, 1000000000> >]’:
/usr/include/ignition/math6/gz/math/Helpers.hh:854:57:   required from here
/usr/include/ignition/math6/gz/math/Helpers.hh:835:29: error: no matching function for call to ‘get<std::chrono::duration<long unsigned int, std::ratio<86400, 1> > >(std::tuple<std::chrono::duration<long unsigned int, std::ratio<86400, 1> >, std::chrono::duration<long int, std::ratio<3600, 1> >, std::chrono::duration<long int, std::ratio<60, 1> >, std::chrono::duration<long int, std::ratio<1, 1> >, std::chrono::duration<long int, std::ratio<1, 1000> > >&)’
  835 |         (std::get<Durations>(retval) =
      |          ~~~~~~~~~~~~~~~~~~~^~~~~~~~
In file included from /usr/include/c++/9/bits/unique_ptr.h:36,
                 from /usr/include/c++/9/memory:80,
                 from /usr/include/sdformat-9.10/sdf/Actor.hh:20,
                 from /usr/include/sdformat-9.10/sdf/sdf.hh:2,
                 from /usr/include/gazebo-11/gazebo/common/Plugin.hh:33,
                 from /home/robot/arena_ws/src/forks/pedsim_ros/pedsim_gazebo_plugin/src/ActorPlugin.cpp:1:
/usr/include/c++/9/utility:219:5: note: candidate: ‘template<long unsigned int _Int, class _Tp1, class _Tp2> constexpr typename std::tuple_element<_Int, std::pair<_Tp1, _Tp2> >::type& std::get(std::pair<_Tp1, _Tp2>&)’
  219 |     get(std::pair<_Tp1, _Tp2>& __in) noexcept
      |     ^~~
/usr/include/c++/9/utility:219:5: note:   template argument deduction/substitution failed:
/usr/include/c++/9/utility:224:5: note: candidate: ‘template<long unsigned int _Int, class _Tp1, class _Tp2> constexpr typename std::tuple_element<_Int, std::pair<_Tp1, _Tp2> >::type&& std::get(std::pair<_Tp1, _Tp2>&&)’
  224 |     get(std::pair<_Tp1, _Tp2>&& __in) noexcept
      |     ^~~
/usr/include/c++/9/utility:224:5: note:   template argument deduction/substitution failed:
/usr/include/c++/9/utility:229:5: note: candidate: ‘template<long unsigned int _Int, class _Tp1, class _Tp2> constexpr const typename std::tuple_element<_Int, std::pair<_Tp1, _Tp2> >::type& std::get(const std::pair<_Tp1, _Tp2>&)’
  229 |     get(const std::pair<_Tp1, _Tp2>& __in) noexcept
      |     ^~~
/usr/include/c++/9/utility:229:5: note:   template argument deduction/substitution failed:
/usr/include/c++/9/utility:234:5: note: candidate: ‘template<long unsigned int _Int, class _Tp1, class _Tp2> constexpr const typename std::tuple_element<_Int, std::pair<_Tp1, _Tp2> >::type&& std::get(const std::pair<_Tp1, _Tp2>&&)’
  234 |     get(const std::pair<_Tp1, _Tp2>&& __in) noexcept
      |     ^~~
/usr/include/c++/9/utility:234:5: note:   template argument deduction/substitution failed:
In file included from /usr/include/c++/9/tuple:39,
                 from /usr/include/c++/9/bits/unique_ptr.h:37,
                 from /usr/include/c++/9/memory:80,
                 from /usr/include/sdformat-9.10/sdf/Actor.hh:20,
                 from /usr/include/sdformat-9.10/sdf/sdf.hh:2,
                 from /usr/include/gazebo-11/gazebo/common/Plugin.hh:33,
                 from /home/robot/arena_ws/src/forks/pedsim_ros/pedsim_gazebo_plugin/src/ActorPlugin.cpp:1:
/usr/include/c++/9/array:307:5: note: candidate: ‘template<long unsigned int _Int, class _Tp, long unsigned int _Nm> constexpr _Tp& std::get(std::array<_Tp, _Nm>&)’
  307 |     get(array<_Tp, _Nm>& __arr) noexcept
      |     ^~~
/usr/include/c++/9/array:307:5: note:   template argument deduction/substitution failed:
/usr/include/c++/9/array:316:5: note: candidate: ‘template<long unsigned int _Int, class _Tp, long unsigned int _Nm> constexpr _Tp&& std::get(std::array<_Tp, _Nm>&&)’
  316 |     get(array<_Tp, _Nm>&& __arr) noexcept
      |     ^~~
/usr/include/c++/9/array:316:5: note:   template argument deduction/substitution failed:
/usr/include/c++/9/array:324:5: note: candidate: ‘template<long unsigned int _Int, class _Tp, long unsigned int _Nm> constexpr const _Tp& std::get(const std::array<_Tp, _Nm>&)’
  324 |     get(const array<_Tp, _Nm>& __arr) noexcept
      |     ^~~
/usr/include/c++/9/array:324:5: note:   template argument deduction/substitution failed:
/usr/include/c++/9/array:333:5: note: candidate: ‘template<long unsigned int _Int, class _Tp, long unsigned int _Nm> constexpr const _Tp&& std::get(const std::array<_Tp, _Nm>&&)’
  333 |     get(const array<_Tp, _Nm>&& __arr) noexcept
      |     ^~~
/usr/include/c++/9/array:333:5: note:   template argument deduction/substitution failed:
In file included from /usr/include/c++/9/bits/unique_ptr.h:37,
                 from /usr/include/c++/9/memory:80,
                 from /usr/include/sdformat-9.10/sdf/Actor.hh:20,
                 from /usr/include/sdformat-9.10/sdf/sdf.hh:2,
                 from /usr/include/gazebo-11/gazebo/common/Plugin.hh:33,
                 from /home/robot/arena_ws/src/forks/pedsim_ros/pedsim_gazebo_plugin/src/ActorPlugin.cpp:1:
/usr/include/c++/9/tuple:1320:5: note: candidate: ‘template<long unsigned int __i, class ... _Elements> constexpr std::__tuple_element_t<__i, std::tuple<_Elements ...> >& std::get(std::tuple<_Elements ...>&)’
 1320 |     get(tuple<_Elements...>& __t) noexcept
      |     ^~~
/usr/include/c++/9/tuple:1320:5: note:   template argument deduction/substitution failed:
/usr/include/c++/9/tuple:1326:5: note: candidate: ‘template<long unsigned int __i, class ... _Elements> constexpr std::__tuple_element_t<__i, std::tuple<_Elements ...> >& std::get(const std::tuple<_Elements ...>&)’
 1326 |     get(const tuple<_Elements...>& __t) noexcept
      |     ^~~
/usr/include/c++/9/tuple:1326:5: note:   template argument deduction/substitution failed:
/usr/include/c++/9/tuple:1332:5: note: candidate: ‘template<long unsigned int __i, class ... _Elements> constexpr std::__tuple_element_t<__i, std::tuple<_Elements ...> >&& std::get(std::tuple<_Elements ...>&&)’
 1332 |     get(tuple<_Elements...>&& __t) noexcept
      |     ^~~
/usr/include/c++/9/tuple:1332:5: note:   template argument deduction/substitution failed:
/usr/include/c++/9/tuple:1341:5: note: candidate: ‘template<long unsigned int __i, class ... _Elements> constexpr std::__tuple_element_t<__i, std::tuple<_Elements ...> >&& std::get(const std::tuple<_Elements ...>&&)’
 1341 |     get(const tuple<_Elements...>&& __t) noexcept
      |     ^~~
/usr/include/c++/9/tuple:1341:5: note:   template argument deduction/substitution failed:
In file included from /usr/include/ignition/math6/gz/math/Quaternion.hh:20,
                 from /usr/include/ignition/math6/gz/math/Pose3.hh:20,
                 from /usr/include/sdformat-9.10/sdf/Actor.hh:23,
                 from /usr/include/sdformat-9.10/sdf/sdf.hh:2,
                 from /usr/include/gazebo-11/gazebo/common/Plugin.hh:33,
                 from /home/robot/arena_ws/src/forks/pedsim_ros/pedsim_gazebo_plugin/src/ActorPlugin.cpp:1:
/usr/include/ignition/math6/gz/math/Helpers.hh:838:30: error: no matching function for call to ‘get<std::chrono::duration<long unsigned int, std::ratio<86400, 1> > >(std::tuple<std::chrono::duration<long unsigned int, std::ratio<86400, 1> >, std::chrono::duration<long int, std::ratio<3600, 1> >, std::chrono::duration<long int, std::ratio<60, 1> >, std::chrono::duration<long int, std::ratio<1, 1> >, std::chrono::duration<long int, std::ratio<1, 1000> > >&)’
  838 |           std::get<Durations>(retval))))), 0)...};
      |           ~~~~~~~~~~~~~~~~~~~^~~~~~~~
In file included from /usr/include/c++/9/bits/unique_ptr.h:36,
                 from /usr/include/c++/9/memory:80,
                 from /usr/include/sdformat-9.10/sdf/Actor.hh:20,
                 from /usr/include/sdformat-9.10/sdf/sdf.hh:2,
                 from /usr/include/gazebo-11/gazebo/common/Plugin.hh:33,
                 from /home/robot/arena_ws/src/forks/pedsim_ros/pedsim_gazebo_plugin/src/ActorPlugin.cpp:1:
/usr/include/c++/9/utility:219:5: note: candidate: ‘template<long unsigned int _Int, class _Tp1, class _Tp2> constexpr typename std::tuple_element<_Int, std::pair<_Tp1, _Tp2> >::type& std::get(std::pair<_Tp1, _Tp2>&)’
  219 |     get(std::pair<_Tp1, _Tp2>& __in) noexcept
      |     ^~~
/usr/include/c++/9/utility:219:5: note:   template argument deduction/substitution failed:
/usr/include/c++/9/utility:224:5: note: candidate: ‘template<long unsigned int _Int, class _Tp1, class _Tp2> constexpr typename std::tuple_element<_Int, std::pair<_Tp1, _Tp2> >::type&& std::get(std::pair<_Tp1, _Tp2>&&)’
  224 |     get(std::pair<_Tp1, _Tp2>&& __in) noexcept
      |     ^~~
/usr/include/c++/9/utility:224:5: note:   template argument deduction/substitution failed:
/usr/include/c++/9/utility:229:5: note: candidate: ‘template<long unsigned int _Int, class _Tp1, class _Tp2> constexpr const typename std::tuple_element<_Int, std::pair<_Tp1, _Tp2> >::type& std::get(const std::pair<_Tp1, _Tp2>&)’
  229 |     get(const std::pair<_Tp1, _Tp2>& __in) noexcept
      |     ^~~
/usr/include/c++/9/utility:229:5: note:   template argument deduction/substitution failed:
/usr/include/c++/9/utility:234:5: note: candidate: ‘template<long unsigned int _Int, class _Tp1, class _Tp2> constexpr const typename std::tuple_element<_Int, std::pair<_Tp1, _Tp2> >::type&& std::get(const std::pair<_Tp1, _Tp2>&&)’
  234 |     get(const std::pair<_Tp1, _Tp2>&& __in) noexcept
      |     ^~~
/usr/include/c++/9/utility:234:5: note:   template argument deduction/substitution failed:
In file included from /usr/include/c++/9/tuple:39,
                 from /usr/include/c++/9/bits/unique_ptr.h:37,
                 from /usr/include/c++/9/memory:80,
                 from /usr/include/sdformat-9.10/sdf/Actor.hh:20,
                 from /usr/include/sdformat-9.10/sdf/sdf.hh:2,
                 from /usr/include/gazebo-11/gazebo/common/Plugin.hh:33,
                 from /home/robot/arena_ws/src/forks/pedsim_ros/pedsim_gazebo_plugin/src/ActorPlugin.cpp:1:
/usr/include/c++/9/array:307:5: note: candidate: ‘template<long unsigned int _Int, class _Tp, long unsigned int _Nm> constexpr _Tp& std::get(std::array<_Tp, _Nm>&)’
  307 |     get(array<_Tp, _Nm>& __arr) noexcept
      |     ^~~
/usr/include/c++/9/array:307:5: note:   template argument deduction/substitution failed:
/usr/include/c++/9/array:316:5: note: candidate: ‘template<long unsigned int _Int, class _Tp, long unsigned int _Nm> constexpr _Tp&& std::get(std::array<_Tp, _Nm>&&)’
  316 |     get(array<_Tp, _Nm>&& __arr) noexcept
      |     ^~~
/usr/include/c++/9/array:316:5: note:   template argument deduction/substitution failed:
/usr/include/c++/9/array:324:5: note: candidate: ‘template<long unsigned int _Int, class _Tp, long unsigned int _Nm> constexpr const _Tp& std::get(const std::array<_Tp, _Nm>&)’
  324 |     get(const array<_Tp, _Nm>& __arr) noexcept
      |     ^~~
/usr/include/c++/9/array:324:5: note:   template argument deduction/substitution failed:
/usr/include/c++/9/array:333:5: note: candidate: ‘template<long unsigned int _Int, class _Tp, long unsigned int _Nm> constexpr const _Tp&& std::get(const std::array<_Tp, _Nm>&&)’
  333 |     get(const array<_Tp, _Nm>&& __arr) noexcept
      |     ^~~
/usr/include/c++/9/array:333:5: note:   template argument deduction/substitution failed:
In file included from /usr/include/c++/9/bits/unique_ptr.h:37,
                 from /usr/include/c++/9/memory:80,
                 from /usr/include/sdformat-9.10/sdf/Actor.hh:20,
                 from /usr/include/sdformat-9.10/sdf/sdf.hh:2,
                 from /usr/include/gazebo-11/gazebo/common/Plugin.hh:33,
                 from /home/robot/arena_ws/src/forks/pedsim_ros/pedsim_gazebo_plugin/src/ActorPlugin.cpp:1:
/usr/include/c++/9/tuple:1320:5: note: candidate: ‘template<long unsigned int __i, class ... _Elements> constexpr std::__tuple_element_t<__i, std::tuple<_Elements ...> >& std::get(std::tuple<_Elements ...>&)’
 1320 |     get(tuple<_Elements...>& __t) noexcept
      |     ^~~
/usr/include/c++/9/tuple:1320:5: note:   template argument deduction/substitution failed:
/usr/include/c++/9/tuple:1326:5: note: candidate: ‘template<long unsigned int __i, class ... _Elements> constexpr std::__tuple_element_t<__i, std::tuple<_Elements ...> >& std::get(const std::tuple<_Elements ...>&)’
 1326 |     get(const tuple<_Elements...>& __t) noexcept
      |     ^~~
/usr/include/c++/9/tuple:1326:5: note:   template argument deduction/substitution failed:
/usr/include/c++/9/tuple:1332:5: note: candidate: ‘template<long unsigned int __i, class ... _Elements> constexpr std::__tuple_element_t<__i, std::tuple<_Elements ...> >&& std::get(std::tuple<_Elements ...>&&)’
 1332 |     get(tuple<_Elements...>&& __t) noexcept
      |     ^~~
/usr/include/c++/9/tuple:1332:5: note:   template argument deduction/substitution failed:
/usr/include/c++/9/tuple:1341:5: note: candidate: ‘template<long unsigned int __i, class ... _Elements> constexpr std::__tuple_element_t<__i, std::tuple<_Elements ...> >&& std::get(const std::tuple<_Elements ...>&&)’
 1341 |     get(const tuple<_Elements...>&& __t) noexcept
      |     ^~~
/usr/include/c++/9/tuple:1341:5: note:   template argument deduction/substitution failed:
[ 85%] Linking CXX shared library /home/robot/arena_ws/devel/lib/liball_in_one_global_planner_interface.so
[ 85%] Linking CXX executable /home/robot/arena_ws/devel/lib/light_scan_sim/light_scan_sim_node
[ 85%] Built target all_in_one_global_planner_interface
[ 85%] Building CXX object forks/robots/cob4_packages/cob_omni_drive_controller/CMakeFiles/cob_omni_drive_controller.dir/src/control_plugin.cpp.o
[ 85%] Linking CXX executable /home/robot/arena_ws/devel/lib/all_in_one_local_planner_interface/all_in_one_local_planner_node
[ 85%] Built target light_scan_sim_node
[ 85%] Building CXX object forks/robots/cob4_packages/cob_omni_drive_controller/CMakeFiles/cob_omni_drive_controller.dir/src/odom_plugin.cpp.o
In file included from /opt/ros/noetic/include/ros/ros.h:40,
                 from /home/robot/arena_ws/src/arena-rosnav-3D/arena_navigation/arena_path_search/include/arena_path_search/dyn_astar.h:5,
                 from /home/robot/arena_ws/src/arena-rosnav-3D/arena_navigation/arena_path_search/src/dyn_astar.cpp:1:
/home/robot/arena_ws/src/arena-rosnav-3D/arena_navigation/arena_path_search/include/arena_path_search/dyn_astar.h: In member function ‘bool AStar::Coord2Index(const Vector2d&, Eigen::Vector2i&) const’:
/home/robot/arena_ws/src/arena-rosnav-3D/arena_navigation/arena_path_search/include/arena_path_search/dyn_astar.h:109:13: warning: format ‘%d’ expects a matching ‘int’ argument [-Wformat=]
  109 |   ROS_ERROR("Ran out of pool, index=%d %d %d", idx(0), idx(1));
      |             ^~~~~~~~~~~~~~~~~~~~~~~~~~~~~~~~~
/opt/ros/noetic/include/ros/console.h:351:165: note: in definition of macro ‘ROSCONSOLE_PRINT_AT_LOCATION_WITH_FILTER’
  351 |     ::ros::console::print(filter, __rosconsole_define_location__loc.logger_, __rosconsole_define_location__loc.level_, __FILE__, __LINE__, __ROSCONSOLE_FUNCTION__, __VA_ARGS__)
      |                                                                                                                                                                     ^~~~~~~~~~~
/opt/ros/noetic/include/ros/console.h:390:7: note: in expansion of macro ‘ROSCONSOLE_PRINT_AT_LOCATION’
  390 |       ROSCONSOLE_PRINT_AT_LOCATION(__VA_ARGS__); \
      |       ^~~~~~~~~~~~~~~~~~~~~~~~~~~~
/opt/ros/noetic/include/ros/console.h:575:35: note: in expansion of macro ‘ROS_LOG_COND’
  575 | #define ROS_LOG(level, name, ...) ROS_LOG_COND(true, level, name, __VA_ARGS__)
      |                                   ^~~~~~~~~~~~
/opt/ros/noetic/include/rosconsole/macros_generated.h:214:24: note: in expansion of macro ‘ROS_LOG’
  214 | #define ROS_ERROR(...) ROS_LOG(::ros::console::levels::Error, ROSCONSOLE_DEFAULT_NAME, __VA_ARGS__)
      |                        ^~~~~~~
/home/robot/arena_ws/src/arena-rosnav-3D/arena_navigation/arena_path_search/include/arena_path_search/dyn_astar.h:109:3: note: in expansion of macro ‘ROS_ERROR’
  109 |   ROS_ERROR("Ran out of pool, index=%d %d %d", idx(0), idx(1));
      |   ^~~~~~~~~
In file included from /home/robot/arena_ws/src/arena-rosnav-3D/arena_navigation/arena_path_search/src/dyn_astar.cpp:1:
/home/robot/arena_ws/src/arena-rosnav-3D/arena_navigation/arena_path_search/include/arena_path_search/dyn_astar.h:109:44: note: format string is defined here
  109 |   ROS_ERROR("Ran out of pool, index=%d %d %d", idx(0), idx(1));
      |                                           ~^
      |                                            |
      |                                            int
[ 85%] Built target all_in_one_local_planner_node
[ 86%] Building CXX object forks/navigation/local_planner/mpc/mpc_local_planner/CMakeFiles/mpc_local_planner.dir/src/controller.cpp.o
make[2]: *** [forks/pedsim_ros/pedsim_gazebo_plugin/CMakeFiles/ActorCollisionsPlugin.dir/build.make:76：forks/pedsim_ros/pedsim_gazebo_plugin/CMakeFiles/ActorCollisionsPlugin.dir/src/ActorCollisionsPlugin.cc.o] 错误 1
make[1]: *** [CMakeFiles/Makefile2:12031：forks/pedsim_ros/pedsim_gazebo_plugin/CMakeFiles/ActorCollisionsPlugin.dir/all] 错误 2
make[1]: *** 正在等待未完成的任务....
[ 86%] Building CXX object forks/navigation/local_planner/mpc/mpc_local_planner/CMakeFiles/mpc_local_planner.dir/src/mpc_local_planner_ros.cpp.o
In file included from /usr/include/ignition/transport8/gz/transport/Node.hh:42,
                 from /usr/include/ignition/transport8/ignition/transport/Node.hh:18,
                 from /usr/include/gazebo-11/gazebo/physics/Entity.hh:25,
                 from /usr/include/gazebo-11/gazebo/physics/Model.hh:30,
                 from /usr/include/gazebo-11/gazebo/physics/Actor.hh:30,
                 from /usr/include/gazebo-11/gazebo/physics/physics.hh:2,
                 from /home/robot/arena_ws/src/forks/gazebo_ros_2Dmap_plugin/include/gazebo_2Dmap_plugin.h:31,
                 from /home/robot/arena_ws/src/forks/gazebo_ros_2Dmap_plugin/src/gazebo_2Dmap_plugin.cpp:21:
/usr/include/ignition/transport8/gz/transport/NodeShared.hh:298:20: error: ‘optional’ in namespace ‘std’ does not name a template type
  298 |       public: std::optional<TopicStatistics> TopicStats(
      |                    ^~~~~~~~
/usr/include/ignition/transport8/gz/transport/NodeShared.hh:298:15: note: ‘std::optional’ is only available from C++17 onwards
  298 |       public: std::optional<TopicStatistics> TopicStats(
      |               ^~~
In file included from /usr/include/ignition/transport8/ignition/transport/Node.hh:18,
                 from /usr/include/gazebo-11/gazebo/physics/Entity.hh:25,
                 from /usr/include/gazebo-11/gazebo/physics/Model.hh:30,
                 from /usr/include/gazebo-11/gazebo/physics/Actor.hh:30,
                 from /usr/include/gazebo-11/gazebo/physics/physics.hh:2,
                 from /home/robot/arena_ws/src/forks/gazebo_ros_2Dmap_plugin/include/gazebo_2Dmap_plugin.h:31,
                 from /home/robot/arena_ws/src/forks/gazebo_ros_2Dmap_plugin/src/gazebo_2Dmap_plugin.cpp:21:
/usr/include/ignition/transport8/gz/transport/Node.hh:740:20: error: ‘optional’ in namespace ‘std’ does not name a template type
  740 |       public: std::optional<TopicStatistics> TopicStats(
      |                    ^~~~~~~~
/usr/include/ignition/transport8/gz/transport/Node.hh:740:15: note: ‘std::optional’ is only available from C++17 onwards
  740 |       public: std::optional<TopicStatistics> TopicStats(
      |               ^~~
In file included from /usr/include/gazebo-11/gazebo/physics/Entity.hh:35,
                 from /usr/include/gazebo-11/gazebo/physics/Model.hh:30,
                 from /usr/include/gazebo-11/gazebo/physics/Actor.hh:30,
                 from /usr/include/gazebo-11/gazebo/physics/physics.hh:2,
                 from /home/robot/arena_ws/src/forks/gazebo_ros_2Dmap_plugin/include/gazebo_2Dmap_plugin.h:31,
                 from /home/robot/arena_ws/src/forks/gazebo_ros_2Dmap_plugin/src/gazebo_2Dmap_plugin.cpp:21:
/usr/include/gazebo-11/gazebo/physics/Base.hh:342:28: error: ‘optional’ in namespace ‘std’ does not name a template type
  342 |       public: virtual std::optional<sdf::SemanticPose> SDFSemanticPose() const;
      |                            ^~~~~~~~
/usr/include/gazebo-11/gazebo/physics/Base.hh:342:23: note: ‘std::optional’ is only available from C++17 onwards
  342 |       public: virtual std::optional<sdf::SemanticPose> SDFSemanticPose() const;
      |                       ^~~
In file included from /usr/include/gazebo-11/gazebo/physics/Actor.hh:30,
                 from /usr/include/gazebo-11/gazebo/physics/physics.hh:2,
                 from /home/robot/arena_ws/src/forks/gazebo_ros_2Dmap_plugin/include/gazebo_2Dmap_plugin.h:31,
                 from /home/robot/arena_ws/src/forks/gazebo_ros_2Dmap_plugin/src/gazebo_2Dmap_plugin.cpp:21:
/usr/include/gazebo-11/gazebo/physics/Model.hh:486:20: error: ‘optional’ in namespace ‘std’ does not name a template type
  486 |       public: std::optional<sdf::SemanticPose> SDFSemanticPose() const override;
      |                    ^~~~~~~~
/usr/include/gazebo-11/gazebo/physics/Model.hh:486:15: note: ‘std::optional’ is only available from C++17 onwards
  486 |       public: std::optional<sdf::SemanticPose> SDFSemanticPose() const override;
      |               ^~~
make[2]: *** [forks/pedsim_ros/pedsim_gazebo_plugin/CMakeFiles/AttachModelPlugin.dir/build.make:76：forks/pedsim_ros/pedsim_gazebo_plugin/CMakeFiles/AttachModelPlugin.dir/src/AttachModelPlugin.cc.o] 错误 1
make[1]: *** [CMakeFiles/Makefile2:12134：forks/pedsim_ros/pedsim_gazebo_plugin/CMakeFiles/AttachModelPlugin.dir/all] 错误 2
In file included from /usr/include/gazebo-11/gazebo/physics/BallJoint.hh:25,
                 from /usr/include/gazebo-11/gazebo/physics/physics.hh:6,
                 from /home/robot/arena_ws/src/forks/gazebo_ros_2Dmap_plugin/include/gazebo_2Dmap_plugin.h:31,
                 from /home/robot/arena_ws/src/forks/gazebo_ros_2Dmap_plugin/src/gazebo_2Dmap_plugin.cpp:21:
/usr/include/gazebo-11/gazebo/physics/Joint.hh:594:28: error: ‘optional’ in namespace ‘std’ does not name a template type
  594 |       public: virtual std::optional<sdf::SemanticPose> SDFSemanticPose()
      |                            ^~~~~~~~
/usr/include/gazebo-11/gazebo/physics/Joint.hh:594:23: note: ‘std::optional’ is only available from C++17 onwards
  594 |       public: virtual std::optional<sdf::SemanticPose> SDFSemanticPose()
      |                       ^~~
In file included from /usr/include/gazebo-11/gazebo/physics/physics.hh:9,
                 from /home/robot/arena_ws/src/forks/gazebo_ros_2Dmap_plugin/include/gazebo_2Dmap_plugin.h:31,
                 from /home/robot/arena_ws/src/forks/gazebo_ros_2Dmap_plugin/src/gazebo_2Dmap_plugin.cpp:21:
/usr/include/gazebo-11/gazebo/physics/Collision.hh:205:28: error: ‘optional’ in namespace ‘std’ does not name a template type
  205 |       public: virtual std::optional<sdf::SemanticPose> SDFSemanticPose()
      |                            ^~~~~~~~
/usr/include/gazebo-11/gazebo/physics/Collision.hh:205:23: note: ‘std::optional’ is only available from C++17 onwards
  205 |       public: virtual std::optional<sdf::SemanticPose> SDFSemanticPose()
      |                       ^~~
In file included from /usr/include/gazebo-11/gazebo/physics/physics.hh:26,
                 from /home/robot/arena_ws/src/forks/gazebo_ros_2Dmap_plugin/include/gazebo_2Dmap_plugin.h:31,
                 from /home/robot/arena_ws/src/forks/gazebo_ros_2Dmap_plugin/src/gazebo_2Dmap_plugin.cpp:21:
/usr/include/gazebo-11/gazebo/physics/Light.hh:78:20: error: ‘optional’ in namespace ‘std’ does not name a template type
   78 |       public: std::optional<sdf::SemanticPose> SDFSemanticPose() const override;
      |                    ^~~~~~~~
/usr/include/gazebo-11/gazebo/physics/Light.hh:78:15: note: ‘std::optional’ is only available from C++17 onwards
   78 |       public: std::optional<sdf::SemanticPose> SDFSemanticPose() const override;
      |               ^~~
In file included from /usr/include/gazebo-11/gazebo/physics/physics.hh:28,
                 from /home/robot/arena_ws/src/forks/gazebo_ros_2Dmap_plugin/include/gazebo_2Dmap_plugin.h:31,
                 from /home/robot/arena_ws/src/forks/gazebo_ros_2Dmap_plugin/src/gazebo_2Dmap_plugin.cpp:21:
/usr/include/gazebo-11/gazebo/physics/Link.hh:617:20: error: ‘optional’ in namespace ‘std’ does not name a template type
  617 |       public: std::optional<sdf::SemanticPose> SDFSemanticPose() const override;
      |                    ^~~~~~~~
/usr/include/gazebo-11/gazebo/physics/Link.hh:617:15: note: ‘std::optional’ is only available from C++17 onwards
  617 |       public: std::optional<sdf::SemanticPose> SDFSemanticPose() const override;
      |               ^~~
In file included from /usr/include/gazebo-11/gazebo/physics/physics.hh:36,
                 from /home/robot/arena_ws/src/forks/gazebo_ros_2Dmap_plugin/include/gazebo_2Dmap_plugin.h:31,
                 from /home/robot/arena_ws/src/forks/gazebo_ros_2Dmap_plugin/src/gazebo_2Dmap_plugin.cpp:21:
/usr/include/gazebo-11/gazebo/physics/PhysicsEngine.hh: In static member function ‘static T gazebo::physics::PhysicsEngine::any_cast(const boost::any&)’:
/usr/include/gazebo-11/gazebo/physics/PhysicsEngine.hh:274:45: error: ‘any’ is not a member of ‘std’
  274 |           auto value = boost::any_cast<std::any>(_value);
      |                                             ^~~
/usr/include/gazebo-11/gazebo/physics/PhysicsEngine.hh:274:45: note: ‘std::any’ is only available from C++17 onwards
/usr/include/gazebo-11/gazebo/physics/PhysicsEngine.hh:274:45: error: ‘any’ is not a member of ‘std’
/usr/include/gazebo-11/gazebo/physics/PhysicsEngine.hh:274:45: note: ‘std::any’ is only available from C++17 onwards
/usr/include/gazebo-11/gazebo/physics/PhysicsEngine.hh:275:23: error: ‘any_cast’ is not a member of ‘std’
  275 |           return std::any_cast<T>(value);
      |                       ^~~~~~~~
/usr/include/gazebo-11/gazebo/physics/PhysicsEngine.hh:275:23: note: ‘std::any_cast’ is only available from C++17 onwards
/usr/include/gazebo-11/gazebo/physics/PhysicsEngine.hh:275:33: error: expected primary-expression before ‘>’ token
  275 |           return std::any_cast<T>(value);
      |                                 ^
[ 86%] Linking CXX executable /home/robot/arena_ws/devel/lib/pedsim_sensors/pedsim_people_sensor
make[2]: *** [forks/pedsim_ros/pedsim_gazebo_plugin/CMakeFiles/ActorPosePlugin.dir/build.make:76：forks/pedsim_ros/pedsim_gazebo_plugin/CMakeFiles/ActorPosePlugin.dir/src/ActorPlugin.cpp.o] 错误 1
make[1]: *** [CMakeFiles/Makefile2:11928：forks/pedsim_ros/pedsim_gazebo_plugin/CMakeFiles/ActorPosePlugin.dir/all] 错误 2
[ 86%] Built target pedsim_people_sensor
In file included from /usr/include/ignition/math6/gz/math/Spline.hh:22,
                 from /usr/include/ignition/math6/ignition/math/Spline.hh:18,
                 from /usr/include/gazebo-11/gazebo/common/Animation.hh:22,
                 from /usr/include/gazebo-11/gazebo/common/common.hh:5,
                 from /usr/include/gazebo-11/gazebo/gazebo_core.hh:19,
                 from /usr/include/gazebo-11/gazebo/gazebo.hh:20,
                 from /home/robot/arena_ws/src/forks/gazebo_ros_2Dmap_plugin/include/common.h:27,
                 from /home/robot/arena_ws/src/forks/gazebo_ros_2Dmap_plugin/include/gazebo_2Dmap_plugin.h:28,
                 from /home/robot/arena_ws/src/forks/gazebo_ros_2Dmap_plugin/src/gazebo_2Dmap_plugin.cpp:21:
/usr/include/ignition/math6/gz/math/Helpers.hh: In instantiation of ‘std::tuple<_Tps ...> ignition::math::v6::breakDownDurations(DurationIn) [with Durations = {std::chrono::duration<long unsigned int, std::ratio<86400, 1> >, std::chrono::duration<long int, std::ratio<3600, 1> >, std::chrono::duration<long int, std::ratio<60, 1> >, std::chrono::duration<long int, std::ratio<1, 1> >, std::chrono::duration<long int, std::ratio<1, 1000> >}; DurationIn = std::chrono::duration<long int, std::ratio<1, 1000000000> >]’:
/usr/include/ignition/math6/gz/math/Helpers.hh:854:57:   required from here
/usr/include/ignition/math6/gz/math/Helpers.hh:835:29: error: no matching function for call to ‘get<std::chrono::duration<long unsigned int, std::ratio<86400, 1> > >(std::tuple<std::chrono::duration<long unsigned int, std::ratio<86400, 1> >, std::chrono::duration<long int, std::ratio<3600, 1> >, std::chrono::duration<long int, std::ratio<60, 1> >, std::chrono::duration<long int, std::ratio<1, 1> >, std::chrono::duration<long int, std::ratio<1, 1000> > >&)’
  835 |         (std::get<Durations>(retval) =
      |          ~~~~~~~~~~~~~~~~~~~^~~~~~~~
In file included from /usr/include/c++/9/tuple:38,
                 from /usr/include/c++/9/functional:54,
                 from /usr/include/eigen3/Eigen/Core:281,
                 from /usr/include/eigen3/Eigen/Dense:1,
                 from /home/robot/arena_ws/src/forks/gazebo_ros_2Dmap_plugin/include/common.h:25,
                 from /home/robot/arena_ws/src/forks/gazebo_ros_2Dmap_plugin/include/gazebo_2Dmap_plugin.h:28,
                 from /home/robot/arena_ws/src/forks/gazebo_ros_2Dmap_plugin/src/gazebo_2Dmap_plugin.cpp:21:
/usr/include/c++/9/utility:219:5: note: candidate: ‘template<long unsigned int _Int, class _Tp1, class _Tp2> constexpr typename std::tuple_element<_Int, std::pair<_Tp1, _Tp2> >::type& std::get(std::pair<_Tp1, _Tp2>&)’
  219 |     get(std::pair<_Tp1, _Tp2>& __in) noexcept
      |     ^~~
/usr/include/c++/9/utility:219:5: note:   template argument deduction/substitution failed:
/usr/include/c++/9/utility:224:5: note: candidate: ‘template<long unsigned int _Int, class _Tp1, class _Tp2> constexpr typename std::tuple_element<_Int, std::pair<_Tp1, _Tp2> >::type&& std::get(std::pair<_Tp1, _Tp2>&&)’
  224 |     get(std::pair<_Tp1, _Tp2>&& __in) noexcept
      |     ^~~
/usr/include/c++/9/utility:224:5: note:   template argument deduction/substitution failed:
/usr/include/c++/9/utility:229:5: note: candidate: ‘template<long unsigned int _Int, class _Tp1, class _Tp2> constexpr const typename std::tuple_element<_Int, std::pair<_Tp1, _Tp2> >::type& std::get(const std::pair<_Tp1, _Tp2>&)’
  229 |     get(const std::pair<_Tp1, _Tp2>& __in) noexcept
      |     ^~~
/usr/include/c++/9/utility:229:5: note:   template argument deduction/substitution failed:
/usr/include/c++/9/utility:234:5: note: candidate: ‘template<long unsigned int _Int, class _Tp1, class _Tp2> constexpr const typename std::tuple_element<_Int, std::pair<_Tp1, _Tp2> >::type&& std::get(const std::pair<_Tp1, _Tp2>&&)’
  234 |     get(const std::pair<_Tp1, _Tp2>&& __in) noexcept
      |     ^~~
/usr/include/c++/9/utility:234:5: note:   template argument deduction/substitution failed:
In file included from /usr/include/c++/9/tuple:39,
                 from /usr/include/c++/9/functional:54,
                 from /usr/include/eigen3/Eigen/Core:281,
                 from /usr/include/eigen3/Eigen/Dense:1,
                 from /home/robot/arena_ws/src/forks/gazebo_ros_2Dmap_plugin/include/common.h:25,
                 from /home/robot/arena_ws/src/forks/gazebo_ros_2Dmap_plugin/include/gazebo_2Dmap_plugin.h:28,
                 from /home/robot/arena_ws/src/forks/gazebo_ros_2Dmap_plugin/src/gazebo_2Dmap_plugin.cpp:21:
/usr/include/c++/9/array:307:5: note: candidate: ‘template<long unsigned int _Int, class _Tp, long unsigned int _Nm> constexpr _Tp& std::get(std::array<_Tp, _Nm>&)’
  307 |     get(array<_Tp, _Nm>& __arr) noexcept
      |     ^~~
/usr/include/c++/9/array:307:5: note:   template argument deduction/substitution failed:
/usr/include/c++/9/array:316:5: note: candidate: ‘template<long unsigned int _Int, class _Tp, long unsigned int _Nm> constexpr _Tp&& std::get(std::array<_Tp, _Nm>&&)’
  316 |     get(array<_Tp, _Nm>&& __arr) noexcept
      |     ^~~
/usr/include/c++/9/array:316:5: note:   template argument deduction/substitution failed:
/usr/include/c++/9/array:324:5: note: candidate: ‘template<long unsigned int _Int, class _Tp, long unsigned int _Nm> constexpr const _Tp& std::get(const std::array<_Tp, _Nm>&)’
  324 |     get(const array<_Tp, _Nm>& __arr) noexcept
      |     ^~~
/usr/include/c++/9/array:324:5: note:   template argument deduction/substitution failed:
/usr/include/c++/9/array:333:5: note: candidate: ‘template<long unsigned int _Int, class _Tp, long unsigned int _Nm> constexpr const _Tp&& std::get(const std::array<_Tp, _Nm>&&)’
  333 |     get(const array<_Tp, _Nm>&& __arr) noexcept
      |     ^~~
/usr/include/c++/9/array:333:5: note:   template argument deduction/substitution failed:
In file included from /usr/include/c++/9/functional:54,
                 from /usr/include/eigen3/Eigen/Core:281,
                 from /usr/include/eigen3/Eigen/Dense:1,
                 from /home/robot/arena_ws/src/forks/gazebo_ros_2Dmap_plugin/include/common.h:25,
                 from /home/robot/arena_ws/src/forks/gazebo_ros_2Dmap_plugin/include/gazebo_2Dmap_plugin.h:28,
                 from /home/robot/arena_ws/src/forks/gazebo_ros_2Dmap_plugin/src/gazebo_2Dmap_plugin.cpp:21:
/usr/include/c++/9/tuple:1320:5: note: candidate: ‘template<long unsigned int __i, class ... _Elements> constexpr std::__tuple_element_t<__i, std::tuple<_Elements ...> >& std::get(std::tuple<_Elements ...>&)’
 1320 |     get(tuple<_Elements...>& __t) noexcept
      |     ^~~
/usr/include/c++/9/tuple:1320:5: note:   template argument deduction/substitution failed:
/usr/include/c++/9/tuple:1326:5: note: candidate: ‘template<long unsigned int __i, class ... _Elements> constexpr std::__tuple_element_t<__i, std::tuple<_Elements ...> >& std::get(const std::tuple<_Elements ...>&)’
 1326 |     get(const tuple<_Elements...>& __t) noexcept
      |     ^~~
/usr/include/c++/9/tuple:1326:5: note:   template argument deduction/substitution failed:
/usr/include/c++/9/tuple:1332:5: note: candidate: ‘template<long unsigned int __i, class ... _Elements> constexpr std::__tuple_element_t<__i, std::tuple<_Elements ...> >&& std::get(std::tuple<_Elements ...>&&)’
 1332 |     get(tuple<_Elements...>&& __t) noexcept
      |     ^~~
/usr/include/c++/9/tuple:1332:5: note:   template argument deduction/substitution failed:
/usr/include/c++/9/tuple:1341:5: note: candidate: ‘template<long unsigned int __i, class ... _Elements> constexpr std::__tuple_element_t<__i, std::tuple<_Elements ...> >&& std::get(const std::tuple<_Elements ...>&&)’
 1341 |     get(const tuple<_Elements...>&& __t) noexcept
      |     ^~~
/usr/include/c++/9/tuple:1341:5: note:   template argument deduction/substitution failed:
In file included from /usr/include/ignition/math6/gz/math/Spline.hh:22,
                 from /usr/include/ignition/math6/ignition/math/Spline.hh:18,
                 from /usr/include/gazebo-11/gazebo/common/Animation.hh:22,
                 from /usr/include/gazebo-11/gazebo/common/common.hh:5,
                 from /usr/include/gazebo-11/gazebo/gazebo_core.hh:19,
                 from /usr/include/gazebo-11/gazebo/gazebo.hh:20,
                 from /home/robot/arena_ws/src/forks/gazebo_ros_2Dmap_plugin/include/common.h:27,
                 from /home/robot/arena_ws/src/forks/gazebo_ros_2Dmap_plugin/include/gazebo_2Dmap_plugin.h:28,
                 from /home/robot/arena_ws/src/forks/gazebo_ros_2Dmap_plugin/src/gazebo_2Dmap_plugin.cpp:21:
/usr/include/ignition/math6/gz/math/Helpers.hh:838:30: error: no matching function for call to ‘get<std::chrono::duration<long unsigned int, std::ratio<86400, 1> > >(std::tuple<std::chrono::duration<long unsigned int, std::ratio<86400, 1> >, std::chrono::duration<long int, std::ratio<3600, 1> >, std::chrono::duration<long int, std::ratio<60, 1> >, std::chrono::duration<long int, std::ratio<1, 1> >, std::chrono::duration<long int, std::ratio<1, 1000> > >&)’
  838 |           std::get<Durations>(retval))))), 0)...};
      |           ~~~~~~~~~~~~~~~~~~~^~~~~~~~
In file included from /usr/include/c++/9/tuple:38,
                 from /usr/include/c++/9/functional:54,
                 from /usr/include/eigen3/Eigen/Core:281,
                 from /usr/include/eigen3/Eigen/Dense:1,
                 from /home/robot/arena_ws/src/forks/gazebo_ros_2Dmap_plugin/include/common.h:25,
                 from /home/robot/arena_ws/src/forks/gazebo_ros_2Dmap_plugin/include/gazebo_2Dmap_plugin.h:28,
                 from /home/robot/arena_ws/src/forks/gazebo_ros_2Dmap_plugin/src/gazebo_2Dmap_plugin.cpp:21:
/usr/include/c++/9/utility:219:5: note: candidate: ‘template<long unsigned int _Int, class _Tp1, class _Tp2> constexpr typename std::tuple_element<_Int, std::pair<_Tp1, _Tp2> >::type& std::get(std::pair<_Tp1, _Tp2>&)’
  219 |     get(std::pair<_Tp1, _Tp2>& __in) noexcept
      |     ^~~
/usr/include/c++/9/utility:219:5: note:   template argument deduction/substitution failed:
/usr/include/c++/9/utility:224:5: note: candidate: ‘template<long unsigned int _Int, class _Tp1, class _Tp2> constexpr typename std::tuple_element<_Int, std::pair<_Tp1, _Tp2> >::type&& std::get(std::pair<_Tp1, _Tp2>&&)’
  224 |     get(std::pair<_Tp1, _Tp2>&& __in) noexcept
      |     ^~~
/usr/include/c++/9/utility:224:5: note:   template argument deduction/substitution failed:
/usr/include/c++/9/utility:229:5: note: candidate: ‘template<long unsigned int _Int, class _Tp1, class _Tp2> constexpr const typename std::tuple_element<_Int, std::pair<_Tp1, _Tp2> >::type& std::get(const std::pair<_Tp1, _Tp2>&)’
  229 |     get(const std::pair<_Tp1, _Tp2>& __in) noexcept
      |     ^~~
/usr/include/c++/9/utility:229:5: note:   template argument deduction/substitution failed:
/usr/include/c++/9/utility:234:5: note: candidate: ‘template<long unsigned int _Int, class _Tp1, class _Tp2> constexpr const typename std::tuple_element<_Int, std::pair<_Tp1, _Tp2> >::type&& std::get(const std::pair<_Tp1, _Tp2>&&)’
  234 |     get(const std::pair<_Tp1, _Tp2>&& __in) noexcept
      |     ^~~
/usr/include/c++/9/utility:234:5: note:   template argument deduction/substitution failed:
In file included from /usr/include/c++/9/tuple:39,
                 from /usr/include/c++/9/functional:54,
                 from /usr/include/eigen3/Eigen/Core:281,
                 from /usr/include/eigen3/Eigen/Dense:1,
                 from /home/robot/arena_ws/src/forks/gazebo_ros_2Dmap_plugin/include/common.h:25,
                 from /home/robot/arena_ws/src/forks/gazebo_ros_2Dmap_plugin/include/gazebo_2Dmap_plugin.h:28,
                 from /home/robot/arena_ws/src/forks/gazebo_ros_2Dmap_plugin/src/gazebo_2Dmap_plugin.cpp:21:
/usr/include/c++/9/array:307:5: note: candidate: ‘template<long unsigned int _Int, class _Tp, long unsigned int _Nm> constexpr _Tp& std::get(std::array<_Tp, _Nm>&)’
  307 |     get(array<_Tp, _Nm>& __arr) noexcept
      |     ^~~
/usr/include/c++/9/array:307:5: note:   template argument deduction/substitution failed:
/usr/include/c++/9/array:316:5: note: candidate: ‘template<long unsigned int _Int, class _Tp, long unsigned int _Nm> constexpr _Tp&& std::get(std::array<_Tp, _Nm>&&)’
  316 |     get(array<_Tp, _Nm>&& __arr) noexcept
      |     ^~~
/usr/include/c++/9/array:316:5: note:   template argument deduction/substitution failed:
/usr/include/c++/9/array:324:5: note: candidate: ‘template<long unsigned int _Int, class _Tp, long unsigned int _Nm> constexpr const _Tp& std::get(const std::array<_Tp, _Nm>&)’
  324 |     get(const array<_Tp, _Nm>& __arr) noexcept
      |     ^~~
/usr/include/c++/9/array:324:5: note:   template argument deduction/substitution failed:
/usr/include/c++/9/array:333:5: note: candidate: ‘template<long unsigned int _Int, class _Tp, long unsigned int _Nm> constexpr const _Tp&& std::get(const std::array<_Tp, _Nm>&&)’
  333 |     get(const array<_Tp, _Nm>&& __arr) noexcept
      |     ^~~
/usr/include/c++/9/array:333:5: note:   template argument deduction/substitution failed:
In file included from /usr/include/c++/9/functional:54,
                 from /usr/include/eigen3/Eigen/Core:281,
                 from /usr/include/eigen3/Eigen/Dense:1,
                 from /home/robot/arena_ws/src/forks/gazebo_ros_2Dmap_plugin/include/common.h:25,
                 from /home/robot/arena_ws/src/forks/gazebo_ros_2Dmap_plugin/include/gazebo_2Dmap_plugin.h:28,
                 from /home/robot/arena_ws/src/forks/gazebo_ros_2Dmap_plugin/src/gazebo_2Dmap_plugin.cpp:21:
/usr/include/c++/9/tuple:1320:5: note: candidate: ‘template<long unsigned int __i, class ... _Elements> constexpr std::__tuple_element_t<__i, std::tuple<_Elements ...> >& std::get(std::tuple<_Elements ...>&)’
 1320 |     get(tuple<_Elements...>& __t) noexcept
      |     ^~~
/usr/include/c++/9/tuple:1320:5: note:   template argument deduction/substitution failed:
/usr/include/c++/9/tuple:1326:5: note: candidate: ‘template<long unsigned int __i, class ... _Elements> constexpr std::__tuple_element_t<__i, std::tuple<_Elements ...> >& std::get(const std::tuple<_Elements ...>&)’
 1326 |     get(const tuple<_Elements...>& __t) noexcept
      |     ^~~
/usr/include/c++/9/tuple:1326:5: note:   template argument deduction/substitution failed:
/usr/include/c++/9/tuple:1332:5: note: candidate: ‘template<long unsigned int __i, class ... _Elements> constexpr std::__tuple_element_t<__i, std::tuple<_Elements ...> >&& std::get(std::tuple<_Elements ...>&&)’
 1332 |     get(tuple<_Elements...>&& __t) noexcept
      |     ^~~
/usr/include/c++/9/tuple:1332:5: note:   template argument deduction/substitution failed:
/usr/include/c++/9/tuple:1341:5: note: candidate: ‘template<long unsigned int __i, class ... _Elements> constexpr std::__tuple_element_t<__i, std::tuple<_Elements ...> >&& std::get(const std::tuple<_Elements ...>&&)’
 1341 |     get(const tuple<_Elements...>&& __t) noexcept
      |     ^~~
/usr/include/c++/9/tuple:1341:5: note:   template argument deduction/substitution failed:
[ 86%] Linking CXX executable /home/robot/arena_ws/devel/lib/pedsim_sensors/pedsim_obstacle_sensor
[ 86%] Built target pedsim_obstacle_sensor
[ 86%] Linking CXX executable /home/robot/arena_ws/devel/lib/pedsim_visualizer/pedsim_visualizer_node
[ 86%] Built target pedsim_visualizer_node
[ 86%] Linking CXX executable /home/robot/arena_ws/devel/lib/pedsim_sensors/pedsim_occlusion_sensor
[ 86%] Built target pedsim_occlusion_sensor
make[2]: *** [forks/gazebo_ros_2Dmap_plugin/CMakeFiles/gazebo_2Dmap_plugin.dir/build.make:76：forks/gazebo_ros_2Dmap_plugin/CMakeFiles/gazebo_2Dmap_plugin.dir/src/gazebo_2Dmap_plugin.cpp.o] 错误 1
make[1]: *** [CMakeFiles/Makefile2:17032：forks/gazebo_ros_2Dmap_plugin/CMakeFiles/gazebo_2Dmap_plugin.dir/all] 错误 2
[ 86%] Linking CXX shared library /home/robot/arena_ws/devel/lib/libcob_omni_drive_controller.so
[ 86%] Built target cob_omni_drive_controller
[ 86%] Linking CXX shared library /home/robot/arena_ws/devel/lib/libarena_path_search.so
[ 86%] Built target arena_path_search
[ 86%] Linking CXX executable /home/robot/arena_ws/devel/lib/teb_local_planner/test_optim_node
[ 86%] Built target test_optim_node
[ 86%] Linking CXX shared library /home/robot/arena_ws/devel/lib/libmpc_local_planner.so
[ 86%] Built target mpc_local_planner
make: *** [Makefile:146：all] 错误 2
WARNING: Package name "gazebo_ros_2Dmap_plugin" does not follow the naming conventions. It should start with a lower case letter and only contain lower case letters, digits, underscores, and dashes.
Base path: /home/robot/arena_ws
Source space: /home/robot/arena_ws/src
Build space: /home/robot/arena_ws/build
Devel space: /home/robot/arena_ws/devel
Install space: /home/robot/arena_ws/install
####
#### Running command: "cmake /home/robot/arena_ws/src -DCATKIN_DEVEL_PREFIX=/home/robot/arena_ws/devel -DCMAKE_INSTALL_PREFIX=/home/robot/arena_ws/install -G Unix Makefiles" in "/home/robot/arena_ws/build"
####
####
#### Running command: "make -j16 -l16" in "/home/robot/arena_ws/build"
####
Invoking "make -j16 -l16" failed
