run_id,episode_id,step_id,config_seq,t_observation,t_decision,t_request,t_ack,t_active,t_window_end,planner_cycle_count,valid_feedback_duration,state_valid,invalid_reason,goal_distance_start,goal_distance_end,path_error_mean,path_heading_error_mean,d_obs_min,obstacle_density_mean,ttc_min,linear_velocity_mean,angular_velocity_mean,eta_before_json,action_raw_json,eta_after_json,theta_previous_json,theta_candidate_json,theta_projected_json,theta_safe_json,theta_applied_json,projection_modified,projection_reason,safety_modified,safety_mode,safety_reason,fallback_active,fallback_reason,reward_total,reward_progress,reward_time,reward_near_obstacle,reward_path_error,reward_smoothness,reward_planner_failure,reward_parameter_adjustment,reward_terminal,cost_collision,cost_near_collision,cost_parameter_violation,cost_planner_failure,cost_emergency_or_fallback,inference_latency,parameter_write_latency,parameter_activation_latency,transition_stored,transition_drop_reason
t11_runner_acceptance,t11_runner_acceptance-episode-000001,0,1,3.022,2.378,2.38,2.424,2.52,3.02,0,0.44999999999999973,true,,2.411016480930824,1.9349169114991205,0.008290770816881463,0.02500539099428409,30.0,0.0,25.7527150412307,1.1649257156757762,0.010339495180510737,"[0.0,0.0,0.0,0.0,0.0]","[0.8870649337768555,-0.2811579704284668,0.5696108341217041,0.1825563907623291,-0.4113428592681885]","[0.8870649337768555,-0.2811579704284668,0.5696108341217041,0.1825563907623291,-0.4113428592681885]","{""acc_lim_theta"":0.8,""acc_lim_x"":0.8,""inflation_dist"":0.55,""max_vel_theta"":1.0,""max_vel_x"":1.2,""min_obstacle_dist"":0.25,""weight_obstacle"":50.0,""weight_optimaltime"":1.0,""weight_viapoint"":1.0}","{""acc_lim_theta"":0.7823385964943311,""acc_lim_x"":0.8,""inflation_dist"":0.55,""max_vel_theta"":1.0,""max_vel_x"":1.2,""min_obstacle_dist"":0.2588319807840119,""weight_obstacle"":52.22111688979895,""weight_optimaltime"":0.9718842029571533,""weight_viapoint"":1.0}","{""acc_lim_theta"":0.7823385964943311,""acc_lim_x"":0.8,""inflation_dist"":0.55,""max_vel_theta"":1.0,""max_vel_x"":1.2,""min_obstacle_dist"":0.2588319807840119,""weight_obstacle"":52.22111688979895,""weight_optimaltime"":0.9718842029571533,""weight_viapoint"":1.0}","{""acc_lim_theta"":0.7823385964943311,""acc_lim_x"":0.8,""inflation_dist"":0.55,""max_vel_theta"":1.0,""max_vel_x"":1.2,""min_obstacle_dist"":0.2588319807840119,""weight_obstacle"":52.22111688979895,""weight_optimaltime"":0.9718842029571533,""weight_viapoint"":1.0}","{""acc_lim_theta"":0.7823385964943311,""acc_lim_x"":0.8,""inflation_dist"":0.55,""max_vel_theta"":1.0,""max_vel_x"":1.2,""min_obstacle_dist"":0.2588319807840119,""weight_obstacle"":52.22111688979895,""weight_optimaltime"":0.9718842029571533,""weight_viapoint"":1.0}",false,,false,NORMAL,,false,,2.1999899668624727,2.380497847158518,-0.04499999999999998,-0.0,-3.5448182502768266e-05,-0.11745889573535331,-0.0,-0.018013536378189223,0.0,0.0,0.0,0.0,0.0,0.0,0.0,44.00000000000004,140.0000000000001,true,
t11_runner_acceptance,t11_runner_acceptance-episode-000001,1,2,3.622,3.02,3.022,3.054,3.12,3.62,0,0.4500000000000002,true,,1.7484924000527968,1.23561389706884,0.024955312204216085,0.02349888886513166,30.0,0.0,25.734044775572528,1.1657708790682153,0.015525236889070213,"[0.8870649337768555,-0.2811579704284668,0.5696108341217041,0.1825563907623291,-0.4113428592681885]","[0.8454513549804688,0.7386630773544312,-0.2717231512069702,0.9463536739349365,-0.550951361656189]","[1.0,0.45750510692596436,0.2978876829147339,1.0,-0.9622942209243774]","{""acc_lim_theta"":0.7823385964943311,""acc_lim_x"":0.8,""inflation_dist"":0.55,""max_vel_theta"":1.0,""max_vel_x"":1.2,""min_obstacle_dist"":0.2588319807840119,""weight_obstacle"":52.22111688979895,""weight_optimaltime"":0.9718842029571533,""weight_viapoint"":1.0}","{""acc_lim_theta"":0.7907053199379541,""acc_lim_x"":0.798660998648415,""inflation_dist"":0.5525156815439699,""max_vel_theta"":1.0,""max_vel_x"":1.2,""min_obstacle_dist"":0.2685807589436083,""weight_obstacle"":55.19607402655197,""weight_optimaltime"":1.0,""weight_viapoint"":1.0}","{""acc_lim_theta"":0.7907053199379541,""acc_lim_x"":0.798660998648415,""inflation_dist"":0.5525156815439699,""max_vel_theta"":1.0,""max_vel_x"":1.2,""min_obstacle_dist"":0.2685807589436083,""weight_obstacle"":55.19607402655197,""weight_optimaltime"":1.0,""weight_viapoint"":1.0}","{""acc_lim_theta"":0.7907053199379541,""acc_lim_x"":0.798660998648415,""inflation_dist"":0.5525156815439699,""max_vel_theta"":1.0,""max_vel_x"":1.2,""min_obstacle_dist"":0.2685807589436083,""weight_obstacle"":55.19607402655197,""weight_optimaltime"":1.0,""weight_viapoint"":1.0}","{""acc_lim_theta"":0.7907053199379541,""acc_lim_x"":0.798660998648415,""inflation_dist"":0.5525156815439699,""max_vel_theta"":1.0,""max_vel_x"":1.2,""min_obstacle_dist"":0.2685807589436083,""weight_obstacle"":55.19607402655197,""weight_optimaltime"":1.0,""weight_viapoint"":1.0}",false,,false,NORMAL,,false,,2.5006084163221374,2.5643925149197844,-0.04500000000000002,-0.0,-0.0001658601797116109,-4.561177994770326e-07,-0.0,-0.018617782300135916,0.0,0.0,0.0,0.0,0.0,0.0,0.0,32.00000000000003,98.00000000000031,true,
t11_runner_acceptance,t11_runner_acceptance-episode-000001,2,3,5.522,3.618,3.624,3.676,3.7199999999999998,4.22,0,0.44999999999999973,true,,1.0490952431978378,0.5851806863507227,0.0011355830877766203,0.0007917648476919543,30.0,0.0,600.0,0.0,0.0,"[1.0,0.45750510692596436,0.2978876829147339,1.0,-0.9622942209243774]","[0.6109917163848877,0.3617924451828003,-0.057878971099853516,-0.9383890628814697,0.7895963191986084]","[1.0,0.8192975521087646,0.24000871181488037,0.06161093711853027,-0.17269790172576904]","{""acc_lim_theta"":0.7907053199379541,""acc_lim_x"":0.798660998648415,""inflation_dist"":0.5525156815439699,""max_vel_theta"":1.0,""max_vel_x"":1.2,""min_obstacle_dist"":0.2685807589436083,""weight_obstacle"":55.19607402655197,""weight_optimaltime"":1.0,""weight_viapoint"":1.0}","{""acc_lim_theta"":0.7151952057426352,""acc_lim_x"":0.8,""inflation_dist"":0.5530515396728526,""max_vel_theta"":1.0,""max_vel_x"":1.1873039365727842,""min_obstacle_dist"":0.2753791490662689,""weight_obstacle"":50.93251217983549,""weight_optimaltime"":1.0,""weight_viapoint"":1.0}","{""acc_lim_theta"":0.7151952057426352,""acc_lim_x"":0.8,""inflation_dist"":0.5530515396728526,""max_vel_theta"":0.9894199471439868,""max_vel_x"":1.1873039365727842,""min_obstacle_dist"":0.2753791490662689,""weight_obstacle"":50.93251217983549,""weight_optimaltime"":1.0,""weight_viapoint"":1.0}","{""acc_lim_theta"":0.7151952057426352,""acc_lim_x"":0.8,""inflation_dist"":0.5530515396728526,""max_vel_theta"":0.9894199471439868,""max_vel_x"":1.1873039365727842,""min_obstacle_dist"":0.2753791490662689,""weight_obstacle"":50.93251217983549,""weight_optimaltime"":1.0,""weight_viapoint"":1.0}","{""acc_lim_theta"":0.7151952057426352,""acc_lim_x"":0.8,""inflation_dist"":0.5530515396728526,""max_vel_theta"":0.9894199471439868,""max_vel_x"":1.1873039365727842,""min_obstacle_dist"":0.2753791490662689,""weight_obstacle"":50.93251217983549,""weight_optimaltime"":1.0,""weight_viapoint"":1.0}",true,max_vel_theta:ackermann_turning_radius,false,NORMAL,,false,,12.222875994076523,2.319572784235575,-0.04499999999999998,-0.0,-0.0005252165843069234,-0.016327691480579578,-0.0,-0.034843882094166376,10.0,0.0,0.0,1.0,0.0,0.0,0.0,52.00000000000004,95.99999999999964,true,
t11_runner_acceptance,t11_runner_acceptance-episode-000002,0,1,7.148,6.458,6.46,6.516,6.598,7.098,0,0.5,true,,2.4796293274119354,1.9404864329439038,0.01408761740372222,0.00734156447767659,30.0,0.0,25.718198458308237,1.166489171029339,0.14178448325813772,"[0.0,0.0,0.0,0.0,0.0]","[0.14726507663726807,-0.21938347816467285,-0.2906419038772583,0.30394601821899414,-0.3059431314468384]","[0.14726507663726807,-0.21938347816467285,-0.2906419038772583,0.30394601821899414,-0.3059431314468384]","{""acc_lim_theta"":0.8,""acc_lim_x"":0.8,""inflation_dist"":0.55,""max_vel_theta"":1.0,""max_vel_x"":1.2,""min_obstacle_dist"":0.25,""weight_obstacle"":50.0,""weight_optimaltime"":1.0,""weight_viapoint"":1.0}","{""acc_lim_theta"":0.8,""acc_lim_x"":0.7801400642198388,""inflation_dist"":0.5526908361331764,""max_vel_theta"":1.0,""max_vel_x"":1.2,""min_obstacle_dist"":0.25,""weight_obstacle"":51.65199283581463,""weight_optimaltime"":0.9780616521835327,""weight_viapoint"":1.0}","{""acc_lim_theta"":0.8,""acc_lim_x"":0.7801400642198388,""inflation_dist"":0.5526908361331764,""max_vel_theta"":1.0,""max_vel_x"":1.2,""min_obstacle_dist"":0.25,""weight_obstacle"":51.65199283581463,""weight_optimaltime"":0.9780616521835327,""weight_viapoint"":1.0}","{""acc_lim_theta"":0.8,""acc_lim_x"":0.7801400642198388,""inflation_dist"":0.5526908361331764,""max_vel_theta"":1.0,""max_vel_x"":1.2,""min_obstacle_dist"":0.25,""weight_obstacle"":51.65199283581463,""weight_optimaltime"":0.9780616521835327,""weight_viapoint"":1.0}","{""acc_lim_theta"":0.8,""acc_lim_x"":0.7801400642198388,""inflation_dist"":0.5526908361331764,""max_vel_theta"":1.0,""max_vel_x"":1.2,""min_obstacle_dist"":0.25,""weight_obstacle"":51.65199283581463,""weight_optimaltime"":0.9780616521835327,""weight_viapoint"":1.0}",false,,false,NORMAL,,false,,2.51207668346298,2.6957144723401583,-0.05,-0.0,-3.830949562581792e-05,-0.12017402987782462,-0.0,-0.013425449503727694,0.0,0.0,0.0,0.0,0.0,0.0,0.0,56.00000000000005,137.9999999999999,true,
t11_runner_acceptance,t11_runner_acceptance-episode-000002,1,2,7.746,7.138,7.148,7.19,7.196,7.696,0,0.5,true,,1.8471881943355155,1.2784999654013096,0.058439982552808786,0.027603102488478783,30.0,0.0,26.366175125611697,1.1378214647015092,0.013591764696884435,"[0.14726507663726807,-0.21938347816467285,-0.2906419038772583,0.30394601821899414,-0.3059431314468384]","[0.015159845352172852,-0.2581285834312439,-0.889594316482544,-0.4991816282272339,0.6819260120391846]","[0.16242492198944092,-0.47751206159591675,-1.0,-0.19523561000823975,0.3759828805923462]","{""acc_lim_theta"":0.8,""acc_lim_x"":0.7801400642198388,""inflation_dist"":0.5526908361331764,""max_vel_theta"":1.0,""max_vel_x"":1.2,""min_obstacle_dist"":0.25,""weight_obstacle"":51.65199283581463,""weight_optimaltime"":0.9780616521835327,""weight_viapoint"":1.0}","{""acc_lim_theta"":0.7636795772762479,""acc_lim_x"":0.7789311038543987,""inflation_dist"":0.5609269249377367,""max_vel_theta"":1.0,""max_vel_x"":1.1722371137936052,""min_obstacle_dist"":0.25,""weight_obstacle"":50.0,""weight_optimaltime"":0.9522487938404083,""weight_viapoint"":1.0}","{""acc_lim_theta"":0.7636795772762479,""acc_lim_x"":0.7789311038543987,""inflation_dist"":0.5609269249377367,""max_vel_theta"":0.976864261494671,""max_vel_x"":1.1722371137936052,""min_obstacle_dist"":0.25,""weight_obstacle"":50.0,""weight_optimaltime"":0.9522487938404083,""weight_viapoint"":1.0}","{""acc_lim_theta"":0.7636795772762479,""acc_lim_x"":0.7789311038543987,""inflation_dist"":0.5609269249377367,""max_vel_theta"":0.976864261494671,""max_vel_x"":1.1722371137936052,""min_obstacle_dist"":0.25,""weight_obstacle"":50.0,""weight_optimaltime"":0.9522487938404083,""weight_viapoint"":1.0}","{""acc_lim_theta"":0.7636795772762479,""acc_lim_x"":0.7789311038543987,""inflation_dist"":0.5609269249377367,""max_vel_theta"":0.976864261494671,""max_vel_x"":1.1722371137936052,""min_obstacle_dist"":0.25,""weight_obstacle"":50.0,""weight_optimaltime"":0.9522487938404083,""weight_viapoint"":1.0}",true,max_vel_theta:ackermann_turning_radius,false,NORMAL,,false,,2.76239131702893,2.8434411446710293,-0.05,-0.0,-0.0007741336713103883,-0.0008193272262315649,-0.0,-0.02945636674455819,0.0,0.0,0.0,1.0,0.0,0.0,0.0,42.0000000000007,48.00000000000004,true,
t11_runner_acceptance,t11_runner_acceptance-episode-000002,2,3,8.298,7.7379999999999995,7.746,7.766,7.796,8.296,0,0.4499999999999993,true,,1.142935722550556,0.6776257912607204,0.07536089965571449,0.029963892741974706,30.0,0.0,31.607143384868493,0.949152526525447,0.006422886511793384,"[0.16242492198944092,-0.47751206159591675,-1.0,-0.19523561000823975,0.3759828805923462]","[0.6363089084625244,0.3346508741378784,-0.05882483720779419,0.9396889209747314,0.6805214881896973]","[0.7987338304519653,-0.14286118745803833,-1.0,0.7444533109664917,1.0]","{""acc_lim_theta"":0.7636795772762479,""acc_lim_x"":0.7789311038543987,""inflation_dist"":0.5609269249377367,""max_vel_theta"":0.976864261494671,""max_vel_x"":1.1722371137936052,""min_obstacle_dist"":0.25,""weight_obstacle"":50.0,""weight_optimaltime"":0.9522487938404083,""weight_viapoint"":1.0}","{""acc_lim_theta"":0.73911734180509,""acc_lim_x"":0.7642691859076702,""inflation_dist"":0.5614715401338778,""max_vel_theta"":0.976864261494671,""max_vel_x"":1.122776517141062,""min_obstacle_dist"":0.25614610530652876,""weight_obstacle"":50.0,""weight_optimaltime"":0.9857138812541961,""weight_viapoint"":1.0}","{""acc_lim_theta"":0.73911734180509,""acc_lim_x"":0.7642691859076702,""inflation_dist"":0.5614715401338778,""max_vel_theta"":0.9356470976175517,""max_vel_x"":1.122776517141062,""min_obstacle_dist"":0.25614610530652876,""weight_obstacle"":50.0,""weight_optimaltime"":0.9857138812541961,""weight_viapoint"":1.0}","{""acc_lim_theta"":0.73911734180509,""acc_lim_x"":0.7642691859076702,""inflation_dist"":0.5614715401338778,""max_vel_theta"":0.9356470976175517,""max_vel_x"":1.122776517141062,""min_obstacle_dist"":0.25614610530652876,""weight_obstacle"":50.0,""weight_optimaltime"":0.9857138812541961,""weight_viapoint"":1.0}","{""acc_lim_theta"":0.73911734180509,""acc_lim_x"":0.7642691859076702,""inflation_dist"":0.5614715401338778,""max_vel_theta"":0.9356470976175517,""max_vel_x"":1.122776517141062,""min_obstacle_dist"":0.25614610530652876,""weight_obstacle"":50.0,""weight_optimaltime"":0.9857138812541961,""weight_viapoint"":1.0}",true,max_vel_theta:ackermann_turning_radius,false,NORMAL,,false,,2.2370475500832714,2.3265496564491785,-0.04499999999999993,-0.0,-0.002035799840804492,-0.00686633867265983,-0.0,-0.03559996785244298,0.0,0.0,0.0,1.0,0.0,0.0,0.0,19.999999999999574,49.99999999999982,true,
t11_runner_acceptance,t11_runner_acceptance-episode-000002,3,4,9.796,8.294,8.298,8.334,8.394,8.894,0,0.4499999999999993,true,,0.552846369311468,0.23346640563989962,0.001652254228930162,0.0008018211344280441,30.0,0.0,600.0,0.0,0.0,"[0.7987338304519653,-0.14286118745803833,-1.0,0.7444533109664917,1.0]","[-0.5098651051521301,0.13509416580200195,0.9119024276733398,0.571235179901123,-0.2612994313240051]","[0.2888687252998352,-0.007767021656036377,-0.08809757232666016,1.0,0.7387005686759949]","{""acc_lim_theta"":0.73911734180509,""acc_lim_x"":0.7642691859076702,""inflation_dist"":0.5614715401338778,""max_vel_theta"":0.9356470976175517,""max_vel_x"":1.122776517141062,""min_obstacle_dist"":0.25614610530652876,""weight_obstacle"":50.0,""weight_optimaltime"":0.9857138812541961,""weight_viapoint"":1.0}","{""acc_lim_theta"":0.7833508169198251,""acc_lim_x"":0.7507474560112125,""inflation_dist"":0.553028917203115,""max_vel_theta"":0.9356470976175517,""max_vel_x"":1.1151803722552267,""min_obstacle_dist"":0.28380078931576824,""weight_obstacle"":51.410931458105644,""weight_optimaltime"":0.9992232978343963,""weight_viapoint"":1.0}","{""acc_lim_theta"":0.7833508169198251,""acc_lim_x"":0.7507474560112125,""inflation_dist"":0.553028917203115,""max_vel_theta"":0.9293169768793557,""max_vel_x"":1.1151803722552267,""min_obstacle_dist"":0.28380078931576824,""weight_obstacle"":51.410931458105644,""weight_optimaltime"":0.9992232978343963,""weight_viapoint"":1.0}","{""acc_lim_theta"":0.7833508169198251,""acc_lim_x"":0.7507474560112125,""inflation_dist"":0.553028917203115,""max_vel_theta"":0.9293169768793557,""max_vel_x"":1.1151803722552267,""min_obstacle_dist"":0.28380078931576824,""weight_obstacle"":51.410931458105644,""weight_optimaltime"":0.9992232978343963,""weight_viapoint"":1.0}","{""acc_lim_theta"":0.7833508169198251,""acc_lim_x"":0.7507474560112125,""inflation_dist"":0.553028917203115,""max_vel_theta"":0.9293169768793557,""max_vel_x"":1.1151803722552267,""min_obstacle_dist"":0.28380078931576824,""weight_obstacle"":51.410931458105644,""weight_optimaltime"":0.9992232978343963,""weight_viapoint"":1.0}",true,max_vel_theta:ackermann_turning_radius,false,NORMAL,,false,,11.49734491232981,1.596899818357842,-0.04499999999999993,-0.0,-0.00046441176436202183,-0.0181218468994288,-0.0,-0.03596864736424169,10.0,0.0,0.0,1.0,0.0,0.0,0.0,35.99999999999959,96.00000000000009,true,
t11_runner_acceptance,t11_runner_acceptance-episode-000003,0,1,11.268,10.718,10.72,10.758,10.766,11.266,0,0.4499999999999993,true,,2.467077885059978,2.0569530731496166,0.041721624460883185,0.14572476006789847,30.0,0.0,25.74901124111175,1.1650932814111703,-0.19424236663543626,"[0.0,0.0,0.0,0.0,0.0]","[-0.060152649879455566,0.03565371036529541,0.8037867546081543,0.42859113216400146,-0.20372414588928223]","[-0.060152649879455566,0.03565371036529541,0.8037867546081543,0.42859113216400146,-0.20372414588928223]","{""acc_lim_theta"":0.8,""acc_lim_x"":0.8,""inflation_dist"":0.55,""max_vel_theta"":1.0,""max_vel_x"":1.2,""min_obstacle_dist"":0.25,""weight_obstacle"":50.0,""weight_optimaltime"":1.0,""weight_viapoint"":1.0}","{""acc_lim_theta"":0.8,""acc_lim_x"":0.794840844138005,""inflation_dist"":0.55,""max_vel_theta"":1.0,""max_vel_x"":1.2,""min_obstacle_dist"":0.27244925507182516,""weight_obstacle"":51.100043749634004,""weight_optimaltime"":1.0,""weight_viapoint"":1.0}","{""acc_lim_theta"":0.8,""acc_lim_x"":0.794840844138005,""inflation_dist"":0.55,""max_vel_theta"":1.0,""max_vel_x"":1.2,""min_obstacle_dist"":0.27244925507182516,""weight_obstacle"":51.100043749634004,""weight_optimaltime"":1.0,""weight_viapoint"":1.0}","{""acc_lim_theta"":0.8,""acc_lim_x"":0.794840844138005,""inflation_dist"":0.55,""max_vel_theta"":1.0,""max_vel_x"":1.2,""min_obstacle_dist"":0.27244925507182516,""weight_obstacle"":51.100043749634004,""weight_optimaltime"":1.0,""weight_viapoint"":1.0}","{""acc_lim_theta"":0.8,""acc_lim_x"":0.794840844138005,""inflation_dist"":0.55,""max_vel_theta"":1.0,""max_vel_x"":1.2,""min_obstacle_dist"":0.27244925507182516,""weight_obstacle"":51.100043749634004,""weight_optimaltime"":1.0,""weight_viapoint"":1.0}",false,,false,NORMAL,,false,,1.8262966641545764,2.0506240595518066,-0.04499999999999993,-0.0,-0.00011055974020456295,-0.16674725716352892,-0.0,-0.012469578493496822,0.0,0.0,0.0,0.0,0.0,0.0,0.0,37.99999999999848,45.999999999999375,true,
t11_runner_acceptance,t11_runner_acceptance-episode-000003,1,2,11.914,11.264,11.268,11.3,11.364,11.864,0,0.5,true,,1.8737962319938513,1.3012932164014284,0.02006883405672118,0.015515495160163578,30.0,0.0,25.777449035514167,1.1638079454126098,0.4187205040961144,"[-0.060152649879455566,0.03565371036529541,0.8037867546081543,0.42859113216400146,-0.20372414588928223]","[-0.0759173035621643,-0.8153803944587708,-0.01593005657196045,-0.541955292224884,-0.8137359619140625]","[-0.13606995344161987,-0.7797266840934753,0.7878566980361938,-0.11336416006088257,-1.0]","{""acc_lim_theta"":0.8,""acc_lim_x"":0.794840844138005,""inflation_dist"":0.55,""max_vel_theta"":1.0,""max_vel_x"":1.2,""min_obstacle_dist"":0.27244925507182516,""weight_obstacle"":51.100043749634004,""weight_optimaltime"":1.0,""weight_viapoint"":1.0}","{""acc_lim_theta"":0.8,""acc_lim_x"":0.7876939338805464,""inflation_dist"":0.5501474844860825,""max_vel_theta"":1.0,""max_vel_x"":1.2,""min_obstacle_dist"":0.25318939464933127,""weight_obstacle"":55.4939517709368,""weight_optimaltime"":0.9184619605541229,""weight_viapoint"":1.0}","{""acc_lim_theta"":0.8,""acc_lim_x"":0.7876939338805464,""inflation_dist"":0.5501474844860825,""max_vel_theta"":1.0,""max_vel_x"":1.2,""min_obstacle_dist"":0.25318939464933127,""weight_obstacle"":55.4939517709368,""weight_optimaltime"":0.9184619605541229,""weight_viapoint"":1.0}","{""acc_lim_theta"":0.8,""acc_lim_x"":0.7876939338805464,""inflation_dist"":0.5501474844860825,""max_vel_theta"":1.0,""max_vel_x"":1.2,""min_obstacle_dist"":0.25318939464933127,""weight_obstacle"":55.4939517709368,""weight_optimaltime"":0.9184619605541229,""weight_viapoint"":1.0}","{""acc_lim_theta"":0.8,""acc_lim_x"":0.7876939338805464,""inflation_dist"":0.5501474844860825,""max_vel_theta"":1.0,""max_vel_x"":1.2,""min_obstacle_dist"":0.25318939464933127,""weight_obstacle"":55.4939517709368,""weight_optimaltime"":0.9184619605541229,""weight_viapoint"":1.0}",false,,false,NORMAL,,false,,2.775481863519613,2.8625150779621142,-0.05,-0.0,-0.001949783500968394,-0.0004551968517950011,-0.0,-0.03462823408973823,0.0,0.0,0.0,0.0,0.0,0.0,0.0,32.00000000000003,96.00000000000009,true,
t11_runner_acceptance,t11_runner_acceptance-episode-000003,2,3,12.462,11.898,11.916,11.946,11.96,12.46,0,0.45000000000000107,true,,1.1855941545787871,0.6908871561582262,0.015960718643141976,0.16489472330224456,30.0,0.0,29.201624733146215,1.0273400974825748,0.16354802646976768,"[-0.13606995344161987,-0.7797266840934753,0.7878566980361938,-0.11336416006088257,-1.0]","[-0.8174463510513306,-0.5683490633964539,0.3982527256011963,-0.6416335701942444,0.13677430152893066]","[-0.9535163044929504,-1.0,1.0,-0.754997730255127,-0.8632256984710693]","{""acc_lim_theta"":0.8,""acc_lim_x"":0.7876939338805464,""inflation_dist"":0.5501474844860825,""max_vel_theta"":1.0,""max_vel_x"":1.2,""min_obstacle_dist"":0.25318939464933127,""weight_obstacle"":55.4939517709368,""weight_optimaltime"":0.9184619605541229,""weight_viapoint"":1.0}","{""acc_lim_theta"":0.8,""acc_lim_x"":0.7851899699925768,""inflation_dist"":0.55,""max_vel_theta"":1.0,""max_vel_x"":1.1916652998592825,""min_obstacle_dist"":0.250778299691329,""weight_obstacle"":54.755415281554605,""weight_optimaltime"":0.8616270542144775,""weight_viapoint"":1.0}","{""acc_lim_theta"":0.8,""acc_lim_x"":0.7851899699925768,""inflation_dist"":0.55,""max_vel_theta"":0.9930544165494021,""max_vel_x"":1.1916652998592825,""min_obstacle_dist"":0.250778299691329,""weight_obstacle"":54.755415281554605,""weight_optimaltime"":0.8616270542144775,""weight_viapoint"":1.0}","{""acc_lim_theta"":0.8,""acc_lim_x"":0.7851899699925768,""inflation_dist"":0.55,""max_vel_theta"":0.9930544165494021,""max_vel_x"":1.1916652998592825,""min_obstacle_dist"":0.250778299691329,""weight_obstacle"":54.755415281554605,""weight_optimaltime"":0.8616270542144775,""weight_viapoint"":1.0}","{""acc_lim_theta"":0.8,""acc_lim_x"":0.7851899699925768,""inflation_dist"":0.55,""max_vel_theta"":0.9930544165494021,""max_vel_x"":1.1916652998592825,""min_obstacle_dist"":0.250778299691329,""weight_obstacle"":54.755415281554605,""weight_optimaltime"":0.8616270542144775,""weight_viapoint"":1.0}",true,max_vel_theta:ackermann_turning_radius,false,NORMAL,,false,,2.401731571927499,2.473534992102805,-0.04500000000000011,-0.0,-0.00020461724164365727,-0.00934394792694184,-0.0,-0.017254855006720946,0.0,0.0,0.0,1.0,0.0,0.0,0.0,29.99999999999936,44.00000000000048,true,
t11_runner_acceptance,t11_runner_acceptance-episode-000003,3,4,13.862,12.46,12.524000000000001,12.54,12.56,13.06,0,0.45000000000000107,true,,0.5410832315103079,0.21529956641298872,0.00412939046983008,0.0027772602598914397,30.0,0.0,600.0,0.0,0.0,"[-0.9535163044929504,-1.0,1.0,-0.754997730255127,-0.8632256984710693]","[0.20523810386657715,0.9325308799743652,-0.08360028266906738,0.5490546226501465,-0.9302113652229309]","[-0.7482782006263733,-0.06746912002563477,0.9163997173309326,-0.20594310760498047,-1.0]","{""acc_lim_theta"":0.8,""acc_lim_x"":0.7851899699925768,""inflation_dist"":0.55,""max_vel_theta"":0.9930544165494021,""max_vel_x"":1.1916652998592825,""min_obstacle_dist"":0.250778299691329,""weight_obstacle"":54.755415281554605,""weight_optimaltime"":0.8616270542144775,""weight_viapoint"":1.0}","{""acc_lim_theta"":0.8,""acc_lim_x"":0.7966609698440424,""inflation_dist"":0.5507739925260217,""max_vel_theta"":0.9930544165494021,""max_vel_x"":1.2,""min_obstacle_dist"":0.27006590090441285,""weight_obstacle"":59.77825238162087,""weight_optimaltime"":0.954880142211914,""weight_viapoint"":1.0}","{""acc_lim_theta"":0.8,""acc_lim_x"":0.7966609698440424,""inflation_dist"":0.5507739925260217,""max_vel_theta"":0.9930544165494021,""max_vel_x"":1.2,""min_obstacle_dist"":0.27006590090441285,""weight_obstacle"":59.77825238162087,""weight_optimaltime"":0.954880142211914,""weight_viapoint"":1.0}","{""acc_lim_theta"":0.8,""acc_lim_x"":0.7966609698440424,""inflation_dist"":0.5507739925260217,""max_vel_theta"":0.9930544165494021,""max_vel_x"":1.2,""min_obstacle_dist"":0.27006590090441285,""weight_obstacle"":59.77825238162087,""weight_optimaltime"":0.954880142211914,""weight_viapoint"":1.0}","{""acc_lim_theta"":0.8,""acc_lim_x"":0.7966609698440424,""inflation_dist"":0.5507739925260217,""max_vel_theta"":0.9930544165494021,""max_vel_x"":1.2,""min_obstacle_dist"":0.27006590090441285,""weight_obstacle"":59.77825238162087,""weight_optimaltime"":0.954880142211914,""weight_viapoint"":1.0}",false,,false,NORMAL,,false,,11.465750362867293,1.6289183254865958,-0.04500000000000011,-0.0,-0.0008596201174223783,-0.07641900284231945,-0.0,-0.04088933965955981,10.0,0.0,0.0,0.0,0.0,0.0,0.0,15.999999999998238,35.99999999999959,true,
t11_runner_acceptance,t11_runner_acceptance-episode-000004,0,1,15.402,14.798,14.8,14.83,14.852,15.352,0,0.5,true,,2.547798733396904,2.044565535862756,0.011138716858813793,0.028768214997196118,30.0,0.0,25.737101135960142,1.165632440169561,0.11415513399282388,"[0.0,0.0,0.0,0.0,0.0]","[0.2892131805419922,0.960606575012207,-0.9052343964576721,0.8152996301651001,-0.6884432435035706]","[0.2892131805419922,0.960606575012207,-0.9052343964576721,0.8152996301651001,-0.6884432435035706]","{""acc_lim_theta"":0.8,""acc_lim_x"":0.8,""inflation_dist"":0.55,""max_vel_theta"":1.0,""max_vel_x"":1.2,""min_obstacle_dist"":0.25,""weight_obstacle"":50.0,""weight_optimaltime"":1.0,""weight_viapoint"":1.0}","{""acc_lim_theta"":0.8,""acc_lim_x"":0.7926907997067307,""inflation_dist"":0.5583808886140903,""max_vel_theta"":1.0,""max_vel_x"":1.2,""min_obstacle_dist"":0.25,""weight_obstacle"":53.71736832513433,""weight_optimaltime"":1.0,""weight_viapoint"":1.0}","{""acc_lim_theta"":0.8,""acc_lim_x"":0.7926907997067307,""inflation_dist"":0.5583808886140903,""max_vel_theta"":1.0,""max_vel_x"":1.2,""min_obstacle_dist"":0.25,""weight_obstacle"":53.71736832513433,""weight_optimaltime"":1.0,""weight_viapoint"":1.0}","{""acc_lim_theta"":0.8,""acc_lim_x"":0.7926907997067307,""inflation_dist"":0.5583808886140903,""max_vel_theta"":1.0,""max_vel_x"":1.2,""min_obstacle_dist"":0.25,""weight_obstacle"":53.71736832513433,""weight_optimaltime"":1.0,""weight_viapoint"":1.0}","{""acc_lim_theta"":0.8,""acc_lim_x"":0.7926907997067307,""inflation_dist"":0.5583808886140903,""max_vel_theta"":1.0,""max_vel_x"":1.2,""min_obstacle_dist"":0.25,""weight_obstacle"":53.71736832513433,""weight_optimaltime"":1.0,""weight_viapoint"":1.0}",false,,false,NORMAL,,false,,2.246482623734101,2.51616598767074,-0.05,-0.0,-2.8364596224893175e-05,-0.2079984230128027,-0.0,-0.011656576327611778,0.0,0.0,0.0,0.0,0.0,0.0,0.0,29.99999999999936,51.9999999999996,true,
t11_runner_acceptance,t11_runner_acceptance-episode-000004,1,2,16.0,15.398,15.404,15.436,15.45,15.95,0,0.5,true,,1.9280115852893551,1.3575514150344121,0.02511929244437468,0.039862188854889596,30.0,0.0,26.298757051397427,1.1407383223993812,-0.01966754836498751,"[0.2892131805419922,0.960606575012207,-0.9052343964576721,0.8152996301651001,-0.6884432435035706]","[0.3504974842071533,-0.9494441747665405,-0.877068817615509,-0.7306066751480103,0.8026459217071533]","[0.6397106647491455,0.011162400245666504,-1.0,0.08469295501708984,0.11420267820358276]","{""acc_lim_theta"":0.8,""acc_lim_x"":0.7926907997067307,""inflation_dist"":0.5583808886140903,""max_vel_theta"":1.0,""max_vel_x"":1.2,""min_obstacle_dist"":0.25,""weight_obstacle"":53.71736832513433,""weight_optimaltime"":1.0,""weight_viapoint"":1.0}","{""acc_lim_theta"":0.7400136407338492,""acc_lim_x"":0.7839761474935368,""inflation_dist"":0.5665010131874512,""max_vel_theta"":1.0,""max_vel_x"":1.1768571913066537,""min_obstacle_dist"":0.25,""weight_obstacle"":50.0,""weight_optimaltime"":0.905055582523346,""weight_viapoint"":1.0}","{""acc_lim_theta"":0.7400136407338492,""acc_lim_x"":0.7839761474935368,""inflation_dist"":0.5665010131874512,""max_vel_theta"":0.9807143260888781,""max_vel_x"":1.1768571913066537,""min_obstacle_dist"":0.25,""weight_obstacle"":50.0,""weight_optimaltime"":0.905055582523346,""weight_viapoint"":1.0}","{""acc_lim_theta"":0.7400136407338492,""acc_lim_x"":0.7839761474935368,""inflation_dist"":0.5665010131874512,""max_vel_theta"":0.9807143260888781,""max_vel_x"":1.1768571913066537,""min_obstacle_dist"":0.25,""weight_obstacle"":50.0,""weight_optimaltime"":0.905055582523346,""weight_viapoint"":1.0}","{""acc_lim_theta"":0.7400136407338492,""acc_lim_x"":0.7839761474935368,""inflation_dist"":0.5665010131874512,""max_vel_theta"":0.9807143260888781,""max_vel_x"":1.1768571913066537,""min_obstacle_dist"":0.25,""weight_obstacle"":50.0,""weight_optimaltime"":0.905055582523346,""weight_viapoint"":1.0}",true,max_vel_theta:ackermann_turning_radius,false,NORMAL,,false,,2.747992028992905,2.852300851274715,-0.05,-0.0,-0.00010316514417341048,-0.0005724789653637198,-0.0,-0.053633178172273234,0.0,0.0,0.0,1.0,0.0,0.0,0.0,32.00000000000003,45.999999999999375,true,
t11_runner_acceptance,t11_runner_acceptance-episode-000004,2,3,16.6,15.998,16.002,16.034,16.05,16.55,0,0.5,true,,1.2434777674145445,0.6873814180432347,0.05050222930577466,0.03918601917290785,30.0,0.0,32.05967514982819,0.9357549588321632,0.0088232722703323,"[0.6397106647491455,0.011162400245666504,-1.0,0.08469295501708984,0.11420267820358276]","[0.5657778978347778,0.3235766887664795,0.29891371726989746,-0.41247808933258057,0.05621051788330078]","[1.0,0.334739089012146,-0.7010862827301025,-0.3277851343154907,0.17041319608688354]","{""acc_lim_theta"":0.7400136407338492,""acc_lim_x"":0.7839761474935368,""inflation_dist"":0.5665010131874512,""max_vel_theta"":0.9807143260888781,""max_vel_x"":1.1768571913066537,""min_obstacle_dist"":0.25,""weight_obstacle"":50.0,""weight_optimaltime"":0.905055582523346,""weight_viapoint"":1.0}","{""acc_lim_theta"":0.704461341494156,""acc_lim_x"":0.8,""inflation_dist"":0.5637335945172528,""max_vel_theta"":0.9807143260888781,""max_vel_x"":1.193732726041987,""min_obstacle_dist"":0.2655152787956501,""weight_obstacle"":50.0,""weight_optimaltime"":0.9374132513999939,""weight_viapoint"":1.0}","{""acc_lim_theta"":0.704461341494156,""acc_lim_x"":0.8,""inflation_dist"":0.5637335945172528,""max_vel_theta"":0.9807143260888781,""max_vel_x"":1.193732726041987,""min_obstacle_dist"":0.2655152787956501,""weight_obstacle"":50.0,""weight_optimaltime"":0.9374132513999939,""weight_viapoint"":1.0}","{""acc_lim_theta"":0.704461341494156,""acc_lim_x"":0.8,""inflation_dist"":0.5637335945172528,""max_vel_theta"":0.9807143260888781,""max_vel_x"":1.193732726041987,""min_obstacle_dist"":0.2655152787956501,""weight_obstacle"":50.0,""weight_optimaltime"":0.9374132513999939,""weight_viapoint"":1.0}","{""acc_lim_theta"":0.704461341494156,""acc_lim_x"":0.8,""inflation_dist"":0.5637335945172528,""max_vel_theta"":0.9807143260888781,""max_vel_x"":1.193732726041987,""min_obstacle_dist"":0.2655152787956501,""weight_obstacle"":50.0,""weight_optimaltime"":0.9374132513999939,""weight_viapoint"":1.0}",false,,false,NORMAL,,false,,2.6890091346651523,2.780481746856549,-0.05,-0.0,-0.0007638512584770105,-0.011533797531607314,-0.0,-0.029174963401312416,0.0,0.0,0.0,0.0,0.0,0.0,0.0,32.00000000000003,48.00000000000182,true,
t11_runner_acceptance,t11_runner_acceptance-episode-000004,3,4,18.058,16.598,16.6,16.63,16.648,17.148,0,0.5,true,,0.5938059677761146,0.22762266951496563,0.0018648998740534127,0.0009183665893524285,30.0,0.0,600.0,0.0,0.0,"[1.0,0.334739089012146,-0.7010862827301025,-0.3277851343154907,0.17041319608688354]","[-0.03626292943954468,0.9022296667098999,-0.09159183502197266,0.4938468933105469,-0.2826938033103943]","[0.9637370705604553,1.0,-0.7926781177520752,0.16606175899505615,-0.11228060722351074]","{""acc_lim_theta"":0.704461341494156,""acc_lim_x"":0.8,""inflation_dist"":0.5637335945172528,""max_vel_theta"":0.9807143260888781,""max_vel_x"":1.193732726041987,""min_obstacle_dist"":0.2655152787956501,""weight_obstacle"":50.0,""weight_optimaltime"":0.9374132513999939,""weight_viapoint"":1.0}","{""acc_lim_theta"":0.7281218855853139,""acc_lim_x"":0.8,""inflation_dist"":0.5645815748528246,""max_vel_theta"":0.9807143260888781,""max_vel_x"":1.1980246956249434,""min_obstacle_dist"":0.2838880593200838,""weight_obstacle"":51.52645406873307,""weight_optimaltime"":1.0,""weight_viapoint"":1.0}","{""acc_lim_theta"":0.7281218855853139,""acc_lim_x"":0.8,""inflation_dist"":0.5645815748528246,""max_vel_theta"":0.9807143260888781,""max_vel_x"":1.1980246956249434,""min_obstacle_dist"":0.2838880593200838,""weight_obstacle"":51.52645406873307,""weight_optimaltime"":1.0,""weight_viapoint"":1.0}","{""acc_lim_theta"":0.7281218855853139,""acc_lim_x"":0.8,""inflation_dist"":0.5645815748528246,""max_vel_theta"":0.9807143260888781,""max_vel_x"":1.1980246956249434,""min_obstacle_dist"":0.2838880593200838,""weight_obstacle"":51.52645406873307,""weight_optimaltime"":1.0,""weight_viapoint"":1.0}","{""acc_lim_theta"":0.7281218855853139,""acc_lim_x"":0.8,""inflation_dist"":0.5645815748528246,""max_vel_theta"":0.9807143260888781,""max_vel_x"":1.1980246956249434,""min_obstacle_dist"":0.2838880593200838,""weight_obstacle"":51.52645406873307,""weight_optimaltime"":1.0,""weight_viapoint"":1.0}",false,,false,NORMAL,,false,,11.727662363985438,1.830916491305745,-0.05,-0.0,-0.0004392903463163222,-0.023022722524257036,-0.0,-0.029792114449734036,10.0,0.0,0.0,0.0,0.0,0.0,0.0,29.999999999997584,47.999999999998266,true,
t11_runner_acceptance,t11_runner_acceptance-episode-000005,0,1,19.69,18.998,19.0,19.038,19.14,19.64,0,0.5,true,,2.34692932217679,1.7768280189994774,0.01292506514964239,0.01772955352392421,30.0,0.0,26.00224044116037,1.1537467345510488,-0.008153724338770867,"[0.0,0.0,0.0,0.0,0.0]","[0.8508498668670654,0.7047445774078369,0.9837714433670044,-0.5459147691726685,0.7407703399658203]","[0.8508498668670654,0.7047445774078369,0.9837714433670044,-0.5459147691726685,0.7407703399658203]","{""acc_lim_theta"":0.8,""acc_lim_x"":0.8,""inflation_dist"":0.55,""max_vel_theta"":1.0,""max_vel_x"":1.2,""min_obstacle_dist"":0.25,""weight_obstacle"":50.0,""weight_optimaltime"":1.0,""weight_viapoint"":1.0}","{""acc_lim_theta"":0.7264509891864938,""acc_lim_x"":0.8,""inflation_dist"":0.55,""max_vel_theta"":1.0,""max_vel_x"":1.185516668129275,""min_obstacle_dist"":0.2927444285357065,""weight_obstacle"":50.0,""weight_optimaltime"":1.0,""weight_viapoint"":1.0}","{""acc_lim_theta"":0.7264509891864938,""acc_lim_x"":0.8,""inflation_dist"":0.55,""max_vel_theta"":0.9879305567743959,""max_vel_x"":1.185516668129275,""min_obstacle_dist"":0.2927444285357065,""weight_obstacle"":50.0,""weight_optimaltime"":1.0,""weight_viapoint"":1.0}","{""acc_lim_theta"":0.7264509891864938,""acc_lim_x"":0.8,""inflation_dist"":0.55,""max_vel_theta"":0.9879305567743959,""max_vel_x"":1.185516668129275,""min_obstacle_dist"":0.2927444285357065,""weight_obstacle"":50.0,""weight_optimaltime"":1.0,""weight_viapoint"":1.0}","{""acc_lim_theta"":0.7264509891864938,""acc_lim_x"":0.8,""inflation_dist"":0.55,""max_vel_theta"":0.9879305567743959,""max_vel_x"":1.185516668129275,""min_obstacle_dist"":0.2927444285357065,""weight_obstacle"":50.0,""weight_optimaltime"":1.0,""weight_viapoint"":1.0}",true,max_vel_theta:ackermann_turning_radius,false,NORMAL,,false,,2.651858621317203,2.850506515886563,-0.05,-0.0,-3.449827715458557e-05,-0.10830059488430502,-0.0,-0.040312801407900806,0.0,0.0,0.0,1.0,0.0,0.0,0.0,38.000000000000256,140.00000000000057,true,
t11_runner_acceptance,t11_runner_acceptance-episode-000005,1,2,20.338,19.678,19.69,19.744,19.836,20.336,0,0.4499999999999993,true,,1.5492832261800171,1.0541227854953703,0.011260884312201808,0.0551817214171165,30.0,0.0,26.653520494525704,1.1255548776816038,-0.03035366195479613,"[0.8508498668670654,0.7047445774078369,0.9837714433670044,-0.5459147691726685,0.7407703399658203]","[-0.04601925611495972,0.018764257431030273,0.08359622955322266,-0.8163191676139832,0.7621555328369141]","[0.8048306107521057,0.7235088348388672,1.0,-1.0,1.0]","{""acc_lim_theta"":0.7264509891864938,""acc_lim_x"":0.8,""inflation_dist"":0.55,""max_vel_theta"":0.9879305567743959,""max_vel_x"":1.185516668129275,""min_obstacle_dist"":0.2927444285357065,""weight_obstacle"":50.0,""weight_optimaltime"":1.0,""weight_viapoint"":1.0}","{""acc_lim_theta"":0.6817742076181869,""acc_lim_x"":0.8,""inflation_dist"":0.55,""max_vel_theta"":0.9879305567743959,""max_vel_x"":1.1593067143327005,""min_obstacle_dist"":0.29542694139695375,""weight_obstacle"":50.0,""weight_optimaltime"":1.0,""weight_viapoint"":1.0}","{""acc_lim_theta"":0.6817742076181869,""acc_lim_x"":0.8,""inflation_dist"":0.55,""max_vel_theta"":0.9660889286105838,""max_vel_x"":1.1593067143327005,""min_obstacle_dist"":0.29542694139695375,""weight_obstacle"":50.0,""weight_optimaltime"":1.0,""weight_viapoint"":1.0}","{""acc_lim_theta"":0.6817742076181869,""acc_lim_x"":0.8,""inflation_dist"":0.55,""max_vel_theta"":0.9660889286105838,""max_vel_x"":1.1593067143327005,""min_obstacle_dist"":0.29542694139695375,""weight_obstacle"":50.0,""weight_optimaltime"":1.0,""weight_viapoint"":1.0}","{""acc_lim_theta"":0.6817742076181869,""acc_lim_x"":0.8,""inflation_dist"":0.55,""max_vel_theta"":0.9660889286105838,""max_vel_x"":1.1593067143327005,""min_obstacle_dist"":0.29542694139695375,""weight_obstacle"":50.0,""weight_optimaltime"":1.0,""weight_viapoint"":1.0}",true,max_vel_theta:ackermann_turning_radius,false,NORMAL,,false,,2.4097123426425395,2.475802203423234,-0.04499999999999993,-0.0,-6.435069759980418e-05,-4.665828099422718e-05,-0.0,-0.020978851802100473,0.0,0.0,0.0,1.0,0.0,0.0,0.0,53.999999999998494,145.99999999999724,true,
t11_runner_acceptance,t11_runner_acceptance-episode-000005,2,3,22.136,20.338,20.342,20.38,20.434,20.934,0,0.4499999999999993,true,,0.8963606726140775,0.45797876109187613,0.0009622684432979986,0.0006467688281233319,30.0,0.0,600.0,0.0,0.0,"[0.8048306107521057,0.7235088348388672,1.0,-1.0,1.0]","[0.20879006385803223,-0.7893869876861572,0.47811412811279297,-0.7731298208236694,-0.23750346899032593]","[1.0,-0.06587815284729004,1.0,-1.0,0.7624965310096741]","{""acc_lim_theta"":0.6817742076181869,""acc_lim_x"":0.8,""inflation_dist"":0.55,""max_vel_theta"":0.9660889286105838,""max_vel_x"":1.1593067143327005,""min_obstacle_dist"":0.29542694139695375,""weight_obstacle"":50.0,""weight_optimaltime"":1.0,""weight_viapoint"":1.0}","{""acc_lim_theta"":0.6613347193104225,""acc_lim_x"":0.8,""inflation_dist"":0.55,""max_vel_theta"":0.9660889286105838,""max_vel_x"":1.1949484494609066,""min_obstacle_dist"":0.2900596270249457,""weight_obstacle"":51.282441045163054,""weight_optimaltime"":0.9210613012313843,""weight_viapoint"":1.0}","{""acc_lim_theta"":0.6613347193104225,""acc_lim_x"":0.8,""inflation_dist"":0.55,""max_vel_theta"":0.9660889286105838,""max_vel_x"":1.1949484494609066,""min_obstacle_dist"":0.2900596270249457,""weight_obstacle"":51.282441045163054,""weight_optimaltime"":0.9210613012313843,""weight_viapoint"":1.0}","{""acc_lim_theta"":0.6613347193104225,""acc_lim_x"":0.8,""inflation_dist"":0.55,""max_vel_theta"":0.9660889286105838,""max_vel_x"":1.1949484494609066,""min_obstacle_dist"":0.2900596270249457,""weight_obstacle"":51.282441045163054,""weight_optimaltime"":0.9210613012313843,""weight_viapoint"":1.0}","{""acc_lim_theta"":0.6613347193104225,""acc_lim_x"":0.8,""inflation_dist"":0.55,""max_vel_theta"":0.9660889286105838,""max_vel_x"":1.1949484494609066,""min_obstacle_dist"":0.2900596270249457,""weight_obstacle"":51.282441045163054,""weight_optimaltime"":0.9210613012313843,""weight_viapoint"":1.0}",false,,false,NORMAL,,false,,12.0936724811,2.1919095576110066,-0.04499999999999993,-0.0,-6.818869887488203e-05,-0.021619178954302792,-0.0,-0.0315497088578279,10.0,0.0,0.0,0.0,0.0,0.0,0.0,38.000000000000256,92.0000000000023,true,
t11_runner_acceptance,t11_runner_acceptance-episode-000006,0,1,23.668,23.078,23.08,23.112,23.118,23.618,0,0.5,true,,2.5210761736551746,2.028778230516131,0.023251090589921974,0.06407403314065971,30.0,0.0,25.714220019364497,1.1666696472771887,-0.04886555205267467,"[0.0,0.0,0.0,0.0,0.0]","[0.33905327320098877,-0.06947529315948486,-0.8700608611106873,0.24452388286590576,-0.2665443420410156]","[0.33905327320098877,-0.06947529315948486,-0.8700608611106873,0.24452388286590576,-0.2665443420410156]","{""acc_lim_theta"":0.8,""acc_lim_x"":0.8,""inflation_dist"":0.55,""max_vel_theta"":1.0,""max_vel_x"":1.2,""min_obstacle_dist"":0.25,""weight_obstacle"":50.0,""weight_optimaltime"":1.0,""weight_viapoint"":1.0}","{""acc_lim_theta"":0.8,""acc_lim_x"":0.78259706979612,""inflation_dist"":0.5580552431425302,""max_vel_theta"":1.0,""max_vel_x"":1.2,""min_obstacle_dist"":0.25,""weight_obstacle"":51.439252260367205,""weight_optimaltime"":0.9930524706840516,""weight_viapoint"":1.0}","{""acc_lim_theta"":0.8,""acc_lim_x"":0.78259706979612,""inflation_dist"":0.5580552431425302,""max_vel_theta"":1.0,""max_vel_x"":1.2,""min_obstacle_dist"":0.25,""weight_obstacle"":51.439252260367205,""weight_optimaltime"":0.9930524706840516,""weight_viapoint"":1.0}","{""acc_lim_theta"":0.8,""acc_lim_x"":0.78259706979612,""inflation_dist"":0.5580552431425302,""max_vel_theta"":1.0,""max_vel_x"":1.2,""min_obstacle_dist"":0.25,""weight_obstacle"":51.439252260367205,""weight_optimaltime"":0.9930524706840516,""weight_viapoint"":1.0}","{""acc_lim_theta"":0.8,""acc_lim_x"":0.78259706979612,""inflation_dist"":0.5580552431425302,""max_vel_theta"":1.0,""max_vel_x"":1.2,""min_obstacle_dist"":0.25,""weight_obstacle"":51.439252260367205,""weight_optimaltime"":0.9930524706840516,""weight_viapoint"":1.0}",false,,false,NORMAL,,false,,2.250987051628881,2.4614897156952176,-0.05,-0.0,-5.2908357969489e-05,-0.14952951473275042,-0.0,-0.010920240975617014,0.0,0.0,0.0,0.0,0.0,0.0,0.0,32.00000000000003,38.000000000000256,true,
t11_runner_acceptance,t11_runner_acceptance-episode-000006,1,2,24.218,23.658,23.668,23.71,23.716,24.216,0,0.4499999999999993,true,,1.9137017254619888,1.4182436065365371,0.023192673991112505,0.05417610010978901,30.0,0.0,26.625173279289303,1.126753230309898,0.16203914982204773,"[0.33905327320098877,-0.06947529315948486,-0.8700608611106873,0.24452388286590576,-0.2665443420410156]","[-0.23732209205627441,-0.6740967035293579,-0.6321753859519958,0.986177921295166,0.2088909149169922]","[0.10173118114471436,-0.7435719966888428,-1.0,1.0,-0.05765342712402344]","{""acc_lim_theta"":0.8,""acc_lim_x"":0.78259706979612,""inflation_dist"":0.5580552431425302,""max_vel_theta"":1.0,""max_vel_x"":1.2,""min_obstacle_dist"":0.25,""weight_obstacle"":51.439252260367205,""weight_optimaltime"":0.9930524706840516,""weight_viapoint"":1.0}","{""acc_lim_theta"":0.8,""acc_lim_x"":0.7114242891021054,""inflation_dist"":0.5639080824899587,""max_vel_theta"":1.0,""max_vel_x"":1.160544634086934,""min_obstacle_dist"":0.25,""weight_obstacle"":50.31130964803371,""weight_optimaltime"":0.9256428003311158,""weight_viapoint"":1.0}","{""acc_lim_theta"":0.8,""acc_lim_x"":0.7114242891021054,""inflation_dist"":0.5639080824899587,""max_vel_theta"":0.9671205284057784,""max_vel_x"":1.160544634086934,""min_obstacle_dist"":0.25,""weight_obstacle"":50.31130964803371,""weight_optimaltime"":0.9256428003311158,""weight_viapoint"":1.0}","{""acc_lim_theta"":0.8,""acc_lim_x"":0.7114242891021054,""inflation_dist"":0.5639080824899587,""max_vel_theta"":0.9671205284057784,""max_vel_x"":1.160544634086934,""min_obstacle_dist"":0.25,""weight_obstacle"":50.31130964803371,""weight_optimaltime"":0.9256428003311158,""weight_viapoint"":1.0}","{""acc_lim_theta"":0.8,""acc_lim_x"":0.7114242891021054,""inflation_dist"":0.5639080824899587,""max_vel_theta"":0.9671205284057784,""max_vel_x"":1.160544634086934,""min_obstacle_dist"":0.25,""weight_obstacle"":50.31130964803371,""weight_optimaltime"":0.9256428003311158,""weight_viapoint"":1.0}",true,max_vel_theta:ackermann_turning_radius,false,NORMAL,,false,,2.3824497611938975,2.4772905946272585,-0.04499999999999993,-0.0,-0.00036548093502052623,-0.001120309578343308,-0.0,-0.048355042919997406,0.0,0.0,0.0,1.0,0.0,0.0,0.0,42.00000000000159,48.00000000000182,true,
t11_runner_acceptance,t11_runner_acceptance-episode-000007,0,1,25.794,25.198,25.2,25.234,25.244,25.744,0,0.5,true,,2.77224931205113,2.2753369583070024,0.08739181338102363,0.2583877562150579,30.0,0.0,25.80689987487413,1.1624798075497753,0.29614419691238697,"[0.0,0.0,0.0,0.0,0.0]","[-0.11102050542831421,0.2184969186782837,0.08899462223052979,0.2095811367034912,-0.07028675079345703]","[-0.11102050542831421,0.2184969186782837,0.08899462223052979,0.2095811367034912,-0.07028675079345703]","{""acc_lim_theta"":0.8,""acc_lim_x"":0.8,""inflation_dist"":0.55,""max_vel_theta"":1.0,""max_vel_x"":1.2,""min_obstacle_dist"":0.25,""weight_obstacle"":50.0,""weight_optimaltime"":1.0,""weight_viapoint"":1.0}","{""acc_lim_theta"":0.8,""acc_lim_x"":0.7984087630361325,""inflation_dist"":0.55,""max_vel_theta"":1.0,""max_vel_x"":1.1971473115757574,""min_obstacle_dist"":0.25744059507796857,""weight_obstacle"":50.379525463488484,""weight_optimaltime"":1.0,""weight_viapoint"":1.0}","{""acc_lim_theta"":0.8,""acc_lim_x"":0.7984087630361325,""inflation_dist"":0.55,""max_vel_theta"":0.9976227596464645,""max_vel_x"":1.1971473115757574,""min_obstacle_dist"":0.25744059507796857,""weight_obstacle"":50.379525463488484,""weight_optimaltime"":1.0,""weight_viapoint"":1.0}","{""acc_lim_theta"":0.8,""acc_lim_x"":0.7984087630361325,""inflation_dist"":0.55,""max_vel_theta"":0.9976227596464645,""max_vel_x"":1.1971473115757574,""min_obstacle_dist"":0.25744059507796857,""weight_obstacle"":50.379525463488484,""weight_optimaltime"":1.0,""weight_viapoint"":1.0}","{""acc_lim_theta"":0.8,""acc_lim_x"":0.7984087630361325,""inflation_dist"":0.55,""max_vel_theta"":0.9976227596464645,""max_vel_x"":1.1971473115757574,""min_obstacle_dist"":0.25744059507796857,""weight_obstacle"":50.379525463488484,""weight_optimaltime"":1.0,""weight_viapoint"":1.0}",true,max_vel_theta:ackermann_turning_radius,false,NORMAL,,false,,2.233337715250272,2.4845617687206367,-0.05,-0.0,-0.0010063105489929677,-0.19513374858082627,-0.0,-0.005083994340545473,0.0,0.0,0.0,1.0,0.0,0.0,1.594930999999633,34.00000000000247,44.00000000000048,true,
t11_runner_acceptance,t11_runner_acceptance-episode-000007,1,2,26.394,25.778,25.794,25.828,25.844,26.344,0,0.5,true,,2.159382667643452,1.5791776315780974,0.013666690884379872,0.3352598929842376,30.0,0.0,25.87292881187696,1.1595131041456934,-0.004293295984511156,"[-0.11102050542831421,0.2184969186782837,0.08899462223052979,0.2095811367034912,-0.07028675079345703]","[-0.06047987937927246,0.13328611850738525,0.03922629356384277,0.16103863716125488,-0.01635342836380005]","[-0.17150038480758667,0.35178303718566895,0.12822091579437256,0.3706197738647461,-0.08664017915725708]","{""acc_lim_theta"":0.8,""acc_lim_x"":0.7984087630361325,""inflation_dist"":0.55,""max_vel_theta"":0.9976227596464645,""max_vel_x"":1.1971473115757574,""min_obstacle_dist"":0.25744059507796857,""weight_obstacle"":50.379525463488484,""weight_optimaltime"":1.0,""weight_viapoint"":1.0}","{""acc_lim_theta"":0.8,""acc_lim_x"":0.7961092369661728,""inflation_dist"":0.55,""max_vel_theta"":0.9976227596464645,""max_vel_x"":1.1932310806263442,""min_obstacle_dist"":0.26157422753607734,""weight_obstacle"":50.467828627446586,""weight_optimaltime"":1.0,""weight_viapoint"":1.0}","{""acc_lim_theta"":0.8,""acc_lim_x"":0.7961092369661728,""inflation_dist"":0.55,""max_vel_theta"":0.9943592338552869,""max_vel_x"":1.1932310806263442,""min_obstacle_dist"":0.26157422753607734,""weight_obstacle"":50.467828627446586,""weight_optimaltime"":1.0,""weight_viapoint"":1.0}","{""acc_lim_theta"":0.8,""acc_lim_x"":0.7961092369661728,""inflation_dist"":0.55,""max_vel_theta"":0.9943592338552869,""max_vel_x"":1.1932310806263442,""min_obstacle_dist"":0.26157422753607734,""weight_obstacle"":50.467828627446586,""weight_optimaltime"":1.0,""weight_viapoint"":1.0}","{""acc_lim_theta"":0.8,""acc_lim_x"":0.7961092369661728,""inflation_dist"":0.55,""max_vel_theta"":0.9943592338552869,""max_vel_x"":1.1932310806263442,""min_obstacle_dist"":0.26157422753607734,""weight_obstacle"":50.467828627446586,""weight_optimaltime"":1.0,""weight_viapoint"":1.0}",true,max_vel_theta:ackermann_turning_radius,false,NORMAL,,false,,2.8444201508407083,2.901025180326773,-0.05,-0.0,-0.0028610369201110134,-3.3641420832562346e-05,-0.0,-0.0037103511451207043,0.0,0.0,0.0,1.0,0.0,0.0,0.7264069972734433,33.99999999999892,50.00000000000071,true,
t11_runner_acceptance,t11_runner_acceptance-episode-000007,2,3,26.994,26.378,26.396,26.436,26.444,26.944,0,0.5,true,,1.4632264573797875,0.8868461329572239,0.029387654174541096,0.3351917020442463,30.0,0.0,27.473330494394048,1.0919680817773993,0.01104809756614329,"[-0.17150038480758667,0.35178303718566895,0.12822091579437256,0.3706197738647461,-0.08664017915725708]","[0.11475145816802979,0.026441574096679688,-0.003535926342010498,0.16488075256347656,0.09164237976074219]","[-0.056748926639556885,0.37822461128234863,0.12468498945236206,0.5355005264282227,0.005002200603485107]","{""acc_lim_theta"":0.8,""acc_lim_x"":0.7961092369661728,""inflation_dist"":0.55,""max_vel_theta"":0.9943592338552869,""max_vel_x"":1.1932310806263442,""min_obstacle_dist"":0.26157422753607734,""weight_obstacle"":50.467828627446586,""weight_optimaltime"":1.0,""weight_viapoint"":1.0}","{""acc_lim_theta"":0.7964944712839777,""acc_lim_x"":0.7926503856659549,""inflation_dist"":0.5500327364988958,""max_vel_theta"":0.9943592338552869,""max_vel_x"":1.1862239822490253,""min_obstacle_dist"":0.2620897635430005,""weight_obstacle"":50.0,""weight_optimaltime"":1.0,""weight_viapoint"":1.0}","{""acc_lim_theta"":0.7964944712839777,""acc_lim_x"":0.7926503856659549,""inflation_dist"":0.5500327364988958,""max_vel_theta"":0.988519985207521,""max_vel_x"":1.1862239822490253,""min_obstacle_dist"":0.2620897635430005,""weight_obstacle"":50.0,""weight_optimaltime"":1.0,""weight_viapoint"":1.0}","{""acc_lim_theta"":0.7964944712839777,""acc_lim_x"":0.7926503856659549,""inflation_dist"":0.5500327364988958,""max_vel_theta"":0.988519985207521,""max_vel_x"":1.1862239822490253,""min_obstacle_dist"":0.2620897635430005,""weight_obstacle"":50.0,""weight_optimaltime"":1.0,""weight_viapoint"":1.0}","{""acc_lim_theta"":0.7964944712839777,""acc_lim_x"":0.7926503856659549,""inflation_dist"":0.5500327364988958,""max_vel_theta"":0.988519985207521,""max_vel_x"":1.1862239822490253,""min_obstacle_dist"":0.2620897635430005,""weight_obstacle"":50.0,""weight_optimaltime"":1.0,""weight_viapoint"":1.0}",true,max_vel_theta:ackermann_turning_radius,false,NORMAL,,false,,2.8256317206799095,2.881901622112818,-0.05,-0.0,-0.00012195068634052655,-0.0009199313403410495,-0.0,-0.005228019406227623,0.0,0.0,0.0,1.0,0.0,0.0,1.1455909989308566,39.99999999999915,47.999999999998266,true,
t11_runner_acceptance,t11_runner_acceptance-episode-000007,3,4,28.654,26.978,26.996,27.028,27.044,27.544,0,0.5,true,,0.7776496775963041,0.3494903083195236,0.001140309404622197,0.0007527222310662052,30.0,0.0,600.0,0.0,0.0,"[-0.056748926639556885,0.37822461128234863,0.12468498945236206,0.5355005264282227,0.005002200603485107]","[0.2918837070465088,-0.24641728401184082,-0.042057037353515625,0.22373104095458984,0.16299772262573242]","[0.2351347804069519,0.1318073272705078,0.08262795209884644,0.7592315673828125,0.16799992322921753]","{""acc_lim_theta"":0.7964944712839777,""acc_lim_x"":0.7926503856659549,""inflation_dist"":0.5500327364988958,""max_vel_theta"":0.988519985207521,""max_vel_x"":1.1862239822490253,""min_obstacle_dist"":0.2620897635430005,""weight_obstacle"":50.0,""weight_optimaltime"":1.0,""weight_viapoint"":1.0}","{""acc_lim_theta"":0.7848933055284812,""acc_lim_x"":0.7807526119226187,""inflation_dist"":0.5504221111701166,""max_vel_theta"":0.988519985207521,""max_vel_x"":1.1770144744967554,""min_obstacle_dist"":0.25526719847587437,""weight_obstacle"":50.0,""weight_optimaltime"":0.9753582715988159,""weight_viapoint"":1.0}","{""acc_lim_theta"":0.7848933055284812,""acc_lim_x"":0.7807526119226187,""inflation_dist"":0.5504221111701166,""max_vel_theta"":0.9808453954139629,""max_vel_x"":1.1770144744967554,""min_obstacle_dist"":0.25526719847587437,""weight_obstacle"":50.0,""weight_optimaltime"":0.9753582715988159,""weight_viapoint"":1.0}","{""acc_lim_theta"":0.7848933055284812,""acc_lim_x"":0.7807526119226187,""inflation_dist"":0.5504221111701166,""max_vel_theta"":0.9808453954139629,""max_vel_x"":1.1770144744967554,""min_obstacle_dist"":0.25526719847587437,""weight_obstacle"":50.0,""weight_optimaltime"":0.9753582715988159,""weight_viapoint"":1.0}","{""acc_lim_theta"":0.7848933055284812,""acc_lim_x"":0.7807526119226187,""inflation_dist"":0.5504221111701166,""max_vel_theta"":0.9808453954139629,""max_vel_x"":1.1770144744967554,""min_obstacle_dist"":0.25526719847587437,""weight_obstacle"":50.0,""weight_optimaltime"":0.9753582715988159,""weight_viapoint"":1.0}",true,max_vel_theta:ackermann_turning_radius,false,NORMAL,,false,,12.043784577603919,2.1407968463839024,-0.05,-0.0,-0.0013519715930240329,-0.02894710478167908,-0.0,-0.016713192405281782,10.0,0.0,0.0,1.0,0.0,0.0,1.374201998260105,32.00000000000003,48.00000000000182,true,
t11_runner_acceptance,t11_runner_acceptance-episode-000008,0,1,30.26,29.618,29.622,29.654,29.758,30.258,0,0.4499999999999993,true,,4.998036429872084,4.6506514068579365,0.12704385754719652,0.3636398263077562,1.1617323774896504,1.0,1.0423531882979844,1.1145285403564558,-0.42803515520203966,"[0.0,0.0,0.0,0.0,0.0]","[0.17626440525054932,-0.2929443120956421,0.38340723514556885,0.48068976402282715,0.14193105697631836]","[0.17626440525054932,-0.2929443120956421,0.38340723514556885,0.48068976402282715,0.14193105697631836]","{""acc_lim_theta"":0.8,""acc_lim_x"":0.8,""inflation_dist"":0.55,""max_vel_theta"":1.0,""max_vel_x"":1.2,""min_obstacle_dist"":0.25,""weight_obstacle"":50.0,""weight_optimaltime"":1.0,""weight_viapoint"":1.0}","{""acc_lim_theta"":0.8,""acc_lim_x"":0.7807300237504595,""inflation_dist"":0.55,""max_vel_theta"":1.0,""max_vel_x"":1.183892292086313,""min_obstacle_dist"":0.2535499787464862,""weight_obstacle"":50.0,""weight_optimaltime"":0.9707055687904358,""weight_viapoint"":1.0}","{""acc_lim_theta"":0.8,""acc_lim_x"":0.7807300237504595,""inflation_dist"":0.55,""max_vel_theta"":0.9865769100719276,""max_vel_x"":1.183892292086313,""min_obstacle_dist"":0.2535499787464862,""weight_obstacle"":50.0,""weight_optimaltime"":0.9707055687904358,""weight_viapoint"":1.0}","{""acc_lim_theta"":0.8,""acc_lim_x"":0.7807300237504595,""inflation_dist"":0.55,""max_vel_theta"":0.9865769100719276,""max_vel_x"":1.183892292086313,""min_obstacle_dist"":0.2535499787464862,""weight_obstacle"":50.0,""weight_optimaltime"":0.9707055687904358,""weight_viapoint"":1.0}","{""acc_lim_theta"":0.8,""acc_lim_x"":0.7807300237504595,""inflation_dist"":0.55,""max_vel_theta"":0.9865769100719276,""max_vel_x"":1.183892292086313,""min_obstacle_dist"":0.2535499787464862,""weight_obstacle"":50.0,""weight_optimaltime"":0.9707055687904358,""weight_viapoint"":1.0}",true,max_vel_theta:ackermann_turning_radius,false,NORMAL,,false,,1.5491356966241474,1.7369251150707354,-0.04499999999999993,-0.0,-0.003567871041538498,-0.12175593963092812,-0.0,-0.017465607774121417,0.0,0.0,0.0,1.0,0.0,0.0,2.356343000428751,32.00000000000003,135.99999999999923,true,
t11_runner_acceptance,t11_runner_acceptance-episode-000008,1,2,30.26,30.26,,,,30.26,0,0.0,true,,4.5993499866004806,4.5993499866004806,0.12704385754719652,0.3636398263077562,1.1617323774896504,1.0,1.0423531882979844,1.1145285403564558,-0.42803515520203966,"[0.17626440525054932,-0.2929443120956421,0.38340723514556885,0.48068976402282715,0.14193105697631836]","[0.13950562477111816,-0.055758118629455566,0.44423413276672363,0.4821966886520386,0.3460197448730469]","[0.3157700300216675,-0.34870243072509766,0.8276413679122925,0.9628864526748657,0.48795080184936523]","{""acc_lim_theta"":0.8,""acc_lim_x"":0.7807300237504595,""inflation_dist"":0.55,""max_vel_theta"":0.9865769100719276,""max_vel_x"":1.183892292086313,""min_obstacle_dist"":0.2535499787464862,""weight_obstacle"":50.0,""weight_optimaltime"":0.9707055687904358,""weight_viapoint"":1.0}","{""acc_lim_theta"":0.7951234439487372,""acc_lim_x"":0.7691723723139877,""inflation_dist"":0.55,""max_vel_theta"":0.9865769100719276,""max_vel_x"":1.1552026779036404,""min_obstacle_dist"":0.26421433179171927,""weight_obstacle"":50.0,""weight_optimaltime"":0.9651297569274903,""weight_viapoint"":1.0}","{""acc_lim_theta"":0.7951234439487372,""acc_lim_x"":0.7691723723139877,""inflation_dist"":0.55,""max_vel_theta"":0.9626688982530337,""max_vel_x"":1.1552026779036404,""min_obstacle_dist"":0.26421433179171927,""weight_obstacle"":50.0,""weight_optimaltime"":0.9651297569274903,""weight_viapoint"":1.0}","{""acc_lim_theta"":0.4,""acc_lim_x"":0.4,""inflation_dist"":0.9,""max_vel_theta"":0.5,""max_vel_x"":0.6,""min_obstacle_dist"":0.5,""weight_obstacle"":100.0,""weight_optimaltime"":0.5,""weight_viapoint"":2.0}","{""acc_lim_theta"":0.8,""acc_lim_x"":0.7807300237504595,""inflation_dist"":0.55,""max_vel_theta"":0.9865769100719276,""max_vel_x"":1.183892292086313,""min_obstacle_dist"":0.2535499787464862,""weight_obstacle"":50.0,""weight_optimaltime"":0.9707055687904358,""weight_viapoint"":1.0}",true,max_vel_theta:ackermann_turning_radius,true,NORMAL,margin:emergency|safety_mode:EMERGENCY,false,,0.0,0.0,0.0,0.0,0.0,0.0,0.0,0.0,0.0,0.0,0.0,0.0,0.0,0.0,0.9346290025860071,0.0,0.0,false,safety_emergency_stop
t11_runner_acceptance,t11_runner_acceptance-episode-000009,0,1,31.198,31.198,,,,31.198,0,0.0,true,,4.442664840194666,4.442664840194666,0.05584659760622095,0.01828997171290966,0.5148459598153802,0.8325892857142857,1.214334609704098,0.42397371836485404,0.3048328618818277,"[0.0,0.0,0.0,0.0,0.0]","[0.539047360420227,0.3650081157684326,0.6639281511306763,0.0806354284286499,0.6629564762115479]","[0.539047360420227,0.3650081157684326,0.6639281511306763,0.0806354284286499,0.6629564762115479]","{""acc_lim_theta"":0.8,""acc_lim_x"":0.8,""inflation_dist"":0.55,""max_vel_theta"":1.0,""max_vel_x"":1.2,""min_obstacle_dist"":0.25,""weight_obstacle"":50.0,""weight_optimaltime"":1.0,""weight_viapoint"":1.0}","{""acc_lim_theta"":0.7578862860676686,""acc_lim_x"":0.8,""inflation_dist"":0.55,""max_vel_theta"":1.0,""max_vel_x"":1.1696750545516148,""min_obstacle_dist"":0.27629282988157566,""weight_obstacle"":50.0,""weight_optimaltime"":1.0,""weight_viapoint"":1.0}","{""acc_lim_theta"":0.7578862860676686,""acc_lim_x"":0.8,""inflation_dist"":0.55,""max_vel_theta"":0.9747292121263457,""max_vel_x"":1.1696750545516148,""min_obstacle_dist"":0.27629282988157566,""weight_obstacle"":50.0,""weight_optimaltime"":1.0,""weight_viapoint"":1.0}","{""acc_lim_theta"":0.4,""acc_lim_x"":0.4,""inflation_dist"":0.9,""max_vel_theta"":0.5,""max_vel_x"":0.6,""min_obstacle_dist"":0.5,""weight_obstacle"":100.0,""weight_optimaltime"":0.5,""weight_viapoint"":2.0}","{""acc_lim_theta"":0.8,""acc_lim_x"":0.8,""inflation_dist"":0.55,""max_vel_theta"":1.0,""max_vel_x"":1.2,""min_obstacle_dist"":0.25,""weight_obstacle"":50.0,""weight_optimaltime"":1.0,""weight_viapoint"":1.0}",true,max_vel_theta:ackermann_turning_radius,true,NORMAL,margin:emergency|safety_mode:EMERGENCY,false,,0.0,0.0,0.0,0.0,0.0,0.0,0.0,0.0,0.0,0.0,0.0,0.0,0.0,0.0,1.8883830016420688,0.0,0.0,false,safety_emergency_stop
t11_runner_acceptance,t11_runner_acceptance-episode-000011,0,1,33.638,33.038,33.04,33.076,33.088,33.588,0,0.5,true,,2.7740043972149193,2.2862001063490207,0.08093687900575325,0.2694949214710098,30.0,0.0,25.741697307039296,1.1654243169037743,0.27646908107784895,"[0.0,0.0,0.0,0.0,0.0]","[-0.10937482118606567,0.15136587619781494,0.08904445171356201,0.17984938621520996,-0.1191251277923584]","[-0.10937482118606567,0.15136587619781494,0.08904445171356201,0.17984938621520996,-0.1191251277923584]","{""acc_lim_theta"":0.8,""acc_lim_x"":0.8,""inflation_dist"":0.55,""max_vel_theta"":1.0,""max_vel_x"":1.2,""min_obstacle_dist"":0.25,""weight_obstacle"":50.0,""weight_optimaltime"":1.0,""weight_viapoint"":1.0}","{""acc_lim_theta"":0.8,""acc_lim_x"":0.7974126583684742,""inflation_dist"":0.55,""max_vel_theta"":1.0,""max_vel_x"":1.2,""min_obstacle_dist"":0.2558915399409691,""weight_obstacle"":50.643236724249434,""weight_optimaltime"":1.0,""weight_viapoint"":1.0}","{""acc_lim_theta"":0.8,""acc_lim_x"":0.7974126583684742,""inflation_dist"":0.55,""max_vel_theta"":1.0,""max_vel_x"":1.2,""min_obstacle_dist"":0.2558915399409691,""weight_obstacle"":50.643236724249434,""weight_optimaltime"":1.0,""weight_viapoint"":1.0}","{""acc_lim_theta"":0.8,""acc_lim_x"":0.7974126583684742,""inflation_dist"":0.55,""max_vel_theta"":1.0,""max_vel_x"":1.2,""min_obstacle_dist"":0.2558915399409691,""weight_obstacle"":50.643236724249434,""weight_optimaltime"":1.0,""weight_viapoint"":1.0}","{""acc_lim_theta"":0.8,""acc_lim_x"":0.7974126583684742,""inflation_dist"":0.55,""max_vel_theta"":1.0,""max_vel_x"":1.2,""min_obstacle_dist"":0.2558915399409691,""weight_obstacle"":50.643236724249434,""weight_optimaltime"":1.0,""weight_viapoint"":1.0}",false,,false,NORMAL,,false,,2.2007905224153568,2.439021454329493,-0.05,-0.0,-0.0008804817518528725,-0.18306052532951503,-0.0,-0.004289924832767964,0.0,0.0,0.0,0.0,0.0,0.0,1.3832210024702363,36.000000000001364,48.00000000000182,true,
t11_runner_acceptance,t11_runner_acceptance-episode-000011,1,2,34.186,33.638,33.64,33.668,33.684,34.184,0,0.45000000000000284,true,,2.169886192274761,1.6571621927301339,0.025852872863120126,0.3316156173702297,30.0,0.0,25.729474184715073,1.1659779669272017,-0.008031140928171521,"[-0.10937482118606567,0.15136587619781494,0.08904445171356201,0.17984938621520996,-0.1191251277923584]","[-0.019784629344940186,0.11023283004760742,0.06276702880859375,0.18347501754760742,-0.07985013723373413]","[-0.12915945053100586,0.26159870624542236,0.15181148052215576,0.3633244037628174,-0.19897526502609253]","{""acc_lim_theta"":0.8,""acc_lim_x"":0.7974126583684742,""inflation_dist"":0.55,""max_vel_theta"":1.0,""max_vel_x"":1.2,""min_obstacle_dist"":0.2558915399409691,""weight_obstacle"":50.643236724249434,""weight_optimaltime"":1.0,""weight_viapoint"":1.0}","{""acc_lim_theta"":0.8,""acc_lim_x"":0.7945412936273804,""inflation_dist"":0.55,""max_vel_theta"":1.0,""max_vel_x"":1.2,""min_obstacle_dist"":0.2601261171508108,""weight_obstacle"":51.074401346331705,""weight_optimaltime"":1.0,""weight_viapoint"":1.0}","{""acc_lim_theta"":0.8,""acc_lim_x"":0.7945412936273804,""inflation_dist"":0.55,""max_vel_theta"":1.0,""max_vel_x"":1.2,""min_obstacle_dist"":0.2601261171508108,""weight_obstacle"":51.074401346331705,""weight_optimaltime"":1.0,""weight_viapoint"":1.0}","{""acc_lim_theta"":0.8,""acc_lim_x"":0.7945412936273804,""inflation_dist"":0.55,""max_vel_theta"":1.0,""max_vel_x"":1.2,""min_obstacle_dist"":0.2601261171508108,""weight_obstacle"":51.074401346331705,""weight_optimaltime"":1.0,""weight_viapoint"":1.0}","{""acc_lim_theta"":0.8,""acc_lim_x"":0.7945412936273804,""inflation_dist"":0.55,""max_vel_theta"":1.0,""max_vel_x"":1.2,""min_obstacle_dist"":0.2601261171508108,""weight_obstacle"":51.074401346331705,""weight_optimaltime"":1.0,""weight_viapoint"":1.0}",false,,false,NORMAL,,false,,2.511246128817754,2.5636199977231353,-0.04500000000000029,-0.0,-0.004099138660895806,-7.289311106418736e-07,-0.0,-0.003274001313374689,0.0,0.0,0.0,0.0,0.0,0.0,0.9347949999209959,27.999999999998693,43.99999999999693,true,
t11_runner_acceptance,t11_runner_acceptance-episode-000011,2,3,34.836,34.178,34.19,34.222,34.286,34.786,0,0.5,true,,1.4706567695518387,0.8888372933199084,0.025031071870326157,0.3362503832900654,30.0,0.0,27.40110979086361,1.094846166048462,0.004707752587492506,"[-0.12915945053100586,0.26159870624542236,0.15181148052215576,0.3633244037628174,-0.19897526502609253]","[0.10892128944396973,0.1293778419494629,0.19424819946289062,0.18570733070373535,-0.012607038021087646]","[-0.020238161087036133,0.39097654819488525,0.3460596799850464,0.5490317344665527,-0.21158230304718018]","{""acc_lim_theta"":0.8,""acc_lim_x"":0.7945412936273804,""inflation_dist"":0.55,""max_vel_theta"":1.0,""max_vel_x"":1.2,""min_obstacle_dist"":0.2601261171508108,""weight_obstacle"":51.074401346331705,""weight_optimaltime"":1.0,""weight_viapoint"":1.0}","{""acc_lim_theta"":0.8,""acc_lim_x"":0.7961549029683269,""inflation_dist"":0.55,""max_vel_theta"":1.0,""max_vel_x"":1.1984589310365765,""min_obstacle_dist"":0.2683403419944322,""weight_obstacle"":51.14247522788344,""weight_optimaltime"":1.0,""weight_viapoint"":1.0}","{""acc_lim_theta"":0.8,""acc_lim_x"":0.7961549029683269,""inflation_dist"":0.55,""max_vel_theta"":0.9987157758638138,""max_vel_x"":1.1984589310365765,""min_obstacle_dist"":0.2683403419944322,""weight_obstacle"":51.14247522788344,""weight_optimaltime"":1.0,""weight_viapoint"":1.0}","{""acc_lim_theta"":0.8,""acc_lim_x"":0.7961549029683269,""inflation_dist"":0.55,""max_vel_theta"":0.9987157758638138,""max_vel_x"":1.1984589310365765,""min_obstacle_dist"":0.2683403419944322,""weight_obstacle"":51.14247522788344,""weight_optimaltime"":1.0,""weight_viapoint"":1.0}","{""acc_lim_theta"":0.8,""acc_lim_x"":0.7961549029683269,""inflation_dist"":0.55,""max_vel_theta"":0.9987157758638138,""max_vel_x"":1.1984589310365765,""min_obstacle_dist"":0.2683403419944322,""weight_obstacle"":51.14247522788344,""weight_optimaltime"":1.0,""weight_viapoint"":1.0}",true,max_vel_theta:ackermann_turning_radius,false,NORMAL,,false,,2.853643403139445,2.9090973811596514,-0.05,-0.0,-9.111631292581934e-05,-0.0010239320170176405,-0.0,-0.004338929690263147,0.0,0.0,0.0,1.0,0.0,0.0,2.5409920017409604,32.00000000000358,96.00000000000364,true,
t11_runner_acceptance,t11_runner_acceptance-episode-000011,3,4,36.496,34.818,34.84,34.872,34.886,35.386,0,0.5,true,,0.7793533242264463,0.3512048269915533,0.0016608067211348423,0.0008566863560258153,30.0,0.0,600.0,0.0,0.0,"[-0.020238161087036133,0.39097654819488525,0.3460596799850464,0.5490317344665527,-0.21158230304718018]","[0.15125679969787598,0.037107229232788086,0.13544154167175293,0.20115911960601807,-0.0125349760055542]","[0.13101863861083984,0.42808377742767334,0.4815012216567993,0.7501908540725708,-0.22411727905273438]","{""acc_lim_theta"":0.8,""acc_lim_x"":0.7961549029683269,""inflation_dist"":0.55,""max_vel_theta"":0.9987157758638138,""max_vel_x"":1.1984589310365765,""min_obstacle_dist"":0.2683403419944322,""weight_obstacle"":51.14247522788344,""weight_optimaltime"":1.0,""weight_viapoint"":1.0}","{""acc_lim_theta"":0.7994324582423697,""acc_lim_x"":0.794166443737079,""inflation_dist"":0.55,""max_vel_theta"":0.9987157758638138,""max_vel_x"":1.1973461899595819,""min_obstacle_dist"":0.2728413817311477,""weight_obstacle"":51.210159998122776,""weight_optimaltime"":1.0,""weight_viapoint"":1.0}","{""acc_lim_theta"":0.7994324582423697,""acc_lim_x"":0.794166443737079,""inflation_dist"":0.55,""max_vel_theta"":0.9977884916329849,""max_vel_x"":1.1973461899595819,""min_obstacle_dist"":0.2728413817311477,""weight_obstacle"":51.210159998122776,""weight_optimaltime"":1.0,""weight_viapoint"":1.0}","{""acc_lim_theta"":0.7994324582423697,""acc_lim_x"":0.794166443737079,""inflation_dist"":0.55,""max_vel_theta"":0.9977884916329849,""max_vel_x"":1.1973461899595819,""min_obstacle_dist"":0.2728413817311477,""weight_obstacle"":51.210159998122776,""weight_optimaltime"":1.0,""weight_viapoint"":1.0}","{""acc_lim_theta"":0.7994324582423697,""acc_lim_x"":0.794166443737079,""inflation_dist"":0.55,""max_vel_theta"":0.9977884916329849,""max_vel_x"":1.1973461899595819,""min_obstacle_dist"":0.2728413817311477,""weight_obstacle"":51.210159998122776,""weight_optimaltime"":1.0,""weight_viapoint"":1.0}",true,max_vel_theta:ackermann_turning_radius,false,NORMAL,,false,,12.058680529662439,2.140742486174465,-0.05,-0.0,-0.00042115884352325193,-0.02869509829378729,-0.0,-0.002945699374715985,10.0,0.0,0.0,1.0,0.0,0.0,1.7062650003936142,31.999999999996476,45.999999999999375,true,
t11_runner_acceptance,t11_runner_acceptance-episode-000012,0,1,38.122,37.478,37.482,37.536,37.62,38.12,0,0.45000000000000284,true,,5.0040239119877254,4.906121181599836,0.06750130568933357,0.1335994582107488,1.4746126987320376,0.0,10.582188404020592,0.13934855839192714,-0.09713648167811431,"[0.0,0.0,0.0,0.0,0.0]","[0.11282742023468018,-0.3153325319290161,0.3545585870742798,0.46922826766967773,0.12309515476226807]","[0.11282742023468018,-0.3153325319290161,0.3545585870742798,0.46922826766967773,0.12309515476226807]","{""acc_lim_theta"":0.8,""acc_lim_x"":0.8,""inflation_dist"":0.55,""max_vel_theta"":1.0,""max_vel_x"":1.2,""min_obstacle_dist"":0.25,""weight_obstacle"":50.0,""weight_optimaltime"":1.0,""weight_viapoint"":1.0}","{""acc_lim_theta"":0.8,""acc_lim_x"":0.778980874913338,""inflation_dist"":0.55,""max_vel_theta"":1.0,""max_vel_x"":1.1840675133241079,""min_obstacle_dist"":0.25225675035361944,""weight_obstacle"":50.0,""weight_optimaltime"":0.9684667468070984,""weight_viapoint"":1.0}","{""acc_lim_theta"":0.8,""acc_lim_x"":0.778980874913338,""inflation_dist"":0.55,""max_vel_theta"":0.98672292777009,""max_vel_x"":1.1840675133241079,""min_obstacle_dist"":0.25225675035361944,""weight_obstacle"":50.0,""weight_optimaltime"":0.9684667468070984,""weight_viapoint"":1.0}","{""acc_lim_theta"":0.8,""acc_lim_x"":0.778980874913338,""inflation_dist"":0.55,""max_vel_theta"":0.98672292777009,""max_vel_x"":1.1840675133241079,""min_obstacle_dist"":0.25225675035361944,""weight_obstacle"":50.0,""weight_optimaltime"":0.9684667468070984,""weight_viapoint"":1.0}","{""acc_lim_theta"":0.8,""acc_lim_x"":0.778980874913338,""inflation_dist"":0.55,""max_vel_theta"":0.98672292777009,""max_vel_x"":1.1840675133241079,""min_obstacle_dist"":0.25225675035361944,""weight_obstacle"":50.0,""weight_optimaltime"":0.9684667468070984,""weight_viapoint"":1.0}",true,max_vel_theta:ackermann_turning_radius,false,NORMAL,,false,,0.4166923665262928,0.48951365193944607,-0.04500000000000029,-0.0,-0.0017079568249626878,-0.008338367644532696,-0.0,-0.017774960943657624,0.0,0.0,0.0,1.0,0.0,0.0,1.6700120031600818,54.000000000002046,137.99999999999812,true,
t11_runner_acceptance,t11_runner_acceptance-episode-000012,1,2,38.722,38.122,38.124,38.146,38.22,38.72,0,0.44999999999999574,true,,4.888124071539062,4.861202485615887,0.04085240037307665,0.1598835012236467,1.4321711329541285,0.4,28.643422659082567,0.034325462060929755,-0.021787273046634952,"[0.11282742023468018,-0.3153325319290161,0.3545585870742798,0.46922826766967773,0.12309515476226807]","[0.13936519622802734,-0.15693241357803345,0.22861123085021973,0.41113531589508057,0.25320887565612793]","[0.2521926164627075,-0.47226494550704956,0.5831698179244995,0.8803635835647583,0.376304030418396]","{""acc_lim_theta"":0.8,""acc_lim_x"":0.778980874913338,""inflation_dist"":0.55,""max_vel_theta"":0.98672292777009,""max_vel_x"":1.1840675133241079,""min_obstacle_dist"":0.25225675035361944,""weight_obstacle"":50.0,""weight_optimaltime"":0.9684667468070984,""weight_viapoint"":1.0}","{""acc_lim_theta"":0.7964118313030601,""acc_lim_x"":0.7639546695754929,""inflation_dist"":0.55,""max_vel_theta"":0.98672292777009,""max_vel_x"":1.1624175528790572,""min_obstacle_dist"":0.25478315633100945,""weight_obstacle"":50.0,""weight_optimaltime"":0.9527735054492951,""weight_viapoint"":1.0}","{""acc_lim_theta"":0.7964118313030601,""acc_lim_x"":0.7639546695754929,""inflation_dist"":0.55,""max_vel_theta"":0.9686812940658811,""max_vel_x"":1.1624175528790572,""min_obstacle_dist"":0.25478315633100945,""weight_obstacle"":50.0,""weight_optimaltime"":0.9527735054492951,""weight_viapoint"":1.0}","{""acc_lim_theta"":0.7964118313030601,""acc_lim_x"":0.7639546695754929,""inflation_dist"":0.55,""max_vel_theta"":0.9686812940658811,""max_vel_x"":1.1624175528790572,""min_obstacle_dist"":0.25478315633100945,""weight_obstacle"":50.0,""weight_optimaltime"":0.9527735054492951,""weight_viapoint"":1.0}","{""acc_lim_theta"":0.7964118313030601,""acc_lim_x"":0.7639546695754929,""inflation_dist"":0.55,""max_vel_theta"":0.9686812940658811,""max_vel_x"":1.1624175528790572,""min_obstacle_dist"":0.25478315633100945,""weight_obstacle"":50.0,""weight_optimaltime"":0.9527735054492951,""weight_viapoint"":1.0}",true,max_vel_theta:ackermann_turning_radius,false,NORMAL,,false,,0.07097597848138493,0.13460792961587753,-0.044999999999999575,-0.0,-0.0015164584499016615,-0.0010960350316948984,-0.0,-0.016019457652896484,0.0,0.0,0.0,1.0,0.0,0.0,0.5277489981381223,21.999999999998465,95.99999999999653,true,
t11_runner_acceptance,t11_runner_acceptance-episode-000012,2,3,39.372,38.72,38.726,38.764,38.822,39.322,0,0.5,true,,4.85620278667315,4.847496894075744,0.042160501090199934,0.16824380313212273,1.4194836116265894,0.4909090909090909,28.475601038625786,0.010928842314641717,-0.008515750660791653,"[0.2521926164627075,-0.47226494550704956,0.5831698179244995,0.8803635835647583,0.376304030418396]","[0.22605681419372559,-0.16819781064987183,0.2983759641647339,0.5135273933410645,0.32624363899230957]","[0.4782494306564331,-0.6404627561569214,0.8815457820892334,1.0,0.7025476694107056]","{""acc_lim_theta"":0.7964118313030601,""acc_lim_x"":0.7639546695754929,""inflation_dist"":0.55,""max_vel_theta"":0.9686812940658811,""max_vel_x"":1.1624175528790572,""min_obstacle_dist"":0.25478315633100945,""weight_obstacle"":50.0,""weight_optimaltime"":0.9527735054492951,""weight_viapoint"":1.0}","{""acc_lim_theta"":0.7894774439445557,""acc_lim_x"":0.747129393153429,""inflation_dist"":0.55,""max_vel_theta"":0.9686812940658811,""max_vel_x"":1.1357674294646956,""min_obstacle_dist"":0.25892640283817775,""weight_obstacle"":50.0,""weight_optimaltime"":0.9359537243843079,""weight_viapoint"":1.0}","{""acc_lim_theta"":0.7894774439445557,""acc_lim_x"":0.747129393153429,""inflation_dist"":0.55,""max_vel_theta"":0.9464728578872463,""max_vel_x"":1.1357674294646956,""min_obstacle_dist"":0.25892640283817775,""weight_obstacle"":50.0,""weight_optimaltime"":0.9359537243843079,""weight_viapoint"":1.0}","{""acc_lim_theta"":0.7894774439445557,""acc_lim_x"":0.747129393153429,""inflation_dist"":0.55,""max_vel_theta"":0.9464728578872463,""max_vel_x"":1.1357674294646956,""min_obstacle_dist"":0.25892640283817775,""weight_obstacle"":50.0,""weight_optimaltime"":0.9359537243843079,""weight_viapoint"":1.0}","{""acc_lim_theta"":0.7894774439445557,""acc_lim_x"":0.747129393153429,""inflation_dist"":0.55,""max_vel_theta"":0.9464728578872463,""max_vel_x"":1.1357674294646956,""min_obstacle_dist"":0.25892640283817775,""weight_obstacle"":50.0,""weight_optimaltime"":0.9359537243843079,""weight_viapoint"":1.0}",true,max_vel_theta:ackermann_turning_radius,false,NORMAL,,false,,-0.027256207535181726,0.043529462987033085,-0.05,-0.0,-0.00085584892821572,-8.527636153833906e-05,-0.0,-0.01984454523246075,0.0,0.0,0.0,1.0,0.0,0.0,1.3373059991863556,38.00000000000381,96.00000000000364,true,
t11_runner_acceptance,t11_runner_acceptance-episode-000012,3,4,39.914,39.358,39.374,39.408,39.412,39.912,0,0.44999999999999574,true,,4.846643920383262,4.839546589939439,0.036372733765362604,0.1741792824893857,1.4136812061035213,0.5272727272727272,28.329073931876696,0.026943327074104885,-0.013909852617540918,"[0.4782494306564331,-0.6404627561569214,0.8815457820892334,1.0,0.7025476694107056]","[0.3116328716278076,-0.28036338090896606,0.3130180835723877,0.441922664642334,0.32042789459228516]","[0.7898823022842407,-0.9208261370658875,1.0,1.0,1.0]","{""acc_lim_theta"":0.7894774439445557,""acc_lim_x"":0.747129393153429,""inflation_dist"":0.55,""max_vel_theta"":0.9464728578872463,""max_vel_x"":1.1357674294646956,""min_obstacle_dist"":0.25892640283817775,""weight_obstacle"":50.0,""weight_optimaltime"":0.9359537243843079,""weight_viapoint"":1.0}","{""acc_lim_theta"":0.777408453596028,""acc_lim_x"":0.7310663475814373,""inflation_dist"":0.55,""max_vel_theta"":0.9464728578872463,""max_vel_x"":1.1127156692734237,""min_obstacle_dist"":0.26087312346830005,""weight_obstacle"":50.0,""weight_optimaltime"":0.9079173862934113,""weight_viapoint"":1.0}","{""acc_lim_theta"":0.777408453596028,""acc_lim_x"":0.7310663475814373,""inflation_dist"":0.55,""max_vel_theta"":0.9272630577278531,""max_vel_x"":1.1127156692734237,""min_obstacle_dist"":0.26087312346830005,""weight_obstacle"":50.0,""weight_optimaltime"":0.9079173862934113,""weight_viapoint"":1.0}","{""acc_lim_theta"":0.777408453596028,""acc_lim_x"":0.7310663475814373,""inflation_dist"":0.55,""max_vel_theta"":0.9272630577278531,""max_vel_x"":1.1127156692734237,""min_obstacle_dist"":0.26087312346830005,""weight_obstacle"":50.0,""weight_optimaltime"":0.9079173862934113,""weight_viapoint"":1.0}","{""acc_lim_theta"":0.777408453596028,""acc_lim_x"":0.7310663475814373,""inflation_dist"":0.55,""max_vel_theta"":0.9272630577278531,""max_vel_x"":1.1127156692734237,""min_obstacle_dist"":0.26087312346830005,""weight_obstacle"":50.0,""weight_optimaltime"":0.9079173862934113,""weight_viapoint"":1.0}",true,max_vel_theta:ackermann_turning_radius,false,NORMAL,,false,,-0.03142937965913359,0.03548665221911662,-0.044999999999999575,-0.0,-0.0006727513368401727,-0.00014039562729509353,-0.0,-0.02110288491411537,0.0,0.0,0.0,1.0,0.0,0.0,1.157814000180224,33.99999999999892,37.9999999999967,true,
t11_runner_acceptance,t11_runner_acceptance-episode-000012,4,5,40.524,39.898,39.914,39.948,40.02,40.52,0,0.44999999999999574,true,,4.835105579961125,4.759354524142426,0.022085797011421295,0.234963750915057,1.3030936092102108,0.8620689655172413,2.9143644596048897,0.44712788234690304,-0.3202970606226003,"[0.7898823022842407,-0.9208261370658875,1.0,1.0,1.0]","[0.43746209144592285,-0.21156489849090576,0.40185511112213135,0.5570223331451416,0.3976709842681885]","[1.0,-1.0,1.0,1.0,1.0]","{""acc_lim_theta"":0.777408453596028,""acc_lim_x"":0.7310663475814373,""inflation_dist"":0.55,""max_vel_theta"":0.9272630577278531,""max_vel_x"":1.1127156692734237,""min_obstacle_dist"":0.26087312346830005,""weight_obstacle"":50.0,""weight_optimaltime"":0.9079173862934113,""weight_viapoint"":1.0}","{""acc_lim_theta"":0.7605843241553794,""acc_lim_x"":0.7162035612627947,""inflation_dist"":0.55,""max_vel_theta"":0.9272630577278531,""max_vel_x"":1.0848556249493022,""min_obstacle_dist"":0.2667989039716797,""weight_obstacle"":50.0,""weight_optimaltime"":0.8867608964443208,""weight_viapoint"":1.0}","{""acc_lim_theta"":0.7605843241553794,""acc_lim_x"":0.7162035612627947,""inflation_dist"":0.55,""max_vel_theta"":0.9040463541244186,""max_vel_x"":1.0848556249493022,""min_obstacle_dist"":0.2667989039716797,""weight_obstacle"":50.0,""weight_optimaltime"":0.8867608964443208,""weight_viapoint"":1.0}","{""acc_lim_theta"":0.7605843241553794,""acc_lim_x"":0.7162035612627947,""inflation_dist"":0.55,""max_vel_theta"":0.9040463541244186,""max_vel_x"":1.0848556249493022,""min_obstacle_dist"":0.2667989039716797,""weight_obstacle"":50.0,""weight_optimaltime"":0.8867608964443208,""weight_viapoint"":1.0}","{""acc_lim_theta"":0.7605843241553794,""acc_lim_x"":0.7162035612627947,""inflation_dist"":0.55,""max_vel_theta"":0.9040463541244186,""max_vel_x"":1.0848556249493022,""min_obstacle_dist"":0.2667989039716797,""weight_obstacle"":50.0,""weight_optimaltime"":0.8867608964443208,""weight_viapoint"":1.0}",true,max_vel_theta:ackermann_turning_radius,false,NORMAL,,false,,0.2592648775308776,0.37875527909349227,-0.044999999999999575,-0.0,-0.0004788819401608292,-0.05020149907008764,-0.0,-0.023810020552366595,0.0,0.0,0.0,1.0,0.0,0.0,0.4491010004130658,33.99999999999892,106.00000000000165,true,
t11_runner_acceptance,t11_runner_acceptance-episode-000012,5,6,41.114,40.518,40.526,40.566,40.612,41.112,0,0.45000000000000284,true,,4.684491382478637,4.307286049116961,0.047473970473572026,0.4728125660920405,0.810564971299195,0.9857142857142858,0.800217215154039,1.0129311841200068,-0.268141479186686,"[1.0,-1.0,1.0,1.0,1.0]","[0.3832855224609375,-0.4160367250442505,0.3669778108596802,0.6093287467956543,0.38165509700775146]","[1.0,-1.0,1.0,1.0,1.0]","{""acc_lim_theta"":0.7605843241553794,""acc_lim_x"":0.7162035612627947,""inflation_dist"":0.55,""max_vel_theta"":0.9040463541244186,""max_vel_x"":1.0848556249493022,""min_obstacle_dist"":0.2667989039716797,""weight_obstacle"":50.0,""weight_optimaltime"":0.8867608964443208,""weight_viapoint"":1.0}","{""acc_lim_theta"":0.7478505590522109,""acc_lim_x"":0.691455820187285,""inflation_dist"":0.55,""max_vel_theta"":0.9040463541244186,""max_vel_x"":1.0557003759975476,""min_obstacle_dist"":0.2670640228374547,""weight_obstacle"":50.0,""weight_optimaltime"":0.8451572239398957,""weight_viapoint"":1.0}","{""acc_lim_theta"":0.7478505590522109,""acc_lim_x"":0.691455820187285,""inflation_dist"":0.55,""max_vel_theta"":0.8797503133312897,""max_vel_x"":1.0557003759975476,""min_obstacle_dist"":0.2670640228374547,""weight_obstacle"":50.0,""weight_optimaltime"":0.8451572239398957,""weight_viapoint"":1.0}","{""acc_lim_theta"":0.7478505590522109,""acc_lim_x"":0.691455820187285,""inflation_dist"":0.55,""max_vel_theta"":0.8797503133312897,""max_vel_x"":1.0557003759975476,""min_obstacle_dist"":0.2670640228374547,""weight_obstacle"":50.0,""weight_optimaltime"":0.8451572239398957,""weight_viapoint"":1.0}","{""acc_lim_theta"":0.7478505590522109,""acc_lim_x"":0.691455820187285,""inflation_dist"":0.55,""max_vel_theta"":0.8797503133312897,""max_vel_x"":1.0557003759975476,""min_obstacle_dist"":0.2670640228374547,""weight_obstacle"":50.0,""weight_optimaltime"":0.8451572239398957,""weight_viapoint"":1.0}",true,max_vel_theta:ackermann_turning_radius,false,NORMAL,,false,,1.7379320716314126,1.8860266668083803,-0.04500000000000029,-0.0,-0.0007991627410312147,-0.07477985752681988,-0.0,-0.02751557490911609,0.0,0.0,0.0,1.0,0.0,0.0,0.8377779995498713,39.99999999999915,85.99999999999852,true,
t11_runner_acceptance,t11_runner_acceptance-episode-000012,6,7,41.114,41.114,,,,41.114,0,0.0,true,,4.273225303625878,4.273225303625878,0.047473970473572026,0.4728125660920405,0.810564971299195,0.9857142857142858,0.800217215154039,1.0129311841200068,-0.268141479186686,"[1.0,-1.0,1.0,1.0,1.0]","[0.48376548290252686,-0.17174315452575684,0.29211127758026123,0.4759950637817383,0.5359957218170166]","[1.0,-1.0,1.0,1.0,1.0]","{""acc_lim_theta"":0.7478505590522109,""acc_lim_x"":0.691455820187285,""inflation_dist"":0.55,""max_vel_theta"":0.8797503133312897,""max_vel_x"":1.0557003759975476,""min_obstacle_dist"":0.2670640228374547,""weight_obstacle"":50.0,""weight_optimaltime"":0.8451572239398957,""weight_viapoint"":1.0}","{""acc_lim_theta"":0.7224180183190424,""acc_lim_x"":0.6802171355510838,""inflation_dist"":0.55,""max_vel_theta"":0.8797503133312897,""max_vel_x"":1.0225471490680949,""min_obstacle_dist"":0.2709568384122704,""weight_obstacle"":50.0,""weight_optimaltime"":0.82798290848732,""weight_viapoint"":1.0}","{""acc_lim_theta"":0.7224180183190424,""acc_lim_x"":0.6802171355510838,""inflation_dist"":0.55,""max_vel_theta"":0.8521226242234125,""max_vel_x"":1.0225471490680949,""min_obstacle_dist"":0.2709568384122704,""weight_obstacle"":50.0,""weight_optimaltime"":0.82798290848732,""weight_viapoint"":1.0}","{""acc_lim_theta"":0.4,""acc_lim_x"":0.4,""inflation_dist"":0.9,""max_vel_theta"":0.5,""max_vel_x"":0.6,""min_obstacle_dist"":0.5,""weight_obstacle"":100.0,""weight_optimaltime"":0.5,""weight_viapoint"":2.0}","{""acc_lim_theta"":0.7478505590522109,""acc_lim_x"":0.691455820187285,""inflation_dist"":0.55,""max_vel_theta"":0.8797503133312897,""max_vel_x"":1.0557003759975476,""min_obstacle_dist"":0.2670640228374547,""weight_obstacle"":50.0,""weight_optimaltime"":0.8451572239398957,""weight_viapoint"":1.0}",true,max_vel_theta:ackermann_turning_radius,true,NORMAL,margin:emergency|safety_mode:EMERGENCY,false,,0.0,0.0,0.0,0.0,0.0,0.0,0.0,0.0,0.0,0.0,0.0,0.0,0.0,0.0,0.9741820031194948,0.0,0.0,false,safety_emergency_stop
t11_runner_acceptance,t11_runner_acceptance-episode-000013,0,1,42.078,42.078,,,,42.078,0,0.0,true,,4.430689716427787,4.430689716427787,0.05183927304971042,0.023081916319462423,0.517374401760252,0.8351893095768375,0.8447700091399691,0.6235747694239445,0.3846986053243737,"[0.0,0.0,0.0,0.0,0.0]","[0.5476707220077515,0.4113142490386963,0.6688873767852783,0.16239440441131592,0.6801698207855225]","[0.5476707220077515,0.4113142490386963,0.6688873767852783,0.16239440441131592,0.6801698207855225]","{""acc_lim_theta"":0.8,""acc_lim_x"":0.8,""inflation_dist"":0.55,""max_vel_theta"":1.0,""max_vel_x"":1.2,""min_obstacle_dist"":0.25,""weight_obstacle"":50.0,""weight_optimaltime"":1.0,""weight_viapoint"":1.0}","{""acc_lim_theta"":0.7590615605120078,""acc_lim_x"":0.8,""inflation_dist"":0.55,""max_vel_theta"":1.0,""max_vel_x"":1.1669388542494739,""min_obstacle_dist"":0.2774957006871758,""weight_obstacle"":50.0,""weight_optimaltime"":1.0,""weight_viapoint"":1.0}","{""acc_lim_theta"":0.7590615605120078,""acc_lim_x"":0.8,""inflation_dist"":0.55,""max_vel_theta"":0.9724490452078949,""max_vel_x"":1.1669388542494739,""min_obstacle_dist"":0.2774957006871758,""weight_obstacle"":50.0,""weight_optimaltime"":1.0,""weight_viapoint"":1.0}","{""acc_lim_theta"":0.4,""acc_lim_x"":0.4,""inflation_dist"":0.9,""max_vel_theta"":0.5,""max_vel_x"":0.6,""min_obstacle_dist"":0.5,""weight_obstacle"":100.0,""weight_optimaltime"":0.5,""weight_viapoint"":2.0}","{""acc_lim_theta"":0.8,""acc_lim_x"":0.8,""inflation_dist"":0.55,""max_vel_theta"":1.0,""max_vel_x"":1.2,""min_obstacle_dist"":0.25,""weight_obstacle"":50.0,""weight_optimaltime"":1.0,""weight_viapoint"":1.0}",true,max_vel_theta:ackermann_turning_radius,true,NORMAL,margin:emergency|safety_mode:EMERGENCY,false,,0.0,0.0,0.0,0.0,0.0,0.0,0.0,0.0,0.0,0.0,0.0,0.0,0.0,0.0,1.507422999566188,0.0,0.0,false,safety_emergency_stop
t11_runner_acceptance,t11_runner_acceptance-episode-000015,0,1,44.506,43.918,43.92,43.952,43.956,44.456,0,0.5,true,,2.928793225534076,2.4484000805084225,0.05337687992573713,0.033775075680651676,30.0,0.0,25.87485783385582,1.1594266601436805,0.0008464604585431388,"[0.0,0.0,0.0,0.0,0.0]","[-0.05268228054046631,0.03239893913269043,-0.02118384838104248,0.14260852336883545,0.045630812644958496]","[-0.05268228054046631,0.03239893913269043,-0.02118384838104248,0.14260852336883545,0.045630812644958496]","{""acc_lim_theta"":0.8,""acc_lim_x"":0.8,""inflation_dist"":0.55,""max_vel_theta"":1.0,""max_vel_x"":1.2,""min_obstacle_dist"":0.25,""weight_obstacle"":50.0,""weight_optimaltime"":1.0,""weight_viapoint"":1.0}","{""acc_lim_theta"":0.8,""acc_lim_x"":0.79449021407508,""inflation_dist"":0.5501961254172335,""max_vel_theta"":1.0,""max_vel_x"":1.1930550324292089,""min_obstacle_dist"":0.2501783055465612,""weight_obstacle"":50.0,""weight_optimaltime"":1.0,""weight_viapoint"":1.0}","{""acc_lim_theta"":0.8,""acc_lim_x"":0.79449021407508,""inflation_dist"":0.5501961254172335,""max_vel_theta"":0.9942125270243407,""max_vel_x"":1.1930550324292089,""min_obstacle_dist"":0.2501783055465612,""weight_obstacle"":50.0,""weight_optimaltime"":1.0,""weight_viapoint"":1.0}","{""acc_lim_theta"":0.8,""acc_lim_x"":0.79449021407508,""inflation_dist"":0.5501961254172335,""max_vel_theta"":0.9942125270243407,""max_vel_x"":1.1930550324292089,""min_obstacle_dist"":0.2501783055465612,""weight_obstacle"":50.0,""weight_optimaltime"":1.0,""weight_viapoint"":1.0}","{""acc_lim_theta"":0.8,""acc_lim_x"":0.79449021407508,""inflation_dist"":0.5501961254172335,""max_vel_theta"":0.9942125270243407,""max_vel_x"":1.1930550324292089,""min_obstacle_dist"":0.2501783055465612,""weight_obstacle"":50.0,""weight_optimaltime"":1.0,""weight_viapoint"":1.0}",true,max_vel_theta:ackermann_turning_radius,false,NORMAL,,false,,2.133245829867319,2.401965725128268,-0.05,-0.0,-0.0016415388624313805,-0.2132585626749041,-0.0,-0.0038197937236134592,0.0,0.0,0.0,1.0,0.0,0.0,1.225531999807572,31.999999999996476,36.000000000001364,true,
t11_runner_acceptance,t11_runner_acceptance-episode-000015,1,2,45.06,44.498,44.508,44.548,44.556,45.056,0,0.4519999999999982,true,,2.309361993666337,1.8012790278544701,0.040252562257056694,0.03288944742893315,30.0,0.0,25.9771651063449,1.154860427501865,9.485372631360177e-05,"[-0.05268228054046631,0.03239893913269043,-0.02118384838104248,0.14260852336883545,0.045630812644958496]","[0.006689667701721191,0.023114323616027832,-0.0168418288230896,0.13673818111419678,0.017781734466552734]","[-0.04599261283874512,0.05551326274871826,-0.03802567720413208,0.2793467044830322,0.06341254711151123]","{""acc_lim_theta"":0.8,""acc_lim_x"":0.79449021407508,""inflation_dist"":0.5501961254172335,""max_vel_theta"":0.9942125270243407,""max_vel_x"":1.1930550324292089,""min_obstacle_dist"":0.2501783055465612,""weight_obstacle"":50.0,""weight_optimaltime"":1.0,""weight_viapoint"":1.0}","{""acc_lim_theta"":0.8,""acc_lim_x"":0.7899707787976067,""inflation_dist"":0.5503520513210395,""max_vel_theta"":0.9942125270243407,""max_vel_x"":1.1889740129269013,""min_obstacle_dist"":0.25025900404694285,""weight_obstacle"":50.0,""weight_optimaltime"":1.0,""weight_viapoint"":1.0}","{""acc_lim_theta"":0.8,""acc_lim_x"":0.7899707787976067,""inflation_dist"":0.5503520513210395,""max_vel_theta"":0.9908116774390845,""max_vel_x"":1.1889740129269013,""min_obstacle_dist"":0.25025900404694285,""weight_obstacle"":50.0,""weight_optimaltime"":1.0,""weight_viapoint"":1.0}","{""acc_lim_theta"":0.8,""acc_lim_x"":0.7899707787976067,""inflation_dist"":0.5503520513210395,""max_vel_theta"":0.9908116774390845,""max_vel_x"":1.1889740129269013,""min_obstacle_dist"":0.25025900404694285,""weight_obstacle"":50.0,""weight_optimaltime"":1.0,""weight_viapoint"":1.0}","{""acc_lim_theta"":0.8,""acc_lim_x"":0.7899707787976067,""inflation_dist"":0.5503520513210395,""max_vel_theta"":0.9908116774390845,""max_vel_x"":1.1889740129269013,""min_obstacle_dist"":0.25025900404694285,""weight_obstacle"":50.0,""weight_optimaltime"":1.0,""weight_viapoint"":1.0}",true,max_vel_theta:ackermann_turning_radius,false,NORMAL,,false,,2.4915563545652155,2.540414829059335,-0.045199999999999824,-0.0,-0.001081044147330236,-1.0402034935845161e-05,-0.0,-0.002567028311853783,0.0,0.0,0.0,1.0,0.0,0.0,1.2650259996007662,39.99999999999915,47.999999999994714,true,
t11_runner_acceptance,t11_runner_acceptance-episode-000015,2,3,45.658,45.058,45.062,45.088,45.156,45.656,0,0.44999999999999574,true,,1.6165500288354182,1.1100609192809954,0.06303893313405796,0.031124254804520055,30.0,0.0,26.054382311028775,1.151437775107071,0.0055597465928787755,"[-0.04599261283874512,0.05551326274871826,-0.03802567720413208,0.2793467044830322,0.06341254711151123]","[0.02338862419128418,-0.0011408329010009766,-0.0064165592193603516,0.11461305618286133,0.025228023529052734]","[-0.022603988647460938,0.054372429847717285,-0.04444223642349243,0.39395976066589355,0.08864057064056396]","{""acc_lim_theta"":0.8,""acc_lim_x"":0.7899707787976067,""inflation_dist"":0.5503520513210395,""max_vel_theta"":0.9908116774390845,""max_vel_x"":1.1889740129269013,""min_obstacle_dist"":0.25025900404694285,""weight_obstacle"":50.0,""weight_optimaltime"":1.0,""weight_viapoint"":1.0}","{""acc_lim_theta"":0.8,""acc_lim_x"":0.7859332782423001,""inflation_dist"":0.5504114574464735,""max_vel_theta"":0.9908116774390845,""max_vel_x"":1.1852856491578667,""min_obstacle_dist"":0.2500600193287219,""weight_obstacle"":50.0,""weight_optimaltime"":0.9998859167098999,""weight_viapoint"":1.0}","{""acc_lim_theta"":0.8,""acc_lim_x"":0.7859332782423001,""inflation_dist"":0.5504114574464735,""max_vel_theta"":0.9877380409648889,""max_vel_x"":1.1852856491578667,""min_obstacle_dist"":0.2500600193287219,""weight_obstacle"":50.0,""weight_optimaltime"":0.9998859167098999,""weight_viapoint"":1.0}","{""acc_lim_theta"":0.8,""acc_lim_x"":0.7859332782423001,""inflation_dist"":0.5504114574464735,""max_vel_theta"":0.9877380409648889,""max_vel_x"":1.1852856491578667,""min_obstacle_dist"":0.2500600193287219,""weight_obstacle"":50.0,""weight_optimaltime"":0.9998859167098999,""weight_viapoint"":1.0}","{""acc_lim_theta"":0.8,""acc_lim_x"":0.7859332782423001,""inflation_dist"":0.5504114574464735,""max_vel_theta"":0.9877380409648889,""max_vel_x"":1.1852856491578667,""min_obstacle_dist"":0.2500600193287219,""weight_obstacle"":50.0,""weight_optimaltime"":0.9998859167098999,""weight_viapoint"":1.0}",true,max_vel_theta:ackermann_turning_radius,false,NORMAL,,false,,2.4838328097504623,2.532445547772114,-0.044999999999999575,-0.0,-0.0012522270990166723,-2.2974701270511013e-06,-0.0,-0.0023582134525086808,0.0,0.0,0.0,1.0,0.0,0.0,0.8163140009855852,26.000000000003354,94.0000000000012,true,
t11_runner_acceptance,t11_runner_acceptance-episode-000015,3,4,47.456,45.658,45.66,45.69,45.754,46.254,0,0.45000000000000284,true,,0.9488645313947647,0.5001689976344983,0.004826815439647647,0.002239880506175409,30.0,0.0,600.0,0.0,0.0,"[-0.022603988647460938,0.054372429847717285,-0.04444223642349243,0.39395976066589355,0.08864057064056396]","[0.08101212978363037,-0.06742298603057861,-0.014052629470825195,0.15059328079223633,0.021677374839782715]","[0.058408141136169434,-0.013050556182861328,-0.05849486589431763,0.5445530414581299,0.11031794548034668]","{""acc_lim_theta"":0.8,""acc_lim_x"":0.7859332782423001,""inflation_dist"":0.5504114574464735,""max_vel_theta"":0.9877380409648889,""max_vel_x"":1.1852856491578667,""min_obstacle_dist"":0.2500600193287219,""weight_obstacle"":50.0,""weight_optimaltime"":0.9998859167098999,""weight_viapoint"":1.0}","{""acc_lim_theta"":0.7998469767767692,""acc_lim_x"":0.779300980546227,""inflation_dist"":0.5505415602384033,""max_vel_theta"":0.9877380409648889,""max_vel_x"":1.1820454813413024,""min_obstacle_dist"":0.25,""weight_obstacle"":50.0,""weight_optimaltime"":0.993143618106842,""weight_viapoint"":1.0}","{""acc_lim_theta"":0.7998469767767692,""acc_lim_x"":0.779300980546227,""inflation_dist"":0.5505415602384033,""max_vel_theta"":0.985037901117752,""max_vel_x"":1.1820454813413024,""min_obstacle_dist"":0.25,""weight_obstacle"":50.0,""weight_optimaltime"":0.993143618106842,""weight_viapoint"":1.0}","{""acc_lim_theta"":0.7998469767767692,""acc_lim_x"":0.779300980546227,""inflation_dist"":0.5505415602384033,""max_vel_theta"":0.985037901117752,""max_vel_x"":1.1820454813413024,""min_obstacle_dist"":0.25,""weight_obstacle"":50.0,""weight_optimaltime"":0.993143618106842,""weight_viapoint"":1.0}","{""acc_lim_theta"":0.7998469767767692,""acc_lim_x"":0.779300980546227,""inflation_dist"":0.5505415602384033,""max_vel_theta"":0.985037901117752,""max_vel_x"":1.1820454813413024,""min_obstacle_dist"":0.25,""weight_obstacle"":50.0,""weight_optimaltime"":0.993143618106842,""weight_viapoint"":1.0}",true,max_vel_theta:ackermann_turning_radius,false,NORMAL,,false,,12.172601653605176,2.243477668801332,-0.04500000000000029,-0.0,-0.0005544007575516848,-0.021135588591557522,-0.0,-0.004186025847046755,10.0,0.0,0.0,1.0,0.0,0.0,0.886481000634376,30.000000000001137,94.0000000000012,true,
t11_runner_acceptance,t11_runner_acceptance-episode-000016,0,1,48.944,48.398,48.4,48.43,48.44,48.94,0,0.4519999999999982,true,,3.8003434106742673,3.403265085970226,0.23594812859590794,0.41126127154152636,30.0,0.0,25.778298868678338,1.1637695781567339,0.6695347094187207,"[0.0,0.0,0.0,0.0,0.0]","[-0.15469396114349365,0.2839611768722534,0.1598188877105713,0.1695246696472168,-0.07648420333862305]","[-0.15469396114349365,0.2839611768722534,0.1598188877105713,0.1695246696472168,-0.07648420333862305]","{""acc_lim_theta"":0.8,""acc_lim_x"":0.8,""inflation_dist"":0.55,""max_vel_theta"":1.0,""max_vel_x"":1.2,""min_obstacle_dist"":0.25,""weight_obstacle"":50.0,""weight_optimaltime"":1.0,""weight_viapoint"":1.0}","{""acc_lim_theta"":0.8,""acc_lim_x"":0.8,""inflation_dist"":0.55,""max_vel_theta"":1.0,""max_vel_x"":1.1976208373261445,""min_obstacle_dist"":0.2608580186347879,""weight_obstacle"":50.412989680045655,""weight_optimaltime"":1.0,""weight_viapoint"":1.0}","{""acc_lim_theta"":0.8,""acc_lim_x"":0.8,""inflation_dist"":0.55,""max_vel_theta"":0.9980173644384538,""max_vel_x"":1.1976208373261445,""min_obstacle_dist"":0.2608580186347879,""weight_obstacle"":50.412989680045655,""weight_optimaltime"":1.0,""weight_viapoint"":1.0}","{""acc_lim_theta"":0.8,""acc_lim_x"":0.8,""inflation_dist"":0.55,""max_vel_theta"":0.9980173644384538,""max_vel_x"":1.1976208373261445,""min_obstacle_dist"":0.2608580186347879,""weight_obstacle"":50.412989680045655,""weight_optimaltime"":1.0,""weight_viapoint"":1.0}","{""acc_lim_theta"":0.8,""acc_lim_x"":0.8,""inflation_dist"":0.55,""max_vel_theta"":0.9980173644384538,""max_vel_x"":1.1976208373261445,""min_obstacle_dist"":0.2608580186347879,""weight_obstacle"":50.412989680045655,""weight_optimaltime"":1.0,""weight_viapoint"":1.0}",true,max_vel_theta:ackermann_turning_radius,false,NORMAL,,false,,1.7899513310734132,1.9853916235202074,-0.045199999999999824,-0.0,-0.0069573726445899785,-0.13732067876357953,-0.0,-0.005962241038624952,0.0,0.0,0.0,1.0,0.0,0.0,1.7540160006319638,30.000000000001137,39.99999999999915,true,
t11_runner_acceptance,t11_runner_acceptance-episode-000016,1,2,49.544,48.94,48.946,48.976,49.04,49.54,0,0.4519999999999982,true,,3.2289199314421446,2.734158151675216,0.054862380577925564,0.679681178332821,30.0,0.0,25.94767955406329,1.1561727489925833,0.2896607938542834,"[-0.15469396114349365,0.2839611768722534,0.1598188877105713,0.1695246696472168,-0.07648420333862305]","[-0.1165819764137268,0.24247384071350098,0.0512315034866333,0.16762423515319824,0.01716923713684082]","[-0.27127593755722046,0.5264350175857544,0.2110503911972046,0.33714890480041504,-0.05931496620178223]","{""acc_lim_theta"":0.8,""acc_lim_x"":0.8,""inflation_dist"":0.55,""max_vel_theta"":0.9980173644384538,""max_vel_x"":1.1976208373261445,""min_obstacle_dist"":0.2608580186347879,""weight_obstacle"":50.412989680045655,""weight_optimaltime"":1.0,""weight_viapoint"":1.0}","{""acc_lim_theta"":0.8,""acc_lim_x"":0.8,""inflation_dist"":0.55,""max_vel_theta"":0.9980173644384538,""max_vel_x"":1.1905554531193947,""min_obstacle_dist"":0.26783634803633716,""weight_obstacle"":50.32028141556418,""weight_optimaltime"":1.0,""weight_viapoint"":1.0}","{""acc_lim_theta"":0.8,""acc_lim_x"":0.8,""inflation_dist"":0.55,""max_vel_theta"":0.9921295442661623,""max_vel_x"":1.1905554531193947,""min_obstacle_dist"":0.26783634803633716,""weight_obstacle"":50.32028141556418,""weight_optimaltime"":1.0,""weight_viapoint"":1.0}","{""acc_lim_theta"":0.8,""acc_lim_x"":0.8,""inflation_dist"":0.55,""max_vel_theta"":0.9921295442661623,""max_vel_x"":1.1905554531193947,""min_obstacle_dist"":0.26783634803633716,""weight_obstacle"":50.32028141556418,""weight_optimaltime"":1.0,""weight_viapoint"":1.0}","{""acc_lim_theta"":0.8,""acc_lim_x"":0.8,""inflation_dist"":0.55,""max_vel_theta"":0.9921295442661623,""max_vel_x"":1.1905554531193947,""min_obstacle_dist"":0.26783634803633716,""weight_obstacle"":50.32028141556418,""weight_optimaltime"":1.0,""weight_viapoint"":1.0}",true,max_vel_theta:ackermann_turning_radius,false,NORMAL,,false,,2.3983020067275596,2.473808898834644,-0.045199999999999824,-0.0,-0.02491785114332559,-5.716460526017687e-05,-0.0,-0.005331876358499253,0.0,0.0,0.0,1.0,0.0,0.0,0.8783139965089504,30.000000000001137,94.0000000000012,true,
t11_runner_acceptance,t11_runner_acceptance-episode-000016,2,3,50.142,49.54,49.546,49.582,49.64,50.14,0,0.44999999999999574,true,,2.5510852808427686,2.048233202394598,0.12000871756132618,0.7135349223864463,30.0,0.0,25.928024152422477,1.1570492153061758,0.026801329758752313,"[-0.27127593755722046,0.5264350175857544,0.2110503911972046,0.33714890480041504,-0.05931496620178223]","[0.06710553169250488,0.22445178031921387,0.1283402442932129,0.1434645652770996,0.0660470724105835]","[-0.20417040586471558,0.7508867979049683,0.3393906354904175,0.48061347007751465,0.0067321062088012695]","{""acc_lim_theta"":0.8,""acc_lim_x"":0.8,""inflation_dist"":0.55,""max_vel_theta"":0.9921295442661623,""max_vel_x"":1.1905554531193947,""min_obstacle_dist"":0.26783634803633716,""weight_obstacle"":50.32028141556418,""weight_optimaltime"":1.0,""weight_viapoint"":1.0}","{""acc_lim_theta"":0.7987429315784971,""acc_lim_x"":0.8,""inflation_dist"":0.55,""max_vel_theta"":0.9921295442661623,""max_vel_x"":1.1846424111708374,""min_obstacle_dist"":0.2764730624319204,""weight_obstacle"":50.0,""weight_optimaltime"":1.0,""weight_viapoint"":1.0}","{""acc_lim_theta"":0.7987429315784971,""acc_lim_x"":0.8,""inflation_dist"":0.55,""max_vel_theta"":0.9872020093090311,""max_vel_x"":1.1846424111708374,""min_obstacle_dist"":0.2764730624319204,""weight_obstacle"":50.0,""weight_optimaltime"":1.0,""weight_viapoint"":1.0}","{""acc_lim_theta"":0.7987429315784971,""acc_lim_x"":0.8,""inflation_dist"":0.55,""max_vel_theta"":0.9872020093090311,""max_vel_x"":1.1846424111708374,""min_obstacle_dist"":0.2764730624319204,""weight_obstacle"":50.0,""weight_optimaltime"":1.0,""weight_viapoint"":1.0}","{""acc_lim_theta"":0.7987429315784971,""acc_lim_x"":0.8,""inflation_dist"":0.55,""max_vel_theta"":0.9872020093090311,""max_vel_x"":1.1846424111708374,""min_obstacle_dist"":0.2764730624319204,""weight_obstacle"":50.0,""weight_optimaltime"":1.0,""weight_viapoint"":1.0}",true,max_vel_theta:ackermann_turning_radius,false,NORMAL,,false,,2.4590398203885537,2.5142603922408524,-0.044999999999999575,-0.0,-0.003797791917705965,-4.225025700329614e-05,-0.0,-0.006380529677589854,0.0,0.0,0.0,1.0,0.0,0.0,1.1187359996256419,36.000000000001364,94.0000000000012,true,
t11_runner_acceptance,t11_runner_acceptance-episode-000016,3,4,50.788,50.138,50.144,50.17,50.238,50.738,0,0.5,true,,1.865832510749116,1.307087194512089,0.13826581244017394,0.7189348928705356,30.0,0.0,26.27007795387364,1.1419836687456943,0.1561856272386854,"[-0.20417040586471558,0.7508867979049683,0.3393906354904175,0.48061347007751465,0.0067321062088012695]","[0.1406574249267578,0.11388742923736572,0.15998518466949463,0.18904435634613037,0.17973089218139648]","[-0.06351298093795776,0.864774227142334,0.4993758201599121,0.669657826423645,0.18646299839019775]","{""acc_lim_theta"":0.7987429315784971,""acc_lim_x"":0.8,""inflation_dist"":0.55,""max_vel_theta"":0.9872020093090311,""max_vel_x"":1.1846424111708374,""min_obstacle_dist"":0.2764730624319204,""weight_obstacle"":50.0,""weight_optimaltime"":1.0,""weight_viapoint"":1.0}","{""acc_lim_theta"":0.791850701679286,""acc_lim_x"":0.8,""inflation_dist"":0.55,""max_vel_theta"":0.9872020093090311,""max_vel_x"":1.1724396623734425,""min_obstacle_dist"":0.2834076910029463,""weight_obstacle"":50.0,""weight_optimaltime"":1.0,""weight_viapoint"":1.0}","{""acc_lim_theta"":0.791850701679286,""acc_lim_x"":0.8,""inflation_dist"":0.55,""max_vel_theta"":0.9770330519778688,""max_vel_x"":1.1724396623734425,""min_obstacle_dist"":0.2834076910029463,""weight_obstacle"":50.0,""weight_optimaltime"":1.0,""weight_viapoint"":1.0}","{""acc_lim_theta"":0.791850701679286,""acc_lim_x"":0.8,""inflation_dist"":0.55,""max_vel_theta"":0.9770330519778688,""max_vel_x"":1.1724396623734425,""min_obstacle_dist"":0.2834076910029463,""weight_obstacle"":50.0,""weight_optimaltime"":1.0,""weight_viapoint"":1.0}","{""acc_lim_theta"":0.791850701679286,""acc_lim_x"":0.8,""inflation_dist"":0.55,""max_vel_theta"":0.9770330519778688,""max_vel_x"":1.1724396623734425,""min_obstacle_dist"":0.2834076910029463,""weight_obstacle"":50.0,""weight_optimaltime"":1.0,""weight_viapoint"":1.0}",true,max_vel_theta:ackermann_turning_radius,false,NORMAL,,false,,2.7289525116151507,2.793726581185135,-0.05,-0.0,-0.006138083362580099,-7.149437172642428e-05,-0.0,-0.008564491835678088,0.0,0.0,0.0,1.0,0.0,0.0,0.942489001317881,26.000000000003354,94.0000000000012,true,
t11_runner_acceptance,t11_runner_acceptance-episode-000016,4,5,51.338,50.778,50.792,50.824,50.836,51.336,0,0.44999999999999574,true,,1.1962803143130796,0.729263425278147,0.1814941431425475,0.8886098242178491,30.0,0.0,30.01691880057907,0.9994363578523341,0.4284811088908627,"[-0.06351298093795776,0.864774227142334,0.4993758201599121,0.669657826423645,0.18646299839019775]","[0.1439114809036255,0.10524189472198486,0.05828750133514404,0.23120391368865967,0.054241061210632324]","[0.08039849996566772,0.9700161218643188,0.5576633214950562,0.9008617401123047,0.24070405960083008]","{""acc_lim_theta"":0.791850701679286,""acc_lim_x"":0.8,""inflation_dist"":0.55,""max_vel_theta"":0.9770330519778688,""max_vel_x"":1.1724396623734425,""min_obstacle_dist"":0.2834076910029463,""weight_obstacle"":50.0,""weight_optimaltime"":1.0,""weight_viapoint"":1.0}","{""acc_lim_theta"":0.7901171526840346,""acc_lim_x"":0.7978908587739812,""inflation_dist"":0.55,""max_vel_theta"":0.9770330519778688,""max_vel_x"":1.1666120354465903,""min_obstacle_dist"":0.28740648084147946,""weight_obstacle"":50.0,""weight_optimaltime"":1.0,""weight_viapoint"":1.0}","{""acc_lim_theta"":0.7901171526840346,""acc_lim_x"":0.7978908587739812,""inflation_dist"":0.55,""max_vel_theta"":0.972176696205492,""max_vel_x"":1.1666120354465903,""min_obstacle_dist"":0.28740648084147946,""weight_obstacle"":50.0,""weight_optimaltime"":1.0,""weight_viapoint"":1.0}","{""acc_lim_theta"":0.7901171526840346,""acc_lim_x"":0.7978908587739812,""inflation_dist"":0.55,""max_vel_theta"":0.972176696205492,""max_vel_x"":1.1666120354465903,""min_obstacle_dist"":0.28740648084147946,""weight_obstacle"":50.0,""weight_optimaltime"":1.0,""weight_viapoint"":1.0}","{""acc_lim_theta"":0.7901171526840346,""acc_lim_x"":0.7978908587739812,""inflation_dist"":0.55,""max_vel_theta"":0.972176696205492,""max_vel_x"":1.1666120354465903,""min_obstacle_dist"":0.28740648084147946,""weight_obstacle"":50.0,""weight_optimaltime"":1.0,""weight_viapoint"":1.0}",true,max_vel_theta:ackermann_turning_radius,false,NORMAL,,false,,2.2667178848155562,2.3350844451746626,-0.044999999999999575,-0.0,-0.013070257526307921,-0.005793572033117537,-0.0,-0.004502730799681537,0.0,0.0,0.0,1.0,0.0,0.0,1.6526100007467903,31.999999999996476,43.99999999999693,true,
t11_runner_acceptance,t11_runner_acceptance-episode-000016,5,6,52.838,51.318,51.34,51.382,51.436,51.936,0,0.44999999999999574,true,,0.5775383440167791,0.251953428165889,0.0048554699857972575,0.0007912615378482535,30.0,0.0,600.0,0.0,0.0,"[0.08039849996566772,0.9700161218643188,0.5576633214950562,0.9008617401123047,0.24070405960083008]","[0.14983677864074707,0.026111364364624023,0.08871710300445557,0.250982403755188,0.10033953189849854]","[0.2302352786064148,0.9961274862289429,0.6463804244995117,1.0,0.3410435914993286]","{""acc_lim_theta"":0.7901171526840346,""acc_lim_x"":0.7978908587739812,""inflation_dist"":0.55,""max_vel_theta"":0.972176696205492,""max_vel_x"":1.1666120354465903,""min_obstacle_dist"":0.28740648084147946,""weight_obstacle"":50.0,""weight_optimaltime"":1.0,""weight_viapoint"":1.0}","{""acc_lim_theta"":0.7871058034702113,""acc_lim_x"":0.7930226593478807,""inflation_dist"":0.55,""max_vel_theta"":0.972176696205492,""max_vel_x"":1.157757313080494,""min_obstacle_dist"":0.2903964523824807,""weight_obstacle"":50.0,""weight_optimaltime"":1.0,""weight_viapoint"":1.0}","{""acc_lim_theta"":0.7871058034702113,""acc_lim_x"":0.7930226593478807,""inflation_dist"":0.55,""max_vel_theta"":0.9647977609004116,""max_vel_x"":1.157757313080494,""min_obstacle_dist"":0.2903964523824807,""weight_obstacle"":50.0,""weight_optimaltime"":1.0,""weight_viapoint"":1.0}","{""acc_lim_theta"":0.7871058034702113,""acc_lim_x"":0.7930226593478807,""inflation_dist"":0.55,""max_vel_theta"":0.9647977609004116,""max_vel_x"":1.157757313080494,""min_obstacle_dist"":0.2903964523824807,""weight_obstacle"":50.0,""weight_optimaltime"":1.0,""weight_viapoint"":1.0}","{""acc_lim_theta"":0.7871058034702113,""acc_lim_x"":0.7930226593478807,""inflation_dist"":0.55,""max_vel_theta"":0.9647977609004116,""max_vel_x"":1.157757313080494,""min_obstacle_dist"":0.2903964523824807,""weight_obstacle"":50.0,""weight_optimaltime"":1.0,""weight_viapoint"":1.0}",true,max_vel_theta:ackermann_turning_radius,false,NORMAL,,false,,11.547101897568968,1.6279245792544503,-0.044999999999999575,-0.0,-0.004769214284591615,-0.024936017502477748,-0.0,-0.006117449898413584,10.0,0.0,0.0,1.0,0.0,0.0,1.9499020017974544,41.999999999994486,95.99999999999653,true,
t11_runner_acceptance,t11_runner_acceptance-episode-000017,0,1,54.42,53.778,53.782,53.822,53.918,54.418,0,0.4519999999999982,true,,5.078472428135551,4.66873297677493,0.07490428638260992,0.39872799107621826,1.2253047716756151,1.0,1.0932583141746068,1.1207824864343257,0.4875719413980954,"[0.0,0.0,0.0,0.0,0.0]","[-0.0018810033798217773,-0.31762266159057617,0.04876506328582764,0.45298874378204346,0.2071007490158081]","[-0.0018810033798217773,-0.31762266159057617,0.04876506328582764,0.45298874378204346,0.2071007490158081]","{""acc_lim_theta"":0.8,""acc_lim_x"":0.8,""inflation_dist"":0.55,""max_vel_theta"":1.0,""max_vel_x"":1.2,""min_obstacle_dist"":0.25,""weight_obstacle"":50.0,""weight_optimaltime"":1.0,""weight_viapoint"":1.0}","{""acc_lim_theta"":0.8,""acc_lim_x"":0.7734464202729293,""inflation_dist"":0.55,""max_vel_theta"":1.0,""max_vel_x"":1.1774192156004077,""min_obstacle_dist"":0.25,""weight_obstacle"":50.0,""weight_optimaltime"":0.9682377338409424,""weight_viapoint"":1.0}","{""acc_lim_theta"":0.8,""acc_lim_x"":0.7734464202729293,""inflation_dist"":0.55,""max_vel_theta"":0.9811826796670065,""max_vel_x"":1.1774192156004077,""min_obstacle_dist"":0.25,""weight_obstacle"":50.0,""weight_optimaltime"":0.9682377338409424,""weight_viapoint"":1.0}","{""acc_lim_theta"":0.8,""acc_lim_x"":0.7734464202729293,""inflation_dist"":0.55,""max_vel_theta"":0.9811826796670065,""max_vel_x"":1.1774192156004077,""min_obstacle_dist"":0.25,""weight_obstacle"":50.0,""weight_optimaltime"":0.9682377338409424,""weight_viapoint"":1.0}","{""acc_lim_theta"":0.8,""acc_lim_x"":0.7734464202729293,""inflation_dist"":0.55,""max_vel_theta"":0.9811826796670065,""max_vel_x"":1.1774192156004077,""min_obstacle_dist"":0.25,""weight_obstacle"":50.0,""weight_optimaltime"":0.9682377338409424,""weight_viapoint"":1.0}",true,max_vel_theta:ackermann_turning_radius,false,NORMAL,,false,,1.8403897025006708,2.0486972568031048,-0.045199999999999824,-0.0,-0.0007189276931292085,-0.1418708503125282,-0.0,-0.020517776296776626,0.0,0.0,0.0,1.0,0.0,0.0,1.8956950007122941,40.00000000000625,136.00000000000279,true,
t11_runner_acceptance,t11_runner_acceptance-episode-000017,1,2,54.42,54.42,,,,54.42,0,0.0,true,,4.607051460432005,4.607051460432005,0.07490428638260992,0.39872799107621826,1.2253047716756151,1.0,1.0932583141746068,1.1207824864343257,0.4875719413980954,"[-0.0018810033798217773,-0.31762266159057617,0.04876506328582764,0.45298874378204346,0.2071007490158081]","[0.2105327844619751,-0.25284910202026367,-0.006412863731384277,0.483722448348999,0.11152839660644531]","[0.20865178108215332,-0.5704717636108398,0.04235219955444336,0.9367111921310425,0.3186291456222534]","{""acc_lim_theta"":0.8,""acc_lim_x"":0.7734464202729293,""inflation_dist"":0.55,""max_vel_theta"":0.9811826796670065,""max_vel_x"":1.1774192156004077,""min_obstacle_dist"":0.25,""weight_obstacle"":50.0,""weight_optimaltime"":0.9682377338409424,""weight_viapoint"":1.0}","{""acc_lim_theta"":0.8,""acc_lim_x"":0.7506640523314394,""inflation_dist"":0.5500593719116733,""max_vel_theta"":0.9811826796670065,""max_vel_x"":1.1636482192370015,""min_obstacle_dist"":0.25,""weight_obstacle"":50.0,""weight_optimaltime"":0.942952823638916,""weight_viapoint"":1.0}","{""acc_lim_theta"":0.8,""acc_lim_x"":0.7506640523314394,""inflation_dist"":0.5500593719116733,""max_vel_theta"":0.969706849364168,""max_vel_x"":1.1636482192370015,""min_obstacle_dist"":0.25,""weight_obstacle"":50.0,""weight_optimaltime"":0.942952823638916,""weight_viapoint"":1.0}","{""acc_lim_theta"":0.4,""acc_lim_x"":0.4,""inflation_dist"":0.9,""max_vel_theta"":0.5,""max_vel_x"":0.6,""min_obstacle_dist"":0.5,""weight_obstacle"":100.0,""weight_optimaltime"":0.5,""weight_viapoint"":2.0}","{""acc_lim_theta"":0.8,""acc_lim_x"":0.7734464202729293,""inflation_dist"":0.55,""max_vel_theta"":0.9811826796670065,""max_vel_x"":1.1774192156004077,""min_obstacle_dist"":0.25,""weight_obstacle"":50.0,""weight_optimaltime"":0.9682377338409424,""weight_viapoint"":1.0}",true,max_vel_theta:ackermann_turning_radius,true,NORMAL,margin:emergency|safety_mode:EMERGENCY,false,,0.0,0.0,0.0,0.0,0.0,0.0,0.0,0.0,0.0,0.0,0.0,0.0,0.0,0.0,0.9354659996461123,0.0,0.0,false,safety_emergency_stop
t11_runner_acceptance,t11_runner_acceptance-episode-000018,0,1,55.376,55.376,,,,55.376,0,0.0,true,,5.033716551468837,5.033716551468837,0.053542210458800844,0.025166790135717466,0.515487431139248,0.8355855855855856,1.032190812493036,0.5033631506242486,-0.4194465022619578,"[0.0,0.0,0.0,0.0,0.0]","[0.4536982774734497,0.36914026737213135,0.6873123645782471,0.10642719268798828,0.6784439086914062]","[0.4536982774734497,0.36914026737213135,0.6873123645782471,0.10642719268798828,0.6784439086914062]","{""acc_lim_theta"":0.8,""acc_lim_x"":0.8,""inflation_dist"":0.55,""max_vel_theta"":1.0,""max_vel_x"":1.2,""min_obstacle_dist"":0.25,""weight_obstacle"":50.0,""weight_optimaltime"":1.0,""weight_viapoint"":1.0}","{""acc_lim_theta"":0.7615086628217648,""acc_lim_x"":0.8,""inflation_dist"":0.55,""max_vel_theta"":1.0,""max_vel_x"":1.1665818637873158,""min_obstacle_dist"":0.2770174129324527,""weight_obstacle"":50.0,""weight_optimaltime"":1.0,""weight_viapoint"":1.0}","{""acc_lim_theta"":0.7615086628217648,""acc_lim_x"":0.8,""inflation_dist"":0.55,""max_vel_theta"":0.9721515531560965,""max_vel_x"":1.1665818637873158,""min_obstacle_dist"":0.2770174129324527,""weight_obstacle"":50.0,""weight_optimaltime"":1.0,""weight_viapoint"":1.0}","{""acc_lim_theta"":0.4,""acc_lim_x"":0.4,""inflation_dist"":0.9,""max_vel_theta"":0.5,""max_vel_x"":0.6,""min_obstacle_dist"":0.5,""weight_obstacle"":100.0,""weight_optimaltime"":0.5,""weight_viapoint"":2.0}","{""acc_lim_theta"":0.8,""acc_lim_x"":0.8,""inflation_dist"":0.55,""max_vel_theta"":1.0,""max_vel_x"":1.2,""min_obstacle_dist"":0.25,""weight_obstacle"":50.0,""weight_optimaltime"":1.0,""weight_viapoint"":1.0}",true,max_vel_theta:ackermann_turning_radius,true,NORMAL,margin:emergency|safety_mode:EMERGENCY,false,,0.0,0.0,0.0,0.0,0.0,0.0,0.0,0.0,0.0,0.0,0.0,0.0,0.0,0.0,1.6140209991135634,0.0,0.0,false,safety_emergency_stop
t11_runner_acceptance,t11_runner_acceptance-episode-000019,0,1,56.922,56.318,56.322,56.354,56.372,56.872,0,0.5,true,,5.388765042033063,4.988328786488411,0.2413299798952697,0.44965529152694805,30.0,0.0,26.027367198955154,1.1526329102239863,0.7646885188459117,"[0.0,0.0,0.0,0.0,0.0]","[-0.17550939321517944,0.31712818145751953,0.16518378257751465,0.2187650203704834,-0.026317954063415527]","[-0.17550939321517944,0.31712818145751953,0.16518378257751465,0.2187650203704834,-0.026317954063415527]","{""acc_lim_theta"":0.8,""acc_lim_x"":0.8,""inflation_dist"":0.55,""max_vel_theta"":1.0,""max_vel_x"":1.2,""min_obstacle_dist"":0.25,""weight_obstacle"":50.0,""weight_optimaltime"":1.0,""weight_viapoint"":1.0}","{""acc_lim_theta"":0.8,""acc_lim_x"":0.8,""inflation_dist"":0.55,""max_vel_theta"":1.0,""max_vel_x"":1.193174113867269,""min_obstacle_dist"":0.26176835491186434,""weight_obstacle"":50.14210834333967,""weight_optimaltime"":1.0,""weight_viapoint"":1.0}","{""acc_lim_theta"":0.8,""acc_lim_x"":0.8,""inflation_dist"":0.55,""max_vel_theta"":0.9943117615560575,""max_vel_x"":1.193174113867269,""min_obstacle_dist"":0.26176835491186434,""weight_obstacle"":50.14210834333967,""weight_optimaltime"":1.0,""weight_viapoint"":1.0}","{""acc_lim_theta"":0.8,""acc_lim_x"":0.8,""inflation_dist"":0.55,""max_vel_theta"":0.9943117615560575,""max_vel_x"":1.193174113867269,""min_obstacle_dist"":0.26176835491186434,""weight_obstacle"":50.14210834333967,""weight_optimaltime"":1.0,""weight_viapoint"":1.0}","{""acc_lim_theta"":0.8,""acc_lim_x"":0.8,""inflation_dist"":0.55,""max_vel_theta"":0.9943117615560575,""max_vel_x"":1.193174113867269,""min_obstacle_dist"":0.26176835491186434,""weight_obstacle"":50.14210834333967,""weight_optimaltime"":1.0,""weight_viapoint"":1.0}",true,max_vel_theta:ackermann_turning_radius,false,NORMAL,,false,,1.7494965969947898,2.002181277723256,-0.05,-0.0,-0.007643051451396658,-0.1877747752480674,-0.0,-0.007266854029002092,0.0,0.0,0.0,1.0,0.0,0.0,2.2074730004533194,31.999999999996476,49.99999999999716,true,
t11_runner_acceptance,t11_runner_acceptance-episode-000019,1,2,57.472,56.918,56.924,56.966,56.968,57.468,0,0.44999999999999574,true,,4.879619068695343,4.3600030905534,0.07131285502257352,0.675562693533609,30.0,0.0,26.043581988075186,1.1519152785410385,0.20370088189023372,"[-0.17550939321517944,0.31712818145751953,0.16518378257751465,0.2187650203704834,-0.026317954063415527]","[-0.1596885323524475,0.2550697326660156,0.059453725814819336,0.1305166482925415,0.03660476207733154]","[-0.33519792556762695,0.5721979141235352,0.22463750839233398,0.3492816686630249,0.010286808013916016]","{""acc_lim_theta"":0.8,""acc_lim_x"":0.8,""inflation_dist"":0.55,""max_vel_theta"":0.9943117615560575,""max_vel_x"":1.193174113867269,""min_obstacle_dist"":0.26176835491186434,""weight_obstacle"":50.14210834333967,""weight_optimaltime"":1.0,""weight_viapoint"":1.0}","{""acc_lim_theta"":0.8,""acc_lim_x"":0.8,""inflation_dist"":0.55,""max_vel_theta"":0.9943117615560575,""max_vel_x"":1.1850348296715019,""min_obstacle_dist"":0.2692588056145018,""weight_obstacle"":50.0,""weight_optimaltime"":1.0,""weight_viapoint"":1.0}","{""acc_lim_theta"":0.8,""acc_lim_x"":0.8,""inflation_dist"":0.55,""max_vel_theta"":0.9875290247262516,""max_vel_x"":1.1850348296715019,""min_obstacle_dist"":0.2692588056145018,""weight_obstacle"":50.0,""weight_optimaltime"":1.0,""weight_viapoint"":1.0}","{""acc_lim_theta"":0.8,""acc_lim_x"":0.8,""inflation_dist"":0.55,""max_vel_theta"":0.9875290247262516,""max_vel_x"":1.1850348296715019,""min_obstacle_dist"":0.2692588056145018,""weight_obstacle"":50.0,""weight_optimaltime"":1.0,""weight_viapoint"":1.0}","{""acc_lim_theta"":0.8,""acc_lim_x"":0.8,""inflation_dist"":0.55,""max_vel_theta"":0.9875290247262516,""max_vel_x"":1.1850348296715019,""min_obstacle_dist"":0.2692588056145018,""weight_obstacle"":50.0,""weight_optimaltime"":1.0,""weight_viapoint"":1.0}",true,max_vel_theta:ackermann_turning_radius,false,NORMAL,,false,,2.518643450186476,2.5980798907097125,-0.044999999999999575,-0.0,-0.028415547724126206,-2.7401099454010593e-05,-0.0,-0.0059934916996566695,0.0,0.0,0.0,1.0,0.0,0.0,0.9700320006231777,42.00000000000159,44.000000000004036,true,
t11_runner_acceptance,t11_runner_acceptance-episode-000019,2,3,58.12,57.47,57.474,57.506,57.57,58.07,0,0.5,true,,4.200009116529234,3.6293265624922646,0.14125391625481917,0.7007811091310296,30.0,0.0,26.099681594568604,1.1494393098743036,0.02859793173136254,"[-0.33519792556762695,0.5721979141235352,0.22463750839233398,0.3492816686630249,0.010286808013916016]","[0.030072450637817383,0.29055309295654297,0.13396179676055908,0.08234333992004395,0.035505056381225586]","[-0.30512547492980957,0.8627510070800781,0.35859930515289307,0.43162500858306885,0.0457918643951416]","{""acc_lim_theta"":0.8,""acc_lim_x"":0.8,""inflation_dist"":0.55,""max_vel_theta"":0.9875290247262516,""max_vel_x"":1.1850348296715019,""min_obstacle_dist"":0.2692588056145018,""weight_obstacle"":50.0,""weight_optimaltime"":1.0,""weight_viapoint"":1.0}","{""acc_lim_theta"":0.7997031275624716,""acc_lim_x"":0.8,""inflation_dist"":0.55,""max_vel_theta"":0.9875290247262516,""max_vel_x"":1.181622868274065,""min_obstacle_dist"":0.2795733816315217,""weight_obstacle"":50.0,""weight_optimaltime"":1.0,""weight_viapoint"":1.0}","{""acc_lim_theta"":0.7997031275624716,""acc_lim_x"":0.8,""inflation_dist"":0.55,""max_vel_theta"":0.9846857235617209,""max_vel_x"":1.181622868274065,""min_obstacle_dist"":0.2795733816315217,""weight_obstacle"":50.0,""weight_optimaltime"":1.0,""weight_viapoint"":1.0}","{""acc_lim_theta"":0.7997031275624716,""acc_lim_x"":0.8,""inflation_dist"":0.55,""max_vel_theta"":0.9846857235617209,""max_vel_x"":1.181622868274065,""min_obstacle_dist"":0.2795733816315217,""weight_obstacle"":50.0,""weight_optimaltime"":1.0,""weight_viapoint"":1.0}","{""acc_lim_theta"":0.7997031275624716,""acc_lim_x"":0.8,""inflation_dist"":0.55,""max_vel_theta"":0.9846857235617209,""max_vel_x"":1.181622868274065,""min_obstacle_dist"":0.2795733816315217,""weight_obstacle"":50.0,""weight_optimaltime"":1.0,""weight_viapoint"":1.0}",true,max_vel_theta:ackermann_turning_radius,false,NORMAL,,false,,2.791852383287103,2.8534127701848466,-0.05,-0.0,-0.006184891879239927,-3.8126036501613805e-05,-0.0,-0.005337368982002339,0.0,0.0,0.0,1.0,0.0,0.0,0.8008040022104979,32.00000000000358,96.00000000000364,true,
t11_runner_acceptance,t11_runner_acceptance-episode-000019,3,4,58.674,58.118,58.122,58.148,58.17,58.67,0,0.45000000000000284,true,,3.515234194432,2.9948442773651305,0.07055061701802016,0.7005569244217862,30.0,0.0,26.304640528430394,1.140483177011129,0.005630403167688725,"[-0.30512547492980957,0.8627510070800781,0.35859930515289307,0.43162500858306885,0.0457918643951416]","[0.10201501846313477,0.17368507385253906,0.22968733310699463,0.1761167049407959,0.1319206953048706]","[-0.2031104564666748,1.0,0.5882866382598877,0.6077417135238647,0.1777125597000122]","{""acc_lim_theta"":0.7997031275624716,""acc_lim_x"":0.8,""inflation_dist"":0.55,""max_vel_theta"":0.9846857235617209,""max_vel_x"":1.181622868274065,""min_obstacle_dist"":0.2795733816315217,""weight_obstacle"":50.0,""weight_optimaltime"":1.0,""weight_viapoint"":1.0}","{""acc_lim_theta"":0.795655542785576,""acc_lim_x"":0.8,""inflation_dist"":0.55,""max_vel_theta"":0.9846857235617209,""max_vel_x"":1.1717764134878923,""min_obstacle_dist"":0.28976437246391007,""weight_obstacle"":50.0,""weight_optimaltime"":1.0,""weight_viapoint"":1.0}","{""acc_lim_theta"":0.795655542785576,""acc_lim_x"":0.8,""inflation_dist"":0.55,""max_vel_theta"":0.9764803445732436,""max_vel_x"":1.1717764134878923,""min_obstacle_dist"":0.28976437246391007,""weight_obstacle"":50.0,""weight_optimaltime"":1.0,""weight_viapoint"":1.0}","{""acc_lim_theta"":0.795655542785576,""acc_lim_x"":0.8,""inflation_dist"":0.55,""max_vel_theta"":0.9764803445732436,""max_vel_x"":1.1717764134878923,""min_obstacle_dist"":0.28976437246391007,""weight_obstacle"":50.0,""weight_optimaltime"":1.0,""weight_viapoint"":1.0}","{""acc_lim_theta"":0.795655542785576,""acc_lim_x"":0.8,""inflation_dist"":0.55,""max_vel_theta"":0.9764803445732436,""max_vel_x"":1.1717764134878923,""min_obstacle_dist"":0.28976437246391007,""weight_obstacle"":50.0,""weight_optimaltime"":1.0,""weight_viapoint"":1.0}",true,max_vel_theta:ackermann_turning_radius,false,NORMAL,,false,,2.546165745346651,2.6019495853343466,-0.04500000000000029,-0.0,-0.0023443423539359744,-6.905351118951005e-05,-0.0,-0.00837044412257017,0.0,0.0,0.0,1.0,0.0,0.0,1.0663319990271702,26.000000000003354,48.00000000000182,true,
t11_runner_acceptance,t11_runner_acceptance-episode-000019,4,5,59.32,58.672,58.676,58.71,58.77,59.27,0,0.5,true,,2.8370340947289185,2.2754128676398286,0.03772788378073858,0.6805583610749457,30.0,0.0,26.37425376772721,1.1374729410054218,-0.14548993519671424,"[-0.2031104564666748,1.0,0.5882866382598877,0.6077417135238647,0.1777125597000122]","[0.15844082832336426,0.05098283290863037,0.16498315334320068,0.2649860382080078,-0.010297119617462158]","[-0.04466962814331055,1.0,0.7532697916030884,0.8727277517318726,0.16741544008255005]","{""acc_lim_theta"":0.795655542785576,""acc_lim_x"":0.8,""inflation_dist"":0.55,""max_vel_theta"":0.9764803445732436,""max_vel_x"":1.1717764134878923,""min_obstacle_dist"":0.28976437246391007,""weight_obstacle"":50.0,""weight_optimaltime"":1.0,""weight_viapoint"":1.0}","{""acc_lim_theta"":0.7963625211312305,""acc_lim_x"":0.796574054477906,""inflation_dist"":0.55,""max_vel_theta"":0.9764803445732436,""max_vel_x"":1.1691869109173907,""min_obstacle_dist"":0.29538068530975714,""weight_obstacle"":50.05560107774647,""weight_optimaltime"":1.0,""weight_viapoint"":1.0}","{""acc_lim_theta"":0.7963625211312305,""acc_lim_x"":0.796574054477906,""inflation_dist"":0.55,""max_vel_theta"":0.9743224257644922,""max_vel_x"":1.1691869109173907,""min_obstacle_dist"":0.29538068530975714,""weight_obstacle"":50.05560107774647,""weight_optimaltime"":1.0,""weight_viapoint"":1.0}","{""acc_lim_theta"":0.7963625211312305,""acc_lim_x"":0.796574054477906,""inflation_dist"":0.55,""max_vel_theta"":0.9743224257644922,""max_vel_x"":1.1691869109173907,""min_obstacle_dist"":0.29538068530975714,""weight_obstacle"":50.05560107774647,""weight_optimaltime"":1.0,""weight_viapoint"":1.0}","{""acc_lim_theta"":0.7963625211312305,""acc_lim_x"":0.796574054477906,""inflation_dist"":0.55,""max_vel_theta"":0.9743224257644922,""max_vel_x"":1.1691869109173907,""min_obstacle_dist"":0.29538068530975714,""weight_obstacle"":50.05560107774647,""weight_optimaltime"":1.0,""weight_viapoint"":1.0}",true,max_vel_theta:ackermann_turning_radius,false,NORMAL,,false,,2.747325195096521,2.8081061354454495,-0.05,-0.0,-0.006517561328501669,-9.25323615752011e-06,-0.0,-0.0042541257842694585,0.0,0.0,0.0,1.0,0.0,0.0,0.9491810014878865,33.99999999999892,94.0000000000012,true,
t11_runner_acceptance,t11_runner_acceptance-episode-000019,5,6,59.92,59.318,59.32,59.338,59.37,59.87,0,0.5,true,,2.164216015830317,1.6193589702066638,0.1849430276791884,0.6731077327803286,30.0,0.0,26.488640628526216,1.132560950209439,0.12670779701376375,"[-0.04466962814331055,1.0,0.7532697916030884,0.8727277517318726,0.16741544008255005]","[0.15520477294921875,-0.024714767932891846,0.10543310642242432,0.29395627975463867,0.005213499069213867]","[0.1105351448059082,0.9752852320671082,0.8587028980255127,1.0,0.17262893915176392]","{""acc_lim_theta"":0.7963625211312305,""acc_lim_x"":0.796574054477906,""inflation_dist"":0.55,""max_vel_theta"":0.9743224257644922,""max_vel_x"":1.1691869109173907,""min_obstacle_dist"":0.29538068530975714,""weight_obstacle"":50.05560107774647,""weight_optimaltime"":1.0,""weight_viapoint"":1.0}","{""acc_lim_theta"":0.7974268481804787,""acc_lim_x"":0.788783373604502,""inflation_dist"":0.55,""max_vel_theta"":0.9743224257644922,""max_vel_x"":1.1649633984047536,""min_obstacle_dist"":0.2976465670006371,""weight_obstacle"":50.027449888108265,""weight_optimaltime"":0.9975285232067108,""weight_viapoint"":1.0}","{""acc_lim_theta"":0.7974268481804787,""acc_lim_x"":0.788783373604502,""inflation_dist"":0.55,""max_vel_theta"":0.9708028320039613,""max_vel_x"":1.1649633984047536,""min_obstacle_dist"":0.2976465670006371,""weight_obstacle"":50.027449888108265,""weight_optimaltime"":0.9975285232067108,""weight_viapoint"":1.0}","{""acc_lim_theta"":0.7974268481804787,""acc_lim_x"":0.788783373604502,""inflation_dist"":0.55,""max_vel_theta"":0.9708028320039613,""max_vel_x"":1.1649633984047536,""min_obstacle_dist"":0.2976465670006371,""weight_obstacle"":50.027449888108265,""weight_optimaltime"":0.9975285232067108,""weight_viapoint"":1.0}","{""acc_lim_theta"":0.7974268481804787,""acc_lim_x"":0.788783373604502,""inflation_dist"":0.55,""max_vel_theta"":0.9708028320039613,""max_vel_x"":1.1649633984047536,""min_obstacle_dist"":0.2976465670006371,""weight_obstacle"":50.027449888108265,""weight_optimaltime"":0.9975285232067108,""weight_viapoint"":1.0}",true,max_vel_theta:ackermann_turning_radius,false,NORMAL,,false,,2.662584352928417,2.7242852281182675,-0.05,-0.0,-0.006591447683736519,-3.088760695264344e-05,-0.0,-0.005078539899161626,0.0,0.0,0.0,1.0,0.0,0.0,0.4516179978963919,18.000000000000682,49.99999999999716,true,
t11_runner_acceptance,t11_runner_acceptance-episode-000019,6,7,60.518,59.918,59.922,59.954,59.968,60.468,0,0.5,true,,1.5120224032750866,0.9718953386781097,0.16127420607870935,0.8649854679552216,30.0,0.0,27.104930766350442,1.1068096892999135,0.5137067900083093,"[0.1105351448059082,0.9752852320671082,0.8587028980255127,1.0,0.17262893915176392]","[0.12003695964813232,0.0073593854904174805,-0.05893617868423462,0.1948378086090088,0.06746888160705566]","[0.23057210445404053,0.9826446175575256,0.7997667193412781,1.0,0.24009782075881958]","{""acc_lim_theta"":0.7974268481804787,""acc_lim_x"":0.788783373604502,""inflation_dist"":0.55,""max_vel_theta"":0.9708028320039613,""max_vel_x"":1.1649633984047536,""min_obstacle_dist"":0.2976465670006371,""weight_obstacle"":50.027449888108265,""weight_optimaltime"":0.9975285232067108,""weight_viapoint"":1.0}","{""acc_lim_theta"":0.7952870529049721,""acc_lim_x"":0.7829306396188561,""inflation_dist"":0.5505456460236438,""max_vel_theta"":0.9708028320039613,""max_vel_x"":1.1587647619385124,""min_obstacle_dist"":0.2962308584365636,""weight_obstacle"":50.0,""weight_optimaltime"":0.9982644617557526,""weight_viapoint"":1.0}","{""acc_lim_theta"":0.7952870529049721,""acc_lim_x"":0.7829306396188561,""inflation_dist"":0.5505456460236438,""max_vel_theta"":0.965637301615427,""max_vel_x"":1.1587647619385124,""min_obstacle_dist"":0.2962308584365636,""weight_obstacle"":50.0,""weight_optimaltime"":0.9982644617557526,""weight_viapoint"":1.0}","{""acc_lim_theta"":0.7952870529049721,""acc_lim_x"":0.7829306396188561,""inflation_dist"":0.5505456460236438,""max_vel_theta"":0.965637301615427,""max_vel_x"":1.1587647619385124,""min_obstacle_dist"":0.2962308584365636,""weight_obstacle"":50.0,""weight_optimaltime"":0.9982644617557526,""weight_viapoint"":1.0}","{""acc_lim_theta"":0.7952870529049721,""acc_lim_x"":0.7829306396188561,""inflation_dist"":0.5505456460236438,""max_vel_theta"":0.965637301615427,""max_vel_x"":1.1587647619385124,""min_obstacle_dist"":0.2962308584365636,""weight_obstacle"":50.0,""weight_optimaltime"":0.9982644617557526,""weight_viapoint"":1.0}",true,max_vel_theta:ackermann_turning_radius,false,NORMAL,,false,,2.6253904049508985,2.7006353229848843,-0.05,-0.0,-0.019976457286031774,-0.0002798465016998366,-0.0,-0.004988614246254308,0.0,0.0,0.0,1.0,0.0,0.0,0.901084000361152,32.00000000000358,46.00000000000648,true,
t11_runner_acceptance,t11_runner_acceptance-episode-000019,7,8,62.368,60.498,60.52,60.548,60.566,61.066,0,0.45000000000000284,true,,0.8665809845088148,0.4566449891938903,0.00557931420857131,0.011342470167126084,30.0,0.0,600.0,0.0,0.0,"[0.23057210445404053,0.9826446175575256,0.7997667193412781,1.0,0.24009782075881958]","[0.16003620624542236,-0.033031165599823,-0.110515296459198,0.23121142387390137,0.06477117538452148]","[0.3906083106994629,0.9496134519577026,0.6892514228820801,1.0,0.30486899614334106]","{""acc_lim_theta"":0.7952870529049721,""acc_lim_x"":0.7829306396188561,""inflation_dist"":0.5505456460236438,""max_vel_theta"":0.965637301615427,""max_vel_x"":1.1587647619385124,""min_obstacle_dist"":0.2962308584365636,""weight_obstacle"":50.0,""weight_optimaltime"":0.9982644617557526,""weight_viapoint"":1.0}","{""acc_lim_theta"":0.7925436518804798,""acc_lim_x"":0.7744029398110495,""inflation_dist"":0.5515688245433754,""max_vel_theta"":0.965637301615427,""max_vel_x"":1.1526263189059556,""min_obstacle_dist"":0.29249459465964794,""weight_obstacle"":50.0,""weight_optimaltime"":0.9949613451957703,""weight_viapoint"":1.0}","{""acc_lim_theta"":0.7925436518804798,""acc_lim_x"":0.7744029398110495,""inflation_dist"":0.5515688245433754,""max_vel_theta"":0.9605219324216296,""max_vel_x"":1.1526263189059556,""min_obstacle_dist"":0.29249459465964794,""weight_obstacle"":50.0,""weight_optimaltime"":0.9949613451957703,""weight_viapoint"":1.0}","{""acc_lim_theta"":0.7925436518804798,""acc_lim_x"":0.7744029398110495,""inflation_dist"":0.5515688245433754,""max_vel_theta"":0.9605219324216296,""max_vel_x"":1.1526263189059556,""min_obstacle_dist"":0.29249459465964794,""weight_obstacle"":50.0,""weight_optimaltime"":0.9949613451957703,""weight_viapoint"":1.0}","{""acc_lim_theta"":0.7925436518804798,""acc_lim_x"":0.7744029398110495,""inflation_dist"":0.5515688245433754,""max_vel_theta"":0.9605219324216296,""max_vel_x"":1.1526263189059556,""min_obstacle_dist"":0.29249459465964794,""weight_obstacle"":50.0,""weight_optimaltime"":0.9949613451957703,""weight_viapoint"":1.0}",true,max_vel_theta:ackermann_turning_radius,false,NORMAL,,false,,11.95855080256309,2.0496799765746228,-0.04500000000000029,-0.0,-0.015429095799493578,-0.02338868978375777,-0.0,-0.007311388428279753,10.0,0.0,0.0,1.0,0.0,0.0,1.322996999078896,27.999999999998693,45.999999999999375,true,
t11_runner_acceptance,t11_runner_acceptance-episode-000020,0,1,63.868,63.318,63.322,63.352,63.364,63.864,0,0.44999999999999574,true,,5.734947857006521,5.367151402181091,0.027327245596261998,0.24812325643939995,1.3821635039321944,0.45454545454545453,1.2017089041036078,1.1501649852242657,0.4739611278534498,"[0.0,0.0,0.0,0.0,0.0]","[0.07422530651092529,-0.12870913743972778,0.026450276374816895,0.3353407382965088,0.1588989496231079]","[0.07422530651092529,-0.12870913743972778,0.026450276374816895,0.3353407382965088,0.1588989496231079]","{""acc_lim_theta"":0.8,""acc_lim_x"":0.8,""inflation_dist"":0.55,""max_vel_theta"":1.0,""max_vel_x"":1.2,""min_obstacle_dist"":0.25,""weight_obstacle"":50.0,""weight_optimaltime"":1.0,""weight_viapoint"":1.0}","{""acc_lim_theta"":0.8,""acc_lim_x"":0.7848930037015318,""inflation_dist"":0.55,""max_vel_theta"":1.0,""max_vel_x"":1.1843721186231606,""min_obstacle_dist"":0.25,""weight_obstacle"":50.0,""weight_optimaltime"":0.9871290862560272,""weight_viapoint"":1.0}","{""acc_lim_theta"":0.8,""acc_lim_x"":0.7848930037015318,""inflation_dist"":0.55,""max_vel_theta"":0.9869767655193006,""max_vel_x"":1.1843721186231606,""min_obstacle_dist"":0.25,""weight_obstacle"":50.0,""weight_optimaltime"":0.9871290862560272,""weight_viapoint"":1.0}","{""acc_lim_theta"":0.8,""acc_lim_x"":0.7848930037015318,""inflation_dist"":0.55,""max_vel_theta"":0.9869767655193006,""max_vel_x"":1.1843721186231606,""min_obstacle_dist"":0.25,""weight_obstacle"":50.0,""weight_optimaltime"":0.9871290862560272,""weight_viapoint"":1.0}","{""acc_lim_theta"":0.8,""acc_lim_x"":0.7848930037015318,""inflation_dist"":0.55,""max_vel_theta"":0.9869767655193006,""max_vel_x"":1.1843721186231606,""min_obstacle_dist"":0.25,""weight_obstacle"":50.0,""weight_optimaltime"":0.9871290862560272,""weight_viapoint"":1.0}",true,max_vel_theta:ackermann_turning_radius,false,NORMAL,,false,,1.5930090642694201,1.83898227412715,-0.044999999999999575,-0.0,-0.0007269887223447218,-0.18868599551969428,-0.0,-0.011560225615691387,0.0,0.0,0.0,1.0,0.0,0.0,1.755232999130385,29.99999999999403,41.999999999994486,true,
t11_runner_acceptance,t11_runner_acceptance-episode-000020,1,2,63.868,63.868,,,,63.868,0,0.0,true,,5.300835493970483,5.300835493970483,0.027327245596261998,0.24812325643939995,1.3821635039321944,0.45454545454545453,1.2017089041036078,1.1501649852242657,0.4739611278534498,"[0.07422530651092529,-0.12870913743972778,0.026450276374816895,0.3353407382965088,0.1588989496231079]","[0.21902358531951904,-0.02273726463317871,0.0451509952545166,0.2600059509277344,0.023379802703857422]","[0.29324889183044434,-0.1514464020729065,0.0716012716293335,0.5953466892242432,0.18227875232696533]","{""acc_lim_theta"":0.8,""acc_lim_x"":0.7848930037015318,""inflation_dist"":0.55,""max_vel_theta"":0.9869767655193006,""max_vel_x"":1.1843721186231606,""min_obstacle_dist"":0.25,""weight_obstacle"":50.0,""weight_optimaltime"":0.9871290862560272,""weight_viapoint"":1.0}","{""acc_lim_theta"":0.7969812714849938,""acc_lim_x"":0.7787119674965256,""inflation_dist"":0.55,""max_vel_theta"":0.9869767655193006,""max_vel_x"":1.1810731014318507,""min_obstacle_dist"":0.25068966598141795,""weight_obstacle"":50.0,""weight_optimaltime"":0.9848553597927094,""weight_viapoint"":1.0}","{""acc_lim_theta"":0.7969812714849938,""acc_lim_x"":0.7787119674965256,""inflation_dist"":0.55,""max_vel_theta"":0.9842275845265424,""max_vel_x"":1.1810731014318507,""min_obstacle_dist"":0.25068966598141795,""weight_obstacle"":50.0,""weight_optimaltime"":0.9848553597927094,""weight_viapoint"":1.0}","{""acc_lim_theta"":0.4,""acc_lim_x"":0.4,""inflation_dist"":0.9,""max_vel_theta"":0.5,""max_vel_x"":0.6,""min_obstacle_dist"":0.5,""weight_obstacle"":100.0,""weight_optimaltime"":0.5,""weight_viapoint"":2.0}","{""acc_lim_theta"":0.8,""acc_lim_x"":0.7848930037015318,""inflation_dist"":0.55,""max_vel_theta"":0.9869767655193006,""max_vel_x"":1.1843721186231606,""min_obstacle_dist"":0.25,""weight_obstacle"":50.0,""weight_optimaltime"":0.9871290862560272,""weight_viapoint"":1.0}",true,max_vel_theta:ackermann_turning_radius,true,NORMAL,margin:emergency|safety_mode:EMERGENCY,false,,0.0,0.0,0.0,0.0,0.0,0.0,0.0,0.0,0.0,0.0,0.0,0.0,0.0,0.0,0.8552770013920963,0.0,0.0,false,safety_emergency_stop
t11_runner_acceptance,t11_runner_acceptance-episode-000021,0,1,64.838,64.838,,,,64.838,0,0.0,true,,5.054684908666993,5.054684908666993,0.054174774284128195,0.0033750657108765334,0.3880163042116297,0.8675213675213675,1.119372645067094,0.3466372935961575,0.05625109518127557,"[0.0,0.0,0.0,0.0,0.0]","[0.6241285800933838,0.27298831939697266,0.7006179094314575,0.23436260223388672,0.6865686178207397]","[0.6241285800933838,0.27298831939697266,0.7006179094314575,0.23436260223388672,0.6865686178207397]","{""acc_lim_theta"":0.8,""acc_lim_x"":0.8,""inflation_dist"":0.55,""max_vel_theta"":1.0,""max_vel_x"":1.2,""min_obstacle_dist"":0.25,""weight_obstacle"":50.0,""weight_optimaltime"":1.0,""weight_viapoint"":1.0}","{""acc_lim_theta"":0.7575832318581343,""acc_lim_x"":0.8,""inflation_dist"":0.55,""max_vel_theta"":1.0,""max_vel_x"":1.166325768975378,""min_obstacle_dist"":0.2751547622530819,""weight_obstacle"":50.0,""weight_optimaltime"":1.0,""weight_viapoint"":1.0}","{""acc_lim_theta"":0.7575832318581343,""acc_lim_x"":0.8,""inflation_dist"":0.55,""max_vel_theta"":0.9719381408128152,""max_vel_x"":1.166325768975378,""min_obstacle_dist"":0.2751547622530819,""weight_obstacle"":50.0,""weight_optimaltime"":1.0,""weight_viapoint"":1.0}","{""acc_lim_theta"":0.4,""acc_lim_x"":0.4,""inflation_dist"":0.9,""max_vel_theta"":0.5,""max_vel_x"":0.6,""min_obstacle_dist"":0.5,""weight_obstacle"":100.0,""weight_optimaltime"":0.5,""weight_viapoint"":2.0}","{""acc_lim_theta"":0.8,""acc_lim_x"":0.8,""inflation_dist"":0.55,""max_vel_theta"":1.0,""max_vel_x"":1.2,""min_obstacle_dist"":0.25,""weight_obstacle"":50.0,""weight_optimaltime"":1.0,""weight_viapoint"":1.0}",true,max_vel_theta:ackermann_turning_radius,true,NORMAL,margin:emergency|safety_mode:EMERGENCY,false,,0.0,0.0,0.0,0.0,0.0,0.0,0.0,0.0,0.0,0.0,0.0,0.0,0.0,0.0,1.8916879998869263,0.0,0.0,false,safety_emergency_stop
