run_id,episode_id,algorithm,scene_id,scene_split,training_seed,seed,config_version,git_commit,git_dirty,submodule_commits_json,policy_checkpoint_sha256,scenario_manifest_sha256,localization_mode,success,collision,terminated,truncated,termination_reason,path_length,navigation_time,path_efficiency,smoothness,linear_acc_rms,angular_acc_rms,min_obstacle_distance,near_collision_time_ratio,parameter_adjustment_count,parameter_total_variation,projection_intervention_count,safety_filter_intervention_count,safety_fallback_count,fallback_duration,fallback_recovery_count,planner_failure_count,candidate_parameter_violation_count,semantic_direction_consistency,inference_latency_mean,parameter_write_latency_mean,parameter_activation_latency_mean,operator_intervention_count,bag_uri,notes
t12_residual_static_footprint_seed101,t12_residual_static_footprint_seed101-episode-000001,RL-TEB-Eta-FullSafety,t11-train-clear-straight,train,101,101,t11_gazebo_formal_v1+T12Safety,e9b9a9e17ac5e7e35d95eec2a7ad7c7667049da7,true,{},,7bd16763e0c650dd14798c7b42d22c312d871906ff5cae53e5f8ed1e9de71f4f,gazebo,true,false,true,false,goal,2.5093735621908295,3.848,1.00154573995763,0.11459077341028222,,,30.0,0.0,5,0.36373409451737604,1,0,0,0.0,0,0,1,,0.0,14.400000000000011,67.20000000000014,0,,T11 train phase; undiscounted_return=18.8097033
t12_residual_static_footprint_seed101,t12_residual_static_footprint_seed101-episode-000002,RL-TEB-Eta-FullSafety,t11-train-clear-left,train,101,101,t11_gazebo_formal_v1+T12Safety,e9b9a9e17ac5e7e35d95eec2a7ad7c7667049da7,true,{},,7bd16763e0c650dd14798c7b42d22c312d871906ff5cae53e5f8ed1e9de71f4f,gazebo,true,false,true,false,goal,3.087490169159142,5.0440000000000005,0.9088168901074608,0.17026187136433607,,,30.0,0.0,6,0.36749368845335556,6,0,0,0.0,0,0,6,,0.0,9.666666666666787,79.00000000000018,0,,T11 train phase; undiscounted_return=18.0890686
t12_residual_static_footprint_seed101,t12_residual_static_footprint_seed101-episode-000003,RL-TEB-Eta-FullSafety,t11-train-clear-right,train,101,101,t11_gazebo_formal_v1+T12Safety,e9b9a9e17ac5e7e35d95eec2a7ad7c7667049da7,true,{},,7bd16763e0c650dd14798c7b42d22c312d871906ff5cae53e5f8ed1e9de71f4f,gazebo,true,false,true,false,goal,3.126443291175992,5.039999999999999,0.8877022011506474,0.1435549513417739,,,30.0,0.0,6,0.588679966426874,0,0,0,0.0,0,0,0,,0.0,12.333333333333604,54.00000000000028,0,,T11 train phase; undiscounted_return=18.6104509
t12_residual_static_footprint_seed101,t12_residual_static_footprint_seed101-episode-000004,RL-TEB-Eta-FullSafety,t11-train-clear-straight,train,101,101,t11_gazebo_formal_v1+T12Safety,e9b9a9e17ac5e7e35d95eec2a7ad7c7667049da7,true,{},,7bd16763e0c650dd14798c7b42d22c312d871906ff5cae53e5f8ed1e9de71f4f,gazebo,true,false,true,false,goal,2.5811064129441212,3.8599999999999994,1.0015562791733172,0.10159067087993436,,,30.0,0.0,4,0.17781867362165543,0,0,0,0.0,0,0,0,,0.0,7.500000000000284,59.500000000000774,0,,T11 train phase; undiscounted_return=17.9908078
t12_residual_static_footprint_seed101,t12_residual_static_footprint_seed101-episode-000005,RL-TEB-Eta-FullSafety,t11-train-clear-left,train,101,101,t11_gazebo_formal_v1+T12Safety,e9b9a9e17ac5e7e35d95eec2a7ad7c7667049da7,true,{},,7bd16763e0c650dd14798c7b42d22c312d871906ff5cae53e5f8ed1e9de71f4f,gazebo,true,false,true,false,goal,3.1758321810915056,5.129999999999999,0.8834068526613366,0.16284837532021945,,,30.0,0.0,6,0.3544711929007669,0,0,0,0.0,0,0,0,,0.0,11.000000000000417,78.33333333333434,0,,T11 train phase; undiscounted_return=18.7886861
t12_residual_static_footprint_seed101,t12_residual_static_footprint_seed101-episode-000006,RL-TEB-Eta-FullSafety,t11-train-clear-right,train,101,101,t11_gazebo_formal_v1+T12Safety,e9b9a9e17ac5e7e35d95eec2a7ad7c7667049da7,true,{},,7bd16763e0c650dd14798c7b42d22c312d871906ff5cae53e5f8ed1e9de71f4f,gazebo,true,false,true,false,goal,3.1775182729713416,5.1519999999999975,0.867379113343175,0.17006014660824265,,,30.0,0.0,7,0.5652575816987415,3,0,0,0.0,0,0,3,,0.0,9.428571428570772,53.71428571428589,0,,T11 train phase; undiscounted_return=19.5448318
t12_residual_static_footprint_seed101,t12_residual_static_footprint_seed101-episode-000007,RL-TEB-Eta-FullSafety,t11-train-clear-straight,train,101,101,t11_gazebo_formal_v1+T12Safety,e9b9a9e17ac5e7e35d95eec2a7ad7c7667049da7,true,{},,7bd16763e0c650dd14798c7b42d22c312d871906ff5cae53e5f8ed1e9de71f4f,gazebo,true,false,true,false,goal,2.52318179955459,3.852000000000004,1.001351205403547,0.11322032465558754,,,30.0,0.0,4,0.3258295709027854,4,0,0,0.0,0,0,4,,0.0,8.500000000001506,57.99999999999983,0,,T11 train phase; undiscounted_return=17.7246238
t12_residual_static_footprint_seed101,t12_residual_static_footprint_seed101-episode-000008,RL-TEB-Eta-FullSafety,t11-train-clear-left,train,101,101,t11_gazebo_formal_v1+T12Safety,e9b9a9e17ac5e7e35d95eec2a7ad7c7667049da7,true,{},,7bd16763e0c650dd14798c7b42d22c312d871906ff5cae53e5f8ed1e9de71f4f,gazebo,true,false,true,false,goal,3.2332311387390047,5.039999999999999,0.912416974150951,0.1949042104676134,,,30.0,0.0,7,0.4143008092078703,0,0,0,0.0,0,0,0,,0.0,10.571428571428296,80.85714285714423,0,,T11 train phase; undiscounted_return=19.7411531
t12_residual_static_footprint_seed101,t12_residual_static_footprint_seed101-episode-000009,RL-TEB-Eta-FullSafety,t11-train-clear-right,train,101,101,t11_gazebo_formal_v1+T12Safety,e9b9a9e17ac5e7e35d95eec2a7ad7c7667049da7,true,{},,7bd16763e0c650dd14798c7b42d22c312d871906ff5cae53e5f8ed1e9de71f4f,gazebo,true,false,true,false,goal,3.2181785046669855,5.142000000000003,0.9160415745038418,0.25844596882301013,,,30.0,0.0,7,0.552718429746326,7,0,0,0.0,0,0,7,,0.0,8.857142857142517,66.28571428571307,0,,T11 train phase; undiscounted_return=20.1146405
t12_residual_static_footprint_seed101,t12_residual_static_footprint_seed101-episode-000010,RL-TEB-Eta-FullSafety,t11-train-clear-straight,train,101,101,t11_gazebo_formal_v1+T12Safety,e9b9a9e17ac5e7e35d95eec2a7ad7c7667049da7,true,{},,7bd16763e0c650dd14798c7b42d22c312d871906ff5cae53e5f8ed1e9de71f4f,gazebo,true,false,true,false,goal,2.5560276069264427,3.8559999999999945,1.0001326321738004,0.11717059182607775,,,30.0,0.0,4,0.25004557424247076,0,0,0,0.0,0,0,0,,0.0,7.999999999999119,70.99999999999795,0,,T11 train phase; undiscounted_return=17.7137169
t12_residual_static_footprint_seed101,t12_residual_static_footprint_seed101-episode-000011,RL-TEB-Eta-FullSafety,t11-train-clear-left,train,101,101,t11_gazebo_formal_v1+T12Safety,e9b9a9e17ac5e7e35d95eec2a7ad7c7667049da7,true,{},,7bd16763e0c650dd14798c7b42d22c312d871906ff5cae53e5f8ed1e9de71f4f,gazebo,true,false,true,false,goal,3.0706082492123397,4.754000000000005,0.9132585882631408,0.22133612048216036,,,30.0,0.0,6,0.2746007230525409,0,0,0,0.0,0,0,0,,0.0,13.333333333334233,79.33333333333555,0,,T11 train phase; undiscounted_return=18.7061876
t12_residual_static_footprint_seed101,t12_residual_static_footprint_seed101-episode-000012,RL-TEB-Eta-FullSafety,t11-train-clear-right,train,101,101,t11_gazebo_formal_v1+T12Safety,e9b9a9e17ac5e7e35d95eec2a7ad7c7667049da7,true,{},,7bd16763e0c650dd14798c7b42d22c312d871906ff5cae53e5f8ed1e9de71f4f,gazebo,true,false,true,false,goal,2.902314657540487,4.254000000000005,0.9717428683529378,0.181674948385179,,,30.0,0.0,5,0.5065020840703484,0,0,0,0.0,0,0,0,,0.0,14.800000000002456,80.4000000000002,0,,T11 train phase; undiscounted_return=18.87885
t12_residual_static_footprint_seed101,t12_residual_static_footprint_seed101-episode-000013,RL-TEB-Eta-FullSafety,t11-train-clear-straight,train,101,101,t11_gazebo_formal_v1+T12Safety,e9b9a9e17ac5e7e35d95eec2a7ad7c7667049da7,true,{},,7bd16763e0c650dd14798c7b42d22c312d871906ff5cae53e5f8ed1e9de71f4f,gazebo,true,false,true,false,goal,2.453225395708833,3.7420000000000044,1.0021876582669356,0.09148406745705791,,,30.0,0.0,4,0.28032910263317234,0,0,0,0.0,0,0,0,,0.0,5.500000000001393,55.500000000005656,0,,T11 train phase; undiscounted_return=18.0854184
t12_residual_static_footprint_seed101,t12_residual_static_footprint_seed101-episode-000014,RL-TEB-Eta-FullSafety,t11-train-clear-left,train,101,101,t11_gazebo_formal_v1+T12Safety,e9b9a9e17ac5e7e35d95eec2a7ad7c7667049da7,true,{},,7bd16763e0c650dd14798c7b42d22c312d871906ff5cae53e5f8ed1e9de71f4f,gazebo,true,false,true,false,goal,2.9211679961657566,4.549999999999997,0.9686805838707342,0.0571804198565532,,,30.0,0.0,5,0.8096219297903247,4,0,0,0.0,0,0,4,,0.0,17.99999999999784,70.79999999999984,0,,T11 train phase; undiscounted_return=18.513269
t12_residual_static_footprint_seed101,t12_residual_static_footprint_seed101-episode-000015,RL-TEB-Eta-FullSafety,t11-train-clear-right,train,101,101,t11_gazebo_formal_v1+T12Safety,e9b9a9e17ac5e7e35d95eec2a7ad7c7667049da7,true,{},,7bd16763e0c650dd14798c7b42d22c312d871906ff5cae53e5f8ed1e9de71f4f,gazebo,true,false,true,false,goal,3.114207203801499,5.039999999999992,0.9123206061061312,0.25982542968282535,,,30.0,0.0,7,0.2790440384530923,0,0,0,0.0,0,0,0,,0.0,9.428571428571786,67.71428571428218,0,,T11 train phase; undiscounted_return=19.8479834
t12_residual_static_footprint_seed101,t12_residual_static_footprint_seed101-episode-000016,RL-TEB-Eta-FullSafety,t11-train-clear-straight,train,101,101,t11_gazebo_formal_v1+T12Safety,e9b9a9e17ac5e7e35d95eec2a7ad7c7667049da7,true,{},,7bd16763e0c650dd14798c7b42d22c312d871906ff5cae53e5f8ed1e9de71f4f,gazebo,true,false,true,false,goal,2.5322100010245214,3.8400000000000034,1.0016687000044484,0.05761711850781801,,,30.0,0.0,4,0.09957218603692722,4,0,0,0.0,0,0,4,,0.0,6.499999999999062,67.50000000000256,0,,T11 train phase; undiscounted_return=17.7392915
t12_residual_static_footprint_seed101,t12_residual_static_footprint_seed101-episode-000017,RL-TEB-Eta-FullSafety,t11-train-clear-left,train,101,101,t11_gazebo_formal_v1+T12Safety,e9b9a9e17ac5e7e35d95eec2a7ad7c7667049da7,true,{},,7bd16763e0c650dd14798c7b42d22c312d871906ff5cae53e5f8ed1e9de71f4f,gazebo,true,false,true,false,goal,2.9744460959859516,4.643999999999991,0.9692351355530927,0.14920107188791393,,,30.0,0.0,6,0.48651775581563966,0,0,0,0.0,0,0,0,,0.0,10.333333333332936,50.333333333332085,0,,T11 train phase; undiscounted_return=19.7744905
t12_residual_static_footprint_seed101,t12_residual_static_footprint_seed101-episode-000018,RL-TEB-Eta-FullSafety,t11-train-clear-right,train,101,101,t11_gazebo_formal_v1+T12Safety,e9b9a9e17ac5e7e35d95eec2a7ad7c7667049da7,true,{},,7bd16763e0c650dd14798c7b42d22c312d871906ff5cae53e5f8ed1e9de71f4f,gazebo,true,false,true,false,goal,2.8948193385530865,4.445999999999998,0.9704480065308109,0.08465954672343978,,,30.0,0.0,5,0.31871572246469304,0,0,0,0.0,0,0,0,,0.0,13.199999999997658,83.19999999999936,0,,T11 train phase; undiscounted_return=18.926976
t12_residual_static_footprint_seed101,t12_residual_static_footprint_seed101-episode-000019,RL-TEB-Eta-FullSafety,t11-train-clear-straight,train,101,101,t11_gazebo_formal_v1+T12Safety,e9b9a9e17ac5e7e35d95eec2a7ad7c7667049da7,true,{},,7bd16763e0c650dd14798c7b42d22c312d871906ff5cae53e5f8ed1e9de71f4f,gazebo,true,false,true,false,goal,2.4079051592454856,3.661999999999992,1.0021840864904439,0.10042627782604194,,,30.0,0.0,4,0.16289832381488634,0,0,0,0.0,0,0,0,,0.0,9.000000000000341,59.499999999999886,0,,T11 train phase; undiscounted_return=17.6819214
t12_residual_static_footprint_seed101,t12_residual_static_footprint_seed101-episode-000020,RL-TEB-Eta-FullSafety,t11-train-clear-left,train,101,101,t11_gazebo_formal_v1+T12Safety,e9b9a9e17ac5e7e35d95eec2a7ad7c7667049da7,true,{},,7bd16763e0c650dd14798c7b42d22c312d871906ff5cae53e5f8ed1e9de71f4f,gazebo,true,false,true,false,goal,3.266175443084059,5.3559999999999945,0.8889994683652204,0.19958797875292672,,,30.0,0.0,7,0.3255170549868702,3,0,0,0.0,0,0,3,,0.0,8.857142857142517,56.285714285715066,0,,T11 train phase; undiscounted_return=20.2117394
t12_residual_static_footprint_seed101,t12_residual_static_footprint_seed101-episode-000021,RL-TEB-Eta-FullSafety,t11-train-clear-right,train,101,101,t11_gazebo_formal_v1+T12Safety,e9b9a9e17ac5e7e35d95eec2a7ad7c7667049da7,true,{},,7bd16763e0c650dd14798c7b42d22c312d871906ff5cae53e5f8ed1e9de71f4f,gazebo,true,false,true,false,goal,3.1149507627875592,5.038000000000011,0.8967439326738071,0.21593353622985856,,,30.0,0.0,6,0.5385511803545953,2,0,0,0.0,0,0,2,,0.0,10.000000000000378,64.33333333333262,0,,T11 train phase; undiscounted_return=18.9235877
t12_residual_static_footprint_seed101,t12_residual_static_footprint_seed101-episode-000022,RL-TEB-Eta-FullSafety,t11-train-clear-straight,train,101,101,t11_gazebo_formal_v1+T12Safety,e9b9a9e17ac5e7e35d95eec2a7ad7c7667049da7,true,{},,7bd16763e0c650dd14798c7b42d22c312d871906ff5cae53e5f8ed1e9de71f4f,gazebo,true,false,true,false,goal,2.4337853317607037,3.75,1.002811798039819,0.1048999087528215,,,30.0,0.0,4,0.23637285078357714,4,0,0,0.0,0,0,4,,0.0,4.5000000000001705,61.000000000003496,0,,T11 train phase; undiscounted_return=17.3344171
t12_residual_static_footprint_seed101,t12_residual_static_footprint_seed101-episode-000023,RL-TEB-Eta-FullSafety,t11-train-clear-left,train,101,101,t11_gazebo_formal_v1+T12Safety,e9b9a9e17ac5e7e35d95eec2a7ad7c7667049da7,true,{},,7bd16763e0c650dd14798c7b42d22c312d871906ff5cae53e5f8ed1e9de71f4f,gazebo,true,false,true,false,goal,3.08020264073515,5.062000000000012,0.9044865463256002,0.23368709565205026,,,30.0,0.0,6,0.31877269988494983,4,0,0,0.0,0,0,4,,0.0,9.66666666667019,67.99999999999784,0,,T11 train phase; undiscounted_return=18.5776262
t12_residual_static_footprint_seed101,t12_residual_static_footprint_seed101-episode-000024,RL-TEB-Eta-FullSafety,t11-train-clear-right,train,101,101,t11_gazebo_formal_v1+T12Safety,e9b9a9e17ac5e7e35d95eec2a7ad7c7667049da7,true,{},,7bd16763e0c650dd14798c7b42d22c312d871906ff5cae53e5f8ed1e9de71f4f,gazebo,true,false,true,false,goal,3.120863504016323,5.260000000000019,0.9006448377032668,0.19153771753963375,,,30.0,0.0,7,0.4030437182058475,7,0,0,0.0,0,0,7,,0.0,8.285714285713246,56.571428571430715,0,,T11 train phase; undiscounted_return=19.6790796
t12_residual_static_footprint_seed101,t12_residual_static_footprint_seed101-episode-000025,RL-TEB-Eta-FullSafety,t11-train-clear-straight,train,101,101,t11_gazebo_formal_v1+T12Safety,e9b9a9e17ac5e7e35d95eec2a7ad7c7667049da7,true,{},,7bd16763e0c650dd14798c7b42d22c312d871906ff5cae53e5f8ed1e9de71f4f,gazebo,true,false,true,false,goal,2.4702756239825225,3.8400000000000034,0.9927003915004455,0.2213665601301948,,,30.0,0.0,4,0.2289646611508781,0,0,0,0.0,0,0,0,,0.0,5.500000000004945,79.00000000000773,0,,T11 train phase; undiscounted_return=17.5466913
t12_residual_static_footprint_seed101,t12_residual_static_footprint_seed101-episode-000026,RL-TEB-Eta-FullSafety,t11-train-clear-left,train,101,101,t11_gazebo_formal_v1+T12Safety,e9b9a9e17ac5e7e35d95eec2a7ad7c7667049da7,true,{},,7bd16763e0c650dd14798c7b42d22c312d871906ff5cae53e5f8ed1e9de71f4f,gazebo,true,false,true,false,goal,3.2132454832988855,5.057999999999993,0.9113599236781289,0.2033432562926498,,,30.0,0.0,6,0.2859675163187828,0,0,0,0.0,0,0,0,,0.0,10.333333333330566,66.9999999999978,0,,T11 train phase; undiscounted_return=18.9287542
t12_residual_static_footprint_seed101,t12_residual_static_footprint_seed101-episode-000027,RL-TEB-Eta-FullSafety,t11-train-clear-right,train,101,101,t11_gazebo_formal_v1+T12Safety,e9b9a9e17ac5e7e35d95eec2a7ad7c7667049da7,true,{},,7bd16763e0c650dd14798c7b42d22c312d871906ff5cae53e5f8ed1e9de71f4f,gazebo,true,false,true,false,goal,3.2471683112437892,5.257999999999981,0.8906089034978424,0.21759313347517237,,,30.0,0.0,7,0.4812126661904183,0,0,0,0.0,0,0,0,,0.0,8.000000000001657,69.99999999999724,0,,T11 train phase; undiscounted_return=19.442593
t12_residual_static_footprint_seed101,t12_residual_static_footprint_seed101-episode-000028,RL-TEB-Eta-FullSafety,t11-train-clear-straight,train,101,101,t11_gazebo_formal_v1+T12Safety,e9b9a9e17ac5e7e35d95eec2a7ad7c7667049da7,true,{},,7bd16763e0c650dd14798c7b42d22c312d871906ff5cae53e5f8ed1e9de71f4f,gazebo,true,false,true,false,goal,2.4565680268265466,3.8419999999999845,1.0013980634702835,0.15105544395808532,,,30.0,0.0,4,0.10783824387916449,4,0,0,0.0,0,0,4,,0.0,9.500000000002728,79.50000000000301,0,,T11 train phase; undiscounted_return=17.5313316
t12_residual_static_footprint_seed101,t12_residual_static_footprint_seed101-episode-000029,RL-TEB-Eta-FullSafety,t11-train-clear-straight,train,101,101,t11_gazebo_formal_v1+T12Safety,e9b9a9e17ac5e7e35d95eec2a7ad7c7667049da7,true,{},,7bd16763e0c650dd14798c7b42d22c312d871906ff5cae53e5f8ed1e9de71f4f,gazebo,true,false,true,false,goal,2.40333587010544,3.7580000000000098,1.0017737918467888,0.09687896323658918,,,30.0,0.0,4,0.24548853762698494,0,0,0,0.0,0,0,0,,0.0,7.000000000005002,59.000000000004604,0,,T11 train phase; undiscounted_return=17.5448277
t12_residual_static_footprint_seed101,t12_residual_static_footprint_seed101-episode-000030,RL-TEB-Eta-FullSafety,t11-train-clear-left,train,101,101,t11_gazebo_formal_v1+T12Safety,e9b9a9e17ac5e7e35d95eec2a7ad7c7667049da7,true,{},,7bd16763e0c650dd14798c7b42d22c312d871906ff5cae53e5f8ed1e9de71f4f,gazebo,true,false,true,false,goal,3.090457854379993,4.850000000000023,0.9164681545119904,0.17075379109306965,,,30.0,0.0,6,0.5379062684201454,4,0,0,0.0,0,0,4,,0.0,8.000000000000304,52.333333333332156,0,,T11 train phase; undiscounted_return=19.313974
t12_residual_static_footprint_seed101,t12_residual_static_footprint_seed101-episode-000031,RL-TEB-Eta-FullSafety,t11-train-clear-right,train,101,101,t11_gazebo_formal_v1+T12Safety,e9b9a9e17ac5e7e35d95eec2a7ad7c7667049da7,true,{},,7bd16763e0c650dd14798c7b42d22c312d871906ff5cae53e5f8ed1e9de71f4f,gazebo,true,false,true,false,goal,3.643437599584618,6.8559999999999945,0.7952161136984314,0.26246150182447775,,,30.0,0.0,7,0.4238622167935133,0,0,0,0.0,0,0,0,,0.0,8.285714285713246,66.28571428571409,0,,T11 train phase; undiscounted_return=18.9219121
t12_residual_static_footprint_seed101,t12_residual_static_footprint_seed101-episode-000032,RL-TEB-Eta-FullSafety,t11-train-obstacle,train,101,101,t11_gazebo_formal_v1+T12Safety,e9b9a9e17ac5e7e35d95eec2a7ad7c7667049da7,true,{},,7bd16763e0c650dd14798c7b42d22c312d871906ff5cae53e5f8ed1e9de71f4f,gazebo,true,false,true,false,goal,6.181253025461147,9.431999999999988,0.8021343198276625,0.4005873363631367,,,0.44848462178632,0.0,14,0.3569013233674615,0,10,0,0.0,0,0,0,,0.0,7.857142857143832,65.57142857143106,0,,T11 train phase; undiscounted_return=27.0244022
t12_residual_static_footprint_seed101,t12_residual_static_footprint_seed101-episode-000033,RL-TEB-Eta-FullSafety,t11-train-clear-straight,train,101,101,t11_gazebo_formal_v1+T12Safety,e9b9a9e17ac5e7e35d95eec2a7ad7c7667049da7,true,{},,7bd16763e0c650dd14798c7b42d22c312d871906ff5cae53e5f8ed1e9de71f4f,gazebo,true,false,true,false,goal,2.516879606833556,3.862000000000023,1.0013227708491719,0.08879409139050407,,,30.0,0.0,4,0.14058149063771558,4,0,0,0.0,0,0,4,,0.0,7.000000000005002,36.000000000001364,0,,T11 train phase; undiscounted_return=17.9042777
t12_residual_static_footprint_seed101,t12_residual_static_footprint_seed101-episode-000034,RL-TEB-Eta-FullSafety,t11-train-clear-left,train,101,101,t11_gazebo_formal_v1+T12Safety,e9b9a9e17ac5e7e35d95eec2a7ad7c7667049da7,true,{},,7bd16763e0c650dd14798c7b42d22c312d871906ff5cae53e5f8ed1e9de71f4f,gazebo,true,false,true,false,goal,3.185350293902879,5.060000000000002,0.9086782094202615,0.20959843824096566,,,30.0,0.0,6,0.4726770344039347,0,0,0,0.0,0,0,0,,0.0,9.66666666667019,44.33333333333186,0,,T11 train phase; undiscounted_return=19.3035424
t12_residual_static_footprint_seed101,t12_residual_static_footprint_seed101-episode-000035,RL-TEB-Eta-FullSafety,t11-train-clear-right,train,101,101,t11_gazebo_formal_v1+T12Safety,e9b9a9e17ac5e7e35d95eec2a7ad7c7667049da7,true,{},,7bd16763e0c650dd14798c7b42d22c312d871906ff5cae53e5f8ed1e9de71f4f,gazebo,true,false,true,false,goal,3.05699569363919,4.836000000000013,0.9079206566016824,0.17628955649489042,,,30.0,0.0,6,0.5383835632453079,0,0,0,0.0,0,0,0,,0.0,10.99999999999568,90.66666666666852,0,,T11 train phase; undiscounted_return=18.548437
t12_residual_static_footprint_seed101,t12_residual_static_footprint_seed101-episode-000036,RL-TEB-Eta-FullSafety,t11-train-obstacle,train,101,101,t11_gazebo_formal_v1+T12Safety,e9b9a9e17ac5e7e35d95eec2a7ad7c7667049da7,true,{},,7bd16763e0c650dd14798c7b42d22c312d871906ff5cae53e5f8ed1e9de71f4f,gazebo,true,false,true,false,goal,6.063276439476241,8.443999999999988,0.8346018073307918,0.22263630294585846,,,0.4773060056585168,0.0,12,0.2732372645807822,4,8,0,0.0,0,0,4,,0.0,7.33333333333519,58.66666666666968,0,,T11 train phase; undiscounted_return=27.5414173
t12_residual_static_footprint_seed101,t12_residual_static_footprint_seed101-episode-000037,RL-TEB-Eta-FullSafety,t11-train-clear-straight,train,101,101,t11_gazebo_formal_v1+T12Safety,e9b9a9e17ac5e7e35d95eec2a7ad7c7667049da7,true,{},,7bd16763e0c650dd14798c7b42d22c312d871906ff5cae53e5f8ed1e9de71f4f,gazebo,true,false,true,false,goal,2.4930097897016483,3.7419999999999902,1.002164979455815,0.06233325997753545,,,30.0,0.0,4,0.2905192564081796,0,0,0,0.0,0,0,0,,0.0,7.500000000000284,96.49999999999892,0,,T11 train phase; undiscounted_return=17.2240945
t12_residual_static_footprint_seed101,t12_residual_static_footprint_seed101-episode-000038,RL-TEB-Eta-FullSafety,t11-train-clear-left,train,101,101,t11_gazebo_formal_v1+T12Safety,e9b9a9e17ac5e7e35d95eec2a7ad7c7667049da7,true,{},,7bd16763e0c650dd14798c7b42d22c312d871906ff5cae53e5f8ed1e9de71f4f,gazebo,true,false,true,false,goal,2.961215694397655,4.75,0.9226507899793465,0.15447101169718078,,,30.0,0.0,6,0.35806325792030136,0,0,0,0.0,0,0,0,,0.0,10.000000000000378,74.66666666666318,0,,T11 train phase; undiscounted_return=19.4458369
t12_residual_static_footprint_seed101,t12_residual_static_footprint_seed101-episode-000039,RL-TEB-Eta-FullSafety,t11-train-clear-right,train,101,101,t11_gazebo_formal_v1+T12Safety,e9b9a9e17ac5e7e35d95eec2a7ad7c7667049da7,true,{},,7bd16763e0c650dd14798c7b42d22c312d871906ff5cae53e5f8ed1e9de71f4f,gazebo,true,false,true,false,goal,3.166298905054275,5.146000000000015,0.9122814310631823,0.16508387643082476,,,30.0,0.0,7,0.5967632587036461,7,0,0,0.0,0,0,7,,0.0,8.285714285717306,61.428571428572404,0,,T11 train phase; undiscounted_return=19.7762588
t12_residual_static_footprint_seed101,t12_residual_static_footprint_seed101-episode-000040,RL-TEB-Eta-FullSafety,t11-train-obstacle,train,101,101,t11_gazebo_formal_v1+T12Safety,e9b9a9e17ac5e7e35d95eec2a7ad7c7667049da7,true,{},,7bd16763e0c650dd14798c7b42d22c312d871906ff5cae53e5f8ed1e9de71f4f,gazebo,true,false,true,false,goal,6.1552406681531915,10.644000000000005,0.8060595268223993,0.3723087648379486,,,0.4307797519336277,0.0,15,5.155111282455753,15,11,0,0.0,0,0,15,,0.0,11.066666666662664,81.06666666666342,0,,T11 train phase; undiscounted_return=25.140199
t12_residual_static_footprint_seed101,t12_residual_static_footprint_seed101-episode-000041,RL-TEB-Eta-FullSafety,t11-train-clear-straight,train,101,101,t11_gazebo_formal_v1+T12Safety,e9b9a9e17ac5e7e35d95eec2a7ad7c7667049da7,true,{},,7bd16763e0c650dd14798c7b42d22c312d871906ff5cae53e5f8ed1e9de71f4f,gazebo,true,false,true,false,goal,2.411426125364046,3.7520000000000095,1.000540696649702,0.09024263444498477,,,30.0,0.0,4,0.15781286195439434,0,0,0,0.0,0,0,0,,0.0,9.99999999999801,83.00000000001262,0,,T11 train phase; undiscounted_return=17.645056
t12_residual_static_footprint_seed101,t12_residual_static_footprint_seed101-episode-000042,RL-TEB-Eta-FullSafety,t11-train-clear-left,train,101,101,t11_gazebo_formal_v1+T12Safety,e9b9a9e17ac5e7e35d95eec2a7ad7c7667049da7,true,{},,7bd16763e0c650dd14798c7b42d22c312d871906ff5cae53e5f8ed1e9de71f4f,gazebo,true,false,true,false,goal,3.00238429657699,4.362000000000023,0.9702360891089266,0.09698724144445606,,,30.0,0.0,5,0.6657346916281591,1,0,0,0.0,0,0,1,,0.0,12.800000000009959,65.20000000000437,0,,T11 train phase; undiscounted_return=19.1569873
t12_residual_static_footprint_seed101,t12_residual_static_footprint_seed101-episode-000043,RL-TEB-Eta-FullSafety,t11-train-clear-right,train,101,101,t11_gazebo_formal_v1+T12Safety,e9b9a9e17ac5e7e35d95eec2a7ad7c7667049da7,true,{},,7bd16763e0c650dd14798c7b42d22c312d871906ff5cae53e5f8ed1e9de71f4f,gazebo,true,false,true,false,goal,3.1519833778554447,5.254000000000019,0.880434191981334,0.23981499875063078,,,30.0,0.0,7,0.4538855300773271,7,0,0,0.0,0,0,7,,0.0,9.714285714283376,69.71428571426941,0,,T11 train phase; undiscounted_return=19.4012295
t12_residual_static_footprint_seed101,t12_residual_static_footprint_seed101-episode-000044,RL-TEB-Eta-FullSafety,t11-train-obstacle,train,101,101,t11_gazebo_formal_v1+T12Safety,e9b9a9e17ac5e7e35d95eec2a7ad7c7667049da7,true,{},,7bd16763e0c650dd14798c7b42d22c312d871906ff5cae53e5f8ed1e9de71f4f,gazebo,true,false,true,false,goal,5.854067504132963,9.622000000000014,0.8494182634419529,0.1409680555116754,,,0.346423033526375,0.0,14,5.169391211359709,14,11,0,0.0,0,0,14,,0.0,11.57142857143104,78.85714285713773,0,,T11 train phase; undiscounted_return=25.9835212
t12_residual_static_footprint_seed101,t12_residual_static_footprint_seed101-episode-000045,RL-TEB-Eta-FullSafety,t11-train-clear-straight,train,101,101,t11_gazebo_formal_v1+T12Safety,e9b9a9e17ac5e7e35d95eec2a7ad7c7667049da7,true,{},,7bd16763e0c650dd14798c7b42d22c312d871906ff5cae53e5f8ed1e9de71f4f,gazebo,true,false,true,false,goal,2.4932685849490737,3.853999999999985,1.0003417325572999,0.0752301074603008,,,30.0,0.0,4,0.2307222737241667,4,0,0,0.0,0,0,4,,0.0,8.499999999997954,70.99999999999795,0,,T11 train phase; undiscounted_return=17.8438276
t12_residual_static_footprint_seed101,t12_residual_static_footprint_seed101-episode-000046,RL-TEB-Eta-FullSafety,t11-train-clear-left,train,101,101,t11_gazebo_formal_v1+T12Safety,e9b9a9e17ac5e7e35d95eec2a7ad7c7667049da7,true,{},,7bd16763e0c650dd14798c7b42d22c312d871906ff5cae53e5f8ed1e9de71f4f,gazebo,true,false,true,false,goal,3.0242285049072493,4.858000000000004,0.9133901410877717,0.2039836620997757,,,30.0,0.0,6,0.3511658751731038,6,0,0,0.0,0,0,6,,0.0,11.000000000005153,66.99999999998833,0,,T11 train phase; undiscounted_return=18.5818143
t12_residual_static_footprint_seed101,t12_residual_static_footprint_seed101-episode-000047,RL-TEB-Eta-FullSafety,t11-train-clear-right,train,101,101,t11_gazebo_formal_v1+T12Safety,e9b9a9e17ac5e7e35d95eec2a7ad7c7667049da7,true,{},,7bd16763e0c650dd14798c7b42d22c312d871906ff5cae53e5f8ed1e9de71f4f,gazebo,true,false,true,false,goal,3.478742157278894,6.046000000000049,0.8296766443904854,0.2261843773595658,,,30.0,0.0,7,0.48516447629054926,4,0,0,0.0,0,0,4,,0.0,8.571428571428896,55.71428571428377,0,,T11 train phase; undiscounted_return=19.8781437
t12_residual_static_footprint_seed101,t12_residual_static_footprint_seed101-episode-000048,RL-TEB-Eta-FullSafety,t11-train-obstacle,train,101,101,t11_gazebo_formal_v1+T12Safety,e9b9a9e17ac5e7e35d95eec2a7ad7c7667049da7,true,{},,7bd16763e0c650dd14798c7b42d22c312d871906ff5cae53e5f8ed1e9de71f4f,gazebo,true,false,true,false,goal,5.788205127233775,8.537999999999954,0.8551736116775333,0.08878766102260519,,,0.3497607042570351,0.0,12,5.066844854388631,9,11,0,0.0,0,0,9,,0.0,11.833333333337729,65.99999999999777,0,,T11 train phase; undiscounted_return=26.1950071
t12_residual_static_footprint_seed101,t12_residual_static_footprint_seed101-episode-000049,RL-TEB-Eta-FullSafety,t11-train-clear-straight,train,101,101,t11_gazebo_formal_v1+T12Safety,e9b9a9e17ac5e7e35d95eec2a7ad7c7667049da7,true,{},,7bd16763e0c650dd14798c7b42d22c312d871906ff5cae53e5f8ed1e9de71f4f,gazebo,true,false,true,false,goal,2.5670503803062874,4.036000000000001,0.9995401829582479,0.06329766582890811,,,30.0,0.0,4,0.19459512851750135,0,0,0,0.0,0,0,0,,0.0,6.500000000002615,68.50000000000023,0,,T11 train phase; undiscounted_return=17.9197138
t12_residual_static_footprint_seed101,t12_residual_static_footprint_seed101-episode-000050,RL-TEB-Eta-FullSafety,t11-train-clear-left,train,101,101,t11_gazebo_formal_v1+T12Safety,e9b9a9e17ac5e7e35d95eec2a7ad7c7667049da7,true,{},,7bd16763e0c650dd14798c7b42d22c312d871906ff5cae53e5f8ed1e9de71f4f,gazebo,true,false,true,false,goal,3.2229143252002683,5.136000000000024,0.8883553153478214,0.19395817234145796,,,30.0,0.0,7,0.587044381391858,3,0,0,0.0,0,0,3,,0.0,9.428571428575847,74.8571428571511,0,,T11 train phase; undiscounted_return=20.1462797
t12_residual_static_footprint_seed101,t12_residual_static_footprint_seed101-episode-000051,RL-TEB-Eta-FullSafety,t11-train-clear-right,train,101,101,t11_gazebo_formal_v1+T12Safety,e9b9a9e17ac5e7e35d95eec2a7ad7c7667049da7,true,{},,7bd16763e0c650dd14798c7b42d22c312d871906ff5cae53e5f8ed1e9de71f4f,gazebo,true,false,true,false,goal,3.1110627694280444,5.136000000000024,0.9147914235022063,0.30307716441195914,,,30.0,0.0,6,0.42740617998314445,6,0,0,0.0,0,0,6,,0.0,10.000000000000378,74.0000000000028,0,,T11 train phase; undiscounted_return=19.1487713
t12_residual_static_footprint_seed101,t12_residual_static_footprint_seed101-episode-000052,RL-TEB-Eta-FullSafety,t11-train-obstacle,train,101,101,t11_gazebo_formal_v1+T12Safety,e9b9a9e17ac5e7e35d95eec2a7ad7c7667049da7,true,{},,7bd16763e0c650dd14798c7b42d22c312d871906ff5cae53e5f8ed1e9de71f4f,gazebo,true,false,true,false,goal,5.92889400070185,10.22399999999999,0.8556630260550424,0.15264025403656584,,,0.3680185648816918,0.0,15,5.529861248262286,10,11,0,0.0,0,0,10,,0.0,9.999999999998485,74.66666666666697,0,,T11 train phase; undiscounted_return=26.8754315
t12_residual_static_footprint_seed101,t12_residual_static_footprint_seed101-episode-000053,RL-TEB-Eta-FullSafety,t11-train-clear-straight,train,101,101,t11_gazebo_formal_v1+T12Safety,e9b9a9e17ac5e7e35d95eec2a7ad7c7667049da7,true,{},,7bd16763e0c650dd14798c7b42d22c312d871906ff5cae53e5f8ed1e9de71f4f,gazebo,true,false,true,false,goal,2.4739109169351914,3.853999999999985,0.9995878623228022,0.0775837587858472,,,30.0,0.0,4,0.2619777091541964,4,0,0,0.0,0,0,4,,0.0,7.999999999995566,58.50000000000932,0,,T11 train phase; undiscounted_return=18.0172773
t12_residual_static_footprint_seed101,t12_residual_static_footprint_seed101-episode-000054,RL-TEB-Eta-FullSafety,t11-train-clear-left,train,101,101,t11_gazebo_formal_v1+T12Safety,e9b9a9e17ac5e7e35d95eec2a7ad7c7667049da7,true,{},,7bd16763e0c650dd14798c7b42d22c312d871906ff5cae53e5f8ed1e9de71f4f,gazebo,true,false,true,false,goal,3.1612600412946787,5.050000000000011,0.9376695448757684,0.17237268291091956,,,30.0,0.0,6,0.5849709785259778,6,0,0,0.0,0,0,6,,0.0,9.000000000005079,74.66666666665371,0,,T11 train phase; undiscounted_return=19.2798939
t12_residual_static_footprint_seed101,t12_residual_static_footprint_seed101-episode-000055,RL-TEB-Eta-FullSafety,t11-train-clear-right,train,101,101,t11_gazebo_formal_v1+T12Safety,e9b9a9e17ac5e7e35d95eec2a7ad7c7667049da7,true,{},,7bd16763e0c650dd14798c7b42d22c312d871906ff5cae53e5f8ed1e9de71f4f,gazebo,true,false,true,false,goal,3.00547781647076,4.8419999999999845,0.9065170834028216,0.16616889042257418,,,30.0,0.0,6,0.4889835307124353,0,0,0,0.0,0,0,0,,0.0,10.33333333332583,66.333333333309,0,,T11 train phase; undiscounted_return=18.665846
t12_residual_static_footprint_seed101,t12_residual_static_footprint_seed101-episode-000056,RL-TEB-Eta-FullSafety,t11-train-clear-straight,train,101,101,t11_gazebo_formal_v1+T12Safety,e9b9a9e17ac5e7e35d95eec2a7ad7c7667049da7,true,{},,7bd16763e0c650dd14798c7b42d22c312d871906ff5cae53e5f8ed1e9de71f4f,gazebo,true,false,true,false,goal,2.524693987904635,3.8500000000000227,1.0024531087826378,0.10733673522469182,,,30.0,0.0,5,0.506144241003547,5,0,0,0.0,0,0,5,,0.0,9.600000000000364,64.80000000000246,0,,T11 train phase; undiscounted_return=18.7024162
t12_residual_static_footprint_seed101,t12_residual_static_footprint_seed101-episode-000057,RL-TEB-Eta-FullSafety,t11-train-clear-left,train,101,101,t11_gazebo_formal_v1+T12Safety,e9b9a9e17ac5e7e35d95eec2a7ad7c7667049da7,true,{},,7bd16763e0c650dd14798c7b42d22c312d871906ff5cae53e5f8ed1e9de71f4f,gazebo,true,false,true,false,goal,3.064373413495793,5.052000000000021,0.8913102187783293,0.16155861563181906,,,30.0,0.0,6,0.25029622835439064,0,0,0,0.0,0,0,0,,0.0,10.33333333332583,75.00000000000757,0,,T11 train phase; undiscounted_return=18.0820293
t12_residual_static_footprint_seed101,t12_residual_static_footprint_seed101-episode-000058,RL-TEB-Eta-FullSafety,t11-train-clear-right,train,101,101,t11_gazebo_formal_v1+T12Safety,e9b9a9e17ac5e7e35d95eec2a7ad7c7667049da7,true,{},,7bd16763e0c650dd14798c7b42d22c312d871906ff5cae53e5f8ed1e9de71f4f,gazebo,true,false,true,false,goal,3.1023557134298527,5.343999999999994,0.9040884573356417,0.1490742976793033,,,30.0,0.0,7,0.4489215715022487,4,0,0,0.0,0,0,4,,0.0,7.428571428574417,49.1428571428563,0,,T11 train phase; undiscounted_return=19.0402808
t12_residual_static_footprint_seed101,t12_residual_static_footprint_seed101-episode-000059,RL-TEB-Eta-FullSafety,t11-train-obstacle,train,101,101,t11_gazebo_formal_v1+T12Safety,e9b9a9e17ac5e7e35d95eec2a7ad7c7667049da7,true,{},,7bd16763e0c650dd14798c7b42d22c312d871906ff5cae53e5f8ed1e9de71f4f,gazebo,true,false,true,false,goal,5.956178876855603,10.124000000000024,0.8549403578456533,0.2578115943653207,,,0.33688074728746326,0.0,15,5.500094152229521,11,11,0,0.0,0,0,11,,0.0,9.466666666655025,59.46666666665882,0,,T11 train phase; undiscounted_return=26.6714333
t12_residual_static_footprint_seed101,t12_residual_static_footprint_seed101-episode-000060,RL-TEB-Eta-FullSafety,t11-train-corridor,train,101,101,t11_gazebo_formal_v1+T12Safety,e9b9a9e17ac5e7e35d95eec2a7ad7c7667049da7,true,{},,7bd16763e0c650dd14798c7b42d22c312d871906ff5cae53e5f8ed1e9de71f4f,gazebo,true,false,true,false,goal,4.425416622856032,6.531999999999982,1.0010244476897345,0.05300953277763367,,,0.47599535486891253,0.0,9,4.933333333333333,9,9,0,0.0,0,0,9,,0.0,12.888888888893588,80.44444444445591,0,,T11 train phase; undiscounted_return=24.9064581
t12_residual_static_footprint_seed101,t12_residual_static_footprint_seed101-episode-000061,RL-TEB-Eta-FullSafety,t11-train-clear-straight,train,101,101,t11_gazebo_formal_v1+T12Safety,e9b9a9e17ac5e7e35d95eec2a7ad7c7667049da7,true,{},,7bd16763e0c650dd14798c7b42d22c312d871906ff5cae53e5f8ed1e9de71f4f,gazebo,true,false,true,false,goal,2.5980748106229887,4.043999999999983,1.0005174032182367,0.07915572464465852,,,30.0,0.0,5,0.3231210775480185,0,0,0,0.0,0,0,0,,0.0,12.399999999990996,82.000000000005,0,,T11 train phase; undiscounted_return=18.6952793
t12_residual_static_footprint_seed101,t12_residual_static_footprint_seed101-episode-000062,RL-TEB-Eta-FullSafety,t11-train-clear-left,train,101,101,t11_gazebo_formal_v1+T12Safety,e9b9a9e17ac5e7e35d95eec2a7ad7c7667049da7,true,{},,7bd16763e0c650dd14798c7b42d22c312d871906ff5cae53e5f8ed1e9de71f4f,gazebo,true,false,true,false,goal,2.995384485340983,4.452000000000055,0.9664337726298504,0.06604355100694878,,,30.0,0.0,5,0.3455383747149769,0,0,0,0.0,0,0,0,,0.0,12.000000000000455,72.40000000000464,0,,T11 train phase; undiscounted_return=19.237815
t12_residual_static_footprint_seed101,t12_residual_static_footprint_seed101-episode-000063,RL-TEB-Eta-FullSafety,t11-train-clear-right,train,101,101,t11_gazebo_formal_v1+T12Safety,e9b9a9e17ac5e7e35d95eec2a7ad7c7667049da7,true,{},,7bd16763e0c650dd14798c7b42d22c312d871906ff5cae53e5f8ed1e9de71f4f,gazebo,true,false,true,false,goal,3.296381973667295,5.342000000000041,0.8870428738611852,0.24134020745584356,,,30.0,0.0,7,0.32726160597421416,3,0,0,0.0,0,0,3,,0.0,8.571428571428896,53.71428571428233,0,,T11 train phase; undiscounted_return=20.5949257
t12_residual_static_footprint_seed101,t12_residual_static_footprint_seed101-episode-000064,RL-TEB-Eta-FullSafety,t11-train-obstacle,train,101,101,t11_gazebo_formal_v1+T12Safety,e9b9a9e17ac5e7e35d95eec2a7ad7c7667049da7,true,{},,7bd16763e0c650dd14798c7b42d22c312d871906ff5cae53e5f8ed1e9de71f4f,gazebo,true,false,true,false,goal,6.047509114257345,9.838000000000022,0.8229680285150602,0.20501760844253544,,,0.3632987249450127,0.0,14,5.05985660370307,14,11,0,0.0,0,0,14,,0.0,11.57142857142698,65.57142857142902,0,,T11 train phase; undiscounted_return=26.4796724
t12_residual_static_footprint_seed101,t12_residual_static_footprint_seed101-episode-000065,RL-TEB-Eta-FullSafety,t11-train-corridor,train,101,101,t11_gazebo_formal_v1+T12Safety,e9b9a9e17ac5e7e35d95eec2a7ad7c7667049da7,true,{},,7bd16763e0c650dd14798c7b42d22c312d871906ff5cae53e5f8ed1e9de71f4f,gazebo,true,false,true,false,goal,4.5684397655095665,6.746000000000038,1.0012018978628936,0.05397064101763689,,,0.4755753339754964,0.0,9,4.933333333333333,9,9,0,0.0,0,0,9,,0.0,15.333333333330756,76.66666666666642,0,,T11 train phase; undiscounted_return=25.5558934
t12_residual_static_footprint_seed101,t12_residual_static_footprint_seed101-episode-000066,RL-TEB-Eta-FullSafety,t11-train-clear-straight,train,101,101,t11_gazebo_formal_v1+T12Safety,e9b9a9e17ac5e7e35d95eec2a7ad7c7667049da7,true,{},,7bd16763e0c650dd14798c7b42d22c312d871906ff5cae53e5f8ed1e9de71f4f,gazebo,true,false,true,false,goal,2.4308008794468488,3.6539999999999964,1.0014790378004943,0.10750983653373512,,,30.0,0.0,4,0.3168827010255786,0,0,0,0.0,0,0,0,,0.0,6.000000000000227,61.00000000000705,0,,T11 train phase; undiscounted_return=17.5658147
t12_residual_static_footprint_seed101,t12_residual_static_footprint_seed101-episode-000067,RL-TEB-Eta-FullSafety,t11-train-clear-left,train,101,101,t11_gazebo_formal_v1+T12Safety,e9b9a9e17ac5e7e35d95eec2a7ad7c7667049da7,true,{},,7bd16763e0c650dd14798c7b42d22c312d871906ff5cae53e5f8ed1e9de71f4f,gazebo,true,false,true,false,goal,3.0846604761532084,4.846000000000004,0.9056648450008663,0.19399057735541567,,,30.0,0.0,6,0.43397811269876635,0,0,0,0.0,0,0,0,,0.0,11.66666666666553,65.33333333333265,0,,T11 train phase; undiscounted_return=19.5377775
t12_residual_static_footprint_seed101,t12_residual_static_footprint_seed101-episode-000068,RL-TEB-Eta-FullSafety,t11-train-clear-right,train,101,101,t11_gazebo_formal_v1+T12Safety,e9b9a9e17ac5e7e35d95eec2a7ad7c7667049da7,true,{},,7bd16763e0c650dd14798c7b42d22c312d871906ff5cae53e5f8ed1e9de71f4f,gazebo,true,false,true,false,goal,3.1894119423879674,5.055999999999983,0.9091871774868697,0.18316727333859176,,,30.0,0.0,7,0.4329849954495669,0,0,0,0.0,0,0,0,,0.0,8.000000000005716,62.28571428571123,0,,T11 train phase; undiscounted_return=20.1241629
t12_residual_static_footprint_seed101,t12_residual_static_footprint_seed101-episode-000069,RL-TEB-Eta-FullSafety,t11-train-obstacle,train,101,101,t11_gazebo_formal_v1+T12Safety,e9b9a9e17ac5e7e35d95eec2a7ad7c7667049da7,true,{},,7bd16763e0c650dd14798c7b42d22c312d871906ff5cae53e5f8ed1e9de71f4f,gazebo,true,false,true,false,goal,6.139997981988718,11.444000000000017,0.8275461310053688,0.22694286268074396,,,0.35447730851125675,0.0,17,5.275676901127202,13,11,0,0.0,0,0,13,,0.0,11.17647058823516,57.41176470587896,0,,T11 train phase; undiscounted_return=26.910813
t12_residual_static_footprint_seed101,t12_residual_static_footprint_seed101-episode-000070,RL-TEB-Eta-FullSafety,t11-train-corridor,train,101,101,t11_gazebo_formal_v1+T12Safety,e9b9a9e17ac5e7e35d95eec2a7ad7c7667049da7,true,{},,7bd16763e0c650dd14798c7b42d22c312d871906ff5cae53e5f8ed1e9de71f4f,gazebo,true,false,true,false,goal,4.450300368543419,6.728000000000009,0.9996634539746445,0.0572155753696814,,,0.4411509825325263,0.0,9,4.933333333333333,9,9,0,0.0,0,0,9,,0.0,13.999999999997373,61.77777777778223,0,,T11 train phase; undiscounted_return=25.1268631
t12_residual_static_footprint_seed101,t12_residual_static_footprint_seed101-episode-000071,RL-TEB-Eta-FullSafety,t11-train-clear-straight,train,101,101,t11_gazebo_formal_v1+T12Safety,e9b9a9e17ac5e7e35d95eec2a7ad7c7667049da7,true,{},,7bd16763e0c650dd14798c7b42d22c312d871906ff5cae53e5f8ed1e9de71f4f,gazebo,true,false,true,false,goal,2.5069973629099147,3.8360000000000127,0.9998276181514001,0.06629961306069362,,,30.0,0.0,4,0.16152793660206172,0,0,0,0.0,0,0,0,,0.0,7.999999999995566,93.00000000000352,0,,T11 train phase; undiscounted_return=17.5100562
t12_residual_static_footprint_seed101,t12_residual_static_footprint_seed101-episode-000072,RL-TEB-Eta-FullSafety,t11-train-clear-left,train,101,101,t11_gazebo_formal_v1+T12Safety,e9b9a9e17ac5e7e35d95eec2a7ad7c7667049da7,true,{},,7bd16763e0c650dd14798c7b42d22c312d871906ff5cae53e5f8ed1e9de71f4f,gazebo,true,false,true,false,goal,3.1422768454714167,4.856000000000051,0.9300872416080396,0.18251362962227102,,,30.0,0.0,6,0.34966468687372776,0,0,0,0.0,0,0,0,,0.0,10.66666666667023,59.00000000000697,0,,T11 train phase; undiscounted_return=19.2004796
t12_residual_static_footprint_seed101,t12_residual_static_footprint_seed101-episode-000073,RL-TEB-Eta-FullSafety,t11-train-clear-right,train,101,101,t11_gazebo_formal_v1+T12Safety,e9b9a9e17ac5e7e35d95eec2a7ad7c7667049da7,true,{},,7bd16763e0c650dd14798c7b42d22c312d871906ff5cae53e5f8ed1e9de71f4f,gazebo,true,false,true,false,goal,3.1048060457081434,5.052000000000021,0.9144390304720431,0.15185700995619406,,,30.0,0.0,6,0.4803397739403319,0,0,0,0.0,0,0,0,,0.0,11.333333333340079,75.66666666665849,0,,T11 train phase; undiscounted_return=19.2930839
t12_residual_static_footprint_seed101,t12_residual_static_footprint_seed101-episode-000074,RL-TEB-Eta-FullSafety,t11-train-obstacle,train,101,101,t11_gazebo_formal_v1+T12Safety,e9b9a9e17ac5e7e35d95eec2a7ad7c7667049da7,true,{},,7bd16763e0c650dd14798c7b42d22c312d871906ff5cae53e5f8ed1e9de71f4f,gazebo,true,false,true,false,goal,5.027134377382902,7.055999999999983,1.0008589251464868,0.04406749939037169,,,0.5444151446099696,0.0,9,10.322147147053318,8,5,0,0.0,0,0,8,,0.0,33.11111111109868,104.66666666665485,0,,T11 train phase; undiscounted_return=26.0318557
t12_residual_static_footprint_seed101,t12_residual_static_footprint_seed101-episode-000075,RL-TEB-Eta-FullSafety,t11-train-corridor,train,101,101,t11_gazebo_formal_v1+T12Safety,e9b9a9e17ac5e7e35d95eec2a7ad7c7667049da7,true,{},,7bd16763e0c650dd14798c7b42d22c312d871906ff5cae53e5f8ed1e9de71f4f,gazebo,true,false,true,false,goal,4.581067149825221,6.8320000000000505,0.9999885952510494,0.057878455756342706,,,0.43212813604014144,0.0,9,4.933333333333333,9,9,0,0.0,0,0,9,,0.0,12.222222222223738,80.22222222223263,0,,T11 train phase; undiscounted_return=25.4829363
t12_residual_static_footprint_seed101,t12_residual_static_footprint_seed101-episode-000076,RL-TEB-Eta-FullSafety,t11-train-clear-straight,train,101,101,t11_gazebo_formal_v1+T12Safety,e9b9a9e17ac5e7e35d95eec2a7ad7c7667049da7,true,{},,7bd16763e0c650dd14798c7b42d22c312d871906ff5cae53e5f8ed1e9de71f4f,gazebo,true,false,true,false,goal,2.5162793317398875,3.7520000000000095,1.002025803794467,0.08569737612934931,,,30.0,0.0,4,0.098154920942387,0,0,0,0.0,0,0,0,,0.0,7.499999999993179,59.00000000001171,0,,T11 train phase; undiscounted_return=18.1626342
t12_residual_static_footprint_seed101,t12_residual_static_footprint_seed101-episode-000077,RL-TEB-Eta-FullSafety,t11-train-clear-left,train,101,101,t11_gazebo_formal_v1+T12Safety,e9b9a9e17ac5e7e35d95eec2a7ad7c7667049da7,true,{},,7bd16763e0c650dd14798c7b42d22c312d871906ff5cae53e5f8ed1e9de71f4f,gazebo,true,false,true,false,goal,3.2129396932971397,5.148000000000025,0.9109822388902418,0.16816529687554946,,,30.0,0.0,7,0.525662057100167,7,0,0,0.0,0,0,7,,0.0,7.999999999997597,56.00000000000754,0,,T11 train phase; undiscounted_return=20.2808624
t12_residual_static_footprint_seed101,t12_residual_static_footprint_seed101-episode-000078,RL-TEB-Eta-FullSafety,t11-train-clear-right,train,101,101,t11_gazebo_formal_v1+T12Safety,e9b9a9e17ac5e7e35d95eec2a7ad7c7667049da7,true,{},,7bd16763e0c650dd14798c7b42d22c312d871906ff5cae53e5f8ed1e9de71f4f,gazebo,true,false,true,false,goal,3.2336983691886925,5.346000000000004,0.883488250698241,0.19024105111879352,,,30.0,0.0,7,0.34221599883949244,0,0,0,0.0,0,0,0,,0.0,9.428571428575847,68.85714285715494,0,,T11 train phase; undiscounted_return=19.2316365
t12_residual_static_footprint_seed101,t12_residual_static_footprint_seed101-episode-000079,RL-TEB-Eta-FullSafety,t11-train-obstacle,train,101,101,t11_gazebo_formal_v1+T12Safety,e9b9a9e17ac5e7e35d95eec2a7ad7c7667049da7,true,{},,7bd16763e0c650dd14798c7b42d22c312d871906ff5cae53e5f8ed1e9de71f4f,gazebo,true,false,true,false,goal,5.8953556307782335,9.636000000000081,0.8447502916633953,0.2092867889918053,,,0.33775223379892505,0.0,14,5.223995744256816,14,11,0,0.0,0,0,14,,0.0,12.000000000000455,74.99999999999675,0,,T11 train phase; undiscounted_return=26.5265916
t12_residual_static_footprint_seed101,t12_residual_static_footprint_seed101-episode-000080,RL-TEB-Eta-FullSafety,t11-train-corridor,train,101,101,t11_gazebo_formal_v1+T12Safety,e9b9a9e17ac5e7e35d95eec2a7ad7c7667049da7,true,{},,7bd16763e0c650dd14798c7b42d22c312d871906ff5cae53e5f8ed1e9de71f4f,gazebo,true,false,true,false,goal,4.423523467283953,6.642000000000053,0.9998000163913272,0.05940452868309708,,,0.4984264420284532,0.0,9,4.933333333333333,8,9,0,0.0,0,0,8,,0.0,13.333333333333838,78.00000000002507,0,,T11 train phase; undiscounted_return=25.5675505
t12_residual_static_footprint_seed101,t12_residual_static_footprint_seed101-episode-000081,RL-TEB-Eta-FullSafety,t11-train-clear-straight,train,101,101,t11_gazebo_formal_v1+T12Safety,e9b9a9e17ac5e7e35d95eec2a7ad7c7667049da7,true,{},,7bd16763e0c650dd14798c7b42d22c312d871906ff5cae53e5f8ed1e9de71f4f,gazebo,true,false,true,false,goal,2.5582636581944844,4.036000000000058,0.9984292612095629,0.16733727779408678,,,30.0,0.0,5,0.28529275983144936,0,0,0,0.0,0,0,0,,0.0,13.599999999996726,62.79999999997017,0,,T11 train phase; undiscounted_return=18.8393459
t12_residual_static_footprint_seed101,t12_residual_static_footprint_seed101-episode-000082,RL-TEB-Eta-FullSafety,t11-train-clear-left,train,101,101,t11_gazebo_formal_v1+T12Safety,e9b9a9e17ac5e7e35d95eec2a7ad7c7667049da7,true,{},,7bd16763e0c650dd14798c7b42d22c312d871906ff5cae53e5f8ed1e9de71f4f,gazebo,true,false,true,false,goal,3.083560383654996,4.854000000000042,0.9190454462737468,0.14824130051923212,,,30.0,0.0,6,0.2840858710862598,4,0,0,0.0,0,0,4,,0.0,10.333333333316356,68.99999999997893,0,,T11 train phase; undiscounted_return=19.6507962
t12_residual_static_footprint_seed101,t12_residual_static_footprint_seed101-episode-000083,RL-TEB-Eta-FullSafety,t11-train-clear-right,train,101,101,t11_gazebo_formal_v1+T12Safety,e9b9a9e17ac5e7e35d95eec2a7ad7c7667049da7,true,{},,7bd16763e0c650dd14798c7b42d22c312d871906ff5cae53e5f8ed1e9de71f4f,gazebo,true,false,true,false,goal,3.06743216431416,5.04200000000003,0.8960042563393411,0.1913802842676843,,,30.0,0.0,6,0.45452330647345707,2,0,0,0.0,0,0,2,,0.0,11.333333333330605,65.99999999997408,0,,T11 train phase; undiscounted_return=19.0622787
t12_residual_static_footprint_seed101,t12_residual_static_footprint_seed101-episode-000084,RL-TEB-Eta-FullSafety,t11-train-obstacle,train,101,101,t11_gazebo_formal_v1+T12Safety,e9b9a9e17ac5e7e35d95eec2a7ad7c7667049da7,true,{},,7bd16763e0c650dd14798c7b42d22c312d871906ff5cae53e5f8ed1e9de71f4f,gazebo,true,false,true,false,goal,5.944910911854002,9.025999999999954,0.843872243865614,0.1332908515307571,,,0.34171306339204033,0.0,13,5.043625545814422,13,11,0,0.0,0,0,13,,0.0,11.846153846144821,59.07692307688159,0,,T11 train phase; undiscounted_return=27.0609963
t12_residual_static_footprint_seed101,t12_residual_static_footprint_seed101-episode-000085,RL-TEB-Eta-FullSafety,t11-train-corridor,train,101,101,t11_gazebo_formal_v1+T12Safety,e9b9a9e17ac5e7e35d95eec2a7ad7c7667049da7,true,{},,7bd16763e0c650dd14798c7b42d22c312d871906ff5cae53e5f8ed1e9de71f4f,gazebo,true,false,true,false,goal,4.584239369282061,6.731999999999971,1.001131369338826,0.05448633161271011,,,0.4468587339213647,0.0,9,4.933333333333333,9,9,0,0.0,0,0,9,,0.0,13.11111111110424,82.4444444444402,0,,T11 train phase; undiscounted_return=25.3873878
t12_residual_static_footprint_seed101,t12_residual_static_footprint_seed101-episode-000086,RL-TEB-Eta-FullSafety,t11-train-clear-straight,train,101,101,t11_gazebo_formal_v1+T12Safety,e9b9a9e17ac5e7e35d95eec2a7ad7c7667049da7,true,{},,7bd16763e0c650dd14798c7b42d22c312d871906ff5cae53e5f8ed1e9de71f4f,gazebo,true,false,true,false,goal,2.5564338061206966,3.858000000000061,1.0018210643866874,0.1035430455899143,,,30.0,0.0,4,0.25467438298583844,0,0,0,0.0,0,0,0,,0.0,7.000000000005002,47.9999999999734,0,,T11 train phase; undiscounted_return=17.8885689
t12_residual_static_footprint_seed101,t12_residual_static_footprint_seed101-episode-000087,RL-TEB-Eta-FullSafety,t11-train-clear-left,train,101,101,t11_gazebo_formal_v1+T12Safety,e9b9a9e17ac5e7e35d95eec2a7ad7c7667049da7,true,{},,7bd16763e0c650dd14798c7b42d22c312d871906ff5cae53e5f8ed1e9de71f4f,gazebo,true,false,true,false,goal,2.9468674868542335,4.340000000000032,0.9695507913702162,0.08517538917414488,,,30.0,0.0,5,0.5448130510460333,1,0,0,0.0,0,0,1,,0.0,13.999999999987267,62.39999999997963,0,,T11 train phase; undiscounted_return=19.1148523
t12_residual_static_footprint_seed101,t12_residual_static_footprint_seed101-episode-000088,RL-TEB-Eta-FullSafety,t11-train-clear-right,train,101,101,t11_gazebo_formal_v1+T12Safety,e9b9a9e17ac5e7e35d95eec2a7ad7c7667049da7,true,{},,7bd16763e0c650dd14798c7b42d22c312d871906ff5cae53e5f8ed1e9de71f4f,gazebo,true,false,true,false,goal,3.1739207685496087,5.040000000000077,0.9053769535073382,0.20196764252216529,,,30.0,0.0,6,0.40997351777659247,0,0,0,0.0,0,0,0,,0.0,9.666666666646506,83.66666666665878,0,,T11 train phase; undiscounted_return=18.836904
t12_residual_static_footprint_seed101,t12_residual_static_footprint_seed101-episode-000089,RL-TEB-Eta-FullSafety,t11-train-obstacle,train,101,101,t11_gazebo_formal_v1+T12Safety,e9b9a9e17ac5e7e35d95eec2a7ad7c7667049da7,true,{},,7bd16763e0c650dd14798c7b42d22c312d871906ff5cae53e5f8ed1e9de71f4f,gazebo,true,false,true,false,goal,5.809526191204036,8.738000000000056,0.8552456087834495,0.15198404359008025,,,0.35015762214942187,0.0,12,5.126903722201353,12,11,0,0.0,0,0,12,,0.0,13.333333333321207,86.83333333332637,0,,T11 train phase; undiscounted_return=25.9715009
t12_residual_static_footprint_seed101,t12_residual_static_footprint_seed101-episode-000090,RL-TEB-Eta-FullSafety,t11-train-corridor,train,101,101,t11_gazebo_formal_v1+T12Safety,e9b9a9e17ac5e7e35d95eec2a7ad7c7667049da7,true,{},,7bd16763e0c650dd14798c7b42d22c312d871906ff5cae53e5f8ed1e9de71f4f,gazebo,true,false,true,false,goal,4.437290118224338,6.662000000000035,1.0000628510387104,0.06854777032400253,,,0.5239489303036553,0.0,9,4.933333333333333,9,9,0,0.0,0,0,9,,0.0,14.666666666673539,75.55555555555,0,,T11 train phase; undiscounted_return=24.7777588
t12_residual_static_footprint_seed101,t12_residual_static_footprint_seed101-episode-000091,RL-TEB-Eta-FullSafety,t11-train-clear-straight,train,101,101,t11_gazebo_formal_v1+T12Safety,e9b9a9e17ac5e7e35d95eec2a7ad7c7667049da7,true,{},,7bd16763e0c650dd14798c7b42d22c312d871906ff5cae53e5f8ed1e9de71f4f,gazebo,true,false,true,false,goal,2.4715375499142285,3.740000000000009,1.0015921748007328,0.07843353135651548,,,30.0,0.0,4,0.2012483483706471,0,0,0,0.0,0,0,0,,0.0,7.000000000005002,81.50000000000546,0,,T11 train phase; undiscounted_return=17.5677948
t12_residual_static_footprint_seed101,t12_residual_static_footprint_seed101-episode-000092,RL-TEB-Eta-FullSafety,t11-train-clear-left,train,101,101,t11_gazebo_formal_v1+T12Safety,e9b9a9e17ac5e7e35d95eec2a7ad7c7667049da7,true,{},,7bd16763e0c650dd14798c7b42d22c312d871906ff5cae53e5f8ed1e9de71f4f,gazebo,true,false,true,false,goal,3.0252913996735997,5.048000000000002,0.9173360469612667,0.1398789592909695,,,30.0,0.0,6,0.4542882986211263,6,0,0,0.0,0,0,6,,0.0,8.999999999995604,82.33333333333803,0,,T11 train phase; undiscounted_return=18.8816203
t12_residual_static_footprint_seed101,t12_residual_static_footprint_seed101-episode-000093,RL-TEB-Eta-FullSafety,t11-train-clear-right,train,101,101,t11_gazebo_formal_v1+T12Safety,e9b9a9e17ac5e7e35d95eec2a7ad7c7667049da7,true,{},,7bd16763e0c650dd14798c7b42d22c312d871906ff5cae53e5f8ed1e9de71f4f,gazebo,true,false,true,false,goal,3.342749366015599,5.529999999999973,0.8396838461453934,0.23770402611174174,,,30.0,0.0,7,0.35804508172133653,7,0,0,0.0,0,0,7,,0.0,8.000000000005716,75.14285714286676,0,,T11 train phase; undiscounted_return=19.4672919
t12_residual_static_footprint_seed101,t12_residual_static_footprint_seed101-episode-000094,RL-TEB-Eta-FullSafety,t11-train-obstacle,train,101,101,t11_gazebo_formal_v1+T12Safety,e9b9a9e17ac5e7e35d95eec2a7ad7c7667049da7,true,{},,7bd16763e0c650dd14798c7b42d22c312d871906ff5cae53e5f8ed1e9de71f4f,gazebo,true,false,true,false,goal,5.881626394446216,9.435999999999922,0.8430296446735297,0.18628979023350462,,,0.33006810218113275,0.0,14,5.133066287963952,14,12,0,0.0,0,0,14,,0.0,10.99999999999974,72.7142857142878,0,,T11 train phase; undiscounted_return=26.3157109
t12_residual_static_footprint_seed101,t12_residual_static_footprint_seed101-episode-000095,RL-TEB-Eta-FullSafety,t11-train-corridor,train,101,101,t11_gazebo_formal_v1+T12Safety,e9b9a9e17ac5e7e35d95eec2a7ad7c7667049da7,true,{},,7bd16763e0c650dd14798c7b42d22c312d871906ff5cae53e5f8ed1e9de71f4f,gazebo,true,false,true,false,goal,4.420555586057222,6.52800000000002,1.0016364421465944,0.048927061912739045,,,0.4075696665678146,0.0,9,4.933333333333333,9,9,0,0.0,0,0,9,,0.0,16.666666666664142,76.0000000000092,0,,T11 train phase; undiscounted_return=24.9722119
t12_residual_static_footprint_seed101,t12_residual_static_footprint_seed101-episode-000096,RL-TEB-Eta-FullSafety,t11-train-clear-straight,train,101,101,t11_gazebo_formal_v1+T12Safety,e9b9a9e17ac5e7e35d95eec2a7ad7c7667049da7,true,{},,7bd16763e0c650dd14798c7b42d22c312d871906ff5cae53e5f8ed1e9de71f4f,gazebo,true,false,true,false,goal,2.480386961211573,3.7519999999999527,1.0018157423377938,0.0636214799924759,,,30.0,0.0,4,0.2037865866637842,0,0,0,0.0,0,0,0,,0.0,10.000000000019327,85.49999999999613,0,,T11 train phase; undiscounted_return=17.7233353
t12_residual_static_footprint_seed101,t12_residual_static_footprint_seed101-episode-000097,RL-TEB-Eta-FullSafety,t11-train-clear-left,train,101,101,t11_gazebo_formal_v1+T12Safety,e9b9a9e17ac5e7e35d95eec2a7ad7c7667049da7,true,{},,7bd16763e0c650dd14798c7b42d22c312d871906ff5cae53e5f8ed1e9de71f4f,gazebo,true,false,true,false,goal,3.095554226765214,4.857999999999947,0.9072160317711554,0.20234180608462984,,,30.0,0.0,6,0.5464419560291034,0,0,0,0.0,0,0,0,,0.0,10.666666666660754,58.66666666668152,0,,T11 train phase; undiscounted_return=19.6714494
t12_residual_static_footprint_seed101,t12_residual_static_footprint_seed101-episode-000098,RL-TEB-Eta-FullSafety,t11-train-clear-right,train,101,101,t11_gazebo_formal_v1+T12Safety,e9b9a9e17ac5e7e35d95eec2a7ad7c7667049da7,true,{},,7bd16763e0c650dd14798c7b42d22c312d871906ff5cae53e5f8ed1e9de71f4f,gazebo,true,false,true,false,goal,3.1209987958502294,5.148000000000025,0.9101283052223741,0.20464157387082443,,,30.0,0.0,7,0.5191083372424037,7,0,0,0.0,0,0,7,,0.0,8.000000000005716,55.428571428576234,0,,T11 train phase; undiscounted_return=19.4972157
t12_residual_static_footprint_seed101,t12_residual_static_footprint_seed101-episode-000099,RL-TEB-Eta-FullSafety,t11-train-obstacle,train,101,101,t11_gazebo_formal_v1+T12Safety,e9b9a9e17ac5e7e35d95eec2a7ad7c7667049da7,true,{},,7bd16763e0c650dd14798c7b42d22c312d871906ff5cae53e5f8ed1e9de71f4f,gazebo,true,false,true,false,goal,5.732139290116549,8.535999999999945,0.8874475813322071,0.15651615274031336,,,0.35762347898555497,0.0,12,5.015578267429752,12,10,0,0.0,0,0,12,,0.0,11.666666666675004,66.6666666666913,0,,T11 train phase; undiscounted_return=27.1791233
t12_residual_static_footprint_seed101,t12_residual_static_footprint_seed101-episode-000100,RL-TEB-Eta-FullSafety,t11-train-corridor,train,101,101,t11_gazebo_formal_v1+T12Safety,e9b9a9e17ac5e7e35d95eec2a7ad7c7667049da7,true,{},,7bd16763e0c650dd14798c7b42d22c312d871906ff5cae53e5f8ed1e9de71f4f,gazebo,true,false,true,false,goal,4.563852850444802,6.840000000000032,0.9999264751800849,0.05841046740112094,,,0.48512272753865,0.0,9,4.933333333333333,9,9,0,0.0,0,0,9,,0.0,14.888888888865242,82.6666666666698,0,,T11 train phase; undiscounted_return=24.895734
t12_residual_static_footprint_seed101,t12_residual_static_footprint_seed101-episode-000101,RL-TEB-Eta-FullSafety,t11-train-clear-straight,train,101,101,t11_gazebo_formal_v1+T12Safety,e9b9a9e17ac5e7e35d95eec2a7ad7c7667049da7,true,{},,7bd16763e0c650dd14798c7b42d22c312d871906ff5cae53e5f8ed1e9de71f4f,gazebo,true,false,true,false,goal,2.424191164344445,3.75,1.0007100148145383,0.07753965788885651,,,30.0,0.0,4,0.17408267706650887,4,0,0,0.0,0,0,4,,0.0,6.499999999988404,70.0000000000216,0,,T11 train phase; undiscounted_return=17.8035732
t12_residual_static_footprint_seed101,t12_residual_static_footprint_seed101-episode-000102,RL-TEB-Eta-FullSafety,t11-train-clear-left,train,101,101,t11_gazebo_formal_v1+T12Safety,e9b9a9e17ac5e7e35d95eec2a7ad7c7667049da7,true,{},,7bd16763e0c650dd14798c7b42d22c312d871906ff5cae53e5f8ed1e9de71f4f,gazebo,true,false,true,false,goal,3.074968021934169,5.044000000000096,0.917278799994648,0.19874796544901516,,,30.0,0.0,6,0.31906741886679735,6,0,0,0.0,0,0,6,,0.0,10.666666666679703,99.00000000002744,0,,T11 train phase; undiscounted_return=19.0255625
t12_residual_static_footprint_seed101,t12_residual_static_footprint_seed101-episode-000103,RL-TEB-Eta-FullSafety,t11-train-clear-right,train,101,101,t11_gazebo_formal_v1+T12Safety,e9b9a9e17ac5e7e35d95eec2a7ad7c7667049da7,true,{},,7bd16763e0c650dd14798c7b42d22c312d871906ff5cae53e5f8ed1e9de71f4f,gazebo,true,false,true,false,goal,3.1584900733020773,5.150000000000091,0.8989116762610381,0.1906964712090015,,,30.0,0.0,6,0.30010209190601955,6,0,0,0.0,0,0,6,,0.0,10.000000000009853,74.66666666668213,0,,T11 train phase; undiscounted_return=19.1111466
t12_residual_static_footprint_seed101,t12_residual_static_footprint_seed101-episode-000104,RL-TEB-Eta-FullSafety,t11-train-obstacle,train,101,101,t11_gazebo_formal_v1+T12Safety,e9b9a9e17ac5e7e35d95eec2a7ad7c7667049da7,true,{},,7bd16763e0c650dd14798c7b42d22c312d871906ff5cae53e5f8ed1e9de71f4f,gazebo,true,false,true,false,goal,5.944210821029985,9.339999999999918,0.8412143353507235,0.28318140318826446,,,0.3528567749891403,0.0,13,5.496366884522053,9,10,0,0.0,0,0,9,,0.0,12.615384615383636,75.69230769230181,0,,T11 train phase; undiscounted_return=25.6698142
t12_residual_static_footprint_seed101,t12_residual_static_footprint_seed101-episode-000105,RL-TEB-Eta-FullSafety,t11-train-corridor,train,101,101,t11_gazebo_formal_v1+T12Safety,e9b9a9e17ac5e7e35d95eec2a7ad7c7667049da7,true,{},,7bd16763e0c650dd14798c7b42d22c312d871906ff5cae53e5f8ed1e9de71f4f,gazebo,true,false,true,false,goal,4.516227081148068,6.7280000000000655,1.0007273454038956,0.054713729134662666,,,0.47865111179366865,0.0,9,4.933333333333333,9,9,0,0.0,0,0,9,,0.0,18.66666666665474,70.44444444447133,0,,T11 train phase; undiscounted_return=25.4200246
t12_residual_static_footprint_seed101,t12_residual_static_footprint_seed101-episode-000106,RL-TEB-Eta-FullSafety,t11-train-clear-straight,train,101,101,t11_gazebo_formal_v1+T12Safety,e9b9a9e17ac5e7e35d95eec2a7ad7c7667049da7,true,{},,7bd16763e0c650dd14798c7b42d22c312d871906ff5cae53e5f8ed1e9de71f4f,gazebo,true,false,true,false,goal,2.5217068341052506,4.052000000000021,0.9997306677300898,0.1066017613363853,,,30.0,0.0,5,0.5818928793085926,4,0,0,0.0,0,0,4,,0.0,11.199999999985266,65.19999999998163,0,,T11 train phase; undiscounted_return=18.4873803
t12_residual_static_footprint_seed101,t12_residual_static_footprint_seed101-episode-000107,RL-TEB-Eta-FullSafety,t11-train-clear-left,train,101,101,t11_gazebo_formal_v1+T12Safety,e9b9a9e17ac5e7e35d95eec2a7ad7c7667049da7,true,{},,7bd16763e0c650dd14798c7b42d22c312d871906ff5cae53e5f8ed1e9de71f4f,gazebo,true,false,true,false,goal,3.2408020375812296,5.060000000000059,0.9123123598643068,0.21621227656487915,,,30.0,0.0,7,0.5206327987747682,4,0,0,0.0,0,0,4,,0.0,8.285714285713246,63.428571428581954,0,,T11 train phase; undiscounted_return=20.240839
t12_residual_static_footprint_seed101,t12_residual_static_footprint_seed101-episode-000108,RL-TEB-Eta-FullSafety,t11-train-clear-right,train,101,101,t11_gazebo_formal_v1+T12Safety,e9b9a9e17ac5e7e35d95eec2a7ad7c7667049da7,true,{},,7bd16763e0c650dd14798c7b42d22c312d871906ff5cae53e5f8ed1e9de71f4f,gazebo,true,false,true,false,goal,3.2365797101660605,5.15400000000011,0.8971619463042039,0.19765137465107882,,,30.0,0.0,7,0.533849116081409,0,0,0,0.0,0,0,0,,0.0,7.999999999989476,63.14285714284194,0,,T11 train phase; undiscounted_return=20.0746326
t12_residual_static_footprint_seed101,t12_residual_static_footprint_seed101-episode-000109,RL-TEB-Eta-FullSafety,t11-train-obstacle,train,101,101,t11_gazebo_formal_v1+T12Safety,e9b9a9e17ac5e7e35d95eec2a7ad7c7667049da7,true,{},,7bd16763e0c650dd14798c7b42d22c312d871906ff5cae53e5f8ed1e9de71f4f,gazebo,true,false,true,false,goal,5.821787282373706,18.025999999999954,0.8577445976310477,0.31169895197978426,,,0.3679037683465547,0.0,28,6.206983861547152,9,11,0,0.0,0,0,9,,0.0,7.142857142854707,59.57142857142474,0,,T11 train phase; undiscounted_return=26.4196898
t12_residual_static_footprint_seed101,t12_residual_static_footprint_seed101-episode-000110,RL-TEB-Eta-FullSafety,t11-train-corridor,train,101,101,t11_gazebo_formal_v1+T12Safety,e9b9a9e17ac5e7e35d95eec2a7ad7c7667049da7,true,{},,7bd16763e0c650dd14798c7b42d22c312d871906ff5cae53e5f8ed1e9de71f4f,gazebo,true,false,true,false,goal,4.4635438898014295,6.639999999999986,1.000892511130337,0.08566438245707332,,,0.47342484172968163,0.0,9,4.933333333333333,9,9,0,0.0,0,0,9,,0.0,7.555555555553736,50.22222222223465,0,,T11 train phase; undiscounted_return=25.4635184
t12_residual_static_footprint_seed101,t12_residual_static_footprint_seed101-episode-000111,RL-TEB-Eta-FullSafety,t11-train-clear-straight,train,101,101,t11_gazebo_formal_v1+T12Safety,e9b9a9e17ac5e7e35d95eec2a7ad7c7667049da7,true,{},,7bd16763e0c650dd14798c7b42d22c312d871906ff5cae53e5f8ed1e9de71f4f,gazebo,true,false,true,false,goal,2.587863075502965,4.040000000000077,1.0013721817878447,0.08832800623735937,,,30.0,0.0,5,0.5943389094791371,1,0,0,0.0,0,0,1,,0.0,7.600000000002183,58.80000000001928,0,,T11 train phase; undiscounted_return=18.805246
t12_residual_static_footprint_seed101,t12_residual_static_footprint_seed101-episode-000112,RL-TEB-Eta-FullSafety,t11-train-clear-left,train,101,101,t11_gazebo_formal_v1+T12Safety,e9b9a9e17ac5e7e35d95eec2a7ad7c7667049da7,true,{},,7bd16763e0c650dd14798c7b42d22c312d871906ff5cae53e5f8ed1e9de71f4f,gazebo,true,false,true,false,goal,3.106007679956032,5.0499999999999545,0.898433559894633,0.19169371803240548,,,30.0,0.0,6,0.46595706402581705,2,0,0,0.0,0,0,2,,0.0,5.999999999990753,40.66666666663347,0,,T11 train phase; undiscounted_return=19.2983715
t12_residual_static_footprint_seed101,t12_residual_static_footprint_seed101-episode-000113,RL-TEB-Eta-FullSafety,t11-train-clear-right,train,101,101,t11_gazebo_formal_v1+T12Safety,e9b9a9e17ac5e7e35d95eec2a7ad7c7667049da7,true,{},,7bd16763e0c650dd14798c7b42d22c312d871906ff5cae53e5f8ed1e9de71f4f,gazebo,true,false,true,false,goal,3.1571137201318047,5.247999999999934,0.9138522218647055,0.2895647317612038,,,30.0,0.0,7,0.6800157365041054,3,0,0,0.0,0,0,3,,0.0,4.571428571434159,61.99999999999558,0,,T11 train phase; undiscounted_return=19.8729267
t12_residual_static_footprint_seed101,t12_residual_static_footprint_seed101-episode-000114,RL-TEB-Eta-FullSafety,t11-train-obstacle,train,101,101,t11_gazebo_formal_v1+T12Safety,e9b9a9e17ac5e7e35d95eec2a7ad7c7667049da7,true,{},,7bd16763e0c650dd14798c7b42d22c312d871906ff5cae53e5f8ed1e9de71f4f,gazebo,true,false,true,false,goal,5.884663312868968,9.548000000000002,0.8504402978789974,0.20554446904040105,,,0.3620349496307206,0.0,14,5.256379649994262,14,11,0,0.0,0,0,14,,0.0,6.428571428581823,62.714285714296885,0,,T11 train phase; undiscounted_return=26.6027913
t12_residual_static_footprint_seed101,t12_residual_static_footprint_seed101-episode-000115,RL-TEB-Eta-FullSafety,t11-train-corridor,train,101,101,t11_gazebo_formal_v1+T12Safety,e9b9a9e17ac5e7e35d95eec2a7ad7c7667049da7,true,{},,7bd16763e0c650dd14798c7b42d22c312d871906ff5cae53e5f8ed1e9de71f4f,gazebo,true,false,true,false,goal,4.4461145782603735,6.648000000000025,1.000915092247984,0.0896939187066077,,,0.4749866331272007,0.0,9,4.933333333333333,8,9,0,0.0,0,0,8,,0.0,8.66666666667647,61.99999999998656,0,,T11 train phase; undiscounted_return=25.3091555
t12_residual_static_footprint_seed101,t12_residual_static_footprint_seed101-episode-000116,RL-TEB-Eta-FullSafety,t11-train-clear-straight,train,101,101,t11_gazebo_formal_v1+T12Safety,e9b9a9e17ac5e7e35d95eec2a7ad7c7667049da7,true,{},,7bd16763e0c650dd14798c7b42d22c312d871906ff5cae53e5f8ed1e9de71f4f,gazebo,true,false,true,false,goal,2.5406084795502717,4.052000000000021,1.0017865146045777,0.09255298730166898,,,30.0,0.0,5,0.3579450138055729,1,0,0,0.0,0,0,1,,0.0,6.8000000000211,50.0,0,,T11 train phase; undiscounted_return=18.9358127
t12_residual_static_footprint_seed101,t12_residual_static_footprint_seed101-episode-000117,RL-TEB-Eta-FullSafety,t11-train-clear-left,train,101,101,t11_gazebo_formal_v1+T12Safety,e9b9a9e17ac5e7e35d95eec2a7ad7c7667049da7,true,{},,7bd16763e0c650dd14798c7b42d22c312d871906ff5cae53e5f8ed1e9de71f4f,gazebo,true,false,true,false,goal,3.137878356378503,4.751999999999953,0.9394680351438564,0.1753324073918165,,,30.0,0.0,6,0.48954571371970373,0,0,0,0.0,0,0,0,,0.0,5.666666666665303,57.33333333334182,0,,T11 train phase; undiscounted_return=19.9458957
t12_residual_static_footprint_seed101,t12_residual_static_footprint_seed101-episode-000118,RL-TEB-Eta-FullSafety,t11-train-clear-right,train,101,101,t11_gazebo_formal_v1+T12Safety,e9b9a9e17ac5e7e35d95eec2a7ad7c7667049da7,true,{},,7bd16763e0c650dd14798c7b42d22c312d871906ff5cae53e5f8ed1e9de71f4f,gazebo,true,false,true,false,goal,3.106847517830425,5.038000000000011,0.9143850176651414,0.16193663883013285,,,30.0,0.0,6,0.3437296356261632,0,0,0,0.0,0,0,0,,0.0,6.666666666660603,48.33333333332727,0,,T11 train phase; undiscounted_return=19.2634236
t12_residual_static_footprint_seed101,t12_residual_static_footprint_seed101-episode-000119,RL-TEB-Eta-FullSafety,t11-train-obstacle,train,101,101,t11_gazebo_formal_v1+T12Safety,e9b9a9e17ac5e7e35d95eec2a7ad7c7667049da7,true,{},,7bd16763e0c650dd14798c7b42d22c312d871906ff5cae53e5f8ed1e9de71f4f,gazebo,true,false,true,false,goal,5.827954047870282,9.040000000000077,0.8629405831975385,0.14579541290620907,,,0.34056198278766214,0.0,13,5.231082583113079,9,11,0,0.0,0,0,9,,0.0,6.61538461537685,56.307692307698815,0,,T11 train phase; undiscounted_return=26.9575552
t12_residual_static_footprint_seed101,t12_residual_static_footprint_seed101-episode-000120,RL-TEB-Eta-FullSafety,t11-train-corridor,train,101,101,t11_gazebo_formal_v1+T12Safety,e9b9a9e17ac5e7e35d95eec2a7ad7c7667049da7,true,{},,7bd16763e0c650dd14798c7b42d22c312d871906ff5cae53e5f8ed1e9de71f4f,gazebo,true,false,true,false,goal,4.590220345517038,6.741999999999962,1.0018692041294435,0.08383864996340971,,,0.47932324947073396,0.0,9,4.933333333333333,9,9,0,0.0,0,0,9,,0.0,8.44444444444687,56.66666666665302,0,,T11 train phase; undiscounted_return=25.2634054
t12_residual_static_footprint_seed101,t12_residual_static_footprint_seed101-episode-000121,RL-TEB-Eta-FullSafety,t11-train-clear-straight,train,101,101,t11_gazebo_formal_v1+T12Safety,e9b9a9e17ac5e7e35d95eec2a7ad7c7667049da7,true,{},,7bd16763e0c650dd14798c7b42d22c312d871906ff5cae53e5f8ed1e9de71f4f,gazebo,true,false,true,false,goal,2.4318137982239993,3.7480000000000473,1.0006822057660127,0.08291454638349224,,,30.0,0.0,4,0.2099029320099164,0,0,0,0.0,0,0,0,,0.0,9.500000000002728,69.99999999996476,0,,T11 train phase; undiscounted_return=17.8077431
t12_residual_static_footprint_seed101,t12_residual_static_footprint_seed101-episode-000122,RL-TEB-Eta-FullSafety,t11-train-clear-left,train,101,101,t11_gazebo_formal_v1+T12Safety,e9b9a9e17ac5e7e35d95eec2a7ad7c7667049da7,true,{},,7bd16763e0c650dd14798c7b42d22c312d871906ff5cae53e5f8ed1e9de71f4f,gazebo,true,false,true,false,goal,3.0530857551855832,4.843999999999937,0.9229354866446232,0.12518036805343918,,,30.0,0.0,6,0.6177703764013578,6,0,0,0.0,0,0,6,,0.0,12.333333333325905,73.99999999999334,0,,T11 train phase; undiscounted_return=19.4550675
t12_residual_static_footprint_seed101,t12_residual_static_footprint_seed101-episode-000123,RL-TEB-Eta-FullSafety,t11-train-clear-right,train,101,101,t11_gazebo_formal_v1+T12Safety,e9b9a9e17ac5e7e35d95eec2a7ad7c7667049da7,true,{},,7bd16763e0c650dd14798c7b42d22c312d871906ff5cae53e5f8ed1e9de71f4f,gazebo,true,false,true,false,goal,3.1975891072395495,5.432000000000016,0.8925486568256271,0.3069323030759671,,,30.0,0.0,7,0.4639557735443633,4,0,0,0.0,0,0,4,,0.0,9.142857142868317,75.71428571428181,0,,T11 train phase; undiscounted_return=19.4088962
t12_residual_static_footprint_seed101,t12_residual_static_footprint_seed101-episode-000124,RL-TEB-Eta-FullSafety,t11-train-obstacle,train,101,101,t11_gazebo_formal_v1+T12Safety,e9b9a9e17ac5e7e35d95eec2a7ad7c7667049da7,true,{},,7bd16763e0c650dd14798c7b42d22c312d871906ff5cae53e5f8ed1e9de71f4f,gazebo,true,false,true,false,goal,5.073604682303221,7.240000000000009,1.0007466817170507,0.14988647646861852,,,0.6670218989129482,0.0,10,10.374370356413916,7,5,0,0.0,0,0,7,,0.0,24.000000000012278,88.40000000002419,0,,T11 train phase; undiscounted_return=27.3300887
t12_residual_static_footprint_seed101,t12_residual_static_footprint_seed101-episode-000125,RL-TEB-Eta-FullSafety,t11-train-corridor,train,101,101,t11_gazebo_formal_v1+T12Safety,e9b9a9e17ac5e7e35d95eec2a7ad7c7667049da7,true,{},,7bd16763e0c650dd14798c7b42d22c312d871906ff5cae53e5f8ed1e9de71f4f,gazebo,true,false,true,false,goal,4.432985397714328,6.6340000000000146,0.9999397692266406,0.04927338569290405,,,0.49150443694594337,0.0,9,4.933333333333333,9,9,0,0.0,0,0,9,,0.0,10.666666666641808,52.66666666663392,0,,T11 train phase; undiscounted_return=25.7990206
t12_residual_static_footprint_seed101,t12_residual_static_footprint_seed101-episode-000126,RL-TEB-Eta-FullSafety,t11-train-clear-straight,train,101,101,t11_gazebo_formal_v1+T12Safety,e9b9a9e17ac5e7e35d95eec2a7ad7c7667049da7,true,{},,7bd16763e0c650dd14798c7b42d22c312d871906ff5cae53e5f8ed1e9de71f4f,gazebo,true,false,true,false,goal,2.432421786181113,3.7379999999999427,1.0022536912882278,0.11177118559186064,,,30.0,0.0,4,0.2906534160907127,4,0,0,0.0,0,0,4,,0.0,4.500000000007276,59.00000000005434,0,,T11 train phase; undiscounted_return=17.2752457
t12_residual_static_footprint_seed101,t12_residual_static_footprint_seed101-episode-000127,RL-TEB-Eta-FullSafety,t11-train-clear-left,train,101,101,t11_gazebo_formal_v1+T12Safety,e9b9a9e17ac5e7e35d95eec2a7ad7c7667049da7,true,{},,7bd16763e0c650dd14798c7b42d22c312d871906ff5cae53e5f8ed1e9de71f4f,gazebo,true,false,true,false,goal,3.139546821404631,5.057999999999993,0.9200615059106452,0.1626918714698121,,,30.0,0.0,6,0.647294527013375,6,0,0,0.0,0,0,6,,0.0,9.333333333340002,44.999999999996966,0,,T11 train phase; undiscounted_return=19.3422989
t12_residual_static_footprint_seed101,t12_residual_static_footprint_seed101-episode-000128,RL-TEB-Eta-FullSafety,t11-train-clear-right,train,101,101,t11_gazebo_formal_v1+T12Safety,e9b9a9e17ac5e7e35d95eec2a7ad7c7667049da7,true,{},,7bd16763e0c650dd14798c7b42d22c312d871906ff5cae53e5f8ed1e9de71f4f,gazebo,true,false,true,false,goal,3.16646858076163,5.032000000000039,0.9117350717602539,0.17910256938322902,,,30.0,0.0,6,0.3259311962157698,0,0,0,0.0,0,0,0,,0.0,12.999999999995756,63.99999999998348,0,,T11 train phase; undiscounted_return=19.4800377
t12_residual_static_footprint_seed101,t12_residual_static_footprint_seed101-episode-000129,RL-TEB-Eta-FullSafety,t11-train-obstacle,train,101,101,t11_gazebo_formal_v1+T12Safety,e9b9a9e17ac5e7e35d95eec2a7ad7c7667049da7,true,{},,7bd16763e0c650dd14798c7b42d22c312d871906ff5cae53e5f8ed1e9de71f4f,gazebo,true,false,true,false,goal,5.715364045700783,8.638000000000034,0.8790826773944159,0.08805407309124662,,,0.37654522761572534,0.0,12,5.155138673517808,12,10,0,0.0,0,0,12,,0.0,12.000000000000455,66.49999999999068,0,,T11 train phase; undiscounted_return=25.9976269
t12_residual_static_footprint_seed101,t12_residual_static_footprint_seed101-episode-000130,RL-TEB-Eta-FullSafety,t11-train-corridor,train,101,101,t11_gazebo_formal_v1+T12Safety,e9b9a9e17ac5e7e35d95eec2a7ad7c7667049da7,true,{},,7bd16763e0c650dd14798c7b42d22c312d871906ff5cae53e5f8ed1e9de71f4f,gazebo,true,false,true,false,goal,4.429811317055262,6.635999999999967,1.000678963288399,0.0556893020032333,,,0.43916314092576225,0.0,9,4.933333333333333,9,9,0,0.0,0,0,9,,0.0,16.666666666664142,77.9999999999998,0,,T11 train phase; undiscounted_return=25.4055274
t12_residual_static_footprint_seed101,t12_residual_static_footprint_seed101-episode-000131,RL-TEB-Eta-FullSafety,t11-train-clear-straight,train,101,101,t11_gazebo_formal_v1+T12Safety,e9b9a9e17ac5e7e35d95eec2a7ad7c7667049da7,true,{},,7bd16763e0c650dd14798c7b42d22c312d871906ff5cae53e5f8ed1e9de71f4f,gazebo,true,false,true,false,goal,2.4624588247261974,3.7479999999999336,1.0020897766677912,0.09882501601783983,,,30.0,0.0,4,0.2676680395809511,4,0,0,0.0,0,0,4,,0.0,4.9999999999954525,57.00000000001637,0,,T11 train phase; undiscounted_return=17.2585286
t12_residual_static_footprint_seed101,t12_residual_static_footprint_seed101-episode-000132,RL-TEB-Eta-FullSafety,t11-train-clear-left,train,101,101,t11_gazebo_formal_v1+T12Safety,e9b9a9e17ac5e7e35d95eec2a7ad7c7667049da7,true,{},,7bd16763e0c650dd14798c7b42d22c312d871906ff5cae53e5f8ed1e9de71f4f,gazebo,true,false,true,false,goal,2.9654438534946976,4.360000000000014,0.9678650995464987,0.11840285934915712,,,30.0,0.0,5,0.39761509815043505,0,0,0,0.0,0,0,0,,0.0,11.199999999985266,74.79999999998199,0,,T11 train phase; undiscounted_return=18.9401833
t12_residual_static_footprint_seed101,t12_residual_static_footprint_seed101-episode-000133,RL-TEB-Eta-FullSafety,t11-train-clear-right,train,101,101,t11_gazebo_formal_v1+T12Safety,e9b9a9e17ac5e7e35d95eec2a7ad7c7667049da7,true,{},,7bd16763e0c650dd14798c7b42d22c312d871906ff5cae53e5f8ed1e9de71f4f,gazebo,true,false,true,false,goal,3.1407100746171963,5.248000000000047,0.8912450956982538,0.15907933110369074,,,30.0,0.0,7,0.4230556775204035,7,0,0,0.0,0,0,7,,0.0,7.428571428574417,75.9999999999731,0,,T11 train phase; undiscounted_return=19.4338731
t12_residual_static_footprint_seed101,t12_residual_static_footprint_seed101-episode-000134,RL-TEB-Eta-FullSafety,t11-train-obstacle,train,101,101,t11_gazebo_formal_v1+T12Safety,e9b9a9e17ac5e7e35d95eec2a7ad7c7667049da7,true,{},,7bd16763e0c650dd14798c7b42d22c312d871906ff5cae53e5f8ed1e9de71f4f,gazebo,true,false,true,false,goal,5.84905521259994,9.05600000000004,0.8509625229019363,0.13790183545215,,,0.35154159799578316,0.0,13,5.182157925330774,13,11,0,0.0,0,0,13,,0.0,11.53846153847728,71.6923076923002,0,,T11 train phase; undiscounted_return=26.6825396
t12_residual_static_footprint_seed101,t12_residual_static_footprint_seed101-episode-000135,RL-TEB-Eta-FullSafety,t11-train-corridor,train,101,101,t11_gazebo_formal_v1+T12Safety,e9b9a9e17ac5e7e35d95eec2a7ad7c7667049da7,true,{},,7bd16763e0c650dd14798c7b42d22c312d871906ff5cae53e5f8ed1e9de71f4f,gazebo,true,false,true,false,goal,4.574868839056658,6.75,1.0010945097448916,0.05877192666146158,,,0.4682130902341229,0.0,9,4.933333333333333,9,9,0,0.0,0,0,9,,0.0,14.444444444431307,67.3333333333201,0,,T11 train phase; undiscounted_return=25.5290123
t12_residual_static_footprint_seed101,t12_residual_static_footprint_seed101-episode-000136,RL-TEB-Eta-FullSafety,t11-train-clear-straight,train,101,101,t11_gazebo_formal_v1+T12Safety,e9b9a9e17ac5e7e35d95eec2a7ad7c7667049da7,true,{},,7bd16763e0c650dd14798c7b42d22c312d871906ff5cae53e5f8ed1e9de71f4f,gazebo,true,false,true,false,goal,2.593289402901779,3.86200000000008,1.0017520435680527,0.11216379358805287,,,30.0,0.0,4,0.22359746297514296,0,0,0,0.0,0,0,0,,0.0,10.500000000007503,84.99999999997954,0,,T11 train phase; undiscounted_return=18.0018532
t12_residual_static_footprint_seed101,t12_residual_static_footprint_seed101-episode-000137,RL-TEB-Eta-FullSafety,t11-train-clear-left,train,101,101,t11_gazebo_formal_v1+T12Safety,e9b9a9e17ac5e7e35d95eec2a7ad7c7667049da7,true,{},,7bd16763e0c650dd14798c7b42d22c312d871906ff5cae53e5f8ed1e9de71f4f,gazebo,true,false,true,false,goal,3.0894124409657655,5.044000000000096,0.9067120626489589,0.16578715297945085,,,30.0,0.0,6,0.7711366509923507,4,0,0,0.0,0,0,4,,0.0,8.000000000000304,64.33333333330893,0,,T11 train phase; undiscounted_return=19.1121519
t12_residual_static_footprint_seed101,t12_residual_static_footprint_seed101-episode-000138,RL-TEB-Eta-FullSafety,t11-train-clear-right,train,101,101,t11_gazebo_formal_v1+T12Safety,e9b9a9e17ac5e7e35d95eec2a7ad7c7667049da7,true,{},,7bd16763e0c650dd14798c7b42d22c312d871906ff5cae53e5f8ed1e9de71f4f,gazebo,true,false,true,false,goal,3.3107534312860927,5.336000000000013,0.8737660751887774,0.16072472572137575,,,30.0,0.0,7,0.7858396460103392,4,0,0,0.0,0,0,4,,0.0,10.285714285714675,59.42857142854661,0,,T11 train phase; undiscounted_return=20.3141753
t12_residual_static_footprint_seed101,t12_residual_static_footprint_seed101-episode-000139,RL-TEB-Eta-FullSafety,t11-train-obstacle,train,101,101,t11_gazebo_formal_v1+T12Safety,e9b9a9e17ac5e7e35d95eec2a7ad7c7667049da7,true,{},,7bd16763e0c650dd14798c7b42d22c312d871906ff5cae53e5f8ed1e9de71f4f,gazebo,true,false,true,false,goal,5.822650028100344,9.839999999999918,0.8558725058029378,0.31544077004620746,,,0.35195410184646314,0.0,14,5.354388894785673,10,10,0,0.0,0,0,10,,0.0,11.714285714276684,80.00000000000033,0,,T11 train phase; undiscounted_return=25.9566248
t12_residual_static_footprint_seed101,t12_residual_static_footprint_seed101-episode-000140,RL-TEB-Eta-FullSafety,t11-train-corridor,train,101,101,t11_gazebo_formal_v1+T12Safety,e9b9a9e17ac5e7e35d95eec2a7ad7c7667049da7,true,{},,7bd16763e0c650dd14798c7b42d22c312d871906ff5cae53e5f8ed1e9de71f4f,gazebo,true,false,true,false,goal,4.453841447904938,6.741999999999962,0.9999133883968427,0.1043473329038482,,,0.4705466529391544,0.0,9,4.933333333333333,9,9,0,0.0,0,0,9,,0.0,15.55555555555404,100.00000000002274,0,,T11 train phase; undiscounted_return=24.7582522
t12_residual_static_footprint_seed101,t12_residual_static_footprint_seed101-episode-000141,RL-TEB-Eta-FullSafety,t11-train-clear-straight,train,101,101,t11_gazebo_formal_v1+T12Safety,e9b9a9e17ac5e7e35d95eec2a7ad7c7667049da7,true,{},,7bd16763e0c650dd14798c7b42d22c312d871906ff5cae53e5f8ed1e9de71f4f,gazebo,true,false,true,false,goal,2.588046363497128,4.051999999999907,1.0004338277706115,0.1232899293932758,,,30.0,0.0,5,0.540919053431554,4,0,0,0.0,0,0,4,,0.0,9.600000000000364,63.60000000001946,0,,T11 train phase; undiscounted_return=18.8933989
t12_residual_static_footprint_seed101,t12_residual_static_footprint_seed101-episode-000142,RL-TEB-Eta-FullSafety,t11-train-clear-left,train,101,101,t11_gazebo_formal_v1+T12Safety,e9b9a9e17ac5e7e35d95eec2a7ad7c7667049da7,true,{},,7bd16763e0c650dd14798c7b42d22c312d871906ff5cae53e5f8ed1e9de71f4f,gazebo,true,false,true,false,goal,3.011877518193811,4.753999999999905,0.9194262698145803,0.18204956296487806,,,30.0,0.0,6,0.09495177279049953,0,0,0,0.0,0,0,0,,0.0,12.333333333344854,74.66666666668213,0,,T11 train phase; undiscounted_return=19.2520334
t12_residual_static_footprint_seed101,t12_residual_static_footprint_seed101-episode-000143,RL-TEB-Eta-FullSafety,t11-train-clear-right,train,101,101,t11_gazebo_formal_v1+T12Safety,e9b9a9e17ac5e7e35d95eec2a7ad7c7667049da7,true,{},,7bd16763e0c650dd14798c7b42d22c312d871906ff5cae53e5f8ed1e9de71f4f,gazebo,true,false,true,false,goal,3.4804384866900673,6.646000000000072,0.778536617487679,0.3094187719820943,,,30.0,0.0,7,0.44322640653502166,3,0,0,0.0,0,0,3,,0.0,8.000000000005716,68.28571428572364,0,,T11 train phase; undiscounted_return=18.7379467
t12_residual_static_footprint_seed101,t12_residual_static_footprint_seed101-episode-000144,RL-TEB-Eta-FullSafety,t11-train-obstacle,train,101,101,t11_gazebo_formal_v1+T12Safety,e9b9a9e17ac5e7e35d95eec2a7ad7c7667049da7,true,{},,7bd16763e0c650dd14798c7b42d22c312d871906ff5cae53e5f8ed1e9de71f4f,gazebo,true,false,true,false,goal,5.811805992891726,8.519999999999982,0.8696361775151947,0.14324840356302354,,,0.3376310429816683,0.0,12,5.116877548260838,12,11,0,0.0,0,0,12,,0.0,12.50000000000758,70.16666666668432,0,,T11 train phase; undiscounted_return=26.3656905
t12_residual_static_footprint_seed101,t12_residual_static_footprint_seed101-episode-000145,RL-TEB-Eta-FullSafety,t11-train-corridor,train,101,101,t11_gazebo_formal_v1+T12Safety,e9b9a9e17ac5e7e35d95eec2a7ad7c7667049da7,true,{},,7bd16763e0c650dd14798c7b42d22c312d871906ff5cae53e5f8ed1e9de71f4f,gazebo,true,false,true,false,goal,4.491130884809699,6.6299999999999955,1.0005374564869753,0.05908247767902884,,,0.417811427192236,0.0,9,4.933333333333333,9,9,0,0.0,0,0,9,,0.0,14.666666666673539,70.44444444444606,0,,T11 train phase; undiscounted_return=25.2437982
t12_residual_static_footprint_seed101,t12_residual_static_footprint_seed101-episode-000146,RL-TEB-Eta-FullSafety,t11-train-clear-straight,train,101,101,t11_gazebo_formal_v1+T12Safety,e9b9a9e17ac5e7e35d95eec2a7ad7c7667049da7,true,{},,7bd16763e0c650dd14798c7b42d22c312d871906ff5cae53e5f8ed1e9de71f4f,gazebo,true,false,true,false,goal,2.4209971385749482,3.758000000000038,1.0017108347006705,0.10795379760646376,,,30.0,0.0,4,0.09640307339194217,0,0,0,0.0,0,0,0,,0.0,5.499999999983629,58.4999999999809,0,,T11 train phase; undiscounted_return=17.5793184
t12_residual_static_footprint_seed101,t12_residual_static_footprint_seed101-episode-000147,RL-TEB-Eta-FullSafety,t11-train-clear-left,train,101,101,t11_gazebo_formal_v1+T12Safety,e9b9a9e17ac5e7e35d95eec2a7ad7c7667049da7,true,{},,7bd16763e0c650dd14798c7b42d22c312d871906ff5cae53e5f8ed1e9de71f4f,gazebo,true,false,true,false,goal,3.0699138821999283,4.846000000000004,0.9229200885493619,0.21038775158303386,,,30.0,0.0,6,0.5894040631903844,0,0,0,0.0,0,0,0,,0.0,10.666666666660754,88.00000000000334,0,,T11 train phase; undiscounted_return=18.9316115
t12_residual_static_footprint_seed101,t12_residual_static_footprint_seed101-episode-000148,RL-TEB-Eta-FullSafety,t11-train-clear-right,train,101,101,t11_gazebo_formal_v1+T12Safety,e9b9a9e17ac5e7e35d95eec2a7ad7c7667049da7,true,{},,7bd16763e0c650dd14798c7b42d22c312d871906ff5cae53e5f8ed1e9de71f4f,gazebo,true,false,true,false,goal,3.109281186040114,5.043999999999983,0.9144211585782563,0.12577082858239166,,,30.0,0.0,6,0.5594472850300742,6,0,0,0.0,0,0,6,,0.0,10.666666666679703,99.33333333335288,0,,T11 train phase; undiscounted_return=18.6675647
t12_residual_static_footprint_seed101,t12_residual_static_footprint_seed101-episode-000149,RL-TEB-Eta-FullSafety,t11-train-obstacle,train,101,101,t11_gazebo_formal_v1+T12Safety,e9b9a9e17ac5e7e35d95eec2a7ad7c7667049da7,true,{},,7bd16763e0c650dd14798c7b42d22c312d871906ff5cae53e5f8ed1e9de71f4f,gazebo,true,false,true,false,goal,5.783111356344895,9.139999999999986,0.8474981671963158,0.1411242636808945,,,0.36959225404398666,0.0,13,5.128391498770692,13,11,0,0.0,0,0,13,,0.0,11.384615384617273,72.15384615387148,0,,T11 train phase; undiscounted_return=25.8209933
t12_residual_static_footprint_seed101,t12_residual_static_footprint_seed101-episode-000150,RL-TEB-Eta-FullSafety,t11-train-corridor,train,101,101,t11_gazebo_formal_v1+T12Safety,e9b9a9e17ac5e7e35d95eec2a7ad7c7667049da7,true,{},,7bd16763e0c650dd14798c7b42d22c312d871906ff5cae53e5f8ed1e9de71f4f,gazebo,true,false,true,false,goal,4.413361348613702,6.539999999999964,1.0012633848903587,0.09713202095356994,,,0.39035076367991195,0.0,9,4.933333333333333,9,9,0,0.0,0,0,9,,0.0,12.444444444428074,72.88888888888323,0,,T11 train phase; undiscounted_return=24.9545152
t12_residual_static_footprint_seed101,t12_residual_static_footprint_seed101-episode-000151,RL-TEB-Eta-FullSafety,t11-train-clear-straight,train,101,101,t11_gazebo_formal_v1+T12Safety,e9b9a9e17ac5e7e35d95eec2a7ad7c7667049da7,true,{},,7bd16763e0c650dd14798c7b42d22c312d871906ff5cae53e5f8ed1e9de71f4f,gazebo,true,false,true,false,goal,2.436651307999588,3.844000000000051,1.0010242880096023,0.07429772190465829,,,30.0,0.0,4,0.29442490443467284,4,0,0,0.0,0,0,4,,0.0,8.500000000026375,69.50000000006185,0,,T11 train phase; undiscounted_return=17.5923271
t12_residual_static_footprint_seed101,t12_residual_static_footprint_seed101-episode-000152,RL-TEB-Eta-FullSafety,t11-train-clear-left,train,101,101,t11_gazebo_formal_v1+T12Safety,e9b9a9e17ac5e7e35d95eec2a7ad7c7667049da7,true,{},,7bd16763e0c650dd14798c7b42d22c312d871906ff5cae53e5f8ed1e9de71f4f,gazebo,true,false,true,false,goal,3.135999737279409,5.036000000000058,0.9148672048162689,0.16352330940699206,,,30.0,0.0,6,0.6416548565951645,6,0,0,0.0,0,0,6,,0.0,10.0000000000288,79.99999999996514,0,,T11 train phase; undiscounted_return=18.8289114
t12_residual_static_footprint_seed101,t12_residual_static_footprint_seed101-episode-000153,RL-TEB-Eta-FullSafety,t11-train-clear-right,train,101,101,t11_gazebo_formal_v1+T12Safety,e9b9a9e17ac5e7e35d95eec2a7ad7c7667049da7,true,{},,7bd16763e0c650dd14798c7b42d22c312d871906ff5cae53e5f8ed1e9de71f4f,gazebo,true,false,true,false,goal,3.5995034411551385,6.850000000000136,0.7528705985152435,0.23380723662317096,,,30.0,0.0,7,0.4318285012776284,3,0,0,0.0,0,0,3,,0.0,8.857142857160786,62.28571428576807,0,,T11 train phase; undiscounted_return=18.8267413
t12_residual_static_footprint_seed101,t12_residual_static_footprint_seed101-episode-000154,RL-TEB-Eta-FullSafety,t11-train-obstacle,train,101,101,t11_gazebo_formal_v1+T12Safety,e9b9a9e17ac5e7e35d95eec2a7ad7c7667049da7,true,{},,7bd16763e0c650dd14798c7b42d22c312d871906ff5cae53e5f8ed1e9de71f4f,gazebo,true,false,true,false,goal,5.709723934337707,8.83400000000006,0.878767591599229,0.22179164606537474,,,0.3430202854354633,0.0,13,5.163369520957582,13,11,0,0.0,0,0,13,,0.0,9.692307692305873,68.61538461537118,0,,T11 train phase; undiscounted_return=26.5770659
t12_residual_static_footprint_seed101,t12_residual_static_footprint_seed101-episode-000155,RL-TEB-Eta-FullSafety,t11-train-corridor,train,101,101,t11_gazebo_formal_v1+T12Safety,e9b9a9e17ac5e7e35d95eec2a7ad7c7667049da7,true,{},,7bd16763e0c650dd14798c7b42d22c312d871906ff5cae53e5f8ed1e9de71f4f,gazebo,true,false,true,false,goal,4.466419147273489,6.6400000000001,1.0010602357321159,0.032675391136015294,,,0.5298794104194893,0.0,9,4.933333333333333,8,9,0,0.0,0,0,8,,0.0,9.777777777773938,65.33333333327897,0,,T11 train phase; undiscounted_return=25.6003425
t12_residual_static_footprint_seed101,t12_residual_static_footprint_seed101-episode-000156,RL-TEB-Eta-FullSafety,t11-train-clear-straight,train,101,101,t11_gazebo_formal_v1+T12Safety,e9b9a9e17ac5e7e35d95eec2a7ad7c7667049da7,true,{},,7bd16763e0c650dd14798c7b42d22c312d871906ff5cae53e5f8ed1e9de71f4f,gazebo,true,false,true,false,goal,2.4446222145911403,3.74799999999982,1.0018399688113533,0.07974803904237113,,,30.0,0.0,4,0.10597485511515661,0,0,0,0.0,0,0,0,,0.0,7.000000000005002,81.00000000007412,0,,T11 train phase; undiscounted_return=17.5601015
t12_residual_static_footprint_seed101,t12_residual_static_footprint_seed101-episode-000157,RL-TEB-Eta-FullSafety,t11-train-clear-left,train,101,101,t11_gazebo_formal_v1+T12Safety,e9b9a9e17ac5e7e35d95eec2a7ad7c7667049da7,true,{},,7bd16763e0c650dd14798c7b42d22c312d871906ff5cae53e5f8ed1e9de71f4f,gazebo,true,false,true,false,goal,3.0365979816597926,4.864000000000033,0.9265419504574617,0.16072332749058477,,,30.0,0.0,6,0.6026289200142319,6,0,0,0.0,0,0,6,,0.0,7.00000000002395,42.99999999996847,0,,T11 train phase; undiscounted_return=19.5241198
t12_residual_static_footprint_seed101,t12_residual_static_footprint_seed101-episode-000158,RL-TEB-Eta-FullSafety,t11-train-clear-right,train,101,101,t11_gazebo_formal_v1+T12Safety,e9b9a9e17ac5e7e35d95eec2a7ad7c7667049da7,true,{},,7bd16763e0c650dd14798c7b42d22c312d871906ff5cae53e5f8ed1e9de71f4f,gazebo,true,false,true,false,goal,3.056657445884094,5.051999999999907,0.9017578035803862,0.195504085687935,,,30.0,0.0,6,0.4362227415419956,6,0,0,0.0,0,0,6,,0.0,8.666666666689101,82.66666666664453,0,,T11 train phase; undiscounted_return=18.4676283
t12_residual_static_footprint_seed101,t12_residual_static_footprint_seed101-episode-000159,RL-TEB-Eta-FullSafety,t11-train-obstacle,train,101,101,t11_gazebo_formal_v1+T12Safety,e9b9a9e17ac5e7e35d95eec2a7ad7c7667049da7,true,{},,7bd16763e0c650dd14798c7b42d22c312d871906ff5cae53e5f8ed1e9de71f4f,gazebo,true,false,true,false,goal,5.84716600159907,9.038000000000011,0.8695239890646113,0.26290826486614205,,,0.35574614625135276,0.0,13,5.133138341624906,13,11,0,0.0,0,0,13,,0.0,11.230769230766013,75.8461538461793,0,,T11 train phase; undiscounted_return=26.6010921
t12_residual_static_footprint_seed101,t12_residual_static_footprint_seed101-episode-000160,RL-TEB-Eta-FullSafety,t11-train-corridor,train,101,101,t11_gazebo_formal_v1+T12Safety,e9b9a9e17ac5e7e35d95eec2a7ad7c7667049da7,true,{},,7bd16763e0c650dd14798c7b42d22c312d871906ff5cae53e5f8ed1e9de71f4f,gazebo,true,false,true,false,goal,4.449156867006173,6.642000000000053,0.9999320135986256,0.07147288565193773,,,0.4386262665675991,0.0,9,4.933333333333333,9,9,0,0.0,0,0,9,,0.0,14.66666666662301,82.66666666665716,0,,T11 train phase; undiscounted_return=25.3097378
t12_residual_static_footprint_seed101,t12_residual_static_footprint_seed101-episode-000161,RL-TEB-Eta-FullSafety,t11-train-clear-straight,train,101,101,t11_gazebo_formal_v1+T12Safety,e9b9a9e17ac5e7e35d95eec2a7ad7c7667049da7,true,{},,7bd16763e0c650dd14798c7b42d22c312d871906ff5cae53e5f8ed1e9de71f4f,gazebo,true,false,true,false,goal,2.502686413336198,3.844000000000051,0.9999026233205068,0.13993774566187725,,,30.0,0.0,4,0.2505203473559011,0,0,0,0.0,0,0,0,,0.0,4.500000000007276,31.00000000000591,0,,T11 train phase; undiscounted_return=17.9644324
t12_residual_static_footprint_seed101,t12_residual_static_footprint_seed101-episode-000162,RL-TEB-Eta-FullSafety,t11-train-clear-left,train,101,101,t11_gazebo_formal_v1+T12Safety,e9b9a9e17ac5e7e35d95eec2a7ad7c7667049da7,true,{},,7bd16763e0c650dd14798c7b42d22c312d871906ff5cae53e5f8ed1e9de71f4f,gazebo,true,false,true,false,goal,2.9674704281945212,4.4379999999998745,0.9669614552770721,0.07875368231983175,,,30.0,0.0,5,0.5155741197721414,0,0,0,0.0,0,0,0,,0.0,10.00000000003638,60.40000000002692,0,,T11 train phase; undiscounted_return=19.3060894
t12_residual_static_footprint_seed101,t12_residual_static_footprint_seed101-episode-000163,RL-TEB-Eta-FullSafety,t11-train-clear-right,train,101,101,t11_gazebo_formal_v1+T12Safety,e9b9a9e17ac5e7e35d95eec2a7ad7c7667049da7,true,{},,7bd16763e0c650dd14798c7b42d22c312d871906ff5cae53e5f8ed1e9de71f4f,gazebo,true,false,true,false,goal,3.197803695429554,5.246000000000095,0.8852118478639261,0.1702308930282766,,,30.0,0.0,7,0.5205572979928237,7,0,0,0.0,0,0,7,,0.0,8.571428571453257,69.14285714281375,0,,T11 train phase; undiscounted_return=20.0157797
t12_residual_static_footprint_seed101,t12_residual_static_footprint_seed101-episode-000164,RL-TEB-Eta-FullSafety,t11-train-obstacle,train,101,101,t11_gazebo_formal_v1+T12Safety,e9b9a9e17ac5e7e35d95eec2a7ad7c7667049da7,true,{},,7bd16763e0c650dd14798c7b42d22c312d871906ff5cae53e5f8ed1e9de71f4f,gazebo,true,false,true,false,goal,5.6915526479993614,8.532000000000153,0.8619924002623089,0.17074900052056421,,,0.3398013415941606,0.0,12,5.268021496513816,9,11,0,0.0,0,0,9,,0.0,12.500000000026526,62.00000000006867,0,,T11 train phase; undiscounted_return=25.7807197
t12_residual_static_footprint_seed101,t12_residual_static_footprint_seed101-episode-000165,RL-TEB-Eta-FullSafety,t11-train-corridor,train,101,101,t11_gazebo_formal_v1+T12Safety,e9b9a9e17ac5e7e35d95eec2a7ad7c7667049da7,true,{},,7bd16763e0c650dd14798c7b42d22c312d871906ff5cae53e5f8ed1e9de71f4f,gazebo,true,false,true,false,goal,4.509978333372285,7.455999999999904,0.999975996503872,0.07783076983010513,,,0.5446872404832697,0.0,10,4.933333333333333,9,10,0,0.0,0,0,9,,0.0,11.800000000016553,67.79999999998836,0,,T11 train phase; undiscounted_return=25.0365585
t12_residual_static_footprint_seed101,t12_residual_static_footprint_seed101-episode-000166,RL-TEB-Eta-FullSafety,t11-train-clear-straight,train,101,101,t11_gazebo_formal_v1+T12Safety,e9b9a9e17ac5e7e35d95eec2a7ad7c7667049da7,true,{},,7bd16763e0c650dd14798c7b42d22c312d871906ff5cae53e5f8ed1e9de71f4f,gazebo,true,false,true,false,goal,2.582579120384093,4.057999999999993,1.0005811222567464,0.119335860090508,,,30.0,0.0,5,0.5227720237795674,0,0,0,0.0,0,0,0,,0.0,12.799999999924694,64.39999999993233,0,,T11 train phase; undiscounted_return=18.9246556
t12_residual_static_footprint_seed101,t12_residual_static_footprint_seed101-episode-000167,RL-TEB-Eta-FullSafety,t11-train-clear-left,train,101,101,t11_gazebo_formal_v1+T12Safety,e9b9a9e17ac5e7e35d95eec2a7ad7c7667049da7,true,{},,7bd16763e0c650dd14798c7b42d22c312d871906ff5cae53e5f8ed1e9de71f4f,gazebo,true,false,true,false,goal,3.1921005067931034,5.0499999999999545,0.9334129489000156,0.24696089689599632,,,30.0,0.0,6,0.2199340239504357,2,0,0,0.0,0,0,2,,0.0,11.999999999981506,66.66666666660603,0,,T11 train phase; undiscounted_return=19.852333
t12_residual_static_footprint_seed101,t12_residual_static_footprint_seed101-episode-000168,RL-TEB-Eta-FullSafety,t11-train-clear-right,train,101,101,t11_gazebo_formal_v1+T12Safety,e9b9a9e17ac5e7e35d95eec2a7ad7c7667049da7,true,{},,7bd16763e0c650dd14798c7b42d22c312d871906ff5cae53e5f8ed1e9de71f4f,gazebo,true,false,true,false,goal,3.117674122862191,5.031999999999925,0.8984284972340726,0.14469250665038363,,,30.0,0.0,6,0.4574177720009948,2,0,0,0.0,0,0,2,,0.0,8.000000000038199,74.00000000006912,0,,T11 train phase; undiscounted_return=19.0120318
t12_residual_static_footprint_seed101,t12_residual_static_footprint_seed101-episode-000169,RL-TEB-Eta-FullSafety,t11-train-obstacle,train,101,101,t11_gazebo_formal_v1+T12Safety,e9b9a9e17ac5e7e35d95eec2a7ad7c7667049da7,true,{},,7bd16763e0c650dd14798c7b42d22c312d871906ff5cae53e5f8ed1e9de71f4f,gazebo,true,false,true,false,goal,5.727395701055541,8.531999999999925,0.8710208488168765,0.12651026800634002,,,0.35271511182058984,0.0,12,5.392126995357232,9,11,0,0.0,0,0,9,,0.0,12.333333333363802,84.33333333330968,0,,T11 train phase; undiscounted_return=26.2534941
t12_residual_static_footprint_seed101,t12_residual_static_footprint_seed101-episode-000170,RL-TEB-Eta-FullSafety,t11-train-corridor,train,101,101,t11_gazebo_formal_v1+T12Safety,e9b9a9e17ac5e7e35d95eec2a7ad7c7667049da7,true,{},,7bd16763e0c650dd14798c7b42d22c312d871906ff5cae53e5f8ed1e9de71f4f,gazebo,true,false,true,false,goal,4.45968405344959,6.620000000000118,1.0004229141322187,0.055550564590265604,,,0.41426613739895346,0.0,9,4.933333333333333,9,9,0,0.0,0,0,9,,0.0,12.222222222211107,79.33333333327634,0,,T11 train phase; undiscounted_return=24.7829685
t12_residual_static_footprint_seed101,t12_residual_static_footprint_seed101-episode-000171,RL-TEB-Eta-FullSafety,t11-train-clear-straight,train,101,101,t11_gazebo_formal_v1+T12Safety,e9b9a9e17ac5e7e35d95eec2a7ad7c7667049da7,true,{},,7bd16763e0c650dd14798c7b42d22c312d871906ff5cae53e5f8ed1e9de71f4f,gazebo,true,false,true,false,goal,2.4750669367720874,3.7619999999999436,1.0018055495509994,0.10535180375537931,,,30.0,0.0,4,0.21967747130474025,0,0,0,0.0,0,0,0,,0.0,4.500000000007276,58.99999999996908,0,,T11 train phase; undiscounted_return=17.704313
t12_residual_static_footprint_seed101,t12_residual_static_footprint_seed101-episode-000172,RL-TEB-Eta-FullSafety,t11-train-clear-left,train,101,101,t11_gazebo_formal_v1+T12Safety,e9b9a9e17ac5e7e35d95eec2a7ad7c7667049da7,true,{},,7bd16763e0c650dd14798c7b42d22c312d871906ff5cae53e5f8ed1e9de71f4f,gazebo,true,false,true,false,goal,2.9774273289481967,4.44399999999996,0.9662822208389741,0.07217218302362689,,,30.0,0.0,5,0.5215569288051785,0,0,0,0.0,0,0,0,,0.0,9.999999999990905,80.7999999999538,0,,T11 train phase; undiscounted_return=19.0479387
t12_residual_static_footprint_seed101,t12_residual_static_footprint_seed101-episode-000173,RL-TEB-Eta-FullSafety,t11-train-clear-right,train,101,101,t11_gazebo_formal_v1+T12Safety,e9b9a9e17ac5e7e35d95eec2a7ad7c7667049da7,true,{},,7bd16763e0c650dd14798c7b42d22c312d871906ff5cae53e5f8ed1e9de71f4f,gazebo,true,false,true,false,goal,3.1654703787081107,5.147999999999911,0.8809509627541079,0.2238292268751004,,,30.0,0.0,7,0.4518863200723199,3,0,0,0.0,0,0,3,,0.0,11.142857142853504,62.57142857144312,0,,T11 train phase; undiscounted_return=19.2897968
t12_residual_static_footprint_seed101,t12_residual_static_footprint_seed101-episode-000174,RL-TEB-Eta-FullSafety,t11-train-obstacle,train,101,101,t11_gazebo_formal_v1+T12Safety,e9b9a9e17ac5e7e35d95eec2a7ad7c7667049da7,true,{},,7bd16763e0c650dd14798c7b42d22c312d871906ff5cae53e5f8ed1e9de71f4f,gazebo,true,false,true,false,goal,5.72708274600061,9.04600000000005,0.8643105405362659,0.15656333746557446,,,0.3379569738438946,0.0,13,5.273799277975943,9,11,0,0.0,0,0,9,,0.0,11.999999999978591,60.923076923087976,0,,T11 train phase; undiscounted_return=26.8453641
t12_residual_static_footprint_seed101,t12_residual_static_footprint_seed101-episode-000175,RL-TEB-Eta-FullSafety,t11-train-corridor,train,101,101,t11_gazebo_formal_v1+T12Safety,e9b9a9e17ac5e7e35d95eec2a7ad7c7667049da7,true,{},,7bd16763e0c650dd14798c7b42d22c312d871906ff5cae53e5f8ed1e9de71f4f,gazebo,true,false,true,false,goal,4.522822622032647,6.746000000000095,1.0008912820818903,0.04649851029393215,,,0.5140941646696886,0.0,9,4.933333333333333,8,9,0,0.0,0,0,8,,0.0,13.77777777775514,77.55555555556586,0,,T11 train phase; undiscounted_return=25.1602158
t12_residual_static_footprint_seed101,t12_residual_static_footprint_seed101-episode-000176,RL-TEB-Eta-FullSafety,t11-train-clear-straight,train,101,101,t11_gazebo_formal_v1+T12Safety,e9b9a9e17ac5e7e35d95eec2a7ad7c7667049da7,true,{},,7bd16763e0c650dd14798c7b42d22c312d871906ff5cae53e5f8ed1e9de71f4f,gazebo,false,false,false,true,operator_stop,1.5924288500405566,1.900000000000091,1.5322812890429809,0.06192506737076052,,,30.0,0.0,3,0.16224865997973792,0,0,0,0.0,0,0,0,,0.0,10.666666666641808,80.66666666657814,0,,T11 train phase; undiscounted_return=5.68789908
t12_residual_static_footprint_seed101,t12_residual_static_footprint_seed101-episode-000177,RL-TEB-Eta-FullSafety,t11-validation-clear-offset,validation,101,301,t11_gazebo_formal_v1+T12Safety,e9b9a9e17ac5e7e35d95eec2a7ad7c7667049da7,true,{},6dfce59e677b9c3b994ea1e0ce41707511bb357cfeebcf40b8606961c2e9dc59,7bd16763e0c650dd14798c7b42d22c312d871906ff5cae53e5f8ed1e9de71f4f,gazebo,true,false,true,false,goal,2.813743541950171,4.149999999999864,0.9985428668234941,0.07206884102324573,,,30.0,0.0,5,0.044740934142787195,5,0,0,0.0,0,0,5,,1.4302329975180328,13.999999999987267,103.1999999999698,0,,T11 validation phase; undiscounted_return=18.9762157
t12_residual_static_footprint_seed101,t12_residual_static_footprint_seed101-episode-000178,RL-TEB-Eta-FullSafety,t11-validation-obstacle-offset,validation,101,301,t11_gazebo_formal_v1+T12Safety,e9b9a9e17ac5e7e35d95eec2a7ad7c7667049da7,true,{},6dfce59e677b9c3b994ea1e0ce41707511bb357cfeebcf40b8606961c2e9dc59,7bd16763e0c650dd14798c7b42d22c312d871906ff5cae53e5f8ed1e9de71f4f,gazebo,true,false,true,false,goal,5.736587585402836,8.42599999999993,0.8837953561926338,0.10577191532647968,,,0.340380016615822,0.0,12,4.955863943167085,9,11,0,0.0,0,0,9,,1.3581261652385972,13.666666666665606,85.50000000002456,0,,T11 validation phase; undiscounted_return=26.8039194
t12_residual_static_footprint_seed101,t12_residual_static_footprint_seed101-episode-000179,RL-TEB-Eta-FullSafety,t11-validation-corridor,validation,101,301,t11_gazebo_formal_v1+T12Safety,e9b9a9e17ac5e7e35d95eec2a7ad7c7667049da7,true,{},6dfce59e677b9c3b994ea1e0ce41707511bb357cfeebcf40b8606961c2e9dc59,7bd16763e0c650dd14798c7b42d22c312d871906ff5cae53e5f8ed1e9de71f4f,gazebo,true,false,true,false,goal,4.466118299146521,6.629999999999882,1.000444303796839,0.06326842785706703,,,0.5136946061737039,0.0,9,4.933333333333333,9,9,0,0.0,0,0,9,,1.5186393316576465,17.999999999953314,97.11111111111374,0,,T11 validation phase; undiscounted_return=25.1849115
t12_residual_static_footprint_seed101,t12_residual_static_footprint_seed101-episode-000181,RL-TEB-Eta-FullSafety,t11-validation-obstacle-offset,validation,101,301,t11_gazebo_formal_v1+T12Safety,e9b9a9e17ac5e7e35d95eec2a7ad7c7667049da7,true,{},6dfce59e677b9c3b994ea1e0ce41707511bb357cfeebcf40b8606961c2e9dc59,7bd16763e0c650dd14798c7b42d22c312d871906ff5cae53e5f8ed1e9de71f4f,gazebo,true,false,true,false,goal,5.759746829371842,8.733999999999924,0.8802417221737976,0.12267949686013856,,,0.3441962539129659,0.0,12,4.974177239405364,12,10,0,0.0,0,0,12,,1.5745594173495192,11.999999999981506,73.33333333326664,0,,T11 validation phase; undiscounted_return=26.3896139
t12_residual_static_footprint_seed101,t12_residual_static_footprint_seed101-episode-000182,RL-TEB-Eta-FullSafety,t11-validation-corridor,validation,101,301,t11_gazebo_formal_v1+T12Safety,e9b9a9e17ac5e7e35d95eec2a7ad7c7667049da7,true,{},6dfce59e677b9c3b994ea1e0ce41707511bb357cfeebcf40b8606961c2e9dc59,7bd16763e0c650dd14798c7b42d22c312d871906ff5cae53e5f8ed1e9de71f4f,gazebo,true,false,true,false,goal,4.465390385789718,6.639999999999873,1.0006073884789282,0.0925437677164042,,,0.5145975569374063,0.0,9,4.933333333333333,8,9,0,0.0,0,0,8,,1.8283069981003388,15.33333333332444,82.22222222222324,0,,T11 validation phase; undiscounted_return=24.7838711
t12_residual_static_footprint_seed101,t12_residual_static_footprint_seed101-episode-000183,RL-TEB-Eta-FullSafety,t11-validation-clear-offset,validation,101,301,t11_gazebo_formal_v1+T12Safety,e9b9a9e17ac5e7e35d95eec2a7ad7c7667049da7,true,{},6dfce59e677b9c3b994ea1e0ce41707511bb357cfeebcf40b8606961c2e9dc59,7bd16763e0c650dd14798c7b42d22c312d871906ff5cae53e5f8ed1e9de71f4f,gazebo,true,false,true,false,goal,2.8155803903174177,4.241999999999962,0.9978914303236315,0.12488166927287611,,,30.0,0.0,5,0.028453583499117013,5,0,0,0.0,0,0,5,,1.9957441982114688,14.800000000013824,82.40000000000691,0,,T11 validation phase; undiscounted_return=18.537651
t12_residual_static_footprint_seed101,t12_residual_static_footprint_seed101-episode-000185,RL-TEB-Eta-FullSafety,t11-test-id-clear-straight,test_id,101,201,t11_gazebo_formal_v1+T12Safety,e9b9a9e17ac5e7e35d95eec2a7ad7c7667049da7,true,{},6dfce59e677b9c3b994ea1e0ce41707511bb357cfeebcf40b8606961c2e9dc59,7bd16763e0c650dd14798c7b42d22c312d871906ff5cae53e5f8ed1e9de71f4f,gazebo,true,false,true,false,goal,2.9624518328247227,4.350000000000136,0.9975994826347773,0.11356859450878534,,,30.0,0.0,5,0.04322878442305868,5,0,0,0.0,0,0,5,,1.7487879929831252,11.60000000004402,65.19999999995889,0,,T11 test phase; undiscounted_return=19.4883094
t12_residual_static_footprint_seed101,t12_residual_static_footprint_seed101-episode-000186,RL-TEB-Eta-FullSafety,t11-test-id-left,test_id,101,201,t11_gazebo_formal_v1+T12Safety,e9b9a9e17ac5e7e35d95eec2a7ad7c7667049da7,true,{},6dfce59e677b9c3b994ea1e0ce41707511bb357cfeebcf40b8606961c2e9dc59,7bd16763e0c650dd14798c7b42d22c312d871906ff5cae53e5f8ed1e9de71f4f,gazebo,true,false,true,false,goal,4.133242463763032,6.057999999999993,0.92988404958118,0.19121415259420255,,,30.0,0.0,8,0.040461833451416906,8,0,0,0.0,0,0,8,,1.5728055022918852,7.749999999987267,70.74999999997544,0,,T11 test phase; undiscounted_return=23.0959313
t12_residual_static_footprint_seed101,t12_residual_static_footprint_seed101-episode-000187,RL-TEB-Eta-FullSafety,t11-test-id-obstacle,test_id,101,201,t11_gazebo_formal_v1+T12Safety,e9b9a9e17ac5e7e35d95eec2a7ad7c7667049da7,true,{},6dfce59e677b9c3b994ea1e0ce41707511bb357cfeebcf40b8606961c2e9dc59,7bd16763e0c650dd14798c7b42d22c312d871906ff5cae53e5f8ed1e9de71f4f,gazebo,true,false,true,false,goal,6.03741527416329,8.75,0.8549804621424052,0.1552638129330963,,,0.34083716606343817,0.0,13,4.950299830454251,13,12,0,0.0,0,0,13,,1.5931566919719513,13.384615384596215,81.23076923075482,0,,T11 test phase; undiscounted_return=27.23972
t12_residual_static_footprint_seed101,t12_residual_static_footprint_seed101-episode-000188,RL-TEB-Eta-FullSafety,t11-test-id-corridor,test_id,101,201,t11_gazebo_formal_v1+T12Safety,e9b9a9e17ac5e7e35d95eec2a7ad7c7667049da7,true,{},6dfce59e677b9c3b994ea1e0ce41707511bb357cfeebcf40b8606961c2e9dc59,7bd16763e0c650dd14798c7b42d22c312d871906ff5cae53e5f8ed1e9de71f4f,gazebo,true,false,true,false,goal,5.064300638651467,7.435999999999922,0.9999241909675931,0.0646953579381762,,,0.44548212900759726,0.0,10,4.933333333333333,10,10,0,0.0,0,0,10,,1.6963906018645503,12.000000000011823,58.20000000001073,0,,T11 test phase; undiscounted_return=27.8569528
t12_residual_static_footprint_seed101,t12_residual_static_footprint_seed101-episode-000189,RL-TEB-Eta-FullSafety,t11-test-ood-long-turn,test_ood,101,201,t11_gazebo_formal_v1+T12Safety,e9b9a9e17ac5e7e35d95eec2a7ad7c7667049da7,true,{},6dfce59e677b9c3b994ea1e0ce41707511bb357cfeebcf40b8606961c2e9dc59,7bd16763e0c650dd14798c7b42d22c312d871906ff5cae53e5f8ed1e9de71f4f,gazebo,true,false,true,false,goal,5.832676868129454,8.75,0.9281647814320678,0.13697712704929235,,,30.0,0.0,12,0.04406151090190337,12,0,0,0.0,0,0,12,,1.392536332180801,8.999999999995604,83.33333333337123,0,,T11 test phase; undiscounted_return=28.6010354
t12_residual_static_footprint_seed101,t12_residual_static_footprint_seed101-episode-000190,RL-TEB-Eta-FullSafety,t11-test-ood-obstacle-offset,test_ood,101,201,t11_gazebo_formal_v1+T12Safety,e9b9a9e17ac5e7e35d95eec2a7ad7c7667049da7,true,{},6dfce59e677b9c3b994ea1e0ce41707511bb357cfeebcf40b8606961c2e9dc59,7bd16763e0c650dd14798c7b42d22c312d871906ff5cae53e5f8ed1e9de71f4f,gazebo,true,false,true,false,goal,6.13891745410956,8.738000000000056,0.9390023038425565,0.09307724832386846,,,0.3791623603505751,0.0,12,4.946753590904882,12,11,0,0.0,0,0,12,,1.3971680843193706,14.833333333304685,85.49999999998666,0,,T11 test phase; undiscounted_return=28.9529694
t12_residual_static_footprint_seed101,t12_residual_static_footprint_seed101-episode-000191,RL-TEB-Eta-FullSafety,t11-test-ood-narrow-corridor,test_ood,101,201,t11_gazebo_formal_v1+T12Safety,e9b9a9e17ac5e7e35d95eec2a7ad7c7667049da7,true,{},6dfce59e677b9c3b994ea1e0ce41707511bb357cfeebcf40b8606961c2e9dc59,7bd16763e0c650dd14798c7b42d22c312d871906ff5cae53e5f8ed1e9de71f4f,gazebo,true,false,true,false,goal,5.0934594418332075,7.019999999999982,0.9964701446145544,0.01626047747611396,,,0.3544666259336067,0.0,10,4.933333333333333,10,10,0,0.0,0,0,10,,1.1608790009631775,12.599999999997635,83.19999999994252,0,,T11 test phase; undiscounted_return=26.1229349
