run_id,episode_id,algorithm,scene_id,scene_split,training_seed,seed,config_version,git_commit,git_dirty,submodule_commits_json,policy_checkpoint_sha256,scenario_manifest_sha256,localization_mode,success,collision,terminated,truncated,termination_reason,path_length,navigation_time,path_efficiency,smoothness,linear_acc_rms,angular_acc_rms,min_obstacle_distance,near_collision_time_ratio,parameter_adjustment_count,parameter_total_variation,projection_intervention_count,safety_filter_intervention_count,safety_fallback_count,fallback_duration,fallback_recovery_count,planner_failure_count,candidate_parameter_violation_count,semantic_direction_consistency,inference_latency_mean,parameter_write_latency_mean,parameter_activation_latency_mean,operator_intervention_count,bag_uri,notes
t11_semantic_eta_fullsafety_seed105,t11_semantic_eta_fullsafety_seed105-episode-000001,RL-TEB-Semantic-Eta,t11-train-clear-straight,train,105,105,t11_gazebo_formal_v1+FullSafety,e9b9a9e17ac5e7e35d95eec2a7ad7c7667049da7,true,{},,7bd16763e0c650dd14798c7b42d22c312d871906ff5cae53e5f8ed1e9de71f4f,gazebo,true,false,true,false,goal,2.5270722589992087,3.162,0.9976080613056829,0.14753668230733996,,,30.0,0.0,3,0.5666510091499707,0,0,0,0.0,0,0,0,,0.0,41.33333333333337,98.00000000000016,0,,T11 train phase; undiscounted_return=17.6853487
t11_semantic_eta_fullsafety_seed105,t11_semantic_eta_fullsafety_seed105-episode-000002,RL-TEB-Semantic-Eta,t11-train-clear-straight,train,105,105,t11_gazebo_formal_v1+FullSafety,e9b9a9e17ac5e7e35d95eec2a7ad7c7667049da7,true,{},,7bd16763e0c650dd14798c7b42d22c312d871906ff5cae53e5f8ed1e9de71f4f,gazebo,true,false,true,false,goal,2.5771376727779134,3.248,1.0008083381382191,0.1938756001835368,,,30.0,0.0,3,1.1226901624656005,1,0,0,0.0,0,0,1,,0.0,37.33333333333366,109.33333333333371,0,,T11 train phase; undiscounted_return=17.3936496
t11_semantic_eta_fullsafety_seed105,t11_semantic_eta_fullsafety_seed105-episode-000003,RL-TEB-Semantic-Eta,t11-train-clear-straight,train,105,105,t11_gazebo_formal_v1+FullSafety,e9b9a9e17ac5e7e35d95eec2a7ad7c7667049da7,true,{},,7bd16763e0c650dd14798c7b42d22c312d871906ff5cae53e5f8ed1e9de71f4f,gazebo,true,false,true,false,goal,2.522249460311603,3.2319999999999993,0.9933894770083279,0.253814436520421,,,30.0,0.0,4,2.468375987217178,3,0,0,0.0,0,0,3,,0.0,33.99999999999981,80.49999999999936,0,,T11 train phase; undiscounted_return=18.6999558
t11_semantic_eta_fullsafety_seed105,t11_semantic_eta_fullsafety_seed105-episode-000004,RL-TEB-Semantic-Eta,t11-train-clear-straight,train,105,105,t11_gazebo_formal_v1+FullSafety,e9b9a9e17ac5e7e35d95eec2a7ad7c7667049da7,true,{},,7bd16763e0c650dd14798c7b42d22c312d871906ff5cae53e5f8ed1e9de71f4f,gazebo,true,false,true,false,goal,2.5821908540496987,3.3499999999999996,1.0011356561984581,0.19777565465844626,,,30.0,0.0,4,2.575528074141875,2,0,0,0.0,0,0,2,,0.0,31.999999999999584,59.00000000000016,0,,T11 train phase; undiscounted_return=18.8372929
t11_semantic_eta_fullsafety_seed105,t11_semantic_eta_fullsafety_seed105-episode-000005,RL-TEB-Semantic-Eta,t11-train-clear-straight,train,105,105,t11_gazebo_formal_v1+FullSafety,e9b9a9e17ac5e7e35d95eec2a7ad7c7667049da7,true,{},,7bd16763e0c650dd14798c7b42d22c312d871906ff5cae53e5f8ed1e9de71f4f,gazebo,true,false,true,false,goal,2.473456557494512,3.346,1.001100768392739,0.3141150804041912,,,30.0,0.0,4,3.504020240024127,3,0,0,0.0,0,0,3,,0.0,33.50000000000097,81.0000000000004,0,,T11 train phase; undiscounted_return=18.2458726
t11_semantic_eta_fullsafety_seed105,t11_semantic_eta_fullsafety_seed105-episode-000006,RL-TEB-Semantic-Eta,t11-train-clear-straight,train,105,105,t11_gazebo_formal_v1+FullSafety,e9b9a9e17ac5e7e35d95eec2a7ad7c7667049da7,true,{},,7bd16763e0c650dd14798c7b42d22c312d871906ff5cae53e5f8ed1e9de71f4f,gazebo,true,false,true,false,goal,2.562264718134674,3.1580000000000013,1.0011035807936515,0.21454692667630432,,,30.0,0.0,4,2.007993075846723,1,0,0,0.0,0,0,1,,0.0,33.500000000000085,60.50000000000022,0,,T11 train phase; undiscounted_return=19.1989655
t11_semantic_eta_fullsafety_seed105,t11_semantic_eta_fullsafety_seed105-episode-000007,RL-TEB-Semantic-Eta,t11-train-clear-straight,train,105,105,t11_gazebo_formal_v1+FullSafety,e9b9a9e17ac5e7e35d95eec2a7ad7c7667049da7,true,{},,7bd16763e0c650dd14798c7b42d22c312d871906ff5cae53e5f8ed1e9de71f4f,gazebo,true,false,true,false,goal,2.5300574726874983,3.248000000000001,0.9986299377430597,0.1344367929348372,,,30.0,0.0,3,1.0699978263328842,1,0,0,0.0,0,0,1,,0.0,35.33333333333388,78.66666666666688,0,,T11 train phase; undiscounted_return=17.911775
t11_semantic_eta_fullsafety_seed105,t11_semantic_eta_fullsafety_seed105-episode-000008,RL-TEB-Semantic-Eta,t11-train-clear-straight,train,105,105,t11_gazebo_formal_v1+FullSafety,e9b9a9e17ac5e7e35d95eec2a7ad7c7667049da7,true,{},,7bd16763e0c650dd14798c7b42d22c312d871906ff5cae53e5f8ed1e9de71f4f,gazebo,true,false,true,false,goal,2.5389755893925585,3.2560000000000002,1.0007251213956627,0.19898558301111008,,,30.0,0.0,4,2.7412577145276114,3,0,0,0.0,0,0,3,,0.0,31.500000000001194,72.49999999999801,0,,T11 train phase; undiscounted_return=18.6906443
t11_semantic_eta_fullsafety_seed105,t11_semantic_eta_fullsafety_seed105-episode-000009,RL-TEB-Semantic-Eta,t11-train-clear-straight,train,105,105,t11_gazebo_formal_v1+FullSafety,e9b9a9e17ac5e7e35d95eec2a7ad7c7667049da7,true,{},,7bd16763e0c650dd14798c7b42d22c312d871906ff5cae53e5f8ed1e9de71f4f,gazebo,true,false,true,false,goal,2.5419292123911212,3.2340000000000018,0.9981541580642824,0.14670046320676614,,,30.0,0.0,3,1.6146944574946291,1,0,0,0.0,0,0,1,,0.0,44.000000000004036,77.33333333333547,0,,T11 train phase; undiscounted_return=17.6926626
t11_semantic_eta_fullsafety_seed105,t11_semantic_eta_fullsafety_seed105-episode-000010,RL-TEB-Semantic-Eta,t11-train-clear-straight,train,105,105,t11_gazebo_formal_v1+FullSafety,e9b9a9e17ac5e7e35d95eec2a7ad7c7667049da7,true,{},,7bd16763e0c650dd14798c7b42d22c312d871906ff5cae53e5f8ed1e9de71f4f,gazebo,true,false,true,false,goal,2.556356211045913,3.25,1.0000040711768905,0.26648020606775147,,,30.0,0.0,4,2.300268075422644,3,0,0,0.0,0,0,3,,0.0,33.00000000000125,57.99999999999983,0,,T11 train phase; undiscounted_return=18.7923336
t11_semantic_eta_fullsafety_seed105,t11_semantic_eta_fullsafety_seed105-episode-000011,RL-TEB-Semantic-Eta,t11-train-clear-straight,train,105,105,t11_gazebo_formal_v1+FullSafety,e9b9a9e17ac5e7e35d95eec2a7ad7c7667049da7,true,{},,7bd16763e0c650dd14798c7b42d22c312d871906ff5cae53e5f8ed1e9de71f4f,gazebo,true,false,true,false,goal,2.460327928771842,3.155999999999999,1.00063417759804,0.15902038019854903,,,30.0,0.0,4,3.2032360995952143,4,0,0,0.0,0,0,4,,0.0,28.000000000002245,73.50000000000101,0,,T11 train phase; undiscounted_return=18.4905757
t11_semantic_eta_fullsafety_seed105,t11_semantic_eta_fullsafety_seed105-episode-000012,RL-TEB-Semantic-Eta,t11-train-clear-straight,train,105,105,t11_gazebo_formal_v1+FullSafety,e9b9a9e17ac5e7e35d95eec2a7ad7c7667049da7,true,{},,7bd16763e0c650dd14798c7b42d22c312d871906ff5cae53e5f8ed1e9de71f4f,gazebo,true,false,true,false,goal,2.5372079953286715,3.246000000000002,1.0009535817252542,0.16336947104823923,,,30.0,0.0,4,3.0480766400588606,3,0,0,0.0,0,0,3,,0.0,35.00000000000014,69.00000000000084,0,,T11 train phase; undiscounted_return=19.2548147
t11_semantic_eta_fullsafety_seed105,t11_semantic_eta_fullsafety_seed105-episode-000013,RL-TEB-Semantic-Eta,t11-train-clear-straight,train,105,105,t11_gazebo_formal_v1+FullSafety,e9b9a9e17ac5e7e35d95eec2a7ad7c7667049da7,true,{},,7bd16763e0c650dd14798c7b42d22c312d871906ff5cae53e5f8ed1e9de71f4f,gazebo,true,false,true,false,goal,2.4565441210154817,3.1380000000000052,1.0008337295851553,0.1800770629058451,,,30.0,0.0,4,2.1381633935327797,1,0,0,0.0,0,0,1,,0.0,32.49999999999886,55.50000000000033,0,,T11 train phase; undiscounted_return=18.6899037
t11_semantic_eta_fullsafety_seed105,t11_semantic_eta_fullsafety_seed105-episode-000014,RL-TEB-Semantic-Eta,t11-train-clear-straight,train,105,105,t11_gazebo_formal_v1+FullSafety,e9b9a9e17ac5e7e35d95eec2a7ad7c7667049da7,true,{},,7bd16763e0c650dd14798c7b42d22c312d871906ff5cae53e5f8ed1e9de71f4f,gazebo,true,false,true,false,goal,2.461921932300064,3.152000000000001,1.0000874508987594,0.16454314770799863,,,30.0,0.0,4,2.5078615541199567,2,0,0,0.0,0,0,2,,0.0,36.5000000000002,59.50000000000166,0,,T11 train phase; undiscounted_return=18.731527
t11_semantic_eta_fullsafety_seed105,t11_semantic_eta_fullsafety_seed105-episode-000015,RL-TEB-Semantic-Eta,t11-train-clear-straight,train,105,105,t11_gazebo_formal_v1+FullSafety,e9b9a9e17ac5e7e35d95eec2a7ad7c7667049da7,true,{},,7bd16763e0c650dd14798c7b42d22c312d871906ff5cae53e5f8ed1e9de71f4f,gazebo,true,false,true,false,goal,2.572372354861535,3.2439999999999998,1.0002933105688008,0.2146006611669775,,,30.0,0.0,4,2.702417737414805,1,0,0,0.0,0,0,1,,0.0,34.000000000000696,43.99999999999871,0,,T11 train phase; undiscounted_return=19.3003377
t11_semantic_eta_fullsafety_seed105,t11_semantic_eta_fullsafety_seed105-episode-000016,RL-TEB-Semantic-Eta,t11-train-clear-straight,train,105,105,t11_gazebo_formal_v1+FullSafety,e9b9a9e17ac5e7e35d95eec2a7ad7c7667049da7,true,{},,7bd16763e0c650dd14798c7b42d22c312d871906ff5cae53e5f8ed1e9de71f4f,gazebo,true,false,true,false,goal,2.5437025332554395,3.2580000000000098,0.9971431276668803,0.20671558932620088,,,30.0,0.0,4,2.910308737587207,2,0,0,0.0,0,0,2,,0.0,33.00000000000125,83.49999999999724,0,,T11 train phase; undiscounted_return=18.6629634
t11_semantic_eta_fullsafety_seed105,t11_semantic_eta_fullsafety_seed105-episode-000017,RL-TEB-Semantic-Eta,t11-train-clear-straight,train,105,105,t11_gazebo_formal_v1+FullSafety,e9b9a9e17ac5e7e35d95eec2a7ad7c7667049da7,true,{},,7bd16763e0c650dd14798c7b42d22c312d871906ff5cae53e5f8ed1e9de71f4f,gazebo,true,false,true,false,goal,2.4103844631646982,3.2519999999999953,0.9985766486770883,0.1614775888357425,,,30.0,0.0,4,1.1943501684044127,0,0,0,0.0,0,0,0,,0.0,35.00000000000014,46.50000000000176,0,,T11 train phase; undiscounted_return=18.5330774
t11_semantic_eta_fullsafety_seed105,t11_semantic_eta_fullsafety_seed105-episode-000018,RL-TEB-Semantic-Eta,t11-train-clear-straight,train,105,105,t11_gazebo_formal_v1+FullSafety,e9b9a9e17ac5e7e35d95eec2a7ad7c7667049da7,true,{},,7bd16763e0c650dd14798c7b42d22c312d871906ff5cae53e5f8ed1e9de71f4f,gazebo,true,false,true,false,goal,2.537580120500132,3.2620000000000005,1.000969045469244,0.21493917271007207,,,30.0,0.0,3,1.7029422940393797,1,0,0,0.0,0,0,1,,0.0,34.66666666667114,71.33333333333287,0,,T11 train phase; undiscounted_return=17.4537348
t11_semantic_eta_fullsafety_seed105,t11_semantic_eta_fullsafety_seed105-episode-000019,RL-TEB-Semantic-Eta,t11-train-clear-straight,train,105,105,t11_gazebo_formal_v1+FullSafety,e9b9a9e17ac5e7e35d95eec2a7ad7c7667049da7,true,{},,7bd16763e0c650dd14798c7b42d22c312d871906ff5cae53e5f8ed1e9de71f4f,gazebo,true,false,true,false,goal,2.41445768494371,3.2580000000000098,0.9994642885739055,0.1852273918859355,,,30.0,0.0,3,1.7854333689909982,1,0,0,0.0,0,0,1,,0.0,30.000000000001137,84.00000000000318,0,,T11 train phase; undiscounted_return=17.1348532
t11_semantic_eta_fullsafety_seed105,t11_semantic_eta_fullsafety_seed105-episode-000020,RL-TEB-Semantic-Eta,t11-train-clear-straight,train,105,105,t11_gazebo_formal_v1+FullSafety,e9b9a9e17ac5e7e35d95eec2a7ad7c7667049da7,true,{},,7bd16763e0c650dd14798c7b42d22c312d871906ff5cae53e5f8ed1e9de71f4f,gazebo,true,false,true,false,goal,2.47764691742675,3.4339999999999975,0.9991192799680976,0.18598542422080588,,,30.0,0.0,4,3.4143294879897286,3,0,0,0.0,0,0,3,,0.0,31.49999999999764,105.50000000000281,0,,T11 train phase; undiscounted_return=17.6956216
t11_semantic_eta_fullsafety_seed105,t11_semantic_eta_fullsafety_seed105-episode-000021,RL-TEB-Semantic-Eta,t11-train-clear-straight,train,105,105,t11_gazebo_formal_v1+FullSafety,e9b9a9e17ac5e7e35d95eec2a7ad7c7667049da7,true,{},,7bd16763e0c650dd14798c7b42d22c312d871906ff5cae53e5f8ed1e9de71f4f,gazebo,true,false,true,false,goal,2.438743698354211,3.745999999999995,0.9853569179513215,0.19916949437402418,,,30.0,0.0,4,2.0453558625017116,1,0,0,0.0,0,0,1,,0.0,30.49999999999642,81.99999999999719,0,,T11 train phase; undiscounted_return=18.1809486
t11_semantic_eta_fullsafety_seed105,t11_semantic_eta_fullsafety_seed105-episode-000022,RL-TEB-Semantic-Eta,t11-train-clear-straight,train,105,105,t11_gazebo_formal_v1+FullSafety,e9b9a9e17ac5e7e35d95eec2a7ad7c7667049da7,true,{},,7bd16763e0c650dd14798c7b42d22c312d871906ff5cae53e5f8ed1e9de71f4f,gazebo,true,false,true,false,goal,2.4434938293460298,3.152000000000001,0.9988274229606268,0.1387411357211112,,,30.0,0.0,3,1.0082305206958053,0,0,0,0.0,0,0,0,,0.0,33.33333333333618,134.00000000000034,0,,T11 train phase; undiscounted_return=17.2580563
t11_semantic_eta_fullsafety_seed105,t11_semantic_eta_fullsafety_seed105-episode-000023,RL-TEB-Semantic-Eta,t11-train-clear-straight,train,105,105,t11_gazebo_formal_v1+FullSafety,e9b9a9e17ac5e7e35d95eec2a7ad7c7667049da7,true,{},,7bd16763e0c650dd14798c7b42d22c312d871906ff5cae53e5f8ed1e9de71f4f,gazebo,true,false,true,false,goal,2.4364126604155563,3.1480000000000103,1.001381880580704,0.17481185070470437,,,30.0,0.0,3,2.2485478709855644,1,0,0,0.0,0,0,1,,0.0,34.66666666666166,83.3333333333286,0,,T11 train phase; undiscounted_return=17.1103575
t11_semantic_eta_fullsafety_seed105,t11_semantic_eta_fullsafety_seed105-episode-000024,RL-TEB-Semantic-Eta,t11-train-clear-straight,train,105,105,t11_gazebo_formal_v1+FullSafety,e9b9a9e17ac5e7e35d95eec2a7ad7c7667049da7,true,{},,7bd16763e0c650dd14798c7b42d22c312d871906ff5cae53e5f8ed1e9de71f4f,gazebo,true,false,true,false,goal,2.4673867558782274,3.1500000000000057,0.9979041273717942,0.22283078585051683,,,30.0,0.0,3,1.7538169787440698,3,0,0,0.0,0,0,3,,0.0,28.666666666666174,79.9999999999983,0,,T11 train phase; undiscounted_return=16.896795
t11_semantic_eta_fullsafety_seed105,t11_semantic_eta_fullsafety_seed105-episode-000025,RL-TEB-Semantic-Eta,t11-train-clear-straight,train,105,105,t11_gazebo_formal_v1+FullSafety,e9b9a9e17ac5e7e35d95eec2a7ad7c7667049da7,true,{},,7bd16763e0c650dd14798c7b42d22c312d871906ff5cae53e5f8ed1e9de71f4f,gazebo,true,false,true,false,goal,2.481107683167827,3.25,0.9883664444223089,0.1519551764825248,,,30.0,0.0,3,0.9801718290851076,0,0,0,0.0,0,0,0,,0.0,31.333333333331364,113.99999999999959,0,,T11 train phase; undiscounted_return=17.1279541
t11_semantic_eta_fullsafety_seed105,t11_semantic_eta_fullsafety_seed105-episode-000026,RL-TEB-Semantic-Eta,t11-train-clear-straight,train,105,105,t11_gazebo_formal_v1+FullSafety,e9b9a9e17ac5e7e35d95eec2a7ad7c7667049da7,true,{},,7bd16763e0c650dd14798c7b42d22c312d871906ff5cae53e5f8ed1e9de71f4f,gazebo,true,false,true,false,goal,2.524016559513427,3.260000000000005,1.0013488100643664,0.1436219905625456,,,30.0,0.0,4,2.4214479684523345,3,0,0,0.0,0,0,3,,0.0,35.99999999999781,84.49999999999847,0,,T11 train phase; undiscounted_return=18.7475688
t11_semantic_eta_fullsafety_seed105,t11_semantic_eta_fullsafety_seed105-episode-000027,RL-TEB-Semantic-Eta,t11-train-clear-straight,train,105,105,t11_gazebo_formal_v1+FullSafety,e9b9a9e17ac5e7e35d95eec2a7ad7c7667049da7,true,{},,7bd16763e0c650dd14798c7b42d22c312d871906ff5cae53e5f8ed1e9de71f4f,gazebo,true,false,true,false,goal,2.574887131482453,3.25,1.0010602591725668,0.14419925998552713,,,30.0,0.0,4,3.221595168422856,2,0,0,0.0,0,0,2,,0.0,28.999999999999915,106.49999999999693,0,,T11 train phase; undiscounted_return=18.4099016
t11_semantic_eta_fullsafety_seed105,t11_semantic_eta_fullsafety_seed105-episode-000028,RL-TEB-Semantic-Eta,t11-train-clear-straight,train,105,105,t11_gazebo_formal_v1+FullSafety,e9b9a9e17ac5e7e35d95eec2a7ad7c7667049da7,true,{},,7bd16763e0c650dd14798c7b42d22c312d871906ff5cae53e5f8ed1e9de71f4f,gazebo,true,false,true,false,goal,2.461039829071147,3.343999999999994,0.999578485398012,0.12283540912719196,,,30.0,0.0,4,2.2892369130300114,4,0,0,0.0,0,0,4,,0.0,26.499999999995083,79.9999999999983,0,,T11 train phase; undiscounted_return=17.854646
t11_semantic_eta_fullsafety_seed105,t11_semantic_eta_fullsafety_seed105-episode-000029,RL-TEB-Semantic-Eta,t11-train-clear-straight,train,105,105,t11_gazebo_formal_v1+FullSafety,e9b9a9e17ac5e7e35d95eec2a7ad7c7667049da7,true,{},,7bd16763e0c650dd14798c7b42d22c312d871906ff5cae53e5f8ed1e9de71f4f,gazebo,true,false,true,false,goal,2.4047625388446434,3.1580000000000013,1.0011794714806426,0.18716150673223184,,,30.0,0.0,3,1.8169633920194412,2,0,0,0.0,0,0,2,,0.0,28.666666666666174,82.66666666666349,0,,T11 train phase; undiscounted_return=16.953447
t11_semantic_eta_fullsafety_seed105,t11_semantic_eta_fullsafety_seed105-episode-000030,RL-TEB-Semantic-Eta,t11-train-clear-straight,train,105,105,t11_gazebo_formal_v1+FullSafety,e9b9a9e17ac5e7e35d95eec2a7ad7c7667049da7,true,{},,7bd16763e0c650dd14798c7b42d22c312d871906ff5cae53e5f8ed1e9de71f4f,gazebo,true,false,true,false,goal,2.432073528143387,3.4520000000000124,0.9943479714619894,0.2264101903386454,,,30.0,0.0,4,2.5772931261365755,3,0,0,0.0,0,0,3,,0.0,30.000000000001137,43.50000000000165,0,,T11 train phase; undiscounted_return=18.0715951
t11_semantic_eta_fullsafety_seed105,t11_semantic_eta_fullsafety_seed105-episode-000031,RL-TEB-Semantic-Eta,t11-train-clear-straight,train,105,105,t11_gazebo_formal_v1+FullSafety,e9b9a9e17ac5e7e35d95eec2a7ad7c7667049da7,true,{},,7bd16763e0c650dd14798c7b42d22c312d871906ff5cae53e5f8ed1e9de71f4f,gazebo,true,false,true,false,goal,2.55228252897396,3.245999999999981,1.0002586962929894,0.22904393119152164,,,30.0,0.0,4,1.8553064859825312,3,0,0,0.0,0,0,3,,0.0,30.500000000003524,83.99999999999608,0,,T11 train phase; undiscounted_return=18.5951668
t11_semantic_eta_fullsafety_seed105,t11_semantic_eta_fullsafety_seed105-episode-000032,RL-TEB-Semantic-Eta,t11-train-clear-straight,train,105,105,t11_gazebo_formal_v1+FullSafety,e9b9a9e17ac5e7e35d95eec2a7ad7c7667049da7,true,{},,7bd16763e0c650dd14798c7b42d22c312d871906ff5cae53e5f8ed1e9de71f4f,gazebo,true,false,true,false,goal,2.399491589257265,3.059999999999974,1.0022742411496979,0.13289965538815887,,,30.0,0.0,3,1.7935292772813085,0,0,0,0.0,0,0,0,,0.0,28.000000000010534,99.33333333333394,0,,T11 train phase; undiscounted_return=17.2840998
t11_semantic_eta_fullsafety_seed105,t11_semantic_eta_fullsafety_seed105-episode-000033,RL-TEB-Semantic-Eta,t11-train-clear-straight,train,105,105,t11_gazebo_formal_v1+FullSafety,e9b9a9e17ac5e7e35d95eec2a7ad7c7667049da7,true,{},,7bd16763e0c650dd14798c7b42d22c312d871906ff5cae53e5f8ed1e9de71f4f,gazebo,true,false,true,false,goal,2.525581522080315,3.1520000000000152,0.9978727036823034,0.14564220398830166,,,30.0,0.0,3,1.183093755481496,1,0,0,0.0,0,0,1,,0.0,42.66666666667144,98.66666666667356,0,,T11 train phase; undiscounted_return=17.1891252
t11_semantic_eta_fullsafety_seed105,t11_semantic_eta_fullsafety_seed105-episode-000034,RL-TEB-Semantic-Eta,t11-train-clear-straight,train,105,105,t11_gazebo_formal_v1+FullSafety,e9b9a9e17ac5e7e35d95eec2a7ad7c7667049da7,true,{},,7bd16763e0c650dd14798c7b42d22c312d871906ff5cae53e5f8ed1e9de71f4f,gazebo,true,false,true,false,goal,2.435787210810842,3.147999999999996,1.0007466092787565,0.1730120724255677,,,30.0,0.0,3,2.259956927377827,1,0,0,0.0,0,0,1,,0.0,32.66666666666159,114.66666666667417,0,,T11 train phase; undiscounted_return=17.177428
t11_semantic_eta_fullsafety_seed105,t11_semantic_eta_fullsafety_seed105-episode-000035,RL-TEB-Semantic-Eta,t11-train-clear-straight,train,105,105,t11_gazebo_formal_v1+FullSafety,e9b9a9e17ac5e7e35d95eec2a7ad7c7667049da7,true,{},,7bd16763e0c650dd14798c7b42d22c312d871906ff5cae53e5f8ed1e9de71f4f,gazebo,true,false,true,false,goal,2.521204942894726,3.162000000000006,0.9994158792878851,0.08500578798186412,,,30.0,0.0,3,1.8509222454236318,1,0,0,0.0,0,0,1,,0.0,39.33333333334114,134.66666666667493,0,,T11 train phase; undiscounted_return=17.5023758
t11_semantic_eta_fullsafety_seed105,t11_semantic_eta_fullsafety_seed105-episode-000036,RL-TEB-Semantic-Eta,t11-train-clear-straight,train,105,105,t11_gazebo_formal_v1+FullSafety,e9b9a9e17ac5e7e35d95eec2a7ad7c7667049da7,true,{},,7bd16763e0c650dd14798c7b42d22c312d871906ff5cae53e5f8ed1e9de71f4f,gazebo,true,false,true,false,goal,2.536682137305455,3.2460000000000093,1.00148329441589,0.1386787806012405,,,30.0,0.0,3,2.257291017251911,1,0,0,0.0,0,0,1,,0.0,26.00000000001046,78.66666666667281,0,,T11 train phase; undiscounted_return=17.5169559
t11_semantic_eta_fullsafety_seed105,t11_semantic_eta_fullsafety_seed105-episode-000037,RL-TEB-Semantic-Eta,t11-train-clear-straight,train,105,105,t11_gazebo_formal_v1+FullSafety,e9b9a9e17ac5e7e35d95eec2a7ad7c7667049da7,true,{},,7bd16763e0c650dd14798c7b42d22c312d871906ff5cae53e5f8ed1e9de71f4f,gazebo,true,false,true,false,goal,2.4960610748219785,3.1399999999999864,1.0009398928099893,0.21128996693366767,,,30.0,0.0,4,2.2187930796461557,1,0,0,0.0,0,0,1,,0.0,27.999999999998693,81.00000000000307,0,,T11 train phase; undiscounted_return=18.2228588
t11_semantic_eta_fullsafety_seed105,t11_semantic_eta_fullsafety_seed105-episode-000038,RL-TEB-Semantic-Eta,t11-train-clear-straight,train,105,105,t11_gazebo_formal_v1+FullSafety,e9b9a9e17ac5e7e35d95eec2a7ad7c7667049da7,true,{},,7bd16763e0c650dd14798c7b42d22c312d871906ff5cae53e5f8ed1e9de71f4f,gazebo,true,false,true,false,goal,2.527950866840722,3.147999999999996,1.0015807899823652,0.15307834445590812,,,30.0,0.0,3,1.036910906785603,2,0,0,0.0,0,0,2,,0.0,29.999999999991662,97.99999999999424,0,,T11 train phase; undiscounted_return=17.620758
t11_semantic_eta_fullsafety_seed105,t11_semantic_eta_fullsafety_seed105-episode-000039,RL-TEB-Semantic-Eta,t11-train-clear-straight,train,105,105,t11_gazebo_formal_v1+FullSafety,e9b9a9e17ac5e7e35d95eec2a7ad7c7667049da7,true,{},,7bd16763e0c650dd14798c7b42d22c312d871906ff5cae53e5f8ed1e9de71f4f,gazebo,true,false,true,false,goal,2.5431388403893127,3.2579999999999814,1.0009650432813255,0.19734833576184835,,,30.0,0.0,4,2.1543593415443727,0,0,0,0.0,0,0,0,,0.0,32.50000000000597,96.49999999999892,0,,T11 train phase; undiscounted_return=18.908499
t11_semantic_eta_fullsafety_seed105,t11_semantic_eta_fullsafety_seed105-episode-000040,RL-TEB-Semantic-Eta,t11-train-clear-straight,train,105,105,t11_gazebo_formal_v1+FullSafety,e9b9a9e17ac5e7e35d95eec2a7ad7c7667049da7,true,{},,7bd16763e0c650dd14798c7b42d22c312d871906ff5cae53e5f8ed1e9de71f4f,gazebo,true,false,true,false,goal,2.592488806083131,3.358000000000004,0.998998704136756,0.16055835250241082,,,30.0,0.0,4,3.1362835470170296,2,0,0,0.0,0,0,2,,0.0,29.99999999999403,83.99999999999608,0,,T11 train phase; undiscounted_return=18.888972
t11_semantic_eta_fullsafety_seed105,t11_semantic_eta_fullsafety_seed105-episode-000041,RL-TEB-Semantic-Eta,t11-train-clear-straight,train,105,105,t11_gazebo_formal_v1+FullSafety,e9b9a9e17ac5e7e35d95eec2a7ad7c7667049da7,true,{},,7bd16763e0c650dd14798c7b42d22c312d871906ff5cae53e5f8ed1e9de71f4f,gazebo,true,false,true,false,goal,2.4148852128087994,3.25,0.9991075197254371,0.4004714857174982,,,30.0,0.0,4,2.48135888619918,3,0,0,0.0,0,0,3,,0.0,34.99999999999659,105.99999999999454,0,,T11 train phase; undiscounted_return=17.6478888
t11_semantic_eta_fullsafety_seed105,t11_semantic_eta_fullsafety_seed105-episode-000042,RL-TEB-Semantic-Eta,t11-train-clear-straight,train,105,105,t11_gazebo_formal_v1+FullSafety,e9b9a9e17ac5e7e35d95eec2a7ad7c7667049da7,true,{},,7bd16763e0c650dd14798c7b42d22c312d871906ff5cae53e5f8ed1e9de71f4f,gazebo,true,false,true,false,goal,2.4769316231953447,3.248000000000019,1.0003850663274754,0.15247893379999347,,,30.0,0.0,3,2.2610259422222754,2,0,0,0.0,0,0,2,,0.0,32.66666666666159,113.33333333334394,0,,T11 train phase; undiscounted_return=17.3226221
t11_semantic_eta_fullsafety_seed105,t11_semantic_eta_fullsafety_seed105-episode-000043,RL-TEB-Semantic-Eta,t11-train-clear-straight,train,105,105,t11_gazebo_formal_v1+FullSafety,e9b9a9e17ac5e7e35d95eec2a7ad7c7667049da7,true,{},,7bd16763e0c650dd14798c7b42d22c312d871906ff5cae53e5f8ed1e9de71f4f,gazebo,true,false,true,false,goal,2.5294801716476054,3.358000000000004,0.9995264010077793,0.14838147579306152,,,30.0,0.0,3,1.992313215885234,2,0,0,0.0,0,0,2,,0.0,32.66666666665211,113.333333333325,0,,T11 train phase; undiscounted_return=17.0734483
t11_semantic_eta_fullsafety_seed105,t11_semantic_eta_fullsafety_seed105-episode-000044,RL-TEB-Semantic-Eta,t11-train-clear-straight,train,105,105,t11_gazebo_formal_v1+FullSafety,e9b9a9e17ac5e7e35d95eec2a7ad7c7667049da7,true,{},,7bd16763e0c650dd14798c7b42d22c312d871906ff5cae53e5f8ed1e9de71f4f,gazebo,true,false,true,false,goal,2.5759248147383533,3.2439999999999998,1.000114953362739,0.22178302156075788,,,30.0,0.0,4,1.6172388291583455,1,0,0,0.0,0,0,1,,0.0,29.000000000003467,31.49999999999409,0,,T11 train phase; undiscounted_return=19.2717529
t11_semantic_eta_fullsafety_seed105,t11_semantic_eta_fullsafety_seed105-episode-000045,RL-TEB-Semantic-Eta,t11-train-clear-straight,train,105,105,t11_gazebo_formal_v1+FullSafety,e9b9a9e17ac5e7e35d95eec2a7ad7c7667049da7,true,{},,7bd16763e0c650dd14798c7b42d22c312d871906ff5cae53e5f8ed1e9de71f4f,gazebo,true,false,true,false,goal,2.491950041172352,3.2460000000000093,1.0008710346477374,0.09002432489838201,,,30.0,0.0,3,1.9772150758218536,2,0,0,0.0,0,0,2,,0.0,32.66666666666159,111.3333333333344,0,,T11 train phase; undiscounted_return=17.2394174
t11_semantic_eta_fullsafety_seed105,t11_semantic_eta_fullsafety_seed105-episode-000046,RL-TEB-Semantic-Eta,t11-train-clear-straight,train,105,105,t11_gazebo_formal_v1+FullSafety,e9b9a9e17ac5e7e35d95eec2a7ad7c7667049da7,true,{},,7bd16763e0c650dd14798c7b42d22c312d871906ff5cae53e5f8ed1e9de71f4f,gazebo,true,false,true,false,goal,2.4955772551457565,3.147999999999996,0.9994377001535424,0.14399544882227022,,,30.0,0.0,3,1.5089869049100078,1,0,0,0.0,0,0,1,,0.0,41.333333333322265,132.6666666666559,0,,T11 train phase; undiscounted_return=17.2331593
t11_semantic_eta_fullsafety_seed105,t11_semantic_eta_fullsafety_seed105-episode-000047,RL-TEB-Semantic-Eta,t11-train-clear-straight,train,105,105,t11_gazebo_formal_v1+FullSafety,e9b9a9e17ac5e7e35d95eec2a7ad7c7667049da7,true,{},,7bd16763e0c650dd14798c7b42d22c312d871906ff5cae53e5f8ed1e9de71f4f,gazebo,true,false,true,false,goal,2.533518556392845,3.2579999999999814,0.9985503021033758,0.23664431345552764,,,30.0,0.0,4,2.0365592026863037,3,0,0,0.0,0,0,3,,0.0,27.999999999998693,70.99999999999795,0,,T11 train phase; undiscounted_return=18.2912401
t11_semantic_eta_fullsafety_seed105,t11_semantic_eta_fullsafety_seed105-episode-000048,RL-TEB-Semantic-Eta,t11-train-clear-straight,train,105,105,t11_gazebo_formal_v1+FullSafety,e9b9a9e17ac5e7e35d95eec2a7ad7c7667049da7,true,{},,7bd16763e0c650dd14798c7b42d22c312d871906ff5cae53e5f8ed1e9de71f4f,gazebo,true,false,true,false,goal,2.488432457075068,3.2319999999999993,0.9997605396285438,0.21131827218224608,,,30.0,0.0,4,2.9158279239714346,2,0,0,0.0,0,0,2,,0.0,27.999999999998693,91.00000000000108,0,,T11 train phase; undiscounted_return=18.1136547
t11_semantic_eta_fullsafety_seed105,t11_semantic_eta_fullsafety_seed105-episode-000049,RL-TEB-Semantic-Eta,t11-train-clear-straight,train,105,105,t11_gazebo_formal_v1+FullSafety,e9b9a9e17ac5e7e35d95eec2a7ad7c7667049da7,true,{},,7bd16763e0c650dd14798c7b42d22c312d871906ff5cae53e5f8ed1e9de71f4f,gazebo,true,false,true,false,goal,2.566519536292194,3.2479999999999905,0.9997469220519761,0.24525472308930502,,,30.0,0.0,3,1.7981325139756945,1,0,0,0.0,0,0,1,,0.0,26.000000000000984,96.00000000000364,0,,T11 train phase; undiscounted_return=17.2524851
t11_semantic_eta_fullsafety_seed105,t11_semantic_eta_fullsafety_seed105-episode-000050,RL-TEB-Semantic-Eta,t11-train-clear-straight,train,105,105,t11_gazebo_formal_v1+FullSafety,e9b9a9e17ac5e7e35d95eec2a7ad7c7667049da7,true,{},,7bd16763e0c650dd14798c7b42d22c312d871906ff5cae53e5f8ed1e9de71f4f,gazebo,true,false,true,false,goal,2.477817969564454,3.2420000000000186,0.9984498385259104,0.13597822928962042,,,30.0,0.0,3,1.7998333268378774,1,0,0,0.0,0,0,1,,0.0,32.66666666667106,113.33333333333447,0,,T11 train phase; undiscounted_return=16.903999
t11_semantic_eta_fullsafety_seed105,t11_semantic_eta_fullsafety_seed105-episode-000051,RL-TEB-Semantic-Eta,t11-train-clear-straight,train,105,105,t11_gazebo_formal_v1+FullSafety,e9b9a9e17ac5e7e35d95eec2a7ad7c7667049da7,true,{},,7bd16763e0c650dd14798c7b42d22c312d871906ff5cae53e5f8ed1e9de71f4f,gazebo,true,false,true,false,goal,2.585491870714624,3.23599999999999,1.0001808841814863,0.08060571364625951,,,30.0,0.0,3,2.1467359562362693,1,0,0,0.0,0,0,1,,0.0,29.333333333321814,96.66666666666401,0,,T11 train phase; undiscounted_return=17.4735582
t11_semantic_eta_fullsafety_seed105,t11_semantic_eta_fullsafety_seed105-episode-000052,RL-TEB-Semantic-Eta,t11-train-clear-straight,train,105,105,t11_gazebo_formal_v1+FullSafety,e9b9a9e17ac5e7e35d95eec2a7ad7c7667049da7,true,{},,7bd16763e0c650dd14798c7b42d22c312d871906ff5cae53e5f8ed1e9de71f4f,gazebo,true,false,true,false,goal,2.4978455302349243,3.160000000000025,1.001193242716338,0.197157215305934,,,30.0,0.0,3,1.3568980199131306,3,0,0,0.0,0,0,3,,0.0,36.000000000010836,100.0000000000038,0,,T11 train phase; undiscounted_return=17.2755993
t11_semantic_eta_fullsafety_seed105,t11_semantic_eta_fullsafety_seed105-episode-000053,RL-TEB-Semantic-Eta,t11-train-clear-straight,train,105,105,t11_gazebo_formal_v1+FullSafety,e9b9a9e17ac5e7e35d95eec2a7ad7c7667049da7,true,{},,7bd16763e0c650dd14798c7b42d22c312d871906ff5cae53e5f8ed1e9de71f4f,gazebo,true,false,true,false,goal,2.472978114410578,3.2479999999999905,0.9999649049161492,0.17670300224882465,,,30.0,0.0,4,1.9844573178223424,3,0,0,0.0,0,0,3,,0.0,30.49999999999642,83.5000000000008,0,,T11 train phase; undiscounted_return=18.128839
t11_semantic_eta_fullsafety_seed105,t11_semantic_eta_fullsafety_seed105-episode-000054,RL-TEB-Semantic-Eta,t11-train-clear-straight,train,105,105,t11_gazebo_formal_v1+FullSafety,e9b9a9e17ac5e7e35d95eec2a7ad7c7667049da7,true,{},,7bd16763e0c650dd14798c7b42d22c312d871906ff5cae53e5f8ed1e9de71f4f,gazebo,true,false,true,false,goal,2.5751818765332293,3.2579999999999814,1.0007492301636707,0.14944322638229485,,,30.0,0.0,3,1.4938858335442529,0,0,0,0.0,0,0,0,,0.0,31.333333333340835,99.99999999999432,0,,T11 train phase; undiscounted_return=17.1925001
t11_semantic_eta_fullsafety_seed105,t11_semantic_eta_fullsafety_seed105-episode-000055,RL-TEB-Semantic-Eta,t11-train-clear-straight,train,105,105,t11_gazebo_formal_v1+FullSafety,e9b9a9e17ac5e7e35d95eec2a7ad7c7667049da7,true,{},,7bd16763e0c650dd14798c7b42d22c312d871906ff5cae53e5f8ed1e9de71f4f,gazebo,true,false,true,false,goal,2.4465754553025563,3.2479999999999905,0.9988426904638846,0.1892558736245321,,,30.0,0.0,3,2.3724275173907907,2,0,0,0.0,0,0,2,,0.0,30.000000000001137,113.333333333325,0,,T11 train phase; undiscounted_return=16.9880929
t11_semantic_eta_fullsafety_seed105,t11_semantic_eta_fullsafety_seed105-episode-000056,RL-TEB-Semantic-Eta,t11-train-clear-straight,train,105,105,t11_gazebo_formal_v1+FullSafety,e9b9a9e17ac5e7e35d95eec2a7ad7c7667049da7,true,{},,7bd16763e0c650dd14798c7b42d22c312d871906ff5cae53e5f8ed1e9de71f4f,gazebo,true,false,true,false,goal,2.5283950960749193,3.2520000000000095,1.0009857007034964,0.2718688552222212,,,30.0,0.0,4,2.191064438582398,3,0,0,0.0,0,0,3,,0.0,31.999999999996476,57.49999999999744,0,,T11 train phase; undiscounted_return=19.0203077
t11_semantic_eta_fullsafety_seed105,t11_semantic_eta_fullsafety_seed105-episode-000057,RL-TEB-Semantic-Eta,t11-train-clear-straight,train,105,105,t11_gazebo_formal_v1+FullSafety,e9b9a9e17ac5e7e35d95eec2a7ad7c7667049da7,true,{},,7bd16763e0c650dd14798c7b42d22c312d871906ff5cae53e5f8ed1e9de71f4f,gazebo,true,false,true,false,goal,2.5459600358474823,3.3559999999999945,0.9981847648617986,0.21689962986848088,,,30.0,0.0,4,3.9440297410441647,2,0,0,0.0,0,0,2,,0.0,27.999999999998693,72.00000000000273,0,,T11 train phase; undiscounted_return=18.6749701
t11_semantic_eta_fullsafety_seed105,t11_semantic_eta_fullsafety_seed105-episode-000058,RL-TEB-Semantic-Eta,t11-train-clear-straight,train,105,105,t11_gazebo_formal_v1+FullSafety,e9b9a9e17ac5e7e35d95eec2a7ad7c7667049da7,true,{},,7bd16763e0c650dd14798c7b42d22c312d871906ff5cae53e5f8ed1e9de71f4f,gazebo,true,false,true,false,goal,2.43073708558907,3.157999999999987,1.0001487314612514,0.16790881665656096,,,30.0,0.0,3,1.3692674509603215,1,0,0,0.0,0,0,1,,0.0,31.99999999999174,86.66666666667311,0,,T11 train phase; undiscounted_return=16.9934561
t11_semantic_eta_fullsafety_seed105,t11_semantic_eta_fullsafety_seed105-episode-000059,RL-TEB-Semantic-Eta,t11-train-clear-straight,train,105,105,t11_gazebo_formal_v1+FullSafety,e9b9a9e17ac5e7e35d95eec2a7ad7c7667049da7,true,{},,7bd16763e0c650dd14798c7b42d22c312d871906ff5cae53e5f8ed1e9de71f4f,gazebo,true,false,true,false,goal,2.427878097636187,3.137999999999977,1.0012750287187449,0.09001422155707701,,,30.0,0.0,3,2.513223808255384,2,0,0,0.0,0,0,2,,0.0,32.66666666666159,112.66666666665515,0,,T11 train phase; undiscounted_return=17.0013101
t11_semantic_eta_fullsafety_seed105,t11_semantic_eta_fullsafety_seed105-episode-000060,RL-TEB-Semantic-Eta,t11-train-clear-straight,train,105,105,t11_gazebo_formal_v1+FullSafety,e9b9a9e17ac5e7e35d95eec2a7ad7c7667049da7,true,{},,7bd16763e0c650dd14798c7b42d22c312d871906ff5cae53e5f8ed1e9de71f4f,gazebo,true,false,true,false,goal,2.5158614053646735,3.0459999999999923,1.003108688620404,0.1471767212530517,,,30.0,0.0,3,1.2234204033194362,0,0,0,0.0,0,0,0,,0.0,29.333333333331286,97.33333333333387,0,,T11 train phase; undiscounted_return=16.9939981
t11_semantic_eta_fullsafety_seed105,t11_semantic_eta_fullsafety_seed105-episode-000061,RL-TEB-Semantic-Eta,t11-train-clear-straight,train,105,105,t11_gazebo_formal_v1+FullSafety,e9b9a9e17ac5e7e35d95eec2a7ad7c7667049da7,true,{},,7bd16763e0c650dd14798c7b42d22c312d871906ff5cae53e5f8ed1e9de71f4f,gazebo,true,false,true,false,goal,2.5925770672551356,3.1639999999999873,1.0026390712633022,0.19695807410441596,,,30.0,0.0,3,1.6207298274640853,2,0,0,0.0,0,0,2,,0.0,28.66666666667091,69.99999999999318,0,,T11 train phase; undiscounted_return=17.6549871
t11_semantic_eta_fullsafety_seed105,t11_semantic_eta_fullsafety_seed105-episode-000062,RL-TEB-Semantic-Eta,t11-train-clear-straight,train,105,105,t11_gazebo_formal_v1+FullSafety,e9b9a9e17ac5e7e35d95eec2a7ad7c7667049da7,true,{},,7bd16763e0c650dd14798c7b42d22c312d871906ff5cae53e5f8ed1e9de71f4f,gazebo,true,false,true,false,goal,2.4377965619144417,3.151999999999987,1.0006388322037032,0.12060631109068123,,,30.0,0.0,3,1.5706785135957524,2,0,0,0.0,0,0,2,,0.0,36.000000000001364,97.99999999999424,0,,T11 train phase; undiscounted_return=16.9854943
t11_semantic_eta_fullsafety_seed105,t11_semantic_eta_fullsafety_seed105-episode-000063,RL-TEB-Semantic-Eta,t11-train-clear-straight,train,105,105,t11_gazebo_formal_v1+FullSafety,e9b9a9e17ac5e7e35d95eec2a7ad7c7667049da7,true,{},,7bd16763e0c650dd14798c7b42d22c312d871906ff5cae53e5f8ed1e9de71f4f,gazebo,true,false,true,false,goal,2.4370340718213397,3.137999999999977,1.0014953266278817,0.1163439116538347,,,30.0,0.0,3,2.5303810483545544,1,0,0,0.0,0,0,1,,0.0,28.66666666667091,80.00000000000303,0,,T11 train phase; undiscounted_return=16.9778583
t11_semantic_eta_fullsafety_seed105,t11_semantic_eta_fullsafety_seed105-episode-000064,RL-TEB-Semantic-Eta,t11-train-clear-straight,train,105,105,t11_gazebo_formal_v1+FullSafety,e9b9a9e17ac5e7e35d95eec2a7ad7c7667049da7,true,{},,7bd16763e0c650dd14798c7b42d22c312d871906ff5cae53e5f8ed1e9de71f4f,gazebo,true,false,true,false,goal,2.577356516203036,3.3500000000000227,1.0002773890381118,0.11384114842586626,,,30.0,0.0,3,2.536720658749847,3,0,0,0.0,0,0,3,,0.0,32.000000000001215,99.33333333333394,0,,T11 train phase; undiscounted_return=17.4034671
t11_semantic_eta_fullsafety_seed105,t11_semantic_eta_fullsafety_seed105-episode-000065,RL-TEB-Semantic-Eta,t11-train-clear-straight,train,105,105,t11_gazebo_formal_v1+FullSafety,e9b9a9e17ac5e7e35d95eec2a7ad7c7667049da7,true,{},,7bd16763e0c650dd14798c7b42d22c312d871906ff5cae53e5f8ed1e9de71f4f,gazebo,true,false,true,false,goal,2.558260518048487,3.244000000000028,0.9994853389157754,0.14158728791840103,,,30.0,0.0,3,2.368454994640078,1,0,0,0.0,0,0,1,,0.0,25.999999999991513,63.99999999998348,0,,T11 train phase; undiscounted_return=17.9348664
t11_semantic_eta_fullsafety_seed105,t11_semantic_eta_fullsafety_seed105-episode-000066,RL-TEB-Semantic-Eta,t11-train-clear-straight,train,105,105,t11_gazebo_formal_v1+FullSafety,e9b9a9e17ac5e7e35d95eec2a7ad7c7667049da7,true,{},,7bd16763e0c650dd14798c7b42d22c312d871906ff5cae53e5f8ed1e9de71f4f,gazebo,true,false,true,false,goal,2.4401082904473808,3.1539999999999964,0.9976590528228941,0.23430816635988444,,,30.0,0.0,4,1.4998713055838258,1,0,0,0.0,0,0,1,,0.0,28.499999999993975,59.00000000001171,0,,T11 train phase; undiscounted_return=18.5916822
t11_semantic_eta_fullsafety_seed105,t11_semantic_eta_fullsafety_seed105-episode-000067,RL-TEB-Semantic-Eta,t11-train-clear-straight,train,105,105,t11_gazebo_formal_v1+FullSafety,e9b9a9e17ac5e7e35d95eec2a7ad7c7667049da7,true,{},,7bd16763e0c650dd14798c7b42d22c312d871906ff5cae53e5f8ed1e9de71f4f,gazebo,true,false,true,false,goal,2.5255501828704916,3.3559999999999945,1.001183301336336,0.1453437203983534,,,30.0,0.0,3,1.9136583298091583,2,0,0,0.0,0,0,2,,0.0,30.66666666668046,113.33333333334394,0,,T11 train phase; undiscounted_return=16.862635
t11_semantic_eta_fullsafety_seed105,t11_semantic_eta_fullsafety_seed105-episode-000068,RL-TEB-Semantic-Eta,t11-train-clear-straight,train,105,105,t11_gazebo_formal_v1+FullSafety,e9b9a9e17ac5e7e35d95eec2a7ad7c7667049da7,true,{},,7bd16763e0c650dd14798c7b42d22c312d871906ff5cae53e5f8ed1e9de71f4f,gazebo,true,false,true,false,goal,2.5569513840579097,3.2539999999999623,0.9989012514172896,0.16518943996929858,,,30.0,0.0,4,3.1370963844638435,2,0,0,0.0,0,0,2,,0.0,33.00000000001546,92.49999999998693,0,,T11 train phase; undiscounted_return=18.1940773
t11_semantic_eta_fullsafety_seed105,t11_semantic_eta_fullsafety_seed105-episode-000069,RL-TEB-Semantic-Eta,t11-train-clear-straight,train,105,105,t11_gazebo_formal_v1+FullSafety,e9b9a9e17ac5e7e35d95eec2a7ad7c7667049da7,true,{},,7bd16763e0c650dd14798c7b42d22c312d871906ff5cae53e5f8ed1e9de71f4f,gazebo,true,false,true,false,goal,2.586663273827477,3.2579999999999814,1.0024186920531402,0.22343543303049124,,,30.0,0.0,4,2.7938436958579014,3,0,0,0.0,0,0,3,,0.0,28.99999999998215,98.49999999997294,0,,T11 train phase; undiscounted_return=18.5762617
t11_semantic_eta_fullsafety_seed105,t11_semantic_eta_fullsafety_seed105-episode-000070,RL-TEB-Semantic-Eta,t11-train-clear-straight,train,105,105,t11_gazebo_formal_v1+FullSafety,e9b9a9e17ac5e7e35d95eec2a7ad7c7667049da7,true,{},,7bd16763e0c650dd14798c7b42d22c312d871906ff5cae53e5f8ed1e9de71f4f,gazebo,true,false,true,false,goal,2.5429904653817337,3.244000000000028,0.9996210778860322,0.14099874654125133,,,30.0,0.0,3,2.614047751628104,2,0,0,0.0,0,0,2,,0.0,34.66666666666166,94.66666666666394,0,,T11 train phase; undiscounted_return=17.2884621
t11_semantic_eta_fullsafety_seed105,t11_semantic_eta_fullsafety_seed105-episode-000071,RL-TEB-Semantic-Eta,t11-train-clear-straight,train,105,105,t11_gazebo_formal_v1+FullSafety,e9b9a9e17ac5e7e35d95eec2a7ad7c7667049da7,true,{},,7bd16763e0c650dd14798c7b42d22c312d871906ff5cae53e5f8ed1e9de71f4f,gazebo,true,false,true,false,goal,2.5073682056433224,3.258000000000038,0.9996797424600607,0.23021858674333967,,,30.0,0.0,4,2.145332808404087,2,0,0,0.0,0,0,2,,0.0,25.99999999999625,48.00000000000182,0,,T11 train phase; undiscounted_return=18.8960054
t11_semantic_eta_fullsafety_seed105,t11_semantic_eta_fullsafety_seed105-episode-000072,RL-TEB-Semantic-Eta,t11-train-clear-straight,train,105,105,t11_gazebo_formal_v1+FullSafety,e9b9a9e17ac5e7e35d95eec2a7ad7c7667049da7,true,{},,7bd16763e0c650dd14798c7b42d22c312d871906ff5cae53e5f8ed1e9de71f4f,gazebo,true,false,true,false,goal,2.57195264106294,3.2420000000000186,1.0009365854787753,0.20491010583334465,,,30.0,0.0,4,2.564864165357217,1,0,0,0.0,0,0,1,,0.0,30.499999999989313,79.9999999999983,0,,T11 train phase; undiscounted_return=18.6866225
t11_semantic_eta_fullsafety_seed105,t11_semantic_eta_fullsafety_seed105-episode-000073,RL-TEB-Semantic-Eta,t11-train-clear-straight,train,105,105,t11_gazebo_formal_v1+FullSafety,e9b9a9e17ac5e7e35d95eec2a7ad7c7667049da7,true,{},,7bd16763e0c650dd14798c7b42d22c312d871906ff5cae53e5f8ed1e9de71f4f,gazebo,true,false,true,false,goal,2.579010392467399,3.2460000000000377,1.0000881101661707,0.11431574863419079,,,30.0,0.0,3,2.0727942139230704,3,0,0,0.0,0,0,3,,0.0,29.33333333334076,129.3333333333256,0,,T11 train phase; undiscounted_return=17.5139451
t11_semantic_eta_fullsafety_seed105,t11_semantic_eta_fullsafety_seed105-episode-000074,RL-TEB-Semantic-Eta,t11-train-clear-straight,train,105,105,t11_gazebo_formal_v1+FullSafety,e9b9a9e17ac5e7e35d95eec2a7ad7c7667049da7,true,{},,7bd16763e0c650dd14798c7b42d22c312d871906ff5cae53e5f8ed1e9de71f4f,gazebo,true,false,true,false,goal,2.5694526446328334,3.343999999999994,0.9999444450320614,0.17423534381464018,,,30.0,0.0,4,2.3676478771056217,1,0,0,0.0,0,0,1,,0.0,31.00000000000591,56.49999999999977,0,,T11 train phase; undiscounted_return=19.3016321
t11_semantic_eta_fullsafety_seed105,t11_semantic_eta_fullsafety_seed105-episode-000075,RL-TEB-Semantic-Eta,t11-train-clear-straight,train,105,105,t11_gazebo_formal_v1+FullSafety,e9b9a9e17ac5e7e35d95eec2a7ad7c7667049da7,true,{},,7bd16763e0c650dd14798c7b42d22c312d871906ff5cae53e5f8ed1e9de71f4f,gazebo,true,false,true,false,goal,2.530240879001728,3.2620000000000005,1.0008022706729995,0.14516255837042638,,,30.0,0.0,3,1.546041065998934,3,0,0,0.0,0,0,3,,0.0,32.000000000001215,86.00000000001273,0,,T11 train phase; undiscounted_return=17.4622349
t11_semantic_eta_fullsafety_seed105,t11_semantic_eta_fullsafety_seed105-episode-000076,RL-TEB-Semantic-Eta,t11-train-clear-straight,train,105,105,t11_gazebo_formal_v1+FullSafety,e9b9a9e17ac5e7e35d95eec2a7ad7c7667049da7,true,{},,7bd16763e0c650dd14798c7b42d22c312d871906ff5cae53e5f8ed1e9de71f4f,gazebo,true,false,true,false,goal,2.5192006486552385,3.2379999999999995,1.0008638340514828,0.129053313180456,,,30.0,0.0,3,1.7307944122720673,2,0,0,0.0,0,0,2,,0.0,35.33333333331257,113.333333333325,0,,T11 train phase; undiscounted_return=17.0166955
t11_semantic_eta_fullsafety_seed105,t11_semantic_eta_fullsafety_seed105-episode-000077,RL-TEB-Semantic-Eta,t11-train-clear-straight,train,105,105,t11_gazebo_formal_v1+FullSafety,e9b9a9e17ac5e7e35d95eec2a7ad7c7667049da7,true,{},,7bd16763e0c650dd14798c7b42d22c312d871906ff5cae53e5f8ed1e9de71f4f,gazebo,true,false,true,false,goal,2.58474637540872,3.25,1.0028461781910731,0.21384444821658513,,,30.0,0.0,4,1.6994547987007502,2,0,0,0.0,0,0,2,,0.0,34.50000000000841,94.99999999999886,0,,T11 train phase; undiscounted_return=18.4947721
t11_semantic_eta_fullsafety_seed105,t11_semantic_eta_fullsafety_seed105-episode-000078,RL-TEB-Semantic-Eta,t11-train-clear-straight,train,105,105,t11_gazebo_formal_v1+FullSafety,e9b9a9e17ac5e7e35d95eec2a7ad7c7667049da7,true,{},,7bd16763e0c650dd14798c7b42d22c312d871906ff5cae53e5f8ed1e9de71f4f,gazebo,true,false,true,false,goal,2.532566088203927,3.2660000000000196,1.0000883488084924,0.20878676713683494,,,30.0,0.0,4,2.2854145032211117,2,0,0,0.0,0,0,2,,0.0,39.00000000000148,70.00000000000739,0,,T11 train phase; undiscounted_return=18.5097912
t11_semantic_eta_fullsafety_seed105,t11_semantic_eta_fullsafety_seed105-episode-000079,RL-TEB-Semantic-Eta,t11-train-clear-straight,train,105,105,t11_gazebo_formal_v1+FullSafety,e9b9a9e17ac5e7e35d95eec2a7ad7c7667049da7,true,{},,7bd16763e0c650dd14798c7b42d22c312d871906ff5cae53e5f8ed1e9de71f4f,gazebo,true,false,true,false,goal,2.526096801256047,3.154000000000053,0.9994700860792205,0.13462946034029108,,,30.0,0.0,3,1.6358631620127162,1,0,0,0.0,0,0,1,,0.0,33.33333333334091,99.33333333333394,0,,T11 train phase; undiscounted_return=17.2103523
t11_semantic_eta_fullsafety_seed105,t11_semantic_eta_fullsafety_seed105-episode-000080,RL-TEB-Semantic-Eta,t11-train-clear-straight,train,105,105,t11_gazebo_formal_v1+FullSafety,e9b9a9e17ac5e7e35d95eec2a7ad7c7667049da7,true,{},,7bd16763e0c650dd14798c7b42d22c312d871906ff5cae53e5f8ed1e9de71f4f,gazebo,true,false,true,false,goal,2.4486640780062228,3.1479999999999677,1.000580847802697,0.13569511703754944,,,30.0,0.0,3,1.907789439649061,1,0,0,0.0,0,0,1,,0.0,37.999999999991964,82.66666666666349,0,,T11 train phase; undiscounted_return=17.219862
t11_semantic_eta_fullsafety_seed105,t11_semantic_eta_fullsafety_seed105-episode-000081,RL-TEB-Semantic-Eta,t11-train-clear-straight,train,105,105,t11_gazebo_formal_v1+FullSafety,e9b9a9e17ac5e7e35d95eec2a7ad7c7667049da7,true,{},,7bd16763e0c650dd14798c7b42d22c312d871906ff5cae53e5f8ed1e9de71f4f,gazebo,true,false,true,false,goal,2.57886629897954,3.444000000000017,0.9904527796734209,0.2643267232134185,,,30.0,0.0,4,2.5302378241242742,1,0,0,0.0,0,0,1,,0.0,31.00000000000591,83.500000000015,0,,T11 train phase; undiscounted_return=18.2388557
t11_semantic_eta_fullsafety_seed105,t11_semantic_eta_fullsafety_seed105-episode-000082,RL-TEB-Semantic-Eta,t11-train-clear-straight,train,105,105,t11_gazebo_formal_v1+FullSafety,e9b9a9e17ac5e7e35d95eec2a7ad7c7667049da7,true,{},,7bd16763e0c650dd14798c7b42d22c312d871906ff5cae53e5f8ed1e9de71f4f,gazebo,true,false,true,false,goal,2.4214675450456906,3.0539999999999736,1.0011359071152088,0.13636342252166594,,,30.0,0.0,3,1.5456929975939002,1,0,0,0.0,0,0,1,,0.0,30.000000000010612,84.00000000000318,0,,T11 train phase; undiscounted_return=17.3225587
t11_semantic_eta_fullsafety_seed105,t11_semantic_eta_fullsafety_seed105-episode-000083,RL-TEB-Semantic-Eta,t11-train-clear-straight,train,105,105,t11_gazebo_formal_v1+FullSafety,e9b9a9e17ac5e7e35d95eec2a7ad7c7667049da7,true,{},,7bd16763e0c650dd14798c7b42d22c312d871906ff5cae53e5f8ed1e9de71f4f,gazebo,true,false,true,false,goal,2.5409478885346473,4.4459999999999695,1.000771975683957,0.3126015967722777,,,30.0,0.0,5,2.948879905790987,1,0,0,0.0,0,0,1,,0.0,30.80000000001064,103.20000000000391,0,,T11 train phase; undiscounted_return=16.6219967
t11_semantic_eta_fullsafety_seed105,t11_semantic_eta_fullsafety_seed105-episode-000084,RL-TEB-Semantic-Eta,t11-train-clear-straight,train,105,105,t11_gazebo_formal_v1+FullSafety,e9b9a9e17ac5e7e35d95eec2a7ad7c7667049da7,true,{},,7bd16763e0c650dd14798c7b42d22c312d871906ff5cae53e5f8ed1e9de71f4f,gazebo,true,false,true,false,goal,2.514988163948609,3.245999999999981,0.9962651134902314,0.21660495049724152,,,30.0,0.0,4,3.0440153581273215,2,0,0,0.0,0,0,2,,0.0,32.500000000013074,81.00000000000307,0,,T11 train phase; undiscounted_return=18.380424
t11_semantic_eta_fullsafety_seed105,t11_semantic_eta_fullsafety_seed105-episode-000085,RL-TEB-Semantic-Eta,t11-train-clear-straight,train,105,105,t11_gazebo_formal_v1+FullSafety,e9b9a9e17ac5e7e35d95eec2a7ad7c7667049da7,true,{},,7bd16763e0c650dd14798c7b42d22c312d871906ff5cae53e5f8ed1e9de71f4f,gazebo,true,false,true,false,goal,2.502005719493933,3.3379999999999654,1.0022783039153929,0.16172739108637624,,,30.0,0.0,4,2.105657334268036,2,0,0,0.0,0,0,2,,0.0,29.50000000001296,106.00000000000875,0,,T11 train phase; undiscounted_return=17.8963434
t11_semantic_eta_fullsafety_seed105,t11_semantic_eta_fullsafety_seed105-episode-000086,RL-TEB-Semantic-Eta,t11-train-clear-straight,train,105,105,t11_gazebo_formal_v1+FullSafety,e9b9a9e17ac5e7e35d95eec2a7ad7c7667049da7,true,{},,7bd16763e0c650dd14798c7b42d22c312d871906ff5cae53e5f8ed1e9de71f4f,gazebo,true,false,true,false,goal,2.5883384233208817,4.338000000000022,0.9894723246413913,0.37414168427200417,,,30.0,0.0,5,2.3648823574190434,3,0,0,0.0,0,0,3,,0.0,33.199999999987995,104.3999999999869,0,,T11 train phase; undiscounted_return=18.0152311
t11_semantic_eta_fullsafety_seed105,t11_semantic_eta_fullsafety_seed105-episode-000087,RL-TEB-Semantic-Eta,t11-train-clear-straight,train,105,105,t11_gazebo_formal_v1+FullSafety,e9b9a9e17ac5e7e35d95eec2a7ad7c7667049da7,true,{},,7bd16763e0c650dd14798c7b42d22c312d871906ff5cae53e5f8ed1e9de71f4f,gazebo,true,false,true,false,goal,2.4853680895246564,3.2520000000000095,0.9998146898220367,0.127300788158956,,,30.0,0.0,3,1.6640550179497564,3,0,0,0.0,0,0,3,,0.0,34.000000000010765,68.00000000000257,0,,T11 train phase; undiscounted_return=17.45778
t11_semantic_eta_fullsafety_seed105,t11_semantic_eta_fullsafety_seed105-episode-000088,RL-TEB-Semantic-Eta,t11-train-clear-straight,train,105,105,t11_gazebo_formal_v1+FullSafety,e9b9a9e17ac5e7e35d95eec2a7ad7c7667049da7,true,{},,7bd16763e0c650dd14798c7b42d22c312d871906ff5cae53e5f8ed1e9de71f4f,gazebo,true,false,true,false,goal,2.4130443843269007,4.2479999999999905,1.001177824975628,0.506528128890404,,,30.0,0.0,5,3.107448561906315,2,0,0,0.0,0,0,2,,0.0,37.200000000007094,102.40000000001146,0,,T11 train phase; undiscounted_return=16.9707821
t11_semantic_eta_fullsafety_seed105,t11_semantic_eta_fullsafety_seed105-episode-000089,RL-TEB-Semantic-Eta,t11-train-clear-straight,train,105,105,t11_gazebo_formal_v1+FullSafety,e9b9a9e17ac5e7e35d95eec2a7ad7c7667049da7,true,{},,7bd16763e0c650dd14798c7b42d22c312d871906ff5cae53e5f8ed1e9de71f4f,gazebo,true,false,true,false,goal,2.567397156921872,3.2620000000000005,1.0008559509234483,0.17914203143061574,,,30.0,0.0,3,1.305312624540294,1,0,0,0.0,0,0,1,,0.0,32.000000000001215,69.33333333332332,0,,T11 train phase; undiscounted_return=17.8716333
t11_semantic_eta_fullsafety_seed105,t11_semantic_eta_fullsafety_seed105-episode-000090,RL-TEB-Semantic-Eta,t11-train-clear-straight,train,105,105,t11_gazebo_formal_v1+FullSafety,e9b9a9e17ac5e7e35d95eec2a7ad7c7667049da7,true,{},,7bd16763e0c650dd14798c7b42d22c312d871906ff5cae53e5f8ed1e9de71f4f,gazebo,true,false,true,false,goal,2.4561153426626587,3.146000000000015,1.000049123435989,0.13112457759239665,,,30.0,0.0,3,2.282704363251728,1,0,0,0.0,0,0,1,,0.0,31.333333333312414,112.66666666665515,0,,T11 train phase; undiscounted_return=17.1751779
t11_semantic_eta_fullsafety_seed105,t11_semantic_eta_fullsafety_seed105-episode-000091,RL-TEB-Semantic-Eta,t11-train-clear-straight,train,105,105,t11_gazebo_formal_v1+FullSafety,e9b9a9e17ac5e7e35d95eec2a7ad7c7667049da7,true,{},,7bd16763e0c650dd14798c7b42d22c312d871906ff5cae53e5f8ed1e9de71f4f,gazebo,true,false,true,false,goal,2.47800305226054,3.150000000000034,0.9989788622181215,0.19827071106510918,,,30.0,0.0,3,1.2455469832151433,1,0,0,0.0,0,0,1,,0.0,35.33333333333152,80.66666666667288,0,,T11 train phase; undiscounted_return=17.0647341
t11_semantic_eta_fullsafety_seed105,t11_semantic_eta_fullsafety_seed105-episode-000092,RL-TEB-Semantic-Eta,t11-train-clear-straight,train,105,105,t11_gazebo_formal_v1+FullSafety,e9b9a9e17ac5e7e35d95eec2a7ad7c7667049da7,true,{},,7bd16763e0c650dd14798c7b42d22c312d871906ff5cae53e5f8ed1e9de71f4f,gazebo,true,false,true,false,goal,2.512713825966057,3.154000000000053,1.000865578530692,0.1471322052874494,,,30.0,0.0,3,1.516087870630864,1,0,0,0.0,0,0,1,,0.0,27.999999999982112,81.99999999999363,0,,T11 train phase; undiscounted_return=17.5078655
t11_semantic_eta_fullsafety_seed105,t11_semantic_eta_fullsafety_seed105-episode-000093,RL-TEB-Semantic-Eta,t11-train-clear-straight,train,105,105,t11_gazebo_formal_v1+FullSafety,e9b9a9e17ac5e7e35d95eec2a7ad7c7667049da7,true,{},,7bd16763e0c650dd14798c7b42d22c312d871906ff5cae53e5f8ed1e9de71f4f,gazebo,true,false,true,false,goal,2.5531911520693042,3.358000000000004,0.9978392120421594,0.21219262620258592,,,30.0,0.0,4,2.4731090788241508,3,0,0,0.0,0,0,3,,0.0,32.00000000001069,61.00000000000705,0,,T11 train phase; undiscounted_return=18.4911121
t11_semantic_eta_fullsafety_seed105,t11_semantic_eta_fullsafety_seed105-episode-000094,RL-TEB-Semantic-Eta,t11-train-clear-straight,train,105,105,t11_gazebo_formal_v1+FullSafety,e9b9a9e17ac5e7e35d95eec2a7ad7c7667049da7,true,{},,7bd16763e0c650dd14798c7b42d22c312d871906ff5cae53e5f8ed1e9de71f4f,gazebo,true,false,true,false,goal,2.4992331405449915,3.1639999999999873,0.999155438896744,0.13842946963084934,,,30.0,0.0,3,2.061520350179918,2,0,0,0.0,0,0,2,,0.0,29.999999999991662,82.00000000001258,0,,T11 train phase; undiscounted_return=17.5361083
t11_semantic_eta_fullsafety_seed105,t11_semantic_eta_fullsafety_seed105-episode-000095,RL-TEB-Semantic-Eta,t11-train-clear-straight,train,105,105,t11_gazebo_formal_v1+FullSafety,e9b9a9e17ac5e7e35d95eec2a7ad7c7667049da7,true,{},,7bd16763e0c650dd14798c7b42d22c312d871906ff5cae53e5f8ed1e9de71f4f,gazebo,true,false,true,false,goal,2.5384110232855117,3.140000000000043,1.0005805123030505,0.1419326587925127,,,30.0,0.0,3,2.4501511554024056,1,0,0,0.0,0,0,1,,0.0,33.999999999991815,80.66666666667288,0,,T11 train phase; undiscounted_return=16.9049085
t11_semantic_eta_fullsafety_seed105,t11_semantic_eta_fullsafety_seed105-episode-000096,RL-TEB-Semantic-Eta,t11-train-clear-straight,train,105,105,t11_gazebo_formal_v1+FullSafety,e9b9a9e17ac5e7e35d95eec2a7ad7c7667049da7,true,{},,7bd16763e0c650dd14798c7b42d22c312d871906ff5cae53e5f8ed1e9de71f4f,gazebo,true,false,true,false,goal,2.4834902129405263,3.1579999999999586,1.0005639208414565,0.13860424634909474,,,30.0,0.0,3,1.9604131047346591,3,0,0,0.0,0,0,3,,0.0,32.66666666667106,116.66666666667425,0,,T11 train phase; undiscounted_return=17.2163148
t11_semantic_eta_fullsafety_seed105,t11_semantic_eta_fullsafety_seed105-episode-000097,RL-TEB-Semantic-Eta,t11-train-clear-straight,train,105,105,t11_gazebo_formal_v1+FullSafety,e9b9a9e17ac5e7e35d95eec2a7ad7c7667049da7,true,{},,7bd16763e0c650dd14798c7b42d22c312d871906ff5cae53e5f8ed1e9de71f4f,gazebo,true,false,true,false,goal,2.571152131387804,3.2520000000000095,1.002054133660239,0.13306088735505006,,,30.0,0.0,3,1.8957535963735015,2,0,0,0.0,0,0,2,,0.0,33.33333333334091,98.66666666666409,0,,T11 train phase; undiscounted_return=17.4561751
t11_semantic_eta_fullsafety_seed105,t11_semantic_eta_fullsafety_seed105-episode-000098,RL-TEB-Semantic-Eta,t11-train-clear-straight,train,105,105,t11_gazebo_formal_v1+FullSafety,e9b9a9e17ac5e7e35d95eec2a7ad7c7667049da7,true,{},,7bd16763e0c650dd14798c7b42d22c312d871906ff5cae53e5f8ed1e9de71f4f,gazebo,true,false,true,false,goal,2.41125868768961,3.0600000000000023,1.0025201265127919,0.15135977213195959,,,30.0,0.0,3,1.3962205116532618,2,0,0,0.0,0,0,2,,0.0,33.999999999991815,84.66666666667304,0,,T11 train phase; undiscounted_return=17.4664961
t11_semantic_eta_fullsafety_seed105,t11_semantic_eta_fullsafety_seed105-episode-000099,RL-TEB-Semantic-Eta,t11-train-clear-straight,train,105,105,t11_gazebo_formal_v1+FullSafety,e9b9a9e17ac5e7e35d95eec2a7ad7c7667049da7,true,{},,7bd16763e0c650dd14798c7b42d22c312d871906ff5cae53e5f8ed1e9de71f4f,gazebo,true,false,true,false,goal,2.5869938351917723,3.4639999999999986,1.0002837313909365,0.27769461019667907,,,30.0,0.0,4,1.1731119439317945,1,0,0,0.0,0,0,1,,0.0,31.49999999999409,70.49999999998136,0,,T11 train phase; undiscounted_return=18.1067719
t11_semantic_eta_fullsafety_seed105,t11_semantic_eta_fullsafety_seed105-episode-000100,RL-TEB-Semantic-Eta,t11-train-clear-straight,train,105,105,t11_gazebo_formal_v1+FullSafety,e9b9a9e17ac5e7e35d95eec2a7ad7c7667049da7,true,{},,7bd16763e0c650dd14798c7b42d22c312d871906ff5cae53e5f8ed1e9de71f4f,gazebo,true,false,true,false,goal,2.5704096351431533,3.354000000000042,1.0003805964994748,0.2959150076282036,,,30.0,0.0,4,3.683824751022863,1,0,0,0.0,0,0,1,,0.0,26.500000000012847,70.49999999999557,0,,T11 train phase; undiscounted_return=17.836732
t11_semantic_eta_fullsafety_seed105,t11_semantic_eta_fullsafety_seed105-episode-000101,RL-TEB-Semantic-Eta,t11-train-clear-straight,train,105,105,t11_gazebo_formal_v1+FullSafety,e9b9a9e17ac5e7e35d95eec2a7ad7c7667049da7,true,{},,7bd16763e0c650dd14798c7b42d22c312d871906ff5cae53e5f8ed1e9de71f4f,gazebo,true,false,true,false,goal,2.423669218295575,3.1580000000000155,1.0009255213838155,0.2283810384067013,,,30.0,0.0,4,2.389237398930904,2,0,0,0.0,0,0,2,,0.0,28.499999999993975,45.000000000001705,0,,T11 train phase; undiscounted_return=18.6724395
t11_semantic_eta_fullsafety_seed105,t11_semantic_eta_fullsafety_seed105-episode-000102,RL-TEB-Semantic-Eta,t11-train-clear-straight,train,105,105,t11_gazebo_formal_v1+FullSafety,e9b9a9e17ac5e7e35d95eec2a7ad7c7667049da7,true,{},,7bd16763e0c650dd14798c7b42d22c312d871906ff5cae53e5f8ed1e9de71f4f,gazebo,true,false,true,false,goal,2.509300333157578,3.1539999999999964,1.0015749681155055,0.1669809738992322,,,30.0,0.0,4,2.090779496717709,1,0,0,0.0,0,0,1,,0.0,30.500000000003524,69.500000000005,0,,T11 train phase; undiscounted_return=18.9760137
t11_semantic_eta_fullsafety_seed105,t11_semantic_eta_fullsafety_seed105-episode-000103,RL-TEB-Semantic-Eta,t11-train-clear-straight,train,105,105,t11_gazebo_formal_v1+FullSafety,e9b9a9e17ac5e7e35d95eec2a7ad7c7667049da7,true,{},,7bd16763e0c650dd14798c7b42d22c312d871906ff5cae53e5f8ed1e9de71f4f,gazebo,true,false,true,false,goal,2.473249266282849,3.1499999999999773,1.000168253245327,0.14826212582311152,,,30.0,0.0,3,1.1769747404463886,1,0,0,0.0,0,0,1,,0.0,29.999999999991662,64.00000000000243,0,,T11 train phase; undiscounted_return=17.6600334
t11_semantic_eta_fullsafety_seed105,t11_semantic_eta_fullsafety_seed105-episode-000104,RL-TEB-Semantic-Eta,t11-train-clear-straight,train,105,105,t11_gazebo_formal_v1+FullSafety,e9b9a9e17ac5e7e35d95eec2a7ad7c7667049da7,true,{},,7bd16763e0c650dd14798c7b42d22c312d871906ff5cae53e5f8ed1e9de71f4f,gazebo,true,false,true,false,goal,2.467389815617515,3.258000000000038,0.9987227783993664,0.1706032018170545,,,30.0,0.0,4,2.1692351501655627,2,0,0,0.0,0,0,2,,0.0,28.99999999998215,57.999999999992724,0,,T11 train phase; undiscounted_return=18.4055225
t11_semantic_eta_fullsafety_seed105,t11_semantic_eta_fullsafety_seed105-episode-000105,RL-TEB-Semantic-Eta,t11-train-clear-straight,train,105,105,t11_gazebo_formal_v1+FullSafety,e9b9a9e17ac5e7e35d95eec2a7ad7c7667049da7,true,{},,7bd16763e0c650dd14798c7b42d22c312d871906ff5cae53e5f8ed1e9de71f4f,gazebo,true,false,true,false,goal,2.474639316927305,3.151999999999987,1.001077987358123,0.15489050673577345,,,30.0,0.0,3,2.2714750876576963,1,0,0,0.0,0,0,1,,0.0,34.66666666666166,80.00000000000303,0,,T11 train phase; undiscounted_return=17.3573179
t11_semantic_eta_fullsafety_seed105,t11_semantic_eta_fullsafety_seed105-episode-000106,RL-TEB-Semantic-Eta,t11-train-clear-straight,train,105,105,t11_gazebo_formal_v1+FullSafety,e9b9a9e17ac5e7e35d95eec2a7ad7c7667049da7,true,{},,7bd16763e0c650dd14798c7b42d22c312d871906ff5cae53e5f8ed1e9de71f4f,gazebo,true,false,true,false,goal,2.529886183428262,3.254000000000019,0.9964984486627438,0.12569331314257734,,,30.0,0.0,3,1.7117954547343457,1,0,0,0.0,0,0,1,,0.0,43.99999999998272,101.33333333332455,0,,T11 train phase; undiscounted_return=17.2247935
t11_semantic_eta_fullsafety_seed105,t11_semantic_eta_fullsafety_seed105-episode-000107,RL-TEB-Semantic-Eta,t11-train-clear-straight,train,105,105,t11_gazebo_formal_v1+FullSafety,e9b9a9e17ac5e7e35d95eec2a7ad7c7667049da7,true,{},,7bd16763e0c650dd14798c7b42d22c312d871906ff5cae53e5f8ed1e9de71f4f,gazebo,true,false,true,false,goal,2.415511301470594,3.156000000000006,1.000658514422159,0.27581361889017,,,30.0,0.0,3,1.6676052613753924,1,0,0,0.0,0,0,1,,0.0,32.66666666667106,96.66666666667349,0,,T11 train phase; undiscounted_return=16.830038
t11_semantic_eta_fullsafety_seed105,t11_semantic_eta_fullsafety_seed105-episode-000108,RL-TEB-Semantic-Eta,t11-train-clear-straight,train,105,105,t11_gazebo_formal_v1+FullSafety,e9b9a9e17ac5e7e35d95eec2a7ad7c7667049da7,true,{},,7bd16763e0c650dd14798c7b42d22c312d871906ff5cae53e5f8ed1e9de71f4f,gazebo,true,false,true,false,goal,2.4805612136737394,3.160000000000025,0.9991968646651479,0.21962680910057344,,,30.0,0.0,4,2.694987226937403,2,0,0,0.0,0,0,2,,0.0,31.49999999999409,59.99999999998806,0,,T11 train phase; undiscounted_return=18.6626482
t11_semantic_eta_fullsafety_seed105,t11_semantic_eta_fullsafety_seed105-episode-000109,RL-TEB-Semantic-Eta,t11-train-clear-straight,train,105,105,t11_gazebo_formal_v1+FullSafety,e9b9a9e17ac5e7e35d95eec2a7ad7c7667049da7,true,{},,7bd16763e0c650dd14798c7b42d22c312d871906ff5cae53e5f8ed1e9de71f4f,gazebo,true,false,true,false,goal,2.564165828665233,3.259999999999991,0.998386167321525,0.17310462639837065,,,30.0,0.0,3,1.3378628656089222,0,0,0,0.0,0,0,0,,0.0,32.66666666669001,83.33333333335229,0,,T11 train phase; undiscounted_return=17.2436074
t11_semantic_eta_fullsafety_seed105,t11_semantic_eta_fullsafety_seed105-episode-000110,RL-TEB-Semantic-Eta,t11-train-clear-straight,train,105,105,t11_gazebo_formal_v1+FullSafety,e9b9a9e17ac5e7e35d95eec2a7ad7c7667049da7,true,{},,7bd16763e0c650dd14798c7b42d22c312d871906ff5cae53e5f8ed1e9de71f4f,gazebo,true,false,true,false,goal,2.487869673679729,3.2520000000000095,0.9956503963108431,0.1353613328059028,,,30.0,0.0,3,1.56988733261271,1,0,0,0.0,0,0,1,,0.0,32.00000000002016,114.0000000000138,0,,T11 train phase; undiscounted_return=17.222769
t11_semantic_eta_fullsafety_seed105,t11_semantic_eta_fullsafety_seed105-episode-000111,RL-TEB-Semantic-Eta,t11-train-clear-straight,train,105,105,t11_gazebo_formal_v1+FullSafety,e9b9a9e17ac5e7e35d95eec2a7ad7c7667049da7,true,{},,7bd16763e0c650dd14798c7b42d22c312d871906ff5cae53e5f8ed1e9de71f4f,gazebo,true,false,true,false,goal,2.5887939155717814,3.348000000000013,1.001012123250547,0.11970642753380424,,,30.0,0.0,4,2.4597706326791533,1,0,0,0.0,0,0,1,,0.0,29.49999999998454,91.49999999998215,0,,T11 train phase; undiscounted_return=18.4151276
t11_semantic_eta_fullsafety_seed105,t11_semantic_eta_fullsafety_seed105-episode-000112,RL-TEB-Semantic-Eta,t11-train-clear-straight,train,105,105,t11_gazebo_formal_v1+FullSafety,e9b9a9e17ac5e7e35d95eec2a7ad7c7667049da7,true,{},,7bd16763e0c650dd14798c7b42d22c312d871906ff5cae53e5f8ed1e9de71f4f,gazebo,true,false,true,false,goal,2.4390544907659226,3.25,0.9983933176282178,0.13094131616729365,,,30.0,0.0,3,2.2608652406657535,2,0,0,0.0,0,0,2,,0.0,40.00000000000151,112.00000000000425,0,,T11 train phase; undiscounted_return=16.948498
t11_semantic_eta_fullsafety_seed105,t11_semantic_eta_fullsafety_seed105-episode-000113,RL-TEB-Semantic-Eta,t11-train-clear-straight,train,105,105,t11_gazebo_formal_v1+FullSafety,e9b9a9e17ac5e7e35d95eec2a7ad7c7667049da7,true,{},,7bd16763e0c650dd14798c7b42d22c312d871906ff5cae53e5f8ed1e9de71f4f,gazebo,true,false,true,false,goal,2.497466276161789,3.2539999999999623,0.9976833126815635,0.2189899770076049,,,30.0,0.0,4,1.965896353268047,3,0,0,0.0,0,0,3,,0.0,30.500000000003524,59.499999999999886,0,,T11 train phase; undiscounted_return=18.6650267
t11_semantic_eta_fullsafety_seed105,t11_semantic_eta_fullsafety_seed105-episode-000114,RL-TEB-Semantic-Eta,t11-train-clear-straight,train,105,105,t11_gazebo_formal_v1+FullSafety,e9b9a9e17ac5e7e35d95eec2a7ad7c7667049da7,true,{},,7bd16763e0c650dd14798c7b42d22c312d871906ff5cae53e5f8ed1e9de71f4f,gazebo,true,false,true,false,goal,2.5093364800111133,3.156000000000006,1.0003856746102573,0.17915671456779897,,,30.0,0.0,3,1.3627925152600937,1,0,0,0.0,0,0,1,,0.0,21.999999999972413,50.66666666666227,0,,T11 train phase; undiscounted_return=17.4269972
t11_semantic_eta_fullsafety_seed105,t11_semantic_eta_fullsafety_seed105-episode-000115,RL-TEB-Semantic-Eta,t11-train-clear-straight,train,105,105,t11_gazebo_formal_v1+FullSafety,e9b9a9e17ac5e7e35d95eec2a7ad7c7667049da7,true,{},,7bd16763e0c650dd14798c7b42d22c312d871906ff5cae53e5f8ed1e9de71f4f,gazebo,true,false,true,false,goal,2.4903443578565896,3.2479999999999905,0.999330708230447,0.1372172689291638,,,30.0,0.0,3,1.8714854031367514,2,0,0,0.0,0,0,2,,0.0,29.333333333321814,83.33333333333333,0,,T11 train phase; undiscounted_return=17.4353445
t11_semantic_eta_fullsafety_seed105,t11_semantic_eta_fullsafety_seed105-episode-000116,RL-TEB-Semantic-Eta,t11-train-clear-straight,train,105,105,t11_gazebo_formal_v1+FullSafety,e9b9a9e17ac5e7e35d95eec2a7ad7c7667049da7,true,{},,7bd16763e0c650dd14798c7b42d22c312d871906ff5cae53e5f8ed1e9de71f4f,gazebo,true,false,true,false,goal,2.540293561340562,3.1399999999999864,1.0019107052967449,0.15468471906924378,,,30.0,0.0,4,2.478672881094246,2,0,0,0.0,0,0,2,,0.0,30.000000000015348,93.00000000001774,0,,T11 train phase; undiscounted_return=18.251079
t11_semantic_eta_fullsafety_seed105,t11_semantic_eta_fullsafety_seed105-episode-000117,RL-TEB-Semantic-Eta,t11-train-clear-straight,train,105,105,t11_gazebo_formal_v1+FullSafety,e9b9a9e17ac5e7e35d95eec2a7ad7c7667049da7,true,{},,7bd16763e0c650dd14798c7b42d22c312d871906ff5cae53e5f8ed1e9de71f4f,gazebo,true,false,true,false,goal,2.594676639645224,3.2479999999999905,1.001540952749466,0.16360920762451148,,,30.0,0.0,4,2.491525785256405,1,0,0,0.0,0,0,1,,0.0,37.50000000000853,83.500000000015,0,,T11 train phase; undiscounted_return=18.6451028
t11_semantic_eta_fullsafety_seed105,t11_semantic_eta_fullsafety_seed105-episode-000118,RL-TEB-Semantic-Eta,t11-train-clear-straight,train,105,105,t11_gazebo_formal_v1+FullSafety,e9b9a9e17ac5e7e35d95eec2a7ad7c7667049da7,true,{},,7bd16763e0c650dd14798c7b42d22c312d871906ff5cae53e5f8ed1e9de71f4f,gazebo,true,false,true,false,goal,2.5202729487540796,3.146000000000015,1.0023095884495614,0.1661626200257156,,,30.0,0.0,3,1.4761899422580713,2,0,0,0.0,0,0,2,,0.0,31.333333333331364,63.333333333351526,0,,T11 train phase; undiscounted_return=17.8721227
t11_semantic_eta_fullsafety_seed105,t11_semantic_eta_fullsafety_seed105-episode-000119,RL-TEB-Semantic-Eta,t11-train-clear-straight,train,105,105,t11_gazebo_formal_v1+FullSafety,e9b9a9e17ac5e7e35d95eec2a7ad7c7667049da7,true,{},,7bd16763e0c650dd14798c7b42d22c312d871906ff5cae53e5f8ed1e9de71f4f,gazebo,true,false,true,false,goal,2.4875975420742003,3.151999999999987,1.001041349453147,0.166389017074908,,,30.0,0.0,3,1.219801155539888,1,0,0,0.0,0,0,1,,0.0,45.33333333332242,116.00000000000439,0,,T11 train phase; undiscounted_return=17.3073603
t11_semantic_eta_fullsafety_seed105,t11_semantic_eta_fullsafety_seed105-episode-000120,RL-TEB-Semantic-Eta,t11-train-clear-straight,train,105,105,t11_gazebo_formal_v1+FullSafety,e9b9a9e17ac5e7e35d95eec2a7ad7c7667049da7,true,{},,7bd16763e0c650dd14798c7b42d22c312d871906ff5cae53e5f8ed1e9de71f4f,gazebo,true,false,true,false,goal,2.5545443016565024,3.3379999999999654,1.0005375984725813,0.20284839538633606,,,30.0,0.0,4,2.949070803695496,2,0,0,0.0,0,0,2,,0.0,30.500000000003524,68.50000000001444,0,,T11 train phase; undiscounted_return=18.9399731
t11_semantic_eta_fullsafety_seed105,t11_semantic_eta_fullsafety_seed105-episode-000121,RL-TEB-Semantic-Eta,t11-train-clear-straight,train,105,105,t11_gazebo_formal_v1+FullSafety,e9b9a9e17ac5e7e35d95eec2a7ad7c7667049da7,true,{},,7bd16763e0c650dd14798c7b42d22c312d871906ff5cae53e5f8ed1e9de71f4f,gazebo,true,false,true,false,goal,2.427276130957216,3.1580000000000155,1.0025529294268456,0.15945193263892882,,,30.0,0.0,3,2.6526534675106013,2,0,0,0.0,0,0,2,,0.0,33.33333333334091,68.66666666667243,0,,T11 train phase; undiscounted_return=17.0433329
t11_semantic_eta_fullsafety_seed105,t11_semantic_eta_fullsafety_seed105-episode-000122,RL-TEB-Semantic-Eta,t11-train-clear-straight,train,105,105,t11_gazebo_formal_v1+FullSafety,e9b9a9e17ac5e7e35d95eec2a7ad7c7667049da7,true,{},,7bd16763e0c650dd14798c7b42d22c312d871906ff5cae53e5f8ed1e9de71f4f,gazebo,true,false,true,false,goal,2.421978537041053,3.23599999999999,1.00023527941875,0.14598474562205951,,,30.0,0.0,3,2.4638613363301354,3,0,0,0.0,0,0,3,,0.0,34.66666666668061,95.99999999996574,0,,T11 train phase; undiscounted_return=16.7280611
t11_semantic_eta_fullsafety_seed105,t11_semantic_eta_fullsafety_seed105-episode-000123,RL-TEB-Semantic-Eta,t11-train-clear-straight,train,105,105,t11_gazebo_formal_v1+FullSafety,e9b9a9e17ac5e7e35d95eec2a7ad7c7667049da7,true,{},,7bd16763e0c650dd14798c7b42d22c312d871906ff5cae53e5f8ed1e9de71f4f,gazebo,true,false,true,false,goal,2.4080583721953355,3.3460000000000036,0.999839342443476,0.2787624203553761,,,30.0,0.0,3,2.2234409483983306,2,0,0,0.0,0,0,2,,0.0,32.66666666661422,94.66666666662604,0,,T11 train phase; undiscounted_return=16.5963107
t11_semantic_eta_fullsafety_seed105,t11_semantic_eta_fullsafety_seed105-episode-000124,RL-TEB-Semantic-Eta,t11-train-clear-straight,train,105,105,t11_gazebo_formal_v1+FullSafety,e9b9a9e17ac5e7e35d95eec2a7ad7c7667049da7,true,{},,7bd16763e0c650dd14798c7b42d22c312d871906ff5cae53e5f8ed1e9de71f4f,gazebo,true,false,true,false,goal,2.490283648645454,3.23599999999999,0.9986575749073355,0.21382049739313494,,,30.0,0.0,4,2.36722737622938,2,0,0,0.0,0,0,2,,0.0,26.999999999986812,69.00000000001683,0,,T11 train phase; undiscounted_return=18.6283381
t11_semantic_eta_fullsafety_seed105,t11_semantic_eta_fullsafety_seed105-episode-000125,RL-TEB-Semantic-Eta,t11-train-clear-straight,train,105,105,t11_gazebo_formal_v1+FullSafety,e9b9a9e17ac5e7e35d95eec2a7ad7c7667049da7,true,{},,7bd16763e0c650dd14798c7b42d22c312d871906ff5cae53e5f8ed1e9de71f4f,gazebo,true,false,true,false,goal,2.4224658491805386,3.155999999999949,1.0004337438431854,0.19289039176183256,,,30.0,0.0,3,2.057381245221352,2,0,0,0.0,0,0,2,,0.0,37.33333333336001,86.66666666670153,0,,T11 train phase; undiscounted_return=16.7618601
t11_semantic_eta_fullsafety_seed105,t11_semantic_eta_fullsafety_seed105-episode-000126,RL-TEB-Semantic-Eta,t11-train-clear-straight,train,105,105,t11_gazebo_formal_v1+FullSafety,e9b9a9e17ac5e7e35d95eec2a7ad7c7667049da7,true,{},,7bd16763e0c650dd14798c7b42d22c312d871906ff5cae53e5f8ed1e9de71f4f,gazebo,true,false,true,false,goal,2.4371468489109716,3.1639999999999873,1.0003105537359358,0.2222987703899432,,,30.0,0.0,4,3.34563762520418,3,0,0,0.0,0,0,3,,0.0,32.49999999999886,85.99999999998431,0,,T11 train phase; undiscounted_return=18.2647176
t11_semantic_eta_fullsafety_seed105,t11_semantic_eta_fullsafety_seed105-episode-000127,RL-TEB-Semantic-Eta,t11-train-clear-straight,train,105,105,t11_gazebo_formal_v1+FullSafety,e9b9a9e17ac5e7e35d95eec2a7ad7c7667049da7,true,{},,7bd16763e0c650dd14798c7b42d22c312d871906ff5cae53e5f8ed1e9de71f4f,gazebo,true,false,true,false,goal,2.4080622097555002,3.259999999999991,0.9987830656992678,0.2001296358059515,,,30.0,0.0,3,2.5902923596940557,2,0,0,0.0,0,0,2,,0.0,32.66666666661422,84.66666666667304,0,,T11 train phase; undiscounted_return=16.8419402
t11_semantic_eta_fullsafety_seed105,t11_semantic_eta_fullsafety_seed105-episode-000128,RL-TEB-Semantic-Eta,t11-train-clear-straight,train,105,105,t11_gazebo_formal_v1+FullSafety,e9b9a9e17ac5e7e35d95eec2a7ad7c7667049da7,true,{},,7bd16763e0c650dd14798c7b42d22c312d871906ff5cae53e5f8ed1e9de71f4f,gazebo,true,false,true,false,goal,2.55727828882465,3.2480000000000473,1.0005938695373775,0.2348479342224172,,,30.0,0.0,4,2.4364690829017928,2,0,0,0.0,0,0,2,,0.0,30.500000000017735,85.50000000002456,0,,T11 train phase; undiscounted_return=18.4677053
t11_semantic_eta_fullsafety_seed105,t11_semantic_eta_fullsafety_seed105-episode-000129,RL-TEB-Semantic-Eta,t11-train-clear-straight,train,105,105,t11_gazebo_formal_v1+FullSafety,e9b9a9e17ac5e7e35d95eec2a7ad7c7667049da7,true,{},,7bd16763e0c650dd14798c7b42d22c312d871906ff5cae53e5f8ed1e9de71f4f,gazebo,true,false,true,false,goal,2.5315581482350322,3.3559999999999945,1.0010969921007724,0.16069871990754006,,,30.0,0.0,4,2.135291787709048,2,0,0,0.0,0,0,2,,0.0,30.500000000017735,60.49999999999045,0,,T11 train phase; undiscounted_return=18.3665264
t11_semantic_eta_fullsafety_seed105,t11_semantic_eta_fullsafety_seed105-episode-000130,RL-TEB-Semantic-Eta,t11-train-clear-straight,train,105,105,t11_gazebo_formal_v1+FullSafety,e9b9a9e17ac5e7e35d95eec2a7ad7c7667049da7,true,{},,7bd16763e0c650dd14798c7b42d22c312d871906ff5cae53e5f8ed1e9de71f4f,gazebo,true,false,true,false,goal,2.4797587105855405,3.145999999999958,0.9999175103772068,0.19327314096923187,,,30.0,0.0,3,1.6816821298947664,1,0,0,0.0,0,0,1,,0.0,30.000000000010612,79.33333333335213,0,,T11 train phase; undiscounted_return=17.2136986
t11_semantic_eta_fullsafety_seed105,t11_semantic_eta_fullsafety_seed105-episode-000131,RL-TEB-Semantic-Eta,t11-train-clear-straight,train,105,105,t11_gazebo_formal_v1+FullSafety,e9b9a9e17ac5e7e35d95eec2a7ad7c7667049da7,true,{},,7bd16763e0c650dd14798c7b42d22c312d871906ff5cae53e5f8ed1e9de71f4f,gazebo,true,false,true,false,goal,2.463282917662733,3.0579999999999927,1.0017545268672894,0.14183874068591942,,,30.0,0.0,3,0.9807476191518157,1,0,0,0.0,0,0,1,,0.0,42.66666666668092,115.33333333337244,0,,T11 train phase; undiscounted_return=17.4402269
t11_semantic_eta_fullsafety_seed105,t11_semantic_eta_fullsafety_seed105-episode-000132,RL-TEB-Semantic-Eta,t11-train-clear-straight,train,105,105,t11_gazebo_formal_v1+FullSafety,e9b9a9e17ac5e7e35d95eec2a7ad7c7667049da7,true,{},,7bd16763e0c650dd14798c7b42d22c312d871906ff5cae53e5f8ed1e9de71f4f,gazebo,true,false,true,false,goal,2.5691517635725893,3.259999999999991,0.9985246286441676,0.14516074670012613,,,30.0,0.0,3,1.7570811710199234,0,0,0,0.0,0,0,0,,0.0,38.000000000010914,117.99999999997605,0,,T11 train phase; undiscounted_return=17.3452801
t11_semantic_eta_fullsafety_seed105,t11_semantic_eta_fullsafety_seed105-episode-000133,RL-TEB-Semantic-Eta,t11-train-clear-straight,train,105,105,t11_gazebo_formal_v1+FullSafety,e9b9a9e17ac5e7e35d95eec2a7ad7c7667049da7,true,{},,7bd16763e0c650dd14798c7b42d22c312d871906ff5cae53e5f8ed1e9de71f4f,gazebo,true,false,true,false,goal,2.5069305047303296,3.1580000000000155,1.000471816297782,0.1537389766518745,,,30.0,0.0,3,1.2882807447536142,2,0,0,0.0,0,0,2,,0.0,31.333333333312414,83.33333333333333,0,,T11 train phase; undiscounted_return=17.5412964
t11_semantic_eta_fullsafety_seed105,t11_semantic_eta_fullsafety_seed105-episode-000134,RL-TEB-Semantic-Eta,t11-train-clear-straight,train,105,105,t11_gazebo_formal_v1+FullSafety,e9b9a9e17ac5e7e35d95eec2a7ad7c7667049da7,true,{},,7bd16763e0c650dd14798c7b42d22c312d871906ff5cae53e5f8ed1e9de71f4f,gazebo,true,false,true,false,goal,2.517704071573664,3.358000000000061,1.0009712632978727,0.3367444831114895,,,30.0,0.0,4,2.13070602633831,1,0,0,0.0,0,0,1,,0.0,35.50000000001319,97.99999999998477,0,,T11 train phase; undiscounted_return=18.0925216
t11_semantic_eta_fullsafety_seed105,t11_semantic_eta_fullsafety_seed105-episode-000135,RL-TEB-Semantic-Eta,t11-train-clear-straight,train,105,105,t11_gazebo_formal_v1+FullSafety,e9b9a9e17ac5e7e35d95eec2a7ad7c7667049da7,true,{},,7bd16763e0c650dd14798c7b42d22c312d871906ff5cae53e5f8ed1e9de71f4f,gazebo,true,false,true,false,goal,2.5376317346960295,3.254000000000019,1.001301055723474,0.16320129852723256,,,30.0,0.0,4,3.1096704345547943,3,0,0,0.0,0,0,3,,0.0,37.00000000000614,106.9999999999709,0,,T11 train phase; undiscounted_return=18.2858017
t11_semantic_eta_fullsafety_seed105,t11_semantic_eta_fullsafety_seed105-episode-000136,RL-TEB-Semantic-Eta,t11-train-clear-straight,train,105,105,t11_gazebo_formal_v1+FullSafety,e9b9a9e17ac5e7e35d95eec2a7ad7c7667049da7,true,{},,7bd16763e0c650dd14798c7b42d22c312d871906ff5cae53e5f8ed1e9de71f4f,gazebo,true,false,true,false,goal,2.593737371442334,3.55600000000004,1.0015790293662696,0.1470892776575761,,,30.0,0.0,4,3.30010583817675,3,0,0,0.0,0,0,3,,0.0,37.00000000000614,82.99999999999841,0,,T11 train phase; undiscounted_return=17.9477575
t11_semantic_eta_fullsafety_seed105,t11_semantic_eta_fullsafety_seed105-episode-000137,RL-TEB-Semantic-Eta,t11-train-clear-straight,train,105,105,t11_gazebo_formal_v1+FullSafety,e9b9a9e17ac5e7e35d95eec2a7ad7c7667049da7,true,{},,7bd16763e0c650dd14798c7b42d22c312d871906ff5cae53e5f8ed1e9de71f4f,gazebo,true,false,true,false,goal,2.5427677429203794,3.0579999999999927,1.0016436520394647,0.07802748779040561,,,30.0,0.0,3,1.5355046938078818,1,0,0,0.0,0,0,1,,0.0,40.66666666665242,130.66666666664636,0,,T11 train phase; undiscounted_return=17.5347777
t11_semantic_eta_fullsafety_seed105,t11_semantic_eta_fullsafety_seed105-episode-000138,RL-TEB-Semantic-Eta,t11-train-clear-straight,train,105,105,t11_gazebo_formal_v1+FullSafety,e9b9a9e17ac5e7e35d95eec2a7ad7c7667049da7,true,{},,7bd16763e0c650dd14798c7b42d22c312d871906ff5cae53e5f8ed1e9de71f4f,gazebo,true,false,true,false,goal,2.5946683022175394,3.2480000000000473,1.0006749838767943,0.20849391927615374,,,30.0,0.0,4,2.6518312956727197,2,0,0,0.0,0,0,2,,0.0,31.49999999999409,71.9999999999743,0,,T11 train phase; undiscounted_return=18.509762
t11_semantic_eta_fullsafety_seed105,t11_semantic_eta_fullsafety_seed105-episode-000139,RL-TEB-Semantic-Eta,t11-train-clear-straight,train,105,105,t11_gazebo_formal_v1+FullSafety,e9b9a9e17ac5e7e35d95eec2a7ad7c7667049da7,true,{},,7bd16763e0c650dd14798c7b42d22c312d871906ff5cae53e5f8ed1e9de71f4f,gazebo,true,false,true,false,goal,2.40595762325777,3.2560000000000855,0.9995485672837257,0.2588997906678847,,,30.0,0.0,3,1.4882738395584492,3,0,0,0.0,0,0,3,,0.0,32.66666666669001,97.33333333334333,0,,T11 train phase; undiscounted_return=16.5608798
t11_semantic_eta_fullsafety_seed105,t11_semantic_eta_fullsafety_seed105-episode-000140,RL-TEB-Semantic-Eta,t11-train-clear-straight,train,105,105,t11_gazebo_formal_v1+FullSafety,e9b9a9e17ac5e7e35d95eec2a7ad7c7667049da7,true,{},,7bd16763e0c650dd14798c7b42d22c312d871906ff5cae53e5f8ed1e9de71f4f,gazebo,true,false,true,false,goal,2.4355117293838804,3.150000000000091,0.998696085870599,0.13109511165067866,,,30.0,0.0,3,1.8422564276270839,1,0,0,0.0,0,0,1,,0.0,43.999999999944826,129.99999999999545,0,,T11 train phase; undiscounted_return=17.2496083
t11_semantic_eta_fullsafety_seed105,t11_semantic_eta_fullsafety_seed105-episode-000141,RL-TEB-Semantic-Eta,t11-train-clear-straight,train,105,105,t11_gazebo_formal_v1+FullSafety,e9b9a9e17ac5e7e35d95eec2a7ad7c7667049da7,true,{},,7bd16763e0c650dd14798c7b42d22c312d871906ff5cae53e5f8ed1e9de71f4f,gazebo,true,false,true,false,goal,2.5908886534676427,3.2479999999999336,0.9993363189946051,0.1665180230107527,,,30.0,0.0,4,2.5342154306234606,2,0,0,0.0,0,0,2,,0.0,37.499999999994316,81.50000000000546,0,,T11 train phase; undiscounted_return=18.7091741
t11_semantic_eta_fullsafety_seed105,t11_semantic_eta_fullsafety_seed105-episode-000142,RL-TEB-Semantic-Eta,t11-train-clear-straight,train,105,105,t11_gazebo_formal_v1+FullSafety,e9b9a9e17ac5e7e35d95eec2a7ad7c7667049da7,true,{},,7bd16763e0c650dd14798c7b42d22c312d871906ff5cae53e5f8ed1e9de71f4f,gazebo,true,false,true,false,goal,2.4164781700028057,3.155999999999949,0.9999082997815644,0.1504054771845993,,,30.0,0.0,3,2.1845742006804616,2,0,0,0.0,0,0,2,,0.0,40.00000000000151,115.33333333333455,0,,T11 train phase; undiscounted_return=17.1596531
t11_semantic_eta_fullsafety_seed105,t11_semantic_eta_fullsafety_seed105-episode-000143,RL-TEB-Semantic-Eta,t11-train-clear-straight,train,105,105,t11_gazebo_formal_v1+FullSafety,e9b9a9e17ac5e7e35d95eec2a7ad7c7667049da7,true,{},,7bd16763e0c650dd14798c7b42d22c312d871906ff5cae53e5f8ed1e9de71f4f,gazebo,true,false,true,false,goal,2.480130935339819,3.1539999999999964,0.9997856489964283,0.1314621332987053,,,30.0,0.0,3,1.3640664357602093,2,0,0,0.0,0,0,2,,0.0,31.99999999996332,97.99999999995634,0,,T11 train phase; undiscounted_return=17.0707611
t11_semantic_eta_fullsafety_seed105,t11_semantic_eta_fullsafety_seed105-episode-000144,RL-TEB-Semantic-Eta,t11-train-clear-straight,train,105,105,t11_gazebo_formal_v1+FullSafety,e9b9a9e17ac5e7e35d95eec2a7ad7c7667049da7,true,{},,7bd16763e0c650dd14798c7b42d22c312d871906ff5cae53e5f8ed1e9de71f4f,gazebo,true,false,true,false,goal,2.57026605705088,3.354000000000042,0.9996648722593827,0.17463716911501387,,,30.0,0.0,3,2.4241265142932575,2,0,0,0.0,0,0,2,,0.0,31.99999999996332,100.66666666663575,0,,T11 train phase; undiscounted_return=17.0993375
t11_semantic_eta_fullsafety_seed105,t11_semantic_eta_fullsafety_seed105-episode-000146,RL-TEB-Semantic-Eta,t11-validation-clear-offset,validation,105,301,t11_gazebo_formal_v1+FullSafety,e9b9a9e17ac5e7e35d95eec2a7ad7c7667049da7,true,{},d6048c50467be64439a6e2c2b04aa6384de5ca812b27160f918e080f086537c7,7bd16763e0c650dd14798c7b42d22c312d871906ff5cae53e5f8ed1e9de71f4f,gazebo,true,false,true,false,goal,2.8194373718797263,3.45799999999997,0.9965263179482577,0.21743102138739204,,,30.0,0.0,4,0.17235610876429636,1,0,0,0.0,0,0,1,,1.5962167526595294,36.49999999998954,58.50000000000932,0,,T11 validation phase; undiscounted_return=19.7568875
t11_semantic_eta_fullsafety_seed105,t11_semantic_eta_fullsafety_seed105-episode-000147,RL-TEB-Semantic-Eta,t11-validation-obstacle-offset,validation,105,301,t11_gazebo_formal_v1+FullSafety,e9b9a9e17ac5e7e35d95eec2a7ad7c7667049da7,true,{},d6048c50467be64439a6e2c2b04aa6384de5ca812b27160f918e080f086537c7,7bd16763e0c650dd14798c7b42d22c312d871906ff5cae53e5f8ed1e9de71f4f,gazebo,false,false,true,false,emergency_stop,0.48088312290963425,0.7240000000000464,10.543038894139086,0.13758775609665172,,,1.2155604362525876,0.0,2,0.15041263026492357,2,1,0,0.0,0,0,2,,1.8366420008533169,14.000000000010004,22.999999999967713,0,,T11 validation phase; undiscounted_return=1.63064383
t11_semantic_eta_fullsafety_seed105,t11_semantic_eta_fullsafety_seed105-episode-000148,RL-TEB-Semantic-Eta,t11-validation-corridor,validation,105,301,t11_gazebo_formal_v1+FullSafety,e9b9a9e17ac5e7e35d95eec2a7ad7c7667049da7,true,{},d6048c50467be64439a6e2c2b04aa6384de5ca812b27160f918e080f086537c7,7bd16763e0c650dd14798c7b42d22c312d871906ff5cae53e5f8ed1e9de71f4f,gazebo,false,false,true,false,emergency_stop,0.028575853354843965,0.11199999999996635,156.35937646308517,0.0,,,0.5219242940830104,0.0,1,0.0,1,1,0,0.0,0,0,1,,1.58498599921586,0.0,0.0,0,,T11 validation phase; undiscounted_return=0
t11_semantic_eta_fullsafety_seed105,t11_semantic_eta_fullsafety_seed105-episode-000150,RL-TEB-Semantic-Eta,t11-validation-clear-offset,validation,105,301,t11_gazebo_formal_v1+FullSafety,e9b9a9e17ac5e7e35d95eec2a7ad7c7667049da7,true,{},d6048c50467be64439a6e2c2b04aa6384de5ca812b27160f918e080f086537c7,7bd16763e0c650dd14798c7b42d22c312d871906ff5cae53e5f8ed1e9de71f4f,gazebo,true,false,true,false,goal,2.8211806995394535,3.4400000000000546,0.9959105219115101,0.16503452536587424,,,30.0,0.0,4,0.22244461043670583,0,0,0,0.0,0,0,0,,1.4308367481135065,41.500000000013415,94.50000000003911,0,,T11 validation phase; undiscounted_return=19.4938537
t11_semantic_eta_fullsafety_seed105,t11_semantic_eta_fullsafety_seed105-episode-000151,RL-TEB-Semantic-Eta,t11-validation-obstacle-offset,validation,105,301,t11_gazebo_formal_v1+FullSafety,e9b9a9e17ac5e7e35d95eec2a7ad7c7667049da7,true,{},d6048c50467be64439a6e2c2b04aa6384de5ca812b27160f918e080f086537c7,7bd16763e0c650dd14798c7b42d22c312d871906ff5cae53e5f8ed1e9de71f4f,gazebo,false,false,true,false,emergency_stop,0.020892122224469123,0.10599999999999454,242.67374151359917,0.0,,,0.0,0.0,1,0.0,1,1,0,0.0,0,0,1,,2.060105005512014,0.0,0.0,0,,T11 validation phase; undiscounted_return=0
t11_semantic_eta_fullsafety_seed105,t11_semantic_eta_fullsafety_seed105-episode-000152,RL-TEB-Semantic-Eta,t11-validation-corridor,validation,105,301,t11_gazebo_formal_v1+FullSafety,e9b9a9e17ac5e7e35d95eec2a7ad7c7667049da7,true,{},d6048c50467be64439a6e2c2b04aa6384de5ca812b27160f918e080f086537c7,7bd16763e0c650dd14798c7b42d22c312d871906ff5cae53e5f8ed1e9de71f4f,gazebo,false,false,true,false,emergency_stop,0.04305901019671518,0.18600000000003547,103.76696055137883,0.0,,,0.5247459485812352,0.0,1,0.0,1,1,0,0.0,0,0,1,,1.5237250045174733,0.0,0.0,0,,T11 validation phase; undiscounted_return=0
t11_semantic_eta_fullsafety_seed105,t11_semantic_eta_fullsafety_seed105-episode-000154,RL-TEB-Semantic-Eta,t11-validation-clear-offset,validation,105,301,t11_gazebo_formal_v1+FullSafety,e9b9a9e17ac5e7e35d95eec2a7ad7c7667049da7,true,{},d6048c50467be64439a6e2c2b04aa6384de5ca812b27160f918e080f086537c7,7bd16763e0c650dd14798c7b42d22c312d871906ff5cae53e5f8ed1e9de71f4f,gazebo,true,false,true,false,goal,2.8202046518623898,3.4500000000000455,0.99625519766078,0.2224100045924466,,,30.0,0.0,4,0.17563888556565121,0,0,0,0.0,0,0,0,,1.7894504981086357,35.00000000002501,58.4999999999809,0,,T11 validation phase; undiscounted_return=19.555954
t11_semantic_eta_fullsafety_seed105,t11_semantic_eta_fullsafety_seed105-episode-000155,RL-TEB-Semantic-Eta,t11-validation-obstacle-offset,validation,105,301,t11_gazebo_formal_v1+FullSafety,e9b9a9e17ac5e7e35d95eec2a7ad7c7667049da7,true,{},d6048c50467be64439a6e2c2b04aa6384de5ca812b27160f918e080f086537c7,7bd16763e0c650dd14798c7b42d22c312d871906ff5cae53e5f8ed1e9de71f4f,gazebo,false,false,true,false,emergency_stop,0.38696515264462505,0.7200000000000273,13.101876057112095,0.08193330201027296,,,1.2633297811725908,0.0,2,0.2014217675494669,2,1,0,0.0,0,0,2,,1.0793700021167751,14.999999999986358,20.000000000038654,0,,T11 validation phase; undiscounted_return=1.32192968
t11_semantic_eta_fullsafety_seed105,t11_semantic_eta_fullsafety_seed105-episode-000156,RL-TEB-Semantic-Eta,t11-validation-corridor,validation,105,301,t11_gazebo_formal_v1+FullSafety,e9b9a9e17ac5e7e35d95eec2a7ad7c7667049da7,true,{},d6048c50467be64439a6e2c2b04aa6384de5ca812b27160f918e080f086537c7,7bd16763e0c650dd14798c7b42d22c312d871906ff5cae53e5f8ed1e9de71f4f,gazebo,false,false,true,false,emergency_stop,0.02428608926107215,0.12000000000000455,183.9778551594894,0.0,,,0.5301376206870074,0.0,1,0.0,1,1,0,0.0,0,0,1,,2.1727709972765297,0.0,0.0,0,,T11 validation phase; undiscounted_return=0
t11_semantic_eta_fullsafety_seed105,t11_semantic_eta_fullsafety_seed105-episode-000158,RL-TEB-Semantic-Eta,t11-validation-clear-offset,validation,105,301,t11_gazebo_formal_v1+FullSafety,e9b9a9e17ac5e7e35d95eec2a7ad7c7667049da7,true,{},d6048c50467be64439a6e2c2b04aa6384de5ca812b27160f918e080f086537c7,7bd16763e0c650dd14798c7b42d22c312d871906ff5cae53e5f8ed1e9de71f4f,gazebo,true,false,true,false,goal,2.810012179177273,3.3500000000000227,0.999868813275975,0.14544435562446723,,,30.0,0.0,4,0.23989860347447434,1,0,0,0.0,0,0,1,,1.169653500255663,28.999999999996362,105.99999999999454,0,,T11 validation phase; undiscounted_return=19.1444798
t11_semantic_eta_fullsafety_seed105,t11_semantic_eta_fullsafety_seed105-episode-000159,RL-TEB-Semantic-Eta,t11-validation-obstacle-offset,validation,105,301,t11_gazebo_formal_v1+FullSafety,e9b9a9e17ac5e7e35d95eec2a7ad7c7667049da7,true,{},d6048c50467be64439a6e2c2b04aa6384de5ca812b27160f918e080f086537c7,7bd16763e0c650dd14798c7b42d22c312d871906ff5cae53e5f8ed1e9de71f4f,gazebo,false,false,true,false,emergency_stop,0.9974663902240524,1.419999999999959,5.082847420285025,0.22528651416307424,,,0.7000840862747962,0.0,3,0.23409599431450762,3,1,0,0.0,0,0,3,,1.2793203350156546,26.66666666668031,78.66666666666333,0,,T11 validation phase; undiscounted_return=3.13200315
t11_semantic_eta_fullsafety_seed105,t11_semantic_eta_fullsafety_seed105-episode-000160,RL-TEB-Semantic-Eta,t11-validation-corridor,validation,105,301,t11_gazebo_formal_v1+FullSafety,e9b9a9e17ac5e7e35d95eec2a7ad7c7667049da7,true,{},d6048c50467be64439a6e2c2b04aa6384de5ca812b27160f918e080f086537c7,7bd16763e0c650dd14798c7b42d22c312d871906ff5cae53e5f8ed1e9de71f4f,gazebo,false,false,true,false,emergency_stop,0.028892208361353637,0.12199999999995725,154.64732070950035,0.0,,,0.5208702772191387,0.0,1,0.0,1,1,0,0.0,0,0,1,,1.78996600152459,0.0,0.0,0,,T11 validation phase; undiscounted_return=0
t11_semantic_eta_fullsafety_seed105,t11_semantic_eta_fullsafety_seed105-episode-000162,RL-TEB-Semantic-Eta,t11-validation-clear-offset,validation,105,301,t11_gazebo_formal_v1+FullSafety,e9b9a9e17ac5e7e35d95eec2a7ad7c7667049da7,true,{},d6048c50467be64439a6e2c2b04aa6384de5ca812b27160f918e080f086537c7,7bd16763e0c650dd14798c7b42d22c312d871906ff5cae53e5f8ed1e9de71f4f,gazebo,true,false,true,false,goal,2.820480762090697,3.4560000000000173,0.99615766951814,0.22181389430541767,,,30.0,0.0,4,0.3656857777206512,1,0,0,0.0,0,0,1,,1.511177246356965,32.00000000001069,60.50000000001887,0,,T11 validation phase; undiscounted_return=19.6147396
t11_semantic_eta_fullsafety_seed105,t11_semantic_eta_fullsafety_seed105-episode-000163,RL-TEB-Semantic-Eta,t11-validation-obstacle-offset,validation,105,301,t11_gazebo_formal_v1+FullSafety,e9b9a9e17ac5e7e35d95eec2a7ad7c7667049da7,true,{},d6048c50467be64439a6e2c2b04aa6384de5ca812b27160f918e080f086537c7,7bd16763e0c650dd14798c7b42d22c312d871906ff5cae53e5f8ed1e9de71f4f,gazebo,false,false,true,false,emergency_stop,0.019304781518397263,0.11400000000003274,262.6276533375791,0.0,,,0.0,0.0,1,0.0,1,1,0,0.0,0,0,1,,2.0876920025330037,0.0,0.0,0,,T11 validation phase; undiscounted_return=0
t11_semantic_eta_fullsafety_seed105,t11_semantic_eta_fullsafety_seed105-episode-000164,RL-TEB-Semantic-Eta,t11-validation-corridor,validation,105,301,t11_gazebo_formal_v1+FullSafety,e9b9a9e17ac5e7e35d95eec2a7ad7c7667049da7,true,{},d6048c50467be64439a6e2c2b04aa6384de5ca812b27160f918e080f086537c7,7bd16763e0c650dd14798c7b42d22c312d871906ff5cae53e5f8ed1e9de71f4f,gazebo,false,false,true,false,emergency_stop,0.04343433338451551,0.19399999999995998,102.87029325185539,0.0,,,0.5258391505863622,0.0,1,0.0,1,1,0,0.0,0,0,1,,1.7345369997201487,0.0,0.0,0,,T11 validation phase; undiscounted_return=0
t11_semantic_eta_fullsafety_seed105,t11_semantic_eta_fullsafety_seed105-episode-000166,RL-TEB-Semantic-Eta,t11-test-id-clear-straight,test_id,105,201,t11_gazebo_formal_v1+FullSafety,e9b9a9e17ac5e7e35d95eec2a7ad7c7667049da7,true,{},d6048c50467be64439a6e2c2b04aa6384de5ca812b27160f918e080f086537c7,7bd16763e0c650dd14798c7b42d22c312d871906ff5cae53e5f8ed1e9de71f4f,gazebo,true,false,true,false,goal,2.9530295155906865,3.564000000000078,1.0007825523427734,0.22824693872637222,,,30.0,0.0,4,0.11424079302473873,2,0,0,0.0,0,0,2,,1.3072442470729584,29.999999999972715,71.49999999998613,0,,T11 test phase; undiscounted_return=19.7747029
t11_semantic_eta_fullsafety_seed105,t11_semantic_eta_fullsafety_seed105-episode-000167,RL-TEB-Semantic-Eta,t11-test-id-left,test_id,105,201,t11_gazebo_formal_v1+FullSafety,e9b9a9e17ac5e7e35d95eec2a7ad7c7667049da7,true,{},d6048c50467be64439a6e2c2b04aa6384de5ca812b27160f918e080f086537c7,7bd16763e0c650dd14798c7b42d22c312d871906ff5cae53e5f8ed1e9de71f4f,gazebo,true,false,true,false,goal,3.998558672881998,4.456000000000017,0.961205412883105,0.18226120588138917,,,30.0,0.0,6,0.35262328135279275,3,0,0,0.0,0,0,3,,1.7133428336819634,32.333333333326664,77.66666666666804,0,,T11 test phase; undiscounted_return=23.497902
t11_semantic_eta_fullsafety_seed105,t11_semantic_eta_fullsafety_seed105-episode-000168,RL-TEB-Semantic-Eta,t11-test-id-obstacle,test_id,105,201,t11_gazebo_formal_v1+FullSafety,e9b9a9e17ac5e7e35d95eec2a7ad7c7667049da7,true,{},d6048c50467be64439a6e2c2b04aa6384de5ca812b27160f918e080f086537c7,7bd16763e0c650dd14798c7b42d22c312d871906ff5cae53e5f8ed1e9de71f4f,gazebo,false,false,true,false,emergency_stop,0.4902664705545137,0.7139999999999418,10.528707164924889,0.1916556916727835,,,1.3118919649905876,0.0,2,0.10244010304922682,2,1,0,0.0,0,0,2,,1.5373390015156474,15.99999999996271,16.999999999995907,0,,T11 test phase; undiscounted_return=1.73532915
t11_semantic_eta_fullsafety_seed105,t11_semantic_eta_fullsafety_seed105-episode-000169,RL-TEB-Semantic-Eta,t11-test-id-corridor,test_id,105,201,t11_gazebo_formal_v1+FullSafety,e9b9a9e17ac5e7e35d95eec2a7ad7c7667049da7,true,{},d6048c50467be64439a6e2c2b04aa6384de5ca812b27160f918e080f086537c7,7bd16763e0c650dd14798c7b42d22c312d871906ff5cae53e5f8ed1e9de71f4f,gazebo,false,false,true,false,emergency_stop,0.028113901727047676,0.11399999999991905,180.12144909962345,0.0,,,0.5121365369183719,0.0,1,0.0,1,1,0,0.0,0,0,1,,1.5502599999308586,0.0,0.0,0,,T11 test phase; undiscounted_return=0
t11_semantic_eta_fullsafety_seed105,t11_semantic_eta_fullsafety_seed105-episode-000170,RL-TEB-Semantic-Eta,t11-test-id-clear-straight,test_id,105,202,t11_gazebo_formal_v1+FullSafety,e9b9a9e17ac5e7e35d95eec2a7ad7c7667049da7,true,{},d6048c50467be64439a6e2c2b04aa6384de5ca812b27160f918e080f086537c7,7bd16763e0c650dd14798c7b42d22c312d871906ff5cae53e5f8ed1e9de71f4f,gazebo,true,false,true,false,goal,3.0880838602857716,3.65199999999993,0.9995215718058911,0.1477647794557072,,,30.0,0.0,4,0.13662907931293397,3,0,0,0.0,0,0,3,,1.8656440006452613,32.99999999998704,93.50000000000591,0,,T11 test phase; undiscounted_return=19.9169147
t11_semantic_eta_fullsafety_seed105,t11_semantic_eta_fullsafety_seed105-episode-000171,RL-TEB-Semantic-Eta,t11-test-id-left,test_id,105,202,t11_gazebo_formal_v1+FullSafety,e9b9a9e17ac5e7e35d95eec2a7ad7c7667049da7,true,{},d6048c50467be64439a6e2c2b04aa6384de5ca812b27160f918e080f086537c7,7bd16763e0c650dd14798c7b42d22c312d871906ff5cae53e5f8ed1e9de71f4f,gazebo,true,false,true,false,goal,4.1321154781826035,4.546000000000049,0.9638743454780168,0.18777043737617233,,,30.0,0.0,6,0.3690697973388982,2,0,0,0.0,0,0,2,,1.730111833846119,33.666666666666366,69.66666666666772,0,,T11 test phase; undiscounted_return=24.7725597
t11_semantic_eta_fullsafety_seed105,t11_semantic_eta_fullsafety_seed105-episode-000172,RL-TEB-Semantic-Eta,t11-test-id-obstacle,test_id,105,202,t11_gazebo_formal_v1+FullSafety,e9b9a9e17ac5e7e35d95eec2a7ad7c7667049da7,true,{},d6048c50467be64439a6e2c2b04aa6384de5ca812b27160f918e080f086537c7,7bd16763e0c650dd14798c7b42d22c312d871906ff5cae53e5f8ed1e9de71f4f,gazebo,false,false,true,false,emergency_stop,0.5546585145633158,0.7099999999999227,9.406554193881384,0.14741399224402105,,,1.2250398886342333,0.0,2,0.1376679280609814,2,1,0,0.0,0,0,2,,1.6767829947639257,16.000000000019554,16.999999999995907,0,,T11 test phase; undiscounted_return=2.02056584
t11_semantic_eta_fullsafety_seed105,t11_semantic_eta_fullsafety_seed105-episode-000173,RL-TEB-Semantic-Eta,t11-test-id-corridor,test_id,105,202,t11_gazebo_formal_v1+FullSafety,e9b9a9e17ac5e7e35d95eec2a7ad7c7667049da7,true,{},d6048c50467be64439a6e2c2b04aa6384de5ca812b27160f918e080f086537c7,7bd16763e0c650dd14798c7b42d22c312d871906ff5cae53e5f8ed1e9de71f4f,gazebo,false,false,true,false,emergency_stop,0.030044912016492748,0.10800000000006094,163.17589944482265,0.0,,,0.5205127559200844,0.0,1,0.0,1,1,0,0.0,0,0,1,,1.5605430016876198,0.0,0.0,0,,T11 test phase; undiscounted_return=0
t11_semantic_eta_fullsafety_seed105,t11_semantic_eta_fullsafety_seed105-episode-000174,RL-TEB-Semantic-Eta,t11-test-id-clear-straight,test_id,105,203,t11_gazebo_formal_v1+FullSafety,e9b9a9e17ac5e7e35d95eec2a7ad7c7667049da7,true,{},d6048c50467be64439a6e2c2b04aa6384de5ca812b27160f918e080f086537c7,7bd16763e0c650dd14798c7b42d22c312d871906ff5cae53e5f8ed1e9de71f4f,gazebo,true,false,true,false,goal,2.946945355761533,3.5580000000001064,1.000499607254869,0.23105881275736276,,,30.0,0.0,4,0.06569961584271965,0,0,0,0.0,0,0,0,,1.5286282505257986,35.99999999997294,82.99999999999841,0,,T11 test phase; undiscounted_return=19.4117749
t11_semantic_eta_fullsafety_seed105,t11_semantic_eta_fullsafety_seed105-episode-000175,RL-TEB-Semantic-Eta,t11-test-id-left,test_id,105,203,t11_gazebo_formal_v1+FullSafety,e9b9a9e17ac5e7e35d95eec2a7ad7c7667049da7,true,{},d6048c50467be64439a6e2c2b04aa6384de5ca812b27160f918e080f086537c7,7bd16763e0c650dd14798c7b42d22c312d871906ff5cae53e5f8ed1e9de71f4f,gazebo,true,false,true,false,goal,4.101597134226368,4.546000000000049,0.9636259572826172,0.24105359461226405,,,30.0,0.0,6,0.3505521224453396,2,0,0,0.0,0,0,2,,1.497724668297451,34.33333333333621,69.33333333336122,0,,T11 test phase; undiscounted_return=23.6089588
t11_semantic_eta_fullsafety_seed105,t11_semantic_eta_fullsafety_seed105-episode-000176,RL-TEB-Semantic-Eta,t11-test-id-obstacle,test_id,105,203,t11_gazebo_formal_v1+FullSafety,e9b9a9e17ac5e7e35d95eec2a7ad7c7667049da7,true,{},d6048c50467be64439a6e2c2b04aa6384de5ca812b27160f918e080f086537c7,7bd16763e0c650dd14798c7b42d22c312d871906ff5cae53e5f8ed1e9de71f4f,gazebo,false,false,true,false,emergency_stop,0.5112419416316889,0.8159999999999172,10.178111164479063,0.11640924189726848,,,1.212967389294905,0.0,2,0.14094443813425173,2,1,0,0.0,0,0,2,,1.4831965017947368,29.999999999972715,71.99999999994589,0,,T11 test phase; undiscounted_return=1.60837938
t11_semantic_eta_fullsafety_seed105,t11_semantic_eta_fullsafety_seed105-episode-000177,RL-TEB-Semantic-Eta,t11-test-id-corridor,test_id,105,203,t11_gazebo_formal_v1+FullSafety,e9b9a9e17ac5e7e35d95eec2a7ad7c7667049da7,true,{},d6048c50467be64439a6e2c2b04aa6384de5ca812b27160f918e080f086537c7,7bd16763e0c650dd14798c7b42d22c312d871906ff5cae53e5f8ed1e9de71f4f,gazebo,false,false,true,false,emergency_stop,0.5166527244685372,0.70799999999997,9.838019244405759,0.14924782363868588,,,0.5239410734935055,0.0,2,0.48299293199336235,2,1,0,0.0,0,0,2,,1.4790245004405733,16.999999999995907,21.99999999999136,0,,T11 test phase; undiscounted_return=1.82367599
t11_semantic_eta_fullsafety_seed105,t11_semantic_eta_fullsafety_seed105-episode-000178,RL-TEB-Semantic-Eta,t11-test-id-clear-straight,test_id,105,204,t11_gazebo_formal_v1+FullSafety,e9b9a9e17ac5e7e35d95eec2a7ad7c7667049da7,true,{},d6048c50467be64439a6e2c2b04aa6384de5ca812b27160f918e080f086537c7,7bd16763e0c650dd14798c7b42d22c312d871906ff5cae53e5f8ed1e9de71f4f,gazebo,true,false,true,false,goal,3.0905216393437995,3.645999999999958,0.9996524919137872,0.21468351705029953,,,30.0,0.0,4,0.13604719238805435,4,0,0,0.0,0,0,4,,1.841745501224068,36.50000000001796,55.50000000002342,0,,T11 test phase; undiscounted_return=20.1741939
t11_semantic_eta_fullsafety_seed105,t11_semantic_eta_fullsafety_seed105-episode-000179,RL-TEB-Semantic-Eta,t11-test-id-left,test_id,105,204,t11_gazebo_formal_v1+FullSafety,e9b9a9e17ac5e7e35d95eec2a7ad7c7667049da7,true,{},d6048c50467be64439a6e2c2b04aa6384de5ca812b27160f918e080f086537c7,7bd16763e0c650dd14798c7b42d22c312d871906ff5cae53e5f8ed1e9de71f4f,gazebo,true,false,true,false,goal,4.075185706292286,4.553999999999974,0.9626641449805355,0.2676494428663094,,,30.0,0.0,6,0.36696656149320317,2,0,0,0.0,0,0,2,,1.3255788314078625,36.99999999997772,96.33333333331014,0,,T11 test phase; undiscounted_return=23.4957092
t11_semantic_eta_fullsafety_seed105,t11_semantic_eta_fullsafety_seed105-episode-000180,RL-TEB-Semantic-Eta,t11-test-id-obstacle,test_id,105,204,t11_gazebo_formal_v1+FullSafety,e9b9a9e17ac5e7e35d95eec2a7ad7c7667049da7,true,{},d6048c50467be64439a6e2c2b04aa6384de5ca812b27160f918e080f086537c7,7bd16763e0c650dd14798c7b42d22c312d871906ff5cae53e5f8ed1e9de71f4f,gazebo,false,false,true,false,emergency_stop,0.5088150026907892,0.8079999999999927,10.249370859997725,0.09179728689170005,,,1.161297452672836,0.0,2,0.10159772720125626,2,1,0,0.0,0,0,2,,1.9531580001057591,18.999999999948614,65.99999999997408,0,,T11 test phase; undiscounted_return=1.66956312
t11_semantic_eta_fullsafety_seed105,t11_semantic_eta_fullsafety_seed105-episode-000181,RL-TEB-Semantic-Eta,t11-test-id-corridor,test_id,105,204,t11_gazebo_formal_v1+FullSafety,e9b9a9e17ac5e7e35d95eec2a7ad7c7667049da7,true,{},d6048c50467be64439a6e2c2b04aa6384de5ca812b27160f918e080f086537c7,7bd16763e0c650dd14798c7b42d22c312d871906ff5cae53e5f8ed1e9de71f4f,gazebo,false,false,true,false,emergency_stop,0.02460871385879538,0.10399999999992815,205.4132796213492,0.0,,,0.5089318118588051,0.0,1,0.0,1,1,0,0.0,0,0,1,,2.0438229985302314,0.0,0.0,0,,T11 test phase; undiscounted_return=0
t11_semantic_eta_fullsafety_seed105,t11_semantic_eta_fullsafety_seed105-episode-000182,RL-TEB-Semantic-Eta,t11-test-id-clear-straight,test_id,105,205,t11_gazebo_formal_v1+FullSafety,e9b9a9e17ac5e7e35d95eec2a7ad7c7667049da7,true,{},d6048c50467be64439a6e2c2b04aa6384de5ca812b27160f918e080f086537c7,7bd16763e0c650dd14798c7b42d22c312d871906ff5cae53e5f8ed1e9de71f4f,gazebo,true,false,true,false,goal,2.969482770417858,3.552000000000021,0.9994183753733514,0.20115552636064807,,,30.0,0.0,4,0.06704426249514636,1,0,0,0.0,0,0,1,,1.756031500917743,32.49999999999886,81.50000000000546,0,,T11 test phase; undiscounted_return=19.1691439
t11_semantic_eta_fullsafety_seed105,t11_semantic_eta_fullsafety_seed105-episode-000183,RL-TEB-Semantic-Eta,t11-test-id-left,test_id,105,205,t11_gazebo_formal_v1+FullSafety,e9b9a9e17ac5e7e35d95eec2a7ad7c7667049da7,true,{},d6048c50467be64439a6e2c2b04aa6384de5ca812b27160f918e080f086537c7,7bd16763e0c650dd14798c7b42d22c312d871906ff5cae53e5f8ed1e9de71f4f,gazebo,true,false,true,false,goal,4.071338887544812,4.451999999999998,0.9633506353248125,0.17824575845703583,,,30.0,0.0,6,0.3717573358059239,2,0,0,0.0,0,0,2,,1.3087831684970297,36.66666666665227,104.33333333332939,0,,T11 test phase; undiscounted_return=23.6209203
t11_semantic_eta_fullsafety_seed105,t11_semantic_eta_fullsafety_seed105-episode-000184,RL-TEB-Semantic-Eta,t11-test-id-obstacle,test_id,105,205,t11_gazebo_formal_v1+FullSafety,e9b9a9e17ac5e7e35d95eec2a7ad7c7667049da7,true,{},d6048c50467be64439a6e2c2b04aa6384de5ca812b27160f918e080f086537c7,7bd16763e0c650dd14798c7b42d22c312d871906ff5cae53e5f8ed1e9de71f4f,gazebo,false,false,true,false,emergency_stop,0.4648690062217231,0.7319999999999709,11.126668546826915,0.15325081749543001,,,0.9930283065141228,0.0,2,0.17918042498896983,2,1,0,0.0,0,0,2,,1.9451285006653052,14.000000000010004,23.000000000024556,0,,T11 test phase; undiscounted_return=1.70634326
t11_semantic_eta_fullsafety_seed105,t11_semantic_eta_fullsafety_seed105-episode-000185,RL-TEB-Semantic-Eta,t11-test-id-corridor,test_id,105,205,t11_gazebo_formal_v1+FullSafety,e9b9a9e17ac5e7e35d95eec2a7ad7c7667049da7,true,{},d6048c50467be64439a6e2c2b04aa6384de5ca812b27160f918e080f086537c7,7bd16763e0c650dd14798c7b42d22c312d871906ff5cae53e5f8ed1e9de71f4f,gazebo,false,false,true,false,emergency_stop,0.024145443560180627,0.09600000000000364,211.1545989408329,0.0,,,0.5309459668437287,0.0,1,0.0,1,1,0,0.0,0,0,1,,2.4843170031090267,0.0,0.0,0,,T11 test phase; undiscounted_return=0
t11_semantic_eta_fullsafety_seed105,t11_semantic_eta_fullsafety_seed105-episode-000186,RL-TEB-Semantic-Eta,t11-test-id-clear-straight,test_id,105,206,t11_gazebo_formal_v1+FullSafety,e9b9a9e17ac5e7e35d95eec2a7ad7c7667049da7,true,{},d6048c50467be64439a6e2c2b04aa6384de5ca812b27160f918e080f086537c7,7bd16763e0c650dd14798c7b42d22c312d871906ff5cae53e5f8ed1e9de71f4f,gazebo,true,false,true,false,goal,3.0607571296406295,3.659999999999968,0.9996987405223563,0.2195587272311136,,,30.0,0.0,4,0.09467466583676054,3,0,0,0.0,0,0,3,,1.214952499140054,32.49999999999886,82.99999999996999,0,,T11 test phase; undiscounted_return=19.7650564
t11_semantic_eta_fullsafety_seed105,t11_semantic_eta_fullsafety_seed105-episode-000187,RL-TEB-Semantic-Eta,t11-test-id-left,test_id,105,206,t11_gazebo_formal_v1+FullSafety,e9b9a9e17ac5e7e35d95eec2a7ad7c7667049da7,true,{},d6048c50467be64439a6e2c2b04aa6384de5ca812b27160f918e080f086537c7,7bd16763e0c650dd14798c7b42d22c312d871906ff5cae53e5f8ed1e9de71f4f,gazebo,true,false,true,false,goal,4.067696910451296,4.539999999999964,0.962445729315976,0.15748437378636373,,,30.0,0.0,5,0.3182769755758299,2,0,0,0.0,0,0,2,,1.4030506004928611,37.20000000002983,102.00000000002092,0,,T11 test phase; undiscounted_return=22.5421235
t11_semantic_eta_fullsafety_seed105,t11_semantic_eta_fullsafety_seed105-episode-000188,RL-TEB-Semantic-Eta,t11-test-id-obstacle,test_id,105,206,t11_gazebo_formal_v1+FullSafety,e9b9a9e17ac5e7e35d95eec2a7ad7c7667049da7,true,{},d6048c50467be64439a6e2c2b04aa6384de5ca812b27160f918e080f086537c7,7bd16763e0c650dd14798c7b42d22c312d871906ff5cae53e5f8ed1e9de71f4f,gazebo,false,false,true,false,emergency_stop,0.5151012664506089,0.8100000000000591,9.986468071982223,0.11298541120895243,,,1.0389996922153624,0.0,2,0.15314429612075933,2,1,0,0.0,0,0,2,,1.6930580022744834,16.999999999995907,67.99999999998363,0,,T11 test phase; undiscounted_return=1.52348811
t11_semantic_eta_fullsafety_seed105,t11_semantic_eta_fullsafety_seed105-episode-000189,RL-TEB-Semantic-Eta,t11-test-id-corridor,test_id,105,206,t11_gazebo_formal_v1+FullSafety,e9b9a9e17ac5e7e35d95eec2a7ad7c7667049da7,true,{},d6048c50467be64439a6e2c2b04aa6384de5ca812b27160f918e080f086537c7,7bd16763e0c650dd14798c7b42d22c312d871906ff5cae53e5f8ed1e9de71f4f,gazebo,false,false,true,false,emergency_stop,0.07603975386580077,0.1959999999999127,65.06038825973789,0.0,,,0.4784017991395616,0.0,1,0.0,1,1,0,0.0,0,0,1,,2.461678996041883,0.0,0.0,0,,T11 test phase; undiscounted_return=0
t11_semantic_eta_fullsafety_seed105,t11_semantic_eta_fullsafety_seed105-episode-000190,RL-TEB-Semantic-Eta,t11-test-id-clear-straight,test_id,105,207,t11_gazebo_formal_v1+FullSafety,e9b9a9e17ac5e7e35d95eec2a7ad7c7667049da7,true,{},d6048c50467be64439a6e2c2b04aa6384de5ca812b27160f918e080f086537c7,7bd16763e0c650dd14798c7b42d22c312d871906ff5cae53e5f8ed1e9de71f4f,gazebo,true,false,true,false,goal,2.9334382460411463,3.6340000000000146,1.000608783338756,0.22138111252896792,,,30.0,0.0,4,0.06719306156002955,0,0,0,0.0,0,0,0,,1.5396597518702038,41.00000000002524,77.50000000001478,0,,T11 test phase; undiscounted_return=19.7067352
t11_semantic_eta_fullsafety_seed105,t11_semantic_eta_fullsafety_seed105-episode-000191,RL-TEB-Semantic-Eta,t11-test-id-left,test_id,105,207,t11_gazebo_formal_v1+FullSafety,e9b9a9e17ac5e7e35d95eec2a7ad7c7667049da7,true,{},d6048c50467be64439a6e2c2b04aa6384de5ca812b27160f918e080f086537c7,7bd16763e0c650dd14798c7b42d22c312d871906ff5cae53e5f8ed1e9de71f4f,gazebo,true,false,true,false,goal,4.072649264640555,4.55600000000004,0.9627004437306103,0.2197647637083818,,,30.0,0.0,6,0.35479443341296346,2,0,0,0.0,0,0,2,,1.7987775026995223,32.00000000002016,53.33333333334167,0,,T11 test phase; undiscounted_return=24.394778
t11_semantic_eta_fullsafety_seed105,t11_semantic_eta_fullsafety_seed105-episode-000192,RL-TEB-Semantic-Eta,t11-test-id-obstacle,test_id,105,207,t11_gazebo_formal_v1+FullSafety,e9b9a9e17ac5e7e35d95eec2a7ad7c7667049da7,true,{},d6048c50467be64439a6e2c2b04aa6384de5ca812b27160f918e080f086537c7,7bd16763e0c650dd14798c7b42d22c312d871906ff5cae53e5f8ed1e9de71f4f,gazebo,false,false,true,false,emergency_stop,0.4173679501986356,0.7119999999999891,12.477595808894389,0.13320496015458086,,,1.2258630939853075,0.0,2,0.13974523855042573,2,1,0,0.0,0,0,2,,1.5251834993250668,16.999999999995907,17.99999999997226,0,,T11 test phase; undiscounted_return=1.42262607
t11_semantic_eta_fullsafety_seed105,t11_semantic_eta_fullsafety_seed105-episode-000193,RL-TEB-Semantic-Eta,t11-test-id-corridor,test_id,105,207,t11_gazebo_formal_v1+FullSafety,e9b9a9e17ac5e7e35d95eec2a7ad7c7667049da7,true,{},d6048c50467be64439a6e2c2b04aa6384de5ca812b27160f918e080f086537c7,7bd16763e0c650dd14798c7b42d22c312d871906ff5cae53e5f8ed1e9de71f4f,gazebo,false,false,true,false,emergency_stop,0.24964648836873932,0.92999999999995,19.81313756026774,0.1456075708771159,,,0.5475869358827063,0.0,2,0.4770093872826028,2,1,0,0.0,0,0,2,,1.4736809971509501,38.99999999998727,96.00000000000364,0,,T11 test phase; undiscounted_return=0.522767665
t11_semantic_eta_fullsafety_seed105,t11_semantic_eta_fullsafety_seed105-episode-000194,RL-TEB-Semantic-Eta,t11-test-id-clear-straight,test_id,105,208,t11_gazebo_formal_v1+FullSafety,e9b9a9e17ac5e7e35d95eec2a7ad7c7667049da7,true,{},d6048c50467be64439a6e2c2b04aa6384de5ca812b27160f918e080f086537c7,7bd16763e0c650dd14798c7b42d22c312d871906ff5cae53e5f8ed1e9de71f4f,gazebo,true,false,true,false,goal,2.9499089657354904,3.533999999999992,1.000051512537117,0.1561269736788855,,,30.0,0.0,4,0.07023091705743426,0,0,0,0.0,0,0,0,,1.5636547486792551,37.499999999994316,91.49999999999636,0,,T11 test phase; undiscounted_return=19.8070758
t11_semantic_eta_fullsafety_seed105,t11_semantic_eta_fullsafety_seed105-episode-000195,RL-TEB-Semantic-Eta,t11-test-id-left,test_id,105,208,t11_gazebo_formal_v1+FullSafety,e9b9a9e17ac5e7e35d95eec2a7ad7c7667049da7,true,{},d6048c50467be64439a6e2c2b04aa6384de5ca812b27160f918e080f086537c7,7bd16763e0c650dd14798c7b42d22c312d871906ff5cae53e5f8ed1e9de71f4f,gazebo,true,false,true,false,goal,4.043776054603594,4.537999999999897,0.9634928699999298,0.4997376319026571,,,30.0,0.0,6,0.37908619371003577,1,0,0,0.0,0,0,1,,2.1785951636654013,34.333333333355164,93.00000000001774,0,,T11 test phase; undiscounted_return=23.1656599
t11_semantic_eta_fullsafety_seed105,t11_semantic_eta_fullsafety_seed105-episode-000196,RL-TEB-Semantic-Eta,t11-test-id-obstacle,test_id,105,208,t11_gazebo_formal_v1+FullSafety,e9b9a9e17ac5e7e35d95eec2a7ad7c7667049da7,true,{},d6048c50467be64439a6e2c2b04aa6384de5ca812b27160f918e080f086537c7,7bd16763e0c650dd14798c7b42d22c312d871906ff5cae53e5f8ed1e9de71f4f,gazebo,false,false,true,false,emergency_stop,0.45318379000193165,0.7319999999999709,11.498592291932676,0.14871311823870575,,,1.2557898375516152,0.0,2,0.1390905689519904,2,1,0,0.0,0,0,2,,2.0927785044477787,16.999999999995907,17.99999999997226,0,,T11 test phase; undiscounted_return=1.58401686
t11_semantic_eta_fullsafety_seed105,t11_semantic_eta_fullsafety_seed105-episode-000197,RL-TEB-Semantic-Eta,t11-test-id-corridor,test_id,105,208,t11_gazebo_formal_v1+FullSafety,e9b9a9e17ac5e7e35d95eec2a7ad7c7667049da7,true,{},d6048c50467be64439a6e2c2b04aa6384de5ca812b27160f918e080f086537c7,7bd16763e0c650dd14798c7b42d22c312d871906ff5cae53e5f8ed1e9de71f4f,gazebo,false,false,true,false,emergency_stop,0.027046958212241415,0.11599999999998545,184.49285939682912,0.0,,,0.5424525177983781,0.0,1,0.0,1,1,0,0.0,0,0,1,,1.8981980028911494,0.0,0.0,0,,T11 test phase; undiscounted_return=0
t11_semantic_eta_fullsafety_seed105,t11_semantic_eta_fullsafety_seed105-episode-000198,RL-TEB-Semantic-Eta,t11-test-id-clear-straight,test_id,105,209,t11_gazebo_formal_v1+FullSafety,e9b9a9e17ac5e7e35d95eec2a7ad7c7667049da7,true,{},d6048c50467be64439a6e2c2b04aa6384de5ca812b27160f918e080f086537c7,7bd16763e0c650dd14798c7b42d22c312d871906ff5cae53e5f8ed1e9de71f4f,gazebo,true,false,true,false,goal,3.0374553045274135,3.6580000000000155,1.0005539592242578,0.13600059468338732,,,30.0,0.0,4,0.08820525553342026,2,0,0,0.0,0,0,2,,1.7945132494787686,38.99999999998727,82.99999999999841,0,,T11 test phase; undiscounted_return=20.308917
t11_semantic_eta_fullsafety_seed105,t11_semantic_eta_fullsafety_seed105-episode-000199,RL-TEB-Semantic-Eta,t11-test-id-left,test_id,105,209,t11_gazebo_formal_v1+FullSafety,e9b9a9e17ac5e7e35d95eec2a7ad7c7667049da7,true,{},d6048c50467be64439a6e2c2b04aa6384de5ca812b27160f918e080f086537c7,7bd16763e0c650dd14798c7b42d22c312d871906ff5cae53e5f8ed1e9de71f4f,gazebo,true,false,true,false,goal,4.021688967335496,4.449999999999932,0.9628149863670342,0.199365583203839,,,30.0,0.0,5,0.31256607503178796,1,0,0,0.0,0,0,1,,1.229875000717584,41.99999999998454,94.79999999998654,0,,T11 test phase; undiscounted_return=21.8564161
t11_semantic_eta_fullsafety_seed105,t11_semantic_eta_fullsafety_seed105-episode-000200,RL-TEB-Semantic-Eta,t11-test-id-obstacle,test_id,105,209,t11_gazebo_formal_v1+FullSafety,e9b9a9e17ac5e7e35d95eec2a7ad7c7667049da7,true,{},d6048c50467be64439a6e2c2b04aa6384de5ca812b27160f918e080f086537c7,7bd16763e0c650dd14798c7b42d22c312d871906ff5cae53e5f8ed1e9de71f4f,gazebo,false,false,true,false,emergency_stop,0.8174323249497556,1.4120000000000346,6.423466971384508,0.2102306467791495,,,0.8634679213970794,0.0,3,0.29860704897451434,3,1,0,0.0,0,0,3,,1.1835869978919316,24.66666666665181,60.66666666667212,0,,T11 test phase; undiscounted_return=2.60109231
t11_semantic_eta_fullsafety_seed105,t11_semantic_eta_fullsafety_seed105-episode-000201,RL-TEB-Semantic-Eta,t11-test-id-corridor,test_id,105,209,t11_gazebo_formal_v1+FullSafety,e9b9a9e17ac5e7e35d95eec2a7ad7c7667049da7,true,{},d6048c50467be64439a6e2c2b04aa6384de5ca812b27160f918e080f086537c7,7bd16763e0c650dd14798c7b42d22c312d871906ff5cae53e5f8ed1e9de71f4f,gazebo,false,false,true,false,emergency_stop,0.02699072280734376,0.11200000000008004,185.15265485806464,0.0,,,0.5443123989537464,0.0,1,0.0,1,1,0,0.0,0,0,1,,1.8876300018746406,0.0,0.0,0,,T11 test phase; undiscounted_return=0
t11_semantic_eta_fullsafety_seed105,t11_semantic_eta_fullsafety_seed105-episode-000202,RL-TEB-Semantic-Eta,t11-test-id-clear-straight,test_id,105,210,t11_gazebo_formal_v1+FullSafety,e9b9a9e17ac5e7e35d95eec2a7ad7c7667049da7,true,{},d6048c50467be64439a6e2c2b04aa6384de5ca812b27160f918e080f086537c7,7bd16763e0c650dd14798c7b42d22c312d871906ff5cae53e5f8ed1e9de71f4f,gazebo,true,false,true,false,goal,2.921660341616993,3.5599999999999454,0.9993307738656304,0.2183000507049369,,,30.0,0.0,4,0.05952685016631292,0,0,0,0.0,0,0,0,,2.1007220002502436,30.99999999997749,57.999999999992724,0,,T11 test phase; undiscounted_return=19.8101145
t11_semantic_eta_fullsafety_seed105,t11_semantic_eta_fullsafety_seed105-episode-000203,RL-TEB-Semantic-Eta,t11-test-id-left,test_id,105,210,t11_gazebo_formal_v1+FullSafety,e9b9a9e17ac5e7e35d95eec2a7ad7c7667049da7,true,{},d6048c50467be64439a6e2c2b04aa6384de5ca812b27160f918e080f086537c7,7bd16763e0c650dd14798c7b42d22c312d871906ff5cae53e5f8ed1e9de71f4f,gazebo,true,false,true,false,goal,4.05424689775308,4.461999999999989,0.9646955030766374,0.23727961499295144,,,30.0,0.0,6,0.36551103306222077,2,0,0,0.0,0,0,2,,1.293413333769422,33.33333333334091,71.00000000000743,0,,T11 test phase; undiscounted_return=24.1115894
t11_semantic_eta_fullsafety_seed105,t11_semantic_eta_fullsafety_seed105-episode-000204,RL-TEB-Semantic-Eta,t11-test-id-obstacle,test_id,105,210,t11_gazebo_formal_v1+FullSafety,e9b9a9e17ac5e7e35d95eec2a7ad7c7667049da7,true,{},d6048c50467be64439a6e2c2b04aa6384de5ca812b27160f918e080f086537c7,7bd16763e0c650dd14798c7b42d22c312d871906ff5cae53e5f8ed1e9de71f4f,gazebo,false,false,true,false,emergency_stop,0.5397055917699766,0.8160000000000309,9.563449573475554,0.11582739288580379,,,1.1347143838476739,0.0,2,0.13384270571512302,2,1,0,0.0,0,0,2,,1.6499314988323022,19.000000000005457,67.99999999998363,0,,T11 test phase; undiscounted_return=1.77631663
t11_semantic_eta_fullsafety_seed105,t11_semantic_eta_fullsafety_seed105-episode-000205,RL-TEB-Semantic-Eta,t11-test-id-corridor,test_id,105,210,t11_gazebo_formal_v1+FullSafety,e9b9a9e17ac5e7e35d95eec2a7ad7c7667049da7,true,{},d6048c50467be64439a6e2c2b04aa6384de5ca812b27160f918e080f086537c7,7bd16763e0c650dd14798c7b42d22c312d871906ff5cae53e5f8ed1e9de71f4f,gazebo,false,false,true,false,emergency_stop,0.035528171131510175,0.09600000000000364,138.73759570007027,0.0,,,0.564054660472271,0.0,1,0.0,1,1,0,0.0,0,0,1,,1.6089850032585673,0.0,0.0,0,,T11 test phase; undiscounted_return=0
t11_semantic_eta_fullsafety_seed105,t11_semantic_eta_fullsafety_seed105-episode-000206,RL-TEB-Semantic-Eta,t11-test-ood-long-turn,test_ood,105,201,t11_gazebo_formal_v1+FullSafety,e9b9a9e17ac5e7e35d95eec2a7ad7c7667049da7,true,{},d6048c50467be64439a6e2c2b04aa6384de5ca812b27160f918e080f086537c7,7bd16763e0c650dd14798c7b42d22c312d871906ff5cae53e5f8ed1e9de71f4f,gazebo,true,false,true,false,goal,5.776759669887703,6.6440000000000055,0.9371491216245269,1.7309930403918041,,,30.0,0.0,9,0.5906026988173132,2,0,0,0.0,0,0,2,,1.6777994444257476,35.111111111089286,60.66666666667212,0,,T11 test phase; undiscounted_return=28.1758345
t11_semantic_eta_fullsafety_seed105,t11_semantic_eta_fullsafety_seed105-episode-000207,RL-TEB-Semantic-Eta,t11-test-ood-obstacle-offset,test_ood,105,201,t11_gazebo_formal_v1+FullSafety,e9b9a9e17ac5e7e35d95eec2a7ad7c7667049da7,true,{},d6048c50467be64439a6e2c2b04aa6384de5ca812b27160f918e080f086537c7,7bd16763e0c650dd14798c7b42d22c312d871906ff5cae53e5f8ed1e9de71f4f,gazebo,true,false,true,false,goal,5.766118274852172,6.254000000000019,0.999711999951292,0.25188748424955226,,,3.0910555023191693,0.0,9,1.981216780040048,9,0,0,0.0,0,0,9,,1.8003708893148642,36.222222222199385,66.88888888888616,0,,T11 test phase; undiscounted_return=31.2455735
t11_semantic_eta_fullsafety_seed105,t11_semantic_eta_fullsafety_seed105-episode-000208,RL-TEB-Semantic-Eta,t11-test-ood-narrow-corridor,test_ood,105,201,t11_gazebo_formal_v1+FullSafety,e9b9a9e17ac5e7e35d95eec2a7ad7c7667049da7,true,{},d6048c50467be64439a6e2c2b04aa6384de5ca812b27160f918e080f086537c7,7bd16763e0c650dd14798c7b42d22c312d871906ff5cae53e5f8ed1e9de71f4f,gazebo,false,false,true,false,emergency_stop,0.021266335961598434,0.11200000000008004,238.662658003566,0.0,,,0.37911682397144647,0.0,1,0.0,1,1,0,0.0,0,0,1,,1.316974994551856,0.0,0.0,0,,T11 test phase; undiscounted_return=0
t11_semantic_eta_fullsafety_seed105,t11_semantic_eta_fullsafety_seed105-episode-000209,RL-TEB-Semantic-Eta,t11-test-ood-long-turn,test_ood,105,202,t11_gazebo_formal_v1+FullSafety,e9b9a9e17ac5e7e35d95eec2a7ad7c7667049da7,true,{},d6048c50467be64439a6e2c2b04aa6384de5ca812b27160f918e080f086537c7,7bd16763e0c650dd14798c7b42d22c312d871906ff5cae53e5f8ed1e9de71f4f,gazebo,true,false,true,false,goal,5.4663475952039455,5.847999999999956,0.962277970586654,0.23839266773964876,,,30.0,0.0,8,0.5641394196790135,2,0,0,0.0,0,0,2,,1.358062500912638,35.99999999998715,89.24999999999272,0,,T11 test phase; undiscounted_return=28.4976345
t11_semantic_eta_fullsafety_seed105,t11_semantic_eta_fullsafety_seed105-episode-000210,RL-TEB-Semantic-Eta,t11-test-ood-obstacle-offset,test_ood,105,202,t11_gazebo_formal_v1+FullSafety,e9b9a9e17ac5e7e35d95eec2a7ad7c7667049da7,true,{},d6048c50467be64439a6e2c2b04aa6384de5ca812b27160f918e080f086537c7,7bd16763e0c650dd14798c7b42d22c312d871906ff5cae53e5f8ed1e9de71f4f,gazebo,true,false,true,false,goal,5.8284197011767205,6.238000000000056,0.9998325998880172,0.13634004095340266,,,2.8208026803950585,0.0,9,1.889396826410933,8,0,0,0.0,0,0,8,,1.6832976673160576,35.77777777779071,71.55555555555617,0,,T11 test phase; undiscounted_return=31.7801051
t11_semantic_eta_fullsafety_seed105,t11_semantic_eta_fullsafety_seed105-episode-000211,RL-TEB-Semantic-Eta,t11-test-ood-narrow-corridor,test_ood,105,202,t11_gazebo_formal_v1+FullSafety,e9b9a9e17ac5e7e35d95eec2a7ad7c7667049da7,true,{},d6048c50467be64439a6e2c2b04aa6384de5ca812b27160f918e080f086537c7,7bd16763e0c650dd14798c7b42d22c312d871906ff5cae53e5f8ed1e9de71f4f,gazebo,false,false,true,false,emergency_stop,0.016257998624296985,0.12400000000002365,304.0167132402612,0.0,,,0.3423637187985918,0.0,1,0.0,1,1,0,0.0,0,0,1,,1.36596000083955,0.0,0.0,0,,T11 test phase; undiscounted_return=0
t11_semantic_eta_fullsafety_seed105,t11_semantic_eta_fullsafety_seed105-episode-000212,RL-TEB-Semantic-Eta,t11-test-ood-long-turn,test_ood,105,203,t11_gazebo_formal_v1+FullSafety,e9b9a9e17ac5e7e35d95eec2a7ad7c7667049da7,true,{},d6048c50467be64439a6e2c2b04aa6384de5ca812b27160f918e080f086537c7,7bd16763e0c650dd14798c7b42d22c312d871906ff5cae53e5f8ed1e9de71f4f,gazebo,true,false,true,false,goal,5.514071384790317,6.045999999999935,0.9638899999165894,0.1898568819155441,,,30.0,0.0,8,0.5594693618549094,2,0,0,0.0,0,0,2,,1.2772078753187088,30.500000000003524,87.50000000000568,0,,T11 test phase; undiscounted_return=28.1865719
t11_semantic_eta_fullsafety_seed105,t11_semantic_eta_fullsafety_seed105-episode-000213,RL-TEB-Semantic-Eta,t11-test-ood-obstacle-offset,test_ood,105,203,t11_gazebo_formal_v1+FullSafety,e9b9a9e17ac5e7e35d95eec2a7ad7c7667049da7,true,{},d6048c50467be64439a6e2c2b04aa6384de5ca812b27160f918e080f086537c7,7bd16763e0c650dd14798c7b42d22c312d871906ff5cae53e5f8ed1e9de71f4f,gazebo,false,false,true,false,emergency_stop,0.6506546750437385,0.8220000000000027,8.921391897585465,0.16829688108397206,,,1.4327526324215683,0.0,2,0.09462419750116054,2,1,0,0.0,0,0,2,,1.2504730002547149,18.000000000029104,66.00000000003092,0,,T11 test phase; undiscounted_return=2.21457979
t11_semantic_eta_fullsafety_seed105,t11_semantic_eta_fullsafety_seed105-episode-000214,RL-TEB-Semantic-Eta,t11-test-ood-narrow-corridor,test_ood,105,203,t11_gazebo_formal_v1+FullSafety,e9b9a9e17ac5e7e35d95eec2a7ad7c7667049da7,true,{},d6048c50467be64439a6e2c2b04aa6384de5ca812b27160f918e080f086537c7,7bd16763e0c650dd14798c7b42d22c312d871906ff5cae53e5f8ed1e9de71f4f,gazebo,false,false,true,false,emergency_stop,0.033135402334495745,0.09600000000000364,151.2289950182097,0.0,,,0.31869447097231685,0.0,1,0.0,1,1,0,0.0,0,0,1,,1.111368001147639,0.0,0.0,0,,T11 test phase; undiscounted_return=0
t11_semantic_eta_fullsafety_seed105,t11_semantic_eta_fullsafety_seed105-episode-000215,RL-TEB-Semantic-Eta,t11-test-ood-long-turn,test_ood,105,204,t11_gazebo_formal_v1+FullSafety,e9b9a9e17ac5e7e35d95eec2a7ad7c7667049da7,true,{},d6048c50467be64439a6e2c2b04aa6384de5ca812b27160f918e080f086537c7,7bd16763e0c650dd14798c7b42d22c312d871906ff5cae53e5f8ed1e9de71f4f,gazebo,true,false,true,false,goal,5.618313337056427,6.052000000000021,0.9651079560811571,0.20417089534598404,,,30.0,0.0,8,0.5688347065688687,3,0,0,0.0,0,0,3,,1.620760997866455,31.24999999998579,66.74999999999898,0,,T11 test phase; undiscounted_return=29.3518874
t11_semantic_eta_fullsafety_seed105,t11_semantic_eta_fullsafety_seed105-episode-000216,RL-TEB-Semantic-Eta,t11-test-ood-obstacle-offset,test_ood,105,204,t11_gazebo_formal_v1+FullSafety,e9b9a9e17ac5e7e35d95eec2a7ad7c7667049da7,true,{},d6048c50467be64439a6e2c2b04aa6384de5ca812b27160f918e080f086537c7,7bd16763e0c650dd14798c7b42d22c312d871906ff5cae53e5f8ed1e9de71f4f,gazebo,false,false,true,false,emergency_stop,0.6497199758929023,0.8159999999999172,8.924433781450306,0.16147103474880006,,,1.475093458338685,0.0,2,0.14778393650432017,2,1,0,0.0,0,0,2,,2.422574001684552,16.999999999995907,67.99999999998363,0,,T11 test phase; undiscounted_return=2.20912441
t11_semantic_eta_fullsafety_seed105,t11_semantic_eta_fullsafety_seed105-episode-000217,RL-TEB-Semantic-Eta,t11-test-ood-narrow-corridor,test_ood,105,204,t11_gazebo_formal_v1+FullSafety,e9b9a9e17ac5e7e35d95eec2a7ad7c7667049da7,true,{},d6048c50467be64439a6e2c2b04aa6384de5ca812b27160f918e080f086537c7,7bd16763e0c650dd14798c7b42d22c312d871906ff5cae53e5f8ed1e9de71f4f,gazebo,false,false,true,false,emergency_stop,0.036,0.11000000000001364,139.0835704960021,0.0,,,0.2072106818121766,0.0,1,0.0,1,1,0,0.0,0,0,1,,1.5516559942625463,0.0,0.0,0,,T11 test phase; undiscounted_return=0
t11_semantic_eta_fullsafety_seed105,t11_semantic_eta_fullsafety_seed105-episode-000218,RL-TEB-Semantic-Eta,t11-test-ood-long-turn,test_ood,105,205,t11_gazebo_formal_v1+FullSafety,e9b9a9e17ac5e7e35d95eec2a7ad7c7667049da7,true,{},d6048c50467be64439a6e2c2b04aa6384de5ca812b27160f918e080f086537c7,7bd16763e0c650dd14798c7b42d22c312d871906ff5cae53e5f8ed1e9de71f4f,gazebo,true,false,true,false,goal,5.493166488953902,5.741999999999962,0.963643308759057,0.22262165300473136,,,30.0,0.0,8,0.5599686202765892,2,0,0,0.0,0,0,2,,1.3716112489419174,38.49999999999909,77.00000000001239,0,,T11 test phase; undiscounted_return=28.7699584
t11_semantic_eta_fullsafety_seed105,t11_semantic_eta_fullsafety_seed105-episode-000219,RL-TEB-Semantic-Eta,t11-test-ood-obstacle-offset,test_ood,105,205,t11_gazebo_formal_v1+FullSafety,e9b9a9e17ac5e7e35d95eec2a7ad7c7667049da7,true,{},d6048c50467be64439a6e2c2b04aa6384de5ca812b27160f918e080f086537c7,7bd16763e0c650dd14798c7b42d22c312d871906ff5cae53e5f8ed1e9de71f4f,gazebo,false,false,true,false,emergency_stop,0.4412481266115226,0.8019999999999072,13.082207537203402,0.2102216175927806,,,1.6880266270687345,0.0,2,0.09946890047856094,2,1,0,0.0,0,0,2,,1.3071100001980085,19.000000000005457,68.00000000004047,0,,T11 test phase; undiscounted_return=1.27608259
t11_semantic_eta_fullsafety_seed105,t11_semantic_eta_fullsafety_seed105-episode-000220,RL-TEB-Semantic-Eta,t11-test-ood-narrow-corridor,test_ood,105,205,t11_gazebo_formal_v1+FullSafety,e9b9a9e17ac5e7e35d95eec2a7ad7c7667049da7,true,{},d6048c50467be64439a6e2c2b04aa6384de5ca812b27160f918e080f086537c7,7bd16763e0c650dd14798c7b42d22c312d871906ff5cae53e5f8ed1e9de71f4f,gazebo,false,false,true,false,emergency_stop,0.03292779548857201,0.10199999999997544,151.52387466462835,0.0,,,0.3361478942313601,0.0,1,0.0,1,1,0,0.0,0,0,1,,2.6011349982582033,0.0,0.0,0,,T11 test phase; undiscounted_return=0
t11_semantic_eta_fullsafety_seed105,t11_semantic_eta_fullsafety_seed105-episode-000221,RL-TEB-Semantic-Eta,t11-test-ood-long-turn,test_ood,105,206,t11_gazebo_formal_v1+FullSafety,e9b9a9e17ac5e7e35d95eec2a7ad7c7667049da7,true,{},d6048c50467be64439a6e2c2b04aa6384de5ca812b27160f918e080f086537c7,7bd16763e0c650dd14798c7b42d22c312d871906ff5cae53e5f8ed1e9de71f4f,gazebo,true,false,true,false,goal,5.592793524895001,6.26400000000001,0.9462158508123044,1.0348119752599036,,,30.0,0.0,8,0.4876012552501983,3,0,0,0.0,0,0,3,,1.6574800001762924,37.25000000001444,83.5000000000008,0,,T11 test phase; undiscounted_return=26.8720987
t11_semantic_eta_fullsafety_seed105,t11_semantic_eta_fullsafety_seed105-episode-000222,RL-TEB-Semantic-Eta,t11-test-ood-obstacle-offset,test_ood,105,206,t11_gazebo_formal_v1+FullSafety,e9b9a9e17ac5e7e35d95eec2a7ad7c7667049da7,true,{},d6048c50467be64439a6e2c2b04aa6384de5ca812b27160f918e080f086537c7,7bd16763e0c650dd14798c7b42d22c312d871906ff5cae53e5f8ed1e9de71f4f,gazebo,false,false,true,false,emergency_stop,0.558920686440766,0.7300000000000182,10.467769142508473,0.19672682924628496,,,1.3166766785518353,0.0,2,0.16316567849924382,2,1,0,0.0,0,0,2,,1.1690480023389682,15.000000000043201,25.000000000034106,0,,T11 test phase; undiscounted_return=2.00544763
t11_semantic_eta_fullsafety_seed105,t11_semantic_eta_fullsafety_seed105-episode-000223,RL-TEB-Semantic-Eta,t11-test-ood-narrow-corridor,test_ood,105,206,t11_gazebo_formal_v1+FullSafety,e9b9a9e17ac5e7e35d95eec2a7ad7c7667049da7,true,{},d6048c50467be64439a6e2c2b04aa6384de5ca812b27160f918e080f086537c7,7bd16763e0c650dd14798c7b42d22c312d871906ff5cae53e5f8ed1e9de71f4f,gazebo,false,false,true,false,emergency_stop,0.02863552166368749,0.10200000000008913,177.2859680313314,0.0,,,0.3298169598980767,0.0,1,0.0,1,1,0,0.0,0,0,1,,1.9564269969123416,0.0,0.0,0,,T11 test phase; undiscounted_return=0
t11_semantic_eta_fullsafety_seed105,t11_semantic_eta_fullsafety_seed105-episode-000224,RL-TEB-Semantic-Eta,t11-test-ood-long-turn,test_ood,105,207,t11_gazebo_formal_v1+FullSafety,e9b9a9e17ac5e7e35d95eec2a7ad7c7667049da7,true,{},d6048c50467be64439a6e2c2b04aa6384de5ca812b27160f918e080f086537c7,7bd16763e0c650dd14798c7b42d22c312d871906ff5cae53e5f8ed1e9de71f4f,gazebo,true,false,true,false,goal,5.561662954903087,5.851999999999975,0.9634700017997248,0.24925744850380235,,,30.0,0.0,8,0.5608594423488555,2,0,0,0.0,0,0,2,,1.7665291261437233,36.74999999999784,76.24999999997328,0,,T11 test phase; undiscounted_return=28.9479096
t11_semantic_eta_fullsafety_seed105,t11_semantic_eta_fullsafety_seed105-episode-000225,RL-TEB-Semantic-Eta,t11-test-ood-obstacle-offset,test_ood,105,207,t11_gazebo_formal_v1+FullSafety,e9b9a9e17ac5e7e35d95eec2a7ad7c7667049da7,true,{},d6048c50467be64439a6e2c2b04aa6384de5ca812b27160f918e080f086537c7,7bd16763e0c650dd14798c7b42d22c312d871906ff5cae53e5f8ed1e9de71f4f,gazebo,false,false,true,false,emergency_stop,0.6930166549747532,0.8180000000000973,8.45431633012762,0.13572436788114042,,,1.2943225703289274,0.0,2,0.11897386845861554,2,1,0,0.0,0,0,2,,1.431663997209398,14.999999999986358,65.99999999997408,0,,T11 test phase; undiscounted_return=2.44306725
t11_semantic_eta_fullsafety_seed105,t11_semantic_eta_fullsafety_seed105-episode-000226,RL-TEB-Semantic-Eta,t11-test-ood-narrow-corridor,test_ood,105,207,t11_gazebo_formal_v1+FullSafety,e9b9a9e17ac5e7e35d95eec2a7ad7c7667049da7,true,{},d6048c50467be64439a6e2c2b04aa6384de5ca812b27160f918e080f086537c7,7bd16763e0c650dd14798c7b42d22c312d871906ff5cae53e5f8ed1e9de71f4f,gazebo,false,false,true,false,emergency_stop,0.03462717574553631,0.09400000000005093,146.8617268470348,0.0,,,0.29492229156280225,0.0,1,0.0,1,1,0,0.0,0,0,1,,2.627529000164941,0.0,0.0,0,,T11 test phase; undiscounted_return=0
t11_semantic_eta_fullsafety_seed105,t11_semantic_eta_fullsafety_seed105-episode-000227,RL-TEB-Semantic-Eta,t11-test-ood-long-turn,test_ood,105,208,t11_gazebo_formal_v1+FullSafety,e9b9a9e17ac5e7e35d95eec2a7ad7c7667049da7,true,{},d6048c50467be64439a6e2c2b04aa6384de5ca812b27160f918e080f086537c7,7bd16763e0c650dd14798c7b42d22c312d871906ff5cae53e5f8ed1e9de71f4f,gazebo,true,false,true,false,goal,5.439033286193605,5.7420000000000755,0.9621064903829349,0.25020033475747055,,,30.0,0.0,8,0.571836438300361,2,0,0,0.0,0,0,2,,1.422710377482872,33.50000000000364,75.49999999999102,0,,T11 test phase; undiscounted_return=28.1847135
t11_semantic_eta_fullsafety_seed105,t11_semantic_eta_fullsafety_seed105-episode-000228,RL-TEB-Semantic-Eta,t11-test-ood-obstacle-offset,test_ood,105,208,t11_gazebo_formal_v1+FullSafety,e9b9a9e17ac5e7e35d95eec2a7ad7c7667049da7,true,{},d6048c50467be64439a6e2c2b04aa6384de5ca812b27160f918e080f086537c7,7bd16763e0c650dd14798c7b42d22c312d871906ff5cae53e5f8ed1e9de71f4f,gazebo,false,false,true,false,emergency_stop,0.674600742254219,0.8199999999999363,8.718885329579175,0.13432874114603024,,,1.4197150831834264,0.0,2,0.09865157029057489,2,1,0,0.0,0,0,2,,1.667884997004876,20.000000000038654,68.00000000004047,0,,T11 test phase; undiscounted_return=2.40126913
t11_semantic_eta_fullsafety_seed105,t11_semantic_eta_fullsafety_seed105-episode-000229,RL-TEB-Semantic-Eta,t11-test-ood-narrow-corridor,test_ood,105,208,t11_gazebo_formal_v1+FullSafety,e9b9a9e17ac5e7e35d95eec2a7ad7c7667049da7,true,{},d6048c50467be64439a6e2c2b04aa6384de5ca812b27160f918e080f086537c7,7bd16763e0c650dd14798c7b42d22c312d871906ff5cae53e5f8ed1e9de71f4f,gazebo,false,false,true,false,emergency_stop,0.02554656577587156,0.09999999999990905,192.3438904597916,0.0,,,0.38426937853164456,0.0,1,0.0,1,1,0,0.0,0,0,1,,1.6115250036818907,0.0,0.0,0,,T11 test phase; undiscounted_return=0
t11_semantic_eta_fullsafety_seed105,t11_semantic_eta_fullsafety_seed105-episode-000230,RL-TEB-Semantic-Eta,t11-test-ood-long-turn,test_ood,105,209,t11_gazebo_formal_v1+FullSafety,e9b9a9e17ac5e7e35d95eec2a7ad7c7667049da7,true,{},d6048c50467be64439a6e2c2b04aa6384de5ca812b27160f918e080f086537c7,7bd16763e0c650dd14798c7b42d22c312d871906ff5cae53e5f8ed1e9de71f4f,gazebo,true,false,true,false,goal,5.58821945473766,6.350000000000023,0.94910966994503,0.755598710218104,,,30.0,0.0,9,0.5536678304603404,3,0,0,0.0,0,0,3,,1.738011999502002,35.33333333334414,73.11111111111283,0,,T11 test phase; undiscounted_return=28.6740657
t11_semantic_eta_fullsafety_seed105,t11_semantic_eta_fullsafety_seed105-episode-000231,RL-TEB-Semantic-Eta,t11-test-ood-obstacle-offset,test_ood,105,209,t11_gazebo_formal_v1+FullSafety,e9b9a9e17ac5e7e35d95eec2a7ad7c7667049da7,true,{},d6048c50467be64439a6e2c2b04aa6384de5ca812b27160f918e080f086537c7,7bd16763e0c650dd14798c7b42d22c312d871906ff5cae53e5f8ed1e9de71f4f,gazebo,false,false,true,false,emergency_stop,0.6449828839718764,0.8059999999999263,8.978242702071725,0.07607492514996693,,,1.1787365867159267,0.0,2,0.0873209421372488,2,1,0,0.0,0,0,2,,1.4504319988191128,15.000000000043201,66.00000000003092,0,,T11 test phase; undiscounted_return=2.168278
t11_semantic_eta_fullsafety_seed105,t11_semantic_eta_fullsafety_seed105-episode-000232,RL-TEB-Semantic-Eta,t11-test-ood-narrow-corridor,test_ood,105,209,t11_gazebo_formal_v1+FullSafety,e9b9a9e17ac5e7e35d95eec2a7ad7c7667049da7,true,{},d6048c50467be64439a6e2c2b04aa6384de5ca812b27160f918e080f086537c7,7bd16763e0c650dd14798c7b42d22c312d871906ff5cae53e5f8ed1e9de71f4f,gazebo,false,false,true,false,emergency_stop,0.021372272290819394,0.11599999999998545,233.65043783210157,0.0,,,0.34679752742549996,0.0,1,0.0,1,1,0,0.0,0,0,1,,2.3248299985425547,0.0,0.0,0,,T11 test phase; undiscounted_return=0
t11_semantic_eta_fullsafety_seed105,t11_semantic_eta_fullsafety_seed105-episode-000233,RL-TEB-Semantic-Eta,t11-test-ood-long-turn,test_ood,105,210,t11_gazebo_formal_v1+FullSafety,e9b9a9e17ac5e7e35d95eec2a7ad7c7667049da7,true,{},d6048c50467be64439a6e2c2b04aa6384de5ca812b27160f918e080f086537c7,7bd16763e0c650dd14798c7b42d22c312d871906ff5cae53e5f8ed1e9de71f4f,gazebo,true,false,true,false,goal,5.4741289997205165,5.739999999999895,0.962625824857559,0.23791203872750274,,,30.0,0.0,8,0.5656420921699306,2,0,0,0.0,0,0,2,,1.2204466247567325,33.49999999998943,87.99999999999386,0,,T11 test phase; undiscounted_return=28.1617802
t11_semantic_eta_fullsafety_seed105,t11_semantic_eta_fullsafety_seed105-episode-000234,RL-TEB-Semantic-Eta,t11-test-ood-obstacle-offset,test_ood,105,210,t11_gazebo_formal_v1+FullSafety,e9b9a9e17ac5e7e35d95eec2a7ad7c7667049da7,true,{},d6048c50467be64439a6e2c2b04aa6384de5ca812b27160f918e080f086537c7,7bd16763e0c650dd14798c7b42d22c312d871906ff5cae53e5f8ed1e9de71f4f,gazebo,false,false,true,false,emergency_stop,0.6009991106204781,0.73599999999999,9.628943877943309,0.20662133980609487,,,1.347410694374481,0.0,2,0.135495558516522,2,1,0,0.0,0,0,2,,1.4673089972347952,21.000000000015007,24.999999999977263,0,,T11 test phase; undiscounted_return=2.15958628
t11_semantic_eta_fullsafety_seed105,t11_semantic_eta_fullsafety_seed105-episode-000235,RL-TEB-Semantic-Eta,t11-test-ood-narrow-corridor,test_ood,105,210,t11_gazebo_formal_v1+FullSafety,e9b9a9e17ac5e7e35d95eec2a7ad7c7667049da7,true,{},d6048c50467be64439a6e2c2b04aa6384de5ca812b27160f918e080f086537c7,7bd16763e0c650dd14798c7b42d22c312d871906ff5cae53e5f8ed1e9de71f4f,gazebo,false,false,true,false,emergency_stop,0.04069416190010315,0.11399999999991905,121.42565926646274,0.0,,,0.34132120378449066,0.0,1,0.0,1,1,0,0.0,0,0,1,,2.607966998766642,0.0,0.0,0,,T11 test phase; undiscounted_return=0
