run_id,episode_id,algorithm,scene_id,scene_split,training_seed,seed,config_version,git_commit,git_dirty,submodule_commits_json,policy_checkpoint_sha256,scenario_manifest_sha256,localization_mode,success,collision,terminated,truncated,termination_reason,path_length,navigation_time,path_efficiency,smoothness,linear_acc_rms,angular_acc_rms,min_obstacle_distance,near_collision_time_ratio,parameter_adjustment_count,parameter_total_variation,projection_intervention_count,safety_filter_intervention_count,safety_fallback_count,fallback_duration,fallback_recovery_count,planner_failure_count,candidate_parameter_violation_count,semantic_direction_consistency,inference_latency_mean,parameter_write_latency_mean,parameter_activation_latency_mean,operator_intervention_count,bag_uri,notes
t11_direct_theta_fullsafety_seed105,t11_direct_theta_fullsafety_seed105-episode-000001,RL-TEB-Direct-Theta,t11-train-clear-straight,train,105,105,t11_gazebo_formal_v1+FullSafety,e9b9a9e17ac5e7e35d95eec2a7ad7c7667049da7,true,{},,7bd16763e0c650dd14798c7b42d22c312d871906ff5cae53e5f8ed1e9de71f4f,gazebo,true,false,true,false,goal,2.533001161192463,3.35,0.995272996990158,0.2165332741195371,,,30.0,0.0,4,3.014441516569682,2,0,0,0.0,0,0,2,,0.0,43.00000000000015,107.99999999999999,0,,T11 train phase; undiscounted_return=18.0802315
t11_direct_theta_fullsafety_seed105,t11_direct_theta_fullsafety_seed105-episode-000002,RL-TEB-Direct-Theta,t11-train-clear-straight,train,105,105,t11_gazebo_formal_v1+FullSafety,e9b9a9e17ac5e7e35d95eec2a7ad7c7667049da7,true,{},,7bd16763e0c650dd14798c7b42d22c312d871906ff5cae53e5f8ed1e9de71f4f,gazebo,true,false,true,false,goal,2.5760134376417834,3.2439999999999998,1.0012451153233946,0.1957766595965378,,,30.0,0.0,4,6.009782230286371,1,0,0,0.0,0,0,1,,0.0,38.000000000000036,83.4999999999999,0,,T11 train phase; undiscounted_return=18.3480882
t11_direct_theta_fullsafety_seed105,t11_direct_theta_fullsafety_seed105-episode-000003,RL-TEB-Direct-Theta,t11-train-clear-straight,train,105,105,t11_gazebo_formal_v1+FullSafety,e9b9a9e17ac5e7e35d95eec2a7ad7c7667049da7,true,{},,7bd16763e0c650dd14798c7b42d22c312d871906ff5cae53e5f8ed1e9de71f4f,gazebo,true,false,true,false,goal,2.5185662333834267,3.3580000000000005,0.9948422396251636,0.19602426858408534,,,30.0,0.0,4,5.111881809007555,4,0,0,0.0,0,0,4,,0.0,36.000000000000476,71.4999999999999,0,,T11 train phase; undiscounted_return=18.2377701
t11_direct_theta_fullsafety_seed105,t11_direct_theta_fullsafety_seed105-episode-000004,RL-TEB-Direct-Theta,t11-train-clear-straight,train,105,105,t11_gazebo_formal_v1+FullSafety,e9b9a9e17ac5e7e35d95eec2a7ad7c7667049da7,true,{},,7bd16763e0c650dd14798c7b42d22c312d871906ff5cae53e5f8ed1e9de71f4f,gazebo,true,false,true,false,goal,2.5807286408442236,3.4480000000000004,1.001702888938002,0.14759659553263388,,,30.0,0.0,4,5.34684850232942,1,0,0,0.0,0,0,1,,0.0,38.500000000000426,82.49999999999957,0,,T11 train phase; undiscounted_return=18.7579064
t11_direct_theta_fullsafety_seed105,t11_direct_theta_fullsafety_seed105-episode-000005,RL-TEB-Direct-Theta,t11-train-clear-straight,train,105,105,t11_gazebo_formal_v1+FullSafety,e9b9a9e17ac5e7e35d95eec2a7ad7c7667049da7,true,{},,7bd16763e0c650dd14798c7b42d22c312d871906ff5cae53e5f8ed1e9de71f4f,gazebo,true,false,true,false,goal,2.47540338853479,3.25,1.0003134324541278,0.12225578264662969,,,30.0,0.0,3,3.7084918936093647,2,0,0,0.0,0,0,2,,0.0,43.33333333333419,94.6666666666663,0,,T11 train phase; undiscounted_return=17.0007092
t11_direct_theta_fullsafety_seed105,t11_direct_theta_fullsafety_seed105-episode-000006,RL-TEB-Direct-Theta,t11-train-clear-straight,train,105,105,t11_gazebo_formal_v1+FullSafety,e9b9a9e17ac5e7e35d95eec2a7ad7c7667049da7,true,{},,7bd16763e0c650dd14798c7b42d22c312d871906ff5cae53e5f8ed1e9de71f4f,gazebo,true,false,true,false,goal,2.563131172261257,3.248000000000001,1.0007651625581342,0.16753546774658543,,,30.0,0.0,4,5.259068173453922,2,0,0,0.0,0,0,2,,0.0,32.00000000000092,70.5,0,,T11 train phase; undiscounted_return=18.4962109
t11_direct_theta_fullsafety_seed105,t11_direct_theta_fullsafety_seed105-episode-000007,RL-TEB-Direct-Theta,t11-train-clear-straight,train,105,105,t11_gazebo_formal_v1+FullSafety,e9b9a9e17ac5e7e35d95eec2a7ad7c7667049da7,true,{},,7bd16763e0c650dd14798c7b42d22c312d871906ff5cae53e5f8ed1e9de71f4f,gazebo,true,false,true,false,goal,2.5250072522567053,3.2379999999999995,1.0006272790615387,0.1481617548324352,,,30.0,0.0,4,3.4995029648145044,3,0,0,0.0,0,0,3,,0.0,37.99999999999848,93.99999999999943,0,,T11 train phase; undiscounted_return=18.6227093
t11_direct_theta_fullsafety_seed105,t11_direct_theta_fullsafety_seed105-episode-000008,RL-TEB-Direct-Theta,t11-train-clear-straight,train,105,105,t11_gazebo_formal_v1+FullSafety,e9b9a9e17ac5e7e35d95eec2a7ad7c7667049da7,true,{},,7bd16763e0c650dd14798c7b42d22c312d871906ff5cae53e5f8ed1e9de71f4f,gazebo,true,false,true,false,goal,2.533986750534966,3.554000000000002,1.0026953196890571,0.12005820267329181,,,30.0,0.0,4,5.136387873263585,3,0,0,0.0,0,0,3,,0.0,36.5000000000002,71.49999999999679,0,,T11 train phase; undiscounted_return=17.4022987
t11_direct_theta_fullsafety_seed105,t11_direct_theta_fullsafety_seed105-episode-000009,RL-TEB-Direct-Theta,t11-train-clear-straight,train,105,105,t11_gazebo_formal_v1+FullSafety,e9b9a9e17ac5e7e35d95eec2a7ad7c7667049da7,true,{},,7bd16763e0c650dd14798c7b42d22c312d871906ff5cae53e5f8ed1e9de71f4f,gazebo,true,false,true,false,goal,2.516695785486948,3.152000000000001,1.0081620621311373,0.18346818890153777,,,30.0,0.0,4,4.891343524626324,1,0,0,0.0,0,0,1,,0.0,48.50000000000243,108.00000000000054,0,,T11 train phase; undiscounted_return=18.5302777
t11_direct_theta_fullsafety_seed105,t11_direct_theta_fullsafety_seed105-episode-000010,RL-TEB-Direct-Theta,t11-train-clear-straight,train,105,105,t11_gazebo_formal_v1+FullSafety,e9b9a9e17ac5e7e35d95eec2a7ad7c7667049da7,true,{},,7bd16763e0c650dd14798c7b42d22c312d871906ff5cae53e5f8ed1e9de71f4f,gazebo,true,false,true,false,goal,2.5528583373680647,3.2520000000000024,1.0013742560661612,0.20980442546831082,,,30.0,0.0,4,4.794127780199049,2,0,0,0.0,0,0,2,,0.0,41.499999999999204,70.00000000000028,0,,T11 train phase; undiscounted_return=18.4615297
t11_direct_theta_fullsafety_seed105,t11_direct_theta_fullsafety_seed105-episode-000011,RL-TEB-Direct-Theta,t11-train-clear-straight,train,105,105,t11_gazebo_formal_v1+FullSafety,e9b9a9e17ac5e7e35d95eec2a7ad7c7667049da7,true,{},,7bd16763e0c650dd14798c7b42d22c312d871906ff5cae53e5f8ed1e9de71f4f,gazebo,true,false,true,false,goal,2.462412755389531,3.25,0.9997869805700602,0.13558701239913315,,,30.0,0.0,4,6.532507172652656,3,0,0,0.0,0,0,3,,0.0,37.00000000000081,81.99999999999896,0,,T11 train phase; undiscounted_return=17.71541
t11_direct_theta_fullsafety_seed105,t11_direct_theta_fullsafety_seed105-episode-000012,RL-TEB-Direct-Theta,t11-train-clear-straight,train,105,105,t11_gazebo_formal_v1+FullSafety,e9b9a9e17ac5e7e35d95eec2a7ad7c7667049da7,true,{},,7bd16763e0c650dd14798c7b42d22c312d871906ff5cae53e5f8ed1e9de71f4f,gazebo,true,false,true,false,goal,2.5409699632390845,3.3560000000000016,0.9994716455714465,0.20885116647512394,,,30.0,0.0,4,4.222639734404429,0,0,0,0.0,0,0,0,,0.0,35.00000000000014,85.00000000000085,0,,T11 train phase; undiscounted_return=18.3289954
t11_direct_theta_fullsafety_seed105,t11_direct_theta_fullsafety_seed105-episode-000013,RL-TEB-Direct-Theta,t11-train-clear-straight,train,105,105,t11_gazebo_formal_v1+FullSafety,e9b9a9e17ac5e7e35d95eec2a7ad7c7667049da7,true,{},,7bd16763e0c650dd14798c7b42d22c312d871906ff5cae53e5f8ed1e9de71f4f,gazebo,true,false,true,false,goal,2.4609018775348654,3.3560000000000016,0.9990614566840156,0.24349530862575636,,,30.0,0.0,4,4.196897678999674,2,0,0,0.0,0,0,2,,0.0,37.49999999999787,71.99999999999918,0,,T11 train phase; undiscounted_return=18.0189967
t11_direct_theta_fullsafety_seed105,t11_direct_theta_fullsafety_seed105-episode-000014,RL-TEB-Direct-Theta,t11-train-clear-straight,train,105,105,t11_gazebo_formal_v1+FullSafety,e9b9a9e17ac5e7e35d95eec2a7ad7c7667049da7,true,{},,7bd16763e0c650dd14798c7b42d22c312d871906ff5cae53e5f8ed1e9de71f4f,gazebo,true,false,true,false,goal,2.4722935297110724,3.2580000000000027,0.9958919521475509,0.13351484346865766,,,30.0,0.0,3,3.196547445229122,1,0,0,0.0,0,0,1,,0.0,38.666666666668924,96.66666666666639,0,,T11 train phase; undiscounted_return=17.0142886
t11_direct_theta_fullsafety_seed105,t11_direct_theta_fullsafety_seed105-episode-000015,RL-TEB-Direct-Theta,t11-train-clear-straight,train,105,105,t11_gazebo_formal_v1+FullSafety,e9b9a9e17ac5e7e35d95eec2a7ad7c7667049da7,true,{},,7bd16763e0c650dd14798c7b42d22c312d871906ff5cae53e5f8ed1e9de71f4f,gazebo,true,false,true,false,goal,2.569808935616651,3.3460000000000036,1.0012911167042307,0.21193843741696408,,,30.0,0.0,4,4.665157356716339,0,0,0,0.0,0,0,0,,0.0,34.50000000000131,95.50000000000125,0,,T11 train phase; undiscounted_return=18.2502327
t11_direct_theta_fullsafety_seed105,t11_direct_theta_fullsafety_seed105-episode-000016,RL-TEB-Direct-Theta,t11-train-clear-straight,train,105,105,t11_gazebo_formal_v1+FullSafety,e9b9a9e17ac5e7e35d95eec2a7ad7c7667049da7,true,{},,7bd16763e0c650dd14798c7b42d22c312d871906ff5cae53e5f8ed1e9de71f4f,gazebo,true,false,true,false,goal,2.5322418270669225,3.358000000000004,1.001656110705047,0.2166982214760574,,,30.0,0.0,4,5.136963828972408,1,0,0,0.0,0,0,1,,0.0,38.50000000000264,47.999999999998266,0,,T11 train phase; undiscounted_return=18.8498965
t11_direct_theta_fullsafety_seed105,t11_direct_theta_fullsafety_seed105-episode-000017,RL-TEB-Direct-Theta,t11-train-clear-straight,train,105,105,t11_gazebo_formal_v1+FullSafety,e9b9a9e17ac5e7e35d95eec2a7ad7c7667049da7,true,{},,7bd16763e0c650dd14798c7b42d22c312d871906ff5cae53e5f8ed1e9de71f4f,gazebo,true,false,true,false,goal,2.4048464279922053,3.1480000000000103,1.0008762352695764,0.18489547471394496,,,30.0,0.0,3,3.369950515031814,0,0,0,0.0,0,0,0,,0.0,38.66666666666655,44.66666666666678,0,,T11 train phase; undiscounted_return=17.3401328
t11_direct_theta_fullsafety_seed105,t11_direct_theta_fullsafety_seed105-episode-000018,RL-TEB-Direct-Theta,t11-train-clear-straight,train,105,105,t11_gazebo_formal_v1+FullSafety,e9b9a9e17ac5e7e35d95eec2a7ad7c7667049da7,true,{},,7bd16763e0c650dd14798c7b42d22c312d871906ff5cae53e5f8ed1e9de71f4f,gazebo,true,false,true,false,goal,2.542619188934715,3.3499999999999943,0.9989852833931258,0.1605776373596603,,,30.0,0.0,4,6.58537235118094,4,0,0,0.0,0,0,4,,0.0,30.000000000001137,69.00000000000261,0,,T11 train phase; undiscounted_return=18.658363
t11_direct_theta_fullsafety_seed105,t11_direct_theta_fullsafety_seed105-episode-000019,RL-TEB-Direct-Theta,t11-train-clear-straight,train,105,105,t11_gazebo_formal_v1+FullSafety,e9b9a9e17ac5e7e35d95eec2a7ad7c7667049da7,true,{},,7bd16763e0c650dd14798c7b42d22c312d871906ff5cae53e5f8ed1e9de71f4f,gazebo,true,false,true,false,goal,2.4143259909165167,3.3460000000000036,0.9995188062644299,0.1287401188884681,,,30.0,0.0,4,6.599981938089643,2,0,0,0.0,0,0,2,,0.0,31.500000000004746,95.00000000000597,0,,T11 train phase; undiscounted_return=17.7262979
t11_direct_theta_fullsafety_seed105,t11_direct_theta_fullsafety_seed105-episode-000020,RL-TEB-Direct-Theta,t11-train-clear-straight,train,105,105,t11_gazebo_formal_v1+FullSafety,e9b9a9e17ac5e7e35d95eec2a7ad7c7667049da7,true,{},,7bd16763e0c650dd14798c7b42d22c312d871906ff5cae53e5f8ed1e9de71f4f,gazebo,true,false,true,false,goal,2.4714664746248074,3.146000000000001,1.0016177963856017,0.16030418997628443,,,30.0,0.0,4,5.2585665101096755,1,0,0,0.0,0,0,1,,0.0,28.999999999996362,80.49999999999713,0,,T11 train phase; undiscounted_return=18.4730421
t11_direct_theta_fullsafety_seed105,t11_direct_theta_fullsafety_seed105-episode-000021,RL-TEB-Direct-Theta,t11-train-clear-straight,train,105,105,t11_gazebo_formal_v1+FullSafety,e9b9a9e17ac5e7e35d95eec2a7ad7c7667049da7,true,{},,7bd16763e0c650dd14798c7b42d22c312d871906ff5cae53e5f8ed1e9de71f4f,gazebo,true,false,true,false,goal,2.7184960791629718,4.460000000000008,0.8839567556129819,0.28457445344195637,,,30.0,0.0,4,6.351414776983716,1,0,0,0.0,0,0,1,,0.0,32.00000000000003,120.000000000001,0,,T11 train phase; undiscounted_return=17.2954459
t11_direct_theta_fullsafety_seed105,t11_direct_theta_fullsafety_seed105-episode-000022,RL-TEB-Direct-Theta,t11-train-clear-straight,train,105,105,t11_gazebo_formal_v1+FullSafety,e9b9a9e17ac5e7e35d95eec2a7ad7c7667049da7,true,{},,7bd16763e0c650dd14798c7b42d22c312d871906ff5cae53e5f8ed1e9de71f4f,gazebo,true,false,true,false,goal,2.4347810608549985,3.3500000000000085,1.0024016877019886,0.13233787248049295,,,30.0,0.0,3,3.574639744985672,0,0,0,0.0,0,0,0,,0.0,29.9999999999964,84.66666666666356,0,,T11 train phase; undiscounted_return=16.8003616
t11_direct_theta_fullsafety_seed105,t11_direct_theta_fullsafety_seed105-episode-000023,RL-TEB-Direct-Theta,t11-train-clear-straight,train,105,105,t11_gazebo_formal_v1+FullSafety,e9b9a9e17ac5e7e35d95eec2a7ad7c7667049da7,true,{},,7bd16763e0c650dd14798c7b42d22c312d871906ff5cae53e5f8ed1e9de71f4f,gazebo,true,false,true,false,goal,2.437505027561438,3.1340000000000003,1.0009331115917341,0.1488588649102074,,,30.0,0.0,3,2.1791320443153372,1,0,0,0.0,0,0,1,,0.0,32.66666666667106,96.00000000000364,0,,T11 train phase; undiscounted_return=17.2480011
t11_direct_theta_fullsafety_seed105,t11_direct_theta_fullsafety_seed105-episode-000024,RL-TEB-Direct-Theta,t11-train-clear-straight,train,105,105,t11_gazebo_formal_v1+FullSafety,e9b9a9e17ac5e7e35d95eec2a7ad7c7667049da7,true,{},,7bd16763e0c650dd14798c7b42d22c312d871906ff5cae53e5f8ed1e9de71f4f,gazebo,true,false,true,false,goal,2.4647403367263174,3.343999999999994,0.9989755881480455,0.21069113961548358,,,30.0,0.0,4,5.946696038189387,1,0,0,0.0,0,0,1,,0.0,34.99999999999659,68.99999999999551,0,,T11 train phase; undiscounted_return=17.8035256
t11_direct_theta_fullsafety_seed105,t11_direct_theta_fullsafety_seed105-episode-000025,RL-TEB-Direct-Theta,t11-train-clear-straight,train,105,105,t11_gazebo_formal_v1+FullSafety,e9b9a9e17ac5e7e35d95eec2a7ad7c7667049da7,true,{},,7bd16763e0c650dd14798c7b42d22c312d871906ff5cae53e5f8ed1e9de71f4f,gazebo,true,false,true,false,goal,2.4778115909577396,3.3419999999999987,0.9896812122400318,0.14572970713898983,,,30.0,0.0,3,4.075497945149739,3,0,0,0.0,0,0,3,,0.0,34.000000000006025,114.00000000000432,0,,T11 train phase; undiscounted_return=16.4615242
t11_direct_theta_fullsafety_seed105,t11_direct_theta_fullsafety_seed105-episode-000026,RL-TEB-Direct-Theta,t11-train-clear-straight,train,105,105,t11_gazebo_formal_v1+FullSafety,e9b9a9e17ac5e7e35d95eec2a7ad7c7667049da7,true,{},,7bd16763e0c650dd14798c7b42d22c312d871906ff5cae53e5f8ed1e9de71f4f,gazebo,true,false,true,false,goal,2.5239760965109515,3.334000000000003,1.0013648631400816,0.10913586792995601,,,30.0,0.0,4,5.455281746955146,3,0,0,0.0,0,0,3,,0.0,38.999999999997925,104.99999999999687,0,,T11 train phase; undiscounted_return=18.0452898
t11_direct_theta_fullsafety_seed105,t11_direct_theta_fullsafety_seed105-episode-000027,RL-TEB-Direct-Theta,t11-train-clear-straight,train,105,105,t11_gazebo_formal_v1+FullSafety,e9b9a9e17ac5e7e35d95eec2a7ad7c7667049da7,true,{},,7bd16763e0c650dd14798c7b42d22c312d871906ff5cae53e5f8ed1e9de71f4f,gazebo,true,false,true,false,goal,2.5773916888932726,3.254000000000005,1.0000874877845034,0.20374282626235063,,,30.0,0.0,4,5.208708449204764,3,0,0,0.0,0,0,3,,0.0,24.49999999999619,57.99999999999983,0,,T11 train phase; undiscounted_return=18.5072928
t11_direct_theta_fullsafety_seed105,t11_direct_theta_fullsafety_seed105-episode-000028,RL-TEB-Direct-Theta,t11-train-clear-straight,train,105,105,t11_gazebo_formal_v1+FullSafety,e9b9a9e17ac5e7e35d95eec2a7ad7c7667049da7,true,{},,7bd16763e0c650dd14798c7b42d22c312d871906ff5cae53e5f8ed1e9de71f4f,gazebo,true,false,true,false,goal,2.4571419038399713,3.6440000000000055,1.0011641822569048,0.15157644319290187,,,30.0,0.0,4,6.650267124176023,2,0,0,0.0,0,0,2,,0.0,31.49999999999764,119.50000000000216,0,,T11 train phase; undiscounted_return=17.0737527
t11_direct_theta_fullsafety_seed105,t11_direct_theta_fullsafety_seed105-episode-000029,RL-TEB-Direct-Theta,t11-train-clear-straight,train,105,105,t11_gazebo_formal_v1+FullSafety,e9b9a9e17ac5e7e35d95eec2a7ad7c7667049da7,true,{},,7bd16763e0c650dd14798c7b42d22c312d871906ff5cae53e5f8ed1e9de71f4f,gazebo,true,false,true,false,goal,2.4108802067942214,3.347999999999999,0.9986389538940814,0.14673374933348565,,,30.0,0.0,3,3.720790130183811,3,0,0,0.0,0,0,3,,0.0,38.66666666666655,97.99999999999898,0,,T11 train phase; undiscounted_return=16.601297
t11_direct_theta_fullsafety_seed105,t11_direct_theta_fullsafety_seed105-episode-000030,RL-TEB-Direct-Theta,t11-train-clear-straight,train,105,105,t11_gazebo_formal_v1+FullSafety,e9b9a9e17ac5e7e35d95eec2a7ad7c7667049da7,true,{},,7bd16763e0c650dd14798c7b42d22c312d871906ff5cae53e5f8ed1e9de71f4f,gazebo,true,false,true,false,goal,2.4251583587027308,3.2460000000000093,0.9971832851564365,0.17475928241001354,,,30.0,0.0,3,3.918298433224361,1,0,0,0.0,0,0,1,,0.0,34.000000000010765,112.66666666667409,0,,T11 train phase; undiscounted_return=16.7249998
t11_direct_theta_fullsafety_seed105,t11_direct_theta_fullsafety_seed105-episode-000031,RL-TEB-Direct-Theta,t11-train-clear-straight,train,105,105,t11_gazebo_formal_v1+FullSafety,e9b9a9e17ac5e7e35d95eec2a7ad7c7667049da7,true,{},,7bd16763e0c650dd14798c7b42d22c312d871906ff5cae53e5f8ed1e9de71f4f,gazebo,true,false,true,false,goal,2.557473041445312,3.352000000000004,0.9982286239702121,0.15556587755346102,,,30.0,0.0,4,4.486269331829889,3,0,0,0.0,0,0,3,,0.0,32.500000000013074,95.00000000001307,0,,T11 train phase; undiscounted_return=18.1298272
t11_direct_theta_fullsafety_seed105,t11_direct_theta_fullsafety_seed105-episode-000032,RL-TEB-Direct-Theta,t11-train-clear-straight,train,105,105,t11_gazebo_formal_v1+FullSafety,e9b9a9e17ac5e7e35d95eec2a7ad7c7667049da7,true,{},,7bd16763e0c650dd14798c7b42d22c312d871906ff5cae53e5f8ed1e9de71f4f,gazebo,true,false,true,false,goal,2.4107813488846905,3.1319999999999766,0.9975805615389048,0.13675728663604578,,,30.0,0.0,3,2.838407510235198,2,0,0,0.0,0,0,2,,0.0,30.000000000010612,92.00000000000348,0,,T11 train phase; undiscounted_return=16.8973035
t11_direct_theta_fullsafety_seed105,t11_direct_theta_fullsafety_seed105-episode-000033,RL-TEB-Direct-Theta,t11-train-clear-straight,train,105,105,t11_gazebo_formal_v1+FullSafety,e9b9a9e17ac5e7e35d95eec2a7ad7c7667049da7,true,{},,7bd16763e0c650dd14798c7b42d22c312d871906ff5cae53e5f8ed1e9de71f4f,gazebo,true,false,true,false,goal,2.5186190696686435,3.26400000000001,1.0006312157955337,0.076100178693758,,,30.0,0.0,3,3.095186615274067,1,0,0,0.0,0,0,1,,0.0,36.000000000001364,102.00000000000387,0,,T11 train phase; undiscounted_return=17.2230912
t11_direct_theta_fullsafety_seed105,t11_direct_theta_fullsafety_seed105-episode-000034,RL-TEB-Direct-Theta,t11-train-clear-straight,train,105,105,t11_gazebo_formal_v1+FullSafety,e9b9a9e17ac5e7e35d95eec2a7ad7c7667049da7,true,{},,7bd16763e0c650dd14798c7b42d22c312d871906ff5cae53e5f8ed1e9de71f4f,gazebo,true,false,true,false,goal,2.432881451010936,3.1399999999999864,1.0019418706696994,0.1427631655964421,,,30.0,0.0,3,2.8771167227200087,1,0,0,0.0,0,0,1,,0.0,30.000000000001137,114.6666666666647,0,,T11 train phase; undiscounted_return=16.8622015
t11_direct_theta_fullsafety_seed105,t11_direct_theta_fullsafety_seed105-episode-000035,RL-TEB-Direct-Theta,t11-train-clear-straight,train,105,105,t11_gazebo_formal_v1+FullSafety,e9b9a9e17ac5e7e35d95eec2a7ad7c7667049da7,true,{},,7bd16763e0c650dd14798c7b42d22c312d871906ff5cae53e5f8ed1e9de71f4f,gazebo,true,false,true,false,goal,2.521456792822622,3.2579999999999814,0.999316054925297,0.21693177770684605,,,30.0,0.0,4,3.3635625382264447,1,0,0,0.0,0,0,1,,0.0,28.999999999996362,70.50000000000267,0,,T11 train phase; undiscounted_return=18.4274393
t11_direct_theta_fullsafety_seed105,t11_direct_theta_fullsafety_seed105-episode-000036,RL-TEB-Direct-Theta,t11-train-clear-straight,train,105,105,t11_gazebo_formal_v1+FullSafety,e9b9a9e17ac5e7e35d95eec2a7ad7c7667049da7,true,{},,7bd16763e0c650dd14798c7b42d22c312d871906ff5cae53e5f8ed1e9de71f4f,gazebo,true,false,true,false,goal,2.537702321816114,3.2479999999999905,1.0010806870116,0.17292747515189305,,,30.0,0.0,3,3.400612160989217,0,0,0,0.0,0,0,0,,0.0,30.666666666652038,112.66666666666463,0,,T11 train phase; undiscounted_return=17.2054917
t11_direct_theta_fullsafety_seed105,t11_direct_theta_fullsafety_seed105-episode-000037,RL-TEB-Direct-Theta,t11-train-clear-straight,train,105,105,t11_gazebo_formal_v1+FullSafety,e9b9a9e17ac5e7e35d95eec2a7ad7c7667049da7,true,{},,7bd16763e0c650dd14798c7b42d22c312d871906ff5cae53e5f8ed1e9de71f4f,gazebo,true,false,true,false,goal,2.497091643091279,3.2520000000000095,1.0005267974813252,0.1329961462062352,,,30.0,0.0,3,3.3729725698630015,2,0,0,0.0,0,0,2,,0.0,29.333333333331286,113.99999999999484,0,,T11 train phase; undiscounted_return=17.0081192
t11_direct_theta_fullsafety_seed105,t11_direct_theta_fullsafety_seed105-episode-000038,RL-TEB-Direct-Theta,t11-train-clear-straight,train,105,105,t11_gazebo_formal_v1+FullSafety,e9b9a9e17ac5e7e35d95eec2a7ad7c7667049da7,true,{},,7bd16763e0c650dd14798c7b42d22c312d871906ff5cae53e5f8ed1e9de71f4f,gazebo,true,false,true,false,goal,2.527873903770484,3.2560000000000002,1.0016112838818327,0.19717731015787462,,,30.0,0.0,4,6.789475558201472,2,0,0,0.0,0,0,2,,0.0,30.500000000003524,83.49999999999369,0,,T11 train phase; undiscounted_return=18.4922028
t11_direct_theta_fullsafety_seed105,t11_direct_theta_fullsafety_seed105-episode-000039,RL-TEB-Direct-Theta,t11-train-clear-straight,train,105,105,t11_gazebo_formal_v1+FullSafety,e9b9a9e17ac5e7e35d95eec2a7ad7c7667049da7,true,{},,7bd16763e0c650dd14798c7b42d22c312d871906ff5cae53e5f8ed1e9de71f4f,gazebo,true,false,true,false,goal,2.5444347372680425,3.460000000000008,1.0004552453854287,0.21203900435082396,,,30.0,0.0,4,5.297082116774149,2,0,0,0.0,0,0,2,,0.0,31.49999999999409,85.00000000000085,0,,T11 train phase; undiscounted_return=18.222147
t11_direct_theta_fullsafety_seed105,t11_direct_theta_fullsafety_seed105-episode-000040,RL-TEB-Direct-Theta,t11-train-clear-straight,train,105,105,t11_gazebo_formal_v1+FullSafety,e9b9a9e17ac5e7e35d95eec2a7ad7c7667049da7,true,{},,7bd16763e0c650dd14798c7b42d22c312d871906ff5cae53e5f8ed1e9de71f4f,gazebo,true,false,true,false,goal,2.5934224946662225,3.4399999999999977,0.998639042844971,0.1294937799366196,,,30.0,0.0,4,4.314343239579882,3,0,0,0.0,0,0,3,,0.0,36.000000000001364,94.50000000000358,0,,T11 train phase; undiscounted_return=17.8996821
t11_direct_theta_fullsafety_seed105,t11_direct_theta_fullsafety_seed105-episode-000041,RL-TEB-Direct-Theta,t11-train-clear-straight,train,105,105,t11_gazebo_formal_v1+FullSafety,e9b9a9e17ac5e7e35d95eec2a7ad7c7667049da7,true,{},,7bd16763e0c650dd14798c7b42d22c312d871906ff5cae53e5f8ed1e9de71f4f,gazebo,true,false,true,false,goal,2.4123848962685237,3.6580000000000155,1.0001430448031092,0.14786021251481757,,,30.0,0.0,4,5.996898755573092,4,0,0,0.0,0,0,4,,0.0,23.500000000005627,47.000000000011255,0,,T11 train phase; undiscounted_return=17.4451369
t11_direct_theta_fullsafety_seed105,t11_direct_theta_fullsafety_seed105-episode-000042,RL-TEB-Direct-Theta,t11-train-clear-straight,train,105,105,t11_gazebo_formal_v1+FullSafety,e9b9a9e17ac5e7e35d95eec2a7ad7c7667049da7,true,{},,7bd16763e0c650dd14798c7b42d22c312d871906ff5cae53e5f8ed1e9de71f4f,gazebo,true,false,true,false,goal,2.479159792515499,3.2520000000000095,0.9994859603804279,0.1224649966268977,,,30.0,0.0,3,2.960622245924813,0,0,0,0.0,0,0,0,,0.0,35.33333333334099,99.33333333333394,0,,T11 train phase; undiscounted_return=16.8297787
t11_direct_theta_fullsafety_seed105,t11_direct_theta_fullsafety_seed105-episode-000043,RL-TEB-Direct-Theta,t11-train-clear-straight,train,105,105,t11_gazebo_formal_v1+FullSafety,e9b9a9e17ac5e7e35d95eec2a7ad7c7667049da7,true,{},,7bd16763e0c650dd14798c7b42d22c312d871906ff5cae53e5f8ed1e9de71f4f,gazebo,true,false,true,false,goal,2.530704105476707,3.3479999999999848,0.9990429963408228,0.15496865089694628,,,30.0,0.0,3,4.028100998628707,0,0,0,0.0,0,0,0,,0.0,33.999999999991815,113.333333333325,0,,T11 train phase; undiscounted_return=17.0998575
t11_direct_theta_fullsafety_seed105,t11_direct_theta_fullsafety_seed105-episode-000044,RL-TEB-Direct-Theta,t11-train-clear-straight,train,105,105,t11_gazebo_formal_v1+FullSafety,e9b9a9e17ac5e7e35d95eec2a7ad7c7667049da7,true,{},,7bd16763e0c650dd14798c7b42d22c312d871906ff5cae53e5f8ed1e9de71f4f,gazebo,true,false,true,false,goal,2.571245754140225,3.2539999999999907,1.0019349266050255,0.17294842373247074,,,30.0,0.0,3,2.2691032301811944,0,0,0,0.0,0,0,0,,0.0,31.99999999999174,99.99999999999432,0,,T11 train phase; undiscounted_return=17.6235218
t11_direct_theta_fullsafety_seed105,t11_direct_theta_fullsafety_seed105-episode-000045,RL-TEB-Direct-Theta,t11-train-clear-straight,train,105,105,t11_gazebo_formal_v1+FullSafety,e9b9a9e17ac5e7e35d95eec2a7ad7c7667049da7,true,{},,7bd16763e0c650dd14798c7b42d22c312d871906ff5cae53e5f8ed1e9de71f4f,gazebo,true,false,true,false,goal,2.496223015174577,3.2479999999999905,0.999157767890468,0.14753622800034066,,,30.0,0.0,3,2.962757269541423,0,0,0,0.0,0,0,0,,0.0,33.33333333333144,95.99999999999416,0,,T11 train phase; undiscounted_return=17.0068187
t11_direct_theta_fullsafety_seed105,t11_direct_theta_fullsafety_seed105-episode-000046,RL-TEB-Direct-Theta,t11-train-clear-straight,train,105,105,t11_gazebo_formal_v1+FullSafety,e9b9a9e17ac5e7e35d95eec2a7ad7c7667049da7,true,{},,7bd16763e0c650dd14798c7b42d22c312d871906ff5cae53e5f8ed1e9de71f4f,gazebo,true,false,true,false,goal,2.4902278788181245,3.5500000000000114,1.001584639564036,0.15342762579727393,,,30.0,0.0,4,7.323346770945051,2,0,0,0.0,0,0,2,,0.0,31.500000000001194,95.50000000000836,0,,T11 train phase; undiscounted_return=18.0185545
t11_direct_theta_fullsafety_seed105,t11_direct_theta_fullsafety_seed105-episode-000047,RL-TEB-Direct-Theta,t11-train-clear-straight,train,105,105,t11_gazebo_formal_v1+FullSafety,e9b9a9e17ac5e7e35d95eec2a7ad7c7667049da7,true,{},,7bd16763e0c650dd14798c7b42d22c312d871906ff5cae53e5f8ed1e9de71f4f,gazebo,true,false,true,false,goal,2.526141679784772,3.343999999999994,1.0014662835879131,0.15241492352490635,,,30.0,0.0,3,3.7992034580026353,0,0,0,0.0,0,0,0,,0.0,30.000000000001137,99.33333333332446,0,,T11 train phase; undiscounted_return=17.0866382
t11_direct_theta_fullsafety_seed105,t11_direct_theta_fullsafety_seed105-episode-000048,RL-TEB-Direct-Theta,t11-train-clear-straight,train,105,105,t11_gazebo_formal_v1+FullSafety,e9b9a9e17ac5e7e35d95eec2a7ad7c7667049da7,true,{},,7bd16763e0c650dd14798c7b42d22c312d871906ff5cae53e5f8ed1e9de71f4f,gazebo,true,false,true,false,goal,2.4880634273710127,3.2479999999999905,0.9999088241666334,0.2495389063997052,,,30.0,0.0,3,3.1798302363781703,0,0,0,0.0,0,0,0,,0.0,34.66666666666166,113.99999999999484,0,,T11 train phase; undiscounted_return=16.9036666
t11_direct_theta_fullsafety_seed105,t11_direct_theta_fullsafety_seed105-episode-000049,RL-TEB-Direct-Theta,t11-train-clear-straight,train,105,105,t11_gazebo_formal_v1+FullSafety,e9b9a9e17ac5e7e35d95eec2a7ad7c7667049da7,true,{},,7bd16763e0c650dd14798c7b42d22c312d871906ff5cae53e5f8ed1e9de71f4f,gazebo,true,false,true,false,goal,2.5655535048615574,3.5579999999999927,1.0001233659450988,0.20221921441190802,,,30.0,0.0,4,6.802411854834784,3,0,0,0.0,0,0,3,,0.0,28.999999999996362,58.49999999999511,0,,T11 train phase; undiscounted_return=18.0925628
t11_direct_theta_fullsafety_seed105,t11_direct_theta_fullsafety_seed105-episode-000050,RL-TEB-Direct-Theta,t11-train-clear-straight,train,105,105,t11_gazebo_formal_v1+FullSafety,e9b9a9e17ac5e7e35d95eec2a7ad7c7667049da7,true,{},,7bd16763e0c650dd14798c7b42d22c312d871906ff5cae53e5f8ed1e9de71f4f,gazebo,true,false,true,false,goal,2.4718998815915243,3.2600000000000193,1.0008402727117598,0.18581121389323882,,,30.0,0.0,4,5.080873397986095,2,0,0,0.0,0,0,2,,0.0,29.49999999999875,58.9999999999975,0,,T11 train phase; undiscounted_return=18.3478724
t11_direct_theta_fullsafety_seed105,t11_direct_theta_fullsafety_seed105-episode-000051,RL-TEB-Direct-Theta,t11-train-clear-straight,train,105,105,t11_gazebo_formal_v1+FullSafety,e9b9a9e17ac5e7e35d95eec2a7ad7c7667049da7,true,{},,7bd16763e0c650dd14798c7b42d22c312d871906ff5cae53e5f8ed1e9de71f4f,gazebo,true,false,true,false,goal,2.58952026641665,3.358000000000004,0.9986249495061186,0.15642314172718044,,,30.0,0.0,4,5.422835302352907,3,0,0,0.0,0,0,3,,0.0,27.999999999991587,68.99999999999551,0,,T11 train phase; undiscounted_return=18.9568801
t11_direct_theta_fullsafety_seed105,t11_direct_theta_fullsafety_seed105-episode-000052,RL-TEB-Direct-Theta,t11-train-clear-straight,train,105,105,t11_gazebo_formal_v1+FullSafety,e9b9a9e17ac5e7e35d95eec2a7ad7c7667049da7,true,{},,7bd16763e0c650dd14798c7b42d22c312d871906ff5cae53e5f8ed1e9de71f4f,gazebo,true,false,true,false,goal,2.4960047651406985,3.2560000000000002,1.0019316073218492,0.14621104459674225,,,30.0,0.0,3,3.066839142640432,1,0,0,0.0,0,0,1,,0.0,30.000000000001137,96.66666666666401,0,,T11 train phase; undiscounted_return=17.0198706
t11_direct_theta_fullsafety_seed105,t11_direct_theta_fullsafety_seed105-episode-000053,RL-TEB-Direct-Theta,t11-train-clear-straight,train,105,105,t11_gazebo_formal_v1+FullSafety,e9b9a9e17ac5e7e35d95eec2a7ad7c7667049da7,true,{},,7bd16763e0c650dd14798c7b42d22c312d871906ff5cae53e5f8ed1e9de71f4f,gazebo,true,false,true,false,goal,2.4800898058856444,3.358000000000004,0.9970974918600649,0.3417010177086516,,,30.0,0.0,4,4.743123144479025,3,0,0,0.0,0,0,3,,0.0,27.000000000001023,96.49999999999892,0,,T11 train phase; undiscounted_return=17.6818481
t11_direct_theta_fullsafety_seed105,t11_direct_theta_fullsafety_seed105-episode-000054,RL-TEB-Direct-Theta,t11-train-clear-straight,train,105,105,t11_gazebo_formal_v1+FullSafety,e9b9a9e17ac5e7e35d95eec2a7ad7c7667049da7,true,{},,7bd16763e0c650dd14798c7b42d22c312d871906ff5cae53e5f8ed1e9de71f4f,gazebo,true,false,true,false,goal,2.571981655013833,3.251999999999981,1.0019944253677833,0.22088081485305272,,,30.0,0.0,4,4.530234359275729,3,0,0,0.0,0,0,3,,0.0,27.00000000000813,83.99999999999608,0,,T11 train phase; undiscounted_return=18.3395331
t11_direct_theta_fullsafety_seed105,t11_direct_theta_fullsafety_seed105-episode-000055,RL-TEB-Direct-Theta,t11-train-clear-straight,train,105,105,t11_gazebo_formal_v1+FullSafety,e9b9a9e17ac5e7e35d95eec2a7ad7c7667049da7,true,{},,7bd16763e0c650dd14798c7b42d22c312d871906ff5cae53e5f8ed1e9de71f4f,gazebo,true,false,true,false,goal,2.436006877074146,3.5619999999999834,1.003176154056041,0.16862618135688176,,,30.0,0.0,4,6.38425734639168,2,0,0,0.0,0,0,2,,0.0,31.000000000013017,95.50000000000125,0,,T11 train phase; undiscounted_return=17.624736
t11_direct_theta_fullsafety_seed105,t11_direct_theta_fullsafety_seed105-episode-000056,RL-TEB-Direct-Theta,t11-train-clear-straight,train,105,105,t11_gazebo_formal_v1+FullSafety,e9b9a9e17ac5e7e35d95eec2a7ad7c7667049da7,true,{},,7bd16763e0c650dd14798c7b42d22c312d871906ff5cae53e5f8ed1e9de71f4f,gazebo,true,false,true,false,goal,2.525966067208772,3.337999999999994,1.0019482722887498,0.13268512374940541,,,30.0,0.0,3,2.368374890089035,1,0,0,0.0,0,0,1,,0.0,32.000000000001215,84.66666666666356,0,,T11 train phase; undiscounted_return=17.1851289
t11_direct_theta_fullsafety_seed105,t11_direct_theta_fullsafety_seed105-episode-000057,RL-TEB-Direct-Theta,t11-train-clear-straight,train,105,105,t11_gazebo_formal_v1+FullSafety,e9b9a9e17ac5e7e35d95eec2a7ad7c7667049da7,true,{},,7bd16763e0c650dd14798c7b42d22c312d871906ff5cae53e5f8ed1e9de71f4f,gazebo,true,false,true,false,goal,2.543151123764092,3.248000000000019,0.9992872605889604,0.1255753157178202,,,30.0,0.0,3,3.308274472043627,0,0,0,0.0,0,0,0,,0.0,27.333333333340686,98.66666666666409,0,,T11 train phase; undiscounted_return=17.0175705
t11_direct_theta_fullsafety_seed105,t11_direct_theta_fullsafety_seed105-episode-000058,RL-TEB-Direct-Theta,t11-train-clear-straight,train,105,105,t11_gazebo_formal_v1+FullSafety,e9b9a9e17ac5e7e35d95eec2a7ad7c7667049da7,true,{},,7bd16763e0c650dd14798c7b42d22c312d871906ff5cae53e5f8ed1e9de71f4f,gazebo,true,false,true,false,goal,2.4268400201633322,3.2520000000000095,1.0017547891369076,0.15390678726252974,,,30.0,0.0,3,3.123236622980663,1,0,0,0.0,0,0,1,,0.0,33.33333333333144,80.00000000000303,0,,T11 train phase; undiscounted_return=17.0865706
t11_direct_theta_fullsafety_seed105,t11_direct_theta_fullsafety_seed105-episode-000059,RL-TEB-Direct-Theta,t11-train-clear-straight,train,105,105,t11_gazebo_formal_v1+FullSafety,e9b9a9e17ac5e7e35d95eec2a7ad7c7667049da7,true,{},,7bd16763e0c650dd14798c7b42d22c312d871906ff5cae53e5f8ed1e9de71f4f,gazebo,true,false,true,false,goal,2.427884696965146,3.3579999999999757,1.0012723071136778,0.20459922409570316,,,30.0,0.0,4,4.898539941083816,3,0,0,0.0,0,0,3,,0.0,32.50000000000597,73.0000000000075,0,,T11 train phase; undiscounted_return=18.0651052
t11_direct_theta_fullsafety_seed105,t11_direct_theta_fullsafety_seed105-episode-000060,RL-TEB-Direct-Theta,t11-train-clear-straight,train,105,105,t11_gazebo_formal_v1+FullSafety,e9b9a9e17ac5e7e35d95eec2a7ad7c7667049da7,true,{},,7bd16763e0c650dd14798c7b42d22c312d871906ff5cae53e5f8ed1e9de71f4f,gazebo,true,false,true,false,goal,2.519318010853418,3.2379999999999995,1.0017323832139586,0.1365873407021903,,,30.0,0.0,4,4.8161984562873865,3,0,0,0.0,0,0,3,,0.0,32.99999999998704,92.49999999998693,0,,T11 train phase; undiscounted_return=17.9527707
t11_direct_theta_fullsafety_seed105,t11_direct_theta_fullsafety_seed105-episode-000061,RL-TEB-Direct-Theta,t11-train-clear-straight,train,105,105,t11_gazebo_formal_v1+FullSafety,e9b9a9e17ac5e7e35d95eec2a7ad7c7667049da7,true,{},,7bd16763e0c650dd14798c7b42d22c312d871906ff5cae53e5f8ed1e9de71f4f,gazebo,true,false,true,false,goal,2.596323566756626,3.2520000000000095,1.0011922613091193,0.12142289102311227,,,30.0,0.0,3,3.158372064431509,0,0,0,0.0,0,0,0,,0.0,33.33333333334091,115.3333333333535,0,,T11 train phase; undiscounted_return=17.3441071
t11_direct_theta_fullsafety_seed105,t11_direct_theta_fullsafety_seed105-episode-000062,RL-TEB-Direct-Theta,t11-train-clear-straight,train,105,105,t11_gazebo_formal_v1+FullSafety,e9b9a9e17ac5e7e35d95eec2a7ad7c7667049da7,true,{},,7bd16763e0c650dd14798c7b42d22c312d871906ff5cae53e5f8ed1e9de71f4f,gazebo,true,false,true,false,goal,2.4412583158691326,3.244000000000028,0.9992199059835316,0.10666635001605873,,,30.0,0.0,3,3.65101837317149,3,0,0,0.0,0,0,3,,0.0,29.999999999991662,94.66666666666394,0,,T11 train phase; undiscounted_return=16.83331
t11_direct_theta_fullsafety_seed105,t11_direct_theta_fullsafety_seed105-episode-000063,RL-TEB-Direct-Theta,t11-train-clear-straight,train,105,105,t11_gazebo_formal_v1+FullSafety,e9b9a9e17ac5e7e35d95eec2a7ad7c7667049da7,true,{},,7bd16763e0c650dd14798c7b42d22c312d871906ff5cae53e5f8ed1e9de71f4f,gazebo,true,false,true,false,goal,2.437113920570152,3.2520000000000095,1.0014625139849855,0.26263043191870267,,,30.0,0.0,4,4.966911070403597,1,0,0,0.0,0,0,1,,0.0,31.999999999982265,46.99999999998283,0,,T11 train phase; undiscounted_return=18.1829001
t11_direct_theta_fullsafety_seed105,t11_direct_theta_fullsafety_seed105-episode-000064,RL-TEB-Direct-Theta,t11-train-clear-straight,train,105,105,t11_gazebo_formal_v1+FullSafety,e9b9a9e17ac5e7e35d95eec2a7ad7c7667049da7,true,{},,7bd16763e0c650dd14798c7b42d22c312d871906ff5cae53e5f8ed1e9de71f4f,gazebo,true,false,true,false,goal,2.5713967259035146,3.2620000000000005,1.0025957568807577,0.20388369987577895,,,30.0,0.0,3,3.5095644158976422,0,0,0,0.0,0,0,0,,0.0,32.66666666667106,69.99999999999318,0,,T11 train phase; undiscounted_return=17.4392822
t11_direct_theta_fullsafety_seed105,t11_direct_theta_fullsafety_seed105-episode-000065,RL-TEB-Direct-Theta,t11-train-clear-straight,train,105,105,t11_gazebo_formal_v1+FullSafety,e9b9a9e17ac5e7e35d95eec2a7ad7c7667049da7,true,{},,7bd16763e0c650dd14798c7b42d22c312d871906ff5cae53e5f8ed1e9de71f4f,gazebo,true,false,true,false,goal,2.5585816888728696,3.2439999999999714,0.9993598766209212,0.24252389320665294,,,30.0,0.0,4,4.539558588890801,2,0,0,0.0,0,0,2,,0.0,34.4999999999942,91.99999999999875,0,,T11 train phase; undiscounted_return=18.5129815
t11_direct_theta_fullsafety_seed105,t11_direct_theta_fullsafety_seed105-episode-000066,RL-TEB-Direct-Theta,t11-train-clear-straight,train,105,105,t11_gazebo_formal_v1+FullSafety,e9b9a9e17ac5e7e35d95eec2a7ad7c7667049da7,true,{},,7bd16763e0c650dd14798c7b42d22c312d871906ff5cae53e5f8ed1e9de71f4f,gazebo,true,false,true,false,goal,2.42919168870418,3.2439999999999714,1.002142456337656,0.14303413297238213,,,30.0,0.0,4,5.437710752089819,1,0,0,0.0,0,0,1,,0.0,40.00000000000625,70.00000000000739,0,,T11 train phase; undiscounted_return=17.432317
t11_direct_theta_fullsafety_seed105,t11_direct_theta_fullsafety_seed105-episode-000067,RL-TEB-Direct-Theta,t11-train-clear-straight,train,105,105,t11_gazebo_formal_v1+FullSafety,e9b9a9e17ac5e7e35d95eec2a7ad7c7667049da7,true,{},,7bd16763e0c650dd14798c7b42d22c312d871906ff5cae53e5f8ed1e9de71f4f,gazebo,true,false,true,false,goal,2.524360567904433,3.2579999999999814,1.0016551129523867,0.13209680804256374,,,30.0,0.0,3,3.8104394997869213,3,0,0,0.0,0,0,3,,0.0,32.66666666667106,116.00000000000439,0,,T11 train phase; undiscounted_return=16.9552169
t11_direct_theta_fullsafety_seed105,t11_direct_theta_fullsafety_seed105-episode-000068,RL-TEB-Direct-Theta,t11-train-clear-straight,train,105,105,t11_gazebo_formal_v1+FullSafety,e9b9a9e17ac5e7e35d95eec2a7ad7c7667049da7,true,{},,7bd16763e0c650dd14798c7b42d22c312d871906ff5cae53e5f8ed1e9de71f4f,gazebo,true,false,true,false,goal,2.552588603410542,3.25,1.0006085328188017,0.15029839119933103,,,30.0,0.0,3,1.708129827181498,1,0,0,0.0,0,0,1,,0.0,39.99999999998257,117.3333333333441,0,,T11 train phase; undiscounted_return=17.1972744
t11_direct_theta_fullsafety_seed105,t11_direct_theta_fullsafety_seed105-episode-000069,RL-TEB-Direct-Theta,t11-train-clear-straight,train,105,105,t11_gazebo_formal_v1+FullSafety,e9b9a9e17ac5e7e35d95eec2a7ad7c7667049da7,true,{},,7bd16763e0c650dd14798c7b42d22c312d871906ff5cae53e5f8ed1e9de71f4f,gazebo,true,false,true,false,goal,2.5828611734869726,3.447999999999979,1.0038943023141584,0.14287559399525407,,,30.0,0.0,4,6.566599975597288,2,0,0,0.0,0,0,2,,0.0,35.50000000001319,94.0000000000083,0,,T11 train phase; undiscounted_return=18.2793716
t11_direct_theta_fullsafety_seed105,t11_direct_theta_fullsafety_seed105-episode-000070,RL-TEB-Direct-Theta,t11-train-clear-straight,train,105,105,t11_gazebo_formal_v1+FullSafety,e9b9a9e17ac5e7e35d95eec2a7ad7c7667049da7,true,{},,7bd16763e0c650dd14798c7b42d22c312d871906ff5cae53e5f8ed1e9de71f4f,gazebo,true,false,true,false,goal,2.5380802343619555,3.348000000000013,1.0015549688474792,0.10888305153322483,,,30.0,0.0,4,5.5324685110932315,3,0,0,0.0,0,0,3,,0.0,32.49999999999886,59.499999999999886,0,,T11 train phase; undiscounted_return=18.6884103
t11_direct_theta_fullsafety_seed105,t11_direct_theta_fullsafety_seed105-episode-000071,RL-TEB-Direct-Theta,t11-train-clear-straight,train,105,105,t11_gazebo_formal_v1+FullSafety,e9b9a9e17ac5e7e35d95eec2a7ad7c7667049da7,true,{},,7bd16763e0c650dd14798c7b42d22c312d871906ff5cae53e5f8ed1e9de71f4f,gazebo,true,false,true,false,goal,2.5080904221922573,3.2519999999999527,0.9993918799303644,0.26656763656667937,,,30.0,0.0,4,4.50179796218872,1,0,0,0.0,0,0,1,,0.0,37.00000000000614,107.50000000001592,0,,T11 train phase; undiscounted_return=17.9661935
t11_direct_theta_fullsafety_seed105,t11_direct_theta_fullsafety_seed105-episode-000072,RL-TEB-Direct-Theta,t11-train-clear-straight,train,105,105,t11_gazebo_formal_v1+FullSafety,e9b9a9e17ac5e7e35d95eec2a7ad7c7667049da7,true,{},,7bd16763e0c650dd14798c7b42d22c312d871906ff5cae53e5f8ed1e9de71f4f,gazebo,true,false,true,false,goal,2.577267606241997,3.358000000000004,0.9988724059246695,0.10331944061024198,,,30.0,0.0,3,2.949428463833673,1,0,0,0.0,0,0,1,,0.0,35.33333333333152,116.66666666669319,0,,T11 train phase; undiscounted_return=17.3172497
t11_direct_theta_fullsafety_seed105,t11_direct_theta_fullsafety_seed105-episode-000073,RL-TEB-Direct-Theta,t11-train-clear-straight,train,105,105,t11_gazebo_formal_v1+FullSafety,e9b9a9e17ac5e7e35d95eec2a7ad7c7667049da7,true,{},,7bd16763e0c650dd14798c7b42d22c312d871906ff5cae53e5f8ed1e9de71f4f,gazebo,true,false,true,false,goal,2.57879234462263,3.343999999999994,1.0001726718632207,0.29132587536214427,,,30.0,0.0,4,5.386420144637427,1,0,0,0.0,0,0,1,,0.0,28.499999999993975,95.00000000001307,0,,T11 train phase; undiscounted_return=18.2339101
t11_direct_theta_fullsafety_seed105,t11_direct_theta_fullsafety_seed105-episode-000074,RL-TEB-Direct-Theta,t11-train-clear-straight,train,105,105,t11_gazebo_formal_v1+FullSafety,e9b9a9e17ac5e7e35d95eec2a7ad7c7667049da7,true,{},,7bd16763e0c650dd14798c7b42d22c312d871906ff5cae53e5f8ed1e9de71f4f,gazebo,true,false,true,false,goal,2.5663662756682912,3.345999999999947,1.0011470003846132,0.14160651796371887,,,30.0,0.0,3,4.334204666103637,1,0,0,0.0,0,0,1,,0.0,34.66666666668061,114.6666666666647,0,,T11 train phase; undiscounted_return=16.86069
t11_direct_theta_fullsafety_seed105,t11_direct_theta_fullsafety_seed105-episode-000075,RL-TEB-Direct-Theta,t11-train-clear-straight,train,105,105,t11_gazebo_formal_v1+FullSafety,e9b9a9e17ac5e7e35d95eec2a7ad7c7667049da7,true,{},,7bd16763e0c650dd14798c7b42d22c312d871906ff5cae53e5f8ed1e9de71f4f,gazebo,true,false,true,false,goal,2.5336475480338856,3.348000000000013,0.9994566209572526,0.14589114330349529,,,30.0,0.0,3,2.971818955171677,0,0,0,0.0,0,0,0,,0.0,32.66666666665211,94.66666666666394,0,,T11 train phase; undiscounted_return=17.026073
t11_direct_theta_fullsafety_seed105,t11_direct_theta_fullsafety_seed105-episode-000076,RL-TEB-Direct-Theta,t11-train-clear-straight,train,105,105,t11_gazebo_formal_v1+FullSafety,e9b9a9e17ac5e7e35d95eec2a7ad7c7667049da7,true,{},,7bd16763e0c650dd14798c7b42d22c312d871906ff5cae53e5f8ed1e9de71f4f,gazebo,true,false,true,false,goal,2.5239327766414745,3.3500000000000227,0.9989873119018602,0.20978311225056318,,,30.0,0.0,4,4.416931492374058,0,0,0,0.0,0,0,0,,0.0,31.49999999999409,71.50000000000034,0,,T11 train phase; undiscounted_return=18.3839142
t11_direct_theta_fullsafety_seed105,t11_direct_theta_fullsafety_seed105-episode-000077,RL-TEB-Direct-Theta,t11-train-clear-straight,train,105,105,t11_gazebo_formal_v1+FullSafety,e9b9a9e17ac5e7e35d95eec2a7ad7c7667049da7,true,{},,7bd16763e0c650dd14798c7b42d22c312d871906ff5cae53e5f8ed1e9de71f4f,gazebo,true,false,true,false,goal,2.5910848511823996,3.4499999999999886,1.0003929523917363,0.15422042562509944,,,30.0,0.0,4,5.5517081169855,3,0,0,0.0,0,0,3,,0.0,27.50000000000341,83.49999999998658,0,,T11 train phase; undiscounted_return=18.5741802
t11_direct_theta_fullsafety_seed105,t11_direct_theta_fullsafety_seed105-episode-000078,RL-TEB-Direct-Theta,t11-train-clear-straight,train,105,105,t11_gazebo_formal_v1+FullSafety,e9b9a9e17ac5e7e35d95eec2a7ad7c7667049da7,true,{},,7bd16763e0c650dd14798c7b42d22c312d871906ff5cae53e5f8ed1e9de71f4f,gazebo,true,false,true,false,goal,2.5305505888242514,3.343999999999994,1.000884885916087,0.18426491216498092,,,30.0,0.0,4,6.566514136110035,4,0,0,0.0,0,0,4,,0.0,33.49999999998943,95.99999999997522,0,,T11 train phase; undiscounted_return=17.9183289
t11_direct_theta_fullsafety_seed105,t11_direct_theta_fullsafety_seed105-episode-000079,RL-TEB-Direct-Theta,t11-train-clear-straight,train,105,105,t11_gazebo_formal_v1+FullSafety,e9b9a9e17ac5e7e35d95eec2a7ad7c7667049da7,true,{},,7bd16763e0c650dd14798c7b42d22c312d871906ff5cae53e5f8ed1e9de71f4f,gazebo,true,false,true,false,goal,2.525002592158634,3.3559999999999945,0.9999032061338995,0.1136417320377282,,,30.0,0.0,3,2.800619325467519,1,0,0,0.0,0,0,1,,0.0,41.99999999999212,133.33333333332575,0,,T11 train phase; undiscounted_return=17.3041
t11_direct_theta_fullsafety_seed105,t11_direct_theta_fullsafety_seed105-episode-000080,RL-TEB-Direct-Theta,t11-train-clear-straight,train,105,105,t11_gazebo_formal_v1+FullSafety,e9b9a9e17ac5e7e35d95eec2a7ad7c7667049da7,true,{},,7bd16763e0c650dd14798c7b42d22c312d871906ff5cae53e5f8ed1e9de71f4f,gazebo,true,false,true,false,goal,2.448791876744641,3.1579999999999586,1.0005286290040114,0.1295639500735692,,,30.0,0.0,3,4.044778136412306,3,0,0,0.0,0,0,3,,0.0,33.999999999972864,100.66666666665469,0,,T11 train phase; undiscounted_return=17.3107357
t11_direct_theta_fullsafety_seed105,t11_direct_theta_fullsafety_seed105-episode-000081,RL-TEB-Direct-Theta,t11-train-clear-straight,train,105,105,t11_gazebo_formal_v1+FullSafety,e9b9a9e17ac5e7e35d95eec2a7ad7c7667049da7,true,{},,7bd16763e0c650dd14798c7b42d22c312d871906ff5cae53e5f8ed1e9de71f4f,gazebo,true,false,true,false,goal,2.5698035705118385,3.25,0.9939457332614933,0.14022660083491673,,,30.0,0.0,3,3.291369650477453,1,0,0,0.0,0,0,1,,0.0,38.66666666666182,115.3333333333156,0,,T11 train phase; undiscounted_return=17.1783618
t11_direct_theta_fullsafety_seed105,t11_direct_theta_fullsafety_seed105-episode-000082,RL-TEB-Direct-Theta,t11-train-clear-straight,train,105,105,t11_gazebo_formal_v1+FullSafety,e9b9a9e17ac5e7e35d95eec2a7ad7c7667049da7,true,{},,7bd16763e0c650dd14798c7b42d22c312d871906ff5cae53e5f8ed1e9de71f4f,gazebo,true,false,true,false,goal,2.4227585343711078,3.2520000000000095,1.0006024425742561,0.13948872081637756,,,30.0,0.0,3,2.575844948348544,2,0,0,0.0,0,0,2,,0.0,29.999999999991662,82.66666666666349,0,,T11 train phase; undiscounted_return=16.9195383
t11_direct_theta_fullsafety_seed105,t11_direct_theta_fullsafety_seed105-episode-000083,RL-TEB-Direct-Theta,t11-train-clear-straight,train,105,105,t11_gazebo_formal_v1+FullSafety,e9b9a9e17ac5e7e35d95eec2a7ad7c7667049da7,true,{},,7bd16763e0c650dd14798c7b42d22c312d871906ff5cae53e5f8ed1e9de71f4f,gazebo,true,false,true,false,goal,2.5412539496718085,3.2520000000000095,1.0006514456562687,0.2056774465080709,,,30.0,0.0,4,4.332040623539969,1,0,0,0.0,0,0,1,,0.0,31.5000000000083,72.00000000000273,0,,T11 train phase; undiscounted_return=18.2815057
t11_direct_theta_fullsafety_seed105,t11_direct_theta_fullsafety_seed105-episode-000084,RL-TEB-Direct-Theta,t11-train-clear-straight,train,105,105,t11_gazebo_formal_v1+FullSafety,e9b9a9e17ac5e7e35d95eec2a7ad7c7667049da7,true,{},,7bd16763e0c650dd14798c7b42d22c312d871906ff5cae53e5f8ed1e9de71f4f,gazebo,true,false,true,false,goal,2.5059485031016795,3.3600000000000136,0.9998589218739363,0.17665516445552218,,,30.0,0.0,4,5.842516746691298,2,0,0,0.0,0,0,2,,0.0,26.999999999986812,75.9999999999792,0,,T11 train phase; undiscounted_return=18.0233466
t11_direct_theta_fullsafety_seed105,t11_direct_theta_fullsafety_seed105-episode-000085,RL-TEB-Direct-Theta,t11-train-clear-straight,train,105,105,t11_gazebo_formal_v1+FullSafety,e9b9a9e17ac5e7e35d95eec2a7ad7c7667049da7,true,{},,7bd16763e0c650dd14798c7b42d22c312d871906ff5cae53e5f8ed1e9de71f4f,gazebo,true,false,true,false,goal,2.502891257455123,3.245999999999981,1.0019236918310082,0.13947313440193823,,,30.0,0.0,4,3.4061231255531315,0,0,0,0.0,0,0,0,,0.0,33.50000000000364,92.00000000002717,0,,T11 train phase; undiscounted_return=18.2493032
t11_direct_theta_fullsafety_seed105,t11_direct_theta_fullsafety_seed105-episode-000086,RL-TEB-Direct-Theta,t11-train-clear-straight,train,105,105,t11_gazebo_formal_v1+FullSafety,e9b9a9e17ac5e7e35d95eec2a7ad7c7667049da7,true,{},,7bd16763e0c650dd14798c7b42d22c312d871906ff5cae53e5f8ed1e9de71f4f,gazebo,true,false,true,false,goal,2.5661191791948785,3.343999999999994,0.9980398640274727,0.18240818226814673,,,30.0,0.0,4,4.771886098384858,0,0,0,0.0,0,0,0,,0.0,24.499999999989086,69.49999999999079,0,,T11 train phase; undiscounted_return=18.3064012
t11_direct_theta_fullsafety_seed105,t11_direct_theta_fullsafety_seed105-episode-000087,RL-TEB-Direct-Theta,t11-train-clear-straight,train,105,105,t11_gazebo_formal_v1+FullSafety,e9b9a9e17ac5e7e35d95eec2a7ad7c7667049da7,true,{},,7bd16763e0c650dd14798c7b42d22c312d871906ff5cae53e5f8ed1e9de71f4f,gazebo,true,false,true,false,goal,2.479137275081581,3.245999999999981,1.0023275235696303,0.2038940043015806,,,30.0,0.0,4,6.0931697703543115,1,0,0,0.0,0,0,1,,0.0,25.000000000005684,57.50000000000455,0,,T11 train phase; undiscounted_return=17.9707383
t11_direct_theta_fullsafety_seed105,t11_direct_theta_fullsafety_seed105-episode-000088,RL-TEB-Direct-Theta,t11-train-clear-straight,train,105,105,t11_gazebo_formal_v1+FullSafety,e9b9a9e17ac5e7e35d95eec2a7ad7c7667049da7,true,{},,7bd16763e0c650dd14798c7b42d22c312d871906ff5cae53e5f8ed1e9de71f4f,gazebo,true,false,true,false,goal,2.419152143597242,3.1580000000000155,0.9986500992358728,0.15149743338904,,,30.0,0.0,3,3.327556057771048,0,0,0,0.0,0,0,0,,0.0,30.000000000010612,99.333333333315,0,,T11 train phase; undiscounted_return=16.906418
t11_direct_theta_fullsafety_seed105,t11_direct_theta_fullsafety_seed105-episode-000089,RL-TEB-Direct-Theta,t11-train-clear-straight,train,105,105,t11_gazebo_formal_v1+FullSafety,e9b9a9e17ac5e7e35d95eec2a7ad7c7667049da7,true,{},,7bd16763e0c650dd14798c7b42d22c312d871906ff5cae53e5f8ed1e9de71f4f,gazebo,true,false,true,false,goal,2.572090719856314,3.349999999999966,0.9990295843969083,0.15032260783846152,,,30.0,0.0,4,5.926775928054538,2,0,0,0.0,0,0,2,,0.0,33.00000000000125,108.0000000000183,0,,T11 train phase; undiscounted_return=18.4659321
t11_direct_theta_fullsafety_seed105,t11_direct_theta_fullsafety_seed105-episode-000090,RL-TEB-Direct-Theta,t11-train-clear-straight,train,105,105,t11_gazebo_formal_v1+FullSafety,e9b9a9e17ac5e7e35d95eec2a7ad7c7667049da7,true,{},,7bd16763e0c650dd14798c7b42d22c312d871906ff5cae53e5f8ed1e9de71f4f,gazebo,true,false,true,false,goal,2.45307736060589,3.0440000000000396,1.0012876213903035,0.17633677762537825,,,30.0,0.0,3,3.7078906981717985,1,0,0,0.0,0,0,1,,0.0,41.333333333322265,96.66666666667349,0,,T11 train phase; undiscounted_return=16.6127509
t11_direct_theta_fullsafety_seed105,t11_direct_theta_fullsafety_seed105-episode-000091,RL-TEB-Direct-Theta,t11-train-clear-straight,train,105,105,t11_gazebo_formal_v1+FullSafety,e9b9a9e17ac5e7e35d95eec2a7ad7c7667049da7,true,{},,7bd16763e0c650dd14798c7b42d22c312d871906ff5cae53e5f8ed1e9de71f4f,gazebo,true,false,true,false,goal,2.4764018213846946,3.1499999999999773,0.9996247976978516,0.10813504017417808,,,30.0,0.0,3,3.226788890077955,2,0,0,0.0,0,0,2,,0.0,40.00000000000151,130.66666666664636,0,,T11 train phase; undiscounted_return=17.0177638
t11_direct_theta_fullsafety_seed105,t11_direct_theta_fullsafety_seed105-episode-000092,RL-TEB-Direct-Theta,t11-train-clear-straight,train,105,105,t11_gazebo_formal_v1+FullSafety,e9b9a9e17ac5e7e35d95eec2a7ad7c7667049da7,true,{},,7bd16763e0c650dd14798c7b42d22c312d871906ff5cae53e5f8ed1e9de71f4f,gazebo,true,false,true,false,goal,2.5166303360266746,3.2519999999999527,0.9993079798434606,0.20775663621019824,,,30.0,0.0,4,5.255765994106021,0,0,0,0.0,0,0,0,,0.0,33.50000000000364,60.50000000000466,0,,T11 train phase; undiscounted_return=18.5365199
t11_direct_theta_fullsafety_seed105,t11_direct_theta_fullsafety_seed105-episode-000093,RL-TEB-Direct-Theta,t11-train-clear-straight,train,105,105,t11_gazebo_formal_v1+FullSafety,e9b9a9e17ac5e7e35d95eec2a7ad7c7667049da7,true,{},,7bd16763e0c650dd14798c7b42d22c312d871906ff5cae53e5f8ed1e9de71f4f,gazebo,true,false,true,false,goal,2.54494399673158,3.3560000000000514,1.001072813643748,0.1335026425247946,,,30.0,0.0,4,5.5737768153349565,4,0,0,0.0,0,0,4,,0.0,30.99999999997749,83.99999999998897,0,,T11 train phase; undiscounted_return=18.4663864
t11_direct_theta_fullsafety_seed105,t11_direct_theta_fullsafety_seed105-episode-000094,RL-TEB-Direct-Theta,t11-train-clear-straight,train,105,105,t11_gazebo_formal_v1+FullSafety,e9b9a9e17ac5e7e35d95eec2a7ad7c7667049da7,true,{},,7bd16763e0c650dd14798c7b42d22c312d871906ff5cae53e5f8ed1e9de71f4f,gazebo,true,false,true,false,goal,2.494193673960925,3.244000000000028,1.0011742117367104,0.15797853448185523,,,30.0,0.0,3,3.596940042007535,3,0,0,0.0,0,0,3,,0.0,34.66666666668061,79.33333333333319,0,,T11 train phase; undiscounted_return=17.335326
t11_direct_theta_fullsafety_seed105,t11_direct_theta_fullsafety_seed105-episode-000095,RL-TEB-Direct-Theta,t11-train-clear-straight,train,105,105,t11_gazebo_formal_v1+FullSafety,e9b9a9e17ac5e7e35d95eec2a7ad7c7667049da7,true,{},,7bd16763e0c650dd14798c7b42d22c312d871906ff5cae53e5f8ed1e9de71f4f,gazebo,true,false,true,false,goal,2.5384608935247535,3.255999999999972,1.000560855041575,0.12410428094486702,,,30.0,0.0,3,3.856202023653757,0,0,0,0.0,0,0,0,,0.0,32.000000000001215,99.33333333333394,0,,T11 train phase; undiscounted_return=17.1268801
t11_direct_theta_fullsafety_seed105,t11_direct_theta_fullsafety_seed105-episode-000096,RL-TEB-Direct-Theta,t11-train-clear-straight,train,105,105,t11_gazebo_formal_v1+FullSafety,e9b9a9e17ac5e7e35d95eec2a7ad7c7667049da7,true,{},,7bd16763e0c650dd14798c7b42d22c312d871906ff5cae53e5f8ed1e9de71f4f,gazebo,true,false,true,false,goal,2.479653962215696,3.437999999999988,1.0021118844384163,0.1491149358874025,,,30.0,0.0,4,6.321838426306133,1,0,0,0.0,0,0,1,,0.0,24.500000000003297,42.50000000000398,0,,T11 train phase; undiscounted_return=18.1971154
t11_direct_theta_fullsafety_seed105,t11_direct_theta_fullsafety_seed105-episode-000097,RL-TEB-Direct-Theta,t11-train-clear-straight,train,105,105,t11_gazebo_formal_v1+FullSafety,e9b9a9e17ac5e7e35d95eec2a7ad7c7667049da7,true,{},,7bd16763e0c650dd14798c7b42d22c312d871906ff5cae53e5f8ed1e9de71f4f,gazebo,true,false,true,false,goal,2.574836760938702,3.339999999999975,1.0006201793496217,0.16878336045760184,,,30.0,0.0,4,5.292396881466821,0,0,0,0.0,0,0,0,,0.0,29.49999999998454,69.49999999999079,0,,T11 train phase; undiscounted_return=18.5391144
t11_direct_theta_fullsafety_seed105,t11_direct_theta_fullsafety_seed105-episode-000098,RL-TEB-Direct-Theta,t11-train-clear-straight,train,105,105,t11_gazebo_formal_v1+FullSafety,e9b9a9e17ac5e7e35d95eec2a7ad7c7667049da7,true,{},,7bd16763e0c650dd14798c7b42d22c312d871906ff5cae53e5f8ed1e9de71f4f,gazebo,true,false,true,false,goal,2.4131070094880047,3.259999999999991,1.0017522451897185,0.1327267157433602,,,30.0,0.0,3,4.135784081050328,2,0,0,0.0,0,0,2,,0.0,36.66666666667121,101.33333333332455,0,,T11 train phase; undiscounted_return=17.1536567
t11_direct_theta_fullsafety_seed105,t11_direct_theta_fullsafety_seed105-episode-000099,RL-TEB-Direct-Theta,t11-train-clear-straight,train,105,105,t11_gazebo_formal_v1+FullSafety,e9b9a9e17ac5e7e35d95eec2a7ad7c7667049da7,true,{},,7bd16763e0c650dd14798c7b42d22c312d871906ff5cae53e5f8ed1e9de71f4f,gazebo,true,false,true,false,goal,2.585655326121469,3.4599999999999795,1.0008015455148136,0.18613133017358616,,,30.0,0.0,4,5.980335412138982,2,0,0,0.0,0,0,2,,0.0,31.5000000000083,85.99999999998431,0,,T11 train phase; undiscounted_return=18.2857142
t11_direct_theta_fullsafety_seed105,t11_direct_theta_fullsafety_seed105-episode-000100,RL-TEB-Direct-Theta,t11-train-clear-straight,train,105,105,t11_gazebo_formal_v1+FullSafety,e9b9a9e17ac5e7e35d95eec2a7ad7c7667049da7,true,{},,7bd16763e0c650dd14798c7b42d22c312d871906ff5cae53e5f8ed1e9de71f4f,gazebo,true,false,true,false,goal,2.5730375568746835,3.358000000000004,0.9993588772858093,0.17730152742262,,,30.0,0.0,4,4.523362812825611,2,0,0,0.0,0,0,2,,0.0,30.499999999989313,46.999999999997044,0,,T11 train phase; undiscounted_return=18.693816
t11_direct_theta_fullsafety_seed105,t11_direct_theta_fullsafety_seed105-episode-000101,RL-TEB-Direct-Theta,t11-train-clear-straight,train,105,105,t11_gazebo_formal_v1+FullSafety,e9b9a9e17ac5e7e35d95eec2a7ad7c7667049da7,true,{},,7bd16763e0c650dd14798c7b42d22c312d871906ff5cae53e5f8ed1e9de71f4f,gazebo,true,false,true,false,goal,2.42369896852504,3.2620000000000005,1.0009132353019523,0.1889752383132803,,,30.0,0.0,4,5.745096693152474,2,0,0,0.0,0,0,2,,0.0,28.999999999996362,47.49999999999943,0,,T11 train phase; undiscounted_return=18.4285961
t11_direct_theta_fullsafety_seed105,t11_direct_theta_fullsafety_seed105-episode-000102,RL-TEB-Direct-Theta,t11-train-clear-straight,train,105,105,t11_gazebo_formal_v1+FullSafety,e9b9a9e17ac5e7e35d95eec2a7ad7c7667049da7,true,{},,7bd16763e0c650dd14798c7b42d22c312d871906ff5cae53e5f8ed1e9de71f4f,gazebo,true,false,true,false,goal,2.5090086469156465,3.245999999999981,1.0016914067889318,0.1657475628679105,,,30.0,0.0,3,3.3598366680599403,2,0,0,0.0,0,0,2,,0.0,30.666666666661513,114.0000000000138,0,,T11 train phase; undiscounted_return=17.0863281
t11_direct_theta_fullsafety_seed105,t11_direct_theta_fullsafety_seed105-episode-000103,RL-TEB-Direct-Theta,t11-train-clear-straight,train,105,105,t11_gazebo_formal_v1+FullSafety,e9b9a9e17ac5e7e35d95eec2a7ad7c7667049da7,true,{},,7bd16763e0c650dd14798c7b42d22c312d871906ff5cae53e5f8ed1e9de71f4f,gazebo,true,false,true,false,goal,2.469581709569608,3.1520000000000437,1.0016535953894425,0.16263120174764722,,,30.0,0.0,3,3.30193625206039,1,0,0,0.0,0,0,1,,0.0,35.33333333333152,82.66666666666349,0,,T11 train phase; undiscounted_return=17.200647
t11_direct_theta_fullsafety_seed105,t11_direct_theta_fullsafety_seed105-episode-000104,RL-TEB-Direct-Theta,t11-train-clear-straight,train,105,105,t11_gazebo_formal_v1+FullSafety,e9b9a9e17ac5e7e35d95eec2a7ad7c7667049da7,true,{},,7bd16763e0c650dd14798c7b42d22c312d871906ff5cae53e5f8ed1e9de71f4f,gazebo,true,false,true,false,goal,2.459734336197968,3.1539999999999964,1.0018311228914334,0.19830680763345201,,,30.0,0.0,4,4.727563927570978,1,0,0,0.0,0,0,1,,0.0,27.4999999999892,72.99999999999329,0,,T11 train phase; undiscounted_return=18.4055214
t11_direct_theta_fullsafety_seed105,t11_direct_theta_fullsafety_seed105-episode-000105,RL-TEB-Direct-Theta,t11-train-clear-straight,train,105,105,t11_gazebo_formal_v1+FullSafety,e9b9a9e17ac5e7e35d95eec2a7ad7c7667049da7,true,{},,7bd16763e0c650dd14798c7b42d22c312d871906ff5cae53e5f8ed1e9de71f4f,gazebo,true,false,true,false,goal,2.475198959295375,3.1580000000000155,1.0008516436723505,0.12227555883806183,,,30.0,0.0,3,2.7316552868911197,0,0,0,0.0,0,0,0,,0.0,37.333333333322116,102.66666666666424,0,,T11 train phase; undiscounted_return=17.0877555
t11_direct_theta_fullsafety_seed105,t11_direct_theta_fullsafety_seed105-episode-000106,RL-TEB-Direct-Theta,t11-train-clear-straight,train,105,105,t11_gazebo_formal_v1+FullSafety,e9b9a9e17ac5e7e35d95eec2a7ad7c7667049da7,true,{},,7bd16763e0c650dd14798c7b42d22c312d871906ff5cae53e5f8ed1e9de71f4f,gazebo,true,false,true,false,goal,2.5261774812451634,3.2620000000000005,0.9979614163280991,0.16094873692172737,,,30.0,0.0,3,3.5254384140173602,1,0,0,0.0,0,0,1,,0.0,36.000000000001364,133.9999999999956,0,,T11 train phase; undiscounted_return=17.3638049
t11_direct_theta_fullsafety_seed105,t11_direct_theta_fullsafety_seed105-episode-000107,RL-TEB-Direct-Theta,t11-train-clear-straight,train,105,105,t11_gazebo_formal_v1+FullSafety,e9b9a9e17ac5e7e35d95eec2a7ad7c7667049da7,true,{},,7bd16763e0c650dd14798c7b42d22c312d871906ff5cae53e5f8ed1e9de71f4f,gazebo,true,false,true,false,goal,2.4136706618243773,3.348000000000013,1.0014216059918173,0.12531847496175358,,,30.0,0.0,4,4.95887441322917,3,0,0,0.0,0,0,3,,0.0,34.000000000006025,107.00000000001353,0,,T11 train phase; undiscounted_return=17.7469828
t11_direct_theta_fullsafety_seed105,t11_direct_theta_fullsafety_seed105-episode-000108,RL-TEB-Direct-Theta,t11-train-clear-straight,train,105,105,t11_gazebo_formal_v1+FullSafety,e9b9a9e17ac5e7e35d95eec2a7ad7c7667049da7,true,{},,7bd16763e0c650dd14798c7b42d22c312d871906ff5cae53e5f8ed1e9de71f4f,gazebo,true,false,true,false,goal,2.4828583408277214,3.240000000000009,0.9982724131117697,0.18444800935378639,,,30.0,0.0,4,2.9461407045523336,0,0,0,0.0,0,0,0,,0.0,26.00000000001046,43.00000000000637,0,,T11 train phase; undiscounted_return=18.6092644
t11_direct_theta_fullsafety_seed105,t11_direct_theta_fullsafety_seed105-episode-000109,RL-TEB-Direct-Theta,t11-train-clear-straight,train,105,105,t11_gazebo_formal_v1+FullSafety,e9b9a9e17ac5e7e35d95eec2a7ad7c7667049da7,true,{},,7bd16763e0c650dd14798c7b42d22c312d871906ff5cae53e5f8ed1e9de71f4f,gazebo,true,false,true,false,goal,2.5705673855765614,3.254000000000019,0.9958998579154954,0.14351320288528874,,,30.0,0.0,3,4.976027186995461,2,0,0,0.0,0,0,2,,0.0,37.333333333322116,115.33333333333455,0,,T11 train phase; undiscounted_return=17.0544093
t11_direct_theta_fullsafety_seed105,t11_direct_theta_fullsafety_seed105-episode-000110,RL-TEB-Direct-Theta,t11-train-clear-straight,train,105,105,t11_gazebo_formal_v1+FullSafety,e9b9a9e17ac5e7e35d95eec2a7ad7c7667049da7,true,{},,7bd16763e0c650dd14798c7b42d22c312d871906ff5cae53e5f8ed1e9de71f4f,gazebo,true,false,true,false,goal,2.472553588798036,3.245999999999981,1.0018178929634844,0.11961670374664819,,,30.0,0.0,3,4.077695999542874,1,0,0,0.0,0,0,1,,0.0,33.999999999991815,97.99999999999424,0,,T11 train phase; undiscounted_return=17.2124278
t11_direct_theta_fullsafety_seed105,t11_direct_theta_fullsafety_seed105-episode-000111,RL-TEB-Direct-Theta,t11-train-clear-straight,train,105,105,t11_gazebo_formal_v1+FullSafety,e9b9a9e17ac5e7e35d95eec2a7ad7c7667049da7,true,{},,7bd16763e0c650dd14798c7b42d22c312d871906ff5cae53e5f8ed1e9de71f4f,gazebo,true,false,true,false,goal,2.5926487507785536,3.2479999999999905,0.9995237855904788,0.12986487194863558,,,30.0,0.0,3,3.9204210304078595,0,0,0,0.0,0,0,0,,0.0,38.66666666666182,113.99999999999484,0,,T11 train phase; undiscounted_return=17.0756963
t11_direct_theta_fullsafety_seed105,t11_direct_theta_fullsafety_seed105-episode-000112,RL-TEB-Direct-Theta,t11-train-clear-straight,train,105,105,t11_gazebo_formal_v1+FullSafety,e9b9a9e17ac5e7e35d95eec2a7ad7c7667049da7,true,{},,7bd16763e0c650dd14798c7b42d22c312d871906ff5cae53e5f8ed1e9de71f4f,gazebo,true,false,true,false,goal,2.442554395710195,3.2479999999999905,0.9969627326165461,0.146244914249675,,,30.0,0.0,3,4.611296002353941,1,0,0,0.0,0,0,1,,0.0,26.66666666666136,96.66666666667349,0,,T11 train phase; undiscounted_return=17.1423752
t11_direct_theta_fullsafety_seed105,t11_direct_theta_fullsafety_seed105-episode-000113,RL-TEB-Direct-Theta,t11-train-clear-straight,train,105,105,t11_gazebo_formal_v1+FullSafety,e9b9a9e17ac5e7e35d95eec2a7ad7c7667049da7,true,{},,7bd16763e0c650dd14798c7b42d22c312d871906ff5cae53e5f8ed1e9de71f4f,gazebo,true,false,true,false,goal,2.4895200575922263,3.156000000000006,1.0008677857857653,0.2080529530833094,,,30.0,0.0,4,3.0007262919630313,1,0,0,0.0,0,0,1,,0.0,28.999999999996362,73.99999999998386,0,,T11 train phase; undiscounted_return=18.4450339
t11_direct_theta_fullsafety_seed105,t11_direct_theta_fullsafety_seed105-episode-000114,RL-TEB-Direct-Theta,t11-train-clear-straight,train,105,105,t11_gazebo_formal_v1+FullSafety,e9b9a9e17ac5e7e35d95eec2a7ad7c7667049da7,true,{},,7bd16763e0c650dd14798c7b42d22c312d871906ff5cae53e5f8ed1e9de71f4f,gazebo,true,false,true,false,goal,2.5113978262811387,3.362000000000023,0.9995645616597861,0.17408931671410902,,,30.0,0.0,4,4.869308008182617,4,0,0,0.0,0,0,4,,0.0,33.00000000000125,71.99999999998852,0,,T11 train phase; undiscounted_return=18.4351154
t11_direct_theta_fullsafety_seed105,t11_direct_theta_fullsafety_seed105-episode-000115,RL-TEB-Direct-Theta,t11-train-clear-straight,train,105,105,t11_gazebo_formal_v1+FullSafety,e9b9a9e17ac5e7e35d95eec2a7ad7c7667049da7,true,{},,7bd16763e0c650dd14798c7b42d22c312d871906ff5cae53e5f8ed1e9de71f4f,gazebo,true,false,true,false,goal,2.492205326545124,3.25,0.9985844923638411,0.15766386190830953,,,30.0,0.0,3,2.8649815349351795,1,0,0,0.0,0,0,1,,0.0,31.333333333331364,115.3333333333156,0,,T11 train phase; undiscounted_return=16.9481734
t11_direct_theta_fullsafety_seed105,t11_direct_theta_fullsafety_seed105-episode-000116,RL-TEB-Direct-Theta,t11-train-clear-straight,train,105,105,t11_gazebo_formal_v1+FullSafety,e9b9a9e17ac5e7e35d95eec2a7ad7c7667049da7,true,{},,7bd16763e0c650dd14798c7b42d22c312d871906ff5cae53e5f8ed1e9de71f4f,gazebo,true,false,true,false,goal,2.540104838325732,3.4499999999999886,1.0019851445899746,0.14895820763051515,,,30.0,0.0,4,5.523581826119197,3,0,0,0.0,0,0,3,,0.0,35.0000000000108,83.99999999998897,0,,T11 train phase; undiscounted_return=18.5268807
t11_direct_theta_fullsafety_seed105,t11_direct_theta_fullsafety_seed105-episode-000117,RL-TEB-Direct-Theta,t11-train-clear-straight,train,105,105,t11_gazebo_formal_v1+FullSafety,e9b9a9e17ac5e7e35d95eec2a7ad7c7667049da7,true,{},,7bd16763e0c650dd14798c7b42d22c312d871906ff5cae53e5f8ed1e9de71f4f,gazebo,true,false,true,false,goal,2.6008316115327372,3.367999999999995,0.9991707660826201,0.21369517935658183,,,30.0,0.0,4,5.855190139157431,1,0,0,0.0,0,0,1,,0.0,32.49999999999886,48.99999999999238,0,,T11 train phase; undiscounted_return=18.8937736
t11_direct_theta_fullsafety_seed105,t11_direct_theta_fullsafety_seed105-episode-000118,RL-TEB-Direct-Theta,t11-train-clear-straight,train,105,105,t11_gazebo_formal_v1+FullSafety,e9b9a9e17ac5e7e35d95eec2a7ad7c7667049da7,true,{},,7bd16763e0c650dd14798c7b42d22c312d871906ff5cae53e5f8ed1e9de71f4f,gazebo,true,false,true,false,goal,2.5265000385458216,3.548000000000002,0.9998391860307306,0.09812997935738335,,,30.0,0.0,3,6.0061407781782625,1,0,0,0.0,0,0,1,,0.0,31.333333333331364,130.6666666666653,0,,T11 train phase; undiscounted_return=16.5895801
t11_direct_theta_fullsafety_seed105,t11_direct_theta_fullsafety_seed105-episode-000119,RL-TEB-Direct-Theta,t11-train-clear-straight,train,105,105,t11_gazebo_formal_v1+FullSafety,e9b9a9e17ac5e7e35d95eec2a7ad7c7667049da7,true,{},,7bd16763e0c650dd14798c7b42d22c312d871906ff5cae53e5f8ed1e9de71f4f,gazebo,true,false,true,false,goal,2.4867599967427814,3.249999999999943,1.0013785020170816,0.22797539615670706,,,30.0,0.0,4,5.904401772930509,0,0,0,0.0,0,0,0,,0.0,26.999999999986812,46.50000000000887,0,,T11 train phase; undiscounted_return=18.3951144
t11_direct_theta_fullsafety_seed105,t11_direct_theta_fullsafety_seed105-episode-000120,RL-TEB-Direct-Theta,t11-train-clear-straight,train,105,105,t11_gazebo_formal_v1+FullSafety,e9b9a9e17ac5e7e35d95eec2a7ad7c7667049da7,true,{},,7bd16763e0c650dd14798c7b42d22c312d871906ff5cae53e5f8ed1e9de71f4f,gazebo,true,false,true,false,goal,2.5554335347813373,4.039999999999964,1.0001894339975146,0.49135946600783037,,,30.0,0.0,5,6.095609979970117,3,0,0,0.0,0,0,3,,0.0,32.399999999984175,89.99999999998636,0,,T11 train phase; undiscounted_return=17.8128489
t11_direct_theta_fullsafety_seed105,t11_direct_theta_fullsafety_seed105-episode-000121,RL-TEB-Direct-Theta,t11-train-clear-straight,train,105,105,t11_gazebo_formal_v1+FullSafety,e9b9a9e17ac5e7e35d95eec2a7ad7c7667049da7,true,{},,7bd16763e0c650dd14798c7b42d22c312d871906ff5cae53e5f8ed1e9de71f4f,gazebo,true,false,true,false,goal,2.430351446050178,3.2379999999999427,1.001284320246733,0.12165559498698908,,,30.0,0.0,3,2.7176574406169713,2,0,0,0.0,0,0,2,,0.0,40.00000000000151,130.66666666664636,0,,T11 train phase; undiscounted_return=16.9683899
t11_direct_theta_fullsafety_seed105,t11_direct_theta_fullsafety_seed105-episode-000122,RL-TEB-Direct-Theta,t11-train-clear-straight,train,105,105,t11_gazebo_formal_v1+FullSafety,e9b9a9e17ac5e7e35d95eec2a7ad7c7667049da7,true,{},,7bd16763e0c650dd14798c7b42d22c312d871906ff5cae53e5f8ed1e9de71f4f,gazebo,true,false,true,false,goal,2.427568125047906,3.2360000000001037,0.997932191375954,0.14890573877557034,,,30.0,0.0,3,3.16071540855226,0,0,0,0.0,0,0,0,,0.0,32.66666666665211,112.66666666665515,0,,T11 train phase; undiscounted_return=16.6352044
t11_direct_theta_fullsafety_seed105,t11_direct_theta_fullsafety_seed105-episode-000123,RL-TEB-Direct-Theta,t11-train-clear-straight,train,105,105,t11_gazebo_formal_v1+FullSafety,e9b9a9e17ac5e7e35d95eec2a7ad7c7667049da7,true,{},,7bd16763e0c650dd14798c7b42d22c312d871906ff5cae53e5f8ed1e9de71f4f,gazebo,true,false,true,false,goal,2.4135543013603016,3.2579999999999245,0.9975625980589314,0.10058795439912888,,,30.0,0.0,3,3.254786283345451,1,0,0,0.0,0,0,1,,0.0,31.333333333312414,81.99999999999363,0,,T11 train phase; undiscounted_return=16.9008581
t11_direct_theta_fullsafety_seed105,t11_direct_theta_fullsafety_seed105-episode-000124,RL-TEB-Direct-Theta,t11-train-clear-straight,train,105,105,t11_gazebo_formal_v1+FullSafety,e9b9a9e17ac5e7e35d95eec2a7ad7c7667049da7,true,{},,7bd16763e0c650dd14798c7b42d22c312d871906ff5cae53e5f8ed1e9de71f4f,gazebo,true,false,true,false,goal,2.4846599521816337,3.451999999999998,1.000917903153719,0.24660709197380068,,,30.0,0.0,4,4.962895311344237,1,0,0,0.0,0,0,1,,0.0,29.49999999998454,71.9999999999743,0,,T11 train phase; undiscounted_return=17.7613197
t11_direct_theta_fullsafety_seed105,t11_direct_theta_fullsafety_seed105-episode-000125,RL-TEB-Direct-Theta,t11-train-clear-straight,train,105,105,t11_gazebo_formal_v1+FullSafety,e9b9a9e17ac5e7e35d95eec2a7ad7c7667049da7,true,{},,7bd16763e0c650dd14798c7b42d22c312d871906ff5cae53e5f8ed1e9de71f4f,gazebo,true,false,true,false,goal,2.4248310999731166,3.146000000000072,0.9994578916671006,0.09030045480944843,,,30.0,0.0,3,2.5392143465223773,1,0,0,0.0,0,0,1,,0.0,32.000000000001215,113.33333333334394,0,,T11 train phase; undiscounted_return=17.1044441
t11_direct_theta_fullsafety_seed105,t11_direct_theta_fullsafety_seed105-episode-000126,RL-TEB-Direct-Theta,t11-train-clear-straight,train,105,105,t11_gazebo_formal_v1+FullSafety,e9b9a9e17ac5e7e35d95eec2a7ad7c7667049da7,true,{},,7bd16763e0c650dd14798c7b42d22c312d871906ff5cae53e5f8ed1e9de71f4f,gazebo,true,false,true,false,goal,2.4400543174060254,3.1580000000000155,0.9991186247696376,0.1340783533223626,,,30.0,0.0,3,3.4918508086885724,0,0,0,0.0,0,0,0,,0.0,36.66666666667121,116.66666666667425,0,,T11 train phase; undiscounted_return=17.2352689
t11_direct_theta_fullsafety_seed105,t11_direct_theta_fullsafety_seed105-episode-000127,RL-TEB-Direct-Theta,t11-train-clear-straight,train,105,105,t11_gazebo_formal_v1+FullSafety,e9b9a9e17ac5e7e35d95eec2a7ad7c7667049da7,true,{},,7bd16763e0c650dd14798c7b42d22c312d871906ff5cae53e5f8ed1e9de71f4f,gazebo,true,false,true,false,goal,2.4035482436435105,3.259999999999991,1.0006588228943725,0.19179021388775286,,,30.0,0.0,4,5.377357825211116,1,0,0,0.0,0,0,1,,0.0,28.999999999996362,59.5000000000141,0,,T11 train phase; undiscounted_return=18.034427
t11_direct_theta_fullsafety_seed105,t11_direct_theta_fullsafety_seed105-episode-000128,RL-TEB-Direct-Theta,t11-train-clear-straight,train,105,105,t11_gazebo_formal_v1+FullSafety,e9b9a9e17ac5e7e35d95eec2a7ad7c7667049da7,true,{},,7bd16763e0c650dd14798c7b42d22c312d871906ff5cae53e5f8ed1e9de71f4f,gazebo,true,false,true,false,goal,2.5607240582046313,3.2620000000000573,0.9992474473383898,0.20513119066665694,,,30.0,0.0,3,3.608429094155629,0,0,0,0.0,0,0,0,,0.0,33.33333333330302,101.99999999997544,0,,T11 train phase; undiscounted_return=17.2406394
t11_direct_theta_fullsafety_seed105,t11_direct_theta_fullsafety_seed105-episode-000129,RL-TEB-Direct-Theta,t11-train-clear-straight,train,105,105,t11_gazebo_formal_v1+FullSafety,e9b9a9e17ac5e7e35d95eec2a7ad7c7667049da7,true,{},,7bd16763e0c650dd14798c7b42d22c312d871906ff5cae53e5f8ed1e9de71f4f,gazebo,true,false,true,false,goal,2.53252715301173,3.2519999999999527,1.000713948718146,0.16184137920090538,,,30.0,0.0,3,3.6310875381742216,2,0,0,0.0,0,0,2,,0.0,32.66666666669001,96.00000000000364,0,,T11 train phase; undiscounted_return=16.9847182
t11_direct_theta_fullsafety_seed105,t11_direct_theta_fullsafety_seed105-episode-000130,RL-TEB-Direct-Theta,t11-train-clear-straight,train,105,105,t11_gazebo_formal_v1+FullSafety,e9b9a9e17ac5e7e35d95eec2a7ad7c7667049da7,true,{},,7bd16763e0c650dd14798c7b42d22c312d871906ff5cae53e5f8ed1e9de71f4f,gazebo,true,false,true,false,goal,2.4753872030541224,3.3500000000000227,1.0016833540892602,0.15348039129855248,,,30.0,0.0,4,5.785234478541783,0,0,0,0.0,0,0,0,,0.0,31.49999999999409,93.50000000000591,0,,T11 train phase; undiscounted_return=17.7042949
t11_direct_theta_fullsafety_seed105,t11_direct_theta_fullsafety_seed105-episode-000131,RL-TEB-Direct-Theta,t11-train-clear-straight,train,105,105,t11_gazebo_formal_v1+FullSafety,e9b9a9e17ac5e7e35d95eec2a7ad7c7667049da7,true,{},,7bd16763e0c650dd14798c7b42d22c312d871906ff5cae53e5f8ed1e9de71f4f,gazebo,true,false,true,false,goal,2.4663419676292477,3.3379999999999654,1.000512032034014,0.17309478707243112,,,30.0,0.0,3,3.134135250250499,1,0,0,0.0,0,0,1,,0.0,35.999999999982414,112.66666666665515,0,,T11 train phase; undiscounted_return=16.6661091
t11_direct_theta_fullsafety_seed105,t11_direct_theta_fullsafety_seed105-episode-000132,RL-TEB-Direct-Theta,t11-train-clear-straight,train,105,105,t11_gazebo_formal_v1+FullSafety,e9b9a9e17ac5e7e35d95eec2a7ad7c7667049da7,true,{},,7bd16763e0c650dd14798c7b42d22c312d871906ff5cae53e5f8ed1e9de71f4f,gazebo,true,false,true,false,goal,2.5706670308096466,3.244000000000028,0.9979360531355368,0.1250810901784487,,,30.0,0.0,3,2.429095550661994,1,0,0,0.0,0,0,1,,0.0,34.66666666668061,78.66666666666333,0,,T11 train phase; undiscounted_return=17.5899823
t11_direct_theta_fullsafety_seed105,t11_direct_theta_fullsafety_seed105-episode-000133,RL-TEB-Direct-Theta,t11-train-clear-straight,train,105,105,t11_gazebo_formal_v1+FullSafety,e9b9a9e17ac5e7e35d95eec2a7ad7c7667049da7,true,{},,7bd16763e0c650dd14798c7b42d22c312d871906ff5cae53e5f8ed1e9de71f4f,gazebo,true,false,true,false,goal,2.5063854013206726,3.254000000000019,1.000689404781198,0.170637290714442,,,30.0,0.0,3,4.632795810699463,0,0,0,0.0,0,0,0,,0.0,34.66666666668061,114.66666666664575,0,,T11 train phase; undiscounted_return=17.114376
t11_direct_theta_fullsafety_seed105,t11_direct_theta_fullsafety_seed105-episode-000134,RL-TEB-Direct-Theta,t11-train-clear-straight,train,105,105,t11_gazebo_formal_v1+FullSafety,e9b9a9e17ac5e7e35d95eec2a7ad7c7667049da7,true,{},,7bd16763e0c650dd14798c7b42d22c312d871906ff5cae53e5f8ed1e9de71f4f,gazebo,true,false,true,false,goal,2.5161766129705243,3.131999999999948,1.0015789083096491,0.11721800400069766,,,30.0,0.0,3,3.2226834978376093,1,0,0,0.0,0,0,1,,0.0,28.666666666708807,110.66666666666454,0,,T11 train phase; undiscounted_return=17.2146304
t11_direct_theta_fullsafety_seed105,t11_direct_theta_fullsafety_seed105-episode-000135,RL-TEB-Direct-Theta,t11-train-clear-straight,train,105,105,t11_gazebo_formal_v1+FullSafety,e9b9a9e17ac5e7e35d95eec2a7ad7c7667049da7,true,{},,7bd16763e0c650dd14798c7b42d22c312d871906ff5cae53e5f8ed1e9de71f4f,gazebo,true,false,true,false,goal,2.5378903151528642,3.354000000000042,1.0011990352055375,0.1568441789787586,,,30.0,0.0,4,5.659927967900322,4,0,0,0.0,0,0,4,,0.0,32.00000000003911,108.00000000003251,0,,T11 train phase; undiscounted_return=18.0894089
t11_direct_theta_fullsafety_seed105,t11_direct_theta_fullsafety_seed105-episode-000136,RL-TEB-Direct-Theta,t11-train-clear-straight,train,105,105,t11_gazebo_formal_v1+FullSafety,e9b9a9e17ac5e7e35d95eec2a7ad7c7667049da7,true,{},,7bd16763e0c650dd14798c7b42d22c312d871906ff5cae53e5f8ed1e9de71f4f,gazebo,true,false,true,false,goal,2.5926289477703657,3.2519999999999527,1.0020072332966667,0.1713530744048723,,,30.0,0.0,3,3.1213900129000347,1,0,0,0.0,0,0,1,,0.0,38.66666666662392,100.66666666659785,0,,T11 train phase; undiscounted_return=17.1867246
t11_direct_theta_fullsafety_seed105,t11_direct_theta_fullsafety_seed105-episode-000137,RL-TEB-Direct-Theta,t11-train-clear-straight,train,105,105,t11_gazebo_formal_v1+FullSafety,e9b9a9e17ac5e7e35d95eec2a7ad7c7667049da7,true,{},,7bd16763e0c650dd14798c7b42d22c312d871906ff5cae53e5f8ed1e9de71f4f,gazebo,true,false,true,false,goal,2.5466915577280314,3.244000000000028,1.000100369665148,0.12408769768112957,,,30.0,0.0,3,3.8535124253659037,2,0,0,0.0,0,0,2,,0.0,31.333333333388207,64.00000000000243,0,,T11 train phase; undiscounted_return=17.6714687
t11_direct_theta_fullsafety_seed105,t11_direct_theta_fullsafety_seed105-episode-000138,RL-TEB-Direct-Theta,t11-train-clear-straight,train,105,105,t11_gazebo_formal_v1+FullSafety,e9b9a9e17ac5e7e35d95eec2a7ad7c7667049da7,true,{},,7bd16763e0c650dd14798c7b42d22c312d871906ff5cae53e5f8ed1e9de71f4f,gazebo,true,false,true,false,goal,2.588908901903831,3.155999999999949,1.002901129343644,0.20322435466816435,,,30.0,0.0,3,2.8119941490037097,0,0,0,0.0,0,0,0,,0.0,32.000000000001215,98.66666666660724,0,,T11 train phase; undiscounted_return=17.3857261
t11_direct_theta_fullsafety_seed105,t11_direct_theta_fullsafety_seed105-episode-000139,RL-TEB-Direct-Theta,t11-train-clear-straight,train,105,105,t11_gazebo_formal_v1+FullSafety,e9b9a9e17ac5e7e35d95eec2a7ad7c7667049da7,true,{},,7bd16763e0c650dd14798c7b42d22c312d871906ff5cae53e5f8ed1e9de71f4f,gazebo,true,false,true,false,goal,2.401169602028263,3.2539999999999054,1.001541704193353,0.1405635838326475,,,30.0,0.0,3,4.546986375252407,2,0,0,0.0,0,0,2,,0.0,33.99999999995392,115.33333333329665,0,,T11 train phase; undiscounted_return=16.415042
t11_direct_theta_fullsafety_seed105,t11_direct_theta_fullsafety_seed105-episode-000140,RL-TEB-Direct-Theta,t11-train-clear-straight,train,105,105,t11_gazebo_formal_v1+FullSafety,e9b9a9e17ac5e7e35d95eec2a7ad7c7667049da7,true,{},,7bd16763e0c650dd14798c7b42d22c312d871906ff5cae53e5f8ed1e9de71f4f,gazebo,true,false,true,false,goal,2.429353310439166,3.0499999999999545,1.0012277838615042,0.15190602836918735,,,30.0,0.0,3,1.9252048674083901,0,0,0,0.0,0,0,0,,0.0,37.333333333322116,115.99999999994755,0,,T11 train phase; undiscounted_return=17.0648061
t11_direct_theta_fullsafety_seed105,t11_direct_theta_fullsafety_seed105-episode-000141,RL-TEB-Direct-Theta,t11-train-clear-straight,train,105,105,t11_gazebo_formal_v1+FullSafety,e9b9a9e17ac5e7e35d95eec2a7ad7c7667049da7,true,{},,7bd16763e0c650dd14798c7b42d22c312d871906ff5cae53e5f8ed1e9de71f4f,gazebo,true,false,true,false,goal,2.586894499576543,3.340000000000032,1.0008792899382146,0.1788872063712379,,,30.0,0.0,4,5.214686957711266,2,0,0,0.0,0,0,2,,0.0,27.50000000000341,93.99999999999409,0,,T11 train phase; undiscounted_return=18.0183785
t11_direct_theta_fullsafety_seed105,t11_direct_theta_fullsafety_seed105-episode-000142,RL-TEB-Direct-Theta,t11-train-clear-straight,train,105,105,t11_gazebo_formal_v1+FullSafety,e9b9a9e17ac5e7e35d95eec2a7ad7c7667049da7,true,{},,7bd16763e0c650dd14798c7b42d22c312d871906ff5cae53e5f8ed1e9de71f4f,gazebo,false,false,false,true,operator_stop,1.4378605502424273,1.3419999999999845,1.6804526544798686,0.1418850018978505,,,30.0,0.0,2,2.4781085956664315,0,0,0,0.0,0,0,0,,0.0,31.00000000000591,81.99999999999363,0,,T11 train phase; undiscounted_return=5.17256718
t11_direct_theta_fullsafety_seed105,t11_direct_theta_fullsafety_seed105-episode-000143,RL-TEB-Direct-Theta,t11-validation-clear-offset,validation,105,301,t11_gazebo_formal_v1+FullSafety,e9b9a9e17ac5e7e35d95eec2a7ad7c7667049da7,true,{},3e27bbefff7308f020dbdd435239502f3b1ec376d7fe0b9b248ff967eea53e81,7bd16763e0c650dd14798c7b42d22c312d871906ff5cae53e5f8ed1e9de71f4f,gazebo,true,false,true,false,goal,2.8132136945077875,3.3419999999999845,0.998730934791857,0.19944098505223468,,,30.0,0.0,4,0.6177192091941808,4,0,0,0.0,0,0,4,,1.4775869985896861,37.499999999965894,68.00000000001205,0,,T11 validation phase; undiscounted_return=19.2560626
t11_direct_theta_fullsafety_seed105,t11_direct_theta_fullsafety_seed105-episode-000144,RL-TEB-Direct-Theta,t11-validation-obstacle-offset,validation,105,301,t11_gazebo_formal_v1+FullSafety,e9b9a9e17ac5e7e35d95eec2a7ad7c7667049da7,true,{},3e27bbefff7308f020dbdd435239502f3b1ec376d7fe0b9b248ff967eea53e81,7bd16763e0c650dd14798c7b42d22c312d871906ff5cae53e5f8ed1e9de71f4f,gazebo,false,false,true,false,emergency_stop,0.9734868842310592,6.7159999999998945,5.20805113093642,0.15013423567366507,,,0.680484078304181,0.0,12,5.733365553617479,12,1,0,0.0,0,0,12,,1.554495999395537,31.500000000031985,69.50000000003342,0,,T11 validation phase; undiscounted_return=2.57951671
t11_direct_theta_fullsafety_seed105,t11_direct_theta_fullsafety_seed105-episode-000145,RL-TEB-Direct-Theta,t11-validation-corridor,validation,105,301,t11_gazebo_formal_v1+FullSafety,e9b9a9e17ac5e7e35d95eec2a7ad7c7667049da7,true,{},3e27bbefff7308f020dbdd435239502f3b1ec376d7fe0b9b248ff967eea53e81,7bd16763e0c650dd14798c7b42d22c312d871906ff5cae53e5f8ed1e9de71f4f,gazebo,false,false,true,false,emergency_stop,0.08015869089079376,0.18799999999998818,55.74071336258718,0.0,,,0.5234342190641259,0.0,1,0.0,1,1,0,0.0,0,0,1,,1.4917740045348182,0.0,0.0,0,,T11 validation phase; undiscounted_return=0
t11_direct_theta_fullsafety_seed105,t11_direct_theta_fullsafety_seed105-episode-000147,RL-TEB-Direct-Theta,t11-validation-clear-offset,validation,105,301,t11_gazebo_formal_v1+FullSafety,e9b9a9e17ac5e7e35d95eec2a7ad7c7667049da7,true,{},3e27bbefff7308f020dbdd435239502f3b1ec376d7fe0b9b248ff967eea53e81,7bd16763e0c650dd14798c7b42d22c312d871906ff5cae53e5f8ed1e9de71f4f,gazebo,true,false,true,false,goal,2.8149013854767597,3.5539999999999736,0.9981321396838728,0.2171081196642097,,,30.0,0.0,4,1.5084810058275857,4,0,0,0.0,0,0,4,,1.587364498846,40.49999999998022,47.49999999998522,0,,T11 validation phase; undiscounted_return=19.5227685
t11_direct_theta_fullsafety_seed105,t11_direct_theta_fullsafety_seed105-episode-000148,RL-TEB-Direct-Theta,t11-validation-obstacle-offset,validation,105,301,t11_gazebo_formal_v1+FullSafety,e9b9a9e17ac5e7e35d95eec2a7ad7c7667049da7,true,{},3e27bbefff7308f020dbdd435239502f3b1ec376d7fe0b9b248ff967eea53e81,7bd16763e0c650dd14798c7b42d22c312d871906ff5cae53e5f8ed1e9de71f4f,gazebo,false,false,true,false,emergency_stop,0.42069485440892307,0.7179999999999609,12.051417827524075,0.09607053486993519,,,1.2446546247127448,0.0,2,0.7785432597001392,2,1,0,0.0,0,0,2,,1.6858984999998938,13.000000000033651,20.000000000038654,0,,T11 validation phase; undiscounted_return=1.39544409
t11_direct_theta_fullsafety_seed105,t11_direct_theta_fullsafety_seed105-episode-000149,RL-TEB-Direct-Theta,t11-validation-corridor,validation,105,301,t11_gazebo_formal_v1+FullSafety,e9b9a9e17ac5e7e35d95eec2a7ad7c7667049da7,true,{},3e27bbefff7308f020dbdd435239502f3b1ec376d7fe0b9b248ff967eea53e81,7bd16763e0c650dd14798c7b42d22c312d871906ff5cae53e5f8ed1e9de71f4f,gazebo,false,false,true,false,emergency_stop,0.023798779870311343,0.11599999999998545,187.74502881292082,0.0,,,0.5202274230124315,0.0,1,0.0,1,1,0,0.0,0,0,1,,1.93360100092832,0.0,0.0,0,,T11 validation phase; undiscounted_return=0
t11_direct_theta_fullsafety_seed105,t11_direct_theta_fullsafety_seed105-episode-000151,RL-TEB-Direct-Theta,t11-validation-clear-offset,validation,105,301,t11_gazebo_formal_v1+FullSafety,e9b9a9e17ac5e7e35d95eec2a7ad7c7667049da7,true,{},3e27bbefff7308f020dbdd435239502f3b1ec376d7fe0b9b248ff967eea53e81,7bd16763e0c650dd14798c7b42d22c312d871906ff5cae53e5f8ed1e9de71f4f,gazebo,true,false,true,false,goal,2.81107808930738,3.4600000000000364,0.9994896810487691,0.20179607057521684,,,30.0,0.0,4,1.1992752492427807,4,0,0,0.0,0,0,4,,1.7715857502480503,37.99999999998249,70.99999999999795,0,,T11 validation phase; undiscounted_return=19.3320531
t11_direct_theta_fullsafety_seed105,t11_direct_theta_fullsafety_seed105-episode-000152,RL-TEB-Direct-Theta,t11-validation-obstacle-offset,validation,105,301,t11_gazebo_formal_v1+FullSafety,e9b9a9e17ac5e7e35d95eec2a7ad7c7667049da7,true,{},3e27bbefff7308f020dbdd435239502f3b1ec376d7fe0b9b248ff967eea53e81,7bd16763e0c650dd14798c7b42d22c312d871906ff5cae53e5f8ed1e9de71f4f,gazebo,false,false,true,false,emergency_stop,0.6016235410378704,1.41599999999994,8.427146084784274,0.15380443218791678,,,1.0155477289218244,0.0,3,1.3298330585161844,3,1,0,0.0,0,0,3,,1.3008436653763056,30.000000000010612,63.333333333351526,0,,T11 validation phase; undiscounted_return=1.9058913
t11_direct_theta_fullsafety_seed105,t11_direct_theta_fullsafety_seed105-episode-000153,RL-TEB-Direct-Theta,t11-validation-corridor,validation,105,301,t11_gazebo_formal_v1+FullSafety,e9b9a9e17ac5e7e35d95eec2a7ad7c7667049da7,true,{},3e27bbefff7308f020dbdd435239502f3b1ec376d7fe0b9b248ff967eea53e81,7bd16763e0c650dd14798c7b42d22c312d871906ff5cae53e5f8ed1e9de71f4f,gazebo,false,false,true,false,emergency_stop,0.058601770643374976,0.18799999999998818,76.24518104845164,0.0,,,0.5261688219015771,0.0,1,0.0,1,1,0,0.0,0,0,1,,1.5945350023685023,0.0,0.0,0,,T11 validation phase; undiscounted_return=0
t11_direct_theta_fullsafety_seed105,t11_direct_theta_fullsafety_seed105-episode-000155,RL-TEB-Direct-Theta,t11-validation-clear-offset,validation,105,301,t11_gazebo_formal_v1+FullSafety,e9b9a9e17ac5e7e35d95eec2a7ad7c7667049da7,true,{},3e27bbefff7308f020dbdd435239502f3b1ec376d7fe0b9b248ff967eea53e81,7bd16763e0c650dd14798c7b42d22c312d871906ff5cae53e5f8ed1e9de71f4f,gazebo,true,false,true,false,goal,2.80579992268847,3.354000000000042,1.0013698839198997,0.21776431904317373,,,30.0,0.0,4,1.0992495656013483,2,0,0,0.0,0,0,2,,1.125497999964864,38.000000000010914,72.00000000000273,0,,T11 validation phase; undiscounted_return=19.2818253
t11_direct_theta_fullsafety_seed105,t11_direct_theta_fullsafety_seed105-episode-000156,RL-TEB-Direct-Theta,t11-validation-obstacle-offset,validation,105,301,t11_gazebo_formal_v1+FullSafety,e9b9a9e17ac5e7e35d95eec2a7ad7c7667049da7,true,{},3e27bbefff7308f020dbdd435239502f3b1ec376d7fe0b9b248ff967eea53e81,7bd16763e0c650dd14798c7b42d22c312d871906ff5cae53e5f8ed1e9de71f4f,gazebo,false,false,true,false,emergency_stop,0.5046154233412901,0.8039999999999736,10.047194821753065,0.13436229660826318,,,1.1569499734354256,0.0,2,0.5803411106268559,2,1,0,0.0,0,0,2,,1.4713644995936193,15.000000000043201,67.00000000000728,0,,T11 validation phase; undiscounted_return=1.53967575
t11_direct_theta_fullsafety_seed105,t11_direct_theta_fullsafety_seed105-episode-000157,RL-TEB-Direct-Theta,t11-validation-corridor,validation,105,301,t11_gazebo_formal_v1+FullSafety,e9b9a9e17ac5e7e35d95eec2a7ad7c7667049da7,true,{},3e27bbefff7308f020dbdd435239502f3b1ec376d7fe0b9b248ff967eea53e81,7bd16763e0c650dd14798c7b42d22c312d871906ff5cae53e5f8ed1e9de71f4f,gazebo,false,false,true,false,emergency_stop,0.027080748019395244,0.09600000000000364,164.9918462098575,0.0,,,0.5149454666710152,0.0,1,0.0,1,1,0,0.0,0,0,1,,1.9046079978579655,0.0,0.0,0,,T11 validation phase; undiscounted_return=0
t11_direct_theta_fullsafety_seed105,t11_direct_theta_fullsafety_seed105-episode-000159,RL-TEB-Direct-Theta,t11-validation-clear-offset,validation,105,301,t11_gazebo_formal_v1+FullSafety,e9b9a9e17ac5e7e35d95eec2a7ad7c7667049da7,true,{},3e27bbefff7308f020dbdd435239502f3b1ec376d7fe0b9b248ff967eea53e81,7bd16763e0c650dd14798c7b42d22c312d871906ff5cae53e5f8ed1e9de71f4f,gazebo,true,false,true,false,goal,2.818830385229688,3.548000000000002,0.9967409027542737,0.2227624936471484,,,30.0,0.0,4,2.0899207075436914,2,0,0,0.0,0,0,2,,1.6932712496782187,32.49999999999886,56.49999999999977,0,,T11 validation phase; undiscounted_return=19.4614178
t11_direct_theta_fullsafety_seed105,t11_direct_theta_fullsafety_seed105-episode-000160,RL-TEB-Direct-Theta,t11-validation-obstacle-offset,validation,105,301,t11_gazebo_formal_v1+FullSafety,e9b9a9e17ac5e7e35d95eec2a7ad7c7667049da7,true,{},3e27bbefff7308f020dbdd435239502f3b1ec376d7fe0b9b248ff967eea53e81,7bd16763e0c650dd14798c7b42d22c312d871906ff5cae53e5f8ed1e9de71f4f,gazebo,false,false,true,false,emergency_stop,0.013634761126804132,0.12400000000002365,371.8414588433422,0.0,,,0.0,0.0,1,0.0,1,1,0,0.0,0,0,1,,1.515969997853972,0.0,0.0,0,,T11 validation phase; undiscounted_return=0
t11_direct_theta_fullsafety_seed105,t11_direct_theta_fullsafety_seed105-episode-000161,RL-TEB-Direct-Theta,t11-validation-corridor,validation,105,301,t11_gazebo_formal_v1+FullSafety,e9b9a9e17ac5e7e35d95eec2a7ad7c7667049da7,true,{},3e27bbefff7308f020dbdd435239502f3b1ec376d7fe0b9b248ff967eea53e81,7bd16763e0c650dd14798c7b42d22c312d871906ff5cae53e5f8ed1e9de71f4f,gazebo,false,false,true,false,emergency_stop,0.41661915533016536,0.8960000000000719,10.72466917399189,0.10980400924550521,,,0.48646271487351916,0.0,2,1.6055125435193383,2,1,0,0.0,0,0,2,,1.0750910005299374,14.999999999986358,43.00000000000637,0,,T11 validation phase; undiscounted_return=1.41322092
t11_direct_theta_fullsafety_seed105,t11_direct_theta_fullsafety_seed105-episode-000163,RL-TEB-Direct-Theta,t11-test-id-clear-straight,test_id,105,201,t11_gazebo_formal_v1+FullSafety,e9b9a9e17ac5e7e35d95eec2a7ad7c7667049da7,true,{},3e27bbefff7308f020dbdd435239502f3b1ec376d7fe0b9b248ff967eea53e81,7bd16763e0c650dd14798c7b42d22c312d871906ff5cae53e5f8ed1e9de71f4f,gazebo,true,false,true,false,goal,2.950861583309842,3.5439999999999827,1.0015178049935929,0.20811253897108117,,,30.0,0.0,4,0.487871541579564,2,0,0,0.0,0,0,2,,1.2233572488185018,36.49999999996112,56.99999999995953,0,,T11 test phase; undiscounted_return=19.4818853
t11_direct_theta_fullsafety_seed105,t11_direct_theta_fullsafety_seed105-episode-000164,RL-TEB-Direct-Theta,t11-test-id-left,test_id,105,201,t11_gazebo_formal_v1+FullSafety,e9b9a9e17ac5e7e35d95eec2a7ad7c7667049da7,true,{},3e27bbefff7308f020dbdd435239502f3b1ec376d7fe0b9b248ff967eea53e81,7bd16763e0c650dd14798c7b42d22c312d871906ff5cae53e5f8ed1e9de71f4f,gazebo,true,false,true,false,goal,3.983896543851258,4.440000000000055,0.9647429841110752,0.14577280163837258,,,30.0,0.0,6,1.2582592745621985,6,0,0,0.0,0,0,6,,1.7481389962388978,34.66666666668061,60.99999999999758,0,,T11 test phase; undiscounted_return=23.5995274
t11_direct_theta_fullsafety_seed105,t11_direct_theta_fullsafety_seed105-episode-000165,RL-TEB-Direct-Theta,t11-test-id-obstacle,test_id,105,201,t11_gazebo_formal_v1+FullSafety,e9b9a9e17ac5e7e35d95eec2a7ad7c7667049da7,true,{},3e27bbefff7308f020dbdd435239502f3b1ec376d7fe0b9b248ff967eea53e81,7bd16763e0c650dd14798c7b42d22c312d871906ff5cae53e5f8ed1e9de71f4f,gazebo,false,false,true,false,emergency_stop,0.4737118768587236,0.7179999999999609,10.89664910974817,0.16429349474614727,,,1.3157789072680148,0.0,2,0.605815398693085,2,1,0,0.0,0,0,2,,1.518852495792089,16.999999999995907,17.99999999997226,0,,T11 test phase; undiscounted_return=1.60837674
t11_direct_theta_fullsafety_seed105,t11_direct_theta_fullsafety_seed105-episode-000166,RL-TEB-Direct-Theta,t11-test-id-corridor,test_id,105,201,t11_gazebo_formal_v1+FullSafety,e9b9a9e17ac5e7e35d95eec2a7ad7c7667049da7,true,{},3e27bbefff7308f020dbdd435239502f3b1ec376d7fe0b9b248ff967eea53e81,7bd16763e0c650dd14798c7b42d22c312d871906ff5cae53e5f8ed1e9de71f4f,gazebo,false,false,true,false,emergency_stop,0.022766663879333043,0.12400000000002365,222.42682308483145,0.0,,,0.5101506055891707,0.0,1,0.0,1,1,0,0.0,0,0,1,,1.9908640024368651,0.0,0.0,0,,T11 test phase; undiscounted_return=0
t11_direct_theta_fullsafety_seed105,t11_direct_theta_fullsafety_seed105-episode-000167,RL-TEB-Direct-Theta,t11-test-id-clear-straight,test_id,105,202,t11_gazebo_formal_v1+FullSafety,e9b9a9e17ac5e7e35d95eec2a7ad7c7667049da7,true,{},3e27bbefff7308f020dbdd435239502f3b1ec376d7fe0b9b248ff967eea53e81,7bd16763e0c650dd14798c7b42d22c312d871906ff5cae53e5f8ed1e9de71f4f,gazebo,true,false,true,false,goal,3.0897256931948025,3.7520000000000664,0.9989904413519832,0.24405206737008994,,,30.0,0.0,5,0.8393916621094653,1,0,0,0.0,0,0,1,,1.3609833986265585,42.39999999999782,76.40000000001237,0,,T11 test phase; undiscounted_return=20.968518
t11_direct_theta_fullsafety_seed105,t11_direct_theta_fullsafety_seed105-episode-000168,RL-TEB-Direct-Theta,t11-test-id-left,test_id,105,202,t11_gazebo_formal_v1+FullSafety,e9b9a9e17ac5e7e35d95eec2a7ad7c7667049da7,true,{},3e27bbefff7308f020dbdd435239502f3b1ec376d7fe0b9b248ff967eea53e81,7bd16763e0c650dd14798c7b42d22c312d871906ff5cae53e5f8ed1e9de71f4f,gazebo,true,false,true,false,goal,4.131257799851746,4.653999999999996,0.9640744526075731,0.16005469955294557,,,30.0,0.0,6,1.004661403099695,6,0,0,0.0,0,0,6,,1.734535333525855,31.00000000002486,86.33333333333819,0,,T11 test phase; undiscounted_return=23.8343043
t11_direct_theta_fullsafety_seed105,t11_direct_theta_fullsafety_seed105-episode-000169,RL-TEB-Direct-Theta,t11-test-id-obstacle,test_id,105,202,t11_gazebo_formal_v1+FullSafety,e9b9a9e17ac5e7e35d95eec2a7ad7c7667049da7,true,{},3e27bbefff7308f020dbdd435239502f3b1ec376d7fe0b9b248ff967eea53e81,7bd16763e0c650dd14798c7b42d22c312d871906ff5cae53e5f8ed1e9de71f4f,gazebo,false,false,true,false,emergency_stop,0.4611586001312195,0.7100000000000364,11.313733225083507,0.14573332977996603,,,1.3264865198917106,0.0,2,0.5686063448588048,2,1,0,0.0,0,0,2,,1.581721498951083,14.000000000010004,15.99999999996271,0,,T11 test phase; undiscounted_return=1.56976193
t11_direct_theta_fullsafety_seed105,t11_direct_theta_fullsafety_seed105-episode-000170,RL-TEB-Direct-Theta,t11-test-id-corridor,test_id,105,202,t11_gazebo_formal_v1+FullSafety,e9b9a9e17ac5e7e35d95eec2a7ad7c7667049da7,true,{},3e27bbefff7308f020dbdd435239502f3b1ec376d7fe0b9b248ff967eea53e81,7bd16763e0c650dd14798c7b42d22c312d871906ff5cae53e5f8ed1e9de71f4f,gazebo,false,false,true,false,emergency_stop,0.5171292251689295,0.7200000000000273,9.480426368148583,0.15742005892997113,,,0.4774312398961849,0.0,2,0.5436681350072229,2,1,0,0.0,0,0,2,,1.0677335012587719,19.99999999998181,28.00000000002001,0,,T11 test phase; undiscounted_return=1.89278932
t11_direct_theta_fullsafety_seed105,t11_direct_theta_fullsafety_seed105-episode-000171,RL-TEB-Direct-Theta,t11-test-id-clear-straight,test_id,105,203,t11_gazebo_formal_v1+FullSafety,e9b9a9e17ac5e7e35d95eec2a7ad7c7667049da7,true,{},3e27bbefff7308f020dbdd435239502f3b1ec376d7fe0b9b248ff967eea53e81,7bd16763e0c650dd14798c7b42d22c312d871906ff5cae53e5f8ed1e9de71f4f,gazebo,true,false,true,false,goal,2.9453364332174368,3.546000000000049,1.001046141211166,0.22081184538642443,,,30.0,0.0,4,0.608635689814883,2,0,0,0.0,0,0,2,,2.3749247502564685,32.00000000001069,78.99999999997931,0,,T11 test phase; undiscounted_return=19.4429202
t11_direct_theta_fullsafety_seed105,t11_direct_theta_fullsafety_seed105-episode-000172,RL-TEB-Direct-Theta,t11-test-id-left,test_id,105,203,t11_gazebo_formal_v1+FullSafety,e9b9a9e17ac5e7e35d95eec2a7ad7c7667049da7,true,{},3e27bbefff7308f020dbdd435239502f3b1ec376d7fe0b9b248ff967eea53e81,7bd16763e0c650dd14798c7b42d22c312d871906ff5cae53e5f8ed1e9de71f4f,gazebo,true,false,true,false,goal,4.099999189974567,4.649999999999977,0.9640015233468963,0.2220653745587241,,,30.0,0.0,6,1.0219621936480217,6,0,0,0.0,0,0,6,,1.369373669149354,35.00000000000606,76.66666666665378,0,,T11 test phase; undiscounted_return=23.3248546
t11_direct_theta_fullsafety_seed105,t11_direct_theta_fullsafety_seed105-episode-000173,RL-TEB-Direct-Theta,t11-test-id-obstacle,test_id,105,203,t11_gazebo_formal_v1+FullSafety,e9b9a9e17ac5e7e35d95eec2a7ad7c7667049da7,true,{},3e27bbefff7308f020dbdd435239502f3b1ec376d7fe0b9b248ff967eea53e81,7bd16763e0c650dd14798c7b42d22c312d871906ff5cae53e5f8ed1e9de71f4f,gazebo,false,false,true,false,emergency_stop,0.5927767732938988,0.8139999999999645,8.778139678039581,0.17287778359846984,,,1.172667933551872,0.0,2,0.6669852256774902,2,1,0,0.0,0,0,2,,1.7297494996455498,15.99999999996271,68.99999999995998,0,,T11 test phase; undiscounted_return=1.86195005
t11_direct_theta_fullsafety_seed105,t11_direct_theta_fullsafety_seed105-episode-000174,RL-TEB-Direct-Theta,t11-test-id-corridor,test_id,105,203,t11_gazebo_formal_v1+FullSafety,e9b9a9e17ac5e7e35d95eec2a7ad7c7667049da7,true,{},3e27bbefff7308f020dbdd435239502f3b1ec376d7fe0b9b248ff967eea53e81,7bd16763e0c650dd14798c7b42d22c312d871906ff5cae53e5f8ed1e9de71f4f,gazebo,false,false,true,false,emergency_stop,0.39485700066509216,0.7179999999999609,12.872608152912736,0.11858573180558188,,,0.5219962952041954,0.0,2,0.5686435858408614,1,1,0,0.0,0,0,1,,1.1133669977425598,15.99999999996271,31.00000000000591,0,,T11 test phase; undiscounted_return=1.37640579
t11_direct_theta_fullsafety_seed105,t11_direct_theta_fullsafety_seed105-episode-000175,RL-TEB-Direct-Theta,t11-test-id-clear-straight,test_id,105,204,t11_gazebo_formal_v1+FullSafety,e9b9a9e17ac5e7e35d95eec2a7ad7c7667049da7,true,{},3e27bbefff7308f020dbdd435239502f3b1ec376d7fe0b9b248ff967eea53e81,7bd16763e0c650dd14798c7b42d22c312d871906ff5cae53e5f8ed1e9de71f4f,gazebo,true,false,true,false,goal,3.0933406798119942,3.75,0.998741483033573,0.13419562867727447,,,30.0,0.0,4,0.6564105172952028,1,0,0,0.0,0,0,1,,1.2101494994567474,34.99999999999659,81.99999999999363,0,,T11 test phase; undiscounted_return=20.0390728
t11_direct_theta_fullsafety_seed105,t11_direct_theta_fullsafety_seed105-episode-000176,RL-TEB-Direct-Theta,t11-test-id-left,test_id,105,204,t11_gazebo_formal_v1+FullSafety,e9b9a9e17ac5e7e35d95eec2a7ad7c7667049da7,true,{},3e27bbefff7308f020dbdd435239502f3b1ec376d7fe0b9b248ff967eea53e81,7bd16763e0c650dd14798c7b42d22c312d871906ff5cae53e5f8ed1e9de71f4f,gazebo,true,false,true,false,goal,4.076896253191735,4.662000000000035,0.9622602391496924,0.244878011589934,,,30.0,0.0,6,1.0985506872336088,6,0,0,0.0,0,0,6,,1.4852881661984914,33.33333333330302,71.33333333329499,0,,T11 test phase; undiscounted_return=23.8214969
t11_direct_theta_fullsafety_seed105,t11_direct_theta_fullsafety_seed105-episode-000177,RL-TEB-Direct-Theta,t11-test-id-obstacle,test_id,105,204,t11_gazebo_formal_v1+FullSafety,e9b9a9e17ac5e7e35d95eec2a7ad7c7667049da7,true,{},3e27bbefff7308f020dbdd435239502f3b1ec376d7fe0b9b248ff967eea53e81,7bd16763e0c650dd14798c7b42d22c312d871906ff5cae53e5f8ed1e9de71f4f,gazebo,false,false,true,false,emergency_stop,1.0477027836911008,1.4239999999999782,4.977588818973886,0.16931522356884093,,,0.6903745216276839,0.0,3,1.113375186920166,3,1,0,0.0,0,0,3,,1.6165559985286866,25.333333333340608,60.000000000021224,0,,T11 test phase; undiscounted_return=3.43505678
t11_direct_theta_fullsafety_seed105,t11_direct_theta_fullsafety_seed105-episode-000178,RL-TEB-Direct-Theta,t11-test-id-corridor,test_id,105,204,t11_gazebo_formal_v1+FullSafety,e9b9a9e17ac5e7e35d95eec2a7ad7c7667049da7,true,{},3e27bbefff7308f020dbdd435239502f3b1ec376d7fe0b9b248ff967eea53e81,7bd16763e0c650dd14798c7b42d22c312d871906ff5cae53e5f8ed1e9de71f4f,gazebo,false,false,true,false,emergency_stop,0.0521921435330465,0.16399999999998727,96.8528264756526,0.0,,,0.5089472439886888,0.0,1,0.0,1,1,0,0.0,0,0,1,,0.9906810009852052,0.0,0.0,0,,T11 test phase; undiscounted_return=0
t11_direct_theta_fullsafety_seed105,t11_direct_theta_fullsafety_seed105-episode-000179,RL-TEB-Direct-Theta,t11-test-id-clear-straight,test_id,105,205,t11_gazebo_formal_v1+FullSafety,e9b9a9e17ac5e7e35d95eec2a7ad7c7667049da7,true,{},3e27bbefff7308f020dbdd435239502f3b1ec376d7fe0b9b248ff967eea53e81,7bd16763e0c650dd14798c7b42d22c312d871906ff5cae53e5f8ed1e9de71f4f,gazebo,true,false,true,false,goal,2.962703578213055,3.5200000000000955,1.0017052221944414,0.1492576651070977,,,30.0,0.0,4,0.5433015783627821,2,0,0,0.0,0,0,2,,1.428049248715979,34.999999999939746,99.99999999999432,0,,T11 test phase; undiscounted_return=19.4724146
t11_direct_theta_fullsafety_seed105,t11_direct_theta_fullsafety_seed105-episode-000180,RL-TEB-Direct-Theta,t11-test-id-left,test_id,105,205,t11_gazebo_formal_v1+FullSafety,e9b9a9e17ac5e7e35d95eec2a7ad7c7667049da7,true,{},3e27bbefff7308f020dbdd435239502f3b1ec376d7fe0b9b248ff967eea53e81,7bd16763e0c650dd14798c7b42d22c312d871906ff5cae53e5f8ed1e9de71f4f,gazebo,true,false,true,false,goal,4.065721918292835,4.559999999999945,0.9646815455558211,0.1965334677562057,,,30.0,0.0,6,1.2699628214041427,6,0,0,0.0,0,0,6,,1.993024000209213,36.000000000020314,78.66666666666333,0,,T11 test phase; undiscounted_return=23.9101071
t11_direct_theta_fullsafety_seed105,t11_direct_theta_fullsafety_seed105-episode-000181,RL-TEB-Direct-Theta,t11-test-id-obstacle,test_id,105,205,t11_gazebo_formal_v1+FullSafety,e9b9a9e17ac5e7e35d95eec2a7ad7c7667049da7,true,{},3e27bbefff7308f020dbdd435239502f3b1ec376d7fe0b9b248ff967eea53e81,7bd16763e0c650dd14798c7b42d22c312d871906ff5cae53e5f8ed1e9de71f4f,gazebo,false,false,true,false,emergency_stop,0.829204943342881,1.4260000000000446,6.237834676997454,0.14575868292178337,,,0.6780827279389885,0.0,3,1.18313046892484,3,2,0,0.0,0,0,3,,1.7845303324672084,27.33333333333121,62.00000000001182,0,,T11 test phase; undiscounted_return=2.67052582
t11_direct_theta_fullsafety_seed105,t11_direct_theta_fullsafety_seed105-episode-000182,RL-TEB-Direct-Theta,t11-test-id-corridor,test_id,105,205,t11_gazebo_formal_v1+FullSafety,e9b9a9e17ac5e7e35d95eec2a7ad7c7667049da7,true,{},3e27bbefff7308f020dbdd435239502f3b1ec376d7fe0b9b248ff967eea53e81,7bd16763e0c650dd14798c7b42d22c312d871906ff5cae53e5f8ed1e9de71f4f,gazebo,false,false,true,false,emergency_stop,0.036962357187589646,0.10400000000004184,137.93550625906198,0.0,,,0.5365477102796881,0.0,1,0.0,1,1,0,0.0,0,0,1,,1.7953220012714155,0.0,0.0,0,,T11 test phase; undiscounted_return=0
t11_direct_theta_fullsafety_seed105,t11_direct_theta_fullsafety_seed105-episode-000183,RL-TEB-Direct-Theta,t11-test-id-clear-straight,test_id,105,206,t11_gazebo_formal_v1+FullSafety,e9b9a9e17ac5e7e35d95eec2a7ad7c7667049da7,true,{},3e27bbefff7308f020dbdd435239502f3b1ec376d7fe0b9b248ff967eea53e81,7bd16763e0c650dd14798c7b42d22c312d871906ff5cae53e5f8ed1e9de71f4f,gazebo,true,false,true,false,goal,3.059857204008749,3.6520000000000437,0.9999927589881775,0.20877101179498106,,,30.0,0.0,4,0.6487772583961489,1,0,0,0.0,0,0,1,,1.424944250175031,32.99999999998704,57.999999999992724,0,,T11 test phase; undiscounted_return=19.716761
t11_direct_theta_fullsafety_seed105,t11_direct_theta_fullsafety_seed105-episode-000184,RL-TEB-Direct-Theta,t11-test-id-left,test_id,105,206,t11_gazebo_formal_v1+FullSafety,e9b9a9e17ac5e7e35d95eec2a7ad7c7667049da7,true,{},3e27bbefff7308f020dbdd435239502f3b1ec376d7fe0b9b248ff967eea53e81,7bd16763e0c650dd14798c7b42d22c312d871906ff5cae53e5f8ed1e9de71f4f,gazebo,true,false,true,false,goal,4.064494229818514,4.639999999999986,0.9632041032053448,0.2196002777016592,,,30.0,0.0,6,1.120824740330379,6,0,0,0.0,0,0,6,,1.4742693335089523,34.99999999998712,76.66666666667273,0,,T11 test phase; undiscounted_return=23.0734126
t11_direct_theta_fullsafety_seed105,t11_direct_theta_fullsafety_seed105-episode-000185,RL-TEB-Direct-Theta,t11-test-id-obstacle,test_id,105,206,t11_gazebo_formal_v1+FullSafety,e9b9a9e17ac5e7e35d95eec2a7ad7c7667049da7,true,{},3e27bbefff7308f020dbdd435239502f3b1ec376d7fe0b9b248ff967eea53e81,7bd16763e0c650dd14798c7b42d22c312d871906ff5cae53e5f8ed1e9de71f4f,gazebo,false,false,true,false,emergency_stop,0.5054156479977274,0.7319999999999709,10.177845445872984,0.18898565673707174,,,0.9934555704742536,0.0,2,0.5739027718702957,2,1,0,0.0,0,0,2,,1.9608645015978254,19.000000000005457,24.00000000000091,0,,T11 test phase; undiscounted_return=1.81044874
t11_direct_theta_fullsafety_seed105,t11_direct_theta_fullsafety_seed105-episode-000186,RL-TEB-Direct-Theta,t11-test-id-corridor,test_id,105,206,t11_gazebo_formal_v1+FullSafety,e9b9a9e17ac5e7e35d95eec2a7ad7c7667049da7,true,{},3e27bbefff7308f020dbdd435239502f3b1ec376d7fe0b9b248ff967eea53e81,7bd16763e0c650dd14798c7b42d22c312d871906ff5cae53e5f8ed1e9de71f4f,gazebo,false,false,true,false,emergency_stop,0.021599589496244152,0.09399999999993724,229.0402746100403,0.0,,,0.47620945850711405,0.0,1,0.0,1,1,0,0.0,0,0,1,,1.863443998445291,0.0,0.0,0,,T11 test phase; undiscounted_return=0
t11_direct_theta_fullsafety_seed105,t11_direct_theta_fullsafety_seed105-episode-000187,RL-TEB-Direct-Theta,t11-test-id-clear-straight,test_id,105,207,t11_gazebo_formal_v1+FullSafety,e9b9a9e17ac5e7e35d95eec2a7ad7c7667049da7,true,{},3e27bbefff7308f020dbdd435239502f3b1ec376d7fe0b9b248ff967eea53e81,7bd16763e0c650dd14798c7b42d22c312d871906ff5cae53e5f8ed1e9de71f4f,gazebo,true,false,true,false,goal,2.9326009203760064,3.6539999999999964,1.000894480383053,0.25908195090039454,,,30.0,0.0,4,0.5766673366228742,2,0,0,0.0,0,0,2,,1.9068537494604243,30.99999999997749,69.49999999997658,0,,T11 test phase; undiscounted_return=19.0132961
t11_direct_theta_fullsafety_seed105,t11_direct_theta_fullsafety_seed105-episode-000188,RL-TEB-Direct-Theta,t11-test-id-left,test_id,105,207,t11_gazebo_formal_v1+FullSafety,e9b9a9e17ac5e7e35d95eec2a7ad7c7667049da7,true,{},3e27bbefff7308f020dbdd435239502f3b1ec376d7fe0b9b248ff967eea53e81,7bd16763e0c650dd14798c7b42d22c312d871906ff5cae53e5f8ed1e9de71f4f,gazebo,true,false,true,false,goal,4.071280059347149,4.639999999999986,0.963024207884465,0.19947319178967937,,,30.0,0.0,6,1.130925740798314,6,0,0,0.0,0,0,6,,1.4434954997947596,37.666666666666515,77.66666666666804,0,,T11 test phase; undiscounted_return=23.9831644
t11_direct_theta_fullsafety_seed105,t11_direct_theta_fullsafety_seed105-episode-000189,RL-TEB-Direct-Theta,t11-test-id-obstacle,test_id,105,207,t11_gazebo_formal_v1+FullSafety,e9b9a9e17ac5e7e35d95eec2a7ad7c7667049da7,true,{},3e27bbefff7308f020dbdd435239502f3b1ec376d7fe0b9b248ff967eea53e81,7bd16763e0c650dd14798c7b42d22c312d871906ff5cae53e5f8ed1e9de71f4f,gazebo,false,false,true,false,emergency_stop,0.4480640506373213,0.7099999999999227,11.622777097957075,0.15832803875944923,,,1.1435548874860024,0.0,2,0.6140804847081506,2,1,0,0.0,0,0,2,,1.437499999155989,14.999999999986358,19.99999999998181,0,,T11 test phase; undiscounted_return=1.54921343
t11_direct_theta_fullsafety_seed105,t11_direct_theta_fullsafety_seed105-episode-000190,RL-TEB-Direct-Theta,t11-test-id-corridor,test_id,105,207,t11_gazebo_formal_v1+FullSafety,e9b9a9e17ac5e7e35d95eec2a7ad7c7667049da7,true,{},3e27bbefff7308f020dbdd435239502f3b1ec376d7fe0b9b248ff967eea53e81,7bd16763e0c650dd14798c7b42d22c312d871906ff5cae53e5f8ed1e9de71f4f,gazebo,false,false,true,false,emergency_stop,0.030395333864094293,0.10599999999999454,162.7315639171381,0.0,,,0.5713174336412019,0.0,1,0.0,1,1,0,0.0,0,0,1,,1.6148740032804199,0.0,0.0,0,,T11 test phase; undiscounted_return=0
t11_direct_theta_fullsafety_seed105,t11_direct_theta_fullsafety_seed105-episode-000191,RL-TEB-Direct-Theta,t11-test-id-clear-straight,test_id,105,208,t11_gazebo_formal_v1+FullSafety,e9b9a9e17ac5e7e35d95eec2a7ad7c7667049da7,true,{},3e27bbefff7308f020dbdd435239502f3b1ec376d7fe0b9b248ff967eea53e81,7bd16763e0c650dd14798c7b42d22c312d871906ff5cae53e5f8ed1e9de71f4f,gazebo,true,false,true,false,goal,2.944437658610211,3.5459999999999354,1.0019097923177027,0.14654364589973287,,,30.0,0.0,4,0.5795112927754715,2,0,0,0.0,0,0,2,,1.488954751039273,34.49999999997999,68.9999999999884,0,,T11 test phase; undiscounted_return=20.164155
t11_direct_theta_fullsafety_seed105,t11_direct_theta_fullsafety_seed105-episode-000192,RL-TEB-Direct-Theta,t11-test-id-left,test_id,105,208,t11_gazebo_formal_v1+FullSafety,e9b9a9e17ac5e7e35d95eec2a7ad7c7667049da7,true,{},3e27bbefff7308f020dbdd435239502f3b1ec376d7fe0b9b248ff967eea53e81,7bd16763e0c650dd14798c7b42d22c312d871906ff5cae53e5f8ed1e9de71f4f,gazebo,true,false,true,false,goal,4.045086809631613,4.548000000000002,0.9631806633197652,0.22986466913527379,,,30.0,0.0,6,1.0328458865483632,6,0,0,0.0,0,0,6,,1.3408859995251987,31.00000000000591,53.33333333332272,0,,T11 test phase; undiscounted_return=23.7921647
t11_direct_theta_fullsafety_seed105,t11_direct_theta_fullsafety_seed105-episode-000193,RL-TEB-Direct-Theta,t11-test-id-obstacle,test_id,105,208,t11_gazebo_formal_v1+FullSafety,e9b9a9e17ac5e7e35d95eec2a7ad7c7667049da7,true,{},3e27bbefff7308f020dbdd435239502f3b1ec376d7fe0b9b248ff967eea53e81,7bd16763e0c650dd14798c7b42d22c312d871906ff5cae53e5f8ed1e9de71f4f,gazebo,false,false,true,false,emergency_stop,0.7053489898609323,1.3980000000000246,7.387797685189075,0.16290919387881714,,,0.9515617174055769,0.0,3,1.2582985520362842,3,1,0,0.0,0,0,3,,1.3724949991834972,25.999999999991513,61.333333333323026,0,,T11 test phase; undiscounted_return=2.06361185
t11_direct_theta_fullsafety_seed105,t11_direct_theta_fullsafety_seed105-episode-000194,RL-TEB-Direct-Theta,t11-test-id-corridor,test_id,105,208,t11_gazebo_formal_v1+FullSafety,e9b9a9e17ac5e7e35d95eec2a7ad7c7667049da7,true,{},3e27bbefff7308f020dbdd435239502f3b1ec376d7fe0b9b248ff967eea53e81,7bd16763e0c650dd14798c7b42d22c312d871906ff5cae53e5f8ed1e9de71f4f,gazebo,false,false,true,false,emergency_stop,0.35304870064441585,0.7059999999999036,14.133944267334309,0.09934420720127232,,,0.517767545559018,0.0,2,0.5453724145889283,1,1,0,0.0,0,0,1,,1.2944139998580795,16.999999999995907,22.000000000048203,0,,T11 test phase; undiscounted_return=1.01535103
t11_direct_theta_fullsafety_seed105,t11_direct_theta_fullsafety_seed105-episode-000195,RL-TEB-Direct-Theta,t11-test-id-clear-straight,test_id,105,209,t11_gazebo_formal_v1+FullSafety,e9b9a9e17ac5e7e35d95eec2a7ad7c7667049da7,true,{},3e27bbefff7308f020dbdd435239502f3b1ec376d7fe0b9b248ff967eea53e81,7bd16763e0c650dd14798c7b42d22c312d871906ff5cae53e5f8ed1e9de71f4f,gazebo,true,false,true,false,goal,3.036992881789482,3.660000000000082,1.000706306931112,0.14230861699440128,,,30.0,0.0,4,0.6909930090109498,0,0,0,0.0,0,0,0,,2.103692748278263,42.49999999996135,96.00000000000364,0,,T11 test phase; undiscounted_return=20.2055814
t11_direct_theta_fullsafety_seed105,t11_direct_theta_fullsafety_seed105-episode-000196,RL-TEB-Direct-Theta,t11-test-id-left,test_id,105,209,t11_gazebo_formal_v1+FullSafety,e9b9a9e17ac5e7e35d95eec2a7ad7c7667049da7,true,{},3e27bbefff7308f020dbdd435239502f3b1ec376d7fe0b9b248ff967eea53e81,7bd16763e0c650dd14798c7b42d22c312d871906ff5cae53e5f8ed1e9de71f4f,gazebo,true,false,true,false,goal,4.0228322583403004,4.55600000000004,0.9625413538508084,0.2048608273305198,,,30.0,0.0,6,0.9932053625583654,6,0,0,0.0,0,0,6,,2.002475334544821,37.33333333337896,78.66666666670123,0,,T11 test phase; undiscounted_return=23.5957006
t11_direct_theta_fullsafety_seed105,t11_direct_theta_fullsafety_seed105-episode-000197,RL-TEB-Direct-Theta,t11-test-id-obstacle,test_id,105,209,t11_gazebo_formal_v1+FullSafety,e9b9a9e17ac5e7e35d95eec2a7ad7c7667049da7,true,{},3e27bbefff7308f020dbdd435239502f3b1ec376d7fe0b9b248ff967eea53e81,7bd16763e0c650dd14798c7b42d22c312d871906ff5cae53e5f8ed1e9de71f4f,gazebo,false,false,true,false,emergency_stop,0.33636856579026864,0.8100000000000591,15.610107705280441,0.14645447704112177,,,1.4096957140583402,0.0,2,0.6135585784912112,2,1,0,0.0,0,0,2,,1.6308859994751401,21.000000000015007,69.99999999999318,0,,T11 test phase; undiscounted_return=0.778547372
t11_direct_theta_fullsafety_seed105,t11_direct_theta_fullsafety_seed105-episode-000198,RL-TEB-Direct-Theta,t11-test-id-corridor,test_id,105,209,t11_gazebo_formal_v1+FullSafety,e9b9a9e17ac5e7e35d95eec2a7ad7c7667049da7,true,{},3e27bbefff7308f020dbdd435239502f3b1ec376d7fe0b9b248ff967eea53e81,7bd16763e0c650dd14798c7b42d22c312d871906ff5cae53e5f8ed1e9de71f4f,gazebo,false,false,true,false,emergency_stop,0.028990711767461326,0.11799999999993815,172.37948569192469,0.0,,,0.5349580570787164,0.0,1,0.0,1,1,0,0.0,0,0,1,,1.6367609932785854,0.0,0.0,0,,T11 test phase; undiscounted_return=0
t11_direct_theta_fullsafety_seed105,t11_direct_theta_fullsafety_seed105-episode-000199,RL-TEB-Direct-Theta,t11-test-id-clear-straight,test_id,105,210,t11_gazebo_formal_v1+FullSafety,e9b9a9e17ac5e7e35d95eec2a7ad7c7667049da7,true,{},3e27bbefff7308f020dbdd435239502f3b1ec376d7fe0b9b248ff967eea53e81,7bd16763e0c650dd14798c7b42d22c312d871906ff5cae53e5f8ed1e9de71f4f,gazebo,true,false,true,false,goal,2.915884441183419,3.5439999999999827,1.0013102882004687,0.22258730660720064,,,30.0,0.0,4,0.5360985954602573,1,0,0,0.0,0,0,1,,2.123801250490942,31.499999999965667,68.00000000001205,0,,T11 test phase; undiscounted_return=19.1345381
t11_direct_theta_fullsafety_seed105,t11_direct_theta_fullsafety_seed105-episode-000200,RL-TEB-Direct-Theta,t11-test-id-left,test_id,105,210,t11_gazebo_formal_v1+FullSafety,e9b9a9e17ac5e7e35d95eec2a7ad7c7667049da7,true,{},3e27bbefff7308f020dbdd435239502f3b1ec376d7fe0b9b248ff967eea53e81,7bd16763e0c650dd14798c7b42d22c312d871906ff5cae53e5f8ed1e9de71f4f,gazebo,true,false,true,false,goal,4.054317985828456,4.554000000000087,0.9646785881856798,0.204284404345768,,,30.0,0.0,6,1.011455472310387,6,0,0,0.0,0,0,6,,1.7069854996710394,34.66666666664272,62.33333333333727,0,,T11 test phase; undiscounted_return=24.3414851
t11_direct_theta_fullsafety_seed105,t11_direct_theta_fullsafety_seed105-episode-000201,RL-TEB-Direct-Theta,t11-test-id-obstacle,test_id,105,210,t11_gazebo_formal_v1+FullSafety,e9b9a9e17ac5e7e35d95eec2a7ad7c7667049da7,true,{},3e27bbefff7308f020dbdd435239502f3b1ec376d7fe0b9b248ff967eea53e81,7bd16763e0c650dd14798c7b42d22c312d871906ff5cae53e5f8ed1e9de71f4f,gazebo,false,false,true,false,emergency_stop,0.5350052534497214,0.8120000000000118,9.647470147505786,0.13552415844855945,,,1.1866228003106953,0.0,2,0.617900552352268,2,1,0,0.0,0,0,2,,1.409824504662538,21.99999999999136,70.99999999996953,0,,T11 test phase; undiscounted_return=1.72409171
t11_direct_theta_fullsafety_seed105,t11_direct_theta_fullsafety_seed105-episode-000202,RL-TEB-Direct-Theta,t11-test-id-corridor,test_id,105,210,t11_gazebo_formal_v1+FullSafety,e9b9a9e17ac5e7e35d95eec2a7ad7c7667049da7,true,{},3e27bbefff7308f020dbdd435239502f3b1ec376d7fe0b9b248ff967eea53e81,7bd16763e0c650dd14798c7b42d22c312d871906ff5cae53e5f8ed1e9de71f4f,gazebo,false,false,true,false,emergency_stop,0.5045342892971569,0.70799999999997,9.769589791950228,0.13873745429460188,,,0.5090163890459942,0.0,2,0.5441834211349486,1,1,0,0.0,0,0,1,,1.4078299973334651,14.999999999986358,24.999999999977263,0,,T11 test phase; undiscounted_return=1.6594596
t11_direct_theta_fullsafety_seed105,t11_direct_theta_fullsafety_seed105-episode-000203,RL-TEB-Direct-Theta,t11-test-ood-long-turn,test_ood,105,201,t11_gazebo_formal_v1+FullSafety,e9b9a9e17ac5e7e35d95eec2a7ad7c7667049da7,true,{},3e27bbefff7308f020dbdd435239502f3b1ec376d7fe0b9b248ff967eea53e81,7bd16763e0c650dd14798c7b42d22c312d871906ff5cae53e5f8ed1e9de71f4f,gazebo,true,false,true,false,goal,5.608061502964303,6.139999999999986,0.965339850072916,0.1558147959956758,,,30.0,0.0,8,1.9146439909934998,8,0,0,0.0,0,0,8,,1.6115363741846522,32.49999999998465,86.50000000000091,0,,T11 test phase; undiscounted_return=28.5818832
t11_direct_theta_fullsafety_seed105,t11_direct_theta_fullsafety_seed105-episode-000204,RL-TEB-Direct-Theta,t11-test-ood-obstacle-offset,test_ood,105,201,t11_gazebo_formal_v1+FullSafety,e9b9a9e17ac5e7e35d95eec2a7ad7c7667049da7,true,{},3e27bbefff7308f020dbdd435239502f3b1ec376d7fe0b9b248ff967eea53e81,7bd16763e0c650dd14798c7b42d22c312d871906ff5cae53e5f8ed1e9de71f4f,gazebo,false,false,true,false,emergency_stop,0.6391720732266983,0.8139999999999645,9.01863187389861,0.13804636522316763,,,1.1901298054862521,0.0,2,0.6390233178933463,2,1,0,0.0,0,0,2,,1.2872644983872306,21.000000000015007,70.00000000005002,0,,T11 test phase; undiscounted_return=2.25468238
t11_direct_theta_fullsafety_seed105,t11_direct_theta_fullsafety_seed105-episode-000205,RL-TEB-Direct-Theta,t11-test-ood-narrow-corridor,test_ood,105,201,t11_gazebo_formal_v1+FullSafety,e9b9a9e17ac5e7e35d95eec2a7ad7c7667049da7,true,{},3e27bbefff7308f020dbdd435239502f3b1ec376d7fe0b9b248ff967eea53e81,7bd16763e0c650dd14798c7b42d22c312d871906ff5cae53e5f8ed1e9de71f4f,gazebo,false,false,true,false,emergency_stop,0.031049483770606436,0.10000000000002274,163.4642399883215,0.0,,,0.3833403820060194,0.0,1,0.0,1,1,0,0.0,0,0,1,,2.3986879969015718,0.0,0.0,0,,T11 test phase; undiscounted_return=0
t11_direct_theta_fullsafety_seed105,t11_direct_theta_fullsafety_seed105-episode-000206,RL-TEB-Direct-Theta,t11-test-ood-long-turn,test_ood,105,202,t11_gazebo_formal_v1+FullSafety,e9b9a9e17ac5e7e35d95eec2a7ad7c7667049da7,true,{},3e27bbefff7308f020dbdd435239502f3b1ec376d7fe0b9b248ff967eea53e81,7bd16763e0c650dd14798c7b42d22c312d871906ff5cae53e5f8ed1e9de71f4f,gazebo,true,false,true,false,goal,5.461556032282288,6.053999999999974,0.9631222016843369,0.2251911222394061,,,30.0,0.0,8,1.7344539026419337,8,0,0,0.0,0,0,8,,1.5277802503987914,34.50000000000841,77.25000000000648,0,,T11 test phase; undiscounted_return=28.2782542
t11_direct_theta_fullsafety_seed105,t11_direct_theta_fullsafety_seed105-episode-000207,RL-TEB-Direct-Theta,t11-test-ood-obstacle-offset,test_ood,105,202,t11_gazebo_formal_v1+FullSafety,e9b9a9e17ac5e7e35d95eec2a7ad7c7667049da7,true,{},3e27bbefff7308f020dbdd435239502f3b1ec376d7fe0b9b248ff967eea53e81,7bd16763e0c650dd14798c7b42d22c312d871906ff5cae53e5f8ed1e9de71f4f,gazebo,false,false,true,false,emergency_stop,0.7109418162399024,0.8079999999999927,8.19679457580201,0.14965214066027094,,,1.3535644946340066,0.0,2,0.6025711973508201,2,1,0,0.0,0,0,2,,1.5113174995349254,15.000000000043201,66.00000000003092,0,,T11 test phase; undiscounted_return=2.42374674
t11_direct_theta_fullsafety_seed105,t11_direct_theta_fullsafety_seed105-episode-000208,RL-TEB-Direct-Theta,t11-test-ood-narrow-corridor,test_ood,105,202,t11_gazebo_formal_v1+FullSafety,e9b9a9e17ac5e7e35d95eec2a7ad7c7667049da7,true,{},3e27bbefff7308f020dbdd435239502f3b1ec376d7fe0b9b248ff967eea53e81,7bd16763e0c650dd14798c7b42d22c312d871906ff5cae53e5f8ed1e9de71f4f,gazebo,false,false,true,false,emergency_stop,0.02597593164073589,0.11200000000008004,190.28011676286627,0.0,,,0.3451696335809081,0.0,1,0.0,1,1,0,0.0,0,0,1,,1.2522800025180914,0.0,0.0,0,,T11 test phase; undiscounted_return=0
t11_direct_theta_fullsafety_seed105,t11_direct_theta_fullsafety_seed105-episode-000209,RL-TEB-Direct-Theta,t11-test-ood-long-turn,test_ood,105,203,t11_gazebo_formal_v1+FullSafety,e9b9a9e17ac5e7e35d95eec2a7ad7c7667049da7,true,{},3e27bbefff7308f020dbdd435239502f3b1ec376d7fe0b9b248ff967eea53e81,7bd16763e0c650dd14798c7b42d22c312d871906ff5cae53e5f8ed1e9de71f4f,gazebo,true,false,true,false,goal,5.515941677948626,6.008000000000038,0.9635631732426575,0.13602357718389135,,,30.0,0.0,8,1.8329463501771306,8,0,0,0.0,0,0,8,,1.5638534996469389,33.50000000001785,64.99999999999773,0,,T11 test phase; undiscounted_return=28.9917187
t11_direct_theta_fullsafety_seed105,t11_direct_theta_fullsafety_seed105-episode-000210,RL-TEB-Direct-Theta,t11-test-ood-obstacle-offset,test_ood,105,203,t11_gazebo_formal_v1+FullSafety,e9b9a9e17ac5e7e35d95eec2a7ad7c7667049da7,true,{},3e27bbefff7308f020dbdd435239502f3b1ec376d7fe0b9b248ff967eea53e81,7bd16763e0c650dd14798c7b42d22c312d871906ff5cae53e5f8ed1e9de71f4f,gazebo,false,false,true,false,emergency_stop,0.5126675258198881,0.7319999999999709,11.322631244836549,0.1934438153375453,,,1.5453488765004617,0.0,2,0.5038110653559367,2,1,0,0.0,0,0,2,,1.301656498981174,16.999999999995907,25.999999999953616,0,,T11 test phase; undiscounted_return=1.78546688
t11_direct_theta_fullsafety_seed105,t11_direct_theta_fullsafety_seed105-episode-000211,RL-TEB-Direct-Theta,t11-test-ood-narrow-corridor,test_ood,105,203,t11_gazebo_formal_v1+FullSafety,e9b9a9e17ac5e7e35d95eec2a7ad7c7667049da7,true,{},3e27bbefff7308f020dbdd435239502f3b1ec376d7fe0b9b248ff967eea53e81,7bd16763e0c650dd14798c7b42d22c312d871906ff5cae53e5f8ed1e9de71f4f,gazebo,false,false,true,false,emergency_stop,0.02937056938252926,0.14000000000010004,170.61411133386423,0.0,,,0.3142699653626994,0.0,1,0.0,1,1,0,0.0,0,0,1,,1.6364729963243008,0.0,0.0,0,,T11 test phase; undiscounted_return=0
t11_direct_theta_fullsafety_seed105,t11_direct_theta_fullsafety_seed105-episode-000212,RL-TEB-Direct-Theta,t11-test-ood-long-turn,test_ood,105,204,t11_gazebo_formal_v1+FullSafety,e9b9a9e17ac5e7e35d95eec2a7ad7c7667049da7,true,{},3e27bbefff7308f020dbdd435239502f3b1ec376d7fe0b9b248ff967eea53e81,7bd16763e0c650dd14798c7b42d22c312d871906ff5cae53e5f8ed1e9de71f4f,gazebo,true,false,true,false,goal,5.623551551273392,6.25,0.9642089793099197,0.21394123614507193,,,30.0,0.0,9,2.080999583005902,9,0,0,0.0,0,0,9,,1.365203112072777,37.333333333322116,78.22222222221677,0,,T11 test phase; undiscounted_return=29.575923
t11_direct_theta_fullsafety_seed105,t11_direct_theta_fullsafety_seed105-episode-000213,RL-TEB-Direct-Theta,t11-test-ood-obstacle-offset,test_ood,105,204,t11_gazebo_formal_v1+FullSafety,e9b9a9e17ac5e7e35d95eec2a7ad7c7667049da7,true,{},3e27bbefff7308f020dbdd435239502f3b1ec376d7fe0b9b248ff967eea53e81,7bd16763e0c650dd14798c7b42d22c312d871906ff5cae53e5f8ed1e9de71f4f,gazebo,false,false,true,false,emergency_stop,0.6038263117954408,0.8220000000000027,9.602733084122415,0.15294558916120168,,,1.519522435914703,0.0,2,0.6445341785748808,2,1,0,0.0,0,0,2,,1.595502999407472,22.000000000048203,70.00000000005002,0,,T11 test phase; undiscounted_return=1.99257337
t11_direct_theta_fullsafety_seed105,t11_direct_theta_fullsafety_seed105-episode-000214,RL-TEB-Direct-Theta,t11-test-ood-narrow-corridor,test_ood,105,204,t11_gazebo_formal_v1+FullSafety,e9b9a9e17ac5e7e35d95eec2a7ad7c7667049da7,true,{},3e27bbefff7308f020dbdd435239502f3b1ec376d7fe0b9b248ff967eea53e81,7bd16763e0c650dd14798c7b42d22c312d871906ff5cae53e5f8ed1e9de71f4f,gazebo,false,false,true,false,emergency_stop,0.010422622673330998,0.11400000000003274,480.39813920039666,0.0,,,0.2292821687605574,0.0,1,0.0,1,1,0,0.0,0,0,1,,1.4352159996633418,0.0,0.0,0,,T11 test phase; undiscounted_return=0
t11_direct_theta_fullsafety_seed105,t11_direct_theta_fullsafety_seed105-episode-000215,RL-TEB-Direct-Theta,t11-test-ood-long-turn,test_ood,105,205,t11_gazebo_formal_v1+FullSafety,e9b9a9e17ac5e7e35d95eec2a7ad7c7667049da7,true,{},3e27bbefff7308f020dbdd435239502f3b1ec376d7fe0b9b248ff967eea53e81,7bd16763e0c650dd14798c7b42d22c312d871906ff5cae53e5f8ed1e9de71f4f,gazebo,true,false,true,false,goal,5.503168206751931,6.153999999999996,0.9618919378995688,0.15490560741123668,,,30.0,0.0,8,1.8251504699389156,8,0,0,0.0,0,0,8,,1.6352693746739533,34.99999999999659,90.00000000001762,0,,T11 test phase; undiscounted_return=28.4380912
t11_direct_theta_fullsafety_seed105,t11_direct_theta_fullsafety_seed105-episode-000216,RL-TEB-Direct-Theta,t11-test-ood-obstacle-offset,test_ood,105,205,t11_gazebo_formal_v1+FullSafety,e9b9a9e17ac5e7e35d95eec2a7ad7c7667049da7,true,{},3e27bbefff7308f020dbdd435239502f3b1ec376d7fe0b9b248ff967eea53e81,7bd16763e0c650dd14798c7b42d22c312d871906ff5cae53e5f8ed1e9de71f4f,gazebo,false,false,true,false,emergency_stop,0.44800062561198084,0.7239999999999327,12.885025684615401,0.173173583833159,,,1.6789765310812843,0.0,2,0.5965480168660491,2,1,0,0.0,0,0,2,,1.2868425037595443,14.999999999986358,23.000000000024556,0,,T11 test phase; undiscounted_return=1.60217496
t11_direct_theta_fullsafety_seed105,t11_direct_theta_fullsafety_seed105-episode-000217,RL-TEB-Direct-Theta,t11-test-ood-narrow-corridor,test_ood,105,205,t11_gazebo_formal_v1+FullSafety,e9b9a9e17ac5e7e35d95eec2a7ad7c7667049da7,true,{},3e27bbefff7308f020dbdd435239502f3b1ec376d7fe0b9b248ff967eea53e81,7bd16763e0c650dd14798c7b42d22c312d871906ff5cae53e5f8ed1e9de71f4f,gazebo,false,false,true,false,emergency_stop,0.029937728627991024,0.10400000000004184,166.65750493602866,0.0,,,0.33596785849667815,0.0,1,0.0,1,1,0,0.0,0,0,1,,1.8319809969398193,0.0,0.0,0,,T11 test phase; undiscounted_return=0
t11_direct_theta_fullsafety_seed105,t11_direct_theta_fullsafety_seed105-episode-000218,RL-TEB-Direct-Theta,t11-test-ood-long-turn,test_ood,105,206,t11_gazebo_formal_v1+FullSafety,e9b9a9e17ac5e7e35d95eec2a7ad7c7667049da7,true,{},3e27bbefff7308f020dbdd435239502f3b1ec376d7fe0b9b248ff967eea53e81,7bd16763e0c650dd14798c7b42d22c312d871906ff5cae53e5f8ed1e9de71f4f,gazebo,true,false,true,false,goal,5.4898558389822325,6.05600000000004,0.9639578959430664,0.16137290306760046,,,30.0,0.0,8,2.0456226527690915,8,0,0,0.0,0,0,8,,1.354990874460782,33.25000000000955,59.499999999999886,0,,T11 test phase; undiscounted_return=28.7713997
t11_direct_theta_fullsafety_seed105,t11_direct_theta_fullsafety_seed105-episode-000219,RL-TEB-Direct-Theta,t11-test-ood-obstacle-offset,test_ood,105,206,t11_gazebo_formal_v1+FullSafety,e9b9a9e17ac5e7e35d95eec2a7ad7c7667049da7,true,{},3e27bbefff7308f020dbdd435239502f3b1ec376d7fe0b9b248ff967eea53e81,7bd16763e0c650dd14798c7b42d22c312d871906ff5cae53e5f8ed1e9de71f4f,gazebo,false,false,true,false,emergency_stop,0.4992527105490372,0.7300000000000182,11.71882013059125,0.17618563677560647,,,1.399015779547776,0.0,2,0.7609135409196224,2,1,0,0.0,0,0,2,,1.6224270038946997,12.999999999976808,26.00000000001046,0,,T11 test phase; undiscounted_return=1.72364657
t11_direct_theta_fullsafety_seed105,t11_direct_theta_fullsafety_seed105-episode-000220,RL-TEB-Direct-Theta,t11-test-ood-narrow-corridor,test_ood,105,206,t11_gazebo_formal_v1+FullSafety,e9b9a9e17ac5e7e35d95eec2a7ad7c7667049da7,true,{},3e27bbefff7308f020dbdd435239502f3b1ec376d7fe0b9b248ff967eea53e81,7bd16763e0c650dd14798c7b42d22c312d871906ff5cae53e5f8ed1e9de71f4f,gazebo,false,false,true,false,emergency_stop,0.03209502183304114,0.11399999999991905,158.17643635321255,0.0,,,0.337117074317821,0.0,1,0.0,1,1,0,0.0,0,0,1,,1.8912070008809678,0.0,0.0,0,,T11 test phase; undiscounted_return=0
t11_direct_theta_fullsafety_seed105,t11_direct_theta_fullsafety_seed105-episode-000221,RL-TEB-Direct-Theta,t11-test-ood-long-turn,test_ood,105,207,t11_gazebo_formal_v1+FullSafety,e9b9a9e17ac5e7e35d95eec2a7ad7c7667049da7,true,{},3e27bbefff7308f020dbdd435239502f3b1ec376d7fe0b9b248ff967eea53e81,7bd16763e0c650dd14798c7b42d22c312d871906ff5cae53e5f8ed1e9de71f4f,gazebo,true,false,true,false,goal,5.674540029108013,7.851999999999975,0.9443048052675818,1.6531724254815918,,,30.0,0.0,11,3.0564045349756896,11,0,0,0.0,0,0,11,,1.9944842722245746,34.545454545433465,89.81818181816628,0,,T11 test phase; undiscounted_return=26.6994701
t11_direct_theta_fullsafety_seed105,t11_direct_theta_fullsafety_seed105-episode-000222,RL-TEB-Direct-Theta,t11-test-ood-obstacle-offset,test_ood,105,207,t11_gazebo_formal_v1+FullSafety,e9b9a9e17ac5e7e35d95eec2a7ad7c7667049da7,true,{},3e27bbefff7308f020dbdd435239502f3b1ec376d7fe0b9b248ff967eea53e81,7bd16763e0c650dd14798c7b42d22c312d871906ff5cae53e5f8ed1e9de71f4f,gazebo,false,false,true,false,emergency_stop,0.5009181948152295,0.72199999999998,11.696484743111876,0.1858201381218967,,,1.4465535535046494,0.0,2,0.5559569795926418,2,1,0,0.0,0,0,2,,3.010341002664063,17.99999999997226,19.99999999998181,0,,T11 test phase; undiscounted_return=1.73173749
t11_direct_theta_fullsafety_seed105,t11_direct_theta_fullsafety_seed105-episode-000223,RL-TEB-Direct-Theta,t11-test-ood-narrow-corridor,test_ood,105,207,t11_gazebo_formal_v1+FullSafety,e9b9a9e17ac5e7e35d95eec2a7ad7c7667049da7,true,{},3e27bbefff7308f020dbdd435239502f3b1ec376d7fe0b9b248ff967eea53e81,7bd16763e0c650dd14798c7b42d22c312d871906ff5cae53e5f8ed1e9de71f4f,gazebo,false,false,true,false,emergency_stop,0.027427618714394662,0.10199999999997544,185.41189735718032,0.0,,,0.29684796166372257,0.0,1,0.0,1,1,0,0.0,0,0,1,,2.105145002133213,0.0,0.0,0,,T11 test phase; undiscounted_return=0
t11_direct_theta_fullsafety_seed105,t11_direct_theta_fullsafety_seed105-episode-000224,RL-TEB-Direct-Theta,t11-test-ood-long-turn,test_ood,105,208,t11_gazebo_formal_v1+FullSafety,e9b9a9e17ac5e7e35d95eec2a7ad7c7667049da7,true,{},3e27bbefff7308f020dbdd435239502f3b1ec376d7fe0b9b248ff967eea53e81,7bd16763e0c650dd14798c7b42d22c312d871906ff5cae53e5f8ed1e9de71f4f,gazebo,true,false,true,false,goal,5.443194033190237,6.0499999999999545,0.9613710615766327,0.21179453904486842,,,30.0,0.0,8,1.8722564995288824,8,0,0,0.0,0,0,8,,1.9953338751292904,35.749999999993065,69.7500000000133,0,,T11 test phase; undiscounted_return=28.0359218
t11_direct_theta_fullsafety_seed105,t11_direct_theta_fullsafety_seed105-episode-000225,RL-TEB-Direct-Theta,t11-test-ood-obstacle-offset,test_ood,105,208,t11_gazebo_formal_v1+FullSafety,e9b9a9e17ac5e7e35d95eec2a7ad7c7667049da7,true,{},3e27bbefff7308f020dbdd435239502f3b1ec376d7fe0b9b248ff967eea53e81,7bd16763e0c650dd14798c7b42d22c312d871906ff5cae53e5f8ed1e9de71f4f,gazebo,false,false,true,false,emergency_stop,0.5413759192170664,0.7279999999999518,10.864477539875983,0.21476090402234888,,,1.5358584967252589,0.0,2,0.6005156437555961,2,1,0,0.0,0,0,2,,1.3702304968319368,16.000000000019554,23.000000000024556,0,,T11 test phase; undiscounted_return=1.87788213
t11_direct_theta_fullsafety_seed105,t11_direct_theta_fullsafety_seed105-episode-000226,RL-TEB-Direct-Theta,t11-test-ood-narrow-corridor,test_ood,105,208,t11_gazebo_formal_v1+FullSafety,e9b9a9e17ac5e7e35d95eec2a7ad7c7667049da7,true,{},3e27bbefff7308f020dbdd435239502f3b1ec376d7fe0b9b248ff967eea53e81,7bd16763e0c650dd14798c7b42d22c312d871906ff5cae53e5f8ed1e9de71f4f,gazebo,false,false,true,false,emergency_stop,0.024751469285230806,0.10199999999997544,198.52259244060792,0.0,,,0.38823355788873964,0.0,1,0.0,1,1,0,0.0,0,0,1,,1.847927997005172,0.0,0.0,0,,T11 test phase; undiscounted_return=0
t11_direct_theta_fullsafety_seed105,t11_direct_theta_fullsafety_seed105-episode-000227,RL-TEB-Direct-Theta,t11-test-ood-long-turn,test_ood,105,209,t11_gazebo_formal_v1+FullSafety,e9b9a9e17ac5e7e35d95eec2a7ad7c7667049da7,true,{},3e27bbefff7308f020dbdd435239502f3b1ec376d7fe0b9b248ff967eea53e81,7bd16763e0c650dd14798c7b42d22c312d871906ff5cae53e5f8ed1e9de71f4f,gazebo,true,false,true,false,goal,5.501683459144643,6.053999999999974,0.9640382187838652,0.1334281117191837,,,30.0,0.0,8,1.8005676587422679,8,0,0,0.0,0,0,8,,1.5063664995977888,34.250000000028535,64.75000000001785,0,,T11 test phase; undiscounted_return=29.4778205
t11_direct_theta_fullsafety_seed105,t11_direct_theta_fullsafety_seed105-episode-000228,RL-TEB-Direct-Theta,t11-test-ood-obstacle-offset,test_ood,105,209,t11_gazebo_formal_v1+FullSafety,e9b9a9e17ac5e7e35d95eec2a7ad7c7667049da7,true,{},3e27bbefff7308f020dbdd435239502f3b1ec376d7fe0b9b248ff967eea53e81,7bd16763e0c650dd14798c7b42d22c312d871906ff5cae53e5f8ed1e9de71f4f,gazebo,false,false,true,false,emergency_stop,0.5451138857288915,0.7520000000000664,10.623124859933752,0.17111665118011216,,,1.266638512663926,0.0,2,0.49852602084477654,2,1,0,0.0,0,0,2,,1.7807144977268763,16.000000000019554,25.000000000034106,0,,T11 test phase; undiscounted_return=1.93953057
t11_direct_theta_fullsafety_seed105,t11_direct_theta_fullsafety_seed105-episode-000229,RL-TEB-Direct-Theta,t11-test-ood-narrow-corridor,test_ood,105,209,t11_gazebo_formal_v1+FullSafety,e9b9a9e17ac5e7e35d95eec2a7ad7c7667049da7,true,{},3e27bbefff7308f020dbdd435239502f3b1ec376d7fe0b9b248ff967eea53e81,7bd16763e0c650dd14798c7b42d22c312d871906ff5cae53e5f8ed1e9de71f4f,gazebo,false,false,true,false,emergency_stop,0.023221865547633776,0.11799999999993815,215.04046554630395,0.0,,,0.3429495197573945,0.0,1,0.0,1,1,0,0.0,0,0,1,,2.330989998881705,0.0,0.0,0,,T11 test phase; undiscounted_return=0
t11_direct_theta_fullsafety_seed105,t11_direct_theta_fullsafety_seed105-episode-000230,RL-TEB-Direct-Theta,t11-test-ood-long-turn,test_ood,105,210,t11_gazebo_formal_v1+FullSafety,e9b9a9e17ac5e7e35d95eec2a7ad7c7667049da7,true,{},3e27bbefff7308f020dbdd435239502f3b1ec376d7fe0b9b248ff967eea53e81,7bd16763e0c650dd14798c7b42d22c312d871906ff5cae53e5f8ed1e9de71f4f,gazebo,true,false,true,false,goal,5.558592771648568,6.649999999999977,0.9479985601049538,0.6783212744667565,,,30.0,0.0,9,2.237444957097373,9,0,0,0.0,0,0,9,,1.6389540000495293,33.33333333334091,63.11111111112192,0,,T11 test phase; undiscounted_return=27.7245634
t11_direct_theta_fullsafety_seed105,t11_direct_theta_fullsafety_seed105-episode-000231,RL-TEB-Direct-Theta,t11-test-ood-obstacle-offset,test_ood,105,210,t11_gazebo_formal_v1+FullSafety,e9b9a9e17ac5e7e35d95eec2a7ad7c7667049da7,true,{},3e27bbefff7308f020dbdd435239502f3b1ec376d7fe0b9b248ff967eea53e81,7bd16763e0c650dd14798c7b42d22c312d871906ff5cae53e5f8ed1e9de71f4f,gazebo,false,false,true,false,emergency_stop,0.5575505276928228,0.7300000000000182,10.379304510400736,0.1677695963445117,,,1.380874451129404,0.0,2,0.5979873140652967,2,1,0,0.0,0,0,2,,1.7105590013670735,14.999999999986358,19.99999999998181,0,,T11 test phase; undiscounted_return=1.98048699
t11_direct_theta_fullsafety_seed105,t11_direct_theta_fullsafety_seed105-episode-000232,RL-TEB-Direct-Theta,t11-test-ood-narrow-corridor,test_ood,105,210,t11_gazebo_formal_v1+FullSafety,e9b9a9e17ac5e7e35d95eec2a7ad7c7667049da7,true,{},3e27bbefff7308f020dbdd435239502f3b1ec376d7fe0b9b248ff967eea53e81,7bd16763e0c650dd14798c7b42d22c312d871906ff5cae53e5f8ed1e9de71f4f,gazebo,false,false,true,false,emergency_stop,0.0354961577885054,0.11399999999991905,139.20705070271927,0.0,,,0.33825385503555006,0.0,1,0.0,1,1,0,0.0,0,0,1,,1.819106997572817,0.0,0.0,0,,T11 test phase; undiscounted_return=0
