run_id,episode_id,algorithm,scene_id,scene_split,training_seed,seed,config_version,git_commit,git_dirty,submodule_commits_json,policy_checkpoint_sha256,scenario_manifest_sha256,localization_mode,success,collision,terminated,truncated,termination_reason,path_length,navigation_time,path_efficiency,smoothness,linear_acc_rms,angular_acc_rms,min_obstacle_distance,near_collision_time_ratio,parameter_adjustment_count,parameter_total_variation,projection_intervention_count,safety_filter_intervention_count,safety_fallback_count,fallback_duration,fallback_recovery_count,planner_failure_count,candidate_parameter_violation_count,semantic_direction_consistency,inference_latency_mean,parameter_write_latency_mean,parameter_activation_latency_mean,operator_intervention_count,bag_uri,notes
t11_direct_theta_fullsafety_seed104,t11_direct_theta_fullsafety_seed104-episode-000001,RL-TEB-Direct-Theta,t11-train-clear-straight,train,104,104,t11_gazebo_formal_v1+FullSafety,e9b9a9e17ac5e7e35d95eec2a7ad7c7667049da7,true,{},,7bd16763e0c650dd14798c7b42d22c312d871906ff5cae53e5f8ed1e9de71f4f,gazebo,true,false,true,false,goal,2.4745003133980132,3.156,1.0011342222967836,0.14978081770757096,,,30.0,0.0,3,3.367066572109858,0,0,0,0.0,0,0,0,,0.0,36.000000000000036,112.0000000000001,0,,T11 train phase; undiscounted_return=16.9703846
t11_direct_theta_fullsafety_seed104,t11_direct_theta_fullsafety_seed104-episode-000002,RL-TEB-Direct-Theta,t11-train-clear-straight,train,104,104,t11_gazebo_formal_v1+FullSafety,e9b9a9e17ac5e7e35d95eec2a7ad7c7667049da7,true,{},,7bd16763e0c650dd14798c7b42d22c312d871906ff5cae53e5f8ed1e9de71f4f,gazebo,true,false,true,false,goal,2.576907413040941,3.2560000000000002,1.0008977654352704,0.2595555997398319,,,30.0,0.0,4,4.142632778201785,2,0,0,0.0,0,0,2,,0.0,34.5000000000002,84.50000000000024,0,,T11 train phase; undiscounted_return=18.3914629
t11_direct_theta_fullsafety_seed104,t11_direct_theta_fullsafety_seed104-episode-000003,RL-TEB-Direct-Theta,t11-train-clear-straight,train,104,104,t11_gazebo_formal_v1+FullSafety,e9b9a9e17ac5e7e35d95eec2a7ad7c7667049da7,true,{},,7bd16763e0c650dd14798c7b42d22c312d871906ff5cae53e5f8ed1e9de71f4f,gazebo,true,false,true,false,goal,2.5315919653564514,3.4559999999999995,0.989723504637009,0.25042735387009385,,,30.0,0.0,4,4.473717564344406,1,0,0,0.0,0,0,1,,0.0,36.00000000000003,84.50000000000023,0,,T11 train phase; undiscounted_return=18.2123782
t11_direct_theta_fullsafety_seed104,t11_direct_theta_fullsafety_seed104-episode-000004,RL-TEB-Direct-Theta,t11-train-clear-straight,train,104,104,t11_gazebo_formal_v1+FullSafety,e9b9a9e17ac5e7e35d95eec2a7ad7c7667049da7,true,{},,7bd16763e0c650dd14798c7b42d22c312d871906ff5cae53e5f8ed1e9de71f4f,gazebo,true,false,true,false,goal,2.578845019136889,3.4639999999999986,1.0024345456649095,0.21808879438751858,,,30.0,0.0,4,4.81079605164982,0,0,0,0.0,0,0,0,,0.0,30.500000000000416,49.5000000000001,0,,T11 train phase; undiscounted_return=18.9258511
t11_direct_theta_fullsafety_seed104,t11_direct_theta_fullsafety_seed104-episode-000005,RL-TEB-Direct-Theta,t11-train-clear-straight,train,104,104,t11_gazebo_formal_v1+FullSafety,e9b9a9e17ac5e7e35d95eec2a7ad7c7667049da7,true,{},,7bd16763e0c650dd14798c7b42d22c312d871906ff5cae53e5f8ed1e9de71f4f,gazebo,true,false,true,false,goal,2.4794986952892932,3.1340000000000003,0.9986612475329046,0.11281844516893028,,,30.0,0.0,3,4.178276156527656,0,0,0,0.0,0,0,0,,0.0,32.66666666666751,76.00000000000051,0,,T11 train phase; undiscounted_return=17.5055364
t11_direct_theta_fullsafety_seed104,t11_direct_theta_fullsafety_seed104-episode-000006,RL-TEB-Direct-Theta,t11-train-clear-straight,train,104,104,t11_gazebo_formal_v1+FullSafety,e9b9a9e17ac5e7e35d95eec2a7ad7c7667049da7,true,{},,7bd16763e0c650dd14798c7b42d22c312d871906ff5cae53e5f8ed1e9de71f4f,gazebo,true,false,true,false,goal,2.5652199054125764,3.2560000000000002,0.9999502884152547,0.21326398483092956,,,30.0,0.0,4,5.207014705737433,2,0,0,0.0,0,0,2,,0.0,33.99999999999981,84.99999999999908,0,,T11 train phase; undiscounted_return=18.4651958
t11_direct_theta_fullsafety_seed104,t11_direct_theta_fullsafety_seed104-episode-000007,RL-TEB-Direct-Theta,t11-train-clear-straight,train,104,104,t11_gazebo_formal_v1+FullSafety,e9b9a9e17ac5e7e35d95eec2a7ad7c7667049da7,true,{},,7bd16763e0c650dd14798c7b42d22c312d871906ff5cae53e5f8ed1e9de71f4f,gazebo,true,false,true,false,goal,2.527422362355144,3.2540000000000013,0.9996711171305416,0.11697153224936642,,,30.0,0.0,3,4.091392901681719,2,0,0,0.0,0,0,2,,0.0,39.99999999999915,79.33333333333319,0,,T11 train phase; undiscounted_return=17.5942051
t11_direct_theta_fullsafety_seed104,t11_direct_theta_fullsafety_seed104-episode-000008,RL-TEB-Direct-Theta,t11-train-clear-straight,train,104,104,t11_gazebo_formal_v1+FullSafety,e9b9a9e17ac5e7e35d95eec2a7ad7c7667049da7,true,{},,7bd16763e0c650dd14798c7b42d22c312d871906ff5cae53e5f8ed1e9de71f4f,gazebo,true,false,true,false,goal,2.5447117582774723,4.048000000000002,0.9984693341596313,0.2948292506392217,,,30.0,0.0,5,5.376924377395993,2,0,0,0.0,0,0,2,,0.0,34.00000000000034,75.60000000000144,0,,T11 train phase; undiscounted_return=18.6639699
t11_direct_theta_fullsafety_seed104,t11_direct_theta_fullsafety_seed104-episode-000009,RL-TEB-Direct-Theta,t11-train-clear-straight,train,104,104,t11_gazebo_formal_v1+FullSafety,e9b9a9e17ac5e7e35d95eec2a7ad7c7667049da7,true,{},,7bd16763e0c650dd14798c7b42d22c312d871906ff5cae53e5f8ed1e9de71f4f,gazebo,true,false,true,false,goal,2.540588082953861,3.2520000000000024,0.9986810651742092,0.17569419304611622,,,30.0,0.0,4,4.528685476382575,0,0,0,0.0,0,0,0,,0.0,37.50000000000142,83.49999999999902,0,,T11 train phase; undiscounted_return=18.8958573
t11_direct_theta_fullsafety_seed104,t11_direct_theta_fullsafety_seed104-episode-000010,RL-TEB-Direct-Theta,t11-train-clear-straight,train,104,104,t11_gazebo_formal_v1+FullSafety,e9b9a9e17ac5e7e35d95eec2a7ad7c7667049da7,true,{},,7bd16763e0c650dd14798c7b42d22c312d871906ff5cae53e5f8ed1e9de71f4f,gazebo,true,false,true,false,goal,2.5545049118932233,3.3359999999999985,1.0007287934825853,0.2131744273488469,,,30.0,0.0,4,4.719349269356048,3,0,0,0.0,0,0,3,,0.0,32.500000000002416,68.00000000000317,0,,T11 train phase; undiscounted_return=18.2883281
t11_direct_theta_fullsafety_seed104,t11_direct_theta_fullsafety_seed104-episode-000011,RL-TEB-Direct-Theta,t11-train-clear-straight,train,104,104,t11_gazebo_formal_v1+FullSafety,e9b9a9e17ac5e7e35d95eec2a7ad7c7667049da7,true,{},,7bd16763e0c650dd14798c7b42d22c312d871906ff5cae53e5f8ed1e9de71f4f,gazebo,true,false,true,false,goal,2.4557801637230194,3.1540000000000035,1.0024872136339036,0.14486606237988492,,,30.0,0.0,3,5.667099902175721,0,0,0,0.0,0,0,0,,0.0,37.99999999999907,46.66666666666449,0,,T11 train phase; undiscounted_return=17.410863
t11_direct_theta_fullsafety_seed104,t11_direct_theta_fullsafety_seed104-episode-000012,RL-TEB-Direct-Theta,t11-train-clear-straight,train,104,104,t11_gazebo_formal_v1+FullSafety,e9b9a9e17ac5e7e35d95eec2a7ad7c7667049da7,true,{},,7bd16763e0c650dd14798c7b42d22c312d871906ff5cae53e5f8ed1e9de71f4f,gazebo,true,false,true,false,goal,2.5367148689732493,3.2560000000000002,1.0011481627551289,0.14732196933637454,,,30.0,0.0,4,4.837422299668901,3,0,0,0.0,0,0,3,,0.0,38.50000000000087,108.00000000000232,0,,T11 train phase; undiscounted_return=18.1810481
t11_direct_theta_fullsafety_seed104,t11_direct_theta_fullsafety_seed104-episode-000013,RL-TEB-Direct-Theta,t11-train-clear-straight,train,104,104,t11_gazebo_formal_v1+FullSafety,e9b9a9e17ac5e7e35d95eec2a7ad7c7667049da7,true,{},,7bd16763e0c650dd14798c7b42d22c312d871906ff5cae53e5f8ed1e9de71f4f,gazebo,true,false,true,false,goal,2.4572167747432405,3.1500000000000057,1.0005597551658074,0.295634441315717,,,30.0,0.0,3,2.524369025230408,0,0,0,0.0,0,0,0,,0.0,34.6666666666664,92.66666666666623,0,,T11 train phase; undiscounted_return=17.0398057
t11_direct_theta_fullsafety_seed104,t11_direct_theta_fullsafety_seed104-episode-000014,RL-TEB-Direct-Theta,t11-train-clear-straight,train,104,104,t11_gazebo_formal_v1+FullSafety,e9b9a9e17ac5e7e35d95eec2a7ad7c7667049da7,true,{},,7bd16763e0c650dd14798c7b42d22c312d871906ff5cae53e5f8ed1e9de71f4f,gazebo,true,false,true,false,goal,2.4623827622798005,3.3659999999999997,0.9999002865444632,0.16481605481623274,,,30.0,0.0,4,6.058505241359983,1,0,0,0.0,0,0,1,,0.0,32.500000000002416,73.50000000000279,0,,T11 train phase; undiscounted_return=18.1730593
t11_direct_theta_fullsafety_seed104,t11_direct_theta_fullsafety_seed104-episode-000015,RL-TEB-Direct-Theta,t11-train-clear-straight,train,104,104,t11_gazebo_formal_v1+FullSafety,e9b9a9e17ac5e7e35d95eec2a7ad7c7667049da7,true,{},,7bd16763e0c650dd14798c7b42d22c312d871906ff5cae53e5f8ed1e9de71f4f,gazebo,true,false,true,false,goal,2.572447800616505,4.256,1.0002639735754557,0.37898112359354297,,,30.0,0.0,5,5.366000657989866,4,0,0,0.0,0,0,4,,0.0,37.6000000000019,78.80000000000393,0,,T11 train phase; undiscounted_return=17.5140168
t11_direct_theta_fullsafety_seed104,t11_direct_theta_fullsafety_seed104-episode-000016,RL-TEB-Direct-Theta,t11-train-clear-straight,train,104,104,t11_gazebo_formal_v1+FullSafety,e9b9a9e17ac5e7e35d95eec2a7ad7c7667049da7,true,{},,7bd16763e0c650dd14798c7b42d22c312d871906ff5cae53e5f8ed1e9de71f4f,gazebo,true,false,true,false,goal,2.541649081888618,3.343999999999994,0.997948740421613,0.25402351686239555,,,30.0,0.0,4,5.560729367108571,2,0,0,0.0,0,0,2,,0.0,34.499999999997755,58.9999999999975,0,,T11 train phase; undiscounted_return=18.4248844
t11_direct_theta_fullsafety_seed104,t11_direct_theta_fullsafety_seed104-episode-000017,RL-TEB-Direct-Theta,t11-train-clear-straight,train,104,104,t11_gazebo_formal_v1+FullSafety,e9b9a9e17ac5e7e35d95eec2a7ad7c7667049da7,true,{},,7bd16763e0c650dd14798c7b42d22c312d871906ff5cae53e5f8ed1e9de71f4f,gazebo,true,false,true,false,goal,2.4001241331540335,3.353999999999999,1.0028454803657672,0.23048941961735678,,,30.0,0.0,4,5.973856129532768,1,0,0,0.0,0,0,1,,0.0,32.00000000000358,71.5000000000039,0,,T11 train phase; undiscounted_return=17.5339984
t11_direct_theta_fullsafety_seed104,t11_direct_theta_fullsafety_seed104-episode-000018,RL-TEB-Direct-Theta,t11-train-clear-straight,train,104,104,t11_gazebo_formal_v1+FullSafety,e9b9a9e17ac5e7e35d95eec2a7ad7c7667049da7,true,{},,7bd16763e0c650dd14798c7b42d22c312d871906ff5cae53e5f8ed1e9de71f4f,gazebo,true,false,true,false,goal,2.5435772000072556,3.254000000000005,0.9986090263002438,0.1581144107547467,,,30.0,0.0,4,3.381177444968904,1,0,0,0.0,0,0,1,,0.0,33.500000000000085,94.49999999999648,0,,T11 train phase; undiscounted_return=18.3283968
t11_direct_theta_fullsafety_seed104,t11_direct_theta_fullsafety_seed104-episode-000019,RL-TEB-Direct-Theta,t11-train-clear-straight,train,104,104,t11_gazebo_formal_v1+FullSafety,e9b9a9e17ac5e7e35d95eec2a7ad7c7667049da7,true,{},,7bd16763e0c650dd14798c7b42d22c312d871906ff5cae53e5f8ed1e9de71f4f,gazebo,true,false,true,false,goal,2.415714597429725,3.1340000000000003,0.998944260609935,0.1446659425758512,,,30.0,0.0,3,2.785682451157343,1,0,0,0.0,0,0,1,,0.0,27.33333333333121,95.33333333333378,0,,T11 train phase; undiscounted_return=16.7719966
t11_direct_theta_fullsafety_seed104,t11_direct_theta_fullsafety_seed104-episode-000020,RL-TEB-Direct-Theta,t11-train-clear-straight,train,104,104,t11_gazebo_formal_v1+FullSafety,e9b9a9e17ac5e7e35d95eec2a7ad7c7667049da7,true,{},,7bd16763e0c650dd14798c7b42d22c312d871906ff5cae53e5f8ed1e9de71f4f,gazebo,true,false,true,false,goal,2.4789381167924405,3.8460000000000036,0.9985988707768374,0.14237766452917056,,,30.0,0.0,4,6.854266731228146,1,0,0,0.0,0,0,1,,0.0,33.500000000000085,104.00000000000276,0,,T11 train phase; undiscounted_return=16.9913261
t11_direct_theta_fullsafety_seed104,t11_direct_theta_fullsafety_seed104-episode-000021,RL-TEB-Direct-Theta,t11-train-clear-straight,train,104,104,t11_gazebo_formal_v1+FullSafety,e9b9a9e17ac5e7e35d95eec2a7ad7c7667049da7,true,{},,7bd16763e0c650dd14798c7b42d22c312d871906ff5cae53e5f8ed1e9de71f4f,gazebo,true,false,true,false,goal,2.421502301534532,3.239999999999995,0.9923727814591318,0.12737536469744556,,,30.0,0.0,3,3.678593223151706,1,0,0,0.0,0,0,1,,0.0,32.66666666667106,113.99999999999959,0,,T11 train phase; undiscounted_return=16.5349836
t11_direct_theta_fullsafety_seed104,t11_direct_theta_fullsafety_seed104-episode-000022,RL-TEB-Direct-Theta,t11-train-clear-straight,train,104,104,t11_gazebo_formal_v1+FullSafety,e9b9a9e17ac5e7e35d95eec2a7ad7c7667049da7,true,{},,7bd16763e0c650dd14798c7b42d22c312d871906ff5cae53e5f8ed1e9de71f4f,gazebo,true,false,true,false,goal,2.4427226907801125,3.2620000000000005,0.9991427409250637,0.1812718425719825,,,30.0,0.0,3,2.354969511429468,2,0,0,0.0,0,0,2,,0.0,32.000000000001215,102.00000000000387,0,,T11 train phase; undiscounted_return=17.0627924
t11_direct_theta_fullsafety_seed104,t11_direct_theta_fullsafety_seed104-episode-000023,RL-TEB-Direct-Theta,t11-train-clear-straight,train,104,104,t11_gazebo_formal_v1+FullSafety,e9b9a9e17ac5e7e35d95eec2a7ad7c7667049da7,true,{},,7bd16763e0c650dd14798c7b42d22c312d871906ff5cae53e5f8ed1e9de71f4f,gazebo,true,false,true,false,goal,2.440119540945448,3.1539999999999964,0.9998606424061706,0.1436489845892737,,,30.0,0.0,3,4.550225461948483,2,0,0,0.0,0,0,2,,0.0,31.999999999996476,84.00000000000318,0,,T11 train phase; undiscounted_return=17.0131402
t11_direct_theta_fullsafety_seed104,t11_direct_theta_fullsafety_seed104-episode-000024,RL-TEB-Direct-Theta,t11-train-clear-straight,train,104,104,t11_gazebo_formal_v1+FullSafety,e9b9a9e17ac5e7e35d95eec2a7ad7c7667049da7,true,{},,7bd16763e0c650dd14798c7b42d22c312d871906ff5cae53e5f8ed1e9de71f4f,gazebo,true,false,true,false,goal,2.4614159142503658,3.2579999999999956,1.0003248184341338,0.12320357149008533,,,30.0,0.0,4,3.5375870188077303,3,0,0,0.0,0,0,3,,0.0,38.000000000000256,84.49999999999491,0,,T11 train phase; undiscounted_return=18.4486267
t11_direct_theta_fullsafety_seed104,t11_direct_theta_fullsafety_seed104-episode-000025,RL-TEB-Direct-Theta,t11-train-clear-straight,train,104,104,t11_gazebo_formal_v1+FullSafety,e9b9a9e17ac5e7e35d95eec2a7ad7c7667049da7,true,{},,7bd16763e0c650dd14798c7b42d22c312d871906ff5cae53e5f8ed1e9de71f4f,gazebo,true,false,true,false,goal,2.496253281038699,4.640000000000001,0.9823696968847133,0.16357060199871473,,,30.0,0.0,4,5.227364846638271,1,0,0,0.0,0,0,1,,0.0,33.99999999999537,105.99999999999454,0,,T11 train phase; undiscounted_return=17.6963559
t11_direct_theta_fullsafety_seed104,t11_direct_theta_fullsafety_seed104-episode-000026,RL-TEB-Direct-Theta,t11-train-clear-straight,train,104,104,t11_gazebo_formal_v1+FullSafety,e9b9a9e17ac5e7e35d95eec2a7ad7c7667049da7,true,{},,7bd16763e0c650dd14798c7b42d22c312d871906ff5cae53e5f8ed1e9de71f4f,gazebo,true,false,true,false,goal,2.5319679500646433,3.25,0.9982041748936826,0.13992867354189567,,,30.0,0.0,3,3.6403160049801784,0,0,0,0.0,0,0,0,,0.0,33.33333333333144,97.99999999999898,0,,T11 train phase; undiscounted_return=16.9425699
t11_direct_theta_fullsafety_seed104,t11_direct_theta_fullsafety_seed104-episode-000027,RL-TEB-Direct-Theta,t11-train-clear-straight,train,104,104,t11_gazebo_formal_v1+FullSafety,e9b9a9e17ac5e7e35d95eec2a7ad7c7667049da7,true,{},,7bd16763e0c650dd14798c7b42d22c312d871906ff5cae53e5f8ed1e9de71f4f,gazebo,true,false,true,false,goal,2.5752844627335825,3.3599999999999994,1.0009058092347098,0.09978999056004807,,,30.0,0.0,3,3.4492859621842706,3,0,0,0.0,0,0,3,,0.0,34.66666666667114,134.66666666667018,0,,T11 train phase; undiscounted_return=17.225103
t11_direct_theta_fullsafety_seed104,t11_direct_theta_fullsafety_seed104-episode-000028,RL-TEB-Direct-Theta,t11-train-clear-straight,train,104,104,t11_gazebo_formal_v1+FullSafety,e9b9a9e17ac5e7e35d95eec2a7ad7c7667049da7,true,{},,7bd16763e0c650dd14798c7b42d22c312d871906ff5cae53e5f8ed1e9de71f4f,gazebo,true,false,true,false,goal,2.458050511160446,3.1359999999999957,1.000794106417997,0.15875537923549504,,,30.0,0.0,3,5.203133220899673,0,0,0,0.0,0,0,0,,0.0,34.66666666667114,98.00000000000371,0,,T11 train phase; undiscounted_return=17.0060581
t11_direct_theta_fullsafety_seed104,t11_direct_theta_fullsafety_seed104-episode-000029,RL-TEB-Direct-Theta,t11-train-clear-straight,train,104,104,t11_gazebo_formal_v1+FullSafety,e9b9a9e17ac5e7e35d95eec2a7ad7c7667049da7,true,{},,7bd16763e0c650dd14798c7b42d22c312d871906ff5cae53e5f8ed1e9de71f4f,gazebo,true,false,true,false,goal,2.4133117203944336,3.1400000000000006,0.9976327829226421,0.2602176967853868,,,30.0,0.0,3,4.0613055609521425,1,0,0,0.0,0,0,1,,0.0,28.000000000001062,113.33333333333921,0,,T11 train phase; undiscounted_return=16.5002283
t11_direct_theta_fullsafety_seed104,t11_direct_theta_fullsafety_seed104-episode-000030,RL-TEB-Direct-Theta,t11-train-clear-straight,train,104,104,t11_gazebo_formal_v1+FullSafety,e9b9a9e17ac5e7e35d95eec2a7ad7c7667049da7,true,{},,7bd16763e0c650dd14798c7b42d22c312d871906ff5cae53e5f8ed1e9de71f4f,gazebo,true,false,true,false,goal,2.429848340651322,3.549999999999983,0.995258567663341,0.41183027956914203,,,30.0,0.0,4,5.558739874192646,3,0,0,0.0,0,0,3,,0.0,33.99999999999892,118.49999999999739,0,,T11 train phase; undiscounted_return=17.331015
t11_direct_theta_fullsafety_seed104,t11_direct_theta_fullsafety_seed104-episode-000031,RL-TEB-Direct-Theta,t11-train-clear-straight,train,104,104,t11_gazebo_formal_v1+FullSafety,e9b9a9e17ac5e7e35d95eec2a7ad7c7667049da7,true,{},,7bd16763e0c650dd14798c7b42d22c312d871906ff5cae53e5f8ed1e9de71f4f,gazebo,true,false,true,false,goal,2.554535509054016,3.358000000000004,0.9993765152038389,0.22423996293960824,,,30.0,0.0,3,5.098872218529383,2,0,0,0.0,0,0,2,,0.0,34.000000000010765,133.33333333333522,0,,T11 train phase; undiscounted_return=17.1467054
t11_direct_theta_fullsafety_seed104,t11_direct_theta_fullsafety_seed104-episode-000032,RL-TEB-Direct-Theta,t11-train-clear-straight,train,104,104,t11_gazebo_formal_v1+FullSafety,e9b9a9e17ac5e7e35d95eec2a7ad7c7667049da7,true,{},,7bd16763e0c650dd14798c7b42d22c312d871906ff5cae53e5f8ed1e9de71f4f,gazebo,true,false,true,false,goal,2.4026973376957965,3.0519999999999925,1.000936977802735,0.12622285245189369,,,30.0,0.0,3,4.652977047363918,1,0,0,0.0,0,0,1,,0.0,34.000000000010765,116.66666666667425,0,,T11 train phase; undiscounted_return=16.9943775
t11_direct_theta_fullsafety_seed104,t11_direct_theta_fullsafety_seed104-episode-000033,RL-TEB-Direct-Theta,t11-train-clear-straight,train,104,104,t11_gazebo_formal_v1+FullSafety,e9b9a9e17ac5e7e35d95eec2a7ad7c7667049da7,true,{},,7bd16763e0c650dd14798c7b42d22c312d871906ff5cae53e5f8ed1e9de71f4f,gazebo,true,false,true,false,goal,2.517721233109808,3.445999999999998,1.0009880477099007,0.12083010182860018,,,30.0,0.0,4,6.288638867934546,0,0,0,0.0,0,0,0,,0.0,33.999999999991815,106.49999999998983,0,,T11 train phase; undiscounted_return=18.1485688
t11_direct_theta_fullsafety_seed104,t11_direct_theta_fullsafety_seed104-episode-000034,RL-TEB-Direct-Theta,t11-train-clear-straight,train,104,104,t11_gazebo_formal_v1+FullSafety,e9b9a9e17ac5e7e35d95eec2a7ad7c7667049da7,true,{},,7bd16763e0c650dd14798c7b42d22c312d871906ff5cae53e5f8ed1e9de71f4f,gazebo,true,false,true,false,goal,2.4398003520184095,3.2420000000000186,0.9991005166168273,0.18162852040421823,,,30.0,0.0,3,4.470289385034925,0,0,0,0.0,0,0,0,,0.0,28.000000000001062,79.99999999999356,0,,T11 train phase; undiscounted_return=16.8435002
t11_direct_theta_fullsafety_seed104,t11_direct_theta_fullsafety_seed104-episode-000035,RL-TEB-Direct-Theta,t11-train-clear-straight,train,104,104,t11_gazebo_formal_v1+FullSafety,e9b9a9e17ac5e7e35d95eec2a7ad7c7667049da7,true,{},,7bd16763e0c650dd14798c7b42d22c312d871906ff5cae53e5f8ed1e9de71f4f,gazebo,true,false,true,false,goal,2.515763147829243,3.2419999999999902,1.001577695039486,0.16017075871571199,,,30.0,0.0,3,3.0221357788358416,1,0,0,0.0,0,0,1,,0.0,30.666666666661513,111.99999999999477,0,,T11 train phase; undiscounted_return=17.2742686
t11_direct_theta_fullsafety_seed104,t11_direct_theta_fullsafety_seed104-episode-000036,RL-TEB-Direct-Theta,t11-train-clear-straight,train,104,104,t11_gazebo_formal_v1+FullSafety,e9b9a9e17ac5e7e35d95eec2a7ad7c7667049da7,true,{},,7bd16763e0c650dd14798c7b42d22c312d871906ff5cae53e5f8ed1e9de71f4f,gazebo,true,false,true,false,goal,2.5383255189308933,3.2620000000000005,1.0008349066374307,0.11538965860980972,,,30.0,0.0,3,3.940540657440823,0,0,0,0.0,0,0,0,,0.0,37.999999999991964,115.99999999999493,0,,T11 train phase; undiscounted_return=17.3050536
t11_direct_theta_fullsafety_seed104,t11_direct_theta_fullsafety_seed104-episode-000037,RL-TEB-Direct-Theta,t11-train-clear-straight,train,104,104,t11_gazebo_formal_v1+FullSafety,e9b9a9e17ac5e7e35d95eec2a7ad7c7667049da7,true,{},,7bd16763e0c650dd14798c7b42d22c312d871906ff5cae53e5f8ed1e9de71f4f,gazebo,true,false,true,false,goal,2.4923162463268485,3.143999999999977,1.002443854531553,0.15233737367752131,,,30.0,0.0,3,2.755132161435626,1,0,0,0.0,0,0,1,,0.0,31.333333333331364,111.99999999999477,0,,T11 train phase; undiscounted_return=17.2675246
t11_direct_theta_fullsafety_seed104,t11_direct_theta_fullsafety_seed104-episode-000038,RL-TEB-Direct-Theta,t11-train-clear-straight,train,104,104,t11_gazebo_formal_v1+FullSafety,e9b9a9e17ac5e7e35d95eec2a7ad7c7667049da7,true,{},,7bd16763e0c650dd14798c7b42d22c312d871906ff5cae53e5f8ed1e9de71f4f,gazebo,true,false,true,false,goal,2.5323072060223657,3.3500000000000227,0.9998577661610036,0.15257294373541222,,,30.0,0.0,3,3.244003039030804,1,0,0,0.0,0,0,1,,0.0,38.00000000000144,116.6666666666553,0,,T11 train phase; undiscounted_return=16.9566424
t11_direct_theta_fullsafety_seed104,t11_direct_theta_fullsafety_seed104-episode-000039,RL-TEB-Direct-Theta,t11-train-clear-straight,train,104,104,t11_gazebo_formal_v1+FullSafety,e9b9a9e17ac5e7e35d95eec2a7ad7c7667049da7,true,{},,7bd16763e0c650dd14798c7b42d22c312d871906ff5cae53e5f8ed1e9de71f4f,gazebo,true,false,true,false,goal,2.5458021995504656,3.548000000000002,0.9999178568901409,0.2691406360497284,,,30.0,0.0,4,4.786938961063113,2,0,0,0.0,0,0,2,,0.0,31.999999999996476,93.50000000000591,0,,T11 train phase; undiscounted_return=18.1443121
t11_direct_theta_fullsafety_seed104,t11_direct_theta_fullsafety_seed104-episode-000040,RL-TEB-Direct-Theta,t11-train-clear-straight,train,104,104,t11_gazebo_formal_v1+FullSafety,e9b9a9e17ac5e7e35d95eec2a7ad7c7667049da7,true,{},,7bd16763e0c650dd14798c7b42d22c312d871906ff5cae53e5f8ed1e9de71f4f,gazebo,true,false,true,false,goal,2.583060201732801,3.563999999999993,1.0026452174938505,0.1985816401158464,,,30.0,0.0,4,5.665352248294014,3,0,0,0.0,0,0,3,,0.0,34.99999999999659,97.49999999999659,0,,T11 train phase; undiscounted_return=18.1404863
t11_direct_theta_fullsafety_seed104,t11_direct_theta_fullsafety_seed104-episode-000041,RL-TEB-Direct-Theta,t11-train-clear-straight,train,104,104,t11_gazebo_formal_v1+FullSafety,e9b9a9e17ac5e7e35d95eec2a7ad7c7667049da7,true,{},,7bd16763e0c650dd14798c7b42d22c312d871906ff5cae53e5f8ed1e9de71f4f,gazebo,true,false,true,false,goal,2.4121094987954117,3.055999999999983,1.0002572340086269,0.1518495971286622,,,30.0,0.0,3,1.9416135833376935,1,0,0,0.0,0,0,1,,0.0,42.666666666652496,98.66666666665462,0,,T11 train phase; undiscounted_return=17.5138219
t11_direct_theta_fullsafety_seed104,t11_direct_theta_fullsafety_seed104-episode-000042,RL-TEB-Direct-Theta,t11-train-clear-straight,train,104,104,t11_gazebo_formal_v1+FullSafety,e9b9a9e17ac5e7e35d95eec2a7ad7c7667049da7,true,{},,7bd16763e0c650dd14798c7b42d22c312d871906ff5cae53e5f8ed1e9de71f4f,gazebo,true,false,true,false,goal,2.474230755487155,3.3499999999999943,1.001477085620909,0.1672444442365362,,,30.0,0.0,4,5.526169960271745,3,0,0,0.0,0,0,3,,0.0,37.50000000000142,96.9999999999942,0,,T11 train phase; undiscounted_return=17.9397883
t11_direct_theta_fullsafety_seed104,t11_direct_theta_fullsafety_seed104-episode-000043,RL-TEB-Direct-Theta,t11-train-clear-straight,train,104,104,t11_gazebo_formal_v1+FullSafety,e9b9a9e17ac5e7e35d95eec2a7ad7c7667049da7,true,{},,7bd16763e0c650dd14798c7b42d22c312d871906ff5cae53e5f8ed1e9de71f4f,gazebo,true,false,true,false,goal,2.524480021487656,3.2580000000000098,1.0015061283382922,0.18486954541281986,,,30.0,0.0,3,4.4787616454419625,2,0,0,0.0,0,0,2,,0.0,26.66666666666136,80.00000000000303,0,,T11 train phase; undiscounted_return=16.9303489
t11_direct_theta_fullsafety_seed104,t11_direct_theta_fullsafety_seed104-episode-000044,RL-TEB-Direct-Theta,t11-train-clear-straight,train,104,104,t11_gazebo_formal_v1+FullSafety,e9b9a9e17ac5e7e35d95eec2a7ad7c7667049da7,true,{},,7bd16763e0c650dd14798c7b42d22c312d871906ff5cae53e5f8ed1e9de71f4f,gazebo,true,false,true,false,goal,2.573909607653593,3.2580000000000098,1.0008979795939625,0.18973049550486207,,,30.0,0.0,4,3.499695636828738,0,0,0,0.0,0,0,0,,0.0,33.00000000000125,60.00000000000938,0,,T11 train phase; undiscounted_return=18.8618568
t11_direct_theta_fullsafety_seed104,t11_direct_theta_fullsafety_seed104-episode-000045,RL-TEB-Direct-Theta,t11-train-clear-straight,train,104,104,t11_gazebo_formal_v1+FullSafety,e9b9a9e17ac5e7e35d95eec2a7ad7c7667049da7,true,{},,7bd16763e0c650dd14798c7b42d22c312d871906ff5cae53e5f8ed1e9de71f4f,gazebo,true,false,true,false,goal,2.4975864845524756,3.248000000000019,0.9986123128967633,0.14328005827687576,,,30.0,0.0,3,2.136745276905242,0,0,0,0.0,0,0,0,,0.0,30.000000000001137,95.33333333333378,0,,T11 train phase; undiscounted_return=17.1024412
t11_direct_theta_fullsafety_seed104,t11_direct_theta_fullsafety_seed104-episode-000046,RL-TEB-Direct-Theta,t11-train-clear-straight,train,104,104,t11_gazebo_formal_v1+FullSafety,e9b9a9e17ac5e7e35d95eec2a7ad7c7667049da7,true,{},,7bd16763e0c650dd14798c7b42d22c312d871906ff5cae53e5f8ed1e9de71f4f,gazebo,true,false,true,false,goal,2.489187192350737,3.3460000000000036,1.002003384921372,0.1902729425680571,,,30.0,0.0,4,4.2254297100362335,4,0,0,0.0,0,0,4,,0.0,29.000000000003467,70.50000000000267,0,,T11 train phase; undiscounted_return=18.3163098
t11_direct_theta_fullsafety_seed104,t11_direct_theta_fullsafety_seed104-episode-000047,RL-TEB-Direct-Theta,t11-train-clear-straight,train,104,104,t11_gazebo_formal_v1+FullSafety,e9b9a9e17ac5e7e35d95eec2a7ad7c7667049da7,true,{},,7bd16763e0c650dd14798c7b42d22c312d871906ff5cae53e5f8ed1e9de71f4f,gazebo,true,false,true,false,goal,2.528367168844341,3.3400000000000034,1.0005847849333207,0.14369742583473583,,,30.0,0.0,4,6.532413874353682,1,0,0,0.0,0,0,1,,0.0,28.999999999996362,55.99999999999028,0,,T11 train phase; undiscounted_return=18.6471195
t11_direct_theta_fullsafety_seed104,t11_direct_theta_fullsafety_seed104-episode-000048,RL-TEB-Direct-Theta,t11-train-clear-straight,train,104,104,t11_gazebo_formal_v1+FullSafety,e9b9a9e17ac5e7e35d95eec2a7ad7c7667049da7,true,{},,7bd16763e0c650dd14798c7b42d22c312d871906ff5cae53e5f8ed1e9de71f4f,gazebo,true,false,true,false,goal,2.486959300051498,3.352000000000004,1.0003527504704388,0.1645244791595296,,,30.0,0.0,4,5.938218339000429,0,0,0,0.0,0,0,0,,0.0,36.99999999999193,123.49999999999284,0,,T11 train phase; undiscounted_return=17.6637938
t11_direct_theta_fullsafety_seed104,t11_direct_theta_fullsafety_seed104-episode-000049,RL-TEB-Direct-Theta,t11-train-clear-straight,train,104,104,t11_gazebo_formal_v1+FullSafety,e9b9a9e17ac5e7e35d95eec2a7ad7c7667049da7,true,{},,7bd16763e0c650dd14798c7b42d22c312d871906ff5cae53e5f8ed1e9de71f4f,gazebo,true,false,true,false,goal,2.5639796344518735,3.343999999999994,1.0007372805607002,0.17965687618086984,,,30.0,0.0,4,4.652511859507788,2,0,0,0.0,0,0,2,,0.0,32.49999999999886,68.50000000000023,0,,T11 train phase; undiscounted_return=18.8667445
t11_direct_theta_fullsafety_seed104,t11_direct_theta_fullsafety_seed104-episode-000050,RL-TEB-Direct-Theta,t11-train-clear-straight,train,104,104,t11_gazebo_formal_v1+FullSafety,e9b9a9e17ac5e7e35d95eec2a7ad7c7667049da7,true,{},,7bd16763e0c650dd14798c7b42d22c312d871906ff5cae53e5f8ed1e9de71f4f,gazebo,true,false,true,false,goal,2.471174501926132,3.1599999999999966,1.0011340557617083,0.13198499281029935,,,30.0,0.0,3,2.9424336393674224,0,0,0,0.0,0,0,0,,0.0,32.66666666667106,68.00000000000257,0,,T11 train phase; undiscounted_return=17.6841392
t11_direct_theta_fullsafety_seed104,t11_direct_theta_fullsafety_seed104-episode-000051,RL-TEB-Direct-Theta,t11-train-clear-straight,train,104,104,t11_gazebo_formal_v1+FullSafety,e9b9a9e17ac5e7e35d95eec2a7ad7c7667049da7,true,{},,7bd16763e0c650dd14798c7b42d22c312d871906ff5cae53e5f8ed1e9de71f4f,gazebo,true,false,true,false,goal,2.5856987756980354,3.3540000000000134,1.0001008507254647,0.20017797772458584,,,30.0,0.0,4,4.938682947272345,2,0,0,0.0,0,0,2,,0.0,30.000000000001137,58.50000000000222,0,,T11 train phase; undiscounted_return=18.8375044
t11_direct_theta_fullsafety_seed104,t11_direct_theta_fullsafety_seed104-episode-000052,RL-TEB-Direct-Theta,t11-train-clear-straight,train,104,104,t11_gazebo_formal_v1+FullSafety,e9b9a9e17ac5e7e35d95eec2a7ad7c7667049da7,true,{},,7bd16763e0c650dd14798c7b42d22c312d871906ff5cae53e5f8ed1e9de71f4f,gazebo,true,false,true,false,goal,2.5039053582149102,3.3619999999999948,0.9987702043192674,0.1973805105521588,,,30.0,0.0,4,5.186576947144102,1,0,0,0.0,0,0,1,,0.0,32.50000000000597,84.50000000000557,0,,T11 train phase; undiscounted_return=18.2006076
t11_direct_theta_fullsafety_seed104,t11_direct_theta_fullsafety_seed104-episode-000053,RL-TEB-Direct-Theta,t11-train-clear-straight,train,104,104,t11_gazebo_formal_v1+FullSafety,e9b9a9e17ac5e7e35d95eec2a7ad7c7667049da7,true,{},,7bd16763e0c650dd14798c7b42d22c312d871906ff5cae53e5f8ed1e9de71f4f,gazebo,true,false,true,false,goal,2.4745171158420414,3.2419999999999902,0.9993429866395582,0.184626695843713,,,30.0,0.0,4,5.248225844190233,2,0,0,0.0,0,0,2,,0.0,29.000000000010573,80.5000000000149,0,,T11 train phase; undiscounted_return=18.3913365
t11_direct_theta_fullsafety_seed104,t11_direct_theta_fullsafety_seed104-episode-000054,RL-TEB-Direct-Theta,t11-train-clear-straight,train,104,104,t11_gazebo_formal_v1+FullSafety,e9b9a9e17ac5e7e35d95eec2a7ad7c7667049da7,true,{},,7bd16763e0c650dd14798c7b42d22c312d871906ff5cae53e5f8ed1e9de71f4f,gazebo,true,false,true,false,goal,2.5796675795462582,3.26400000000001,0.9990090587273877,0.2155066513869929,,,30.0,0.0,4,5.4205552015985745,0,0,0,0.0,0,0,0,,0.0,29.000000000010573,62.00000000000472,0,,T11 train phase; undiscounted_return=18.6926372
t11_direct_theta_fullsafety_seed104,t11_direct_theta_fullsafety_seed104-episode-000055,RL-TEB-Direct-Theta,t11-train-clear-straight,train,104,104,t11_gazebo_formal_v1+FullSafety,e9b9a9e17ac5e7e35d95eec2a7ad7c7667049da7,true,{},,7bd16763e0c650dd14798c7b42d22c312d871906ff5cae53e5f8ed1e9de71f4f,gazebo,true,false,true,false,goal,2.439095754757288,3.156000000000006,1.0019057289698263,0.12162053370352037,,,30.0,0.0,3,2.7986515876792724,0,0,0,0.0,0,0,0,,0.0,35.33333333334099,80.66666666668236,0,,T11 train phase; undiscounted_return=17.3496909
t11_direct_theta_fullsafety_seed104,t11_direct_theta_fullsafety_seed104-episode-000056,RL-TEB-Direct-Theta,t11-train-clear-straight,train,104,104,t11_gazebo_formal_v1+FullSafety,e9b9a9e17ac5e7e35d95eec2a7ad7c7667049da7,true,{},,7bd16763e0c650dd14798c7b42d22c312d871906ff5cae53e5f8ed1e9de71f4f,gazebo,true,false,true,false,goal,2.5284798447024537,3.248000000000019,1.0009521500447895,0.16525603475085043,,,30.0,0.0,3,4.090724923497153,0,0,0,0.0,0,0,0,,0.0,36.66666666667121,96.66666666667349,0,,T11 train phase; undiscounted_return=16.9908193
t11_direct_theta_fullsafety_seed104,t11_direct_theta_fullsafety_seed104-episode-000057,RL-TEB-Direct-Theta,t11-train-clear-straight,train,104,104,t11_gazebo_formal_v1+FullSafety,e9b9a9e17ac5e7e35d95eec2a7ad7c7667049da7,true,{},,7bd16763e0c650dd14798c7b42d22c312d871906ff5cae53e5f8ed1e9de71f4f,gazebo,true,false,true,false,goal,2.534757166880006,3.1459999999999866,1.0025964431370167,0.15751406443842444,,,30.0,0.0,4,4.471709859371186,1,0,0,0.0,0,0,1,,0.0,27.00000000000813,85.49999999999613,0,,T11 train phase; undiscounted_return=18.2061784
t11_direct_theta_fullsafety_seed104,t11_direct_theta_fullsafety_seed104-episode-000058,RL-TEB-Direct-Theta,t11-train-clear-straight,train,104,104,t11_gazebo_formal_v1+FullSafety,e9b9a9e17ac5e7e35d95eec2a7ad7c7667049da7,true,{},,7bd16763e0c650dd14798c7b42d22c312d871906ff5cae53e5f8ed1e9de71f4f,gazebo,true,false,true,false,goal,2.4305677294213104,3.1500000000000057,1.0002184194416766,0.14140475670355637,,,30.0,0.0,3,1.611077929394586,0,0,0,0.0,0,0,0,,0.0,28.000000000001062,81.99999999999363,0,,T11 train phase; undiscounted_return=17.340713
t11_direct_theta_fullsafety_seed104,t11_direct_theta_fullsafety_seed104-episode-000059,RL-TEB-Direct-Theta,t11-train-clear-straight,train,104,104,t11_gazebo_formal_v1+FullSafety,e9b9a9e17ac5e7e35d95eec2a7ad7c7667049da7,true,{},,7bd16763e0c650dd14798c7b42d22c312d871906ff5cae53e5f8ed1e9de71f4f,gazebo,true,false,true,false,goal,2.427991288671761,3.2499999999999716,1.0012283500679917,0.12821282468737616,,,30.0,0.0,3,4.020714648564656,1,0,0,0.0,0,0,1,,0.0,30.000000000001137,98.66666666666409,0,,T11 train phase; undiscounted_return=16.7402862
t11_direct_theta_fullsafety_seed104,t11_direct_theta_fullsafety_seed104-episode-000060,RL-TEB-Direct-Theta,t11-train-clear-straight,train,104,104,t11_gazebo_formal_v1+FullSafety,e9b9a9e17ac5e7e35d95eec2a7ad7c7667049da7,true,{},,7bd16763e0c650dd14798c7b42d22c312d871906ff5cae53e5f8ed1e9de71f4f,gazebo,true,false,true,false,goal,2.5198853181119114,3.348000000000013,1.0015068610253175,0.13392762986220053,,,30.0,0.0,4,5.054341431742621,1,0,0,0.0,0,0,1,,0.0,27.50000000001762,68.00000000001205,0,,T11 train phase; undiscounted_return=18.4996006
t11_direct_theta_fullsafety_seed104,t11_direct_theta_fullsafety_seed104-episode-000061,RL-TEB-Direct-Theta,t11-train-clear-straight,train,104,104,t11_gazebo_formal_v1+FullSafety,e9b9a9e17ac5e7e35d95eec2a7ad7c7667049da7,true,{},,7bd16763e0c650dd14798c7b42d22c312d871906ff5cae53e5f8ed1e9de71f4f,gazebo,true,false,true,false,goal,2.590660544241511,3.146000000000015,1.0033808052039785,0.16446230179777188,,,30.0,0.0,4,5.668216774577187,0,0,0,0.0,0,0,0,,0.0,32.49999999999886,67.99999999999784,0,,T11 train phase; undiscounted_return=19.0935455
t11_direct_theta_fullsafety_seed104,t11_direct_theta_fullsafety_seed104-episode-000062,RL-TEB-Direct-Theta,t11-train-clear-straight,train,104,104,t11_gazebo_formal_v1+FullSafety,e9b9a9e17ac5e7e35d95eec2a7ad7c7667049da7,true,{},,7bd16763e0c650dd14798c7b42d22c312d871906ff5cae53e5f8ed1e9de71f4f,gazebo,true,false,true,false,goal,2.4368368652027104,3.4460000000000264,1.0010329126653907,0.16263259087403673,,,30.0,0.0,4,4.927209862640926,0,0,0,0.0,0,0,0,,0.0,31.000000000020123,107.99999999998988,0,,T11 train phase; undiscounted_return=17.4672171
t11_direct_theta_fullsafety_seed104,t11_direct_theta_fullsafety_seed104-episode-000063,RL-TEB-Direct-Theta,t11-train-clear-straight,train,104,104,t11_gazebo_formal_v1+FullSafety,e9b9a9e17ac5e7e35d95eec2a7ad7c7667049da7,true,{},,7bd16763e0c650dd14798c7b42d22c312d871906ff5cae53e5f8ed1e9de71f4f,gazebo,true,false,true,false,goal,2.4423305887885705,3.358000000000004,0.9993234515285659,0.19216556545933094,,,30.0,0.0,4,4.9973767104602995,3,0,0,0.0,0,0,3,,0.0,30.99999999997749,71.49999999998613,0,,T11 train phase; undiscounted_return=17.9274932
t11_direct_theta_fullsafety_seed104,t11_direct_theta_fullsafety_seed104-episode-000064,RL-TEB-Direct-Theta,t11-train-clear-straight,train,104,104,t11_gazebo_formal_v1+FullSafety,e9b9a9e17ac5e7e35d95eec2a7ad7c7667049da7,true,{},,7bd16763e0c650dd14798c7b42d22c312d871906ff5cae53e5f8ed1e9de71f4f,gazebo,true,false,true,false,goal,2.5761305830686423,3.3640000000000327,1.0007534026388454,0.2370460483639833,,,30.0,0.0,4,4.235618096873871,3,0,0,0.0,0,0,3,,0.0,35.50000000001319,61.99999999999761,0,,T11 train phase; undiscounted_return=18.6021288
t11_direct_theta_fullsafety_seed104,t11_direct_theta_fullsafety_seed104-episode-000065,RL-TEB-Direct-Theta,t11-train-clear-straight,train,104,104,t11_gazebo_formal_v1+FullSafety,e9b9a9e17ac5e7e35d95eec2a7ad7c7667049da7,true,{},,7bd16763e0c650dd14798c7b42d22c312d871906ff5cae53e5f8ed1e9de71f4f,gazebo,true,false,true,false,goal,2.549207849746214,3.334000000000003,1.0030346804287047,0.14842347062528846,,,30.0,0.0,3,5.044000001464571,0,0,0,0.0,0,0,0,,0.0,32.000000000001215,111.99999999998529,0,,T11 train phase; undiscounted_return=16.8919196
t11_direct_theta_fullsafety_seed104,t11_direct_theta_fullsafety_seed104-episode-000066,RL-TEB-Direct-Theta,t11-train-clear-straight,train,104,104,t11_gazebo_formal_v1+FullSafety,e9b9a9e17ac5e7e35d95eec2a7ad7c7667049da7,true,{},,7bd16763e0c650dd14798c7b42d22c312d871906ff5cae53e5f8ed1e9de71f4f,gazebo,true,false,true,false,goal,2.43586085155056,3.2560000000000286,0.9993986825164489,0.08584036868407018,,,30.0,0.0,3,3.2977867824690676,1,0,0,0.0,0,0,1,,0.0,37.333333333322116,86.66666666666363,0,,T11 train phase; undiscounted_return=16.9040911
t11_direct_theta_fullsafety_seed104,t11_direct_theta_fullsafety_seed104-episode-000067,RL-TEB-Direct-Theta,t11-train-clear-straight,train,104,104,t11_gazebo_formal_v1+FullSafety,e9b9a9e17ac5e7e35d95eec2a7ad7c7667049da7,true,{},,7bd16763e0c650dd14798c7b42d22c312d871906ff5cae53e5f8ed1e9de71f4f,gazebo,true,false,true,false,goal,2.5217627297428384,3.6620000000000346,1.0026869855574077,0.1771480662065757,,,30.0,0.0,4,6.659920270102365,2,0,0,0.0,0,0,2,,0.0,30.9999999999917,59.99999999998806,0,,T11 train phase; undiscounted_return=17.3025795
t11_direct_theta_fullsafety_seed104,t11_direct_theta_fullsafety_seed104-episode-000068,RL-TEB-Direct-Theta,t11-train-clear-straight,train,104,104,t11_gazebo_formal_v1+FullSafety,e9b9a9e17ac5e7e35d95eec2a7ad7c7667049da7,true,{},,7bd16763e0c650dd14798c7b42d22c312d871906ff5cae53e5f8ed1e9de71f4f,gazebo,true,false,true,false,goal,2.555243867415276,3.4639999999999986,0.999568757377442,0.37607956218029537,,,30.0,0.0,4,5.228675724211193,0,0,0,0.0,0,0,0,,0.0,27.4999999999892,58.9999999999975,0,,T11 train phase; undiscounted_return=18.3062654
t11_direct_theta_fullsafety_seed104,t11_direct_theta_fullsafety_seed104-episode-000069,RL-TEB-Direct-Theta,t11-train-clear-straight,train,104,104,t11_gazebo_formal_v1+FullSafety,e9b9a9e17ac5e7e35d95eec2a7ad7c7667049da7,true,{},,7bd16763e0c650dd14798c7b42d22c312d871906ff5cae53e5f8ed1e9de71f4f,gazebo,true,false,true,false,goal,2.596551717943453,3.4420000000000073,0.9986011824119195,0.1430404086896333,,,30.0,0.0,4,5.534555355423973,3,0,0,0.0,0,0,3,,0.0,30.000000000001137,79.49999999999591,0,,T11 train phase; undiscounted_return=18.8172175
t11_direct_theta_fullsafety_seed104,t11_direct_theta_fullsafety_seed104-episode-000070,RL-TEB-Direct-Theta,t11-train-clear-straight,train,104,104,t11_gazebo_formal_v1+FullSafety,e9b9a9e17ac5e7e35d95eec2a7ad7c7667049da7,true,{},,7bd16763e0c650dd14798c7b42d22c312d871906ff5cae53e5f8ed1e9de71f4f,gazebo,true,false,true,false,goal,2.5393743594273905,3.3379999999999654,1.001044552813394,0.15730339724437398,,,30.0,0.0,4,6.653591367460433,0,0,0,0.0,0,0,0,,0.0,33.999999999977604,80.49999999998647,0,,T11 train phase; undiscounted_return=18.2205215
t11_direct_theta_fullsafety_seed104,t11_direct_theta_fullsafety_seed104-episode-000071,RL-TEB-Direct-Theta,t11-train-clear-straight,train,104,104,t11_gazebo_formal_v1+FullSafety,e9b9a9e17ac5e7e35d95eec2a7ad7c7667049da7,true,{},,7bd16763e0c650dd14798c7b42d22c312d871906ff5cae53e5f8ed1e9de71f4f,gazebo,true,false,true,false,goal,2.5023385163030105,3.2479999999999905,1.0016890943169812,0.11580415404841696,,,30.0,0.0,3,3.0745045102777935,1,0,0,0.0,0,0,1,,0.0,28.666666666651963,94.66666666664499,0,,T11 train phase; undiscounted_return=17.3023304
t11_direct_theta_fullsafety_seed104,t11_direct_theta_fullsafety_seed104-episode-000072,RL-TEB-Direct-Theta,t11-train-clear-straight,train,104,104,t11_gazebo_formal_v1+FullSafety,e9b9a9e17ac5e7e35d95eec2a7ad7c7667049da7,true,{},,7bd16763e0c650dd14798c7b42d22c312d871906ff5cae53e5f8ed1e9de71f4f,gazebo,true,false,true,false,goal,2.5703453743937192,3.1420000000000528,1.0015624826939395,0.10025045120641629,,,30.0,0.0,3,2.710831940741765,1,0,0,0.0,0,0,1,,0.0,30.66666666668046,111.3333333333344,0,,T11 train phase; undiscounted_return=17.5084245
t11_direct_theta_fullsafety_seed104,t11_direct_theta_fullsafety_seed104-episode-000073,RL-TEB-Direct-Theta,t11-train-clear-straight,train,104,104,t11_gazebo_formal_v1+FullSafety,e9b9a9e17ac5e7e35d95eec2a7ad7c7667049da7,true,{},,7bd16763e0c650dd14798c7b42d22c312d871906ff5cae53e5f8ed1e9de71f4f,gazebo,true,false,true,false,goal,2.5783917279908537,3.451999999999998,1.0003280733108155,0.15215183561294238,,,30.0,0.0,4,4.633939565079554,2,0,0,0.0,0,0,2,,0.0,30.500000000003524,83.5000000000008,0,,T11 train phase; undiscounted_return=18.4928849
t11_direct_theta_fullsafety_seed104,t11_direct_theta_fullsafety_seed104-episode-000074,RL-TEB-Direct-Theta,t11-train-clear-straight,train,104,104,t11_gazebo_formal_v1+FullSafety,e9b9a9e17ac5e7e35d95eec2a7ad7c7667049da7,true,{},,7bd16763e0c650dd14798c7b42d22c312d871906ff5cae53e5f8ed1e9de71f4f,gazebo,true,false,true,false,goal,2.5722457089951125,3.3619999999999663,0.9988586587154932,0.16076228069892778,,,30.0,0.0,3,2.5543872660114633,2,0,0,0.0,0,0,2,,0.0,35.33333333333152,117.3333333333441,0,,T11 train phase; undiscounted_return=17.3601729
t11_direct_theta_fullsafety_seed104,t11_direct_theta_fullsafety_seed104-episode-000075,RL-TEB-Direct-Theta,t11-train-clear-straight,train,104,104,t11_gazebo_formal_v1+FullSafety,e9b9a9e17ac5e7e35d95eec2a7ad7c7667049da7,true,{},,7bd16763e0c650dd14798c7b42d22c312d871906ff5cae53e5f8ed1e9de71f4f,gazebo,true,false,true,false,goal,2.532438279481407,3.1420000000000528,0.9999338730470992,0.14881029372699794,,,30.0,0.0,3,3.3418972784564622,0,0,0,0.0,0,0,0,,0.0,33.999999999991815,114.0000000000138,0,,T11 train phase; undiscounted_return=17.0528245
t11_direct_theta_fullsafety_seed104,t11_direct_theta_fullsafety_seed104-episode-000076,RL-TEB-Direct-Theta,t11-train-clear-straight,train,104,104,t11_gazebo_formal_v1+FullSafety,e9b9a9e17ac5e7e35d95eec2a7ad7c7667049da7,true,{},,7bd16763e0c650dd14798c7b42d22c312d871906ff5cae53e5f8ed1e9de71f4f,gazebo,true,false,true,false,goal,2.5244697656949198,3.2579999999999814,0.9987748137138003,0.2378606779299739,,,30.0,0.0,4,4.129281064442226,0,0,0,0.0,0,0,0,,0.0,30.000000000001137,46.00000000000648,0,,T11 train phase; undiscounted_return=18.8011934
t11_direct_theta_fullsafety_seed104,t11_direct_theta_fullsafety_seed104-episode-000077,RL-TEB-Direct-Theta,t11-train-clear-straight,train,104,104,t11_gazebo_formal_v1+FullSafety,e9b9a9e17ac5e7e35d95eec2a7ad7c7667049da7,true,{},,7bd16763e0c650dd14798c7b42d22c312d871906ff5cae53e5f8ed1e9de71f4f,gazebo,true,false,true,false,goal,2.5895942314030918,3.4540000000000077,1.000968797635687,0.1640238042707292,,,30.0,0.0,4,6.399520311469124,2,0,0,0.0,0,0,2,,0.0,37.50000000000853,93.50000000002012,0,,T11 train phase; undiscounted_return=17.9099612
t11_direct_theta_fullsafety_seed104,t11_direct_theta_fullsafety_seed104-episode-000078,RL-TEB-Direct-Theta,t11-train-clear-straight,train,104,104,t11_gazebo_formal_v1+FullSafety,e9b9a9e17ac5e7e35d95eec2a7ad7c7667049da7,true,{},,7bd16763e0c650dd14798c7b42d22c312d871906ff5cae53e5f8ed1e9de71f4f,gazebo,true,false,true,false,goal,2.5287408728489,3.254000000000019,1.0016011781178618,0.20411191561843117,,,30.0,0.0,4,4.271120458841326,3,0,0,0.0,0,0,3,,0.0,38.49999999999909,84.49999999999136,0,,T11 train phase; undiscounted_return=18.3260899
t11_direct_theta_fullsafety_seed104,t11_direct_theta_fullsafety_seed104-episode-000079,RL-TEB-Direct-Theta,t11-train-clear-straight,train,104,104,t11_gazebo_formal_v1+FullSafety,e9b9a9e17ac5e7e35d95eec2a7ad7c7667049da7,true,{},,7bd16763e0c650dd14798c7b42d22c312d871906ff5cae53e5f8ed1e9de71f4f,gazebo,true,false,true,false,goal,2.524911851844274,3.3520000000000323,0.9999391406680843,0.10912853785036002,,,30.0,0.0,3,2.6915911572320113,3,0,0,0.0,0,0,3,,0.0,40.00000000000151,115.33333333333455,0,,T11 train phase; undiscounted_return=17.0060932
t11_direct_theta_fullsafety_seed104,t11_direct_theta_fullsafety_seed104-episode-000080,RL-TEB-Direct-Theta,t11-train-clear-straight,train,104,104,t11_gazebo_formal_v1+FullSafety,e9b9a9e17ac5e7e35d95eec2a7ad7c7667049da7,true,{},,7bd16763e0c650dd14798c7b42d22c312d871906ff5cae53e5f8ed1e9de71f4f,gazebo,true,false,true,false,goal,2.446277567015188,3.2439999999999714,1.0015569828181579,0.15420005450042065,,,30.0,0.0,4,5.8946865547271,2,0,0,0.0,0,0,2,,0.0,36.000000000001364,91.99999999999875,0,,T11 train phase; undiscounted_return=18.0274669
t11_direct_theta_fullsafety_seed104,t11_direct_theta_fullsafety_seed104-episode-000081,RL-TEB-Direct-Theta,t11-train-clear-straight,train,104,104,t11_gazebo_formal_v1+FullSafety,e9b9a9e17ac5e7e35d95eec2a7ad7c7667049da7,true,{},,7bd16763e0c650dd14798c7b42d22c312d871906ff5cae53e5f8ed1e9de71f4f,gazebo,true,false,true,false,goal,2.558588839804256,3.3460000000000036,0.9983023667162576,0.16249160305604612,,,30.0,0.0,4,5.337477024963927,2,0,0,0.0,0,0,2,,0.0,31.00000000000591,93.99999999999409,0,,T11 train phase; undiscounted_return=18.1678031
t11_direct_theta_fullsafety_seed104,t11_direct_theta_fullsafety_seed104-episode-000082,RL-TEB-Direct-Theta,t11-train-clear-straight,train,104,104,t11_gazebo_formal_v1+FullSafety,e9b9a9e17ac5e7e35d95eec2a7ad7c7667049da7,true,{},,7bd16763e0c650dd14798c7b42d22c312d871906ff5cae53e5f8ed1e9de71f4f,gazebo,true,false,true,false,goal,2.4256175786006335,3.051999999999964,0.9994230453499247,0.16824999578473812,,,30.0,0.0,3,3.7004660149415343,0,0,0,0.0,0,0,0,,0.0,27.333333333350158,49.33333333334152,0,,T11 train phase; undiscounted_return=17.1376549
t11_direct_theta_fullsafety_seed104,t11_direct_theta_fullsafety_seed104-episode-000083,RL-TEB-Direct-Theta,t11-train-clear-straight,train,104,104,t11_gazebo_formal_v1+FullSafety,e9b9a9e17ac5e7e35d95eec2a7ad7c7667049da7,true,{},,7bd16763e0c650dd14798c7b42d22c312d871906ff5cae53e5f8ed1e9de71f4f,gazebo,true,false,true,false,goal,2.5393983046917232,3.3379999999999654,1.0013826636887122,0.13492020963940402,,,30.0,0.0,3,3.1844438612461095,0,0,0,0.0,0,0,0,,0.0,32.66666666665211,97.99999999999424,0,,T11 train phase; undiscounted_return=17.2173843
t11_direct_theta_fullsafety_seed104,t11_direct_theta_fullsafety_seed104-episode-000084,RL-TEB-Direct-Theta,t11-train-clear-straight,train,104,104,t11_gazebo_formal_v1+FullSafety,e9b9a9e17ac5e7e35d95eec2a7ad7c7667049da7,true,{},,7bd16763e0c650dd14798c7b42d22c312d871906ff5cae53e5f8ed1e9de71f4f,gazebo,true,false,true,false,goal,2.504556496466836,3.2479999999999905,1.0004146331366366,0.17357150105934552,,,30.0,0.0,4,5.929673272371295,4,0,0,0.0,0,0,4,,0.0,25.999999999982037,73.99999999998386,0,,T11 train phase; undiscounted_return=18.1874506
t11_direct_theta_fullsafety_seed104,t11_direct_theta_fullsafety_seed104-episode-000085,RL-TEB-Direct-Theta,t11-train-clear-straight,train,104,104,t11_gazebo_formal_v1+FullSafety,e9b9a9e17ac5e7e35d95eec2a7ad7c7667049da7,true,{},,7bd16763e0c650dd14798c7b42d22c312d871906ff5cae53e5f8ed1e9de71f4f,gazebo,true,false,true,false,goal,2.508457521844598,3.5300000000000296,0.9997004242977754,0.17263317867793196,,,30.0,0.0,4,6.441662230661938,2,0,0,0.0,0,0,2,,0.0,28.000000000005798,102.99999999999443,0,,T11 train phase; undiscounted_return=17.721161
t11_direct_theta_fullsafety_seed104,t11_direct_theta_fullsafety_seed104-episode-000086,RL-TEB-Direct-Theta,t11-train-clear-straight,train,104,104,t11_gazebo_formal_v1+FullSafety,e9b9a9e17ac5e7e35d95eec2a7ad7c7667049da7,true,{},,7bd16763e0c650dd14798c7b42d22c312d871906ff5cae53e5f8ed1e9de71f4f,gazebo,true,false,true,false,goal,2.574424226435263,3.4359999999999786,0.9948202049932613,0.16205484512133492,,,30.0,0.0,4,3.976747457754045,1,0,0,0.0,0,0,1,,0.0,33.50000000000364,106.49999999999693,0,,T11 train phase; undiscounted_return=18.2108615
t11_direct_theta_fullsafety_seed104,t11_direct_theta_fullsafety_seed104-episode-000087,RL-TEB-Direct-Theta,t11-train-clear-straight,train,104,104,t11_gazebo_formal_v1+FullSafety,e9b9a9e17ac5e7e35d95eec2a7ad7c7667049da7,true,{},,7bd16763e0c650dd14798c7b42d22c312d871906ff5cae53e5f8ed1e9de71f4f,gazebo,true,false,true,false,goal,2.4868709571440295,3.244000000000028,0.999210481100072,0.13359977548863067,,,30.0,0.0,3,4.829419399443128,1,0,0,0.0,0,0,1,,0.0,37.333333333341066,98.66666666666409,0,,T11 train phase; undiscounted_return=16.6111506
t11_direct_theta_fullsafety_seed104,t11_direct_theta_fullsafety_seed104-episode-000088,RL-TEB-Direct-Theta,t11-train-clear-straight,train,104,104,t11_gazebo_formal_v1+FullSafety,e9b9a9e17ac5e7e35d95eec2a7ad7c7667049da7,true,{},,7bd16763e0c650dd14798c7b42d22c312d871906ff5cae53e5f8ed1e9de71f4f,gazebo,true,false,true,false,goal,2.407294158680749,3.45799999999997,1.0035693060436037,0.15487874623385428,,,30.0,0.0,4,6.263797656978879,2,0,0,0.0,0,0,2,,0.0,28.500000000008185,81.50000000000546,0,,T11 train phase; undiscounted_return=17.2237829
t11_direct_theta_fullsafety_seed104,t11_direct_theta_fullsafety_seed104-episode-000089,RL-TEB-Direct-Theta,t11-train-clear-straight,train,104,104,t11_gazebo_formal_v1+FullSafety,e9b9a9e17ac5e7e35d95eec2a7ad7c7667049da7,true,{},,7bd16763e0c650dd14798c7b42d22c312d871906ff5cae53e5f8ed1e9de71f4f,gazebo,true,false,true,false,goal,2.5496662032936723,3.1440000000000055,1.0078161288602334,0.14711678858282035,,,30.0,0.0,3,4.279151185353598,1,0,0,0.0,0,0,1,,0.0,33.33333333332197,116.00000000000439,0,,T11 train phase; undiscounted_return=16.8956865
t11_direct_theta_fullsafety_seed104,t11_direct_theta_fullsafety_seed104-episode-000090,RL-TEB-Direct-Theta,t11-train-clear-straight,train,104,104,t11_gazebo_formal_v1+FullSafety,e9b9a9e17ac5e7e35d95eec2a7ad7c7667049da7,true,{},,7bd16763e0c650dd14798c7b42d22c312d871906ff5cae53e5f8ed1e9de71f4f,gazebo,true,false,true,false,goal,2.455401750826036,3.1579999999999586,1.0003397589258698,0.23121356145070976,,,30.0,0.0,3,1.5996421819641475,1,0,0,0.0,0,0,1,,0.0,36.000000000020314,83.33333333333333,0,,T11 train phase; undiscounted_return=17.1769342
t11_direct_theta_fullsafety_seed104,t11_direct_theta_fullsafety_seed104-episode-000091,RL-TEB-Direct-Theta,t11-train-clear-straight,train,104,104,t11_gazebo_formal_v1+FullSafety,e9b9a9e17ac5e7e35d95eec2a7ad7c7667049da7,true,{},,7bd16763e0c650dd14798c7b42d22c312d871906ff5cae53e5f8ed1e9de71f4f,gazebo,true,false,true,false,goal,2.4755249576797675,3.1440000000000055,0.9999788780317732,0.09076680794708955,,,30.0,0.0,3,3.6134215116500856,2,0,0,0.0,0,0,2,,0.0,27.33333333333121,114.6666666666647,0,,T11 train phase; undiscounted_return=16.8271615
t11_direct_theta_fullsafety_seed104,t11_direct_theta_fullsafety_seed104-episode-000092,RL-TEB-Direct-Theta,t11-train-clear-straight,train,104,104,t11_gazebo_formal_v1+FullSafety,e9b9a9e17ac5e7e35d95eec2a7ad7c7667049da7,true,{},,7bd16763e0c650dd14798c7b42d22c312d871906ff5cae53e5f8ed1e9de71f4f,gazebo,true,false,true,false,goal,2.5086644167376035,3.362000000000023,1.002481145078016,0.19133982630058954,,,30.0,0.0,4,6.26017243322872,1,0,0,0.0,0,0,1,,0.0,33.00000000000125,73.50000000000989,0,,T11 train phase; undiscounted_return=18.3726489
t11_direct_theta_fullsafety_seed104,t11_direct_theta_fullsafety_seed104-episode-000093,RL-TEB-Direct-Theta,t11-train-clear-straight,train,104,104,t11_gazebo_formal_v1+FullSafety,e9b9a9e17ac5e7e35d95eec2a7ad7c7667049da7,true,{},,7bd16763e0c650dd14798c7b42d22c312d871906ff5cae53e5f8ed1e9de71f4f,gazebo,true,false,true,false,goal,2.543970336984482,3.2600000000000477,1.0014559565949013,0.19421765476892958,,,30.0,0.0,4,5.181721998112544,1,0,0,0.0,0,0,1,,0.0,30.000000000001137,73.50000000000989,0,,T11 train phase; undiscounted_return=18.7110328
t11_direct_theta_fullsafety_seed104,t11_direct_theta_fullsafety_seed104-episode-000094,RL-TEB-Direct-Theta,t11-train-clear-straight,train,104,104,t11_gazebo_formal_v1+FullSafety,e9b9a9e17ac5e7e35d95eec2a7ad7c7667049da7,true,{},,7bd16763e0c650dd14798c7b42d22c312d871906ff5cae53e5f8ed1e9de71f4f,gazebo,true,false,true,false,goal,2.49998140929887,3.2620000000000005,0.998856381954795,0.20660689852613762,,,30.0,0.0,4,5.190427220719201,1,0,0,0.0,0,0,1,,0.0,33.999999999991815,71.50000000000034,0,,T11 train phase; undiscounted_return=18.3487052
t11_direct_theta_fullsafety_seed104,t11_direct_theta_fullsafety_seed104-episode-000095,RL-TEB-Direct-Theta,t11-train-clear-straight,train,104,104,t11_gazebo_formal_v1+FullSafety,e9b9a9e17ac5e7e35d95eec2a7ad7c7667049da7,true,{},,7bd16763e0c650dd14798c7b42d22c312d871906ff5cae53e5f8ed1e9de71f4f,gazebo,true,false,true,false,goal,2.5435256984337085,3.245999999999981,0.9985684845562115,0.1006760805397538,,,30.0,0.0,3,3.2799812595049533,0,0,0,0.0,0,0,0,,0.0,30.000000000010612,64.00000000002137,0,,T11 train phase; undiscounted_return=17.8491225
t11_direct_theta_fullsafety_seed104,t11_direct_theta_fullsafety_seed104-episode-000096,RL-TEB-Direct-Theta,t11-train-clear-straight,train,104,104,t11_gazebo_formal_v1+FullSafety,e9b9a9e17ac5e7e35d95eec2a7ad7c7667049da7,true,{},,7bd16763e0c650dd14798c7b42d22c312d871906ff5cae53e5f8ed1e9de71f4f,gazebo,true,false,true,false,goal,2.4797574183022184,3.25,1.002070076085286,0.1226939892660636,,,30.0,0.0,3,3.8835047985826234,0,0,0,0.0,0,0,0,,0.0,24.66666666665181,65.33333333332318,0,,T11 train phase; undiscounted_return=17.4807805
t11_direct_theta_fullsafety_seed104,t11_direct_theta_fullsafety_seed104-episode-000097,RL-TEB-Direct-Theta,t11-train-clear-straight,train,104,104,t11_gazebo_formal_v1+FullSafety,e9b9a9e17ac5e7e35d95eec2a7ad7c7667049da7,true,{},,7bd16763e0c650dd14798c7b42d22c312d871906ff5cae53e5f8ed1e9de71f4f,gazebo,true,false,true,false,goal,2.576864726419788,3.26400000000001,0.9998327017755783,0.19982827442312492,,,30.0,0.0,4,3.723265467655092,0,0,0,0.0,0,0,0,,0.0,33.50000000000364,83.5000000000008,0,,T11 train phase; undiscounted_return=18.7221908
t11_direct_theta_fullsafety_seed104,t11_direct_theta_fullsafety_seed104-episode-000098,RL-TEB-Direct-Theta,t11-train-clear-straight,train,104,104,t11_gazebo_formal_v1+FullSafety,e9b9a9e17ac5e7e35d95eec2a7ad7c7667049da7,true,{},,7bd16763e0c650dd14798c7b42d22c312d871906ff5cae53e5f8ed1e9de71f4f,gazebo,true,false,true,false,goal,2.4190686508149506,3.25,0.9992834902900707,0.13710786612070286,,,30.0,0.0,3,4.165280596982864,2,0,0,0.0,0,0,2,,0.0,28.000000000001062,79.33333333333319,0,,T11 train phase; undiscounted_return=16.9578589
t11_direct_theta_fullsafety_seed104,t11_direct_theta_fullsafety_seed104-episode-000099,RL-TEB-Direct-Theta,t11-train-clear-straight,train,104,104,t11_gazebo_formal_v1+FullSafety,e9b9a9e17ac5e7e35d95eec2a7ad7c7667049da7,true,{},,7bd16763e0c650dd14798c7b42d22c312d871906ff5cae53e5f8ed1e9de71f4f,gazebo,true,false,true,false,goal,2.5838341562102998,3.44399999999996,1.00150694282422,0.1454499830792055,,,30.0,0.0,4,4.976512985570091,2,0,0,0.0,0,0,2,,0.0,29.000000000010573,96.00000000001785,0,,T11 train phase; undiscounted_return=18.3569175
t11_direct_theta_fullsafety_seed104,t11_direct_theta_fullsafety_seed104-episode-000100,RL-TEB-Direct-Theta,t11-train-clear-straight,train,104,104,t11_gazebo_formal_v1+FullSafety,e9b9a9e17ac5e7e35d95eec2a7ad7c7667049da7,true,{},,7bd16763e0c650dd14798c7b42d22c312d871906ff5cae53e5f8ed1e9de71f4f,gazebo,true,false,true,false,goal,2.570125421211247,3.2379999999999995,1.0004912222690918,0.15879997941269589,,,30.0,0.0,3,2.3651629022189558,1,0,0,0.0,0,0,1,,0.0,30.66666666668046,112.00000000000425,0,,T11 train phase; undiscounted_return=17.3329683
t11_direct_theta_fullsafety_seed104,t11_direct_theta_fullsafety_seed104-episode-000101,RL-TEB-Direct-Theta,t11-train-clear-straight,train,104,104,t11_gazebo_formal_v1+FullSafety,e9b9a9e17ac5e7e35d95eec2a7ad7c7667049da7,true,{},,7bd16763e0c650dd14798c7b42d22c312d871906ff5cae53e5f8ed1e9de71f4f,gazebo,true,false,true,false,goal,2.4277890593226483,3.2660000000000196,0.9992269990133453,0.1914071346811516,,,30.0,0.0,3,4.568140929937362,2,0,0,0.0,0,0,2,,0.0,32.000000000001215,86.00000000001273,0,,T11 train phase; undiscounted_return=16.852658
t11_direct_theta_fullsafety_seed104,t11_direct_theta_fullsafety_seed104-episode-000102,RL-TEB-Direct-Theta,t11-train-clear-straight,train,104,104,t11_gazebo_formal_v1+FullSafety,e9b9a9e17ac5e7e35d95eec2a7ad7c7667049da7,true,{},,7bd16763e0c650dd14798c7b42d22c312d871906ff5cae53e5f8ed1e9de71f4f,gazebo,true,false,true,false,goal,2.5104763488300295,3.2520000000000095,1.0011057870932711,0.16167817525584374,,,30.0,0.0,3,2.606491464376449,0,0,0,0.0,0,0,0,,0.0,30.000000000010612,97.33333333336229,0,,T11 train phase; undiscounted_return=17.5148084
t11_direct_theta_fullsafety_seed104,t11_direct_theta_fullsafety_seed104-episode-000103,RL-TEB-Direct-Theta,t11-train-clear-straight,train,104,104,t11_gazebo_formal_v1+FullSafety,e9b9a9e17ac5e7e35d95eec2a7ad7c7667049da7,true,{},,7bd16763e0c650dd14798c7b42d22c312d871906ff5cae53e5f8ed1e9de71f4f,gazebo,true,false,true,false,goal,2.476392312463643,3.2539999999999623,0.998898836040027,0.14593033235911199,,,30.0,0.0,3,2.8284248195943373,1,0,0,0.0,0,0,1,,0.0,32.000000000001215,100.0000000000038,0,,T11 train phase; undiscounted_return=16.6701788
t11_direct_theta_fullsafety_seed104,t11_direct_theta_fullsafety_seed104-episode-000104,RL-TEB-Direct-Theta,t11-train-clear-straight,train,104,104,t11_gazebo_formal_v1+FullSafety,e9b9a9e17ac5e7e35d95eec2a7ad7c7667049da7,true,{},,7bd16763e0c650dd14798c7b42d22c312d871906ff5cae53e5f8ed1e9de71f4f,gazebo,true,false,true,false,goal,2.46228055099664,3.3460000000000036,1.0007951413377296,0.33833187782003643,,,30.0,0.0,4,3.6810132219677882,0,0,0,0.0,0,0,0,,0.0,31.999999999996476,104.5000000000158,0,,T11 train phase; undiscounted_return=17.8589166
t11_direct_theta_fullsafety_seed104,t11_direct_theta_fullsafety_seed104-episode-000105,RL-TEB-Direct-Theta,t11-train-clear-straight,train,104,104,t11_gazebo_formal_v1+FullSafety,e9b9a9e17ac5e7e35d95eec2a7ad7c7667049da7,true,{},,7bd16763e0c650dd14798c7b42d22c312d871906ff5cae53e5f8ed1e9de71f4f,gazebo,true,false,true,false,goal,2.4767273693537635,3.151999999999987,1.0002340093949278,0.14019230086471554,,,30.0,0.0,3,3.820406142302922,0,0,0,0.0,0,0,0,,0.0,40.66666666667137,95.33333333333378,0,,T11 train phase; undiscounted_return=17.4994461
t11_direct_theta_fullsafety_seed104,t11_direct_theta_fullsafety_seed104-episode-000106,RL-TEB-Direct-Theta,t11-train-clear-straight,train,104,104,t11_gazebo_formal_v1+FullSafety,e9b9a9e17ac5e7e35d95eec2a7ad7c7667049da7,true,{},,7bd16763e0c650dd14798c7b42d22c312d871906ff5cae53e5f8ed1e9de71f4f,gazebo,true,false,true,false,goal,2.522792667152174,3.146000000000015,0.9993003745033898,0.14736851084594518,,,30.0,0.0,3,2.4189624232905254,0,0,0,0.0,0,0,0,,0.0,39.99999999998257,110.00000000001364,0,,T11 train phase; undiscounted_return=17.3214752
t11_direct_theta_fullsafety_seed104,t11_direct_theta_fullsafety_seed104-episode-000107,RL-TEB-Direct-Theta,t11-train-clear-straight,train,104,104,t11_gazebo_formal_v1+FullSafety,e9b9a9e17ac5e7e35d95eec2a7ad7c7667049da7,true,{},,7bd16763e0c650dd14798c7b42d22c312d871906ff5cae53e5f8ed1e9de71f4f,gazebo,true,false,true,false,goal,2.420005755196505,3.2520000000000095,0.9988000835573347,0.22420037343482088,,,30.0,0.0,4,5.403226988088518,4,0,0,0.0,0,0,4,,0.0,31.999999999996476,83.49999999998658,0,,T11 train phase; undiscounted_return=17.885544
t11_direct_theta_fullsafety_seed104,t11_direct_theta_fullsafety_seed104-episode-000108,RL-TEB-Direct-Theta,t11-train-clear-straight,train,104,104,t11_gazebo_formal_v1+FullSafety,e9b9a9e17ac5e7e35d95eec2a7ad7c7667049da7,true,{},,7bd16763e0c650dd14798c7b42d22c312d871906ff5cae53e5f8ed1e9de71f4f,gazebo,true,false,true,false,goal,2.4796951586726146,4.052000000000021,0.999545842820275,0.24454792866409722,,,30.0,0.0,4,6.284398752450945,2,0,0,0.0,0,0,2,,0.0,30.000000000001137,70.00000000000739,0,,T11 train phase; undiscounted_return=16.6841995
t11_direct_theta_fullsafety_seed104,t11_direct_theta_fullsafety_seed104-episode-000109,RL-TEB-Direct-Theta,t11-train-clear-straight,train,104,104,t11_gazebo_formal_v1+FullSafety,e9b9a9e17ac5e7e35d95eec2a7ad7c7667049da7,true,{},,7bd16763e0c650dd14798c7b42d22c312d871906ff5cae53e5f8ed1e9de71f4f,gazebo,true,false,true,false,goal,2.5659624532489627,3.2439999999999714,0.9976871215775023,0.15719411514483012,,,30.0,0.0,3,4.963217850526173,1,0,0,0.0,0,0,1,,0.0,34.66666666668061,131.33333333333516,0,,T11 train phase; undiscounted_return=17.0016749
t11_direct_theta_fullsafety_seed104,t11_direct_theta_fullsafety_seed104-episode-000110,RL-TEB-Direct-Theta,t11-train-clear-straight,train,104,104,t11_gazebo_formal_v1+FullSafety,e9b9a9e17ac5e7e35d95eec2a7ad7c7667049da7,true,{},,7bd16763e0c650dd14798c7b42d22c312d871906ff5cae53e5f8ed1e9de71f4f,gazebo,true,false,true,false,goal,2.4768667147794012,3.156000000000006,1.0000733635719938,0.1311553466084035,,,30.0,0.0,3,2.924475666171029,0,0,0,0.0,0,0,0,,0.0,32.000000000001215,121.3333333333253,0,,T11 train phase; undiscounted_return=17.0496487
t11_direct_theta_fullsafety_seed104,t11_direct_theta_fullsafety_seed104-episode-000111,RL-TEB-Direct-Theta,t11-train-clear-straight,train,104,104,t11_gazebo_formal_v1+FullSafety,e9b9a9e17ac5e7e35d95eec2a7ad7c7667049da7,true,{},,7bd16763e0c650dd14798c7b42d22c312d871906ff5cae53e5f8ed1e9de71f4f,gazebo,true,false,true,false,goal,2.5882678450015044,3.259999999999991,1.0012155809489258,0.13167649847583485,,,30.0,0.0,3,3.351496783892314,1,0,0,0.0,0,0,1,,0.0,36.66666666669016,116.66666666667425,0,,T11 train phase; undiscounted_return=17.4532485
t11_direct_theta_fullsafety_seed104,t11_direct_theta_fullsafety_seed104-episode-000112,RL-TEB-Direct-Theta,t11-train-clear-straight,train,104,104,t11_gazebo_formal_v1+FullSafety,e9b9a9e17ac5e7e35d95eec2a7ad7c7667049da7,true,{},,7bd16763e0c650dd14798c7b42d22c312d871906ff5cae53e5f8ed1e9de71f4f,gazebo,true,false,true,false,goal,2.4376381504954954,3.2520000000000095,0.9989734138419215,0.2373831550953186,,,30.0,0.0,3,2.933950148026148,2,0,0,0.0,0,0,2,,0.0,30.666666666642566,67.33333333333273,0,,T11 train phase; undiscounted_return=17.3288078
t11_direct_theta_fullsafety_seed104,t11_direct_theta_fullsafety_seed104-episode-000113,RL-TEB-Direct-Theta,t11-train-clear-straight,train,104,104,t11_gazebo_formal_v1+FullSafety,e9b9a9e17ac5e7e35d95eec2a7ad7c7667049da7,true,{},,7bd16763e0c650dd14798c7b42d22c312d871906ff5cae53e5f8ed1e9de71f4f,gazebo,true,false,true,false,goal,2.4871399865377253,3.1619999999999777,1.0018255671970349,0.1624334800906811,,,30.0,0.0,3,3.2292462195668916,2,0,0,0.0,0,0,2,,0.0,32.000000000001215,97.99999999999424,0,,T11 train phase; undiscounted_return=17.1160934
t11_direct_theta_fullsafety_seed104,t11_direct_theta_fullsafety_seed104-episode-000114,RL-TEB-Direct-Theta,t11-train-clear-straight,train,104,104,t11_gazebo_formal_v1+FullSafety,e9b9a9e17ac5e7e35d95eec2a7ad7c7667049da7,true,{},,7bd16763e0c650dd14798c7b42d22c312d871906ff5cae53e5f8ed1e9de71f4f,gazebo,true,false,true,false,goal,2.5126273742548655,3.348000000000013,0.9990754272206764,0.11161812397279126,,,30.0,0.0,3,3.920679123344875,2,0,0,0.0,0,0,2,,0.0,27.333333333312265,101.33333333330559,0,,T11 train phase; undiscounted_return=16.9933955
t11_direct_theta_fullsafety_seed104,t11_direct_theta_fullsafety_seed104-episode-000115,RL-TEB-Direct-Theta,t11-train-clear-straight,train,104,104,t11_gazebo_formal_v1+FullSafety,e9b9a9e17ac5e7e35d95eec2a7ad7c7667049da7,true,{},,7bd16763e0c650dd14798c7b42d22c312d871906ff5cae53e5f8ed1e9de71f4f,gazebo,true,false,true,false,goal,2.4894438036702464,3.3619999999999663,0.9996922152672845,0.24384123972541963,,,30.0,0.0,4,5.315635254553388,2,0,0,0.0,0,0,2,,0.0,28.500000000008185,48.00000000000182,0,,T11 train phase; undiscounted_return=18.5158829
t11_direct_theta_fullsafety_seed104,t11_direct_theta_fullsafety_seed104-episode-000116,RL-TEB-Direct-Theta,t11-train-clear-straight,train,104,104,t11_gazebo_formal_v1+FullSafety,e9b9a9e17ac5e7e35d95eec2a7ad7c7667049da7,true,{},,7bd16763e0c650dd14798c7b42d22c312d871906ff5cae53e5f8ed1e9de71f4f,gazebo,true,false,true,false,goal,2.543022179290524,3.2479999999999905,1.0008356727795318,0.18951296969675954,,,30.0,0.0,4,5.663494512580689,0,0,0,0.0,0,0,0,,0.0,27.000000000001023,92.00000000001296,0,,T11 train phase; undiscounted_return=18.1455692
t11_direct_theta_fullsafety_seed104,t11_direct_theta_fullsafety_seed104-episode-000117,RL-TEB-Direct-Theta,t11-train-clear-straight,train,104,104,t11_gazebo_formal_v1+FullSafety,e9b9a9e17ac5e7e35d95eec2a7ad7c7667049da7,true,{},,7bd16763e0c650dd14798c7b42d22c312d871906ff5cae53e5f8ed1e9de71f4f,gazebo,true,false,true,false,goal,2.5990494852994557,3.358000000000004,0.9998558813310352,0.10515928442807179,,,30.0,0.0,3,5.35738738349506,0,0,0,0.0,0,0,0,,0.0,37.999999999991964,137.33333333330697,0,,T11 train phase; undiscounted_return=16.9254864
t11_direct_theta_fullsafety_seed104,t11_direct_theta_fullsafety_seed104-episode-000118,RL-TEB-Direct-Theta,t11-train-clear-straight,train,104,104,t11_gazebo_formal_v1+FullSafety,e9b9a9e17ac5e7e35d95eec2a7ad7c7667049da7,true,{},,7bd16763e0c650dd14798c7b42d22c312d871906ff5cae53e5f8ed1e9de71f4f,gazebo,true,false,true,false,goal,2.5177050818220863,3.3640000000000327,1.0033318676936167,0.1998301363457763,,,30.0,0.0,4,4.487540201346079,1,0,0,0.0,0,0,1,,0.0,28.499999999993975,60.99999999999284,0,,T11 train phase; undiscounted_return=18.6191873
t11_direct_theta_fullsafety_seed104,t11_direct_theta_fullsafety_seed104-episode-000119,RL-TEB-Direct-Theta,t11-train-clear-straight,train,104,104,t11_gazebo_formal_v1+FullSafety,e9b9a9e17ac5e7e35d95eec2a7ad7c7667049da7,true,{},,7bd16763e0c650dd14798c7b42d22c312d871906ff5cae53e5f8ed1e9de71f4f,gazebo,true,false,true,false,goal,2.488544529748813,3.55600000000004,1.0006604144092377,0.16950803361005184,,,30.0,0.0,4,6.993832292443229,2,0,0,0.0,0,0,2,,0.0,31.000000000020123,83.00000000002683,0,,T11 train phase; undiscounted_return=17.5335285
t11_direct_theta_fullsafety_seed104,t11_direct_theta_fullsafety_seed104-episode-000120,RL-TEB-Direct-Theta,t11-train-clear-straight,train,104,104,t11_gazebo_formal_v1+FullSafety,e9b9a9e17ac5e7e35d95eec2a7ad7c7667049da7,true,{},,7bd16763e0c650dd14798c7b42d22c312d871906ff5cae53e5f8ed1e9de71f4f,gazebo,true,false,true,false,goal,2.5575034460406116,3.3559999999999945,0.9993799323039612,0.14447948112448197,,,30.0,0.0,3,4.219537094944998,1,0,0,0.0,0,0,1,,0.0,32.000000000001215,113.33333333334394,0,,T11 train phase; undiscounted_return=17.1635403
t11_direct_theta_fullsafety_seed104,t11_direct_theta_fullsafety_seed104-episode-000121,RL-TEB-Direct-Theta,t11-train-clear-straight,train,104,104,t11_gazebo_formal_v1+FullSafety,e9b9a9e17ac5e7e35d95eec2a7ad7c7667049da7,true,{},,7bd16763e0c650dd14798c7b42d22c312d871906ff5cae53e5f8ed1e9de71f4f,gazebo,true,false,true,false,goal,2.4318270050788575,3.1660000000000537,1.0006767712245659,0.1345465416460266,,,30.0,0.0,3,3.7721075282210395,2,0,0,0.0,0,0,2,,0.0,36.66666666663332,99.99999999998484,0,,T11 train phase; undiscounted_return=17.079902
t11_direct_theta_fullsafety_seed104,t11_direct_theta_fullsafety_seed104-episode-000122,RL-TEB-Direct-Theta,t11-train-clear-straight,train,104,104,t11_gazebo_formal_v1+FullSafety,e9b9a9e17ac5e7e35d95eec2a7ad7c7667049da7,true,{},,7bd16763e0c650dd14798c7b42d22c312d871906ff5cae53e5f8ed1e9de71f4f,gazebo,true,false,true,false,goal,2.425728770665109,3.358000000000061,0.9986888921959878,0.2919281074035002,,,30.0,0.0,4,3.811381208896637,2,0,0,0.0,0,0,2,,0.0,30.00000000002956,82.50000000001023,0,,T11 train phase; undiscounted_return=17.810237
t11_direct_theta_fullsafety_seed104,t11_direct_theta_fullsafety_seed104-episode-000123,RL-TEB-Direct-Theta,t11-train-clear-straight,train,104,104,t11_gazebo_formal_v1+FullSafety,e9b9a9e17ac5e7e35d95eec2a7ad7c7667049da7,true,{},,7bd16763e0c650dd14798c7b42d22c312d871906ff5cae53e5f8ed1e9de71f4f,gazebo,true,false,true,false,goal,2.4114869963268735,3.05600000000004,0.9984177825087203,0.17728384708981182,,,30.0,0.0,3,1.9627818763256077,0,0,0,0.0,0,0,0,,0.0,36.66666666667121,130.66666666668425,0,,T11 train phase; undiscounted_return=17.33614
t11_direct_theta_fullsafety_seed104,t11_direct_theta_fullsafety_seed104-episode-000124,RL-TEB-Direct-Theta,t11-train-clear-straight,train,104,104,t11_gazebo_formal_v1+FullSafety,e9b9a9e17ac5e7e35d95eec2a7ad7c7667049da7,true,{},,7bd16763e0c650dd14798c7b42d22c312d871906ff5cae53e5f8ed1e9de71f4f,gazebo,true,false,true,false,goal,2.4849597595089192,3.7379999999999427,1.0007971436443432,0.2711282766449435,,,30.0,0.0,4,3.9885995095684423,1,0,0,0.0,0,0,1,,0.0,35.50000000001319,94.99999999999886,0,,T11 train phase; undiscounted_return=16.8345131
t11_direct_theta_fullsafety_seed104,t11_direct_theta_fullsafety_seed104-episode-000125,RL-TEB-Direct-Theta,t11-train-clear-straight,train,104,104,t11_gazebo_formal_v1+FullSafety,e9b9a9e17ac5e7e35d95eec2a7ad7c7667049da7,true,{},,7bd16763e0c650dd14798c7b42d22c312d871906ff5cae53e5f8ed1e9de71f4f,gazebo,true,false,true,false,goal,2.4180881407004273,3.0399999999999636,1.0022449298005935,0.22253252835769172,,,30.0,0.0,3,1.3461616323107761,0,0,0,0.0,0,0,0,,0.0,27.999999999982112,79.33333333331423,0,,T11 train phase; undiscounted_return=16.8993931
t11_direct_theta_fullsafety_seed104,t11_direct_theta_fullsafety_seed104-episode-000126,RL-TEB-Direct-Theta,t11-train-clear-straight,train,104,104,t11_gazebo_formal_v1+FullSafety,e9b9a9e17ac5e7e35d95eec2a7ad7c7667049da7,true,{},,7bd16763e0c650dd14798c7b42d22c312d871906ff5cae53e5f8ed1e9de71f4f,gazebo,true,false,true,false,goal,2.440965949965013,3.1499999999999773,0.9987454818879664,0.12765713631272424,,,30.0,0.0,3,4.099179884365627,1,0,0,0.0,0,0,1,,0.0,29.333333333321814,65.33333333338003,0,,T11 train phase; undiscounted_return=17.4124967
t11_direct_theta_fullsafety_seed104,t11_direct_theta_fullsafety_seed104-episode-000127,RL-TEB-Direct-Theta,t11-train-clear-straight,train,104,104,t11_gazebo_formal_v1+FullSafety,e9b9a9e17ac5e7e35d95eec2a7ad7c7667049da7,true,{},,7bd16763e0c650dd14798c7b42d22c312d871906ff5cae53e5f8ed1e9de71f4f,gazebo,true,false,true,false,goal,2.4051970583587776,3.1499999999999773,0.9999728495823662,0.2114660515751625,,,30.0,0.0,4,5.644893274704616,3,0,0,0.0,0,0,3,,0.0,26.00000000001046,68.50000000002865,0,,T11 train phase; undiscounted_return=18.0614688
t11_direct_theta_fullsafety_seed104,t11_direct_theta_fullsafety_seed104-episode-000128,RL-TEB-Direct-Theta,t11-train-clear-straight,train,104,104,t11_gazebo_formal_v1+FullSafety,e9b9a9e17ac5e7e35d95eec2a7ad7c7667049da7,true,{},,7bd16763e0c650dd14798c7b42d22c312d871906ff5cae53e5f8ed1e9de71f4f,gazebo,true,false,true,false,goal,2.5625993181562645,3.245999999999981,0.9985162176426317,0.23952105907996082,,,30.0,0.0,4,4.575994719493958,1,0,0,0.0,0,0,1,,0.0,31.499999999965667,82.99999999996999,0,,T11 train phase; undiscounted_return=18.3490327
t11_direct_theta_fullsafety_seed104,t11_direct_theta_fullsafety_seed104-episode-000129,RL-TEB-Direct-Theta,t11-train-clear-straight,train,104,104,t11_gazebo_formal_v1+FullSafety,e9b9a9e17ac5e7e35d95eec2a7ad7c7667049da7,true,{},,7bd16763e0c650dd14798c7b42d22c312d871906ff5cae53e5f8ed1e9de71f4f,gazebo,true,false,true,false,goal,2.534280567919349,3.4580000000000837,1.0000215759879294,0.21776830269846742,,,30.0,0.0,4,6.160399881714866,1,0,0,0.0,0,0,1,,0.0,36.49999999998954,108.49999999999227,0,,T11 train phase; undiscounted_return=17.7882243
t11_direct_theta_fullsafety_seed104,t11_direct_theta_fullsafety_seed104-episode-000130,RL-TEB-Direct-Theta,t11-train-clear-straight,train,104,104,t11_gazebo_formal_v1+FullSafety,e9b9a9e17ac5e7e35d95eec2a7ad7c7667049da7,true,{},,7bd16763e0c650dd14798c7b42d22c312d871906ff5cae53e5f8ed1e9de71f4f,gazebo,true,false,true,false,goal,2.4857370153603777,3.245999999999981,0.9975126656209868,0.11725393255500376,,,30.0,0.0,3,3.2662998616695407,1,0,0,0.0,0,0,1,,0.0,27.999999999982112,79.99999999996514,0,,T11 train phase; undiscounted_return=17.2651141
t11_direct_theta_fullsafety_seed104,t11_direct_theta_fullsafety_seed104-episode-000131,RL-TEB-Direct-Theta,t11-train-clear-straight,train,104,104,t11_gazebo_formal_v1+FullSafety,e9b9a9e17ac5e7e35d95eec2a7ad7c7667049da7,true,{},,7bd16763e0c650dd14798c7b42d22c312d871906ff5cae53e5f8ed1e9de71f4f,gazebo,true,false,true,false,goal,2.470822766583302,3.3559999999999945,0.9986976189052019,0.16916468270167637,,,30.0,0.0,4,6.792506817125139,3,0,0,0.0,0,0,3,,0.0,28.500000000036607,71.50000000004297,0,,T11 train phase; undiscounted_return=17.9353095
t11_direct_theta_fullsafety_seed104,t11_direct_theta_fullsafety_seed104-episode-000132,RL-TEB-Direct-Theta,t11-train-clear-straight,train,104,104,t11_gazebo_formal_v1+FullSafety,e9b9a9e17ac5e7e35d95eec2a7ad7c7667049da7,true,{},,7bd16763e0c650dd14798c7b42d22c312d871906ff5cae53e5f8ed1e9de71f4f,gazebo,true,false,true,false,goal,2.5664723430629697,3.66599999999994,0.9995670974541593,0.27849556351644056,,,30.0,0.0,4,5.294804718948545,2,0,0,0.0,0,0,2,,0.0,29.000000000024784,62.00000000001182,0,,T11 train phase; undiscounted_return=17.8527414
t11_direct_theta_fullsafety_seed104,t11_direct_theta_fullsafety_seed104-episode-000133,RL-TEB-Direct-Theta,t11-train-clear-straight,train,104,104,t11_gazebo_formal_v1+FullSafety,e9b9a9e17ac5e7e35d95eec2a7ad7c7667049da7,true,{},,7bd16763e0c650dd14798c7b42d22c312d871906ff5cae53e5f8ed1e9de71f4f,gazebo,true,false,true,false,goal,2.5030053643816133,3.258000000000038,1.0020407271558192,0.2061796749277699,,,30.0,0.0,4,5.517707408609843,0,0,0,0.0,0,0,0,,0.0,31.00000000000591,83.500000000015,0,,T11 train phase; undiscounted_return=18.3196015
t11_direct_theta_fullsafety_seed104,t11_direct_theta_fullsafety_seed104-episode-000134,RL-TEB-Direct-Theta,t11-train-clear-straight,train,104,104,t11_gazebo_formal_v1+FullSafety,e9b9a9e17ac5e7e35d95eec2a7ad7c7667049da7,true,{},,7bd16763e0c650dd14798c7b42d22c312d871906ff5cae53e5f8ed1e9de71f4f,gazebo,true,false,true,false,goal,2.5190338812086264,3.6620000000000346,1.0004428459390655,0.3027257647345385,,,30.0,0.0,4,5.06954030933834,3,0,0,0.0,0,0,3,,0.0,32.99999999998704,96.00000000000364,0,,T11 train phase; undiscounted_return=17.5259419
t11_direct_theta_fullsafety_seed104,t11_direct_theta_fullsafety_seed104-episode-000135,RL-TEB-Direct-Theta,t11-train-clear-straight,train,104,104,t11_gazebo_formal_v1+FullSafety,e9b9a9e17ac5e7e35d95eec2a7ad7c7667049da7,true,{},,7bd16763e0c650dd14798c7b42d22c312d871906ff5cae53e5f8ed1e9de71f4f,gazebo,true,false,true,false,goal,2.543577417185236,3.3500000000000227,0.9989604868407596,0.13292793578902432,,,30.0,0.0,3,3.661829579160327,0,0,0,0.0,0,0,0,,0.0,30.666666666661513,97.33333333334333,0,,T11 train phase; undiscounted_return=17.2825775
t11_direct_theta_fullsafety_seed104,t11_direct_theta_fullsafety_seed104-episode-000136,RL-TEB-Direct-Theta,t11-train-clear-straight,train,104,104,t11_gazebo_formal_v1+FullSafety,e9b9a9e17ac5e7e35d95eec2a7ad7c7667049da7,true,{},,7bd16763e0c650dd14798c7b42d22c312d871906ff5cae53e5f8ed1e9de71f4f,gazebo,true,false,true,false,goal,2.5994522760359726,3.4600000000000364,0.9993770544931067,0.21590252152030057,,,30.0,0.0,4,6.424467017820906,1,0,0,0.0,0,0,1,,0.0,26.99999999995839,46.50000000000887,0,,T11 train phase; undiscounted_return=18.7790091
t11_direct_theta_fullsafety_seed104,t11_direct_theta_fullsafety_seed104-episode-000137,RL-TEB-Direct-Theta,t11-train-clear-straight,train,104,104,t11_gazebo_formal_v1+FullSafety,e9b9a9e17ac5e7e35d95eec2a7ad7c7667049da7,true,{},,7bd16763e0c650dd14798c7b42d22c312d871906ff5cae53e5f8ed1e9de71f4f,gazebo,true,false,true,false,goal,2.5453475005584347,3.3619999999999663,1.000628467330347,0.24920888268024277,,,30.0,0.0,4,4.0406460980574295,1,0,0,0.0,0,0,1,,0.0,32.00000000001069,70.99999999999795,0,,T11 train phase; undiscounted_return=18.3084335
t11_direct_theta_fullsafety_seed104,t11_direct_theta_fullsafety_seed104-episode-000138,RL-TEB-Direct-Theta,t11-train-clear-straight,train,104,104,t11_gazebo_formal_v1+FullSafety,e9b9a9e17ac5e7e35d95eec2a7ad7c7667049da7,true,{},,7bd16763e0c650dd14798c7b42d22c312d871906ff5cae53e5f8ed1e9de71f4f,gazebo,true,false,true,false,goal,2.5891223018159084,3.4500000000000455,1.0028184685080883,0.15956622089745356,,,30.0,0.0,4,6.8032598804859905,3,0,0,0.0,0,0,3,,0.0,34.000000000020236,95.50000000001546,0,,T11 train phase; undiscounted_return=18.4479265
t11_direct_theta_fullsafety_seed104,t11_direct_theta_fullsafety_seed104-episode-000139,RL-TEB-Direct-Theta,t11-train-clear-straight,train,104,104,t11_gazebo_formal_v1+FullSafety,e9b9a9e17ac5e7e35d95eec2a7ad7c7667049da7,true,{},,7bd16763e0c650dd14798c7b42d22c312d871906ff5cae53e5f8ed1e9de71f4f,gazebo,true,false,true,false,goal,2.410120559493748,3.3599999999999,0.9978220740035559,0.1527745888060329,,,30.0,0.0,4,6.596113614241282,2,0,0,0.0,0,0,2,,0.0,30.499999999989313,71.49999999998613,0,,T11 train phase; undiscounted_return=17.8494642
t11_direct_theta_fullsafety_seed104,t11_direct_theta_fullsafety_seed104-episode-000140,RL-TEB-Direct-Theta,t11-train-clear-straight,train,104,104,t11_gazebo_formal_v1+FullSafety,e9b9a9e17ac5e7e35d95eec2a7ad7c7667049da7,true,{},,7bd16763e0c650dd14798c7b42d22c312d871906ff5cae53e5f8ed1e9de71f4f,gazebo,true,false,true,false,goal,2.4323267626777287,3.2479999999999336,1.000003810569381,0.11267395722656257,,,30.0,0.0,3,3.529733604760398,3,0,0,0.0,0,0,3,,0.0,35.33333333333152,97.99999999999424,0,,T11 train phase; undiscounted_return=17.1231082
t11_direct_theta_fullsafety_seed104,t11_direct_theta_fullsafety_seed104-episode-000141,RL-TEB-Direct-Theta,t11-train-clear-straight,train,104,104,t11_gazebo_formal_v1+FullSafety,e9b9a9e17ac5e7e35d95eec2a7ad7c7667049da7,true,{},,7bd16763e0c650dd14798c7b42d22c312d871906ff5cae53e5f8ed1e9de71f4f,gazebo,false,false,false,true,operator_stop,1.9311406998082332,1.802000000000021,1.3407459798958996,0.22047660604966718,,,30.0,0.0,3,3.5080913469904944,0,0,0,0.0,0,0,0,,0.0,29.333333333321814,52.66666666659603,0,,T11 train phase; undiscounted_return=6.86428918
t11_direct_theta_fullsafety_seed104,t11_direct_theta_fullsafety_seed104-episode-000142,RL-TEB-Direct-Theta,t11-validation-clear-offset,validation,104,301,t11_gazebo_formal_v1+FullSafety,e9b9a9e17ac5e7e35d95eec2a7ad7c7667049da7,true,{},9ebee0d86f2610d847776bf65c03f01919a52d39f7a685c62376cd61f8350fc6,7bd16763e0c650dd14798c7b42d22c312d871906ff5cae53e5f8ed1e9de71f4f,gazebo,true,false,true,false,goal,2.8200273514975502,3.461999999999989,0.9963178340780916,0.22442253862647413,,,30.0,0.0,4,0.5981127074786586,0,0,0,0.0,0,0,0,,1.1601007490753545,34.50000000000841,60.50000000001887,0,,T11 validation phase; undiscounted_return=19.7417027
t11_direct_theta_fullsafety_seed104,t11_direct_theta_fullsafety_seed104-episode-000143,RL-TEB-Direct-Theta,t11-validation-obstacle-offset,validation,104,301,t11_gazebo_formal_v1+FullSafety,e9b9a9e17ac5e7e35d95eec2a7ad7c7667049da7,true,{},9ebee0d86f2610d847776bf65c03f01919a52d39f7a685c62376cd61f8350fc6,7bd16763e0c650dd14798c7b42d22c312d871906ff5cae53e5f8ed1e9de71f4f,gazebo,false,false,true,false,emergency_stop,1.1181933729674618,1.9260000000000446,4.534072183701692,0.17438373733476947,,,0.6468665570113703,0.0,4,0.648701995611191,0,2,0,0.0,0,0,0,,1.3059102511761012,20.000000000010232,58.50000000000932,0,,T11 validation phase; undiscounted_return=3.51362187
t11_direct_theta_fullsafety_seed104,t11_direct_theta_fullsafety_seed104-episode-000144,RL-TEB-Direct-Theta,t11-validation-corridor,validation,104,301,t11_gazebo_formal_v1+FullSafety,e9b9a9e17ac5e7e35d95eec2a7ad7c7667049da7,true,{},9ebee0d86f2610d847776bf65c03f01919a52d39f7a685c62376cd61f8350fc6,7bd16763e0c650dd14798c7b42d22c312d871906ff5cae53e5f8ed1e9de71f4f,gazebo,false,false,true,false,emergency_stop,0.028002740048192094,0.11799999999993815,159.55947899292917,0.0,,,0.5251940535320543,0.0,1,0.0,0,1,0,0.0,0,0,0,,1.4649199983978178,0.0,0.0,0,,T11 validation phase; undiscounted_return=0
t11_direct_theta_fullsafety_seed104,t11_direct_theta_fullsafety_seed104-episode-000146,RL-TEB-Direct-Theta,t11-validation-clear-offset,validation,104,301,t11_gazebo_formal_v1+FullSafety,e9b9a9e17ac5e7e35d95eec2a7ad7c7667049da7,true,{},9ebee0d86f2610d847776bf65c03f01919a52d39f7a685c62376cd61f8350fc6,7bd16763e0c650dd14798c7b42d22c312d871906ff5cae53e5f8ed1e9de71f4f,gazebo,true,false,true,false,goal,2.8134999838042556,3.4560000000000173,0.9986293083556287,0.21885474622457984,,,30.0,0.0,4,0.7011476794878639,4,0,0,0.0,0,0,4,,1.2909137503811507,32.00000000001069,82.99999999999841,0,,T11 validation phase; undiscounted_return=19.1880499
t11_direct_theta_fullsafety_seed104,t11_direct_theta_fullsafety_seed104-episode-000147,RL-TEB-Direct-Theta,t11-validation-obstacle-offset,validation,104,301,t11_gazebo_formal_v1+FullSafety,e9b9a9e17ac5e7e35d95eec2a7ad7c7667049da7,true,{},9ebee0d86f2610d847776bf65c03f01919a52d39f7a685c62376cd61f8350fc6,7bd16763e0c650dd14798c7b42d22c312d871906ff5cae53e5f8ed1e9de71f4f,gazebo,false,false,true,false,emergency_stop,0.7138918974799717,1.3319999999999936,7.10187282734019,0.15664179963194289,,,0.9658116827889324,0.0,3,0.5588541289170581,1,1,0,0.0,0,0,1,,1.4640686664885532,24.66666666665181,39.333333333312716,0,,T11 validation phase; undiscounted_return=2.38731085
t11_direct_theta_fullsafety_seed104,t11_direct_theta_fullsafety_seed104-episode-000148,RL-TEB-Direct-Theta,t11-validation-corridor,validation,104,301,t11_gazebo_formal_v1+FullSafety,e9b9a9e17ac5e7e35d95eec2a7ad7c7667049da7,true,{},9ebee0d86f2610d847776bf65c03f01919a52d39f7a685c62376cd61f8350fc6,7bd16763e0c650dd14798c7b42d22c312d871906ff5cae53e5f8ed1e9de71f4f,gazebo,false,false,true,false,emergency_stop,0.4853984494697559,0.7019999999999982,9.205020364908192,0.1877071061595968,,,0.4868066455383925,0.0,2,0.6257746074880872,0,1,0,0.0,0,0,0,,1.0663845005183248,14.999999999986358,24.00000000000091,0,,T11 validation phase; undiscounted_return=1.73971769
t11_direct_theta_fullsafety_seed104,t11_direct_theta_fullsafety_seed104-episode-000150,RL-TEB-Direct-Theta,t11-validation-clear-offset,validation,104,301,t11_gazebo_formal_v1+FullSafety,e9b9a9e17ac5e7e35d95eec2a7ad7c7667049da7,true,{},9ebee0d86f2610d847776bf65c03f01919a52d39f7a685c62376cd61f8350fc6,7bd16763e0c650dd14798c7b42d22c312d871906ff5cae53e5f8ed1e9de71f4f,gazebo,true,false,true,false,goal,2.813261293130216,3.447999999999979,0.9987140368887761,0.20643343881592002,,,30.0,0.0,4,1.106014531850814,4,0,0,0.0,0,0,4,,1.2429887501639314,27.49999999997499,58.50000000000932,0,,T11 validation phase; undiscounted_return=19.2486656
t11_direct_theta_fullsafety_seed104,t11_direct_theta_fullsafety_seed104-episode-000151,RL-TEB-Direct-Theta,t11-validation-obstacle-offset,validation,104,301,t11_gazebo_formal_v1+FullSafety,e9b9a9e17ac5e7e35d95eec2a7ad7c7667049da7,true,{},9ebee0d86f2610d847776bf65c03f01919a52d39f7a685c62376cd61f8350fc6,7bd16763e0c650dd14798c7b42d22c312d871906ff5cae53e5f8ed1e9de71f4f,gazebo,false,false,true,false,emergency_stop,0.5619235785814534,1.3260000000000218,9.022524879931561,0.25946736443891294,,,1.1226173608367773,0.0,3,0.7309146106243133,2,1,0,0.0,0,0,2,,1.310093666688772,20.000000000019707,48.66666666669062,0,,T11 validation phase; undiscounted_return=1.76128019
t11_direct_theta_fullsafety_seed104,t11_direct_theta_fullsafety_seed104-episode-000152,RL-TEB-Direct-Theta,t11-validation-corridor,validation,104,301,t11_gazebo_formal_v1+FullSafety,e9b9a9e17ac5e7e35d95eec2a7ad7c7667049da7,true,{},9ebee0d86f2610d847776bf65c03f01919a52d39f7a685c62376cd61f8350fc6,7bd16763e0c650dd14798c7b42d22c312d871906ff5cae53e5f8ed1e9de71f4f,gazebo,false,false,true,false,emergency_stop,0.054775527414239494,0.19400000000007367,81.57114725110672,0.0,,,0.5210855795479072,0.0,1,0.0,0,1,0,0.0,0,0,0,,1.9121600016660523,0.0,0.0,0,,T11 validation phase; undiscounted_return=0
t11_direct_theta_fullsafety_seed104,t11_direct_theta_fullsafety_seed104-episode-000154,RL-TEB-Direct-Theta,t11-validation-clear-offset,validation,104,301,t11_gazebo_formal_v1+FullSafety,e9b9a9e17ac5e7e35d95eec2a7ad7c7667049da7,true,{},9ebee0d86f2610d847776bf65c03f01919a52d39f7a685c62376cd61f8350fc6,7bd16763e0c650dd14798c7b42d22c312d871906ff5cae53e5f8ed1e9de71f4f,gazebo,true,false,true,false,goal,2.8144404602321855,3.4559999999999036,0.9982956053201518,0.21084181083864104,,,30.0,0.0,4,1.2520670482090546,4,0,0,0.0,0,0,4,,1.1929822494494147,34.99999999999659,70.99999999999795,0,,T11 validation phase; undiscounted_return=19.2554148
t11_direct_theta_fullsafety_seed104,t11_direct_theta_fullsafety_seed104-episode-000155,RL-TEB-Direct-Theta,t11-validation-obstacle-offset,validation,104,301,t11_gazebo_formal_v1+FullSafety,e9b9a9e17ac5e7e35d95eec2a7ad7c7667049da7,true,{},9ebee0d86f2610d847776bf65c03f01919a52d39f7a685c62376cd61f8350fc6,7bd16763e0c650dd14798c7b42d22c312d871906ff5cae53e5f8ed1e9de71f4f,gazebo,false,false,true,false,emergency_stop,0.9764371858824141,1.330000000000041,5.192315022076477,0.18660311053392875,,,0.6840101698798036,0.0,3,0.6002915978431697,2,1,0,0.0,0,0,2,,1.34623033227399,23.33333333335001,45.333333333360315,0,,T11 validation phase; undiscounted_return=3.17281504
t11_direct_theta_fullsafety_seed104,t11_direct_theta_fullsafety_seed104-episode-000156,RL-TEB-Direct-Theta,t11-validation-corridor,validation,104,301,t11_gazebo_formal_v1+FullSafety,e9b9a9e17ac5e7e35d95eec2a7ad7c7667049da7,true,{},9ebee0d86f2610d847776bf65c03f01919a52d39f7a685c62376cd61f8350fc6,7bd16763e0c650dd14798c7b42d22c312d871906ff5cae53e5f8ed1e9de71f4f,gazebo,false,false,true,false,emergency_stop,0.5315344933533661,0.72199999999998,8.406044515145984,0.1971449048532422,,,0.4911584389452936,0.0,2,0.4683444139503305,2,1,0,0.0,0,0,2,,0.9832665000431007,14.999999999986358,36.000000000001364,0,,T11 validation phase; undiscounted_return=1.84578819
t11_direct_theta_fullsafety_seed104,t11_direct_theta_fullsafety_seed104-episode-000158,RL-TEB-Direct-Theta,t11-validation-clear-offset,validation,104,301,t11_gazebo_formal_v1+FullSafety,e9b9a9e17ac5e7e35d95eec2a7ad7c7667049da7,true,{},9ebee0d86f2610d847776bf65c03f01919a52d39f7a685c62376cd61f8350fc6,7bd16763e0c650dd14798c7b42d22c312d871906ff5cae53e5f8ed1e9de71f4f,gazebo,true,false,true,false,goal,2.811750534054039,3.4560000000000173,0.999250647899412,0.20551599188169772,,,30.0,0.0,4,1.6952407360076922,4,0,0,0.0,0,0,4,,1.3947610004834132,38.99999999998727,58.9999999999975,0,,T11 validation phase; undiscounted_return=19.4096582
t11_direct_theta_fullsafety_seed104,t11_direct_theta_fullsafety_seed104-episode-000159,RL-TEB-Direct-Theta,t11-validation-obstacle-offset,validation,104,301,t11_gazebo_formal_v1+FullSafety,e9b9a9e17ac5e7e35d95eec2a7ad7c7667049da7,true,{},9ebee0d86f2610d847776bf65c03f01919a52d39f7a685c62376cd61f8350fc6,7bd16763e0c650dd14798c7b42d22c312d871906ff5cae53e5f8ed1e9de71f4f,gazebo,false,false,true,false,emergency_stop,0.5839781724204371,1.4119999999999209,8.681779059237163,0.13897276006110618,,,1.0225231181069256,0.0,3,0.980594100270953,3,1,0,0.0,0,0,3,,1.6683696667314507,25.333333333340608,57.33333333334182,0,,T11 validation phase; undiscounted_return=1.84590386
t11_direct_theta_fullsafety_seed104,t11_direct_theta_fullsafety_seed104-episode-000160,RL-TEB-Direct-Theta,t11-validation-corridor,validation,104,301,t11_gazebo_formal_v1+FullSafety,e9b9a9e17ac5e7e35d95eec2a7ad7c7667049da7,true,{},9ebee0d86f2610d847776bf65c03f01919a52d39f7a685c62376cd61f8350fc6,7bd16763e0c650dd14798c7b42d22c312d871906ff5cae53e5f8ed1e9de71f4f,gazebo,false,false,true,false,emergency_stop,0.02444518963593027,0.09199999999998454,182.7804438831848,0.0,,,0.5209077818388934,0.0,1,0.0,1,1,0,0.0,0,0,1,,1.7722699994919822,0.0,0.0,0,,T11 validation phase; undiscounted_return=0
t11_direct_theta_fullsafety_seed104,t11_direct_theta_fullsafety_seed104-episode-000162,RL-TEB-Direct-Theta,t11-test-id-clear-straight,test_id,104,201,t11_gazebo_formal_v1+FullSafety,e9b9a9e17ac5e7e35d95eec2a7ad7c7667049da7,true,{},9ebee0d86f2610d847776bf65c03f01919a52d39f7a685c62376cd61f8350fc6,7bd16763e0c650dd14798c7b42d22c312d871906ff5cae53e5f8ed1e9de71f4f,gazebo,true,false,true,false,goal,2.9565024383510066,3.645999999999958,0.9996069603800958,0.09889812629972533,,,30.0,0.0,4,1.2157324830691028,4,0,0,0.0,0,0,4,,1.3785822502541123,38.000000000039336,69.00000000001683,0,,T11 test phase; undiscounted_return=20.1508749
t11_direct_theta_fullsafety_seed104,t11_direct_theta_fullsafety_seed104-episode-000163,RL-TEB-Direct-Theta,t11-test-id-left,test_id,104,201,t11_gazebo_formal_v1+FullSafety,e9b9a9e17ac5e7e35d95eec2a7ad7c7667049da7,true,{},9ebee0d86f2610d847776bf65c03f01919a52d39f7a685c62376cd61f8350fc6,7bd16763e0c650dd14798c7b42d22c312d871906ff5cae53e5f8ed1e9de71f4f,gazebo,true,false,true,false,goal,3.9901306138600967,4.543999999999983,0.9632356962838062,0.10698345641240316,,,30.0,0.0,6,2.4116102820351037,6,0,0,0.0,0,0,6,,2.4932046665829453,30.999999999986965,91.9999999999656,0,,T11 test phase; undiscounted_return=23.3872329
t11_direct_theta_fullsafety_seed104,t11_direct_theta_fullsafety_seed104-episode-000164,RL-TEB-Direct-Theta,t11-test-id-obstacle,test_id,104,201,t11_gazebo_formal_v1+FullSafety,e9b9a9e17ac5e7e35d95eec2a7ad7c7667049da7,true,{},9ebee0d86f2610d847776bf65c03f01919a52d39f7a685c62376cd61f8350fc6,7bd16763e0c650dd14798c7b42d22c312d871906ff5cae53e5f8ed1e9de71f4f,gazebo,false,false,true,false,emergency_stop,0.5543720063839136,0.8139999999999645,9.311206269089725,0.1003573114299256,,,1.2419105084518982,0.0,2,0.3615571601050244,1,1,0,0.0,0,0,1,,1.4467719993263017,17.00000000005275,66.00000000003092,0,,T11 test phase; undiscounted_return=1.85509568
t11_direct_theta_fullsafety_seed104,t11_direct_theta_fullsafety_seed104-episode-000165,RL-TEB-Direct-Theta,t11-test-id-corridor,test_id,104,201,t11_gazebo_formal_v1+FullSafety,e9b9a9e17ac5e7e35d95eec2a7ad7c7667049da7,true,{},9ebee0d86f2610d847776bf65c03f01919a52d39f7a685c62376cd61f8350fc6,7bd16763e0c650dd14798c7b42d22c312d871906ff5cae53e5f8ed1e9de71f4f,gazebo,false,false,true,false,emergency_stop,0.4504323542586182,0.7259999999999991,11.242346760936178,0.16321058663441895,,,0.4847130077758242,0.0,2,0.4649771988391878,1,1,0,0.0,0,0,1,,1.2927959996886784,24.00000000000091,28.999999999996362,0,,T11 test phase; undiscounted_return=1.53700952
t11_direct_theta_fullsafety_seed104,t11_direct_theta_fullsafety_seed104-episode-000166,RL-TEB-Direct-Theta,t11-test-id-clear-straight,test_id,104,202,t11_gazebo_formal_v1+FullSafety,e9b9a9e17ac5e7e35d95eec2a7ad7c7667049da7,true,{},9ebee0d86f2610d847776bf65c03f01919a52d39f7a685c62376cd61f8350fc6,7bd16763e0c650dd14798c7b42d22c312d871906ff5cae53e5f8ed1e9de71f4f,gazebo,true,false,true,false,goal,3.083955153992971,3.7620000000000573,1.0008597011875593,0.20632346913760455,,,30.0,0.0,4,1.388560781876245,4,0,0,0.0,0,0,4,,1.425267750164494,33.50000000003206,71.50000000001455,0,,T11 test phase; undiscounted_return=19.7581053
t11_direct_theta_fullsafety_seed104,t11_direct_theta_fullsafety_seed104-episode-000167,RL-TEB-Direct-Theta,t11-test-id-left,test_id,104,202,t11_gazebo_formal_v1+FullSafety,e9b9a9e17ac5e7e35d95eec2a7ad7c7667049da7,true,{},9ebee0d86f2610d847776bf65c03f01919a52d39f7a685c62376cd61f8350fc6,7bd16763e0c650dd14798c7b42d22c312d871906ff5cae53e5f8ed1e9de71f4f,gazebo,true,false,true,false,goal,4.131426929420486,4.753999999999905,0.9640349859779587,0.22265485037501095,,,30.0,0.0,6,2.3287479111126492,6,0,0,0.0,0,0,6,,1.2363246660243021,34.99999999998712,95.33333333333378,0,,T11 test phase; undiscounted_return=23.0452856
t11_direct_theta_fullsafety_seed104,t11_direct_theta_fullsafety_seed104-episode-000168,RL-TEB-Direct-Theta,t11-test-id-obstacle,test_id,104,202,t11_gazebo_formal_v1+FullSafety,e9b9a9e17ac5e7e35d95eec2a7ad7c7667049da7,true,{},9ebee0d86f2610d847776bf65c03f01919a52d39f7a685c62376cd61f8350fc6,7bd16763e0c650dd14798c7b42d22c312d871906ff5cae53e5f8ed1e9de71f4f,gazebo,false,false,true,false,emergency_stop,0.5200701776816076,0.8220000000000027,10.032156428572877,0.031098233596167774,,,1.258933655930372,0.0,2,0.43781520809446045,1,1,0,0.0,0,0,1,,1.5563324996037409,22.999999999967713,65.99999999997408,0,,T11 test phase; undiscounted_return=1.67047717
t11_direct_theta_fullsafety_seed104,t11_direct_theta_fullsafety_seed104-episode-000169,RL-TEB-Direct-Theta,t11-test-id-corridor,test_id,104,202,t11_gazebo_formal_v1+FullSafety,e9b9a9e17ac5e7e35d95eec2a7ad7c7667049da7,true,{},9ebee0d86f2610d847776bf65c03f01919a52d39f7a685c62376cd61f8350fc6,7bd16763e0c650dd14798c7b42d22c312d871906ff5cae53e5f8ed1e9de71f4f,gazebo,false,false,true,false,emergency_stop,0.5141969070765057,0.69399999999996,9.534490531858298,0.1909314098996912,,,0.5106705930830797,0.0,2,0.49266354782240696,2,1,0,0.0,0,0,2,,1.3331245008885162,15.99999999996271,26.00000000001046,0,,T11 test phase; undiscounted_return=1.77963596
t11_direct_theta_fullsafety_seed104,t11_direct_theta_fullsafety_seed104-episode-000170,RL-TEB-Direct-Theta,t11-test-id-clear-straight,test_id,104,203,t11_gazebo_formal_v1+FullSafety,e9b9a9e17ac5e7e35d95eec2a7ad7c7667049da7,true,{},9ebee0d86f2610d847776bf65c03f01919a52d39f7a685c62376cd61f8350fc6,7bd16763e0c650dd14798c7b42d22c312d871906ff5cae53e5f8ed1e9de71f4f,gazebo,true,false,true,false,goal,2.950933935609807,3.646000000000072,0.9991472989149406,0.1502459988388258,,,30.0,0.0,4,1.108123540878296,4,0,0,0.0,0,0,4,,1.8751510006040917,36.49999999998954,79.99999999998408,0,,T11 test phase; undiscounted_return=19.9611053
t11_direct_theta_fullsafety_seed104,t11_direct_theta_fullsafety_seed104-episode-000171,RL-TEB-Direct-Theta,t11-test-id-left,test_id,104,203,t11_gazebo_formal_v1+FullSafety,e9b9a9e17ac5e7e35d95eec2a7ad7c7667049da7,true,{},9ebee0d86f2610d847776bf65c03f01919a52d39f7a685c62376cd61f8350fc6,7bd16763e0c650dd14798c7b42d22c312d871906ff5cae53e5f8ed1e9de71f4f,gazebo,true,false,true,false,goal,4.099791710128163,4.768000000000029,0.9640503089687372,0.16443268990713739,,,30.0,0.0,6,2.2967119373026352,6,0,0,0.0,0,0,6,,1.4887613324390259,39.333333333331666,71.33333333333287,0,,T11 test phase; undiscounted_return=23.6802998
t11_direct_theta_fullsafety_seed104,t11_direct_theta_fullsafety_seed104-episode-000172,RL-TEB-Direct-Theta,t11-test-id-obstacle,test_id,104,203,t11_gazebo_formal_v1+FullSafety,e9b9a9e17ac5e7e35d95eec2a7ad7c7667049da7,true,{},9ebee0d86f2610d847776bf65c03f01919a52d39f7a685c62376cd61f8350fc6,7bd16763e0c650dd14798c7b42d22c312d871906ff5cae53e5f8ed1e9de71f4f,gazebo,false,false,true,false,emergency_stop,0.5131645577122331,0.8079999999999927,10.13997797718017,0.09873215470527429,,,1.2551344867051628,0.0,2,0.383208930492401,1,1,0,0.0,0,0,1,,1.5358460004790686,16.999999999995907,64.99999999999773,0,,T11 test phase; undiscounted_return=1.61434649
t11_direct_theta_fullsafety_seed104,t11_direct_theta_fullsafety_seed104-episode-000173,RL-TEB-Direct-Theta,t11-test-id-corridor,test_id,104,203,t11_gazebo_formal_v1+FullSafety,e9b9a9e17ac5e7e35d95eec2a7ad7c7667049da7,true,{},9ebee0d86f2610d847776bf65c03f01919a52d39f7a685c62376cd61f8350fc6,7bd16763e0c650dd14798c7b42d22c312d871906ff5cae53e5f8ed1e9de71f4f,gazebo,false,false,true,false,emergency_stop,0.40081183856929403,0.7380000000000564,12.681360570933816,0.14957881677477985,,,0.5113676976637935,0.0,2,0.5162929140386134,2,1,0,0.0,0,0,2,,1.3495955008693272,16.999999999995907,28.999999999996362,0,,T11 test phase; undiscounted_return=1.38119228
t11_direct_theta_fullsafety_seed104,t11_direct_theta_fullsafety_seed104-episode-000174,RL-TEB-Direct-Theta,t11-test-id-clear-straight,test_id,104,204,t11_gazebo_formal_v1+FullSafety,e9b9a9e17ac5e7e35d95eec2a7ad7c7667049da7,true,{},9ebee0d86f2610d847776bf65c03f01919a52d39f7a685c62376cd61f8350fc6,7bd16763e0c650dd14798c7b42d22c312d871906ff5cae53e5f8ed1e9de71f4f,gazebo,true,false,true,false,goal,3.0874302735876817,3.7520000000000664,1.0006534186417386,0.21050908518558253,,,30.0,0.0,4,1.4093394656976053,4,0,0,0.0,0,0,4,,2.1913347491135937,30.99999999997749,68.4999999999718,0,,T11 test phase; undiscounted_return=19.5261945
t11_direct_theta_fullsafety_seed104,t11_direct_theta_fullsafety_seed104-episode-000175,RL-TEB-Direct-Theta,t11-test-id-left,test_id,104,204,t11_gazebo_formal_v1+FullSafety,e9b9a9e17ac5e7e35d95eec2a7ad7c7667049da7,true,{},9ebee0d86f2610d847776bf65c03f01919a52d39f7a685c62376cd61f8350fc6,7bd16763e0c650dd14798c7b42d22c312d871906ff5cae53e5f8ed1e9de71f4f,gazebo,true,false,true,false,goal,4.06633738241175,4.649999999999977,0.9647588959423741,0.17226715401469211,,,30.0,0.0,6,2.3645914659613663,6,0,0,0.0,0,0,6,,1.199706332651355,36.000000000001364,80.00000000000303,0,,T11 test phase; undiscounted_return=23.6926752
t11_direct_theta_fullsafety_seed104,t11_direct_theta_fullsafety_seed104-episode-000176,RL-TEB-Direct-Theta,t11-test-id-obstacle,test_id,104,204,t11_gazebo_formal_v1+FullSafety,e9b9a9e17ac5e7e35d95eec2a7ad7c7667049da7,true,{},9ebee0d86f2610d847776bf65c03f01919a52d39f7a685c62376cd61f8350fc6,7bd16763e0c650dd14798c7b42d22c312d871906ff5cae53e5f8ed1e9de71f4f,gazebo,false,false,true,false,emergency_stop,0.5563487895892281,0.7220000000000937,9.37367665625566,0.17898116473184145,,,1.4005248780360828,0.0,2,0.37058965166409835,2,1,0,0.0,0,0,2,,2.0255410017853137,14.999999999986358,21.99999999999136,0,,T11 test phase; undiscounted_return=2.03380771
t11_direct_theta_fullsafety_seed104,t11_direct_theta_fullsafety_seed104-episode-000177,RL-TEB-Direct-Theta,t11-test-id-corridor,test_id,104,204,t11_gazebo_formal_v1+FullSafety,e9b9a9e17ac5e7e35d95eec2a7ad7c7667049da7,true,{},9ebee0d86f2610d847776bf65c03f01919a52d39f7a685c62376cd61f8350fc6,7bd16763e0c650dd14798c7b42d22c312d871906ff5cae53e5f8ed1e9de71f4f,gazebo,false,false,true,false,emergency_stop,0.026820011158926783,0.12400000000002365,188.4770513719944,0.0,,,0.5034166547674035,0.0,1,0.0,1,1,0,0.0,0,0,1,,1.310744002694264,0.0,0.0,0,,T11 test phase; undiscounted_return=0
t11_direct_theta_fullsafety_seed104,t11_direct_theta_fullsafety_seed104-episode-000178,RL-TEB-Direct-Theta,t11-test-id-clear-straight,test_id,104,205,t11_gazebo_formal_v1+FullSafety,e9b9a9e17ac5e7e35d95eec2a7ad7c7667049da7,true,{},9ebee0d86f2610d847776bf65c03f01919a52d39f7a685c62376cd61f8350fc6,7bd16763e0c650dd14798c7b42d22c312d871906ff5cae53e5f8ed1e9de71f4f,gazebo,true,false,true,false,goal,2.9652420797066608,3.6580000000000155,1.0008476766267131,0.1968268094649258,,,30.0,0.0,4,1.1523802697658556,4,0,0,0.0,0,0,4,,1.2591332497322583,36.50000000001796,95.50000000001546,0,,T11 test phase; undiscounted_return=19.2766364
t11_direct_theta_fullsafety_seed104,t11_direct_theta_fullsafety_seed104-episode-000179,RL-TEB-Direct-Theta,t11-test-id-left,test_id,104,205,t11_gazebo_formal_v1+FullSafety,e9b9a9e17ac5e7e35d95eec2a7ad7c7667049da7,true,{},9ebee0d86f2610d847776bf65c03f01919a52d39f7a685c62376cd61f8350fc6,7bd16763e0c650dd14798c7b42d22c312d871906ff5cae53e5f8ed1e9de71f4f,gazebo,true,false,true,false,goal,4.0665675143195275,4.6400000000001,0.9644809511038481,0.13428428371468043,,,30.0,0.0,6,2.3483053471360895,6,0,0,0.0,0,0,6,,1.612898166664915,36.33333333332681,84.66666666665408,0,,T11 test phase; undiscounted_return=23.4968541
t11_direct_theta_fullsafety_seed104,t11_direct_theta_fullsafety_seed104-episode-000180,RL-TEB-Direct-Theta,t11-test-id-obstacle,test_id,104,205,t11_gazebo_formal_v1+FullSafety,e9b9a9e17ac5e7e35d95eec2a7ad7c7667049da7,true,{},9ebee0d86f2610d847776bf65c03f01919a52d39f7a685c62376cd61f8350fc6,7bd16763e0c650dd14798c7b42d22c312d871906ff5cae53e5f8ed1e9de71f4f,gazebo,false,false,true,false,emergency_stop,0.4991544101707196,0.7200000000000273,10.362411399215857,0.1323762269724557,,,1.0130797746027675,0.0,2,0.3955101013183594,1,1,0,0.0,0,0,1,,1.9304644993098918,14.000000000010004,21.000000000015007,0,,T11 test phase; undiscounted_return=1.8183169
t11_direct_theta_fullsafety_seed104,t11_direct_theta_fullsafety_seed104-episode-000181,RL-TEB-Direct-Theta,t11-test-id-corridor,test_id,104,205,t11_gazebo_formal_v1+FullSafety,e9b9a9e17ac5e7e35d95eec2a7ad7c7667049da7,true,{},9ebee0d86f2610d847776bf65c03f01919a52d39f7a685c62376cd61f8350fc6,7bd16763e0c650dd14798c7b42d22c312d871906ff5cae53e5f8ed1e9de71f4f,gazebo,false,false,true,false,emergency_stop,0.03412262230291786,0.09999999999990905,149.414702244689,0.0,,,0.5342614848051193,0.0,1,0.0,1,1,0,0.0,0,0,1,,2.358368998102378,0.0,0.0,0,,T11 test phase; undiscounted_return=0
t11_direct_theta_fullsafety_seed104,t11_direct_theta_fullsafety_seed104-episode-000182,RL-TEB-Direct-Theta,t11-test-id-clear-straight,test_id,104,206,t11_gazebo_formal_v1+FullSafety,e9b9a9e17ac5e7e35d95eec2a7ad7c7667049da7,true,{},9ebee0d86f2610d847776bf65c03f01919a52d39f7a685c62376cd61f8350fc6,7bd16763e0c650dd14798c7b42d22c312d871906ff5cae53e5f8ed1e9de71f4f,gazebo,true,false,true,false,goal,3.054367129388887,3.6499999999999773,1.0017901967661518,0.1359192364559778,,,30.0,0.0,4,1.3562625845273308,4,0,0,0.0,0,0,4,,1.5598979998685536,40.50000000003706,105.00000000004661,0,,T11 test phase; undiscounted_return=19.4798749
t11_direct_theta_fullsafety_seed104,t11_direct_theta_fullsafety_seed104-episode-000183,RL-TEB-Direct-Theta,t11-test-id-left,test_id,104,206,t11_gazebo_formal_v1+FullSafety,e9b9a9e17ac5e7e35d95eec2a7ad7c7667049da7,true,{},9ebee0d86f2610d847776bf65c03f01919a52d39f7a685c62376cd61f8350fc6,7bd16763e0c650dd14798c7b42d22c312d871906ff5cae53e5f8ed1e9de71f4f,gazebo,true,false,true,false,goal,4.063994443908151,4.645999999999958,0.9633225570679743,0.2190431360989339,,,30.0,0.0,6,2.269639062029974,6,0,0,0.0,0,0,6,,0.9946483326833307,37.333333333341066,87.00000000000803,0,,T11 test phase; undiscounted_return=23.1626768
t11_direct_theta_fullsafety_seed104,t11_direct_theta_fullsafety_seed104-episode-000184,RL-TEB-Direct-Theta,t11-test-id-obstacle,test_id,104,206,t11_gazebo_formal_v1+FullSafety,e9b9a9e17ac5e7e35d95eec2a7ad7c7667049da7,true,{},9ebee0d86f2610d847776bf65c03f01919a52d39f7a685c62376cd61f8350fc6,7bd16763e0c650dd14798c7b42d22c312d871906ff5cae53e5f8ed1e9de71f4f,gazebo,false,false,true,false,emergency_stop,0.5023877193088968,0.80600000000004,10.239188088281596,0.08659826292009605,,,1.0168197291733687,0.0,2,0.4339444484029497,1,1,0,0.0,0,0,1,,1.4822000011918135,16.999999999995907,65.99999999997408,0,,T11 test phase; undiscounted_return=1.65496763
t11_direct_theta_fullsafety_seed104,t11_direct_theta_fullsafety_seed104-episode-000185,RL-TEB-Direct-Theta,t11-test-id-corridor,test_id,104,206,t11_gazebo_formal_v1+FullSafety,e9b9a9e17ac5e7e35d95eec2a7ad7c7667049da7,true,{},9ebee0d86f2610d847776bf65c03f01919a52d39f7a685c62376cd61f8350fc6,7bd16763e0c650dd14798c7b42d22c312d871906ff5cae53e5f8ed1e9de71f4f,gazebo,false,false,true,false,emergency_stop,0.5511892225297377,0.6960000000000264,8.975458349817414,0.19642142015680975,,,0.44328487841878117,0.0,2,0.5230598540533158,2,1,0,0.0,0,0,2,,1.3775184997939505,19.000000000005457,27.999999999963165,0,,T11 test phase; undiscounted_return=2.00718621
t11_direct_theta_fullsafety_seed104,t11_direct_theta_fullsafety_seed104-episode-000186,RL-TEB-Direct-Theta,t11-test-id-clear-straight,test_id,104,207,t11_gazebo_formal_v1+FullSafety,e9b9a9e17ac5e7e35d95eec2a7ad7c7667049da7,true,{},9ebee0d86f2610d847776bf65c03f01919a52d39f7a685c62376cd61f8350fc6,7bd16763e0c650dd14798c7b42d22c312d871906ff5cae53e5f8ed1e9de71f4f,gazebo,true,false,true,false,goal,2.9296634757704387,4.045999999999935,1.0018980332199092,0.20735162505270083,,,30.0,0.0,5,1.393069388469057,5,0,0,0.0,0,0,5,,1.4317447989014909,36.00000000001273,63.200000000006185,0,,T11 test phase; undiscounted_return=19.9224488
t11_direct_theta_fullsafety_seed104,t11_direct_theta_fullsafety_seed104-episode-000187,RL-TEB-Direct-Theta,t11-test-id-left,test_id,104,207,t11_gazebo_formal_v1+FullSafety,e9b9a9e17ac5e7e35d95eec2a7ad7c7667049da7,true,{},9ebee0d86f2610d847776bf65c03f01919a52d39f7a685c62376cd61f8350fc6,7bd16763e0c650dd14798c7b42d22c312d871906ff5cae53e5f8ed1e9de71f4f,gazebo,true,false,true,false,goal,4.06659477586409,4.656000000000063,0.9641337458796857,0.26012042475745856,,,30.0,0.0,6,2.3185729472410075,6,0,0,0.0,0,0,6,,1.3737923339552556,39.00000000004411,71.33333333333287,0,,T11 test phase; undiscounted_return=23.818074
t11_direct_theta_fullsafety_seed104,t11_direct_theta_fullsafety_seed104-episode-000188,RL-TEB-Direct-Theta,t11-test-id-obstacle,test_id,104,207,t11_gazebo_formal_v1+FullSafety,e9b9a9e17ac5e7e35d95eec2a7ad7c7667049da7,true,{},9ebee0d86f2610d847776bf65c03f01919a52d39f7a685c62376cd61f8350fc6,7bd16763e0c650dd14798c7b42d22c312d871906ff5cae53e5f8ed1e9de71f4f,gazebo,false,false,true,false,emergency_stop,0.43774124665917635,0.7160000000000082,11.896865159293682,0.15206418451513085,,,1.133373868688461,0.0,2,0.3983219861984253,1,1,0,0.0,0,0,1,,1.176515999759431,17.99999999997226,19.99999999998181,0,,T11 test phase; undiscounted_return=1.52464035
t11_direct_theta_fullsafety_seed104,t11_direct_theta_fullsafety_seed104-episode-000189,RL-TEB-Direct-Theta,t11-test-id-corridor,test_id,104,207,t11_gazebo_formal_v1+FullSafety,e9b9a9e17ac5e7e35d95eec2a7ad7c7667049da7,true,{},9ebee0d86f2610d847776bf65c03f01919a52d39f7a685c62376cd61f8350fc6,7bd16763e0c650dd14798c7b42d22c312d871906ff5cae53e5f8ed1e9de71f4f,gazebo,false,false,true,false,emergency_stop,0.35046139329130854,0.7100000000000364,14.11362366917315,0.08209332003326278,,,0.5343977866249172,0.0,2,0.5068397695109956,2,1,0,0.0,0,0,2,,1.0754714985523606,19.99999999998181,33.00000000001546,0,,T11 test phase; undiscounted_return=1.09490502
t11_direct_theta_fullsafety_seed104,t11_direct_theta_fullsafety_seed104-episode-000190,RL-TEB-Direct-Theta,t11-test-id-clear-straight,test_id,104,208,t11_gazebo_formal_v1+FullSafety,e9b9a9e17ac5e7e35d95eec2a7ad7c7667049da7,true,{},9ebee0d86f2610d847776bf65c03f01919a52d39f7a685c62376cd61f8350fc6,7bd16763e0c650dd14798c7b42d22c312d871906ff5cae53e5f8ed1e9de71f4f,gazebo,true,false,true,false,goal,2.952855219798878,3.6499999999999773,0.9990536966561846,0.1942035262214148,,,30.0,0.0,4,1.123950306574503,4,0,0,0.0,0,0,4,,1.26881024971226,36.99999999997772,56.49999999999977,0,,T11 test phase; undiscounted_return=19.8790313
t11_direct_theta_fullsafety_seed104,t11_direct_theta_fullsafety_seed104-episode-000191,RL-TEB-Direct-Theta,t11-test-id-left,test_id,104,208,t11_gazebo_formal_v1+FullSafety,e9b9a9e17ac5e7e35d95eec2a7ad7c7667049da7,true,{},9ebee0d86f2610d847776bf65c03f01919a52d39f7a685c62376cd61f8350fc6,7bd16763e0c650dd14798c7b42d22c312d871906ff5cae53e5f8ed1e9de71f4f,gazebo,true,false,true,false,goal,4.047656447874101,4.6440000000000055,0.9625691919909196,0.1587557599992534,,,30.0,0.0,6,2.3407020733470048,6,0,0,0.0,0,0,6,,1.3388584993663244,34.00000000002971,86.33333333335713,0,,T11 test phase; undiscounted_return=23.318245
t11_direct_theta_fullsafety_seed104,t11_direct_theta_fullsafety_seed104-episode-000192,RL-TEB-Direct-Theta,t11-test-id-obstacle,test_id,104,208,t11_gazebo_formal_v1+FullSafety,e9b9a9e17ac5e7e35d95eec2a7ad7c7667049da7,true,{},9ebee0d86f2610d847776bf65c03f01919a52d39f7a685c62376cd61f8350fc6,7bd16763e0c650dd14798c7b42d22c312d871906ff5cae53e5f8ed1e9de71f4f,gazebo,false,false,true,false,emergency_stop,0.5231326215176664,0.8079999999999927,9.961098620513138,0.10304263774133521,,,1.139341665355766,0.0,2,0.39083155393600477,1,1,0,0.0,0,0,1,,1.3614034996862756,15.000000000043201,67.00000000000728,0,,T11 test phase; undiscounted_return=1.67731568
t11_direct_theta_fullsafety_seed104,t11_direct_theta_fullsafety_seed104-episode-000193,RL-TEB-Direct-Theta,t11-test-id-corridor,test_id,104,208,t11_gazebo_formal_v1+FullSafety,e9b9a9e17ac5e7e35d95eec2a7ad7c7667049da7,true,{},9ebee0d86f2610d847776bf65c03f01919a52d39f7a685c62376cd61f8350fc6,7bd16763e0c650dd14798c7b42d22c312d871906ff5cae53e5f8ed1e9de71f4f,gazebo,false,false,true,false,emergency_stop,0.3617520503596817,0.7100000000000364,13.793897376950747,0.11817106543416761,,,0.5280626360514569,0.0,2,0.5166381901218777,2,1,0,0.0,0,0,2,,1.0140890008187853,16.999999999995907,19.99999999998181,0,,T11 test phase; undiscounted_return=0.978709515
t11_direct_theta_fullsafety_seed104,t11_direct_theta_fullsafety_seed104-episode-000194,RL-TEB-Direct-Theta,t11-test-id-clear-straight,test_id,104,209,t11_gazebo_formal_v1+FullSafety,e9b9a9e17ac5e7e35d95eec2a7ad7c7667049da7,true,{},9ebee0d86f2610d847776bf65c03f01919a52d39f7a685c62376cd61f8350fc6,7bd16763e0c650dd14798c7b42d22c312d871906ff5cae53e5f8ed1e9de71f4f,gazebo,true,false,true,false,goal,3.041692235674904,3.7460000000000946,0.9991602356302463,0.20701443534707786,,,30.0,0.0,4,1.3081595102945947,4,0,0,0.0,0,0,4,,1.7760525006451644,29.49999999998454,54.500000000018645,0,,T11 test phase; undiscounted_return=19.6152855
t11_direct_theta_fullsafety_seed104,t11_direct_theta_fullsafety_seed104-episode-000195,RL-TEB-Direct-Theta,t11-test-id-left,test_id,104,209,t11_gazebo_formal_v1+FullSafety,e9b9a9e17ac5e7e35d95eec2a7ad7c7667049da7,true,{},9ebee0d86f2610d847776bf65c03f01919a52d39f7a685c62376cd61f8350fc6,7bd16763e0c650dd14798c7b42d22c312d871906ff5cae53e5f8ed1e9de71f4f,gazebo,true,false,true,false,goal,4.018081120862139,4.55600000000004,0.9636795006833391,0.19887151363420358,,,30.0,0.0,6,2.3286986799467195,6,0,0,0.0,0,0,6,,1.1571676671640792,26.666666666642413,80.33333333332848,0,,T11 test phase; undiscounted_return=23.3509381
t11_direct_theta_fullsafety_seed104,t11_direct_theta_fullsafety_seed104-episode-000196,RL-TEB-Direct-Theta,t11-test-id-obstacle,test_id,104,209,t11_gazebo_formal_v1+FullSafety,e9b9a9e17ac5e7e35d95eec2a7ad7c7667049da7,true,{},9ebee0d86f2610d847776bf65c03f01919a52d39f7a685c62376cd61f8350fc6,7bd16763e0c650dd14798c7b42d22c312d871906ff5cae53e5f8ed1e9de71f4f,gazebo,false,false,true,false,emergency_stop,0.9916590239012221,1.3299999999999272,5.294914294230054,0.2380426670983002,,,0.7432291996617602,0.0,3,0.9748993779931743,2,2,0,0.0,0,0,2,,1.5439720009453595,24.00000000000091,30.66666666669941,0,,T11 test phase; undiscounted_return=3.32684558
t11_direct_theta_fullsafety_seed104,t11_direct_theta_fullsafety_seed104-episode-000197,RL-TEB-Direct-Theta,t11-test-id-corridor,test_id,104,209,t11_gazebo_formal_v1+FullSafety,e9b9a9e17ac5e7e35d95eec2a7ad7c7667049da7,true,{},9ebee0d86f2610d847776bf65c03f01919a52d39f7a685c62376cd61f8350fc6,7bd16763e0c650dd14798c7b42d22c312d871906ff5cae53e5f8ed1e9de71f4f,gazebo,false,false,true,false,emergency_stop,0.029616529920358924,0.11800000000005184,168.73698565484233,0.0,,,0.5458659536030248,0.0,1,0.0,0,1,0,0.0,0,0,0,,1.7689469968900084,0.0,0.0,0,,T11 test phase; undiscounted_return=0
t11_direct_theta_fullsafety_seed104,t11_direct_theta_fullsafety_seed104-episode-000198,RL-TEB-Direct-Theta,t11-test-id-clear-straight,test_id,104,210,t11_gazebo_formal_v1+FullSafety,e9b9a9e17ac5e7e35d95eec2a7ad7c7667049da7,true,{},9ebee0d86f2610d847776bf65c03f01919a52d39f7a685c62376cd61f8350fc6,7bd16763e0c650dd14798c7b42d22c312d871906ff5cae53e5f8ed1e9de71f4f,gazebo,true,false,true,false,goal,2.920484941047914,3.6399999999999864,0.9997329721251696,0.1556102807397634,,,30.0,0.0,4,1.1129550735155744,4,0,0,0.0,0,0,4,,1.2986457495571813,39.50000000003229,93.00000000001774,0,,T11 test phase; undiscounted_return=19.2356399
t11_direct_theta_fullsafety_seed104,t11_direct_theta_fullsafety_seed104-episode-000199,RL-TEB-Direct-Theta,t11-test-id-left,test_id,104,210,t11_gazebo_formal_v1+FullSafety,e9b9a9e17ac5e7e35d95eec2a7ad7c7667049da7,true,{},9ebee0d86f2610d847776bf65c03f01919a52d39f7a685c62376cd61f8350fc6,7bd16763e0c650dd14798c7b42d22c312d871906ff5cae53e5f8ed1e9de71f4f,gazebo,true,false,true,false,goal,4.052636236892725,4.659999999999968,0.9650789071618157,0.20283049151122795,,,30.0,0.0,6,2.3127357902980945,6,0,0,0.0,0,0,6,,1.7563498325519806,32.66666666665211,70.66666666668198,0,,T11 test phase; undiscounted_return=23.7072086
t11_direct_theta_fullsafety_seed104,t11_direct_theta_fullsafety_seed104-episode-000200,RL-TEB-Direct-Theta,t11-test-id-obstacle,test_id,104,210,t11_gazebo_formal_v1+FullSafety,e9b9a9e17ac5e7e35d95eec2a7ad7c7667049da7,true,{},9ebee0d86f2610d847776bf65c03f01919a52d39f7a685c62376cd61f8350fc6,7bd16763e0c650dd14798c7b42d22c312d871906ff5cae53e5f8ed1e9de71f4f,gazebo,false,false,true,false,emergency_stop,0.40036343089420545,0.7259999999999991,12.891904737370599,0.10778522739363439,,,1.315988372532198,0.0,2,0.40458900928497277,1,1,0,0.0,0,0,1,,1.7379135006194701,14.999999999986358,21.000000000015007,0,,T11 test phase; undiscounted_return=1.35235424
t11_direct_theta_fullsafety_seed104,t11_direct_theta_fullsafety_seed104-episode-000201,RL-TEB-Direct-Theta,t11-test-id-corridor,test_id,104,210,t11_gazebo_formal_v1+FullSafety,e9b9a9e17ac5e7e35d95eec2a7ad7c7667049da7,true,{},9ebee0d86f2610d847776bf65c03f01919a52d39f7a685c62376cd61f8350fc6,7bd16763e0c650dd14798c7b42d22c312d871906ff5cae53e5f8ed1e9de71f4f,gazebo,false,false,true,false,emergency_stop,0.4340095856822745,0.7619999999999436,11.35710639814027,0.13072887462216842,,,0.522181057797146,0.0,2,0.5075586563064935,2,1,0,0.0,0,0,2,,0.9987599987653084,16.999999999995907,35.00000000002501,0,,T11 test phase; undiscounted_return=1.57288245
t11_direct_theta_fullsafety_seed104,t11_direct_theta_fullsafety_seed104-episode-000202,RL-TEB-Direct-Theta,t11-test-ood-long-turn,test_ood,104,201,t11_gazebo_formal_v1+FullSafety,e9b9a9e17ac5e7e35d95eec2a7ad7c7667049da7,true,{},9ebee0d86f2610d847776bf65c03f01919a52d39f7a685c62376cd61f8350fc6,7bd16763e0c650dd14798c7b42d22c312d871906ff5cae53e5f8ed1e9de71f4f,gazebo,true,false,true,false,goal,5.616941013346662,6.259999999999991,0.963813797867479,0.22416618026676594,,,30.0,0.0,8,3.0259636050178855,8,0,0,0.0,0,0,8,,1.7053520000445133,31.49999999999409,70.24999999998727,0,,T11 test phase; undiscounted_return=28.7661711
t11_direct_theta_fullsafety_seed104,t11_direct_theta_fullsafety_seed104-episode-000203,RL-TEB-Direct-Theta,t11-test-ood-obstacle-offset,test_ood,104,201,t11_gazebo_formal_v1+FullSafety,e9b9a9e17ac5e7e35d95eec2a7ad7c7667049da7,true,{},9ebee0d86f2610d847776bf65c03f01919a52d39f7a685c62376cd61f8350fc6,7bd16763e0c650dd14798c7b42d22c312d871906ff5cae53e5f8ed1e9de71f4f,gazebo,false,false,true,false,emergency_stop,0.5300771643549101,0.7300000000000182,10.874751866595405,0.19966350756387063,,,1.3605935647599179,0.0,2,0.2978165487448373,1,1,0,0.0,0,0,1,,1.566715000080876,16.999999999995907,23.000000000024556,0,,T11 test phase; undiscounted_return=1.84068324
t11_direct_theta_fullsafety_seed104,t11_direct_theta_fullsafety_seed104-episode-000204,RL-TEB-Direct-Theta,t11-test-ood-narrow-corridor,test_ood,104,201,t11_gazebo_formal_v1+FullSafety,e9b9a9e17ac5e7e35d95eec2a7ad7c7667049da7,true,{},9ebee0d86f2610d847776bf65c03f01919a52d39f7a685c62376cd61f8350fc6,7bd16763e0c650dd14798c7b42d22c312d871906ff5cae53e5f8ed1e9de71f4f,gazebo,false,false,true,false,emergency_stop,0.023018534608586726,0.12200000000007094,220.49536831499998,0.0,,,0.38444530645709574,0.0,1,0.0,1,1,0,0.0,0,0,1,,2.1509289981622715,0.0,0.0,0,,T11 test phase; undiscounted_return=0
t11_direct_theta_fullsafety_seed104,t11_direct_theta_fullsafety_seed104-episode-000205,RL-TEB-Direct-Theta,t11-test-ood-long-turn,test_ood,104,202,t11_gazebo_formal_v1+FullSafety,e9b9a9e17ac5e7e35d95eec2a7ad7c7667049da7,true,{},9ebee0d86f2610d847776bf65c03f01919a52d39f7a685c62376cd61f8350fc6,7bd16763e0c650dd14798c7b42d22c312d871906ff5cae53e5f8ed1e9de71f4f,gazebo,true,false,true,false,goal,5.458530097129208,6.055999999999926,0.9636561082992919,0.21727341997877628,,,30.0,0.0,8,3.0227745129948573,8,0,0,0.0,0,0,8,,1.702578251297382,30.250000000023647,64.49999999999534,0,,T11 test phase; undiscounted_return=28.3230157
t11_direct_theta_fullsafety_seed104,t11_direct_theta_fullsafety_seed104-episode-000206,RL-TEB-Direct-Theta,t11-test-ood-obstacle-offset,test_ood,104,202,t11_gazebo_formal_v1+FullSafety,e9b9a9e17ac5e7e35d95eec2a7ad7c7667049da7,true,{},9ebee0d86f2610d847776bf65c03f01919a52d39f7a685c62376cd61f8350fc6,7bd16763e0c650dd14798c7b42d22c312d871906ff5cae53e5f8ed1e9de71f4f,gazebo,false,false,true,false,emergency_stop,0.6817145520786339,0.8279999999999745,8.548217146454403,0.1596560496939641,,,1.392266270306254,0.0,2,0.36657533901078365,1,1,0,0.0,0,0,1,,1.968377000594046,22.999999999967713,72.99999999997908,0,,T11 test phase; undiscounted_return=2.37127248
t11_direct_theta_fullsafety_seed104,t11_direct_theta_fullsafety_seed104-episode-000207,RL-TEB-Direct-Theta,t11-test-ood-narrow-corridor,test_ood,104,202,t11_gazebo_formal_v1+FullSafety,e9b9a9e17ac5e7e35d95eec2a7ad7c7667049da7,true,{},9ebee0d86f2610d847776bf65c03f01919a52d39f7a685c62376cd61f8350fc6,7bd16763e0c650dd14798c7b42d22c312d871906ff5cae53e5f8ed1e9de71f4f,gazebo,false,false,true,false,emergency_stop,0.023428297652411525,0.11799999999993815,210.97150885457927,0.0,,,0.34866239885529104,0.0,1,0.0,1,1,0,0.0,0,0,1,,1.8100289998983499,0.0,0.0,0,,T11 test phase; undiscounted_return=0
t11_direct_theta_fullsafety_seed104,t11_direct_theta_fullsafety_seed104-episode-000208,RL-TEB-Direct-Theta,t11-test-ood-long-turn,test_ood,104,203,t11_gazebo_formal_v1+FullSafety,e9b9a9e17ac5e7e35d95eec2a7ad7c7667049da7,true,{},9ebee0d86f2610d847776bf65c03f01919a52d39f7a685c62376cd61f8350fc6,7bd16763e0c650dd14798c7b42d22c312d871906ff5cae53e5f8ed1e9de71f4f,gazebo,true,false,true,false,goal,5.509533628638465,6.245999999999981,0.9646838779599314,0.1229896315622469,,,30.0,0.0,8,3.100927532854533,8,0,0,0.0,0,0,8,,1.9565658753890602,37.499999999980105,82.25000000000193,0,,T11 test phase; undiscounted_return=28.5397763
t11_direct_theta_fullsafety_seed104,t11_direct_theta_fullsafety_seed104-episode-000209,RL-TEB-Direct-Theta,t11-test-ood-obstacle-offset,test_ood,104,203,t11_gazebo_formal_v1+FullSafety,e9b9a9e17ac5e7e35d95eec2a7ad7c7667049da7,true,{},9ebee0d86f2610d847776bf65c03f01919a52d39f7a685c62376cd61f8350fc6,7bd16763e0c650dd14798c7b42d22c312d871906ff5cae53e5f8ed1e9de71f4f,gazebo,false,false,true,false,emergency_stop,0.5646865789653343,0.73599999999999,10.279587938316597,0.21908737488007796,,,1.4941608686117103,0.0,2,0.3485802724247887,0,1,0,0.0,0,0,0,,1.5129454986890778,14.999999999986358,24.00000000000091,0,,T11 test phase; undiscounted_return=1.99171331
t11_direct_theta_fullsafety_seed104,t11_direct_theta_fullsafety_seed104-episode-000210,RL-TEB-Direct-Theta,t11-test-ood-narrow-corridor,test_ood,104,203,t11_gazebo_formal_v1+FullSafety,e9b9a9e17ac5e7e35d95eec2a7ad7c7667049da7,true,{},9ebee0d86f2610d847776bf65c03f01919a52d39f7a685c62376cd61f8350fc6,7bd16763e0c650dd14798c7b42d22c312d871906ff5cae53e5f8ed1e9de71f4f,gazebo,false,false,true,false,emergency_stop,0.023796136338468925,0.10599999999999454,210.5818156062997,0.0,,,0.31549527588114146,0.0,1,0.0,0,1,0,0.0,0,0,0,,1.276513998163864,0.0,0.0,0,,T11 test phase; undiscounted_return=0
t11_direct_theta_fullsafety_seed104,t11_direct_theta_fullsafety_seed104-episode-000211,RL-TEB-Direct-Theta,t11-test-ood-long-turn,test_ood,104,204,t11_gazebo_formal_v1+FullSafety,e9b9a9e17ac5e7e35d95eec2a7ad7c7667049da7,true,{},9ebee0d86f2610d847776bf65c03f01919a52d39f7a685c62376cd61f8350fc6,7bd16763e0c650dd14798c7b42d22c312d871906ff5cae53e5f8ed1e9de71f4f,gazebo,true,false,true,false,goal,5.7295957514742035,7.037999999999897,0.9463632578188262,1.7254157543226254,,,30.0,0.0,10,3.565982861178262,10,0,0,0.0,0,0,10,,1.4299201993708266,31.40000000000782,69.99999999999318,0,,T11 test phase; undiscounted_return=28.1452057
t11_direct_theta_fullsafety_seed104,t11_direct_theta_fullsafety_seed104-episode-000212,RL-TEB-Direct-Theta,t11-test-ood-obstacle-offset,test_ood,104,204,t11_gazebo_formal_v1+FullSafety,e9b9a9e17ac5e7e35d95eec2a7ad7c7667049da7,true,{},9ebee0d86f2610d847776bf65c03f01919a52d39f7a685c62376cd61f8350fc6,7bd16763e0c650dd14798c7b42d22c312d871906ff5cae53e5f8ed1e9de71f4f,gazebo,false,false,true,false,emergency_stop,0.5139948678662531,0.7200000000000273,11.281013223755565,0.1887784759575743,,,1.6118508004085248,0.0,2,0.2946005983012058,0,1,0,0.0,0,0,0,,1.2564830012706807,15.000000000043201,21.99999999999136,0,,T11 test phase; undiscounted_return=1.77632142
t11_direct_theta_fullsafety_seed104,t11_direct_theta_fullsafety_seed104-episode-000213,RL-TEB-Direct-Theta,t11-test-ood-narrow-corridor,test_ood,104,204,t11_gazebo_formal_v1+FullSafety,e9b9a9e17ac5e7e35d95eec2a7ad7c7667049da7,true,{},9ebee0d86f2610d847776bf65c03f01919a52d39f7a685c62376cd61f8350fc6,7bd16763e0c650dd14798c7b42d22c312d871906ff5cae53e5f8ed1e9de71f4f,gazebo,false,false,true,false,emergency_stop,0.022062628975811464,0.11199999999996635,226.94523591660578,0.0,,,0.37366430096180303,0.0,1,0.0,1,1,0,0.0,0,0,1,,2.1130999994056765,0.0,0.0,0,,T11 test phase; undiscounted_return=0
t11_direct_theta_fullsafety_seed104,t11_direct_theta_fullsafety_seed104-episode-000214,RL-TEB-Direct-Theta,t11-test-ood-long-turn,test_ood,104,205,t11_gazebo_formal_v1+FullSafety,e9b9a9e17ac5e7e35d95eec2a7ad7c7667049da7,true,{},9ebee0d86f2610d847776bf65c03f01919a52d39f7a685c62376cd61f8350fc6,7bd16763e0c650dd14798c7b42d22c312d871906ff5cae53e5f8ed1e9de71f4f,gazebo,true,false,true,false,goal,5.494374067224351,6.04200000000003,0.9634315148939354,0.23310841407357333,,,30.0,0.0,8,3.134356087446209,8,0,0,0.0,0,0,8,,2.025353499902849,32.75000000000716,57.749999999998636,0,,T11 test phase; undiscounted_return=28.6235107
t11_direct_theta_fullsafety_seed104,t11_direct_theta_fullsafety_seed104-episode-000215,RL-TEB-Direct-Theta,t11-test-ood-obstacle-offset,test_ood,104,205,t11_gazebo_formal_v1+FullSafety,e9b9a9e17ac5e7e35d95eec2a7ad7c7667049da7,true,{},9ebee0d86f2610d847776bf65c03f01919a52d39f7a685c62376cd61f8350fc6,7bd16763e0c650dd14798c7b42d22c312d871906ff5cae53e5f8ed1e9de71f4f,gazebo,false,false,true,false,emergency_stop,0.3991770153360302,0.7180000000000746,14.461001876259854,0.18055507129501716,,,1.7036737966564113,0.0,2,0.37524343047823205,1,1,0,0.0,0,0,1,,3.1395629994221963,14.999999999986358,16.999999999995907,0,,T11 test phase; undiscounted_return=1.23455734
t11_direct_theta_fullsafety_seed104,t11_direct_theta_fullsafety_seed104-episode-000216,RL-TEB-Direct-Theta,t11-test-ood-narrow-corridor,test_ood,104,205,t11_gazebo_formal_v1+FullSafety,e9b9a9e17ac5e7e35d95eec2a7ad7c7667049da7,true,{},9ebee0d86f2610d847776bf65c03f01919a52d39f7a685c62376cd61f8350fc6,7bd16763e0c650dd14798c7b42d22c312d871906ff5cae53e5f8ed1e9de71f4f,gazebo,false,false,true,false,emergency_stop,0.03148347321803141,0.11199999999996635,158.4751187405642,0.0,,,0.342371950749521,0.0,1,0.0,0,1,0,0.0,0,0,0,,2.50424800105975,0.0,0.0,0,,T11 test phase; undiscounted_return=0
t11_direct_theta_fullsafety_seed104,t11_direct_theta_fullsafety_seed104-episode-000217,RL-TEB-Direct-Theta,t11-test-ood-long-turn,test_ood,104,206,t11_gazebo_formal_v1+FullSafety,e9b9a9e17ac5e7e35d95eec2a7ad7c7667049da7,true,{},9ebee0d86f2610d847776bf65c03f01919a52d39f7a685c62376cd61f8350fc6,7bd16763e0c650dd14798c7b42d22c312d871906ff5cae53e5f8ed1e9de71f4f,gazebo,true,false,true,false,goal,5.4863282897813175,6.053999999999974,0.9645776927772958,0.17874324514054438,,,30.0,0.0,8,2.9772143630754386,8,0,0,0.0,0,0,8,,1.5364716250587662,33.75000000001194,82.25000000000193,0,,T11 test phase; undiscounted_return=27.836881
t11_direct_theta_fullsafety_seed104,t11_direct_theta_fullsafety_seed104-episode-000218,RL-TEB-Direct-Theta,t11-test-ood-obstacle-offset,test_ood,104,206,t11_gazebo_formal_v1+FullSafety,e9b9a9e17ac5e7e35d95eec2a7ad7c7667049da7,true,{},9ebee0d86f2610d847776bf65c03f01919a52d39f7a685c62376cd61f8350fc6,7bd16763e0c650dd14798c7b42d22c312d871906ff5cae53e5f8ed1e9de71f4f,gazebo,false,false,true,false,emergency_stop,0.5193845162873505,0.7320000000000846,11.264588240819677,0.1962712052594895,,,1.382775347962962,0.0,2,0.3046417389597214,1,1,0,0.0,0,0,1,,1.2863240008300636,14.000000000010004,26.00000000001046,0,,T11 test phase; undiscounted_return=1.79973405
t11_direct_theta_fullsafety_seed104,t11_direct_theta_fullsafety_seed104-episode-000219,RL-TEB-Direct-Theta,t11-test-ood-narrow-corridor,test_ood,104,206,t11_gazebo_formal_v1+FullSafety,e9b9a9e17ac5e7e35d95eec2a7ad7c7667049da7,true,{},9ebee0d86f2610d847776bf65c03f01919a52d39f7a685c62376cd61f8350fc6,7bd16763e0c650dd14798c7b42d22c312d871906ff5cae53e5f8ed1e9de71f4f,gazebo,false,false,true,false,emergency_stop,0.04203871958890411,0.10000000000002274,120.76191253857694,0.0,,,0.3234086857243401,0.0,1,0.0,0,1,0,0.0,0,0,0,,1.9696879971888848,0.0,0.0,0,,T11 test phase; undiscounted_return=0
t11_direct_theta_fullsafety_seed104,t11_direct_theta_fullsafety_seed104-episode-000220,RL-TEB-Direct-Theta,t11-test-ood-long-turn,test_ood,104,207,t11_gazebo_formal_v1+FullSafety,e9b9a9e17ac5e7e35d95eec2a7ad7c7667049da7,true,{},9ebee0d86f2610d847776bf65c03f01919a52d39f7a685c62376cd61f8350fc6,7bd16763e0c650dd14798c7b42d22c312d871906ff5cae53e5f8ed1e9de71f4f,gazebo,true,false,true,false,goal,5.559995185687361,6.155999999999949,0.963759003058829,0.21830855995889217,,,30.0,0.0,8,2.979135767902645,8,0,0,0.0,0,0,8,,1.5190372505458072,35.5000000000274,64.49999999998113,0,,T11 test phase; undiscounted_return=28.7654487
t11_direct_theta_fullsafety_seed104,t11_direct_theta_fullsafety_seed104-episode-000221,RL-TEB-Direct-Theta,t11-test-ood-obstacle-offset,test_ood,104,207,t11_gazebo_formal_v1+FullSafety,e9b9a9e17ac5e7e35d95eec2a7ad7c7667049da7,true,{},9ebee0d86f2610d847776bf65c03f01919a52d39f7a685c62376cd61f8350fc6,7bd16763e0c650dd14798c7b42d22c312d871906ff5cae53e5f8ed1e9de71f4f,gazebo,false,false,true,false,emergency_stop,0.704147434419174,0.8079999999999927,8.320675098442043,0.14203313390863798,,,1.2441646657039884,0.0,2,0.3721144412245069,1,1,0,0.0,0,0,1,,1.5362325011665234,17.99999999997226,64.00000000002137,0,,T11 test phase; undiscounted_return=2.45600516
t11_direct_theta_fullsafety_seed104,t11_direct_theta_fullsafety_seed104-episode-000222,RL-TEB-Direct-Theta,t11-test-ood-narrow-corridor,test_ood,104,207,t11_gazebo_formal_v1+FullSafety,e9b9a9e17ac5e7e35d95eec2a7ad7c7667049da7,true,{},9ebee0d86f2610d847776bf65c03f01919a52d39f7a685c62376cd61f8350fc6,7bd16763e0c650dd14798c7b42d22c312d871906ff5cae53e5f8ed1e9de71f4f,gazebo,false,false,true,false,emergency_stop,0.023939479993061757,0.10199999999997544,212.4276227929385,0.0,,,0.3028484936343661,0.0,1,0.0,0,1,0,0.0,0,0,0,,3.1882520015642513,0.0,0.0,0,,T11 test phase; undiscounted_return=0
t11_direct_theta_fullsafety_seed104,t11_direct_theta_fullsafety_seed104-episode-000223,RL-TEB-Direct-Theta,t11-test-ood-long-turn,test_ood,104,208,t11_gazebo_formal_v1+FullSafety,e9b9a9e17ac5e7e35d95eec2a7ad7c7667049da7,true,{},9ebee0d86f2610d847776bf65c03f01919a52d39f7a685c62376cd61f8350fc6,7bd16763e0c650dd14798c7b42d22c312d871906ff5cae53e5f8ed1e9de71f4f,gazebo,true,false,true,false,goal,5.439778903471821,6.044000000000096,0.9619746167837606,0.2135017924598026,,,30.0,0.0,8,2.9925318942183514,8,0,0,0.0,0,0,8,,1.289545373765577,36.25000000000966,82.75000000001853,0,,T11 test phase; undiscounted_return=29.0119911
t11_direct_theta_fullsafety_seed104,t11_direct_theta_fullsafety_seed104-episode-000224,RL-TEB-Direct-Theta,t11-test-ood-obstacle-offset,test_ood,104,208,t11_gazebo_formal_v1+FullSafety,e9b9a9e17ac5e7e35d95eec2a7ad7c7667049da7,true,{},9ebee0d86f2610d847776bf65c03f01919a52d39f7a685c62376cd61f8350fc6,7bd16763e0c650dd14798c7b42d22c312d871906ff5cae53e5f8ed1e9de71f4f,gazebo,false,false,true,false,emergency_stop,0.5553266911638399,0.7200000000000273,10.591542975607155,0.2015784536821185,,,1.5046653821579892,0.0,2,0.37611937352589203,1,1,0,0.0,0,0,1,,1.5780449994053924,14.999999999986358,15.99999999996271,0,,T11 test phase; undiscounted_return=2.00173084
t11_direct_theta_fullsafety_seed104,t11_direct_theta_fullsafety_seed104-episode-000225,RL-TEB-Direct-Theta,t11-test-ood-narrow-corridor,test_ood,104,208,t11_gazebo_formal_v1+FullSafety,e9b9a9e17ac5e7e35d95eec2a7ad7c7667049da7,true,{},9ebee0d86f2610d847776bf65c03f01919a52d39f7a685c62376cd61f8350fc6,7bd16763e0c650dd14798c7b42d22c312d871906ff5cae53e5f8ed1e9de71f4f,gazebo,false,false,true,false,emergency_stop,0.02017183942205073,0.11599999999998545,243.5933454758067,0.0,,,0.38704535394996503,0.0,1,0.0,1,1,0,0.0,0,0,1,,1.7783580005925614,0.0,0.0,0,,T11 test phase; undiscounted_return=0
t11_direct_theta_fullsafety_seed104,t11_direct_theta_fullsafety_seed104-episode-000226,RL-TEB-Direct-Theta,t11-test-ood-long-turn,test_ood,104,209,t11_gazebo_formal_v1+FullSafety,e9b9a9e17ac5e7e35d95eec2a7ad7c7667049da7,true,{},9ebee0d86f2610d847776bf65c03f01919a52d39f7a685c62376cd61f8350fc6,7bd16763e0c650dd14798c7b42d22c312d871906ff5cae53e5f8ed1e9de71f4f,gazebo,true,false,true,false,goal,5.503394992511259,6.054000000000087,0.9637384068349888,0.17547052898767312,,,30.0,0.0,8,2.9881974191892717,8,0,0,0.0,0,0,8,,1.254406250154716,32.49999999998465,75.7499999999709,0,,T11 test phase; undiscounted_return=28.4945837
t11_direct_theta_fullsafety_seed104,t11_direct_theta_fullsafety_seed104-episode-000227,RL-TEB-Direct-Theta,t11-test-ood-obstacle-offset,test_ood,104,209,t11_gazebo_formal_v1+FullSafety,e9b9a9e17ac5e7e35d95eec2a7ad7c7667049da7,true,{},9ebee0d86f2610d847776bf65c03f01919a52d39f7a685c62376cd61f8350fc6,7bd16763e0c650dd14798c7b42d22c312d871906ff5cae53e5f8ed1e9de71f4f,gazebo,false,false,true,false,emergency_stop,0.5103800172772703,0.7299999999999045,11.346080714276363,0.21174876246006624,,,1.378043152776139,0.0,2,0.3689919823691957,1,1,0,0.0,0,0,1,,1.5173115007200977,14.000000000010004,20.000000000038654,0,,T11 test phase; undiscounted_return=1.74100784
t11_direct_theta_fullsafety_seed104,t11_direct_theta_fullsafety_seed104-episode-000228,RL-TEB-Direct-Theta,t11-test-ood-narrow-corridor,test_ood,104,209,t11_gazebo_formal_v1+FullSafety,e9b9a9e17ac5e7e35d95eec2a7ad7c7667049da7,true,{},9ebee0d86f2610d847776bf65c03f01919a52d39f7a685c62376cd61f8350fc6,7bd16763e0c650dd14798c7b42d22c312d871906ff5cae53e5f8ed1e9de71f4f,gazebo,false,false,true,false,emergency_stop,0.02696779018672655,0.10599999999999454,185.17055879034154,0.0,,,0.35006856650293816,0.0,1,0.0,1,1,0,0.0,0,0,1,,1.635804001125507,0.0,0.0,0,,T11 test phase; undiscounted_return=0
t11_direct_theta_fullsafety_seed104,t11_direct_theta_fullsafety_seed104-episode-000229,RL-TEB-Direct-Theta,t11-test-ood-long-turn,test_ood,104,210,t11_gazebo_formal_v1+FullSafety,e9b9a9e17ac5e7e35d95eec2a7ad7c7667049da7,true,{},9ebee0d86f2610d847776bf65c03f01919a52d39f7a685c62376cd61f8350fc6,7bd16763e0c650dd14798c7b42d22c312d871906ff5cae53e5f8ed1e9de71f4f,gazebo,true,false,true,false,goal,5.4720033618523125,6.05600000000004,0.9629997635726726,0.1495443840557361,,,30.0,0.0,8,2.9953434214705545,8,0,0,0.0,0,0,8,,1.5964986241669976,40.49999999998022,83.49999999998658,0,,T11 test phase; undiscounted_return=29.0680031
t11_direct_theta_fullsafety_seed104,t11_direct_theta_fullsafety_seed104-episode-000230,RL-TEB-Direct-Theta,t11-test-ood-obstacle-offset,test_ood,104,210,t11_gazebo_formal_v1+FullSafety,e9b9a9e17ac5e7e35d95eec2a7ad7c7667049da7,true,{},9ebee0d86f2610d847776bf65c03f01919a52d39f7a685c62376cd61f8350fc6,7bd16763e0c650dd14798c7b42d22c312d871906ff5cae53e5f8ed1e9de71f4f,gazebo,false,false,true,false,emergency_stop,0.5723447207131087,0.7319999999999709,10.11101613665305,0.19970971656015346,,,1.4057520406478836,0.0,2,0.3883751877716607,1,1,0,0.0,0,0,1,,1.8993060002685525,16.999999999995907,21.99999999999136,0,,T11 test phase; undiscounted_return=2.0215388
t11_direct_theta_fullsafety_seed104,t11_direct_theta_fullsafety_seed104-episode-000231,RL-TEB-Direct-Theta,t11-test-ood-narrow-corridor,test_ood,104,210,t11_gazebo_formal_v1+FullSafety,e9b9a9e17ac5e7e35d95eec2a7ad7c7667049da7,true,{},9ebee0d86f2610d847776bf65c03f01919a52d39f7a685c62376cd61f8350fc6,7bd16763e0c650dd14798c7b42d22c312d871906ff5cae53e5f8ed1e9de71f4f,gazebo,false,false,true,false,emergency_stop,0.03343485287930574,0.11000000000001364,147.7893578552154,0.0,,,0.33695354000094063,0.0,1,0.0,1,1,0,0.0,0,0,1,,2.433072000712855,0.0,0.0,0,,T11 test phase; undiscounted_return=0
