run_id,episode_id,step_id,config_seq,t_observation,t_decision,t_request,t_ack,t_active,t_window_end,planner_cycle_count,valid_feedback_duration,state_valid,invalid_reason,goal_distance_start,goal_distance_end,path_error_mean,path_heading_error_mean,d_obs_min,obstacle_density_mean,ttc_min,linear_velocity_mean,angular_velocity_mean,eta_before_json,action_raw_json,eta_after_json,theta_previous_json,theta_candidate_json,theta_projected_json,theta_safe_json,theta_applied_json,projection_modified,projection_reason,safety_modified,safety_mode,safety_reason,fallback_active,fallback_reason,reward_total,reward_progress,reward_time,reward_near_obstacle,reward_path_error,reward_smoothness,reward_planner_failure,reward_parameter_adjustment,reward_terminal,cost_collision,cost_near_collision,cost_parameter_violation,cost_planner_failure,cost_emergency_or_fallback,inference_latency,parameter_write_latency,parameter_activation_latency,transition_stored,transition_drop_reason
t12p_directional_seed101,t12p_directional_seed101-episode-000001,0,1,2.968,2.416,2.418,2.44,2.466,2.966,0,0.4500000000000002,true,,5.179218949739313,4.858316907761891,0.1118172024177536,0.3242309927866077,1.191243849196777,1.0,2.123972016096932,0.5608566592067623,-0.46735515637737385,"[0.0,0.0,0.0,0.0,0.0]","[0.26460039615631104,-0.45115941762924194,-0.030387461185455322,0.15025830268859863,-0.0707823634147644]","[0.26460039615631104,-0.45115941762924194,-0.030387461185455322,0.15025830268859863,-0.0707823634147644]","{""acc_lim_theta"":0.8,""acc_lim_x"":0.8,""inflation_dist"":0.55,""max_vel_theta"":1.0,""max_vel_x"":1.2,""min_obstacle_dist"":0.25,""weight_obstacle"":50.0,""weight_optimaltime"":1.0,""weight_viapoint"":1.0}","{""acc_lim_theta"":0.795456613554645,""acc_lim_x"":0.7840243373341226,""inflation_dist"":0.550281334788489,""max_vel_theta"":1.0,""max_vel_x"":1.2,""min_obstacle_dist"":0.25,""weight_obstacle"":50.38220160952866,""weight_optimaltime"":0.9548840582370758,""weight_viapoint"":1.0}","{""acc_lim_theta"":0.795456613554645,""acc_lim_x"":0.7840243373341226,""inflation_dist"":0.550281334788489,""max_vel_theta"":1.0,""max_vel_x"":1.2,""min_obstacle_dist"":0.25,""weight_obstacle"":50.38220160952866,""weight_optimaltime"":0.9548840582370758,""weight_viapoint"":1.0}","{""acc_lim_theta"":0.795456613554645,""acc_lim_x"":0.7840243373341226,""inflation_dist"":0.550281334788489,""max_vel_theta"":1.0,""max_vel_x"":1.2,""min_obstacle_dist"":0.25,""weight_obstacle"":50.38220160952866,""weight_optimaltime"":0.9548840582370758,""weight_viapoint"":1.0}","{""acc_lim_theta"":0.795456613554645,""acc_lim_x"":0.7840243373341226,""inflation_dist"":0.550281334788489,""max_vel_theta"":1.0,""max_vel_x"":1.2,""min_obstacle_dist"":0.25,""weight_obstacle"":50.38220160952866,""weight_optimaltime"":0.9548840582370758,""weight_viapoint"":1.0}",false,,false,NORMAL,,false,,1.407307436942119,1.604510209887109,-0.04500000000000002,-0.0,-0.0018834084658641158,-0.13532162926153582,-0.0,-0.014997735217589965,0.0,0.0,0.0,0.0,0.0,0.0,1.534324008389376,21.999999999999797,48.00000000000004,true,
t12p_directional_seed101,t12p_directional_seed101-episode-000001,1,2,3.5620000000000003,2.964,2.968,2.984,3.062,3.562,0,0.4500000000000002,true,,4.78691310614568,4.492873647048379,0.011056605324893547,0.5989214369198834,0.8005293887999251,1.0,0.7407143013938999,1.080753250333446,-0.31831147709985014,"[0.26460039615631104,-0.45115941762924194,-0.030387461185455322,0.15025830268859863,-0.0707823634147644]","[0.2273728847503662,-0.1073293685913086,-0.16606968641281128,-0.08968985080718994,0.06269264221191406]","[0.49197328090667725,-0.5584887862205505,-0.1964571475982666,0.06056845188140869,-0.008089721202850342]","{""acc_lim_theta"":0.795456613554645,""acc_lim_x"":0.7840243373341226,""inflation_dist"":0.550281334788489,""max_vel_theta"":1.0,""max_vel_x"":1.2,""min_obstacle_dist"":0.25,""weight_obstacle"":50.38220160952866,""weight_optimaltime"":0.9548840582370758,""weight_viapoint"":1.0}","{""acc_lim_theta"":0.7817821316358473,""acc_lim_x"":0.7855887870111639,""inflation_dist"":0.5518188498778945,""max_vel_theta"":1.0,""max_vel_x"":1.2,""min_obstacle_dist"":0.25,""weight_obstacle"":50.04368184834759,""weight_optimaltime"":0.944151121377945,""weight_viapoint"":1.0}","{""acc_lim_theta"":0.7817821316358473,""acc_lim_x"":0.7855887870111639,""inflation_dist"":0.5518188498778945,""max_vel_theta"":1.0,""max_vel_x"":1.2,""min_obstacle_dist"":0.25,""weight_obstacle"":50.04368184834759,""weight_optimaltime"":0.944151121377945,""weight_viapoint"":1.0}","{""acc_lim_theta"":0.7817821316358473,""acc_lim_x"":0.7855887870111639,""inflation_dist"":0.5518188498778945,""max_vel_theta"":1.0,""max_vel_x"":1.2,""min_obstacle_dist"":0.25,""weight_obstacle"":50.04368184834759,""weight_optimaltime"":0.944151121377945,""weight_viapoint"":1.0}","{""acc_lim_theta"":0.7817821316358473,""acc_lim_x"":0.7855887870111639,""inflation_dist"":0.5518188498778945,""max_vel_theta"":1.0,""max_vel_x"":1.2,""min_obstacle_dist"":0.25,""weight_obstacle"":50.04368184834759,""weight_optimaltime"":0.944151121377945,""weight_viapoint"":1.0}",false,,false,NORMAL,,false,,1.3008173916588035,1.4701972954865061,-0.04500000000000002,-0.0,-0.004938921972821944,-0.11236833203618807,-0.0,-0.007072649818692498,0.0,0.0,0.0,0.0,0.0,0.0,0.8308159885928035,16.000000000000014,93.99999999999986,true,
t12p_directional_seed101,t12p_directional_seed101-episode-000001,2,3,4.162,3.556,3.5620000000000003,3.58,3.66,4.16,0,0.4500000000000002,true,,4.351330453935131,3.986669242520489,0.016337880460145948,0.6495741765867052,0.44071930131027665,1.0,0.3813217128914242,1.155767653429599,0.07635522858223666,"[0.49197328090667725,-0.5584887862205505,-0.1964571475982666,0.06056845188140869,-0.008089721202850342]","[0.3543121814727783,-0.19833338260650635,0.04043233394622803,-0.26486504077911377,0.35489797592163086]","[0.8462854623794556,-0.7568221688270569,-0.15602481365203857,-0.20429658889770508,0.3468082547187805]","{""acc_lim_theta"":0.7817821316358473,""acc_lim_x"":0.7855887870111639,""inflation_dist"":0.5518188498778945,""max_vel_theta"":1.0,""max_vel_x"":1.2,""min_obstacle_dist"":0.25,""weight_obstacle"":50.04368184834759,""weight_optimaltime"":0.944151121377945,""weight_viapoint"":1.0}","{""acc_lim_theta"":0.7486327673996662,""acc_lim_x"":0.7957774943206324,""inflation_dist"":0.551444517121056,""max_vel_theta"":1.0,""max_vel_x"":1.192141833288907,""min_obstacle_dist"":0.25,""weight_obstacle"":50.0,""weight_optimaltime"":0.9243177831172944,""weight_viapoint"":1.0}","{""acc_lim_theta"":0.7486327673996662,""acc_lim_x"":0.7957774943206324,""inflation_dist"":0.551444517121056,""max_vel_theta"":0.993451527740756,""max_vel_x"":1.192141833288907,""min_obstacle_dist"":0.25,""weight_obstacle"":50.0,""weight_optimaltime"":0.9243177831172944,""weight_viapoint"":1.0}","{""acc_lim_theta"":0.7486327673996662,""acc_lim_x"":0.7957774943206324,""inflation_dist"":0.5518188498778945,""max_vel_theta"":0.993451527740756,""max_vel_x"":1.192141833288907,""min_obstacle_dist"":0.25,""weight_obstacle"":50.04368184834759,""weight_optimaltime"":0.9243177831172944,""weight_viapoint"":1.0}","{""acc_lim_theta"":0.7486327673996662,""acc_lim_x"":0.7957774943206324,""inflation_dist"":0.5518188498778945,""max_vel_theta"":0.993451527740756,""max_vel_x"":1.192141833288907,""min_obstacle_dist"":0.25,""weight_obstacle"":50.04368184834759,""weight_optimaltime"":0.9243177831172944,""weight_viapoint"":1.0}",true,max_vel_theta:ackermann_turning_radius,true,WARNING,margin:warning|safety_mode:WARNING:conservative_filter,false,,1.7484918408876642,1.8233060570732107,-0.04500000000000002,-0.011634032042418028,-4.663210860950369e-05,-0.0007129775922790323,-0.0,-0.017420574442240138,0.0,0.0,0.0,1.0,0.0,0.0,0.8515249937772751,17.999999999999794,97.99999999999986,true,
t12p_directional_seed101,t12p_directional_seed101-episode-000001,3,4,4.7620000000000005,4.156,4.164,4.182,4.26,4.76,0,0.4499999999999993,true,,3.86782405987074,3.5666171551627897,0.04106565032366445,0.5139954245076921,0.3227910324662896,1.0,0.2969636978564108,1.092141833288907,0.5389478910864332,"[0.8462854623794556,-0.7568221688270569,-0.15602481365203857,-0.20429658889770508,0.3468082547187805]","[0.3603416681289673,0.08286881446838379,0.09979081153869629,0.10500645637512207,0.2757143974304199]","[1.0,-0.6739533543586731,-0.056234002113342285,-0.09929013252258301,0.6225226521492004]","{""acc_lim_theta"":0.7486327673996662,""acc_lim_x"":0.7957774943206324,""inflation_dist"":0.5518188498778945,""max_vel_theta"":0.993451527740756,""max_vel_x"":1.192141833288907,""min_obstacle_dist"":0.25,""weight_obstacle"":50.04368184834759,""weight_optimaltime"":0.9243177831172944,""weight_viapoint"":1.0}","{""acc_lim_theta"":0.7274088532481559,""acc_lim_x"":0.8,""inflation_dist"":0.5508949613474894,""max_vel_theta"":0.993451527740756,""max_vel_x"":1.1804159223621276,""min_obstacle_dist"":0.2545987259530547,""weight_obstacle"":50.0,""weight_optimaltime"":0.9326046645641328,""weight_viapoint"":1.0}","{""acc_lim_theta"":0.7274088532481559,""acc_lim_x"":0.8,""inflation_dist"":0.5508949613474894,""max_vel_theta"":0.983679935301773,""max_vel_x"":1.1804159223621276,""min_obstacle_dist"":0.2545987259530547,""weight_obstacle"":50.0,""weight_optimaltime"":0.9326046645641328,""weight_viapoint"":1.0}","{""acc_lim_theta"":0.6486327673996662,""acc_lim_x"":0.6957774943206324,""inflation_dist"":0.55,""max_vel_theta"":0.893451527740756,""max_vel_x"":1.092141833288907,""min_obstacle_dist"":0.25,""weight_obstacle"":60.0,""weight_optimaltime"":0.8243177831172944,""weight_viapoint"":1.5}","{""acc_lim_theta"":0.6486327673996662,""acc_lim_x"":0.6957774943206324,""inflation_dist"":0.55,""max_vel_theta"":0.893451527740756,""max_vel_x"":1.092141833288907,""min_obstacle_dist"":0.25,""weight_obstacle"":60.0,""weight_optimaltime"":0.8243177831172944,""weight_viapoint"":1.5}",true,max_vel_theta:ackermann_turning_radius,true,WARNING,margin:warning|safety_mode:WARNING:conservative_filter|warning:corridor_feasibility_profile,false,,1.1383016290424854,1.506034523539752,-0.04499999999999993,-0.14474676559344052,-0.0003938817848393814,-0.03382660608866456,-0.0,-0.1437656410303223,0.0,0.0,0.0,1.0,0.0,0.0,1.8937889981316403,18.000000000000682,96.00000000000009,true,
t12p_directional_seed101,t12p_directional_seed101-episode-000001,4,5,5.41,4.76,4.7620000000000005,4.78,4.86,5.36,0,0.5,true,,3.445292612323439,3.0761338130994433,0.010392166295640744,0.176432121326335,0.3227910324662896,1.0,0.44819713093431207,0.9558863456476127,0.5782479778434297,"[1.0,-0.6739533543586731,-0.056234002113342285,-0.09929013252258301,0.6225226521492004]","[0.6080193519592285,0.5931631326675415,-0.3819565773010254,-0.16223275661468506,-0.3544193506240845]","[1.0,-0.08079022169113159,-0.4381905794143677,-0.26152288913726807,0.26810330152511597]","{""acc_lim_theta"":0.6486327673996662,""acc_lim_x"":0.6957774943206324,""inflation_dist"":0.55,""max_vel_theta"":0.893451527740756,""max_vel_x"":1.092141833288907,""min_obstacle_dist"":0.25,""weight_obstacle"":60.0,""weight_optimaltime"":0.8243177831172944,""weight_viapoint"":1.5}","{""acc_lim_theta"":0.6315626258421206,""acc_lim_x"":0.7259787820149454,""inflation_dist"":0.5535362504366887,""max_vel_theta"":0.893451527740756,""max_vel_x"":1.1278630503984002,""min_obstacle_dist"":0.25342262431231016,""weight_obstacle"":61.91374856280047,""weight_optimaltime"":0.8836340963840486,""weight_viapoint"":1.5}","{""acc_lim_theta"":0.6315626258421206,""acc_lim_x"":0.7259787820149454,""inflation_dist"":0.5535362504366887,""max_vel_theta"":0.893451527740756,""max_vel_x"":1.1278630503984002,""min_obstacle_dist"":0.25342262431231016,""weight_obstacle"":61.91374856280047,""weight_optimaltime"":0.8836340963840486,""weight_viapoint"":1.5}","{""acc_lim_theta"":0.6,""acc_lim_x"":0.5957774943206324,""inflation_dist"":0.55,""max_vel_theta"":0.793451527740756,""max_vel_x"":0.992141833288907,""min_obstacle_dist"":0.25,""weight_obstacle"":60.0,""weight_optimaltime"":0.7243177831172944,""weight_viapoint"":2.0}","{""acc_lim_theta"":0.6,""acc_lim_x"":0.5957774943206324,""inflation_dist"":0.55,""max_vel_theta"":0.793451527740756,""max_vel_x"":0.992141833288907,""min_obstacle_dist"":0.25,""weight_obstacle"":60.0,""weight_optimaltime"":0.7243177831172944,""weight_viapoint"":2.0}",false,,true,WARNING,margin:warning|safety_mode:WARNING:conservative_filter|warning:corridor_feasibility_profile,false,,1.5114220913381564,1.8457939961199776,-0.05,-0.15405600463375788,-0.006314644105263326,-0.013509730859550116,-0.0,-0.11049152518324988,0.0,0.0,0.0,0.0,0.0,0.0,0.802064998424612,17.999999999999794,97.99999999999986,true,
t12p_directional_seed101,t12p_directional_seed101-episode-000001,5,6,6.01,5.396,5.41,5.426,5.46,5.96,0,0.5,true,,2.99697272134182,2.6137314247872063,0.09101012226680663,0.14663031765119103,0.3227910324662896,1.0,0.5883918201417054,0.7829623056179067,0.5477439051513047,"[1.0,-0.08079022169113159,-0.4381905794143677,-0.26152288913726807,0.26810330152511597]","[0.5956728458404541,0.43263351917266846,-0.36623501777648926,-0.20105624198913574,-0.05406522750854492]","[1.0,0.35184329748153687,-0.8044255971908569,-0.4625791311264038,0.21403807401657104]","{""acc_lim_theta"":0.6,""acc_lim_x"":0.5957774943206324,""inflation_dist"":0.55,""max_vel_theta"":0.793451527740756,""max_vel_x"":0.992141833288907,""min_obstacle_dist"":0.25,""weight_obstacle"":60.0,""weight_optimaltime"":0.7243177831172944,""weight_viapoint"":2.0}","{""acc_lim_theta"":0.5723659493496385,""acc_lim_x"":0.6223170600177584,""inflation_dist"":0.5533906962689168,""max_vel_theta"":0.793451527740756,""max_vel_x"":1.0110788281308292,""min_obstacle_dist"":0.25013816997454386,""weight_obstacle"":60.29193454381023,""weight_optimaltime"":0.7675811350345613,""weight_viapoint"":2.0}","{""acc_lim_theta"":0.5723659493496385,""acc_lim_x"":0.6223170600177584,""inflation_dist"":0.5533906962689168,""max_vel_theta"":0.793451527740756,""max_vel_x"":1.0110788281308292,""min_obstacle_dist"":0.25013816997454386,""weight_obstacle"":60.29193454381023,""weight_optimaltime"":0.7675811350345613,""weight_viapoint"":2.0}","{""acc_lim_theta"":0.6,""acc_lim_x"":0.49577749432063245,""inflation_dist"":0.55,""max_vel_theta"":0.693451527740756,""max_vel_x"":0.8921418332889071,""min_obstacle_dist"":0.25,""weight_obstacle"":60.0,""weight_optimaltime"":0.65,""weight_viapoint"":2.5}","{""acc_lim_theta"":0.6,""acc_lim_x"":0.49577749432063245,""inflation_dist"":0.55,""max_vel_theta"":0.693451527740756,""max_vel_x"":0.8921418332889071,""min_obstacle_dist"":0.25,""weight_obstacle"":60.0,""weight_optimaltime"":0.65,""weight_viapoint"":2.5}",false,,true,WARNING,margin:warning|safety_mode:WARNING:conservative_filter|warning:corridor_feasibility_profile,false,,1.7139629526387092,1.9162064827730685,-0.05,-0.04830966155605372,-0.003241702060817564,-0.007495276560695874,-0.0,-0.0931968899567922,0.0,0.0,0.0,0.0,0.0,0.0,0.78250200022012,16.000000000000014,49.99999999999982,true,
t12p_directional_seed101,t12p_directional_seed101-episode-000001,6,7,6.5600000000000005,5.996,6.012,6.03,6.06,6.56,0,0.4500000000000002,true,,2.540314286908191,2.1963764260514647,0.024625939297902907,0.4671036622226281,0.3227910324662896,1.0,0.4836251899985001,0.7418054412090936,0.4867260289839856,"[1.0,0.35184329748153687,-0.8044255971908569,-0.4625791311264038,0.21403807401657104]","[0.812015175819397,0.43279504776000977,-0.4473820924758911,-0.1942915916442871,0.13634133338928223]","[1.0,0.7846383452415466,-1.0,-0.6568707227706909,0.35037940740585327]","{""acc_lim_theta"":0.6,""acc_lim_x"":0.49577749432063245,""inflation_dist"":0.55,""max_vel_theta"":0.693451527740756,""max_vel_x"":0.8921418332889071,""min_obstacle_dist"":0.25,""weight_obstacle"":60.0,""weight_optimaltime"":0.65,""weight_viapoint"":2.5}","{""acc_lim_theta"":0.5573416823300171,""acc_lim_x"":0.5246434778616467,""inflation_dist"":0.5541419763761202,""max_vel_theta"":0.693451527740756,""max_vel_x"":0.903899211081608,""min_obstacle_dist"":0.25,""weight_obstacle"":59.263801396948026,""weight_optimaltime"":0.693279504776001,""weight_viapoint"":2.5}","{""acc_lim_theta"":0.5573416823300171,""acc_lim_x"":0.5246434778616467,""inflation_dist"":0.5541419763761202,""max_vel_theta"":0.693451527740756,""max_vel_x"":0.903899211081608,""min_obstacle_dist"":0.25,""weight_obstacle"":59.263801396948026,""weight_optimaltime"":0.693279504776001,""weight_viapoint"":2.5}","{""acc_lim_theta"":0.5573416823300171,""acc_lim_x"":0.5246434778616467,""inflation_dist"":0.5541419763761202,""max_vel_theta"":0.693451527740756,""max_vel_x"":0.8921418332889071,""min_obstacle_dist"":0.25,""weight_obstacle"":60.0,""weight_optimaltime"":0.693279504776001,""weight_viapoint"":2.5}","{""acc_lim_theta"":0.5573416823300171,""acc_lim_x"":0.5246434778616467,""inflation_dist"":0.5541419763761202,""max_vel_theta"":0.693451527740756,""max_vel_x"":0.8921418332889071,""min_obstacle_dist"":0.25,""weight_obstacle"":60.0,""weight_optimaltime"":0.693279504776001,""weight_viapoint"":2.5}",false,,true,WARNING,margin:warning|safety_mode:WARNING:conservative_filter,false,,1.539500812797427,1.7196893042836314,-0.04500000000000002,-0.09268790064009429,-0.003540567718375183,-0.011239625048037154,-0.0,-0.02772039807969806,0.0,0.0,0.0,0.0,0.0,0.0,0.947231994359754,18.000000000000682,48.00000000000004,true,
t12p_directional_seed101,t12p_directional_seed101-episode-000001,7,8,7.21,6.556,6.562,6.578,6.66,7.16,0,0.5,true,,2.068633309955139,1.6867194014294842,0.050044619065403965,0.6746617349220017,0.3227910324662896,1.0,0.5107777207122246,0.7542227119272659,0.2083288720176875,"[1.0,0.7846383452415466,-1.0,-0.6568707227706909,0.35037940740585327]","[0.8839132785797119,0.22959661483764648,-0.30732548236846924,-0.06293761730194092,0.3171706199645996]","[1.0,1.0,-1.0,-0.7198083400726318,0.6675500273704529]","{""acc_lim_theta"":0.5573416823300171,""acc_lim_x"":0.5246434778616467,""inflation_dist"":0.5541419763761202,""max_vel_theta"":0.693451527740756,""max_vel_x"":0.8921418332889071,""min_obstacle_dist"":0.25,""weight_obstacle"":60.0,""weight_optimaltime"":0.693279504776001,""weight_viapoint"":2.5}","{""acc_lim_theta"":0.5090718143043691,""acc_lim_x"":0.5451910836616947,""inflation_dist"":0.5569872732915717,""max_vel_theta"":0.693451527740756,""max_vel_x"":0.891686431903993,""min_obstacle_dist"":0.25,""weight_obstacle"":58.287382398700956,""weight_optimaltime"":0.7162391662597656,""weight_viapoint"":2.5}","{""acc_lim_theta"":0.5090718143043691,""acc_lim_x"":0.5451910836616947,""inflation_dist"":0.5569872732915717,""max_vel_theta"":0.693451527740756,""max_vel_x"":0.891686431903993,""min_obstacle_dist"":0.25,""weight_obstacle"":58.287382398700956,""weight_optimaltime"":0.7162391662597656,""weight_viapoint"":2.5}","{""acc_lim_theta"":0.6,""acc_lim_x"":0.4246434778616467,""inflation_dist"":0.55,""max_vel_theta"":0.593451527740756,""max_vel_x"":0.7921418332889071,""min_obstacle_dist"":0.25,""weight_obstacle"":60.0,""weight_optimaltime"":0.65,""weight_viapoint"":2.5}","{""acc_lim_theta"":0.6,""acc_lim_x"":0.4246434778616467,""inflation_dist"":0.55,""max_vel_theta"":0.593451527740756,""max_vel_x"":0.7921418332889071,""min_obstacle_dist"":0.25,""weight_obstacle"":60.0,""weight_optimaltime"":0.65,""weight_viapoint"":2.5}",false,,true,WARNING,margin:warning|safety_mode:WARNING:conservative_filter|warning:corridor_feasibility_profile,false,,1.6102317723087503,1.9095695426282744,-0.05,-0.16254233201150642,-0.000415301046853604,-0.004209568400053009,-0.0,-0.08217056886111117,0.0,0.0,0.0,0.0,0.0,0.0,1.549607011838816,16.000000000000014,97.99999999999986,true,
t12p_directional_seed101,t12p_directional_seed101-episode-000001,8,9,7.76,7.196,7.21,7.23,7.258,7.758,0,0.4500000000000002,true,,1.6121092251268474,1.3251995787732982,0.09696423111096644,0.7406791779335158,0.3227910324662896,1.0,0.7471383094379417,0.6597078797993211,0.025824917969385672,"[1.0,1.0,-1.0,-0.7198083400726318,0.6675500273704529]","[0.803259015083313,0.36561381816864014,-0.2503535747528076,0.0035724639892578125,0.3718593120574951]","[1.0,1.0,-1.0,-0.716235876083374,1.0]","{""acc_lim_theta"":0.6,""acc_lim_x"":0.4246434778616467,""inflation_dist"":0.55,""max_vel_theta"":0.593451527740756,""max_vel_x"":0.7921418332889071,""min_obstacle_dist"":0.25,""weight_obstacle"":60.0,""weight_optimaltime"":0.65,""weight_viapoint"":2.5}","{""acc_lim_theta"":0.5548948341417386,""acc_lim_x"":0.44643171382750396,""inflation_dist"":0.5523178366093392,""max_vel_theta"":0.593451527740756,""max_vel_x"":0.785458111189425,""min_obstacle_dist"":0.25170812829841677,""weight_obstacle"":57.9920813500705,""weight_optimaltime"":0.6865613818168641,""weight_viapoint"":2.5}","{""acc_lim_theta"":0.5548948341417386,""acc_lim_x"":0.44643171382750396,""inflation_dist"":0.5523178366093392,""max_vel_theta"":0.593451527740756,""max_vel_x"":0.785458111189425,""min_obstacle_dist"":0.25170812829841677,""weight_obstacle"":57.9920813500705,""weight_optimaltime"":0.6865613818168641,""weight_viapoint"":2.5}","{""acc_lim_theta"":0.6,""acc_lim_x"":0.4,""inflation_dist"":0.55,""max_vel_theta"":0.5,""max_vel_x"":0.6921418332889071,""min_obstacle_dist"":0.25,""weight_obstacle"":60.0,""weight_optimaltime"":0.65,""weight_viapoint"":2.5}","{""acc_lim_theta"":0.6,""acc_lim_x"":0.4,""inflation_dist"":0.55,""max_vel_theta"":0.5,""max_vel_x"":0.6921418332889071,""min_obstacle_dist"":0.25,""weight_obstacle"":60.0,""weight_optimaltime"":0.65,""weight_viapoint"":2.5}",false,,true,WARNING,margin:warning|safety_mode:WARNING:conservative_filter|warning:corridor_feasibility_profile,false,,1.2648132596467707,1.434548231767746,-0.04500000000000002,-0.07632182750820268,-0.0019520945981996516,-0.004943208334343463,-0.0,-0.04151784168022954,0.0,0.0,0.0,0.0,0.0,0.0,0.8668310038046911,20.000000000000462,48.00000000000004,true,
t12p_directional_seed101,t12p_directional_seed101-episode-000001,9,10,8.408,7.756,7.7620000000000005,7.7780000000000005,7.858,8.358,0,0.5000000000000009,true,,1.2232147982541577,0.9040850792697488,0.0601605290702681,0.6469223735828147,0.3227910324662896,1.0,0.8852227066639135,0.6694738042626721,-0.2830220518856348,"[1.0,1.0,-1.0,-0.716235876083374,1.0]","[0.8348181247711182,0.39180445671081543,-0.10955286026000977,-0.15754449367523193,0.20504045486450195]","[1.0,1.0,-1.0,-0.873780369758606,1.0]","{""acc_lim_theta"":0.6,""acc_lim_x"":0.4,""inflation_dist"":0.55,""max_vel_theta"":0.5,""max_vel_x"":0.6921418332889071,""min_obstacle_dist"":0.25,""weight_obstacle"":60.0,""weight_optimaltime"":0.65,""weight_viapoint"":2.5}","{""acc_lim_theta"":0.5550551479897644,""acc_lim_x"":0.4311202324034855,""inflation_dist"":0.5510142680423844,""max_vel_theta"":0.5,""max_vel_x"":0.6994803780223069,""min_obstacle_dist"":0.2561012368584083,""weight_obstacle"":58.892848612464476,""weight_optimaltime"":0.6891804456710815,""weight_viapoint"":2.5}","{""acc_lim_theta"":0.5550551479897644,""acc_lim_x"":0.4311202324034855,""inflation_dist"":0.5510142680423844,""max_vel_theta"":0.5,""max_vel_x"":0.6994803780223069,""min_obstacle_dist"":0.2561012368584083,""weight_obstacle"":58.892848612464476,""weight_optimaltime"":0.6891804456710815,""weight_viapoint"":2.5}","{""acc_lim_theta"":0.5550551479897644,""acc_lim_x"":0.4311202324034855,""inflation_dist"":0.5510142680423844,""max_vel_theta"":0.5,""max_vel_x"":0.6921418332889071,""min_obstacle_dist"":0.2561012368584083,""weight_obstacle"":60.0,""weight_optimaltime"":0.6891804456710815,""weight_viapoint"":2.5}","{""acc_lim_theta"":0.5550551479897644,""acc_lim_x"":0.4311202324034855,""inflation_dist"":0.5510142680423844,""max_vel_theta"":0.5,""max_vel_x"":0.6921418332889071,""min_obstacle_dist"":0.2561012368584083,""weight_obstacle"":60.0,""weight_optimaltime"":0.6891804456710815,""weight_viapoint"":2.5}",false,,true,WARNING,margin:warning|safety_mode:WARNING:conservative_filter,false,,1.4971845873142793,1.5956485949220445,-0.05000000000000009,-0.009146608200326138,-0.009707222545349739,-2.7531011826552004e-05,-0.0,-0.02958264585026256,0.0,0.0,0.0,0.0,0.0,0.0,1.1431390012148768,16.000000000000014,95.9999999999992,true,
t12p_directional_seed101,t12p_directional_seed101-episode-000001,10,11,10.56,8.404,8.41,8.426,8.458,8.958,0,0.4499999999999993,true,,0.8399035501565143,0.5583255941575581,0.006388097538659807,0.006672502872050355,0.3227910324662896,0.0,30.379418945279077,0.0,0.0,"[1.0,1.0,-1.0,-0.873780369758606,1.0]","[0.8443365097045898,0.14755702018737793,-0.23934119939804077,0.09107708930969238,0.12174582481384277]","[1.0,1.0,-1.0,-0.7827032804489136,1.0]","{""acc_lim_theta"":0.5550551479897644,""acc_lim_x"":0.4311202324034855,""inflation_dist"":0.5510142680423844,""max_vel_theta"":0.5,""max_vel_x"":0.6921418332889071,""min_obstacle_dist"":0.2561012368584083,""weight_obstacle"":60.0,""weight_optimaltime"":0.6891804456710815,""weight_viapoint"":2.5}","{""acc_lim_theta"":0.5189116009652794,""acc_lim_x"":0.4435011208376108,""inflation_dist"":0.5532301493000643,""max_vel_theta"":0.5,""max_vel_x"":0.698730034223935,""min_obstacle_dist"":0.2530696164550583,""weight_obstacle"":59.34261236906455,""weight_optimaltime"":0.7039361476898193,""weight_viapoint"":2.5}","{""acc_lim_theta"":0.5189116009652794,""acc_lim_x"":0.4435011208376108,""inflation_dist"":0.5532301493000643,""max_vel_theta"":0.5,""max_vel_x"":0.698730034223935,""min_obstacle_dist"":0.2530696164550583,""weight_obstacle"":59.34261236906455,""weight_optimaltime"":0.7039361476898193,""weight_viapoint"":2.5}","{""acc_lim_theta"":0.5189116009652794,""acc_lim_x"":0.4435011208376108,""inflation_dist"":0.5532301493000643,""max_vel_theta"":0.5,""max_vel_x"":0.6921418332889071,""min_obstacle_dist"":0.2561012368584083,""weight_obstacle"":60.0,""weight_optimaltime"":0.7039361476898193,""weight_viapoint"":2.5}","{""acc_lim_theta"":0.5189116009652794,""acc_lim_x"":0.4435011208376108,""inflation_dist"":0.5532301493000643,""max_vel_theta"":0.5,""max_vel_x"":0.6921418332889071,""min_obstacle_dist"":0.2561012368584083,""weight_obstacle"":60.0,""weight_optimaltime"":0.7039361476898193,""weight_viapoint"":2.5}",false,,true,WARNING,margin:warning|safety_mode:WARNING:conservative_filter,false,,11.343248676994056,1.407889779994781,-0.04499999999999993,-7.537028235008574e-06,-0.0036400265588694396,-0.0002781812144538522,-0.0,-0.015715358199165804,10.0,0.0,0.0,0.0,0.0,0.0,1.1845999979414046,16.000000000000014,48.00000000000004,true,
t12p_directional_seed101,t12p_directional_seed101-episode-000002,0,1,12.052,11.496,11.498,11.524000000000001,11.55,12.05,0,0.45000000000000107,true,,5.7965270945802265,5.39186466424281,0.0435255953392799,0.23800097127118025,1.5234629678752833,0.0,1.318707853011011,1.1552695044598045,0.5239863878151034,"[0.0,0.0,0.0,0.0,0.0]","[0.27301621437072754,-0.20160752534866333,-0.024245798587799072,0.22701430320739746,-0.020631253719329834]","[0.27301621437072754,-0.20160752534866333,-0.024245798587799072,0.22701430320739746,-0.020631253719329834]","{""acc_lim_theta"":0.8,""acc_lim_x"":0.8,""inflation_dist"":0.55,""max_vel_theta"":1.0,""max_vel_x"":1.2,""min_obstacle_dist"":0.25,""weight_obstacle"":50.0,""weight_optimaltime"":1.0,""weight_viapoint"":1.0}","{""acc_lim_theta"":0.7954075205253532,""acc_lim_x"":0.7893294375132979,""inflation_dist"":0.5502244737253901,""max_vel_theta"":1.0,""max_vel_x"":1.2,""min_obstacle_dist"":0.25,""weight_obstacle"":50.111402021601286,""weight_optimaltime"":0.9798392474651336,""weight_viapoint"":1.0}","{""acc_lim_theta"":0.7954075205253532,""acc_lim_x"":0.7893294375132979,""inflation_dist"":0.5502244737253901,""max_vel_theta"":1.0,""max_vel_x"":1.2,""min_obstacle_dist"":0.25,""weight_obstacle"":50.111402021601286,""weight_optimaltime"":0.9798392474651336,""weight_viapoint"":1.0}","{""acc_lim_theta"":0.7954075205253532,""acc_lim_x"":0.7893294375132979,""inflation_dist"":0.5502244737253901,""max_vel_theta"":1.0,""max_vel_x"":1.2,""min_obstacle_dist"":0.25,""weight_obstacle"":50.111402021601286,""weight_optimaltime"":0.9798392474651336,""weight_viapoint"":1.0}","{""acc_lim_theta"":0.7954075205253532,""acc_lim_x"":0.7893294375132979,""inflation_dist"":0.5502244737253901,""max_vel_theta"":1.0,""max_vel_x"":1.2,""min_obstacle_dist"":0.25,""weight_obstacle"":50.111402021601286,""weight_optimaltime"":0.9798392474651336,""weight_viapoint"":1.0}",false,,false,NORMAL,,false,,1.7710468470392122,2.0233121516870822,-0.04500000000000011,-0.0,-0.0001820618650780016,-0.19894839239216724,-0.0,-0.00813485039062453,0.0,0.0,0.0,0.0,0.0,0.0,1.1851599992951378,26.000000000001577,52.00000000000138,true,
t12p_directional_seed101,t12p_directional_seed101-episode-000002,1,2,12.648,12.048,12.054,12.072,12.146,12.646,0,0.45000000000000107,true,,5.237331594693988,4.746197047690103,0.037050918285446606,0.34107673765383645,0.7929555666585253,0.9444444444444444,0.6806482665311782,1.1650004938669785,-0.10766834827316121,"[0.27301621437072754,-0.20160752534866333,-0.024245798587799072,0.22701430320739746,-0.020631253719329834]","[0.4064444303512573,-0.14620667695999146,-0.09742647409439087,0.21731817722320557,-0.044814884662628174]","[0.6794606447219849,-0.3478142023086548,-0.12167227268218994,0.444332480430603,-0.06544613838195801]","{""acc_lim_theta"":0.7954075205253532,""acc_lim_x"":0.7893294375132979,""inflation_dist"":0.5502244737253901,""max_vel_theta"":1.0,""max_vel_x"":1.2,""min_obstacle_dist"":0.25,""weight_obstacle"":50.111402021601286,""weight_optimaltime"":0.9798392474651336,""weight_viapoint"":1.0}","{""acc_lim_theta"":0.7859391282065842,""acc_lim_x"":0.7820686639678072,""inflation_dist"":0.5511264726227406,""max_vel_theta"":1.0,""max_vel_x"":1.2,""min_obstacle_dist"":0.25,""weight_obstacle"":50.3533877398307,""weight_optimaltime"":0.9652185797691345,""weight_viapoint"":1.0}","{""acc_lim_theta"":0.7859391282065842,""acc_lim_x"":0.7820686639678072,""inflation_dist"":0.5511264726227406,""max_vel_theta"":1.0,""max_vel_x"":1.2,""min_obstacle_dist"":0.25,""weight_obstacle"":50.3533877398307,""weight_optimaltime"":0.9652185797691345,""weight_viapoint"":1.0}","{""acc_lim_theta"":0.7859391282065842,""acc_lim_x"":0.7820686639678072,""inflation_dist"":0.5511264726227406,""max_vel_theta"":1.0,""max_vel_x"":1.2,""min_obstacle_dist"":0.25,""weight_obstacle"":50.3533877398307,""weight_optimaltime"":0.9652185797691345,""weight_viapoint"":1.0}","{""acc_lim_theta"":0.7859391282065842,""acc_lim_x"":0.7820686639678072,""inflation_dist"":0.5511264726227406,""max_vel_theta"":1.0,""max_vel_x"":1.2,""min_obstacle_dist"":0.25,""weight_obstacle"":50.3533877398307,""weight_optimaltime"":0.9652185797691345,""weight_viapoint"":1.0}",false,,false,WARNING,margin:warning|safety_mode:WARNING:conservative_filter,false,,2.400973202695002,2.455672735019423,-0.04500000000000011,-0.0,-0.0016120105655106054,-0.0002394113465152243,-0.0,-0.00784811041239518,0.0,0.0,0.0,0.0,0.0,0.0,1.1947590101044625,17.999999999998906,92.00000000000053,true,
t12p_directional_seed101,t12p_directional_seed101-episode-000002,2,3,13.248,12.646,12.65,12.664,12.746,13.246,0,0.45000000000000107,true,,4.599551117639127,4.126657613851081,0.0511201309907107,0.33340461926300324,0.49027494866464183,1.0,0.4202767276961394,1.1665526933937471,-0.1108139180839336,"[0.6794606447219849,-0.3478142023086548,-0.12167227268218994,0.444332480430603,-0.06544613838195801]","[0.6366407871246338,-0.1320345401763916,-0.09176987409591675,0.09610307216644287,-0.08317649364471436]","[1.0,-0.4798487424850464,-0.2134421467781067,0.5404355525970459,-0.14862263202667236]","{""acc_lim_theta"":0.7859391282065842,""acc_lim_x"":0.7820686639678072,""inflation_dist"":0.5511264726227406,""max_vel_theta"":1.0,""max_vel_x"":1.2,""min_obstacle_dist"":0.25,""weight_obstacle"":50.3533877398307,""weight_optimaltime"":0.9652185797691345,""weight_viapoint"":1.0}","{""acc_lim_theta"":0.7652574600605536,""acc_lim_x"":0.7838020002118673,""inflation_dist"":0.5519761012890139,""max_vel_theta"":1.0,""max_vel_x"":1.2,""min_obstacle_dist"":0.25,""weight_obstacle"":50.80251359848109,""weight_optimaltime"":0.9520151257514953,""weight_viapoint"":1.0}","{""acc_lim_theta"":0.7652574600605536,""acc_lim_x"":0.7838020002118673,""inflation_dist"":0.5519761012890139,""max_vel_theta"":1.0,""max_vel_x"":1.2,""min_obstacle_dist"":0.25,""weight_obstacle"":50.80251359848109,""weight_optimaltime"":0.9520151257514953,""weight_viapoint"":1.0}","{""acc_lim_theta"":0.7652574600605536,""acc_lim_x"":0.7838020002118673,""inflation_dist"":0.5519761012890139,""max_vel_theta"":1.0,""max_vel_x"":1.2,""min_obstacle_dist"":0.25,""weight_obstacle"":50.80251359848109,""weight_optimaltime"":0.9520151257514953,""weight_viapoint"":1.0}","{""acc_lim_theta"":0.7652574600605536,""acc_lim_x"":0.7838020002118673,""inflation_dist"":0.5519761012890139,""max_vel_theta"":1.0,""max_vel_x"":1.2,""min_obstacle_dist"":0.25,""weight_obstacle"":50.80251359848109,""weight_optimaltime"":0.9520151257514953,""weight_viapoint"":1.0}",false,,false,WARNING,margin:warning|safety_mode:WARNING:conservative_filter,false,,2.3053336483108158,2.3644675189402298,-0.04500000000000011,-0.0039264914727468545,-0.0007690844651532041,-5.2850025656287245e-05,-0.0,-0.009385444665857945,0.0,0.0,0.0,0.0,0.0,0.0,0.8304640068672597,13.999999999999346,96.00000000000009,true,
t12p_directional_seed101,t12p_directional_seed101-episode-000002,3,4,13.848,13.246,13.25,13.268,13.346,13.846,0,0.4499999999999993,true,,3.984936986151126,3.5124700850669743,0.1136795425765642,0.16403285147969704,0.3808533595814012,1.0,0.33021887251726606,1.165244879153777,-0.40740141536780816,"[1.0,-0.4798487424850464,-0.2134421467781067,0.5404355525970459,-0.14862263202667236]","[0.5677967071533203,-0.3431689739227295,-0.15699100494384766,0.1255255937576294,0.13685393333435059]","[1.0,-0.8230177164077759,-0.37043315172195435,0.6659611463546753,-0.011768698692321777]","{""acc_lim_theta"":0.7652574600605536,""acc_lim_x"":0.7838020002118673,""inflation_dist"":0.5519761012890139,""max_vel_theta"":1.0,""max_vel_x"":1.2,""min_obstacle_dist"":0.25,""weight_obstacle"":50.80251359848109,""weight_optimaltime"":0.9520151257514953,""weight_viapoint"":1.0}","{""acc_lim_theta"":0.7407625979266967,""acc_lim_x"":0.775640212756114,""inflation_dist"":0.5534295636530128,""max_vel_theta"":1.0,""max_vel_x"":1.1997438080524523,""min_obstacle_dist"":0.25,""weight_obstacle"":50.06354712339719,""weight_optimaltime"":0.9176982283592223,""weight_viapoint"":1.0}","{""acc_lim_theta"":0.7407625979266967,""acc_lim_x"":0.775640212756114,""inflation_dist"":0.5534295636530128,""max_vel_theta"":0.9997865067103769,""max_vel_x"":1.1997438080524523,""min_obstacle_dist"":0.25,""weight_obstacle"":50.06354712339719,""weight_optimaltime"":0.9176982283592223,""weight_viapoint"":1.0}","{""acc_lim_theta"":0.7407625979266967,""acc_lim_x"":0.775640212756114,""inflation_dist"":0.5534295636530128,""max_vel_theta"":0.9997865067103769,""max_vel_x"":1.1997438080524523,""min_obstacle_dist"":0.25,""weight_obstacle"":50.80251359848109,""weight_optimaltime"":0.9176982283592223,""weight_viapoint"":1.0}","{""acc_lim_theta"":0.7407625979266967,""acc_lim_x"":0.775640212756114,""inflation_dist"":0.5534295636530128,""max_vel_theta"":0.9997865067103769,""max_vel_x"":1.1997438080524523,""min_obstacle_dist"":0.25,""weight_obstacle"":50.80251359848109,""weight_optimaltime"":0.9176982283592223,""weight_viapoint"":1.0}",true,max_vel_theta:ackermann_turning_radius,true,WARNING,margin:warning|safety_mode:WARNING:conservative_filter,false,,2.198287183391212,2.362334505420758,-0.04499999999999993,-0.09809896464038309,-0.005389865500929838,-3.027773538415962e-05,-0.0,-0.015528214152848913,0.0,0.0,0.0,1.0,0.0,0.0,0.9039670112542808,18.000000000000682,96.00000000000009,true,
t12p_directional_seed101,t12p_directional_seed101-episode-000002,4,5,14.496,13.846,13.85,13.866,13.946,14.446,0,0.5,true,,3.364479171945057,2.8660594793724568,0.041665454348269695,0.051446890429587534,0.3787717857052794,1.0,0.3879626818683957,1.0796538092392267,-0.48546295364323006,"[1.0,-0.8230177164077759,-0.37043315172195435,0.6659611463546753,-0.011768698692321777]","[0.35170412063598633,-0.22934138774871826,0.044820427894592285,0.02716505527496338,0.283435583114624]","[1.0,-1.0,-0.32561272382736206,0.6931262016296387,0.27166688442230225]","{""acc_lim_theta"":0.7407625979266967,""acc_lim_x"":0.775640212756114,""inflation_dist"":0.5534295636530128,""max_vel_theta"":0.9997865067103769,""max_vel_x"":1.1997438080524523,""min_obstacle_dist"":0.25,""weight_obstacle"":50.80251359848109,""weight_optimaltime"":0.9176982283592223,""weight_viapoint"":1.0}","{""acc_lim_theta"":0.7176289641045991,""acc_lim_x"":0.7738688496952439,""inflation_dist"":0.5530146048144066,""max_vel_theta"":0.9997865067103769,""max_vel_x"":1.1892139264739703,""min_obstacle_dist"":0.25,""weight_obstacle"":50.0,""weight_optimaltime"":0.8947640895843505,""weight_viapoint"":1.0}","{""acc_lim_theta"":0.7176289641045991,""acc_lim_x"":0.7738688496952439,""inflation_dist"":0.5530146048144066,""max_vel_theta"":0.9910116053949752,""max_vel_x"":1.1892139264739703,""min_obstacle_dist"":0.25,""weight_obstacle"":50.0,""weight_optimaltime"":0.8947640895843505,""weight_viapoint"":1.0}","{""acc_lim_theta"":0.6407625979266968,""acc_lim_x"":0.675640212756114,""inflation_dist"":0.55,""max_vel_theta"":0.899786506710377,""max_vel_x"":1.0997438080524522,""min_obstacle_dist"":0.25,""weight_obstacle"":60.0,""weight_optimaltime"":0.8176982283592223,""weight_viapoint"":1.5}","{""acc_lim_theta"":0.6407625979266968,""acc_lim_x"":0.675640212756114,""inflation_dist"":0.55,""max_vel_theta"":0.899786506710377,""max_vel_x"":1.0997438080524522,""min_obstacle_dist"":0.25,""weight_obstacle"":60.0,""weight_optimaltime"":0.8176982283592223,""weight_viapoint"":1.5}",true,max_vel_theta:ackermann_turning_radius,true,WARNING,margin:warning|safety_mode:WARNING:conservative_filter|warning:corridor_feasibility_profile,false,,2.1718099708524057,2.4920984628630016,-0.05,-0.10679546025604533,-0.010697046773969673,-0.010087803514777819,-0.0,-0.14270818146580339,0.0,0.0,0.0,1.0,0.0,0.0,1.3169680023565888,16.000000000000014,96.00000000000009,true,
t12p_directional_seed101,t12p_directional_seed101-episode-000002,5,6,15.094,14.475999999999999,14.496,14.52,14.544,15.044,0,0.5,true,,2.7629672407145716,2.2905173430037373,0.02144228071417957,0.27922153712224024,0.3747963531012531,1.0,0.3925568179742336,0.9670346258480021,-0.44181105626111195,"[1.0,-1.0,-0.32561272382736206,0.6931262016296387,0.27166688442230225]","[0.5559914112091064,0.14438021183013916,0.006492257118225098,0.41143035888671875,-0.14531570672988892]","[1.0,-0.8556197881698608,-0.31912046670913696,1.0,0.12635117769241333]","{""acc_lim_theta"":0.6407625979266968,""acc_lim_x"":0.675640212756114,""inflation_dist"":0.55,""max_vel_theta"":0.899786506710377,""max_vel_x"":1.0997438080524522,""min_obstacle_dist"":0.25,""weight_obstacle"":60.0,""weight_optimaltime"":0.8176982283592223,""weight_viapoint"":1.5}","{""acc_lim_theta"":0.6335636961667662,""acc_lim_x"":0.674293840777001,""inflation_dist"":0.55,""max_vel_theta"":0.899786506710377,""max_vel_x"":1.1090309020080893,""min_obstacle_dist"":0.2535091441458304,""weight_obstacle"":60.78465728357373,""weight_optimaltime"":0.8321362495422362,""weight_viapoint"":1.5}","{""acc_lim_theta"":0.6335636961667662,""acc_lim_x"":0.674293840777001,""inflation_dist"":0.55,""max_vel_theta"":0.899786506710377,""max_vel_x"":1.1090309020080893,""min_obstacle_dist"":0.2535091441458304,""weight_obstacle"":60.78465728357373,""weight_optimaltime"":0.8321362495422362,""weight_viapoint"":1.5}","{""acc_lim_theta"":0.6,""acc_lim_x"":0.575640212756114,""inflation_dist"":0.55,""max_vel_theta"":0.799786506710377,""max_vel_x"":0.9997438080524522,""min_obstacle_dist"":0.25,""weight_obstacle"":60.0,""weight_optimaltime"":0.7176982283592224,""weight_viapoint"":2.0}","{""acc_lim_theta"":0.6,""acc_lim_x"":0.575640212756114,""inflation_dist"":0.55,""max_vel_theta"":0.799786506710377,""max_vel_x"":0.9997438080524522,""min_obstacle_dist"":0.25,""weight_obstacle"":60.0,""weight_optimaltime"":0.7176982283592224,""weight_viapoint"":2.0}",false,,true,WARNING,margin:warning|safety_mode:WARNING:conservative_filter|warning:corridor_feasibility_profile,false,,2.0708583487145615,2.362249488554171,-0.05,-0.12117309405602038,-0.0004956853839085038,-0.011198377584672953,-0.0,-0.10852398281500751,0.0,0.0,0.0,0.0,0.0,0.0,0.7460790075128898,23.999999999999133,48.00000000000004,true,
t12p_directional_seed101,t12p_directional_seed101-episode-000002,6,7,15.648,15.076,15.094,15.114,15.146,15.646,0,0.45000000000000107,true,,2.194557937420501,1.7954438618307622,0.011127716181273109,0.45420648585802115,0.3747963531012531,1.0,0.5383552179686377,0.8657579975607278,-0.2384869193956017,"[1.0,-0.8556197881698608,-0.31912046670913696,1.0,0.12635117769241333]","[0.5525891780853271,0.30104899406433105,-0.07772207260131836,0.4235117435455322,-0.22486859560012817]","[1.0,-0.5545707941055298,-0.3968425393104553,1.0,-0.09851741790771484]","{""acc_lim_theta"":0.6,""acc_lim_x"":0.575640212756114,""inflation_dist"":0.55,""max_vel_theta"":0.799786506710377,""max_vel_x"":0.9997438080524522,""min_obstacle_dist"":0.25,""weight_obstacle"":60.0,""weight_optimaltime"":0.7176982283592224,""weight_viapoint"":2.0}","{""acc_lim_theta"":0.5959172616473278,""acc_lim_x"":0.5776468915841555,""inflation_dist"":0.5507195705729664,""max_vel_theta"":0.799786506710377,""max_vel_x"":1.0133100307171838,""min_obstacle_dist"":0.25486163881076523,""weight_obstacle"":61.214216861723074,""weight_optimaltime"":0.7478031277656555,""weight_viapoint"":2.0}","{""acc_lim_theta"":0.5959172616473278,""acc_lim_x"":0.5776468915841555,""inflation_dist"":0.5507195705729664,""max_vel_theta"":0.799786506710377,""max_vel_x"":1.0133100307171838,""min_obstacle_dist"":0.25486163881076523,""weight_obstacle"":61.214216861723074,""weight_optimaltime"":0.7478031277656555,""weight_viapoint"":2.0}","{""acc_lim_theta"":0.6,""acc_lim_x"":0.475640212756114,""inflation_dist"":0.55,""max_vel_theta"":0.699786506710377,""max_vel_x"":0.8997438080524522,""min_obstacle_dist"":0.25,""weight_obstacle"":60.0,""weight_optimaltime"":0.65,""weight_viapoint"":2.5}","{""acc_lim_theta"":0.6,""acc_lim_x"":0.475640212756114,""inflation_dist"":0.55,""max_vel_theta"":0.699786506710377,""max_vel_x"":0.8997438080524522,""min_obstacle_dist"":0.25,""weight_obstacle"":60.0,""weight_optimaltime"":0.65,""weight_viapoint"":2.5}",false,,true,WARNING,margin:warning|safety_mode:WARNING:conservative_filter|warning:corridor_feasibility_profile,false,,1.7537758610894525,1.9955703779486933,-0.04500000000000011,-0.0963355780014662,-0.00037170039056728146,-0.008214259462029687,-0.0,-0.09187297900517778,0.0,0.0,0.0,0.0,0.0,0.0,0.738450005883351,20.00000000000135,52.00000000000138,true,
t12p_directional_seed101,t12p_directional_seed101-episode-000002,7,8,16.294,15.646,15.65,15.672,15.744,16.244,0,0.5,true,,1.6745884356792284,1.2441908450803605,0.021306993281781223,0.5172409180120918,0.3747963531012531,0.9875,0.7785055535431675,0.8653934396458437,-0.02282001726097435,"[1.0,-0.5545707941055298,-0.3968425393104553,1.0,-0.09851741790771484]","[0.4032377004623413,0.2987746000289917,-0.13679343461990356,0.1868882179260254,-0.29768145084381104]","[1.0,-0.2557961940765381,-0.5336359739303589,1.0,-0.3961988687515259]","{""acc_lim_theta"":0.6,""acc_lim_x"":0.475640212756114,""inflation_dist"":0.55,""max_vel_theta"":0.699786506710377,""max_vel_x"":0.8997438080524522,""min_obstacle_dist"":0.25,""weight_obstacle"":60.0,""weight_optimaltime"":0.65,""weight_viapoint"":2.5}","{""acc_lim_theta"":0.5983555779049485,""acc_lim_x"":0.48314417239966534,""inflation_dist"":0.5512664681580534,""max_vel_theta"":0.699786506710377,""max_vel_x"":0.9202410140294788,""min_obstacle_dist"":0.2532198003826205,""weight_obstacle"":61.60738246295401,""weight_optimaltime"":0.6798774600028992,""weight_viapoint"":2.5}","{""acc_lim_theta"":0.5983555779049485,""acc_lim_x"":0.48314417239966534,""inflation_dist"":0.5512664681580534,""max_vel_theta"":0.699786506710377,""max_vel_x"":0.9202410140294788,""min_obstacle_dist"":0.2532198003826205,""weight_obstacle"":61.60738246295401,""weight_optimaltime"":0.6798774600028992,""weight_viapoint"":2.5}","{""acc_lim_theta"":0.5983555779049485,""acc_lim_x"":0.48314417239966534,""inflation_dist"":0.5512664681580534,""max_vel_theta"":0.699786506710377,""max_vel_x"":0.8997438080524522,""min_obstacle_dist"":0.2532198003826205,""weight_obstacle"":61.60738246295401,""weight_optimaltime"":0.6798774600028992,""weight_viapoint"":2.5}","{""acc_lim_theta"":0.5983555779049485,""acc_lim_x"":0.48314417239966534,""inflation_dist"":0.5512664681580534,""max_vel_theta"":0.699786506710377,""max_vel_x"":0.8997438080524522,""min_obstacle_dist"":0.2532198003826205,""weight_obstacle"":61.60738246295401,""weight_optimaltime"":0.6798774600028992,""weight_viapoint"":2.5}",false,,true,WARNING,margin:warning|safety_mode:WARNING:conservative_filter,false,,2.0797963377602393,2.1519879529943395,-0.05,-0.008957044476840917,-6.25434631234877e-05,-4.490673479115379e-05,-0.0,-0.013127120559344821,0.0,0.0,0.0,0.0,0.0,0.0,1.0052750003524125,22.00000000000024,93.99999999999942,true,
t12p_directional_seed101,t12p_directional_seed101-episode-000002,8,9,16.894,16.292,16.294,16.312,16.344,16.844,0,0.5,true,,1.1585774242471054,0.7393361701762631,0.05312808729194127,0.46004647101849133,0.3747963531012531,1.0,1.233226795713882,0.7900838926441338,0.2106302665954867,"[1.0,-0.2557961940765381,-0.5336359739303589,1.0,-0.3961988687515259]","[0.38785791397094727,0.1326582431793213,-0.005177915096282959,-0.12954384088516235,-0.2602100372314453]","[1.0,-0.1231379508972168,-0.5388138890266418,0.8704561591148376,-0.6564089059829712]","{""acc_lim_theta"":0.5983555779049485,""acc_lim_x"":0.48314417239966534,""inflation_dist"":0.5512664681580534,""max_vel_theta"":0.699786506710377,""max_vel_x"":0.8997438080524522,""min_obstacle_dist"":0.2532198003826205,""weight_obstacle"":61.60738246295401,""weight_optimaltime"":0.6798774600028992,""weight_viapoint"":2.5}","{""acc_lim_theta"":0.5879399494415328,""acc_lim_x"":0.4987629577758803,""inflation_dist"":0.5513144066034383,""max_vel_theta"":0.699786506710377,""max_vel_x"":0.9251181159339337,""min_obstacle_dist"":0.25614423967565725,""weight_obstacle"":63.012431549300636,""weight_optimaltime"":0.6931432843208313,""weight_viapoint"":2.5}","{""acc_lim_theta"":0.5879399494415328,""acc_lim_x"":0.4987629577758803,""inflation_dist"":0.5513144066034383,""max_vel_theta"":0.699786506710377,""max_vel_x"":0.9251181159339337,""min_obstacle_dist"":0.25614423967565725,""weight_obstacle"":63.012431549300636,""weight_optimaltime"":0.6931432843208313,""weight_viapoint"":2.5}","{""acc_lim_theta"":0.5879399494415328,""acc_lim_x"":0.4987629577758803,""inflation_dist"":0.5513144066034383,""max_vel_theta"":0.699786506710377,""max_vel_x"":0.8997438080524522,""min_obstacle_dist"":0.25614423967565725,""weight_obstacle"":63.012431549300636,""weight_optimaltime"":0.6931432843208313,""weight_viapoint"":2.5}","{""acc_lim_theta"":0.5879399494415328,""acc_lim_x"":0.4987629577758803,""inflation_dist"":0.5513144066034383,""max_vel_theta"":0.699786506710377,""max_vel_x"":0.8997438080524522,""min_obstacle_dist"":0.25614423967565725,""weight_obstacle"":63.012431549300636,""weight_optimaltime"":0.6931432843208313,""weight_viapoint"":2.5}",false,,true,WARNING,margin:warning|safety_mode:WARNING:conservative_filter,false,,2.0312005390294074,2.0962062703542115,-0.05,-0.0,-0.0006596486303980448,-0.0011907437823225674,-0.0,-0.013155338912083476,0.0,0.0,0.0,0.0,0.0,0.0,0.7442890055244789,18.000000000000682,50.00000000000071,true,
t12p_directional_seed101,t12p_directional_seed101-episode-000002,9,10,18.646,16.876,16.894,16.914,16.944,17.444,0,0.4499999999999993,true,,0.6616585481800288,0.35903650090978756,0.007258798113646459,0.005410253254145955,0.3747963531012531,0.0,35.281494094008345,0.0,0.0,"[1.0,-0.1231379508972168,-0.5388138890266418,0.8704561591148376,-0.6564089059829712]","[0.281597375869751,0.036241769790649414,-0.14916843175888062,-0.1515507698059082,0.05098319053649902]","[1.0,-0.08689618110656738,-0.6879823207855225,0.7189053893089294,-0.6054257154464722]","{""acc_lim_theta"":0.5879399494415328,""acc_lim_x"":0.4987629577758803,""inflation_dist"":0.5513144066034383,""max_vel_theta"":0.699786506710377,""max_vel_x"":0.8997438080524522,""min_obstacle_dist"":0.25614423967565725,""weight_obstacle"":63.012431549300636,""weight_optimaltime"":0.6931432843208313,""weight_viapoint"":2.5}","{""acc_lim_theta"":0.5708566843977729,""acc_lim_x"":0.5083858335442215,""inflation_dist"":0.5526954456096911,""max_vel_theta"":0.699786506710377,""max_vel_x"":0.9055590410407792,""min_obstacle_dist"":0.2529678787618185,""weight_obstacle"":62.73713899700517,""weight_optimaltime"":0.6967674612998962,""weight_viapoint"":2.5}","{""acc_lim_theta"":0.5708566843977729,""acc_lim_x"":0.5083858335442215,""inflation_dist"":0.5526954456096911,""max_vel_theta"":0.699786506710377,""max_vel_x"":0.9055590410407792,""min_obstacle_dist"":0.2529678787618185,""weight_obstacle"":62.73713899700517,""weight_optimaltime"":0.6967674612998962,""weight_viapoint"":2.5}","{""acc_lim_theta"":0.5708566843977729,""acc_lim_x"":0.5083858335442215,""inflation_dist"":0.5526954456096911,""max_vel_theta"":0.699786506710377,""max_vel_x"":0.8997438080524522,""min_obstacle_dist"":0.25614423967565725,""weight_obstacle"":63.012431549300636,""weight_optimaltime"":0.6967674612998962,""weight_viapoint"":2.5}","{""acc_lim_theta"":0.5708566843977729,""acc_lim_x"":0.5083858335442215,""inflation_dist"":0.5526954456096911,""max_vel_theta"":0.699786506710377,""max_vel_x"":0.8997438080524522,""min_obstacle_dist"":0.25614423967565725,""weight_obstacle"":63.012431549300636,""weight_optimaltime"":0.6967674612998962,""weight_viapoint"":2.5}",false,,true,WARNING,margin:warning|safety_mode:WARNING:conservative_filter,false,,11.449913821358956,1.5131102363512061,-0.04499999999999993,-0.0,-0.0018962643417044494,-0.00850419747849215,-0.0,-0.00779595317205333,10.0,0.0,0.0,0.0,0.0,0.0,0.8775780006544665,20.000000000003126,50.00000000000071,true,
t12p_directional_seed101,t12p_directional_seed101-episode-000003,0,1,20.192,19.596,19.598,19.614,19.642,20.142,0,0.5,true,,4.9277442614551825,4.44172821835041,0.004322709298016217,0.007953748174062266,0.347999289180818,0.8969258589511754,0.302607211809099,1.167163470425042,-0.07436108730585972,"[0.0,0.0,0.0,0.0,0.0]","[0.4844176769256592,-0.6649989485740662,0.588369607925415,0.14645540714263916,-0.6731598973274231]","[0.4844176769256592,-0.6649989485740662,0.588369607925415,0.14645540714263916,-0.6731598973274231]","{""acc_lim_theta"":0.8,""acc_lim_x"":0.8,""inflation_dist"":0.55,""max_vel_theta"":1.0,""max_vel_x"":1.2,""min_obstacle_dist"":0.25,""weight_obstacle"":50.0,""weight_optimaltime"":1.0,""weight_viapoint"":1.0}","{""acc_lim_theta"":0.8,""acc_lim_x"":0.7894190499189518,""inflation_dist"":0.55,""max_vel_theta"":1.0,""max_vel_x"":1.2,""min_obstacle_dist"":0.25047185199560645,""weight_obstacle"":53.634843254965666,""weight_optimaltime"":0.9335001051425934,""weight_viapoint"":1.0}","{""acc_lim_theta"":0.8,""acc_lim_x"":0.7894190499189518,""inflation_dist"":0.55,""max_vel_theta"":1.0,""max_vel_x"":1.2,""min_obstacle_dist"":0.25047185199560645,""weight_obstacle"":53.634843254965666,""weight_optimaltime"":0.9335001051425934,""weight_viapoint"":1.0}","{""acc_lim_theta"":0.8,""acc_lim_x"":0.7894190499189518,""inflation_dist"":0.55,""max_vel_theta"":1.0,""max_vel_x"":1.2,""min_obstacle_dist"":0.25047185199560645,""weight_obstacle"":53.634843254965666,""weight_optimaltime"":0.9335001051425934,""weight_viapoint"":1.0}","{""acc_lim_theta"":0.8,""acc_lim_x"":0.7894190499189518,""inflation_dist"":0.55,""max_vel_theta"":1.0,""max_vel_x"":1.2,""min_obstacle_dist"":0.25047185199560645,""weight_obstacle"":53.634843254965666,""weight_optimaltime"":0.9335001051425934,""weight_viapoint"":1.0}",false,,false,WARNING,margin:warning|safety_mode:WARNING:conservative_filter,false,,2.0198954273680174,2.430080215523862,-0.05,-0.17294769452804215,-3.754487616100165e-05,-0.16379590495172477,-0.0,-0.023403643799917287,0.0,0.0,0.0,0.0,0.0,0.0,1.1854759941343218,16.00000000000179,44.00000000000048,true,
t12p_directional_seed101,t12p_directional_seed101-episode-000003,1,2,20.79,20.176,20.194,20.214,20.24,20.74,0,0.5,true,,4.3250171151093175,3.795899262150223,0.04506646916285375,0.023264108029158057,0.34184922761060027,0.9112227805695142,0.3316434507778923,1.0550040362760251,-0.0438975133875716,"[0.4844176769256592,-0.6649989485740662,0.588369607925415,0.14645540714263916,-0.6731598973274231]","[0.5152188539505005,-0.6762911081314087,0.5392059087753296,0.06783473491668701,-0.721327006816864]","[0.9996365308761597,-1.0,1.0,0.21429014205932617,-1.0]","{""acc_lim_theta"":0.8,""acc_lim_x"":0.7894190499189518,""inflation_dist"":0.55,""max_vel_theta"":1.0,""max_vel_x"":1.2,""min_obstacle_dist"":0.25047185199560645,""weight_obstacle"":53.634843254965666,""weight_optimaltime"":0.9335001051425934,""weight_viapoint"":1.0}","{""acc_lim_theta"":0.8,""acc_lim_x"":0.7812942768369842,""inflation_dist"":0.55,""max_vel_theta"":1.0,""max_vel_x"":1.2,""min_obstacle_dist"":0.25,""weight_obstacle"":57.5297731457128,""weight_optimaltime"":0.8658709943294525,""weight_viapoint"":1.0}","{""acc_lim_theta"":0.8,""acc_lim_x"":0.7812942768369842,""inflation_dist"":0.55,""max_vel_theta"":1.0,""max_vel_x"":1.2,""min_obstacle_dist"":0.25,""weight_obstacle"":57.5297731457128,""weight_optimaltime"":0.8658709943294525,""weight_viapoint"":1.0}","{""acc_lim_theta"":0.7000000000000001,""acc_lim_x"":0.6894190499189519,""inflation_dist"":0.55,""max_vel_theta"":0.9,""max_vel_x"":1.0999999999999999,""min_obstacle_dist"":0.25,""weight_obstacle"":60.0,""weight_optimaltime"":0.8335001051425934,""weight_viapoint"":1.5}","{""acc_lim_theta"":0.7000000000000001,""acc_lim_x"":0.6894190499189519,""inflation_dist"":0.55,""max_vel_theta"":0.9,""max_vel_x"":1.0999999999999999,""min_obstacle_dist"":0.25,""weight_obstacle"":60.0,""weight_optimaltime"":0.8335001051425934,""weight_viapoint"":1.5}",false,,true,WARNING,margin:warning|safety_mode:WARNING:conservative_filter|warning:corridor_feasibility_profile,false,,2.2705536720909443,2.6455892647954715,-0.05,-0.17478005314359144,-0.000398019470191133,-0.013605132469100665,-0.0,-0.13625238762164457,0.0,0.0,0.0,0.0,0.0,0.0,1.2726569984806702,19.999999999999574,45.999999999999375,true,
t12p_directional_seed101,t12p_directional_seed101-episode-000003,2,3,21.392,20.78,20.792,20.812,20.842,21.342,0,0.5,true,,3.690435828481573,3.219633377139599,0.03537123912500079,0.012406436117239399,0.3359245812385016,0.8986928104575164,0.3631469508239608,0.9303777902833601,0.11274668834739474,"[0.9996365308761597,-1.0,1.0,0.21429014205932617,-1.0]","[0.4524576663970947,-0.6135856509208679,0.3653531074523926,0.19429028034210205,-0.771944522857666]","[1.0,-1.0,1.0,0.4085804224014282,-1.0]","{""acc_lim_theta"":0.7000000000000001,""acc_lim_x"":0.6894190499189519,""inflation_dist"":0.55,""max_vel_theta"":0.9,""max_vel_x"":1.0999999999999999,""min_obstacle_dist"":0.25,""weight_obstacle"":60.0,""weight_optimaltime"":0.8335001051425934,""weight_viapoint"":1.5}","{""acc_lim_theta"":0.7124379988505019,""acc_lim_x"":0.6751286894596271,""inflation_dist"":0.55,""max_vel_theta"":0.9,""max_vel_x"":1.1488057494718684,""min_obstacle_dist"":0.25,""weight_obstacle"":64.16824792037798,""weight_optimaltime"":0.7721415400505066,""weight_viapoint"":1.5}","{""acc_lim_theta"":0.7124379988505019,""acc_lim_x"":0.6751286894596271,""inflation_dist"":0.55,""max_vel_theta"":0.9,""max_vel_x"":1.1488057494718684,""min_obstacle_dist"":0.25,""weight_obstacle"":64.16824792037798,""weight_optimaltime"":0.7721415400505066,""weight_viapoint"":1.5}","{""acc_lim_theta"":0.6000000000000001,""acc_lim_x"":0.5894190499189519,""inflation_dist"":0.55,""max_vel_theta"":0.8,""max_vel_x"":0.9999999999999999,""min_obstacle_dist"":0.25,""weight_obstacle"":60.0,""weight_optimaltime"":0.7335001051425935,""weight_viapoint"":2.0}","{""acc_lim_theta"":0.6000000000000001,""acc_lim_x"":0.5894190499189519,""inflation_dist"":0.55,""max_vel_theta"":0.8,""max_vel_x"":0.9999999999999999,""min_obstacle_dist"":0.25,""weight_obstacle"":60.0,""weight_optimaltime"":0.7335001051425935,""weight_viapoint"":2.0}",false,,true,WARNING,margin:warning|safety_mode:WARNING:conservative_filter|warning:corridor_feasibility_profile,false,,1.9376713773523775,2.35401225670987,-0.05,-0.18760169098005058,-0.000690497862054213,-0.0547153571820545,-0.0,-0.12333333333333332,0.0,0.0,0.0,0.0,0.0,0.0,0.7308409985853359,19.999999999999574,49.99999999999716,true,
t12p_directional_seed101,t12p_directional_seed101-episode-000003,3,4,21.99,21.376,21.394,21.414,21.44,21.94,0,0.5,true,,3.126597730087785,2.6478979722334723,0.04401800772519644,0.022073117677812035,0.3351894000553606,0.8856682769726248,0.3571388116028914,0.9714170783234324,0.08841567922096681,"[1.0,-1.0,1.0,0.4085804224014282,-1.0]","[0.7871055603027344,-0.6114581227302551,0.21473979949951172,0.14118242263793945,-0.8672795295715332]","[1.0,-1.0,1.0,0.5497628450393677,-1.0]","{""acc_lim_theta"":0.6000000000000001,""acc_lim_x"":0.5894190499189519,""inflation_dist"":0.55,""max_vel_theta"":0.8,""max_vel_x"":0.9999999999999999,""min_obstacle_dist"":0.25,""weight_obstacle"":60.0,""weight_optimaltime"":0.7335001051425935,""weight_viapoint"":2.0}","{""acc_lim_theta"":0.6006306146401601,""acc_lim_x"":0.580840026407651,""inflation_dist"":0.55,""max_vel_theta"":0.8,""max_vel_x"":1.0618310196355643,""min_obstacle_dist"":0.25,""weight_obstacle"":64.68302577255216,""weight_optimaltime"":0.6723542928695679,""weight_viapoint"":2.0}","{""acc_lim_theta"":0.6006306146401601,""acc_lim_x"":0.580840026407651,""inflation_dist"":0.55,""max_vel_theta"":0.8,""max_vel_x"":1.0618310196355643,""min_obstacle_dist"":0.25,""weight_obstacle"":64.68302577255216,""weight_optimaltime"":0.6723542928695679,""weight_viapoint"":2.0}","{""acc_lim_theta"":0.6006306146401601,""acc_lim_x"":0.580840026407651,""inflation_dist"":0.55,""max_vel_theta"":0.8,""max_vel_x"":0.9999999999999999,""min_obstacle_dist"":0.25,""weight_obstacle"":64.68302577255216,""weight_optimaltime"":0.6723542928695679,""weight_viapoint"":2.0}","{""acc_lim_theta"":0.6006306146401601,""acc_lim_x"":0.580840026407651,""inflation_dist"":0.55,""max_vel_theta"":0.8,""max_vel_x"":0.9999999999999999,""min_obstacle_dist"":0.25,""weight_obstacle"":64.68302577255216,""weight_optimaltime"":0.6723542928695679,""weight_viapoint"":2.0}",false,,true,WARNING,margin:warning|safety_mode:WARNING:conservative_filter,false,,2.1316872869019337,2.3934987892715642,-0.05,-0.18354029106398878,-0.0007964769400781888,-0.00357711082798917,-0.0,-0.023897623537574644,0.0,0.0,0.0,0.0,0.0,0.0,1.079598005162552,20.000000000003126,46.00000000000293,true,
t12p_directional_seed101,t12p_directional_seed101-episode-000003,4,5,22.592,21.976,21.992,22.008,22.042,22.542,0,0.5,true,,2.5507718978358276,2.0780615399396405,0.00583634113661467,0.0024078517988037245,0.3351894000553606,0.8785942492012779,0.35679179758350155,0.9613801291201317,-0.05837502982317952,"[1.0,-1.0,1.0,0.5497628450393677,-1.0]","[0.8512532711029053,-0.7733349204063416,0.09874343872070312,0.14944422245025635,-0.7772206664085388]","[1.0,-1.0,1.0,0.699207067489624,-1.0]","{""acc_lim_theta"":0.6006306146401601,""acc_lim_x"":0.580840026407651,""inflation_dist"":0.55,""max_vel_theta"":0.8,""max_vel_x"":0.9999999999999999,""min_obstacle_dist"":0.25,""weight_obstacle"":64.68302577255216,""weight_optimaltime"":0.6723542928695679,""weight_viapoint"":2.0}","{""acc_lim_theta"":0.5958410070104851,""acc_lim_x"":0.5663057143903354,""inflation_dist"":0.55,""max_vel_theta"":0.8,""max_vel_x"":1.0576043742642702,""min_obstacle_dist"":0.25,""weight_obstacle"":68.87976314227828,""weight_optimaltime"":0.5950208008289337,""weight_viapoint"":2.0}","{""acc_lim_theta"":0.5958410070104851,""acc_lim_x"":0.5663057143903354,""inflation_dist"":0.55,""max_vel_theta"":0.8,""max_vel_x"":1.0576043742642702,""min_obstacle_dist"":0.25,""weight_obstacle"":68.87976314227828,""weight_optimaltime"":0.5950208008289337,""weight_viapoint"":2.0}","{""acc_lim_theta"":0.5958410070104851,""acc_lim_x"":0.5663057143903354,""inflation_dist"":0.55,""max_vel_theta"":0.8,""max_vel_x"":0.9999999999999999,""min_obstacle_dist"":0.25,""weight_obstacle"":68.87976314227828,""weight_optimaltime"":0.5950208008289337,""weight_viapoint"":2.0}","{""acc_lim_theta"":0.5958410070104851,""acc_lim_x"":0.5663057143903354,""inflation_dist"":0.55,""max_vel_theta"":0.8,""max_vel_x"":0.9999999999999999,""min_obstacle_dist"":0.25,""weight_obstacle"":68.87976314227828,""weight_optimaltime"":0.5950208008289337,""weight_viapoint"":2.0}",false,,true,WARNING,margin:warning|safety_mode:WARNING:conservative_filter,false,,2.067652027075597,2.3635517894809355,-0.05,-0.1772102547896368,-0.001251085786949183,-0.03874726876942626,-0.0,-0.028691153059326725,0.0,0.0,0.0,0.0,0.0,0.0,0.8010860037757084,15.999999999998238,50.00000000000071,true,
t12p_directional_seed101,t12p_directional_seed101-episode-000003,5,6,23.14,22.576,22.594,22.616,22.638,23.138,0,0.4499999999999993,true,,1.9819240169777057,1.5578498605165638,0.01035757974542167,0.007817568618026148,0.3351894000553606,0.8830128205128205,0.34493728996995615,0.9899846075506741,-0.06749094749237332,"[1.0,-1.0,1.0,0.699207067489624,-1.0]","[0.8602656126022339,-0.6193122863769531,0.205613374710083,0.2541748285293579,-0.7965028882026672]","[1.0,-1.0,1.0,0.9533818960189819,-1.0]","{""acc_lim_theta"":0.5958410070104851,""acc_lim_x"":0.5663057143903354,""inflation_dist"":0.55,""max_vel_theta"":0.8,""max_vel_x"":0.9999999999999999,""min_obstacle_dist"":0.25,""weight_obstacle"":68.87976314227828,""weight_optimaltime"":0.5950208008289337,""weight_viapoint"":2.0}","{""acc_lim_theta"":0.5940252444859633,""acc_lim_x"":0.5543437303255935,""inflation_dist"":0.55,""max_vel_theta"":0.8,""max_vel_x"":1.056463290673522,""min_obstacle_dist"":0.25,""weight_obstacle"":73.18061820247794,""weight_optimaltime"":0.5330895721912384,""weight_viapoint"":2.0}","{""acc_lim_theta"":0.5940252444859633,""acc_lim_x"":0.5543437303255935,""inflation_dist"":0.55,""max_vel_theta"":0.8,""max_vel_x"":1.056463290673522,""min_obstacle_dist"":0.25,""weight_obstacle"":73.18061820247794,""weight_optimaltime"":0.5330895721912384,""weight_viapoint"":2.0}","{""acc_lim_theta"":0.5940252444859633,""acc_lim_x"":0.5543437303255935,""inflation_dist"":0.55,""max_vel_theta"":0.8,""max_vel_x"":0.9999999999999999,""min_obstacle_dist"":0.25,""weight_obstacle"":73.18061820247794,""weight_optimaltime"":0.5330895721912384,""weight_viapoint"":2.0}","{""acc_lim_theta"":0.5940252444859633,""acc_lim_x"":0.5543437303255935,""inflation_dist"":0.55,""max_vel_theta"":0.8,""max_vel_x"":0.9999999999999999,""min_obstacle_dist"":0.25,""weight_obstacle"":73.18061820247794,""weight_optimaltime"":0.5330895721912384,""weight_viapoint"":2.0}",false,,true,WARNING,margin:warning|safety_mode:WARNING:conservative_filter,false,,1.8730708853337923,2.1203707823057094,-0.04499999999999993,-0.16060459960961884,-3.651713067185023e-05,-0.01722638773637229,-0.0,-0.024432392495254335,0.0,0.0,0.0,0.0,0.0,0.0,1.3238249957794324,21.999999999998465,44.00000000000048,true,
t12p_directional_seed101,t12p_directional_seed101-episode-000003,6,7,23.742,23.136,23.142,23.162,23.24,23.74,0,0.4499999999999993,true,,1.3984569082746066,0.9892942996428833,0.004133306430711218,0.019025817777282815,0.3351894000553606,0.8885298869143781,0.39239556189116637,0.8779186598933857,0.013731568450768561,"[1.0,-1.0,1.0,0.9533818960189819,-1.0]","[0.842613935470581,-0.6658274531364441,0.14784908294677734,0.13577580451965332,-0.7724483013153076]","[1.0,-1.0,1.0,1.0,-1.0]","{""acc_lim_theta"":0.5940252444859633,""acc_lim_x"":0.5543437303255935,""inflation_dist"":0.55,""max_vel_theta"":0.8,""max_vel_x"":0.9999999999999999,""min_obstacle_dist"":0.25,""weight_obstacle"":73.18061820247794,""weight_optimaltime"":0.5330895721912384,""weight_viapoint"":2.0}","{""acc_lim_theta"":0.5890760183920493,""acc_lim_x"":0.5442716465403524,""inflation_dist"":0.55,""max_vel_theta"":0.8,""max_vel_x"":1.0574827568071148,""min_obstacle_dist"":0.25,""weight_obstacle"":77.35158636174125,""weight_optimaltime"":0.5,""weight_viapoint"":2.0}","{""acc_lim_theta"":0.5890760183920493,""acc_lim_x"":0.5442716465403524,""inflation_dist"":0.55,""max_vel_theta"":0.8,""max_vel_x"":1.0574827568071148,""min_obstacle_dist"":0.25,""weight_obstacle"":77.35158636174125,""weight_optimaltime"":0.5,""weight_viapoint"":2.0}","{""acc_lim_theta"":0.5890760183920493,""acc_lim_x"":0.5442716465403524,""inflation_dist"":0.55,""max_vel_theta"":0.8,""max_vel_x"":0.9999999999999999,""min_obstacle_dist"":0.25,""weight_obstacle"":77.35158636174125,""weight_optimaltime"":0.5,""weight_viapoint"":2.0}","{""acc_lim_theta"":0.5890760183920493,""acc_lim_x"":0.5442716465403524,""inflation_dist"":0.55,""max_vel_theta"":0.8,""max_vel_x"":0.9999999999999999,""min_obstacle_dist"":0.25,""weight_obstacle"":77.35158636174125,""weight_optimaltime"":0.5,""weight_viapoint"":2.0}",false,,true,WARNING,margin:warning|safety_mode:WARNING:conservative_filter,false,,1.8100389151471794,2.045813043158616,-0.04499999999999993,-0.1588336513207593,-3.892873985141197e-05,-0.01318636972426291,-0.0,-0.018715178226563073,0.0,0.0,0.0,0.0,0.0,0.0,1.580484997248277,19.999999999999574,97.99999999999898,true,
t12p_directional_seed101,t12p_directional_seed101-episode-000003,7,8,25.95,23.74,23.744,23.766,23.84,24.34,0,0.5,true,,0.8505540303258774,0.49161182619882193,0.0032163266967046803,0.01117199692310988,0.3351894000553606,0.9067796610169492,7.126242743402931,0.0,0.0,"[1.0,-1.0,1.0,1.0,-1.0]","[0.8993747234344482,-0.6376529932022095,-0.012883365154266357,-0.02267622947692871,-0.7865956425666809]","[1.0,-1.0,0.9871166348457336,0.9773237705230713,-1.0]","{""acc_lim_theta"":0.5890760183920493,""acc_lim_x"":0.5442716465403524,""inflation_dist"":0.55,""max_vel_theta"":0.8,""max_vel_x"":0.9999999999999999,""min_obstacle_dist"":0.25,""weight_obstacle"":77.35158636174125,""weight_optimaltime"":0.5,""weight_viapoint"":2.0}","{""acc_lim_theta"":0.5782110712669017,""acc_lim_x"":0.53985372837056,""inflation_dist"":0.550119277447648,""max_vel_theta"":0.8,""max_vel_x"":1.0630419572866174,""min_obstacle_dist"":0.25,""weight_obstacle"":81.59894553616664,""weight_optimaltime"":0.5,""weight_viapoint"":2.0}","{""acc_lim_theta"":0.5782110712669017,""acc_lim_x"":0.53985372837056,""inflation_dist"":0.550119277447648,""max_vel_theta"":0.8,""max_vel_x"":1.0630419572866174,""min_obstacle_dist"":0.25,""weight_obstacle"":81.59894553616664,""weight_optimaltime"":0.5,""weight_viapoint"":2.0}","{""acc_lim_theta"":0.6,""acc_lim_x"":0.44427164654035245,""inflation_dist"":0.55,""max_vel_theta"":0.7000000000000001,""max_vel_x"":0.8999999999999999,""min_obstacle_dist"":0.25,""weight_obstacle"":67.35158636174125,""weight_optimaltime"":0.6,""weight_viapoint"":2.5}","{""acc_lim_theta"":0.6,""acc_lim_x"":0.44427164654035245,""inflation_dist"":0.55,""max_vel_theta"":0.7000000000000001,""max_vel_x"":0.8999999999999999,""min_obstacle_dist"":0.25,""weight_obstacle"":67.35158636174125,""weight_optimaltime"":0.6,""weight_viapoint"":2.5}",false,,true,WARNING,margin:warning|safety_mode:WARNING:conservative_filter|warning:corridor_feasibility_profile,false,,11.433381161684643,1.7947110206352774,-0.05,-0.17315338736150326,-2.955467895304868e-05,-0.01708258817485773,-0.0,-0.12106432873532101,10.0,0.0,0.0,0.0,0.0,0.0,1.0005539952544495,21.999999999998465,96.00000000000009,true,
t12p_directional_seed101,t12p_directional_seed101-episode-000004,0,1,27.452,26.896,26.898,26.922,26.95,27.45,0,0.45000000000000284,true,,4.452970826880457,3.9723757621704703,0.007442382334916132,0.0009624440633658661,0.30000617913174155,0.9078014184397163,0.26336175283538354,1.1640084040288836,-0.007967467227143001,"[0.0,0.0,0.0,0.0,0.0]","[0.46381938457489014,-0.6664144396781921,0.5874874591827393,0.10646164417266846,-0.6462729573249817]","[0.46381938457489014,-0.6664144396781921,0.5874874591827393,0.10646164417266846,-0.6462729573249817]","{""acc_lim_theta"":0.8,""acc_lim_x"":0.8,""inflation_dist"":0.55,""max_vel_theta"":1.0,""max_vel_x"":1.2,""min_obstacle_dist"":0.25,""weight_obstacle"":50.0,""weight_optimaltime"":1.0,""weight_viapoint"":1.0}","{""acc_lim_theta"":0.8,""acc_lim_x"":0.7905168953595461,""inflation_dist"":0.55,""max_vel_theta"":1.0,""max_vel_x"":1.2,""min_obstacle_dist"":0.25041542698191693,""weight_obstacle"":53.48966257367056,""weight_optimaltime"":0.9333585560321808,""weight_viapoint"":1.0}","{""acc_lim_theta"":0.8,""acc_lim_x"":0.7905168953595461,""inflation_dist"":0.55,""max_vel_theta"":1.0,""max_vel_x"":1.2,""min_obstacle_dist"":0.25041542698191693,""weight_obstacle"":53.48966257367056,""weight_optimaltime"":0.9333585560321808,""weight_viapoint"":1.0}","{""acc_lim_theta"":0.8,""acc_lim_x"":0.7905168953595461,""inflation_dist"":0.55,""max_vel_theta"":1.0,""max_vel_x"":1.2,""min_obstacle_dist"":0.25041542698191693,""weight_obstacle"":53.48966257367056,""weight_optimaltime"":0.9333585560321808,""weight_viapoint"":1.0}","{""acc_lim_theta"":0.8,""acc_lim_x"":0.7905168953595461,""inflation_dist"":0.55,""max_vel_theta"":1.0,""max_vel_x"":1.2,""min_obstacle_dist"":0.25041542698191693,""weight_obstacle"":53.48966257367056,""weight_optimaltime"":0.9333585560321808,""weight_viapoint"":1.0}",false,,false,WARNING,margin:warning|safety_mode:WARNING:conservative_filter,false,,1.835853871298416,2.402975323549934,-0.04500000000000029,-0.22045465598401862,-2.212686450891588e-05,-0.2788001085092045,-0.0,-0.022844560893785233,0.0,0.0,0.0,0.0,0.0,0.0,1.1209369986318052,24.00000000000091,51.9999999999996,true,
t12p_directional_seed101,t12p_directional_seed101-episode-000004,1,2,28.1,27.444,27.454,27.472,27.55,28.05,0,0.5,true,,3.80614353999021,3.2310213848126006,0.0072835207613635815,0.0018233021659329975,0.2943082655124546,0.9176276771004942,0.2571588316208405,1.1623856804632846,-0.01258732610787292,"[0.46381938457489014,-0.6664144396781921,0.5874874591827393,0.10646164417266846,-0.6462729573249817]","[0.5285537242889404,-0.6743874549865723,0.5396580696105957,0.03370165824890137,-0.7208114266395569]","[0.9923731088638306,-1.0,1.0,0.14016330242156982,-1.0]","{""acc_lim_theta"":0.8,""acc_lim_x"":0.7905168953595461,""inflation_dist"":0.55,""max_vel_theta"":1.0,""max_vel_x"":1.2,""min_obstacle_dist"":0.25041542698191693,""weight_obstacle"":53.48966257367056,""weight_optimaltime"":0.9333585560321808,""weight_viapoint"":1.0}","{""acc_lim_theta"":0.8,""acc_lim_x"":0.7839692084186145,""inflation_dist"":0.55,""max_vel_theta"":1.0,""max_vel_x"":1.2,""min_obstacle_dist"":0.25,""weight_obstacle"":57.38180850010651,""weight_optimaltime"":0.8659198105335235,""weight_viapoint"":1.0}","{""acc_lim_theta"":0.8,""acc_lim_x"":0.7839692084186145,""inflation_dist"":0.55,""max_vel_theta"":1.0,""max_vel_x"":1.2,""min_obstacle_dist"":0.25,""weight_obstacle"":57.38180850010651,""weight_optimaltime"":0.8659198105335235,""weight_viapoint"":1.0}","{""acc_lim_theta"":0.8,""acc_lim_x"":0.7839692084186145,""inflation_dist"":0.55,""max_vel_theta"":1.0,""max_vel_x"":1.2,""min_obstacle_dist"":0.25041542698191693,""weight_obstacle"":57.38180850010651,""weight_optimaltime"":0.8659198105335235,""weight_viapoint"":1.0}","{""acc_lim_theta"":0.8,""acc_lim_x"":0.7839692084186145,""inflation_dist"":0.55,""max_vel_theta"":1.0,""max_vel_x"":1.2,""min_obstacle_dist"":0.25041542698191693,""weight_obstacle"":57.38180850010651,""weight_optimaltime"":0.8659198105335235,""weight_viapoint"":1.0}",false,,true,WARNING,margin:warning|safety_mode:WARNING:conservative_filter,false,,2.542478559092469,2.8756107758880467,-0.05,-0.2486791863478372,-2.586903480331508e-05,-0.01151819872510159,-0.0,-0.02290896268783624,0.0,0.0,0.29999999999999716,0.0,0.0,0.0,1.8769049929687753,18.000000000000682,96.00000000000009,true,
t12p_directional_seed101,t12p_directional_seed101-episode-000004,2,3,28.7,28.096,28.102,28.122,28.15,28.65,0,0.5,true,,3.114789637905279,2.5323455128285586,0.006174145455985009,0.0011491727865914608,0.2943082655124546,0.8990384615384616,0.2624431047621157,1.1606075543455454,0.004684630387726552,"[0.9923731088638306,-1.0,1.0,0.14016330242156982,-1.0]","[0.3528749942779541,-0.7467933297157288,0.41413557529449463,0.1787562370300293,-0.738193929195404]","[1.0,-1.0,1.0,0.3189195394515991,-1.0]","{""acc_lim_theta"":0.8,""acc_lim_x"":0.7839692084186145,""inflation_dist"":0.55,""max_vel_theta"":1.0,""max_vel_x"":1.2,""min_obstacle_dist"":0.25041542698191693,""weight_obstacle"":57.38180850010651,""weight_optimaltime"":0.8659198105335235,""weight_viapoint"":1.0}","{""acc_lim_theta"":0.8,""acc_lim_x"":0.764979260706335,""inflation_dist"":0.55,""max_vel_theta"":1.0,""max_vel_x"":1.2,""min_obstacle_dist"":0.25,""weight_obstacle"":61.36781425452745,""weight_optimaltime"":0.7912404775619506,""weight_viapoint"":1.0}","{""acc_lim_theta"":0.8,""acc_lim_x"":0.764979260706335,""inflation_dist"":0.55,""max_vel_theta"":1.0,""max_vel_x"":1.2,""min_obstacle_dist"":0.25,""weight_obstacle"":61.36781425452745,""weight_optimaltime"":0.7912404775619506,""weight_viapoint"":1.0}","{""acc_lim_theta"":0.8,""acc_lim_x"":0.764979260706335,""inflation_dist"":0.55,""max_vel_theta"":1.0,""max_vel_x"":1.2,""min_obstacle_dist"":0.25041542698191693,""weight_obstacle"":61.36781425452745,""weight_optimaltime"":0.7912404775619506,""weight_viapoint"":1.0}","{""acc_lim_theta"":0.8,""acc_lim_x"":0.764979260706335,""inflation_dist"":0.55,""max_vel_theta"":1.0,""max_vel_x"":1.2,""min_obstacle_dist"":0.25041542698191693,""weight_obstacle"":61.36781425452745,""weight_optimaltime"":0.7912404775619506,""weight_viapoint"":1.0}",false,,true,WARNING,margin:warning|safety_mode:WARNING:conservative_filter,false,,2.588029721222882,2.9122206253836014,-0.05,-0.24576324554945242,-2.961989052437251e-05,-0.000742673689516613,-0.0,-0.02765536503122634,0.0,0.0,0.0,0.0,0.0,0.0,0.8077139937086031,19.999999999999574,47.999999999998266,true,
t12p_directional_seed101,t12p_directional_seed101-episode-000004,3,4,29.302,28.696,28.701999999999998,28.72,28.752,29.252,0,0.5,true,,2.4162909528271688,1.8268126684749009,0.011362636586578583,0.0004187504944320987,0.2943082655124546,0.8876582278481012,0.2612029060706425,1.1591955197451713,0.019696834404664767,"[1.0,-1.0,1.0,0.3189195394515991,-1.0]","[0.6672210693359375,-0.7238831520080566,0.3459571599960327,0.0393061637878418,-0.8426644206047058]","[1.0,-1.0,1.0,0.3582257032394409,-1.0]","{""acc_lim_theta"":0.8,""acc_lim_x"":0.764979260706335,""inflation_dist"":0.55,""max_vel_theta"":1.0,""max_vel_x"":1.2,""min_obstacle_dist"":0.25041542698191693,""weight_obstacle"":61.36781425452745,""weight_optimaltime"":0.7912404775619506,""weight_viapoint"":1.0}","{""acc_lim_theta"":0.8,""acc_lim_x"":0.7563798193017753,""inflation_dist"":0.55,""max_vel_theta"":1.0,""max_vel_x"":1.2,""min_obstacle_dist"":0.25,""weight_obstacle"":65.91792649026088,""weight_optimaltime"":0.7188521623611449,""weight_viapoint"":1.0}","{""acc_lim_theta"":0.8,""acc_lim_x"":0.7563798193017753,""inflation_dist"":0.55,""max_vel_theta"":1.0,""max_vel_x"":1.2,""min_obstacle_dist"":0.25,""weight_obstacle"":65.91792649026088,""weight_optimaltime"":0.7188521623611449,""weight_viapoint"":1.0}","{""acc_lim_theta"":0.8,""acc_lim_x"":0.7563798193017753,""inflation_dist"":0.55,""max_vel_theta"":1.0,""max_vel_x"":1.2,""min_obstacle_dist"":0.25041542698191693,""weight_obstacle"":65.91792649026088,""weight_optimaltime"":0.7188521623611449,""weight_viapoint"":1.0}","{""acc_lim_theta"":0.8,""acc_lim_x"":0.7563798193017753,""inflation_dist"":0.55,""max_vel_theta"":1.0,""max_vel_x"":1.2,""min_obstacle_dist"":0.25041542698191693,""weight_obstacle"":65.91792649026088,""weight_optimaltime"":0.7188521623611449,""weight_viapoint"":1.0}",false,,true,WARNING,margin:warning|safety_mode:WARNING:conservative_filter,false,,2.614746956642603,2.9473914217613393,-0.05,-0.24765294703213192,-2.384351648533331e-05,-0.009239926707351317,-0.0,-0.025727747862767925,0.0,0.0,0.17499999999999893,0.0,0.0,0.0,1.022978001856245,18.000000000000682,50.00000000000071,true,
t12p_directional_seed101,t12p_directional_seed101-episode-000004,4,5,29.856,29.296,29.304,29.328,29.354,29.854,0,0.4499999999999993,true,,1.6877273935031076,1.1823749907202663,0.006395552989564017,0.0008443053056444191,0.29205432529614855,0.8892405063291139,0.26505876744739715,1.1571537936685117,0.029305403831243335,"[1.0,-1.0,1.0,0.3582257032394409,-1.0]","[0.6758146286010742,-0.8101671934127808,0.20499074459075928,0.16079044342041016,-0.8058930039405823]","[1.0,-1.0,1.0,0.5190161466598511,-1.0]","{""acc_lim_theta"":0.8,""acc_lim_x"":0.7563798193017753,""inflation_dist"":0.55,""max_vel_theta"":1.0,""max_vel_x"":1.2,""min_obstacle_dist"":0.25041542698191693,""weight_obstacle"":65.91792649026088,""weight_optimaltime"":0.7188521623611449,""weight_viapoint"":1.0}","{""acc_lim_theta"":0.8,""acc_lim_x"":0.7386998137332639,""inflation_dist"":0.55,""max_vel_theta"":1.0,""max_vel_x"":1.2,""min_obstacle_dist"":0.25,""weight_obstacle"":70.26948510393844,""weight_optimaltime"":0.6378354430198668,""weight_viapoint"":1.0}","{""acc_lim_theta"":0.8,""acc_lim_x"":0.7386998137332639,""inflation_dist"":0.55,""max_vel_theta"":1.0,""max_vel_x"":1.2,""min_obstacle_dist"":0.25,""weight_obstacle"":70.26948510393844,""weight_optimaltime"":0.6378354430198668,""weight_viapoint"":1.0}","{""acc_lim_theta"":0.8,""acc_lim_x"":0.7386998137332639,""inflation_dist"":0.55,""max_vel_theta"":1.0,""max_vel_x"":1.2,""min_obstacle_dist"":0.25041542698191693,""weight_obstacle"":70.26948510393844,""weight_optimaltime"":0.6378354430198668,""weight_viapoint"":1.0}","{""acc_lim_theta"":0.8,""acc_lim_x"":0.7386998137332639,""inflation_dist"":0.55,""max_vel_theta"":1.0,""max_vel_x"":1.2,""min_obstacle_dist"":0.25041542698191693,""weight_obstacle"":70.26948510393844,""weight_optimaltime"":0.6378354430198668,""weight_viapoint"":1.0}",false,,true,WARNING,margin:warning|safety_mode:WARNING:conservative_filter,false,,2.2024090158155163,2.5267620139142064,-0.04499999999999993,-0.22017133514452963,-2.5424937151408046e-05,-0.0298297755292707,-0.0,-0.029326462487738587,0.0,0.0,0.09999999999999787,0.0,0.0,0.0,1.0469270055182278,24.00000000000091,50.00000000000071,true,
t12p_directional_seed101,t12p_directional_seed101-episode-000004,5,6,33.458,29.856,29.858,29.876,29.956,30.456,0,0.45000000000000284,true,,0.9969758071878334,0.48497865642552995,0.5178869795548392,0.013429358114431952,0.29205432529614855,0.6847826086956522,2.2887129807761273,0.1961718070941615,-0.15932513243287677,"[1.0,-1.0,1.0,0.5190161466598511,-1.0]","[0.7037184238433838,-0.7344943284988403,0.22390246391296387,0.06238198280334473,-0.854023814201355]","[1.0,-1.0,1.0,0.5813981294631958,-1.0]","{""acc_lim_theta"":0.8,""acc_lim_x"":0.7386998137332639,""inflation_dist"":0.55,""max_vel_theta"":1.0,""max_vel_x"":1.2,""min_obstacle_dist"":0.25041542698191693,""weight_obstacle"":70.26948510393844,""weight_optimaltime"":0.6378354430198668,""weight_viapoint"":1.0}","{""acc_lim_theta"":0.8,""acc_lim_x"":0.727865978663947,""inflation_dist"":0.55,""max_vel_theta"":1.0,""max_vel_x"":1.2,""min_obstacle_dist"":0.25,""weight_obstacle"":74.88093434943613,""weight_optimaltime"":0.5643860101699828,""weight_viapoint"":1.0}","{""acc_lim_theta"":0.8,""acc_lim_x"":0.727865978663947,""inflation_dist"":0.55,""max_vel_theta"":1.0,""max_vel_x"":1.2,""min_obstacle_dist"":0.25,""weight_obstacle"":74.88093434943613,""weight_optimaltime"":0.5643860101699828,""weight_viapoint"":1.0}","{""acc_lim_theta"":0.8,""acc_lim_x"":0.727865978663947,""inflation_dist"":0.55,""max_vel_theta"":1.0,""max_vel_x"":1.2,""min_obstacle_dist"":0.25041542698191693,""weight_obstacle"":74.88093434943613,""weight_optimaltime"":0.5643860101699828,""weight_viapoint"":1.0}","{""acc_lim_theta"":0.8,""acc_lim_x"":0.727865978663947,""inflation_dist"":0.55,""max_vel_theta"":1.0,""max_vel_x"":1.2,""min_obstacle_dist"":0.25041542698191693,""weight_obstacle"":74.88093434943613,""weight_optimaltime"":0.5643860101699828,""weight_viapoint"":1.0}",false,,true,WARNING,margin:warning|safety_mode:WARNING:conservative_filter,false,,2.2658547116560945,2.5599857538115174,-0.04500000000000029,-0.22201902712960164,-3.228781571267087e-05,-0.00045848338180645574,-0.0,-0.026621243828301423,0.0,0.0,0.1750000000000025,0.0,0.0,0.0,1.286875005462207,18.000000000000682,97.99999999999898,true,
t12p_directional_seed101,t12p_directional_seed101-episode-000004,6,7,34.1,33.456,33.46,33.48,33.55,34.05,0,0.5,true,,2.738739399562268,2.6674164878041933,0.04345770892949687,0.029262359183336424,0.29205432529614855,0.6910994764397905,0.7682053902203649,-0.5483987443085887,0.02301756686842933,"[1.0,-1.0,1.0,0.5813981294631958,-1.0]","[0.7768360376358032,-0.5163108706474304,-0.2269642949104309,-0.028409123420715332,-0.834904670715332]","[1.0,-1.0,0.7730357050895691,0.5529890060424805,-1.0]","{""acc_lim_theta"":0.8,""acc_lim_x"":0.727865978663947,""inflation_dist"":0.55,""max_vel_theta"":1.0,""max_vel_x"":1.2,""min_obstacle_dist"":0.25041542698191693,""weight_obstacle"":74.88093434943613,""weight_optimaltime"":0.5643860101699828,""weight_viapoint"":1.0}","{""acc_lim_theta"":0.7956002410435524,""acc_lim_x"":0.722569837082803,""inflation_dist"":0.5521012927507652,""max_vel_theta"":1.0,""max_vel_x"":1.2,""min_obstacle_dist"":0.25,""weight_obstacle"":79.38914647398113,""weight_optimaltime"":0.5127549231052397,""weight_viapoint"":1.0}","{""acc_lim_theta"":0.7956002410435524,""acc_lim_x"":0.722569837082803,""inflation_dist"":0.5521012927507652,""max_vel_theta"":1.0,""max_vel_x"":1.2,""min_obstacle_dist"":0.25,""weight_obstacle"":79.38914647398113,""weight_optimaltime"":0.5127549231052397,""weight_viapoint"":1.0}","{""acc_lim_theta"":0.7000000000000001,""acc_lim_x"":0.627865978663947,""inflation_dist"":0.55,""max_vel_theta"":0.9,""max_vel_x"":1.0999999999999999,""min_obstacle_dist"":0.25,""weight_obstacle"":64.88093434943613,""weight_optimaltime"":0.65,""weight_viapoint"":1.5}","{""acc_lim_theta"":0.7000000000000001,""acc_lim_x"":0.627865978663947,""inflation_dist"":0.55,""max_vel_theta"":0.9,""max_vel_x"":1.0999999999999999,""min_obstacle_dist"":0.25,""weight_obstacle"":64.88093434943613,""weight_optimaltime"":0.65,""weight_viapoint"":1.5}",false,,true,WARNING,margin:warning|safety_mode:WARNING:conservative_filter|warning:corridor_feasibility_profile,false,,-0.038527407954385876,0.3566145587903735,-0.05,-0.0502792537609845,-0.0796190620194756,-0.07462134887219572,-0.0,-0.14062230209210355,0.0,0.0,0.0,0.0,0.0,0.0,1.3266269961604849,19.99999999999602,89.9999999999963,true,
t12p_directional_seed101,t12p_directional_seed101-episode-000004,7,8,34.648,34.096,34.102,34.118,34.146,34.646,0,0.44999999999999574,true,,2.6126144355734433,2.338335915048648,0.048799207195026555,0.0015474178872509098,0.29205432529614855,0.7707509881422925,0.6085959003676615,-0.58802301229308,-0.006461244314560366,"[1.0,-1.0,0.7730357050895691,0.5529890060424805,-1.0]","[0.7972736358642578,-0.4791461229324341,-0.3372771739959717,-0.17347252368927002,-0.4144742488861084]","[1.0,-1.0,0.4357585310935974,0.37951648235321045,-1.0]","{""acc_lim_theta"":0.7000000000000001,""acc_lim_x"":0.627865978663947,""inflation_dist"":0.55,""max_vel_theta"":0.9,""max_vel_x"":1.0999999999999999,""min_obstacle_dist"":0.25,""weight_obstacle"":64.88093434943613,""weight_optimaltime"":0.65,""weight_viapoint"":1.5}","{""acc_lim_theta"":0.676941794672451,""acc_lim_x"":0.6280713902098682,""inflation_dist"":0.5531225972393412,""max_vel_theta"":0.9,""max_vel_x"":1.1430081542662056,""min_obstacle_dist"":0.25,""weight_obstacle"":67.1189597188943,""weight_optimaltime"":0.6020853877067567,""weight_viapoint"":1.5}","{""acc_lim_theta"":0.676941794672451,""acc_lim_x"":0.6280713902098682,""inflation_dist"":0.5531225972393412,""max_vel_theta"":0.9,""max_vel_x"":1.1430081542662056,""min_obstacle_dist"":0.25,""weight_obstacle"":67.1189597188943,""weight_optimaltime"":0.6020853877067567,""weight_viapoint"":1.5}","{""acc_lim_theta"":0.6000000000000001,""acc_lim_x"":0.527865978663947,""inflation_dist"":0.55,""max_vel_theta"":0.8,""max_vel_x"":0.9999999999999999,""min_obstacle_dist"":0.25,""weight_obstacle"":60.0,""weight_optimaltime"":0.65,""weight_viapoint"":2.0}","{""acc_lim_theta"":0.6000000000000001,""acc_lim_x"":0.527865978663947,""inflation_dist"":0.55,""max_vel_theta"":0.8,""max_vel_x"":0.9999999999999999,""min_obstacle_dist"":0.25,""weight_obstacle"":60.0,""weight_optimaltime"":0.65,""weight_viapoint"":2.0}",false,,true,WARNING,margin:warning|safety_mode:WARNING:conservative_filter|warning:corridor_feasibility_profile,false,,1.098940395456956,1.3713926026239776,-0.044999999999999575,-0.11044416117184798,-0.0010129948810475625,-0.002899849081920857,-0.0,-0.11309520203220558,0.0,0.0,0.0,0.0,0.0,0.0,0.723695004126057,16.000000000005343,44.000000000004036,true,
t12p_directional_seed101,t12p_directional_seed101-episode-000004,8,9,35.248,34.646,34.65,34.67,34.746,35.246,0,0.45000000000000284,true,,2.2548217542161964,2.0109628418583645,0.050284089618869494,0.0016198092878546696,0.29205432529614855,0.8303571428571429,0.7493166462805998,-0.4110320975172984,0.016821512876601327,"[1.0,-1.0,0.4357585310935974,0.37951648235321045,-1.0]","[0.7916377782821655,-0.46302223205566406,-0.47067809104919434,0.09427857398986816,-0.1866666078567505]","[1.0,-1.0,-0.034919559955596924,0.4737950563430786,-1.0]","{""acc_lim_theta"":0.6000000000000001,""acc_lim_x"":0.527865978663947,""inflation_dist"":0.55,""max_vel_theta"":0.8,""max_vel_x"":0.9999999999999999,""min_obstacle_dist"":0.25,""weight_obstacle"":60.0,""weight_optimaltime"":0.65,""weight_viapoint"":2.0}","{""acc_lim_theta"":0.5764244583582973,""acc_lim_x"":0.5166187310939672,""inflation_dist"":0.5543576566131515,""max_vel_theta"":0.8,""max_vel_x"":1.0234518666412893,""min_obstacle_dist"":0.25,""weight_obstacle"":61.007938623779026,""weight_optimaltime"":0.6036977767944336,""weight_viapoint"":2.0}","{""acc_lim_theta"":0.5764244583582973,""acc_lim_x"":0.5166187310939672,""inflation_dist"":0.5543576566131515,""max_vel_theta"":0.8,""max_vel_x"":1.0234518666412893,""min_obstacle_dist"":0.25,""weight_obstacle"":61.007938623779026,""weight_optimaltime"":0.6036977767944336,""weight_viapoint"":2.0}","{""acc_lim_theta"":0.6,""acc_lim_x"":0.42786597866394704,""inflation_dist"":0.55,""max_vel_theta"":0.7000000000000001,""max_vel_x"":0.8999999999999999,""min_obstacle_dist"":0.25,""weight_obstacle"":60.0,""weight_optimaltime"":0.65,""weight_viapoint"":2.5}","{""acc_lim_theta"":0.6,""acc_lim_x"":0.42786597866394704,""inflation_dist"":0.55,""max_vel_theta"":0.7000000000000001,""max_vel_x"":0.8999999999999999,""min_obstacle_dist"":0.25,""weight_obstacle"":60.0,""weight_optimaltime"":0.65,""weight_viapoint"":2.5}",false,,true,WARNING,margin:warning|safety_mode:WARNING:conservative_filter|warning:corridor_feasibility_profile,false,,0.8833016353903389,1.2192945617891593,-0.04500000000000029,-0.2003889641985153,-0.00107560815832564,-0.011195020708645809,-0.0,-0.07833333333333334,0.0,0.0,0.0,0.0,0.0,0.0,0.8560639980714768,20.000000000003126,96.00000000000364,true,
t12p_directional_seed101,t12p_directional_seed101-episode-000004,9,10,35.854,35.236,35.25,35.27,35.352,35.852,0,0.45000000000000284,true,,1.9345294880531485,1.6598239282686225,0.0526659165951952,0.0035942924350596626,0.29205432529614855,0.8741573033707866,0.5118424751540314,-0.5917362454067612,0.03220705519922824,"[1.0,-1.0,-0.034919559955596924,0.4737950563430786,-1.0]","[0.7724671363830566,0.07384061813354492,-0.6452156901359558,0.2564648389816284,0.12975633144378662]","[1.0,-0.9261593818664551,-0.6801352500915527,0.730259895324707,-0.8702436685562134]","{""acc_lim_theta"":0.6,""acc_lim_x"":0.42786597866394704,""inflation_dist"":0.55,""max_vel_theta"":0.7000000000000001,""max_vel_x"":0.8999999999999999,""min_obstacle_dist"":0.25,""weight_obstacle"":60.0,""weight_optimaltime"":0.65,""weight_viapoint"":2.5}","{""acc_lim_theta"":0.5707720037595757,""acc_lim_x"":0.4249764963834192,""inflation_dist"":0.5559735697762405,""max_vel_theta"":0.7000000000000001,""max_vel_x"":0.9009423980329441,""min_obstacle_dist"":0.25,""weight_obstacle"":59.29935825349957,""weight_optimaltime"":0.6573840618133545,""weight_viapoint"":2.5}","{""acc_lim_theta"":0.5707720037595757,""acc_lim_x"":0.4249764963834192,""inflation_dist"":0.5559735697762405,""max_vel_theta"":0.7000000000000001,""max_vel_x"":0.9009423980329441,""min_obstacle_dist"":0.25,""weight_obstacle"":59.29935825349957,""weight_optimaltime"":0.6573840618133545,""weight_viapoint"":2.5}","{""acc_lim_theta"":0.6,""acc_lim_x"":0.4,""inflation_dist"":0.55,""max_vel_theta"":0.6000000000000001,""max_vel_x"":0.7999999999999999,""min_obstacle_dist"":0.25,""weight_obstacle"":60.0,""weight_optimaltime"":0.65,""weight_viapoint"":2.5}","{""acc_lim_theta"":0.6,""acc_lim_x"":0.4,""inflation_dist"":0.55,""max_vel_theta"":0.6000000000000001,""max_vel_x"":0.7999999999999999,""min_obstacle_dist"":0.25,""weight_obstacle"":60.0,""weight_optimaltime"":0.65,""weight_viapoint"":2.5}",false,,true,WARNING,margin:warning|safety_mode:WARNING:conservative_filter|warning:corridor_feasibility_profile,false,,1.06251125982829,1.3735277989226302,-0.04500000000000029,-0.21716464673704414,-0.0010914113483524138,-0.0041273196762899545,-0.0,-0.043633161332653415,0.0,0.0,0.0,0.0,0.0,0.0,1.1540319974301383,20.000000000003126,101.99999999999676,true,
t12p_directional_seed101,t12p_directional_seed101-episode-000004,10,11,36.5,35.848,35.856,35.878,35.95,36.45,0,0.5,true,,1.5761607537619462,1.2761996951282215,0.04858673235298018,0.00014627360221231673,0.29205432529614855,0.8994307400379506,0.5116281233787955,-0.6,-0.0016426188906810606,"[1.0,-0.9261593818664551,-0.6801352500915527,0.730259895324707,-0.8702436685562134]","[0.7598402500152588,-0.1257723569869995,-0.3519231081008911,0.4124521017074585,-0.20447009801864624]","[1.0,-1.0,-1.0,1.0,-1.0]","{""acc_lim_theta"":0.6,""acc_lim_x"":0.4,""inflation_dist"":0.55,""max_vel_theta"":0.6000000000000001,""max_vel_x"":0.7999999999999999,""min_obstacle_dist"":0.25,""weight_obstacle"":60.0,""weight_optimaltime"":0.65,""weight_viapoint"":2.5}","{""acc_lim_theta"":0.586503624308429,""acc_lim_x"":0.4,""inflation_dist"":0.5532581929953829,""max_vel_theta"":0.6000000000000001,""max_vel_x"":0.8165099004955997,""min_obstacle_dist"":0.25,""weight_obstacle"":61.104071647131626,""weight_optimaltime"":0.6374227643013001,""weight_viapoint"":2.5}","{""acc_lim_theta"":0.586503624308429,""acc_lim_x"":0.4,""inflation_dist"":0.5532581929953829,""max_vel_theta"":0.6000000000000001,""max_vel_x"":0.8165099004955997,""min_obstacle_dist"":0.25,""weight_obstacle"":61.104071647131626,""weight_optimaltime"":0.6374227643013001,""weight_viapoint"":2.5}","{""acc_lim_theta"":0.6,""acc_lim_x"":0.4,""inflation_dist"":0.55,""max_vel_theta"":0.5000000000000001,""max_vel_x"":0.7,""min_obstacle_dist"":0.25,""weight_obstacle"":60.0,""weight_optimaltime"":0.65,""weight_viapoint"":2.5}","{""acc_lim_theta"":0.6,""acc_lim_x"":0.4,""inflation_dist"":0.55,""max_vel_theta"":0.5000000000000001,""max_vel_x"":0.7,""min_obstacle_dist"":0.25,""weight_obstacle"":60.0,""weight_optimaltime"":0.65,""weight_viapoint"":2.5}",false,,true,WARNING,margin:warning|safety_mode:WARNING:conservative_filter|warning:corridor_feasibility_profile,false,,1.1705050819649916,1.4998052931686234,-0.05,-0.24144686342752272,-0.0011774187342285481,-9.262375213930442e-06,-0.0,-0.03666666666666666,0.0,0.0,0.0,0.0,0.0,0.0,0.7139849913073704,21.999999999998465,94.0000000000012,true,
t12p_directional_seed101,t12p_directional_seed101-episode-000004,11,12,37.052,36.496,36.502,36.52,36.55,37.05,0,0.45000000000000284,true,,1.2162108586042213,0.940286634570576,0.04896089942291474,0.0007207553411580068,0.29205432529614855,0.9061946902654867,0.505545256627308,-0.6,0.0017166405600106205,"[1.0,-1.0,-1.0,1.0,-1.0]","[0.4938979148864746,0.1745283603668213,-0.11383867263793945,0.27503418922424316,-0.6626440286636353]","[1.0,-0.8254716396331787,-1.0,1.0,-1.0]","{""acc_lim_theta"":0.6,""acc_lim_x"":0.4,""inflation_dist"":0.55,""max_vel_theta"":0.5000000000000001,""max_vel_x"":0.7,""min_obstacle_dist"":0.25,""weight_obstacle"":60.0,""weight_optimaltime"":0.65,""weight_viapoint"":2.5}","{""acc_lim_theta"":0.6091630695530418,""acc_lim_x"":0.4020696995191588,""inflation_dist"":0.5510539471755469,""max_vel_theta"":0.5000000000000001,""max_vel_x"":0.7413548673657753,""min_obstacle_dist"":0.250967921766665,""weight_obstacle"":63.57806100392185,""weight_optimaltime"":0.6674528360366822,""weight_viapoint"":2.5}","{""acc_lim_theta"":0.6091630695530418,""acc_lim_x"":0.4020696995191588,""inflation_dist"":0.5510539471755469,""max_vel_theta"":0.5000000000000001,""max_vel_x"":0.7413548673657753,""min_obstacle_dist"":0.250967921766665,""weight_obstacle"":63.57806100392185,""weight_optimaltime"":0.6674528360366822,""weight_viapoint"":2.5}","{""acc_lim_theta"":0.6,""acc_lim_x"":0.4,""inflation_dist"":0.55,""max_vel_theta"":0.5,""max_vel_x"":0.6,""min_obstacle_dist"":0.25,""weight_obstacle"":60.0,""weight_optimaltime"":0.65,""weight_viapoint"":2.5}","{""acc_lim_theta"":0.6,""acc_lim_x"":0.4,""inflation_dist"":0.55,""max_vel_theta"":0.5,""max_vel_x"":0.6,""min_obstacle_dist"":0.25,""weight_obstacle"":60.0,""weight_optimaltime"":0.65,""weight_viapoint"":2.5}",false,,true,WARNING,margin:warning|safety_mode:WARNING:conservative_filter|warning:corridor_feasibility_profile,false,,1.0974511864284524,1.3796211201682262,-0.04500000000000029,-0.21944727583951595,-0.0010559912335910027,-0.0,-0.0,-0.016666666666666687,0.0,0.0,0.125,0.0,0.0,0.0,0.8131710055749863,18.000000000000682,47.999999999994714,true,
t12p_directional_seed101,t12p_directional_seed101-episode-000004,12,13,40.702,37.036,37.054,37.07,37.152,37.652,0,0.5,true,,0.8563181845623616,0.5598333497686904,0.5230877170323811,0.001281661662902658,0.29205432529614855,0.890302066772655,0.5138502759710548,-0.5915517938885386,-0.012529343276493582,"[1.0,-0.8254716396331787,-1.0,1.0,-1.0]","[0.6175427436828613,-0.13916802406311035,0.12354016304016113,0.3458592891693115,-0.6967641711235046]","[1.0,-0.9646396636962891,-0.8764598369598389,1.0,-1.0]","{""acc_lim_theta"":0.6,""acc_lim_x"":0.4,""inflation_dist"":0.55,""max_vel_theta"":0.5,""max_vel_x"":0.6,""min_obstacle_dist"":0.25,""weight_obstacle"":60.0,""weight_optimaltime"":0.65,""weight_viapoint"":2.5}","{""acc_lim_theta"":0.6070907248965343,""acc_lim_x"":0.4,""inflation_dist"":0.55,""max_vel_theta"":0.5,""max_vel_x"":0.6440046479246281,""min_obstacle_dist"":0.25010974546980935,""weight_obstacle"":63.762298612506555,""weight_optimaltime"":0.6360831975936889,""weight_viapoint"":2.5}","{""acc_lim_theta"":0.6070907248965343,""acc_lim_x"":0.4,""inflation_dist"":0.55,""max_vel_theta"":0.5,""max_vel_x"":0.6440046479246281,""min_obstacle_dist"":0.25010974546980935,""weight_obstacle"":63.762298612506555,""weight_optimaltime"":0.6360831975936889,""weight_viapoint"":2.5}","{""acc_lim_theta"":0.6,""acc_lim_x"":0.4,""inflation_dist"":0.55,""max_vel_theta"":0.5,""max_vel_x"":0.6,""min_obstacle_dist"":0.25,""weight_obstacle"":60.0,""weight_optimaltime"":0.65,""weight_viapoint"":2.5}","{""acc_lim_theta"":0.6,""acc_lim_x"":0.4,""inflation_dist"":0.55,""max_vel_theta"":0.5,""max_vel_x"":0.6,""min_obstacle_dist"":0.25,""weight_obstacle"":60.0,""weight_optimaltime"":0.65,""weight_viapoint"":2.5}",false,,true,WARNING,margin:warning|safety_mode:WARNING:conservative_filter|warning:corridor_feasibility_profile,false,,1.1850836901787005,1.4824241739683564,-0.05,-0.24517266005327837,-0.0011801267145217812,-0.0009876970218556092,-0.0,-0.0,0.0,0.0,0.09999999999999787,0.0,0.0,0.0,1.3081720098853111,15.999999999998238,97.99999999999898,true,
t12p_directional_seed101,t12p_directional_seed101-episode-000004,13,14,41.312,40.696,40.704,40.722,40.762,41.262,0,0.5,true,,0.8500408641907136,1.1436241290797484,0.3268533212903624,0.0018744686565834836,0.2910675002670539,0.8904761904761904,0.5062929381959828,-0.5817774968445472,0.004178903411907016,"[1.0,-0.9646396636962891,-0.8764598369598389,1.0,-1.0]","[0.7288373708724976,-0.3434526324272156,0.13785743713378906,0.37393784523010254,-0.8112041354179382]","[1.0,-1.0,-0.7386023998260498,1.0,-1.0]","{""acc_lim_theta"":0.6,""acc_lim_x"":0.4,""inflation_dist"":0.55,""max_vel_theta"":0.5,""max_vel_x"":0.6,""min_obstacle_dist"":0.25,""weight_obstacle"":60.0,""weight_optimaltime"":0.65,""weight_viapoint"":2.5}","{""acc_lim_theta"":0.6071141416891036,""acc_lim_x"":0.4,""inflation_dist"":0.55,""max_vel_theta"":0.5,""max_vel_x"":0.6520830810168599,""min_obstacle_dist"":0.25,""weight_obstacle"":64.38023698638418,""weight_optimaltime"":0.6156547367572784,""weight_viapoint"":2.5}","{""acc_lim_theta"":0.6071141416891036,""acc_lim_x"":0.4,""inflation_dist"":0.55,""max_vel_theta"":0.5,""max_vel_x"":0.6520830810168599,""min_obstacle_dist"":0.25,""weight_obstacle"":64.38023698638418,""weight_optimaltime"":0.6156547367572784,""weight_viapoint"":2.5}","{""acc_lim_theta"":0.6071141416891036,""acc_lim_x"":0.4,""inflation_dist"":0.55,""max_vel_theta"":0.5,""max_vel_x"":0.6,""min_obstacle_dist"":0.25,""weight_obstacle"":64.38023698638418,""weight_optimaltime"":0.6156547367572784,""weight_viapoint"":2.5}","{""acc_lim_theta"":0.6071141416891036,""acc_lim_x"":0.4,""inflation_dist"":0.55,""max_vel_theta"":0.5,""max_vel_x"":0.6,""min_obstacle_dist"":0.25,""weight_obstacle"":64.38023698638418,""weight_optimaltime"":0.6156547367572784,""weight_viapoint"":2.5}",false,,true,WARNING,margin:warning|safety_mode:WARNING:conservative_filter,false,,-1.8419362809685331,-1.4679163244451743,-0.05,-0.24677506523532972,-0.059212069471536406,-0.000624759772904099,-0.0,-0.017408062043588576,0.0,0.0,0.25,0.0,0.0,0.0,1.3084520032862201,18.000000000000682,57.99999999999983,true,
t12p_directional_seed101,t12p_directional_seed101-episode-000004,14,15,41.914,41.296,41.314,41.334,41.364,41.864,0,0.5,true,,1.2017916467190772,1.4898264674273771,0.08518118198657358,0.0006292982960464206,0.2910675002670539,0.8892405063291139,0.5069129023563977,-0.6,0.0008796823112849293,"[1.0,-1.0,-0.7386023998260498,1.0,-1.0]","[0.8529502153396606,-0.41199564933776855,0.3061027526855469,0.49555790424346924,-0.9158961772918701]","[1.0,-1.0,-0.43249964714050293,1.0,-1.0]","{""acc_lim_theta"":0.6071141416891036,""acc_lim_x"":0.4,""inflation_dist"":0.55,""max_vel_theta"":0.5,""max_vel_x"":0.6,""min_obstacle_dist"":0.25,""weight_obstacle"":64.38023698638418,""weight_optimaltime"":0.6156547367572784,""weight_viapoint"":2.5}","{""acc_lim_theta"":0.6158094506140753,""acc_lim_x"":0.4,""inflation_dist"":0.55,""max_vel_theta"":0.5,""max_vel_x"":0.657664144207813,""min_obstacle_dist"":0.25,""weight_obstacle"":69.32577675412068,""weight_optimaltime"":0.5744551718235016,""weight_viapoint"":2.5}","{""acc_lim_theta"":0.6158094506140753,""acc_lim_x"":0.4,""inflation_dist"":0.55,""max_vel_theta"":0.5,""max_vel_x"":0.657664144207813,""min_obstacle_dist"":0.25,""weight_obstacle"":69.32577675412068,""weight_optimaltime"":0.5744551718235016,""weight_viapoint"":2.5}","{""acc_lim_theta"":0.6158094506140753,""acc_lim_x"":0.4,""inflation_dist"":0.55,""max_vel_theta"":0.5,""max_vel_x"":0.6,""min_obstacle_dist"":0.25,""weight_obstacle"":69.32577675412068,""weight_optimaltime"":0.5744551718235016,""weight_viapoint"":2.5}","{""acc_lim_theta"":0.6158094506140753,""acc_lim_x"":0.4,""inflation_dist"":0.55,""max_vel_theta"":0.5,""max_vel_x"":0.6,""min_obstacle_dist"":0.25,""weight_obstacle"":69.32577675412068,""weight_optimaltime"":0.5744551718235016,""weight_viapoint"":2.5}",false,,true,WARNING,margin:warning|safety_mode:WARNING:conservative_filter,false,,-1.8862756333692765,-1.4401741035414994,-0.05,-0.2462672948312239,-0.12950752413874167,-2.1891104340107888e-05,-0.0,-0.020304819753471315,0.0,0.0,0.25000000000000355,0.0,0.0,0.0,1.243910999619402,20.000000000003126,49.99999999999716,true,
t12p_directional_seed101,t12p_directional_seed101-episode-000004,15,16,42.516,41.896,41.914,41.932,41.966,42.466,0,0.5,true,,1.5498192996710825,1.8381539740609814,0.42018703181226935,0.0014403050389500678,0.2910675002670539,0.8904761904761904,0.5407781416741759,-0.5677399258625772,0.006603520933177004,"[1.0,-1.0,-0.43249964714050293,1.0,-1.0]","[0.901829719543457,-0.6122859716415405,0.2309798002243042,0.30620360374450684,-0.9008110761642456]","[1.0,-1.0,-0.20151984691619873,1.0,-1.0]","{""acc_lim_theta"":0.6158094506140753,""acc_lim_x"":0.4,""inflation_dist"":0.55,""max_vel_theta"":0.5,""max_vel_x"":0.6,""min_obstacle_dist"":0.25,""weight_obstacle"":69.32577675412068,""weight_optimaltime"":0.5744551718235016,""weight_viapoint"":2.5}","{""acc_lim_theta"":0.6171351810819861,""acc_lim_x"":0.4,""inflation_dist"":0.55,""max_vel_theta"":0.5,""max_vel_x"":0.6620943240783052,""min_obstacle_dist"":0.25,""weight_obstacle"":74.1898619101046,""weight_optimaltime"":0.5132265746593475,""weight_viapoint"":2.5}","{""acc_lim_theta"":0.6171351810819861,""acc_lim_x"":0.4,""inflation_dist"":0.55,""max_vel_theta"":0.5,""max_vel_x"":0.6620943240783052,""min_obstacle_dist"":0.25,""weight_obstacle"":74.1898619101046,""weight_optimaltime"":0.5132265746593475,""weight_viapoint"":2.5}","{""acc_lim_theta"":0.6171351810819861,""acc_lim_x"":0.4,""inflation_dist"":0.55,""max_vel_theta"":0.5,""max_vel_x"":0.6,""min_obstacle_dist"":0.25,""weight_obstacle"":74.1898619101046,""weight_optimaltime"":0.5132265746593475,""weight_viapoint"":2.5}","{""acc_lim_theta"":0.6171351810819861,""acc_lim_x"":0.4,""inflation_dist"":0.55,""max_vel_theta"":0.5,""max_vel_x"":0.6,""min_obstacle_dist"":0.25,""weight_obstacle"":74.1898619101046,""weight_optimaltime"":0.5132265746593475,""weight_viapoint"":2.5}",false,,true,WARNING,margin:warning|safety_mode:WARNING:conservative_filter,false,,-1.7956704564922914,-1.4416733719494945,-0.05,-0.2450196897365642,-0.03623789071476787,-0.00043418172968838356,-0.0,-0.02230532236177633,0.0,0.0,0.09999999999999787,0.0,0.0,0.0,0.7544289983343333,18.000000000000682,51.9999999999996,true,
t12p_directional_seed101,t12p_directional_seed101-episode-000004,16,17,43.072,42.496,42.524,42.548,42.57,43.07,0,0.44999999999999574,true,,1.8949240073487525,2.15937370674296,0.14693812735423825,0.0009852032081522361,0.2910675002670539,0.8920634920634921,0.5219638728080223,-0.569095701522683,0.008671047546077098,"[1.0,-1.0,-0.20151984691619873,1.0,-1.0]","[0.885430097579956,-0.613127589225769,0.1928868293762207,0.19164037704467773,-0.9087378978729248]","[1.0,-1.0,-0.008633017539978027,1.0,-1.0]","{""acc_lim_theta"":0.6171351810819861,""acc_lim_x"":0.4,""inflation_dist"":0.55,""max_vel_theta"":0.5,""max_vel_x"":0.6,""min_obstacle_dist"":0.25,""weight_obstacle"":74.1898619101046,""weight_optimaltime"":0.5132265746593475,""weight_viapoint"":2.5}","{""acc_lim_theta"":0.6164471630755625,""acc_lim_x"":0.4,""inflation_dist"":0.55,""max_vel_theta"":0.5,""max_vel_x"":0.6649067044797748,""min_obstacle_dist"":0.25,""weight_obstacle"":79.096749310452,""weight_optimaltime"":0.5,""weight_viapoint"":2.5}","{""acc_lim_theta"":0.6164471630755625,""acc_lim_x"":0.4,""inflation_dist"":0.55,""max_vel_theta"":0.5,""max_vel_x"":0.6649067044797748,""min_obstacle_dist"":0.25,""weight_obstacle"":79.096749310452,""weight_optimaltime"":0.5,""weight_viapoint"":2.5}","{""acc_lim_theta"":0.6164471630755625,""acc_lim_x"":0.4,""inflation_dist"":0.55,""max_vel_theta"":0.5,""max_vel_x"":0.6,""min_obstacle_dist"":0.25,""weight_obstacle"":79.096749310452,""weight_optimaltime"":0.5,""weight_viapoint"":2.5}","{""acc_lim_theta"":0.6164471630755625,""acc_lim_x"":0.4,""inflation_dist"":0.55,""max_vel_theta"":0.5,""max_vel_x"":0.6,""min_obstacle_dist"":0.25,""weight_obstacle"":79.096749310452,""weight_optimaltime"":0.5,""weight_viapoint"":2.5}",false,,true,WARNING,margin:warning|safety_mode:WARNING:conservative_filter,false,,-1.7053351632939118,-1.322248496971038,-0.044999999999999575,-0.2234938750558051,-0.09986517869418624,-0.0020965183387127127,-0.0,-0.012631094234170205,0.0,0.0,0.274999999999995,0.0,0.0,0.0,7.093266001902521,24.00000000000091,45.999999999999375,true,
t12p_directional_seed101,t12p_directional_seed101-episode-000004,17,18,43.684,43.056,43.08,43.1,43.182,43.682,0,0.45000000000000284,true,,2.2503727929009747,2.4988707065467977,0.4916657775363724,0.0025523820402849886,0.2910675002670539,0.8990384615384616,0.5375929478005036,-0.5641028181002382,0.019704759746423956,"[1.0,-1.0,-0.008633017539978027,1.0,-1.0]","[0.921684980392456,-0.5928351879119873,0.3898131847381592,0.05592668056488037,-0.875008225440979]","[1.0,-1.0,0.38118016719818115,1.0,-1.0]","{""acc_lim_theta"":0.6164471630755625,""acc_lim_x"":0.4,""inflation_dist"":0.55,""max_vel_theta"":0.5,""max_vel_x"":0.6,""min_obstacle_dist"":0.25,""weight_obstacle"":79.096749310452,""weight_optimaltime"":0.5,""weight_viapoint"":2.5}","{""acc_lim_theta"":0.6096592114258959,""acc_lim_x"":0.4,""inflation_dist"":0.55,""max_vel_theta"":0.5,""max_vel_x"":0.6667729124720625,""min_obstacle_dist"":0.25,""weight_obstacle"":83.82150751264274,""weight_optimaltime"":0.5,""weight_viapoint"":2.5}","{""acc_lim_theta"":0.6096592114258959,""acc_lim_x"":0.4,""inflation_dist"":0.55,""max_vel_theta"":0.5,""max_vel_x"":0.6667729124720625,""min_obstacle_dist"":0.25,""weight_obstacle"":83.82150751264274,""weight_optimaltime"":0.5,""weight_viapoint"":2.5}","{""acc_lim_theta"":0.6096592114258959,""acc_lim_x"":0.4,""inflation_dist"":0.55,""max_vel_theta"":0.5,""max_vel_x"":0.6,""min_obstacle_dist"":0.25,""weight_obstacle"":83.82150751264274,""weight_optimaltime"":0.5,""weight_viapoint"":2.5}","{""acc_lim_theta"":0.6096592114258959,""acc_lim_x"":0.4,""inflation_dist"":0.55,""max_vel_theta"":0.5,""max_vel_x"":0.6,""min_obstacle_dist"":0.25,""weight_obstacle"":83.82150751264274,""weight_optimaltime"":0.5,""weight_viapoint"":2.5}",false,,true,WARNING,margin:warning|safety_mode:WARNING:conservative_filter,false,,-1.5706273616096478,-1.2424895682291148,-0.04500000000000029,-0.2190226507021167,-0.05294232908029223,-2.630928132552929e-05,-0.0,-0.011146504316798138,0.0,0.0,0.04999999999999716,0.0,0.0,0.0,7.0330769958673045,20.000000000003126,102.00000000000387,true,
t12p_directional_seed101,t12p_directional_seed101-episode-000004,18,19,44.33,43.678,43.686,43.706,43.78,44.28,0,0.5,true,,2.5897018010807313,2.8778846641152964,0.3110711746010715,0.0014286537649637636,0.28705597388880477,0.9090909090909091,0.5182416412162444,-0.573116730060051,0.003602005387801886,"[1.0,-1.0,0.38118016719818115,1.0,-1.0]","[0.9032783508300781,-0.68739914894104,0.3915095329284668,0.03974032402038574,-0.8882052898406982]","[1.0,-1.0,0.772689700126648,1.0,-1.0]","{""acc_lim_theta"":0.6096592114258959,""acc_lim_x"":0.4,""inflation_dist"":0.55,""max_vel_theta"":0.5,""max_vel_x"":0.6,""min_obstacle_dist"":0.25,""weight_obstacle"":83.82150751264274,""weight_optimaltime"":0.5,""weight_viapoint"":2.5}","{""acc_lim_theta"":0.6036472109879547,""acc_lim_x"":0.4,""inflation_dist"":0.55,""max_vel_theta"":0.5,""max_vel_x"":0.6675714649786212,""min_obstacle_dist"":0.25,""weight_obstacle"":88.6175255458322,""weight_optimaltime"":0.5,""weight_viapoint"":2.5}","{""acc_lim_theta"":0.6036472109879547,""acc_lim_x"":0.4,""inflation_dist"":0.55,""max_vel_theta"":0.5,""max_vel_x"":0.6675714649786212,""min_obstacle_dist"":0.25,""weight_obstacle"":88.6175255458322,""weight_optimaltime"":0.5,""weight_viapoint"":2.5}","{""acc_lim_theta"":0.6036472109879547,""acc_lim_x"":0.4,""inflation_dist"":0.55,""max_vel_theta"":0.5,""max_vel_x"":0.6,""min_obstacle_dist"":0.25,""weight_obstacle"":88.6175255458322,""weight_optimaltime"":0.5,""weight_viapoint"":2.5}","{""acc_lim_theta"":0.6036472109879547,""acc_lim_x"":0.4,""inflation_dist"":0.55,""max_vel_theta"":0.5,""max_vel_x"":0.6,""min_obstacle_dist"":0.25,""weight_obstacle"":88.6175255458322,""weight_optimaltime"":0.5,""weight_viapoint"":2.5}",false,,true,WARNING,margin:warning|safety_mode:WARNING:conservative_filter,false,,-1.8103504968219681,-1.4409143151728254,-0.05,-0.25195635084894075,-0.05563147095353228,-0.000753323670805388,-0.0,-0.011095036175864197,0.0,0.0,0.22500000000000142,0.0,0.0,0.0,0.8452180045424029,20.000000000003126,94.0000000000012,true,
t12p_directional_seed101,t12p_directional_seed101-episode-000004,19,20,44.888,44.316,44.332,44.352,44.386,44.886,0,0.45000000000000284,true,,2.9351936548993405,3.2048050814229603,0.058798243040522884,0.0014684155989053535,0.28705597388880477,0.9191419141914191,0.5171312516290977,-0.5888155195136012,-0.018582999598748116,"[1.0,-1.0,0.772689700126648,1.0,-1.0]","[0.8962560892105103,-0.7096161246299744,0.3931838274002075,0.16046571731567383,-0.8717044591903687]","[1.0,-1.0,1.0,1.0,-1.0]","{""acc_lim_theta"":0.6036472109879547,""acc_lim_x"":0.4,""inflation_dist"":0.55,""max_vel_theta"":0.5,""max_vel_x"":0.6,""min_obstacle_dist"":0.25,""weight_obstacle"":88.6175255458322,""weight_optimaltime"":0.5,""weight_viapoint"":2.5}","{""acc_lim_theta"":0.6004745268915277,""acc_lim_x"":0.4,""inflation_dist"":0.55,""max_vel_theta"":0.5,""max_vel_x"":0.6636802129235012,""min_obstacle_dist"":0.25,""weight_obstacle"":93.32444449093158,""weight_optimaltime"":0.5,""weight_viapoint"":2.5}","{""acc_lim_theta"":0.6004745268915277,""acc_lim_x"":0.4,""inflation_dist"":0.55,""max_vel_theta"":0.5,""max_vel_x"":0.6636802129235012,""min_obstacle_dist"":0.25,""weight_obstacle"":93.32444449093158,""weight_optimaltime"":0.5,""weight_viapoint"":2.5}","{""acc_lim_theta"":0.6004745268915277,""acc_lim_x"":0.4,""inflation_dist"":0.55,""max_vel_theta"":0.5,""max_vel_x"":0.6,""min_obstacle_dist"":0.25,""weight_obstacle"":93.32444449093158,""weight_optimaltime"":0.5,""weight_viapoint"":2.5}","{""acc_lim_theta"":0.6004745268915277,""acc_lim_x"":0.4,""inflation_dist"":0.55,""max_vel_theta"":0.5,""max_vel_x"":0.6,""min_obstacle_dist"":0.25,""weight_obstacle"":93.32444449093158,""weight_optimaltime"":0.5,""weight_viapoint"":2.5}",false,,true,WARNING,margin:warning|safety_mode:WARNING:conservative_filter,false,,-1.731646814496189,-1.348057132618099,-0.04500000000000029,-0.22098319369030306,-0.10583697649640533,-0.0015625027770756247,-0.0,-0.010207008914305532,0.0,0.0,0.1750000000000007,0.0,0.0,0.0,1.0691540082916617,19.99999999999602,54.000000000002046,true,
t12p_directional_seed101,t12p_directional_seed101-episode-000004,20,21,45.53,44.878,44.89,44.908,44.98,45.48,0,0.5,true,,3.285504973991569,3.57247305182539,0.4044449319146036,0.001636092111885923,0.28705597388880477,0.911864406779661,0.5278840278680653,-0.5649126519962157,-0.01764257795696849,"[1.0,-1.0,1.0,1.0,-1.0]","[0.8878419399261475,-0.7863909006118774,0.329357385635376,0.1541426181793213,-0.8292565941810608]","[1.0,-1.0,1.0,1.0,-1.0]","{""acc_lim_theta"":0.6004745268915277,""acc_lim_x"":0.4,""inflation_dist"":0.55,""max_vel_theta"":0.5,""max_vel_x"":0.6,""min_obstacle_dist"":0.25,""weight_obstacle"":93.32444449093158,""weight_optimaltime"":0.5,""weight_viapoint"":2.5}","{""acc_lim_theta"":0.5960591349812009,""acc_lim_x"":0.4,""inflation_dist"":0.55,""max_vel_theta"":0.5,""max_vel_x"":0.6612029550317363,""min_obstacle_dist"":0.25,""weight_obstacle"":97.80215884967735,""weight_optimaltime"":0.5,""weight_viapoint"":2.5}","{""acc_lim_theta"":0.5960591349812009,""acc_lim_x"":0.4,""inflation_dist"":0.55,""max_vel_theta"":0.5,""max_vel_x"":0.6612029550317363,""min_obstacle_dist"":0.25,""weight_obstacle"":97.80215884967735,""weight_optimaltime"":0.5,""weight_viapoint"":2.5}","{""acc_lim_theta"":0.5960591349812009,""acc_lim_x"":0.4,""inflation_dist"":0.55,""max_vel_theta"":0.5,""max_vel_x"":0.6,""min_obstacle_dist"":0.25,""weight_obstacle"":97.80215884967735,""weight_optimaltime"":0.5,""weight_viapoint"":2.5}","{""acc_lim_theta"":0.5960591349812009,""acc_lim_x"":0.4,""inflation_dist"":0.55,""max_vel_theta"":0.5,""max_vel_x"":0.6,""min_obstacle_dist"":0.25,""weight_obstacle"":97.80215884967735,""weight_optimaltime"":0.5,""weight_viapoint"":2.5}",false,,true,WARNING,margin:warning|safety_mode:WARNING:conservative_filter,false,,-1.7760238365044076,-1.4348403891691053,-0.05,-0.24860192924162514,-0.03178871816938591,-0.0007335232292181145,-0.0,-0.010059276695073244,0.0,0.0,0.17499999999999716,0.0,0.0,0.0,0.8922559936763719,18.000000000000682,89.9999999999963,true,
t12p_directional_seed101,t12p_directional_seed101-episode-000004,21,22,46.082,45.516,45.53,45.55,45.58,46.08,0,0.44999999999999574,true,,3.6289636333557103,3.8780241084018328,0.1747583392669878,0.0016102673872527718,0.284145678881061,0.9063604240282686,0.5484523050239208,-0.5592211813890525,-0.002632129187801525,"[1.0,-1.0,1.0,1.0,-1.0]","[0.8690019845962524,-0.7824389934539795,0.28525757789611816,0.17079222202301025,-0.8522734045982361]","[1.0,-1.0,1.0,1.0,-1.0]","{""acc_lim_theta"":0.5960591349812009,""acc_lim_x"":0.4,""inflation_dist"":0.55,""max_vel_theta"":0.5,""max_vel_x"":0.6,""min_obstacle_dist"":0.25,""weight_obstacle"":97.80215884967735,""weight_optimaltime"":0.5,""weight_viapoint"":2.5}","{""acc_lim_theta"":0.5936113916353899,""acc_lim_x"":0.4,""inflation_dist"":0.55,""max_vel_theta"":0.5,""max_vel_x"":0.6618021830045419,""min_obstacle_dist"":0.25,""weight_obstacle"":100.0,""weight_optimaltime"":0.5,""weight_viapoint"":2.5}","{""acc_lim_theta"":0.5936113916353899,""acc_lim_x"":0.4,""inflation_dist"":0.55,""max_vel_theta"":0.5,""max_vel_x"":0.6618021830045419,""min_obstacle_dist"":0.25,""weight_obstacle"":100.0,""weight_optimaltime"":0.5,""weight_viapoint"":2.5}","{""acc_lim_theta"":0.5936113916353899,""acc_lim_x"":0.4,""inflation_dist"":0.55,""max_vel_theta"":0.5,""max_vel_x"":0.6,""min_obstacle_dist"":0.25,""weight_obstacle"":100.0,""weight_optimaltime"":0.5,""weight_viapoint"":2.5}","{""acc_lim_theta"":0.5936113916353899,""acc_lim_x"":0.4,""inflation_dist"":0.55,""max_vel_theta"":0.5,""max_vel_x"":0.6,""min_obstacle_dist"":0.25,""weight_obstacle"":100.0,""weight_optimaltime"":0.5,""weight_viapoint"":2.5}",false,,true,WARNING,margin:warning|safety_mode:WARNING:conservative_filter,false,,-1.617182996760626,-1.2453023752306125,-0.044999999999999575,-0.22912990832167657,-0.0926609081749789,-8.218689626049615e-05,-0.0,-0.00500761813709804,0.0,0.0,0.3249999999999993,0.0,0.0,0.0,0.7026609964668751,19.99999999999602,49.99999999999716,true,
t12p_directional_seed101,t12p_directional_seed101-episode-000004,22,23,46.732,46.076,46.088,46.11,46.182,46.682,0,0.5,true,,3.969057198406303,4.264104783738881,0.5468178892620031,0.00040868979263114556,0.284145678881061,0.8950381679389313,0.5024944967250815,-0.6,0.0073900345145324585,"[1.0,-1.0,1.0,1.0,-1.0]","[0.8682005405426025,-0.7763892412185669,0.30154597759246826,0.014345884323120117,-0.8577809929847717]","[1.0,-1.0,1.0,1.0,-1.0]","{""acc_lim_theta"":0.5936113916353899,""acc_lim_x"":0.4,""inflation_dist"":0.55,""max_vel_theta"":0.5,""max_vel_x"":0.6,""min_obstacle_dist"":0.25,""weight_obstacle"":100.0,""weight_optimaltime"":0.5,""weight_viapoint"":2.5}","{""acc_lim_theta"":0.5873555338010455,""acc_lim_x"":0.4,""inflation_dist"":0.55,""max_vel_theta"":0.5,""max_vel_x"":0.665737221623439,""min_obstacle_dist"":0.25,""weight_obstacle"":100.0,""weight_optimaltime"":0.5,""weight_viapoint"":2.5}","{""acc_lim_theta"":0.5873555338010455,""acc_lim_x"":0.4,""inflation_dist"":0.55,""max_vel_theta"":0.5,""max_vel_x"":0.665737221623439,""min_obstacle_dist"":0.25,""weight_obstacle"":100.0,""weight_optimaltime"":0.5,""weight_viapoint"":2.5}","{""acc_lim_theta"":0.5873555338010455,""acc_lim_x"":0.4,""inflation_dist"":0.55,""max_vel_theta"":0.5,""max_vel_x"":0.6,""min_obstacle_dist"":0.25,""weight_obstacle"":100.0,""weight_optimaltime"":0.5,""weight_viapoint"":2.5}","{""acc_lim_theta"":0.5873555338010455,""acc_lim_x"":0.4,""inflation_dist"":0.55,""max_vel_theta"":0.5,""max_vel_x"":0.6,""min_obstacle_dist"":0.25,""weight_obstacle"":100.0,""weight_optimaltime"":0.5,""weight_viapoint"":2.5}",false,,true,WARNING,margin:warning|safety_mode:WARNING:conservative_filter,false,,-1.847607872353731,-1.4752379266628868,-0.05,-0.24503218639639357,-0.07270479591476338,-0.00306899892110119,-0.0,-0.0015639644585860868,0.0,0.0,0.15000000000000213,0.0,0.0,0.0,5.580149998422712,21.999999999998465,94.0000000000012,true,
t12p_directional_seed101,t12p_directional_seed101-episode-000004,23,24,47.29,46.716,46.734,46.756,46.788,47.288,0,0.45000000000000284,true,,4.3241039738016305,4.600100095928449,0.2847654824841093,0.001450386254556526,0.284145678881061,0.8801742919389978,0.50227923602738,-0.6,-0.013030763905390394,"[1.0,-1.0,1.0,1.0,-1.0]","[0.7676558494567871,-0.8348848819732666,0.4614630937576294,0.24958586692810059,-0.7768759727478027]","[1.0,-1.0,1.0,1.0,-1.0]","{""acc_lim_theta"":0.5873555338010455,""acc_lim_x"":0.4,""inflation_dist"":0.55,""max_vel_theta"":0.5,""max_vel_x"":0.6,""min_obstacle_dist"":0.25,""weight_obstacle"":100.0,""weight_optimaltime"":0.5,""weight_viapoint"":2.5}","{""acc_lim_theta"":0.5885375547009364,""acc_lim_x"":0.4,""inflation_dist"":0.55,""max_vel_theta"":0.5,""max_vel_x"":0.653698789053265,""min_obstacle_dist"":0.25,""weight_obstacle"":100.0,""weight_optimaltime"":0.5,""weight_viapoint"":2.5}","{""acc_lim_theta"":0.5885375547009364,""acc_lim_x"":0.4,""inflation_dist"":0.55,""max_vel_theta"":0.5,""max_vel_x"":0.653698789053265,""min_obstacle_dist"":0.25,""weight_obstacle"":100.0,""weight_optimaltime"":0.5,""weight_viapoint"":2.5}","{""acc_lim_theta"":0.5885375547009364,""acc_lim_x"":0.4,""inflation_dist"":0.55,""max_vel_theta"":0.5,""max_vel_x"":0.6,""min_obstacle_dist"":0.25,""weight_obstacle"":100.0,""weight_optimaltime"":0.5,""weight_viapoint"":2.5}","{""acc_lim_theta"":0.5885375547009364,""acc_lim_x"":0.4,""inflation_dist"":0.55,""max_vel_theta"":0.5,""max_vel_x"":0.6,""min_obstacle_dist"":0.25,""weight_obstacle"":100.0,""weight_optimaltime"":0.5,""weight_viapoint"":2.5}",false,,true,WARNING,margin:warning|safety_mode:WARNING:conservative_filter,false,,-1.6813191364555078,-1.3799806106340906,-0.04500000000000029,-0.21843947104753486,-0.03760354954890926,-0.0,-0.0,-0.0002955052249727086,0.0,0.0,0.0,0.0,0.0,0.0,0.9547919908072799,21.999999999998465,53.99999999999494,true,
t12p_directional_seed101,t12p_directional_seed101-episode-000004,24,25,47.882,47.28,47.292,47.31,47.38,47.88,0,0.45000000000000284,true,,4.684099104643299,4.948095515936027,0.06269990988942074,0.0022552384309418817,0.284145678881061,0.839541547277937,0.5137470715852694,-0.6,0.024851920306449518,"[1.0,-1.0,1.0,1.0,-1.0]","[0.8204208612442017,-0.7145065069198608,0.3072425127029419,0.04387974739074707,-0.7869098782539368]","[1.0,-1.0,1.0,1.0,-1.0]","{""acc_lim_theta"":0.5885375547009364,""acc_lim_x"":0.4,""inflation_dist"":0.55,""max_vel_theta"":0.5,""max_vel_x"":0.6,""min_obstacle_dist"":0.25,""weight_obstacle"":100.0,""weight_optimaltime"":0.5,""weight_viapoint"":2.5}","{""acc_lim_theta"":0.5826129379795721,""acc_lim_x"":0.4,""inflation_dist"":0.55,""max_vel_theta"":0.5,""max_vel_x"":0.660040701831777,""min_obstacle_dist"":0.25,""weight_obstacle"":100.0,""weight_optimaltime"":0.5,""weight_viapoint"":2.5}","{""acc_lim_theta"":0.5826129379795721,""acc_lim_x"":0.4,""inflation_dist"":0.55,""max_vel_theta"":0.5,""max_vel_x"":0.660040701831777,""min_obstacle_dist"":0.25,""weight_obstacle"":100.0,""weight_optimaltime"":0.5,""weight_viapoint"":2.5}","{""acc_lim_theta"":0.5826129379795721,""acc_lim_x"":0.4,""inflation_dist"":0.55,""max_vel_theta"":0.5,""max_vel_x"":0.6,""min_obstacle_dist"":0.25,""weight_obstacle"":100.0,""weight_optimaltime"":0.5,""weight_viapoint"":2.5}","{""acc_lim_theta"":0.5826129379795721,""acc_lim_x"":0.4,""inflation_dist"":0.55,""max_vel_theta"":0.5,""max_vel_x"":0.6,""min_obstacle_dist"":0.25,""weight_obstacle"":100.0,""weight_optimaltime"":0.5,""weight_viapoint"":2.5}",false,,true,WARNING,margin:warning|safety_mode:WARNING:conservative_filter,false,,-1.694623004174829,-1.3199820564636378,-0.04500000000000029,-0.2237705166139916,-0.10438927691685808,-0.0,-0.0,-0.00148115418034106,0.0,0.0,0.12500000000000355,0.0,0.0,0.0,1.1207580100744963,18.000000000000682,88.00000000000097,true,
t12p_directional_seed101,t12p_directional_seed101-episode-000004,25,26,48.526,47.876,47.882,47.9,47.976,48.476,0,0.5,true,,5.044093124172686,5.344062474389372,0.4270197351914237,0.02016944338848184,0.284145678881061,0.7682926829268293,0.6085863655259613,-0.6,0.03439357796694984,"[1.0,-1.0,1.0,1.0,-1.0]","[0.7482621669769287,-0.7200189232826233,0.2637917995452881,-0.03220987319946289,-0.7130798697471619]","[1.0,-1.0,1.0,0.9677901268005371,-1.0]","{""acc_lim_theta"":0.5826129379795721,""acc_lim_x"":0.4,""inflation_dist"":0.55,""max_vel_theta"":0.5,""max_vel_x"":0.6,""min_obstacle_dist"":0.25,""weight_obstacle"":100.0,""weight_optimaltime"":0.5,""weight_viapoint"":2.5}","{""acc_lim_theta"":0.5751960913363032,""acc_lim_x"":0.4,""inflation_dist"":0.55,""max_vel_theta"":0.5,""max_vel_x"":0.6561674468749361,""min_obstacle_dist"":0.25,""weight_obstacle"":100.0,""weight_optimaltime"":0.5,""weight_viapoint"":2.5}","{""acc_lim_theta"":0.5751960913363032,""acc_lim_x"":0.4,""inflation_dist"":0.55,""max_vel_theta"":0.5,""max_vel_x"":0.6561674468749361,""min_obstacle_dist"":0.25,""weight_obstacle"":100.0,""weight_optimaltime"":0.5,""weight_viapoint"":2.5}","{""acc_lim_theta"":0.5751960913363032,""acc_lim_x"":0.4,""inflation_dist"":0.55,""max_vel_theta"":0.5,""max_vel_x"":0.6,""min_obstacle_dist"":0.25,""weight_obstacle"":100.0,""weight_optimaltime"":0.5,""weight_viapoint"":2.5}","{""acc_lim_theta"":0.5751960913363032,""acc_lim_x"":0.4,""inflation_dist"":0.55,""max_vel_theta"":0.5,""max_vel_x"":0.6,""min_obstacle_dist"":0.25,""weight_obstacle"":100.0,""weight_optimaltime"":0.5,""weight_viapoint"":2.5}",false,,true,WARNING,margin:warning|safety_mode:WARNING:conservative_filter,false,,-1.8021026618287332,-1.4998467510834335,-0.05,-0.2153894586825441,-0.035012240401938136,-0.0,-0.0,-0.0018542116608172288,0.0,0.0,0.0,0.0,0.0,0.0,0.8069879986578599,18.000000000000682,94.0000000000012,true,
t12p_directional_seed101,t12p_directional_seed101-episode-000004,26,27,49.072,48.524,48.528,48.546,48.57,49.07,0,0.44999999999999574,true,,5.39204900785918,5.635046832655778,0.11488530284521366,0.021744823515854262,0.284145678881061,0.6979166666666666,1.026648117704542,-0.4191703482431173,0.00897771193155192,"[1.0,-1.0,1.0,0.9677901268005371,-1.0]","[0.6086025238037109,-0.7719628214836121,-0.022094368934631348,0.08762884140014648,-0.5065037608146667]","[1.0,-1.0,0.9779056310653687,1.0,-1.0]","{""acc_lim_theta"":0.5751960913363032,""acc_lim_x"":0.4,""inflation_dist"":0.55,""max_vel_theta"":0.5,""max_vel_x"":0.6,""min_obstacle_dist"":0.25,""weight_obstacle"":100.0,""weight_optimaltime"":0.5,""weight_viapoint"":2.5}","{""acc_lim_theta"":0.5696291449022978,""acc_lim_x"":0.4,""inflation_dist"":0.550204555246425,""max_vel_theta"":0.5,""max_vel_x"":0.6387726947502056,""min_obstacle_dist"":0.25,""weight_obstacle"":100.0,""weight_optimaltime"":0.5,""weight_viapoint"":2.5}","{""acc_lim_theta"":0.5696291449022978,""acc_lim_x"":0.4,""inflation_dist"":0.550204555246425,""max_vel_theta"":0.5,""max_vel_x"":0.6387726947502056,""min_obstacle_dist"":0.25,""weight_obstacle"":100.0,""weight_optimaltime"":0.5,""weight_viapoint"":2.5}","{""acc_lim_theta"":0.5696291449022978,""acc_lim_x"":0.4,""inflation_dist"":0.550204555246425,""max_vel_theta"":0.5,""max_vel_x"":0.6,""min_obstacle_dist"":0.25,""weight_obstacle"":100.0,""weight_optimaltime"":0.5,""weight_viapoint"":2.5}","{""acc_lim_theta"":0.5696291449022978,""acc_lim_x"":0.4,""inflation_dist"":0.550204555246425,""max_vel_theta"":0.5,""max_vel_x"":0.6,""min_obstacle_dist"":0.25,""weight_obstacle"":100.0,""weight_optimaltime"":0.5,""weight_viapoint"":2.5}",false,,true,WARNING,margin:warning|safety_mode:WARNING:conservative_filter,false,,-1.5095826328249733,-1.2149891239829902,-0.044999999999999575,-0.10514454864316494,-0.0786962685198939,-0.06430251071430189,-0.0,-0.001450180964622774,0.0,0.0,0.0,0.0,0.0,0.0,0.8621789893368259,18.000000000000682,42.00000000000159,true,
t12p_directional_seed101,t12p_directional_seed101-episode-000004,27,28,49.722,49.068,49.074,49.092,49.172,49.672,0,0.5,true,,5.697283654336213,5.804319286529096,0.27079795568965803,0.07549866328376051,0.284145678881061,0.6428571428571429,3.598936957050522,-0.13157333117520217,0.08408719453872801,"[1.0,-1.0,0.9779056310653687,1.0,-1.0]","[0.5178862810134888,-0.7700405716896057,-0.10089409351348877,-0.20500898361206055,-0.2707552909851074]","[1.0,-1.0,0.8770115375518799,0.7949910163879395,-1.0]","{""acc_lim_theta"":0.5696291449022978,""acc_lim_x"":0.4,""inflation_dist"":0.550204555246425,""max_vel_theta"":0.5,""max_vel_x"":0.6,""min_obstacle_dist"":0.25,""weight_obstacle"":100.0,""weight_optimaltime"":0.5,""weight_viapoint"":2.5}","{""acc_lim_theta"":0.5523267283626194,""acc_lim_x"":0.4,""inflation_dist"":0.5511386582399315,""max_vel_theta"":0.5,""max_vel_x"":0.6301676749582443,""min_obstacle_dist"":0.25,""weight_obstacle"":100.0,""weight_optimaltime"":0.5,""weight_viapoint"":2.5}","{""acc_lim_theta"":0.5523267283626194,""acc_lim_x"":0.4,""inflation_dist"":0.5511386582399315,""max_vel_theta"":0.5,""max_vel_x"":0.6301676749582443,""min_obstacle_dist"":0.25,""weight_obstacle"":100.0,""weight_optimaltime"":0.5,""weight_viapoint"":2.5}","{""acc_lim_theta"":0.5523267283626194,""acc_lim_x"":0.4,""inflation_dist"":0.5511386582399315,""max_vel_theta"":0.5,""max_vel_x"":0.6,""min_obstacle_dist"":0.25,""weight_obstacle"":100.0,""weight_optimaltime"":0.5,""weight_viapoint"":2.5}","{""acc_lim_theta"":0.5523267283626194,""acc_lim_x"":0.4,""inflation_dist"":0.5511386582399315,""max_vel_theta"":0.5,""max_vel_x"":0.6,""min_obstacle_dist"":0.25,""weight_obstacle"":100.0,""weight_optimaltime"":0.5,""weight_viapoint"":2.5}",false,,true,WARNING,margin:warning|safety_mode:WARNING:conservative_filter,false,,-0.687759148399629,-0.5351781609644135,-0.05,-0.04401337604842186,-0.02550916622153455,-0.028465954460766232,-0.0,-0.00459249070449287,0.0,0.0,0.0,0.0,0.0,0.0,0.9132990089710802,18.000000000000682,97.99999999999898,true,
t12p_directional_seed101,t12p_directional_seed101-episode-000004,28,29,50.272,49.716,49.726,49.746,49.77,50.27,0,0.45000000000000284,true,,5.817439302672207,5.780503711707431,0.03587415332316862,0.07274529813684627,0.284145678881061,0.6549707602339181,3.705454948367792,0.12583471730839757,-0.03610164861012922,"[1.0,-1.0,0.8770115375518799,0.7949910163879395,-1.0]","[0.7026066780090332,-0.8428481817245483,-0.3994792699813843,0.08814966678619385,-0.09632033109664917]","[1.0,-1.0,0.4775322675704956,0.8831406831741333,-1.0]","{""acc_lim_theta"":0.5523267283626194,""acc_lim_x"":0.4,""inflation_dist"":0.5511386582399315,""max_vel_theta"":0.5,""max_vel_x"":0.6,""min_obstacle_dist"":0.25,""weight_obstacle"":100.0,""weight_optimaltime"":0.5,""weight_viapoint"":2.5}","{""acc_lim_theta"":0.5291929565184238,""acc_lim_x"":0.4,""inflation_dist"":0.5548371381899349,""max_vel_theta"":0.5,""max_vel_x"":0.6166802831083934,""min_obstacle_dist"":0.25,""weight_obstacle"":100.0,""weight_optimaltime"":0.5,""weight_viapoint"":2.5}","{""acc_lim_theta"":0.5291929565184238,""acc_lim_x"":0.4,""inflation_dist"":0.5548371381899349,""max_vel_theta"":0.5,""max_vel_x"":0.6166802831083934,""min_obstacle_dist"":0.25,""weight_obstacle"":100.0,""weight_optimaltime"":0.5,""weight_viapoint"":2.5}","{""acc_lim_theta"":0.5291929565184238,""acc_lim_x"":0.4,""inflation_dist"":0.5548371381899349,""max_vel_theta"":0.5,""max_vel_x"":0.6,""min_obstacle_dist"":0.25,""weight_obstacle"":100.0,""weight_optimaltime"":0.5,""weight_viapoint"":2.5}","{""acc_lim_theta"":0.5291929565184238,""acc_lim_x"":0.4,""inflation_dist"":0.5548371381899349,""max_vel_theta"":0.5,""max_vel_x"":0.6,""min_obstacle_dist"":0.25,""weight_obstacle"":100.0,""weight_optimaltime"":0.5,""weight_viapoint"":2.5}",false,,true,WARNING,margin:warning|safety_mode:WARNING:conservative_filter,false,,0.03490743571315425,0.1846779548238775,-0.04500000000000029,-0.04530946817028829,-0.006145334751056834,-0.046475564671185104,-0.0,-0.006840151518192732,0.0,0.0,0.0,0.0,0.0,0.0,4.019440995762125,20.000000000003126,44.000000000004036,true,
t12p_directional_seed101,t12p_directional_seed101-episode-000004,29,30,50.892,50.266,50.274,50.296,50.366,50.866,0,0.47399999999999665,true,,5.755606633687586,5.732583408717827,0.03834899414713066,0.07047745763470076,0.284145678881061,0.6703910614525139,2.783889269127335,-0.1587470577714187,-0.024558935997503868,"[1.0,-1.0,0.4775322675704956,0.8831406831741333,-1.0]","[0.6934750080108643,-0.7549351453781128,-0.3617333173751831,-0.2353954315185547,0.06305646896362305]","[1.0,-1.0,0.1157989501953125,0.6477452516555786,-0.936943531036377]","{""acc_lim_theta"":0.5291929565184238,""acc_lim_x"":0.4,""inflation_dist"":0.5548371381899349,""max_vel_theta"":0.5,""max_vel_x"":0.6,""min_obstacle_dist"":0.25,""weight_obstacle"":100.0,""weight_optimaltime"":0.5,""weight_viapoint"":2.5}","{""acc_lim_theta"":0.4927639982337231,""acc_lim_x"":0.4,""inflation_dist"":0.5581861565798569,""max_vel_theta"":0.5,""max_vel_x"":0.6147549432033116,""min_obstacle_dist"":0.25,""weight_obstacle"":99.65951569336744,""weight_optimaltime"":0.5,""weight_viapoint"":2.5}","{""acc_lim_theta"":0.4927639982337231,""acc_lim_x"":0.4,""inflation_dist"":0.5581861565798569,""max_vel_theta"":0.5,""max_vel_x"":0.6147549432033116,""min_obstacle_dist"":0.25,""weight_obstacle"":99.65951569336744,""weight_optimaltime"":0.5,""weight_viapoint"":2.5}","{""acc_lim_theta"":0.4927639982337231,""acc_lim_x"":0.4,""inflation_dist"":0.5581861565798569,""max_vel_theta"":0.5,""max_vel_x"":0.6,""min_obstacle_dist"":0.25,""weight_obstacle"":100.0,""weight_optimaltime"":0.5,""weight_viapoint"":2.5}","{""acc_lim_theta"":0.4927639982337231,""acc_lim_x"":0.4,""inflation_dist"":0.5581861565798569,""max_vel_theta"":0.5,""max_vel_x"":0.6,""min_obstacle_dist"":0.25,""weight_obstacle"":100.0,""weight_optimaltime"":0.5,""weight_viapoint"":2.5}",false,,true,WARNING,margin:warning|safety_mode:WARNING:conservative_filter,false,,-0.025393670065948656,0.11511612484879752,-0.047399999999999665,-0.05831313894754331,-0.0007263756054270937,-0.024006178393480335,-0.0,-0.010064101968295774,0.0,0.0,0.0,0.0,0.0,0.0,1.9371359958313406,21.999999999998465,91.99999999999875,true,
t12p_directional_seed101,t12p_directional_seed101-episode-000004,30,31,51.47,50.876,50.894,50.918,50.968,51.468,0,0.45000000000000284,true,,5.750134562201089,5.8211029443120195,0.08705943276059087,0.0665785874163092,0.284145678881061,0.6385542168674698,3.426771507054873,-0.1440458359260731,0.06313238260150125,"[1.0,-1.0,0.1157989501953125,0.6477452516555786,-0.936943531036377]","[0.5925595760345459,-0.6703282594680786,-0.3533996343612671,-0.32275134325027466,0.1479785442352295]","[1.0,-1.0,-0.2376006841659546,0.32499390840530396,-0.7889649868011475]","{""acc_lim_theta"":0.4927639982337231,""acc_lim_x"":0.4,""inflation_dist"":0.5581861565798569,""max_vel_theta"":0.5,""max_vel_x"":0.6,""min_obstacle_dist"":0.25,""weight_obstacle"":100.0,""weight_optimaltime"":0.5,""weight_viapoint"":2.5}","{""acc_lim_theta"":0.45535292423339735,""acc_lim_x"":0.4,""inflation_dist"":0.5614580196281812,""max_vel_theta"":0.5,""max_vel_x"":0.6099611891378336,""min_obstacle_dist"":0.25,""weight_obstacle"":99.20096426491159,""weight_optimaltime"":0.5,""weight_viapoint"":2.5}","{""acc_lim_theta"":0.45535292423339735,""acc_lim_x"":0.4,""inflation_dist"":0.5614580196281812,""max_vel_theta"":0.5,""max_vel_x"":0.6099611891378336,""min_obstacle_dist"":0.25,""weight_obstacle"":99.20096426491159,""weight_optimaltime"":0.5,""weight_viapoint"":2.5}","{""acc_lim_theta"":0.45535292423339735,""acc_lim_x"":0.4,""inflation_dist"":0.5614580196281812,""max_vel_theta"":0.5,""max_vel_x"":0.6,""min_obstacle_dist"":0.25,""weight_obstacle"":100.0,""weight_optimaltime"":0.5,""weight_viapoint"":2.5}","{""acc_lim_theta"":0.45535292423339735,""acc_lim_x"":0.4,""inflation_dist"":0.5614580196281812,""max_vel_theta"":0.5,""max_vel_x"":0.6,""min_obstacle_dist"":0.25,""weight_obstacle"":100.0,""weight_optimaltime"":0.5,""weight_viapoint"":2.5}",false,,true,WARNING,margin:warning|safety_mode:WARNING:conservative_filter,false,,-0.47478785203108165,-0.35484191055465075,-0.04500000000000029,-0.04179991759948086,-0.0014265773957901169,-0.02143185996727129,-0.0,-0.010287586513888369,0.0,0.0,0.0,0.0,0.0,0.0,1.2182130012661219,24.00000000000091,74.00000000000517,true,
t12p_directional_seed101,t12p_directional_seed101-episode-000004,31,32,52.066,51.466,51.472,51.492,51.564,52.064,0,0.44999999999999574,true,,5.844430160218827,5.91151035203264,0.03419101304090542,0.10217478623765357,0.284145678881061,0.6064516129032258,6.763921264249464,-0.08073291365464218,0.06727377283748473,"[1.0,-1.0,-0.2376006841659546,0.32499390840530396,-0.7889649868011475]","[0.6766260862350464,-0.673609733581543,-0.3200662136077881,-0.30661123991012573,0.017676472663879395]","[1.0,-1.0,-0.5576668977737427,0.018382668495178223,-0.7712885141372681]","{""acc_lim_theta"":0.45535292423339735,""acc_lim_x"":0.4,""inflation_dist"":0.5614580196281812,""max_vel_theta"":0.5,""max_vel_x"":0.6,""min_obstacle_dist"":0.25,""weight_obstacle"":100.0,""weight_optimaltime"":0.5,""weight_viapoint"":2.5}","{""acc_lim_theta"":0.4192993195029198,""acc_lim_x"":0.4,""inflation_dist"":0.5644212734504811,""max_vel_theta"":0.5,""max_vel_x"":0.6187296559110923,""min_obstacle_dist"":0.25,""weight_obstacle"":99.90455282958926,""weight_optimaltime"":0.5,""weight_viapoint"":2.5}","{""acc_lim_theta"":0.4192993195029198,""acc_lim_x"":0.4,""inflation_dist"":0.5644212734504811,""max_vel_theta"":0.5,""max_vel_x"":0.6187296559110923,""min_obstacle_dist"":0.25,""weight_obstacle"":99.90455282958926,""weight_optimaltime"":0.5,""weight_viapoint"":2.5}","{""acc_lim_theta"":0.4192993195029198,""acc_lim_x"":0.4,""inflation_dist"":0.5644212734504811,""max_vel_theta"":0.5,""max_vel_x"":0.6,""min_obstacle_dist"":0.25,""weight_obstacle"":100.0,""weight_optimaltime"":0.5,""weight_viapoint"":2.5}","{""acc_lim_theta"":0.4192993195029198,""acc_lim_x"":0.4,""inflation_dist"":0.5644212734504811,""max_vel_theta"":0.5,""max_vel_x"":0.6,""min_obstacle_dist"":0.25,""weight_obstacle"":100.0,""weight_optimaltime"":0.5,""weight_viapoint"":2.5}",false,,true,WARNING,recovery:hysteresis_or_health_time|safety_mode:WARNING:conservative_filter,false,,-0.4853459425793969,-0.33540095906906764,-0.044999999999999575,-0.025116676232538895,-0.005733867245410564,-0.06423439490053227,-0.0,-0.009860045131847925,0.0,0.0,0.0,0.0,0.0,0.0,0.9430509962840006,19.99999999999602,91.99999999999875,true,
t12p_directional_seed101,t12p_directional_seed101-episode-000004,32,33,52.67,52.06,52.068,52.086,52.166,52.666,0,0.4519999999999982,true,,5.919247022410899,5.877253312656526,0.03659129818063041,0.10109666609990849,0.284145678881061,0.625,4.278704268353643,0.11893031462362245,-0.0633434655308027,"[1.0,-1.0,-0.5576668977737427,0.018382668495178223,-0.7712885141372681]","[0.6596624851226807,-0.6173804402351379,-0.276739239692688,-0.2350267767906189,0.11591219902038574]","[1.0,-1.0,-0.8344061374664307,-0.21664410829544067,-0.6553763151168823]","{""acc_lim_theta"":0.4192993195029198,""acc_lim_x"":0.4,""inflation_dist"":0.5644212734504811,""max_vel_theta"":0.5,""max_vel_x"":0.6,""min_obstacle_dist"":0.25,""weight_obstacle"":100.0,""weight_optimaltime"":0.5,""weight_viapoint"":2.5}","{""acc_lim_theta"":0.4,""acc_lim_x"":0.4,""inflation_dist"":0.5669833952082141,""max_vel_theta"":0.5,""max_vel_x"":0.6110430253022927,""min_obstacle_dist"":0.25,""weight_obstacle"":99.37411204017022,""weight_optimaltime"":0.5,""weight_viapoint"":2.5}","{""acc_lim_theta"":0.4,""acc_lim_x"":0.4,""inflation_dist"":0.5669833952082141,""max_vel_theta"":0.5,""max_vel_x"":0.6110430253022927,""min_obstacle_dist"":0.25,""weight_obstacle"":99.37411204017022,""weight_optimaltime"":0.5,""weight_viapoint"":2.5}","{""acc_lim_theta"":0.4,""acc_lim_x"":0.4,""inflation_dist"":0.5669833952082141,""max_vel_theta"":0.5,""max_vel_x"":0.6,""min_obstacle_dist"":0.25,""weight_obstacle"":100.0,""weight_optimaltime"":0.5,""weight_viapoint"":2.5}","{""acc_lim_theta"":0.4,""acc_lim_x"":0.4,""inflation_dist"":0.5669833952082141,""max_vel_theta"":0.5,""max_vel_x"":0.6,""min_obstacle_dist"":0.25,""weight_obstacle"":100.0,""weight_optimaltime"":0.5,""weight_viapoint"":2.5}",false,,true,WARNING,recovery:hysteresis_or_health_time|safety_mode:WARNING:conservative_filter,false,,0.10987511121217122,0.2099685487718661,-0.045199999999999824,-0.01259816904442277,-0.00041382178824118406,-0.036324582063377464,-0.0,-0.005556864663653653,0.0,0.0,0.0,0.0,0.0,0.0,1.6370450030080974,18.000000000000682,97.99999999999898,true,
t12p_directional_seed101,t12p_directional_seed101-episode-000004,33,34,53.266,52.666,52.67,52.692,52.764,53.264,0,0.45000000000000284,true,,5.848314431628352,5.6708274954634605,0.044995158094027016,0.02566388144798807,0.284145678881061,0.6968085106382979,1.1266286070476603,0.38437407088566,-0.1431802013401832,"[1.0,-1.0,-0.8344061374664307,-0.21664410829544067,-0.6553763151168823]","[0.6338783502578735,-0.43166810274124146,-0.3452005982398987,-0.32559502124786377,0.17986416816711426]","[1.0,-1.0,-1.0,-0.5422391295433044,-0.47551214694976807]","{""acc_lim_theta"":0.4,""acc_lim_x"":0.4,""inflation_dist"":0.5669833952082141,""max_vel_theta"":0.5,""max_vel_x"":0.6,""min_obstacle_dist"":0.25,""weight_obstacle"":100.0,""weight_optimaltime"":0.5,""weight_viapoint"":2.5}","{""acc_lim_theta"":0.4,""acc_lim_x"":0.40456421826275185,""inflation_dist"":0.5701793495098701,""max_vel_theta"":0.5,""max_vel_x"":0.6089462548595268,""min_obstacle_dist"":0.25,""weight_obstacle"":99.02879232546698,""weight_optimaltime"":0.5,""weight_viapoint"":2.5}","{""acc_lim_theta"":0.4,""acc_lim_x"":0.40456421826275185,""inflation_dist"":0.5701793495098701,""max_vel_theta"":0.5,""max_vel_x"":0.6089462548595268,""min_obstacle_dist"":0.25,""weight_obstacle"":99.02879232546698,""weight_optimaltime"":0.5,""weight_viapoint"":2.5}","{""acc_lim_theta"":0.4,""acc_lim_x"":0.40456421826275185,""inflation_dist"":0.5701793495098701,""max_vel_theta"":0.5,""max_vel_x"":0.6,""min_obstacle_dist"":0.25,""weight_obstacle"":100.0,""weight_optimaltime"":0.5,""weight_viapoint"":2.5}","{""acc_lim_theta"":0.4,""acc_lim_x"":0.40456421826275185,""inflation_dist"":0.5701793495098701,""max_vel_theta"":0.5,""max_vel_x"":0.6,""min_obstacle_dist"":0.25,""weight_obstacle"":100.0,""weight_optimaltime"":0.5,""weight_viapoint"":2.5}",false,,true,WARNING,recovery:hysteresis_or_health_time|safety_mode:WARNING:conservative_filter,false,,0.7630558621784856,0.8874346808244571,-0.04500000000000029,-0.047049542054740705,-0.0006847595827733705,-0.02959033264229599,-0.0,-0.002054184366161126,0.0,0.0,0.0,0.0,0.0,0.0,0.7791200041538104,21.999999999998465,94.0000000000012,true,
t12p_directional_seed101,t12p_directional_seed101-episode-000004,34,35,53.87,53.256,53.27,53.29,53.368,53.868,0,0.45000000000000284,true,,5.652110695058158,5.762938850555923,0.04759297404749818,0.007163205029168972,0.284145678881061,0.6628571428571428,2.6186250715566954,-0.18803864515312202,-0.001385854783571763,"[1.0,-1.0,-1.0,-0.5422391295433044,-0.47551214694976807]","[0.5994360446929932,-0.47325193881988525,-0.2014349102973938,-0.388078510761261,0.19222724437713623]","[1.0,-1.0,-1.0,-0.9303176403045654,-0.28328490257263184]","{""acc_lim_theta"":0.4,""acc_lim_x"":0.40456421826275185,""inflation_dist"":0.5701793495098701,""max_vel_theta"":0.5,""max_vel_x"":0.6,""min_obstacle_dist"":0.25,""weight_obstacle"":100.0,""weight_optimaltime"":0.5,""weight_viapoint"":2.5}","{""acc_lim_theta"":0.4,""acc_lim_x"":0.4115067326837223,""inflation_dist"":0.5720442847717183,""max_vel_theta"":0.5,""max_vel_x"":0.6090340292420211,""min_obstacle_dist"":0.25,""weight_obstacle"":98.96203575789511,""weight_optimaltime"":0.5,""weight_viapoint"":2.5}","{""acc_lim_theta"":0.4,""acc_lim_x"":0.4115067326837223,""inflation_dist"":0.5720442847717183,""max_vel_theta"":0.5,""max_vel_x"":0.6090340292420211,""min_obstacle_dist"":0.25,""weight_obstacle"":98.96203575789511,""weight_optimaltime"":0.5,""weight_viapoint"":2.5}","{""acc_lim_theta"":0.4,""acc_lim_x"":0.4115067326837223,""inflation_dist"":0.5720442847717183,""max_vel_theta"":0.5,""max_vel_x"":0.6,""min_obstacle_dist"":0.25,""weight_obstacle"":100.0,""weight_optimaltime"":0.5,""weight_viapoint"":2.5}","{""acc_lim_theta"":0.4,""acc_lim_x"":0.4115067326837223,""inflation_dist"":0.5720442847717183,""max_vel_theta"":0.5,""max_vel_x"":0.6,""min_obstacle_dist"":0.25,""weight_obstacle"":100.0,""weight_optimaltime"":0.5,""weight_viapoint"":2.5}",false,,true,WARNING,margin:warning|safety_mode:WARNING:conservative_filter,false,,-0.7642470723001977,-0.554140777488823,-0.04500000000000029,-0.04934937263455777,-0.000836642255570502,-0.11265181266976135,-0.0,-0.0022684672514849424,0.0,0.0,0.0,0.0,0.0,0.0,2.849942000466399,19.99999999999602,97.99999999999898,true,
t12p_directional_seed101,t12p_directional_seed101-episode-000004,35,36,54.47,53.866,53.872,53.89,53.968,54.468,0,0.45000000000000284,true,,5.7852437609935246,5.7951332405038665,0.04172812403893033,0.017550122459532948,0.284145678881061,0.650887573964497,7.247917617438554,-0.07003661918276494,0.05836067838901579,"[1.0,-1.0,-1.0,-0.9303176403045654,-0.28328490257263184]","[0.5681319236755371,-0.6256524324417114,-0.1663392186164856,-0.26358532905578613,0.11816763877868652]","[1.0,-1.0,-1.0,-1.0,-0.1651172637939453]","{""acc_lim_theta"":0.4,""acc_lim_x"":0.4115067326837223,""inflation_dist"":0.5720442847717183,""max_vel_theta"":0.5,""max_vel_x"":0.6,""min_obstacle_dist"":0.25,""weight_obstacle"":100.0,""weight_optimaltime"":0.5,""weight_viapoint"":2.5}","{""acc_lim_theta"":0.4,""acc_lim_x"":0.40884341514656686,""inflation_dist"":0.5735842952583224,""max_vel_theta"":0.5,""max_vel_x"":0.6098643441708322,""min_obstacle_dist"":0.25,""weight_obstacle"":99.36193340322974,""weight_optimaltime"":0.5,""weight_viapoint"":2.5}","{""acc_lim_theta"":0.4,""acc_lim_x"":0.40884341514656686,""inflation_dist"":0.5735842952583224,""max_vel_theta"":0.5,""max_vel_x"":0.6098643441708322,""min_obstacle_dist"":0.25,""weight_obstacle"":99.36193340322974,""weight_optimaltime"":0.5,""weight_viapoint"":2.5}","{""acc_lim_theta"":0.4,""acc_lim_x"":0.40884341514656686,""inflation_dist"":0.5735842952583224,""max_vel_theta"":0.5,""max_vel_x"":0.6,""min_obstacle_dist"":0.25,""weight_obstacle"":100.0,""weight_optimaltime"":0.5,""weight_viapoint"":2.5}","{""acc_lim_theta"":0.4,""acc_lim_x"":0.40884341514656686,""inflation_dist"":0.5735842952583224,""max_vel_theta"":0.5,""max_vel_x"":0.6,""min_obstacle_dist"":0.25,""weight_obstacle"":100.0,""weight_optimaltime"":0.5,""weight_viapoint"":2.5}",false,,true,WARNING,margin:warning|safety_mode:WARNING:conservative_filter,false,,-0.1558942811103799,-0.04944739755170957,-0.04500000000000029,-0.026789932576375852,-0.0007873998253936971,-0.032763718776439035,-0.0,-0.0011058323804614652,0.0,0.0,0.0,0.0,0.0,0.0,2.804675998049788,18.000000000000682,96.00000000000364,true,
t12p_directional_seed101,t12p_directional_seed101-episode-000004,36,37,55.116,54.456,54.472,54.492,54.566,55.066,0,0.5,true,,5.786505595524947,5.80874410532571,0.04325225895602267,0.0451440459400827,0.284145678881061,0.6488095238095238,9.614386499114124,0.04947164050304487,0.04122412724179167,"[1.0,-1.0,-1.0,-1.0,-0.1651172637939453]","[0.6333301067352295,-0.6005256175994873,-0.2855702042579651,-0.28383374214172363,0.15086722373962402]","[1.0,-1.0,-1.0,-1.0,-0.014250040054321289]","{""acc_lim_theta"":0.4,""acc_lim_x"":0.40884341514656686,""inflation_dist"":0.5735842952583224,""max_vel_theta"":0.5,""max_vel_x"":0.6,""min_obstacle_dist"":0.25,""weight_obstacle"":100.0,""weight_optimaltime"":0.5,""weight_viapoint"":2.5}","{""acc_lim_theta"":0.4,""acc_lim_x"":0.4072413689502895,""inflation_dist"":0.5762281763158192,""max_vel_theta"":0.5,""max_vel_x"":0.6096521281103184,""min_obstacle_dist"":0.25,""weight_obstacle"":99.18536634047491,""weight_optimaltime"":0.5,""weight_viapoint"":2.5}","{""acc_lim_theta"":0.4,""acc_lim_x"":0.4072413689502895,""inflation_dist"":0.5762281763158192,""max_vel_theta"":0.5,""max_vel_x"":0.6096521281103184,""min_obstacle_dist"":0.25,""weight_obstacle"":99.18536634047491,""weight_optimaltime"":0.5,""weight_viapoint"":2.5}","{""acc_lim_theta"":0.4,""acc_lim_x"":0.4072413689502895,""inflation_dist"":0.5762281763158192,""max_vel_theta"":0.5,""max_vel_x"":0.6,""min_obstacle_dist"":0.25,""weight_obstacle"":100.0,""weight_optimaltime"":0.5,""weight_viapoint"":2.5}","{""acc_lim_theta"":0.4,""acc_lim_x"":0.4072413689502895,""inflation_dist"":0.5762281763158192,""max_vel_theta"":0.5,""max_vel_x"":0.6,""min_obstacle_dist"":0.25,""weight_obstacle"":100.0,""weight_optimaltime"":0.5,""weight_viapoint"":2.5}",false,,true,WARNING,recovery:hysteresis_or_health_time|safety_mode:WARNING:conservative_filter,false,,-0.2702274763581667,-0.1111925490038157,-0.05,-0.03662698500361773,-0.0009120561150722474,-0.07033998009873547,-0.0,-0.0011559061369255663,0.0,0.0,0.0,0.0,0.0,0.0,1.257287003681995,19.99999999999602,94.0000000000012,true,
t12p_directional_seed101,t12p_directional_seed101-episode-000004,37,38,55.666,55.096,55.116,55.142,55.164,55.664,0,0.45000000000000284,true,,5.803802680693806,5.816088619338499,0.047281440844425586,0.0539171144825946,0.284145678881061,0.6467065868263473,6.84317878526898,-0.07163268701850826,0.04964079554945752,"[1.0,-1.0,-1.0,-1.0,-0.014250040054321289]","[0.48827993869781494,-0.5875171422958374,-0.2533162236213684,-0.32193493843078613,0.11138463020324707]","[1.0,-1.0,-1.0,-1.0,0.09713459014892578]","{""acc_lim_theta"":0.4,""acc_lim_x"":0.4072413689502895,""inflation_dist"":0.5762281763158192,""max_vel_theta"":0.5,""max_vel_x"":0.6,""min_obstacle_dist"":0.25,""weight_obstacle"":100.0,""weight_optimaltime"":0.5,""weight_viapoint"":2.5}","{""acc_lim_theta"":0.4,""acc_lim_x"":0.4054620065837112,""inflation_dist"":0.5785734418764523,""max_vel_theta"":0.5,""max_vel_x"":0.6101203519236049,""min_obstacle_dist"":0.25,""weight_obstacle"":99.398559430815,""weight_optimaltime"":0.5,""weight_viapoint"":2.5}","{""acc_lim_theta"":0.4,""acc_lim_x"":0.4054620065837112,""inflation_dist"":0.5785734418764523,""max_vel_theta"":0.5,""max_vel_x"":0.6101203519236049,""min_obstacle_dist"":0.25,""weight_obstacle"":99.398559430815,""weight_optimaltime"":0.5,""weight_viapoint"":2.5}","{""acc_lim_theta"":0.4,""acc_lim_x"":0.4054620065837112,""inflation_dist"":0.5785734418764523,""max_vel_theta"":0.5,""max_vel_x"":0.6,""min_obstacle_dist"":0.25,""weight_obstacle"":100.0,""weight_optimaltime"":0.5,""weight_viapoint"":2.5}","{""acc_lim_theta"":0.4,""acc_lim_x"":0.4054620065837112,""inflation_dist"":0.5785734418764523,""max_vel_theta"":0.5,""max_vel_x"":0.6,""min_obstacle_dist"":0.25,""weight_obstacle"":100.0,""weight_optimaltime"":0.5,""weight_viapoint"":2.5}",false,,true,WARNING,recovery:hysteresis_or_health_time|safety_mode:WARNING:conservative_filter,false,,-0.15970336440399885,-0.06142969322346481,-0.04500000000000029,-0.03522423876797356,-0.0008746986434549657,-0.01605981730299405,-0.0,-0.0011149164661111769,0.0,0.0,0.0,0.0,0.0,0.0,0.8274580031866208,26.000000000003354,48.00000000000182,true,
t12p_directional_seed101,t12p_directional_seed101-episode-000004,38,39,56.316,55.664,55.67,55.69,55.766,56.266,0,0.5,true,,5.815451740765121,5.7718510402171885,0.04352243977505993,0.0517737858748348,0.284145678881061,0.6589595375722543,3.1385389695919215,0.1458376662174742,-0.049071216402709075,"[1.0,-1.0,-1.0,-1.0,0.09713459014892578]","[0.5160641670227051,-0.5189968943595886,-0.1911500096321106,-0.2862272262573242,0.1670147180557251]","[1.0,-1.0,-1.0,-1.0,0.2641493082046509]","{""acc_lim_theta"":0.4,""acc_lim_x"":0.4054620065837112,""inflation_dist"":0.5785734418764523,""max_vel_theta"":0.5,""max_vel_x"":0.6,""min_obstacle_dist"":0.25,""weight_obstacle"":100.0,""weight_optimaltime"":0.5,""weight_viapoint"":2.5}","{""acc_lim_theta"":0.4,""acc_lim_x"":0.4058370975285249,""inflation_dist"":0.5803431569310038,""max_vel_theta"":0.5,""max_vel_x"":0.606578184533653,""min_obstacle_dist"":0.25,""weight_obstacle"":99.09817515301336,""weight_optimaltime"":0.5,""weight_viapoint"":2.5}","{""acc_lim_theta"":0.4,""acc_lim_x"":0.4058370975285249,""inflation_dist"":0.5803431569310038,""max_vel_theta"":0.5,""max_vel_x"":0.606578184533653,""min_obstacle_dist"":0.25,""weight_obstacle"":99.09817515301336,""weight_optimaltime"":0.5,""weight_viapoint"":2.5}","{""acc_lim_theta"":0.4,""acc_lim_x"":0.4058370975285249,""inflation_dist"":0.5803431569310038,""max_vel_theta"":0.5,""max_vel_x"":0.6,""min_obstacle_dist"":0.25,""weight_obstacle"":100.0,""weight_optimaltime"":0.5,""weight_viapoint"":2.5}","{""acc_lim_theta"":0.4,""acc_lim_x"":0.4058370975285249,""inflation_dist"":0.5803431569310038,""max_vel_theta"":0.5,""max_vel_x"":0.6,""min_obstacle_dist"":0.25,""weight_obstacle"":100.0,""weight_optimaltime"":0.5,""weight_viapoint"":2.5}",false,,true,WARNING,recovery:hysteresis_or_health_time|safety_mode:WARNING:conservative_filter,false,,0.10220667715949139,0.21800350273966096,-0.05,-0.046565235126365546,-0.0009265019725807541,-0.017705682872290858,-0.0,-0.0005994056089324316,0.0,0.0,0.0,0.0,0.0,0.0,2.9978649981785566,19.99999999999602,95.99999999999653,true,
t12p_directional_seed101,t12p_directional_seed101-episode-000004,39,40,56.918,56.296,56.318,56.334,56.368,56.868,0,0.5,true,,5.757289521933754,5.785213101029419,0.0425469856894025,0.057435193339275284,0.284145678881061,0.6511627906976745,8.710949381530035,-0.054342576904032505,-0.002248946876665036,"[1.0,-1.0,-1.0,-1.0,0.2641493082046509]","[0.5710813999176025,-0.5354315638542175,-0.23676824569702148,-0.30934202671051025,0.19619452953338623]","[1.0,-1.0,-1.0,-1.0,0.4603438377380371]","{""acc_lim_theta"":0.4,""acc_lim_x"":0.4058370975285249,""inflation_dist"":0.5803431569310038,""max_vel_theta"":0.5,""max_vel_x"":0.6,""min_obstacle_dist"":0.25,""weight_obstacle"":100.0,""weight_optimaltime"":0.5,""weight_viapoint"":2.5}","{""acc_lim_theta"":0.4,""acc_lim_x"":0.40687496863952316,""inflation_dist"":0.5825352171336489,""max_vel_theta"":0.5,""max_vel_x"":0.6064467883971117,""min_obstacle_dist"":0.25,""weight_obstacle"":98.94061371575032,""weight_optimaltime"":0.5,""weight_viapoint"":2.5}","{""acc_lim_theta"":0.4,""acc_lim_x"":0.40687496863952316,""inflation_dist"":0.5825352171336489,""max_vel_theta"":0.5,""max_vel_x"":0.6064467883971117,""min_obstacle_dist"":0.25,""weight_obstacle"":98.94061371575032,""weight_optimaltime"":0.5,""weight_viapoint"":2.5}","{""acc_lim_theta"":0.4,""acc_lim_x"":0.40687496863952316,""inflation_dist"":0.5825352171336489,""max_vel_theta"":0.5,""max_vel_x"":0.6,""min_obstacle_dist"":0.25,""weight_obstacle"":100.0,""weight_optimaltime"":0.5,""weight_viapoint"":2.5}","{""acc_lim_theta"":0.4,""acc_lim_x"":0.40687496863952316,""inflation_dist"":0.5825352171336489,""max_vel_theta"":0.5,""max_vel_x"":0.6,""min_obstacle_dist"":0.25,""weight_obstacle"":100.0,""weight_optimaltime"":0.5,""weight_viapoint"":2.5}",false,,true,WARNING,margin:warning|safety_mode:WARNING:conservative_filter,false,,-0.27007170931076074,-0.1396178954783256,-0.05,-0.05236944582053067,-0.000983617348895233,-0.02621497997021828,-0.0,-0.0008857706927910051,0.0,0.0,0.0,0.0,0.0,0.0,0.7560770027339458,16.000000000005343,50.00000000000426,true,
t12p_directional_seed101,t12p_directional_seed101-episode-000004,40,41,57.52,56.916,56.92,56.94,56.97,57.47,0,0.5,true,,5.790637348372922,5.795945055899799,0.0419599790479521,0.05960180208363668,0.284145678881061,0.6529411764705882,9.415135751722094,0.02408628281159985,-0.020070811828972173,"[1.0,-1.0,-1.0,-1.0,0.4603438377380371]","[0.6044917106628418,-0.5986205339431763,-0.28478097915649414,-0.3700408935546875,0.12983620166778564]","[1.0,-1.0,-1.0,-1.0,0.5901800394058228]","{""acc_lim_theta"":0.4,""acc_lim_x"":0.40687496863952316,""inflation_dist"":0.5825352171336489,""max_vel_theta"":0.5,""max_vel_x"":0.6,""min_obstacle_dist"":0.25,""weight_obstacle"":100.0,""weight_optimaltime"":0.5,""weight_viapoint"":2.5}","{""acc_lim_theta"":0.4,""acc_lim_x"":0.40809790001726565,""inflation_dist"":0.5851717913458769,""max_vel_theta"":0.5,""max_vel_x"":0.6123356755364423,""min_obstacle_dist"":0.25,""weight_obstacle"":99.29892698041553,""weight_optimaltime"":0.5,""weight_viapoint"":2.5}","{""acc_lim_theta"":0.4,""acc_lim_x"":0.40809790001726565,""inflation_dist"":0.5851717913458769,""max_vel_theta"":0.5,""max_vel_x"":0.6123356755364423,""min_obstacle_dist"":0.25,""weight_obstacle"":99.29892698041553,""weight_optimaltime"":0.5,""weight_viapoint"":2.5}","{""acc_lim_theta"":0.4,""acc_lim_x"":0.40809790001726565,""inflation_dist"":0.5851717913458769,""max_vel_theta"":0.5,""max_vel_x"":0.6,""min_obstacle_dist"":0.25,""weight_obstacle"":100.0,""weight_optimaltime"":0.5,""weight_viapoint"":2.5}","{""acc_lim_theta"":0.4,""acc_lim_x"":0.40809790001726565,""inflation_dist"":0.5851717913458769,""max_vel_theta"":0.5,""max_vel_x"":0.6,""min_obstacle_dist"":0.25,""weight_obstacle"":100.0,""weight_optimaltime"":0.5,""weight_viapoint"":2.5}",false,,true,WARNING,recovery:hysteresis_or_health_time|safety_mode:WARNING:conservative_filter,false,,-0.15069873819531004,-0.026538537634386294,-0.05,-0.050094864312300084,-0.0009292152378199717,-0.02207708124858862,-0.0,-0.0010590397622150707,0.0,0.0,0.0,0.0,0.0,0.0,1.3178099907236174,19.99999999999602,49.99999999999716,true,
t12p_directional_seed101,t12p_directional_seed101-episode-000004,41,42,58.12,57.516,57.52,57.538,57.57,58.07,0,0.5,true,,5.793541230922418,5.83403759854266,0.039999348295062055,0.05582252258378346,0.284145678881061,0.6441717791411042,1.616366078011683,-0.3044160012374087,0.1122314947566322,"[1.0,-1.0,-1.0,-1.0,0.5901800394058228]","[0.575791597366333,-0.6334519982337952,-0.308790922164917,-0.37295055389404297,0.10423612594604492]","[1.0,-1.0,-1.0,-1.0,0.6944161653518677]","{""acc_lim_theta"":0.4,""acc_lim_x"":0.40809790001726565,""inflation_dist"":0.5851717913458769,""max_vel_theta"":0.5,""max_vel_x"":0.6,""min_obstacle_dist"":0.25,""weight_obstacle"":100.0,""weight_optimaltime"":0.5,""weight_viapoint"":2.5}","{""acc_lim_theta"":0.4,""acc_lim_x"":0.4075074114063799,""inflation_dist"":0.5880306556729876,""max_vel_theta"":0.5,""max_vel_x"":0.6133546118605855,""min_obstacle_dist"":0.25,""weight_obstacle"":99.43715901552815,""weight_optimaltime"":0.5,""weight_viapoint"":2.5}","{""acc_lim_theta"":0.4,""acc_lim_x"":0.4075074114063799,""inflation_dist"":0.5880306556729876,""max_vel_theta"":0.5,""max_vel_x"":0.6133546118605855,""min_obstacle_dist"":0.25,""weight_obstacle"":99.43715901552815,""weight_optimaltime"":0.5,""weight_viapoint"":2.5}","{""acc_lim_theta"":0.4,""acc_lim_x"":0.4075074114063799,""inflation_dist"":0.5880306556729876,""max_vel_theta"":0.5,""max_vel_x"":0.6,""min_obstacle_dist"":0.25,""weight_obstacle"":100.0,""weight_optimaltime"":0.5,""weight_viapoint"":2.5}","{""acc_lim_theta"":0.4,""acc_lim_x"":0.4075074114063799,""inflation_dist"":0.5880306556729876,""max_vel_theta"":0.5,""max_vel_x"":0.6,""min_obstacle_dist"":0.25,""weight_obstacle"":100.0,""weight_optimaltime"":0.5,""weight_viapoint"":2.5}",false,,true,WARNING,recovery:hysteresis_or_health_time|safety_mode:WARNING:conservative_filter,false,,-0.35797808754549154,-0.20248183810120945,-0.05,-0.040106419447760985,-0.0009581950109285678,-0.06346719445369656,-0.0,-0.0009644405318959153,0.0,0.0,0.0,0.0,0.0,0.0,0.7376220019068569,17.999999999993577,49.99999999999716,true,
t12p_directional_seed101,t12p_directional_seed101-episode-000004,42,43,58.674,58.116,58.126,58.146,58.172,58.672,0,0.45000000000000284,true,,5.864430941819108,5.902826586880963,0.06623386591402318,0.0769661235850336,0.284145678881061,0.6178343949044586,4.914164761445897,0.10165392901351217,-0.007528346987246606,"[1.0,-1.0,-1.0,-1.0,0.6944161653518677]","[0.6649138927459717,-0.6543594598770142,-0.33562707901000977,-0.3042159676551819,0.04996991157531738]","[1.0,-1.0,-1.0,-1.0,0.7443860769271851]","{""acc_lim_theta"":0.4,""acc_lim_x"":0.4075074114063799,""inflation_dist"":0.5880306556729876,""max_vel_theta"":0.5,""max_vel_x"":0.6,""min_obstacle_dist"":0.25,""weight_obstacle"":100.0,""weight_optimaltime"":0.5,""weight_viapoint"":2.5}","{""acc_lim_theta"":0.4,""acc_lim_x"":0.40481394136800875,""inflation_dist"":0.5911379759162998,""max_vel_theta"":0.5,""max_vel_x"":0.616578585024947,""min_obstacle_dist"":0.25,""weight_obstacle"":99.73017882265137,""weight_optimaltime"":0.5,""weight_viapoint"":2.5}","{""acc_lim_theta"":0.4,""acc_lim_x"":0.40481394136800875,""inflation_dist"":0.5911379759162998,""max_vel_theta"":0.5,""max_vel_x"":0.616578585024947,""min_obstacle_dist"":0.25,""weight_obstacle"":99.73017882265137,""weight_optimaltime"":0.5,""weight_viapoint"":2.5}","{""acc_lim_theta"":0.4,""acc_lim_x"":0.40481394136800875,""inflation_dist"":0.5911379759162998,""max_vel_theta"":0.5,""max_vel_x"":0.6,""min_obstacle_dist"":0.25,""weight_obstacle"":100.0,""weight_optimaltime"":0.5,""weight_viapoint"":2.5}","{""acc_lim_theta"":0.4,""acc_lim_x"":0.40481394136800875,""inflation_dist"":0.5911379759162998,""max_vel_theta"":0.5,""max_vel_x"":0.6,""min_obstacle_dist"":0.25,""weight_obstacle"":100.0,""weight_optimaltime"":0.5,""weight_viapoint"":2.5}",false,,true,WARNING,margin:warning|safety_mode:WARNING:conservative_filter,false,,-0.2901534540524648,-0.191978225309275,-0.04500000000000029,-0.01921620577620285,-0.0019882151204000144,-0.030409634553190373,-0.0,-0.0015611732933962707,0.0,0.0,0.0,0.0,0.0,0.0,6.0152660007588565,20.000000000003126,45.999999999999375,true,
t12p_directional_seed101,t12p_directional_seed101-episode-000004,43,44,59.266,58.664,58.676,58.692,58.764,59.264,0,0.45000000000000284,true,,5.856323633688803,5.699679135469722,0.04722360362971414,0.02139208305614621,0.284145678881061,0.6793478260869565,2.3902327998066424,0.19109922062121207,-0.06912202947789062,"[1.0,-1.0,-1.0,-1.0,0.7443860769271851]","[0.6761782169342041,-0.5949798822402954,-0.29626572132110596,-0.29475849866867065,0.058560967445373535]","[1.0,-1.0,-1.0,-1.0,0.8029470443725586]","{""acc_lim_theta"":0.4,""acc_lim_x"":0.40481394136800875,""inflation_dist"":0.5911379759162998,""max_vel_theta"":0.5,""max_vel_x"":0.6,""min_obstacle_dist"":0.25,""weight_obstacle"":100.0,""weight_optimaltime"":0.5,""weight_viapoint"":2.5}","{""acc_lim_theta"":0.4,""acc_lim_x"":0.4043825680786249,""inflation_dist"":0.5938808787713852,""max_vel_theta"":0.5,""max_vel_x"":0.6160703730332658,""min_obstacle_dist"":0.25,""weight_obstacle"":99.68378993108743,""weight_optimaltime"":0.5,""weight_viapoint"":2.5}","{""acc_lim_theta"":0.4,""acc_lim_x"":0.4043825680786249,""inflation_dist"":0.5938808787713852,""max_vel_theta"":0.5,""max_vel_x"":0.6160703730332658,""min_obstacle_dist"":0.25,""weight_obstacle"":99.68378993108743,""weight_optimaltime"":0.5,""weight_viapoint"":2.5}","{""acc_lim_theta"":0.4,""acc_lim_x"":0.4043825680786249,""inflation_dist"":0.5938808787713852,""max_vel_theta"":0.5,""max_vel_x"":0.6,""min_obstacle_dist"":0.25,""weight_obstacle"":100.0,""weight_optimaltime"":0.5,""weight_viapoint"":2.5}","{""acc_lim_theta"":0.4,""acc_lim_x"":0.4043825680786249,""inflation_dist"":0.5938808787713852,""max_vel_theta"":0.5,""max_vel_x"":0.6,""min_obstacle_dist"":0.25,""weight_obstacle"":100.0,""weight_optimaltime"":0.5,""weight_viapoint"":2.5}",false,,true,WARNING,recovery:hysteresis_or_health_time|safety_mode:WARNING:conservative_filter,false,,0.6638216759377077,0.7832224910954055,-0.04500000000000029,-0.04507703048557616,-0.0009236657167089836,-0.02750858910304202,-0.0,-0.0008915298523703609,0.0,0.0,0.0,0.0,0.0,0.0,0.9505669877398759,15.999999999998238,88.00000000000097,true,
t12p_directional_seed101,t12p_directional_seed101-episode-000004,44,45,59.87,59.256,59.268,59.288,59.368,59.868,0,0.45000000000000284,true,,5.68366795175961,5.7552640196853675,0.04801920466510546,0.026990343965976996,0.284145678881061,0.6704545454545454,9.338515338261889,0.0,0.0,"[1.0,-1.0,-1.0,-1.0,0.8029470443725586]","[0.5560064315795898,-0.4736901521682739,-0.271087646484375,-0.3577996492385864,0.13281118869781494]","[1.0,-1.0,-1.0,-1.0,0.9357582330703735]","{""acc_lim_theta"":0.4,""acc_lim_x"":0.4043825680786249,""inflation_dist"":0.5938808787713852,""max_vel_theta"":0.5,""max_vel_x"":0.6,""min_obstacle_dist"":0.25,""weight_obstacle"":100.0,""weight_optimaltime"":0.5,""weight_viapoint"":2.5}","{""acc_lim_theta"":0.4,""acc_lim_x"":0.40849544687861306,""inflation_dist"":0.5963906766521683,""max_vel_theta"":0.5,""max_vel_x"":0.6109728189652996,""min_obstacle_dist"":0.25,""weight_obstacle"":99.28286302357162,""weight_optimaltime"":0.5,""weight_viapoint"":2.5}","{""acc_lim_theta"":0.4,""acc_lim_x"":0.40849544687861306,""inflation_dist"":0.5963906766521683,""max_vel_theta"":0.5,""max_vel_x"":0.6109728189652996,""min_obstacle_dist"":0.25,""weight_obstacle"":99.28286302357162,""weight_optimaltime"":0.5,""weight_viapoint"":2.5}","{""acc_lim_theta"":0.4,""acc_lim_x"":0.40849544687861306,""inflation_dist"":0.5963906766521683,""max_vel_theta"":0.5,""max_vel_x"":0.6,""min_obstacle_dist"":0.25,""weight_obstacle"":100.0,""weight_optimaltime"":0.5,""weight_viapoint"":2.5}","{""acc_lim_theta"":0.4,""acc_lim_x"":0.40849544687861306,""inflation_dist"":0.5963906766521683,""max_vel_theta"":0.5,""max_vel_x"":0.6,""min_obstacle_dist"":0.25,""weight_obstacle"":100.0,""weight_optimaltime"":0.5,""weight_viapoint"":2.5}",false,,true,WARNING,margin:warning|safety_mode:WARNING:conservative_filter,false,,-0.5523821921537095,-0.3579803396287895,-0.04500000000000029,-0.050475917100511795,-0.0010016124652940822,-0.09617901815032173,-0.0,-0.0017453048087922131,0.0,0.0,0.0,0.0,0.0,0.0,2.592607997939922,19.99999999999602,100.00000000000142,true,
t12p_directional_seed101,t12p_directional_seed101-episode-000004,45,46,59.87,59.87,,,,59.87,0,0.0,true,,5.758792756628117,5.758792756628117,0.04801920466510546,0.026990343965976996,0.284145678881061,0.6704545454545454,9.338515338261889,0.0,0.0,"[1.0,-1.0,-1.0,-1.0,0.9357582330703735]","[0.5555555820465088,-0.6458777189254761,-0.18388217687606812,-0.3335997462272644,0.08040523529052734]","[1.0,-1.0,-1.0,-1.0,1.0]","{""acc_lim_theta"":0.4,""acc_lim_x"":0.40849544687861306,""inflation_dist"":0.5963906766521683,""max_vel_theta"":0.5,""max_vel_x"":0.6,""min_obstacle_dist"":0.25,""weight_obstacle"":100.0,""weight_optimaltime"":0.5,""weight_viapoint"":2.5}","{""acc_lim_theta"":0.8,""acc_lim_x"":0.8,""inflation_dist"":0.55,""max_vel_theta"":1.0,""max_vel_x"":1.2,""min_obstacle_dist"":0.25,""weight_obstacle"":50.0,""weight_optimaltime"":1.0,""weight_viapoint"":1.0}","{""acc_lim_theta"":0.4,""acc_lim_x"":0.40849544687861306,""inflation_dist"":0.5963906766521683,""max_vel_theta"":0.5,""max_vel_x"":0.6,""min_obstacle_dist"":0.25,""weight_obstacle"":100.0,""weight_optimaltime"":0.5,""weight_viapoint"":2.5}","{""acc_lim_theta"":0.4,""acc_lim_x"":0.40849544687861306,""inflation_dist"":0.5963906766521683,""max_vel_theta"":0.5,""max_vel_x"":0.6,""min_obstacle_dist"":0.25,""weight_obstacle"":100.0,""weight_optimaltime"":0.5,""weight_viapoint"":2.5}","{""acc_lim_theta"":0.8,""acc_lim_x"":0.8,""inflation_dist"":0.55,""max_vel_theta"":1.0,""max_vel_x"":1.2,""min_obstacle_dist"":0.25,""weight_obstacle"":50.0,""weight_optimaltime"":1.0,""weight_viapoint"":1.0}",false,,false,NORMAL,,false,,0.0,0.0,0.0,0.0,0.0,0.0,0.0,0.0,0.0,0.0,0.0,0.0,0.0,0.0,1.1584739986574277,0.0,0.0,false,terminal_before_parameter_activation
