episode_id,tau,rho,eri_rule,eri_nn,eri_act,api_type,alpha,beta,band,acted_by,dt,progress,collision,reward,done
0,0.5295018553733826,0.01154228855721393,0.4109637428830519,9.999989867210388,9.999989867210388,,,,5,student,0.0,0.0,0,0.0,False
0,0.5295018553733826,0.01154228855721393,0.4109637428830519,9.999989867210388,9.999989867210388,,,,5,student,5.052,1.411773172962068,1,-1.941866827037932,False
0,0.25524452328681946,0.018507462686567163,0.2918143806078895,9.999989867210388,0.2918143806078895,,,,2,teacher,4.747,0.7067537455890003,2,-5.625536254411,False
0,0.2076837718486786,0.028258706467661692,0.3157815631953003,9.999989867210388,9.999989867210388,,,,6,student,4.774999999999999,0.5104285256391989,0,0.176178525639199,False
0,0.20821404457092285,0.022885572139303482,0.2886297964184407,9.999989867210388,0.2886297964184407,,,,7,teacher,4.740000000000002,3.759488539883635,0,-6.5723114601163655,True
1,0.18382784724235535,0.018507462686567163,0.24896437498121105,9.999989867210388,9.999989867210388,,,,8,student,0.0,0.0,0,0.0,False
1,0.18382784724235535,0.018507462686567163,0.24896437498121105,9.999989867210388,9.999989867210388,,,,8,student,4.897999999999996,6.149483253910073,0,5.8066232539100735,False
1,0.8612014055252075,0.023482587064676617,0.6836447351890615,9.999989867210388,0.6836447351890615,,,,8,teacher,4.657000000000004,6.5505672010722975,0,6.2245772010722975,False
1,0.6159135103225708,0.015522388059701492,0.4896432848271001,9.999989867210388,0.4896432848271001,,,,6,teacher,4.783999999999999,4.581204825383744,0,4.246324825383744,False
1,0.3319559395313263,0.018109452736318407,0.3354379510657532,9.999989867210388,0.3354379510657532,,,,0,teacher,3.0720000000000027,4.2925002928340605,0,-5.92253970716594,True
2,0.1528848558664322,0.020895522388059702,0.24436528187983603,9.999989867210388,0.24436528187983603,,,,0,teacher,0.0,0.0,0,0.0,False
2,0.1528848558664322,0.020895522388059702,0.24436528187983603,9.999989867210388,0.24436528187983603,,,,0,teacher,5.205000000000005,6.318772748564546,1,2.9544227485645465,False
2,0.7582062482833862,0.018507462686567163,0.5935914156058295,9.999989867210388,9.999989867210388,,,,7,student,4.811999999999998,5.983841751084914,1,2.6470017510849146,False
2,0.5229842066764832,0.008955223880597015,0.3882475759454588,9.999989867210388,9.999989867210388,,,,7,student,4.575000000000003,6.642625300079157,0,-3.6776246999208437,True
3,0.26824381947517395,0.030049751243781096,0.36054530988540434,9.999989867210388,0.36054530988540434,,,,0,teacher,0.0,0.0,0,0.0,False
3,0.26824381947517395,0.030049751243781096,0.36054530988540434,9.999989867210388,0.36054530988540434,,,,0,teacher,5.076000000000008,5.344990847482197,0,4.989670847482197,False
3,0.8494412899017334,0.025870646766169153,0.6890452357287905,9.999989867210388,0.6890452357287905,,,,8,teacher,4.961999999999989,5.194847131900314,2,-1.152492868099685,False
3,0.6600326299667358,0.01671641791044776,0.5236971026522756,9.999989867210388,0.5236971026522756,,,,3,teacher,4.917000000000002,2.869621429031138,2,-3.474568570968862,False
3,0.4209497570991516,0.006766169154228856,0.31021675564370904,9.999989867210388,0.31021675564370904,,,,0,teacher,4.768000000000001,4.345504866286274,3,-4.988255133713726,False
3,0.32126113772392273,0.02109452736318408,0.34652068459278473,9.999989867210388,0.34652068459278473,,,,7,teacher,4.698999999999998,0.0,2,-6.32893,False
3,0.1723436415195465,0.015522388059701492,0.22350136354528558,9.999989867210388,0.22350136354528558,,,,0,teacher,4.835000000000008,0.6676469633409825,2,-5.670803036659018,False
3,0.18465177714824677,0.025870646766169153,0.29017152807669855,9.999989867210388,0.29017152807669855,,,,6,teacher,4.724999999999994,0.30418540723099863,1,-3.026564592769001,False
3,0.19822007417678833,0.022885572139303482,0.28263341418196003,9.999989867210388,0.28263341418196003,,,,0,teacher,4.9339999999999975,0.0,4,-12.34538,False
3,0.15653395652770996,0.022487562189054726,0.25544868066938325,9.999989867210388,0.25544868066938325,,,,1,teacher,4.743000000000009,0.0,1,-3.332010000000001,False
3,0.13872185349464417,0.02507462686567164,0.2585371679117678,9.999989867210388,0.2585371679117678,,,,1,teacher,4.542999999999992,0.734683955743682,1,-2.5833260442563173,False
3,0.158527672290802,0.02407960199004975,0.26521907030508673,9.999989867210388,0.26521907030508673,,,,0,teacher,4.772999999999996,0.5071090590861806,1,-2.8270009409138193,False
3,0.19630827009677887,0.021293532338308458,0.2726734389675769,9.999989867210388,0.2726734389675769,,,,4,teacher,4.9210000000000065,0.0,1,-3.3444700000000003,False
3,0.14322158694267273,0.02407960199004975,0.25603541909620914,9.999989867210388,0.25603541909620914,,,,3,teacher,4.635000000000005,0.0,1,-3.3244500000000006,False
3,0.14093217253684998,0.02308457711442786,0.2493397676150962,9.999989867210388,0.2493397676150962,,,,0,teacher,4.561000000000007,0.14955387214826654,1,-3.169716127851734,False
3,0.17949244379997253,0.02109452736318408,0.2614594682384146,9.999989867210388,0.2614594682384146,,,,1,teacher,4.651999999999987,0.8682011849604399,1,-2.457438815039559,False
3,0.19466754794120789,0.022686567164179106,0.27941785356412024,9.999989867210388,0.27941785356412024,,,,2,teacher,4.5449999999999875,0.0,2,-6.318149999999999,False
3,0.19855394959449768,0.02228855721393035,0.27956666247772854,9.999989867210388,0.27956666247772854,,,,3,teacher,4.308000000000021,0.2029014141968135,0,-0.09865858580318798,False
3,0.17641791701316833,0.021890547263681594,0.26408193512663014,9.999989867210388,0.26408193512663014,,,,1,teacher,4.748999999999995,0.0,0,-0.33242999999999967,False
3,0.1718919724225998,0.024676616915422885,0.2763728776285234,9.999989867210388,0.2763728776285234,,,,0,teacher,4.549000000000007,0.5026886568457796,2,-5.815741343154221,False
3,0.18643197417259216,0.01890547263681592,0.25290823065030166,9.999989867210388,0.25290823065030166,,,,0,teacher,4.454999999999984,0.0,0,-0.3118499999999989,False
3,0.16835971176624298,0.020895522388059702,0.2536501954197225,9.999989867210388,0.2536501954197225,,,,0,teacher,4.444999999999993,0.030676112237431497,0,-0.28047388776256804,False
3,0.17120954394340515,0.023283582089552238,0.2685803570237781,9.999989867210388,0.2685803570237781,,,,2,teacher,4.6580000000000155,0.0,0,-0.3260600000000011,False
3,0.16820602118968964,0.023482587064676617,0.26784750458775086,9.999989867210388,9.999989867210388,,,,8,student,4.635999999999996,0.20165871130240465,3,-9.122861288697596,False
3,0.17213174700737,0.021691542288557214,0.2604010931974403,9.999989867210388,9.999989867210388,,,,8,student,4.704000000000008,0.0,2,-6.329280000000001,False
3,0.16054750978946686,0.022885572139303482,0.26002987554956714,9.999989867210388,0.26002987554956714,,,,0,teacher,4.718999999999994,0.0,1,-3.3303299999999996,False
3,0.1724206656217575,0.022686567164179106,0.26606972417245,9.999989867210388,0.26606972417245,,,,0,teacher,2.717000000000013,0.0,0,-10.190190000000001,True
4,0.1654856652021408,0.020895522388059702,0.2519257674812612,9.999989867210388,0.2519257674812612,,,,1,teacher,0.0,0.0,0,0.0,False
4,0.1654856652021408,0.020895522388059702,0.2519257674812612,9.999989867210388,0.2519257674812612,,,,1,teacher,4.971000000000004,0.8998921902937447,0,0.5519221902937443,False
4,0.7625565528869629,0.023681592039800994,0.6255222018748066,9.999989867210388,9.999989867210388,,,,8,student,5.060000000000002,6.905918219500991,0,6.551718219500991,False
4,0.7497713565826416,0.016318407960199004,0.5750359911635016,9.999989867210388,9.999989867210388,,,,1,student,4.787000000000006,5.990379966769776,0,5.655289966769776,False
4,0.44181686639785767,0.012736318407960199,0.36666196287082226,9.999989867210388,0.36666196287082226,,,,2,teacher,4.948999999999984,1.1638870476438932,1,-2.1825429523561057,False
4,0.21180778741836548,0.02407960199004975,0.2971871393816248,9.999989867210388,0.2971871393816248,,,,0,teacher,4.856999999999999,0.5312386316521742,1,-2.8087513683478256,False
4,0.19707922637462616,0.024676616915422885,0.29148522999973925,9.999989867210388,0.29148522999973925,,,,1,teacher,4.5870000000000175,0.3892932158926805,0,0.06820321589267925,False
4,0.1881915181875229,0.03283582089552239,0.3249527508335975,9.999989867210388,9.999989867210388,,,,2,student,4.833999999999975,0.0,3,-9.338379999999999,False
4,0.16266962885856628,0.021890547263681594,0.25583296223386887,9.999989867210388,0.25583296223386887,,,,1,teacher,4.661000000000001,0.7501691861077928,1,-2.5761008138922072,False
4,0.19575299322605133,0.023880597014925373,0.28649958369817985,9.999989867210388,0.28649958369817985,,,,4,teacher,4.6580000000000155,0.5697687813447927,0,0.24370878134479157,False
4,0.19214461743831635,0.022487562189054726,0.27681507721574705,9.999989867210388,9.999989867210388,,,,8,student,4.538999999999987,0.1697571594697802,1,-3.147972840530219,False
4,0.18831627070903778,0.032039800995024875,0.32155460952713094,9.999989867210388,0.32155460952713094,,,,0,teacher,4.675000000000011,0.0,0,-0.3272500000000008,False
4,0.15147677063941956,0.026069651741293533,0.2712740175777931,9.999989867210388,9.999989867210388,,,,4,student,4.830999999999989,1.8035445992570645,0,1.4653745992570653,False
4,0.18790316581726074,0.025870646766169153,0.2921223612781069,9.999989867210388,0.2921223612781069,,,,1,teacher,4.743000000000023,0.0,0,-0.3320100000000017,False
4,0.2000691443681717,0.02308457711442786,0.2848219507138892,9.999989867210388,0.2848219507138892,,,,2,teacher,4.733000000000004,0.0,0,-0.3313100000000003,False
4,0.1592368632555008,0.02527363184079602,0.2718722827160335,9.999989867210388,0.2718722827160335,,,,2,teacher,4.733000000000004,0.9923881464003701,1,-2.33892185359963,False
4,0.22020982205867767,0.02228855721393035,0.29256018595623656,9.999989867210388,9.999989867210388,,,,0,student,4.748999999999967,0.17275815048598897,0,-0.15967184951400876,False
4,0.1845225691795349,0.027661691542288556,0.29899756530244803,9.999989867210388,0.29899756530244803,,,,1,teacher,4.711999999999989,0.37598701009337354,0,0.0461470100933743,False
4,0.18462027609348297,0.02507462686567164,0.2860762214710711,9.999989867210388,0.2860762214710711,,,,3,teacher,4.7590000000000146,0.0,1,-3.333130000000001,False
4,0.1493360847234726,0.02427860696517413,0.26075398057642424,9.999989867210388,0.26075398057642424,,,,2,teacher,4.7660000000000196,0.0,1,-3.3336200000000016,False
4,0.1498945653438568,0.023283582089552238,0.25579136986404905,9.999989867210388,0.25579136986404905,,,,2,teacher,4.786999999999978,0.0,1,-3.3350899999999983,False
4,0.14361362159252167,0.02626865671641791,0.26755902068083753,9.999989867210388,0.26755902068083753,,,,3,teacher,4.800999999999988,0.022133552068491547,1,-3.3139364479315074,False
4,0.21241609752178192,0.027661691542288556,0.31573368230779625,9.999989867210388,9.999989867210388,,,,1,student,4.462000000000046,1.0211151015160729,0,0.7087751015160697,False
4,0.21719832718372345,0.023482587064676617,0.2972428881841711,9.999989867210388,9.999989867210388,,,,7,student,4.649999999999977,0.13613013726770795,0,-0.1893698627322905,False
4,0.16835542023181915,0.023880597014925373,0.27006103990164054,9.999989867210388,9.999989867210388,,,,0,student,4.5,0.0,0,-0.31500000000000006,False
4,0.16902410984039307,0.023283582089552238,0.26726909656197084,9.999989867210388,0.26726909656197084,,,,6,teacher,4.550999999999988,0.138320111798083,1,-13.180249888201917,True
5,0.17204254865646362,0.023283582089552238,0.26908015985161315,9.999989867210388,0.26908015985161315,,,,0,teacher,0.0,0.0,0,0.0,False
5,0.17204254865646362,0.023283582089552238,0.26908015985161315,9.999989867210388,0.26908015985161315,,,,0,teacher,5.015999999999963,4.153711696313977,1,0.8025916963139794,False
5,0.8636407256126404,0.01890547263681592,0.6592334815143306,9.999989867210388,0.6592334815143306,,,,8,teacher,4.710000000000036,4.216962639807971,0,3.887262639807968,False
5,0.6929866671562195,0.016318407960199004,0.5409651775076484,9.999989867210388,0.5409651775076484,,,,2,teacher,4.698999999999955,6.714895037467858,0,6.385965037467861,False
5,0.48696181178092957,0.008159203980099502,0.3606190542674898,9.999989867210388,0.3606190542674898,,,,1,teacher,4.631000000000029,3.2193380394732127,0,2.895168039473211,False
5,0.25672265887260437,0.02646766169154229,0.336422755715474,9.999989867210388,0.336422755715474,,,,3,teacher,4.6200000000000045,0.0,1,-3.3234000000000004,False
5,0.15150901675224304,0.02208955223880597,0.25024066983595117,9.999989867210388,0.25024066983595117,,,,0,teacher,4.6089999999999804,0.0,0,-0.32262999999999864,False
5,0.1404579132795334,0.02407960199004975,0.25437721489832554,9.999989867210388,0.25437721489832554,,,,1,teacher,4.845000000000027,1.5910593709627547,0,1.251909370962753,False
5,0.1971658319234848,0.02447761194029851,0.290496897346485,9.999989867210388,9.999989867210388,,,,8,student,4.81699999999995,0.0,1,-3.3371899999999965,False
5,0.18715497851371765,0.029253731343283584,0.308189179322255,9.999989867210388,0.308189179322255,,,,2,teacher,4.822000000000003,0.0,1,-3.33754,False
5,0.15918190777301788,0.023681592039800994,0.2634974148064396,9.999989867210388,0.2634974148064396,,,,1,teacher,4.765000000000043,0.0,2,-6.333550000000003,False
5,0.16287334263324738,0.02626865671641791,0.27911485330527297,9.999989867210388,0.27911485330527297,,,,0,teacher,4.8209999999999695,0.18026817796752947,4,-12.157201822032468,False
5,0.17229962348937988,0.017313432835820895,0.2347710960932008,9.999989867210388,0.2347710960932008,,,,1,teacher,4.7620000000000005,1.0555501944701882,0,0.7222101944701881,False
5,0.17333528399467468,0.023880597014925373,0.2730489581593538,9.999989867210388,9.999989867210388,,,,9,student,4.699999999999989,0.0,1,-3.3289999999999993,False
5,0.1303553581237793,0.02427860696517413,0.24936554461660826,9.999989867210388,0.24936554461660826,,,,0,teacher,4.516999999999996,1.183151603612389,1,-2.1330383963876107,False
5,0.17891429364681244,0.022686567164179106,0.26996590098748297,9.999989867210388,0.26996590098748297,,,,1,teacher,4.722000000000037,0.0,4,-12.330540000000003,False
5,0.14354100823402405,0.02427860696517413,0.2572769346827551,9.999989867210388,0.2572769346827551,,,,1,teacher,4.551999999999964,2.04528743740052,0,1.7266474374005223,False
5,0.23007644712924957,0.02228855721393035,0.2984801609985797,9.999989867210388,0.2984801609985797,,,,0,teacher,4.673000000000002,0.0681062050161878,1,-3.2590037949838124,False
5,0.15453064441680908,0.020895522388059702,0.24535275501006218,9.999989867210388,9.999989867210388,,,,7,student,4.716000000000008,0.0,1,-3.3301200000000004,False
5,0.14444659650325775,0.02447761194029851,0.2588653560943488,9.999989867210388,0.2588653560943488,,,,0,teacher,4.557000000000016,0.0,0,-0.31899000000000116,False
5,0.14136308431625366,0.023681592039800994,0.25280612073238107,9.999989867210388,0.25280612073238107,,,,0,teacher,4.721000000000004,0.3191484358926102,1,-3.01132156410739,False
5,0.2015671581029892,0.02407960199004975,0.291042761792399,9.999989867210388,0.291042761792399,,,,0,teacher,4.651999999999987,1.1103726049216602,0,0.7847326049216612,False
5,0.20788170397281647,0.022885572139303482,0.2884303920595769,9.999989867210388,0.2884303920595769,,,,1,teacher,4.710000000000036,0.0,1,-3.3297000000000025,False
5,0.14879705011844635,0.023283582089552238,0.2551328607288028,9.999989867210388,9.999989867210388,,,,9,student,4.682999999999993,0.5605835065933622,2,-5.767226493406637,False
5,0.16261407732963562,0.021293532338308458,0.25245692330729097,9.999989867210388,0.25245692330729097,,,,0,teacher,4.769999999999982,0.0,1,-3.333899999999999,False
5,0.18226438760757446,0.023283582089552238,0.2752132632222797,9.999989867210388,0.2752132632222797,,,,3,teacher,4.668999999999983,2.0576216231740956,3,-7.269208376825903,False
5,0.20608165860176086,0.023482587064676617,0.2905728870349936,9.999989867210388,0.2905728870349936,,,,1,teacher,1.580000000000041,2.185696237729746,0,-7.924903762270256,True
6,0.0672253891825676,0.023482587064676617,0.20725912538347763,9.999989867210388,0.20725912538347763,,,,0,teacher,0.0,0.0,0,0.0,False
6,0.0672253891825676,0.023482587064676617,0.20725912538347763,9.999989867210388,0.20725912538347763,,,,0,teacher,4.873999999999967,0.0,0,-0.3411799999999977,False
6,0.8248432874679565,0.02646766169154229,0.6772951328726853,9.999989867210388,9.999989867210388,,,,9,student,4.7660000000000196,0.31724968551082,0,-0.016370314489181415,False
6,0.8345794677734375,0.025671641791044777,0.6791160270632142,9.999989867210388,0.6791160270632142,,,,0,teacher,4.742000000000019,0.8347388060268166,0,0.5027988060268153,False
6,0.8218689560890198,0.022885572139303482,0.6568227433292989,9.999989867210388,9.999989867210388,,,,1,student,4.817000000000007,7.60989075769559,0,7.272700757695589,False
6,0.736465334892273,0.013333333333333334,0.5475208574869079,9.999989867210388,0.5475208574869079,,,,2,teacher,4.796999999999969,1.8898834430038676,0,1.5540934430038698,False
6,0.44941434264183044,0.007960199004975124,0.3365695153567965,9.999989867210388,0.3365695153567965,,,,3,teacher,4.932999999999993,3.1068408705356187,1,-0.2384691294643808,False
6,0.3932068943977356,0.019701492537313434,0.38167103889821086,9.999989867210388,0.38167103889821086,,,,2,teacher,4.656000000000006,6.353246453670028,0,6.027326453670028,False
6,0.2710186541080475,0.03283582089552239,0.37464903238591224,9.999989867210388,0.37464903238591224,,,,2,teacher,0.242999999999995,0.38814923663429274,0,-9.628860763365706,True
7,0.8777673840522766,0.019303482587064675,0.6700691558719416,9.999989867210388,0.6700691558719416,,,,3,teacher,0.0,0.0,0,0.0,False
7,0.8777673840522766,0.019303482587064675,0.6700691558719416,9.999989867210388,0.6700691558719416,,,,3,teacher,4.721000000000004,6.029562430389852,1,2.699092430389852,False
7,0.6594365239143372,0.01472636815920398,0.5105852677901301,9.999989867210388,9.999989867210388,,,,7,student,4.932999999999993,6.4715208293297595,0,6.12621082932976,False
7,0.39730268716812134,0.020298507462686566,0.3875958907794989,9.999989867210388,9.999989867210388,,,,8,student,2.7350000000000136,3.4744307942443333,0,-6.717019205755667,True
8,0.14648020267486572,0.020298507462686566,0.23710240008354555,9.999989867210388,0.23710240008354555,,,,1,teacher,0.0,0.0,0,0.0,False
8,0.14648020267486572,0.020298507462686566,0.23710240008354555,9.999989867210388,0.23710240008354555,,,,1,teacher,4.946000000000026,5.130606449454001,0,4.784386449454,False
8,0.7492955923080444,0.01890547263681592,0.590626401531573,9.999989867210388,0.590626401531573,,,,3,teacher,4.961999999999989,5.052143405389282,0,4.704803405389283,False
8,0.5555122494697571,0.009950248756218905,0.41513003341973437,9.999989867210388,0.41513003341973437,,,,0,teacher,4.865000000000009,5.236987022982101,1,1.8964370229821004,False
8,0.35951486229896545,0.020497512437810946,0.3660684478283955,9.999989867210388,9.999989867210388,,,,4,student,1.7349999999999568,3.42765004553553,0,-6.693799954464467,True
9,0.07100764662027359,0.02308457711442786,0.20738505206515034,9.999989867210388,0.20738505206515034,,,,3,teacher,0.0,0.0,0,0.0,False
9,0.07100764662027359,0.02308457711442786,0.20738505206515034,9.999989867210388,0.20738505206515034,,,,3,teacher,4.648000000000025,7.366769642535031,0,7.041409642535029,False
9,0.6431857347488403,0.017512437810945275,0.5185294061197712,9.999989867210388,0.5185294061197712,,,,5,teacher,4.853000000000009,6.116999083107959,0,5.7772890831079575,False
9,0.38383182883262634,0.020298507462686566,0.3795133757782019,9.999989867210388,9.999989867210388,,,,8,student,2.7649999999999864,3.113637876983298,0,-7.079912123016701,True
10,0.13760285079479218,0.022686567164179106,0.24517903527627083,9.999989867210388,9.999989867210388,,,,9,student,0.0,0.0,0,0.0,False
10,0.13760285079479218,0.022686567164179106,0.24517903527627083,9.999989867210388,9.999989867210388,,,,9,student,4.893000000000029,0.0,0,-0.3425100000000021,False
10,0.8237079381942749,0.023283582089552238,0.6600793935742999,9.999989867210388,0.6600793935742999,,,,3,teacher,4.8559999999999945,0.17886632686280635,1,-3.1610536731371934,False
10,0.8272189497947693,0.021890547263681594,0.6545625547955907,9.999989867210388,0.6545625547955907,,,,0,teacher,4.765999999999963,0.5957671285321915,0,0.2621471285321941,False
10,0.8183287382125854,0.021691542288557214,0.6481192879205696,9.999989867210388,0.6481192879205696,,,,1,teacher,4.850000000000023,6.052324304899647,2,-0.28717569510035457,False
10,0.7721666693687439,0.017313432835820895,0.5946913236208191,9.999989867210388,0.5946913236208191,,,,3,teacher,4.697000000000003,6.656498828238566,0,6.327708828238565,False
10,0.5123111605644226,0.011741293532338309,0.4020500898674596,9.999989867210388,0.4020500898674596,,,,3,teacher,4.775999999999954,2.7056596307795404,2,-3.6286603692204564,False
10,0.252611368894577,0.01990049751243781,0.2984748098790511,9.999989867210388,9.999989867210388,,,,3,student,2.076000000000022,3.912762495042016,0,-6.2325575049579856,True
11,0.10360301285982132,0.021293532338308458,0.21705028462540238,9.999989867210388,0.21705028462540238,,,,1,teacher,0.0,0.0,0,0.0,False
11,0.10360301285982132,0.021293532338308458,0.21705028462540238,9.999989867210388,0.21705028462540238,,,,1,teacher,4.975999999999999,7.8369232099580355,2,1.4886032099580353,False
11,0.6656257510185242,0.01791044776119403,0.5344299230328455,9.999989867210388,0.5344299230328455,,,,8,teacher,4.826999999999998,5.598128895602065,0,5.260238895602066,False
11,0.3990379273891449,0.018706467661691543,0.37928383778163116,9.999989867210388,9.999989867210388,,,,6,student,2.9389999999999645,3.9911286552993044,0,-6.214601344700693,True
12,0.15485568344593048,0.02109452736318408,0.24667741202598936,9.999989867210388,9.999989867210388,,,,6,student,0.0,0.0,0,0.0,False
12,0.15485568344593048,0.02109452736318408,0.24667741202598936,9.999989867210388,9.999989867210388,,,,6,student,4.854000000000042,7.359455265390647,1,4.019675265390644,False
12,0.7149659991264343,0.015920398009950248,0.5516253986087265,9.999989867210388,0.5516253986087265,,,,9,teacher,4.847999999999956,6.356453852982781,0,6.017093852982784,False
12,0.4563443064689636,0.015522388059701492,0.39390176251493586,9.999989867210388,9.999989867210388,,,,4,student,4.721000000000004,5.481326348168226,2,9.150856348168226,True
13,0.878028154373169,0.018308457711442787,0.6642856696315547,9.999989867210388,0.6642856696315547,,,,8,teacher,0.0,0.0,0,0.0,False
13,0.878028154373169,0.018308457711442787,0.6642856696315547,9.999989867210388,0.6642856696315547,,,,8,teacher,5.062000000000012,3.2253970161756804,0,2.8710570161756794,False
13,0.6287687420845032,0.018308457711442787,0.5147300222583552,9.999989867210388,0.5147300222583552,,,,2,teacher,4.684999999999945,1.0160887426474083,0,0.6881387426474121,False
13,0.5202106237411499,0.01890547263681592,0.4531754203914363,9.999989867210388,0.4531754203914363,,,,3,teacher,4.8419999999999845,5.524688816808325,1,2.185748816808326,False
13,0.4620068669319153,0.00955223880597015,0.3561007635388144,9.999989867210388,0.3561007635388144,,,,1,teacher,4.567000000000007,6.387744900134576,0,-3.931945099865424,True
14,0.2505008280277252,0.030646766169154228,0.3526324830899826,9.999989867210388,0.3526324830899826,,,,0,teacher,0.0,0.0,0,0.0,False
14,0.2505008280277252,0.030646766169154228,0.3526324830899826,9.999989867210388,0.3526324830899826,,,,0,teacher,4.990000000000009,1.3717809667769671,0,1.0224809667769665,False
14,0.8588628172874451,0.02447761194029851,0.6875150885648611,9.999989867210388,0.6875150885648611,,,,1,teacher,4.95799999999997,0.0,0,-0.3470599999999979,False
14,0.8315600156784058,0.026865671641791045,0.6833081391014834,9.999989867210388,0.6833081391014834,,,,6,teacher,4.998000000000047,0.7040542816359299,0,0.35419428163592653,False
14,0.8307048678398132,0.02308457711442786,0.6632033847968741,9.999989867210388,0.6632033847968741,,,,3,teacher,4.7409999999999854,6.48584574538034,0,6.153975745380341,False
14,0.7816023230552673,0.016318407960199004,0.594134571047077,9.999989867210388,0.594134571047077,,,,0,teacher,4.676000000000045,3.69497686355035,0,3.367656863550347,False
14,0.4920635521411896,0.009950248756218905,0.37706081502259386,9.999989867210388,0.37706081502259386,,,,2,teacher,4.732999999999947,3.32714328022238,2,-3.0041667197776163,False
14,0.3828401267528534,0.01711442786069652,0.3598631274250775,9.999989867210388,9.999989867210388,,,,7,student,4.624000000000024,1.6082646802929839,0,1.2845846802929821,False
14,0.26855936646461487,0.023681592039800994,0.32912389002139786,9.999989867210388,0.32912389002139786,,,,1,teacher,2.590000000000032,4.805798353655161,0,-5.375501646344841,True
15,0.12140237540006638,0.020895522388059702,0.22547579360001657,9.999989867210388,0.22547579360001657,,,,1,teacher,0.0,0.0,0,0.0,False
15,0.12140237540006638,0.020895522388059702,0.22547579360001657,9.999989867210388,0.22547579360001657,,,,1,teacher,4.921999999999912,6.965849220514526,1,3.621309220514532,False
15,0.7408605217933655,0.012139303482587065,0.5419620731387178,9.999989867210388,9.999989867210388,,,,4,student,4.916000000000054,5.881087536046442,0,5.536967536046438,False
15,0.46946898102760315,0.007164179104477612,0.34244796770781233,9.999989867210388,9.999989867210388,,,,5,student,4.441000000000031,6.354092493114437,0,-3.9567775068855653,True
16,0.2378016710281372,0.02646766169154229,0.3250701630087937,9.999989867210388,0.3250701630087937,,,,0,teacher,0.0,0.0,0,0.0,False
16,0.2378016710281372,0.02646766169154229,0.3250701630087937,9.999989867210388,0.3250701630087937,,,,0,teacher,4.774999999999977,4.406889991330491,1,1.072639991330493,False
16,0.8563574552536011,0.021492537313432834,0.6698222899231377,9.999989867210388,0.6698222899231377,,,,5,teacher,4.807000000000016,0.0,2,-6.336490000000001,False
16,0.7097520232200623,0.02646766169154229,0.6082403743239487,9.999989867210388,0.6082403743239487,,,,3,teacher,4.8840000000000146,3.29069970590462,0,2.948819705904619,False
16,0.6688952445983887,0.012338308457711443,0.5001645677764558,9.999989867210388,9.999989867210388,,,,5,student,4.779999999999973,7.290718540211436,1,3.9561185402114374,False
16,0.5245630741119385,0.008159203980099502,0.38317981166609516,9.999989867210388,0.38317981166609516,,,,7,teacher,4.677000000000021,5.5728883755720116,0,5.24549837557201,False
16,0.25700607895851135,0.02965174129353234,0.35195972665221475,9.999989867210388,0.35195972665221475,,,,2,teacher,0.6380000000000337,0.6177050874211951,0,-9.426954912578807,True
17,0.8786489963531494,0.021890547263681594,0.6854205827306188,9.999989867210388,9.999989867210388,,,,7,student,0.0,0.0,0,0.0,False
17,0.8786489963531494,0.021890547263681594,0.6854205827306188,9.999989867210388,9.999989867210388,,,,7,student,5.2970000000000255,7.09311542976274,3,-2.277674570237262,False
17,0.6221176385879517,0.014328358208955224,0.4855722985000862,9.999989867210388,0.4855722985000862,,,,2,teacher,4.933999999999969,6.2018247860899205,0,5.856444786089923,False
17,0.3476812243461609,0.015522388059701492,0.3287039132412542,9.999989867210388,0.3287039132412542,,,,3,teacher,2.366999999999962,2.537014723724791,0,-7.628675276275207,True
18,0.0863107442855835,0.022885572139303482,0.21548781624723712,9.999989867210388,0.21548781624723712,,,,0,teacher,0.0,0.0,0,0.0,False
18,0.0863107442855835,0.022885572139303482,0.21548781624723712,9.999989867210388,0.21548781624723712,,,,0,teacher,4.841000000000008,0.4581135840017261,0,0.11924358400172547,False
18,0.8218925595283508,0.019502487562189055,0.6377160250881253,9.999989867210388,0.6377160250881253,,,,2,teacher,4.670999999999935,6.426575470028855,1,3.099605470028859,False
18,0.7829885482788086,0.016517412935323383,0.5962213455765786,9.999989867210388,0.5962213455765786,,,,0,teacher,5.065000000000055,5.864035732481851,1,2.5094857324818465,False
18,0.5275676250457764,0.008159203980099502,0.3849825422263979,9.999989867210388,0.3849825422263979,,,,6,teacher,4.755999999999972,0.5402314761501863,1,-2.7926885238498116,False
18,0.30279701948165894,0.013532338308457712,0.2886641013602796,9.999989867210388,9.999989867210388,,,,8,student,4.734000000000037,6.665118463639083,0,-3.6662615363609197,True
19,0.27380335330963135,0.028656716417910448,0.3573562545087712,9.999989867210388,0.3573562545087712,,,,0,teacher,0.0,0.0,0,0.0,False
19,0.27380335330963135,0.028656716417910448,0.3573562545087712,9.999989867210388,0.3573562545087712,,,,0,teacher,5.026000000000067,5.568699452190042,1,2.216879452190038,False
19,0.8527050018310547,0.01990049751243781,0.6585309896409377,9.999989867210388,9.999989867210388,,,,6,student,5.0,4.45440340776641,0,4.10440340776641,False
19,0.656205415725708,0.015323383084577114,0.5125343351942876,9.999989867210388,0.5125343351942876,,,,3,teacher,4.928999999999974,6.252446796456095,0,5.907416796456097,False
19,0.45013827085494995,0.016119402985074627,0.39399534270598224,9.999989867210388,0.39399534270598224,,,,0,teacher,3.921000000000049,5.5819609197537945,0,-4.692509080246209,True
20,0.20447824895381927,0.026069651741293533,0.303074904566433,9.999989867210388,0.303074904566433,,,,0,teacher,0.0,0.0,0,0.0,False
20,0.20447824895381927,0.026069651741293533,0.303074904566433,9.999989867210388,0.303074904566433,,,,0,teacher,5.451000000000022,6.052738347719176,0,5.671168347719174,False
20,0.8252942562103271,0.022885572139303482,0.6588779234020833,9.999989867210388,0.6588779234020833,,,,7,teacher,4.974000000000046,7.139607465113286,0,6.7914274651132835,False
20,0.5826392769813538,0.009154228855721393,0.42552726059126567,9.999989867210388,0.42552726059126567,,,,1,teacher,4.857999999999947,6.256322581217911,0,5.916262581217914,False
20,0.30370113253593445,0.025472636815920397,0.3595722673460749,9.999989867210388,0.3595722673460749,,,,2,teacher,1.886000000000081,1.7356659413229374,0,-8.396354058677069,True
21,0.050009552389383316,0.022686567164179106,0.1926230562330255,9.999989867210388,0.1926230562330255,,,,0,teacher,0.0,0.0,0,0.0,False
21,0.050009552389383316,0.022686567164179106,0.1926230562330255,9.999989867210388,0.1926230562330255,,,,0,teacher,4.721000000000004,8.015885006697147,2,1.6854150066971467,False
21,0.6597834229469299,0.017512437810945275,0.528488019038625,9.999989867210388,0.528488019038625,,,,0,teacher,5.128000000000043,2.9497533384480246,0,2.5907933384480217,False
21,0.4118475019931793,0.009950248756218905,0.3289311849337877,9.999989867210388,0.3289311849337877,,,,2,teacher,4.9249999999999545,6.662030458937059,0,6.317280458937062,False
21,0.2666656970977783,0.03562189054726368,0.38370400640877683,9.999989867210388,0.38370400640877683,,,,0,teacher,0.27099999999995816,0.3974110204557213,0,-9.621558979544275,True
22,0.8731052875518799,0.02308457711442786,0.6886436366241141,9.999989867210388,0.6886436366241141,,,,1,teacher,0.0,0.0,0,0.0,False
22,0.8731052875518799,0.02308457711442786,0.6886436366241141,9.999989867210388,0.6886436366241141,,,,1,teacher,5.00100000000009,0.2712447133111944,0,-0.07882528668881195,False
22,0.8196828365325928,0.02666666666666667,0.675192616028121,9.999989867210388,0.675192616028121,,,,6,teacher,4.927999999999997,1.3236487231626342,1,-2.0213112768373658,False
22,0.8213099241256714,0.021890547263681594,0.651017139394132,9.999989867210388,0.651017139394132,,,,0,teacher,4.905999999999949,8.522516300219818,0,8.179096300219822,False
22,0.6997811198234558,0.01472636815920398,0.5347920253356013,9.999989867210388,0.5347920253356013,,,,5,teacher,4.794999999999959,5.829027329577928,0,5.49337732957793,False
22,0.3964727222919464,0.016119402985074627,0.3617960135681801,9.999989867210388,0.3617960135681801,,,,1,teacher,2.7210000000000036,4.621862239535508,0,-5.568607760464492,True
23,0.1255561262369156,0.020895522388059702,0.22796804410212607,9.999989867210388,0.22796804410212607,,,,2,teacher,0.0,0.0,0,0.0,False
23,0.1255561262369156,0.020895522388059702,0.22796804410212607,9.999989867210388,0.22796804410212607,,,,2,teacher,5.086999999999989,2.454226236545395,3,-6.901863763454604,False
23,0.7411283850669861,0.015323383084577114,0.5634881167990544,9.999989867210388,0.5634881167990544,,,,1,teacher,4.729000000000042,7.492656726534323,1,4.16162672653432,False
23,0.6338544487953186,0.017313432835820895,0.511703991276764,9.999989867210388,0.511703991276764,,,,5,teacher,4.825999999999908,4.787984434119932,0,4.450164434119938,False
23,0.3563633859157562,0.01990049751243781,0.36072602009175864,9.999989867210388,0.36072602009175864,,,,0,teacher,3.2350000000000136,4.526840677788957,0,-5.699609322211043,True
24,0.16226698458194733,0.022885572139303482,0.2610615604250554,9.999989867210388,0.2610615604250554,,,,0,teacher,0.0,0.0,0,0.0,False
24,0.16226698458194733,0.022885572139303482,0.2610615604250554,9.999989867210388,0.2610615604250554,,,,0,teacher,4.909999999999968,7.219430846928976,0,6.875730846928978,False
24,0.7726430296897888,0.01791044776119403,0.5986402902356043,9.999989867210388,0.5986402902356043,,,,7,teacher,4.846000000000004,6.5286452269082655,0,6.1894252269082655,False
24,0.49767476320266724,0.008159203980099502,0.36704682512053244,9.999989867210388,0.36704682512053244,,,,0,teacher,4.958999999999946,4.312576430595826,1,0.9654464305958292,False
24,0.24302120506763458,0.032238805970149255,0.35525178851780026,9.999989867210388,0.35525178851780026,,,,1,teacher,0.6600000000000819,0.0,0,-10.046200000000006,True
25,0.8708769083023071,0.01990049751243781,0.6694341335236892,9.999989867210388,9.999989867210388,,,,1,student,0.0,0.0,0,0.0,False
25,0.8708769083023071,0.01990049751243781,0.6694341335236892,9.999989867210388,9.999989867210388,,,,1,student,4.80600000000004,4.900773035530225,2,-1.435646964469778,False
25,0.6122443079948425,0.016318407960199004,0.49251976201082215,9.999989867210388,9.999989867210388,,,,9,student,4.851999999999975,0.9363001087601894,1,-2.403339891239809,False
25,0.4349837899208069,0.008159203980099502,0.3294322411514162,9.999989867210388,9.999989867210388,,,,0,student,4.576000000000022,0.0,0,-0.32032000000000155,False
25,0.3837609887123108,0.00835820895522388,0.30021267170843385,9.999989867210388,0.30021267170843385,,,,0,teacher,4.954000000000065,5.889753346784113,0,5.542973346784109,False
25,0.38569700717926025,0.0191044776119403,0.3736497902270384,9.999989867210388,0.3736497902270384,,,,1,teacher,2.627999999999929,3.4721062225656363,0,-6.711853777434358,True
26,0.1360229253768921,0.022686567164179106,0.2442310800255308,9.999989867210388,0.2442310800255308,,,,0,teacher,0.0,0.0,0,0.0,False
26,0.1360229253768921,0.022686567164179106,0.2442310800255308,9.999989867210388,0.2442310800255308,,,,0,teacher,4.9909999999999854,0.0,3,-9.349369999999999,False
26,0.8164418339729309,0.026865671641791045,0.6742372300781985,9.999989867210388,0.6742372300781985,,,,3,teacher,5.076999999999998,1.090097124097511,0,0.7347071240975112,False
26,0.8188222050666809,0.02407960199004975,0.661395789970614,9.999989867210388,0.661395789970614,,,,1,teacher,4.8530000000000655,6.463790228665594,2,0.12408022866558976,False
26,0.7732917070388794,0.018706467661691543,0.6038361055714718,9.999989867210388,9.999989867210388,,,,8,student,5.0499999999999545,6.69624433384567,0,6.3427443338456735,False
26,0.4996725022792816,0.00835820895522388,0.36975957984861635,9.999989867210388,0.36975957984861635,,,,2,teacher,4.754000000000019,2.193590633540265,2,-4.139189366459736,False
26,0.23685994744300842,0.018507462686567163,0.28078363510160287,9.999989867210388,9.999989867210388,,,,2,student,4.106999999999971,3.2834086258949897,0,-7.004081374105008,True
27,0.11483144760131836,0.023482587064676617,0.2358227604347281,9.999989867210388,0.2358227604347281,,,,3,teacher,0.0,0.0,0,0.0,False
27,0.11483144760131836,0.023482587064676617,0.2358227604347281,9.999989867210388,0.2358227604347281,,,,3,teacher,4.985000000000014,8.22932974640467,0,7.880379746404668,False
27,0.7938761711120605,0.01671641791044776,0.6040032273394704,9.999989867210388,0.6040032273394704,,,,1,teacher,4.643000000000029,6.3739672683406114,0,6.048957268340609,False
27,0.5011137127876282,0.007562189054726368,0.36452605654357084,9.999989867210388,0.36452605654357084,,,,0,teacher,4.759999999999991,6.050394717719231,0,5.717194717719232,False
27,0.255739688873291,0.03502487562189055,0.37471093208822365,9.999989867210388,0.37471093208822365,,,,0,teacher,0.40599999999994907,0.5975135564711475,0,-9.43090644352885,True
28,0.8780944347381592,0.02009950248756219,0.6749204333869894,9.999989867210388,0.6749204333869894,,,,9,teacher,0.0,0.0,0,0.0,False
28,0.8780944347381592,0.02009950248756219,0.6749204333869894,9.999989867210388,0.6749204333869894,,,,9,teacher,4.977999999999952,1.1784786516738244,0,0.8300186516738277,False
28,0.7019269466400146,0.0191044776119403,0.563387753903491,9.999989867210388,0.563387753903491,,,,2,teacher,4.640999999999963,2.0970757037063112,0,1.7722057037063137,False
28,0.6309102177619934,0.019502487562189055,0.5231266200283109,9.999989867210388,0.5231266200283109,,,,4,teacher,4.596000000000004,6.511620435495734,1,3.1899004354957343,False
28,0.548790693283081,0.01054726368159204,0.41543624235581966,9.999989867210388,0.41543624235581966,,,,0,teacher,4.937000000000012,6.09509898475062,0,5.749508984750619,False
28,0.2837032973766327,0.024676616915422885,0.3434596726009431,9.999989867210388,9.999989867210388,,,,7,student,0.8160000000000309,0.8141130446733826,0,-9.243006955326619,True
29,0.8743115663528442,0.021492537313432834,0.6805947565826836,9.999989867210388,9.999989867210388,,,,7,student,0.0,0.0,0,0.0,False
29,0.8743115663528442,0.021492537313432834,0.6805947565826836,9.999989867210388,9.999989867210388,,,,7,student,4.791000000000054,6.246977765253515,0,5.911607765253511,False
29,0.6283498406410217,0.01771144278606965,0.5108489112688535,9.999989867210388,0.5108489112688535,,,,0,teacher,4.8829999999999245,1.8656405022739833,1,-1.4761694977260116,False
29,0.35979926586151123,0.007164179104477612,0.2766461386081572,9.999989867210388,9.999989867210388,,,,3,student,5.20900000000006,1.0746660758303737,0,0.7100360758303694,False
29,0.3110983073711395,0.020497512437810946,0.3370185148716999,9.999989867210388,0.3370185148716999,,,,0,teacher,4.720000000000027,6.551161033904556,0,16.220761033904555,True
30,0.8807622194290161,0.018507462686567163,0.6671249982932075,9.999989867210388,0.6671249982932075,,,,0,teacher,0.0,0.0,0,0.0,False
30,0.8807622194290161,0.018507462686567163,0.6671249982932075,9.999989867210388,0.6671249982932075,,,,0,teacher,4.997999999999934,7.324215297279132,3,-2.0256447027208635,False
30,0.713824987411499,0.017512437810945275,0.5609129577173664,9.999989867210388,0.5609129577173664,,,,6,teacher,4.886000000000081,6.242815138353315,0,5.900795138353309,False
30,0.41829174757003784,0.01671641791044776,0.3786525732142568,9.999989867210388,0.3786525732142568,,,,2,teacher,3.788000000000011,4.852078400488776,0,-5.413081599511225,True
31,0.18098080158233643,0.023283582089552238,0.27444311160713686,9.999989867210388,0.27444311160713686,,,,0,teacher,0.0,0.0,0,0.0,False
31,0.18098080158233643,0.023283582089552238,0.27444311160713686,9.999989867210388,0.27444311160713686,,,,0,teacher,4.725000000000023,6.569778702547479,0,6.239028702547477,False
31,0.8116112351417542,0.01890547263681592,0.6280157872317988,9.999989867210388,9.999989867210388,,,,9,student,4.9389999999999645,7.191026990678039,1,3.845296990678041,False
31,0.541093647480011,0.009353233830845771,0.4020797363695089,9.999989867210388,9.999989867210388,,,,2,student,4.799000000000092,6.510621503685609,0,-3.8253084963143973,True
32,0.26390963792800903,0.032238805970149255,0.36778484823402496,9.999989867210388,0.36778484823402496,,,,0,teacher,0.0,0.0,0,0.0,False
32,0.26390963792800903,0.032238805970149255,0.36778484823402496,9.999989867210388,0.36778484823402496,,,,0,teacher,5.0,5.902747406126842,2,-0.4472525938731575,False
32,0.8580512404441833,0.020298507462686566,0.6640450227451361,9.999989867210388,9.999989867210388,,,,5,student,4.801999999999907,6.660567192928859,9,-20.675572807071134,False
32,0.6144915223121643,0.012338308457711443,0.46752233440472113,9.999989867210388,0.46752233440472113,,,,3,teacher,4.783999999999992,4.070695200333169,0,3.7358152003331697,False
32,0.3621680438518524,0.018109452736318407,0.35356521365806887,9.999989867210388,0.35356521365806887,,,,3,teacher,3.70900000000006,4.707975929339617,0,-5.551654070660387,True
33,0.16938570141792297,0.022885572139303482,0.2653327905266408,9.999989867210388,0.2653327905266408,,,,1,teacher,0.0,0.0,0,0.0,False
33,0.16938570141792297,0.022885572139303482,0.2653327905266408,9.999989867210388,0.2653327905266408,,,,1,teacher,4.952999999999861,6.630323264110931,0,6.283613264110941,False
33,0.7889054417610168,0.018308457711442787,0.6108120420642634,9.999989867210388,0.6108120420642634,,,,4,teacher,4.936000000000149,6.505873343140137,0,6.160353343140127,False
33,0.5354695320129395,0.007164179104477612,0.3820482982990141,9.999989867210388,0.3820482982990141,,,,0,teacher,4.8530000000000655,5.985528446169207,0,5.645818446169202,False
33,0.27386435866355896,0.028656716417910448,0.3573928577211277,9.999989867210388,0.3573928577211277,,,,2,teacher,0.4099999999998545,0.6604211546567104,0,-9.36827884534328,True
34,0.8740438222885132,0.022885572139303482,0.6881276630489949,9.999989867210388,0.6881276630489949,,,,4,teacher,0.0,0.0,0,0.0,False
34,0.8740438222885132,0.022885572139303482,0.6881276630489949,9.999989867210388,0.6881276630489949,,,,4,teacher,4.913000000000011,7.440135530347034,2,1.0962255303470325,False
34,0.6003900170326233,0.015323383084577114,0.4790450959784368,9.999989867210388,0.4790450959784368,,,,4,teacher,4.923999999999978,5.707952241190133,0,5.363272241190135,False
34,0.32808318734169006,0.015124378109452736,0.31437101437775516,9.999989867210388,0.31437101437775516,,,,0,teacher,2.033000000000129,2.442331358772979,0,-7.69997864122703,True
35,0.07692594081163406,0.022885572139303482,0.20985693416286746,9.999989867210388,0.20985693416286746,,,,0,teacher,0.0,0.0,0,0.0,False
35,0.07692594081163406,0.022885572139303482,0.20985693416286746,9.999989867210388,0.20985693416286746,,,,0,teacher,4.777999999999793,2.9954586495050535,2,-3.339001350494932,False
35,0.8077834248542786,0.025472636815920397,0.6620216427370813,9.999989867210388,0.6620216427370813,,,,2,teacher,4.86200000000008,8.178183687349435,2,1.8378436873494293,False
35,0.6183023452758789,0.015522388059701492,0.49107658579908503,9.999989867210388,0.49107658579908503,,,,0,teacher,4.884999999999991,6.460076972184907,0,6.118126972184907,False
35,0.3286399841308594,0.01572139303482587,0.3185573979771039,9.999989867210388,0.3185573979771039,,,,2,teacher,2.0389999999999873,2.333636901276233,0,-7.809093098723766,True
36,0.07017064839601517,0.020298507462686566,0.19131666751623522,9.999989867210388,0.19131666751623522,,,,0,teacher,0.0,0.0,0,0.0,False
36,0.07017064839601517,0.020298507462686566,0.19131666751623522,9.999989867210388,0.19131666751623522,,,,0,teacher,4.94399999999996,4.757219009952145,2,-1.588860990047852,False
36,0.6916253566741943,0.015323383084577114,0.5337862997633794,9.999989867210388,0.5337862997633794,,,,0,teacher,4.923000000000002,6.792262060666418,0,6.447652060666417,False
36,0.5006571412086487,0.008955223880597015,0.3748513366647581,9.999989867210388,0.3748513366647581,,,,3,teacher,4.596000000000004,2.2632727916087028,3,-7.058447208391297,False
36,0.24818335473537445,0.03402985074626866,0.3660395626265406,9.999989867210388,0.3660395626265406,,,,2,teacher,4.152000000000044,3.841581158158849,1,-9.449058841841154,True
37,0.1778729408979416,0.0272636815920398,0.2930607938142935,9.999989867210388,0.2930607938142935,,,,0,teacher,0.0,0.0,0,0.0,False
37,0.1778729408979416,0.0272636815920398,0.2930607938142935,9.999989867210388,0.2930607938142935,,,,0,teacher,5.002999999999929,8.028210426535718,1,4.678000426535723,False
37,0.8019782304763794,0.01373134328358209,0.5895109224274127,9.999989867210388,0.5895109224274127,,,,4,teacher,4.876999999999953,6.132172905136445,0,5.790782905136448,False
37,0.533593475818634,0.009950248756218905,0.40197876922906056,9.999989867210388,9.999989867210388,,,,6,student,4.873000000000047,6.50442324453082,0,6.1633132445308165,False
37,0.26507216691970825,0.02945273631840796,0.3558715641226532,9.999989867210388,0.3558715641226532,,,,1,teacher,0.14799999999991087,0.0,0,-10.010359999999993,True
38,0.8774649500846863,0.01890547263681592,0.6675280161975582,9.999989867210388,0.6675280161975582,,,,4,teacher,0.0,0.0,0,0.0,False
38,0.8774649500846863,0.01890547263681592,0.6675280161975582,9.999989867210388,0.6675280161975582,,,,4,teacher,5.04099999999994,6.951677405421204,0,6.5988074054212085,False
38,0.6417272090911865,0.02109452736318408,0.538800327413143,9.999989867210388,0.538800327413143,,,,0,teacher,4.9930000000001655,5.245115629271588,0,4.895605629271576,False
38,0.36355847120285034,0.019303482587064675,0.3615438081622859,9.999989867210388,0.3615438081622859,,,,0,teacher,2.717999999999847,3.390063996425322,0,-6.800196003574667,True
39,0.13054275512695312,0.021492537313432834,0.23433346984714892,9.999989867210388,0.23433346984714892,,,,2,teacher,0.0,0.0,0,0.0,False
39,0.13054275512695312,0.021492537313432834,0.23433346984714892,9.999989867210388,0.23433346984714892,,,,2,teacher,5.2280000000000655,0.44169899375409116,4,-11.924261006245914,False
39,0.7906966805458069,0.017512437810945275,0.6070359735979511,9.999989867210388,0.6070359735979511,,,,0,teacher,5.018000000000029,5.931244098338814,1,2.5799840983388123,False
39,0.7473725080490112,0.013532338308457712,0.5554093945006909,9.999989867210388,0.5554093945006909,,,,7,teacher,4.980000000000018,6.219531229974162,1,2.870931229974161,False
39,0.5092654228210449,0.010348258706467661,0.390281314373344,9.999989867210388,0.390281314373344,,,,4,teacher,4.938999999999851,5.825598678781548,0,5.479868678781558,False
39,0.26698827743530273,0.028656716417910448,0.353267208984174,9.999989867210388,9.999989867210388,,,,0,student,0.5620000000001255,0.6640120359690076,0,-9.375327964031001,True
40,0.8752214908599854,0.023283582089552238,0.6909875251737262,9.999989867210388,0.6909875251737262,,,,2,teacher,0.0,0.0,0,0.0,False
40,0.8752214908599854,0.023283582089552238,0.6909875251737262,9.999989867210388,0.6909875251737262,,,,2,teacher,4.983999999999924,7.452545928993743,0,7.103665928993748,False
40,0.5952799916267395,0.010945273631840797,0.4461896580563772,9.999989867210388,0.4461896580563772,,,,2,teacher,4.921000000000049,1.5798245670831363,1,-1.764645432916867,False
40,0.30144426226615906,0.014527363184079602,0.29448209163326616,9.999989867210388,0.29448209163326616,,,,0,teacher,4.8409999999998945,6.136568407464579,0,5.797698407464586,False
40,0.2731684148311615,0.03502487562189055,0.3851681676629459,9.999989867210388,0.3851681676629459,,,,3,teacher,0.22900000000004184,0.3764655686062225,0,-9.639564431393781,True
41,0.8730082511901855,0.02009950248756219,0.671868723258205,9.999989867210388,0.671868723258205,,,,6,teacher,0.0,0.0,0,0.0,False
41,0.8730082511901855,0.02009950248756219,0.671868723258205,9.999989867210388,0.671868723258205,,,,6,teacher,5.282999999999902,5.143955531991848,3,-4.225854468008145,False
41,0.6780715584754944,0.012338308457711443,0.5056703561027192,9.999989867210388,0.5056703561027192,,,,1,teacher,4.68300000000022,5.116253089302585,0,4.78844308930257,False
41,0.4358868896961212,0.007562189054726368,0.32538996268866666,9.999989867210388,9.999989867210388,,,,1,student,4.633999999999787,6.330441549716749,0,-3.9939384502832365,True
42,0.2466185986995697,0.030845771144278607,0.351205827196179,9.999989867210388,0.351205827196179,,,,2,teacher,0.0,0.0,0,0.0,False
42,0.2466185986995697,0.030845771144278607,0.351205827196179,9.999989867210388,0.351205827196179,,,,2,teacher,5.0470000000000255,5.363645089389397,1,2.010355089389395,False
42,0.8520053625106812,0.024676616915422885,0.6844409116813721,9.999989867210388,0.6844409116813721,,,,5,teacher,4.891000000000076,6.704013873603996,2,0.36164387360399086,False
42,0.6359745860099792,0.017313432835820895,0.5129760736055604,9.999989867210388,9.999989867210388,,,,3,student,4.836000000000013,5.9188760874326745,0,5.580356087432674,False
42,0.36418598890304565,0.02009950248756219,0.3665753658859212,9.999989867210388,0.3665753658859212,,,,1,teacher,4.000999999999976,3.613101353688499,0,-6.666968646311499,True
43,0.12416145950555801,0.026865671641791045,0.25886900539777474,9.999989867210388,0.25886900539777474,,,,0,teacher,0.0,0.0,0,0.0,False
43,0.12416145950555801,0.026865671641791045,0.25886900539777474,9.999989867210388,0.25886900539777474,,,,0,teacher,4.890999999999849,6.7966347243061165,1,3.4542647243061273,False
43,0.8240640759468079,0.020497512437810946,0.6447979760171009,9.999989867210388,0.6447979760171009,,,,0,teacher,4.867000000000189,6.654988458988827,0,6.314298458988814,False
43,0.5585876703262329,0.007562189054726368,0.3990104310667337,9.999989867210388,0.3990104310667337,,,,3,teacher,4.7409999999999854,3.3897888459415206,2,-2.9420811540584784,False
43,0.2920284867286682,0.023283582089552238,0.3410717226949359,9.999989867210388,0.3410717226949359,,,,0,teacher,4.832999999999856,3.0627144622095215,3,-6.275595537790469,False
43,0.17678502202033997,0.027661691542288556,0.2943550370069311,9.999989867210388,0.2943550370069311,,,,0,teacher,0.3200000000001637,0.6258040649755003,0,-9.39659593502451,True
44,0.8547830581665039,0.022487562189054726,0.6743981416526597,9.999989867210388,0.6743981416526597,,,,0,teacher,0.0,0.0,0,0.0,False
44,0.8547830581665039,0.022487562189054726,0.6743981416526597,9.999989867210388,0.6743981416526597,,,,0,teacher,4.995999999999867,4.9378705345659135,0,4.588150534565923,False
44,0.7882802486419678,0.02447761194029851,0.6451655473775748,9.999989867210388,9.999989867210388,,,,0,student,4.701000000000022,8.115844697307095,1,4.786774697307093,False
44,0.5244854688644409,0.007761194029850746,0.3800841556518375,9.999989867210388,0.3800841556518375,,,,1,teacher,4.61200000000008,6.093582953085168,0,-4.229257046914838,True
45,0.2515905797481537,0.03263681592039801,0.3621298915461787,9.999989867210388,0.3621298915461787,,,,0,teacher,0.0,0.0,0,0.0,False
45,0.2515905797481537,0.03263681592039801,0.3621298915461787,9.999989867210388,0.3621298915461787,,,,0,teacher,4.802000000000135,5.429390805843532,1,2.093250805843523,False
45,0.8591983318328857,0.023482587064676617,0.6824428909736685,9.999989867210388,0.6824428909736685,,,,0,teacher,5.033999999999878,6.0446671704365755,0,5.692287170436584,False
45,0.6349054574966431,0.016318407960199004,0.5061164517119024,9.999989867210388,0.5061164517119024,,,,4,teacher,4.923999999999978,3.9275464629673893,1,0.5828664629673908,False
45,0.4006047248840332,0.01154228855721393,0.3336254645894422,9.999989867210388,0.3336254645894422,,,,1,teacher,4.557000000000016,5.967955922754474,0,-4.351034077245528,True
46,0.24673767387866974,0.031840796019900496,0.3557292224844446,9.999989867210388,9.999989867210388,,,,0,student,0.0,0.0,0,0.0,False
46,0.24673767387866974,0.031840796019900496,0.3557292224844446,9.999989867210388,9.999989867210388,,,,0,student,4.875,5.044339567993816,0,4.703089567993816,False
46,0.8560572862625122,0.020895522388059702,0.666268740117484,9.999989867210388,0.666268740117484,,,,1,teacher,5.0069999999998345,6.13383092212697,0,5.783340922126982,False
46,0.6676467657089233,0.01572139303482587,0.5219614669239423,9.999989867210388,9.999989867210388,,,,0,student,4.701999999999998,5.931942653603968,0,5.602802653603968,False
46,0.4065279960632324,0.017512437810945275,0.37653476290840643,9.999989867210388,9.999989867210388,,,,4,student,3.2280000000000655,4.633652799555846,0,-5.592307200444159,True
47,0.1557616889476776,0.020497512437810946,0.24381654381762277,9.999989867210388,0.24381654381762277,,,,0,teacher,0.0,0.0,0,0.0,False
47,0.1557616889476776,0.020497512437810946,0.24381654381762277,9.999989867210388,0.24381654381762277,,,,0,teacher,4.986000000000104,6.891748083607705,0,6.542728083607698,False
47,0.7702038884162903,0.020497512437810946,0.6124818634987903,9.999989867210388,9.999989867210388,,,,7,student,4.958999999999833,3.436765287266148,0,3.0896352872661597,False
47,0.5263037085533142,0.014129353233830846,0.4267640942702263,9.999989867210388,0.4267640942702263,,,,1,teacher,4.682999999999993,3.088683758184615,1,-0.23912624181538433,False
47,0.3591342270374298,0.01890547263681592,0.3565295823692043,9.999989867210388,0.3565295823692043,,,,6,teacher,4.642000000000053,6.423971358106135,0,-3.9009686418938685,True
48,0.24480845034122467,0.02845771144278607,0.33901001900179684,9.999989867210388,9.999989867210388,,,,4,student,0.0,0.0,0,0.0,False
48,0.24480845034122467,0.02845771144278607,0.33901001900179684,9.999989867210388,9.999989867210388,,,,4,student,4.9930000000001655,1.2522712497222663,0,0.9027612497222547,False
48,0.861997127532959,0.021890547263681594,0.6754294614385045,9.999989867210388,0.6754294614385045,,,,5,teacher,4.989000000000033,0.11953204076644397,0,-0.22969795923355835,False
48,0.8310217261314392,0.02447761194029851,0.6708104338712576,9.999989867210388,9.999989867210388,,,,0,student,5.154999999999973,1.0323800522272606,1,-2.3284699477727377,False
48,0.8165867328643799,0.02208955223880597,0.6492872995032333,9.999989867210388,0.6492872995032333,,,,9,teacher,4.79099999999994,7.925842440429934,1,4.590472440429938,False
48,0.7234059572219849,0.01711442786069652,0.5642026257065563,9.999989867210388,9.999989867210388,,,,6,student,4.729000000000042,4.9704889442894915,0,4.639458944289489,False
48,0.4405403435230255,0.013134328358208954,0.3686154627344787,9.999989867210388,0.3686154627344787,,,,0,teacher,4.703999999999951,6.583159299169607,0,-3.7461207008303896,True
49,0.24496985971927643,0.027064676616915424,0.33233874370518024,9.999989867210388,9.999989867210388,,,,0,student,0.0,0.0,0,0.0,False
49,0.24496985971927643,0.027064676616915424,0.33233874370518024,9.999989867210388,9.999989867210388,,,,0,student,4.94399999999996,5.138678657121275,0,4.792598657121278,False
49,0.8584086298942566,0.022487562189054726,0.6765734846893112,9.999989867210388,0.6765734846893112,,,,1,teacher,5.203999999999951,4.9381927826355785,1,1.573912782635582,False
49,0.6654384732246399,0.01791044776119403,0.5343175563565149,9.999989867210388,0.5343175563565149,,,,0,teacher,4.758000000000038,6.065559579475126,0,5.732499579475124,False
49,0.4551599621772766,0.015124378109452736,0.3906170792791071,9.999989867210388,0.3906170792791071,,,,0,teacher,4.385999999999967,5.273650474466027,1,-8.03336952553397,True
50,0.21636797487735748,0.02109452736318408,0.28358478688484556,9.999989867210388,0.28358478688484556,,,,2,teacher,0.0,0.0,0,0.0,False
50,0.21636797487735748,0.02109452736318408,0.28358478688484556,9.999989867210388,0.28358478688484556,,,,2,teacher,4.8559999999999945,6.165355195248766,0,5.825435195248767,False
50,0.8490101099014282,0.02407960199004975,0.6795085328714624,9.999989867210388,0.6795085328714624,,,,6,teacher,4.980000000000018,7.486870848177837,0,7.138270848177836,False
50,0.5929266810417175,0.018109452736318407,0.4920203959719879,9.999989867210388,0.4920203959719879,,,,5,teacher,4.718000000000075,5.563652673649385,0,5.23339267364938,False
50,0.3057662844657898,0.020298507462686566,0.33267404915809995,9.999989867210388,0.33267404915809995,,,,1,teacher,2.0329999999999018,2.1379519250245966,0,-8.004358074975396,True
51,0.06642325222492218,0.021492537313432834,0.19586176810593037,9.999989867210388,0.19586176810593037,,,,3,teacher,0.0,0.0,0,0.0,False
51,0.06642325222492218,0.021492537313432834,0.19586176810593037,9.999989867210388,0.19586176810593037,,,,3,teacher,4.906999999999925,4.987679644051701,0,4.644189644051706,False
51,0.6612851619720459,0.018706467661691543,0.5366321785313717,9.999989867210388,0.5366321785313717,,,,0,teacher,4.9849999999999,6.6680750680119925,0,6.319125068011999,False
51,0.49491405487060547,0.006766169154228856,0.35459533430658136,9.999989867210388,9.999989867210388,,,,5,student,4.738000000000056,6.471305847000789,0,-3.860354152999215,True
52,0.23983050882816315,0.028855721393034824,0.33791750644849794,9.999989867210388,0.33791750644849794,,,,3,teacher,0.0,0.0,0,0.0,False
52,0.23983050882816315,0.028855721393034824,0.33791750644849794,9.999989867210388,0.33791750644849794,,,,3,teacher,5.055000000000064,1.610149604306315,0,1.2562996043063106,False
52,0.8639426827430725,0.020895522388059702,0.6709999780058202,9.999989867210388,0.6709999780058202,,,,1,teacher,4.8819999999998345,0.0,0,-0.34173999999998844,False
52,0.818061888217926,0.023283582089552238,0.6566917635884906,9.999989867210388,0.6566917635884906,,,,0,teacher,4.848000000000184,0.1588106116128536,0,-0.18054938838715928,False
52,0.8309186100959778,0.02228855721393035,0.6589854587786166,9.999989867210388,0.6589854587786166,,,,2,teacher,4.84699999999998,0.8362298594361555,0,0.4969398594361568,False
52,0.8141008615493774,0.02407960199004975,0.6585629838602319,9.999989867210388,0.6585629838602319,,,,1,teacher,4.816000000000031,5.517252470838358,0,5.180132470838355,False
52,0.7970412373542786,0.018507462686567163,0.616892409048365,9.999989867210388,0.616892409048365,,,,0,teacher,5.057000000000016,6.88522582054381,0,6.531235820543809,False
52,0.5482481122016907,0.006965174129353234,0.3881591773329772,9.999989867210388,0.3881591773329772,,,,5,teacher,4.871999999999844,2.53175311343018,1,-0.8092868865698088,False
52,0.2670023739337921,0.0354228855721393,0.38309723872395224,9.999989867210388,0.38309723872395224,,,,2,teacher,2.979000000000042,0.0,2,-16.208530000000003,True
53,0.15516459941864014,0.023681592039800994,0.261087029793813,9.999989867210388,0.261087029793813,,,,1,teacher,0.0,0.0,0,0.0,False
53,0.15516459941864014,0.023681592039800994,0.261087029793813,9.999989867210388,0.261087029793813,,,,1,teacher,4.828999999999951,7.301089340435404,3,-2.0369406595645927,False
53,0.6996878981590271,0.015323383084577114,0.538623824654279,9.999989867210388,0.538623824654279,,,,1,teacher,4.900000000000091,2.9758703635575454,1,-0.36712963644246077,False
53,0.45614638924598694,0.005771144278606965,0.32340944692254675,9.999989867210388,9.999989867210388,,,,7,student,4.8689999999999145,1.4663100157938818,0,1.1254800157938878,False
53,0.33491790294647217,0.021890547263681594,0.3591819266866124,9.999989867210388,0.3591819266866124,,,,1,teacher,4.741999999999962,6.700311226194867,1,-6.63162877380513,True
54,0.27886244654655457,0.0272636815920398,0.35365449720346126,9.999989867210388,0.35365449720346126,,,,0,teacher,0.0,0.0,0,0.0,False
54,0.27886244654655457,0.0272636815920398,0.35365449720346126,9.999989867210388,0.35365449720346126,,,,0,teacher,4.982999999999947,6.307105695005758,1,2.958295695005761,False
54,0.8563445210456848,0.023283582089552238,0.6796613432851458,9.999989867210388,0.6796613432851458,,,,5,teacher,4.733999999999924,6.7126758469454195,0,6.381295846945425,False
54,0.604775607585907,0.01691542288557214,0.4917864921273033,9.999989867210388,0.4917864921273033,,,,1,teacher,4.870000000000118,6.142624593621241,0,5.801724593621232,False
54,0.3314359784126282,0.01472636815920398,0.3137849404891048,9.999989867210388,9.999989867210388,,,,0,student,2.7079999999998563,2.4479045020270203,0,-7.741655497972969,True
55,0.08383185416460037,0.02109452736318408,0.20406311445719133,9.999989867210388,0.20406311445719133,,,,0,teacher,0.0,0.0,0,0.0,False
55,0.08383185416460037,0.02109452736318408,0.20406311445719133,9.999989867210388,0.20406311445719133,,,,0,teacher,4.7560000000000855,8.183769995940786,2,1.8508499959407798,False
55,0.6859571933746338,0.018109452736318407,0.5478387033717377,9.999989867210388,0.5478387033717377,,,,3,teacher,4.929999999999836,2.7162706764179383,0,2.37117067641795,False
55,0.39675286412239075,0.010746268656716417,0.32564673565082236,9.999989867210388,9.999989867210388,,,,1,student,4.903999999999996,4.486065972164937,0,4.142785972164937,False
55,0.31760263442993164,0.0191044776119403,0.3327931665774413,9.999989867210388,0.3327931665774413,,,,2,teacher,2.4760000000001128,3.209498934764318,0,-6.96382106523569,True
56,0.10992053896188736,0.02228855721393035,0.22638661609816238,9.999989867210388,0.22638661609816238,,,,0,teacher,0.0,0.0,0,0.0,False
56,0.10992053896188736,0.02228855721393035,0.22638661609816238,9.999989867210388,0.22638661609816238,,,,0,teacher,4.816000000000031,0.24413748848068906,1,-3.0929825115193132,False
56,0.8328580260276794,0.025870646766169153,0.6790952774043582,9.999989867210388,0.6790952774043582,,,,0,teacher,4.849999999999909,0.7444478155669074,0,0.4049478155669138,False
56,0.8105382323265076,0.024875621890547265,0.660596178880168,9.999989867210388,9.999989867210388,,,,4,student,4.878999999999905,6.251714397022642,0,5.910184397022649,False
56,0.7780557870864868,0.01791044776119403,0.601887944673623,9.999989867210388,0.601887944673623,,,,2,teacher,4.869000000000142,6.78214494298656,0,6.4413149429865495,False
56,0.5009194612503052,0.00835820895522388,0.3705077552312305,9.999989867210388,0.3705077552312305,,,,4,teacher,5.015999999999849,5.346192836621105,2,-1.004927163378884,False
56,0.24330875277519226,0.03144278606965174,0.35190330654652535,9.999989867210388,0.35190330654652535,,,,1,teacher,0.19900000000006912,0.32219200594019826,0,-9.691737994059807,True
57,0.8656052947044373,0.02109452736318408,0.6731271787810934,9.999989867210388,0.6731271787810934,,,,6,teacher,0.0,0.0,0,0.0,False
57,0.8656052947044373,0.02109452736318408,0.6731271787810934,9.999989867210388,0.6731271787810934,,,,6,teacher,5.1099999999999,4.503725998395792,2,-1.8539740016042012,False
57,0.6548423171043396,0.009950248756218905,0.4747280740004839,9.999989867210388,0.4747280740004839,,,,2,teacher,4.877999999999929,5.9089161893574405,0,5.567456189357445,False
57,0.45729920268058777,0.010945273631840797,0.3634011846886862,9.999989867210388,9.999989867210388,,,,1,student,4.276000000000067,5.4817393374339,0,-4.8175806625661055,True
58,0.22905275225639343,0.03044776119402985,0.3388568147766236,9.999989867210388,0.3388568147766236,,,,2,teacher,0.0,0.0,0,0.0,False
58,0.22905275225639343,0.03044776119402985,0.3388568147766236,9.999989867210388,0.3388568147766236,,,,2,teacher,4.9650000000001455,6.481569320730356,0,6.134019320730346,False
58,0.845723569393158,0.02208955223880597,0.6667694014205001,9.999989867210388,0.6667694014205001,,,,0,teacher,4.91599999999994,4.764671314110689,0,4.420551314110694,False
58,0.5783308148384094,0.008955223880597015,0.42145554084261455,9.999989867210388,9.999989867210388,,,,3,student,4.9090000000001055,5.0652513582378536,0,4.721621358237846,False
58,0.41231194138526917,0.01572139303482587,0.3687605723297498,9.999989867210388,9.999989867210388,,,,8,student,3.7079999999998563,4.665631189243662,0,-5.593928810756328,True
59,0.197758287191391,0.021890547263681594,0.2768861572335637,9.999989867210388,0.2768861572335637,,,,4,teacher,0.0,0.0,0,0.0,False
59,0.197758287191391,0.021890547263681594,0.2768861572335637,9.999989867210388,0.2768861572335637,,,,4,teacher,5.08400000000006,6.9537845370373645,1,3.59790453703736,False
59,0.7975794672966003,0.01771144278606965,0.6123866872622006,9.999989867210388,9.999989867210388,,,,9,student,4.7560000000000855,3.9035753596331855,1,0.5706553596331796,False
59,0.5448094606399536,0.018109452736318407,0.4631500637309296,9.999989867210388,0.4631500637309296,,,,0,teacher,4.852999999999838,5.265916220908864,0,4.926206220908876,False
59,0.3822818696498871,0.01711442786069652,0.35952817316329766,9.999989867210388,0.35952817316329766,,,,0,teacher,3.2450000000001182,4.304688936394436,0,-5.922461063605572,True
60,0.16899745166301727,0.023283582089552238,0.26725310165554533,9.999989867210388,9.999989867210388,,,,0,student,0.0,0.0,0,0.0,False
60,0.16899745166301727,0.023283582089552238,0.26725310165554533,9.999989867210388,9.999989867210388,,,,0,student,4.927000000000135,0.0,0,-0.34489000000000947,False
60,0.8253198266029358,0.024875621890547265,0.6694651354460248,9.999989867210388,9.999989867210388,,,,5,student,5.125,0.3843947839983102,0,0.02564478399831016,False
60,0.8339633345603943,0.024676616915422885,0.6736156949112,9.999989867210388,0.6736156949112,,,,2,teacher,5.126999999999953,1.800146701420399,1,-1.5587432985795977,False
60,0.812585175037384,0.02228855721393035,0.6479853977434603,9.999989867210388,0.6479853977434603,,,,1,teacher,4.964999999999918,4.203621982282458,1,0.8560719822824638,False
60,0.6889864206314087,0.01890547263681592,0.5544408985255915,9.999989867210388,0.5544408985255915,,,,0,teacher,4.754000000000133,6.186769727164826,1,2.8539897271648167,False
60,0.5425686240196228,0.010746268656716417,0.4131361915891616,9.999989867210388,9.999989867210388,,,,4,student,4.8559999999999945,2.0950089579562485,1,-1.2449110420437512,False
60,0.3018205761909485,0.01691542288557214,0.31001347329032825,9.999989867210388,0.31001347329032825,,,,0,teacher,3.1099999999999,5.2193752617574685,0,-4.998324738242524,True
61,0.19478431344032288,0.02527363184079602,0.2932007528269267,9.999989867210388,0.2932007528269267,,,,0,teacher,0.0,0.0,0,0.0,False
61,0.19478431344032288,0.02527363184079602,0.2932007528269267,9.999989867210388,0.2932007528269267,,,,0,teacher,5.016000000000076,7.052360036767698,0,6.701240036767693,False
61,0.7677344679832458,0.014129353233830846,0.5716225499281853,9.999989867210388,0.5716225499281853,,,,6,teacher,5.015999999999849,5.090373150435345,0,4.739253150435355,False
61,0.4916308522224426,0.00955223880597015,0.3738751547131309,9.999989867210388,0.3738751547131309,,,,0,teacher,4.8680000000001655,4.504870663722549,0,4.164110663722537,False
61,0.31723204255104065,0.014527363184079602,0.3039547598041951,9.999989867210388,0.3039547598041951,,,,6,teacher,2.4269999999999072,0.0,0,-10.169889999999993,True
62,0.10244152694940567,0.02109452736318408,0.2152289181280745,9.999989867210388,9.999989867210388,,,,7,student,0.0,0.0,0,0.0,False
62,0.10244152694940567,0.02109452736318408,0.2152289181280745,9.999989867210388,9.999989867210388,,,,7,student,4.82100000000014,8.212452660864528,0,7.874982660864519,False
62,0.6822332739830017,0.016517412935323383,0.5357681809990944,9.999989867210388,0.5357681809990944,,,,0,teacher,4.883999999999787,2.5936860184486292,2,-3.748193981551356,False
62,0.39961546659469604,0.010348258706467661,0.3244913406375347,9.999989867210388,9.999989867210388,,,,5,student,4.971000000000004,6.648465051588055,0,6.3004950515880545,False
62,0.2938665747642517,0.02746268656716418,0.36363269929396547,9.999989867210388,0.36363269929396547,,,,0,teacher,0.41000000000008185,0.5399368428063301,0,-9.488763157193675,True
63,0.8731973767280579,0.018308457711442787,0.6613872030444881,9.999989867210388,0.6613872030444881,,,,0,teacher,0.0,0.0,0,0.0,False
63,0.8731973767280579,0.018308457711442787,0.6613872030444881,9.999989867210388,0.6613872030444881,,,,0,teacher,4.925999999999931,6.63365162834361,0,6.288831628343615,False
63,0.6671234965324402,0.01711442786069652,0.5304331492928296,9.999989867210388,0.5304331492928296,,,,0,teacher,4.796000000000049,5.271605963458111,0,4.935885963458107,False
63,0.3901042640209198,0.01671641791044776,0.361740083084786,9.999989867210388,0.361740083084786,,,,0,teacher,3.4610000000000127,4.656921016579535,0,-5.585348983420467,True
64,0.17124824225902557,0.022487562189054726,0.26427725210817266,9.999989867210388,9.999989867210388,,,,7,student,0.0,0.0,0,0.0,False
64,0.17124824225902557,0.022487562189054726,0.26427725210817266,9.999989867210388,9.999989867210388,,,,7,student,4.852000000000089,4.731394257279945,4,-7.608245742720062,False
64,0.8167438507080078,0.021492537313432834,0.6460541271957817,9.999989867210388,0.6460541271957817,,,,3,teacher,5.244999999999891,6.815415626884487,1,3.4482656268844947,False
64,0.6103042364120483,0.014925373134328358,0.48240774209724446,9.999989867210388,0.48240774209724446,,,,2,teacher,4.867999999999938,6.426965502524016,0,6.08620550252402,False
64,0.3412315249443054,0.015323383084577114,0.32355000072544604,9.999989867210388,0.32355000072544604,,,,0,teacher,2.5670000000000073,2.48125169275715,0,-7.69843830724285,True
65,0.07627774775028229,0.021492537313432834,0.2017744654211464,9.999989867210388,0.2017744654211464,,,,0,teacher,0.0,0.0,0,0.0,False
65,0.07627774775028229,0.021492537313432834,0.2017744654211464,9.999989867210388,0.2017744654211464,,,,0,teacher,4.90300000000002,8.301217479115477,1,4.958007479115476,False
65,0.6919059157371521,0.01373134328358209,0.5234675335838763,9.999989867210388,0.5234675335838763,,,,1,teacher,4.992999999999938,4.509943016318869,0,4.160433016318873,False
65,0.40621882677078247,0.020895522388059702,0.3963656644224462,9.999989867210388,0.3963656644224462,,,,4,teacher,5.0909999999998945,3.18017488353887,0,2.8238048835388776,False
65,0.2697649598121643,0.01711442786069652,0.29201802726066406,9.999989867210388,0.29201802726066406,,,,3,teacher,1.6330000000000382,3.108537952961779,0,-7.005772047038224,True
66,0.036574725061655045,0.02308457711442786,0.1867252991299792,9.999989867210388,9.999989867210388,,,,0,student,0.0,0.0,0,0.0,False
66,0.036574725061655045,0.02308457711442786,0.1867252991299792,9.999989867210388,9.999989867210388,,,,0,student,4.766000000000076,8.403240104771363,0,8.069620104771358,False
66,0.6444228887557983,0.015920398009950248,0.509299532386345,9.999989867210388,0.509299532386345,,,,4,teacher,4.802999999999884,6.406967058151508,1,3.070757058151516,False
66,0.3264066278934479,0.018308457711442787,0.33331275374372205,9.999989867210388,0.33331275374372205,,,,2,teacher,2.1140000000000327,2.4439840349728574,0,-7.703995965027145,True
67,0.069551981985569,0.02228855721393035,0.20216548191237135,9.999989867210388,0.20216548191237135,,,,1,teacher,0.0,0.0,0,0.0,False
67,0.069551981985569,0.02228855721393035,0.20216548191237135,9.999989867210388,0.20216548191237135,,,,1,teacher,5.114000000000033,7.394010200725258,2,1.0360302007252562,False
67,0.6682480573654175,0.0191044776119403,0.5431804203387328,9.999989867210388,0.5431804203387328,,,,4,teacher,4.985000000000127,0.6807169316787114,3,-8.668233068321298,False
67,0.42885375022888184,0.012139303482587065,0.3547580102000277,9.999989867210388,0.3547580102000277,,,,1,teacher,4.779999999999973,4.9013610782873664,1,1.5667610782873682,False
67,0.4085499942302704,0.016318407960199004,0.3703031737520789,9.999989867210388,0.3703031737520789,,,,7,teacher,3.1299999999998818,4.530163947567836,0,-5.688936052432156,True
68,0.16248448193073273,0.02527363184079602,0.2738208539211726,9.999989867210388,0.2738208539211726,,,,0,teacher,0.0,0.0,0,0.0,False
68,0.16248448193073273,0.02527363184079602,0.2738208539211726,9.999989867210388,0.2738208539211726,,,,0,teacher,5.000999999999976,7.239918539090532,0,6.889848539090533,False
68,0.7605801224708557,0.012338308457711443,0.555175494499936,9.999989867210388,0.555175494499936,,,,0,teacher,4.849999999999909,5.871132912239626,0,5.531632912239632,False
68,0.4829646050930023,0.011144278606965175,0.3802205570388595,9.999989867210388,9.999989867210388,,,,6,student,4.817000000000007,6.543293872047009,0,-3.7938961279529915,True
69,0.2434256374835968,0.027064676616915424,0.33141221036377244,9.999989867210388,9.999989867210388,,,,9,student,0.0,0.0,0,0.0,False
69,0.2434256374835968,0.027064676616915424,0.33141221036377244,9.999989867210388,9.999989867210388,,,,9,student,5.085000000000036,1.352258369972489,0,0.9963083699724864,False
69,0.8591140508651733,0.025472636815920397,0.6928200183436182,9.999989867210388,0.6928200183436182,,,,4,teacher,5.082999999999856,0.7281809339758709,0,0.37237093397588095,False
69,0.8214260935783386,0.022686567164179106,0.6554729809463987,9.999989867210388,9.999989867210388,,,,8,student,4.80600000000004,5.655044038320561,2,-0.6813759616794419,False
69,0.7930405139923096,0.016517412935323383,0.6022525250046791,9.999989867210388,0.6022525250046791,,,,5,teacher,4.8689999999999145,4.070797948067904,1,0.7299679480679098,False
69,0.5393397808074951,0.011144278606965175,0.41404566246755525,9.999989867210388,0.41404566246755525,,,,0,teacher,4.792000000000144,2.4730614478654935,2,-3.8623785521345164,False
69,0.4110811948776245,0.01472636815920398,0.3615720703681026,9.999989867210388,0.3615720703681026,,,,0,teacher,4.80600000000004,0.9779020851455931,0,0.6414820851455902,False
69,0.30921420454978943,0.02109452736318408,0.33929252468830473,9.999989867210388,0.33929252468830473,,,,0,teacher,4.805999999999813,1.7906450497652022,1,-1.5457749502347846,False
69,0.2719283699989319,0.01990049751243781,0.310065010541664,9.999989867210388,9.999989867210388,,,,3,student,2.04300000000012,3.9412113550961125,0,-6.201798644903896,True
70,0.10559149086475372,0.02228855721393035,0.2237891872398822,9.999989867210388,9.999989867210388,,,,9,student,0.0,0.0,0,0.0,False
70,0.10559149086475372,0.02228855721393035,0.2237891872398822,9.999989867210388,9.999989867210388,,,,9,student,4.9650000000001455,7.680117911988718,0,7.332567911988708,False
70,0.6452029943466187,0.01711442786069652,0.5172808479813367,9.999989867210388,0.5172808479813367,,,,1,teacher,4.807999999999993,6.223529677321469,0,5.88696967732147,False
70,0.3775739371776581,0.02109452736318408,0.3803083642650259,9.999989867210388,9.999989867210388,,,,0,student,2.6779999999998836,3.701088114923738,0,-6.486371885076254,True
71,0.11933024227619171,0.021293532338308458,0.2264866222752246,9.999989867210388,0.2264866222752246,,,,1,teacher,0.0,0.0,0,0.0,False
71,0.11933024227619171,0.021293532338308458,0.2264866222752246,9.999989867210388,0.2264866222752246,,,,1,teacher,4.927999999999884,8.342711687958598,1,4.997751687958607,False
71,0.707443356513977,0.01472636815920398,0.5393893673499142,9.999989867210388,9.999989867210388,,,,2,student,4.811000000000149,5.917990402644286,1,2.581220402644276,False
71,0.40376678109169006,0.014527363184079602,0.3558756029285848,9.999989867210388,9.999989867210388,,,,7,student,4.197999999999865,5.072070059068301,0,-5.221789940931689,True
72,0.18642397224903107,0.030646766169154228,0.3141863696227661,9.999989867210388,0.3141863696227661,,,,0,teacher,0.0,0.0,0,0.0,False
72,0.18642397224903107,0.030646766169154228,0.3141863696227661,9.999989867210388,0.3141863696227661,,,,0,teacher,4.927000000000135,6.734539227074139,0,6.38964922707413,False
72,0.8343380689620972,0.02666666666666667,0.6839857554858237,9.999989867210388,9.999989867210388,,,,1,student,5.014999999999873,6.567307695317437,0,6.216257695317446,False
72,0.5656939744949341,0.008955223880597015,0.41387343663652937,9.999989867210388,0.41387343663652937,,,,0,teacher,4.814000000000078,6.148089600421308,0,5.811109600421302,False
72,0.3041936755180359,0.022686567164179106,0.3451335301102171,9.999989867210388,0.3451335301102171,,,,2,teacher,1.4839999999999236,1.1992441597140762,0,-8.904635840285918,True
73,0.05379506200551987,0.02109452736318408,0.18604103916174303,9.999989867210388,9.999989867210388,,,,6,student,0.0,0.0,0,0.0,False
73,0.05379506200551987,0.02109452736318408,0.18604103916174303,9.999989867210388,9.999989867210388,,,,6,student,4.8409999999998945,0.20703567531606026,0,-0.13183432468393236,False
73,0.8286194205284119,0.02447761194029851,0.6693690505094412,9.999989867210388,0.6693690505094412,,,,0,teacher,5.287000000000035,0.6899756160030002,0,0.3198856160029977,False
73,0.8179299831390381,0.023482587064676617,0.65768188175736,9.999989867210388,9.999989867210388,,,,3,student,5.030999999999949,6.342572292534619,2,-0.009597707465377248,False
73,0.7686876058578491,0.017512437810945275,0.5938305287851764,9.999989867210388,0.5938305287851764,,,,5,teacher,5.050000000000182,6.119566471490465,0,5.766066471490452,False
73,0.5089325308799744,0.010149253731343283,0.3886352084265003,9.999989867210388,0.3886352084265003,,,,0,teacher,4.92899999999986,5.343101883764509,0,4.998071883764518,False
73,0.27794575691223145,0.021691542288557214,0.3238894991403572,9.999989867210388,0.3238894991403572,,,,2,teacher,1.5879999999999654,1.2111797049181134,0,-8.899980295081884,True
74,0.040705323219299316,0.02109452736318408,0.1781871958900107,9.999989867210388,0.1781871958900107,,,,1,teacher,0.0,0.0,0,0.0,False
74,0.040705323219299316,0.02109452736318408,0.1781871958900107,9.999989867210388,0.1781871958900107,,,,1,teacher,4.903999999999996,3.9569761670127175,1,0.6136961670127179,False
74,0.6927971839904785,0.020895522388059702,0.5683126787542638,9.999989867210388,0.5683126787542638,,,,0,teacher,5.02599999999984,6.738031957349122,1,3.3862119573491336,False
74,0.5223393440246582,0.009950248756218905,0.3952262901526751,9.999989867210388,0.3952262901526751,,,,1,teacher,4.787000000000035,2.246398588259952,1,-1.0886914117400504,False
74,0.29138699173927307,0.014129353233830846,0.28581406418180166,9.999989867210388,0.28581406418180166,,,,3,teacher,2.4149999999999636,4.644105653598357,0,-5.52494434640164,True
75,0.11029958724975586,0.021890547263681594,0.22441093726858263,9.999989867210388,0.22441093726858263,,,,0,teacher,0.0,0.0,0,0.0,False
75,0.11029958724975586,0.021890547263681594,0.22441093726858263,9.999989867210388,0.22441093726858263,,,,0,teacher,4.898999999999887,6.773718171587737,1,3.4307881715877446,False
75,0.7255337834358215,0.016318407960199004,0.5604934472754096,9.999989867210388,0.5604934472754096,,,,2,teacher,4.9939999999999145,2.031797100171863,0,1.6822171001718689,False
75,0.45010069012641907,0.02208955223880597,0.42939567386045674,9.999989867210388,0.42939567386045674,,,,6,teacher,4.791000000000167,0.5533692015896747,1,-2.782000798410337,False
75,0.38289475440979004,0.009950248756218905,0.31155953638375417,9.999989867210388,0.31155953638375417,,,,0,teacher,4.808999999999969,1.4679088054883938,0,1.131278805488396,False
75,0.37991368770599365,0.008955223880597015,0.3024052645631651,9.999989867210388,0.3024052645631651,,,,2,teacher,4.777000000000044,3.3073082415808255,2,-3.0270817584191776,False
75,0.3178047239780426,0.02208955223880597,0.3500180941714309,9.999989867210388,0.3500180941714309,,,,1,teacher,3.7349999999999,4.6176321820314215,0,-5.643817817968571,True
76,0.1785183846950531,0.022686567164179106,0.2697283556164274,9.999989867210388,0.2697283556164274,,,,0,teacher,0.0,0.0,0,0.0,False
76,0.1785183846950531,0.022686567164179106,0.2697283556164274,9.999989867210388,0.2697283556164274,,,,0,teacher,4.961000000000013,0.7621222475641112,3,-8.58514775243589,False
76,0.8056836724281311,0.018109452736318407,0.619674590803836,9.999989867210388,0.619674590803836,,,,1,teacher,4.858999999999924,0.0,0,-0.34012999999999466,False
76,0.8196862936019897,0.023880597014925373,0.6608595639237429,9.999989867210388,0.6608595639237429,,,,0,teacher,5.065000000000055,0.24601132492691846,1,-3.1085386750730852,False
76,0.8263128399848938,0.02308457711442786,0.6605681680839224,9.999989867210388,0.6605681680839224,,,,2,teacher,4.780999999999949,0.9329499185860577,0,0.5982799185860612,False
76,0.814574658870697,0.02009950248756219,0.6368085678665121,9.999989867210388,0.6368085678665121,,,,5,teacher,5.05600000000004,7.535763767814622,1,4.181843767814619,False
76,0.7261418700218201,0.01572139303482587,0.5570585295116803,9.999989867210388,0.5570585295116803,,,,6,teacher,4.913999999999987,5.140083370066177,1,1.7961033700661782,False
76,0.4390697181224823,0.010149253731343283,0.3467175207720051,9.999989867210388,0.3467175207720051,,,,0,teacher,4.844000000000051,6.237233073174327,0,-4.101846926825677,True
77,0.2535858154296875,0.03402985074626866,0.3692810390431285,9.999989867210388,0.3692810390431285,,,,2,teacher,0.0,0.0,0,0.0,False
77,0.2535858154296875,0.03402985074626866,0.3692810390431285,9.999989867210388,0.3692810390431285,,,,2,teacher,4.884999999999991,5.4240667030084495,0,5.08211670300845,False
77,0.876461386680603,0.0191044776119403,0.668108417927844,9.999989867210388,0.668108417927844,,,,1,teacher,4.8940000000000055,6.429558163624183,1,3.086978163624182,False
77,0.6417409777641296,0.01472636815920398,0.4999679401000057,9.999989867210388,0.4999679401000057,,,,0,teacher,4.779999999999973,3.334245611521938,0,2.99964561152194,False
77,0.364084929227829,0.010746268656716417,0.3060459747140853,9.999989867210388,0.3060459747140853,,,,0,teacher,4.43100000000004,6.137770238688471,0,-4.172399761311532,True
78,0.24762846529483795,0.028059701492537312,0.33879035558803544,9.999989867210388,0.33879035558803544,,,,2,teacher,0.0,0.0,0,0.0,False
78,0.24762846529483795,0.028059701492537312,0.33879035558803544,9.999989867210388,0.33879035558803544,,,,2,teacher,4.8409999999998945,6.12240956826512,0,5.783539568265127,False
78,0.8514730334281921,0.021492537313432834,0.6668916368278923,9.999989867210388,0.6668916368278923,,,,1,teacher,4.759999999999991,3.307557361674471,3,-6.025642638325529,False
78,0.5984390377998352,0.017512437810945275,0.4916813879503681,9.999989867210388,0.4916813879503681,,,,0,teacher,4.7970000000000255,4.771995929733641,1,1.4362059297336387,False
78,0.4215291142463684,0.01373134328358209,0.36124145268940605,9.999989867210388,9.999989867210388,,,,9,student,4.7690000000000055,6.5473145923955025,2,0.21348459239550177,False
78,0.28203877806663513,0.032039800995024875,0.3777881139416893,9.999989867210388,0.3777881139416893,,,,1,teacher,0.4410000000000309,0.6922098459032284,0,-9.338660154096774,True
79,0.8783578276634216,0.018507462686567163,0.6656823632338509,9.999989867210388,0.6656823632338509,,,,0,teacher,0.0,0.0,0,0.0,False
79,0.8783578276634216,0.018507462686567163,0.6656823632338509,9.999989867210388,0.6656823632338509,,,,0,teacher,4.898999999999887,5.448688487193014,0,5.105758487193022,False
79,0.6256551742553711,0.014328358208955224,0.48769481990053787,9.999989867210388,9.999989867210388,,,,1,student,4.7650000000001,5.30468564369161,0,4.971135643691603,False
79,0.4155082702636719,0.01890547263681592,0.3903540083049495,9.999989867210388,0.3903540083049495,,,,2,teacher,3.7639999999998963,5.125523432621183,0,-5.13795656737881,True
80,0.19878147542476654,0.023482587064676617,0.286192777128797,9.999989867210388,0.286192777128797,,,,7,teacher,0.0,0.0,0,0.0,False
80,0.19878147542476654,0.023482587064676617,0.286192777128797,9.999989867210388,0.286192777128797,,,,7,teacher,4.9930000000001655,0.3503770941794002,0,0.0008670941793885723,False
80,0.8268855810165405,0.02507462686567164,0.6714354044249056,9.999989867210388,0.6714354044249056,,,,3,teacher,4.793999999999869,0.2383183861206426,0,-0.09726161387934829,False
80,0.8258263468742371,0.025671641791044777,0.6738641545236939,9.999989867210388,0.6738641545236939,,,,7,teacher,4.981999999999971,1.0429299166629882,0,0.6941899166629901,False
80,0.8180513978004456,0.020895522388059702,0.643465207040244,9.999989867210388,0.643465207040244,,,,3,teacher,4.779999999999973,6.599300211027185,1,3.2647002110271863,False
80,0.7546352744102478,0.014527363184079602,0.5663966989197193,9.999989867210388,0.5663966989197193,,,,0,teacher,4.992000000000189,3.1354424591214123,0,2.786002459121399,False
80,0.48754236102104187,0.00835820895522388,0.3624814950936725,9.999989867210388,0.3624814950936725,,,,0,teacher,4.69399999999996,3.1491093195549205,0,2.8205293195549235,False
80,0.3795927166938782,0.014527363184079602,0.3413711642898976,9.999989867210388,0.3413711642898976,,,,2,teacher,4.6749999999999545,6.2559723937008425,1,-7.071277606299154,True
81,0.23326173424720764,0.024875621890547265,0.31423028003258796,9.999989867210388,9.999989867210388,,,,9,student,0.0,0.0,0,0.0,False
81,0.23326173424720764,0.024875621890547265,0.31423028003258796,9.999989867210388,9.999989867210388,,,,9,student,5.108999999999924,5.278040554440157,0,4.920410554440162,False
81,0.859767735004425,0.021492537313432834,0.6718684577736321,9.999989867210388,0.6718684577736321,,,,4,teacher,5.0460000000002765,6.408892455235575,1,3.0556724552355554,False
81,0.6558709740638733,0.015522388059701492,0.5136177630718817,9.999989867210388,0.5136177630718817,,,,5,teacher,4.721999999999753,5.977823554666178,0,5.6472835546661955,False
81,0.3744697868824005,0.021691542288557214,0.38180391712245865,9.999989867210388,9.999989867210388,,,,4,student,2.842999999999847,0.0,0,-10.199009999999989,True
82,0.1361621469259262,0.023482587064676617,0.2486211800294928,9.999989867210388,9.999989867210388,,,,1,student,0.0,0.0,0,0.0,False
82,0.1361621469259262,0.023482587064676617,0.2486211800294928,9.999989867210388,9.999989867210388,,,,1,student,4.961999999999989,7.475717711627732,0,7.128377711627733,False
82,0.7443451285362244,0.014925373134328358,0.5628322773717501,9.999989867210388,0.5628322773717501,,,,4,teacher,4.851000000000113,6.1353052531450984,0,5.79573525314509,False
82,0.4510403275489807,0.014328358208955224,0.3829259118767036,9.999989867210388,0.3829259118767036,,,,1,teacher,4.121999999999844,5.541970553326935,0,-4.746569446673054,True
83,0.21037481725215912,0.023880597014925373,0.2952726781138445,9.999989867210388,9.999989867210388,,,,6,student,0.0,0.0,0,0.0,False
83,0.21037481725215912,0.023880597014925373,0.2952726781138445,9.999989867210388,9.999989867210388,,,,6,student,4.94399999999996,6.587164802688232,0,6.241084802688235,False
83,0.8289921283721924,0.02447761194029851,0.6695926752157095,9.999989867210388,0.6695926752157095,,,,2,teacher,4.967000000000098,6.365659427146522,1,3.0179694271465145,False
83,0.5699910521507263,0.014129353233830846,0.4529765004286736,9.999989867210388,0.4529765004286736,,,,0,teacher,4.7159999999998945,3.363491690761956,0,3.033371690761963,False
83,0.3191353976726532,0.023283582089552238,0.3573358692613269,9.999989867210388,9.999989867210388,,,,3,student,3.5820000000003347,4.589381858437815,0,-5.661358141562208,True
84,0.19781024754047394,0.024875621890547265,0.2929593880085477,9.999989867210388,0.2929593880085477,,,,0,teacher,0.0,0.0,0,0.0,False
84,0.19781024754047394,0.024875621890547265,0.2929593880085477,9.999989867210388,0.2929593880085477,,,,0,teacher,4.9210000000002765,0.4862819759600221,1,-2.8581880240399973,False
84,0.8225715160369873,0.024676616915422885,0.666780603797156,9.999989867210388,0.666780603797156,,,,0,teacher,4.6720000000000255,0.1066892579099914,0,-0.22035074209001043,False
84,0.8226233720779419,0.02228855721393035,0.6540083159677951,9.999989867210388,0.6540083159677951,,,,4,teacher,5.0349999999998545,1.8933397576983886,0,1.5408897576983986,False
84,0.8104645013809204,0.019502487562189055,0.6308591901996671,9.999989867210388,0.6308591901996671,,,,0,teacher,4.733000000000175,8.08329210207802,0,7.751982102078008,False
84,0.677553117275238,0.01691542288557214,0.535452997940902,9.999989867210388,0.535452997940902,,,,0,teacher,4.932999999999993,5.994500063147129,0,5.649190063147129,False
84,0.38425183296203613,0.02009950248756219,0.37861487232131547,9.999989867210388,0.37861487232131547,,,,2,teacher,3.0450000000000728,3.7996461169299325,0,-6.413503883070073,True
85,0.15217745304107666,0.02208955223880597,0.25064173160925135,9.999989867210388,0.25064173160925135,,,,0,teacher,0.0,0.0,0,0.0,False
85,0.15217745304107666,0.02208955223880597,0.25064173160925135,9.999989867210388,0.25064173160925135,,,,0,teacher,4.962999999999738,3.9319768196074154,0,3.5845668196074336,False
85,0.7551888227462769,0.01890547263681592,0.5941623397945125,9.999989867210388,0.5941623397945125,,,,0,teacher,4.985999999999876,4.945230866993166,3,-4.403789133006826,False
85,0.618940532207489,0.015323383084577114,0.4901754050833562,9.999989867210388,0.4901754050833562,,,,0,teacher,4.822000000000116,5.986452539464998,0,5.648912539464989,False
85,0.40670132637023926,0.018507462686567163,0.38268846245794136,9.999989867210388,0.38268846245794136,,,,2,teacher,3.4099999999998545,4.767539050055603,0,-5.4711609499443865,True
86,0.16857361793518066,0.023681592039800994,0.2691324409037373,9.999989867210388,0.2691324409037373,,,,0,teacher,0.0,0.0,0,0.0,False
86,0.16857361793518066,0.023681592039800994,0.2691324409037373,9.999989867210388,0.2691324409037373,,,,0,teacher,4.864000000000033,6.833649119719039,0,6.493169119719037,False
86,0.7962650060653687,0.01791044776119403,0.6128134760609522,9.999989867210388,0.6128134760609522,,,,5,teacher,4.885000000000218,6.75671464188526,0,6.414764641885245,False
86,0.5255380868911743,0.008955223880597015,0.3897799040742735,9.999989867210388,9.999989867210388,,,,4,student,4.7840000000001055,2.048823462298671,0,1.7139434622986636,False
86,0.25518450140953064,0.02945273631840796,0.3499389648165466,9.999989867210388,9.999989867210388,,,,0,student,2.11200000000008,4.086006374323893,0,-6.061833625676113,True
87,0.11273525655269623,0.020895522388059702,0.22027552229159447,9.999989867210388,0.22027552229159447,,,,0,teacher,0.0,0.0,0,0.0,False
87,0.11273525655269623,0.020895522388059702,0.22027552229159447,9.999989867210388,0.22027552229159447,,,,0,teacher,4.880999999999858,7.098162309664497,1,3.756492309664507,False
87,0.7035210132598877,0.014129353233830846,0.5330944770941703,9.999989867210388,9.999989867210388,,,,4,student,5.086999999999989,3.1493980844142957,6,-15.206691915585704,False
87,0.43574222922325134,0.008756218905472637,0.3344089268816206,9.999989867210388,0.3344089268816206,,,,1,teacher,4.855000000000018,5.449771531344325,1,2.109921531344324,False
87,0.2962244153022766,0.024875621890547265,0.3520078886656294,9.999989867210388,9.999989867210388,,,,1,student,1.9270000000001346,2.138856851588137,0,-7.996033148411872,True
88,0.062106139957904816,0.02228855721393035,0.19769797669577285,9.999989867210388,0.19769797669577285,,,,2,teacher,0.0,0.0,0,0.0,False
88,0.062106139957904816,0.02228855721393035,0.19769797669577285,9.999989867210388,0.19769797669577285,,,,2,teacher,5.225999999999658,0.0,0,-0.3658199999999761,False
88,0.8245189785957336,0.02646766169154229,0.6771005475493516,9.999989867210388,0.6771005475493516,,,,5,teacher,5.082000000000335,0.3459093769179198,0,-0.009830623082103696,False
88,0.8226334452629089,0.02407960199004975,0.6636825340883509,9.999989867210388,0.6636825340883509,,,,1,teacher,5.1479999999996835,1.525979009453664,2,-4.834380990546314,False
88,0.8030701279640198,0.022487562189054726,0.6433703835311692,9.999989867210388,9.999989867210388,,,,4,student,5.075000000000273,6.770303340747873,1,3.4150533407478534,False
88,0.7189985513687134,0.01472636815920398,0.5463224842627559,9.999989867210388,0.5463224842627559,,,,5,teacher,4.768999999999778,6.054535137946001,1,2.720705137946016,False
88,0.4615689814090729,0.012139303482587065,0.3743871489081423,9.999989867210388,9.999989867210388,,,,5,student,4.083000000000084,5.340930385856684,0,-4.944879614143322,True
89,0.21534718573093414,0.025472636815920397,0.3065598992630747,9.999989867210388,0.3065598992630747,,,,2,teacher,0.0,0.0,0,0.0,False
89,0.21534718573093414,0.025472636815920397,0.3065598992630747,9.999989867210388,0.3065598992630747,,,,2,teacher,4.885999999999967,6.657557365461528,1,3.3155373654615303,False
89,0.8253776431083679,0.023482587064676617,0.6621504777389577,9.999989867210388,0.6621504777389577,,,,2,teacher,4.8969999999999345,5.902286410342919,2,-0.4405035896570766,False
89,0.5682538747787476,0.012935323383084577,0.44388698645499436,9.999989867210388,0.44388698645499436,,,,3,teacher,4.800999999999931,5.720263149080699,0,5.384193149080704,False
89,0.33064576983451843,0.02009950248756219,0.34645123444480486,9.999989867210388,0.34645123444480486,,,,0,teacher,2.2090000000002874,2.4360157678568335,0,-7.718614232143187,True
90,0.09337291866540909,0.020298507462686566,0.20523802967787158,9.999989867210388,0.20523802967787158,,,,1,teacher,0.0,0.0,0,0.0,False
90,0.09337291866540909,0.020298507462686566,0.20523802967787158,9.999989867210388,0.20523802967787158,,,,1,teacher,4.975000000000364,8.695561998201807,0,8.347311998201782,False
90,0.6597079634666443,0.018507462686567163,0.5344924447157844,9.999989867210388,0.5344924447157844,,,,0,teacher,4.735999999999876,4.63002969727041,0,4.298509697270418,False
90,0.3574337065219879,0.023681592039800994,0.38244849405582165,9.999989867210388,9.999989867210388,,,,2,student,4.052000000000135,4.799768815804038,1,-8.483871184195971,True
91,0.20023539662361145,0.020895522388059702,0.2727756063341436,9.999989867210388,0.2727756063341436,,,,0,teacher,0.0,0.0,0,0.0,False
91,0.20023539662361145,0.020895522388059702,0.2727756063341436,9.999989867210388,0.2727756063341436,,,,0,teacher,5.0210000000001855,3.9643013126220232,0,3.6128313126220104,False
91,0.8253547549247742,0.02308457711442786,0.6599933170478507,9.999989867210388,0.6599933170478507,,,,9,teacher,5.2159999999998945,4.721136791457571,3,-4.643983208542422,False
91,0.6975216865539551,0.013930348258706468,0.5281689799279162,9.999989867210388,0.5281689799279162,,,,6,teacher,4.979000000000269,6.205829714389841,2,-0.14270028561017778,False
91,0.5005103349685669,0.00736318407960199,0.36262194220707866,9.999989867210388,0.36262194220707866,,,,5,teacher,4.493999999999687,0.0,0,-10.314579999999978,True
92,0.24201057851314545,0.03044776119402985,0.3466315105306748,9.999989867210388,0.3466315105306748,,,,0,teacher,0.0,0.0,0,0.0,False
92,0.24201057851314545,0.03044776119402985,0.3466315105306748,9.999989867210388,0.3466315105306748,,,,0,teacher,4.8539999999998145,1.283285337143127,0,0.9435053371431399,False
92,0.8522290587425232,0.02407960199004975,0.6814399021761194,9.999989867210388,0.6814399021761194,,,,2,teacher,4.941000000000258,0.0,1,-3.3458700000000183,False
92,0.8279029130935669,0.02527363184079602,0.6730719126188731,9.999989867210388,9.999989867210388,,,,6,student,4.974999999999909,0.5357103721000662,0,0.18746037210007255,False
92,0.8207526206970215,0.021293532338308458,0.6473400493277224,9.999989867210388,0.6473400493277224,,,,5,teacher,4.983999999999924,5.472090217494475,1,2.1232102174944805,False
92,0.7961325645446777,0.02208955223880597,0.637014798511412,9.999989867210388,0.637014798511412,,,,0,teacher,5.027000000000044,2.429193902638234,0,2.077303902638231,False
92,0.5519299507141113,0.008955223880597015,0.4056150223680357,9.999989867210388,9.999989867210388,,,,7,student,4.777000000000044,7.2102843751358305,1,3.875894375135827,False
92,0.4081144630908966,0.014925373134328358,0.36109387810455346,9.999989867210388,0.36109387810455346,,,,4,teacher,3.550999999999931,4.690942535545055,0,-5.55762746445494,True
93,0.17700281739234924,0.023880597014925373,0.2752494781979586,9.999989867210388,9.999989867210388,,,,5,student,0.0,0.0,0,0.0,False
93,0.17700281739234924,0.023880597014925373,0.2752494781979586,9.999989867210388,9.999989867210388,,,,5,student,4.935999999999694,5.168269128249001,1,1.822749128249023,False
93,0.7865926027297974,0.01691542288557214,0.6008766892136375,9.999989867210388,0.6008766892136375,,,,0,teacher,5.076000000000022,4.830032641479008,1,1.4747126414790062,False
93,0.6241207718849182,0.010746268656716417,0.46206748030833883,9.999989867210388,9.999989867210388,,,,7,student,4.7840000000001055,5.576933598894078,0,5.242053598894071,False
93,0.40241745114326477,0.016517412935323383,0.36787868729525225,9.999989867210388,9.999989867210388,,,,0,student,3.3720000000002983,4.751026807640926,0,-5.485013192359094,True
94,0.1745871752500534,0.022885572139303482,0.2684536748259191,9.999989867210388,0.2684536748259191,,,,1,teacher,0.0,0.0,0,0.0,False
94,0.1745871752500534,0.022885572139303482,0.2684536748259191,9.999989867210388,0.2684536748259191,,,,1,teacher,5.247000000000298,9.05685576361949,2,2.68956576361947,False
94,0.7398630976676941,0.016517412935323383,0.5703460752099099,9.999989867210388,0.5703460752099099,,,,2,teacher,4.783999999999651,5.67330040617782,0,5.338420406177844,False
94,0.4226773977279663,0.018109452736318407,0.38987082598373723,9.999989867210388,0.38987082598373723,,,,0,teacher,3.4100000000003092,4.717841638824285,0,-5.520858361175737,True
95,0.18884167075157166,0.023283582089552238,0.279159633108678,9.999989867210388,0.279159633108678,,,,0,teacher,0.0,0.0,0,0.0,False
95,0.18884167075157166,0.023283582089552238,0.279159633108678,9.999989867210388,0.279159633108678,,,,0,teacher,4.753999999999905,5.1642379883551826,0,4.831457988355189,False
95,0.7647854089736938,0.018308457711442787,0.5963400223918697,9.999989867210388,0.5963400223918697,,,,3,teacher,4.999000000000251,5.289775054396161,1,1.9398450543961436,False
95,0.5709688067436218,0.014328358208955224,0.4548829993934883,9.999989867210388,0.4548829993934883,,,,8,teacher,4.905999999999949,2.6928097562292566,1,-0.65061024377074,False
95,0.35436081886291504,0.016119402985074627,0.3365288715107613,9.999989867210388,0.3365288715107613,,,,3,teacher,4.898999999999887,1.9541827660395965,2,-4.3887472339603955,False
95,0.2572685480117798,0.03343283582089552,0.3689623023896459,9.999989867210388,9.999989867210388,,,,4,student,3.7710000000001855,4.006272035570273,1,-9.25769796442974,True
96,0.2136586755514145,0.02407960199004975,0.2982976722614542,9.999989867210388,0.2982976722614542,,,,2,teacher,0.0,0.0,0,0.0,False
96,0.2136586755514145,0.02407960199004975,0.2982976722614542,9.999989867210388,0.2982976722614542,,,,2,teacher,5.079000000000178,0.5113929203225318,0,0.1558629203225193,False
96,0.8294702172279358,0.026069651741293533,0.6780700855309029,9.999989867210388,0.6780700855309029,,,,1,teacher,4.962999999999738,0.6443635106813907,0,0.29695351068140907,False
96,0.8219623565673828,0.020497512437810946,0.6435369443894459,9.999989867210388,0.6435369443894459,,,,8,teacher,4.568000000000211,3.123358986535038,0,2.8035989865350235,False
96,0.7881380319595337,0.028855721393034824,0.6669020203273203,9.999989867210388,0.6669020203273203,,,,3,teacher,5.375,6.90872127029203,2,0.5324712702920307,False
96,0.669343113899231,0.015124378109452736,0.5191269703122796,9.999989867210388,0.5191269703122796,,,,2,teacher,4.66399999999976,5.68956757646245,0,5.363087576462466,False
96,0.3761369585990906,0.021492537313432834,0.3816899919304314,9.999989867210388,0.3816899919304314,,,,1,teacher,2.769000000000233,3.5218595702707995,0,-6.671970429729217,True
97,0.14167457818984985,0.021293532338308458,0.2398932238234195,9.999989867210388,0.2398932238234195,,,,2,teacher,0.0,0.0,0,0.0,False
97,0.14167457818984985,0.021293532338308458,0.2398932238234195,9.999989867210388,0.2398932238234195,,,,2,teacher,4.963999999999942,6.995045929091429,0,6.647565929091433,False
97,0.7267793416976929,0.014129353233830846,0.5470494741568535,9.999989867210388,9.999989867210388,,,,6,student,4.988000000000284,6.200165571049756,1,2.851005571049736,False
97,0.45314908027648926,0.012736318407960199,0.3734612911980012,9.999989867210388,0.3734612911980012,,,,2,teacher,4.289999999999964,5.4058968005533945,0,-4.894403199446603,True
98,0.21823173761367798,0.021890547263681594,0.2891702274869359,9.999989867210388,0.2891702274869359,,,,0,teacher,0.0,0.0,0,0.0,False
98,0.21823173761367798,0.021890547263681594,0.2891702274869359,9.999989867210388,0.2891702274869359,,,,0,teacher,4.802999999999884,6.35556786146169,1,3.019357861461698,False
98,0.8373554944992065,0.023880597014925373,0.671461084462073,9.999989867210388,0.671461084462073,,,,1,teacher,4.72400000000016,7.1491960383056,0,6.818516038305589,False
98,0.5614834427833557,0.00855721393034826,0.4083533410087088,9.999989867210388,0.4083533410087088,,,,0,teacher,4.842000000000098,6.283315576181149,1,2.944375576181142,False
98,0.2820747196674347,0.028656716417910448,0.3623190743234532,9.999989867210388,0.3623190743234532,,,,1,teacher,1.4789999999998145,1.0293396452507286,0,-9.074190354749259,True
99,0.04020875692367554,0.019701492537313434,0.16987215641377487,9.999989867210388,0.16987215641377487,,,,1,teacher,0.0,0.0,0,0.0,False
99,0.04020875692367554,0.019701492537313434,0.16987215641377487,9.999989867210388,0.16987215641377487,,,,1,teacher,4.9529999999999745,5.262017118987723,3,-4.084692881012275,False
99,0.6533618569374084,0.018507462686567163,0.5306847807982429,9.999989867210388,9.999989867210388,,,,7,student,4.807999999999993,6.322059400682687,0,5.985499400682688,False
99,0.45744600892066956,0.01472636815920398,0.38939095879392965,9.999989867210388,0.38939095879392965,,,,3,teacher,3.819999999999709,5.057451758985084,0,-5.209948241014896,True
100,0.2073287069797516,0.022487562189054726,0.28592553094060824,9.999989867210388,0.28592553094060824,,,,1,teacher,0.0,0.0,0,0.0,False
100,0.2073287069797516,0.022487562189054726,0.28592553094060824,9.999989867210388,0.28592553094060824,,,,1,teacher,5.114000000000033,0.5810509265447585,3,-8.776929073455245,False
100,0.8036465644836426,0.02009950248756219,0.6302517112342794,9.999989867210388,0.6302517112342794,,,,4,teacher,4.8400000000001455,0.0,1,-3.33880000000001,False
100,0.8108931183815002,0.02208955223880597,0.6458711308135054,9.999989867210388,0.6458711308135054,,,,7,teacher,5.41800000000012,3.6069770269312045,2,-2.772282973068804,False
100,0.821125328540802,0.01890547263681592,0.6337242432712276,9.999989867210388,0.6337242432712276,,,,2,teacher,4.877999999999702,0.8722959008418769,0,0.5308359008418977,False
100,0.6589882373809814,0.013532338308457712,0.5023788320998731,9.999989867210388,0.5023788320998731,,,,8,teacher,4.79300000000012,6.178716576505403,0,5.843206576505395,False
100,0.6397272348403931,0.016318407960199004,0.5090095181181525,9.999989867210388,0.5090095181181525,,,,3,teacher,4.63799999999992,5.192736235015231,0,4.868076235015237,False
100,0.3652167320251465,0.015522388059701492,0.33922521784864557,9.999989867210388,0.33922521784864557,,,,0,teacher,3.175999999999931,4.522265504404489,0,-5.700054495595507,True
101,0.15620525181293488,0.024875621890547265,0.2679963905720243,9.999989867210388,0.2679963905720243,,,,3,teacher,0.0,0.0,0,0.0,False
101,0.15620525181293488,0.024875621890547265,0.2679963905720243,9.999989867210388,0.2679963905720243,,,,3,teacher,4.7970000000000255,0.00495878502656593,0,9.669168785026564,True
