run_id,episode_id,step_id,config_seq,t_observation,t_decision,t_request,t_ack,t_active,t_window_end,planner_cycle_count,valid_feedback_duration,state_valid,invalid_reason,goal_distance_start,goal_distance_end,path_error_mean,path_heading_error_mean,d_obs_min,obstacle_density_mean,ttc_min,linear_velocity_mean,angular_velocity_mean,eta_before_json,action_raw_json,eta_after_json,theta_previous_json,theta_candidate_json,theta_projected_json,theta_safe_json,theta_applied_json,projection_modified,projection_reason,safety_modified,safety_mode,safety_reason,fallback_active,fallback_reason,reward_total,reward_progress,reward_time,reward_near_obstacle,reward_path_error,reward_smoothness,reward_planner_failure,reward_parameter_adjustment,reward_terminal,cost_collision,cost_near_collision,cost_parameter_violation,cost_planner_failure,cost_emergency_or_fallback,inference_latency,parameter_write_latency,parameter_activation_latency,transition_stored,transition_drop_reason
t11_boundary_stress_acceptance,t11_boundary_stress_acceptance-episode-000001,0,1,3.178,2.634,2.636,2.67,2.676,3.176,0,0.4500000000000002,true,,2.4320690484075023,2.039811484947094,0.007816084125835919,0.009148663133025545,30.0,0.0,26.22833200340416,1.1438012907609343,-0.12391649592665363,"[0.0,0.0,0.0,0.0,0.0]","[-0.6800177097320557,0.17188704013824463,0.6476736068725586,-0.4054795503616333,0.36979901790618896]","[-0.6800177097320557,0.17188704013824463,0.6476736068725586,-0.4054795503616333,0.36979901790618896]","{""acc_lim_theta"":0.8,""acc_lim_x"":0.8,""inflation_dist"":0.55,""max_vel_theta"":1.0,""max_vel_x"":1.2,""min_obstacle_dist"":0.25,""weight_obstacle"":50.0,""weight_optimaltime"":1.0,""weight_viapoint"":1.0}","{""acc_lim_theta"":0.8,""acc_lim_x"":0.8,""inflation_dist"":0.55,""max_vel_theta"":1.0,""max_vel_x"":1.1752121192184082,""min_obstacle_dist"":0.2713953586134651,""weight_obstacle"":50.0,""weight_optimaltime"":1.0,""weight_viapoint"":1.0}","{""acc_lim_theta"":0.8,""acc_lim_x"":0.8,""inflation_dist"":0.55,""max_vel_theta"":0.9793434326820069,""max_vel_x"":1.1752121192184082,""min_obstacle_dist"":0.2713953586134651,""weight_obstacle"":50.0,""weight_optimaltime"":1.0,""weight_viapoint"":1.0}","{""acc_lim_theta"":0.8,""acc_lim_x"":0.8,""inflation_dist"":0.55,""max_vel_theta"":0.9793434326820069,""max_vel_x"":1.1752121192184082,""min_obstacle_dist"":0.2713953586134651,""weight_obstacle"":50.0,""weight_optimaltime"":1.0,""weight_viapoint"":1.0}","{""acc_lim_theta"":0.8,""acc_lim_x"":0.8,""inflation_dist"":0.55,""max_vel_theta"":0.9793434326820069,""max_vel_x"":1.1752121192184082,""min_obstacle_dist"":0.2713953586134651,""weight_obstacle"":50.0,""weight_optimaltime"":1.0,""weight_viapoint"":1.0}",true,max_vel_theta:ackermann_turning_radius,false,NORMAL,,false,,1.7548298780333775,1.961287817302042,-0.04500000000000002,-0.0,-3.3475467721385054e-05,-0.1446036934283599,-0.0,-0.016820770372583293,0.0,0.0,0.0,1.0,0.0,0.0,0.0,33.99999999999981,40.000000000000036,true,
t11_boundary_stress_acceptance,t11_boundary_stress_acceptance-episode-000001,1,2,3.824,3.174,3.18,3.216,3.274,3.774,0,0.5,true,,1.8571188872508266,1.3066087001659499,0.028082134310475782,0.06028948832647601,30.0,0.0,26.130240719800966,1.148095049016009,0.014355440878410114,"[-0.6800177097320557,0.17188704013824463,0.6476736068725586,-0.4054795503616333,0.36979901790618896]","[-0.07223165035247803,0.78271484375,0.12974655628204346,0.9863839149475098,-0.5149568915367126]","[-0.7522493600845337,0.9546018838882446,0.777420163154602,0.5809043645858765,-0.14515787363052368]","{""acc_lim_theta"":0.8,""acc_lim_x"":0.8,""inflation_dist"":0.55,""max_vel_theta"":0.9793434326820069,""max_vel_x"":1.1752121192184082,""min_obstacle_dist"":0.2713953586134651,""weight_obstacle"":50.0,""weight_optimaltime"":1.0,""weight_viapoint"":1.0}","{""acc_lim_theta"":0.8,""acc_lim_x"":0.78840837621975,""inflation_dist"":0.55,""max_vel_theta"":0.9793434326820069,""max_vel_x"":1.1809012925183757,""min_obstacle_dist"":0.2929630315317576,""weight_obstacle"":52.78059877189902,""weight_optimaltime"":1.0,""weight_viapoint"":1.0}","{""acc_lim_theta"":0.8,""acc_lim_x"":0.78840837621975,""inflation_dist"":0.55,""max_vel_theta"":0.9793434326820069,""max_vel_x"":1.1809012925183757,""min_obstacle_dist"":0.2929630315317576,""weight_obstacle"":52.78059877189902,""weight_optimaltime"":1.0,""weight_viapoint"":1.0}","{""acc_lim_theta"":0.8,""acc_lim_x"":0.78840837621975,""inflation_dist"":0.55,""max_vel_theta"":0.9793434326820069,""max_vel_x"":1.1809012925183757,""min_obstacle_dist"":0.2929630315317576,""weight_obstacle"":52.78059877189902,""weight_optimaltime"":1.0,""weight_viapoint"":1.0}","{""acc_lim_theta"":0.8,""acc_lim_x"":0.78840837621975,""inflation_dist"":0.55,""max_vel_theta"":0.9793434326820069,""max_vel_x"":1.1809012925183757,""min_obstacle_dist"":0.2929630315317576,""weight_obstacle"":52.78059877189902,""weight_optimaltime"":1.0,""weight_viapoint"":1.0}",false,,false,NORMAL,,false,,2.684238313572419,2.7525509354243836,-0.05,-0.0,-0.0002592747399855049,-1.8978905807101747e-05,-0.0,-0.018034368206172154,0.0,0.0,0.0,0.0,0.0,0.0,0.0,36.00000000000003,93.99999999999986,true,
t11_boundary_stress_acceptance,t11_boundary_stress_acceptance-episode-000001,2,3,4.374,3.814,3.824,3.862,3.872,4.372,0,0.44999999999999973,true,,1.1688599258170256,0.699988695447823,0.011097790664131529,0.05876230254484967,30.0,0.0,30.968140759328705,0.9687375239329773,-0.001299138078678941,"[-0.7522493600845337,0.9546018838882446,0.777420163154602,0.5809043645858765,-0.14515787363052368]","[-0.7814074754714966,-0.3089001178741455,0.5584290027618408,0.07930505275726318,0.8485109806060791]","[-1.0,0.6457017660140991,1.0,0.6602094173431396,0.7033531069755554]","{""acc_lim_theta"":0.8,""acc_lim_x"":0.78840837621975,""inflation_dist"":0.55,""max_vel_theta"":0.9793434326820069,""max_vel_x"":1.1809012925183757,""min_obstacle_dist"":0.2929630315317576,""weight_obstacle"":52.78059877189902,""weight_optimaltime"":1.0,""weight_viapoint"":1.0}","{""acc_lim_theta"":0.8,""acc_lim_x"":0.7698406509954568,""inflation_dist"":0.55,""max_vel_theta"":0.9793434326820069,""max_vel_x"":1.1151515573950257,""min_obstacle_dist"":0.3008534591697769,""weight_obstacle"":50.0,""weight_optimaltime"":0.9691099882125854,""weight_viapoint"":1.0}","{""acc_lim_theta"":0.8,""acc_lim_x"":0.7698406509954568,""inflation_dist"":0.55,""max_vel_theta"":0.9292929644958547,""max_vel_x"":1.1151515573950257,""min_obstacle_dist"":0.3008534591697769,""weight_obstacle"":50.0,""weight_optimaltime"":0.9691099882125854,""weight_viapoint"":1.0}","{""acc_lim_theta"":0.8,""acc_lim_x"":0.7698406509954568,""inflation_dist"":0.55,""max_vel_theta"":0.9292929644958547,""max_vel_x"":1.1151515573950257,""min_obstacle_dist"":0.3008534591697769,""weight_obstacle"":50.0,""weight_optimaltime"":0.9691099882125854,""weight_viapoint"":1.0}","{""acc_lim_theta"":0.8,""acc_lim_x"":0.7698406509954568,""inflation_dist"":0.55,""max_vel_theta"":0.9292929644958547,""max_vel_x"":1.1151515573950257,""min_obstacle_dist"":0.3008534591697769,""weight_obstacle"":50.0,""weight_optimaltime"":0.9691099882125854,""weight_viapoint"":1.0}",true,max_vel_theta:ackermann_turning_radius,false,NORMAL,,false,,2.2499023099763438,2.3443561518460125,-0.04499999999999998,-0.0,-7.854394363502354e-05,-0.00886961283901667,-0.0,-0.0405056850870174,0.0,0.0,0.0,1.0,0.0,0.0,0.0,38.000000000000256,48.00000000000004,true,
t11_boundary_stress_acceptance,t11_boundary_stress_acceptance-episode-000001,3,4,5.874,4.374,4.376,4.428,4.4719999999999995,4.9719999999999995,0,0.4500000000000002,true,,0.5517156780967706,0.2319047705066835,0.00558156685465104,0.0013548320589399524,30.0,0.0,600.0,0.0,0.0,"[-1.0,0.6457017660140991,1.0,0.6602094173431396,0.7033531069755554]","[0.9887311458587646,0.8444890975952148,-0.6753808259963989,0.18014216423034668,0.45128607749938965]","[-0.011268854141235352,1.0,0.3246191740036011,0.8403515815734863,1.0]","{""acc_lim_theta"":0.8,""acc_lim_x"":0.7698406509954568,""inflation_dist"":0.55,""max_vel_theta"":0.9292929644958547,""max_vel_x"":1.1151515573950257,""min_obstacle_dist"":0.3008534591697769,""weight_obstacle"":50.0,""weight_optimaltime"":0.9691099882125854,""weight_viapoint"":1.0}","{""acc_lim_theta"":0.7492177349472013,""acc_lim_x"":0.7976867211200827,""inflation_dist"":0.5562528462207332,""max_vel_theta"":0.9292929644958547,""max_vel_x"":1.1032208150993887,""min_obstacle_dist"":0.3021859126915806,""weight_obstacle"":50.0,""weight_optimaltime"":1.0,""weight_viapoint"":1.0}","{""acc_lim_theta"":0.7492177349472013,""acc_lim_x"":0.7976867211200827,""inflation_dist"":0.5562528462207332,""max_vel_theta"":0.9193506792494907,""max_vel_x"":1.1032208150993887,""min_obstacle_dist"":0.3021859126915806,""weight_obstacle"":50.0,""weight_optimaltime"":1.0,""weight_viapoint"":1.0}","{""acc_lim_theta"":0.7492177349472013,""acc_lim_x"":0.7976867211200827,""inflation_dist"":0.5562528462207332,""max_vel_theta"":0.9193506792494907,""max_vel_x"":1.1032208150993887,""min_obstacle_dist"":0.3021859126915806,""weight_obstacle"":50.0,""weight_optimaltime"":1.0,""weight_viapoint"":1.0}","{""acc_lim_theta"":0.7492177349472013,""acc_lim_x"":0.7976867211200827,""inflation_dist"":0.5562528462207332,""max_vel_theta"":0.9193506792494907,""max_vel_x"":1.1032208150993887,""min_obstacle_dist"":0.3021859126915806,""weight_obstacle"":50.0,""weight_optimaltime"":1.0,""weight_viapoint"":1.0}",true,max_vel_theta:ackermann_turning_radius,false,NORMAL,,false,,11.501565120558727,1.5990545379504353,-0.04500000000000002,-0.0,-0.00025635674595760093,-0.020101551495006555,-0.0,-0.03213150915074423,10.0,0.0,0.0,1.0,0.0,0.0,0.0,51.9999999999996,95.9999999999992,true,
t11_boundary_stress_acceptance,t11_boundary_stress_acceptance-episode-000002,0,1,7.404,6.854,6.856,6.894,6.902,7.402,0,0.4500000000000002,true,,2.541838391092283,2.1064130941784245,0.011748749806572173,0.02357103664388316,30.0,0.0,25.768513695622403,1.1642115006849016,0.062147150832334755,"[0.0,0.0,0.0,0.0,0.0]","[0.8379325866699219,-0.7071791887283325,0.22523045539855957,-0.8917896151542664,0.4862254858016968]","[0.8379325866699219,-0.7071791887283325,0.22523045539855957,-0.8917896151542664,0.4862254858016968]","{""acc_lim_theta"":0.8,""acc_lim_x"":0.8,""inflation_dist"":0.55,""max_vel_theta"":1.0,""max_vel_x"":1.2,""min_obstacle_dist"":0.25,""weight_obstacle"":50.0,""weight_optimaltime"":1.0,""weight_viapoint"":1.0}","{""acc_lim_theta"":0.7266104625587485,""acc_lim_x"":0.8,""inflation_dist"":0.55,""max_vel_theta"":1.0,""max_vel_x"":1.2,""min_obstacle_dist"":0.25,""weight_obstacle"":50.0,""weight_optimaltime"":0.9292820811271667,""weight_viapoint"":1.0}","{""acc_lim_theta"":0.7266104625587485,""acc_lim_x"":0.8,""inflation_dist"":0.55,""max_vel_theta"":1.0,""max_vel_x"":1.2,""min_obstacle_dist"":0.25,""weight_obstacle"":50.0,""weight_optimaltime"":0.9292820811271667,""weight_viapoint"":1.0}","{""acc_lim_theta"":0.7266104625587485,""acc_lim_x"":0.8,""inflation_dist"":0.55,""max_vel_theta"":1.0,""max_vel_x"":1.2,""min_obstacle_dist"":0.25,""weight_obstacle"":50.0,""weight_optimaltime"":0.9292820811271667,""weight_viapoint"":1.0}","{""acc_lim_theta"":0.7266104625587485,""acc_lim_x"":0.8,""inflation_dist"":0.55,""max_vel_theta"":1.0,""max_vel_x"":1.2,""min_obstacle_dist"":0.25,""weight_obstacle"":50.0,""weight_optimaltime"":0.9292820811271667,""weight_viapoint"":1.0}",false,,false,NORMAL,,false,,1.8918299813258987,2.1771264845692917,-0.04500000000000002,-0.0,-3.221354421794964e-05,-0.2077733215642956,-0.0,-0.03249096813487955,0.0,0.0,0.0,0.0,0.0,0.0,0.0,38.000000000000256,46.00000000000026,true,
t11_boundary_stress_acceptance,t11_boundary_stress_acceptance-episode-000002,1,2,8.002,7.402,7.406,7.436,7.502,8.001999999999999,0,0.4500000000000002,true,,1.92035945132835,1.4089995917071654,0.0523092971381593,0.029886144146072484,30.0,0.0,25.808118270531047,1.1624249271306015,-0.01889490345233359,"[0.8379325866699219,-0.7071791887283325,0.22523045539855957,-0.8917896151542664,0.4862254858016968]","[0.14591896533966064,-0.746764063835144,-0.7726444005966187,0.04893958568572998,-0.011978566646575928]","[0.9838515520095825,-1.0,-0.5474139451980591,-0.8428500294685364,0.47424691915512085]","{""acc_lim_theta"":0.7266104625587485,""acc_lim_x"":0.8,""inflation_dist"":0.55,""max_vel_theta"":1.0,""max_vel_x"":1.2,""min_obstacle_dist"":0.25,""weight_obstacle"":50.0,""weight_optimaltime"":0.9292820811271667,""weight_viapoint"":1.0}","{""acc_lim_theta"":0.7223251470952243,""acc_lim_x"":0.7663699490554436,""inflation_dist"":0.5571533369534347,""max_vel_theta"":1.0,""max_vel_x"":1.2,""min_obstacle_dist"":0.25,""weight_obstacle"":50.06468034170236,""weight_optimaltime"":0.8546056747436523,""weight_viapoint"":1.0}","{""acc_lim_theta"":0.7223251470952243,""acc_lim_x"":0.7663699490554436,""inflation_dist"":0.5571533369534347,""max_vel_theta"":1.0,""max_vel_x"":1.2,""min_obstacle_dist"":0.25,""weight_obstacle"":50.06468034170236,""weight_optimaltime"":0.8546056747436523,""weight_viapoint"":1.0}","{""acc_lim_theta"":0.7223251470952243,""acc_lim_x"":0.7663699490554436,""inflation_dist"":0.5571533369534347,""max_vel_theta"":1.0,""max_vel_x"":1.2,""min_obstacle_dist"":0.25,""weight_obstacle"":50.06468034170236,""weight_optimaltime"":0.8546056747436523,""weight_viapoint"":1.0}","{""acc_lim_theta"":0.7223251470952243,""acc_lim_x"":0.7663699490554436,""inflation_dist"":0.5571533369534347,""max_vel_theta"":1.0,""max_vel_x"":1.2,""min_obstacle_dist"":0.25,""weight_obstacle"":50.06468034170236,""weight_optimaltime"":0.8546056747436523,""weight_viapoint"":1.0}",false,,false,NORMAL,,false,,2.4848819505015145,2.556799298105923,-0.04500000000000002,-0.0,-0.0003267832613958003,-3.2702227604061345e-06,-0.0,-0.026587294120251938,0.0,0.0,0.0,0.0,0.0,0.0,0.0,30.00000000000025,96.00000000000009,true,
t11_boundary_stress_acceptance,t11_boundary_stress_acceptance-episode-000002,2,3,8.604,7.994,8.004,8.03,8.102,8.602,0,0.45000000000000107,true,,1.2230139204036312,0.7302475108680826,0.07263621335840682,0.03134743467786599,30.0,0.0,30.22761513875088,0.9924699604085178,0.015852026115026677,"[0.9838515520095825,-1.0,-0.5474139451980591,-0.8428500294685364,0.47424691915512085]","[0.07669723033905029,0.9541690349578857,0.9572756290435791,-0.40869706869125366,-0.8503319025039673]","[1.0,-0.04583096504211426,0.40986168384552,-1.0,-0.37608498334884644]","{""acc_lim_theta"":0.7223251470952243,""acc_lim_x"":0.7663699490554436,""inflation_dist"":0.5571533369534347,""max_vel_theta"":1.0,""max_vel_x"":1.2,""min_obstacle_dist"":0.25,""weight_obstacle"":50.06468034170236,""weight_optimaltime"":0.8546056747436523,""weight_viapoint"":1.0}","{""acc_lim_theta"":0.7371876864365499,""acc_lim_x"":0.8,""inflation_dist"":0.55,""max_vel_theta"":1.0,""max_vel_x"":1.2,""min_obstacle_dist"":0.29779203445954544,""weight_obstacle"":54.65619447165848,""weight_optimaltime"":0.9500225782394409,""weight_viapoint"":1.0}","{""acc_lim_theta"":0.7371876864365499,""acc_lim_x"":0.8,""inflation_dist"":0.55,""max_vel_theta"":1.0,""max_vel_x"":1.2,""min_obstacle_dist"":0.29779203445954544,""weight_obstacle"":54.65619447165848,""weight_optimaltime"":0.9500225782394409,""weight_viapoint"":1.0}","{""acc_lim_theta"":0.7371876864365499,""acc_lim_x"":0.8,""inflation_dist"":0.55,""max_vel_theta"":1.0,""max_vel_x"":1.2,""min_obstacle_dist"":0.29779203445954544,""weight_obstacle"":54.65619447165848,""weight_optimaltime"":0.9500225782394409,""weight_viapoint"":1.0}","{""acc_lim_theta"":0.7371876864365499,""acc_lim_x"":0.8,""inflation_dist"":0.55,""max_vel_theta"":1.0,""max_vel_x"":1.2,""min_obstacle_dist"":0.29779203445954544,""weight_obstacle"":54.65619447165848,""weight_optimaltime"":0.9500225782394409,""weight_viapoint"":1.0}",false,,false,NORMAL,,false,,2.3468793440880678,2.463832047677743,-0.04500000000000011,-0.0,-0.0018156850671463445,-0.008586837650046444,-0.0,-0.06155018087248281,0.0,0.0,0.0,0.0,0.0,0.0,0.0,25.9999999999998,98.00000000000075,true,
t11_boundary_stress_acceptance,t11_boundary_stress_acceptance-episode-000002,3,4,10.102,8.602,8.604,8.638,8.7,9.2,0,0.4499999999999993,true,,0.5786818231082403,0.2541293377537591,0.0029233486741738145,0.0010756802332678517,30.0,0.0,600.0,0.0,0.0,"[1.0,-0.04583096504211426,0.40986168384552,-1.0,-0.37608498334884644]","[-0.4161975383758545,0.627010703086853,-0.47231805324554443,-0.7154607772827148,0.2078077793121338]","[0.5838024616241455,0.5811797380447388,-0.062456369400024414,-1.0,-0.16827720403671265]","{""acc_lim_theta"":0.7371876864365499,""acc_lim_x"":0.8,""inflation_dist"":0.55,""max_vel_theta"":1.0,""max_vel_x"":1.2,""min_obstacle_dist"":0.29779203445954544,""weight_obstacle"":54.65619447165848,""weight_optimaltime"":0.9500225782394409,""weight_viapoint"":1.0}","{""acc_lim_theta"":0.7287725778667931,""acc_lim_x"":0.8,""inflation_dist"":0.5543728397972557,""max_vel_theta"":1.0,""max_vel_x"":1.1967476554942804,""min_obstacle_dist"":0.2995652009858182,""weight_obstacle"":53.534100437297575,""weight_optimaltime"":1.0,""weight_viapoint"":1.0}","{""acc_lim_theta"":0.7287725778667931,""acc_lim_x"":0.8,""inflation_dist"":0.5543728397972557,""max_vel_theta"":0.9972897129119004,""max_vel_x"":1.1967476554942804,""min_obstacle_dist"":0.2995652009858182,""weight_obstacle"":53.534100437297575,""weight_optimaltime"":1.0,""weight_viapoint"":1.0}","{""acc_lim_theta"":0.7287725778667931,""acc_lim_x"":0.8,""inflation_dist"":0.5543728397972557,""max_vel_theta"":0.9972897129119004,""max_vel_x"":1.1967476554942804,""min_obstacle_dist"":0.2995652009858182,""weight_obstacle"":53.534100437297575,""weight_optimaltime"":1.0,""weight_viapoint"":1.0}","{""acc_lim_theta"":0.7287725778667931,""acc_lim_x"":0.8,""inflation_dist"":0.5543728397972557,""max_vel_theta"":0.9972897129119004,""max_vel_x"":1.1967476554942804,""min_obstacle_dist"":0.2995652009858182,""weight_obstacle"":53.534100437297575,""weight_optimaltime"":1.0,""weight_viapoint"":1.0}",true,max_vel_theta:ackermann_turning_radius,false,NORMAL,,false,,11.538908144833599,1.6227624267724061,-0.04499999999999993,-0.0,-0.0008109370860008007,-0.020657131044568712,-0.0,-0.01738621380823768,10.0,0.0,0.0,1.0,0.0,0.0,0.0,34.000000000000696,96.00000000000009,true,
t11_boundary_stress_acceptance,t11_boundary_stress_acceptance-episode-000003,0,1,11.632,11.074,11.078,11.104,11.13,11.63,0,0.4499999999999993,true,,2.4670778849376527,2.057993382395273,0.039493899414259265,0.14971373194663185,30.0,0.0,30.531775285833817,0.9825828900921936,-0.2428013082420302,"[0.0,0.0,0.0,0.0,0.0]","[0.3816293478012085,-0.6522708535194397,-0.8838756680488586,-0.6724159717559814,-0.5273141264915466]","[0.3816293478012085,-0.6522708535194397,-0.8838756680488586,-0.6724159717559814,-0.5273141264915466]","{""acc_lim_theta"":0.8,""acc_lim_x"":0.8,""inflation_dist"":0.55,""max_vel_theta"":1.0,""max_vel_x"":1.2,""min_obstacle_dist"":0.25,""weight_obstacle"":50.0,""weight_optimaltime"":1.0,""weight_viapoint"":1.0}","{""acc_lim_theta"":0.7848235065018069,""acc_lim_x"":0.7990197866375268,""inflation_dist"":0.5581831441134025,""max_vel_theta"":1.0,""max_vel_x"":1.2,""min_obstacle_dist"":0.25,""weight_obstacle"":52.847323798603576,""weight_optimaltime"":0.934772914648056,""weight_viapoint"":1.0}","{""acc_lim_theta"":0.7848235065018069,""acc_lim_x"":0.7990197866375268,""inflation_dist"":0.5581831441134025,""max_vel_theta"":1.0,""max_vel_x"":1.2,""min_obstacle_dist"":0.25,""weight_obstacle"":52.847323798603576,""weight_optimaltime"":0.934772914648056,""weight_viapoint"":1.0}","{""acc_lim_theta"":0.7848235065018069,""acc_lim_x"":0.7990197866375268,""inflation_dist"":0.5581831441134025,""max_vel_theta"":1.0,""max_vel_x"":1.2,""min_obstacle_dist"":0.25,""weight_obstacle"":52.847323798603576,""weight_optimaltime"":0.934772914648056,""weight_viapoint"":1.0}","{""acc_lim_theta"":0.7848235065018069,""acc_lim_x"":0.7990197866375268,""inflation_dist"":0.5581831441134025,""max_vel_theta"":1.0,""max_vel_x"":1.2,""min_obstacle_dist"":0.25,""weight_obstacle"":52.847323798603576,""weight_optimaltime"":0.934772914648056,""weight_viapoint"":1.0}",false,,false,NORMAL,,false,,1.7642018183656656,2.0454225127118986,-0.04499999999999993,-0.0,-0.00010744095213032097,-0.21099597083608237,-0.0,-0.025117282558020405,0.0,0.0,0.0,0.0,0.0,0.0,0.0,25.9999999999998,52.00000000000138,true,
t11_boundary_stress_acceptance,t11_boundary_stress_acceptance-episode-000003,1,2,12.232,11.628,11.634,11.666,11.73,12.23,0,0.45000000000000107,true,,1.9419319553202496,1.4412031788203299,0.026883739252865756,0.04160371870385959,30.0,0.0,25.994683990798805,1.154082119660271,0.5558921043556703,"[0.3816293478012085,-0.6522708535194397,-0.8838756680488586,-0.6724159717559814,-0.5273141264915466]","[-0.2773677110671997,0.12493264675140381,0.8265422582626343,-0.3015044927597046,0.2683529853820801]","[0.10426163673400879,-0.5273382067680359,-0.057333409786224365,-0.973920464515686,-0.25896114110946655]","{""acc_lim_theta"":0.7848235065018069,""acc_lim_x"":0.7990197866375268,""inflation_dist"":0.5581831441134025,""max_vel_theta"":1.0,""max_vel_x"":1.2,""min_obstacle_dist"":0.25,""weight_obstacle"":52.847323798603576,""weight_optimaltime"":0.934772914648056,""weight_viapoint"":1.0}","{""acc_lim_theta"":0.7793728520481362,""acc_lim_x"":0.8,""inflation_dist"":0.5505308071844869,""max_vel_theta"":1.0,""max_vel_x"":1.186218407710661,""min_obstacle_dist"":0.275123393263844,""weight_obstacle"":51.39830545580186,""weight_optimaltime"":0.9472661793231965,""weight_viapoint"":1.0}","{""acc_lim_theta"":0.7793728520481362,""acc_lim_x"":0.8,""inflation_dist"":0.5505308071844869,""max_vel_theta"":0.9885153397588842,""max_vel_x"":1.186218407710661,""min_obstacle_dist"":0.275123393263844,""weight_obstacle"":51.39830545580186,""weight_optimaltime"":0.9472661793231965,""weight_viapoint"":1.0}","{""acc_lim_theta"":0.7793728520481362,""acc_lim_x"":0.8,""inflation_dist"":0.5505308071844869,""max_vel_theta"":0.9885153397588842,""max_vel_x"":1.186218407710661,""min_obstacle_dist"":0.275123393263844,""weight_obstacle"":51.39830545580186,""weight_optimaltime"":0.9472661793231965,""weight_viapoint"":1.0}","{""acc_lim_theta"":0.7793728520481362,""acc_lim_x"":0.8,""inflation_dist"":0.5505308071844869,""max_vel_theta"":0.9885153397588842,""max_vel_x"":1.186218407710661,""min_obstacle_dist"":0.275123393263844,""weight_obstacle"":51.39830545580186,""weight_optimaltime"":0.9472661793231965,""weight_viapoint"":1.0}",true,max_vel_theta:ackermann_turning_radius,false,NORMAL,,false,,2.3580012357081466,2.503643882499599,-0.04500000000000011,-0.0,-0.0016865084619837821,-0.07512212837312714,-0.0,-0.023834009956341603,0.0,0.0,0.0,1.0,0.0,0.0,0.0,32.00000000000003,96.00000000000009,true,
t11_boundary_stress_acceptance,t11_boundary_stress_acceptance-episode-000003,2,3,12.876,12.224,12.234,12.262,12.326,12.826,0,0.5,true,,1.281263258885418,0.7500161670799187,0.006791013978325726,0.16200448853713356,30.0,0.0,31.708181848308335,0.9461280417628402,0.1554129980318689,"[0.10426163673400879,-0.5273382067680359,-0.057333409786224365,-0.973920464515686,-0.25896114110946655]","[0.32578790187835693,-0.43458443880081177,0.10823547840118408,0.9654991626739502,0.9935920238494873]","[0.4300495386123657,-0.9619226455688477,0.05090206861495972,-0.00842130184173584,0.7346308827400208]","{""acc_lim_theta"":0.7793728520481362,""acc_lim_x"":0.8,""inflation_dist"":0.5505308071844869,""max_vel_theta"":0.9885153397588842,""max_vel_x"":1.186218407710661,""min_obstacle_dist"":0.275123393263844,""weight_obstacle"":51.39830545580186,""weight_optimaltime"":0.9472661793231965,""weight_viapoint"":1.0}","{""acc_lim_theta"":0.7576338295349231,""acc_lim_x"":0.7567955989132576,""inflation_dist"":0.55,""max_vel_theta"":0.9885153397588842,""max_vel_x"":1.1121635662353775,""min_obstacle_dist"":0.2679987058611382,""weight_obstacle"":50.0,""weight_optimaltime"":0.9038077354431153,""weight_viapoint"":1.0}","{""acc_lim_theta"":0.7576338295349231,""acc_lim_x"":0.7567955989132576,""inflation_dist"":0.55,""max_vel_theta"":0.9268029718628146,""max_vel_x"":1.1121635662353775,""min_obstacle_dist"":0.2679987058611382,""weight_obstacle"":50.0,""weight_optimaltime"":0.9038077354431153,""weight_viapoint"":1.0}","{""acc_lim_theta"":0.7576338295349231,""acc_lim_x"":0.7567955989132576,""inflation_dist"":0.55,""max_vel_theta"":0.9268029718628146,""max_vel_x"":1.1121635662353775,""min_obstacle_dist"":0.2679987058611382,""weight_obstacle"":50.0,""weight_optimaltime"":0.9038077354431153,""weight_viapoint"":1.0}","{""acc_lim_theta"":0.7576338295349231,""acc_lim_x"":0.7567955989132576,""inflation_dist"":0.55,""max_vel_theta"":0.9268029718628146,""max_vel_x"":1.1121635662353775,""min_obstacle_dist"":0.2679987058611382,""weight_obstacle"":50.0,""weight_optimaltime"":0.9038077354431153,""weight_viapoint"":1.0}",true,max_vel_theta:ackermann_turning_radius,false,NORMAL,,false,,2.539263212062015,2.6562354590274966,-0.05,-0.0,-0.0006235482193182859,-0.010938061843476425,-0.0,-0.05541063690268664,0.0,0.0,0.0,1.0,0.0,0.0,0.0,28.00000000000047,92.00000000000053,true,
t11_boundary_stress_acceptance,t11_boundary_stress_acceptance-episode-000003,3,4,14.426,12.874,12.878,12.92,12.924,13.424,0,0.4499999999999993,true,,0.6554042995907298,0.30670164438367453,0.008645032421709846,0.005753630507926454,30.0,0.0,600.0,0.0,0.0,"[0.4300495386123657,-0.9619226455688477,0.05090206861495972,-0.00842130184173584,0.7346308827400208]","[-0.15068942308425903,0.6485044956207275,-0.3317224979400635,0.6064331531524658,-0.24436986446380615]","[0.2793601155281067,-0.3134181499481201,-0.28082042932510376,0.59801185131073,0.4902610182762146]","{""acc_lim_theta"":0.7576338295349231,""acc_lim_x"":0.7567955989132576,""inflation_dist"":0.55,""max_vel_theta"":0.9268029718628146,""max_vel_x"":1.1121635662353775,""min_obstacle_dist"":0.2679987058611382,""weight_obstacle"":50.0,""weight_optimaltime"":0.9038077354431153,""weight_viapoint"":1.0}","{""acc_lim_theta"":0.7875693705099862,""acc_lim_x"":0.7476541579980966,""inflation_dist"":0.5530711706458599,""max_vel_theta"":0.9268029718628146,""max_vel_x"":1.1094780951373566,""min_obstacle_dist"":0.27405098718851867,""weight_obstacle"":51.31951733472189,""weight_optimaltime"":0.9686581850051881,""weight_viapoint"":1.0}","{""acc_lim_theta"":0.7875693705099862,""acc_lim_x"":0.7476541579980966,""inflation_dist"":0.5530711706458599,""max_vel_theta"":0.9245650792811305,""max_vel_x"":1.1094780951373566,""min_obstacle_dist"":0.27405098718851867,""weight_obstacle"":51.31951733472189,""weight_optimaltime"":0.9686581850051881,""weight_viapoint"":1.0}","{""acc_lim_theta"":0.7875693705099862,""acc_lim_x"":0.7476541579980966,""inflation_dist"":0.5530711706458599,""max_vel_theta"":0.9245650792811305,""max_vel_x"":1.1094780951373566,""min_obstacle_dist"":0.27405098718851867,""weight_obstacle"":51.31951733472189,""weight_optimaltime"":0.9686581850051881,""weight_viapoint"":1.0}","{""acc_lim_theta"":0.7875693705099862,""acc_lim_x"":0.7476541579980966,""inflation_dist"":0.5530711706458599,""max_vel_theta"":0.9245650792811305,""max_vel_x"":1.1094780951373566,""min_obstacle_dist"":0.27405098718851867,""weight_obstacle"":51.31951733472189,""weight_optimaltime"":0.9686581850051881,""weight_viapoint"":1.0}",true,max_vel_theta:ackermann_turning_radius,false,NORMAL,,false,,11.623154627449972,1.743513276035276,-0.04499999999999993,-0.0,-0.0018402493312715605,-0.04394648230860354,-0.0,-0.02957191694542868,10.0,0.0,0.0,1.0,0.0,0.0,0.0,41.999999999999815,45.999999999999375,true,
t11_boundary_stress_acceptance,t11_boundary_stress_acceptance-episode-000004,0,1,15.95,15.394,15.396,15.424,15.448,15.948,0,0.45000000000000107,true,,2.547798733396904,2.1053310104318563,0.004975202355769489,0.0329084633326469,30.0,0.0,25.782661619491023,1.1635726536984365,0.07862730509455086,"[0.0,0.0,0.0,0.0,0.0]","[0.5577776432037354,-0.8435942530632019,-0.5996342301368713,0.25697898864746094,-0.5643956661224365]","[0.5577776432037354,-0.8435942530632019,-0.5996342301368713,0.25697898864746094,-0.5643956661224365]","{""acc_lim_theta"":0.8,""acc_lim_x"":0.8,""inflation_dist"":0.55,""max_vel_theta"":1.0,""max_vel_x"":1.2,""min_obstacle_dist"":0.25,""weight_obstacle"":50.0,""weight_optimaltime"":1.0,""weight_viapoint"":1.0}","{""acc_lim_theta"":0.8,""acc_lim_x"":0.7647753038032832,""inflation_dist"":0.5555515651102503,""max_vel_theta"":1.0,""max_vel_x"":1.2,""min_obstacle_dist"":0.25,""weight_obstacle"":53.04755198323877,""weight_optimaltime"":0.9156405746936798,""weight_viapoint"":1.0}","{""acc_lim_theta"":0.8,""acc_lim_x"":0.7647753038032832,""inflation_dist"":0.5555515651102503,""max_vel_theta"":1.0,""max_vel_x"":1.2,""min_obstacle_dist"":0.25,""weight_obstacle"":53.04755198323877,""weight_optimaltime"":0.9156405746936798,""weight_viapoint"":1.0}","{""acc_lim_theta"":0.8,""acc_lim_x"":0.7647753038032832,""inflation_dist"":0.5555515651102503,""max_vel_theta"":1.0,""max_vel_x"":1.2,""min_obstacle_dist"":0.25,""weight_obstacle"":53.04755198323877,""weight_optimaltime"":0.9156405746936798,""weight_viapoint"":1.0}","{""acc_lim_theta"":0.8,""acc_lim_x"":0.7647753038032832,""inflation_dist"":0.5555515651102503,""max_vel_theta"":1.0,""max_vel_x"":1.2,""min_obstacle_dist"":0.25,""weight_obstacle"":53.04755198323877,""weight_optimaltime"":0.9156405746936798,""weight_viapoint"":1.0}",false,,false,NORMAL,,false,,1.9588173067256882,2.2123386148252377,-0.04500000000000011,-0.0,-2.4423597995338712e-05,-0.1751375599645622,-0.0,-0.0333593245369923,0.0,0.0,0.0,0.0,0.0,0.0,0.0,27.999999999998693,51.9999999999996,true,
t11_boundary_stress_acceptance,t11_boundary_stress_acceptance-episode-000004,1,2,16.548000000000002,15.946,15.952,15.984,16.046,16.546,0,0.45000000000000284,true,,1.9424288566955819,1.423132021096612,0.029875439956546526,0.035427968189694285,30.0,0.0,26.58203736102807,1.1285816656018626,-0.0008253510063666253,"[0.5577776432037354,-0.8435942530632019,-0.5996342301368713,0.25697898864746094,-0.5643956661224365]","[-0.4030643701553345,0.3512716293334961,-0.40978139638900757,-0.3625754117965698,0.6401814222335815]","[0.15471327304840088,-0.4923226237297058,-1.0,-0.10559642314910889,0.07578575611114502]","{""acc_lim_theta"":0.8,""acc_lim_x"":0.7647753038032832,""inflation_dist"":0.5555515651102503,""max_vel_theta"":1.0,""max_vel_x"":1.2,""min_obstacle_dist"":0.25,""weight_obstacle"":53.04755198323877,""weight_optimaltime"":0.9156405746936798,""weight_viapoint"":1.0}","{""acc_lim_theta"":0.7856360554118574,""acc_lim_x"":0.7772603809529629,""inflation_dist"":0.5593454247478223,""max_vel_theta"":1.0,""max_vel_x"":1.1636788899235144,""min_obstacle_dist"":0.25,""weight_obstacle"":50.0,""weight_optimaltime"":0.9507677376270294,""weight_viapoint"":1.0}","{""acc_lim_theta"":0.7856360554118574,""acc_lim_x"":0.7772603809529629,""inflation_dist"":0.5593454247478223,""max_vel_theta"":0.9697324082695954,""max_vel_x"":1.1636788899235144,""min_obstacle_dist"":0.25,""weight_obstacle"":50.0,""weight_optimaltime"":0.9507677376270294,""weight_viapoint"":1.0}","{""acc_lim_theta"":0.7856360554118574,""acc_lim_x"":0.7772603809529629,""inflation_dist"":0.5593454247478223,""max_vel_theta"":0.9697324082695954,""max_vel_x"":1.1636788899235144,""min_obstacle_dist"":0.25,""weight_obstacle"":50.0,""weight_optimaltime"":0.9507677376270294,""weight_viapoint"":1.0}","{""acc_lim_theta"":0.7856360554118574,""acc_lim_x"":0.7772603809529629,""inflation_dist"":0.5593454247478223,""max_vel_theta"":0.9697324082695954,""max_vel_x"":1.1636788899235144,""min_obstacle_dist"":0.25,""weight_obstacle"":50.0,""weight_optimaltime"":0.9507677376270294,""weight_viapoint"":1.0}",true,max_vel_theta:ackermann_turning_radius,false,NORMAL,,false,,2.517052823590744,2.596484177994849,-0.04500000000000029,-0.0,-0.0001858612132766489,-0.0012217046146134813,-0.0,-0.03302378857621405,0.0,0.0,0.0,1.0,0.0,0.0,0.0,32.00000000000003,93.99999999999942,true,
t11_boundary_stress_acceptance,t11_boundary_stress_acceptance-episode-000004,2,3,17.148,16.546,16.55,16.576,16.646,17.146,0,0.4499999999999993,true,,1.265097500758743,0.7795969617640792,0.05059828225280496,0.03450081635041485,30.0,0.0,30.583419262267142,0.9809236744503926,0.021909186946646838,"[0.15471327304840088,-0.4923226237297058,-1.0,-0.10559642314910889,0.07578575611114502]","[-0.7645384669303894,-0.9219773411750793,0.6609184741973877,0.8028427362442017,0.3535867929458618]","[-0.6098251938819885,-1.0,-0.3390815258026123,0.6972463130950928,0.42937254905700684]","{""acc_lim_theta"":0.7856360554118574,""acc_lim_x"":0.7772603809529629,""inflation_dist"":0.5593454247478223,""max_vel_theta"":0.9697324082695954,""max_vel_x"":1.1636788899235144,""min_obstacle_dist"":0.25,""weight_obstacle"":50.0,""weight_optimaltime"":0.9507677376270294,""weight_viapoint"":1.0}","{""acc_lim_theta"":0.8,""acc_lim_x"":0.7135728798779971,""inflation_dist"":0.5532264746317882,""max_vel_theta"":0.9697324082695954,""max_vel_x"":1.1102177203213843,""min_obstacle_dist"":0.25,""weight_obstacle"":50.0,""weight_optimaltime"":0.8585700035095214,""weight_viapoint"":1.0}","{""acc_lim_theta"":0.8,""acc_lim_x"":0.7135728798779971,""inflation_dist"":0.5532264746317882,""max_vel_theta"":0.9251814336011537,""max_vel_x"":1.1102177203213843,""min_obstacle_dist"":0.25,""weight_obstacle"":50.0,""weight_optimaltime"":0.8585700035095214,""weight_viapoint"":1.0}","{""acc_lim_theta"":0.8,""acc_lim_x"":0.7135728798779971,""inflation_dist"":0.5532264746317882,""max_vel_theta"":0.9251814336011537,""max_vel_x"":1.1102177203213843,""min_obstacle_dist"":0.25,""weight_obstacle"":50.0,""weight_optimaltime"":0.8585700035095214,""weight_viapoint"":1.0}","{""acc_lim_theta"":0.8,""acc_lim_x"":0.7135728798779971,""inflation_dist"":0.5532264746317882,""max_vel_theta"":0.9251814336011537,""max_vel_x"":1.1102177203213843,""min_obstacle_dist"":0.25,""weight_obstacle"":50.0,""weight_optimaltime"":0.8585700035095214,""weight_viapoint"":1.0}",true,max_vel_theta:ackermann_turning_radius,false,NORMAL,,false,,2.318288164586545,2.4275026949733194,-0.04499999999999993,-0.0,-0.0007838748392673212,-0.005909585979127548,-0.0,-0.057521069568379435,0.0,0.0,0.0,1.0,0.0,0.0,0.0,25.9999999999998,96.00000000000009,true,
t11_boundary_stress_acceptance,t11_boundary_stress_acceptance-episode-000004,3,4,18.756,17.146,17.148,17.18,17.246,17.746,0,0.5,true,,0.6484593184590828,0.267791506210897,0.001182356571307111,0.0008768356831069025,30.0,0.0,600.0,0.0,0.0,"[-0.6098251938819885,-1.0,-0.3390815258026123,0.6972463130950928,0.42937254905700684]","[0.2535700798034668,0.7823464870452881,0.06147050857543945,-0.7706222534179688,-0.24874979257583618]","[-0.35625511407852173,-0.21765351295471191,-0.27761101722717285,-0.07337594032287598,0.18062275648117065]","{""acc_lim_theta"":0.8,""acc_lim_x"":0.7135728798779971,""inflation_dist"":0.5532264746317882,""max_vel_theta"":0.9251814336011537,""max_vel_x"":1.1102177203213843,""min_obstacle_dist"":0.25,""weight_obstacle"":50.0,""weight_optimaltime"":0.8585700035095214,""weight_viapoint"":1.0}","{""acc_lim_theta"":0.7781772703476233,""acc_lim_x"":0.7726683156384451,""inflation_dist"":0.5526573651420934,""max_vel_theta"":0.9251814336011537,""max_vel_x"":1.1472915375176809,""min_obstacle_dist"":0.2697222030771175,""weight_obstacle"":51.343167513852364,""weight_optimaltime"":0.9368046522140502,""weight_viapoint"":1.0}","{""acc_lim_theta"":0.7781772703476233,""acc_lim_x"":0.7726683156384451,""inflation_dist"":0.5526573651420934,""max_vel_theta"":0.9251814336011537,""max_vel_x"":1.1472915375176809,""min_obstacle_dist"":0.2697222030771175,""weight_obstacle"":51.343167513852364,""weight_optimaltime"":0.9368046522140502,""weight_viapoint"":1.0}","{""acc_lim_theta"":0.7781772703476233,""acc_lim_x"":0.7726683156384451,""inflation_dist"":0.5526573651420934,""max_vel_theta"":0.9251814336011537,""max_vel_x"":1.1472915375176809,""min_obstacle_dist"":0.2697222030771175,""weight_obstacle"":51.343167513852364,""weight_optimaltime"":0.9368046522140502,""weight_viapoint"":1.0}","{""acc_lim_theta"":0.7781772703476233,""acc_lim_x"":0.7726683156384451,""inflation_dist"":0.5526573651420934,""max_vel_theta"":0.9251814336011537,""max_vel_x"":1.1472915375176809,""min_obstacle_dist"":0.2697222030771175,""weight_obstacle"":51.343167513852364,""weight_optimaltime"":0.9368046522140502,""weight_viapoint"":1.0}",false,,false,NORMAL,,false,,11.781324217226668,1.903339061240929,-0.05,-0.0,-0.0004643148668877282,-0.01875726955065236,-0.0,-0.05279325959672111,10.0,0.0,0.0,0.0,0.0,0.0,0.0,32.00000000000003,97.99999999999898,true,
t11_boundary_stress_acceptance,t11_boundary_stress_acceptance-episode-000005,0,1,20.354,19.754,19.756,19.792,19.804,20.304,0,0.5,true,,2.422462820911062,1.9007122587212117,0.009132072524348533,0.010665963972791164,30.0,0.0,25.525585725702907,1.1752913458041276,0.006385142188756882,"[0.0,0.0,0.0,0.0,0.0]","[-0.11856526136398315,0.7012701034545898,0.22198617458343506,-0.8697691559791565,0.3179445266723633]","[-0.11856526136398315,0.7012701034545898,0.22198617458343506,-0.8697691559791565,0.3179445266723633]","{""acc_lim_theta"":0.8,""acc_lim_x"":0.8,""inflation_dist"":0.55,""max_vel_theta"":1.0,""max_vel_x"":1.2,""min_obstacle_dist"":0.25,""weight_obstacle"":50.0,""weight_optimaltime"":1.0,""weight_viapoint"":1.0}","{""acc_lim_theta"":0.7717943953089891,""acc_lim_x"":0.8,""inflation_dist"":0.55,""max_vel_theta"":1.0,""max_vel_x"":1.1994889214707012,""min_obstacle_dist"":0.2721684022655465,""weight_obstacle"":50.0,""weight_optimaltime"":1.0,""weight_viapoint"":1.0}","{""acc_lim_theta"":0.7717943953089891,""acc_lim_x"":0.8,""inflation_dist"":0.55,""max_vel_theta"":0.9995741012255843,""max_vel_x"":1.1994889214707012,""min_obstacle_dist"":0.2721684022655465,""weight_obstacle"":50.0,""weight_optimaltime"":1.0,""weight_viapoint"":1.0}","{""acc_lim_theta"":0.7717943953089891,""acc_lim_x"":0.8,""inflation_dist"":0.55,""max_vel_theta"":0.9995741012255843,""max_vel_x"":1.1994889214707012,""min_obstacle_dist"":0.2721684022655465,""weight_obstacle"":50.0,""weight_optimaltime"":1.0,""weight_viapoint"":1.0}","{""acc_lim_theta"":0.7717943953089891,""acc_lim_x"":0.8,""inflation_dist"":0.55,""max_vel_theta"":0.9995741012255843,""max_vel_x"":1.1994889214707012,""min_obstacle_dist"":0.2721684022655465,""weight_obstacle"":50.0,""weight_optimaltime"":1.0,""weight_viapoint"":1.0}",true,max_vel_theta:ackermann_turning_radius,false,NORMAL,,false,,2.3945751582975996,2.6087528109492517,-0.05,-0.0,-2.6709359540306027e-05,-0.14806182170337412,-0.0,-0.01608912158873761,0.0,0.0,0.0,1.0,0.0,0.0,0.0,36.000000000001364,47.999999999998266,true,
t11_boundary_stress_acceptance,t11_boundary_stress_acceptance-episode-000005,1,2,20.948,20.354,20.356,20.394,20.398,20.898,0,0.5,true,,1.7833125048333185,1.201772537275993,0.005214130272303824,0.04791914759399939,30.0,0.0,25.780561732133435,1.1636674294263871,-0.03870895070988606,"[-0.11856526136398315,0.7012701034545898,0.22198617458343506,-0.8697691559791565,0.3179445266723633]","[0.6826639175415039,-0.8337111473083496,0.8358063697814941,-0.8720431923866272,0.38493990898132324]","[0.5640986561775208,-0.13244104385375977,1.0,-1.0,0.7028844356536865]","{""acc_lim_theta"":0.7717943953089891,""acc_lim_x"":0.8,""inflation_dist"":0.55,""max_vel_theta"":0.9995741012255843,""max_vel_x"":1.1994889214707012,""min_obstacle_dist"":0.2721684022655465,""weight_obstacle"":50.0,""weight_optimaltime"":1.0,""weight_viapoint"":1.0}","{""acc_lim_theta"":0.708635162728559,""acc_lim_x"":0.8,""inflation_dist"":0.55,""max_vel_theta"":0.9995741012255843,""max_vel_x"":1.2,""min_obstacle_dist"":0.2754011050198121,""weight_obstacle"":50.0,""weight_optimaltime"":0.9166288852691651,""weight_viapoint"":1.0}","{""acc_lim_theta"":0.708635162728559,""acc_lim_x"":0.8,""inflation_dist"":0.55,""max_vel_theta"":0.9995741012255843,""max_vel_x"":1.2,""min_obstacle_dist"":0.2754011050198121,""weight_obstacle"":50.0,""weight_optimaltime"":0.9166288852691651,""weight_viapoint"":1.0}","{""acc_lim_theta"":0.708635162728559,""acc_lim_x"":0.8,""inflation_dist"":0.55,""max_vel_theta"":0.9995741012255843,""max_vel_x"":1.2,""min_obstacle_dist"":0.2754011050198121,""weight_obstacle"":50.0,""weight_optimaltime"":0.9166288852691651,""weight_viapoint"":1.0}","{""acc_lim_theta"":0.708635162728559,""acc_lim_x"":0.8,""inflation_dist"":0.55,""max_vel_theta"":0.9995741012255843,""max_vel_x"":1.2,""min_obstacle_dist"":0.2754011050198121,""weight_obstacle"":50.0,""weight_optimaltime"":0.9166288852691651,""weight_viapoint"":1.0}",false,,false,NORMAL,,false,,2.8235163742715605,2.9076998377866268,-0.05,-0.0,-7.245180903773779e-05,-0.0002687197581645822,-0.0,-0.03384229194786387,0.0,0.0,0.0,0.0,0.0,0.0,0.0,37.9999999999967,41.99999999999804,true,
t11_boundary_stress_acceptance,t11_boundary_stress_acceptance-episode-000005,2,3,22.806,20.934,20.95,20.984,20.996,21.496,0,0.5,true,,1.0854059003855847,0.562038595825291,0.007680693395371846,0.004442197277992917,30.0,0.0,600.0,0.0,0.0,"[0.5640986561775208,-0.13244104385375977,1.0,-1.0,0.7028844356536865]","[-0.2665055990219116,0.006837368011474609,-0.6490141153335571,-0.6539789438247681,-0.43231236934661865]","[0.29759305715560913,-0.12560367584228516,0.35098588466644287,-1.0,0.27057206630706787]","{""acc_lim_theta"":0.708635162728559,""acc_lim_x"":0.8,""inflation_dist"":0.55,""max_vel_theta"":0.9995741012255843,""max_vel_x"":1.2,""min_obstacle_dist"":0.2754011050198121,""weight_obstacle"":50.0,""weight_optimaltime"":0.9166288852691651,""weight_viapoint"":1.0}","{""acc_lim_theta"":0.7171594593119202,""acc_lim_x"":0.8,""inflation_dist"":0.5560087365558223,""max_vel_theta"":0.9995741012255843,""max_vel_x"":1.2,""min_obstacle_dist"":0.2580973319537879,""weight_obstacle"":52.33434538509572,""weight_optimaltime"":0.9173126220703125,""weight_viapoint"":1.0}","{""acc_lim_theta"":0.7171594593119202,""acc_lim_x"":0.8,""inflation_dist"":0.5560087365558223,""max_vel_theta"":0.9995741012255843,""max_vel_x"":1.2,""min_obstacle_dist"":0.2580973319537879,""weight_obstacle"":52.33434538509572,""weight_optimaltime"":0.9173126220703125,""weight_viapoint"":1.0}","{""acc_lim_theta"":0.7171594593119202,""acc_lim_x"":0.8,""inflation_dist"":0.5560087365558223,""max_vel_theta"":0.9995741012255843,""max_vel_x"":1.2,""min_obstacle_dist"":0.2580973319537879,""weight_obstacle"":52.33434538509572,""weight_optimaltime"":0.9173126220703125,""weight_viapoint"":1.0}","{""acc_lim_theta"":0.7171594593119202,""acc_lim_x"":0.8,""inflation_dist"":0.5560087365558223,""max_vel_theta"":0.9995741012255843,""max_vel_x"":1.2,""min_obstacle_dist"":0.2580973319537879,""weight_obstacle"":52.33434538509572,""weight_optimaltime"":0.9173126220703125,""weight_viapoint"":1.0}",false,,false,NORMAL,,false,,12.53148554527869,2.6168365228014685,-0.05,-0.0,-9.581327539440247e-05,-0.019680360871621748,-0.0,-0.015574803375762954,10.0,0.0,0.0,0.0,0.0,0.0,0.0,34.00000000000247,45.999999999999375,true,
t11_boundary_stress_acceptance,t11_boundary_stress_acceptance-episode-000006,0,1,24.422,23.774,23.778,23.822,23.92,24.42,0,0.4499999999999993,true,,2.453462867726018,2.1003283571156732,0.019784111877036662,0.05910800674126677,30.0,0.0,26.58922518708984,1.1282765777833281,-0.08799807916410914,"[0.0,0.0,0.0,0.0,0.0]","[0.5958369970321655,0.6725115776062012,0.5825800895690918,-0.32665127515792847,-0.31885290145874023]","[0.5958369970321655,0.6725115776062012,0.5825800895690918,-0.32665127515792847,-0.31885290145874023]","{""acc_lim_theta"":0.8,""acc_lim_x"":0.8,""inflation_dist"":0.55,""max_vel_theta"":1.0,""max_vel_x"":1.2,""min_obstacle_dist"":0.25,""weight_obstacle"":50.0,""weight_optimaltime"":1.0,""weight_viapoint"":1.0}","{""acc_lim_theta"":0.7780035495820558,""acc_lim_x"":0.8,""inflation_dist"":0.55,""max_vel_theta"":1.0,""max_vel_x"":1.2,""min_obstacle_dist"":0.2812059780487821,""weight_obstacle"":51.72170137109313,""weight_optimaltime"":1.0,""weight_viapoint"":1.0}","{""acc_lim_theta"":0.7780035495820558,""acc_lim_x"":0.8,""inflation_dist"":0.55,""max_vel_theta"":1.0,""max_vel_x"":1.2,""min_obstacle_dist"":0.2812059780487821,""weight_obstacle"":51.72170137109313,""weight_optimaltime"":1.0,""weight_viapoint"":1.0}","{""acc_lim_theta"":0.7780035495820558,""acc_lim_x"":0.8,""inflation_dist"":0.55,""max_vel_theta"":1.0,""max_vel_x"":1.2,""min_obstacle_dist"":0.2812059780487821,""weight_obstacle"":51.72170137109313,""weight_optimaltime"":1.0,""weight_viapoint"":1.0}","{""acc_lim_theta"":0.7780035495820558,""acc_lim_x"":0.8,""inflation_dist"":0.55,""max_vel_theta"":1.0,""max_vel_x"":1.2,""min_obstacle_dist"":0.2812059780487821,""weight_obstacle"":51.72170137109313,""weight_optimaltime"":1.0,""weight_viapoint"":1.0}",false,,false,NORMAL,,false,,1.5505634799438526,1.7656725530517248,-0.04499999999999993,-0.0,-6.348739259562632e-05,-0.1486206791490917,-0.0,-0.021424906566185186,0.0,0.0,0.0,0.0,0.0,0.0,0.0,44.00000000000048,142.000000000003,true,
t11_boundary_stress_acceptance,t11_boundary_stress_acceptance-episode-000006,1,2,25.02,24.418,24.424,24.468,24.518,25.018,0,0.4499999999999993,true,,1.9170912763952657,1.4060880430384533,0.02446649104869642,0.0629651247694837,30.0,0.0,25.76331333559511,1.1644464983683367,0.12952932133735598,"[0.5958369970321655,0.6725115776062012,0.5825800895690918,-0.32665127515792847,-0.31885290145874023]","[-0.10757201910018921,-0.6872943043708801,-0.22614240646362305,0.09532833099365234,-0.41280806064605713]","[0.4882649779319763,-0.014782726764678955,0.35643768310546875,-0.23132294416427612,-0.7316609621047974]","{""acc_lim_theta"":0.7780035495820558,""acc_lim_x"":0.8,""inflation_dist"":0.55,""max_vel_theta"":1.0,""max_vel_x"":1.2,""min_obstacle_dist"":0.2812059780487821,""weight_obstacle"":51.72170137109313,""weight_optimaltime"":1.0,""weight_viapoint"":1.0}","{""acc_lim_theta"":0.7986774481462834,""acc_lim_x"":0.7695963892597418,""inflation_dist"":0.5520936834999979,""max_vel_theta"":1.0,""max_vel_x"":1.2,""min_obstacle_dist"":0.2592485246246461,""weight_obstacle"":53.950729869065206,""weight_optimaltime"":0.931270569562912,""weight_viapoint"":1.0}","{""acc_lim_theta"":0.7986774481462834,""acc_lim_x"":0.7695963892597418,""inflation_dist"":0.5520936834999979,""max_vel_theta"":1.0,""max_vel_x"":1.2,""min_obstacle_dist"":0.2592485246246461,""weight_obstacle"":53.950729869065206,""weight_optimaltime"":0.931270569562912,""weight_viapoint"":1.0}","{""acc_lim_theta"":0.7986774481462834,""acc_lim_x"":0.7695963892597418,""inflation_dist"":0.5520936834999979,""max_vel_theta"":1.0,""max_vel_x"":1.2,""min_obstacle_dist"":0.2592485246246461,""weight_obstacle"":53.950729869065206,""weight_optimaltime"":0.931270569562912,""weight_viapoint"":1.0}","{""acc_lim_theta"":0.7986774481462834,""acc_lim_x"":0.7695963892597418,""inflation_dist"":0.5520936834999979,""max_vel_theta"":1.0,""max_vel_x"":1.2,""min_obstacle_dist"":0.2592485246246461,""weight_obstacle"":53.950729869065206,""weight_optimaltime"":0.931270569562912,""weight_viapoint"":1.0}",false,,false,NORMAL,,false,,2.469169050296379,2.5550161667840623,-0.04499999999999993,-0.0,-0.00030703110240814125,-0.0001855883204240721,-0.0,-0.04035449706485129,0.0,0.0,0.0,0.0,0.0,0.0,0.0,44.00000000000048,94.0000000000012,true,
t11_boundary_stress_acceptance,t11_boundary_stress_acceptance-episode-000006,2,3,25.618,25.018,25.022,25.058,25.116,25.616,0,0.45000000000000284,true,,1.219780979009755,0.7367075139438447,0.0518422904490379,0.07646055909977562,30.0,0.0,30.717558848725528,0.9766401082762051,-0.028869487696504256,"[0.4882649779319763,-0.014782726764678955,0.35643768310546875,-0.23132294416427612,-0.7316609621047974]","[-0.6674314737319946,-0.8238760828971863,-0.09236234426498413,0.0592041015625,-0.38743847608566284]","[-0.1791664958000183,-0.8386588096618652,0.2640753388404846,-0.17211884260177612,-1.0]","{""acc_lim_theta"":0.7986774481462834,""acc_lim_x"":0.7695963892597418,""inflation_dist"":0.5520936834999979,""max_vel_theta"":1.0,""max_vel_x"":1.2,""min_obstacle_dist"":0.2592485246246461,""weight_obstacle"":53.950729869065206,""weight_optimaltime"":0.931270569562912,""weight_viapoint"":1.0}","{""acc_lim_theta"":0.8,""acc_lim_x"":0.7284974690516757,""inflation_dist"":0.552948797404695,""max_vel_theta"":1.0,""max_vel_x"":1.2,""min_obstacle_dist"":0.25,""weight_obstacle"":56.04277090880226,""weight_optimaltime"":0.8488829612731934,""weight_viapoint"":1.0}","{""acc_lim_theta"":0.8,""acc_lim_x"":0.7284974690516757,""inflation_dist"":0.552948797404695,""max_vel_theta"":1.0,""max_vel_x"":1.2,""min_obstacle_dist"":0.25,""weight_obstacle"":56.04277090880226,""weight_optimaltime"":0.8488829612731934,""weight_viapoint"":1.0}","{""acc_lim_theta"":0.8,""acc_lim_x"":0.7284974690516757,""inflation_dist"":0.552948797404695,""max_vel_theta"":1.0,""max_vel_x"":1.2,""min_obstacle_dist"":0.25,""weight_obstacle"":56.04277090880226,""weight_optimaltime"":0.8488829612731934,""weight_viapoint"":1.0}","{""acc_lim_theta"":0.8,""acc_lim_x"":0.7284974690516757,""inflation_dist"":0.552948797404695,""max_vel_theta"":1.0,""max_vel_x"":1.2,""min_obstacle_dist"":0.25,""weight_obstacle"":56.04277090880226,""weight_optimaltime"":0.8488829612731934,""weight_viapoint"":1.0}",false,,false,NORMAL,,false,,2.321917509275442,2.415367325329551,-0.04500000000000029,-0.0,-0.0006191052490604573,-0.012620010943841296,-0.0,-0.035210699861206875,0.0,0.0,0.0,0.0,0.0,0.0,0.0,36.000000000001364,94.0000000000012,true,
t11_boundary_stress_acceptance,t11_boundary_stress_acceptance-episode-000006,3,4,27.118,25.616,25.62,25.67,25.716,26.216,0,0.4499999999999993,true,,0.5917099547587591,0.27828310182346194,0.0057571356576923945,0.004110516053475346,30.0,0.0,600.0,0.0,0.0,"[-0.1791664958000183,-0.8386588096618652,0.2640753388404846,-0.17211884260177612,-1.0]","[-0.9831876754760742,-0.056493282318115234,0.907783031463623,0.15851342678070068,-0.04196745157241821]","[-1.0,-0.8951520919799805,1.0,-0.01360541582107544,-1.0]","{""acc_lim_theta"":0.8,""acc_lim_x"":0.7284974690516757,""inflation_dist"":0.552948797404695,""max_vel_theta"":1.0,""max_vel_x"":1.2,""min_obstacle_dist"":0.25,""weight_obstacle"":56.04277090880226,""weight_optimaltime"":0.8488829612731934,""weight_viapoint"":1.0}","{""acc_lim_theta"":0.8,""acc_lim_x"":0.7162982737216623,""inflation_dist"":0.55,""max_vel_theta"":1.0,""max_vel_x"":1.1803901156432481,""min_obstacle_dist"":0.2731191273366078,""weight_obstacle"":56.269381419739915,""weight_optimaltime"":0.8432336330413819,""weight_viapoint"":1.0}","{""acc_lim_theta"":0.8,""acc_lim_x"":0.7162982737216623,""inflation_dist"":0.55,""max_vel_theta"":0.9836584297027068,""max_vel_x"":1.1803901156432481,""min_obstacle_dist"":0.2731191273366078,""weight_obstacle"":56.269381419739915,""weight_optimaltime"":0.8432336330413819,""weight_viapoint"":1.0}","{""acc_lim_theta"":0.8,""acc_lim_x"":0.7162982737216623,""inflation_dist"":0.55,""max_vel_theta"":0.9836584297027068,""max_vel_x"":1.1803901156432481,""min_obstacle_dist"":0.2731191273366078,""weight_obstacle"":56.269381419739915,""weight_optimaltime"":0.8432336330413819,""weight_viapoint"":1.0}","{""acc_lim_theta"":0.8,""acc_lim_x"":0.7162982737216623,""inflation_dist"":0.55,""max_vel_theta"":0.9836584297027068,""max_vel_x"":1.1803901156432481,""min_obstacle_dist"":0.2731191273366078,""weight_obstacle"":56.269381419739915,""weight_optimaltime"":0.8432336330413819,""weight_viapoint"":1.0}",true,max_vel_theta:ackermann_turning_radius,false,NORMAL,,false,,11.483280548998026,1.5671342646764859,-0.04499999999999993,-0.0,-0.0011814317352746209,-0.016412605844684732,-0.0,-0.02125967809849993,10.0,0.0,0.0,1.0,0.0,0.0,0.0,50.00000000000071,96.00000000000009,true,
t11_boundary_stress_acceptance,t11_boundary_stress_acceptance-episode-000007,0,1,28.712,28.114,28.118,28.156,28.162,28.662,0,0.5,true,,2.4904877340814884,1.9932431458527389,0.0048263958692722425,0.007660435868719385,30.0,0.0,26.498115835610687,1.1321559686022336,0.0018362692203046096,"[0.0,0.0,0.0,0.0,0.0]","[-0.09198421239852905,-0.33867865800857544,0.18519902229309082,-0.6162745356559753,0.7849361896514893]","[-0.09198421239852905,-0.33867865800857544,0.18519902229309082,-0.6162745356559753,0.7849361896514893]","{""acc_lim_theta"":0.8,""acc_lim_x"":0.8,""inflation_dist"":0.55,""max_vel_theta"":1.0,""max_vel_x"":1.2,""min_obstacle_dist"":0.25,""weight_obstacle"":50.0,""weight_optimaltime"":1.0,""weight_viapoint"":1.0}","{""acc_lim_theta"":0.7615798085834956,""acc_lim_x"":0.8,""inflation_dist"":0.55,""max_vel_theta"":1.0,""max_vel_x"":1.1669658072675537,""min_obstacle_dist"":0.25,""weight_obstacle"":50.0,""weight_optimaltime"":0.9661321341991425,""weight_viapoint"":1.0}","{""acc_lim_theta"":0.7615798085834956,""acc_lim_x"":0.8,""inflation_dist"":0.55,""max_vel_theta"":0.9724715060562948,""max_vel_x"":1.1669658072675537,""min_obstacle_dist"":0.25,""weight_obstacle"":50.0,""weight_optimaltime"":0.9661321341991425,""weight_viapoint"":1.0}","{""acc_lim_theta"":0.7615798085834956,""acc_lim_x"":0.8,""inflation_dist"":0.55,""max_vel_theta"":0.9724715060562948,""max_vel_x"":1.1669658072675537,""min_obstacle_dist"":0.25,""weight_obstacle"":50.0,""weight_optimaltime"":0.9661321341991425,""weight_viapoint"":1.0}","{""acc_lim_theta"":0.7615798085834956,""acc_lim_x"":0.8,""inflation_dist"":0.55,""max_vel_theta"":0.9724715060562948,""max_vel_x"":1.1669658072675537,""min_obstacle_dist"":0.25,""weight_obstacle"":50.0,""weight_optimaltime"":0.9661321341991425,""weight_viapoint"":1.0}",true,max_vel_theta:ackermann_turning_radius,false,NORMAL,,false,,2.2087803009030753,2.4862229411437475,-0.05,-0.0,-3.687517129564594e-05,-0.20001574647759704,-0.0,-0.027390018591779686,0.0,0.0,0.0,1.0,0.0,0.0,0.0,38.000000000000256,44.00000000000048,true,
t11_boundary_stress_acceptance,t11_boundary_stress_acceptance-episode-000007,1,2,29.312,28.694,28.714,28.746,28.762,29.262,0,0.5,true,,1.8800276368699196,1.2971773482695057,0.0084441439075677,0.005772189171422903,30.0,0.0,25.728513135842007,1.1660215202334194,0.01968756520755669,"[-0.09198421239852905,-0.33867865800857544,0.18519902229309082,-0.6162745356559753,0.7849361896514893]","[-0.09242075681686401,0.33203279972076416,-0.8728745579719543,-0.26737749576568604,-0.6979893445968628]","[-0.18440496921539307,-0.006645858287811279,-0.6876755356788635,-0.8836520314216614,0.08694684505462646]","{""acc_lim_theta"":0.7615798085834956,""acc_lim_x"":0.8,""inflation_dist"":0.55,""max_vel_theta"":0.9724715060562948,""max_vel_x"":1.1669658072675537,""min_obstacle_dist"":0.25,""weight_obstacle"":50.0,""weight_optimaltime"":0.9661321341991425,""weight_viapoint"":1.0}","{""acc_lim_theta"":0.7818633029991049,""acc_lim_x"":0.8,""inflation_dist"":0.5580812930585303,""max_vel_theta"":0.9724715060562948,""max_vel_x"":1.2,""min_obstacle_dist"":0.25,""weight_obstacle"":53.76891414850844,""weight_optimaltime"":0.9993354141712188,""weight_viapoint"":1.0}","{""acc_lim_theta"":0.7818633029991049,""acc_lim_x"":0.8,""inflation_dist"":0.5580812930585303,""max_vel_theta"":0.9724715060562948,""max_vel_x"":1.2,""min_obstacle_dist"":0.25,""weight_obstacle"":53.76891414850844,""weight_optimaltime"":0.9993354141712188,""weight_viapoint"":1.0}","{""acc_lim_theta"":0.7818633029991049,""acc_lim_x"":0.8,""inflation_dist"":0.5580812930585303,""max_vel_theta"":0.9724715060562948,""max_vel_x"":1.2,""min_obstacle_dist"":0.25,""weight_obstacle"":53.76891414850844,""weight_optimaltime"":0.9993354141712188,""weight_viapoint"":1.0}","{""acc_lim_theta"":0.7818633029991049,""acc_lim_x"":0.8,""inflation_dist"":0.5580812930585303,""max_vel_theta"":0.9724715060562948,""max_vel_x"":1.2,""min_obstacle_dist"":0.25,""weight_obstacle"":53.76891414850844,""weight_optimaltime"":0.9993354141712188,""weight_viapoint"":1.0}",false,,false,NORMAL,,false,,2.8359802918816146,2.9142514430020694,-0.05,-0.0,-4.9756094875502016e-05,-0.0011573974676384348,-0.0,-0.027063997557941307,0.0,0.0,0.0,0.0,0.0,0.0,0.0,32.00000000000003,48.00000000000182,true,
t11_boundary_stress_acceptance,t11_boundary_stress_acceptance-episode-000007,2,3,29.862,29.294,29.314,29.358,29.36,29.86,0,0.45000000000000284,true,,1.180575214528556,0.6928588444054207,0.015039991668289726,0.006021868483923753,30.0,0.0,31.130622690685122,0.9636813339097318,-0.0018925234241112207,"[-0.18440496921539307,-0.006645858287811279,-0.6876755356788635,-0.8836520314216614,0.08694684505462646]","[-0.6282915472984314,0.28096818923950195,0.3172224760055542,0.26600027084350586,-0.3454347252845764]","[-0.8126965165138245,0.2743223309516907,-0.3704530596733093,-0.6176517605781555,-0.25848788022994995]","{""acc_lim_theta"":0.7818633029991049,""acc_lim_x"":0.8,""inflation_dist"":0.5580812930585303,""max_vel_theta"":0.9724715060562948,""max_vel_x"":1.2,""min_obstacle_dist"":0.25,""weight_obstacle"":53.76891414850844,""weight_optimaltime"":0.9993354141712188,""weight_viapoint"":1.0}","{""acc_lim_theta"":0.8,""acc_lim_x"":0.7925838459359236,""inflation_dist"":0.5551443672769957,""max_vel_theta"":0.9724715060562948,""max_vel_x"":1.2,""min_obstacle_dist"":0.2650238286874348,""weight_obstacle"":55.634148673346516,""weight_optimaltime"":1.0,""weight_viapoint"":1.0}","{""acc_lim_theta"":0.8,""acc_lim_x"":0.7925838459359236,""inflation_dist"":0.5551443672769957,""max_vel_theta"":0.9724715060562948,""max_vel_x"":1.2,""min_obstacle_dist"":0.2650238286874348,""weight_obstacle"":55.634148673346516,""weight_optimaltime"":1.0,""weight_viapoint"":1.0}","{""acc_lim_theta"":0.8,""acc_lim_x"":0.7925838459359236,""inflation_dist"":0.5551443672769957,""max_vel_theta"":0.9724715060562948,""max_vel_x"":1.2,""min_obstacle_dist"":0.2650238286874348,""weight_obstacle"":55.634148673346516,""weight_optimaltime"":1.0,""weight_viapoint"":1.0}","{""acc_lim_theta"":0.8,""acc_lim_x"":0.7925838459359236,""inflation_dist"":0.5551443672769957,""max_vel_theta"":0.9724715060562948,""max_vel_x"":1.2,""min_obstacle_dist"":0.2650238286874348,""weight_obstacle"":55.634148673346516,""weight_optimaltime"":1.0,""weight_viapoint"":1.0}",false,,false,NORMAL,,false,,2.366775602302041,2.4385818506156767,-0.04500000000000029,-0.0,-7.733015382105785e-05,-0.009628666051297238,-0.0,-0.01710025210851623,0.0,0.0,0.0,0.0,0.0,0.0,0.0,44.00000000000048,45.999999999999375,true,
t11_boundary_stress_acceptance,t11_boundary_stress_acceptance-episode-000007,3,4,31.262,29.854,29.866,29.902,29.96,30.46,0,0.4499999999999993,true,,0.5465564175962441,0.23273899266931636,0.0001947232612071784,9.210005347129514e-05,30.0,0.0,600.0,0.0,0.0,"[-0.8126965165138245,0.2743223309516907,-0.3704530596733093,-0.6176517605781555,-0.25848788022994995]","[0.7097079753875732,0.5584468841552734,0.1935199499130249,-0.2496103048324585,0.47618961334228516]","[-0.10298854112625122,0.8327692151069641,-0.17693310976028442,-0.867262065410614,0.2177017331123352]","{""acc_lim_theta"":0.8,""acc_lim_x"":0.7925838459359236,""inflation_dist"":0.5551443672769957,""max_vel_theta"":0.9724715060562948,""max_vel_x"":1.2,""min_obstacle_dist"":0.2650238286874348,""weight_obstacle"":55.634148673346516,""weight_optimaltime"":1.0,""weight_viapoint"":1.0}","{""acc_lim_theta"":0.7486952951449308,""acc_lim_x"":0.8,""inflation_dist"":0.5533527107169135,""max_vel_theta"":0.9724715060562948,""max_vel_x"":1.1913798720307824,""min_obstacle_dist"":0.28312783748441184,""weight_obstacle"":53.0628805229207,""weight_optimaltime"":1.0,""weight_viapoint"":1.0}","{""acc_lim_theta"":0.7486952951449308,""acc_lim_x"":0.8,""inflation_dist"":0.5533527107169135,""max_vel_theta"":0.9724715060562948,""max_vel_x"":1.1913798720307824,""min_obstacle_dist"":0.28312783748441184,""weight_obstacle"":53.0628805229207,""weight_optimaltime"":1.0,""weight_viapoint"":1.0}","{""acc_lim_theta"":0.7486952951449308,""acc_lim_x"":0.8,""inflation_dist"":0.5533527107169135,""max_vel_theta"":0.9724715060562948,""max_vel_x"":1.1913798720307824,""min_obstacle_dist"":0.28312783748441184,""weight_obstacle"":53.0628805229207,""weight_optimaltime"":1.0,""weight_viapoint"":1.0}","{""acc_lim_theta"":0.7486952951449308,""acc_lim_x"":0.8,""inflation_dist"":0.5533527107169135,""max_vel_theta"":0.9724715060562948,""max_vel_x"":1.1913798720307824,""min_obstacle_dist"":0.28312783748441184,""weight_obstacle"":53.0628805229207,""weight_optimaltime"":1.0,""weight_viapoint"":1.0}",false,,false,NORMAL,,false,,11.475639255851643,1.5690871246346385,-0.04499999999999993,-0.0,-0.00012025595220632047,-0.019314668412181962,-0.0,-0.02901294441860765,10.0,0.0,0.0,0.0,0.0,0.0,0.0,36.000000000001364,94.0000000000012,true,
t11_boundary_stress_acceptance,t11_boundary_stress_acceptance-episode-000008,0,1,32.948,32.254,32.258,32.296,32.398,32.898,0,0.5,true,,2.452545166278426,2.0676110549447957,0.01619215725823665,0.04908885807443951,30.0,0.0,28.275424618080567,1.0609920241769477,0.07228273181313413,"[0.0,0.0,0.0,0.0,0.0]","[-0.4676133394241333,-0.5314018726348877,-0.941369354724884,0.4850422143936157,-0.678246259689331]","[-0.4676133394241333,-0.5314018726348877,-0.941369354724884,0.4850422143936157,-0.678246259689331]","{""acc_lim_theta"":0.8,""acc_lim_x"":0.8,""inflation_dist"":0.55,""max_vel_theta"":1.0,""max_vel_x"":1.2,""min_obstacle_dist"":0.25,""weight_obstacle"":50.0,""weight_optimaltime"":1.0,""weight_viapoint"":1.0}","{""acc_lim_theta"":0.8,""acc_lim_x"":0.7441543954488106,""inflation_dist"":0.5587154351818051,""max_vel_theta"":1.0,""max_vel_x"":1.2,""min_obstacle_dist"":0.25,""weight_obstacle"":53.662307947970845,""weight_optimaltime"":0.9468598127365112,""weight_viapoint"":1.0}","{""acc_lim_theta"":0.8,""acc_lim_x"":0.7441543954488106,""inflation_dist"":0.5587154351818051,""max_vel_theta"":1.0,""max_vel_x"":1.2,""min_obstacle_dist"":0.25,""weight_obstacle"":53.662307947970845,""weight_optimaltime"":0.9468598127365112,""weight_viapoint"":1.0}","{""acc_lim_theta"":0.8,""acc_lim_x"":0.7441543954488106,""inflation_dist"":0.5587154351818051,""max_vel_theta"":1.0,""max_vel_x"":1.2,""min_obstacle_dist"":0.25,""weight_obstacle"":53.662307947970845,""weight_optimaltime"":0.9468598127365112,""weight_viapoint"":1.0}","{""acc_lim_theta"":0.8,""acc_lim_x"":0.7441543954488106,""inflation_dist"":0.5587154351818051,""max_vel_theta"":1.0,""max_vel_x"":1.2,""min_obstacle_dist"":0.25,""weight_obstacle"":53.662307947970845,""weight_optimaltime"":0.9468598127365112,""weight_viapoint"":1.0}",false,,false,NORMAL,,false,,1.6262438841576483,1.924670556668151,-0.05,-0.0,-3.455032794448832e-05,-0.2139879433584628,-0.0,-0.034404178824095404,0.0,0.0,0.0,0.0,0.0,0.0,0.0,37.9999999999967,140.00000000000057,true,
t11_boundary_stress_acceptance,t11_boundary_stress_acceptance-episode-000008,1,2,33.542,32.946,32.95,32.986,32.992,33.492,0,0.5,true,,1.982906246751586,1.40138253720337,0.02363518562360894,0.02732109632473047,30.0,0.0,25.767927275930266,1.16423799550315,-0.025310074195560594,"[-0.4676133394241333,-0.5314018726348877,-0.941369354724884,0.4850422143936157,-0.678246259689331]","[-0.3351072669029236,-0.03863859176635742,-0.0466996431350708,0.6004409790039062,-0.7347507476806641]","[-0.8027206063270569,-0.5700404644012451,-0.9880689978599548,1.0,-1.0]","{""acc_lim_theta"":0.8,""acc_lim_x"":0.7441543954488106,""inflation_dist"":0.5587154351818051,""max_vel_theta"":1.0,""max_vel_x"":1.2,""min_obstacle_dist"":0.25,""weight_obstacle"":53.662307947970845,""weight_optimaltime"":0.9468598127365112,""weight_viapoint"":1.0}","{""acc_lim_theta"":0.8,""acc_lim_x"":0.7140186816772478,""inflation_dist"":0.5591477922696095,""max_vel_theta"":1.0,""max_vel_x"":1.2,""min_obstacle_dist"":0.25,""weight_obstacle"":57.62972164847687,""weight_optimaltime"":0.9429959535598755,""weight_viapoint"":1.0}","{""acc_lim_theta"":0.8,""acc_lim_x"":0.7140186816772478,""inflation_dist"":0.5591477922696095,""max_vel_theta"":1.0,""max_vel_x"":1.2,""min_obstacle_dist"":0.25,""weight_obstacle"":57.62972164847687,""weight_optimaltime"":0.9429959535598755,""weight_viapoint"":1.0}","{""acc_lim_theta"":0.8,""acc_lim_x"":0.7140186816772478,""inflation_dist"":0.5591477922696095,""max_vel_theta"":1.0,""max_vel_x"":1.2,""min_obstacle_dist"":0.25,""weight_obstacle"":57.62972164847687,""weight_optimaltime"":0.9429959535598755,""weight_viapoint"":1.0}","{""acc_lim_theta"":0.8,""acc_lim_x"":0.7140186816772478,""inflation_dist"":0.5591477922696095,""max_vel_theta"":1.0,""max_vel_x"":1.2,""min_obstacle_dist"":0.25,""weight_obstacle"":57.62972164847687,""weight_optimaltime"":0.9429959535598755,""weight_viapoint"":1.0}",false,,false,NORMAL,,false,,2.8302622057697815,2.907618547741081,-0.05,-0.0,-0.0003066957880398317,-0.010684587907514372,-0.0,-0.01636505827574542,0.0,0.0,0.0,0.0,0.0,0.0,0.0,35.99999999999426,41.999999999994486,true,
t11_boundary_stress_acceptance,t11_boundary_stress_acceptance-episode-000008,2,3,34.094,33.534,33.542,33.576,33.592,34.092,0,0.44999999999999574,true,,1.2849593644995247,0.7717687366092439,0.009410298695376344,0.032922639521001947,30.0,0.0,30.368767244678835,0.9878570229174037,-0.007517204682405704,"[-0.8027206063270569,-0.5700404644012451,-0.9880689978599548,1.0,-1.0]","[0.24680018424987793,0.04407703876495361,-0.5512921810150146,-0.3786509037017822,-0.21510076522827148]","[-0.555920422077179,-0.5259634256362915,-1.0,0.6213490962982178,-1.0]","{""acc_lim_theta"":0.8,""acc_lim_x"":0.7140186816772478,""inflation_dist"":0.5591477922696095,""max_vel_theta"":1.0,""max_vel_x"":1.2,""min_obstacle_dist"":0.25,""weight_obstacle"":57.62972164847687,""weight_optimaltime"":0.9429959535598755,""weight_viapoint"":1.0}","{""acc_lim_theta"":0.7874106878992402,""acc_lim_x"":0.7264182394444867,""inflation_dist"":0.5642517944827222,""max_vel_theta"":1.0,""max_vel_x"":1.2,""min_obstacle_dist"":0.25,""weight_obstacle"":58.79119542124923,""weight_optimaltime"":0.9474036574363709,""weight_viapoint"":1.0}","{""acc_lim_theta"":0.7874106878992402,""acc_lim_x"":0.7264182394444867,""inflation_dist"":0.5642517944827222,""max_vel_theta"":1.0,""max_vel_x"":1.2,""min_obstacle_dist"":0.25,""weight_obstacle"":58.79119542124923,""weight_optimaltime"":0.9474036574363709,""weight_viapoint"":1.0}","{""acc_lim_theta"":0.7874106878992402,""acc_lim_x"":0.7264182394444867,""inflation_dist"":0.5642517944827222,""max_vel_theta"":1.0,""max_vel_x"":1.2,""min_obstacle_dist"":0.25,""weight_obstacle"":58.79119542124923,""weight_optimaltime"":0.9474036574363709,""weight_viapoint"":1.0}","{""acc_lim_theta"":0.7874106878992402,""acc_lim_x"":0.7264182394444867,""inflation_dist"":0.5642517944827222,""max_vel_theta"":1.0,""max_vel_x"":1.2,""min_obstacle_dist"":0.25,""weight_obstacle"":58.79119542124923,""weight_optimaltime"":0.9474036574363709,""weight_viapoint"":1.0}",false,,false,NORMAL,,false,,2.4971630887776435,2.565953139451404,-0.044999999999999575,-0.0,-9.642132401338928e-05,-0.012783637215300361,-0.0,-0.010909992134447108,0.0,0.0,0.0,0.0,0.0,0.0,0.0,33.99999999999892,49.99999999999716,true,
t11_boundary_stress_acceptance,t11_boundary_stress_acceptance-episode-000008,3,4,35.7,34.09,34.094,34.128,34.19,34.69,0,0.5,true,,0.6398139386990911,0.281655254090465,0.0025736791481328985,0.0015315780800169217,30.0,0.0,600.0,0.0,0.0,"[-0.555920422077179,-0.5259634256362915,-1.0,0.6213490962982178,-1.0]","[-0.7593196034431458,-0.8996222615242004,-0.6895315647125244,-0.196819007396698,0.7114260196685791]","[-1.0,-1.0,-1.0,0.4245300889015198,-0.2885739803314209]","{""acc_lim_theta"":0.7874106878992402,""acc_lim_x"":0.7264182394444867,""inflation_dist"":0.5642517944827222,""max_vel_theta"":1.0,""max_vel_x"":1.2,""min_obstacle_dist"":0.25,""weight_obstacle"":58.79119542124923,""weight_optimaltime"":0.9474036574363709,""weight_viapoint"":1.0}","{""acc_lim_theta"":0.7894406014880354,""acc_lim_x"":0.6829153712223011,""inflation_dist"":0.5706356518155509,""max_vel_theta"":1.0,""max_vel_x"":1.1490361087115377,""min_obstacle_dist"":0.25,""weight_obstacle"":54.94972762248993,""weight_optimaltime"":0.8574414312839509,""weight_viapoint"":1.0}","{""acc_lim_theta"":0.7894406014880354,""acc_lim_x"":0.6829153712223011,""inflation_dist"":0.5706356518155509,""max_vel_theta"":0.9575300905929481,""max_vel_x"":1.1490361087115377,""min_obstacle_dist"":0.25,""weight_obstacle"":54.94972762248993,""weight_optimaltime"":0.8574414312839509,""weight_viapoint"":1.0}","{""acc_lim_theta"":0.7894406014880354,""acc_lim_x"":0.6829153712223011,""inflation_dist"":0.5706356518155509,""max_vel_theta"":0.9575300905929481,""max_vel_x"":1.1490361087115377,""min_obstacle_dist"":0.25,""weight_obstacle"":54.94972762248993,""weight_optimaltime"":0.8574414312839509,""weight_viapoint"":1.0}","{""acc_lim_theta"":0.7894406014880354,""acc_lim_x"":0.6829153712223011,""inflation_dist"":0.5706356518155509,""max_vel_theta"":0.9575300905929481,""max_vel_x"":1.1490361087115377,""min_obstacle_dist"":0.25,""weight_obstacle"":54.94972762248993,""weight_optimaltime"":0.8574414312839509,""weight_viapoint"":1.0}",true,max_vel_theta:ackermann_turning_radius,false,NORMAL,,false,,11.66264655427691,1.7907934230431306,-0.05,-0.0,-4.516347898093255e-05,-0.022231206005720216,-0.0,-0.055870499281519596,10.0,0.0,0.0,1.0,0.0,0.0,0.0,33.99999999999892,95.99999999999653,true,
t11_boundary_stress_acceptance,t11_boundary_stress_acceptance-episode-000009,0,1,37.232,36.694,36.696,36.716,36.73,37.23,0,0.45000000000000284,true,,2.5071726092801208,2.0716835119952144,0.02450978283741538,0.06375115441977443,30.0,0.0,26.430938767620507,1.1350334645227134,0.024242735347975098,"[0.0,0.0,0.0,0.0,0.0]","[-0.40841108560562134,0.6405587196350098,0.7594735622406006,-0.5493699908256531,0.6448376178741455]","[-0.40841108560562134,0.6405587196350098,0.7594735622406006,-0.5493699908256531,0.6448376178741455]","{""acc_lim_theta"":0.8,""acc_lim_x"":0.8,""inflation_dist"":0.55,""max_vel_theta"":1.0,""max_vel_x"":1.2,""min_obstacle_dist"":0.25,""weight_obstacle"":50.0,""weight_optimaltime"":1.0,""weight_viapoint"":1.0}","{""acc_lim_theta"":0.7808915940591189,""acc_lim_x"":0.8,""inflation_dist"":0.55,""max_vel_theta"":1.0,""max_vel_x"":1.167642513951,""min_obstacle_dist"":0.28522733208126544,""weight_obstacle"":50.0,""weight_optimaltime"":1.0,""weight_viapoint"":1.0}","{""acc_lim_theta"":0.7808915940591189,""acc_lim_x"":0.8,""inflation_dist"":0.55,""max_vel_theta"":0.9730354282925001,""max_vel_x"":1.167642513951,""min_obstacle_dist"":0.28522733208126544,""weight_obstacle"":50.0,""weight_optimaltime"":1.0,""weight_viapoint"":1.0}","{""acc_lim_theta"":0.7808915940591189,""acc_lim_x"":0.8,""inflation_dist"":0.55,""max_vel_theta"":0.9730354282925001,""max_vel_x"":1.167642513951,""min_obstacle_dist"":0.28522733208126544,""weight_obstacle"":50.0,""weight_optimaltime"":1.0,""weight_viapoint"":1.0}","{""acc_lim_theta"":0.7808915940591189,""acc_lim_x"":0.8,""inflation_dist"":0.55,""max_vel_theta"":0.9730354282925001,""max_vel_x"":1.167642513951,""min_obstacle_dist"":0.28522733208126544,""weight_obstacle"":50.0,""weight_optimaltime"":1.0,""weight_viapoint"":1.0}",true,max_vel_theta:ackermann_turning_radius,false,NORMAL,,false,,1.9269039858120727,2.177445486424532,-0.04500000000000029,-0.0,-6.35364436915344e-05,-0.17582410116804073,-0.0,-0.02965386300072642,0.0,0.0,0.0,1.0,0.0,0.0,0.0,20.000000000003126,33.99999999999892,true,
t11_boundary_stress_acceptance,t11_boundary_stress_acceptance-episode-000009,1,2,37.88,37.23,37.234,37.266,37.33,37.83,0,0.5,true,,1.913706494431958,1.3562446898347524,0.04426944470486726,0.0417677891793345,30.0,0.0,26.774369941635253,1.1204745458211047,-0.18259210134266907,"[-0.40841108560562134,0.6405587196350098,0.7594735622406006,-0.5493699908256531,0.6448376178741455]","[-0.06503832340240479,0.0392688512802124,0.555910587310791,-0.02184462547302246,0.280492901802063]","[-0.4734494090080261,0.6798275709152222,1.0,-0.5712146162986755,0.9253305196762085]","{""acc_lim_theta"":0.7808915940591189,""acc_lim_x"":0.8,""inflation_dist"":0.55,""max_vel_theta"":0.9730354282925001,""max_vel_x"":1.167642513951,""min_obstacle_dist"":0.28522733208126544,""weight_obstacle"":50.0,""weight_optimaltime"":1.0,""weight_viapoint"":1.0}","{""acc_lim_theta"":0.7735774613346882,""acc_lim_x"":0.8,""inflation_dist"":0.55,""max_vel_theta"":0.9730354282925001,""max_vel_x"":1.1506339808551926,""min_obstacle_dist"":0.3010909869222685,""weight_obstacle"":50.0,""weight_optimaltime"":1.0,""weight_viapoint"":1.0}","{""acc_lim_theta"":0.7735774613346882,""acc_lim_x"":0.8,""inflation_dist"":0.55,""max_vel_theta"":0.9588616507126606,""max_vel_x"":1.1506339808551926,""min_obstacle_dist"":0.3010909869222685,""weight_obstacle"":50.0,""weight_optimaltime"":1.0,""weight_viapoint"":1.0}","{""acc_lim_theta"":0.7735774613346882,""acc_lim_x"":0.8,""inflation_dist"":0.55,""max_vel_theta"":0.9588616507126606,""max_vel_x"":1.1506339808551926,""min_obstacle_dist"":0.3010909869222685,""weight_obstacle"":50.0,""weight_optimaltime"":1.0,""weight_viapoint"":1.0}","{""acc_lim_theta"":0.7735774613346882,""acc_lim_x"":0.8,""inflation_dist"":0.55,""max_vel_theta"":0.9588616507126606,""max_vel_x"":1.1506339808551926,""min_obstacle_dist"":0.3010909869222685,""weight_obstacle"":50.0,""weight_optimaltime"":1.0,""weight_viapoint"":1.0}",true,max_vel_theta:ackermann_turning_radius,false,NORMAL,,false,,2.7223823710496236,2.787309022986028,-0.05,-0.0,-0.0009535513580919972,-0.00012959442886757288,-0.0,-0.013843506149444702,0.0,0.0,0.0,1.0,0.0,0.0,0.0,31.999999999996476,95.99999999999653,true,
t11_boundary_stress_acceptance,t11_boundary_stress_acceptance-episode-000009,2,3,38.48,37.874,37.882,37.914,37.93,38.43,0,0.5,true,,1.2442602761835617,0.6942395340392195,0.000869454078792513,0.07799402798975671,30.0,0.0,32.56361242663463,0.9212737090391796,0.02639987156851693,"[-0.4734494090080261,0.6798275709152222,1.0,-0.5712146162986755,0.9253305196762085]","[-0.7077888250350952,-0.8749498724937439,0.6878719329833984,0.05840909481048584,-0.8998412489891052]","[-1.0,-0.19512230157852173,1.0,-0.5128055214881897,0.02548927068710327]","{""acc_lim_theta"":0.7735774613346882,""acc_lim_x"":0.8,""inflation_dist"":0.55,""max_vel_theta"":0.9588616507126606,""max_vel_x"":1.1506339808551926,""min_obstacle_dist"":0.3010909869222685,""weight_obstacle"":50.0,""weight_optimaltime"":1.0,""weight_viapoint"":1.0}","{""acc_lim_theta"":0.8,""acc_lim_x"":0.7671432621646959,""inflation_dist"":0.55,""max_vel_theta"":0.9588616507126606,""max_vel_x"":1.188345783838424,""min_obstacle_dist"":0.299391112241706,""weight_obstacle"":54.858848406468624,""weight_optimaltime"":0.9125050127506256,""weight_viapoint"":1.0}","{""acc_lim_theta"":0.8,""acc_lim_x"":0.7671432621646959,""inflation_dist"":0.55,""max_vel_theta"":0.9588616507126606,""max_vel_x"":1.188345783838424,""min_obstacle_dist"":0.299391112241706,""weight_obstacle"":54.858848406468624,""weight_optimaltime"":0.9125050127506256,""weight_viapoint"":1.0}","{""acc_lim_theta"":0.8,""acc_lim_x"":0.7671432621646959,""inflation_dist"":0.55,""max_vel_theta"":0.9588616507126606,""max_vel_x"":1.188345783838424,""min_obstacle_dist"":0.299391112241706,""weight_obstacle"":54.858848406468624,""weight_optimaltime"":0.9125050127506256,""weight_viapoint"":1.0}","{""acc_lim_theta"":0.8,""acc_lim_x"":0.7671432621646959,""inflation_dist"":0.55,""max_vel_theta"":0.9588616507126606,""max_vel_x"":1.188345783838424,""min_obstacle_dist"":0.299391112241706,""weight_obstacle"":54.858848406468624,""weight_optimaltime"":0.9125050127506256,""weight_viapoint"":1.0}",false,,false,NORMAL,,false,,2.642325370355285,2.7501037107217114,-0.05,-0.0,-0.00036711301880988656,-0.00840946359021998,-0.0,-0.04900176375739636,0.0,0.0,0.0,0.0,0.0,0.0,0.0,32.00000000000358,48.00000000000182,true,
t11_boundary_stress_acceptance,t11_boundary_stress_acceptance-episode-000009,3,4,39.938,38.474,38.48,38.528,38.628,39.128,0,0.5,true,,0.5172415089445538,0.18588742088011045,0.0034100309812398993,0.0023294657429972065,30.0,0.0,600.0,0.0,0.0,"[-1.0,-0.19512230157852173,1.0,-0.5128055214881897,0.02548927068710327]","[0.5192234516143799,0.5183217525482178,-0.4926137924194336,0.4070591926574707,0.9200718402862549]","[-0.4807765483856201,0.32319945096969604,0.5073862075805664,-0.105746328830719,0.9455611109733582]","{""acc_lim_theta"":0.8,""acc_lim_x"":0.7671432621646959,""inflation_dist"":0.55,""max_vel_theta"":0.9588616507126606,""max_vel_x"":1.188345783838424,""min_obstacle_dist"":0.299391112241706,""weight_obstacle"":54.858848406468624,""weight_optimaltime"":0.9125050127506256,""weight_viapoint"":1.0}","{""acc_lim_theta"":0.7584743423650299,""acc_lim_x"":0.7705409406321599,""inflation_dist"":0.5545607428752017,""max_vel_theta"":0.9588616507126606,""max_vel_x"":1.1351349470932943,""min_obstacle_dist"":0.29810804483883946,""weight_obstacle"":50.0,""weight_optimaltime"":0.9643371880054473,""weight_viapoint"":1.0}","{""acc_lim_theta"":0.7584743423650299,""acc_lim_x"":0.7705409406321599,""inflation_dist"":0.5545607428752017,""max_vel_theta"":0.945945789244412,""max_vel_x"":1.1351349470932943,""min_obstacle_dist"":0.29810804483883946,""weight_obstacle"":50.0,""weight_optimaltime"":0.9643371880054473,""weight_viapoint"":1.0}","{""acc_lim_theta"":0.7584743423650299,""acc_lim_x"":0.7705409406321599,""inflation_dist"":0.5545607428752017,""max_vel_theta"":0.945945789244412,""max_vel_x"":1.1351349470932943,""min_obstacle_dist"":0.29810804483883946,""weight_obstacle"":50.0,""weight_optimaltime"":0.9643371880054473,""weight_viapoint"":1.0}","{""acc_lim_theta"":0.7584743423650299,""acc_lim_x"":0.7705409406321599,""inflation_dist"":0.5545607428752017,""max_vel_theta"":0.945945789244412,""max_vel_x"":1.1351349470932943,""min_obstacle_dist"":0.29810804483883946,""weight_obstacle"":50.0,""weight_optimaltime"":0.9643371880054473,""weight_viapoint"":1.0}",true,max_vel_theta:ackermann_turning_radius,false,NORMAL,,false,,11.54220380210625,1.6567704403222168,-0.05,-0.0,-0.0003254510578594552,-0.019658279830031575,-0.0,-0.04458290732807622,10.0,0.0,0.0,1.0,0.0,0.0,0.0,48.00000000000182,148.00000000000324,true,
t11_boundary_stress_acceptance,t11_boundary_stress_acceptance-episode-000010,0,1,41.486,40.934,40.938,40.97,40.984,41.484,0,0.45000000000000284,true,,2.5183000861539617,2.173497602815519,0.008759799269791336,0.03496413274125194,30.0,0.0,30.216775604258384,0.9928259849066148,0.0038256644533378893,"[0.0,0.0,0.0,0.0,0.0]","[0.17062711715698242,0.7517626285552979,-0.7819873094558716,-0.8192176222801208,-0.2684798836708069]","[0.17062711715698242,0.7517626285552979,-0.7819873094558716,-0.8192176222801208,-0.2684798836708069]","{""acc_lim_theta"":0.8,""acc_lim_x"":0.8,""inflation_dist"":0.55,""max_vel_theta"":1.0,""max_vel_x"":1.2,""min_obstacle_dist"":0.25,""weight_obstacle"":50.0,""weight_optimaltime"":1.0,""weight_viapoint"":1.0}","{""acc_lim_theta"":0.7809681226141093,""acc_lim_x"":0.8,""inflation_dist"":0.5572398359627382,""max_vel_theta"":1.0,""max_vel_x"":1.2,""min_obstacle_dist"":0.25,""weight_obstacle"":51.44970355205241,""weight_optimaltime"":1.0,""weight_viapoint"":1.0}","{""acc_lim_theta"":0.7809681226141093,""acc_lim_x"":0.8,""inflation_dist"":0.5572398359627382,""max_vel_theta"":1.0,""max_vel_x"":1.2,""min_obstacle_dist"":0.25,""weight_obstacle"":51.44970355205241,""weight_optimaltime"":1.0,""weight_viapoint"":1.0}","{""acc_lim_theta"":0.7809681226141093,""acc_lim_x"":0.8,""inflation_dist"":0.5572398359627382,""max_vel_theta"":1.0,""max_vel_x"":1.2,""min_obstacle_dist"":0.25,""weight_obstacle"":51.44970355205241,""weight_optimaltime"":1.0,""weight_viapoint"":1.0}","{""acc_lim_theta"":0.7809681226141093,""acc_lim_x"":0.8,""inflation_dist"":0.5572398359627382,""max_vel_theta"":1.0,""max_vel_x"":1.2,""min_obstacle_dist"":0.25,""weight_obstacle"":51.44970355205241,""weight_optimaltime"":1.0,""weight_viapoint"":1.0}",false,,false,NORMAL,,false,,1.544494310816178,1.7240124166922133,-0.04500000000000029,-0.0,-2.6077692422804235e-05,-0.12476612717225244,-0.0,-0.009725901011359835,0.0,0.0,0.0,0.0,0.0,0.0,0.0,31.999999999996476,45.999999999999375,true,
t11_boundary_stress_acceptance,t11_boundary_stress_acceptance-episode-000010,1,2,42.134,41.484,41.486,41.524,41.584,42.084,0,0.5,true,,2.030267363361534,1.4460816463068515,0.03737723022605486,0.004895369801000467,30.0,0.0,25.654569044199185,1.1693823407563095,-0.28054288528668125,"[0.17062711715698242,0.7517626285552979,-0.7819873094558716,-0.8192176222801208,-0.2684798836708069]","[-0.7370462417602539,0.987139105796814,-0.6621391177177429,-0.008172333240509033,-0.8496954441070557]","[-0.5664191246032715,1.0,-1.0,-0.8273899555206299,-1.0]","{""acc_lim_theta"":0.7809681226141093,""acc_lim_x"":0.8,""inflation_dist"":0.5572398359627382,""max_vel_theta"":1.0,""max_vel_x"":1.2,""min_obstacle_dist"":0.25,""weight_obstacle"":51.44970355205241,""weight_optimaltime"":1.0,""weight_viapoint"":1.0}","{""acc_lim_theta"":0.8,""acc_lim_x"":0.8,""inflation_dist"":0.5633700871046963,""max_vel_theta"":1.0,""max_vel_x"":1.2,""min_obstacle_dist"":0.25498323204631934,""weight_obstacle"":56.037781014850744,""weight_optimaltime"":1.0,""weight_viapoint"":1.0}","{""acc_lim_theta"":0.8,""acc_lim_x"":0.8,""inflation_dist"":0.5633700871046963,""max_vel_theta"":1.0,""max_vel_x"":1.2,""min_obstacle_dist"":0.25498323204631934,""weight_obstacle"":56.037781014850744,""weight_optimaltime"":1.0,""weight_viapoint"":1.0}","{""acc_lim_theta"":0.8,""acc_lim_x"":0.8,""inflation_dist"":0.5633700871046963,""max_vel_theta"":1.0,""max_vel_x"":1.2,""min_obstacle_dist"":0.25498323204631934,""weight_obstacle"":56.037781014850744,""weight_optimaltime"":1.0,""weight_viapoint"":1.0}","{""acc_lim_theta"":0.8,""acc_lim_x"":0.8,""inflation_dist"":0.5633700871046963,""max_vel_theta"":1.0,""max_vel_x"":1.2,""min_obstacle_dist"":0.25498323204631934,""weight_obstacle"":56.037781014850744,""weight_optimaltime"":1.0,""weight_viapoint"":1.0}",false,,false,NORMAL,,false,,2.8370004857291105,2.9209285852734124,-0.05,-0.0,-0.00034994803206046343,-0.015899234095370838,-0.0,-0.017678917416870825,0.0,0.0,0.0,0.0,0.0,0.0,0.0,38.00000000000381,98.00000000000608,true,
t11_boundary_stress_acceptance,t11_boundary_stress_acceptance-episode-000010,2,3,42.73,42.134,42.136,42.172,42.18,42.68,0,0.5,true,,1.3293930587800862,0.7737725584542152,0.009124005383819826,0.06585396944404695,30.0,0.0,30.103174803652728,0.9965726271622285,-0.015398916083873839,"[-0.5664191246032715,1.0,-1.0,-0.8273899555206299,-1.0]","[-0.914828896522522,0.5097112655639648,0.3337821960449219,-0.21918374300003052,0.6588172912597656]","[-1.0,1.0,-0.6662178039550781,-1.0,-0.3411827087402344]","{""acc_lim_theta"":0.8,""acc_lim_x"":0.8,""inflation_dist"":0.5633700871046963,""max_vel_theta"":1.0,""max_vel_x"":1.2,""min_obstacle_dist"":0.25498323204631934,""weight_obstacle"":56.037781014850744,""weight_optimaltime"":1.0,""weight_viapoint"":1.0}","{""acc_lim_theta"":0.8,""acc_lim_x"":0.8,""inflation_dist"":0.5602798472537079,""max_vel_theta"":1.0,""max_vel_x"":1.1497065710648986,""min_obstacle_dist"":0.2757354351612502,""weight_obstacle"":52.48038314118398,""weight_optimaltime"":1.0,""weight_viapoint"":1.0}","{""acc_lim_theta"":0.8,""acc_lim_x"":0.8,""inflation_dist"":0.5602798472537079,""max_vel_theta"":0.9580888092207489,""max_vel_x"":1.1497065710648986,""min_obstacle_dist"":0.2757354351612502,""weight_obstacle"":52.48038314118398,""weight_optimaltime"":1.0,""weight_viapoint"":1.0}","{""acc_lim_theta"":0.8,""acc_lim_x"":0.8,""inflation_dist"":0.5602798472537079,""max_vel_theta"":0.9580888092207489,""max_vel_x"":1.1497065710648986,""min_obstacle_dist"":0.2757354351612502,""weight_obstacle"":52.48038314118398,""weight_optimaltime"":1.0,""weight_viapoint"":1.0}","{""acc_lim_theta"":0.8,""acc_lim_x"":0.8,""inflation_dist"":0.5602798472537079,""max_vel_theta"":0.9580888092207489,""max_vel_x"":1.1497065710648986,""min_obstacle_dist"":0.2757354351612502,""weight_obstacle"":52.48038314118398,""weight_optimaltime"":1.0,""weight_viapoint"":1.0}",true,max_vel_theta:ackermann_turning_radius,false,NORMAL,,false,,2.6908734575167474,2.7781025016293546,-0.05,-0.0,-0.0004257309838776153,-0.003740234152011872,-0.0,-0.03306307897671728,0.0,0.0,0.0,1.0,0.0,0.0,0.0,35.99999999999426,43.99999999999693,true,
t11_boundary_stress_acceptance,t11_boundary_stress_acceptance-episode-000010,3,4,44.28,42.714,42.73,42.756,42.778,43.278,0,0.44999999999999574,true,,0.6741153069515884,0.32012698734325773,0.002418967394736555,0.00109067051333289,30.0,0.0,600.0,0.0,0.0,"[-1.0,1.0,-0.6662178039550781,-1.0,-0.3411827087402344]","[0.45611000061035156,0.046679139137268066,0.5390040874481201,0.24237847328186035,-0.8336731791496277]","[-0.5438899993896484,1.0,-0.127213716506958,-0.7576215267181396,-1.0]","{""acc_lim_theta"":0.8,""acc_lim_x"":0.8,""inflation_dist"":0.5602798472537079,""max_vel_theta"":0.9580888092207489,""max_vel_x"":1.1497065710648986,""min_obstacle_dist"":0.2757354351612502,""weight_obstacle"":52.48038314118398,""weight_optimaltime"":1.0,""weight_viapoint"":1.0}","{""acc_lim_theta"":0.8,""acc_lim_x"":0.8,""inflation_dist"":0.5552896113135811,""max_vel_theta"":0.9580888092207489,""max_vel_x"":1.2,""min_obstacle_dist"":0.29131536280441356,""weight_obstacle"":56.98194561409507,""weight_optimaltime"":1.0,""weight_viapoint"":1.0}","{""acc_lim_theta"":0.8,""acc_lim_x"":0.8,""inflation_dist"":0.5552896113135811,""max_vel_theta"":0.9580888092207489,""max_vel_x"":1.2,""min_obstacle_dist"":0.29131536280441356,""weight_obstacle"":56.98194561409507,""weight_optimaltime"":1.0,""weight_viapoint"":1.0}","{""acc_lim_theta"":0.8,""acc_lim_x"":0.8,""inflation_dist"":0.5552896113135811,""max_vel_theta"":0.9580888092207489,""max_vel_x"":1.2,""min_obstacle_dist"":0.29131536280441356,""weight_obstacle"":56.98194561409507,""weight_optimaltime"":1.0,""weight_viapoint"":1.0}","{""acc_lim_theta"":0.8,""acc_lim_x"":0.8,""inflation_dist"":0.5552896113135811,""max_vel_theta"":0.9580888092207489,""max_vel_x"":1.2,""min_obstacle_dist"":0.29131536280441356,""weight_obstacle"":56.98194561409507,""weight_optimaltime"":1.0,""weight_viapoint"":1.0}",false,,false,NORMAL,,false,,11.678221555991355,1.7699415980416533,-0.044999999999999575,-0.0,-8.508587440549457e-05,-0.02159184031977608,-0.0,-0.02504311585611684,10.0,0.0,0.0,0.0,0.0,0.0,0.0,26.000000000003354,48.00000000000182,true,
t11_boundary_stress_acceptance,t11_boundary_stress_acceptance-episode-000011,0,1,45.816,45.274,45.276,45.312,45.314,45.814,0,0.44999999999999574,true,,2.407307388689853,1.9585935796530163,0.004214702136480248,0.03616631609592127,30.0,0.0,26.436064406602988,1.1348133950115071,-0.18059141452889266,"[0.0,0.0,0.0,0.0,0.0]","[-0.49889397621154785,0.07130491733551025,-0.392464816570282,0.11831223964691162,0.3282136917114258]","[-0.49889397621154785,0.07130491733551025,-0.392464816570282,0.11831223964691162,0.3282136917114258]","{""acc_lim_theta"":0.8,""acc_lim_x"":0.8,""inflation_dist"":0.55,""max_vel_theta"":1.0,""max_vel_x"":1.2,""min_obstacle_dist"":0.25,""weight_obstacle"":50.0,""weight_optimaltime"":1.0,""weight_viapoint"":1.0}","{""acc_lim_theta"":0.8,""acc_lim_x"":0.7840658488862519,""inflation_dist"":0.553633538369174,""max_vel_theta"":1.0,""max_vel_x"":1.168859728582906,""min_obstacle_dist"":0.25,""weight_obstacle"":50.0,""weight_optimaltime"":1.0,""weight_viapoint"":1.0}","{""acc_lim_theta"":0.8,""acc_lim_x"":0.7840658488862519,""inflation_dist"":0.553633538369174,""max_vel_theta"":0.9740497738190884,""max_vel_x"":1.168859728582906,""min_obstacle_dist"":0.25,""weight_obstacle"":50.0,""weight_optimaltime"":1.0,""weight_viapoint"":1.0}","{""acc_lim_theta"":0.8,""acc_lim_x"":0.7840658488862519,""inflation_dist"":0.553633538369174,""max_vel_theta"":0.9740497738190884,""max_vel_x"":1.168859728582906,""min_obstacle_dist"":0.25,""weight_obstacle"":50.0,""weight_optimaltime"":1.0,""weight_viapoint"":1.0}","{""acc_lim_theta"":0.8,""acc_lim_x"":0.7840658488862519,""inflation_dist"":0.553633538369174,""max_vel_theta"":0.9740497738190884,""max_vel_x"":1.168859728582906,""min_obstacle_dist"":0.25,""weight_obstacle"":50.0,""weight_optimaltime"":1.0,""weight_viapoint"":1.0}",true,max_vel_theta:ackermann_turning_radius,false,NORMAL,,false,,2.0569441376205133,2.243569045184184,-0.044999999999999575,-0.0,-2.2468967885842612e-05,-0.1262006565252195,-0.0,-0.015401782070565648,0.0,0.0,0.0,1.0,0.0,0.0,0.0,35.99999999999426,37.9999999999967,true,
t11_boundary_stress_acceptance,t11_boundary_stress_acceptance-episode-000011,1,2,46.462,45.814,45.816,45.852,45.912,46.412,0,0.5,true,,1.7770426327985067,1.217493600912864,0.01656685718465805,0.05407488827808451,30.0,0.0,25.725060112778323,1.1661780329562068,0.011448876879171028,"[-0.49889397621154785,0.07130491733551025,-0.392464816570282,0.11831223964691162,0.3282136917114258]","[-0.38812321424484253,0.18709874153137207,-0.4295923113822937,0.3565152883529663,-0.9767571091651917]","[-0.8870171904563904,0.2584036588668823,-0.8220571279525757,0.47482752799987793,-0.6485434174537659]","{""acc_lim_theta"":0.8,""acc_lim_x"":0.7840658488862519,""inflation_dist"":0.553633538369174,""max_vel_theta"":0.9740497738190884,""max_vel_x"":1.168859728582906,""min_obstacle_dist"":0.25,""weight_obstacle"":50.0,""weight_optimaltime"":1.0,""weight_viapoint"":1.0}","{""acc_lim_theta"":0.8,""acc_lim_x"":0.7642464368504662,""inflation_dist"":0.5576108124600099,""max_vel_theta"":0.9740497738190884,""max_vel_x"":1.2,""min_obstacle_dist"":0.25,""weight_obstacle"":55.274168892241626,""weight_optimaltime"":1.0,""weight_viapoint"":1.0}","{""acc_lim_theta"":0.8,""acc_lim_x"":0.7642464368504662,""inflation_dist"":0.5576108124600099,""max_vel_theta"":0.9740497738190884,""max_vel_x"":1.2,""min_obstacle_dist"":0.25,""weight_obstacle"":55.274168892241626,""weight_optimaltime"":1.0,""weight_viapoint"":1.0}","{""acc_lim_theta"":0.8,""acc_lim_x"":0.7642464368504662,""inflation_dist"":0.5576108124600099,""max_vel_theta"":0.9740497738190884,""max_vel_x"":1.2,""min_obstacle_dist"":0.25,""weight_obstacle"":55.274168892241626,""weight_optimaltime"":1.0,""weight_viapoint"":1.0}","{""acc_lim_theta"":0.8,""acc_lim_x"":0.7642464368504662,""inflation_dist"":0.5576108124600099,""max_vel_theta"":0.9740497738190884,""max_vel_x"":1.2,""min_obstacle_dist"":0.25,""weight_obstacle"":55.274168892241626,""weight_optimaltime"":1.0,""weight_viapoint"":1.0}",false,,false,NORMAL,,false,,2.724783685827181,2.7977451594282132,-0.05,-0.0,-0.00013684817851319082,-0.0009950253669542756,-0.0,-0.021829600055565092,0.0,0.0,0.0,0.0,0.0,0.0,0.0,35.99999999999426,95.99999999999653,true,
t11_boundary_stress_acceptance,t11_boundary_stress_acceptance-episode-000011,2,3,48.422,46.454,46.464,46.496,46.512,47.012,0,0.5,true,,1.1008759585875354,0.5752831577684169,0.0015820622168647041,0.0009654940610082733,30.0,0.0,600.0,0.0,0.0,"[-0.8870171904563904,0.2584036588668823,-0.8220571279525757,0.47482752799987793,-0.6485434174537659]","[0.9370588064193726,0.06713497638702393,-0.2465970516204834,-0.12331217527389526,-0.6691931486129761]","[0.05004161596298218,0.32553863525390625,-1.0,0.35151535272598267,-1.0]","{""acc_lim_theta"":0.8,""acc_lim_x"":0.7642464368504662,""inflation_dist"":0.5576108124600099,""max_vel_theta"":0.9740497738190884,""max_vel_x"":1.2,""min_obstacle_dist"":0.25,""weight_obstacle"":55.274168892241626,""weight_optimaltime"":1.0,""weight_viapoint"":1.0}","{""acc_lim_theta"":0.7810746646930952,""acc_lim_x"":0.7835997670737325,""inflation_dist"":0.5598938702296679,""max_vel_theta"":0.9740497738190884,""max_vel_x"":1.2,""min_obstacle_dist"":0.25,""weight_obstacle"":58.88759300167278,""weight_optimaltime"":1.0,""weight_viapoint"":1.0}","{""acc_lim_theta"":0.7810746646930952,""acc_lim_x"":0.7835997670737325,""inflation_dist"":0.5598938702296679,""max_vel_theta"":0.9740497738190884,""max_vel_x"":1.2,""min_obstacle_dist"":0.25,""weight_obstacle"":58.88759300167278,""weight_optimaltime"":1.0,""weight_viapoint"":1.0}","{""acc_lim_theta"":0.7810746646930952,""acc_lim_x"":0.7835997670737325,""inflation_dist"":0.5598938702296679,""max_vel_theta"":0.9740497738190884,""max_vel_x"":1.2,""min_obstacle_dist"":0.25,""weight_obstacle"":58.88759300167278,""weight_optimaltime"":1.0,""weight_viapoint"":1.0}","{""acc_lim_theta"":0.7810746646930952,""acc_lim_x"":0.7835997670737325,""inflation_dist"":0.5598938702296679,""max_vel_theta"":0.9740497738190884,""max_vel_x"":1.2,""min_obstacle_dist"":0.25,""weight_obstacle"":58.88759300167278,""weight_optimaltime"":1.0,""weight_viapoint"":1.0}",false,,false,NORMAL,,false,,12.542197990280137,2.6279640040955927,-0.05,-0.0,-6.666234307814485e-05,-0.01825053465107164,-0.0,-0.017448816821307375,10.0,0.0,0.0,0.0,0.0,0.0,0.0,32.00000000000358,48.00000000000182,true,
t11_boundary_stress_acceptance,t11_boundary_stress_acceptance-episode-000012,0,1,49.958,49.414,49.414,49.454,49.456,49.956,0,0.45000000000000284,true,,2.499200119565834,2.052112250647144,0.007725839557846074,0.02614211429411238,30.0,0.0,25.738422815420275,1.16557258442528,0.12136725311889715,"[0.0,0.0,0.0,0.0,0.0]","[0.8381283283233643,-0.033757030963897705,-0.008670568466186523,-0.7555074691772461,-0.0010314583778381348]","[0.8381283283233643,-0.033757030963897705,-0.008670568466186523,-0.7555074691772461,-0.0010314583778381348]","{""acc_lim_theta"":0.8,""acc_lim_x"":0.8,""inflation_dist"":0.55,""max_vel_theta"":1.0,""max_vel_x"":1.2,""min_obstacle_dist"":0.25,""weight_obstacle"":50.0,""weight_optimaltime"":1.0,""weight_viapoint"":1.0}","{""acc_lim_theta"":0.7464422478009839,""acc_lim_x"":0.8,""inflation_dist"":0.5500802743121785,""max_vel_theta"":1.0,""max_vel_x"":1.2,""min_obstacle_dist"":0.25,""weight_obstacle"":50.00556953785029,""weight_optimaltime"":0.9966242969036102,""weight_viapoint"":1.0}","{""acc_lim_theta"":0.7464422478009839,""acc_lim_x"":0.8,""inflation_dist"":0.5500802743121785,""max_vel_theta"":1.0,""max_vel_x"":1.2,""min_obstacle_dist"":0.25,""weight_obstacle"":50.00556953785029,""weight_optimaltime"":0.9966242969036102,""weight_viapoint"":1.0}","{""acc_lim_theta"":0.7464422478009839,""acc_lim_x"":0.8,""inflation_dist"":0.5500802743121785,""max_vel_theta"":1.0,""max_vel_x"":1.2,""min_obstacle_dist"":0.25,""weight_obstacle"":50.00556953785029,""weight_optimaltime"":0.9966242969036102,""weight_viapoint"":1.0}","{""acc_lim_theta"":0.7464422478009839,""acc_lim_x"":0.8,""inflation_dist"":0.5500802743121785,""max_vel_theta"":1.0,""max_vel_x"":1.2,""min_obstacle_dist"":0.25,""weight_obstacle"":50.00556953785029,""weight_optimaltime"":0.9966242969036102,""weight_viapoint"":1.0}",false,,false,NORMAL,,false,,1.9523070895672308,2.2354393445934506,-0.04500000000000029,-0.0,-2.2183686634861403e-05,-0.22401141807708697,-0.0,-0.014098653262497866,0.0,0.0,0.0,0.0,0.0,0.0,0.0,39.99999999999915,42.00000000000159,true,
t11_boundary_stress_acceptance,t11_boundary_stress_acceptance-episode-000012,1,2,50.56,49.954,49.96,49.996,50.058,50.558,0,0.44999999999999574,true,,1.8656365032331088,1.352923355882237,0.024928643901769538,0.03578952600118973,30.0,0.0,25.734553450171884,1.1657478361956821,-0.008514272702233155,"[0.8381283283233643,-0.033757030963897705,-0.008670568466186523,-0.7555074691772461,-0.0010314583778381348]","[-0.45689845085144043,-0.10155540704727173,0.4055290222167969,0.4361516237258911,-0.5010282397270203]","[0.38122987747192383,-0.13531243801116943,0.39685845375061035,-0.319355845451355,-0.5020596981048584]","{""acc_lim_theta"":0.7464422478009839,""acc_lim_x"":0.8,""inflation_dist"":0.5500802743121785,""max_vel_theta"":1.0,""max_vel_x"":1.2,""min_obstacle_dist"":0.25,""weight_obstacle"":50.00556953785029,""weight_optimaltime"":0.9966242969036102,""weight_viapoint"":1.0}","{""acc_lim_theta"":0.7930775353481159,""acc_lim_x"":0.7780711025440296,""inflation_dist"":0.55,""max_vel_theta"":1.0,""max_vel_x"":1.2,""min_obstacle_dist"":0.2585653032082109,""weight_obstacle"":52.71095814603898,""weight_optimaltime"":0.986468756198883,""weight_viapoint"":1.0}","{""acc_lim_theta"":0.7930775353481159,""acc_lim_x"":0.7780711025440296,""inflation_dist"":0.55,""max_vel_theta"":1.0,""max_vel_x"":1.2,""min_obstacle_dist"":0.2585653032082109,""weight_obstacle"":52.71095814603898,""weight_optimaltime"":0.986468756198883,""weight_viapoint"":1.0}","{""acc_lim_theta"":0.7930775353481159,""acc_lim_x"":0.7780711025440296,""inflation_dist"":0.55,""max_vel_theta"":1.0,""max_vel_x"":1.2,""min_obstacle_dist"":0.2585653032082109,""weight_obstacle"":52.71095814603898,""weight_optimaltime"":0.986468756198883,""weight_viapoint"":1.0}","{""acc_lim_theta"":0.7930775353481159,""acc_lim_x"":0.7780711025440296,""inflation_dist"":0.55,""max_vel_theta"":1.0,""max_vel_x"":1.2,""min_obstacle_dist"":0.2585653032082109,""weight_obstacle"":52.71095814603898,""weight_optimaltime"":0.986468756198883,""weight_viapoint"":1.0}",false,,false,NORMAL,,false,,2.490426704273894,2.5635657367543585,-0.044999999999999575,-0.0,-0.00010661579875802333,-4.2827255889855e-07,-0.0,-0.0280319884091481,0.0,0.0,0.0,0.0,0.0,0.0,0.0,36.000000000001364,97.99999999999898,true,
t11_boundary_stress_acceptance,t11_boundary_stress_acceptance-episode-000012,2,3,51.16,50.558,50.56,50.6,50.658,51.158,0,0.45000000000000284,true,,1.1664242314851732,0.6800792100904597,0.04903849011678143,0.036823200117681525,30.0,0.0,31.2802903321053,0.959070382067674,-0.008451546929624729,"[0.38122987747192383,-0.13531243801116943,0.39685845375061035,-0.319355845451355,-0.5020596981048584]","[-0.01707744598388672,0.7643227577209473,0.1829392910003662,-0.4703826904296875,-0.6781942248344421]","[0.3641524314880371,0.6290103197097778,0.5797977447509766,-0.7897385358810425,-1.0]","{""acc_lim_theta"":0.7930775353481159,""acc_lim_x"":0.7780711025440296,""inflation_dist"":0.55,""max_vel_theta"":1.0,""max_vel_x"":1.2,""min_obstacle_dist"":0.2585653032082109,""weight_obstacle"":52.71095814603898,""weight_optimaltime"":0.986468756198883,""weight_viapoint"":1.0}","{""acc_lim_theta"":0.8,""acc_lim_x"":0.8,""inflation_dist"":0.55,""max_vel_theta"":1.0,""max_vel_x"":1.2,""min_obstacle_dist"":0.2811393567674289,""weight_obstacle"":56.37298512281403,""weight_optimaltime"":1.0,""weight_viapoint"":1.0}","{""acc_lim_theta"":0.8,""acc_lim_x"":0.8,""inflation_dist"":0.55,""max_vel_theta"":1.0,""max_vel_x"":1.2,""min_obstacle_dist"":0.2811393567674289,""weight_obstacle"":56.37298512281403,""weight_optimaltime"":1.0,""weight_viapoint"":1.0}","{""acc_lim_theta"":0.8,""acc_lim_x"":0.8,""inflation_dist"":0.55,""max_vel_theta"":1.0,""max_vel_x"":1.2,""min_obstacle_dist"":0.2811393567674289,""weight_obstacle"":56.37298512281403,""weight_optimaltime"":1.0,""weight_viapoint"":1.0}","{""acc_lim_theta"":0.8,""acc_lim_x"":0.8,""inflation_dist"":0.55,""max_vel_theta"":1.0,""max_vel_x"":1.2,""min_obstacle_dist"":0.2811393567674289,""weight_obstacle"":56.37298512281403,""weight_optimaltime"":1.0,""weight_viapoint"":1.0}",false,,false,NORMAL,,false,,2.3498231987440437,2.4317251069735675,-0.04500000000000029,-0.0,-0.0006689536791533563,-0.00996018988594574,-0.0,-0.02627276466442436,0.0,0.0,0.0,0.0,0.0,0.0,0.0,39.99999999999915,97.99999999999898,true,
t11_boundary_stress_acceptance,t11_boundary_stress_acceptance-episode-000012,3,4,52.56,51.158,51.162,51.212,51.258,51.758,0,0.45000000000000284,true,,0.532627173342516,0.23092566701286044,0.0069682068044078765,0.0034715158028143555,30.0,0.0,600.0,0.0,0.0,"[0.3641524314880371,0.6290103197097778,0.5797977447509766,-0.7897385358810425,-1.0]","[-0.6577933430671692,-0.30166101455688477,-0.6784428954124451,0.5716559886932373,0.9020113945007324]","[-0.2936409115791321,0.32734930515289307,-0.0986451506614685,-0.21808254718780518,-0.09798860549926758]","{""acc_lim_theta"":0.8,""acc_lim_x"":0.8,""inflation_dist"":0.55,""max_vel_theta"":1.0,""max_vel_x"":1.2,""min_obstacle_dist"":0.2811393567674289,""weight_obstacle"":56.37298512281403,""weight_optimaltime"":1.0,""weight_viapoint"":1.0}","{""acc_lim_theta"":0.8,""acc_lim_x"":0.7485514418458794,""inflation_dist"":0.5562811956325595,""max_vel_theta"":1.0,""max_vel_x"":1.1220271475957715,""min_obstacle_dist"":0.2559190140618673,""weight_obstacle"":51.50241864043721,""weight_optimaltime"":0.9698338985443116,""weight_viapoint"":1.0}","{""acc_lim_theta"":0.8,""acc_lim_x"":0.7485514418458794,""inflation_dist"":0.5562811956325595,""max_vel_theta"":0.9350226229964763,""max_vel_x"":1.1220271475957715,""min_obstacle_dist"":0.2559190140618673,""weight_obstacle"":51.50241864043721,""weight_optimaltime"":0.9698338985443116,""weight_viapoint"":1.0}","{""acc_lim_theta"":0.8,""acc_lim_x"":0.7485514418458794,""inflation_dist"":0.5562811956325595,""max_vel_theta"":0.9350226229964763,""max_vel_x"":1.1220271475957715,""min_obstacle_dist"":0.2559190140618673,""weight_obstacle"":51.50241864043721,""weight_optimaltime"":0.9698338985443116,""weight_viapoint"":1.0}","{""acc_lim_theta"":0.8,""acc_lim_x"":0.7485514418458794,""inflation_dist"":0.5562811956325595,""max_vel_theta"":0.9350226229964763,""max_vel_x"":1.1220271475957715,""min_obstacle_dist"":0.2559190140618673,""weight_obstacle"":51.50241864043721,""weight_optimaltime"":0.9698338985443116,""weight_viapoint"":1.0}",true,max_vel_theta:ackermann_turning_radius,false,NORMAL,,false,,11.371841492577701,1.5085075316482777,-0.04500000000000029,-0.0,-0.00026702237619784697,-0.02488880869273441,-0.0,-0.06651020800164402,10.0,0.0,0.0,1.0,0.0,0.0,0.0,50.00000000000426,96.00000000000364,true,
t11_boundary_stress_acceptance,t11_boundary_stress_acceptance-episode-000013,0,1,54.246,53.554,53.556,53.598,53.696,54.196,0,0.5,true,,2.3444035847507667,1.7835677891677573,0.0048588247057473576,0.0535889846646979,30.0,0.0,25.703145112769565,1.1671723389639082,-0.1921712973902903,"[0.0,0.0,0.0,0.0,0.0]","[0.9857363700866699,0.4034578800201416,0.009921073913574219,0.6019426584243774,-0.12211799621582031]","[0.9857363700866699,0.4034578800201416,0.009921073913574219,0.6019426584243774,-0.12211799621582031]","{""acc_lim_theta"":0.8,""acc_lim_x"":0.8,""inflation_dist"":0.55,""max_vel_theta"":1.0,""max_vel_x"":1.2,""min_obstacle_dist"":0.25,""weight_obstacle"":50.0,""weight_optimaltime"":1.0,""weight_viapoint"":1.0}","{""acc_lim_theta"":0.7794136796179079,""acc_lim_x"":0.8,""inflation_dist"":0.55,""max_vel_theta"":1.0,""max_vel_x"":1.2,""min_obstacle_dist"":0.259584811850077,""weight_obstacle"":50.65939723476887,""weight_optimaltime"":1.0,""weight_viapoint"":1.0}","{""acc_lim_theta"":0.7794136796179079,""acc_lim_x"":0.8,""inflation_dist"":0.55,""max_vel_theta"":1.0,""max_vel_x"":1.2,""min_obstacle_dist"":0.259584811850077,""weight_obstacle"":50.65939723476887,""weight_optimaltime"":1.0,""weight_viapoint"":1.0}","{""acc_lim_theta"":0.7794136796179079,""acc_lim_x"":0.8,""inflation_dist"":0.55,""max_vel_theta"":1.0,""max_vel_x"":1.2,""min_obstacle_dist"":0.259584811850077,""weight_obstacle"":50.65939723476887,""weight_optimaltime"":1.0,""weight_viapoint"":1.0}","{""acc_lim_theta"":0.7794136796179079,""acc_lim_x"":0.8,""inflation_dist"":0.55,""max_vel_theta"":1.0,""max_vel_x"":1.2,""min_obstacle_dist"":0.259584811850077,""weight_obstacle"":50.65939723476887,""weight_optimaltime"":1.0,""weight_viapoint"":1.0}",false,,false,NORMAL,,false,,2.632974114837267,2.804178977915047,-0.05,-0.0,-2.6737731095930447e-05,-0.1108788260415926,-0.0,-0.010299299305091573,0.0,0.0,0.0,0.0,0.0,0.0,0.0,42.00000000000159,140.00000000000057,true,
t11_boundary_stress_acceptance,t11_boundary_stress_acceptance-episode-000013,1,2,54.892,54.234,54.248,54.288,54.39,54.89,0,0.44999999999999574,true,,1.5764717615792787,1.0526789175948639,0.008645751318778231,0.00019227761409550562,30.0,0.0,26.32661196197004,1.1395313625367491,0.1809960626956456,"[0.9857363700866699,0.4034578800201416,0.009921073913574219,0.6019426584243774,-0.12211799621582031]","[-0.928118109703064,0.9396657943725586,-0.7999064326286316,-0.8971423506736755,0.5164004564285278]","[0.05761826038360596,1.0,-0.7899853587150574,-0.2951996922492981,0.3942824602127075]","{""acc_lim_theta"":0.7794136796179079,""acc_lim_x"":0.8,""inflation_dist"":0.55,""max_vel_theta"":1.0,""max_vel_x"":1.2,""min_obstacle_dist"":0.259584811850077,""weight_obstacle"":50.65939723476887,""weight_optimaltime"":1.0,""weight_viapoint"":1.0}","{""acc_lim_theta"":0.7768399402619726,""acc_lim_x"":0.8,""inflation_dist"":0.5574057357296501,""max_vel_theta"":1.0,""max_vel_x"":1.1734648303988657,""min_obstacle_dist"":0.2597650240390842,""weight_obstacle"":50.0,""weight_optimaltime"":1.0,""weight_viapoint"":1.0}","{""acc_lim_theta"":0.7768399402619726,""acc_lim_x"":0.8,""inflation_dist"":0.5574057357296501,""max_vel_theta"":0.9778873586657215,""max_vel_x"":1.1734648303988657,""min_obstacle_dist"":0.2597650240390842,""weight_obstacle"":50.0,""weight_optimaltime"":1.0,""weight_viapoint"":1.0}","{""acc_lim_theta"":0.7768399402619726,""acc_lim_x"":0.8,""inflation_dist"":0.5574057357296501,""max_vel_theta"":0.9778873586657215,""max_vel_x"":1.1734648303988657,""min_obstacle_dist"":0.2597650240390842,""weight_obstacle"":50.0,""weight_optimaltime"":1.0,""weight_viapoint"":1.0}","{""acc_lim_theta"":0.7768399402619726,""acc_lim_x"":0.8,""inflation_dist"":0.5574057357296501,""max_vel_theta"":0.9778873586657215,""max_vel_x"":1.1734648303988657,""min_obstacle_dist"":0.2597650240390842,""weight_obstacle"":50.0,""weight_optimaltime"":1.0,""weight_viapoint"":1.0}",true,max_vel_theta:ackermann_turning_radius,false,NORMAL,,false,,2.5607431627998243,2.6189642199220744,-0.044999999999999575,-0.0,-0.00016495235858985456,-6.0809551639048236e-05,-0.0,-0.012995295212021585,0.0,0.0,0.0,1.0,0.0,0.0,0.0,39.99999999999915,142.000000000003,true,
t11_boundary_stress_acceptance,t11_boundary_stress_acceptance-episode-000013,2,3,56.6,54.89,54.892,54.936,54.99,55.49,0,0.5,true,,0.8938835739271351,0.42366275766641315,0.007206239867651571,0.0040047063515565,30.0,0.0,600.0,0.0,0.0,"[0.05761826038360596,1.0,-0.7899853587150574,-0.2951996922492981,0.3942824602127075]","[0.08610677719116211,0.2657996416091919,0.2788132429122925,-0.11332553625106812,-0.8577869534492493]","[0.14372503757476807,1.0,-0.5111721158027649,-0.4085252285003662,-0.46350449323654175]","{""acc_lim_theta"":0.7768399402619726,""acc_lim_x"":0.8,""inflation_dist"":0.5574057357296501,""max_vel_theta"":0.9778873586657215,""max_vel_x"":1.1734648303988657,""min_obstacle_dist"":0.2597650240390842,""weight_obstacle"":50.0,""weight_optimaltime"":1.0,""weight_viapoint"":1.0}","{""acc_lim_theta"":0.7991689072644232,""acc_lim_x"":0.8,""inflation_dist"":0.5548244123264243,""max_vel_theta"":0.9778873586657215,""max_vel_x"":1.2,""min_obstacle_dist"":0.2734051362154804,""weight_obstacle"":54.63176896651347,""weight_optimaltime"":1.0,""weight_viapoint"":1.0}","{""acc_lim_theta"":0.7991689072644232,""acc_lim_x"":0.8,""inflation_dist"":0.5548244123264243,""max_vel_theta"":0.9778873586657215,""max_vel_x"":1.2,""min_obstacle_dist"":0.2734051362154804,""weight_obstacle"":54.63176896651347,""weight_optimaltime"":1.0,""weight_viapoint"":1.0}","{""acc_lim_theta"":0.7991689072644232,""acc_lim_x"":0.8,""inflation_dist"":0.5548244123264243,""max_vel_theta"":0.9778873586657215,""max_vel_x"":1.2,""min_obstacle_dist"":0.2734051362154804,""weight_obstacle"":54.63176896651347,""weight_optimaltime"":1.0,""weight_viapoint"":1.0}","{""acc_lim_theta"":0.7991689072644232,""acc_lim_x"":0.8,""inflation_dist"":0.5548244123264243,""max_vel_theta"":0.9778873586657215,""max_vel_x"":1.2,""min_obstacle_dist"":0.2734051362154804,""weight_obstacle"":54.63176896651347,""weight_optimaltime"":1.0,""weight_viapoint"":1.0}",false,,false,NORMAL,,false,,12.249997941919787,2.35110408130361,-0.05,-0.0,-0.00012574769058988088,-0.025518517899828383,-0.0,-0.025461873793404033,10.0,0.0,0.0,0.0,0.0,0.0,0.0,43.99999999999693,97.99999999999898,true,
t11_boundary_stress_acceptance,t11_boundary_stress_acceptance-episode-000014,0,1,58.128,57.574,57.578,57.616,57.626,58.126,0,0.45000000000000284,true,,2.4101111128444077,1.9512642918593446,0.042453390524681146,0.1293732366151569,30.0,0.0,27.13431798126302,1.1056109838734776,-0.08216286425635633,"[0.0,0.0,0.0,0.0,0.0]","[0.07109284400939941,0.9681978225708008,0.06330394744873047,0.741196870803833,0.7663354873657227]","[0.07109284400939941,0.9681978225708008,0.06330394744873047,0.741196870803833,0.7663354873657227]","{""acc_lim_theta"":0.8,""acc_lim_x"":0.8,""inflation_dist"":0.55,""max_vel_theta"":1.0,""max_vel_x"":1.2,""min_obstacle_dist"":0.25,""weight_obstacle"":50.0,""weight_optimaltime"":1.0,""weight_viapoint"":1.0}","{""acc_lim_theta"":0.7904860412050535,""acc_lim_x"":0.8,""inflation_dist"":0.55,""max_vel_theta"":1.0,""max_vel_x"":1.1395970294788005,""min_obstacle_dist"":0.27406378032265155,""weight_obstacle"":50.0,""weight_optimaltime"":1.0,""weight_viapoint"":1.0}","{""acc_lim_theta"":0.7904860412050535,""acc_lim_x"":0.8,""inflation_dist"":0.55,""max_vel_theta"":0.9496641912323338,""max_vel_x"":1.1395970294788005,""min_obstacle_dist"":0.27406378032265155,""weight_obstacle"":50.0,""weight_optimaltime"":1.0,""weight_viapoint"":1.0}","{""acc_lim_theta"":0.7904860412050535,""acc_lim_x"":0.8,""inflation_dist"":0.55,""max_vel_theta"":0.9496641912323338,""max_vel_x"":1.1395970294788005,""min_obstacle_dist"":0.27406378032265155,""weight_obstacle"":50.0,""weight_optimaltime"":1.0,""weight_viapoint"":1.0}","{""acc_lim_theta"":0.7904860412050535,""acc_lim_x"":0.8,""inflation_dist"":0.55,""max_vel_theta"":0.9496641912323338,""max_vel_x"":1.1395970294788005,""min_obstacle_dist"":0.27406378032265155,""weight_obstacle"":50.0,""weight_optimaltime"":1.0,""weight_viapoint"":1.0}",true,max_vel_theta:ackermann_turning_radius,false,NORMAL,,false,,2.084243044637157,2.294234104925316,-0.04500000000000029,-0.0,-0.00014885185147348317,-0.1327038831018212,-0.0,-0.032138325334863736,0.0,0.0,0.0,1.0,0.0,0.0,0.0,37.9999999999967,47.999999999994714,true,
t11_boundary_stress_acceptance,t11_boundary_stress_acceptance-episode-000014,1,2,58.726,58.126,58.184,58.202,58.224,58.724,0,0.45000000000000284,true,,1.7971802168493165,1.3120844283666908,0.01886220338142535,0.04496845906605119,30.0,0.0,28.185781622477663,1.064366438434176,0.3283463514589863,"[0.07109284400939941,0.9681978225708008,0.06330394744873047,0.741196870803833,0.7663354873657227]","[0.38970446586608887,-0.5918267965316772,0.8750855922698975,0.6216700077056885,0.5848565101623535]","[0.4607973098754883,0.37637102603912354,0.9383895397186279,1.0,1.0]","{""acc_lim_theta"":0.7904860412050535,""acc_lim_x"":0.8,""inflation_dist"":0.55,""max_vel_theta"":0.9496641912323338,""max_vel_x"":1.1395970294788005,""min_obstacle_dist"":0.27406378032265155,""weight_obstacle"":50.0,""weight_optimaltime"":1.0,""weight_viapoint"":1.0}","{""acc_lim_theta"":0.7709967969083518,""acc_lim_x"":0.7761407515241907,""inflation_dist"":0.55,""max_vel_theta"":0.9496641912323338,""max_vel_x"":1.0984668249929261,""min_obstacle_dist"":0.28393962282778135,""weight_obstacle"":50.0,""weight_optimaltime"":0.9408173203468323,""weight_viapoint"":1.0}","{""acc_lim_theta"":0.7709967969083518,""acc_lim_x"":0.7761407515241907,""inflation_dist"":0.55,""max_vel_theta"":0.9153890208274384,""max_vel_x"":1.0984668249929261,""min_obstacle_dist"":0.28393962282778135,""weight_obstacle"":50.0,""weight_optimaltime"":0.9408173203468323,""weight_viapoint"":1.0}","{""acc_lim_theta"":0.7709967969083518,""acc_lim_x"":0.7761407515241907,""inflation_dist"":0.55,""max_vel_theta"":0.9153890208274384,""max_vel_x"":1.0984668249929261,""min_obstacle_dist"":0.28393962282778135,""weight_obstacle"":50.0,""weight_optimaltime"":0.9408173203468323,""weight_viapoint"":1.0}","{""acc_lim_theta"":0.7709967969083518,""acc_lim_x"":0.7761407515241907,""inflation_dist"":0.55,""max_vel_theta"":0.9153890208274384,""max_vel_x"":1.0984668249929261,""min_obstacle_dist"":0.28393962282778135,""weight_obstacle"":50.0,""weight_optimaltime"":0.9408173203468323,""weight_viapoint"":1.0}",true,max_vel_theta:ackermann_turning_radius,false,NORMAL,,false,,2.335290470819731,2.4254789424131284,-0.04500000000000029,-0.0,-0.0018470128467474737,-0.003007394458878842,-0.0,-0.04033406428777136,0.0,0.0,0.0,1.0,0.0,0.0,0.0,18.000000000000682,39.99999999999915,true,
t11_boundary_stress_acceptance,t11_boundary_stress_acceptance-episode-000014,2,3,59.374,58.724,58.728,58.756,58.824,59.324,0,0.5,true,,1.163294337672044,0.6360060919846843,0.057894999615299154,0.12421898774842866,30.0,0.0,33.813076257299656,0.8872307202017302,0.031142476004715414,"[0.4607973098754883,0.37637102603912354,0.9383895397186279,1.0,1.0]","[-0.8528216481208801,0.7473340034484863,0.264132022857666,0.21283674240112305,-0.8080570101737976]","[-0.39202433824539185,1.0,1.0,1.0,0.1919429898262024]","{""acc_lim_theta"":0.7709967969083518,""acc_lim_x"":0.7761407515241907,""inflation_dist"":0.55,""max_vel_theta"":0.9153890208274384,""max_vel_x"":1.0984668249929261,""min_obstacle_dist"":0.28393962282778135,""weight_obstacle"":50.0,""weight_optimaltime"":0.9408173203468323,""weight_viapoint"":1.0}","{""acc_lim_theta"":0.8,""acc_lim_x"":0.7810868702702151,""inflation_dist"":0.55,""max_vel_theta"":0.9153890208274384,""max_vel_x"":1.1245517707455486,""min_obstacle_dist"":0.30830580516655154,""weight_obstacle"":54.36324353949048,""weight_optimaltime"":1.0,""weight_viapoint"":1.0}","{""acc_lim_theta"":0.8,""acc_lim_x"":0.7810868702702151,""inflation_dist"":0.55,""max_vel_theta"":0.9153890208274384,""max_vel_x"":1.1245517707455486,""min_obstacle_dist"":0.30830580516655154,""weight_obstacle"":54.36324353949048,""weight_optimaltime"":1.0,""weight_viapoint"":1.0}","{""acc_lim_theta"":0.8,""acc_lim_x"":0.7810868702702151,""inflation_dist"":0.55,""max_vel_theta"":0.9153890208274384,""max_vel_x"":1.1245517707455486,""min_obstacle_dist"":0.30830580516655154,""weight_obstacle"":54.36324353949048,""weight_optimaltime"":1.0,""weight_viapoint"":1.0}","{""acc_lim_theta"":0.8,""acc_lim_x"":0.7810868702702151,""inflation_dist"":0.55,""max_vel_theta"":0.9153890208274384,""max_vel_x"":1.1245517707455486,""min_obstacle_dist"":0.30830580516655154,""weight_obstacle"":54.36324353949048,""weight_optimaltime"":1.0,""weight_viapoint"":1.0}",false,,false,NORMAL,,false,,2.5323012814342785,2.6364412284367984,-0.05,-0.0,-0.0005894771764487345,-0.010406152462760197,-0.0,-0.043144317363311147,0.0,0.0,0.0,0.0,0.0,0.0,0.0,27.999999999998693,95.99999999999653,true,
t11_boundary_stress_acceptance,t11_boundary_stress_acceptance-episode-000014,3,4,60.824,59.374,59.376,59.416,59.422,59.922,0,0.45000000000000284,true,,0.5472924891973083,0.22008472526341885,0.006415599678480111,0.0005965497163600038,30.0,0.0,600.0,0.0,0.0,"[-0.39202433824539185,1.0,1.0,1.0,0.1919429898262024]","[0.5698163509368896,0.5041710138320923,-0.4683626890182495,-0.7215019464492798,0.3683093786239624]","[0.1777920126914978,1.0,0.5316373109817505,0.2784980535507202,0.5602523684501648]","{""acc_lim_theta"":0.8,""acc_lim_x"":0.7810868702702151,""inflation_dist"":0.55,""max_vel_theta"":0.9153890208274384,""max_vel_x"":1.1245517707455486,""min_obstacle_dist"":0.30830580516655154,""weight_obstacle"":54.36324353949048,""weight_optimaltime"":1.0,""weight_viapoint"":1.0}","{""acc_lim_theta"":0.7458701254958535,""acc_lim_x"":0.8,""inflation_dist"":0.55433622003651,""max_vel_theta"":0.9153890208274384,""max_vel_x"":1.130536056268455,""min_obstacle_dist"":0.30734839989026835,""weight_obstacle"":52.374493368918834,""weight_optimaltime"":1.0,""weight_viapoint"":1.0}","{""acc_lim_theta"":0.7458701254958535,""acc_lim_x"":0.8,""inflation_dist"":0.55433622003651,""max_vel_theta"":0.9153890208274384,""max_vel_x"":1.130536056268455,""min_obstacle_dist"":0.30734839989026835,""weight_obstacle"":52.374493368918834,""weight_optimaltime"":1.0,""weight_viapoint"":1.0}","{""acc_lim_theta"":0.7458701254958535,""acc_lim_x"":0.8,""inflation_dist"":0.55433622003651,""max_vel_theta"":0.9153890208274384,""max_vel_x"":1.130536056268455,""min_obstacle_dist"":0.30734839989026835,""weight_obstacle"":52.374493368918834,""weight_optimaltime"":1.0,""weight_viapoint"":1.0}","{""acc_lim_theta"":0.7458701254958535,""acc_lim_x"":0.8,""inflation_dist"":0.55433622003651,""max_vel_theta"":0.9153890208274384,""max_vel_x"":1.130536056268455,""min_obstacle_dist"":0.30734839989026835,""weight_obstacle"":52.374493368918834,""weight_optimaltime"":1.0,""weight_viapoint"":1.0}",false,,false,NORMAL,,false,,11.545239290342783,1.6360388196694475,-0.04500000000000029,-0.0,-0.00209276237300623,-0.018849252512602683,-0.0,-0.024857514441055256,10.0,0.0,0.0,0.0,0.0,0.0,0.0,39.99999999999915,45.999999999999375,true,
t11_boundary_stress_acceptance,t11_boundary_stress_acceptance-episode-000015,0,1,62.474,61.834,61.836,61.878,61.972,62.472,0,0.45000000000000284,true,,2.4689626626344934,2.0784438409389665,0.01918706854604207,0.054269248707976225,30.0,0.0,26.276624339517976,1.1416991624332187,0.05482965763191313,"[0.0,0.0,0.0,0.0,0.0]","[-0.6101440191268921,-0.16115021705627441,0.4732635021209717,-0.010127544403076172,0.5450742244720459]","[-0.6101440191268921,-0.16115021705627441,0.4732635021209717,-0.010127544403076172,0.5450742244720459]","{""acc_lim_theta"":0.8,""acc_lim_x"":0.8,""inflation_dist"":0.55,""max_vel_theta"":1.0,""max_vel_x"":1.2,""min_obstacle_dist"":0.25,""weight_obstacle"":50.0,""weight_optimaltime"":1.0,""weight_viapoint"":1.0}","{""acc_lim_theta"":0.8,""acc_lim_x"":0.7912698589886563,""inflation_dist"":0.55,""max_vel_theta"":1.0,""max_vel_x"":1.1571588483863082,""min_obstacle_dist"":0.25901134896434597,""weight_obstacle"":50.0,""weight_optimaltime"":0.9838849782943726,""weight_viapoint"":1.0}","{""acc_lim_theta"":0.8,""acc_lim_x"":0.7912698589886563,""inflation_dist"":0.55,""max_vel_theta"":0.9642990403219236,""max_vel_x"":1.1571588483863082,""min_obstacle_dist"":0.25901134896434597,""weight_obstacle"":50.0,""weight_optimaltime"":0.9838849782943726,""weight_viapoint"":1.0}","{""acc_lim_theta"":0.8,""acc_lim_x"":0.7912698589886563,""inflation_dist"":0.55,""max_vel_theta"":0.9642990403219236,""max_vel_x"":1.1571588483863082,""min_obstacle_dist"":0.25901134896434597,""weight_obstacle"":50.0,""weight_optimaltime"":0.9838849782943726,""weight_viapoint"":1.0}","{""acc_lim_theta"":0.8,""acc_lim_x"":0.7912698589886563,""inflation_dist"":0.55,""max_vel_theta"":0.9642990403219236,""max_vel_x"":1.1571588483863082,""min_obstacle_dist"":0.25901134896434597,""weight_obstacle"":50.0,""weight_optimaltime"":0.9838849782943726,""weight_viapoint"":1.0}",true,max_vel_theta:ackermann_turning_radius,false,NORMAL,,false,,1.7230303673462393,1.9525941084776344,-0.04500000000000029,-0.0,-4.09006404016791e-05,-0.1612323774400627,-0.0,-0.02329046305093037,0.0,0.0,0.0,1.0,0.0,0.0,0.0,42.00000000000159,136.00000000000279,true,
t11_boundary_stress_acceptance,t11_boundary_stress_acceptance-episode-000015,1,2,63.072,62.468,62.476,62.514,62.57,63.07,0,0.44999999999999574,true,,1.9208829207565665,1.3905667570675937,0.019843890457712076,0.03643651359233304,30.0,0.0,25.99315174581758,1.1541501505229022,-0.05993386618461314,"[-0.6101440191268921,-0.16115021705627441,0.4732635021209717,-0.010127544403076172,0.5450742244720459]","[-0.6589415669441223,0.7066769599914551,0.11751008033752441,0.07361149787902832,-0.7775167226791382]","[-1.0,0.5455267429351807,0.5907735824584961,0.06348395347595215,-0.23244249820709229]","{""acc_lim_theta"":0.8,""acc_lim_x"":0.7912698589886563,""inflation_dist"":0.55,""max_vel_theta"":0.9642990403219236,""max_vel_x"":1.1571588483863082,""min_obstacle_dist"":0.25901134896434597,""weight_obstacle"":50.0,""weight_optimaltime"":0.9838849782943726,""weight_viapoint"":1.0}","{""acc_lim_theta"":0.8,""acc_lim_x"":0.8,""inflation_dist"":0.55,""max_vel_theta"":0.9642990403219236,""max_vel_x"":1.1883220395591203,""min_obstacle_dist"":0.2784937004187806,""weight_obstacle"":54.19833597674736,""weight_optimaltime"":1.0,""weight_viapoint"":1.0}","{""acc_lim_theta"":0.8,""acc_lim_x"":0.8,""inflation_dist"":0.55,""max_vel_theta"":0.9642990403219236,""max_vel_x"":1.1883220395591203,""min_obstacle_dist"":0.2784937004187806,""weight_obstacle"":54.19833597674736,""weight_optimaltime"":1.0,""weight_viapoint"":1.0}","{""acc_lim_theta"":0.8,""acc_lim_x"":0.8,""inflation_dist"":0.55,""max_vel_theta"":0.9642990403219236,""max_vel_x"":1.1883220395591203,""min_obstacle_dist"":0.2784937004187806,""weight_obstacle"":54.19833597674736,""weight_optimaltime"":1.0,""weight_viapoint"":1.0}","{""acc_lim_theta"":0.8,""acc_lim_x"":0.8,""inflation_dist"":0.55,""max_vel_theta"":0.9642990403219236,""max_vel_x"":1.1883220395591203,""min_obstacle_dist"":0.2784937004187806,""weight_obstacle"":54.19833597674736,""weight_optimaltime"":1.0,""weight_viapoint"":1.0}",false,,false,NORMAL,,false,,2.578491093394409,2.651580818444864,-0.044999999999999575,-0.0,-0.00031127901105406665,-0.0009894287147026142,-0.0,-0.026789017324698655,0.0,0.0,0.0,0.0,0.0,0.0,0.0,38.00000000000381,94.0000000000012,true,
t11_boundary_stress_acceptance,t11_boundary_stress_acceptance-episode-000015,2,3,63.718,63.07,63.072,63.106,63.168,63.668,0,0.5,true,,1.2289768872727653,0.6752731462369171,0.008623717141231767,0.0372160875104454,30.0,0.0,32.973212718458896,0.9098294502314467,0.029233194364385567,"[-1.0,0.5455267429351807,0.5907735824584961,0.06348395347595215,-0.23244249820709229]","[0.11591744422912598,-0.20445358753204346,0.8223514556884766,-0.7114931344985962,0.09282946586608887]","[-0.884082555770874,0.3410731554031372,1.0,-0.648009181022644,-0.13961303234100342]","{""acc_lim_theta"":0.8,""acc_lim_x"":0.8,""inflation_dist"":0.55,""max_vel_theta"":0.9642990403219236,""max_vel_x"":1.1883220395591203,""min_obstacle_dist"":0.2784937004187806,""weight_obstacle"":54.19833597674736,""weight_optimaltime"":1.0,""weight_viapoint"":1.0}","{""acc_lim_theta"":0.7738579171069956,""acc_lim_x"":0.8,""inflation_dist"":0.55,""max_vel_theta"":0.9642990403219236,""max_vel_x"":1.2,""min_obstacle_dist"":0.2958971438899207,""weight_obstacle"":53.69708722558876,""weight_optimaltime"":0.9795546412467957,""weight_viapoint"":1.0}","{""acc_lim_theta"":0.7738579171069956,""acc_lim_x"":0.8,""inflation_dist"":0.55,""max_vel_theta"":0.9642990403219236,""max_vel_x"":1.2,""min_obstacle_dist"":0.2958971438899207,""weight_obstacle"":53.69708722558876,""weight_optimaltime"":0.9795546412467957,""weight_viapoint"":1.0}","{""acc_lim_theta"":0.7738579171069956,""acc_lim_x"":0.8,""inflation_dist"":0.55,""max_vel_theta"":0.9642990403219236,""max_vel_x"":1.2,""min_obstacle_dist"":0.2958971438899207,""weight_obstacle"":53.69708722558876,""weight_optimaltime"":0.9795546412467957,""weight_viapoint"":1.0}","{""acc_lim_theta"":0.7738579171069956,""acc_lim_x"":0.8,""inflation_dist"":0.55,""max_vel_theta"":0.9642990403219236,""max_vel_x"":1.2,""min_obstacle_dist"":0.2958971438899207,""weight_obstacle"":53.69708722558876,""weight_optimaltime"":0.9795546412467957,""weight_viapoint"":1.0}",false,,false,NORMAL,,false,,2.6868145613645105,2.768518705179241,-0.05,-0.0,-5.095846304892597e-05,-0.011118391246870366,-0.0,-0.020534794104811842,0.0,0.0,0.0,0.0,0.0,0.0,0.0,33.99999999999892,95.99999999999653,true,
t11_boundary_stress_acceptance,t11_boundary_stress_acceptance-episode-000015,3,4,65.178,63.714,63.718,63.75,63.768,64.268,0,0.5,true,,0.5842902870695468,0.22236773267390492,0.0002685617784730485,0.0008691785224643742,30.0,0.0,600.0,0.0,0.0,"[-0.884082555770874,0.3410731554031372,1.0,-0.648009181022644,-0.13961303234100342]","[-0.07821619510650635,0.8973345756530762,0.7285736799240112,-0.02281808853149414,0.7280058860778809]","[-0.9622987508773804,1.0,1.0,-0.6708272695541382,0.5883928537368774]","{""acc_lim_theta"":0.7738579171069956,""acc_lim_x"":0.8,""inflation_dist"":0.55,""max_vel_theta"":0.9642990403219236,""max_vel_x"":1.2,""min_obstacle_dist"":0.2958971438899207,""weight_obstacle"":53.69708722558876,""weight_optimaltime"":0.9795546412467957,""weight_viapoint"":1.0}","{""acc_lim_theta"":0.7520547707126165,""acc_lim_x"":0.8,""inflation_dist"":0.55,""max_vel_theta"":0.9642990403219236,""max_vel_x"":1.1567617226668383,""min_obstacle_dist"":0.3362233717585126,""weight_obstacle"":50.0,""weight_optimaltime"":1.0,""weight_viapoint"":1.0}","{""acc_lim_theta"":0.7520547707126165,""acc_lim_x"":0.8,""inflation_dist"":0.55,""max_vel_theta"":0.9639681022223653,""max_vel_x"":1.1567617226668383,""min_obstacle_dist"":0.3362233717585126,""weight_obstacle"":50.0,""weight_optimaltime"":1.0,""weight_viapoint"":1.0}","{""acc_lim_theta"":0.7520547707126165,""acc_lim_x"":0.8,""inflation_dist"":0.55,""max_vel_theta"":0.9639681022223653,""max_vel_x"":1.1567617226668383,""min_obstacle_dist"":0.3362233717585126,""weight_obstacle"":50.0,""weight_optimaltime"":1.0,""weight_viapoint"":1.0}","{""acc_lim_theta"":0.7520547707126165,""acc_lim_x"":0.8,""inflation_dist"":0.55,""max_vel_theta"":0.9639681022223653,""max_vel_x"":1.1567617226668383,""min_obstacle_dist"":0.3362233717585126,""weight_obstacle"":50.0,""weight_optimaltime"":1.0,""weight_viapoint"":1.0}",true,max_vel_theta:ackermann_turning_radius,false,NORMAL,,false,,11.698360347380572,1.8096127719782094,-0.05,-0.0,-0.0005425356837947507,-0.020372797790555,-0.0,-0.0403370911232885,10.0,0.0,0.0,1.0,0.0,0.0,0.0,31.999999999996476,49.99999999999716,true,
t11_boundary_stress_acceptance,t11_boundary_stress_acceptance-episode-000016,0,1,66.814,66.174,66.178,66.222,66.312,66.812,0,0.45000000000000284,true,,2.438744510973179,1.943751865075163,0.020433785841410475,0.00043180452433176164,30.0,0.0,26.66261044244778,1.125171147992283,-0.188049043502727,"[0.0,0.0,0.0,0.0,0.0]","[0.1266312599182129,-0.7635093927383423,-0.8045158386230469,-0.19207805395126343,0.8475042581558228]","[0.1266312599182129,-0.7635093927383423,-0.8045158386230469,-0.19207805395126343,0.8475042581558228]","{""acc_lim_theta"":0.8,""acc_lim_x"":0.8,""inflation_dist"":0.55,""max_vel_theta"":1.0,""max_vel_x"":1.2,""min_obstacle_dist"":0.25,""weight_obstacle"":50.0,""weight_optimaltime"":1.0,""weight_viapoint"":1.0}","{""acc_lim_theta"":0.7614887421280039,""acc_lim_x"":0.774144305211992,""inflation_dist"":0.5574484107742215,""max_vel_theta"":1.0,""max_vel_x"":1.1575721971956168,""min_obstacle_dist"":0.25,""weight_obstacle"":50.0,""weight_optimaltime"":0.9236490607261658,""weight_viapoint"":1.0}","{""acc_lim_theta"":0.7614887421280039,""acc_lim_x"":0.774144305211992,""inflation_dist"":0.5574484107742215,""max_vel_theta"":0.964643497663014,""max_vel_x"":1.1575721971956168,""min_obstacle_dist"":0.25,""weight_obstacle"":50.0,""weight_optimaltime"":0.9236490607261658,""weight_viapoint"":1.0}","{""acc_lim_theta"":0.7614887421280039,""acc_lim_x"":0.774144305211992,""inflation_dist"":0.5574484107742215,""max_vel_theta"":0.964643497663014,""max_vel_x"":1.1575721971956168,""min_obstacle_dist"":0.25,""weight_obstacle"":50.0,""weight_optimaltime"":0.9236490607261658,""weight_viapoint"":1.0}","{""acc_lim_theta"":0.7614887421280039,""acc_lim_x"":0.774144305211992,""inflation_dist"":0.5574484107742215,""max_vel_theta"":0.964643497663014,""max_vel_x"":1.1575721971956168,""min_obstacle_dist"":0.25,""weight_obstacle"":50.0,""weight_optimaltime"":0.9236490607261658,""weight_viapoint"":1.0}",true,max_vel_theta:ackermann_turning_radius,false,NORMAL,,false,,2.2470851408527657,2.47496322949008,-0.04500000000000029,-0.0,-6.388875138624432e-05,-0.13518155556730235,-0.0,-0.04763264431862555,0.0,0.0,0.0,1.0,0.0,0.0,0.0,43.99999999999693,134.00000000000034,true,
t11_boundary_stress_acceptance,t11_boundary_stress_acceptance-episode-000016,1,2,67.412,66.814,66.814,66.85,66.91,67.41,0,0.44999999999998863,true,,1.786381359663617,1.2641965638892516,0.008640421836991754,0.047043960286061566,30.0,0.0,26.457415532004152,1.1338976009848947,-0.0074290009285058675,"[0.1266312599182129,-0.7635093927383423,-0.8045158386230469,-0.19207805395126343,0.8475042581558228]","[0.5132157802581787,0.8021121025085449,0.9035346508026123,0.49037718772888184,-0.20626205205917358]","[0.6398470401763916,0.03860270977020264,0.09901881217956543,0.2982991337776184,0.6412422060966492]","{""acc_lim_theta"":0.7614887421280039,""acc_lim_x"":0.774144305211992,""inflation_dist"":0.5574484107742215,""max_vel_theta"":0.964643497663014,""max_vel_x"":1.1575721971956168,""min_obstacle_dist"":0.25,""weight_obstacle"":50.0,""weight_optimaltime"":0.9236490607261658,""weight_viapoint"":1.0}","{""acc_lim_theta"":0.7601071897898194,""acc_lim_x"":0.8,""inflation_dist"":0.55,""max_vel_theta"":0.964643497663014,""max_vel_x"":1.1677700085872351,""min_obstacle_dist"":0.2928343721851555,""weight_obstacle"":51.11374761280231,""weight_optimaltime"":1.0,""weight_viapoint"":1.0}","{""acc_lim_theta"":0.7601071897898194,""acc_lim_x"":0.8,""inflation_dist"":0.55,""max_vel_theta"":0.964643497663014,""max_vel_x"":1.1677700085872351,""min_obstacle_dist"":0.2928343721851555,""weight_obstacle"":51.11374761280231,""weight_optimaltime"":1.0,""weight_viapoint"":1.0}","{""acc_lim_theta"":0.7601071897898194,""acc_lim_x"":0.8,""inflation_dist"":0.55,""max_vel_theta"":0.964643497663014,""max_vel_x"":1.1677700085872351,""min_obstacle_dist"":0.2928343721851555,""weight_obstacle"":51.11374761280231,""weight_optimaltime"":1.0,""weight_viapoint"":1.0}","{""acc_lim_theta"":0.7601071897898194,""acc_lim_x"":0.8,""inflation_dist"":0.55,""max_vel_theta"":0.964643497663014,""max_vel_x"":1.1677700085872351,""min_obstacle_dist"":0.2928343721851555,""weight_obstacle"":51.11374761280231,""weight_optimaltime"":1.0,""weight_viapoint"":1.0}",false,,false,NORMAL,,false,,2.5204488662051756,2.6109239788718277,-0.04499999999999887,-0.0,-7.903666996726593e-05,-0.00012757966470413313,-0.0,-0.04526849633198146,0.0,0.0,0.0,0.0,0.0,0.0,0.0,36.000000000001364,96.00000000000364,true,
t11_boundary_stress_acceptance,t11_boundary_stress_acceptance-episode-000016,2,3,69.32,67.41,67.414,67.45,67.51,68.01,0,0.5,true,,1.1054742312804875,0.5876331766086588,0.008447113223923117,0.005255153790222783,30.0,0.0,600.0,0.0,0.0,"[0.6398470401763916,0.03860270977020264,0.09901881217956543,0.2982991337776184,0.6412422060966492]","[-0.4726223945617676,0.5581125020980835,0.6008434295654297,0.9107863903045654,0.26966702938079834]","[0.16722464561462402,0.5967152118682861,0.6998622417449951,1.0,0.9109092354774475]","{""acc_lim_theta"":0.7601071897898194,""acc_lim_x"":0.8,""inflation_dist"":0.55,""max_vel_theta"":0.964643497663014,""max_vel_x"":1.1677700085872351,""min_obstacle_dist"":0.2928343721851555,""weight_obstacle"":51.11374761280231,""weight_optimaltime"":1.0,""weight_viapoint"":1.0}","{""acc_lim_theta"":0.7937613949226299,""acc_lim_x"":0.7836449172648523,""inflation_dist"":0.55,""max_vel_theta"":0.964643497663014,""max_vel_x"":1.1221354936394392,""min_obstacle_dist"":0.32188967011198927,""weight_obstacle"":50.0,""weight_optimaltime"":1.0,""weight_viapoint"":1.0}","{""acc_lim_theta"":0.7937613949226299,""acc_lim_x"":0.7836449172648523,""inflation_dist"":0.55,""max_vel_theta"":0.9351129113661993,""max_vel_x"":1.1221354936394392,""min_obstacle_dist"":0.32188967011198927,""weight_obstacle"":50.0,""weight_optimaltime"":1.0,""weight_viapoint"":1.0}","{""acc_lim_theta"":0.7937613949226299,""acc_lim_x"":0.7836449172648523,""inflation_dist"":0.55,""max_vel_theta"":0.9351129113661993,""max_vel_x"":1.1221354936394392,""min_obstacle_dist"":0.32188967011198927,""weight_obstacle"":50.0,""weight_optimaltime"":1.0,""weight_viapoint"":1.0}","{""acc_lim_theta"":0.7937613949226299,""acc_lim_x"":0.7836449172648523,""inflation_dist"":0.55,""max_vel_theta"":0.9351129113661993,""max_vel_x"":1.1221354936394392,""min_obstacle_dist"":0.32188967011198927,""weight_obstacle"":50.0,""weight_optimaltime"":1.0,""weight_viapoint"":1.0}",true,max_vel_theta:ackermann_turning_radius,false,NORMAL,,false,,12.48586782526604,2.5892052733591435,-0.05,-0.0,-9.733714942849618e-05,-0.013376304829685838,-0.0,-0.03986380611398993,10.0,0.0,0.0,1.0,0.0,0.0,0.0,36.000000000001364,96.00000000000364,true,
t11_boundary_stress_acceptance,t11_boundary_stress_acceptance-episode-000017,0,1,70.878,70.334,70.336,70.368,70.376,70.876,0,0.45000000000000284,true,,2.3644694730017015,1.9855717755326068,0.008025745020796785,0.022686977363546686,30.0,0.0,25.0,1.2,-0.10919568190864039,"[0.0,0.0,0.0,0.0,0.0]","[0.7453650236129761,-0.458168089389801,-0.4385488033294678,-0.08782655000686646,-0.6976061463356018]","[0.7453650236129761,-0.458168089389801,-0.4385488033294678,-0.08782655000686646,-0.6976061463356018]","{""acc_lim_theta"":0.8,""acc_lim_x"":0.8,""inflation_dist"":0.55,""max_vel_theta"":1.0,""max_vel_x"":1.2,""min_obstacle_dist"":0.25,""weight_obstacle"":50.0,""weight_optimaltime"":1.0,""weight_viapoint"":1.0}","{""acc_lim_theta"":0.7907514926412811,""acc_lim_x"":0.7954062729676159,""inflation_dist"":0.5540601955547971,""max_vel_theta"":1.0,""max_vel_x"":1.2,""min_obstacle_dist"":0.25,""weight_obstacle"":53.766845003241784,""weight_optimaltime"":0.9541831910610199,""weight_viapoint"":1.0}","{""acc_lim_theta"":0.7907514926412811,""acc_lim_x"":0.7954062729676159,""inflation_dist"":0.5540601955547971,""max_vel_theta"":1.0,""max_vel_x"":1.2,""min_obstacle_dist"":0.25,""weight_obstacle"":53.766845003241784,""weight_optimaltime"":0.9541831910610199,""weight_viapoint"":1.0}","{""acc_lim_theta"":0.7907514926412811,""acc_lim_x"":0.7954062729676159,""inflation_dist"":0.5540601955547971,""max_vel_theta"":1.0,""max_vel_x"":1.2,""min_obstacle_dist"":0.25,""weight_obstacle"":53.766845003241784,""weight_optimaltime"":0.9541831910610199,""weight_viapoint"":1.0}","{""acc_lim_theta"":0.7907514926412811,""acc_lim_x"":0.7954062729676159,""inflation_dist"":0.5540601955547971,""max_vel_theta"":1.0,""max_vel_x"":1.2,""min_obstacle_dist"":0.25,""weight_obstacle"":53.766845003241784,""weight_optimaltime"":0.9541831910610199,""weight_viapoint"":1.0}",false,,false,NORMAL,,false,,1.659293446094232,1.8944884873454737,-0.04500000000000029,-0.0,-1.6755833956336596e-05,-0.16886061915243056,-0.0,-0.021317666264854533,0.0,0.0,0.0,0.0,0.0,0.0,0.0,31.999999999996476,40.00000000000625,true,
t11_boundary_stress_acceptance,t11_boundary_stress_acceptance-episode-000017,1,2,71.528,70.874,70.88,70.91,70.978,71.478,0,0.5,true,,1.7970364289785328,1.2360990304046184,0.019939253569600197,0.12041899156643979,30.0,0.0,25.725884987739057,1.1661406406153951,0.12221272638872535,"[0.7453650236129761,-0.458168089389801,-0.4385488033294678,-0.08782655000686646,-0.6976061463356018]","[0.7042312622070312,0.6235204935073853,0.8132327795028687,-0.6511328816413879,0.31134724617004395]","[1.0,0.16535240411758423,0.3746839761734009,-0.7389594316482544,-0.38625890016555786]","{""acc_lim_theta"":0.7907514926412811,""acc_lim_x"":0.7954062729676159,""inflation_dist"":0.5540601955547971,""max_vel_theta"":1.0,""max_vel_x"":1.2,""min_obstacle_dist"":0.25,""weight_obstacle"":53.766845003241784,""weight_optimaltime"":0.9541831910610199,""weight_viapoint"":1.0}","{""acc_lim_theta"":0.7348643479610697,""acc_lim_x"":0.8,""inflation_dist"":0.55,""max_vel_theta"":1.0,""max_vel_x"":1.2,""min_obstacle_dist"":0.28628022138071374,""weight_obstacle"":52.085671715607766,""weight_optimaltime"":1.0,""weight_viapoint"":1.0}","{""acc_lim_theta"":0.7348643479610697,""acc_lim_x"":0.8,""inflation_dist"":0.55,""max_vel_theta"":1.0,""max_vel_x"":1.2,""min_obstacle_dist"":0.28628022138071374,""weight_obstacle"":52.085671715607766,""weight_optimaltime"":1.0,""weight_viapoint"":1.0}","{""acc_lim_theta"":0.7348643479610697,""acc_lim_x"":0.8,""inflation_dist"":0.55,""max_vel_theta"":1.0,""max_vel_x"":1.2,""min_obstacle_dist"":0.28628022138071374,""weight_obstacle"":52.085671715607766,""weight_optimaltime"":1.0,""weight_viapoint"":1.0}","{""acc_lim_theta"":0.7348643479610697,""acc_lim_x"":0.8,""inflation_dist"":0.55,""max_vel_theta"":1.0,""max_vel_x"":1.2,""min_obstacle_dist"":0.28628022138071374,""weight_obstacle"":52.085671715607766,""weight_optimaltime"":1.0,""weight_viapoint"":1.0}",false,,false,NORMAL,,false,,2.6823159823119944,2.8046869928695717,-0.05,-0.0,-0.0001142992486448066,-0.02893864059263522,-0.0,-0.0433180707162976,0.0,0.0,0.0,0.0,0.0,0.0,0.0,30.000000000001137,97.99999999999898,true,
t11_boundary_stress_acceptance,t11_boundary_stress_acceptance-episode-000017,2,3,72.124,71.514,71.53,71.562,71.574,72.074,0,0.5,true,,1.1205075716083508,0.6193693505810035,0.04515058445756988,0.04539987843790813,30.0,0.0,35.146043959042764,0.8535811323448045,0.15749384957883095,"[1.0,0.16535240411758423,0.3746839761734009,-0.7389594316482544,-0.38625890016555786]","[-0.9454618096351624,-0.7952747344970703,0.07166528701782227,0.4245365858078003,0.30580198764801025]","[0.054538190364837646,-0.6299223303794861,0.44634926319122314,-0.3144228458404541,-0.08045691251754761]","{""acc_lim_theta"":0.7348643479610697,""acc_lim_x"":0.8,""inflation_dist"":0.55,""max_vel_theta"":1.0,""max_vel_x"":1.2,""min_obstacle_dist"":0.28628022138071374,""weight_obstacle"":52.085671715607766,""weight_optimaltime"":1.0,""weight_viapoint"":1.0}","{""acc_lim_theta"":0.7740637833409896,""acc_lim_x"":0.7435675762481979,""inflation_dist"":0.55,""max_vel_theta"":1.0,""max_vel_x"":1.1547128504627113,""min_obstacle_dist"":0.26984144950106226,""weight_obstacle"":50.43444101013867,""weight_optimaltime"":0.920472526550293,""weight_viapoint"":1.0}","{""acc_lim_theta"":0.7740637833409896,""acc_lim_x"":0.7435675762481979,""inflation_dist"":0.55,""max_vel_theta"":0.9622607087189261,""max_vel_x"":1.1547128504627113,""min_obstacle_dist"":0.26984144950106226,""weight_obstacle"":50.43444101013867,""weight_optimaltime"":0.920472526550293,""weight_viapoint"":1.0}","{""acc_lim_theta"":0.7740637833409896,""acc_lim_x"":0.7435675762481979,""inflation_dist"":0.55,""max_vel_theta"":0.9622607087189261,""max_vel_x"":1.1547128504627113,""min_obstacle_dist"":0.26984144950106226,""weight_obstacle"":50.43444101013867,""weight_optimaltime"":0.920472526550293,""weight_viapoint"":1.0}","{""acc_lim_theta"":0.7740637833409896,""acc_lim_x"":0.7435675762481979,""inflation_dist"":0.55,""max_vel_theta"":0.9622607087189261,""max_vel_x"":1.1547128504627113,""min_obstacle_dist"":0.26984144950106226,""weight_obstacle"":50.43444101013867,""weight_optimaltime"":0.920472526550293,""weight_viapoint"":1.0}",true,max_vel_theta:ackermann_turning_radius,false,NORMAL,,false,,2.3747184655955738,2.5056911051367363,-0.05,-0.0,-0.0009598477060330277,-0.015225645687029596,-0.0,-0.06478714614810024,0.0,0.0,0.0,1.0,0.0,0.0,0.0,31.999999999996476,43.99999999999693,true,
t11_boundary_stress_acceptance,t11_boundary_stress_acceptance-episode-000017,3,4,73.474,72.114,72.124,72.164,72.172,72.672,0,0.44999999999998863,true,,0.5181503744038348,0.21772991175995027,0.0030448058888451275,0.002170981693299398,30.0,0.0,600.0,0.0,0.0,"[0.054538190364837646,-0.6299223303794861,0.44634926319122314,-0.3144228458404541,-0.08045691251754761]","[-0.7737707495689392,-0.3449360132217407,-0.0033554434776306152,-0.9816290736198425,0.16855919361114502]","[-0.7192325592041016,-0.9748583436012268,0.44299381971359253,-1.0,0.08810228109359741]","{""acc_lim_theta"":0.7740637833409896,""acc_lim_x"":0.7435675762481979,""inflation_dist"":0.55,""max_vel_theta"":0.9622607087189261,""max_vel_x"":1.1547128504627113,""min_obstacle_dist"":0.26984144950106226,""weight_obstacle"":50.43444101013867,""weight_optimaltime"":0.920472526550293,""weight_viapoint"":1.0}","{""acc_lim_theta"":0.7746865532597382,""acc_lim_x"":0.7563075296487745,""inflation_dist"":0.5500310655429654,""max_vel_theta"":0.9622607087189261,""max_vel_x"":1.1532358886317278,""min_obstacle_dist"":0.2617848518336763,""weight_obstacle"":50.0,""weight_optimaltime"":0.8859789252281189,""weight_viapoint"":1.0}","{""acc_lim_theta"":0.7746865532597382,""acc_lim_x"":0.7563075296487745,""inflation_dist"":0.5500310655429654,""max_vel_theta"":0.9610299071931065,""max_vel_x"":1.1532358886317278,""min_obstacle_dist"":0.2617848518336763,""weight_obstacle"":50.0,""weight_optimaltime"":0.8859789252281189,""weight_viapoint"":1.0}","{""acc_lim_theta"":0.7746865532597382,""acc_lim_x"":0.7563075296487745,""inflation_dist"":0.5500310655429654,""max_vel_theta"":0.9610299071931065,""max_vel_x"":1.1532358886317278,""min_obstacle_dist"":0.2617848518336763,""weight_obstacle"":50.0,""weight_optimaltime"":0.8859789252281189,""weight_viapoint"":1.0}","{""acc_lim_theta"":0.7746865532597382,""acc_lim_x"":0.7563075296487745,""inflation_dist"":0.5500310655429654,""max_vel_theta"":0.9610299071931065,""max_vel_x"":1.1532358886317278,""min_obstacle_dist"":0.2617848518336763,""weight_obstacle"":50.0,""weight_optimaltime"":0.8859789252281189,""weight_viapoint"":1.0}",true,max_vel_theta:ackermann_turning_radius,false,NORMAL,,false,,11.426315888436944,1.5021023132194227,-0.04499999999999887,-0.0,-0.00032246539928838976,-0.01563184072194691,-0.0,-0.01483211866124436,10.0,0.0,0.0,1.0,0.0,0.0,0.0,40.00000000000625,48.00000000000182,true,
t11_boundary_stress_acceptance,t11_boundary_stress_acceptance-episode-000018,0,1,75.026,74.474,74.478,74.512,74.524,75.024,0,0.45000000000000284,true,,2.5069021229817143,2.0640130793849067,0.00307329808340092,0.005277213711001674,30.0,0.0,25.77823714059202,1.1637723648976808,0.0008262011781104563,"[0.0,0.0,0.0,0.0,0.0]","[0.7453045845031738,-0.7860749959945679,0.3517235517501831,0.022429347038269043,0.23235440254211426]","[0.7453045845031738,-0.7860749959945679,0.3517235517501831,0.022429347038269043,0.23235440254211426]","{""acc_lim_theta"":0.8,""acc_lim_x"":0.8,""inflation_dist"":0.55,""max_vel_theta"":1.0,""max_vel_x"":1.2,""min_obstacle_dist"":0.25,""weight_obstacle"":50.0,""weight_optimaltime"":1.0,""weight_viapoint"":1.0}","{""acc_lim_theta"":0.762417920601689,""acc_lim_x"":0.7914526082511344,""inflation_dist"":0.55,""max_vel_theta"":1.0,""max_vel_x"":1.199902855706807,""min_obstacle_dist"":0.25,""weight_obstacle"":50.0,""weight_optimaltime"":0.9213925004005432,""weight_viapoint"":1.0}","{""acc_lim_theta"":0.762417920601689,""acc_lim_x"":0.7914526082511344,""inflation_dist"":0.55,""max_vel_theta"":0.9999190464223392,""max_vel_x"":1.199902855706807,""min_obstacle_dist"":0.25,""weight_obstacle"":50.0,""weight_optimaltime"":0.9213925004005432,""weight_viapoint"":1.0}","{""acc_lim_theta"":0.762417920601689,""acc_lim_x"":0.7914526082511344,""inflation_dist"":0.55,""max_vel_theta"":0.9999190464223392,""max_vel_x"":1.199902855706807,""min_obstacle_dist"":0.25,""weight_obstacle"":50.0,""weight_optimaltime"":0.9213925004005432,""weight_viapoint"":1.0}","{""acc_lim_theta"":0.762417920601689,""acc_lim_x"":0.7914526082511344,""inflation_dist"":0.55,""max_vel_theta"":0.9999190464223392,""max_vel_x"":1.199902855706807,""min_obstacle_dist"":0.25,""weight_obstacle"":50.0,""weight_optimaltime"":0.9213925004005432,""weight_viapoint"":1.0}",true,max_vel_theta:ackermann_turning_radius,false,NORMAL,,false,,1.9390327443449447,2.214445217984038,-0.04500000000000029,-0.0,-2.5143034488526235e-05,-0.20310108146685424,-0.0,-0.02728624913774985,0.0,0.0,0.0,1.0,0.0,0.0,0.0,34.000000000006025,46.00000000000648,true,
t11_boundary_stress_acceptance,t11_boundary_stress_acceptance-episode-000018,1,2,75.626,75.024,75.044,75.07,75.124,75.624,0,0.44999999999998863,true,,1.9010846341137777,1.3921641608361457,0.009473875340995981,0.004312066776080817,30.0,0.0,27.1656783573278,1.1043346536534273,-0.004430343849855613,"[0.7453045845031738,-0.7860749959945679,0.3517235517501831,0.022429347038269043,0.23235440254211426]","[-0.571564793586731,-0.44071686267852783,0.49857354164123535,0.6469607353210449,0.5808372497558594]","[0.17373979091644287,-1.0,0.8502970933914185,0.669390082359314,0.8131916522979736]","{""acc_lim_theta"":0.762417920601689,""acc_lim_x"":0.7914526082511344,""inflation_dist"":0.55,""max_vel_theta"":0.9999190464223392,""max_vel_x"":1.199902855706807,""min_obstacle_dist"":0.25,""weight_obstacle"":50.0,""weight_optimaltime"":0.9213925004005432,""weight_viapoint"":1.0}","{""acc_lim_theta"":0.7828850156654639,""acc_lim_x"":0.7500763060068422,""inflation_dist"":0.55,""max_vel_theta"":0.9999190464223392,""max_vel_x"":1.1404581526291138,""min_obstacle_dist"":0.2532357040509762,""weight_obstacle"":50.0,""weight_optimaltime"":0.8773208141326905,""weight_viapoint"":1.0}","{""acc_lim_theta"":0.7828850156654639,""acc_lim_x"":0.7500763060068422,""inflation_dist"":0.55,""max_vel_theta"":0.9503817938575948,""max_vel_x"":1.1404581526291138,""min_obstacle_dist"":0.2532357040509762,""weight_obstacle"":50.0,""weight_optimaltime"":0.8773208141326905,""weight_viapoint"":1.0}","{""acc_lim_theta"":0.7828850156654639,""acc_lim_x"":0.7500763060068422,""inflation_dist"":0.55,""max_vel_theta"":0.9503817938575948,""max_vel_x"":1.1404581526291138,""min_obstacle_dist"":0.2532357040509762,""weight_obstacle"":50.0,""weight_optimaltime"":0.8773208141326905,""weight_viapoint"":1.0}","{""acc_lim_theta"":0.7828850156654639,""acc_lim_x"":0.7500763060068422,""inflation_dist"":0.55,""max_vel_theta"":0.9503817938575948,""max_vel_x"":1.1404581526291138,""min_obstacle_dist"":0.2532357040509762,""weight_obstacle"":50.0,""weight_optimaltime"":0.8773208141326905,""weight_viapoint"":1.0}",true,max_vel_theta:ackermann_turning_radius,false,NORMAL,,false,,2.4505224040595714,2.54460236638816,-0.04499999999999887,-0.0,-3.086524716520776e-05,-0.003664727854548886,-0.0,-0.04538436922687555,0.0,0.0,0.0,1.0,0.0,0.0,0.0,25.99999999999625,79.9999999999983,true,
t11_boundary_stress_acceptance,t11_boundary_stress_acceptance-episode-000018,2,3,76.274,75.624,75.64,75.67,75.724,76.224,0,0.5,true,,1.2375485513257178,0.6852728147369621,0.012724120932408245,0.004168286576410724,30.0,0.0,32.74740126015479,0.9161032279071967,-0.0062357072568279,"[0.17373979091644287,-1.0,0.8502970933914185,0.669390082359314,0.8131916522979736]","[-0.5511914491653442,0.09481871128082275,0.7922756671905518,-0.5865779519081116,-0.9827114343643188]","[-0.37745165824890137,-0.9051812887191772,1.0,0.08281213045120239,-0.16951978206634521]","{""acc_lim_theta"":0.7828850156654639,""acc_lim_x"":0.7500763060068422,""inflation_dist"":0.55,""max_vel_theta"":0.9503817938575948,""max_vel_x"":1.1404581526291138,""min_obstacle_dist"":0.2532357040509762,""weight_obstacle"":50.0,""weight_optimaltime"":0.8773208141326905,""weight_viapoint"":1.0}","{""acc_lim_theta"":0.8,""acc_lim_x"":0.7765063253945901,""inflation_dist"":0.55,""max_vel_theta"":0.9503817938575948,""max_vel_x"":1.2,""min_obstacle_dist"":0.2767416736126508,""weight_obstacle"":55.30632030065714,""weight_optimaltime"":0.8868026852607728,""weight_viapoint"":1.0}","{""acc_lim_theta"":0.8,""acc_lim_x"":0.7765063253945901,""inflation_dist"":0.55,""max_vel_theta"":0.9503817938575948,""max_vel_x"":1.2,""min_obstacle_dist"":0.2767416736126508,""weight_obstacle"":55.30632030065714,""weight_optimaltime"":0.8868026852607728,""weight_viapoint"":1.0}","{""acc_lim_theta"":0.8,""acc_lim_x"":0.7765063253945901,""inflation_dist"":0.55,""max_vel_theta"":0.9503817938575948,""max_vel_x"":1.2,""min_obstacle_dist"":0.2767416736126508,""weight_obstacle"":55.30632030065714,""weight_optimaltime"":0.8868026852607728,""weight_viapoint"":1.0}","{""acc_lim_theta"":0.8,""acc_lim_x"":0.7765063253945901,""inflation_dist"":0.55,""max_vel_theta"":0.9503817938575948,""max_vel_x"":1.2,""min_obstacle_dist"":0.2767416736126508,""weight_obstacle"":55.30632030065714,""weight_optimaltime"":0.8868026852607728,""weight_viapoint"":1.0}",false,,false,NORMAL,,false,,2.6572228995516673,2.7613786829437785,-0.05,-0.0,-4.804075976755499e-05,-0.011386447821690971,-0.0,-0.04272129481065265,0.0,0.0,0.0,0.0,0.0,0.0,0.0,30.000000000001137,84.00000000000318,true,
t11_boundary_stress_acceptance,t11_boundary_stress_acceptance-episode-000018,3,4,77.734,76.274,76.288,76.316,76.324,76.824,0,0.5,true,,0.5936624965616106,0.23878775035490682,0.00013900736624141013,3.0827522245679734e-05,30.0,0.0,600.0,0.0,0.0,"[-0.37745165824890137,-0.9051812887191772,1.0,0.08281213045120239,-0.16951978206634521]","[0.32601237297058105,-0.8032479882240295,0.980581521987915,0.4122188091278076,0.41381657123565674]","[-0.05143928527832031,-1.0,1.0,0.49503093957901,0.24429678916931152]","{""acc_lim_theta"":0.8,""acc_lim_x"":0.7765063253945901,""inflation_dist"":0.55,""max_vel_theta"":0.9503817938575948,""max_vel_x"":1.2,""min_obstacle_dist"":0.2767416736126508,""weight_obstacle"":55.30632030065714,""weight_optimaltime"":0.8868026852607728,""weight_viapoint"":1.0}","{""acc_lim_theta"":0.7834503176222019,""acc_lim_x"":0.7541192230620002,""inflation_dist"":0.55,""max_vel_theta"":0.9503817938575948,""max_vel_x"":1.1724790745643734,""min_obstacle_dist"":0.2845730910549175,""weight_obstacle"":53.07184617538505,""weight_optimaltime"":0.8064778864383698,""weight_viapoint"":1.0}","{""acc_lim_theta"":0.7834503176222019,""acc_lim_x"":0.7541192230620002,""inflation_dist"":0.55,""max_vel_theta"":0.9503817938575948,""max_vel_x"":1.1724790745643734,""min_obstacle_dist"":0.2845730910549175,""weight_obstacle"":53.07184617538505,""weight_optimaltime"":0.8064778864383698,""weight_viapoint"":1.0}","{""acc_lim_theta"":0.7834503176222019,""acc_lim_x"":0.7541192230620002,""inflation_dist"":0.55,""max_vel_theta"":0.9503817938575948,""max_vel_x"":1.1724790745643734,""min_obstacle_dist"":0.2845730910549175,""weight_obstacle"":53.07184617538505,""weight_optimaltime"":0.8064778864383698,""weight_viapoint"":1.0}","{""acc_lim_theta"":0.7834503176222019,""acc_lim_x"":0.7541192230620002,""inflation_dist"":0.55,""max_vel_theta"":0.9503817938575948,""max_vel_x"":1.1724790745643734,""min_obstacle_dist"":0.2845730910549175,""weight_obstacle"":53.07184617538505,""weight_optimaltime"":0.8064778864383698,""weight_viapoint"":1.0}",false,,false,NORMAL,,false,,11.664202282789436,1.7743737310335188,-0.05,-0.0,-5.265604435020601e-05,-0.022131300124266978,-0.0,-0.037987492075466256,10.0,0.0,0.0,0.0,0.0,0.0,0.0,28.000000000005798,36.000000000001364,true,
t11_boundary_stress_acceptance,t11_boundary_stress_acceptance-episode-000019,0,1,79.312,78.714,78.73,78.754,78.762,79.262,0,0.5,true,,2.375832211744949,1.8752275260350526,0.010295182962035488,0.0375142235181777,30.0,0.0,26.003881380891563,1.153673928925276,-0.3026860973272173,"[0.0,0.0,0.0,0.0,0.0]","[-0.9379517436027527,-0.07146328687667847,0.6450140476226807,-0.654143214225769,0.3605062961578369]","[-0.9379517436027527,-0.07146328687667847,0.6450140476226807,-0.654143214225769,0.3605062961578369]","{""acc_lim_theta"":0.8,""acc_lim_x"":0.8,""inflation_dist"":0.55,""max_vel_theta"":1.0,""max_vel_x"":1.2,""min_obstacle_dist"":0.25,""weight_obstacle"":50.0,""weight_optimaltime"":1.0,""weight_viapoint"":1.0}","{""acc_lim_theta"":0.8,""acc_lim_x"":0.8,""inflation_dist"":0.55,""max_vel_theta"":1.0,""max_vel_x"":1.1767022913904208,""min_obstacle_dist"":0.2657036117016177,""weight_obstacle"":50.0,""weight_optimaltime"":0.9928536713123322,""weight_viapoint"":1.0}","{""acc_lim_theta"":0.8,""acc_lim_x"":0.8,""inflation_dist"":0.55,""max_vel_theta"":0.9805852428253508,""max_vel_x"":1.1767022913904208,""min_obstacle_dist"":0.2657036117016177,""weight_obstacle"":50.0,""weight_optimaltime"":0.9928536713123322,""weight_viapoint"":1.0}","{""acc_lim_theta"":0.8,""acc_lim_x"":0.8,""inflation_dist"":0.55,""max_vel_theta"":0.9805852428253508,""max_vel_x"":1.1767022913904208,""min_obstacle_dist"":0.2657036117016177,""weight_obstacle"":50.0,""weight_optimaltime"":0.9928536713123322,""weight_viapoint"":1.0}","{""acc_lim_theta"":0.8,""acc_lim_x"":0.8,""inflation_dist"":0.55,""max_vel_theta"":0.9805852428253508,""max_vel_x"":1.1767022913904208,""min_obstacle_dist"":0.2657036117016177,""weight_obstacle"":50.0,""weight_optimaltime"":0.9928536713123322,""weight_viapoint"":1.0}",true,max_vel_theta:ackermann_turning_radius,false,NORMAL,,false,,2.220028388668908,2.5030234285494823,-0.05,-0.0,-3.775703885669587e-05,-0.21748066955367729,-0.0,-0.015476613288040363,0.0,0.0,0.0,1.0,0.0,0.0,0.0,24.00000000000091,31.999999999996476,true,
t11_boundary_stress_acceptance,t11_boundary_stress_acceptance-episode-000019,1,2,79.962,79.294,79.33,79.358,79.46,79.96,0,0.45000000000000284,true,,1.6432713712766391,1.1312899662924303,0.0077994496353159925,0.021531893218389435,30.0,0.0,25.75347733752176,1.1648912341748596,0.18473926773707106,"[-0.9379517436027527,-0.07146328687667847,0.6450140476226807,-0.654143214225769,0.3605062961578369]","[0.908743143081665,-0.2665926218032837,-0.2677859663963318,0.03357112407684326,-0.9632728099822998]","[-0.029208600521087646,-0.33805590867996216,0.3772280812263489,-0.6205720901489258,-0.6027665138244629]","{""acc_lim_theta"":0.8,""acc_lim_x"":0.8,""inflation_dist"":0.55,""max_vel_theta"":0.9805852428253508,""max_vel_x"":1.1767022913904208,""min_obstacle_dist"":0.2657036117016177,""weight_obstacle"":50.0,""weight_optimaltime"":0.9928536713123322,""weight_viapoint"":1.0}","{""acc_lim_theta"":0.7961228960972961,""acc_lim_x"":0.8,""inflation_dist"":0.5524792300928538,""max_vel_theta"":0.9805852428253508,""max_vel_x"":1.2,""min_obstacle_dist"":0.2523418737528586,""weight_obstacle"":55.20135808736828,""weight_optimaltime"":0.9661944091320038,""weight_viapoint"":1.0}","{""acc_lim_theta"":0.7961228960972961,""acc_lim_x"":0.8,""inflation_dist"":0.5524792300928538,""max_vel_theta"":0.9805852428253508,""max_vel_x"":1.2,""min_obstacle_dist"":0.2523418737528586,""weight_obstacle"":55.20135808736828,""weight_optimaltime"":0.9661944091320038,""weight_viapoint"":1.0}","{""acc_lim_theta"":0.7961228960972961,""acc_lim_x"":0.8,""inflation_dist"":0.5524792300928538,""max_vel_theta"":0.9805852428253508,""max_vel_x"":1.2,""min_obstacle_dist"":0.2523418737528586,""weight_obstacle"":55.20135808736828,""weight_optimaltime"":0.9661944091320038,""weight_viapoint"":1.0}","{""acc_lim_theta"":0.7961228960972961,""acc_lim_x"":0.8,""inflation_dist"":0.5524792300928538,""max_vel_theta"":0.9805852428253508,""max_vel_x"":1.2,""min_obstacle_dist"":0.2523418737528586,""weight_obstacle"":55.20135808736828,""weight_optimaltime"":0.9661944091320038,""weight_viapoint"":1.0}",false,,false,NORMAL,,false,,2.4881195085742998,2.5599070249210443,-0.04500000000000029,-0.0,-0.00012508237531541765,-2.259131541585695e-05,-0.0,-0.026639842656012776,0.0,0.0,0.0,0.0,0.0,0.0,0.0,28.000000000005798,129.99999999999545,true,
t11_boundary_stress_acceptance,t11_boundary_stress_acceptance-episode-000019,2,3,81.77,79.96,79.974,80.002,80.06,80.56,0,0.5,true,,0.9453631754590096,0.46708214262767733,0.005116366595649843,0.0007003262798112963,30.0,0.0,600.0,0.0,0.0,"[-0.029208600521087646,-0.33805590867996216,0.3772280812263489,-0.6205720901489258,-0.6027665138244629]","[-0.9086804389953613,0.5521266460418701,0.15716958045959473,0.7244622707366943,0.8996109962463379]","[-0.937889039516449,0.21407073736190796,0.5343976616859436,0.10389018058776855,0.296844482421875]","{""acc_lim_theta"":0.7961228960972961,""acc_lim_x"":0.8,""inflation_dist"":0.5524792300928538,""max_vel_theta"":0.9805852428253508,""max_vel_x"":1.2,""min_obstacle_dist"":0.2523418737528586,""weight_obstacle"":55.20135808736828,""weight_optimaltime"":0.9661944091320038,""weight_viapoint"":1.0}","{""acc_lim_theta"":0.8,""acc_lim_x"":0.7770778205509563,""inflation_dist"":0.5510241144316398,""max_vel_theta"":0.9805852428253508,""max_vel_x"":1.1139333352046787,""min_obstacle_dist"":0.2693219119152802,""weight_obstacle"":50.343752970394924,""weight_optimaltime"":1.0,""weight_viapoint"":1.0}","{""acc_lim_theta"":0.8,""acc_lim_x"":0.7770778205509563,""inflation_dist"":0.5510241144316398,""max_vel_theta"":0.9282777793372323,""max_vel_x"":1.1139333352046787,""min_obstacle_dist"":0.2693219119152802,""weight_obstacle"":50.343752970394924,""weight_optimaltime"":1.0,""weight_viapoint"":1.0}","{""acc_lim_theta"":0.8,""acc_lim_x"":0.7770778205509563,""inflation_dist"":0.5510241144316398,""max_vel_theta"":0.9282777793372323,""max_vel_x"":1.1139333352046787,""min_obstacle_dist"":0.2693219119152802,""weight_obstacle"":50.343752970394924,""weight_optimaltime"":1.0,""weight_viapoint"":1.0}","{""acc_lim_theta"":0.8,""acc_lim_x"":0.7770778205509563,""inflation_dist"":0.5510241144316398,""max_vel_theta"":0.9282777793372323,""max_vel_x"":1.1139333352046787,""min_obstacle_dist"":0.2693219119152802,""weight_obstacle"":50.343752970394924,""weight_optimaltime"":1.0,""weight_viapoint"":1.0}",true,max_vel_theta:ackermann_turning_radius,false,NORMAL,,false,,12.261088058186578,2.3914051641566614,-0.05,-0.0,-7.96506449735371e-05,-0.02504760665270537,-0.0,-0.05518984867240415,10.0,0.0,0.0,1.0,0.0,0.0,0.0,27.999999999991587,85.99999999999852,true,
t11_boundary_stress_acceptance,t11_boundary_stress_acceptance-episode-000020,0,1,83.36,82.754,82.772,82.806,82.81,83.31,0,0.5,true,,2.4360264732349624,1.9609815333190135,0.011292349472668595,0.024048416362287144,30.0,0.0,27.747199000018533,1.0811902131087163,0.005170587923097657,"[0.0,0.0,0.0,0.0,0.0]","[-0.835110068321228,-0.7408811450004578,-0.9728419184684753,0.3153609037399292,-0.9446312189102173]","[-0.835110068321228,-0.7408811450004578,-0.9728419184684753,0.3153609037399292,-0.9446312189102173]","{""acc_lim_theta"":0.8,""acc_lim_x"":0.8,""inflation_dist"":0.55,""max_vel_theta"":1.0,""max_vel_x"":1.2,""min_obstacle_dist"":0.25,""weight_obstacle"":50.0,""weight_optimaltime"":1.0,""weight_viapoint"":1.0}","{""acc_lim_theta"":0.8,""acc_lim_x"":0.7371898881575558,""inflation_dist"":0.5590068161237656,""max_vel_theta"":1.0,""max_vel_x"":1.2,""min_obstacle_dist"":0.25,""weight_obstacle"":55.10069959324347,""weight_optimaltime"":0.9259118854999542,""weight_viapoint"":1.0}","{""acc_lim_theta"":0.8,""acc_lim_x"":0.7371898881575558,""inflation_dist"":0.5590068161237656,""max_vel_theta"":1.0,""max_vel_x"":1.2,""min_obstacle_dist"":0.25,""weight_obstacle"":55.10069959324347,""weight_optimaltime"":0.9259118854999542,""weight_viapoint"":1.0}","{""acc_lim_theta"":0.8,""acc_lim_x"":0.7371898881575558,""inflation_dist"":0.5590068161237656,""max_vel_theta"":1.0,""max_vel_x"":1.2,""min_obstacle_dist"":0.25,""weight_obstacle"":55.10069959324347,""weight_optimaltime"":0.9259118854999542,""weight_viapoint"":1.0}","{""acc_lim_theta"":0.8,""acc_lim_x"":0.7371898881575558,""inflation_dist"":0.5590068161237656,""max_vel_theta"":1.0,""max_vel_x"":1.2,""min_obstacle_dist"":0.25,""weight_obstacle"":55.10069959324347,""weight_optimaltime"":0.9259118854999542,""weight_viapoint"":1.0}",false,,false,NORMAL,,false,,2.1215397013731696,2.3752246995797446,-0.05,-0.0,-2.5660526186939406e-05,-0.16036441159791914,-0.0,-0.04329492608246874,0.0,0.0,0.0,0.0,0.0,0.0,0.0,33.999999999991815,37.9999999999967,true,
t11_boundary_stress_acceptance,t11_boundary_stress_acceptance-episode-000020,1,2,84.056,83.354,83.372,83.406,83.506,84.006,0,0.5,true,,1.7401670078200302,1.1770623824012494,0.01602418493445821,0.020911316944859717,30.0,0.0,26.635488820534437,1.1263168550100615,-0.0027236519648547583,"[-0.835110068321228,-0.7408811450004578,-0.9728419184684753,0.3153609037399292,-0.9446312189102173]","[0.08560550212860107,-0.775608241558075,-0.9564587473869324,0.2622206211090088,0.5465195178985596]","[-0.749504566192627,-1.0,-1.0,0.577581524848938,-0.3981117010116577]","{""acc_lim_theta"":0.8,""acc_lim_x"":0.7371898881575558,""inflation_dist"":0.5590068161237656,""max_vel_theta"":1.0,""max_vel_x"":1.2,""min_obstacle_dist"":0.25,""weight_obstacle"":55.10069959324347,""weight_optimaltime"":0.9259118854999542,""weight_viapoint"":1.0}","{""acc_lim_theta"":0.7849389100871864,""acc_lim_x"":0.691112664916987,""inflation_dist"":0.5678619527129075,""max_vel_theta"":1.0,""max_vel_x"":1.163755725352283,""min_obstacle_dist"":0.25,""weight_obstacle"":52.14967296312555,""weight_optimaltime"":0.8483510613441467,""weight_viapoint"":1.0}","{""acc_lim_theta"":0.7849389100871864,""acc_lim_x"":0.691112664916987,""inflation_dist"":0.5678619527129075,""max_vel_theta"":0.9697964377935692,""max_vel_x"":1.163755725352283,""min_obstacle_dist"":0.25,""weight_obstacle"":52.14967296312555,""weight_optimaltime"":0.8483510613441467,""weight_viapoint"":1.0}","{""acc_lim_theta"":0.7849389100871864,""acc_lim_x"":0.691112664916987,""inflation_dist"":0.5678619527129075,""max_vel_theta"":0.9697964377935692,""max_vel_x"":1.163755725352283,""min_obstacle_dist"":0.25,""weight_obstacle"":52.14967296312555,""weight_optimaltime"":0.8483510613441467,""weight_viapoint"":1.0}","{""acc_lim_theta"":0.7849389100871864,""acc_lim_x"":0.691112664916987,""inflation_dist"":0.5678619527129075,""max_vel_theta"":0.9697964377935692,""max_vel_x"":1.163755725352283,""min_obstacle_dist"":0.25,""weight_obstacle"":52.14967296312555,""weight_optimaltime"":0.8483510613441467,""weight_viapoint"":1.0}",true,max_vel_theta:ackermann_turning_radius,false,NORMAL,,false,,2.713907847808268,2.815523127093904,-0.05,-0.0,-0.00017198396799652258,-0.00013303502985585657,-0.0,-0.0513102602877844,0.0,0.0,0.0,1.0,0.0,0.0,0.0,34.000000000006025,134.00000000000034,true,
t11_boundary_stress_acceptance,t11_boundary_stress_acceptance-episode-000020,2,3,86.014,84.054,84.074,84.112,84.204,84.704,0,0.5,true,,0.9581953406586566,0.5070455560175171,0.008941991306134203,0.005153829143719191,30.0,0.0,600.0,0.0,0.0,"[-0.749504566192627,-1.0,-1.0,0.577581524848938,-0.3981117010116577]","[0.8103857040405273,-0.905475914478302,0.8813059329986572,0.8679499626159668,0.6226165294647217]","[0.06088113784790039,-1.0,-0.11869406700134277,1.0,0.22450482845306396]","{""acc_lim_theta"":0.7849389100871864,""acc_lim_x"":0.691112664916987,""inflation_dist"":0.5678619527129075,""max_vel_theta"":0.9697964377935692,""max_vel_x"":1.163755725352283,""min_obstacle_dist"":0.25,""weight_obstacle"":52.14967296312555,""weight_optimaltime"":0.8483510613441467,""weight_viapoint"":1.0}","{""acc_lim_theta"":0.7533783581449667,""acc_lim_x"":0.6551977804891724,""inflation_dist"":0.5597025998554579,""max_vel_theta"":0.9697964377935692,""max_vel_x"":1.1225772724390568,""min_obstacle_dist"":0.25279945357148526,""weight_obstacle"":50.0,""weight_optimaltime"":0.7578034698963165,""weight_viapoint"":1.0}","{""acc_lim_theta"":0.7533783581449667,""acc_lim_x"":0.6551977804891724,""inflation_dist"":0.5597025998554579,""max_vel_theta"":0.9354810603658807,""max_vel_x"":1.1225772724390568,""min_obstacle_dist"":0.25279945357148526,""weight_obstacle"":50.0,""weight_optimaltime"":0.7578034698963165,""weight_viapoint"":1.0}","{""acc_lim_theta"":0.7533783581449667,""acc_lim_x"":0.6551977804891724,""inflation_dist"":0.5597025998554579,""max_vel_theta"":0.9354810603658807,""max_vel_x"":1.1225772724390568,""min_obstacle_dist"":0.25279945357148526,""weight_obstacle"":50.0,""weight_optimaltime"":0.7578034698963165,""weight_viapoint"":1.0}","{""acc_lim_theta"":0.7533783581449667,""acc_lim_x"":0.6551977804891724,""inflation_dist"":0.5597025998554579,""max_vel_theta"":0.9354810603658807,""max_vel_x"":1.1225772724390568,""min_obstacle_dist"":0.25279945357148526,""weight_obstacle"":50.0,""weight_optimaltime"":0.7578034698963165,""weight_viapoint"":1.0}",true,max_vel_theta:ackermann_turning_radius,false,NORMAL,,false,,12.130724305846305,2.2557489232056978,-0.05,-0.0,-4.705844462328296e-05,-0.01852265953321716,-0.0,-0.05645489938155224,10.0,0.0,0.0,1.0,0.0,0.0,0.0,37.9999999999967,129.99999999999545,true,
t11_boundary_stress_acceptance,t11_boundary_stress_acceptance-episode-000021,0,1,87.648,86.994,87.01,87.04,87.146,87.646,0,0.45000000000000284,true,,2.2997481730327767,1.824195906362411,0.03901445577301376,0.13029211304531527,30.0,0.0,27.078977415490638,1.1078704908124921,-0.18379471454668675,"[0.0,0.0,0.0,0.0,0.0]","[0.015012741088867188,0.1414659023284912,-0.9878217577934265,0.16326677799224854,0.9184730052947998]","[0.015012741088867188,0.1414659023284912,-0.9878217577934265,0.16326677799224854,0.9184730052947998]","{""acc_lim_theta"":0.8,""acc_lim_x"":0.8,""inflation_dist"":0.55,""max_vel_theta"":1.0,""max_vel_x"":1.2,""min_obstacle_dist"":0.25,""weight_obstacle"":50.0,""weight_optimaltime"":1.0,""weight_viapoint"":1.0}","{""acc_lim_theta"":0.772801258743563,""acc_lim_x"":0.7853009650671624,""inflation_dist"":0.5591455032586454,""max_vel_theta"":1.0,""max_vel_x"":1.1431175339892303,""min_obstacle_dist"":0.25,""weight_obstacle"":50.0,""weight_optimaltime"":1.0,""weight_viapoint"":1.0}","{""acc_lim_theta"":0.772801258743563,""acc_lim_x"":0.7853009650671624,""inflation_dist"":0.5591455032586454,""max_vel_theta"":0.9525979449910253,""max_vel_x"":1.1431175339892303,""min_obstacle_dist"":0.25,""weight_obstacle"":50.0,""weight_optimaltime"":1.0,""weight_viapoint"":1.0}","{""acc_lim_theta"":0.772801258743563,""acc_lim_x"":0.7853009650671624,""inflation_dist"":0.5591455032586454,""max_vel_theta"":0.9525979449910253,""max_vel_x"":1.1431175339892303,""min_obstacle_dist"":0.25,""weight_obstacle"":50.0,""weight_optimaltime"":1.0,""weight_viapoint"":1.0}","{""acc_lim_theta"":0.772801258743563,""acc_lim_x"":0.7853009650671624,""inflation_dist"":0.5591455032586454,""max_vel_theta"":0.9525979449910253,""max_vel_x"":1.1431175339892303,""min_obstacle_dist"":0.25,""weight_obstacle"":50.0,""weight_optimaltime"":1.0,""weight_viapoint"":1.0}",true,max_vel_theta:ackermann_turning_radius,false,NORMAL,,false,,2.185061703740483,2.377761333351829,-0.04500000000000029,-0.0,-0.000125936523208221,-0.11552542610618739,-0.0,-0.03204826698195009,0.0,0.0,0.0,1.0,0.0,0.0,0.0,30.000000000001137,135.99999999999568,true,
t11_boundary_stress_acceptance,t11_boundary_stress_acceptance-episode-000021,1,2,88.294,87.642,87.66,87.684,87.744,88.244,0,0.5,true,,1.6701878939689292,1.1819169579499977,0.012964991505641569,0.029788947571306047,30.0,0.0,36.80940633689427,0.815009069296802,0.46099378943523206,"[0.015012741088867188,0.1414659023284912,-0.9878217577934265,0.16326677799224854,0.9184730052947998]","[-0.9966498017311096,-0.6129426956176758,0.5100033283233643,-0.572870135307312,0.11625528335571289]","[-0.9816370606422424,-0.47147679328918457,-0.47781842947006226,-0.4096033573150635,1.0]","{""acc_lim_theta"":0.772801258743563,""acc_lim_x"":0.7853009650671624,""inflation_dist"":0.5591455032586454,""max_vel_theta"":0.9525979449910253,""max_vel_x"":1.1431175339892303,""min_obstacle_dist"":0.25,""weight_obstacle"":50.0,""weight_optimaltime"":1.0,""weight_viapoint"":1.0}","{""acc_lim_theta"":0.7947768551252592,""acc_lim_x"":0.7772540815910095,""inflation_dist"":0.5544237636691873,""max_vel_theta"":0.9525979449910253,""max_vel_x"":1.1310313528306035,""min_obstacle_dist"":0.25,""weight_obstacle"":50.0,""weight_optimaltime"":0.9387057304382325,""weight_viapoint"":1.0}","{""acc_lim_theta"":0.7947768551252592,""acc_lim_x"":0.7772540815910095,""inflation_dist"":0.5544237636691873,""max_vel_theta"":0.9425261273588363,""max_vel_x"":1.1310313528306035,""min_obstacle_dist"":0.25,""weight_obstacle"":50.0,""weight_optimaltime"":0.9387057304382325,""weight_viapoint"":1.0}","{""acc_lim_theta"":0.7947768551252592,""acc_lim_x"":0.7772540815910095,""inflation_dist"":0.5544237636691873,""max_vel_theta"":0.9425261273588363,""max_vel_x"":1.1310313528306035,""min_obstacle_dist"":0.25,""weight_obstacle"":50.0,""weight_optimaltime"":0.9387057304382325,""weight_viapoint"":1.0}","{""acc_lim_theta"":0.7947768551252592,""acc_lim_x"":0.7772540815910095,""inflation_dist"":0.5544237636691873,""max_vel_theta"":0.9425261273588363,""max_vel_x"":1.1310313528306035,""min_obstacle_dist"":0.25,""weight_obstacle"":50.0,""weight_optimaltime"":0.9387057304382325,""weight_viapoint"":1.0}",true,max_vel_theta:ackermann_turning_radius,false,NORMAL,,false,,2.3241212144197974,2.4413546800946575,-0.05,-0.0,-0.000848697839712679,-0.04124249845132571,-0.0,-0.02514226938382227,0.0,0.0,0.0,1.0,0.0,0.0,0.0,24.00000000000091,84.00000000000318,true,
t11_boundary_stress_acceptance,t11_boundary_stress_acceptance-episode-000021,2,3,90.35,88.294,88.308,88.342,88.44,88.94,0,0.5,true,,1.019710010292049,0.5858826446502761,0.011087608467379488,0.01593145132263003,30.0,0.0,600.0,0.0,0.0,"[-0.9816370606422424,-0.47147679328918457,-0.47781842947006226,-0.4096033573150635,1.0]","[0.16540861129760742,0.9058289527893066,-0.7983297109603882,-0.007353544235229492,-0.6015644073486328]","[-0.816228449344635,0.43435215950012207,-1.0,-0.41695690155029297,0.3984355926513672]","{""acc_lim_theta"":0.7947768551252592,""acc_lim_x"":0.7772540815910095,""inflation_dist"":0.5544237636691873,""max_vel_theta"":0.9425261273588363,""max_vel_x"":1.1310313528306035,""min_obstacle_dist"":0.25,""weight_obstacle"":50.0,""weight_optimaltime"":0.9387057304382325,""weight_viapoint"":1.0}","{""acc_lim_theta"":0.8,""acc_lim_x"":0.7984832914959981,""inflation_dist"":0.5618149017115106,""max_vel_theta"":0.9425261273588363,""max_vel_x"":1.169251042167192,""min_obstacle_dist"":0.25,""weight_obstacle"":53.248251027964976,""weight_optimaltime"":1.0,""weight_viapoint"":1.0}","{""acc_lim_theta"":0.8,""acc_lim_x"":0.7984832914959981,""inflation_dist"":0.5618149017115106,""max_vel_theta"":0.9425261273588363,""max_vel_x"":1.169251042167192,""min_obstacle_dist"":0.25,""weight_obstacle"":53.248251027964976,""weight_optimaltime"":1.0,""weight_viapoint"":1.0}","{""acc_lim_theta"":0.8,""acc_lim_x"":0.7984832914959981,""inflation_dist"":0.5618149017115106,""max_vel_theta"":0.9425261273588363,""max_vel_x"":1.169251042167192,""min_obstacle_dist"":0.25,""weight_obstacle"":53.248251027964976,""weight_optimaltime"":1.0,""weight_viapoint"":1.0}","{""acc_lim_theta"":0.8,""acc_lim_x"":0.7984832914959981,""inflation_dist"":0.5618149017115106,""max_vel_theta"":0.9425261273588363,""max_vel_x"":1.169251042167192,""min_obstacle_dist"":0.25,""weight_obstacle"":53.248251027964976,""weight_optimaltime"":1.0,""weight_viapoint"":1.0}",false,,false,NORMAL,,false,,12.03612922497716,2.169136828208865,-0.05,-0.0,-0.0002097417981767026,-0.04894771482117041,-0.0,-0.03385014661235864,10.0,0.0,0.0,0.0,0.0,0.0,0.0,33.999999999991815,131.9999999999908,true,
t11_boundary_stress_acceptance,t11_boundary_stress_acceptance-episode-000022,0,1,92.042,91.354,91.37,91.396,91.492,91.992,0,0.5,true,,2.3489954024849853,1.810168109402729,0.006769572259570114,0.011812898521195348,30.0,0.0,25.746227822245682,1.1652192393822796,0.0014613797470589118,"[0.0,0.0,0.0,0.0,0.0]","[-0.29258930683135986,-0.04989421367645264,-0.46105897426605225,0.25420212745666504,-0.9558245539665222]","[-0.29258930683135986,-0.04989421367645264,-0.46105897426605225,0.25420212745666504,-0.9558245539665222]","{""acc_lim_theta"":0.8,""acc_lim_x"":0.8,""inflation_dist"":0.55,""max_vel_theta"":1.0,""max_vel_x"":1.2,""min_obstacle_dist"":0.25,""weight_obstacle"":50.0,""weight_optimaltime"":1.0,""weight_viapoint"":1.0}","{""acc_lim_theta"":0.8,""acc_lim_x"":0.7776597716688708,""inflation_dist"":0.5542686004011461,""max_vel_theta"":1.0,""max_vel_x"":1.2,""min_obstacle_dist"":0.25,""weight_obstacle"":55.161139941207615,""weight_optimaltime"":0.9950105786323548,""weight_viapoint"":1.0}","{""acc_lim_theta"":0.8,""acc_lim_x"":0.7776597716688708,""inflation_dist"":0.5542686004011461,""max_vel_theta"":1.0,""max_vel_x"":1.2,""min_obstacle_dist"":0.25,""weight_obstacle"":55.161139941207615,""weight_optimaltime"":0.9950105786323548,""weight_viapoint"":1.0}","{""acc_lim_theta"":0.8,""acc_lim_x"":0.7776597716688708,""inflation_dist"":0.5542686004011461,""max_vel_theta"":1.0,""max_vel_x"":1.2,""min_obstacle_dist"":0.25,""weight_obstacle"":55.161139941207615,""weight_optimaltime"":0.9950105786323548,""weight_viapoint"":1.0}","{""acc_lim_theta"":0.8,""acc_lim_x"":0.7776597716688708,""inflation_dist"":0.5542686004011461,""max_vel_theta"":1.0,""max_vel_x"":1.2,""min_obstacle_dist"":0.25,""weight_obstacle"":55.161139941207615,""weight_optimaltime"":0.9950105786323548,""weight_viapoint"":1.0}",false,,false,NORMAL,,false,,2.5088961206289264,2.694136465411281,-0.05,-0.0,-3.787670953339121e-05,-0.11707764671948172,-0.0,-0.018124821353339756,0.0,0.0,0.0,0.0,0.0,0.0,0.0,25.99999999999625,121.99999999999989,true,
t11_boundary_stress_acceptance,t11_boundary_stress_acceptance-episode-000022,1,2,92.594,92.038,92.052,92.082,92.092,92.592,0,0.45000000000000284,true,,1.6713087492425684,1.1799299587725192,0.016288778372381796,0.014835982824083573,30.0,0.0,26.86178393362339,1.1168282819239137,0.022893809075073105,"[-0.29258930683135986,-0.04989421367645264,-0.46105897426605225,0.25420212745666504,-0.9558245539665222]","[-0.8773267865180969,-0.984562873840332,-0.2552347183227539,-0.7647818326950073,0.8390543460845947]","[-1.0,-1.0,-0.7162936925888062,-0.5105797052383423,-0.11677020788192749]","{""acc_lim_theta"":0.8,""acc_lim_x"":0.7776597716688708,""inflation_dist"":0.5542686004011461,""max_vel_theta"":1.0,""max_vel_x"":1.2,""min_obstacle_dist"":0.25,""weight_obstacle"":55.161139941207615,""weight_optimaltime"":0.9950105786323548,""weight_viapoint"":1.0}","{""acc_lim_theta"":0.7879466301238325,""acc_lim_x"":0.7566676284623374,""inflation_dist"":0.5566316278701445,""max_vel_theta"":1.0,""max_vel_x"":1.152592534093661,""min_obstacle_dist"":0.25,""weight_obstacle"":50.63052092702741,""weight_optimaltime"":0.8965542912483215,""weight_viapoint"":1.0}","{""acc_lim_theta"":0.7879466301238325,""acc_lim_x"":0.7566676284623374,""inflation_dist"":0.5566316278701445,""max_vel_theta"":0.9604937784113842,""max_vel_x"":1.152592534093661,""min_obstacle_dist"":0.25,""weight_obstacle"":50.63052092702741,""weight_optimaltime"":0.8965542912483215,""weight_viapoint"":1.0}","{""acc_lim_theta"":0.7879466301238325,""acc_lim_x"":0.7566676284623374,""inflation_dist"":0.5566316278701445,""max_vel_theta"":0.9604937784113842,""max_vel_x"":1.152592534093661,""min_obstacle_dist"":0.25,""weight_obstacle"":50.63052092702741,""weight_optimaltime"":0.8965542912483215,""weight_viapoint"":1.0}","{""acc_lim_theta"":0.7879466301238325,""acc_lim_x"":0.7566676284623374,""inflation_dist"":0.5566316278701445,""max_vel_theta"":0.9604937784113842,""max_vel_x"":1.152592534093661,""min_obstacle_dist"":0.25,""weight_obstacle"":50.63052092702741,""weight_optimaltime"":0.8965542912483215,""weight_viapoint"":1.0}",true,max_vel_theta:ackermann_turning_radius,false,NORMAL,,false,,2.3572349334594427,2.4568939523502467,-0.04500000000000029,-0.0,-8.726900812793547e-05,-0.0010802367659588693,-0.0,-0.053491513116716766,0.0,0.0,0.0,1.0,0.0,0.0,0.0,29.999999999986926,39.99999999999204,true,
t11_boundary_stress_acceptance,t11_boundary_stress_acceptance-episode-000022,2,3,94.502,92.59,92.606,92.636,92.692,93.192,0,0.5,true,,1.0235776105352345,0.5291374199839446,0.004456794349013174,0.0015697675780517704,30.0,0.0,600.0,0.0,0.0,"[-1.0,-1.0,-0.7162936925888062,-0.5105797052383423,-0.11677020788192749]","[-0.9553982615470886,-0.07205039262771606,-0.06447654962539673,0.019751787185668945,-0.6022800207138062]","[-1.0,-1.0,-0.7807702422142029,-0.49082791805267334,-0.7190502285957336]","{""acc_lim_theta"":0.7879466301238325,""acc_lim_x"":0.7566676284623374,""inflation_dist"":0.5566316278701445,""max_vel_theta"":0.9604937784113842,""max_vel_x"":1.152592534093661,""min_obstacle_dist"":0.25,""weight_obstacle"":50.63052092702741,""weight_optimaltime"":0.8965542912483215,""weight_viapoint"":1.0}","{""acc_lim_theta"":0.8,""acc_lim_x"":0.7365445533392191,""inflation_dist"":0.5572285680469052,""max_vel_theta"":0.9604937784113842,""max_vel_x"":1.1692826874236215,""min_obstacle_dist"":0.25,""weight_obstacle"":53.88263603308719,""weight_optimaltime"":0.8893492519855499,""weight_viapoint"":1.0}","{""acc_lim_theta"":0.8,""acc_lim_x"":0.7365445533392191,""inflation_dist"":0.5572285680469052,""max_vel_theta"":0.9604937784113842,""max_vel_x"":1.1692826874236215,""min_obstacle_dist"":0.25,""weight_obstacle"":53.88263603308719,""weight_optimaltime"":0.8893492519855499,""weight_viapoint"":1.0}","{""acc_lim_theta"":0.8,""acc_lim_x"":0.7365445533392191,""inflation_dist"":0.5572285680469052,""max_vel_theta"":0.9604937784113842,""max_vel_x"":1.1692826874236215,""min_obstacle_dist"":0.25,""weight_obstacle"":53.88263603308719,""weight_optimaltime"":0.8893492519855499,""weight_viapoint"":1.0}","{""acc_lim_theta"":0.8,""acc_lim_x"":0.7365445533392191,""inflation_dist"":0.5572285680469052,""max_vel_theta"":0.9604937784113842,""max_vel_x"":1.1692826874236215,""min_obstacle_dist"":0.25,""weight_obstacle"":53.88263603308719,""weight_optimaltime"":0.8893492519855499,""weight_viapoint"":1.0}",false,,false,NORMAL,,false,,12.379091652686157,2.4722009527564497,-0.05,-0.0,-0.0002467039272460597,-0.02392100027067416,-0.0,-0.01894159587237278,10.0,0.0,0.0,0.0,0.0,0.0,0.0,30.000000000001137,85.99999999999852,true,
t11_boundary_stress_acceptance,t11_boundary_stress_acceptance-episode-000023,0,1,96.092,95.494,95.51,95.536,95.542,96.042,0,0.5,true,,2.404219255579382,1.9152736788655043,0.0055666321323421105,0.015259040435511701,30.0,0.0,25.715344266043505,1.1666186417583482,0.0055261418780170445,"[0.0,0.0,0.0,0.0,0.0]","[-0.14876556396484375,0.4395415782928467,-0.11581486463546753,-0.5297737717628479,-0.6733367443084717]","[-0.14876556396484375,0.4395415782928467,-0.11581486463546753,-0.5297737717628479,-0.6733367443084717]","{""acc_lim_theta"":0.8,""acc_lim_x"":0.8,""inflation_dist"":0.55,""max_vel_theta"":1.0,""max_vel_x"":1.2,""min_obstacle_dist"":0.25,""weight_obstacle"":50.0,""weight_optimaltime"":1.0,""weight_viapoint"":1.0}","{""acc_lim_theta"":0.8,""acc_lim_x"":0.8,""inflation_dist"":0.5510722432600486,""max_vel_theta"":1.0,""max_vel_x"":1.2,""min_obstacle_dist"":0.2570352499687089,""weight_obstacle"":53.635798170816685,""weight_optimaltime"":1.0,""weight_viapoint"":1.0}","{""acc_lim_theta"":0.8,""acc_lim_x"":0.8,""inflation_dist"":0.5510722432600486,""max_vel_theta"":1.0,""max_vel_x"":1.2,""min_obstacle_dist"":0.2570352499687089,""weight_obstacle"":53.635798170816685,""weight_optimaltime"":1.0,""weight_viapoint"":1.0}","{""acc_lim_theta"":0.8,""acc_lim_x"":0.8,""inflation_dist"":0.5510722432600486,""max_vel_theta"":1.0,""max_vel_x"":1.2,""min_obstacle_dist"":0.2570352499687089,""weight_obstacle"":53.635798170816685,""weight_optimaltime"":1.0,""weight_viapoint"":1.0}","{""acc_lim_theta"":0.8,""acc_lim_x"":0.8,""inflation_dist"":0.5510722432600486,""max_vel_theta"":1.0,""max_vel_x"":1.2,""min_obstacle_dist"":0.2570352499687089,""weight_obstacle"":53.635798170816685,""weight_optimaltime"":1.0,""weight_viapoint"":1.0}",false,,false,NORMAL,,false,,2.2025030444431604,2.4447278835693886,-0.05,-0.0,-3.3768156121150065e-05,-0.18179901942383336,-0.0,-0.010392051546273652,0.0,0.0,0.0,0.0,0.0,0.0,0.0,25.99999999999625,31.999999999996476,true,
t11_boundary_stress_acceptance,t11_boundary_stress_acceptance-episode-000023,1,2,96.69,96.074,96.108,96.136,96.14,96.64,0,0.5,true,,1.7986119212441052,1.2161259371315924,0.015327234004855717,0.014951808673039692,30.0,0.0,25.754898526971928,1.164826953931982,0.009652057063511507,"[-0.14876556396484375,0.4395415782928467,-0.11581486463546753,-0.5297737717628479,-0.6733367443084717]","[0.13824915885925293,-0.3514024019241333,-0.1696174144744873,-0.7376142740249634,-0.8379189372062683]","[-0.01051640510559082,0.08813917636871338,-0.28543227910995483,-1.0,-1.0]","{""acc_lim_theta"":0.8,""acc_lim_x"":0.8,""inflation_dist"":0.5510722432600486,""max_vel_theta"":1.0,""max_vel_x"":1.2,""min_obstacle_dist"":0.2570352499687089,""weight_obstacle"":53.635798170816685,""weight_optimaltime"":1.0,""weight_viapoint"":1.0}","{""acc_lim_theta"":0.8,""acc_lim_x"":0.8,""inflation_dist"":0.5526426041116506,""max_vel_theta"":1.0,""max_vel_x"":1.2,""min_obstacle_dist"":0.25,""weight_obstacle"":58.16028634844617,""weight_optimaltime"":0.9648597598075866,""weight_viapoint"":1.0}","{""acc_lim_theta"":0.8,""acc_lim_x"":0.8,""inflation_dist"":0.5526426041116506,""max_vel_theta"":1.0,""max_vel_x"":1.2,""min_obstacle_dist"":0.25,""weight_obstacle"":58.16028634844617,""weight_optimaltime"":0.9648597598075866,""weight_viapoint"":1.0}","{""acc_lim_theta"":0.8,""acc_lim_x"":0.8,""inflation_dist"":0.5526426041116506,""max_vel_theta"":1.0,""max_vel_x"":1.2,""min_obstacle_dist"":0.25,""weight_obstacle"":58.16028634844617,""weight_optimaltime"":0.9648597598075866,""weight_viapoint"":1.0}","{""acc_lim_theta"":0.8,""acc_lim_x"":0.8,""inflation_dist"":0.5526426041116506,""max_vel_theta"":1.0,""max_vel_x"":1.2,""min_obstacle_dist"":0.25,""weight_obstacle"":58.16028634844617,""weight_optimaltime"":0.9648597598075866,""weight_viapoint"":1.0}",false,,false,NORMAL,,false,,2.843007400894933,2.9124299205625634,-0.05,-0.0,-7.821033263430278e-05,-4.510424742038712e-06,-0.0,-0.019339798910254353,0.0,0.0,0.0,0.0,0.0,0.0,0.0,27.999999999991587,31.999999999996476,true,
t11_boundary_stress_acceptance,t11_boundary_stress_acceptance-episode-000023,2,3,98.642,96.674,96.704,96.742,96.84,97.34,0,0.45000000000000284,true,,0.9868503211488756,0.5481729947828619,0.0015518406272934046,0.0013256467156763042,30.0,0.0,600.0,0.0,0.0,"[-0.01051640510559082,0.08813917636871338,-0.28543227910995483,-1.0,-1.0]","[0.8555281162261963,-0.7197529077529907,-0.884311854839325,0.36038684844970703,0.7500267028808594]","[0.8450117111206055,-0.6316137313842773,-1.0,-0.639613151550293,-0.24997329711914062]","{""acc_lim_theta"":0.8,""acc_lim_x"":0.8,""inflation_dist"":0.5526426041116506,""max_vel_theta"":1.0,""max_vel_x"":1.2,""min_obstacle_dist"":0.25,""weight_obstacle"":58.16028634844617,""weight_optimaltime"":0.9648597598075866,""weight_viapoint"":1.0}","{""acc_lim_theta"":0.7492693696903487,""acc_lim_x"":0.766049767319251,""inflation_dist"":0.5608297865524964,""max_vel_theta"":1.0,""max_vel_x"":1.1640376630727147,""min_obstacle_dist"":0.25,""weight_obstacle"":54.11038748662404,""weight_optimaltime"":0.8928844690322876,""weight_viapoint"":1.0}","{""acc_lim_theta"":0.7492693696903487,""acc_lim_x"":0.766049767319251,""inflation_dist"":0.5608297865524964,""max_vel_theta"":0.970031385893929,""max_vel_x"":1.1640376630727147,""min_obstacle_dist"":0.25,""weight_obstacle"":54.11038748662404,""weight_optimaltime"":0.8928844690322876,""weight_viapoint"":1.0}","{""acc_lim_theta"":0.7492693696903487,""acc_lim_x"":0.766049767319251,""inflation_dist"":0.5608297865524964,""max_vel_theta"":0.970031385893929,""max_vel_x"":1.1640376630727147,""min_obstacle_dist"":0.25,""weight_obstacle"":54.11038748662404,""weight_optimaltime"":0.8928844690322876,""weight_viapoint"":1.0}","{""acc_lim_theta"":0.7492693696903487,""acc_lim_x"":0.766049767319251,""inflation_dist"":0.5608297865524964,""max_vel_theta"":0.970031385893929,""max_vel_x"":1.1640376630727147,""min_obstacle_dist"":0.25,""weight_obstacle"":54.11038748662404,""weight_optimaltime"":0.8928844690322876,""weight_viapoint"":1.0}",true,max_vel_theta:ackermann_turning_radius,false,NORMAL,,false,,12.072859194824051,2.1933866318300685,-0.04500000000000029,-0.0,-0.00021175972170568022,-0.017323965032479256,-0.0,-0.057991712251831376,10.0,0.0,0.0,1.0,0.0,0.0,0.0,38.000000000010914,136.0000000000099,true,
t11_boundary_stress_acceptance,t11_boundary_stress_acceptance-episode-000024,0,1,100.27,99.634,99.648,99.682,99.768,100.268,0,0.45000000000000284,true,,2.360836504231721,1.860519311114659,0.04885761412264332,0.11095819275683036,30.0,0.0,25.504257251935737,1.1762742080137638,0.04386152741068767,"[0.0,0.0,0.0,0.0,0.0]","[0.031207680702209473,0.6475706100463867,0.624245285987854,0.44509923458099365,-0.24084603786468506]","[0.031207680702209473,0.6475706100463867,0.624245285987854,0.44509923458099365,-0.24084603786468506]","{""acc_lim_theta"":0.8,""acc_lim_x"":0.8,""inflation_dist"":0.55,""max_vel_theta"":1.0,""max_vel_x"":1.2,""min_obstacle_dist"":0.25,""weight_obstacle"":50.0,""weight_optimaltime"":1.0,""weight_viapoint"":1.0}","{""acc_lim_theta"":0.8,""acc_lim_x"":0.8,""inflation_dist"":0.55,""max_vel_theta"":1.0,""max_vel_x"":1.2,""min_obstacle_dist"":0.2817509641768917,""weight_obstacle"":51.30048982373032,""weight_optimaltime"":1.0,""weight_viapoint"":1.0}","{""acc_lim_theta"":0.8,""acc_lim_x"":0.8,""inflation_dist"":0.55,""max_vel_theta"":1.0,""max_vel_x"":1.2,""min_obstacle_dist"":0.2817509641768917,""weight_obstacle"":51.30048982373032,""weight_optimaltime"":1.0,""weight_viapoint"":1.0}","{""acc_lim_theta"":0.8,""acc_lim_x"":0.8,""inflation_dist"":0.55,""max_vel_theta"":1.0,""max_vel_x"":1.2,""min_obstacle_dist"":0.2817509641768917,""weight_obstacle"":51.30048982373032,""weight_optimaltime"":1.0,""weight_viapoint"":1.0}","{""acc_lim_theta"":0.8,""acc_lim_x"":0.8,""inflation_dist"":0.55,""max_vel_theta"":1.0,""max_vel_x"":1.2,""min_obstacle_dist"":0.2817509641768917,""weight_obstacle"":51.30048982373032,""weight_optimaltime"":1.0,""weight_viapoint"":1.0}",false,,false,NORMAL,,false,,2.3143226012547213,2.501585965585311,-0.04500000000000029,-0.0,-0.00023763856445534274,-0.12672436044791682,-0.0,-0.01530136531821732,0.0,0.0,0.0,0.0,0.0,0.0,0.0,34.000000000006025,120.00000000000455,true,
t11_boundary_stress_acceptance,t11_boundary_stress_acceptance-episode-000024,1,2,100.916,100.268,100.282,100.31,100.366,100.866,0,0.5,true,,1.6988842377067357,1.118705930114441,0.02103025611359317,0.07620625385258792,30.0,0.0,25.73437332075048,1.1657559959235535,0.19088511493384067,"[0.031207680702209473,0.6475706100463867,0.624245285987854,0.44509923458099365,-0.24084603786468506]","[-0.9098740220069885,0.5249791145324707,-0.27273833751678467,-0.0999683141708374,-0.6048398613929749]","[-0.878666341304779,1.0,0.35150694847106934,0.34513092041015625,-0.8456858992576599]","{""acc_lim_theta"":0.8,""acc_lim_x"":0.8,""inflation_dist"":0.55,""max_vel_theta"":1.0,""max_vel_x"":1.2,""min_obstacle_dist"":0.2817509641768917,""weight_obstacle"":51.30048982373032,""weight_optimaltime"":1.0,""weight_viapoint"":1.0}","{""acc_lim_theta"":0.8,""acc_lim_x"":0.8,""inflation_dist"":0.5525250803951607,""max_vel_theta"":1.0,""max_vel_x"":1.2,""min_obstacle_dist"":0.28653738378372745,""weight_obstacle"":54.56642723213372,""weight_optimaltime"":1.0,""weight_viapoint"":1.0}","{""acc_lim_theta"":0.8,""acc_lim_x"":0.8,""inflation_dist"":0.5525250803951607,""max_vel_theta"":1.0,""max_vel_x"":1.2,""min_obstacle_dist"":0.28653738378372745,""weight_obstacle"":54.56642723213372,""weight_optimaltime"":1.0,""weight_viapoint"":1.0}","{""acc_lim_theta"":0.8,""acc_lim_x"":0.8,""inflation_dist"":0.5525250803951607,""max_vel_theta"":1.0,""max_vel_x"":1.2,""min_obstacle_dist"":0.28653738378372745,""weight_obstacle"":54.56642723213372,""weight_optimaltime"":1.0,""weight_viapoint"":1.0}","{""acc_lim_theta"":0.8,""acc_lim_x"":0.8,""inflation_dist"":0.5525250803951607,""max_vel_theta"":1.0,""max_vel_x"":1.2,""min_obstacle_dist"":0.28653738378372745,""weight_obstacle"":54.56642723213372,""weight_optimaltime"":1.0,""weight_viapoint"":1.0}",false,,false,NORMAL,,false,,2.840370884657688,2.9008915379614733,-0.05,-0.0,-0.0013260312474339957,-2.672785533574826e-05,-0.0,-0.009167894201015568,0.0,0.0,0.0,0.0,0.0,0.0,0.0,28.000000000005798,84.00000000000318,true,
t11_boundary_stress_acceptance,t11_boundary_stress_acceptance-episode-000024,2,3,102.668,100.914,100.93,100.964,101.066,101.566,0,0.45000000000000284,true,,0.8881423750328684,0.4543655733170694,0.00920970335679758,0.006473006781138413,30.0,0.0,600.0,0.0,0.0,"[-0.878666341304779,1.0,0.35150694847106934,0.34513092041015625,-0.8456858992576599]","[0.19462788105010986,0.5951046943664551,0.5487802028656006,-0.9050131440162659,-0.053077757358551025]","[-0.6840384602546692,1.0,0.9002871513366699,-0.5598822236061096,-0.8987636566162109]","{""acc_lim_theta"":0.8,""acc_lim_x"":0.8,""inflation_dist"":0.5525250803951607,""max_vel_theta"":1.0,""max_vel_x"":1.2,""min_obstacle_dist"":0.28653738378372745,""weight_obstacle"":54.56642723213372,""weight_optimaltime"":1.0,""weight_viapoint"":1.0}","{""acc_lim_theta"":0.7705621470206556,""acc_lim_x"":0.8,""inflation_dist"":0.55,""max_vel_theta"":1.0,""max_vel_x"":1.2,""min_obstacle_dist"":0.3150462610737229,""weight_obstacle"":54.85302976013546,""weight_optimaltime"":1.0,""weight_viapoint"":1.0}","{""acc_lim_theta"":0.7705621470206556,""acc_lim_x"":0.8,""inflation_dist"":0.55,""max_vel_theta"":1.0,""max_vel_x"":1.2,""min_obstacle_dist"":0.3150462610737229,""weight_obstacle"":54.85302976013546,""weight_optimaltime"":1.0,""weight_viapoint"":1.0}","{""acc_lim_theta"":0.7705621470206556,""acc_lim_x"":0.8,""inflation_dist"":0.55,""max_vel_theta"":1.0,""max_vel_x"":1.2,""min_obstacle_dist"":0.3150462610737229,""weight_obstacle"":54.85302976013546,""weight_optimaltime"":1.0,""weight_viapoint"":1.0}","{""acc_lim_theta"":0.7705621470206556,""acc_lim_x"":0.8,""inflation_dist"":0.55,""max_vel_theta"":1.0,""max_vel_x"":1.2,""min_obstacle_dist"":0.3150462610737229,""weight_obstacle"":54.85302976013546,""weight_optimaltime"":1.0,""weight_viapoint"":1.0}",false,,false,NORMAL,,false,,12.080170859970133,2.168884008578995,-0.04500000000000029,-0.0,-0.00104794163957036,-0.022607536210978864,-0.0,-0.020057670758312246,10.0,0.0,0.0,0.0,0.0,0.0,0.0,33.999999999991815,135.99999999999568,true,
t11_boundary_stress_acceptance,t11_boundary_stress_acceptance-episode-000025,0,1,104.3,103.654,103.672,103.7,103.798,104.298,0,0.45000000000000284,true,,2.3393205740981546,1.861413769336644,0.06038085606781767,0.14647293696672598,30.0,0.0,26.308757618010656,1.1403047014071985,-0.07390680290930031,"[0.0,0.0,0.0,0.0,0.0]","[0.14827418327331543,0.5644412040710449,0.8310662508010864,-0.7450292706489563,0.7294678688049316]","[0.14827418327331543,0.5644412040710449,0.8310662508010864,-0.7450292706489563,0.7294678688049316]","{""acc_lim_theta"":0.8,""acc_lim_x"":0.8,""inflation_dist"":0.55,""max_vel_theta"":1.0,""max_vel_x"":1.2,""min_obstacle_dist"":0.25,""weight_obstacle"":50.0,""weight_optimaltime"":1.0,""weight_viapoint"":1.0}","{""acc_lim_theta"":0.750335946694062,""acc_lim_x"":0.8,""inflation_dist"":0.55,""max_vel_theta"":1.0,""max_vel_x"":1.1776658624278538,""min_obstacle_dist"":0.2853955897298065,""weight_obstacle"":50.0,""weight_optimaltime"":1.0,""weight_viapoint"":1.0}","{""acc_lim_theta"":0.750335946694062,""acc_lim_x"":0.8,""inflation_dist"":0.55,""max_vel_theta"":0.9813882186898781,""max_vel_x"":1.1776658624278538,""min_obstacle_dist"":0.2853955897298065,""weight_obstacle"":50.0,""weight_optimaltime"":1.0,""weight_viapoint"":1.0}","{""acc_lim_theta"":0.750335946694062,""acc_lim_x"":0.8,""inflation_dist"":0.55,""max_vel_theta"":0.9813882186898781,""max_vel_x"":1.1776658624278538,""min_obstacle_dist"":0.2853955897298065,""weight_obstacle"":50.0,""weight_optimaltime"":1.0,""weight_viapoint"":1.0}","{""acc_lim_theta"":0.750335946694062,""acc_lim_x"":0.8,""inflation_dist"":0.55,""max_vel_theta"":0.9813882186898781,""max_vel_x"":1.1776658624278538,""min_obstacle_dist"":0.2853955897298065,""weight_obstacle"":50.0,""weight_optimaltime"":1.0,""weight_viapoint"":1.0}",true,max_vel_theta:ackermann_turning_radius,false,NORMAL,,false,,2.202007039217328,2.3895340238075535,-0.04500000000000029,-0.0,-0.0003110376328904745,-0.10819698521487853,-0.0,-0.034018961742455854,0.0,0.0,0.0,1.0,0.0,0.0,0.0,28.000000000005798,126.00000000000477,true,
t11_boundary_stress_acceptance,t11_boundary_stress_acceptance-episode-000025,1,2,104.944,104.298,104.314,104.336,104.394,104.894,0,0.5,true,,1.683667020655688,1.1428522209591168,0.005502990762277169,0.09626593015892998,30.0,0.0,28.34227457719765,1.058489498374137,0.3407323788029808,"[0.14827418327331543,0.5644412040710449,0.8310662508010864,-0.7450292706489563,0.7294678688049316]","[0.4098128080368042,0.4491819143295288,-0.9907111525535583,-0.31978631019592285,-0.39367926120758057]","[0.5580869913101196,1.0,-0.15964490175247192,-1.0,0.3357886075973511]","{""acc_lim_theta"":0.750335946694062,""acc_lim_x"":0.8,""inflation_dist"":0.55,""max_vel_theta"":0.9813882186898781,""max_vel_x"":1.1776658624278538,""min_obstacle_dist"":0.2853955897298065,""weight_obstacle"":50.0,""weight_optimaltime"":1.0,""weight_viapoint"":1.0}","{""acc_lim_theta"":0.7386046876543917,""acc_lim_x"":0.8,""inflation_dist"":0.5591722540049069,""max_vel_theta"":0.9813882186898781,""max_vel_x"":1.2,""min_obstacle_dist"":0.2691144562119573,""weight_obstacle"":52.12573923803459,""weight_optimaltime"":1.0,""weight_viapoint"":1.0}","{""acc_lim_theta"":0.7386046876543917,""acc_lim_x"":0.8,""inflation_dist"":0.5591722540049069,""max_vel_theta"":0.9813882186898781,""max_vel_x"":1.2,""min_obstacle_dist"":0.2691144562119573,""weight_obstacle"":52.12573923803459,""weight_optimaltime"":1.0,""weight_viapoint"":1.0}","{""acc_lim_theta"":0.7386046876543917,""acc_lim_x"":0.8,""inflation_dist"":0.5591722540049069,""max_vel_theta"":0.9813882186898781,""max_vel_x"":1.2,""min_obstacle_dist"":0.2691144562119573,""weight_obstacle"":52.12573923803459,""weight_optimaltime"":1.0,""weight_viapoint"":1.0}","{""acc_lim_theta"":0.7386046876543917,""acc_lim_x"":0.8,""inflation_dist"":0.5591722540049069,""max_vel_theta"":0.9813882186898781,""max_vel_x"":1.2,""min_obstacle_dist"":0.2691144562119573,""weight_obstacle"":52.12573923803459,""weight_optimaltime"":1.0,""weight_viapoint"":1.0}",false,,false,NORMAL,,false,,2.630789990792179,2.7040739984828566,-0.05,-0.0,-0.0018165473291858103,-0.0014277134549392186,-0.0,-0.02003974690655277,0.0,0.0,0.0,0.0,0.0,0.0,0.0,22.00000000000557,80.0000000000125,true,
t11_boundary_stress_acceptance,t11_boundary_stress_acceptance-episode-000025,2,3,106.802,104.934,104.956,104.982,104.992,105.492,0,0.5,true,,1.035708065359078,0.5404577622194459,0.008037388774463828,0.000973418303588047,30.0,0.0,600.0,0.0,0.0,"[0.5580869913101196,1.0,-0.15964490175247192,-1.0,0.3357886075973511]","[0.13980555534362793,0.8363056182861328,-0.7464277744293213,-0.668374240398407,-0.4452909231185913]","[0.6978925466537476,1.0,-0.9060726761817932,-1.0,-0.10950231552124023]","{""acc_lim_theta"":0.7386046876543917,""acc_lim_x"":0.8,""inflation_dist"":0.5591722540049069,""max_vel_theta"":0.9813882186898781,""max_vel_x"":1.2,""min_obstacle_dist"":0.2691144562119573,""weight_obstacle"":52.12573923803459,""weight_optimaltime"":1.0,""weight_viapoint"":1.0}","{""acc_lim_theta"":0.7306368192563211,""acc_lim_x"":0.8,""inflation_dist"":0.5660828708135865,""max_vel_theta"":0.9813882186898781,""max_vel_x"":1.2,""min_obstacle_dist"":0.2683463982236417,""weight_obstacle"":54.53016456821403,""weight_optimaltime"":1.0,""weight_viapoint"":1.0}","{""acc_lim_theta"":0.7306368192563211,""acc_lim_x"":0.8,""inflation_dist"":0.5660828708135865,""max_vel_theta"":0.9813882186898781,""max_vel_x"":1.2,""min_obstacle_dist"":0.2683463982236417,""weight_obstacle"":54.53016456821403,""weight_optimaltime"":1.0,""weight_viapoint"":1.0}","{""acc_lim_theta"":0.7306368192563211,""acc_lim_x"":0.8,""inflation_dist"":0.5660828708135865,""max_vel_theta"":0.9813882186898781,""max_vel_x"":1.2,""min_obstacle_dist"":0.2683463982236417,""weight_obstacle"":54.53016456821403,""weight_optimaltime"":1.0,""weight_viapoint"":1.0}","{""acc_lim_theta"":0.7306368192563211,""acc_lim_x"":0.8,""inflation_dist"":0.5660828708135865,""max_vel_theta"":0.9813882186898781,""max_vel_x"":1.2,""min_obstacle_dist"":0.2683463982236417,""weight_obstacle"":54.53016456821403,""weight_optimaltime"":1.0,""weight_viapoint"":1.0}",false,,false,NORMAL,,false,,12.383629000686222,2.4762515156981606,-0.05,-0.0,-0.0005734710731677489,-0.03296654103823148,-0.0,-0.00908250290053982,10.0,0.0,0.0,0.0,0.0,0.0,0.0,25.99999999999625,36.000000000001364,true,
t11_boundary_stress_acceptance,t11_boundary_stress_acceptance-episode-000026,0,1,108.444,107.794,107.81,107.842,107.942,108.442,0,0.45000000000000284,true,,2.4366867267425687,1.980550201180623,0.015563199116995064,0.04409284139875553,30.0,0.0,25.09689836413758,1.1953668363604941,0.05021082007239886,"[0.0,0.0,0.0,0.0,0.0]","[-0.13626092672348022,0.058628201484680176,-0.9372990727424622,-0.5868887901306152,-0.32684123516082764]","[-0.13626092672348022,0.058628201484680176,-0.9372990727424622,-0.5868887901306152,-0.32684123516082764]","{""acc_lim_theta"":0.8,""acc_lim_x"":0.8,""inflation_dist"":0.55,""max_vel_theta"":1.0,""max_vel_x"":1.2,""min_obstacle_dist"":0.25,""weight_obstacle"":50.0,""weight_optimaltime"":1.0,""weight_viapoint"":1.0}","{""acc_lim_theta"":0.8,""acc_lim_x"":0.8,""inflation_dist"":0.5586777514834657,""max_vel_theta"":1.0,""max_vel_x"":1.2,""min_obstacle_dist"":0.25,""weight_obstacle"":51.764835760100446,""weight_optimaltime"":1.0,""weight_viapoint"":1.0}","{""acc_lim_theta"":0.8,""acc_lim_x"":0.8,""inflation_dist"":0.5586777514834657,""max_vel_theta"":1.0,""max_vel_x"":1.2,""min_obstacle_dist"":0.25,""weight_obstacle"":51.764835760100446,""weight_optimaltime"":1.0,""weight_viapoint"":1.0}","{""acc_lim_theta"":0.8,""acc_lim_x"":0.8,""inflation_dist"":0.5586777514834657,""max_vel_theta"":1.0,""max_vel_x"":1.2,""min_obstacle_dist"":0.25,""weight_obstacle"":51.764835760100446,""weight_optimaltime"":1.0,""weight_viapoint"":1.0}","{""acc_lim_theta"":0.8,""acc_lim_x"":0.8,""inflation_dist"":0.5586777514834657,""max_vel_theta"":1.0,""max_vel_x"":1.2,""min_obstacle_dist"":0.25,""weight_obstacle"":51.764835760100446,""weight_optimaltime"":1.0,""weight_viapoint"":1.0}",false,,false,NORMAL,,false,,2.0795843873162547,2.2806826278097283,-0.04500000000000029,-0.0,-3.742343838049905e-05,-0.1500517879681873,-0.0,-0.0060090290869053535,0.0,0.0,0.0,0.0,0.0,0.0,0.0,31.999999999996476,131.9999999999908,true,
t11_boundary_stress_acceptance,t11_boundary_stress_acceptance-episode-000026,1,2,109.04,108.44,108.454,108.488,108.538,109.038,0,0.44999999999998863,true,,1.815864938315867,1.3029542233631048,0.02541938580300604,0.02293465630046751,30.0,0.0,25.700431012916408,1.1672955984638054,-0.06588123619888772,"[-0.13626092672348022,0.058628201484680176,-0.9372990727424622,-0.5868887901306152,-0.32684123516082764]","[0.8296470642089844,0.8840258121490479,0.2563819885253906,-0.6651992797851562,-0.37705540657043457]","[0.6933861374855042,0.942654013633728,-0.6809170842170715,-1.0,-0.7038966417312622]","{""acc_lim_theta"":0.8,""acc_lim_x"":0.8,""inflation_dist"":0.5586777514834657,""max_vel_theta"":1.0,""max_vel_x"":1.2,""min_obstacle_dist"":0.25,""weight_obstacle"":51.764835760100446,""weight_optimaltime"":1.0,""weight_viapoint"":1.0}","{""acc_lim_theta"":0.7617160866590391,""acc_lim_x"":0.8,""inflation_dist"":0.5563041022972455,""max_vel_theta"":1.0,""max_vel_x"":1.2,""min_obstacle_dist"":0.2773145743894741,""weight_obstacle"":53.80081162075731,""weight_optimaltime"":1.0,""weight_viapoint"":1.0}","{""acc_lim_theta"":0.7617160866590391,""acc_lim_x"":0.8,""inflation_dist"":0.5563041022972455,""max_vel_theta"":1.0,""max_vel_x"":1.2,""min_obstacle_dist"":0.2773145743894741,""weight_obstacle"":53.80081162075731,""weight_optimaltime"":1.0,""weight_viapoint"":1.0}","{""acc_lim_theta"":0.7617160866590391,""acc_lim_x"":0.8,""inflation_dist"":0.5563041022972455,""max_vel_theta"":1.0,""max_vel_x"":1.2,""min_obstacle_dist"":0.2773145743894741,""weight_obstacle"":53.80081162075731,""weight_optimaltime"":1.0,""weight_viapoint"":1.0}","{""acc_lim_theta"":0.7617160866590391,""acc_lim_x"":0.8,""inflation_dist"":0.5563041022972455,""max_vel_theta"":1.0,""max_vel_x"":1.2,""min_obstacle_dist"":0.2773145743894741,""weight_obstacle"":53.80081162075731,""weight_optimaltime"":1.0,""weight_viapoint"":1.0}",false,,false,NORMAL,,false,,2.4938534094979192,2.5645535747638104,-0.04499999999999887,-0.0,-0.0003319527984112645,-0.00012126717335995163,-0.0,-0.025246945294120793,0.0,0.0,0.0,0.0,0.0,0.0,0.0,34.000000000006025,84.00000000000318,true,
t11_boundary_stress_acceptance,t11_boundary_stress_acceptance-episode-000026,2,3,111.046,109.038,109.054,109.092,109.136,109.636,0,0.5,true,,1.1155855315365433,0.5863560673333051,0.0016938510370791361,0.0007467102470639854,30.0,0.0,600.0,0.0,0.0,"[0.6933861374855042,0.942654013633728,-0.6809170842170715,-1.0,-0.7038966417312622]","[-0.8801755905151367,0.23251450061798096,0.20018994808197021,-0.8114409446716309,0.08077573776245117]","[-0.18678945302963257,1.0,-0.4807271361351013,-1.0,-0.623120903968811]","{""acc_lim_theta"":0.7617160866590391,""acc_lim_x"":0.8,""inflation_dist"":0.5563041022972455,""max_vel_theta"":1.0,""max_vel_x"":1.2,""min_obstacle_dist"":0.2773145743894741,""weight_obstacle"":53.80081162075731,""weight_optimaltime"":1.0,""weight_viapoint"":1.0}","{""acc_lim_theta"":0.7739962934808968,""acc_lim_x"":0.8,""inflation_dist"":0.5544506932099407,""max_vel_theta"":1.0,""max_vel_x"":1.197687388806868,""min_obstacle_dist"":0.28807060943856583,""weight_obstacle"":53.36464905858389,""weight_optimaltime"":1.0,""weight_viapoint"":1.0}","{""acc_lim_theta"":0.7739962934808968,""acc_lim_x"":0.8,""inflation_dist"":0.5544506932099407,""max_vel_theta"":0.9980728240057234,""max_vel_x"":1.197687388806868,""min_obstacle_dist"":0.28807060943856583,""weight_obstacle"":53.36464905858389,""weight_optimaltime"":1.0,""weight_viapoint"":1.0}","{""acc_lim_theta"":0.7739962934808968,""acc_lim_x"":0.8,""inflation_dist"":0.5544506932099407,""max_vel_theta"":0.9980728240057234,""max_vel_x"":1.197687388806868,""min_obstacle_dist"":0.28807060943856583,""weight_obstacle"":53.36464905858389,""weight_optimaltime"":1.0,""weight_viapoint"":1.0}","{""acc_lim_theta"":0.7739962934808968,""acc_lim_x"":0.8,""inflation_dist"":0.5544506932099407,""max_vel_theta"":0.9980728240057234,""max_vel_x"":1.197687388806868,""min_obstacle_dist"":0.28807060943856583,""weight_obstacle"":53.36464905858389,""weight_optimaltime"":1.0,""weight_viapoint"":1.0}",true,max_vel_theta:ackermann_turning_radius,false,NORMAL,,false,,12.568323685914162,2.6461473210161905,-0.05,-0.0,-0.00016125602241320603,-0.018117172378941254,-0.0,-0.009545206700674259,10.0,0.0,0.0,1.0,0.0,0.0,0.0,37.9999999999967,81.99999999999363,true,
t11_boundary_stress_acceptance,t11_boundary_stress_acceptance-episode-000027,0,1,112.584,112.034,112.048,112.08,112.082,112.582,0,0.45000000000000284,true,,2.537980237105668,2.0696765861819295,0.004588989341661943,0.00017267826236772043,30.0,0.0,25.730380430462844,1.1659369001976452,-0.004336991304773568,"[0.0,0.0,0.0,0.0,0.0]","[0.717465877532959,0.2526061534881592,0.9064500331878662,-0.6727104187011719,-0.6362224221229553]","[0.717465877532959,0.2526061534881592,0.9064500331878662,-0.6727104187011719,-0.6362224221229553]","{""acc_lim_theta"":0.8,""acc_lim_x"":0.8,""inflation_dist"":0.55,""max_vel_theta"":1.0,""max_vel_x"":1.2,""min_obstacle_dist"":0.25,""weight_obstacle"":50.0,""weight_optimaltime"":1.0,""weight_viapoint"":1.0}","{""acc_lim_theta"":0.7747815707589742,""acc_lim_x"":0.8,""inflation_dist"":0.55,""max_vel_theta"":1.0,""max_vel_x"":1.2,""min_obstacle_dist"":0.2802219346956138,""weight_obstacle"":53.435392971109685,""weight_optimaltime"":1.0,""weight_viapoint"":1.0}","{""acc_lim_theta"":0.7747815707589742,""acc_lim_x"":0.8,""inflation_dist"":0.55,""max_vel_theta"":1.0,""max_vel_x"":1.2,""min_obstacle_dist"":0.2802219346956138,""weight_obstacle"":53.435392971109685,""weight_optimaltime"":1.0,""weight_viapoint"":1.0}","{""acc_lim_theta"":0.7747815707589742,""acc_lim_x"":0.8,""inflation_dist"":0.55,""max_vel_theta"":1.0,""max_vel_x"":1.2,""min_obstacle_dist"":0.2802219346956138,""weight_obstacle"":53.435392971109685,""weight_optimaltime"":1.0,""weight_viapoint"":1.0}","{""acc_lim_theta"":0.7747815707589742,""acc_lim_x"":0.8,""inflation_dist"":0.55,""max_vel_theta"":1.0,""max_vel_x"":1.2,""min_obstacle_dist"":0.2802219346956138,""weight_obstacle"":53.435392971109685,""weight_optimaltime"":1.0,""weight_viapoint"":1.0}",false,,false,NORMAL,,false,,2.0689757043533903,2.341518254618693,-0.04500000000000029,-0.0,-2.75443424893629e-05,-0.20225083879209166,-0.0,-0.02526416713072134,0.0,0.0,0.0,0.0,0.0,0.0,0.0,31.999999999996476,33.999999999991815,true,
t11_boundary_stress_acceptance,t11_boundary_stress_acceptance-episode-000027,1,2,113.186,112.574,112.604,112.634,112.684,113.184,0,0.44999999999998863,true,,1.9064714264272664,1.3814259928480959,0.008329930850228057,0.0021449753789451525,30.0,0.0,26.294825590645225,1.1409088794516646,-0.010152189550433954,"[0.717465877532959,0.2526061534881592,0.9064500331878662,-0.6727104187011719,-0.6362224221229553]","[0.1943371295928955,-0.23104536533355713,-0.5432871580123901,-0.5643941760063171,0.709402322769165]","[0.9118030071258545,0.02156078815460205,0.3631628751754761,-1.0,0.07317990064620972]","{""acc_lim_theta"":0.7747815707589742,""acc_lim_x"":0.8,""inflation_dist"":0.55,""max_vel_theta"":1.0,""max_vel_x"":1.2,""min_obstacle_dist"":0.2802219346956138,""weight_obstacle"":53.435392971109685,""weight_optimaltime"":1.0,""weight_viapoint"":1.0}","{""acc_lim_theta"":0.7285608760223126,""acc_lim_x"":0.8,""inflation_dist"":0.5550298896888861,""max_vel_theta"":1.0,""max_vel_x"":1.175501410520578,""min_obstacle_dist"":0.26026882132236184,""weight_obstacle"":50.0,""weight_optimaltime"":0.9768954634666442,""weight_viapoint"":1.0}","{""acc_lim_theta"":0.7285608760223126,""acc_lim_x"":0.8,""inflation_dist"":0.5550298896888861,""max_vel_theta"":0.9795845087671484,""max_vel_x"":1.175501410520578,""min_obstacle_dist"":0.26026882132236184,""weight_obstacle"":50.0,""weight_optimaltime"":0.9768954634666442,""weight_viapoint"":1.0}","{""acc_lim_theta"":0.7285608760223126,""acc_lim_x"":0.8,""inflation_dist"":0.5550298896888861,""max_vel_theta"":0.9795845087671484,""max_vel_x"":1.175501410520578,""min_obstacle_dist"":0.26026882132236184,""weight_obstacle"":50.0,""weight_optimaltime"":0.9768954634666442,""weight_viapoint"":1.0}","{""acc_lim_theta"":0.7285608760223126,""acc_lim_x"":0.8,""inflation_dist"":0.5550298896888861,""max_vel_theta"":0.9795845087671484,""max_vel_x"":1.175501410520578,""min_obstacle_dist"":0.26026882132236184,""weight_obstacle"":50.0,""weight_optimaltime"":0.9768954634666442,""weight_viapoint"":1.0}",true,max_vel_theta:ackermann_turning_radius,false,NORMAL,,false,,2.539041577711903,2.6252271678958525,-0.04499999999999887,-0.0,-2.4344275753229908e-05,-0.0005298257930184627,-0.0,-0.04063142011517909,0.0,0.0,0.0,1.0,0.0,0.0,0.0,30.000000000001137,79.9999999999983,true,
t11_boundary_stress_acceptance,t11_boundary_stress_acceptance-episode-000027,2,3,113.832,113.174,113.198,113.228,113.282,113.782,0,0.5,true,,1.2216872341188696,0.6805482855453215,0.009065554683860073,0.0004633627395949703,30.0,0.0,32.66639711054751,0.9183749251096147,3.151983467835854e-06,"[0.9118030071258545,0.02156078815460205,0.3631628751754761,-1.0,0.07317990064620972]","[-0.17074459791183472,-0.10634100437164307,0.14073526859283447,0.5187973976135254,-0.07219988107681274]","[0.7410584092140198,-0.08478021621704102,0.5038981437683105,-0.4812026023864746,0.0009800195693969727]","{""acc_lim_theta"":0.7285608760223126,""acc_lim_x"":0.8,""inflation_dist"":0.5550298896888861,""max_vel_theta"":0.9795845087671484,""max_vel_x"":1.175501410520578,""min_obstacle_dist"":0.26026882132236184,""weight_obstacle"":50.0,""weight_optimaltime"":0.9768954634666442,""weight_viapoint"":1.0}","{""acc_lim_theta"":0.7512875047239324,""acc_lim_x"":0.7760917883605809,""inflation_dist"":0.5537269270365983,""max_vel_theta"":0.9795845087671484,""max_vel_x"":1.1644693524722016,""min_obstacle_dist"":0.2615993421444033,""weight_obstacle"":50.38985574123369,""weight_optimaltime"":0.96626136302948,""weight_viapoint"":1.0}","{""acc_lim_theta"":0.7512875047239324,""acc_lim_x"":0.7760917883605809,""inflation_dist"":0.5537269270365983,""max_vel_theta"":0.9703911270601681,""max_vel_x"":1.1644693524722016,""min_obstacle_dist"":0.2615993421444033,""weight_obstacle"":50.38985574123369,""weight_optimaltime"":0.96626136302948,""weight_viapoint"":1.0}","{""acc_lim_theta"":0.7512875047239324,""acc_lim_x"":0.7760917883605809,""inflation_dist"":0.5537269270365983,""max_vel_theta"":0.9703911270601681,""max_vel_x"":1.1644693524722016,""min_obstacle_dist"":0.2615993421444033,""weight_obstacle"":50.38985574123369,""weight_optimaltime"":0.96626136302948,""weight_viapoint"":1.0}","{""acc_lim_theta"":0.7512875047239324,""acc_lim_x"":0.7760917883605809,""inflation_dist"":0.5537269270365983,""max_vel_theta"":0.9703911270601681,""max_vel_x"":1.1644693524722016,""min_obstacle_dist"":0.2615993421444033,""weight_obstacle"":50.38985574123369,""weight_optimaltime"":0.96626136302948,""weight_viapoint"":1.0}",true,max_vel_theta:ackermann_turning_radius,false,NORMAL,,false,,2.627803317266967,2.70569474286774,-0.05,-0.0,-2.836901393754596e-05,-0.008715978876556443,-0.0,-0.019147077710279497,0.0,0.0,0.0,1.0,0.0,0.0,0.0,30.000000000001137,84.00000000000318,true,
t11_boundary_stress_acceptance,t11_boundary_stress_acceptance-episode-000027,3,4,115.292,113.814,113.846,113.88,113.882,114.382,0,0.5,true,,0.5887107932088149,0.22993097412192903,0.00138963874039347,0.0001394264592461858,30.0,0.0,600.0,0.0,0.0,"[0.7410584092140198,-0.08478021621704102,0.5038981437683105,-0.4812026023864746,0.0009800195693969727]","[0.2745276689529419,-0.6427359580993652,0.19852161407470703,-0.2629354000091553,0.8494288921356201]","[1.0,-0.7275161743164062,0.7024197578430176,-0.7441380023956299,0.8504089117050171]","{""acc_lim_theta"":0.7512875047239324,""acc_lim_x"":0.7760917883605809,""inflation_dist"":0.5537269270365983,""max_vel_theta"":0.9703911270601681,""max_vel_x"":1.1644693524722016,""min_obstacle_dist"":0.2615993421444033,""weight_obstacle"":50.38985574123369,""weight_optimaltime"":0.96626136302948,""weight_viapoint"":1.0}","{""acc_lim_theta"":0.7048619116948465,""acc_lim_x"":0.7728001167136024,""inflation_dist"":0.5518889638067871,""max_vel_theta"":0.9703911270601681,""max_vel_x"":1.1263372109224652,""min_obstacle_dist"":0.2520965244569271,""weight_obstacle"":50.0,""weight_optimaltime"":0.9019877672195434,""weight_viapoint"":1.0}","{""acc_lim_theta"":0.7048619116948465,""acc_lim_x"":0.7728001167136024,""inflation_dist"":0.5518889638067871,""max_vel_theta"":0.9386143424353877,""max_vel_x"":1.1263372109224652,""min_obstacle_dist"":0.2520965244569271,""weight_obstacle"":50.0,""weight_optimaltime"":0.9019877672195434,""weight_viapoint"":1.0}","{""acc_lim_theta"":0.7048619116948465,""acc_lim_x"":0.7728001167136024,""inflation_dist"":0.5518889638067871,""max_vel_theta"":0.9386143424353877,""max_vel_x"":1.1263372109224652,""min_obstacle_dist"":0.2520965244569271,""weight_obstacle"":50.0,""weight_optimaltime"":0.9019877672195434,""weight_viapoint"":1.0}","{""acc_lim_theta"":0.7048619116948465,""acc_lim_x"":0.7728001167136024,""inflation_dist"":0.5518889638067871,""max_vel_theta"":0.9386143424353877,""max_vel_x"":1.1263372109224652,""min_obstacle_dist"":0.2520965244569271,""weight_obstacle"":50.0,""weight_optimaltime"":0.9019877672195434,""weight_viapoint"":1.0}",true,max_vel_theta:ackermann_turning_radius,false,NORMAL,,false,,11.678684036723821,1.7938990954344294,-0.05,-0.0,-2.369219676025723e-05,-0.0220906464241004,-0.0,-0.04310072008974805,10.0,0.0,0.0,1.0,0.0,0.0,0.0,33.999999999991815,36.000000000001364,true,
t11_boundary_stress_acceptance,t11_boundary_stress_acceptance-episode-000028,0,1,116.878,116.274,116.29,116.324,116.328,116.828,0,0.5,true,,2.40860645181017,1.9709546355711094,0.0074721740868949945,0.026003661544462948,30.0,0.0,26.38325880443069,1.137084702931464,-0.0887452244372436,"[0.0,0.0,0.0,0.0,0.0]","[-0.6316787600517273,0.5398378372192383,-0.8833690881729126,0.3255467414855957,-0.8094260692596436]","[-0.6316787600517273,0.5398378372192383,-0.8833690881729126,0.3255467414855957,-0.8094260692596436]","{""acc_lim_theta"":0.8,""acc_lim_x"":0.8,""inflation_dist"":0.55,""max_vel_theta"":1.0,""max_vel_x"":1.2,""min_obstacle_dist"":0.25,""weight_obstacle"":50.0,""weight_optimaltime"":1.0,""weight_viapoint"":1.0}","{""acc_lim_theta"":0.8,""acc_lim_x"":0.7823513760579324,""inflation_dist"":0.5581784540689996,""max_vel_theta"":1.0,""max_vel_x"":1.2,""min_obstacle_dist"":0.25,""weight_obstacle"":54.37063601073482,""weight_optimaltime"":1.0,""weight_viapoint"":1.0}","{""acc_lim_theta"":0.8,""acc_lim_x"":0.7823513760579324,""inflation_dist"":0.5581784540689996,""max_vel_theta"":1.0,""max_vel_x"":1.2,""min_obstacle_dist"":0.25,""weight_obstacle"":54.37063601073482,""weight_optimaltime"":1.0,""weight_viapoint"":1.0}","{""acc_lim_theta"":0.8,""acc_lim_x"":0.7823513760579324,""inflation_dist"":0.5581784540689996,""max_vel_theta"":1.0,""max_vel_x"":1.2,""min_obstacle_dist"":0.25,""weight_obstacle"":54.37063601073482,""weight_optimaltime"":1.0,""weight_viapoint"":1.0}","{""acc_lim_theta"":0.8,""acc_lim_x"":0.7823513760579324,""inflation_dist"":0.5581784540689996,""max_vel_theta"":1.0,""max_vel_x"":1.2,""min_obstacle_dist"":0.25,""weight_obstacle"":54.37063601073482,""weight_optimaltime"":1.0,""weight_viapoint"":1.0}",false,,false,NORMAL,,false,,1.9556991059399074,2.188259081195303,-0.05,-0.0,-2.185735618055804e-05,-0.1670479887296572,-0.0,-0.015490129169557854,0.0,0.0,0.0,0.0,0.0,0.0,0.0,33.999999999991815,37.9999999999967,true,
t11_boundary_stress_acceptance,t11_boundary_stress_acceptance-episode-000028,1,2,117.528,116.874,116.892,116.936,117.026,117.526,0,0.44999999999998863,true,,1.7416903481570156,1.215074427577133,0.01880320247865597,0.04222450666099563,30.0,0.0,26.231521219217857,1.1436622279466302,0.003409843813425294,"[-0.6316787600517273,0.5398378372192383,-0.8833690881729126,0.3255467414855957,-0.8094260692596436]","[-0.5734979510307312,0.756793737411499,0.5357246398925781,-0.5909597873687744,0.45474934577941895]","[-1.0,1.0,-0.3476444482803345,-0.2654130458831787,-0.3546767234802246]","{""acc_lim_theta"":0.8,""acc_lim_x"":0.7823513760579324,""inflation_dist"":0.5581784540689996,""max_vel_theta"":1.0,""max_vel_x"":1.2,""min_obstacle_dist"":0.25,""weight_obstacle"":54.37063601073482,""weight_optimaltime"":1.0,""weight_viapoint"":1.0}","{""acc_lim_theta"":0.7929205198087399,""acc_lim_x"":0.8,""inflation_dist"":0.5532185800824025,""max_vel_theta"":1.0,""max_vel_x"":1.1765693718743364,""min_obstacle_dist"":0.2818918371923711,""weight_obstacle"":51.915138292036964,""weight_optimaltime"":1.0,""weight_viapoint"":1.0}","{""acc_lim_theta"":0.7929205198087399,""acc_lim_x"":0.8,""inflation_dist"":0.5532185800824025,""max_vel_theta"":0.9804744765619471,""max_vel_x"":1.1765693718743364,""min_obstacle_dist"":0.2818918371923711,""weight_obstacle"":51.915138292036964,""weight_optimaltime"":1.0,""weight_viapoint"":1.0}","{""acc_lim_theta"":0.7929205198087399,""acc_lim_x"":0.8,""inflation_dist"":0.5532185800824025,""max_vel_theta"":0.9804744765619471,""max_vel_x"":1.1765693718743364,""min_obstacle_dist"":0.2818918371923711,""weight_obstacle"":51.915138292036964,""weight_optimaltime"":1.0,""weight_viapoint"":1.0}","{""acc_lim_theta"":0.7929205198087399,""acc_lim_x"":0.8,""inflation_dist"":0.5532185800824025,""max_vel_theta"":0.9804744765619471,""max_vel_x"":1.1765693718743364,""min_obstacle_dist"":0.2818918371923711,""weight_obstacle"":51.915138292036964,""weight_optimaltime"":1.0,""weight_viapoint"":1.0}",true,max_vel_theta:ackermann_turning_radius,false,NORMAL,,false,,2.5546856525192774,2.633079602899413,-0.04499999999999887,-0.0,-0.00022324001485669182,-9.363778906918449e-05,-0.0,-0.033077072576210724,0.0,0.0,0.0,1.0,0.0,0.0,0.0,44.00000000001114,134.00000000000034,true,
t11_boundary_stress_acceptance,t11_boundary_stress_acceptance-episode-000028,2,3,119.534,117.522,117.542,117.574,117.624,118.124,0,0.5,true,,1.0542855663105177,0.5526356071616854,0.0020509427295174287,0.0011060111682182315,30.0,0.0,600.0,0.0,0.0,"[-1.0,1.0,-0.3476444482803345,-0.2654130458831787,-0.3546767234802246]","[0.8002643585205078,-0.8254615664482117,-0.9450196027755737,0.5403202772140503,-0.7725857496261597]","[-0.1997356414794922,0.17453843355178833,-1.0,0.2749072313308716,-1.0]","{""acc_lim_theta"":0.7929205198087399,""acc_lim_x"":0.8,""inflation_dist"":0.5532185800824025,""max_vel_theta"":0.9804744765619471,""max_vel_x"":1.1765693718743364,""min_obstacle_dist"":0.2818918371923711,""weight_obstacle"":51.915138292036964,""weight_optimaltime"":1.0,""weight_viapoint"":1.0}","{""acc_lim_theta"":0.8,""acc_lim_x"":0.7541499018870612,""inflation_dist"":0.5619678101823485,""max_vel_theta"":0.9804744765619471,""max_vel_x"":1.2,""min_obstacle_dist"":0.25,""weight_obstacle"":56.086848627219524,""weight_optimaltime"":0.9174538433551789,""weight_viapoint"":1.0}","{""acc_lim_theta"":0.8,""acc_lim_x"":0.7541499018870612,""inflation_dist"":0.5619678101823485,""max_vel_theta"":0.9804744765619471,""max_vel_x"":1.2,""min_obstacle_dist"":0.25,""weight_obstacle"":56.086848627219524,""weight_optimaltime"":0.9174538433551789,""weight_viapoint"":1.0}","{""acc_lim_theta"":0.8,""acc_lim_x"":0.7541499018870612,""inflation_dist"":0.5619678101823485,""max_vel_theta"":0.9804744765619471,""max_vel_x"":1.2,""min_obstacle_dist"":0.25,""weight_obstacle"":56.086848627219524,""weight_optimaltime"":0.9174538433551789,""weight_viapoint"":1.0}","{""acc_lim_theta"":0.8,""acc_lim_x"":0.7541499018870612,""inflation_dist"":0.5619678101823485,""max_vel_theta"":0.9804744765619471,""max_vel_x"":1.2,""min_obstacle_dist"":0.25,""weight_obstacle"":56.086848627219524,""weight_optimaltime"":0.9174538433551789,""weight_viapoint"":1.0}",false,,false,NORMAL,,false,,12.379865484137227,2.508249795744162,-0.05,-0.0,-3.768636192407453e-05,-0.021099959076517072,-0.0,-0.05724666616849412,10.0,0.0,0.0,0.0,0.0,0.0,0.0,31.999999999996476,81.99999999999363,true,
t11_boundary_stress_acceptance,t11_boundary_stress_acceptance-episode-000029,0,1,121.088,120.534,120.55,120.572,120.586,121.086,0,0.45000000000000284,true,,2.3678222194625245,1.9155674873983737,0.011359462076507466,0.01656512587437022,30.0,0.0,25.768323812806337,1.1642200795804423,-0.12506944750535537,"[0.0,0.0,0.0,0.0,0.0]","[-0.2986680269241333,-0.7094571590423584,0.23127973079681396,-0.644798994064331,-0.9533960223197937]","[-0.2986680269241333,-0.7094571590423584,0.23127973079681396,-0.644798994064331,-0.9533960223197937]","{""acc_lim_theta"":0.8,""acc_lim_x"":0.8,""inflation_dist"":0.55,""max_vel_theta"":1.0,""max_vel_x"":1.2,""min_obstacle_dist"":0.25,""weight_obstacle"":50.0,""weight_optimaltime"":1.0,""weight_viapoint"":1.0}","{""acc_lim_theta"":0.8,""acc_lim_x"":0.799659396381835,""inflation_dist"":0.55,""max_vel_theta"":1.0,""max_vel_x"":1.2,""min_obstacle_dist"":0.25,""weight_obstacle"":55.14802666468798,""weight_optimaltime"":0.9290542840957642,""weight_viapoint"":1.0}","{""acc_lim_theta"":0.8,""acc_lim_x"":0.799659396381835,""inflation_dist"":0.55,""max_vel_theta"":1.0,""max_vel_x"":1.2,""min_obstacle_dist"":0.25,""weight_obstacle"":55.14802666468798,""weight_optimaltime"":0.9290542840957642,""weight_viapoint"":1.0}","{""acc_lim_theta"":0.8,""acc_lim_x"":0.799659396381835,""inflation_dist"":0.55,""max_vel_theta"":1.0,""max_vel_x"":1.2,""min_obstacle_dist"":0.25,""weight_obstacle"":55.14802666468798,""weight_optimaltime"":0.9290542840957642,""weight_viapoint"":1.0}","{""acc_lim_theta"":0.8,""acc_lim_x"":0.799659396381835,""inflation_dist"":0.55,""max_vel_theta"":1.0,""max_vel_x"":1.2,""min_obstacle_dist"":0.25,""weight_obstacle"":55.14802666468798,""weight_optimaltime"":0.9290542840957642,""weight_viapoint"":1.0}",false,,false,NORMAL,,false,,2.0191237310215935,2.2612736603207537,-0.04500000000000029,-0.0,-1.8125596201357133e-05,-0.1725614562881942,-0.0,-0.024570347414764382,0.0,0.0,0.0,0.0,0.0,0.0,0.0,22.00000000000557,36.000000000001364,true,
t11_boundary_stress_acceptance,t11_boundary_stress_acceptance-episode-000030,0,1,122.732,122.174,122.176,122.214,122.23,122.73,0,0.45000000000000284,true,,2.7633460815654534,2.2962583152993603,0.09702127540015594,0.24014180235568827,30.0,0.0,25.754243478283826,1.1648565808308922,0.386580815934922,"[0.0,0.0,0.0,0.0,0.0]","[0.10893535614013672,-0.28576457500457764,0.09314835071563721,-0.03844219446182251,0.003990769386291504]","[0.10893535614013672,-0.28576457500457764,0.09314835071563721,-0.03844219446182251,0.003990769386291504]","{""acc_lim_theta"":0.8,""acc_lim_x"":0.8,""inflation_dist"":0.55,""max_vel_theta"":1.0,""max_vel_x"":1.2,""min_obstacle_dist"":0.25,""weight_obstacle"":50.0,""weight_optimaltime"":1.0,""weight_viapoint"":1.0}","{""acc_lim_theta"":0.794438082496032,""acc_lim_x"":0.795428371537011,""inflation_dist"":0.55,""max_vel_theta"":1.0,""max_vel_x"":1.2,""min_obstacle_dist"":0.25,""weight_obstacle"":50.0,""weight_optimaltime"":0.9714235424995422,""weight_viapoint"":1.0}","{""acc_lim_theta"":0.794438082496032,""acc_lim_x"":0.795428371537011,""inflation_dist"":0.55,""max_vel_theta"":1.0,""max_vel_x"":1.2,""min_obstacle_dist"":0.25,""weight_obstacle"":50.0,""weight_optimaltime"":0.9714235424995422,""weight_viapoint"":1.0}","{""acc_lim_theta"":0.794438082496032,""acc_lim_x"":0.795428371537011,""inflation_dist"":0.55,""max_vel_theta"":1.0,""max_vel_x"":1.2,""min_obstacle_dist"":0.25,""weight_obstacle"":50.0,""weight_optimaltime"":0.9714235424995422,""weight_viapoint"":1.0}","{""acc_lim_theta"":0.794438082496032,""acc_lim_x"":0.795428371537011,""inflation_dist"":0.55,""max_vel_theta"":1.0,""max_vel_x"":1.2,""min_obstacle_dist"":0.25,""weight_obstacle"":50.0,""weight_optimaltime"":0.9714235424995422,""weight_viapoint"":1.0}",false,,false,NORMAL,,false,,2.11697570518632,2.3354388313304653,-0.04500000000000029,-0.0,-0.0010966926624361344,-0.16411775548987761,-0.0,-0.008248677991830844,0.0,0.0,0.0,0.0,0.0,0.0,1.8265540020365734,37.9999999999967,54.000000000002046,true,
t11_boundary_stress_acceptance,t11_boundary_stress_acceptance-episode-000030,1,2,123.38,122.73,122.734,122.764,122.83,123.33,0,0.5,true,,2.1338312378319104,1.5541946194922753,0.012136817523683643,0.3441453966096441,30.0,0.0,25.869677919231318,1.1596588134442227,0.013242460684150612,"[0.10893535614013672,-0.28576457500457764,0.09314835071563721,-0.03844219446182251,0.003990769386291504]","[0.1125800609588623,-0.12265098094940186,-0.034806251525878906,0.0023746490478515625,0.1192479133605957]","[0.22151541709899902,-0.4084155559539795,0.0583420991897583,-0.03606754541397095,0.12323868274688721]","{""acc_lim_theta"":0.794438082496032,""acc_lim_x"":0.795428371537011,""inflation_dist"":0.55,""max_vel_theta"":1.0,""max_vel_x"":1.2,""min_obstacle_dist"":0.25,""weight_obstacle"":50.0,""weight_optimaltime"":0.9714235424995422,""weight_viapoint"":1.0}","{""acc_lim_theta"":0.7859143695110017,""acc_lim_x"":0.7928640015743419,""inflation_dist"":0.5503222450652051,""max_vel_theta"":1.0,""max_vel_x"":1.1951186580872237,""min_obstacle_dist"":0.25,""weight_obstacle"":50.0,""weight_optimaltime"":0.959158444404602,""weight_viapoint"":1.0}","{""acc_lim_theta"":0.7859143695110017,""acc_lim_x"":0.7928640015743419,""inflation_dist"":0.5503222450652051,""max_vel_theta"":0.9959322150726865,""max_vel_x"":1.1951186580872237,""min_obstacle_dist"":0.25,""weight_obstacle"":50.0,""weight_optimaltime"":0.959158444404602,""weight_viapoint"":1.0}","{""acc_lim_theta"":0.7859143695110017,""acc_lim_x"":0.7928640015743419,""inflation_dist"":0.5503222450652051,""max_vel_theta"":0.9959322150726865,""max_vel_x"":1.1951186580872237,""min_obstacle_dist"":0.25,""weight_obstacle"":50.0,""weight_optimaltime"":0.959158444404602,""weight_viapoint"":1.0}","{""acc_lim_theta"":0.7859143695110017,""acc_lim_x"":0.7928640015743419,""inflation_dist"":0.5503222450652051,""max_vel_theta"":0.9959322150726865,""max_vel_x"":1.1951186580872237,""min_obstacle_dist"":0.25,""weight_obstacle"":50.0,""weight_optimaltime"":0.959158444404602,""weight_viapoint"":1.0}",true,max_vel_theta:ackermann_turning_radius,false,NORMAL,,false,,2.8381474533576303,2.8981830916981757,-0.05,-0.0,-0.003066241858496511,-2.5172136580862297e-05,-0.0,-0.006944224345468319,0.0,0.0,0.0,1.0,0.0,0.0,1.2997319972782861,30.000000000001137,96.00000000000364,true,
t11_boundary_stress_acceptance,t11_boundary_stress_acceptance-episode-000030,2,3,123.976,123.374,123.384,123.42,123.426,123.926,0,0.5,true,,1.4382287569370142,0.86388812446731,0.03463096630822053,0.34286497704820745,30.0,0.0,28.662101495584654,1.0466783115893106,0.000605238391710035,"[0.22151541709899902,-0.4084155559539795,0.0583420991897583,-0.03606754541397095,0.12323868274688721]","[0.20089900493621826,-0.05372011661529541,-0.16036659479141235,0.09477996826171875,0.09003901481628418]","[0.4224144220352173,-0.4621356725692749,-0.10202449560165405,0.0587124228477478,0.2132776975631714]","{""acc_lim_theta"":0.7859143695110017,""acc_lim_x"":0.7928640015743419,""inflation_dist"":0.5503222450652051,""max_vel_theta"":0.9959322150726865,""max_vel_x"":1.1951186580872237,""min_obstacle_dist"":0.25,""weight_obstacle"":50.0,""weight_optimaltime"":0.959158444404602,""weight_viapoint"":1.0}","{""acc_lim_theta"":0.777148444912812,""acc_lim_x"":0.788828563520317,""inflation_dist"":0.5518069594923491,""max_vel_theta"":0.9959322150726865,""max_vel_x"":1.1914409138856068,""min_obstacle_dist"":0.25,""weight_obstacle"":50.0,""weight_optimaltime"":0.9537864327430724,""weight_viapoint"":1.0}","{""acc_lim_theta"":0.777148444912812,""acc_lim_x"":0.788828563520317,""inflation_dist"":0.5518069594923491,""max_vel_theta"":0.9928674282380057,""max_vel_x"":1.1914409138856068,""min_obstacle_dist"":0.25,""weight_obstacle"":50.0,""weight_optimaltime"":0.9537864327430724,""weight_viapoint"":1.0}","{""acc_lim_theta"":0.777148444912812,""acc_lim_x"":0.788828563520317,""inflation_dist"":0.5518069594923491,""max_vel_theta"":0.9928674282380057,""max_vel_x"":1.1914409138856068,""min_obstacle_dist"":0.25,""weight_obstacle"":50.0,""weight_optimaltime"":0.9537864327430724,""weight_viapoint"":1.0}","{""acc_lim_theta"":0.777148444912812,""acc_lim_x"":0.788828563520317,""inflation_dist"":0.5518069594923491,""max_vel_theta"":0.9928674282380057,""max_vel_x"":1.1914409138856068,""min_obstacle_dist"":0.25,""weight_obstacle"":50.0,""weight_optimaltime"":0.9537864327430724,""weight_viapoint"":1.0}",true,max_vel_theta:ackermann_turning_radius,false,NORMAL,,false,,2.813998679148001,2.8717031623485214,-0.05,-0.0,-0.0002642863444434568,-0.0015153350048042339,-0.0,-0.005924861851273021,0.0,0.0,0.0,1.0,0.0,0.0,1.4316219967440702,36.000000000001364,42.00000000000159,true,
t11_boundary_stress_acceptance,t11_boundary_stress_acceptance-episode-000030,3,4,125.628,123.974,123.978,124.01,124.026,124.526,0,0.44999999999998863,true,,0.7592205218640486,0.3674434287287725,0.002492430909878572,0.0010926964858734567,30.0,0.0,600.0,0.0,0.0,"[0.4224144220352173,-0.4621356725692749,-0.10202449560165405,0.0587124228477478,0.2132776975631714]","[0.021584153175354004,0.044560790061950684,-0.03884100914001465,0.05747878551483154,-0.09586679935455322]","[0.4439985752105713,-0.4175748825073242,-0.1408655047416687,0.11619120836257935,0.11741089820861816]","{""acc_lim_theta"":0.777148444912812,""acc_lim_x"":0.788828563520317,""inflation_dist"":0.5518069594923491,""max_vel_theta"":0.9928674282380057,""max_vel_x"":1.1914409138856068,""min_obstacle_dist"":0.25,""weight_obstacle"":50.0,""weight_optimaltime"":0.9537864327430724,""weight_viapoint"":1.0}","{""acc_lim_theta"":0.7809613717871675,""acc_lim_x"":0.7879311234470808,""inflation_dist"":0.5521665593623222,""max_vel_theta"":0.9928674282380057,""max_vel_x"":1.1960816186311138,""min_obstacle_dist"":0.25,""weight_obstacle"":50.51764935848452,""weight_optimaltime"":0.9582425117492674,""weight_viapoint"":1.0}","{""acc_lim_theta"":0.7809613717871675,""acc_lim_x"":0.7879311234470808,""inflation_dist"":0.5521665593623222,""max_vel_theta"":0.9928674282380057,""max_vel_x"":1.1960816186311138,""min_obstacle_dist"":0.25,""weight_obstacle"":50.51764935848452,""weight_optimaltime"":0.9582425117492674,""weight_viapoint"":1.0}","{""acc_lim_theta"":0.7809613717871675,""acc_lim_x"":0.7879311234470808,""inflation_dist"":0.5521665593623222,""max_vel_theta"":0.9928674282380057,""max_vel_x"":1.1960816186311138,""min_obstacle_dist"":0.25,""weight_obstacle"":50.51764935848452,""weight_optimaltime"":0.9582425117492674,""weight_viapoint"":1.0}","{""acc_lim_theta"":0.7809613717871675,""acc_lim_x"":0.7879311234470808,""inflation_dist"":0.5521665593623222,""max_vel_theta"":0.9928674282380057,""max_vel_x"":1.1960816186311138,""min_obstacle_dist"":0.25,""weight_obstacle"":50.51764935848452,""weight_optimaltime"":0.9582425117492674,""weight_viapoint"":1.0}",false,,false,NORMAL,,false,,11.888640415823014,1.9588854656763808,-0.04499999999999887,-0.0,-0.0003212199538517559,-0.020943530033500222,-0.0,-0.003980299866016118,10.0,0.0,0.0,0.0,0.0,0.0,1.2594969994097482,32.00000000001069,48.00000000000182,true,
t11_boundary_stress_acceptance,t11_boundary_stress_acceptance-episode-000031,0,1,127.184,126.634,126.638,126.668,126.68,127.18,0,0.45000000000000284,true,,5.034550857485319,4.842437923434143,0.08900178044544337,0.21779168100830507,1.4122195202716907,0.5272727272727272,1.8119413703194427,0.7793958145691648,-0.6116296009183444,"[0.0,0.0,0.0,0.0,0.0]","[0.17012906074523926,-0.02474874258041382,-0.2104402780532837,0.16767632961273193,0.05449247360229492]","[0.17012906074523926,-0.02474874258041382,-0.2104402780532837,0.16767632961273193,0.05449247360229492]","{""acc_lim_theta"":0.8,""acc_lim_x"":0.8,""inflation_dist"":0.55,""max_vel_theta"":1.0,""max_vel_x"":1.2,""min_obstacle_dist"":0.25,""weight_obstacle"":50.0,""weight_optimaltime"":1.0,""weight_viapoint"":1.0}","{""acc_lim_theta"":0.7955551046294072,""acc_lim_x"":0.7929496526994656,""inflation_dist"":0.5519483092303875,""max_vel_theta"":1.0,""max_vel_x"":1.1961216386375955,""min_obstacle_dist"":0.25,""weight_obstacle"":50.0,""weight_optimaltime"":0.9975251257419586,""weight_viapoint"":1.0}","{""acc_lim_theta"":0.7955551046294072,""acc_lim_x"":0.7929496526994656,""inflation_dist"":0.5519483092303875,""max_vel_theta"":0.9967680321979963,""max_vel_x"":1.1961216386375955,""min_obstacle_dist"":0.25,""weight_obstacle"":50.0,""weight_optimaltime"":0.9975251257419586,""weight_viapoint"":1.0}","{""acc_lim_theta"":0.7955551046294072,""acc_lim_x"":0.7929496526994656,""inflation_dist"":0.5519483092303875,""max_vel_theta"":0.9967680321979963,""max_vel_x"":1.1961216386375955,""min_obstacle_dist"":0.25,""weight_obstacle"":50.0,""weight_optimaltime"":0.9975251257419586,""weight_viapoint"":1.0}","{""acc_lim_theta"":0.7955551046294072,""acc_lim_x"":0.7929496526994656,""inflation_dist"":0.5519483092303875,""max_vel_theta"":0.9967680321979963,""max_vel_x"":1.1961216386375955,""min_obstacle_dist"":0.25,""weight_obstacle"":50.0,""weight_optimaltime"":0.9975251257419586,""weight_viapoint"":1.0}",true,max_vel_theta:ackermann_turning_radius,false,NORMAL,,false,,0.8406435844972568,0.960564670255879,-0.04500000000000029,-0.0,-0.0018126079543332877,-0.0678902453839864,-0.0,-0.0052182324203023135,0.0,0.0,0.0,1.0,0.0,0.0,2.291494998644339,30.000000000001137,42.00000000000159,true,
t11_boundary_stress_acceptance,t11_boundary_stress_acceptance-episode-000031,1,2,127.78,127.18,127.186,127.216,127.278,127.778,0,0.45000000000000284,true,,4.721265437676484,4.385328422350429,0.009859079323433441,0.48461453422882533,0.8477265956248013,0.9855072463768116,0.7394496863192632,1.1464290421766286,-0.21549542612237751,"[0.17012906074523926,-0.02474874258041382,-0.2104402780532837,0.16767632961273193,0.05449247360229492]","[0.2636547088623047,-0.14436715841293335,-0.06910711526870728,0.10721457004547119,0.11121606826782227]","[0.43378376960754395,-0.16911590099334717,-0.27954739332199097,0.2748908996582031,0.1657085418701172]","{""acc_lim_theta"":0.7955551046294072,""acc_lim_x"":0.7929496526994656,""inflation_dist"":0.5519483092303875,""max_vel_theta"":0.9967680321979963,""max_vel_x"":1.1961216386375955,""min_obstacle_dist"":0.25,""weight_obstacle"":50.0,""weight_optimaltime"":0.9975251257419586,""weight_viapoint"":1.0}","{""acc_lim_theta"":0.7838420148896214,""acc_lim_x"":0.7878487394131782,""inflation_dist"":0.5525881203530918,""max_vel_theta"":0.9967680321979963,""max_vel_x"":1.192097314798168,""min_obstacle_dist"":0.25,""weight_obstacle"":50.0,""weight_optimaltime"":0.9830884099006653,""weight_viapoint"":1.0}","{""acc_lim_theta"":0.7838420148896214,""acc_lim_x"":0.7878487394131782,""inflation_dist"":0.5525881203530918,""max_vel_theta"":0.9934144289984733,""max_vel_x"":1.192097314798168,""min_obstacle_dist"":0.25,""weight_obstacle"":50.0,""weight_optimaltime"":0.9830884099006653,""weight_viapoint"":1.0}","{""acc_lim_theta"":0.7838420148896214,""acc_lim_x"":0.7878487394131782,""inflation_dist"":0.5525881203530918,""max_vel_theta"":0.9934144289984733,""max_vel_x"":1.192097314798168,""min_obstacle_dist"":0.25,""weight_obstacle"":50.0,""weight_optimaltime"":0.9830884099006653,""weight_viapoint"":1.0}","{""acc_lim_theta"":0.7838420148896214,""acc_lim_x"":0.7878487394131782,""inflation_dist"":0.5525881203530918,""max_vel_theta"":0.9934144289984733,""max_vel_x"":1.192097314798168,""min_obstacle_dist"":0.25,""weight_obstacle"":50.0,""weight_optimaltime"":0.9830884099006653,""weight_viapoint"":1.0}",true,max_vel_theta:ackermann_turning_radius,false,NORMAL,,false,,1.532760838577195,1.6796850766302773,-0.04500000000000029,-0.0,-0.0036336956959854487,-0.08967545397459487,-0.0,-0.008615088382501647,0.0,0.0,0.0,1.0,0.0,0.0,1.2927290008519776,29.999999999986926,91.99999999999875,true,
t11_boundary_stress_acceptance,t11_boundary_stress_acceptance-episode-000031,2,3,127.78,127.78,,,,127.78,0,0.0,true,,4.327760902698372,4.327760902698372,0.009859079323433441,0.48461453422882533,0.8477265956248013,0.9855072463768116,0.7394496863192632,1.1464290421766286,-0.21549542612237751,"[0.43378376960754395,-0.16911590099334717,-0.27954739332199097,0.2748908996582031,0.1657085418701172]","[0.3528481721878052,-0.09868502616882324,-0.15763652324676514,0.04400825500488281,0.06237363815307617]","[0.7866319417953491,-0.2678009271621704,-0.4371839165687561,0.31889915466308594,0.22808218002319336]","{""acc_lim_theta"":0.7838420148896214,""acc_lim_x"":0.7878487394131782,""inflation_dist"":0.5525881203530918,""max_vel_theta"":0.9934144289984733,""max_vel_x"":1.192097314798168,""min_obstacle_dist"":0.25,""weight_obstacle"":50.0,""weight_optimaltime"":0.9830884099006653,""weight_viapoint"":1.0}","{""acc_lim_theta"":0.7685052937216172,""acc_lim_x"":0.7869025997000745,""inflation_dist"":0.5540475590885324,""max_vel_theta"":0.9934144289984733,""max_vel_x"":1.1940444693490244,""min_obstacle_dist"":0.25,""weight_obstacle"":50.0,""weight_optimaltime"":0.9732199072837829,""weight_viapoint"":1.0}","{""acc_lim_theta"":0.7685052937216172,""acc_lim_x"":0.7869025997000745,""inflation_dist"":0.5540475590885324,""max_vel_theta"":0.9934144289984733,""max_vel_x"":1.1940444693490244,""min_obstacle_dist"":0.25,""weight_obstacle"":50.0,""weight_optimaltime"":0.9732199072837829,""weight_viapoint"":1.0}","{""acc_lim_theta"":0.4,""acc_lim_x"":0.4,""inflation_dist"":0.9,""max_vel_theta"":0.5,""max_vel_x"":0.6,""min_obstacle_dist"":0.5,""weight_obstacle"":100.0,""weight_optimaltime"":0.5,""weight_viapoint"":2.0}","{""acc_lim_theta"":0.7838420148896214,""acc_lim_x"":0.7878487394131782,""inflation_dist"":0.5525881203530918,""max_vel_theta"":0.9934144289984733,""max_vel_x"":1.192097314798168,""min_obstacle_dist"":0.25,""weight_obstacle"":50.0,""weight_optimaltime"":0.9830884099006653,""weight_viapoint"":1.0}",false,,true,NORMAL,margin:emergency|safety_mode:EMERGENCY,false,,0.0,0.0,0.0,0.0,0.0,0.0,0.0,0.0,0.0,0.0,0.0,0.0,0.0,0.0,0.9926720013027079,0.0,0.0,false,safety_emergency_stop
t11_boundary_stress_acceptance,t11_boundary_stress_acceptance-episode-000032,0,1,128.874,128.874,,,,128.874,0,0.0,true,,4.441263875506064,4.441263875506064,0.05528563279689246,0.022365285867368592,0.52853414229321,0.831081081081081,1.1815306765314728,0.4473300209561942,0.3727547644561432,"[0.0,0.0,0.0,0.0,0.0]","[0.3061037063598633,-0.12089824676513672,-0.5492187142372131,0.5265908241271973,0.9130376577377319]","[0.3061037063598633,-0.12089824676513672,-0.5492187142372131,0.5265908241271973,0.9130376577377319]","{""acc_lim_theta"":0.8,""acc_lim_x"":0.8,""inflation_dist"":0.55,""max_vel_theta"":1.0,""max_vel_x"":1.2,""min_obstacle_dist"":0.25,""weight_obstacle"":50.0,""weight_optimaltime"":1.0,""weight_viapoint"":1.0}","{""acc_lim_theta"":0.7704701444061113,""acc_lim_x"":0.7741150833189752,""inflation_dist"":0.5550848055341335,""max_vel_theta"":1.0,""max_vel_x"":1.1404423690907084,""min_obstacle_dist"":0.25,""weight_obstacle"":50.0,""weight_optimaltime"":0.9879101753234864,""weight_viapoint"":1.0}","{""acc_lim_theta"":0.7704701444061113,""acc_lim_x"":0.7741150833189752,""inflation_dist"":0.5550848055341335,""max_vel_theta"":0.9503686409089237,""max_vel_x"":1.1404423690907084,""min_obstacle_dist"":0.25,""weight_obstacle"":50.0,""weight_optimaltime"":0.9879101753234864,""weight_viapoint"":1.0}","{""acc_lim_theta"":0.4,""acc_lim_x"":0.4,""inflation_dist"":0.9,""max_vel_theta"":0.5,""max_vel_x"":0.6,""min_obstacle_dist"":0.5,""weight_obstacle"":100.0,""weight_optimaltime"":0.5,""weight_viapoint"":2.0}","{""acc_lim_theta"":0.8,""acc_lim_x"":0.8,""inflation_dist"":0.55,""max_vel_theta"":1.0,""max_vel_x"":1.2,""min_obstacle_dist"":0.25,""weight_obstacle"":50.0,""weight_optimaltime"":1.0,""weight_viapoint"":1.0}",true,max_vel_theta:ackermann_turning_radius,true,NORMAL,margin:emergency|safety_mode:EMERGENCY,false,,0.0,0.0,0.0,0.0,0.0,0.0,0.0,0.0,0.0,0.0,0.0,0.0,0.0,0.0,1.316092999331886,0.0,0.0,false,safety_emergency_stop
t11_boundary_stress_acceptance,t11_boundary_stress_acceptance-episode-000034,0,1,131.484,130.934,130.936,130.976,130.982,131.482,0,0.44999999999998863,true,,2.774004394796271,2.3302687444197843,0.06977685095719623,0.2533468732431655,30.0,0.0,25.740191371195138,1.1654925003227385,0.33443003899804086,"[0.0,0.0,0.0,0.0,0.0]","[0.09160637855529785,-0.10823416709899902,0.05809617042541504,0.042603373527526855,-0.006528377532958984]","[0.09160637855529785,-0.10823416709899902,0.05809617042541504,0.042603373527526855,-0.006528377532958984]","{""acc_lim_theta"":0.8,""acc_lim_x"":0.8,""inflation_dist"":0.55,""max_vel_theta"":1.0,""max_vel_x"":1.2,""min_obstacle_dist"":0.25,""weight_obstacle"":50.0,""weight_optimaltime"":1.0,""weight_viapoint"":1.0}","{""acc_lim_theta"":0.7975821486133552,""acc_lim_x"":0.7972802675468625,""inflation_dist"":0.55,""max_vel_theta"":1.0,""max_vel_x"":1.2,""min_obstacle_dist"":0.25,""weight_obstacle"":50.035251103245685,""weight_optimaltime"":0.9891765832901,""weight_viapoint"":1.0}","{""acc_lim_theta"":0.7975821486133552,""acc_lim_x"":0.7972802675468625,""inflation_dist"":0.55,""max_vel_theta"":1.0,""max_vel_x"":1.2,""min_obstacle_dist"":0.25,""weight_obstacle"":50.035251103245685,""weight_optimaltime"":0.9891765832901,""weight_viapoint"":1.0}","{""acc_lim_theta"":0.7975821486133552,""acc_lim_x"":0.7972802675468625,""inflation_dist"":0.55,""max_vel_theta"":1.0,""max_vel_x"":1.2,""min_obstacle_dist"":0.25,""weight_obstacle"":50.035251103245685,""weight_optimaltime"":0.9891765832901,""weight_viapoint"":1.0}","{""acc_lim_theta"":0.7975821486133552,""acc_lim_x"":0.7972802675468625,""inflation_dist"":0.55,""max_vel_theta"":1.0,""max_vel_x"":1.2,""min_obstacle_dist"":0.25,""weight_obstacle"":50.035251103245685,""weight_optimaltime"":0.9891765832901,""weight_viapoint"":1.0}",false,,false,NORMAL,,false,,1.982371180766455,2.2186782518824333,-0.04499999999999887,-0.0,-0.0006699349554670512,-0.18711755465209504,-0.0,-0.003519581508416948,0.0,0.0,0.0,0.0,0.0,0.0,1.4725570035807323,39.99999999999204,45.99999999999227,true,
t11_boundary_stress_acceptance,t11_boundary_stress_acceptance-episode-000034,1,2,132.086,131.482,131.486,131.516,131.582,132.082,0,0.44999999999998863,true,,2.167514731123515,1.6326324247228976,0.025123053042706022,0.3347678825468865,30.0,0.0,25.79242226806265,1.1631323218970155,0.03020077018173195,"[0.09160637855529785,-0.10823416709899902,0.05809617042541504,0.042603373527526855,-0.006528377532958984]","[0.04303288459777832,0.05627751350402832,-0.01948016881942749,0.12483501434326172,0.004871368408203125]","[0.13463926315307617,-0.0519566535949707,0.03861600160598755,0.16743838787078857,-0.0016570091247558594]","{""acc_lim_theta"":0.7975821486133552,""acc_lim_x"":0.7972802675468625,""inflation_dist"":0.55,""max_vel_theta"":1.0,""max_vel_x"":1.2,""min_obstacle_dist"":0.25,""weight_obstacle"":50.035251103245685,""weight_optimaltime"":0.9891765832901,""weight_viapoint"":1.0}","{""acc_lim_theta"":0.7988773308878201,""acc_lim_x"":0.7948483195295954,""inflation_dist"":0.550180352321673,""max_vel_theta"":1.0,""max_vel_x"":1.1976244889282304,""min_obstacle_dist"":0.25077562016375227,""weight_obstacle"":50.00894730726599,""weight_optimaltime"":0.9948043346405029,""weight_viapoint"":1.0}","{""acc_lim_theta"":0.7988773308878201,""acc_lim_x"":0.7948483195295954,""inflation_dist"":0.550180352321673,""max_vel_theta"":0.998020407440192,""max_vel_x"":1.1976244889282304,""min_obstacle_dist"":0.25077562016375227,""weight_obstacle"":50.00894730726599,""weight_optimaltime"":0.9948043346405029,""weight_viapoint"":1.0}","{""acc_lim_theta"":0.7988773308878201,""acc_lim_x"":0.7948483195295954,""inflation_dist"":0.550180352321673,""max_vel_theta"":0.998020407440192,""max_vel_x"":1.1976244889282304,""min_obstacle_dist"":0.25077562016375227,""weight_obstacle"":50.00894730726599,""weight_optimaltime"":0.9948043346405029,""weight_viapoint"":1.0}","{""acc_lim_theta"":0.7988773308878201,""acc_lim_x"":0.7948483195295954,""inflation_dist"":0.550180352321673,""max_vel_theta"":0.998020407440192,""max_vel_x"":1.1976244889282304,""min_obstacle_dist"":0.25077562016375227,""weight_obstacle"":50.00894730726599,""weight_optimaltime"":0.9948043346405029,""weight_viapoint"":1.0}",true,max_vel_theta:ackermann_turning_radius,false,NORMAL,,false,,2.6226278507334086,2.674411532003086,-0.04499999999999887,-0.0,-0.0035151607566510927,-4.9657538664780104e-06,-0.0,-0.0032635547591607335,0.0,0.0,0.0,1.0,0.0,0.0,0.7429090001096483,30.000000000001137,96.00000000000364,true,
t11_boundary_stress_acceptance,t11_boundary_stress_acceptance-episode-000034,2,3,132.732,132.082,132.088,132.126,132.182,132.682,0,0.5,true,,1.4697427209890257,0.8918552510759786,0.024784396274507646,0.33144324031244654,30.0,0.0,28.132692659352795,1.0663749952149146,-0.02650561674910704,"[0.13463926315307617,-0.0519566535949707,0.03861600160598755,0.16743838787078857,-0.0016570091247558594]","[0.0578768253326416,-0.007695913314819336,-0.09626173973083496,0.21821057796478271,-0.011964499950408936]","[0.19251608848571777,-0.05965256690979004,-0.05764573812484741,0.3856489658355713,-0.013621509075164795]","{""acc_lim_theta"":0.7988773308878201,""acc_lim_x"":0.7948483195295954,""inflation_dist"":0.550180352321673,""max_vel_theta"":0.998020407440192,""max_vel_x"":1.1976244889282304,""min_obstacle_dist"":0.25077562016375227,""weight_obstacle"":50.00894730726599,""weight_optimaltime"":0.9948043346405029,""weight_viapoint"":1.0}","{""acc_lim_theta"":0.8,""acc_lim_x"":0.7860774810804299,""inflation_dist"":0.5510715678141903,""max_vel_theta"":0.998020407440192,""max_vel_x"":1.1943381595318967,""min_obstacle_dist"":0.25,""weight_obstacle"":50.073551693410266,""weight_optimaltime"":0.994034743309021,""weight_viapoint"":1.0}","{""acc_lim_theta"":0.8,""acc_lim_x"":0.7860774810804299,""inflation_dist"":0.5510715678141903,""max_vel_theta"":0.9952817996099139,""max_vel_x"":1.1943381595318967,""min_obstacle_dist"":0.25,""weight_obstacle"":50.073551693410266,""weight_optimaltime"":0.994034743309021,""weight_viapoint"":1.0}","{""acc_lim_theta"":0.8,""acc_lim_x"":0.7860774810804299,""inflation_dist"":0.5510715678141903,""max_vel_theta"":0.9952817996099139,""max_vel_x"":1.1943381595318967,""min_obstacle_dist"":0.25,""weight_obstacle"":50.073551693410266,""weight_optimaltime"":0.994034743309021,""weight_viapoint"":1.0}","{""acc_lim_theta"":0.8,""acc_lim_x"":0.7860774810804299,""inflation_dist"":0.5510715678141903,""max_vel_theta"":0.9952817996099139,""max_vel_x"":1.1943381595318967,""min_obstacle_dist"":0.25,""weight_obstacle"":50.073551693410266,""weight_optimaltime"":0.994034743309021,""weight_viapoint"":1.0}",true,max_vel_theta:ackermann_turning_radius,false,NORMAL,,false,,2.8343680723674356,2.8894373495652355,-0.05,-0.0,-9.229238915748101e-05,-0.0005601566842469924,-0.0,-0.004416828124395566,0.0,0.0,0.0,1.0,0.0,0.0,0.8925440015445929,38.000000000010914,93.99999999999409,true,
t11_boundary_stress_acceptance,t11_boundary_stress_acceptance-episode-000034,3,4,134.39,132.714,132.736,132.776,132.78,133.28,0,0.5,true,,0.7852179299608225,0.3555012290045966,0.0018274947334347873,0.001316645389346005,30.0,0.0,600.0,0.0,0.0,"[0.19251608848571777,-0.05965256690979004,-0.05764573812484741,0.3856489658355713,-0.013621509075164795]","[0.028852462768554688,0.010857939720153809,-0.08685874938964844,0.10202693939208984,-0.15285813808441162]","[0.22136855125427246,-0.04879462718963623,-0.14450448751449585,0.48767590522766113,-0.16647964715957642]","{""acc_lim_theta"":0.8,""acc_lim_x"":0.7860774810804299,""inflation_dist"":0.5510715678141903,""max_vel_theta"":0.9952817996099139,""max_vel_x"":1.1943381595318967,""min_obstacle_dist"":0.25,""weight_obstacle"":50.073551693410266,""weight_optimaltime"":0.994034743309021,""weight_viapoint"":1.0}","{""acc_lim_theta"":0.8,""acc_lim_x"":0.7819037936395539,""inflation_dist"":0.5518757280478739,""max_vel_theta"":0.9952817996099139,""max_vel_x"":1.2,""min_obstacle_dist"":0.25,""weight_obstacle"":50.898935639169125,""weight_optimaltime"":0.9951205372810363,""weight_viapoint"":1.0}","{""acc_lim_theta"":0.8,""acc_lim_x"":0.7819037936395539,""inflation_dist"":0.5518757280478739,""max_vel_theta"":0.9952817996099139,""max_vel_x"":1.2,""min_obstacle_dist"":0.25,""weight_obstacle"":50.898935639169125,""weight_optimaltime"":0.9951205372810363,""weight_viapoint"":1.0}","{""acc_lim_theta"":0.8,""acc_lim_x"":0.7819037936395539,""inflation_dist"":0.5518757280478739,""max_vel_theta"":0.9952817996099139,""max_vel_x"":1.2,""min_obstacle_dist"":0.25,""weight_obstacle"":50.898935639169125,""weight_optimaltime"":0.9951205372810363,""weight_viapoint"":1.0}","{""acc_lim_theta"":0.8,""acc_lim_x"":0.7819037936395539,""inflation_dist"":0.5518757280478739,""max_vel_theta"":0.9952817996099139,""max_vel_x"":1.2,""min_obstacle_dist"":0.25,""weight_obstacle"":50.898935639169125,""weight_optimaltime"":0.9951205372810363,""weight_viapoint"":1.0}",false,,false,NORMAL,,false,,12.067724891423822,2.1485835047811297,-0.05,-0.0,-0.0002262551015859187,-0.0265476095647979,-0.0,-0.004084748690923728,10.0,0.0,0.0,0.0,0.0,0.0,2.092034999805037,40.000000000020464,44.00000000001114,true,
t11_boundary_stress_acceptance,t11_boundary_stress_acceptance-episode-000035,0,1,135.932,135.394,135.396,135.428,135.43,135.93,0,0.45000000000001705,true,,5.041629050367333,4.773202277216913,0.09913314459514458,0.2714287940433402,1.3147429051329798,0.8070175438596491,1.6272267322107037,0.8079654046408196,-0.603523233621167,"[0.0,0.0,0.0,0.0,0.0]","[0.19856667518615723,0.020780444145202637,-0.2669934034347534,0.1389141082763672,-0.02169722318649292]","[0.19856667518615723,0.020780444145202637,-0.2669934034347534,0.1389141082763672,-0.02169722318649292]","{""acc_lim_theta"":0.8,""acc_lim_x"":0.8,""inflation_dist"":0.55,""max_vel_theta"":1.0,""max_vel_x"":1.2,""min_obstacle_dist"":0.25,""weight_obstacle"":50.0,""weight_optimaltime"":1.0,""weight_viapoint"":1.0}","{""acc_lim_theta"":0.7962101727535675,""acc_lim_x"":0.7952045007244252,""inflation_dist"":0.5524718923448334,""max_vel_theta"":1.0,""max_vel_x"":1.2,""min_obstacle_dist"":0.25,""weight_obstacle"":50.11715790804536,""weight_optimaltime"":1.0,""weight_viapoint"":1.0}","{""acc_lim_theta"":0.7962101727535675,""acc_lim_x"":0.7952045007244252,""inflation_dist"":0.5524718923448334,""max_vel_theta"":1.0,""max_vel_x"":1.2,""min_obstacle_dist"":0.25,""weight_obstacle"":50.11715790804536,""weight_optimaltime"":1.0,""weight_viapoint"":1.0}","{""acc_lim_theta"":0.7962101727535675,""acc_lim_x"":0.7952045007244252,""inflation_dist"":0.5524718923448334,""max_vel_theta"":1.0,""max_vel_x"":1.2,""min_obstacle_dist"":0.25,""weight_obstacle"":50.11715790804536,""weight_optimaltime"":1.0,""weight_viapoint"":1.0}","{""acc_lim_theta"":0.7962101727535675,""acc_lim_x"":0.7952045007244252,""inflation_dist"":0.5524718923448334,""max_vel_theta"":1.0,""max_vel_x"":1.2,""min_obstacle_dist"":0.25,""weight_obstacle"":50.11715790804536,""weight_optimaltime"":1.0,""weight_viapoint"":1.0}",false,,false,NORMAL,,false,,1.237451931680377,1.3421338657520998,-0.045000000000001705,-0.0,-0.002095794119581327,-0.05449923754988056,-0.0,-0.0030869024022592345,0.0,0.0,0.0,0.0,0.0,0.0,1.3916069983679336,32.00000000001069,34.000000000020236,true,
t11_boundary_stress_acceptance,t11_boundary_stress_acceptance-episode-000035,1,2,136.534,135.914,135.936,135.996,136.032,136.532,0,0.45000000000001705,true,,4.652126441053018,4.2411714181914935,0.009325549689679214,0.48558699040247477,0.6904428285505965,0.9864864864864865,0.5961940370752572,1.1580840894311768,-0.2461150266465811,"[0.19856667518615723,0.020780444145202637,-0.2669934034347534,0.1389141082763672,-0.02169722318649292]","[0.2141857147216797,-0.10888618230819702,-0.24448460340499878,0.07511460781097412,0.18170058727264404]","[0.4127523899078369,-0.08810573816299438,-0.5114780068397522,0.2140287160873413,0.16000336408615112]","{""acc_lim_theta"":0.7962101727535675,""acc_lim_x"":0.7952045007244252,""inflation_dist"":0.5524718923448334,""max_vel_theta"":1.0,""max_vel_x"":1.2,""min_obstacle_dist"":0.25,""weight_obstacle"":50.11715790804536,""weight_optimaltime"":1.0,""weight_viapoint"":1.0}","{""acc_lim_theta"":0.7833242723656342,""acc_lim_x"":0.7892381236352707,""inflation_dist"":0.5547353925355193,""max_vel_theta"":1.0,""max_vel_x"":1.191700119500569,""min_obstacle_dist"":0.25,""weight_obstacle"":50.0,""weight_optimaltime"":0.9891113817691803,""weight_viapoint"":1.0}","{""acc_lim_theta"":0.7833242723656342,""acc_lim_x"":0.7892381236352707,""inflation_dist"":0.5547353925355193,""max_vel_theta"":0.9930834329171409,""max_vel_x"":1.191700119500569,""min_obstacle_dist"":0.25,""weight_obstacle"":50.0,""weight_optimaltime"":0.9891113817691803,""weight_viapoint"":1.0}","{""acc_lim_theta"":0.7833242723656342,""acc_lim_x"":0.7892381236352707,""inflation_dist"":0.5547353925355193,""max_vel_theta"":0.9930834329171409,""max_vel_x"":1.191700119500569,""min_obstacle_dist"":0.25,""weight_obstacle"":50.11715790804536,""weight_optimaltime"":0.9891113817691803,""weight_viapoint"":1.0}","{""acc_lim_theta"":0.7833242723656342,""acc_lim_x"":0.7892381236352707,""inflation_dist"":0.5547353925355193,""max_vel_theta"":0.9930834329171409,""max_vel_x"":1.191700119500569,""min_obstacle_dist"":0.25,""weight_obstacle"":50.11715790804536,""weight_optimaltime"":0.9891113817691803,""weight_viapoint"":1.0}",true,max_vel_theta:ackermann_turning_radius,true,WARNING,margin:warning|safety_mode:WARNING:conservative_filter,false,,1.8954859443503822,2.054775114307623,-0.045000000000001705,-0.0,-0.0038611286537044587,-0.10012390711475945,-0.0,-0.010304134188775519,0.0,0.0,0.0,1.0,0.0,0.0,3.8322939981298987,60.000000000002274,96.00000000000364,true,
t11_boundary_stress_acceptance,t11_boundary_stress_acceptance-episode-000035,2,3,136.534,136.534,,,,136.534,0,0.0,true,,4.202930701761106,4.202930701761106,0.009325549689679214,0.48558699040247477,0.6904428285505965,0.9864864864864865,0.5961940370752572,1.1580840894311768,-0.2461150266465811,"[0.4127523899078369,-0.08810573816299438,-0.5114780068397522,0.2140287160873413,0.16000336408615112]","[0.3304516077041626,0.23190045356750488,-0.15549945831298828,0.05577504634857178,-0.12479966878890991]","[0.7432039976119995,0.1437947154045105,-0.6669774651527405,0.2698037624359131,0.03520369529724121]","{""acc_lim_theta"":0.7833242723656342,""acc_lim_x"":0.7892381236352707,""inflation_dist"":0.5547353925355193,""max_vel_theta"":0.9930834329171409,""max_vel_x"":1.191700119500569,""min_obstacle_dist"":0.25,""weight_obstacle"":50.11715790804536,""weight_optimaltime"":0.9891113817691803,""weight_viapoint"":1.0}","{""acc_lim_theta"":0.7754771351740155,""acc_lim_x"":0.7980518541717175,""inflation_dist"":0.5561750457841942,""max_vel_theta"":0.9930834329171409,""max_vel_x"":1.2,""min_obstacle_dist"":0.25117205326711517,""weight_obstacle"":50.79103529753381,""weight_optimaltime"":1.0,""weight_viapoint"":1.0}","{""acc_lim_theta"":0.7754771351740155,""acc_lim_x"":0.7980518541717175,""inflation_dist"":0.5561750457841942,""max_vel_theta"":0.9930834329171409,""max_vel_x"":1.2,""min_obstacle_dist"":0.25117205326711517,""weight_obstacle"":50.79103529753381,""weight_optimaltime"":1.0,""weight_viapoint"":1.0}","{""acc_lim_theta"":0.4,""acc_lim_x"":0.4,""inflation_dist"":0.9,""max_vel_theta"":0.5,""max_vel_x"":0.6,""min_obstacle_dist"":0.5,""weight_obstacle"":100.0,""weight_optimaltime"":0.5,""weight_viapoint"":2.0}","{""acc_lim_theta"":0.7833242723656342,""acc_lim_x"":0.7892381236352707,""inflation_dist"":0.5547353925355193,""max_vel_theta"":0.9930834329171409,""max_vel_x"":1.191700119500569,""min_obstacle_dist"":0.25,""weight_obstacle"":50.11715790804536,""weight_optimaltime"":0.9891113817691803,""weight_viapoint"":1.0}",false,,true,NORMAL,margin:emergency|safety_mode:EMERGENCY,false,,0.0,0.0,0.0,0.0,0.0,0.0,0.0,0.0,0.0,0.0,0.0,0.0,0.0,0.0,1.0237119968223851,0.0,0.0,false,safety_emergency_stop
t11_boundary_stress_acceptance,t11_boundary_stress_acceptance-episode-000036,0,1,137.634,137.634,,,,137.634,0,0.0,true,,4.442898409757491,4.442898409757491,0.055967881881857126,0.02086981820267421,0.516247445242922,0.8340807174887892,1.2289136849258702,0.42008438149507854,0.34783030337790344,"[0.0,0.0,0.0,0.0,0.0]","[0.12398433685302734,-0.1960235834121704,-0.5808517336845398,0.43235886096954346,0.8785867691040039]","[0.12398433685302734,-0.1960235834121704,-0.5808517336845398,0.43235886096954346,0.8785867691040039]","{""acc_lim_theta"":0.8,""acc_lim_x"":0.8,""inflation_dist"":0.55,""max_vel_theta"":1.0,""max_vel_x"":1.2,""min_obstacle_dist"":0.25,""weight_obstacle"":50.0,""weight_optimaltime"":1.0,""weight_viapoint"":1.0}","{""acc_lim_theta"":0.7766215621980302,""acc_lim_x"":0.7717446561063647,""inflation_dist"":0.5553776720155142,""max_vel_theta"":1.0,""max_vel_x"":1.1412279289348726,""min_obstacle_dist"":0.25,""weight_obstacle"":50.0,""weight_optimaltime"":0.980397641658783,""weight_viapoint"":1.0}","{""acc_lim_theta"":0.7766215621980302,""acc_lim_x"":0.7717446561063647,""inflation_dist"":0.5553776720155142,""max_vel_theta"":0.9510232741123938,""max_vel_x"":1.1412279289348726,""min_obstacle_dist"":0.25,""weight_obstacle"":50.0,""weight_optimaltime"":0.980397641658783,""weight_viapoint"":1.0}","{""acc_lim_theta"":0.4,""acc_lim_x"":0.4,""inflation_dist"":0.9,""max_vel_theta"":0.5,""max_vel_x"":0.6,""min_obstacle_dist"":0.5,""weight_obstacle"":100.0,""weight_optimaltime"":0.5,""weight_viapoint"":2.0}","{""acc_lim_theta"":0.8,""acc_lim_x"":0.8,""inflation_dist"":0.55,""max_vel_theta"":1.0,""max_vel_x"":1.2,""min_obstacle_dist"":0.25,""weight_obstacle"":50.0,""weight_optimaltime"":1.0,""weight_viapoint"":1.0}",true,max_vel_theta:ackermann_turning_radius,true,NORMAL,margin:emergency|safety_mode:EMERGENCY,false,,0.0,0.0,0.0,0.0,0.0,0.0,0.0,0.0,0.0,0.0,0.0,0.0,0.0,0.0,1.4636799969593994,0.0,0.0,false,safety_emergency_stop
t11_boundary_stress_acceptance,t11_boundary_stress_acceptance-episode-000038,0,1,140.264,139.714,139.716,139.75,139.762,140.262,0,0.44999999999998863,true,,2.9221548045115147,2.4744396255587215,0.05596840835950304,0.031859143862336306,30.0,0.0,25.71643563379443,1.1665691321769516,-0.002530970020710901,"[0.0,0.0,0.0,0.0,0.0]","[-0.06620115041732788,0.021852970123291016,-0.04725104570388794,0.025544285774230957,-0.023962676525115967]","[-0.06620115041732788,0.021852970123291016,-0.04725104570388794,0.025544285774230957,-0.023962676525115967]","{""acc_lim_theta"":0.8,""acc_lim_x"":0.8,""inflation_dist"":0.55,""max_vel_theta"":1.0,""max_vel_x"":1.2,""min_obstacle_dist"":0.25,""weight_obstacle"":50.0,""weight_optimaltime"":1.0,""weight_viapoint"":1.0}","{""acc_lim_theta"":0.8,""acc_lim_x"":0.7979759907783084,""inflation_dist"":0.5504374621120157,""max_vel_theta"":1.0,""max_vel_x"":1.1995628742423383,""min_obstacle_dist"":0.25,""weight_obstacle"":50.12939061504413,""weight_optimaltime"":1.0,""weight_viapoint"":1.0}","{""acc_lim_theta"":0.8,""acc_lim_x"":0.7979759907783084,""inflation_dist"":0.5504374621120157,""max_vel_theta"":0.9996357285352819,""max_vel_x"":1.1995628742423383,""min_obstacle_dist"":0.25,""weight_obstacle"":50.12939061504413,""weight_optimaltime"":1.0,""weight_viapoint"":1.0}","{""acc_lim_theta"":0.8,""acc_lim_x"":0.7979759907783084,""inflation_dist"":0.5504374621120157,""max_vel_theta"":0.9996357285352819,""max_vel_x"":1.1995628742423383,""min_obstacle_dist"":0.25,""weight_obstacle"":50.12939061504413,""weight_optimaltime"":1.0,""weight_viapoint"":1.0}","{""acc_lim_theta"":0.8,""acc_lim_x"":0.7979759907783084,""inflation_dist"":0.5504374621120157,""max_vel_theta"":0.9996357285352819,""max_vel_x"":1.1995628742423383,""min_obstacle_dist"":0.25,""weight_obstacle"":50.12939061504413,""weight_optimaltime"":1.0,""weight_viapoint"":1.0}",true,max_vel_theta:ackermann_turning_radius,false,NORMAL,,false,,1.9751225329637787,2.2385758947639656,-0.04499999999999887,-0.0,-0.0015047094513507223,-0.21591317105257699,-0.0,-0.0010354812962600165,0.0,0.0,0.0,1.0,0.0,0.0,1.2165970001660753,33.999999999991815,45.99999999999227,true,
t11_boundary_stress_acceptance,t11_boundary_stress_acceptance-episode-000038,1,2,140.91,140.26,140.266,140.296,140.36,140.86,0,0.5,true,,2.311222473013187,1.7306298088319658,0.04211065161094514,0.032825302737467116,30.0,0.0,25.833916605934046,1.1612641032180542,0.00021015912726573483,"[-0.06620115041732788,0.021852970123291016,-0.04725104570388794,0.025544285774230957,-0.023962676525115967]","[0.04691660404205322,0.06785905361175537,-0.026798129081726074,0.10037803649902344,0.04394221305847168]","[-0.019284546375274658,0.08971202373504639,-0.07404917478561401,0.1259223222732544,0.019979536533355713]","{""acc_lim_theta"":0.8,""acc_lim_x"":0.7979759907783084,""inflation_dist"":0.5504374621120157,""max_vel_theta"":0.9996357285352819,""max_vel_x"":1.1995628742423383,""min_obstacle_dist"":0.25,""weight_obstacle"":50.12939061504413,""weight_optimaltime"":1.0,""weight_viapoint"":1.0}","{""acc_lim_theta"":0.7991979594690093,""acc_lim_x"":0.7968009117889546,""inflation_dist"":0.5506855659575819,""max_vel_theta"":0.9996357285352819,""max_vel_x"":1.195556889556196,""min_obstacle_dist"":0.2508462073419503,""weight_obstacle"":50.0,""weight_optimaltime"":1.0,""weight_viapoint"":1.0}","{""acc_lim_theta"":0.7991979594690093,""acc_lim_x"":0.7968009117889546,""inflation_dist"":0.5506855659575819,""max_vel_theta"":0.9962974079634968,""max_vel_x"":1.195556889556196,""min_obstacle_dist"":0.2508462073419503,""weight_obstacle"":50.0,""weight_optimaltime"":1.0,""weight_viapoint"":1.0}","{""acc_lim_theta"":0.7991979594690093,""acc_lim_x"":0.7968009117889546,""inflation_dist"":0.5506855659575819,""max_vel_theta"":0.9962974079634968,""max_vel_x"":1.195556889556196,""min_obstacle_dist"":0.2508462073419503,""weight_obstacle"":50.0,""weight_optimaltime"":1.0,""weight_viapoint"":1.0}","{""acc_lim_theta"":0.7991979594690093,""acc_lim_x"":0.7968009117889546,""inflation_dist"":0.5506855659575819,""max_vel_theta"":0.9962974079634968,""max_vel_x"":1.195556889556196,""min_obstacle_dist"":0.2508462073419503,""weight_obstacle"":50.0,""weight_optimaltime"":1.0,""weight_viapoint"":1.0}",true,max_vel_theta:ackermann_turning_radius,false,NORMAL,,false,,2.849168864741325,2.9029633209061068,-0.05,-0.0,-0.0012773505495993454,-1.9346526495106397e-05,-0.0,-0.002497759088687484,0.0,0.0,0.0,1.0,0.0,0.0,1.0793559995363466,30.000000000001137,94.00000000002251,true,
t11_boundary_stress_acceptance,t11_boundary_stress_acceptance-episode-000038,2,3,141.462,140.894,140.914,140.946,140.96,141.46,0,0.45000000000001705,true,,1.6145036729630302,1.1050009468366153,0.06257601241895412,0.03133963247259877,30.0,0.0,25.90376727314866,1.1581327026164807,0.022031333966833776,"[-0.019284546375274658,0.08971202373504639,-0.07404917478561401,0.1259223222732544,0.019979536533355713]","[0.04888904094696045,0.043587684631347656,-0.06972348690032959,0.10624337196350098,0.030163288116455078]","[0.02960449457168579,0.13329970836639404,-0.1437726616859436,0.23216569423675537,0.05014282464981079]","{""acc_lim_theta"":0.7991979594690093,""acc_lim_x"":0.7968009117889546,""inflation_dist"":0.5506855659575819,""max_vel_theta"":0.9962974079634968,""max_vel_x"":1.195556889556196,""min_obstacle_dist"":0.2508462073419503,""weight_obstacle"":50.0,""weight_optimaltime"":1.0,""weight_viapoint"":1.0}","{""acc_lim_theta"":0.7989283392975874,""acc_lim_x"":0.7940846426775118,""inflation_dist"":0.5513310836044856,""max_vel_theta"":0.9962974079634968,""max_vel_x"":1.192252396934318,""min_obstacle_dist"":0.25,""weight_obstacle"":50.0,""weight_optimaltime"":1.0,""weight_viapoint"":1.0}","{""acc_lim_theta"":0.7989283392975874,""acc_lim_x"":0.7940846426775118,""inflation_dist"":0.5513310836044856,""max_vel_theta"":0.9935436641119316,""max_vel_x"":1.192252396934318,""min_obstacle_dist"":0.25,""weight_obstacle"":50.0,""weight_optimaltime"":1.0,""weight_viapoint"":1.0}","{""acc_lim_theta"":0.7989283392975874,""acc_lim_x"":0.7940846426775118,""inflation_dist"":0.5513310836044856,""max_vel_theta"":0.9935436641119316,""max_vel_x"":1.192252396934318,""min_obstacle_dist"":0.25,""weight_obstacle"":50.0,""weight_optimaltime"":1.0,""weight_viapoint"":1.0}","{""acc_lim_theta"":0.7989283392975874,""acc_lim_x"":0.7940846426775118,""inflation_dist"":0.5513310836044856,""max_vel_theta"":0.9935436641119316,""max_vel_x"":1.192252396934318,""min_obstacle_dist"":0.25,""weight_obstacle"":50.0,""weight_optimaltime"":1.0,""weight_viapoint"":1.0}",true,max_vel_theta:ackermann_turning_radius,false,NORMAL,,false,,2.498863071608128,2.5475136306320745,-0.045000000000001705,-0.0,-0.0012692131128499745,-1.045949957195061e-05,-0.0,-0.0023708864115233926,0.0,0.0,0.0,1.0,0.0,0.0,2.2953210027480964,32.00000000001069,46.00000000002069,true,
t11_boundary_stress_acceptance,t11_boundary_stress_acceptance-episode-000038,3,4,143.26,141.46,141.464,141.504,141.558,142.058,0,0.44999999999998863,true,,0.9208000104025656,0.4899171927055622,0.0011551971299088852,0.0008961706101755912,30.0,0.0,600.0,0.0,0.0,"[0.02960449457168579,0.13329970836639404,-0.1437726616859436,0.23216569423675537,0.05014282464981079]","[0.08352458477020264,0.00043070316314697266,-0.038602590560913086,0.06576550006866455,-0.00968790054321289]","[0.11312907934188843,0.13373041152954102,-0.1823752522468567,0.2979311943054199,0.0404549241065979]","{""acc_lim_theta"":0.7989283392975874,""acc_lim_x"":0.7940846426775118,""inflation_dist"":0.5513310836044856,""max_vel_theta"":0.9935436641119316,""max_vel_x"":1.192252396934318,""min_obstacle_dist"":0.25,""weight_obstacle"":50.0,""weight_optimaltime"":1.0,""weight_viapoint"":1.0}","{""acc_lim_theta"":0.7975416888072044,""acc_lim_x"":0.7925208139380219,""inflation_dist"":0.5516884761350527,""max_vel_theta"":0.9935436641119316,""max_vel_x"":1.192850109815107,""min_obstacle_dist"":0.25,""weight_obstacle"":50.05231149402108,""weight_optimaltime"":1.0,""weight_viapoint"":1.0}","{""acc_lim_theta"":0.7975416888072044,""acc_lim_x"":0.7925208139380219,""inflation_dist"":0.5516884761350527,""max_vel_theta"":0.9935436641119316,""max_vel_x"":1.192850109815107,""min_obstacle_dist"":0.25,""weight_obstacle"":50.05231149402108,""weight_optimaltime"":1.0,""weight_viapoint"":1.0}","{""acc_lim_theta"":0.7975416888072044,""acc_lim_x"":0.7925208139380219,""inflation_dist"":0.5516884761350527,""max_vel_theta"":0.9935436641119316,""max_vel_x"":1.192850109815107,""min_obstacle_dist"":0.25,""weight_obstacle"":50.05231149402108,""weight_optimaltime"":1.0,""weight_viapoint"":1.0}","{""acc_lim_theta"":0.7975416888072044,""acc_lim_x"":0.7925208139380219,""inflation_dist"":0.5516884761350527,""max_vel_theta"":0.9935436641119316,""max_vel_x"":1.192850109815107,""min_obstacle_dist"":0.25,""weight_obstacle"":50.05231149402108,""weight_optimaltime"":1.0,""weight_viapoint"":1.0}",false,,false,NORMAL,,false,,12.085236130198457,2.154414088485017,-0.04499999999999887,-0.0,-0.0008039008361475449,-0.02233008368984796,-0.0,-0.0010439737605658307,10.0,0.0,0.0,0.0,0.0,0.0,0.8455569986836053,39.99999999999204,93.99999999999409,true,
t11_boundary_stress_acceptance,t11_boundary_stress_acceptance-episode-000039,0,1,144.84,144.234,144.238,144.27,144.29,144.79,0,0.5,true,,3.8003434149548094,3.3377410801249874,0.25943833254212356,0.4403593056252108,30.0,0.0,25.72742955472975,1.1660706304211716,0.6001479646142057,"[0.0,0.0,0.0,0.0,0.0]","[0.13367068767547607,-0.13923490047454834,0.18246221542358398,0.04235422611236572,0.015377283096313477]","[0.13367068767547607,-0.13923490047454834,0.18246221542358398,0.04235422611236572,0.015377283096313477]","{""acc_lim_theta"":0.8,""acc_lim_x"":0.8,""inflation_dist"":0.55,""max_vel_theta"":1.0,""max_vel_x"":1.2,""min_obstacle_dist"":0.25,""weight_obstacle"":50.0,""weight_optimaltime"":1.0,""weight_viapoint"":1.0}","{""acc_lim_theta"":0.7951273611406178,""acc_lim_x"":0.7986916994378803,""inflation_dist"":0.55,""max_vel_theta"":1.0,""max_vel_x"":1.2,""min_obstacle_dist"":0.2516934949385655,""weight_obstacle"":50.0,""weight_optimaltime"":0.9860765099525451,""weight_viapoint"":1.0}","{""acc_lim_theta"":0.7951273611406178,""acc_lim_x"":0.7986916994378803,""inflation_dist"":0.55,""max_vel_theta"":1.0,""max_vel_x"":1.2,""min_obstacle_dist"":0.2516934949385655,""weight_obstacle"":50.0,""weight_optimaltime"":0.9860765099525451,""weight_viapoint"":1.0}","{""acc_lim_theta"":0.7951273611406178,""acc_lim_x"":0.7986916994378803,""inflation_dist"":0.55,""max_vel_theta"":1.0,""max_vel_x"":1.2,""min_obstacle_dist"":0.2516934949385655,""weight_obstacle"":50.0,""weight_optimaltime"":0.9860765099525451,""weight_viapoint"":1.0}","{""acc_lim_theta"":0.7951273611406178,""acc_lim_x"":0.7986916994378803,""inflation_dist"":0.55,""max_vel_theta"":1.0,""max_vel_x"":1.2,""min_obstacle_dist"":0.2516934949385655,""weight_obstacle"":50.0,""weight_optimaltime"":0.9860765099525451,""weight_viapoint"":1.0}",false,,false,NORMAL,,false,,2.108741458813352,2.3130116741491102,-0.05,-0.0,-0.010210065027544894,-0.13905281946792117,-0.0,-0.005007330840292679,0.0,0.0,0.0,0.0,0.0,0.0,2.230207999673439,32.00000000001069,51.9999999999925,true,
t11_boundary_stress_acceptance,t11_boundary_stress_acceptance-episode-000039,1,2,145.436,144.834,144.842,144.882,144.886,145.386,0,0.5,true,,3.228247378692751,2.662314205477199,0.0740746794324876,0.6824344691821937,30.0,0.0,25.718338922043326,1.166482800111435,0.22549561833550014,"[0.13367068767547607,-0.13923490047454834,0.18246221542358398,0.04235422611236572,0.015377283096313477]","[0.23622095584869385,-0.018960237503051758,0.12340676784515381,-0.03150290250778198,0.12036395072937012]","[0.3698916435241699,-0.1581951379776001,0.3058689832687378,0.01085132360458374,0.1357412338256836]","{""acc_lim_theta"":0.7951273611406178,""acc_lim_x"":0.7986916994378803,""inflation_dist"":0.55,""max_vel_theta"":1.0,""max_vel_x"":1.2,""min_obstacle_dist"":0.2516934949385655,""weight_obstacle"":50.0,""weight_optimaltime"":0.9860765099525451,""weight_viapoint"":1.0}","{""acc_lim_theta"":0.7806563049893825,""acc_lim_x"":0.8,""inflation_dist"":0.55,""max_vel_theta"":1.0,""max_vel_x"":1.1981500706107724,""min_obstacle_dist"":0.2545758580748941,""weight_obstacle"":50.0,""weight_optimaltime"":0.98418048620224,""weight_viapoint"":1.0}","{""acc_lim_theta"":0.7806563049893825,""acc_lim_x"":0.8,""inflation_dist"":0.55,""max_vel_theta"":0.9984583921756437,""max_vel_x"":1.1981500706107724,""min_obstacle_dist"":0.2545758580748941,""weight_obstacle"":50.0,""weight_optimaltime"":0.98418048620224,""weight_viapoint"":1.0}","{""acc_lim_theta"":0.7806563049893825,""acc_lim_x"":0.8,""inflation_dist"":0.55,""max_vel_theta"":0.9984583921756437,""max_vel_x"":1.1981500706107724,""min_obstacle_dist"":0.2545758580748941,""weight_obstacle"":50.0,""weight_optimaltime"":0.98418048620224,""weight_viapoint"":1.0}","{""acc_lim_theta"":0.7806563049893825,""acc_lim_x"":0.8,""inflation_dist"":0.55,""max_vel_theta"":0.9984583921756437,""max_vel_x"":1.1981500706107724,""min_obstacle_dist"":0.2545758580748941,""weight_obstacle"":50.0,""weight_optimaltime"":0.98418048620224,""weight_viapoint"":1.0}",true,max_vel_theta:ackermann_turning_radius,false,NORMAL,,false,,2.7417484184003578,2.8296658660777596,-0.05,-0.0,-0.0317814626242006,-4.235274052735882e-05,-0.0,-0.006093632312673719,0.0,0.0,0.0,1.0,0.0,0.0,1.1975560009886976,39.99999999999204,43.99999999998272,true,
t11_boundary_stress_acceptance,t11_boundary_stress_acceptance-episode-000039,2,3,146.036,145.434,145.438,145.476,145.486,145.986,0,0.5,true,,2.547092863289337,1.9715453449995943,0.13496277975073578,0.7207533739198196,30.0,0.0,25.822000758979257,1.1617999813421855,-0.056119040735755084,"[0.3698916435241699,-0.1581951379776001,0.3058689832687378,0.01085132360458374,0.1357412338256836]","[0.16166043281555176,-0.056889116764068604,-0.14216315746307373,0.21216297149658203,0.038426756858825684]","[0.5315520763397217,-0.2150842547416687,0.16370582580566406,0.22301429510116577,0.17416799068450928]","{""acc_lim_theta"":0.7806563049893825,""acc_lim_x"":0.8,""inflation_dist"":0.55,""max_vel_theta"":0.9984583921756437,""max_vel_x"":1.1981500706107724,""min_obstacle_dist"":0.2545758580748941,""weight_obstacle"":50.0,""weight_optimaltime"":0.98418048620224,""weight_viapoint"":1.0}","{""acc_lim_theta"":0.7782396818533219,""acc_lim_x"":0.791027731634105,""inflation_dist"":0.5513161824079904,""max_vel_theta"":0.9984583921756437,""max_vel_x"":1.1940148891144062,""min_obstacle_dist"":0.25,""weight_obstacle"":50.0,""weight_optimaltime"":0.9784915745258331,""weight_viapoint"":1.0}","{""acc_lim_theta"":0.7782396818533219,""acc_lim_x"":0.791027731634105,""inflation_dist"":0.5513161824079904,""max_vel_theta"":0.9950124075953386,""max_vel_x"":1.1940148891144062,""min_obstacle_dist"":0.25,""weight_obstacle"":50.0,""weight_optimaltime"":0.9784915745258331,""weight_viapoint"":1.0}","{""acc_lim_theta"":0.7782396818533219,""acc_lim_x"":0.791027731634105,""inflation_dist"":0.5513161824079904,""max_vel_theta"":0.9950124075953386,""max_vel_x"":1.1940148891144062,""min_obstacle_dist"":0.25,""weight_obstacle"":50.0,""weight_optimaltime"":0.9784915745258331,""weight_viapoint"":1.0}","{""acc_lim_theta"":0.7782396818533219,""acc_lim_x"":0.791027731634105,""inflation_dist"":0.5513161824079904,""max_vel_theta"":0.9950124075953386,""max_vel_x"":1.1940148891144062,""min_obstacle_dist"":0.25,""weight_obstacle"":50.0,""weight_optimaltime"":0.9784915745258331,""weight_viapoint"":1.0}",true,max_vel_theta:ackermann_turning_radius,false,NORMAL,,false,,2.8143088488853047,2.8777375914487138,-0.05,-0.0,-0.005765147132843829,-9.380104114653218e-05,-0.0,-0.007569794389418634,0.0,0.0,0.0,1.0,0.0,0.0,0.7977610002853908,38.000000000010914,48.00000000000182,true,
t11_boundary_stress_acceptance,t11_boundary_stress_acceptance-episode-000039,3,4,146.636,146.034,146.04,146.08,146.086,146.586,0,0.5,true,,1.856767695384257,1.2869346644899264,0.1250450524027718,0.7370060717122673,30.0,0.0,25.831134687737833,1.1613891670907182,0.15905326147352003,"[0.5315520763397217,-0.2150842547416687,0.16370582580566406,0.22301429510116577,0.17416799068450928]","[0.11115872859954834,0.07874321937561035,-0.025982558727264404,0.16663038730621338,-0.025430381298065186]","[0.64271080493927,-0.13634103536605835,0.13772326707839966,0.38964468240737915,0.1487376093864441]","{""acc_lim_theta"":0.7782396818533219,""acc_lim_x"":0.791027731634105,""inflation_dist"":0.5513161824079904,""max_vel_theta"":0.9950124075953386,""max_vel_x"":1.1940148891144062,""min_obstacle_dist"":0.25,""weight_obstacle"":50.0,""weight_optimaltime"":0.9784915745258331,""weight_viapoint"":1.0}","{""acc_lim_theta"":0.7788499341781179,""acc_lim_x"":0.7888089269035968,""inflation_dist"":0.5515567354972835,""max_vel_theta"":0.9950124075953386,""max_vel_x"":1.193703456954883,""min_obstacle_dist"":0.2511195207260708,""weight_obstacle"":50.13731574073183,""weight_optimaltime"":0.9863658964633941,""weight_viapoint"":1.0}","{""acc_lim_theta"":0.7788499341781179,""acc_lim_x"":0.7888089269035968,""inflation_dist"":0.5515567354972835,""max_vel_theta"":0.9947528807957359,""max_vel_x"":1.193703456954883,""min_obstacle_dist"":0.2511195207260708,""weight_obstacle"":50.13731574073183,""weight_optimaltime"":0.9863658964633941,""weight_viapoint"":1.0}","{""acc_lim_theta"":0.7788499341781179,""acc_lim_x"":0.7888089269035968,""inflation_dist"":0.5515567354972835,""max_vel_theta"":0.9947528807957359,""max_vel_x"":1.193703456954883,""min_obstacle_dist"":0.2511195207260708,""weight_obstacle"":50.13731574073183,""weight_optimaltime"":0.9863658964633941,""weight_viapoint"":1.0}","{""acc_lim_theta"":0.7788499341781179,""acc_lim_x"":0.7888089269035968,""inflation_dist"":0.5515567354972835,""max_vel_theta"":0.9947528807957359,""max_vel_x"":1.193703456954883,""min_obstacle_dist"":0.2511195207260708,""weight_obstacle"":50.13731574073183,""weight_optimaltime"":0.9863658964633941,""weight_viapoint"":1.0}",true,max_vel_theta:ackermann_turning_radius,false,NORMAL,,false,,2.7916621058137037,2.8491651544716525,-0.05,-0.0,-0.004258827396916833,-6.711266387716056e-05,-0.0,-0.0031771085971550174,0.0,0.0,0.0,1.0,0.0,0.0,1.1891499998455402,40.000000000020464,46.00000000002069,true,
t11_boundary_stress_acceptance,t11_boundary_stress_acceptance-episode-000039,4,5,147.186,146.634,146.64,146.67,146.684,147.184,0,0.44999999999998863,true,,1.173984619913794,0.6915000249204453,0.1659044993294877,0.9071014193504889,30.0,0.0,30.917377367610303,0.9703280987678028,0.40552489628475685,"[0.64271080493927,-0.13634103536605835,0.13772326707839966,0.38964468240737915,0.1487376093864441]","[0.14520752429962158,-0.035198092460632324,-0.10235637426376343,0.1821223497390747,-0.08690857887268066]","[0.7879183292388916,-0.17153912782669067,0.03536689281463623,0.5717670321464539,0.06182903051376343]","{""acc_lim_theta"":0.7788499341781179,""acc_lim_x"":0.7888089269035968,""inflation_dist"":0.5515567354972835,""max_vel_theta"":0.9947528807957359,""max_vel_x"":1.193703456954883,""min_obstacle_dist"":0.2511195207260708,""weight_obstacle"":50.13731574073183,""weight_optimaltime"":0.9863658964633941,""weight_viapoint"":1.0}","{""acc_lim_theta"":0.7805321317129162,""acc_lim_x"":0.7819170966855585,""inflation_dist"":0.5525043766552019,""max_vel_theta"":0.9947528807957359,""max_vel_x"":1.1972414239388027,""min_obstacle_dist"":0.25,""weight_obstacle"":50.60659363884815,""weight_optimaltime"":0.9828460872173309,""weight_viapoint"":1.0}","{""acc_lim_theta"":0.7805321317129162,""acc_lim_x"":0.7819170966855585,""inflation_dist"":0.5525043766552019,""max_vel_theta"":0.9947528807957359,""max_vel_x"":1.1972414239388027,""min_obstacle_dist"":0.25,""weight_obstacle"":50.60659363884815,""weight_optimaltime"":0.9828460872173309,""weight_viapoint"":1.0}","{""acc_lim_theta"":0.7805321317129162,""acc_lim_x"":0.7819170966855585,""inflation_dist"":0.5525043766552019,""max_vel_theta"":0.9947528807957359,""max_vel_x"":1.1972414239388027,""min_obstacle_dist"":0.25,""weight_obstacle"":50.60659363884815,""weight_optimaltime"":0.9828460872173309,""weight_viapoint"":1.0}","{""acc_lim_theta"":0.7805321317129162,""acc_lim_x"":0.7819170966855585,""inflation_dist"":0.5525043766552019,""max_vel_theta"":0.9947528807957359,""max_vel_x"":1.1972414239388027,""min_obstacle_dist"":0.25,""weight_obstacle"":50.60659363884815,""weight_optimaltime"":0.9828460872173309,""weight_viapoint"":1.0}",false,,false,NORMAL,,false,,2.341700560487126,2.4124229749667436,-0.04499999999999887,-0.0,-0.010928620091109125,-0.009699545733892253,-0.0,-0.005094248654617529,0.0,0.0,0.0,0.0,0.0,0.0,1.583758999913698,30.000000000001137,44.00000000001114,true,
t11_boundary_stress_acceptance,t11_boundary_stress_acceptance-episode-000039,5,6,148.794,147.174,147.19,147.218,147.284,147.784,0,0.5,true,,0.5580504163319538,0.21601952815823217,0.0073799584954225665,0.004215105238394745,30.0,0.0,600.0,0.0,0.0,"[0.7879183292388916,-0.17153912782669067,0.03536689281463623,0.5717670321464539,0.06182903051376343]","[-0.04257392883300781,-0.09281647205352783,-0.06390625238418579,0.2097548246383667,-0.18989235162734985]","[0.7453444004058838,-0.2643555998802185,-0.02853935956954956,0.7815218567848206,-0.12806332111358643]","{""acc_lim_theta"":0.7805321317129162,""acc_lim_x"":0.7819170966855585,""inflation_dist"":0.5525043766552019,""max_vel_theta"":0.9947528807957359,""max_vel_x"":1.1972414239388027,""min_obstacle_dist"":0.25,""weight_obstacle"":50.60659363884815,""weight_optimaltime"":0.9828460872173309,""weight_viapoint"":1.0}","{""acc_lim_theta"":0.7940293356347919,""acc_lim_x"":0.769479177495868,""inflation_dist"":0.5530960368761034,""max_vel_theta"":0.9947528807957359,""max_vel_x"":1.2,""min_obstacle_dist"":0.25,""weight_obstacle"":51.631950223847625,""weight_optimaltime"":0.9735644400119781,""weight_viapoint"":1.0}","{""acc_lim_theta"":0.7940293356347919,""acc_lim_x"":0.769479177495868,""inflation_dist"":0.5530960368761034,""max_vel_theta"":0.9947528807957359,""max_vel_x"":1.2,""min_obstacle_dist"":0.25,""weight_obstacle"":51.631950223847625,""weight_optimaltime"":0.9735644400119781,""weight_viapoint"":1.0}","{""acc_lim_theta"":0.7940293356347919,""acc_lim_x"":0.769479177495868,""inflation_dist"":0.5530960368761034,""max_vel_theta"":0.9947528807957359,""max_vel_x"":1.2,""min_obstacle_dist"":0.25,""weight_obstacle"":51.631950223847625,""weight_optimaltime"":0.9735644400119781,""weight_viapoint"":1.0}","{""acc_lim_theta"":0.7940293356347919,""acc_lim_x"":0.769479177495868,""inflation_dist"":0.5530960368761034,""max_vel_theta"":0.9947528807957359,""max_vel_x"":1.2,""min_obstacle_dist"":0.25,""weight_obstacle"":51.631950223847625,""weight_optimaltime"":0.9735644400119781,""weight_viapoint"":1.0}",false,,false,NORMAL,,false,,11.606061142698834,1.7101544408686085,-0.05,-0.0,-0.003171570331289496,-0.03990209599525579,-0.0,-0.011019631843227701,10.0,0.0,0.0,0.0,0.0,0.0,2.363208997849142,27.999999999991587,93.99999999999409,true,
t11_boundary_stress_acceptance,t11_boundary_stress_acceptance-episode-000040,0,1,150.484,149.794,149.798,149.828,149.934,150.434,0,0.5,true,,5.074459675098516,4.650526952837591,0.07418364359513453,0.41658155153131127,1.1677772116224174,1.0,1.0253555629332285,1.1388997669079437,0.48225081876284054,"[0.0,0.0,0.0,0.0,0.0]","[0.13501858711242676,-0.13957631587982178,-0.10922324657440186,0.06180429458618164,-0.10819989442825317]","[0.13501858711242676,-0.13957631587982178,-0.10922324657440186,0.06180429458618164,-0.10819989442825317]","{""acc_lim_theta"":0.8,""acc_lim_x"":0.8,""inflation_dist"":0.55,""max_vel_theta"":1.0,""max_vel_x"":1.2,""min_obstacle_dist"":0.25,""weight_obstacle"":50.0,""weight_optimaltime"":1.0,""weight_viapoint"":1.0}","{""acc_lim_theta"":0.7997152837296686,""acc_lim_x"":0.7940363926630356,""inflation_dist"":0.5510112163956556,""max_vel_theta"":1.0,""max_vel_x"":1.2,""min_obstacle_dist"":0.25,""weight_obstacle"":50.5842440377271,""weight_optimaltime"":0.9860423684120179,""weight_viapoint"":1.0}","{""acc_lim_theta"":0.7997152837296686,""acc_lim_x"":0.7940363926630356,""inflation_dist"":0.5510112163956556,""max_vel_theta"":1.0,""max_vel_x"":1.2,""min_obstacle_dist"":0.25,""weight_obstacle"":50.5842440377271,""weight_optimaltime"":0.9860423684120179,""weight_viapoint"":1.0}","{""acc_lim_theta"":0.7997152837296686,""acc_lim_x"":0.7940363926630356,""inflation_dist"":0.5510112163956556,""max_vel_theta"":1.0,""max_vel_x"":1.2,""min_obstacle_dist"":0.25,""weight_obstacle"":50.5842440377271,""weight_optimaltime"":0.9860423684120179,""weight_viapoint"":1.0}","{""acc_lim_theta"":0.7997152837296686,""acc_lim_x"":0.7940363926630356,""inflation_dist"":0.5510112163956556,""max_vel_theta"":1.0,""max_vel_x"":1.2,""min_obstacle_dist"":0.25,""weight_obstacle"":50.5842440377271,""weight_optimaltime"":0.9860423684120179,""weight_viapoint"":1.0}",false,,false,NORMAL,,false,,1.9262110492211433,2.119663611304623,-0.05,-0.0,-0.0008268752015704835,-0.13681467261684768,-0.0,-0.005811014265061918,0.0,0.0,0.0,0.0,0.0,0.0,1.9883130007656291,30.000000000001137,135.99999999999568,true,
t11_boundary_stress_acceptance,t11_boundary_stress_acceptance-episode-000040,1,2,150.484,150.484,,,,150.484,0,0.0,true,,4.588461090216576,4.588461090216576,0.07418364359513453,0.41658155153131127,1.1677772116224174,1.0,1.0253555629332285,1.1388997669079437,0.48225081876284054,"[0.13501858711242676,-0.13957631587982178,-0.10922324657440186,0.06180429458618164,-0.10819989442825317]","[0.10599184036254883,0.1154407262802124,-0.10321015119552612,0.08490562438964844,0.2633495330810547]","[0.24101042747497559,-0.024135589599609375,-0.21243339776992798,0.14670991897583008,0.1551496386528015]","{""acc_lim_theta"":0.7997152837296686,""acc_lim_x"":0.7940363926630356,""inflation_dist"":0.5510112163956556,""max_vel_theta"":1.0,""max_vel_x"":1.2,""min_obstacle_dist"":0.25,""weight_obstacle"":50.5842440377271,""weight_optimaltime"":0.9860423684120179,""weight_viapoint"":1.0}","{""acc_lim_theta"":0.7887531823730491,""acc_lim_x"":0.7949336396381148,""inflation_dist"":0.5519667620359869,""max_vel_theta"":1.0,""max_vel_x"":1.1847065216174413,""min_obstacle_dist"":0.25,""weight_obstacle"":50.0,""weight_optimaltime"":0.9975864410400391,""weight_viapoint"":1.0}","{""acc_lim_theta"":0.7887531823730491,""acc_lim_x"":0.7949336396381148,""inflation_dist"":0.5519667620359869,""max_vel_theta"":0.9872554346812011,""max_vel_x"":1.1847065216174413,""min_obstacle_dist"":0.25,""weight_obstacle"":50.0,""weight_optimaltime"":0.9975864410400391,""weight_viapoint"":1.0}","{""acc_lim_theta"":0.4,""acc_lim_x"":0.4,""inflation_dist"":0.9,""max_vel_theta"":0.5,""max_vel_x"":0.6,""min_obstacle_dist"":0.5,""weight_obstacle"":100.0,""weight_optimaltime"":0.5,""weight_viapoint"":2.0}","{""acc_lim_theta"":0.7997152837296686,""acc_lim_x"":0.7940363926630356,""inflation_dist"":0.5510112163956556,""max_vel_theta"":1.0,""max_vel_x"":1.2,""min_obstacle_dist"":0.25,""weight_obstacle"":50.5842440377271,""weight_optimaltime"":0.9860423684120179,""weight_viapoint"":1.0}",true,max_vel_theta:ackermann_turning_radius,true,NORMAL,margin:emergency|safety_mode:EMERGENCY,false,,0.0,0.0,0.0,0.0,0.0,0.0,0.0,0.0,0.0,0.0,0.0,0.0,0.0,0.0,1.1033159971702844,0.0,0.0,false,safety_emergency_stop
t11_boundary_stress_acceptance,t11_boundary_stress_acceptance-episode-000041,0,1,151.534,151.534,,,,151.534,0,0.0,true,,5.038395664483442,5.038395664483442,0.05550800350433027,0.021267622019792664,0.5196520593764147,0.8333333333333334,1.2216312336197486,0.4253755512100506,-0.35446036699654443,"[0.0,0.0,0.0,0.0,0.0]","[0.27043581008911133,-0.2441679835319519,-0.5885912775993347,0.31947195529937744,0.8585982322692871]","[0.27043581008911133,-0.2441679835319519,-0.5885912775993347,0.31947195529937744,0.8585982322692871]","{""acc_lim_theta"":0.8,""acc_lim_x"":0.8,""inflation_dist"":0.55,""max_vel_theta"":1.0,""max_vel_x"":1.2,""min_obstacle_dist"":0.25,""weight_obstacle"":50.0,""weight_optimaltime"":1.0,""weight_viapoint"":1.0}","{""acc_lim_theta"":0.7684192242234671,""acc_lim_x"":0.7768344609016293,""inflation_dist"":0.5554493266673123,""max_vel_theta"":1.0,""max_vel_x"":1.147745213936855,""min_obstacle_dist"":0.25,""weight_obstacle"":50.0,""weight_optimaltime"":0.9755832016468048,""weight_viapoint"":1.0}","{""acc_lim_theta"":0.7684192242234671,""acc_lim_x"":0.7768344609016293,""inflation_dist"":0.5554493266673123,""max_vel_theta"":0.9564543449473791,""max_vel_x"":1.147745213936855,""min_obstacle_dist"":0.25,""weight_obstacle"":50.0,""weight_optimaltime"":0.9755832016468048,""weight_viapoint"":1.0}","{""acc_lim_theta"":0.4,""acc_lim_x"":0.4,""inflation_dist"":0.9,""max_vel_theta"":0.5,""max_vel_x"":0.6,""min_obstacle_dist"":0.5,""weight_obstacle"":100.0,""weight_optimaltime"":0.5,""weight_viapoint"":2.0}","{""acc_lim_theta"":0.8,""acc_lim_x"":0.8,""inflation_dist"":0.55,""max_vel_theta"":1.0,""max_vel_x"":1.2,""min_obstacle_dist"":0.25,""weight_obstacle"":50.0,""weight_optimaltime"":1.0,""weight_viapoint"":1.0}",true,max_vel_theta:ackermann_turning_radius,true,NORMAL,margin:emergency|safety_mode:EMERGENCY,false,,0.0,0.0,0.0,0.0,0.0,0.0,0.0,0.0,0.0,0.0,0.0,0.0,0.0,0.0,2.032242002314888,0.0,0.0,false,safety_emergency_stop
t11_boundary_stress_acceptance,t11_boundary_stress_acceptance-episode-000042,0,1,153.124,152.534,152.538,152.572,152.574,153.074,0,0.5,true,,5.388765041720801,5.1494162475295715,0.14550694879716197,0.2701777512558278,30.0,0.0,342.6977022130638,-0.08754070951239773,0.04873829527512424,"[0.0,0.0,0.0,0.0,0.0]","[0.18230175971984863,-0.14757341146469116,0.14108896255493164,0.04096245765686035,0.06732964515686035]","[0.18230175971984863,-0.14757341146469116,0.14108896255493164,0.04096245765686035,0.06732964515686035]","{""acc_lim_theta"":0.8,""acc_lim_x"":0.8,""inflation_dist"":0.55,""max_vel_theta"":1.0,""max_vel_x"":1.2,""min_obstacle_dist"":0.25,""weight_obstacle"":50.0,""weight_optimaltime"":1.0,""weight_viapoint"":1.0}","{""acc_lim_theta"":0.7913683972597376,""acc_lim_x"":0.7987447242565255,""inflation_dist"":0.55,""max_vel_theta"":1.0,""max_vel_x"":1.1985431692916808,""min_obstacle_dist"":0.25038777180922106,""weight_obstacle"":50.0,""weight_optimaltime"":0.9852426588535309,""weight_viapoint"":1.0}","{""acc_lim_theta"":0.7913683972597376,""acc_lim_x"":0.7987447242565255,""inflation_dist"":0.55,""max_vel_theta"":0.998785974409734,""max_vel_x"":1.1985431692916808,""min_obstacle_dist"":0.25038777180922106,""weight_obstacle"":50.0,""weight_optimaltime"":0.9852426588535309,""weight_viapoint"":1.0}","{""acc_lim_theta"":0.7913683972597376,""acc_lim_x"":0.7987447242565255,""inflation_dist"":0.55,""max_vel_theta"":0.998785974409734,""max_vel_x"":1.1985431692916808,""min_obstacle_dist"":0.25038777180922106,""weight_obstacle"":50.0,""weight_optimaltime"":0.9852426588535309,""weight_viapoint"":1.0}","{""acc_lim_theta"":0.7913683972597376,""acc_lim_x"":0.7987447242565255,""inflation_dist"":0.55,""max_vel_theta"":0.998785974409734,""max_vel_x"":1.1985431692916808,""min_obstacle_dist"":0.25038777180922106,""weight_obstacle"":50.0,""weight_optimaltime"":0.9852426588535309,""weight_viapoint"":1.0}",true,max_vel_theta:ackermann_turning_radius,false,NORMAL,,false,,0.43563317630460224,1.196743970956149,-0.05,-0.0,-0.004831677236966339,-0.7002152106045575,-0.0,-0.006063906810022857,0.0,0.0,0.0,1.0,0.0,0.0,1.8899960014095996,33.999999999991815,36.000000000001364,true,
t11_boundary_stress_acceptance,t11_boundary_stress_acceptance-episode-000042,1,2,153.68,153.114,153.126,153.162,153.176,153.676,0,0.44999999999998863,true,,5.155227852374782,5.2324563500598495,0.01854470015067936,0.37858046955232333,30.0,0.0,95.06121335138828,0.3155861254274836,0.26297414959517845,"[0.18230175971984863,-0.14757341146469116,0.14108896255493164,0.04096245765686035,0.06732964515686035]","[0.1394820213317871,-0.033984363079071045,0.14064276218414307,-0.04263448715209961,0.04519021511077881]","[0.32178378105163574,-0.1815577745437622,0.2817317247390747,-0.0016720294952392578,0.11251986026763916]","{""acc_lim_theta"":0.7913683972597376,""acc_lim_x"":0.7987447242565255,""inflation_dist"":0.55,""max_vel_theta"":0.998785974409734,""max_vel_x"":1.1985431692916808,""min_obstacle_dist"":0.25038777180922106,""weight_obstacle"":50.0,""weight_optimaltime"":0.9852426588535309,""weight_viapoint"":1.0}","{""acc_lim_theta"":0.7830728269604115,""acc_lim_x"":0.8,""inflation_dist"":0.55,""max_vel_theta"":0.998785974409734,""max_vel_x"":1.1995124943903916,""min_obstacle_dist"":0.25338688509308216,""weight_obstacle"":50.0,""weight_optimaltime"":0.9818442225456239,""weight_viapoint"":1.0}","{""acc_lim_theta"":0.7830728269604115,""acc_lim_x"":0.8,""inflation_dist"":0.55,""max_vel_theta"":0.998785974409734,""max_vel_x"":1.1995124943903916,""min_obstacle_dist"":0.25338688509308216,""weight_obstacle"":50.0,""weight_optimaltime"":0.9818442225456239,""weight_viapoint"":1.0}","{""acc_lim_theta"":0.7830728269604115,""acc_lim_x"":0.8,""inflation_dist"":0.55,""max_vel_theta"":0.998785974409734,""max_vel_x"":1.1995124943903916,""min_obstacle_dist"":0.25338688509308216,""weight_obstacle"":50.0,""weight_optimaltime"":0.9818442225456239,""weight_viapoint"":1.0}","{""acc_lim_theta"":0.7830728269604115,""acc_lim_x"":0.8,""inflation_dist"":0.55,""max_vel_theta"":0.998785974409734,""max_vel_x"":1.1995124943903916,""min_obstacle_dist"":0.25338688509308216,""weight_obstacle"":50.0,""weight_optimaltime"":0.9818442225456239,""weight_viapoint"":1.0}",false,,false,NORMAL,,false,,-0.646182930309966,-0.38614248842533616,-0.04499999999999887,-0.0,-0.004241611787011804,-0.20637023182867462,-0.0,-0.004428598268944484,0.0,0.0,0.0,0.0,0.0,0.0,1.1307499989925418,36.000000000001364,49.99999999998295,true,
t11_boundary_stress_acceptance,t11_boundary_stress_acceptance-episode-000042,2,3,154.326,153.674,153.682,153.73,153.776,154.276,0,0.5,true,,5.159400740327322,4.630098626779365,0.15873459555824868,0.6477844059086854,30.0,0.0,25.776601315836036,1.1638462197717776,0.1952206528135821,"[0.32178378105163574,-0.1815577745437622,0.2817317247390747,-0.0016720294952392578,0.11251986026763916]","[0.1682032346725464,-0.10180532932281494,0.034310102462768555,0.043694376945495605,0.052536964416503906]","[0.48998701572418213,-0.28336310386657715,0.31604182720184326,0.04202234745025635,0.16505682468414307]","{""acc_lim_theta"":0.7830728269604115,""acc_lim_x"":0.8,""inflation_dist"":0.55,""max_vel_theta"":0.998785974409734,""max_vel_x"":1.1995124943903916,""min_obstacle_dist"":0.25338688509308216,""weight_obstacle"":50.0,""weight_optimaltime"":0.9818442225456239,""weight_viapoint"":1.0}","{""acc_lim_theta"":0.7755818806154214,""acc_lim_x"":0.7984231210619551,""inflation_dist"":0.55,""max_vel_theta"":0.998785974409734,""max_vel_x"":1.1985884859207505,""min_obstacle_dist"":0.25195879545866784,""weight_obstacle"":50.0,""weight_optimaltime"":0.9716636896133424,""weight_viapoint"":1.0}","{""acc_lim_theta"":0.7755818806154214,""acc_lim_x"":0.7984231210619551,""inflation_dist"":0.55,""max_vel_theta"":0.998785974409734,""max_vel_x"":1.1985884859207505,""min_obstacle_dist"":0.25195879545866784,""weight_obstacle"":50.0,""weight_optimaltime"":0.9716636896133424,""weight_viapoint"":1.0}","{""acc_lim_theta"":0.7755818806154214,""acc_lim_x"":0.7984231210619551,""inflation_dist"":0.55,""max_vel_theta"":0.998785974409734,""max_vel_x"":1.1985884859207505,""min_obstacle_dist"":0.25195879545866784,""weight_obstacle"":50.0,""weight_optimaltime"":0.9716636896133424,""weight_viapoint"":1.0}","{""acc_lim_theta"":0.7755818806154214,""acc_lim_x"":0.7984231210619551,""inflation_dist"":0.55,""max_vel_theta"":0.998785974409734,""max_vel_x"":1.1985884859207505,""min_obstacle_dist"":0.25195879545866784,""weight_obstacle"":50.0,""weight_optimaltime"":0.9716636896133424,""weight_viapoint"":1.0}",false,,false,NORMAL,,false,,2.4500334166658475,2.646510567739786,-0.05,-0.0,-0.005635722536142546,-0.13581312836520848,-0.0,-0.005028300172587623,0.0,0.0,0.0,0.0,0.0,0.0,1.0169740016863216,48.00000000000182,94.00000000002251,true,
t11_boundary_stress_acceptance,t11_boundary_stress_acceptance-episode-000042,3,4,154.878,154.314,154.33,154.366,154.374,154.874,0,0.4519999999999982,true,,4.514678187636437,4.0080913444852575,0.07135186845920435,0.6738125626109598,30.0,0.0,25.913448334095435,1.1577000333270087,-0.06888479198144616,"[0.48998701572418213,-0.28336310386657715,0.31604182720184326,0.04202234745025635,0.16505682468414307]","[0.08589684963226318,0.03206372261047363,-0.0897829532623291,0.2023918628692627,0.04889571666717529]","[0.5758838653564453,-0.2512993812561035,0.22625887393951416,0.24441421031951904,0.21395254135131836]","{""acc_lim_theta"":0.7755818806154214,""acc_lim_x"":0.7984231210619551,""inflation_dist"":0.55,""max_vel_theta"":0.998785974409734,""max_vel_x"":1.1985884859207505,""min_obstacle_dist"":0.25195879545866784,""weight_obstacle"":50.0,""weight_optimaltime"":0.9716636896133424,""weight_viapoint"":1.0}","{""acc_lim_theta"":0.7756502175494293,""acc_lim_x"":0.7920794423169478,""inflation_dist"":0.5508312332514984,""max_vel_theta"":0.998785974409734,""max_vel_x"":1.192656003486956,""min_obstacle_dist"":0.2502837047064706,""weight_obstacle"":50.0,""weight_optimaltime"":0.9748700618743897,""weight_viapoint"":1.0}","{""acc_lim_theta"":0.7756502175494293,""acc_lim_x"":0.7920794423169478,""inflation_dist"":0.5508312332514984,""max_vel_theta"":0.9938800029057967,""max_vel_x"":1.192656003486956,""min_obstacle_dist"":0.2502837047064706,""weight_obstacle"":50.0,""weight_optimaltime"":0.9748700618743897,""weight_viapoint"":1.0}","{""acc_lim_theta"":0.7756502175494293,""acc_lim_x"":0.7920794423169478,""inflation_dist"":0.5508312332514984,""max_vel_theta"":0.9938800029057967,""max_vel_x"":1.192656003486956,""min_obstacle_dist"":0.2502837047064706,""weight_obstacle"":50.0,""weight_optimaltime"":0.9748700618743897,""weight_viapoint"":1.0}","{""acc_lim_theta"":0.7756502175494293,""acc_lim_x"":0.7920794423169478,""inflation_dist"":0.5508312332514984,""max_vel_theta"":0.9938800029057967,""max_vel_x"":1.192656003486956,""min_obstacle_dist"":0.2502837047064706,""weight_obstacle"":50.0,""weight_optimaltime"":0.9748700618743897,""weight_viapoint"":1.0}",true,max_vel_theta:ackermann_turning_radius,false,NORMAL,,false,,2.479714999968479,2.5329342157558976,-0.045199999999999824,-0.0,-0.002861836973004928,-3.562755377130989e-05,-0.0,-0.005121751260642535,0.0,0.0,0.0,1.0,0.0,0.0,1.889865001430735,36.000000000001364,43.99999999998272,true,
t11_boundary_stress_acceptance,t11_boundary_stress_acceptance-episode-000042,4,5,155.474,154.874,154.88,154.912,154.972,155.472,0,0.45000000000001705,true,,3.82420096217176,3.3173116522912975,0.044592362284749595,0.6736297182729202,30.0,0.0,25.809325774046897,1.1623705424404043,0.0011918058751821134,"[0.5758838653564453,-0.2512993812561035,0.22625887393951416,0.24441421031951904,0.21395254135131836]","[0.22228193283081055,-0.02055889368057251,-0.04014742374420166,0.07747554779052734,-0.03271394968032837]","[0.7981657981872559,-0.271858274936676,0.1861114501953125,0.3218897581100464,0.18123859167099]","{""acc_lim_theta"":0.7756502175494293,""acc_lim_x"":0.7920794423169478,""inflation_dist"":0.5508312332514984,""max_vel_theta"":0.9938800029057967,""max_vel_x"":1.192656003486956,""min_obstacle_dist"":0.2502837047064706,""weight_obstacle"":50.0,""weight_optimaltime"":0.9748700618743897,""weight_viapoint"":1.0}","{""acc_lim_theta"":0.7696824783030629,""acc_lim_x"":0.7917384615271168,""inflation_dist"":0.5512029282377467,""max_vel_theta"":0.9938800029057967,""max_vel_x"":1.1969127876967525,""min_obstacle_dist"":0.25,""weight_obstacle"":50.17664462754083,""weight_optimaltime"":0.9728141725063325,""weight_viapoint"":1.0}","{""acc_lim_theta"":0.7696824783030629,""acc_lim_x"":0.7917384615271168,""inflation_dist"":0.5512029282377467,""max_vel_theta"":0.9938800029057967,""max_vel_x"":1.1969127876967525,""min_obstacle_dist"":0.25,""weight_obstacle"":50.17664462754083,""weight_optimaltime"":0.9728141725063325,""weight_viapoint"":1.0}","{""acc_lim_theta"":0.7696824783030629,""acc_lim_x"":0.7917384615271168,""inflation_dist"":0.5512029282377467,""max_vel_theta"":0.9938800029057967,""max_vel_x"":1.1969127876967525,""min_obstacle_dist"":0.25,""weight_obstacle"":50.17664462754083,""weight_optimaltime"":0.9728141725063325,""weight_viapoint"":1.0}","{""acc_lim_theta"":0.7696824783030629,""acc_lim_x"":0.7917384615271168,""inflation_dist"":0.5512029282377467,""max_vel_theta"":0.9938800029057967,""max_vel_x"":1.1969127876967525,""min_obstacle_dist"":0.25,""weight_obstacle"":50.17664462754083,""weight_optimaltime"":0.9728141725063325,""weight_viapoint"":1.0}",false,,false,NORMAL,,false,,2.4805384029708706,2.5344465494023116,-0.045000000000001705,-0.0,-0.005618342142094062,-1.9012666549198513e-05,-0.0,-0.0032707916227963083,0.0,0.0,0.0,0.0,0.0,0.0,0.876571997650899,32.00000000001069,92.00000000001296,true,
t11_boundary_stress_acceptance,t11_boundary_stress_acceptance-episode-000042,5,6,156.076,155.472,155.478,155.504,155.574,156.074,0,0.45000000000001705,true,,3.1332092925656614,2.625964844241939,0.13270147763003226,0.6859433263543976,30.0,0.0,25.649370302431194,1.169619356977213,-0.012662053958284883,"[0.7981657981872559,-0.271858274936676,0.1861114501953125,0.3218897581100464,0.18123859167099]","[0.09670519828796387,0.07172715663909912,0.02951180934906006,0.10547447204589844,-0.2706817388534546]","[0.8948709964752197,-0.2001311182975769,0.21562325954437256,0.4273642301559448,-0.0894431471824646]","{""acc_lim_theta"":0.7696824783030629,""acc_lim_x"":0.7917384615271168,""inflation_dist"":0.5512029282377467,""max_vel_theta"":0.9938800029057967,""max_vel_x"":1.1969127876967525,""min_obstacle_dist"":0.25,""weight_obstacle"":50.17664462754083,""weight_optimaltime"":0.9728141725063325,""weight_viapoint"":1.0}","{""acc_lim_theta"":0.777529146791337,""acc_lim_x"":0.7920996829379746,""inflation_dist"":0.5509297004550613,""max_vel_theta"":0.9938800029057967,""max_vel_x"":1.2,""min_obstacle_dist"":0.25245055666113403,""weight_obstacle"":51.63823747735271,""weight_optimaltime"":0.9799868881702425,""weight_viapoint"":1.0}","{""acc_lim_theta"":0.777529146791337,""acc_lim_x"":0.7920996829379746,""inflation_dist"":0.5509297004550613,""max_vel_theta"":0.9938800029057967,""max_vel_x"":1.2,""min_obstacle_dist"":0.25245055666113403,""weight_obstacle"":51.63823747735271,""weight_optimaltime"":0.9799868881702425,""weight_viapoint"":1.0}","{""acc_lim_theta"":0.777529146791337,""acc_lim_x"":0.7920996829379746,""inflation_dist"":0.5509297004550613,""max_vel_theta"":0.9938800029057967,""max_vel_x"":1.2,""min_obstacle_dist"":0.25245055666113403,""weight_obstacle"":51.63823747735271,""weight_optimaltime"":0.9799868881702425,""weight_viapoint"":1.0}","{""acc_lim_theta"":0.777529146791337,""acc_lim_x"":0.7920996829379746,""inflation_dist"":0.5509297004550613,""max_vel_theta"":0.9938800029057967,""max_vel_x"":1.2,""min_obstacle_dist"":0.25245055666113403,""weight_obstacle"":51.63823747735271,""weight_optimaltime"":0.9799868881702425,""weight_viapoint"":1.0}",false,,false,NORMAL,,false,,2.4790901392334117,2.536222241618611,-0.045000000000001705,-0.0,-0.004134749218943091,-1.482872997035783e-05,-0.0,-0.007982524436284198,0.0,0.0,0.0,0.0,0.0,0.0,1.289243999053724,25.999999999982037,96.00000000000364,true,
t11_boundary_stress_acceptance,t11_boundary_stress_acceptance-episode-000042,6,7,156.676,156.074,156.078,156.118,156.172,156.672,0,0.45000000000001705,true,,2.4418088314813784,1.9421114170524634,0.08953866555525239,0.6306139985724517,30.0,0.0,25.715933289830254,1.1665919203431727,0.03417931728450623,"[0.8948709964752197,-0.2001311182975769,0.21562325954437256,0.4273642301559448,-0.0894431471824646]","[0.1872251033782959,0.025316834449768066,-0.04521310329437256,0.15847599506378174,-0.14565104246139526]","[1.0,-0.17481428384780884,0.17041015625,0.5858402252197266,-0.23509418964385986]","{""acc_lim_theta"":0.777529146791337,""acc_lim_x"":0.7920996829379746,""inflation_dist"":0.5509297004550613,""max_vel_theta"":0.9938800029057967,""max_vel_x"":1.2,""min_obstacle_dist"":0.25245055666113403,""weight_obstacle"":51.63823747735271,""weight_optimaltime"":0.9799868881702425,""weight_viapoint"":1.0}","{""acc_lim_theta"":0.7788598293204837,""acc_lim_x"":0.7895131499571322,""inflation_dist"":0.5513482947816691,""max_vel_theta"":0.9938800029057967,""max_vel_x"":1.2,""min_obstacle_dist"":0.25181879499977855,""weight_obstacle"":52.42470546418826,""weight_optimaltime"":0.9825185716152193,""weight_viapoint"":1.0}","{""acc_lim_theta"":0.7788598293204837,""acc_lim_x"":0.7895131499571322,""inflation_dist"":0.5513482947816691,""max_vel_theta"":0.9938800029057967,""max_vel_x"":1.2,""min_obstacle_dist"":0.25181879499977855,""weight_obstacle"":52.42470546418826,""weight_optimaltime"":0.9825185716152193,""weight_viapoint"":1.0}","{""acc_lim_theta"":0.7788598293204837,""acc_lim_x"":0.7895131499571322,""inflation_dist"":0.5513482947816691,""max_vel_theta"":0.9938800029057967,""max_vel_x"":1.2,""min_obstacle_dist"":0.25181879499977855,""weight_obstacle"":52.42470546418826,""weight_optimaltime"":0.9825185716152193,""weight_viapoint"":1.0}","{""acc_lim_theta"":0.7788598293204837,""acc_lim_x"":0.7895131499571322,""inflation_dist"":0.5513482947816691,""max_vel_theta"":0.9938800029057967,""max_vel_x"":1.2,""min_obstacle_dist"":0.25181879499977855,""weight_obstacle"":52.42470546418826,""weight_optimaltime"":0.9825185716152193,""weight_viapoint"":1.0}",false,,false,NORMAL,,false,,2.441806359914413,2.498487072144575,-0.045000000000001705,-0.0,-0.008219941841427037,-2.9890804996627273e-05,-0.0,-0.003430879583736739,0.0,0.0,0.0,0.0,0.0,0.0,1.0101279985974543,39.99999999999204,93.99999999999409,true,
t11_boundary_stress_acceptance,t11_boundary_stress_acceptance-episode-000042,7,8,157.274,156.674,156.678,156.704,156.772,157.272,0,0.44999999999998863,true,,1.7638260467443576,1.2759566077151043,0.24590002584969042,0.7461870148645765,30.0,0.0,25.386829636052553,1.181715103070458,0.385601973347645,"[1.0,-0.17481428384780884,0.17041015625,0.5858402252197266,-0.23509418964385986]","[0.18325388431549072,-0.05414235591888428,0.06191730499267578,0.08856475353240967,-0.21669268608093262]","[1.0,-0.22895663976669312,0.23232746124267578,0.6744049787521362,-0.4517868757247925]","{""acc_lim_theta"":0.7788598293204837,""acc_lim_x"":0.7895131499571322,""inflation_dist"":0.5513482947816691,""max_vel_theta"":0.9938800029057967,""max_vel_x"":1.2,""min_obstacle_dist"":0.25181879499977855,""weight_obstacle"":52.42470546418826,""weight_optimaltime"":0.9825185716152193,""weight_viapoint"":1.0}","{""acc_lim_theta"":0.7809348737194184,""acc_lim_x"":0.7883978646478768,""inflation_dist"":0.5507750487379275,""max_vel_theta"":0.9938800029057967,""max_vel_x"":1.2,""min_obstacle_dist"":0.25223425482573003,""weight_obstacle"":53.594775088847676,""weight_optimaltime"":0.9771043360233309,""weight_viapoint"":1.0}","{""acc_lim_theta"":0.7809348737194184,""acc_lim_x"":0.7883978646478768,""inflation_dist"":0.5507750487379275,""max_vel_theta"":0.9938800029057967,""max_vel_x"":1.2,""min_obstacle_dist"":0.25223425482573003,""weight_obstacle"":53.594775088847676,""weight_optimaltime"":0.9771043360233309,""weight_viapoint"":1.0}","{""acc_lim_theta"":0.7809348737194184,""acc_lim_x"":0.7883978646478768,""inflation_dist"":0.5507750487379275,""max_vel_theta"":0.9938800029057967,""max_vel_x"":1.2,""min_obstacle_dist"":0.25223425482573003,""weight_obstacle"":53.594775088847676,""weight_optimaltime"":0.9771043360233309,""weight_viapoint"":1.0}","{""acc_lim_theta"":0.7809348737194184,""acc_lim_x"":0.7883978646478768,""inflation_dist"":0.5507750487379275,""max_vel_theta"":0.9938800029057967,""max_vel_x"":1.2,""min_obstacle_dist"":0.25223425482573003,""weight_obstacle"":53.594775088847676,""weight_optimaltime"":0.9771043360233309,""weight_viapoint"":1.0}",false,,false,NORMAL,,false,,2.3746314943163767,2.4393471951462664,-0.04499999999999887,-0.0,-0.015094384546942962,-7.077897389691635e-05,-0.0,-0.004550537309050816,0.0,0.0,0.0,0.0,0.0,0.0,0.9202199980791193,26.00000000001046,93.99999999999409,true,
t11_boundary_stress_acceptance,t11_boundary_stress_acceptance-episode-000042,8,9,157.922,157.274,157.276,157.304,157.372,157.872,0,0.5,true,,1.1199150029712859,0.6041274360547205,0.16886131254414352,1.1101905015580318,30.0,0.0,33.98558977129092,0.8827270676156481,0.6500211427588604,"[1.0,-0.22895663976669312,0.23232746124267578,0.6744049787521362,-0.4517868757247925]","[0.08777928352355957,-0.09033071994781494,0.11011004447937012,0.10789084434509277,-0.25843656063079834]","[1.0,-0.31928735971450806,0.3424375057220459,0.782295823097229,-0.7102234363555908]","{""acc_lim_theta"":0.7809348737194184,""acc_lim_x"":0.7883978646478768,""inflation_dist"":0.5507750487379275,""max_vel_theta"":0.9938800029057967,""max_vel_x"":1.2,""min_obstacle_dist"":0.25223425482573003,""weight_obstacle"":53.594775088847676,""weight_optimaltime"":0.9771043360233309,""weight_viapoint"":1.0}","{""acc_lim_theta"":0.7887969719797323,""acc_lim_x"":0.7844306802912213,""inflation_dist"":0.55,""max_vel_theta"":0.9938800029057967,""max_vel_x"":1.2,""min_obstacle_dist"":0.25311056454751596,""weight_obstacle"":54.990247981655,""weight_optimaltime"":0.9680712640285494,""weight_viapoint"":1.0}","{""acc_lim_theta"":0.7887969719797323,""acc_lim_x"":0.7844306802912213,""inflation_dist"":0.55,""max_vel_theta"":0.9938800029057967,""max_vel_x"":1.2,""min_obstacle_dist"":0.25311056454751596,""weight_obstacle"":54.990247981655,""weight_optimaltime"":0.9680712640285494,""weight_viapoint"":1.0}","{""acc_lim_theta"":0.7887969719797323,""acc_lim_x"":0.7844306802912213,""inflation_dist"":0.55,""max_vel_theta"":0.9938800029057967,""max_vel_x"":1.2,""min_obstacle_dist"":0.25311056454751596,""weight_obstacle"":54.990247981655,""weight_optimaltime"":0.9680712640285494,""weight_viapoint"":1.0}","{""acc_lim_theta"":0.7887969719797323,""acc_lim_x"":0.7844306802912213,""inflation_dist"":0.55,""max_vel_theta"":0.9938800029057967,""max_vel_x"":1.2,""min_obstacle_dist"":0.25311056454751596,""weight_obstacle"":54.990247981655,""weight_optimaltime"":0.9680712640285494,""weight_viapoint"":1.0}",false,,false,NORMAL,,false,,2.4793603381094638,2.5789378345828267,-0.05,-0.0,-0.01735264336002971,-0.024098005889255425,-0.0,-0.008126847224078372,0.0,0.0,0.0,0.0,0.0,0.0,0.8631170021544676,27.999999999991587,96.00000000000364,true,
t11_boundary_stress_acceptance,t11_boundary_stress_acceptance-episode-000042,9,10,159.272,157.914,157.924,157.956,157.97,158.47,0,0.44999999999998863,true,,0.5179556404945564,0.20762444526916743,0.00889515267763796,0.012676561846947543,30.0,0.0,600.0,0.0,0.0,"[1.0,-0.31928735971450806,0.3424375057220459,0.782295823097229,-0.7102234363555908]","[-0.05648601055145264,-0.17132478952407837,-0.15148311853408813,0.17798113822937012,-0.120236337184906]","[0.9435139894485474,-0.4906121492385864,0.19095438718795776,0.9602769613265991,-0.8304597735404968]","{""acc_lim_theta"":0.7887969719797323,""acc_lim_x"":0.7844306802912213,""inflation_dist"":0.55,""max_vel_theta"":0.9938800029057967,""max_vel_x"":1.2,""min_obstacle_dist"":0.25311056454751596,""weight_obstacle"":54.990247981655,""weight_optimaltime"":0.9680712640285494,""weight_viapoint"":1.0}","{""acc_lim_theta"":0.7997086195647318,""acc_lim_x"":0.7692639689247944,""inflation_dist"":0.5514024689608761,""max_vel_theta"":0.9938800029057967,""max_vel_x"":1.2,""min_obstacle_dist"":0.25,""weight_obstacle"":55.6394848731476,""weight_optimaltime"":0.9509387850761415,""weight_viapoint"":1.0}","{""acc_lim_theta"":0.7997086195647318,""acc_lim_x"":0.7692639689247944,""inflation_dist"":0.5514024689608761,""max_vel_theta"":0.9938800029057967,""max_vel_x"":1.2,""min_obstacle_dist"":0.25,""weight_obstacle"":55.6394848731476,""weight_optimaltime"":0.9509387850761415,""weight_viapoint"":1.0}","{""acc_lim_theta"":0.7997086195647318,""acc_lim_x"":0.7692639689247944,""inflation_dist"":0.5514024689608761,""max_vel_theta"":0.9938800029057967,""max_vel_x"":1.2,""min_obstacle_dist"":0.25,""weight_obstacle"":55.6394848731476,""weight_optimaltime"":0.9509387850761415,""weight_viapoint"":1.0}","{""acc_lim_theta"":0.7997086195647318,""acc_lim_x"":0.7692639689247944,""inflation_dist"":0.5514024689608761,""max_vel_theta"":0.9938800029057967,""max_vel_x"":1.2,""min_obstacle_dist"":0.25,""weight_obstacle"":55.6394848731476,""weight_optimaltime"":0.9509387850761415,""weight_viapoint"":1.0}",false,,false,NORMAL,,false,,11.462651719317531,1.5516559761269448,-0.04499999999999887,-0.0,-0.0093217978005954,-0.021792968461097188,-0.0,-0.012889490547722912,10.0,0.0,0.0,0.0,0.0,0.0,1.327723999565933,31.999999999982265,45.99999999999227,true,
t11_boundary_stress_acceptance,t11_boundary_stress_acceptance-episode-000043,0,1,160.832,160.274,160.278,160.308,160.33,160.83,0,0.4519999999999982,true,,5.733689980680028,5.316755856062673,0.030788510678433252,0.2655949783677791,1.351459842581412,0.5636363636363636,1.1567776011782875,1.1682970358388873,0.44979258438848463,"[0.0,0.0,0.0,0.0,0.0]","[0.15502333641052246,-0.014892280101776123,-0.1296372413635254,-0.0013520121574401855,-0.16582083702087402]","[0.15502333641052246,-0.014892280101776123,-0.1296372413635254,-0.0013520121574401855,-0.16582083702087402]","{""acc_lim_theta"":0.8,""acc_lim_x"":0.8,""inflation_dist"":0.55,""max_vel_theta"":1.0,""max_vel_x"":1.2,""min_obstacle_dist"":0.25,""weight_obstacle"":50.0,""weight_optimaltime"":1.0,""weight_viapoint"":1.0}","{""acc_lim_theta"":0.7992065801881967,""acc_lim_x"":0.8,""inflation_dist"":0.5512002143139471,""max_vel_theta"":1.0,""max_vel_x"":1.2,""min_obstacle_dist"":0.25,""weight_obstacle"":50.89537827991693,""weight_optimaltime"":0.9985107719898224,""weight_viapoint"":1.0}","{""acc_lim_theta"":0.7992065801881967,""acc_lim_x"":0.8,""inflation_dist"":0.5512002143139471,""max_vel_theta"":1.0,""max_vel_x"":1.2,""min_obstacle_dist"":0.25,""weight_obstacle"":50.89537827991693,""weight_optimaltime"":0.9985107719898224,""weight_viapoint"":1.0}","{""acc_lim_theta"":0.7992065801881967,""acc_lim_x"":0.8,""inflation_dist"":0.5512002143139471,""max_vel_theta"":1.0,""max_vel_x"":1.2,""min_obstacle_dist"":0.25,""weight_obstacle"":50.89537827991693,""weight_optimaltime"":0.9985107719898224,""weight_viapoint"":1.0}","{""acc_lim_theta"":0.7992065801881967,""acc_lim_x"":0.8,""inflation_dist"":0.5512002143139471,""max_vel_theta"":1.0,""max_vel_x"":1.2,""min_obstacle_dist"":0.25,""weight_obstacle"":50.89537827991693,""weight_optimaltime"":0.9985107719898224,""weight_viapoint"":1.0}",false,,false,NORMAL,,false,,1.8368122599766006,2.084670623086775,-0.045199999999999824,-0.0,-0.0006837662949319103,-0.19934472132500897,-0.0,-0.0026298754902336578,0.0,0.0,0.0,0.0,0.0,0.0,2.168638002331136,30.000000000001137,52.00000000002092,true,
t11_boundary_stress_acceptance,t11_boundary_stress_acceptance-episode-000043,1,2,160.832,160.832,,,,160.832,0,0.0,true,,5.2721961931175985,5.2721961931175985,0.030788510678433252,0.2655949783677791,1.351459842581412,0.5636363636363636,1.1567776011782875,1.1682970358388873,0.44979258438848463,"[0.15502333641052246,-0.014892280101776123,-0.1296372413635254,-0.0013520121574401855,-0.16582083702087402]","[0.2588869333267212,0.09189534187316895,-0.14466315507888794,0.038192152976989746,0.07685399055480957]","[0.41391026973724365,0.07700306177139282,-0.27430039644241333,0.03684014081954956,-0.08896684646606445]","{""acc_lim_theta"":0.7992065801881967,""acc_lim_x"":0.8,""inflation_dist"":0.5512002143139471,""max_vel_theta"":1.0,""max_vel_x"":1.2,""min_obstacle_dist"":0.25,""weight_obstacle"":50.89537827991693,""weight_optimaltime"":0.9985107719898224,""weight_viapoint"":1.0}","{""acc_lim_theta"":0.787063655805967,""acc_lim_x"":0.8,""inflation_dist"":0.552539542331114,""max_vel_theta"":1.0,""max_vel_x"":1.199484953176342,""min_obstacle_dist"":0.25,""weight_obstacle"":50.48039186986127,""weight_optimaltime"":1.0,""weight_viapoint"":1.0}","{""acc_lim_theta"":0.787063655805967,""acc_lim_x"":0.8,""inflation_dist"":0.552539542331114,""max_vel_theta"":0.9995707943136184,""max_vel_x"":1.199484953176342,""min_obstacle_dist"":0.25,""weight_obstacle"":50.48039186986127,""weight_optimaltime"":1.0,""weight_viapoint"":1.0}","{""acc_lim_theta"":0.4,""acc_lim_x"":0.4,""inflation_dist"":0.9,""max_vel_theta"":0.5,""max_vel_x"":0.6,""min_obstacle_dist"":0.5,""weight_obstacle"":100.0,""weight_optimaltime"":0.5,""weight_viapoint"":2.0}","{""acc_lim_theta"":0.7992065801881967,""acc_lim_x"":0.8,""inflation_dist"":0.5512002143139471,""max_vel_theta"":1.0,""max_vel_x"":1.2,""min_obstacle_dist"":0.25,""weight_obstacle"":50.89537827991693,""weight_optimaltime"":0.9985107719898224,""weight_viapoint"":1.0}",true,max_vel_theta:ackermann_turning_radius,true,NORMAL,margin:emergency|safety_mode:EMERGENCY,false,,0.0,0.0,0.0,0.0,0.0,0.0,0.0,0.0,0.0,0.0,0.0,0.0,0.0,0.0,0.7954830034577753,0.0,0.0,false,safety_emergency_stop
t11_boundary_stress_acceptance,t11_boundary_stress_acceptance-episode-000044,0,1,161.934,161.934,,,,161.934,0,0.0,true,,5.054029307964648,5.054029307964648,0.05441852792379689,0.0015586004915801865,0.382826324512156,0.8675213675213675,1.070657684995784,0.3575618331396589,0.025976674859669785,"[0.0,0.0,0.0,0.0,0.0]","[0.30345845222473145,-0.16811025142669678,-0.6719077229499817,0.3253976106643677,0.9441978931427002]","[0.30345845222473145,-0.16811025142669678,-0.6719077229499817,0.3253976106643677,0.9441978931427002]","{""acc_lim_theta"":0.8,""acc_lim_x"":0.8,""inflation_dist"":0.55,""max_vel_theta"":1.0,""max_vel_x"":1.2,""min_obstacle_dist"":0.25,""weight_obstacle"":50.0,""weight_optimaltime"":1.0,""weight_viapoint"":1.0}","{""acc_lim_theta"":0.7643566873365615,""acc_lim_x"":0.7784757554428942,""inflation_dist"":0.556220691355771,""max_vel_theta"":1.0,""max_vel_x"":1.1432503384690178,""min_obstacle_dist"":0.25,""weight_obstacle"":50.0,""weight_optimaltime"":0.9831889748573304,""weight_viapoint"":1.0}","{""acc_lim_theta"":0.7643566873365615,""acc_lim_x"":0.7784757554428942,""inflation_dist"":0.556220691355771,""max_vel_theta"":0.9527086153908482,""max_vel_x"":1.1432503384690178,""min_obstacle_dist"":0.25,""weight_obstacle"":50.0,""weight_optimaltime"":0.9831889748573304,""weight_viapoint"":1.0}","{""acc_lim_theta"":0.4,""acc_lim_x"":0.4,""inflation_dist"":0.9,""max_vel_theta"":0.5,""max_vel_x"":0.6,""min_obstacle_dist"":0.5,""weight_obstacle"":100.0,""weight_optimaltime"":0.5,""weight_viapoint"":2.0}","{""acc_lim_theta"":0.8,""acc_lim_x"":0.8,""inflation_dist"":0.55,""max_vel_theta"":1.0,""max_vel_x"":1.2,""min_obstacle_dist"":0.25,""weight_obstacle"":50.0,""weight_optimaltime"":1.0,""weight_viapoint"":1.0}",true,max_vel_theta:ackermann_turning_radius,true,NORMAL,margin:emergency|safety_mode:EMERGENCY,false,,0.0,0.0,0.0,0.0,0.0,0.0,0.0,0.0,0.0,0.0,0.0,0.0,0.0,0.0,1.6971440018096473,0.0,0.0,false,safety_emergency_stop
