run_id,episode_id,step_id,config_seq,t_observation,t_decision,t_request,t_ack,t_active,t_window_end,planner_cycle_count,valid_feedback_duration,state_valid,invalid_reason,goal_distance_start,goal_distance_end,path_error_mean,path_heading_error_mean,d_obs_min,obstacle_density_mean,ttc_min,linear_velocity_mean,angular_velocity_mean,eta_before_json,action_raw_json,eta_after_json,theta_previous_json,theta_candidate_json,theta_projected_json,theta_safe_json,theta_applied_json,projection_modified,projection_reason,safety_modified,safety_mode,safety_reason,fallback_active,fallback_reason,reward_total,reward_progress,reward_time,reward_near_obstacle,reward_path_error,reward_smoothness,reward_planner_failure,reward_parameter_adjustment,reward_terminal,cost_collision,cost_near_collision,cost_parameter_violation,cost_planner_failure,cost_emergency_or_fallback,inference_latency,parameter_write_latency,parameter_activation_latency,transition_stored,transition_drop_reason
t12p_residual_seed102,t12p_residual_seed102-episode-000001,0,1,2.732,2.134,2.134,2.16,2.182,2.682,0,0.5,true,,5.191820721651336,4.810072657366916,0.11650926112294699,0.37877228056001105,1.2664534811038313,1.0,1.7377126256990176,0.7288049027061559,-0.6073044220506698,,"[0.11635863780975342,0.1456083059310913,0.0444951057434082,-0.1511661410331726,-0.173553466796875]",,"{""acc_lim_theta"":0.8,""acc_lim_x"":0.8,""inflation_dist"":0.55,""max_vel_theta"":1.0,""max_vel_x"":1.2,""min_obstacle_dist"":0.25,""weight_obstacle"":50.0,""weight_optimaltime"":1.0,""weight_viapoint"":1.0}","{""acc_lim_theta"":0.5994091844927875,""acc_lim_x"":0.6027109596749276,""inflation_dist"":0.7248990730036232,""max_vel_theta"":0.75,""max_vel_x"":0.9057944539779617,""min_obstacle_dist"":0.37599749370601376,""weight_obstacle"":75.24599713723308,""weight_optimaltime"":0.7531851816922426,""weight_viapoint"":2.5}","{""acc_lim_theta"":0.7000000000000001,""acc_lim_x"":0.7000000000000001,""inflation_dist"":0.6000000000000001,""max_vel_theta"":0.9,""max_vel_x"":1.0999999999999999,""min_obstacle_dist"":0.3,""weight_obstacle"":60.0,""weight_optimaltime"":0.9,""weight_viapoint"":1.5}","{""acc_lim_theta"":0.7000000000000001,""acc_lim_x"":0.7000000000000001,""inflation_dist"":0.6000000000000001,""max_vel_theta"":0.9,""max_vel_x"":1.0999999999999999,""min_obstacle_dist"":0.3,""weight_obstacle"":60.0,""weight_optimaltime"":0.9,""weight_viapoint"":1.5}","{""acc_lim_theta"":0.7000000000000001,""acc_lim_x"":0.7000000000000001,""inflation_dist"":0.6000000000000001,""max_vel_theta"":0.9,""max_vel_x"":1.0999999999999999,""min_obstacle_dist"":0.3,""weight_obstacle"":60.0,""weight_optimaltime"":0.9,""weight_viapoint"":1.5}",true,max_vel_x:rate_limit|max_vel_theta:rate_limit|acc_lim_x:rate_limit|acc_lim_theta:rate_limit|min_obstacle_dist:rate_limit|inflation_dist:rate_limit|weight_obstacle:rate_limit|weight_viapoint:rate_limit|weight_optimaltime:rate_limit,false,NORMAL,,false,,1.5619986518953264,1.9087403214220977,-0.05,-0.0,-0.00220267167744651,-0.11691995023027708,-0.0,-0.17761904761904765,0.0,0.0,0.0,1.0,0.0,0.0,1.008778010145761,26.000000000000245,48.00000000000004,true,
t12p_residual_seed102,t12p_residual_seed102-episode-000001,1,2,3.332,2.714,2.734,2.762,2.782,3.282,0,0.5,true,,4.742896990575311,4.415114553970967,0.015353400201319319,0.6342269551115867,0.8138120362829765,1.0,0.8581488001205643,0.948334410266193,-0.243548360434117,,"[0.4201226234436035,0.6040600538253784,-0.05859053134918213,-0.3551701307296753,-0.023190677165985107]",,"{""acc_lim_theta"":0.7000000000000001,""acc_lim_x"":0.7000000000000001,""inflation_dist"":0.6000000000000001,""max_vel_theta"":0.9,""max_vel_x"":1.0999999999999999,""min_obstacle_dist"":0.3,""weight_obstacle"":60.0,""weight_optimaltime"":0.9,""weight_viapoint"":1.5}","{""acc_lim_theta"":0.5994091844927875,""acc_lim_x"":0.6027109596749276,""inflation_dist"":0.7248990730036232,""max_vel_theta"":0.75,""max_vel_x"":0.9057944539779617,""min_obstacle_dist"":0.37599749370601376,""weight_obstacle"":75.24599713723308,""weight_optimaltime"":0.7531851816922426,""weight_viapoint"":2.5}","{""acc_lim_theta"":0.6000000000000001,""acc_lim_x"":0.6027109596749276,""inflation_dist"":0.6500000000000001,""max_vel_theta"":0.8,""max_vel_x"":0.9999999999999999,""min_obstacle_dist"":0.35,""weight_obstacle"":70.0,""weight_optimaltime"":0.8,""weight_viapoint"":2.0}","{""acc_lim_theta"":0.6000000000000001,""acc_lim_x"":0.6027109596749276,""inflation_dist"":0.6500000000000001,""max_vel_theta"":0.8,""max_vel_x"":0.9999999999999999,""min_obstacle_dist"":0.35,""weight_obstacle"":70.0,""weight_optimaltime"":0.8,""weight_viapoint"":2.0}","{""acc_lim_theta"":0.6000000000000001,""acc_lim_x"":0.6027109596749276,""inflation_dist"":0.6500000000000001,""max_vel_theta"":0.8,""max_vel_x"":0.9999999999999999,""min_obstacle_dist"":0.35,""weight_obstacle"":70.0,""weight_optimaltime"":0.8,""weight_viapoint"":2.0}",true,max_vel_x:rate_limit|max_vel_theta:rate_limit|acc_lim_theta:rate_limit|min_obstacle_dist:rate_limit|inflation_dist:rate_limit|weight_obstacle:rate_limit|weight_viapoint:rate_limit|weight_optimaltime:rate_limit,false,WARNING,margin:warning|safety_mode:WARNING:conservative_filter,false,,1.3605245475719785,1.638912183021719,-0.05,-0.0,-0.0044107009464110425,-0.04703562680301398,-0.0,-0.17694130770031574,0.0,0.0,0.0,1.0,0.0,0.0,1.220609003212303,28.000000000000025,48.00000000000004,true,
t12p_residual_seed102,t12p_residual_seed102-episode-000001,2,3,3.932,3.314,3.334,3.352,3.382,3.882,0,0.5,true,,4.3432051812893295,4.05128008630467,0.041333176490017776,0.745808837580096,0.612964764305104,1.0,0.7112663741614278,0.8617935369541125,-0.08629635064299163,,"[0.3456594944000244,0.6877824068069458,-0.09004831314086914,-0.3358684778213501,-0.36344796419143677]",,"{""acc_lim_theta"":0.6000000000000001,""acc_lim_x"":0.6027109596749276,""inflation_dist"":0.6500000000000001,""max_vel_theta"":0.8,""max_vel_x"":0.9999999999999999,""min_obstacle_dist"":0.35,""weight_obstacle"":70.0,""weight_optimaltime"":0.8,""weight_viapoint"":2.0}","{""acc_lim_theta"":0.5994091844927875,""acc_lim_x"":0.6027109596749276,""inflation_dist"":0.7248990730036232,""max_vel_theta"":0.75,""max_vel_x"":0.9057944539779617,""min_obstacle_dist"":0.37599749370601376,""weight_obstacle"":75.24599713723308,""weight_optimaltime"":0.7531851816922426,""weight_viapoint"":2.5}","{""acc_lim_theta"":0.5994091844927875,""acc_lim_x"":0.6027109596749276,""inflation_dist"":0.7000000000000002,""max_vel_theta"":0.75,""max_vel_x"":0.9057944539779617,""min_obstacle_dist"":0.37599749370601376,""weight_obstacle"":75.24599713723308,""weight_optimaltime"":0.7531851816922426,""weight_viapoint"":2.5}","{""acc_lim_theta"":0.5994091844927875,""acc_lim_x"":0.6027109596749276,""inflation_dist"":0.7000000000000002,""max_vel_theta"":0.75,""max_vel_x"":0.9057944539779617,""min_obstacle_dist"":0.37599749370601376,""weight_obstacle"":75.24599713723308,""weight_optimaltime"":0.7531851816922426,""weight_viapoint"":2.5}","{""acc_lim_theta"":0.5994091844927875,""acc_lim_x"":0.6027109596749276,""inflation_dist"":0.7000000000000002,""max_vel_theta"":0.75,""max_vel_x"":0.9057944539779617,""min_obstacle_dist"":0.37599749370601376,""weight_obstacle"":75.24599713723308,""weight_optimaltime"":0.7531851816922426,""weight_viapoint"":2.5}",true,inflation_dist:rate_limit,false,WARNING,margin:warning|safety_mode:WARNING:conservative_filter,false,,1.3139847144395327,1.4596254749232962,-0.05,-0.0,-0.00015363128075340993,-0.0084321646183962,-0.0,-0.08705496458461366,0.0,0.0,0.0,1.0,0.0,0.0,1.2439249985618517,17.999999999999794,48.00000000000004,true,
t12p_residual_seed102,t12p_residual_seed102-episode-000001,3,4,4.53,3.914,3.934,3.95,3.98,4.48,0,0.5000000000000004,true,,3.9984987705870987,3.752286896262197,0.11307784820762505,0.7249636372821106,0.49677461809413703,1.0,0.5645892019261782,0.8798868564955159,0.18412723984548482,,"[0.18314027786254883,0.39324259757995605,0.38921117782592773,-0.420307993888855,-0.39310604333877563]",,"{""acc_lim_theta"":0.5994091844927875,""acc_lim_x"":0.6027109596749276,""inflation_dist"":0.7000000000000002,""max_vel_theta"":0.75,""max_vel_x"":0.9057944539779617,""min_obstacle_dist"":0.37599749370601376,""weight_obstacle"":75.24599713723308,""weight_optimaltime"":0.7531851816922426,""weight_viapoint"":2.5}","{""acc_lim_theta"":0.5994091844927875,""acc_lim_x"":0.6027109596749276,""inflation_dist"":0.7248990730036232,""max_vel_theta"":0.75,""max_vel_x"":0.9057944539779617,""min_obstacle_dist"":0.37599749370601376,""weight_obstacle"":75.24599713723308,""weight_optimaltime"":0.7531851816922426,""weight_viapoint"":2.5}","{""acc_lim_theta"":0.5994091844927875,""acc_lim_x"":0.6027109596749276,""inflation_dist"":0.7248990730036232,""max_vel_theta"":0.75,""max_vel_x"":0.9057944539779617,""min_obstacle_dist"":0.37599749370601376,""weight_obstacle"":75.24599713723308,""weight_optimaltime"":0.7531851816922426,""weight_viapoint"":2.5}","{""acc_lim_theta"":0.5994091844927875,""acc_lim_x"":0.6027109596749276,""inflation_dist"":0.7248990730036232,""max_vel_theta"":0.75,""max_vel_x"":0.9057944539779617,""min_obstacle_dist"":0.37599749370601376,""weight_obstacle"":75.24599713723308,""weight_optimaltime"":0.7531851816922426,""weight_viapoint"":2.5}","{""acc_lim_theta"":0.5994091844927875,""acc_lim_x"":0.6027109596749276,""inflation_dist"":0.7248990730036232,""max_vel_theta"":0.75,""max_vel_x"":0.9057944539779617,""min_obstacle_dist"":0.37599749370601376,""weight_obstacle"":75.24599713723308,""weight_optimaltime"":0.7531851816922426,""weight_viapoint"":2.5}",false,,false,WARNING,margin:warning|safety_mode:WARNING:conservative_filter,false,,1.1585528090363402,1.2310593716245077,-0.050000000000000044,-0.012878810861974966,-0.0023356232806741625,-0.0001781075873404318,-0.0,-0.007114020858178013,0.0,0.0,0.0,0.0,0.0,0.0,1.2105019995942712,16.000000000000014,45.999999999999815,true,
t12p_residual_seed102,t12p_residual_seed102-episode-000001,4,5,5.132,4.526,4.53,4.548,4.582,5.082,0,0.5,true,,3.7049204095372765,3.4598902314315705,0.027357361096707934,0.530684211360527,0.48416288952072684,1.0,0.6030443696895398,0.8746891469462443,0.4555083047821359,,"[0.14642548561096191,0.05103003978729248,0.6315555572509766,-0.6649452447891235,-0.4558038115501404]",,"{""acc_lim_theta"":0.5994091844927875,""acc_lim_x"":0.6027109596749276,""inflation_dist"":0.7248990730036232,""max_vel_theta"":0.75,""max_vel_x"":0.9057944539779617,""min_obstacle_dist"":0.37599749370601376,""weight_obstacle"":75.24599713723308,""weight_optimaltime"":0.7531851816922426,""weight_viapoint"":2.5}","{""acc_lim_theta"":0.5994293698724351,""acc_lim_x"":0.6027292648487067,""inflation_dist"":0.7245770825319818,""max_vel_theta"":0.75,""max_vel_x"":0.9056956063459297,""min_obstacle_dist"":0.3763050955052702,""weight_obstacle"":75.22751841208274,""weight_optimaltime"":0.7508995741523499,""weight_viapoint"":2.5}","{""acc_lim_theta"":0.5994293698724351,""acc_lim_x"":0.6027292648487067,""inflation_dist"":0.7245770825319818,""max_vel_theta"":0.75,""max_vel_x"":0.9056956063459297,""min_obstacle_dist"":0.3763050955052702,""weight_obstacle"":75.22751841208274,""weight_optimaltime"":0.7508995741523499,""weight_viapoint"":2.5}","{""acc_lim_theta"":0.5994293698724351,""acc_lim_x"":0.6027292648487067,""inflation_dist"":0.7248990730036232,""max_vel_theta"":0.75,""max_vel_x"":0.9056956063459297,""min_obstacle_dist"":0.3763050955052702,""weight_obstacle"":75.24599713723308,""weight_optimaltime"":0.7508995741523499,""weight_viapoint"":2.5}","{""acc_lim_theta"":0.5994293698724351,""acc_lim_x"":0.6027292648487067,""inflation_dist"":0.7248990730036232,""max_vel_theta"":0.75,""max_vel_x"":0.9056956063459297,""min_obstacle_dist"":0.3763050955052702,""weight_obstacle"":75.24599713723308,""weight_optimaltime"":0.7508995741523499,""weight_viapoint"":2.5}",false,,true,WARNING,margin:warning|safety_mode:WARNING:conservative_filter,false,,1.133203038718701,1.2251508905285302,-0.05,-0.02870704832648111,-0.012336265591041055,-0.00029827842093049794,-0.0,-0.000606259471376458,0.0,0.0,0.0,0.0,0.0,0.0,0.7228419999592006,17.999999999999794,51.9999999999996,true,
t12p_residual_seed102,t12p_residual_seed102-episode-000001,5,6,5.732,5.114,5.14,5.14,5.182,5.682,0,0.5,true,,3.407635400165335,3.116321409382561,0.2459771396872459,0.20111056106478875,0.48416288952072684,1.0,0.7864469915703933,0.8667377578846727,0.6631186806415047,,"[0.2026827335357666,0.4103301763534546,0.616229772567749,-0.5762292146682739,-0.10426199436187744]",,"{""acc_lim_theta"":0.5994293698724351,""acc_lim_x"":0.6027292648487067,""inflation_dist"":0.7248990730036232,""max_vel_theta"":0.75,""max_vel_x"":0.9056956063459297,""min_obstacle_dist"":0.3763050955052702,""weight_obstacle"":75.24599713723308,""weight_optimaltime"":0.7508995741523499,""weight_viapoint"":2.5}","{""acc_lim_theta"":0.5994293698724351,""acc_lim_x"":0.6027292648487067,""inflation_dist"":0.7245770825319818,""max_vel_theta"":0.75,""max_vel_x"":0.9056956063459297,""min_obstacle_dist"":0.3763050955052702,""weight_obstacle"":75.22751841208274,""weight_optimaltime"":0.7508995741523499,""weight_viapoint"":2.5}","{""acc_lim_theta"":0.5994293698724351,""acc_lim_x"":0.6027292648487067,""inflation_dist"":0.7245770825319818,""max_vel_theta"":0.75,""max_vel_x"":0.9056956063459297,""min_obstacle_dist"":0.3763050955052702,""weight_obstacle"":75.22751841208274,""weight_optimaltime"":0.7508995741523499,""weight_viapoint"":2.5}","{""acc_lim_theta"":0.5994293698724351,""acc_lim_x"":0.6027292648487067,""inflation_dist"":0.7248990730036232,""max_vel_theta"":0.75,""max_vel_x"":0.9056956063459297,""min_obstacle_dist"":0.3763050955052702,""weight_obstacle"":75.24599713723308,""weight_optimaltime"":0.7508995741523499,""weight_viapoint"":2.5}","{""acc_lim_theta"":0.5994293698724351,""acc_lim_x"":0.6027292648487067,""inflation_dist"":0.7248990730036232,""max_vel_theta"":0.75,""max_vel_x"":0.9056956063459297,""min_obstacle_dist"":0.3763050955052702,""weight_obstacle"":75.24599713723308,""weight_optimaltime"":0.7508995741523499,""weight_viapoint"":2.5}",false,,true,WARNING,margin:warning|safety_mode:WARNING:conservative_filter,false,,1.3928635224607968,1.456569953913871,-0.05,-0.0016128486778476691,-0.011975778673035932,-0.00011780410219043745,-0.0,-0.0,0.0,0.0,0.0,0.0,0.0,0.0,7.883646001573652,0.0,42.0000000000007,true,
t12p_residual_seed102,t12p_residual_seed102-episode-000001,6,7,6.282,5.714,5.734,5.734,5.78,6.28,0,0.4500000000000002,true,,3.0511521373211625,2.7357031746990117,0.05647564492030026,0.15189005973261316,0.48416288952072684,1.0,0.8238681031979085,0.8725336032610369,0.6034657464113787,,"[0.04876148700714111,0.4823949337005615,0.6567716598510742,-0.3595110774040222,-0.19531941413879395]",,"{""acc_lim_theta"":0.5994293698724351,""acc_lim_x"":0.6027292648487067,""inflation_dist"":0.7248990730036232,""max_vel_theta"":0.75,""max_vel_x"":0.9056956063459297,""min_obstacle_dist"":0.3763050955052702,""weight_obstacle"":75.24599713723308,""weight_optimaltime"":0.7508995741523499,""weight_viapoint"":2.5}","{""acc_lim_theta"":0.5994293698724351,""acc_lim_x"":0.6027292648487067,""inflation_dist"":0.7245770825319818,""max_vel_theta"":0.75,""max_vel_x"":0.9056956063459297,""min_obstacle_dist"":0.3763050955052702,""weight_obstacle"":75.22751841208274,""weight_optimaltime"":0.7508995741523499,""weight_viapoint"":2.5}","{""acc_lim_theta"":0.5994293698724351,""acc_lim_x"":0.6027292648487067,""inflation_dist"":0.7245770825319818,""max_vel_theta"":0.75,""max_vel_x"":0.9056956063459297,""min_obstacle_dist"":0.3763050955052702,""weight_obstacle"":75.22751841208274,""weight_optimaltime"":0.7508995741523499,""weight_viapoint"":2.5}","{""acc_lim_theta"":0.5994293698724351,""acc_lim_x"":0.6027292648487067,""inflation_dist"":0.7248990730036232,""max_vel_theta"":0.75,""max_vel_x"":0.9056956063459297,""min_obstacle_dist"":0.3763050955052702,""weight_obstacle"":75.24599713723308,""weight_optimaltime"":0.7508995741523499,""weight_viapoint"":2.5}","{""acc_lim_theta"":0.5994293698724351,""acc_lim_x"":0.6027292648487067,""inflation_dist"":0.7248990730036232,""max_vel_theta"":0.75,""max_vel_x"":0.9056956063459297,""min_obstacle_dist"":0.3763050955052702,""weight_obstacle"":75.24599713723308,""weight_optimaltime"":0.7508995741523499,""weight_viapoint"":2.5}",false,,true,WARNING,margin:warning|safety_mode:WARNING:conservative_filter,false,,1.5093332461000417,1.5772448131107542,-0.04500000000000002,-0.0,-0.022283157039917397,-0.0006284099707951768,-0.0,-0.0,0.0,0.0,0.0,0.0,0.0,0.0,1.2319450033828616,0.0,46.00000000000026,true,
t12p_residual_seed102,t12p_residual_seed102-episode-000001,7,8,6.932,6.28,6.284,6.284,6.382,6.882,0,0.5,true,,2.610383126610608,2.1975312691186777,0.15940520807133013,0.5821395722499934,0.48416288952072684,1.0,0.6477765072714052,0.8658874147577316,0.6038212509353308,,"[0.07853186130523682,0.24342334270477295,0.6159902811050415,-0.31105566024780273,-0.2279043197631836]",,"{""acc_lim_theta"":0.5994293698724351,""acc_lim_x"":0.6027292648487067,""inflation_dist"":0.7248990730036232,""max_vel_theta"":0.75,""max_vel_x"":0.9056956063459297,""min_obstacle_dist"":0.3763050955052702,""weight_obstacle"":75.24599713723308,""weight_optimaltime"":0.7508995741523499,""weight_viapoint"":2.5}","{""acc_lim_theta"":0.5994293698724351,""acc_lim_x"":0.6027292648487067,""inflation_dist"":0.7245770825319818,""max_vel_theta"":0.75,""max_vel_x"":0.9056956063459297,""min_obstacle_dist"":0.3763050955052702,""weight_obstacle"":75.22751841208274,""weight_optimaltime"":0.7508995741523499,""weight_viapoint"":2.5}","{""acc_lim_theta"":0.5994293698724351,""acc_lim_x"":0.6027292648487067,""inflation_dist"":0.7245770825319818,""max_vel_theta"":0.75,""max_vel_x"":0.9056956063459297,""min_obstacle_dist"":0.3763050955052702,""weight_obstacle"":75.22751841208274,""weight_optimaltime"":0.7508995741523499,""weight_viapoint"":2.5}","{""acc_lim_theta"":0.5994293698724351,""acc_lim_x"":0.6027292648487067,""inflation_dist"":0.7248990730036232,""max_vel_theta"":0.75,""max_vel_x"":0.9056956063459297,""min_obstacle_dist"":0.3763050955052702,""weight_obstacle"":75.24599713723308,""weight_optimaltime"":0.7508995741523499,""weight_viapoint"":2.5}","{""acc_lim_theta"":0.5994293698724351,""acc_lim_x"":0.6027292648487067,""inflation_dist"":0.7248990730036232,""max_vel_theta"":0.75,""max_vel_x"":0.9056956063459297,""min_obstacle_dist"":0.3763050955052702,""weight_obstacle"":75.24599713723308,""weight_optimaltime"":0.7508995741523499,""weight_viapoint"":2.5}",false,,true,WARNING,margin:warning|safety_mode:WARNING:conservative_filter,false,,2.002936821211455,2.064259287459651,-0.05,-5.596583659347065e-05,-0.009574222579559333,-0.0016922778320435034,-0.0,-0.0,0.0,0.0,0.0,0.0,0.0,0.0,1.0917960025835782,0.0,97.99999999999986,true,
t12p_residual_seed102,t12p_residual_seed102-episode-000001,8,9,7.482,6.914,6.934,6.952,6.98,7.48,0,0.4500000000000002,true,,2.1113041291104255,1.7597497384540195,0.03790327779411171,0.8490902493039331,0.4794289530741597,1.0,0.6481405131988268,0.7396990981291857,0.367649700790304,,"[-0.053231775760650635,0.5535024404525757,0.6724749803543091,-0.2599738836288452,-0.3548441529273987]",,"{""acc_lim_theta"":0.5994293698724351,""acc_lim_x"":0.6027292648487067,""inflation_dist"":0.7248990730036232,""max_vel_theta"":0.75,""max_vel_x"":0.9056956063459297,""min_obstacle_dist"":0.3763050955052702,""weight_obstacle"":75.24599713723308,""weight_optimaltime"":0.7508995741523499,""weight_viapoint"":2.5}","{""acc_lim_theta"":0.6000760350940244,""acc_lim_x"":0.6044581394841795,""inflation_dist"":0.724190555144704,""max_vel_theta"":0.75,""max_vel_x"":0.9073017039851872,""min_obstacle_dist"":0.37816089022392435,""weight_obstacle"":75.3325800238485,""weight_optimaltime"":0.7545924726103371,""weight_viapoint"":2.5}","{""acc_lim_theta"":0.6000760350940244,""acc_lim_x"":0.6044581394841795,""inflation_dist"":0.724190555144704,""max_vel_theta"":0.75,""max_vel_x"":0.9073017039851872,""min_obstacle_dist"":0.37816089022392435,""weight_obstacle"":75.3325800238485,""weight_optimaltime"":0.7545924726103371,""weight_viapoint"":2.5}","{""acc_lim_theta"":0.6000760350940244,""acc_lim_x"":0.6044581394841795,""inflation_dist"":0.7248990730036232,""max_vel_theta"":0.75,""max_vel_x"":0.9056956063459297,""min_obstacle_dist"":0.37816089022392435,""weight_obstacle"":75.3325800238485,""weight_optimaltime"":0.7545924726103371,""weight_viapoint"":2.5}","{""acc_lim_theta"":0.6000760350940244,""acc_lim_x"":0.6044581394841795,""inflation_dist"":0.7248990730036232,""max_vel_theta"":0.75,""max_vel_x"":0.9056956063459297,""min_obstacle_dist"":0.37816089022392435,""weight_obstacle"":75.3325800238485,""weight_optimaltime"":0.7545924726103371,""weight_viapoint"":2.5}",false,,true,WARNING,margin:warning|safety_mode:WARNING:conservative_filter,false,,1.6785966299652835,1.7577719532820302,-0.04500000000000002,-0.016387026281338438,-0.0019993492131764323,-0.01354099950567654,-0.0,-0.0022479483165554676,0.0,0.0,0.0,0.0,0.0,0.0,1.5661329962313175,17.999999999999794,46.00000000000026,true,
t12p_residual_seed102,t12p_residual_seed102-episode-000001,9,10,8.082,7.48,7.486,7.486,7.58,8.08,0,0.4500000000000002,true,,1.6524812988833464,1.364336642568363,0.045420522399344895,0.9611026064276256,0.4794289530741597,1.0,0.7688101764733952,0.6810003978897704,0.06227101460128197,,"[-0.03784292936325073,0.6710934638977051,0.636652946472168,-0.08548814058303833,-0.4102925658226013]",,"{""acc_lim_theta"":0.6000760350940244,""acc_lim_x"":0.6044581394841795,""inflation_dist"":0.7248990730036232,""max_vel_theta"":0.75,""max_vel_x"":0.9056956063459297,""min_obstacle_dist"":0.37816089022392435,""weight_obstacle"":75.3325800238485,""weight_optimaltime"":0.7545924726103371,""weight_viapoint"":2.5}","{""acc_lim_theta"":0.6000760350940244,""acc_lim_x"":0.6044581394841795,""inflation_dist"":0.724190555144704,""max_vel_theta"":0.75,""max_vel_x"":0.9073017039851872,""min_obstacle_dist"":0.37816089022392435,""weight_obstacle"":75.3325800238485,""weight_optimaltime"":0.7545924726103371,""weight_viapoint"":2.5}","{""acc_lim_theta"":0.6000760350940244,""acc_lim_x"":0.6044581394841795,""inflation_dist"":0.724190555144704,""max_vel_theta"":0.75,""max_vel_x"":0.9073017039851872,""min_obstacle_dist"":0.37816089022392435,""weight_obstacle"":75.3325800238485,""weight_optimaltime"":0.7545924726103371,""weight_viapoint"":2.5}","{""acc_lim_theta"":0.6000760350940244,""acc_lim_x"":0.6044581394841795,""inflation_dist"":0.7248990730036232,""max_vel_theta"":0.75,""max_vel_x"":0.9056956063459297,""min_obstacle_dist"":0.37816089022392435,""weight_obstacle"":75.3325800238485,""weight_optimaltime"":0.7545924726103371,""weight_viapoint"":2.5}","{""acc_lim_theta"":0.6000760350940244,""acc_lim_x"":0.6044581394841795,""inflation_dist"":0.7248990730036232,""max_vel_theta"":0.75,""max_vel_x"":0.9056956063459297,""min_obstacle_dist"":0.37816089022392435,""weight_obstacle"":75.3325800238485,""weight_optimaltime"":0.7545924726103371,""weight_viapoint"":2.5}",false,,true,WARNING,margin:warning|safety_mode:WARNING:conservative_filter,false,,1.3470402216682034,1.4407232815749171,-0.04500000000000002,-0.027194596991379816,-0.0031528599105991066,-0.0183356030047347,-0.0,-0.0,0.0,0.0,0.0,0.0,0.0,0.0,3.998843996669166,0.0,94.00000000000031,true,
t12p_residual_seed102,t12p_residual_seed102-episode-000001,10,11,8.68,8.078,8.084,8.084,8.178,8.678,0,0.45000000000000107,true,,1.2573920813435024,0.9191692832613402,0.17658693825038335,0.7557638224223632,0.4794289530741597,1.0,0.6679186770186908,0.881082211978628,-0.6208550856037357,,"[-0.12975287437438965,0.6673550605773926,0.6183850765228271,-0.10290998220443726,-0.5181066989898682]",,"{""acc_lim_theta"":0.6000760350940244,""acc_lim_x"":0.6044581394841795,""inflation_dist"":0.7248990730036232,""max_vel_theta"":0.75,""max_vel_x"":0.9056956063459297,""min_obstacle_dist"":0.37816089022392435,""weight_obstacle"":75.3325800238485,""weight_optimaltime"":0.7545924726103371,""weight_viapoint"":2.5}","{""acc_lim_theta"":0.6000760350940244,""acc_lim_x"":0.6044581394841795,""inflation_dist"":0.724190555144704,""max_vel_theta"":0.75,""max_vel_x"":0.9073017039851872,""min_obstacle_dist"":0.37816089022392435,""weight_obstacle"":75.3325800238485,""weight_optimaltime"":0.7545924726103371,""weight_viapoint"":2.5}","{""acc_lim_theta"":0.6000760350940244,""acc_lim_x"":0.6044581394841795,""inflation_dist"":0.724190555144704,""max_vel_theta"":0.75,""max_vel_x"":0.9073017039851872,""min_obstacle_dist"":0.37816089022392435,""weight_obstacle"":75.3325800238485,""weight_optimaltime"":0.7545924726103371,""weight_viapoint"":2.5}","{""acc_lim_theta"":0.6000760350940244,""acc_lim_x"":0.6044581394841795,""inflation_dist"":0.7248990730036232,""max_vel_theta"":0.75,""max_vel_x"":0.9056956063459297,""min_obstacle_dist"":0.37816089022392435,""weight_obstacle"":75.3325800238485,""weight_optimaltime"":0.7545924726103371,""weight_viapoint"":2.5}","{""acc_lim_theta"":0.6000760350940244,""acc_lim_x"":0.6044581394841795,""inflation_dist"":0.7248990730036232,""max_vel_theta"":0.75,""max_vel_x"":0.9056956063459297,""min_obstacle_dist"":0.37816089022392435,""weight_obstacle"":75.3325800238485,""weight_optimaltime"":0.7545924726103371,""weight_viapoint"":2.5}",false,,true,WARNING,margin:warning|safety_mode:WARNING:conservative_filter,false,,1.6293063826465743,1.6911139904108112,-0.04500000000000011,-0.00492076101148007,-0.007264151364027302,-0.004622695388729311,-0.0,-0.0,0.0,0.0,0.0,0.0,0.0,0.0,0.8090799965430051,0.0,94.0000000000012,true,
t12p_residual_seed102,t12p_residual_seed102-episode-000001,11,12,10.588,8.678,8.68,8.68,8.778,9.278,0,0.5,true,,0.7877871595661734,0.3884688586937695,0.006995263804405387,0.023888535792210647,0.4794289530741597,0.7627118644067796,28.485284554375802,0.0,0.0,,"[-0.058536529541015625,0.47245192527770996,0.6895780563354492,-0.3242102265357971,-0.5605493187904358]",,"{""acc_lim_theta"":0.6000760350940244,""acc_lim_x"":0.6044581394841795,""inflation_dist"":0.7248990730036232,""max_vel_theta"":0.75,""max_vel_x"":0.9056956063459297,""min_obstacle_dist"":0.37816089022392435,""weight_obstacle"":75.3325800238485,""weight_optimaltime"":0.7545924726103371,""weight_viapoint"":2.5}","{""acc_lim_theta"":0.6000760350940244,""acc_lim_x"":0.6044581394841795,""inflation_dist"":0.724190555144704,""max_vel_theta"":0.75,""max_vel_x"":0.9073017039851872,""min_obstacle_dist"":0.37816089022392435,""weight_obstacle"":75.3325800238485,""weight_optimaltime"":0.7545924726103371,""weight_viapoint"":2.5}","{""acc_lim_theta"":0.6000760350940244,""acc_lim_x"":0.6044581394841795,""inflation_dist"":0.724190555144704,""max_vel_theta"":0.75,""max_vel_x"":0.9073017039851872,""min_obstacle_dist"":0.37816089022392435,""weight_obstacle"":75.3325800238485,""weight_optimaltime"":0.7545924726103371,""weight_viapoint"":2.5}","{""acc_lim_theta"":0.6000760350940244,""acc_lim_x"":0.6044581394841795,""inflation_dist"":0.7248990730036232,""max_vel_theta"":0.75,""max_vel_x"":0.9056956063459297,""min_obstacle_dist"":0.37816089022392435,""weight_obstacle"":75.3325800238485,""weight_optimaltime"":0.7545924726103371,""weight_viapoint"":2.5}","{""acc_lim_theta"":0.6000760350940244,""acc_lim_x"":0.6044581394841795,""inflation_dist"":0.7248990730036232,""max_vel_theta"":0.75,""max_vel_x"":0.9056956063459297,""min_obstacle_dist"":0.37816089022392435,""weight_obstacle"":75.3325800238485,""weight_optimaltime"":0.7545924726103371,""weight_viapoint"":2.5}",false,,true,WARNING,margin:warning|safety_mode:WARNING:conservative_filter,false,,11.923376852412595,1.9965915043620195,-0.05,-5.329711991503339e-05,-0.012859555214417057,-0.010301799615093345,-0.0,-0.0,10.0,0.0,0.0,0.0,0.0,0.0,0.646032000076957,0.0,98.00000000000075,true,
t12p_residual_seed102,t12p_residual_seed102-episode-000002,0,1,12.076,11.534,11.538,11.556000000000001,11.574,12.074,0,0.4499999999999993,true,,5.776673210044734,5.393939627172261,0.08744056714320642,0.27106043555884046,1.4623620741787704,0.0,1.3690947041371102,1.0681233882213015,0.4662193597193567,,"[0.17490220069885254,0.15711140632629395,-0.024382174015045166,-0.30475807189941406,-0.21834611892700195]",,"{""acc_lim_theta"":0.8,""acc_lim_x"":0.8,""inflation_dist"":0.55,""max_vel_theta"":1.0,""max_vel_x"":1.2,""min_obstacle_dist"":0.25,""weight_obstacle"":50.0,""weight_optimaltime"":1.0,""weight_viapoint"":1.0}","{""acc_lim_theta"":0.5983936111199646,""acc_lim_x"":0.6040147977297481,""inflation_dist"":0.7250553053992649,""max_vel_theta"":0.75,""max_vel_x"":0.908462732090747,""min_obstacle_dist"":0.37565023379566176,""weight_obstacle"":75.30948687556246,""weight_optimaltime"":0.7534368120133876,""weight_viapoint"":2.5}","{""acc_lim_theta"":0.7000000000000001,""acc_lim_x"":0.7000000000000001,""inflation_dist"":0.6000000000000001,""max_vel_theta"":0.9,""max_vel_x"":1.0999999999999999,""min_obstacle_dist"":0.3,""weight_obstacle"":60.0,""weight_optimaltime"":0.9,""weight_viapoint"":1.5}","{""acc_lim_theta"":0.7000000000000001,""acc_lim_x"":0.7000000000000001,""inflation_dist"":0.6000000000000001,""max_vel_theta"":0.9,""max_vel_x"":1.0999999999999999,""min_obstacle_dist"":0.3,""weight_obstacle"":60.0,""weight_optimaltime"":0.9,""weight_viapoint"":1.5}","{""acc_lim_theta"":0.7000000000000001,""acc_lim_x"":0.7000000000000001,""inflation_dist"":0.6000000000000001,""max_vel_theta"":0.9,""max_vel_x"":1.0999999999999999,""min_obstacle_dist"":0.3,""weight_obstacle"":60.0,""weight_optimaltime"":0.9,""weight_viapoint"":1.5}",true,max_vel_x:rate_limit|max_vel_theta:rate_limit|acc_lim_x:rate_limit|acc_lim_theta:rate_limit|min_obstacle_dist:rate_limit|inflation_dist:rate_limit|weight_obstacle:rate_limit|weight_viapoint:rate_limit|weight_optimaltime:rate_limit,false,NORMAL,,false,,1.520805279958042,1.9136679143623647,-0.04499999999999993,-0.0,-0.0008633513166427611,-0.1693802354686324,-0.0,-0.17761904761904765,0.0,0.0,0.0,1.0,0.0,0.0,3.2036719931056723,18.000000000000682,35.99999999999959,true,
t12p_residual_seed102,t12p_residual_seed102-episode-000002,1,2,12.725999999999999,12.074,12.078,12.098,12.176,12.676,0,0.5,true,,5.232039914206296,4.800239000017205,0.047463879198441486,0.4563864242243356,0.8797652617901458,0.9705882352941176,0.9087811266854158,0.9680716686964009,0.18127805950401799,,"[0.33529043197631836,0.6319015026092529,-0.1048046350479126,-0.16211766004562378,-0.16494041681289673]",,"{""acc_lim_theta"":0.7000000000000001,""acc_lim_x"":0.7000000000000001,""inflation_dist"":0.6000000000000001,""max_vel_theta"":0.9,""max_vel_x"":1.0999999999999999,""min_obstacle_dist"":0.3,""weight_obstacle"":60.0,""weight_optimaltime"":0.9,""weight_viapoint"":1.5}","{""acc_lim_theta"":0.5983936111199646,""acc_lim_x"":0.6040147977297481,""inflation_dist"":0.7250553053992649,""max_vel_theta"":0.75,""max_vel_x"":0.908462732090747,""min_obstacle_dist"":0.37565023379566176,""weight_obstacle"":75.30948687556246,""weight_optimaltime"":0.7534368120133876,""weight_viapoint"":2.5}","{""acc_lim_theta"":0.6000000000000001,""acc_lim_x"":0.6040147977297481,""inflation_dist"":0.6500000000000001,""max_vel_theta"":0.8,""max_vel_x"":0.9999999999999999,""min_obstacle_dist"":0.35,""weight_obstacle"":70.0,""weight_optimaltime"":0.8,""weight_viapoint"":2.0}","{""acc_lim_theta"":0.6000000000000001,""acc_lim_x"":0.6040147977297481,""inflation_dist"":0.6500000000000001,""max_vel_theta"":0.8,""max_vel_x"":0.9999999999999999,""min_obstacle_dist"":0.35,""weight_obstacle"":70.0,""weight_optimaltime"":0.8,""weight_viapoint"":2.0}","{""acc_lim_theta"":0.6000000000000001,""acc_lim_x"":0.6040147977297481,""inflation_dist"":0.6500000000000001,""max_vel_theta"":0.8,""max_vel_x"":0.9999999999999999,""min_obstacle_dist"":0.35,""weight_obstacle"":70.0,""weight_optimaltime"":0.8,""weight_viapoint"":2.0}",true,max_vel_x:rate_limit|max_vel_theta:rate_limit|acc_lim_theta:rate_limit|min_obstacle_dist:rate_limit|inflation_dist:rate_limit|weight_obstacle:rate_limit|weight_viapoint:rate_limit|weight_optimaltime:rate_limit,false,WARNING,margin:warning|safety_mode:WARNING:conservative_filter,false,,1.9198535517026154,2.159004570945453,-0.05,-0.0,-0.0024844945803804176,-0.0100511764758466,-0.0,-0.17661534818661062,0.0,0.0,0.0,1.0,0.0,0.0,1.2945439957547933,20.00000000000135,98.00000000000075,true,
t12p_residual_seed102,t12p_residual_seed102-episode-000002,2,3,13.326,12.714,12.725999999999999,12.744,12.776,13.276,0,0.5,true,,4.718106482987268,4.365967462216239,0.1353768834012706,0.5256743276991619,0.6787611671170954,0.9880952380952381,0.7761481251248351,0.8745252937484375,-0.0013376415538528675,,"[-0.05353200435638428,0.7901721000671387,-0.08124661445617676,0.04311490058898926,-0.3250637650489807]",,"{""acc_lim_theta"":0.6000000000000001,""acc_lim_x"":0.6040147977297481,""inflation_dist"":0.6500000000000001,""max_vel_theta"":0.8,""max_vel_x"":0.9999999999999999,""min_obstacle_dist"":0.35,""weight_obstacle"":70.0,""weight_optimaltime"":0.8,""weight_viapoint"":2.0}","{""acc_lim_theta"":0.5983936111199646,""acc_lim_x"":0.6040147977297481,""inflation_dist"":0.7250553053992649,""max_vel_theta"":0.75,""max_vel_x"":0.908462732090747,""min_obstacle_dist"":0.37565023379566176,""weight_obstacle"":75.30948687556246,""weight_optimaltime"":0.7534368120133876,""weight_viapoint"":2.5}","{""acc_lim_theta"":0.5983936111199646,""acc_lim_x"":0.6040147977297481,""inflation_dist"":0.7000000000000002,""max_vel_theta"":0.75,""max_vel_x"":0.908462732090747,""min_obstacle_dist"":0.37565023379566176,""weight_obstacle"":75.30948687556246,""weight_optimaltime"":0.7534368120133876,""weight_viapoint"":2.5}","{""acc_lim_theta"":0.5983936111199646,""acc_lim_x"":0.6040147977297481,""inflation_dist"":0.7000000000000002,""max_vel_theta"":0.75,""max_vel_x"":0.908462732090747,""min_obstacle_dist"":0.37565023379566176,""weight_obstacle"":75.30948687556246,""weight_optimaltime"":0.7534368120133876,""weight_viapoint"":2.5}","{""acc_lim_theta"":0.5983936111199646,""acc_lim_x"":0.6040147977297481,""inflation_dist"":0.7000000000000002,""max_vel_theta"":0.75,""max_vel_x"":0.908462732090747,""min_obstacle_dist"":0.37565023379566176,""weight_obstacle"":75.30948687556246,""weight_optimaltime"":0.7534368120133876,""weight_viapoint"":2.5}",true,inflation_dist:rate_limit,false,WARNING,margin:warning|safety_mode:WARNING:conservative_filter,false,,1.6120536171171613,1.7606951038551433,-0.05,-0.0,-0.0038851414935901756,-0.00795445088708092,-0.0,-0.08680189435731078,0.0,0.0,0.0,1.0,0.0,0.0,0.8583140006521717,18.000000000000682,50.00000000000071,true,
t12p_residual_seed102,t12p_residual_seed102-episode-000002,3,4,13.878,13.314,13.326,13.344,13.376,13.876,0,0.4499999999999993,true,,4.29888577078026,4.007697368452735,0.22516738149235563,0.4595075330566086,0.559019752564475,1.0,0.6346931091510585,0.8807717375602182,-0.23432631781047775,,"[0.4009298086166382,0.7729406356811523,0.16215598583221436,-0.16072392463684082,-0.25942152738571167]",,"{""acc_lim_theta"":0.5983936111199646,""acc_lim_x"":0.6040147977297481,""inflation_dist"":0.7000000000000002,""max_vel_theta"":0.75,""max_vel_x"":0.908462732090747,""min_obstacle_dist"":0.37565023379566176,""weight_obstacle"":75.30948687556246,""weight_optimaltime"":0.7534368120133876,""weight_viapoint"":2.5}","{""acc_lim_theta"":0.5983936111199646,""acc_lim_x"":0.6040147977297481,""inflation_dist"":0.7250553053992649,""max_vel_theta"":0.75,""max_vel_x"":0.908462732090747,""min_obstacle_dist"":0.37565023379566176,""weight_obstacle"":75.30948687556246,""weight_optimaltime"":0.7534368120133876,""weight_viapoint"":2.5}","{""acc_lim_theta"":0.5983936111199646,""acc_lim_x"":0.6040147977297481,""inflation_dist"":0.7250553053992649,""max_vel_theta"":0.75,""max_vel_x"":0.908462732090747,""min_obstacle_dist"":0.37565023379566176,""weight_obstacle"":75.30948687556246,""weight_optimaltime"":0.7534368120133876,""weight_viapoint"":2.5}","{""acc_lim_theta"":0.5983936111199646,""acc_lim_x"":0.6040147977297481,""inflation_dist"":0.7250553053992649,""max_vel_theta"":0.75,""max_vel_x"":0.908462732090747,""min_obstacle_dist"":0.37565023379566176,""weight_obstacle"":75.30948687556246,""weight_optimaltime"":0.7534368120133876,""weight_viapoint"":2.5}","{""acc_lim_theta"":0.5983936111199646,""acc_lim_x"":0.6040147977297481,""inflation_dist"":0.7250553053992649,""max_vel_theta"":0.75,""max_vel_x"":0.908462732090747,""min_obstacle_dist"":0.37565023379566176,""weight_obstacle"":75.30948687556246,""weight_optimaltime"":0.7534368120133876,""weight_viapoint"":2.5}",false,,false,WARNING,margin:warning|safety_mode:WARNING:conservative_filter,false,,1.3933235935311048,1.4559420116376254,-0.04499999999999993,-0.0002752553115752028,-0.010159352184477395,-2.515192496378606e-05,-0.0,-0.007158658685504202,0.0,0.0,0.0,0.0,0.0,0.0,0.8882789989002049,17.999999999998906,49.999999999998934,true,
t12p_residual_seed102,t12p_residual_seed102-episode-000002,4,5,14.475999999999999,13.874,13.88,13.898,13.974,14.474,0,0.45000000000000107,true,,3.900817216965135,3.5937314094157866,0.07748585608931678,0.21786503854364966,0.5282330057041387,1.0,0.6182632685104252,0.8733170192627723,-0.47151667108481193,,"[0.07862687110900879,0.5529179573059082,0.44877779483795166,-0.6946391463279724,-0.39291101694107056]",,"{""acc_lim_theta"":0.5983936111199646,""acc_lim_x"":0.6040147977297481,""inflation_dist"":0.7250553053992649,""max_vel_theta"":0.75,""max_vel_x"":0.908462732090747,""min_obstacle_dist"":0.37565023379566176,""weight_obstacle"":75.30948687556246,""weight_optimaltime"":0.7534368120133876,""weight_viapoint"":2.5}","{""acc_lim_theta"":0.5991417304024131,""acc_lim_x"":0.6042383002751861,""inflation_dist"":0.7246883651962723,""max_vel_theta"":0.75,""max_vel_x"":0.9064595804084559,""min_obstacle_dist"":0.3768587876069694,""weight_obstacle"":75.24057537683782,""weight_optimaltime"":0.7545472613588802,""weight_viapoint"":2.5}","{""acc_lim_theta"":0.5991417304024131,""acc_lim_x"":0.6042383002751861,""inflation_dist"":0.7246883651962723,""max_vel_theta"":0.75,""max_vel_x"":0.9064595804084559,""min_obstacle_dist"":0.3768587876069694,""weight_obstacle"":75.24057537683782,""weight_optimaltime"":0.7545472613588802,""weight_viapoint"":2.5}","{""acc_lim_theta"":0.5991417304024131,""acc_lim_x"":0.6042383002751861,""inflation_dist"":0.7250553053992649,""max_vel_theta"":0.75,""max_vel_x"":0.9064595804084559,""min_obstacle_dist"":0.3768587876069694,""weight_obstacle"":75.30948687556246,""weight_optimaltime"":0.7545472613588802,""weight_viapoint"":2.5}","{""acc_lim_theta"":0.5991417304024131,""acc_lim_x"":0.6042383002751861,""inflation_dist"":0.7250553053992649,""max_vel_theta"":0.75,""max_vel_x"":0.9064595804084559,""min_obstacle_dist"":0.3768587876069694,""weight_obstacle"":75.30948687556246,""weight_optimaltime"":0.7545472613588802,""weight_viapoint"":2.5}",false,,true,WARNING,margin:warning|safety_mode:WARNING:conservative_filter,false,,1.4453100086308532,1.5354290377467428,-0.04500000000000011,-0.008854677299905217,-0.034965216403217377,-1.6859948458295083e-05,-0.0,-0.001282275464308395,0.0,0.0,0.0,0.0,0.0,0.0,1.1151340004289523,17.999999999998906,93.99999999999942,true,
t12p_residual_seed102,t12p_residual_seed102-episode-000002,5,6,15.124,14.474,14.475999999999999,14.475999999999999,14.574,15.074,0,0.5,true,,3.4745997843756915,3.0877937293552176,0.1874515699794341,0.026858460375690105,0.5282330057041387,1.0,0.6995221622589534,0.8745847038035819,-0.26725181187898034,,"[0.3510441780090332,0.43163299560546875,0.6000218391418457,-0.4776045083999634,-0.49817955493927]",,"{""acc_lim_theta"":0.5991417304024131,""acc_lim_x"":0.6042383002751861,""inflation_dist"":0.7250553053992649,""max_vel_theta"":0.75,""max_vel_x"":0.9064595804084559,""min_obstacle_dist"":0.3768587876069694,""weight_obstacle"":75.30948687556246,""weight_optimaltime"":0.7545472613588802,""weight_viapoint"":2.5}","{""acc_lim_theta"":0.5991417304024131,""acc_lim_x"":0.6042383002751861,""inflation_dist"":0.7246883651962723,""max_vel_theta"":0.75,""max_vel_x"":0.9064595804084559,""min_obstacle_dist"":0.3768587876069694,""weight_obstacle"":75.24057537683782,""weight_optimaltime"":0.7545472613588802,""weight_viapoint"":2.5}","{""acc_lim_theta"":0.5991417304024131,""acc_lim_x"":0.6042383002751861,""inflation_dist"":0.7246883651962723,""max_vel_theta"":0.75,""max_vel_x"":0.9064595804084559,""min_obstacle_dist"":0.3768587876069694,""weight_obstacle"":75.24057537683782,""weight_optimaltime"":0.7545472613588802,""weight_viapoint"":2.5}","{""acc_lim_theta"":0.5991417304024131,""acc_lim_x"":0.6042383002751861,""inflation_dist"":0.7250553053992649,""max_vel_theta"":0.75,""max_vel_x"":0.9064595804084559,""min_obstacle_dist"":0.3768587876069694,""weight_obstacle"":75.30948687556246,""weight_optimaltime"":0.7545472613588802,""weight_viapoint"":2.5}","{""acc_lim_theta"":0.5991417304024131,""acc_lim_x"":0.6042383002751861,""inflation_dist"":0.7250553053992649,""max_vel_theta"":0.75,""max_vel_x"":0.9064595804084559,""min_obstacle_dist"":0.3768587876069694,""weight_obstacle"":75.30948687556246,""weight_optimaltime"":0.7545472613588802,""weight_viapoint"":2.5}",false,,true,WARNING,margin:warning|safety_mode:WARNING:conservative_filter,false,,1.8731555999587282,1.9340302751023697,-0.05,-0.0009827133475414996,-0.009873680690080183,-1.8281106019775102e-05,-0.0,-0.0,0.0,0.0,0.0,0.0,0.0,0.0,1.012737993733026,0.0,98.00000000000075,true,
t12p_residual_seed102,t12p_residual_seed102-episode-000002,6,7,15.724,15.114,15.126,15.126,15.174,15.674,0,0.5,true,,3.008602469965308,2.616174008473601,0.11899302756626297,0.21215350226834515,0.5282330057041387,1.0,0.6537983985429292,0.874604247154549,-0.5387470239139549,,"[0.3699166774749756,0.37047553062438965,0.2843369245529175,-0.6630415320396423,-0.41903555393218994]",,"{""acc_lim_theta"":0.5991417304024131,""acc_lim_x"":0.6042383002751861,""inflation_dist"":0.7250553053992649,""max_vel_theta"":0.75,""max_vel_x"":0.9064595804084559,""min_obstacle_dist"":0.3768587876069694,""weight_obstacle"":75.30948687556246,""weight_optimaltime"":0.7545472613588802,""weight_viapoint"":2.5}","{""acc_lim_theta"":0.5991417304024131,""acc_lim_x"":0.6042383002751861,""inflation_dist"":0.7246883651962723,""max_vel_theta"":0.75,""max_vel_x"":0.9064595804084559,""min_obstacle_dist"":0.3768587876069694,""weight_obstacle"":75.24057537683782,""weight_optimaltime"":0.7545472613588802,""weight_viapoint"":2.5}","{""acc_lim_theta"":0.5991417304024131,""acc_lim_x"":0.6042383002751861,""inflation_dist"":0.7246883651962723,""max_vel_theta"":0.75,""max_vel_x"":0.9064595804084559,""min_obstacle_dist"":0.3768587876069694,""weight_obstacle"":75.24057537683782,""weight_optimaltime"":0.7545472613588802,""weight_viapoint"":2.5}","{""acc_lim_theta"":0.5991417304024131,""acc_lim_x"":0.6042383002751861,""inflation_dist"":0.7250553053992649,""max_vel_theta"":0.75,""max_vel_x"":0.9064595804084559,""min_obstacle_dist"":0.3768587876069694,""weight_obstacle"":75.30948687556246,""weight_optimaltime"":0.7545472613588802,""weight_viapoint"":2.5}","{""acc_lim_theta"":0.5991417304024131,""acc_lim_x"":0.6042383002751861,""inflation_dist"":0.7250553053992649,""max_vel_theta"":0.75,""max_vel_x"":0.9064595804084559,""min_obstacle_dist"":0.3768587876069694,""weight_obstacle"":75.30948687556246,""weight_optimaltime"":0.7545472613588802,""weight_viapoint"":2.5}",false,,true,WARNING,margin:warning|safety_mode:WARNING:conservative_filter,false,,1.8941370272772435,1.9621423074585342,-0.05,-5.9534065361385544e-05,-0.01791426963374075,-3.147648218865459e-05,-0.0,-0.0,0.0,0.0,0.0,0.0,0.0,0.0,0.9613599977456033,0.0,48.00000000000004,true,
t12p_residual_seed102,t12p_residual_seed102-episode-000002,7,8,16.324,15.714,15.724,15.724,15.774000000000001,16.274,0,0.5,true,,2.515036613061266,2.0825974596360526,0.18248185170855952,0.5069710021973488,0.5282330057041387,1.0,0.6381048051842633,0.8707297131532974,-0.37197424730411005,,"[0.3248082399368286,0.21199917793273926,0.028626441955566406,-0.6669745445251465,-0.4940321445465088]",,"{""acc_lim_theta"":0.5991417304024131,""acc_lim_x"":0.6042383002751861,""inflation_dist"":0.7250553053992649,""max_vel_theta"":0.75,""max_vel_x"":0.9064595804084559,""min_obstacle_dist"":0.3768587876069694,""weight_obstacle"":75.30948687556246,""weight_optimaltime"":0.7545472613588802,""weight_viapoint"":2.5}","{""acc_lim_theta"":0.5991417304024131,""acc_lim_x"":0.6042383002751861,""inflation_dist"":0.7246883651962723,""max_vel_theta"":0.75,""max_vel_x"":0.9064595804084559,""min_obstacle_dist"":0.3768587876069694,""weight_obstacle"":75.24057537683782,""weight_optimaltime"":0.7545472613588802,""weight_viapoint"":2.5}","{""acc_lim_theta"":0.5991417304024131,""acc_lim_x"":0.6042383002751861,""inflation_dist"":0.7246883651962723,""max_vel_theta"":0.75,""max_vel_x"":0.9064595804084559,""min_obstacle_dist"":0.3768587876069694,""weight_obstacle"":75.24057537683782,""weight_optimaltime"":0.7545472613588802,""weight_viapoint"":2.5}","{""acc_lim_theta"":0.5991417304024131,""acc_lim_x"":0.6042383002751861,""inflation_dist"":0.7250553053992649,""max_vel_theta"":0.75,""max_vel_x"":0.9064595804084559,""min_obstacle_dist"":0.3768587876069694,""weight_obstacle"":75.30948687556246,""weight_optimaltime"":0.7545472613588802,""weight_viapoint"":2.5}","{""acc_lim_theta"":0.5991417304024131,""acc_lim_x"":0.6042383002751861,""inflation_dist"":0.7250553053992649,""max_vel_theta"":0.75,""max_vel_x"":0.9064595804084559,""min_obstacle_dist"":0.3768587876069694,""weight_obstacle"":75.30948687556246,""weight_optimaltime"":0.7545472613588802,""weight_viapoint"":2.5}",false,,true,WARNING,margin:warning|safety_mode:WARNING:conservative_filter,false,,2.091658654070388,2.162195767126067,-0.05,-0.00626027867669848,-0.014238426310319187,-3.8408068661745135e-05,-0.0,-0.0,0.0,0.0,0.0,0.0,0.0,0.0,0.8006360003491864,0.0,50.00000000000071,true,
t12p_residual_seed102,t12p_residual_seed102-episode-000002,8,9,16.924,16.314,16.328,16.348,16.374,16.874,0,0.5,true,,1.9955293605891704,1.563631969883452,0.01200541728890561,0.6501691241850795,0.5282330057041387,1.0,0.7457076062535225,0.8677134880146252,-0.09866160205551783,,"[0.28072571754455566,0.2986103296279907,-0.007260620594024658,-0.48238039016723633,-0.4358368515968323]",,"{""acc_lim_theta"":0.5991417304024131,""acc_lim_x"":0.6042383002751861,""inflation_dist"":0.7250553053992649,""max_vel_theta"":0.75,""max_vel_x"":0.9064595804084559,""min_obstacle_dist"":0.3768587876069694,""weight_obstacle"":75.30948687556246,""weight_optimaltime"":0.7545472613588802,""weight_viapoint"":2.5}","{""acc_lim_theta"":0.598819936558241,""acc_lim_x"":0.6049367388678191,""inflation_dist"":0.7248016030266934,""max_vel_theta"":0.75,""max_vel_x"":0.9091183601280586,""min_obstacle_dist"":0.3766823929509595,""weight_obstacle"":75.35431279114754,""weight_optimaltime"":0.755055690410288,""weight_viapoint"":2.5}","{""acc_lim_theta"":0.598819936558241,""acc_lim_x"":0.6049367388678191,""inflation_dist"":0.7248016030266934,""max_vel_theta"":0.75,""max_vel_x"":0.9091183601280586,""min_obstacle_dist"":0.3766823929509595,""weight_obstacle"":75.35431279114754,""weight_optimaltime"":0.755055690410288,""weight_viapoint"":2.5}","{""acc_lim_theta"":0.598819936558241,""acc_lim_x"":0.6049367388678191,""inflation_dist"":0.7250553053992649,""max_vel_theta"":0.75,""max_vel_x"":0.9064595804084559,""min_obstacle_dist"":0.3768587876069694,""weight_obstacle"":75.35431279114754,""weight_optimaltime"":0.755055690410288,""weight_viapoint"":2.5}","{""acc_lim_theta"":0.598819936558241,""acc_lim_x"":0.6049367388678191,""inflation_dist"":0.7250553053992649,""max_vel_theta"":0.75,""max_vel_x"":0.9064595804084559,""min_obstacle_dist"":0.3768587876069694,""weight_obstacle"":75.35431279114754,""weight_optimaltime"":0.755055690410288,""weight_viapoint"":2.5}",false,,true,WARNING,margin:warning|safety_mode:WARNING:conservative_filter,false,,2.103024178133088,2.1594869535285923,-0.05,-0.0019156929950495366,-0.004092931505839316,-7.755143962968302e-06,-0.0,-0.0004463957506530076,0.0,0.0,0.0,0.0,0.0,0.0,2.7913609956158325,19.999999999999574,45.999999999999375,true,
t12p_residual_seed102,t12p_residual_seed102-episode-000002,9,10,17.524,16.914,16.926,16.926,16.974,17.474,0,0.5,true,,1.4781672475361152,1.0691010673148533,0.015085665443103599,0.624984325672254,0.5282330057041387,0.9863013698630136,0.9387219362911541,0.8967802589399257,0.2016833472240162,,"[0.3783532381057739,-0.055205464363098145,-0.08652836084365845,-0.5737185478210449,-0.42370855808258057]",,"{""acc_lim_theta"":0.598819936558241,""acc_lim_x"":0.6049367388678191,""inflation_dist"":0.7250553053992649,""max_vel_theta"":0.75,""max_vel_x"":0.9064595804084559,""min_obstacle_dist"":0.3768587876069694,""weight_obstacle"":75.35431279114754,""weight_optimaltime"":0.755055690410288,""weight_viapoint"":2.5}","{""acc_lim_theta"":0.598819936558241,""acc_lim_x"":0.6049367388678191,""inflation_dist"":0.7248016030266934,""max_vel_theta"":0.75,""max_vel_x"":0.9091183601280586,""min_obstacle_dist"":0.3766823929509595,""weight_obstacle"":75.35431279114754,""weight_optimaltime"":0.755055690410288,""weight_viapoint"":2.5}","{""acc_lim_theta"":0.598819936558241,""acc_lim_x"":0.6049367388678191,""inflation_dist"":0.7248016030266934,""max_vel_theta"":0.75,""max_vel_x"":0.9091183601280586,""min_obstacle_dist"":0.3766823929509595,""weight_obstacle"":75.35431279114754,""weight_optimaltime"":0.755055690410288,""weight_viapoint"":2.5}","{""acc_lim_theta"":0.598819936558241,""acc_lim_x"":0.6049367388678191,""inflation_dist"":0.7250553053992649,""max_vel_theta"":0.75,""max_vel_x"":0.9064595804084559,""min_obstacle_dist"":0.3768587876069694,""weight_obstacle"":75.35431279114754,""weight_optimaltime"":0.755055690410288,""weight_viapoint"":2.5}","{""acc_lim_theta"":0.598819936558241,""acc_lim_x"":0.6049367388678191,""inflation_dist"":0.7250553053992649,""max_vel_theta"":0.75,""max_vel_x"":0.9064595804084559,""min_obstacle_dist"":0.3768587876069694,""weight_obstacle"":75.35431279114754,""weight_optimaltime"":0.755055690410288,""weight_viapoint"":2.5}",false,,true,WARNING,margin:warning|safety_mode:WARNING:conservative_filter,false,,1.9938629000816603,2.0453309011063094,-0.05,-0.0,-0.001413876573936543,-5.4124450712564823e-05,-0.0,-0.0,0.0,0.0,0.0,0.0,0.0,0.0,0.980116004939191,0.0,48.00000000000182,true,
t12p_residual_seed102,t12p_residual_seed102-episode-000002,10,11,19.582,17.514,17.526,17.526,17.572,18.072,0,0.5,true,,0.9819908245058468,0.5675502236162905,0.007850046847845309,0.004889720748224051,0.5282330057041387,0.0,35.221453450478414,0.0,0.0,,"[0.37015533447265625,-0.02883470058441162,0.007543087005615234,-0.6376507878303528,-0.2432858943939209]",,"{""acc_lim_theta"":0.598819936558241,""acc_lim_x"":0.6049367388678191,""inflation_dist"":0.7250553053992649,""max_vel_theta"":0.75,""max_vel_x"":0.9064595804084559,""min_obstacle_dist"":0.3768587876069694,""weight_obstacle"":75.35431279114754,""weight_optimaltime"":0.755055690410288,""weight_viapoint"":2.5}","{""acc_lim_theta"":0.598819936558241,""acc_lim_x"":0.6049367388678191,""inflation_dist"":0.7248016030266934,""max_vel_theta"":0.75,""max_vel_x"":0.9091183601280586,""min_obstacle_dist"":0.3766823929509595,""weight_obstacle"":75.35431279114754,""weight_optimaltime"":0.755055690410288,""weight_viapoint"":2.5}","{""acc_lim_theta"":0.598819936558241,""acc_lim_x"":0.6049367388678191,""inflation_dist"":0.7248016030266934,""max_vel_theta"":0.75,""max_vel_x"":0.9091183601280586,""min_obstacle_dist"":0.3766823929509595,""weight_obstacle"":75.35431279114754,""weight_optimaltime"":0.755055690410288,""weight_viapoint"":2.5}","{""acc_lim_theta"":0.598819936558241,""acc_lim_x"":0.6049367388678191,""inflation_dist"":0.7250553053992649,""max_vel_theta"":0.75,""max_vel_x"":0.9064595804084559,""min_obstacle_dist"":0.3768587876069694,""weight_obstacle"":75.35431279114754,""weight_optimaltime"":0.755055690410288,""weight_viapoint"":2.5}","{""acc_lim_theta"":0.598819936558241,""acc_lim_x"":0.6049367388678191,""inflation_dist"":0.7250553053992649,""max_vel_theta"":0.75,""max_vel_x"":0.9064595804084559,""min_obstacle_dist"":0.3768587876069694,""weight_obstacle"":75.35431279114754,""weight_optimaltime"":0.755055690410288,""weight_viapoint"":2.5}",false,,true,WARNING,margin:warning|safety_mode:WARNING:conservative_filter,false,,12.01745789152978,2.0722030044477817,-0.05,-0.0,-0.0015784765792707892,-0.0031666363387319848,-0.0,-0.0,10.0,0.0,0.0,0.0,0.0,0.0,2.3948779999045655,0.0,45.999999999999375,true,
t12p_residual_seed102,t12p_residual_seed102-episode-000003,0,1,21.084,20.534,20.536,20.562,20.582,21.082,0,0.4499999999999993,true,,4.989751590068552,4.577596427392316,0.04957772225985117,0.001082065590297923,0.31816784722478153,0.9003623188405797,0.3033741041821715,1.0738167510756558,0.002972562823520743,,"[0.44064927101135254,-0.15822833776474,-0.7980697751045227,-0.21955746412277222,0.9704333543777466]",,"{""acc_lim_theta"":0.8,""acc_lim_x"":0.8,""inflation_dist"":0.55,""max_vel_theta"":1.0,""max_vel_x"":1.2,""min_obstacle_dist"":0.25,""weight_obstacle"":50.0,""weight_optimaltime"":1.0,""weight_viapoint"":1.0}","{""acc_lim_theta"":0.5976423326922216,""acc_lim_x"":0.5999964672490341,""inflation_dist"":0.7253620478430363,""max_vel_theta"":0.75,""max_vel_x"":0.8968346106920707,""min_obstacle_dist"":0.3739007239764707,""weight_obstacle"":74.7248988090433,""weight_optimaltime"":0.7493077510222792,""weight_viapoint"":2.5}","{""acc_lim_theta"":0.7000000000000001,""acc_lim_x"":0.7000000000000001,""inflation_dist"":0.6000000000000001,""max_vel_theta"":0.9,""max_vel_x"":1.0999999999999999,""min_obstacle_dist"":0.3,""weight_obstacle"":60.0,""weight_optimaltime"":0.9,""weight_viapoint"":1.5}","{""acc_lim_theta"":0.7000000000000001,""acc_lim_x"":0.7000000000000001,""inflation_dist"":0.6000000000000001,""max_vel_theta"":0.9,""max_vel_x"":1.0999999999999999,""min_obstacle_dist"":0.3,""weight_obstacle"":60.0,""weight_optimaltime"":0.9,""weight_viapoint"":1.5}","{""acc_lim_theta"":0.7000000000000001,""acc_lim_x"":0.7000000000000001,""inflation_dist"":0.6000000000000001,""max_vel_theta"":0.9,""max_vel_x"":1.0999999999999999,""min_obstacle_dist"":0.3,""weight_obstacle"":60.0,""weight_optimaltime"":0.9,""weight_viapoint"":1.5}",true,max_vel_x:rate_limit|max_vel_theta:rate_limit|acc_lim_x:rate_limit|acc_lim_theta:rate_limit|min_obstacle_dist:rate_limit|inflation_dist:rate_limit|weight_obstacle:rate_limit|weight_viapoint:rate_limit|weight_optimaltime:rate_limit,false,WARNING,margin:warning|safety_mode:WARNING:conservative_filter,false,,1.4877056343422344,2.0607758133811815,-0.04499999999999993,-0.19192042472431675,-0.0011476770879850886,-0.15738302960759806,-0.0,-0.17761904761904765,0.0,0.0,0.0,1.0,0.0,0.0,1.1396059999242425,25.9999999999998,45.999999999999375,true,
t12p_residual_seed102,t12p_residual_seed102-episode-000003,1,2,21.736,21.082,21.088,21.108,21.186,21.686,0,0.5,true,,4.403168267217745,3.904194556864238,0.049746611444889635,0.0026038152196631117,0.3142746525369959,0.9131886477462438,0.3314479869412313,0.9787929938322936,-0.0032324532889225002,,"[0.30468618869781494,0.26131105422973633,-0.81760573387146,-0.3553317189216614,0.9473223686218262]",,"{""acc_lim_theta"":0.7000000000000001,""acc_lim_x"":0.7000000000000001,""inflation_dist"":0.6000000000000001,""max_vel_theta"":0.9,""max_vel_x"":1.0999999999999999,""min_obstacle_dist"":0.3,""weight_obstacle"":60.0,""weight_optimaltime"":0.9,""weight_viapoint"":1.5}","{""acc_lim_theta"":0.5976423326922216,""acc_lim_x"":0.5999964672490341,""inflation_dist"":0.7253620478430363,""max_vel_theta"":0.75,""max_vel_x"":0.8968346106920707,""min_obstacle_dist"":0.3739007239764707,""weight_obstacle"":74.7248988090433,""weight_optimaltime"":0.7493077510222792,""weight_viapoint"":2.5}","{""acc_lim_theta"":0.6000000000000001,""acc_lim_x"":0.6000000000000001,""inflation_dist"":0.6500000000000001,""max_vel_theta"":0.8,""max_vel_x"":0.9999999999999999,""min_obstacle_dist"":0.35,""weight_obstacle"":70.0,""weight_optimaltime"":0.8,""weight_viapoint"":2.0}","{""acc_lim_theta"":0.6000000000000001,""acc_lim_x"":0.6000000000000001,""inflation_dist"":0.6500000000000001,""max_vel_theta"":0.8,""max_vel_x"":0.9999999999999999,""min_obstacle_dist"":0.35,""weight_obstacle"":70.0,""weight_optimaltime"":0.8,""weight_viapoint"":2.0}","{""acc_lim_theta"":0.6000000000000001,""acc_lim_x"":0.6000000000000001,""inflation_dist"":0.6500000000000001,""max_vel_theta"":0.8,""max_vel_x"":0.9999999999999999,""min_obstacle_dist"":0.35,""weight_obstacle"":70.0,""weight_optimaltime"":0.8,""weight_viapoint"":2.0}",true,max_vel_x:rate_limit|max_vel_theta:rate_limit|acc_lim_x:rate_limit|acc_lim_theta:rate_limit|min_obstacle_dist:rate_limit|inflation_dist:rate_limit|weight_obstacle:rate_limit|weight_viapoint:rate_limit|weight_optimaltime:rate_limit,false,WARNING,margin:warning|safety_mode:WARNING:conservative_filter,false,,2.0382183422706097,2.494868551767533,-0.05,-0.21761188034190926,-0.0012324270994842285,-0.01018685443648188,-0.0,-0.17761904761904762,0.0,0.0,0.0,1.0,0.0,0.0,3.3954500104300678,19.999999999999574,97.99999999999898,true,
t12p_residual_seed102,t12p_residual_seed102-episode-000003,2,3,22.342,21.734,21.74,21.758,21.792,22.292,0,0.5,true,,3.806316640602879,3.362964337242548,0.04718358433795859,0.0015502999664234666,0.311460554282835,0.9056910569105691,0.35588833277295423,0.8999999999999999,0.008657110691283824,,"[0.2791562080383301,-0.008058547973632812,-0.8419684767723083,-0.2802198529243469,0.9132645130157471]",,"{""acc_lim_theta"":0.6000000000000001,""acc_lim_x"":0.6000000000000001,""inflation_dist"":0.6500000000000001,""max_vel_theta"":0.8,""max_vel_x"":0.9999999999999999,""min_obstacle_dist"":0.35,""weight_obstacle"":70.0,""weight_optimaltime"":0.8,""weight_viapoint"":2.0}","{""acc_lim_theta"":0.5976423326922216,""acc_lim_x"":0.5999964672490341,""inflation_dist"":0.7253620478430363,""max_vel_theta"":0.75,""max_vel_x"":0.8968346106920707,""min_obstacle_dist"":0.3739007239764707,""weight_obstacle"":74.7248988090433,""weight_optimaltime"":0.7493077510222792,""weight_viapoint"":2.5}","{""acc_lim_theta"":0.5976423326922216,""acc_lim_x"":0.5999964672490341,""inflation_dist"":0.7000000000000002,""max_vel_theta"":0.75,""max_vel_x"":0.8999999999999999,""min_obstacle_dist"":0.3739007239764707,""weight_obstacle"":74.7248988090433,""weight_optimaltime"":0.7493077510222792,""weight_viapoint"":2.5}","{""acc_lim_theta"":0.5976423326922216,""acc_lim_x"":0.5999964672490341,""inflation_dist"":0.7000000000000002,""max_vel_theta"":0.75,""max_vel_x"":0.8999999999999999,""min_obstacle_dist"":0.3739007239764707,""weight_obstacle"":74.7248988090433,""weight_optimaltime"":0.7493077510222792,""weight_viapoint"":2.5}","{""acc_lim_theta"":0.5976423326922216,""acc_lim_x"":0.5999964672490341,""inflation_dist"":0.7000000000000002,""max_vel_theta"":0.75,""max_vel_x"":0.8999999999999999,""min_obstacle_dist"":0.3739007239764707,""weight_obstacle"":74.7248988090433,""weight_optimaltime"":0.7493077510222792,""weight_viapoint"":2.5}",true,max_vel_x:rate_limit|inflation_dist:rate_limit,false,WARNING,margin:warning|safety_mode:WARNING:conservative_filter,false,,1.8516771571682613,2.2167615168016552,-0.05,-0.2139153886562352,-0.0011712611554886942,-0.012639825183717528,-0.0,-0.08735788463795281,0.0,0.0,0.0,1.0,0.0,0.0,2.3886779963504523,18.000000000000682,52.000000000003155,true,
t12p_residual_seed102,t12p_residual_seed102-episode-000003,3,4,22.946,22.334,22.344,22.368,22.396,22.896,0,0.5,true,,3.2549658288420984,2.807019494385426,0.0484276782580788,4.9890127372339996e-05,0.311460554282835,0.8913738019169329,0.37291042327828927,0.87350731988361,0.0006521237115896277,,"[0.3599534034729004,-0.1278257966041565,-0.767327606678009,-0.2905435562133789,0.9192895889282227]",,"{""acc_lim_theta"":0.5976423326922216,""acc_lim_x"":0.5999964672490341,""inflation_dist"":0.7000000000000002,""max_vel_theta"":0.75,""max_vel_x"":0.8999999999999999,""min_obstacle_dist"":0.3739007239764707,""weight_obstacle"":74.7248988090433,""weight_optimaltime"":0.7493077510222792,""weight_viapoint"":2.5}","{""acc_lim_theta"":0.5976423326922216,""acc_lim_x"":0.5999964672490341,""inflation_dist"":0.7253620478430363,""max_vel_theta"":0.75,""max_vel_x"":0.8968346106920707,""min_obstacle_dist"":0.3739007239764707,""weight_obstacle"":74.7248988090433,""weight_optimaltime"":0.7493077510222792,""weight_viapoint"":2.5}","{""acc_lim_theta"":0.5976423326922216,""acc_lim_x"":0.5999964672490341,""inflation_dist"":0.7253620478430363,""max_vel_theta"":0.7473621755767256,""max_vel_x"":0.8968346106920707,""min_obstacle_dist"":0.3739007239764707,""weight_obstacle"":74.7248988090433,""weight_optimaltime"":0.7493077510222792,""weight_viapoint"":2.5}","{""acc_lim_theta"":0.5976423326922216,""acc_lim_x"":0.5999964672490341,""inflation_dist"":0.7253620478430363,""max_vel_theta"":0.7473621755767256,""max_vel_x"":0.8968346106920707,""min_obstacle_dist"":0.3739007239764707,""weight_obstacle"":74.7248988090433,""weight_optimaltime"":0.7493077510222792,""weight_viapoint"":2.5}","{""acc_lim_theta"":0.5976423326922216,""acc_lim_x"":0.5999964672490341,""inflation_dist"":0.7253620478430363,""max_vel_theta"":0.7473621755767256,""max_vel_x"":0.8968346106920707,""min_obstacle_dist"":0.3739007239764707,""weight_obstacle"":74.7248988090433,""weight_optimaltime"":0.7493077510222792,""weight_viapoint"":2.5}",true,max_vel_theta:ackermann_turning_radius,false,WARNING,margin:warning|safety_mode:WARNING:conservative_filter,false,,1.9686004936209738,2.2397316722833627,-0.05,-0.2114181395806821,-0.0011295089909706694,-0.0002821009377019967,-0.0,-0.008301429153034348,0.0,0.0,0.0,1.0,0.0,0.0,0.8915099897421896,23.999999999997357,51.9999999999996,true,
t12p_residual_seed102,t12p_residual_seed102-episode-000003,4,5,23.492,22.934,22.946,22.966,22.99,23.49,0,0.4499999999999993,true,,2.73713957471312,2.3359266548730964,0.04804838760388574,0.0011307814359949838,0.31102127215166003,0.8869426751592356,0.3667997965251562,0.8949016669291452,0.005035845706794908,,"[-0.07401412725448608,-0.12644726037979126,-0.8014262914657593,-0.5370955467224121,0.9025745391845703]",,"{""acc_lim_theta"":0.5976423326922216,""acc_lim_x"":0.5999964672490341,""inflation_dist"":0.7253620478430363,""max_vel_theta"":0.7473621755767256,""max_vel_x"":0.8968346106920707,""min_obstacle_dist"":0.3739007239764707,""weight_obstacle"":74.7248988090433,""weight_optimaltime"":0.7493077510222792,""weight_viapoint"":2.5}","{""acc_lim_theta"":0.5967430597243455,""acc_lim_x"":0.6001698061047736,""inflation_dist"":0.7255989016393334,""max_vel_theta"":0.75,""max_vel_x"":0.8949016669291452,""min_obstacle_dist"":0.3732143555260365,""weight_obstacle"":74.56531984370623,""weight_optimaltime"":0.7489968314003199,""weight_viapoint"":2.5}","{""acc_lim_theta"":0.5967430597243455,""acc_lim_x"":0.6001698061047736,""inflation_dist"":0.7255989016393334,""max_vel_theta"":0.7457513891076211,""max_vel_x"":0.8949016669291452,""min_obstacle_dist"":0.3732143555260365,""weight_obstacle"":74.56531984370623,""weight_optimaltime"":0.7489968314003199,""weight_viapoint"":2.5}","{""acc_lim_theta"":0.5967430597243455,""acc_lim_x"":0.6001698061047736,""inflation_dist"":0.7255989016393334,""max_vel_theta"":0.7457513891076211,""max_vel_x"":0.8949016669291452,""min_obstacle_dist"":0.3739007239764707,""weight_obstacle"":74.7248988090433,""weight_optimaltime"":0.7489968314003199,""weight_viapoint"":2.5}","{""acc_lim_theta"":0.5967430597243455,""acc_lim_x"":0.6001698061047736,""inflation_dist"":0.7255989016393334,""max_vel_theta"":0.7457513891076211,""max_vel_x"":0.8949016669291452,""min_obstacle_dist"":0.3739007239764707,""weight_obstacle"":74.7248988090433,""weight_optimaltime"":0.7489968314003199,""weight_viapoint"":2.5}",true,max_vel_theta:ackermann_turning_radius,true,WARNING,margin:warning|safety_mode:WARNING:conservative_filter,false,,1.7696500998601232,2.006064599200119,-0.04499999999999993,-0.1884388296526826,-0.0010131118181806943,-0.0009202338879673643,-0.0,-0.0010423239811653045,0.0,0.0,0.0,1.0,0.0,0.0,0.7229910115711391,19.999999999999574,43.99999999999693,true,
t12p_residual_seed102,t12p_residual_seed102-episode-000003,5,6,24.092,23.474,23.51,23.51,23.59,24.09,0,0.45000000000000284,true,,2.2106417767848883,1.799655898146476,0.047561925907292614,0.002591144690931143,0.31102127215166003,0.8855325914149443,0.36277852571327707,0.8783532646337233,-0.01411261492219547,,"[-0.12696123123168945,0.10235846042633057,-0.7096322178840637,-0.4793815612792969,0.9233226776123047]",,"{""acc_lim_theta"":0.5967430597243455,""acc_lim_x"":0.6001698061047736,""inflation_dist"":0.7255989016393334,""max_vel_theta"":0.7457513891076211,""max_vel_x"":0.8949016669291452,""min_obstacle_dist"":0.3739007239764707,""weight_obstacle"":74.7248988090433,""weight_optimaltime"":0.7489968314003199,""weight_viapoint"":2.5}","{""acc_lim_theta"":0.5967430597243455,""acc_lim_x"":0.6001698061047736,""inflation_dist"":0.7255989016393334,""max_vel_theta"":0.75,""max_vel_x"":0.8949016669291452,""min_obstacle_dist"":0.3732143555260365,""weight_obstacle"":74.56531984370623,""weight_optimaltime"":0.7489968314003199,""weight_viapoint"":2.5}","{""acc_lim_theta"":0.5967430597243455,""acc_lim_x"":0.6001698061047736,""inflation_dist"":0.7255989016393334,""max_vel_theta"":0.7457513891076211,""max_vel_x"":0.8949016669291452,""min_obstacle_dist"":0.3732143555260365,""weight_obstacle"":74.56531984370623,""weight_optimaltime"":0.7489968314003199,""weight_viapoint"":2.5}","{""acc_lim_theta"":0.5967430597243455,""acc_lim_x"":0.6001698061047736,""inflation_dist"":0.7255989016393334,""max_vel_theta"":0.7457513891076211,""max_vel_x"":0.8949016669291452,""min_obstacle_dist"":0.3739007239764707,""weight_obstacle"":74.7248988090433,""weight_optimaltime"":0.7489968314003199,""weight_viapoint"":2.5}","{""acc_lim_theta"":0.5967430597243455,""acc_lim_x"":0.6001698061047736,""inflation_dist"":0.7255989016393334,""max_vel_theta"":0.7457513891076211,""max_vel_x"":0.8949016669291452,""min_obstacle_dist"":0.3739007239764707,""weight_obstacle"":74.7248988090433,""weight_optimaltime"":0.7489968314003199,""weight_viapoint"":2.5}",true,max_vel_theta:ackermann_turning_radius,true,WARNING,margin:warning|safety_mode:WARNING:conservative_filter,false,,1.8167159855461512,2.0549293931920607,-0.04500000000000029,-0.19204654605710902,-0.001029936779534577,-0.00013692480926556,-0.0,-0.0,0.0,0.0,0.0,1.0,0.0,0.0,17.710131010971963,0.0,79.9999999999983,true,
t12p_residual_seed102,t12p_residual_seed102-episode-000003,6,7,24.692,24.074,24.094,24.094,24.19,24.69,0,0.4499999999999993,true,,1.677034998728051,1.2730057602387679,0.045631763754085265,0.002098443571347455,0.3079287602043403,0.8912,0.34633918854694506,0.8949016669291452,0.019071405879499327,,"[-0.18833088874816895,0.17392504215240479,-0.7377923727035522,-0.37384742498397827,0.8893383741378784]",,"{""acc_lim_theta"":0.5967430597243455,""acc_lim_x"":0.6001698061047736,""inflation_dist"":0.7255989016393334,""max_vel_theta"":0.7457513891076211,""max_vel_x"":0.8949016669291452,""min_obstacle_dist"":0.3739007239764707,""weight_obstacle"":74.7248988090433,""weight_optimaltime"":0.7489968314003199,""weight_viapoint"":2.5}","{""acc_lim_theta"":0.5967430597243455,""acc_lim_x"":0.6001698061047736,""inflation_dist"":0.7255989016393334,""max_vel_theta"":0.75,""max_vel_x"":0.8949016669291452,""min_obstacle_dist"":0.3732143555260365,""weight_obstacle"":74.56531984370623,""weight_optimaltime"":0.7489968314003199,""weight_viapoint"":2.5}","{""acc_lim_theta"":0.5967430597243455,""acc_lim_x"":0.6001698061047736,""inflation_dist"":0.7255989016393334,""max_vel_theta"":0.7457513891076211,""max_vel_x"":0.8949016669291452,""min_obstacle_dist"":0.3732143555260365,""weight_obstacle"":74.56531984370623,""weight_optimaltime"":0.7489968314003199,""weight_viapoint"":2.5}","{""acc_lim_theta"":0.5967430597243455,""acc_lim_x"":0.6001698061047736,""inflation_dist"":0.7255989016393334,""max_vel_theta"":0.7457513891076211,""max_vel_x"":0.8949016669291452,""min_obstacle_dist"":0.3739007239764707,""weight_obstacle"":74.7248988090433,""weight_optimaltime"":0.7489968314003199,""weight_viapoint"":2.5}","{""acc_lim_theta"":0.5967430597243455,""acc_lim_x"":0.6001698061047736,""inflation_dist"":0.7255989016393334,""max_vel_theta"":0.7457513891076211,""max_vel_x"":0.8949016669291452,""min_obstacle_dist"":0.3739007239764707,""weight_obstacle"":74.7248988090433,""weight_optimaltime"":0.7489968314003199,""weight_viapoint"":2.5}",true,max_vel_theta:ackermann_turning_radius,true,WARNING,margin:warning|safety_mode:WARNING:conservative_filter,false,,1.7682240908013882,2.0201461924464157,-0.04499999999999993,-0.19904062752369694,-0.0009864209553089242,-0.006895053166021599,-0.0,-0.0,0.0,0.0,0.0,1.0,0.0,0.0,1.9182740070391446,0.0,96.00000000000009,true,
t12p_residual_seed102,t12p_residual_seed102-episode-000003,7,8,25.294,24.674,24.694,24.694,24.792,25.292,0,0.4499999999999993,true,,1.1477312612063324,0.744099385750202,0.04473145784250502,0.0025874144854432114,0.3079287602043403,0.9040650406504065,0.36099107143268994,0.8949016669291452,-0.0050304012052333705,,"[-0.301472008228302,0.16121578216552734,-0.6891793608665466,-0.26953017711639404,0.909664511680603]",,"{""acc_lim_theta"":0.5967430597243455,""acc_lim_x"":0.6001698061047736,""inflation_dist"":0.7255989016393334,""max_vel_theta"":0.7457513891076211,""max_vel_x"":0.8949016669291452,""min_obstacle_dist"":0.3739007239764707,""weight_obstacle"":74.7248988090433,""weight_optimaltime"":0.7489968314003199,""weight_viapoint"":2.5}","{""acc_lim_theta"":0.5967430597243455,""acc_lim_x"":0.6001698061047736,""inflation_dist"":0.7255989016393334,""max_vel_theta"":0.75,""max_vel_x"":0.8949016669291452,""min_obstacle_dist"":0.3732143555260365,""weight_obstacle"":74.56531984370623,""weight_optimaltime"":0.7489968314003199,""weight_viapoint"":2.5}","{""acc_lim_theta"":0.5967430597243455,""acc_lim_x"":0.6001698061047736,""inflation_dist"":0.7255989016393334,""max_vel_theta"":0.7457513891076211,""max_vel_x"":0.8949016669291452,""min_obstacle_dist"":0.3732143555260365,""weight_obstacle"":74.56531984370623,""weight_optimaltime"":0.7489968314003199,""weight_viapoint"":2.5}","{""acc_lim_theta"":0.5967430597243455,""acc_lim_x"":0.6001698061047736,""inflation_dist"":0.7255989016393334,""max_vel_theta"":0.7457513891076211,""max_vel_x"":0.8949016669291452,""min_obstacle_dist"":0.3739007239764707,""weight_obstacle"":74.7248988090433,""weight_optimaltime"":0.7489968314003199,""weight_viapoint"":2.5}","{""acc_lim_theta"":0.5967430597243455,""acc_lim_x"":0.6001698061047736,""inflation_dist"":0.7255989016393334,""max_vel_theta"":0.7457513891076211,""max_vel_x"":0.8949016669291452,""min_obstacle_dist"":0.3739007239764707,""weight_obstacle"":74.7248988090433,""weight_optimaltime"":0.7489968314003199,""weight_viapoint"":2.5}",true,max_vel_theta:ackermann_turning_radius,true,WARNING,margin:warning|safety_mode:WARNING:conservative_filter,false,,1.7672262685209574,2.0181593772806523,-0.04499999999999993,-0.19630229322538104,-0.000925063211073529,-0.008705752323240303,-0.0,-0.0,0.0,0.0,0.0,1.0,0.0,0.0,1.6877019952517003,0.0,98.00000000000253,true,
t12p_residual_seed102,t12p_residual_seed102-episode-000003,8,9,28.942,25.294,25.296,25.318,25.392,25.892,0,0.5,true,,0.6198198418191098,0.17368548047451238,0.490995529628866,0.2490624681400943,0.3079287602043403,0.5563380281690141,0.7405471175732674,0.7793130087846653,0.09732010860042338,,"[-0.22397297620773315,-0.10539942979812622,-0.6858623623847961,-0.4507470726966858,0.9171984195709229]",,"{""acc_lim_theta"":0.5967430597243455,""acc_lim_x"":0.6001698061047736,""inflation_dist"":0.7255989016393334,""max_vel_theta"":0.7457513891076211,""max_vel_x"":0.8949016669291452,""min_obstacle_dist"":0.3739007239764707,""weight_obstacle"":74.7248988090433,""weight_optimaltime"":0.7489968314003199,""weight_viapoint"":2.5}","{""acc_lim_theta"":0.5964879067606543,""acc_lim_x"":0.6001329050578231,""inflation_dist"":0.7257004305251957,""max_vel_theta"":0.75,""max_vel_x"":0.8932295884041885,""min_obstacle_dist"":0.3729255122022956,""weight_obstacle"":74.45744789727985,""weight_optimaltime"":0.7488868179048411,""weight_viapoint"":2.5}","{""acc_lim_theta"":0.5964879067606543,""acc_lim_x"":0.6001329050578231,""inflation_dist"":0.7257004305251957,""max_vel_theta"":0.7443579903368238,""max_vel_x"":0.8932295884041885,""min_obstacle_dist"":0.3729255122022956,""weight_obstacle"":74.45744789727985,""weight_optimaltime"":0.7488868179048411,""weight_viapoint"":2.5}","{""acc_lim_theta"":0.5964879067606543,""acc_lim_x"":0.6001329050578231,""inflation_dist"":0.7257004305251957,""max_vel_theta"":0.7443579903368238,""max_vel_x"":0.8932295884041885,""min_obstacle_dist"":0.3739007239764707,""weight_obstacle"":74.7248988090433,""weight_optimaltime"":0.7488868179048411,""weight_viapoint"":2.5}","{""acc_lim_theta"":0.5964879067606543,""acc_lim_x"":0.6001329050578231,""inflation_dist"":0.7257004305251957,""max_vel_theta"":0.7443579903368238,""max_vel_x"":0.8932295884041885,""min_obstacle_dist"":0.3739007239764707,""weight_obstacle"":74.7248988090433,""weight_optimaltime"":0.7488868179048411,""weight_viapoint"":2.5}",true,max_vel_theta:ackermann_turning_radius,true,WARNING,margin:warning|safety_mode:WARNING:conservative_filter,false,,1.9593319524102897,2.230671806722987,-0.05,-0.21953877401712307,-0.0009911595279446849,-0.00012853680445152946,-0.0,-0.0006813839631785737,0.0,0.0,0.0,1.0,0.0,0.0,1.099375993362628,22.000000000002018,96.00000000000009,true,
t12p_residual_seed102,t12p_residual_seed102-episode-000003,9,10,29.48,28.938,28.944,28.944,28.978,29.478,0,0.4499999999999993,true,,2.5349305374165247,2.746966889416016,0.0881051227036251,0.3253318219664178,0.3079287602043403,0.4583333333333333,2.178108509459759,0.3415890734669685,-0.17131707511594377,,"[-0.2211928367614746,-0.27544504404067993,-0.6311249732971191,-0.5775176882743835,0.8888843059539795]",,"{""acc_lim_theta"":0.5964879067606543,""acc_lim_x"":0.6001329050578231,""inflation_dist"":0.7257004305251957,""max_vel_theta"":0.7443579903368238,""max_vel_x"":0.8932295884041885,""min_obstacle_dist"":0.3739007239764707,""weight_obstacle"":74.7248988090433,""weight_optimaltime"":0.7488868179048411,""weight_viapoint"":2.5}","{""acc_lim_theta"":0.5964879067606543,""acc_lim_x"":0.6001329050578231,""inflation_dist"":0.7257004305251957,""max_vel_theta"":0.75,""max_vel_x"":0.8932295884041885,""min_obstacle_dist"":0.3729255122022956,""weight_obstacle"":74.45744789727985,""weight_optimaltime"":0.7488868179048411,""weight_viapoint"":2.5}","{""acc_lim_theta"":0.5964879067606543,""acc_lim_x"":0.6001329050578231,""inflation_dist"":0.7257004305251957,""max_vel_theta"":0.7443579903368238,""max_vel_x"":0.8932295884041885,""min_obstacle_dist"":0.3729255122022956,""weight_obstacle"":74.45744789727985,""weight_optimaltime"":0.7488868179048411,""weight_viapoint"":2.5}","{""acc_lim_theta"":0.5964879067606543,""acc_lim_x"":0.6001329050578231,""inflation_dist"":0.7257004305251957,""max_vel_theta"":0.7443579903368238,""max_vel_x"":0.8932295884041885,""min_obstacle_dist"":0.3739007239764707,""weight_obstacle"":74.7248988090433,""weight_optimaltime"":0.7488868179048411,""weight_viapoint"":2.5}","{""acc_lim_theta"":0.5964879067606543,""acc_lim_x"":0.6001329050578231,""inflation_dist"":0.7257004305251957,""max_vel_theta"":0.7443579903368238,""max_vel_x"":0.8932295884041885,""min_obstacle_dist"":0.3739007239764707,""weight_obstacle"":74.7248988090433,""weight_optimaltime"":0.7488868179048411,""weight_viapoint"":2.5}",true,max_vel_theta:ackermann_turning_radius,true,WARNING,margin:warning|safety_mode:WARNING:conservative_filter,false,,-1.3462959509516752,-1.0601817599974561,-0.04499999999999993,-8.033148175607785e-05,-0.18578610912878862,-0.05524775034367431,-0.0,-0.0,0.0,0.0,0.0,1.0,0.0,0.0,0.8882349939085543,0.0,34.00000000000247,true,
t12p_residual_seed102,t12p_residual_seed102-episode-000003,10,11,30.078,29.476,29.48,29.48,29.576,30.076,0,0.4499999999999993,true,,2.7922999989347046,2.8605870930802455,0.1822348127296002,0.402870300154089,0.3079287602043403,0.41818181818181815,9.16698649473607,0.09412869737125211,-0.07140122120181085,,"[-0.26871585845947266,-0.2207345962524414,-0.2536609172821045,-0.845664918422699,0.7723031044006348]",,"{""acc_lim_theta"":0.5964879067606543,""acc_lim_x"":0.6001329050578231,""inflation_dist"":0.7257004305251957,""max_vel_theta"":0.7443579903368238,""max_vel_x"":0.8932295884041885,""min_obstacle_dist"":0.3739007239764707,""weight_obstacle"":74.7248988090433,""weight_optimaltime"":0.7488868179048411,""weight_viapoint"":2.5}","{""acc_lim_theta"":0.5964879067606543,""acc_lim_x"":0.6001329050578231,""inflation_dist"":0.7257004305251957,""max_vel_theta"":0.75,""max_vel_x"":0.8932295884041885,""min_obstacle_dist"":0.3729255122022956,""weight_obstacle"":74.45744789727985,""weight_optimaltime"":0.7488868179048411,""weight_viapoint"":2.5}","{""acc_lim_theta"":0.5964879067606543,""acc_lim_x"":0.6001329050578231,""inflation_dist"":0.7257004305251957,""max_vel_theta"":0.7443579903368238,""max_vel_x"":0.8932295884041885,""min_obstacle_dist"":0.3729255122022956,""weight_obstacle"":74.45744789727985,""weight_optimaltime"":0.7488868179048411,""weight_viapoint"":2.5}","{""acc_lim_theta"":0.5964879067606543,""acc_lim_x"":0.6001329050578231,""inflation_dist"":0.7257004305251957,""max_vel_theta"":0.7443579903368238,""max_vel_x"":0.8932295884041885,""min_obstacle_dist"":0.3739007239764707,""weight_obstacle"":74.7248988090433,""weight_optimaltime"":0.7488868179048411,""weight_viapoint"":2.5}","{""acc_lim_theta"":0.5964879067606543,""acc_lim_x"":0.6001329050578231,""inflation_dist"":0.7257004305251957,""max_vel_theta"":0.7443579903368238,""max_vel_x"":0.8932295884041885,""min_obstacle_dist"":0.3739007239764707,""weight_obstacle"":74.7248988090433,""weight_optimaltime"":0.7488868179048411,""weight_viapoint"":2.5}",true,max_vel_theta:ackermann_turning_radius,true,WARNING,recovery:hysteresis_or_health_time|safety_mode:WARNING:conservative_filter,false,,-0.4031610215878746,-0.3414354707277045,-0.04499999999999993,-0.0,-0.009967025554147918,-0.006758525306022227,-0.0,-0.0,0.0,0.0,0.0,1.0,0.0,0.0,0.8922160050133243,0.0,96.00000000000009,true,
t12p_residual_seed102,t12p_residual_seed102-episode-000003,11,12,30.676,30.074,30.08,30.08,30.174,30.674,0,0.45000000000000284,true,,2.869890942920035,2.8749552614242084,0.05010863734908419,0.4108401371160017,0.3079287602043403,0.4036697247706422,17.620364881807255,0.003623533983626771,-0.0030194475963818595,,"[-0.4454662799835205,-0.13184678554534912,0.021369457244873047,-0.8157554268836975,0.4366316795349121]",,"{""acc_lim_theta"":0.5964879067606543,""acc_lim_x"":0.6001329050578231,""inflation_dist"":0.7257004305251957,""max_vel_theta"":0.7443579903368238,""max_vel_x"":0.8932295884041885,""min_obstacle_dist"":0.3739007239764707,""weight_obstacle"":74.7248988090433,""weight_optimaltime"":0.7488868179048411,""weight_viapoint"":2.5}","{""acc_lim_theta"":0.5964879067606543,""acc_lim_x"":0.6001329050578231,""inflation_dist"":0.7257004305251957,""max_vel_theta"":0.75,""max_vel_x"":0.8932295884041885,""min_obstacle_dist"":0.3729255122022956,""weight_obstacle"":74.45744789727985,""weight_optimaltime"":0.7488868179048411,""weight_viapoint"":2.5}","{""acc_lim_theta"":0.5964879067606543,""acc_lim_x"":0.6001329050578231,""inflation_dist"":0.7257004305251957,""max_vel_theta"":0.7443579903368238,""max_vel_x"":0.8932295884041885,""min_obstacle_dist"":0.3729255122022956,""weight_obstacle"":74.45744789727985,""weight_optimaltime"":0.7488868179048411,""weight_viapoint"":2.5}","{""acc_lim_theta"":0.5964879067606543,""acc_lim_x"":0.6001329050578231,""inflation_dist"":0.7257004305251957,""max_vel_theta"":0.7443579903368238,""max_vel_x"":0.8932295884041885,""min_obstacle_dist"":0.3739007239764707,""weight_obstacle"":74.7248988090433,""weight_optimaltime"":0.7488868179048411,""weight_viapoint"":2.5}","{""acc_lim_theta"":0.5964879067606543,""acc_lim_x"":0.6001329050578231,""inflation_dist"":0.7257004305251957,""max_vel_theta"":0.7443579903368238,""max_vel_x"":0.8932295884041885,""min_obstacle_dist"":0.3739007239764707,""weight_obstacle"":74.7248988090433,""weight_optimaltime"":0.7488868179048411,""weight_viapoint"":2.5}",true,max_vel_theta:ackermann_turning_radius,true,WARNING,recovery:healthy_timer_started|recovery:hysteresis_or_health_time|safety_mode:WARNING:conservative_filter,false,,-0.08133588144134006,-0.025321592520866076,-0.04500000000000029,-0.0,-0.01019841652876511,-0.000815872391708594,-0.0,-0.0,0.0,0.0,0.0,1.0,0.0,0.0,1.0223540011793375,0.0,94.0000000000012,true,
t12p_residual_seed102,t12p_residual_seed102-episode-000003,12,13,31.324,30.674,30.678,30.7,30.774,31.274,0,0.5,true,,2.8753947542370213,2.875901250557665,0.05048132297255084,0.4112751808654483,0.3079287602043403,0.41284403669724773,17.698907114320683,-0.0008277573699549992,0.0,,"[-0.02216053009033203,-0.06887668371200562,0.35649633407592773,-0.8740286231040955,-0.48538637161254883]",,"{""acc_lim_theta"":0.5964879067606543,""acc_lim_x"":0.6001329050578231,""inflation_dist"":0.7257004305251957,""max_vel_theta"":0.7443579903368238,""max_vel_x"":0.8932295884041885,""min_obstacle_dist"":0.3739007239764707,""weight_obstacle"":74.7248988090433,""weight_optimaltime"":0.7488868179048411,""weight_viapoint"":2.5}","{""acc_lim_theta"":0.5893330968541698,""acc_lim_x"":0.6066447754433447,""inflation_dist"":0.7262494714961176,""max_vel_theta"":0.75,""max_vel_x"":0.8963079099360619,""min_obstacle_dist"":0.37075052232494565,""weight_obstacle"":74.08462564680897,""weight_optimaltime"":0.7456376361100311,""weight_viapoint"":2.5}","{""acc_lim_theta"":0.5893330968541698,""acc_lim_x"":0.6066447754433447,""inflation_dist"":0.7262494714961176,""max_vel_theta"":0.7469232582800516,""max_vel_x"":0.8963079099360619,""min_obstacle_dist"":0.37075052232494565,""weight_obstacle"":74.08462564680897,""weight_optimaltime"":0.7456376361100311,""weight_viapoint"":2.5}","{""acc_lim_theta"":0.5893330968541698,""acc_lim_x"":0.6066447754433447,""inflation_dist"":0.7262494714961176,""max_vel_theta"":0.7443579903368238,""max_vel_x"":0.8932295884041885,""min_obstacle_dist"":0.3739007239764707,""weight_obstacle"":74.7248988090433,""weight_optimaltime"":0.7456376361100311,""weight_viapoint"":2.5}","{""acc_lim_theta"":0.5893330968541698,""acc_lim_x"":0.6066447754433447,""inflation_dist"":0.7262494714961176,""max_vel_theta"":0.7443579903368238,""max_vel_x"":0.8932295884041885,""min_obstacle_dist"":0.3739007239764707,""weight_obstacle"":74.7248988090433,""weight_optimaltime"":0.7456376361100311,""weight_viapoint"":2.5}",true,max_vel_theta:ackermann_turning_radius,true,WARNING,recovery:hysteresis_or_health_time|safety_mode:WARNING:conservative_filter,false,,-0.058026039843342966,-0.002532481603219061,-0.05,-0.0,-0.0012690729512324671,-1.1100080930730445e-06,-0.0,-0.004223375280798369,0.0,0.0,0.0,1.0,0.0,0.0,2.210360995377414,21.999999999998465,96.00000000000009,true,
t12p_residual_seed102,t12p_residual_seed102-episode-000003,13,14,31.924,31.318,31.326,31.348,31.374,31.874,0,0.5,true,,2.875822084431416,2.8760643805504937,0.05057540181413236,0.4112751808654483,0.3079287602043403,0.4036697247706422,17.47452900534241,-0.0009570441223049817,0.0,,"[-0.07624846696853638,-0.18290293216705322,0.2980353832244873,-0.8249839544296265,-0.32442164421081543]",,"{""acc_lim_theta"":0.5893330968541698,""acc_lim_x"":0.6066447754433447,""inflation_dist"":0.7262494714961176,""max_vel_theta"":0.7443579903368238,""max_vel_x"":0.8932295884041885,""min_obstacle_dist"":0.3739007239764707,""weight_obstacle"":74.7248988090433,""weight_optimaltime"":0.7456376361100311,""weight_viapoint"":2.5}","{""acc_lim_theta"":0.5893330968541698,""acc_lim_x"":0.6066447754433447,""inflation_dist"":0.7262494714961176,""max_vel_theta"":0.75,""max_vel_x"":0.8963079099360619,""min_obstacle_dist"":0.37075052232494565,""weight_obstacle"":74.08462564680897,""weight_optimaltime"":0.7456376361100311,""weight_viapoint"":2.5}","{""acc_lim_theta"":0.5893330968541698,""acc_lim_x"":0.6066447754433447,""inflation_dist"":0.7262494714961176,""max_vel_theta"":0.7469232582800516,""max_vel_x"":0.8963079099360619,""min_obstacle_dist"":0.37075052232494565,""weight_obstacle"":74.08462564680897,""weight_optimaltime"":0.7456376361100311,""weight_viapoint"":2.5}","{""acc_lim_theta"":0.5893330968541698,""acc_lim_x"":0.6066447754433447,""inflation_dist"":0.7262494714961176,""max_vel_theta"":0.7469232582800516,""max_vel_x"":0.8963079099360619,""min_obstacle_dist"":0.37075052232494565,""weight_obstacle"":74.08462564680897,""weight_optimaltime"":0.7456376361100311,""weight_viapoint"":2.5}","{""acc_lim_theta"":0.5893330968541698,""acc_lim_x"":0.6066447754433447,""inflation_dist"":0.7262494714961176,""max_vel_theta"":0.7469232582800516,""max_vel_x"":0.8963079099360619,""min_obstacle_dist"":0.37075052232494565,""weight_obstacle"":74.08462564680897,""weight_optimaltime"":0.7456376361100311,""weight_viapoint"":2.5}",true,max_vel_theta:ackermann_turning_radius,false,NORMAL,,false,,-0.05606210193984774,-0.0012114805953888919,-0.05,-0.0,-0.0012753021979106706,-8.584984178406804e-06,-0.0,-0.0035667341623697663,0.0,0.0,0.0,1.0,0.0,0.0,1.4344920055009425,21.999999999998465,47.999999999998266,true,
t12p_residual_seed102,t12p_residual_seed102-episode-000003,14,15,32.476,31.914,31.924,31.924,31.974,32.474000000000004,0,0.45000000000000284,true,,2.875990647644959,2.876219092745622,0.0506977388958314,0.4114457241726274,0.3079287602043403,0.41284403669724773,17.491287449353024,0.0009409119677033274,0.0,,"[-0.10795485973358154,-0.2587442398071289,0.24190640449523926,-0.8232161402702332,-0.39421236515045166]",,"{""acc_lim_theta"":0.5893330968541698,""acc_lim_x"":0.6066447754433447,""inflation_dist"":0.7262494714961176,""max_vel_theta"":0.7469232582800516,""max_vel_x"":0.8963079099360619,""min_obstacle_dist"":0.37075052232494565,""weight_obstacle"":74.08462564680897,""weight_optimaltime"":0.7456376361100311,""weight_viapoint"":2.5}","{""acc_lim_theta"":0.5893330968541698,""acc_lim_x"":0.6066447754433447,""inflation_dist"":0.7262494714961176,""max_vel_theta"":0.75,""max_vel_x"":0.8963079099360619,""min_obstacle_dist"":0.37075052232494565,""weight_obstacle"":74.08462564680897,""weight_optimaltime"":0.7456376361100311,""weight_viapoint"":2.5}","{""acc_lim_theta"":0.5893330968541698,""acc_lim_x"":0.6066447754433447,""inflation_dist"":0.7262494714961176,""max_vel_theta"":0.7469232582800516,""max_vel_x"":0.8963079099360619,""min_obstacle_dist"":0.37075052232494565,""weight_obstacle"":74.08462564680897,""weight_optimaltime"":0.7456376361100311,""weight_viapoint"":2.5}","{""acc_lim_theta"":0.5893330968541698,""acc_lim_x"":0.6066447754433447,""inflation_dist"":0.7262494714961176,""max_vel_theta"":0.7469232582800516,""max_vel_x"":0.8963079099360619,""min_obstacle_dist"":0.37075052232494565,""weight_obstacle"":74.08462564680897,""weight_optimaltime"":0.7456376361100311,""weight_viapoint"":2.5}","{""acc_lim_theta"":0.5893330968541698,""acc_lim_x"":0.6066447754433447,""inflation_dist"":0.7262494714961176,""max_vel_theta"":0.7469232582800516,""max_vel_x"":0.8963079099360619,""min_obstacle_dist"":0.37075052232494565,""weight_obstacle"":74.08462564680897,""weight_optimaltime"":0.7456376361100311,""weight_viapoint"":2.5}",true,max_vel_theta:ackermann_turning_radius,false,NORMAL,,false,,-0.04730639800657473,-0.0011422255033166628,-0.04500000000000029,-0.0,-0.0011527726277333582,-1.1399875524416047e-05,-0.0,-0.0,0.0,0.0,0.0,1.0,0.0,0.0,0.8781070064287633,0.0,50.00000000000071,true,
t12p_residual_seed102,t12p_residual_seed102-episode-000003,15,16,33.126,32.474,32.478,32.478,32.576,33.076,0,0.5,true,,2.876179735655059,2.8764816824910198,0.05078849296545985,0.4117454912062854,0.3079287602043403,0.41284403669724773,17.41232469747197,-0.0010653435563110023,-0.0008877380631613492,,"[-0.12211745977401733,-0.21593832969665527,0.23876595497131348,-0.8242826461791992,-0.3605653643608093]",,"{""acc_lim_theta"":0.5893330968541698,""acc_lim_x"":0.6066447754433447,""inflation_dist"":0.7262494714961176,""max_vel_theta"":0.7469232582800516,""max_vel_x"":0.8963079099360619,""min_obstacle_dist"":0.37075052232494565,""weight_obstacle"":74.08462564680897,""weight_optimaltime"":0.7456376361100311,""weight_viapoint"":2.5}","{""acc_lim_theta"":0.5893330968541698,""acc_lim_x"":0.6066447754433447,""inflation_dist"":0.7262494714961176,""max_vel_theta"":0.75,""max_vel_x"":0.8963079099360619,""min_obstacle_dist"":0.37075052232494565,""weight_obstacle"":74.08462564680897,""weight_optimaltime"":0.7456376361100311,""weight_viapoint"":2.5}","{""acc_lim_theta"":0.5893330968541698,""acc_lim_x"":0.6066447754433447,""inflation_dist"":0.7262494714961176,""max_vel_theta"":0.7469232582800516,""max_vel_x"":0.8963079099360619,""min_obstacle_dist"":0.37075052232494565,""weight_obstacle"":74.08462564680897,""weight_optimaltime"":0.7456376361100311,""weight_viapoint"":2.5}","{""acc_lim_theta"":0.5893330968541698,""acc_lim_x"":0.6066447754433447,""inflation_dist"":0.7262494714961176,""max_vel_theta"":0.7469232582800516,""max_vel_x"":0.8963079099360619,""min_obstacle_dist"":0.37075052232494565,""weight_obstacle"":74.08462564680897,""weight_optimaltime"":0.7456376361100311,""weight_viapoint"":2.5}","{""acc_lim_theta"":0.5893330968541698,""acc_lim_x"":0.6066447754433447,""inflation_dist"":0.7262494714961176,""max_vel_theta"":0.7469232582800516,""max_vel_x"":0.8963079099360619,""min_obstacle_dist"":0.37075052232494565,""weight_obstacle"":74.08462564680897,""weight_optimaltime"":0.7456376361100311,""weight_viapoint"":2.5}",true,max_vel_theta:ackermann_turning_radius,false,NORMAL,,false,,-0.052808775924151154,-0.0015097341798031572,-0.05,-0.0,-0.0012867528989554205,-1.2288845392577158e-05,-0.0,-0.0,0.0,0.0,0.0,1.0,0.0,0.0,1.6660639957990497,0.0,97.99999999999898,true,
t12p_residual_seed102,t12p_residual_seed102-episode-000003,16,17,33.726,33.114,33.126,33.148,33.176,33.676,0,0.5,true,,2.8763798065530177,2.876471686824118,0.05078549239538005,0.41196970328809257,0.3079287602043403,0.4036697247706422,17.599219538026738,-0.000948733700248743,0.0,,"[-0.12184596061706543,-0.21519184112548828,0.2394200563430786,-0.8243127465248108,-0.3621242046356201]",,"{""acc_lim_theta"":0.5893330968541698,""acc_lim_x"":0.6066447754433447,""inflation_dist"":0.7262494714961176,""max_vel_theta"":0.7469232582800516,""max_vel_x"":0.8963079099360619,""min_obstacle_dist"":0.37075052232494565,""weight_obstacle"":74.08462564680897,""weight_optimaltime"":0.7456376361100311,""weight_viapoint"":2.5}","{""acc_lim_theta"":0.592449621594374,""acc_lim_x"":0.608707035417675,""inflation_dist"":0.7253445121701554,""max_vel_theta"":0.75,""max_vel_x"":0.9093104082319605,""min_obstacle_dist"":0.372549899427414,""weight_obstacle"":74.84436206625338,""weight_optimaltime"":0.7432617662285576,""weight_viapoint"":2.5}","{""acc_lim_theta"":0.592449621594374,""acc_lim_x"":0.608707035417675,""inflation_dist"":0.7253445121701554,""max_vel_theta"":0.75,""max_vel_x"":0.9093104082319605,""min_obstacle_dist"":0.372549899427414,""weight_obstacle"":74.84436206625338,""weight_optimaltime"":0.7432617662285576,""weight_viapoint"":2.5}","{""acc_lim_theta"":0.592449621594374,""acc_lim_x"":0.608707035417675,""inflation_dist"":0.7253445121701554,""max_vel_theta"":0.75,""max_vel_x"":0.9093104082319605,""min_obstacle_dist"":0.372549899427414,""weight_obstacle"":74.84436206625338,""weight_optimaltime"":0.7432617662285576,""weight_viapoint"":2.5}","{""acc_lim_theta"":0.592449621594374,""acc_lim_x"":0.608707035417675,""inflation_dist"":0.7253445121701554,""max_vel_theta"":0.75,""max_vel_x"":0.9093104082319605,""min_obstacle_dist"":0.372549899427414,""weight_obstacle"":74.84436206625338,""weight_optimaltime"":0.7432617662285576,""weight_viapoint"":2.5}",false,,false,NORMAL,,false,,-0.05880996230692802,-0.00045940135550148753,-0.05,-0.0,-0.0012882783405132245,-1.2197575384909047e-05,-0.0,-0.007050085035528392,0.0,0.0,0.0,0.0,0.0,0.0,0.8964500011643395,22.00000000000557,50.00000000000426,true,
t12p_residual_seed102,t12p_residual_seed102-episode-000003,17,18,34.324,33.714,33.728,33.728,33.774,34.274,0,0.5,true,,2.8763809682096406,2.8764396201955167,0.05077528109371978,0.41209630709981876,0.3079287602043403,0.41284403669724773,17.480169991009518,-0.001097602922732886,-0.000914619407959961,,"[-0.12531322240829468,-0.2191305160522461,0.2485584020614624,-0.8211351037025452,-0.367343544960022]",,"{""acc_lim_theta"":0.592449621594374,""acc_lim_x"":0.608707035417675,""inflation_dist"":0.7253445121701554,""max_vel_theta"":0.75,""max_vel_x"":0.9093104082319605,""min_obstacle_dist"":0.372549899427414,""weight_obstacle"":74.84436206625338,""weight_optimaltime"":0.7432617662285576,""weight_viapoint"":2.5}","{""acc_lim_theta"":0.592449621594374,""acc_lim_x"":0.608707035417675,""inflation_dist"":0.7253445121701554,""max_vel_theta"":0.75,""max_vel_x"":0.9093104082319605,""min_obstacle_dist"":0.372549899427414,""weight_obstacle"":74.84436206625338,""weight_optimaltime"":0.7432617662285576,""weight_viapoint"":2.5}","{""acc_lim_theta"":0.592449621594374,""acc_lim_x"":0.608707035417675,""inflation_dist"":0.7253445121701554,""max_vel_theta"":0.75,""max_vel_x"":0.9093104082319605,""min_obstacle_dist"":0.372549899427414,""weight_obstacle"":74.84436206625338,""weight_optimaltime"":0.7432617662285576,""weight_viapoint"":2.5}","{""acc_lim_theta"":0.592449621594374,""acc_lim_x"":0.608707035417675,""inflation_dist"":0.7253445121701554,""max_vel_theta"":0.75,""max_vel_x"":0.9093104082319605,""min_obstacle_dist"":0.372549899427414,""weight_obstacle"":74.84436206625338,""weight_optimaltime"":0.7432617662285576,""weight_viapoint"":2.5}","{""acc_lim_theta"":0.592449621594374,""acc_lim_x"":0.608707035417675,""inflation_dist"":0.7253445121701554,""max_vel_theta"":0.75,""max_vel_x"":0.9093104082319605,""min_obstacle_dist"":0.372549899427414,""weight_obstacle"":74.84436206625338,""weight_optimaltime"":0.7432617662285576,""weight_viapoint"":2.5}",false,,false,NORMAL,,false,,-0.05159244855145591,-0.0002932599293803406,-0.05,-0.0,-0.0012879931131117906,-1.1195508963772031e-05,-0.0,-0.0,0.0,0.0,0.0,0.0,0.0,0.0,2.4911660002544522,0.0,45.999999999999375,true,
t12p_residual_seed102,t12p_residual_seed102-episode-000003,18,19,34.878,34.314,34.326,34.326,34.376,34.876,0,0.45000000000000284,true,,2.876353573449985,2.8762938553443727,0.05067792397876516,0.41241120018009114,0.3079287602043403,0.4074074074074074,17.500785142876023,-0.0010057393135529142,-0.0008380705594637746,,"[-0.1260521411895752,-0.21563005447387695,0.23947668075561523,-0.8243508338928223,-0.360988974571228]",,"{""acc_lim_theta"":0.592449621594374,""acc_lim_x"":0.608707035417675,""inflation_dist"":0.7253445121701554,""max_vel_theta"":0.75,""max_vel_x"":0.9093104082319605,""min_obstacle_dist"":0.372549899427414,""weight_obstacle"":74.84436206625338,""weight_optimaltime"":0.7432617662285576,""weight_viapoint"":2.5}","{""acc_lim_theta"":0.592449621594374,""acc_lim_x"":0.608707035417675,""inflation_dist"":0.7253445121701554,""max_vel_theta"":0.75,""max_vel_x"":0.9093104082319605,""min_obstacle_dist"":0.372549899427414,""weight_obstacle"":74.84436206625338,""weight_optimaltime"":0.7432617662285576,""weight_viapoint"":2.5}","{""acc_lim_theta"":0.592449621594374,""acc_lim_x"":0.608707035417675,""inflation_dist"":0.7253445121701554,""max_vel_theta"":0.75,""max_vel_x"":0.9093104082319605,""min_obstacle_dist"":0.372549899427414,""weight_obstacle"":74.84436206625338,""weight_optimaltime"":0.7432617662285576,""weight_viapoint"":2.5}","{""acc_lim_theta"":0.592449621594374,""acc_lim_x"":0.608707035417675,""inflation_dist"":0.7253445121701554,""max_vel_theta"":0.75,""max_vel_x"":0.9093104082319605,""min_obstacle_dist"":0.372549899427414,""weight_obstacle"":74.84436206625338,""weight_optimaltime"":0.7432617662285576,""weight_viapoint"":2.5}","{""acc_lim_theta"":0.592449621594374,""acc_lim_x"":0.608707035417675,""inflation_dist"":0.7253445121701554,""max_vel_theta"":0.75,""max_vel_x"":0.9093104082319605,""min_obstacle_dist"":0.372549899427414,""weight_obstacle"":74.84436206625338,""weight_optimaltime"":0.7432617662285576,""weight_viapoint"":2.5}",false,,false,NORMAL,,false,,-0.045867806495655056,0.0002985905280628032,-0.04500000000000029,-0.0,-0.0011583379709363992,-8.059052781169679e-06,-0.0,-0.0,0.0,0.0,0.0,0.0,0.0,0.0,1.2712419993476942,0.0,49.99999999999716,true,
t12p_residual_seed102,t12p_residual_seed102-episode-000003,19,20,35.476,34.876,34.88,34.88,34.974,35.474,0,0.45000000000000284,true,,2.8763268339991988,2.876481334158515,0.0507811003021089,0.4124982585659243,0.3079287602043403,0.39814814814814814,17.704339773155564,-0.0009412765648334223,0.0,,"[-0.12612181901931763,-0.2156691551208496,0.239152193069458,-0.8243899941444397,-0.3603914976119995]",,"{""acc_lim_theta"":0.592449621594374,""acc_lim_x"":0.608707035417675,""inflation_dist"":0.7253445121701554,""max_vel_theta"":0.75,""max_vel_x"":0.9093104082319605,""min_obstacle_dist"":0.372549899427414,""weight_obstacle"":74.84436206625338,""weight_optimaltime"":0.7432617662285576,""weight_viapoint"":2.5}","{""acc_lim_theta"":0.592449621594374,""acc_lim_x"":0.608707035417675,""inflation_dist"":0.7253445121701554,""max_vel_theta"":0.75,""max_vel_x"":0.9093104082319605,""min_obstacle_dist"":0.372549899427414,""weight_obstacle"":74.84436206625338,""weight_optimaltime"":0.7432617662285576,""weight_viapoint"":2.5}","{""acc_lim_theta"":0.592449621594374,""acc_lim_x"":0.608707035417675,""inflation_dist"":0.7253445121701554,""max_vel_theta"":0.75,""max_vel_x"":0.9093104082319605,""min_obstacle_dist"":0.372549899427414,""weight_obstacle"":74.84436206625338,""weight_optimaltime"":0.7432617662285576,""weight_viapoint"":2.5}","{""acc_lim_theta"":0.592449621594374,""acc_lim_x"":0.608707035417675,""inflation_dist"":0.7253445121701554,""max_vel_theta"":0.75,""max_vel_x"":0.9093104082319605,""min_obstacle_dist"":0.372549899427414,""weight_obstacle"":74.84436206625338,""weight_optimaltime"":0.7432617662285576,""weight_viapoint"":2.5}","{""acc_lim_theta"":0.592449621594374,""acc_lim_x"":0.608707035417675,""inflation_dist"":0.7253445121701554,""max_vel_theta"":0.75,""max_vel_x"":0.9093104082319605,""min_obstacle_dist"":0.372549899427414,""weight_obstacle"":74.84436206625338,""weight_optimaltime"":0.7432617662285576,""weight_viapoint"":2.5}",false,,false,NORMAL,,false,,-0.046942872268128905,-0.0007725007965819763,-0.04500000000000029,-0.0,-0.0011599366945898074,-1.0434776956827226e-05,-0.0,-0.0,0.0,0.0,0.0,0.0,0.0,0.0,0.7528979913331568,0.0,93.99999999999409,true,
t12p_residual_seed102,t12p_residual_seed102-episode-000003,20,21,36.124,35.474,35.478,35.498,35.574,36.074,0,0.5,true,,2.876526076170708,2.876618642172993,0.050863765791097026,0.4127898045694172,0.3079287602043403,0.41284403669724773,17.709018448345944,-0.0010167541301083795,-0.0008472490745607128,,"[-0.12612909078598022,-0.21527886390686035,0.23936188220977783,-0.8243464827537537,-0.36074298620224]",,"{""acc_lim_theta"":0.592449621594374,""acc_lim_x"":0.608707035417675,""inflation_dist"":0.7253445121701554,""max_vel_theta"":0.75,""max_vel_x"":0.9093104082319605,""min_obstacle_dist"":0.372549899427414,""weight_obstacle"":74.84436206625338,""weight_optimaltime"":0.7432617662285576,""weight_viapoint"":2.5}","{""acc_lim_theta"":0.5942697795660982,""acc_lim_x"":0.6103201834540533,""inflation_dist"":0.7247637706357684,""max_vel_theta"":0.75,""max_vel_x"":0.9180610854007207,""min_obstacle_dist"":0.37364783701794224,""weight_obstacle"":75.33459110117073,""weight_optimaltime"":0.7414912379340884,""weight_viapoint"":2.5}","{""acc_lim_theta"":0.5942697795660982,""acc_lim_x"":0.6103201834540533,""inflation_dist"":0.7247637706357684,""max_vel_theta"":0.75,""max_vel_x"":0.9180610854007207,""min_obstacle_dist"":0.37364783701794224,""weight_obstacle"":75.33459110117073,""weight_optimaltime"":0.7414912379340884,""weight_viapoint"":2.5}","{""acc_lim_theta"":0.5942697795660982,""acc_lim_x"":0.6103201834540533,""inflation_dist"":0.7247637706357684,""max_vel_theta"":0.75,""max_vel_x"":0.9180610854007207,""min_obstacle_dist"":0.37364783701794224,""weight_obstacle"":75.33459110117073,""weight_optimaltime"":0.7414912379340884,""weight_viapoint"":2.5}","{""acc_lim_theta"":0.5942697795660982,""acc_lim_x"":0.6103201834540533,""inflation_dist"":0.7247637706357684,""max_vel_theta"":0.75,""max_vel_x"":0.9180610854007207,""min_obstacle_dist"":0.37364783701794224,""weight_obstacle"":75.33459110117073,""weight_optimaltime"":0.7414912379340884,""weight_viapoint"":2.5}",false,,false,NORMAL,,false,,-0.05602561896794985,-0.00046283001142510827,-0.05,-0.0,-0.0012945105497159663,-1.184079236797926e-05,-0.0,-0.004256437614440797,0.0,0.0,0.0,0.0,0.0,0.0,2.0518749952316284,19.99999999999602,95.99999999999653,true,
t12p_residual_seed102,t12p_residual_seed102-episode-000003,21,22,36.678,36.114,36.124,36.124,36.176,36.676,0,0.45000000000000284,true,,2.8765214433758493,2.8766620129243776,0.05087445553605377,0.4129314844486364,0.3079287602043403,0.3944954128440367,17.58737638661992,-0.001091118624329425,-0.0009084493474564772,,"[-0.12408524751663208,-0.21790647506713867,0.24507570266723633,-0.8219854831695557,-0.36404573917388916]",,"{""acc_lim_theta"":0.5942697795660982,""acc_lim_x"":0.6103201834540533,""inflation_dist"":0.7247637706357684,""max_vel_theta"":0.75,""max_vel_x"":0.9180610854007207,""min_obstacle_dist"":0.37364783701794224,""weight_obstacle"":75.33459110117073,""weight_optimaltime"":0.7414912379340884,""weight_viapoint"":2.5}","{""acc_lim_theta"":0.5942697795660982,""acc_lim_x"":0.6103201834540533,""inflation_dist"":0.7247637706357684,""max_vel_theta"":0.75,""max_vel_x"":0.9180610854007207,""min_obstacle_dist"":0.37364783701794224,""weight_obstacle"":75.33459110117073,""weight_optimaltime"":0.7414912379340884,""weight_viapoint"":2.5}","{""acc_lim_theta"":0.5942697795660982,""acc_lim_x"":0.6103201834540533,""inflation_dist"":0.7247637706357684,""max_vel_theta"":0.75,""max_vel_x"":0.9180610854007207,""min_obstacle_dist"":0.37364783701794224,""weight_obstacle"":75.33459110117073,""weight_optimaltime"":0.7414912379340884,""weight_viapoint"":2.5}","{""acc_lim_theta"":0.5942697795660982,""acc_lim_x"":0.6103201834540533,""inflation_dist"":0.7247637706357684,""max_vel_theta"":0.75,""max_vel_x"":0.9180610854007207,""min_obstacle_dist"":0.37364783701794224,""weight_obstacle"":75.33459110117073,""weight_optimaltime"":0.7414912379340884,""weight_viapoint"":2.5}","{""acc_lim_theta"":0.5942697795660982,""acc_lim_x"":0.6103201834540533,""inflation_dist"":0.7247637706357684,""max_vel_theta"":0.75,""max_vel_x"":0.9180610854007207,""min_obstacle_dist"":0.37364783701794224,""weight_obstacle"":75.33459110117073,""weight_optimaltime"":0.7414912379340884,""weight_viapoint"":2.5}",false,,false,NORMAL,,false,,-0.04687962718903187,-0.0007028477426418434,-0.04500000000000029,-0.0,-0.0011645695519434663,-1.2209894446266766e-05,-0.0,-0.0,0.0,0.0,0.0,0.0,0.0,0.0,0.8724350045667961,0.0,51.9999999999996,true,
t12p_residual_seed102,t12p_residual_seed102-episode-000003,22,23,37.324,36.674,36.678,36.678,36.774,37.274,0,0.5,true,,2.876501106051242,2.8766405739651275,0.050916666683177986,0.4132119262809022,0.3079287602043403,0.41284403669724773,17.66803816030156,0.0009541620127748587,0.0,,"[-0.12429368495941162,-0.2149161696434021,0.23978447914123535,-0.8241642117500305,-0.3606504201889038]",,"{""acc_lim_theta"":0.5942697795660982,""acc_lim_x"":0.6103201834540533,""inflation_dist"":0.7247637706357684,""max_vel_theta"":0.75,""max_vel_x"":0.9180610854007207,""min_obstacle_dist"":0.37364783701794224,""weight_obstacle"":75.33459110117073,""weight_optimaltime"":0.7414912379340884,""weight_viapoint"":2.5}","{""acc_lim_theta"":0.5942697795660982,""acc_lim_x"":0.6103201834540533,""inflation_dist"":0.7247637706357684,""max_vel_theta"":0.75,""max_vel_x"":0.9180610854007207,""min_obstacle_dist"":0.37364783701794224,""weight_obstacle"":75.33459110117073,""weight_optimaltime"":0.7414912379340884,""weight_viapoint"":2.5}","{""acc_lim_theta"":0.5942697795660982,""acc_lim_x"":0.6103201834540533,""inflation_dist"":0.7247637706357684,""max_vel_theta"":0.75,""max_vel_x"":0.9180610854007207,""min_obstacle_dist"":0.37364783701794224,""weight_obstacle"":75.33459110117073,""weight_optimaltime"":0.7414912379340884,""weight_viapoint"":2.5}","{""acc_lim_theta"":0.5942697795660982,""acc_lim_x"":0.6103201834540533,""inflation_dist"":0.7247637706357684,""max_vel_theta"":0.75,""max_vel_x"":0.9180610854007207,""min_obstacle_dist"":0.37364783701794224,""weight_obstacle"":75.33459110117073,""weight_optimaltime"":0.7414912379340884,""weight_viapoint"":2.5}","{""acc_lim_theta"":0.5942697795660982,""acc_lim_x"":0.6103201834540533,""inflation_dist"":0.7247637706357684,""max_vel_theta"":0.75,""max_vel_x"":0.9180610854007207,""min_obstacle_dist"":0.37364783701794224,""weight_obstacle"":75.33459110117073,""weight_optimaltime"":0.7414912379340884,""weight_viapoint"":2.5}",false,,false,NORMAL,,false,,-0.051998266854974606,-0.000697339569426525,-0.05,-0.0,-0.0012933586112872442,-7.568674260832891e-06,-0.0,-0.0,0.0,0.0,0.0,0.0,0.0,0.0,0.8729020046303049,0.0,96.00000000000364,true,
t12p_residual_seed102,t12p_residual_seed102-episode-000003,23,24,37.926,37.314,37.326,37.326,37.376,37.876,0,0.5,true,,2.876731777654446,2.87663897189224,0.050875730652055355,0.41329624452900415,0.3079287602043403,0.41284403669724773,18.005067566387936,-0.000972477663879751,0.0,,"[-0.12439149618148804,-0.21439790725708008,0.23967742919921875,-0.8242979049682617,-0.36052918434143066]",,"{""acc_lim_theta"":0.5942697795660982,""acc_lim_x"":0.6103201834540533,""inflation_dist"":0.7247637706357684,""max_vel_theta"":0.75,""max_vel_x"":0.9180610854007207,""min_obstacle_dist"":0.37364783701794224,""weight_obstacle"":75.33459110117073,""weight_optimaltime"":0.7414912379340884,""weight_viapoint"":2.5}","{""acc_lim_theta"":0.5942697795660982,""acc_lim_x"":0.6103201834540533,""inflation_dist"":0.7247637706357684,""max_vel_theta"":0.75,""max_vel_x"":0.9180610854007207,""min_obstacle_dist"":0.37364783701794224,""weight_obstacle"":75.33459110117073,""weight_optimaltime"":0.7414912379340884,""weight_viapoint"":2.5}","{""acc_lim_theta"":0.5942697795660982,""acc_lim_x"":0.6103201834540533,""inflation_dist"":0.7247637706357684,""max_vel_theta"":0.75,""max_vel_x"":0.9180610854007207,""min_obstacle_dist"":0.37364783701794224,""weight_obstacle"":75.33459110117073,""weight_optimaltime"":0.7414912379340884,""weight_viapoint"":2.5}","{""acc_lim_theta"":0.5942697795660982,""acc_lim_x"":0.6103201834540533,""inflation_dist"":0.7247637706357684,""max_vel_theta"":0.75,""max_vel_x"":0.9180610854007207,""min_obstacle_dist"":0.37364783701794224,""weight_obstacle"":75.33459110117073,""weight_optimaltime"":0.7414912379340884,""weight_viapoint"":2.5}","{""acc_lim_theta"":0.5942697795660982,""acc_lim_x"":0.6103201834540533,""inflation_dist"":0.7247637706357684,""max_vel_theta"":0.75,""max_vel_x"":0.9180610854007207,""min_obstacle_dist"":0.37364783701794224,""weight_obstacle"":75.33459110117073,""weight_optimaltime"":0.7414912379340884,""weight_viapoint"":2.5}",false,,false,NORMAL,,false,,-0.050851451770653804,0.0004640288110313584,-0.05,-0.0,-0.001296574469118441,-1.8906112566718423e-05,-0.0,-0.0,0.0,0.0,0.0,0.0,0.0,0.0,0.7930530118755996,0.0,49.99999999999716,true,
t12p_residual_seed102,t12p_residual_seed102-episode-000003,24,25,38.528,37.914,37.928,37.946,37.978,38.478,0,0.5,true,,2.876546020195331,2.8766448501315867,0.05087843434184124,0.4133797347378846,0.3079287602043403,0.41284403669724773,17.624737478547978,-0.0009960921485628901,0.0,,"[-0.12436753511428833,-0.21455097198486328,0.2398141622543335,-0.8241412043571472,-0.36109471321105957]",,"{""acc_lim_theta"":0.5942697795660982,""acc_lim_x"":0.6103201834540533,""inflation_dist"":0.7247637706357684,""max_vel_theta"":0.75,""max_vel_x"":0.9180610854007207,""min_obstacle_dist"":0.37364783701794224,""weight_obstacle"":75.33459110117073,""weight_optimaltime"":0.7414912379340884,""weight_viapoint"":2.5}","{""acc_lim_theta"":0.5954522407178195,""acc_lim_x"":0.6115017474958068,""inflation_dist"":0.7243669408970878,""max_vel_theta"":0.75,""max_vel_x"":0.9241511533168998,""min_obstacle_dist"":0.3743884684034614,""weight_obstacle"":75.67026194810657,""weight_optimaltime"":0.7402398130003806,""weight_viapoint"":2.5}","{""acc_lim_theta"":0.5954522407178195,""acc_lim_x"":0.6115017474958068,""inflation_dist"":0.7243669408970878,""max_vel_theta"":0.75,""max_vel_x"":0.9241511533168998,""min_obstacle_dist"":0.3743884684034614,""weight_obstacle"":75.67026194810657,""weight_optimaltime"":0.7402398130003806,""weight_viapoint"":2.5}","{""acc_lim_theta"":0.5954522407178195,""acc_lim_x"":0.6115017474958068,""inflation_dist"":0.7243669408970878,""max_vel_theta"":0.75,""max_vel_x"":0.9241511533168998,""min_obstacle_dist"":0.3743884684034614,""weight_obstacle"":75.67026194810657,""weight_optimaltime"":0.7402398130003806,""weight_viapoint"":2.5}","{""acc_lim_theta"":0.5954522407178195,""acc_lim_x"":0.6115017474958068,""inflation_dist"":0.7243669408970878,""max_vel_theta"":0.75,""max_vel_x"":0.9241511533168998,""min_obstacle_dist"":0.3743884684034614,""weight_obstacle"":75.67026194810657,""weight_optimaltime"":0.7402398130003806,""weight_viapoint"":2.5}",false,,false,NORMAL,,false,,-0.05473791374235705,-0.0004941496812782553,-0.05,-0.0,-0.0012950041130385238,-1.1483170150125689e-05,-0.0,-0.0029372767778901403,0.0,0.0,0.0,0.0,0.0,0.0,1.02525700640399,18.000000000000682,50.00000000000426,true,
t12p_residual_seed102,t12p_residual_seed102-episode-000003,25,26,39.076,38.526,38.528,38.528,38.574,39.074,0,0.45000000000000284,true,,2.876549643736821,2.867594020833368,0.04371924105222527,0.42817192432493933,0.3079287602043403,0.41818181818181815,3.7284451496189086,-0.23431304062391423,-0.1461773839865528,,"[-0.12285006046295166,-0.21625566482543945,0.2444089651107788,-0.822373628616333,-0.36376845836639404]",,"{""acc_lim_theta"":0.5954522407178195,""acc_lim_x"":0.6115017474958068,""inflation_dist"":0.7243669408970878,""max_vel_theta"":0.75,""max_vel_x"":0.9241511533168998,""min_obstacle_dist"":0.3743884684034614,""weight_obstacle"":75.67026194810657,""weight_optimaltime"":0.7402398130003806,""weight_viapoint"":2.5}","{""acc_lim_theta"":0.5954522407178195,""acc_lim_x"":0.6115017474958068,""inflation_dist"":0.7243669408970878,""max_vel_theta"":0.75,""max_vel_x"":0.9241511533168998,""min_obstacle_dist"":0.3743884684034614,""weight_obstacle"":75.67026194810657,""weight_optimaltime"":0.7402398130003806,""weight_viapoint"":2.5}","{""acc_lim_theta"":0.5954522407178195,""acc_lim_x"":0.6115017474958068,""inflation_dist"":0.7243669408970878,""max_vel_theta"":0.75,""max_vel_x"":0.9241511533168998,""min_obstacle_dist"":0.3743884684034614,""weight_obstacle"":75.67026194810657,""weight_optimaltime"":0.7402398130003806,""weight_viapoint"":2.5}","{""acc_lim_theta"":0.5954522407178195,""acc_lim_x"":0.6115017474958068,""inflation_dist"":0.7243669408970878,""max_vel_theta"":0.75,""max_vel_x"":0.9241511533168998,""min_obstacle_dist"":0.3743884684034614,""weight_obstacle"":75.67026194810657,""weight_optimaltime"":0.7402398130003806,""weight_viapoint"":2.5}","{""acc_lim_theta"":0.5954522407178195,""acc_lim_x"":0.6115017474958068,""inflation_dist"":0.7243669408970878,""max_vel_theta"":0.75,""max_vel_x"":0.9241511533168998,""min_obstacle_dist"":0.3743884684034614,""weight_obstacle"":75.67026194810657,""weight_optimaltime"":0.7402398130003806,""weight_viapoint"":2.5}",false,,false,NORMAL,,false,,-0.028597165925976803,0.04477811451726543,-0.04500000000000029,-0.0,-0.0011544332328152964,-0.027220847210426648,-0.0,-0.0,0.0,0.0,0.0,0.0,0.0,0.0,0.7722869922872633,0.0,45.999999999999375,true,
t12p_residual_seed102,t12p_residual_seed102-episode-000003,26,27,39.724,39.074,39.078,39.078,39.174,39.674,0,0.5,true,,2.814653282639139,2.583678300964814,0.07738663039870412,0.4781326539651329,0.3079287602043403,0.5373134328358209,2.1953549601593614,-0.3627205265355324,0.11013911609860273,,"[-0.11510950326919556,-0.23329126834869385,0.24877536296844482,-0.822885274887085,-0.38167619705200195]",,"{""acc_lim_theta"":0.5954522407178195,""acc_lim_x"":0.6115017474958068,""inflation_dist"":0.7243669408970878,""max_vel_theta"":0.75,""max_vel_x"":0.9241511533168998,""min_obstacle_dist"":0.3743884684034614,""weight_obstacle"":75.67026194810657,""weight_optimaltime"":0.7402398130003806,""weight_viapoint"":2.5}","{""acc_lim_theta"":0.5954522407178195,""acc_lim_x"":0.6115017474958068,""inflation_dist"":0.7243669408970878,""max_vel_theta"":0.75,""max_vel_x"":0.9241511533168998,""min_obstacle_dist"":0.3743884684034614,""weight_obstacle"":75.67026194810657,""weight_optimaltime"":0.7402398130003806,""weight_viapoint"":2.5}","{""acc_lim_theta"":0.5954522407178195,""acc_lim_x"":0.6115017474958068,""inflation_dist"":0.7243669408970878,""max_vel_theta"":0.75,""max_vel_x"":0.9241511533168998,""min_obstacle_dist"":0.3743884684034614,""weight_obstacle"":75.67026194810657,""weight_optimaltime"":0.7402398130003806,""weight_viapoint"":2.5}","{""acc_lim_theta"":0.5954522407178195,""acc_lim_x"":0.6115017474958068,""inflation_dist"":0.7243669408970878,""max_vel_theta"":0.75,""max_vel_x"":0.9241511533168998,""min_obstacle_dist"":0.3743884684034614,""weight_obstacle"":75.67026194810657,""weight_optimaltime"":0.7402398130003806,""weight_viapoint"":2.5}","{""acc_lim_theta"":0.5954522407178195,""acc_lim_x"":0.6115017474958068,""inflation_dist"":0.7243669408970878,""max_vel_theta"":0.75,""max_vel_x"":0.9241511533168998,""min_obstacle_dist"":0.3743884684034614,""weight_obstacle"":75.67026194810657,""weight_optimaltime"":0.7402398130003806,""weight_viapoint"":2.5}",false,,false,NORMAL,,false,,0.9303884186700423,1.1548749083716259,-0.05,-0.0,-0.003060023121223258,-0.17142646658036034,-0.0,-0.0,0.0,0.0,0.0,0.0,0.0,0.0,1.1136430111946538,0.0,95.99999999999653,true,
t12p_residual_seed102,t12p_residual_seed102-episode-000003,27,28,40.326,39.714,39.724,39.724,39.776,40.276,0,0.5,true,,2.550377471764477,2.3811226837474524,0.18195539974803135,0.4846799306574326,0.3079287602043403,0.6163522012578616,1.9829552926009448,-0.3379498111715241,0.04359464058285518,,"[-0.11695241928100586,-0.2969553470611572,0.08463907241821289,-0.8526110053062439,-0.3060441017150879]",,"{""acc_lim_theta"":0.5954522407178195,""acc_lim_x"":0.6115017474958068,""inflation_dist"":0.7243669408970878,""max_vel_theta"":0.75,""max_vel_x"":0.9241511533168998,""min_obstacle_dist"":0.3743884684034614,""weight_obstacle"":75.67026194810657,""weight_optimaltime"":0.7402398130003806,""weight_viapoint"":2.5}","{""acc_lim_theta"":0.5954522407178195,""acc_lim_x"":0.6115017474958068,""inflation_dist"":0.7243669408970878,""max_vel_theta"":0.75,""max_vel_x"":0.9241511533168998,""min_obstacle_dist"":0.3743884684034614,""weight_obstacle"":75.67026194810657,""weight_optimaltime"":0.7402398130003806,""weight_viapoint"":2.5}","{""acc_lim_theta"":0.5954522407178195,""acc_lim_x"":0.6115017474958068,""inflation_dist"":0.7243669408970878,""max_vel_theta"":0.75,""max_vel_x"":0.9241511533168998,""min_obstacle_dist"":0.3743884684034614,""weight_obstacle"":75.67026194810657,""weight_optimaltime"":0.7402398130003806,""weight_viapoint"":2.5}","{""acc_lim_theta"":0.5954522407178195,""acc_lim_x"":0.6115017474958068,""inflation_dist"":0.7243669408970878,""max_vel_theta"":0.75,""max_vel_x"":0.9241511533168998,""min_obstacle_dist"":0.3743884684034614,""weight_obstacle"":75.67026194810657,""weight_optimaltime"":0.7402398130003806,""weight_viapoint"":2.5}","{""acc_lim_theta"":0.5954522407178195,""acc_lim_x"":0.6115017474958068,""inflation_dist"":0.7243669408970878,""max_vel_theta"":0.75,""max_vel_x"":0.9241511533168998,""min_obstacle_dist"":0.3743884684034614,""weight_obstacle"":75.67026194810657,""weight_optimaltime"":0.7402398130003806,""weight_viapoint"":2.5}",false,,false,NORMAL,,false,,0.6807705429114316,0.8462739400851227,-0.05,-0.0,-0.008685627349358602,-0.10681776982433243,-0.0,-0.0,0.0,0.0,0.0,0.0,0.0,0.0,0.8296860032714903,0.0,52.00000000000671,true,
t12p_residual_seed102,t12p_residual_seed102-episode-000003,28,29,40.878,40.314,40.328,40.348,40.376,40.876,0,0.45000000000000284,true,,2.3507129544082432,2.267753443237009,0.08503918160946831,0.4564284420022048,0.3079287602043403,0.6473988439306358,3.403894633931815,-0.15500763852724897,0.1212445950895366,,"[-0.01955467462539673,-0.18130791187286377,-0.04000544548034668,-0.8499191999435425,-0.41770535707473755]",,"{""acc_lim_theta"":0.5954522407178195,""acc_lim_x"":0.6115017474958068,""inflation_dist"":0.7243669408970878,""max_vel_theta"":0.75,""max_vel_x"":0.9241511533168998,""min_obstacle_dist"":0.3743884684034614,""weight_obstacle"":75.67026194810657,""weight_optimaltime"":0.7402398130003806,""weight_viapoint"":2.5}","{""acc_lim_theta"":0.5971428440589543,""acc_lim_x"":0.608143064131476,""inflation_dist"":0.7247770604484821,""max_vel_theta"":0.75,""max_vel_x"":0.9199620920917284,""min_obstacle_dist"":0.37405646420777383,""weight_obstacle"":75.64044158793993,""weight_optimaltime"":0.7434098733066453,""weight_viapoint"":2.5}","{""acc_lim_theta"":0.5971428440589543,""acc_lim_x"":0.608143064131476,""inflation_dist"":0.7247770604484821,""max_vel_theta"":0.75,""max_vel_x"":0.9199620920917284,""min_obstacle_dist"":0.37405646420777383,""weight_obstacle"":75.64044158793993,""weight_optimaltime"":0.7434098733066453,""weight_viapoint"":2.5}","{""acc_lim_theta"":0.5971428440589543,""acc_lim_x"":0.608143064131476,""inflation_dist"":0.7247770604484821,""max_vel_theta"":0.75,""max_vel_x"":0.9199620920917284,""min_obstacle_dist"":0.3743884684034614,""weight_obstacle"":75.67026194810657,""weight_optimaltime"":0.7434098733066453,""weight_viapoint"":2.5}","{""acc_lim_theta"":0.5971428440589543,""acc_lim_x"":0.608143064131476,""inflation_dist"":0.7247770604484821,""max_vel_theta"":0.75,""max_vel_x"":0.9199620920917284,""min_obstacle_dist"":0.3743884684034614,""weight_obstacle"":75.67026194810657,""weight_optimaltime"":0.7434098733066453,""weight_viapoint"":2.5}",false,,true,WARNING,margin:warning|safety_mode:WARNING:conservative_filter,false,,0.3036888025979849,0.4147975558561723,-0.04500000000000029,-0.00225962094515767,-0.004474964511037602,-0.05666248017882648,-0.0,-0.002711687623165343,0.0,0.0,0.0,0.0,0.0,0.0,1.3747179909842089,19.99999999999602,47.999999999994714,true,
t12p_residual_seed102,t12p_residual_seed102-episode-000003,29,30,41.53,40.874,40.88,40.88,40.98,41.48,0,0.5,true,,2.2605005128911704,2.3013253373970097,0.048122342626875446,0.3982806879138439,0.3079287602043403,0.6385542168674698,1.7726857152489044,0.3245315176382602,0.14891501851866434,,"[-0.08761584758758545,-0.1902105212211609,-0.16197633743286133,-0.8164273500442505,-0.19913792610168457]",,"{""acc_lim_theta"":0.5971428440589543,""acc_lim_x"":0.608143064131476,""inflation_dist"":0.7247770604484821,""max_vel_theta"":0.75,""max_vel_x"":0.9199620920917284,""min_obstacle_dist"":0.3743884684034614,""weight_obstacle"":75.67026194810657,""weight_optimaltime"":0.7434098733066453,""weight_viapoint"":2.5}","{""acc_lim_theta"":0.5971428440589543,""acc_lim_x"":0.608143064131476,""inflation_dist"":0.7247770604484821,""max_vel_theta"":0.75,""max_vel_x"":0.9199620920917284,""min_obstacle_dist"":0.37405646420777383,""weight_obstacle"":75.64044158793993,""weight_optimaltime"":0.7434098733066453,""weight_viapoint"":2.5}","{""acc_lim_theta"":0.5971428440589543,""acc_lim_x"":0.608143064131476,""inflation_dist"":0.7247770604484821,""max_vel_theta"":0.75,""max_vel_x"":0.9199620920917284,""min_obstacle_dist"":0.37405646420777383,""weight_obstacle"":75.64044158793993,""weight_optimaltime"":0.7434098733066453,""weight_viapoint"":2.5}","{""acc_lim_theta"":0.5971428440589543,""acc_lim_x"":0.608143064131476,""inflation_dist"":0.7247770604484821,""max_vel_theta"":0.75,""max_vel_x"":0.9199620920917284,""min_obstacle_dist"":0.3743884684034614,""weight_obstacle"":75.67026194810657,""weight_optimaltime"":0.7434098733066453,""weight_viapoint"":2.5}","{""acc_lim_theta"":0.5971428440589543,""acc_lim_x"":0.608143064131476,""inflation_dist"":0.7247770604484821,""max_vel_theta"":0.75,""max_vel_x"":0.9199620920917284,""min_obstacle_dist"":0.3743884684034614,""weight_obstacle"":75.67026194810657,""weight_optimaltime"":0.7434098733066453,""weight_viapoint"":2.5}",false,,true,WARNING,recovery:hysteresis_or_health_time|safety_mode:WARNING:conservative_filter,false,,-0.378766568230763,-0.20412412252919676,-0.05,-0.01309261975546587,-0.003084244493655493,-0.10846558145244485,-0.0,-0.0,0.0,0.0,0.0,0.0,0.0,0.0,1.2417560064932331,0.0,99.99999999999432,true,
t12p_residual_seed102,t12p_residual_seed102-episode-000003,30,31,42.126,41.518,41.532,41.532,41.576,42.076,0,0.5,true,,2.3315004941282105,2.333301212148323,0.05904013731799176,0.3542118561716924,0.3079287602043403,0.6158536585365854,2.830593975612807,-0.20820545067097798,0.04820387438352762,,"[0.04912436008453369,-0.28690409660339355,-0.16935837268829346,-0.8596804738044739,-0.45996224880218506]",,"{""acc_lim_theta"":0.5971428440589543,""acc_lim_x"":0.608143064131476,""inflation_dist"":0.7247770604484821,""max_vel_theta"":0.75,""max_vel_x"":0.9199620920917284,""min_obstacle_dist"":0.3743884684034614,""weight_obstacle"":75.67026194810657,""weight_optimaltime"":0.7434098733066453,""weight_viapoint"":2.5}","{""acc_lim_theta"":0.5971428440589543,""acc_lim_x"":0.608143064131476,""inflation_dist"":0.7247770604484821,""max_vel_theta"":0.75,""max_vel_x"":0.9199620920917284,""min_obstacle_dist"":0.37405646420777383,""weight_obstacle"":75.64044158793993,""weight_optimaltime"":0.7434098733066453,""weight_viapoint"":2.5}","{""acc_lim_theta"":0.5971428440589543,""acc_lim_x"":0.608143064131476,""inflation_dist"":0.7247770604484821,""max_vel_theta"":0.75,""max_vel_x"":0.9199620920917284,""min_obstacle_dist"":0.37405646420777383,""weight_obstacle"":75.64044158793993,""weight_optimaltime"":0.7434098733066453,""weight_viapoint"":2.5}","{""acc_lim_theta"":0.5971428440589543,""acc_lim_x"":0.608143064131476,""inflation_dist"":0.7247770604484821,""max_vel_theta"":0.75,""max_vel_x"":0.9199620920917284,""min_obstacle_dist"":0.3743884684034614,""weight_obstacle"":75.67026194810657,""weight_optimaltime"":0.7434098733066453,""weight_viapoint"":2.5}","{""acc_lim_theta"":0.5971428440589543,""acc_lim_x"":0.608143064131476,""inflation_dist"":0.7247770604484821,""max_vel_theta"":0.75,""max_vel_x"":0.9199620920917284,""min_obstacle_dist"":0.3743884684034614,""weight_obstacle"":75.67026194810657,""weight_optimaltime"":0.7434098733066453,""weight_viapoint"":2.5}",false,,true,WARNING,margin:warning|safety_mode:WARNING:conservative_filter,false,,-0.3436517706372346,-0.009003590100562509,-0.05,-0.0002729955785500232,-0.003137959211070309,-0.2812372257470518,-0.0,-0.0,0.0,0.0,0.0,0.0,0.0,0.0,1.2046699994243681,0.0,44.000000000004036,true,
t12p_residual_seed102,t12p_residual_seed102-episode-000003,31,32,42.728,42.114,42.13,42.13,42.178,42.678,0,0.5,true,,2.3136121069918367,2.3301407232148663,0.019227265561723064,0.311565178565833,0.3079287602043403,0.6242424242424243,3.8272638766342193,0.14918278596983767,0.124312234010656,,"[-0.04818463325500488,-0.3202853202819824,-0.19387459754943848,-0.8464714288711548,-0.4373632073402405]",,"{""acc_lim_theta"":0.5971428440589543,""acc_lim_x"":0.608143064131476,""inflation_dist"":0.7247770604484821,""max_vel_theta"":0.75,""max_vel_x"":0.9199620920917284,""min_obstacle_dist"":0.3743884684034614,""weight_obstacle"":75.67026194810657,""weight_optimaltime"":0.7434098733066453,""weight_viapoint"":2.5}","{""acc_lim_theta"":0.5971428440589543,""acc_lim_x"":0.608143064131476,""inflation_dist"":0.7247770604484821,""max_vel_theta"":0.75,""max_vel_x"":0.9199620920917284,""min_obstacle_dist"":0.37405646420777383,""weight_obstacle"":75.64044158793993,""weight_optimaltime"":0.7434098733066453,""weight_viapoint"":2.5}","{""acc_lim_theta"":0.5971428440589543,""acc_lim_x"":0.608143064131476,""inflation_dist"":0.7247770604484821,""max_vel_theta"":0.75,""max_vel_x"":0.9199620920917284,""min_obstacle_dist"":0.37405646420777383,""weight_obstacle"":75.64044158793993,""weight_optimaltime"":0.7434098733066453,""weight_viapoint"":2.5}","{""acc_lim_theta"":0.5971428440589543,""acc_lim_x"":0.608143064131476,""inflation_dist"":0.7247770604484821,""max_vel_theta"":0.75,""max_vel_x"":0.9199620920917284,""min_obstacle_dist"":0.3743884684034614,""weight_obstacle"":75.67026194810657,""weight_optimaltime"":0.7434098733066453,""weight_viapoint"":2.5}","{""acc_lim_theta"":0.5971428440589543,""acc_lim_x"":0.608143064131476,""inflation_dist"":0.7247770604484821,""max_vel_theta"":0.75,""max_vel_x"":0.9199620920917284,""min_obstacle_dist"":0.3743884684034614,""weight_obstacle"":75.67026194810657,""weight_optimaltime"":0.7434098733066453,""weight_viapoint"":2.5}",false,,true,WARNING,recovery:hysteresis_or_health_time|safety_mode:WARNING:conservative_filter,false,,-0.4878329858678231,-0.08264308111514795,-0.05,-0.0014470747265854357,-0.0010708354554673156,-0.35267199457062237,-0.0,-0.0,0.0,0.0,0.0,0.0,0.0,0.0,4.268250995664857,0.0,47.999999999994714,true,
t12p_residual_seed102,t12p_residual_seed102-episode-000003,32,33,43.328,42.714,42.728,42.752,42.778,43.278,0,0.5,true,,2.3444502301292536,2.366161112288036,0.06003364868693881,0.28389480101400766,0.3079287602043403,0.6125,2.3851307707838187,0.2556598425791504,0.023410987327338484,,"[0.010997414588928223,-0.1899106502532959,-0.14068561792373657,-0.8883594870567322,-0.11919623613357544]",,"{""acc_lim_theta"":0.5971428440589543,""acc_lim_x"":0.608143064131476,""inflation_dist"":0.7247770604484821,""max_vel_theta"":0.75,""max_vel_x"":0.9199620920917284,""min_obstacle_dist"":0.3743884684034614,""weight_obstacle"":75.67026194810657,""weight_optimaltime"":0.7434098733066453,""weight_viapoint"":2.5}","{""acc_lim_theta"":0.5966542387977842,""acc_lim_x"":0.6066734213869094,""inflation_dist"":0.7250336322494372,""max_vel_theta"":0.75,""max_vel_x"":0.9149661185510105,""min_obstacle_dist"":0.3736872407510076,""weight_obstacle"":75.40681259722314,""weight_optimaltime"":0.744693697123495,""weight_viapoint"":2.5}","{""acc_lim_theta"":0.5966542387977842,""acc_lim_x"":0.6066734213869094,""inflation_dist"":0.7250336322494372,""max_vel_theta"":0.75,""max_vel_x"":0.9149661185510105,""min_obstacle_dist"":0.3736872407510076,""weight_obstacle"":75.40681259722314,""weight_optimaltime"":0.744693697123495,""weight_viapoint"":2.5}","{""acc_lim_theta"":0.5966542387977842,""acc_lim_x"":0.6066734213869094,""inflation_dist"":0.7250336322494372,""max_vel_theta"":0.75,""max_vel_x"":0.9149661185510105,""min_obstacle_dist"":0.3743884684034614,""weight_obstacle"":75.67026194810657,""weight_optimaltime"":0.744693697123495,""weight_viapoint"":2.5}","{""acc_lim_theta"":0.5966542387977842,""acc_lim_x"":0.6066734213869094,""inflation_dist"":0.7250336322494372,""max_vel_theta"":0.75,""max_vel_x"":0.9149661185510105,""min_obstacle_dist"":0.3743884684034614,""weight_obstacle"":75.67026194810657,""weight_optimaltime"":0.744693697123495,""weight_viapoint"":2.5}",false,,true,WARNING,recovery:hysteresis_or_health_time|safety_mode:WARNING:conservative_filter,false,,-0.26911086473943885,-0.10855441079391293,-0.05,-0.0006582369882827681,-0.0006561389148033879,-0.10758978279200503,-0.0,-0.001652295250434738,0.0,0.0,0.0,0.0,0.0,0.0,0.8219820010708645,24.00000000000091,49.99999999999716,true,
t12p_residual_seed102,t12p_residual_seed102-episode-000003,33,34,43.876,43.314,43.33,43.33,43.374,43.874,0,0.45000000000000284,true,,2.3909053951471315,2.4922281338224286,0.12251642545851862,0.3133212785260735,0.3079287602043403,0.5724137931034483,14.347213023764715,-0.029527336185360048,-0.0245540399738659,,"[0.1605316400527954,-0.12274432182312012,-0.024276793003082275,-0.8684976696968079,-0.28363746404647827]",,"{""acc_lim_theta"":0.5966542387977842,""acc_lim_x"":0.6066734213869094,""inflation_dist"":0.7250336322494372,""max_vel_theta"":0.75,""max_vel_x"":0.9149661185510105,""min_obstacle_dist"":0.3743884684034614,""weight_obstacle"":75.67026194810657,""weight_optimaltime"":0.744693697123495,""weight_viapoint"":2.5}","{""acc_lim_theta"":0.5966542387977842,""acc_lim_x"":0.6066734213869094,""inflation_dist"":0.7250336322494372,""max_vel_theta"":0.75,""max_vel_x"":0.9149661185510105,""min_obstacle_dist"":0.3736872407510076,""weight_obstacle"":75.40681259722314,""weight_optimaltime"":0.744693697123495,""weight_viapoint"":2.5}","{""acc_lim_theta"":0.5966542387977842,""acc_lim_x"":0.6066734213869094,""inflation_dist"":0.7250336322494372,""max_vel_theta"":0.75,""max_vel_x"":0.9149661185510105,""min_obstacle_dist"":0.3736872407510076,""weight_obstacle"":75.40681259722314,""weight_optimaltime"":0.744693697123495,""weight_viapoint"":2.5}","{""acc_lim_theta"":0.5966542387977842,""acc_lim_x"":0.6066734213869094,""inflation_dist"":0.7250336322494372,""max_vel_theta"":0.75,""max_vel_x"":0.9149661185510105,""min_obstacle_dist"":0.3743884684034614,""weight_obstacle"":75.67026194810657,""weight_optimaltime"":0.744693697123495,""weight_viapoint"":2.5}","{""acc_lim_theta"":0.5966542387977842,""acc_lim_x"":0.6066734213869094,""inflation_dist"":0.7250336322494372,""max_vel_theta"":0.75,""max_vel_x"":0.9149661185510105,""min_obstacle_dist"":0.3743884684034614,""weight_obstacle"":75.67026194810657,""weight_optimaltime"":0.744693697123495,""weight_viapoint"":2.5}",false,,true,WARNING,recovery:hysteresis_or_health_time|safety_mode:WARNING:conservative_filter,false,,-0.6392668156929309,-0.5066136933764853,-0.04500000000000029,-0.0,-0.00493549269305258,-0.08271762962339274,-0.0,-0.0,0.0,0.0,0.0,0.0,0.0,0.0,0.9999379981309175,0.0,44.000000000004036,true,
t12p_residual_seed102,t12p_residual_seed102-episode-000003,34,35,44.528,43.874,43.878,43.878,43.978,44.478,0,0.5,true,,2.4885430896229424,2.5465652250582433,0.04445803550026133,0.32870156567778297,0.3079287602043403,0.5428571428571428,8.74545599739923,-0.08541873776209016,-0.06843141272887159,,"[0.14060020446777344,-0.32962727546691895,0.024318575859069824,-0.8679996728897095,-0.08328032493591309]",,"{""acc_lim_theta"":0.5966542387977842,""acc_lim_x"":0.6066734213869094,""inflation_dist"":0.7250336322494372,""max_vel_theta"":0.75,""max_vel_x"":0.9149661185510105,""min_obstacle_dist"":0.3743884684034614,""weight_obstacle"":75.67026194810657,""weight_optimaltime"":0.744693697123495,""weight_viapoint"":2.5}","{""acc_lim_theta"":0.5966542387977842,""acc_lim_x"":0.6066734213869094,""inflation_dist"":0.7250336322494372,""max_vel_theta"":0.75,""max_vel_x"":0.9149661185510105,""min_obstacle_dist"":0.3736872407510076,""weight_obstacle"":75.40681259722314,""weight_optimaltime"":0.744693697123495,""weight_viapoint"":2.5}","{""acc_lim_theta"":0.5966542387977842,""acc_lim_x"":0.6066734213869094,""inflation_dist"":0.7250336322494372,""max_vel_theta"":0.75,""max_vel_x"":0.9149661185510105,""min_obstacle_dist"":0.3736872407510076,""weight_obstacle"":75.40681259722314,""weight_optimaltime"":0.744693697123495,""weight_viapoint"":2.5}","{""acc_lim_theta"":0.5966542387977842,""acc_lim_x"":0.6066734213869094,""inflation_dist"":0.7250336322494372,""max_vel_theta"":0.75,""max_vel_x"":0.9149661185510105,""min_obstacle_dist"":0.3743884684034614,""weight_obstacle"":75.67026194810657,""weight_optimaltime"":0.744693697123495,""weight_viapoint"":2.5}","{""acc_lim_theta"":0.5966542387977842,""acc_lim_x"":0.6066734213869094,""inflation_dist"":0.7250336322494372,""max_vel_theta"":0.75,""max_vel_x"":0.9149661185510105,""min_obstacle_dist"":0.3743884684034614,""weight_obstacle"":75.67026194810657,""weight_optimaltime"":0.744693697123495,""weight_viapoint"":2.5}",false,,true,WARNING,recovery:healthy_timer_started|recovery:hysteresis_or_health_time|safety_mode:WARNING:conservative_filter,false,,-0.5750413049995367,-0.29011067717650496,-0.05,-0.0,-0.008980394540719626,-0.22595023328231212,-0.0,-0.0,0.0,0.0,0.0,0.0,0.0,0.0,1.2348400050541386,0.0,100.00000000000142,true,
t12p_residual_seed102,t12p_residual_seed102-episode-000003,35,36,45.126,44.514,44.528,44.528,44.576,45.076,0,0.5,true,,2.5383579646700474,2.491534884534575,0.058250131252779655,0.33075389849222786,0.3079287602043403,0.5753424657534246,2.7043631934370405,-0.2636387134088646,0.059596293464647294,,"[0.029442667961120605,-0.23384732007980347,-0.07183188199996948,-0.9246766567230225,-0.05380213260650635]",,"{""acc_lim_theta"":0.5966542387977842,""acc_lim_x"":0.6066734213869094,""inflation_dist"":0.7250336322494372,""max_vel_theta"":0.75,""max_vel_x"":0.9149661185510105,""min_obstacle_dist"":0.3743884684034614,""weight_obstacle"":75.67026194810657,""weight_optimaltime"":0.744693697123495,""weight_viapoint"":2.5}","{""acc_lim_theta"":0.5966542387977842,""acc_lim_x"":0.6066734213869094,""inflation_dist"":0.7250336322494372,""max_vel_theta"":0.75,""max_vel_x"":0.9149661185510105,""min_obstacle_dist"":0.3736872407510076,""weight_obstacle"":75.40681259722314,""weight_optimaltime"":0.744693697123495,""weight_viapoint"":2.5}","{""acc_lim_theta"":0.5966542387977842,""acc_lim_x"":0.6066734213869094,""inflation_dist"":0.7250336322494372,""max_vel_theta"":0.75,""max_vel_x"":0.9149661185510105,""min_obstacle_dist"":0.3736872407510076,""weight_obstacle"":75.40681259722314,""weight_optimaltime"":0.744693697123495,""weight_viapoint"":2.5}","{""acc_lim_theta"":0.5966542387977842,""acc_lim_x"":0.6066734213869094,""inflation_dist"":0.7250336322494372,""max_vel_theta"":0.75,""max_vel_x"":0.9149661185510105,""min_obstacle_dist"":0.3743884684034614,""weight_obstacle"":75.67026194810657,""weight_optimaltime"":0.744693697123495,""weight_viapoint"":2.5}","{""acc_lim_theta"":0.5966542387977842,""acc_lim_x"":0.6066734213869094,""inflation_dist"":0.7250336322494372,""max_vel_theta"":0.75,""max_vel_x"":0.9149661185510105,""min_obstacle_dist"":0.3743884684034614,""weight_obstacle"":75.67026194810657,""weight_optimaltime"":0.744693697123495,""weight_viapoint"":2.5}",false,,true,WARNING,recovery:hysteresis_or_health_time|safety_mode:WARNING:conservative_filter,false,,0.06763226884742185,0.23411540067736158,-0.05,-0.0,-0.001109221987164221,-0.11537390984277551,-0.0,-0.0,0.0,0.0,0.0,0.0,0.0,0.0,0.7036909955786541,0.0,48.00000000000182,true,
t12p_residual_seed102,t12p_residual_seed102-episode-000003,36,37,45.728,45.122,45.128,45.148,45.178,45.678,0,0.5,true,,2.4662746536376017,2.366330233369423,0.04520486337830722,0.32114145716473275,0.3079287602043403,0.6125,2.468406343603228,0.24447867062312217,0.11614030808722836,,"[0.0056765079498291016,-0.13950228691101074,0.1425919532775879,-0.9057448506355286,-0.25925612449645996]",,"{""acc_lim_theta"":0.5966542387977842,""acc_lim_x"":0.6066734213869094,""inflation_dist"":0.7250336322494372,""max_vel_theta"":0.75,""max_vel_x"":0.9149661185510105,""min_obstacle_dist"":0.3743884684034614,""weight_obstacle"":75.67026194810657,""weight_optimaltime"":0.744693697123495,""weight_viapoint"":2.5}","{""acc_lim_theta"":0.5949936328645236,""acc_lim_x"":0.6102585023324729,""inflation_dist"":0.7248228358496143,""max_vel_theta"":0.75,""max_vel_x"":0.9219796230809241,""min_obstacle_dist"":0.37390625526450305,""weight_obstacle"":75.60128821537377,""weight_optimaltime"":0.743273757105376,""weight_viapoint"":2.5}","{""acc_lim_theta"":0.5949936328645236,""acc_lim_x"":0.6102585023324729,""inflation_dist"":0.7248228358496143,""max_vel_theta"":0.75,""max_vel_x"":0.9219796230809241,""min_obstacle_dist"":0.37390625526450305,""weight_obstacle"":75.60128821537377,""weight_optimaltime"":0.743273757105376,""weight_viapoint"":2.5}","{""acc_lim_theta"":0.5949936328645236,""acc_lim_x"":0.6102585023324729,""inflation_dist"":0.7250336322494372,""max_vel_theta"":0.75,""max_vel_x"":0.9149661185510105,""min_obstacle_dist"":0.3743884684034614,""weight_obstacle"":75.67026194810657,""weight_optimaltime"":0.743273757105376,""weight_viapoint"":2.5}","{""acc_lim_theta"":0.5949936328645236,""acc_lim_x"":0.6102585023324729,""inflation_dist"":0.7250336322494372,""max_vel_theta"":0.75,""max_vel_x"":0.9149661185510105,""min_obstacle_dist"":0.3743884684034614,""weight_obstacle"":75.67026194810657,""weight_optimaltime"":0.743273757105376,""weight_viapoint"":2.5}",false,,true,WARNING,recovery:hysteresis_or_health_time|safety_mode:WARNING:conservative_filter,false,,0.35561791982480156,0.4997221013408937,-0.05,-0.0,-0.002679744002055466,-0.08982902779070683,-0.0,-0.0015954097233298438,0.0,0.0,0.0,0.0,0.0,0.0,1.0865689982892945,20.000000000003126,49.99999999999716,true,
t12p_residual_seed102,t12p_residual_seed102-episode-000003,37,38,46.326,45.714,45.73,45.73,45.776,46.276,0,0.5,true,,2.3897319660698426,2.418561276681567,0.051876338063605254,0.3144591296648409,0.3079287602043403,0.6013071895424836,1.9714137938146916,-0.3331930171520677,-0.04238462930961595,,"[0.011178731918334961,-0.17823582887649536,-0.11007285118103027,-0.8807210326194763,-0.06961381435394287]",,"{""acc_lim_theta"":0.5949936328645236,""acc_lim_x"":0.6102585023324729,""inflation_dist"":0.7250336322494372,""max_vel_theta"":0.75,""max_vel_x"":0.9149661185510105,""min_obstacle_dist"":0.3743884684034614,""weight_obstacle"":75.67026194810657,""weight_optimaltime"":0.743273757105376,""weight_viapoint"":2.5}","{""acc_lim_theta"":0.5949936328645236,""acc_lim_x"":0.6102585023324729,""inflation_dist"":0.7248228358496143,""max_vel_theta"":0.75,""max_vel_x"":0.9219796230809241,""min_obstacle_dist"":0.37390625526450305,""weight_obstacle"":75.60128821537377,""weight_optimaltime"":0.743273757105376,""weight_viapoint"":2.5}","{""acc_lim_theta"":0.5949936328645236,""acc_lim_x"":0.6102585023324729,""inflation_dist"":0.7248228358496143,""max_vel_theta"":0.75,""max_vel_x"":0.9219796230809241,""min_obstacle_dist"":0.37390625526450305,""weight_obstacle"":75.60128821537377,""weight_optimaltime"":0.743273757105376,""weight_viapoint"":2.5}","{""acc_lim_theta"":0.5949936328645236,""acc_lim_x"":0.6102585023324729,""inflation_dist"":0.7250336322494372,""max_vel_theta"":0.75,""max_vel_x"":0.9149661185510105,""min_obstacle_dist"":0.3743884684034614,""weight_obstacle"":75.67026194810657,""weight_optimaltime"":0.743273757105376,""weight_viapoint"":2.5}","{""acc_lim_theta"":0.5949936328645236,""acc_lim_x"":0.6102585023324729,""inflation_dist"":0.7250336322494372,""max_vel_theta"":0.75,""max_vel_x"":0.9149661185510105,""min_obstacle_dist"":0.3743884684034614,""weight_obstacle"":75.67026194810657,""weight_optimaltime"":0.743273757105376,""weight_viapoint"":2.5}",false,,true,WARNING,recovery:hysteresis_or_health_time|safety_mode:WARNING:conservative_filter,false,,-0.39859582182512043,-0.14414655305862167,-0.05,-0.0,-0.0019497688771498538,-0.20249949988934893,-0.0,-0.0,0.0,0.0,0.0,0.0,0.0,0.0,1.069595993612893,0.0,46.00000000000648,true,
t12p_residual_seed102,t12p_residual_seed102-episode-000003,38,39,46.926,46.314,46.328,46.328,46.376,46.876,0,0.5,true,,2.3865755226019383,2.329516076458861,0.054011686818778167,0.2826449774834673,0.3079287602043403,0.6242424242424243,1.0372769828819652,0.5471466962696325,-0.029837573902719492,,"[0.06018400192260742,-0.10704517364501953,0.04729616641998291,-0.8612431287765503,-0.25316452980041504]",,"{""acc_lim_theta"":0.5949936328645236,""acc_lim_x"":0.6102585023324729,""inflation_dist"":0.7250336322494372,""max_vel_theta"":0.75,""max_vel_x"":0.9149661185510105,""min_obstacle_dist"":0.3743884684034614,""weight_obstacle"":75.67026194810657,""weight_optimaltime"":0.743273757105376,""weight_viapoint"":2.5}","{""acc_lim_theta"":0.5949936328645236,""acc_lim_x"":0.6102585023324729,""inflation_dist"":0.7248228358496143,""max_vel_theta"":0.75,""max_vel_x"":0.9219796230809241,""min_obstacle_dist"":0.37390625526450305,""weight_obstacle"":75.60128821537377,""weight_optimaltime"":0.743273757105376,""weight_viapoint"":2.5}","{""acc_lim_theta"":0.5949936328645236,""acc_lim_x"":0.6102585023324729,""inflation_dist"":0.7248228358496143,""max_vel_theta"":0.75,""max_vel_x"":0.9219796230809241,""min_obstacle_dist"":0.37390625526450305,""weight_obstacle"":75.60128821537377,""weight_optimaltime"":0.743273757105376,""weight_viapoint"":2.5}","{""acc_lim_theta"":0.5949936328645236,""acc_lim_x"":0.6102585023324729,""inflation_dist"":0.7250336322494372,""max_vel_theta"":0.75,""max_vel_x"":0.9149661185510105,""min_obstacle_dist"":0.3743884684034614,""weight_obstacle"":75.67026194810657,""weight_optimaltime"":0.743273757105376,""weight_viapoint"":2.5}","{""acc_lim_theta"":0.5949936328645236,""acc_lim_x"":0.6102585023324729,""inflation_dist"":0.7250336322494372,""max_vel_theta"":0.75,""max_vel_x"":0.9149661185510105,""min_obstacle_dist"":0.3743884684034614,""weight_obstacle"":75.67026194810657,""weight_optimaltime"":0.743273757105376,""weight_viapoint"":2.5}",false,,true,WARNING,margin:warning|safety_mode:WARNING:conservative_filter,false,,0.11542621167679994,0.2852972307153867,-0.05,-0.0019204462245166164,-0.001609263336891719,-0.11634130947717845,-0.0,-0.0,0.0,0.0,0.0,0.0,0.0,0.0,1.3536639889935032,0.0,47.999999999994714,true,
t12p_residual_seed102,t12p_residual_seed102-episode-000003,39,40,47.526,46.914,46.926,46.926,46.976,47.476,0,0.5,true,,2.382417815778086,2.5232408535215773,0.06141239320669384,0.3302479967069944,0.3079287602043403,0.5602836879432624,4.38035005855003,0.1705723130229253,0.022331494964988038,,"[0.17181408405303955,-0.12528473138809204,-0.17605066299438477,-0.865714430809021,-0.09712415933609009]",,"{""acc_lim_theta"":0.5949936328645236,""acc_lim_x"":0.6102585023324729,""inflation_dist"":0.7250336322494372,""max_vel_theta"":0.75,""max_vel_x"":0.9149661185510105,""min_obstacle_dist"":0.3743884684034614,""weight_obstacle"":75.67026194810657,""weight_optimaltime"":0.743273757105376,""weight_viapoint"":2.5}","{""acc_lim_theta"":0.5949936328645236,""acc_lim_x"":0.6102585023324729,""inflation_dist"":0.7248228358496143,""max_vel_theta"":0.75,""max_vel_x"":0.9219796230809241,""min_obstacle_dist"":0.37390625526450305,""weight_obstacle"":75.60128821537377,""weight_optimaltime"":0.743273757105376,""weight_viapoint"":2.5}","{""acc_lim_theta"":0.5949936328645236,""acc_lim_x"":0.6102585023324729,""inflation_dist"":0.7248228358496143,""max_vel_theta"":0.75,""max_vel_x"":0.9219796230809241,""min_obstacle_dist"":0.37390625526450305,""weight_obstacle"":75.60128821537377,""weight_optimaltime"":0.743273757105376,""weight_viapoint"":2.5}","{""acc_lim_theta"":0.5949936328645236,""acc_lim_x"":0.6102585023324729,""inflation_dist"":0.7250336322494372,""max_vel_theta"":0.75,""max_vel_x"":0.9149661185510105,""min_obstacle_dist"":0.3743884684034614,""weight_obstacle"":75.67026194810657,""weight_optimaltime"":0.743273757105376,""weight_viapoint"":2.5}","{""acc_lim_theta"":0.5949936328645236,""acc_lim_x"":0.6102585023324729,""inflation_dist"":0.7250336322494372,""max_vel_theta"":0.75,""max_vel_x"":0.9149661185510105,""min_obstacle_dist"":0.3743884684034614,""weight_obstacle"":75.67026194810657,""weight_optimaltime"":0.743273757105376,""weight_viapoint"":2.5}",false,,true,WARNING,margin:warning|safety_mode:WARNING:conservative_filter,false,,-0.8236238163717389,-0.7041151887174557,-0.05,-0.0,-0.0054543476463299115,-0.0640542800079532,-0.0,-0.0,0.0,0.0,0.0,0.0,0.0,0.0,0.7823609921615571,0.0,49.99999999999716,true,
t12p_residual_seed102,t12p_residual_seed102-episode-000003,40,41,48.126,47.514,47.526,47.554,47.576,48.076,0,0.5,true,,2.539604921573002,2.418819360337778,0.03860094618703238,0.29430632212634683,0.3079287602043403,0.6,1.894728464158977,-0.3403052559807325,0.1360092503007867,,"[0.14944005012512207,-0.23547494411468506,-0.00335085391998291,-0.8814815282821655,-0.2900681495666504]",,"{""acc_lim_theta"":0.5949936328645236,""acc_lim_x"":0.6102585023324729,""inflation_dist"":0.7250336322494372,""max_vel_theta"":0.75,""max_vel_x"":0.9149661185510105,""min_obstacle_dist"":0.3743884684034614,""weight_obstacle"":75.67026194810657,""weight_optimaltime"":0.743273757105376,""weight_viapoint"":2.5}","{""acc_lim_theta"":0.593793228144539,""acc_lim_x"":0.6111529821813121,""inflation_dist"":0.7248823662203919,""max_vel_theta"":0.75,""max_vel_x"":0.9253187104388088,""min_obstacle_dist"":0.3734145339751233,""weight_obstacle"":75.69809514034056,""weight_optimaltime"":0.7418134510392603,""weight_viapoint"":2.5}","{""acc_lim_theta"":0.593793228144539,""acc_lim_x"":0.6111529821813121,""inflation_dist"":0.7248823662203919,""max_vel_theta"":0.75,""max_vel_x"":0.9253187104388088,""min_obstacle_dist"":0.3734145339751233,""weight_obstacle"":75.69809514034056,""weight_optimaltime"":0.7418134510392603,""weight_viapoint"":2.5}","{""acc_lim_theta"":0.593793228144539,""acc_lim_x"":0.6111529821813121,""inflation_dist"":0.7250336322494372,""max_vel_theta"":0.75,""max_vel_x"":0.9149661185510105,""min_obstacle_dist"":0.3743884684034614,""weight_obstacle"":75.69809514034056,""weight_optimaltime"":0.7418134510392603,""weight_viapoint"":2.5}","{""acc_lim_theta"":0.593793228144539,""acc_lim_x"":0.6111529821813121,""inflation_dist"":0.7250336322494372,""max_vel_theta"":0.75,""max_vel_x"":0.9149661185510105,""min_obstacle_dist"":0.3743884684034614,""weight_obstacle"":75.69809514034056,""weight_optimaltime"":0.7418134510392603,""weight_viapoint"":2.5}",false,,true,WARNING,recovery:hysteresis_or_health_time|safety_mode:WARNING:conservative_filter,false,,0.3491887345119871,0.6039278061761211,-0.05,-0.0,-0.0008186005233668003,-0.20304902240087006,-0.0,-0.0008714487398970256,0.0,0.0,0.0,0.0,0.0,0.0,0.769837002735585,27.999999999998693,49.99999999999716,true,
t12p_residual_seed102,t12p_residual_seed102-episode-000003,41,42,48.68,48.114,48.126,48.126,48.178,48.678,0,0.45000000000000284,true,,2.3859748028300145,2.35667507599666,0.05781046412534775,0.27300187297405343,0.3079287602043403,0.6125,1.9950216614431846,0.30660350252529495,0.06690956029686818,,"[0.07856130599975586,-0.16353636980056763,-0.02177482843399048,-0.8825964331626892,-0.04291415214538574]",,"{""acc_lim_theta"":0.593793228144539,""acc_lim_x"":0.6111529821813121,""inflation_dist"":0.7250336322494372,""max_vel_theta"":0.75,""max_vel_x"":0.9149661185510105,""min_obstacle_dist"":0.3743884684034614,""weight_obstacle"":75.69809514034056,""weight_optimaltime"":0.7418134510392603,""weight_viapoint"":2.5}","{""acc_lim_theta"":0.593793228144539,""acc_lim_x"":0.6111529821813121,""inflation_dist"":0.7248823662203919,""max_vel_theta"":0.75,""max_vel_x"":0.9253187104388088,""min_obstacle_dist"":0.3734145339751233,""weight_obstacle"":75.69809514034056,""weight_optimaltime"":0.7418134510392603,""weight_viapoint"":2.5}","{""acc_lim_theta"":0.593793228144539,""acc_lim_x"":0.6111529821813121,""inflation_dist"":0.7248823662203919,""max_vel_theta"":0.75,""max_vel_x"":0.9253187104388088,""min_obstacle_dist"":0.3734145339751233,""weight_obstacle"":75.69809514034056,""weight_optimaltime"":0.7418134510392603,""weight_viapoint"":2.5}","{""acc_lim_theta"":0.593793228144539,""acc_lim_x"":0.6111529821813121,""inflation_dist"":0.7250336322494372,""max_vel_theta"":0.75,""max_vel_x"":0.9149661185510105,""min_obstacle_dist"":0.3743884684034614,""weight_obstacle"":75.69809514034056,""weight_optimaltime"":0.7418134510392603,""weight_viapoint"":2.5}","{""acc_lim_theta"":0.593793228144539,""acc_lim_x"":0.6111529821813121,""inflation_dist"":0.7250336322494372,""max_vel_theta"":0.75,""max_vel_x"":0.9149661185510105,""min_obstacle_dist"":0.3743884684034614,""weight_obstacle"":75.69809514034056,""weight_optimaltime"":0.7418134510392603,""weight_viapoint"":2.5}",false,,true,WARNING,margin:warning|safety_mode:WARNING:conservative_filter,false,,0.018026617417845697,0.14649863416677178,-0.04500000000000029,-0.0008868463813635686,-0.0008734971166624946,-0.08171167325089973,-0.0,-0.0,0.0,0.0,0.0,0.0,0.0,0.0,0.8603640017099679,0.0,51.9999999999996,true,
t12p_residual_seed102,t12p_residual_seed102-episode-000003,42,43,49.326,48.676,48.682,48.682,48.776,49.276,0,0.5,true,,2.3981181317132463,2.3930608602114987,0.08130088184782863,0.2583498065324792,0.3079287602043403,0.5987261146496815,5.341430148711251,0.11830781171412243,0.09436312916167565,,"[0.06238973140716553,-0.2808394432067871,0.018249154090881348,-0.9194444417953491,-0.2211487889289856]",,"{""acc_lim_theta"":0.593793228144539,""acc_lim_x"":0.6111529821813121,""inflation_dist"":0.7250336322494372,""max_vel_theta"":0.75,""max_vel_x"":0.9149661185510105,""min_obstacle_dist"":0.3743884684034614,""weight_obstacle"":75.69809514034056,""weight_optimaltime"":0.7418134510392603,""weight_viapoint"":2.5}","{""acc_lim_theta"":0.593793228144539,""acc_lim_x"":0.6111529821813121,""inflation_dist"":0.7248823662203919,""max_vel_theta"":0.75,""max_vel_x"":0.9253187104388088,""min_obstacle_dist"":0.3734145339751233,""weight_obstacle"":75.69809514034056,""weight_optimaltime"":0.7418134510392603,""weight_viapoint"":2.5}","{""acc_lim_theta"":0.593793228144539,""acc_lim_x"":0.6111529821813121,""inflation_dist"":0.7248823662203919,""max_vel_theta"":0.75,""max_vel_x"":0.9253187104388088,""min_obstacle_dist"":0.3734145339751233,""weight_obstacle"":75.69809514034056,""weight_optimaltime"":0.7418134510392603,""weight_viapoint"":2.5}","{""acc_lim_theta"":0.593793228144539,""acc_lim_x"":0.6111529821813121,""inflation_dist"":0.7250336322494372,""max_vel_theta"":0.75,""max_vel_x"":0.9149661185510105,""min_obstacle_dist"":0.3743884684034614,""weight_obstacle"":75.69809514034056,""weight_optimaltime"":0.7418134510392603,""weight_viapoint"":2.5}","{""acc_lim_theta"":0.593793228144539,""acc_lim_x"":0.6111529821813121,""inflation_dist"":0.7250336322494372,""max_vel_theta"":0.75,""max_vel_x"":0.9149661185510105,""min_obstacle_dist"":0.3743884684034614,""weight_obstacle"":75.69809514034056,""weight_optimaltime"":0.7418134510392603,""weight_viapoint"":2.5}",false,,true,WARNING,margin:warning|safety_mode:WARNING:conservative_filter,false,,-0.13994997021319588,0.02528635750873809,-0.05,-0.0,-0.0037263689098813464,-0.11150995881205264,-0.0,-0.0,0.0,0.0,0.0,0.0,0.0,0.0,0.911102004465647,0.0,94.0000000000012,true,
t12p_residual_seed102,t12p_residual_seed102-episode-000003,43,44,49.928,49.314,49.326,49.326,49.378,49.878,0,0.5,true,,2.404581366875941,2.546097559409492,0.18037697063959177,0.3073116129310021,0.3079287602043403,0.5539568345323741,10.990233377657772,0.06785757998516274,0.0020851582877864806,,"[0.2021721601486206,-0.37240540981292725,-0.03602778911590576,-0.884799063205719,-0.1138715147972107]",,"{""acc_lim_theta"":0.593793228144539,""acc_lim_x"":0.6111529821813121,""inflation_dist"":0.7250336322494372,""max_vel_theta"":0.75,""max_vel_x"":0.9149661185510105,""min_obstacle_dist"":0.3743884684034614,""weight_obstacle"":75.69809514034056,""weight_optimaltime"":0.7418134510392603,""weight_viapoint"":2.5}","{""acc_lim_theta"":0.593793228144539,""acc_lim_x"":0.6111529821813121,""inflation_dist"":0.7248823662203919,""max_vel_theta"":0.75,""max_vel_x"":0.9253187104388088,""min_obstacle_dist"":0.3734145339751233,""weight_obstacle"":75.69809514034056,""weight_optimaltime"":0.7418134510392603,""weight_viapoint"":2.5}","{""acc_lim_theta"":0.593793228144539,""acc_lim_x"":0.6111529821813121,""inflation_dist"":0.7248823662203919,""max_vel_theta"":0.75,""max_vel_x"":0.9253187104388088,""min_obstacle_dist"":0.3734145339751233,""weight_obstacle"":75.69809514034056,""weight_optimaltime"":0.7418134510392603,""weight_viapoint"":2.5}","{""acc_lim_theta"":0.593793228144539,""acc_lim_x"":0.6111529821813121,""inflation_dist"":0.7250336322494372,""max_vel_theta"":0.75,""max_vel_x"":0.9149661185510105,""min_obstacle_dist"":0.3743884684034614,""weight_obstacle"":75.69809514034056,""weight_optimaltime"":0.7418134510392603,""weight_viapoint"":2.5}","{""acc_lim_theta"":0.593793228144539,""acc_lim_x"":0.6111529821813121,""inflation_dist"":0.7250336322494372,""max_vel_theta"":0.75,""max_vel_x"":0.9149661185510105,""min_obstacle_dist"":0.3743884684034614,""weight_obstacle"":75.69809514034056,""weight_optimaltime"":0.7418134510392603,""weight_viapoint"":2.5}",false,,true,WARNING,recovery:hysteresis_or_health_time|safety_mode:WARNING:conservative_filter,false,,-0.8760762961384432,-0.7075809626677554,-0.05,-0.0,-0.007312662823723046,-0.11118267064696473,-0.0,-0.0,0.0,0.0,0.0,0.0,0.0,0.0,0.7354169938480482,0.0,51.9999999999996,true,
t12p_residual_seed102,t12p_residual_seed102-episode-000003,44,45,50.526,49.914,49.928,49.944,49.976,50.476,0,0.5,true,,2.552648231941287,2.451503187191072,0.03326998866984918,0.3215764298271239,0.3079287602043403,0.5838926174496645,6.33200449214062,-0.10864643351449953,0.004052679768144801,,"[0.20013022422790527,-0.016517579555511475,0.07393229007720947,-0.878101110458374,-0.12319642305374146]",,"{""acc_lim_theta"":0.593793228144539,""acc_lim_x"":0.6111529821813121,""inflation_dist"":0.7250336322494372,""max_vel_theta"":0.75,""max_vel_x"":0.9149661185510105,""min_obstacle_dist"":0.3743884684034614,""weight_obstacle"":75.69809514034056,""weight_optimaltime"":0.7418134510392603,""weight_viapoint"":2.5}","{""acc_lim_theta"":0.592162297157511,""acc_lim_x"":0.6125169582962081,""inflation_dist"":0.7248093269248921,""max_vel_theta"":0.75,""max_vel_x"":0.9242557044973563,""min_obstacle_dist"":0.37421199509886577,""weight_obstacle"":75.57173263835746,""weight_optimaltime"":0.7444458187898249,""weight_viapoint"":2.5}","{""acc_lim_theta"":0.592162297157511,""acc_lim_x"":0.6125169582962081,""inflation_dist"":0.7248093269248921,""max_vel_theta"":0.75,""max_vel_x"":0.9242557044973563,""min_obstacle_dist"":0.37421199509886577,""weight_obstacle"":75.57173263835746,""weight_optimaltime"":0.7444458187898249,""weight_viapoint"":2.5}","{""acc_lim_theta"":0.592162297157511,""acc_lim_x"":0.6125169582962081,""inflation_dist"":0.7250336322494372,""max_vel_theta"":0.75,""max_vel_x"":0.9149661185510105,""min_obstacle_dist"":0.3743884684034614,""weight_obstacle"":75.69809514034056,""weight_optimaltime"":0.7444458187898249,""weight_viapoint"":2.5}","{""acc_lim_theta"":0.592162297157511,""acc_lim_x"":0.6125169582962081,""inflation_dist"":0.7250336322494372,""max_vel_theta"":0.75,""max_vel_x"":0.9149661185510105,""min_obstacle_dist"":0.3743884684034614,""weight_obstacle"":75.69809514034056,""weight_optimaltime"":0.7444458187898249,""weight_viapoint"":2.5}",false,,true,WARNING,recovery:healthy_timer_started|recovery:hysteresis_or_health_time|safety_mode:WARNING:conservative_filter,false,,0.24231009913378326,0.5057252237510745,-0.05,-0.0,-0.010148582046110672,-0.20199134224558668,-0.0,-0.0012752003255939227,0.0,0.0,0.0,0.0,0.0,0.0,0.8016280044103041,16.000000000005343,48.00000000000182,true,
t12p_residual_seed102,t12p_residual_seed102-episode-000003,45,46,50.526,50.526,,,,50.526,0,0.0,true,,2.447338971674238,2.447338971674238,0.03326998866984918,0.3215764298271239,0.3079287602043403,0.5838926174496645,6.33200449214062,-0.10864643351449953,0.004052679768144801,,"[0.11895477771759033,0.04785764217376709,0.04489302635192871,-0.934247612953186,-0.11770772933959961]",,"{""acc_lim_theta"":0.592162297157511,""acc_lim_x"":0.6125169582962081,""inflation_dist"":0.7250336322494372,""max_vel_theta"":0.75,""max_vel_x"":0.9149661185510105,""min_obstacle_dist"":0.3743884684034614,""weight_obstacle"":75.69809514034056,""weight_optimaltime"":0.7444458187898249,""weight_viapoint"":2.5}","{""acc_lim_theta"":0.8,""acc_lim_x"":0.8,""inflation_dist"":0.55,""max_vel_theta"":1.0,""max_vel_x"":1.2,""min_obstacle_dist"":0.25,""weight_obstacle"":50.0,""weight_optimaltime"":1.0,""weight_viapoint"":1.0}","{""acc_lim_theta"":0.592162297157511,""acc_lim_x"":0.6125169582962081,""inflation_dist"":0.7250336322494372,""max_vel_theta"":0.75,""max_vel_x"":0.9149661185510105,""min_obstacle_dist"":0.3743884684034614,""weight_obstacle"":75.69809514034056,""weight_optimaltime"":0.7444458187898249,""weight_viapoint"":2.5}","{""acc_lim_theta"":0.592162297157511,""acc_lim_x"":0.6125169582962081,""inflation_dist"":0.7250336322494372,""max_vel_theta"":0.75,""max_vel_x"":0.9149661185510105,""min_obstacle_dist"":0.3743884684034614,""weight_obstacle"":75.69809514034056,""weight_optimaltime"":0.7444458187898249,""weight_viapoint"":2.5}","{""acc_lim_theta"":0.8,""acc_lim_x"":0.8,""inflation_dist"":0.55,""max_vel_theta"":1.0,""max_vel_x"":1.2,""min_obstacle_dist"":0.25,""weight_obstacle"":50.0,""weight_optimaltime"":1.0,""weight_viapoint"":1.0}",false,,false,NORMAL,,false,,0.0,0.0,0.0,0.0,0.0,0.0,0.0,0.0,0.0,0.0,0.0,0.0,0.0,0.0,1.0419359896332026,0.0,0.0,false,terminal_before_parameter_activation
t12p_residual_seed102,t12p_residual_seed102-episode-000004,0,1,54.092,53.494,53.496,53.516,53.542,54.042,0,0.5,true,,4.432374146925717,3.9120364981717985,0.050035449431751894,0.0003848561716488582,0.29577304333612714,0.9039145907473309,0.2834064850720336,1.0905618516926712,0.002266941828199108,,"[0.48096394538879395,-0.10518646240234375,-0.8123365640640259,-0.20688259601593018,0.971947431564331]",,"{""acc_lim_theta"":0.8,""acc_lim_x"":0.8,""inflation_dist"":0.55,""max_vel_theta"":1.0,""max_vel_x"":1.2,""min_obstacle_dist"":0.25,""weight_obstacle"":50.0,""weight_optimaltime"":1.0,""weight_viapoint"":1.0}","{""acc_lim_theta"":0.5975849013074827,""acc_lim_x"":0.6000682050424215,""inflation_dist"":0.7253685200342292,""max_vel_theta"":0.75,""max_vel_x"":0.8968618939807187,""min_obstacle_dist"":0.3739375246624212,""weight_obstacle"":74.72446959416177,""weight_optimaltime"":0.7495398092269897,""weight_viapoint"":2.5}","{""acc_lim_theta"":0.7000000000000001,""acc_lim_x"":0.7000000000000001,""inflation_dist"":0.6000000000000001,""max_vel_theta"":0.9,""max_vel_x"":1.0999999999999999,""min_obstacle_dist"":0.3,""weight_obstacle"":60.0,""weight_optimaltime"":0.9,""weight_viapoint"":1.5}","{""acc_lim_theta"":0.7000000000000001,""acc_lim_x"":0.7000000000000001,""inflation_dist"":0.6000000000000001,""max_vel_theta"":0.9,""max_vel_x"":1.0999999999999999,""min_obstacle_dist"":0.3,""weight_obstacle"":60.0,""weight_optimaltime"":0.9,""weight_viapoint"":1.5}","{""acc_lim_theta"":0.7000000000000001,""acc_lim_x"":0.7000000000000001,""inflation_dist"":0.6000000000000001,""max_vel_theta"":0.9,""max_vel_x"":1.0999999999999999,""min_obstacle_dist"":0.3,""weight_obstacle"":60.0,""weight_optimaltime"":0.9,""weight_viapoint"":1.5}",true,max_vel_x:rate_limit|max_vel_theta:rate_limit|acc_lim_x:rate_limit|acc_lim_theta:rate_limit|min_obstacle_dist:rate_limit|inflation_dist:rate_limit|weight_obstacle:rate_limit|weight_viapoint:rate_limit|weight_optimaltime:rate_limit,false,WARNING,margin:warning|safety_mode:WARNING:conservative_filter,false,,2.0149381316935044,2.601688243769593,-0.05,-0.23472435293701083,-0.0012804008916460431,-0.12312631062838422,-0.0,-0.17761904761904765,0.0,0.0,0.05000000000000071,1.0,0.0,0.0,1.1213500110898167,19.99999999999602,45.999999999999375,true,
t12p_residual_seed102,t12p_residual_seed102-episode-000004,1,2,54.718,54.074,54.094,54.112,54.144,54.644,0,0.45000000000000284,true,,3.8029812088289625,3.3438868392699854,0.050874397097099455,0.0005214934083315904,0.29577304333612714,0.9172185430463576,0.31666498775902885,0.9999999999999999,-0.005498468487921962,,"[0.3096112012863159,0.2705155611038208,-0.8195045590400696,-0.3433879613876343,0.9468448162078857]",,"{""acc_lim_theta"":0.7000000000000001,""acc_lim_x"":0.7000000000000001,""inflation_dist"":0.6000000000000001,""max_vel_theta"":0.9,""max_vel_x"":1.0999999999999999,""min_obstacle_dist"":0.3,""weight_obstacle"":60.0,""weight_optimaltime"":0.9,""weight_viapoint"":1.5}","{""acc_lim_theta"":0.5975849013074827,""acc_lim_x"":0.6000682050424215,""inflation_dist"":0.7253685200342292,""max_vel_theta"":0.75,""max_vel_x"":0.8968618939807187,""min_obstacle_dist"":0.3739375246624212,""weight_obstacle"":74.72446959416177,""weight_optimaltime"":0.7495398092269897,""weight_viapoint"":2.5}","{""acc_lim_theta"":0.6000000000000001,""acc_lim_x"":0.6000682050424215,""inflation_dist"":0.6500000000000001,""max_vel_theta"":0.8,""max_vel_x"":0.9999999999999999,""min_obstacle_dist"":0.35,""weight_obstacle"":70.0,""weight_optimaltime"":0.8,""weight_viapoint"":2.0}","{""acc_lim_theta"":0.6000000000000001,""acc_lim_x"":0.6000682050424215,""inflation_dist"":0.6500000000000001,""max_vel_theta"":0.8,""max_vel_x"":0.9999999999999999,""min_obstacle_dist"":0.35,""weight_obstacle"":70.0,""weight_optimaltime"":0.8,""weight_viapoint"":2.0}","{""acc_lim_theta"":0.6000000000000001,""acc_lim_x"":0.6000682050424215,""inflation_dist"":0.6500000000000001,""max_vel_theta"":0.8,""max_vel_x"":0.9999999999999999,""min_obstacle_dist"":0.35,""weight_obstacle"":70.0,""weight_optimaltime"":0.8,""weight_viapoint"":2.0}",true,max_vel_x:rate_limit|max_vel_theta:rate_limit|acc_lim_theta:rate_limit|min_obstacle_dist:rate_limit|inflation_dist:rate_limit|weight_obstacle:rate_limit|weight_viapoint:rate_limit|weight_optimaltime:rate_limit,false,WARNING,margin:warning|safety_mode:WARNING:conservative_filter,false,,1.8491017239629806,2.2954718477948854,-0.04500000000000029,-0.214242380853413,-0.001161204160876087,-0.008364542459173573,-0.0,-0.17760199635844226,0.0,0.0,0.0,1.0,0.0,0.0,1.095725005143322,18.000000000000682,49.99999999999716,true,
t12p_residual_seed102,t12p_residual_seed102-episode-000004,2,3,55.344,54.714,54.726,54.758,54.842,55.342,0,0.44999999999999574,true,,3.1038893561375778,2.709716735969939,0.05207602573313125,0.005438550138508937,0.29577304333612714,0.9016129032258065,0.344890481782534,0.8999999999999999,-0.0011583559587889601,,"[0.27532362937927246,-0.0025388598442077637,-0.8423784971237183,-0.269248902797699,0.9115729331970215]",,"{""acc_lim_theta"":0.6000000000000001,""acc_lim_x"":0.6000682050424215,""inflation_dist"":0.6500000000000001,""max_vel_theta"":0.8,""max_vel_x"":0.9999999999999999,""min_obstacle_dist"":0.35,""weight_obstacle"":70.0,""weight_optimaltime"":0.8,""weight_viapoint"":2.0}","{""acc_lim_theta"":0.5975849013074827,""acc_lim_x"":0.6000682050424215,""inflation_dist"":0.7253685200342292,""max_vel_theta"":0.75,""max_vel_x"":0.8968618939807187,""min_obstacle_dist"":0.3739375246624212,""weight_obstacle"":74.72446959416177,""weight_optimaltime"":0.7495398092269897,""weight_viapoint"":2.5}","{""acc_lim_theta"":0.5975849013074827,""acc_lim_x"":0.6000682050424215,""inflation_dist"":0.7000000000000002,""max_vel_theta"":0.75,""max_vel_x"":0.8999999999999999,""min_obstacle_dist"":0.3739375246624212,""weight_obstacle"":74.72446959416177,""weight_optimaltime"":0.7495398092269897,""weight_viapoint"":2.5}","{""acc_lim_theta"":0.5975849013074827,""acc_lim_x"":0.6000682050424215,""inflation_dist"":0.7000000000000002,""max_vel_theta"":0.75,""max_vel_x"":0.8999999999999999,""min_obstacle_dist"":0.3739375246624212,""weight_obstacle"":74.72446959416177,""weight_optimaltime"":0.7495398092269897,""weight_viapoint"":2.5}","{""acc_lim_theta"":0.5975849013074827,""acc_lim_x"":0.6000682050424215,""inflation_dist"":0.7000000000000002,""max_vel_theta"":0.75,""max_vel_x"":0.8999999999999999,""min_obstacle_dist"":0.3739375246624212,""weight_obstacle"":74.72446959416177,""weight_optimaltime"":0.7495398092269897,""weight_viapoint"":2.5}",true,max_vel_x:rate_limit|inflation_dist:rate_limit,false,WARNING,margin:warning|safety_mode:WARNING:conservative_filter,false,,1.6177076517764155,1.9708631008381938,-0.044999999999999575,-0.20897620622457372,-0.0011735986443115137,-0.01066683469282237,-0.0,-0.0873388095000711,0.0,0.0,0.0,1.0,0.0,0.0,3.765985995414667,32.00000000000358,115.99999999999966,true,
t12p_residual_seed102,t12p_residual_seed102-episode-000004,3,4,55.994,55.322,55.348,55.366,55.444,55.944,0,0.5,true,,2.565716771188084,2.1172913425179125,0.009078979647766668,0.0016897801300352969,0.29577304333612714,0.8915470494417863,0.3329385850915268,0.8968618939807187,0.009215200661787265,,"[0.3370509147644043,-0.15002697706222534,-0.7679033875465393,-0.2532646656036377,0.9209755659103394]",,"{""acc_lim_theta"":0.5975849013074827,""acc_lim_x"":0.6000682050424215,""inflation_dist"":0.7000000000000002,""max_vel_theta"":0.75,""max_vel_x"":0.8999999999999999,""min_obstacle_dist"":0.3739375246624212,""weight_obstacle"":74.72446959416177,""weight_optimaltime"":0.7495398092269897,""weight_viapoint"":2.5}","{""acc_lim_theta"":0.5975849013074827,""acc_lim_x"":0.6000682050424215,""inflation_dist"":0.7253685200342292,""max_vel_theta"":0.75,""max_vel_x"":0.8968618939807187,""min_obstacle_dist"":0.3739375246624212,""weight_obstacle"":74.72446959416177,""weight_optimaltime"":0.7495398092269897,""weight_viapoint"":2.5}","{""acc_lim_theta"":0.5975849013074827,""acc_lim_x"":0.6000682050424215,""inflation_dist"":0.7253685200342292,""max_vel_theta"":0.747384911650599,""max_vel_x"":0.8968618939807187,""min_obstacle_dist"":0.3739375246624212,""weight_obstacle"":74.72446959416177,""weight_optimaltime"":0.7495398092269897,""weight_viapoint"":2.5}","{""acc_lim_theta"":0.5975849013074827,""acc_lim_x"":0.6000682050424215,""inflation_dist"":0.7253685200342292,""max_vel_theta"":0.747384911650599,""max_vel_x"":0.8968618939807187,""min_obstacle_dist"":0.3739375246624212,""weight_obstacle"":74.72446959416177,""weight_optimaltime"":0.7495398092269897,""weight_viapoint"":2.5}","{""acc_lim_theta"":0.5975849013074827,""acc_lim_x"":0.6000682050424215,""inflation_dist"":0.7253685200342292,""max_vel_theta"":0.747384911650599,""max_vel_x"":0.8968618939807187,""min_obstacle_dist"":0.3739375246624212,""weight_obstacle"":74.72446959416177,""weight_optimaltime"":0.7495398092269897,""weight_viapoint"":2.5}",true,max_vel_theta:ackermann_turning_radius,false,WARNING,margin:warning|safety_mode:WARNING:conservative_filter,false,,1.9508064181320084,2.2421271433508583,-0.05,-0.23292147742574043,-9.521616275285582e-05,-9.84770938824887e-06,-0.0,-0.00829418392096872,0.0,0.0,0.02500000000000213,1.0,0.0,0.0,2.805668002110906,18.000000000000682,96.00000000000364,true,
t12p_residual_seed102,t12p_residual_seed102-episode-000004,4,5,56.596,55.954,55.996,56.01,56.046,56.546,0,0.5,true,,2.0276074887011135,1.6017291751725653,0.011397542046229815,0.008780464650403384,0.29577304333612714,0.8858954041204438,0.3461010739466294,0.8947974144389393,0.005560757198858413,,"[-0.13436460494995117,-0.16011285781860352,-0.810951292514801,-0.5219446420669556,0.9056805372238159]",,"{""acc_lim_theta"":0.5975849013074827,""acc_lim_x"":0.6000682050424215,""inflation_dist"":0.7253685200342292,""max_vel_theta"":0.747384911650599,""max_vel_x"":0.8968618939807187,""min_obstacle_dist"":0.3739375246624212,""weight_obstacle"":74.72446959416177,""weight_optimaltime"":0.7495398092269897,""weight_viapoint"":2.5}","{""acc_lim_theta"":0.5968210171797177,""acc_lim_x"":0.6000989559758325,""inflation_dist"":0.7256074296219829,""max_vel_theta"":0.75,""max_vel_x"":0.8947974144389393,""min_obstacle_dist"":0.3731930481538882,""weight_obstacle"":74.56416035692764,""weight_optimaltime"":0.749000382244587,""weight_viapoint"":2.5}","{""acc_lim_theta"":0.5968210171797177,""acc_lim_x"":0.6000989559758325,""inflation_dist"":0.7256074296219829,""max_vel_theta"":0.7456645120324494,""max_vel_x"":0.8947974144389393,""min_obstacle_dist"":0.3731930481538882,""weight_obstacle"":74.56416035692764,""weight_optimaltime"":0.749000382244587,""weight_viapoint"":2.5}","{""acc_lim_theta"":0.5968210171797177,""acc_lim_x"":0.6000989559758325,""inflation_dist"":0.7256074296219829,""max_vel_theta"":0.7456645120324494,""max_vel_x"":0.8947974144389393,""min_obstacle_dist"":0.3739375246624212,""weight_obstacle"":74.72446959416177,""weight_optimaltime"":0.749000382244587,""weight_viapoint"":2.5}","{""acc_lim_theta"":0.5968210171797177,""acc_lim_x"":0.6000989559758325,""inflation_dist"":0.7256074296219829,""max_vel_theta"":0.7456645120324494,""max_vel_x"":0.8947974144389393,""min_obstacle_dist"":0.3739375246624212,""weight_obstacle"":74.72446959416177,""weight_optimaltime"":0.749000382244587,""weight_viapoint"":2.5}",true,max_vel_theta:ackermann_turning_radius,true,WARNING,margin:warning|safety_mode:WARNING:conservative_filter,false,,1.8410866909870256,2.129391567642741,-0.05,-0.23443506392995686,-3.066474402205994e-05,-0.002776184090487006,-0.0,-0.0010629638912496488,0.0,0.0,0.0,1.0,0.0,0.0,0.8550019992981106,13.999999999995794,49.99999999999716,true,
t12p_residual_seed102,t12p_residual_seed102-episode-000004,5,6,57.146,56.594,56.598,56.598,56.644,57.144,0,0.44999999999999574,true,,1.4943537975626027,1.100644423200488,0.010565965830316403,0.003747129955992247,0.29577304333612714,0.890302066772655,0.3461964327947582,0.8947974144389393,-0.020168506378379324,,"[-0.1590043306350708,0.051572322845458984,-0.6958695650100708,-0.42676281929016113,0.919064998626709]",,"{""acc_lim_theta"":0.5968210171797177,""acc_lim_x"":0.6000989559758325,""inflation_dist"":0.7256074296219829,""max_vel_theta"":0.7456645120324494,""max_vel_x"":0.8947974144389393,""min_obstacle_dist"":0.3739375246624212,""weight_obstacle"":74.72446959416177,""weight_optimaltime"":0.749000382244587,""weight_viapoint"":2.5}","{""acc_lim_theta"":0.5968210171797177,""acc_lim_x"":0.6000989559758325,""inflation_dist"":0.7256074296219829,""max_vel_theta"":0.75,""max_vel_x"":0.8947974144389393,""min_obstacle_dist"":0.3731930481538882,""weight_obstacle"":74.56416035692764,""weight_optimaltime"":0.749000382244587,""weight_viapoint"":2.5}","{""acc_lim_theta"":0.5968210171797177,""acc_lim_x"":0.6000989559758325,""inflation_dist"":0.7256074296219829,""max_vel_theta"":0.7456645120324494,""max_vel_x"":0.8947974144389393,""min_obstacle_dist"":0.3731930481538882,""weight_obstacle"":74.56416035692764,""weight_optimaltime"":0.749000382244587,""weight_viapoint"":2.5}","{""acc_lim_theta"":0.5968210171797177,""acc_lim_x"":0.6000989559758325,""inflation_dist"":0.7256074296219829,""max_vel_theta"":0.7456645120324494,""max_vel_x"":0.8947974144389393,""min_obstacle_dist"":0.3739375246624212,""weight_obstacle"":74.72446959416177,""weight_optimaltime"":0.749000382244587,""weight_viapoint"":2.5}","{""acc_lim_theta"":0.5968210171797177,""acc_lim_x"":0.6000989559758325,""inflation_dist"":0.7256074296219829,""max_vel_theta"":0.7456645120324494,""max_vel_x"":0.8947974144389393,""min_obstacle_dist"":0.3739375246624212,""weight_obstacle"":74.72446959416177,""weight_optimaltime"":0.749000382244587,""weight_viapoint"":2.5}",true,max_vel_theta:ackermann_turning_radius,true,WARNING,margin:warning|safety_mode:WARNING:conservative_filter,false,,1.7091620038835293,1.9685468718105736,-0.044999999999999575,-0.21434315168705312,-4.171623999166636e-05,-0.0,-0.0,-0.0,0.0,0.0,0.0,1.0,0.0,0.0,1.3962380035081878,0.0,45.999999999999375,true,
t12p_residual_seed102,t12p_residual_seed102-episode-000004,6,7,60.744,57.142,57.148,57.148,57.242,57.742,0,0.45000000000000284,true,,0.9574770225471615,0.5458725229700434,0.41509908634497966,0.002976473373344001,0.29577304333612714,0.8098360655737705,0.35498275236756,0.8947974144389393,0.042111031611160206,,"[-0.25098711252212524,0.07613193988800049,-0.7547711133956909,-0.3126016855239868,0.8978462219238281]",,"{""acc_lim_theta"":0.5968210171797177,""acc_lim_x"":0.6000989559758325,""inflation_dist"":0.7256074296219829,""max_vel_theta"":0.7456645120324494,""max_vel_x"":0.8947974144389393,""min_obstacle_dist"":0.3739375246624212,""weight_obstacle"":74.72446959416177,""weight_optimaltime"":0.749000382244587,""weight_viapoint"":2.5}","{""acc_lim_theta"":0.5968210171797177,""acc_lim_x"":0.6000989559758325,""inflation_dist"":0.7256074296219829,""max_vel_theta"":0.75,""max_vel_x"":0.8947974144389393,""min_obstacle_dist"":0.3731930481538882,""weight_obstacle"":74.56416035692764,""weight_optimaltime"":0.749000382244587,""weight_viapoint"":2.5}","{""acc_lim_theta"":0.5968210171797177,""acc_lim_x"":0.6000989559758325,""inflation_dist"":0.7256074296219829,""max_vel_theta"":0.7456645120324494,""max_vel_x"":0.8947974144389393,""min_obstacle_dist"":0.3731930481538882,""weight_obstacle"":74.56416035692764,""weight_optimaltime"":0.749000382244587,""weight_viapoint"":2.5}","{""acc_lim_theta"":0.5968210171797177,""acc_lim_x"":0.6000989559758325,""inflation_dist"":0.7256074296219829,""max_vel_theta"":0.7456645120324494,""max_vel_x"":0.8947974144389393,""min_obstacle_dist"":0.3739375246624212,""weight_obstacle"":74.72446959416177,""weight_optimaltime"":0.749000382244587,""weight_viapoint"":2.5}","{""acc_lim_theta"":0.5968210171797177,""acc_lim_x"":0.6000989559758325,""inflation_dist"":0.7256074296219829,""max_vel_theta"":0.7456645120324494,""max_vel_x"":0.8947974144389393,""min_obstacle_dist"":0.3739375246624212,""weight_obstacle"":74.72446959416177,""weight_optimaltime"":0.749000382244587,""weight_viapoint"":2.5}",true,max_vel_theta:ackermann_turning_radius,true,WARNING,margin:warning|safety_mode:WARNING:conservative_filter,false,,1.7943407677571814,2.0580224978855903,-0.04500000000000029,-0.21862055853646614,-6.117159194234806e-05,-0.0,-0.0,-0.0,0.0,0.0,0.09999999999999787,1.0,0.0,0.0,0.9557169978506863,0.0,93.99999999999409,true,
t12p_residual_seed102,t12p_residual_seed102-episode-000004,7,8,61.386,60.734,60.746,60.766,60.836,61.336,0,0.5,true,,2.2637852516866195,2.635669171256673,0.8970084451732379,0.019582679530069827,0.29577304333612714,0.6923076923076923,0.824858140213639,0.5174591073424135,-0.09182731536550581,,"[-0.34597861766815186,-0.09133648872375488,-0.5190497636795044,-0.4374750852584839,0.8420463800430298]",,"{""acc_lim_theta"":0.5968210171797177,""acc_lim_x"":0.6000989559758325,""inflation_dist"":0.7256074296219829,""max_vel_theta"":0.7456645120324494,""max_vel_x"":0.8947974144389393,""min_obstacle_dist"":0.3739375246624212,""weight_obstacle"":74.72446959416177,""weight_optimaltime"":0.749000382244587,""weight_viapoint"":2.5}","{""acc_lim_theta"":0.5968210171797177,""acc_lim_x"":0.6000989559758325,""inflation_dist"":0.7256074296219829,""max_vel_theta"":0.75,""max_vel_x"":0.8947974144389393,""min_obstacle_dist"":0.3731930481538882,""weight_obstacle"":74.56416035692764,""weight_optimaltime"":0.749000382244587,""weight_viapoint"":2.5}","{""acc_lim_theta"":0.5968210171797177,""acc_lim_x"":0.6000989559758325,""inflation_dist"":0.7256074296219829,""max_vel_theta"":0.7456645120324494,""max_vel_x"":0.8947974144389393,""min_obstacle_dist"":0.3731930481538882,""weight_obstacle"":74.56416035692764,""weight_optimaltime"":0.749000382244587,""weight_viapoint"":2.5}","{""acc_lim_theta"":0.6,""acc_lim_x"":0.5000989559758325,""inflation_dist"":0.6756074296219828,""max_vel_theta"":0.6456645120324495,""max_vel_x"":0.7947974144389394,""min_obstacle_dist"":0.3239375246624212,""weight_obstacle"":64.72446959416177,""weight_optimaltime"":0.65,""weight_viapoint"":2.5}","{""acc_lim_theta"":0.6,""acc_lim_x"":0.5000989559758325,""inflation_dist"":0.6756074296219828,""max_vel_theta"":0.6456645120324495,""max_vel_x"":0.7947974144389394,""min_obstacle_dist"":0.3239375246624212,""weight_obstacle"":64.72446959416177,""weight_optimaltime"":0.65,""weight_viapoint"":2.5}",true,max_vel_theta:ackermann_turning_radius,true,WARNING,margin:warning|safety_mode:WARNING:conservative_filter|warning:corridor_feasibility_profile,false,,-2.490228159027513,-1.859419597850267,-0.05,-0.1495661435374831,-0.2467368182698996,-0.0479583962634944,-0.0,-0.1365472031063689,0.0,0.0,0.0,1.0,0.0,0.0,1.0637629893608391,19.99999999999602,89.9999999999963,true,
t12p_residual_seed102,t12p_residual_seed102-episode-000004,8,9,61.982,61.374,61.388,61.404,61.432,61.932,0,0.5,true,,2.6770587732098847,2.8407413554531593,0.24206266860521783,0.05519773000026525,0.29577304333612714,0.6407185628742516,2.6990734481860734,0.1786716280066991,-0.14888493392477853,,"[0.012136220932006836,-0.14077752828598022,-0.4093317985534668,-0.8054926991462708,0.7567553520202637]",,"{""acc_lim_theta"":0.6,""acc_lim_x"":0.5000989559758325,""inflation_dist"":0.6756074296219828,""max_vel_theta"":0.6456645120324495,""max_vel_x"":0.7947974144389394,""min_obstacle_dist"":0.3239375246624212,""weight_obstacle"":64.72446959416177,""weight_optimaltime"":0.65,""weight_viapoint"":2.5}","{""acc_lim_theta"":0.594296645487284,""acc_lim_x"":0.6013111307896088,""inflation_dist"":0.7258230035008914,""max_vel_theta"":0.75,""max_vel_x"":0.8925944956852911,""min_obstacle_dist"":0.37245016829895294,""weight_obstacle"":74.2942415660662,""weight_optimaltime"":0.7482056964170165,""weight_viapoint"":2.5}","{""acc_lim_theta"":0.594296645487284,""acc_lim_x"":0.6000989559758325,""inflation_dist"":0.7256074296219829,""max_vel_theta"":0.7438287464044093,""max_vel_x"":0.8925944956852911,""min_obstacle_dist"":0.37245016829895294,""weight_obstacle"":74.2942415660662,""weight_optimaltime"":0.7482056964170165,""weight_viapoint"":2.5}","{""acc_lim_theta"":0.6,""acc_lim_x"":0.40009895597583256,""inflation_dist"":0.6256074296219828,""max_vel_theta"":0.5456645120324495,""max_vel_x"":0.6947974144389394,""min_obstacle_dist"":0.2739375246624212,""weight_obstacle"":60.0,""weight_optimaltime"":0.65,""weight_viapoint"":2.5}","{""acc_lim_theta"":0.6,""acc_lim_x"":0.40009895597583256,""inflation_dist"":0.6256074296219828,""max_vel_theta"":0.5456645120324495,""max_vel_x"":0.6947974144389394,""min_obstacle_dist"":0.2739375246624212,""weight_obstacle"":60.0,""weight_optimaltime"":0.65,""weight_viapoint"":2.5}",true,max_vel_theta:rate_limit|acc_lim_x:rate_limit|inflation_dist:rate_limit|max_vel_theta:ackermann_turning_radius,true,WARNING,margin:warning|safety_mode:WARNING:conservative_filter|warning:corridor_feasibility_profile,false,,-1.1172411722637934,-0.8184129112163729,-0.05,-0.05485494185492087,-0.015134790930016013,-0.07343720812177909,-0.0,-0.1054013201407045,0.0,0.0,0.0,1.0,0.0,0.0,1.0179569944739342,16.000000000005343,44.000000000004036,true,
t12p_residual_seed102,t12p_residual_seed102-episode-000004,9,10,62.532,61.974,61.982,61.998,62.03,62.53,0,0.45000000000000284,true,,2.858586473371365,2.8749081062356754,0.0110039188478855,0.06796335120608157,0.29577304333612714,0.6380368098159509,3.2732740820234896,-0.14544944926913767,-0.12120128912139899,,"[-0.204240620136261,-0.45818525552749634,-0.26364707946777344,-0.7653149366378784,0.3723304271697998]",,"{""acc_lim_theta"":0.6,""acc_lim_x"":0.40009895597583256,""inflation_dist"":0.6256074296219828,""max_vel_theta"":0.5456645120324495,""max_vel_x"":0.6947974144389394,""min_obstacle_dist"":0.2739375246624212,""weight_obstacle"":60.0,""weight_optimaltime"":0.65,""weight_viapoint"":2.5}","{""acc_lim_theta"":0.594296645487284,""acc_lim_x"":0.6013111307896088,""inflation_dist"":0.7258230035008914,""max_vel_theta"":0.75,""max_vel_x"":0.8925944956852911,""min_obstacle_dist"":0.37245016829895294,""weight_obstacle"":74.2942415660662,""weight_optimaltime"":0.7482056964170165,""weight_viapoint"":2.5}","{""acc_lim_theta"":0.594296645487284,""acc_lim_x"":0.5000989559758325,""inflation_dist"":0.6756074296219828,""max_vel_theta"":0.6456645120324495,""max_vel_x"":0.7947974144389394,""min_obstacle_dist"":0.3239375246624212,""weight_obstacle"":70.0,""weight_optimaltime"":0.7482056964170165,""weight_viapoint"":2.5}","{""acc_lim_theta"":0.594296645487284,""acc_lim_x"":0.5000989559758325,""inflation_dist"":0.6756074296219828,""max_vel_theta"":0.5456645120324495,""max_vel_x"":0.6947974144389394,""min_obstacle_dist"":0.3239375246624212,""weight_obstacle"":70.0,""weight_optimaltime"":0.7482056964170165,""weight_viapoint"":2.5}","{""acc_lim_theta"":0.594296645487284,""acc_lim_x"":0.5000989559758325,""inflation_dist"":0.6756074296219828,""max_vel_theta"":0.5456645120324495,""max_vel_x"":0.6947974144389394,""min_obstacle_dist"":0.3239375246624212,""weight_obstacle"":70.0,""weight_optimaltime"":0.7482056964170165,""weight_viapoint"":2.5}",true,max_vel_x:rate_limit|max_vel_theta:rate_limit|acc_lim_x:rate_limit|min_obstacle_dist:rate_limit|inflation_dist:rate_limit|weight_obstacle:rate_limit,true,WARNING,margin:warning|safety_mode:WARNING:conservative_filter,false,,-0.3683749354258864,-0.0816081643215516,-0.04500000000000029,-0.032596077302701636,-0.029803699672977326,-0.07901430193135896,-0.0,-0.10035269219729659,0.0,0.0,0.0,1.0,0.0,0.0,0.7973669999046251,15.999999999998238,48.00000000000182,true,
t12p_residual_seed102,t12p_residual_seed102-episode-000004,10,11,63.13,62.53,62.538,62.558,62.628,63.128,0,0.44999999999999574,true,,2.8663264980386125,3.0292222159661724,0.1802651864588726,0.0292546716019981,0.29577304333612714,0.5793103448275863,2.3044481597021282,0.263148147878833,0.10224469464889861,,"[-0.21059226989746094,-0.6646267771720886,0.07029318809509277,-0.890754759311676,-0.4591549038887024]",,"{""acc_lim_theta"":0.594296645487284,""acc_lim_x"":0.5000989559758325,""inflation_dist"":0.6756074296219828,""max_vel_theta"":0.5456645120324495,""max_vel_x"":0.6947974144389394,""min_obstacle_dist"":0.3239375246624212,""weight_obstacle"":70.0,""weight_optimaltime"":0.7482056964170165,""weight_viapoint"":2.5}","{""acc_lim_theta"":0.594296645487284,""acc_lim_x"":0.6013111307896088,""inflation_dist"":0.7258230035008914,""max_vel_theta"":0.75,""max_vel_x"":0.8925944956852911,""min_obstacle_dist"":0.37245016829895294,""weight_obstacle"":74.2942415660662,""weight_optimaltime"":0.7482056964170165,""weight_viapoint"":2.5}","{""acc_lim_theta"":0.594296645487284,""acc_lim_x"":0.6000989559758325,""inflation_dist"":0.7256074296219829,""max_vel_theta"":0.6456645120324495,""max_vel_x"":0.7947974144389394,""min_obstacle_dist"":0.37245016829895294,""weight_obstacle"":74.2942415660662,""weight_optimaltime"":0.7482056964170165,""weight_viapoint"":2.5}","{""acc_lim_theta"":0.594296645487284,""acc_lim_x"":0.6000989559758325,""inflation_dist"":0.7256074296219829,""max_vel_theta"":0.5456645120324495,""max_vel_x"":0.6947974144389394,""min_obstacle_dist"":0.37245016829895294,""weight_obstacle"":74.2942415660662,""weight_optimaltime"":0.7482056964170165,""weight_viapoint"":2.5}","{""acc_lim_theta"":0.594296645487284,""acc_lim_x"":0.6000989559758325,""inflation_dist"":0.7256074296219829,""max_vel_theta"":0.5456645120324495,""max_vel_x"":0.6947974144389394,""min_obstacle_dist"":0.37245016829895294,""weight_obstacle"":74.2942415660662,""weight_optimaltime"":0.7482056964170165,""weight_viapoint"":2.5}",true,max_vel_x:rate_limit|max_vel_theta:rate_limit|acc_lim_x:rate_limit|inflation_dist:rate_limit,true,WARNING,margin:warning|safety_mode:WARNING:conservative_filter,false,,-1.1406329990584145,-0.8144785896377993,-0.044999999999999575,-0.017310868679640826,-0.004792012213905651,-0.19177227365460964,-0.0,-0.0672792548724594,0.0,0.0,0.0,1.0,0.0,0.0,5.205875000683591,20.000000000003126,90.00000000000341,true,
t12p_residual_seed102,t12p_residual_seed102-episode-000004,11,12,63.78,63.114,63.132,63.148,63.23,63.73,0,0.5,true,,3.0739991386132726,3.102388157210783,0.056472624761457035,0.022182507143284746,0.29577304333612714,0.5588235294117647,4.223339879298904,-0.1580091160255856,0.030940699478683064,,"[0.021316051483154297,-0.2758970260620117,0.1451624631881714,-0.8564194440841675,-0.4269232749938965]",,"{""acc_lim_theta"":0.594296645487284,""acc_lim_x"":0.6000989559758325,""inflation_dist"":0.7256074296219829,""max_vel_theta"":0.5456645120324495,""max_vel_x"":0.6947974144389394,""min_obstacle_dist"":0.37245016829895294,""weight_obstacle"":74.2942415660662,""weight_optimaltime"":0.7482056964170165,""weight_viapoint"":2.5}","{""acc_lim_theta"":0.594296645487284,""acc_lim_x"":0.6013111307896088,""inflation_dist"":0.7258230035008914,""max_vel_theta"":0.75,""max_vel_x"":0.8925944956852911,""min_obstacle_dist"":0.37245016829895294,""weight_obstacle"":74.2942415660662,""weight_optimaltime"":0.7482056964170165,""weight_viapoint"":2.5}","{""acc_lim_theta"":0.594296645487284,""acc_lim_x"":0.6013111307896088,""inflation_dist"":0.7258230035008914,""max_vel_theta"":0.6456645120324495,""max_vel_x"":0.7947974144389394,""min_obstacle_dist"":0.37245016829895294,""weight_obstacle"":74.2942415660662,""weight_optimaltime"":0.7482056964170165,""weight_viapoint"":2.5}","{""acc_lim_theta"":0.594296645487284,""acc_lim_x"":0.6013111307896088,""inflation_dist"":0.7258230035008914,""max_vel_theta"":0.5456645120324495,""max_vel_x"":0.6947974144389394,""min_obstacle_dist"":0.37245016829895294,""weight_obstacle"":74.2942415660662,""weight_optimaltime"":0.7482056964170165,""weight_viapoint"":2.5}","{""acc_lim_theta"":0.594296645487284,""acc_lim_x"":0.6013111307896088,""inflation_dist"":0.7258230035008914,""max_vel_theta"":0.5456645120324495,""max_vel_x"":0.6947974144389394,""min_obstacle_dist"":0.37245016829895294,""weight_obstacle"":74.2942415660662,""weight_optimaltime"":0.7482056964170165,""weight_viapoint"":2.5}",true,max_vel_x:rate_limit|max_vel_theta:rate_limit,true,WARNING,recovery:hysteresis_or_health_time|safety_mode:WARNING:conservative_filter,false,,-0.288935183075952,-0.1419450929875521,-0.05,-0.0,-0.01566276744336751,-0.08096268640475739,-0.0,-0.0003646362402750752,0.0,0.0,0.0,1.0,0.0,0.0,2.106069994624704,16.000000000005343,97.99999999999898,true,
t12p_residual_seed102,t12p_residual_seed102-episode-000004,12,13,64.382,63.774,63.786,63.804,63.832,64.332,0,0.4999999999999929,true,,3.086589478793468,2.992462729998978,0.048872229446078934,0.02433517964817782,0.29577304333612714,0.5945945945945946,4.834653318161643,-0.11313359148186727,-0.0009956211194742878,,"[-0.006611645221710205,-0.45652341842651367,0.08130514621734619,-0.8730231523513794,-0.27976375818252563]",,"{""acc_lim_theta"":0.594296645487284,""acc_lim_x"":0.6013111307896088,""inflation_dist"":0.7258230035008914,""max_vel_theta"":0.5456645120324495,""max_vel_x"":0.6947974144389394,""min_obstacle_dist"":0.37245016829895294,""weight_obstacle"":74.2942415660662,""weight_optimaltime"":0.7482056964170165,""weight_viapoint"":2.5}","{""acc_lim_theta"":0.5907901521449642,""acc_lim_x"":0.6041173607301733,""inflation_dist"":0.7259944013254227,""max_vel_theta"":0.75,""max_vel_x"":0.8978951083811333,""min_obstacle_dist"":0.3705176104169339,""weight_obstacle"":74.2865194387993,""weight_optimaltime"":0.7417634792395134,""weight_viapoint"":2.5}","{""acc_lim_theta"":0.5907901521449642,""acc_lim_x"":0.6041173607301733,""inflation_dist"":0.7259944013254227,""max_vel_theta"":0.6456645120324495,""max_vel_x"":0.7947974144389394,""min_obstacle_dist"":0.3705176104169339,""weight_obstacle"":74.2865194387993,""weight_optimaltime"":0.7417634792395134,""weight_viapoint"":2.5}","{""acc_lim_theta"":0.5907901521449642,""acc_lim_x"":0.6041173607301733,""inflation_dist"":0.7259944013254227,""max_vel_theta"":0.5456645120324495,""max_vel_x"":0.6947974144389394,""min_obstacle_dist"":0.37245016829895294,""weight_obstacle"":74.2942415660662,""weight_optimaltime"":0.7417634792395134,""weight_viapoint"":2.5}","{""acc_lim_theta"":0.5907901521449642,""acc_lim_x"":0.6041173607301733,""inflation_dist"":0.7259944013254227,""max_vel_theta"":0.5456645120324495,""max_vel_x"":0.6947974144389394,""min_obstacle_dist"":0.37245016829895294,""weight_obstacle"":74.2942415660662,""weight_optimaltime"":0.7417634792395134,""weight_viapoint"":2.5}",true,max_vel_x:rate_limit|max_vel_theta:rate_limit,true,WARNING,recovery:hysteresis_or_health_time|safety_mode:WARNING:conservative_filter,false,,0.29978685859751036,0.4706337439724506,-0.049999999999999295,-0.0001828037248383799,-0.0011938433680130111,-0.11655464321885894,-0.0,-0.0029155950632306464,0.0,0.0,0.0,1.0,0.0,0.0,6.1247099947649986,18.000000000000682,45.999999999999375,true,
t12p_residual_seed102,t12p_residual_seed102-episode-000004,13,14,64.98,64.374,64.382,64.382,64.43,64.93,0,0.5,true,,2.9811514566930786,3.0364606453073506,0.09079760775458573,0.05225271934114029,0.29577304333612714,0.5763888888888888,12.45958098748918,0.014342311190778088,0.011951276639666284,,"[0.003876924514770508,-0.30361175537109375,0.09532201290130615,-0.8637849688529968,-0.4194223880767822]",,"{""acc_lim_theta"":0.5907901521449642,""acc_lim_x"":0.6041173607301733,""inflation_dist"":0.7259944013254227,""max_vel_theta"":0.5456645120324495,""max_vel_x"":0.6947974144389394,""min_obstacle_dist"":0.37245016829895294,""weight_obstacle"":74.2942415660662,""weight_optimaltime"":0.7417634792395134,""weight_viapoint"":2.5}","{""acc_lim_theta"":0.5907901521449642,""acc_lim_x"":0.6041173607301733,""inflation_dist"":0.7259944013254227,""max_vel_theta"":0.75,""max_vel_x"":0.8978951083811333,""min_obstacle_dist"":0.3705176104169339,""weight_obstacle"":74.2865194387993,""weight_optimaltime"":0.7417634792395134,""weight_viapoint"":2.5}","{""acc_lim_theta"":0.5907901521449642,""acc_lim_x"":0.6041173607301733,""inflation_dist"":0.7259944013254227,""max_vel_theta"":0.6456645120324495,""max_vel_x"":0.7947974144389394,""min_obstacle_dist"":0.3705176104169339,""weight_obstacle"":74.2865194387993,""weight_optimaltime"":0.7417634792395134,""weight_viapoint"":2.5}","{""acc_lim_theta"":0.5907901521449642,""acc_lim_x"":0.6041173607301733,""inflation_dist"":0.7259944013254227,""max_vel_theta"":0.5456645120324495,""max_vel_x"":0.6947974144389394,""min_obstacle_dist"":0.37245016829895294,""weight_obstacle"":74.2942415660662,""weight_optimaltime"":0.7417634792395134,""weight_viapoint"":2.5}","{""acc_lim_theta"":0.5907901521449642,""acc_lim_x"":0.6041173607301733,""inflation_dist"":0.7259944013254227,""max_vel_theta"":0.5456645120324495,""max_vel_x"":0.6947974144389394,""min_obstacle_dist"":0.37245016829895294,""weight_obstacle"":74.2942415660662,""weight_optimaltime"":0.7417634792395134,""weight_viapoint"":2.5}",true,max_vel_x:rate_limit|max_vel_theta:rate_limit,true,WARNING,recovery:hysteresis_or_health_time|safety_mode:WARNING:conservative_filter,false,,-0.4370858487157353,-0.27654594307136016,-0.05,-0.007356719798648038,-0.0017090033443247642,-0.10147418250140233,-0.0,-0.0,0.0,0.0,0.0,1.0,0.0,0.0,0.78691600356251,0.0,48.00000000000182,true,
t12p_residual_seed102,t12p_residual_seed102-episode-000004,14,15,65.58,64.978,64.982,64.982,65.03,65.53,0,0.5,true,,3.0378933063002354,3.042144579463845,0.05949440001579597,0.04415096383454831,0.29577304333612714,0.5804195804195804,8.145226551190424,0.07723363807576407,-0.02612438021542587,,"[-0.040019452571868896,-0.19721442461013794,0.2028517723083496,-0.8163198232650757,-0.5809977650642395]",,"{""acc_lim_theta"":0.5907901521449642,""acc_lim_x"":0.6041173607301733,""inflation_dist"":0.7259944013254227,""max_vel_theta"":0.5456645120324495,""max_vel_x"":0.6947974144389394,""min_obstacle_dist"":0.37245016829895294,""weight_obstacle"":74.2942415660662,""weight_optimaltime"":0.7417634792395134,""weight_viapoint"":2.5}","{""acc_lim_theta"":0.5907901521449642,""acc_lim_x"":0.6041173607301733,""inflation_dist"":0.7259944013254227,""max_vel_theta"":0.75,""max_vel_x"":0.8978951083811333,""min_obstacle_dist"":0.3705176104169339,""weight_obstacle"":74.2865194387993,""weight_optimaltime"":0.7417634792395134,""weight_viapoint"":2.5}","{""acc_lim_theta"":0.5907901521449642,""acc_lim_x"":0.6041173607301733,""inflation_dist"":0.7259944013254227,""max_vel_theta"":0.6456645120324495,""max_vel_x"":0.7947974144389394,""min_obstacle_dist"":0.3705176104169339,""weight_obstacle"":74.2865194387993,""weight_optimaltime"":0.7417634792395134,""weight_viapoint"":2.5}","{""acc_lim_theta"":0.5907901521449642,""acc_lim_x"":0.6041173607301733,""inflation_dist"":0.7259944013254227,""max_vel_theta"":0.5456645120324495,""max_vel_x"":0.6947974144389394,""min_obstacle_dist"":0.37245016829895294,""weight_obstacle"":74.2942415660662,""weight_optimaltime"":0.7417634792395134,""weight_viapoint"":2.5}","{""acc_lim_theta"":0.5907901521449642,""acc_lim_x"":0.6041173607301733,""inflation_dist"":0.7259944013254227,""max_vel_theta"":0.5456645120324495,""max_vel_x"":0.6947974144389394,""min_obstacle_dist"":0.37245016829895294,""weight_obstacle"":74.2942415660662,""weight_optimaltime"":0.7417634792395134,""weight_viapoint"":2.5}",true,max_vel_x:rate_limit|max_vel_theta:rate_limit,true,WARNING,recovery:hysteresis_or_health_time|safety_mode:WARNING:conservative_filter,false,,-0.12015722203156676,-0.021256365818047573,-0.05,-0.0,-0.0039011755724256006,-0.04499968064109359,-0.0,-0.0,0.0,0.0,0.0,1.0,0.0,0.0,1.328169004409574,0.0,48.00000000000182,true,
t12p_residual_seed102,t12p_residual_seed102-episode-000004,15,16,66.13,65.574,65.582,65.582,65.628,66.128,0,0.45000000000000284,true,,3.049862418162046,3.076554998460398,0.07845950968651048,0.014835373723644844,0.29577304333612714,0.5642857142857143,7.857535148324673,-0.08296878447555789,-0.049578073444008865,,"[-0.002653837203979492,-0.3315761685371399,0.052422404289245605,-0.8629329800605774,-0.37358033657073975]",,"{""acc_lim_theta"":0.5907901521449642,""acc_lim_x"":0.6041173607301733,""inflation_dist"":0.7259944013254227,""max_vel_theta"":0.5456645120324495,""max_vel_x"":0.6947974144389394,""min_obstacle_dist"":0.37245016829895294,""weight_obstacle"":74.2942415660662,""weight_optimaltime"":0.7417634792395134,""weight_viapoint"":2.5}","{""acc_lim_theta"":0.5907901521449642,""acc_lim_x"":0.6041173607301733,""inflation_dist"":0.7259944013254227,""max_vel_theta"":0.75,""max_vel_x"":0.8978951083811333,""min_obstacle_dist"":0.3705176104169339,""weight_obstacle"":74.2865194387993,""weight_optimaltime"":0.7417634792395134,""weight_viapoint"":2.5}","{""acc_lim_theta"":0.5907901521449642,""acc_lim_x"":0.6041173607301733,""inflation_dist"":0.7259944013254227,""max_vel_theta"":0.6456645120324495,""max_vel_x"":0.7947974144389394,""min_obstacle_dist"":0.3705176104169339,""weight_obstacle"":74.2865194387993,""weight_optimaltime"":0.7417634792395134,""weight_viapoint"":2.5}","{""acc_lim_theta"":0.5907901521449642,""acc_lim_x"":0.6041173607301733,""inflation_dist"":0.7259944013254227,""max_vel_theta"":0.5456645120324495,""max_vel_x"":0.6947974144389394,""min_obstacle_dist"":0.37245016829895294,""weight_obstacle"":74.2942415660662,""weight_optimaltime"":0.7417634792395134,""weight_viapoint"":2.5}","{""acc_lim_theta"":0.5907901521449642,""acc_lim_x"":0.6041173607301733,""inflation_dist"":0.7259944013254227,""max_vel_theta"":0.5456645120324495,""max_vel_x"":0.6947974144389394,""min_obstacle_dist"":0.37245016829895294,""weight_obstacle"":74.2942415660662,""weight_optimaltime"":0.7417634792395134,""weight_viapoint"":2.5}",true,max_vel_x:rate_limit|max_vel_theta:rate_limit,true,WARNING,recovery:hysteresis_or_health_time|safety_mode:WARNING:conservative_filter,false,,-0.32902711777894605,-0.133462901491761,-0.04500000000000029,-0.0,-0.0023757858785030113,-0.14818843040868176,-0.0,-0.0,0.0,0.0,0.0,1.0,0.0,0.0,0.8343240042449906,0.0,46.00000000000648,true,
t12p_residual_seed102,t12p_residual_seed102-episode-000004,16,17,66.782,66.114,66.132,66.152,66.232,66.732,0,0.5,true,,3.077233553896913,2.9882375221614637,0.04776136401417597,0.0059663205754962294,0.29577304333612714,0.6040268456375839,2.257058880072309,-0.251107554726115,0.20924492663160033,,"[0.07941222190856934,-0.24060595035552979,0.05102801322937012,-0.8284704089164734,-0.39052045345306396]",,"{""acc_lim_theta"":0.5907901521449642,""acc_lim_x"":0.6041173607301733,""inflation_dist"":0.7259944013254227,""max_vel_theta"":0.5456645120324495,""max_vel_x"":0.6947974144389394,""min_obstacle_dist"":0.37245016829895294,""weight_obstacle"":74.2942415660662,""weight_optimaltime"":0.7417634792395134,""weight_viapoint"":2.5}","{""acc_lim_theta"":0.5928510481600375,""acc_lim_x"":0.6056154539985676,""inflation_dist"":0.7255596804569139,""max_vel_theta"":0.75,""max_vel_x"":0.9076870864695299,""min_obstacle_dist"":0.3716654092255922,""weight_obstacle"":74.86421195297524,""weight_optimaltime"":0.7418493608544173,""weight_viapoint"":2.5}","{""acc_lim_theta"":0.5928510481600375,""acc_lim_x"":0.6056154539985676,""inflation_dist"":0.7255596804569139,""max_vel_theta"":0.6456645120324495,""max_vel_x"":0.7947974144389394,""min_obstacle_dist"":0.3716654092255922,""weight_obstacle"":74.86421195297524,""weight_optimaltime"":0.7418493608544173,""weight_viapoint"":2.5}","{""acc_lim_theta"":0.5928510481600375,""acc_lim_x"":0.6056154539985676,""inflation_dist"":0.7259944013254227,""max_vel_theta"":0.5456645120324495,""max_vel_x"":0.6947974144389394,""min_obstacle_dist"":0.37245016829895294,""weight_obstacle"":74.86421195297524,""weight_optimaltime"":0.7418493608544173,""weight_viapoint"":2.5}","{""acc_lim_theta"":0.5928510481600375,""acc_lim_x"":0.6056154539985676,""inflation_dist"":0.7259944013254227,""max_vel_theta"":0.5456645120324495,""max_vel_x"":0.6947974144389394,""min_obstacle_dist"":0.37245016829895294,""weight_obstacle"":74.86421195297524,""weight_optimaltime"":0.7418493608544173,""weight_viapoint"":2.5}",true,max_vel_x:rate_limit|max_vel_theta:rate_limit,true,WARNING,recovery:hysteresis_or_health_time|safety_mode:WARNING:conservative_filter,false,,0.3203402022065815,0.44498015867724616,-0.05,-0.0004500953671192775,-0.0017747883979330234,-0.0703682082879466,-0.0,-0.0020468644176657755,0.0,0.0,0.0,1.0,0.0,0.0,1.8852869980037212,19.99999999999602,99.99999999999432,true,
t12p_residual_seed102,t12p_residual_seed102-episode-000004,17,18,67.332,66.774,66.782,66.782,66.83,67.33,0,0.45000000000000284,true,,2.963127960752921,2.936073589753113,0.045625791184887694,0.027750019550091317,0.29577304333612714,0.6103896103896104,10.363709425492972,-0.051680496142495126,0.0012743818008840951,,"[-0.06504619121551514,-0.33048248291015625,0.15879428386688232,-0.8690997362136841,-0.5440630912780762]",,"{""acc_lim_theta"":0.5928510481600375,""acc_lim_x"":0.6056154539985676,""inflation_dist"":0.7259944013254227,""max_vel_theta"":0.5456645120324495,""max_vel_x"":0.6947974144389394,""min_obstacle_dist"":0.37245016829895294,""weight_obstacle"":74.86421195297524,""weight_optimaltime"":0.7418493608544173,""weight_viapoint"":2.5}","{""acc_lim_theta"":0.5928510481600375,""acc_lim_x"":0.6056154539985676,""inflation_dist"":0.7255596804569139,""max_vel_theta"":0.75,""max_vel_x"":0.9076870864695299,""min_obstacle_dist"":0.3716654092255922,""weight_obstacle"":74.86421195297524,""weight_optimaltime"":0.7418493608544173,""weight_viapoint"":2.5}","{""acc_lim_theta"":0.5928510481600375,""acc_lim_x"":0.6056154539985676,""inflation_dist"":0.7255596804569139,""max_vel_theta"":0.6456645120324495,""max_vel_x"":0.7947974144389394,""min_obstacle_dist"":0.3716654092255922,""weight_obstacle"":74.86421195297524,""weight_optimaltime"":0.7418493608544173,""weight_viapoint"":2.5}","{""acc_lim_theta"":0.5928510481600375,""acc_lim_x"":0.6056154539985676,""inflation_dist"":0.7259944013254227,""max_vel_theta"":0.5456645120324495,""max_vel_x"":0.6947974144389394,""min_obstacle_dist"":0.37245016829895294,""weight_obstacle"":74.86421195297524,""weight_optimaltime"":0.7418493608544173,""weight_viapoint"":2.5}","{""acc_lim_theta"":0.5928510481600375,""acc_lim_x"":0.6056154539985676,""inflation_dist"":0.7259944013254227,""max_vel_theta"":0.5456645120324495,""max_vel_x"":0.6947974144389394,""min_obstacle_dist"":0.37245016829895294,""weight_obstacle"":74.86421195297524,""weight_optimaltime"":0.7418493608544173,""weight_viapoint"":2.5}",true,max_vel_x:rate_limit|max_vel_theta:rate_limit,true,WARNING,margin:warning|safety_mode:WARNING:conservative_filter,false,,-0.06898234998909568,0.1352718549990395,-0.04500000000000029,-0.014268313191347384,-0.0009629124655295815,-0.1440229793312579,-0.0,-0.0,0.0,0.0,0.0,1.0,0.0,0.0,0.7607139996252954,0.0,48.00000000000182,true,
t12p_residual_seed102,t12p_residual_seed102-episode-000004,18,19,67.978,67.33,67.334,67.334,67.428,67.928,0,0.5,true,,2.9506472212826336,3.0888169124932863,0.17953610679412815,0.05223871758373326,0.29577304333612714,0.5579710144927537,3.3321855393076087,-0.1958189036968045,0.13861878589621246,,"[-0.0640142560005188,-0.27905750274658203,0.19747591018676758,-0.8487163782119751,-0.5577202439308167]",,"{""acc_lim_theta"":0.5928510481600375,""acc_lim_x"":0.6056154539985676,""inflation_dist"":0.7259944013254227,""max_vel_theta"":0.5456645120324495,""max_vel_x"":0.6947974144389394,""min_obstacle_dist"":0.37245016829895294,""weight_obstacle"":74.86421195297524,""weight_optimaltime"":0.7418493608544173,""weight_viapoint"":2.5}","{""acc_lim_theta"":0.5928510481600375,""acc_lim_x"":0.6056154539985676,""inflation_dist"":0.7255596804569139,""max_vel_theta"":0.75,""max_vel_x"":0.9076870864695299,""min_obstacle_dist"":0.3716654092255922,""weight_obstacle"":74.86421195297524,""weight_optimaltime"":0.7418493608544173,""weight_viapoint"":2.5}","{""acc_lim_theta"":0.5928510481600375,""acc_lim_x"":0.6056154539985676,""inflation_dist"":0.7255596804569139,""max_vel_theta"":0.6456645120324495,""max_vel_x"":0.7947974144389394,""min_obstacle_dist"":0.3716654092255922,""weight_obstacle"":74.86421195297524,""weight_optimaltime"":0.7418493608544173,""weight_viapoint"":2.5}","{""acc_lim_theta"":0.5928510481600375,""acc_lim_x"":0.6056154539985676,""inflation_dist"":0.7259944013254227,""max_vel_theta"":0.5456645120324495,""max_vel_x"":0.6947974144389394,""min_obstacle_dist"":0.37245016829895294,""weight_obstacle"":74.86421195297524,""weight_optimaltime"":0.7418493608544173,""weight_viapoint"":2.5}","{""acc_lim_theta"":0.5928510481600375,""acc_lim_x"":0.6056154539985676,""inflation_dist"":0.7259944013254227,""max_vel_theta"":0.5456645120324495,""max_vel_x"":0.6947974144389394,""min_obstacle_dist"":0.37245016829895294,""weight_obstacle"":74.86421195297524,""weight_optimaltime"":0.7418493608544173,""weight_viapoint"":2.5}",true,max_vel_x:rate_limit|max_vel_theta:rate_limit,true,WARNING,recovery:hysteresis_or_health_time|safety_mode:WARNING:conservative_filter,false,,-0.8673339253641528,-0.6908484560532635,-0.05,-0.002293862120077992,-0.008813581022121288,-0.11537802616868992,-0.0,-0.0,0.0,0.0,0.0,1.0,0.0,0.0,1.1604899918893352,0.0,93.99999999999409,true,
t12p_residual_seed102,t12p_residual_seed102-episode-000004,19,20,68.53,67.974,67.978,67.978,68.028,68.528,0,0.45000000000000284,true,,3.075906459664411,3.1252472369007003,0.08632495100759831,0.057914180558664395,0.29577304333612714,0.5413533834586466,2.541056180950842,0.27080517206593596,0.14193193106833774,,"[-0.03350013494491577,-0.2589796781539917,0.2230008840560913,-0.8393427133560181,-0.4993581771850586]",,"{""acc_lim_theta"":0.5928510481600375,""acc_lim_x"":0.6056154539985676,""inflation_dist"":0.7259944013254227,""max_vel_theta"":0.5456645120324495,""max_vel_x"":0.6947974144389394,""min_obstacle_dist"":0.37245016829895294,""weight_obstacle"":74.86421195297524,""weight_optimaltime"":0.7418493608544173,""weight_viapoint"":2.5}","{""acc_lim_theta"":0.5928510481600375,""acc_lim_x"":0.6056154539985676,""inflation_dist"":0.7255596804569139,""max_vel_theta"":0.75,""max_vel_x"":0.9076870864695299,""min_obstacle_dist"":0.3716654092255922,""weight_obstacle"":74.86421195297524,""weight_optimaltime"":0.7418493608544173,""weight_viapoint"":2.5}","{""acc_lim_theta"":0.5928510481600375,""acc_lim_x"":0.6056154539985676,""inflation_dist"":0.7255596804569139,""max_vel_theta"":0.6456645120324495,""max_vel_x"":0.7947974144389394,""min_obstacle_dist"":0.3716654092255922,""weight_obstacle"":74.86421195297524,""weight_optimaltime"":0.7418493608544173,""weight_viapoint"":2.5}","{""acc_lim_theta"":0.5928510481600375,""acc_lim_x"":0.6056154539985676,""inflation_dist"":0.7259944013254227,""max_vel_theta"":0.5456645120324495,""max_vel_x"":0.6947974144389394,""min_obstacle_dist"":0.37245016829895294,""weight_obstacle"":74.86421195297524,""weight_optimaltime"":0.7418493608544173,""weight_viapoint"":2.5}","{""acc_lim_theta"":0.5928510481600375,""acc_lim_x"":0.6056154539985676,""inflation_dist"":0.7259944013254227,""max_vel_theta"":0.5456645120324495,""max_vel_x"":0.6947974144389394,""min_obstacle_dist"":0.37245016829895294,""weight_obstacle"":74.86421195297524,""weight_optimaltime"":0.7418493608544173,""weight_viapoint"":2.5}",true,max_vel_x:rate_limit|max_vel_theta:rate_limit,true,WARNING,recovery:hysteresis_or_health_time|safety_mode:WARNING:conservative_filter,false,,-0.41286629661714275,-0.24670388618144745,-0.04500000000000029,-0.0,-0.015184203514970138,-0.1059782069207249,-0.0,-0.0,0.0,0.0,0.0,1.0,0.0,0.0,0.744712000596337,0.0,50.00000000001137,true,
t12p_residual_seed102,t12p_residual_seed102-episode-000004,20,21,69.132,68.514,68.534,68.552,68.63,69.13,0,0.44999999999998863,true,,3.143843820191601,3.0990073207428055,0.05830351268358034,0.07319801774188694,0.29577304333612714,0.5547445255474452,13.933536802508916,0.014394551702275007,-0.003826832822645759,,"[0.013124942779541016,-0.34185272455215454,0.0721745491027832,-0.8764593005180359,-0.3128901720046997]",,"{""acc_lim_theta"":0.5928510481600375,""acc_lim_x"":0.6056154539985676,""inflation_dist"":0.7259944013254227,""max_vel_theta"":0.5456645120324495,""max_vel_x"":0.6947974144389394,""min_obstacle_dist"":0.37245016829895294,""weight_obstacle"":74.86421195297524,""weight_optimaltime"":0.7418493608544173,""weight_viapoint"":2.5}","{""acc_lim_theta"":0.5933667221350916,""acc_lim_x"":0.6069218604621248,""inflation_dist"":0.7252930423423999,""max_vel_theta"":0.75,""max_vel_x"":0.9140891415167102,""min_obstacle_dist"":0.371864292205924,""weight_obstacle"":75.17527231924828,""weight_optimaltime"":0.7397148816958337,""weight_viapoint"":2.5}","{""acc_lim_theta"":0.5933667221350916,""acc_lim_x"":0.6069218604621248,""inflation_dist"":0.7252930423423999,""max_vel_theta"":0.6456645120324495,""max_vel_x"":0.7947974144389394,""min_obstacle_dist"":0.371864292205924,""weight_obstacle"":75.17527231924828,""weight_optimaltime"":0.7397148816958337,""weight_viapoint"":2.5}","{""acc_lim_theta"":0.5933667221350916,""acc_lim_x"":0.6069218604621248,""inflation_dist"":0.7259944013254227,""max_vel_theta"":0.5456645120324495,""max_vel_x"":0.6947974144389394,""min_obstacle_dist"":0.37245016829895294,""weight_obstacle"":75.17527231924828,""weight_optimaltime"":0.7397148816958337,""weight_viapoint"":2.5}","{""acc_lim_theta"":0.5933667221350916,""acc_lim_x"":0.6069218604621248,""inflation_dist"":0.7259944013254227,""max_vel_theta"":0.5456645120324495,""max_vel_x"":0.6947974144389394,""min_obstacle_dist"":0.37245016829895294,""weight_obstacle"":75.17527231924828,""weight_optimaltime"":0.7397148816958337,""weight_viapoint"":2.5}",true,max_vel_x:rate_limit|max_vel_theta:rate_limit,true,WARNING,recovery:hysteresis_or_health_time|safety_mode:WARNING:conservative_filter,false,,0.10881837729348984,0.22418249724397654,-0.04499999999999887,-0.0,-0.002474463472887468,-0.06638511980368475,-0.0,-0.001504536673915615,0.0,0.0,0.0,1.0,0.0,0.0,2.339801998459734,18.000000000000682,95.99999999998943,true,
t12p_residual_seed102,t12p_residual_seed102-episode-000004,21,22,69.78,69.13,69.134,69.134,69.23,69.73,0,0.5,true,,3.0863730639035127,2.998425891387441,0.052022463029543,0.09919703734683315,0.29577304333612714,0.5973154362416108,2.019417573378085,-0.294611160650275,-0.03125796576692418,,"[0.04258906841278076,-0.23545634746551514,0.051811814308166504,-0.82598876953125,-0.390305757522583]",,"{""acc_lim_theta"":0.5933667221350916,""acc_lim_x"":0.6069218604621248,""inflation_dist"":0.7259944013254227,""max_vel_theta"":0.5456645120324495,""max_vel_x"":0.6947974144389394,""min_obstacle_dist"":0.37245016829895294,""weight_obstacle"":75.17527231924828,""weight_optimaltime"":0.7397148816958337,""weight_viapoint"":2.5}","{""acc_lim_theta"":0.5933667221350916,""acc_lim_x"":0.6069218604621248,""inflation_dist"":0.7252930423423999,""max_vel_theta"":0.75,""max_vel_x"":0.9140891415167102,""min_obstacle_dist"":0.371864292205924,""weight_obstacle"":75.17527231924828,""weight_optimaltime"":0.7397148816958337,""weight_viapoint"":2.5}","{""acc_lim_theta"":0.5933667221350916,""acc_lim_x"":0.6069218604621248,""inflation_dist"":0.7252930423423999,""max_vel_theta"":0.6456645120324495,""max_vel_x"":0.7947974144389394,""min_obstacle_dist"":0.371864292205924,""weight_obstacle"":75.17527231924828,""weight_optimaltime"":0.7397148816958337,""weight_viapoint"":2.5}","{""acc_lim_theta"":0.5933667221350916,""acc_lim_x"":0.6069218604621248,""inflation_dist"":0.7259944013254227,""max_vel_theta"":0.5456645120324495,""max_vel_x"":0.6947974144389394,""min_obstacle_dist"":0.37245016829895294,""weight_obstacle"":75.17527231924828,""weight_optimaltime"":0.7397148816958337,""weight_viapoint"":2.5}","{""acc_lim_theta"":0.5933667221350916,""acc_lim_x"":0.6069218604621248,""inflation_dist"":0.7259944013254227,""max_vel_theta"":0.5456645120324495,""max_vel_x"":0.6947974144389394,""min_obstacle_dist"":0.37245016829895294,""weight_obstacle"":75.17527231924828,""weight_optimaltime"":0.7397148816958337,""weight_viapoint"":2.5}",true,max_vel_x:rate_limit|max_vel_theta:rate_limit,true,WARNING,recovery:hysteresis_or_health_time|safety_mode:WARNING:conservative_filter,false,,0.2789748429708509,0.43973586258035935,-0.05,-0.0,-0.0011371016921354015,-0.10962391791737308,-0.0,-0.0,0.0,0.0,0.0,1.0,0.0,0.0,1.1569289927138016,0.0,96.00000000000364,true,
t12p_residual_seed102,t12p_residual_seed102-episode-000004,22,23,70.332,69.774,69.782,69.782,69.83,70.33,0,0.45000000000000284,true,,2.9665248539893674,2.93987368320057,0.05583103176416251,0.07536255391649552,0.29577304333612714,0.6103896103896104,3.2931545781934095,-0.16474133097702065,0.13727698376529124,,"[0.0638803243637085,-0.18855786323547363,0.07213389873504639,-0.8437221646308899,-0.4483344554901123]",,"{""acc_lim_theta"":0.5933667221350916,""acc_lim_x"":0.6069218604621248,""inflation_dist"":0.7259944013254227,""max_vel_theta"":0.5456645120324495,""max_vel_x"":0.6947974144389394,""min_obstacle_dist"":0.37245016829895294,""weight_obstacle"":75.17527231924828,""weight_optimaltime"":0.7397148816958337,""weight_viapoint"":2.5}","{""acc_lim_theta"":0.5933667221350916,""acc_lim_x"":0.6069218604621248,""inflation_dist"":0.7252930423423999,""max_vel_theta"":0.75,""max_vel_x"":0.9140891415167102,""min_obstacle_dist"":0.371864292205924,""weight_obstacle"":75.17527231924828,""weight_optimaltime"":0.7397148816958337,""weight_viapoint"":2.5}","{""acc_lim_theta"":0.5933667221350916,""acc_lim_x"":0.6069218604621248,""inflation_dist"":0.7252930423423999,""max_vel_theta"":0.6456645120324495,""max_vel_x"":0.7947974144389394,""min_obstacle_dist"":0.371864292205924,""weight_obstacle"":75.17527231924828,""weight_optimaltime"":0.7397148816958337,""weight_viapoint"":2.5}","{""acc_lim_theta"":0.5933667221350916,""acc_lim_x"":0.6069218604621248,""inflation_dist"":0.7259944013254227,""max_vel_theta"":0.5456645120324495,""max_vel_x"":0.6947974144389394,""min_obstacle_dist"":0.37245016829895294,""weight_obstacle"":75.17527231924828,""weight_optimaltime"":0.7397148816958337,""weight_viapoint"":2.5}","{""acc_lim_theta"":0.5933667221350916,""acc_lim_x"":0.6069218604621248,""inflation_dist"":0.7259944013254227,""max_vel_theta"":0.5456645120324495,""max_vel_x"":0.6947974144389394,""min_obstacle_dist"":0.37245016829895294,""weight_obstacle"":75.17527231924828,""weight_optimaltime"":0.7397148816958337,""weight_viapoint"":2.5}",true,max_vel_x:rate_limit|max_vel_theta:rate_limit,true,WARNING,margin:warning|safety_mode:WARNING:conservative_filter,false,,-0.007762480356393417,0.13325585394398765,-0.04500000000000029,-0.0038216785006361695,-0.0013190349524733545,-0.09087762084727125,-0.0,-0.0,0.0,0.0,0.0,1.0,0.0,0.0,0.8465940045425668,0.0,48.00000000000182,true,
t12p_residual_seed102,t12p_residual_seed102-episode-000004,23,24,70.982,70.33,70.332,70.332,70.432,70.932,0,0.5,true,,2.9192641616721526,2.9179663287925015,0.02567585605044678,0.017181163470750056,0.29577304333612714,0.6129032258064516,1.4817998770205367,0.36048049808356714,0.23396111107901163,,"[0.12792861461639404,-0.1996227502822876,0.14363205432891846,-0.8413764238357544,-0.4327433705329895]",,"{""acc_lim_theta"":0.5933667221350916,""acc_lim_x"":0.6069218604621248,""inflation_dist"":0.7259944013254227,""max_vel_theta"":0.5456645120324495,""max_vel_x"":0.6947974144389394,""min_obstacle_dist"":0.37245016829895294,""weight_obstacle"":75.17527231924828,""weight_optimaltime"":0.7397148816958337,""weight_viapoint"":2.5}","{""acc_lim_theta"":0.5933667221350916,""acc_lim_x"":0.6069218604621248,""inflation_dist"":0.7252930423423999,""max_vel_theta"":0.75,""max_vel_x"":0.9140891415167102,""min_obstacle_dist"":0.371864292205924,""weight_obstacle"":75.17527231924828,""weight_optimaltime"":0.7397148816958337,""weight_viapoint"":2.5}","{""acc_lim_theta"":0.5933667221350916,""acc_lim_x"":0.6069218604621248,""inflation_dist"":0.7252930423423999,""max_vel_theta"":0.6456645120324495,""max_vel_x"":0.7947974144389394,""min_obstacle_dist"":0.371864292205924,""weight_obstacle"":75.17527231924828,""weight_optimaltime"":0.7397148816958337,""weight_viapoint"":2.5}","{""acc_lim_theta"":0.5933667221350916,""acc_lim_x"":0.6069218604621248,""inflation_dist"":0.7259944013254227,""max_vel_theta"":0.5456645120324495,""max_vel_x"":0.6947974144389394,""min_obstacle_dist"":0.37245016829895294,""weight_obstacle"":75.17527231924828,""weight_optimaltime"":0.7397148816958337,""weight_viapoint"":2.5}","{""acc_lim_theta"":0.5933667221350916,""acc_lim_x"":0.6069218604621248,""inflation_dist"":0.7259944013254227,""max_vel_theta"":0.5456645120324495,""max_vel_x"":0.6947974144389394,""min_obstacle_dist"":0.37245016829895294,""weight_obstacle"":75.17527231924828,""weight_optimaltime"":0.7397148816958337,""weight_viapoint"":2.5}",true,max_vel_x:rate_limit|max_vel_theta:rate_limit,true,WARNING,recovery:hysteresis_or_health_time|safety_mode:WARNING:conservative_filter,false,,-0.26957820476169925,0.006489164398255642,-0.05,-0.03358129795056813,-0.00013373300001398217,-0.19235233820937278,-0.0,-0.0,0.0,0.0,0.0,1.0,0.0,0.0,0.7902789948275313,0.0,100.00000000000853,true,
t12p_residual_seed102,t12p_residual_seed102-episode-000004,24,25,71.582,70.974,70.984,71.002,71.032,71.532,0,0.5,true,,2.9485849313939947,3.017208526220655,0.011499703184355784,0.009964861220617238,0.29577304333612714,0.5821917808219178,11.610277041053012,0.020624904227120877,-0.00036708741859448497,,"[0.11004447937011719,-0.3759267330169678,0.12160789966583252,-0.835679829120636,-0.47755491733551025]",,"{""acc_lim_theta"":0.5933667221350916,""acc_lim_x"":0.6069218604621248,""inflation_dist"":0.7259944013254227,""max_vel_theta"":0.5456645120324495,""max_vel_x"":0.6947974144389394,""min_obstacle_dist"":0.37245016829895294,""weight_obstacle"":75.17527231924828,""weight_optimaltime"":0.7397148816958337,""weight_viapoint"":2.5}","{""acc_lim_theta"":0.5961731099659511,""acc_lim_x"":0.6050924318380045,""inflation_dist"":0.725015176942015,""max_vel_theta"":0.75,""max_vel_x"":0.9138213770612338,""min_obstacle_dist"":0.37311036245234136,""weight_obstacle"":75.36072922255005,""weight_optimaltime"":0.741988512989251,""weight_viapoint"":2.5}","{""acc_lim_theta"":0.5961731099659511,""acc_lim_x"":0.6050924318380045,""inflation_dist"":0.725015176942015,""max_vel_theta"":0.6456645120324495,""max_vel_x"":0.7947974144389394,""min_obstacle_dist"":0.37311036245234136,""weight_obstacle"":75.36072922255005,""weight_optimaltime"":0.741988512989251,""weight_viapoint"":2.5}","{""acc_lim_theta"":0.5961731099659511,""acc_lim_x"":0.6050924318380045,""inflation_dist"":0.7259944013254227,""max_vel_theta"":0.5456645120324495,""max_vel_x"":0.6947974144389394,""min_obstacle_dist"":0.37311036245234136,""weight_obstacle"":75.36072922255005,""weight_optimaltime"":0.741988512989251,""weight_viapoint"":2.5}","{""acc_lim_theta"":0.5961731099659511,""acc_lim_x"":0.6050924318380045,""inflation_dist"":0.7259944013254227,""max_vel_theta"":0.5456645120324495,""max_vel_x"":0.6947974144389394,""min_obstacle_dist"":0.37311036245234136,""weight_obstacle"":75.36072922255005,""weight_optimaltime"":0.741988512989251,""weight_viapoint"":2.5}",true,max_vel_x:rate_limit|max_vel_theta:rate_limit,true,WARNING,margin:warning|safety_mode:WARNING:conservative_filter,false,,-0.5057578259109898,-0.34311797413330236,-0.05,-0.0015616519116725808,-0.004658097332673481,-0.10417143069295408,-0.0,-0.0022486718403873112,0.0,0.0,0.0,1.0,0.0,0.0,0.8773159934207797,18.000000000000682,48.00000000000182,true,
t12p_residual_seed102,t12p_residual_seed102-episode-000004,25,26,72.18,71.574,71.582,71.582,71.63,72.13,0,0.5,true,,3.019270861529425,3.0211637803889126,0.009145851947970738,0.0031193526813443374,0.29577304333612714,0.5793103448275863,5.622181580428969,-0.1064689675584487,-0.035945449321162726,,"[0.04379749298095703,-0.2470768690109253,0.29657673835754395,-0.8404710292816162,-0.45525312423706055]",,"{""acc_lim_theta"":0.5961731099659511,""acc_lim_x"":0.6050924318380045,""inflation_dist"":0.7259944013254227,""max_vel_theta"":0.5456645120324495,""max_vel_x"":0.6947974144389394,""min_obstacle_dist"":0.37311036245234136,""weight_obstacle"":75.36072922255005,""weight_optimaltime"":0.741988512989251,""weight_viapoint"":2.5}","{""acc_lim_theta"":0.5961731099659511,""acc_lim_x"":0.6050924318380045,""inflation_dist"":0.725015176942015,""max_vel_theta"":0.75,""max_vel_x"":0.9138213770612338,""min_obstacle_dist"":0.37311036245234136,""weight_obstacle"":75.36072922255005,""weight_optimaltime"":0.741988512989251,""weight_viapoint"":2.5}","{""acc_lim_theta"":0.5961731099659511,""acc_lim_x"":0.6050924318380045,""inflation_dist"":0.725015176942015,""max_vel_theta"":0.6456645120324495,""max_vel_x"":0.7947974144389394,""min_obstacle_dist"":0.37311036245234136,""weight_obstacle"":75.36072922255005,""weight_optimaltime"":0.741988512989251,""weight_viapoint"":2.5}","{""acc_lim_theta"":0.5961731099659511,""acc_lim_x"":0.6050924318380045,""inflation_dist"":0.7259944013254227,""max_vel_theta"":0.5456645120324495,""max_vel_x"":0.6947974144389394,""min_obstacle_dist"":0.37311036245234136,""weight_obstacle"":75.36072922255005,""weight_optimaltime"":0.741988512989251,""weight_viapoint"":2.5}","{""acc_lim_theta"":0.5961731099659511,""acc_lim_x"":0.6050924318380045,""inflation_dist"":0.7259944013254227,""max_vel_theta"":0.5456645120324495,""max_vel_x"":0.6947974144389394,""min_obstacle_dist"":0.37311036245234136,""weight_obstacle"":75.36072922255005,""weight_optimaltime"":0.741988512989251,""weight_viapoint"":2.5}",true,max_vel_x:rate_limit|max_vel_theta:rate_limit,true,WARNING,recovery:hysteresis_or_health_time|safety_mode:WARNING:conservative_filter,false,,-0.19686690061482998,-0.009464594297439177,-0.05,-8.517855830125335e-05,-0.0003405371996216518,-0.1369765905594679,-0.0,-0.0,0.0,0.0,0.0,1.0,0.0,0.0,0.8498269889969379,0.0,48.00000000000182,true,
t12p_residual_seed102,t12p_residual_seed102-episode-000004,26,27,72.782,72.174,72.182,72.182,72.232,72.732,0,0.5,true,,3.0105168893377674,3.094064847586404,0.1526271461398739,0.05802670010357599,0.29577304333612714,0.5579710144927537,2.283961846314817,0.2924317519618979,-0.029879645398401863,,"[-0.07621252536773682,-0.41846907138824463,0.26398706436157227,-0.8626519441604614,-0.49254751205444336]",,"{""acc_lim_theta"":0.5961731099659511,""acc_lim_x"":0.6050924318380045,""inflation_dist"":0.7259944013254227,""max_vel_theta"":0.5456645120324495,""max_vel_x"":0.6947974144389394,""min_obstacle_dist"":0.37311036245234136,""weight_obstacle"":75.36072922255005,""weight_optimaltime"":0.741988512989251,""weight_viapoint"":2.5}","{""acc_lim_theta"":0.5961731099659511,""acc_lim_x"":0.6050924318380045,""inflation_dist"":0.725015176942015,""max_vel_theta"":0.75,""max_vel_x"":0.9138213770612338,""min_obstacle_dist"":0.37311036245234136,""weight_obstacle"":75.36072922255005,""weight_optimaltime"":0.741988512989251,""weight_viapoint"":2.5}","{""acc_lim_theta"":0.5961731099659511,""acc_lim_x"":0.6050924318380045,""inflation_dist"":0.725015176942015,""max_vel_theta"":0.6456645120324495,""max_vel_x"":0.7947974144389394,""min_obstacle_dist"":0.37311036245234136,""weight_obstacle"":75.36072922255005,""weight_optimaltime"":0.741988512989251,""weight_viapoint"":2.5}","{""acc_lim_theta"":0.5961731099659511,""acc_lim_x"":0.6050924318380045,""inflation_dist"":0.7259944013254227,""max_vel_theta"":0.5456645120324495,""max_vel_x"":0.6947974144389394,""min_obstacle_dist"":0.37311036245234136,""weight_obstacle"":75.36072922255005,""weight_optimaltime"":0.741988512989251,""weight_viapoint"":2.5}","{""acc_lim_theta"":0.5961731099659511,""acc_lim_x"":0.6050924318380045,""inflation_dist"":0.7259944013254227,""max_vel_theta"":0.5456645120324495,""max_vel_x"":0.6947974144389394,""min_obstacle_dist"":0.37311036245234136,""weight_obstacle"":75.36072922255005,""weight_optimaltime"":0.741988512989251,""weight_viapoint"":2.5}",true,max_vel_x:rate_limit|max_vel_theta:rate_limit,true,WARNING,recovery:hysteresis_or_health_time|safety_mode:WARNING:conservative_filter,false,,-0.6794542449402019,-0.4177397912431835,-0.05,-0.0008116591204809491,-0.002473822905103321,-0.2084289716714341,-0.0,-0.0,0.0,0.0,0.0,1.0,0.0,0.0,0.9934599947882816,0.0,49.99999999999716,true,
t12p_residual_seed102,t12p_residual_seed102-episode-000004,27,28,73.382,72.774,72.786,72.786,72.832,73.332,0,0.5,true,,3.1232567464560588,3.0999218169634863,0.14093519219409645,0.0662590671378948,0.29577304333612714,0.5588235294117647,13.406334905042687,0.0,0.0,,"[0.10407471656799316,-0.3628023862838745,0.27703630924224854,-0.849327802658081,-0.4815625548362732]",,"{""acc_lim_theta"":0.5961731099659511,""acc_lim_x"":0.6050924318380045,""inflation_dist"":0.7259944013254227,""max_vel_theta"":0.5456645120324495,""max_vel_x"":0.6947974144389394,""min_obstacle_dist"":0.37311036245234136,""weight_obstacle"":75.36072922255005,""weight_optimaltime"":0.741988512989251,""weight_viapoint"":2.5}","{""acc_lim_theta"":0.5961731099659511,""acc_lim_x"":0.6050924318380045,""inflation_dist"":0.725015176942015,""max_vel_theta"":0.75,""max_vel_x"":0.9138213770612338,""min_obstacle_dist"":0.37311036245234136,""weight_obstacle"":75.36072922255005,""weight_optimaltime"":0.741988512989251,""weight_viapoint"":2.5}","{""acc_lim_theta"":0.5961731099659511,""acc_lim_x"":0.6050924318380045,""inflation_dist"":0.725015176942015,""max_vel_theta"":0.6456645120324495,""max_vel_x"":0.7947974144389394,""min_obstacle_dist"":0.37311036245234136,""weight_obstacle"":75.36072922255005,""weight_optimaltime"":0.741988512989251,""weight_viapoint"":2.5}","{""acc_lim_theta"":0.5961731099659511,""acc_lim_x"":0.6050924318380045,""inflation_dist"":0.7259944013254227,""max_vel_theta"":0.5456645120324495,""max_vel_x"":0.6947974144389394,""min_obstacle_dist"":0.37311036245234136,""weight_obstacle"":75.36072922255005,""weight_optimaltime"":0.741988512989251,""weight_viapoint"":2.5}","{""acc_lim_theta"":0.5961731099659511,""acc_lim_x"":0.6050924318380045,""inflation_dist"":0.7259944013254227,""max_vel_theta"":0.5456645120324495,""max_vel_x"":0.6947974144389394,""min_obstacle_dist"":0.37311036245234136,""weight_obstacle"":75.36072922255005,""weight_optimaltime"":0.741988512989251,""weight_viapoint"":2.5}",true,max_vel_x:rate_limit|max_vel_theta:rate_limit,true,WARNING,recovery:hysteresis_or_health_time|safety_mode:WARNING:conservative_filter,false,,-0.2474646070506804,0.11667464746286216,-0.05,-0.0,-0.01295684712817216,-0.3011824073853704,-0.0,-0.0,0.0,0.0,0.0,1.0,0.0,0.0,4.755849004141055,0.0,45.99999999999227,true,
