run_id,episode_id,step_id,config_seq,t_observation,t_decision,t_request,t_ack,t_active,t_window_end,planner_cycle_count,valid_feedback_duration,state_valid,invalid_reason,goal_distance_start,goal_distance_end,path_error_mean,path_heading_error_mean,d_obs_min,obstacle_density_mean,ttc_min,linear_velocity_mean,angular_velocity_mean,eta_before_json,action_raw_json,eta_after_json,theta_previous_json,theta_candidate_json,theta_projected_json,theta_safe_json,theta_applied_json,projection_modified,projection_reason,safety_modified,safety_mode,safety_reason,fallback_active,fallback_reason,reward_total,reward_progress,reward_time,reward_near_obstacle,reward_path_error,reward_smoothness,reward_planner_failure,reward_parameter_adjustment,reward_terminal,cost_collision,cost_near_collision,cost_parameter_violation,cost_planner_failure,cost_emergency_or_fallback,inference_latency,parameter_write_latency,parameter_activation_latency,transition_stored,transition_drop_reason
t12_t12_safety_seed102,t12_t12_safety_seed102-episode-000001,0,1,3.072,2.476,2.4779999999999998,2.498,2.5220000000000002,3.0220000000000002,0,0.49999999999999956,true,,2.970622640500089,2.5386917021052438,0.0121525551104957,0.03562868046950673,30.0,0.0,25.70802078814386,1.1669509779545353,0.0125374562496004,"[0.0,0.0,0.0,0.0,0.0]","[0.04698050022125244,0.030984044075012207,0.01297152042388916,-0.045772552490234375,-0.04600471258163452]","[0.04698050022125244,0.030984044075012207,0.01297152042388916,-0.045772552490234375,-0.04600471258163452]","{""acc_lim_theta"":0.8,""acc_lim_x"":0.8,""inflation_dist"":0.55,""max_vel_theta"":1.0,""max_vel_x"":1.2,""min_obstacle_dist"":0.25,""weight_obstacle"":50.0,""weight_optimaltime"":1.0,""weight_viapoint"":1.0}","{""acc_lim_theta"":0.7984499610322764,""acc_lim_x"":0.8,""inflation_dist"":0.55,""max_vel_theta"":1.0,""max_vel_x"":1.2,""min_obstacle_dist"":0.25106457642744645,""weight_obstacle"":50.24841039979934,""weight_optimaltime"":1.0,""weight_viapoint"":1.0}","{""acc_lim_theta"":0.7984499610322764,""acc_lim_x"":0.8,""inflation_dist"":0.55,""max_vel_theta"":1.0,""max_vel_x"":1.2,""min_obstacle_dist"":0.25106457642744645,""weight_obstacle"":50.24841039979934,""weight_optimaltime"":1.0,""weight_viapoint"":1.0}","{""acc_lim_theta"":0.7984499610322764,""acc_lim_x"":0.8,""inflation_dist"":0.55,""max_vel_theta"":1.0,""max_vel_x"":1.2,""min_obstacle_dist"":0.25106457642744645,""weight_obstacle"":50.24841039979934,""weight_optimaltime"":1.0,""weight_viapoint"":1.0}","{""acc_lim_theta"":0.7984499610322764,""acc_lim_x"":0.8,""inflation_dist"":0.55,""max_vel_theta"":1.0,""max_vel_x"":1.2,""min_obstacle_dist"":0.25106457642744645,""weight_obstacle"":50.24841039979934,""weight_optimaltime"":1.0,""weight_viapoint"":1.0}",false,,false,NORMAL,,false,,1.9258415586016095,2.1596546919742265,-0.04999999999999996,-0.0,-2.5826042772932595e-05,-0.1824771462173362,-0.0,-0.0013101611125081744,0.0,0.0,0.0,0.0,0.0,0.0,1.7643460014369339,20.000000000000462,44.00000000000048,true,
t12_t12_safety_seed102,t12_t12_safety_seed102-episode-000001,1,2,3.672,3.056,3.074,3.092,3.122,3.622,0,0.5,true,,2.4222970582422425,1.83973442853591,0.041890575834493,0.04594909955827961,30.0,0.0,25.741851886300545,1.1654173185560741,0.020901167052252933,"[0.04698050022125244,0.030984044075012207,0.01297152042388916,-0.045772552490234375,-0.04600471258163452]","[0.03246867656707764,0.06257462501525879,0.09116923809051514,-0.04796963930130005,-0.08358561992645264]","[0.07944917678833008,0.093558669090271,0.1041407585144043,-0.09374219179153442,-0.12959033250808716]","{""acc_lim_theta"":0.7984499610322764,""acc_lim_x"":0.8,""inflation_dist"":0.55,""max_vel_theta"":1.0,""max_vel_x"":1.2,""min_obstacle_dist"":0.25106457642744645,""weight_obstacle"":50.24841039979934,""weight_optimaltime"":1.0,""weight_viapoint"":1.0}","{""acc_lim_theta"":0.798694473383891,""acc_lim_x"":0.8,""inflation_dist"":0.55,""max_vel_theta"":1.0,""max_vel_x"":1.2,""min_obstacle_dist"":0.25496264388162637,""weight_obstacle"":50.69974540654591,""weight_optimaltime"":1.0,""weight_viapoint"":1.0}","{""acc_lim_theta"":0.798694473383891,""acc_lim_x"":0.8,""inflation_dist"":0.55,""max_vel_theta"":1.0,""max_vel_x"":1.2,""min_obstacle_dist"":0.25496264388162637,""weight_obstacle"":50.69974540654591,""weight_optimaltime"":1.0,""weight_viapoint"":1.0}","{""acc_lim_theta"":0.798694473383891,""acc_lim_x"":0.8,""inflation_dist"":0.55,""max_vel_theta"":1.0,""max_vel_x"":1.2,""min_obstacle_dist"":0.25496264388162637,""weight_obstacle"":50.69974540654591,""weight_optimaltime"":1.0,""weight_viapoint"":1.0}","{""acc_lim_theta"":0.798694473383891,""acc_lim_x"":0.8,""inflation_dist"":0.55,""max_vel_theta"":1.0,""max_vel_x"":1.2,""min_obstacle_dist"":0.25496264388162637,""weight_obstacle"":50.69974540654591,""weight_optimaltime"":1.0,""weight_viapoint"":1.0}",false,,false,NORMAL,,false,,2.859867346023131,2.9128131485316624,-0.05,-0.0,-0.0004125581972016967,-1.0219228261410677e-05,-0.0,-0.002523025083068755,0.0,0.0,0.0,0.0,0.0,0.0,0.9002509905258194,18.000000000000238,48.00000000000004,true,
t12_t12_safety_seed102,t12_t12_safety_seed102-episode-000001,2,3,4.222,3.656,3.672,3.694,3.722,4.2219999999999995,0,0.44999999999999973,true,,1.7231928210943768,1.2089545078843313,0.046184950146986564,0.04639680523871818,30.0,0.0,25.569821851199467,1.1732580764379754,-0.019390926582946107,"[0.07944917678833008,0.093558669090271,0.1041407585144043,-0.09374219179153442,-0.12959033250808716]","[0.05334484577178955,0.06125497817993164,0.10755658149719238,-0.05126595497131348,-0.05448782444000244]","[0.13279402256011963,0.15481364727020264,0.21169734001159668,-0.1450081467628479,-0.1840781569480896]","{""acc_lim_theta"":0.798694473383891,""acc_lim_x"":0.8,""inflation_dist"":0.55,""max_vel_theta"":1.0,""max_vel_x"":1.2,""min_obstacle_dist"":0.25496264388162637,""weight_obstacle"":50.69974540654591,""weight_optimaltime"":1.0,""weight_viapoint"":1.0}","{""acc_lim_theta"":0.7970281066887547,""acc_lim_x"":0.8,""inflation_dist"":0.55,""max_vel_theta"":1.0,""max_vel_x"":1.2,""min_obstacle_dist"":0.2592711344138605,""weight_obstacle"":50.99396183555454,""weight_optimaltime"":1.0,""weight_viapoint"":1.0}","{""acc_lim_theta"":0.7970281066887547,""acc_lim_x"":0.8,""inflation_dist"":0.55,""max_vel_theta"":1.0,""max_vel_x"":1.2,""min_obstacle_dist"":0.2592711344138605,""weight_obstacle"":50.99396183555454,""weight_optimaltime"":1.0,""weight_viapoint"":1.0}","{""acc_lim_theta"":0.7970281066887547,""acc_lim_x"":0.8,""inflation_dist"":0.55,""max_vel_theta"":1.0,""max_vel_x"":1.2,""min_obstacle_dist"":0.2592711344138605,""weight_obstacle"":50.99396183555454,""weight_optimaltime"":1.0,""weight_viapoint"":1.0}","{""acc_lim_theta"":0.7970281066887547,""acc_lim_x"":0.8,""inflation_dist"":0.55,""max_vel_theta"":1.0,""max_vel_x"":1.2,""min_obstacle_dist"":0.2592711344138605,""weight_obstacle"":50.99396183555454,""weight_optimaltime"":1.0,""weight_viapoint"":1.0}",false,,false,NORMAL,,false,,2.5226845141061776,2.571191566050227,-0.04499999999999998,-0.0,-0.0007318040150964037,-4.6827184258201345e-05,-0.0,-0.0027284207446950062,0.0,0.0,0.0,0.0,0.0,0.0,0.8181619923561811,21.999999999999797,49.99999999999982,true,
t12_t12_safety_seed102,t12_t12_safety_seed102-episode-000001,3,4,6.03,4.22,4.222,4.244,4.32,4.82,0,0.5,true,,1.0211406292504215,0.5101396302103581,0.007185497928683967,0.0042616427510629214,30.0,0.0,600.0,0.0,0.0,"[0.13279402256011963,0.15481364727020264,0.21169734001159668,-0.1450081467628479,-0.1840781569480896]","[0.04046809673309326,0.05912899971008301,0.16012156009674072,-0.06533598899841309,-0.09506344795227051]","[0.1732621192932129,0.21394264698028564,0.3718189001083374,-0.210344135761261,-0.2791416049003601]","{""acc_lim_theta"":0.7970281066887547,""acc_lim_x"":0.8,""inflation_dist"":0.55,""max_vel_theta"":1.0,""max_vel_x"":1.2,""min_obstacle_dist"":0.2592711344138605,""weight_obstacle"":50.99396183555454,""weight_optimaltime"":1.0,""weight_viapoint"":1.0}","{""acc_lim_theta"":0.796884555520813,""acc_lim_x"":0.8,""inflation_dist"":0.55,""max_vel_theta"":1.0,""max_vel_x"":1.2,""min_obstacle_dist"":0.2649447826624342,""weight_obstacle"":51.50727335924298,""weight_optimaltime"":1.0,""weight_viapoint"":1.0}","{""acc_lim_theta"":0.796884555520813,""acc_lim_x"":0.8,""inflation_dist"":0.55,""max_vel_theta"":1.0,""max_vel_x"":1.2,""min_obstacle_dist"":0.2649447826624342,""weight_obstacle"":51.50727335924298,""weight_optimaltime"":1.0,""weight_viapoint"":1.0}","{""acc_lim_theta"":0.796884555520813,""acc_lim_x"":0.8,""inflation_dist"":0.55,""max_vel_theta"":1.0,""max_vel_x"":1.2,""min_obstacle_dist"":0.2649447826624342,""weight_obstacle"":51.50727335924298,""weight_optimaltime"":1.0,""weight_viapoint"":1.0}","{""acc_lim_theta"":0.796884555520813,""acc_lim_x"":0.8,""inflation_dist"":0.55,""max_vel_theta"":1.0,""max_vel_x"":1.2,""min_obstacle_dist"":0.2649447826624342,""weight_obstacle"":51.50727335924298,""weight_optimaltime"":1.0,""weight_viapoint"":1.0}",false,,false,NORMAL,,false,,12.479907789781304,2.5550049952003167,-0.05,-0.0,-0.0010895498190819012,-0.020675685461140157,-0.0,-0.003331970138791756,10.0,0.0,0.0,0.0,0.0,0.0,0.7572909962618724,21.999999999999353,97.99999999999986,true,
t12_t12_safety_seed102,t12_t12_safety_seed102-episode-000002,0,1,7.566,6.976,6.978,6.998,7.016,7.516,0,0.5,true,,3.810103329651672,3.873852506628227,0.045389155052552754,0.12118300318401676,30.0,0.0,73.80084835724183,0.40649939218559406,0.3097300606815749,"[0.0,0.0,0.0,0.0,0.0]","[0.12255501747131348,-0.027153313159942627,0.29384779930114746,-0.18771839141845703,-0.11165368556976318]","[0.12255501747131348,-0.027153313159942627,0.29384779930114746,-0.18771839141845703,-0.11165368556976318]","{""acc_lim_theta"":0.8,""acc_lim_x"":0.8,""inflation_dist"":0.55,""max_vel_theta"":1.0,""max_vel_x"":1.2,""min_obstacle_dist"":0.25,""weight_obstacle"":50.0,""weight_optimaltime"":1.0,""weight_viapoint"":1.0}","{""acc_lim_theta"":0.793918675564847,""acc_lim_x"":0.8,""inflation_dist"":0.55,""max_vel_theta"":1.0,""max_vel_x"":1.2,""min_obstacle_dist"":0.2572788483771287,""weight_obstacle"":50.602893380156175,""weight_optimaltime"":0.9972846686840058,""weight_viapoint"":1.0}","{""acc_lim_theta"":0.793918675564847,""acc_lim_x"":0.8,""inflation_dist"":0.55,""max_vel_theta"":1.0,""max_vel_x"":1.2,""min_obstacle_dist"":0.2572788483771287,""weight_obstacle"":50.602893380156175,""weight_optimaltime"":0.9972846686840058,""weight_viapoint"":1.0}","{""acc_lim_theta"":0.793918675564847,""acc_lim_x"":0.8,""inflation_dist"":0.55,""max_vel_theta"":1.0,""max_vel_x"":1.2,""min_obstacle_dist"":0.2572788483771287,""weight_obstacle"":50.602893380156175,""weight_optimaltime"":0.9972846686840058,""weight_viapoint"":1.0}","{""acc_lim_theta"":0.793918675564847,""acc_lim_x"":0.8,""inflation_dist"":0.55,""max_vel_theta"":1.0,""max_vel_x"":1.2,""min_obstacle_dist"":0.2572788483771287,""weight_obstacle"":50.602893380156175,""weight_optimaltime"":0.9972846686840058,""weight_viapoint"":1.0}",false,,false,NORMAL,,false,,-0.44650196967843914,-0.3187458848827762,-0.05,-0.0,-0.0012933183512013058,-0.07028204296131062,-0.0,-0.006180723483150952,0.0,0.0,0.0,0.0,0.0,0.0,1.4573329972336069,20.000000000000462,38.000000000000256,true,
t12_t12_safety_seed102,t12_t12_safety_seed102-episode-000002,1,2,8.116,7.556,7.568,7.592,7.614,8.114,0,0.45000000000000107,true,,3.8332528827146817,3.416512589481053,0.11543966186778658,0.4453609026189949,30.0,0.0,25.691780673916536,1.1676886230956098,0.5285900688768366,"[0.12255501747131348,-0.027153313159942627,0.29384779930114746,-0.18771839141845703,-0.11165368556976318]","[0.1228780746459961,0.05110907554626465,0.2870810031890869,-0.12568771839141846,-0.05833619832992554]","[0.24543309211730957,0.02395576238632202,0.5809288024902344,-0.3134061098098755,-0.16998988389968872]","{""acc_lim_theta"":0.793918675564847,""acc_lim_x"":0.8,""inflation_dist"":0.55,""max_vel_theta"":1.0,""max_vel_x"":1.2,""min_obstacle_dist"":0.2572788483771287,""weight_obstacle"":50.602893380156175,""weight_optimaltime"":0.9972846686840058,""weight_viapoint"":1.0}","{""acc_lim_theta"":0.7876330065826093,""acc_lim_x"":0.8,""inflation_dist"":0.55,""max_vel_theta"":1.0,""max_vel_x"":1.2,""min_obstacle_dist"":0.2661831115070262,""weight_obstacle"":50.9178897693673,""weight_optimaltime"":1.0,""weight_viapoint"":1.0}","{""acc_lim_theta"":0.7876330065826093,""acc_lim_x"":0.8,""inflation_dist"":0.55,""max_vel_theta"":1.0,""max_vel_x"":1.2,""min_obstacle_dist"":0.2661831115070262,""weight_obstacle"":50.9178897693673,""weight_optimaltime"":1.0,""weight_viapoint"":1.0}","{""acc_lim_theta"":0.7876330065826093,""acc_lim_x"":0.8,""inflation_dist"":0.55,""max_vel_theta"":1.0,""max_vel_x"":1.2,""min_obstacle_dist"":0.2661831115070262,""weight_obstacle"":50.9178897693673,""weight_optimaltime"":1.0,""weight_viapoint"":1.0}","{""acc_lim_theta"":0.7876330065826093,""acc_lim_x"":0.8,""inflation_dist"":0.55,""max_vel_theta"":1.0,""max_vel_x"":1.2,""min_obstacle_dist"":0.2661831115070262,""weight_obstacle"":50.9178897693673,""weight_optimaltime"":1.0,""weight_viapoint"":1.0}",false,,false,NORMAL,,false,,1.8457402066332058,2.083701466168144,-0.04500000000000011,-0.0,-0.0018776240859002013,-0.1847774539098987,-0.0,-0.0063061815391395205,0.0,0.0,0.0,0.0,0.0,0.0,1.1574980017030612,24.00000000000002,46.00000000000026,true,
t12_t12_safety_seed102,t12_t12_safety_seed102-episode-000002,2,3,8.764,8.114,8.12,8.138,8.214,8.714,0,0.5,true,,3.2595967843756957,2.686287040352626,0.22930815443568633,0.6394240329989723,30.0,0.0,25.65659885790098,1.169289825442372,0.09839457903128822,"[0.24543309211730957,0.02395576238632202,0.5809288024902344,-0.3134061098098755,-0.16998988389968872]","[0.13651907444000244,0.188240647315979,0.26697540283203125,-0.1532955765724182,-0.190093994140625]","[0.381952166557312,0.21219640970230103,0.8479042053222656,-0.4667016863822937,-0.3600838780403137]","{""acc_lim_theta"":0.7876330065826093,""acc_lim_x"":0.8,""inflation_dist"":0.55,""max_vel_theta"":1.0,""max_vel_x"":1.2,""min_obstacle_dist"":0.2661831115070262,""weight_obstacle"":50.9178897693673,""weight_optimaltime"":1.0,""weight_viapoint"":1.0}","{""acc_lim_theta"":0.7844977388404186,""acc_lim_x"":0.8,""inflation_dist"":0.55,""max_vel_theta"":1.0,""max_vel_x"":1.2,""min_obstacle_dist"":0.2777134973447279,""weight_obstacle"":51.94433515798119,""weight_optimaltime"":1.0,""weight_viapoint"":1.0}","{""acc_lim_theta"":0.7844977388404186,""acc_lim_x"":0.8,""inflation_dist"":0.55,""max_vel_theta"":1.0,""max_vel_x"":1.2,""min_obstacle_dist"":0.2777134973447279,""weight_obstacle"":51.94433515798119,""weight_optimaltime"":1.0,""weight_viapoint"":1.0}","{""acc_lim_theta"":0.7844977388404186,""acc_lim_x"":0.8,""inflation_dist"":0.55,""max_vel_theta"":1.0,""max_vel_x"":1.2,""min_obstacle_dist"":0.2777134973447279,""weight_obstacle"":51.94433515798119,""weight_optimaltime"":1.0,""weight_viapoint"":1.0}","{""acc_lim_theta"":0.7844977388404186,""acc_lim_x"":0.8,""inflation_dist"":0.55,""max_vel_theta"":1.0,""max_vel_x"":1.2,""min_obstacle_dist"":0.2777134973447279,""weight_obstacle"":51.94433515798119,""weight_optimaltime"":1.0,""weight_viapoint"":1.0}",false,,false,NORMAL,,false,,2.7902398843189244,2.8665487201153472,-0.05,-0.0,-0.01882953082130033,-3.044292726632013e-05,-0.0,-0.007448862047856113,0.0,0.0,0.0,0.0,0.0,0.0,3.7146419927012175,18.000000000000682,94.0000000000012,true,
t12_t12_safety_seed102,t12_t12_safety_seed102-episode-000002,3,4,9.314,8.756,8.764,8.784,8.812,9.312,0,0.4499999999999993,true,,2.5705239517581675,2.0387317528655187,0.09340445862126265,0.630080219278326,30.0,0.0,25.70652064647173,1.1670190770884257,-0.05890338106009289,"[0.381952166557312,0.21219640970230103,0.8479042053222656,-0.4667016863822937,-0.3600838780403137]","[0.12614762783050537,0.33488285541534424,0.09713983535766602,-0.10907304286956787,-0.1267094612121582]","[0.5080997943878174,0.5470792651176453,0.9450440406799316,-0.5757747292518616,-0.4867933392524719]","{""acc_lim_theta"":0.7844977388404186,""acc_lim_x"":0.8,""inflation_dist"":0.55,""max_vel_theta"":1.0,""max_vel_x"":1.2,""min_obstacle_dist"":0.2777134973447279,""weight_obstacle"":51.94433515798119,""weight_optimaltime"":1.0,""weight_viapoint"":1.0}","{""acc_lim_theta"":0.7807982571910289,""acc_lim_x"":0.8,""inflation_dist"":0.55,""max_vel_theta"":1.0,""max_vel_x"":1.2,""min_obstacle_dist"":0.2880611796367788,""weight_obstacle"":52.628524801862085,""weight_optimaltime"":1.0,""weight_viapoint"":1.0}","{""acc_lim_theta"":0.7807982571910289,""acc_lim_x"":0.8,""inflation_dist"":0.55,""max_vel_theta"":1.0,""max_vel_x"":1.2,""min_obstacle_dist"":0.2880611796367788,""weight_obstacle"":52.628524801862085,""weight_optimaltime"":1.0,""weight_viapoint"":1.0}","{""acc_lim_theta"":0.7807982571910289,""acc_lim_x"":0.8,""inflation_dist"":0.55,""max_vel_theta"":1.0,""max_vel_x"":1.2,""min_obstacle_dist"":0.2880611796367788,""weight_obstacle"":52.628524801862085,""weight_optimaltime"":1.0,""weight_viapoint"":1.0}","{""acc_lim_theta"":0.7807982571910289,""acc_lim_x"":0.8,""inflation_dist"":0.55,""max_vel_theta"":1.0,""max_vel_x"":1.2,""min_obstacle_dist"":0.2880611796367788,""weight_obstacle"":52.628524801862085,""weight_optimaltime"":1.0,""weight_viapoint"":1.0}",false,,false,NORMAL,,false,,2.5992322085852186,2.658960994463244,-0.04499999999999993,-0.0,-0.008162550539060518,-0.000133912722035623,-0.0,-0.006432322616929576,0.0,0.0,0.0,0.0,0.0,0.0,0.8225759956985712,20.00000000000135,48.00000000000004,true,
t12_t12_safety_seed102,t12_t12_safety_seed102-episode-000002,4,5,9.914,9.312,9.316,9.334,9.412,9.912,0,0.45000000000000107,true,,1.8785479145225945,1.3578034385022115,0.06005541708399958,0.6531236038055959,30.0,0.0,25.69287952242396,1.1676386826870424,0.16764615732699534,"[0.5080997943878174,0.5470792651176453,0.9450440406799316,-0.5757747292518616,-0.4867933392524719]","[-0.10747087001800537,0.3764231204986572,0.31192779541015625,-0.150213360786438,-0.3620316982269287]","[0.400628924369812,0.9235023856163025,1.0,-0.7259880900382996,-0.8488250374794006]","{""acc_lim_theta"":0.7807982571910289,""acc_lim_x"":0.8,""inflation_dist"":0.55,""max_vel_theta"":1.0,""max_vel_x"":1.2,""min_obstacle_dist"":0.2880611796367788,""weight_obstacle"":52.628524801862085,""weight_optimaltime"":1.0,""weight_viapoint"":1.0}","{""acc_lim_theta"":0.7934481447702344,""acc_lim_x"":0.8,""inflation_dist"":0.55,""max_vel_theta"":1.0,""max_vel_x"":1.2,""min_obstacle_dist"":0.30514709313854327,""weight_obstacle"":54.58337755171901,""weight_optimaltime"":1.0,""weight_viapoint"":1.0}","{""acc_lim_theta"":0.7934481447702344,""acc_lim_x"":0.8,""inflation_dist"":0.55,""max_vel_theta"":1.0,""max_vel_x"":1.2,""min_obstacle_dist"":0.30514709313854327,""weight_obstacle"":54.58337755171901,""weight_optimaltime"":1.0,""weight_viapoint"":1.0}","{""acc_lim_theta"":0.7934481447702344,""acc_lim_x"":0.8,""inflation_dist"":0.55,""max_vel_theta"":1.0,""max_vel_x"":1.2,""min_obstacle_dist"":0.30514709313854327,""weight_obstacle"":54.58337755171901,""weight_optimaltime"":1.0,""weight_viapoint"":1.0}","{""acc_lim_theta"":0.7934481447702344,""acc_lim_x"":0.8,""inflation_dist"":0.55,""max_vel_theta"":1.0,""max_vel_x"":1.2,""min_obstacle_dist"":0.30514709313854327,""weight_obstacle"":54.58337755171901,""weight_optimaltime"":1.0,""weight_viapoint"":1.0}",false,,false,NORMAL,,false,,2.5336386042171823,2.6037223801019147,-0.04500000000000011,-0.0,-0.01116624998687794,-1.098310263305974e-05,-0.0,-0.013906542795221011,0.0,0.0,0.0,0.0,0.0,0.0,1.1084379948442802,17.999999999998906,96.00000000000009,true,
t12_t12_safety_seed102,t12_t12_safety_seed102-episode-000002,5,6,10.562,9.9,9.916,9.936,10.012,10.512,0,0.5,true,,1.1993908564905191,0.6662439075956299,0.16649309689243072,0.9109968645898844,30.0,0.0,31.073915177846466,0.9654399784610311,0.5827865607823989,"[0.400628924369812,0.9235023856163025,1.0,-0.7259880900382996,-0.8488250374794006]","[-0.026757776737213135,0.3271338939666748,0.3460104465484619,-0.19497454166412354,-0.3994603157043457]","[0.3738711476325989,1.0,1.0,-0.9209626317024231,-1.0]","{""acc_lim_theta"":0.7934481447702344,""acc_lim_x"":0.8,""inflation_dist"":0.55,""max_vel_theta"":1.0,""max_vel_x"":1.2,""min_obstacle_dist"":0.30514709313854327,""weight_obstacle"":54.58337755171901,""weight_optimaltime"":1.0,""weight_viapoint"":1.0}","{""acc_lim_theta"":0.8,""acc_lim_x"":0.8,""inflation_dist"":0.55,""max_vel_theta"":1.0,""max_vel_x"":1.2,""min_obstacle_dist"":0.3220116602553166,""weight_obstacle"":56.74033259305321,""weight_optimaltime"":1.0,""weight_viapoint"":1.0}","{""acc_lim_theta"":0.8,""acc_lim_x"":0.8,""inflation_dist"":0.55,""max_vel_theta"":1.0,""max_vel_x"":1.2,""min_obstacle_dist"":0.3220116602553166,""weight_obstacle"":56.74033259305321,""weight_optimaltime"":1.0,""weight_viapoint"":1.0}","{""acc_lim_theta"":0.8,""acc_lim_x"":0.8,""inflation_dist"":0.55,""max_vel_theta"":1.0,""max_vel_x"":1.2,""min_obstacle_dist"":0.3220116602553166,""weight_obstacle"":56.74033259305321,""weight_optimaltime"":1.0,""weight_viapoint"":1.0}","{""acc_lim_theta"":0.8,""acc_lim_x"":0.8,""inflation_dist"":0.55,""max_vel_theta"":1.0,""max_vel_x"":1.2,""min_obstacle_dist"":0.3220116602553166,""weight_obstacle"":56.74033259305321,""weight_optimaltime"":1.0,""weight_viapoint"":1.0}",false,,false,NORMAL,,false,,2.584427063193075,2.665734744474446,-0.05,-0.0,-0.009777508324222691,-0.008832472220329244,-0.0,-0.012697700736819134,0.0,0.0,0.0,0.0,0.0,0.0,1.493299991125241,19.999999999999574,96.00000000000009,true,
t12_t12_safety_seed102,t12_t12_safety_seed102-episode-000002,6,7,12.022,10.556000000000001,10.564,10.586,10.612,11.112,0,0.5,true,,0.5722446442103177,0.21623110196310805,0.006104454265603098,0.004907366061933872,30.0,0.0,600.0,0.0,0.0,"[0.3738711476325989,1.0,1.0,-0.9209626317024231,-1.0]","[-0.05316019058227539,0.26914048194885254,0.1881101131439209,-0.1492617130279541,-0.33909356594085693]","[0.3207109570503235,1.0,1.0,-1.0,-1.0]","{""acc_lim_theta"":0.8,""acc_lim_x"":0.8,""inflation_dist"":0.55,""max_vel_theta"":1.0,""max_vel_x"":1.2,""min_obstacle_dist"":0.3220116602553166,""weight_obstacle"":56.74033259305321,""weight_optimaltime"":1.0,""weight_viapoint"":1.0}","{""acc_lim_theta"":0.8,""acc_lim_x"":0.8,""inflation_dist"":0.55,""max_vel_theta"":1.0,""max_vel_x"":1.2,""min_obstacle_dist"":0.33328856755475267,""weight_obstacle"":58.57132693162842,""weight_optimaltime"":1.0,""weight_viapoint"":1.0}","{""acc_lim_theta"":0.8,""acc_lim_x"":0.8,""inflation_dist"":0.55,""max_vel_theta"":1.0,""max_vel_x"":1.2,""min_obstacle_dist"":0.33328856755475267,""weight_obstacle"":58.57132693162842,""weight_optimaltime"":1.0,""weight_viapoint"":1.0}","{""acc_lim_theta"":0.8,""acc_lim_x"":0.8,""inflation_dist"":0.55,""max_vel_theta"":1.0,""max_vel_x"":1.2,""min_obstacle_dist"":0.33328856755475267,""weight_obstacle"":58.57132693162842,""weight_optimaltime"":1.0,""weight_viapoint"":1.0}","{""acc_lim_theta"":0.8,""acc_lim_x"":0.8,""inflation_dist"":0.55,""max_vel_theta"":1.0,""max_vel_x"":1.2,""min_obstacle_dist"":0.33328856755475267,""weight_obstacle"":58.57132693162842,""weight_optimaltime"":1.0,""weight_viapoint"":1.0}",false,,false,NORMAL,,false,,11.670648393714414,1.7800677112360486,-0.05,-0.0,-0.00869626959525045,-0.04255029632945921,-0.0,-0.008172751596924854,10.0,0.0,0.0,0.0,0.0,0.0,1.5794869977980852,22.00000000000024,48.00000000000004,true,
t12_t12_safety_seed102,t12_t12_safety_seed102-episode-000003,0,1,13.558,12.956,12.958,12.975999999999999,13.008,13.508,0,0.5,true,,3.8339352159673625,3.6309385268817183,0.21624512765994258,0.27535064623453626,30.0,0.0,134.22106227704,0.22351186535894246,-0.18521980283296294,"[0.0,0.0,0.0,0.0,0.0]","[-0.04806727170944214,0.007831335067749023,-0.011308252811431885,-0.10559016466140747,-0.2863302230834961]","[-0.04806727170944214,0.007831335067749023,-0.011308252811431885,-0.10559016466140747,-0.2863302230834961]","{""acc_lim_theta"":0.8,""acc_lim_x"":0.8,""inflation_dist"":0.55,""max_vel_theta"":1.0,""max_vel_x"":1.2,""min_obstacle_dist"":0.25,""weight_obstacle"":50.0,""weight_optimaltime"":1.0,""weight_viapoint"":1.0}","{""acc_lim_theta"":0.8,""acc_lim_x"":0.8,""inflation_dist"":0.5501046946598621,""max_vel_theta"":1.0,""max_vel_x"":1.2,""min_obstacle_dist"":0.25,""weight_obstacle"":51.54608954603491,""weight_optimaltime"":1.0,""weight_viapoint"":1.0}","{""acc_lim_theta"":0.8,""acc_lim_x"":0.8,""inflation_dist"":0.5501046946598621,""max_vel_theta"":1.0,""max_vel_x"":1.2,""min_obstacle_dist"":0.25,""weight_obstacle"":51.54608954603491,""weight_optimaltime"":1.0,""weight_viapoint"":1.0}","{""acc_lim_theta"":0.8,""acc_lim_x"":0.8,""inflation_dist"":0.5501046946598621,""max_vel_theta"":1.0,""max_vel_x"":1.2,""min_obstacle_dist"":0.25,""weight_obstacle"":51.54608954603491,""weight_optimaltime"":1.0,""weight_viapoint"":1.0}","{""acc_lim_theta"":0.8,""acc_lim_x"":0.8,""inflation_dist"":0.5501046946598621,""max_vel_theta"":1.0,""max_vel_x"":1.2,""min_obstacle_dist"":0.25,""weight_obstacle"":51.54608954603491,""weight_optimaltime"":1.0,""weight_viapoint"":1.0}",false,,false,NORMAL,,false,,0.897990752193058,1.0149834454282214,-0.05,-0.0,-0.013614700755140728,-0.05025590062799221,-0.0,-0.0031220918520304046,0.0,0.0,0.0,0.0,0.0,0.0,1.5201220085145906,17.999999999998906,49.999999999998934,true,
t12_t12_safety_seed102,t12_t12_safety_seed102-episode-000003,1,2,14.158,13.556000000000001,13.56,13.578,13.608,14.108,0,0.5,true,,3.611199509801097,3.1948761829991046,0.16081279373978608,0.5873981614920221,30.0,0.0,25.705671805422863,1.1670576138636923,-0.4733021232951265,"[-0.04806727170944214,0.007831335067749023,-0.011308252811431885,-0.10559016466140747,-0.2863302230834961]","[0.0071523189544677734,0.11195611953735352,0.06985175609588623,-0.16689157485961914,-0.19919037818908691]","[-0.040914952754974365,0.11978745460510254,0.058543503284454346,-0.2724817395210266,-0.485520601272583]","{""acc_lim_theta"":0.8,""acc_lim_x"":0.8,""inflation_dist"":0.5501046946598621,""max_vel_theta"":1.0,""max_vel_x"":1.2,""min_obstacle_dist"":0.25,""weight_obstacle"":51.54608954603491,""weight_optimaltime"":1.0,""weight_viapoint"":1.0}","{""acc_lim_theta"":0.8,""acc_lim_x"":0.8,""inflation_dist"":0.55,""max_vel_theta"":1.0,""max_vel_x"":1.2,""min_obstacle_dist"":0.25446499081926804,""weight_obstacle"":52.62165243308327,""weight_optimaltime"":1.0,""weight_viapoint"":1.0}","{""acc_lim_theta"":0.8,""acc_lim_x"":0.8,""inflation_dist"":0.55,""max_vel_theta"":1.0,""max_vel_x"":1.2,""min_obstacle_dist"":0.25446499081926804,""weight_obstacle"":52.62165243308327,""weight_optimaltime"":1.0,""weight_viapoint"":1.0}","{""acc_lim_theta"":0.8,""acc_lim_x"":0.8,""inflation_dist"":0.55,""max_vel_theta"":1.0,""max_vel_x"":1.2,""min_obstacle_dist"":0.25446499081926804,""weight_obstacle"":52.62165243308327,""weight_optimaltime"":1.0,""weight_viapoint"":1.0}","{""acc_lim_theta"":0.8,""acc_lim_x"":0.8,""inflation_dist"":0.55,""max_vel_theta"":1.0,""max_vel_x"":1.2,""min_obstacle_dist"":0.25446499081926804,""weight_obstacle"":52.62165243308327,""weight_optimaltime"":1.0,""weight_viapoint"":1.0}",false,,false,NORMAL,,false,,1.7864228885863846,2.0816166340099618,-0.05,-0.0,-0.020608600517439728,-0.22061811004437304,-0.0,-0.003967034861764536,0.0,0.0,0.0,0.0,0.0,0.0,1.0350350057706237,17.999999999998906,48.00000000000004,true,
t12_t12_safety_seed102,t12_t12_safety_seed102-episode-000003,2,3,14.756,14.156,14.158,14.174,14.206,14.706,0,0.5,true,,3.081323147720106,2.504963697966282,0.2315401426186914,0.738129955942195,30.0,0.0,25.73779323664417,1.165601095795871,-0.11720415776635805,"[-0.040914952754974365,0.11978745460510254,0.058543503284454346,-0.2724817395210266,-0.485520601272583]","[0.08242237567901611,0.2407768964767456,-0.06960892677307129,-0.0800582766532898,-0.0456622838973999]","[0.04150742292404175,0.36056435108184814,-0.011065423488616943,-0.3525400161743164,-0.5311828851699829]","{""acc_lim_theta"":0.8,""acc_lim_x"":0.8,""inflation_dist"":0.55,""max_vel_theta"":1.0,""max_vel_x"":1.2,""min_obstacle_dist"":0.25446499081926804,""weight_obstacle"":52.62165243308327,""weight_optimaltime"":1.0,""weight_viapoint"":1.0}","{""acc_lim_theta"":0.7961120798329602,""acc_lim_x"":0.8,""inflation_dist"":0.5506444570203192,""max_vel_theta"":1.0,""max_vel_x"":1.2,""min_obstacle_dist"":0.25815292527320416,""weight_obstacle"":52.86821382999617,""weight_optimaltime"":1.0,""weight_viapoint"":1.0}","{""acc_lim_theta"":0.7961120798329602,""acc_lim_x"":0.8,""inflation_dist"":0.5506444570203192,""max_vel_theta"":1.0,""max_vel_x"":1.2,""min_obstacle_dist"":0.25815292527320416,""weight_obstacle"":52.86821382999617,""weight_optimaltime"":1.0,""weight_viapoint"":1.0}","{""acc_lim_theta"":0.7961120798329602,""acc_lim_x"":0.8,""inflation_dist"":0.5506444570203192,""max_vel_theta"":1.0,""max_vel_x"":1.2,""min_obstacle_dist"":0.25815292527320416,""weight_obstacle"":52.86821382999617,""weight_optimaltime"":1.0,""weight_viapoint"":1.0}","{""acc_lim_theta"":0.7961120798329602,""acc_lim_x"":0.8,""inflation_dist"":0.5506444570203192,""max_vel_theta"":1.0,""max_vel_x"":1.2,""min_obstacle_dist"":0.25815292527320416,""weight_obstacle"":52.86821382999617,""weight_optimaltime"":1.0,""weight_viapoint"":1.0}",false,,false,NORMAL,,false,,2.8074572098402744,2.88179724876912,-0.05,-0.0,-0.021199964741328847,-1.5666993122817536e-05,-0.0,-0.0031244071943942534,0.0,0.0,0.0,0.0,0.0,0.0,0.7699069974478334,16.000000000000014,48.00000000000004,true,
t12_t12_safety_seed102,t12_t12_safety_seed102-episode-000003,3,4,15.356,14.756,14.762,14.78,14.806000000000001,15.306000000000001,0,0.4999999999999982,true,,2.3891534759593727,1.8094820030602605,0.10812612824641758,0.7227968866363916,30.0,0.0,25.732337977498712,1.1658482033864581,0.09212293991738704,"[0.04150742292404175,0.36056435108184814,-0.011065423488616943,-0.3525400161743164,-0.5311828851699829]","[0.021382927894592285,0.1857236623764038,0.1405034065246582,-0.11900496482849121,-0.13509804010391235]","[0.06289035081863403,0.546288013458252,0.12943798303604126,-0.4715449810028076,-0.6662809252738953]","{""acc_lim_theta"":0.7961120798329602,""acc_lim_x"":0.8,""inflation_dist"":0.5506444570203192,""max_vel_theta"":1.0,""max_vel_x"":1.2,""min_obstacle_dist"":0.25815292527320416,""weight_obstacle"":52.86821382999617,""weight_optimaltime"":1.0,""weight_viapoint"":1.0}","{""acc_lim_theta"":0.7967073085651291,""acc_lim_x"":0.8,""inflation_dist"":0.55,""max_vel_theta"":1.0,""max_vel_x"":1.2,""min_obstacle_dist"":0.2662224603519559,""weight_obstacle"":53.59769905598838,""weight_optimaltime"":1.0,""weight_viapoint"":1.0}","{""acc_lim_theta"":0.7967073085651291,""acc_lim_x"":0.8,""inflation_dist"":0.55,""max_vel_theta"":1.0,""max_vel_x"":1.2,""min_obstacle_dist"":0.2662224603519559,""weight_obstacle"":53.59769905598838,""weight_optimaltime"":1.0,""weight_viapoint"":1.0}","{""acc_lim_theta"":0.7967073085651291,""acc_lim_x"":0.8,""inflation_dist"":0.55,""max_vel_theta"":1.0,""max_vel_x"":1.2,""min_obstacle_dist"":0.2662224603519559,""weight_obstacle"":53.59769905598838,""weight_optimaltime"":1.0,""weight_viapoint"":1.0}","{""acc_lim_theta"":0.7967073085651291,""acc_lim_x"":0.8,""inflation_dist"":0.55,""max_vel_theta"":1.0,""max_vel_x"":1.2,""min_obstacle_dist"":0.2662224603519559,""weight_obstacle"":53.59769905598838,""weight_optimaltime"":1.0,""weight_viapoint"":1.0}",false,,false,NORMAL,,false,,2.8340409337194306,2.8983573644955607,-0.04999999999999982,-0.0,-0.0092690899217816,-2.761861058711058e-05,-0.0,-0.005019722243761368,0.0,0.0,0.0,0.0,0.0,0.0,4.613367011188529,17.999999999998906,44.00000000000048,true,
t12_t12_safety_seed102,t12_t12_safety_seed102-episode-000003,4,5,15.906,15.34,15.358,15.376,15.404,15.904,0,0.4499999999999993,true,,1.6945822851961576,1.192237631801313,0.10733264152637215,0.7519281078195503,30.0,0.0,25.670907859527485,1.1686380615816756,-0.1737658962804381,"[0.06289035081863403,0.546288013458252,0.12943798303604126,-0.4715449810028076,-0.6662809252738953]","[0.10851693153381348,0.27622127532958984,0.16512656211853027,-0.05508500337600708,-0.24925827980041504]","[0.1714072823524475,0.8225092887878418,0.29456454515457153,-0.5266299843788147,-0.9155392050743103]","{""acc_lim_theta"":0.7967073085651291,""acc_lim_x"":0.8,""inflation_dist"":0.55,""max_vel_theta"":1.0,""max_vel_x"":1.2,""min_obstacle_dist"":0.2662224603519559,""weight_obstacle"":53.59769905598838,""weight_optimaltime"":1.0,""weight_viapoint"":1.0}","{""acc_lim_theta"":0.799223307127303,""acc_lim_x"":0.8,""inflation_dist"":0.55,""max_vel_theta"":1.0,""max_vel_x"":1.2,""min_obstacle_dist"":0.27704452809122726,""weight_obstacle"":54.9436122345273,""weight_optimaltime"":1.0,""weight_viapoint"":1.0}","{""acc_lim_theta"":0.799223307127303,""acc_lim_x"":0.8,""inflation_dist"":0.55,""max_vel_theta"":1.0,""max_vel_x"":1.2,""min_obstacle_dist"":0.27704452809122726,""weight_obstacle"":54.9436122345273,""weight_optimaltime"":1.0,""weight_viapoint"":1.0}","{""acc_lim_theta"":0.799223307127303,""acc_lim_x"":0.8,""inflation_dist"":0.55,""max_vel_theta"":1.0,""max_vel_x"":1.2,""min_obstacle_dist"":0.27704452809122726,""weight_obstacle"":54.9436122345273,""weight_optimaltime"":1.0,""weight_viapoint"":1.0}","{""acc_lim_theta"":0.799223307127303,""acc_lim_x"":0.8,""inflation_dist"":0.55,""max_vel_theta"":1.0,""max_vel_x"":1.2,""min_obstacle_dist"":0.27704452809122726,""weight_obstacle"":54.9436122345273,""weight_optimaltime"":1.0,""weight_viapoint"":1.0}",false,,false,NORMAL,,false,,2.4482387861971104,2.511723266974223,-0.04499999999999993,-0.0,-0.010788943971350867,-4.588371243221321e-05,-0.0,-0.007649653093329885,0.0,0.0,0.0,0.0,0.0,0.0,1.1008989968104288,17.999999999998906,45.999999999999375,true,
t12_t12_safety_seed102,t12_t12_safety_seed102-episode-000003,5,6,17.814,15.904,15.91,15.928,16.004,16.504,0,0.5,true,,1.009718431848751,0.5206413551421346,0.006780965206615099,0.003654458701326968,30.0,0.0,600.0,0.0,0.0,"[0.1714072823524475,0.8225092887878418,0.29456454515457153,-0.5266299843788147,-0.9155392050743103]","[-0.06432855129241943,0.2609124183654785,0.2011505365371704,-0.019456803798675537,-0.24741947650909424]","[0.10707873106002808,1.0,0.49571508169174194,-0.5460867881774902,-1.0]","{""acc_lim_theta"":0.799223307127303,""acc_lim_x"":0.8,""inflation_dist"":0.55,""max_vel_theta"":1.0,""max_vel_x"":1.2,""min_obstacle_dist"":0.27704452809122726,""weight_obstacle"":54.9436122345273,""weight_optimaltime"":1.0,""weight_viapoint"":1.0}","{""acc_lim_theta"":0.8,""acc_lim_x"":0.8,""inflation_dist"":0.55,""max_vel_theta"":1.0,""max_vel_x"":1.2,""min_obstacle_dist"":0.28848225946912376,""weight_obstacle"":56.27959647676564,""weight_optimaltime"":1.0,""weight_viapoint"":1.0}","{""acc_lim_theta"":0.8,""acc_lim_x"":0.8,""inflation_dist"":0.55,""max_vel_theta"":1.0,""max_vel_x"":1.2,""min_obstacle_dist"":0.28848225946912376,""weight_obstacle"":56.27959647676564,""weight_optimaltime"":1.0,""weight_viapoint"":1.0}","{""acc_lim_theta"":0.8,""acc_lim_x"":0.8,""inflation_dist"":0.55,""max_vel_theta"":1.0,""max_vel_x"":1.2,""min_obstacle_dist"":0.28848225946912376,""weight_obstacle"":56.27959647676564,""weight_optimaltime"":1.0,""weight_viapoint"":1.0}","{""acc_lim_theta"":0.8,""acc_lim_x"":0.8,""inflation_dist"":0.55,""max_vel_theta"":1.0,""max_vel_x"":1.2,""min_obstacle_dist"":0.28848225946912376,""weight_obstacle"":56.27959647676564,""weight_optimaltime"":1.0,""weight_viapoint"":1.0}",false,,false,NORMAL,,false,,12.357932853294898,2.4453853835330825,-0.05,-0.0,-0.012891850044518165,-0.01711944593985693,-0.0,-0.007441234253809527,10.0,0.0,0.0,0.0,0.0,0.0,2.881249994970858,18.000000000000682,94.0000000000012,true,
t12_t12_safety_seed102,t12_t12_safety_seed102-episode-000004,0,1,19.31,18.756,18.758,18.772,18.808,19.308,0,0.45000000000000284,true,,5.23056846165384,4.861760287873931,0.059324675324980744,0.3569957980228319,1.1725186035164317,1.0,1.313459336997167,0.8926950157414433,0.6328881190619615,"[0.0,0.0,0.0,0.0,0.0]","[0.07550573348999023,0.05751299858093262,0.0894845724105835,-0.2638711929321289,-0.1704556941986084]","[0.07550573348999023,0.05751299858093262,0.0894845724105835,-0.2638711929321289,-0.1704556941986084]","{""acc_lim_theta"":0.8,""acc_lim_x"":0.8,""inflation_dist"":0.55,""max_vel_theta"":1.0,""max_vel_x"":1.2,""min_obstacle_dist"":0.25,""weight_obstacle"":50.0,""weight_optimaltime"":1.0,""weight_viapoint"":1.0}","{""acc_lim_theta"":0.7958475530048233,""acc_lim_x"":0.8,""inflation_dist"":0.55,""max_vel_theta"":1.0,""max_vel_x"":1.2,""min_obstacle_dist"":0.2537358430417366,""weight_obstacle"":50.92040499261491,""weight_optimaltime"":1.0,""weight_viapoint"":1.0}","{""acc_lim_theta"":0.7958475530048233,""acc_lim_x"":0.8,""inflation_dist"":0.55,""max_vel_theta"":1.0,""max_vel_x"":1.2,""min_obstacle_dist"":0.2537358430417366,""weight_obstacle"":50.92040499261491,""weight_optimaltime"":1.0,""weight_viapoint"":1.0}","{""acc_lim_theta"":0.7958475530048233,""acc_lim_x"":0.8,""inflation_dist"":0.55,""max_vel_theta"":1.0,""max_vel_x"":1.2,""min_obstacle_dist"":0.2537358430417366,""weight_obstacle"":50.92040499261491,""weight_optimaltime"":1.0,""weight_viapoint"":1.0}","{""acc_lim_theta"":0.7958475530048233,""acc_lim_x"":0.8,""inflation_dist"":0.55,""max_vel_theta"":1.0,""max_vel_x"":1.2,""min_obstacle_dist"":0.2537358430417366,""weight_obstacle"":50.92040499261491,""weight_optimaltime"":1.0,""weight_viapoint"":1.0}",false,,false,NORMAL,,false,,1.6383778617047309,1.8440408688995458,-0.04500000000000029,-0.0,-0.0005823512478914162,-0.15570739699620442,-0.0,-0.004373258950718629,0.0,0.0,0.0,0.0,0.0,0.0,0.9853689989540726,13.999999999999346,50.00000000000071,true,
t12_t12_safety_seed102,t12_t12_safety_seed102-episode-000004,1,2,19.906,19.304,19.312,19.334,19.404,19.904,0,0.45000000000000284,true,,4.7320066223754935,4.3856122744620105,0.03822522503757275,0.6084463012745803,0.6160231725186004,1.0,0.5806304240327615,1.0609557250548791,0.2728903000843596,"[0.07550573348999023,0.05751299858093262,0.0894845724105835,-0.2638711929321289,-0.1704556941986084]","[0.09983599185943604,0.49198341369628906,0.1668030023574829,-0.13164567947387695,0.16986143589019775]","[0.17534172534942627,0.5494964122772217,0.2562875747680664,-0.39551687240600586,-0.0005942583084106445]","{""acc_lim_theta"":0.7958475530048233,""acc_lim_x"":0.8,""inflation_dist"":0.55,""max_vel_theta"":1.0,""max_vel_x"":1.2,""min_obstacle_dist"":0.2537358430417366,""weight_obstacle"":50.92040499261491,""weight_optimaltime"":1.0,""weight_viapoint"":1.0}","{""acc_lim_theta"":0.7826981825387614,""acc_lim_x"":0.8,""inflation_dist"":0.55,""max_vel_theta"":1.0,""max_vel_x"":1.195048870215639,""min_obstacle_dist"":0.26958605592717266,""weight_obstacle"":50.00320880048352,""weight_optimaltime"":1.0,""weight_viapoint"":1.0}","{""acc_lim_theta"":0.7826981825387614,""acc_lim_x"":0.8,""inflation_dist"":0.55,""max_vel_theta"":0.9958740585130326,""max_vel_x"":1.195048870215639,""min_obstacle_dist"":0.26958605592717266,""weight_obstacle"":50.00320880048352,""weight_optimaltime"":1.0,""weight_viapoint"":1.0}","{""acc_lim_theta"":0.7826981825387614,""acc_lim_x"":0.8,""inflation_dist"":0.55,""max_vel_theta"":0.9958740585130326,""max_vel_x"":1.195048870215639,""min_obstacle_dist"":0.26958605592717266,""weight_obstacle"":50.92040499261491,""weight_optimaltime"":1.0,""weight_viapoint"":1.0}","{""acc_lim_theta"":0.7826981825387614,""acc_lim_x"":0.8,""inflation_dist"":0.55,""max_vel_theta"":0.9958740585130326,""max_vel_x"":1.195048870215639,""min_obstacle_dist"":0.26958605592717266,""weight_obstacle"":50.92040499261491,""weight_optimaltime"":1.0,""weight_viapoint"":1.0}",true,max_vel_theta:ackermann_turning_radius,true,WARNING,margin:warning|safety_mode:WARNING:conservative_filter,false,,1.6045079161484646,1.731971739567415,-0.04500000000000029,-0.0,-0.001959209975965924,-0.06922680907750715,-0.0,-0.011277804365476894,0.0,0.0,0.0,1.0,0.0,0.0,0.9594559960532933,21.999999999998465,91.99999999999875,true,
t12_t12_safety_seed102,t12_t12_safety_seed102-episode-000004,2,3,20.556,19.896,19.908,19.926,20.006,20.506,0,0.5,true,,4.25038989220079,3.856480251502783,0.08420172754867204,0.6406741480215534,0.40598562052363585,1.0,0.3481324040526947,1.1661816475497762,-0.20522597476377283,"[0.17534172534942627,0.5494964122772217,0.2562875747680664,-0.39551687240600586,-0.0005942583084106445]","[0.0027197599411010742,0.5242079496383667,-0.07403182983398438,-0.021672546863555908,0.11109781265258789]","[0.17806148529052734,1.0,0.18225574493408203,-0.41718941926956177,0.11050355434417725]","{""acc_lim_theta"":0.7826981825387614,""acc_lim_x"":0.8,""inflation_dist"":0.55,""max_vel_theta"":0.9958740585130326,""max_vel_x"":1.195048870215639,""min_obstacle_dist"":0.26958605592717266,""weight_obstacle"":50.92040499261491,""weight_optimaltime"":1.0,""weight_viapoint"":1.0}","{""acc_lim_theta"":0.7783056388342716,""acc_lim_x"":0.8,""inflation_dist"":0.5506854053736401,""max_vel_theta"":0.9958740585130326,""max_vel_x"":1.1891463742065569,""min_obstacle_dist"":0.2797008510849407,""weight_obstacle"":50.32051314438546,""weight_optimaltime"":1.0,""weight_viapoint"":1.0}","{""acc_lim_theta"":0.7783056388342716,""acc_lim_x"":0.8,""inflation_dist"":0.5506854053736401,""max_vel_theta"":0.9909553118387975,""max_vel_x"":1.1891463742065569,""min_obstacle_dist"":0.2797008510849407,""weight_obstacle"":50.32051314438546,""weight_optimaltime"":1.0,""weight_viapoint"":1.0}","{""acc_lim_theta"":0.7783056388342716,""acc_lim_x"":0.8,""inflation_dist"":0.5506854053736401,""max_vel_theta"":0.9909553118387975,""max_vel_x"":1.1891463742065569,""min_obstacle_dist"":0.2797008510849407,""weight_obstacle"":50.92040499261491,""weight_optimaltime"":1.0,""weight_viapoint"":1.0}","{""acc_lim_theta"":0.7783056388342716,""acc_lim_x"":0.8,""inflation_dist"":0.5506854053736401,""max_vel_theta"":0.9909553118387975,""max_vel_x"":1.1891463742065569,""min_obstacle_dist"":0.2797008510849407,""weight_obstacle"":50.92040499261491,""weight_optimaltime"":1.0,""weight_viapoint"":1.0}",true,max_vel_theta:ackermann_turning_radius,true,WARNING,margin:warning|safety_mode:WARNING:conservative_filter,false,,1.8711732802350522,1.9695482034900347,-0.05,-0.03818326445739029,-0.0018811911912227192,-0.0010030848406913822,-0.0,-0.007307382765677999,0.0,0.0,0.0,1.0,0.0,0.0,2.0577099930960685,17.99999999999713,97.99999999999898,true,
t12_t12_safety_seed102,t12_t12_safety_seed102-episode-000004,3,4,21.106,20.536,20.564,20.58,20.604,21.104,0,0.4499999999999993,true,,3.7806907953868882,3.4158682922801606,0.1496805768305975,0.40185398743546674,0.3528468019154028,1.0,0.32472094967037124,1.1561422515996873,-0.528428064119796,"[0.17806148529052734,1.0,0.18225574493408203,-0.41718941926956177,0.11050355434417725]","[0.3159259557723999,0.44919002056121826,-0.0633363127708435,-0.09564042091369629,0.17370200157165527]","[0.49398744106292725,1.0,0.11891943216323853,-0.5128298401832581,0.2842055559158325]","{""acc_lim_theta"":0.7783056388342716,""acc_lim_x"":0.8,""inflation_dist"":0.5506854053736401,""max_vel_theta"":0.9909553118387975,""max_vel_x"":1.1891463742065569,""min_obstacle_dist"":0.2797008510849407,""weight_obstacle"":50.92040499261491,""weight_optimaltime"":1.0,""weight_viapoint"":1.0}","{""acc_lim_theta"":0.7571484754942499,""acc_lim_x"":0.8,""inflation_dist"":0.5512717889496915,""max_vel_theta"":0.9909553118387975,""max_vel_x"":1.1871742737828095,""min_obstacle_dist"":0.2883708644777197,""weight_obstacle"":50.0,""weight_optimaltime"":1.0,""weight_viapoint"":1.0}","{""acc_lim_theta"":0.7571484754942499,""acc_lim_x"":0.8,""inflation_dist"":0.5512717889496915,""max_vel_theta"":0.9893118948190079,""max_vel_x"":1.1871742737828095,""min_obstacle_dist"":0.2883708644777197,""weight_obstacle"":50.0,""weight_optimaltime"":1.0,""weight_viapoint"":1.0}","{""acc_lim_theta"":0.7571484754942499,""acc_lim_x"":0.8,""inflation_dist"":0.5512717889496915,""max_vel_theta"":0.9893118948190079,""max_vel_x"":1.1871742737828095,""min_obstacle_dist"":0.2883708644777197,""weight_obstacle"":50.92040499261491,""weight_optimaltime"":1.0,""weight_viapoint"":1.0}","{""acc_lim_theta"":0.7571484754942499,""acc_lim_x"":0.8,""inflation_dist"":0.5512717889496915,""max_vel_theta"":0.9893118948190079,""max_vel_x"":1.1871742737828095,""min_obstacle_dist"":0.2883708644777197,""weight_obstacle"":50.92040499261491,""weight_optimaltime"":1.0,""weight_viapoint"":1.0}",true,max_vel_theta:ackermann_turning_radius,true,WARNING,margin:warning|safety_mode:WARNING:conservative_filter,false,,1.6253610066087554,1.824112515533638,-0.04499999999999993,-0.13727847795034495,-0.006242492448949784,-0.000648337360969036,-0.0,-0.00958220116461897,0.0,0.0,0.0,1.0,0.0,0.0,7.191456010332331,15.999999999998238,39.99999999999915,true,
t12_t12_safety_seed102,t12_t12_safety_seed102-episode-000004,4,5,21.754,21.104,21.106,21.126,21.204,21.704,0,0.5,true,,3.2973114593102895,2.8263848793156194,0.06492210237666503,0.05052885584219716,0.3528468019154028,1.0,0.4575177024860756,1.1486619973697887,-0.8957897330686279,"[0.49398744106292725,1.0,0.11891943216323853,-0.5128298401832581,0.2842055559158325]","[0.3075270652770996,0.36007261276245117,0.16121745109558105,-0.22942042350769043,0.1658412218093872]","[0.8015145063400269,1.0,0.2801368832588196,-0.7422502636909485,0.4500467777252197]","{""acc_lim_theta"":0.7571484754942499,""acc_lim_x"":0.8,""inflation_dist"":0.5512717889496915,""max_vel_theta"":0.9893118948190079,""max_vel_x"":1.1871742737828095,""min_obstacle_dist"":0.2883708644777197,""weight_obstacle"":50.92040499261491,""weight_optimaltime"":1.0,""weight_viapoint"":1.0}","{""acc_lim_theta"":0.7331548762271328,""acc_lim_x"":0.8,""inflation_dist"":0.55,""max_vel_theta"":0.9893118948190079,""max_vel_x"":1.1886060872632545,""min_obstacle_dist"":0.3010243099357167,""weight_obstacle"":50.02491664150787,""weight_optimaltime"":1.0,""weight_viapoint"":1.0}","{""acc_lim_theta"":0.7331548762271328,""acc_lim_x"":0.8,""inflation_dist"":0.55,""max_vel_theta"":0.9893118948190079,""max_vel_x"":1.1886060872632545,""min_obstacle_dist"":0.3010243099357167,""weight_obstacle"":50.02491664150787,""weight_optimaltime"":1.0,""weight_viapoint"":1.0}","{""acc_lim_theta"":0.7331548762271328,""acc_lim_x"":0.8,""inflation_dist"":0.5512717889496915,""max_vel_theta"":0.9893118948190079,""max_vel_x"":1.1871742737828095,""min_obstacle_dist"":0.3010243099357167,""weight_obstacle"":50.92040499261491,""weight_optimaltime"":1.0,""weight_viapoint"":1.0}","{""acc_lim_theta"":0.7331548762271328,""acc_lim_x"":0.8,""inflation_dist"":0.5512717889496915,""max_vel_theta"":0.9893118948190079,""max_vel_x"":1.1871742737828095,""min_obstacle_dist"":0.3010243099357167,""weight_obstacle"":50.92040499261491,""weight_optimaltime"":1.0,""weight_viapoint"":1.0}",false,,true,WARNING,margin:warning|safety_mode:WARNING:conservative_filter,false,,2.2132099959905576,2.35463289997335,-0.05,-0.050278145703517296,-0.029995187708324184,-8.979257097309528e-05,-0.0,-0.011059777999978078,0.0,0.0,0.0,0.0,0.0,0.0,0.6432340014725924,19.999999999999574,97.99999999999898,true,
t12_t12_safety_seed102,t12_t12_safety_seed102-episode-000004,5,6,22.354,21.736,21.756,21.776,21.804,22.304,0,0.5,true,,2.7226932297215383,2.242807943932013,0.14156901542267192,0.4754957939291944,0.3528468019154028,1.0,0.4788898716536161,0.8436980757438284,-0.5251822569276274,"[0.8015145063400269,1.0,0.2801368832588196,-0.7422502636909485,0.4500467777252197]","[0.22687959671020508,-0.08213770389556885,-0.04637610912322998,-0.2959202527999878,0.34009838104248047]","[1.0,0.9178622961044312,0.2337607741355896,-1.0,0.7901451587677002]","{""acc_lim_theta"":0.7331548762271328,""acc_lim_x"":0.8,""inflation_dist"":0.5512717889496915,""max_vel_theta"":0.9893118948190079,""max_vel_x"":1.1871742737828095,""min_obstacle_dist"":0.3010243099357167,""weight_obstacle"":50.92040499261491,""weight_optimaltime"":1.0,""weight_viapoint"":1.0}","{""acc_lim_theta"":0.7048953146845268,""acc_lim_x"":0.8,""inflation_dist"":0.5517011506779219,""max_vel_theta"":0.9893118948190079,""max_vel_x"":1.1785156385448428,""min_obstacle_dist"":0.29787958812037896,""weight_obstacle"":50.0,""weight_optimaltime"":0.9917862296104432,""weight_viapoint"":1.0}","{""acc_lim_theta"":0.7048953146845268,""acc_lim_x"":0.8,""inflation_dist"":0.5517011506779219,""max_vel_theta"":0.9820963654540357,""max_vel_x"":1.1785156385448428,""min_obstacle_dist"":0.29787958812037896,""weight_obstacle"":50.0,""weight_optimaltime"":0.9917862296104432,""weight_viapoint"":1.0}","{""acc_lim_theta"":0.7048953146845268,""acc_lim_x"":0.8,""inflation_dist"":0.5517011506779219,""max_vel_theta"":0.9820963654540357,""max_vel_x"":1.1785156385448428,""min_obstacle_dist"":0.3010243099357167,""weight_obstacle"":50.92040499261491,""weight_optimaltime"":0.9917862296104432,""weight_viapoint"":1.0}","{""acc_lim_theta"":0.7048953146845268,""acc_lim_x"":0.8,""inflation_dist"":0.5517011506779219,""max_vel_theta"":0.9820963654540357,""max_vel_x"":1.1785156385448428,""min_obstacle_dist"":0.3010243099357167,""weight_obstacle"":50.92040499261491,""weight_optimaltime"":0.9917862296104432,""weight_viapoint"":1.0}",true,max_vel_theta:ackermann_turning_radius,true,WARNING,margin:warning|safety_mode:WARNING:conservative_filter,false,,2.2556998598773355,2.3994264289476264,-0.05,-0.04990032321128425,-0.009248420462211355,-0.0228612944077492,-0.0,-0.011716530989046174,0.0,0.0,0.0,1.0,0.0,0.0,1.0601440008031204,19.999999999999574,47.999999999998266,true,
t12_t12_safety_seed102,t12_t12_safety_seed102-episode-000004,6,7,22.954,22.344,22.356,22.374,22.404,22.904,0,0.5,true,,2.158714004030648,1.685935495391101,0.03443930796527781,0.6888037476307487,0.3528468019154028,1.0,0.3561705852672393,1.1159535647526193,-0.1872129552708356,"[1.0,0.9178622961044312,0.2337607741355896,-1.0,0.7901451587677002]","[0.11848175525665283,0.09638869762420654,-0.33337968587875366,-0.27956318855285645,0.1634119749069214]","[1.0,1.0,-0.09961891174316406,-1.0,0.9535571336746216]","{""acc_lim_theta"":0.7048953146845268,""acc_lim_x"":0.8,""inflation_dist"":0.5517011506779219,""max_vel_theta"":0.9820963654540357,""max_vel_x"":1.1785156385448428,""min_obstacle_dist"":0.3010243099357167,""weight_obstacle"":50.92040499261491,""weight_optimaltime"":0.9917862296104432,""weight_viapoint"":1.0}","{""acc_lim_theta"":0.6873963935950895,""acc_lim_x"":0.8,""inflation_dist"":0.5547876639881582,""max_vel_theta"":0.9820963654540357,""max_vel_x"":1.1777197613073098,""min_obstacle_dist"":0.29428085443464974,""weight_obstacle"":50.03803378017453,""weight_optimaltime"":1.0,""weight_viapoint"":1.0}","{""acc_lim_theta"":0.6873963935950895,""acc_lim_x"":0.8,""inflation_dist"":0.5547876639881582,""max_vel_theta"":0.9814331344227583,""max_vel_x"":1.1777197613073098,""min_obstacle_dist"":0.29428085443464974,""weight_obstacle"":50.03803378017453,""weight_optimaltime"":1.0,""weight_viapoint"":1.0}","{""acc_lim_theta"":0.6873963935950895,""acc_lim_x"":0.8,""inflation_dist"":0.5547876639881582,""max_vel_theta"":0.9814331344227583,""max_vel_x"":1.1777197613073098,""min_obstacle_dist"":0.3010243099357167,""weight_obstacle"":50.92040499261491,""weight_optimaltime"":1.0,""weight_viapoint"":1.0}","{""acc_lim_theta"":0.6873963935950895,""acc_lim_x"":0.8,""inflation_dist"":0.5547876639881582,""max_vel_theta"":0.9814331344227583,""max_vel_x"":1.1777197613073098,""min_obstacle_dist"":0.3010243099357167,""weight_obstacle"":50.92040499261491,""weight_optimaltime"":1.0,""weight_viapoint"":1.0}",true,max_vel_theta:ackermann_turning_radius,true,WARNING,margin:warning|safety_mode:WARNING:conservative_filter,false,,2.152938753779601,2.3638925431977356,-0.05,-0.12600024704470786,-0.004581129560090071,-0.023207775104773305,-0.0,-0.0071646377085634455,0.0,0.0,0.0,1.0,0.0,0.0,1.0513650049688295,17.99999999999713,47.999999999998266,true,
t12_t12_safety_seed102,t12_t12_safety_seed102-episode-000004,7,8,23.554,22.936,22.954,22.972,23.004,23.504,0,0.5,true,,1.5756037547235242,1.0688792833401604,0.12637876594149908,0.708537085528465,0.3528468019154028,1.0,0.6320102287833521,0.9540471529461418,0.18610249714742935,"[1.0,1.0,-0.09961891174316406,-1.0,0.9535571336746216]","[0.26772212982177734,0.2714860439300537,-0.4864996671676636,-0.4681018590927124,0.15314114093780518]","[1.0,1.0,-0.5861185789108276,-1.0,1.0]","{""acc_lim_theta"":0.6873963935950895,""acc_lim_x"":0.8,""inflation_dist"":0.5547876639881582,""max_vel_theta"":0.9814331344227583,""max_vel_x"":1.1777197613073098,""min_obstacle_dist"":0.3010243099357167,""weight_obstacle"":50.92040499261491,""weight_optimaltime"":1.0,""weight_viapoint"":1.0}","{""acc_lim_theta"":0.6593092121685593,""acc_lim_x"":0.8,""inflation_dist"":0.5592918007479624,""max_vel_theta"":0.9814331344227583,""max_vel_x"":1.1846838731640355,""min_obstacle_dist"":0.29420505591638607,""weight_obstacle"":50.093492924017966,""weight_optimaltime"":1.0,""weight_viapoint"":1.0}","{""acc_lim_theta"":0.6593092121685593,""acc_lim_x"":0.8,""inflation_dist"":0.5592918007479624,""max_vel_theta"":0.9814331344227583,""max_vel_x"":1.1846838731640355,""min_obstacle_dist"":0.29420505591638607,""weight_obstacle"":50.093492924017966,""weight_optimaltime"":1.0,""weight_viapoint"":1.0}","{""acc_lim_theta"":0.6593092121685593,""acc_lim_x"":0.8,""inflation_dist"":0.5592918007479624,""max_vel_theta"":0.9814331344227583,""max_vel_x"":1.1777197613073098,""min_obstacle_dist"":0.3010243099357167,""weight_obstacle"":50.92040499261491,""weight_optimaltime"":1.0,""weight_viapoint"":1.0}","{""acc_lim_theta"":0.6593092121685593,""acc_lim_x"":0.8,""inflation_dist"":0.5592918007479624,""max_vel_theta"":0.9814331344227583,""max_vel_x"":1.1777197613073098,""min_obstacle_dist"":0.3010243099357167,""weight_obstacle"":50.92040499261491,""weight_optimaltime"":1.0,""weight_viapoint"":1.0}",false,,true,WARNING,margin:warning|safety_mode:WARNING:conservative_filter,false,,2.428991955900171,2.533622356916819,-0.05,-0.034794249818678034,-0.0034926774979646526,-0.008034782126286385,-0.0,-0.008308691573719473,0.0,0.0,0.0,0.0,0.0,0.0,0.943236009334214,18.000000000000682,50.00000000000071,true,
t12_t12_safety_seed102,t12_t12_safety_seed102-episode-000004,8,9,25.914,23.536,23.554,23.57,23.604,24.104,0,0.5,true,,0.9771451874222167,0.5545578157821243,0.01035421487684404,0.002661276836946571,0.3528468019154028,0.0,30.97694714422027,0.0,0.0,"[1.0,1.0,-0.5861185789108276,-1.0,1.0]","[0.30689680576324463,-0.03823608160018921,-0.14967286586761475,-0.49683237075805664,-0.22377055883407593]","[1.0,0.9617639183998108,-0.7357914447784424,-1.0,0.7762294411659241]","{""acc_lim_theta"":0.6593092121685593,""acc_lim_x"":0.8,""inflation_dist"":0.5592918007479624,""max_vel_theta"":0.9814331344227583,""max_vel_x"":1.1777197613073098,""min_obstacle_dist"":0.3010243099357167,""weight_obstacle"":50.92040499261491,""weight_optimaltime"":1.0,""weight_viapoint"":1.0}","{""acc_lim_theta"":0.6415208040123462,""acc_lim_x"":0.8,""inflation_dist"":0.5606775099325634,""max_vel_theta"":0.9814331344227583,""max_vel_x"":1.2,""min_obstacle_dist"":0.2961143064289948,""weight_obstacle"":52.12869281496913,""weight_optimaltime"":0.9961763918399811,""weight_viapoint"":1.0}","{""acc_lim_theta"":0.6415208040123462,""acc_lim_x"":0.8,""inflation_dist"":0.5606775099325634,""max_vel_theta"":0.9814331344227583,""max_vel_x"":1.2,""min_obstacle_dist"":0.2961143064289948,""weight_obstacle"":52.12869281496913,""weight_optimaltime"":0.9961763918399811,""weight_viapoint"":1.0}","{""acc_lim_theta"":0.6415208040123462,""acc_lim_x"":0.8,""inflation_dist"":0.5606775099325634,""max_vel_theta"":0.9814331344227583,""max_vel_x"":1.1777197613073098,""min_obstacle_dist"":0.3010243099357167,""weight_obstacle"":52.12869281496913,""weight_optimaltime"":0.9961763918399811,""weight_viapoint"":1.0}","{""acc_lim_theta"":0.6415208040123462,""acc_lim_x"":0.8,""inflation_dist"":0.5606775099325634,""max_vel_theta"":0.9814331344227583,""max_vel_x"":1.1777197613073098,""min_obstacle_dist"":0.3010243099357167,""weight_obstacle"":52.12869281496913,""weight_optimaltime"":0.9961763918399811,""weight_viapoint"":1.0}",false,,true,WARNING,margin:warning|safety_mode:WARNING:conservative_filter,false,,12.031274305467903,2.112936858200462,-0.05,-0.0,-0.0036224551755223936,-0.020015781331385114,-0.0,-0.008024316225651489,10.0,0.0,0.0,0.0,0.0,0.0,0.774996995460242,16.00000000000179,50.00000000000071,true,
t12_t12_safety_seed102,t12_t12_safety_seed102-episode-000005,0,1,27.456,26.856,26.858,26.874,26.906,27.406,0,0.5,true,,5.366458014071642,4.942102748752409,0.10262042545611681,0.3347395440743014,1.1264220241022347,1.0,0.9838709747054569,1.144887950820435,-0.37288607291340486,"[0.0,0.0,0.0,0.0,0.0]","[0.19846248626708984,0.25800883769989014,-0.1448712944984436,-0.16908609867095947,-0.04748177528381348]","[0.19846248626708984,0.25800883769989014,-0.1448712944984436,-0.16908609867095947,-0.04748177528381348]","{""acc_lim_theta"":0.8,""acc_lim_x"":0.8,""inflation_dist"":0.55,""max_vel_theta"":1.0,""max_vel_x"":1.2,""min_obstacle_dist"":0.25,""weight_obstacle"":50.0,""weight_optimaltime"":1.0,""weight_viapoint"":1.0}","{""acc_lim_theta"":0.7891538370972282,""acc_lim_x"":0.8,""inflation_dist"":0.5513412550244685,""max_vel_theta"":1.0,""max_vel_x"":1.2,""min_obstacle_dist"":0.2520609781537714,""weight_obstacle"":50.2563860552439,""weight_optimaltime"":1.0,""weight_viapoint"":1.0}","{""acc_lim_theta"":0.7891538370972282,""acc_lim_x"":0.8,""inflation_dist"":0.5513412550244685,""max_vel_theta"":1.0,""max_vel_x"":1.2,""min_obstacle_dist"":0.2520609781537714,""weight_obstacle"":50.2563860552439,""weight_optimaltime"":1.0,""weight_viapoint"":1.0}","{""acc_lim_theta"":0.7891538370972282,""acc_lim_x"":0.8,""inflation_dist"":0.5513412550244685,""max_vel_theta"":1.0,""max_vel_x"":1.2,""min_obstacle_dist"":0.2520609781537714,""weight_obstacle"":50.2563860552439,""weight_optimaltime"":1.0,""weight_viapoint"":1.0}","{""acc_lim_theta"":0.7891538370972282,""acc_lim_x"":0.8,""inflation_dist"":0.5513412550244685,""max_vel_theta"":1.0,""max_vel_x"":1.2,""min_obstacle_dist"":0.2520609781537714,""weight_obstacle"":50.2563860552439,""weight_optimaltime"":1.0,""weight_viapoint"":1.0}",false,,false,NORMAL,,false,,1.9186856507287122,2.1217763265961676,-0.05,-0.0,-0.002509167272072685,-0.146149588776417,-0.0,-0.0044319198189660194,0.0,0.0,0.0,0.0,0.0,0.0,1.2370740005280823,15.999999999998238,47.999999999998266,true,
t12_t12_safety_seed102,t12_t12_safety_seed102-episode-000005,1,2,28.054,27.456,27.456,27.48,27.504,28.004,0,0.5,true,,4.8353641395242635,4.320569545357572,0.012333372429467034,0.45437657602459436,0.5994739993977416,0.9878048780487805,0.5117190372375388,1.171490516815514,-0.018101533357396598,"[0.19846248626708984,0.25800883769989014,-0.1448712944984436,-0.16908609867095947,-0.04748177528381348]","[0.26904773712158203,0.1678391695022583,-0.21336108446121216,-0.23513513803482056,0.11769604682922363]","[0.4675102233886719,0.42584800720214844,-0.35823237895965576,-0.40422123670578003,0.07021427154541016]","{""acc_lim_theta"":0.7891538370972282,""acc_lim_x"":0.8,""inflation_dist"":0.5513412550244685,""max_vel_theta"":1.0,""max_vel_x"":1.2,""min_obstacle_dist"":0.2520609781537714,""weight_obstacle"":50.2563860552439,""weight_optimaltime"":1.0,""weight_viapoint"":1.0}","{""acc_lim_theta"":0.7681950564525513,""acc_lim_x"":0.8,""inflation_dist"":0.5533166058180842,""max_vel_theta"":1.0,""max_vel_x"":1.2,""min_obstacle_dist"":0.2501967686103136,""weight_obstacle"":50.0,""weight_optimaltime"":1.0,""weight_viapoint"":1.0}","{""acc_lim_theta"":0.7681950564525513,""acc_lim_x"":0.8,""inflation_dist"":0.5533166058180842,""max_vel_theta"":1.0,""max_vel_x"":1.2,""min_obstacle_dist"":0.2501967686103136,""weight_obstacle"":50.0,""weight_optimaltime"":1.0,""weight_viapoint"":1.0}","{""acc_lim_theta"":0.7681950564525513,""acc_lim_x"":0.8,""inflation_dist"":0.5533166058180842,""max_vel_theta"":1.0,""max_vel_x"":1.2,""min_obstacle_dist"":0.2520609781537714,""weight_obstacle"":50.2563860552439,""weight_optimaltime"":1.0,""weight_viapoint"":1.0}","{""acc_lim_theta"":0.7681950564525513,""acc_lim_x"":0.8,""inflation_dist"":0.5533166058180842,""max_vel_theta"":1.0,""max_vel_x"":1.2,""min_obstacle_dist"":0.2520609781537714,""weight_obstacle"":50.2563860552439,""weight_optimaltime"":1.0,""weight_viapoint"":1.0}",false,,true,WARNING,margin:warning|safety_mode:WARNING:conservative_filter,false,,2.5147651870564243,2.5739729708334558,-0.05,-3.842731021891434e-08,-0.0030263337672131884,-0.00037733048030624936,-0.0,-0.00580408110220228,0.0,0.0,0.0,0.0,0.0,0.0,0.7260199927259237,24.00000000000091,48.00000000000182,true,
t12_t12_safety_seed102,t12_t12_safety_seed102-episode-000005,2,3,28.606,28.036,28.056,28.072,28.104,28.604,0,0.4499999999999993,true,,4.221821254770544,3.778871782647488,0.036923639790417045,0.4029504046577333,0.36833619412281765,1.0,0.314016521852614,1.1729834849126155,0.20366412507180756,"[0.4675102233886719,0.42584800720214844,-0.35823237895965576,-0.40422123670578003,0.07021427154541016]","[0.41432487964630127,0.49634850025177,0.04510188102722168,-0.13170772790908813,-0.29005861282348633]","[0.8818351030349731,0.9221965074539185,-0.3131304979324341,-0.5359289646148682,-0.21984434127807617]","{""acc_lim_theta"":0.7681950564525513,""acc_lim_x"":0.8,""inflation_dist"":0.5533166058180842,""max_vel_theta"":1.0,""max_vel_x"":1.2,""min_obstacle_dist"":0.2520609781537714,""weight_obstacle"":50.2563860552439,""weight_optimaltime"":1.0,""weight_viapoint"":1.0}","{""acc_lim_theta"":0.7576457907004185,""acc_lim_x"":0.8,""inflation_dist"":0.5528990412153092,""max_vel_theta"":1.0,""max_vel_x"":1.2,""min_obstacle_dist"":0.26473764225012386,""weight_obstacle"":51.82260768631847,""weight_optimaltime"":1.0,""weight_viapoint"":1.0}","{""acc_lim_theta"":0.7576457907004185,""acc_lim_x"":0.8,""inflation_dist"":0.5528990412153092,""max_vel_theta"":1.0,""max_vel_x"":1.2,""min_obstacle_dist"":0.26473764225012386,""weight_obstacle"":51.82260768631847,""weight_optimaltime"":1.0,""weight_viapoint"":1.0}","{""acc_lim_theta"":0.7576457907004185,""acc_lim_x"":0.8,""inflation_dist"":0.5533166058180842,""max_vel_theta"":1.0,""max_vel_x"":1.2,""min_obstacle_dist"":0.26473764225012386,""weight_obstacle"":51.82260768631847,""weight_optimaltime"":1.0,""weight_viapoint"":1.0}","{""acc_lim_theta"":0.7576457907004185,""acc_lim_x"":0.8,""inflation_dist"":0.5533166058180842,""max_vel_theta"":1.0,""max_vel_x"":1.2,""min_obstacle_dist"":0.26473764225012386,""weight_obstacle"":51.82260768631847,""weight_optimaltime"":1.0,""weight_viapoint"":1.0}",false,,true,WARNING,margin:warning|safety_mode:WARNING:conservative_filter,false,,2.1091637249699815,2.214747360615279,-0.04499999999999993,-0.04950615566954467,-0.00017499960933394296,-6.205502769554737e-05,-0.0,-0.010840425338723328,0.0,0.0,0.0,0.0,0.0,0.0,1.1067950108554214,15.999999999998238,47.999999999998266,true,
t12_t12_safety_seed102,t12_t12_safety_seed102-episode-000005,3,4,29.254,28.604,28.608,28.63,28.704,29.204,0,0.5,true,,3.6440424046200017,3.1444723616433867,0.11998740062297898,0.13258414429701415,0.3479890125791875,1.0,0.3441569319082841,1.1672245297933466,0.5937289822705292,"[0.8818351030349731,0.9221965074539185,-0.3131304979324341,-0.5359289646148682,-0.21984434127807617]","[0.34542715549468994,0.05836844444274902,0.06298160552978516,-0.3927931785583496,-0.3267550468444824]","[1.0,0.9805649518966675,-0.2501488924026489,-0.9287221431732178,-0.5465993881225586]","{""acc_lim_theta"":0.7576457907004185,""acc_lim_x"":0.8,""inflation_dist"":0.5533166058180842,""max_vel_theta"":1.0,""max_vel_x"":1.2,""min_obstacle_dist"":0.26473764225012386,""weight_obstacle"":51.82260768631847,""weight_optimaltime"":1.0,""weight_viapoint"":1.0}","{""acc_lim_theta"":0.74441636399321,""acc_lim_x"":0.8,""inflation_dist"":0.5527335062112341,""max_vel_theta"":1.0,""max_vel_x"":1.2,""min_obstacle_dist"":0.2677801812710133,""weight_obstacle"":53.58697805770285,""weight_optimaltime"":1.0,""weight_viapoint"":1.0}","{""acc_lim_theta"":0.74441636399321,""acc_lim_x"":0.8,""inflation_dist"":0.5527335062112341,""max_vel_theta"":1.0,""max_vel_x"":1.2,""min_obstacle_dist"":0.2677801812710133,""weight_obstacle"":53.58697805770285,""weight_optimaltime"":1.0,""weight_viapoint"":1.0}","{""acc_lim_theta"":0.74441636399321,""acc_lim_x"":0.8,""inflation_dist"":0.5533166058180842,""max_vel_theta"":1.0,""max_vel_x"":1.2,""min_obstacle_dist"":0.2677801812710133,""weight_obstacle"":53.58697805770285,""weight_optimaltime"":1.0,""weight_viapoint"":1.0}","{""acc_lim_theta"":0.74441636399321,""acc_lim_x"":0.8,""inflation_dist"":0.5533166058180842,""max_vel_theta"":1.0,""max_vel_x"":1.2,""min_obstacle_dist"":0.2677801812710133,""weight_obstacle"":53.58697805770285,""weight_optimaltime"":1.0,""weight_viapoint"":1.0}",false,,true,WARNING,margin:warning|safety_mode:WARNING:conservative_filter,false,,2.275240519245429,2.497850214883075,-0.05,-0.162038878365969,-0.002452501511852393,-6.520273189806623e-05,-0.0,-0.008053113027926653,0.0,0.0,0.0,0.0,0.0,0.0,1.4665820053778589,21.999999999998465,96.00000000000009,true,
t12_t12_safety_seed102,t12_t12_safety_seed102-episode-000005,4,5,29.854,29.236,29.254,29.276,29.304,29.804,0,0.5,true,,3.0394901864175035,2.490704169649884,0.038791208937500474,0.1856494519795139,0.3479890125791875,1.0,0.34385904861899175,1.1553473318928775,0.6193998472514084,"[1.0,0.9805649518966675,-0.2501488924026489,-0.9287221431732178,-0.5465993881225586]","[0.23273324966430664,-0.07471805810928345,0.2676442861557007,-0.5611695647239685,-0.20308470726013184]","[1.0,0.905846893787384,0.017495393753051758,-1.0,-0.7496840953826904]","{""acc_lim_theta"":0.74441636399321,""acc_lim_x"":0.8,""inflation_dist"":0.5533166058180842,""max_vel_theta"":1.0,""max_vel_x"":1.2,""min_obstacle_dist"":0.2677801812710133,""weight_obstacle"":53.58697805770285,""weight_optimaltime"":1.0,""weight_viapoint"":1.0}","{""acc_lim_theta"":0.7273012440809729,""acc_lim_x"":0.8,""inflation_dist"":0.5508386874366724,""max_vel_theta"":1.0,""max_vel_x"":1.2,""min_obstacle_dist"":0.2732555149518445,""weight_obstacle"":54.683569047899816,""weight_optimaltime"":0.9925281941890717,""weight_viapoint"":1.0}","{""acc_lim_theta"":0.7273012440809729,""acc_lim_x"":0.8,""inflation_dist"":0.5508386874366724,""max_vel_theta"":1.0,""max_vel_x"":1.2,""min_obstacle_dist"":0.2732555149518445,""weight_obstacle"":54.683569047899816,""weight_optimaltime"":0.9925281941890717,""weight_viapoint"":1.0}","{""acc_lim_theta"":0.7273012440809729,""acc_lim_x"":0.8,""inflation_dist"":0.5533166058180842,""max_vel_theta"":1.0,""max_vel_x"":1.2,""min_obstacle_dist"":0.2732555149518445,""weight_obstacle"":54.683569047899816,""weight_optimaltime"":0.9925281941890717,""weight_viapoint"":1.0}","{""acc_lim_theta"":0.7273012440809729,""acc_lim_x"":0.8,""inflation_dist"":0.5533166058180842,""max_vel_theta"":1.0,""max_vel_x"":1.2,""min_obstacle_dist"":0.2732555149518445,""weight_obstacle"":54.683569047899816,""weight_optimaltime"":0.9925281941890717,""weight_viapoint"":1.0}",false,,true,WARNING,margin:warning|safety_mode:WARNING:conservative_filter,false,,2.5907474432284676,2.7439300838380976,-0.05,-0.08436837952549857,-0.008655607902966815,-2.1965881937552198e-06,-0.0,-0.01015645659297138,0.0,0.0,0.0,0.0,0.0,0.0,0.7113869942259043,21.999999999998465,49.99999999999716,true,
t12_t12_safety_seed102,t12_t12_safety_seed102-episode-000005,5,6,30.454,29.836,29.856,29.872,29.904,30.404,0,0.5,true,,2.377893507875758,1.8085825274557719,0.056756054755096416,0.45787275196859045,0.3479890125791875,1.0,0.36911630496129944,1.1373016390378519,0.2939309200579629,"[1.0,0.905846893787384,0.017495393753051758,-1.0,-0.7496840953826904]","[0.033794403076171875,0.20152461528778076,0.35260605812072754,-0.1285884976387024,0.10128867626190186]","[1.0,1.0,0.3701014518737793,-1.0,-0.6483954191207886]","{""acc_lim_theta"":0.7273012440809729,""acc_lim_x"":0.8,""inflation_dist"":0.5533166058180842,""max_vel_theta"":1.0,""max_vel_x"":1.2,""min_obstacle_dist"":0.2732555149518445,""weight_obstacle"":54.683569047899816,""weight_optimaltime"":0.9925281941890717,""weight_viapoint"":1.0}","{""acc_lim_theta"":0.7192202796242946,""acc_lim_x"":0.8,""inflation_dist"":0.5500520898989728,""max_vel_theta"":1.0,""max_vel_x"":1.1977288879352583,""min_obstacle_dist"":0.2873965821009734,""weight_obstacle"":54.13664332761155,""weight_optimaltime"":1.0,""weight_viapoint"":1.0}","{""acc_lim_theta"":0.7192202796242946,""acc_lim_x"":0.8,""inflation_dist"":0.5500520898989728,""max_vel_theta"":0.9981074066127154,""max_vel_x"":1.1977288879352583,""min_obstacle_dist"":0.2873965821009734,""weight_obstacle"":54.13664332761155,""weight_optimaltime"":1.0,""weight_viapoint"":1.0}","{""acc_lim_theta"":0.7192202796242946,""acc_lim_x"":0.8,""inflation_dist"":0.5533166058180842,""max_vel_theta"":0.9981074066127154,""max_vel_x"":1.1977288879352583,""min_obstacle_dist"":0.2873965821009734,""weight_obstacle"":54.683569047899816,""weight_optimaltime"":1.0,""weight_viapoint"":1.0}","{""acc_lim_theta"":0.7192202796242946,""acc_lim_x"":0.8,""inflation_dist"":0.5533166058180842,""max_vel_theta"":0.9981074066127154,""max_vel_x"":1.1977288879352583,""min_obstacle_dist"":0.2873965821009734,""weight_obstacle"":54.683569047899816,""weight_optimaltime"":1.0,""weight_viapoint"":1.0}",true,max_vel_theta:ackermann_turning_radius,true,WARNING,margin:warning|safety_mode:WARNING:conservative_filter,false,,2.650857336350916,2.8465549020999315,-0.05,-0.13393678946210766,-0.0013725001908173017,-0.0004602096051703463,-0.0,-0.009928066490920654,0.0,0.0,0.0,1.0,0.0,0.0,1.0758870048448443,15.999999999998238,47.999999999998266,true,
t12_t12_safety_seed102,t12_t12_safety_seed102-episode-000005,6,7,31.054,30.436,30.456,30.474,30.504,31.004,0,0.5,true,,1.6949058687573837,1.131674511328094,0.0697778039124587,0.5382649098989373,0.3479890125791875,0.9876543209876543,0.5837044667591162,1.1442417965200988,-0.06689781001197807,"[1.0,1.0,0.3701014518737793,-1.0,-0.6483954191207886]","[-0.13073772192001343,0.38639676570892334,0.26637589931488037,0.12951040267944336,0.15547072887420654]","[0.8692622780799866,1.0,0.6364773511886597,-0.8704895973205566,-0.49292469024658203]","{""acc_lim_theta"":0.7192202796242946,""acc_lim_x"":0.8,""inflation_dist"":0.5533166058180842,""max_vel_theta"":0.9981074066127154,""max_vel_x"":1.1977288879352583,""min_obstacle_dist"":0.2873965821009734,""weight_obstacle"":54.683569047899816,""weight_optimaltime"":1.0,""weight_viapoint"":1.0}","{""acc_lim_theta"":0.7226685622016187,""acc_lim_x"":0.8,""inflation_dist"":0.5508504304823124,""max_vel_theta"":0.9981074066127154,""max_vel_x"":1.183246295533647,""min_obstacle_dist"":0.3034872667888732,""weight_obstacle"":53.84407796645451,""weight_optimaltime"":1.0,""weight_viapoint"":1.0}","{""acc_lim_theta"":0.7226685622016187,""acc_lim_x"":0.8,""inflation_dist"":0.5508504304823124,""max_vel_theta"":0.9860385796113724,""max_vel_x"":1.183246295533647,""min_obstacle_dist"":0.3034872667888732,""weight_obstacle"":53.84407796645451,""weight_optimaltime"":1.0,""weight_viapoint"":1.0}","{""acc_lim_theta"":0.7226685622016187,""acc_lim_x"":0.8,""inflation_dist"":0.5533166058180842,""max_vel_theta"":0.9860385796113724,""max_vel_x"":1.183246295533647,""min_obstacle_dist"":0.3034872667888732,""weight_obstacle"":54.683569047899816,""weight_optimaltime"":1.0,""weight_viapoint"":1.0}","{""acc_lim_theta"":0.7226685622016187,""acc_lim_x"":0.8,""inflation_dist"":0.5533166058180842,""max_vel_theta"":0.9860385796113724,""max_vel_x"":1.183246295533647,""min_obstacle_dist"":0.3034872667888732,""weight_obstacle"":54.683569047899816,""weight_optimaltime"":1.0,""weight_viapoint"":1.0}",true,max_vel_theta:ackermann_turning_radius,true,WARNING,margin:warning|safety_mode:WARNING:conservative_filter,false,,2.7267686896806462,2.816156787146449,-0.05,-0.02567271592993862,-0.0014587208037549673,-0.00013078541208098833,-0.0,-0.01212587532002811,0.0,0.0,0.0,1.0,0.0,0.0,1.0133180039701983,18.000000000000682,48.00000000000182,true,
t12_t12_safety_seed102,t12_t12_safety_seed102-episode-000005,7,8,33.012,31.048,31.054,31.07,31.102,31.602,0,0.5,true,,1.0188028207744626,0.5399497988107451,0.011947099719142311,0.0036089333368888137,0.3479890125791875,0.0,33.11521918008101,0.0,0.0,"[0.8692622780799866,1.0,0.6364773511886597,-0.8704895973205566,-0.49292469024658203]","[0.20762324333190918,0.5050935745239258,0.08932638168334961,-0.3159279227256775,0.3583672046661377]","[1.0,1.0,0.7258037328720093,-1.0,-0.13455748558044434]","{""acc_lim_theta"":0.7226685622016187,""acc_lim_x"":0.8,""inflation_dist"":0.5533166058180842,""max_vel_theta"":0.9860385796113724,""max_vel_x"":1.183246295533647,""min_obstacle_dist"":0.3034872667888732,""weight_obstacle"":54.683569047899816,""weight_optimaltime"":1.0,""weight_viapoint"":1.0}","{""acc_lim_theta"":0.6940664954167979,""acc_lim_x"":0.8,""inflation_dist"":0.5524895996215483,""max_vel_theta"":0.9860385796113724,""max_vel_x"":1.1736304382025944,""min_obstacle_dist"":0.31755575625615295,""weight_obstacle"":52.74850336461532,""weight_optimaltime"":1.0,""weight_viapoint"":1.0}","{""acc_lim_theta"":0.6940664954167979,""acc_lim_x"":0.8,""inflation_dist"":0.5524895996215483,""max_vel_theta"":0.9780253651688287,""max_vel_x"":1.1736304382025944,""min_obstacle_dist"":0.31755575625615295,""weight_obstacle"":52.74850336461532,""weight_optimaltime"":1.0,""weight_viapoint"":1.0}","{""acc_lim_theta"":0.6940664954167979,""acc_lim_x"":0.8,""inflation_dist"":0.5533166058180842,""max_vel_theta"":0.9780253651688287,""max_vel_x"":1.1736304382025944,""min_obstacle_dist"":0.31755575625615295,""weight_obstacle"":54.683569047899816,""weight_optimaltime"":1.0,""weight_viapoint"":1.0}","{""acc_lim_theta"":0.6940664954167979,""acc_lim_x"":0.8,""inflation_dist"":0.5533166058180842,""max_vel_theta"":0.9780253651688287,""max_vel_x"":1.1736304382025944,""min_obstacle_dist"":0.31755575625615295,""weight_obstacle"":54.683569047899816,""weight_optimaltime"":1.0,""weight_viapoint"":1.0}",true,max_vel_theta:ackermann_turning_radius,true,WARNING,margin:warning|safety_mode:WARNING:conservative_filter,false,,12.307480261361853,2.3942651098185874,-0.05,-0.0,-0.004404053537797173,-0.016397596658801705,-0.0,-0.015983198260134602,10.0,0.0,0.0,1.0,0.0,0.0,0.7544360123574734,16.00000000000179,48.00000000000182,true,
t12_t12_safety_seed102,t12_t12_safety_seed102-episode-000006,0,1,34.5,33.956,33.958,33.974,33.998,34.498,0,0.45000000000000284,true,,5.416157962591094,5.02523243366092,0.026208791088638453,0.2666234666219826,1.3678070910474147,0.48214285714285715,1.1703762107991038,1.1686901001802745,0.4362124071920164,"[0.0,0.0,0.0,0.0,0.0]","[0.3023718595504761,0.27968013286590576,0.13677096366882324,-0.25047051906585693,-0.3066164255142212]","[0.3023718595504761,0.27968013286590576,0.13677096366882324,-0.25047051906585693,-0.3066164255142212]","{""acc_lim_theta"":0.8,""acc_lim_x"":0.8,""inflation_dist"":0.55,""max_vel_theta"":1.0,""max_vel_x"":1.2,""min_obstacle_dist"":0.25,""weight_obstacle"":50.0,""weight_optimaltime"":1.0,""weight_viapoint"":1.0}","{""acc_lim_theta"":0.7915119640745367,""acc_lim_x"":0.8,""inflation_dist"":0.55,""max_vel_theta"":1.0,""max_vel_x"":1.2,""min_obstacle_dist"":0.2601390447487524,""weight_obstacle"":51.65562840354401,""weight_optimaltime"":1.0,""weight_viapoint"":1.0}","{""acc_lim_theta"":0.7915119640745367,""acc_lim_x"":0.8,""inflation_dist"":0.55,""max_vel_theta"":1.0,""max_vel_x"":1.2,""min_obstacle_dist"":0.2601390447487524,""weight_obstacle"":51.65562840354401,""weight_optimaltime"":1.0,""weight_viapoint"":1.0}","{""acc_lim_theta"":0.7915119640745367,""acc_lim_x"":0.8,""inflation_dist"":0.55,""max_vel_theta"":1.0,""max_vel_x"":1.2,""min_obstacle_dist"":0.2601390447487524,""weight_obstacle"":51.65562840354401,""weight_optimaltime"":1.0,""weight_viapoint"":1.0}","{""acc_lim_theta"":0.7915119640745367,""acc_lim_x"":0.8,""inflation_dist"":0.55,""max_vel_theta"":1.0,""max_vel_x"":1.2,""min_obstacle_dist"":0.2601390447487524,""weight_obstacle"":51.65562840354401,""weight_optimaltime"":1.0,""weight_viapoint"":1.0}",false,,false,NORMAL,,false,,1.7109398144959318,1.9546276446508681,-0.04500000000000029,-0.0,-0.0007166898419673703,-0.18848225662501386,-0.0,-0.009488883687954797,0.0,0.0,0.0,0.0,0.0,0.0,1.2910960067529231,15.999999999998238,39.99999999999915,true,
t12_t12_safety_seed102,t12_t12_safety_seed102-episode-000006,1,2,35.146,34.496,34.5,34.522,34.596,35.096,0,0.5,true,,4.8477370917318385,4.318400103254101,0.0569622730562227,0.40414045874433574,0.6600638397512348,0.975,0.5642543020505976,1.1697985063692893,0.06460642658254845,"[0.3023718595504761,0.27968013286590576,0.13677096366882324,-0.25047051906585693,-0.3066164255142212]","[0.24007022380828857,0.4515242576599121,0.1697472333908081,-0.045814335346221924,-0.031153500080108643]","[0.5424420833587646,0.7312043905258179,0.30651819705963135,-0.29628485441207886,-0.33776992559432983]","{""acc_lim_theta"":0.7915119640745367,""acc_lim_x"":0.8,""inflation_dist"":0.55,""max_vel_theta"":1.0,""max_vel_x"":1.2,""min_obstacle_dist"":0.2601390447487524,""weight_obstacle"":51.65562840354401,""weight_optimaltime"":1.0,""weight_viapoint"":1.0}","{""acc_lim_theta"":0.7815947905691721,""acc_lim_x"":0.8,""inflation_dist"":0.55,""max_vel_theta"":1.0,""max_vel_x"":1.2,""min_obstacle_dist"":0.2751340651361267,""weight_obstacle"":51.823847113666716,""weight_optimaltime"":1.0,""weight_viapoint"":1.0}","{""acc_lim_theta"":0.7815947905691721,""acc_lim_x"":0.8,""inflation_dist"":0.55,""max_vel_theta"":1.0,""max_vel_x"":1.2,""min_obstacle_dist"":0.2751340651361267,""weight_obstacle"":51.823847113666716,""weight_optimaltime"":1.0,""weight_viapoint"":1.0}","{""acc_lim_theta"":0.7815947905691721,""acc_lim_x"":0.8,""inflation_dist"":0.55,""max_vel_theta"":1.0,""max_vel_x"":1.2,""min_obstacle_dist"":0.2751340651361267,""weight_obstacle"":51.823847113666716,""weight_optimaltime"":1.0,""weight_viapoint"":1.0}","{""acc_lim_theta"":0.7815947905691721,""acc_lim_x"":0.8,""inflation_dist"":0.55,""max_vel_theta"":1.0,""max_vel_x"":1.2,""min_obstacle_dist"":0.2751340651361267,""weight_obstacle"":51.823847113666716,""weight_optimaltime"":1.0,""weight_viapoint"":1.0}",false,,false,WARNING,margin:warning|safety_mode:WARNING:conservative_filter,false,,2.5870541185586577,2.6466849423886885,-0.05,-0.0,-0.0008044911706966244,-1.25937077981457e-05,-0.0,-0.008813738951536294,0.0,0.0,0.0,0.0,0.0,0.0,0.7355059933615848,21.999999999998465,95.99999999999653,true,
t12_t12_safety_seed102,t12_t12_safety_seed102-episode-000006,2,3,35.746,35.136,35.148,35.166,35.196,35.696,0,0.5,true,,4.216824289158481,3.7410715874904943,0.1062474584543908,0.36208705643178235,0.41032966323277226,1.0,0.35229987229945164,1.1647170365250539,-0.13238202452723305,"[0.5424420833587646,0.7312043905258179,0.30651819705963135,-0.29628485441207886,-0.33776992559432983]","[0.06924736499786377,0.6034859418869019,-0.13204163312911987,0.040341854095458984,0.06776785850524902]","[0.6116894483566284,1.0,0.17447656393051147,-0.2559430003166199,-0.2700020670890808]","{""acc_lim_theta"":0.7815947905691721,""acc_lim_x"":0.8,""inflation_dist"":0.55,""max_vel_theta"":1.0,""max_vel_x"":1.2,""min_obstacle_dist"":0.2751340651361267,""weight_obstacle"":51.823847113666716,""weight_optimaltime"":1.0,""weight_viapoint"":1.0}","{""acc_lim_theta"":0.7775393974405047,""acc_lim_x"":0.8,""inflation_dist"":0.5512224747800218,""max_vel_theta"":1.0,""max_vel_x"":1.1964196886001564,""min_obstacle_dist"":0.2855190407039991,""weight_obstacle"":51.45792284460489,""weight_optimaltime"":1.0,""weight_viapoint"":1.0}","{""acc_lim_theta"":0.7775393974405047,""acc_lim_x"":0.8,""inflation_dist"":0.5512224747800218,""max_vel_theta"":0.997016407166797,""max_vel_x"":1.1964196886001564,""min_obstacle_dist"":0.2855190407039991,""weight_obstacle"":51.45792284460489,""weight_optimaltime"":1.0,""weight_viapoint"":1.0}","{""acc_lim_theta"":0.7775393974405047,""acc_lim_x"":0.8,""inflation_dist"":0.5512224747800218,""max_vel_theta"":0.997016407166797,""max_vel_x"":1.1964196886001564,""min_obstacle_dist"":0.2855190407039991,""weight_obstacle"":51.823847113666716,""weight_optimaltime"":1.0,""weight_viapoint"":1.0}","{""acc_lim_theta"":0.7775393974405047,""acc_lim_x"":0.8,""inflation_dist"":0.5512224747800218,""max_vel_theta"":0.997016407166797,""max_vel_x"":1.1964196886001564,""min_obstacle_dist"":0.2855190407039991,""weight_obstacle"":51.823847113666716,""weight_optimaltime"":1.0,""weight_viapoint"":1.0}",true,max_vel_theta:ackermann_turning_radius,true,WARNING,margin:warning|safety_mode:WARNING:conservative_filter,false,,2.2978986393931495,2.378763508339934,-0.05,-0.0201113890867583,-0.0035797608593845496,-0.000463164849466724,-0.0,-0.006710554151174675,0.0,0.0,0.0,1.0,0.0,0.0,1.1009949957951903,17.999999999993577,47.999999999994714,true,
t12_t12_safety_seed102,t12_t12_safety_seed102-episode-000006,3,4,36.344,35.74,35.754,35.772,35.796,36.296,0,0.44999999999999574,true,,3.58461237002653,3.149213057612158,0.19309416660808182,0.16698702417949926,0.38892241439891556,1.0,0.3619722425442962,1.1518376087613618,-0.46748766533405356,"[0.6116894483566284,1.0,0.17447656393051147,-0.2559430003166199,-0.2700020670890808]","[0.3079254627227783,0.4906870126724243,-0.1991490125656128,-0.017766356468200684,0.32393980026245117]","[0.9196149110794067,1.0,-0.02467244863510132,-0.27370935678482056,0.05393773317337036]","{""acc_lim_theta"":0.7775393974405047,""acc_lim_x"":0.8,""inflation_dist"":0.5512224747800218,""max_vel_theta"":0.997016407166797,""max_vel_x"":1.1964196886001564,""min_obstacle_dist"":0.2855190407039991,""weight_obstacle"":51.823847113666716,""weight_optimaltime"":1.0,""weight_viapoint"":1.0}","{""acc_lim_theta"":0.7536758824022594,""acc_lim_x"":0.8,""inflation_dist"":0.5530662466234799,""max_vel_theta"":0.997016407166797,""max_vel_x"":1.1837605269127676,""min_obstacle_dist"":0.2914933979836225,""weight_obstacle"":50.07467815295815,""weight_optimaltime"":1.0,""weight_viapoint"":1.0}","{""acc_lim_theta"":0.7536758824022594,""acc_lim_x"":0.8,""inflation_dist"":0.5530662466234799,""max_vel_theta"":0.9864671057606397,""max_vel_x"":1.1837605269127676,""min_obstacle_dist"":0.2914933979836225,""weight_obstacle"":50.07467815295815,""weight_optimaltime"":1.0,""weight_viapoint"":1.0}","{""acc_lim_theta"":0.7536758824022594,""acc_lim_x"":0.8,""inflation_dist"":0.5530662466234799,""max_vel_theta"":0.9864671057606397,""max_vel_x"":1.1837605269127676,""min_obstacle_dist"":0.2914933979836225,""weight_obstacle"":51.823847113666716,""weight_optimaltime"":1.0,""weight_viapoint"":1.0}","{""acc_lim_theta"":0.7536758824022594,""acc_lim_x"":0.8,""inflation_dist"":0.5530662466234799,""max_vel_theta"":0.9864671057606397,""max_vel_x"":1.1837605269127676,""min_obstacle_dist"":0.2914933979836225,""weight_obstacle"":51.823847113666716,""weight_optimaltime"":1.0,""weight_viapoint"":1.0}",true,max_vel_theta:ackermann_turning_radius,true,WARNING,margin:warning|safety_mode:WARNING:conservative_filter,false,,2.0067795747576116,2.17699656207186,-0.044999999999999575,-0.10215021281297552,-0.007878620349474688,-0.0020860199626512653,-0.0,-0.013102134189147366,0.0,0.0,0.0,1.0,0.0,0.0,6.754622998414561,18.000000000000682,42.00000000000159,true,
t12_t12_safety_seed102,t12_t12_safety_seed102-episode-000006,4,5,36.898,36.336,36.346,36.37,36.396,36.896,0,0.44999999999999574,true,,3.026987504357727,2.5623693899265083,0.030344581233934412,0.14710757628766058,0.38892241439891556,1.0,0.3997250202470109,1.1352409133280623,-0.6823988665162649,"[0.9196149110794067,1.0,-0.02467244863510132,-0.27370935678482056,0.05393773317337036]","[0.15148890018463135,0.20630931854248047,0.1478503942489624,-0.13069170713424683,0.2575368881225586]","[1.0,1.0,0.12317794561386108,-0.4044010639190674,0.31147462129592896]","{""acc_lim_theta"":0.7536758824022594,""acc_lim_x"":0.8,""inflation_dist"":0.5530662466234799,""max_vel_theta"":0.9864671057606397,""max_vel_x"":1.1837605269127676,""min_obstacle_dist"":0.2914933979836225,""weight_obstacle"":51.823847113666716,""weight_optimaltime"":1.0,""weight_viapoint"":1.0}","{""acc_lim_theta"":0.7355073038504742,""acc_lim_x"":0.8,""inflation_dist"":0.5516974103412985,""max_vel_theta"":0.9864671057606397,""max_vel_x"":1.1746573533377076,""min_obstacle_dist"":0.30023603035802626,""weight_obstacle"":50.43323215812101,""weight_optimaltime"":1.0,""weight_viapoint"":1.0}","{""acc_lim_theta"":0.7355073038504742,""acc_lim_x"":0.8,""inflation_dist"":0.5516974103412985,""max_vel_theta"":0.978881127781423,""max_vel_x"":1.1746573533377076,""min_obstacle_dist"":0.30023603035802626,""weight_obstacle"":50.43323215812101,""weight_optimaltime"":1.0,""weight_viapoint"":1.0}","{""acc_lim_theta"":0.7355073038504742,""acc_lim_x"":0.8,""inflation_dist"":0.5530662466234799,""max_vel_theta"":0.978881127781423,""max_vel_x"":1.1746573533377076,""min_obstacle_dist"":0.30023603035802626,""weight_obstacle"":51.823847113666716,""weight_optimaltime"":1.0,""weight_viapoint"":1.0}","{""acc_lim_theta"":0.7355073038504742,""acc_lim_x"":0.8,""inflation_dist"":0.5530662466234799,""max_vel_theta"":0.978881127781423,""max_vel_x"":1.1746573533377076,""min_obstacle_dist"":0.30023603035802626,""weight_obstacle"":51.823847113666716,""weight_optimaltime"":1.0,""weight_viapoint"":1.0}",true,max_vel_theta:ackermann_turning_radius,true,WARNING,margin:warning|safety_mode:WARNING:conservative_filter,false,,2.197377594059969,2.3230905721560924,-0.044999999999999575,-0.047660473154317,-0.021871425643831016,-0.00010749051858182169,-0.0,-0.011073588779394444,0.0,0.0,0.0,1.0,0.0,0.0,0.7149890006985515,24.00000000000091,50.00000000000426,true,
t12_t12_safety_seed102,t12_t12_safety_seed102-episode-000006,5,6,37.546,36.896,36.9,36.918,36.996,37.496,0,0.5,true,,2.3827277784255365,1.8304278365915656,0.10324850514735139,0.4540348647289802,0.383172989526029,1.0,0.38191279418489293,1.0998432540388632,-0.33593988284424003,"[1.0,1.0,0.12317794561386108,-0.4044010639190674,0.31147462129592896]","[0.17598938941955566,-0.18304443359375,-0.08035129308700562,-0.1874198317527771,0.3043699264526367]","[1.0,0.81695556640625,0.04282665252685547,-0.5918208956718445,0.6158445477485657]","{""acc_lim_theta"":0.7355073038504742,""acc_lim_x"":0.8,""inflation_dist"":0.5530662466234799,""max_vel_theta"":0.978881127781423,""max_vel_x"":1.1746573533377076,""min_obstacle_dist"":0.30023603035802626,""weight_obstacle"":51.823847113666716,""weight_optimaltime"":1.0,""weight_viapoint"":1.0}","{""acc_lim_theta"":0.7133108509285366,""acc_lim_x"":0.8,""inflation_dist"":0.5538101591835809,""max_vel_theta"":0.978881127781423,""max_vel_x"":1.1646066215433233,""min_obstacle_dist"":0.2938467609388396,""weight_obstacle"":50.18034907022542,""weight_optimaltime"":0.981695556640625,""weight_viapoint"":1.0}","{""acc_lim_theta"":0.7133108509285366,""acc_lim_x"":0.8,""inflation_dist"":0.5538101591835809,""max_vel_theta"":0.9705055179527694,""max_vel_x"":1.1646066215433233,""min_obstacle_dist"":0.2938467609388396,""weight_obstacle"":50.18034907022542,""weight_optimaltime"":0.981695556640625,""weight_viapoint"":1.0}","{""acc_lim_theta"":0.7133108509285366,""acc_lim_x"":0.8,""inflation_dist"":0.5538101591835809,""max_vel_theta"":0.9705055179527694,""max_vel_x"":1.1646066215433233,""min_obstacle_dist"":0.30023603035802626,""weight_obstacle"":51.823847113666716,""weight_optimaltime"":0.981695556640625,""weight_viapoint"":1.0}","{""acc_lim_theta"":0.7133108509285366,""acc_lim_x"":0.8,""inflation_dist"":0.5538101591835809,""max_vel_theta"":0.9705055179527694,""max_vel_x"":1.1646066215433233,""min_obstacle_dist"":0.30023603035802626,""weight_obstacle"":51.823847113666716,""weight_optimaltime"":0.981695556640625,""weight_viapoint"":1.0}",true,max_vel_theta:ackermann_turning_radius,true,WARNING,margin:warning|safety_mode:WARNING:conservative_filter,false,,2.5233516857218024,2.7614997091698545,-0.05,-0.10490396815397093,-0.0042859303699722745,-0.06618533264454493,-0.0,-0.012772792279563974,0.0,0.0,0.0,1.0,0.0,0.0,1.079857989680022,18.000000000000682,96.00000000000364,true,
t12_t12_safety_seed102,t12_t12_safety_seed102-episode-000006,6,7,38.146,37.536,37.548,37.564,37.596,38.096,0,0.5,true,,1.7204643113607891,1.1917145684126227,0.03636684339017565,0.554562508746307,0.383172989526029,0.9883720930232558,0.5510366050079266,1.0977761265311725,-0.010913136413983941,"[1.0,0.81695556640625,0.04282665252685547,-0.5918208956718445,0.6158445477485657]","[0.08241558074951172,0.10108602046966553,-0.046038150787353516,-0.29999732971191406,0.20556437969207764]","[1.0,0.9180415868759155,-0.003211498260498047,-0.8918182253837585,0.8214089274406433]","{""acc_lim_theta"":0.7133108509285366,""acc_lim_x"":0.8,""inflation_dist"":0.5538101591835809,""max_vel_theta"":0.9705055179527694,""max_vel_x"":1.1646066215433233,""min_obstacle_dist"":0.30023603035802626,""weight_obstacle"":51.823847113666716,""weight_optimaltime"":0.981695556640625,""weight_viapoint"":1.0}","{""acc_lim_theta"":0.6953428422355723,""acc_lim_x"":0.8,""inflation_dist"":0.5542363920082033,""max_vel_theta"":0.9705055179527694,""max_vel_x"":1.161161392052628,""min_obstacle_dist"":0.30133196513092053,""weight_obstacle"":50.71386670343809,""weight_optimaltime"":0.9918041586875916,""weight_viapoint"":1.0}","{""acc_lim_theta"":0.6953428422355723,""acc_lim_x"":0.8,""inflation_dist"":0.5542363920082033,""max_vel_theta"":0.9676344933771901,""max_vel_x"":1.161161392052628,""min_obstacle_dist"":0.30133196513092053,""weight_obstacle"":50.71386670343809,""weight_optimaltime"":0.9918041586875916,""weight_viapoint"":1.0}","{""acc_lim_theta"":0.6953428422355723,""acc_lim_x"":0.8,""inflation_dist"":0.5542363920082033,""max_vel_theta"":0.9676344933771901,""max_vel_x"":1.161161392052628,""min_obstacle_dist"":0.30133196513092053,""weight_obstacle"":51.823847113666716,""weight_optimaltime"":0.9918041586875916,""weight_viapoint"":1.0}","{""acc_lim_theta"":0.6953428422355723,""acc_lim_x"":0.8,""inflation_dist"":0.5542363920082033,""max_vel_theta"":0.9676344933771901,""max_vel_x"":1.161161392052628,""min_obstacle_dist"":0.30133196513092053,""weight_obstacle"":51.823847113666716,""weight_optimaltime"":0.9918041586875916,""weight_viapoint"":1.0}",true,max_vel_theta:ackermann_turning_radius,true,WARNING,margin:warning|safety_mode:WARNING:conservative_filter,false,,2.5400560772243104,2.6437487147408323,-0.05,-0.04264176174646995,-0.002763390336219432,-6.519830477387662e-05,-0.0,-0.008222287129058823,0.0,0.0,0.0,1.0,0.0,0.0,0.9414859960088506,15.999999999998238,47.999999999994714,true,
t12_t12_safety_seed102,t12_t12_safety_seed102-episode-000006,7,8,40.306,38.136,38.148,38.166,38.196,38.696,0,0.5,true,,1.061786922246851,0.5780472589333654,0.01057346334186069,0.0032486580478568246,0.383172989526029,0.0,31.26150042245162,0.0,0.0,"[1.0,0.9180415868759155,-0.003211498260498047,-0.8918182253837585,0.8214089274406433]","[0.22776901721954346,0.016223669052124023,-0.33811044692993164,-0.46306341886520386,0.11433553695678711]","[1.0,0.9342652559280396,-0.3413219451904297,-1.0,0.9357444643974304]","{""acc_lim_theta"":0.6953428422355723,""acc_lim_x"":0.8,""inflation_dist"":0.5542363920082033,""max_vel_theta"":0.9676344933771901,""max_vel_x"":1.161161392052628,""min_obstacle_dist"":0.30133196513092053,""weight_obstacle"":51.823847113666716,""weight_optimaltime"":0.9918041586875916,""weight_viapoint"":1.0}","{""acc_lim_theta"":0.6703141463016925,""acc_lim_x"":0.8,""inflation_dist"":0.5573667038987684,""max_vel_theta"":0.9676344933771901,""max_vel_x"":1.1695171688341,""min_obstacle_dist"":0.2926098122584887,""weight_obstacle"":51.206472613254206,""weight_optimaltime"":0.9934265255928041,""weight_viapoint"":1.0}","{""acc_lim_theta"":0.6703141463016925,""acc_lim_x"":0.8,""inflation_dist"":0.5573667038987684,""max_vel_theta"":0.9676344933771901,""max_vel_x"":1.1695171688341,""min_obstacle_dist"":0.2926098122584887,""weight_obstacle"":51.206472613254206,""weight_optimaltime"":0.9934265255928041,""weight_viapoint"":1.0}","{""acc_lim_theta"":0.6703141463016925,""acc_lim_x"":0.8,""inflation_dist"":0.5573667038987684,""max_vel_theta"":0.9676344933771901,""max_vel_x"":1.161161392052628,""min_obstacle_dist"":0.30133196513092053,""weight_obstacle"":51.823847113666716,""weight_optimaltime"":0.9934265255928041,""weight_viapoint"":1.0}","{""acc_lim_theta"":0.6703141463016925,""acc_lim_x"":0.8,""inflation_dist"":0.5573667038987684,""max_vel_theta"":0.9676344933771901,""max_vel_x"":1.161161392052628,""min_obstacle_dist"":0.30133196513092053,""weight_obstacle"":51.823847113666716,""weight_optimaltime"":0.9934265255928041,""weight_viapoint"":1.0}",false,,true,WARNING,margin:warning|safety_mode:WARNING:conservative_filter,false,,12.335247598611511,2.4186983165674283,-0.05,-0.0,-0.0018596788092845938,-0.02411501695624468,-0.0,-0.0074760221903881876,10.0,0.0,0.0,0.0,0.0,0.0,1.4745659864274785,17.999999999993577,47.999999999994714,true,
t12_t12_safety_seed102,t12_t12_safety_seed102-episode-000007,0,1,41.854,41.256,41.258,41.276,41.304,41.804,0,0.5,true,,5.019160827648482,4.529921377513125,0.03174758137461834,0.001902760349302559,0.46053107515337594,0.8704761904761905,0.4290835457996425,1.1283917751068857,0.034012759370840306,"[0.0,0.0,0.0,0.0,0.0]","[0.49677515029907227,-0.11750668287277222,-0.8089185953140259,-0.2247931957244873,0.970940351486206]","[0.49677515029907227,-0.11750668287277222,-0.8089185953140259,-0.2247931957244873,0.970940351486206]","{""acc_lim_theta"":0.8,""acc_lim_x"":0.8,""inflation_dist"":0.55,""max_vel_theta"":1.0,""max_vel_x"":1.2,""min_obstacle_dist"":0.25,""weight_obstacle"":50.0,""weight_optimaltime"":1.0,""weight_viapoint"":1.0}","{""acc_lim_theta"":0.7414262727555587,""acc_lim_x"":0.8,""inflation_dist"":0.5574891726073626,""max_vel_theta"":1.0,""max_vel_x"":1.158074206940412,""min_obstacle_dist"":0.25,""weight_obstacle"":50.0,""weight_optimaltime"":0.9882493317127228,""weight_viapoint"":1.0}","{""acc_lim_theta"":0.7414262727555587,""acc_lim_x"":0.8,""inflation_dist"":0.5574891726073626,""max_vel_theta"":0.96506183911701,""max_vel_x"":1.158074206940412,""min_obstacle_dist"":0.25,""weight_obstacle"":50.0,""weight_optimaltime"":0.9882493317127228,""weight_viapoint"":1.0}","{""acc_lim_theta"":0.7414262727555587,""acc_lim_x"":0.8,""inflation_dist"":0.5574891726073626,""max_vel_theta"":0.96506183911701,""max_vel_x"":1.158074206940412,""min_obstacle_dist"":0.25,""weight_obstacle"":50.0,""weight_optimaltime"":0.9882493317127228,""weight_viapoint"":1.0}","{""acc_lim_theta"":0.7414262727555587,""acc_lim_x"":0.8,""inflation_dist"":0.5574891726073626,""max_vel_theta"":0.96506183911701,""max_vel_x"":1.158074206940412,""min_obstacle_dist"":0.25,""weight_obstacle"":50.0,""weight_optimaltime"":0.9882493317127228,""weight_viapoint"":1.0}",true,max_vel_theta:ackermann_turning_radius,false,WARNING,margin:warning|safety_mode:WARNING:conservative_filter,false,,2.1558304878949337,2.446197250676785,-0.05,-0.04337208917513986,-0.0011598678792992892,-0.16272621230354653,-0.0,-0.03310859342386537,0.0,0.0,0.0,1.0,0.0,0.0,1.1649440129986033,18.000000000000682,45.999999999999375,true,
t12_t12_safety_seed102,t12_t12_safety_seed102-episode-000007,1,2,42.404,41.836,41.856,41.872,41.902,42.402,0,0.44999999999999574,true,,4.4171040907718435,3.9393213862415135,0.04936726140453477,0.008277496119775886,0.46053107515337594,0.8865619546247818,0.4394089246472254,1.0843914769424776,0.0508897246520544,"[0.49677515029907227,-0.11750668287277222,-0.8089185953140259,-0.2247931957244873,0.970940351486206]","[0.420642614364624,-0.09982502460479736,-0.7863151431083679,-0.31531012058258057,0.9637483358383179]","[0.9174177646636963,-0.21733170747756958,-1.0,-0.5401033163070679,1.0]","{""acc_lim_theta"":0.7414262727555587,""acc_lim_x"":0.8,""inflation_dist"":0.5574891726073626,""max_vel_theta"":0.96506183911701,""max_vel_x"":1.158074206940412,""min_obstacle_dist"":0.25,""weight_obstacle"":50.0,""weight_optimaltime"":0.9882493317127228,""weight_viapoint"":1.0}","{""acc_lim_theta"":0.6838669449205459,""acc_lim_x"":0.8,""inflation_dist"":0.5647690767468335,""max_vel_theta"":0.96506183911701,""max_vel_x"":1.1172440514467534,""min_obstacle_dist"":0.25,""weight_obstacle"":50.0,""weight_optimaltime"":0.9782668292522431,""weight_viapoint"":1.0}","{""acc_lim_theta"":0.6838669449205459,""acc_lim_x"":0.8,""inflation_dist"":0.5647690767468335,""max_vel_theta"":0.9310367095389612,""max_vel_x"":1.1172440514467534,""min_obstacle_dist"":0.25,""weight_obstacle"":50.0,""weight_optimaltime"":0.9782668292522431,""weight_viapoint"":1.0}","{""acc_lim_theta"":0.6838669449205459,""acc_lim_x"":0.8,""inflation_dist"":0.5647690767468335,""max_vel_theta"":0.9310367095389612,""max_vel_x"":1.1172440514467534,""min_obstacle_dist"":0.25,""weight_obstacle"":50.0,""weight_optimaltime"":0.9782668292522431,""weight_viapoint"":1.0}","{""acc_lim_theta"":0.6838669449205459,""acc_lim_x"":0.8,""inflation_dist"":0.5647690767468335,""max_vel_theta"":0.9310367095389612,""max_vel_x"":1.1172440514467534,""min_obstacle_dist"":0.25,""weight_obstacle"":50.0,""weight_optimaltime"":0.9782668292522431,""weight_viapoint"":1.0}",true,max_vel_theta:ackermann_turning_radius,false,WARNING,margin:warning|safety_mode:WARNING:conservative_filter,false,,2.2678475488785526,2.38891352265165,-0.044999999999999575,-0.04152873390109725,-0.0006028947798853059,-0.0018579881987693437,-0.0,-0.03207635689334607,0.0,0.0,0.0,1.0,0.0,0.0,0.9415959939360619,15.999999999998238,45.999999999999375,true,
t12_t12_safety_seed102,t12_t12_safety_seed102-episode-000007,2,3,43.002,42.4,42.404,42.424,42.5,43.0,0,0.44999999999999574,true,,3.765542171060153,3.3043127579720166,0.02637739776777323,0.006903826341695448,0.46053107515337594,0.8689075630252101,0.45342747897672797,1.0474370672954536,0.00298344475968598,"[0.9174177646636963,-0.21733170747756958,-1.0,-0.5401033163070679,1.0]","[0.5394057035446167,0.012746930122375488,-0.795015275478363,-0.2947128415107727,0.9371881484985352]","[1.0,-0.2045847773551941,-1.0,-0.8348161578178406,1.0]","{""acc_lim_theta"":0.6838669449205459,""acc_lim_x"":0.8,""inflation_dist"":0.5647690767468335,""max_vel_theta"":0.9310367095389612,""max_vel_x"":1.1172440514467534,""min_obstacle_dist"":0.25,""weight_obstacle"":50.0,""weight_optimaltime"":0.9782668292522431,""weight_viapoint"":1.0}","{""acc_lim_theta"":0.6228884135764727,""acc_lim_x"":0.8,""inflation_dist"":0.5721295289085693,""max_vel_theta"":0.9310367095389612,""max_vel_x"":1.079698546980012,""min_obstacle_dist"":0.25,""weight_obstacle"":50.0,""weight_optimaltime"":0.9795415222644805,""weight_viapoint"":1.0}","{""acc_lim_theta"":0.6228884135764727,""acc_lim_x"":0.8,""inflation_dist"":0.5721295289085693,""max_vel_theta"":0.89974878915001,""max_vel_x"":1.079698546980012,""min_obstacle_dist"":0.25,""weight_obstacle"":50.0,""weight_optimaltime"":0.9795415222644805,""weight_viapoint"":1.0}","{""acc_lim_theta"":0.6228884135764727,""acc_lim_x"":0.8,""inflation_dist"":0.5721295289085693,""max_vel_theta"":0.89974878915001,""max_vel_x"":1.079698546980012,""min_obstacle_dist"":0.25,""weight_obstacle"":50.0,""weight_optimaltime"":0.9795415222644805,""weight_viapoint"":1.0}","{""acc_lim_theta"":0.6228884135764727,""acc_lim_x"":0.8,""inflation_dist"":0.5721295289085693,""max_vel_theta"":0.89974878915001,""max_vel_x"":1.079698546980012,""min_obstacle_dist"":0.25,""weight_obstacle"":50.0,""weight_optimaltime"":0.9795415222644805,""weight_viapoint"":1.0}",true,max_vel_theta:ackermann_turning_radius,false,WARNING,margin:warning|safety_mode:WARNING:conservative_filter,false,,2.192828106770356,2.3061470654406824,-0.044999999999999575,-0.036205319536930895,-0.0005004662624151352,-0.0014954469450100063,-0.0,-0.030117725925970774,0.0,0.0,0.0,1.0,0.0,0.0,0.9269319998566061,19.99999999999602,95.99999999999653,true,
t12_t12_safety_seed102,t12_t12_safety_seed102-episode-000007,3,4,43.652,43.0,43.004,43.022,43.102,43.602,0,0.5,true,,3.136757296808595,2.631842393465521,0.007939519140255811,0.002126102901254671,0.46053107515337594,0.8517298187808896,0.47164162017873745,1.011138855370522,0.004688617679110632,"[1.0,-0.2045847773551941,-1.0,-0.8348161578178406,1.0]","[0.5201958417892456,-0.18808859586715698,-0.7528049349784851,-0.2663272023200989,0.9436594247817993]","[1.0,-0.3926733732223511,-1.0,-1.0,1.0]","{""acc_lim_theta"":0.6228884135764727,""acc_lim_x"":0.8,""inflation_dist"":0.5721295289085693,""max_vel_theta"":0.89974878915001,""max_vel_x"":1.079698546980012,""min_obstacle_dist"":0.25,""weight_obstacle"":50.0,""weight_optimaltime"":0.9795415222644805,""weight_viapoint"":1.0}","{""acc_lim_theta"":0.5632061127424333,""acc_lim_x"":0.8,""inflation_dist"":0.5790991870798462,""max_vel_theta"":0.89974878915001,""max_vel_x"":1.0407594261065187,""min_obstacle_dist"":0.25,""weight_obstacle"":50.0,""weight_optimaltime"":0.9607326626777648,""weight_viapoint"":1.0}","{""acc_lim_theta"":0.5632061127424333,""acc_lim_x"":0.8,""inflation_dist"":0.5790991870798462,""max_vel_theta"":0.8672995217554323,""max_vel_x"":1.0407594261065187,""min_obstacle_dist"":0.25,""weight_obstacle"":50.0,""weight_optimaltime"":0.9607326626777648,""weight_viapoint"":1.0}","{""acc_lim_theta"":0.5632061127424333,""acc_lim_x"":0.8,""inflation_dist"":0.5790991870798462,""max_vel_theta"":0.8672995217554323,""max_vel_x"":1.0407594261065187,""min_obstacle_dist"":0.25,""weight_obstacle"":50.0,""weight_optimaltime"":0.9607326626777648,""weight_viapoint"":1.0}","{""acc_lim_theta"":0.5632061127424333,""acc_lim_x"":0.8,""inflation_dist"":0.5790991870798462,""max_vel_theta"":0.8672995217554323,""max_vel_x"":1.0407594261065187,""min_obstacle_dist"":0.25,""weight_obstacle"":50.0,""weight_optimaltime"":0.9607326626777648,""weight_viapoint"":1.0}",true,max_vel_theta:ackermann_turning_radius,false,WARNING,margin:warning|safety_mode:WARNING:conservative_filter,false,,2.398228240287522,2.52457451671537,-0.05,-0.041282046504561964,-9.216254169991389e-05,-0.0013186823918230341,-0.0,-0.03365338498976322,0.0,0.0,0.0,1.0,0.0,0.0,0.9052809909917414,18.000000000000682,97.99999999999898,true,
t12_t12_safety_seed102,t12_t12_safety_seed102-episode-000007,4,5,44.202,43.636,43.654,43.672,43.7,44.2,0,0.45000000000000284,true,,2.530761503988623,2.10163870034987,0.010391879470739863,0.005090080054104907,0.46053107515337594,0.8491803278688524,0.488453714280735,0.9740213406330999,0.008343579716546068,"[1.0,-0.3926733732223511,-1.0,-1.0,1.0]","[0.46884822845458984,0.24604475498199463,-0.792524516582489,-0.4564916491508484,0.9483578205108643]","[1.0,-0.14662861824035645,-1.0,-1.0,1.0]","{""acc_lim_theta"":0.5632061127424333,""acc_lim_x"":0.8,""inflation_dist"":0.5790991870798462,""max_vel_theta"":0.8672995217554323,""max_vel_x"":1.0407594261065187,""min_obstacle_dist"":0.25,""weight_obstacle"":50.0,""weight_optimaltime"":0.9607326626777648,""weight_viapoint"":1.0}","{""acc_lim_theta"":0.500565724803292,""acc_lim_x"":0.8,""inflation_dist"":0.5864365791668074,""max_vel_theta"":0.8672995217554323,""max_vel_x"":1.005000142405731,""min_obstacle_dist"":0.25,""weight_obstacle"":50.0,""weight_optimaltime"":0.9853371381759642,""weight_viapoint"":1.0}","{""acc_lim_theta"":0.500565724803292,""acc_lim_x"":0.8,""inflation_dist"":0.5864365791668074,""max_vel_theta"":0.8375001186714426,""max_vel_x"":1.005000142405731,""min_obstacle_dist"":0.25,""weight_obstacle"":50.0,""weight_optimaltime"":0.9853371381759642,""weight_viapoint"":1.0}","{""acc_lim_theta"":0.500565724803292,""acc_lim_x"":0.8,""inflation_dist"":0.5864365791668074,""max_vel_theta"":0.8375001186714426,""max_vel_x"":1.005000142405731,""min_obstacle_dist"":0.25,""weight_obstacle"":50.0,""weight_optimaltime"":0.9853371381759642,""weight_viapoint"":1.0}","{""acc_lim_theta"":0.500565724803292,""acc_lim_x"":0.8,""inflation_dist"":0.5864365791668074,""max_vel_theta"":0.8375001186714426,""max_vel_x"":1.005000142405731,""min_obstacle_dist"":0.25,""weight_obstacle"":50.0,""weight_optimaltime"":0.9853371381759642,""weight_viapoint"":1.0}",true,max_vel_theta:ackermann_turning_radius,false,WARNING,margin:warning|safety_mode:WARNING:conservative_filter,false,,2.0257032987555745,2.1456140181937644,-0.04500000000000029,-0.0391416622029843,-3.804167668712585e-05,-0.0011338645013652913,-0.0,-0.034597151057152865,0.0,0.0,0.0,1.0,0.0,0.0,1.0670280025806278,17.999999999993577,45.999999999999375,true,
t12_t12_safety_seed102,t12_t12_safety_seed102-episode-000007,5,6,44.802,44.196,44.204,44.224,44.3,44.8,0,0.45000000000000284,true,,1.9457342146934822,1.5326130033897736,0.015942801394181607,0.01756730912956126,0.46053107515337594,0.8547854785478548,0.5024485892636764,0.9388734447175704,0.034427672098152645,"[1.0,-0.14662861824035645,-1.0,-1.0,1.0]","[0.3138906955718994,0.4530618190765381,-0.8229429721832275,-0.535834550857544,0.9677780866622925]","[1.0,0.30643320083618164,-1.0,-1.0,1.0]","{""acc_lim_theta"":0.500565724803292,""acc_lim_x"":0.8,""inflation_dist"":0.5864365791668074,""max_vel_theta"":0.8375001186714426,""max_vel_x"":1.005000142405731,""min_obstacle_dist"":0.25,""weight_obstacle"":50.0,""weight_optimaltime"":0.9853371381759642,""weight_viapoint"":1.0}","{""acc_lim_theta"":0.4415472324509376,""acc_lim_x"":0.8,""inflation_dist"":0.5940555929963802,""max_vel_theta"":0.8375001186714426,""max_vel_x"":0.9670578835812467,""min_obstacle_dist"":0.25,""weight_obstacle"":50.0,""weight_optimaltime"":1.0,""weight_viapoint"":1.0}","{""acc_lim_theta"":0.4415472324509376,""acc_lim_x"":0.8,""inflation_dist"":0.5940555929963802,""max_vel_theta"":0.805881569651039,""max_vel_x"":0.9670578835812467,""min_obstacle_dist"":0.25,""weight_obstacle"":50.0,""weight_optimaltime"":1.0,""weight_viapoint"":1.0}","{""acc_lim_theta"":0.4415472324509376,""acc_lim_x"":0.8,""inflation_dist"":0.5940555929963802,""max_vel_theta"":0.805881569651039,""max_vel_x"":0.9670578835812467,""min_obstacle_dist"":0.25,""weight_obstacle"":50.0,""weight_optimaltime"":1.0,""weight_viapoint"":1.0}","{""acc_lim_theta"":0.4415472324509376,""acc_lim_x"":0.8,""inflation_dist"":0.5940555929963802,""max_vel_theta"":0.805881569651039,""max_vel_x"":0.9670578835812467,""min_obstacle_dist"":0.25,""weight_obstacle"":50.0,""weight_optimaltime"":1.0,""weight_viapoint"":1.0}",true,max_vel_theta:ackermann_turning_radius,false,WARNING,margin:warning|safety_mode:WARNING:conservative_filter,false,,1.946491156931485,2.065606056518543,-0.04500000000000029,-0.0404078688149352,-6.420743124206859e-05,-0.0011313471856594975,-0.0,-0.03251147615522089,0.0,0.0,0.0,1.0,0.0,0.0,1.206214990816079,19.99999999999602,95.99999999999653,true,
t12_t12_safety_seed102,t12_t12_safety_seed102-episode-000007,6,7,45.4,44.8,44.804,44.822,44.898,45.398,0,0.45000000000000284,true,,1.3819977347076884,0.9850840879906284,0.0295867290518194,0.04135464224050857,0.4522278803388921,0.8633333333333333,0.504280995112258,0.9002144133602686,0.034926830479958745,"[1.0,0.30643320083618164,-1.0,-1.0,1.0]","[0.3105950355529785,0.153082013130188,-0.7775012254714966,-0.5027021765708923,0.9697036743164062]","[1.0,0.45951521396636963,-1.0,-1.0,1.0]","{""acc_lim_theta"":0.4415472324509376,""acc_lim_x"":0.8,""inflation_dist"":0.5940555929963802,""max_vel_theta"":0.805881569651039,""max_vel_x"":0.9670578835812467,""min_obstacle_dist"":0.25,""weight_obstacle"":50.0,""weight_optimaltime"":1.0,""weight_viapoint"":1.0}","{""acc_lim_theta"":0.4,""acc_lim_x"":0.8,""inflation_dist"":0.6012538956608547,""max_vel_theta"":0.805881569651039,""max_vel_x"":0.9281733892862597,""min_obstacle_dist"":0.25,""weight_obstacle"":50.0,""weight_optimaltime"":1.0,""weight_viapoint"":1.0}","{""acc_lim_theta"":0.4,""acc_lim_x"":0.8,""inflation_dist"":0.6012538956608547,""max_vel_theta"":0.7734778244052164,""max_vel_x"":0.9281733892862597,""min_obstacle_dist"":0.25,""weight_obstacle"":50.0,""weight_optimaltime"":1.0,""weight_viapoint"":1.0}","{""acc_lim_theta"":0.4,""acc_lim_x"":0.8,""inflation_dist"":0.6012538956608547,""max_vel_theta"":0.7734778244052164,""max_vel_x"":0.9281733892862597,""min_obstacle_dist"":0.25,""weight_obstacle"":50.0,""weight_optimaltime"":1.0,""weight_viapoint"":1.0}","{""acc_lim_theta"":0.4,""acc_lim_x"":0.8,""inflation_dist"":0.6012538956608547,""max_vel_theta"":0.7734778244052164,""max_vel_x"":0.9281733892862597,""min_obstacle_dist"":0.25,""weight_obstacle"":50.0,""weight_optimaltime"":1.0,""weight_viapoint"":1.0}",true,max_vel_theta:ackermann_turning_radius,false,WARNING,margin:warning|safety_mode:WARNING:conservative_filter,false,,1.863355617815713,1.9845682335852999,-0.04500000000000029,-0.049056072139231854,-0.00022300733128456527,-0.0015285721838711065,-0.0,-0.025404964115198977,0.0,0.0,0.0,1.0,0.0,0.0,1.1870509915752336,18.000000000000682,94.0000000000012,true,
t12_t12_safety_seed102,t12_t12_safety_seed102-episode-000007,7,8,47.308,45.396,45.402,45.42,45.498,45.998,0,0.5,true,,0.8411223765653443,0.4149589075472455,0.002649993276427054,0.00021818968560752727,0.41084325797889504,0.8809946714031972,8.2168651595779,0.0,0.0,"[1.0,0.45951521396636963,-1.0,-1.0,1.0]","[0.17288553714752197,0.02004563808441162,-0.7678477764129639,-0.6245396733283997,0.9678764343261719]","[1.0,0.47956085205078125,-1.0,-1.0,1.0]","{""acc_lim_theta"":0.4,""acc_lim_x"":0.8,""inflation_dist"":0.6012538956608547,""max_vel_theta"":0.7734778244052164,""max_vel_x"":0.9281733892862597,""min_obstacle_dist"":0.25,""weight_obstacle"":50.0,""weight_optimaltime"":1.0,""weight_viapoint"":1.0}","{""acc_lim_theta"":0.4,""acc_lim_x"":0.8,""inflation_dist"":0.6083628242564495,""max_vel_theta"":0.7734778244052164,""max_vel_x"":0.8896489272071382,""min_obstacle_dist"":0.25,""weight_obstacle"":50.0,""weight_optimaltime"":1.0,""weight_viapoint"":1.0}","{""acc_lim_theta"":0.4,""acc_lim_x"":0.8,""inflation_dist"":0.6083628242564495,""max_vel_theta"":0.7413741060059486,""max_vel_x"":0.8896489272071382,""min_obstacle_dist"":0.25,""weight_obstacle"":50.0,""weight_optimaltime"":1.0,""weight_viapoint"":1.0}","{""acc_lim_theta"":0.4,""acc_lim_x"":0.8,""inflation_dist"":0.6083628242564495,""max_vel_theta"":0.7413741060059486,""max_vel_x"":0.8896489272071382,""min_obstacle_dist"":0.25,""weight_obstacle"":50.0,""weight_optimaltime"":1.0,""weight_viapoint"":1.0}","{""acc_lim_theta"":0.4,""acc_lim_x"":0.8,""inflation_dist"":0.6083628242564495,""max_vel_theta"":0.7413741060059486,""max_vel_x"":0.8896489272071382,""min_obstacle_dist"":0.25,""weight_obstacle"":50.0,""weight_optimaltime"":1.0,""weight_viapoint"":1.0}",true,max_vel_theta:ackermann_turning_radius,false,WARNING,margin:warning|safety_mode:WARNING:conservative_filter,false,,11.980303973694223,2.130817345090494,-0.05,-0.07363731829451335,-0.0010414469861641205,-0.010961996300003067,-0.0,-0.014872609815591374,10.0,0.0,0.0,1.0,0.0,0.0,1.2379429972497746,18.000000000000682,95.99999999999653,true,
t12_t12_safety_seed102,t12_t12_safety_seed102-episode-000008,0,1,48.796,48.236,48.238,48.26,48.294,48.794,0,0.45000000000000284,true,,5.333641414953542,5.146932377797353,0.13356269057215006,0.2422435323064437,30.0,0.0,600.0,0.02856278512439496,0.023801027747918348,"[0.0,0.0,0.0,0.0,0.0]","[0.06703877449035645,-0.02036428451538086,0.30663633346557617,-0.20872390270233154,-0.1422520875930786]","[0.06703877449035645,-0.02036428451538086,0.30663633346557617,-0.20872390270233154,-0.1422520875930786]","{""acc_lim_theta"":0.8,""acc_lim_x"":0.8,""inflation_dist"":0.55,""max_vel_theta"":1.0,""max_vel_x"":1.2,""min_obstacle_dist"":0.25,""weight_obstacle"":50.0,""weight_optimaltime"":1.0,""weight_viapoint"":1.0}","{""acc_lim_theta"":0.796666118378313,""acc_lim_x"":0.8,""inflation_dist"":0.55,""max_vel_theta"":1.0,""max_vel_x"":1.2,""min_obstacle_dist"":0.25777971611482964,""weight_obstacle"":50.76811474234477,""weight_optimaltime"":0.9979635715484619,""weight_viapoint"":1.0}","{""acc_lim_theta"":0.796666118378313,""acc_lim_x"":0.8,""inflation_dist"":0.55,""max_vel_theta"":1.0,""max_vel_x"":1.2,""min_obstacle_dist"":0.25777971611482964,""weight_obstacle"":50.76811474234477,""weight_optimaltime"":0.9979635715484619,""weight_viapoint"":1.0}","{""acc_lim_theta"":0.796666118378313,""acc_lim_x"":0.8,""inflation_dist"":0.55,""max_vel_theta"":1.0,""max_vel_x"":1.2,""min_obstacle_dist"":0.25777971611482964,""weight_obstacle"":50.76811474234477,""weight_optimaltime"":0.9979635715484619,""weight_viapoint"":1.0}","{""acc_lim_theta"":0.796666118378313,""acc_lim_x"":0.8,""inflation_dist"":0.55,""max_vel_theta"":1.0,""max_vel_x"":1.2,""min_obstacle_dist"":0.25777971611482964,""weight_obstacle"":50.76811474234477,""weight_optimaltime"":0.9979635715484619,""weight_viapoint"":1.0}",false,,false,NORMAL,,false,,0.3519638492290687,0.933545185780944,-0.04500000000000029,-0.0,-0.004307669420532674,-0.5263847951049917,-0.0,-0.005888872026350765,0.0,0.0,0.0,0.0,0.0,0.0,1.3337590062292293,21.999999999998465,55.999999999997385,true,
t12_t12_safety_seed102,t12_t12_safety_seed102-episode-000008,1,2,49.444,48.776,48.798,48.814,48.894,49.394,0,0.5,true,,5.160248956157789,5.11809979828568,0.06492706445744188,0.40614813672654887,30.0,0.0,34.47842994144208,0.8701092262887778,0.6773534175934336,"[0.06703877449035645,-0.02036428451538086,0.30663633346557617,-0.20872390270233154,-0.1422520875930786]","[0.12135529518127441,0.12083613872528076,0.2870638370513916,-0.28370583057403564,-0.10459274053573608]","[0.18839406967163086,0.1004718542098999,0.5937001705169678,-0.4924297332763672,-0.2468448281288147]","{""acc_lim_theta"":0.796666118378313,""acc_lim_x"":0.8,""inflation_dist"":0.55,""max_vel_theta"":1.0,""max_vel_x"":1.2,""min_obstacle_dist"":0.25777971611482964,""weight_obstacle"":50.76811474234477,""weight_optimaltime"":0.9979635715484619,""weight_viapoint"":1.0}","{""acc_lim_theta"":0.7879272205297982,""acc_lim_x"":0.8,""inflation_dist"":0.55,""max_vel_theta"":1.0,""max_vel_x"":1.2,""min_obstacle_dist"":0.2682938684539282,""weight_obstacle"":51.33288132895232,""weight_optimaltime"":1.0,""weight_viapoint"":1.0}","{""acc_lim_theta"":0.7879272205297982,""acc_lim_x"":0.8,""inflation_dist"":0.55,""max_vel_theta"":1.0,""max_vel_x"":1.2,""min_obstacle_dist"":0.2682938684539282,""weight_obstacle"":51.33288132895232,""weight_optimaltime"":1.0,""weight_viapoint"":1.0}","{""acc_lim_theta"":0.7879272205297982,""acc_lim_x"":0.8,""inflation_dist"":0.55,""max_vel_theta"":1.0,""max_vel_x"":1.2,""min_obstacle_dist"":0.2682938684539282,""weight_obstacle"":51.33288132895232,""weight_optimaltime"":1.0,""weight_viapoint"":1.0}","{""acc_lim_theta"":0.7879272205297982,""acc_lim_x"":0.8,""inflation_dist"":0.55,""max_vel_theta"":1.0,""max_vel_x"":1.2,""min_obstacle_dist"":0.2682938684539282,""weight_obstacle"":51.33288132895232,""weight_optimaltime"":1.0,""weight_viapoint"":1.0}",false,,false,NORMAL,,false,,-0.1049882267961877,0.21074578936054245,-0.05,-0.0,-0.0040502857790665515,-0.2537565261163728,-0.0,-0.007927204261290835,0.0,0.0,0.0,0.0,0.0,0.0,1.160144995083101,15.999999999998238,95.99999999999653,true,
t12_t12_safety_seed102,t12_t12_safety_seed102-episode-000008,2,3,50.044,49.436,49.448,49.47,49.494,49.994,0,0.5,true,,5.036958510198665,4.474490981741276,0.1998180891622426,0.6763179691876297,30.0,0.0,25.476160230737495,1.177571491476349,0.16981079808095026,"[0.18839406967163086,0.1004718542098999,0.5937001705169678,-0.4924297332763672,-0.2468448281288147]","[0.06026804447174072,0.1210489273071289,0.15803861618041992,-0.10735166072845459,-0.18053323030471802]","[0.24866211414337158,0.2215207815170288,0.7517387866973877,-0.5997813940048218,-0.4273780584335327]","{""acc_lim_theta"":0.7879272205297982,""acc_lim_x"":0.8,""inflation_dist"":0.55,""max_vel_theta"":1.0,""max_vel_x"":1.2,""min_obstacle_dist"":0.2682938684539282,""weight_obstacle"":51.33288132895232,""weight_optimaltime"":1.0,""weight_viapoint"":1.0}","{""acc_lim_theta"":0.788760776323123,""acc_lim_x"":0.8,""inflation_dist"":0.55,""max_vel_theta"":1.0,""max_vel_x"":1.2,""min_obstacle_dist"":0.27534151999056844,""weight_obstacle"":52.30770172017816,""weight_optimaltime"":1.0,""weight_viapoint"":1.0}","{""acc_lim_theta"":0.788760776323123,""acc_lim_x"":0.8,""inflation_dist"":0.55,""max_vel_theta"":1.0,""max_vel_x"":1.2,""min_obstacle_dist"":0.27534151999056844,""weight_obstacle"":52.30770172017816,""weight_optimaltime"":1.0,""weight_viapoint"":1.0}","{""acc_lim_theta"":0.788760776323123,""acc_lim_x"":0.8,""inflation_dist"":0.55,""max_vel_theta"":1.0,""max_vel_x"":1.2,""min_obstacle_dist"":0.27534151999056844,""weight_obstacle"":52.30770172017816,""weight_optimaltime"":1.0,""weight_viapoint"":1.0}","{""acc_lim_theta"":0.788760776323123,""acc_lim_x"":0.8,""inflation_dist"":0.55,""max_vel_theta"":1.0,""max_vel_x"":1.2,""min_obstacle_dist"":0.27534151999056844,""weight_obstacle"":52.30770172017816,""weight_optimaltime"":1.0,""weight_viapoint"":1.0}",false,,false,NORMAL,,false,,2.688283321195558,2.812337642286944,-0.05,-0.0,-0.01136105838308735,-0.05771617236286021,-0.0,-0.004977090345438965,0.0,0.0,0.0,0.0,0.0,0.0,3.0941720033297315,21.999999999998465,45.999999999999375,true,
t12_t12_safety_seed102,t12_t12_safety_seed102-episode-000008,3,4,50.596,50.036,50.044,50.064,50.094,50.594,0,0.45000000000000284,true,,4.334377646321585,3.8237187942567243,0.07046287676029413,0.6943636614122753,30.0,0.0,25.69276738505406,1.1676437789045462,-0.0019708450211527308,"[0.24866211414337158,0.2215207815170288,0.7517387866973877,-0.5997813940048218,-0.4273780584335327]","[0.014710783958435059,0.3610270023345947,0.12013733386993408,-0.04094666242599487,-0.15949225425720215]","[0.26337289810180664,0.5825477838516235,0.8718761205673218,-0.6407280564308167,-0.5868703126907349]","{""acc_lim_theta"":0.788760776323123,""acc_lim_x"":0.8,""inflation_dist"":0.55,""max_vel_theta"":1.0,""max_vel_x"":1.2,""min_obstacle_dist"":0.27534151999056844,""weight_obstacle"":52.30770172017816,""weight_optimaltime"":1.0,""weight_viapoint"":1.0}","{""acc_lim_theta"":0.7924540538350957,""acc_lim_x"":0.8,""inflation_dist"":0.55,""max_vel_theta"":1.0,""max_vel_x"":1.2,""min_obstacle_dist"":0.28691174925802376,""weight_obstacle"":53.16890772325068,""weight_optimaltime"":1.0,""weight_viapoint"":1.0}","{""acc_lim_theta"":0.7924540538350957,""acc_lim_x"":0.8,""inflation_dist"":0.55,""max_vel_theta"":1.0,""max_vel_x"":1.2,""min_obstacle_dist"":0.28691174925802376,""weight_obstacle"":53.16890772325068,""weight_optimaltime"":1.0,""weight_viapoint"":1.0}","{""acc_lim_theta"":0.7924540538350957,""acc_lim_x"":0.8,""inflation_dist"":0.55,""max_vel_theta"":1.0,""max_vel_x"":1.2,""min_obstacle_dist"":0.28691174925802376,""weight_obstacle"":53.16890772325068,""weight_optimaltime"":1.0,""weight_viapoint"":1.0}","{""acc_lim_theta"":0.7924540538350957,""acc_lim_x"":0.8,""inflation_dist"":0.55,""max_vel_theta"":1.0,""max_vel_x"":1.2,""min_obstacle_dist"":0.28691174925802376,""weight_obstacle"":53.16890772325068,""weight_optimaltime"":1.0,""weight_viapoint"":1.0}",false,,false,NORMAL,,false,,2.496979488460336,2.5532942603243014,-0.04500000000000029,-0.0,-0.003980978793039963,-5.9969979805200104e-05,-0.0,-0.0072738230911203496,0.0,0.0,0.0,0.0,0.0,0.0,0.9096479916479439,20.000000000003126,50.00000000000426,true,
t12_t12_safety_seed102,t12_t12_safety_seed102-episode-000008,4,5,51.244,50.596,50.598,50.616,50.694,51.194,0,0.5,true,,3.661374663563726,3.082260239863,0.03980388953644504,0.6915879464628395,30.0,0.0,25.699639731587244,1.167331539014814,0.005219227393833226,"[0.26337289810180664,0.5825477838516235,0.8718761205673218,-0.6407280564308167,-0.5868703126907349]","[-0.004524052143096924,0.33858954906463623,0.18566250801086426,-0.14448392391204834,-0.1799076795578003]","[0.2588488459587097,0.9211373329162598,1.0,-0.785211980342865,-0.7667779922485352]","{""acc_lim_theta"":0.7924540538350957,""acc_lim_x"":0.8,""inflation_dist"":0.55,""max_vel_theta"":1.0,""max_vel_x"":1.2,""min_obstacle_dist"":0.28691174925802376,""weight_obstacle"":53.16890772325068,""weight_optimaltime"":1.0,""weight_viapoint"":1.0}","{""acc_lim_theta"":0.79495144217456,""acc_lim_x"":0.8,""inflation_dist"":0.55,""max_vel_theta"":1.0,""max_vel_x"":1.2,""min_obstacle_dist"":0.29972673462652405,""weight_obstacle"":54.140350345060824,""weight_optimaltime"":1.0,""weight_viapoint"":1.0}","{""acc_lim_theta"":0.79495144217456,""acc_lim_x"":0.8,""inflation_dist"":0.55,""max_vel_theta"":1.0,""max_vel_x"":1.2,""min_obstacle_dist"":0.29972673462652405,""weight_obstacle"":54.140350345060824,""weight_optimaltime"":1.0,""weight_viapoint"":1.0}","{""acc_lim_theta"":0.79495144217456,""acc_lim_x"":0.8,""inflation_dist"":0.55,""max_vel_theta"":1.0,""max_vel_x"":1.2,""min_obstacle_dist"":0.29972673462652405,""weight_obstacle"":54.140350345060824,""weight_optimaltime"":1.0,""weight_viapoint"":1.0}","{""acc_lim_theta"":0.79495144217456,""acc_lim_x"":0.8,""inflation_dist"":0.55,""max_vel_theta"":1.0,""max_vel_x"":1.2,""min_obstacle_dist"":0.29972673462652405,""weight_obstacle"":54.140350345060824,""weight_optimaltime"":1.0,""weight_viapoint"":1.0}",false,,false,NORMAL,,false,,2.831765707194108,2.895572118503631,-0.05,-0.0,-0.0061106681957233235,-2.5166379133838274e-06,-0.0,-0.0076932264758864805,0.0,0.0,0.0,0.0,0.0,0.0,1.0283489973517135,18.000000000000682,96.00000000000364,true,
t12_t12_safety_seed102,t12_t12_safety_seed102-episode-000008,5,6,51.844,51.236,51.248,51.264,51.294,51.794,0,0.5,true,,2.9667702719945725,2.3904779904151487,0.12922547497731193,0.6804864090989752,30.0,0.0,25.64332052955186,1.169895293607839,-0.15349518245511246,"[0.2588488459587097,0.9211373329162598,1.0,-0.785211980342865,-0.7667779922485352]","[-0.033687055110931396,0.4250771999359131,0.25960230827331543,-0.20323693752288818,-0.3403090238571167]","[0.22516179084777832,1.0,1.0,-0.9884489178657532,-1.0]","{""acc_lim_theta"":0.79495144217456,""acc_lim_x"":0.8,""inflation_dist"":0.55,""max_vel_theta"":1.0,""max_vel_x"":1.2,""min_obstacle_dist"":0.29972673462652405,""weight_obstacle"":54.140350345060824,""weight_optimaltime"":1.0,""weight_viapoint"":1.0}","{""acc_lim_theta"":0.8,""acc_lim_x"":0.8,""inflation_dist"":0.55,""max_vel_theta"":1.0,""max_vel_x"":1.2,""min_obstacle_dist"":0.3165285034347629,""weight_obstacle"":55.97790775880755,""weight_optimaltime"":1.0,""weight_viapoint"":1.0}","{""acc_lim_theta"":0.8,""acc_lim_x"":0.8,""inflation_dist"":0.55,""max_vel_theta"":1.0,""max_vel_x"":1.2,""min_obstacle_dist"":0.3165285034347629,""weight_obstacle"":55.97790775880755,""weight_optimaltime"":1.0,""weight_viapoint"":1.0}","{""acc_lim_theta"":0.8,""acc_lim_x"":0.8,""inflation_dist"":0.55,""max_vel_theta"":1.0,""max_vel_x"":1.2,""min_obstacle_dist"":0.3165285034347629,""weight_obstacle"":55.97790775880755,""weight_optimaltime"":1.0,""weight_viapoint"":1.0}","{""acc_lim_theta"":0.8,""acc_lim_x"":0.8,""inflation_dist"":0.55,""max_vel_theta"":1.0,""max_vel_x"":1.2,""min_obstacle_dist"":0.3165285034347629,""weight_obstacle"":55.97790775880755,""weight_optimaltime"":1.0,""weight_viapoint"":1.0}",false,,false,NORMAL,,false,,2.8161375739785903,2.881461407897119,-0.05,-0.0,-0.003652531500025753,-1.3340611354252088e-05,-0.0,-0.01165796180714899,0.0,0.0,0.0,0.0,0.0,0.0,2.983393002068624,16.000000000005343,45.999999999999375,true,
t12_t12_safety_seed102,t12_t12_safety_seed102-episode-000008,6,7,52.444,51.836,51.844,51.862,51.894,52.394,0,0.5,true,,2.2757472256582445,1.7127539074775966,0.11702216635377956,0.6560246316719426,30.0,0.0,25.72913176764075,1.1659934843868565,0.10099241646696082,"[0.22516179084777832,1.0,1.0,-0.9884489178657532,-1.0]","[0.04300415515899658,0.32449841499328613,0.2597494125366211,-0.14503735303878784,-0.28164994716644287]","[0.2681659460067749,1.0,1.0,-1.0,-1.0]","{""acc_lim_theta"":0.8,""acc_lim_x"":0.8,""inflation_dist"":0.55,""max_vel_theta"":1.0,""max_vel_x"":1.2,""min_obstacle_dist"":0.3165285034347629,""weight_obstacle"":55.97790775880755,""weight_optimaltime"":1.0,""weight_viapoint"":1.0}","{""acc_lim_theta"":0.8,""acc_lim_x"":0.8,""inflation_dist"":0.55,""max_vel_theta"":1.0,""max_vel_x"":1.2,""min_obstacle_dist"":0.3310113564881816,""weight_obstacle"":57.49872534580862,""weight_optimaltime"":1.0,""weight_viapoint"":1.0}","{""acc_lim_theta"":0.8,""acc_lim_x"":0.8,""inflation_dist"":0.55,""max_vel_theta"":1.0,""max_vel_x"":1.2,""min_obstacle_dist"":0.3310113564881816,""weight_obstacle"":57.49872534580862,""weight_optimaltime"":1.0,""weight_viapoint"":1.0}","{""acc_lim_theta"":0.8,""acc_lim_x"":0.8,""inflation_dist"":0.55,""max_vel_theta"":1.0,""max_vel_x"":1.2,""min_obstacle_dist"":0.3310113564881816,""weight_obstacle"":57.49872534580862,""weight_optimaltime"":1.0,""weight_viapoint"":1.0}","{""acc_lim_theta"":0.8,""acc_lim_x"":0.8,""inflation_dist"":0.55,""max_vel_theta"":1.0,""max_vel_x"":1.2,""min_obstacle_dist"":0.3310113564881816,""weight_obstacle"":57.49872534580862,""weight_optimaltime"":1.0,""weight_viapoint"":1.0}",false,,false,NORMAL,,false,,2.745873890459284,2.8149665909032393,-0.05,-0.0,-0.010245809227272366,-1.2114821313257984e-05,-0.0,-0.008834776395369623,0.0,0.0,0.0,0.0,0.0,0.0,0.8907739975256845,18.000000000000682,49.99999999999716,true,
t12_t12_safety_seed102,t12_t12_safety_seed102-episode-000008,7,8,53.042,52.436,52.446,52.464,52.492,52.992,0,0.5,true,,1.6020914631237044,1.0463600931895534,0.2457864544755917,0.8409717914477721,30.0,0.0,26.113219086174645,1.148843422980477,0.49109578531461257,"[0.2681659460067749,1.0,1.0,-1.0,-1.0]","[0.06321275234222412,0.24825561046600342,0.24820709228515625,-0.17107641696929932,-0.3161660432815552]","[0.331378698348999,1.0,1.0,-1.0,-1.0]","{""acc_lim_theta"":0.8,""acc_lim_x"":0.8,""inflation_dist"":0.55,""max_vel_theta"":1.0,""max_vel_x"":1.2,""min_obstacle_dist"":0.3310113564881816,""weight_obstacle"":57.49872534580862,""weight_optimaltime"":1.0,""weight_viapoint"":1.0}","{""acc_lim_theta"":0.8,""acc_lim_x"":0.8,""inflation_dist"":0.55,""max_vel_theta"":1.0,""max_vel_x"":1.2,""min_obstacle_dist"":0.34342283163298437,""weight_obstacle"":59.20591856161626,""weight_optimaltime"":1.0,""weight_viapoint"":1.0}","{""acc_lim_theta"":0.8,""acc_lim_x"":0.8,""inflation_dist"":0.55,""max_vel_theta"":1.0,""max_vel_x"":1.2,""min_obstacle_dist"":0.34342283163298437,""weight_obstacle"":59.20591856161626,""weight_optimaltime"":1.0,""weight_viapoint"":1.0}","{""acc_lim_theta"":0.8,""acc_lim_x"":0.8,""inflation_dist"":0.55,""max_vel_theta"":1.0,""max_vel_x"":1.2,""min_obstacle_dist"":0.34342283163298437,""weight_obstacle"":59.20591856161626,""weight_optimaltime"":1.0,""weight_viapoint"":1.0}","{""acc_lim_theta"":0.8,""acc_lim_x"":0.8,""inflation_dist"":0.55,""max_vel_theta"":1.0,""max_vel_x"":1.2,""min_obstacle_dist"":0.34342283163298437,""weight_obstacle"":59.20591856161626,""weight_optimaltime"":1.0,""weight_viapoint"":1.0}",false,,false,NORMAL,,false,,2.700860533740514,2.7786568496707553,-0.05,-0.0,-0.01902749886043989,-0.0003898405802651715,-0.0,-0.008378976489536385,0.0,0.0,0.0,0.0,0.0,0.0,1.0940420033875853,18.000000000000682,45.999999999999375,true,
t12_t12_safety_seed102,t12_t12_safety_seed102-episode-000008,8,9,54.902,53.036,53.042,53.062,53.092,53.592,0,0.5,true,,0.9373519043755548,0.4609573004852943,0.005493120793439731,0.0071439500357000085,30.0,0.0,600.0,0.0,0.0,"[0.331378698348999,1.0,1.0,-1.0,-1.0]","[-0.009565114974975586,0.28137779235839844,0.21235418319702148,-0.17889738082885742,-0.3206988573074341]","[0.32181358337402344,1.0,1.0,-1.0,-1.0]","{""acc_lim_theta"":0.8,""acc_lim_x"":0.8,""inflation_dist"":0.55,""max_vel_theta"":1.0,""max_vel_x"":1.2,""min_obstacle_dist"":0.34342283163298437,""weight_obstacle"":59.20591856161626,""weight_optimaltime"":1.0,""weight_viapoint"":1.0}","{""acc_lim_theta"":0.8,""acc_lim_x"":0.8,""inflation_dist"":0.55,""max_vel_theta"":1.0,""max_vel_x"":1.2,""min_obstacle_dist"":0.35563464553952484,""weight_obstacle"":60.937587490480176,""weight_optimaltime"":1.0,""weight_viapoint"":1.0}","{""acc_lim_theta"":0.8,""acc_lim_x"":0.8,""inflation_dist"":0.55,""max_vel_theta"":1.0,""max_vel_x"":1.2,""min_obstacle_dist"":0.35563464553952484,""weight_obstacle"":60.937587490480176,""weight_optimaltime"":1.0,""weight_viapoint"":1.0}","{""acc_lim_theta"":0.8,""acc_lim_x"":0.8,""inflation_dist"":0.55,""max_vel_theta"":1.0,""max_vel_x"":1.2,""min_obstacle_dist"":0.35563464553952484,""weight_obstacle"":60.937587490480176,""weight_optimaltime"":1.0,""weight_viapoint"":1.0}","{""acc_lim_theta"":0.8,""acc_lim_x"":0.8,""inflation_dist"":0.55,""max_vel_theta"":1.0,""max_vel_x"":1.2,""min_obstacle_dist"":0.35563464553952484,""weight_obstacle"":60.937587490480176,""weight_optimaltime"":1.0,""weight_viapoint"":1.0}",false,,false,NORMAL,,false,,12.278797325870599,2.3819730194513027,-0.05,-0.0,-0.01491810443434311,-0.029909525726017808,-0.0,-0.008348063420344025,10.0,0.0,0.0,0.0,0.0,0.0,0.7049300038488582,19.99999999999602,49.99999999999716,true,
t12_t12_safety_seed102,t12_t12_safety_seed102-episode-000009,0,1,56.418,55.836,55.836,55.854,55.89,56.39,0,0.4759999999999991,true,,5.74867631760714,5.352236271711238,0.039635336188934396,0.030949714591102753,3.1273665212967083,0.0,3.165109770332728,1.168367996861257,0.028195778349664854,"[0.0,0.0,0.0,0.0,0.0]","[0.30666565895080566,0.25644075870513916,-0.08167433738708496,-0.16773724555969238,0.028008103370666504]","[0.30666565895080566,0.25644075870513916,-0.08167433738708496,-0.16773724555969238,0.028008103370666504]","{""acc_lim_theta"":0.8,""acc_lim_x"":0.8,""inflation_dist"":0.55,""max_vel_theta"":1.0,""max_vel_x"":1.2,""min_obstacle_dist"":0.25,""weight_obstacle"":50.0,""weight_optimaltime"":1.0,""weight_viapoint"":1.0}","{""acc_lim_theta"":0.782248884944629,""acc_lim_x"":0.8,""inflation_dist"":0.5507561616382999,""max_vel_theta"":1.0,""max_vel_x"":1.2,""min_obstacle_dist"":0.25372507328457405,""weight_obstacle"":50.0,""weight_optimaltime"":1.0,""weight_viapoint"":1.0}","{""acc_lim_theta"":0.782248884944629,""acc_lim_x"":0.8,""inflation_dist"":0.5507561616382999,""max_vel_theta"":1.0,""max_vel_x"":1.2,""min_obstacle_dist"":0.25372507328457405,""weight_obstacle"":50.0,""weight_optimaltime"":1.0,""weight_viapoint"":1.0}","{""acc_lim_theta"":0.782248884944629,""acc_lim_x"":0.8,""inflation_dist"":0.5507561616382999,""max_vel_theta"":1.0,""max_vel_x"":1.2,""min_obstacle_dist"":0.25372507328457405,""weight_obstacle"":50.0,""weight_optimaltime"":1.0,""weight_viapoint"":1.0}","{""acc_lim_theta"":0.782248884944629,""acc_lim_x"":0.8,""inflation_dist"":0.5507561616382999,""max_vel_theta"":1.0,""max_vel_x"":1.2,""min_obstacle_dist"":0.25372507328457405,""weight_obstacle"":50.0,""weight_optimaltime"":1.0,""weight_viapoint"":1.0}",false,,false,NORMAL,,false,,1.692021247168968,1.9822002294795116,-0.04759999999999991,-0.0,-0.0010815801758632972,-0.23535354787463658,-0.0,-0.006143854260043774,0.0,0.0,0.0,0.0,0.0,0.0,0.9374609944643453,18.000000000000682,54.000000000002046,true,
t12_t12_safety_seed102,t12_t12_safety_seed102-episode-000009,1,2,56.992,56.412,56.42,56.438,56.49,56.99,0,0.45000000000000284,true,,5.118521674981266,4.580198058123079,0.023095868347044687,0.03841568923879382,3.1273665212967083,0.0,3.723258227813103,1.167244892872415,-0.018504286474234563,"[0.30666565895080566,0.25644075870513916,-0.08167433738708496,-0.16773724555969238,0.028008103370666504]","[0.24564528465270996,0.12854576110839844,-0.04512995481491089,-0.0819658637046814,0.12325489521026611]","[0.5523109436035156,0.3849865198135376,-0.12680429220199585,-0.24970310926437378,0.15126299858093262]","{""acc_lim_theta"":0.782248884944629,""acc_lim_x"":0.8,""inflation_dist"":0.5507561616382999,""max_vel_theta"":1.0,""max_vel_x"":1.2,""min_obstacle_dist"":0.25372507328457405,""weight_obstacle"":50.0,""weight_optimaltime"":1.0,""weight_viapoint"":1.0}","{""acc_lim_theta"":0.7659984685966594,""acc_lim_x"":0.8,""inflation_dist"":0.5511739861552899,""max_vel_theta"":1.0,""max_vel_x"":1.1993290328988122,""min_obstacle_dist"":0.25547962750853725,""weight_obstacle"":50.0,""weight_optimaltime"":1.0,""weight_viapoint"":1.0}","{""acc_lim_theta"":0.7659984685966594,""acc_lim_x"":0.8,""inflation_dist"":0.5511739861552899,""max_vel_theta"":0.9994408607490102,""max_vel_x"":1.1993290328988122,""min_obstacle_dist"":0.25547962750853725,""weight_obstacle"":50.0,""weight_optimaltime"":1.0,""weight_viapoint"":1.0}","{""acc_lim_theta"":0.7659984685966594,""acc_lim_x"":0.8,""inflation_dist"":0.5511739861552899,""max_vel_theta"":0.9994408607490102,""max_vel_x"":1.1993290328988122,""min_obstacle_dist"":0.25547962750853725,""weight_obstacle"":50.0,""weight_optimaltime"":1.0,""weight_viapoint"":1.0}","{""acc_lim_theta"":0.7659984685966594,""acc_lim_x"":0.8,""inflation_dist"":0.5511739861552899,""max_vel_theta"":0.9994408607490102,""max_vel_x"":1.1993290328988122,""min_obstacle_dist"":0.25547962750853725,""weight_obstacle"":50.0,""weight_optimaltime"":1.0,""weight_viapoint"":1.0}",true,max_vel_theta:ackermann_turning_radius,false,NORMAL,,false,,2.6409058202128017,2.6916180842909343,-0.04500000000000029,-0.0,-0.00042206374514731134,-0.00018274042258567633,-0.0,-0.005107459910399306,0.0,0.0,0.0,1.0,0.0,0.0,1.1154079984407872,18.000000000000682,70.00000000000028,true,
t12_t12_safety_seed102,t12_t12_safety_seed102-episode-000009,2,3,57.64,56.99,56.994,57.016,57.09,57.59,0,0.5,true,,4.41683176574934,3.8370013235153504,0.009607704311821959,0.03892311143543795,3.1273665212967083,0.0,4.429015608876364,1.1585846977071974,-0.00032987781038747795,"[0.5523109436035156,0.3849865198135376,-0.12680429220199585,-0.24970310926437378,0.15126299858093262]","[0.21874868869781494,0.03089463710784912,0.013138294219970703,-0.03293508291244507,0.1908116340637207]","[0.7710596323013306,0.4158811569213867,-0.11366599798202515,-0.28263819217681885,0.3420746326446533]","{""acc_lim_theta"":0.7659984685966594,""acc_lim_x"":0.8,""inflation_dist"":0.5511739861552899,""max_vel_theta"":0.9994408607490102,""max_vel_x"":1.1993290328988122,""min_obstacle_dist"":0.25547962750853725,""weight_obstacle"":50.0,""weight_optimaltime"":1.0,""weight_viapoint"":1.0}","{""acc_lim_theta"":0.7498410853423678,""acc_lim_x"":0.8,""inflation_dist"":0.5510523485099821,""max_vel_theta"":0.9994408607490102,""max_vel_x"":1.1930919736914984,""min_obstacle_dist"":0.2565466261143845,""weight_obstacle"":50.0,""weight_optimaltime"":1.0,""weight_viapoint"":1.0}","{""acc_lim_theta"":0.7498410853423678,""acc_lim_x"":0.8,""inflation_dist"":0.5510523485099821,""max_vel_theta"":0.9942433114095821,""max_vel_x"":1.1930919736914984,""min_obstacle_dist"":0.2565466261143845,""weight_obstacle"":50.0,""weight_optimaltime"":1.0,""weight_viapoint"":1.0}","{""acc_lim_theta"":0.7498410853423678,""acc_lim_x"":0.8,""inflation_dist"":0.5510523485099821,""max_vel_theta"":0.9942433114095821,""max_vel_x"":1.1930919736914984,""min_obstacle_dist"":0.2565466261143845,""weight_obstacle"":50.0,""weight_optimaltime"":1.0,""weight_viapoint"":1.0}","{""acc_lim_theta"":0.7498410853423678,""acc_lim_x"":0.8,""inflation_dist"":0.5510523485099821,""max_vel_theta"":0.9942433114095821,""max_vel_x"":1.1930919736914984,""min_obstacle_dist"":0.2565466261143845,""weight_obstacle"":50.0,""weight_optimaltime"":1.0,""weight_viapoint"":1.0}",true,max_vel_theta:ackermann_turning_radius,false,NORMAL,,false,,2.8424803285662392,2.8991522111699464,-0.05,-0.0,-5.533939015096004e-05,-3.6624608928465153e-05,-0.0,-0.006579918604628134,0.0,0.0,0.0,1.0,0.0,0.0,1.005862999591045,21.999999999998465,96.00000000000364,true,
t12_t12_safety_seed102,t12_t12_safety_seed102-episode-000009,3,4,58.19,57.636,57.64,57.666,57.688,58.188,0,0.45000000000000284,true,,3.721143012627585,3.1858422210919235,0.01904652670642733,0.04315256666058988,3.1273665212967083,0.0,4.947537610700348,1.163895706472638,-0.0021579904594807176,"[0.7710596323013306,0.4158811569213867,-0.11366599798202515,-0.28263819217681885,0.3420746326446533]","[0.27195489406585693,0.025038838386535645,0.1421717405319214,-0.06292414665222168,0.028859615325927734]","[1.0,0.44091999530792236,0.02850574254989624,-0.3455623388290405,0.37093424797058105]","{""acc_lim_theta"":0.7498410853423678,""acc_lim_x"":0.8,""inflation_dist"":0.5510523485099821,""max_vel_theta"":0.9942433114095821,""max_vel_x"":1.1930919736914984,""min_obstacle_dist"":0.2565466261143845,""weight_obstacle"":50.0,""weight_optimaltime"":1.0,""weight_viapoint"":1.0}","{""acc_lim_theta"":0.7361727189943714,""acc_lim_x"":0.8,""inflation_dist"":0.55,""max_vel_theta"":0.9942433114095821,""max_vel_x"":1.1979563304618912,""min_obstacle_dist"":0.2609500211411402,""weight_obstacle"":50.0,""weight_optimaltime"":1.0,""weight_viapoint"":1.0}","{""acc_lim_theta"":0.7361727189943714,""acc_lim_x"":0.8,""inflation_dist"":0.55,""max_vel_theta"":0.9942433114095821,""max_vel_x"":1.1979563304618912,""min_obstacle_dist"":0.2609500211411402,""weight_obstacle"":50.0,""weight_optimaltime"":1.0,""weight_viapoint"":1.0}","{""acc_lim_theta"":0.7361727189943714,""acc_lim_x"":0.8,""inflation_dist"":0.55,""max_vel_theta"":0.9942433114095821,""max_vel_x"":1.1979563304618912,""min_obstacle_dist"":0.2609500211411402,""weight_obstacle"":50.0,""weight_optimaltime"":1.0,""weight_viapoint"":1.0}","{""acc_lim_theta"":0.7361727189943714,""acc_lim_x"":0.8,""inflation_dist"":0.55,""max_vel_theta"":0.9942433114095821,""max_vel_x"":1.1979563304618912,""min_obstacle_dist"":0.2609500211411402,""weight_obstacle"":50.0,""weight_optimaltime"":1.0,""weight_viapoint"":1.0}",false,,false,NORMAL,,false,,2.6249378750913253,2.6765039576783067,-0.04500000000000029,-0.0,-0.0002517538971550916,-2.448196087411226e-05,-0.0,-0.006289846728952178,0.0,0.0,0.0,0.0,0.0,0.0,0.9247310081264004,25.99999999999625,48.00000000000182,true,
t12_t12_safety_seed102,t12_t12_safety_seed102-episode-000009,4,5,58.84,58.18,58.192,58.214,58.29,58.79,0,0.5,true,,3.022936246855022,2.440233865400008,0.03315189893573637,0.04009644766891446,3.1273665212967083,0.0,5.546002476153369,1.1656907089305288,-0.030415428145676136,"[1.0,0.44091999530792236,0.02850574254989624,-0.3455623388290405,0.37093424797058105]","[0.2355048656463623,0.09724855422973633,0.0836634635925293,-0.05159008502960205,-0.1986469030380249]","[1.0,0.5381685495376587,0.11216920614242554,-0.3971524238586426,0.17228734493255615]","{""acc_lim_theta"":0.7361727189943714,""acc_lim_x"":0.8,""inflation_dist"":0.55,""max_vel_theta"":0.9942433114095821,""max_vel_x"":1.1979563304618912,""min_obstacle_dist"":0.2609500211411402,""weight_obstacle"":50.0,""weight_optimaltime"":1.0,""weight_viapoint"":1.0}","{""acc_lim_theta"":0.7319074665821552,""acc_lim_x"":0.8,""inflation_dist"":0.55,""max_vel_theta"":0.9942433114095821,""max_vel_x"":1.2,""min_obstacle_dist"":0.26544694287335746,""weight_obstacle"":51.07262829900335,""weight_optimaltime"":1.0,""weight_viapoint"":1.0}","{""acc_lim_theta"":0.7319074665821552,""acc_lim_x"":0.8,""inflation_dist"":0.55,""max_vel_theta"":0.9942433114095821,""max_vel_x"":1.2,""min_obstacle_dist"":0.26544694287335746,""weight_obstacle"":51.07262829900335,""weight_optimaltime"":1.0,""weight_viapoint"":1.0}","{""acc_lim_theta"":0.7319074665821552,""acc_lim_x"":0.8,""inflation_dist"":0.55,""max_vel_theta"":0.9942433114095821,""max_vel_x"":1.2,""min_obstacle_dist"":0.26544694287335746,""weight_obstacle"":51.07262829900335,""weight_optimaltime"":1.0,""weight_viapoint"":1.0}","{""acc_lim_theta"":0.7319074665821552,""acc_lim_x"":0.8,""inflation_dist"":0.55,""max_vel_theta"":0.9942433114095821,""max_vel_x"":1.2,""min_obstacle_dist"":0.26544694287335746,""weight_obstacle"":51.07262829900335,""weight_optimaltime"":1.0,""weight_viapoint"":1.0}",false,,false,NORMAL,,false,,2.858107149547001,2.913511907275068,-0.05,-0.0,-4.9916651635877854e-05,-3.891092798916491e-06,-0.0,-0.005350949983632449,0.0,0.0,0.0,0.0,0.0,0.0,2.1656409953720868,21.999999999998465,97.99999999999898,true,
t12_t12_safety_seed102,t12_t12_safety_seed102-episode-000009,5,6,59.44,58.836,58.842,58.86,58.89,59.39,0,0.5,true,,2.323664878873594,1.7402625478283387,0.010970973051232668,0.04062185822645539,3.1273665212967083,0.0,6.170841907602777,1.165667172058276,-0.0012589612666595764,"[1.0,0.5381685495376587,0.11216920614242554,-0.3971524238586426,0.17228734493255615]","[0.22280585765838623,0.10778307914733887,0.05790293216705322,-0.0457494854927063,-0.20745551586151123]","[1.0,0.6459516286849976,0.17007213830947876,-0.4429019093513489,-0.03516817092895508]","{""acc_lim_theta"":0.7319074665821552,""acc_lim_x"":0.8,""inflation_dist"":0.55,""max_vel_theta"":0.9942433114095821,""max_vel_x"":1.2,""min_obstacle_dist"":0.26544694287335746,""weight_obstacle"":51.07262829900335,""weight_optimaltime"":1.0,""weight_viapoint"":1.0}","{""acc_lim_theta"":0.7286052381436239,""acc_lim_x"":0.8,""inflation_dist"":0.55,""max_vel_theta"":0.9942433114095821,""max_vel_x"":1.2,""min_obstacle_dist"":0.2694940747231792,""weight_obstacle"":52.19282022595627,""weight_optimaltime"":1.0,""weight_viapoint"":1.0}","{""acc_lim_theta"":0.7286052381436239,""acc_lim_x"":0.8,""inflation_dist"":0.55,""max_vel_theta"":0.9942433114095821,""max_vel_x"":1.2,""min_obstacle_dist"":0.2694940747231792,""weight_obstacle"":52.19282022595627,""weight_optimaltime"":1.0,""weight_viapoint"":1.0}","{""acc_lim_theta"":0.7286052381436239,""acc_lim_x"":0.8,""inflation_dist"":0.55,""max_vel_theta"":0.9942433114095821,""max_vel_x"":1.2,""min_obstacle_dist"":0.2694940747231792,""weight_obstacle"":52.19282022595627,""weight_optimaltime"":1.0,""weight_viapoint"":1.0}","{""acc_lim_theta"":0.7286052381436239,""acc_lim_x"":0.8,""inflation_dist"":0.55,""max_vel_theta"":0.9942433114095821,""max_vel_x"":1.2,""min_obstacle_dist"":0.2694940747231792,""weight_obstacle"":52.19282022595627,""weight_optimaltime"":1.0,""weight_viapoint"":1.0}",false,,false,NORMAL,,false,,2.8620881132644955,2.917011655226276,-0.05,-0.0,-0.00021381432891120464,-2.4933929402017274e-05,-0.0,-0.004684793703467375,0.0,0.0,0.0,0.0,0.0,0.0,1.082491988199763,18.000000000000682,48.00000000000182,true,
t12_t12_safety_seed102,t12_t12_safety_seed102-episode-000009,6,7,59.99,59.436,59.44,59.458,59.488,59.988,0,0.44999999999999574,true,,1.6236958645320763,1.0875090054902015,0.0292297334394109,0.040668984564637946,3.1273665212967083,0.0,6.704161224899152,1.1657144905537802,-0.0019201671596159203,"[1.0,0.6459516286849976,0.17007213830947876,-0.4429019093513489,-0.03516817092895508]","[0.18422198295593262,0.04340767860412598,0.02915358543395996,-0.13225769996643066,-0.25827324390411377]","[1.0,0.6893593072891235,0.19922572374343872,-0.5751596093177795,-0.29344141483306885]","{""acc_lim_theta"":0.7286052381436239,""acc_lim_x"":0.8,""inflation_dist"":0.55,""max_vel_theta"":0.9942433114095821,""max_vel_x"":1.2,""min_obstacle_dist"":0.2694940747231792,""weight_obstacle"":52.19282022595627,""weight_optimaltime"":1.0,""weight_viapoint"":1.0}","{""acc_lim_theta"":0.7263528438761067,""acc_lim_x"":0.8,""inflation_dist"":0.55,""max_vel_theta"":0.9942433114095821,""max_vel_x"":1.2,""min_obstacle_dist"":0.2712809532045156,""weight_obstacle"":53.5874112618604,""weight_optimaltime"":1.0,""weight_viapoint"":1.0}","{""acc_lim_theta"":0.7263528438761067,""acc_lim_x"":0.8,""inflation_dist"":0.55,""max_vel_theta"":0.9942433114095821,""max_vel_x"":1.2,""min_obstacle_dist"":0.2712809532045156,""weight_obstacle"":53.5874112618604,""weight_optimaltime"":1.0,""weight_viapoint"":1.0}","{""acc_lim_theta"":0.7263528438761067,""acc_lim_x"":0.8,""inflation_dist"":0.55,""max_vel_theta"":0.9942433114095821,""max_vel_x"":1.2,""min_obstacle_dist"":0.2712809532045156,""weight_obstacle"":53.5874112618604,""weight_optimaltime"":1.0,""weight_viapoint"":1.0}","{""acc_lim_theta"":0.7263528438761067,""acc_lim_x"":0.8,""inflation_dist"":0.55,""max_vel_theta"":0.9942433114095821,""max_vel_x"":1.2,""min_obstacle_dist"":0.2712809532045156,""weight_obstacle"":53.5874112618604,""weight_optimaltime"":1.0,""weight_viapoint"":1.0}",false,,false,NORMAL,,false,,2.6316532997950604,2.680934295209374,-0.044999999999999575,-0.0,-0.00021375417758460848,-2.0920550775458381e-07,-0.0,-0.0040670320312221385,0.0,0.0,0.0,0.0,0.0,0.0,0.7831779948901385,18.000000000000682,48.00000000000182,true,
t12_t12_safety_seed102,t12_t12_safety_seed102-episode-000009,7,8,61.898,59.988,59.99,60.01,60.088,60.588,0,0.5,true,,0.9254292624171835,0.44839723931972836,0.002812157477790975,0.002043074353435908,3.1273665212967083,0.0,177.6163047811823,0.0,0.0,"[1.0,0.6893593072891235,0.19922572374343872,-0.5751596093177795,-0.29344141483306885]","[0.153853178024292,0.12020552158355713,0.039078354835510254,0.08740079402923584,-0.1479622721672058]","[1.0,0.8095648288726807,0.23830407857894897,-0.4877588152885437,-0.44140368700027466]","{""acc_lim_theta"":0.7263528438761067,""acc_lim_x"":0.8,""inflation_dist"":0.55,""max_vel_theta"":0.9942433114095821,""max_vel_x"":1.2,""min_obstacle_dist"":0.2712809532045156,""weight_obstacle"":53.5874112618604,""weight_optimaltime"":1.0,""weight_viapoint"":1.0}","{""acc_lim_theta"":0.7272921000267287,""acc_lim_x"":0.8,""inflation_dist"":0.55,""max_vel_theta"":0.9942433114095821,""max_vel_x"":1.2,""min_obstacle_dist"":0.2751085081433285,""weight_obstacle"":54.38635913310409,""weight_optimaltime"":1.0,""weight_viapoint"":1.0}","{""acc_lim_theta"":0.7272921000267287,""acc_lim_x"":0.8,""inflation_dist"":0.55,""max_vel_theta"":0.9942433114095821,""max_vel_x"":1.2,""min_obstacle_dist"":0.2751085081433285,""weight_obstacle"":54.38635913310409,""weight_optimaltime"":1.0,""weight_viapoint"":1.0}","{""acc_lim_theta"":0.7272921000267287,""acc_lim_x"":0.8,""inflation_dist"":0.55,""max_vel_theta"":0.9942433114095821,""max_vel_x"":1.2,""min_obstacle_dist"":0.2751085081433285,""weight_obstacle"":54.38635913310409,""weight_optimaltime"":1.0,""weight_viapoint"":1.0}","{""acc_lim_theta"":0.7272921000267287,""acc_lim_x"":0.8,""inflation_dist"":0.55,""max_vel_theta"":0.9942433114095821,""max_vel_x"":1.2,""min_obstacle_dist"":0.2751085081433285,""weight_obstacle"":54.38635913310409,""weight_optimaltime"":1.0,""weight_viapoint"":1.0}",false,,false,NORMAL,,false,,12.305958240104033,2.3851601154872757,-0.05,-0.0,-0.00011318958422506915,-0.025724954043350623,-0.0,-0.003363731755668033,10.0,0.0,0.0,0.0,0.0,0.0,0.9194049926009029,19.99999999999602,97.99999999999898,true,
t12_t12_safety_seed102,t12_t12_safety_seed102-episode-000010,0,1,63.448,62.856,62.86,62.882,62.898,63.398,0,0.5,true,,5.04114493692697,4.552763329458656,0.0500015212529637,4.834001168177092e-06,0.30746663063252677,0.9017857142857143,0.28340959460999166,1.1242608334741022,2.099929682903117e-05,"[0.0,0.0,0.0,0.0,0.0]","[0.444049596786499,-0.1538689136505127,-0.7990502119064331,-0.2230117917060852,0.9704509973526001]","[0.444049596786499,-0.1538689136505127,-0.7990502119064331,-0.2230117917060852,0.9704509973526001]","{""acc_lim_theta"":0.8,""acc_lim_x"":0.8,""inflation_dist"":0.55,""max_vel_theta"":1.0,""max_vel_x"":1.2,""min_obstacle_dist"":0.25,""weight_obstacle"":50.0,""weight_optimaltime"":1.0,""weight_viapoint"":1.0}","{""acc_lim_theta"":0.7436370319764892,""acc_lim_x"":0.8,""inflation_dist"":0.5573978086220083,""max_vel_theta"":1.0,""max_vel_x"":1.1570761376134624,""min_obstacle_dist"":0.25,""weight_obstacle"":50.0,""weight_optimaltime"":0.9846131086349488,""weight_viapoint"":1.0}","{""acc_lim_theta"":0.7436370319764892,""acc_lim_x"":0.8,""inflation_dist"":0.5573978086220083,""max_vel_theta"":0.9642301146778853,""max_vel_x"":1.1570761376134624,""min_obstacle_dist"":0.25,""weight_obstacle"":50.0,""weight_optimaltime"":0.9846131086349488,""weight_viapoint"":1.0}","{""acc_lim_theta"":0.7436370319764892,""acc_lim_x"":0.8,""inflation_dist"":0.5573978086220083,""max_vel_theta"":0.9642301146778853,""max_vel_x"":1.1570761376134624,""min_obstacle_dist"":0.25,""weight_obstacle"":50.0,""weight_optimaltime"":0.9846131086349488,""weight_viapoint"":1.0}","{""acc_lim_theta"":0.7436370319764892,""acc_lim_x"":0.8,""inflation_dist"":0.5573978086220083,""max_vel_theta"":0.9642301146778853,""max_vel_x"":1.1570761376134624,""min_obstacle_dist"":0.25,""weight_obstacle"":50.0,""weight_optimaltime"":0.9846131086349488,""weight_viapoint"":1.0}",true,max_vel_theta:ackermann_turning_radius,false,WARNING,margin:warning|emergency:confirmation_pending|safety_mode:WARNING:conservative_filter,false,,1.918277111902557,2.4419080373415714,-0.05,-0.22531753292444104,-0.0012811939574762434,-0.21344246454307517,-0.0,-0.03358973401402188,0.0,0.0,0.0,1.0,0.0,0.0,4.284658003598452,21.999999999998465,38.00000000000381,true,
t12_t12_safety_seed102,t12_t12_safety_seed102-episode-000010,1,2,63.448,63.448,,,,63.448,0,0.0,true,,4.5077951991570435,4.5077951991570435,0.0500015212529637,4.834001168177092e-06,0.30746663063252677,0.9017857142857143,0.28340959460999166,1.1242608334741022,2.099929682903117e-05,"[0.444049596786499,-0.1538689136505127,-0.7990502119064331,-0.2230117917060852,0.9704509973526001]","[0.44865167140960693,-0.12816143035888672,-0.7650282382965088,-0.3060610294342041,0.9624431133270264]","[0.892701268196106,-0.2820303440093994,-1.0,-0.5290728211402893,1.0]","{""acc_lim_theta"":0.7436370319764892,""acc_lim_x"":0.8,""inflation_dist"":0.5573978086220083,""max_vel_theta"":0.9642301146778853,""max_vel_x"":1.1570761376134624,""min_obstacle_dist"":0.25,""weight_obstacle"":50.0,""weight_optimaltime"":0.9846131086349488,""weight_viapoint"":1.0}","{""acc_lim_theta"":0.6852180923967547,""acc_lim_x"":0.8,""inflation_dist"":0.5644806332217875,""max_vel_theta"":0.9642301146778853,""max_vel_x"":1.116630576944524,""min_obstacle_dist"":0.25,""weight_obstacle"":50.0,""weight_optimaltime"":0.9717969655990601,""weight_viapoint"":1.0}","{""acc_lim_theta"":0.6852180923967547,""acc_lim_x"":0.8,""inflation_dist"":0.5644806332217875,""max_vel_theta"":0.9305254807871033,""max_vel_x"":1.116630576944524,""min_obstacle_dist"":0.25,""weight_obstacle"":50.0,""weight_optimaltime"":0.9717969655990601,""weight_viapoint"":1.0}","{""acc_lim_theta"":0.4,""acc_lim_x"":0.4,""inflation_dist"":0.9,""max_vel_theta"":0.5,""max_vel_x"":0.6,""min_obstacle_dist"":0.5,""weight_obstacle"":100.0,""weight_optimaltime"":0.5,""weight_viapoint"":2.0}","{""acc_lim_theta"":0.7436370319764892,""acc_lim_x"":0.8,""inflation_dist"":0.5573978086220083,""max_vel_theta"":0.9642301146778853,""max_vel_x"":1.1570761376134624,""min_obstacle_dist"":0.25,""weight_obstacle"":50.0,""weight_optimaltime"":0.9846131086349488,""weight_viapoint"":1.0}",true,max_vel_theta:ackermann_turning_radius,true,NORMAL,margin:emergency|safety_mode:EMERGENCY,false,,0.0,0.0,0.0,0.0,0.0,0.0,0.0,0.0,0.0,0.0,0.0,0.0,0.0,0.0,3.5706320049939677,0.0,0.0,false,safety_emergency_stop
