episode_id,tau,rho,eri_rule,eri_nn,eri_act,api_type,alpha,beta,band,acted_by,dt,progress,collision,reward,done
0,0.6854199171066284,0.018706467661691543,0.5511130316121213,9.999989867210388,0.5511130316121213,,,,2,teacher,0.0,0.0,0,0.0,False
0,0.6854199171066284,0.018706467661691543,0.5511130316121213,9.999989867210388,0.5511130316121213,,,,2,teacher,5.104999999999999,6.6699038708241964,4,-5.687446129175804,False
0,0.36122599244117737,0.015522388059701492,0.3368307740982641,9.999989867210388,0.3368307740982641,,,,0,teacher,4.16,3.2026407685387186,1,-10.088559231461282,True
1,0.11270897090435028,0.023283582089552238,0.23348001320034514,9.999989867210388,0.23348001320034514,,,,3,teacher,0.0,0.0,0,0.0,False
1,0.11270897090435028,0.023283582089552238,0.23348001320034514,9.999989867210388,0.23348001320034514,,,,3,teacher,5.0760000000000005,0.0004903076461033606,0,-0.3548296923538967,False
1,0.8787525296211243,0.021293532338308458,0.6821399946821841,9.999989867210388,0.6821399946821841,,,,4,teacher,4.866999999999997,0.00048485891825222893,0,-0.3402051410817476,False
1,0.878726601600647,0.02208955223880597,0.6865712207449935,9.999989867210388,0.6865712207449935,,,,7,teacher,5.494,0.3100069786949611,0,-0.07457302130503896,False
1,0.8663377165794373,0.021691542288557214,0.6769246749406806,9.999989867210388,0.6769246749406806,,,,5,teacher,5.041000000000004,0.4019813872759421,0,0.04911138727594183,False
1,0.8510774970054626,0.022885572139303482,0.6743478678791646,9.999989867210388,0.6743478678791646,,,,0,teacher,4.857999999999997,0.0,0,-0.3400599999999998,False
1,0.8502529263496399,0.022885572139303482,0.6738531254856709,9.999989867210388,0.6738531254856709,,,,3,teacher,5.099000000000004,0.0,0,-0.3569300000000003,False
1,0.8502777814865112,0.02308457711442786,0.674947132984893,9.999989867210388,0.674947132984893,,,,2,teacher,4.918999999999997,0.0,0,-0.3443299999999998,False
1,0.8503339886665344,0.02308457711442786,0.6749808572929068,9.999989867210388,0.6749808572929068,,,,1,teacher,4.963000000000001,0.0,0,-0.3474100000000001,False
1,0.8503589034080505,0.02308457711442786,0.6749958061378165,9.999989867210388,0.6749958061378165,,,,0,teacher,4.838999999999999,0.0,0,-0.3387299999999999,False
1,0.8503837585449219,0.02308457711442786,0.6750107192199393,9.999989867210388,0.6750107192199393,,,,8,teacher,4.888000000000005,0.0,0,-0.3421600000000004,False
1,0.8504086136817932,0.02308457711442786,0.6750256323020621,9.999989867210388,0.6750256323020621,,,,2,teacher,4.99499999999999,0.3435535684981801,0,-0.006096431501819266,False
1,0.8366919159889221,0.022686567164179106,0.6646324743927488,9.999989867210388,9.999989867210388,,,,8,student,4.89800000000001,0.34416497037404525,0,0.0013049703740444785,False
1,0.8229283094406128,0.01990049751243781,0.6406649742066726,9.999989867210388,0.6406649742066726,,,,0,teacher,4.644999999999996,0.0001324042334651665,1,-3.3250175957665347,False
1,0.8229283094406128,0.019502487562189055,0.6383374750354825,9.999989867210388,0.6383374750354825,,,,3,teacher,5.102999999999994,0.00015899053038381794,0,-0.3570510094696158,False
1,0.8229283094406128,0.020298507462686566,0.6429712641429938,9.999989867210388,0.6429712641429938,,,,8,teacher,5.204000000000008,0.00017544623094778444,0,-0.3641045537690528,False
1,0.8229043483734131,0.01990049751243781,0.6406505975663528,9.999989867210388,9.999989867210388,,,,7,student,4.801000000000002,0.00017391001138378215,0,-0.33589608998861636,False
1,0.8229043483734131,0.019502487562189055,0.6383230983951627,9.999989867210388,9.999989867210388,,,,8,student,4.8289999999999935,0.00018517757463243356,0,-0.3378448224253671,False
1,0.8229043483734131,0.018308457711442787,0.6312113860317011,9.999989867210388,0.6312113860317011,,,,3,teacher,5.0390000000000015,0.00020377215074773858,0,-0.3525262278492524,False
1,0.8228803277015686,0.018109452736318407,0.6299925839678986,9.999989867210388,9.999989867210388,,,,6,student,4.930999999999997,0.18355871554385317,0,-0.1616112844561467,False
1,0.8155353665351868,0.017313432835820895,0.6207125419206849,9.999989867210388,0.6207125419206849,,,,1,teacher,5.018000000000001,0.0,0,-0.35126000000000007,False
1,0.81552654504776,0.017313432835820895,0.6207072490282288,9.999989867210388,0.6207072490282288,,,,2,teacher,4.910000000000011,0.2218617784362351,0,-0.12183822156376567,False
1,0.8067013025283813,0.01711442786069652,0.6141798328903942,9.999989867210388,0.6141798328903942,,,,0,teacher,5.018000000000001,0.0,0,-0.35126000000000007,False
1,0.8067013025283813,0.01691542288557214,0.6129419090927879,9.999989867210388,0.6129419090927879,,,,0,teacher,5.072000000000003,0.0,0,-0.35504000000000024,False
1,0.8067243695259094,0.018109452736318407,0.620299009062503,9.999989867210388,0.620299009062503,,,,1,teacher,5.056999999999988,0.0,0,-0.3539899999999992,False
1,0.8067243695259094,0.01890547263681592,0.625083667862292,9.999989867210388,0.625083667862292,,,,2,teacher,0.3480000000000132,0.029132251713875235,0,-9.995227748286126,True
2,0.8652955889701843,0.019303482587064675,0.6625860788226863,9.999989867210388,9.999989867210388,,,,2,student,0.0,0.0,0,0.0,False
2,0.8652955889701843,0.019303482587064675,0.6625860788226863,9.999989867210388,9.999989867210388,,,,2,student,5.061999999999983,4.985865437407952,2,-1.3684745625920467,False
2,0.6179323792457581,0.015522388059701492,0.4908546061810125,9.999989867210388,0.4908546061810125,,,,1,teacher,4.7450000000000045,0.5216969163077874,0,0.18954691630778703,False
2,0.4377717971801758,0.01253731343283582,0.3628658507107879,9.999989867210388,0.3628658507107879,,,,2,teacher,4.532000000000011,1.8684554006474183,0,1.5512154006474175,False
2,0.39079082012176514,0.005970149253731343,0.285795706135067,9.999989867210388,0.285795706135067,,,,0,teacher,4.677999999999997,3.012343659831674,1,-0.3151163401683257,False
2,0.32256755232810974,0.009154228855721393,0.26948422579931924,9.999989867210388,9.999989867210388,,,,2,student,4.016999999999996,5.574364537769378,0,-4.706825462230622,True
3,0.20181259512901306,0.02507462686567164,0.29639161289238913,9.999989867210388,0.29639161289238913,,,,2,teacher,0.0,0.0,0,0.0,False
3,0.20181259512901306,0.02507462686567164,0.29639161289238913,9.999989867210388,0.29639161289238913,,,,2,teacher,4.72999999999999,0.13899654501279812,0,-0.19210345498720122,False
3,0.8739991784095764,0.02208955223880597,0.6837347668303512,9.999989867210388,0.6837347668303512,,,,8,teacher,5.0190000000000055,0.24132819002988626,0,-0.11000180997011416,False
3,0.8643611669540405,0.022686567164179106,0.6812340249718198,9.999989867210388,0.6812340249718198,,,,4,teacher,4.9620000000000175,0.0009347739216210016,0,-0.34640522607838026,False
3,0.8642795085906982,0.022487562189054726,0.6800960119071763,9.999989867210388,0.6800960119071763,,,,1,teacher,5.1299999999999955,0.0009765226286440054,0,-0.3581234773713557,False
3,0.8642541766166687,0.021492537313432834,0.6745603227409783,9.999989867210388,9.999989867210388,,,,9,student,4.955999999999989,0.0009592378860325823,0,-0.34596076211396665,False
3,0.8642288446426392,0.021293532338308458,0.6734257836950931,9.999989867210388,9.999989867210388,,,,6,student,4.893000000000001,0.0009603512978451079,0,-0.341549648702155,False
3,0.8641782402992249,0.021691542288557214,0.6756289891725532,9.999989867210388,9.999989867210388,,,,7,student,4.932999999999993,0.20873237284769885,0,-0.13657762715230065,False
3,0.8558387160301208,0.021691542288557214,0.6706252746110908,9.999989867210388,0.6706252746110908,,,,0,teacher,5.078000000000003,0.0006383149377420239,0,-0.3548216850622582,False
3,0.8557825088500977,0.021890547263681594,0.6717006902287876,9.999989867210388,0.6717006902287876,,,,3,teacher,4.832999999999998,0.0006289242598143119,0,-0.33768107574018563,False
3,0.855757474899292,0.020696517412935322,0.664954037387883,9.999989867210388,0.664954037387883,,,,5,teacher,4.697000000000003,0.0006285626976243464,0,-0.3281614373023759,False
3,0.8557325005531311,0.020497512437810946,0.6637990307808949,9.999989867210388,0.6637990307808949,,,,1,teacher,5.004000000000019,0.0006866224906723062,0,-0.34959337750932906,False
3,0.8557074666023254,0.020298507462686566,0.6626387584400214,9.999989867210388,9.999989867210388,,,,1,student,4.876999999999981,0.0006857031777300904,0,-0.3407042968222686,False
3,0.8556824326515198,0.020298507462686566,0.662623738069538,9.999989867210388,0.662623738069538,,,,0,teacher,4.896999999999991,0.0007048975110031108,0,-0.3420851024889963,False
3,0.8556574583053589,0.020298507462686566,0.6626087534618414,9.999989867210388,9.999989867210388,,,,5,student,4.907000000000011,0.35681548891849957,0,0.013325488918498773,False
3,0.8413486480712891,0.02308457711442786,0.6695896529357596,9.999989867210388,0.6695896529357596,,,,1,teacher,4.806000000000012,0.0,0,-0.33642000000000083,False
3,0.8414047360420227,0.02308457711442786,0.6696233057181998,9.999989867210388,9.999989867210388,,,,1,student,4.998999999999995,0.0,0,-0.3499299999999997,False
3,0.8414047360420227,0.023681592039800994,0.6728311117678425,9.999989867210388,0.6728311117678425,,,,0,teacher,4.998000000000019,0.0,0,-0.34986000000000134,False
3,0.8414292931556702,0.02447761194029851,0.6770549740857962,9.999989867210388,0.6770549740857962,,,,1,teacher,5.022999999999968,0.0,0,-0.35160999999999776,False
3,0.8414292931556702,0.025671641791044777,0.6832259222925537,9.999989867210388,0.6832259222925537,,,,4,teacher,4.9360000000000355,0.0,0,-0.3455200000000025,False
3,0.8414537906646729,0.024875621890547265,0.6791455138830671,9.999989867210388,9.999989867210388,,,,9,student,4.526999999999987,0.2926568904036486,0,-0.0242331095963505,False
3,0.8307973742485046,0.022487562189054726,0.66000673130186,9.999989867210388,0.66000673130186,,,,1,teacher,5.051999999999964,0.001134833631422083,0,-0.35250516636857543,False
3,0.8297440409660339,0.02109452736318408,0.6516104265380515,9.999989867210388,9.999989867210388,,,,3,student,4.8940000000000055,0.0010621975589053534,0,-0.3415178024410951,False
3,0.8296957612037659,0.019502487562189055,0.6423979460933744,9.999989867210388,0.6423979460933744,,,,2,teacher,4.912000000000035,0.0010288020617181814,0,-0.3428111979382843,False
3,0.8296716213226318,0.019701492537313434,0.6435498750531486,9.999989867210388,0.6435498750531486,,,,4,teacher,5.115000000000009,0.0010370736363434219,0,-0.3570129263636572,False
3,0.8296233415603638,0.019701492537313434,0.6435209071957878,9.999989867210388,0.6435209071957878,,,,2,teacher,1.4089999999999918,0.0002825057256607977,0,-10.09834749427434,True
4,0.8295992016792297,0.02109452736318408,0.6515235229659689,9.999989867210388,0.6515235229659689,,,,0,teacher,0.0,0.0,0,0.0,False
4,0.8295992016792297,0.02109452736318408,0.6515235229659689,9.999989867210388,0.6515235229659689,,,,0,teacher,4.893000000000029,8.590149563486614,0,8.247639563486612,False
4,0.6274930834770203,0.017512437810945275,0.5091138153566792,9.999989867210388,0.5091138153566792,,,,1,teacher,4.7169999999999845,4.5085650174953145,1,1.1783750174953154,False
4,0.3264661729335785,0.020895522388059702,0.34851407212012386,9.999989867210388,9.999989867210388,,,,9,student,3.3829999999999814,3.927565836883968,0,-6.3092441631160305,True
5,0.1399308741092682,0.028258706467661692,0.2751298245516541,9.999989867210388,9.999989867210388,,,,2,student,0.0,0.0,0,0.0,False
5,0.1399308741092682,0.028258706467661692,0.2751298245516541,9.999989867210388,9.999989867210388,,,,2,student,4.995999999999981,0.2242798004976585,0,-0.1254401995023402,False
5,0.8700337409973145,0.02109452736318408,0.6757842465568198,9.999989867210388,0.6757842465568198,,,,1,teacher,5.069999999999993,0.0,0,-0.35489999999999955,False
5,0.8700593113899231,0.020895522388059702,0.6746699551939306,9.999989867210388,0.6746699551939306,,,,2,teacher,4.90300000000002,0.0,0,-0.34321000000000146,False
5,0.8700593113899231,0.02208955223880597,0.6813708466185592,9.999989867210388,0.6813708466185592,,,,1,teacher,5.132999999999981,0.0,0,-0.35930999999999874,False
5,0.870084822177887,0.021691542288557214,0.6791729382997505,9.999989867210388,0.6791729382997505,,,,3,teacher,4.930000000000007,0.21654909932469835,0,-0.12855090067530217,False
5,0.8614867925643921,0.020895522388059702,0.6695264438986119,9.999989867210388,0.6695264438986119,,,,5,teacher,4.787000000000035,0.29313111575569195,0,-0.04195888424431049,False
5,0.850048303604126,0.023880597014925373,0.6790767699250246,9.999989867210388,0.6790767699250246,,,,4,teacher,4.912999999999954,0.0001126308456846914,0,-0.34379736915431214,False
5,0.8497234582901001,0.02407960199004975,0.6799365419046656,9.999989867210388,0.6799365419046656,,,,1,teacher,4.924000000000035,0.000117913884956522,0,-0.34456208611504596,False
5,0.8497234582901001,0.023880597014925373,0.6788818627366091,9.999989867210388,0.6788818627366091,,,,3,teacher,4.781000000000006,0.00011331298198058448,0,-0.3345566870180199,False
5,0.8496987819671631,0.02427860696517413,0.6809715989226386,9.999989867210388,0.6809715989226386,,,,2,teacher,4.769999999999982,0.00011094434825054122,0,-0.3337890556517482,False
5,0.8496987819671631,0.024676616915422885,0.6830569633552614,9.999989867210388,0.6830569633552614,,,,0,teacher,4.812000000000012,0.00011077837841710902,0,-0.33672922162158375,False
5,0.8496987819671631,0.02447761194029851,0.682016667372692,9.999989867210388,0.682016667372692,,,,7,teacher,4.779999999999973,0.3514209282307874,0,0.01682092823078929,False
5,0.8362457752227783,0.018308457711442787,0.6392162421413203,9.999989867210388,0.6392162421413203,,,,2,teacher,4.764999999999986,0.00012534093109906053,0,-0.3334246590689,False
5,0.835620105266571,0.018308457711442787,0.638840840167596,9.999989867210388,0.638840840167596,,,,4,teacher,5.080000000000041,0.00012893326921314952,0,-0.35547106673078976,False
5,0.835620105266571,0.020497512437810946,0.6517315936089588,9.999989867210388,0.6517315936089588,,,,8,teacher,4.911999999999978,0.2556405426308217,0,-0.08819945736917678,False
5,0.8256570100784302,0.017512437810945275,0.6280121713175251,9.999989867210388,0.6280121713175251,,,,0,teacher,4.983000000000004,2.9623631867536915e-06,0,-0.3488070376368136,False
5,0.8254026174545288,0.018706467661691543,0.6351026518208616,9.999989867210388,9.999989867210388,,,,2,student,4.987000000000023,0.25501546133614994,0,-0.09407453866385174,False
5,0.81517493724823,0.020696517412935322,0.6406045147972458,9.999989867210388,0.6406045147972458,,,,1,teacher,4.690999999999974,0.0,0,-0.3283699999999982,False
5,0.8151981830596924,0.018706467661691543,0.6289799911839596,9.999989867210388,0.6289799911839596,,,,3,teacher,5.0120000000000005,0.3552986016344519,0,0.004458601634451886,False
5,0.8010701537132263,0.020696517412935322,0.6321416446762436,9.999989867210388,0.6321416446762436,,,,1,teacher,4.793000000000006,0.391896836297402,0,0.056386836297401544,False
5,0.7856108546257019,0.021691542288557214,0.6284885577684395,9.999989867210388,0.6284885577684395,,,,0,teacher,4.826000000000022,0.4051530991281922,0,0.06733309912819063,False
5,0.7693758010864258,0.021691542288557214,0.6187475256448738,9.999989867210388,0.6187475256448738,,,,1,teacher,4.727999999999952,0.000562099800760052,0,-0.3303979001992366,False
5,0.7691449522972107,0.02009950248756219,0.6095507439224201,9.999989867210388,0.6095507439224201,,,,1,teacher,4.947000000000003,0.0005887640231101443,0,-0.34570123597689006,False
5,0.7690896987915039,0.02228855721393035,0.6218881119959323,9.999989867210388,0.6218881119959323,,,,3,teacher,5.0400000000000205,0.4046337815644776,1,-2.948166218435524,False
5,0.7530921101570129,0.02507462686567164,0.627159321909189,9.999989867210388,0.627159321909189,,,,2,teacher,1.2889999999999873,0.006460214751935922,0,-10.083769785248062,True
6,0.7526377439498901,0.02208955223880597,0.6109179061545394,9.999989867210388,0.6109179061545394,,,,0,teacher,0.0,0.0,0,0.0,False
6,0.7526377439498901,0.02208955223880597,0.6109179061545394,9.999989867210388,0.6109179061545394,,,,0,teacher,4.824000000000012,0.0,0,-0.33768000000000087,False
6,0.8197967410087585,0.02447761194029851,0.6640754427976492,9.999989867210388,0.6640754427976492,,,,1,teacher,4.958000000000027,0.24613891325892823,0,-0.1009210867410737,False
6,0.832192063331604,0.020696517412935322,0.6508147904472702,9.999989867210388,0.6508147904472702,,,,4,teacher,4.884999999999991,0.7229296634961742,0,0.38097966349617474,False
6,0.8151581883430481,0.0191044776119403,0.6313264989253111,9.999989867210388,0.6313264989253111,,,,2,teacher,4.841000000000008,7.2723162300138,1,3.933446230013799,False
6,0.753227949142456,0.013134328358208954,0.556228026106137,9.999989867210388,0.556228026106137,,,,1,teacher,4.909999999999968,6.06491124593683,0,5.721211245936833,False
6,0.4682169556617737,0.01154228855721393,0.37419280305608654,9.999989867210388,0.37419280305608654,,,,1,teacher,4.745999999999981,0.0,2,-6.332219999999999,False
6,0.25166231393814087,0.013930348258706468,0.2606533563584277,9.999989867210388,0.2606533563584277,,,,1,teacher,4.741000000000042,6.399284975289018,1,-6.932585024710985,True
7,0.27259159088134766,0.03303482587064677,0.37645115286398,9.999989867210388,0.37645115286398,,,,2,teacher,0.0,0.0,0,0.0,False
7,0.27259159088134766,0.03303482587064677,0.37645115286398,9.999989867210388,0.37645115286398,,,,2,teacher,4.918000000000006,5.659127235884316,0,5.314867235884316,False
7,0.8504372239112854,0.022686567164179106,0.6728796591461668,9.999989867210388,0.6728796591461668,,,,3,teacher,4.744000000000028,5.147469853531366,1,1.8153898535313635,False
7,0.6410700082778931,0.011343283582089553,0.47649744460405863,9.999989867210388,0.47649744460405863,,,,2,teacher,4.849999999999966,6.043629315117933,0,5.704129315117935,False
7,0.4180462062358856,0.018109452736318407,0.38709211108848873,9.999989867210388,0.38709211108848873,,,,4,teacher,4.834000000000003,3.487775667525147,0,3.1493956675251464,False
7,0.18786202371120453,0.031840796019900496,0.3204038323839654,9.999989867210388,0.3204038323839654,,,,1,teacher,0.5440000000000396,0.675829770458373,0,-9.36225022954163,True
8,0.8770982027053833,0.020497512437810946,0.6766184520722461,9.999989867210388,0.6766184520722461,,,,7,teacher,0.0,0.0,0,0.0,False
8,0.8770982027053833,0.020497512437810946,0.6766184520722461,9.999989867210388,0.6766184520722461,,,,7,teacher,4.837999999999965,6.256347874985705,0,5.917687874985708,False
8,0.6620194911956787,0.01572139303482587,0.5185851022159955,9.999989867210388,9.999989867210388,,,,3,student,4.7520000000000095,4.913980698520734,1,1.5813406985207337,False
8,0.40257376432418823,0.014527363184079602,0.35515979286808363,9.999989867210388,0.35515979286808363,,,,1,teacher,3.13900000000001,4.994638801246424,0,-5.225091198753577,True
9,0.17663612961769104,0.022487562189054726,0.26750998452337194,9.999989867210388,9.999989867210388,,,,8,student,0.0,0.0,0,0.0,False
9,0.17663612961769104,0.022487562189054726,0.26750998452337194,9.999989867210388,9.999989867210388,,,,8,student,4.7900000000000205,8.295671016708686,0,7.9603710167086845,False
9,0.7348038554191589,0.016119402985074627,0.5647946934445076,9.999989867210388,0.5647946934445076,,,,0,teacher,4.7719999999999345,5.3734053380844875,0,5.039365338084492,False
9,0.43714362382888794,0.010348258706467661,0.3470082349780498,9.999989867210388,0.3470082349780498,,,,4,teacher,4.735000000000014,6.279642219289173,0,-4.051807780710828,True
10,0.22638723254203796,0.02447761194029851,0.3080297377176169,9.999989867210388,0.3080297377176169,,,,2,teacher,0.0,0.0,0,0.0,False
10,0.22638723254203796,0.02447761194029851,0.3080297377176169,9.999989867210388,0.3080297377176169,,,,2,teacher,5.09800000000007,0.0,0,-0.35686000000000495,False
10,0.8802548050880432,0.023681592039800994,0.6961411531954549,9.999989867210388,0.6961411531954549,,,,1,teacher,5.011999999999944,0.0,0,-0.3508399999999961,False
10,0.8823733925819397,0.025472636815920397,0.706775623373678,9.999989867210388,9.999989867210388,,,,2,student,4.932000000000016,0.035620200332690644,0,-0.3096197996673105,False
10,0.8809910416603088,0.027860696517412936,0.7178454826977574,9.999989867210388,0.7178454826977574,,,,5,teacher,4.927999999999997,0.000927402247835829,0,-0.344032597752164,False
10,0.8809651732444763,0.02666666666666667,0.7119620180552511,9.999989867210388,0.7119620180552511,,,,0,teacher,4.76400000000001,0.0009094573541617024,0,-0.332570542645839,False
10,0.8809087872505188,0.02646766169154229,0.7109344327422227,9.999989867210388,0.7109344327422227,,,,4,teacher,4.855000000000018,0.021384675598152825,0,-0.3184653244018485,False
10,0.8800836205482483,0.02746268656716418,0.7153629267643633,9.999989867210388,0.7153629267643633,,,,2,teacher,4.863999999999919,0.0011325130638333292,0,-10.33934748693616,True
11,0.8284810781478882,0.02308457711442786,0.6618691109817191,9.999989867210388,0.6618691109817191,,,,2,teacher,0.0,0.0,0,0.0,False
11,0.8284810781478882,0.02308457711442786,0.6618691109817191,9.999989867210388,0.6618691109817191,,,,2,teacher,4.846000000000004,7.769666143589895,1,4.4304461435898945,False
11,0.733253538608551,0.01771144278606965,0.573791130049371,9.999989867210388,0.573791130049371,,,,5,teacher,4.653999999999996,4.877438015331757,0,4.551658015331757,False
11,0.4708830714225769,0.00835820895522388,0.35248592133459355,9.999989867210388,0.35248592133459355,,,,4,teacher,4.763000000000034,6.6158246242145085,0,-3.717585375785494,True
12,0.2682909369468689,0.032437810945273635,0.3712838537667841,9.999989867210388,9.999989867210388,,,,9,student,0.0,0.0,0,0.0,False
12,0.2682909369468689,0.032437810945273635,0.3712838537667841,9.999989867210388,9.999989867210388,,,,9,student,4.926000000000045,5.794730104362202,0,5.449910104362199,False
12,0.8604711890220642,0.022885572139303482,0.6799840830891255,9.999989867210388,0.6799840830891255,,,,4,teacher,4.741999999999962,0.0,3,-9.331939999999998,False
12,0.6377807855606079,0.01671641791044776,0.5103459960085989,9.999989867210388,0.5103459960085989,,,,0,teacher,4.614000000000033,7.170766784354642,1,3.84778678435464,False
12,0.633168637752533,0.0191044776119403,0.5221327685710021,9.999989867210388,0.5221327685710021,,,,5,teacher,4.451999999999998,6.0728740563867385,0,5.761234056386739,False
12,0.33667340874671936,0.015920398009950248,0.3246498443808976,9.999989867210388,0.3246498443808976,,,,0,teacher,2.1240000000000236,2.5349994650337155,0,-7.613680534966286,True
13,0.1000901535153389,0.021293532338308458,0.21494256901871292,9.999989867210388,9.999989867210388,,,,5,student,0.0,0.0,0,0.0,False
13,0.1000901535153389,0.021293532338308458,0.21494256901871292,9.999989867210388,9.999989867210388,,,,5,student,5.025000000000091,7.647427785596708,2,1.2956777855967019,False
13,0.7031059265136719,0.014129353233830846,0.532845425046441,9.999989867210388,0.532845425046441,,,,0,teacher,4.67999999999995,5.5400332613530345,0,5.212433261353038,False
13,0.39883720874786377,0.015920398009950248,0.36194812438158425,9.999989867210388,0.36194812438158425,,,,3,teacher,4.772000000000048,2.3989584760625347,2,-3.935081523937469,False
13,0.1901891678571701,0.02208955223880597,0.27344876049890743,9.999989867210388,0.27344876049890743,,,,0,teacher,1.2819999999999254,2.484173741145559,0,-7.605566258854436,True
14,0.03274346515536308,0.021890547263681594,0.17787726401194698,9.999989867210388,0.17787726401194698,,,,1,teacher,0.0,0.0,0,0.0,False
14,0.03274346515536308,0.021890547263681594,0.17787726401194698,9.999989867210388,0.17787726401194698,,,,1,teacher,4.874000000000024,0.0008750476457670686,0,-0.34030495235423464,False
14,0.8782350420951843,0.02228855721393035,0.6873753179781406,9.999989867210388,0.6873753179781406,,,,3,teacher,5.277000000000044,0.22167335700744673,0,-0.14771664299255638,False
14,0.8693246245384216,0.02407960199004975,0.6916972416536584,9.999989867210388,9.999989867210388,,,,8,student,4.9109999999999445,0.40955646941512214,0,0.065786469415126,False
14,0.854377031326294,0.023681592039800994,0.6806144889384051,9.999989867210388,9.999989867210388,,,,5,student,4.844000000000051,0.0014042435918000251,0,-0.3376757564082036,False
14,0.8529212474822998,0.021492537313432834,0.667760565260357,9.999989867210388,0.667760565260357,,,,8,teacher,5.079999999999927,0.31996243542240776,0,-0.035637564577587155,False
14,0.8401128053665161,0.022487562189054726,0.665595989972667,9.999989867210388,0.665595989972667,,,,1,teacher,5.1720000000000255,0.0,0,-0.3620400000000018,False
14,0.8401128053665161,0.022487562189054726,0.665595989972667,9.999989867210388,9.999989867210388,,,,4,student,4.9080000000000155,0.3938913120240599,0,0.05033131202405877,False
14,0.8247324228286743,0.023880597014925373,0.6638872414597536,9.999989867210388,0.6638872414597536,,,,0,teacher,5.155999999999949,4.764457234074371e-06,0,-0.3609152355427624,False
14,0.8243715763092041,0.02208955223880597,0.6539582055701278,9.999989867210388,0.6539582055701278,,,,0,teacher,4.833000000000084,6.165828214221847e-06,0,-0.33830383417179166,False
14,0.8243715763092041,0.023880597014925373,0.6636707335480715,9.999989867210388,0.6636707335480715,,,,2,teacher,4.895999999999958,7.851869174402282e-06,0,-0.3427121481308227,False
14,0.8243715763092041,0.02228855721393035,0.6550572385065524,9.999989867210388,9.999989867210388,,,,9,student,4.895999999999958,9.1847124643607e-06,0,-0.3427108152875327,False
14,0.8243715763092041,0.02208955223880597,0.6539582055701278,9.999989867210388,0.6539582055701278,,,,1,teacher,4.901000000000067,1.029519896178499e-05,0,-0.343059704801043,False
14,0.8243715763092041,0.02208955223880597,0.6539582055701278,9.999989867210388,0.6539582055701278,,,,1,teacher,4.869000000000028,1.1209293589331537e-05,0,-0.3408187907064127,False
14,0.8243715763092041,0.02228855721393035,0.6550572385065524,9.999989867210388,0.6550572385065524,,,,4,teacher,4.97199999999998,0.36379388537154966,0,0.015753885371551035,False
14,0.8097901940345764,0.020497512437810946,0.636233646869762,9.999989867210388,0.636233646869762,,,,1,teacher,5.010999999999967,0.0,0,-0.35076999999999775,False
14,0.8098138570785522,0.021293532338308458,0.6407767911566409,9.999989867210388,0.6407767911566409,,,,1,teacher,5.086999999999989,0.0,0,-0.3560899999999993,False
14,0.8098138570785522,0.021492537313432834,0.6418961310181084,9.999989867210388,0.6418961310181084,,,,1,teacher,5.268000000000029,0.0,0,-0.3687600000000021,False
14,0.8098138570785522,0.021492537313432834,0.6418961310181084,9.999989867210388,0.6418961310181084,,,,2,teacher,4.846000000000004,0.0,1,-3.33922,False
14,0.8098375797271729,0.021293532338308458,0.6407910247458133,9.999989867210388,0.6407910247458133,,,,1,teacher,5.025999999999954,0.0,3,-9.351819999999996,False
14,0.8098375797271729,0.021492537313432834,0.6419103646072808,9.999989867210388,9.999989867210388,,,,6,student,5.162000000000035,0.0,0,-10.361340000000002,True
15,0.809917151927948,0.020895522388059702,0.6385846595167455,9.999989867210388,0.6385846595167455,,,,9,teacher,0.0,0.0,0,0.0,False
15,0.809917151927948,0.020895522388059702,0.6385846595167455,9.999989867210388,0.6385846595167455,,,,9,teacher,5.118000000000052,7.5113039483430555,1,4.1530439483430515,False
15,0.7266366481781006,0.015522388059701492,0.556077167540418,9.999989867210388,0.556077167540418,,,,7,teacher,4.780999999999949,3.1722215104328235,1,-0.16244848956717295,False
15,0.4156041443347931,0.02009950248756219,0.39742625914496965,9.999989867210388,0.39742625914496965,,,,0,teacher,4.6580000000000155,5.3979196351112115,0,5.071859635111211,False
15,0.3159358501434326,0.01990049751243781,0.3364694986283645,9.999989867210388,9.999989867210388,,,,9,student,1.8530000000000655,2.2653100768129195,0,-7.864399923187085,True
16,0.05352454259991646,0.02109452736318408,0.18587872751838097,9.999989867210388,0.18587872751838097,,,,0,teacher,0.0,0.0,0,0.0,False
16,0.05352454259991646,0.02109452736318408,0.18587872751838097,9.999989867210388,0.18587872751838097,,,,0,teacher,5.067000000000007,3.901692929986211e-05,0,-0.3546509830707007,False
16,0.8796849250793457,0.020895522388059702,0.6804453234075842,9.999989867210388,0.6804453234075842,,,,0,teacher,4.932999999999993,3.4507110303394484e-05,0,-0.3452754928896961,False
16,0.8796849250793457,0.020895522388059702,0.6804453234075842,9.999989867210388,0.6804453234075842,,,,2,teacher,5.0890000000000555,3.2053483607796807e-05,0,-0.35619794651639614,False
16,0.8796849250793457,0.020895522388059702,0.6804453234075842,9.999989867210388,0.6804453234075842,,,,7,teacher,4.856999999999971,2.7142872223606673e-05,0,-0.3399628571277744,False
16,0.8796849250793457,0.021293532338308458,0.682699431957117,9.999989867210388,0.682699431957117,,,,5,teacher,4.727999999999952,0.2549321877217672,0,-0.07602781227822947,False
16,0.8695001006126404,0.020895522388059702,0.674334428727561,9.999989867210388,0.674334428727561,,,,4,teacher,5.154999999999973,0.0006057792283122865,0,-0.36024422077168583,False
16,0.8694745898246765,0.021890547263681594,0.679915938813535,9.999989867210388,9.999989867210388,,,,8,student,5.066000000000031,0.0006045552695610468,0,-0.35401544473044116,False
16,0.8694491386413574,0.02228855721393035,0.6821037759058444,9.999989867210388,0.6821037759058444,,,,2,teacher,5.050000000000068,0.0006149726899060681,0,-0.35288502731009874,False
16,0.8694545030593872,0.023283582089552238,0.6875273324933673,9.999989867210388,0.6875273324933673,,,,0,teacher,5.1099999999999,0.0006302513866813797,0,-0.35706974861331164,False
16,0.8694289922714233,0.023283582089552238,0.6875120260205889,9.999989867210388,9.999989867210388,,,,8,student,4.975000000000023,0.1923896553345834,0,-0.1558603446654182,False
16,0.8617544770240784,0.023283582089552238,0.682907316872182,9.999989867210388,0.682907316872182,,,,2,teacher,4.955000000000041,0.000475010025450473,0,-0.3463749899745524,False
16,0.8617163300514221,0.021492537313432834,0.6730376148018303,9.999989867210388,0.6730376148018303,,,,0,teacher,5.04099999999994,0.00046881401818055224,0,-0.3524011859818153,False
16,0.8616912364959717,0.021293532338308458,0.6719032188070926,9.999989867210388,0.6719032188070926,,,,0,teacher,4.908999999999992,0.00044392442524454623,0,-0.3431860755747549,False
16,0.8616661429405212,0.021492537313432834,0.6730075025352898,9.999989867210388,9.999989867210388,,,,8,student,5.086000000000013,0.34080331610290315,0,-0.015216683897097794,False
16,0.8480555415153503,0.021293532338308458,0.6637218018187198,9.999989867210388,0.6637218018187198,,,,1,teacher,5.004000000000019,0.0010607933321473695,0,-0.349219206667854,False
16,0.8479993939399719,0.022885572139303482,0.6725010060398702,9.999989867210388,0.6725010060398702,,,,1,teacher,4.874000000000024,0.0010300214466525404,0,-0.34014997855334916,False
16,0.8479502201080322,0.022487562189054726,0.6702984388175767,9.999989867210388,0.6702984388175767,,,,3,teacher,4.9389999999999645,0.001049005029219785,0,-0.34468099497077775,False
16,0.8479256629943848,0.021890547263681594,0.6669865827153599,9.999989867210388,0.6669865827153599,,,,1,teacher,5.239000000000033,0.0011145079621428522,0,-0.3656154920378595,False
16,0.8478765487670898,0.020696517412935322,0.6602254817085617,9.999989867210388,0.6602254817085617,,,,3,teacher,4.793000000000006,0.0010208973849437086,0,-0.33448910261505677,False
16,0.8478519916534424,0.020696517412935322,0.6602107474403732,9.999989867210388,0.6602107474403732,,,,0,teacher,5.001999999999953,0.0010623755043077665,0,-0.34907762449568897,False
16,0.8477712869644165,0.020696517412935322,0.6601623246269577,9.999989867210388,0.6601623246269577,,,,9,teacher,4.949000000000069,0.0010475017111062357,0,-10.345382498288899,True
17,0.8183468580245972,0.022885572139303482,0.6547094844906453,9.999989867210388,0.6547094844906453,,,,0,teacher,0.0,0.0,0,0.0,False
17,0.8183468580245972,0.022885572139303482,0.6547094844906453,9.999989867210388,0.6547094844906453,,,,0,teacher,4.788000000000011,0.0,0,-0.3351600000000008,False
17,0.8181704878807068,0.026865671641791045,0.675274422422864,9.999989867210388,9.999989867210388,,,,4,student,4.80600000000004,0.13581906259572918,0,-0.20060093740427365,False
17,0.8358484506607056,0.02965174129353234,0.6992651496735313,9.999989867210388,9.999989867210388,,,,4,student,4.636999999999944,0.7760756702585816,0,0.4514856702585855,False
17,0.8228757381439209,0.022686567164179106,0.6563427676857481,9.999989867210388,0.6563427676857481,,,,2,teacher,4.821000000000026,7.632595021476657,1,4.295125021476656,False
17,0.7380268573760986,0.014925373134328358,0.5590413146756746,9.999989867210388,0.5590413146756746,,,,1,teacher,4.923000000000002,5.468122150038682,0,5.123512150038682,False
17,0.44669485092163086,0.007562189054726368,0.33187473942397244,9.999989867210388,9.999989867210388,,,,3,student,4.277000000000044,5.764479971968269,0,-4.534910028031734,True
18,0.24271462857723236,0.030845771144278607,0.34886344512277656,9.999989867210388,0.34886344512277656,,,,0,teacher,0.0,0.0,0,0.0,False
18,0.24271462857723236,0.030845771144278607,0.34886344512277656,9.999989867210388,0.34886344512277656,,,,0,teacher,4.717999999999961,6.178295769195124,0,5.848035769195127,False
18,0.8430036902427673,0.02407960199004975,0.6759046810762659,9.999989867210388,9.999989867210388,,,,2,student,4.661000000000058,6.493053649134584,1,3.1667836491345795,False
18,0.6010923981666565,0.013532338308457712,0.46764132857127816,9.999989867210388,0.46764132857127816,,,,0,teacher,4.880999999999972,6.174184497662122,0,5.832514497662124,False
18,0.33784428238868713,0.016119402985074627,0.3266189496262245,9.999989867210388,0.3266189496262245,,,,4,teacher,2.2830000000000155,2.1821716880421285,0,-7.977638311957873,True
19,0.07838739454746246,0.021492537313432834,0.20304025349945454,9.999989867210388,0.20304025349945454,,,,0,teacher,0.0,0.0,0,0.0,False
19,0.07838739454746246,0.021492537313432834,0.20304025349945454,9.999989867210388,0.20304025349945454,,,,0,teacher,4.906000000000063,8.516329903387557,1,5.172909903387554,False
19,0.679561972618103,0.01711442786069652,0.5378962349442272,9.999989867210388,0.5378962349442272,,,,7,teacher,4.634999999999991,4.955524570880627,2,-1.3689254291193729,False
19,0.3823152780532837,0.012736318407960199,0.33096100986407784,9.999989867210388,0.33096100986407784,,,,2,teacher,3.4669999999999845,4.719967372685191,0,-5.522722627314808,True
20,0.18618597090244293,0.021691542288557214,0.2688336275344841,9.999989867210388,0.2688336275344841,,,,0,teacher,0.0,0.0,0,0.0,False
20,0.18618597090244293,0.021691542288557214,0.2688336275344841,9.999989867210388,0.2688336275344841,,,,0,teacher,4.91599999999994,3.413540872808948,1,0.06942087280895226,False
20,0.7717121243476868,0.017313432835820895,0.594418596608185,9.999989867210388,0.594418596608185,,,,1,teacher,4.770999999999958,4.969783838829169,0,4.635813838829172,False
20,0.668434739112854,0.018507462686567163,0.5397285101035102,9.999989867210388,0.5397285101035102,,,,3,teacher,4.836000000000013,5.771734053239816,0,5.433214053239815,False
20,0.4514661133289337,0.01054726368159204,0.35704149438333127,9.999989867210388,0.35704149438333127,,,,3,teacher,4.537000000000035,5.0776797199862225,0,4.76008971998622,False
20,0.22842609882354736,0.02626865671641791,0.318446507019453,9.999989867210388,0.318446507019453,,,,0,teacher,0.36800000000016553,0.4775495919511958,0,-9.548210408048815,True
21,0.8807640671730042,0.02407960199004975,0.698560907234408,9.999989867210388,9.999989867210388,,,,8,student,0.0,0.0,0,0.0,False
21,0.8807640671730042,0.02407960199004975,0.698560907234408,9.999989867210388,9.999989867210388,,,,8,student,5.22199999999998,0.0,0,-0.36553999999999864,False
21,0.8815328478813171,0.028258706467661692,0.7200910088148834,9.999989867210388,0.7200910088148834,,,,8,teacher,5.119999999999891,0.06418365812811189,0,-0.2942163418718805,False
21,0.879014790058136,0.02845771144278607,0.7195338228319437,9.999989867210388,0.7195338228319437,,,,1,teacher,5.125,0.0016812927437435121,0,-0.3570687072562565,False
21,0.8789584040641785,0.028258706467661692,0.7185463425246003,9.999989867210388,0.7185463425246003,,,,8,teacher,5.1840000000001965,0.0,0,-0.3628800000000138,False
21,0.8808049559593201,0.02666666666666667,0.7118658876841575,9.999989867210388,0.7118658876841575,,,,5,teacher,4.7569999999998345,0.3623909878313043,0,0.02940098783131584,False
21,0.8672378063201904,0.025671641791044777,0.6987110301912659,9.999989867210388,0.6987110301912659,,,,5,teacher,4.883000000000038,0.000255289105492551,0,-0.34155471089451017,False
21,0.8663169145584106,0.025671641791044777,0.698158495134198,9.999989867210388,0.698158495134198,,,,3,teacher,5.341000000000122,0.0002692452359553954,0,-0.3736007547640532,False
21,0.8663169145584106,0.02626865671641791,0.7011809964603709,9.999989867210388,9.999989867210388,,,,2,student,4.829999999999927,0.000237657384591472,0,-0.3378623426154035,False
21,0.8662863373756409,0.025472636815920397,0.6971233902498987,9.999989867210388,0.6971233902498987,,,,7,teacher,4.863000000000056,0.00023407786696694188,0,-0.34017592213303705,False
21,0.8662605285644531,0.027064676616915424,0.7051131450122863,9.999989867210388,9.999989867210388,,,,0,student,5.009999999999991,0.00023618963996341336,0,-0.350463810360036,False
21,0.8662605285644531,0.02626865671641791,0.7011471648639964,9.999989867210388,0.7011471648639964,,,,5,teacher,5.110999999999876,0.00023811990897826263,0,-10.357531880091013,True
22,0.8731405735015869,0.01890547263681592,0.6649333902476985,9.999989867210388,0.6649333902476985,,,,9,teacher,0.0,0.0,0,0.0,False
22,0.8731405735015869,0.01890547263681592,0.6649333902476985,9.999989867210388,0.6649333902476985,,,,9,teacher,4.614000000000033,6.793393081148476,0,6.470413081148474,False
22,0.6461521983146667,0.019701492537313434,0.5334382212483696,9.999989867210388,0.5334382212483696,,,,0,teacher,4.701000000000022,3.8046767297614936,1,0.4756067297614921,False
22,0.3587288558483124,0.015124378109452736,0.3327584154817286,9.999989867210388,9.999989867210388,,,,6,student,4.759999999999991,1.2882641456470552,1,-2.044935854352944,False
22,0.22642530500888824,0.02845771144278607,0.32798013180239505,9.999989867210388,9.999989867210388,,,,5,student,4.216999999999871,4.141713681040776,1,-9.153476318959214,True
23,0.19008506834506989,0.02666666666666667,0.29743395511560733,9.999989867210388,0.29743395511560733,,,,0,teacher,0.0,0.0,0,0.0,False
23,0.19008506834506989,0.02666666666666667,0.29743395511560733,9.999989867210388,0.29743395511560733,,,,0,teacher,5.070000000000164,7.942599936272337,1,4.587699936272326,False
23,0.7978106737136841,0.01671641791044776,0.6063639289004445,9.999989867210388,0.6063639289004445,,,,0,teacher,4.919999999999845,6.894374774830208,0,6.549974774830218,False
23,0.5253857374191284,0.007761194029850746,0.38062431678465003,9.999989867210388,0.38062431678465003,,,,1,teacher,4.836000000000013,5.952202541431872,0,5.613682541431872,False
23,0.2547103464603424,0.03283582089552239,0.3648640477972892,9.999989867210388,9.999989867210388,,,,8,student,0.08600000000001273,0.18757142327848508,0,-9.818448576721515,True
24,0.8632094860076904,0.022487562189054726,0.6794539983573715,9.999989867210388,0.6794539983573715,,,,2,teacher,0.0,0.0,0,0.0,False
24,0.8632094860076904,0.022487562189054726,0.6794539983573715,9.999989867210388,0.6794539983573715,,,,2,teacher,4.813000000000102,5.012118342255182,0,4.675208342255175,False
24,0.6157792210578918,0.01791044776119403,0.504522005056466,9.999989867210388,0.504522005056466,,,,1,teacher,4.677999999999884,4.954124726945642,0,4.62666472694565,False
24,0.4448513388633728,0.011144278606965175,0.3573525973010818,9.999989867210388,0.3573525973010818,,,,5,teacher,4.742999999999938,6.015106843340218,0,-4.3169031566597775,True
25,0.23394085466861725,0.022487562189054726,0.30189281955392766,9.999989867210388,0.30189281955392766,,,,1,teacher,0.0,0.0,0,0.0,False
25,0.23394085466861725,0.022487562189054726,0.30189281955392766,9.999989867210388,0.30189281955392766,,,,1,teacher,4.873999999999796,0.26538084977903154,0,-0.07579915022095424,False
25,0.8690537214279175,0.022487562189054726,0.6829605396095078,9.999989867210388,0.6829605396095078,,,,2,teacher,5.05600000000004,0.00029669569767065695,0,-0.3536233043023322,False
25,0.8690282106399536,0.02308457711442786,0.6861973904769584,9.999989867210388,0.6861973904769584,,,,2,teacher,5.032000000000153,0.0003066186914857383,0,-0.351933381308525,False
25,0.8690282106399536,0.02427860696517413,0.6925692561263128,9.999989867210388,0.6925692561263128,,,,3,teacher,5.067999999999984,0.0003179644259851955,0,-0.3544420355740137,False
25,0.8690282106399536,0.023283582089552238,0.6872715570417072,9.999989867210388,9.999989867210388,,,,4,student,4.964999999999918,0.00032041497530954643,0,-0.34722958502468476,False
25,0.8690026998519897,0.02208955223880597,0.6807368796957992,9.999989867210388,0.6807368796957992,,,,1,teacher,4.941000000000031,0.00032659192923389924,0,-0.3455434080707683,False
25,0.8690026998519897,0.02208955223880597,0.6807368796957992,9.999989867210388,0.6807368796957992,,,,3,teacher,5.007000000000062,0.00033854510880004796,0,-10.350151454891204,True
26,0.8224928975105286,0.02109452736318408,0.6472597404647482,9.999989867210388,0.6472597404647482,,,,2,teacher,0.0,0.0,0,0.0,False
26,0.8224928975105286,0.02109452736318408,0.6472597404647482,9.999989867210388,0.6472597404647482,,,,2,teacher,4.7150000000001455,5.391882615600554,0,5.061832615600544,False
26,0.822294294834137,0.022885572139303482,0.6570779465763692,9.999989867210388,0.6570779465763692,,,,1,teacher,4.865000000000009,6.3917567169217495,1,3.051206716921749,False
26,0.6562014818191528,0.013532338308457712,0.5007067787627759,9.999989867210388,0.5007067787627759,,,,5,teacher,4.779999999999973,5.994200393973318,0,5.65960039397332,False
26,0.3633500039577484,0.019303482587064675,0.3614187278152247,9.999989867210388,0.3614187278152247,,,,0,teacher,2.8079999999999927,3.474310732196397,0,-6.722249267803603,True
27,0.14016208052635193,0.019303482587064675,0.22750597375638681,9.999989867210388,0.22750597375638681,,,,1,teacher,0.0,0.0,0,0.0,False
27,0.14016208052635193,0.019303482587064675,0.22750597375638681,9.999989867210388,0.22750597375638681,,,,1,teacher,4.899000000000115,8.441855350151883,0,8.098925350151875,False
27,0.7297196388244629,0.01711442786069652,0.5679908346680431,9.999989867210388,0.5679908346680431,,,,1,teacher,4.651000000000067,5.6167442434875765,0,5.291174243487572,False
27,0.42489930987358093,0.017313432835820895,0.38633090792372143,9.999989867210388,0.38633090792372143,,,,0,teacher,3.6299999999998818,4.835519324343181,0,-5.41858067565681,True
28,0.2091236114501953,0.02228855721393035,0.28590845959114713,9.999989867210388,0.28590845959114713,,,,0,teacher,0.0,0.0,0,0.0,False
28,0.2091236114501953,0.02228855721393035,0.28590845959114713,9.999989867210388,0.28590845959114713,,,,0,teacher,4.741999999999962,6.6494396891589,0,6.317499689158902,False
28,0.797049343585968,0.020696517412935322,0.6297291585998885,9.999989867210388,0.6297291585998885,,,,0,teacher,4.796000000000049,6.675963710850751,1,3.3402437108507472,False
28,0.5389974117279053,0.00736318407960199,0.38571418826268167,9.999989867210388,9.999989867210388,,,,5,student,4.657999999999902,3.124857368805862,2,-3.201202631194131,False
28,0.31353628635406494,0.018109452736318407,0.3243861591593964,9.999989867210388,0.3243861591593964,,,,0,teacher,3.19399999999996,4.061011842368945,0,-6.1625681576310525,True
29,0.15078403055667877,0.022686567164179106,0.25308774313340276,9.999989867210388,0.25308774313340276,,,,4,teacher,0.0,0.0,0,0.0,False
29,0.15078403055667877,0.022686567164179106,0.25308774313340276,9.999989867210388,0.25308774313340276,,,,4,teacher,4.955999999999904,7.389455687700774e-05,0,-0.3468461054431163,False
29,0.8782821297645569,0.022487562189054726,0.6884975846114915,9.999989867210388,0.6884975846114915,,,,7,teacher,4.989000000000033,0.29354568378435175,0,-0.055684316215650564,False
29,0.8665274977684021,0.022885572139303482,0.6836178683369283,9.999989867210388,0.6836178683369283,,,,5,teacher,4.963999999999942,7.713376484019818e-05,0,-0.34740286623515576,False
29,0.8665274977684021,0.02308457711442786,0.6846969627540275,9.999989867210388,0.6846969627540275,,,,7,teacher,5.142000000000053,9.944811453621583e-05,0,-0.3598405518854675,False
29,0.8665274977684021,0.021691542288557214,0.6770385436540596,9.999989867210388,0.6770385436540596,,,,0,teacher,5.079999999999927,0.00011712138331887445,0,-0.35548287861667605,False
29,0.8665274977684021,0.02109452736318408,0.6736805006194724,9.999989867210388,0.6736805006194724,,,,7,teacher,5.263000000000147,0.00014048198755745034,0,-0.3682695180124529,False
29,0.8665274977684021,0.020895522388059702,0.6725508670210181,9.999989867210388,0.6725508670210181,,,,6,teacher,5.12299999999982,0.00015112876228684513,0,-0.3584588712377006,False
29,0.8665021061897278,0.020895522388059702,0.6725356320738134,9.999989867210388,0.6725356320738134,,,,4,teacher,5.096000000000004,0.00016216197717966452,0,-10.356557838022821,True
30,0.8229897618293762,0.02646766169154229,0.6761830174895371,9.999989867210388,0.6761830174895371,,,,0,teacher,0.0,0.0,0,0.0,False
30,0.8229897618293762,0.02646766169154229,0.6761830174895371,9.999989867210388,0.6761830174895371,,,,0,teacher,4.805000000000064,8.056780037184202,1,4.720430037184197,False
30,0.7684504985809326,0.01472636815920398,0.5759936525900875,9.999989867210388,0.5759936525900875,,,,0,teacher,4.742999999999938,5.419819748518881,1,2.087809748518885,False
30,0.49243274331092834,0.006368159203980099,0.3499581803059296,9.999989867210388,0.3499581803059296,,,,0,teacher,4.752999999999929,6.4104003247211105,0,-3.9223096752788846,True
31,0.26945066452026367,0.033233830845771146,0.37542103563432794,9.999989867210388,0.37542103563432794,,,,2,teacher,0.0,0.0,0,0.0,False
31,0.26945066452026367,0.033233830845771146,0.37542103563432794,9.999989867210388,0.37542103563432794,,,,2,teacher,4.923999999999978,6.050370246937058,0,5.70569024693706,False
31,0.8589642643928528,0.02228855721393035,0.6758128513567416,9.999989867210388,0.6758128513567416,,,,0,teacher,4.751999999999953,6.233180326958303,0,5.900540326958306,False
31,0.6184148788452148,0.018109452736318407,0.5073133146540864,9.999989867210388,0.5073133146540864,,,,4,teacher,4.729000000000042,0.04761816866424695,1,-3.283411831335756,False
31,0.3841984272003174,0.007562189054726368,0.2943768851911844,9.999989867210388,0.2943768851911844,,,,4,teacher,4.692000000000007,0.0,0,-0.32844000000000056,False
31,0.38780665397644043,0.006766169154228856,0.2903308937700823,9.999989867210388,0.2903308937700823,,,,5,teacher,4.339999999999918,4.483047180655138,0,4.1792471806551434,False
31,0.37568145990371704,0.017313432835820895,0.35680019794180307,9.999989867210388,0.35680019794180307,,,,1,teacher,4.460000000000036,4.629033827101766,1,-8.683166172898236,True
32,0.17482826113700867,0.031840796019900496,0.31258357483944793,9.999989867210388,9.999989867210388,,,,5,student,0.0,0.0,0,0.0,False
32,0.17482826113700867,0.031840796019900496,0.31258357483944793,9.999989867210388,9.999989867210388,,,,5,student,4.960000000000036,7.4356712270753285,0,7.088471227075326,False
32,0.817213773727417,0.019701492537313434,0.6360751664960197,9.999989867210388,0.6360751664960197,,,,6,teacher,4.744999999999891,7.096612632631315,0,6.764462632631322,False
32,0.5407458543777466,0.010945273631840797,0.4134691757069815,9.999989867210388,0.4134691757069815,,,,5,teacher,4.766000000000076,1.177943150498626,0,0.8443231504986206,False
32,0.26765382289886475,0.01990049751243781,0.30750028228162374,9.999989867210388,0.30750028228162374,,,,1,teacher,4.624000000000024,0.006738457178858681,0,-0.316941542821143,False
32,0.24573980271816254,0.01691542288557214,0.27636500920665663,9.999989867210388,0.27636500920665663,,,,1,teacher,4.708999999999833,0.034537306989683714,4,-12.295092693010304,False
32,0.24467088282108307,0.01890547263681592,0.28785157583939625,9.999989867210388,0.28785157583939625,,,,0,teacher,4.798000000000002,0.0,0,-0.33586000000000016,False
32,0.24328374862670898,0.019303482587064675,0.28937897461660106,9.999989867210388,9.999989867210388,,,,9,student,4.945000000000164,0.06786313278604528,0,-0.2782868672139662,False
32,0.23612399399280548,0.018109452736318407,0.2779387837426407,9.999989867210388,0.2779387837426407,,,,0,teacher,4.838999999999942,0.0,0,-0.338729999999996,False
32,0.24569876492023468,0.01711442786069652,0.2775783103255063,9.999989867210388,0.2775783103255063,,,,1,teacher,4.664999999999964,0.0,0,-0.3265499999999975,False
32,0.2522578537464142,0.018706467661691543,0.2912157935959927,9.999989867210388,0.2912157935959927,,,,1,teacher,4.767000000000053,0.04754574765628039,0,-0.2861442523437233,False
32,0.25400570034980774,0.01791044776119403,0.28745789263161564,9.999989867210388,9.999989867210388,,,,8,student,4.482999999999947,0.07401415295365688,0,-0.23979584704633944,False
32,0.2521885633468628,0.016517412935323383,0.27774135461741106,9.999989867210388,0.27774135461741106,,,,2,teacher,4.673999999999978,0.0,0,-0.3271799999999985,False
32,0.25371232628822327,0.01990049751243781,0.2991353843152389,9.999989867210388,0.2991353843152389,,,,3,teacher,4.438000000000102,0.31012334441116973,0,-0.0005366555888374203,False
32,0.2550841271877289,0.01890547263681592,0.2940995224593837,9.999989867210388,0.2940995224593837,,,,0,teacher,4.793999999999869,0.0,0,-0.3355799999999909,False
32,0.24365288019180298,0.020696517412935322,0.29769128056338956,9.999989867210388,0.29769128056338956,,,,0,teacher,4.716000000000122,0.10745780650198178,0,-0.2226621934980268,False
32,0.24535295367240906,0.022487562189054726,0.3087400789562027,9.999989867210388,9.999989867210388,,,,4,student,4.576000000000022,0.0,0,-0.32032000000000155,False
32,0.24968518316745758,0.019502487562189055,0.2943915992715894,9.999989867210388,0.2943915992715894,,,,3,teacher,4.741999999999962,0.04214802019294517,0,-0.2897919798070522,False
32,0.24731802940368652,0.0191044776119403,0.2906224035616942,9.999989867210388,0.2906224035616942,,,,1,teacher,4.714999999999918,0.4848825207567131,2,-5.8451674792432815,False
32,0.24513962864875793,0.010348258706467661,0.2318058378699718,9.999989867210388,0.2318058378699718,,,,0,teacher,4.6059999999999945,0.0,1,-3.3224199999999997,False
32,0.23087738454341888,0.010945273631840797,0.22754809380638485,9.999989867210388,9.999989867210388,,,,4,student,4.567000000000007,4.894112662800841,0,4.57442266280084,False
32,0.2206851840019226,0.030845771144278607,0.33564577837759074,9.999989867210388,9.999989867210388,,,,8,student,0.023000000000138243,0.03837091343073529,0,-9.963239086569274,True
33,0.8794894218444824,0.01890547263681592,0.6687426992534359,9.999989867210388,0.6687426992534359,,,,5,teacher,0.0,0.0,0,0.0,False
33,0.8794894218444824,0.01890547263681592,0.6687426992534359,9.999989867210388,0.6687426992534359,,,,5,teacher,4.95699999999988,7.3346972558844445,2,0.9877072558844526,False
33,0.6357563138008118,0.015522388059701492,0.5015489669140447,9.999989867210388,0.5015489669140447,,,,0,teacher,4.826000000000022,5.794899752595073,0,5.457079752595072,False
33,0.3409648835659027,0.017313432835820895,0.33597025213911447,9.999989867210388,0.33597025213911447,,,,1,teacher,3.3599999999999,3.3575578472559755,0,-6.877642152744018,True
34,0.11947282403707504,0.023283582089552238,0.23753832507998002,9.999989867210388,0.23753832507998002,,,,1,teacher,0.0,0.0,0,0.0,False
34,0.11947282403707504,0.023283582089552238,0.23753832507998002,9.999989867210388,0.23753832507998002,,,,1,teacher,4.936999999999898,0.0009295830885420742,0,-0.34466041691145083,False
34,0.8793739676475525,0.022885572139303482,0.6913257502644184,9.999989867210388,0.6913257502644184,,,,3,teacher,5.164999999999964,0.0009542705665843698,0,-0.3605957294334131,False
34,0.87934809923172,0.021492537313432834,0.683616676310009,9.999989867210388,0.683616676310009,,,,6,teacher,5.158000000000129,0.30840284503083737,0,-0.05265715496917173,False
34,0.8669690489768982,0.022686567164179106,0.6827987541855344,9.999989867210388,0.6827987541855344,,,,3,teacher,5.05600000000004,0.0,0,-0.35392000000000284,False
34,0.8669690489768982,0.020497512437810946,0.670540959835155,9.999989867210388,9.999989867210388,,,,9,student,5.023999999999887,0.0,0,-0.35167999999999217,False
34,0.8669999837875366,0.020696517412935322,0.6716995427208298,9.999989867210388,0.6716995427208298,,,,8,teacher,5.2719999999999345,0.33217418160370116,0,-0.03686581839629427,False
34,0.8537033796310425,0.021691542288557214,0.6693440727716438,9.999989867210388,0.6693440727716438,,,,7,teacher,5.108000000000175,0.3111979463290808,0,-0.046362053670931436,False
34,0.8412569761276245,0.02009950248756219,0.6528179582206686,9.999989867210388,0.6528179582206686,,,,5,teacher,4.750999999999976,0.22374200885290207,0,-0.10882799114709629,False
34,0.8323119878768921,0.01791044776119403,0.6344416651478663,9.999989867210388,0.6344416651478663,,,,4,teacher,5.212999999999965,5.461201563505824e-05,0,-0.36485538798436257,False
34,0.8323119878768921,0.018308457711442787,0.6368559697337886,9.999989867210388,0.6368559697337886,,,,6,teacher,5.050999999999931,5.9377672272376e-05,0,-0.35351062232772285,False
34,0.8323119878768921,0.018109452736318407,0.6356515800730926,9.999989867210388,9.999989867210388,,,,9,student,5.085000000000036,0.27724906723950227,0,-0.07870093276050033,False
34,0.8217909932136536,0.018109452736318407,0.6293389832751496,9.999989867210388,0.6293389832751496,,,,2,teacher,5.1189999999999145,0.14245224658781197,0,-0.21587775341218207,False
34,0.8155274987220764,0.016517412935323383,0.6157447158425392,9.999989867210388,0.6157447158425392,,,,1,teacher,5.0750000000000455,0.32853947399312133,0,-0.026710526006881896,False
34,0.8023644685745239,0.02308457711442786,0.6461991452377005,9.999989867210388,0.6461991452377005,,,,1,teacher,5.2970000000000255,0.3184076134456788,0,-0.052382386554323035,False
34,0.7899494171142578,0.02109452736318408,0.6277336522269857,9.999989867210388,0.6277336522269857,,,,1,teacher,5.198000000000093,0.4132758385091897,2,-5.950584161490816,False
34,0.7766082882881165,0.02447761194029851,0.638162371165264,9.999989867210388,9.999989867210388,,,,0,student,5.1099999999999,0.0,2,-6.357699999999993,False
34,0.7732727527618408,0.022885572139303482,0.6276650213329915,9.999989867210388,0.6276650213329915,,,,0,teacher,4.845000000000027,0.18926189901162616,0,-0.1498881009883758,False
34,0.7673540711402893,0.025472636815920397,0.6377640305086878,9.999989867210388,0.6377640305086878,,,,1,teacher,4.916999999999916,0.23630284396518775,0,-0.10788715603480642,False
34,0.7578988075256348,0.02646766169154229,0.6371284449072923,9.999989867210388,0.6371284449072923,,,,0,teacher,4.886000000000195,0.1198909820907339,2,-6.22212901790928,False
34,0.7514206767082214,0.02427860696517413,0.6220047357672736,9.999989867210388,0.6220047357672736,,,,2,teacher,4.851999999999862,0.028592910099238367,0,-0.31104708990075197,False
34,0.7519771456718445,0.02228855721393035,0.6116205801241367,9.999989867210388,0.6116205801241367,,,,1,teacher,4.645999999999958,0.24789048915249978,0,-0.07732951084749734,False
34,0.7424479722976685,0.027661691542288556,0.6337528071733282,9.999989867210388,0.6337528071733282,,,,4,teacher,5.076000000000022,0.2939646772179678,0,-0.06135532278203376,False
34,0.7302671670913696,0.025870646766169153,0.6175407620425722,9.999989867210388,0.6175407620425722,,,,1,teacher,4.8400000000001455,0.4003280694362026,0,0.06152806943619238,False
34,0.7142898440361023,0.016318407960199004,0.553747083635578,9.999989867210388,0.553747083635578,,,,1,teacher,3.15099999999984,0.2744724202440949,5,-24.946097579755893,True
35,0.703301727771759,0.016119402985074627,0.5458934168560676,9.999989867210388,9.999989867210388,,,,4,student,0.0,0.0,0,0.0,False
35,0.703301727771759,0.016119402985074627,0.5458934168560676,9.999989867210388,9.999989867210388,,,,4,student,4.753999999999905,6.740115958132007,0,6.4073359581320135,False
35,0.7757841348648071,0.017313432835820895,0.5968618029184571,9.999989867210388,0.5968618029184571,,,,2,teacher,4.485000000000127,5.943888962658068,0,5.629938962658059,False
35,0.5065032839775085,0.010149253731343283,0.3871776602850208,9.999989867210388,9.999989867210388,,,,5,student,4.749000000000024,5.5462703734,0,5.213840373399998,False
35,0.28311610221862793,0.021691542288557214,0.32699170632419505,9.999989867210388,0.32699170632419505,,,,3,teacher,1.7619999999999436,1.768673874195554,0,-8.354666125804442,True
36,0.04101857170462608,0.02109452736318408,0.17837514498120674,9.999989867210388,9.999989867210388,,,,5,student,0.0,0.0,0,0.0,False
36,0.04101857170462608,0.02109452736318408,0.17837514498120674,9.999989867210388,9.999989867210388,,,,5,student,5.05600000000004,0.00011235433033363051,0,-0.3538076456696692,False
36,0.8795812726020813,0.021293532338308458,0.6826372404707584,9.999989867210388,0.6826372404707584,,,,6,teacher,4.972999999999956,0.24025598153613714,0,-0.10785401846385984,False
36,0.8699686527252197,0.021293532338308458,0.6768696685446414,9.999989867210388,0.6768696685446414,,,,1,teacher,4.932999999999993,0.0002650762775537885,0,-0.3450449237224457,False
36,0.8699431419372559,0.021293532338308458,0.6768543620718631,9.999989867210388,0.6768543620718631,,,,1,teacher,4.779999999999973,0.00026022806521908137,0,-0.33433977193477904,False
36,0.8699431419372559,0.021293532338308458,0.6768543620718631,9.999989867210388,9.999989867210388,,,,3,student,5.0,0.00027481322365829897,0,-0.34972518677634173,False
36,0.869917631149292,0.02228855721393035,0.6823848714106051,9.999989867210388,0.6823848714106051,,,,0,teacher,4.915000000000191,0.0002740720984739653,0,-0.34377592790153944,False
36,0.869917631149292,0.021691542288557214,0.6790726236825935,9.999989867210388,0.6790726236825935,,,,1,teacher,5.199999999999818,0.00029378113076816703,0,-0.3637062188692191,False
36,0.869917631149292,0.02228855721393035,0.6823848714106051,9.999989867210388,0.6823848714106051,,,,3,teacher,5.0750000000000455,0.0002914753023972594,0,-0.35495852469760597,False
36,0.8698921203613281,0.023880597014925373,0.6909830599793458,9.999989867210388,9.999989867210388,,,,5,student,5.05600000000004,0.3043201772175337,0,-0.04959982278246916,False
36,0.8577250242233276,0.02308457711442786,0.6794154786269827,9.999989867210388,9.999989867210388,,,,9,student,5.227000000000089,0.26739692463187126,0,-0.09849307536813501,False
36,0.8469926714897156,0.019303482587064675,0.6516043283344051,9.999989867210388,9.999989867210388,,,,7,student,5.019999999999982,0.0,0,-0.35139999999999877,False
36,0.8470171689987183,0.020696517412935322,0.6597098538475388,9.999989867210388,9.999989867210388,,,,3,student,5.013999999999896,0.27102182334939684,0,-0.07995817665059596,False
36,0.8361999988555908,0.018109452736318407,0.6379843866603119,9.999989867210388,9.999989867210388,,,,5,student,4.932999999999993,0.0004256708083332228,0,-0.3448843291916663,False
36,0.8361759781837463,0.018109452736318407,0.6379699742572053,9.999989867210388,9.999989867210388,,,,2,student,4.9780000000000655,0.2783699124625585,0,-0.07009008753744611,False
36,0.825068473815918,0.019701492537313434,0.6407879865491203,9.999989867210388,0.6407879865491203,,,,2,teacher,4.989000000000033,0.0004367249522836403,0,-0.3487932750477187,False
36,0.8250450491905212,0.019701492537313434,0.6407739317738823,9.999989867210388,0.6407739317738823,,,,2,teacher,4.955999999999904,0.00043224111886175365,0,-0.34648775888113154,False
36,0.8250450491905212,0.019701492537313434,0.6407739317738823,9.999989867210388,0.6407739317738823,,,,4,teacher,5.000999999999976,0.0004409160086389363,0,-0.34962908399135945,False
36,0.8250215649604797,0.019502487562189055,0.6395934283474027,9.999989867210388,0.6395934283474027,,,,3,teacher,4.805000000000064,0.0004299275565848859,0,-0.3359200724434196,False
36,0.824998140335083,0.019303482587064675,0.6384076096416255,9.999989867210388,9.999989867210388,,,,3,student,4.785000000000082,0.23898047549227286,0,-0.09596952450773288,False
36,0.8154901266098022,0.019303482587064675,0.632702801406457,9.999989867210388,9.999989867210388,,,,2,student,4.731999999999971,0.25781865974115803,0,-0.07342134025883995,False
36,0.8051577210426331,0.02109452736318408,0.6368586345840109,9.999989867210388,0.6368586345840109,,,,5,teacher,5.026000000000067,0.3391974622948446,0,-0.012622537705160142,False
36,0.7915462851524353,0.021691542288557214,0.6320498160844795,9.999989867210388,0.6320498160844795,,,,2,teacher,4.754999999999882,0.23511265457068475,0,-0.09773734542930701,False
36,0.7821352481842041,0.023880597014925373,0.6383289366730714,9.999989867210388,0.6383289366730714,,,,0,teacher,5.067999999999984,0.20216956543323406,11,-33.15259043456677,False
36,0.7775223255157471,0.022885572139303482,0.6302147649853352,9.999989867210388,0.6302147649853352,,,,1,teacher,2.769999999999982,0.37964276468982305,3,-18.814257235310176,True
37,0.7616323232650757,0.022686567164179106,0.6195967187584409,9.999989867210388,0.6195967187584409,,,,0,teacher,0.0,0.0,0,0.0,False
37,0.7616323232650757,0.022686567164179106,0.6195967187584409,9.999989867210388,0.6195967187584409,,,,0,teacher,4.692000000000007,0.20547828283648073,0,-0.12296171716351983,False
37,0.8289650082588196,0.02507462686567164,0.6726830607702731,9.999989867210388,0.6726830607702731,,,,1,teacher,4.9220000000000255,0.5596640331352134,0,0.2151240331352116,False
37,0.819636881351471,0.02407960199004975,0.6618845957414881,9.999989867210388,0.6618845957414881,,,,5,teacher,4.761999999999944,6.5169911391826325,1,3.1836511391826363,False
37,0.7768576741218567,0.01711442786069652,0.5962736558464794,9.999989867210388,9.999989867210388,,,,8,student,4.723999999999933,6.656477676721817,0,6.325797676721821,False
37,0.5045608878135681,0.008955223880597015,0.3771935846277098,9.999989867210388,0.3771935846277098,,,,3,teacher,4.624000000000024,6.362972872387262,0,-3.9607071276127392,True
38,0.2502398192882538,0.03044776119402985,0.3515690549957398,9.999989867210388,0.3515690549957398,,,,1,teacher,0.0,0.0,0,0.0,False
38,0.2502398192882538,0.03044776119402985,0.3515690549957398,9.999989867210388,0.3515690549957398,,,,1,teacher,4.957000000000107,0.2665106496840828,0,-0.08047935031592479,False
38,0.8705540895462036,0.023681592039800994,0.690320723870351,9.999989867210388,9.999989867210388,,,,9,student,5.216999999999871,0.38380586314919896,0,0.018615863149207934,False
38,0.8526533246040344,0.02228855721393035,0.6720262874834506,9.999989867210388,0.6720262874834506,,,,0,teacher,5.066000000000031,0.00023873295578979992,0,-0.3543812670442124,False
38,0.8523845076560974,0.02208955223880597,0.6707659643782639,9.999989867210388,0.6707659643782639,,,,0,teacher,4.961999999999989,0.00024063390397799367,0,-0.34709936609602127,False
38,0.8523594737052917,0.023482587064676617,0.6783395760971122,9.999989867210388,0.6783395760971122,,,,0,teacher,4.90300000000002,0.0002438495362930837,0,-0.3429661504637084,False
38,0.8523594737052917,0.02208955223880597,0.6707509440077805,9.999989867210388,9.999989867210388,,,,3,student,5.096000000000004,0.0002583102706665841,0,-0.35646168972933373,False
38,0.8523594737052917,0.023482587064676617,0.6783395760971122,9.999989867210388,0.6783395760971122,,,,9,teacher,4.997000000000071,0.12965180863892556,0,-0.22013819136107943,False
38,0.8471659421920776,0.020497512437810946,0.6586590957642627,9.999989867210388,0.6586590957642627,,,,0,teacher,5.125,0.000499005043543832,0,-0.3582509949564562,False
38,0.8471412658691406,0.020497512437810946,0.6586442899705005,9.999989867210388,0.6586442899705005,,,,9,teacher,5.080999999999904,0.22629908121636078,0,-0.1293709187836325,False
38,0.8380998373031616,0.020497512437810946,0.6532194328309131,9.999989867210388,0.6532194328309131,,,,3,teacher,4.932999999999993,0.00016047051685674774,0,-0.34514952948314276,False
38,0.8380756974220276,0.020497512437810946,0.6532049489022327,9.999989867210388,0.6532049489022327,,,,1,teacher,5.008000000000038,0.0001631646205844106,0,-0.3503968353794183,False
38,0.8380756974220276,0.021492537313432834,0.6588532352241936,9.999989867210388,9.999989867210388,,,,1,student,5.035000000000082,0.0001651992203193231,0,-0.35228480077968644,False
38,0.8380756974220276,0.021890547263681594,0.6610766033719456,9.999989867210388,0.6610766033719456,,,,7,teacher,4.860999999999876,0.0,0,-0.34026999999999136,False
38,0.8390269875526428,0.020497512437810946,0.6537757229806018,9.999989867210388,0.6537757229806018,,,,7,teacher,5.069000000000187,0.1516144898636007,0,-0.20321551013641243,False
38,0.8329983353614807,0.019701492537313434,0.6455459034764579,9.999989867210388,0.6455459034764579,,,,0,teacher,5.213999999999942,0.0005188381838650002,0,-0.364461161816131,False
38,0.8329745531082153,0.02009950248756219,0.647848504409023,9.999989867210388,0.647848504409023,,,,0,teacher,5.044999999999845,0.0005109404939531714,0,-0.352639059506036,False
38,0.8329507112503052,0.020497512437810946,0.6501299571991993,9.999989867210388,9.999989867210388,,,,0,student,4.936000000000149,0.0005063019585804795,0,-0.34501369804143,False
38,0.8329269289970398,0.01890547263681592,0.6408052035449703,9.999989867210388,9.999989867210388,,,,9,student,5.082999999999856,0.0005306911810762927,0,-0.3552793088189137,False
38,0.8329030871391296,0.019502487562189055,0.6443223416545927,9.999989867210388,9.999989867210388,,,,1,student,5.035000000000082,0.0005311320799776809,0,-0.3519188679200281,False
38,0.8328793048858643,0.018109452736318407,0.635991970278476,9.999989867210388,0.635991970278476,,,,3,teacher,5.057000000000016,0.30179637361252176,0,-0.05219362638747943,False
38,0.8208851218223572,0.02208955223880597,0.6518663328780196,9.999989867210388,0.6518663328780196,,,,1,teacher,5.110000000000127,0.0009183511942474354,0,-0.3567816488057615,False
38,0.8207827806472778,0.022686567164179106,0.6550869931877622,9.999989867210388,0.6550869931877622,,,,2,teacher,4.88799999999992,0.0008911684565084954,0,-0.3412688315434859,False
38,0.8207269906997681,0.022885572139303482,0.6561375640957479,9.999989867210388,0.6561375640957479,,,,3,teacher,5.041000000000167,0.0009372752436505039,0,-0.3519327247563612,False
38,0.8207037448883057,0.02308457711442786,0.6572027110259695,9.999989867210388,0.6572027110259695,,,,0,teacher,4.070999999999913,0.0007712714442398294,0,-10.284198728555754,True
39,0.8206478953361511,0.022487562189054726,0.6539170439544479,9.999989867210388,0.6539170439544479,,,,1,teacher,0.0,0.0,0,0.0,False
39,0.8206478953361511,0.022487562189054726,0.6539170439544479,9.999989867210388,0.6539170439544479,,,,1,teacher,4.753000000000156,6.933351872223255,1,3.6006418722232443,False
39,0.7893159985542297,0.018109452736318407,0.6098539864794953,9.999989867210388,0.6098539864794953,,,,0,teacher,4.7849999999998545,6.693636268726225,0,6.358686268726235,False
39,0.5471315383911133,0.009950248756218905,0.4101016067725481,9.999989867210388,0.4101016067725481,,,,1,teacher,4.789999999999964,5.428417549126119,0,5.093117549126122,False
39,0.2816551923751831,0.02228855721393035,0.3294274081461398,9.999989867210388,9.999989867210388,,,,0,student,2.3140000000003056,1.7812272296555227,0,-8.380752770344499,True
40,0.05834169685840607,0.021293532338308458,0.18989349502455322,9.999989867210388,0.18989349502455322,,,,0,teacher,0.0,0.0,0,0.0,False
40,0.05834169685840607,0.021293532338308458,0.18989349502455322,9.999989867210388,0.18989349502455322,,,,0,teacher,4.9210000000002765,0.0009722718470968061,0,-0.34349772815292257,False
40,0.8774855732917786,0.022885572139303482,0.6901927136509541,9.999989867210388,0.6901927136509541,,,,0,teacher,5.024999999999636,0.0009987969622926585,0,-0.3507512030376819,False
40,0.877459704875946,0.02308457711442786,0.6912562870185538,9.999989867210388,0.6912562870185538,,,,0,teacher,4.9080000000003565,0.0009706010059353787,0,-0.34258939899408963,False
40,0.8774080872535706,0.022686567164179106,0.6890621771515378,9.999989867210388,9.999989867210388,,,,9,student,4.779999999999745,0.0009300988867622095,0,-0.33366990111322,False
40,0.877382218837738,0.022885572139303482,0.6901307009785298,9.999989867210388,0.6901307009785298,,,,0,teacher,4.943000000000211,0.0009525710141389254,0,-0.3450574289858759,False
40,0.8773306012153625,0.02109452736318408,0.6801623626876486,9.999989867210388,0.6801623626876486,,,,1,teacher,4.88799999999992,0.18029599508754757,0,-0.16186400491244685,False
40,0.8700953722000122,0.021492537313432834,0.6780650400909843,9.999989867210388,0.6780650400909843,,,,0,teacher,5.164999999999964,0.0004718014948394966,0,-0.361078198505158,False
40,0.8700953722000122,0.021691542288557214,0.6791792683130256,9.999989867210388,9.999989867210388,,,,9,student,5.05600000000004,0.23861949008954753,0,-0.11530050991045532,False
40,0.8605759143829346,0.020895522388059702,0.6689799169897375,9.999989867210388,0.6689799169897375,,,,0,teacher,5.128000000000156,0.17525051011726944,0,-0.18370948988274155,False
40,0.8535118103027344,0.022487562189054726,0.6736353929343979,9.999989867210388,9.999989867210388,,,,2,student,4.817999999999756,0.0003753304744229524,0,-0.33688466952556,False
40,0.8535118103027344,0.02228855721393035,0.6725413789026705,9.999989867210388,0.6725413789026705,,,,2,teacher,4.855000000000018,0.00037986793492095217,0,-0.33947013206508037,False
40,0.853486955165863,0.022885572139303482,0.6757935427754048,9.999989867210388,9.999989867210388,,,,9,student,5.175000000000182,0.0004065041105185685,0,-0.3618434958894942,False
40,0.853486955165863,0.023482587064676617,0.6790160649734549,9.999989867210388,0.6790160649734549,,,,4,teacher,5.3409999999998945,0.34417724974053954,0,-0.029692750259453116,False
40,0.8397303819656372,0.023880597014925373,0.6728860169419313,9.999989867210388,9.999989867210388,,,,8,student,4.905999999999949,0.3116730316319547,0,-0.03174696836804175,False
40,0.8279759883880615,0.02626865671641791,0.6781764407581614,9.999989867210388,0.6781764407581614,,,,3,teacher,5.298000000000229,0.0,0,-0.37086000000001607,False
40,0.8272322416305542,0.02507462686567164,0.6716434007933137,9.999989867210388,0.6716434007933137,,,,1,teacher,5.140999999999622,0.0,0,-0.35986999999997354,False
40,0.8272322416305542,0.024875621890547265,0.6706125844625959,9.999989867210388,9.999989867210388,,,,6,student,5.498000000000047,0.07124129442800609,0,-0.3136187055719973,False
40,0.8244020342826843,0.019502487562189055,0.6392217099407255,9.999989867210388,0.6392217099407255,,,,3,teacher,4.992000000000189,7.929200170053718e-05,0,-0.34936070799831276,False
40,0.8244020342826843,0.020497512437810946,0.6450007510186268,9.999989867210388,0.6450007510186268,,,,1,teacher,4.976000000000113,7.426303915281096e-05,0,-0.3482457369608551,False
40,0.8244020342826843,0.020298507462686566,0.6438554990482367,9.999989867210388,0.6438554990482367,,,,8,teacher,4.935999999999694,7.106483067431668e-05,0,-0.3454489351693043,False
40,0.8244020342826843,0.0191044776119403,0.6368728064890928,9.999989867210388,0.6368728064890928,,,,3,teacher,5.039999999999964,7.012601956191133e-05,0,-0.3527298739804356,False
40,0.8244020342826843,0.020497512437810946,0.6450007510186268,9.999989867210388,0.6450007510186268,,,,2,teacher,5.010999999999967,6.795609942500391e-05,0,-0.35070204390057275,False
40,0.824378490447998,0.02009950248756219,0.6426908668128926,9.999989867210388,0.6426908668128926,,,,0,teacher,4.969000000000051,6.57386436557772e-05,0,-0.3477642613563478,False
40,0.824378490447998,0.02208955223880597,0.6539623540534042,9.999989867210388,0.6539623540534042,,,,4,teacher,2.0080000000002656,0.19015273102465713,0,-9.950407268975361,True
41,0.8167888522148132,0.020895522388059702,0.6427076796888647,9.999989867210388,0.6427076796888647,,,,1,teacher,0.0,0.0,0,0.0,False
41,0.8167888522148132,0.020895522388059702,0.6427076796888647,9.999989867210388,0.6427076796888647,,,,1,teacher,4.650000000000091,2.4139799666939243,0,2.0884799666939178,False
41,0.6829229593276978,0.019303482587064675,0.5531625010371943,9.999989867210388,0.5531625010371943,,,,2,teacher,4.914999999999964,6.281580671997011,1,2.9375306719970133,False
41,0.5920888185501099,0.013532338308457712,0.4622391808013502,9.999989867210388,0.4622391808013502,,,,3,teacher,4.6349999999997635,4.181317709100907,0,3.856867709100923,False
41,0.34403035044670105,0.01691542288557214,0.3353393378437798,9.999989867210388,9.999989867210388,,,,3,student,3.8450000000002547,4.96355597271455,1,-8.305594027285467,True
42,0.2062106728553772,0.024676616915422885,0.29696409788818984,9.999989867210388,9.999989867210388,,,,6,student,0.0,0.0,0,0.0,False
42,0.2062106728553772,0.024676616915422885,0.29696409788818984,9.999989867210388,9.999989867210388,,,,6,student,5.02599999999984,0.1921196310717903,0,-0.1597003689281985,False
42,0.8718748688697815,0.02208955223880597,0.6824601811064742,9.999989867210388,9.999989867210388,,,,1,student,5.023000000000138,0.3562900278582042,0,0.004680027858194491,False
42,0.8576149344444275,0.024676616915422885,0.68780665484162,9.999989867210388,0.68780665484162,,,,0,teacher,4.9529999999999745,0.00016896094733453992,0,-0.3465410390526637,False
42,0.8576149344444275,0.024875621890547265,0.6888422001509198,9.999989867210388,0.6888422001509198,,,,7,teacher,5.025000000000091,0.23739975232944843,0,-0.11435024767055796,False
42,0.8481128215789795,0.02447761194029851,0.6810650911397818,9.999989867210388,0.6810650911397818,,,,3,teacher,4.934999999999945,8.202601775053608e-05,0,-0.34536797398224567,False
42,0.8481128215789795,0.02427860696517413,0.6800200226897284,9.999989867210388,0.6800200226897284,,,,7,teacher,5.097999999999956,0.3335819383858052,0,-0.02327806161419177,False
42,0.8347644805908203,0.01890547263681592,0.6419077345012386,9.999989867210388,0.6419077345012386,,,,3,teacher,5.130999999999858,0.41221281968834944,0,0.05304281968835933,False
42,0.8194568753242493,0.02427860696517413,0.6628264549368903,9.999989867210388,0.6628264549368903,,,,5,teacher,4.936000000000149,0.00024229952201082483,0,-0.34527770047799966,False
42,0.818274199962616,0.021890547263681594,0.6491957048962986,9.999989867210388,0.6491957048962986,,,,0,teacher,4.8090000000001965,0.00022775488533355315,0,-0.33640224511468025,False
42,0.818274199962616,0.024875621890547265,0.665237759461833,9.999989867210388,9.999989867210388,,,,5,student,4.954999999999927,0.0002288605269775701,2,-6.346621139473017,False
42,0.818274199962616,0.021890547263681594,0.6491957048962986,9.999989867210388,0.6491957048962986,,,,1,teacher,4.91800000000012,0.0002221156156672066,0,-0.34403788438434124,False
42,0.818250298500061,0.021890547263681594,0.6491813640187657,9.999989867210388,0.6491813640187657,,,,5,teacher,5.669999999999618,0.00876730114260127,0,-0.388132698857372,False
42,0.8179067969322205,0.021890547263681594,0.6489752630780614,9.999989867210388,0.6489752630780614,,,,1,teacher,4.8279999999999745,4.011946028725788e-05,0,-10.337919880539712,True
43,0.7944610118865967,0.0191044776119403,0.6189081930514403,9.999989867210388,0.6189081930514403,,,,1,teacher,0.0,0.0,0,0.0,False
43,0.7944610118865967,0.0191044776119403,0.6189081930514403,9.999989867210388,0.6189081930514403,,,,1,teacher,4.792999999999665,7.003803430000529,0,6.668293430000553,False
43,0.8172731995582581,0.0191044776119403,0.6325955056544371,9.999989867210388,0.6325955056544371,,,,7,teacher,4.83600000000024,6.0190299450134574,1,2.6805099450134406,False
43,0.5717144012451172,0.014527363184079602,0.45664417502064103,9.999989867210388,0.45664417502064103,,,,4,teacher,4.8449999999998,6.813688795011288,0,6.474538795011302,False
43,0.32699164748191833,0.02208955223880597,0.35553024827375634,9.999989867210388,0.35553024827375634,,,,0,teacher,1.2480000000000473,1.3702014421262714,0,-8.717158557873733,True
44,0.03363695740699768,0.021293532338308458,0.1750706513537082,9.999989867210388,0.1750706513537082,,,,0,teacher,0.0,0.0,0,0.0,False
44,0.03363695740699768,0.021293532338308458,0.1750706513537082,9.999989867210388,0.1750706513537082,,,,0,teacher,4.694999999999709,0.8159531005952516,0,0.48730310059527193,False
44,0.8208404183387756,0.023681592039800994,0.6604925211458943,9.999989867210388,0.6604925211458943,,,,0,teacher,4.660000000000309,2.8603455291909547,1,-0.46585447080906706,False
44,0.7729519605636597,0.016119402985074627,0.587683556531208,9.999989867210388,0.587683556531208,,,,0,teacher,4.856999999999971,6.3060163080075196,2,-0.033973691992478905,False
44,0.6630832552909851,0.013532338308457712,0.5048358428458752,9.999989867210388,0.5048358428458752,,,,2,teacher,4.753999999999905,4.621326857265692,0,4.288546857265699,False
44,0.40207087993621826,0.016119402985074627,0.3651549081547432,9.999989867210388,0.3651549081547432,,,,0,teacher,4.208999999999833,5.531268642484084,0,-4.763361357515905,True
45,0.2205994427204132,0.021691542288557214,0.28948171062526623,9.999989867210388,9.999989867210388,,,,9,student,0.0,0.0,0,0.0,False
45,0.2205994427204132,0.021691542288557214,0.28948171062526623,9.999989867210388,9.999989867210388,,,,9,student,4.889999999999873,0.2512579171254785,0,-0.0910420828745126,False
45,0.8684852123260498,0.021890547263681594,0.679322312314359,9.999989867210388,9.999989867210388,,,,9,student,5.173000000000229,0.0007060558999860689,0,-0.36140394410003,False
45,0.8684597015380859,0.021890547263681594,0.6793070058415807,9.999989867210388,0.6793070058415807,,,,6,teacher,5.139999999999873,0.3957811261629338,0,0.03598112616294269,False
45,0.8525967597961426,0.023283582089552238,0.6774126865354205,9.999989867210388,0.6774126865354205,,,,1,teacher,4.751000000000204,0.0,0,-0.3325700000000143,False
45,0.8526217937469482,0.02407960199004975,0.6816755431787744,9.999989867210388,0.6816755431787744,,,,6,teacher,4.811999999999898,0.0,0,-0.3368399999999929,False
45,0.8526468276977539,0.023681592039800994,0.6795763667612813,9.999989867210388,0.6795763667612813,,,,6,teacher,5.032999999999902,0.44123960778075144,0,0.08892960778075826,False
45,0.8357386589050293,0.022487562189054726,0.6629715020957748,9.999989867210388,0.6629715020957748,,,,2,teacher,4.829000000000178,0.0010438208607865818,0,-0.3369861791392259,False
45,0.8350330591201782,0.022686567164179106,0.6636371602715024,9.999989867210388,0.6636371602715024,,,,8,teacher,5.25,0.0011284110969747019,0,-0.36637158890302535,False
45,0.8349523544311523,0.022487562189054726,0.6624997194114487,9.999989867210388,0.6624997194114487,,,,0,teacher,4.842000000000098,0.0010363551895515855,0,-0.3379036448104553,False
45,0.8349277377128601,0.023681592039800994,0.6689449127703448,9.999989867210388,9.999989867210388,,,,9,student,4.961999999999989,0.35030895235564685,0,0.0029689523556475916,False
45,0.8208786249160767,0.020696517412935322,0.6440267273979539,9.999989867210388,0.6440267273979539,,,,0,teacher,4.798999999999978,0.0,0,-0.3359299999999985,False
45,0.8208786249160767,0.018308457711442787,0.6299959519572993,9.999989867210388,0.6299959519572993,,,,0,teacher,4.860999999999876,0.0,0,-0.34026999999999136,False
45,0.8208786249160767,0.021293532338308458,0.6474156518591556,9.999989867210388,0.6474156518591556,,,,3,teacher,4.958999999999833,0.0,0,-0.34712999999998834,False
45,0.8208786249160767,0.019303482587064675,0.6359359003902216,9.999989867210388,9.999989867210388,,,,6,student,4.976000000000113,0.14991175117089384,0,-0.19840824882911406,False
45,0.8148905038833618,0.020696517412935322,0.6404338547783248,9.999989867210388,0.6404338547783248,,,,1,teacher,5.364999999999782,0.0,0,-0.37554999999998473,False
45,0.8148905038833618,0.020497512437810946,0.6392938327790333,9.999989867210388,9.999989867210388,,,,4,student,4.707000000000335,0.0,0,-0.3294900000000235,False
45,0.8148905038833618,0.0191044776119403,0.6311658882494994,9.999989867210388,0.6311658882494994,,,,0,teacher,4.791999999999916,0.0,0,-0.3354399999999942,False
45,0.8148905038833618,0.0191044776119403,0.6311658882494994,9.999989867210388,9.999989867210388,,,,2,student,4.962999999999738,0.0,0,-0.3474099999999817,False
45,0.8148905038833618,0.0191044776119403,0.6311658882494994,9.999989867210388,9.999989867210388,,,,6,student,5.108000000000175,0.0,0,-0.35756000000001226,False
45,0.8148905038833618,0.0191044776119403,0.6311658882494994,9.999989867210388,0.6311658882494994,,,,2,teacher,5.195000000000164,0.0,0,-10.363650000000012,True
46,0.8780282139778137,0.020497512437810946,0.6771764588357044,9.999989867210388,0.6771764588357044,,,,6,teacher,0.0,0.0,0,0.0,False
46,0.8780282139778137,0.020497512437810946,0.6771764588357044,9.999989867210388,0.6771764588357044,,,,6,teacher,4.754999999999654,3.9811207288516517,3,-5.351729271148324,False
46,0.689460813999176,0.014328358208955224,0.5259782037468208,9.999989867210388,0.5259782037468208,,,,1,teacher,4.766000000000076,5.281582268287231,1,1.9479622682872257,False
46,0.5318522453308105,0.009950248756218905,0.4009340309363665,9.999989867210388,0.4009340309363665,,,,0,teacher,4.760000000000218,5.96981507978003,0,5.6366150797800145,False
46,0.30365267395973206,0.021293532338308458,0.33708008128534883,9.999989867210388,0.33708008128534883,,,,3,teacher,1.6579999999999018,1.5218373896504114,0,-8.594222610349583,True
47,0.04955953359603882,0.02009950248756219,0.1777994927017171,9.999989867210388,9.999989867210388,,,,8,student,0.0,0.0,0,0.0,False
47,0.04955953359603882,0.02009950248756219,0.1777994927017171,9.999989867210388,9.999989867210388,,,,8,student,4.680000000000291,0.0,0,-0.32760000000002043,False
47,0.8311132192611694,0.027661691542288556,0.6869519553514287,9.999989867210388,0.6869519553514287,,,,3,teacher,4.7169999999996435,0.42158272492593696,0,0.0913927249259619,False
47,0.8291627764701843,0.028855721393034824,0.6915168670337106,9.999989867210388,9.999989867210388,,,,9,student,4.912000000000262,1.764151207005387,0,1.4203112070053687,False
47,0.8129456639289856,0.022885572139303482,0.6514687680332784,9.999989867210388,0.6514687680332784,,,,4,teacher,4.67699999999968,6.541991612583875,1,3.2146016125838965,False
47,0.7222834229469299,0.013134328358208954,0.5376613103888214,9.999989867210388,0.5376613103888214,,,,0,teacher,4.830000000000382,5.924583518919906,0,5.58648351891988,False
47,0.451169490814209,0.00955223880597015,0.34959833786819067,9.999989867210388,0.34959833786819067,,,,0,teacher,4.366999999999734,5.617791435623715,0,-4.687898564376266,True
48,0.22743049263954163,0.023482587064676617,0.30338218745766204,9.999989867210388,0.30338218745766204,,,,0,teacher,0.0,0.0,0,0.0,False
48,0.22743049263954163,0.023482587064676617,0.30338218745766204,9.999989867210388,0.30338218745766204,,,,0,teacher,4.614000000000033,5.764543479366068,0,5.441563479366066,False
48,0.8551666736602783,0.02308457711442786,0.6778804682891532,9.999989867210388,0.6778804682891532,,,,7,teacher,5.164999999999964,6.815187668825814,0,6.453637668825817,False
48,0.6138827800750732,0.014129353233830846,0.47931153718328173,9.999989867210388,0.47931153718328173,,,,3,teacher,4.7159999999998945,0.264752954947463,1,-3.06536704505253,False
48,0.37775370478630066,0.00835820895522388,0.2966083013528278,9.999989867210388,0.2966083013528278,,,,2,teacher,4.869000000000142,6.157253242229146,0,5.816423242229136,False
48,0.31859731674194336,0.01671641791044776,0.31883591471740014,9.999989867210388,0.31883591471740014,,,,2,teacher,1.8460000000000036,2.0942890062494315,0,-8.034930993750569,True
49,0.07628709077835083,0.022487562189054726,0.20730056121976778,9.999989867210388,0.20730056121976778,,,,3,teacher,0.0,0.0,0,0.0,False
49,0.07628709077835083,0.022487562189054726,0.20730056121976778,9.999989867210388,0.20730056121976778,,,,3,teacher,4.739999999999782,6.80541100928161,3,-2.5263889907183756,False
49,0.6848176717758179,0.01711442786069652,0.5410496544388561,9.999989867210388,0.5410496544388561,,,,1,teacher,4.686000000000149,2.513409184276549,9,-24.814610815723462,False
49,0.42380329966545105,0.010149253731343283,0.33755766969778633,9.999989867210388,0.33755766969778633,,,,3,teacher,4.664999999999964,4.487214895998184,0,4.1606648959981865,False
49,0.321753591299057,0.022885572139303482,0.3567535244553212,9.999989867210388,9.999989867210388,,,,3,student,2.9529999999999745,4.11319324448921,0,-6.093516755510788,True
50,0.12992140650749207,0.02308457711442786,0.24273330799748144,9.999989867210388,0.24273330799748144,,,,2,teacher,0.0,0.0,0,0.0,False
50,0.12992140650749207,0.02308457711442786,0.24273330799748144,9.999989867210388,0.24273330799748144,,,,2,teacher,5.119000000000142,0.0,0,-0.35833000000001,False
50,0.8796849250793457,0.021492537313432834,0.6838187718185845,9.999989867210388,0.6838187718185845,,,,4,teacher,5.317999999999756,0.16708287138003897,0,-0.20517712861994403,False
50,0.8730173707008362,0.02228855721393035,0.6842447151415316,9.999989867210388,0.6842447151415316,,,,2,teacher,4.972999999999956,0.00044840113224964284,0,-0.34766159886774733,False
50,0.8729917407035828,0.02427860696517413,0.6949473741644903,9.999989867210388,0.6949473741644903,,,,1,teacher,4.8650000000002365,0.0004494208581178327,0,-0.34010057914189873,False
50,0.8729917407035828,0.022686567164179106,0.6864123692215451,9.999989867210388,0.6864123692215451,,,,5,teacher,5.014000000000124,0.2019414483793085,0,-0.14903855162070018,False
50,0.8648988604545593,0.022885572139303482,0.6826406859486226,9.999989867210388,9.999989867210388,,,,7,student,4.98299999999972,0.0,0,-0.3488099999999804,False
50,0.8648988604545593,0.022686567164179106,0.6815566410721311,9.999989867210388,0.6815566410721311,,,,1,teacher,4.894000000000233,0.21030733050943695,0,-0.13227266949057936,False
50,0.8566713929176331,0.02208955223880597,0.6733380955351852,9.999989867210388,0.6733380955351852,,,,1,teacher,5.080999999999676,0.25780078507542115,0,-0.09786921492455625,False
50,0.8464110493659973,0.021890547263681594,0.6660778145383275,9.999989867210388,0.6660778145383275,,,,7,teacher,4.907000000000153,0.29977089423803704,0,-0.04371910576197369,False
50,0.8341807126998901,0.018706467661691543,0.6403695089680783,9.999989867210388,0.6403695089680783,,,,3,teacher,5.139999999999873,0.29398031429068183,0,-0.0658196857093093,False
50,0.8224408626556396,0.018706467661691543,0.6333255989415281,9.999989867210388,0.6333255989415281,,,,3,teacher,4.822000000000116,0.0010562482591254252,0,-0.33648375174088274,False
50,0.822393536567688,0.01890547263681592,0.6344851680873591,9.999989867210388,0.6344851680873591,,,,2,teacher,5.050000000000182,0.0011014923435972435,0,-0.3523985076564155,False
50,0.8223698735237122,0.0191044776119403,0.6356535100337095,9.999989867210388,0.6356535100337095,,,,6,teacher,5.105999999999767,0.001115616957957144,0,-0.3563043830420266,False
50,0.8223224878311157,0.02009950248756219,0.6414572652427633,9.999989867210388,0.6414572652427633,,,,1,teacher,4.999000000000251,0.0010925606592628867,0,-0.34883743934075473,False
50,0.8222988247871399,0.01990049751243781,0.6402872834145888,9.999989867210388,0.6402872834145888,,,,8,teacher,4.835999999999785,0.19921856258821435,0,-0.13930143741177065,False
50,0.814502477645874,0.017512437810945275,0.6213194518579914,9.999989867210388,0.6213194518579914,,,,4,teacher,5.137000000000171,0.26389158800480317,0,-0.09569841199520884,False
50,0.8037351965904236,0.019303482587064675,0.6256498433948298,9.999989867210388,0.6256498433948298,,,,4,teacher,4.894999999999982,0.0002139374039771269,0,-0.3424360625960216,False
50,0.8037123680114746,0.018109452736318407,0.6184918081538422,9.999989867210388,0.6184918081538422,,,,9,teacher,5.014999999999873,0.3376021984303783,0,-0.013447801569612838,False
50,0.7903050780296326,0.021492537313432834,0.6301908635887565,9.999989867210388,0.6301908635887565,,,,8,teacher,5.083000000000084,0.3453968359970432,0,-0.010413164002962716,False
50,0.77662193775177,0.021293532338308458,0.6208616395605715,9.999989867210388,0.6208616395605715,,,,8,teacher,4.626999999999953,0.0,10,-30.323889999999995,False
50,0.77638179063797,0.01691542288557214,0.5947502019585411,9.999989867210388,0.5947502019585411,,,,2,teacher,4.9529999999999745,0.0,5,-15.346709999999998,False
50,0.7765823602676392,0.02407960199004975,0.636051883091189,9.999989867210388,9.999989867210388,,,,6,student,5.095000000000255,0.08035706637189222,0,-0.2762929336281256,False
50,0.7734032869338989,0.021293532338308458,0.6189304490698488,9.999989867210388,0.6189304490698488,,,,1,teacher,4.786999999999807,0.10139909172857386,0,-0.23369090827141265,False
50,0.7693626880645752,0.021492537313432834,0.6176254296097221,9.999989867210388,0.6176254296097221,,,,7,teacher,3.9169999999999163,0.26760322221798916,1,-13.006586777782005,True
51,0.7586103677749634,0.020696517412935322,0.6066657731132858,9.999989867210388,9.999989867210388,,,,5,student,0.0,0.0,0,0.0,False
51,0.7586103677749634,0.020696517412935322,0.6066657731132858,9.999989867210388,9.999989867210388,,,,5,student,4.657999999999902,6.358126413414958,0,6.032066413414965,False
51,0.8110864162445068,0.019502487562189055,0.631232339117819,9.999989867210388,0.631232339117819,,,,2,teacher,4.626999999999953,6.820814693567118,0,6.496924693567121,False
51,0.5524444580078125,0.003582089552238806,0.3631008669945672,9.999989867210388,0.3631008669945672,,,,0,teacher,4.794000000000324,5.628616024340681,0,5.293036024340658,False
51,0.2968166768550873,0.02109452736318408,0.33185400807148346,9.999989867210388,9.999989867210388,,,,9,student,1.8659999999999854,1.6794887925195277,0,-8.451131207480472,True
52,0.055864062160253525,0.025671641791044777,0.21188678369530375,9.999989867210388,0.21188678369530375,,,,0,teacher,0.0,0.0,0,0.0,False
52,0.055864062160253525,0.025671641791044777,0.21188678369530375,9.999989867210388,0.21188678369530375,,,,0,teacher,4.871999999999844,4.897484939433751,2,-1.4435550605662382,False
52,0.642600417137146,0.016119402985074627,0.5094726304752999,9.999989867210388,0.5094726304752999,,,,0,teacher,4.75,3.3976459881754284,0,3.0651459881754284,False
52,0.5061670541763306,0.011144278606965175,0.39414202648885643,9.999989867210388,0.39414202648885643,,,,7,teacher,4.428000000000338,4.8137695297528635,1,1.5038095297528402,False
52,0.3571474254131317,0.022487562189054726,0.3758167620006363,9.999989867210388,0.3758167620006363,,,,0,teacher,2.842999999999847,3.675616064307756,0,-6.5233939356922335,True
53,0.15931066870689392,0.021293532338308458,0.25047487813364594,9.999989867210388,0.25047487813364594,,,,0,teacher,0.0,0.0,0,0.0,False
53,0.15931066870689392,0.021293532338308458,0.25047487813364594,9.999989867210388,0.25047487813364594,,,,0,teacher,4.644999999999982,6.573579248057273,0,6.248429248057274,False
53,0.7348688244819641,0.01154228855721393,0.5341839243482007,9.999989867210388,0.5341839243482007,,,,2,teacher,4.680000000000291,6.134324368224953,0,5.806724368224932,False
53,0.4785085916519165,0.009751243781094527,0.36746816674946226,9.999989867210388,0.36746816674946226,,,,1,teacher,4.663000000000011,3.7556245828798867,0,3.4292145828798857,False
53,0.2383112907409668,0.03383084577114428,0.3592773867618495,9.999989867210388,0.3592773867618495,,,,0,teacher,1.336999999999989,2.5508863257838312,0,-7.542703674216169,True
54,0.022209223359823227,0.02109452736318408,0.16708953597432502,9.999989867210388,9.999989867210388,,,,1,student,0.0,0.0,0,0.0,False
54,0.022209223359823227,0.02109452736318408,0.16708953597432502,9.999989867210388,9.999989867210388,,,,1,student,5.123000000000047,0.0,0,-0.35861000000000337,False
54,0.8796589970588684,0.02109452736318408,0.6815594001937522,9.999989867210388,9.999989867210388,,,,9,student,5.192000000000007,0.20108128733549435,0,-0.1623587126645062,False
54,0.8716086149215698,0.02308457711442786,0.6877456330459281,9.999989867210388,0.6877456330459281,,,,0,teacher,5.057000000000244,0.0,0,-0.35399000000001707,False
54,0.8716341853141785,0.023681592039800994,0.690968781331136,9.999989867210388,9.999989867210388,,,,1,student,5.063999999999851,0.14671434796153804,0,-0.20776565203845154,False
54,0.8658134341239929,0.021492537313432834,0.6754958772453729,9.999989867210388,0.6754958772453729,,,,6,teacher,5.163000000000011,0.0008971306921132793,0,-0.3605128693078875,False
54,0.8657881021499634,0.021691542288557214,0.6765949062829963,9.999989867210388,0.6765949062829963,,,,3,teacher,5.309999999999945,0.3321768956275939,0,-0.03952310437240231,False
54,0.8527098894119263,0.021691542288557214,0.668747978640174,9.999989867210388,0.668747978640174,,,,0,teacher,4.947999999999865,0.0,0,-0.3463599999999906,False
54,0.8524870276451111,0.020298507462686566,0.6607064950656928,9.999989867210388,0.6607064950656928,,,,0,teacher,5.05600000000004,0.0,0,-0.35392000000000284,False
54,0.8524870276451111,0.020298507462686566,0.6607064950656928,9.999989867210388,0.6607064950656928,,,,6,teacher,4.824000000000069,0.2237027948952175,0,-0.11397720510478737,False
54,0.8439720273017883,0.018706467661691543,0.6462442977292172,9.999989867210388,0.6462442977292172,,,,7,teacher,5.066000000000258,0.0,0,-0.3546200000000181,False
54,0.843562126159668,0.018706467661691543,0.645998357043945,9.999989867210388,0.645998357043945,,,,0,teacher,4.692000000000007,0.0,0,-0.32844000000000056,False
54,0.843562126159668,0.01890547263681592,0.6471863218425472,9.999989867210388,0.6471863218425472,,,,2,teacher,4.9979999999995925,0.0,0,-0.3498599999999715,False
54,0.843562126159668,0.01890547263681592,0.6471863218425472,9.999989867210388,9.999989867210388,,,,6,student,5.12900000000036,0.0,0,-0.3590300000000252,False
54,0.8435865640640259,0.019303482587064675,0.6495606638789913,9.999989867210388,0.6495606638789913,,,,1,teacher,4.842999999999847,0.0,0,-0.3390099999999893,False
54,0.8435865640640259,0.02009950248756219,0.6542157109825093,9.999989867210388,0.6542157109825093,,,,1,teacher,4.820000000000164,0.0,0,-0.33740000000001147,False
54,0.8436110019683838,0.0191044776119403,0.6483981871005126,9.999989867210388,0.6483981871005126,,,,0,teacher,4.798999999999978,0.0,0,-10.335929999999998,True
55,0.8795294165611267,0.02208955223880597,0.6870529097212814,9.999989867210388,0.6870529097212814,,,,7,teacher,0.0,0.0,0,0.0,False
55,0.8795294165611267,0.02208955223880597,0.6870529097212814,9.999989867210388,0.6870529097212814,,,,7,teacher,4.826000000000022,6.630192277662543,0,6.292372277662541,False
55,0.6405090093612671,0.01791044776119403,0.5193598780384913,9.999989867210388,9.999989867210388,,,,6,student,4.541000000000167,5.217764834374951,0,4.89989483437494,False
55,0.36649757623672485,0.018706467661691543,0.35975962709017917,9.999989867210388,0.35975962709017917,,,,0,teacher,3.3079999999999927,4.40282916015644,0,-5.828730839843559,True
56,0.1719750165939331,0.022885572139303482,0.2668863796322469,9.999989867210388,0.2668863796322469,,,,0,teacher,0.0,0.0,0,0.0,False
56,0.1719750165939331,0.022885572139303482,0.2668863796322469,9.999989867210388,0.2668863796322469,,,,0,teacher,5.0590000000001965,7.217554265769891,1,3.8634242657698774,False
56,0.7907121777534485,0.01572139303482587,0.5958007141506574,9.999989867210388,0.5958007141506574,,,,0,teacher,4.837999999999738,5.494972743762073,0,5.156312743762092,False
56,0.49649545550346375,0.008756218905472637,0.37086086264974805,9.999989867210388,0.37086086264974805,,,,0,teacher,4.648000000000138,3.3606790686435,4,-8.96468093135651,False
56,0.30744919180870056,0.022487562189054726,0.3459978218379776,9.999989867210388,0.3459978218379776,,,,0,teacher,3.512000000000171,4.105454458377559,0,-6.140385541622453,True
57,0.14266225695610046,0.024875621890547265,0.25987059365792364,9.999989867210388,9.999989867210388,,,,4,student,0.0,0.0,0,0.0,False
57,0.14266225695610046,0.024875621890547265,0.25987059365792364,9.999989867210388,9.999989867210388,,,,4,student,5.092999999999847,0.295544028246578,0,-0.06096597175341134,False
57,0.8678350448608398,0.021890547263681594,0.678932211835233,9.999989867210388,0.678932211835233,,,,2,teacher,4.9529999999999745,0.21617256261464846,0,-0.13053743738534979,False
57,0.8591858744621277,0.021890547263681594,0.6737427095960057,9.999989867210388,0.6737427095960057,,,,2,teacher,5.47400000000016,0.0,0,-0.38318000000001123,False
57,0.8592110276222229,0.021890547263681594,0.6737578014920629,9.999989867210388,0.6737578014920629,,,,1,teacher,4.898999999999887,0.0,0,-0.34292999999999213,False
57,0.8592361807823181,0.021890547263681594,0.67377289338812,9.999989867210388,9.999989867210388,,,,2,student,5.186999999999898,0.0,0,-0.3630899999999929,False
57,0.8592613339424133,0.02228855721393035,0.6759910930864779,9.999989867210388,9.999989867210388,,,,5,student,4.963999999999942,0.0,0,-0.34747999999999596,False
57,0.8593176007270813,0.022885572139303482,0.6792919301121357,9.999989867210388,0.6792919301121357,,,,1,teacher,4.994000000000142,0.0,0,-0.34958000000000994,False
57,0.8593176007270813,0.02527363184079602,0.6919207251989817,9.999989867210388,9.999989867210388,,,,8,student,5.005999999999858,0.0,0,-10.35041999999999,True
58,0.8509531617164612,0.021293532338308458,0.6654603739393863,9.999989867210388,0.6654603739393863,,,,3,teacher,0.0,0.0,0,0.0,False
58,0.8509531617164612,0.021293532338308458,0.6654603739393863,9.999989867210388,0.6654603739393863,,,,3,teacher,4.751999999999953,0.0,0,-0.3326399999999967,False
58,0.8217593431472778,0.027661691542288556,0.6813396296830938,9.999989867210388,0.6813396296830938,,,,3,teacher,4.73700000000008,0.3656439947836354,0,0.03405399478362975,False
58,0.8415377736091614,0.03144278606965174,0.7108407190469068,9.999989867210388,0.7108407190469068,,,,2,teacher,4.994999999999891,3.219006860035112,1,-0.13064313996488064,False
58,0.8174313306808472,0.02626865671641791,0.6718496461338328,9.999989867210388,0.6718496461338328,,,,5,teacher,4.8400000000001455,1.7086222399207678,5,-13.630177760079242,False
58,0.6541540622711182,0.011940298507462687,0.48855019795536625,9.999989867210388,0.48855019795536625,,,,0,teacher,4.830999999999676,6.93778844194642,0,6.5996184419464425,False
58,0.5858928561210632,0.015124378109452736,0.46905681564537904,9.999989867210388,0.46905681564537904,,,,0,teacher,4.7020000000002256,4.86838650577044,2,-1.460753494229576,False
58,0.3208005726337433,0.017512437810945275,0.32509830885071295,9.999989867210388,0.32509830885071295,,,,8,teacher,4.677999999999884,1.354030554854873,3,-7.973429445145118,False
58,0.16019581258296967,0.023482587064676617,0.26304137942371886,9.999989867210388,0.26304137942371886,,,,3,teacher,1.9400000000000546,2.2077140142062985,0,-7.928085985793706,True
59,0.058993544429540634,0.02109452736318408,0.18916012861615547,9.999989867210388,0.18916012861615547,,,,0,teacher,0.0,0.0,0,0.0,False
59,0.058993544429540634,0.02109452736318408,0.18916012861615547,9.999989867210388,0.18916012861615547,,,,0,teacher,5.082999999999629,0.00017365064404373243,0,-0.3556363493559303,False
59,0.8796072006225586,0.02109452736318408,0.6815283223319663,9.999989867210388,0.6815283223319663,,,,0,teacher,5.120000000000346,0.2615623104702003,0,-0.09683768952982391,False
59,0.8691185116767883,0.02447761194029851,0.6936685051984671,9.999989867210388,0.6936685051984671,,,,3,teacher,4.976999999999862,0.26668736151664874,0,-0.08170263848334164,False
59,0.8584780097007751,0.02308457711442786,0.6798672699134513,9.999989867210388,0.6798672699134513,,,,0,teacher,5.050999999999931,0.0,0,-0.3535699999999952,False
59,0.8584780097007751,0.023283582089552238,0.6809414364782,9.999989867210388,0.6809414364782,,,,4,teacher,5.331000000000131,0.0,0,-0.3731700000000092,False
59,0.8584780097007751,0.02308457711442786,0.6798672699134513,9.999989867210388,0.6798672699134513,,,,4,teacher,4.973999999999705,0.0,0,-0.3481799999999794,False
59,0.8584780097007751,0.02308457711442786,0.6798672699134513,9.999989867210388,0.6798672699134513,,,,1,teacher,4.890000000000327,0.0,0,-0.342300000000023,False
59,0.8584780097007751,0.023482587064676617,0.6820106976944021,9.999989867210388,9.999989867210388,,,,1,student,4.989999999999782,0.0,0,-0.34929999999998473,False
59,0.8585032820701599,0.023283582089552238,0.6809565998998309,9.999989867210388,0.6809565998998309,,,,5,teacher,4.983999999999924,0.0,0,-10.348879999999994,True
60,0.8433158993721008,0.02109452736318408,0.6597535415816915,9.999989867210388,0.6597535415816915,,,,0,teacher,0.0,0.0,0,0.0,False
60,0.8433158993721008,0.02109452736318408,0.6597535415816915,9.999989867210388,0.6597535415816915,,,,0,teacher,5.020999999999731,6.984207911768701,2,0.6327379117687197,False
60,0.6961490511894226,0.011741293532338309,0.5123528242424595,9.999989867210388,9.999989867210388,,,,5,student,4.788000000000011,6.197903035799155,0,5.862743035799154,False
60,0.46690547466278076,0.011940298507462687,0.3762010453903638,9.999989867210388,0.3762010453903638,,,,0,teacher,3.9890000000000327,5.693766607204161,0,-4.585463392795841,True
61,0.22010938823223114,0.02507462686567164,0.30736968875431997,9.999989867210388,0.30736968875431997,,,,0,teacher,0.0,0.0,0,0.0,False
61,0.22010938823223114,0.02507462686567164,0.30736968875431997,9.999989867210388,0.30736968875431997,,,,0,teacher,4.953000000000429,0.33520486544489714,0,-0.011505134555132968,False
61,0.8641951680183411,0.02407960199004975,0.6886195677416102,9.999989867210388,0.6886195677416102,,,,0,teacher,4.835999999999785,0.0,0,-0.338519999999985,False
61,0.8641951680183411,0.02427860696517413,0.6896694305533453,9.999989867210388,0.6896694305533453,,,,3,teacher,5.014000000000124,0.0,0,-0.3509800000000087,False
61,0.8641951680183411,0.023283582089552238,0.6843717314687396,9.999989867210388,0.6843717314687396,,,,2,teacher,5.042999999999665,0.0,0,-0.3530099999999766,False
61,0.8642204999923706,0.023482587064676617,0.6854561918693595,9.999989867210388,0.6854561918693595,,,,7,teacher,4.897000000000389,0.3674073241798972,0,0.024617324179869893,False
61,0.8498351573944092,0.02109452736318408,0.6636650963950765,9.999989867210388,9.999989867210388,,,,8,student,4.987999999999829,0.3642650024496703,0,0.015105002449682214,False
61,0.8349131345748901,0.022487562189054726,0.6624761874976913,9.999989867210388,9.999989867210388,,,,9,student,4.91800000000012,0.1990097165447935,0,-0.14525028345521496,False
61,0.8270161151885986,0.02009950248756219,0.644273441657253,9.999989867210388,0.644273441657253,,,,0,teacher,4.964999999999691,0.001061792244332338,0,-0.34648820775564604,False
61,0.8269921541213989,0.01990049751243781,0.6431032810151442,9.999989867210388,0.6431032810151442,,,,7,teacher,5.0,0.31079429643494194,0,-0.03920570356505809,False
61,0.8147119283676147,0.02009950248756219,0.6368909295646626,9.999989867210388,0.6368909295646626,,,,0,teacher,4.890000000000327,0.0,0,-0.342300000000023,False
61,0.8145384192466736,0.01791044776119403,0.6237775239697351,9.999989867210388,0.6237775239697351,,,,1,teacher,5.018000000000029,0.0,0,-0.35126000000000207,False
61,0.8145384192466736,0.018308457711442787,0.6261918285556575,9.999989867210388,0.6261918285556575,,,,4,teacher,5.096000000000004,0.0,0,-0.3567200000000003,False
61,0.8145384192466736,0.01791044776119403,0.6237775239697351,9.999989867210388,0.6237775239697351,,,,4,teacher,5.031999999999698,0.0,0,-0.3522399999999789,False
61,0.8145384192466736,0.018308457711442787,0.6261918285556575,9.999989867210388,9.999989867210388,,,,4,student,4.880000000000109,0.0,0,-0.3416000000000077,False
61,0.8145384192466736,0.01771144278606965,0.6225620584322445,9.999989867210388,0.6225620584322445,,,,1,teacher,5.139000000000124,0.0,0,-10.359730000000008,True
62,0.8128724694252014,0.018706467661691543,0.627584563003265,9.999989867210388,0.627584563003265,,,,3,teacher,0.0,0.0,0,0.0,False
62,0.8128724694252014,0.018706467661691543,0.627584563003265,9.999989867210388,0.627584563003265,,,,3,teacher,4.936999999999898,6.80668947662177,1,3.4610994766217775,False
62,0.8408970832824707,0.023880597014925373,0.6735860377320314,9.999989867210388,0.6735860377320314,,,,9,teacher,4.692000000000007,6.09716757524466,0,5.768727575244659,False
62,0.5667692422866821,0.011343283582089553,0.43191698500933207,9.999989867210388,0.43191698500933207,,,,4,teacher,4.753000000000156,6.137674461376015,0,5.804964461376004,False
62,0.333364874124527,0.019303482587064675,0.34342764991529184,9.999989867210388,0.34342764991529184,,,,2,teacher,2.1030000000000655,1.88847427663458,0,-8.258735723365424,True
63,0.07452954351902008,0.02109452736318408,0.19848172806984316,9.999989867210388,0.19848172806984316,,,,1,teacher,0.0,0.0,0,0.0,False
63,0.07452954351902008,0.02109452736318408,0.19848172806984316,9.999989867210388,0.19848172806984316,,,,1,teacher,4.628000000000156,3.5882803995139785,1,0.26432039951396735,False
63,0.7036592364311218,0.02208955223880597,0.5815308016432784,9.999989867210388,0.5815308016432784,,,,0,teacher,4.726999999999862,8.093942212124107,0,7.763052212124117,False
63,0.533939003944397,0.009751243781094527,0.40072641412495047,9.999989867210388,0.40072641412495047,,,,1,teacher,4.6840000000001965,4.864204759823449,0,4.536324759823435,False
63,0.2674643099308014,0.022487562189054726,0.3220068927112381,9.999989867210388,0.3220068927112381,,,,3,teacher,1.913000000000011,1.7380545744292917,0,-8.395855425570709,True
64,0.06297265738248825,0.023880597014925373,0.20683138219204197,9.999989867210388,9.999989867210388,,,,0,student,0.0,0.0,0,0.0,False
64,0.06297265738248825,0.023880597014925373,0.20683138219204197,9.999989867210388,9.999989867210388,,,,0,student,4.94399999999996,8.38223745863717,1,5.036157458637174,False
64,0.6584576368331909,0.018706467661691543,0.5349356634480588,9.999989867210388,0.5349356634480588,,,,0,teacher,4.554000000000087,2.481693782390562,1,-0.837086217609444,False
64,0.3864063322544098,0.005174129353233831,0.27672244582976935,9.999989867210388,0.27672244582976935,,,,0,teacher,4.701999999999771,6.004761721421769,0,5.675621721421785,False
64,0.28211039304733276,0.027064676616915424,0.354623063702014,9.999989867210388,9.999989867210388,,,,0,student,0.524000000000342,0.7247881032323221,0,-9.311891896767701,True
65,0.8763758540153503,0.020895522388059702,0.6784598807691868,9.999989867210388,9.999989867210388,,,,7,student,0.0,0.0,0,0.0,False
65,0.8763758540153503,0.020895522388059702,0.6784598807691868,9.999989867210388,9.999989867210388,,,,7,student,5.287000000000262,0.0,5,-15.370090000000019,False
65,0.795952558517456,0.018308457711442787,0.6150403121181269,9.999989867210388,0.6150403121181269,,,,3,teacher,4.679999999999836,0.2173329144366356,2,-6.110267085563353,False
65,0.8077294826507568,0.018308457711442787,0.6221064665981074,9.999989867210388,0.6221064665981074,,,,0,teacher,4.697000000000116,0.7411429861495691,5,-14.58764701385044,False
65,0.8000351190567017,0.018308457711442787,0.6174898484416743,9.999989867210388,0.6174898484416743,,,,2,teacher,5.143999999999778,2.569426893985618,3,-6.790653106014366,False
65,0.7520918846130371,0.016318407960199004,0.5764283079817389,9.999989867210388,9.999989867210388,,,,9,student,4.755000000000109,0.0,10,-30.332850000000008,False
65,0.674429714679718,0.021492537313432834,0.5606656455788078,9.999989867210388,0.5606656455788078,,,,2,teacher,4.7159999999998945,0.5293714417399151,3,-8.800748558260077,False
65,0.7262544631958008,0.020895522388059702,0.5883870462774572,9.999989867210388,0.5883870462774572,,,,0,teacher,4.787000000000262,5.209135425780005,1,1.8740454257799861,False
65,0.6770546436309814,0.015920398009950248,0.5288785853114548,9.999989867210388,9.999989867210388,,,,2,student,4.864999999999782,5.073978332756712,0,4.733428332756728,False
65,0.49360549449920654,0.007761194029850746,0.3615561710326969,9.999989867210388,0.3615561710326969,,,,3,teacher,4.467000000000098,1.1120612073634506,1,-2.2006287926365564,False
65,0.2689390480518341,0.02208955223880597,0.32069868861570583,9.999989867210388,0.32069868861570583,,,,0,teacher,2.813000000000102,5.181231449302056,0,-5.015678550697951,True
66,0.16774271428585052,0.02109452736318408,0.2544096305299414,9.999989867210388,9.999989867210388,,,,8,student,0.0,0.0,0,0.0,False
66,0.16774271428585052,0.02109452736318408,0.2544096305299414,9.999989867210388,9.999989867210388,,,,8,student,4.5919999999996435,6.0693960868089185,1,2.7479560868089434,False
66,0.7168972492218018,0.012935323383084577,0.5330730111208268,9.999989867210388,0.5330730111208268,,,,2,teacher,4.5900000000001455,7.3104982892549435,0,6.989198289254933,False
66,0.44697141647338867,0.01472636815920398,0.3831062033255611,9.999989867210388,9.999989867210388,,,,0,student,3.9980000000000473,4.874367525619996,0,-5.405492474380008,True
67,0.21192464232444763,0.021890547263681594,0.2853859703133977,9.999989867210388,0.2853859703133977,,,,0,teacher,0.0,0.0,0,0.0,False
67,0.21192464232444763,0.021890547263681594,0.2853859703133977,9.999989867210388,0.2853859703133977,,,,0,teacher,4.695999999999913,6.374886610083157,0,6.046166610083164,False
67,0.8292252421379089,0.02208955223880597,0.6568704050673507,9.999989867210388,9.999989867210388,,,,2,student,4.608999999999924,6.22597114387384,0,5.9033411438738455,False
67,0.5768232345581055,0.011940298507462687,0.44215170132755865,9.999989867210388,0.44215170132755865,,,,6,teacher,4.652000000000044,1.7859986819807983,2,-4.539641318019205,False
67,0.3329455554485321,0.013532338308457712,0.30675322294040347,9.999989867210388,9.999989867210388,,,,2,student,4.822000000000116,2.429315846360172,1,-0.9082241536398361,False
67,0.25660470128059387,0.03422885572139304,0.37192747688339756,9.999989867210388,9.999989867210388,,,,7,student,4.692999999999756,0.0,1,-3.3285099999999828,False
67,0.1958577185869217,0.016318407960199004,0.24268780836606968,9.999989867210388,0.24268780836606968,,,,3,teacher,4.3270000000002256,5.497372694968069,1,-7.805517305031946,True
68,0.2489199936389923,0.018507462686567163,0.2880196628191932,9.999989867210388,0.2880196628191932,,,,0,teacher,0.0,0.0,0,0.0,False
68,0.2489199936389923,0.018507462686567163,0.2880196628191932,9.999989867210388,0.2880196628191932,,,,0,teacher,4.813999999999851,1.2285314704259882,0,0.8915514704259986,False
68,0.8499438762664795,0.018308457711442787,0.647435102767541,9.999989867210388,0.647435102767541,,,,4,teacher,4.858999999999924,0.4459380493255196,0,0.10580804932552496,False
68,0.8267203569412231,0.023681592039800994,0.6640204843073627,9.999989867210388,0.6640204843073627,,,,3,teacher,4.856000000000222,2.3194492602573504,3,-7.020470739742665,False
68,0.8044438362121582,0.02427860696517413,0.6538186314696356,9.999989867210388,0.6538186314696356,,,,4,teacher,4.94399999999996,1.7520727497111572,1,-1.59400725028884,False
68,0.6979101300239563,0.021890547263681594,0.5769772629331029,9.999989867210388,9.999989867210388,,,,4,student,4.684999999999945,6.654203573720331,4,-5.673746426279665,False
68,0.6095296144485474,0.012736318407960199,0.46728961170123606,9.999989867210388,0.46728961170123606,,,,0,teacher,4.610000000000127,1.1371493076238686,2,-5.1855506923761405,False
68,0.37310147285461426,0.006766169154228856,0.2815077850969866,9.999989867210388,9.999989867210388,,,,2,student,4.635999999999967,6.048140789691624,0,5.723620789691626,False
68,0.29335817694664,0.023283582089552238,0.34186953682571897,9.999989867210388,0.34186953682571897,,,,0,teacher,2.2289999999998145,1.379688313484266,0,-8.776341686515721,True
69,0.05804773047566414,0.020895522388059702,0.1874630066453752,9.999989867210388,0.1874630066453752,,,,2,teacher,0.0,0.0,0,0.0,False
69,0.05804773047566414,0.020895522388059702,0.1874630066453752,9.999989867210388,0.1874630066453752,,,,2,teacher,4.460000000000036,6.034576163873792,2,-0.2776238361262102,False
69,0.698358416557312,0.012736318407960199,0.5205868929664949,9.999989867210388,0.5205868929664949,,,,4,teacher,4.6469999999999345,6.5054453990735395,0,6.180155399073544,False
69,0.47064030170440674,0.00955223880597015,0.3612808244023093,9.999989867210388,0.3612808244023093,,,,3,teacher,4.342000000000098,5.819041107738686,0,-4.484898892261321,True
70,0.23309634625911713,0.026069651741293533,0.3202457629496117,9.999989867210388,9.999989867210388,,,,4,student,0.0,0.0,0,0.0,False
70,0.23309634625911713,0.026069651741293533,0.3202457629496117,9.999989867210388,9.999989867210388,,,,4,student,4.976000000000113,0.296562152296012,0,-0.051757847703995885,False
70,0.8668289184570312,0.020895522388059702,0.6727317194341955,9.999989867210388,0.6727317194341955,,,,3,teacher,4.9340000000001965,0.00030186215836991437,0,-0.3450781378416439,False
70,0.8668035268783569,0.021890547263681594,0.6783133010457433,9.999989867210388,9.999989867210388,,,,1,student,5.046999999999571,0.0003106817119267191,0,-0.35297931828804324,False
70,0.8668035268783569,0.022686567164179106,0.6826994409264097,9.999989867210388,0.6826994409264097,,,,5,teacher,5.1850000000004,0.00032241665731191915,0,-0.3626275833427161,False
70,0.8667781352996826,0.02109452736318408,0.6738308831382407,9.999989867210388,0.6738308831382407,,,,5,teacher,5.369999999999891,0.17659453593579855,0,-0.19930546406419386,False
70,0.8596934080123901,0.021293532338308458,0.6707045217169436,9.999989867210388,0.6707045217169436,,,,0,teacher,5.226000000000113,0.00044582435605633464,0,-0.3653741756439516,False
70,0.8596934080123901,0.021890547263681594,0.6740472297261632,9.999989867210388,0.6740472297261632,,,,0,teacher,5.038000000000011,0.00042993070861285787,0,-0.35223006929138795,False
70,0.8596683144569397,0.022686567164179106,0.6784183134735593,9.999989867210388,0.6784183134735593,,,,3,teacher,5.014999999999873,0.27455177153143495,0,-0.0764982284685562,False
70,0.8486801385879517,0.02427860696517413,0.6803604128951117,9.999989867210388,0.6803604128951117,,,,6,teacher,4.962999999999738,0.25797938728535996,0,-0.08943061271462172,False
70,0.8383553624153137,0.025870646766169153,0.6823936792369387,9.999989867210388,0.6823936792369387,,,,2,teacher,5.096000000000004,0.0,0,-0.3567200000000003,False
70,0.8383553624153137,0.02507462686567164,0.6783172732641696,9.999989867210388,0.6783172732641696,,,,2,teacher,5.152000000000044,0.0,0,-0.36064000000000307,False
70,0.8383553624153137,0.023880597014925373,0.6720610052117373,9.999989867210388,0.6720610052117373,,,,0,teacher,5.025000000000091,0.0,0,-0.3517500000000064,False
70,0.8383553624153137,0.02447761194029851,0.6752106156415824,9.999989867210388,9.999989867210388,,,,9,student,4.838000000000193,0.42989474983803433,0,0.09123474983802082,False
70,0.8222320079803467,0.022686567164179106,0.6559565295876035,9.999989867210388,0.6559565295876035,,,,2,teacher,4.924999999999727,0.001442403707965667,0,-0.3433075962920153,False
70,0.8211446404457092,0.020497512437810946,0.6430463147164417,9.999989867210388,0.6430463147164417,,,,0,teacher,4.963000000000193,0.0014391837912910432,0,-0.3459708162087225,False
70,0.8210967183113098,0.02308457711442786,0.657438495079772,9.999989867210388,9.999989867210388,,,,8,student,4.8840000000000146,0.4010714138460898,0,0.059191413846088725,False
70,0.8076393604278564,0.02109452736318408,0.638347618215145,9.999989867210388,0.638347618215145,,,,0,teacher,4.811999999999898,0.0009842367267580698,0,-0.33585576327323485,False
70,0.8050232529640198,0.018706467661691543,0.622875033126556,9.999989867210388,0.622875033126556,,,,5,teacher,4.880999999999858,0.21584955172574993,0,-0.12582044827424016,False
70,0.7974266409873962,0.01890547263681592,0.6195050307391841,9.999989867210388,0.6195050307391841,,,,1,teacher,5.625,0.32985332930750744,0,-0.06389667069249261,False
70,0.7837293744087219,0.022686567164179106,0.6328549494446286,9.999989867210388,0.6328549494446286,,,,2,teacher,4.981999999999971,0.2791890241952899,0,-0.06955097580470809,False
70,0.7720460891723633,0.020497512437810946,0.6135871839524342,9.999989867210388,0.6135871839524342,,,,3,teacher,5.105000000000018,0.0008291763599146407,0,-0.3565208236400867,False
70,0.7719789147377014,0.021691542288557214,0.6203093938356391,9.999989867210388,0.6203093938356391,,,,2,teacher,4.825000000000273,0.23799026696203285,0,-0.0997597330379863,False
70,0.7624597549438477,0.021492537313432834,0.6134836697372856,9.999989867210388,9.999989867210388,,,,9,student,5.007999999999811,0.0010355878571992605,0,-0.3495244121427875,False
70,0.7624042630195618,0.021890547263681594,0.6156737427304662,9.999989867210388,0.6156737427304662,,,,0,teacher,4.412000000000262,0.43567756472998553,1,-12.873162435270032,True
71,0.7452607750892639,0.020497512437810946,0.5975159955025745,9.999989867210388,0.5975159955025745,,,,6,teacher,0.0,0.0,0,0.0,False
71,0.7452607750892639,0.020497512437810946,0.5975159955025745,9.999989867210388,0.5975159955025745,,,,6,teacher,4.836999999999989,0.8947458536821706,2,-5.443844146317828,False
71,0.8203215599060059,0.022686567164179106,0.654810260742999,9.999989867210388,0.654810260742999,,,,1,teacher,5.001999999999953,0.1714280509487196,0,-0.17871194905127713,False
71,0.8267942070960999,0.023880597014925373,0.6651243120202089,9.999989867210388,0.6651243120202089,,,,0,teacher,4.968000000000302,1.0480805389801588,1,-2.2996794610198625,False
71,0.8174662590026855,0.02746268656716418,0.6777925098370258,9.999989867210388,0.6777925098370258,,,,3,teacher,4.773000000000138,5.882377708589278,1,2.548267708589268,False
71,0.7796323895454407,0.01671641791044776,0.5954569583994985,9.999989867210388,9.999989867210388,,,,8,student,4.62099999999964,6.398776628122496,0,6.075306628122521,False
71,0.5117561221122742,0.008159203980099502,0.3754956404662966,9.999989867210388,9.999989867210388,,,,9,student,4.777000000000044,3.851388681309719,0,3.516998681309716,False
71,0.2679455578327179,0.020696517412935322,0.31226688714793854,9.999989867210388,0.31226688714793854,,,,9,teacher,2.2960000000002765,2.5216963611792824,0,-7.639023638820737,True
72,0.09795892238616943,0.020895522388059702,0.21140972179167838,9.999989867210388,0.21140972179167838,,,,0,teacher,0.0,0.0,0,0.0,False
72,0.09795892238616943,0.020895522388059702,0.21140972179167838,9.999989867210388,0.21140972179167838,,,,0,teacher,5.1720000000000255,8.713246646090626,1,5.351206646090624,False
72,0.6736335158348083,0.014925373134328358,0.5204053097509005,9.999989867210388,0.5204053097509005,,,,2,teacher,4.887000000000171,2.0118094980775396,2,-4.330280501922473,False
72,0.38077670335769653,0.00736318407960199,0.2907817632405564,9.999989867210388,0.2907817632405564,,,,1,teacher,4.548999999999978,1.6024798047495068,1,-1.7159501952504916,False
72,0.2931293547153473,0.0191044776119403,0.31810919874869065,9.999989867210388,0.31810919874869065,,,,3,teacher,4.844000000000051,6.171335213390082,0,15.832255213390077,True
73,0.880678653717041,0.02527363184079602,0.7047373569929576,9.999989867210388,9.999989867210388,,,,1,student,0.0,0.0,0,0.0,False
73,0.880678653717041,0.02527363184079602,0.7047373569929576,9.999989867210388,9.999989867210388,,,,1,student,5.083000000000084,0.0,0,-0.3558100000000059,False
73,0.8833619952201843,0.02666666666666667,0.713400111240676,9.999989867210388,0.713400111240676,,,,4,teacher,5.117999999999938,0.05956463666924705,0,-0.29869536333074864,False
73,0.8810446858406067,0.02626865671641791,0.7100176592296885,9.999989867210388,0.7100176592296885,,,,3,teacher,4.930000000000291,0.001146436456913591,0,-0.3439535635431068,False
73,0.8809882998466492,0.02626865671641791,0.709983827633314,9.999989867210388,0.709983827633314,,,,1,teacher,4.974999999999909,0.001172768459408502,0,-0.3470772315405852,False
73,0.8809319138526917,0.02646766169154229,0.7109483087035264,9.999989867210388,0.7109483087035264,,,,2,teacher,4.976000000000113,0.0011851246252447822,0,-0.3471348753747631,False
73,0.8809060454368591,0.02666666666666667,0.7119265413706808,9.999989867210388,9.999989867210388,,,,6,student,5.003999999999905,0.01823793322967404,0,-0.3320420667703194,False
73,0.8801493048667908,0.028656716417910448,0.7211638254430668,9.999989867210388,9.999989867210388,,,,9,student,5.0090000000000146,0.0,0,-0.35063000000000105,False
73,0.8814297318458557,0.02746268656716418,0.7161705935429279,9.999989867210388,0.7161705935429279,,,,6,teacher,4.9780000000000655,0.0,0,-0.3484600000000046,False
73,0.8814861178398132,0.0272636815920398,0.7152286999794164,9.999989867210388,9.999989867210388,,,,3,student,4.925999999999931,0.0,0,-10.344819999999995,True
74,0.8550561666488647,0.022686567164179106,0.6756510247887143,9.999989867210388,0.6756510247887143,,,,7,teacher,0.0,0.0,0,0.0,False
74,0.8550561666488647,0.022686567164179106,0.6756510247887143,9.999989867210388,0.6756510247887143,,,,7,teacher,5.30600000000004,0.0,0,-0.37142000000000286,False
74,0.835144579410553,0.029253731343283584,0.6969829398603562,9.999989867210388,0.6969829398603562,,,,1,teacher,4.641000000000076,0.8339194716561593,0,0.509049471656154,False
74,0.8300034999847412,0.02507462686567164,0.673306155805826,9.999989867210388,0.673306155805826,,,,0,teacher,4.6340000000000146,6.035547994125148,3,-3.2888320058748537,False
74,0.7876965403556824,0.01771144278606965,0.6064569310976499,9.999989867210388,0.6064569310976499,,,,3,teacher,4.724999999999909,6.241612206163262,1,2.9108622061632685,False
74,0.5337792038917542,0.007562189054726368,0.3841253512060464,9.999989867210388,0.3841253512060464,,,,5,teacher,4.898000000000138,6.418526002907684,0,6.075666002907674,False
74,0.2766660153865814,0.03044776119402985,0.3674247726547364,9.999989867210388,0.3674247726547364,,,,0,teacher,0.3949999999999818,0.5682949764424288,0,-9.45935502355757,True
75,0.8761036396026611,0.019701492537313434,0.6714090860211662,9.999989867210388,9.999989867210388,,,,6,student,0.0,0.0,0,0.0,False
75,0.8761036396026611,0.019701492537313434,0.6714090860211662,9.999989867210388,9.999989867210388,,,,6,student,4.614999999999782,6.182098801284969,1,2.8590488012849846,False
75,0.6569709777832031,0.018109452736318407,0.5304469740168792,9.999989867210388,0.5304469740168792,,,,0,teacher,4.532000000000153,1.0909814027734974,11,-32.22625859722651,False
75,0.42426055669784546,0.008756218905472637,0.3275199233663771,9.999989867210388,0.3275199233663771,,,,3,teacher,4.773000000000138,4.677623055385837,0,4.343513055385827,False
75,0.3689133822917938,0.021492537313432834,0.37735584614605333,9.999989867210388,0.37735584614605333,,,,0,teacher,4.2039999999997235,4.737123623029991,0,-5.55715637696999,True
76,0.21462079882621765,0.022686567164179106,0.2913898040951261,9.999989867210388,9.999989867210388,,,,3,student,0.0,0.0,0,0.0,False
76,0.21462079882621765,0.022686567164179106,0.2913898040951261,9.999989867210388,9.999989867210388,,,,3,student,4.819999999999709,5.241637379860645,1,1.9042373798606658,False
76,0.8346094489097595,0.02527363184079602,0.6770958341085886,9.999989867210388,0.6770958341085886,,,,0,teacher,4.713000000000193,3.7637931484469895,1,0.43388314844697584,False
76,0.6193398237228394,0.017512437810945275,0.5042218595041705,9.999989867210388,9.999989867210388,,,,0,student,4.85799999999972,3.262395899663474,2,-3.077664100336506,False
76,0.4853389859199524,0.005174129353233831,0.3360820380290949,9.999989867210388,0.3360820380290949,,,,5,teacher,4.5460000000002765,4.846825063063224,0,4.528605063063204,False
76,0.35475942492485046,0.019701492537313434,0.3586025572144798,9.999989867210388,0.3586025572144798,,,,0,teacher,2.8769999999999527,3.7312655890252766,0,-6.47012441097472,True
77,0.150185689330101,0.023880597014925373,0.25915920136060966,9.999989867210388,0.25915920136060966,,,,0,teacher,0.0,0.0,0,0.0,False
77,0.150185689330101,0.023880597014925373,0.25915920136060966,9.999989867210388,0.25915920136060966,,,,0,teacher,4.510000000000218,5.847099212738064,3,-3.468600787261952,False
77,0.7454742789268494,0.012139303482587065,0.5447303274188082,9.999989867210388,0.5447303274188082,,,,0,teacher,4.730000000000018,3.486745533558924,0,3.155645533558923,False
77,0.533880352973938,0.007761194029850746,0.38572108611753575,9.999989867210388,0.38572108611753575,,,,3,teacher,4.726999999999862,4.824048512747756,1,1.4931585127477653,False
77,0.3972751498222351,0.016119402985074627,0.3622774700863533,9.999989867210388,0.3622774700863533,,,,0,teacher,3.505000000000109,4.7470582544281115,0,-5.498291745571896,True
78,0.19338040053844452,0.025870646766169153,0.2954087021108172,9.999989867210388,0.2954087021108172,,,,0,teacher,0.0,0.0,0,0.0,False
78,0.19338040053844452,0.025870646766169153,0.2954087021108172,9.999989867210388,0.2954087021108172,,,,0,teacher,4.906999999999698,5.02031536953233,0,4.676825369532351,False
78,0.8308718800544739,0.024676616915422885,0.6717608222076479,9.999989867210388,0.6717608222076479,,,,2,teacher,4.764000000000124,7.439055854134862,0,7.1055758541348535,False
78,0.6084647178649902,0.0191044776119403,0.5073104166384764,9.999989867210388,0.5073104166384764,,,,0,teacher,4.876000000000204,5.210349983876082,0,4.869029983876068,False
78,0.3036593496799469,0.018706467661691543,0.32205669115611235,9.999989867210388,0.32205669115611235,,,,0,teacher,2.280999999999949,2.894370801892305,1,-10.26529919810769,True
79,0.09009642153978348,0.021293532338308458,0.20894632983337966,9.999989867210388,0.20894632983337966,,,,1,teacher,0.0,0.0,0,0.0,False
79,0.09009642153978348,0.021293532338308458,0.20894632983337966,9.999989867210388,0.20894632983337966,,,,1,teacher,4.98299999999972,0.0010901493657229366,0,-0.3477198506342575,False
79,0.8777227401733398,0.02109452736318408,0.680397646062435,9.999989867210388,0.680397646062435,,,,4,teacher,4.856999999999971,0.1703994516109617,0,-0.1695905483890363,False
79,0.8708576560020447,0.02228855721393035,0.6829488863222567,9.999989867210388,0.6829488863222567,,,,0,teacher,4.963999999999942,0.0,0,-0.34747999999999596,False
79,0.8708831667900085,0.023681592039800994,0.6905181702166341,9.999989867210388,9.999989867210388,,,,8,student,4.967000000000098,0.0,0,-0.3476900000000069,False
79,0.8709087371826172,0.023283582089552238,0.6883998729673053,9.999989867210388,9.999989867210388,,,,7,student,4.925000000000182,0.34823564931645734,0,0.0034856493164445723,False
79,0.8575139045715332,0.021691542288557214,0.6716303877359382,9.999989867210388,0.6716303877359382,,,,2,teacher,5.03899999999976,0.0012412536137382801,0,-0.35148874638624494,False
79,0.8569759130477905,0.021890547263681594,0.6724167327474034,9.999989867210388,0.6724167327474034,,,,5,teacher,5.053000000000338,0.0012459480687567748,0,-0.35246405193126695,False
79,0.856925904750824,0.02109452736318408,0.6679195448089255,9.999989867210388,0.6679195448089255,,,,4,teacher,5.005999999999858,0.0012458124664611603,0,-0.34917418753352897,False
79,0.856869637966156,0.021293532338308458,0.6690102596892031,9.999989867210388,0.6690102596892031,,,,0,teacher,5.1340000000000146,0.0012742636070832702,0,-0.35810573639291776,False
79,0.8568196296691895,0.021890547263681594,0.6723229627202427,9.999989867210388,0.6723229627202427,,,,4,teacher,5.01299999999992,0.2409515905791224,0,-0.10995840942087204,False
79,0.8471623659133911,0.02208955223880597,0.66763267933264,9.999989867210388,0.66763267933264,,,,3,teacher,4.8279999999999745,0.0007815049506483263,0,-0.33717849504934994,False
79,0.8471376895904541,0.02228855721393035,0.6687169064753024,9.999989867210388,9.999989867210388,,,,4,student,4.940000000000055,0.0008054741435365997,0,-0.3449945258564672,False
79,0.8471130132675171,0.023482587064676617,0.6751916998344473,9.999989867210388,0.6751916998344473,,,,2,teacher,4.951000000000022,0.0008128851848496765,0,-0.34575711481515187,False
79,0.8470883369445801,0.02228855721393035,0.668687294887778,9.999989867210388,0.668687294887778,,,,0,teacher,5.099999999999909,0.0008413907041386892,0,-0.35615860929585497,False
79,0.8470321893692017,0.026069651741293533,0.6886072688156624,9.999989867210388,9.999989867210388,,,,6,student,4.876000000000204,0.0008111756414770355,0,-0.34050882435853724,False
79,0.8470075130462646,0.024676616915422885,0.6814422020027222,9.999989867210388,0.6814422020027222,,,,0,teacher,4.754999999999654,0.0007937040392640426,0,-0.3320562959607118,False
79,0.8469828963279724,0.02507462686567164,0.6834937936117648,9.999989867210388,0.6834937936117648,,,,4,teacher,4.725000000000364,0.0008003079714136163,0,-10.329949692028611,True
80,0.8209384083747864,0.0191044776119403,0.6347946309443541,9.999989867210388,0.6347946309443541,,,,3,teacher,0.0,0.0,0,0.0,False
80,0.8209384083747864,0.0191044776119403,0.6347946309443541,9.999989867210388,0.6347946309443541,,,,3,teacher,4.972999999999956,6.560091877193791,2,0.2119818771937947,False
80,0.7771685123443604,0.01990049751243781,0.6132090959489211,9.999989867210388,0.6132090959489211,,,,1,teacher,4.705000000000382,5.2685907038357325,4,-7.060759296164294,False
80,0.5218707323074341,0.00417910447761194,0.3497802196965759,9.999989867210388,0.3497802196965759,,,,2,teacher,4.625,3.113476449770876,1,-0.21027355022912397,False
80,0.29941263794898987,0.021890547263681594,0.337878767688123,9.999989867210388,0.337878767688123,,,,2,teacher,4.722999999999502,3.544454688543615,0,3.21384468854365,False
80,0.20768409967422485,0.03164179104477612,0.3314148200494498,9.999989867210388,0.3314148200494498,,,,1,teacher,0.8370000000004438,0.7590363708795326,0,-9.2995536291205,True
81,0.8772647976875305,0.021492537313432834,0.6823666953834954,9.999989867210388,0.6823666953834954,,,,1,teacher,0.0,0.0,0,0.0,False
81,0.8772647976875305,0.021492537313432834,0.6823666953834954,9.999989867210388,0.6823666953834954,,,,1,teacher,4.706999999999425,5.978446043449518,0,5.648956043449558,False
81,0.6499250531196594,0.016517412935323383,0.5163832484810891,9.999989867210388,0.5163832484810891,,,,7,teacher,4.787000000000262,5.5214186485227765,0,5.186328648522758,False
81,0.39677685499191284,0.015522388059701492,0.35816129162870536,9.999989867210388,0.35816129162870536,,,,0,teacher,4.609999999999673,5.116668831103917,0,-5.20603116889606,True
82,0.16835981607437134,0.016318407960199004,0.22618906685853946,9.999989867210388,0.22618906685853946,,,,2,teacher,0.0,0.0,0,0.0,False
82,0.16835981607437134,0.016318407960199004,0.22618906685853946,9.999989867210388,0.22618906685853946,,,,2,teacher,4.993000000000393,0.0,0,-0.3495100000000275,False
82,0.8796849250793457,0.02208955223880597,0.6871462148322128,9.999989867210388,0.6871462148322128,,,,3,teacher,5.57300000000032,0.3128287246017294,0,-0.07728127539829305,False
82,0.8676470518112183,0.02666666666666667,0.7039711451952964,9.999989867210388,0.7039711451952964,,,,3,teacher,4.916000000000167,0.3536212357302162,0,0.00950123573020445,False
82,0.8530231714248657,0.025870646766169153,0.6911943646426699,9.999989867210388,0.6911943646426699,,,,1,teacher,5.463999999999942,0.0,0,-0.38247999999999593,False
82,0.8530483841896057,0.025870646766169153,0.6912094923015139,9.999989867210388,0.6912094923015139,,,,2,teacher,5.040999999999258,0.0,0,-0.35286999999994806,False
82,0.8530483841896057,0.025870646766169153,0.6912094923015139,9.999989867210388,0.6912094923015139,,,,4,teacher,4.789999999999964,0.0,0,-0.3352999999999975,False
82,0.8530483841896057,0.02646766169154229,0.6942181909056748,9.999989867210388,0.6942181909056748,,,,1,teacher,4.868000000000393,0.0,0,-0.34076000000002754,False
82,0.8530483841896057,0.02626865671641791,0.6932198782390879,9.999989867210388,0.6932198782390879,,,,6,teacher,4.8159999999998035,0.40668530410419734,0,0.06956530410421108,False
82,0.8368383049964905,0.020895522388059702,0.6547373513578709,9.999989867210388,0.6547373513578709,,,,0,teacher,4.880000000000109,0.00018786562214501146,0,-0.34141213437786266,False
82,0.8368134498596191,0.019303482587064675,0.6454967953563472,9.999989867210388,0.6454967953563472,,,,1,teacher,4.917000000000371,0.00019575975193220074,0,-0.34399424024809383,False
82,0.8367886543273926,0.019303482587064675,0.6454819180370113,9.999989867210388,0.6454819180370113,,,,1,teacher,4.983999999999469,0.0002017778045306784,0,-0.34867822219543215,False
82,0.8367886543273926,0.019303482587064675,0.6454819180370113,9.999989867210388,0.6454819180370113,,,,0,teacher,4.744000000000597,0.0001943574168379314,0,-0.33188564258320385,False
82,0.8367886543273926,0.0191044776119403,0.6443047785159178,9.999989867210388,0.6443047785159178,,,,5,teacher,4.987999999999374,0.0002080787026521591,0,-0.34895192129730407,False
82,0.8367637991905212,0.019303482587064675,0.6454670049548884,9.999989867210388,9.999989867210388,,,,7,student,4.8530000000000655,0.26417849845461916,0,-0.07553150154538546,False
82,0.826204776763916,0.01890547263681592,0.636771912205096,9.999989867210388,0.636771912205096,,,,1,teacher,5.057999999999993,0.0008182871019180027,0,-0.35324171289808154,False
82,0.8261803984642029,0.01890547263681592,0.6367572852252681,9.999989867210388,9.999989867210388,,,,2,student,5.166000000000167,0.0008408847194374403,0,-0.3607791152805743,False
82,0.8261317014694214,0.019701492537313434,0.6414259231412224,9.999989867210388,0.6414259231412224,,,,0,teacher,4.936999999999898,0.00081046308161703,0,-0.3447795369183759,False
82,0.8261073231697083,0.020497512437810946,0.6460239243508411,9.999989867210388,9.999989867210388,,,,7,student,5.1270000000004075,0.0008487447171425799,0,-0.358041255282886,False
82,0.8260829448699951,0.02208955223880597,0.6549850267066024,9.999989867210388,9.999989867210388,,,,2,student,4.979999999999563,0.0008262590845440343,0,-0.34777374091542546,False
82,0.8260586261749268,0.02009950248756219,0.6436989482490498,9.999989867210388,0.6436989482490498,,,,7,teacher,5.106999999999971,0.0008492202644845293,0,-10.356640779735514,True
83,0.8632639050483704,0.021691542288557214,0.6750803880220405,9.999989867210388,0.6750803880220405,,,,6,teacher,0.0,0.0,0,0.0,False
83,0.8632639050483704,0.021691542288557214,0.6750803880220405,9.999989867210388,0.6750803880220405,,,,6,teacher,4.498999999999796,6.5314856212477235,0,6.216555621247737,False
83,0.6162582039833069,0.01711442786069652,0.49991397376334956,9.999989867210388,0.49991397376334956,,,,6,teacher,4.569000000000415,6.959771451442795,2,0.6399414514427662,False
83,0.31217294931411743,0.023681592039800994,0.35529203973109935,9.999989867210388,0.35529203973109935,,,,2,teacher,1.675000000000182,1.6791499888044086,0,-8.438100011195605,True
84,0.07058858871459961,0.020696517412935322,0.19385270567706758,9.999989867210388,0.19385270567706758,,,,0,teacher,0.0,0.0,0,0.0,False
84,0.07058858871459961,0.020696517412935322,0.19385270567706758,9.999989867210388,0.19385270567706758,,,,0,teacher,4.972999999999956,8.51699405922322,0,8.168884059223224,False
84,0.7062677145004272,0.014925373134328358,0.5399858289502718,9.999989867210388,0.5399858289502718,,,,1,teacher,4.720000000000255,5.564483526024984,0,5.234083526024966,False
84,0.3822932839393616,0.01671641791044776,0.35705349503585104,9.999989867210388,0.35705349503585104,,,,1,teacher,3.313000000000102,4.557986490125666,0,-5.673923509874341,True
85,0.1614406853914261,0.021890547263681594,0.2550955961535848,9.999989867210388,0.2550955961535848,,,,1,teacher,0.0,0.0,0,0.0,False
85,0.1614406853914261,0.021890547263681594,0.2550955961535848,9.999989867210388,0.2550955961535848,,,,1,teacher,5.048999999999978,0.3065538340488203,0,-0.04687616595117822,False
85,0.8673045039176941,0.022487562189054726,0.6819110091033738,9.999989867210388,0.6819110091033738,,,,2,teacher,5.019000000000233,0.0005431515240381657,0,-0.3507868484759782,False
85,0.867279052734375,0.02208955223880597,0.6797026914252303,9.999989867210388,0.6797026914252303,,,,5,teacher,5.016999999999825,0.37485522163498786,0,0.023665221635000067,False
85,0.853490948677063,0.023681592039800994,0.6800828393488667,9.999989867210388,0.6800828393488667,,,,7,teacher,4.936999999999898,0.0007764348769612184,0,-0.3448135651230317,False
85,0.852252185344696,0.023880597014925373,0.6803990989693667,9.999989867210388,0.6803990989693667,,,,0,teacher,4.765000000000327,0.0007436562262377322,0,-0.3328063437737852,False
85,0.8522272706031799,0.023283582089552238,0.6771909930196429,9.999989867210388,0.6771909930196429,,,,0,teacher,4.9909999999999854,0.0007766423468815731,0,-0.34859335765311744,False
85,0.8522024154663086,0.02407960199004975,0.6814239162103907,9.999989867210388,0.6814239162103907,,,,3,teacher,4.934999999999491,0.0007601737507521023,0,-0.3446898262492123,False
85,0.8522024154663086,0.023681592039800994,0.679309719422414,9.999989867210388,9.999989867210388,,,,7,student,4.905000000000655,0.3106053252995693,0,-0.032744674700476595,False
85,0.8396987318992615,0.021293532338308458,0.6587077160490664,9.999989867210388,9.999989867210388,,,,2,student,5.030999999999949,0.0,0,-0.3521699999999965,False
85,0.8397232294082642,0.02109452736318408,0.6575979396033895,9.999989867210388,0.6575979396033895,,,,0,teacher,4.929000000000087,0.0,0,-0.34503000000000617,False
85,0.8397793173789978,0.021293532338308458,0.6587560673369083,9.999989867210388,0.6587560673369083,,,,4,teacher,4.893999999999323,0.2758385640619352,0,-0.06674143593801746,False
85,0.8287565112113953,0.022686567164179106,0.6598712315262326,9.999989867210388,0.6598712315262326,,,,0,teacher,4.872000000000298,0.0,0,-0.34104000000002094,False
85,0.8287565112113953,0.02009950248756219,0.645317679270931,9.999989867210388,9.999989867210388,,,,6,student,4.994999999999891,0.0,0,-0.3496499999999924,False
85,0.8287806510925293,0.022686567164179106,0.659885715454913,9.999989867210388,9.999989867210388,,,,2,student,5.043999999999869,0.0,0,-0.35307999999999085,False
85,0.8288047313690186,0.020696517412935322,0.6487823912697189,9.999989867210388,0.6487823912697189,,,,3,teacher,5.07300000000032,0.0,0,-0.35511000000002246,False
85,0.8288047313690186,0.020298507462686566,0.6464971173000372,9.999989867210388,0.6464971173000372,,,,5,teacher,5.039999999999964,0.0,0,-0.3527999999999975,False
85,0.8288288116455078,0.02009950248756219,0.6453610595313986,9.999989867210388,9.999989867210388,,,,8,student,4.942000000000007,0.0,0,-0.3459400000000005,False
85,0.8288848400115967,0.020298507462686566,0.6465451824855841,9.999989867210388,9.999989867210388,,,,8,student,5.0649999999996,0.28926885059617646,0,-0.06528114940379554,False
85,0.8173334002494812,0.01711442786069652,0.6205590915230541,9.999989867210388,0.6205590915230541,,,,2,teacher,5.0020000000004075,0.00034539501837116404,0,-0.3497946049816574,False
85,0.8173334002494812,0.01791044776119403,0.6254545125714197,9.999989867210388,0.6254545125714197,,,,1,teacher,4.8659999999999854,0.0003395907791983177,0,-0.3402804092208007,False
85,0.8173097372055054,0.018308457711442787,0.6278546193309565,9.999989867210388,0.6278546193309565,,,,9,teacher,4.707000000000335,0.0003340805482743292,0,-0.32915591945174916,False
85,0.8172860741615295,0.01890547263681592,0.6314206906436641,9.999989867210388,0.6314206906436641,,,,6,teacher,4.880999999999403,0.007093579081455914,2,-6.334576420918502,False
85,0.8170028924942017,0.0191044776119403,0.6324333214160033,9.999989867210388,0.6324333214160033,,,,6,teacher,5.011000000000422,0.02235187404788519,1,-3.3284181259521444,False
85,0.8160765171051025,0.02447761194029851,0.6618433084554556,9.999989867210388,0.6618433084554556,,,,6,teacher,4.904999999999745,0.0,0,-10.343349999999981,True
86,0.8160765171051025,0.02407960199004975,0.659748377193667,9.999989867210388,9.999989867210388,,,,0,student,0.0,0.0,0,0.0,False
86,0.8160765171051025,0.02407960199004975,0.659748377193667,9.999989867210388,9.999989867210388,,,,0,student,4.720000000000255,5.730565320822187,0,5.400165320822169,False
86,0.835329532623291,0.02208955223880597,0.66053297935858,9.999989867210388,0.66053297935858,,,,9,teacher,4.886000000000422,0.0,0,-0.3420200000000296,False
86,0.6456109881401062,0.031840796019900496,0.5950532110413065,9.999989867210388,0.5950532110413065,,,,7,teacher,5.005999999999403,3.402217106234005,2,-2.9482028937659535,False
86,0.6905699968338013,0.020497512437810946,0.564701528549297,9.999989867210388,0.564701528549297,,,,9,teacher,4.828000000000429,4.797961564105911,1,1.4600015641058812,False
86,0.5240736603736877,0.016318407960199004,0.43961737343812934,9.999989867210388,0.43961737343812934,,,,2,teacher,4.765999999999622,2.3919993285733776,0,2.058379328573404,False
86,0.33203813433647156,0.021492537313432834,0.35523069737285995,9.999989867210388,9.999989867210388,,,,5,student,4.552000000000589,0.0,0,-0.3186400000000413,False
86,0.2567990720272064,0.021293532338308458,0.3089679201258334,9.999989867210388,0.3089679201258334,,,,0,teacher,4.536999999999352,4.07967661865656,1,0.7620866186566051,False
86,0.27991971373558044,0.022885572139303482,0.3316531979172353,9.999989867210388,0.3316531979172353,,,,1,teacher,2.0690000000004147,2.2320339925287636,0,-7.9127960074712655,True
87,0.08277871459722519,0.020298507462686566,0.19888150723696124,9.999989867210388,0.19888150723696124,,,,0,teacher,0.0,0.0,0,0.0,False
87,0.08277871459722519,0.020298507462686566,0.19888150723696124,9.999989867210388,0.19888150723696124,,,,0,teacher,4.701000000000022,7.00667941051838,1,3.6776094105183788,False
87,0.7172369956970215,0.01771144278606965,0.5641812043024533,9.999989867210388,0.5641812043024533,,,,4,teacher,4.681999999999789,5.242717501814488,1,1.9149775018145023,False
87,0.44538000226020813,0.011741293532338309,0.3618913948849309,9.999989867210388,0.3618913948849309,,,,1,teacher,4.079000000000633,6.01248422362249,0,-4.273045776377554,True
88,0.23612459003925323,0.02507462686567164,0.3169788098385332,9.999989867210388,0.3169788098385332,,,,0,teacher,0.0,0.0,0,0.0,False
88,0.23612459003925323,0.02507462686567164,0.3169788098385332,9.999989867210388,0.3169788098385332,,,,0,teacher,4.599999999999454,6.384874894735441,1,3.0628748947354794,False
88,0.8341845273971558,0.023681592039800994,0.6684989865809223,9.999989867210388,0.6684989865809223,,,,0,teacher,4.600000000000364,6.752996614695455,0,6.430996614695429,False
88,0.5719974040985107,0.004378109452736319,0.3815154814821166,9.999989867210388,0.3815154814821166,,,,0,teacher,4.34099999999944,5.688631882767237,1,2.3847618827672763,False
88,0.3145076036453247,0.02109452736318408,0.3424685641456259,9.999989867210388,0.3424685641456259,,,,5,teacher,1.83600000000024,1.9921372659631313,0,-8.136382734036886,True
89,0.07696293294429779,0.023482587064676617,0.21310165164051575,9.999989867210388,0.21310165164051575,,,,1,teacher,0.0,0.0,0,0.0,False
89,0.07696293294429779,0.023482587064676617,0.21310165164051575,9.999989867210388,0.21310165164051575,,,,1,teacher,4.962999999999738,0.0,0,-0.3474099999999817,False
89,0.8147671818733215,0.022487562189054726,0.6503886158767502,9.999989867210388,9.999989867210388,,,,4,student,4.904999999999745,0.27687785048653524,0,-0.06647214951344699,False
89,0.826945424079895,0.02009950248756219,0.6442310269920308,9.999989867210388,0.6442310269920308,,,,2,teacher,4.779000000000451,0.7086482340205542,0,0.3741182340205226,False
89,0.8180417418479919,0.021691542288557214,0.6479470901018135,9.999989867210388,9.999989867210388,,,,3,student,4.583999999999833,5.170993676136385,1,1.850113676136397,False
89,0.7844848036766052,0.018706467661691543,0.6105519635541073,9.999989867210388,0.6105519635541073,,,,5,teacher,5.0,4.684034772102848,0,4.334034772102848,False
89,0.5534971952438354,0.010348258706467661,0.4168203778270183,9.999989867210388,0.4168203778270183,,,,2,teacher,4.63799999999992,3.9268719965626353,0,3.602211996562641,False
89,0.40490081906318665,0.013532338308457712,0.34992638110919616,9.999989867210388,0.34992638110919616,,,,4,teacher,4.6159999999999854,0.38963928642616885,3,-8.93348071357383,False
89,0.2266862541437149,0.02646766169154229,0.3184009128781403,9.999989867210388,0.3184009128781403,,,,1,teacher,4.605000000000473,2.2386704013445513,4,-10.083679598655483,False
89,0.2247972935438156,0.01691542288557214,0.2637995037020485,9.999989867210388,0.2637995037020485,,,,0,teacher,1.337999999999738,2.564214191074681,0,-7.529445808925301,True
90,0.05072222277522087,0.02228855721393035,0.19086762638616248,9.999989867210388,0.19086762638616248,,,,0,teacher,0.0,0.0,0,0.0,False
90,0.05072222277522087,0.02228855721393035,0.19086762638616248,9.999989867210388,0.19086762638616248,,,,0,teacher,4.88799999999992,8.374158430901836,2,2.031998430901842,False
90,0.6120097637176514,0.01253731343283582,0.4674086306332732,9.999989867210388,0.4674086306332732,,,,3,teacher,4.529000000000451,3.9234573694670214,0,3.60642736946699,False
90,0.3301919400691986,0.019701492537313434,0.34386206630108873,9.999989867210388,0.34386206630108873,,,,2,teacher,4.177999999999884,4.7024187947923055,1,-8.590041205207687,True
91,0.1833009570837021,0.02308457711442786,0.2747610383432074,9.999989867210388,0.2747610383432074,,,,1,teacher,0.0,0.0,0,0.0,False
91,0.1833009570837021,0.02308457711442786,0.2747610383432074,9.999989867210388,0.2747610383432074,,,,1,teacher,4.891000000000531,2.439892903538521e-05,0,-0.3423456010710018,False
91,0.8796072006225586,0.02109452736318408,0.6815283223319663,9.999989867210388,0.6815283223319663,,,,1,teacher,4.820999999999913,2.341205377121014e-05,0,-0.33744658794622273,False
91,0.8796072006225586,0.020895522388059702,0.6803986887335118,9.999989867210388,0.6803986887335118,,,,1,teacher,5.070999999999913,2.377086592630917e-05,0,-0.3549462291340676,False
91,0.8796072006225586,0.02109452736318408,0.6815283223319663,9.999989867210388,9.999989867210388,,,,5,student,5.054000000000087,2.2997328763096903e-05,0,-0.35375700267124305,False
91,0.8796072006225586,0.020696517412935322,0.679263872821843,9.999989867210388,0.679263872821843,,,,5,teacher,5.018000000000029,0.2523822130537958,0,-0.09887778694620625,False
91,0.8710662722587585,0.02228855721393035,0.683074056076285,9.999989867210388,9.999989867210388,,,,4,student,5.064000000000306,0.0,0,-0.35448000000002144,False
91,0.8695336580276489,0.023482587064676617,0.6886440866905265,9.999989867210388,0.6886440866905265,,,,0,teacher,4.8619999999991705,0.3685832066779362,0,0.028243206677994237,False
91,0.8596432209014893,0.029850746268656716,0.7144655901114996,9.999989867210388,0.7144655901114996,,,,6,teacher,4.966000000000349,0.0013532180281181638,0,-0.3462667819719063,False
91,0.8547836542129517,0.030248756218905472,0.7133843729545779,9.999989867210388,0.7133843729545779,,,,1,teacher,5.003999999999905,0.001326054376839636,0,-0.3489539456231538,False
91,0.8547274470329285,0.030646766169154228,0.7151684544931045,9.999989867210388,0.7151684544931045,,,,7,teacher,4.962999999999738,0.14470868333476972,0,-0.20270131666521196,False
91,0.8488713502883911,0.02965174129353234,0.7070788894501425,9.999989867210388,0.7070788894501425,,,,4,teacher,5.057999999999993,0.0,0,-0.35405999999999954,False
91,0.8488961458206177,0.030049751243781096,0.7089367056926705,9.999989867210388,0.7089367056926705,,,,1,teacher,5.113000000000284,0.0,0,-0.3579100000000199,False
91,0.8488961458206177,0.028855721393034824,0.7033568886439707,9.999989867210388,9.999989867210388,,,,0,student,4.802999999999884,0.0,0,-0.3362099999999919,False
91,0.8489275574684143,0.02845771144278607,0.7014814832781107,9.999989867210388,0.7014814832781107,,,,1,teacher,5.041000000000167,0.0,0,-0.35287000000001173,False
91,0.8489275574684143,0.028656716417910448,0.702430777004041,9.999989867210388,0.702430777004041,,,,0,teacher,4.913000000000466,0.0,0,-0.34391000000003263,False
91,0.8489275574684143,0.02845771144278607,0.7014814832781107,9.999989867210388,0.7014814832781107,,,,5,teacher,4.980999999999767,0.0,0,-0.3486699999999837,False
91,0.8489275574684143,0.028656716417910448,0.702430777004041,9.999989867210388,0.702430777004041,,,,4,teacher,5.167999999999665,0.0,0,-10.361759999999977,True
92,0.8793221712112427,0.023681592039800994,0.6955815728693744,9.999989867210388,0.6955815728693744,,,,0,teacher,0.0,0.0,0,0.0,False
92,0.8793221712112427,0.023681592039800994,0.6955815728693744,9.999989867210388,0.6955815728693744,,,,0,teacher,4.5109999999995125,0.39275662558381086,1,-2.923013374416155,False
92,0.8344314694404602,0.02965174129353234,0.698414960941384,9.999989867210388,9.999989867210388,,,,3,student,4.708000000000538,2.141888529908485,1,-1.1876714700915527,False
92,0.8177393078804016,0.02626865671641791,0.6720344324535654,9.999989867210388,0.6720344324535654,,,,5,teacher,4.433999999999287,7.29802151645889,0,6.98764151645894,False
92,0.6662635207176208,0.017313432835820895,0.5311494344301454,9.999989867210388,0.5311494344301454,,,,2,teacher,4.647000000000844,5.383949498968376,0,5.058659498968317,False
92,0.4153088927268982,0.017512437810945275,0.38180330090660586,9.999989867210388,0.38180330090660586,,,,0,teacher,3.6939999999995052,5.230435228093446,0,-5.028144771906519,True
93,0.19133184850215912,0.023482587064676617,0.28172300097523256,9.999989867210388,0.28172300097523256,,,,0,teacher,0.0,0.0,0,0.0,False
93,0.19133184850215912,0.023482587064676617,0.28172300097523256,9.999989867210388,0.28172300097523256,,,,0,teacher,5.122000000000298,0.2752004993095625,0,-0.08333950069045842,False
93,0.8688592910766602,0.020895522388059702,0.6739499430059728,9.999989867210388,0.6739499430059728,,,,1,teacher,4.8090000000001965,0.00022237911615263783,0,-0.33640762088386117,False
93,0.8686701655387878,0.020895522388059702,0.6738364676832493,9.999989867210388,0.6738364676832493,,,,0,teacher,4.862999999999374,0.0002206058517728593,0,-0.3401893941481834,False
93,0.8686701655387878,0.021691542288557214,0.678324144316291,9.999989867210388,0.678324144316291,,,,2,teacher,5.126000000000204,0.0002256578530079878,0,-0.3585943421470063,False
93,0.8686701655387878,0.020895522388059702,0.6738364676832493,9.999989867210388,0.6738364676832493,,,,0,teacher,4.873999999999796,0.0002088258850214686,0,-0.3409711741149643,False
93,0.868644654750824,0.02109452736318408,0.6749507948089255,9.999989867210388,0.6749507948089255,,,,4,teacher,5.149000000000342,0.3088474385055946,0,-0.05158256149442936,False
93,0.8562895059585571,0.023880597014925373,0.6828214913376833,9.999989867210388,0.6828214913376833,,,,2,teacher,5.212000000000444,0.33768987386786975,0,-0.027150126132161334,False
93,0.8427761793136597,0.02527363184079602,0.6819958723509287,9.999989867210388,0.6819958723509287,,,,2,teacher,4.843999999999141,0.0,0,-0.33907999999993993,False
93,0.8428008556365967,0.02507462686567164,0.6809845691969393,9.999989867210388,9.999989867210388,,,,6,student,4.975000000000364,0.3217883116545224,0,-0.02646168834550311,False
93,0.8299505114555359,0.02208955223880597,0.6573055666579268,9.999989867210388,0.6573055666579268,,,,2,teacher,5.032000000000153,0.0,0,-0.3522400000000107,False
93,0.829974889755249,0.02228855721393035,0.6584192265741794,9.999989867210388,0.6584192265741794,,,,6,teacher,5.246000000000095,0.31277224607256215,0,-0.0544477539274445,False
93,0.8174816370010376,0.02208955223880597,0.6498242419852279,9.999989867210388,0.6498242419852279,,,,3,teacher,5.126999999999498,0.00041355982018487225,0,-0.35847644017978003,False
93,0.8174575567245483,0.021691542288557214,0.6475965790277473,9.999989867210388,0.6475965790277473,,,,2,teacher,5.027000000000044,0.00038796395034879083,0,-0.3515020360496543,False
93,0.8174575567245483,0.022487562189054726,0.6520028407874863,9.999989867210388,9.999989867210388,,,,0,student,5.039999999999964,0.00037790778145208037,0,-0.3524220922185454,False
93,0.8174335360527039,0.02109452736318408,0.6442241235900534,9.999989867210388,0.6442241235900534,,,,4,teacher,4.954000000000633,0.00036339596567813715,0,-0.3464166040343662,False
93,0.8174335360527039,0.02308457711442786,0.6552405857246084,9.999989867210388,9.999989867210388,,,,8,student,4.969999999999345,0.0003543999409636456,0,-0.34754560005899054,False
93,0.817377507686615,0.022487562189054726,0.6519548113647262,9.999989867210388,0.6519548113647262,,,,3,teacher,5.097000000000662,0.00035518783068511084,0,-10.356434812169361,True
94,0.7939727306365967,0.018706467661691543,0.6162447197301022,9.999989867210388,0.6162447197301022,,,,0,teacher,0.0,0.0,0,0.0,False
94,0.7939727306365967,0.018706467661691543,0.6162447197301022,9.999989867210388,0.6162447197301022,,,,0,teacher,4.7609999999995125,5.73752430378487,0,5.404254303784904,False
94,0.818041980266571,0.022686567164179106,0.6534425129593381,9.999989867210388,0.6534425129593381,,,,9,teacher,4.654000000000451,3.2636064002793113,2,-3.0621735997207202,False
94,0.6239398121833801,0.018109452736318407,0.5106282746569855,9.999989867210388,0.5106282746569855,,,,2,teacher,4.444999999999709,4.392066419960017,0,4.080916419960037,False
94,0.5154668092727661,0.011343283582089553,0.40113552520098245,9.999989867210388,0.40113552520098245,,,,3,teacher,4.721000000000458,1.9544909261463745,1,-1.3759790738536575,False
94,0.31433939933776855,0.01253731343283582,0.2888064120053435,9.999989867210388,0.2888064120053435,,,,0,teacher,4.579999999999927,5.884177522924229,0,-4.436422477075767,True
95,0.24668379127979279,0.02666666666666667,0.3313931888764411,9.999989867210388,0.3313931888764411,,,,0,teacher,0.0,0.0,0,0.0,False
95,0.24668379127979279,0.02666666666666667,0.3313931888764411,9.999989867210388,0.3313931888764411,,,,0,teacher,4.587999999999738,1.506221410192122,0,1.1850614101921404,False
95,0.8631352186203003,0.019701492537313434,0.6636280334317497,9.999989867210388,0.6636280334317497,,,,7,teacher,4.700000000000728,0.0,0,-0.329000000000051,False
95,0.8254558444023132,0.023681592039800994,0.6632617767840168,9.999989867210388,0.6632617767840168,,,,0,teacher,4.671999999999571,0.23015345535297627,0,-0.0968865446469937,False
95,0.8279070854187012,0.023283582089552238,0.6625988819089557,9.999989867210388,0.6625988819089557,,,,6,teacher,4.855999999999767,0.7341835459425816,0,0.3942635459425979,False
95,0.8192480802536011,0.02208955223880597,0.650884107936766,9.999989867210388,9.999989867210388,,,,0,student,4.652000000000044,7.0226435166357195,2,0.697003516635716,False
95,0.7544978857040405,0.01373134328358209,0.5610227155640093,9.999989867210388,9.999989867210388,,,,5,student,4.359000000000378,5.723033879592954,0,5.417903879592927,False
95,0.48970791697502136,0.005572139303482587,0.34193942453613857,9.999989867210388,9.999989867210388,,,,6,student,4.4539999999997235,5.944120372348642,0,5.632340372348661,False
95,0.260479211807251,0.03383084577114428,0.37257813940162,9.999989867210388,9.999989867210388,,,,2,student,0.18400000000019645,0.3723743933959942,0,-9.64050560660402,True
96,0.8661145567893982,0.020497512437810946,0.6700282645226551,9.999989867210388,9.999989867210388,,,,1,student,0.0,0.0,0,0.0,False
96,0.8661145567893982,0.020497512437810946,0.6700282645226551,9.999989867210388,9.999989867210388,,,,1,student,4.833999999999833,5.671963777995215,0,5.333583777995226,False
96,0.6583672165870667,0.019701492537313434,0.5407672322118096,9.999989867210388,0.5407672322118096,,,,5,teacher,4.792999999999665,4.432115954600239,3,-4.903394045399737,False
96,0.45334121584892273,0.011741293532338309,0.36666812303815965,9.999989867210388,0.36666812303815965,,,,3,teacher,4.524000000000342,0.0,0,-0.31668000000002394,False
96,0.25525298714637756,0.020895522388059702,0.3057861606478033,9.999989867210388,0.3057861606478033,,,,0,teacher,4.291000000000167,6.558285353394572,0,-3.7420846466054396,True
97,0.2500206232070923,0.029253731343283584,0.34590856613827975,9.999989867210388,0.34590856613827975,,,,1,teacher,0.0,0.0,0,0.0,False
97,0.2500206232070923,0.029253731343283584,0.34590856613827975,9.999989867210388,0.34590856613827975,,,,1,teacher,4.897999999999229,0.0,0,-0.34285999999994604,False
97,0.8812602758407593,0.026069651741293533,0.709144120698597,9.999989867210388,0.709144120698597,,,,2,teacher,5.083000000000538,0.0,0,-0.3558100000000377,False
97,0.8812861442565918,0.02626865671641791,0.7101625342792796,9.999989867210388,9.999989867210388,,,,3,student,5.015999999999622,0.0,0,-0.35111999999997356,False
97,0.8815447688102722,0.026865671641791045,0.7132989909806032,9.999989867210388,0.7132989909806032,,,,1,teacher,5.177999999999884,0.00047609368591849943,0,-0.3619839063140734,False
97,0.8815142512321472,0.02666666666666667,0.7122914648478538,9.999989867210388,0.7122914648478538,,,,5,teacher,4.815000000000509,0.0004357888354924455,0,-0.33661421116454326,False
97,0.8815142512321472,0.027064676616915424,0.7142653786129027,9.999989867210388,0.7142653786129027,,,,3,teacher,5.193999999999505,0.0004619953338469429,0,-10.363118004666118,True
98,0.8719567656517029,0.021890547263681594,0.6814052443097508,9.999989867210388,0.6814052443097508,,,,0,teacher,0.0,0.0,0,0.0,False
98,0.8719567656517029,0.021890547263681594,0.6814052443097508,9.999989867210388,0.6814052443097508,,,,0,teacher,4.298999999999978,0.0,0,-0.3009299999999985,False
98,0.8238925933837891,0.02407960199004975,0.664438022960879,9.999989867210388,0.664438022960879,,,,0,teacher,4.970999999999549,0.3649182410126457,0,0.016948241012677223,False
98,0.8265829682350159,0.024676616915422885,0.669187475115973,9.999989867210388,9.999989867210388,,,,8,student,4.727000000000771,0.9899370183225074,0,0.6590470183224533,False
98,0.8173745274543762,0.02009950248756219,0.6384884890167195,9.999989867210388,0.6384884890167195,,,,1,teacher,4.744999999999891,5.998863729433328,2,-0.3332862705666644,False
98,0.7465916872024536,0.011343283582089553,0.539810451958795,9.999989867210388,0.539810451958795,,,,2,teacher,4.493999999999687,4.6985217743842345,0,4.383941774384256,False
98,0.5104408860206604,0.007761194029850746,0.3716574059455693,9.999989867210388,0.3716574059455693,,,,0,teacher,4.307999999999993,4.224879418658542,0,3.9233194186585427,False
98,0.3365074694156647,0.020696517412935322,0.3534040340977066,9.999989867210388,0.3534040340977066,,,,0,teacher,2.9530000000004293,4.207077871912597,0,-5.999632128087433,True
99,0.13736791908740997,0.019701492537313434,0.22816765371201553,9.999989867210388,0.22816765371201553,,,,3,teacher,0.0,0.0,0,0.0,False
99,0.13736791908740997,0.019701492537313434,0.22816765371201553,9.999989867210388,0.22816765371201553,,,,3,teacher,4.950000000000728,0.000670182367358052,0,-0.34582981763269294,False
99,0.878550112247467,0.020895522388059702,0.6797644357084569,9.999989867210388,0.6797644357084569,,,,0,teacher,5.067000000000007,0.0007004723092620679,0,-0.3539895276907385,False
99,0.8785242438316345,0.020895522388059702,0.6797489146589575,9.999989867210388,9.999989867210388,,,,5,student,4.808999999999287,0.0006799296652815201,0,-0.3359500703346686,False
99,0.878498375415802,0.021293532338308458,0.6819875021589907,9.999989867210388,0.6819875021589907,,,,4,teacher,4.923000000000684,0.0007044646878995309,0,-0.3439055353121484,False
99,0.8784725069999695,0.020696517412935322,0.6785830566482894,9.999989867210388,0.6785830566482894,,,,0,teacher,5.152000000000044,0.0007494068760180994,0,-0.35989059312398497,False
99,0.878446638584137,0.020696517412935322,0.67856753559879,9.999989867210388,0.67856753559879,,,,4,teacher,4.860999999999876,0.0007146209268391601,0,-0.3395553790731522,False
99,0.8784207701683044,0.020696517412935322,0.6785520145492905,9.999989867210388,9.999989867210388,,,,3,student,5.069999999999709,0.0007513630493463097,0,-10.354148636950633,True
100,0.8472300171852112,0.019502487562189055,0.6529184996822416,9.999989867210388,0.6529184996822416,,,,9,teacher,0.0,0.0,0,0.0,False
100,0.8472300171852112,0.019502487562189055,0.6529184996822416,9.999989867210388,0.6529184996822416,,,,9,teacher,4.71100000000024,5.064149634953754,0,4.734379634953737,False
100,0.7687762379646301,0.019303482587064675,0.6046744682193538,9.999989867210388,0.6046744682193538,,,,3,teacher,4.6010000000005675,7.1713064461022515,0,6.8492364461022115,False
100,0.5719856023788452,0.012935323383084577,0.4461260230150529,9.999989867210388,0.4461260230150529,,,,0,teacher,4.432999999999993,4.946282727878722,0,4.635972727878722,False
100,0.3254563808441162,0.01711442786069652,0.32543287987983516,9.999989867210388,0.32543287987983516,,,,0,teacher,2.668999999999869,3.5058968867454126,0,-6.680933113254579,True
101,0.1164037212729454,0.0191044776119403,0.21207381868324954,9.999989867210388,0.21207381868324954,,,,0,teacher,0.0,0.0,0,0.0,False
101,0.1164037212729454,0.0191044776119403,0.21207381868324954,9.999989867210388,0.21207381868324954,,,,0,teacher,4.818999999999505,0.0,0,9.662670000000034,True
