WARNING: Package name "gazebo_ros_2Dmap_plugin" does not follow the naming conventions. It should start with a lower case letter and only contain lower case letters, digits, underscores, and dashes.
xacro: in-order processing became default in ROS Melodic. You can drop the option.
... logging to /home/robot/.ros/log/2d984070-7e8b-11f1-91bc-3382cc4c3ed1/roslaunch-WP-985431.log
Checking log directory for disk usage. This may take a while.
Press Ctrl-C to interrupt
]2;/home/robot/robot_ws_base_rl/src/tools/thesis_experiment/launch/t11_formal_run.launch
[1mstarted roslaunch server http://WP:35027/[0m

SUMMARY
========

PARAMETERS
 * /gazebo/enable_ros_network: True
 * /m2_gazebo/simulation_only: True
 * /m2_robot_state_publisher/publish_frequency: 30.0
 * /move_base/TebLocalPlannerROS/acc_lim_theta: 0.8
 * /move_base/TebLocalPlannerROS/acc_lim_x: 0.8
 * /move_base/TebLocalPlannerROS/allow_init_with_backwards_motion: True
 * /move_base/TebLocalPlannerROS/cmd_angle_instead_rotvel: False
 * /move_base/TebLocalPlannerROS/costmap_obstacles_behind_robot_dist: 1.5
 * /move_base/TebLocalPlannerROS/dt_hysteresis: 0.1
 * /move_base/TebLocalPlannerROS/dt_ref: 0.3
 * /move_base/TebLocalPlannerROS/enable_homotopy_class_planning: False
 * /move_base/TebLocalPlannerROS/enable_multithreading: True
 * /move_base/TebLocalPlannerROS/feasibility_check_no_poses: 5
 * /move_base/TebLocalPlannerROS/footprint_model/type: polygon
 * /move_base/TebLocalPlannerROS/footprint_model/vertices: [[0.52, 0.35], [0...
 * /move_base/TebLocalPlannerROS/global_plan_overwrite_orientation: True
 * /move_base/TebLocalPlannerROS/include_costmap_obstacles: True
 * /move_base/TebLocalPlannerROS/inflation_dist: 0.55
 * /move_base/TebLocalPlannerROS/map_frame: odom
 * /move_base/TebLocalPlannerROS/max_global_plan_lookahead_dist: 8.0
 * /move_base/TebLocalPlannerROS/max_number_classes: 4
 * /move_base/TebLocalPlannerROS/max_samples: 500
 * /move_base/TebLocalPlannerROS/max_vel_theta: 1.0
 * /move_base/TebLocalPlannerROS/max_vel_x: 1.2
 * /move_base/TebLocalPlannerROS/max_vel_x_backwards: 0.6
 * /move_base/TebLocalPlannerROS/max_vel_y: 0.0
 * /move_base/TebLocalPlannerROS/min_obstacle_dist: 0.25
 * /move_base/TebLocalPlannerROS/min_turning_radius: 1.2
 * /move_base/TebLocalPlannerROS/obstacle_poses_affected: 15
 * /move_base/TebLocalPlannerROS/odom_topic: /odom
 * /move_base/TebLocalPlannerROS/teb_autosize: True
 * /move_base/TebLocalPlannerROS/weight_acc_lim_theta: 1.0
 * /move_base/TebLocalPlannerROS/weight_acc_lim_x: 1.0
 * /move_base/TebLocalPlannerROS/weight_adapt_factor: 2.0
 * /move_base/TebLocalPlannerROS/weight_inflation: 0.1
 * /move_base/TebLocalPlannerROS/weight_kinematics_forward_drive: 10.0
 * /move_base/TebLocalPlannerROS/weight_kinematics_nh: 1000.0
 * /move_base/TebLocalPlannerROS/weight_kinematics_turning_radius: 10.0
 * /move_base/TebLocalPlannerROS/weight_max_vel_theta: 1.0
 * /move_base/TebLocalPlannerROS/weight_max_vel_x: 2.0
 * /move_base/TebLocalPlannerROS/weight_obstacle: 50.0
 * /move_base/TebLocalPlannerROS/weight_optimaltime: 1.0
 * /move_base/TebLocalPlannerROS/weight_viapoint: 1.0
 * /move_base/TebLocalPlannerROS/wheelbase: 0.65
 * /move_base/base_global_planner: navfn/NavfnROS
 * /move_base/base_local_planner: teb_local_planner...
 * /move_base/clearing_rotation_allowed: False
 * /move_base/controller_frequency: 10.0
 * /move_base/controller_patience: 5.0
 * /move_base/global_costmap/footprint: [[0.52, 0.35], [0...
 * /move_base/global_costmap/footprint_padding: 0.05
 * /move_base/global_costmap/global_frame: odom
 * /move_base/global_costmap/height: 30.0
 * /move_base/global_costmap/inflation_layer/cost_scaling_factor: 4.0
 * /move_base/global_costmap/inflation_layer/enabled: True
 * /move_base/global_costmap/inflation_layer/inflation_radius: 0.55
 * /move_base/global_costmap/obstacle_layer/enabled: True
 * /move_base/global_costmap/obstacle_layer/observation_sources: scan
 * /move_base/global_costmap/obstacle_layer/scan/clearing: True
 * /move_base/global_costmap/obstacle_layer/scan/data_type: LaserScan
 * /move_base/global_costmap/obstacle_layer/scan/inf_is_valid: True
 * /move_base/global_costmap/obstacle_layer/scan/marking: True
 * /move_base/global_costmap/obstacle_layer/scan/obstacle_range: 12.0
 * /move_base/global_costmap/obstacle_layer/scan/raytrace_range: 15.0
 * /move_base/global_costmap/obstacle_layer/scan/sensor_frame: laser_link
 * /move_base/global_costmap/obstacle_layer/scan/topic: /scan
 * /move_base/global_costmap/plugins: [{'name': 'obstac...
 * /move_base/global_costmap/publish_frequency: 2.0
 * /move_base/global_costmap/resolution: 0.05
 * /move_base/global_costmap/robot_base_frame: base_link
 * /move_base/global_costmap/rolling_window: True
 * /move_base/global_costmap/transform_tolerance: 0.3
 * /move_base/global_costmap/update_frequency: 5.0
 * /move_base/global_costmap/width: 30.0
 * /move_base/local_costmap/footprint: [[0.52, 0.35], [0...
 * /move_base/local_costmap/footprint_padding: 0.05
 * /move_base/local_costmap/global_frame: odom
 * /move_base/local_costmap/height: 12.0
 * /move_base/local_costmap/inflation_layer/cost_scaling_factor: 4.0
 * /move_base/local_costmap/inflation_layer/enabled: True
 * /move_base/local_costmap/inflation_layer/inflation_radius: 0.55
 * /move_base/local_costmap/obstacle_layer/enabled: True
 * /move_base/local_costmap/obstacle_layer/observation_sources: scan
 * /move_base/local_costmap/obstacle_layer/scan/clearing: True
 * /move_base/local_costmap/obstacle_layer/scan/data_type: LaserScan
 * /move_base/local_costmap/obstacle_layer/scan/inf_is_valid: True
 * /move_base/local_costmap/obstacle_layer/scan/marking: True
 * /move_base/local_costmap/obstacle_layer/scan/obstacle_range: 12.0
 * /move_base/local_costmap/obstacle_layer/scan/raytrace_range: 15.0
 * /move_base/local_costmap/obstacle_layer/scan/sensor_frame: laser_link
 * /move_base/local_costmap/obstacle_layer/scan/topic: /scan
 * /move_base/local_costmap/plugins: [{'name': 'obstac...
 * /move_base/local_costmap/publish_frequency: 5.0
 * /move_base/local_costmap/resolution: 0.05
 * /move_base/local_costmap/robot_base_frame: base_link
 * /move_base/local_costmap/rolling_window: True
 * /move_base/local_costmap/transform_tolerance: 0.3
 * /move_base/local_costmap/update_frequency: 10.0
 * /move_base/local_costmap/width: 12.0
 * /move_base/oscillation_distance: 0.2
 * /move_base/oscillation_timeout: 10.0
 * /move_base/planner_frequency: 1.0
 * /move_base/planner_patience: 5.0
 * /move_base/recovery_behavior_enabled: False
 * /move_base/shutdown_costmaps: False
 * /robot_description: <?xml version="1....
 * /rosdistro: noetic
 * /rosversion: 1.17.4
 * /t11_formal_run/acceptance_eval_seed_limit: 1
 * /t11_formal_run/acceptance_timesteps: 2000
 * /t11_formal_run/algorithm: RL-TEB-Semantic-Eta
 * /t11_formal_run/checkpoint: 
 * /t11_formal_run/config: /home/robot/robot...
 * /t11_formal_run/evaluation_policy: checkpoint
 * /t11_formal_run/evaluation_seed_override: 0
 * /t11_formal_run/initialize_residual_anchor: False
 * /t11_formal_run/output_dir: /home/robot/robot...
 * /t11_formal_run/phase: train
 * /t11_formal_run/residual_config: /home/robot/robot...
 * /t11_formal_run/run_id: t12_residual_curr...
 * /t11_formal_run/safety_mode: T12Safety
 * /t11_formal_run/scene_manifest: 
 * /t11_formal_run/semantic_mode: residual_training
 * /t11_formal_run/t12_safety_config: /home/robot/robot...
 * /t11_formal_run/task: T12
 * /t11_formal_run/training_seed: 102
 * /t11_formal_run/zero_action_policy: False
 * /use_sim_time: True

NODES
  /
    gazebo (gazebo_ros/gzserver)
    m2_robot_state_publisher (robot_state_publisher/robot_state_publisher)
    move_base (move_base/move_base)
    spawn_m2 (gazebo_ros/spawn_model)
    t11_formal_run (thesis_experiment/t11_formal_run.py)

auto-starting new master
[1mprocess[master]: started with pid [985488][0m
[1mROS_MASTER_URI=http://localhost:11311[0m
]2;/home/robot/robot_ws_base_rl/src/tools/thesis_experiment/launch/t11_formal_run.launch http://localhost:11311
[1msetting /run_id to 2d984070-7e8b-11f1-91bc-3382cc4c3ed1[0m
[1mprocess[rosout-1]: started with pid [985521][0m
started core service [/rosout]
[1mprocess[gazebo-2]: started with pid [985528][0m
[1mprocess[spawn_m2-3]: started with pid [985531][0m
[1mprocess[m2_robot_state_publisher-4]: started with pid [985534][0m
[1mprocess[move_base-5]: started with pid [985535][0m
WARNING: Package name "gazebo_ros_2Dmap_plugin" does not follow the naming conventions. It should start with a lower case letter and only contain lower case letters, digits, underscores, and dashes.
WARNING: Package name "gazebo_ros_2Dmap_plugin" does not follow the naming conventions. It should start with a lower case letter and only contain lower case letters, digits, underscores, and dashes.
[INFO] [1783927166.555321, 0.000000]: Loading model XML from ros parameter robot_description
[INFO] [1783927166.558474, 0.000000]: Waiting for service /gazebo/spawn_urdf_model
[INFO] [1783927167.162014, 0.000000]: Calling service /gazebo/spawn_urdf_model
[INFO] [1783927167.473767, 0.178000]: Spawn status: SpawnModel: Successfully spawned entity
[INFO] [1783927167.887571547, 0.480000000]: global_costmap: Using plugin "obstacle_layer"
[INFO] [1783927167.890052918, 0.482000000]:     Subscribed to Topics: scan
[INFO] [1783927167.894583804, 0.486000000]: global_costmap: Using plugin "inflation_layer"
[INFO] [1783927167.905828124, 0.498000000]: local_costmap: Using plugin "obstacle_layer"
[INFO] [1783927167.906590573, 0.498000000]:     Subscribed to Topics: scan
[INFO] [1783927167.910771348, 0.502000000]: local_costmap: Using plugin "inflation_layer"
[INFO] [1783927167.920776973, 0.512000000]: Created local_planner teb_local_planner/TebLocalPlannerROS
[INFO] [1783927167.938555624, 0.530000000]: Footprint model 'polygon' loaded for trajectory optimization.
[INFO] [1783927167.938666189, 0.530000000]: Parallel planning in distinctive topologies disabled.
[INFO] [1783927167.938683992, 0.530000000]: No costmap conversion plugin specified. All occupied costmap cells are treaten as point obstacles.
[INFO] [1783927167.960645153, 0.552000000]: Footprint model 'polygon' loaded for trajectory optimization.
[INFO] [1783927168.130291747, 0.722000000]: Recovery behavior will clear layer 'obstacles'
[INFO] [1783927168.132336473, 0.724000000]: Recovery behavior will clear layer 'obstacles'
[INFO] [1783927168.165595968, 0.758000000]: odom received!
[INFO] [1783927169.860624954, 2.446000000]: Footprint model 'polygon' loaded for trajectory optimization.
[INFO] [1783927170.403641624, 2.988000000]: Footprint model 'polygon' loaded for trajectory optimization.
[INFO] [1783927171.052283825, 3.638000000]: Footprint model 'polygon' loaded for trajectory optimization.
[INFO] [1783927171.602612383, 4.186000000]: Footprint model 'polygon' loaded for trajectory optimization.
[INFO] [1783927173.394161414, 5.974000000]: GOAL Reached!
[INFO] [1783927173.547707471, 6.128000000]: Footprint model 'polygon' loaded for trajectory optimization.
[INFO] [1783927174.409834552, 6.988000000]: Footprint model 'polygon' loaded for trajectory optimization.
[INFO] [1783927175.002608685, 7.580000000]: Footprint model 'polygon' loaded for trajectory optimization.
[INFO] [1783927175.604134565, 8.180000000]: Footprint model 'polygon' loaded for trajectory optimization.
[INFO] [1783927176.208061888, 8.782000000]: Footprint model 'polygon' loaded for trajectory optimization.
[INFO] [1783927176.805600974, 9.380000000]: Footprint model 'polygon' loaded for trajectory optimization.
[INFO] [1783927178.549875730, 11.120000000]: GOAL Reached!
[INFO] [1783927178.674982437, 11.246000000]: Footprint model 'polygon' loaded for trajectory optimization.
[INFO] [1783927179.537964436, 12.106000000]: Footprint model 'polygon' loaded for trajectory optimization.
[INFO] [1783927180.143228364, 12.710000000]: Footprint model 'polygon' loaded for trajectory optimization.
[INFO] [1783927180.692160573, 13.258000000]: Footprint model 'polygon' loaded for trajectory optimization.
[INFO] [1783927181.341855080, 13.906000000]: Footprint model 'polygon' loaded for trajectory optimization.
[INFO] [1783927181.889931758, 14.454000000]: Footprint model 'polygon' loaded for trajectory optimization.
[INFO] [1783927183.981629103, 16.544000000]: GOAL Reached!
[INFO] [1783927184.136594237, 16.698000000]: Footprint model 'polygon' loaded for trajectory optimization.
[INFO] [1783927185.030552100, 17.588000000]: Footprint model 'polygon' loaded for trajectory optimization.
[INFO] [1783927185.716709307, 18.274000000]: Footprint model 'polygon' loaded for trajectory optimization.
[INFO] [1783927186.367687966, 18.924000000]: Footprint model 'polygon' loaded for trajectory optimization.
[INFO] [1783927186.968159179, 19.524000000]: Footprint model 'polygon' loaded for trajectory optimization.
[INFO] [1783927188.658985832, 21.212000000]: GOAL Reached!
[INFO] [1783927188.812606343, 21.366000000]: Footprint model 'polygon' loaded for trajectory optimization.
[INFO] [1783927189.677063361, 22.228000000]: Footprint model 'polygon' loaded for trajectory optimization.
[INFO] [1783927190.320675244, 22.870000000]: Footprint model 'polygon' loaded for trajectory optimization.
[INFO] [1783927190.971566193, 23.522000000]: Footprint model 'polygon' loaded for trajectory optimization.
[INFO] [1783927191.523403353, 24.072000000]: Footprint model 'polygon' loaded for trajectory optimization.
[INFO] [1783927192.120725724, 24.670000000]: Footprint model 'polygon' loaded for trajectory optimization.
[INFO] [1783927193.713703648, 26.258000000]: GOAL Reached!
[INFO] [1783927193.856969725, 26.400000000]: Footprint model 'polygon' loaded for trajectory optimization.
[INFO] [1783927194.726408069, 27.266000000]: Footprint model 'polygon' loaded for trajectory optimization.
[INFO] [1783927195.280157582, 27.820000000]: Footprint model 'polygon' loaded for trajectory optimization.
[INFO] [1783927195.877159507, 28.418000000]: Footprint model 'polygon' loaded for trajectory optimization.
[INFO] [1783927196.523926541, 29.066000000]: Footprint model 'polygon' loaded for trajectory optimization.
[INFO] [1783927197.224605404, 29.764000000]: Footprint model 'polygon' loaded for trajectory optimization.
[INFO] [1783927199.165578800, 31.700000000]: GOAL Reached!
[INFO] [1783927199.309736190, 31.846000000]: Footprint model 'polygon' loaded for trajectory optimization.
[INFO] [1783927200.174040393, 32.706000000]: Footprint model 'polygon' loaded for trajectory optimization.
[INFO] [1783927200.728067938, 33.262000000]: Footprint model 'polygon' loaded for trajectory optimization.
[INFO] [1783927201.377503408, 33.908000000]: Footprint model 'polygon' loaded for trajectory optimization.
[INFO] [1783927201.975525012, 34.506000000]: Footprint model 'polygon' loaded for trajectory optimization.
[INFO] [1783927203.819737345, 36.348000000]: GOAL Reached!
[INFO] [1783927203.960947639, 36.488000000]: Footprint model 'polygon' loaded for trajectory optimization.
[INFO] [1783927204.823050667, 37.348000000]: Footprint model 'polygon' loaded for trajectory optimization.
[INFO] [1783927205.381025693, 37.904000000]: Footprint model 'polygon' loaded for trajectory optimization.
[INFO] [1783927206.028390997, 38.550000000]: Footprint model 'polygon' loaded for trajectory optimization.
[INFO] [1783927206.581083657, 39.102000000]: Footprint model 'polygon' loaded for trajectory optimization.
[INFO] [1783927207.178925210, 39.698000000]: Footprint model 'polygon' loaded for trajectory optimization.
[INFO] [1783927209.869188364, 42.388000000]: GOAL Reached!
[INFO] [1783927210.006498397, 42.522000000]: Footprint model 'polygon' loaded for trajectory optimization.
[INFO] [1783927210.874473470, 43.388000000]: Footprint model 'polygon' loaded for trajectory optimization.
[INFO] [1783927211.429514412, 43.942000000]: Footprint model 'polygon' loaded for trajectory optimization.
[INFO] [1783927212.026587219, 44.538000000]: Footprint model 'polygon' loaded for trajectory optimization.
[INFO] [1783927212.628884367, 45.140000000]: Footprint model 'polygon' loaded for trajectory optimization.
[INFO] [1783927213.275803501, 45.788000000]: Footprint model 'polygon' loaded for trajectory optimization.
[INFO] [1783927215.621253068, 48.126000000]: GOAL Reached!
[INFO] [1783927215.762985401, 48.268000000]: Footprint model 'polygon' loaded for trajectory optimization.
[INFO] [1783927216.624592451, 49.128000000]: Footprint model 'polygon' loaded for trajectory optimization.
[INFO] [1783927217.226467346, 49.728000000]: Footprint model 'polygon' loaded for trajectory optimization.
[INFO] [1783927217.822058755, 50.322000000]: Footprint model 'polygon' loaded for trajectory optimization.
[INFO] [1783927218.372447732, 50.872000000]: Footprint model 'polygon' loaded for trajectory optimization.
[INFO] [1783927220.362882455, 52.860000000]: GOAL Reached!
[INFO] [1783927220.496691391, 52.992000000]: Footprint model 'polygon' loaded for trajectory optimization.
[INFO] [1783927221.370305356, 53.866000000]: Footprint model 'polygon' loaded for trajectory optimization.
[INFO] [1783927221.976181004, 54.470000000]: Footprint model 'polygon' loaded for trajectory optimization.
[INFO] [1783927222.523239244, 55.016000000]: Footprint model 'polygon' loaded for trajectory optimization.
[INFO] [1783927223.176321803, 55.670000000]: Footprint model 'polygon' loaded for trajectory optimization.
[INFO] [1783927223.775793083, 56.266000000]: Footprint model 'polygon' loaded for trajectory optimization.
[INFO] [1783927225.917071794, 58.404000000]: GOAL Reached!
[INFO] [1783927226.050903895, 58.538000000]: Footprint model 'polygon' loaded for trajectory optimization.
[INFO] [1783927226.920556070, 59.406000000]: Footprint model 'polygon' loaded for trajectory optimization.
[INFO] [1783927227.474769670, 59.958000000]: Footprint model 'polygon' loaded for trajectory optimization.
[INFO] [1783927228.072197927, 60.554000000]: Footprint model 'polygon' loaded for trajectory optimization.
[INFO] [1783927228.671325856, 61.152000000]: Footprint model 'polygon' loaded for trajectory optimization.
[INFO] [1783927229.272111004, 61.750000000]: Footprint model 'polygon' loaded for trajectory optimization.
[INFO] [1783927231.162657093, 63.638000000]: GOAL Reached!
[INFO] [1783927231.307792769, 63.782000000]: Footprint model 'polygon' loaded for trajectory optimization.
[INFO] [1783927232.190761042, 64.668000000]: Footprint model 'polygon' loaded for trajectory optimization.
[INFO] [1783927232.885035701, 65.358000000]: Footprint model 'polygon' loaded for trajectory optimization.
[INFO] [1783927233.528256954, 66.000000000]: Footprint model 'polygon' loaded for trajectory optimization.
[INFO] [1783927234.128678269, 66.598000000]: Footprint model 'polygon' loaded for trajectory optimization.
[INFO] [1783927235.718201530, 68.186000000]: GOAL Reached!
[INFO] [1783927235.878329164, 68.346000000]: Footprint model 'polygon' loaded for trajectory optimization.
[INFO] [1783927236.763587516, 69.228000000]: Footprint model 'polygon' loaded for trajectory optimization.
[INFO] [1783927237.400037241, 69.864000000]: Footprint model 'polygon' loaded for trajectory optimization.
[INFO] [1783927238.005521255, 70.468000000]: Footprint model 'polygon' loaded for trajectory optimization.
[INFO] [1783927238.604262452, 71.068000000]: Footprint model 'polygon' loaded for trajectory optimization.
[INFO] [1783927239.254531915, 71.716000000]: Footprint model 'polygon' loaded for trajectory optimization.
[INFO] [1783927240.885697300, 73.348000000]: GOAL Reached!
[INFO] [1783927241.017885817, 73.478000000]: Footprint model 'polygon' loaded for trajectory optimization.
[INFO] [1783927241.923008142, 74.380000000]: Footprint model 'polygon' loaded for trajectory optimization.
[INFO] [1783927242.617561660, 75.076000000]: Footprint model 'polygon' loaded for trajectory optimization.
[INFO] [1783927243.312370187, 75.772000000]: Footprint model 'polygon' loaded for trajectory optimization.
[INFO] [1783927243.861616311, 76.316000000]: Footprint model 'polygon' loaded for trajectory optimization.
[INFO] [1783927244.463485196, 76.918000000]: Footprint model 'polygon' loaded for trajectory optimization.
[INFO] [1783927246.941495738, 79.394000000]: GOAL Reached!
[INFO] [1783927247.088723841, 79.540000000]: Footprint model 'polygon' loaded for trajectory optimization.
[INFO] [1783927247.971808715, 80.420000000]: Footprint model 'polygon' loaded for trajectory optimization.
[INFO] [1783927248.606242862, 81.056000000]: Footprint model 'polygon' loaded for trajectory optimization.
[INFO] [1783927249.254497948, 81.700000000]: Footprint model 'polygon' loaded for trajectory optimization.
[INFO] [1783927249.856956400, 82.302000000]: Footprint model 'polygon' loaded for trajectory optimization.
[INFO] [1783927251.589989967, 84.032000000]: GOAL Reached!
[INFO] [1783927251.733095639, 84.176000000]: Footprint model 'polygon' loaded for trajectory optimization.
[INFO] [1783927252.620813660, 85.060000000]: Footprint model 'polygon' loaded for trajectory optimization.
[INFO] [1783927253.261317239, 85.700000000]: Footprint model 'polygon' loaded for trajectory optimization.
[INFO] [1783927253.866791885, 86.304000000]: Footprint model 'polygon' loaded for trajectory optimization.
[INFO] [1783927254.516582586, 86.952000000]: Footprint model 'polygon' loaded for trajectory optimization.
[INFO] [1783927255.213792680, 87.648000000]: Footprint model 'polygon' loaded for trajectory optimization.
[INFO] [1783927256.745336258, 89.178000000]: GOAL Reached!
[INFO] [1783927256.902596566, 89.334000000]: Footprint model 'polygon' loaded for trajectory optimization.
[INFO] [1783927257.788466660, 90.218000000]: Footprint model 'polygon' loaded for trajectory optimization.
[INFO] [1783927258.434431273, 90.862000000]: Footprint model 'polygon' loaded for trajectory optimization.
[INFO] [1783927259.087792249, 91.514000000]: Footprint model 'polygon' loaded for trajectory optimization.
[INFO] [1783927259.777301691, 92.204000000]: Footprint model 'polygon' loaded for trajectory optimization.
[INFO] [1783927262.111405729, 94.532000000]: GOAL Reached!
[INFO] [1783927262.248289835, 94.668000000]: Footprint model 'polygon' loaded for trajectory optimization.
[INFO] [1783927263.116188102, 95.536000000]: Footprint model 'polygon' loaded for trajectory optimization.
[INFO] [1783927263.816679665, 96.238000000]: Footprint model 'polygon' loaded for trajectory optimization.
[INFO] [1783927264.519881198, 96.938000000]: Footprint model 'polygon' loaded for trajectory optimization.
[INFO] [1783927266.646853236, 99.062000000]: GOAL Reached!
[INFO] [1783927266.787907100, 99.204000000]: Footprint model 'polygon' loaded for trajectory optimization.
[INFO] [1783927267.668046309, 100.082000000]: Footprint model 'polygon' loaded for trajectory optimization.
[INFO] [1783927268.317311554, 100.730000000]: Footprint model 'polygon' loaded for trajectory optimization.
[INFO] [1783927268.915168093, 101.326000000]: Footprint model 'polygon' loaded for trajectory optimization.
[INFO] [1783927269.564559960, 101.974000000]: Footprint model 'polygon' loaded for trajectory optimization.
[INFO] [1783927270.165465292, 102.574000000]: Footprint model 'polygon' loaded for trajectory optimization.
[INFO] [1783927272.298298066, 104.702000000]: GOAL Reached!
[INFO] [1783927272.439989873, 104.844000000]: Footprint model 'polygon' loaded for trajectory optimization.
[INFO] [1783927273.318320399, 105.718000000]: Footprint model 'polygon' loaded for trajectory optimization.
[INFO] [1783927273.870842113, 106.272000000]: Footprint model 'polygon' loaded for trajectory optimization.
[INFO] [1783927274.474699111, 106.878000000]: Footprint model 'polygon' loaded for trajectory optimization.
[INFO] [1783927275.073542143, 107.474000000]: Footprint model 'polygon' loaded for trajectory optimization.
[INFO] [1783927275.673409938, 108.072000000]: Footprint model 'polygon' loaded for trajectory optimization.
[INFO] [1783927278.355652661, 110.748000000]: GOAL Reached!
[INFO] [1783927278.496458626, 110.890000000]: Footprint model 'polygon' loaded for trajectory optimization.
[INFO] [1783927279.369308343, 111.760000000]: Footprint model 'polygon' loaded for trajectory optimization.
[INFO] [1783927279.921819238, 112.312000000]: Footprint model 'polygon' loaded for trajectory optimization.
[INFO] [1783927280.517917207, 112.910000000]: Footprint model 'polygon' loaded for trajectory optimization.
[INFO] [1783927281.174128443, 113.562000000]: Footprint model 'polygon' loaded for trajectory optimization.
[INFO] [1783927282.903851666, 115.288000000]: GOAL Reached!
[INFO] [1783927283.046761962, 115.432000000]: Footprint model 'polygon' loaded for trajectory optimization.
[INFO] [1783927283.919984651, 116.302000000]: Footprint model 'polygon' loaded for trajectory optimization.
[INFO] [1783927284.508830460, 116.894000000]: Footprint model 'polygon' loaded for trajectory optimization.
[INFO] [1783927285.114788493, 117.498000000]: Footprint model 'polygon' loaded for trajectory optimization.
[INFO] [1783927285.714373693, 118.094000000]: Footprint model 'polygon' loaded for trajectory optimization.
[INFO] [1783927286.314446216, 118.692000000]: Footprint model 'polygon' loaded for trajectory optimization.
[INFO] [1783927288.644690020, 121.022000000]: GOAL Reached!
[INFO] [1783927288.787633870, 121.166000000]: Footprint model 'polygon' loaded for trajectory optimization.
[INFO] [1783927289.665378731, 122.040000000]: Footprint model 'polygon' loaded for trajectory optimization.
[INFO] [1783927290.258801751, 122.632000000]: Footprint model 'polygon' loaded for trajectory optimization.
[INFO] [1783927290.862794514, 123.234000000]: Footprint model 'polygon' loaded for trajectory optimization.
[INFO] [1783927291.518601322, 123.888000000]: Footprint model 'polygon' loaded for trajectory optimization.
[INFO] [1783927292.105174499, 124.478000000]: Footprint model 'polygon' loaded for trajectory optimization.
[INFO] [1783927294.497213548, 126.862000000]: GOAL Reached!
[INFO] [1783927294.638764685, 127.002000000]: Footprint model 'polygon' loaded for trajectory optimization.
[INFO] [1783927295.520148269, 127.884000000]: Footprint model 'polygon' loaded for trajectory optimization.
[INFO] [1783927296.214101883, 128.576000000]: Footprint model 'polygon' loaded for trajectory optimization.
[INFO] [1783927296.914705270, 129.278000000]: Footprint model 'polygon' loaded for trajectory optimization.
[INFO] [1783927299.039791336, 131.400000000]: GOAL Reached!
[INFO] [1783927299.203594139, 131.562000000]: Footprint model 'polygon' loaded for trajectory optimization.
[INFO] [1783927300.085413463, 132.442000000]: Footprint model 'polygon' loaded for trajectory optimization.
[INFO] [1783927300.728402808, 133.084000000]: Footprint model 'polygon' loaded for trajectory optimization.
[INFO] [1783927301.382311811, 133.738000000]: Footprint model 'polygon' loaded for trajectory optimization.
[INFO] [1783927302.033248273, 134.386000000]: Footprint model 'polygon' loaded for trajectory optimization.
[INFO] [1783927302.684558997, 135.036000000]: Footprint model 'polygon' loaded for trajectory optimization.
[INFO] [1783927304.713739591, 137.064000000]: GOAL Reached!
[INFO] [1783927304.861192233, 137.210000000]: Footprint model 'polygon' loaded for trajectory optimization.
[INFO] [1783927305.756305638, 138.100000000]: Footprint model 'polygon' loaded for trajectory optimization.
[INFO] [1783927306.397135600, 138.742000000]: Footprint model 'polygon' loaded for trajectory optimization.
[INFO] [1783927306.992950237, 139.338000000]: Footprint model 'polygon' loaded for trajectory optimization.
[INFO] [1783927307.640874299, 139.986000000]: Footprint model 'polygon' loaded for trajectory optimization.
[INFO] [1783927308.197012485, 140.540000000]: Footprint model 'polygon' loaded for trajectory optimization.
[INFO] [1783927310.877564247, 143.214000000]: GOAL Reached!
[INFO] [1783927311.022678224, 143.358000000]: Footprint model 'polygon' loaded for trajectory optimization.
[INFO] [1783927311.902721268, 144.236000000]: Footprint model 'polygon' loaded for trajectory optimization.
[INFO] [1783927312.504161052, 144.838000000]: Footprint model 'polygon' loaded for trajectory optimization.
[INFO] [1783927313.103663997, 145.436000000]: Footprint model 'polygon' loaded for trajectory optimization.
[INFO] [1783927313.700245146, 146.032000000]: Footprint model 'polygon' loaded for trajectory optimization.
[INFO] [1783927314.305328853, 146.636000000]: Footprint model 'polygon' loaded for trajectory optimization.
[INFO] [1783927315.935175594, 148.262000000]: GOAL Reached!
[INFO] [1783927316.076679120, 148.402000000]: Footprint model 'polygon' loaded for trajectory optimization.
[INFO] [1783927316.954750943, 149.280000000]: Footprint model 'polygon' loaded for trajectory optimization.
[INFO] [1783927317.501532907, 149.826000000]: Footprint model 'polygon' loaded for trajectory optimization.
[INFO] [1783927318.151138651, 150.474000000]: Footprint model 'polygon' loaded for trajectory optimization.
[INFO] [1783927318.753998412, 151.074000000]: Footprint model 'polygon' loaded for trajectory optimization.
[INFO] [1783927319.350432177, 151.668000000]: Footprint model 'polygon' loaded for trajectory optimization.
[INFO] [1783927321.580482992, 153.900000000]: GOAL Reached!
[INFO] [1783927321.721635686, 154.040000000]: Footprint model 'polygon' loaded for trajectory optimization.
[INFO] [1783927322.605395941, 154.920000000]: Footprint model 'polygon' loaded for trajectory optimization.
[INFO] [1783927323.200848135, 155.514000000]: Footprint model 'polygon' loaded for trajectory optimization.
[INFO] [1783927323.800965730, 156.114000000]: Footprint model 'polygon' loaded for trajectory optimization.
[INFO] [1783927324.354048693, 156.666000000]: Footprint model 'polygon' loaded for trajectory optimization.
[INFO] [1783927324.955184861, 157.266000000]: Footprint model 'polygon' loaded for trajectory optimization.
[INFO] [1783927327.837637708, 160.144000000]: GOAL Reached!
[INFO] [1783927327.999237933, 160.304000000]: Footprint model 'polygon' loaded for trajectory optimization.
[INFO] [1783927328.874612305, 161.178000000]: Footprint model 'polygon' loaded for trajectory optimization.
[INFO] [1783927329.568282921, 161.874000000]: Footprint model 'polygon' loaded for trajectory optimization.
[INFO] [1783927330.215520365, 162.520000000]: Footprint model 'polygon' loaded for trajectory optimization.
[INFO] [1783927330.868518578, 163.168000000]: Footprint model 'polygon' loaded for trajectory optimization.
[INFO] [1783927332.596993783, 164.894000000]: GOAL Reached!
[INFO] [1783927332.734582733, 165.030000000]: Footprint model 'polygon' loaded for trajectory optimization.
[INFO] [1783927333.605022267, 165.900000000]: Footprint model 'polygon' loaded for trajectory optimization.
[INFO] [1783927334.258224042, 166.552000000]: Footprint model 'polygon' loaded for trajectory optimization.
[INFO] [1783927334.907517714, 167.200000000]: Footprint model 'polygon' loaded for trajectory optimization.
[INFO] [1783927335.459366198, 167.752000000]: Footprint model 'polygon' loaded for trajectory optimization.
[INFO] [1783927336.109288778, 168.400000000]: Footprint model 'polygon' loaded for trajectory optimization.
[INFO] [1783927338.234805378, 170.524000000]: GOAL Reached!
[INFO] [1783927338.383980094, 170.674000000]: Footprint model 'polygon' loaded for trajectory optimization.
[INFO] [1783927339.276402391, 171.562000000]: Footprint model 'polygon' loaded for trajectory optimization.
[INFO] [1783927339.974438786, 172.258000000]: Footprint model 'polygon' loaded for trajectory optimization.
[INFO] [1783927340.668035106, 172.950000000]: Footprint model 'polygon' loaded for trajectory optimization.
[INFO] [1783927341.370853584, 173.652000000]: Footprint model 'polygon' loaded for trajectory optimization.
[INFO] [1783927341.973741606, 174.254000000]: Footprint model 'polygon' loaded for trajectory optimization.
[INFO] [1783927344.003610220, 176.280000000]: GOAL Reached!
[INFO] [1783927344.154383908, 176.432000000]: Footprint model 'polygon' loaded for trajectory optimization.
[INFO] [1783927345.041002089, 177.320000000]: Footprint model 'polygon' loaded for trajectory optimization.
[INFO] [1783927345.696434988, 177.972000000]: Footprint model 'polygon' loaded for trajectory optimization.
[INFO] [1783927346.293081299, 178.566000000]: Footprint model 'polygon' loaded for trajectory optimization.
[INFO] [1783927346.888601429, 179.160000000]: Footprint model 'polygon' loaded for trajectory optimization.
[INFO] [1783927347.484798206, 179.758000000]: Footprint model 'polygon' loaded for trajectory optimization.
[INFO] [1783927349.892929335, 182.160000000]: Footprint model 'polygon' loaded for trajectory optimization.
[INFO] [1783927353.870588940, 186.132000000]: GOAL Reached!
[INFO] [1783927354.021488783, 186.284000000]: Footprint model 'polygon' loaded for trajectory optimization.
[INFO] [1783927354.900562778, 187.160000000]: Footprint model 'polygon' loaded for trajectory optimization.
[INFO] [1783927355.453076472, 187.710000000]: Footprint model 'polygon' loaded for trajectory optimization.
[INFO] [1783927356.053288831, 188.310000000]: Footprint model 'polygon' loaded for trajectory optimization.
[INFO] [1783927356.702833080, 188.956000000]: Footprint model 'polygon' loaded for trajectory optimization.
[INFO] [1783927358.532093928, 190.784000000]: GOAL Reached!
[INFO] [1783927358.674611625, 190.926000000]: Footprint model 'polygon' loaded for trajectory optimization.
[INFO] [1783927359.543649446, 191.794000000]: Footprint model 'polygon' loaded for trajectory optimization.
[INFO] [1783927360.150280319, 192.400000000]: Footprint model 'polygon' loaded for trajectory optimization.
[INFO] [1783927360.704638066, 192.950000000]: Footprint model 'polygon' loaded for trajectory optimization.
[INFO] [1783927361.307134914, 193.554000000]: Footprint model 'polygon' loaded for trajectory optimization.
[INFO] [1783927361.905076271, 194.150000000]: Footprint model 'polygon' loaded for trajectory optimization.
[INFO] [1783927364.387410716, 196.628000000]: GOAL Reached!
[INFO] [1783927364.533888563, 196.774000000]: Footprint model 'polygon' loaded for trajectory optimization.
[INFO] [1783927365.420899413, 197.660000000]: Footprint model 'polygon' loaded for trajectory optimization.
[INFO] [1783927366.067457307, 198.304000000]: Footprint model 'polygon' loaded for trajectory optimization.
[INFO] [1783927366.666416719, 198.900000000]: Footprint model 'polygon' loaded for trajectory optimization.
[INFO] [1783927367.262456748, 199.498000000]: Footprint model 'polygon' loaded for trajectory optimization.
[INFO] [1783927367.913080557, 200.146000000]: Footprint model 'polygon' loaded for trajectory optimization.
[INFO] [1783927370.444039467, 202.674000000]: GOAL Reached!
[INFO] [1783927370.596813947, 202.828000000]: Footprint model 'polygon' loaded for trajectory optimization.
[INFO] [1783927371.492956343, 203.720000000]: Footprint model 'polygon' loaded for trajectory optimization.
[INFO] [1783927372.179483853, 204.406000000]: Footprint model 'polygon' loaded for trajectory optimization.
[INFO] [1783927372.728616150, 204.954000000]: Footprint model 'polygon' loaded for trajectory optimization.
[INFO] [1783927373.370138995, 205.594000000]: Footprint model 'polygon' loaded for trajectory optimization.
[INFO] [1783927374.031273822, 206.256000000]: Footprint model 'polygon' loaded for trajectory optimization.
[INFO] [1783927376.436651703, 208.654000000]: Footprint model 'polygon' loaded for trajectory optimization.
[INFO] [1783927381.518966080, 213.728000000]: GOAL Reached!
[INFO] [1783927381.664525866, 213.872000000]: Footprint model 'polygon' loaded for trajectory optimization.
[INFO] [1783927382.555592719, 214.762000000]: Footprint model 'polygon' loaded for trajectory optimization.
[INFO] [1783927383.235887966, 215.444000000]: Footprint model 'polygon' loaded for trajectory optimization.
[INFO] [1783927383.934853321, 216.140000000]: Footprint model 'polygon' loaded for trajectory optimization.
[INFO] [1783927384.536202039, 216.738000000]: Footprint model 'polygon' loaded for trajectory optimization.
[INFO] [1783927386.164825889, 218.370000000]: GOAL Reached!
[INFO] [1783927386.318965278, 218.522000000]: Footprint model 'polygon' loaded for trajectory optimization.
[INFO] [1783927387.198894833, 219.398000000]: Footprint model 'polygon' loaded for trajectory optimization.
[INFO] [1783927387.797071446, 219.996000000]: Footprint model 'polygon' loaded for trajectory optimization.
[INFO] [1783927388.401609727, 220.598000000]: Footprint model 'polygon' loaded for trajectory optimization.
[INFO] [1783927389.049158051, 221.246000000]: Footprint model 'polygon' loaded for trajectory optimization.
[INFO] [1783927389.651850649, 221.846000000]: Footprint model 'polygon' loaded for trajectory optimization.
[INFO] [1783927391.432325733, 223.624000000]: GOAL Reached!
[INFO] [1783927391.571468747, 223.764000000]: Footprint model 'polygon' loaded for trajectory optimization.
[INFO] [1783927392.446782826, 224.636000000]: Footprint model 'polygon' loaded for trajectory optimization.
[INFO] [1783927393.099052235, 225.288000000]: Footprint model 'polygon' loaded for trajectory optimization.
[INFO] [1783927393.697335891, 225.886000000]: Footprint model 'polygon' loaded for trajectory optimization.
[INFO] [1783927394.347107969, 226.534000000]: Footprint model 'polygon' loaded for trajectory optimization.
[INFO] [1783927394.993184539, 227.180000000]: Footprint model 'polygon' loaded for trajectory optimization.
[INFO] [1783927397.775806753, 229.958000000]: GOAL Reached!
[INFO] [1783927397.927985881, 230.110000000]: Footprint model 'polygon' loaded for trajectory optimization.
[INFO] [1783927398.817442709, 230.998000000]: Footprint model 'polygon' loaded for trajectory optimization.
[INFO] [1783927399.458561633, 231.636000000]: Footprint model 'polygon' loaded for trajectory optimization.
[INFO] [1783927400.115876045, 232.292000000]: Footprint model 'polygon' loaded for trajectory optimization.
[INFO] [1783927400.809876232, 232.986000000]: Footprint model 'polygon' loaded for trajectory optimization.
[INFO] [1783927401.509452369, 233.684000000]: Footprint model 'polygon' loaded for trajectory optimization.
[INFO] [1783927402.202072365, 234.378000000]: Footprint model 'polygon' loaded for trajectory optimization.
[INFO] [1783927402.857076561, 235.030000000]: Footprint model 'polygon' loaded for trajectory optimization.
[INFO] [1783927403.508284784, 235.680000000]: Footprint model 'polygon' loaded for trajectory optimization.
[INFO] [1783927404.060032313, 236.230000000]: Footprint model 'polygon' loaded for trajectory optimization.
[INFO] [1783927408.843835027, 241.004000000]: GOAL Reached!
[INFO] [1783927408.972138245, 241.132000000]: Footprint model 'polygon' loaded for trajectory optimization.
[INFO] [1783927409.860057227, 242.018000000]: Footprint model 'polygon' loaded for trajectory optimization.
[INFO] [1783927410.506451658, 242.662000000]: Footprint model 'polygon' loaded for trajectory optimization.
[INFO] [1783927411.152252661, 243.308000000]: Footprint model 'polygon' loaded for trajectory optimization.
[INFO] [1783927411.750369158, 243.908000000]: Footprint model 'polygon' loaded for trajectory optimization.
[INFO] [1783927413.483744932, 245.636000000]: GOAL Reached!
[INFO] [1783927413.630207951, 245.782000000]: Footprint model 'polygon' loaded for trajectory optimization.
[INFO] [1783927414.510973083, 246.660000000]: Footprint model 'polygon' loaded for trajectory optimization.
[INFO] [1783927415.109367075, 247.258000000]: Footprint model 'polygon' loaded for trajectory optimization.
[INFO] [1783927415.711328981, 247.858000000]: Footprint model 'polygon' loaded for trajectory optimization.
[INFO] [1783927416.316522960, 248.462000000]: Footprint model 'polygon' loaded for trajectory optimization.
[INFO] [1783927416.914456416, 249.058000000]: Footprint model 'polygon' loaded for trajectory optimization.
[INFO] [1783927419.347561558, 251.488000000]: GOAL Reached!
[INFO] [1783927419.493140180, 251.634000000]: Footprint model 'polygon' loaded for trajectory optimization.
[INFO] [1783927420.377553462, 252.518000000]: Footprint model 'polygon' loaded for trajectory optimization.
[INFO] [1783927421.079507458, 253.218000000]: Footprint model 'polygon' loaded for trajectory optimization.
[INFO] [1783927421.726811308, 253.866000000]: Footprint model 'polygon' loaded for trajectory optimization.
[INFO] [1783927422.332167118, 254.468000000]: Footprint model 'polygon' loaded for trajectory optimization.
[INFO] [1783927422.930826717, 255.066000000]: Footprint model 'polygon' loaded for trajectory optimization.
[INFO] [1783927425.709832620, 257.838000000]: GOAL Reached!
[INFO] [1783927425.847127388, 257.976000000]: Footprint model 'polygon' loaded for trajectory optimization.
[INFO] [1783927426.748076430, 258.878000000]: Footprint model 'polygon' loaded for trajectory optimization.
[INFO] [1783927427.395471088, 259.522000000]: Footprint model 'polygon' loaded for trajectory optimization.
[INFO] [1783927427.995912117, 260.122000000]: Footprint model 'polygon' loaded for trajectory optimization.
[INFO] [1783927428.634408833, 260.762000000]: Footprint model 'polygon' loaded for trajectory optimization.
[INFO] [1783927429.295455888, 261.420000000]: Footprint model 'polygon' loaded for trajectory optimization.
[INFO] [1783927429.940832187, 262.064000000]: Footprint model 'polygon' loaded for trajectory optimization.
[INFO] [1783927435.076066388, 267.188000000]: GOAL Reached!
[INFO] [1783927435.227416362, 267.340000000]: Footprint model 'polygon' loaded for trajectory optimization.
[INFO] [1783927436.109724353, 268.220000000]: Footprint model 'polygon' loaded for trajectory optimization.
[INFO] [1783927436.802994609, 268.914000000]: Footprint model 'polygon' loaded for trajectory optimization.
[INFO] [1783927437.347429319, 269.460000000]: Footprint model 'polygon' loaded for trajectory optimization.
[INFO] [1783927437.998634949, 270.112000000]: Footprint model 'polygon' loaded for trajectory optimization.
[INFO] [1783927439.634395483, 271.740000000]: GOAL Reached!
[INFO] [1783927439.773725957, 271.880000000]: Footprint model 'polygon' loaded for trajectory optimization.
[INFO] [1783927440.653852438, 272.758000000]: Footprint model 'polygon' loaded for trajectory optimization.
[INFO] [1783927441.206256643, 273.308000000]: Footprint model 'polygon' loaded for trajectory optimization.
[INFO] [1783927441.854643577, 273.958000000]: Footprint model 'polygon' loaded for trajectory optimization.
[INFO] [1783927442.453968909, 274.556000000]: Footprint model 'polygon' loaded for trajectory optimization.
[INFO] [1783927443.005748615, 275.106000000]: Footprint model 'polygon' loaded for trajectory optimization.
[INFO] [1783927445.390364245, 277.486000000]: GOAL Reached!
[INFO] [1783927445.532580513, 277.628000000]: Footprint model 'polygon' loaded for trajectory optimization.
[INFO] [1783927446.403540712, 278.498000000]: Footprint model 'polygon' loaded for trajectory optimization.
[INFO] [1783927446.954154951, 279.046000000]: Footprint model 'polygon' loaded for trajectory optimization.
[INFO] [1783927447.550543034, 279.642000000]: Footprint model 'polygon' loaded for trajectory optimization.
[INFO] [1783927448.200743845, 280.294000000]: Footprint model 'polygon' loaded for trajectory optimization.
[INFO] [1783927448.899892498, 280.988000000]: Footprint model 'polygon' loaded for trajectory optimization.
[INFO] [1783927451.131014044, 283.218000000]: GOAL Reached!
[INFO] [1783927451.280487019, 283.366000000]: Footprint model 'polygon' loaded for trajectory optimization.
[INFO] [1783927452.176809963, 284.260000000]: Footprint model 'polygon' loaded for trajectory optimization.
[INFO] [1783927452.819652119, 284.902000000]: Footprint model 'polygon' loaded for trajectory optimization.
[INFO] [1783927453.471315456, 285.552000000]: Footprint model 'polygon' loaded for trajectory optimization.
[INFO] [1783927454.117108241, 286.196000000]: Footprint model 'polygon' loaded for trajectory optimization.
[INFO] [1783927454.761006224, 286.842000000]: Footprint model 'polygon' loaded for trajectory optimization.
[INFO] [1783927455.359687086, 287.438000000]: Footprint model 'polygon' loaded for trajectory optimization.
[INFO] [1783927455.967161315, 288.044000000]: Footprint model 'polygon' loaded for trajectory optimization.
[INFO] [1783927456.667484448, 288.744000000]: Footprint model 'polygon' loaded for trajectory optimization.
[INFO] [1783927462.201660770, 294.266000000]: GOAL Reached!
[INFO] [1783927462.345622415, 294.410000000]: Footprint model 'polygon' loaded for trajectory optimization.
[INFO] [1783927463.214620371, 295.278000000]: Footprint model 'polygon' loaded for trajectory optimization.
[INFO] [1783927463.765415685, 295.830000000]: Footprint model 'polygon' loaded for trajectory optimization.
[INFO] [1783927464.362156022, 296.424000000]: Footprint model 'polygon' loaded for trajectory optimization.
[INFO] [1783927465.017923032, 297.078000000]: Footprint model 'polygon' loaded for trajectory optimization.
[INFO] [1783927466.949579837, 299.006000000]: GOAL Reached!
[INFO] [1783927467.080399827, 299.136000000]: Footprint model 'polygon' loaded for trajectory optimization.
[INFO] [1783927467.960569503, 300.018000000]: Footprint model 'polygon' loaded for trajectory optimization.
[INFO] [1783927468.603180706, 300.658000000]: Footprint model 'polygon' loaded for trajectory optimization.
[INFO] [1783927469.205586499, 301.258000000]: Footprint model 'polygon' loaded for trajectory optimization.
[INFO] [1783927469.806680243, 301.858000000]: Footprint model 'polygon' loaded for trajectory optimization.
[INFO] [1783927470.455275791, 302.506000000]: Footprint model 'polygon' loaded for trajectory optimization.
[INFO] [1783927472.587862074, 304.634000000]: GOAL Reached!
[INFO] [1783927472.738117271, 304.784000000]: Footprint model 'polygon' loaded for trajectory optimization.
[INFO] [1783927473.634980488, 305.680000000]: Footprint model 'polygon' loaded for trajectory optimization.
[INFO] [1783927474.330046758, 306.374000000]: Footprint model 'polygon' loaded for trajectory optimization.
[INFO] [1783927475.023156447, 307.066000000]: Footprint model 'polygon' loaded for trajectory optimization.
[INFO] [1783927475.571621440, 307.612000000]: Footprint model 'polygon' loaded for trajectory optimization.
[INFO] [1783927476.221930679, 308.262000000]: Footprint model 'polygon' loaded for trajectory optimization.
[INFO] [1783927478.357595699, 310.392000000]: GOAL Reached!
[INFO] [1783927478.489730402, 310.524000000]: Footprint model 'polygon' loaded for trajectory optimization.
[INFO] [1783927479.385572000, 311.420000000]: Footprint model 'polygon' loaded for trajectory optimization.
[INFO] [1783927480.076545145, 312.108000000]: Footprint model 'polygon' loaded for trajectory optimization.
[INFO] [1783927480.721925788, 312.752000000]: Footprint model 'polygon' loaded for trajectory optimization.
[INFO] [1783927481.323892948, 313.354000000]: Footprint model 'polygon' loaded for trajectory optimization.
[INFO] [1783927481.974225851, 314.004000000]: Footprint model 'polygon' loaded for trajectory optimization.
[INFO] [1783927482.674181318, 314.700000000]: Footprint model 'polygon' loaded for trajectory optimization.
[INFO] [1783927487.607976738, 319.626000000]: GOAL Reached!
[INFO] [1783927487.745576874, 319.764000000]: Footprint model 'polygon' loaded for trajectory optimization.
[INFO] [1783927488.642532936, 320.658000000]: Footprint model 'polygon' loaded for trajectory optimization.
[INFO] [1783927489.333571017, 321.350000000]: Footprint model 'polygon' loaded for trajectory optimization.
[INFO] [1783927489.984964788, 322.000000000]: Footprint model 'polygon' loaded for trajectory optimization.
[INFO] [1783927490.581721987, 322.596000000]: Footprint model 'polygon' loaded for trajectory optimization.
[INFO] [1783927492.165527697, 324.174000000]: GOAL Reached!
[INFO] [1783927492.317936972, 324.326000000]: Footprint model 'polygon' loaded for trajectory optimization.
[INFO] [1783927493.187872961, 325.198000000]: Footprint model 'polygon' loaded for trajectory optimization.
[INFO] [1783927493.793602271, 325.800000000]: Footprint model 'polygon' loaded for trajectory optimization.
[INFO] [1783927494.440593012, 326.448000000]: Footprint model 'polygon' loaded for trajectory optimization.
[INFO] [1783927495.046288596, 327.050000000]: Footprint model 'polygon' loaded for trajectory optimization.
[INFO] [1783927495.695756315, 327.700000000]: Footprint model 'polygon' loaded for trajectory optimization.
[INFO] [1783927497.722015391, 329.726000000]: GOAL Reached!
[INFO] [1783927497.872479547, 329.874000000]: Footprint model 'polygon' loaded for trajectory optimization.
[INFO] [1783927498.763163425, 330.762000000]: Footprint model 'polygon' loaded for trajectory optimization.
[INFO] [1783927499.312250178, 331.310000000]: Footprint model 'polygon' loaded for trajectory optimization.
[INFO] [1783927499.912644042, 331.910000000]: Footprint model 'polygon' loaded for trajectory optimization.
[INFO] [1783927500.508343317, 332.508000000]: Footprint model 'polygon' loaded for trajectory optimization.
[INFO] [1783927501.110353805, 333.104000000]: Footprint model 'polygon' loaded for trajectory optimization.
[INFO] [1783927503.892045831, 335.882000000]: GOAL Reached!
[INFO] [1783927504.034925320, 336.026000000]: Footprint model 'polygon' loaded for trajectory optimization.
[INFO] [1783927504.930641169, 336.918000000]: Footprint model 'polygon' loaded for trajectory optimization.
[INFO] [1783927505.572053523, 337.558000000]: Footprint model 'polygon' loaded for trajectory optimization.
[INFO] [1783927506.168298516, 338.158000000]: Footprint model 'polygon' loaded for trajectory optimization.
[INFO] [1783927506.763457558, 338.750000000]: Footprint model 'polygon' loaded for trajectory optimization.
[INFO] [1783927507.367885572, 339.352000000]: Footprint model 'polygon' loaded for trajectory optimization.
[INFO] [1783927507.964408124, 339.946000000]: Footprint model 'polygon' loaded for trajectory optimization.
[INFO] [1783927513.449685145, 345.422000000]: GOAL Reached!
[INFO] [1783927513.580496162, 345.552000000]: Footprint model 'polygon' loaded for trajectory optimization.
[INFO] [1783927514.445908463, 346.418000000]: Footprint model 'polygon' loaded for trajectory optimization.
[INFO] [1783927514.997208070, 346.968000000]: Footprint model 'polygon' loaded for trajectory optimization.
[INFO] [1783927515.644417358, 347.614000000]: Footprint model 'polygon' loaded for trajectory optimization.
[INFO] [1783927516.244590646, 348.214000000]: Footprint model 'polygon' loaded for trajectory optimization.
[INFO] [1783927517.975524412, 349.944000000]: GOAL Reached!
[INFO] [1783927518.119326483, 350.086000000]: Footprint model 'polygon' loaded for trajectory optimization.
[INFO] [1783927518.994441423, 350.960000000]: Footprint model 'polygon' loaded for trajectory optimization.
[INFO] [1783927519.645413527, 351.608000000]: Footprint model 'polygon' loaded for trajectory optimization.
[INFO] [1783927520.251335224, 352.212000000]: Footprint model 'polygon' loaded for trajectory optimization.
[INFO] [1783927520.895356210, 352.856000000]: Footprint model 'polygon' loaded for trajectory optimization.
[INFO] [1783927522.527271068, 354.484000000]: GOAL Reached!
[INFO] [1783927522.678700977, 354.634000000]: Footprint model 'polygon' loaded for trajectory optimization.
[INFO] [1783927523.564652715, 355.518000000]: Footprint model 'polygon' loaded for trajectory optimization.
[INFO] [1783927524.245867226, 356.200000000]: Footprint model 'polygon' loaded for trajectory optimization.
[INFO] [1783927524.806501111, 356.758000000]: Footprint model 'polygon' loaded for trajectory optimization.
[INFO] [1783927525.405624841, 357.356000000]: Footprint model 'polygon' loaded for trajectory optimization.
[INFO] [1783927526.056478766, 358.006000000]: Footprint model 'polygon' loaded for trajectory optimization.
[INFO] [1783927528.389168188, 360.334000000]: GOAL Reached!
[INFO] [1783927528.541046187, 360.486000000]: Footprint model 'polygon' loaded for trajectory optimization.
[INFO] [1783927529.418095917, 361.360000000]: Footprint model 'polygon' loaded for trajectory optimization.
[INFO] [1783927530.012894072, 361.958000000]: Footprint model 'polygon' loaded for trajectory optimization.
[INFO] [1783927530.574072016, 362.514000000]: Footprint model 'polygon' loaded for trajectory optimization.
[INFO] [1783927531.220026008, 363.160000000]: Footprint model 'polygon' loaded for trajectory optimization.
[INFO] [1783927531.822307521, 363.760000000]: Footprint model 'polygon' loaded for trajectory optimization.
[INFO] [1783927534.249363792, 366.184000000]: GOAL Reached!
[INFO] [1783927534.389938606, 366.324000000]: Footprint model 'polygon' loaded for trajectory optimization.
[INFO] [1783927535.288546519, 367.220000000]: Footprint model 'polygon' loaded for trajectory optimization.
[INFO] [1783927535.984820337, 367.916000000]: Footprint model 'polygon' loaded for trajectory optimization.
[INFO] [1783927536.651256119, 368.582000000]: Footprint model 'polygon' loaded for trajectory optimization.
[INFO] [1783927537.233222480, 369.162000000]: Footprint model 'polygon' loaded for trajectory optimization.
[INFO] [1783927537.832599280, 369.762000000]: Footprint model 'polygon' loaded for trajectory optimization.
[INFO] [1783927538.432266559, 370.358000000]: Footprint model 'polygon' loaded for trajectory optimization.
[INFO] [1783927544.416036392, 376.332000000]: GOAL Reached!
[INFO] [1783927544.560545515, 376.476000000]: Footprint model 'polygon' loaded for trajectory optimization.
[INFO] [1783927545.470730020, 377.384000000]: Footprint model 'polygon' loaded for trajectory optimization.
[INFO] [1783927546.105244556, 378.018000000]: Footprint model 'polygon' loaded for trajectory optimization.
[INFO] [1783927546.751639304, 378.664000000]: Footprint model 'polygon' loaded for trajectory optimization.
[INFO] [1783927547.349305833, 379.260000000]: Footprint model 'polygon' loaded for trajectory optimization.
[INFO] [1783927548.057035915, 379.966000000]: Footprint model 'polygon' loaded for trajectory optimization.
[INFO] [1783927548.607355699, 380.516000000]: Footprint model 'polygon' loaded for trajectory optimization.
[INFO] [1783927551.789942884, 383.690000000]: GOAL Reached!
[INFO] [1783927551.931705628, 383.834000000]: Footprint model 'polygon' loaded for trajectory optimization.
[INFO] [1783927552.837003016, 384.738000000]: Footprint model 'polygon' loaded for trajectory optimization.
[INFO] [1783927553.468950450, 385.368000000]: Footprint model 'polygon' loaded for trajectory optimization.
[INFO] [1783927554.121601093, 386.020000000]: Footprint model 'polygon' loaded for trajectory optimization.
[INFO] [1783927554.724555579, 386.622000000]: Footprint model 'polygon' loaded for trajectory optimization.
[INFO] [1783927556.451881891, 388.348000000]: GOAL Reached!
[INFO] [1783927556.607653453, 388.504000000]: Footprint model 'polygon' loaded for trajectory optimization.
[INFO] [1783927557.485027223, 389.380000000]: Footprint model 'polygon' loaded for trajectory optimization.
[INFO] [1783927558.138167494, 390.030000000]: Footprint model 'polygon' loaded for trajectory optimization.
[INFO] [1783927558.739793000, 390.630000000]: Footprint model 'polygon' loaded for trajectory optimization.
[INFO] [1783927559.389708385, 391.278000000]: Footprint model 'polygon' loaded for trajectory optimization.
[INFO] [1783927560.088087988, 391.976000000]: Footprint model 'polygon' loaded for trajectory optimization.
[INFO] [1783927562.217216823, 394.104000000]: GOAL Reached!
[INFO] [1783927562.359591444, 394.246000000]: Footprint model 'polygon' loaded for trajectory optimization.
[INFO] [1783927563.234457217, 395.122000000]: Footprint model 'polygon' loaded for trajectory optimization.
[INFO] [1783927563.833557997, 395.716000000]: Footprint model 'polygon' loaded for trajectory optimization.
[INFO] [1783927564.435508431, 396.316000000]: Footprint model 'polygon' loaded for trajectory optimization.
[INFO] [1783927565.086198781, 396.966000000]: Footprint model 'polygon' loaded for trajectory optimization.
[INFO] [1783927565.688205757, 397.566000000]: Footprint model 'polygon' loaded for trajectory optimization.
[INFO] [1783927568.266870206, 400.142000000]: GOAL Reached!
[INFO] [1783927568.418283770, 400.294000000]: Footprint model 'polygon' loaded for trajectory optimization.
[INFO] [1783927569.307128253, 401.180000000]: Footprint model 'polygon' loaded for trajectory optimization.
[INFO] [1783927570.011882904, 401.882000000]: Footprint model 'polygon' loaded for trajectory optimization.
[INFO] [1783927570.605196304, 402.476000000]: Footprint model 'polygon' loaded for trajectory optimization.
[INFO] [1783927571.159499256, 403.028000000]: Footprint model 'polygon' loaded for trajectory optimization.
[INFO] [1783927571.803535770, 403.674000000]: Footprint model 'polygon' loaded for trajectory optimization.
[INFO] [1783927572.406339503, 404.274000000]: Footprint model 'polygon' loaded for trajectory optimization.
[INFO] [1783927578.341035763, 410.200000000]: GOAL Reached!
[INFO] [1783927578.490034177, 410.348000000]: Footprint model 'polygon' loaded for trajectory optimization.
[INFO] [1783927579.386722966, 411.240000000]: Footprint model 'polygon' loaded for trajectory optimization.
[INFO] [1783927580.021580255, 411.876000000]: Footprint model 'polygon' loaded for trajectory optimization.
[INFO] [1783927580.626705390, 412.480000000]: Footprint model 'polygon' loaded for trajectory optimization.
[INFO] [1783927581.272540190, 413.122000000]: Footprint model 'polygon' loaded for trajectory optimization.
[INFO] [1783927581.973070586, 413.826000000]: Footprint model 'polygon' loaded for trajectory optimization.
[INFO] [1783927582.672633856, 414.522000000]: Footprint model 'polygon' loaded for trajectory optimization.
[INFO] [1783927585.505962637, 417.350000000]: GOAL Reached!
[INFO] [1783927585.640389090, 417.484000000]: Footprint model 'polygon' loaded for trajectory optimization.
[INFO] [1783927586.517466396, 418.362000000]: Footprint model 'polygon' loaded for trajectory optimization.
[INFO] [1783927587.118326645, 418.958000000]: Footprint model 'polygon' loaded for trajectory optimization.
[INFO] [1783927587.666340254, 419.508000000]: Footprint model 'polygon' loaded for trajectory optimization.
[INFO] [1783927588.316658626, 420.158000000]: Footprint model 'polygon' loaded for trajectory optimization.
[INFO] [1783927590.149296743, 421.986000000]: GOAL Reached!
[INFO] [1783927590.292461217, 422.128000000]: Footprint model 'polygon' loaded for trajectory optimization.
[INFO] [1783927591.156352692, 422.992000000]: Footprint model 'polygon' loaded for trajectory optimization.
[INFO] [1783927591.767262401, 423.600000000]: Footprint model 'polygon' loaded for trajectory optimization.
[INFO] [1783927592.314293723, 424.148000000]: Footprint model 'polygon' loaded for trajectory optimization.
[INFO] [1783927592.964790796, 424.796000000]: Footprint model 'polygon' loaded for trajectory optimization.
[INFO] [1783927593.618093875, 425.448000000]: Footprint model 'polygon' loaded for trajectory optimization.
[INFO] [1783927596.199605970, 428.024000000]: GOAL Reached!
[INFO] [1783927596.357448279, 428.182000000]: Footprint model 'polygon' loaded for trajectory optimization.
[INFO] [1783927597.235278694, 429.058000000]: Footprint model 'polygon' loaded for trajectory optimization.
[INFO] [1783927597.929142403, 429.750000000]: Footprint model 'polygon' loaded for trajectory optimization.
[INFO] [1783927598.476587486, 430.298000000]: Footprint model 'polygon' loaded for trajectory optimization.
[INFO] [1783927599.079810853, 430.900000000]: Footprint model 'polygon' loaded for trajectory optimization.
[INFO] [1783927599.674092749, 431.496000000]: Footprint model 'polygon' loaded for trajectory optimization.
[INFO] [1783927602.557945776, 434.372000000]: GOAL Reached!
[INFO] [1783927602.698099321, 434.514000000]: Footprint model 'polygon' loaded for trajectory optimization.
[INFO] [1783927603.606465488, 435.418000000]: Footprint model 'polygon' loaded for trajectory optimization.
[INFO] [1783927604.247802157, 436.058000000]: Footprint model 'polygon' loaded for trajectory optimization.
[INFO] [1783927604.851618887, 436.660000000]: Footprint model 'polygon' loaded for trajectory optimization.
[INFO] [1783927605.443829702, 437.254000000]: Footprint model 'polygon' loaded for trajectory optimization.
[INFO] [1783927606.041393751, 437.850000000]: Footprint model 'polygon' loaded for trajectory optimization.
[INFO] [1783927606.641125238, 438.448000000]: Footprint model 'polygon' loaded for trajectory optimization.
[INFO] [1783927613.023802066, 444.820000000]: GOAL Reached!
[INFO] [1783927613.179515025, 444.976000000]: Footprint model 'polygon' loaded for trajectory optimization.
[INFO] [1783927614.087344257, 445.882000000]: Footprint model 'polygon' loaded for trajectory optimization.
[INFO] [1783927614.783595936, 446.576000000]: Footprint model 'polygon' loaded for trajectory optimization.
[INFO] [1783927615.434749503, 447.228000000]: Footprint model 'polygon' loaded for trajectory optimization.
[INFO] [1783927616.083057898, 447.874000000]: Footprint model 'polygon' loaded for trajectory optimization.
[INFO] [1783927616.786039082, 448.574000000]: Footprint model 'polygon' loaded for trajectory optimization.
[INFO] [1783927617.486568378, 449.272000000]: Footprint model 'polygon' loaded for trajectory optimization.
[INFO] [1783927620.308256546, 452.094000000]: GOAL Reached!
[INFO] [1783927620.441244273, 452.226000000]: Footprint model 'polygon' loaded for trajectory optimization.
[INFO] [1783927621.325664237, 453.106000000]: Footprint model 'polygon' loaded for trajectory optimization.
[INFO] [1783927621.973808320, 453.752000000]: Footprint model 'polygon' loaded for trajectory optimization.
[INFO] [1783927622.573030961, 454.352000000]: Footprint model 'polygon' loaded for trajectory optimization.
[INFO] [1783927623.176183577, 454.952000000]: Footprint model 'polygon' loaded for trajectory optimization.
[INFO] [1783927624.957284327, 456.730000000]: GOAL Reached!
[INFO] [1783927625.107678963, 456.880000000]: Footprint model 'polygon' loaded for trajectory optimization.
[INFO] [1783927625.989967340, 457.760000000]: Footprint model 'polygon' loaded for trajectory optimization.
[INFO] [1783927626.684620339, 458.454000000]: Footprint model 'polygon' loaded for trajectory optimization.
[INFO] [1783927627.284558929, 459.052000000]: Footprint model 'polygon' loaded for trajectory optimization.
[INFO] [1783927627.883418556, 459.654000000]: Footprint model 'polygon' loaded for trajectory optimization.
[INFO] [1783927628.485738916, 460.252000000]: Footprint model 'polygon' loaded for trajectory optimization.
[INFO] [1783927630.719404571, 462.482000000]: GOAL Reached!
[INFO] [1783927630.850966140, 462.612000000]: Footprint model 'polygon' loaded for trajectory optimization.
[INFO] [1783927631.719124373, 463.480000000]: Footprint model 'polygon' loaded for trajectory optimization.
[INFO] [1783927632.280341937, 464.040000000]: Footprint model 'polygon' loaded for trajectory optimization.
[INFO] [1783927632.874988575, 464.634000000]: Footprint model 'polygon' loaded for trajectory optimization.
[INFO] [1783927633.478798728, 465.236000000]: Footprint model 'polygon' loaded for trajectory optimization.
[INFO] [1783927634.124494194, 465.880000000]: Footprint model 'polygon' loaded for trajectory optimization.
[INFO] [1783927636.955510207, 468.708000000]: GOAL Reached!
[INFO] [1783927637.100193839, 468.854000000]: Footprint model 'polygon' loaded for trajectory optimization.
[INFO] [1783927638.005549326, 469.758000000]: Footprint model 'polygon' loaded for trajectory optimization.
[INFO] [1783927638.696850755, 470.446000000]: Footprint model 'polygon' loaded for trajectory optimization.
[INFO] [1783927639.396872163, 471.146000000]: Footprint model 'polygon' loaded for trajectory optimization.
[INFO] [1783927640.092069948, 471.840000000]: Footprint model 'polygon' loaded for trajectory optimization.
[INFO] [1783927640.743972479, 472.490000000]: Footprint model 'polygon' loaded for trajectory optimization.
[INFO] [1783927641.393139378, 473.138000000]: Footprint model 'polygon' loaded for trajectory optimization.
[INFO] [1783927642.094693375, 473.838000000]: Footprint model 'polygon' loaded for trajectory optimization.
[INFO] [1783927642.793785038, 474.536000000]: Footprint model 'polygon' loaded for trajectory optimization.
[INFO] [1783927643.344906740, 475.086000000]: Footprint model 'polygon' loaded for trajectory optimization.
[INFO] [1783927648.122628275, 479.860000000]: GOAL Reached!
[INFO] [1783927648.272243847, 480.010000000]: Footprint model 'polygon' loaded for trajectory optimization.
[INFO] [1783927649.148453262, 480.880000000]: Footprint model 'polygon' loaded for trajectory optimization.
[INFO] [1783927649.749995950, 481.480000000]: Footprint model 'polygon' loaded for trajectory optimization.
[INFO] [1783927650.296321198, 482.026000000]: Footprint model 'polygon' loaded for trajectory optimization.
[INFO] [1783927650.905798115, 482.634000000]: Footprint model 'polygon' loaded for trajectory optimization.
[INFO] [1783927651.506170876, 483.232000000]: Footprint model 'polygon' loaded for trajectory optimization.
[INFO] [1783927652.107172778, 483.834000000]: Footprint model 'polygon' loaded for trajectory optimization.
[INFO] [1783927655.482287023, 487.202000000]: GOAL Reached!
[INFO] [1783927655.627738157, 487.346000000]: Footprint model 'polygon' loaded for trajectory optimization.
[INFO] [1783927656.503010550, 488.220000000]: Footprint model 'polygon' loaded for trajectory optimization.
[INFO] [1783927657.101960200, 488.818000000]: Footprint model 'polygon' loaded for trajectory optimization.
[INFO] [1783927657.801507229, 489.518000000]: Footprint model 'polygon' loaded for trajectory optimization.
[INFO] [1783927658.352381160, 490.068000000]: Footprint model 'polygon' loaded for trajectory optimization.
[INFO] [1783927660.029663086, 491.746000000]: GOAL Reached!
[INFO] [1783927660.178295088, 491.894000000]: Footprint model 'polygon' loaded for trajectory optimization.
[INFO] [1783927661.069721255, 492.782000000]: Footprint model 'polygon' loaded for trajectory optimization.
[INFO] [1783927661.772896447, 493.482000000]: Footprint model 'polygon' loaded for trajectory optimization.
[INFO] [1783927662.367407990, 494.076000000]: Footprint model 'polygon' loaded for trajectory optimization.
[INFO] [1783927663.066800347, 494.774000000]: Footprint model 'polygon' loaded for trajectory optimization.
[INFO] [1783927663.666388546, 495.374000000]: Footprint model 'polygon' loaded for trajectory optimization.
[INFO] [1783927665.501751849, 497.204000000]: GOAL Reached!
[INFO] [1783927665.651922591, 497.356000000]: Footprint model 'polygon' loaded for trajectory optimization.
[INFO] [1783927666.541009292, 498.242000000]: Footprint model 'polygon' loaded for trajectory optimization.
[INFO] [1783927667.223319937, 498.924000000]: Footprint model 'polygon' loaded for trajectory optimization.
[INFO] [1783927667.819945358, 499.518000000]: Footprint model 'polygon' loaded for trajectory optimization.
[INFO] [1783927668.372627205, 500.070000000]: Footprint model 'polygon' loaded for trajectory optimization.
[INFO] [1783927668.968958972, 500.668000000]: Footprint model 'polygon' loaded for trajectory optimization.
[INFO] [1783927671.254098755, 502.946000000]: GOAL Reached!
[INFO] [1783927671.410720182, 503.102000000]: Footprint model 'polygon' loaded for trajectory optimization.
[INFO] [1783927672.309535831, 504.000000000]: Footprint model 'polygon' loaded for trajectory optimization.
[INFO] [1783927672.942268555, 504.632000000]: Footprint model 'polygon' loaded for trajectory optimization.
[INFO] [1783927673.593419162, 505.282000000]: Footprint model 'polygon' loaded for trajectory optimization.
[INFO] [1783927674.236552606, 505.926000000]: Footprint model 'polygon' loaded for trajectory optimization.
[INFO] [1783927674.836121600, 506.522000000]: Footprint model 'polygon' loaded for trajectory optimization.
[INFO] [1783927675.463704768, 507.148000000]: Footprint model 'polygon' loaded for trajectory optimization.
[INFO] [1783927680.723344917, 512.400000000]: GOAL Reached!
[INFO] [1783927680.870932218, 512.546000000]: Footprint model 'polygon' loaded for trajectory optimization.
[INFO] [1783927681.766185910, 513.440000000]: Footprint model 'polygon' loaded for trajectory optimization.
[INFO] [1783927682.408370260, 514.082000000]: Footprint model 'polygon' loaded for trajectory optimization.
[INFO] [1783927683.048166540, 514.722000000]: Footprint model 'polygon' loaded for trajectory optimization.
[INFO] [1783927683.647955635, 515.318000000]: Footprint model 'polygon' loaded for trajectory optimization.
[INFO] [1783927684.200535854, 515.868000000]: Footprint model 'polygon' loaded for trajectory optimization.
[INFO] [1783927684.851553106, 516.522000000]: Footprint model 'polygon' loaded for trajectory optimization.
[INFO] [1783927688.083698068, 519.746000000]: GOAL Reached!
[INFO] [1783927688.239287442, 519.902000000]: Footprint model 'polygon' loaded for trajectory optimization.
[INFO] [1783927689.120298296, 520.780000000]: Footprint model 'polygon' loaded for trajectory optimization.
[INFO] [1783927689.668523083, 521.330000000]: Footprint model 'polygon' loaded for trajectory optimization.
[INFO] [1783927690.318187454, 521.978000000]: Footprint model 'polygon' loaded for trajectory optimization.
[INFO] [1783927690.968078028, 522.624000000]: Footprint model 'polygon' loaded for trajectory optimization.
[INFO] [1783927692.847047908, 524.502000000]: GOAL Reached!
[INFO] [1783927693.004187896, 524.658000000]: Footprint model 'polygon' loaded for trajectory optimization.
[INFO] [1783927693.888197460, 525.540000000]: Footprint model 'polygon' loaded for trajectory optimization.
[INFO] [1783927694.583522173, 526.236000000]: Footprint model 'polygon' loaded for trajectory optimization.
[INFO] [1783927695.235554267, 526.884000000]: Footprint model 'polygon' loaded for trajectory optimization.
[INFO] [1783927695.890674691, 527.540000000]: Footprint model 'polygon' loaded for trajectory optimization.
[INFO] [1783927696.532300155, 528.182000000]: Footprint model 'polygon' loaded for trajectory optimization.
[INFO] [1783927698.515835354, 530.160000000]: GOAL Reached!
[INFO] [1783927698.660085787, 530.302000000]: Footprint model 'polygon' loaded for trajectory optimization.
[INFO] [1783927699.537456292, 531.180000000]: Footprint model 'polygon' loaded for trajectory optimization.
[INFO] [1783927700.234879529, 531.874000000]: Footprint model 'polygon' loaded for trajectory optimization.
[INFO] [1783927700.927203724, 532.568000000]: Footprint model 'polygon' loaded for trajectory optimization.
[INFO] [1783927701.535520550, 533.172000000]: Footprint model 'polygon' loaded for trajectory optimization.
[INFO] [1783927702.230856098, 533.868000000]: Footprint model 'polygon' loaded for trajectory optimization.
[INFO] [1783927704.763517170, 536.396000000]: GOAL Reached!
[INFO] [1783927704.914885809, 536.546000000]: Footprint model 'polygon' loaded for trajectory optimization.
[INFO] [1783927705.827657829, 537.460000000]: Footprint model 'polygon' loaded for trajectory optimization.
[INFO] [1783927706.473147430, 538.102000000]: Footprint model 'polygon' loaded for trajectory optimization.
[INFO] [1783927707.123581457, 538.752000000]: Footprint model 'polygon' loaded for trajectory optimization.
[INFO] [1783927707.775912771, 539.402000000]: Footprint model 'polygon' loaded for trajectory optimization.
[INFO] [1783927708.423991808, 540.048000000]: Footprint model 'polygon' loaded for trajectory optimization.
[INFO] [1783927709.071785928, 540.696000000]: Footprint model 'polygon' loaded for trajectory optimization.
[INFO] [1783927714.258357763, 545.872000000]: GOAL Reached!
[INFO] [1783927714.406099723, 546.018000000]: Footprint model 'polygon' loaded for trajectory optimization.
[INFO] [1783927715.289701159, 546.900000000]: Footprint model 'polygon' loaded for trajectory optimization.
[INFO] [1783927715.932232753, 547.542000000]: Footprint model 'polygon' loaded for trajectory optimization.
[INFO] [1783927716.579471536, 548.188000000]: Footprint model 'polygon' loaded for trajectory optimization.
[INFO] [1783927717.283555582, 548.892000000]: Footprint model 'polygon' loaded for trajectory optimization.
[INFO] [1783927717.980528592, 549.588000000]: Footprint model 'polygon' loaded for trajectory optimization.
[INFO] [1783927718.580042285, 550.186000000]: Footprint model 'polygon' loaded for trajectory optimization.
[INFO] [1783927721.513715554, 553.114000000]: GOAL Reached!
[INFO] [1783927721.670962828, 553.270000000]: Footprint model 'polygon' loaded for trajectory optimization.
[INFO] [1783927722.561836165, 554.160000000]: Footprint model 'polygon' loaded for trajectory optimization.
[INFO] [1783927723.259631145, 554.856000000]: Footprint model 'polygon' loaded for trajectory optimization.
[INFO] [1783927723.853490882, 555.450000000]: Footprint model 'polygon' loaded for trajectory optimization.
[INFO] [1783927724.451322226, 556.046000000]: Footprint model 'polygon' loaded for trajectory optimization.
[INFO] [1783927725.985335126, 557.576000000]: GOAL Reached!
[INFO] [1783927726.122385266, 557.712000000]: Footprint model 'polygon' loaded for trajectory optimization.
[INFO] [1783927727.011375397, 558.600000000]: Footprint model 'polygon' loaded for trajectory optimization.
[INFO] [1783927727.641260634, 559.232000000]: Footprint model 'polygon' loaded for trajectory optimization.
[INFO] [1783927728.248176724, 559.836000000]: Footprint model 'polygon' loaded for trajectory optimization.
[INFO] [1783927728.894080126, 560.484000000]: Footprint model 'polygon' loaded for trajectory optimization.
[INFO] [1783927729.543308657, 561.128000000]: Footprint model 'polygon' loaded for trajectory optimization.
[INFO] [1783927731.629054829, 563.210000000]: GOAL Reached!
[INFO] [1783927731.771871911, 563.352000000]: Footprint model 'polygon' loaded for trajectory optimization.
[INFO] [1783927732.663078395, 564.242000000]: Footprint model 'polygon' loaded for trajectory optimization.
[INFO] [1783927733.306653746, 564.884000000]: Footprint model 'polygon' loaded for trajectory optimization.
[INFO] [1783927733.906134722, 565.482000000]: Footprint model 'polygon' loaded for trajectory optimization.
[INFO] [1783927734.501830098, 566.082000000]: Footprint model 'polygon' loaded for trajectory optimization.
[INFO] [1783927735.154278136, 566.728000000]: Footprint model 'polygon' loaded for trajectory optimization.
[INFO] [1783927737.785217346, 569.356000000]: GOAL Reached!
[INFO] [1783927737.933234464, 569.504000000]: Footprint model 'polygon' loaded for trajectory optimization.
[INFO] [1783927738.831565126, 570.400000000]: Footprint model 'polygon' loaded for trajectory optimization.
[INFO] [1783927739.423197546, 570.992000000]: Footprint model 'polygon' loaded for trajectory optimization.
[INFO] [1783927739.970655828, 571.536000000]: Footprint model 'polygon' loaded for trajectory optimization.
[INFO] [1783927740.622754948, 572.188000000]: Footprint model 'polygon' loaded for trajectory optimization.
[INFO] [1783927741.324057969, 572.888000000]: Footprint model 'polygon' loaded for trajectory optimization.
[INFO] [1783927741.919462714, 573.482000000]: Footprint model 'polygon' loaded for trajectory optimization.
[INFO] [1783927747.058210975, 578.612000000]: GOAL Reached!
[INFO] [1783927747.204398875, 578.758000000]: Footprint model 'polygon' loaded for trajectory optimization.
[INFO] [1783927748.110871107, 579.664000000]: Footprint model 'polygon' loaded for trajectory optimization.
[INFO] [1783927748.797076399, 580.348000000]: Footprint model 'polygon' loaded for trajectory optimization.
[INFO] [1783927749.495740489, 581.046000000]: Footprint model 'polygon' loaded for trajectory optimization.
[INFO] [1783927750.148607468, 581.696000000]: Footprint model 'polygon' loaded for trajectory optimization.
[INFO] [1783927750.794545953, 582.340000000]: Footprint model 'polygon' loaded for trajectory optimization.
[INFO] [1783927751.444426789, 582.994000000]: Footprint model 'polygon' loaded for trajectory optimization.
[INFO] [1783927754.123645245, 585.668000000]: GOAL Reached!
[INFO] [1783927754.268614728, 585.810000000]: Footprint model 'polygon' loaded for trajectory optimization.
[INFO] [1783927755.161856367, 586.702000000]: Footprint model 'polygon' loaded for trajectory optimization.
[INFO] [1783927755.849931581, 587.388000000]: Footprint model 'polygon' loaded for trajectory optimization.
[INFO] [1783927756.551208767, 588.088000000]: Footprint model 'polygon' loaded for trajectory optimization.
[INFO] [1783927757.197855284, 588.734000000]: Footprint model 'polygon' loaded for trajectory optimization.
[INFO] [1783927758.779958437, 590.312000000]: GOAL Reached!
[INFO] [1783927758.918898281, 590.452000000]: Footprint model 'polygon' loaded for trajectory optimization.
[INFO] [1783927759.807967371, 591.338000000]: Footprint model 'polygon' loaded for trajectory optimization.
[INFO] [1783927760.452305380, 591.982000000]: Footprint model 'polygon' loaded for trajectory optimization.
[INFO] [1783927761.101034666, 592.630000000]: Footprint model 'polygon' loaded for trajectory optimization.
[INFO] [1783927761.700734482, 593.228000000]: Footprint model 'polygon' loaded for trajectory optimization.
[INFO] [1783927762.355801351, 593.882000000]: Footprint model 'polygon' loaded for trajectory optimization.
[INFO] [1783927764.529738815, 596.056000000]: GOAL Reached!
[INFO] [1783927764.675972956, 596.202000000]: Footprint model 'polygon' loaded for trajectory optimization.
[INFO] [1783927765.558364597, 597.082000000]: Footprint model 'polygon' loaded for trajectory optimization.
[INFO] [1783927766.203661838, 597.724000000]: Footprint model 'polygon' loaded for trajectory optimization.
[INFO] [1783927766.850529855, 598.368000000]: Footprint model 'polygon' loaded for trajectory optimization.
[INFO] [1783927767.540162958, 599.058000000]: Footprint model 'polygon' loaded for trajectory optimization.
[INFO] [1783927768.095348524, 599.612000000]: Footprint model 'polygon' loaded for trajectory optimization.
[INFO] [1783927770.579338504, 602.090000000]: GOAL Reached!
[INFO] [1783927770.722500294, 602.232000000]: Footprint model 'polygon' loaded for trajectory optimization.
[INFO] [1783927771.607338164, 603.116000000]: Footprint model 'polygon' loaded for trajectory optimization.
[INFO] [1783927772.154401682, 603.666000000]: Footprint model 'polygon' loaded for trajectory optimization.
[INFO] [1783927772.760104411, 604.270000000]: Footprint model 'polygon' loaded for trajectory optimization.
[INFO] [1783927773.408557944, 604.916000000]: Footprint model 'polygon' loaded for trajectory optimization.
[INFO] [1783927774.110241500, 605.614000000]: Footprint model 'polygon' loaded for trajectory optimization.
[INFO] [1783927774.708033306, 606.212000000]: Footprint model 'polygon' loaded for trajectory optimization.
[INFO] [1783927779.943823266, 611.438000000]: GOAL Reached!
[INFO] [1783927780.080674972, 611.576000000]: Footprint model 'polygon' loaded for trajectory optimization.
[INFO] [1783927780.981421406, 612.478000000]: Footprint model 'polygon' loaded for trajectory optimization.
[INFO] [1783927781.620592957, 613.114000000]: Footprint model 'polygon' loaded for trajectory optimization.
[INFO] [1783927782.271001319, 613.762000000]: Footprint model 'polygon' loaded for trajectory optimization.
[INFO] [1783927782.820587692, 614.310000000]: Footprint model 'polygon' loaded for trajectory optimization.
[INFO] [1783927783.425215252, 614.914000000]: Footprint model 'polygon' loaded for trajectory optimization.
[INFO] [1783927784.022305645, 615.508000000]: Footprint model 'polygon' loaded for trajectory optimization.
[INFO] [1783927787.205516486, 618.686000000]: GOAL Reached!
[INFO] [1783927787.348124725, 618.828000000]: Footprint model 'polygon' loaded for trajectory optimization.
[INFO] [1783927788.239668091, 619.718000000]: Footprint model 'polygon' loaded for trajectory optimization.
[INFO] [1783927788.879265155, 620.358000000]: Footprint model 'polygon' loaded for trajectory optimization.
[INFO] [1783927789.480110294, 620.956000000]: Footprint model 'polygon' loaded for trajectory optimization.
[INFO] [1783927790.081199124, 621.556000000]: Footprint model 'polygon' loaded for trajectory optimization.
[INFO] [1783927792.063361892, 623.534000000]: GOAL Reached!
[INFO] [1783927792.203612425, 623.674000000]: Footprint model 'polygon' loaded for trajectory optimization.
[INFO] [1783927793.091155070, 624.560000000]: Footprint model 'polygon' loaded for trajectory optimization.
[INFO] [1783927793.788943409, 625.256000000]: Footprint model 'polygon' loaded for trajectory optimization.
[INFO] [1783927794.488947315, 625.956000000]: Footprint model 'polygon' loaded for trajectory optimization.
[INFO] [1783927795.035744688, 626.504000000]: Footprint model 'polygon' loaded for trajectory optimization.
[INFO] [1783927795.639780819, 627.104000000]: Footprint model 'polygon' loaded for trajectory optimization.
[INFO] [1783927797.521115746, 628.982000000]: GOAL Reached!
[INFO] [1783927797.657144297, 629.118000000]: Footprint model 'polygon' loaded for trajectory optimization.
[INFO] [1783927798.540073249, 629.998000000]: Footprint model 'polygon' loaded for trajectory optimization.
[INFO] [1783927799.181017197, 630.640000000]: Footprint model 'polygon' loaded for trajectory optimization.
[INFO] [1783927799.781921220, 631.240000000]: Footprint model 'polygon' loaded for trajectory optimization.
[INFO] [1783927800.382934637, 631.840000000]: Footprint model 'polygon' loaded for trajectory optimization.
[INFO] [1783927801.031739545, 632.486000000]: Footprint model 'polygon' loaded for trajectory optimization.
[INFO] [1783927803.362229828, 634.812000000]: GOAL Reached!
[INFO] [1783927803.501101465, 634.952000000]: Footprint model 'polygon' loaded for trajectory optimization.
[INFO] [1783927804.390805615, 635.838000000]: Footprint model 'polygon' loaded for trajectory optimization.
[INFO] [1783927805.034524105, 636.486000000]: Footprint model 'polygon' loaded for trajectory optimization.
[INFO] [1783927805.631867002, 637.080000000]: Footprint model 'polygon' loaded for trajectory optimization.
[INFO] [1783927806.238812090, 637.684000000]: Footprint model 'polygon' loaded for trajectory optimization.
[INFO] [1783927806.879115123, 638.326000000]: Footprint model 'polygon' loaded for trajectory optimization.
[INFO] [1783927807.429388465, 638.872000000]: Footprint model 'polygon' loaded for trajectory optimization.
[INFO] [1783927812.416451699, 643.850000000]: GOAL Reached!
[INFO] [1783927812.555170569, 643.990000000]: Footprint model 'polygon' loaded for trajectory optimization.
[INFO] [1783927813.446683661, 644.880000000]: Footprint model 'polygon' loaded for trajectory optimization.
[INFO] [1783927814.093081176, 645.524000000]: Footprint model 'polygon' loaded for trajectory optimization.
[INFO] [1783927814.694963172, 646.124000000]: Footprint model 'polygon' loaded for trajectory optimization.
[INFO] [1783927815.293422392, 646.722000000]: Footprint model 'polygon' loaded for trajectory optimization.
[INFO] [1783927815.943176291, 647.370000000]: Footprint model 'polygon' loaded for trajectory optimization.
[INFO] [1783927816.543422867, 647.968000000]: Footprint model 'polygon' loaded for trajectory optimization.
[INFO] [1783927819.775006303, 651.194000000]: GOAL Reached!
[INFO] [1783927819.923427689, 651.342000000]: Footprint model 'polygon' loaded for trajectory optimization.
[INFO] [1783927820.822371080, 652.238000000]: Footprint model 'polygon' loaded for trajectory optimization.
[INFO] [1783927821.453781122, 652.870000000]: Footprint model 'polygon' loaded for trajectory optimization.
[INFO] [1783927822.103913484, 653.518000000]: Footprint model 'polygon' loaded for trajectory optimization.
[INFO] [1783927822.701872213, 654.116000000]: Footprint model 'polygon' loaded for trajectory optimization.
[INFO] [1783927824.438137529, 655.848000000]: GOAL Reached!
[INFO] [1783927824.575320405, 655.986000000]: Footprint model 'polygon' loaded for trajectory optimization.
[INFO] [1783927825.450966240, 656.862000000]: Footprint model 'polygon' loaded for trajectory optimization.
[INFO] [1783927825.998212707, 657.408000000]: Footprint model 'polygon' loaded for trajectory optimization.
[INFO] [1783927826.650201299, 658.056000000]: Footprint model 'polygon' loaded for trajectory optimization.
[INFO] [1783927827.199370120, 658.608000000]: Footprint model 'polygon' loaded for trajectory optimization.
[INFO] [1783927827.803051855, 659.208000000]: Footprint model 'polygon' loaded for trajectory optimization.
[INFO] [1783927830.083989740, 661.484000000]: GOAL Reached!
[INFO] [1783927830.217625849, 661.618000000]: Footprint model 'polygon' loaded for trajectory optimization.
[INFO] [1783927831.101693215, 662.502000000]: Footprint model 'polygon' loaded for trajectory optimization.
[INFO] [1783927831.743267493, 663.144000000]: Footprint model 'polygon' loaded for trajectory optimization.
[INFO] [1783927832.398641113, 663.796000000]: Footprint model 'polygon' loaded for trajectory optimization.
[INFO] [1783927833.045934321, 664.442000000]: Footprint model 'polygon' loaded for trajectory optimization.
[INFO] [1783927833.695727557, 665.090000000]: Footprint model 'polygon' loaded for trajectory optimization.
[INFO] [1783927836.127334462, 667.516000000]: GOAL Reached!
[INFO] [1783927836.271109803, 667.660000000]: Footprint model 'polygon' loaded for trajectory optimization.
[INFO] [1783927837.171047685, 668.558000000]: Footprint model 'polygon' loaded for trajectory optimization.
[INFO] [1783927837.861854449, 669.250000000]: Footprint model 'polygon' loaded for trajectory optimization.
[INFO] [1783927838.515372228, 669.900000000]: Footprint model 'polygon' loaded for trajectory optimization.
[INFO] [1783927839.154582650, 670.538000000]: Footprint model 'polygon' loaded for trajectory optimization.
[INFO] [1783927839.710249921, 671.092000000]: Footprint model 'polygon' loaded for trajectory optimization.
[INFO] [1783927840.326754830, 671.708000000]: Footprint model 'polygon' loaded for trajectory optimization.
[INFO] [1783927845.392827482, 676.766000000]: GOAL Reached!
[INFO] [1783927845.533049384, 676.906000000]: Footprint model 'polygon' loaded for trajectory optimization.
[INFO] [1783927846.408605233, 677.778000000]: Footprint model 'polygon' loaded for trajectory optimization.
[INFO] [1783927847.108651639, 678.476000000]: Footprint model 'polygon' loaded for trajectory optimization.
[INFO] [1783927847.705952802, 679.074000000]: Footprint model 'polygon' loaded for trajectory optimization.
[INFO] [1783927848.358687138, 679.726000000]: Footprint model 'polygon' loaded for trajectory optimization.
[INFO] [1783927849.011424200, 680.378000000]: Footprint model 'polygon' loaded for trajectory optimization.
[INFO] [1783927849.665377404, 681.030000000]: Footprint model 'polygon' loaded for trajectory optimization.
[INFO] [1783927852.641327343, 684.002000000]: GOAL Reached!
[INFO] [1783927852.782800763, 684.142000000]: Footprint model 'polygon' loaded for trajectory optimization.
[INFO] [1783927853.659607550, 685.018000000]: Footprint model 'polygon' loaded for trajectory optimization.
[INFO] [1783927854.260530457, 685.618000000]: Footprint model 'polygon' loaded for trajectory optimization.
[INFO] [1783927854.867407915, 686.222000000]: Footprint model 'polygon' loaded for trajectory optimization.
[INFO] [1783927855.461798617, 686.818000000]: Footprint model 'polygon' loaded for trajectory optimization.
[INFO] [1783927857.298209069, 688.650000000]: GOAL Reached!
[INFO] [1783927857.434154363, 688.784000000]: Footprint model 'polygon' loaded for trajectory optimization.
[INFO] [1783927858.290646479, 689.640000000]: Footprint model 'polygon' loaded for trajectory optimization.
[INFO] [1783927858.896569521, 690.246000000]: Footprint model 'polygon' loaded for trajectory optimization.
[INFO] [1783927859.481676328, 690.832000000]: Footprint model 'polygon' loaded for trajectory optimization.
[INFO] [1783927860.044659455, 691.390000000]: Footprint model 'polygon' loaded for trajectory optimization.
[INFO] [1783927860.695184683, 692.040000000]: Footprint model 'polygon' loaded for trajectory optimization.
[INFO] [1783927863.330026963, 694.670000000]: GOAL Reached!
[INFO] [1783927863.477875746, 694.818000000]: Footprint model 'polygon' loaded for trajectory optimization.
[INFO] [1783927864.363337933, 695.702000000]: Footprint model 'polygon' loaded for trajectory optimization.
[INFO] [1783927865.005007298, 696.344000000]: Footprint model 'polygon' loaded for trajectory optimization.
[INFO] [1783927865.656363285, 696.992000000]: Footprint model 'polygon' loaded for trajectory optimization.
[INFO] [1783927866.246032859, 697.584000000]: Footprint model 'polygon' loaded for trajectory optimization.
[INFO] [1783927866.850137778, 698.186000000]: Footprint model 'polygon' loaded for trajectory optimization.
[INFO] [1783927869.384862305, 700.714000000]: GOAL Reached!
[INFO] [1783927869.527482593, 700.860000000]: Footprint model 'polygon' loaded for trajectory optimization.
[INFO] [1783927870.409416214, 701.738000000]: Footprint model 'polygon' loaded for trajectory optimization.
[INFO] [1783927871.064099313, 702.392000000]: Footprint model 'polygon' loaded for trajectory optimization.
[INFO] [1783927871.662685083, 702.990000000]: Footprint model 'polygon' loaded for trajectory optimization.
[INFO] [1783927872.261214306, 703.586000000]: Footprint model 'polygon' loaded for trajectory optimization.
[INFO] [1783927872.863289538, 704.186000000]: Footprint model 'polygon' loaded for trajectory optimization.
[INFO] [1783927873.461123158, 704.784000000]: Footprint model 'polygon' loaded for trajectory optimization.
[INFO] [1783927878.742401876, 710.056000000]: GOAL Reached!
[INFO] [1783927878.881215410, 710.194000000]: Footprint model 'polygon' loaded for trajectory optimization.
[INFO] [1783927879.771810173, 711.082000000]: Footprint model 'polygon' loaded for trajectory optimization.
[INFO] [1783927880.469670892, 711.778000000]: Footprint model 'polygon' loaded for trajectory optimization.
[INFO] [1783927881.058938822, 712.368000000]: Footprint model 'polygon' loaded for trajectory optimization.
[INFO] [1783927881.667498455, 712.974000000]: Footprint model 'polygon' loaded for trajectory optimization.
[INFO] [1783927882.219979776, 713.526000000]: Footprint model 'polygon' loaded for trajectory optimization.
[INFO] [1783927882.825676229, 714.130000000]: Footprint model 'polygon' loaded for trajectory optimization.
[INFO] [1783927885.997718095, 717.300000000]: GOAL Reached!
[INFO] [1783927886.134958098, 717.436000000]: Footprint model 'polygon' loaded for trajectory optimization.
[INFO] [1783927887.020648945, 718.318000000]: Footprint model 'polygon' loaded for trajectory optimization.
[INFO] [1783927887.718315275, 719.014000000]: Footprint model 'polygon' loaded for trajectory optimization.
[INFO] [1783927888.364676188, 719.660000000]: Footprint model 'polygon' loaded for trajectory optimization.
[INFO] [1783927888.964934620, 720.260000000]: Footprint model 'polygon' loaded for trajectory optimization.
[INFO] [1783927890.547701644, 721.838000000]: GOAL Reached!
[INFO] [1783927890.696147040, 721.986000000]: Footprint model 'polygon' loaded for trajectory optimization.
[INFO] [1783927891.590476636, 722.880000000]: Footprint model 'polygon' loaded for trajectory optimization.
[INFO] [1783927892.232411133, 723.520000000]: Footprint model 'polygon' loaded for trajectory optimization.
[INFO] [1783927892.878361052, 724.168000000]: Footprint model 'polygon' loaded for trajectory optimization.
[INFO] [1783927893.579609172, 724.866000000]: Footprint model 'polygon' loaded for trajectory optimization.
[INFO] [1783927894.179673766, 725.466000000]: Footprint model 'polygon' loaded for trajectory optimization.
[INFO] [1783927896.214989467, 727.496000000]: GOAL Reached!
[INFO] [1783927896.366938463, 727.648000000]: Footprint model 'polygon' loaded for trajectory optimization.
[INFO] [1783927897.235662668, 728.516000000]: Footprint model 'polygon' loaded for trajectory optimization.
[INFO] [1783927897.839115620, 729.118000000]: Footprint model 'polygon' loaded for trajectory optimization.
[INFO] [1783927898.442299115, 729.718000000]: Footprint model 'polygon' loaded for trajectory optimization.
[INFO] [1783927898.989146722, 730.266000000]: Footprint model 'polygon' loaded for trajectory optimization.
[INFO] [1783927899.593856378, 730.868000000]: Footprint model 'polygon' loaded for trajectory optimization.
[INFO] [1783927902.276765525, 733.546000000]: GOAL Reached!
[INFO] [1783927902.427764291, 733.696000000]: Footprint model 'polygon' loaded for trajectory optimization.
[INFO] [1783927903.312325280, 734.582000000]: Footprint model 'polygon' loaded for trajectory optimization.
[INFO] [1783927903.964616589, 735.232000000]: Footprint model 'polygon' loaded for trajectory optimization.
[INFO] [1783927904.608313955, 735.874000000]: Footprint model 'polygon' loaded for trajectory optimization.
[INFO] [1783927905.158441340, 736.424000000]: Footprint model 'polygon' loaded for trajectory optimization.
[INFO] [1783927905.757404466, 737.024000000]: Footprint model 'polygon' loaded for trajectory optimization.
[INFO] [1783927906.362455494, 737.626000000]: Footprint model 'polygon' loaded for trajectory optimization.
[INFO] [1783927911.945273123, 743.198000000]: GOAL Reached!
[INFO] [1783927912.098935488, 743.350000000]: Footprint model 'polygon' loaded for trajectory optimization.
[INFO] [1783927912.988357508, 744.238000000]: Footprint model 'polygon' loaded for trajectory optimization.
[INFO] [1783927913.675825133, 744.924000000]: Footprint model 'polygon' loaded for trajectory optimization.
[INFO] [1783927914.379247726, 745.626000000]: Footprint model 'polygon' loaded for trajectory optimization.
[INFO] [1783927915.026471179, 746.274000000]: Footprint model 'polygon' loaded for trajectory optimization.
[INFO] [1783927915.672022357, 746.918000000]: Footprint model 'polygon' loaded for trajectory optimization.
[INFO] [1783927916.329878357, 747.574000000]: Footprint model 'polygon' loaded for trajectory optimization.
[INFO] [1783927919.208552880, 750.448000000]: GOAL Reached!
[INFO] [1783927919.349408197, 750.590000000]: Footprint model 'polygon' loaded for trajectory optimization.
[INFO] [1783927920.242024411, 751.478000000]: Footprint model 'polygon' loaded for trajectory optimization.
[INFO] [1783927920.940842316, 752.178000000]: Footprint model 'polygon' loaded for trajectory optimization.
[INFO] [1783927921.632604424, 752.868000000]: Footprint model 'polygon' loaded for trajectory optimization.
[INFO] [1783927922.283628738, 753.516000000]: Footprint model 'polygon' loaded for trajectory optimization.
[INFO] [1783927923.865250065, 755.094000000]: GOAL Reached!
[INFO] [1783927924.006700957, 755.236000000]: Footprint model 'polygon' loaded for trajectory optimization.
[INFO] [1783927924.895412396, 756.124000000]: Footprint model 'polygon' loaded for trajectory optimization.
[INFO] [1783927925.537424096, 756.764000000]: Footprint model 'polygon' loaded for trajectory optimization.
[INFO] [1783927926.133528910, 757.358000000]: Footprint model 'polygon' loaded for trajectory optimization.
[INFO] [1783927926.731633811, 757.956000000]: Footprint model 'polygon' loaded for trajectory optimization.
[INFO] [1783927927.387684406, 758.612000000]: Footprint model 'polygon' loaded for trajectory optimization.
[INFO] [1783927929.116643429, 760.336000000]: GOAL Reached!
[INFO] [1783927929.268720832, 760.486000000]: Footprint model 'polygon' loaded for trajectory optimization.
[INFO] [1783927930.142643555, 761.360000000]: Footprint model 'polygon' loaded for trajectory optimization.
[INFO] [1783927930.794632199, 762.008000000]: Footprint model 'polygon' loaded for trajectory optimization.
[INFO] [1783927931.441345054, 762.658000000]: Footprint model 'polygon' loaded for trajectory optimization.
[INFO] [1783927932.043785576, 763.256000000]: Footprint model 'polygon' loaded for trajectory optimization.
[INFO] [1783927932.646746992, 763.856000000]: Footprint model 'polygon' loaded for trajectory optimization.
[INFO] [1783927934.977365884, 766.184000000]: GOAL Reached!
[INFO] [1783927935.127620592, 766.334000000]: Footprint model 'polygon' loaded for trajectory optimization.
[INFO] [1783927936.012991438, 767.218000000]: Footprint model 'polygon' loaded for trajectory optimization.
[INFO] [1783927936.708084381, 767.912000000]: Footprint model 'polygon' loaded for trajectory optimization.
[INFO] [1783927937.355594924, 768.558000000]: Footprint model 'polygon' loaded for trajectory optimization.
[INFO] [1783927938.005396485, 769.206000000]: Footprint model 'polygon' loaded for trajectory optimization.
[INFO] [1783927938.661638582, 769.860000000]: Footprint model 'polygon' loaded for trajectory optimization.
[INFO] [1783927939.310799261, 770.508000000]: Footprint model 'polygon' loaded for trajectory optimization.
[INFO] [1783927944.336439235, 775.532000000]: GOAL Reached!
[INFO] [1783927944.486445230, 775.682000000]: Footprint model 'polygon' loaded for trajectory optimization.
[INFO] [1783927945.387719178, 776.578000000]: Footprint model 'polygon' loaded for trajectory optimization.
[INFO] [1783927946.092734692, 777.280000000]: Footprint model 'polygon' loaded for trajectory optimization.
[INFO] [1783927946.638698128, 777.828000000]: Footprint model 'polygon' loaded for trajectory optimization.
[INFO] [1783927947.242900343, 778.432000000]: Footprint model 'polygon' loaded for trajectory optimization.
[INFO] [1783927947.892797887, 779.080000000]: Footprint model 'polygon' loaded for trajectory optimization.
[INFO] [1783927948.593738340, 779.778000000]: Footprint model 'polygon' loaded for trajectory optimization.
[INFO] [1783927951.524948293, 782.704000000]: GOAL Reached!
[INFO] [1783927951.668463425, 782.846000000]: Footprint model 'polygon' loaded for trajectory optimization.
[INFO] [1783927952.542814870, 783.718000000]: Footprint model 'polygon' loaded for trajectory optimization.
[INFO] [1783927953.098916958, 784.274000000]: Footprint model 'polygon' loaded for trajectory optimization.
[INFO] [1783927953.751129998, 784.926000000]: Footprint model 'polygon' loaded for trajectory optimization.
[INFO] [1783927954.447063705, 785.622000000]: Footprint model 'polygon' loaded for trajectory optimization.
[INFO] [1783927956.078891609, 787.250000000]: GOAL Reached!
[INFO] [1783927956.227177130, 787.396000000]: Footprint model 'polygon' loaded for trajectory optimization.
[INFO] [1783927957.109566095, 788.280000000]: Footprint model 'polygon' loaded for trajectory optimization.
[INFO] [1783927957.745594735, 788.914000000]: Footprint model 'polygon' loaded for trajectory optimization.
[INFO] [1783927958.396545481, 789.562000000]: Footprint model 'polygon' loaded for trajectory optimization.
[INFO] [1783927958.994286286, 790.160000000]: Footprint model 'polygon' loaded for trajectory optimization.
[INFO] [1783927959.597044116, 790.762000000]: Footprint model 'polygon' loaded for trajectory optimization.
[INFO] [1783927961.727964628, 792.890000000]: GOAL Reached!
[INFO] [1783927961.881378385, 793.042000000]: Footprint model 'polygon' loaded for trajectory optimization.
[INFO] [1783927962.774288693, 793.934000000]: Footprint model 'polygon' loaded for trajectory optimization.
[INFO] [1783927963.422601894, 794.578000000]: Footprint model 'polygon' loaded for trajectory optimization.
[INFO] [1783927964.021032095, 795.178000000]: Footprint model 'polygon' loaded for trajectory optimization.
[INFO] [1783927964.621855320, 795.776000000]: Footprint model 'polygon' loaded for trajectory optimization.
[INFO] [1783927965.221932782, 796.378000000]: Footprint model 'polygon' loaded for trajectory optimization.
[INFO] [1783927967.603203952, 798.752000000]: GOAL Reached!
[INFO] [1783927967.752761265, 798.900000000]: Footprint model 'polygon' loaded for trajectory optimization.
[INFO] [1783927968.631780855, 799.780000000]: Footprint model 'polygon' loaded for trajectory optimization.
[INFO] [1783927969.187017193, 800.334000000]: Footprint model 'polygon' loaded for trajectory optimization.
[INFO] [1783927969.842264665, 800.986000000]: Footprint model 'polygon' loaded for trajectory optimization.
[INFO] [1783927970.433425431, 801.576000000]: Footprint model 'polygon' loaded for trajectory optimization.
[INFO] [1783927970.986011501, 802.130000000]: Footprint model 'polygon' loaded for trajectory optimization.
[INFO] [1783927971.588941330, 802.730000000]: Footprint model 'polygon' loaded for trajectory optimization.
[INFO] [1783927977.670127011, 808.802000000]: GOAL Reached!
[INFO] [1783927977.827248347, 808.958000000]: Footprint model 'polygon' loaded for trajectory optimization.
[INFO] [1783927978.711121979, 809.838000000]: Footprint model 'polygon' loaded for trajectory optimization.
[INFO] [1783927979.302947480, 810.430000000]: Footprint model 'polygon' loaded for trajectory optimization.
[INFO] [1783927979.960356761, 811.086000000]: Footprint model 'polygon' loaded for trajectory optimization.
[INFO] [1783927980.612994768, 811.738000000]: Footprint model 'polygon' loaded for trajectory optimization.
[INFO] [1783927981.312590555, 812.434000000]: Footprint model 'polygon' loaded for trajectory optimization.
[INFO] [1783927981.960944500, 813.082000000]: Footprint model 'polygon' loaded for trajectory optimization.
[INFO] [1783927984.941662955, 816.058000000]: GOAL Reached!
[INFO] [1783927985.087679564, 816.204000000]: Footprint model 'polygon' loaded for trajectory optimization.
[INFO] [1783927985.965405003, 817.080000000]: Footprint model 'polygon' loaded for trajectory optimization.
[INFO] [1783927986.562543957, 817.674000000]: Footprint model 'polygon' loaded for trajectory optimization.
[INFO] [1783927987.107221974, 818.222000000]: Footprint model 'polygon' loaded for trajectory optimization.
[INFO] [1783927987.712888836, 818.824000000]: Footprint model 'polygon' loaded for trajectory optimization.
[INFO] [1783927989.593452954, 820.702000000]: GOAL Reached!
[INFO] [1783927989.740413001, 820.848000000]: Footprint model 'polygon' loaded for trajectory optimization.
[INFO] [1783927990.617883358, 821.722000000]: Footprint model 'polygon' loaded for trajectory optimization.
[INFO] [1783927991.321435190, 822.426000000]: Footprint model 'polygon' loaded for trajectory optimization.
[INFO] [1783927991.971282774, 823.074000000]: Footprint model 'polygon' loaded for trajectory optimization.
[INFO] [1783927992.572337092, 823.672000000]: Footprint model 'polygon' loaded for trajectory optimization.
[INFO] [1783927993.174137537, 824.274000000]: Footprint model 'polygon' loaded for trajectory optimization.
[INFO] [1783927995.255646471, 826.350000000]: GOAL Reached!
[INFO] [1783927995.410120360, 826.504000000]: Footprint model 'polygon' loaded for trajectory optimization.
[INFO] [1783927996.288557786, 827.380000000]: Footprint model 'polygon' loaded for trajectory optimization.
[INFO] [1783927996.897921357, 827.990000000]: Footprint model 'polygon' loaded for trajectory optimization.
[INFO] [1783927997.542953613, 828.634000000]: Footprint model 'polygon' loaded for trajectory optimization.
[INFO] [1783927998.140962027, 829.232000000]: Footprint model 'polygon' loaded for trajectory optimization.
[INFO] [1783927998.744179209, 829.834000000]: Footprint model 'polygon' loaded for trajectory optimization.
[INFO] [1783928001.323409651, 832.408000000]: GOAL Reached!
[INFO] [1783928001.479952900, 832.566000000]: Footprint model 'polygon' loaded for trajectory optimization.
[INFO] [1783928002.377747252, 833.460000000]: Footprint model 'polygon' loaded for trajectory optimization.
[INFO] [1783928003.073831872, 834.154000000]: Footprint model 'polygon' loaded for trajectory optimization.
[INFO] [1783928003.762988837, 834.844000000]: Footprint model 'polygon' loaded for trajectory optimization.
[INFO] [1783928004.312533297, 835.392000000]: Footprint model 'polygon' loaded for trajectory optimization.
[INFO] [1783928004.913007758, 835.994000000]: Footprint model 'polygon' loaded for trajectory optimization.
[INFO] [1783928005.562941281, 836.642000000]: Footprint model 'polygon' loaded for trajectory optimization.
[INFO] [1783928010.501715069, 841.570000000]: GOAL Reached!
[INFO] [1783928010.652253290, 841.720000000]: Footprint model 'polygon' loaded for trajectory optimization.
[INFO] [1783928011.533843005, 842.600000000]: Footprint model 'polygon' loaded for trajectory optimization.
[INFO] [1783928012.238809867, 843.306000000]: Footprint model 'polygon' loaded for trajectory optimization.
[INFO] [1783928012.940944373, 844.004000000]: Footprint model 'polygon' loaded for trajectory optimization.
[INFO] [1783928013.586567643, 844.650000000]: Footprint model 'polygon' loaded for trajectory optimization.
[INFO] [1783928014.188226732, 845.250000000]: Footprint model 'polygon' loaded for trajectory optimization.
[INFO] [1783928014.786977535, 845.848000000]: Footprint model 'polygon' loaded for trajectory optimization.
[INFO] [1783928017.767492244, 848.824000000]: GOAL Reached!
[INFO] [1783928017.915527185, 848.972000000]: Footprint model 'polygon' loaded for trajectory optimization.
[INFO] [1783928018.805232122, 849.860000000]: Footprint model 'polygon' loaded for trajectory optimization.
[INFO] [1783928019.443778503, 850.498000000]: Footprint model 'polygon' loaded for trajectory optimization.
[INFO] [1783928020.092969259, 851.146000000]: Footprint model 'polygon' loaded for trajectory optimization.
[INFO] [1783928020.692362790, 851.744000000]: Footprint model 'polygon' loaded for trajectory optimization.
[INFO] [1783928022.425703784, 853.474000000]: GOAL Reached!
[INFO] [1783928022.574769750, 853.622000000]: Footprint model 'polygon' loaded for trajectory optimization.
[INFO] [1783928023.455082298, 854.500000000]: Footprint model 'polygon' loaded for trajectory optimization.
[INFO] [1783928024.102073921, 855.146000000]: Footprint model 'polygon' loaded for trajectory optimization.
[INFO] [1783928024.750973296, 855.794000000]: Footprint model 'polygon' loaded for trajectory optimization.
[INFO] [1783928025.303394854, 856.346000000]: Footprint model 'polygon' loaded for trajectory optimization.
[INFO] [1783928025.903809188, 856.946000000]: Footprint model 'polygon' loaded for trajectory optimization.
[INFO] [1783928028.683610227, 859.720000000]: GOAL Reached!
[INFO] [1783928028.826339845, 859.860000000]: Footprint model 'polygon' loaded for trajectory optimization.
[INFO] [1783928029.703150141, 860.738000000]: Footprint model 'polygon' loaded for trajectory optimization.
[INFO] [1783928030.254204111, 861.286000000]: Footprint model 'polygon' loaded for trajectory optimization.
[INFO] [1783928030.909327445, 861.940000000]: Footprint model 'polygon' loaded for trajectory optimization.
[INFO] [1783928031.555641066, 862.586000000]: Footprint model 'polygon' loaded for trajectory optimization.
[INFO] [1783928032.153218284, 863.182000000]: Footprint model 'polygon' loaded for trajectory optimization.
[INFO] [1783928034.837961968, 865.860000000]: GOAL Reached!
[INFO] [1783928034.997091138, 866.020000000]: Footprint model 'polygon' loaded for trajectory optimization.
[INFO] [1783928035.900537378, 866.920000000]: Footprint model 'polygon' loaded for trajectory optimization.
[INFO] [1783928036.589745913, 867.610000000]: Footprint model 'polygon' loaded for trajectory optimization.
[INFO] [1783928037.241573140, 868.262000000]: Footprint model 'polygon' loaded for trajectory optimization.
[INFO] [1783928037.842446997, 868.860000000]: Footprint model 'polygon' loaded for trajectory optimization.
[INFO] [1783928038.484151148, 869.502000000]: Footprint model 'polygon' loaded for trajectory optimization.
[INFO] [1783928039.035194362, 870.052000000]: Footprint model 'polygon' loaded for trajectory optimization.
[INFO] [1783928045.621332434, 876.624000000]: GOAL Reached!
[INFO] [1783928045.766640751, 876.770000000]: Footprint model 'polygon' loaded for trajectory optimization.
[INFO] [1783928046.655688850, 877.658000000]: Footprint model 'polygon' loaded for trajectory optimization.
[INFO] [1783928047.240714211, 878.242000000]: Footprint model 'polygon' loaded for trajectory optimization.
[INFO] [1783928047.796879447, 878.796000000]: Footprint model 'polygon' loaded for trajectory optimization.
[INFO] [1783928048.399282681, 879.402000000]: Footprint model 'polygon' loaded for trajectory optimization.
[INFO] [1783928049.051782179, 880.050000000]: Footprint model 'polygon' loaded for trajectory optimization.
[INFO] [1783928049.743666983, 880.744000000]: Footprint model 'polygon' loaded for trajectory optimization.
[INFO] [1783928052.875320772, 883.870000000]: GOAL Reached!
[INFO] [1783928053.026005625, 884.018000000]: Footprint model 'polygon' loaded for trajectory optimization.
[INFO] [1783928053.905590527, 884.894000000]: Footprint model 'polygon' loaded for trajectory optimization.
[INFO] [1783928054.600931021, 885.588000000]: Footprint model 'polygon' loaded for trajectory optimization.
[INFO] [1783928055.305013882, 886.292000000]: Footprint model 'polygon' loaded for trajectory optimization.
[INFO] [1783928057.432334294, 888.414000000]: GOAL Reached!
[INFO] [1783928057.581506549, 888.562000000]: Footprint model 'polygon' loaded for trajectory optimization.
[INFO] [1783928058.464256244, 889.444000000]: Footprint model 'polygon' loaded for trajectory optimization.
[INFO] [1783928059.152851495, 890.132000000]: Footprint model 'polygon' loaded for trajectory optimization.
[INFO] [1783928059.707180908, 890.684000000]: Footprint model 'polygon' loaded for trajectory optimization.
[INFO] [1783928060.359606463, 891.336000000]: Footprint model 'polygon' loaded for trajectory optimization.
[INFO] [1783928060.911415498, 891.886000000]: Footprint model 'polygon' loaded for trajectory optimization.
[INFO] [1783928062.987248230, 893.960000000]: GOAL Reached!
[INFO] [1783928063.136240401, 894.110000000]: Footprint model 'polygon' loaded for trajectory optimization.
[INFO] [1783928064.029189554, 895.000000000]: Footprint model 'polygon' loaded for trajectory optimization.
[INFO] [1783928064.667619897, 895.640000000]: Footprint model 'polygon' loaded for trajectory optimization.
[INFO] [1783928065.263456895, 896.234000000]: Footprint model 'polygon' loaded for trajectory optimization.
[INFO] [1783928065.914283631, 896.884000000]: Footprint model 'polygon' loaded for trajectory optimization.
[INFO] [1783928066.457935668, 897.428000000]: Footprint model 'polygon' loaded for trajectory optimization.
[INFO] [1783928068.544067491, 899.508000000]: GOAL Reached!
[INFO] [1783928068.701026874, 899.666000000]: Footprint model 'polygon' loaded for trajectory optimization.
[INFO] [1783928069.598845256, 900.560000000]: Footprint model 'polygon' loaded for trajectory optimization.
[INFO] [1783928070.198877441, 901.160000000]: Footprint model 'polygon' loaded for trajectory optimization.
[INFO] [1783928070.748988762, 901.708000000]: Footprint model 'polygon' loaded for trajectory optimization.
[INFO] [1783928071.346069736, 902.306000000]: Footprint model 'polygon' loaded for trajectory optimization.
[INFO] [1783928071.997478170, 902.956000000]: Footprint model 'polygon' loaded for trajectory optimization.
[INFO] [1783928072.600145688, 903.556000000]: Footprint model 'polygon' loaded for trajectory optimization.
[INFO] [1783928078.035164080, 908.980000000]: GOAL Reached!
[INFO] [1783928078.172060404, 909.116000000]: Footprint model 'polygon' loaded for trajectory optimization.
[INFO] [1783928079.054498065, 909.998000000]: Footprint model 'polygon' loaded for trajectory optimization.
[INFO] [1783928079.699260564, 910.648000000]: Footprint model 'polygon' loaded for trajectory optimization.
[INFO] [1783928080.290693554, 911.236000000]: Footprint model 'polygon' loaded for trajectory optimization.
[INFO] [1783928080.946424092, 911.888000000]: Footprint model 'polygon' loaded for trajectory optimization.
[INFO] [1783928081.644217957, 912.586000000]: Footprint model 'polygon' loaded for trajectory optimization.
[INFO] [1783928082.295320624, 913.236000000]: Footprint model 'polygon' loaded for trajectory optimization.
[INFO] [1783928085.177544685, 916.112000000]: GOAL Reached!
[INFO] [1783928085.324651289, 916.258000000]: Footprint model 'polygon' loaded for trajectory optimization.
[INFO] [1783928086.206905492, 917.140000000]: Footprint model 'polygon' loaded for trajectory optimization.
[INFO] [1783928086.849022387, 917.780000000]: Footprint model 'polygon' loaded for trajectory optimization.
[INFO] [1783928087.451649236, 918.380000000]: Footprint model 'polygon' loaded for trajectory optimization.
[INFO] [1783928088.095800089, 919.024000000]: Footprint model 'polygon' loaded for trajectory optimization.
[INFO] [1783928089.728411564, 920.654000000]: GOAL Reached!
[INFO] [1783928089.871964134, 920.798000000]: Footprint model 'polygon' loaded for trajectory optimization.
[INFO] [1783928090.754713556, 921.678000000]: Footprint model 'polygon' loaded for trajectory optimization.
[INFO] [1783928091.451937115, 922.374000000]: Footprint model 'polygon' loaded for trajectory optimization.
[INFO] [1783928092.101118877, 923.022000000]: Footprint model 'polygon' loaded for trajectory optimization.
[INFO] [1783928092.748287996, 923.670000000]: Footprint model 'polygon' loaded for trajectory optimization.
[INFO] [1783928093.347941271, 924.268000000]: Footprint model 'polygon' loaded for trajectory optimization.
[INFO] [1783928095.081284596, 925.998000000]: GOAL Reached!
[INFO] [1783928095.226268386, 926.142000000]: Footprint model 'polygon' loaded for trajectory optimization.
[INFO] [1783928096.126170586, 927.040000000]: Footprint model 'polygon' loaded for trajectory optimization.
[INFO] [1783928096.770132957, 927.684000000]: Footprint model 'polygon' loaded for trajectory optimization.
[INFO] [1783928097.371422269, 928.284000000]: Footprint model 'polygon' loaded for trajectory optimization.
[INFO] [1783928097.965640893, 928.878000000]: Footprint model 'polygon' loaded for trajectory optimization.
[INFO] [1783928098.566334546, 929.478000000]: Footprint model 'polygon' loaded for trajectory optimization.
[INFO] [1783928101.244594181, 932.154000000]: GOAL Reached!
[INFO] [1783928101.394170205, 932.302000000]: Footprint model 'polygon' loaded for trajectory optimization.
[INFO] [1783928102.294289914, 933.198000000]: Footprint model 'polygon' loaded for trajectory optimization.
[INFO] [1783928102.983942801, 933.886000000]: Footprint model 'polygon' loaded for trajectory optimization.
[INFO] [1783928103.634417170, 934.536000000]: Footprint model 'polygon' loaded for trajectory optimization.
[INFO] [1783928104.282692793, 935.184000000]: Footprint model 'polygon' loaded for trajectory optimization.
[INFO] [1783928104.979091992, 935.878000000]: Footprint model 'polygon' loaded for trajectory optimization.
[INFO] [1783928105.528918579, 936.428000000]: Footprint model 'polygon' loaded for trajectory optimization.
[INFO] [1783928110.314309836, 941.204000000]: GOAL Reached!
[INFO] [1783928110.474472209, 941.364000000]: Footprint model 'polygon' loaded for trajectory optimization.
[INFO] [1783928111.368281658, 942.256000000]: Footprint model 'polygon' loaded for trajectory optimization.
[INFO] [1783928111.915579697, 942.802000000]: Footprint model 'polygon' loaded for trajectory optimization.
[INFO] [1783928112.564863525, 943.450000000]: Footprint model 'polygon' loaded for trajectory optimization.
[INFO] [1783928113.161740031, 944.046000000]: Footprint model 'polygon' loaded for trajectory optimization.
[INFO] [1783928113.759633705, 944.644000000]: Footprint model 'polygon' loaded for trajectory optimization.
[INFO] [1783928114.310662541, 945.196000000]: Footprint model 'polygon' loaded for trajectory optimization.
[INFO] [1783928117.593580525, 948.472000000]: GOAL Reached!
[INFO] [1783928117.757413892, 948.634000000]: Footprint model 'polygon' loaded for trajectory optimization.
[INFO] [1783928118.642430652, 949.516000000]: Footprint model 'polygon' loaded for trajectory optimization.
[INFO] [1783928119.335038054, 950.208000000]: Footprint model 'polygon' loaded for trajectory optimization.
[INFO] [1783928119.930864896, 950.804000000]: Footprint model 'polygon' loaded for trajectory optimization.
[INFO] [1783928120.526429431, 951.400000000]: Footprint model 'polygon' loaded for trajectory optimization.
[INFO] [1783928122.165409992, 953.034000000]: GOAL Reached!
[INFO] [1783928122.320643670, 953.188000000]: Footprint model 'polygon' loaded for trajectory optimization.
[INFO] [1783928123.191483166, 954.058000000]: Footprint model 'polygon' loaded for trajectory optimization.
[INFO] [1783928123.751529766, 954.616000000]: Footprint model 'polygon' loaded for trajectory optimization.
[INFO] [1783928124.348077078, 955.212000000]: Footprint model 'polygon' loaded for trajectory optimization.
[INFO] [1783928124.994661360, 955.858000000]: Footprint model 'polygon' loaded for trajectory optimization.
[INFO] [1783928125.596967958, 956.458000000]: Footprint model 'polygon' loaded for trajectory optimization.
[INFO] [1783928127.729435911, 958.586000000]: GOAL Reached!
[INFO] [1783928127.887263201, 958.744000000]: Footprint model 'polygon' loaded for trajectory optimization.
[INFO] [1783928128.765023180, 959.620000000]: Footprint model 'polygon' loaded for trajectory optimization.
[INFO] [1783928129.359556449, 960.212000000]: Footprint model 'polygon' loaded for trajectory optimization.
[INFO] [1783928129.909859569, 960.762000000]: Footprint model 'polygon' loaded for trajectory optimization.
[INFO] [1783928130.509721330, 961.360000000]: Footprint model 'polygon' loaded for trajectory optimization.
[INFO] [1783928131.159719949, 962.010000000]: Footprint model 'polygon' loaded for trajectory optimization.
[INFO] [1783928133.791470424, 964.636000000]: GOAL Reached!
[INFO] [1783928133.939469320, 964.784000000]: Footprint model 'polygon' loaded for trajectory optimization.
[INFO] [1783928134.839008171, 965.682000000]: Footprint model 'polygon' loaded for trajectory optimization.
[INFO] [1783928135.474529542, 966.316000000]: Footprint model 'polygon' loaded for trajectory optimization.
[INFO] [1783928136.074384669, 966.914000000]: Footprint model 'polygon' loaded for trajectory optimization.
[INFO] [1783928136.722585168, 967.560000000]: Footprint model 'polygon' loaded for trajectory optimization.
[INFO] [1783928137.273077441, 968.110000000]: Footprint model 'polygon' loaded for trajectory optimization.
[INFO] [1783928137.884324385, 968.720000000]: Footprint model 'polygon' loaded for trajectory optimization.
[INFO] [1783928143.456993459, 974.286000000]: GOAL Reached!
[INFO] [1783928143.600735967, 974.428000000]: Footprint model 'polygon' loaded for trajectory optimization.
[INFO] [1783928144.496792089, 975.322000000]: Footprint model 'polygon' loaded for trajectory optimization.
[INFO] [1783928145.190206772, 976.012000000]: Footprint model 'polygon' loaded for trajectory optimization.
[INFO] [1783928145.834363018, 976.656000000]: Footprint model 'polygon' loaded for trajectory optimization.
[INFO] [1783928146.433063372, 977.254000000]: Footprint model 'polygon' loaded for trajectory optimization.
[INFO] [1783928147.084622068, 977.902000000]: Footprint model 'polygon' loaded for trajectory optimization.
[INFO] [1783928147.736229593, 978.554000000]: Footprint model 'polygon' loaded for trajectory optimization.
[INFO] [1783928150.714478150, 981.528000000]: GOAL Reached!
[INFO] [1783928150.860712304, 981.674000000]: Footprint model 'polygon' loaded for trajectory optimization.
[INFO] [1783928151.744510783, 982.558000000]: Footprint model 'polygon' loaded for trajectory optimization.
[INFO] [1783928152.336845518, 983.150000000]: Footprint model 'polygon' loaded for trajectory optimization.
[INFO] [1783928152.890104657, 983.700000000]: Footprint model 'polygon' loaded for trajectory optimization.
[INFO] [1783928153.533003056, 984.342000000]: Footprint model 'polygon' loaded for trajectory optimization.
[INFO] [1783928155.375641171, 986.180000000]: GOAL Reached!
[INFO] [1783928155.520557031, 986.324000000]: Footprint model 'polygon' loaded for trajectory optimization.
[INFO] [1783928156.396479834, 987.198000000]: Footprint model 'polygon' loaded for trajectory optimization.
[INFO] [1783928157.039235683, 987.840000000]: Footprint model 'polygon' loaded for trajectory optimization.
[INFO] [1783928157.693797849, 988.494000000]: Footprint model 'polygon' loaded for trajectory optimization.
[INFO] [1783928158.288303373, 989.090000000]: Footprint model 'polygon' loaded for trajectory optimization.
[INFO] [1783928158.840309075, 989.636000000]: Footprint model 'polygon' loaded for trajectory optimization.
[INFO] [1783928160.819938170, 991.616000000]: GOAL Reached!
[INFO] [1783928160.955657803, 991.750000000]: Footprint model 'polygon' loaded for trajectory optimization.
[INFO] [1783928161.845300751, 992.640000000]: Footprint model 'polygon' loaded for trajectory optimization.
[INFO] [1783928162.385716207, 993.178000000]: Footprint model 'polygon' loaded for trajectory optimization.
[INFO] [1783928162.989163166, 993.780000000]: Footprint model 'polygon' loaded for trajectory optimization.
[INFO] [1783928163.593799479, 994.382000000]: Footprint model 'polygon' loaded for trajectory optimization.
[INFO] [1783928164.239035737, 995.028000000]: Footprint model 'polygon' loaded for trajectory optimization.
[INFO] [1783928167.069685486, 997.852000000]: GOAL Reached!
[INFO] [1783928167.214661811, 997.996000000]: Footprint model 'polygon' loaded for trajectory optimization.
[INFO] [1783928168.119235534, 998.900000000]: Footprint model 'polygon' loaded for trajectory optimization.
[INFO] [1783928168.796680278, 999.576000000]: Footprint model 'polygon' loaded for trajectory optimization.
[INFO] [1783928169.406591197, 1000.184000000]: Footprint model 'polygon' loaded for trajectory optimization.
[INFO] [1783928170.051838305, 1000.828000000]: Footprint model 'polygon' loaded for trajectory optimization.
[INFO] [1783928170.700274441, 1001.476000000]: Footprint model 'polygon' loaded for trajectory optimization.
[INFO] [1783928171.352127391, 1002.126000000]: Footprint model 'polygon' loaded for trajectory optimization.
[INFO] [1783928176.336039827, 1007.102000000]: GOAL Reached!
[INFO] [1783928176.485332171, 1007.250000000]: Footprint model 'polygon' loaded for trajectory optimization.
[INFO] [1783928177.375509251, 1008.142000000]: Footprint model 'polygon' loaded for trajectory optimization.
[INFO] [1783928178.056535054, 1008.822000000]: Footprint model 'polygon' loaded for trajectory optimization.
[INFO] [1783928178.610711358, 1009.376000000]: Footprint model 'polygon' loaded for trajectory optimization.
[INFO] [1783928179.263716627, 1010.024000000]: Footprint model 'polygon' loaded for trajectory optimization.
[INFO] [1783928179.916598632, 1010.676000000]: Footprint model 'polygon' loaded for trajectory optimization.
[INFO] [1783928180.517147331, 1011.276000000]: Footprint model 'polygon' loaded for trajectory optimization.
[INFO] [1783928183.597407980, 1014.350000000]: GOAL Reached!
[INFO] [1783928183.754046731, 1014.506000000]: Footprint model 'polygon' loaded for trajectory optimization.
[INFO] [1783928184.629478671, 1015.380000000]: Footprint model 'polygon' loaded for trajectory optimization.
[INFO] [1783928185.222046437, 1015.972000000]: Footprint model 'polygon' loaded for trajectory optimization.
[INFO] [1783928185.823302622, 1016.572000000]: Footprint model 'polygon' loaded for trajectory optimization.
[INFO] [1783928186.478347688, 1017.226000000]: Footprint model 'polygon' loaded for trajectory optimization.
[INFO] [1783928188.255636820, 1019.000000000]: GOAL Reached!
[INFO] [1783928188.401277426, 1019.146000000]: Footprint model 'polygon' loaded for trajectory optimization.
[INFO] [1783928189.303345436, 1020.046000000]: Footprint model 'polygon' loaded for trajectory optimization.
[INFO] [1783928189.936866871, 1020.678000000]: Footprint model 'polygon' loaded for trajectory optimization.
[INFO] [1783928190.538243117, 1021.278000000]: Footprint model 'polygon' loaded for trajectory optimization.
[INFO] [1783928191.138251153, 1021.878000000]: Footprint model 'polygon' loaded for trajectory optimization.
[INFO] [1783928191.788975646, 1022.530000000]: Footprint model 'polygon' loaded for trajectory optimization.
[INFO] [1783928194.118206754, 1024.852000000]: GOAL Reached!
[INFO] [1783928194.265154941, 1025.000000000]: Footprint model 'polygon' loaded for trajectory optimization.
[INFO] [1783928195.149555267, 1025.882000000]: Footprint model 'polygon' loaded for trajectory optimization.
[INFO] [1783928195.786019184, 1026.520000000]: Footprint model 'polygon' loaded for trajectory optimization.
[INFO] [1783928196.390763983, 1027.120000000]: Footprint model 'polygon' loaded for trajectory optimization.
[INFO] [1783928197.035409474, 1027.768000000]: Footprint model 'polygon' loaded for trajectory optimization.
[INFO] [1783928197.632416410, 1028.364000000]: Footprint model 'polygon' loaded for trajectory optimization.
[INFO] [1783928200.167188097, 1030.892000000]: GOAL Reached!
[INFO] [1783928200.313648444, 1031.040000000]: Footprint model 'polygon' loaded for trajectory optimization.
[INFO] [1783928201.196939499, 1031.918000000]: Footprint model 'polygon' loaded for trajectory optimization.
[INFO] [1783928201.790108188, 1032.510000000]: Footprint model 'polygon' loaded for trajectory optimization.
[INFO] [1783928202.499426652, 1033.218000000]: Footprint model 'polygon' loaded for trajectory optimization.
[INFO] [1783928203.138202798, 1033.862000000]: Footprint model 'polygon' loaded for trajectory optimization.
[INFO] [1783928203.790721429, 1034.512000000]: Footprint model 'polygon' loaded for trajectory optimization.
[INFO] [1783928204.342315101, 1035.060000000]: Footprint model 'polygon' loaded for trajectory optimization.
[INFO] [1783928209.625614127, 1040.334000000]: GOAL Reached!
[INFO] [1783928209.773353035, 1040.480000000]: Footprint model 'polygon' loaded for trajectory optimization.
[INFO] [1783928210.653488846, 1041.360000000]: Footprint model 'polygon' loaded for trajectory optimization.
[INFO] [1783928211.248597918, 1041.952000000]: Footprint model 'polygon' loaded for trajectory optimization.
[INFO] [1783928211.801738996, 1042.506000000]: Footprint model 'polygon' loaded for trajectory optimization.
[INFO] [1783928212.449915139, 1043.154000000]: Footprint model 'polygon' loaded for trajectory optimization.
[INFO] [1783928213.100178192, 1043.802000000]: Footprint model 'polygon' loaded for trajectory optimization.
[INFO] [1783928213.705132660, 1044.408000000]: Footprint model 'polygon' loaded for trajectory optimization.
[INFO] [1783928217.177827845, 1047.874000000]: GOAL Reached!
[INFO] [1783928217.322632026, 1048.016000000]: Footprint model 'polygon' loaded for trajectory optimization.
[INFO] [1783928218.207197535, 1048.900000000]: Footprint model 'polygon' loaded for trajectory optimization.
[INFO] [1783928218.914061517, 1049.604000000]: Footprint model 'polygon' loaded for trajectory optimization.
[INFO] [1783928219.557985179, 1050.248000000]: Footprint model 'polygon' loaded for trajectory optimization.
[INFO] [1783928220.155060843, 1050.846000000]: Footprint model 'polygon' loaded for trajectory optimization.
[INFO] [1783928221.737668681, 1052.424000000]: GOAL Reached!
[INFO] [1783928221.895486182, 1052.582000000]: Footprint model 'polygon' loaded for trajectory optimization.
[INFO] [1783928222.774545110, 1053.458000000]: Footprint model 'polygon' loaded for trajectory optimization.
[INFO] [1783928223.373110800, 1054.058000000]: Footprint model 'polygon' loaded for trajectory optimization.
[INFO] [1783928224.076977706, 1054.760000000]: Footprint model 'polygon' loaded for trajectory optimization.
[INFO] [1783928224.628942787, 1055.310000000]: Footprint model 'polygon' loaded for trajectory optimization.
[INFO] [1783928225.231531954, 1055.914000000]: Footprint model 'polygon' loaded for trajectory optimization.
[INFO] [1783928227.411756327, 1058.088000000]: GOAL Reached!
[INFO] [1783928227.563689450, 1058.240000000]: Footprint model 'polygon' loaded for trajectory optimization.
[INFO] [1783928228.445170606, 1059.120000000]: Footprint model 'polygon' loaded for trajectory optimization.
[INFO] [1783928229.033370112, 1059.706000000]: Footprint model 'polygon' loaded for trajectory optimization.
[INFO] [1783928229.584407029, 1060.256000000]: Footprint model 'polygon' loaded for trajectory optimization.
[INFO] [1783928230.235221593, 1060.906000000]: Footprint model 'polygon' loaded for trajectory optimization.
[INFO] [1783928230.885620271, 1061.560000000]: Footprint model 'polygon' loaded for trajectory optimization.
[INFO] [1783928233.469459775, 1064.134000000]: GOAL Reached!
[INFO] [1783928233.612715336, 1064.278000000]: Footprint model 'polygon' loaded for trajectory optimization.
[INFO] [1783928234.495276860, 1065.160000000]: Footprint model 'polygon' loaded for trajectory optimization.
[INFO] [1783928235.047199186, 1065.712000000]: Footprint model 'polygon' loaded for trajectory optimization.
[INFO] [1783928235.696756133, 1066.360000000]: Footprint model 'polygon' loaded for trajectory optimization.
[INFO] [1783928236.286587724, 1066.950000000]: Footprint model 'polygon' loaded for trajectory optimization.
[INFO] [1783928236.886473410, 1067.548000000]: Footprint model 'polygon' loaded for trajectory optimization.
[INFO] [1783928237.443045547, 1068.102000000]: Footprint model 'polygon' loaded for trajectory optimization.
[INFO] [1783928242.925332422, 1073.576000000]: GOAL Reached!
[INFO] [1783928243.082532380, 1073.732000000]: Footprint model 'polygon' loaded for trajectory optimization.
[INFO] [1783928243.942420037, 1074.590000000]: Footprint model 'polygon' loaded for trajectory optimization.
[INFO] [1783928244.515937962, 1075.162000000]: Footprint model 'polygon' loaded for trajectory optimization.
[INFO] [1783928245.160183572, 1075.804000000]: Footprint model 'polygon' loaded for trajectory optimization.
[INFO] [1783928245.708117878, 1076.352000000]: Footprint model 'polygon' loaded for trajectory optimization.
[INFO] [1783928246.313188346, 1076.956000000]: Footprint model 'polygon' loaded for trajectory optimization.
[INFO] [1783928246.964762186, 1077.606000000]: Footprint model 'polygon' loaded for trajectory optimization.
[INFO] [1783928250.091169673, 1080.728000000]: GOAL Reached!
[INFO] [1783928250.238678800, 1080.874000000]: Footprint model 'polygon' loaded for trajectory optimization.
[INFO] [1783928251.105482289, 1081.742000000]: Footprint model 'polygon' loaded for trajectory optimization.
[INFO] [1783928251.708326385, 1082.344000000]: Footprint model 'polygon' loaded for trajectory optimization.
[INFO] [1783928252.257431967, 1082.892000000]: Footprint model 'polygon' loaded for trajectory optimization.
[INFO] [1783928252.862042674, 1083.494000000]: Footprint model 'polygon' loaded for trajectory optimization.
[INFO] [1783928254.741093998, 1085.370000000]: GOAL Reached!
[INFO] [1783928254.884086245, 1085.514000000]: Footprint model 'polygon' loaded for trajectory optimization.
[INFO] [1783928255.769157993, 1086.396000000]: Footprint model 'polygon' loaded for trajectory optimization.
[INFO] [1783928256.466308976, 1087.092000000]: Footprint model 'polygon' loaded for trajectory optimization.
[INFO] [1783928257.011041136, 1087.638000000]: Footprint model 'polygon' loaded for trajectory optimization.
[INFO] [1783928257.617658231, 1088.242000000]: Footprint model 'polygon' loaded for trajectory optimization.
[INFO] [1783928258.214870944, 1088.838000000]: Footprint model 'polygon' loaded for trajectory optimization.
[INFO] [1783928260.497637206, 1091.116000000]: GOAL Reached!
[INFO] [1783928260.633829583, 1091.252000000]: Footprint model 'polygon' loaded for trajectory optimization.
[INFO] [1783928261.504081170, 1092.120000000]: Footprint model 'polygon' loaded for trajectory optimization.
[INFO] [1783928262.099468594, 1092.716000000]: Footprint model 'polygon' loaded for trajectory optimization.
[INFO] [1783928262.701297785, 1093.314000000]: Footprint model 'polygon' loaded for trajectory optimization.
[INFO] [1783928263.255219092, 1093.868000000]: Footprint model 'polygon' loaded for trajectory optimization.
[INFO] [1783928263.854383202, 1094.466000000]: Footprint model 'polygon' loaded for trajectory optimization.
[INFO] [1783928266.335515138, 1096.942000000]: GOAL Reached!
[INFO] [1783928266.486803121, 1097.094000000]: Footprint model 'polygon' loaded for trajectory optimization.
[INFO] [1783928267.373012285, 1097.980000000]: Footprint model 'polygon' loaded for trajectory optimization.
[INFO] [1783928267.928114999, 1098.532000000]: Footprint model 'polygon' loaded for trajectory optimization.
[INFO] [1783928268.531074245, 1099.136000000]: Footprint model 'polygon' loaded for trajectory optimization.
[INFO] [1783928269.182216411, 1099.784000000]: Footprint model 'polygon' loaded for trajectory optimization.
[INFO] [1783928269.829556105, 1100.430000000]: Footprint model 'polygon' loaded for trajectory optimization.
[INFO] [1783928270.479489084, 1101.080000000]: Footprint model 'polygon' loaded for trajectory optimization.
[INFO] [1783928276.515475252, 1107.104000000]: GOAL Reached!
[INFO] [1783928276.672954187, 1107.262000000]: Footprint model 'polygon' loaded for trajectory optimization.
[INFO] [1783928277.551121092, 1108.138000000]: Footprint model 'polygon' loaded for trajectory optimization.
[INFO] [1783928278.111365447, 1108.696000000]: Footprint model 'polygon' loaded for trajectory optimization.
[INFO] [1783928278.707853008, 1109.292000000]: Footprint model 'polygon' loaded for trajectory optimization.
[INFO] [1783928279.357497688, 1109.942000000]: Footprint model 'polygon' loaded for trajectory optimization.
[INFO] [1783928280.009611756, 1110.592000000]: Footprint model 'polygon' loaded for trajectory optimization.
[INFO] [1783928280.657276571, 1111.238000000]: Footprint model 'polygon' loaded for trajectory optimization.
[INFO] [1783928283.788648074, 1114.366000000]: GOAL Reached!
[INFO] [1783928283.944068126, 1114.520000000]: Footprint model 'polygon' loaded for trajectory optimization.
[INFO] [1783928284.830319445, 1115.404000000]: Footprint model 'polygon' loaded for trajectory optimization.
[INFO] [1783928285.467371894, 1116.040000000]: Footprint model 'polygon' loaded for trajectory optimization.
[INFO] [1783928286.071533734, 1116.642000000]: Footprint model 'polygon' loaded for trajectory optimization.
[INFO] [1783928286.670961704, 1117.240000000]: Footprint model 'polygon' loaded for trajectory optimization.
[INFO] [1783928288.451386264, 1119.018000000]: GOAL Reached!
[INFO] [1783928288.588239577, 1119.154000000]: Footprint model 'polygon' loaded for trajectory optimization.
[INFO] [1783928289.474191548, 1120.038000000]: Footprint model 'polygon' loaded for trajectory optimization.
[INFO] [1783928290.119269584, 1120.682000000]: Footprint model 'polygon' loaded for trajectory optimization.
[INFO] [1783928290.716537637, 1121.278000000]: Footprint model 'polygon' loaded for trajectory optimization.
[INFO] [1783928291.365636281, 1121.926000000]: Footprint model 'polygon' loaded for trajectory optimization.
[INFO] [1783928291.967403015, 1122.528000000]: Footprint model 'polygon' loaded for trajectory optimization.
[INFO] [1783928294.098068256, 1124.654000000]: GOAL Reached!
[INFO] [1783928294.248690473, 1124.802000000]: Footprint model 'polygon' loaded for trajectory optimization.
[INFO] [1783928295.129047290, 1125.682000000]: Footprint model 'polygon' loaded for trajectory optimization.
[INFO] [1783928295.724166482, 1126.278000000]: Footprint model 'polygon' loaded for trajectory optimization.
[INFO] [1783928296.271657334, 1126.826000000]: Footprint model 'polygon' loaded for trajectory optimization.
[INFO] [1783928296.928594448, 1127.480000000]: Footprint model 'polygon' loaded for trajectory optimization.
[INFO] [1783928297.573113565, 1128.124000000]: Footprint model 'polygon' loaded for trajectory optimization.
[INFO] [1783928299.857979084, 1130.404000000]: GOAL Reached!
[INFO] [1783928300.007826356, 1130.552000000]: Footprint model 'polygon' loaded for trajectory optimization.
[INFO] [1783928300.900161173, 1131.442000000]: Footprint model 'polygon' loaded for trajectory optimization.
[INFO] [1783928301.497502296, 1132.040000000]: Footprint model 'polygon' loaded for trajectory optimization.
[INFO] [1783928302.150334027, 1132.690000000]: Footprint model 'polygon' loaded for trajectory optimization.
[INFO] [1783928302.747268064, 1133.288000000]: Footprint model 'polygon' loaded for trajectory optimization.
[INFO] [1783928303.356857636, 1133.896000000]: Footprint model 'polygon' loaded for trajectory optimization.
[INFO] [1783928304.000626616, 1134.536000000]: Footprint model 'polygon' loaded for trajectory optimization.
[INFO] [1783928309.933418362, 1140.460000000]: GOAL Reached!
[INFO] [1783928310.079499807, 1140.606000000]: Footprint model 'polygon' loaded for trajectory optimization.
[INFO] [1783928310.977717520, 1141.502000000]: Footprint model 'polygon' loaded for trajectory optimization.
[INFO] [1783928311.612798024, 1142.136000000]: Footprint model 'polygon' loaded for trajectory optimization.
[INFO] [1783928312.262280071, 1142.786000000]: Footprint model 'polygon' loaded for trajectory optimization.
[INFO] [1783928312.919179423, 1143.440000000]: Footprint model 'polygon' loaded for trajectory optimization.
[INFO] [1783928313.514560729, 1144.034000000]: Footprint model 'polygon' loaded for trajectory optimization.
[INFO] [1783928314.114206978, 1144.632000000]: Footprint model 'polygon' loaded for trajectory optimization.
[INFO] [1783928317.097556175, 1147.610000000]: GOAL Reached!
[INFO] [1783928317.249228239, 1147.762000000]: Footprint model 'polygon' loaded for trajectory optimization.
[INFO] [1783928318.131011976, 1148.642000000]: Footprint model 'polygon' loaded for trajectory optimization.
[INFO] [1783928318.824254192, 1149.336000000]: Footprint model 'polygon' loaded for trajectory optimization.
[INFO] [1783928319.426558664, 1149.934000000]: Footprint model 'polygon' loaded for trajectory optimization.
[INFO] [1783928320.028360445, 1150.536000000]: Footprint model 'polygon' loaded for trajectory optimization.
[INFO] [1783928321.659819107, 1152.164000000]: GOAL Reached!
[INFO] [1783928321.797273660, 1152.302000000]: Footprint model 'polygon' loaded for trajectory optimization.
[INFO] [1783928322.680748369, 1153.182000000]: Footprint model 'polygon' loaded for trajectory optimization.
[INFO] [1783928323.227650820, 1153.730000000]: Footprint model 'polygon' loaded for trajectory optimization.
[INFO] [1783928323.875461517, 1154.376000000]: Footprint model 'polygon' loaded for trajectory optimization.
[INFO] [1783928324.426464913, 1154.926000000]: Footprint model 'polygon' loaded for trajectory optimization.
[INFO] [1783928325.025166798, 1155.524000000]: Footprint model 'polygon' loaded for trajectory optimization.
[INFO] [1783928327.309953606, 1157.804000000]: GOAL Reached!
[INFO] [1783928327.459233364, 1157.954000000]: Footprint model 'polygon' loaded for trajectory optimization.
[INFO] [1783928328.342991715, 1158.840000000]: Footprint model 'polygon' loaded for trajectory optimization.
[INFO] [1783928328.996400258, 1159.486000000]: Footprint model 'polygon' loaded for trajectory optimization.
[INFO] [1783928329.596433269, 1160.086000000]: Footprint model 'polygon' loaded for trajectory optimization.
[INFO] [1783928330.244786274, 1160.734000000]: Footprint model 'polygon' loaded for trajectory optimization.
[INFO] [1783928330.889719002, 1161.378000000]: Footprint model 'polygon' loaded for trajectory optimization.
[INFO] [1783928333.169639229, 1163.656000000]: GOAL Reached!
[INFO] [1783928333.307037660, 1163.792000000]: Footprint model 'polygon' loaded for trajectory optimization.
[INFO] [1783928334.193501153, 1164.676000000]: Footprint model 'polygon' loaded for trajectory optimization.
[INFO] [1783928334.761421506, 1165.244000000]: Footprint model 'polygon' loaded for trajectory optimization.
[INFO] [1783928335.394945847, 1165.874000000]: Footprint model 'polygon' loaded for trajectory optimization.
[INFO] [1783928335.986869718, 1166.464000000]: Footprint model 'polygon' loaded for trajectory optimization.
[INFO] [1783928336.534628813, 1167.016000000]: Footprint model 'polygon' loaded for trajectory optimization.
[INFO] [1783928337.195213937, 1167.672000000]: Footprint model 'polygon' loaded for trajectory optimization.
[INFO] [1783928342.828867882, 1173.294000000]: GOAL Reached!
[INFO] [1783928342.963277726, 1173.428000000]: Footprint model 'polygon' loaded for trajectory optimization.
[INFO] [1783928343.857443516, 1174.320000000]: Footprint model 'polygon' loaded for trajectory optimization.
[INFO] [1783928344.551431118, 1175.014000000]: Footprint model 'polygon' loaded for trajectory optimization.
[INFO] [1783928345.193733580, 1175.656000000]: Footprint model 'polygon' loaded for trajectory optimization.
[INFO] [1783928345.842696791, 1176.302000000]: Footprint model 'polygon' loaded for trajectory optimization.
[INFO] [1783928346.391607660, 1176.854000000]: Footprint model 'polygon' loaded for trajectory optimization.
[INFO] [1783928347.046766143, 1177.504000000]: Footprint model 'polygon' loaded for trajectory optimization.
[INFO] [1783928350.178043741, 1180.628000000]: GOAL Reached!
[INFO] [1783928350.330433774, 1180.780000000]: Footprint model 'polygon' loaded for trajectory optimization.
[INFO] [1783928351.210225807, 1181.660000000]: Footprint model 'polygon' loaded for trajectory optimization.
[INFO] [1783928351.807669757, 1182.262000000]: Footprint model 'polygon' loaded for trajectory optimization.
[INFO] [1783928352.460118122, 1182.910000000]: Footprint model 'polygon' loaded for trajectory optimization.
[INFO] [1783928353.112635860, 1183.560000000]: Footprint model 'polygon' loaded for trajectory optimization.
[INFO] [1783928354.942250184, 1185.386000000]: GOAL Reached!
[INFO] [1783928355.094642452, 1185.540000000]: Footprint model 'polygon' loaded for trajectory optimization.
[INFO] [1783928355.975655655, 1186.420000000]: Footprint model 'polygon' loaded for trajectory optimization.
[INFO] [1783928356.613109485, 1187.056000000]: Footprint model 'polygon' loaded for trajectory optimization.
[INFO] [1783928357.211276908, 1187.656000000]: Footprint model 'polygon' loaded for trajectory optimization.
[INFO] [1783928357.862096423, 1188.302000000]: Footprint model 'polygon' loaded for trajectory optimization.
[INFO] [1783928358.565357471, 1189.004000000]: Footprint model 'polygon' loaded for trajectory optimization.
[INFO] [1783928360.594928276, 1191.030000000]: GOAL Reached!
[INFO] [1783928360.733536146, 1191.170000000]: Footprint model 'polygon' loaded for trajectory optimization.
[INFO] [1783928361.629385445, 1192.062000000]: Footprint model 'polygon' loaded for trajectory optimization.
[INFO] [1783928362.265961167, 1192.696000000]: Footprint model 'polygon' loaded for trajectory optimization.
[INFO] [1783928362.911093853, 1193.340000000]: Footprint model 'polygon' loaded for trajectory optimization.
[INFO] [1783928363.613872830, 1194.044000000]: Footprint model 'polygon' loaded for trajectory optimization.
[INFO] [1783928364.259760311, 1194.688000000]: Footprint model 'polygon' loaded for trajectory optimization.
[INFO] [1783928366.643827697, 1197.066000000]: GOAL Reached!
[INFO] [1783928366.785603505, 1197.208000000]: Footprint model 'polygon' loaded for trajectory optimization.
[INFO] [1783928367.657961778, 1198.080000000]: Footprint model 'polygon' loaded for trajectory optimization.
[INFO] [1783928368.254070233, 1198.674000000]: Footprint model 'polygon' loaded for trajectory optimization.
[INFO] [1783928368.910350406, 1199.328000000]: Footprint model 'polygon' loaded for trajectory optimization.
[INFO] [1783928369.509296634, 1199.926000000]: Footprint model 'polygon' loaded for trajectory optimization.
[INFO] [1783928370.107763822, 1200.524000000]: Footprint model 'polygon' loaded for trajectory optimization.
[INFO] [1783928370.759597138, 1201.174000000]: Footprint model 'polygon' loaded for trajectory optimization.
[INFO] [1783928375.689574759, 1206.096000000]: GOAL Reached!
[INFO] [1783928375.824414700, 1206.232000000]: Footprint model 'polygon' loaded for trajectory optimization.
[INFO] [1783928376.714607250, 1207.118000000]: Footprint model 'polygon' loaded for trajectory optimization.
[INFO] [1783928377.411570085, 1207.816000000]: Footprint model 'polygon' loaded for trajectory optimization.
[INFO] [1783928378.008033238, 1208.410000000]: Footprint model 'polygon' loaded for trajectory optimization.
[INFO] [1783928378.610629687, 1209.010000000]: Footprint model 'polygon' loaded for trajectory optimization.
[INFO] [1783928379.312916197, 1209.712000000]: Footprint model 'polygon' loaded for trajectory optimization.
[INFO] [1783928380.017351978, 1210.416000000]: Footprint model 'polygon' loaded for trajectory optimization.
[INFO] [1783928382.945700491, 1213.336000000]: GOAL Reached!
[INFO] [1783928383.095452075, 1213.488000000]: Footprint model 'polygon' loaded for trajectory optimization.
[INFO] [1783928383.969974770, 1214.360000000]: Footprint model 'polygon' loaded for trajectory optimization.
[INFO] [1783928384.563861313, 1214.954000000]: Footprint model 'polygon' loaded for trajectory optimization.
[INFO] [1783928385.110461224, 1215.504000000]: Footprint model 'polygon' loaded for trajectory optimization.
[INFO] [1783928385.769392508, 1216.156000000]: Footprint model 'polygon' loaded for trajectory optimization.
[INFO] [1783928387.500953679, 1217.884000000]: GOAL Reached!
[INFO] [1783928387.645303912, 1218.030000000]: Footprint model 'polygon' loaded for trajectory optimization.
[INFO] [1783928388.507000925, 1218.894000000]: Footprint model 'polygon' loaded for trajectory optimization.
[INFO] [1783928389.067551008, 1219.450000000]: Footprint model 'polygon' loaded for trajectory optimization.
[INFO] [1783928389.724784166, 1220.106000000]: Footprint model 'polygon' loaded for trajectory optimization.
[INFO] [1783928390.416484131, 1220.798000000]: Footprint model 'polygon' loaded for trajectory optimization.
[INFO] [1783928390.966254200, 1221.346000000]: Footprint model 'polygon' loaded for trajectory optimization.
[INFO] [1783928393.149745332, 1223.526000000]: GOAL Reached!
[INFO] [1783928393.286813498, 1223.662000000]: Footprint model 'polygon' loaded for trajectory optimization.
[INFO] [1783928394.167353143, 1224.540000000]: Footprint model 'polygon' loaded for trajectory optimization.
[INFO] [1783928394.765057055, 1225.138000000]: Footprint model 'polygon' loaded for trajectory optimization.
[INFO] [1783928395.419671976, 1225.792000000]: Footprint model 'polygon' loaded for trajectory optimization.
[INFO] [1783928396.067082052, 1226.438000000]: Footprint model 'polygon' loaded for trajectory optimization.
[INFO] [1783928396.619420517, 1226.988000000]: Footprint model 'polygon' loaded for trajectory optimization.
[INFO] [1783928399.201295352, 1229.564000000]: GOAL Reached!
[INFO] [1783928399.342182821, 1229.704000000]: Footprint model 'polygon' loaded for trajectory optimization.
[INFO] [1783928400.218341675, 1230.580000000]: Footprint model 'polygon' loaded for trajectory optimization.
[INFO] [1783928400.814794774, 1231.176000000]: Footprint model 'polygon' loaded for trajectory optimization.
[INFO] [1783928401.371016333, 1231.732000000]: Footprint model 'polygon' loaded for trajectory optimization.
[INFO] [1783928401.978220094, 1232.336000000]: Footprint model 'polygon' loaded for trajectory optimization.
[INFO] [1783928402.625450767, 1232.984000000]: Footprint model 'polygon' loaded for trajectory optimization.
[INFO] [1783928403.278354829, 1233.636000000]: Footprint model 'polygon' loaded for trajectory optimization.
[INFO] [1783928408.353428145, 1238.704000000]: GOAL Reached!
[INFO] [1783928408.491379581, 1238.842000000]: Footprint model 'polygon' loaded for trajectory optimization.
[INFO] [1783928409.396318129, 1239.746000000]: Footprint model 'polygon' loaded for trajectory optimization.
[INFO] [1783928410.036531862, 1240.382000000]: Footprint model 'polygon' loaded for trajectory optimization.
[INFO] [1783928410.637271787, 1240.984000000]: Footprint model 'polygon' loaded for trajectory optimization.
[INFO] [1783928411.236236486, 1241.582000000]: Footprint model 'polygon' loaded for trajectory optimization.
[INFO] [1783928411.832722792, 1242.176000000]: Footprint model 'polygon' loaded for trajectory optimization.
[INFO] [1783928412.487223998, 1242.830000000]: Footprint model 'polygon' loaded for trajectory optimization.
[INFO] [1783928415.517573894, 1245.854000000]: GOAL Reached!
[INFO] [1783928415.664730948, 1246.000000000]: Footprint model 'polygon' loaded for trajectory optimization.
[INFO] [1783928416.548666995, 1246.882000000]: Footprint model 'polygon' loaded for trajectory optimization.
[INFO] [1783928417.185291200, 1247.518000000]: Footprint model 'polygon' loaded for trajectory optimization.
[INFO] [1783928417.784531939, 1248.114000000]: Footprint model 'polygon' loaded for trajectory optimization.
[INFO] [1783928418.384907462, 1248.714000000]: Footprint model 'polygon' loaded for trajectory optimization.
[INFO] [1783928420.063650737, 1250.392000000]: GOAL Reached!
[INFO] [1783928420.208284213, 1250.536000000]: Footprint model 'polygon' loaded for trajectory optimization.
[INFO] [1783928421.092425781, 1251.420000000]: Footprint model 'polygon' loaded for trajectory optimization.
[INFO] [1783928421.785760825, 1252.110000000]: Footprint model 'polygon' loaded for trajectory optimization.
[INFO] [1783928422.490607084, 1252.812000000]: Footprint model 'polygon' loaded for trajectory optimization.
[INFO] [1783928423.184407179, 1253.504000000]: Footprint model 'polygon' loaded for trajectory optimization.
[INFO] [1783928423.837155635, 1254.158000000]: Footprint model 'polygon' loaded for trajectory optimization.
[INFO] [1783928425.817048957, 1256.134000000]: GOAL Reached!
[INFO] [1783928425.951154874, 1256.268000000]: Footprint model 'polygon' loaded for trajectory optimization.
[INFO] [1783928426.820980856, 1257.136000000]: Footprint model 'polygon' loaded for trajectory optimization.
[INFO] [1783928427.374436353, 1257.688000000]: Footprint model 'polygon' loaded for trajectory optimization.
[INFO] [1783928427.983560005, 1258.296000000]: Footprint model 'polygon' loaded for trajectory optimization.
[INFO] [1783928428.576444496, 1258.888000000]: Footprint model 'polygon' loaded for trajectory optimization.
[INFO] [1783928429.177619585, 1259.488000000]: Footprint model 'polygon' loaded for trajectory optimization.
[INFO] [1783928431.858735950, 1262.164000000]: GOAL Reached!
[INFO] [1783928432.002922846, 1262.308000000]: Footprint model 'polygon' loaded for trajectory optimization.
[INFO] [1783928432.890992730, 1263.194000000]: Footprint model 'polygon' loaded for trajectory optimization.
[INFO] [1783928433.585128628, 1263.890000000]: Footprint model 'polygon' loaded for trajectory optimization.
[INFO] [1783928434.129013062, 1264.432000000]: Footprint model 'polygon' loaded for trajectory optimization.
[INFO] [1783928434.730670880, 1265.030000000]: Footprint model 'polygon' loaded for trajectory optimization.
[INFO] [1783928435.337220539, 1265.636000000]: Footprint model 'polygon' loaded for trajectory optimization.
[INFO] [1783928435.977990466, 1266.282000000]: Footprint model 'polygon' loaded for trajectory optimization.
[INFO] [1783928442.317199805, 1272.604000000]: GOAL Reached!
[INFO] [1783928442.477105903, 1272.764000000]: Footprint model 'polygon' loaded for trajectory optimization.
[INFO] [1783928443.354878097, 1273.640000000]: Footprint model 'polygon' loaded for trajectory optimization.
[INFO] [1783928443.903250575, 1274.188000000]: Footprint model 'polygon' loaded for trajectory optimization.
[INFO] [1783928444.502628482, 1274.788000000]: Footprint model 'polygon' loaded for trajectory optimization.
[INFO] [1783928445.153603076, 1275.440000000]: Footprint model 'polygon' loaded for trajectory optimization.
[INFO] [1783928445.802784627, 1276.088000000]: Footprint model 'polygon' loaded for trajectory optimization.
[INFO] [1783928446.406878439, 1276.690000000]: Footprint model 'polygon' loaded for trajectory optimization.
[INFO] [1783928449.585458592, 1279.862000000]: GOAL Reached!
[INFO] [1783928449.740005671, 1280.016000000]: Footprint model 'polygon' loaded for trajectory optimization.
[INFO] [1783928450.627827462, 1280.900000000]: Footprint model 'polygon' loaded for trajectory optimization.
[INFO] [1783928451.266680249, 1281.538000000]: Footprint model 'polygon' loaded for trajectory optimization.
[INFO] [1783928451.867956989, 1282.140000000]: Footprint model 'polygon' loaded for trajectory optimization.
[INFO] [1783928452.515759946, 1282.786000000]: Footprint model 'polygon' loaded for trajectory optimization.
[INFO] [1783928454.245853383, 1284.514000000]: GOAL Reached!
[INFO] [1783928454.380924156, 1284.650000000]: Footprint model 'polygon' loaded for trajectory optimization.
[INFO] [1783928455.271128974, 1285.538000000]: Footprint model 'polygon' loaded for trajectory optimization.
[INFO] [1783928455.908096919, 1286.174000000]: Footprint model 'polygon' loaded for trajectory optimization.
[INFO] [1783928456.511206579, 1286.778000000]: Footprint model 'polygon' loaded for trajectory optimization.
[INFO] [1783928457.155794776, 1287.420000000]: Footprint model 'polygon' loaded for trajectory optimization.
[INFO] [1783928457.755329461, 1288.020000000]: Footprint model 'polygon' loaded for trajectory optimization.
[INFO] [1783928459.590846570, 1289.850000000]: GOAL Reached!
[INFO] [1783928459.728075807, 1289.986000000]: Footprint model 'polygon' loaded for trajectory optimization.
[INFO] [1783928460.621157660, 1290.880000000]: Footprint model 'polygon' loaded for trajectory optimization.
[INFO] [1783928461.316217000, 1291.574000000]: Footprint model 'polygon' loaded for trajectory optimization.
[INFO] [1783928462.009270433, 1292.264000000]: Footprint model 'polygon' loaded for trajectory optimization.
[INFO] [1783928462.710711004, 1292.964000000]: Footprint model 'polygon' loaded for trajectory optimization.
[INFO] [1783928463.302948144, 1293.558000000]: Footprint model 'polygon' loaded for trajectory optimization.
[INFO] [1783928465.641820662, 1295.890000000]: GOAL Reached!
[INFO] [1783928465.786813138, 1296.036000000]: Footprint model 'polygon' loaded for trajectory optimization.
[INFO] [1783928466.670331256, 1296.920000000]: Footprint model 'polygon' loaded for trajectory optimization.
[INFO] [1783928467.320956947, 1297.568000000]: Footprint model 'polygon' loaded for trajectory optimization.
[INFO] [1783928467.919557942, 1298.164000000]: Footprint model 'polygon' loaded for trajectory optimization.
[INFO] [1783928468.519441621, 1298.764000000]: Footprint model 'polygon' loaded for trajectory optimization.
[INFO] [1783928469.122497935, 1299.364000000]: Footprint model 'polygon' loaded for trajectory optimization.
[INFO] [1783928469.726404410, 1299.968000000]: Footprint model 'polygon' loaded for trajectory optimization.
[INFO] [1783928475.002213258, 1305.236000000]: GOAL Reached!
[INFO] [1783928475.145736225, 1305.378000000]: Footprint model 'polygon' loaded for trajectory optimization.
[INFO] [1783928476.030955967, 1306.264000000]: Footprint model 'polygon' loaded for trajectory optimization.
[INFO] [1783928476.675904420, 1306.906000000]: Footprint model 'polygon' loaded for trajectory optimization.
[INFO] [1783928477.326655056, 1307.554000000]: Footprint model 'polygon' loaded for trajectory optimization.
[INFO] [1783928478.027210565, 1308.256000000]: Footprint model 'polygon' loaded for trajectory optimization.
[INFO] [1783928478.726913413, 1308.952000000]: Footprint model 'polygon' loaded for trajectory optimization.
[INFO] [1783928479.276359421, 1309.500000000]: Footprint model 'polygon' loaded for trajectory optimization.
[INFO] [1783928482.057461085, 1312.276000000]: GOAL Reached!
[INFO] [1783928482.209561309, 1312.428000000]: Footprint model 'polygon' loaded for trajectory optimization.
[INFO] [1783928483.077253115, 1313.294000000]: Footprint model 'polygon' loaded for trajectory optimization.
[INFO] [1783928483.640231479, 1313.856000000]: Footprint model 'polygon' loaded for trajectory optimization.
[INFO] [1783928484.282828175, 1314.498000000]: Footprint model 'polygon' loaded for trajectory optimization.
[INFO] [1783928484.837186574, 1315.050000000]: Footprint model 'polygon' loaded for trajectory optimization.
[INFO] [1783928486.615477756, 1316.826000000]: GOAL Reached!
[INFO] [1783928486.753477729, 1316.964000000]: Footprint model 'polygon' loaded for trajectory optimization.
[INFO] [1783928487.646832169, 1317.856000000]: Footprint model 'polygon' loaded for trajectory optimization.
[INFO] [1783928488.285092074, 1318.492000000]: Footprint model 'polygon' loaded for trajectory optimization.
[INFO] [1783928488.887103513, 1319.092000000]: Footprint model 'polygon' loaded for trajectory optimization.
[INFO] [1783928489.486737690, 1319.692000000]: Footprint model 'polygon' loaded for trajectory optimization.
[INFO] [1783928490.141168683, 1320.344000000]: Footprint model 'polygon' loaded for trajectory optimization.
[INFO] [1783928492.269680630, 1322.470000000]: GOAL Reached!
[INFO] [1783928492.405484592, 1322.606000000]: Footprint model 'polygon' loaded for trajectory optimization.
[INFO] [1783928493.304568917, 1323.500000000]: Footprint model 'polygon' loaded for trajectory optimization.
[INFO] [1783928493.991049020, 1324.186000000]: Footprint model 'polygon' loaded for trajectory optimization.
[INFO] [1783928494.590714751, 1324.784000000]: Footprint model 'polygon' loaded for trajectory optimization.
[INFO] [1783928495.207143515, 1325.400000000]: Footprint model 'polygon' loaded for trajectory optimization.
[INFO] [1783928495.893558867, 1326.086000000]: Footprint model 'polygon' loaded for trajectory optimization.
[INFO] [1783928498.621900820, 1328.812000000]: GOAL Reached!
[INFO] [1783928498.778747486, 1328.966000000]: Footprint model 'polygon' loaded for trajectory optimization.
[INFO] [1783928499.670637373, 1329.858000000]: Footprint model 'polygon' loaded for trajectory optimization.
[INFO] [1783928500.212636277, 1330.396000000]: Footprint model 'polygon' loaded for trajectory optimization.
[INFO] [1783928500.863710537, 1331.050000000]: Footprint model 'polygon' loaded for trajectory optimization.
[INFO] [1783928501.513083182, 1331.696000000]: Footprint model 'polygon' loaded for trajectory optimization.
[INFO] [1783928502.114781099, 1332.296000000]: Footprint model 'polygon' loaded for trajectory optimization.
[INFO] [1783928502.762978707, 1332.946000000]: Footprint model 'polygon' loaded for trajectory optimization.
[INFO] [1783928508.698523814, 1338.868000000]: GOAL Reached!
[INFO] [1783928508.839128897, 1339.008000000]: Footprint model 'polygon' loaded for trajectory optimization.
[INFO] [1783928509.731671328, 1339.898000000]: Footprint model 'polygon' loaded for trajectory optimization.
[INFO] [1783928510.421587143, 1340.588000000]: Footprint model 'polygon' loaded for trajectory optimization.
[INFO] [1783928511.018966164, 1341.184000000]: Footprint model 'polygon' loaded for trajectory optimization.
[INFO] [1783928511.619198888, 1341.784000000]: Footprint model 'polygon' loaded for trajectory optimization.
[INFO] [1783928512.216915672, 1342.380000000]: Footprint model 'polygon' loaded for trajectory optimization.
[INFO] [1783928512.824190098, 1342.986000000]: Footprint model 'polygon' loaded for trajectory optimization.
[INFO] [1783928515.953759268, 1346.110000000]: GOAL Reached!
[INFO] [1783928516.115337127, 1346.272000000]: Footprint model 'polygon' loaded for trajectory optimization.
[INFO] [1783928516.985866044, 1347.140000000]: Footprint model 'polygon' loaded for trajectory optimization.
[INFO] [1783928517.538669816, 1347.690000000]: Footprint model 'polygon' loaded for trajectory optimization.
[INFO] [1783928518.140779086, 1348.292000000]: Footprint model 'polygon' loaded for trajectory optimization.
[INFO] [1783928518.790037630, 1348.940000000]: Footprint model 'polygon' loaded for trajectory optimization.
[INFO] [1783928520.519527123, 1350.668000000]: GOAL Reached!
[INFO] [1783928520.671144710, 1350.818000000]: Footprint model 'polygon' loaded for trajectory optimization.
[INFO] [1783928521.554945495, 1351.700000000]: Footprint model 'polygon' loaded for trajectory optimization.
[INFO] [1783928522.248250056, 1352.392000000]: Footprint model 'polygon' loaded for trajectory optimization.
[INFO] [1783928522.946222390, 1353.088000000]: Footprint model 'polygon' loaded for trajectory optimization.
[INFO] [1783928523.492811822, 1353.634000000]: Footprint model 'polygon' loaded for trajectory optimization.
[INFO] [1783928524.096004728, 1354.236000000]: Footprint model 'polygon' loaded for trajectory optimization.
[INFO] [1783928526.376912876, 1356.514000000]: GOAL Reached!
[INFO] [1783928526.523607893, 1356.660000000]: Footprint model 'polygon' loaded for trajectory optimization.
[INFO] [1783928527.405380612, 1357.540000000]: Footprint model 'polygon' loaded for trajectory optimization.
[INFO] [1783928527.948688608, 1358.084000000]: Footprint model 'polygon' loaded for trajectory optimization.
[INFO] [1783928528.552669646, 1358.686000000]: Footprint model 'polygon' loaded for trajectory optimization.
[INFO] [1783928529.202838980, 1359.334000000]: Footprint model 'polygon' loaded for trajectory optimization.
[INFO] [1783928529.752159478, 1359.882000000]: Footprint model 'polygon' loaded for trajectory optimization.
[INFO] [1783928532.432999732, 1362.560000000]: GOAL Reached!
[INFO] [1783928532.577008818, 1362.704000000]: Footprint model 'polygon' loaded for trajectory optimization.
[INFO] [1783928533.490277991, 1363.614000000]: Footprint model 'polygon' loaded for trajectory optimization.
[INFO] [1783928534.114592666, 1364.236000000]: Footprint model 'polygon' loaded for trajectory optimization.
[INFO] [1783928534.720102701, 1364.842000000]: Footprint model 'polygon' loaded for trajectory optimization.
[INFO] [1783928535.361238130, 1365.482000000]: Footprint model 'polygon' loaded for trajectory optimization.
[INFO] [1783928535.905258746, 1366.026000000]: Footprint model 'polygon' loaded for trajectory optimization.
[INFO] [1783928536.558776856, 1366.676000000]: Footprint model 'polygon' loaded for trajectory optimization.
[INFO] [1783928542.991400399, 1373.100000000]: GOAL Reached!
[INFO] [1783928543.133830336, 1373.242000000]: Footprint model 'polygon' loaded for trajectory optimization.
[INFO] [1783928544.016304280, 1374.122000000]: Footprint model 'polygon' loaded for trajectory optimization.
[INFO] [1783928544.713510343, 1374.820000000]: Footprint model 'polygon' loaded for trajectory optimization.
[INFO] [1783928545.308710470, 1375.414000000]: Footprint model 'polygon' loaded for trajectory optimization.
[INFO] [1783928545.866365867, 1375.970000000]: Footprint model 'polygon' loaded for trajectory optimization.
[INFO] [1783928546.466344196, 1376.568000000]: Footprint model 'polygon' loaded for trajectory optimization.
[INFO] [1783928547.066242801, 1377.168000000]: Footprint model 'polygon' loaded for trajectory optimization.
[INFO] [1783928550.246423795, 1380.342000000]: GOAL Reached!
[INFO] [1783928550.405046483, 1380.500000000]: Footprint model 'polygon' loaded for trajectory optimization.
[INFO] [1783928551.285016197, 1381.380000000]: Footprint model 'polygon' loaded for trajectory optimization.
[INFO] [1783928551.829812754, 1381.922000000]: Footprint model 'polygon' loaded for trajectory optimization.
[INFO] [1783928552.478219431, 1382.570000000]: Footprint model 'polygon' loaded for trajectory optimization.
[INFO] [1783928553.030951263, 1383.122000000]: Footprint model 'polygon' loaded for trajectory optimization.
[INFO] [1783928554.811807755, 1384.898000000]: GOAL Reached!
[INFO] [1783928554.955508889, 1385.042000000]: Footprint model 'polygon' loaded for trajectory optimization.
[INFO] [1783928555.853254500, 1385.940000000]: Footprint model 'polygon' loaded for trajectory optimization.
[INFO] [1783928556.491617458, 1386.580000000]: Footprint model 'polygon' loaded for trajectory optimization.
[INFO] [1783928557.135440818, 1387.220000000]: Footprint model 'polygon' loaded for trajectory optimization.
[INFO] [1783928557.787633711, 1387.874000000]: Footprint model 'polygon' loaded for trajectory optimization.
[INFO] [1783928558.434212857, 1388.520000000]: Footprint model 'polygon' loaded for trajectory optimization.
[INFO] [1783928560.371811566, 1390.450000000]: GOAL Reached!
[INFO] [1783928560.518078381, 1390.596000000]: Footprint model 'polygon' loaded for trajectory optimization.
[INFO] [1783928561.407152313, 1391.484000000]: Footprint model 'polygon' loaded for trajectory optimization.
[INFO] [1783928562.058565943, 1392.132000000]: Footprint model 'polygon' loaded for trajectory optimization.
[INFO] [1783928562.706297019, 1392.780000000]: Footprint model 'polygon' loaded for trajectory optimization.
[INFO] [1783928563.250357626, 1393.322000000]: Footprint model 'polygon' loaded for trajectory optimization.
[INFO] [1783928563.851401993, 1393.924000000]: Footprint model 'polygon' loaded for trajectory optimization.
[INFO] [1783928566.733201551, 1396.800000000]: GOAL Reached!
[INFO] [1783928566.881514677, 1396.948000000]: Footprint model 'polygon' loaded for trajectory optimization.
[INFO] [1783928567.779681879, 1397.844000000]: Footprint model 'polygon' loaded for trajectory optimization.
[INFO] [1783928568.430045660, 1398.492000000]: Footprint model 'polygon' loaded for trajectory optimization.
[INFO] [1783928569.022069949, 1399.084000000]: Footprint model 'polygon' loaded for trajectory optimization.
[INFO] [1783928569.623341323, 1399.684000000]: Footprint model 'polygon' loaded for trajectory optimization.
[INFO] [1783928570.222273812, 1400.280000000]: Footprint model 'polygon' loaded for trajectory optimization.
[INFO] [1783928570.822269482, 1400.882000000]: Footprint model 'polygon' loaded for trajectory optimization.
[INFO] [1783928576.206817274, 1406.256000000]: GOAL Reached!
[INFO] [1783928576.339255929, 1406.388000000]: Footprint model 'polygon' loaded for trajectory optimization.
[INFO] [1783928577.234536891, 1407.282000000]: Footprint model 'polygon' loaded for trajectory optimization.
[INFO] [1783928577.871065322, 1407.916000000]: Footprint model 'polygon' loaded for trajectory optimization.
[INFO] [1783928578.474466841, 1408.518000000]: Footprint model 'polygon' loaded for trajectory optimization.
[INFO] [1783928579.118657547, 1409.164000000]: Footprint model 'polygon' loaded for trajectory optimization.
[INFO] [1783928579.719905347, 1409.762000000]: Footprint model 'polygon' loaded for trajectory optimization.
[INFO] [1783928580.310595255, 1410.352000000]: Footprint model 'polygon' loaded for trajectory optimization.
[INFO] [1783928583.353831521, 1413.388000000]: GOAL Reached!
[INFO] [1783928583.498232706, 1413.534000000]: Footprint model 'polygon' loaded for trajectory optimization.
[INFO] [1783928584.405828331, 1414.440000000]: Footprint model 'polygon' loaded for trajectory optimization.
[INFO] [1783928585.045148156, 1415.080000000]: Footprint model 'polygon' loaded for trajectory optimization.
[INFO] [1783928585.692544950, 1415.726000000]: Footprint model 'polygon' loaded for trajectory optimization.
[INFO] [1783928587.821029702, 1417.850000000]: GOAL Reached!
[INFO] [1783928587.976633050, 1418.006000000]: Footprint model 'polygon' loaded for trajectory optimization.
[INFO] [1783928588.854666306, 1418.880000000]: Footprint model 'polygon' loaded for trajectory optimization.
[INFO] [1783928589.455198404, 1419.480000000]: Footprint model 'polygon' loaded for trajectory optimization.
[INFO] [1783928590.004540231, 1420.030000000]: Footprint model 'polygon' loaded for trajectory optimization.
[INFO] [1783928590.649841548, 1420.672000000]: Footprint model 'polygon' loaded for trajectory optimization.
[INFO] [1783928591.257866889, 1421.278000000]: Footprint model 'polygon' loaded for trajectory optimization.
[INFO] [1783928593.086908110, 1423.106000000]: GOAL Reached!
[INFO] [1783928593.236614706, 1423.256000000]: Footprint model 'polygon' loaded for trajectory optimization.
[INFO] [1783928594.124547821, 1424.140000000]: Footprint model 'polygon' loaded for trajectory optimization.
[INFO] [1783928594.820271068, 1424.834000000]: Footprint model 'polygon' loaded for trajectory optimization.
[INFO] [1783928595.419429559, 1425.432000000]: Footprint model 'polygon' loaded for trajectory optimization.
[INFO] [1783928596.011467022, 1426.024000000]: Footprint model 'polygon' loaded for trajectory optimization.
[INFO] [1783928596.671562103, 1426.682000000]: Footprint model 'polygon' loaded for trajectory optimization.
[INFO] [1783928598.849415020, 1428.856000000]: GOAL Reached!
[INFO] [1783928599.003058811, 1429.010000000]: Footprint model 'polygon' loaded for trajectory optimization.
[INFO] [1783928599.897824818, 1429.904000000]: Footprint model 'polygon' loaded for trajectory optimization.
[INFO] [1783928600.536264258, 1430.540000000]: Footprint model 'polygon' loaded for trajectory optimization.
[INFO] [1783928601.187468293, 1431.190000000]: Footprint model 'polygon' loaded for trajectory optimization.
[INFO] [1783928601.883127194, 1431.886000000]: Footprint model 'polygon' loaded for trajectory optimization.
[INFO] [1783928602.531962999, 1432.532000000]: Footprint model 'polygon' loaded for trajectory optimization.
[INFO] [1783928603.133803448, 1433.132000000]: Footprint model 'polygon' loaded for trajectory optimization.
[INFO] [1783928603.782654136, 1433.780000000]: Footprint model 'polygon' loaded for trajectory optimization.
[INFO] [1783928604.431304383, 1434.428000000]: Footprint model 'polygon' loaded for trajectory optimization.
[INFO] [1783928610.117820737, 1440.104000000]: GOAL Reached!
[INFO] [1783928610.257047866, 1440.244000000]: Footprint model 'polygon' loaded for trajectory optimization.
[INFO] [1783928611.135835566, 1441.120000000]: Footprint model 'polygon' loaded for trajectory optimization.
[INFO] [1783928611.789038248, 1441.772000000]: Footprint model 'polygon' loaded for trajectory optimization.
[INFO] [1783928612.432600256, 1442.416000000]: Footprint model 'polygon' loaded for trajectory optimization.
[INFO] [1783928613.083900219, 1443.066000000]: Footprint model 'polygon' loaded for trajectory optimization.
[INFO] [1783928613.682307609, 1443.662000000]: Footprint model 'polygon' loaded for trajectory optimization.
[INFO] [1783928614.334902893, 1444.314000000]: Footprint model 'polygon' loaded for trajectory optimization.
[INFO] [1783928617.364360803, 1447.338000000]: GOAL Reached!
[INFO] [1783928617.511868974, 1447.486000000]: Footprint model 'polygon' loaded for trajectory optimization.
[INFO] [1783928618.408475609, 1448.380000000]: Footprint model 'polygon' loaded for trajectory optimization.
[INFO] [1783928619.094461059, 1449.068000000]: Footprint model 'polygon' loaded for trajectory optimization.
[INFO] [1783928619.742798296, 1449.712000000]: Footprint model 'polygon' loaded for trajectory optimization.
[INFO] [1783928620.344087526, 1450.312000000]: Footprint model 'polygon' loaded for trajectory optimization.
[INFO] [1783928622.025958777, 1451.990000000]: GOAL Reached!
[INFO] [1783928622.169876877, 1452.134000000]: Footprint model 'polygon' loaded for trajectory optimization.
[INFO] [1783928623.035816788, 1453.000000000]: Footprint model 'polygon' loaded for trajectory optimization.
[INFO] [1783928623.590611017, 1453.552000000]: Footprint model 'polygon' loaded for trajectory optimization.
[INFO] [1783928624.239634106, 1454.202000000]: Footprint model 'polygon' loaded for trajectory optimization.
[INFO] [1783928624.937182765, 1454.900000000]: Footprint model 'polygon' loaded for trajectory optimization.
[INFO] [1783928625.538384413, 1455.498000000]: Footprint model 'polygon' loaded for trajectory optimization.
[INFO] [1783928627.172989274, 1457.128000000]: GOAL Reached!
[INFO] [1783928627.325090887, 1457.280000000]: Footprint model 'polygon' loaded for trajectory optimization.
[INFO] [1783928628.207915901, 1458.160000000]: Footprint model 'polygon' loaded for trajectory optimization.
[INFO] [1783928628.851164440, 1458.802000000]: Footprint model 'polygon' loaded for trajectory optimization.
[INFO] [1783928629.450692420, 1459.404000000]: Footprint model 'polygon' loaded for trajectory optimization.
[INFO] [1783928630.051577590, 1460.002000000]: Footprint model 'polygon' loaded for trajectory optimization.
[INFO] [1783928630.697830557, 1460.646000000]: Footprint model 'polygon' loaded for trajectory optimization.
[INFO] [1783928633.629001377, 1463.574000000]: GOAL Reached!
[INFO] [1783928633.782035387, 1463.726000000]: Footprint model 'polygon' loaded for trajectory optimization.
[INFO] [1783928634.677095102, 1464.620000000]: Footprint model 'polygon' loaded for trajectory optimization.
[INFO] [1783928635.272022226, 1465.212000000]: Footprint model 'polygon' loaded for trajectory optimization.
[INFO] [1783928635.862828111, 1465.804000000]: Footprint model 'polygon' loaded for trajectory optimization.
[INFO] [1783928636.485100244, 1466.424000000]: Footprint model 'polygon' loaded for trajectory optimization.
[INFO] [1783928637.176131038, 1467.114000000]: Footprint model 'polygon' loaded for trajectory optimization.
[INFO] [1783928637.828865111, 1467.766000000]: Footprint model 'polygon' loaded for trajectory optimization.
[INFO] [1783928644.308082078, 1474.232000000]: GOAL Reached!
[INFO] [1783928644.441091807, 1474.366000000]: Footprint model 'polygon' loaded for trajectory optimization.
[INFO] [1783928645.313451833, 1475.236000000]: Footprint model 'polygon' loaded for trajectory optimization.
[INFO] [1783928645.927070740, 1475.850000000]: Footprint model 'polygon' loaded for trajectory optimization.
[INFO] [1783928646.624019558, 1476.544000000]: Footprint model 'polygon' loaded for trajectory optimization.
[INFO] [1783928647.321761664, 1477.242000000]: Footprint model 'polygon' loaded for trajectory optimization.
[INFO] [1783928648.016620146, 1477.934000000]: Footprint model 'polygon' loaded for trajectory optimization.
[INFO] [1783928648.621354577, 1478.538000000]: Footprint model 'polygon' loaded for trajectory optimization.
[INFO] [1783928651.450647331, 1481.364000000]: GOAL Reached!
[INFO] [1783928651.598951844, 1481.512000000]: Footprint model 'polygon' loaded for trajectory optimization.
[INFO] [1783928652.472027683, 1482.382000000]: Footprint model 'polygon' loaded for trajectory optimization.
[INFO] [1783928653.070015640, 1482.980000000]: Footprint model 'polygon' loaded for trajectory optimization.
[INFO] [1783928653.618422957, 1483.528000000]: Footprint model 'polygon' loaded for trajectory optimization.
[INFO] [1783928654.272580997, 1484.180000000]: Footprint model 'polygon' loaded for trajectory optimization.
[INFO] [1783928656.200526116, 1486.106000000]: GOAL Reached!
[INFO] [1783928656.335513068, 1486.240000000]: Footprint model 'polygon' loaded for trajectory optimization.
[INFO] [1783928657.230291051, 1487.138000000]: Footprint model 'polygon' loaded for trajectory optimization.
[INFO] [1783928657.871075696, 1487.778000000]: Footprint model 'polygon' loaded for trajectory optimization.
[INFO] [1783928658.476917010, 1488.380000000]: Footprint model 'polygon' loaded for trajectory optimization.
[INFO] [1783928659.128019251, 1489.028000000]: Footprint model 'polygon' loaded for trajectory optimization.
[INFO] [1783928659.684698671, 1489.584000000]: Footprint model 'polygon' loaded for trajectory optimization.
[INFO] [1783928661.857716379, 1491.754000000]: GOAL Reached!
[INFO] [1783928661.999778812, 1491.898000000]: Footprint model 'polygon' loaded for trajectory optimization.
[INFO] [1783928662.884287239, 1492.778000000]: Footprint model 'polygon' loaded for trajectory optimization.
[INFO] [1783928663.487317047, 1493.384000000]: Footprint model 'polygon' loaded for trajectory optimization.
[INFO] [1783928664.086942752, 1493.980000000]: Footprint model 'polygon' loaded for trajectory optimization.
[INFO] [1783928664.639924485, 1494.530000000]: Footprint model 'polygon' loaded for trajectory optimization.
[INFO] [1783928665.289919509, 1495.180000000]: Footprint model 'polygon' loaded for trajectory optimization.
[INFO] [1783928667.921685350, 1497.806000000]: GOAL Reached!
[INFO] [1783928668.082762326, 1497.966000000]: Footprint model 'polygon' loaded for trajectory optimization.
[INFO] [1783928668.970758350, 1498.854000000]: Footprint model 'polygon' loaded for trajectory optimization.
[INFO] [1783928669.516681284, 1499.398000000]: Footprint model 'polygon' loaded for trajectory optimization.
[INFO] [1783928670.120554054, 1500.002000000]: Footprint model 'polygon' loaded for trajectory optimization.
[INFO] [1783928670.715860550, 1500.594000000]: Footprint model 'polygon' loaded for trajectory optimization.
[INFO] [1783928671.319608158, 1501.198000000]: Footprint model 'polygon' loaded for trajectory optimization.
[INFO] [1783928671.967748053, 1501.844000000]: Footprint model 'polygon' loaded for trajectory optimization.
[INFO] [1783928677.499596379, 1507.366000000]: GOAL Reached!
[INFO] [1783928677.655188148, 1507.520000000]: Footprint model 'polygon' loaded for trajectory optimization.
[INFO] [1783928678.577774174, 1508.442000000]: Footprint model 'polygon' loaded for trajectory optimization.
[INFO] [1783928679.217776883, 1509.078000000]: Footprint model 'polygon' loaded for trajectory optimization.
[INFO] [1783928679.816358545, 1509.678000000]: Footprint model 'polygon' loaded for trajectory optimization.
[INFO] [1783928680.416126371, 1510.276000000]: Footprint model 'polygon' loaded for trajectory optimization.
[INFO] [1783928681.062288180, 1510.922000000]: Footprint model 'polygon' loaded for trajectory optimization.
[INFO] [1783928681.659769919, 1511.518000000]: Footprint model 'polygon' loaded for trajectory optimization.
[INFO] [1783928684.797241804, 1514.650000000]: GOAL Reached!
[INFO] [1783928684.954367548, 1514.806000000]: Footprint model 'polygon' loaded for trajectory optimization.
[INFO] [1783928685.854272409, 1515.704000000]: Footprint model 'polygon' loaded for trajectory optimization.
[INFO] [1783928686.495665973, 1516.344000000]: Footprint model 'polygon' loaded for trajectory optimization.
[INFO] [1783928687.094703321, 1516.944000000]: Footprint model 'polygon' loaded for trajectory optimization.
[INFO] [1783928687.691712911, 1517.540000000]: Footprint model 'polygon' loaded for trajectory optimization.
[INFO] [1783928689.369815787, 1519.216000000]: GOAL Reached!
[INFO] [1783928689.515013043, 1519.362000000]: Footprint model 'polygon' loaded for trajectory optimization.
[INFO] [1783928690.399500252, 1520.242000000]: Footprint model 'polygon' loaded for trajectory optimization.
[INFO] [1783928691.035137287, 1520.876000000]: Footprint model 'polygon' loaded for trajectory optimization.
[INFO] [1783928691.632705665, 1521.472000000]: Footprint model 'polygon' loaded for trajectory optimization.
[INFO] [1783928692.235172316, 1522.074000000]: Footprint model 'polygon' loaded for trajectory optimization.
[INFO] [1783928692.833469936, 1522.670000000]: Footprint model 'polygon' loaded for trajectory optimization.
[INFO] [1783928695.116382606, 1524.950000000]: GOAL Reached!
[INFO] [1783928695.258870918, 1525.094000000]: Footprint model 'polygon' loaded for trajectory optimization.
[INFO] [1783928696.148078460, 1525.980000000]: Footprint model 'polygon' loaded for trajectory optimization.
[INFO] [1783928696.696973840, 1526.530000000]: Footprint model 'polygon' loaded for trajectory optimization.
[INFO] [1783928697.297248001, 1527.128000000]: Footprint model 'polygon' loaded for trajectory optimization.
[INFO] [1783928697.949621498, 1527.778000000]: Footprint model 'polygon' loaded for trajectory optimization.
[INFO] [1783928698.547532010, 1528.376000000]: Footprint model 'polygon' loaded for trajectory optimization.
[INFO] [1783928701.181661180, 1531.004000000]: GOAL Reached!
[INFO] [1783928701.325047307, 1531.148000000]: Footprint model 'polygon' loaded for trajectory optimization.
[INFO] [1783928702.219421703, 1532.040000000]: Footprint model 'polygon' loaded for trajectory optimization.
[INFO] [1783928702.816835121, 1532.638000000]: Footprint model 'polygon' loaded for trajectory optimization.
[INFO] [1783928703.469097914, 1533.288000000]: Footprint model 'polygon' loaded for trajectory optimization.
[INFO] [1783928704.068115355, 1533.886000000]: Footprint model 'polygon' loaded for trajectory optimization.
[INFO] [1783928704.710497292, 1534.526000000]: Footprint model 'polygon' loaded for trajectory optimization.
[INFO] [1783928705.361745401, 1535.176000000]: Footprint model 'polygon' loaded for trajectory optimization.
[INFO] [1783928711.641289333, 1541.450000000]: GOAL Reached!
[INFO] [1783928711.795635757, 1541.602000000]: Footprint model 'polygon' loaded for trajectory optimization.
[INFO] [1783928712.700962531, 1542.504000000]: Footprint model 'polygon' loaded for trajectory optimization.
[INFO] [1783928713.398691265, 1543.200000000]: Footprint model 'polygon' loaded for trajectory optimization.
[INFO] [1783928713.999430161, 1543.800000000]: Footprint model 'polygon' loaded for trajectory optimization.
[INFO] [1783928714.547966180, 1544.346000000]: Footprint model 'polygon' loaded for trajectory optimization.
[INFO] [1783928715.201904115, 1545.000000000]: Footprint model 'polygon' loaded for trajectory optimization.
[INFO] [1783928715.752874924, 1545.550000000]: Footprint model 'polygon' loaded for trajectory optimization.
[INFO] [1783928718.933707048, 1548.724000000]: GOAL Reached!
[INFO] [1783928719.072541818, 1548.862000000]: Footprint model 'polygon' loaded for trajectory optimization.
[INFO] [1783928719.953166559, 1549.742000000]: Footprint model 'polygon' loaded for trajectory optimization.
[INFO] [1783928720.599500422, 1550.388000000]: Footprint model 'polygon' loaded for trajectory optimization.
[INFO] [1783928721.250617035, 1551.038000000]: Footprint model 'polygon' loaded for trajectory optimization.
[INFO] [1783928721.798870130, 1551.584000000]: Footprint model 'polygon' loaded for trajectory optimization.
[INFO] [1783928723.481670870, 1553.264000000]: GOAL Reached!
[INFO] [1783928723.631419450, 1553.414000000]: Footprint model 'polygon' loaded for trajectory optimization.
[INFO] [1783928724.518266011, 1554.298000000]: Footprint model 'polygon' loaded for trajectory optimization.
[INFO] [1783928725.157343391, 1554.936000000]: Footprint model 'polygon' loaded for trajectory optimization.
[INFO] [1783928725.803338438, 1555.582000000]: Footprint model 'polygon' loaded for trajectory optimization.
[INFO] [1783928726.357209176, 1556.134000000]: Footprint model 'polygon' loaded for trajectory optimization.
[INFO] [1783928727.005268522, 1556.782000000]: Footprint model 'polygon' loaded for trajectory optimization.
[INFO] [1783928729.041565632, 1558.812000000]: GOAL Reached!
[INFO] [1783928729.172818897, 1558.944000000]: Footprint model 'polygon' loaded for trajectory optimization.
[INFO] [1783928730.050251168, 1559.820000000]: Footprint model 'polygon' loaded for trajectory optimization.
[INFO] [1783928730.702218116, 1560.470000000]: Footprint model 'polygon' loaded for trajectory optimization.
[INFO] [1783928731.304144140, 1561.070000000]: Footprint model 'polygon' loaded for trajectory optimization.
[INFO] [1783928731.894819807, 1561.660000000]: Footprint model 'polygon' loaded for trajectory optimization.
[INFO] [1783928732.555215836, 1562.320000000]: Footprint model 'polygon' loaded for trajectory optimization.
[INFO] [1783928735.377287259, 1565.138000000]: GOAL Reached!
[INFO] [1783928735.528070555, 1565.288000000]: Footprint model 'polygon' loaded for trajectory optimization.
[INFO] [1783928736.422708053, 1566.182000000]: Footprint model 'polygon' loaded for trajectory optimization.
[INFO] [1783928737.057841850, 1566.816000000]: Footprint model 'polygon' loaded for trajectory optimization.
[INFO] [1783928737.709312995, 1567.466000000]: Footprint model 'polygon' loaded for trajectory optimization.
[INFO] [1783928738.311257600, 1568.066000000]: Footprint model 'polygon' loaded for trajectory optimization.
[INFO] [1783928738.958035567, 1568.712000000]: Footprint model 'polygon' loaded for trajectory optimization.
[INFO] [1783928739.612197000, 1569.364000000]: Footprint model 'polygon' loaded for trajectory optimization.
[INFO] [1783928744.943382924, 1574.686000000]: GOAL Reached!
[INFO] [1783928745.081675732, 1574.826000000]: Footprint model 'polygon' loaded for trajectory optimization.
[INFO] [1783928745.980950036, 1575.722000000]: Footprint model 'polygon' loaded for trajectory optimization.
[INFO] [1783928746.625051358, 1576.366000000]: Footprint model 'polygon' loaded for trajectory optimization.
[INFO] [1783928747.219824235, 1576.958000000]: Footprint model 'polygon' loaded for trajectory optimization.
[INFO] [1783928747.869870167, 1577.606000000]: Footprint model 'polygon' loaded for trajectory optimization.
[INFO] [1783928748.469985130, 1578.206000000]: Footprint model 'polygon' loaded for trajectory optimization.
[INFO] [1783928749.119976034, 1578.854000000]: Footprint model 'polygon' loaded for trajectory optimization.
[INFO] [1783928752.099952441, 1581.830000000]: GOAL Reached!
[INFO] [1783928752.241873038, 1581.972000000]: Footprint model 'polygon' loaded for trajectory optimization.
[INFO] [1783928753.107262039, 1582.838000000]: Footprint model 'polygon' loaded for trajectory optimization.
[INFO] [1783928753.703411258, 1583.432000000]: Footprint model 'polygon' loaded for trajectory optimization.
[INFO] [1783928754.301458677, 1584.030000000]: Footprint model 'polygon' loaded for trajectory optimization.
[INFO] [1783928754.857478530, 1584.582000000]: Footprint model 'polygon' loaded for trajectory optimization.
[INFO] [1783928756.638655505, 1586.360000000]: GOAL Reached!
[INFO] [1783928756.789030303, 1586.510000000]: Footprint model 'polygon' loaded for trajectory optimization.
[INFO] [1783928757.681206258, 1587.400000000]: Footprint model 'polygon' loaded for trajectory optimization.
[INFO] [1783928758.273847476, 1587.992000000]: Footprint model 'polygon' loaded for trajectory optimization.
[INFO] [1783928758.925415349, 1588.642000000]: Footprint model 'polygon' loaded for trajectory optimization.
[INFO] [1783928759.525688210, 1589.242000000]: Footprint model 'polygon' loaded for trajectory optimization.
[INFO] [1783928760.124658070, 1589.840000000]: Footprint model 'polygon' loaded for trajectory optimization.
[INFO] [1783928762.406897723, 1592.118000000]: GOAL Reached!
[INFO] [1783928762.538062107, 1592.248000000]: Footprint model 'polygon' loaded for trajectory optimization.
[INFO] [1783928763.435660444, 1593.144000000]: Footprint model 'polygon' loaded for trajectory optimization.
[INFO] [1783928764.072404197, 1593.780000000]: Footprint model 'polygon' loaded for trajectory optimization.
[INFO] [1783928764.726372127, 1594.432000000]: Footprint model 'polygon' loaded for trajectory optimization.
[INFO] [1783928765.323145392, 1595.028000000]: Footprint model 'polygon' loaded for trajectory optimization.
[INFO] [1783928766.022853480, 1595.728000000]: Footprint model 'polygon' loaded for trajectory optimization.
[INFO] [1783928768.457674223, 1598.156000000]: GOAL Reached!
[INFO] [1783928768.618645172, 1598.316000000]: Footprint model 'polygon' loaded for trajectory optimization.
[INFO] [1783928769.504058185, 1599.200000000]: Footprint model 'polygon' loaded for trajectory optimization.
[INFO] [1783928770.142240001, 1599.838000000]: Footprint model 'polygon' loaded for trajectory optimization.
[INFO] [1783928770.793079268, 1600.488000000]: Footprint model 'polygon' loaded for trajectory optimization.
[INFO] [1783928771.344504118, 1601.038000000]: Footprint model 'polygon' loaded for trajectory optimization.
[INFO] [1783928771.943385144, 1601.638000000]: Footprint model 'polygon' loaded for trajectory optimization.
[INFO] [1783928772.545819483, 1602.238000000]: Footprint model 'polygon' loaded for trajectory optimization.
[INFO] [1783928777.729342244, 1607.412000000]: GOAL Reached!
[INFO] [1783928777.871361368, 1607.554000000]: Footprint model 'polygon' loaded for trajectory optimization.
[INFO] [1783928778.759346166, 1608.440000000]: Footprint model 'polygon' loaded for trajectory optimization.
[INFO] [1783928779.313167705, 1608.992000000]: Footprint model 'polygon' loaded for trajectory optimization.
[INFO] [1783928779.965637224, 1609.644000000]: Footprint model 'polygon' loaded for trajectory optimization.
[INFO] [1783928780.643091179, 1610.320000000]: Footprint model 'polygon' loaded for trajectory optimization.
[INFO] [1783928781.261631996, 1610.936000000]: Footprint model 'polygon' loaded for trajectory optimization.
[INFO] [1783928781.909533266, 1611.586000000]: Footprint model 'polygon' loaded for trajectory optimization.
[INFO] [1783928785.091374249, 1614.760000000]: GOAL Reached!
[INFO] [1783928785.237243135, 1614.906000000]: Footprint model 'polygon' loaded for trajectory optimization.
[INFO] [1783928786.111765734, 1615.780000000]: Footprint model 'polygon' loaded for trajectory optimization.
[INFO] [1783928786.660891387, 1616.326000000]: Footprint model 'polygon' loaded for trajectory optimization.
[INFO] [1783928787.257898803, 1616.924000000]: Footprint model 'polygon' loaded for trajectory optimization.
[INFO] [1783928787.907239779, 1617.574000000]: Footprint model 'polygon' loaded for trajectory optimization.
[INFO] [1783928789.741516187, 1619.402000000]: GOAL Reached!
[INFO] [1783928789.891984006, 1619.554000000]: Footprint model 'polygon' loaded for trajectory optimization.
[INFO] [1783928790.778471234, 1620.436000000]: Footprint model 'polygon' loaded for trajectory optimization.
[INFO] [1783928791.372345842, 1621.030000000]: Footprint model 'polygon' loaded for trajectory optimization.
[INFO] [1783928791.924274116, 1621.580000000]: Footprint model 'polygon' loaded for trajectory optimization.
[INFO] [1783928792.526598628, 1622.184000000]: Footprint model 'polygon' loaded for trajectory optimization.
[INFO] [1783928793.122521805, 1622.780000000]: Footprint model 'polygon' loaded for trajectory optimization.
[INFO] [1783928795.308125884, 1624.958000000]: GOAL Reached!
[INFO] [1783928795.449058966, 1625.100000000]: Footprint model 'polygon' loaded for trajectory optimization.
[INFO] [1783928796.329943329, 1625.978000000]: Footprint model 'polygon' loaded for trajectory optimization.
[INFO] [1783928796.978163235, 1626.624000000]: Footprint model 'polygon' loaded for trajectory optimization.
[INFO] [1783928797.576098622, 1627.222000000]: Footprint model 'polygon' loaded for trajectory optimization.
[INFO] [1783928798.174097532, 1627.820000000]: Footprint model 'polygon' loaded for trajectory optimization.
[INFO] [1783928798.774746532, 1628.418000000]: Footprint model 'polygon' loaded for trajectory optimization.
[INFO] [1783928800.654963220, 1630.296000000]: GOAL Reached!
[INFO] [1783928800.788178587, 1630.430000000]: Footprint model 'polygon' loaded for trajectory optimization.
[INFO] [1783928801.675311460, 1631.314000000]: Footprint model 'polygon' loaded for trajectory optimization.
[INFO] [1783928802.379562385, 1632.016000000]: Footprint model 'polygon' loaded for trajectory optimization.
[INFO] [1783928803.069187458, 1632.706000000]: Footprint model 'polygon' loaded for trajectory optimization.
[INFO] [1783928803.724486744, 1633.358000000]: Footprint model 'polygon' loaded for trajectory optimization.
[INFO] [1783928804.323923861, 1633.956000000]: Footprint model 'polygon' loaded for trajectory optimization.
[INFO] [1783928804.926560452, 1634.558000000]: Footprint model 'polygon' loaded for trajectory optimization.
[INFO] [1783928810.105039398, 1639.728000000]: GOAL Reached!
[INFO] [1783928810.258071340, 1639.880000000]: Footprint model 'polygon' loaded for trajectory optimization.
[INFO] [1783928811.157289104, 1640.780000000]: Footprint model 'polygon' loaded for trajectory optimization.
[INFO] [1783928811.798839628, 1641.424000000]: Footprint model 'polygon' loaded for trajectory optimization.
[INFO] [1783928812.403460845, 1642.022000000]: Footprint model 'polygon' loaded for trajectory optimization.
[INFO] [1783928813.004297941, 1642.622000000]: Footprint model 'polygon' loaded for trajectory optimization.
[INFO] [1783928813.603326984, 1643.220000000]: Footprint model 'polygon' loaded for trajectory optimization.
[INFO] [1783928814.202034123, 1643.818000000]: Footprint model 'polygon' loaded for trajectory optimization.
[INFO] [1783928817.485150753, 1647.094000000]: GOAL Reached!
[INFO] [1783928817.644145413, 1647.252000000]: Footprint model 'polygon' loaded for trajectory optimization.
[INFO] [1783928818.532318305, 1648.140000000]: Footprint model 'polygon' loaded for trajectory optimization.
[INFO] [1783928819.174473690, 1648.780000000]: Footprint model 'polygon' loaded for trajectory optimization.
[INFO] [1783928819.768664411, 1649.374000000]: Footprint model 'polygon' loaded for trajectory optimization.
[INFO] [1783928820.410025126, 1650.014000000]: Footprint model 'polygon' loaded for trajectory optimization.
[INFO] [1783928822.051453057, 1651.650000000]: GOAL Reached!
[INFO] [1783928822.184776371, 1651.782000000]: Footprint model 'polygon' loaded for trajectory optimization.
[INFO] [1783928823.066733769, 1652.664000000]: Footprint model 'polygon' loaded for trajectory optimization.
[INFO] [1783928823.707961760, 1653.304000000]: Footprint model 'polygon' loaded for trajectory optimization.
[INFO] [1783928824.356696299, 1653.956000000]: Footprint model 'polygon' loaded for trajectory optimization.
[INFO] [1783928825.008574853, 1654.604000000]: Footprint model 'polygon' loaded for trajectory optimization.
[INFO] [1783928825.658357441, 1655.252000000]: Footprint model 'polygon' loaded for trajectory optimization.
[INFO] [1783928827.385120078, 1656.980000000]: GOAL Reached!
[INFO] [1783928827.528728232, 1657.122000000]: Footprint model 'polygon' loaded for trajectory optimization.
[INFO] [1783928828.391334213, 1657.980000000]: Footprint model 'polygon' loaded for trajectory optimization.
[INFO] [1783928828.991917339, 1658.580000000]: Footprint model 'polygon' loaded for trajectory optimization.
[INFO] [1783928829.595426441, 1659.186000000]: Footprint model 'polygon' loaded for trajectory optimization.
[INFO] [1783928830.243110065, 1659.832000000]: Footprint model 'polygon' loaded for trajectory optimization.
[INFO] [1783928830.899017348, 1660.484000000]: Footprint model 'polygon' loaded for trajectory optimization.
[INFO] [1783928833.425998545, 1663.008000000]: GOAL Reached!
[INFO] [1783928833.579872428, 1663.162000000]: Footprint model 'polygon' loaded for trajectory optimization.
[INFO] [1783928834.492380500, 1664.072000000]: Footprint model 'polygon' loaded for trajectory optimization.
[INFO] [1783928835.173670032, 1664.752000000]: Footprint model 'polygon' loaded for trajectory optimization.
[INFO] [1783928835.818870812, 1665.396000000]: Footprint model 'polygon' loaded for trajectory optimization.
[INFO] [1783928836.412287939, 1665.992000000]: Footprint model 'polygon' loaded for trajectory optimization.
[INFO] [1783928837.063771596, 1666.638000000]: Footprint model 'polygon' loaded for trajectory optimization.
[INFO] [1783928837.610331075, 1667.182000000]: Footprint model 'polygon' loaded for trajectory optimization.
[INFO] [1783928838.218708004, 1667.792000000]: Footprint model 'polygon' loaded for trajectory optimization.
[INFO] [1783928838.867845784, 1668.438000000]: Footprint model 'polygon' loaded for trajectory optimization.
[INFO] [1783928844.697971304, 1674.258000000]: GOAL Reached!
[INFO] [1783928844.841287924, 1674.400000000]: Footprint model 'polygon' loaded for trajectory optimization.
[INFO] [1783928845.744303483, 1675.302000000]: Footprint model 'polygon' loaded for trajectory optimization.
[INFO] [1783928846.390997439, 1675.948000000]: Footprint model 'polygon' loaded for trajectory optimization.
[INFO] [1783928846.990496468, 1676.546000000]: Footprint model 'polygon' loaded for trajectory optimization.
[INFO] [1783928847.592255851, 1677.148000000]: Footprint model 'polygon' loaded for trajectory optimization.
[INFO] [1783928848.192023216, 1677.744000000]: Footprint model 'polygon' loaded for trajectory optimization.
[INFO] [1783928848.793348354, 1678.346000000]: Footprint model 'polygon' loaded for trajectory optimization.
[INFO] [1783928851.873053720, 1681.420000000]: GOAL Reached!
[INFO] [1783928852.024357520, 1681.570000000]: Footprint model 'polygon' loaded for trajectory optimization.
[INFO] [1783928852.894940003, 1682.440000000]: Footprint model 'polygon' loaded for trajectory optimization.
[INFO] [1783928853.546502305, 1683.090000000]: Footprint model 'polygon' loaded for trajectory optimization.
[INFO] [1783928854.147150116, 1683.692000000]: Footprint model 'polygon' loaded for trajectory optimization.
[INFO] [1783928854.795431939, 1684.338000000]: Footprint model 'polygon' loaded for trajectory optimization.
[INFO] [1783928856.530058371, 1686.068000000]: GOAL Reached!
[INFO] [1783928856.661237824, 1686.200000000]: Footprint model 'polygon' loaded for trajectory optimization.
[INFO] [1783928857.543652964, 1687.080000000]: Footprint model 'polygon' loaded for trajectory optimization.
[INFO] [1783928858.184490290, 1687.720000000]: Footprint model 'polygon' loaded for trajectory optimization.
[INFO] [1783928858.787432537, 1688.322000000]: Footprint model 'polygon' loaded for trajectory optimization.
[INFO] [1783928859.440664447, 1688.974000000]: Footprint model 'polygon' loaded for trajectory optimization.
[INFO] [1783928860.088736190, 1689.620000000]: Footprint model 'polygon' loaded for trajectory optimization.
[INFO] [1783928862.169645316, 1691.696000000]: GOAL Reached!
[INFO] [1783928862.304529245, 1691.830000000]: Footprint model 'polygon' loaded for trajectory optimization.
[INFO] [1783928863.191786834, 1692.716000000]: Footprint model 'polygon' loaded for trajectory optimization.
[INFO] [1783928863.888996515, 1693.412000000]: Footprint model 'polygon' loaded for trajectory optimization.
[INFO] [1783928864.579098350, 1694.102000000]: Footprint model 'polygon' loaded for trajectory optimization.
[INFO] [1783928865.237818607, 1694.758000000]: Footprint model 'polygon' loaded for trajectory optimization.
[INFO] [1783928865.887541412, 1695.406000000]: Footprint model 'polygon' loaded for trajectory optimization.
[INFO] [1783928868.917436321, 1698.430000000]: GOAL Reached!
[INFO] [1783928869.071979953, 1698.584000000]: Footprint model 'polygon' loaded for trajectory optimization.
[INFO] [1783928869.967764428, 1699.482000000]: Footprint model 'polygon' loaded for trajectory optimization.
[INFO] [1783928870.654476567, 1700.170000000]: Footprint model 'polygon' loaded for trajectory optimization.
[INFO] [1783928871.302537764, 1700.812000000]: Footprint model 'polygon' loaded for trajectory optimization.
[INFO] [1783928871.901661518, 1701.410000000]: Footprint model 'polygon' loaded for trajectory optimization.
[INFO] [1783928872.502256390, 1702.012000000]: Footprint model 'polygon' loaded for trajectory optimization.
[INFO] [1783928873.102730130, 1702.610000000]: Footprint model 'polygon' loaded for trajectory optimization.
[INFO] [1783928878.187555198, 1707.684000000]: GOAL Reached!
[INFO] [1783928878.333791503, 1707.830000000]: Footprint model 'polygon' loaded for trajectory optimization.
[INFO] [1783928879.223903690, 1708.718000000]: Footprint model 'polygon' loaded for trajectory optimization.
[INFO] [1783928879.772969446, 1709.268000000]: Footprint model 'polygon' loaded for trajectory optimization.
[INFO] [1783928880.422386222, 1709.914000000]: Footprint model 'polygon' loaded for trajectory optimization.
[INFO] [1783928880.976121823, 1710.468000000]: Footprint model 'polygon' loaded for trajectory optimization.
[INFO] [1783928881.573920769, 1711.064000000]: Footprint model 'polygon' loaded for trajectory optimization.
[INFO] [1783928882.224993110, 1711.716000000]: Footprint model 'polygon' loaded for trajectory optimization.
[INFO] [1783928885.453885353, 1714.938000000]: GOAL Reached!
[INFO] [1783928885.612441802, 1715.098000000]: Footprint model 'polygon' loaded for trajectory optimization.
[INFO] [1783928886.496360295, 1715.978000000]: Footprint model 'polygon' loaded for trajectory optimization.
[INFO] [1783928887.192179706, 1716.672000000]: Footprint model 'polygon' loaded for trajectory optimization.
[INFO] [1783928887.839872547, 1717.320000000]: Footprint model 'polygon' loaded for trajectory optimization.
[INFO] [1783928888.443519037, 1717.922000000]: Footprint model 'polygon' loaded for trajectory optimization.
[INFO] [1783928890.021818385, 1719.498000000]: GOAL Reached!
[INFO] [1783928890.171454521, 1719.648000000]: Footprint model 'polygon' loaded for trajectory optimization.
[INFO] [1783928891.042416818, 1720.516000000]: Footprint model 'polygon' loaded for trajectory optimization.
[INFO] [1783928891.599740821, 1721.076000000]: Footprint model 'polygon' loaded for trajectory optimization.
[INFO] [1783928892.201129335, 1721.674000000]: Footprint model 'polygon' loaded for trajectory optimization.
[INFO] [1783928892.849778165, 1722.320000000]: Footprint model 'polygon' loaded for trajectory optimization.
[INFO] [1783928893.500094455, 1722.970000000]: Footprint model 'polygon' loaded for trajectory optimization.
[INFO] [1783928895.181819672, 1724.648000000]: GOAL Reached!
[INFO] [1783928895.331290856, 1724.798000000]: Footprint model 'polygon' loaded for trajectory optimization.
[INFO] [1783928896.216615524, 1725.680000000]: Footprint model 'polygon' loaded for trajectory optimization.
[INFO] [1783928896.856646862, 1726.318000000]: Footprint model 'polygon' loaded for trajectory optimization.
[INFO] [1783928897.505602236, 1726.966000000]: Footprint model 'polygon' loaded for trajectory optimization.
[INFO] [1783928898.201565177, 1727.662000000]: Footprint model 'polygon' loaded for trajectory optimization.
[INFO] [1783928898.858879081, 1728.318000000]: Footprint model 'polygon' loaded for trajectory optimization.
[INFO] [1783928901.235196012, 1730.690000000]: GOAL Reached!
[INFO] [1783928901.383193658, 1730.838000000]: Footprint model 'polygon' loaded for trajectory optimization.
[INFO] [1783928902.292135572, 1731.744000000]: Footprint model 'polygon' loaded for trajectory optimization.
[INFO] [1783928902.983145560, 1732.436000000]: Footprint model 'polygon' loaded for trajectory optimization.
[INFO] [1783928903.529417064, 1732.980000000]: Footprint model 'polygon' loaded for trajectory optimization.
[INFO] [1783928904.184429065, 1733.634000000]: Footprint model 'polygon' loaded for trajectory optimization.
[INFO] [1783928904.834001167, 1734.280000000]: Footprint model 'polygon' loaded for trajectory optimization.
[INFO] [1783928905.432144706, 1734.878000000]: Footprint model 'polygon' loaded for trajectory optimization.
[INFO] [1783928906.032510720, 1735.478000000]: Footprint model 'polygon' loaded for trajectory optimization.
[INFO] [1783928906.635270105, 1736.080000000]: Footprint model 'polygon' loaded for trajectory optimization.
[INFO] [1783928912.615799632, 1742.050000000]: GOAL Reached!
[INFO] [1783928912.752948537, 1742.186000000]: Footprint model 'polygon' loaded for trajectory optimization.
[INFO] [1783928913.645822818, 1743.078000000]: Footprint model 'polygon' loaded for trajectory optimization.
[INFO] [1783928914.288903581, 1743.720000000]: Footprint model 'polygon' loaded for trajectory optimization.
[INFO] [1783928914.941765856, 1744.370000000]: Footprint model 'polygon' loaded for trajectory optimization.
[INFO] [1783928915.541930051, 1744.968000000]: Footprint model 'polygon' loaded for trajectory optimization.
[INFO] [1783928916.139698935, 1745.566000000]: Footprint model 'polygon' loaded for trajectory optimization.
[INFO] [1783928916.695014953, 1746.120000000]: Footprint model 'polygon' loaded for trajectory optimization.
[INFO] [1783928919.773925301, 1749.194000000]: GOAL Reached!
[INFO] [1783928919.930791165, 1749.350000000]: Footprint model 'polygon' loaded for trajectory optimization.
[INFO] [1783928920.823479810, 1750.240000000]: Footprint model 'polygon' loaded for trajectory optimization.
[INFO] [1783928921.369814854, 1750.786000000]: Footprint model 'polygon' loaded for trajectory optimization.
[INFO] [1783928921.972106226, 1751.388000000]: Footprint model 'polygon' loaded for trajectory optimization.
[INFO] [1783928922.574561295, 1751.990000000]: Footprint model 'polygon' loaded for trajectory optimization.
[INFO] [1783928924.553286413, 1753.964000000]: GOAL Reached!
[INFO] [1783928924.697304224, 1754.110000000]: Footprint model 'polygon' loaded for trajectory optimization.
[INFO] [1783928925.631803875, 1755.040000000]: Footprint model 'polygon' loaded for trajectory optimization.
[INFO] [1783928926.278838983, 1755.684000000]: Footprint model 'polygon' loaded for trajectory optimization.
[INFO] [1783928926.828649189, 1756.234000000]: Footprint model 'polygon' loaded for trajectory optimization.
[INFO] [1783928927.480721170, 1756.886000000]: Footprint model 'polygon' loaded for trajectory optimization.
[INFO] [1783928928.079345029, 1757.484000000]: Footprint model 'polygon' loaded for trajectory optimization.
[INFO] [1783928930.011207108, 1759.412000000]: GOAL Reached!
[INFO] [1783928930.163562833, 1759.564000000]: Footprint model 'polygon' loaded for trajectory optimization.
[INFO] [1783928931.081381219, 1760.480000000]: Footprint model 'polygon' loaded for trajectory optimization.
[INFO] [1783928931.697904046, 1761.094000000]: Footprint model 'polygon' loaded for trajectory optimization.
[INFO] [1783928932.348366577, 1761.744000000]: Footprint model 'polygon' loaded for trajectory optimization.
[INFO] [1783928932.943018758, 1762.340000000]: Footprint model 'polygon' loaded for trajectory optimization.
[INFO] [1783928933.546353896, 1762.940000000]: Footprint model 'polygon' loaded for trajectory optimization.
[INFO] [1783928935.879784253, 1765.270000000]: GOAL Reached!
[INFO] [1783928936.015478568, 1765.406000000]: Footprint model 'polygon' loaded for trajectory optimization.
[INFO] [1783928936.908405098, 1766.296000000]: Footprint model 'polygon' loaded for trajectory optimization.
[INFO] [1783928937.500774144, 1766.888000000]: Footprint model 'polygon' loaded for trajectory optimization.
[INFO] [1783928938.058591472, 1767.442000000]: Footprint model 'polygon' loaded for trajectory optimization.
[INFO] [1783928938.650998821, 1768.036000000]: Footprint model 'polygon' loaded for trajectory optimization.
[INFO] [1783928939.255750256, 1768.638000000]: Footprint model 'polygon' loaded for trajectory optimization.
[INFO] [1783928939.903494922, 1769.286000000]: Footprint model 'polygon' loaded for trajectory optimization.
[INFO] [1783928946.439972304, 1775.808000000]: GOAL Reached!
[INFO] [1783928946.589235072, 1775.958000000]: Footprint model 'polygon' loaded for trajectory optimization.
[INFO] [1783928947.468503865, 1776.836000000]: Footprint model 'polygon' loaded for trajectory optimization.
[INFO] [1783928948.020258142, 1777.388000000]: Footprint model 'polygon' loaded for trajectory optimization.
[INFO] [1783928948.677781643, 1778.042000000]: Footprint model 'polygon' loaded for trajectory optimization.
[INFO] [1783928949.324142720, 1778.688000000]: Footprint model 'polygon' loaded for trajectory optimization.
[INFO] [1783928949.973752131, 1779.336000000]: Footprint model 'polygon' loaded for trajectory optimization.
[INFO] [1783928950.673389026, 1780.036000000]: Footprint model 'polygon' loaded for trajectory optimization.
[INFO] [1783928953.801632825, 1783.158000000]: GOAL Reached!
[INFO] [1783928953.962005936, 1783.318000000]: Footprint model 'polygon' loaded for trajectory optimization.
[INFO] [1783928954.839745633, 1784.194000000]: Footprint model 'polygon' loaded for trajectory optimization.
[INFO] [1783928955.447437621, 1784.800000000]: Footprint model 'polygon' loaded for trajectory optimization.
[INFO] [1783928956.044989597, 1785.396000000]: Footprint model 'polygon' loaded for trajectory optimization.
[INFO] [1783928956.598137212, 1785.948000000]: Footprint model 'polygon' loaded for trajectory optimization.
[INFO] [1783928958.577607616, 1787.924000000]: GOAL Reached!
[INFO] [1783928958.724833788, 1788.072000000]: Footprint model 'polygon' loaded for trajectory optimization.
[INFO] [1783928959.610523006, 1788.954000000]: Footprint model 'polygon' loaded for trajectory optimization.
[INFO] [1783928960.252064787, 1789.594000000]: Footprint model 'polygon' loaded for trajectory optimization.
[INFO] [1783928960.852435347, 1790.194000000]: Footprint model 'polygon' loaded for trajectory optimization.
[INFO] [1783928961.497790406, 1790.840000000]: Footprint model 'polygon' loaded for trajectory optimization.
[INFO] [1783928962.050643460, 1791.394000000]: Footprint model 'polygon' loaded for trajectory optimization.
[INFO] [1783928964.034832630, 1793.372000000]: GOAL Reached!
[INFO] [1783928964.180751129, 1793.518000000]: Footprint model 'polygon' loaded for trajectory optimization.
[INFO] [1783928965.065531429, 1794.400000000]: Footprint model 'polygon' loaded for trajectory optimization.
[INFO] [1783928965.697481740, 1795.032000000]: Footprint model 'polygon' loaded for trajectory optimization.
[INFO] [1783928966.349368298, 1795.682000000]: Footprint model 'polygon' loaded for trajectory optimization.
[INFO] [1783928966.942791877, 1796.276000000]: Footprint model 'polygon' loaded for trajectory optimization.
[INFO] [1783928967.548198614, 1796.878000000]: Footprint model 'polygon' loaded for trajectory optimization.
[INFO] [1783928970.077852485, 1799.406000000]: GOAL Reached!
[INFO] [1783928970.228550662, 1799.556000000]: Footprint model 'polygon' loaded for trajectory optimization.
[INFO] [1783928971.138061409, 1800.462000000]: Footprint model 'polygon' loaded for trajectory optimization.
[INFO] [1783928971.781444828, 1801.104000000]: Footprint model 'polygon' loaded for trajectory optimization.
[INFO] [1783928972.374499788, 1801.696000000]: Footprint model 'polygon' loaded for trajectory optimization.
[INFO] [1783928973.019309777, 1802.342000000]: Footprint model 'polygon' loaded for trajectory optimization.
[INFO] [1783928973.674094076, 1802.992000000]: Footprint model 'polygon' loaded for trajectory optimization.
[INFO] [1783928974.323940965, 1803.642000000]: Footprint model 'polygon' loaded for trajectory optimization.
[INFO] [1783928980.453624592, 1809.764000000]: GOAL Reached!
[INFO] [1783928980.598019698, 1809.906000000]: Footprint model 'polygon' loaded for trajectory optimization.
[INFO] [1783928981.493803885, 1810.798000000]: Footprint model 'polygon' loaded for trajectory optimization.
[INFO] [1783928982.044434868, 1811.348000000]: Footprint model 'polygon' loaded for trajectory optimization.
[INFO] [1783928982.647140896, 1811.950000000]: Footprint model 'polygon' loaded for trajectory optimization.
[INFO] [1783928983.244927465, 1812.548000000]: Footprint model 'polygon' loaded for trajectory optimization.
[INFO] [1783928983.842106665, 1813.142000000]: Footprint model 'polygon' loaded for trajectory optimization.
[INFO] [1783928984.497063290, 1813.798000000]: Footprint model 'polygon' loaded for trajectory optimization.
[INFO] [1783928987.627485578, 1816.920000000]: GOAL Reached!
[INFO] [1783928987.779997435, 1817.072000000]: Footprint model 'polygon' loaded for trajectory optimization.
[INFO] [1783928988.667954858, 1817.960000000]: Footprint model 'polygon' loaded for trajectory optimization.
[INFO] [1783928989.315933835, 1818.606000000]: Footprint model 'polygon' loaded for trajectory optimization.
[INFO] [1783928989.964100430, 1819.254000000]: Footprint model 'polygon' loaded for trajectory optimization.
[INFO] [1783928990.663842703, 1819.952000000]: Footprint model 'polygon' loaded for trajectory optimization.
[INFO] [1783928992.295480528, 1821.580000000]: GOAL Reached!
[INFO] [1783928992.448169412, 1821.734000000]: Footprint model 'polygon' loaded for trajectory optimization.
[INFO] [1783928993.322456030, 1822.606000000]: Footprint model 'polygon' loaded for trajectory optimization.
[INFO] [1783928993.968061913, 1823.250000000]: Footprint model 'polygon' loaded for trajectory optimization.
[INFO] [1783928994.570290255, 1823.852000000]: Footprint model 'polygon' loaded for trajectory optimization.
[INFO] [1783928995.169183189, 1824.450000000]: Footprint model 'polygon' loaded for trajectory optimization.
[INFO] [1783928995.822682047, 1825.100000000]: Footprint model 'polygon' loaded for trajectory optimization.
[INFO] [1783928998.349526453, 1827.626000000]: GOAL Reached!
[INFO] [1783928998.477099140, 1827.752000000]: Footprint model 'polygon' loaded for trajectory optimization.
[INFO] [1783928999.363511488, 1828.638000000]: Footprint model 'polygon' loaded for trajectory optimization.
[INFO] [1783929000.054476626, 1829.328000000]: Footprint model 'polygon' loaded for trajectory optimization.
[INFO] [1783929000.647752360, 1829.920000000]: Footprint model 'polygon' loaded for trajectory optimization.
[INFO] [1783929001.200234762, 1830.470000000]: Footprint model 'polygon' loaded for trajectory optimization.
[INFO] [1783929001.806077538, 1831.074000000]: Footprint model 'polygon' loaded for trajectory optimization.
[INFO] [1783929004.385237662, 1833.650000000]: GOAL Reached!
[INFO] [1783929004.535591320, 1833.800000000]: Footprint model 'polygon' loaded for trajectory optimization.
[INFO] [1783929005.434316387, 1834.700000000]: Footprint model 'polygon' loaded for trajectory optimization.
[INFO] [1783929006.077482423, 1835.340000000]: Footprint model 'polygon' loaded for trajectory optimization.
[INFO] [1783929006.673787025, 1835.936000000]: Footprint model 'polygon' loaded for trajectory optimization.
[INFO] [1783929007.273770903, 1836.534000000]: Footprint model 'polygon' loaded for trajectory optimization.
[INFO] [1783929007.915037946, 1837.174000000]: Footprint model 'polygon' loaded for trajectory optimization.
[INFO] [1783929008.518293743, 1837.776000000]: Footprint model 'polygon' loaded for trajectory optimization.
[INFO] [1783929014.455707578, 1843.702000000]: GOAL Reached!
[INFO] [1783929014.612436887, 1843.858000000]: Footprint model 'polygon' loaded for trajectory optimization.
[INFO] [1783929015.496126017, 1844.744000000]: Footprint model 'polygon' loaded for trajectory optimization.
[INFO] [1783929016.142943448, 1845.388000000]: Footprint model 'polygon' loaded for trajectory optimization.
[INFO] [1783929016.738540546, 1845.986000000]: Footprint model 'polygon' loaded for trajectory optimization.
[INFO] [1783929017.387132237, 1846.634000000]: Footprint model 'polygon' loaded for trajectory optimization.
[INFO] [1783929017.986093124, 1847.228000000]: Footprint model 'polygon' loaded for trajectory optimization.
[INFO] [1783929018.590232822, 1847.830000000]: Footprint model 'polygon' loaded for trajectory optimization.
[INFO] [1783929021.621269494, 1850.858000000]: GOAL Reached!
[INFO] [1783929021.761259221, 1850.998000000]: Footprint model 'polygon' loaded for trajectory optimization.
[INFO] [1783929022.643472476, 1851.878000000]: Footprint model 'polygon' loaded for trajectory optimization.
[INFO] [1783929023.194910482, 1852.428000000]: Footprint model 'polygon' loaded for trajectory optimization.
[INFO] [1783929023.837957278, 1853.074000000]: Footprint model 'polygon' loaded for trajectory optimization.
[INFO] [1783929024.446259656, 1853.676000000]: Footprint model 'polygon' loaded for trajectory optimization.
[INFO] [1783929026.376887842, 1855.604000000]: GOAL Reached!
[INFO] [1783929026.521242925, 1855.748000000]: Footprint model 'polygon' loaded for trajectory optimization.
[INFO] [1783929027.392261683, 1856.616000000]: Footprint model 'polygon' loaded for trajectory optimization.
[INFO] [1783929027.952399685, 1857.176000000]: Footprint model 'polygon' loaded for trajectory optimization.
[INFO] [1783929028.545393807, 1857.768000000]: Footprint model 'polygon' loaded for trajectory optimization.
[INFO] [1783929029.191942735, 1858.414000000]: Footprint model 'polygon' loaded for trajectory optimization.
[INFO] [1783929029.744992038, 1858.968000000]: Footprint model 'polygon' loaded for trajectory optimization.
[INFO] [1783929031.528062228, 1860.744000000]: GOAL Reached!
[INFO] [1783929031.680384008, 1860.896000000]: Footprint model 'polygon' loaded for trajectory optimization.
[INFO] [1783929032.566183953, 1861.782000000]: Footprint model 'polygon' loaded for trajectory optimization.
[INFO] [1783929033.255021529, 1862.470000000]: Footprint model 'polygon' loaded for trajectory optimization.
[INFO] [1783929033.952416189, 1863.168000000]: Footprint model 'polygon' loaded for trajectory optimization.
[INFO] [1783929034.602805535, 1863.818000000]: Footprint model 'polygon' loaded for trajectory optimization.
[INFO] [1783929035.254030955, 1864.464000000]: Footprint model 'polygon' loaded for trajectory optimization.
[INFO] [1783929037.685765725, 1866.892000000]: GOAL Reached!
[INFO] [1783929037.843438030, 1867.050000000]: Footprint model 'polygon' loaded for trajectory optimization.
[INFO] [1783929038.736947741, 1867.942000000]: Footprint model 'polygon' loaded for trajectory optimization.
[INFO] [1783929039.384537437, 1868.586000000]: Footprint model 'polygon' loaded for trajectory optimization.
[INFO] [1783929039.986217427, 1869.188000000]: Footprint model 'polygon' loaded for trajectory optimization.
[INFO] [1783929040.629119490, 1869.830000000]: Footprint model 'polygon' loaded for trajectory optimization.
[INFO] [1783929041.227835172, 1870.428000000]: Footprint model 'polygon' loaded for trajectory optimization.
[INFO] [1783929042.214149448, 1871.412000000]: Footprint model 'polygon' loaded for trajectory optimization.
[INFO] [1783929043.092710704, 1872.288000000]: Footprint model 'polygon' loaded for trajectory optimization.
[INFO] [1783929043.686908941, 1872.880000000]: Footprint model 'polygon' loaded for trajectory optimization.
[INFO] [1783929044.284541944, 1873.476000000]: Footprint model 'polygon' loaded for trajectory optimization.
[INFO] [1783929044.884431058, 1874.076000000]: Footprint model 'polygon' loaded for trajectory optimization.
[INFO] [1783929045.485815128, 1874.676000000]: Footprint model 'polygon' loaded for trajectory optimization.
[INFO] [1783929047.127534713, 1876.316000000]: GOAL Reached!
[INFO] [1783929047.291907217, 1876.480000000]: Footprint model 'polygon' loaded for trajectory optimization.
[INFO] [1783929048.160066430, 1877.346000000]: Footprint model 'polygon' loaded for trajectory optimization.
[INFO] [1783929048.768310345, 1877.954000000]: Footprint model 'polygon' loaded for trajectory optimization.
[INFO] [1783929049.411025971, 1878.598000000]: Footprint model 'polygon' loaded for trajectory optimization.
[INFO] [1783929050.015122804, 1879.198000000]: Footprint model 'polygon' loaded for trajectory optimization.
[INFO] [1783929050.664545377, 1879.846000000]: Footprint model 'polygon' loaded for trajectory optimization.
[INFO] [1783929051.266194296, 1880.446000000]: Footprint model 'polygon' loaded for trajectory optimization.
[INFO] [1783929056.309088065, 1885.480000000]: GOAL Reached!
[INFO] [1783929056.455459010, 1885.626000000]: Footprint model 'polygon' loaded for trajectory optimization.
[INFO] [1783929057.320232239, 1886.488000000]: Footprint model 'polygon' loaded for trajectory optimization.
[INFO] [1783929057.875037385, 1887.044000000]: Footprint model 'polygon' loaded for trajectory optimization.
[INFO] [1783929058.476471651, 1887.642000000]: Footprint model 'polygon' loaded for trajectory optimization.
[INFO] [1783929059.122558414, 1888.290000000]: Footprint model 'polygon' loaded for trajectory optimization.
[INFO] [1783929059.776118624, 1888.944000000]: Footprint model 'polygon' loaded for trajectory optimization.
[INFO] [1783929060.396043641, 1889.560000000]: Footprint model 'polygon' loaded for trajectory optimization.
[INFO] [1783929063.565583362, 1892.724000000]: GOAL Reached!
[INFO] [1783929063.719416316, 1892.878000000]: Footprint model 'polygon' loaded for trajectory optimization.
[INFO] [1783929064.778232104, 1893.934000000]: Footprint model 'polygon' loaded for trajectory optimization.
[INFO] [1783929065.650875847, 1894.806000000]: Footprint model 'polygon' loaded for trajectory optimization.
[INFO] [1783929066.264759197, 1895.420000000]: Footprint model 'polygon' loaded for trajectory optimization.
[INFO] [1783929066.961810778, 1896.114000000]: Footprint model 'polygon' loaded for trajectory optimization.
[INFO] [1783929067.498587294, 1896.652000000]: Footprint model 'polygon' loaded for trajectory optimization.
[INFO] [1783929068.109610241, 1897.260000000]: Footprint model 'polygon' loaded for trajectory optimization.
[INFO] [1783929068.707547322, 1897.856000000]: Footprint model 'polygon' loaded for trajectory optimization.
[INFO] [1783929075.000027013, 1904.138000000]: GOAL Reached!
[INFO] [1783929075.145994121, 1904.284000000]: Footprint model 'polygon' loaded for trajectory optimization.
[INFO] [1783929076.033615981, 1905.170000000]: Footprint model 'polygon' loaded for trajectory optimization.
[INFO] [1783929076.619993891, 1905.754000000]: Footprint model 'polygon' loaded for trajectory optimization.
[INFO] [1783929077.224029684, 1906.358000000]: Footprint model 'polygon' loaded for trajectory optimization.
[INFO] [1783929077.770620696, 1906.904000000]: Footprint model 'polygon' loaded for trajectory optimization.
[INFO] [1783929078.423002356, 1907.556000000]: Footprint model 'polygon' loaded for trajectory optimization.
[INFO] [1783929079.027251738, 1908.158000000]: Footprint model 'polygon' loaded for trajectory optimization.
[INFO] [1783929082.264102803, 1911.390000000]: GOAL Reached!
[INFO] [1783929082.402218927, 1911.528000000]: Footprint model 'polygon' loaded for trajectory optimization.
[INFO] [1783929083.266642441, 1912.388000000]: Footprint model 'polygon' loaded for trajectory optimization.
[INFO] [1783929083.860088304, 1912.986000000]: Footprint model 'polygon' loaded for trajectory optimization.
[INFO] [1783929084.563553995, 1913.686000000]: Footprint model 'polygon' loaded for trajectory optimization.
[INFO] [1783929085.113152951, 1914.234000000]: Footprint model 'polygon' loaded for trajectory optimization.
[INFO] [1783929085.764275599, 1914.882000000]: Footprint model 'polygon' loaded for trajectory optimization.
[INFO] [1783929087.303941977, 1916.422000000]: GOAL Reached!
[INFO] [1783929087.463039840, 1916.582000000]: Footprint model 'polygon' loaded for trajectory optimization.
[INFO] [1783929088.537494181, 1917.652000000]: Footprint model 'polygon' loaded for trajectory optimization.
[INFO] [1783929089.414828200, 1918.528000000]: Footprint model 'polygon' loaded for trajectory optimization.
[INFO] [1783929089.953456792, 1919.066000000]: Footprint model 'polygon' loaded for trajectory optimization.
[INFO] [1783929090.549539206, 1919.660000000]: Footprint model 'polygon' loaded for trajectory optimization.
[INFO] [1783929091.202773554, 1920.312000000]: Footprint model 'polygon' loaded for trajectory optimization.
[INFO] [1783929091.799593266, 1920.908000000]: Footprint model 'polygon' loaded for trajectory optimization.
[INFO] [1783929093.544336717, 1922.650000000]: GOAL Reached!
[INFO] [1783929093.698449700, 1922.802000000]: Footprint model 'polygon' loaded for trajectory optimization.
[INFO] [1783929094.565770436, 1923.668000000]: Footprint model 'polygon' loaded for trajectory optimization.
[INFO] [1783929095.115646124, 1924.218000000]: Footprint model 'polygon' loaded for trajectory optimization.
[INFO] [1783929095.716140332, 1924.816000000]: Footprint model 'polygon' loaded for trajectory optimization.
[INFO] [1783929096.367438867, 1925.468000000]: Footprint model 'polygon' loaded for trajectory optimization.
[INFO] [1783929096.915594064, 1926.014000000]: Footprint model 'polygon' loaded for trajectory optimization.
[INFO] [1783929100.809513926, 1929.902000000]: GOAL Reached!
[INFO] [1783929100.973354845, 1930.066000000]: Footprint model 'polygon' loaded for trajectory optimization.
[INFO] [1783929101.837754015, 1930.928000000]: Footprint model 'polygon' loaded for trajectory optimization.
[INFO] [1783929102.391276729, 1931.480000000]: Footprint model 'polygon' loaded for trajectory optimization.
[INFO] [1783929103.035354372, 1932.124000000]: Footprint model 'polygon' loaded for trajectory optimization.
[INFO] [1783929103.637905726, 1932.726000000]: Footprint model 'polygon' loaded for trajectory optimization.
[INFO] [1783929104.189485078, 1933.276000000]: Footprint model 'polygon' loaded for trajectory optimization.
[INFO] [1783929104.788793260, 1933.876000000]: Footprint model 'polygon' loaded for trajectory optimization.
[INFO] [1783929110.383843113, 1939.460000000]: GOAL Reached!
[INFO] [1783929110.524825946, 1939.600000000]: Footprint model 'polygon' loaded for trajectory optimization.
[INFO] [1783929111.394406245, 1940.468000000]: Footprint model 'polygon' loaded for trajectory optimization.
[INFO] [1783929112.002119433, 1941.074000000]: Footprint model 'polygon' loaded for trajectory optimization.
[INFO] [1783929112.693856492, 1941.766000000]: Footprint model 'polygon' loaded for trajectory optimization.
[INFO] [1783929113.247973612, 1942.318000000]: Footprint model 'polygon' loaded for trajectory optimization.
[INFO] [1783929113.848387224, 1942.916000000]: Footprint model 'polygon' loaded for trajectory optimization.
[INFO] [1783929114.448682354, 1943.516000000]: Footprint model 'polygon' loaded for trajectory optimization.
[INFO] [1783929118.437860598, 1947.500000000]: GOAL Reached!
[INFO] [1783929118.588286085, 1947.648000000]: Footprint model 'polygon' loaded for trajectory optimization.
[INFO] [1783929119.448154598, 1948.506000000]: Footprint model 'polygon' loaded for trajectory optimization.
[INFO] [1783929120.003676319, 1949.066000000]: Footprint model 'polygon' loaded for trajectory optimization.
[INFO] [1783929120.607453567, 1949.664000000]: Footprint model 'polygon' loaded for trajectory optimization.
[INFO] [1783929121.205411803, 1950.262000000]: Footprint model 'polygon' loaded for trajectory optimization.
[INFO] [1783929121.806062810, 1950.860000000]: Footprint model 'polygon' loaded for trajectory optimization.
[INFO] [1783929124.255596016, 1953.306000000]: Footprint model 'polygon' loaded for trajectory optimization.
[INFO] [1783929127.302059032, 1956.346000000]: GOAL Reached!
[INFO] [1783929127.449957773, 1956.494000000]: Footprint model 'polygon' loaded for trajectory optimization.
[INFO] [1783929128.323333352, 1957.366000000]: Footprint model 'polygon' loaded for trajectory optimization.
[INFO] [1783929128.872112964, 1957.914000000]: Footprint model 'polygon' loaded for trajectory optimization.
[INFO] [1783929129.475752458, 1958.516000000]: Footprint model 'polygon' loaded for trajectory optimization.
[INFO] [1783929130.075402809, 1959.116000000]: Footprint model 'polygon' loaded for trajectory optimization.
[INFO] [1783929130.725741061, 1959.766000000]: Footprint model 'polygon' loaded for trajectory optimization.
[INFO] [1783929131.326734058, 1960.364000000]: Footprint model 'polygon' loaded for trajectory optimization.
[INFO] [1783929136.673025765, 1965.700000000]: GOAL Reached!
[INFO] [1783929136.823084538, 1965.850000000]: Footprint model 'polygon' loaded for trajectory optimization.
[INFO] [1783929137.705249584, 1966.730000000]: Footprint model 'polygon' loaded for trajectory optimization.
[INFO] [1783929138.247681006, 1967.272000000]: Footprint model 'polygon' loaded for trajectory optimization.
[INFO] [1783929138.894513865, 1967.920000000]: Footprint model 'polygon' loaded for trajectory optimization.
[INFO] [1783929139.496985768, 1968.520000000]: Footprint model 'polygon' loaded for trajectory optimization.
[INFO] [1783929140.097284079, 1969.120000000]: Footprint model 'polygon' loaded for trajectory optimization.
[INFO] [1783929140.647398044, 1969.668000000]: Footprint model 'polygon' loaded for trajectory optimization.
[INFO] [1783929144.439818422, 1973.452000000]: GOAL Reached!
[INFO] [1783929144.608189119, 1973.620000000]: Footprint model 'polygon' loaded for trajectory optimization.
[INFO] [1783929145.927237583, 1974.940000000]: Footprint model 'polygon' loaded for t[WARN] [1783929145.885239, 1974.898000]: training environment stop requested: adapter_close
schema_version: '1.0'
task: T12
status: passed
run_id: t12_residual_curriculum_fix_seed102
algorithm: RL-TEB-Eta-FullSafety
training_seed: 102
safety_mode: T12Safety
episode_count: 301
step_count: 2117
failure_count: 1
run_validation:
  valid: true
  run_id: t12_residual_curriculum_fix_seed102
  episode_count: 301
  step_count: 2117
  verified_checksum_count: 4
selected_checkpoint: /home/robot/robot_ws_base_rl/artifacts/t12/residual_curriculum_fix_pilot/runs/t12_residual_curriculum_fix_seed102/checkpoints/step_002000
evaluation_policy: checkpoint
selected_timesteps: 2000
passed: true
acceptance_override: true

[INFO] [1783927166.702731713]: Finished loading Gazebo ROS API Plugin.
[INFO] [1783927166.703505261]: waitForService: Service [/gazebo/set_physics_properties] has not been advertised, waiting...
[INFO] [1783927167.136477653, 0.014000000]: waitForService: Service [/gazebo/set_physics_properties] is now available.
[INFO] [1783927167.359657370, 0.178000000]: <initialOrientationAsReference> is unset, using default value of false to comply with REP 145 (world as orientation reference)
[INFO] [1783927167.359694666, 0.178000000]: <robotNamespace> set to: //
[INFO] [1783927167.359702320, 0.178000000]: <topicName> set to: imu/data
[INFO] [1783927167.359707441, 0.178000000]: <frameName> set to: imu_link
[INFO] [1783927167.359725991, 0.178000000]: <updateRateHZ> set to: 50
[INFO] [1783927167.359733682, 0.178000000]: <gaussianNoise> set to: 0
[INFO] [1783927167.359752124, 0.178000000]: <xyzOffset> set to: 0 0 0
[INFO] [1783927167.359767503, 0.178000000]: <rpyOffset> set to: 0 -0 0
[INFO] [1783927167.478528320, 0.178000000]: Physics dynamic reconfigure ready.
[INFO] [1783927167.478994528, 0.178000000]: Laser Plugin: Using the 'robotNamespace' param: '/'
[INFO] [1783927167.479015030, 0.178000000]: Starting Laser Plugin (ns = /)
[INFO] [1783927167.480050372, 0.178000000]: Laser Plugin (ns = /)  <tf_prefix_>, set to ""
[INFO] [1783927167.584644798, 0.178000000]: M2 simulation-only Ackermann interface loaded; cmd_angle_instead_rotvel=false
rajectory optimization.
[INFO] [1783929145.957153937, 1974.970000000]: Footprint model 'polygon' loaded for trajectory optimization.
[31mWARNING: disk usage in log directory [/home/robot/.ros/log] is over 1GB.
It's recommended that you use the 'rosclean' command.[0m
WARNING: Package name "gazebo_ros_2Dmap_plugin" does not follow the naming conventions. It should start with a lower case letter and only contain lower case letters, digits, underscores, and dashes.
WARNING: Package name "gazebo_ros_2Dmap_plugin" does not follow the naming conventions. It should start with a lower case letter and only contain lower case letters, digits, underscores, and dashes.
[31m================================================================================REQUIRED process [t11_formal_run-6] has died!
process has finished cleanly
log file: /home/robot/.ros/log/2d984070-7e8b-11f1-91bc-3382cc4c3ed1/t11_formal_run-6*.log
Initiating shutdown!
================================================================================[0m
[1mprocess[t11_formal_run-6]: started with pid [985536][0m
[1m[spawn_m2-3] process has finished cleanly
log file: /home/robot/.ros/log/2d984070-7e8b-11f1-91bc-3382cc4c3ed1/spawn_m2-3*.log[0m
[t11_formal_run-6] killing on exit
[move_base-5] killing on exit
[m2_robot_state_publisher-4] killing on exit
[gazebo-2] killing on exit
[rosout-1] killing on exit
[master] killing on exit
shutting down processing monitor...
... shutting down processing monitor complete
[1mdone[0m
