WARNING: Package name "gazebo_ros_2Dmap_plugin" does not follow the naming conventions. It should start with a lower case letter and only contain lower case letters, digits, underscores, and dashes.
xacro: in-order processing became default in ROS Melodic. You can drop the option.
... logging to /home/robot/.ros/log/90e2d226-7e86-11f1-91bc-3382cc4c3ed1/roslaunch-WP-962607.log
Checking log directory for disk usage. This may take a while.
Press Ctrl-C to interrupt
]2;/home/robot/robot_ws_base_rl/src/tools/thesis_experiment/launch/t11_formal_run.launch
[1mstarted roslaunch server http://WP:39441/[0m

SUMMARY
========

PARAMETERS
 * /gazebo/enable_ros_network: True
 * /m2_gazebo/simulation_only: True
 * /m2_robot_state_publisher/publish_frequency: 30.0
 * /move_base/TebLocalPlannerROS/acc_lim_theta: 0.8
 * /move_base/TebLocalPlannerROS/acc_lim_x: 0.8
 * /move_base/TebLocalPlannerROS/allow_init_with_backwards_motion: True
 * /move_base/TebLocalPlannerROS/cmd_angle_instead_rotvel: False
 * /move_base/TebLocalPlannerROS/costmap_obstacles_behind_robot_dist: 1.5
 * /move_base/TebLocalPlannerROS/dt_hysteresis: 0.1
 * /move_base/TebLocalPlannerROS/dt_ref: 0.3
 * /move_base/TebLocalPlannerROS/enable_homotopy_class_planning: False
 * /move_base/TebLocalPlannerROS/enable_multithreading: True
 * /move_base/TebLocalPlannerROS/feasibility_check_no_poses: 5
 * /move_base/TebLocalPlannerROS/footprint_model/type: polygon
 * /move_base/TebLocalPlannerROS/footprint_model/vertices: [[0.52, 0.35], [0...
 * /move_base/TebLocalPlannerROS/global_plan_overwrite_orientation: True
 * /move_base/TebLocalPlannerROS/include_costmap_obstacles: True
 * /move_base/TebLocalPlannerROS/inflation_dist: 0.55
 * /move_base/TebLocalPlannerROS/map_frame: odom
 * /move_base/TebLocalPlannerROS/max_global_plan_lookahead_dist: 8.0
 * /move_base/TebLocalPlannerROS/max_number_classes: 4
 * /move_base/TebLocalPlannerROS/max_samples: 500
 * /move_base/TebLocalPlannerROS/max_vel_theta: 1.0
 * /move_base/TebLocalPlannerROS/max_vel_x: 1.2
 * /move_base/TebLocalPlannerROS/max_vel_x_backwards: 0.6
 * /move_base/TebLocalPlannerROS/max_vel_y: 0.0
 * /move_base/TebLocalPlannerROS/min_obstacle_dist: 0.25
 * /move_base/TebLocalPlannerROS/min_turning_radius: 1.2
 * /move_base/TebLocalPlannerROS/obstacle_poses_affected: 15
 * /move_base/TebLocalPlannerROS/odom_topic: /odom
 * /move_base/TebLocalPlannerROS/teb_autosize: True
 * /move_base/TebLocalPlannerROS/weight_acc_lim_theta: 1.0
 * /move_base/TebLocalPlannerROS/weight_acc_lim_x: 1.0
 * /move_base/TebLocalPlannerROS/weight_adapt_factor: 2.0
 * /move_base/TebLocalPlannerROS/weight_inflation: 0.1
 * /move_base/TebLocalPlannerROS/weight_kinematics_forward_drive: 10.0
 * /move_base/TebLocalPlannerROS/weight_kinematics_nh: 1000.0
 * /move_base/TebLocalPlannerROS/weight_kinematics_turning_radius: 10.0
 * /move_base/TebLocalPlannerROS/weight_max_vel_theta: 1.0
 * /move_base/TebLocalPlannerROS/weight_max_vel_x: 2.0
 * /move_base/TebLocalPlannerROS/weight_obstacle: 50.0
 * /move_base/TebLocalPlannerROS/weight_optimaltime: 1.0
 * /move_base/TebLocalPlannerROS/weight_viapoint: 1.0
 * /move_base/TebLocalPlannerROS/wheelbase: 0.65
 * /move_base/base_global_planner: navfn/NavfnROS
 * /move_base/base_local_planner: teb_local_planner...
 * /move_base/clearing_rotation_allowed: False
 * /move_base/controller_frequency: 10.0
 * /move_base/controller_patience: 5.0
 * /move_base/global_costmap/footprint: [[0.52, 0.35], [0...
 * /move_base/global_costmap/footprint_padding: 0.05
 * /move_base/global_costmap/global_frame: odom
 * /move_base/global_costmap/height: 30.0
 * /move_base/global_costmap/inflation_layer/cost_scaling_factor: 4.0
 * /move_base/global_costmap/inflation_layer/enabled: True
 * /move_base/global_costmap/inflation_layer/inflation_radius: 0.55
 * /move_base/global_costmap/obstacle_layer/enabled: True
 * /move_base/global_costmap/obstacle_layer/observation_sources: scan
 * /move_base/global_costmap/obstacle_layer/scan/clearing: True
 * /move_base/global_costmap/obstacle_layer/scan/data_type: LaserScan
 * /move_base/global_costmap/obstacle_layer/scan/inf_is_valid: True
 * /move_base/global_costmap/obstacle_layer/scan/marking: True
 * /move_base/global_costmap/obstacle_layer/scan/obstacle_range: 12.0
 * /move_base/global_costmap/obstacle_layer/scan/raytrace_range: 15.0
 * /move_base/global_costmap/obstacle_layer/scan/sensor_frame: laser_link
 * /move_base/global_costmap/obstacle_layer/scan/topic: /scan
 * /move_base/global_costmap/plugins: [{'name': 'obstac...
 * /move_base/global_costmap/publish_frequency: 2.0
 * /move_base/global_costmap/resolution: 0.05
 * /move_base/global_costmap/robot_base_frame: base_link
 * /move_base/global_costmap/rolling_window: True
 * /move_base/global_costmap/transform_tolerance: 0.3
 * /move_base/global_costmap/update_frequency: 5.0
 * /move_base/global_costmap/width: 30.0
 * /move_base/local_costmap/footprint: [[0.52, 0.35], [0...
 * /move_base/local_costmap/footprint_padding: 0.05
 * /move_base/local_costmap/global_frame: odom
 * /move_base/local_costmap/height: 12.0
 * /move_base/local_costmap/inflation_layer/cost_scaling_factor: 4.0
 * /move_base/local_costmap/inflation_layer/enabled: True
 * /move_base/local_costmap/inflation_layer/inflation_radius: 0.55
 * /move_base/local_costmap/obstacle_layer/enabled: True
 * /move_base/local_costmap/obstacle_layer/observation_sources: scan
 * /move_base/local_costmap/obstacle_layer/scan/clearing: True
 * /move_base/local_costmap/obstacle_layer/scan/data_type: LaserScan
 * /move_base/local_costmap/obstacle_layer/scan/inf_is_valid: True
 * /move_base/local_costmap/obstacle_layer/scan/marking: True
 * /move_base/local_costmap/obstacle_layer/scan/obstacle_range: 12.0
 * /move_base/local_costmap/obstacle_layer/scan/raytrace_range: 15.0
 * /move_base/local_costmap/obstacle_layer/scan/sensor_frame: laser_link
 * /move_base/local_costmap/obstacle_layer/scan/topic: /scan
 * /move_base/local_costmap/plugins: [{'name': 'obstac...
 * /move_base/local_costmap/publish_frequency: 5.0
 * /move_base/local_costmap/resolution: 0.05
 * /move_base/local_costmap/robot_base_frame: base_link
 * /move_base/local_costmap/rolling_window: True
 * /move_base/local_costmap/transform_tolerance: 0.3
 * /move_base/local_costmap/update_frequency: 10.0
 * /move_base/local_costmap/width: 12.0
 * /move_base/oscillation_distance: 0.2
 * /move_base/oscillation_timeout: 10.0
 * /move_base/planner_frequency: 1.0
 * /move_base/planner_patience: 5.0
 * /move_base/recovery_behavior_enabled: False
 * /move_base/shutdown_costmaps: False
 * /robot_description: <?xml version="1....
 * /rosdistro: noetic
 * /rosversion: 1.17.4
 * /t11_formal_run/acceptance_eval_seed_limit: 1
 * /t11_formal_run/acceptance_timesteps: 2000
 * /t11_formal_run/algorithm: RL-TEB-Semantic-Eta
 * /t11_formal_run/checkpoint: 
 * /t11_formal_run/config: /home/robot/robot...
 * /t11_formal_run/evaluation_policy: checkpoint
 * /t11_formal_run/evaluation_seed_override: 0
 * /t11_formal_run/initialize_residual_anchor: False
 * /t11_formal_run/output_dir: /home/robot/robot...
 * /t11_formal_run/phase: train
 * /t11_formal_run/residual_config: /home/robot/robot...
 * /t11_formal_run/run_id: t12_residual_curr...
 * /t11_formal_run/safety_mode: T12Safety
 * /t11_formal_run/scene_manifest: 
 * /t11_formal_run/semantic_mode: residual_training
 * /t11_formal_run/t12_safety_config: /home/robot/robot...
 * /t11_formal_run/task: T12
 * /t11_formal_run/training_seed: 101
 * /t11_formal_run/zero_action_policy: False
 * /use_sim_time: True

NODES
  /
    gazebo (gazebo_ros/gzserver)
    m2_robot_state_publisher (robot_state_publisher/robot_state_publisher)
    move_base (move_base/move_base)
    spawn_m2 (gazebo_ros/spawn_model)
    t11_formal_run (thesis_experiment/t11_formal_run.py)

auto-starting new master
[1mprocess[master]: started with pid [962663][0m
[1mROS_MASTER_URI=http://localhost:11311[0m
]2;/home/robot/robot_ws_base_rl/src/tools/thesis_experiment/launch/t11_formal_run.launch http://localhost:11311
[1msetting /run_id to 90e2d226-7e86-11f1-91bc-3382cc4c3ed1[0m
[1mprocess[rosout-1]: started with pid [962696][0m
started core service [/rosout]
[1mprocess[gazebo-2]: started with pid [962704][0m
[1mprocess[spawn_m2-3]: started with pid [962707][0m
[1mprocess[m2_robot_state_publisher-4]: started with pid [962710][0m
[1mprocess[move_base-5]: started with pid [962711][0m
WARNING: Package name "gazebo_ros_2Dmap_plugin" does not follow the naming conventions. It should start with a lower case letter and only contain lower case letters, digits, underscores, and dashes.
WARNING: Package name "gazebo_ros_2Dmap_plugin" does not follow the naming conventions. It should start with a lower case letter and only contain lower case letters, digits, underscores, and dashes.
[INFO] [1783925185.648100, 0.000000]: Loading model XML from ros parameter robot_description
[INFO] [1783925185.651353, 0.000000]: Waiting for service /gazebo/spawn_urdf_model
[INFO] [1783925186.555957, 0.254000]: Calling service /gazebo/spawn_urdf_model
[INFO] [1783925186.853835, 0.374000]: Spawn status: SpawnModel: Successfully spawned entity
[INFO] [1783925187.184086785, 0.594000000]: global_costmap: Using plugin "obstacle_layer"
[INFO] [1783925187.186636486, 0.598000000]:     Subscribed to Topics: scan
[INFO] [1783925187.191351964, 0.602000000]: global_costmap: Using plugin "inflation_layer"
[INFO] [1783925187.204157193, 0.616000000]: local_costmap: Using plugin "obstacle_layer"
[INFO] [1783925187.204932191, 0.616000000]:     Subscribed to Topics: scan
[INFO] [1783925187.209096631, 0.620000000]: local_costmap: Using plugin "inflation_layer"
[INFO] [1783925187.220386627, 0.632000000]: Created local_planner teb_local_planner/TebLocalPlannerROS
[INFO] [1783925187.238226549, 0.650000000]: Footprint model 'polygon' loaded for trajectory optimization.
[INFO] [1783925187.238346677, 0.650000000]: Parallel planning in distinctive topologies disabled.
[INFO] [1783925187.238361354, 0.650000000]: No costmap conversion plugin specified. All occupied costmap cells are treaten as point obstacles.
[INFO] [1783925187.260340615, 0.672000000]: Footprint model 'polygon' loaded for trajectory optimization.
[INFO] [1783925187.417356227, 0.830000000]: Recovery behavior will clear layer 'obstacles'
[INFO] [1783925187.418364421, 0.830000000]: Recovery behavior will clear layer 'obstacles'
[INFO] [1783925187.427934249, 0.840000000]: odom received!
[INFO] [1783925189.295845828, 2.702000000]: Footprint model 'polygon' loaded for trajectory optimization.
[INFO] [1783925189.897266119, 3.302000000]: Footprint model 'polygon' loaded for trajectory optimization.
[INFO] [1783925190.589825901, 3.996000000]: Footprint model 'polygon' loaded for trajectory optimization.
[INFO] [1783925191.197235859, 4.600000000]: Footprint model 'polygon' loaded for trajectory optimization.
[INFO] [1783925192.839647253, 6.238000000]: GOAL Reached!
[INFO] [1783925192.995007406, 6.394000000]: Footprint model 'polygon' loaded for trajectory optimization.
[INFO] [1783925193.864964187, 7.262000000]: Footprint model 'polygon' loaded for trajectory optimization.
[INFO] [1783925194.407238093, 7.804000000]: Footprint model 'polygon' loaded for trajectory optimization.
[INFO] [1783925195.009404519, 8.404000000]: Footprint model 'polygon' loaded for trajectory optimization.
[INFO] [1783925195.655462602, 9.050000000]: Footprint model 'polygon' loaded for trajectory optimization.
[INFO] [1783925196.258381872, 9.650000000]: Footprint model 'polygon' loaded for trajectory optimization.
[INFO] [1783925198.001153716, 11.390000000]: GOAL Reached!
[INFO] [1783925198.133335931, 11.522000000]: Footprint model 'polygon' loaded for trajectory optimization.
[INFO] [1783925198.997453453, 12.384000000]: Footprint model 'polygon' loaded for trajectory optimization.
[INFO] [1783925199.549154991, 12.936000000]: Footprint model 'polygon' loaded for trajectory optimization.
[INFO] [1783925200.195953112, 13.582000000]: Footprint model 'polygon' loaded for trajectory optimization.
[INFO] [1783925200.797861451, 14.182000000]: Footprint model 'polygon' loaded for trajectory optimization.
[INFO] [1783925201.500232790, 14.882000000]: Footprint model 'polygon' loaded for trajectory optimization.
[INFO] [1783925203.039947233, 16.420000000]: GOAL Reached!
[INFO] [1783925203.189586400, 16.570000000]: Footprint model 'polygon' loaded for trajectory optimization.
[INFO] [1783925204.066698516, 17.444000000]: Footprint model 'polygon' loaded for trajectory optimization.
[INFO] [1783925204.652506094, 18.030000000]: Footprint model 'polygon' loaded for trajectory optimization.
[INFO] [1783925205.256378182, 18.632000000]: Footprint model 'polygon' loaded for trajectory optimization.
[INFO] [1783925205.860289841, 19.234000000]: Footprint model 'polygon' loaded for trajectory optimization.
[INFO] [1783925207.800962714, 21.172000000]: GOAL Reached!
[INFO] [1783925207.950731910, 21.320000000]: Footprint model 'polygon' loaded for trajectory optimization.
[INFO] [1783925208.814050717, 22.184000000]: Footprint model 'polygon' loaded for trajectory optimization.
[INFO] [1783925209.456986651, 22.824000000]: Footprint model 'polygon' loaded for trajectory optimization.
[INFO] [1783925210.054892822, 23.422000000]: Footprint model 'polygon' loaded for trajectory optimization.
[INFO] [1783925210.654325185, 24.020000000]: Footprint model 'polygon' loaded for trajectory optimization.
[INFO] [1783925211.257129126, 24.622000000]: Footprint model 'polygon' loaded for trajectory optimization.
[INFO] [1783925212.947590502, 26.310000000]: GOAL Reached!
[INFO] [1783925213.091859306, 26.454000000]: Footprint model 'polygon' loaded for trajectory optimization.
[INFO] [1783925213.962501604, 27.322000000]: Footprint model 'polygon' loaded for trajectory optimization.
[INFO] [1783925214.511176436, 27.870000000]: Footprint model 'polygon' loaded for trajectory optimization.
[INFO] [1783925215.165747819, 28.524000000]: Footprint model 'polygon' loaded for trajectory optimization.
[INFO] [1783925215.808527501, 29.166000000]: Footprint model 'polygon' loaded for trajectory optimization.
[INFO] [1783925216.407821425, 29.764000000]: Footprint model 'polygon' loaded for trajectory optimization.
[INFO] [1783925218.699902859, 32.052000000]: GOAL Reached!
[INFO] [1783925218.843548156, 32.196000000]: Footprint model 'polygon' loaded for trajectory optimization.
[INFO] [1783925219.712339589, 33.062000000]: Footprint model 'polygon' loaded for trajectory optimization.
[INFO] [1783925220.359688181, 33.708000000]: Footprint model 'polygon' loaded for trajectory optimization.
[INFO] [1783925221.008236377, 34.354000000]: Footprint model 'polygon' loaded for trajectory optimization.
[INFO] [1783925221.708405154, 35.054000000]: Footprint model 'polygon' loaded for trajectory optimization.
[INFO] [1783925223.351427067, 36.694000000]: GOAL Reached!
[INFO] [1783925223.497525843, 36.840000000]: Footprint model 'polygon' loaded for trajectory optimization.
[INFO] [1783925224.364437384, 37.704000000]: Footprint model 'polygon' loaded for trajectory optimization.
[INFO] [1783925224.920417106, 38.258000000]: Footprint model 'polygon' loaded for trajectory optimization.
[INFO] [1783925225.519359202, 38.858000000]: Footprint model 'polygon' loaded for trajectory optimization.
[INFO] [1783925226.170681243, 39.506000000]: Footprint model 'polygon' loaded for trajectory optimization.
[INFO] [1783925226.719573092, 40.056000000]: Footprint model 'polygon' loaded for trajectory optimization.
[INFO] [1783925228.611871117, 41.944000000]: GOAL Reached!
[INFO] [1783925228.765190851, 42.098000000]: Footprint model 'polygon' loaded for trajectory optimization.
[INFO] [1783925229.633813819, 42.964000000]: Footprint model 'polygon' loaded for trajectory optimization.
[INFO] [1783925230.331895777, 43.660000000]: Footprint model 'polygon' loaded for trajectory optimization.
[INFO] [1783925230.873018603, 44.204000000]: Footprint model 'polygon' loaded for trajectory optimization.
[INFO] [1783925231.475603673, 44.804000000]: Footprint model 'polygon' loaded for trajectory optimization.
[INFO] [1783925232.073371785, 45.402000000]: Footprint model 'polygon' loaded for trajectory optimization.
[INFO] [1783925233.965848875, 47.290000000]: GOAL Reached!
[INFO] [1783925234.111072623, 47.436000000]: Footprint model 'polygon' loaded for trajectory optimization.
[INFO] [1783925234.982170816, 48.304000000]: Footprint model 'polygon' loaded for trajectory optimization.
[INFO] [1783925235.535130097, 48.856000000]: Footprint model 'polygon' loaded for trajectory optimization.
[INFO] [1783925236.136543470, 49.456000000]: Footprint model 'polygon' loaded for trajectory optimization.
[INFO] [1783925236.784150431, 50.102000000]: Footprint model 'polygon' loaded for trajectory optimization.
[INFO] [1783925238.726167344, 52.040000000]: GOAL Reached!
[INFO] [1783925238.876189497, 52.190000000]: Footprint model 'polygon' loaded for trajectory optimization.
[INFO] [1783925239.749262657, 53.062000000]: Footprint model 'polygon' loaded for trajectory optimization.
[INFO] [1783925240.389096645, 53.702000000]: Footprint model 'polygon' loaded for trajectory optimization.
[INFO] [1783925240.990160971, 54.302000000]: Footprint model 'polygon' loaded for trajectory optimization.
[INFO] [1783925241.590136935, 54.900000000]: Footprint model 'polygon' loaded for trajectory optimization.
[INFO] [1783925242.189943136, 55.500000000]: Footprint model 'polygon' loaded for trajectory optimization.
[INFO] [1783925243.779564388, 57.088000000]: GOAL Reached!
[INFO] [1783925243.913513000, 57.220000000]: Footprint model 'polygon' loaded for trajectory optimization.
[INFO] [1783925244.799445444, 58.104000000]: Footprint model 'polygon' loaded for trajectory optimization.
[INFO] [1783925245.496889488, 58.800000000]: Footprint model 'polygon' loaded for trajectory optimization.
[INFO] [1783925246.189899861, 59.490000000]: Footprint model 'polygon' loaded for trajectory optimization.
[INFO] [1783925246.789817725, 60.090000000]: Footprint model 'polygon' loaded for trajectory optimization.
[INFO] [1783925247.336533457, 60.638000000]: Footprint model 'polygon' loaded for trajectory optimization.
[INFO] [1783925248.929697950, 62.228000000]: GOAL Reached!
[INFO] [1783925249.073743501, 62.372000000]: Footprint model 'polygon' loaded for trajectory optimization.
[INFO] [1783925249.947853797, 63.242000000]: Footprint model 'polygon' loaded for trajectory optimization.
[INFO] [1783925250.554274284, 63.846000000]: Footprint model 'polygon' loaded for trajectory optimization.
[INFO] [1783925251.146627069, 64.440000000]: Footprint model 'polygon' loaded for trajectory optimization.
[INFO] [1783925251.750677582, 65.040000000]: Footprint model 'polygon' loaded for trajectory optimization.
[INFO] [1783925253.492469315, 66.780000000]: GOAL Reached!
[INFO] [1783925253.646623593, 66.934000000]: Footprint model 'polygon' loaded for trajectory optimization.
[INFO] [1783925254.520066749, 67.804000000]: Footprint model 'polygon' loaded for trajectory optimization.
[INFO] [1783925255.115833923, 68.400000000]: Footprint model 'polygon' loaded for trajectory optimization.
[INFO] [1783925255.715334558, 68.998000000]: Footprint model 'polygon' loaded for trajectory optimization.
[INFO] [1783925256.317510587, 69.600000000]: Footprint model 'polygon' loaded for trajectory optimization.
[INFO] [1783925256.885979103, 70.166000000]: Footprint model 'polygon' loaded for trajectory optimization.
[INFO] [1783925258.559224626, 71.836000000]: GOAL Reached!
[INFO] [1783925258.707391221, 71.984000000]: Footprint model 'polygon' loaded for trajectory optimization.
[INFO] [1783925259.597031710, 72.876000000]: Footprint model 'polygon' loaded for trajectory optimization.
[INFO] [1783925260.292540409, 73.568000000]: Footprint model 'polygon' loaded for trajectory optimization.
[INFO] [1783925260.886897878, 74.160000000]: Footprint model 'polygon' loaded for trajectory optimization.
[INFO] [1783925261.490395993, 74.762000000]: Footprint model 'polygon' loaded for trajectory optimization.
[INFO] [1783925262.035701170, 75.306000000]: Footprint model 'polygon' loaded for trajectory optimization.
[INFO] [1783925264.416699077, 77.686000000]: GOAL Reached!
[INFO] [1783925264.551503809, 77.818000000]: Footprint model 'polygon' loaded for trajectory optimization.
[INFO] [1783925265.433077533, 78.698000000]: Footprint model 'polygon' loaded for trajectory optimization.
[INFO] [1783925266.074789971, 79.336000000]: Footprint model 'polygon' loaded for trajectory optimization.
[INFO] [1783925266.671962877, 79.934000000]: Footprint model 'polygon' loaded for trajectory optimization.
[INFO] [1783925267.269603477, 80.532000000]: Footprint model 'polygon' loaded for trajectory optimization.
[INFO] [1783925269.051938944, 82.310000000]: GOAL Reached!
[INFO] [1783925269.181174497, 82.440000000]: Footprint model 'polygon' loaded for trajectory optimization.
[INFO] [1783925270.077525223, 83.334000000]: Footprint model 'polygon' loaded for trajectory optimization.
[INFO] [1783925270.773663205, 84.028000000]: Footprint model 'polygon' loaded for trajectory optimization.
[INFO] [1783925271.421980561, 84.676000000]: Footprint model 'polygon' loaded for trajectory optimization.
[INFO] [1783925272.022761771, 85.276000000]: Footprint model 'polygon' loaded for trajectory optimization.
[INFO] [1783925272.621059202, 85.872000000]: Footprint model 'polygon' loaded for trajectory optimization.
[INFO] [1783925274.100653421, 87.352000000]: GOAL Reached!
[INFO] [1783925274.242698231, 87.492000000]: Footprint model 'polygon' loaded for trajectory optimization.
[INFO] [1783925275.127939823, 88.376000000]: Footprint model 'polygon' loaded for trajectory optimization.
[INFO] [1783925275.767005803, 89.016000000]: Footprint model 'polygon' loaded for trajectory optimization.
[INFO] [1783925276.417020109, 89.664000000]: Footprint model 'polygon' loaded for trajectory optimization.
[INFO] [1783925277.119461627, 90.364000000]: Footprint model 'polygon' loaded for trajectory optimization.
[INFO] [1783925279.947954182, 93.186000000]: GOAL Reached!
[INFO] [1783925280.082768652, 93.320000000]: Footprint model 'polygon' loaded for trajectory optimization.
[INFO] [1783925280.959327884, 94.196000000]: Footprint model 'polygon' loaded for trajectory optimization.
[INFO] [1783925281.506215106, 94.744000000]: Footprint model 'polygon' loaded for trajectory optimization.
[INFO] [1783925282.156141207, 95.392000000]: Footprint model 'polygon' loaded for trajectory optimization.
[INFO] [1783925282.752314689, 95.984000000]: Footprint model 'polygon' loaded for trajectory optimization.
[INFO] [1783925284.484451772, 97.716000000]: GOAL Reached!
[INFO] [1783925284.625817957, 97.858000000]: Footprint model 'polygon' loaded for trajectory optimization.
[INFO] [1783925285.528078848, 98.754000000]: Footprint model 'polygon' loaded for trajectory optimization.
[INFO] [1783925286.178431080, 99.404000000]: Footprint model 'polygon' loaded for trajectory optimization.
[INFO] [1783925286.776245890, 100.002000000]: Footprint model 'polygon' loaded for trajectory optimization.
[INFO] [1783925287.376335293, 100.600000000]: Footprint model 'polygon' loaded for trajectory optimization.
[INFO] [1783925288.026331893, 101.250000000]: Footprint model 'polygon' loaded for trajectory optimization.
[INFO] [1783925289.757050763, 102.978000000]: GOAL Reached!
[INFO] [1783925289.905507406, 103.126000000]: Footprint model 'polygon' loaded for trajectory optimization.
[INFO] [1783925290.796632535, 104.016000000]: Footprint model 'polygon' loaded for trajectory optimization.
[INFO] [1783925291.483281586, 104.702000000]: Footprint model 'polygon' loaded for trajectory optimization.
[INFO] [1783925292.134939304, 105.352000000]: Footprint model 'polygon' loaded for trajectory optimization.
[INFO] [1783925292.783651780, 106.000000000]: Footprint model 'polygon' loaded for trajectory optimization.
[INFO] [1783925293.382724108, 106.598000000]: Footprint model 'polygon' loaded for trajectory optimization.
[INFO] [1783925295.817598904, 109.026000000]: GOAL Reached!
[INFO] [1783925295.959459548, 109.168000000]: Footprint model 'polygon' loaded for trajectory optimization.
[INFO] [1783925296.826735309, 110.034000000]: Footprint model 'polygon' loaded for trajectory optimization.
[INFO] [1783925297.375405879, 110.582000000]: Footprint model 'polygon' loaded for trajectory optimization.
[INFO] [1783925298.024368913, 111.230000000]: Footprint model 'polygon' loaded for trajectory optimization.
[INFO] [1783925298.621750479, 111.826000000]: Footprint model 'polygon' loaded for trajectory optimization.
[INFO] [1783925300.355137945, 113.558000000]: GOAL Reached!
[INFO] [1783925300.499041405, 113.700000000]: Footprint model 'polygon' loaded for trajectory optimization.
[INFO] [1783925301.376419670, 114.576000000]: Footprint model 'polygon' loaded for trajectory optimization.
[INFO] [1783925301.975004263, 115.172000000]: Footprint model 'polygon' loaded for trajectory optimization.
[INFO] [1783925302.576573574, 115.772000000]: Footprint model 'polygon' loaded for trajectory optimization.
[INFO] [1783925303.126618353, 116.322000000]: Footprint model 'polygon' loaded for trajectory optimization.
[INFO] [1783925303.728858675, 116.924000000]: Footprint model 'polygon' loaded for trajectory optimization.
[INFO] [1783925306.010085535, 119.200000000]: GOAL Reached!
[INFO] [1783925306.145475750, 119.334000000]: Footprint model 'polygon' loaded for trajectory optimization.
[INFO] [1783925307.047501723, 120.236000000]: Footprint model 'polygon' loaded for trajectory optimization.
[INFO] [1783925307.680993363, 120.870000000]: Footprint model 'polygon' loaded for trajectory optimization.
[INFO] [1783925308.331128635, 121.518000000]: Footprint model 'polygon' loaded for trajectory optimization.
[INFO] [1783925308.924019197, 122.114000000]: Footprint model 'polygon' loaded for trajectory optimization.
[INFO] [1783925309.534985239, 122.720000000]: Footprint model 'polygon' loaded for trajectory optimization.
[INFO] [1783925312.060031325, 125.244000000]: GOAL Reached!
[INFO] [1783925312.197062473, 125.380000000]: Footprint model 'polygon' loaded for trajectory optimization.
[INFO] [1783925313.075829128, 126.254000000]: Footprint model 'polygon' loaded for trajectory optimization.
[INFO] [1783925313.772423359, 126.948000000]: Footprint model 'polygon' loaded for trajectory optimization.
[INFO] [1783925314.369377786, 127.546000000]: Footprint model 'polygon' loaded for trajectory optimization.
[INFO] [1783925315.067526326, 128.244000000]: Footprint model 'polygon' loaded for trajectory optimization.
[INFO] [1783925316.698942867, 129.872000000]: GOAL Reached!
[INFO] [1783925316.848660521, 130.022000000]: Footprint model 'polygon' loaded for trajectory optimization.
[INFO] [1783925317.724341163, 130.894000000]: Footprint model 'polygon' loaded for trajectory optimization.
[INFO] [1783925318.374764683, 131.544000000]: Footprint model 'polygon' loaded for trajectory optimization.
[INFO] [1783925318.969908748, 132.140000000]: Footprint model 'polygon' loaded for trajectory optimization.
[INFO] [1783925319.616981116, 132.786000000]: Footprint model 'polygon' loaded for trajectory optimization.
[INFO] [1783925320.275391534, 133.440000000]: Footprint model 'polygon' loaded for trajectory optimization.
[INFO] [1783925322.454213848, 135.616000000]: GOAL Reached!
[INFO] [1783925322.600249717, 135.762000000]: Footprint model 'polygon' loaded for trajectory optimization.
[INFO] [1783925323.494644391, 136.652000000]: Footprint model 'polygon' loaded for trajectory optimization.
[INFO] [1783925324.186811591, 137.346000000]: Footprint model 'polygon' loaded for trajectory optimization.
[INFO] [1783925324.839384639, 137.996000000]: Footprint model 'polygon' loaded for trajectory optimization.
[INFO] [1783925325.438361540, 138.592000000]: Footprint model 'polygon' loaded for trajectory optimization.
[INFO] [1783925326.085534380, 139.242000000]: Footprint model 'polygon' loaded for trajectory optimization.
[INFO] [1783925328.617621724, 141.770000000]: GOAL Reached!
[INFO] [1783925328.761234125, 141.912000000]: Footprint model 'polygon' loaded for trajectory optimization.
[INFO] [1783925329.670014306, 142.818000000]: Footprint model 'polygon' loaded for trajectory optimization.
[INFO] [1783925330.369988044, 143.516000000]: Footprint model 'polygon' loaded for trajectory optimization.
[INFO] [1783925331.067062404, 144.214000000]: Footprint model 'polygon' loaded for trajectory optimization.
[INFO] [1783925331.663361928, 144.808000000]: Footprint model 'polygon' loaded for trajectory optimization.
[INFO] [1783925333.393303915, 146.534000000]: GOAL Reached!
[INFO] [1783925333.553892364, 146.694000000]: Footprint model 'polygon' loaded for trajectory optimization.
[INFO] [1783925334.413723802, 147.554000000]: Footprint model 'polygon' loaded for trajectory optimization.
[INFO] [1783925335.021020538, 148.160000000]: Footprint model 'polygon' loaded for trajectory optimization.
[INFO] [1783925335.722331848, 148.858000000]: Footprint model 'polygon' loaded for trajectory optimization.
[INFO] [1783925336.374299988, 149.508000000]: Footprint model 'polygon' loaded for trajectory optimization.
[INFO] [1783925337.019056015, 150.154000000]: Footprint model 'polygon' loaded for trajectory optimization.
[INFO] [1783925338.955484057, 152.086000000]: GOAL Reached!
[INFO] [1783925339.089999451, 152.220000000]: Footprint model 'polygon' loaded for trajectory optimization.
[INFO] [1783925339.966595573, 153.094000000]: Footprint model 'polygon' loaded for trajectory optimization.
[INFO] [1783925340.556470346, 153.684000000]: Footprint model 'polygon' loaded for trajectory optimization.
[INFO] [1783925341.157771670, 154.286000000]: Footprint model 'polygon' loaded for trajectory optimization.
[INFO] [1783925341.712480954, 154.838000000]: Footprint model 'polygon' loaded for trajectory optimization.
[INFO] [1783925342.359977447, 155.486000000]: Footprint model 'polygon' loaded for trajectory optimization.
[INFO] [1783925344.992516235, 158.112000000]: GOAL Reached!
[INFO] [1783925345.139640636, 158.258000000]: Footprint model 'polygon' loaded for trajectory optimization.
[INFO] [1783925346.021220590, 159.136000000]: Footprint model 'polygon' loaded for trajectory optimization.
[INFO] [1783925346.723101857, 159.836000000]: Footprint model 'polygon' loaded for trajectory optimization.
[INFO] [1783925347.417736433, 160.532000000]: Footprint model 'polygon' loaded for trajectory optimization.
[INFO] [1783925348.014534184, 161.128000000]: Footprint model 'polygon' loaded for trajectory optimization.
[INFO] [1783925349.647300113, 162.756000000]: GOAL Reached!
[INFO] [1783925349.796114451, 162.904000000]: Footprint model 'polygon' loaded for trajectory optimization.
[INFO] [1783925350.667827904, 163.774000000]: Footprint model 'polygon' loaded for trajectory optimization.
[INFO] [1783925351.269022087, 164.374000000]: Footprint model 'polygon' loaded for trajectory optimization.
[INFO] [1783925351.977513678, 165.080000000]: Footprint model 'polygon' loaded for trajectory optimization.
[INFO] [1783925352.624106942, 165.726000000]: Footprint model 'polygon' loaded for trajectory optimization.
[INFO] [1783925354.103871104, 167.202000000]: GOAL Reached!
[INFO] [1783925354.257580022, 167.356000000]: Footprint model 'polygon' loaded for trajectory optimization.
[INFO] [1783925355.119193373, 168.214000000]: Footprint model 'polygon' loaded for trajectory optimization.
[INFO] [1783925355.672391845, 168.766000000]: Footprint model 'polygon' loaded for trajectory optimization.
[INFO] [1783925356.276591846, 169.370000000]: Footprint model 'polygon' loaded for trajectory optimization.
[INFO] [1783925356.872563630, 169.964000000]: Footprint model 'polygon' loaded for trajectory optimization.
[INFO] [1783925357.476907842, 170.568000000]: Footprint model 'polygon' loaded for trajectory optimization.
[INFO] [1783925359.756200510, 172.844000000]: GOAL Reached!
[INFO] [1783925359.896276228, 172.984000000]: Footprint model 'polygon' loaded for trajectory optimization.
[INFO] [1783925360.790746136, 173.874000000]: Footprint model 'polygon' loaded for trajectory optimization.
[INFO] [1783925361.476933203, 174.560000000]: Footprint model 'polygon' loaded for trajectory optimization.
[INFO] [1783925362.176653829, 175.258000000]: Footprint model 'polygon' loaded for trajectory optimization.
[INFO] [1783925362.825932868, 175.906000000]: Footprint model 'polygon' loaded for trajectory optimization.
[INFO] [1783925363.426588691, 176.508000000]: Footprint model 'polygon' loaded for trajectory optimization.
[INFO] [1783925365.507622672, 178.582000000]: GOAL Reached!
[INFO] [1783925365.663135667, 178.738000000]: Footprint model 'polygon' loaded for trajectory optimization.
[INFO] [1783925366.542705845, 179.616000000]: Footprint model 'polygon' loaded for trajectory optimization.
[INFO] [1783925367.238552669, 180.314000000]: Footprint model 'polygon' loaded for trajectory optimization.
[INFO] [1783925367.941070944, 181.014000000]: Footprint model 'polygon' loaded for trajectory optimization.
[INFO] [1783925368.586911236, 181.658000000]: Footprint model 'polygon' loaded for trajectory optimization.
[INFO] [1783925369.188972500, 182.258000000]: Footprint model 'polygon' loaded for trajectory optimization.
[INFO] [1783925371.643343288, 184.708000000]: Footprint model 'polygon' loaded for trajectory optimization.
[INFO] [1783925374.142001171, 187.202000000]: Footprint model 'polygon' loaded for trajectory optimization.
[INFO] [1783925376.073437470, 189.130000000]: GOAL Reached!
[INFO] [1783925376.223379598, 189.280000000]: Footprint model 'polygon' loaded for trajectory optimization.
[INFO] [1783925377.100127607, 190.154000000]: Footprint model 'polygon' loaded for trajectory optimization.
[INFO] [1783925377.736166836, 190.790000000]: Footprint model 'polygon' loaded for trajectory optimization.
[INFO] [1783925378.338362389, 191.390000000]: Footprint model 'polygon' loaded for trajectory optimization.
[INFO] [1783925378.941843739, 191.992000000]: Footprint model 'polygon' loaded for trajectory optimization.
[INFO] [1783925380.719296309, 193.768000000]: GOAL Reached!
[INFO] [1783925380.869013153, 193.916000000]: Footprint model 'polygon' loaded for trajectory optimization.
[INFO] [1783925381.748165907, 194.794000000]: Footprint model 'polygon' loaded for trajectory optimization.
[INFO] [1783925382.439339340, 195.486000000]: Footprint model 'polygon' loaded for trajectory optimization.
[INFO] [1783925383.134502567, 196.178000000]: Footprint model 'polygon' loaded for trajectory optimization.
[INFO] [1783925383.775793159, 196.822000000]: Footprint model 'polygon' loaded for trajectory optimization.
[INFO] [1783925384.435562483, 197.478000000]: Footprint model 'polygon' loaded for trajectory optimization.
[INFO] [1783925386.268070035, 199.306000000]: GOAL Reached!
[INFO] [1783925386.404203356, 199.442000000]: Footprint model 'polygon' loaded for trajectory optimization.
[INFO] [1783925387.298198432, 200.334000000]: Footprint model 'polygon' loaded for trajectory optimization.
[INFO] [1783925387.986005123, 201.020000000]: Footprint model 'polygon' loaded for trajectory optimization.
[INFO] [1783925388.636112479, 201.670000000]: Footprint model 'polygon' loaded for trajectory optimization.
[INFO] [1783925389.235013436, 202.268000000]: Footprint model 'polygon' loaded for trajectory optimization.
[INFO] [1783925389.835701821, 202.866000000]: Footprint model 'polygon' loaded for trajectory optimization.
[INFO] [1783925392.316781532, 205.344000000]: GOAL Reached!
[INFO] [1783925392.463629984, 205.490000000]: Footprint model 'polygon' loaded for trajectory optimization.
[INFO] [1783925393.350221147, 206.374000000]: Footprint model 'polygon' loaded for trajectory optimization.
[INFO] [1783925394.047471207, 207.072000000]: Footprint model 'polygon' loaded for trajectory optimization.
[INFO] [1783925394.638587147, 207.660000000]: Footprint model 'polygon' loaded for trajectory optimization.
[INFO] [1783925395.242435766, 208.266000000]: Footprint model 'polygon' loaded for trajectory optimization.
[INFO] [1783925395.949457459, 208.970000000]: Footprint model 'polygon' loaded for trajectory optimization.
[INFO] [1783925398.396920612, 211.414000000]: Footprint model 'polygon' loaded for trajectory optimization.
[INFO] [1783925400.846961559, 213.858000000]: Footprint model 'polygon' loaded for trajectory optimization.
[INFO] [1783925402.477643079, 215.488000000]: GOAL Reached!
[INFO] [1783925402.627124592, 215.636000000]: Footprint model 'polygon' loaded for trajectory optimization.
[INFO] [1783925403.508237912, 216.514000000]: Footprint model 'polygon' loaded for trajectory optimization.
[INFO] [1783925404.152420198, 217.158000000]: Footprint model 'polygon' loaded for trajectory optimization.
[INFO] [1783925404.751772942, 217.756000000]: Footprint model 'polygon' loaded for trajectory optimization.
[INFO] [1783925405.352496556, 218.356000000]: Footprint model 'polygon' loaded for trajectory optimization.
[INFO] [1783925407.234944539, 220.234000000]: GOAL Reached!
[INFO] [1783925407.388715394, 220.386000000]: Footprint model 'polygon' loaded for trajectory optimization.
[INFO] [1783925408.259248686, 221.256000000]: Footprint model 'polygon' loaded for trajectory optimization.
[INFO] [1783925408.813038325, 221.810000000]: Footprint model 'polygon' loaded for trajectory optimization.
[INFO] [1783925409.415844405, 222.410000000]: Footprint model 'polygon' loaded for trajectory optimization.
[INFO] [1783925410.015997047, 223.010000000]: Footprint model 'polygon' loaded for trajectory optimization.
[INFO] [1783925410.620682998, 223.612000000]: Footprint model 'polygon' loaded for trajectory optimization.
[INFO] [1783925412.798024305, 225.786000000]: GOAL Reached!
[INFO] [1783925412.943706068, 225.932000000]: Footprint model 'polygon' loaded for trajectory optimization.
[INFO] [1783925413.809748043, 226.796000000]: Footprint model 'polygon' loaded for trajectory optimization.
[INFO] [1783925414.363810670, 227.352000000]: Footprint model 'polygon' loaded for trajectory optimization.
[INFO] [1783925415.015800269, 228.000000000]: Footprint model 'polygon' loaded for trajectory optimization.
[INFO] [1783925415.615207523, 228.598000000]: Footprint model 'polygon' loaded for trajectory optimization.
[INFO] [1783925416.314503331, 229.296000000]: Footprint model 'polygon' loaded for trajectory optimization.
[INFO] [1783925418.847507789, 231.824000000]: GOAL Reached!
[INFO] [1783925419.000851756, 231.978000000]: Footprint model 'polygon' loaded for trajectory optimization.
[INFO] [1783925419.899794519, 232.876000000]: Footprint model 'polygon' loaded for trajectory optimization.
[INFO] [1783925420.602227677, 233.576000000]: Footprint model 'polygon' loaded for trajectory optimization.
[INFO] [1783925421.254053372, 234.226000000]: Footprint model 'polygon' loaded for trajectory optimization.
[INFO] [1783925421.892753992, 234.866000000]: Footprint model 'polygon' loaded for trajectory optimization.
[INFO] [1783925422.550628406, 235.520000000]: Footprint model 'polygon' loaded for trajectory optimization.
[INFO] [1783925424.997333275, 237.964000000]: Footprint model 'polygon' loaded for trajectory optimization.
[INFO] [1783925428.529103054, 241.488000000]: GOAL Reached!
[INFO] [1783925428.678844879, 241.638000000]: Footprint model 'polygon' loaded for trajectory optimization.
[INFO] [1783925429.558868332, 242.516000000]: Footprint model 'polygon' loaded for trajectory optimization.
[INFO] [1783925430.249398120, 243.206000000]: Footprint model 'polygon' loaded for trajectory optimization.
[INFO] [1783925430.900570834, 243.856000000]: Footprint model 'polygon' loaded for trajectory optimization.
[INFO] [1783925431.547682995, 244.502000000]: Footprint model 'polygon' loaded for trajectory optimization.
[INFO] [1783925433.181852483, 246.132000000]: GOAL Reached!
[INFO] [1783925433.318902281, 246.270000000]: Footprint model 'polygon' loaded for trajectory optimization.
[INFO] [1783925434.205990812, 247.154000000]: Footprint model 'polygon' loaded for trajectory optimization.
[INFO] [1783925434.899146683, 247.846000000]: Footprint model 'polygon' loaded for trajectory optimization.
[INFO] [1783925435.546773817, 248.492000000]: Footprint model 'polygon' loaded for trajectory optimization.
[INFO] [1783925436.203490560, 249.148000000]: Footprint model 'polygon' loaded for trajectory optimization.
[INFO] [1783925436.898766990, 249.842000000]: Footprint model 'polygon' loaded for trajectory optimization.
[INFO] [1783925438.831966601, 251.770000000]: GOAL Reached!
[INFO] [1783925438.983923883, 251.922000000]: Footprint model 'polygon' loaded for trajectory optimization.
[INFO] [1783925439.860302004, 252.796000000]: Footprint model 'polygon' loaded for trajectory optimization.
[INFO] [1783925440.563230251, 253.498000000]: Footprint model 'polygon' loaded for trajectory optimization.
[INFO] [1783925441.159028007, 254.094000000]: Footprint model 'polygon' loaded for trajectory optimization.
[INFO] [1783925441.756094737, 254.692000000]: Footprint model 'polygon' loaded for trajectory optimization.
[INFO] [1783925442.357534504, 255.292000000]: Footprint model 'polygon' loaded for trajectory optimization.
[INFO] [1783925444.891240620, 257.820000000]: GOAL Reached!
[INFO] [1783925445.016573347, 257.946000000]: Footprint model 'polygon' loaded for trajectory optimization.
[INFO] [1783925445.909376425, 258.834000000]: Footprint model 'polygon' loaded for trajectory optimization.
[INFO] [1783925446.551413741, 259.476000000]: Footprint model 'polygon' loaded for trajectory optimization.
[INFO] [1783925447.196627533, 260.122000000]: Footprint model 'polygon' loaded for trajectory optimization.
[INFO] [1783925447.892409096, 260.816000000]: Footprint model 'polygon' loaded for trajectory optimization.
[INFO] [1783925448.592764287, 261.516000000]: Footprint model 'polygon' loaded for trajectory optimization.
[INFO] [1783925450.997669056, 263.916000000]: Footprint model 'polygon' loaded for trajectory optimization.
[INFO] [1783925453.400612521, 266.314000000]: Footprint model 'polygon' loaded for trajectory optimization.
[INFO] [1783925455.731332310, 268.640000000]: GOAL Reached!
[INFO] [1783925455.887860138, 268.796000000]: Footprint model 'polygon' loaded for trajectory optimization.
[INFO] [1783925456.794841221, 269.700000000]: Footprint model 'polygon' loaded for trajectory optimization.
[INFO] [1783925457.425999103, 270.332000000]: Footprint model 'polygon' loaded for trajectory optimization.
[INFO] [1783925458.022363177, 270.928000000]: Footprint model 'polygon' loaded for trajectory optimization.
[INFO] [1783925458.673288846, 271.576000000]: Footprint model 'polygon' loaded for trajectory optimization.
[INFO] [1783925460.805512537, 273.704000000]: GOAL Reached!
[INFO] [1783925460.950817465, 273.850000000]: Footprint model 'polygon' loaded for trajectory optimization.
[INFO] [1783925461.845111653, 274.740000000]: Footprint model 'polygon' loaded for trajectory optimization.
[INFO] [1783925462.483250367, 275.376000000]: Footprint model 'polygon' loaded for trajectory optimization.
[INFO] [1783925463.127083893, 276.022000000]: Footprint model 'polygon' loaded for trajectory optimization.
[INFO] [1783925463.681264852, 276.574000000]: Footprint model 'polygon' loaded for trajectory optimization.
[INFO] [1783925464.332217458, 277.222000000]: Footprint model 'polygon' loaded for trajectory optimization.
[INFO] [1783925466.464195073, 279.350000000]: GOAL Reached!
[INFO] [1783925466.599202949, 279.486000000]: Footprint model 'polygon' loaded for trajectory optimization.
[INFO] [1783925467.491188888, 280.376000000]: Footprint model 'polygon' loaded for trajectory optimization.
[INFO] [1783925468.175650773, 281.062000000]: Footprint model 'polygon' loaded for trajectory optimization.
[INFO] [1783925468.830369498, 281.716000000]: Footprint model 'polygon' loaded for trajectory optimization.
[INFO] [1783925469.423969398, 282.310000000]: Footprint model 'polygon' loaded for trajectory optimization.
[INFO] [1783925470.025429926, 282.910000000]: Footprint model 'polygon' loaded for trajectory optimization.
[INFO] [1783925472.608097765, 285.484000000]: GOAL Reached!
[INFO] [1783925472.745125034, 285.622000000]: Footprint model 'polygon' loaded for trajectory optimization.
[INFO] [1783925473.639548909, 286.516000000]: Footprint model 'polygon' loaded for trajectory optimization.
[INFO] [1783925474.338371503, 287.210000000]: Footprint model 'polygon' loaded for trajectory optimization.
[INFO] [1783925474.983296063, 287.856000000]: Footprint model 'polygon' loaded for trajectory optimization.
[INFO] [1783925475.582241695, 288.454000000]: Footprint model 'polygon' loaded for trajectory optimization.
[INFO] [1783925476.184244637, 289.054000000]: Footprint model 'polygon' loaded for trajectory optimization.
[INFO] [1783925476.830483556, 289.698000000]: Footprint model 'polygon' loaded for trajectory optimization.
[INFO] [1783925477.428423104, 290.294000000]: Footprint model 'polygon' loaded for trajectory optimization.
[INFO] [1783925478.132138137, 290.998000000]: Footprint model 'polygon' loaded for trajectory optimization.
[INFO] [1783925482.861603819, 295.724000000]: GOAL Reached!
[INFO] [1783925483.008322517, 295.870000000]: Footprint model 'polygon' loaded for trajectory optimization.
[INFO] [1783925483.901381438, 296.758000000]: Footprint model 'polygon' loaded for trajectory optimization.
[INFO] [1783925484.501108241, 297.358000000]: Footprint model 'polygon' loaded for trajectory optimization.
[INFO] [1783925485.096891253, 297.952000000]: Footprint model 'polygon' loaded for trajectory optimization.
[INFO] [1783925485.796953064, 298.652000000]: Footprint model 'polygon' loaded for trajectory optimization.
[INFO] [1783925487.531589016, 300.382000000]: GOAL Reached!
[INFO] [1783925487.689178538, 300.540000000]: Footprint model 'polygon' loaded for trajectory optimization.
[INFO] [1783925488.567727018, 301.416000000]: Footprint model 'polygon' loaded for trajectory optimization.
[INFO] [1783925489.170350008, 302.016000000]: Footprint model 'polygon' loaded for trajectory optimization.
[INFO] [1783925489.716366057, 302.562000000]: Footprint model 'polygon' loaded for trajectory optimization.
[INFO] [1783925490.319584623, 303.164000000]: Footprint model 'polygon' loaded for trajectory optimization.
[INFO] [1783925490.970611529, 303.814000000]: Footprint model 'polygon' loaded for trajectory optimization.
[INFO] [1783925493.101876806, 305.940000000]: GOAL Reached!
[INFO] [1783925493.263189812, 306.102000000]: Footprint model 'polygon' loaded for trajectory optimization.
[INFO] [1783925494.138905929, 306.978000000]: Footprint model 'polygon' loaded for trajectory optimization.
[INFO] [1783925494.791817270, 307.628000000]: Footprint model 'polygon' loaded for trajectory optimization.
[INFO] [1783925495.435093162, 308.270000000]: Footprint model 'polygon' loaded for trajectory optimization.
[INFO] [1783925496.085257134, 308.922000000]: Footprint model 'polygon' loaded for trajectory optimization.
[INFO] [1783925496.687448534, 309.520000000]: Footprint model 'polygon' loaded for trajectory optimization.
[INFO] [1783925498.263823249, 311.098000000]: GOAL Reached!
[INFO] [1783925498.427533149, 311.260000000]: Footprint model 'polygon' loaded for trajectory optimization.
[INFO] [1783925499.330462439, 312.158000000]: Footprint model 'polygon' loaded for trajectory optimization.
[INFO] [1783925499.980739510, 312.806000000]: Footprint model 'polygon' loaded for trajectory optimization.
[INFO] [1783925500.577652039, 313.404000000]: Footprint model 'polygon' loaded for trajectory optimization.
[INFO] [1783925501.174188377, 314.000000000]: Footprint model 'polygon' loaded for trajectory optimization.
[INFO] [1783925501.824484847, 314.648000000]: Footprint model 'polygon' loaded for trajectory optimization.
[INFO] [1783925502.471400041, 315.296000000]: Footprint model 'polygon' loaded for trajectory optimization.
[INFO] [1783925503.122826228, 315.944000000]: Footprint model 'polygon' loaded for trajectory optimization.
[INFO] [1783925503.670737046, 316.490000000]: Footprint model 'polygon' loaded for trajectory optimization.
[INFO] [1783925509.355828680, 322.168000000]: GOAL Reached!
[INFO] [1783925509.497105031, 322.308000000]: Footprint model 'polygon' loaded for trajectory optimization.
[INFO] [1783925510.385035940, 323.194000000]: Footprint model 'polygon' loaded for trajectory optimization.
[INFO] [1783925511.025148714, 323.834000000]: Footprint model 'polygon' loaded for trajectory optimization.
[INFO] [1783925511.675313125, 324.484000000]: Footprint model 'polygon' loaded for trajectory optimization.
[INFO] [1783925512.276663551, 325.080000000]: Footprint model 'polygon' loaded for trajectory optimization.
[INFO] [1783925514.005495600, 326.808000000]: GOAL Reached!
[INFO] [1783925514.159842474, 326.962000000]: Footprint model 'polygon' loaded for trajectory optimization.
[INFO] [1783925515.033415369, 327.834000000]: Footprint model 'polygon' loaded for trajectory optimization.
[INFO] [1783925515.589072072, 328.388000000]: Footprint model 'polygon' loaded for trajectory optimization.
[INFO] [1783925516.241530198, 329.038000000]: Footprint model 'polygon' loaded for trajectory optimization.
[INFO] [1783925516.839319711, 329.636000000]: Footprint model 'polygon' loaded for trajectory optimization.
[INFO] [1783925517.389143201, 330.186000000]: Footprint model 'polygon' loaded for trajectory optimization.
[INFO] [1783925520.074841412, 332.864000000]: GOAL Reached!
[INFO] [1783925520.230362139, 333.022000000]: Footprint model 'polygon' loaded for trajectory optimization.
[INFO] [1783925521.127068546, 333.916000000]: Footprint model 'polygon' loaded for trajectory optimization.
[INFO] [1783925521.763061388, 334.554000000]: Footprint model 'polygon' loaded for trajectory optimization.
[INFO] [1783925522.364935039, 335.152000000]: Footprint model 'polygon' loaded for trajectory optimization.
[INFO] [1783925523.021321890, 335.806000000]: Footprint model 'polygon' loaded for trajectory optimization.
[INFO] [1783925523.665740611, 336.450000000]: Footprint model 'polygon' loaded for trajectory optimization.
[INFO] [1783925526.647573892, 339.426000000]: GOAL Reached!
[INFO] [1783925526.785648411, 339.562000000]: Footprint model 'polygon' loaded for trajectory optimization.
[INFO] [1783925527.679749146, 340.458000000]: Footprint model 'polygon' loaded for trajectory optimization.
[INFO] [1783925528.331868734, 341.108000000]: Footprint model 'polygon' loaded for trajectory optimization.
[INFO] [1783925528.936037471, 341.712000000]: Footprint model 'polygon' loaded for trajectory optimization.
[INFO] [1783925529.527471592, 342.302000000]: Footprint model 'polygon' loaded for trajectory optimization.
[INFO] [1783925530.129591149, 342.902000000]: Footprint model 'polygon' loaded for trajectory optimization.
[INFO] [1783925530.779860887, 343.550000000]: Footprint model 'polygon' loaded for trajectory optimization.
[INFO] [1783925536.813662446, 349.574000000]: GOAL Reached!
[INFO] [1783925536.961451863, 349.722000000]: Footprint model 'polygon' loaded for trajectory optimization.
[INFO] [1783925537.840311581, 350.596000000]: Footprint model 'polygon' loaded for trajectory optimization.
[INFO] [1783925538.535354823, 351.292000000]: Footprint model 'polygon' loaded for trajectory optimization.
[INFO] [1783925539.082308130, 351.838000000]: Footprint model 'polygon' loaded for trajectory optimization.
[INFO] [1783925539.681430471, 352.438000000]: Footprint model 'polygon' loaded for trajectory optimization.
[INFO] [1783925541.361082809, 354.116000000]: GOAL Reached!
[INFO] [1783925541.489727485, 354.244000000]: Footprint model 'polygon' loaded for trajectory optimization.
[INFO] [1783925542.360968579, 355.114000000]: Footprint model 'polygon' loaded for trajectory optimization.
[INFO] [1783925542.916198829, 355.664000000]: Footprint model 'polygon' loaded for trajectory optimization.
[INFO] [1783925543.565370118, 356.314000000]: Footprint model 'polygon' loaded for trajectory optimization.
[INFO] [1783925544.117739426, 356.864000000]: Footprint model 'polygon' loaded for trajectory optimization.
[INFO] [1783925544.766910928, 357.514000000]: Footprint model 'polygon' loaded for trajectory optimization.
[INFO] [1783925547.201780030, 359.942000000]: GOAL Reached!
[INFO] [1783925547.345303135, 360.086000000]: Footprint model 'polygon' loaded for trajectory optimization.
[INFO] [1783925548.237133551, 360.976000000]: Footprint model 'polygon' loaded for trajectory optimization.
[INFO] [1783925548.932382291, 361.670000000]: Footprint model 'polygon' loaded for trajectory optimization.
[INFO] [1783925549.579721433, 362.316000000]: Footprint model 'polygon' loaded for trajectory optimization.
[INFO] [1783925550.179224360, 362.914000000]: Footprint model 'polygon' loaded for trajectory optimization.
[INFO] [1783925550.780557206, 363.514000000]: Footprint model 'polygon' loaded for trajectory optimization.
[INFO] [1783925552.960065656, 365.690000000]: GOAL Reached!
[INFO] [1783925553.120361905, 365.850000000]: Footprint model 'polygon' loaded for trajectory optimization.
[INFO] [1783925554.006873625, 366.734000000]: Footprint model 'polygon' loaded for trajectory optimization.
[INFO] [1783925554.658940187, 367.386000000]: Footprint model 'polygon' loaded for trajectory optimization.
[INFO] [1783925555.303833714, 368.030000000]: Footprint model 'polygon' loaded for trajectory optimization.
[INFO] [1783925555.956467820, 368.682000000]: Footprint model 'polygon' loaded for trajectory optimization.
[INFO] [1783925556.573499760, 369.296000000]: Footprint model 'polygon' loaded for trajectory optimization.
[INFO] [1783925557.155772579, 369.880000000]: Footprint model 'polygon' loaded for trajectory optimization.
[INFO] [1783925563.139433801, 375.850000000]: GOAL Reached!
[INFO] [1783925563.287551850, 375.998000000]: Footprint model 'polygon' loaded for trajectory optimization.
[INFO] [1783925564.184909200, 376.898000000]: Footprint model 'polygon' loaded for trajectory optimization.
[INFO] [1783925564.872170292, 377.582000000]: Footprint model 'polygon' loaded for trajectory optimization.
[INFO] [1783925565.427585546, 378.136000000]: Footprint model 'polygon' loaded for trajectory optimization.
[INFO] [1783925566.075914453, 378.784000000]: Footprint model 'polygon' loaded for trajectory optimization.
[INFO] [1783925566.777146219, 379.482000000]: Footprint model 'polygon' loaded for trajectory optimization.
[INFO] [1783925567.375719661, 380.080000000]: Footprint model 'polygon' loaded for trajectory optimization.
[INFO] [1783925570.505654631, 383.206000000]: GOAL Reached!
[INFO] [1783925570.644535790, 383.344000000]: Footprint model 'polygon' loaded for trajectory optimization.
[INFO] [1783925571.538533288, 384.236000000]: Footprint model 'polygon' loaded for trajectory optimization.
[INFO] [1783925572.177448920, 384.874000000]: Footprint model 'polygon' loaded for trajectory optimization.
[INFO] [1783925572.824915679, 385.520000000]: Footprint model 'polygon' loaded for trajectory optimization.
[INFO] [1783925573.474247148, 386.172000000]: Footprint model 'polygon' loaded for trajectory optimization.
[INFO] [1783925575.157818284, 387.848000000]: GOAL Reached!
[INFO] [1783925575.304112765, 387.994000000]: Footprint model 'polygon' loaded for trajectory optimization.
[INFO] [1783925576.178898934, 388.868000000]: Footprint model 'polygon' loaded for trajectory optimization.
[INFO] [1783925576.727963137, 389.416000000]: Footprint model 'polygon' loaded for trajectory optimization.
[INFO] [1783925577.328617891, 390.014000000]: Footprint model 'polygon' loaded for trajectory optimization.
[INFO] [1783925577.927919297, 390.616000000]: Footprint model 'polygon' loaded for trajectory optimization.
[INFO] [1783925578.575185033, 391.260000000]: Footprint model 'polygon' loaded for trajectory optimization.
[INFO] [1783925580.706163397, 393.390000000]: GOAL Reached!
[INFO] [1783925580.862670070, 393.544000000]: Footprint model 'polygon' loaded for trajectory optimization.
[INFO] [1783925581.738915355, 394.418000000]: Footprint model 'polygon' loaded for trajectory optimization.
[INFO] [1783925582.334499453, 395.012000000]: Footprint model 'polygon' loaded for trajectory optimization.
[INFO] [1783925582.888944739, 395.566000000]: Footprint model 'polygon' loaded for trajectory optimization.
[INFO] [1783925583.489509184, 396.166000000]: Footprint model 'polygon' loaded for trajectory optimization.
[INFO] [1783925584.088322696, 396.762000000]: Footprint model 'polygon' loaded for trajectory optimization.
[INFO] [1783925586.567177528, 399.238000000]: GOAL Reached!
[INFO] [1783925586.716173348, 399.386000000]: Footprint model 'polygon' loaded for trajectory optimization.
[INFO] [1783925587.605920550, 400.274000000]: Footprint model 'polygon' loaded for trajectory optimization.
[INFO] [1783925588.202859989, 400.868000000]: Footprint model 'polygon' loaded for trajectory optimization.
[INFO] [1783925588.795661252, 401.462000000]: Footprint model 'polygon' loaded for trajectory optimization.
[INFO] [1783925589.399770229, 402.064000000]: Footprint model 'polygon' loaded for trajectory optimization.
[INFO] [1783925589.958896211, 402.622000000]: Footprint model 'polygon' loaded for trajectory optimization.
[INFO] [1783925590.555503627, 403.218000000]: Footprint model 'polygon' loaded for trajectory optimization.
[INFO] [1783925596.639554501, 409.290000000]: GOAL Reached!
[INFO] [1783925596.790946571, 409.442000000]: Footprint model 'polygon' loaded for trajectory optimization.
[INFO] [1783925597.666599947, 410.316000000]: Footprint model 'polygon' loaded for trajectory optimization.
[INFO] [1783925598.322237800, 410.970000000]: Footprint model 'polygon' loaded for trajectory optimization.
[INFO] [1783925598.967919524, 411.614000000]: Footprint model 'polygon' loaded for trajectory optimization.
[INFO] [1783925599.563454934, 412.210000000]: Footprint model 'polygon' loaded for trajectory optimization.
[INFO] [1783925600.170091907, 412.814000000]: Footprint model 'polygon' loaded for trajectory optimization.
[INFO] [1783925600.722555175, 413.368000000]: Footprint model 'polygon' loaded for trajectory optimization.
[INFO] [1783925603.801979832, 416.440000000]: GOAL Reached!
[INFO] [1783925603.952650569, 416.590000000]: Footprint model 'polygon' loaded for trajectory optimization.
[INFO] [1783925604.834128718, 417.474000000]: Footprint model 'polygon' loaded for trajectory optimization.
[INFO] [1783925605.474191633, 418.112000000]: Footprint model 'polygon' loaded for trajectory optimization.
[INFO] [1783925606.073749800, 418.710000000]: Footprint model 'polygon' loaded for trajectory optimization.
[INFO] [1783925606.726794559, 419.360000000]: Footprint model 'polygon' loaded for trajectory optimization.
[INFO] [1783925608.454824064, 421.088000000]: GOAL Reached!
[INFO] [1783925608.593676973, 421.226000000]: Footprint model 'polygon' loaded for trajectory optimization.
[INFO] [1783925609.495267541, 422.124000000]: Footprint model 'polygon' loaded for trajectory optimization.
[INFO] [1783925610.124573735, 422.752000000]: Footprint model 'polygon' loaded for trajectory optimization.
[INFO] [1783925610.723127573, 423.350000000]: Footprint model 'polygon' loaded for trajectory optimization.
[INFO] [1783925611.322584439, 423.946000000]: Footprint model 'polygon' loaded for trajectory optimization.
[INFO] [1783925611.925158760, 424.548000000]: Footprint model 'polygon' loaded for trajectory optimization.
[INFO] [1783925614.505350160, 427.124000000]: GOAL Reached!
[INFO] [1783925614.643437085, 427.262000000]: Footprint model 'polygon' loaded for trajectory optimization.
[INFO] [1783925615.535261818, 428.152000000]: Footprint model 'polygon' loaded for trajectory optimization.
[INFO] [1783925616.179044272, 428.794000000]: Footprint model 'polygon' loaded for trajectory optimization.
[INFO] [1783925616.830212999, 429.444000000]: Footprint model 'polygon' loaded for trajectory optimization.
[INFO] [1783925617.425726167, 430.040000000]: Footprint model 'polygon' loaded for trajectory optimization.
[INFO] [1783925618.027516693, 430.640000000]: Footprint model 'polygon' loaded for trajectory optimization.
[INFO] [1783925620.957370848, 433.566000000]: GOAL Reached!
[INFO] [1783925621.103862593, 433.712000000]: Footprint model 'polygon' loaded for trajectory optimization.
[INFO] [1783925621.993280765, 434.598000000]: Footprint model 'polygon' loaded for trajectory optimization.
[INFO] [1783925622.548047174, 435.152000000]: Footprint model 'polygon' loaded for trajectory optimization.
[INFO] [1783925623.193632095, 435.796000000]: Footprint model 'polygon' loaded for trajectory optimization.
[INFO] [1783925623.891348428, 436.492000000]: Footprint model 'polygon' loaded for trajectory optimization.
[INFO] [1783925624.489572519, 437.090000000]: Footprint model 'polygon' loaded for trajectory optimization.
[INFO] [1783925625.093373542, 437.692000000]: Footprint model 'polygon' loaded for trajectory optimization.
[INFO] [1783925630.625693609, 443.216000000]: GOAL Reached!
[INFO] [1783925630.758796685, 443.348000000]: Footprint model 'polygon' loaded for trajectory optimization.
[INFO] [1783925631.649100884, 444.238000000]: Footprint model 'polygon' loaded for trajectory optimization.
[INFO] [1783925632.296229601, 444.882000000]: Footprint model 'polygon' loaded for trajectory optimization.
[INFO] [1783925632.891218832, 445.480000000]: Footprint model 'polygon' loaded for trajectory optimization.
[INFO] [1783925633.495195085, 446.080000000]: Footprint model 'polygon' loaded for trajectory optimization.
[INFO] [1783925634.089608881, 446.678000000]: Footprint model 'polygon' loaded for trajectory optimization.
[INFO] [1783925634.743663438, 447.330000000]: Footprint model 'polygon' loaded for trajectory optimization.
[INFO] [1783925637.973672354, 450.550000000]: GOAL Reached!
[INFO] [1783925638.126951996, 450.704000000]: Footprint model 'polygon' loaded for trajectory optimization.
[INFO] [1783925639.008042823, 451.582000000]: Footprint model 'polygon' loaded for trajectory optimization.
[INFO] [1783925639.700166109, 452.272000000]: Footprint model 'polygon' loaded for trajectory optimization.
[INFO] [1783925640.252681300, 452.824000000]: Footprint model 'polygon' loaded for trajectory optimization.
[INFO] [1783925640.900322895, 453.474000000]: Footprint model 'polygon' loaded for trajectory optimization.
[INFO] [1783925642.531160609, 455.102000000]: GOAL Reached!
[INFO] [1783925642.675253155, 455.246000000]: Footprint model 'polygon' loaded for trajectory optimization.
[INFO] [1783925643.549299803, 456.116000000]: Footprint model 'polygon' loaded for trajectory optimization.
[INFO] [1783925644.143958024, 456.714000000]: Footprint model 'polygon' loaded for trajectory optimization.
[INFO] [1783925644.798590888, 457.362000000]: Footprint model 'polygon' loaded for trajectory optimization.
[INFO] [1783925645.400970827, 457.966000000]: Footprint model 'polygon' loaded for trajectory optimization.
[INFO] [1783925645.998198962, 458.562000000]: Footprint model 'polygon' loaded for trajectory optimization.
[INFO] [1783925648.279975502, 460.840000000]: GOAL Reached!
[INFO] [1783925648.438888793, 460.998000000]: Footprint model 'polygon' loaded for trajectory optimization.
[INFO] [1783925649.338274258, 461.894000000]: Footprint model 'polygon' loaded for trajectory optimization.
[INFO] [1783925649.980991206, 462.538000000]: Footprint model 'polygon' loaded for trajectory optimization.
[INFO] [1783925650.575658962, 463.132000000]: Footprint model 'polygon' loaded for trajectory optimization.
[INFO] [1783925651.177013437, 463.730000000]: Footprint model 'polygon' loaded for trajectory optimization.
[INFO] [1783925651.777842151, 464.330000000]: Footprint model 'polygon' loaded for trajectory optimization.
[INFO] [1783925654.657595173, 467.204000000]: GOAL Reached!
[INFO] [1783925654.782102110, 467.330000000]: Footprint model 'polygon' loaded for trajectory optimization.
[INFO] [1783925655.673320898, 468.218000000]: Footprint model 'polygon' loaded for trajectory optimization.
[INFO] [1783925656.361286923, 468.906000000]: Footprint model 'polygon' loaded for trajectory optimization.
[INFO] [1783925656.962105289, 469.502000000]: Footprint model 'polygon' loaded for trajectory optimization.
[INFO] [1783925657.661429575, 470.204000000]: Footprint model 'polygon' loaded for trajectory optimization.
[INFO] [1783925658.309754815, 470.850000000]: Footprint model 'polygon' loaded for trajectory optimization.
[INFO] [1783925658.913898118, 471.452000000]: Footprint model 'polygon' loaded for trajectory optimization.
[INFO] [1783925663.695107236, 476.226000000]: GOAL Reached!
[INFO] [1783925663.850566468, 476.382000000]: Footprint model 'polygon' loaded for trajectory optimization.
[INFO] [1783925664.749533965, 477.280000000]: Footprint model 'polygon' loaded for trajectory optimization.
[INFO] [1783925665.442901808, 477.970000000]: Footprint model 'polygon' loaded for trajectory optimization.
[INFO] [1783925666.095551918, 478.622000000]: Footprint model 'polygon' loaded for trajectory optimization.
[INFO] [1783925666.744898102, 479.270000000]: Footprint model 'polygon' loaded for trajectory optimization.
[INFO] [1783925667.396187196, 479.920000000]: Footprint model 'polygon' loaded for trajectory optimization.
[INFO] [1783925667.994798561, 480.520000000]: Footprint model 'polygon' loaded for trajectory optimization.
[INFO] [1783925670.974890288, 483.492000000]: GOAL Reached!
[INFO] [1783925671.120429237, 483.638000000]: Footprint model 'polygon' loaded for trajectory optimization.
[INFO] [1783925671.979176484, 484.494000000]: Footprint model 'polygon' loaded for trajectory optimization.
[INFO] [1783925672.533524832, 485.048000000]: Footprint model 'polygon' loaded for trajectory optimization.
[INFO] [1783925673.183451676, 485.696000000]: Footprint model 'polygon' loaded for trajectory optimization.
[INFO] [1783925673.735635127, 486.246000000]: Footprint model 'polygon' loaded for trajectory optimization.
[INFO] [1783925675.516052275, 488.024000000]: GOAL Reached!
[INFO] [1783925675.652208147, 488.162000000]: Footprint model 'polygon' loaded for trajectory optimization.
[INFO] [1783925676.529385348, 489.036000000]: Footprint model 'polygon' loaded for trajectory optimization.
[INFO] [1783925677.180460513, 489.686000000]: Footprint model 'polygon' loaded for trajectory optimization.
[INFO] [1783925677.780378174, 490.284000000]: Footprint model 'polygon' loaded for trajectory optimization.
[INFO] [1783925678.379859192, 490.884000000]: Footprint model 'polygon' loaded for trajectory optimization.
[INFO] [1783925679.030904169, 491.536000000]: Footprint model 'polygon' loaded for trajectory optimization.
[INFO] [1783925680.862485757, 493.362000000]: GOAL Reached!
[INFO] [1783925681.010972606, 493.508000000]: Footprint model 'polygon' loaded for trajectory optimization.
[INFO] [1783925681.895927063, 494.394000000]: Footprint model 'polygon' loaded for trajectory optimization.
[INFO] [1783925682.591788536, 495.090000000]: Footprint model 'polygon' loaded for trajectory optimization.
[INFO] [1783925683.187936088, 495.682000000]: Footprint model 'polygon' loaded for trajectory optimization.
[INFO] [1783925683.839714403, 496.332000000]: Footprint model 'polygon' loaded for trajectory optimization.
[INFO] [1783925684.436323613, 496.930000000]: Footprint model 'polygon' loaded for trajectory optimization.
[INFO] [1783925686.719728972, 499.208000000]: GOAL Reached!
[INFO] [1783925686.869282404, 499.358000000]: Footprint model 'polygon' loaded for trajectory optimization.
[INFO] [1783925687.774946518, 500.260000000]: Footprint model 'polygon' loaded for trajectory optimization.
[INFO] [1783925688.455362152, 500.942000000]: Footprint model 'polygon' loaded for trajectory optimization.
[INFO] [1783925689.106727874, 501.590000000]: Footprint model 'polygon' loaded for trajectory optimization.
[INFO] [1783925689.753441304, 502.236000000]: Footprint model 'polygon' loaded for trajectory optimization.
[INFO] [1783925690.303360394, 502.784000000]: Footprint model 'polygon' loaded for trajectory optimization.
[INFO] [1783925690.959451548, 503.440000000]: Footprint model 'polygon' loaded for trajectory optimization.
[INFO] [1783925696.389001937, 508.860000000]: GOAL Reached!
[INFO] [1783925696.531306974, 509.002000000]: Footprint model 'polygon' loaded for trajectory optimization.
[INFO] [1783925697.406181269, 509.874000000]: Footprint model 'polygon' loaded for trajectory optimization.
[INFO] [1783925698.074772159, 510.544000000]: Footprint model 'polygon' loaded for trajectory optimization.
[INFO] [1783925698.655562783, 511.124000000]: Footprint model 'polygon' loaded for trajectory optimization.
[INFO] [1783925699.256230518, 511.722000000]: Footprint model 'polygon' loaded for trajectory optimization.
[INFO] [1783925699.857901512, 512.322000000]: Footprint model 'polygon' loaded for trajectory optimization.
[INFO] [1783925700.510532883, 512.972000000]: Footprint model 'polygon' loaded for trajectory optimization.
[INFO] [1783925703.735270072, 516.196000000]: GOAL Reached!
[INFO] [1783925703.891250652, 516.350000000]: Footprint model 'polygon' loaded for trajectory optimization.
[INFO] [1783925704.778020795, 517.236000000]: Footprint model 'polygon' loaded for trajectory optimization.
[INFO] [1783925705.370295551, 517.824000000]: Footprint model 'polygon' loaded for trajectory optimization.
[INFO] [1783925705.965741434, 518.418000000]: Footprint model 'polygon' loaded for trajectory optimization.
[INFO] [1783925706.617606549, 519.072000000]: Footprint model 'polygon' loaded for trajectory optimization.
[INFO] [1783925708.401377290, 520.850000000]: GOAL Reached!
[INFO] [1783925708.546953374, 520.996000000]: Footprint model 'polygon' loaded for trajectory optimization.
[INFO] [1783925709.429595012, 521.876000000]: Footprint model 'polygon' loaded for trajectory optimization.
[INFO] [1783925710.123102028, 522.568000000]: Footprint model 'polygon' loaded for trajecto[ERROR] [1783925728.652128885, 541.064000000]: TebOptimalPlanner::getVelocityCommand() - timediff<=0 is invalid!
[WARN] [1783925728.652259079, 541.064000000]: TebLocalPlannerROS: velocity command invalid. Resetting planner...
ry optimization.
[INFO] [1783925710.775822693, 523.220000000]: Footprint model 'polygon' loaded for trajectory optimization.
[INFO] [1783925711.371333357, 523.814000000]: Footprint model 'polygon' loaded for trajectory optimization.
[INFO] [1783925712.021750629, 524.464000000]: Footprint model 'polygon' loaded for trajectory optimization.
[INFO] [1783925714.148453425, 526.590000000]: GOAL Reached!
[INFO] [1783925714.291962326, 526.734000000]: Footprint model 'polygon' loaded for trajectory optimization.
[INFO] [1783925715.180076801, 527.616000000]: Footprint model 'polygon' loaded for trajectory optimization.
[INFO] [1783925715.863612645, 528.300000000]: Footprint model 'polygon' loaded for trajectory optimization.
[INFO] [1783925716.456232183, 528.892000000]: Footprint model 'polygon' loaded for trajectory optimization.
[INFO] [1783925717.014614778, 529.450000000]: Footprint model 'polygon' loaded for trajectory optimization.
[INFO] [1783925717.615707983, 530.048000000]: Footprint model 'polygon' loaded for trajectory optimization.
[INFO] [1783925720.195268321, 532.624000000]: GOAL Reached!
[INFO] [1783925720.334229303, 532.762000000]: Footprint model 'polygon' loaded for trajectory optimization.
[INFO] [1783925721.230103706, 533.654000000]: Footprint model 'polygon' loaded for trajectory optimization.
[INFO] [1783925721.919316109, 534.344000000]: Footprint model 'polygon' loaded for trajectory optimization.
[INFO] [1783925722.566035707, 534.988000000]: Footprint model 'polygon' loaded for trajectory optimization.
[INFO] [1783925723.212243010, 535.634000000]: Footprint model 'polygon' loaded for trajectory optimization.
[INFO] [1783925723.765617171, 536.186000000]: Footprint model 'polygon' loaded for trajectory optimization.
[INFO] [1783925724.367281497, 536.788000000]: Footprint model 'polygon' loaded for trajectory optimization.
[INFO] [1783925730.954899215, 543.362000000]: GOAL Reached!
[INFO] [1783925731.101969094, 543.508000000]: Footprint model 'polygon' loaded for trajectory optimization.
[INFO] [1783925731.994518551, 544.400000000]: Footprint model 'polygon' loaded for trajectory optimization.
[INFO] [1783925732.695653870, 545.098000000]: Footprint model 'polygon' loaded for trajectory optimization.
[INFO] [1783925733.343540223, 545.746000000]: Footprint model 'polygon' loaded for trajectory optimization.
[INFO] [1783925733.994968707, 546.396000000]: Footprint model 'polygon' loaded for trajectory optimization.
[INFO] [1783925734.644451755, 547.044000000]: Footprint model 'polygon' loaded for trajectory optimization.
[INFO] [1783925735.244278679, 547.644000000]: Footprint model 'polygon' loaded for trajectory optimization.
[INFO] [1783925738.224980981, 550.618000000]: GOAL Reached!
[INFO] [1783925738.367912412, 550.762000000]: Footprint model 'polygon' loaded for trajectory optimization.
[INFO] [1783925739.262941850, 551.654000000]: Footprint model 'polygon' loaded for trajectory optimization.
[INFO] [1783925739.903107682, 552.294000000]: Footprint model 'polygon' loaded for trajectory optimization.
[INFO] [1783925740.497164527, 552.886000000]: Footprint model 'polygon' loaded for trajectory optimization.
[INFO] [1783925741.093299221, 553.480000000]: Footprint model 'polygon' loaded for trajectory optimization.
[INFO] [1783925742.781647579, 555.166000000]: GOAL Reached!
[INFO] [1783925742.935136197, 555.320000000]: Footprint model 'polygon' loaded for trajectory optimization.
[INFO] [1783925743.810353622, 556.192000000]: Footprint model 'polygon' loaded for trajectory optimization.
[INFO] [1783925744.361261855, 556.744000000]: Footprint model 'polygon' loaded for trajectory optimization.
[INFO] [1783925745.011582998, 557.396000000]: Footprint model 'polygon' loaded for trajectory optimization.
[INFO] [1783925745.565532777, 557.944000000]: Footprint model 'polygon' loaded for trajectory optimization.
[INFO] [1783925746.217366126, 558.596000000]: Footprint model 'polygon' loaded for trajectory optimization.
[INFO] [1783925748.549535415, 560.922000000]: GOAL Reached!
[INFO] [1783925748.707195309, 561.080000000]: Footprint model 'polygon' loaded for trajectory optimization.
[INFO] [1783925749.584685510, 561.956000000]: Footprint model 'polygon' loaded for trajectory optimization.
[INFO] [1783925750.282137516, 562.652000000]: Footprint model 'polygon' loaded for trajectory optimization.
[INFO] [1783925750.929157115, 563.300000000]: Footprint model 'polygon' loaded for trajectory optimization.
[INFO] [1783925751.529731907, 563.898000000]: Footprint model 'polygon' loaded for trajectory optimization.
[INFO] [1783925752.179906066, 564.546000000]: Footprint model 'polygon' loaded for trajectory optimization.
[INFO] [1783925754.612126123, 566.974000000]: GOAL Reached!
[INFO] [1783925754.760673197, 567.122000000]: Footprint model 'polygon' loaded for trajectory optimization.
[INFO] [1783925755.654759968, 568.014000000]: Footprint model 'polygon' loaded for trajectory optimization.
[INFO] [1783925756.203693464, 568.564000000]: Footprint model 'polygon' loaded for trajectory optimization.
[INFO] [1783925756.844951536, 569.204000000]: Footprint model 'polygon' loaded for trajectory optimization.
[INFO] [1783925757.446525225, 569.802000000]: Footprint model 'polygon' loaded for trajectory optimization.
[INFO] [1783925758.043899176, 570.402000000]: Footprint model 'polygon' loaded for trajectory optimization.
[INFO] [1783925758.591691308, 570.950000000]: Footprint model 'polygon' loaded for trajectory optimization.
[INFO] [1783925764.081744535, 576.426000000]: GOAL Reached!
[INFO] [1783925764.233204331, 576.578000000]: Footprint model 'polygon' loaded for trajectory optimization.
[INFO] [1783925765.153289055, 577.496000000]: Footprint model 'polygon' loaded for trajectory optimization.
[INFO] [1783925765.838564220, 578.178000000]: Footprint model 'polygon' loaded for trajectory optimization.
[INFO] [1783925766.539643679, 578.882000000]: Footprint model 'polygon' loaded for trajectory optimization.
[INFO] [1783925767.086828492, 579.426000000]: Footprint model 'polygon' loaded for trajectory optimization.
[INFO] [1783925767.746853473, 580.084000000]: Footprint model 'polygon' loaded for trajectory optimization.
[INFO] [1783925768.340317239, 580.676000000]: Footprint model 'polygon' loaded for trajectory optimization.
[INFO] [1783925771.172144387, 583.504000000]: GOAL Reached!
[INFO] [1783925771.312425123, 583.646000000]: Footprint model 'polygon' loaded for trajectory optimization.
[INFO] [1783925772.204933599, 584.536000000]: Footprint model 'polygon' loaded for trajectory optimization.
[INFO] [1783925772.905574393, 585.234000000]: Footprint model 'polygon' loaded for trajectory optimization.
[INFO] [1783925773.601095130, 585.928000000]: Footprint model 'polygon' loaded for trajectory optimization.
[INFO] [1783925774.153511272, 586.480000000]: Footprint model 'polygon' loaded for trajectory optimization.
[INFO] [1783925775.733459773, 588.056000000]: GOAL Reached!
[INFO] [1783925775.876135459, 588.198000000]: Footprint model 'polygon' loaded for trajectory optimization.
[INFO] [1783925776.752491266, 589.074000000]: Footprint model 'polygon' loaded for trajectory optimization.
[INFO] [1783925777.400570802, 589.720000000]: Footprint model 'polygon' loaded for trajectory optimization.
[INFO] [1783925777.996456124, 590.314000000]: Footprint model 'polygon' loaded for trajectory optimization.
[INFO] [1783925778.646957879, 590.964000000]: Footprint model 'polygon' loaded for trajectory optimization.
[INFO] [1783925779.300059984, 591.616000000]: Footprint model 'polygon' loaded for trajectory optimization.
[INFO] [1783925781.577999292, 593.890000000]: GOAL Reached!
[INFO] [1783925781.730514694, 594.042000000]: Footprint model 'polygon' loaded for trajectory optimization.
[INFO] [1783925782.604725148, 594.914000000]: Footprint model 'polygon' loaded for trajectory optimization.
[INFO] [1783925783.213338525, 595.522000000]: Footprint model 'polygon' loaded for trajectory optimization.
[INFO] [1783925783.905971998, 596.214000000]: Footprint model 'polygon' loaded for trajectory optimization.
[INFO] [1783925784.505838226, 596.812000000]: Footprint model 'polygon' loaded for trajectory optimization.
[INFO] [1783925785.059311049, 597.366000000]: Footprint model 'polygon' loaded for trajectory optimization.
[INFO] [1783925787.840330866, 600.140000000]: GOAL Reached!
[INFO] [1783925787.971352681, 600.272000000]: Footprint model 'polygon' loaded for trajectory optimization.
[INFO] [1783925788.860027579, 601.158000000]: Footprint model 'polygon' loaded for trajectory optimization.
[INFO] [1783925789.459792937, 601.760000000]: Footprint model 'polygon' loaded for trajectory optimization.
[INFO] [1783925790.160993488, 602.456000000]: Footprint model 'polygon' loaded for trajectory optimization.
[INFO] [1783925790.866377182, 603.160000000]: Footprint model 'polygon' loaded for trajectory optimization.
[INFO] [1783925791.557381185, 603.852000000]: Footprint model 'polygon' loaded for trajectory optimization.
[INFO] [1783925792.158366514, 604.452000000]: Footprint model 'polygon' loaded for trajectory optimization.
[INFO] [1783925796.997080269, 609.280000000]: GOAL Reached!
[INFO] [1783925797.140240223, 609.422000000]: Footprint model 'polygon' loaded for trajectory optimization.
[INFO] [1783925798.014197603, 610.294000000]: Footprint model 'polygon' loaded for trajectory optimization.
[INFO] [1783925798.566544445, 610.844000000]: Footprint model 'polygon' loaded for trajectory optimization.
[INFO] [1783925799.166684851, 611.444000000]: Footprint model 'polygon' loaded for trajectory optimization.
[INFO] [1783925799.766225957, 612.046000000]: Footprint model 'polygon' loaded for trajectory optimization.
[INFO] [1783925800.369853962, 612.646000000]: Footprint model 'polygon' loaded for trajectory optimization.
[INFO] [1783925801.019003706, 613.296000000]: Footprint model 'polygon' loaded for trajectory optimization.
[INFO] [1783925804.246894850, 616.518000000]: GOAL Reached!
[INFO] [1783925804.395724466, 616.666000000]: Footprint model 'polygon' loaded for trajectory optimization.
[INFO] [1783925805.272556526, 617.538000000]: Footprint model 'polygon' loaded for trajectory optimization.
[INFO] [1783925805.926243967, 618.192000000]: Footprint model 'polygon' loaded for trajectory optimization.
[INFO] [1783925806.568302964, 618.836000000]: Footprint model 'polygon' loaded for trajectory optimization.
[INFO] [1783925807.266353720, 619.532000000]: Footprint model 'polygon' loaded for trajectory optimization.
[INFO] [1783925808.999833827, 621.260000000]: GOAL Reached!
[INFO] [1783925809.141959195, 621.402000000]: Footprint model 'polygon' loaded for trajectory optimization.
[INFO] [1783925810.019072492, 622.278000000]: Footprint model 'polygon' loaded for trajectory optimization.
[INFO] [1783925810.615422085, 622.874000000]: Footprint model 'polygon' loaded for trajectory optimization.
[INFO] [1783925811.221916918, 623.478000000]: Footprint model 'polygon' loaded for trajectory optimization.
[INFO] [1783925811.872482925, 624.128000000]: Footprint model 'polygon' loaded for trajectory optimization.
[INFO] [1783925812.519036462, 624.772000000]: Footprint model 'polygon' loaded for trajectory optimization.
[INFO] [1783925814.554409490, 626.804000000]: GOAL Reached!
[INFO] [1783925814.703236295, 626.952000000]: Footprint model 'polygon' loaded for trajectory optimization.
[INFO] [1783925815.588478076, 627.834000000]: Footprint model 'polygon' loaded for trajectory optimization.
[INFO] [1783925816.288250143, 628.534000000]: Footprint model 'polygon' loaded for trajectory optimization.
[INFO] [1783925816.987163671, 629.232000000]: Footprint model 'polygon' loaded for trajectory optimization.
[INFO] [1783925817.687167560, 629.930000000]: Footprint model 'polygon' loaded for trajectory optimization.
[INFO] [1783925818.338174744, 630.578000000]: Footprint model 'polygon' loaded for trajectory optimization.
[INFO] [1783925820.617700879, 632.854000000]: GOAL Reached!
[INFO] [1783925820.760872919, 632.998000000]: Footprint model 'polygon' loaded for trajectory optimization.
[INFO] [1783925821.660409720, 633.894000000]: Footprint model 'polygon' loaded for trajectory optimization.
[INFO] [1783925822.304732862, 634.538000000]: Footprint model 'polygon' loaded for trajectory optimization.
[INFO] [1783925822.902155452, 635.136000000]: Footprint model 'polygon' loaded for trajectory optimization.
[INFO] [1783925823.547451813, 635.778000000]: Footprint model 'polygon' loaded for trajectory optimization.
[INFO] [1783925824.199804584, 636.430000000]: Footprint model 'polygon' loaded for trajectory optimization.
[INFO] [1783925824.799393194, 637.028000000]: Footprint model 'polygon' loaded for trajectory optimization.
[INFO] [1783925830.076739368, 642.302000000]: GOAL Reached!
[INFO] [1783925830.212982635, 642.438000000]: Footprint model 'polygon' loaded for trajectory optimization.
[INFO] [1783925831.108417024, 643.332000000]: Footprint model 'polygon' loaded for trajectory optimization.
[INFO] [1783925831.754914196, 643.974000000]: Footprint model 'polygon' loaded for trajectory optimization.
[INFO] [1783925832.356647123, 644.574000000]: Footprint model 'polygon' loaded for trajectory optimization.
[INFO] [1783925832.952780839, 645.168000000]: Footprint model 'polygon' loaded for trajectory optimization.
[INFO] [1783925833.551966063, 645.768000000]: Footprint model 'polygon' loaded for trajectory optimization.
[INFO] [1783925834.156313877, 646.370000000]: Footprint model 'polygon' loaded for trajectory optimization.
[INFO] [1783925837.336306362, 649.544000000]: GOAL Reached!
[INFO] [1783925837.475829999, 649.684000000]: Footprint model 'polygon' loaded for trajectory optimization.
[INFO] [1783925838.369373601, 650.576000000]: Footprint model 'polygon' loaded for trajectory optimization.
[INFO] [1783925839.009215969, 651.218000000]: Footprint model 'polygon' loaded for trajectory optimization.
[INFO] [1783925839.602373913, 651.810000000]: Footprint model 'polygon' loaded for trajectory optimization.
[INFO] [1783925840.253898888, 652.456000000]: Footprint model 'polygon' loaded for trajectory optimization.
[INFO] [1783925841.885828557, 654.088000000]: GOAL Reached!
[INFO] [1783925842.027489764, 654.230000000]: Footprint model 'polygon' loaded for trajectory optimization.
[INFO] [1783925842.916411584, 655.114000000]: Footprint model 'polygon' loaded for trajectory optimization.
[INFO] [1783925843.557283394, 655.754000000]: Footprint model 'polygon' loaded for trajectory optimization.
[INFO] [1783925844.209472215, 656.404000000]: Footprint model 'polygon' loaded for trajectory optimization.
[INFO] [1783925844.758090432, 656.952000000]: Footprint model 'polygon' loaded for trajectory optimization.
[INFO] [1783925845.411798972, 657.604000000]: Footprint model 'polygon' loaded for trajectory optimization.
[INFO] [1783925847.541247145, 659.732000000]: GOAL Reached!
[INFO] [1783925847.696639623, 659.888000000]: Footprint model 'polygon' loaded for trajectory optimization.
[INFO] [1783925848.566691664, 660.756000000]: Footprint model 'polygon' loaded for trajectory optimization.
[INFO] [1783925849.172495420, 661.358000000]: Footprint model 'polygon' loaded for trajectory optimization.
[INFO] [1783925849.824015324, 662.008000000]: Footprint model 'polygon' loaded for trajectory optimization.
[INFO] [1783925850.420724562, 662.606000000]: Footprint model 'polygon' loaded for trajectory optimization.
[INFO] [1783925851.070854851, 663.254000000]: Footprint model 'polygon' loaded for trajectory optimization.
[INFO] [1783925853.402538023, 665.582000000]: GOAL Reached!
[INFO] [1783925853.547124681, 665.726000000]: Footprint model 'polygon' loaded for trajectory optimization.
[INFO] [1783925854.437307699, 666.616000000]: Footprint model 'polygon' loaded for trajectory optimization.
[INFO] [1783925855.077942000, 667.254000000]: Footprint model 'polygon' loaded for trajectory optimization.
[INFO] [1783925855.670827120, 667.846000000]: Footprint model 'polygon' loaded for trajectory optimization.
[INFO] [1783925856.326026225, 668.500000000]: Footprint model 'polygon' loaded for trajectory optimization.
[INFO] [1783925856.977840332, 669.150000000]: Footprint model 'polygon' loaded for trajectory optimization.
[INFO] [1783925857.627873925, 669.800000000]: Footprint model 'polygon' loaded for trajectory optimization.
[INFO] [1783925862.561752357, 674.724000000]: GOAL Reached!
[INFO] [1783925862.699052086, 674.862000000]: Footprint model 'polygon' loaded for trajectory optimization.
[INFO] [1783925863.592750976, 675.754000000]: Footprint model 'polygon' loaded for trajectory optimization.
[INFO] [1783925864.235751574, 676.396000000]: Footprint model 'polygon' loaded for trajectory optimization.
[INFO] [1783925864.835039073, 676.994000000]: Footprint model 'polygon' loaded for trajectory optimization.
[INFO] [1783925865.485717574, 677.642000000]: Footprint model 'polygon' loaded for trajectory optimization.
[INFO] [1783925866.183292022, 678.340000000]: Footprint model 'polygon' loaded for trajectory optimization.
[INFO] [1783925866.779448699, 678.934000000]: Footprint model 'polygon' loaded for trajectory optimization.
[INFO] [1783925869.813933232, 681.964000000]: GOAL Reached!
[INFO] [1783925869.970088528, 682.120000000]: Footprint model 'polygon' loaded for trajectory optimization.
[INFO] [1783925870.852518132, 683.000000000]: Footprint model 'polygon' loaded for trajectory optimization.
[INFO] [1783925871.493277100, 683.640000000]: Footprint model 'polygon' loaded for trajectory optimization.
[INFO] [1783925872.145980701, 684.292000000]: Footprint model 'polygon' loaded for trajectory optimization.
[INFO] [1783925872.790774953, 684.934000000]: Footprint model 'polygon' loaded for trajectory optimization.
[INFO] [1783925874.375288655, 686.516000000]: GOAL Reached!
[INFO] [1783925874.527342200, 686.670000000]: Footprint model 'polygon' loaded for trajectory optimization.
[INFO] [1783925875.396852660, 687.536000000]: Footprint model 'polygon' loaded for trajectory optimization.
[INFO] [1783925876.002170731, 688.138000000]: Footprint model 'polygon' loaded for trajectory optimization.
[INFO] [1783925876.595219388, 688.732000000]: Footprint model 'polygon' loaded for trajectory optimization.
[INFO] [1783925877.193836031, 689.330000000]: Footprint model 'polygon' loaded for trajectory optimization.
[INFO] [1783925877.795982468, 689.934000000]: Footprint model 'polygon' loaded for trajectory optimization.
[INFO] [1783925880.226136534, 692.362000000]: GOAL Reached!
[INFO] [1783925880.367526407, 692.502000000]: Footprint model 'polygon' loaded for trajectory optimization.
[INFO] [1783925881.245729596, 693.376000000]: Footprint model 'polygon' loaded for trajectory optimization.
[INFO] [1783925881.891260994, 694.020000000]: Footprint model 'polygon' loaded for trajectory optimization.
[INFO] [1783925882.549927572, 694.676000000]: Footprint model 'polygon' loaded for trajectory optimization.
[INFO] [1783925883.193557257, 695.322000000]: Footprint model 'polygon' loaded for trajectory optimization.
[INFO] [1783925883.842331731, 695.968000000]: Footprint model 'polygon' loaded for trajectory optimization.
[INFO] [1783925886.370391409, 698.496000000]: GOAL Reached!
[INFO] [1783925886.521296754, 698.646000000]: Footprint model 'polygon' loaded for trajectory optimization.
[INFO] [1783925887.410262413, 699.530000000]: Footprint model 'polygon' loaded for trajectory optimization.
[INFO] [1783925888.065301322, 700.184000000]: Footprint model 'polygon' loaded for trajectory optimization.
[INFO] [1783925888.663383419, 700.780000000]: Footprint model 'polygon' loaded for trajectory optimization.
[INFO] [1783925889.260767184, 701.378000000]: Footprint model 'polygon' loaded for trajectory optimization.
[INFO] [1783925889.913578850, 702.030000000]: Footprint model 'polygon' loaded for trajectory optimization.
[INFO] [1783925890.562663573, 702.678000000]: Footprint model 'polygon' loaded for trajectory optimization.
[INFO] [1783925891.212121735, 703.324000000]: Footprint model 'polygon' loaded for trajectory optimization.
[INFO] [1783925891.866579714, 703.978000000]: Footprint model 'polygon' loaded for trajectory optimization.
[INFO] [1783925892.511013106, 704.624000000]: Footprint model 'polygon' loaded for trajectory optimization.
[INFO] [1783925894.044053555, 706.152000000]: GOAL Reached!
[INFO] [1783925894.188461107, 706.294000000]: Footprint model 'polygon' loaded for trajectory optimization.
[INFO] [1783925895.072566177, 707.178000000]: Footprint model 'polygon' loaded for trajectory optimization.
[INFO] [1783925895.771158078, 707.876000000]: Footprint model 'polygon' loaded for trajectory optimization.
[INFO] [1783925896.423162890, 708.526000000]: Footprint model 'polygon' loaded for trajectory optimization.
[INFO] [1783925897.021165303, 709.124000000]: Footprint model 'polygon' loaded for trajectory optimization.
[INFO] [1783925897.675561017, 709.776000000]: Footprint model 'polygon' loaded for trajectory optimization.
[INFO] [1783925898.277547111, 710.376000000]: Footprint model 'polygon' loaded for trajectory optimization.
[INFO] [1783925901.300265336, 713.396000000]: GOAL Reached!
[INFO] [1783925901.456759403, 713.554000000]: Footprint model 'polygon' loaded for trajectory optimization.
[INFO] [1783925902.326838559, 714.418000000]: Footprint model 'polygon' loaded for trajectory optimization.
[INFO] [1783925902.877499845, 714.970000000]: Footprint model 'polygon' loaded for trajectory optimization.
[INFO] [1783925903.479339858, 715.570000000]: Footprint model 'polygon' loaded for trajectory optimization.
[INFO] [1783925904.077640290, 716.168000000]: Footprint model 'polygon' loaded for trajectory optimization.
[INFO] [1783925905.959429260, 718.046000000]: GOAL Reached!
[INFO] [1783925906.108648649, 718.194000000]: Footprint model 'polygon' loaded for trajectory optimization.
[INFO] [1783925906.990632975, 719.076000000]: Footprint model 'polygon' loaded for trajectory optimization.
[INFO] [1783925907.635777767, 719.720000000]: Footprint model 'polygon' loaded for trajectory optimization.
[INFO] [1783925908.237841182, 720.320000000]: Footprint model 'polygon' loaded for trajectory optimization.
[INFO] [1783925908.835473947, 720.918000000]: Footprint model 'polygon' loaded for trajectory optimization.
[INFO] [1783925909.437022380, 721.518000000]: Footprint model 'polygon' loaded for trajectory optimization.
[INFO] [1783925911.716068270, 723.794000000]: GOAL Reached!
[INFO] [1783925911.865349746, 723.944000000]: Footprint model 'polygon' loaded for trajectory optimization.
[INFO] [1783925912.740555742, 724.814000000]: Footprint model 'polygon' loaded for trajectory optimization.
[INFO] [1783925913.336787969, 725.412000000]: Footprint model 'polygon' loaded for trajectory optimization.
[INFO] [1783925913.889045034, 725.962000000]: Footprint model 'polygon' loaded for trajectory optimization.
[INFO] [1783925914.486979619, 726.562000000]: Footprint model 'polygon' loaded for trajectory optimization.
[INFO] [1783925915.141867444, 727.212000000]: Footprint model 'polygon' loaded for trajectory optimization.
[INFO] [1783925917.774125732, 729.838000000]: GOAL Reached!
[INFO] [1783925917.910678268, 729.976000000]: Footprint model 'polygon' loaded for trajectory optimization.
[INFO] [1783925918.790139554, 730.854000000]: Footprint model 'polygon' loaded for trajectory optimization.
[INFO] [1783925919.440531974, 731.502000000]: Footprint model 'polygon' loaded for trajectory optimization.
[INFO] [1783925920.043520107, 732.104000000]: Footprint model 'polygon' loaded for trajectory optimization.
[INFO] [1783925920.695519029, 732.754000000]: Footprint model 'polygon' loaded for trajectory optimization.
[INFO] [1783925921.340693359, 733.398000000]: Footprint model 'polygon' loaded for trajectory optimization.
[INFO] [1783925921.943724711, 734.000000000]: Footprint model 'polygon' loaded for trajectory optimization.
[INFO] [1783925928.226811851, 740.272000000]: GOAL Reached!
[INFO] [1783925928.360617399, 740.406000000]: Footprint model 'polygon' loaded for trajectory optimization.
[INFO] [1783925929.232784952, 741.276000000]: Footprint model 'polygon' loaded for trajectory optimization.
[INFO] [1783925929.789681867, 741.832000000]: Footprint model 'polygon' loaded for trajectory optimization.
[INFO] [1783925930.389066808, 742.430000000]: Footprint model 'polygon' loaded for trajectory optimization.
[INFO] [1783925930.987286239, 743.028000000]: Footprint model 'polygon' loaded for trajectory optimization.
[INFO] [1783925931.642532799, 743.680000000]: Footprint model 'polygon' loaded for trajectory optimization.
[INFO] [1783925932.340068880, 744.376000000]: Footprint model 'polygon' loaded for trajectory optimization.
[INFO] [1783925935.471511835, 747.502000000]: GOAL Reached!
[INFO] [1783925935.622562780, 747.652000000]: Footprint model 'polygon' loaded for trajectory optimization.
[INFO] [1783925936.520976406, 748.550000000]: Footprint model 'polygon' loaded for trajectory optimization.
[INFO] [1783925937.165223626, 749.194000000]: Footprint model 'polygon' loaded for trajectory optimization.
[INFO] [1783925937.814777728, 749.840000000]: Footprint model 'polygon' loaded for trajectory optimization.
[INFO] [1783925938.415487122, 750.440000000]: Footprint model 'polygon' loaded for trajectory optimization.
[INFO] [1783925940.146299586, 752.168000000]: GOAL Reached!
[INFO] [1783925940.305517787, 752.328000000]: Footprint model 'polygon' loaded for trajectory optimization.
[INFO] [1783925941.174964770, 753.196000000]: Footprint model 'polygon' loaded for trajectory optimization.
[INFO] [1783925941.723788886, 753.742000000]: Footprint model 'polygon' loaded for trajectory optimization.
[INFO] [1783925942.323473791, 754.342000000]: Footprint model 'polygon' loaded for trajectory optimization.
[INFO] [1783925942.976617856, 754.992000000]: Footprint model 'polygon' loaded for trajectory optimization.
[INFO] [1783925943.573156658, 755.590000000]: Footprint model 'polygon' loaded for trajectory optimization.
[INFO] [1783925945.408884453, 757.420000000]: GOAL Reached!
[INFO] [1783925945.530108302, 757.540000000]: Footprint model 'polygon' loaded for trajectory optimization.
[INFO] [1783925946.405987264, 758.416000000]: Footprint model 'polygon' loaded for trajectory optimization.
[INFO] [1783925947.057058014, 759.066000000]: Footprint model 'polygon' loaded for trajectory optimization.
[INFO] [1783925947.656118381, 759.662000000]: Footprint model 'polygon' loaded for trajectory optimization.
[INFO] [1783925948.304276746, 760.310000000]: Footprint model 'polygon' loaded for trajectory optimization.
[INFO] [1783925948.854265511, 760.858000000]: Footprint model 'polygon' loaded for trajectory optimization.
[INFO] [1783925951.237484395, 763.238000000]: GOAL Reached!
[INFO] [1783925951.378598991, 763.380000000]: Footprint model 'polygon' loaded for trajectory optimization.
[INFO] [1783925952.277955641, 764.276000000]: Footprint model 'polygon' loaded for trajectory optimization.
[INFO] [1783925952.921988340, 764.918000000]: Footprint model 'polygon' loaded for trajectory optimization.
[INFO] [1783925953.515276379, 765.512000000]: Footprint model 'polygon' loaded for trajectory optimization.
[INFO] [1783925954.166712602, 766.162000000]: Footprint model 'polygon' loaded for trajectory optimization.
[INFO] [1783925954.861370175, 766.858000000]: Footprint model 'polygon' loaded for trajectory optimization.
[INFO] [1783925955.517641008, 767.510000000]: Footprint model 'polygon' loaded for trajectory optimization.
[INFO] [1783925960.598769974, 772.584000000]: GOAL Reached!
[INFO] [1783925960.741467682, 772.726000000]: Footprint model 'polygon' loaded for trajectory optimization.
[INFO] [1783925961.637182631, 773.618000000]: Footprint model 'polygon' loaded for trajectory optimization.
[INFO] [1783925962.280576662, 774.258000000]: Footprint model 'polygon' loaded for trajectory optimization.
[INFO] [1783925962.882341259, 774.860000000]: Footprint model 'polygon' loaded for trajectory optimization.
[INFO] [1783925963.527973188, 775.510000000]: Footprint model 'polygon' loaded for trajectory optimization.
[INFO] [1783925964.078177712, 776.054000000]: Footprint model 'polygon' loaded for trajectory optimization.
[INFO] [1783925964.680941857, 776.658000000]: Footprint model 'polygon' loaded for trajectory optimization.
[INFO] [1783925967.759264562, 779.732000000]: GOAL Reached!
[INFO] [1783925967.908479465, 779.880000000]: Footprint model 'polygon' loaded for trajectory optimization.
[INFO] [1783925968.784085626, 780.752000000]: Footprint model 'polygon' loaded for trajectory optimization.
[INFO] [1783925969.439979834, 781.408000000]: Footprint model 'polygon' loaded for trajectory optimization.
[INFO] [1783925970.044151536, 782.010000000]: Footprint model 'polygon' loaded for trajectory optimization.
[INFO] [1783925970.642396380, 782.606000000]: Footprint model 'polygon' loaded for trajectory optimization.
[INFO] [1783925972.324074190, 784.286000000]: GOAL Reached!
[INFO] [1783925972.460471402, 784.420000000]: Footprint model 'polygon' loaded for trajectory optimization.
[INFO] [1783925973.333477406, 785.294000000]: Footprint model 'polygon' loaded for trajectory optimization.
[INFO] [1783925973.933585532, 785.892000000]: Footprint model 'polygon' loaded for trajectory optimization.
[INFO] [1783925974.591566545, 786.552000000]: Footprint model 'polygon' loaded for trajectory optimization.
[INFO] [1783925975.190549853, 787.148000000]: Footprint model 'polygon' loaded for trajectory optimization.
[INFO] [1783925975.787466139, 787.744000000]: Footprint model 'polygon' loaded for trajectory optimization.
[INFO] [1783925978.073130372, 790.024000000]: GOAL Reached!
[INFO] [1783925978.216763827, 790.168000000]: Footprint model 'polygon' loaded for trajectory optimization.
[INFO] [1783925979.104052145, 791.054000000]: Footprint model 'polygon' loaded for trajectory optimization.
[INFO] [1783925979.752296400, 791.700000000]: Footprint model 'polygon' loaded for trajectory optimization.
[INFO] [1783925980.353068029, 792.300000000]: Footprint model 'polygon' loaded for trajectory optimization.
[INFO] [1783925980.951531113, 792.898000000]: Footprint model 'polygon' loaded for trajectory optimization.
[INFO] [1783925981.603106445, 793.548000000]: Footprint model 'polygon' loaded for trajectory optimization.
[INFO] [1783925983.934333445, 795.874000000]: GOAL Reached!
[INFO] [1783925984.074681077, 796.014000000]: Footprint model 'polygon' loaded for trajectory optimization.
[INFO] [1783925984.979966201, 796.918000000]: Footprint model 'polygon' loaded for trajectory optimization.
[INFO] [1783925985.619497835, 797.556000000]: Footprint model 'polygon' loaded for trajectory optimization.
[INFO] [1783925986.268155643, 798.202000000]: Footprint model 'polygon' loaded for trajectory optimization.
[INFO] [1783925986.810554565, 798.746000000]: Footprint model 'polygon' loaded for trajectory optimization.
[INFO] [1783925987.416426584, 799.350000000]: Footprint model 'polygon' loaded for trajectory optimization.
[INFO] [1783925988.014480811, 799.948000000]: Footprint model 'polygon' loaded for trajectory optimization.
[INFO] [1783925993.499983193, 805.424000000]: GOAL Reached!
[INFO] [1783925993.636110447, 805.562000000]: Footprint model 'polygon' loaded for trajectory optimization.
[INFO] [1783925994.532678173, 806.454000000]: Footprint model 'polygon' loaded for trajectory optimization.
[INFO] [1783925995.078336816, 806.998000000]: Footprint model 'polygon' loaded for trajectory optimization.
[INFO] [1783925995.682396371, 807.602000000]: Footprint model 'polygon' loaded for trajectory optimization.
[INFO] [1783925996.335442911, 808.254000000]: Footprint model 'polygon' loaded for trajectory optimization.
[INFO] [1783925996.984450038, 808.900000000]: Footprint model 'polygon' loaded for trajectory optimization.
[INFO] [1783925997.633046349, 809.550000000]: Footprint model 'polygon' loaded for trajectory optimization.
[INFO] [1783926000.763706758, 812.672000000]: GOAL Reached!
[INFO] [1783926000.916195629, 812.824000000]: Footprint model 'polygon' loaded for trajectory optimization.
[INFO] [1783926001.790531759, 813.696000000]: Footprint model 'polygon' loaded for trajectory optimization.
[INFO] [1783926002.443567254, 814.350000000]: Footprint model 'polygon' loaded for trajectory optimization.
[INFO] [1783926003.036432912, 814.940000000]: Footprint model 'polygon' loaded for trajectory optimization.
[INFO] [1783926003.633904137, 815.538000000]: Footprint model 'polygon' loaded for trajectory optimization.
[INFO] [1783926005.320140671, 817.220000000]: GOAL Reached!
[INFO] [1783926005.470175238, 817.370000000]: Footprint model 'polygon' loaded for trajectory optimization.
[INFO] [1783926006.357153414, 818.256000000]: Footprint model 'polygon' loaded for trajectory optimization.
[INFO] [1783926007.046956322, 818.948000000]: Footprint model 'polygon' loaded for trajectory optimization.
[INFO] [1783926007.745664174, 819.644000000]: Footprint model 'polygon' loaded for trajectory optimization.
[INFO] [1783926008.348204214, 820.242000000]: Footprint model 'polygon' loaded for trajectory optimization.
[INFO] [1783926008.952830411, 820.848000000]: Footprint model 'polygon' loaded for trajectory optimization.
[INFO] [1783926010.781293732, 822.672000000]: GOAL Reached!
[INFO] [1783926010.916093230, 822.806000000]: Footprint model 'polygon' loaded for trajectory optimization.
[INFO] [1783926011.805189398, 823.696000000]: Footprint model 'polygon' loaded for trajectory optimization.
[INFO] [1783926012.503246580, 824.390000000]: Footprint model 'polygon' loaded for trajectory optimization.
[INFO] [1783926013.197169321, 825.086000000]: Footprint model 'polygon' loaded for trajectory optimization.
[INFO] [1783926013.750603794, 825.634000000]: Footprint model 'polygon' loaded for trajectory optimization.
[INFO] [1783926014.351468632, 826.234000000]: Footprint model 'polygon' loaded for trajectory optimization.
[INFO] [1783926016.629495493, 828.510000000]: GOAL Reached!
[INFO] [1783926016.773175738, 828.654000000]: Footprint model 'polygon' loaded for trajectory optimization.
[INFO] [1783926017.689061168, 829.566000000]: Footprint model 'polygon' loaded for trajectory optimization.
[INFO] [1783926018.357545083, 830.234000000]: Footprint model 'polygon' loaded for trajectory optimization.
[INFO] [1783926019.004615557, 830.882000000]: Footprint model 'polygon' loaded for trajectory optimization.
[INFO] [1783926019.607672962, 831.482000000]: Footprint model 'polygon' loaded for trajectory optimization.
[INFO] [1783926020.208607961, 832.080000000]: Footprint model 'polygon' loaded for trajectory optimization.
[INFO] [1783926020.831437598, 832.706000000]: Footprint model 'polygon' loaded for trajectory optimization.
[INFO] [1783926025.889488329, 837.754000000]: GOAL Reached!
[INFO] [1783926026.045986010, 837.908000000]: Footprint model 'polygon' loaded for trajectory optimization.
[INFO] [1783926026.936242195, 838.796000000]: Footprint model 'polygon' loaded for trajectory optimization.
[INFO] [1783926027.622867261, 839.484000000]: Footprint model 'polygon' loaded for trajectory optimization.
[INFO] [1783926028.275565045, 840.134000000]: Footprint model 'polygon' loaded for trajectory optimization.
[INFO] [1783926028.878038037, 840.734000000]: Footprint model 'polygon' loaded for trajectory optimization.
[INFO] [1783926029.526574269, 841.382000000]: Footprint model 'polygon' loaded for trajectory optimization.
[INFO] [1783926030.178547784, 842.032000000]: Footprint model 'polygon' loaded for trajectory optimization.
[INFO] [1783926033.157599770, 845.006000000]: GOAL Reached!
[INFO] [1783926033.312069200, 845.160000000]: Footprint model 'polygon' loaded for trajectory optimization.
[INFO] [1783926034.187054897, 846.034000000]: Footprint model 'polygon' loaded for trajectory optimization.
[INFO] [1783926034.780752273, 846.630000000]: Footprint model 'polygon' loaded for trajectory optimization.
[INFO] [1783926035.389894354, 847.234000000]: Footprint model 'polygon' loaded for trajectory optimization.
[INFO] [1783926035.994443844, 847.838000000]: Footprint model 'polygon' loaded for trajectory optimization.
[INFO] [1783926037.825310131, 849.666000000]: GOAL Reached!
[INFO] [1783926037.972621166, 849.812000000]: Footprint model 'polygon' loaded for trajectory optimization.
[INFO] [1783926038.854353757, 850.692000000]: Footprint model 'polygon' loaded for trajectory optimization.
[INFO] [1783926039.546440889, 851.382000000]: Footprint model 'polygon' loaded for trajectory optimization.
[INFO] [1783926040.095646921, 851.930000000]: Footprint model 'polygon' loaded for trajectory optimization.
[INFO] [1783926040.693332414, 852.530000000]: Footprint model 'polygon' loaded for trajectory optimization.
[INFO] [1783926041.292933556, 853.130000000]: Footprint model 'polygon' loaded for trajectory optimization.
[INFO] [1783926043.675659113, 855.506000000]: GOAL Reached!
[INFO] [1783926043.822412652, 855.652000000]: Footprint model 'polygon' loaded for trajectory optimization.
[INFO] [1783926044.705110832, 856.536000000]: Footprint model 'polygon' loaded for trajectory optimization.
[INFO] [1783926045.354108802, 857.182000000]: Footprint model 'polygon' loaded for trajectory optimization.
[INFO] [1783926045.947935766, 857.776000000]: Footprint model 'polygon' loaded for trajectory optimization.
[INFO] [1783926046.593153426, 858.418000000]: Footprint model 'polygon' loaded for trajectory optimization.
[INFO] [1783926047.247554622, 859.072000000]: Footprint model 'polygon' loaded for trajectory optimization.
[INFO] [1783926049.929254770, 861.748000000]: GOAL Reached!
[INFO] [1783926050.063663854, 861.882000000]: Footprint model 'polygon' loaded for trajectory optimization.
[INFO] [1783926050.959126590, 862.776000000]: Footprint model 'polygon' loaded for trajectory optimization.
[INFO] [1783926051.506505353, 863.326000000]: Footprint model 'polygon' loaded for trajectory optimization.
[INFO] [1783926052.163282120, 863.978000000]: Footprint model 'polygon' loaded for trajectory optimization.
[INFO] [1783926052.862125563, 864.674000000]: Footprint model 'polygon' loaded for trajectory optimization.
[INFO] [1783926053.508597903, 865.320000000]: Footprint model 'polygon' loaded for trajectory optimization.
[INFO] [1783926054.163005096, 865.974000000]: Footprint model 'polygon' loaded for trajectory optimization.
[INFO] [1783926060.693789458, 872.492000000]: GOAL Reached!
[INFO] [1783926060.839891878, 872.640000000]: Footprint model 'polygon' loaded for trajectory optimization.
[INFO] [1783926061.735153884, 873.534000000]: Footprint model 'polygon' loaded for trajectory optimization.
[INFO] [1783926062.377670257, 874.176000000]: Footprint model 'polygon' loaded for trajectory optimization.
[INFO] [1783926062.977512054, 874.774000000]: Footprint model 'polygon' loaded for trajectory optimization.
[INFO] [1783926063.626815127, 875.420000000]: Footprint model 'polygon' loaded for trajectory optimization.
[INFO] [1783926064.227554162, 876.020000000]: Footprint model 'polygon' loaded for trajectory optimization.
[INFO] [1783926064.780024090, 876.572000000]: Footprint model 'polygon' loaded for trajectory optimization.
[INFO] [1783926067.959535362, 879.746000000]: GOAL Reached!
[INFO] [1783926068.097645555, 879.884000000]: Footprint model 'polygon' loaded for trajectory optimization.
[INFO] [1783926068.971877020, 880.754000000]: Footprint model 'polygon' loaded for trajectory optimization.
[INFO] [1783926069.514910090, 881.302000000]: Footprint model 'polygon' loaded for trajectory optimization.
[INFO] [1783926070.123424262, 881.906000000]: Footprint model 'polygon' loaded for trajectory optimization.
[INFO] [1783926070.770637407, 882.552000000]: Footprint model 'polygon' loaded for trajectory optimization.
[INFO] [1783926072.503519356, 884.280000000]: GOAL Reached!
[INFO] [1783926072.659889198, 884.436000000]: Footprint model 'polygon' loaded for trajectory optimization.
[INFO] [1783926073.542740929, 885.316000000]: Footprint model 'polygon' loaded for trajectory optimization.
[INFO] [1783926074.189911770, 885.962000000]: Footprint model 'polygon' loaded for trajectory optimization.
[INFO] [1783926074.788127770, 886.560000000]: Footprint model 'polygon' loaded for trajectory optimization.
[INFO] [1783926075.440336206, 887.212000000]: Footprint model 'polygon' loaded for trajectory optimization.
[INFO] [1783926076.090997791, 887.862000000]: Footprint model 'polygon' loaded for trajectory optimization.
[INFO] [1783926078.071122604, 889.838000000]: GOAL Reached!
[INFO] [1783926078.215305949, 889.982000000]: Footprint model 'polygon' loaded for trajectory optimization.
[INFO] [1783926079.113645881, 890.878000000]: Footprint model 'polygon' loaded for trajectory optimization.
[INFO] [1783926079.748600980, 891.512000000]: Footprint model 'polygon' loaded for trajectory optimization.
[INFO] [1783926080.400318543, 892.162000000]: Footprint model 'polygon' loaded for trajectory optimization.
[INFO] [1783926081.049231099, 892.810000000]: Footprint model 'polygon' loaded for trajectory optimization.
[INFO] [1783926081.651949685, 893.410000000]: Footprint model 'polygon' loaded for trajectory optimization.
[INFO] [1783926084.129248270, 895.884000000]: GOAL Reached!
[INFO] [1783926084.266096815, 896.020000000]: Footprint model 'polygon' loaded for trajectory optimization.
[INFO] [1783926085.161073382, 896.914000000]: Footprint model 'polygon' loaded for trajectory optimization.
[INFO] [1783926085.743749627, 897.498000000]: Footprint model 'polygon' loaded for trajectory optimization.
[INFO] [1783926086.346841486, 898.098000000]: Footprint model 'polygon' loaded for trajectory optimization.
[INFO] [1783926086.899899908, 898.650000000]: Footprint model 'polygon' loaded for trajectory optimization.
[INFO] [1783926087.501186446, 899.250000000]: Footprint model 'polygon' loaded for trajectory optimization.
[INFO] [1783926088.103472138, 899.852000000]: Footprint model 'polygon' loaded for trajectory optimization.
[INFO] [1783926093.385799316, 905.124000000]: GOAL Reached!
[INFO] [1783926093.541361787, 905.280000000]: Footprint model 'polygon' loaded for trajectory optimization.
[INFO] [1783926094.440657756, 906.174000000]: Footprint model 'polygon' loaded for trajectory optimization.
[INFO] [1783926095.129428684, 906.864000000]: Footprint model 'polygon' loaded for trajectory optimization.
[INFO] [1783926095.724316981, 907.456000000]: Footprint model 'polygon' loaded for trajectory optimization.
[INFO] [1783926096.433091417, 908.164000000]: Footprint model 'polygon' loaded for trajectory optimization.
[INFO] [1783926097.078422674, 908.812000000]: Footprint model 'polygon' loaded for trajectory optimization.
[INFO] [1783926097.682996349, 909.412000000]: Footprint model 'polygon' loaded for trajectory optimization.
[INFO] [1783926100.561367112, 912.286000000]: GOAL Reached!
[INFO] [1783926100.709320696, 912.432000000]: Footprint model 'polygon' loaded for trajectory optimization.
[INFO] [1783926101.593096244, 913.316000000]: Footprint model 'polygon' loaded for trajectory optimization.
[INFO] [1783926102.150041892, 913.870000000]: Footprint model 'polygon' loaded for trajectory optimization.
[INFO] [1783926102.751347202, 914.472000000]: Footprint model 'polygon' loaded for trajectory optimization.
[INFO] [1783926103.350900551, 915.072000000]: Footprint model 'polygon' loaded for trajectory optimization.
[INFO] [1783926105.128452435, 916.848000000]: GOAL Reached!
[INFO] [1783926105.263393337, 916.982000000]: Footprint model 'polygon' loaded for trajectory optimization.
[INFO] [1783926106.164651767, 917.878000000]: Footprint model 'polygon' loaded for trajectory optimization.
[INFO] [1783926106.800299104, 918.516000000]: Footprint model 'polygon' loaded for trajectory optimization.
[INFO] [1783926107.455348300, 919.166000000]: Footprint model 'polygon' loaded for trajectory optimization.
[INFO] [1783926108.000275164, 919.712000000]: Footprint model 'polygon' loaded for trajectory optimization.
[INFO] [1783926108.603814518, 920.314000000]: Footprint model 'polygon' loaded for trajectory optimization.
[INFO] [1783926110.584158237, 922.290000000]: GOAL Reached!
[INFO] [1783926110.728938243, 922.436000000]: Footprint model 'polygon' loaded for trajectory optimization.
[INFO] [1783926111.611091135, 923.316000000]: Footprint model 'polygon' loaded for trajectory optimization.
[INFO] [1783926112.213254491, 923.918000000]: Footprint model 'polygon' loaded for trajectory optimization.
[INFO] [1783926112.769122918, 924.472000000]: Footprint model 'polygon' loaded for trajectory optimization.
[INFO] [1783926113.370526579, 925.072000000]: Footprint model 'polygon' loaded for trajectory optimization.
[INFO] [1783926114.019566210, 925.720000000]: Footprint model 'polygon' loaded for trajectory optimization.
[INFO] [1783926116.949582826, 928.644000000]: GOAL Reached!
[INFO] [1783926117.106305939, 928.800000000]: Footprint model 'polygon' loaded for trajectory optimization.
[INFO] [1783926118.002098898, 929.694000000]: Footprint model 'polygon' loaded for trajectory optimization.
[INFO] [1783926118.642061007, 930.332000000]: Footprint model 'polygon' loaded for trajectory optimization.
[INFO] [1783926119.238058003, 930.928000000]: Footprint model 'polygon' loaded for trajectory optimization.
[INFO] [1783926119.887204904, 931.578000000]: Footprint model 'polygon' loaded for trajectory optimization.
[INFO] [1783926120.438135494, 932.126000000]: Footprint model 'polygon' loaded for trajectory optimization.
[INFO] [1783926121.040765927, 932.730000000]: Footprint model 'polygon' loaded for trajectory optimization.
[INFO] [1783926126.023224015, 937.700000000]: GOAL Reached!
[INFO] [1783926126.165123283, 937.842000000]: Footprint model 'polygon' loaded for trajectory optimization.
[INFO] [1783926127.056926692, 938.734000000]: Footprint model 'polygon' loaded for trajectory optimization.
[INFO] [1783926127.758727531, 939.432000000]: Footprint model 'polygon' loaded for trajectory optimization.
[INFO] [1783926128.405653752, 940.078000000]: Footprint model 'polygon' loaded for trajectory optimization.
[INFO] [1783926129.002552277, 940.674000000]: Footprint model 'polygon' loaded for trajectory optimization.
[INFO] [1783926129.653123363, 941.324000000]: Footprint model 'polygon' loaded for trajectory optimization.
[INFO] [1783926130.254016012, 941.922000000]: Footprint model 'polygon' loaded for trajectory optimization.
[INFO] [1783926133.285524329, 944.948000000]: GOAL Reached!
[INFO] [1783926133.445877713, 945.108000000]: Footprint model 'polygon' loaded for trajectory optimization.
[INFO] [1783926134.310016703, 945.970000000]: Footprint model 'polygon' loaded for trajectory optimization.
[INFO] [1783926134.863979019, 946.522000000]: Footprint model 'polygon' loaded for trajectory optimization.
[INFO] [1783926135.514533281, 947.172000000]: Footprint model 'polygon' loaded for trajectory optimization.
[INFO] [1783926136.110431541, 947.770000000]: Footprint model 'polygon' loaded for trajectory optimization.
[INFO] [1783926137.943483417, 949.600000000]: GOAL Reached!
[INFO] [1783926138.090262012, 949.744000000]: Footprint model 'polygon' loaded for trajectory optimization.
[INFO] [1783926138.962325292, 950.614000000]: Footprint model 'polygon' loaded for trajectory optimization.
[INFO] [1783926139.557862955, 951.208000000]: Footprint model 'polygon' loaded for trajectory optimization.
[INFO] [1783926140.207281749, 951.856000000]: Footprint model 'polygon' loaded for trajectory optimization.
[INFO] [1783926140.855137268, 952.504000000]: Footprint model 'polygon' loaded for trajectory optimization.
[INFO] [1783926141.408828775, 953.056000000]: Footprint model 'polygon' loaded for trajectory optimization.
[INFO] [1783926143.491779448, 955.136000000]: GOAL Reached!
[INFO] [1783926143.631781654, 955.276000000]: Footprint model 'polygon' loaded for trajectory optimization.
[INFO] [1783926144.512135811, 956.154000000]: Footprint model 'polygon' loaded for trajectory optimization.
[INFO] [1783926145.060797414, 956.702000000]: Footprint model 'polygon' loaded for trajectory optimization.
[INFO] [1783926145.714214797, 957.354000000]: Footprint model 'polygon' loaded for trajectory optimization.
[INFO] [1783926146.417952954, 958.056000000]: Footprint model 'polygon' loaded for trajectory optimization.
[INFO] [1783926147.056438614, 958.698000000]: Footprint model 'polygon' loaded for trajectory optimization.
[INFO] [1783926149.740634481, 961.376000000]: GOAL Reached!
[INFO] [1783926149.871643862, 961.506000000]: Footprint model 'polygon' loaded for trajectory optimization.
[INFO] [1783926150.762076157, 962.396000000]: Footprint model 'polygon' loaded for trajectory optimization.
[INFO] [1783926151.454548695, 963.084000000]: Footprint model 'polygon' loaded for trajectory optimization.
[INFO] [1783926152.143507269, 963.776000000]: Footprint model 'polygon' loaded for trajectory optimization.
[INFO] [1783926152.742132293, 964.370000000]: Footprint model 'polygon' loaded for trajectory optimization.
[INFO] [1783926153.298461341, 964.926000000]: Footprint model 'polygon' loaded for trajectory optimization.
[INFO] [1783926153.954519042, 965.580000000]: Footprint model 'polygon' loaded for trajectory optimization.
[INFO] [1783926159.187776891, 970.804000000]: GOAL Reached!
[INFO] [1783926159.346516394, 970.962000000]: Footprint model 'polygon' loaded for trajectory optimization.
[INFO] [1783926160.241024771, 971.856000000]: Footprint model 'polygon' loaded for trajectory optimization.
[INFO] [1783926160.896550423, 972.510000000]: Footprint model 'polygon' loaded for trajectory optimization.
[INFO] [1783926161.539657919, 973.152000000]: Footprint model 'polygon' loaded for trajectory optimization.
[INFO] [1783926162.243627008, 973.854000000]: Footprint model 'polygon' loaded for trajectory optimization.
[INFO] [1783926162.941208397, 974.552000000]: Footprint model 'polygon' loaded for trajectory optimization.
[INFO] [1783926163.493459840, 975.102000000]: Footprint model 'polygon' loaded for trajectory optimization.
[INFO] [1783926166.473200981, 978.076000000]: GOAL Reached!
[INFO] [1783926166.624049947, 978.226000000]: Footprint model 'polygon' loaded for trajectory optimization.
[INFO] [1783926167.512648355, 979.116000000]: Footprint model 'polygon' loaded for trajectory optimization.
[INFO] [1783926168.210854646, 979.810000000]: Footprint model 'polygon' loaded for trajectory optimization.
[INFO] [1783926168.905059407, 980.504000000]: Footprint model 'polygon' loaded for trajectory optimization.
[INFO] [1783926169.556875264, 981.154000000]: Footprint model 'polygon' loaded for trajectory optimization.
[INFO] [1783926171.135329854, 982.730000000]: GOAL Reached!
[INFO] [1783926171.290639630, 982.884000000]: Footprint model 'polygon' loaded for trajectory optimization.
[INFO] [1783926172.163598035, 983.756000000]: Footprint model 'polygon' loaded for trajectory optimization.
[INFO] [1783926172.816297324, 984.408000000]: Footprint model 'polygon' loaded for trajectory optimization.
[INFO] [1783926173.414168011, 985.004000000]: Footprint model 'polygon' loaded for trajectory optimization.
[INFO] [1783926174.069619987, 985.658000000]: Footprint model 'polygon' loaded for trajectory optimization.
[INFO] [1783926174.714609288, 986.302000000]: Footprint model 'polygon' loaded for trajectory optimization.
[INFO] [1783926176.692182324, 988.280000000]: GOAL Reached!
[INFO] [1783926176.848697296, 988.438000000]: Footprint model 'polygon' loaded for trajectory optimization.
[INFO] [1783926177.735971714, 989.318000000]: Footprint model 'polygon' loaded for trajectory optimization.
[INFO] [1783926178.371993222, 989.952000000]: Footprint model 'polygon' loaded for trajectory optimization.
[INFO] [1783926178.975818434, 990.554000000]: Footprint model 'polygon' loaded for trajectory optimization.
[INFO] [1783926179.575469923, 991.152000000]: Footprint model 'polygon' loaded for trajectory optimization.
[INFO] [1783926180.223725292, 991.800000000]: Footprint model 'polygon' loaded for trajectory optimization.
[INFO] [1783926182.554427167, 994.126000000]: GOAL Reached!
[INFO] [1783926182.712602483, 994.282000000]: Footprint model 'polygon' loaded for trajectory optimization.
[INFO] [1783926183.605314603, 995.176000000]: Footprint model 'polygon' loaded for trajectory optimization.
[INFO] [1783926184.246199260, 995.816000000]: Footprint model 'polygon' loaded for trajectory optimization.
[INFO] [1783926184.843715434, 996.410000000]: Footprint model 'polygon' loaded for trajectory optimization.
[INFO] [1783926185.446419129, 997.012000000]: Footprint model 'polygon' loaded for trajectory optimization.
[INFO] [1783926186.045086045, 997.612000000]: Footprint model 'polygon' loaded for trajectory optimization.
[INFO] [1783926186.666335191, 998.230000000]: Footprint model 'polygon' loaded for trajectory optimization.
[INFO] [1783926191.827535312, 1003.380000000]: GOAL Reached!
[INFO] [1783926191.971076451, 1003.524000000]: Footprint model 'polygon' loaded for trajectory optimization.
[INFO] [1783926192.845101587, 1004.396000000]: Footprint model 'polygon' loaded for trajectory optimization.
[INFO] [1783926193.398896313, 1004.950000000]: Footprint model 'polygon' loaded for trajectory optimization.
[INFO] [1783926194.048066861, 1005.598000000]: Footprint model 'polygon' loaded for trajectory optimization.
[INFO] [1783926194.701812079, 1006.250000000]: Footprint model 'polygon' loaded for trajectory optimization.
[INFO] [1783926195.348276217, 1006.896000000]: Footprint model 'polygon' loaded for trajectory optimization.
[INFO] [1783926195.905300720, 1007.452000000]: Footprint model 'polygon' loaded for trajectory optimization.
[INFO] [1783926199.181686703, 1010.722000000]: GOAL Reached!
[INFO] [1783926199.332788111, 1010.872000000]: Footprint model 'polygon' loaded for trajectory optimization.
[INFO] [1783926200.214567192, 1011.756000000]: Footprint model 'polygon' loaded for trajectory optimization.
[INFO] [1783926200.855810651, 1012.392000000]: Footprint model 'polygon' loaded for trajectory optimization.
[INFO] [1783926201.500841412, 1013.042000000]: Footprint model 'polygon' loaded for trajectory optimization.
[INFO] [1783926202.101868084, 1013.638000000]: Footprint model 'polygon' loaded for trajectory optimization.
[INFO] [1783926203.833590174, 1015.368000000]: GOAL Reached!
[INFO] [1783926203.992001649, 1015.524000000]: Footprint model 'polygon' loaded for trajectory optimization.
[INFO] [1783926204.883590768, 1016.416000000]: Footprint model 'polygon' loaded for trajectory optimization.
[INFO] [1783926205.573026518, 1017.104000000]: Footprint model 'polygon' loaded for trajectory optimization.
[INFO] [1783926206.269019087, 1017.798000000]: Footprint model 'polygon' loaded for trajectory optimization.
[INFO] [1783926206.871022498, 1018.398000000]: Footprint model 'polygon' loaded for trajectory optimization.
[INFO] [1783926207.470785013, 1018.996000000]: Footprint model 'polygon' loaded for trajectory optimization.
[INFO] [1783926209.502212216, 1021.024000000]: GOAL Reached!
[INFO] [1783926209.639306244, 1021.162000000]: Footprint model 'polygon' loaded for trajectory optimization.
[INFO] [1783926210.512471466, 1022.032000000]: Footprint model 'polygon' loaded for trajectory optimization.
[INFO] [1783926211.165840318, 1022.684000000]: Footprint model 'polygon' loaded for trajectory optimization.
[INFO] [1783926211.814111894, 1023.334000000]: Footprint model 'polygon' loaded for trajectory optimization.
[INFO] [1783926212.513156512, 1024.030000000]: Footprint model 'polygon' loaded for trajectory optimization.
[INFO] [1783926213.164393727, 1024.680000000]: Footprint model 'polygon' loaded for trajectory optimization.
[INFO] [1783926215.547516223, 1027.058000000]: GOAL Reached!
[INFO] [1783926215.689514621, 1027.202000000]: Footprint model 'polygon' loaded for trajectory optimization.
[INFO] [1783926216.585080995, 1028.096000000]: Footprint model 'polygon' loaded for trajectory optimization.
[INFO] [1783926217.129137105, 1028.638000000]: Footprint model 'polygon' loaded for trajectory optimization.
[INFO] [1783926217.784224729, 1029.292000000]: Footprint model 'polygon' loaded for trajectory optimization.
[INFO] [1783926218.427936468, 1029.938000000]: Footprint model 'polygon' loaded for trajectory optimization.
[INFO] [1783926219.027606665, 1030.536000000]: Footprint model 'polygon' loaded for trajectory optimization.
[INFO] [1783926219.680015012, 1031.184000000]: Footprint model 'polygon' loaded for trajectory optimization.
[INFO] [1783926225.115368615, 1036.610000000]: GOAL Reached!
[INFO] [1783926225.251676843, 1036.744000000]: Footprint model 'polygon' loaded for trajectory optimization.
[INFO] [1783926226.169360784, 1037.658000000]: Footprint model 'polygon' loaded for trajectory optimization.
[INFO] [1783926226.856466362, 1038.346000000]: Footprint model 'polygon' loaded for trajectory optimization.
[INFO] [1783926227.401603466, 1038.888000000]: Footprint model 'polygon' loaded for trajectory optimization.
[INFO] [1783926228.003394538, 1039.490000000]: Footprint model 'polygon' loaded for trajectory optimization.
[INFO] [1783926228.653086567, 1040.138000000]: Footprint model 'polygon' loaded for trajectory optimization.
[INFO] [1783926229.353500628, 1040.836000000]: Footprint model 'polygon' loaded for trajectory optimization.
[INFO] [1783926232.484188419, 1043.962000000]: GOAL Reached!
[INFO] [1783926232.642592827, 1044.118000000]: Footprint model 'polygon' loaded for trajectory optimization.
[INFO] [1783926233.509448442, 1044.990000000]: Footprint model 'polygon' loaded for trajectory optimization.
[INFO] [1783926234.175311181, 1045.650000000]: Footprint model 'polygon' loaded for trajectory optimization.
[INFO] [1783926234.769085359, 1046.242000000]: Footprint model 'polygon' loaded for trajectory optimization.
[INFO] [1783926235.420691033, 1046.892000000]: Footprint model 'polygon' loaded for trajectory optimization.
[INFO] [1783926237.050035063, 1048.518000000]: GOAL Reached!
[INFO] [1783926237.191289223, 1048.660000000]: Footprint model 'polygon' loaded for trajectory optimization.
[INFO] [1783926238.070111828, 1049.536000000]: Footprint model 'polygon' loaded for trajectory optimization.
[INFO] [1783926238.765268428, 1050.230000000]: Footprint model 'polygon' loaded for trajectory optimization.
[INFO] [1783926239.463753121, 1050.928000000]: Footprint model 'polygon' loaded for trajectory optimization.
[INFO] [1783926240.065031238, 1051.528000000]: Footprint model 'polygon' loaded for trajectory optimization.
[INFO] [1783926240.667469807, 1052.130000000]: Footprint model 'polygon' loaded for trajectory optimization.
[INFO] [1783926242.696922286, 1054.156000000]: GOAL Reached!
[INFO] [1783926242.851019444, 1054.310000000]: Footprint model 'polygon' loaded for trajectory optimization.
[INFO] [1783926243.736700930, 1055.194000000]: Footprint model 'polygon' loaded for trajectory optimization.
[INFO] [1783926244.424388869, 1055.882000000]: Footprint model 'polygon' loaded for trajectory optimization.
[INFO] [1783926245.126251366, 1056.582000000]: Footprint model 'polygon' loaded for trajectory optimization.
[INFO] [1783926245.720607851, 1057.174000000]: Footprint model 'polygon' loaded for trajectory optimization.
[INFO] [1783926246.377090036, 1057.830000000]: Footprint model 'polygon' loaded for trajectory optimization.
[INFO] [1783926248.755181642, 1060.204000000]: GOAL Reached!
[INFO] [1783926248.898452309, 1060.346000000]: Footprint model 'polygon' loaded for trajectory optimization.
[INFO] [1783926249.787193324, 1061.234000000]: Footprint model 'polygon' loaded for trajectory optimization.
[INFO] [1783926250.481609423, 1061.926000000]: Footprint model 'polygon' loaded for trajectory optimization.
[INFO] [1783926251.128654579, 1062.572000000]: Footprint model 'polygon' loaded for trajectory optimization.
[INFO] [1783926251.774161147, 1063.216000000]: Footprint model 'polygon' loaded for trajectory optimization.
[INFO] [1783926252.423400640, 1063.866000000]: Footprint model 'polygon' loaded for trajectory optimization.
[INFO] [1783926253.024528290, 1064.464000000]: Footprint model 'polygon' loaded for trajectory optimization.
[INFO] [1783926258.607853631, 1070.038000000]: GOAL Reached!
[INFO] [1783926258.763403605, 1070.194000000]: Footprint model 'polygon' loaded for trajectory optimization.
[INFO] [1783926259.647574752, 1071.078000000]: Footprint model 'polygon' loaded for trajectory optimization.
[INFO] [1783926260.203053043, 1071.630000000]: Footprint model 'polygon' loaded for trajectory optimization.
[INFO] [1783926260.854875875, 1072.280000000]: Footprint model 'polygon' loaded for trajectory optimization.
[INFO] [1783926261.554292516, 1072.976000000]: Footprint model 'polygon' loaded for trajectory optimization.
[INFO] [1783926262.250490318, 1073.676000000]: Footprint model 'polygon' loaded for trajectory optimization.
[INFO] [1783926262.905242781, 1074.326000000]: Footprint model 'polygon' loaded for trajectory optimization.
[INFO] [1783926265.885119293, 1077.300000000]: GOAL Reached!
[INFO] [1783926266.022128136, 1077.436000000]: Footprint model 'polygon' loaded for trajectory optimization.
[INFO] [1783926266.903313163, 1078.316000000]: Footprint model 'polygon' loaded for trajectory optimization.
[INFO] [1783926267.591485369, 1079.004000000]: Footprint model 'polygon' loaded for trajectory optimization.
[INFO] [1783926268.139867861, 1079.554000000]: Footprint model 'polygon' loaded for trajectory optimization.
[INFO] [1783926268.793966177, 1080.206000000]: Footprint model 'polygon' loaded for trajectory optimization.
[INFO] [1783926270.525877980, 1081.932000000]: GOAL Reached!
[INFO] [1783926270.667427566, 1082.074000000]: Footprint model 'polygon' loaded for trajectory optimization.
[INFO] [1783926271.551071023, 1082.956000000]: Footprint model 'polygon' loaded for trajectory optimization.
[INFO] [1783926272.194518899, 1083.596000000]: Footprint model 'polygon' loaded for trajectory optimization.
[INFO] [1783926272.842624669, 1084.244000000]: Footprint model 'polygon' loaded for trajectory optimization.
[INFO] [1783926273.542735271, 1084.944000000]: Footprint model 'polygon' loaded for trajectory optimization.
[INFO] [1783926274.088963587, 1085.490000000]: Footprint model 'polygon' loaded for trajectory optimization.
[INFO] [1783926276.277462697, 1087.672000000]: GOAL Reached!
[INFO] [1783926276.424525976, 1087.818000000]: Footprint model 'polygon' loaded for trajectory optimization.
[INFO] [1783926277.323272097, 1088.716000000]: Footprint model 'polygon' loaded for trajectory optimization.
[INFO] [1783926277.958992667, 1089.352000000]: Footprint model 'polygon' loaded for trajectory optimization.
[INFO] [1783926278.560800940, 1089.954000000]: Footprint model 'polygon' loaded for trajectory optimization.
[INFO] [1783926279.153938098, 1090.544000000]: Footprint model 'polygon' loaded for trajectory optimization.
[INFO] [1783926279.759858038, 1091.148000000]: Footprint model 'polygon' loaded for trajectory optimization.
[INFO] [1783926282.039918911, 1093.424000000]: GOAL Reached!
[INFO] [1783926282.188131711, 1093.572000000]: Footprint model 'polygon' loaded for trajectory optimization.
[INFO] [1783926283.091793008, 1094.474000000]: Footprint model 'polygon' loaded for trajectory optimization.
[INFO] [1783926283.633321959, 1095.014000000]: Footprint model 'polygon' loaded for trajectory optimization.
[INFO] [1783926284.235955746, 1095.618000000]: Footprint model 'polygon' loaded for trajectory optimization.
[INFO] [1783926284.831776510, 1096.210000000]: Footprint model 'polygon' loaded for trajectory optimization.
[INFO] [1783926285.487269219, 1096.864000000]: Footprint model 'polygon' loaded for trajectory optimization.
[INFO] [1783926286.032568827, 1097.412000000]: Footprint model 'polygon' loaded for trajectory optimization.
[INFO] [1783926292.120172871, 1103.486000000]: GOAL Reached!
[INFO] [1783926292.267384679, 1103.634000000]: Footprint model 'polygon' loaded for trajectory optimization.
[INFO] [1783926293.150532202, 1104.514000000]: Footprint model 'polygon' loaded for trajectory optimization.
[INFO] [1783926293.796083093, 1105.158000000]: Footprint model 'polygon' loaded for trajectory optimization.
[INFO] [1783926294.394163834, 1105.756000000]: Footprint model 'polygon' loaded for trajectory optimization.
[INFO] [1783926294.995334014, 1106.360000000]: Footprint model 'polygon' loaded for trajectory optimization.
[INFO] [1783926295.650892208, 1107.010000000]: Footprint model 'polygon' loaded for trajectory optimization.
[INFO] [1783926296.349235394, 1107.706000000]: Footprint model 'polygon' loaded for trajectory optimization.
[INFO] [1783926299.378329515, 1110.732000000]: GOAL Reached!
[INFO] [1783926299.538668750, 1110.892000000]: Footprint model 'polygon' loaded for trajectory optimization.
[INFO] [1783926300.424674004, 1111.776000000]: Footprint model 'polygon' loaded for trajectory optimization.
[INFO] [1783926301.064549584, 1112.414000000]: Footprint model 'polygon' loaded for trajectory optimization.
[INFO] [1783926301.662686511, 1113.012000000]: Footprint model 'polygon' loaded for trajectory optimization.
[INFO] [1783926302.309506408, 1113.658000000]: Footprint model 'polygon' loaded for trajectory optimization.
[INFO] [1783926304.044891764, 1115.390000000]: GOAL Reached!
[INFO] [1783926304.196101683, 1115.540000000]: Footprint model 'polygon' loaded for trajectory optimization.
[INFO] [1783926305.073306271, 1116.416000000]: Footprint model 'polygon' loaded for trajectory optimization.
[INFO] [1783926305.671798464, 1117.014000000]: Footprint model 'polygon' loaded for trajectory optimization.
[INFO] [1783926306.274472562, 1117.616000000]: Footprint model 'polygon' loaded for trajectory optimization.
[INFO] [1783926306.874649842, 1118.214000000]: Footprint model 'polygon' loaded for trajectory optimization.
[INFO] [1783926307.477792155, 1118.816000000]: Footprint model 'polygon' loaded for trajectory optimization.
[INFO] [1783926309.811723962, 1121.144000000]: GOAL Reached!
[INFO] [1783926309.960279269, 1121.294000000]: Footprint model 'polygon' loaded for trajectory optimization.
[INFO] [1783926310.842485477, 1122.174000000]: Footprint model 'polygon' loaded for trajectory optimization.
[INFO] [1783926311.494568029, 1122.826000000]: Footprint model 'polygon' loaded for trajectory optimization.
[INFO] [1783926312.144363220, 1123.474000000]: Footprint model 'polygon' loaded for trajectory optimization.
[INFO] [1783926312.794365978, 1124.124000000]: Footprint model 'polygon' loaded for trajectory optimization.
[INFO] [1783926313.387514622, 1124.718000000]: Footprint model 'polygon' loaded for trajectory optimization.
[INFO] [1783926315.269162164, 1126.594000000]: GOAL Reached!
[INFO] [1783926315.417201574, 1126.742000000]: Footprint model 'polygon' loaded for trajectory optimization.
[INFO] [1783926316.314793799, 1127.638000000]: Footprint model 'polygon' loaded for trajectory optimization.
[INFO] [1783926316.954043226, 1128.274000000]: Footprint model 'polygon' loaded for trajectory optimization.
[INFO] [1783926317.603013153, 1128.922000000]: Footprint model 'polygon' loaded for trajectory optimization.
[INFO] [1783926318.306106218, 1129.622000000]: Footprint model 'polygon' loaded for trajectory optimization.
[INFO] [1783926318.854414339, 1130.170000000]: Footprint model 'polygon' loaded for trajectory optimization.
[INFO] [1783926319.457020294, 1130.772000000]: Footprint model 'polygon' loaded for trajectory optimization.
[INFO] [1783926324.741420398, 1136.046000000]: GOAL Reached!
[INFO] [1783926324.890844588, 1136.196000000]: Footprint model 'polygon' loaded for trajectory optimization.
[INFO] [1783926325.771962216, 1137.076000000]: Footprint model 'polygon' loaded for trajectory optimization.
[INFO] [1783926326.321364205, 1137.628000000]: Footprint model 'polygon' loaded for trajectory optimization.
[INFO] [1783926326.974383353, 1138.276000000]: Footprint model 'polygon' loaded for trajectory optimization.
[INFO] [1783926327.622151325, 1138.924000000]: Footprint model 'polygon' loaded for trajectory optimization.
[INFO] [1783926328.221450180, 1139.520000000]: Footprint model 'polygon' loaded for trajectory optimization.
[INFO] [1783926328.825362089, 1140.124000000]: Footprint model 'polygon' loaded for trajectory optimization.
[INFO] [1783926331.907113276, 1143.198000000]: GOAL Reached!
[INFO] [1783926332.044387099, 1143.336000000]: Footprint model 'polygon' loaded for trajectory optimization.
[INFO] [1783926332.925578215, 1144.216000000]: Footprint model 'polygon' loaded for trajectory optimization.
[INFO] [1783926333.566851689, 1144.856000000]: Footprint model 'polygon' loaded for trajectory optimization.
[INFO] [1783926334.215612839, 1145.502000000]: Footprint model 'polygon' loaded for trajectory optimization.
[INFO] [1783926334.814897458, 1146.102000000]: Footprint model 'polygon' loaded for trajectory optimization.
[INFO] [1783926336.442811119, 1147.730000000]: GOAL Reached!
[INFO] [1783926336.583818426, 1147.870000000]: Footprint model 'polygon' loaded for trajectory optimization.
[INFO] [1783926337.475883261, 1148.756000000]: Footprint model 'polygon' loaded for trajectory optimization.
[INFO] [1783926338.114237967, 1149.398000000]: Footprint model 'polygon' loaded for trajectory optimization.
[INFO] [1783926338.714875162, 1149.998000000]: Footprint model 'polygon' loaded for trajectory optimization.
[INFO] [1783926339.319438371, 1150.600000000]: Footprint model 'polygon' loaded for trajectory optimization.
[INFO] [1783926339.918289741, 1151.200000000]: Footprint model 'polygon' loaded for trajectory optimization.
[INFO] [1783926342.200079503, 1153.476000000]: GOAL Reached!
[INFO] [1783926342.341201970, 1153.616000000]: Footprint model 'polygon' loaded for trajectory optimization.
[INFO] [1783926343.216849351, 1154.490000000]: Footprint model 'polygon' loaded for trajectory optimization.
[INFO] [1783926343.761864312, 1155.034000000]: Footprint model 'polygon' loaded for trajectory optimization.
[INFO] [1783926344.364785013, 1155.636000000]: Footprint model 'polygon' loaded for trajectory optimization.
[INFO] [1783926344.964229290, 1156.232000000]: Footprint model 'polygon' loaded for trajectory optimization.
[INFO] [1783926345.615117475, 1156.884000000]: Footprint model 'polygon' loaded for trajectory optimization.
[INFO] [1783926348.446923764, 1159.708000000]: GOAL Reached!
[INFO] [1783926348.588548793, 1159.848000000]: Footprint model 'polygon' loaded for trajectory optimization.
[INFO] [1783926349.476307542, 1160.736000000]: Footprint model 'polygon' loaded for trajectory optimization.
[INFO] [1783926350.165544717, 1161.428000000]: Footprint model 'polygon' loaded for trajectory optimization.
[INFO] [1783926350.855905658, 1162.114000000]: Footprint model 'polygon' loaded for trajectory optimization.
[INFO] [1783926351.419924750, 1162.676000000]: Footprint model 'polygon' loaded for trajectory optimization.
[INFO] [1783926352.018799893, 1163.276000000]: Footprint model 'polygon' loaded for trajectory optimization.
[INFO] [1783926352.665477429, 1163.922000000]: Footprint model 'polygon' loaded for trajectory optimization.
[INFO] [1783926357.900015893, 1169.146000000]: GOAL Reached!
[INFO] [1783926358.046364211, 1169.292000000]: Footprint model 'polygon' loaded for trajectory optimization.
[INFO] [1783926358.955308277, 1170.198000000]: Footprint model 'polygon' loaded for trajectory optimization.
[INFO] [1783926359.596556564, 1170.838000000]: Footprint model 'polygon' loaded for trajectory optimization.
[INFO] [1783926360.189703196, 1171.430000000]: Footprint model 'polygon' loaded for trajectory optimization.
[INFO] [1783926360.787080279, 1172.028000000]: Footprint model 'polygon' loaded for trajectory optimization.
[INFO] [1783926361.391745181, 1172.630000000]: Footprint model 'polygon' loaded for trajectory optimization.
[INFO] [1783926361.988848418, 1173.228000000]: Footprint model 'polygon' loaded for trajectory optimization.
[INFO] [1783926365.468826437, 1176.702000000]: GOAL Reached!
[INFO] [1783926365.618919812, 1176.852000000]: Footprint model 'polygon' loaded for trajectory optimization.
[INFO] [1783926366.504189930, 1177.736000000]: Footprint model 'polygon' loaded for trajectory optimization.
[INFO] [1783926367.199430225, 1178.428000000]: Footprint model 'polygon' loaded for trajectory optimization.
[INFO] [1783926367.894134995, 1179.122000000]: Footprint model 'polygon' loaded for trajectory optimization.
[INFO] [1783926368.495890737, 1179.722000000]: Footprint model 'polygon' loaded for trajectory optimization.
[INFO] [1783926370.128761844, 1181.352000000]: GOAL Reached!
[INFO] [1783926370.276789797, 1181.500000000]: Footprint model 'polygon' loaded for trajectory optimization.
[INFO] [1783926371.124704574, 1182.348000000]: Footprint model 'polygon' loaded for trajectory optimization.
[INFO] [1783926371.669176061, 1182.892000000]: Footprint model 'polygon' loaded for trajectory optimization.
[INFO] [1783926372.313839898, 1183.538000000]: Footprint model 'polygon' loaded for trajectory optimization.
[INFO] [1783926372.919132378, 1184.144000000]: Footprint model 'polygon' loaded for trajectory optimization.
[INFO] [1783926373.516090949, 1184.740000000]: Footprint model 'polygon' loaded for trajectory optimization.
[INFO] [1783926375.756967774, 1186.978000000]: GOAL Reached!
[INFO] [1783926375.871956727, 1187.092000000]: Footprint model 'polygon' loaded for trajectory optimization.
[INFO] [1783926376.726503351, 1187.944000000]: Footprint model 'polygon' loaded for trajectory optimization.
[INFO] [1783926377.313249148, 1188.532000000]: Footprint model 'polygon' loaded for trajectory optimization.
[INFO] [1783926377.918492912, 1189.136000000]: Footprint model 'polygon' loaded for trajectory optimization.
[INFO] [1783926378.466881486, 1189.684000000]: Footprint model 'polygon' loaded for trajectory optimization.
[INFO] [1783926379.114588742, 1190.332000000]: Footprint model 'polygon' loaded for trajectory optimization.
[INFO] [1783926381.472783901, 1192.688000000]: Footprint model 'polygon' loaded for trajectory optimization.
[INFO] [1783926383.867115801, 1195.080000000]: Footprint model 'polygon' loaded for trajectory optimization.
[INFO] [1783926386.055629742, 1197.268000000]: GOAL Reached!
[INFO] [1783926386.164648335, 1197.376000000]: Footprint model 'polygon' loaded for trajectory optimization.
[INFO] [1783926387.013805309, 1198.224000000]: Footprint model 'polygon' loaded for trajectory optimization.
[INFO] [1783926387.617640569, 1198.826000000]: Footprint model 'polygon' loaded for trajectory optimization.
[INFO] [1783926388.162309664, 1199.368000000]: Footprint model 'polygon' loaded for trajectory optimization.
[INFO] [1783926388.808915542, 1200.016000000]: Footprint model 'polygon' loaded for trajectory optimization.
[INFO] [1783926389.408086616, 1200.614000000]: Footprint model 'polygon' loaded for trajectory optimization.
[INFO] [1783926389.961926346, 1201.168000000]: Footprint model 'polygon' loaded for trajectory optimization.
[INFO] [1783926395.049460742, 1206.254000000]: GOAL Reached!
[INFO] [1783926395.170298559, 1206.374000000]: Footprint model 'polygon' loaded for trajectory optimization.
[INFO] [1783926396.030412416, 1207.234000000]: Footprint model 'polygon' loaded for trajectory optimization.
[INFO] [1783926396.615858811, 1207.816000000]: Footprint model 'polygon' loaded for trajectory optimization.
[INFO] [1783926397.211947184, 1208.414000000]: Footprint model 'polygon' loaded for trajectory optimization.
[INFO] [1783926397.770627800, 1208.970000000]: Footprint model 'polygon' loaded for trajectory optimization.
[INFO] [1783926398.413701633, 1209.614000000]: Footprint model 'polygon' loaded for trajectory optimization.
[INFO] [1783926398.970642125, 1210.170000000]: Footprint model 'polygon' loaded for trajectory optimization.
[INFO] [1783926402.355581928, 1213.552000000]: GOAL Reached!
[INFO] [1783926402.474125360, 1213.670000000]: Footprint model 'polygon' loaded for trajectory optimization.
[INFO] [1783926403.308404156, 1214.506000000]: Footprint model 'polygon' loaded for trajectory optimization.
[INFO] [1783926403.918609033, 1215.114000000]: Footprint model 'polygon' loaded for trajectory optimization.
[INFO] [1783926404.513126601, 1215.708000000]: Footprint model 'polygon' loaded for trajectory optimization.
[INFO] [1783926405.064488689, 1216.258000000]: Footprint model 'polygon' loaded for trajectory optimization.
[INFO] [1783926406.953794433, 1218.146000000]: GOAL Reached!
[INFO] [1783926407.075746101, 1218.266000000]: Footprint model 'polygon' loaded for trajectory optimization.
[INFO] [1783926407.917364463, 1219.108000000]: Footprint model 'polygon' loaded for trajectory optimization.
[INFO] [1783926408.513680254, 1219.704000000]: Footprint model 'polygon' loaded for trajectory optimization.
[INFO] [1783926409.115544517, 1220.306000000]: Footprint model 'polygon' loaded for trajectory optimization.
[INFO] [1783926409.712864639, 1220.902000000]: Footprint model 'polygon' loaded for trajectory optimization.
[INFO] [1783926410.316497259, 1221.504000000]: Footprint model 'polygon' loaded for trajectory optimization.
[INFO] [1783926412.455992091, 1223.642000000]: GOAL Reached!
[INFO] [1783926412.569577267, 1223.756000000]: Footprint model 'polygon' loaded for trajectory optimization.
[INFO] [1783926413.418838788, 1224.604000000]: Footprint model 'polygon' loaded for trajectory optimization.
[INFO] [1783926414.013673376, 1225.200000000]: Footprint model 'polygon' loaded for trajectory optimization.
[INFO] [1783926414.615240268, 1225.798000000]: Footprint model 'polygon' loaded for trajectory optimization.
[INFO] [1783926415.166478511, 1226.350000000]: Footprint model 'polygon' loaded for trajectory optimization.
[INFO] [1783926415.807767233, 1226.992000000]: Footprint model 'polygon' loaded for trajectory optimization.
[INFO] [1783926418.453197792, 1229.632000000]: GOAL Reached!
[INFO] [1783926418.575033120, 1229.754000000]: Footprint model 'polygon' loaded for trajectory optimization.
[INFO] [1783926419.424615507, 1230.604000000]: Footprint model 'polygon' loaded for trajectory optimization.
[INFO] [1783926420.019244385, 1231.198000000]: Footprint model 'polygon' loaded for trajectory optimization.
[INFO] [1783926420.613416380, 1231.794000000]: Footprint model 'polygon' loaded for trajectory optimization.
[INFO] [1783926421.216286074, 1232.394000000]: Footprint model 'polygon' loaded for trajectory optimization.
[INFO] [1783926421.819228091, 1232.996000000]: Footprint model 'polygon' loaded for trajectory optimization.
[INFO] [1783926422.368260479, 1233.544000000]: Footprint model 'polygon' loaded for trajectory optimization.
[INFO] [1783926427.458343763, 1238.630000000]: GOAL Reached!
[INFO] [1783926427.570013852, 1238.740000000]: Footprint model 'polygon' loaded for trajectory optimization.
[INFO] [1783926428.417643402, 1239.586000000]: Footprint model 'polygon' loaded for trajectory optimization.
[INFO] [1783926429.018973242, 1240.186000000]: Footprint model 'polygon' loaded for trajectory optimization.
[INFO] [1783926429.619684930, 1240.786000000]: Footprint model 'polygon' loaded for trajectory optimization.
[INFO] [1783926430.218428607, 1241.384000000]: Footprint model 'polygon' loaded for trajectory optimization.
[INFO] [1783926430.773939332, 1241.940000000]: Footprint model 'polygon' loaded for trajectory optimization.
[INFO] [1783926431.416162202, 1242.582000000]: Footprint model 'polygon' loaded for trajectory optimization.
[INFO] [1783926434.757957394, 1245.920000000]: GOAL Reached!
[INFO] [1783926434.870587022, 1246.032000000]: Footprint model 'polygon' loaded for trajectory optimization.
[INFO] [1783926435.704310240, 1246.864000000]: Footprint model 'polygon' loaded for trajectory optimization.
[INFO] [1783926436.309941493, 1247.472000000]: Footprint model 'polygon' loaded for trajectory optimization.
[INFO] [1783926436.910923374, 1248.072000000]: Footprint model 'polygon' loaded for trajectory optimization.
[INFO] [1783926437.512087808, 1248.670000000]: Footprint model 'polygon' loaded for trajectory optimization.
[INFO] [1783926439.353439237, 1250.510000000]: GOAL Reached!
[INFO] [1783926439.466469768, 1250.622000000]: Footprint model 'polygon' loaded for trajectory optimization.
[INFO] [1783926440.310826215, 1251.466000000]: Footprint model 'polygon' loaded for trajectory optimization.
[INFO] [1783926440.904959042, 1252.062000000]: Footprint model 'polygon' loaded for trajectory optimization.
[INFO] [1783926441.461713294, 1252.616000000]: Footprint model 'polygon' loaded for trajectory optimization.
[INFO] [1783926442.103318398, 1253.260000000]: Footprint model 'polygon' loaded for trajectory optimization.
[INFO] [1783926442.708429275, 1253.862000000]: Footprint model 'polygon' loaded for trajectory optimization.
[INFO] [1783926445.145462978, 1256.298000000]: GOAL Reached!
[INFO] [1783926445.262394291, 1256.414000000]: Footprint model 'polygon' loaded for trajectory optimization.
[INFO] [1783926446.115427712, 1257.266000000]: Footprint model 'polygon' loaded for trajectory optimization.
[INFO] [1783926446.707100690, 1257.858000000]: Footprint model 'polygon' loaded for trajectory optimization.
[INFO] [1783926447.306732223, 1258.456000000]: Footprint model 'polygon' loaded for trajectory optimization.
[INFO] [1783926447.905052511, 1259.056000000]: Footprint model 'polygon' loaded for trajectory optimization.
[INFO] [1783926448.505907858, 1259.654000000]: Footprint model 'polygon' loaded for trajectory optimization.
[INFO] [1783926451.144314334, 1262.292000000]: GOAL Reached!
[INFO] [1783926451.264788689, 1262.412000000]: Footprint model 'polygon' loaded for trajectory optimization.
[INFO] [1783926452.119813613, 1263.266000000]: Footprint model 'polygon' loaded for trajectory optimization.
[INFO] [1783926452.664842116, 1263.810000000]: Footprint model 'polygon' loaded for trajectory optimization.
[INFO] [1783926453.314540222, 1264.458000000]: Footprint model 'polygon' loaded for trajectory optimization.
[INFO] [1783926453.861591798, 1265.006000000]: Footprint model 'polygon' loaded for trajectory optimization.
[INFO] [1783926454.511124725, 1265.654000000]: Footprint model 'polygon' loaded for trajectory optimization.
[INFO] [1783926455.109146267, 1266.252000000]: Footprint model 'polygon' loaded for trajectory optimization.
[INFO] [1783926461.354690329, 1272.490000000]: GOAL Reached!
[INFO] [1783926461.469191228, 1272.604000000]: Footprint model 'polygon' loaded for trajectory optimization.
[INFO] [1783926462.311284747, 1273.448000000]: Footprint model 'polygon' loaded for trajectory optimization.
[INFO] [1783926462.866913185, 1274.002000000]: Footprint model 'polygon' loaded for trajectory optimization.
[INFO] [1783926463.466740147, 1274.600000000]: Footprint model 'polygon' loaded for trajectory optimization.
[INFO] [1783926464.066424557, 1275.200000000]: Footprint model 'polygon' loaded for trajectory optimization.
[INFO] [1783926464.715611460, 1275.848000000]: Footprint model 'polygon' loaded for trajectory optimization.
[INFO] [1783926465.316624142, 1276.448000000]: Footprint model 'polygon' loaded for trajectory optimization.
[INFO] [1783926468.555618415, 1279.684000000]: GOAL Reached!
[INFO] [1783926468.686183999, 1279.814000000]: Footprint model 'polygon' loaded for trajectory optimization.
[INFO] [1783926469.541532344, 1280.668000000]: Footprint model 'polygon' loaded for trajectory optimization.
[INFO] [1783926470.132627390, 1281.258000000]: Footprint model 'polygon' loaded for trajectory optimization.
[INFO] [1783926470.682276887, 1281.808000000]: Footprint model 'polygon' loaded for trajectory optimization.
[INFO] [1783926471.327487385, 1282.454000000]: Footprint model 'polygon' loaded for trajectory optimization.
[INFO] [1783926473.169340994, 1284.294000000]: GOAL Reached!
[INFO] [1783926473.294168627, 1284.416000000]: Footprint model 'polygon' loaded for trajectory optimization.
[INFO] [1783926474.144780086, 1285.266000000]: Footprint model 'polygon' loaded for trajectory optimization.
[INFO] [1783926474.731871793, 1285.856000000]: Footprint model 'polygon' loaded for trajectory optimization.
[INFO] [1783926475.334597780, 1286.454000000]: Footprint model 'polygon' loaded for trajectory optimization.
[INFO] [1783926475.934558370, 1287.054000000]: Footprint model 'polygon' loaded for trajectory optimization.
[INFO] [1783926476.531640856, 1287.654000000]: Footprint model 'polygon' loaded for trajectory optimization.
[INFO] [1783926478.674550273, 1289.792000000]: GOAL Reached!
[INFO] [1783926478.785132664, 1289.904000000]: Footprint model 'polygon' loaded for trajectory optimization.
[INFO] [1783926479.626520718, 1290.746000000]: Footprint model 'polygon' loaded for trajectory optimization.
[INFO] [1783926480.232527694, 1291.348000000]: Footprint model 'polygon' loaded for trajectory optimization.
[INFO] [1783926480.778540797, 1291.896000000]: Footprint model 'polygon' loaded for trajectory optimization.
[INFO] [1783926481.427307033, 1292.544000000]: Footprint model 'polygon' loaded for trajectory optimization.
[INFO] [1783926481.978779377, 1293.094000000]: Footprint model 'polygon' loaded for trajectory optimization.
[INFO] [1783926484.467791800, 1295.582000000]: GOAL Reached!
[INFO] [1783926484.593248346, 1295.706000000]: Footprint model 'polygon' loaded for trajectory optimization.
[INFO] [1783926485.434259161, 1296.546000000]: Footprint model 'polygon' loaded for trajectory optimization.
[INFO] [1783926486.035510773, 1297.150000000]: Footprint model 'polygon' loaded for trajectory optimization.
[INFO] [1783926486.636478940, 1297.748000000]: Footprint model 'polygon' loaded for trajectory optimization.
[INFO] [1783926487.190921259, 1298.302000000]: Footprint model 'polygon' loaded for trajectory optimization.
[INFO] [1783926487.839963861, 1298.950000000]: Footprint model 'polygon' loaded for trajectory optimization.
[INFO] [1783926488.437118133, 1299.548000000]: Footprint model 'polygon' loaded for trajectory optimization.
[INFO] [1783926493.881495028, 1304.986000000]: GOAL Reached!
[INFO] [1783926494.004111950, 1305.106000000]: Footprint model 'polygon' loaded for trajectory optimization.
[INFO] [1783926494.945428303, 1306.048000000]: Footprint model 'polygon' loaded for trajectory optimization.
[INFO] [1783926495.548280735, 1306.650000000]: Footprint model 'polygon' loaded for trajectory optimization.
[INFO] [1783926496.146610869, 1307.250000000]: Footprint model 'polygon' loaded for trajectory optimization.
[INFO] [1783926496.747742837, 1307.850000000]: Footprint model 'polygon' loaded for trajectory optimization.
[INFO] [1783926497.345537568, 1308.448000000]: Footprint model 'polygon' loaded for trajectory optimization.
[INFO] [1783926497.952634116, 1309.052000000]: Footprint model 'polygon' loaded for trajectory optimization.
[INFO] [1783926500.986566804, 1312.086000000]: GOAL Reached!
[INFO] [1783926501.105780646, 1312.204000000]: Footprint model 'polygon' loaded for trajectory optimization.
[INFO] [1783926501.950721195, 1313.046000000]: Footprint model 'polygon' loaded for trajectory optimization.
[INFO] [1783926502.546651324, 1313.644000000]: Footprint model 'polygon' loaded for trajectory optimization.
[INFO] [1783926503.100856430, 1314.196000000]: Footprint model 'polygon' loaded for trajectory optimization.
[INFO] [1783926503.748517939, 1314.844000000]: Footprint model 'polygon' loaded for trajectory optimization.
[INFO] [1783926505.488255710, 1316.584000000]: GOAL Reached!
[INFO] [1783926505.603427659, 1316.698000000]: Footprint model 'polygon' loaded for trajectory optimization.
[INFO] [1783926506.454282872, 1317.550000000]: Footprint model 'polygon' loaded for trajectory optimization.
[INFO] [1783926507.000188549, 1318.092000000]: Footprint model 'polygon' loaded for trajectory optimization.
[INFO] [1783926507.652211816, 1318.746000000]: Footprint model 'polygon' loaded for trajectory optimization.
[INFO] [1783926508.200354602, 1319.294000000]: Footprint model 'polygon' loaded for trajectory optimization.
[INFO] [1783926508.852762698, 1319.944000000]: Footprint model 'polygon' loaded for trajectory optimization.
[INFO] [1783926511.090366549, 1322.180000000]: GOAL Reached!
[INFO] [1783926511.208831527, 1322.298000000]: Footprint model 'polygon' loaded for trajectory optimization.
[INFO] [1783926512.059886203, 1323.146000000]: Footprint model 'polygon' loaded for trajectory optimization.
[INFO] [1783926512.653525063, 1323.740000000]: Footprint model 'polygon' loaded for trajectory optimization.
[INFO] [1783926513.205666529, 1324.290000000]: Footprint model 'polygon' loaded for trajectory optimization.
[INFO] [1783926513.861343044, 1324.946000000]: Footprint model 'polygon' loaded for trajectory optimization.
[INFO] [1783926514.461069907, 1325.546000000]: Footprint model 'polygon' loaded for trajectory optimization.
[INFO] [1783926517.190809700, 1328.276000000]: GOAL Reached!
[INFO] [1783926517.314805163, 1328.398000000]: Footprint model 'polygon' loaded for trajectory optimization.
[INFO] [1783926518.163855108, 1329.244000000]: Footprint model 'polygon' loaded for trajectory optimization.
[INFO] [1783926518.767400798, 1329.850000000]: Footprint model 'polygon' loaded for trajectory optimization.
[INFO] [1783926519.319271566, 1330.402000000]: Footprint model 'polygon' loaded for trajectory optimization.
[INFO] [1783926519.966925140, 1331.046000000]: Footprint model 'polygon' loaded for trajectory optimization.
[INFO] [1783926520.517686102, 1331.596000000]: Footprint model 'polygon' loaded for trajectory optimization.
[INFO] [1783926521.173076466, 1332.252000000]: Footprint model 'polygon' loaded for trajectory optimization.
[INFO] [1783926521.764697091, 1332.842000000]: Footprint model 'polygon' loaded for trajectory optimization.
[INFO] [1783926522.363821876, 1333.444000000]: Footprint model 'polygon' loaded for trajectory optimization.
[INFO] [1783926522.917869390, 1333.996000000]: Footprint model 'polygon' loaded for trajectory optimization.
[INFO] [1783926528.706480907, 1339.778000000]: GOAL Reached!
[INFO] [1783926528.826290690, 1339.898000000]: Footprint model 'polygon' loaded for trajectory optimization.
[INFO] [1783926529.674860340, 1340.748000000]: Footprint model 'polygon' loaded for trajectory optimization.
[INFO] [1783926530.225714003, 1341.294000000]: Footprint model 'polygon' loaded for trajectory optimization.
[INFO] [1783926530.822935395, 1341.892000000]: Footprint model 'polygon' loaded for trajectory optimization.
[INFO] [1783926531.423201387, 1342.492000000]: Footprint model 'polygon' loaded for trajectory optimization.
[INFO] [1783926532.022383214, 1343.092000000]: Footprint model 'polygon' loaded for trajectory optimization.
[INFO] [1783926532.671581671, 1343.738000000]: Footprint model 'polygon' loaded for trajectory optimization.
[INFO] [1783926535.912276252, 1346.976000000]: GOAL Reached!
[INFO] [1783926536.061472687, 1347.122000000]: Footprint model 'polygon' loaded for trajectory optimization.
[INFO] [1783926536.938248198, 1347.996000000]: Footprint model 'polygon' loaded for trajectory optimization.
[INFO] [1783926537.639903236, 1348.696000000]: Footprint model 'polygon' loaded for trajectory optimization.
[INFO] [1783926538.236405977, 1349.294000000]: Footprint model 'polygon' loaded for trajectory optimization.
[INFO] [1783926538.841816214, 1349.896000000]: Footprint model 'polygon' loaded for trajectory optimization.
[INFO] [1783926540.470758290, 1351.524000000]: GOAL Reached!
[INFO] [1783926540.617181337, 1351.670000000]: Footprint model 'polygon' loaded for trajectory optimization.
[INFO] [1783926541.505001254, 1352.554000000]: Footprint model 'polygon' loaded for trajectory optimization.
[INFO] [1783926542.148572540, 1353.196000000]: Footprint model 'polygon' loaded for trajectory optimization.
[INFO] [1783926542.747502332, 1353.794000000]: Footprint model 'polygon' loaded for trajectory optimization.
[INFO] [1783926543.348362547, 1354.394000000]: Footprint model 'polygon' loaded for trajectory optimization.
[INFO] [1783926543.991803276, 1355.042000000]: Footprint model 'polygon' loaded for trajectory optimization.
[INFO] [1783926546.227223029, 1357.270000000]: GOAL Reached!
[INFO] [1783926546.368397033, 1357.410000000]: Footprint model 'polygon' loaded for trajectory optimization.
[INFO] [1783926547.256300695, 1358.296000000]: Footprint model 'polygon' loaded for trajectory optimization.
[INFO] [1783926547.946107422, 1358.984000000]: Footprint model 'polygon' loaded for trajectory optimization.
[INFO] [1783926548.596253664, 1359.632000000]: Footprint model 'polygon' loaded for trajectory optimization.
[INFO] [1783926549.194744238, 1360.232000000]: Footprint model 'polygon' loaded for trajectory optimization.
[INFO] [1783926549.842047649, 1360.876000000]: Footprint model 'polygon' loaded for trajectory optimization.
[INFO] [1783926552.078111158, 1363.108000000]: GOAL Reached!
[INFO] [1783926552.228066693, 1363.258000000]: Footprint model 'polygon' loaded for trajectory optimization.
[INFO] [1783926553.131835357, 1364.160000000]: Footprint model 'polygon' loaded for trajectory optimization.
[INFO] [1783926553.727941085, 1364.754000000]: Footprint model 'polygon' loaded for trajectory optimization.
[INFO] [1783926554.425375713, 1365.452000000]: Footprint model 'polygon' loaded for trajectory optimization.
[INFO] [1783926555.123190387, 1366.148000000]: Footprint model 'polygon' loaded for trajectory optimization.
[INFO] [1783926555.771631090, 1366.796000000]: Footprint model 'polygon' loaded for trajectory optimization.
[INFO] [1783926556.428671752, 1367.450000000]: Footprint model 'polygon' loaded for trajectory optimization.
[INFO] [1783926562.754759077, 1373.768000000]: GOAL Reached!
[INFO] [1783926562.895014829, 1373.908000000]: Footprint model 'polygon' loaded for trajectory optimization.
[INFO] [1783926563.786634069, 1374.796000000]: Footprint model 'polygon' loaded for trajectory optimization.
[INFO] [1783926564.477272510, 1375.490000000]: Footprint model 'polygon' loaded for trajectory optimization.
[INFO] [1783926565.122415468, 1376.134000000]: Footprint model 'polygon' loaded for trajectory optimization.
[INFO] [1783926565.726632200, 1376.734000000]: Footprint model 'polygon' loaded for trajectory optimization.
[INFO] [1783926566.375801851, 1377.382000000]: Footprint model 'polygon' loaded for trajectory optimization.
[INFO] [1783926566.924479920, 1377.932000000]: Footprint model 'polygon' loaded for trajectory optimization.
[INFO] [1783926570.007447932, 1381.008000000]: GOAL Reached!
[INFO] [1783926570.162920304, 1381.162000000]: Footprint model 'polygon' loaded for trajectory optimization.
[INFO] [1783926571.040817345, 1382.038000000]: Footprint model 'polygon' loaded for trajectory optimization.
[INFO] [1783926571.691254403, 1382.690000000]: Footprint model 'polygon' loaded for trajectory optimization.
[INFO] [1783926572.292044181, 1383.286000000]: Footprint model 'polygon' loaded for trajectory optimization.
[INFO] [1783926572.939111167, 1383.934000000]: Footprint model 'polygon' loaded for trajectory optimization.
[INFO] [1783926574.569344153, 1385.562000000]: GOAL Reached!
[INFO] [1783926574.727318222, 1385.720000000]: Footprint model 'polygon' loaded for trajectory optimization.
[INFO] [1783926575.612591637, 1386.600000000]: Footprint model 'polygon' loaded for trajectory optimization.
[INFO] [1783926576.303908016, 1387.292000000]: Footprint model 'polygon' loaded for trajectory optimization.
[INFO] [1783926576.950030240, 1387.936000000]: Footprint model 'polygon' loaded for trajectory optimization.
[INFO] [1783926577.552927936, 1388.540000000]: Footprint model 'polygon' loaded for trajectory optimization.
[INFO] [1783926578.195464671, 1389.184000000]: Footprint model 'polygon' loaded for trajectory optimization.
[INFO] [1783926580.131365897, 1391.114000000]: GOAL Reached!
[INFO] [1783926580.270844059, 1391.254000000]: Footprint model 'polygon' loaded for trajectory optimization.
[INFO] [1783926581.154957640, 1392.136000000]: Footprint model 'polygon' loaded for trajectory optimization.
[INFO] [1783926581.847968228, 1392.826000000]: Footprint model 'polygon' loaded for trajectory optimization.
[INFO] [1783926582.545925623, 1393.524000000]: Footprint model 'polygon' loaded for trajectory optimization.
[INFO] [1783926583.145803087, 1394.122000000]: Footprint model 'polygon' loaded for trajectory optimization.
[INFO] [1783926583.734388951, 1394.712000000]: Footprint model 'polygon' loaded for trajectory optimization.
[INFO] [1783926586.177061276, 1397.148000000]: GOAL Reached!
[INFO] [1783926586.317291743, 1397.288000000]: Footprint model 'polygon' loaded for trajectory optimization.
[INFO] [1783926587.229061157, 1398.198000000]: Footprint model 'polygon' loaded for trajectory optimization.
[INFO] [1783926587.919788712, 1398.888000000]: Footprint model 'polygon' loaded for trajectory optimization.
[INFO] [1783926588.617593314, 1399.584000000]: Footprint model 'polygon' loaded for trajectory optimization.
[INFO] [1783926589.163496515, 1400.132000000]: Footprint model 'polygon' loaded for trajectory optimization.
[INFO] [1783926589.769898725, 1400.736000000]: Footprint model 'polygon' loaded for trajectory optimization.
[INFO] [1783926590.365127892, 1401.332000000]: Footprint model 'polygon' loaded for trajectory optimization.
[INFO] [1783926596.550960067, 1407.506000000]: GOAL Reached!
[INFO] [1783926596.693326604, 1407.648000000]: Footprint model 'polygon' loaded for trajectory optimization.
[INFO] [1783926597.583524315, 1408.536000000]: Footprint model 'polygon' loaded for trajectory optimization.
[INFO] [1783926598.170312309, 1409.124000000]: Footprint model 'polygon' loaded for trajectory optimization.
[INFO] [1783926598.733356533, 1409.686000000]: Footprint model 'polygon' loaded for trajectory optimization.
[INFO] [1783926599.337384978, 1410.288000000]: Footprint model 'polygon' loaded for trajectory optimization.
[INFO] [1783926599.938434868, 1410.890000000]: Footprint model 'polygon' loaded for trajectory optimization.
[INFO] [1783926600.540214425, 1411.488000000]: Footprint model 'polygon' loaded for trajectory optimization.
[INFO] [1783926603.916894450, 1414.860000000]: GOAL Reached!
[INFO] [1783926604.076741121, 1415.018000000]: Footprint model 'polygon' loaded for trajectory optimization.
[INFO] [1783926604.954546037, 1415.896000000]: Footprint model 'polygon' loaded for trajectory optimization.
[INFO] [1783926605.599537103, 1416.540000000]: Footprint model 'polygon' loaded for trajectory optimization.
[INFO] [1783926606.241291189, 1417.182000000]: Footprint model 'polygon' loaded for trajectory optimization.
[INFO] [1783926606.792276801, 1417.732000000]: Footprint model 'polygon' loaded for trajectory optimization.
[INFO] [1783926608.377052143, 1419.312000000]: GOAL Reached!
[INFO] [1783926608.527985363, 1419.462000000]: Footprint model 'polygon' loaded for trajectory optimization.
[INFO] [1783926609.421214402, 1420.356000000]: Footprint model 'polygon' loaded for trajectory optimization.
[INFO] [1783926610.058313969, 1420.990000000]: Footprint model 'polygon' loaded for trajectory optimization.
[INFO] [1783926610.657669578, 1421.592000000]: Footprint model 'polygon' loaded for trajectory optimization.
[INFO] [1783926611.296101753, 1422.228000000]: Footprint model 'polygon' loaded for trajectory optimization.
[INFO] [1783926611.906543622, 1422.834000000]: Footprint model 'polygon' loaded for trajectory optimization.
[INFO] [1783926613.537627729, 1424.466000000]: GOAL Reached!
[INFO] [1783926613.686584770, 1424.614000000]: Footprint model 'polygon' loaded for trajectory optimization.
[INFO] [1783926614.569053427, 1425.496000000]: Footprint model 'polygon' loaded for trajectory optimization.
[INFO] [1783926615.205453745, 1426.132000000]: Footprint model 'polygon' loaded for trajectory optimization.
[INFO] [1783926615.861481300, 1426.784000000]: Footprint model 'polygon' loaded for trajectory optimization.
[INFO] [1783926616.558830782, 1427.480000000]: Footprint model 'polygon' loaded for trajectory optimization.
[INFO] [1783926617.209741978, 1428.130000000]: Footprint model 'polygon' loaded for trajectory optimization.
[INFO] [1783926619.291698761, 1430.208000000]: GOAL Reached!
[INFO] [1783926619.433557972, 1430.350000000]: Footprint model 'polygon' loaded for trajectory optimization.
[INFO] [1783926620.323854970, 1431.238000000]: Footprint model 'polygon' loaded for trajectory optimization.
[INFO] [1783926620.976582583, 1431.888000000]: Footprint model 'polygon' loaded for trajectory optimization.
[INFO] [1783926621.574057288, 1432.486000000]: Footprint model 'polygon' loaded for trajectory optimization.
[INFO] [1783926622.169412539, 1433.080000000]: Footprint model 'polygon' loaded for trajectory optimization.
[INFO] [1783926622.819800388, 1433.730000000]: Footprint model 'polygon' loaded for trajectory optimization.
[INFO] [1783926623.517828999, 1434.426000000]: Footprint model 'polygon' loaded for trajectory optimization.
[INFO] [1783926628.851310301, 1439.752000000]: GOAL Reached!
[INFO] [1783926628.964205968, 1439.864000000]: Footprint model 'polygon' loaded for trajectory optimization.
[INFO] [1783926629.837266245, 1440.736000000]: Footprint model 'polygon' loaded for trajectory optimization.
[INFO] [1783926630.499233060, 1441.396000000]: Footprint model 'polygon' loaded for trajectory optimization.
[INFO] [1783926631.071992237, 1441.968000000]: Footprint model 'polygon' loaded for trajectory optimization.
[INFO] [1783926631.673904742, 1442.570000000]: Footprint model 'polygon' loaded for trajectory optimization.
[INFO] [1783926632.325179115, 1443.218000000]: Footprint model 'polygon' loaded for trajectory optimization.
[INFO] [1783926632.922412303, 1443.814000000]: Footprint model 'polygon' loaded for trajectory optimization.
[INFO] [1783926636.155252355, 1447.042000000]: GOAL Reached!
[INFO] [1783926636.313567121, 1447.200000000]: Footprint model 'polygon' loaded for trajectory optimization.
[INFO] [1783926637.192462111, 1448.076000000]: Footprint model 'polygon' loaded for trajectory optimization.
[INFO] [1783926637.880982521, 1448.764000000]: Footprint model 'polygon' loaded for trajectory optimization.
[INFO] [1783926638.481079171, 1449.362000000]: Footprint model 'polygon' loaded for trajectory optimization.
[INFO] [1783926639.028946255, 1449.910000000]: Footprint model 'polygon' loaded for trajectory optimization.
[INFO] [1783926640.811570387, 1451.690000000]: GOAL Reached!
[INFO] [1783926640.958259865, 1451.836000000]: Footprint model 'polygon' loaded for trajectory optimization.
[INFO] [1783926641.842255535, 1452.716000000]: Footprint model 'polygon' loaded for trajectory optimization.
[INFO] [1783926642.482158657, 1453.356000000]: Footprint model 'polygon' loaded for trajectory optimization.
[INFO] [1783926643.128174840, 1454.000000000]: Footprint model 'polygon' loaded for trajectory optimization.
[INFO] [1783926643.830831091, 1454.702000000]: Footprint model 'polygon' loaded for trajectory optimization.
[INFO] [1783926645.958772873, 1456.828000000]: GOAL Reached!
[INFO] [1783926646.098494156, 1456.966000000]: Footprint model 'polygon' loaded for trajectory optimization.
[INFO] [1783926646.991377881, 1457.856000000]: Footprint model 'polygon' loaded for trajectory optimization.
[INFO] [1783926647.685526025, 1458.550000000]: Footprint model 'polygon' loaded for trajectory optimization.
[INFO] [1783926648.334938242, 1459.200000000]: Footprint model 'polygon' loaded for trajectory optimization.
[INFO] [1783926648.928554338, 1459.792000000]: Footprint model 'polygon' loaded for trajectory optimization.
[INFO] [1783926649.578840636, 1460.442000000]: Footprint model 'polygon' loaded for trajectory optimization.
[INFO] [1783926652.311771671, 1463.168000000]: GOAL Reached!
[INFO] [1783926652.445555905, 1463.302000000]: Footprint model 'polygon' loaded for trajectory optimization.
[INFO] [1783926653.340952274, 1464.198000000]: Footprint model 'polygon' loaded for trajectory optimization.
[INFO] [1783926654.036565019, 1464.888000000]: Footprint model 'polygon' loaded for trajectory optimization.
[INFO] [1783926654.734270982, 1465.584000000]: Footprint model 'polygon' loaded for trajectory optimization.
[INFO] [1783926655.382545807, 1466.232000000]: Footprint model 'polygon' loaded for trajectory optimization.
[INFO] [1783926656.030741095, 1466.878000000]: Footprint model 'polygon' loaded for trajectory optimization.
[INFO] [1783926656.727365049, 1467.574000000]: Footprint model 'polygon' loaded for trajectory optimization.
[INFO] [1783926662.964405413, 1473.802000000]: GOAL Reached!
[INFO] [1783926663.101118747, 1473.938000000]: Footprint model 'polygon' loaded for trajectory optimization.
[INFO] [1783926663.999091941, 1474.834000000]: Footprint model 'polygon' loaded for trajectory optimization.
[INFO] [1783926664.645988315, 1475.478000000]: Footprint model 'polygon' loaded for trajectory optimization.
[INFO] [1783926665.275719013, 1476.112000000]: Footprint model 'polygon' loaded for trajectory optimization.
[INFO] [1783926665.887801091, 1476.720000000]: Footprint model 'polygon' loaded for trajectory optimization.
[INFO] [1783926666.434207652, 1477.266000000]: Footprint model 'polygon' loaded for trajectory optimization.
[INFO] [1783926667.038710545, 1477.868000000]: Footprint model 'polygon' loaded for trajectory optimization.
[INFO] [1783926670.119078203, 1480.944000000]: GOAL Reached!
[INFO] [1783926670.268358724, 1481.092000000]: Footprint model 'polygon' loaded for trajectory optimization.
[INFO] [1783926671.152840127, 1481.976000000]: Footprint model 'polygon' loaded for trajectory optimization.
[INFO] [1783926671.744318515, 1482.564000000]: Footprint model 'polygon' loaded for trajectory optimization.
[INFO] [1783926672.440868346, 1483.262000000]: Footprint model 'polygon' loaded for trajectory optimization.
[INFO] [1783926673.091981108, 1483.910000000]: Footprint model 'polygon' loaded for trajectory optimization.
[INFO] [1783926674.771194647, 1485.588000000]: GOAL Reached!
[INFO] [1783926674.905828358, 1485.720000000]: Footprint model 'polygon' loaded for trajectory optimization.
[INFO] [1783926675.784436729, 1486.598000000]: Footprint model 'polygon' loaded for trajectory optimization.
[INFO] [1783926676.382850145, 1487.194000000]: Footprint model 'polygon' loaded for trajectory optimization.
[INFO] [1783926676.935470869, 1487.746000000]: Footprint model 'polygon' loaded for trajectory optimization.
[INFO] [1783926677.532251784, 1488.342000000]: Footprint model 'polygon' loaded for trajectory optimization.
[INFO] [1783926678.134533366, 1488.944000000]: Footprint model 'polygon' loaded for trajectory optimization.
[INFO] [1783926680.417243975, 1491.222000000]: GOAL Reached!
[INFO] [1783926680.557924037, 1491.362000000]: Footprint model 'polygon' loaded for trajectory optimization.
[INFO] [1783926681.433485912, 1492.236000000]: Footprint model 'polygon' loaded for trajectory optimization.
[INFO] [1783926681.983118002, 1492.784000000]: Footprint model 'polygon' loaded for trajectory optimization.
[INFO] [1783926682.581599304, 1493.384000000]: Footprint model 'polygon' loaded for trajectory optimization.
[INFO] [1783926683.230929397, 1494.030000000]: Footprint model 'polygon' loaded for trajectory optimization.
[INFO] [1783926683.881014420, 1494.680000000]: Footprint model 'polygon' loaded for trajectory optimization.
[INFO] [1783926686.457447966, 1497.256000000]: GOAL Reached!
[INFO] [1783926686.602087183, 1497.398000000]: Footprint model 'polygon' loaded for trajectory optimization.
[INFO] [1783926687.515043711, 1498.308000000]: Footprint model 'polygon' loaded for trajectory optimization.
[INFO] [1783926688.146531515, 1498.936000000]: Footprint model 'polygon' loaded for trajectory optimization.
[INFO] [1783926688.789479493, 1499.580000000]: Footprint model 'polygon' loaded for trajectory optimization.
[INFO] [1783926689.439212919, 1500.228000000]: Footprint model 'polygon' loaded for trajectory optimization.
[INFO] [1783926690.038673514, 1500.828000000]: Footprint model 'polygon' loaded for trajectory optimization.
[INFO] [1783926690.627558903, 1501.418000000]: Footprint model 'polygon' loaded for trajectory optimization.
[INFO] [1783926691.278796601, 1502.070000000]: Footprint model 'polygon' loaded for trajectory optimization.
[INFO] [1783926691.984469158, 1502.770000000]: Footprint model 'polygon' loaded for trajectory optimization.
[INFO] [1783926692.677490731, 1503.464000000]: Footprint model 'polygon' loaded for trajectory optimization.
[INFO] [1783926698.317760069, 1509.092000000]: GOAL Reached!
[INFO] [1783926698.466820810, 1509.242000000]: Footprint model 'polygon' loaded for trajectory optimization.
[INFO] [1783926699.365343430, 1510.136000000]: Footprint model 'polygon' loaded for trajectory optimization.
[INFO] [1783926700.053232318, 1510.824000000]: Footprint model 'polygon' loaded for trajectory optimization.
[INFO] [1783926700.606167443, 1511.374000000]: Footprint model 'polygon' loaded for trajectory optimization.
[INFO] [1783926701.255425387, 1512.024000000]: Footprint model 'polygon' loaded for trajectory optimization.
[INFO] [1783926701.852124585, 1512.620000000]: Footprint model 'polygon' loaded for trajectory optimization.
[INFO] [1783926702.562181923, 1513.328000000]: Footprint model 'polygon' loaded for trajectory optimization.
[INFO] [1783926705.487125603, 1516.248000000]: GOAL Reached!
[INFO] [1783926705.629453198, 1516.390000000]: Footprint model 'polygon' loaded for trajectory optimization.
[INFO] [1783926706.498416595, 1517.256000000]: Footprint model 'polygon' loaded for trajectory optimization.
[INFO] [1783926707.096575446, 1517.852000000]: Footprint model 'polygon' loaded for trajectory optimization.
[INFO] [1783926707.743456651, 1518.500000000]: Footprint model 'polygon' loaded for trajectory optimization.
[INFO] [1783926708.393067650, 1519.148000000]: Footprint model 'polygon' loaded for trajectory optimization.
[INFO] [1783926709.925429199, 1520.678000000]: GOAL Reached!
[INFO] [1783926710.082870904, 1520.836000000]: Footprint model 'polygon' loaded for trajectory optimization.
[INFO] [1783926710.943936966, 1521.694000000]: Footprint model 'polygon' loaded for trajectory optimization.
[INFO] [1783926711.543067523, 1522.294000000]: Footprint model 'polygon' loaded for trajectory optimization.
[INFO] [1783926712.149328362, 1522.896000000]: Footprint model 'polygon' loaded for trajectory optimization.
[INFO] [1783926712.797117898, 1523.544000000]: Footprint model 'polygon' loaded for trajectory optimization.
[INFO] [1783926713.397920227, 1524.144000000]: Footprint model 'polygon' loaded for trajectory optimization.
[INFO] [1783926715.680081986, 1526.422000000]: GOAL Reached!
[INFO] [1783926715.832149021, 1526.574000000]: Footprint model 'polygon' loaded for trajectory optimization.
[INFO] [1783926716.717895989, 1527.456000000]: Footprint model 'polygon' loaded for trajectory optimization.
[INFO] [1783926717.361359150, 1528.100000000]: Footprint model 'polygon' loaded for trajectory optimization.
[INFO] [1783926718.004184014, 1528.740000000]: Footprint model 'polygon' loaded for trajectory optimization.
[INFO] [1783926718.606887056, 1529.344000000]: Footprint model 'polygon' loaded for trajectory optimization.
[INFO] [1783926719.207374411, 1529.942000000]: Footprint model 'polygon' loaded for trajectory optimization.
[INFO] [1783926721.740293370, 1532.472000000]: GOAL Reached!
[INFO] [1783926721.881284671, 1532.612000000]: Footprint model 'polygon' loaded for trajectory optimization.
[INFO] [1783926722.786985453, 1533.514000000]: Footprint model 'polygon' loaded for trajectory optimization.
[INFO] [1783926723.414788860, 1534.144000000]: Footprint model 'polygon' loaded for trajectory optimization.
[INFO] [1783926724.023532102, 1534.748000000]: Footprint model 'polygon' loaded for trajectory optimization.
[INFO] [1783926724.671713267, 1535.396000000]: Footprint model 'polygon' loaded for trajectory optimization.
[INFO] [1783926725.371726525, 1536.094000000]: Footprint model 'polygon' loaded for trajectory optimization.
[INFO] [1783926725.919029413, 1536.640000000]: Footprint model 'polygon' loaded for trajectory optimization.
[INFO] [1783926731.503303570, 1542.218000000]: GOAL Reached!
[INFO] [1783926731.647135954, 1542.358000000]: Footprint model 'polygon' loaded for trajectory optimization.
[INFO] [1783926732.527839916, 1543.236000000]: Footprint model 'polygon' loaded for trajectory optimization.
[INFO] [1783926733.079775648, 1543.786000000]: Footprint model 'polygon' loaded for trajectory optimization.
[INFO] [1783926733.682439989, 1544.390000000]: Footprint model 'polygon' loaded for trajectory optimization.
[INFO] [1783926734.331131929, 1545.038000000]: Footprint model 'polygon' loaded for trajectory optimization.
[INFO] [1783926735.031266647, 1545.736000000]: Footprint model 'polygon' loaded for trajectory optimization.
[INFO] [1783926735.633061982, 1546.336000000]: Footprint model 'polygon' loaded for trajectory optimization.
[INFO] [1783926738.863709282, 1549.560000000]: GOAL Reached!
[INFO] [1783926738.997497722, 1549.694000000]: Footprint model 'polygon' loaded for trajectory optimization.
[INFO] [1783926739.880140240, 1550.576000000]: Footprint model 'polygon' loaded for trajectory optimization.
[INFO] [1783926740.438020784, 1551.136000000]: Footprint model 'polygon' loaded for trajectory optimization.
[INFO] [1783926741.082814683, 1551.780000000]: Footprint model 'polygon' loaded for trajectory optimization.
[INFO] [1783926741.635754627, 1552.328000000]: Footprint model 'polygon' loaded for trajectory optimization.
[INFO] [1783926743.517330167, 1554.206000000]: GOAL Reached!
[INFO] [1783926743.653620706, 1554.342000000]: Footprint model 'polygon' loaded for trajectory optimization.
[INFO] [1783926744.527742969, 1555.214000000]: Footprint model 'polygon' loaded for trajectory optimization.
[INFO] [1783926745.231246740, 1555.916000000]: Footprint model 'polygon' loaded for trajectory optimization.
[INFO] [1783926745.828247302, 1556.514000000]: Footprint model 'polygon' loaded for trajectory optimization.
[INFO] [1783926746.427786202, 1557.112000000]: Footprint model 'polygon' loaded for trajectory optimization.
[INFO] [1783926747.080174955, 1557.764000000]: Footprint model 'polygon' loaded for trajectory optimization.
[INFO] [1783926749.060446284, 1559.740000000]: GOAL Reached!
[INFO] [1783926749.205758676, 1559.884000000]: Footprint model 'polygon' loaded for trajectory optimization.
[INFO] [1783926750.079296432, 1560.756000000]: Footprint model 'polygon' loaded for trajectory optimization.
[INFO] [1783926750.734762211, 1561.412000000]: Footprint model 'polygon' loaded for trajectory optimization.
[INFO] [1783926751.383658375, 1562.058000000]: Footprint model 'polygon' loaded for trajectory optimization.
[INFO] [1783926752.033742808, 1562.706000000]: Footprint model 'polygon' loaded for trajectory optimization.
[INFO] [1783926752.682155129, 1563.354000000]: Footprint model 'polygon' loaded for trajectory optimization.
[INFO] [1783926755.315881366, 1565.982000000]: GOAL Reached!
[INFO] [1783926755.464271660, 1566.130000000]: Footprint model 'polygon' loaded for trajectory optimization.
[INFO] [1783926756.349558390, 1567.014000000]: Footprint model 'polygon' loaded for trajectory optimization.
[INFO] [1783926756.996171091, 1567.660000000]: Footprint model 'polygon' loaded for trajectory optimization.
[INFO] [1783926757.599170298, 1568.262000000]: Footprint model 'polygon' loaded for trajectory optimization.
[INFO] [1783926758.195170980, 1568.856000000]: Footprint model 'polygon' loaded for trajectory optimization.
[INFO] [1783926758.788383246, 1569.452000000]: Footprint model 'polygon' loaded for trajectory optimization.
[INFO] [1783926759.395595140, 1570.056000000]: Footprint model 'polygon' loaded for trajectory optimization.
[INFO] [1783926765.472146072, 1576.124000000]: GOAL Reached!
[INFO] [1783926765.619878694, 1576.272000000]: Footprint model 'polygon' loaded for trajectory optimization.
[INFO] [1783926766.506617894, 1577.154000000]: Footprint model 'polygon' loaded for trajectory optimization.
[INFO] [1783926767.207636492, 1577.854000000]: Footprint model 'polygon' loaded for trajectory optimization.
[INFO] [1783926767.890895981, 1578.538000000]: Footprint model 'polygon' loaded for trajectory optimization.
[INFO] [1783926768.501552412, 1579.146000000]: Footprint model 'polygon' loaded for trajectory optimization.
[INFO] [1783926769.203202305, 1579.846000000]: Footprint model 'polygon' loaded for trajectory optimization.
[INFO] [1783926769.751860562, 1580.394000000]: Footprint model 'polygon' loaded for trajectory optimization.
[INFO] [1783926772.731334436, 1583.368000000]: GOAL Reached!
[INFO] [1783926772.881623559, 1583.518000000]: Footprint model 'polygon' loaded for trajectory optimization.
[INFO] [1783926773.760035791, 1584.394000000]: Footprint model 'polygon' loaded for trajectory optimization.
[INFO] [1783926774.411055177, 1585.044000000]: Footprint model 'polygon' loaded for trajectory optimization.
[INFO] [1783926775.005630459, 1585.638000000]: Footprint model 'polygon' loaded for trajectory optimization.
[INFO] [1783926775.603969578, 1586.236000000]: Footprint model 'polygon' loaded for trajectory optimization.
[INFO] [1783926777.286427513, 1587.914000000]: GOAL Reached!
[INFO] [1783926777.437792728, 1588.066000000]: Footprint model 'polygon' loaded for trajectory optimization.
[INFO] [1783926778.312144299, 1588.938000000]: Footprint model 'polygon' loaded for trajectory optimization.
[INFO] [1783926778.906421341, 1589.530000000]: Footprint model 'polygon' loaded for trajectory optimization.
[INFO] [1783926779.467215927, 1590.090000000]: Footprint model 'polygon' loaded for trajectory optimization.
[INFO] [1783926780.066563284, 1590.688000000]: Footprint model 'polygon' loaded for trajectory optimization.
[INFO] [1783926780.662971076, 1591.284000000]: Footprint model 'polygon' loaded for trajectory optimization.
[INFO] [1783926783.047966660, 1593.664000000]: GOAL Reached!
[INFO] [1783926783.186761183, 1593.804000000]: Footprint model 'polygon' loaded for trajectory optimization.
[INFO] [1783926784.060614397, 1594.678000000]: Footprint model 'polygon' loaded for trajectory optimization.
[INFO] [1783926784.610521427, 1595.224000000]: Footprint model 'polygon' loaded for trajectory optimization.
[INFO] [1783926785.262691973, 1595.876000000]: Footprint model 'polygon' loaded for trajectory optimization.
[INFO] [1783926785.863809926, 1596.476000000]: Footprint model 'polygon' loaded for trajectory optimization.
[INFO] [1783926786.460165604, 1597.070000000]: Footprint model 'polygon' loaded for trajectory optimization.
[INFO] [1783926789.193751052, 1599.798000000]: GOAL Reached!
[INFO] [1783926789.337406477, 1599.944000000]: Footprint model 'polygon' loaded for trajectory optimization.
[INFO] [1783926790.255076409, 1600.860000000]: Footprint model 'polygon' loaded for trajectory optimization.
[INFO] [1783926790.936228197, 1601.542000000]: Footprint model 'polygon' loaded for trajectory optimization.
[INFO] [1783926791.589423643, 1602.192000000]: Footprint model 'polygon' loaded for trajectory optimization.
[INFO] [1783926792.188371012, 1602.788000000]: Footprint model 'polygon' loaded for trajectory optimization.
[INFO] [1783926792.791694329, 1603.390000000]: Footprint model 'polygon' loaded for trajectory optimization.
[INFO] [1783926793.396545741, 1603.996000000]: Footprint model 'polygon' loaded for trajectory optimization.
[INFO] [1783926798.375706954, 1608.964000000]: GOAL Reached!
[INFO] [1783926798.519284188, 1609.106000000]: Footprint model 'polygon' loaded for trajectory optimization.
[INFO] [1783926799.410099356, 1609.996000000]: Footprint model 'polygon' loaded for trajectory optimization.
[INFO] [1783926800.062517015, 1610.650000000]: Footprint model 'polygon' loaded for trajectory optimization.
[INFO] [1783926800.708068133, 1611.294000000]: Footprint model 'polygon' loaded for trajectory optimization.
[INFO] [1783926801.256715644, 1611.840000000]: Footprint model 'polygon' loaded for trajectory optimization.
[INFO] [1783926801.860107274, 1612.444000000]: Footprint model 'polygon' loaded for trajectory optimization.
[INFO] [1783926802.459054124, 1613.040000000]: Footprint model 'polygon' loaded for trajectory optimization.
[INFO] [1783926805.735658523, 1616.316000000]: GOAL Reached!
[INFO] [1783926805.887694686, 1616.468000000]: Footprint model 'polygon' loaded for trajectory optimization.
[INFO] [1783926806.756511057, 1617.332000000]: Footprint model 'polygon' loaded for trajectory optimization.
[INFO] [1783926807.306599993, 1617.882000000]: Footprint model 'polygon' loaded for trajectory optimization.
[INFO] [1783926807.911332826, 1618.484000000]: Footprint model 'polygon' loaded for trajectory optimization.
[INFO] [1783926808.515751045, 1619.088000000]: Footprint model 'polygon' loaded for trajectory optimization.
[INFO] [1783926810.389718189, 1620.958000000]: GOAL Reached!
[INFO] [1783926810.514574839, 1621.082000000]: Footprint model 'polygon' loaded for trajectory optimization.
[INFO] [1783926811.388992086, 1621.956000000]: Footprint model 'polygon' loaded for trajectory optimization.
[INFO] [1783926812.033673899, 1622.600000000]: Footprint model 'polygon' loaded for trajectory optimization.
[INFO] [1783926812.687174433, 1623.252000000]: Footprint model 'polygon' loaded for trajectory optimization.
[INFO] [1783926813.336969071, 1623.900000000]: Footprint model 'polygon' loaded for trajectory optimization.
[INFO] [1783926813.985810283, 1624.546000000]: Footprint model 'polygon' loaded for trajectory optimization.
[INFO] [1783926816.018167380, 1626.576000000]: GOAL Reached!
[INFO] [1783926816.167024473, 1626.724000000]: Footprint model 'polygon' loaded for trajectory optimization.
[INFO] [1783926817.039022871, 1627.594000000]: Footprint model 'polygon' loaded for trajectory optimization.
[INFO] [1783926817.646231916, 1628.200000000]: Footprint model 'polygon' loaded for trajectory optimization.
[INFO] [1783926818.242163378, 1628.794000000]: Footprint model 'polygon' loaded for trajectory optimization.
[INFO] [1783926818.836152182, 1629.386000000]: Footprint model 'polygon' loaded for trajectory optimization.
[INFO] [1783926819.438614979, 1629.992000000]: Footprint model 'polygon' loaded for trajectory optimization.
[INFO] [1783926821.572409843, 1632.122000000]: GOAL Reached!
[INFO] [1783926821.714138591, 1632.262000000]: Footprint model 'polygon' loaded for trajectory optimization.
[INFO] [1783926822.611386429, 1633.158000000]: Footprint model 'polygon' loaded for trajectory optimization.
[INFO] [1783926823.298757485, 1633.844000000]: Footprint model 'polygon' loaded for trajectory optimization.
[INFO] [1783926823.850339850, 1634.396000000]: Footprint model 'polygon' loaded for trajectory optimization.
[INFO] [1783926824.496395210, 1635.042000000]: Footprint model 'polygon' loaded for trajectory optimization.
[INFO] [1783926825.049233160, 1635.592000000]: Footprint model 'polygon' loaded for trajectory optimization.
[INFO] [1783926825.700052544, 1636.246000000]: Footprint model 'polygon' loaded for trajectory optimization.
[INFO] [1783926831.029711627, 1641.564000000]: GOAL Reached!
[INFO] [1783926831.165715226, 1641.700000000]: Footprint model 'polygon' loaded for trajectory optimization.
[INFO] [1783926832.062468039, 1642.594000000]: Footprint model 'polygon' loaded for trajectory optimization.
[INFO] [1783926832.711018421, 1643.240000000]: Footprint model 'polygon' loaded for trajectory optimization.
[INFO] [1783926833.359938761, 1643.888000000]: Footprint model 'polygon' loaded for trajectory optimization.
[INFO] [1783926834.013680685, 1644.542000000]: Footprint model 'polygon' loaded for trajectory optimization.
[INFO] [1783926834.658156803, 1645.184000000]: Footprint model 'polygon' loaded for trajectory optimization.
[INFO] [1783926835.361895711, 1645.886000000]: Footprint model 'polygon' loaded for trajectory optimization.
[INFO] [1783926838.389263962, 1648.908000000]: GOAL Reached!
[INFO] [1783926838.519559025, 1649.040000000]: Footprint model 'polygon' loaded for trajectory optimization.
[INFO] [1783926839.401164538, 1649.918000000]: Footprint model 'polygon' loaded for trajectory optimization.
[INFO] [1783926840.098205300, 1650.616000000]: Footprint model 'polygon' loaded for trajectory optimization.
[INFO] [1783926840.648172161, 1651.162000000]: Footprint model 'polygon' loaded for trajectory optimization.
[INFO] [1783926841.300416130, 1651.814000000]: Footprint model 'polygon' loaded for trajectory optimization.
[INFO] [1783926842.931159998, 1653.442000000]: GOAL Reached!
[INFO] [1783926843.074394947, 1653.584000000]: Footprint model 'polygon' loaded for trajectory optimization.
[INFO] [1783926843.964256392, 1654.474000000]: Footprint model 'polygon' loaded for trajectory optimization.
[INFO] [1783926844.648656190, 1655.158000000]: Footprint model 'polygon' loaded for trajectory optimization.
[INFO] [1783926845.298828863, 1655.808000000]: Footprint model 'polygon' loaded for trajectory optimization.
[INFO] [1783926845.902126021, 1656.408000000]: Footprint model 'polygon' loaded for trajectory optimization.
[INFO] [1783926846.510464766, 1657.014000000]: Footprint model 'polygon' loaded for trajectory optimization.
[INFO] [1783926848.284575521, 1658.786000000]: GOAL Reached!
[INFO] [1783926848.438670716, 1658.940000000]: Footprint model 'polygon' loaded for trajectory optimization.
[INFO] [1783926849.316252324, 1659.818000000]: Footprint model 'polygon' loaded for trajectory optimization.
[INFO] [1783926849.960274065, 1660.460000000]: Footprint model 'polygon' loaded for trajectory optimization.
[INFO] [1783926850.607369349, 1661.106000000]: Footprint model 'polygon' loaded for trajectory optimization.
[INFO] [1783926851.257493253, 1661.756000000]: Footprint model 'polygon' loaded for trajectory optimization.
[INFO] [1783926851.853580655, 1662.350000000]: Footprint model 'polygon' loaded for trajectory optimization.
[INFO] [1783926854.339807503, 1664.830000000]: GOAL Reached!
[INFO] [1783926854.491111261, 1664.982000000]: Footprint model 'polygon' loaded for trajectory optimization.
[INFO] [1783926855.385775045, 1665.876000000]: Footprint model 'polygon' loaded for trajectory optimization.
[INFO] [1783926856.042251754, 1666.530000000]: Footprint model 'polygon' loaded for trajectory optimization.
[INFO] [1783926856.639137970, 1667.126000000]: Footprint model 'polygon' loaded for trajectory optimization.
[INFO] [1783926857.290402318, 1667.776000000]: Footprint model 'polygon' loaded for trajectory optimization.
[INFO] [1783926857.931173454, 1668.416000000]: Footprint model 'polygon' loaded for trajectory optimization.
[INFO] [1783926858.534655818, 1669.016000000]: Footprint model 'polygon' loaded for trajectory optimization.
[INFO] [1783926865.019247984, 1675.490000000]: GOAL Reached!
[INFO] [1783926865.155106659, 1675.626000000]: Footprint model 'polygon' loaded for trajectory optimization.
[INFO] [1783926866.048074331, 1676.518000000]: Footprint model 'polygon' loaded for trajectory optimization.
[INFO] [1783926866.733137592, 1677.204000000]: Footprint model 'polygon' loaded for trajectory optimization.
[INFO] [1783926867.285259028, 1677.756000000]: Footprint model 'polygon' loaded for trajectory optimization.
[INFO] [1783926867.936384745, 1678.402000000]: Footprint model 'polygon' loaded for trajectory optimization.
[INFO] [1783926868.534380790, 1679.000000000]: Footprint model 'polygon' loaded for trajectory optimization.
[INFO] [1783926869.188526659, 1679.658000000]: Footprint model 'polygon' loaded for trajectory optimization.
[INFO] [1783926872.168317949, 1682.630000000]: GOAL Reached!
[INFO] [1783926872.308249032, 1682.768000000]: Footprint model 'polygon' loaded for trajectory optimization.
[INFO] [1783926873.196234490, 1683.656000000]: Footprint model 'polygon' loaded for trajectory optimization.
[INFO] [1783926873.839848633, 1684.296000000]: Footprint model 'polygon' loaded for trajectory optimization.
[INFO] [1783926874.437556841, 1684.894000000]: Footprint model 'polygon' loaded for trajectory optimization.
[INFO] [1783926875.085823230, 1685.542000000]: Footprint model 'polygon' loaded for trajectory optimization.
[INFO] [1783926876.817386344, 1687.270000000]: GOAL Reached!
[INFO] [1783926876.957919810, 1687.412000000]: Footprint model 'polygon' loaded for trajectory optimization.
[INFO] [1783926877.845191141, 1688.296000000]: Footprint model 'polygon' loaded for trajectory optimization.
[INFO] [1783926878.485387094, 1688.934000000]: Footprint model 'polygon' loaded for trajectory optimization.
[INFO] [1783926879.134151468, 1689.582000000]: Footprint model 'polygon' loaded for trajectory optimization.
[INFO] [1783926879.784165216, 1690.232000000]: Footprint model 'polygon' loaded for trajectory optimization.
[INFO] [1783926880.386500035, 1690.830000000]: Footprint model 'polygon' loaded for trajectory optimization.
[INFO] [1783926882.667760674, 1693.108000000]: GOAL Reached!
[INFO] [1783926882.817429141, 1693.258000000]: Footprint model 'polygon' loaded for trajectory optimization.
[INFO] [1783926883.697799819, 1694.136000000]: Footprint model 'polygon' loaded for trajectory optimization.
[INFO] [1783926884.295204820, 1694.734000000]: Footprint model 'polygon' loaded for trajectory optimization.
[INFO] [1783926884.848084939, 1695.286000000]: Footprint model 'polygon' loaded for trajectory optimization.
[INFO] [1783926885.499271383, 1695.934000000]: Footprint model 'polygon' loaded for trajectory optimization.
[INFO] [1783926886.097381056, 1696.532000000]: Footprint model 'polygon' loaded for trajectory optimization.
[INFO] [1783926889.129370427, 1699.558000000]: GOAL Reached!
[INFO] [1783926889.271507738, 1699.702000000]: Footprint model 'polygon' loaded for trajectory optimization.
[INFO] [1783926890.182275391, 1700.606000000]: Footprint model 'polygon' loaded for trajectory optimization.
[INFO] [1783926890.802420363, 1701.226000000]: Footprint model 'polygon' loaded for trajectory optimization.
[INFO] [1783926891.398494251, 1701.822000000]: Footprint model 'polygon' loaded for trajectory optimization.
[INFO] [1783926892.047174400, 1702.470000000]: Footprint model 'polygon' loaded for trajectory optimization.
[INFO] [1783926892.593635313, 1703.018000000]: Footprint model 'polygon' loaded for trajectory optimization.
[INFO] [1783926893.250517770, 1703.672000000]: Footprint model 'polygon' loaded for trajectory optimization.
[INFO] [1783926898.483665162, 1708.894000000]: GOAL Reached!
[INFO] [1783926898.622661961, 1709.032000000]: Footprint model 'polygon' loaded for trajectory optimization.
[INFO] [1783926899.511642737, 1709.920000000]: Footprint model 'polygon' loaded for trajectory optimization.
[INFO] [1783926900.057417540, 1710.466000000]: Footprint model 'polygon' loaded for trajectory optimization.
[INFO] [1783926900.709222471, 1711.118000000]: Footprint model 'polygon' loaded for trajectory optimization.
[INFO] [1783926901.359533521, 1711.764000000]: Footprint model 'polygon' loaded for trajectory optimization.
[INFO] [1783926901.956455159, 1712.360000000]: Footprint model 'polygon' loaded for trajectory optimization.
[INFO] [1783926902.558065407, 1712.960000000]: Footprint model 'polygon' loaded for trajectory optimization.
[INFO] [1783926905.639462445, 1716.038000000]: GOAL Reached!
[INFO] [1783926905.788876124, 1716.186000000]: Footprint model 'polygon' loaded for trajectory optimization.
[INFO] [1783926906.677627173, 1717.076000000]: Footprint model 'polygon' loaded for trajectory optimization.
[INFO] [1783926907.366667783, 1717.760000000]: Footprint model 'polygon' loaded for trajectory optimization.
[INFO] [1783926908.016141733, 1718.408000000]: Footprint model 'polygon' loaded for trajectory optimization.
[INFO] [1783926908.660233701, 1719.056000000]: Footprint model 'polygon' loaded for trajectory optimization.
[INFO] [1783926910.197165396, 1720.586000000]: GOAL Reached!
[INFO] [1783926910.335903220, 1720.726000000]: Footprint model 'polygon' loaded for trajectory optimization.
[INFO] [1783926911.222621647, 1721.614000000]: Footprint model 'polygon' loaded for trajectory optimization.
[INFO] [1783926911.867314320, 1722.254000000]: Footprint model 'polygon' loaded for trajectory optimization.
[INFO] [1783926912.512587875, 1722.898000000]: Footprint model 'polygon' loaded for trajectory optimization.
[INFO] [1783926913.218650610, 1723.602000000]: Footprint model 'polygon' loaded for trajectory optimization.
[INFO] [1783926915.348078967, 1725.730000000]: GOAL Reached!
[INFO] [1783926915.488783237, 1725.870000000]: Footprint model 'polygon' loaded for trajectory optimization.
[INFO] [1783926916.375514237, 1726.754000000]: Footprint model 'polygon' loaded for trajectory optimization.
[INFO] [1783926916.979013077, 1727.358000000]: Footprint model 'polygon' loaded for trajectory optimization.
[INFO] [1783926917.680278328, 1728.058000000]: Footprint model 'polygon' loaded for trajectory optimization.
[INFO] [1783926918.327491162, 1728.704000000]: Footprint model 'polygon' loaded for trajectory optimization.
[INFO] [1783926918.978367592, 1729.352000000]: Footprint model 'polygon' loaded for trajectory optimization.
[INFO] [1783926921.510772952, 1731.880000000]: GOAL Reached!
[INFO] [1783926921.654625306, 1732.024000000]: Footprint model 'polygon' loaded for trajectory optimization.
[INFO] [1783926922.529283292, 1732.898000000]: Footprint model 'polygon' loaded for trajectory optimization.
[INFO] [1783926923.233658216, 1733.600000000]: Footprint model 'polygon' loaded for trajectory optimization.
[INFO] [1783926923.819510459, 1734.184000000]: Footprint model 'polygon' loaded for trajectory optimization.
[INFO] [1783926924.415050445, 1734.782000000]: Footprint model 'polygon' loaded for trajectory optimization.
[INFO] [1783926924.980812343, 1735.346000000]: Footprint model 'polygon' loaded for trajectory optimization.
[INFO] [1783926925.579972071, 1735.944000000]: Footprint model 'polygon' loaded for trajectory optimization.
[INFO] [1783926926.224206242, 1736.588000000]: Footprint model 'polygon' loaded for trajectory optimization.
[INFO] [1783926926.783230287, 1737.144000000]: Footprint model 'polygon' loaded for trajectory optimization.
[INFO] [1783926932.664183064, 1743.014000000]: GOAL Reached!
[INFO] [1783926932.809570352, 1743.160000000]: Footprint model 'polygon' loaded for trajectory optimization.
[INFO] [1783926933.683629144, 1744.036000000]: Footprint model 'polygon' loaded for trajectory optimization.
[INFO] [1783926934.284319897, 1744.636000000]: Footprint model 'polygon' loaded for trajectory optimization.
[INFO] [1783926934.885379214, 1745.234000000]: Footprint model 'polygon' loaded for trajectory optimization.
[INFO] [1783926935.488308830, 1745.834000000]: Footprint model 'polygon' loaded for trajectory optimization.
[INFO] [1783926936.090776221, 1746.436000000]: Footprint model 'polygon' loaded for trajectory optimization.
[INFO] [1783926936.686756500, 1747.032000000]: Footprint model 'polygon' loaded for trajectory optimization.
[INFO] [1783926939.923648548, 1750.262000000]: GOAL Reached!
[INFO] [1783926940.062685138, 1750.402000000]: Footprint model 'polygon' loaded for trajectory optimization.
[INFO] [1783926940.948275189, 1751.286000000]: Footprint model 'polygon' loaded for trajectory optimization.
[INFO] [1783926941.643017230, 1751.980000000]: Footprint model 'polygon' loaded for trajectory optimization.
[INFO] [1783926942.298036839, 1752.632000000]: Footprint model 'polygon' loaded for trajectory optimization.
[INFO] [1783926942.944619199, 1753.278000000]: Footprint model 'polygon' loaded for trajectory optimization.
[INFO] [1783926944.577658635, 1754.908000000]: GOAL Reached!
[INFO] [1783926944.727323293, 1755.056000000]: Footprint model 'polygon' loaded for trajectory optimization.
[INFO] [1783926945.588532067, 1755.916000000]: Footprint model 'polygon' loaded for trajectory optimization.
[INFO] [1783926946.189458325, 1756.516000000]: Footprint model 'polygon' loaded for trajectory optimization.
[INFO] [1783926946.741319006, 1757.066000000]: Footprint model 'polygon' loaded for trajectory optimization.
[INFO] [1783926947.340363243, 1757.666000000]: Footprint model 'polygon' loaded for trajectory optimization.
[INFO] [1783926947.992560551, 1758.314000000]: Footprint model 'polygon' loaded for trajectory optimization.
[INFO] [1783926950.123774028, 1760.444000000]: GOAL Reached!
[INFO] [1783926950.277912369, 1760.600000000]: Footprint model 'polygon' loaded for trajectory optimization.
[INFO] [1783926951.155565530, 1761.474000000]: Footprint model 'polygon' loaded for trajectory optimization.
[INFO] [1783926951.716583904, 1762.034000000]: Footprint model 'polygon' loaded for trajectory optimization.
[INFO] [1783926952.311662841, 1762.630000000]: Footprint model 'polygon' loaded for trajectory optimization.
[INFO] [1783926952.915334946, 1763.230000000]: Footprint model 'polygon' loaded for trajectory optimization.
[INFO] [1783926953.514102801, 1763.828000000]: Footprint model 'polygon' loaded for trajectory optimization.
[INFO] [1783926956.193358363, 1766.504000000]: GOAL Reached!
[INFO] [1783926956.350549563, 1766.660000000]: Footprint model 'polygon' loaded for trajectory optimization.
[INFO] [1783926957.269702792, 1767.576000000]: Footprint model 'polygon' loaded for trajectory optimization.
[INFO] [1783926957.910641045, 1768.216000000]: Footprint model 'polygon' loaded for trajectory optimization.
[INFO] [1783926958.556891410, 1768.862000000]: Footprint model 'polygon' loaded for trajectory optimization.
[INFO] [1783926959.208344401, 1769.510000000]: Footprint model 'polygon' loaded for trajectory optimization.
[INFO] [1783926959.858030844, 1770.160000000]: Footprint model 'polygon' loaded for trajectory optimization.
[INFO] [1783926960.510232635, 1770.812000000]: Footprint model 'polygon' loaded for trajectory optimization.
[INFO] [1783926966.591800445, 1776.882000000]: GOAL Reached!
[INFO] [1783926966.737186234, 1777.028000000]: Footprint model 'polygon' loaded for trajectory optimization.
[INFO] [1783926967.626989785, 1777.916000000]: Footprint model 'polygon' loaded for trajectory optimization.
[INFO] [1783926968.179812641, 1778.468000000]: Footprint model 'polygon' loaded for trajectory optimization.
[INFO] [1783926968.835603415, 1779.122000000]: Footprint model 'polygon' loaded for trajectory optimization.
[INFO] [1783926969.477774773, 1779.762000000]: Footprint model 'polygon' loaded for trajectory optimization.
[INFO] [1783926970.084302088, 1780.366000000]: Footprint model 'polygon' loaded for trajectory optimization.
[INFO] [1783926970.686060131, 1780.968000000]: Footprint model 'polygon' loaded for trajectory optimization.
[INFO] [1783926974.061567449, 1784.338000000]: GOAL Reached!
[INFO] [1783926974.201102332, 1784.478000000]: Footprint model 'polygon' loaded for trajectory optimization.
[INFO] [1783926975.080995290, 1785.356000000]: Footprint model 'polygon' loaded for trajectory optimization.
[INFO] [1783926975.623742353, 1785.898000000]: Footprint model 'polygon' loaded for trajectory optimization.
[INFO] [1783926976.273979043, 1786.548000000]: Footprint model 'polygon' loaded for trajectory optimization.
[INFO] [1783926976.924976480, 1787.198000000]: Footprint model 'polygon' loaded for trajectory optimization.
[INFO] [1783926978.803055207, 1789.074000000]: GOAL Reached!
[INFO] [1783926978.949520730, 1789.218000000]: Footprint model 'polygon' loaded for trajectory optimization.
[INFO] [1783926979.831584564, 1790.098000000]: Footprint model 'polygon' loaded for trajectory optimization.
[INFO] [1783926980.525635822, 1790.792000000]: Footprint model 'polygon' loaded for trajectory optimization.
[INFO] [1783926981.067158058, 1791.332000000]: Footprint model 'polygon' loaded for trajectory optimization.
[INFO] [1783926981.729592879, 1791.994000000]: Footprint model 'polygon' loaded for trajectory optimization.
[INFO] [1783926982.374068619, 1792.636000000]: Footprint model 'polygon' loaded for trajectory optimization.
[INFO] [1783926984.258114553, 1794.518000000]: GOAL Reached!
[INFO] [1783926984.398279905, 1794.658000000]: Footprint model 'polygon' loaded for trajectory optimization.
[INFO] [1783926985.256309346, 1795.514000000]: Footprint model 'polygon' loaded for trajectory optimization.
[INFO] [1783926985.956069551, 1796.214000000]: Footprint model 'polygon' loaded for trajectory optimization.
[INFO] [1783926986.610188874, 1796.870000000]: Footprint model 'polygon' loaded for trajectory optimization.
[INFO] [1783926987.255602741, 1797.510000000]: Footprint model 'polygon' loaded for trajectory optimization.
[INFO] [1783926987.856677865, 1798.110000000]: Footprint model 'polygon' loaded for trajectory optimization.
[INFO] [1783926990.289486699, 1800.538000000]: GOAL Reached!
[INFO] [1783926990.418376627, 1800.666000000]: Footprint model 'polygon' loaded for trajectory optimization.
[INFO] [1783926991.305452097, 1801.552000000]: Footprint model 'polygon' loaded for trajectory optimization.
[INFO] [1783926992.015862736, 1802.260000000]: Footprint model 'polygon' loaded for trajectory optimization.
[INFO] [1783926992.709145586, 1802.954000000]: Footprint model 'polygon' loaded for trajectory optimization.
[INFO] [1783926993.364363495, 1803.608000000]: Footprint model 'polygon' loaded for trajectory optimization.
[INFO] [1783926994.013931900, 1804.256000000]: Footprint model 'polygon' loaded for trajectory optimization.
[INFO] [1783926994.662926026, 1804.904000000]: Footprint model 'polygon' loaded for trajectory optimization.
[INFO] [1783926995.263008072, 1805.502000000]: Footprint model 'polygon' loaded for trajectory optimization.
[INFO] [1783926995.864002201, 1806.104000000]: Footprint model 'polygon' loaded for trajectory optimization.
[INFO] [1783927001.747547832, 1811.974000000]: GOAL Reached!
[INFO] [1783927001.892625806, 1812.118000000]: Footprint model 'polygon' loaded for trajectory optimization.
[INFO] [1783927002.787042587, 1813.014000000]: Footprint model 'polygon' loaded for trajectory optimization.
[INFO] [1783927003.432551091, 1813.656000000]: Footprint model 'polygon' loaded for trajectory optimization.
[INFO] [1783927004.077413181, 1814.300000000]: Footprint model 'polygon' loaded for trajectory optimization.
[INFO] [1783927004.727814766, 1814.950000000]: Footprint model 'polygon' loaded for trajectory optimization.
[INFO] [1783927005.381257402, 1815.602000000]: Footprint model 'polygon' loaded for trajectory optimization.
[INFO] [1783927005.976050055, 1816.196000000]: Footprint model 'polygon' loaded for trajectory optimization.
[INFO] [1783927008.909405202, 1819.124000000]: GOAL Reached!
[INFO] [1783927009.058741286, 1819.272000000]: Footprint model 'polygon' loaded for trajectory optimization.
[INFO] [1783927009.938691686, 1820.154000000]: Footprint model 'polygon' loaded for trajectory optimization.
[INFO] [1783927010.636922187, 1820.850000000]: Footprint model 'polygon' loaded for trajectory optimization.
[INFO] [1783927011.342705349, 1821.552000000]: Footprint model 'polygon' loaded for trajectory optimization.
[INFO] [1783927011.990329479, 1822.198000000]: Footprint model 'polygon' loaded for trajectory optimization.
[INFO] [1783927013.569601697, 1823.776000000]: GOAL Reached!
[INFO] [1783927013.731384361, 1823.938000000]: Footprint model 'polygon' loaded for trajectory optimization.
[INFO] [1783927014.608321105, 1824.810000000]: Footprint model 'polygon' loaded for trajectory optimization.
[INFO] [1783927015.212360248, 1825.414000000]: Footprint model 'polygon' loaded for trajectory optimization.
[INFO] [1783927015.858846190, 1826.062000000]: Footprint model 'polygon' loaded for trajectory optimization.
[INFO] [1783927016.512223355, 1826.712000000]: Footprint model 'polygon' loaded for trajectory optimization.
[INFO] [1783927017.217852440, 1827.416000000]: Footprint model 'polygon' loaded for trajectory optimization.
[INFO] [1783927019.643422952, 1829.838000000]: GOAL Reached!
[INFO] [1783927019.786935198, 1829.980000000]: Footprint model 'polygon' loaded for trajectory optimization.
[INFO] [1783927020.682349893, 1830.874000000]: Footprint model 'polygon' loaded for trajectory optimization.
[INFO] [1783927021.321770193, 1831.512000000]: Footprint model 'polygon' loaded for trajectory optimization.
[INFO] [1783927021.972178494, 1832.160000000]: Footprint model 'polygon' loaded for trajectory optimization.
[INFO] [1783927022.617844330, 1832.806000000]: Footprint model 'polygon' loaded for trajectory optimization.
[INFO] [1783927023.217321214, 1833.404000000]: Footprint model 'polygon' loaded for trajectory optimization.
[INFO] [1783927025.699412636, 1835.882000000]: GOAL Reached!
[INFO] [1783927025.841135566, 1836.024000000]: Footprint model 'polygon' loaded for trajectory optimization.
[INFO] [1783927026.732188511, 1836.914000000]: Footprint model 'polygon' loaded for trajectory optimization.
[INFO] [1783927027.377893729, 1837.558000000]: Footprint model 'polygon' loaded for trajectory optimization.
[INFO] [1783927027.965624830, 1838.144000000]: Footprint model 'polygon' loaded for trajectory optimization.
[INFO] [1783927028.615231655, 1838.794000000]: Footprint model 'polygon' loaded for trajectory optimization.
[INFO] [1783927029.317068119, 1839.494000000]: Footprint model 'polygon' loaded for trajectory optimization.
[INFO] [1783927030.017365638, 1840.192000000]: Footprint model 'polygon' loaded for trajectory optimization.
[INFO] [1783927035.250005339, 1845.416000000]: GOAL Reached!
[INFO] [1783927035.397230792, 1845.562000000]: Footprint model 'polygon' loaded for trajectory optimization.
[INFO] [1783927036.273435332, 1846.438000000]: Footprint model 'polygon' loaded for trajectory optimization.
[INFO] [1783927036.973662187, 1847.136000000]: Footprint model 'polygon' loaded for trajectory optimization.
[INFO] [1783927037.670648547, 1847.830000000]: Footprint model 'polygon' loaded for trajectory optimization.
[INFO] [1783927038.321747802, 1848.482000000]: Footprint model 'polygon' loaded for trajectory optimization.
[INFO] [1783927038.925148992, 1849.084000000]: Footprint model 'polygon' loaded for trajectory optimization.
[INFO] [1783927039.521157138, 1849.680000000]: Footprint model 'polygon' loaded for trajectory optimization.
[INFO] [1783927042.301136443, 1852.454000000]: GOAL Reached!
[INFO] [1783927042.443426440, 1852.596000000]: Footprint model 'polygon' loaded for trajectory optimization.
[INFO] [1783927043.325769245, 1853.476000000]: Footprint model 'polygon' loaded for trajectory optimization.
[INFO] [1783927044.027568731, 1854.176000000]: Footprint model 'polygon' loaded for trajectory optimization.
[INFO] [1783927044.680140370, 1854.828000000]: Footprint model 'polygon' loaded for trajectory optimization.
[INFO] [1783927045.328679743, 1855.476000000]: Footprint model 'polygon' loaded for trajectory optimization.
[INFO] [1783927046.957324828, 1857.102000000]: GOAL Reached!
[INFO] [1783927047.099933566, 1857.242000000]: Footprint model 'polygon' loaded for trajectory optimization.
[INFO] [1783927047.972398308, 1858.114000000]: Footprint model 'polygon' loaded for trajectory optimization.
[INFO] [1783927048.670907289, 1858.812000000]: Footprint model 'polygon' loaded for trajectory optimization.
[INFO] [1783927049.378454196, 1859.516000000]: Footprint model 'polygon' loaded for trajectory optimization.
[INFO] [1783927050.077026426, 1860.214000000]: Footprint model 'polygon' loaded for trajectory optimization.
[INFO] [1783927052.108096089, 1862.242000000]: GOAL Reached!
[INFO] [1783927052.263035651, 1862.396000000]: Footprint model 'polygon' loaded for trajectory optimization.
[INFO] [1783927053.160697675, 1863.294000000]: Footprint model 'polygon' loaded for trajectory optimization.
[INFO] [1783927053.708396987, 1863.838000000]: Footprint model 'polygon' loaded for trajectory optimization.
[INFO] [1783927054.354696688, 1864.484000000]: Footprint model 'polygon' loaded for trajectory optimization.
[INFO] [1783927054.957985670, 1865.086000000]: Footprint model 'polygon' loaded for trajectory optimization.
[INFO] [1783927055.606790789, 1865.734000000]: Footprint model 'polygon' loaded for trajectory optimization.
[INFO] [1783927058.187227876, 1868.310000000]: GOAL Reached!
[INFO] [1783927058.331553866, 1868.454000000]: Footprint model 'polygon' loaded for trajectory optimization.
[INFO] [1783927059.211970713, 1869.334000000]: Footprint model 'polygon' loaded for trajectory optimization.
[INFO] [1783927060.086778479, 1870.206000000]: Footprint model 'polygon' loaded for trajectory optimization.
[INFO] [1783927060.965989429, 1871.082000000]: Footprint model 'polygon' loaded for trajectory optimization.
[INFO] [1783927061.655272844, 1871.770000000]: Footprint model 'polygon' loaded for trajectory optimization.
[INFO] [1783927062.248210635, 1872.364000000]: Footprint model 'polygon' loaded for trajectory optimization.
[INFO] [1783927062.809908319, 1872.922000000]: Footprint model 'polygon' loaded for trajectory optimization.
[INFO] [1783927063.409459081, 1873.522000000]: Footprint model 'polygon' loaded for trajectory optimization.
[INFO] [1783927064.999217709, 1875.108000000]: GOAL Reached!
[INFO] [1783927065.144635567, 1875.252000000]: Footprint model 'polygon' loaded for trajectory optimization.
[INFO] [1783927066.015921132, 1876.124000000]: Footprint model 'polygon' loaded for trajectory optimization.
[INFO] [1783927066.572437360, 1876.678000000]: Footprint model 'polygon' loaded for trajectory optimization.
[INFO] [1783927067.186611089, 1877.294000000]: Footprint model 'polygon' loaded for trajectory optimization.
[INFO] [1783927067.769817231, 1877.874000000]: Footprint model 'polygon' loaded for trajectory optimization.
[INFO] [1783927068.367578773, 1878.472000000]: Footprint model 'polygon' loaded for trajectory optimization.
[INFO] [1783927068.968244464, 1879.070000000]: Footprint model 'polygon' loaded for trajectory optimization.
[INFO] [1783927074.259472906, 1884.354000000]: GOAL Reached!
[INFO] [1783927074.414761102, 1884.508000000]: Footprint model 'polygon' loaded for trajectory optimization.
[INFO] [1783927075.312655268, 1885.404000000]: Footprint model 'polygon' loaded for trajectory optimization.
[INFO] [1783927075.995347393, 1886.086000000]: Footprint model 'polygon' loaded for trajectory optimization.
[INFO] [1783927076.594550028, 1886.682000000]: Footprint model 'polygon' loaded for trajectory optimization.
[INFO] [1783927077.146173371, 1887.232000000]: Footprint model 'polygon' loaded for trajectory optimization.
[INFO] [1783927077.798245904, 1887.884000000]: Footprint model 'polygon' loaded for trajectory optimization.
[INFO] [1783927078.399091255, 1888.484000000]: Footprint model 'polygon' loaded for trajectory optimization.
[INFO] [1783927081.439043336, 1891.518000000]: GOAL Reached!
[INFO] [1783927081.596695098, 1891.674000000]: Footprint model 'polygon' loaded for trajectory optimization.
[INFO] [1783927082.644448916, 1892.724000000]: Footprint model 'polygon' loaded for trajectory optimization.
[INFO] [1783927083.543861854, 1893.620000000]: Footprint model 'polygon' loaded for trajectory optimization.
[INFO] [1783927084.134745774, 1894.208000000]: Footprint model 'polygon' loaded for trajectory optimization.
[INFO] [1783927084.734198570, 1894.806000000]: Footprint model 'polygon' loaded for trajectory optimization.
[INFO] [1783927085.330945990, 1895.404000000]: Footprint model 'polygon' loaded for trajectory optimization.
[INFO] [1783927085.882757566, 1895.958000000]: Footprint model 'polygon' loaded for trajectory optimization.
[INFO] [1783927086.486546155, 1896.556000000]: Footprint model 'polygon' loaded for trajectory optimization.
[INFO] [1783927092.279369248, 1902.340000000]: GOAL Reached!
[INFO] [1783927092.417408018, 1902.478000000]: Footprint model 'polygon' loaded for trajectory optimization.
[INFO] [1783927093.308072781, 1903.366000000]: Footprint model 'polygon' loaded for trajectory optimization.
[INFO] [1783927093.949915655, 1904.008000000]: Footprint model 'polygon' loaded for trajectory optimization.
[INFO] [1783927094.602255804, 1904.658000000]: Footprint model 'polygon' loaded for trajectory optimization.
[INFO] [1783927095.197056045, 1905.252000000]: Footprint model 'polygon' loaded for trajectory optimization.
[INFO] [1783927095.799977748, 1905.854000000]: Footprint model 'polygon' loaded for trajectory optimization.
[INFO] [1783927096.401368525, 1906.456000000]: Footprint model 'polygon' loaded for trajectory optimization.
[INFO] [1783927099.543604403, 1909.590000000]: GOAL Reached!
[INFO] [1783927099.685714737, 1909.732000000]: Footprint model 'polygon' loaded for trajectory optimization.
[INFO] [1783927100.559795464, 1910.604000000]: Footprint model 'polygon' loaded for trajectory optimization.
[INFO] [1783927101.248726262, 1911.292000000]: Footprint model 'polygon' loaded for trajectory optimization.
[INFO] [1783927101.801062245, 1911.844000000]: Footprint model 'polygon' loaded for trajectory optimization.
[INFO] [1783927102.400247457, 1912.440000000]: Footprint model 'polygon' loaded for trajectory optimization.
[INFO] [1783927103.000392457, 1913.040000000]: Footprint model 'polygon' loaded for trajectory optimization.
[INFO] [1783927104.590913907, 1914.628000000]: GOAL Reached!
[INFO] [1783927104.745092079, 1914.782000000]: Footprint model 'polygon' loaded for trajectory optimization.
[INFO] [1783927105.819884155, 1915.854000000]: Footprint model 'polygon' loaded for trajectory optimization.
[INFO] [1783927106.689178932, 1916.722000000]: Footprint model 'polygon' loaded for trajectory optimization.
[INFO] [1783927107.289755592, 1917.322000000]: Footprint model 'polygon' loaded for trajectory optimization.
[INFO] [1783927107.838210321, 1917.868000000]: Footprint model 'polygon' loaded for trajectory optimization.
[INFO] [1783927108.488483818, 1918.518000000]: Footprint model 'polygon' loaded for trajectory optimization.
[INFO] [1783927109.090218600, 1919.116000000]: Footprint model 'polygon' loaded for trajectory optimization.
[INFO] [1783927110.831015880, 1920.856000000]: GOAL Reached!
[INFO] [1783927110.976490707, 1921.002000000]: Footprint model 'polygon' loaded for trajectory optimization.
[INFO] [1783927111.837392885, 1921.864000000]: Footprint model 'polygon' loaded for trajectory optimization.
[INFO] [1783927112.531683672, 1922.556000000]: Footprint model 'polygon' loaded for trajectory optimization.
[INFO] [1783927113.131931396, 1923.152000000]: Footprint model 'polygon' loaded for trajectory optimization.
[INFO] [1783927113.685870093, 1923.706000000]: Footprint model 'polygon' loaded for trajectory optimization.
[INFO] [1783927114.333683228, 1924.352000000]: Footprint model 'polygon' loaded for trajectory optimization.
[INFO] [1783927117.876437220, 1927.890000000]: GOAL Reached!
[INFO] [1783927118.018237555, 1928.030000000]: Footprint model 'polygon' loaded for trajectory optimization.
[INFO] [1783927118.891860110, 1928.902000000]: Footprint model 'polygon' loaded for trajectory optimization.
[INFO] [1783927119.442920790, 1929.452000000]: Footprint model 'polygon' loaded for trajectory optimization.
[INFO] [1783927120.096254210, 1930.104000000]: Footprint model 'polygon' loaded for trajectory optimization.
[INFO] [1783927120.646134625, 1930.652000000]: Footprint model 'polygon' loaded for trajectory optimization.
[INFO] [1783927121.293008066, 1931.302000000]: Footprint model 'polygon' loaded for trajectory optimization.
[INFO] [1783927121.849649876, 1931.854000000]: Footprint model 'polygon' loaded for trajectory optimization.
[INFO] [1783927127.543464042, 1937.538000000]: GOAL Reached!
[INFO] [1783927127.707733875, 1937.704000000]: Footprint model 'polygon' loaded for trajectory optimization.
[INFO] [1783927128.604274715, 1938.600000000]: Footprint model 'polygon' loaded for trajectory optimization.
[INFO] [1783927129.139635358, 1939.136000000]: Footprint model 'polygon' loaded for trajectory optimization.
[INFO] [1783927129.739276836, 1939.736000000]: Footprint model 'polygon' loaded for trajectory optimization.
[INFO] [1783927130.339474769, 1940.336000000]: Footprint model 'polygon' loaded for trajectory optimization.
[INFO] [1783927130.938971437, 1940.932000000]: Footprint model 'polygon' loaded for trajectory optimization.
[INFO] [1783927131.538978675, 1941.532000000]: Footprint model 'polygon' loaded for trajectory optimization.
[INFO] [1783927135.635890966, 1945.618000000]: GOAL Reached!
[INFO] [1783927135.782085077, 1945.764000000]: Footprint model 'polygon' loaded for trajectory optimization.
[INFO] [1783927136.639822637, 1946.622000000]: Footprint model 'polygon' loaded for trajectory optimization.
[INFO] [1783927137.235753924, 1947.214000000]: Footprint model 'polygon' loaded for trajectory optimization.
[INFO] [1783927137.795890064, 1947.774000000]: Footprint model 'polygon' loaded for trajectory optimization.
[INFO] [1783927138.395334696, 1948.372000000]: Footprint model 'polygon' loaded for trajectory optimization.
[INFO] [1783927139.044001507, 1949.020000000]: Footprint model 'polygon' loaded for trajectory optimization.
[INFO] [1783927141.397337714, 1951.370000000]: Footprint model 'polygon' loaded for trajectory optimization.
[INFO] [1783927144.489111037, 1954.454000000]: GOAL Reached!
[INFO] [1783927144.644420706, 1954.608000000]: Footprint model 'polygon' loaded for trajectory optimization.
[INFO] [1783927145.517641426, 1955.484000000]: Footprint model 'polygon' loaded for trajectory optimization.
[INFO] [1783927146.064021017, 1956.030000000]: Footprint model 'polygon' loaded for trajectory optimization.
[INFO] [1783927146.715212091, 1956.680000000]: Footprint model 'polygon' loaded for trajectory optimization.
[INFO] [1783927147.267309389, 1957.230000000]: Footprint model 'polygon' loaded for trajectory optimization.
[INFO] [1783927147.869984957, 1957.830000000]: Footprint model 'polygon' loaded for trajectory optimization.
[INFO] [1783927148.469548976, 1958.430000000]: Footprint model 'polygon' loaded for trajectory optimization.
[INFO] [1783927153.864885696, 1963.814000000]: GOAL Reached!
[INFO] [1783927154.005228985, 1963.954000000]: Footprint model 'polygon' loaded for trajectory optimization.
[INFO] [1783927154.874487424, 1964.822000000]: Footprint model 'polygon' loaded for trajectory optimization.
[INFO] [1783927155.482252646, 1965.428000000]: Footprint model 'polygon' loaded for trajectory optimization.
[INFO] [1783927156.077626426, 1966.024000000]: Footprint model 'polygon' loaded for trajectory optimization.
[INFO] [1783927156.683738262, 1966.628000000]: Footprint model 'polygon' loaded for trajectory optimization.
[INFO] [1783927157.279876985, 1967.222000000]: F[WARN] [1783927163.085222, 1973.018000]: training environment stop requested: adapter_close
schema_version: '1.0'
task: T12
status: passed
run_id: t12_residual_curriculum_fix_seed101
algorithm: RL-TEB-Eta-FullSafety
training_seed: 101
safety_mode: T12Safety
episode_count: 301
step_count: 2118
failure_count: 1
run_validation:
  valid: true
  run_id: t12_residual_curriculum_fix_seed101
  episode_count: 301
  step_count: 2118
  verified_checksum_count: 4
selected_checkpoint: /home/robot/robot_ws_base_rl/artifacts/t12/residual_curriculum_fix_pilot/runs/t12_residual_curriculum_fix_seed101/checkpoints/step_001000
evaluation_policy: checkpoint
selected_timesteps: 1000
passed: true
acceptance_override: true

[INFO] [1783925185.857917016]: Finished loading Gazebo ROS API Plugin.
[INFO] [1783925185.858735836]: waitForService: Service [/gazebo/set_physics_properties] has not been advertised, waiting...
[INFO] [1783925186.290432480]: waitForService: Service [/gazebo/set_physics_properties] is now available.
[INFO] [1783925186.330378112, 0.036000000]: Physics dynamic reconfigure ready.
[INFO] [1783925186.744184772, 0.374000000]: <initialOrientationAsReference> is unset, using default value of false to comply with REP 145 (world as orientation reference)
[INFO] [1783925186.744237858, 0.374000000]: <robotNamespace> set to: //
[INFO] [1783925186.744250898, 0.374000000]: <topicName> set to: imu/data
[INFO] [1783925186.744260777, 0.374000000]: <frameName> set to: imu_link
[INFO] [1783925186.744288564, 0.374000000]: <updateRateHZ> set to: 50
[INFO] [1783925186.744304393, 0.374000000]: <gaussianNoise> set to: 0
[INFO] [1783925186.744337189, 0.374000000]: <xyzOffset> set to: 0 0 0
[INFO] [1783925186.744374804, 0.374000000]: <rpyOffset> set to: 0 -0 0
[INFO] [1783925186.859050019, 0.374000000]: Laser Plugin: Using the 'robotNamespace' param: '/'
[INFO] [1783925186.859070344, 0.374000000]: Starting Laser Plugin (ns = /)
[INFO] [1783925186.859805810, 0.374000000]: Laser Plugin (ns = /)  <tf_prefix_>, set to ""
[INFO] [1783925186.963530667, 0.374000000]: M2 simulation-only Ackermann interface loaded; cmd_angle_instead_rotvel=false
ootprint model 'polygon' loaded for trajectory optimization.
[INFO] [1783927157.831178381, 1967.774000000]: Footprint model 'polygon' loaded for trajectory optimization.
[INFO] [1783927161.623890252, 1971.558000000]: GOAL Reached!
[INFO] [1783927161.781695312, 1971.716000000]: Footprint model 'polygon' loaded for trajectory optimization.
[INFO] [1783927163.174778007, 1973.108000000]: Footprint model 'polygon' loaded for trajectory optimization.
[INFO] [1783927163.216642785, 1973.150000000]: Footprint model 'polygon' loaded for trajectory optimization.
[31mWARNING: disk usage in log directory [/home/robot/.ros/log] is over 1GB.
It's recommended that you use the 'rosclean' command.[0m
WARNING: Package name "gazebo_ros_2Dmap_plugin" does not follow the naming conventions. It should start with a lower case letter and only contain lower case letters, digits, underscores, and dashes.
WARNING: Package name "gazebo_ros_2Dmap_plugin" does not follow the naming conventions. It should start with a lower case letter and only contain lower case letters, digits, underscores, and dashes.
[31m================================================================================REQUIRED process [t11_formal_run-6] has died!
process has finished cleanly
log file: /home/robot/.ros/log/90e2d226-7e86-11f1-91bc-3382cc4c3ed1/t11_formal_run-6*.log
Initiating shutdown!
================================================================================[0m
[1mprocess[t11_formal_run-6]: started with pid [962712][0m
[1m[spawn_m2-3] process has finished cleanly
log file: /home/robot/.ros/log/90e2d226-7e86-11f1-91bc-3382cc4c3ed1/spawn_m2-3*.log[0m
[t11_formal_run-6] killing on exit
[m2_robot_state_publisher-4] killing on exit
[move_base-5] killing on exit
[gazebo-2] killing on exit
[rosout-1] killing on exit
[master] killing on exit
shutting down processing monitor...
... shutting down processing monitor complete
[1mdone[0m
